Datetime,Timestamp,Open,High,Low,Close,VolumeNum,VolumeCurrency,VolumeQuote,KlineConfirm,Symbol
2021-03-23 17:00:00,1616490000000,17.5000000000,30.9500000000,17.5000000000,27.6000000000,223793.7103240000,6090778.0744902100,6090778.0744902100,1,DORA-USDT
2021-03-23 18:00:00,1616493600000,27.6000000000,27.8500000000,25.1800000000,26.0300000000,180522.0503800000,4750259.6366513995,4750259.6366513995,1,DORA-USDT
2021-03-23 19:00:00,1616497200000,26.1100000000,29.8800000000,25.0700000000,26.8700000000,277037.6473140000,7545712.6425464517,7545712.6425464517,1,DORA-USDT
2021-03-23 20:00:00,1616500800000,26.8600000000,27.0900000000,25.8400000000,26.2200000000,94703.2208320000,2510883.2892114902,2510883.2892114902,1,DORA-USDT
2021-03-23 21:00:00,1616504400000,26.2700000000,26.5200000000,24.7200000000,25.5700000000,105082.9022060000,2692856.0937627894,2692856.0937627894,1,DORA-USDT
2021-03-23 22:00:00,1616508000000,25.5400000000,25.7000000000,24.3700000000,24.4400000000,88859.5684190000,2229918.5239886600,2229918.5239886600,1,DORA-USDT
2021-03-23 23:00:00,1616511600000,24.3800000000,25.5500000000,23.7600000000,24.0600000000,125793.2196820000,3105204.4921622002,3105204.4921622002,1,DORA-USDT
2021-03-24 00:00:00,1616515200000,24.1900000000,24.7700000000,23.6800000000,23.8600000000,83861.5816450000,2036293.1547467001,2036293.1547467001,1,DORA-USDT
2021-03-24 01:00:00,1616518800000,23.8600000000,24.1300000000,22.0000000000,23.7000000000,121768.1438040000,2796563.3905056100,2796563.3905056100,1,DORA-USDT
2021-03-24 02:00:00,1616522400000,23.7000000000,23.8800000000,22.2900000000,22.4500000000,77428.6028660000,1772184.0356194000,1772184.0356194000,1,DORA-USDT
2021-03-24 03:00:00,1616526000000,22.4600000000,22.8600000000,22.3900000000,22.7300000000,25225.2450660000,571676.0995452700,571676.0995452700,1,DORA-USDT
2021-03-24 04:00:00,1616529600000,22.7300000000,22.9800000000,21.0000000000,21.2600000000,81671.4546570000,1801933.2676145900,1801933.2676145900,1,DORA-USDT
2021-03-24 05:00:00,1616533200000,21.2700000000,22.1200000000,21.1500000000,21.3500000000,48043.9525550000,1033010.1096470500,1033010.1096470500,1,DORA-USDT
2021-03-24 06:00:00,1616536800000,21.3600000000,23.2200000000,20.9700000000,21.2700000000,204812.4611750000,4497210.4819794400,4497210.4819794400,1,DORA-USDT
2021-03-24 07:00:00,1616540400000,21.2500000000,21.5200000000,20.0000000000,20.5000000000,202835.2331790000,4191164.8585235504,4191164.8585235504,1,DORA-USDT
2021-03-24 08:00:00,1616544000000,20.5000000000,21.2100000000,20.0000000000,20.7000000000,125018.8672260000,2567212.4197979802,2567212.4197979802,1,DORA-USDT
2021-03-24 09:00:00,1616547600000,20.7000000000,20.8100000000,19.5000000000,20.2600000000,112317.3851910000,2248611.3306173198,2248611.3306173198,1,DORA-USDT
2021-03-24 10:00:00,1616551200000,20.2700000000,20.9600000000,19.7000000000,20.1000000000,102427.6153600000,2071307.3991324001,2071307.3991324001,1,DORA-USDT
2021-03-24 11:00:00,1616554800000,20.1400000000,20.5100000000,19.4000000000,20.2500000000,79674.1479780000,1591252.6755364900,1591252.6755364900,1,DORA-USDT
2021-03-24 12:00:00,1616558400000,20.2400000000,20.3900000000,19.3500000000,19.8000000000,85282.0553860000,1681799.4069667400,1681799.4069667400,1,DORA-USDT
2021-03-24 13:00:00,1616562000000,19.8100000000,19.8400000000,19.0000000000,19.3900000000,62059.5774860000,1201180.9241644600,1201180.9241644600,1,DORA-USDT
2021-03-24 14:00:00,1616565600000,19.3600000000,19.6800000000,19.1000000000,19.3500000000,57002.5878860000,1106532.4156227501,1106532.4156227501,1,DORA-USDT
2021-03-24 15:00:00,1616569200000,19.3500000000,20.3000000000,19.1000000000,19.8000000000,105531.8308890000,2090477.1776135697,2090477.1776135697,1,DORA-USDT
2021-03-24 16:00:00,1616572800000,19.7900000000,20.6900000000,19.7600000000,20.3500000000,87256.4158590000,1752153.1683501101,1752153.1683501101,1,DORA-USDT
2021-03-24 17:00:00,1616576400000,20.3400000000,21.1300000000,20.2300000000,20.3800000000,115883.4372790000,2392483.6571827498,2392483.6571827498,1,DORA-USDT
2021-03-24 18:00:00,1616580000000,20.4000000000,22.4500000000,18.4900000000,19.1500000000,227711.7820990000,4722013.9590501292,4722013.9590501292,1,DORA-USDT
2021-03-24 19:00:00,1616583600000,19.1900000000,19.3200000000,16.0500000000,17.2400000000,285299.2907330000,5091640.3651341395,5091640.3651341395,1,DORA-USDT
2021-03-24 20:00:00,1616587200000,17.2600000000,17.8200000000,17.1600000000,17.3100000000,75524.2202120000,1313009.0835116000,1313009.0835116000,1,DORA-USDT
2021-03-24 21:00:00,1616590800000,17.3000000000,18.0000000000,17.1900000000,17.6700000000,112673.5856320000,1984474.0688511697,1984474.0688511697,1,DORA-USDT
2021-03-24 22:00:00,1616594400000,17.6800000000,18.4700000000,17.6800000000,18.0900000000,100094.3372110000,1811155.7841765697,1811155.7841765697,1,DORA-USDT
2021-03-24 23:00:00,1616598000000,18.1000000000,18.2000000000,17.3000000000,17.5900000000,100052.7374210000,1770416.7957154100,1770416.7957154100,1,DORA-USDT
2021-03-25 00:00:00,1616601600000,17.5900000000,19.5500000000,17.4000000000,18.8500000000,165014.4274160000,3075785.9822433800,3075785.9822433800,1,DORA-USDT
2021-03-25 01:00:00,1616605200000,18.8500000000,19.2900000000,18.0400000000,18.1800000000,82239.7789080000,1522064.0826062299,1522064.0826062299,1,DORA-USDT
2021-03-25 02:00:00,1616608800000,18.1800000000,18.7400000000,18.0700000000,18.5200000000,38560.4889420000,712639.4182661400,712639.4182661400,1,DORA-USDT
2021-03-25 03:00:00,1616612400000,18.5100000000,18.5900000000,18.0700000000,18.4100000000,42181.4998800000,773070.5934612900,773070.5934612900,1,DORA-USDT
2021-03-25 04:00:00,1616616000000,18.4100000000,18.4900000000,17.6700000000,17.7200000000,55482.1944190000,1002431.1878893800,1002431.1878893800,1,DORA-USDT
2021-03-25 05:00:00,1616619600000,17.7000000000,18.0000000000,17.6000000000,17.6200000000,33013.3440260000,587791.7379806300,587791.7379806300,1,DORA-USDT
2021-03-25 06:00:00,1616623200000,17.6500000000,17.7700000000,16.7000000000,16.7800000000,57110.5226760000,991597.2921644900,991597.2921644900,1,DORA-USDT
2021-03-25 07:00:00,1616626800000,16.7900000000,17.2000000000,16.7100000000,16.9000000000,49479.6075890000,839255.7255133000,839255.7255133000,1,DORA-USDT
2021-03-25 08:00:00,1616630400000,16.8800000000,17.0900000000,15.8000000000,16.4800000000,131572.6324910000,2162614.6655083690,2162614.6655083690,1,DORA-USDT
2021-03-25 09:00:00,1616634000000,16.4800000000,17.2400000000,16.2900000000,16.3500000000,85242.9408030000,1437562.3645537901,1437562.3645537901,1,DORA-USDT
2021-03-25 10:00:00,1616637600000,16.3600000000,16.9300000000,16.0000000000,16.9300000000,79215.3723460000,1303213.8941257801,1303213.8941257801,1,DORA-USDT
2021-03-25 11:00:00,1616641200000,16.9300000000,17.2200000000,16.7100000000,16.8700000000,43039.8261980000,728532.9175450900,728532.9175450900,1,DORA-USDT
2021-03-25 12:00:00,1616644800000,16.8700000000,16.9500000000,16.2300000000,16.7500000000,63695.0331000000,1063814.3935636200,1063814.3935636200,1,DORA-USDT
2021-03-25 13:00:00,1616648400000,16.7300000000,18.5200000000,16.7000000000,18.1200000000,114214.8019700000,2019111.6634329101,2019111.6634329101,1,DORA-USDT
2021-03-25 14:00:00,1616652000000,18.1000000000,18.8800000000,17.5500000000,18.4800000000,120350.7094610000,2185115.9569840101,2185115.9569840101,1,DORA-USDT
2021-03-25 15:00:00,1616655600000,18.4700000000,18.4900000000,16.7100000000,17.1900000000,104419.8436480000,1817725.7305618201,1817725.7305618201,1,DORA-USDT
2021-03-25 16:00:00,1616659200000,17.1900000000,17.4500000000,16.7400000000,17.4500000000,59149.0311310000,1006135.4888348400,1006135.4888348400,1,DORA-USDT
2021-03-25 17:00:00,1616662800000,17.4600000000,17.7000000000,17.0800000000,17.4800000000,95830.8711470000,1667721.4142076001,1667721.4142076001,1,DORA-USDT
2021-03-25 18:00:00,1616666400000,17.4800000000,18.5200000000,17.3700000000,18.2300000000,116514.8078650000,2106654.4783371999,2106654.4783371999,1,DORA-USDT
2021-03-25 19:00:00,1616670000000,18.2200000000,18.5000000000,17.6000000000,17.7800000000,80695.7140390000,1458173.5331065401,1458173.5331065401,1,DORA-USDT
2021-03-25 20:00:00,1616673600000,17.7700000000,17.8100000000,16.0000000000,17.1100000000,144638.8721030000,2470862.1156709902,2470862.1156709902,1,DORA-USDT
2021-03-25 21:00:00,1616677200000,17.1000000000,17.5000000000,16.5200000000,17.0100000000,108403.8958350000,1841395.0698908300,1841395.0698908300,1,DORA-USDT
2021-03-25 22:00:00,1616680800000,17.0100000000,17.3000000000,16.8100000000,17.1300000000,42647.7892540000,726601.6359143700,726601.6359143700,1,DORA-USDT
2021-03-25 23:00:00,1616684400000,17.1400000000,17.3000000000,16.5800000000,16.9300000000,57632.7692210000,976460.0011735200,976460.0011735200,1,DORA-USDT
2021-03-26 00:00:00,1616688000000,16.9300000000,17.1300000000,16.5000000000,17.1200000000,68532.6243770000,1154921.2641164800,1154921.2641164800,1,DORA-USDT
2021-03-26 01:00:00,1616691600000,17.1200000000,17.1300000000,16.1000000000,16.5400000000,84564.9226590000,1405163.5962133300,1405163.5962133300,1,DORA-USDT
2021-03-26 02:00:00,1616695200000,16.5400000000,16.9900000000,16.2000000000,16.3400000000,64275.9190500000,1063068.3519736801,1063068.3519736801,1,DORA-USDT
2021-03-26 03:00:00,1616698800000,16.4000000000,17.7000000000,16.3100000000,17.5900000000,76191.4590120000,1297410.9826952501,1297410.9826952501,1,DORA-USDT
2021-03-26 04:00:00,1616702400000,17.5800000000,17.6000000000,17.0000000000,17.0200000000,59162.6053230000,1025366.5861346900,1025366.5861346900,1,DORA-USDT
2021-03-26 05:00:00,1616706000000,17.0100000000,17.9800000000,17.0000000000,17.7200000000,67168.4708290000,1170379.5084052500,1170379.5084052500,1,DORA-USDT
2021-03-26 06:00:00,1616709600000,17.7100000000,18.0000000000,17.0100000000,17.0800000000,94646.9150700000,1647480.2962732899,1647480.2962732899,1,DORA-USDT
2021-03-26 07:00:00,1616713200000,17.0800000000,17.9000000000,17.0700000000,17.5100000000,71526.8832620000,1252880.9256837100,1252880.9256837100,1,DORA-USDT
2021-03-26 08:00:00,1616716800000,17.5000000000,17.5000000000,17.2000000000,17.3300000000,53577.5716090000,927555.6713223300,927555.6713223300,1,DORA-USDT
2021-03-26 09:00:00,1616720400000,17.3300000000,18.1800000000,17.3000000000,18.0000000000,52426.6969000000,933517.6474945000,933517.6474945000,1,DORA-USDT
2021-03-26 10:00:00,1616724000000,18.0100000000,18.8800000000,17.9700000000,18.4000000000,60135.7204840000,1107694.8335917201,1107694.8335917201,1,DORA-USDT
2021-03-26 11:00:00,1616727600000,18.3900000000,20.4500000000,18.1200000000,20.4400000000,123421.7916660000,2376796.2112835799,2376796.2112835799,1,DORA-USDT
2021-03-26 12:00:00,1616731200000,20.4300000000,21.7800000000,19.1400000000,21.1100000000,178054.3617880000,3664000.7564885695,3664000.7564885695,1,DORA-USDT
2021-03-26 13:00:00,1616734800000,21.1400000000,21.2700000000,20.0900000000,20.7200000000,79879.2825560000,1655633.0234874201,1655633.0234874201,1,DORA-USDT
2021-03-26 14:00:00,1616738400000,20.6500000000,21.3000000000,20.6100000000,21.2100000000,29727.0784370000,625122.2531651600,625122.2531651600,1,DORA-USDT
2021-03-26 15:00:00,1616742000000,21.2000000000,21.2000000000,20.5400000000,20.6200000000,49546.9667430000,1030602.0111918300,1030602.0111918300,1,DORA-USDT
2021-03-26 16:00:00,1616745600000,20.6300000000,21.3000000000,20.5800000000,20.8300000000,51421.7778170000,1071976.0267103100,1071976.0267103100,1,DORA-USDT
2021-03-26 17:00:00,1616749200000,20.8300000000,22.9500000000,20.7600000000,22.9300000000,114556.4529490000,2521307.1114649801,2521307.1114649801,1,DORA-USDT
2021-03-26 18:00:00,1616752800000,22.9400000000,23.1000000000,21.1000000000,21.5600000000,131819.7515250000,2913825.6056464701,2913825.6056464701,1,DORA-USDT
2021-03-26 19:00:00,1616756400000,21.5600000000,22.2000000000,20.9900000000,21.0600000000,85402.3648490000,1817623.4558009601,1817623.4558009601,1,DORA-USDT
2021-03-26 20:00:00,1616760000000,21.0700000000,23.1000000000,21.0400000000,22.5800000000,145565.2802130000,3227794.0614689598,3227794.0614689598,1,DORA-USDT
2021-03-26 21:00:00,1616763600000,22.6100000000,25.5000000000,22.6100000000,25.3900000000,136218.1206520000,3328864.4823004799,3328864.4823004799,1,DORA-USDT
2021-03-26 22:00:00,1616767200000,25.4000000000,25.4300000000,23.5500000000,24.4100000000,200961.5123990000,4956982.2727632802,4956982.2727632802,1,DORA-USDT
2021-03-26 23:00:00,1616770800000,24.4200000000,24.6000000000,22.7000000000,23.2400000000,124465.3413010000,2931471.8554980801,2931471.8554980801,1,DORA-USDT
2021-03-27 00:00:00,1616774400000,23.3200000000,25.0200000000,21.8100000000,25.0200000000,170284.5689950000,3951881.4511668710,3951881.4511668710,1,DORA-USDT
2021-03-27 01:00:00,1616778000000,25.0300000000,26.5000000000,22.6900000000,26.5000000000,155962.1921500000,3813641.1233920311,3813641.1233920311,1,DORA-USDT
2021-03-27 02:00:00,1616781600000,26.5400000000,26.6000000000,25.4900000000,26.1400000000,77917.0814440000,2034424.1728400600,2034424.1728400600,1,DORA-USDT
2021-03-27 03:00:00,1616785200000,26.1400000000,26.1400000000,24.0000000000,24.8600000000,162467.6138980000,4033256.1605802295,4033256.1605802295,1,DORA-USDT
2021-03-27 04:00:00,1616788800000,24.8600000000,24.9300000000,24.0700000000,24.6600000000,55686.8199810000,1367986.4508201601,1367986.4508201601,1,DORA-USDT
2021-03-27 05:00:00,1616792400000,24.6500000000,25.4800000000,24.3100000000,25.3100000000,87081.0588030000,2166852.3945711502,2166852.3945711502,1,DORA-USDT
2021-03-27 06:00:00,1616796000000,25.3200000000,26.0100000000,25.2600000000,25.2700000000,59899.4886970000,1531613.7594127301,1531613.7594127301,1,DORA-USDT
2021-03-27 07:00:00,1616799600000,25.2500000000,25.9500000000,24.3100000000,24.8400000000,107265.2115880000,2671443.7766463300,2671443.7766463300,1,DORA-USDT
2021-03-27 08:00:00,1616803200000,24.8400000000,26.5000000000,24.8000000000,25.9600000000,96319.3842960000,2451678.2315897294,2451678.2315897294,1,DORA-USDT
2021-03-27 09:00:00,1616806800000,25.9600000000,30.0000000000,25.0000000000,28.8000000000,220540.9975580000,6151997.4395730095,6151997.4395730095,1,DORA-USDT
2021-03-27 10:00:00,1616810400000,29.0000000000,29.5000000000,27.5500000000,28.5800000000,144386.8877520000,4138950.5206335695,4138950.5206335695,1,DORA-USDT
2021-03-27 11:00:00,1616814000000,28.5700000000,28.7000000000,27.3100000000,27.7600000000,93766.9597000000,2610071.1008522799,2610071.1008522799,1,DORA-USDT
2021-03-27 12:00:00,1616817600000,27.7600000000,28.3700000000,26.5800000000,27.2200000000,106571.5166570000,2918157.8772080601,2918157.8772080601,1,DORA-USDT
2021-03-27 13:00:00,1616821200000,27.2500000000,27.3600000000,25.8000000000,25.9700000000,103376.8471670000,2746055.3485883898,2746055.3485883898,1,DORA-USDT
2021-03-27 14:00:00,1616824800000,25.9600000000,28.0000000000,25.9300000000,26.8400000000,112720.2120670000,3038231.4337407202,3038231.4337407202,1,DORA-USDT
2021-03-27 15:00:00,1616828400000,26.8300000000,28.0000000000,26.3700000000,26.8800000000,83274.5869220000,2264725.3005402298,2264725.3005402298,1,DORA-USDT
2021-03-27 16:00:00,1616832000000,26.8400000000,27.3700000000,26.0400000000,26.6500000000,86544.9058390000,2309215.3231995599,2309215.3231995599,1,DORA-USDT
2021-03-27 17:00:00,1616835600000,26.6900000000,27.2700000000,26.6800000000,26.7300000000,68035.4673230000,1834783.1646154500,1834783.1646154500,1,DORA-USDT
2021-03-27 18:00:00,1616839200000,26.7300000000,27.5000000000,26.7000000000,26.9600000000,50465.3031140000,1361323.7868001300,1361323.7868001300,1,DORA-USDT
2021-03-27 19:00:00,1616842800000,26.9500000000,28.4800000000,26.6900000000,27.7800000000,92490.5047610000,2541131.4782726802,2541131.4782726802,1,DORA-USDT
2021-03-27 20:00:00,1616846400000,27.6900000000,28.0000000000,24.5700000000,24.9800000000,141986.2371270000,3694205.4613252999,3694205.4613252999,1,DORA-USDT
2021-03-27 21:00:00,1616850000000,24.9800000000,25.6300000000,23.4000000000,25.4300000000,122874.3968100000,3075001.0432913890,3075001.0432913890,1,DORA-USDT
2021-03-27 22:00:00,1616853600000,25.4600000000,26.5800000000,25.0000000000,26.2100000000,79736.0401720000,2064415.1061903301,2064415.1061903301,1,DORA-USDT
2021-03-27 23:00:00,1616857200000,26.2200000000,26.5200000000,24.9000000000,25.7900000000,62463.8343680000,1612547.5947229899,1612547.5947229899,1,DORA-USDT
2021-03-28 00:00:00,1616860800000,25.7900000000,25.8700000000,24.3400000000,24.7400000000,90895.5048500000,2269643.9510016101,2269643.9510016101,1,DORA-USDT
2021-03-28 01:00:00,1616864400000,24.7400000000,24.9900000000,23.9200000000,24.7700000000,61253.3535010000,1502600.8010566200,1502600.8010566200,1,DORA-USDT
2021-03-28 02:00:00,1616868000000,24.7600000000,25.0800000000,23.8100000000,24.2000000000,65495.4280850000,1611614.8886960801,1611614.8886960801,1,DORA-USDT
2021-03-28 03:00:00,1616871600000,24.2000000000,25.4900000000,24.0100000000,24.9000000000,52369.1768000000,1298629.1213119200,1298629.1213119200,1,DORA-USDT
2021-03-28 04:00:00,1616875200000,24.9200000000,25.0000000000,24.0200000000,24.4900000000,40857.4412440000,1003898.6518128300,1003898.6518128300,1,DORA-USDT
2021-03-28 05:00:00,1616878800000,24.5300000000,25.0500000000,24.3500000000,24.6700000000,61028.0170800000,1510559.5325550700,1510559.5325550700,1,DORA-USDT
2021-03-28 06:00:00,1616882400000,24.6900000000,24.7600000000,23.7800000000,24.1100000000,63750.9880150000,1543364.7598385699,1543364.7598385699,1,DORA-USDT
2021-03-28 07:00:00,1616886000000,24.1200000000,24.6400000000,24.0000000000,24.2500000000,41734.3914930000,1012165.3734914100,1012165.3734914100,1,DORA-USDT
2021-03-28 08:00:00,1616889600000,24.2500000000,24.9200000000,23.9900000000,24.0600000000,52678.0122240000,1282372.4211543901,1282372.4211543901,1,DORA-USDT
2021-03-28 09:00:00,1616893200000,24.0700000000,25.9200000000,24.0100000000,25.7800000000,74241.2757190000,1845954.1718106300,1845954.1718106300,1,DORA-USDT
2021-03-28 10:00:00,1616896800000,25.8000000000,27.0200000000,25.7800000000,26.2500000000,133058.6838170000,3507318.4009483801,3507318.4009483801,1,DORA-USDT
2021-03-28 11:00:00,1616900400000,26.2900000000,26.3000000000,25.2000000000,25.7100000000,116967.2136670000,3015395.9364452902,3015395.9364452902,1,DORA-USDT
2021-03-28 12:00:00,1616904000000,25.6100000000,25.9100000000,24.7400000000,25.2000000000,71721.5503390000,1808680.7844216097,1808680.7844216097,1,DORA-USDT
2021-03-28 13:00:00,1616907600000,25.2100000000,25.7100000000,24.5900000000,25.2700000000,66862.6803140000,1670648.4282010801,1670648.4282010801,1,DORA-USDT
2021-03-28 14:00:00,1616911200000,25.2700000000,25.6600000000,24.7200000000,25.1100000000,57064.7337680000,1436316.0625537101,1436316.0625537101,1,DORA-USDT
2021-03-28 15:00:00,1616914800000,25.1100000000,25.4600000000,24.7000000000,25.0300000000,51670.3827940000,1292600.2402527500,1292600.2402527500,1,DORA-USDT
2021-03-28 16:00:00,1616918400000,25.0300000000,25.2600000000,24.6900000000,25.1000000000,33470.4368870000,834557.0410844700,834557.0410844700,1,DORA-USDT
2021-03-28 17:00:00,1616922000000,25.0900000000,25.3000000000,24.8000000000,24.9700000000,31937.0510830000,800618.5326470000,800618.5326470000,1,DORA-USDT
2021-03-28 18:00:00,1616925600000,25.0000000000,25.2000000000,24.9100000000,25.1500000000,22780.0785400000,571194.6953998700,571194.6953998700,1,DORA-USDT
2021-03-28 19:00:00,1616929200000,25.1400000000,25.2500000000,24.5700000000,24.5900000000,35981.0289390000,891143.2062596200,891143.2062596200,1,DORA-USDT
2021-03-28 20:00:00,1616932800000,24.6000000000,25.3100000000,24.3000000000,25.2100000000,49552.6504380000,1224916.6611335899,1224916.6611335899,1,DORA-USDT
2021-03-28 21:00:00,1616936400000,25.2200000000,25.8000000000,24.7900000000,24.9700000000,65511.0838380000,1642513.6353669900,1642513.6353669900,1,DORA-USDT
2021-03-28 22:00:00,1616940000000,24.9700000000,25.0000000000,24.2600000000,24.9300000000,61477.7486030000,1512186.8516721500,1512186.8516721500,1,DORA-USDT
2021-03-28 23:00:00,1616943600000,24.9300000000,25.3000000000,24.0000000000,24.6700000000,81050.3929740000,2013270.7559937297,2013270.7559937297,1,DORA-USDT
2021-03-29 00:00:00,1616947200000,24.6700000000,26.9900000000,24.4000000000,26.0900000000,156353.4875350000,4041734.4184016702,4041734.4184016702,1,DORA-USDT
2021-03-29 01:00:00,1616950800000,26.1200000000,27.6000000000,25.8700000000,27.3500000000,109306.4233930000,2935016.4154391694,2935016.4154391694,1,DORA-USDT
2021-03-29 02:00:00,1616954400000,27.3500000000,28.1800000000,26.9000000000,27.9200000000,81066.7195450000,2236968.5578780500,2236968.5578780500,1,DORA-USDT
2021-03-29 03:00:00,1616958000000,27.9100000000,28.0800000000,27.0800000000,27.5400000000,57767.8060660000,1594060.1576863001,1594060.1576863001,1,DORA-USDT
2021-03-29 04:00:00,1616961600000,27.5200000000,27.5400000000,26.5000000000,26.6100000000,42708.3162490000,1150821.0517363199,1150821.0517363199,1,DORA-USDT
2021-03-29 05:00:00,1616965200000,26.6600000000,26.8300000000,26.6300000000,26.7600000000,17811.1010110000,475561.0826560800,475561.0826560800,1,DORA-USDT
2021-03-29 06:00:00,1616968800000,26.8000000000,27.1000000000,25.1800000000,25.7300000000,79228.9190390000,2067116.9607287601,2067116.9607287601,1,DORA-USDT
2021-03-29 07:00:00,1616972400000,25.7200000000,28.0100000000,25.5000000000,27.2700000000,97103.2644500000,2581138.1833391800,2581138.1833391800,1,DORA-USDT
2021-03-29 08:00:00,1616976000000,27.2700000000,27.6200000000,26.4200000000,27.3000000000,58199.7779200000,1568026.2260340599,1568026.2260340599,1,DORA-USDT
2021-03-29 09:00:00,1616979600000,27.3000000000,27.4000000000,26.1000000000,26.3700000000,70369.5491600000,1885555.4730111100,1885555.4730111100,1,DORA-USDT
2021-03-29 10:00:00,1616983200000,26.3700000000,27.2200000000,26.1700000000,26.7100000000,58809.2899380000,1570746.3958459401,1570746.3958459401,1,DORA-USDT
2021-03-29 11:00:00,1616986800000,26.7100000000,26.8700000000,26.0500000000,26.4000000000,72709.6844660000,1922381.9375834900,1922381.9375834900,1,DORA-USDT
2021-03-29 12:00:00,1616990400000,26.3900000000,26.7800000000,26.0000000000,26.4700000000,52136.0240100000,1373819.8842665800,1373819.8842665800,1,DORA-USDT
2021-03-29 13:00:00,1616994000000,26.4600000000,26.9300000000,25.9900000000,26.6100000000,40243.3192860000,1063345.8115326699,1063345.8115326699,1,DORA-USDT
2021-03-29 14:00:00,1616997600000,26.5600000000,26.9300000000,26.2800000000,26.4200000000,36381.2802960000,968232.0702242000,968232.0702242000,1,DORA-USDT
2021-03-29 15:00:00,1617001200000,26.4200000000,26.7400000000,26.0500000000,26.3200000000,61238.8599350000,1616619.2416275099,1616619.2416275099,1,DORA-USDT
2021-03-29 16:00:00,1617004800000,26.3200000000,26.7000000000,26.1000000000,26.5300000000,38698.1612970000,1017721.8968938700,1017721.8968938700,1,DORA-USDT
2021-03-29 17:00:00,1617008400000,26.5500000000,27.2000000000,26.2900000000,26.5400000000,67459.9478190000,1799567.0738006399,1799567.0738006399,1,DORA-USDT
2021-03-29 18:00:00,1617012000000,26.5400000000,27.1100000000,26.3800000000,27.0800000000,46668.4003800000,1246386.6421891700,1246386.6421891700,1,DORA-USDT
2021-03-29 19:00:00,1617015600000,27.0800000000,29.6900000000,27.0600000000,29.4900000000,129121.6538020000,3683005.2597520896,3683005.2597520896,1,DORA-USDT
2021-03-29 20:00:00,1617019200000,29.4300000000,33.0000000000,29.1700000000,30.8100000000,183244.8714680000,5727659.1437852895,5727659.1437852895,1,DORA-USDT
2021-03-29 21:00:00,1617022800000,30.8500000000,39.1000000000,30.6300000000,37.3800000000,321530.9761530000,11228871.6251413804,11228871.6251413804,1,DORA-USDT
2021-03-29 22:00:00,1617026400000,37.1500000000,38.0000000000,34.2500000000,35.4900000000,192972.9553970000,6861693.0574592296,6861693.0574592296,1,DORA-USDT
2021-03-29 23:00:00,1617030000000,35.2700000000,37.6700000000,34.3400000000,34.3900000000,177147.5407400000,6318963.5206835000,6318963.5206835000,1,DORA-USDT
2021-03-30 00:00:00,1617033600000,34.4700000000,37.8000000000,34.3000000000,36.5700000000,154128.2004860000,5615571.9984371299,5615571.9984371299,1,DORA-USDT
2021-03-30 01:00:00,1617037200000,36.5700000000,39.7500000000,36.5000000000,37.0500000000,149581.0562740000,5660107.1887972401,5660107.1887972401,1,DORA-USDT
2021-03-30 02:00:00,1617040800000,37.0500000000,37.0600000000,36.0600000000,36.3900000000,55596.5817800000,2027592.6303956097,2027592.6303956097,1,DORA-USDT
2021-03-30 03:00:00,1617044400000,36.4200000000,36.9800000000,36.0700000000,36.6200000000,47111.6959320000,1722806.9218704400,1722806.9218704400,1,DORA-USDT
2021-03-30 04:00:00,1617048000000,36.6100000000,38.1800000000,36.3300000000,37.3300000000,57106.0747150000,2113571.6059189700,2113571.6059189700,1,DORA-USDT
2021-03-30 05:00:00,1617051600000,37.3400000000,39.0800000000,37.1500000000,37.7300000000,100262.4095330000,3793410.7516102097,3793410.7516102097,1,DORA-USDT
2021-03-30 06:00:00,1617055200000,37.7100000000,39.8800000000,36.0600000000,36.5700000000,122554.9911450000,4673446.2512114402,4673446.2512114402,1,DORA-USDT
2021-03-30 07:00:00,1617058800000,36.6100000000,37.9300000000,36.2500000000,37.0200000000,66094.1445500000,2435549.6300865100,2435549.6300865100,1,DORA-USDT
2021-03-30 08:00:00,1617062400000,37.0600000000,37.4900000000,36.2000000000,36.4400000000,63642.2897540000,2329260.5056553199,2329260.5056553199,1,DORA-USDT
2021-03-30 09:00:00,1617066000000,36.4300000000,39.8800000000,36.4100000000,39.3900000000,107937.9138330000,4105490.9885969199,4105490.9885969199,1,DORA-USDT
2021-03-30 10:00:00,1617069600000,39.3900000000,43.8900000000,39.2500000000,42.4900000000,235833.5860320000,9841254.6456682216,9841254.6456682216,1,DORA-USDT
2021-03-30 11:00:00,1617073200000,42.5000000000,47.1000000000,42.0100000000,45.1400000000,185010.4914920000,8241817.8745568497,8241817.8745568497,1,DORA-USDT
2021-03-30 12:00:00,1617076800000,45.1400000000,45.2200000000,42.1400000000,44.2800000000,134811.2174430000,5831638.8371206196,5831638.8371206196,1,DORA-USDT
2021-03-30 13:00:00,1617080400000,44.1100000000,45.4600000000,42.8700000000,43.1200000000,135513.6292340000,5966093.5747456197,5966093.5747456197,1,DORA-USDT
2021-03-30 14:00:00,1617084000000,43.1500000000,43.1900000000,39.5300000000,41.4000000000,149265.9771690000,6131995.7214385504,6131995.7214385504,1,DORA-USDT
2021-03-30 15:00:00,1617087600000,41.4000000000,43.4600000000,41.2000000000,41.2600000000,114202.2509920000,4812326.9736433597,4812326.9736433597,1,DORA-USDT
2021-03-30 16:00:00,1617091200000,41.2600000000,44.4000000000,41.2200000000,42.4900000000,131102.2929640000,5635504.4261166304,5635504.4261166304,1,DORA-USDT
2021-03-30 17:00:00,1617094800000,42.4800000000,45.1800000000,40.6500000000,43.5500000000,118858.8299040000,5075169.2322168397,5075169.2322168397,1,DORA-USDT
2021-03-30 18:00:00,1617098400000,43.5700000000,45.3500000000,42.0500000000,44.7800000000,140481.6384060000,6163377.2231039898,6163377.2231039898,1,DORA-USDT
2021-03-30 19:00:00,1617102000000,44.7700000000,45.1800000000,42.0000000000,43.1900000000,85044.6804610000,3746265.2664462496,3746265.2664462496,1,DORA-USDT
2021-03-30 20:00:00,1617105600000,43.1500000000,43.7000000000,42.2200000000,42.5300000000,75671.2691420000,3234532.6283004298,3234532.6283004298,1,DORA-USDT
2021-03-30 21:00:00,1617109200000,42.5000000000,42.6400000000,40.0000000000,41.8900000000,129900.8189800000,5327312.0272054505,5327312.0272054505,1,DORA-USDT
2021-03-30 22:00:00,1617112800000,41.8200000000,42.1300000000,39.0000000000,40.7000000000,126482.7794990000,5086673.4214349296,5086673.4214349296,1,DORA-USDT
2021-03-30 23:00:00,1617116400000,40.6600000000,42.2400000000,40.0000000000,41.0700000000,92095.3396030000,3810372.8621601295,3810372.8621601295,1,DORA-USDT
2021-03-31 00:00:00,1617120000000,41.0600000000,41.0600000000,39.3200000000,39.3400000000,98272.6239230000,3936416.8254165910,3936416.8254165910,1,DORA-USDT
2021-03-31 01:00:00,1617123600000,39.3900000000,43.8600000000,39.3700000000,41.8900000000,123943.1745390000,5192386.3099449296,5192386.3099449296,1,DORA-USDT
2021-03-31 02:00:00,1617127200000,41.8700000000,43.5900000000,41.0000000000,41.6200000000,54144.3617960000,2275705.1657284694,2275705.1657284694,1,DORA-USDT
2021-03-31 03:00:00,1617130800000,41.6200000000,42.4500000000,40.5500000000,41.8500000000,88118.2734270000,3636137.8741790000,3636137.8741790000,1,DORA-USDT
2021-03-31 04:00:00,1617134400000,41.7600000000,42.8000000000,41.2200000000,41.6400000000,41700.3589860000,1733961.0175949200,1733961.0175949200,1,DORA-USDT
2021-03-31 05:00:00,1617138000000,41.6400000000,41.9000000000,40.8100000000,41.4800000000,35232.5969630000,1460217.1644575000,1460217.1644575000,1,DORA-USDT
2021-03-31 06:00:00,1617141600000,41.4900000000,41.6000000000,40.5500000000,40.5700000000,32721.3676380000,1342867.7479534100,1342867.7479534100,1,DORA-USDT
2021-03-31 07:00:00,1617145200000,40.5700000000,41.7300000000,40.1200000000,41.5800000000,55619.5246770000,2279666.2180657298,2279666.2180657298,1,DORA-USDT
2021-03-31 08:00:00,1617148800000,41.5700000000,43.2500000000,41.1100000000,42.3400000000,85568.3550280000,3618670.5437438600,3618670.5437438600,1,DORA-USDT
2021-03-31 09:00:00,1617152400000,42.3500000000,42.9900000000,41.5100000000,41.8500000000,49635.6643200000,2096402.3003860100,2096402.3003860100,1,DORA-USDT
2021-03-31 10:00:00,1617156000000,41.8500000000,42.8000000000,40.7800000000,41.0800000000,55107.0431620000,2295082.9877252090,2295082.9877252090,1,DORA-USDT
2021-03-31 11:00:00,1617159600000,41.2100000000,41.8700000000,40.1000000000,40.9200000000,63017.7553550000,2580264.8914013798,2580264.8914013798,1,DORA-USDT
2021-03-31 12:00:00,1617163200000,40.9300000000,42.0000000000,40.3200000000,41.4900000000,93686.3371170000,3863254.0874509295,3863254.0874509295,1,DORA-USDT
2021-03-31 13:00:00,1617166800000,41.4900000000,42.0000000000,40.1000000000,41.6900000000,73822.2957380000,3050824.5696846000,3050824.5696846000,1,DORA-USDT
2021-03-31 14:00:00,1617170400000,41.6900000000,43.8800000000,41.0700000000,43.8500000000,88196.9251870000,3723064.1579910400,3723064.1579910400,1,DORA-USDT
2021-03-31 15:00:00,1617174000000,43.8400000000,44.6500000000,41.0900000000,41.7800000000,103366.6724070000,4449877.7455077292,4449877.7455077292,1,DORA-USDT
2021-03-31 16:00:00,1617177600000,41.7700000000,42.9900000000,40.0000000000,42.6500000000,90974.0553310000,3770642.4229224399,3770642.4229224399,1,DORA-USDT
2021-03-31 17:00:00,1617181200000,42.5300000000,43.4200000000,41.6000000000,42.1700000000,83141.9676120000,3530979.9276199690,3530979.9276199690,1,DORA-USDT
2021-03-31 18:00:00,1617184800000,42.1600000000,42.7000000000,41.1800000000,42.1100000000,71719.0833040000,2993045.0929621700,2993045.0929621700,1,DORA-USDT
2021-03-31 19:00:00,1617188400000,42.1200000000,43.0900000000,41.8500000000,42.3300000000,57385.0528350000,2435863.8437692998,2435863.8437692998,1,DORA-USDT
2021-03-31 20:00:00,1617192000000,42.3400000000,42.6800000000,41.9900000000,42.3500000000,48512.9953390000,2051082.0803816500,2051082.0803816500,1,DORA-USDT
2021-03-31 21:00:00,1617195600000,42.3400000000,45.4900000000,42.1500000000,45.4900000000,65508.2125400000,2853331.0313810799,2853331.0313810799,1,DORA-USDT
2021-03-31 22:00:00,1617199200000,45.5000000000,49.8000000000,45.4900000000,49.3700000000,217883.8483990000,10427553.5502121802,10427553.5502121802,1,DORA-USDT
2021-03-31 23:00:00,1617202800000,49.2100000000,49.7800000000,46.5500000000,47.7400000000,117969.6762900000,5661635.0090952097,5661635.0090952097,1,DORA-USDT
2021-04-01 00:00:00,1617206400000,47.7300000000,53.3500000000,46.5000000000,49.9100000000,218720.2005520000,10962475.9837662801,10962475.9837662801,1,DORA-USDT
2021-04-01 01:00:00,1617210000000,50.0800000000,52.8600000000,49.2400000000,50.2600000000,124348.4210310000,6310519.5350714596,6310519.5350714596,1,DORA-USDT
2021-04-01 02:00:00,1617213600000,50.1100000000,52.9700000000,49.8600000000,51.5200000000,84029.0351940000,4330818.2224171897,4330818.2224171897,1,DORA-USDT
2021-04-01 03:00:00,1617217200000,51.5200000000,52.2000000000,51.0600000000,51.2500000000,37499.2517520000,1937916.5794467200,1937916.5794467200,1,DORA-USDT
2021-04-01 04:00:00,1617220800000,51.2500000000,51.2700000000,47.6000000000,47.9500000000,63825.2588220000,3130999.0006310302,3130999.0006310302,1,DORA-USDT
2021-04-01 05:00:00,1617224400000,47.9300000000,50.6600000000,47.8100000000,49.6500000000,83889.7011180000,4123764.8362293504,4123764.8362293504,1,DORA-USDT
2021-04-01 06:00:00,1617228000000,49.5400000000,52.7500000000,49.5000000000,52.3000000000,106616.7753520000,5496327.7323713005,5496327.7323713005,1,DORA-USDT
2021-04-01 07:00:00,1617231600000,52.3100000000,55.0000000000,52.0600000000,54.2500000000,76038.0348260000,4084921.5984058199,4084921.5984058199,1,DORA-USDT
2021-04-01 08:00:00,1617235200000,54.2600000000,54.2600000000,51.6200000000,51.9400000000,81794.4818610000,4315732.2739693802,4315732.2739693802,1,DORA-USDT
2021-04-01 09:00:00,1617238800000,51.9300000000,51.9800000000,51.0000000000,51.6600000000,48478.2595550000,2497567.4278949602,2497567.4278949602,1,DORA-USDT
2021-04-01 10:00:00,1617242400000,51.6600000000,52.6600000000,51.0000000000,51.8500000000,53378.5857990000,2766831.8817119300,2766831.8817119300,1,DORA-USDT
2021-04-01 11:00:00,1617246000000,51.8700000000,52.7100000000,50.2000000000,50.8800000000,78276.1733030000,4023860.9991830601,4023860.9991830601,1,DORA-USDT
2021-04-01 12:00:00,1617249600000,50.9400000000,51.6200000000,50.5900000000,50.7100000000,50490.3442320000,2580325.9975026301,2580325.9975026301,1,DORA-USDT
2021-04-01 13:00:00,1617253200000,50.7400000000,52.0000000000,50.6500000000,51.4100000000,39618.2469850000,2032625.3515315901,2032625.3515315901,1,DORA-USDT
2021-04-01 14:00:00,1617256800000,51.3900000000,52.5700000000,51.0800000000,52.5000000000,42034.3884280000,2169902.2915090900,2169902.2915090900,1,DORA-USDT
2021-04-01 15:00:00,1617260400000,52.5100000000,58.8900000000,52.4600000000,58.5400000000,177846.7978270000,10006981.5623328276,10006981.5623328276,1,DORA-USDT
2021-04-01 16:00:00,1617264000000,58.4900000000,58.5300000000,56.5000000000,56.8300000000,68294.8811780000,3906702.3295247089,3906702.3295247089,1,DORA-USDT
2021-04-01 17:00:00,1617267600000,56.8500000000,61.5600000000,56.6700000000,60.1000000000,174365.0409370000,10401559.7600667607,10401559.7600667607,1,DORA-USDT
2021-04-01 18:00:00,1617271200000,60.1400000000,60.9200000000,57.9000000000,58.5000000000,102495.8683890000,6100833.8715194101,6100833.8715194101,1,DORA-USDT
2021-04-01 19:00:00,1617274800000,58.5000000000,60.0000000000,56.1100000000,59.5400000000,145068.1172790000,8451937.8205915298,8451937.8205915298,1,DORA-USDT
2021-04-01 20:00:00,1617278400000,59.5200000000,60.1300000000,56.5000000000,56.6400000000,80570.5952790000,4688862.4360585902,4688862.4360585902,1,DORA-USDT
2021-04-01 21:00:00,1617282000000,56.6400000000,59.4500000000,56.4000000000,58.2300000000,100204.5870240000,5825921.6634424496,5825921.6634424496,1,DORA-USDT
2021-04-01 22:00:00,1617285600000,58.1400000000,58.9400000000,56.8000000000,57.7300000000,70775.5758140000,4081188.1037318599,4081188.1037318599,1,DORA-USDT
2021-04-01 23:00:00,1617289200000,57.7300000000,61.0000000000,57.2200000000,60.6800000000,99662.1067150000,5883269.2860456100,5883269.2860456100,1,DORA-USDT
2021-04-02 00:00:00,1617292800000,60.7100000000,67.0000000000,60.5100000000,63.5700000000,219046.8945060000,14081001.2438339796,14081001.2438339796,1,DORA-USDT
2021-04-02 01:00:00,1617296400000,63.6200000000,64.0000000000,59.5000000000,59.5900000000,160654.6659780000,9943001.1605612673,9943001.1605612673,1,DORA-USDT
2021-04-02 02:00:00,1617300000000,59.5600000000,62.8000000000,54.5000000000,58.8700000000,236655.2959830000,13905077.2521494478,13905077.2521494478,1,DORA-USDT
2021-04-02 03:00:00,1617303600000,58.7100000000,59.0700000000,56.0000000000,57.1000000000,137612.3310520000,7915439.1596747907,7915439.1596747907,1,DORA-USDT
2021-04-02 04:00:00,1617307200000,57.1100000000,59.5000000000,56.8000000000,58.6600000000,59609.0721960000,3463596.8147021402,3463596.8147021402,1,DORA-USDT
2021-04-02 05:00:00,1617310800000,58.6000000000,60.1700000000,56.8400000000,60.0900000000,94192.2880570000,5495067.1353983497,5495067.1353983497,1,DORA-USDT
2021-04-02 06:00:00,1617314400000,60.1600000000,60.3000000000,55.9300000000,57.0400000000,101505.8074110000,5924097.9404494604,5924097.9404494604,1,DORA-USDT
2021-04-02 07:00:00,1617318000000,56.9600000000,57.9400000000,55.0900000000,55.4200000000,115302.1709060000,6527357.7460594000,6527357.7460594000,1,DORA-USDT
2021-04-02 08:00:00,1617321600000,55.4300000000,57.4000000000,55.0100000000,55.1100000000,82263.1983160000,4620724.2038620999,4620724.2038620999,1,DORA-USDT
2021-04-02 09:00:00,1617325200000,55.0900000000,58.6900000000,52.8000000000,56.5700000000,182816.9740410000,10100458.8464768007,10100458.8464768007,1,DORA-USDT
2021-04-02 10:00:00,1617328800000,56.5800000000,60.5500000000,56.5800000000,58.7600000000,107512.7342230000,6357430.3029294899,6357430.3029294899,1,DORA-USDT
2021-04-02 11:00:00,1617332400000,58.7900000000,58.8600000000,57.0000000000,58.7300000000,87779.9412890000,5086804.2155668484,5086804.2155668484,1,DORA-USDT
2021-04-02 12:00:00,1617336000000,58.7600000000,58.9900000000,57.3400000000,57.6500000000,64402.2914160000,3746226.1224066895,3746226.1224066895,1,DORA-USDT
2021-04-02 13:00:00,1617339600000,57.6800000000,59.4300000000,57.6400000000,58.0400000000,44383.3659050000,2589034.8563444000,2589034.8563444000,1,DORA-USDT
2021-04-02 14:00:00,1617343200000,58.0400000000,58.6000000000,57.2100000000,57.5500000000,41318.9887260000,2395764.1924749501,2395764.1924749501,1,DORA-USDT
2021-04-02 15:00:00,1617346800000,57.5500000000,58.2600000000,56.8900000000,57.5400000000,54994.1124290000,3166675.0300620301,3166675.0300620301,1,DORA-USDT
2021-04-02 16:00:00,1617350400000,57.5200000000,57.7100000000,56.2000000000,56.3500000000,50626.3613170000,2882345.3689187602,2882345.3689187602,1,DORA-USDT
2021-04-02 17:00:00,1617354000000,56.3600000000,56.9500000000,55.7700000000,56.5100000000,49561.0198730000,2795235.9389684200,2795235.9389684200,1,DORA-USDT
2021-04-02 18:00:00,1617357600000,56.5100000000,58.0000000000,56.1200000000,56.2700000000,58372.0070340000,3331839.7908515199,3331839.7908515199,1,DORA-USDT
2021-04-02 19:00:00,1617361200000,56.2500000000,56.2700000000,53.2000000000,53.3700000000,90391.0820060000,4970445.6182538895,4970445.6182538895,1,DORA-USDT
2021-04-02 20:00:00,1617364800000,53.4600000000,55.5000000000,53.2200000000,55.2500000000,76639.0875380000,4196967.6841294095,4196967.6841294095,1,DORA-USDT
2021-04-02 21:00:00,1617368400000,55.2500000000,55.4000000000,53.1100000000,54.0700000000,54059.6153500000,2920535.1709890701,2920535.1709890701,1,DORA-USDT
2021-04-02 22:00:00,1617372000000,54.0600000000,55.1500000000,53.4500000000,54.4200000000,48657.0674370000,2646907.1528963000,2646907.1528963000,1,DORA-USDT
2021-04-02 23:00:00,1617375600000,54.4200000000,54.4800000000,48.8000000000,50.0200000000,149323.4405750000,7653157.1393219903,7653157.1393219903,1,DORA-USDT
2021-04-03 00:00:00,1617379200000,49.9900000000,54.1200000000,47.8000000000,47.9700000000,237535.6286330000,12109609.8217478301,12109609.8217478301,1,DORA-USDT
2021-04-03 01:00:00,1617382800000,47.9600000000,48.8500000000,44.0000000000,46.7200000000,254484.1055980000,11848286.9605437797,11848286.9605437797,1,DORA-USDT
2021-04-03 02:00:00,1617386400000,46.7300000000,49.0200000000,45.1100000000,47.3700000000,130788.6553080000,6221705.4738461096,6221705.4738461096,1,DORA-USDT
2021-04-03 03:00:00,1617390000000,47.4000000000,47.4600000000,45.8100000000,46.0500000000,42467.7061340000,1991266.2603035097,1991266.2603035097,1,DORA-USDT
2021-04-03 04:00:00,1617393600000,46.0100000000,47.4200000000,45.9100000000,47.3800000000,34776.6932580000,1627025.1399097501,1627025.1399097501,1,DORA-USDT
2021-04-03 05:00:00,1617397200000,47.3800000000,49.3900000000,47.0000000000,49.3900000000,58202.6151860000,2799380.1019500401,2799380.1019500401,1,DORA-USDT
2021-04-03 06:00:00,1617400800000,49.3800000000,49.9800000000,47.7700000000,48.6400000000,125260.2001620000,6137570.0250589401,6137570.0250589401,1,DORA-USDT
2021-04-03 07:00:00,1617404400000,48.6500000000,49.5900000000,44.0000000000,45.8200000000,110860.2954090000,5202327.9208820099,5202327.9208820099,1,DORA-USDT
2021-04-03 08:00:00,1617408000000,45.8400000000,47.2400000000,44.0000000000,44.3400000000,110783.7065410000,5088983.7471989701,5088983.7471989701,1,DORA-USDT
2021-04-03 09:00:00,1617411600000,44.1500000000,47.7600000000,44.1200000000,45.3500000000,117518.0715950000,5389180.2205095896,5389180.2205095896,1,DORA-USDT
2021-04-03 10:00:00,1617415200000,45.3400000000,46.4800000000,45.1800000000,46.3800000000,63098.8086150000,2906253.0263239201,2906253.0263239201,1,DORA-USDT
2021-04-03 11:00:00,1617418800000,46.3700000000,49.9500000000,46.3700000000,49.2200000000,124010.9628810000,5976476.4314739099,5976476.4314739099,1,DORA-USDT
2021-04-03 12:00:00,1617422400000,49.1100000000,49.1600000000,47.8500000000,48.8600000000,62817.1137230000,3046883.3586417306,3046883.3586417306,1,DORA-USDT
2021-04-03 13:00:00,1617426000000,48.8700000000,49.9000000000,48.8500000000,49.0900000000,50282.6855570000,2483642.1247350900,2483642.1247350900,1,DORA-USDT
2021-04-03 14:00:00,1617429600000,49.1000000000,49.1300000000,45.9000000000,46.9300000000,109779.4009720000,5163278.9375355002,5163278.9375355002,1,DORA-USDT
2021-04-03 15:00:00,1617433200000,46.9200000000,48.1200000000,46.9100000000,47.4800000000,64409.2954900000,3062617.1885565701,3062617.1885565701,1,DORA-USDT
2021-04-03 16:00:00,1617436800000,47.5000000000,49.4700000000,47.3100000000,48.2100000000,79436.9311160000,3833603.5900834897,3833603.5900834897,1,DORA-USDT
2021-04-03 17:00:00,1617440400000,48.1700000000,49.0000000000,47.8800000000,48.8000000000,56322.6863220000,2730162.0409534201,2730162.0409534201,1,DORA-USDT
2021-04-03 18:00:00,1617444000000,48.8500000000,49.0000000000,48.2900000000,48.9100000000,28715.1885070000,1399619.9793828800,1399619.9793828800,1,DORA-USDT
2021-04-03 19:00:00,1617447600000,48.9400000000,49.8700000000,48.1500000000,48.8000000000,59985.3171020000,2941440.0173027501,2941440.0173027501,1,DORA-USDT
2021-04-03 20:00:00,1617451200000,48.7900000000,49.5000000000,48.4900000000,49.2200000000,33276.9916170000,1631910.6722665799,1631910.6722665799,1,DORA-USDT
2021-04-03 21:00:00,1617454800000,49.2300000000,58.0000000000,49.2300000000,56.1100000000,239933.9018480000,12997271.7793156672,12997271.7793156672,1,DORA-USDT
2021-04-03 22:00:00,1617458400000,56.2700000000,56.5000000000,52.4500000000,53.5700000000,128720.0119450000,6982848.6816887502,6982848.6816887502,1,DORA-USDT
2021-04-03 23:00:00,1617462000000,53.5100000000,54.1800000000,51.9600000000,52.6300000000,105809.5635100000,5599973.5089578703,5599973.5089578703,1,DORA-USDT
2021-04-04 00:00:00,1617465600000,52.5200000000,53.6500000000,49.0000000000,52.7000000000,132566.8134300000,6771825.3658655295,6771825.3658655295,1,DORA-USDT
2021-04-04 01:00:00,1617469200000,52.5600000000,52.5900000000,49.6000000000,50.8100000000,113235.0954450000,5769078.3571607396,5769078.3571607396,1,DORA-USDT
2021-04-04 02:00:00,1617472800000,50.8000000000,50.8200000000,48.1000000000,49.6300000000,85864.5189970000,4259315.3559600404,4259315.3559600404,1,DORA-USDT
2021-04-04 03:00:00,1617476400000,49.6100000000,52.4900000000,49.1700000000,50.1600000000,101989.8375860000,5151168.6141094798,5151168.6141094798,1,DORA-USDT
2021-04-04 04:00:00,1617480000000,50.1600000000,51.7700000000,49.8000000000,51.1400000000,79584.6262440000,4038684.5337782600,4038684.5337782600,1,DORA-USDT
2021-04-04 05:00:00,1617483600000,51.1200000000,52.2000000000,49.6300000000,50.3100000000,98627.9655570000,5028350.6032484602,5028350.6032484602,1,DORA-USDT
2021-04-04 06:00:00,1617487200000,50.3300000000,54.0000000000,49.7900000000,53.9100000000,100638.1169940000,5215594.4913694402,5215594.4913694402,1,DORA-USDT
2021-04-04 07:00:00,1617490800000,53.8800000000,55.3800000000,50.0000000000,52.6600000000,133471.9588910000,7126789.8581643896,7126789.8581643896,1,DORA-USDT
2021-04-04 08:00:00,1617494400000,52.6600000000,53.8600000000,51.2100000000,52.2900000000,99318.3414210000,5198918.3900924698,5198918.3900924698,1,DORA-USDT
2021-04-04 09:00:00,1617498000000,52.2600000000,53.3700000000,51.0000000000,52.1400000000,78919.2184080000,4112200.3493290399,4112200.3493290399,1,DORA-USDT
2021-04-04 10:00:00,1617501600000,52.1200000000,53.6000000000,51.8200000000,52.8700000000,54561.1562820000,2885786.1783440998,2885786.1783440998,1,DORA-USDT
2021-04-04 11:00:00,1617505200000,52.8700000000,53.8600000000,52.5100000000,53.6500000000,31529.0074200000,1677139.9731377801,1677139.9731377801,1,DORA-USDT
2021-04-04 12:00:00,1617508800000,53.6500000000,55.1900000000,53.0900000000,54.4200000000,78891.1022900000,4286735.0545189800,4286735.0545189800,1,DORA-USDT
2021-04-04 13:00:00,1617512400000,54.4300000000,54.9000000000,52.1100000000,53.4800000000,55384.0239930000,2977119.2927327398,2977119.2927327398,1,DORA-USDT
2021-04-04 14:00:00,1617516000000,53.5100000000,54.8900000000,52.6500000000,53.8600000000,47708.9461380000,2568804.5927143898,2568804.5927143898,1,DORA-USDT
2021-04-04 15:00:00,1617519600000,53.8600000000,54.5000000000,53.2900000000,53.5600000000,38048.2070830000,2051812.6844110400,2051812.6844110400,1,DORA-USDT
2021-04-04 16:00:00,1617523200000,53.5600000000,54.1700000000,53.0200000000,53.2500000000,32272.7586470000,1723870.5170929099,1723870.5170929099,1,DORA-USDT
2021-04-04 17:00:00,1617526800000,53.2500000000,53.7100000000,52.1000000000,52.1200000000,36068.5989610000,1908701.0289885500,1908701.0289885500,1,DORA-USDT
2021-04-04 18:00:00,1617530400000,52.1300000000,52.7900000000,51.1000000000,52.2000000000,53619.5659560000,2793786.3048084094,2793786.3048084094,1,DORA-USDT
2021-04-04 19:00:00,1617534000000,52.2000000000,52.5800000000,52.0000000000,52.1500000000,20255.0868170000,1059040.6341814499,1059040.6341814499,1,DORA-USDT
2021-04-04 20:00:00,1617537600000,52.1300000000,52.1500000000,49.0300000000,50.4200000000,81956.4531550000,4179706.0494048600,4179706.0494048600,1,DORA-USDT
2021-04-04 21:00:00,1617541200000,50.4200000000,50.5000000000,47.0000000000,50.1100000000,109844.6968210000,5418170.1088961503,5418170.1088961503,1,DORA-USDT
2021-04-04 22:00:00,1617544800000,50.1100000000,53.1000000000,49.6900000000,49.7400000000,144330.4590150000,7432093.6863169316,7432093.6863169316,1,DORA-USDT
2021-04-04 23:00:00,1617548400000,49.7400000000,53.2500000000,49.2000000000,49.5500000000,120267.8661810000,6096255.6789660295,6096255.6789660295,1,DORA-USDT
2021-04-05 00:00:00,1617552000000,49.5800000000,51.8000000000,49.0000000000,49.5300000000,108645.2160590000,5467404.6741339099,5467404.6741339099,1,DORA-USDT
2021-04-05 01:00:00,1617555600000,49.5300000000,51.0800000000,49.1000000000,49.8300000000,45804.2931290000,2277540.6006013090,2277540.6006013090,1,DORA-USDT
2021-04-05 02:00:00,1617559200000,49.8600000000,50.2300000000,49.3000000000,49.5700000000,28425.1754400000,1413874.8364449299,1413874.8364449299,1,DORA-USDT
2021-04-05 03:00:00,1617562800000,49.5600000000,49.7300000000,49.0100000000,49.2400000000,27030.3576750000,1332725.7090814000,1332725.7090814000,1,DORA-USDT
2021-04-05 04:00:00,1617566400000,49.2300000000,49.7700000000,48.5000000000,48.8900000000,32757.6140820000,1613111.7034591599,1613111.7034591599,1,DORA-USDT
2021-04-05 05:00:00,1617570000000,48.9600000000,50.4000000000,48.7900000000,49.3700000000,95657.3246640000,4732673.3779536597,4732673.3779536597,1,DORA-USDT
2021-04-05 06:00:00,1617573600000,49.4100000000,49.8900000000,49.2200000000,49.5400000000,29671.2615800000,1469224.1360243100,1469224.1360243100,1,DORA-USDT
2021-04-05 07:00:00,1617577200000,49.5200000000,49.9300000000,48.8100000000,49.6400000000,28307.1435030000,1397541.6208946600,1397541.6208946600,1,DORA-USDT
2021-04-05 08:00:00,1617580800000,49.6500000000,51.8200000000,49.6300000000,50.7600000000,68454.3032390000,3473326.4647660502,3473326.4647660502,1,DORA-USDT
2021-04-05 09:00:00,1617584400000,50.7600000000,51.8100000000,50.2200000000,50.5600000000,54866.7286480000,2805115.7015491500,2805115.7015491500,1,DORA-USDT
2021-04-05 10:00:00,1617588000000,50.5300000000,50.5800000000,48.7000000000,48.9900000000,66780.6851420000,3299371.7781265401,3299371.7781265401,1,DORA-USDT
2021-04-05 11:00:00,1617591600000,48.9800000000,49.5300000000,48.3700000000,48.6700000000,49581.2628490000,2419982.8668635199,2419982.8668635199,1,DORA-USDT
2021-04-05 12:00:00,1617595200000,48.6700000000,49.7000000000,48.6600000000,49.0900000000,27677.4597190000,1361574.4073767599,1361574.4073767599,1,DORA-USDT
2021-04-05 13:00:00,1617598800000,49.0400000000,49.0900000000,47.3000000000,47.4800000000,45907.3156860000,2209395.6507647000,2209395.6507647000,1,DORA-USDT
2021-04-05 14:00:00,1617602400000,47.4800000000,48.0500000000,46.4900000000,47.2700000000,63398.1608260000,2992458.0325924298,2992458.0325924298,1,DORA-USDT
2021-04-05 15:00:00,1617606000000,47.2800000000,48.8800000000,47.2100000000,48.7600000000,73331.4338520000,3515941.1357404799,3515941.1357404799,1,DORA-USDT
2021-04-05 16:00:00,1617609600000,48.8300000000,49.1900000000,47.5300000000,48.2400000000,71284.2349610000,3438638.7556591500,3438638.7556591500,1,DORA-USDT
2021-04-05 17:00:00,1617613200000,48.2400000000,48.3000000000,47.5300000000,47.7800000000,31614.7706040000,1513467.6545770699,1513467.6545770699,1,DORA-USDT
2021-04-05 18:00:00,1617616800000,47.7700000000,48.0900000000,46.7000000000,47.8400000000,42439.4165360000,2010593.3680377600,2010593.3680377600,1,DORA-USDT
2021-04-05 19:00:00,1617620400000,47.8600000000,47.8600000000,46.7200000000,47.1600000000,61965.8432030000,2927707.2682259702,2927707.2682259702,1,DORA-USDT
2021-04-05 20:00:00,1617624000000,47.1800000000,48.1200000000,46.5000000000,48.1000000000,61329.5510400000,2899111.0847177100,2899111.0847177100,1,DORA-USDT
2021-04-05 21:00:00,1617627600000,48.1200000000,48.4800000000,47.1200000000,47.5700000000,52603.5625950000,2511831.2330758800,2511831.2330758800,1,DORA-USDT
2021-04-05 22:00:00,1617631200000,47.5200000000,47.8000000000,46.5300000000,47.5400000000,44417.6049240000,2097153.8380355900,2097153.8380355900,1,DORA-USDT
2021-04-05 23:00:00,1617634800000,47.5400000000,48.1200000000,46.7000000000,46.8200000000,54172.1169710000,2579107.6310211094,2579107.6310211094,1,DORA-USDT
2021-04-06 00:00:00,1617638400000,46.8500000000,49.5600000000,46.7000000000,47.5300000000,89952.3826870000,4319608.9186461698,4319608.9186461698,1,DORA-USDT
2021-04-06 01:00:00,1617642000000,47.5500000000,48.0000000000,47.1100000000,47.5300000000,30602.3335560000,1454152.2363687600,1454152.2363687600,1,DORA-USDT
2021-04-06 02:00:00,1617645600000,47.5300000000,47.9900000000,46.7500000000,47.2100000000,36000.4880650000,1707812.7583623100,1707812.7583623100,1,DORA-USDT
2021-04-06 03:00:00,1617649200000,47.2000000000,47.3000000000,46.7100000000,46.7500000000,20790.1455360000,977644.3871941200,977644.3871941200,1,DORA-USDT
2021-04-06 04:00:00,1617652800000,46.7600000000,46.7900000000,46.3100000000,46.4300000000,12714.1268460000,592758.9741238600,592758.9741238600,1,DORA-USDT
2021-04-06 05:00:00,1617656400000,46.4300000000,46.5100000000,45.0000000000,45.3500000000,35521.3491540000,1618312.5615422099,1618312.5615422099,1,DORA-USDT
2021-04-06 06:00:00,1617660000000,45.3500000000,45.3600000000,44.0000000000,44.0900000000,40919.0852300000,1831656.0760632097,1831656.0760632097,1,DORA-USDT
2021-04-06 07:00:00,1617663600000,44.0900000000,44.1000000000,41.5000000000,43.6200000000,117024.5499850000,5019390.0330524296,5019390.0330524296,1,DORA-USDT
2021-04-06 08:00:00,1617667200000,43.5400000000,45.4500000000,43.4900000000,44.1300000000,118335.5845820000,5260328.4707047902,5260328.4707047902,1,DORA-USDT
2021-04-06 09:00:00,1617670800000,44.1400000000,44.5000000000,43.0800000000,44.4100000000,65114.0720440000,2857920.6008847901,2857920.6008847901,1,DORA-USDT
2021-04-06 10:00:00,1617674400000,44.4200000000,46.1900000000,44.3800000000,45.0500000000,65930.6479650000,2983006.2484734799,2983006.2484734799,1,DORA-USDT
2021-04-06 11:00:00,1617678000000,45.0600000000,46.2000000000,44.2800000000,44.8100000000,78923.1664490000,3560331.5018506502,3560331.5018506502,1,DORA-USDT
2021-04-06 12:00:00,1617681600000,44.7900000000,45.8800000000,44.3500000000,45.1400000000,103835.8833970000,4680260.5817482499,4680260.5817482499,1,DORA-USDT
2021-04-06 13:00:00,1617685200000,45.1400000000,45.1600000000,44.5200000000,44.6700000000,26866.8148010000,1204570.3491755400,1204570.3491755400,1,DORA-USDT
2021-04-06 14:00:00,1617688800000,44.6600000000,44.7600000000,43.2900000000,43.7100000000,112053.4338960000,4919848.6877891803,4919848.6877891803,1,DORA-USDT
2021-04-06 15:00:00,1617692400000,43.7200000000,43.8200000000,42.6600000000,42.9200000000,68517.0335370000,2956568.4767682599,2956568.4767682599,1,DORA-USDT
2021-04-06 16:00:00,1617696000000,42.9300000000,43.5400000000,42.3000000000,42.5000000000,57355.0220460000,2462445.6566467802,2462445.6566467802,1,DORA-USDT
2021-04-06 17:00:00,1617699600000,42.5100000000,43.0000000000,41.5000000000,41.6500000000,49524.7921140000,2076546.4428829199,2076546.4428829199,1,DORA-USDT
2021-04-06 18:00:00,1617703200000,41.7500000000,43.0000000000,41.6500000000,42.4400000000,44523.8164200000,1879925.6158590999,1879925.6158590999,1,DORA-USDT
2021-04-06 19:00:00,1617706800000,42.4400000000,42.4400000000,41.7600000000,42.0400000000,26514.8634360000,1117669.5738103800,1117669.5738103800,1,DORA-USDT
2021-04-06 20:00:00,1617710400000,42.0400000000,44.0000000000,40.0000000000,43.6900000000,71490.0615470000,3012159.6682083900,3012159.6682083900,1,DORA-USDT
2021-04-06 21:00:00,1617714000000,43.8600000000,44.0000000000,39.5000000000,40.3900000000,180298.5029480000,7491594.9893574398,7491594.9893574398,1,DORA-USDT
2021-04-06 22:00:00,1617717600000,40.4000000000,41.5000000000,37.2000000000,40.7500000000,156405.9704090000,6178136.5216327300,6178136.5216327300,1,DORA-USDT
2021-04-06 23:00:00,1617721200000,40.7100000000,42.8800000000,40.5400000000,42.4700000000,84903.6647960000,3537362.9500772706,3537362.9500772706,1,DORA-USDT
2021-04-07 00:00:00,1617724800000,42.3900000000,42.9900000000,41.6100000000,42.7700000000,43342.1105190000,1834570.0840377100,1834570.0840377100,1,DORA-USDT
2021-04-07 01:00:00,1617728400000,42.7700000000,43.0000000000,41.3100000000,41.3200000000,37756.8708130000,1585318.1585895300,1585318.1585895300,1,DORA-USDT
2021-04-07 02:00:00,1617732000000,41.3200000000,41.4700000000,41.0000000000,41.1800000000,15167.3069840000,624287.7116834600,624287.7116834600,1,DORA-USDT
2021-04-07 03:00:00,1617735600000,41.1900000000,41.2400000000,41.0000000000,41.0700000000,8499.3967630000,349439.1086954200,349439.1086954200,1,DORA-USDT
2021-04-07 04:00:00,1617739200000,41.0600000000,41.0700000000,39.0000000000,39.1300000000,44698.6102350000,1785665.0523555900,1785665.0523555900,1,DORA-USDT
2021-04-07 05:00:00,1617742800000,39.1300000000,40.6800000000,39.0800000000,39.6300000000,66518.8958240000,2647029.4455582998,2647029.4455582998,1,DORA-USDT
2021-04-07 06:00:00,1617746400000,39.6300000000,39.6800000000,39.0200000000,39.1800000000,36088.3624940000,1418110.5451378999,1418110.5451378999,1,DORA-USDT
2021-04-07 07:00:00,1617750000000,39.1800000000,39.5400000000,38.2100000000,39.0800000000,66537.7236590000,2591118.1701733000,2591118.1701733000,1,DORA-USDT
2021-04-07 08:00:00,1617753600000,39.1000000000,39.8500000000,39.0300000000,39.3800000000,48006.4117310000,1894685.8870286101,1894685.8870286101,1,DORA-USDT
2021-04-07 09:00:00,1617757200000,39.3900000000,40.2800000000,38.0100000000,40.2000000000,117125.4656170000,4610055.8495148597,4610055.8495148597,1,DORA-USDT
2021-04-07 10:00:00,1617760800000,40.1700000000,43.6700000000,39.2400000000,42.0300000000,191332.4857050000,8053503.9565275004,8053503.9565275004,1,DORA-USDT
2021-04-07 11:00:00,1617764400000,42.0000000000,46.0000000000,41.6500000000,43.2200000000,134510.3939660000,5828523.7353946799,5828523.7353946799,1,DORA-USDT
2021-04-07 12:00:00,1617768000000,43.2100000000,44.3800000000,42.8000000000,43.4800000000,57923.3997560000,2519022.5499026501,2519022.5499026501,1,DORA-USDT
2021-04-07 13:00:00,1617771600000,43.5000000000,43.9900000000,41.6200000000,41.9300000000,100117.1775700000,4248199.5447454304,4248199.5447454304,1,DORA-USDT
2021-04-07 14:00:00,1617775200000,41.9600000000,42.7900000000,41.0000000000,41.9500000000,52439.5096560000,2200572.8571150098,2200572.8571150098,1,DORA-USDT
2021-04-07 15:00:00,1617778800000,41.9500000000,41.9800000000,39.2800000000,39.6300000000,91438.1736930000,3691250.0365209999,3691250.0365209999,1,DORA-USDT
2021-04-07 16:00:00,1617782400000,39.6400000000,40.4900000000,39.0300000000,39.4100000000,91187.7415840000,3632235.0743984799,3632235.0743984799,1,DORA-USDT
2021-04-07 17:00:00,1617786000000,39.4000000000,39.4800000000,37.0200000000,38.1300000000,100939.7654380000,3862852.2890272494,3862852.2890272494,1,DORA-USDT
2021-04-07 18:00:00,1617789600000,38.1300000000,39.2000000000,37.1100000000,37.6400000000,66685.6884620000,2551513.4457954201,2551513.4457954201,1,DORA-USDT
2021-04-07 19:00:00,1617793200000,37.5600000000,38.0400000000,36.5500000000,37.1300000000,58517.0904940000,2181697.5416258401,2181697.5416258401,1,DORA-USDT
2021-04-07 20:00:00,1617796800000,37.1100000000,39.8000000000,36.5700000000,39.0100000000,103445.5777160000,3889581.4702758002,3889581.4702758002,1,DORA-USDT
2021-04-07 21:00:00,1617800400000,39.0100000000,39.7500000000,38.2200000000,38.9900000000,58114.7277560000,2260480.3594270502,2260480.3594270502,1,DORA-USDT
2021-04-07 22:00:00,1617804000000,38.9900000000,40.3200000000,36.9900000000,37.6700000000,117764.7960060000,4572771.6860601502,4572771.6860601502,1,DORA-USDT
2021-04-07 23:00:00,1617807600000,37.6800000000,39.1200000000,37.2900000000,38.3100000000,59533.4435060000,2271877.7365359501,2271877.7365359501,1,DORA-USDT
2021-04-08 00:00:00,1617811200000,38.3100000000,39.4800000000,37.2500000000,38.9200000000,65581.6011300000,2499784.2255666102,2499784.2255666102,1,DORA-USDT
2021-04-08 01:00:00,1617814800000,39.0300000000,39.8800000000,37.8400000000,38.0700000000,52365.5607290000,2035881.8279611201,2035881.8279611201,1,DORA-USDT
2021-04-08 02:00:00,1617818400000,38.0700000000,39.8800000000,37.9500000000,39.5900000000,68901.4778490000,2691790.4255454801,2691790.4255454801,1,DORA-USDT
2021-04-08 03:00:00,1617822000000,39.6000000000,40.0000000000,37.8200000000,38.1900000000,86007.1359910000,3326352.7134753098,3326352.7134753098,1,DORA-USDT
2021-04-08 04:00:00,1617825600000,38.2400000000,39.6600000000,36.7700000000,37.3500000000,48560.2885280000,1839367.5985505399,1839367.5985505399,1,DORA-USDT
2021-04-08 05:00:00,1617829200000,37.3500000000,38.0000000000,37.2400000000,37.6300000000,37875.1307700000,1425877.9951359900,1425877.9951359900,1,DORA-USDT
2021-04-08 06:00:00,1617832800000,37.6000000000,39.7800000000,37.5700000000,39.7800000000,43123.2292440000,1672541.0268126801,1672541.0268126801,1,DORA-USDT
2021-04-08 07:00:00,1617836400000,39.7800000000,41.6000000000,39.7600000000,40.0900000000,68051.3205320000,2748582.5211027600,2748582.5211027600,1,DORA-USDT
2021-04-08 08:00:00,1617840000000,40.0900000000,40.3000000000,38.7100000000,39.4100000000,42691.9472310000,1687619.7745349600,1687619.7745349600,1,DORA-USDT
2021-04-08 09:00:00,1617843600000,39.4200000000,40.3800000000,39.3900000000,40.3800000000,17223.8071230000,685961.3164211500,685961.3164211500,1,DORA-USDT
2021-04-08 10:00:00,1617847200000,40.4100000000,41.3500000000,39.1100000000,40.4200000000,82809.7777990000,3343409.1459613498,3343409.1459613498,1,DORA-USDT
2021-04-08 11:00:00,1617850800000,40.4100000000,40.6500000000,39.9800000000,40.5200000000,33273.2900290000,1339556.4311558900,1339556.4311558900,1,DORA-USDT
2021-04-08 12:00:00,1617854400000,40.5100000000,40.5900000000,38.4800000000,40.1800000000,80916.0775140000,3200449.9807988601,3200449.9807988601,1,DORA-USDT
2021-04-08 13:00:00,1617858000000,40.1800000000,41.0000000000,39.7400000000,40.4800000000,49841.3476010000,2014936.5730645400,2014936.5730645400,1,DORA-USDT
2021-04-08 14:00:00,1617861600000,40.4600000000,41.4900000000,39.2000000000,39.5100000000,69815.5248500000,2832207.4855184401,2832207.4855184401,1,DORA-USDT
2021-04-08 15:00:00,1617865200000,39.5300000000,40.1500000000,39.4800000000,39.8700000000,44233.9909490000,1760977.9259130200,1760977.9259130200,1,DORA-USDT
2021-04-08 16:00:00,1617868800000,39.8600000000,40.7700000000,39.5900000000,39.7600000000,52770.6195490000,2116491.9231036799,2116491.9231036799,1,DORA-USDT
2021-04-08 17:00:00,1617872400000,39.7600000000,39.9500000000,38.5800000000,38.5800000000,56690.3379310000,2224352.5280422801,2224352.5280422801,1,DORA-USDT
2021-04-08 18:00:00,1617876000000,38.5800000000,38.9200000000,38.0100000000,38.3600000000,46414.5407000000,1786331.8995801001,1786331.8995801001,1,DORA-USDT
2021-04-08 19:00:00,1617879600000,38.3500000000,38.9000000000,37.8800000000,38.8200000000,32211.3466800000,1239621.8953793300,1239621.8953793300,1,DORA-USDT
2021-04-08 20:00:00,1617883200000,38.8200000000,40.3900000000,38.8100000000,40.1600000000,62967.9281830000,2497487.7502926500,2497487.7502926500,1,DORA-USDT
2021-04-08 21:00:00,1617886800000,40.1500000000,40.1500000000,39.1200000000,39.5400000000,65430.3169590000,2594998.5668896199,2594998.5668896199,1,DORA-USDT
2021-04-08 22:00:00,1617890400000,39.5600000000,39.8300000000,38.7100000000,38.9000000000,33208.1338070000,1310749.1076123600,1310749.1076123600,1,DORA-USDT
2021-04-08 23:00:00,1617894000000,38.9000000000,39.9700000000,38.8700000000,39.9100000000,60422.9699660000,2378721.0542418598,2378721.0542418598,1,DORA-USDT
2021-04-09 00:00:00,1617897600000,39.9100000000,40.0200000000,39.0500000000,39.6100000000,39305.3682140000,1550897.1617497001,1550897.1617497001,1,DORA-USDT
2021-04-09 01:00:00,1617901200000,39.6100000000,40.2700000000,39.5900000000,39.8800000000,23302.5890870000,927371.4620092200,927371.4620092200,1,DORA-USDT
2021-04-09 02:00:00,1617904800000,39.8900000000,40.3300000000,39.5000000000,39.6800000000,28498.9671910000,1138265.1109867000,1138265.1109867000,1,DORA-USDT
2021-04-09 03:00:00,1617908400000,39.6800000000,39.9400000000,39.5000000000,39.8600000000,13646.4928410000,543357.5624340500,543357.5624340500,1,DORA-USDT
2021-04-09 04:00:00,1617912000000,39.8600000000,40.3400000000,39.7800000000,39.8000000000,20305.0732490000,812984.8482986600,812984.8482986600,1,DORA-USDT
2021-04-09 05:00:00,1617915600000,39.8000000000,39.9200000000,39.3700000000,39.7000000000,20432.0930370000,810939.1176063700,810939.1176063700,1,DORA-USDT
2021-04-09 06:00:00,1617919200000,39.7000000000,40.3000000000,39.6600000000,40.2300000000,16500.8565520000,660620.9121839700,660620.9121839700,1,DORA-USDT
2021-04-09 07:00:00,1617922800000,40.2400000000,40.3700000000,39.9100000000,39.9600000000,16123.1000480000,646844.8608284800,646844.8608284800,1,DORA-USDT
2021-04-09 08:00:00,1617926400000,39.9600000000,40.1300000000,39.7600000000,40.0200000000,18057.1988860000,721222.5302541300,721222.5302541300,1,DORA-USDT
2021-04-09 09:00:00,1617930000000,40.0200000000,41.4600000000,39.9700000000,41.4600000000,30848.9376870000,1256512.0307528400,1256512.0307528400,1,DORA-USDT
2021-04-09 10:00:00,1617933600000,41.4500000000,44.0000000000,41.4500000000,42.6900000000,122648.5574400000,5266501.9768805197,5266501.9768805197,1,DORA-USDT
2021-04-09 11:00:00,1617937200000,42.7100000000,43.5000000000,42.2200000000,42.5600000000,66964.5194490000,2862295.8340186100,2862295.8340186100,1,DORA-USDT
2021-04-09 12:00:00,1617940800000,42.5600000000,45.3000000000,42.5600000000,44.2000000000,88044.3335830000,3887655.5119933095,3887655.5119933095,1,DORA-USDT
2021-04-09 13:00:00,1617944400000,44.2100000000,44.2800000000,42.9500000000,43.4100000000,72270.4608740000,3145871.4740881999,3145871.4740881999,1,DORA-USDT
2021-04-09 14:00:00,1617948000000,43.4100000000,44.1500000000,43.1500000000,43.3200000000,38439.9730690000,1677899.9363468001,1677899.9363468001,1,DORA-USDT
2021-04-09 15:00:00,1617951600000,43.3300000000,44.1200000000,42.8300000000,43.6800000000,33454.9220760000,1457288.1816693300,1457288.1816693300,1,DORA-USDT
2021-04-09 16:00:00,1617955200000,43.6900000000,44.2100000000,43.1000000000,43.4800000000,27665.9967210000,1205161.6892144100,1205161.6892144100,1,DORA-USDT
2021-04-09 17:00:00,1617958800000,43.4900000000,43.9700000000,43.3800000000,43.5000000000,24102.7001760000,1051843.2325163300,1051843.2325163300,1,DORA-USDT
2021-04-09 18:00:00,1617962400000,43.5400000000,44.1500000000,43.2500000000,43.9700000000,29023.3168000000,1270212.3718878501,1270212.3718878501,1,DORA-USDT
2021-04-09 19:00:00,1617966000000,43.9700000000,45.0000000000,43.6100000000,44.1900000000,24813.7104470000,1094694.5512141199,1094694.5512141199,1,DORA-USDT
2021-04-09 20:00:00,1617969600000,44.1900000000,45.8800000000,44.1200000000,45.0200000000,42374.7658780000,1890057.5501915701,1890057.5501915701,1,DORA-USDT
2021-04-09 21:00:00,1617973200000,45.0100000000,45.0200000000,43.0800000000,43.6300000000,51795.4214040000,2280588.9751828201,2280588.9751828201,1,DORA-USDT
2021-04-09 22:00:00,1617976800000,43.6300000000,43.8800000000,40.8100000000,42.2300000000,72982.1102320000,3096793.9863344301,3096793.9863344301,1,DORA-USDT
2021-04-09 23:00:00,1617980400000,42.2400000000,42.3800000000,40.7900000000,41.8700000000,75234.3786740000,3117270.9458912490,3117270.9458912490,1,DORA-USDT
2021-04-10 00:00:00,1617984000000,41.8700000000,42.8100000000,40.4500000000,40.8700000000,116045.8546640000,4817722.8842615597,4817722.8842615597,1,DORA-USDT
2021-04-10 01:00:00,1617987600000,40.8700000000,42.2300000000,40.8000000000,41.9000000000,59525.4500000000,2476997.3878804701,2476997.3878804701,1,DORA-USDT
2021-04-10 02:00:00,1617991200000,41.8800000000,42.2700000000,41.4600000000,41.4700000000,34448.4346280000,1442066.5603380799,1442066.5603380799,1,DORA-USDT
2021-04-10 03:00:00,1617994800000,41.4700000000,41.5000000000,40.9100000000,41.2700000000,35082.6376920000,1444722.8292882300,1444722.8292882300,1,DORA-USDT
2021-04-10 04:00:00,1617998400000,41.2700000000,42.0900000000,41.0900000000,41.5000000000,19320.3994650000,798066.6735335700,798066.6735335700,1,DORA-USDT
2021-04-10 05:00:00,1618002000000,41.5100000000,41.7900000000,41.2800000000,41.7100000000,24212.2988640000,1005924.3973544301,1005924.3973544301,1,DORA-USDT
2021-04-10 06:00:00,1618005600000,41.7100000000,41.7500000000,41.0900000000,41.1600000000,20598.9011260000,851360.0885259100,851360.0885259100,1,DORA-USDT
2021-04-10 07:00:00,1618009200000,41.1600000000,42.4000000000,41.1100000000,42.3900000000,30588.7221200000,1273314.5994635399,1273314.5994635399,1,DORA-USDT
2021-04-10 08:00:00,1618012800000,42.4100000000,42.4100000000,41.0900000000,41.1600000000,38025.0314020000,1584258.1691507199,1584258.1691507199,1,DORA-USDT
2021-04-10 09:00:00,1618016400000,41.1700000000,41.6000000000,41.0100000000,41.3800000000,27689.6225180000,1143649.3245016700,1143649.3245016700,1,DORA-USDT
2021-04-10 10:00:00,1618020000000,41.3800000000,41.5700000000,40.9400000000,41.2600000000,24345.2114950000,1004064.2555988100,1004064.2555988100,1,DORA-USDT
2021-04-10 11:00:00,1618023600000,41.2400000000,42.7500000000,41.2100000000,42.0700000000,53252.6924670000,2239906.6635647700,2239906.6635647700,1,DORA-USDT
2021-04-10 12:00:00,1618027200000,42.0600000000,43.0000000000,41.5500000000,42.1800000000,59252.1124120000,2508428.6393549694,2508428.6393549694,1,DORA-USDT
2021-04-10 13:00:00,1618030800000,42.1800000000,42.4000000000,41.3000000000,42.0300000000,28616.9971720000,1205790.9421072700,1205790.9421072700,1,DORA-USDT
2021-04-10 14:00:00,1618034400000,42.0300000000,42.4400000000,41.9800000000,42.0200000000,27284.9893580000,1149293.3018774199,1149293.3018774199,1,DORA-USDT
2021-04-10 15:00:00,1618038000000,42.0300000000,42.0600000000,41.5400000000,42.0500000000,23085.5902440000,965918.8080066900,965918.8080066900,1,DORA-USDT
2021-04-10 16:00:00,1618041600000,42.0700000000,42.7500000000,42.0700000000,42.6100000000,24858.3426480000,1054150.9325645999,1054150.9325645999,1,DORA-USDT
2021-04-10 17:00:00,1618045200000,42.6300000000,43.5700000000,42.1600000000,42.5300000000,44179.5396030000,1890662.2095452200,1890662.2095452200,1,DORA-USDT
2021-04-10 18:00:00,1618048800000,42.5200000000,42.5700000000,42.3000000000,42.4300000000,9685.4461880000,410848.4229965000,410848.4229965000,1,DORA-USDT
2021-04-10 19:00:00,1618052400000,42.4400000000,42.4400000000,42.0700000000,42.3100000000,12739.0569520000,538401.6820746800,538401.6820746800,1,DORA-USDT
2021-04-10 20:00:00,1618056000000,42.3100000000,42.3100000000,42.0700000000,42.1600000000,10896.8229090000,459388.8801024300,459388.8801024300,1,DORA-USDT
2021-04-10 21:00:00,1618059600000,42.1500000000,42.2700000000,41.7700000000,41.8300000000,11500.1404180000,483734.5969912500,483734.5969912500,1,DORA-USDT
2021-04-10 22:00:00,1618063200000,41.8400000000,42.2400000000,41.6100000000,42.2100000000,31549.4830380000,1324499.2437222600,1324499.2437222600,1,DORA-USDT
2021-04-10 23:00:00,1618066800000,42.1900000000,42.2700000000,41.1900000000,41.6300000000,31245.0454780000,1303061.5358703700,1303061.5358703700,1,DORA-USDT
2021-04-11 00:00:00,1618070400000,41.6300000000,41.7900000000,39.5700000000,40.4800000000,95189.5469850000,3872138.1759255398,3872138.1759255398,1,DORA-USDT
2021-04-11 01:00:00,1618074000000,40.3400000000,40.4900000000,39.6200000000,40.0800000000,38222.1940650000,1535958.4040653300,1535958.4040653300,1,DORA-USDT
2021-04-11 02:00:00,1618077600000,40.0700000000,41.4400000000,39.8800000000,41.2100000000,34903.1191790000,1418744.4413956499,1418744.4413956499,1,DORA-USDT
2021-04-11 03:00:00,1618081200000,41.2200000000,41.3000000000,40.6500000000,41.0900000000,13283.8638000000,545029.3248734400,545029.3248734400,1,DORA-USDT
2021-04-11 04:00:00,1618084800000,41.1000000000,41.5000000000,40.8000000000,40.9300000000,21752.3915150000,896649.0587374200,896649.0587374200,1,DORA-USDT
2021-04-11 05:00:00,1618088400000,40.9300000000,41.6900000000,40.9100000000,41.1800000000,30184.7897200000,1247673.0042966199,1247673.0042966199,1,DORA-USDT
2021-04-11 06:00:00,1618092000000,41.1900000000,41.3400000000,40.0500000000,40.1500000000,22130.7025370000,897725.7710026100,897725.7710026100,1,DORA-USDT
2021-04-11 07:00:00,1618095600000,40.1500000000,41.1500000000,40.1400000000,40.5200000000,31271.0594080000,1272784.1772466500,1272784.1772466500,1,DORA-USDT
2021-04-11 08:00:00,1618099200000,40.5100000000,40.5300000000,40.0000000000,40.2900000000,27195.4817820000,1094624.2070321899,1094624.2070321899,1,DORA-USDT
2021-04-11 09:00:00,1618102800000,40.3000000000,40.3100000000,39.2000000000,39.5700000000,27811.6425790000,1105829.6725169900,1105829.6725169900,1,DORA-USDT
2021-04-11 10:00:00,1618106400000,39.5700000000,39.7500000000,39.3100000000,39.7200000000,19586.8951210000,774189.2979035500,774189.2979035500,1,DORA-USDT
2021-04-11 11:00:00,1618110000000,39.7300000000,40.2500000000,39.6800000000,40.2400000000,16442.6314890000,657553.8738323000,657553.8738323000,1,DORA-USDT
2021-04-11 12:00:00,1618113600000,40.2400000000,40.2500000000,39.3000000000,39.6000000000,41286.1614660000,1639364.9826380501,1639364.9826380501,1,DORA-USDT
2021-04-11 13:00:00,1618117200000,39.5600000000,39.7100000000,39.3700000000,39.4300000000,17836.0542910000,705167.3227303800,705167.3227303800,1,DORA-USDT
2021-04-11 14:00:00,1618120800000,39.4300000000,39.5900000000,39.1400000000,39.4400000000,22599.5744470000,890908.0872800100,890908.0872800100,1,DORA-USDT
2021-04-11 15:00:00,1618124400000,39.4200000000,39.4800000000,39.1700000000,39.3300000000,14087.6471900000,553819.3738990300,553819.3738990300,1,DORA-USDT
2021-04-11 16:00:00,1618128000000,39.3400000000,39.7300000000,39.1000000000,39.3900000000,24563.1212390000,968110.6795298300,968110.6795298300,1,DORA-USDT
2021-04-11 17:00:00,1618131600000,39.4000000000,39.7300000000,39.3100000000,39.6700000000,18773.6845020000,742132.4580653900,742132.4580653900,1,DORA-USDT
2021-04-11 18:00:00,1618135200000,39.6800000000,39.7300000000,39.1600000000,39.3800000000,22177.7057270000,873403.7975173300,873403.7975173300,1,DORA-USDT
2021-04-11 19:00:00,1618138800000,39.3800000000,39.5900000000,39.3000000000,39.4200000000,8192.8377140000,322799.2741779400,322799.2741779400,1,DORA-USDT
2021-04-11 20:00:00,1618142400000,39.4200000000,39.7300000000,39.4200000000,39.6500000000,21378.2840930000,846136.4867072999,846136.4867072999,1,DORA-USDT
2021-04-11 21:00:00,1618146000000,39.6300000000,40.1000000000,39.6300000000,39.8900000000,23988.1396640000,955865.4131415400,955865.4131415400,1,DORA-USDT
2021-04-11 22:00:00,1618149600000,39.9000000000,39.9600000000,39.6600000000,39.9000000000,17664.3320710000,702839.1479121400,702839.1479121400,1,DORA-USDT
2021-04-11 23:00:00,1618153200000,39.9000000000,39.9800000000,39.4000000000,39.5500000000,17707.3022670000,702362.2792976500,702362.2792976500,1,DORA-USDT
2021-04-12 00:00:00,1618156800000,39.5500000000,42.1600000000,39.5300000000,40.7500000000,99786.8189630000,4092716.6165265599,4092716.6165265599,1,DORA-USDT
2021-04-12 01:00:00,1618160400000,40.7500000000,40.9400000000,40.1400000000,40.8900000000,24799.1385190000,1006273.1479299600,1006273.1479299600,1,DORA-USDT
2021-04-12 02:00:00,1618164000000,40.8900000000,40.9200000000,40.3600000000,40.5700000000,20189.8433850000,820185.2071808800,820185.2071808800,1,DORA-USDT
2021-04-12 03:00:00,1618167600000,40.6700000000,40.7100000000,39.2100000000,39.5000000000,42007.5052120000,1679284.1576156400,1679284.1576156400,1,DORA-USDT
2021-04-12 04:00:00,1618171200000,39.5000000000,39.9900000000,39.3000000000,39.8200000000,32529.1629190000,1293931.9363501300,1293931.9363501300,1,DORA-USDT
2021-04-12 05:00:00,1618174800000,39.8200000000,39.9600000000,39.2100000000,39.7500000000,11127.0071580000,442870.7094933400,442870.7094933400,1,DORA-USDT
2021-04-12 06:00:00,1618178400000,39.7500000000,39.7500000000,39.2000000000,39.3700000000,20656.1022930000,815676.8632656500,815676.8632656500,1,DORA-USDT
2021-04-12 07:00:00,1618182000000,39.3700000000,39.5800000000,39.2500000000,39.4300000000,14410.6409710000,568093.4410363800,568093.4410363800,1,DORA-USDT
2021-04-12 08:00:00,1618185600000,39.4200000000,40.0200000000,39.3700000000,39.9700000000,15557.6587470000,617238.3345913700,617238.3345913700,1,DORA-USDT
2021-04-12 09:00:00,1618189200000,39.9800000000,39.9900000000,38.7000000000,38.9100000000,34506.0955340000,1358540.1904924901,1358540.1904924901,1,DORA-USDT
2021-04-12 10:00:00,1618192800000,38.9100000000,39.3700000000,38.8200000000,38.9300000000,17892.1395560000,700761.9979002300,700761.9979002300,1,DORA-USDT
2021-04-12 11:00:00,1618196400000,38.9400000000,39.2500000000,38.0000000000,38.8200000000,35019.9165670000,1360414.1877639301,1360414.1877639301,1,DORA-USDT
2021-04-12 12:00:00,1618200000000,38.8000000000,39.0900000000,38.5500000000,38.6600000000,25073.1583060000,973549.8431130800,973549.8431130800,1,DORA-USDT
2021-04-12 13:00:00,1618203600000,38.6600000000,38.7300000000,37.7700000000,38.2600000000,53592.5882050000,2045885.6086081697,2045885.6086081697,1,DORA-USDT
2021-04-12 14:00:00,1618207200000,38.2700000000,38.8900000000,38.2400000000,38.8200000000,29916.2232870000,1155399.3081076299,1155399.3081076299,1,DORA-USDT
2021-04-12 15:00:00,1618210800000,38.8500000000,39.0800000000,38.2400000000,38.9400000000,24320.2286330000,945077.2039908801,945077.2039908801,1,DORA-USDT
2021-04-12 16:00:00,1618214400000,38.9300000000,38.9400000000,38.0200000000,38.1700000000,9610.7501800000,369675.6296368800,369675.6296368800,1,DORA-USDT
2021-04-12 17:00:00,1618218000000,38.1700000000,38.5300000000,37.8100000000,38.2100000000,25882.7231710000,988892.2814802000,988892.2814802000,1,DORA-USDT
2021-04-12 18:00:00,1618221600000,38.2100000000,38.5300000000,37.8100000000,38.0500000000,28705.3342690000,1097624.9740128401,1097624.9740128401,1,DORA-USDT
2021-04-12 19:00:00,1618225200000,38.0400000000,38.0500000000,37.1000000000,37.6300000000,57372.5412080000,2153297.4246343402,2153297.4246343402,1,DORA-USDT
2021-04-12 20:00:00,1618228800000,37.6300000000,37.8000000000,37.3300000000,37.7300000000,20908.8202160000,785512.6077836599,785512.6077836599,1,DORA-USDT
2021-04-12 21:00:00,1618232400000,37.7200000000,38.8500000000,37.6800000000,37.8400000000,42705.4651050000,1629553.4366809200,1629553.4366809200,1,DORA-USDT
2021-04-12 22:00:00,1618236000000,37.8200000000,38.1500000000,37.4800000000,38.0200000000,28451.5892520000,1076031.1341207600,1076031.1341207600,1,DORA-USDT
2021-04-12 23:00:00,1618239600000,38.0200000000,38.0200000000,37.0000000000,37.3400000000,39834.7981750000,1487418.1607271701,1487418.1607271701,1,DORA-USDT
2021-04-13 00:00:00,1618243200000,37.1500000000,37.5600000000,36.8000000000,36.9600000000,26152.0812530000,970283.8863620800,970283.8863620800,1,DORA-USDT
2021-04-13 01:00:00,1618246800000,36.9600000000,37.2800000000,36.8900000000,37.2500000000,10881.1909940000,403719.6792016000,403719.6792016000,1,DORA-USDT
2021-04-13 02:00:00,1618250400000,37.2600000000,38.1300000000,37.2100000000,38.0500000000,15124.3587230000,570355.3794260800,570355.3794260800,1,DORA-USDT
2021-04-13 03:00:00,1618254000000,38.0500000000,38.1000000000,37.0000000000,37.1900000000,20622.0136300000,774526.3744579500,774526.3744579500,1,DORA-USDT
2021-04-13 04:00:00,1618257600000,37.1900000000,37.5000000000,37.0700000000,37.3900000000,17219.8465120000,642026.9282727099,642026.9282727099,1,DORA-USDT
2021-04-13 05:00:00,1618261200000,37.3600000000,37.5500000000,37.2800000000,37.5500000000,13634.8360340000,510115.2945865800,510115.2945865800,1,DORA-USDT
2021-04-13 06:00:00,1618264800000,37.5400000000,37.7400000000,37.3400000000,37.5600000000,27062.2853050000,1016617.0619100000,1016617.0619100000,1,DORA-USDT
2021-04-13 07:00:00,1618268400000,37.5700000000,37.5700000000,37.2800000000,37.3200000000,20058.5607640000,750871.3328439500,750871.3328439500,1,DORA-USDT
2021-04-13 08:00:00,1618272000000,37.3100000000,37.4300000000,37.1700000000,37.4000000000,12717.5086770000,474472.8874212700,474472.8874212700,1,DORA-USDT
2021-04-13 09:00:00,1618275600000,37.4000000000,37.6000000000,37.3100000000,37.5800000000,12050.9772060000,451433.0243678500,451433.0243678500,1,DORA-USDT
2021-04-13 10:00:00,1618279200000,37.5800000000,37.6500000000,37.5200000000,37.5300000000,7734.6936170000,290648.0850864300,290648.0850864300,1,DORA-USDT
2021-04-13 11:00:00,1618282800000,37.5300000000,37.6400000000,37.1700000000,37.2900000000,19578.1290850000,733147.8927607100,733147.8927607100,1,DORA-USDT
2021-04-13 12:00:00,1618286400000,37.3400000000,39.0000000000,37.1700000000,38.5700000000,43086.9500030000,1636976.9751274700,1636976.9751274700,1,DORA-USDT
2021-04-13 13:00:00,1618290000000,38.5900000000,38.9900000000,38.0300000000,38.6700000000,39087.1006990000,1503251.0097609300,1503251.0097609300,1,DORA-USDT
2021-04-13 14:00:00,1618293600000,38.6700000000,38.9000000000,38.0800000000,38.2100000000,29369.7482720000,1132259.8471513500,1132259.8471513500,1,DORA-USDT
2021-04-13 15:00:00,1618297200000,38.2200000000,38.7900000000,38.2100000000,38.6800000000,19752.8091320000,761279.0323566101,761279.0323566101,1,DORA-USDT
2021-04-13 16:00:00,1618300800000,38.6800000000,38.8600000000,38.4000000000,38.6000000000,14535.3809760000,561760.2024901600,561760.2024901600,1,DORA-USDT
2021-04-13 17:00:00,1618304400000,38.6100000000,39.5000000000,38.5900000000,39.4900000000,22414.6546800000,875795.4977777400,875795.4977777400,1,DORA-USDT
2021-04-13 18:00:00,1618308000000,39.4900000000,41.5500000000,39.4700000000,40.6300000000,107636.6436860000,4340174.6935027801,4340174.6935027801,1,DORA-USDT
2021-04-13 19:00:00,1618311600000,40.6300000000,41.5000000000,40.0000000000,40.6900000000,52004.2444910000,2115768.7988476399,2115768.7988476399,1,DORA-USDT
2021-04-13 20:00:00,1618315200000,40.6700000000,41.4700000000,40.6700000000,41.4600000000,27301.0032690000,1123332.4475884400,1123332.4475884400,1,DORA-USDT
2021-04-13 21:00:00,1618318800000,41.4600000000,41.4800000000,39.6000000000,39.9800000000,46630.7241380000,1878442.9787029601,1878442.9787029601,1,DORA-USDT
2021-04-13 22:00:00,1618322400000,39.9800000000,40.1300000000,39.1000000000,39.4800000000,29756.6892270000,1178941.8412155500,1178941.8412155500,1,DORA-USDT
2021-04-13 23:00:00,1618326000000,39.4700000000,40.6500000000,39.4500000000,40.2700000000,27344.4253940000,1094743.5788351400,1094743.5788351400,1,DORA-USDT
2021-04-14 00:00:00,1618329600000,40.2700000000,41.7400000000,39.6900000000,41.4200000000,38261.3815290000,1570927.6845061400,1570927.6845061400,1,DORA-USDT
2021-04-14 01:00:00,1618333200000,41.4200000000,41.4800000000,40.6700000000,40.8100000000,27236.4056970000,1119947.0104347600,1119947.0104347600,1,DORA-USDT
2021-04-14 02:00:00,1618336800000,40.7900000000,40.8100000000,39.6300000000,40.3800000000,34206.0435750000,1374000.7441214300,1374000.7441214300,1,DORA-USDT
2021-04-14 03:00:00,1618340400000,40.3600000000,40.5200000000,40.0700000000,40.4200000000,17369.1634180000,699866.3210137800,699866.3210137800,1,DORA-USDT
2021-04-14 04:00:00,1618344000000,40.4300000000,40.9900000000,40.3600000000,40.5500000000,5908.9640630000,239313.3804395000,239313.3804395000,1,DORA-USDT
2021-04-14 05:00:00,1618347600000,40.5200000000,40.6500000000,40.0500000000,40.0500000000,13768.0596890000,556492.8510361200,556492.8510361200,1,DORA-USDT
2021-04-14 06:00:00,1618351200000,40.0700000000,40.6300000000,39.9100000000,40.6200000000,20642.0216960000,831095.3587735500,831095.3587735500,1,DORA-USDT
2021-04-14 07:00:00,1618354800000,40.6200000000,42.3000000000,40.5900000000,41.1900000000,52906.9331100000,2204032.5932452399,2204032.5932452399,1,DORA-USDT
2021-04-14 08:00:00,1618358400000,41.1800000000,41.2300000000,40.7100000000,41.2000000000,23532.3876480000,964243.3022060400,964243.3022060400,1,DORA-USDT
2021-04-14 09:00:00,1618362000000,41.2000000000,41.2200000000,40.7300000000,40.8200000000,18433.8628930000,754321.4682206600,754321.4682206600,1,DORA-USDT
2021-04-14 10:00:00,1618365600000,40.8100000000,40.8300000000,39.0000000000,39.4300000000,51314.2124970000,2037736.1909731701,2037736.1909731701,1,DORA-USDT
2021-04-14 11:00:00,1618369200000,39.4300000000,39.5100000000,38.1000000000,39.4900000000,49549.1120910000,1919242.0458659600,1919242.0458659600,1,DORA-USDT
2021-04-14 12:00:00,1618372800000,39.4900000000,39.8700000000,38.6000000000,38.7900000000,41810.3248030000,1641749.6921175900,1641749.6921175900,1,DORA-USDT
2021-04-14 13:00:00,1618376400000,38.7900000000,39.3400000000,38.6000000000,38.8800000000,30803.4662170000,1201223.0202671101,1201223.0202671101,1,DORA-USDT
2021-04-14 14:00:00,1618380000000,38.8800000000,39.0800000000,38.6100000000,38.7900000000,13658.7442930000,531178.9453171700,531178.9453171700,1,DORA-USDT
2021-04-14 15:00:00,1618383600000,38.8000000000,39.1700000000,38.7000000000,39.1300000000,20093.7244660000,780948.6782355300,780948.6782355300,1,DORA-USDT
2021-04-14 16:00:00,1618387200000,39.1600000000,41.0000000000,39.0100000000,40.8300000000,42139.7231060000,1689462.6653595599,1689462.6653595599,1,DORA-USDT
2021-04-14 17:00:00,1618390800000,40.8300000000,41.4700000000,38.7000000000,39.4600000000,66404.9010570000,2673505.5406301701,2673505.5406301701,1,DORA-USDT
2021-04-14 18:00:00,1618394400000,39.4600000000,39.4700000000,38.8100000000,39.0200000000,21980.7457840000,859361.3422645500,859361.3422645500,1,DORA-USDT
2021-04-14 19:00:00,1618398000000,39.0100000000,39.7200000000,38.9900000000,39.4700000000,21256.5052570000,836480.0827723600,836480.0827723600,1,DORA-USDT
2021-04-14 20:00:00,1618401600000,39.4600000000,39.6100000000,39.2100000000,39.2100000000,16547.0938940000,652523.2589109900,652523.2589109900,1,DORA-USDT
2021-04-14 21:00:00,1618405200000,39.2200000000,39.2800000000,38.6300000000,39.1600000000,25680.1102510000,1000259.1011705199,1000259.1011705199,1,DORA-USDT
2021-04-14 22:00:00,1618408800000,39.1700000000,39.1800000000,37.5000000000,37.7600000000,29337.9487590000,1130607.7541160199,1130607.7541160199,1,DORA-USDT
2021-04-14 23:00:00,1618412400000,37.7300000000,38.0000000000,37.2000000000,37.9500000000,45628.1095880000,1718187.4141108200,1718187.4141108200,1,DORA-USDT
2021-04-15 00:00:00,1618416000000,37.9600000000,39.0000000000,36.8200000000,37.8500000000,74038.0318780000,2792760.2443696801,2792760.2443696801,1,DORA-USDT
2021-04-15 01:00:00,1618419600000,37.8900000000,38.2700000000,37.6100000000,38.1900000000,40198.5861800000,1526976.4350929300,1526976.4350929300,1,DORA-USDT
2021-04-15 02:00:00,1618423200000,38.1900000000,38.1900000000,37.5100000000,37.5500000000,22963.2014370000,867971.8924734700,867971.8924734700,1,DORA-USDT
2021-04-15 03:00:00,1618426800000,37.5500000000,37.6700000000,37.2800000000,37.3900000000,21916.0728880000,821005.5405837999,821005.5405837999,1,DORA-USDT
2021-04-15 04:00:00,1618430400000,37.3900000000,37.6200000000,37.2800000000,37.5900000000,10354.7614490000,388656.9574653600,388656.9574653600,1,DORA-USDT
2021-04-15 05:00:00,1618434000000,37.5900000000,38.1200000000,37.5100000000,37.7200000000,24023.2816180000,908145.5005868600,908145.5005868600,1,DORA-USDT
2021-04-15 06:00:00,1618437600000,37.7100000000,38.2100000000,37.3000000000,38.2100000000,29088.3868460000,1097496.5398857601,1097496.5398857601,1,DORA-USDT
2021-04-15 07:00:00,1618441200000,38.2000000000,38.2400000000,37.7500000000,37.9400000000,13343.4272690000,506624.5541137500,506624.5541137500,1,DORA-USDT
2021-04-15 08:00:00,1618444800000,37.9300000000,38.6000000000,37.8200000000,38.0600000000,27933.1844630000,1066987.9789295699,1066987.9789295699,1,DORA-USDT
2021-04-15 09:00:00,1618448400000,38.0600000000,38.1300000000,37.8200000000,37.9600000000,16397.2671740000,623072.9085904900,623072.9085904900,1,DORA-USDT
2021-04-15 10:00:00,1618452000000,37.9600000000,38.0100000000,37.4000000000,37.7300000000,26877.1149390000,1013547.5068026700,1013547.5068026700,1,DORA-USDT
2021-04-15 11:00:00,1618455600000,37.7200000000,37.9000000000,37.6300000000,37.8000000000,11691.5888150000,442382.8236933300,442382.8236933300,1,DORA-USDT
2021-04-15 12:00:00,1618459200000,37.8000000000,37.9000000000,37.7000000000,37.8600000000,9813.6492770000,370838.9826106400,370838.9826106400,1,DORA-USDT
2021-04-15 13:00:00,1618462800000,37.8700000000,37.9000000000,37.7200000000,37.9000000000,12324.6405980000,465907.5191740500,465907.5191740500,1,DORA-USDT
2021-04-15 14:00:00,1618466400000,37.8900000000,38.4900000000,37.8500000000,38.1200000000,15562.1044130000,593027.7074562800,593027.7074562800,1,DORA-USDT
2021-04-15 15:00:00,1618470000000,38.1200000000,38.3800000000,37.6900000000,38.1700000000,34031.1985970000,1296195.4328935200,1296195.4328935200,1,DORA-USDT
2021-04-15 16:00:00,1618473600000,38.1700000000,38.1800000000,37.5800000000,38.0100000000,24278.2625870000,918746.6112039200,918746.6112039200,1,DORA-USDT
2021-04-15 17:00:00,1618477200000,38.0200000000,38.4000000000,37.9500000000,38.3800000000,18878.7336070000,721807.7125790000,721807.7125790000,1,DORA-USDT
2021-04-15 18:00:00,1618480800000,38.3800000000,38.4000000000,37.8800000000,37.8800000000,23195.7913200000,884577.2359865400,884577.2359865400,1,DORA-USDT
2021-04-15 19:00:00,1618484400000,37.8800000000,38.2100000000,37.8000000000,37.9900000000,17539.0757730000,667560.4074692701,667560.4074692701,1,DORA-USDT
2021-04-15 20:00:00,1618488000000,37.9900000000,39.9000000000,37.9900000000,39.4500000000,45936.9164550000,1784896.2624005999,1784896.2624005999,1,DORA-USDT
2021-04-15 21:00:00,1618491600000,39.4500000000,39.4500000000,38.6000000000,38.7100000000,53412.8973660000,2077344.8314703100,2077344.8314703100,1,DORA-USDT
2021-04-15 22:00:00,1618495200000,38.7000000000,39.6100000000,38.6100000000,39.3900000000,30301.2148980000,1189323.9965748801,1189323.9965748801,1,DORA-USDT
2021-04-15 23:00:00,1618498800000,39.3800000000,39.5900000000,39.0400000000,39.1400000000,21021.3849060000,827747.4271274999,827747.4271274999,1,DORA-USDT
2021-04-16 00:00:00,1618502400000,39.1300000000,39.1800000000,38.4700000000,39.0000000000,51236.9518290000,1990161.3255309900,1990161.3255309900,1,DORA-USDT
2021-04-16 01:00:00,1618506000000,38.9900000000,39.2200000000,38.9200000000,39.2100000000,7697.9133820000,300681.3475227300,300681.3475227300,1,DORA-USDT
2021-04-16 02:00:00,1618509600000,39.2100000000,39.5200000000,39.0500000000,39.4500000000,15283.2451020000,601437.0101236100,601437.0101236100,1,DORA-USDT
2021-04-16 03:00:00,1618513200000,39.4500000000,39.4800000000,39.0200000000,39.1100000000,16090.4238480000,630917.0293263301,630917.0293263301,1,DORA-USDT
2021-04-16 04:00:00,1618516800000,39.1000000000,39.3500000000,38.9000000000,39.3100000000,19165.6387830000,750238.9191218900,750238.9191218900,1,DORA-USDT
2021-04-16 05:00:00,1618520400000,39.3100000000,39.4100000000,38.8300000000,38.9100000000,21141.4482280000,827447.0368449599,827447.0368449599,1,DORA-USDT
2021-04-16 06:00:00,1618524000000,38.8600000000,39.1200000000,38.2900000000,38.4600000000,23652.9399030000,915659.6924863900,915659.6924863900,1,DORA-USDT
2021-04-16 07:00:00,1618527600000,38.4200000000,39.0900000000,38.2400000000,38.7900000000,34777.6439370000,1346707.0475314599,1346707.0475314599,1,DORA-USDT
2021-04-16 08:00:00,1618531200000,38.7900000000,38.8800000000,38.1600000000,38.2500000000,16240.4897460000,626120.6094375000,626120.6094375000,1,DORA-USDT
2021-04-16 09:00:00,1618534800000,38.2500000000,38.3900000000,37.6200000000,38.3500000000,29343.2696820000,1115368.7165488200,1115368.7165488200,1,DORA-USDT
2021-04-16 10:00:00,1618538400000,38.3200000000,38.3800000000,37.4200000000,37.4900000000,25883.4781050000,979377.1346253500,979377.1346253500,1,DORA-USDT
2021-04-16 11:00:00,1618542000000,37.4800000000,37.5100000000,37.2000000000,37.4900000000,23255.2101450000,869656.9309159000,869656.9309159000,1,DORA-USDT
2021-04-16 12:00:00,1618545600000,37.4800000000,37.5000000000,37.0200000000,37.2500000000,30720.2049810000,1144669.1253788499,1144669.1253788499,1,DORA-USDT
2021-04-16 13:00:00,1618549200000,37.2500000000,37.9400000000,37.2500000000,37.6500000000,22176.3016870000,834079.7559693001,834079.7559693001,1,DORA-USDT
2021-04-16 14:00:00,1618552800000,37.6500000000,37.6600000000,36.9800000000,37.2300000000,21123.3459780000,786900.4043229300,786900.4043229300,1,DORA-USDT
2021-04-16 15:00:00,1618556400000,37.1800000000,37.3500000000,36.9800000000,37.1900000000,21940.5583750000,814862.9251207300,814862.9251207300,1,DORA-USDT
2021-04-16 16:00:00,1618560000000,37.1900000000,37.4800000000,37.0200000000,37.3900000000,20531.1458270000,765797.2071852700,765797.2071852700,1,DORA-USDT
2021-04-16 17:00:00,1618563600000,37.3900000000,37.4700000000,36.8900000000,37.1000000000,24037.6591430000,892212.3694476800,892212.3694476800,1,DORA-USDT
2021-04-16 18:00:00,1618567200000,37.1200000000,37.3000000000,36.9000000000,37.0600000000,20429.3943230000,756951.8808740700,756951.8808740700,1,DORA-USDT
2021-04-16 19:00:00,1618570800000,37.0500000000,37.1500000000,36.5600000000,36.6800000000,29402.7449530000,1083323.3152769899,1083323.3152769899,1,DORA-USDT
2021-04-16 20:00:00,1618574400000,36.6800000000,37.0500000000,35.8000000000,35.9600000000,38588.5487530000,1408142.9125177800,1408142.9125177800,1,DORA-USDT
2021-04-16 21:00:00,1618578000000,35.9800000000,35.9900000000,29.3000000000,34.5200000000,156821.4328740000,5266715.3097629901,5266715.3097629901,1,DORA-USDT
2021-04-16 22:00:00,1618581600000,34.5300000000,34.9000000000,32.6600000000,34.8700000000,87088.9336680000,2930170.1004854501,2930170.1004854501,1,DORA-USDT
2021-04-16 23:00:00,1618585200000,34.8700000000,35.7300000000,33.5200000000,33.6300000000,63297.0329930000,2183957.9852699698,2183957.9852699698,1,DORA-USDT
2021-04-17 00:00:00,1618588800000,33.6300000000,36.8200000000,32.5000000000,35.3100000000,151923.4720010000,5219647.9281477202,5219647.9281477202,1,DORA-USDT
2021-04-17 01:00:00,1618592400000,35.2600000000,36.2500000000,32.5300000000,34.4800000000,164177.2913980000,5669982.3693113504,5669982.3693113504,1,DORA-USDT
2021-04-17 02:00:00,1618596000000,34.4700000000,34.5600000000,33.5000000000,33.6400000000,37380.0767030000,1269414.3212770000,1269414.3212770000,1,DORA-USDT
2021-04-17 03:00:00,1618599600000,33.6300000000,34.4300000000,33.6000000000,33.8600000000,42898.1673370000,1460349.6451383701,1460349.6451383701,1,DORA-USDT
2021-04-17 04:00:00,1618603200000,33.8600000000,34.4000000000,33.7600000000,34.2900000000,22635.8050990000,769295.6872450100,769295.6872450100,1,DORA-USDT
2021-04-17 05:00:00,1618606800000,34.3000000000,34.8600000000,34.2800000000,34.4800000000,29081.5500620000,1005092.4695622300,1005092.4695622300,1,DORA-USDT
2021-04-17 06:00:00,1618610400000,34.4800000000,34.4900000000,33.4500000000,33.4600000000,44348.0796900000,1505552.6606048499,1505552.6606048499,1,DORA-USDT
2021-04-17 07:00:00,1618614000000,33.4600000000,33.8100000000,31.4100000000,32.1100000000,80835.6081730000,2649167.5464438698,2649167.5464438698,1,DORA-USDT
2021-04-17 08:00:00,1618617600000,32.1100000000,33.0100000000,32.0100000000,32.9500000000,55477.7448250000,1807622.6046209000,1807622.6046209000,1,DORA-USDT
2021-04-17 09:00:00,1618621200000,32.9500000000,34.0900000000,32.6700000000,33.8300000000,43238.0626230000,1437182.8984343000,1437182.8984343000,1,DORA-USDT
2021-04-17 10:00:00,1618624800000,33.8300000000,34.5100000000,33.6500000000,33.9900000000,38615.6236410000,1315802.2956572601,1315802.2956572601,1,DORA-USDT
2021-04-17 11:00:00,1618628400000,33.9900000000,34.4500000000,33.5900000000,34.2200000000,24487.7980750000,834252.5004425700,834252.5004425700,1,DORA-USDT
2021-04-17 12:00:00,1618632000000,34.2200000000,34.2600000000,32.9700000000,33.3800000000,44678.1045400000,1497186.4219330300,1497186.4219330300,1,DORA-USDT
2021-04-17 13:00:00,1618635600000,33.3900000000,34.2500000000,33.3500000000,33.9200000000,55080.5772210000,1863295.3835270901,1863295.3835270901,1,DORA-USDT
2021-04-17 14:00:00,1618639200000,33.9200000000,34.4000000000,33.6200000000,33.6500000000,36456.4039370000,1243687.6266204000,1243687.6266204000,1,DORA-USDT
2021-04-17 15:00:00,1618642800000,33.6500000000,33.9600000000,32.6300000000,33.8000000000,67101.7926740000,2229422.0102164694,2229422.0102164694,1,DORA-USDT
2021-04-17 16:00:00,1618646400000,33.7700000000,33.8600000000,32.5300000000,32.9000000000,39710.2338950000,1312250.3332794199,1312250.3332794199,1,DORA-USDT
2021-04-17 17:00:00,1618650000000,32.9200000000,33.7600000000,32.3300000000,32.4700000000,57318.3730450000,1898344.5712250799,1898344.5712250799,1,DORA-USDT
2021-04-17 18:00:00,1618653600000,32.4600000000,32.7600000000,32.0400000000,32.4800000000,31215.0284060000,1015292.0848484000,1015292.0848484000,1,DORA-USDT
2021-04-17 19:00:00,1618657200000,32.4100000000,32.6600000000,32.1200000000,32.6300000000,20251.5025050000,657086.8320765800,657086.8320765800,1,DORA-USDT
2021-04-17 20:00:00,1618660800000,32.6300000000,32.7000000000,31.9500000000,32.6100000000,44920.0675730000,1454753.8044501799,1454753.8044501799,1,DORA-USDT
2021-04-17 21:00:00,1618664400000,32.6000000000,32.7000000000,32.0400000000,32.4300000000,29372.3667770000,950998.6219252400,950998.6219252400,1,DORA-USDT
2021-04-17 22:00:00,1618668000000,32.4300000000,33.0000000000,32.2000000000,32.8200000000,18989.8596640000,618944.1697961900,618944.1697961900,1,DORA-USDT
2021-04-17 23:00:00,1618671600000,32.8400000000,33.2100000000,32.5600000000,32.8400000000,18872.7196010000,621480.6908819400,621480.6908819400,1,DORA-USDT
2021-04-18 00:00:00,1618675200000,32.8400000000,32.9600000000,32.1300000000,32.1600000000,27359.0848520000,887093.6525325400,887093.6525325400,1,DORA-USDT
2021-04-18 01:00:00,1618678800000,32.1700000000,32.3600000000,31.9100000000,32.1000000000,16697.8792910000,536755.3207671799,536755.3207671799,1,DORA-USDT
2021-04-18 02:00:00,1618682400000,32.0800000000,32.5400000000,31.9300000000,32.4800000000,22113.0887840000,712595.1844096601,712595.1844096601,1,DORA-USDT
2021-04-18 03:00:00,1618686000000,32.4700000000,32.8400000000,32.3600000000,32.5300000000,16858.4765120000,548513.2323097000,548513.2323097000,1,DORA-USDT
2021-04-18 04:00:00,1618689600000,32.5400000000,32.6100000000,32.3800000000,32.4900000000,12440.0513750000,404182.9363977900,404182.9363977900,1,DORA-USDT
2021-04-18 05:00:00,1618693200000,32.4800000000,32.5400000000,32.4200000000,32.4500000000,7508.3237590000,243970.8680227600,243970.8680227600,1,DORA-USDT
2021-04-18 06:00:00,1618696800000,32.4400000000,32.4500000000,32.4000000000,32.4300000000,1707.4198590000,55370.9000797200,55370.9000797200,1,DORA-USDT
2021-04-18 07:00:00,1618700400000,32.4300000000,32.5400000000,32.3500000000,32.3600000000,10528.3454760000,341358.0415744500,341358.0415744500,1,DORA-USDT
2021-04-18 08:00:00,1618704000000,32.3700000000,32.3700000000,30.8000000000,30.8300000000,45438.2668050000,1430728.7217575901,1430728.7217575901,1,DORA-USDT
2021-04-18 09:00:00,1618707600000,30.8300000000,30.9200000000,29.8100000000,29.9600000000,49231.4747710000,1491746.4704764900,1491746.4704764900,1,DORA-USDT
2021-04-18 10:00:00,1618711200000,29.9700000000,30.1800000000,29.2000000000,29.2700000000,45079.6685950000,1338289.1208563300,1338289.1208563300,1,DORA-USDT
2021-04-18 11:00:00,1618714800000,29.2600000000,29.3100000000,21.8800000000,26.9000000000,183920.4390210000,4812843.3142685294,4812843.3142685294,1,DORA-USDT
2021-04-18 12:00:00,1618718400000,26.9600000000,27.4900000000,25.9400000000,26.8600000000,91305.7305570000,2444464.8345683399,2444464.8345683399,1,DORA-USDT
2021-04-18 13:00:00,1618722000000,26.8400000000,28.2800000000,26.7000000000,27.7200000000,62115.7183370000,1720867.4387166600,1720867.4387166600,1,DORA-USDT
2021-04-18 14:00:00,1618725600000,27.7200000000,29.0000000000,27.7100000000,28.4700000000,49841.5282440000,1413542.0909201100,1413542.0909201100,1,DORA-USDT
2021-04-18 15:00:00,1618729200000,28.4700000000,33.2000000000,28.4600000000,29.2600000000,111171.1958360000,3351340.5165726999,3351340.5165726999,1,DORA-USDT
2021-04-18 16:00:00,1618732800000,29.2800000000,29.9600000000,28.3800000000,28.6300000000,87214.2250090000,2550412.9497100301,2550412.9497100301,1,DORA-USDT
2021-04-18 17:00:00,1618736400000,28.6300000000,28.8300000000,27.1500000000,27.2600000000,53397.3741530000,1484012.1575420899,1484012.1575420899,1,DORA-USDT
2021-04-18 18:00:00,1618740000000,27.2700000000,28.4900000000,27.2000000000,27.7000000000,52390.9539560000,1466838.3994120201,1466838.3994120201,1,DORA-USDT
2021-04-18 19:00:00,1618743600000,27.6900000000,29.8600000000,27.3900000000,27.6700000000,113680.2722560000,3230079.0388202900,3230079.0388202900,1,DORA-USDT
2021-04-18 20:00:00,1618747200000,27.6500000000,27.9300000000,26.5500000000,27.8500000000,61959.7108980000,1697092.4957057899,1697092.4957057899,1,DORA-USDT
2021-04-18 21:00:00,1618750800000,27.8600000000,28.8200000000,27.3400000000,28.6100000000,58591.2777690000,1667184.9948538200,1667184.9948538200,1,DORA-USDT
2021-04-18 22:00:00,1618754400000,28.6000000000,28.6600000000,28.3700000000,28.5200000000,14038.8422750000,400382.1197303100,400382.1197303100,1,DORA-USDT
2021-04-18 23:00:00,1618758000000,28.5200000000,28.5300000000,27.0100000000,27.5100000000,49717.5132220000,1376995.0727032500,1376995.0727032500,1,DORA-USDT
2021-04-19 00:00:00,1618761600000,27.4600000000,30.6600000000,27.3000000000,29.7400000000,112917.3490880000,3260223.4272152199,3260223.4272152199,1,DORA-USDT
2021-04-19 01:00:00,1618765200000,29.6900000000,29.9000000000,28.2200000000,28.7100000000,71168.2463360000,2073147.2022947399,2073147.2022947399,1,DORA-USDT
2021-04-19 02:00:00,1618768800000,28.7100000000,28.8800000000,28.5300000000,28.6600000000,21389.1483400000,613231.7781400700,613231.7781400700,1,DORA-USDT
2021-04-19 03:00:00,1618772400000,28.6700000000,28.8700000000,28.6100000000,28.7500000000,11722.0631010000,336703.5534265300,336703.5534265300,1,DORA-USDT
2021-04-19 04:00:00,1618776000000,28.7500000000,29.0500000000,28.6900000000,28.8500000000,19477.3392210000,562447.1545532100,562447.1545532100,1,DORA-USDT
2021-04-19 05:00:00,1618779600000,28.8500000000,28.9500000000,28.1200000000,28.1400000000,29916.7456390000,853528.0720084900,853528.0720084900,1,DORA-USDT
2021-04-19 06:00:00,1618783200000,28.1300000000,28.3900000000,27.4300000000,28.3100000000,52907.4139020000,1471653.4487032800,1471653.4487032800,1,DORA-USDT
2021-04-19 07:00:00,1618786800000,28.3100000000,29.6000000000,28.3000000000,28.8900000000,77386.0900330000,2241606.7992868298,2241606.7992868298,1,DORA-USDT
2021-04-19 08:00:00,1618790400000,28.8300000000,28.8700000000,27.5200000000,28.8600000000,83051.9362250000,2345622.3305456601,2345622.3305456601,1,DORA-USDT
2021-04-19 09:00:00,1618794000000,28.8600000000,29.2500000000,28.1900000000,28.7200000000,60685.0268090000,1743103.7149801401,1743103.7149801401,1,DORA-USDT
2021-04-19 10:00:00,1618797600000,28.7400000000,28.7500000000,27.9600000000,28.3500000000,34369.1083440000,973654.9903054601,973654.9903054601,1,DORA-USDT
2021-04-19 11:00:00,1618801200000,28.3400000000,31.8400000000,27.9500000000,29.5300000000,90096.3153710000,2679757.7516004601,2679757.7516004601,1,DORA-USDT
2021-04-19 12:00:00,1618804800000,29.5200000000,29.6300000000,29.2200000000,29.5700000000,25007.7963140000,737485.3546970100,737485.3546970100,1,DORA-USDT
2021-04-19 13:00:00,1618808400000,29.5800000000,29.8500000000,29.4900000000,29.5900000000,22859.9995820000,678250.2718279200,678250.2718279200,1,DORA-USDT
2021-04-19 14:00:00,1618812000000,29.5900000000,29.6200000000,28.9100000000,29.2600000000,39380.9256430000,1148372.7941218300,1148372.7941218300,1,DORA-USDT
2021-04-19 15:00:00,1618815600000,29.2500000000,29.7900000000,29.1600000000,29.2500000000,37338.8731480000,1100804.0112774300,1100804.0112774300,1,DORA-USDT
2021-04-19 16:00:00,1618819200000,29.2600000000,29.5500000000,28.1500000000,28.3500000000,54999.5719690000,1585205.8151299499,1585205.8151299499,1,DORA-USDT
2021-04-19 17:00:00,1618822800000,28.3500000000,29.0700000000,28.0400000000,28.1800000000,43465.6885930000,1239923.8138651701,1239923.8138651701,1,DORA-USDT
2021-04-19 18:00:00,1618826400000,28.1800000000,28.1800000000,27.6700000000,27.7300000000,37078.0317530000,1033924.2119258600,1033924.2119258600,1,DORA-USDT
2021-04-19 19:00:00,1618830000000,27.7300000000,28.1900000000,27.6100000000,28.0000000000,27538.8770850000,768348.2023276100,768348.2023276100,1,DORA-USDT
2021-04-19 20:00:00,1618833600000,28.0000000000,28.8500000000,27.9900000000,28.1400000000,57287.4906300000,1623840.8846388799,1623840.8846388799,1,DORA-USDT
2021-04-19 21:00:00,1618837200000,28.1400000000,28.7100000000,27.5000000000,27.5400000000,58325.4722600000,1633273.4100042500,1633273.4100042500,1,DORA-USDT
2021-04-19 22:00:00,1618840800000,27.5400000000,27.5400000000,26.2000000000,26.5400000000,41258.6566650000,1107591.7945741999,1107591.7945741999,1,DORA-USDT
2021-04-19 23:00:00,1618844400000,26.5300000000,27.0600000000,25.8500000000,26.4700000000,83837.4628100000,2207587.8152509290,2207587.8152509290,1,DORA-USDT
2021-04-20 00:00:00,1618848000000,26.4700000000,27.2100000000,26.3700000000,27.0600000000,39124.8653210000,1053721.9425457700,1053721.9425457700,1,DORA-USDT
2021-04-20 01:00:00,1618851600000,27.0500000000,27.0900000000,26.5300000000,26.6200000000,29393.9719180000,789972.8437497400,789972.8437497400,1,DORA-USDT
2021-04-20 02:00:00,1618855200000,26.6200000000,26.6600000000,25.8800000000,25.9000000000,30492.5773250000,799924.7870514500,799924.7870514500,1,DORA-USDT
2021-04-20 03:00:00,1618858800000,25.9100000000,26.1300000000,25.8500000000,26.0900000000,14028.4939830000,365159.8479082900,365159.8479082900,1,DORA-USDT
2021-04-20 04:00:00,1618862400000,26.1000000000,26.8700000000,26.0700000000,26.7500000000,21277.4686790000,564936.1467729500,564936.1467729500,1,DORA-USDT
2021-04-20 05:00:00,1618866000000,26.7500000000,26.9700000000,26.7200000000,26.9100000000,13766.5525720000,369623.1623018400,369623.1623018400,1,DORA-USDT
2021-04-20 06:00:00,1618869600000,26.9100000000,27.3200000000,26.8700000000,27.2100000000,24822.0401550000,672718.1358004700,672718.1358004700,1,DORA-USDT
2021-04-20 07:00:00,1618873200000,27.2100000000,27.3200000000,26.4500000000,26.5600000000,27018.4294260000,723782.3223367200,723782.3223367200,1,DORA-USDT
2021-04-20 08:00:00,1618876800000,26.5600000000,26.5700000000,25.6800000000,26.4600000000,51888.9530040000,1360586.1089419799,1360586.1089419799,1,DORA-USDT
2021-04-20 09:00:00,1618880400000,26.4700000000,27.8600000000,26.4300000000,26.5100000000,69015.2297980000,1874157.2980767800,1874157.2980767800,1,DORA-USDT
2021-04-20 10:00:00,1618884000000,26.5100000000,26.5200000000,23.5000000000,24.0900000000,112455.6340550000,2827276.2764021694,2827276.2764021694,1,DORA-USDT
2021-04-20 11:00:00,1618887600000,24.0600000000,25.5000000000,23.8000000000,25.4600000000,79649.8019530000,1967074.2138637097,1967074.2138637097,1,DORA-USDT
2021-04-20 12:00:00,1618891200000,25.4300000000,25.7700000000,24.0000000000,25.2700000000,110041.9895850000,2733363.9938598601,2733363.9938598601,1,DORA-USDT
2021-04-20 13:00:00,1618894800000,25.3000000000,25.6300000000,25.1800000000,25.3300000000,37960.3246050000,964474.3590075700,964474.3590075700,1,DORA-USDT
2021-04-20 14:00:00,1618898400000,25.3700000000,25.5100000000,24.6800000000,24.7100000000,36871.8926970000,923033.5567849000,923033.5567849000,1,DORA-USDT
2021-04-20 15:00:00,1618902000000,24.7000000000,25.5000000000,24.2200000000,24.7600000000,53366.2680640000,1318958.6094064701,1318958.6094064701,1,DORA-USDT
2021-04-20 16:00:00,1618905600000,24.7600000000,25.5100000000,24.6900000000,25.5000000000,43728.8528620000,1098005.7926908201,1098005.7926908201,1,DORA-USDT
2021-04-20 17:00:00,1618909200000,25.4800000000,25.7300000000,24.9100000000,24.9600000000,35015.5836270000,888714.3685741900,888714.3685741900,1,DORA-USDT
2021-04-20 18:00:00,1618912800000,24.9600000000,26.8000000000,24.7100000000,25.0900000000,74027.6258990000,1873999.5808786401,1873999.5808786401,1,DORA-USDT
2021-04-20 19:00:00,1618916400000,25.0900000000,25.4200000000,25.0100000000,25.1700000000,37907.1132850000,956678.7360050600,956678.7360050600,1,DORA-USDT
2021-04-20 20:00:00,1618920000000,25.1700000000,25.7100000000,25.0300000000,25.2000000000,31599.4291070000,801711.3090917100,801711.3090917100,1,DORA-USDT
2021-04-20 21:00:00,1618923600000,25.3000000000,25.4200000000,24.5100000000,25.2300000000,47127.8292790000,1181863.7890342199,1181863.7890342199,1,DORA-USDT
2021-04-20 22:00:00,1618927200000,25.2400000000,25.4100000000,24.2500000000,24.9100000000,62286.3117620000,1549588.6678227100,1549588.6678227100,1,DORA-USDT
2021-04-20 23:00:00,1618930800000,24.9400000000,26.2000000000,24.7300000000,25.3100000000,53751.3648600000,1352675.0985371200,1352675.0985371200,1,DORA-USDT
2021-04-21 00:00:00,1618934400000,25.4200000000,25.4500000000,24.6700000000,24.6800000000,29807.6826290000,746518.0933171400,746518.0933171400,1,DORA-USDT
2021-04-21 01:00:00,1618938000000,24.6800000000,25.0500000000,24.6100000000,25.0500000000,17453.5642150000,432516.9046084900,432516.9046084900,1,DORA-USDT
2021-04-21 02:00:00,1618941600000,25.0400000000,25.5200000000,25.0400000000,25.5100000000,22863.5236180000,578807.2394917300,578807.2394917300,1,DORA-USDT
2021-04-21 03:00:00,1618945200000,25.5000000000,25.7400000000,25.4800000000,25.7300000000,7116.8328450000,181986.1132554200,181986.1132554200,1,DORA-USDT
2021-04-21 04:00:00,1618948800000,25.7100000000,25.9500000000,25.5700000000,25.8200000000,19143.6052940000,493497.5195529300,493497.5195529300,1,DORA-USDT
2021-04-21 05:00:00,1618952400000,25.8100000000,25.9900000000,25.5800000000,25.8100000000,12186.4433570000,315032.2687038600,315032.2687038600,1,DORA-USDT
2021-04-21 06:00:00,1618956000000,25.8200000000,25.8700000000,25.7800000000,25.7800000000,6901.7217330000,178123.8610378200,178123.8610378200,1,DORA-USDT
2021-04-21 07:00:00,1618959600000,25.7900000000,25.8300000000,25.3900000000,25.5300000000,28467.2901260000,728040.3406230900,728040.3406230900,1,DORA-USDT
2021-04-21 08:00:00,1618963200000,25.5300000000,27.8000000000,25.5200000000,26.9100000000,81459.5495770000,2184749.4136020401,2184749.4136020401,1,DORA-USDT
2021-04-21 09:00:00,1618966800000,26.9100000000,31.1700000000,26.9100000000,29.7800000000,171457.9225320000,5036259.3286133800,5036259.3286133800,1,DORA-USDT
2021-04-21 10:00:00,1618970400000,29.7700000000,31.0000000000,29.4300000000,29.6900000000,47539.1596180000,1437886.9439639300,1437886.9439639300,1,DORA-USDT
2021-04-21 11:00:00,1618974000000,29.6800000000,30.1900000000,28.8800000000,28.9000000000,53676.7633380000,1587659.7970659300,1587659.7970659300,1,DORA-USDT
2021-04-21 12:00:00,1618977600000,28.9300000000,29.9900000000,28.3300000000,29.1900000000,59836.9527790000,1753033.2097068899,1753033.2097068899,1,DORA-USDT
2021-04-21 13:00:00,1618981200000,29.1900000000,30.4200000000,29.0200000000,29.9600000000,61431.4157910000,1827970.2963738297,1827970.2963738297,1,DORA-USDT
2021-04-21 14:00:00,1618984800000,29.9500000000,30.0600000000,28.5000000000,29.4000000000,73806.3628910000,2172448.2673058799,2172448.2673058799,1,DORA-USDT
2021-04-21 15:00:00,1618988400000,29.4000000000,30.3300000000,29.2400000000,29.8400000000,41059.5925380000,1222685.7151765099,1222685.7151765099,1,DORA-USDT
2021-04-21 16:00:00,1618992000000,29.9300000000,30.0000000000,27.8800000000,28.6100000000,71438.5333970000,2079720.4501591097,2079720.4501591097,1,DORA-USDT
2021-04-21 17:00:00,1618995600000,28.6300000000,29.5000000000,28.4600000000,29.1500000000,43926.7425640000,1274330.7877937900,1274330.7877937900,1,DORA-USDT
2021-04-21 18:00:00,1618999200000,29.1900000000,29.3400000000,28.1900000000,28.2800000000,42852.3272190000,1232468.4004193000,1232468.4004193000,1,DORA-USDT
2021-04-21 19:00:00,1619002800000,28.2700000000,28.7800000000,27.5000000000,27.8000000000,55053.0160550000,1551972.6923396599,1551972.6923396599,1,DORA-USDT
2021-04-21 20:00:00,1619006400000,27.7700000000,28.9400000000,27.7400000000,28.6500000000,33596.5041150000,949033.8213465200,949033.8213465200,1,DORA-USDT
2021-04-21 21:00:00,1619010000000,28.6500000000,28.6800000000,28.2100000000,28.4300000000,26344.1585860000,749240.4983577700,749240.4983577700,1,DORA-USDT
2021-04-21 22:00:00,1619013600000,28.4300000000,29.2300000000,28.3600000000,28.9400000000,41778.5824870000,1205996.2434239399,1205996.2434239399,1,DORA-USDT
2021-04-21 23:00:00,1619017200000,28.9400000000,29.4800000000,28.8100000000,29.1800000000,25766.6676610000,751653.7516324400,751653.7516324400,1,DORA-USDT
2021-04-22 00:00:00,1619020800000,29.1900000000,30.9500000000,28.5500000000,30.2800000000,70109.5768900000,2066404.3861488097,2066404.3861488097,1,DORA-USDT
2021-04-22 01:00:00,1619024400000,30.3200000000,32.0000000000,29.9600000000,30.2000000000,98021.5940430000,3037319.9494573800,3037319.9494573800,1,DORA-USDT
2021-04-22 02:00:00,1619028000000,30.2200000000,30.5600000000,29.6300000000,30.0000000000,44357.2059910000,1330447.7580953799,1330447.7580953799,1,DORA-USDT
2021-04-22 03:00:00,1619031600000,30.0100000000,30.4000000000,29.9700000000,30.3300000000,11780.8996400000,355588.4298494000,355588.4298494000,1,DORA-USDT
2021-04-22 04:00:00,1619035200000,30.3100000000,30.4000000000,29.0200000000,29.2000000000,41959.8721450000,1247629.7315940701,1247629.7315940701,1,DORA-USDT
2021-04-22 05:00:00,1619038800000,29.2100000000,31.2700000000,29.2000000000,31.0100000000,69206.6484770000,2092627.7118995700,2092627.7118995700,1,DORA-USDT
2021-04-22 06:00:00,1619042400000,31.0100000000,31.0800000000,29.7200000000,29.8200000000,47451.6241870000,1438436.3532890501,1438436.3532890501,1,DORA-USDT
2021-04-22 07:00:00,1619046000000,29.8200000000,29.8300000000,28.6100000000,28.7000000000,57193.9277520000,1661790.6340635200,1661790.6340635200,1,DORA-USDT
2021-04-22 08:00:00,1619049600000,28.7100000000,28.8500000000,28.0100000000,28.6900000000,52092.3735950000,1480343.9405915199,1480343.9405915199,1,DORA-USDT
2021-04-22 09:00:00,1619053200000,28.6600000000,29.2300000000,28.5200000000,28.5300000000,34314.5632710000,990689.6357098500,990689.6357098500,1,DORA-USDT
2021-04-22 10:00:00,1619056800000,28.5300000000,28.7900000000,27.2000000000,28.3000000000,57979.5096620000,1618065.0237001199,1618065.0237001199,1,DORA-USDT
2021-04-22 11:00:00,1619060400000,28.3000000000,28.3800000000,28.0000000000,28.0200000000,22322.1409090000,629071.3060429200,629071.3060429200,1,DORA-USDT
2021-04-22 12:00:00,1619064000000,28.0100000000,28.1700000000,27.3100000000,28.1700000000,37991.6912620000,1051729.5720385199,1051729.5720385199,1,DORA-USDT
2021-04-22 13:00:00,1619067600000,28.1900000000,28.9000000000,28.1700000000,28.8800000000,41536.3137250000,1187092.2624497900,1187092.2624497900,1,DORA-USDT
2021-04-22 14:00:00,1619071200000,28.8800000000,29.4100000000,28.2800000000,28.4300000000,51413.3161400000,1482043.3959420600,1482043.3959420600,1,DORA-USDT
2021-04-22 15:00:00,1619074800000,28.4300000000,28.5000000000,28.1000000000,28.3600000000,25984.7325290000,735804.8340151000,735804.8340151000,1,DORA-USDT
2021-04-22 16:00:00,1619078400000,28.3600000000,28.3800000000,27.6800000000,27.7000000000,30428.1377230000,852078.9244359700,852078.9244359700,1,DORA-USDT
2021-04-22 17:00:00,1619082000000,27.7100000000,28.1000000000,27.6700000000,28.0500000000,24020.3421790000,669368.6306769000,669368.6306769000,1,DORA-USDT
2021-04-22 18:00:00,1619085600000,28.0600000000,28.3300000000,28.0500000000,28.1600000000,17005.2713790000,479968.5904215000,479968.5904215000,1,DORA-USDT
2021-04-22 19:00:00,1619089200000,28.1600000000,28.8600000000,28.1000000000,28.1900000000,32283.5605510000,917809.4639381500,917809.4639381500,1,DORA-USDT
2021-04-22 20:00:00,1619092800000,28.1900000000,28.4500000000,27.6200000000,27.9500000000,48141.3947420000,1348984.8330686900,1348984.8330686900,1,DORA-USDT
2021-04-22 21:00:00,1619096400000,27.9500000000,28.1900000000,27.8300000000,28.1500000000,21605.1799680000,604646.0492801900,604646.0492801900,1,DORA-USDT
2021-04-22 22:00:00,1619100000000,28.1400000000,28.7300000000,27.7300000000,27.8500000000,19031.3532360000,532182.5970974400,532182.5970974400,1,DORA-USDT
2021-04-22 23:00:00,1619103600000,27.8500000000,27.9600000000,27.7700000000,27.8300000000,17264.7959820000,480765.8354313300,480765.8354313300,1,DORA-USDT
2021-04-23 00:00:00,1619107200000,27.8400000000,28.1900000000,27.8400000000,27.9200000000,19661.2492310000,550875.4100931900,550875.4100931900,1,DORA-USDT
2021-04-23 01:00:00,1619110800000,27.9200000000,28.4000000000,27.8000000000,27.8300000000,37525.2972440000,1053017.1573374800,1053017.1573374800,1,DORA-USDT
2021-04-23 02:00:00,1619114400000,27.8300000000,27.8300000000,27.2100000000,27.3800000000,35697.6076760000,979443.1799296900,979443.1799296900,1,DORA-USDT
2021-04-23 03:00:00,1619118000000,27.3700000000,27.3700000000,27.0300000000,27.0400000000,17393.4740000000,472639.4346108600,472639.4346108600,1,DORA-USDT
2021-04-23 04:00:00,1619121600000,27.0400000000,27.2900000000,27.0200000000,27.1200000000,11331.0530510000,307751.7256170300,307751.7256170300,1,DORA-USDT
2021-04-23 05:00:00,1619125200000,27.1100000000,27.1300000000,25.7000000000,25.9000000000,53922.1731550000,1415575.8370038499,1415575.8370038499,1,DORA-USDT
2021-04-23 06:00:00,1619128800000,25.8900000000,26.3900000000,25.7000000000,25.7700000000,48893.0538790000,1273951.2068569800,1273951.2068569800,1,DORA-USDT
2021-04-23 07:00:00,1619132400000,25.7700000000,25.8200000000,25.7000000000,25.7000000000,11891.3385910000,306001.4211453700,306001.4211453700,1,DORA-USDT
2021-04-23 08:00:00,1619136000000,25.7000000000,26.2000000000,25.5100000000,25.5800000000,38391.0479360000,993047.5873845400,993047.5873845400,1,DORA-USDT
2021-04-23 09:00:00,1619139600000,25.5500000000,25.6300000000,24.0000000000,24.5700000000,88512.6271050000,2189016.1541596800,2189016.1541596800,1,DORA-USDT
2021-04-23 10:00:00,1619143200000,24.5100000000,24.5100000000,22.8000000000,24.0900000000,109627.5840860000,2586098.1180444998,2586098.1180444998,1,DORA-USDT
2021-04-23 11:00:00,1619146800000,24.0900000000,25.2600000000,23.3300000000,25.2000000000,89276.1467530000,2156453.0025023599,2156453.0025023599,1,DORA-USDT
2021-04-23 12:00:00,1619150400000,25.1800000000,25.8000000000,24.3000000000,24.5200000000,122025.6462590000,3060425.4060421400,3060425.4060421400,1,DORA-USDT
2021-04-23 13:00:00,1619154000000,24.5200000000,25.8500000000,24.0000000000,25.3100000000,141640.0897060000,3553130.7323300601,3553130.7323300601,1,DORA-USDT
2021-04-23 14:00:00,1619157600000,25.3100000000,25.4100000000,24.3500000000,24.6300000000,50080.4769950000,1249612.6578152899,1249612.6578152899,1,DORA-USDT
2021-04-23 15:00:00,1619161200000,24.6100000000,25.1600000000,24.3200000000,24.6800000000,49739.8180290000,1232414.1703818101,1232414.1703818101,1,DORA-USDT
2021-04-23 16:00:00,1619164800000,24.6800000000,25.5400000000,24.4100000000,25.5300000000,52141.3978840000,1304689.8387271699,1304689.8387271699,1,DORA-USDT
2021-04-23 17:00:00,1619168400000,25.5800000000,25.8900000000,25.1600000000,25.1800000000,33361.6529660000,850584.6905635400,850584.6905635400,1,DORA-USDT
2021-04-23 18:00:00,1619172000000,25.1800000000,26.1700000000,25.1800000000,26.1700000000,52000.0821760000,1336629.5245784400,1336629.5245784400,1,DORA-USDT
2021-04-23 19:00:00,1619175600000,26.1800000000,26.3100000000,25.1700000000,25.6100000000,64867.7228350000,1658843.7003622900,1658843.7003622900,1,DORA-USDT
2021-04-23 20:00:00,1619179200000,25.6100000000,26.2500000000,25.6000000000,25.6400000000,56740.2557760000,1465541.4323180399,1465541.4323180399,1,DORA-USDT
2021-04-23 21:00:00,1619182800000,25.6200000000,25.6900000000,25.1600000000,25.3700000000,47262.1652110000,1197536.7156908801,1197536.7156908801,1,DORA-USDT
2021-04-23 22:00:00,1619186400000,25.3700000000,25.6000000000,25.3500000000,25.4400000000,17729.1438840000,451676.5307129300,451676.5307129300,1,DORA-USDT
2021-04-23 23:00:00,1619190000000,25.4400000000,25.6500000000,25.4200000000,25.4600000000,21672.5552000000,553012.4826986101,553012.4826986101,1,DORA-USDT
2021-04-24 00:00:00,1619193600000,25.4700000000,25.5000000000,24.4700000000,24.6500000000,45652.8649900000,1135804.3486858599,1135804.3486858599,1,DORA-USDT
2021-04-24 01:00:00,1619197200000,24.6500000000,25.1500000000,24.3500000000,24.8200000000,42588.0560220000,1057966.1044888599,1057966.1044888599,1,DORA-USDT
2021-04-24 02:00:00,1619200800000,24.8200000000,25.4900000000,24.8000000000,25.4700000000,23037.7188260000,579548.9252244900,579548.9252244900,1,DORA-USDT
2021-04-24 03:00:00,1619204400000,25.4700000000,25.9300000000,25.3400000000,25.4900000000,36441.9914930000,929891.8884663300,929891.8884663300,1,DORA-USDT
2021-04-24 04:00:00,1619208000000,25.4900000000,26.3300000000,25.4600000000,26.1500000000,50585.8057150000,1311492.5902916400,1311492.5902916400,1,DORA-USDT
2021-04-24 05:00:00,1619211600000,26.1500000000,26.3100000000,25.7000000000,25.9800000000,67580.1361210000,1759096.4667787501,1759096.4667787501,1,DORA-USDT
2021-04-24 06:00:00,1619215200000,25.9800000000,26.4500000000,25.9400000000,26.4200000000,39757.0597100000,1043881.8541949100,1043881.8541949100,1,DORA-USDT
2021-04-24 07:00:00,1619218800000,26.4200000000,26.5900000000,26.3800000000,26.4700000000,11849.9124050000,313886.2789908000,313886.2789908000,1,DORA-USDT
2021-04-24 08:00:00,1619222400000,26.4800000000,26.4900000000,24.5100000000,24.5600000000,75723.5500120000,1924752.3986708799,1924752.3986708799,1,DORA-USDT
2021-04-24 09:00:00,1619226000000,24.5600000000,24.8100000000,24.2900000000,24.3300000000,43076.1511720000,1057692.1662590499,1057692.1662590499,1,DORA-USDT
2021-04-24 10:00:00,1619229600000,24.3300000000,24.3400000000,23.8000000000,23.9100000000,25658.8265900000,616481.6342050700,616481.6342050700,1,DORA-USDT
2021-04-24 11:00:00,1619233200000,23.9100000000,24.0200000000,23.8100000000,24.0200000000,11418.1112440000,273538.1575809100,273538.1575809100,1,DORA-USDT
2021-04-24 12:00:00,1619236800000,24.0200000000,24.0200000000,23.8600000000,23.9800000000,11431.5529070000,273602.4581311400,273602.4581311400,1,DORA-USDT
2021-04-24 13:00:00,1619240400000,23.9800000000,25.1100000000,23.9400000000,24.8500000000,76404.0362410000,1885565.3975402897,1885565.3975402897,1,DORA-USDT
2021-04-24 14:00:00,1619244000000,24.8500000000,25.3100000000,24.1400000000,24.5500000000,59257.7667690000,1466459.7859865001,1466459.7859865001,1,DORA-USDT
2021-04-24 15:00:00,1619247600000,24.5500000000,24.5800000000,23.9200000000,24.4800000000,57343.5361300000,1391646.1696138300,1391646.1696138300,1,DORA-USDT
2021-04-24 16:00:00,1619251200000,24.4900000000,24.7000000000,24.0100000000,24.0900000000,46304.8736010000,1129576.9599960600,1129576.9599960600,1,DORA-USDT
2021-04-24 17:00:00,1619254800000,24.0900000000,24.4600000000,23.9000000000,24.2300000000,44609.4245650000,1076220.6886671300,1076220.6886671300,1,DORA-USDT
2021-04-24 18:00:00,1619258400000,24.2300000000,24.2300000000,23.7600000000,23.8200000000,44180.7267980000,1057218.4047007100,1057218.4047007100,1,DORA-USDT
2021-04-24 19:00:00,1619262000000,23.8100000000,24.0700000000,23.0000000000,23.3600000000,64331.6014180000,1515516.4871812400,1515516.4871812400,1,DORA-USDT
2021-04-24 20:00:00,1619265600000,23.3500000000,23.9900000000,23.2900000000,23.8400000000,45177.3595080000,1069745.3008165599,1069745.3008165599,1,DORA-USDT
2021-04-24 21:00:00,1619269200000,23.8400000000,23.9100000000,23.3700000000,23.5400000000,25273.0691460000,597854.7326326700,597854.7326326700,1,DORA-USDT
2021-04-24 22:00:00,1619272800000,23.5300000000,23.9100000000,23.5200000000,23.8400000000,28105.2852940000,666884.9766064601,666884.9766064601,1,DORA-USDT
2021-04-24 23:00:00,1619276400000,23.8600000000,24.0600000000,23.0600000000,23.8800000000,68684.4901960000,1619001.2166405299,1619001.2166405299,1,DORA-USDT
2021-04-25 00:00:00,1619280000000,23.9000000000,24.0000000000,23.7000000000,23.8100000000,22467.3173200000,535586.4631562200,535586.4631562200,1,DORA-USDT
2021-04-25 01:00:00,1619283600000,23.8200000000,23.9600000000,23.7400000000,23.9400000000,9586.9521410000,228956.5981270900,228956.5981270900,1,DORA-USDT
2021-04-25 02:00:00,1619287200000,23.9500000000,24.2300000000,23.8800000000,24.1200000000,13569.8119140000,326313.8297585900,326313.8297585900,1,DORA-USDT
2021-04-25 03:00:00,1619290800000,24.1100000000,24.1900000000,24.0400000000,24.0900000000,13717.6386530000,330700.5051453000,330700.5051453000,1,DORA-USDT
2021-04-25 04:00:00,1619294400000,24.0900000000,24.1200000000,23.8600000000,24.0600000000,15647.5989130000,376067.5744929900,376067.5744929900,1,DORA-USDT
2021-04-25 05:00:00,1619298000000,24.0600000000,24.0600000000,23.7600000000,23.8800000000,20139.6150930000,481031.4632122200,481031.4632122200,1,DORA-USDT
2021-04-25 06:00:00,1619301600000,23.8800000000,24.0900000000,23.7400000000,24.0600000000,21069.5054470000,504468.5397074200,504468.5397074200,1,DORA-USDT
2021-04-25 07:00:00,1619305200000,24.0300000000,24.2000000000,23.5400000000,23.7600000000,21502.7870890000,515520.6510951700,515520.6510951700,1,DORA-USDT
2021-04-25 08:00:00,1619308800000,23.7600000000,24.3500000000,23.4400000000,24.1900000000,54368.0577130000,1304951.4349989400,1304951.4349989400,1,DORA-USDT
2021-04-25 09:00:00,1619312400000,24.1900000000,24.7000000000,23.9800000000,24.7000000000,26157.3019970000,634336.9504458799,634336.9504458799,1,DORA-USDT
2021-04-25 10:00:00,1619316000000,24.6900000000,25.0600000000,24.4400000000,24.7600000000,48417.2736320000,1199683.9960567600,1199683.9960567600,1,DORA-USDT
2021-04-25 11:00:00,1619319600000,24.7600000000,24.9100000000,24.1800000000,24.3200000000,31291.7349380000,765629.1242694500,765629.1242694500,1,DORA-USDT
2021-04-25 12:00:00,1619323200000,24.3200000000,24.3700000000,23.8000000000,23.8800000000,38046.4720010000,916095.1403525700,916095.1403525700,1,DORA-USDT
2021-04-25 13:00:00,1619326800000,23.8900000000,24.1800000000,23.7400000000,24.1400000000,27937.6247940000,669632.0709187899,669632.0709187899,1,DORA-USDT
2021-04-25 14:00:00,1619330400000,24.1400000000,24.1400000000,23.8400000000,23.9700000000,20287.9354090000,486170.7409621800,486170.7409621800,1,DORA-USDT
2021-04-25 15:00:00,1619334000000,24.0000000000,24.2100000000,23.8800000000,24.1200000000,25127.4201470000,604954.0480490400,604954.0480490400,1,DORA-USDT
2021-04-25 16:00:00,1619337600000,24.1200000000,24.2000000000,23.8300000000,23.9300000000,28775.2323900000,690954.7583664700,690954.7583664700,1,DORA-USDT
2021-04-25 17:00:00,1619341200000,23.9200000000,24.0400000000,23.7900000000,23.8000000000,18364.5361520000,438432.1674291400,438432.1674291400,1,DORA-USDT
2021-04-25 18:00:00,1619344800000,23.8000000000,23.9700000000,23.7700000000,23.9300000000,8369.9836120000,199991.1732914000,199991.1732914000,1,DORA-USDT
2021-04-25 19:00:00,1619348400000,23.9100000000,24.0200000000,23.8500000000,24.0000000000,7597.9663390000,182028.4469042600,182028.4469042600,1,DORA-USDT
2021-04-25 20:00:00,1619352000000,24.0000000000,24.0500000000,23.9400000000,24.0300000000,7906.6675970000,189737.9291300400,189737.9291300400,1,DORA-USDT
2021-04-25 21:00:00,1619355600000,24.0300000000,24.0900000000,23.3700000000,23.5500000000,45469.5079480000,1078911.5431250001,1078911.5431250001,1,DORA-USDT
2021-04-25 22:00:00,1619359200000,23.5500000000,23.9900000000,23.5300000000,23.9500000000,32167.1318780000,767023.3720099200,767023.3720099200,1,DORA-USDT
2021-04-25 23:00:00,1619362800000,23.9500000000,25.1800000000,23.9300000000,24.1500000000,64664.2273670000,1589515.4585032500,1589515.4585032500,1,DORA-USDT
2021-04-26 00:00:00,1619366400000,24.1500000000,24.4200000000,23.8600000000,24.1800000000,27101.9092120000,653168.1269183400,653168.1269183400,1,DORA-USDT
2021-04-26 01:00:00,1619370000000,24.1800000000,24.2300000000,24.0800000000,24.1800000000,15362.6666610000,371216.3685722100,371216.3685722100,1,DORA-USDT
2021-04-26 02:00:00,1619373600000,24.1800000000,24.2200000000,24.0400000000,24.0600000000,19827.5843350000,478001.5363262700,478001.5363262700,1,DORA-USDT
2021-04-26 03:00:00,1619377200000,24.0500000000,24.4900000000,24.0500000000,24.2800000000,23995.1305470000,581999.4688673300,581999.4688673300,1,DORA-USDT
2021-04-26 04:00:00,1619380800000,24.2900000000,24.5400000000,23.8800000000,23.9300000000,43042.3916240000,1040458.9212835800,1040458.9212835800,1,DORA-USDT
2021-04-26 05:00:00,1619384400000,23.9400000000,23.9500000000,23.1600000000,23.2100000000,43931.0930320000,1035714.4960764199,1035714.4960764199,1,DORA-USDT
2021-04-26 06:00:00,1619388000000,23.2000000000,23.5800000000,23.1000000000,23.4500000000,33281.0732720000,777284.8299575500,777284.8299575500,1,DORA-USDT
2021-04-26 07:00:00,1619391600000,23.4500000000,23.5100000000,23.1900000000,23.4900000000,25904.5728790000,604692.8779804900,604692.8779804900,1,DORA-USDT
2021-04-26 08:00:00,1619395200000,23.5100000000,25.0000000000,23.4900000000,24.6900000000,74727.7598420000,1820055.4025669897,1820055.4025669897,1,DORA-USDT
2021-04-26 09:00:00,1619398800000,24.6900000000,26.0000000000,24.6700000000,25.9200000000,56991.0041520000,1447800.8920940300,1447800.8920940300,1,DORA-USDT
2021-04-26 10:00:00,1619402400000,25.9400000000,26.1200000000,24.3900000000,25.6100000000,77826.7044550000,1966486.3922138200,1966486.3922138200,1,DORA-USDT
2021-04-26 11:00:00,1619406000000,25.6100000000,26.0000000000,24.8500000000,25.5300000000,67698.9057790000,1707695.8267244799,1707695.8267244799,1,DORA-USDT
2021-04-26 12:00:00,1619409600000,25.5300000000,26.1000000000,25.0500000000,25.1200000000,49776.6417870000,1271769.2525666701,1271769.2525666701,1,DORA-USDT
2021-04-26 13:00:00,1619413200000,25.1200000000,25.8700000000,25.1000000000,25.6000000000,58268.5939120000,1484514.7931286199,1484514.7931286199,1,DORA-USDT
2021-04-26 14:00:00,1619416800000,25.6000000000,25.7500000000,24.5000000000,25.0800000000,80374.5641400000,2023357.0305433599,2023357.0305433599,1,DORA-USDT
2021-04-26 15:00:00,1619420400000,25.0900000000,25.2400000000,24.1300000000,24.1800000000,49555.0254010000,1229138.5366731000,1229138.5366731000,1,DORA-USDT
2021-04-26 16:00:00,1619424000000,24.1800000000,24.3700000000,23.7900000000,24.0900000000,53464.6275640000,1285042.2360314501,1285042.2360314501,1,DORA-USDT
2021-04-26 17:00:00,1619427600000,24.0900000000,24.3100000000,23.4100000000,23.7100000000,40061.1678970000,960001.4029890400,960001.4029890400,1,DORA-USDT
2021-04-26 18:00:00,1619431200000,23.7100000000,24.8000000000,23.5000000000,24.3500000000,53129.1992590000,1281213.7500983300,1281213.7500983300,1,DORA-USDT
2021-04-26 19:00:00,1619434800000,24.3300000000,24.5500000000,23.9200000000,24.4900000000,34059.5278350000,826359.3829787800,826359.3829787800,1,DORA-USDT
2021-04-26 20:00:00,1619438400000,24.5000000000,24.5100000000,23.8000000000,24.0200000000,42219.3766390000,1019773.3123482000,1019773.3123482000,1,DORA-USDT
2021-04-26 21:00:00,1619442000000,24.0200000000,24.3300000000,23.8600000000,24.2300000000,31078.3143990000,748175.4421482499,748175.4421482499,1,DORA-USDT
2021-04-26 22:00:00,1619445600000,24.2400000000,24.5200000000,22.9000000000,23.3000000000,84410.2928860000,2000553.0194748701,2000553.0194748701,1,DORA-USDT
2021-04-26 23:00:00,1619449200000,23.2900000000,23.6600000000,23.2900000000,23.4600000000,35342.2811740000,829774.7052962200,829774.7052962200,1,DORA-USDT
2021-04-27 00:00:00,1619452800000,23.4600000000,23.5400000000,22.0000000000,22.6200000000,95415.6932740000,2162673.2939907890,2162673.2939907890,1,DORA-USDT
2021-04-27 01:00:00,1619456400000,22.5900000000,22.8700000000,22.3100000000,22.4100000000,60356.3764600000,1358861.6529450200,1358861.6529450200,1,DORA-USDT
2021-04-27 02:00:00,1619460000000,22.4100000000,22.7800000000,22.3100000000,22.7600000000,24291.5539220000,547720.5522829100,547720.5522829100,1,DORA-USDT
2021-04-27 03:00:00,1619463600000,22.7600000000,22.9700000000,22.6500000000,22.9400000000,16844.4707670000,384361.6446100600,384361.6446100600,1,DORA-USDT
2021-04-27 04:00:00,1619467200000,22.9400000000,22.9700000000,22.8300000000,22.9000000000,5603.9980930000,128544.9102513300,128544.9102513300,1,DORA-USDT
2021-04-27 05:00:00,1619470800000,22.9000000000,22.9700000000,22.8600000000,22.9100000000,7226.8952870000,165687.9874179700,165687.9874179700,1,DORA-USDT
2021-04-27 06:00:00,1619474400000,22.9100000000,23.4700000000,22.9000000000,23.2500000000,37608.7308730000,870788.5456507200,870788.5456507200,1,DORA-USDT
2021-04-27 07:00:00,1619478000000,23.2500000000,23.5400000000,23.2400000000,23.5100000000,17609.6742960000,412237.1421670800,412237.1421670800,1,DORA-USDT
2021-04-27 08:00:00,1619481600000,23.5200000000,23.5400000000,23.0100000000,23.0600000000,29543.1417930000,689112.7761974100,689112.7761974100,1,DORA-USDT
2021-04-27 09:00:00,1619485200000,23.0600000000,23.2300000000,22.4600000000,22.7300000000,46165.4809310000,1049896.4226769300,1049896.4226769300,1,DORA-USDT
2021-04-27 10:00:00,1619488800000,22.7300000000,23.4300000000,22.7300000000,23.2400000000,44204.8585070000,1019661.7485058700,1019661.7485058700,1,DORA-USDT
2021-04-27 11:00:00,1619492400000,23.2400000000,23.5400000000,23.2300000000,23.3600000000,38888.2220420000,910305.4880335700,910305.4880335700,1,DORA-USDT
2021-04-27 12:00:00,1619496000000,23.3600000000,23.3700000000,23.2700000000,23.3300000000,8817.2573170000,205680.3273324700,205680.3273324700,1,DORA-USDT
2021-04-27 13:00:00,1619499600000,23.3200000000,23.3300000000,23.1400000000,23.2500000000,16230.8281320000,377461.7992170500,377461.7992170500,1,DORA-USDT
2021-04-27 14:00:00,1619503200000,23.2500000000,23.3800000000,23.2500000000,23.3300000000,14609.5272840000,340718.0292656300,340718.0292656300,1,DORA-USDT
2021-04-27 15:00:00,1619506800000,23.3300000000,23.3800000000,22.8200000000,22.9200000000,36885.1671160000,854265.3013615099,854265.3013615099,1,DORA-USDT
2021-04-27 16:00:00,1619510400000,22.9200000000,23.3300000000,22.8500000000,23.2400000000,22015.4303030000,509044.7343439700,509044.7343439700,1,DORA-USDT
2021-04-27 17:00:00,1619514000000,23.2600000000,23.4000000000,23.1800000000,23.3300000000,16711.5853100000,389683.0095629600,389683.0095629600,1,DORA-USDT
2021-04-27 18:00:00,1619517600000,23.3300000000,23.5600000000,23.1500000000,23.4900000000,23549.8604650000,550166.6466253600,550166.6466253600,1,DORA-USDT
2021-04-27 19:00:00,1619521200000,23.4900000000,24.2400000000,23.4000000000,23.7900000000,44440.0624800000,1060190.2005308000,1060190.2005308000,1,DORA-USDT
2021-04-27 20:00:00,1619524800000,23.8200000000,24.9500000000,23.8200000000,24.3200000000,68939.3213810000,1688265.2136950099,1688265.2136950099,1,DORA-USDT
2021-04-27 21:00:00,1619528400000,24.3400000000,24.6000000000,23.5500000000,23.7400000000,57151.7132830000,1371924.6230295601,1371924.6230295601,1,DORA-USDT
2021-04-27 22:00:00,1619532000000,23.7500000000,23.8300000000,23.2200000000,23.6500000000,62101.8047300000,1462371.1028548901,1462371.1028548901,1,DORA-USDT
2021-04-27 23:00:00,1619535600000,23.6500000000,23.9900000000,23.3900000000,23.5900000000,38768.6704780000,917713.9568213400,917713.9568213400,1,DORA-USDT
2021-04-28 00:00:00,1619539200000,23.5900000000,24.9000000000,23.5700000000,24.5400000000,77215.5494710000,1883582.8035344500,1883582.8035344500,1,DORA-USDT
2021-04-28 01:00:00,1619542800000,24.5500000000,24.6100000000,24.1900000000,24.3800000000,26182.7739050000,639274.6572064800,639274.6572064800,1,DORA-USDT
2021-04-28 02:00:00,1619546400000,24.3700000000,24.6900000000,24.2800000000,24.6800000000,20554.6394810000,503191.0046216500,503191.0046216500,1,DORA-USDT
2021-04-28 03:00:00,1619550000000,24.6700000000,24.7700000000,24.5600000000,24.6100000000,13652.8725830000,336765.2271591500,336765.2271591500,1,DORA-USDT
2021-04-28 04:00:00,1619553600000,24.6100000000,24.6400000000,24.3800000000,24.4100000000,17099.5933630000,418201.0293181400,418201.0293181400,1,DORA-USDT
2021-04-28 05:00:00,1619557200000,24.4000000000,24.9500000000,24.4000000000,24.9100000000,26761.5519660000,661241.2002957200,661241.2002957200,1,DORA-USDT
2021-04-28 06:00:00,1619560800000,24.9200000000,24.9500000000,24.5100000000,24.7600000000,20978.7529090000,517466.1739694100,517466.1739694100,1,DORA-USDT
2021-04-28 07:00:00,1619564400000,24.7600000000,25.5300000000,24.6300000000,25.4800000000,36109.1547820000,905156.8539563000,905156.8539563000,1,DORA-USDT
2021-04-28 08:00:00,1619568000000,25.4600000000,28.4600000000,25.3500000000,27.4900000000,124452.8957890000,3344657.9285818101,3344657.9285818101,1,DORA-USDT
2021-04-28 09:00:00,1619571600000,27.4800000000,27.9500000000,26.6200000000,27.6100000000,95136.5384500000,2599438.2581602400,2599438.2581602400,1,DORA-USDT
2021-04-28 10:00:00,1619575200000,27.6100000000,27.9400000000,26.7000000000,26.9800000000,70078.8698010000,1910870.6701998401,1910870.6701998401,1,DORA-USDT
2021-04-28 11:00:00,1619578800000,26.9900000000,27.0600000000,26.1900000000,26.2100000000,74983.4487830000,1996576.5605688000,1996576.5605688000,1,DORA-USDT
2021-04-28 12:00:00,1619582400000,26.1900000000,27.6000000000,25.9400000000,26.8500000000,81990.6572550000,2193239.7103253999,2193239.7103253999,1,DORA-USDT
2021-04-28 13:00:00,1619586000000,26.8300000000,27.3900000000,26.2700000000,26.6400000000,70131.0354170000,1878212.6515334400,1878212.6515334400,1,DORA-USDT
2021-04-28 14:00:00,1619589600000,26.6300000000,26.6300000000,24.6000000000,25.1600000000,110606.1144630000,2810771.5550017301,2810771.5550017301,1,DORA-USDT
2021-04-28 15:00:00,1619593200000,25.0800000000,25.6800000000,24.8200000000,25.4700000000,51358.1524530000,1301488.0607287600,1301488.0607287600,1,DORA-USDT
2021-04-28 16:00:00,1619596800000,25.4700000000,26.1300000000,25.3900000000,25.4200000000,52395.3997910000,1346256.4679241499,1346256.4679241499,1,DORA-USDT
2021-04-28 17:00:00,1619600400000,25.4300000000,25.5000000000,24.8000000000,25.1400000000,57672.6676690000,1451503.2456660001,1451503.2456660001,1,DORA-USDT
2021-04-28 18:00:00,1619604000000,25.1300000000,25.2800000000,24.9500000000,25.0800000000,39797.9502200000,999559.2095325100,999559.2095325100,1,DORA-USDT
2021-04-28 19:00:00,1619607600000,25.0700000000,26.3900000000,25.0400000000,25.7500000000,68195.9177740000,1762822.7194657200,1762822.7194657200,1,DORA-USDT
2021-04-28 20:00:00,1619611200000,25.7700000000,26.4000000000,25.6800000000,26.2000000000,47625.1455120000,1242957.5664792501,1242957.5664792501,1,DORA-USDT
2021-04-28 21:00:00,1619614800000,26.1800000000,26.2000000000,25.3600000000,25.8600000000,44830.7608020000,1155984.0231792801,1155984.0231792801,1,DORA-USDT
2021-04-28 22:00:00,1619618400000,25.8600000000,27.8000000000,25.5600000000,26.7300000000,56154.2941220000,1469163.9023076999,1469163.9023076999,1,DORA-USDT
2021-04-28 23:00:00,1619622000000,26.7000000000,27.8300000000,26.5100000000,27.4900000000,71752.9631810000,1951422.2880096200,1951422.2880096200,1,DORA-USDT
2021-04-29 00:00:00,1619625600000,27.4900000000,29.2500000000,27.4700000000,28.5000000000,108258.0971120000,3079369.9035694301,3079369.9035694301,1,DORA-USDT
2021-04-29 01:00:00,1619629200000,28.5500000000,30.0000000000,28.5100000000,29.5700000000,58373.2250460000,1710491.2883966300,1710491.2883966300,1,DORA-USDT
2021-04-29 02:00:00,1619632800000,29.5700000000,30.1600000000,29.1200000000,29.7200000000,60939.7037670000,1804173.4191964399,1804173.4191964399,1,DORA-USDT
2021-04-29 03:00:00,1619636400000,29.7300000000,29.8700000000,29.2300000000,29.8500000000,37235.7707780000,1101060.2564453599,1101060.2564453599,1,DORA-USDT
2021-04-29 04:00:00,1619640000000,29.8600000000,30.5000000000,28.8600000000,29.0800000000,62198.6780860000,1837228.6663430801,1837228.6663430801,1,DORA-USDT
2021-04-29 05:00:00,1619643600000,29.0800000000,29.5200000000,28.6800000000,29.3100000000,40791.5065050000,1186023.7063976000,1186023.7063976000,1,DORA-USDT
2021-04-29 06:00:00,1619647200000,29.3100000000,29.3300000000,28.3000000000,28.3300000000,36097.4355730000,1036694.8794413999,1036694.8794413999,1,DORA-USDT
2021-04-29 07:00:00,1619650800000,28.3300000000,29.7500000000,28.3000000000,29.6900000000,41289.2191340000,1197785.9002955100,1197785.9002955100,1,DORA-USDT
2021-04-29 08:00:00,1619654400000,29.7200000000,29.8200000000,29.1500000000,29.2500000000,32022.3169090000,940193.2883553300,940193.2883553300,1,DORA-USDT
2021-04-29 09:00:00,1619658000000,29.2600000000,29.2700000000,28.4300000000,28.8200000000,40036.9690910000,1152498.8449932700,1152498.8449932700,1,DORA-USDT
2021-04-29 10:00:00,1619661600000,28.8100000000,28.8900000000,28.3800000000,28.4100000000,21581.3401570000,617301.1855643101,617301.1855643101,1,DORA-USDT
2021-04-29 11:00:00,1619665200000,28.4100000000,28.4700000000,27.6300000000,28.3400000000,55475.6504560000,1553828.8040481899,1553828.8040481899,1,DORA-USDT
2021-04-29 12:00:00,1619668800000,28.3200000000,29.5400000000,28.2200000000,28.7900000000,97177.8761920000,2795275.9318273901,2795275.9318273901,1,DORA-USDT
2021-04-29 13:00:00,1619672400000,28.8000000000,29.0000000000,28.2300000000,28.4800000000,27334.1649580000,782662.6832720400,782662.6832720400,1,DORA-USDT
2021-04-29 14:00:00,1619676000000,28.4800000000,28.5600000000,27.6800000000,27.7800000000,35669.3787750000,1001275.6751870700,1001275.6751870700,1,DORA-USDT
2021-04-29 15:00:00,1619679600000,27.7700000000,28.3600000000,27.6000000000,28.3500000000,38900.2676660000,1086675.4683292799,1086675.4683292799,1,DORA-USDT
2021-04-29 16:00:00,1619683200000,28.3500000000,28.5700000000,27.7300000000,28.1800000000,48670.3906790000,1368149.2829697400,1368149.2829697400,1,DORA-USDT
2021-04-29 17:00:00,1619686800000,28.1900000000,28.4000000000,27.7300000000,28.2200000000,44098.5651160000,1238830.1260339899,1238830.1260339899,1,DORA-USDT
2021-04-29 18:00:00,1619690400000,28.2400000000,29.3000000000,28.1500000000,28.8900000000,42933.7278490000,1233577.4150810100,1233577.4150810100,1,DORA-USDT
2021-04-29 19:00:00,1619694000000,28.9200000000,29.4000000000,28.5300000000,28.7700000000,51511.3531980000,1490574.0241184901,1490574.0241184901,1,DORA-USDT
2021-04-29 20:00:00,1619697600000,28.7700000000,28.7700000000,28.1000000000,28.6400000000,40559.1314830000,1153423.4023547000,1153423.4023547000,1,DORA-USDT
2021-04-29 21:00:00,1619701200000,28.6400000000,28.7800000000,27.4300000000,27.5800000000,55927.4665090000,1568686.3996580699,1568686.3996580699,1,DORA-USDT
2021-04-29 22:00:00,1619704800000,27.6100000000,27.9900000000,27.5700000000,27.9800000000,30789.2137460000,856567.0078333101,856567.0078333101,1,DORA-USDT
2021-04-29 23:00:00,1619708400000,27.9800000000,28.0900000000,27.5000000000,27.6700000000,49847.4272160000,1382765.8026487499,1382765.8026487499,1,DORA-USDT
2021-04-30 00:00:00,1619712000000,27.6800000000,27.6800000000,26.1800000000,26.2700000000,62875.0292970000,1685906.2387288900,1685906.2387288900,1,DORA-USDT
2021-04-30 01:00:00,1619715600000,26.2700000000,26.4200000000,26.0000000000,26.1400000000,28670.7789390000,752843.6569608400,752843.6569608400,1,DORA-USDT
2021-04-30 02:00:00,1619719200000,26.1400000000,26.5700000000,26.1300000000,26.4700000000,18355.0566980000,484077.0583714900,484077.0583714900,1,DORA-USDT
2021-04-30 03:00:00,1619722800000,26.4800000000,26.9200000000,26.4700000000,26.6200000000,30974.8486700000,825430.9518653300,825430.9518653300,1,DORA-USDT
2021-04-30 04:00:00,1619726400000,26.6100000000,26.8000000000,26.6100000000,26.7100000000,15296.3031770000,408229.7137368300,408229.7137368300,1,DORA-USDT
2021-04-30 05:00:00,1619730000000,26.7200000000,27.2600000000,26.7100000000,27.1200000000,25904.1943310000,700832.6685513200,700832.6685513200,1,DORA-USDT
2021-04-30 06:00:00,1619733600000,27.1100000000,27.1200000000,26.4400000000,26.5000000000,44552.9862730000,1188793.9522230700,1188793.9522230700,1,DORA-USDT
2021-04-30 07:00:00,1619737200000,26.4900000000,27.3900000000,26.3800000000,26.8400000000,53709.1575390000,1450308.8984688600,1450308.8984688600,1,DORA-USDT
2021-04-30 08:00:00,1619740800000,26.8800000000,26.9800000000,26.5100000000,26.5600000000,32439.3460850000,865284.6726531601,865284.6726531601,1,DORA-USDT
2021-04-30 09:00:00,1619744400000,26.5700000000,26.7700000000,26.5600000000,26.7100000000,16688.5451040000,444798.9374780300,444798.9374780300,1,DORA-USDT
2021-04-30 10:00:00,1619748000000,26.7100000000,27.9300000000,26.7000000000,27.4000000000,63865.0435200000,1751844.4743346300,1751844.4743346300,1,DORA-USDT
2021-04-30 11:00:00,1619751600000,27.4000000000,27.4900000000,27.0200000000,27.0700000000,35042.1383310000,954668.6244686201,954668.6244686201,1,DORA-USDT
2021-04-30 12:00:00,1619755200000,27.0700000000,27.5000000000,27.0200000000,27.2600000000,32519.0384620000,885781.1514797400,885781.1514797400,1,DORA-USDT
2021-04-30 13:00:00,1619758800000,27.2600000000,27.9000000000,27.1900000000,27.8300000000,28529.3902430000,784854.6857839400,784854.6857839400,1,DORA-USDT
2021-04-30 14:00:00,1619762400000,27.8200000000,27.9000000000,27.0900000000,27.2400000000,33329.8891670000,914232.3842025300,914232.3842025300,1,DORA-USDT
2021-04-30 15:00:00,1619766000000,27.2300000000,27.3100000000,26.9100000000,27.0500000000,23466.9104320000,636357.4874068700,636357.4874068700,1,DORA-USDT
2021-04-30 16:00:00,1619769600000,27.0500000000,27.7700000000,26.9600000000,27.7700000000,29186.1571670000,797809.0712118100,797809.0712118100,1,DORA-USDT
2021-04-30 17:00:00,1619773200000,27.7700000000,27.8500000000,27.0300000000,27.0500000000,31911.7196590000,877009.2074680600,877009.2074680600,1,DORA-USDT
2021-04-30 18:00:00,1619776800000,27.0500000000,27.6000000000,27.0500000000,27.2800000000,29643.6580420000,810393.2027980700,810393.2027980700,1,DORA-USDT
2021-04-30 19:00:00,1619780400000,27.2700000000,27.5200000000,27.2200000000,27.3800000000,25087.7065800000,686708.7292063599,686708.7292063599,1,DORA-USDT
2021-04-30 20:00:00,1619784000000,27.3800000000,27.4200000000,27.1000000000,27.2700000000,20562.4379570000,560561.1141520900,560561.1141520900,1,DORA-USDT
2021-04-30 21:00:00,1619787600000,27.2700000000,27.6900000000,27.2100000000,27.6400000000,22256.5771440000,611153.2028378299,611153.2028378299,1,DORA-USDT
2021-04-30 22:00:00,1619791200000,27.6700000000,28.2000000000,27.3100000000,27.4000000000,47358.7973140000,1315988.6320429600,1315988.6320429600,1,DORA-USDT
2021-04-30 23:00:00,1619794800000,27.4200000000,28.3200000000,27.3600000000,27.9500000000,44002.3218910000,1228362.1263429800,1228362.1263429800,1,DORA-USDT
2021-05-01 00:00:00,1619798400000,27.9500000000,28.0000000000,27.5300000000,27.8300000000,27130.6887090000,753690.4080131500,753690.4080131500,1,DORA-USDT
2021-05-01 01:00:00,1619802000000,27.8400000000,28.0300000000,27.6100000000,27.9000000000,35041.1423470000,976575.3054089900,976575.3054089900,1,DORA-USDT
2021-05-01 02:00:00,1619805600000,27.9000000000,28.1200000000,27.6700000000,27.8500000000,31707.7596560000,883874.3199191500,883874.3199191500,1,DORA-USDT
2021-05-01 03:00:00,1619809200000,27.8500000000,28.1000000000,27.7300000000,27.7900000000,17188.0699080000,478844.6632480300,478844.6632480300,1,DORA-USDT
2021-05-01 04:00:00,1619812800000,27.7900000000,27.9100000000,27.6900000000,27.9100000000,8524.2387520000,236991.7399691100,236991.7399691100,1,DORA-USDT
2021-05-01 05:00:00,1619816400000,27.9100000000,27.9800000000,27.9100000000,27.9600000000,5941.3373750000,166023.2577437400,166023.2577437400,1,DORA-USDT
2021-05-01 06:00:00,1619820000000,27.9500000000,28.1300000000,27.9100000000,28.0800000000,12688.6860380000,355525.0136345900,355525.0136345900,1,DORA-USDT
2021-05-01 07:00:00,1619823600000,28.0800000000,28.5700000000,28.0700000000,28.2400000000,32702.1994660000,927033.1027657799,927033.1027657799,1,DORA-USDT
2021-05-01 08:00:00,1619827200000,28.2400000000,28.2400000000,27.7500000000,27.8900000000,32623.5868940000,912278.3332466800,912278.3332466800,1,DORA-USDT
2021-05-01 09:00:00,1619830800000,27.8900000000,28.1100000000,27.6100000000,27.9800000000,22348.4429410000,621460.0541107600,621460.0541107600,1,DORA-USDT
2021-05-01 10:00:00,1619834400000,28.0100000000,28.2300000000,27.6000000000,27.7900000000,28351.1362050000,791644.5523545900,791644.5523545900,1,DORA-USDT
2021-05-01 11:00:00,1619838000000,27.7800000000,28.2000000000,27.7000000000,28.1200000000,42391.3967160000,1184046.7987975699,1184046.7987975699,1,DORA-USDT
2021-05-01 12:00:00,1619841600000,28.1200000000,28.1200000000,27.3500000000,27.6200000000,40762.7095360000,1129600.6880307100,1129600.6880307100,1,DORA-USDT
2021-05-01 13:00:00,1619845200000,27.6200000000,27.6400000000,27.1800000000,27.5200000000,30463.3393590000,835814.0904694099,835814.0904694099,1,DORA-USDT
2021-05-01 14:00:00,1619848800000,27.5200000000,27.5800000000,27.2200000000,27.5500000000,18002.2712320000,493385.9720902800,493385.9720902800,1,DORA-USDT
2021-05-01 15:00:00,1619852400000,27.5500000000,27.6200000000,27.1800000000,27.2600000000,19233.8052670000,527499.9154469901,527499.9154469901,1,DORA-USDT
2021-05-01 16:00:00,1619856000000,27.2500000000,27.6000000000,27.0500000000,27.1700000000,27003.7442490000,736855.7370724400,736855.7370724400,1,DORA-USDT
2021-05-01 17:00:00,1619859600000,27.1800000000,27.2500000000,26.8400000000,27.1900000000,28605.2940850000,774186.9157666900,774186.9157666900,1,DORA-USDT
2021-05-01 18:00:00,1619863200000,27.2000000000,27.3000000000,27.1700000000,27.2300000000,14318.7326650000,389976.6777988800,389976.6777988800,1,DORA-USDT
2021-05-01 19:00:00,1619866800000,27.2300000000,27.5200000000,27.2300000000,27.4600000000,21614.9748570000,592335.1888613900,592335.1888613900,1,DORA-USDT
2021-05-01 20:00:00,1619870400000,27.4600000000,28.0000000000,27.3300000000,27.3300000000,39342.0049190000,1086804.5106973001,1086804.5106973001,1,DORA-USDT
2021-05-01 21:00:00,1619874000000,27.3200000000,27.8400000000,27.3200000000,27.7000000000,22334.4867800000,616295.3899138900,616295.3899138900,1,DORA-USDT
2021-05-01 22:00:00,1619877600000,27.7100000000,27.7400000000,27.3000000000,27.6900000000,24433.5197050000,671177.2709716500,671177.2709716500,1,DORA-USDT
2021-05-01 23:00:00,1619881200000,27.7000000000,27.7400000000,27.1400000000,27.3500000000,31453.0151160000,862517.0984454399,862517.0984454399,1,DORA-USDT
2021-05-02 00:00:00,1619884800000,27.3500000000,27.9200000000,26.9800000000,27.8800000000,32128.7397840000,884113.3877004799,884113.3877004799,1,DORA-USDT
2021-05-02 01:00:00,1619888400000,27.8700000000,27.8800000000,27.5300000000,27.6100000000,13833.4156560000,382471.0576283000,382471.0576283000,1,DORA-USDT
2021-05-02 02:00:00,1619892000000,27.6100000000,27.8600000000,27.3000000000,27.8300000000,30322.6934420000,836520.3820727700,836520.3820727700,1,DORA-USDT
2021-05-02 03:00:00,1619895600000,27.8200000000,27.8700000000,27.7100000000,27.7500000000,12327.2766170000,342388.2928121400,342388.2928121400,1,DORA-USDT
2021-05-02 04:00:00,1619899200000,27.7500000000,27.7600000000,27.6900000000,27.7200000000,5579.5234470000,154731.6330956500,154731.6330956500,1,DORA-USDT
2021-05-02 05:00:00,1619902800000,27.7100000000,27.7500000000,27.4600000000,27.5000000000,15198.5757150000,419244.1253260900,419244.1253260900,1,DORA-USDT
2021-05-02 06:00:00,1619906400000,27.4900000000,27.9100000000,27.4800000000,27.7500000000,22355.7526100000,620210.5627053000,620210.5627053000,1,DORA-USDT
2021-05-02 07:00:00,1619910000000,27.7500000000,27.9400000000,27.5000000000,27.8100000000,20482.1453200000,567745.0948829500,567745.0948829500,1,DORA-USDT
2021-05-02 08:00:00,1619913600000,27.8100000000,27.9000000000,27.3500000000,27.4300000000,22169.1609620000,612762.9355828200,612762.9355828200,1,DORA-USDT
2021-05-02 09:00:00,1619917200000,27.4500000000,27.5100000000,27.2200000000,27.4100000000,23824.0550110000,652512.3826913500,652512.3826913500,1,DORA-USDT
2021-05-02 10:00:00,1619920800000,27.4100000000,27.5300000000,27.2700000000,27.4800000000,18703.3511980000,512487.7392125800,512487.7392125800,1,DORA-USDT
2021-05-02 11:00:00,1619924400000,27.4800000000,27.7000000000,27.3500000000,27.3500000000,22363.9731810000,616025.0467097000,616025.0467097000,1,DORA-USDT
2021-05-02 12:00:00,1619928000000,27.3400000000,27.3400000000,26.5200000000,26.7500000000,41394.2773280000,1110718.1752661800,1110718.1752661800,1,DORA-USDT
2021-05-02 13:00:00,1619931600000,26.7500000000,26.9300000000,26.7000000000,26.7600000000,17133.9520890000,459894.4002268200,459894.4002268200,1,DORA-USDT
2021-05-02 14:00:00,1619935200000,26.7600000000,26.8400000000,26.5300000000,26.7400000000,16836.8389530000,449505.3166962900,449505.3166962900,1,DORA-USDT
2021-05-02 15:00:00,1619938800000,26.7500000000,26.9100000000,26.6900000000,26.8700000000,19411.7530500000,520932.4484494000,520932.4484494000,1,DORA-USDT
2021-05-02 16:00:00,1619942400000,26.8700000000,26.8900000000,26.6200000000,26.6700000000,11203.7171410000,300067.0804597600,300067.0804597600,1,DORA-USDT
2021-05-02 17:00:00,1619946000000,26.6800000000,26.7400000000,26.6500000000,26.7300000000,7888.0249180000,210549.2041311700,210549.2041311700,1,DORA-USDT
2021-05-02 18:00:00,1619949600000,26.7300000000,26.9000000000,26.5800000000,26.7000000000,18479.1375740000,494345.9741423000,494345.9741423000,1,DORA-USDT
2021-05-02 19:00:00,1619953200000,26.6900000000,26.8800000000,26.6600000000,26.8000000000,13310.4412630000,356545.2877779900,356545.2877779900,1,DORA-USDT
2021-05-02 20:00:00,1619956800000,26.8200000000,26.8700000000,26.7800000000,26.8600000000,6973.4190070000,187143.7543333400,187143.7543333400,1,DORA-USDT
2021-05-02 21:00:00,1619960400000,26.8500000000,26.9000000000,26.8500000000,26.8900000000,2068.9394890000,55599.6266307500,55599.6266307500,1,DORA-USDT
2021-05-02 22:00:00,1619964000000,26.8800000000,27.0100000000,26.7300000000,26.9700000000,17188.3016850000,461353.3380283400,461353.3380283400,1,DORA-USDT
2021-05-02 23:00:00,1619967600000,26.9700000000,27.2800000000,26.9500000000,27.2300000000,23229.0646330000,630774.7018210900,630774.7018210900,1,DORA-USDT
2021-05-03 00:00:00,1619971200000,27.2200000000,27.4700000000,26.9400000000,27.4600000000,23044.9127500000,625222.8169261900,625222.8169261900,1,DORA-USDT
2021-05-03 01:00:00,1619974800000,27.4600000000,29.0000000000,27.4000000000,28.3100000000,73024.6345730000,2072134.6424204600,2072134.6424204600,1,DORA-USDT
2021-05-03 02:00:00,1619978400000,28.3100000000,28.5400000000,28.0700000000,28.5400000000,25356.2157510000,717588.0771717100,717588.0771717100,1,DORA-USDT
2021-05-03 03:00:00,1619982000000,28.5400000000,29.0000000000,28.0900000000,28.6200000000,27154.7117500000,772567.0266473800,772567.0266473800,1,DORA-USDT
2021-05-03 04:00:00,1619985600000,28.6200000000,28.6300000000,28.5200000000,28.5600000000,11049.2315120000,315740.3619768400,315740.3619768400,1,DORA-USDT
2021-05-03 05:00:00,1619989200000,28.5600000000,28.5900000000,28.3000000000,28.3900000000,20708.1246420000,588795.6187552400,588795.6187552400,1,DORA-USDT
2021-05-03 06:00:00,1619992800000,28.4200000000,29.5100000000,28.3700000000,29.5000000000,35136.9206260000,1014309.8026081200,1014309.8026081200,1,DORA-USDT
2021-05-03 07:00:00,1619996400000,29.4700000000,29.9300000000,29.0600000000,29.1300000000,64377.0830160000,1899379.4301157000,1899379.4301157000,1,DORA-USDT
2021-05-03 08:00:00,1620000000000,29.1400000000,29.9400000000,29.1300000000,29.8500000000,49574.0058830000,1466548.8730901999,1466548.8730901999,1,DORA-USDT
2021-05-03 09:00:00,1620003600000,29.8500000000,30.6800000000,29.6700000000,30.4400000000,48103.5880500000,1450463.7478746199,1450463.7478746199,1,DORA-USDT
2021-05-03 10:00:00,1620007200000,30.3800000000,30.5100000000,29.5100000000,29.5800000000,37159.5007350000,1115956.9308208500,1115956.9308208500,1,DORA-USDT
2021-05-03 11:00:00,1620010800000,29.5700000000,29.8700000000,29.3700000000,29.8200000000,25741.1809370000,760959.3799402200,760959.3799402200,1,DORA-USDT
2021-05-03 12:00:00,1620014400000,29.8200000000,29.8400000000,29.0500000000,29.2400000000,36212.4810470000,1064719.1240671801,1064719.1240671801,1,DORA-USDT
2021-05-03 13:00:00,1620018000000,29.2200000000,29.3100000000,29.1500000000,29.2200000000,11887.1039050000,347439.6690185500,347439.6690185500,1,DORA-USDT
2021-05-03 14:00:00,1620021600000,29.2100000000,29.2800000000,29.0600000000,29.0900000000,15911.4140820000,464325.2775669100,464325.2775669100,1,DORA-USDT
2021-05-03 15:00:00,1620025200000,29.0900000000,29.3700000000,28.7700000000,28.8800000000,38180.3188650000,1110040.0862480600,1110040.0862480600,1,DORA-USDT
2021-05-03 16:00:00,1620028800000,28.8800000000,29.0400000000,28.6400000000,28.8200000000,23070.0735070000,665688.5318286300,665688.5318286300,1,DORA-USDT
2021-05-03 17:00:00,1620032400000,28.8500000000,28.8700000000,28.3200000000,28.5800000000,21081.2796520000,603982.6922418301,603982.6922418301,1,DORA-USDT
2021-05-03 18:00:00,1620036000000,28.6100000000,28.8200000000,28.4000000000,28.4400000000,27191.2571690000,777825.2312081400,777825.2312081400,1,DORA-USDT
2021-05-03 19:00:00,1620039600000,28.4600000000,28.7300000000,28.4100000000,28.6800000000,18352.8318020000,524594.5924980200,524594.5924980200,1,DORA-USDT
2021-05-03 20:00:00,1620043200000,28.6800000000,28.8500000000,28.5700000000,28.7100000000,16750.8363070000,480815.7279859400,480815.7279859400,1,DORA-USDT
2021-05-03 21:00:00,1620046800000,28.7200000000,28.9000000000,28.4000000000,28.4400000000,27460.4852220000,787025.9241670400,787025.9241670400,1,DORA-USDT
2021-05-03 22:00:00,1620050400000,28.4400000000,28.9100000000,28.4000000000,28.8700000000,16309.6256360000,466827.9436968400,466827.9436968400,1,DORA-USDT
2021-05-03 23:00:00,1620054000000,28.8600000000,29.2700000000,28.6000000000,28.8800000000,36720.8042040000,1062966.0105841900,1062966.0105841900,1,DORA-USDT
2021-05-04 00:00:00,1620057600000,28.8800000000,28.9400000000,28.3200000000,28.5500000000,29387.7760310000,841485.4568839100,841485.4568839100,1,DORA-USDT
2021-05-04 01:00:00,1620061200000,28.5600000000,28.7100000000,28.3000000000,28.6900000000,13598.9982750000,388039.3903384600,388039.3903384600,1,DORA-USDT
2021-05-04 02:00:00,1620064800000,28.6900000000,28.7900000000,28.3400000000,28.5300000000,30351.0855160000,865150.6018735900,865150.6018735900,1,DORA-USDT
2021-05-04 03:00:00,1620068400000,28.5300000000,28.5500000000,28.3000000000,28.3800000000,20545.4463530000,583720.6556648799,583720.6556648799,1,DORA-USDT
2021-05-04 04:00:00,1620072000000,28.3900000000,28.5700000000,28.1400000000,28.3800000000,24185.9023520000,683933.9873454500,683933.9873454500,1,DORA-USDT
2021-05-04 05:00:00,1620075600000,28.3800000000,28.4500000000,28.0700000000,28.2100000000,20424.4957860000,577424.9924448300,577424.9924448300,1,DORA-USDT
2021-05-04 06:00:00,1620079200000,28.2600000000,28.3900000000,28.0200000000,28.2800000000,26492.1051510000,748316.3928292100,748316.3928292100,1,DORA-USDT
2021-05-04 07:00:00,1620082800000,28.2600000000,28.6600000000,28.1600000000,28.3400000000,41522.0396560000,1181726.0980628801,1181726.0980628801,1,DORA-USDT
2021-05-04 08:00:00,1620086400000,28.3300000000,28.4700000000,26.5000000000,26.7900000000,64943.5747590000,1788451.7936232600,1788451.7936232600,1,DORA-USDT
2021-05-04 09:00:00,1620090000000,26.7900000000,26.8200000000,25.9700000000,26.5400000000,73471.5928460000,1936614.3214843301,1936614.3214843301,1,DORA-USDT
2021-05-04 10:00:00,1620093600000,26.5500000000,26.6000000000,26.0000000000,26.4400000000,28938.6348840000,761360.5633391200,761360.5633391200,1,DORA-USDT
2021-05-04 11:00:00,1620097200000,26.4400000000,26.7000000000,26.3000000000,26.3500000000,28903.6498930000,765192.1847822100,765192.1847822100,1,DORA-USDT
2021-05-04 12:00:00,1620100800000,26.3400000000,26.5500000000,26.2000000000,26.4600000000,21866.3536590000,577142.7811969300,577142.7811969300,1,DORA-USDT
2021-05-04 13:00:00,1620104400000,26.4600000000,26.7800000000,26.4000000000,26.7500000000,25152.3738240000,668413.1514151100,668413.1514151100,1,DORA-USDT
2021-05-04 14:00:00,1620108000000,26.7500000000,26.8500000000,26.4400000000,26.7600000000,28923.1236760000,770371.3803154900,770371.3803154900,1,DORA-USDT
2021-05-04 15:00:00,1620111600000,26.7600000000,27.4300000000,26.0900000000,26.2300000000,64873.0527340000,1736567.7209276201,1736567.7209276201,1,DORA-USDT
2021-05-04 16:00:00,1620115200000,26.2300000000,26.4200000000,26.0000000000,26.3500000000,32696.0852650000,858381.6315152800,858381.6315152800,1,DORA-USDT
2021-05-04 17:00:00,1620118800000,26.3400000000,26.8400000000,26.3400000000,26.7300000000,28369.3001770000,755267.1448519100,755267.1448519100,1,DORA-USDT
2021-05-04 18:00:00,1620122400000,26.7400000000,26.9400000000,26.7000000000,26.8400000000,16441.8387070000,440801.0577321900,440801.0577321900,1,DORA-USDT
2021-05-04 19:00:00,1620126000000,26.8500000000,26.9800000000,26.6900000000,26.9100000000,26048.4799860000,699129.7504974700,699129.7504974700,1,DORA-USDT
2021-05-04 20:00:00,1620129600000,26.9200000000,26.9700000000,26.3200000000,26.7800000000,38716.1526420000,1028868.0670948500,1028868.0670948500,1,DORA-USDT
2021-05-04 21:00:00,1620133200000,26.7800000000,26.7800000000,26.0000000000,26.3200000000,45695.8112230000,1205747.9835134400,1205747.9835134400,1,DORA-USDT
2021-05-04 22:00:00,1620136800000,26.3100000000,26.3300000000,23.9900000000,24.5200000000,109733.6412170000,2735412.4230650398,2735412.4230650398,1,DORA-USDT
2021-05-04 23:00:00,1620140400000,24.5200000000,25.0600000000,23.6800000000,24.5000000000,89761.1822920000,2181028.1264572400,2181028.1264572400,1,DORA-USDT
2021-05-05 00:00:00,1620144000000,24.4800000000,24.8900000000,24.4100000000,24.5900000000,39147.1025420000,965418.0667500900,965418.0667500900,1,DORA-USDT
2021-05-05 01:00:00,1620147600000,24.6000000000,24.9900000000,24.4000000000,24.9500000000,30713.5705930000,757612.3600082200,757612.3600082200,1,DORA-USDT
2021-05-05 02:00:00,1620151200000,24.9400000000,24.9400000000,24.5000000000,24.8100000000,40533.4708790000,999727.7059034500,999727.7059034500,1,DORA-USDT
2021-05-05 03:00:00,1620154800000,24.8100000000,24.8800000000,24.7100000000,24.8700000000,10714.2845430000,265815.5771484100,265815.5771484100,1,DORA-USDT
2021-05-05 04:00:00,1620158400000,24.8700000000,24.9600000000,24.8200000000,24.9300000000,12156.6303870000,302579.5895921800,302579.5895921800,1,DORA-USDT
2021-05-05 05:00:00,1620162000000,24.9300000000,25.1000000000,24.8300000000,24.9600000000,12765.2405570000,319116.3201631500,319116.3201631500,1,DORA-USDT
2021-05-05 06:00:00,1620165600000,24.9500000000,24.9900000000,24.6000000000,24.7900000000,21887.3762530000,542435.2613534100,542435.2613534100,1,DORA-USDT
2021-05-05 07:00:00,1620169200000,24.7900000000,24.8500000000,24.3700000000,24.4800000000,29284.6499060000,721956.5627003700,721956.5627003700,1,DORA-USDT
2021-05-05 08:00:00,1620172800000,24.4800000000,25.4100000000,24.3600000000,24.7100000000,54967.8864850000,1369758.1683757000,1369758.1683757000,1,DORA-USDT
2021-05-05 09:00:00,1620176400000,24.7000000000,25.3800000000,24.6000000000,24.8700000000,46819.9754010000,1167300.1089428801,1167300.1089428801,1,DORA-USDT
2021-05-05 10:00:00,1620180000000,24.8800000000,25.1300000000,24.8300000000,25.0000000000,19913.4664230000,497453.6006281500,497453.6006281500,1,DORA-USDT
2021-05-05 11:00:00,1620183600000,25.0000000000,25.0200000000,24.5800000000,24.6400000000,19043.3059820000,471806.9781818400,471806.9781818400,1,DORA-USDT
2021-05-05 12:00:00,1620187200000,24.6500000000,24.7400000000,24.5100000000,24.6000000000,20179.9544250000,496848.7657104200,496848.7657104200,1,DORA-USDT
2021-05-05 13:00:00,1620190800000,24.6000000000,24.8100000000,24.4800000000,24.7200000000,17780.0994190000,438262.9051721400,438262.9051721400,1,DORA-USDT
2021-05-05 14:00:00,1620194400000,24.7200000000,24.7300000000,24.0600000000,24.1900000000,38472.5500710000,935548.2051588400,935548.2051588400,1,DORA-USDT
2021-05-05 15:00:00,1620198000000,24.1800000000,24.9400000000,24.1000000000,24.6900000000,33988.6804320000,832460.8581365700,832460.8581365700,1,DORA-USDT
2021-05-05 16:00:00,1620201600000,24.6900000000,25.8300000000,24.5500000000,25.5000000000,55426.0735980000,1388276.8720131901,1388276.8720131901,1,DORA-USDT
2021-05-05 17:00:00,1620205200000,25.5300000000,25.5400000000,24.7300000000,24.9900000000,35284.7127360000,888278.2190416900,888278.2190416900,1,DORA-USDT
2021-05-05 18:00:00,1620208800000,25.0100000000,25.9800000000,24.9300000000,25.9300000000,37906.7374760000,962750.1969323800,962750.1969323800,1,DORA-USDT
2021-05-05 19:00:00,1620212400000,25.9700000000,25.9800000000,24.7600000000,24.8100000000,50243.8751190000,1271400.1167892499,1271400.1167892499,1,DORA-USDT
2021-05-05 20:00:00,1620216000000,24.8100000000,25.3500000000,24.5500000000,25.2900000000,43592.8058110000,1088530.2554194201,1088530.2554194201,1,DORA-USDT
2021-05-05 21:00:00,1620219600000,25.2900000000,25.4100000000,25.0800000000,25.3800000000,26439.0366260000,668474.2477302400,668474.2477302400,1,DORA-USDT
2021-05-05 22:00:00,1620223200000,25.3800000000,25.6500000000,25.1000000000,25.2500000000,39876.4865590000,1012791.6671744700,1012791.6671744700,1,DORA-USDT
2021-05-05 23:00:00,1620226800000,25.2600000000,25.4600000000,25.1100000000,25.2300000000,28520.3867930000,720573.6473388100,720573.6473388100,1,DORA-USDT
2021-05-06 00:00:00,1620230400000,25.2300000000,25.3000000000,24.2700000000,24.8700000000,56345.3239120000,1387826.2952581299,1387826.2952581299,1,DORA-USDT
2021-05-06 01:00:00,1620234000000,24.8100000000,25.2600000000,24.7400000000,24.9300000000,31440.0239960000,785694.8756877800,785694.8756877800,1,DORA-USDT
2021-05-06 02:00:00,1620237600000,24.9300000000,25.0200000000,24.6100000000,24.6200000000,28658.2000900000,711501.3277198300,711501.3277198300,1,DORA-USDT
2021-05-06 03:00:00,1620241200000,24.6200000000,24.9100000000,24.5800000000,24.7300000000,26340.0733350000,651500.3652937399,651500.3652937399,1,DORA-USDT
2021-05-06 04:00:00,1620244800000,24.7400000000,24.8000000000,24.6000000000,24.7400000000,16364.8775460000,403724.9352531500,403724.9352531500,1,DORA-USDT
2021-05-06 05:00:00,1620248400000,24.7600000000,25.0400000000,24.7300000000,24.9300000000,22816.5014410000,568723.1098378500,568723.1098378500,1,DORA-USDT
2021-05-06 06:00:00,1620252000000,24.9400000000,25.2300000000,24.6700000000,24.7200000000,33981.2346780000,846739.1297180700,846739.1297180700,1,DORA-USDT
2021-05-06 07:00:00,1620255600000,24.7200000000,25.5900000000,24.6300000000,25.3600000000,75315.2683180000,1886775.7889272701,1886775.7889272701,1,DORA-USDT
2021-05-06 08:00:00,1620259200000,25.3400000000,25.5100000000,24.4300000000,24.7200000000,84075.7937460000,2092935.7604227697,2092935.7604227697,1,DORA-USDT
2021-05-06 09:00:00,1620262800000,24.7100000000,24.7800000000,24.4100000000,24.5300000000,26250.5662820000,644275.7842988000,644275.7842988000,1,DORA-USDT
2021-05-06 10:00:00,1620266400000,24.5300000000,24.8200000000,24.4100000000,24.7900000000,23685.2357110000,582017.7951571899,582017.7951571899,1,DORA-USDT
2021-05-06 11:00:00,1620270000000,24.8000000000,24.8100000000,24.3700000000,24.4600000000,24347.9642600000,596744.8260605200,596744.8260605200,1,DORA-USDT
2021-05-06 12:00:00,1620273600000,24.4400000000,24.8000000000,24.2000000000,24.4000000000,23743.2744800000,581814.1368312500,581814.1368312500,1,DORA-USDT
2021-05-06 13:00:00,1620277200000,24.4000000000,24.6500000000,24.3000000000,24.5800000000,16908.4098120000,414066.3132863400,414066.3132863400,1,DORA-USDT
2021-05-06 14:00:00,1620280800000,24.5700000000,24.5700000000,23.7800000000,23.9200000000,53589.9206120000,1291501.6563768201,1291501.6563768201,1,DORA-USDT
2021-05-06 15:00:00,1620284400000,23.9100000000,24.3600000000,23.6500000000,24.3200000000,46752.2096410000,1120964.2384776999,1120964.2384776999,1,DORA-USDT
2021-05-06 16:00:00,1620288000000,24.3500000000,24.6400000000,24.2100000000,24.5300000000,41463.4985050000,1011978.5524424500,1011978.5524424500,1,DORA-USDT
2021-05-06 17:00:00,1620291600000,24.5300000000,24.6100000000,24.2200000000,24.4800000000,37638.2389480000,916853.0060258500,916853.0060258500,1,DORA-USDT
2021-05-06 18:00:00,1620295200000,24.4800000000,24.7600000000,24.3800000000,24.5500000000,24833.3212190000,611263.4433137700,611263.4433137700,1,DORA-USDT
2021-05-06 19:00:00,1620298800000,24.5600000000,24.6600000000,24.0100000000,24.5900000000,46142.0633660000,1125351.5201278799,1125351.5201278799,1,DORA-USDT
2021-05-06 20:00:00,1620302400000,24.5800000000,24.5800000000,24.0000000000,24.1500000000,48012.4014230000,1162692.5954756001,1162692.5954756001,1,DORA-USDT
2021-05-06 21:00:00,1620306000000,24.1200000000,24.4000000000,23.9200000000,24.0500000000,46985.3960800000,1135419.1778952500,1135419.1778952500,1,DORA-USDT
2021-05-06 22:00:00,1620309600000,24.0600000000,24.5000000000,23.9400000000,24.3400000000,42207.3019420000,1024413.4593767300,1024413.4593767300,1,DORA-USDT
2021-05-06 23:00:00,1620313200000,24.3500000000,24.6900000000,24.0600000000,24.4600000000,48018.9761580000,1171351.4298161699,1171351.4298161699,1,DORA-USDT
2021-05-07 00:00:00,1620316800000,24.4700000000,24.5400000000,23.9100000000,24.1100000000,52817.8892260000,1276704.5339444100,1276704.5339444100,1,DORA-USDT
2021-05-07 01:00:00,1620320400000,24.1200000000,24.3500000000,24.1000000000,24.1600000000,16262.8482060000,393957.4648008100,393957.4648008100,1,DORA-USDT
2021-05-07 02:00:00,1620324000000,24.1600000000,24.1700000000,23.6900000000,23.7700000000,29291.0084730000,700079.7913706900,700079.7913706900,1,DORA-USDT
2021-05-07 03:00:00,1620327600000,23.7700000000,24.3600000000,23.6900000000,24.1500000000,35419.6243990000,848164.1484455200,848164.1484455200,1,DORA-USDT
2021-05-07 04:00:00,1620331200000,24.1600000000,24.1900000000,23.7100000000,23.9800000000,32182.4235160000,769631.9126955300,769631.9126955300,1,DORA-USDT
2021-05-07 05:00:00,1620334800000,23.9800000000,24.1200000000,23.7400000000,23.8900000000,24044.0458250000,575195.5665119700,575195.5665119700,1,DORA-USDT
2021-05-07 06:00:00,1620338400000,23.9000000000,24.0900000000,23.7200000000,24.0200000000,24031.5168380000,573433.4757214700,573433.4757214700,1,DORA-USDT
2021-05-07 07:00:00,1620342000000,24.0200000000,24.3100000000,23.7200000000,23.9300000000,56363.2652700000,1349124.0327123499,1349124.0327123499,1,DORA-USDT
2021-05-07 08:00:00,1620345600000,23.9300000000,24.2300000000,23.4300000000,23.7100000000,76863.9764840000,1830004.0824338701,1830004.0824338701,1,DORA-USDT
2021-05-07 09:00:00,1620349200000,23.7100000000,23.8800000000,23.4100000000,23.6600000000,40312.6046800000,950632.4180782700,950632.4180782700,1,DORA-USDT
2021-05-07 10:00:00,1620352800000,23.6500000000,23.6600000000,23.0800000000,23.1300000000,24439.2197350000,570378.9747062600,570378.9747062600,1,DORA-USDT
2021-05-07 11:00:00,1620356400000,23.1300000000,23.6000000000,22.9700000000,23.1800000000,44280.1367250000,1027259.5549256500,1027259.5549256500,1,DORA-USDT
2021-05-07 12:00:00,1620360000000,23.1800000000,23.1900000000,22.8200000000,23.1400000000,32616.1230290000,749955.4418261200,749955.4418261200,1,DORA-USDT
2021-05-07 13:00:00,1620363600000,23.1300000000,23.2200000000,22.5900000000,22.7100000000,28103.2503210000,643636.0695391900,643636.0695391900,1,DORA-USDT
2021-05-07 14:00:00,1620367200000,22.7100000000,23.0100000000,22.6300000000,22.6800000000,30189.4246370000,688849.3909404700,688849.3909404700,1,DORA-USDT
2021-05-07 15:00:00,1620370800000,22.6900000000,23.0400000000,22.6300000000,22.6700000000,30044.2681500000,687120.7574351199,687120.7574351199,1,DORA-USDT
2021-05-07 16:00:00,1620374400000,22.6700000000,22.8300000000,22.6000000000,22.7200000000,17679.9741510000,401505.8162898100,401505.8162898100,1,DORA-USDT
2021-05-07 17:00:00,1620378000000,22.7600000000,23.1400000000,22.7600000000,22.9100000000,30253.6249710000,694122.4343152300,694122.4343152300,1,DORA-USDT
2021-05-07 18:00:00,1620381600000,22.9100000000,23.0200000000,22.2100000000,22.4200000000,51290.9929950000,1152886.2550261500,1152886.2550261500,1,DORA-USDT
2021-05-07 19:00:00,1620385200000,22.4100000000,22.6200000000,22.3500000000,22.3900000000,19384.4359410000,435826.7390791500,435826.7390791500,1,DORA-USDT
2021-05-07 20:00:00,1620388800000,22.3900000000,23.4300000000,22.3800000000,23.1300000000,27638.2588310000,630162.2042654100,630162.2042654100,1,DORA-USDT
2021-05-07 21:00:00,1620392400000,23.1300000000,23.2300000000,22.4500000000,22.9700000000,49849.3549940000,1133550.1217657400,1133550.1217657400,1,DORA-USDT
2021-05-07 22:00:00,1620396000000,22.9600000000,23.1000000000,22.4300000000,22.8300000000,42626.7527330000,972633.6180244100,972633.6180244100,1,DORA-USDT
2021-05-07 23:00:00,1620399600000,22.8300000000,23.5200000000,22.7500000000,23.2300000000,36229.1142250000,840341.4188488900,840341.4188488900,1,DORA-USDT
2021-05-08 00:00:00,1620403200000,23.2600000000,24.5200000000,23.1700000000,23.9100000000,59220.3889890000,1410082.0796703100,1410082.0796703100,1,DORA-USDT
2021-05-08 01:00:00,1620406800000,23.9000000000,24.1200000000,23.5200000000,23.5700000000,34602.7911820000,822877.7807291200,822877.7807291200,1,DORA-USDT
2021-05-08 02:00:00,1620410400000,23.5700000000,23.6400000000,23.4600000000,23.5800000000,15756.2251670000,371367.3453713900,371367.3453713900,1,DORA-USDT
2021-05-08 03:00:00,1620414000000,23.5800000000,23.5900000000,23.5100000000,23.5600000000,2371.5516600000,55889.8266099600,55889.8266099600,1,DORA-USDT
2021-05-08 04:00:00,1620417600000,23.5500000000,23.6800000000,23.3100000000,23.4200000000,20370.6800270000,478533.5528017600,478533.5528017600,1,DORA-USDT
2021-05-08 05:00:00,1620421200000,23.4200000000,23.5000000000,23.1000000000,23.2500000000,11028.0094280000,257292.1429369600,257292.1429369600,1,DORA-USDT
2021-05-08 06:00:00,1620424800000,23.1700000000,23.1900000000,22.4100000000,22.4600000000,31515.2403940000,716447.4440690400,716447.4440690400,1,DORA-USDT
2021-05-08 07:00:00,1620428400000,22.4600000000,22.6900000000,22.4400000000,22.5400000000,10697.1833530000,241554.5338474900,241554.5338474900,1,DORA-USDT
2021-05-08 08:00:00,1620432000000,22.5400000000,22.8200000000,22.4100000000,22.7200000000,44656.9409630000,1010370.6339560300,1010370.6339560300,1,DORA-USDT
2021-05-08 09:00:00,1620435600000,22.7200000000,22.7800000000,22.4300000000,22.6100000000,32631.1083860000,739483.4064169800,739483.4064169800,1,DORA-USDT
2021-05-08 10:00:00,1620439200000,22.6100000000,23.2200000000,22.5600000000,23.0800000000,60057.4245180000,1373658.8642547100,1373658.8642547100,1,DORA-USDT
2021-05-08 11:00:00,1620442800000,23.0800000000,23.1900000000,22.5000000000,22.6600000000,55093.5786460000,1254531.4091601500,1254531.4091601500,1,DORA-USDT
2021-05-08 12:00:00,1620446400000,22.6600000000,22.9800000000,22.4500000000,22.5600000000,44836.0803050000,1014210.4075348800,1014210.4075348800,1,DORA-USDT
2021-05-08 13:00:00,1620450000000,22.5600000000,22.6700000000,22.3000000000,22.3300000000,36651.0026770000,821491.1165701200,821491.1165701200,1,DORA-USDT
2021-05-08 14:00:00,1620453600000,22.3300000000,22.3400000000,21.9900000000,22.0100000000,33529.5751740000,743214.3524319300,743214.3524319300,1,DORA-USDT
2021-05-08 15:00:00,1620457200000,22.0200000000,22.5800000000,21.9700000000,22.3400000000,75742.8720750000,1690303.2343331000,1690303.2343331000,1,DORA-USDT
2021-05-08 16:00:00,1620460800000,22.3400000000,22.4600000000,21.9300000000,22.1900000000,50318.4726130000,1116652.0135258699,1116652.0135258699,1,DORA-USDT
2021-05-08 17:00:00,1620464400000,22.1900000000,22.2500000000,21.4200000000,22.0900000000,67570.2032690000,1476998.9899548900,1476998.9899548900,1,DORA-USDT
2021-05-08 18:00:00,1620468000000,22.1100000000,22.2200000000,22.0000000000,22.0300000000,12951.7439830000,286712.6533439100,286712.6533439100,1,DORA-USDT
2021-05-08 19:00:00,1620471600000,22.0300000000,22.1100000000,21.7500000000,21.9200000000,21228.6801320000,466140.8811006800,466140.8811006800,1,DORA-USDT
2021-05-08 20:00:00,1620475200000,21.9000000000,22.0300000000,21.7200000000,21.9000000000,14928.6607790000,327150.4405429100,327150.4405429100,1,DORA-USDT
2021-05-08 21:00:00,1620478800000,21.9000000000,22.5400000000,21.8200000000,22.0000000000,51623.8250810000,1145784.0861385399,1145784.0861385399,1,DORA-USDT
2021-05-08 22:00:00,1620482400000,22.0000000000,22.5500000000,22.0000000000,22.4400000000,39100.9646120000,873869.0642996200,873869.0642996200,1,DORA-USDT
2021-05-08 23:00:00,1620486000000,22.4400000000,22.9700000000,22.2800000000,22.2900000000,62973.0818370000,1425159.6287081901,1425159.6287081901,1,DORA-USDT
2021-05-09 00:00:00,1620489600000,22.2900000000,22.2900000000,21.0000000000,21.1300000000,60190.5668840000,1299095.4485030300,1299095.4485030300,1,DORA-USDT
2021-05-09 01:00:00,1620493200000,21.1300000000,22.0000000000,21.0300000000,22.0000000000,54819.3207110000,1180064.5669380701,1180064.5669380701,1,DORA-USDT
2021-05-09 02:00:00,1620496800000,22.0100000000,22.3200000000,21.6800000000,21.7300000000,51237.4569550000,1126081.2228358600,1126081.2228358600,1,DORA-USDT
2021-05-09 03:00:00,1620500400000,21.7300000000,21.8500000000,21.6800000000,21.7300000000,17477.7767520000,380212.8867038500,380212.8867038500,1,DORA-USDT
2021-05-09 04:00:00,1620504000000,21.7300000000,21.8200000000,21.7000000000,21.8100000000,15726.5855480000,342148.5725093000,342148.5725093000,1,DORA-USDT
2021-05-09 05:00:00,1620507600000,21.8100000000,21.8200000000,21.6300000000,21.7100000000,15163.5669750000,329181.6321049800,329181.6321049800,1,DORA-USDT
2021-05-09 06:00:00,1620511200000,21.7000000000,21.7800000000,21.6000000000,21.7100000000,19862.9226530000,430830.5624120100,430830.5624120100,1,DORA-USDT
2021-05-09 07:00:00,1620514800000,21.7000000000,22.9700000000,21.5900000000,22.3000000000,51882.1521360000,1152534.0094474200,1152534.0094474200,1,DORA-USDT
2021-05-09 08:00:00,1620518400000,22.3100000000,22.4200000000,21.9400000000,22.1600000000,30701.3293490000,679981.1393749299,679981.1393749299,1,DORA-USDT
2021-05-09 09:00:00,1620522000000,22.1600000000,23.5000000000,22.1600000000,22.7600000000,81153.4371670000,1862011.3545639897,1862011.3545639897,1,DORA-USDT
2021-05-09 10:00:00,1620525600000,22.7700000000,23.3500000000,22.7500000000,23.2700000000,50315.8371710000,1158600.8945898199,1158600.8945898199,1,DORA-USDT
2021-05-09 11:00:00,1620529200000,23.2700000000,23.3200000000,22.1400000000,22.1400000000,58042.8103850000,1311404.8538440401,1311404.8538440401,1,DORA-USDT
2021-05-09 12:00:00,1620532800000,22.1300000000,22.2300000000,21.3600000000,21.6700000000,62499.9965720000,1361704.8141856799,1361704.8141856799,1,DORA-USDT
2021-05-09 13:00:00,1620536400000,21.6900000000,22.8800000000,21.6800000000,22.5100000000,95048.6406800000,2116231.6773229199,2116231.6773229199,1,DORA-USDT
2021-05-09 14:00:00,1620540000000,22.5000000000,22.5100000000,22.2300000000,22.3200000000,27739.6578370000,620690.2089687400,620690.2089687400,1,DORA-USDT
2021-05-09 15:00:00,1620543600000,22.3200000000,22.3800000000,21.9800000000,22.2700000000,32994.9835080000,731480.3654539000,731480.3654539000,1,DORA-USDT
2021-05-09 16:00:00,1620547200000,22.2500000000,22.3300000000,22.0700000000,22.3100000000,22672.8799530000,503545.6696833500,503545.6696833500,1,DORA-USDT
2021-05-09 17:00:00,1620550800000,22.3000000000,22.3100000000,21.5600000000,21.8000000000,48238.3105210000,1057173.2365934099,1057173.2365934099,1,DORA-USDT
2021-05-09 18:00:00,1620554400000,21.7900000000,21.7900000000,21.3000000000,21.5900000000,26709.2149210000,576245.7224693600,576245.7224693600,1,DORA-USDT
2021-05-09 19:00:00,1620558000000,21.5900000000,21.7300000000,21.5200000000,21.6400000000,18667.8242260000,404208.7600131800,404208.7600131800,1,DORA-USDT
2021-05-09 20:00:00,1620561600000,21.6500000000,21.6700000000,20.3000000000,20.5600000000,91977.4996620000,1917818.2453363400,1917818.2453363400,1,DORA-USDT
2021-05-09 21:00:00,1620565200000,20.5500000000,21.4900000000,20.2600000000,21.2600000000,105849.5827150000,2214904.0109270201,2214904.0109270201,1,DORA-USDT
2021-05-09 22:00:00,1620568800000,21.2400000000,21.4600000000,20.8800000000,20.8800000000,49425.9792020000,1048921.6074512000,1048921.6074512000,1,DORA-USDT
2021-05-09 23:00:00,1620572400000,20.8800000000,21.4100000000,20.8600000000,21.3600000000,27479.6690220000,582210.5613304800,582210.5613304800,1,DORA-USDT
2021-05-10 00:00:00,1620576000000,21.3600000000,21.5000000000,21.0900000000,21.0900000000,30423.7417330000,647925.8532970600,647925.8532970600,1,DORA-USDT
2021-05-10 01:00:00,1620579600000,21.0900000000,21.8900000000,21.0100000000,21.2500000000,39543.3296350000,843824.9369794501,843824.9369794501,1,DORA-USDT
2021-05-10 02:00:00,1620583200000,21.2500000000,21.4900000000,21.2400000000,21.4400000000,16425.4140270000,351275.1717251500,351275.1717251500,1,DORA-USDT
2021-05-10 03:00:00,1620586800000,21.4300000000,21.4800000000,21.2500000000,21.3300000000,26094.4717830000,557801.2217245999,557801.2217245999,1,DORA-USDT
2021-05-10 04:00:00,1620590400000,21.3500000000,21.5400000000,21.3300000000,21.5000000000,14616.2223480000,313433.2181878700,313433.2181878700,1,DORA-USDT
2021-05-10 05:00:00,1620594000000,21.5100000000,21.7300000000,21.3900000000,21.6400000000,32728.4417320000,705196.7942340700,705196.7942340700,1,DORA-USDT
2021-05-10 06:00:00,1620597600000,21.6400000000,21.6900000000,21.5100000000,21.5900000000,20929.7410430000,451935.7626411800,451935.7626411800,1,DORA-USDT
2021-05-10 07:00:00,1620601200000,21.5900000000,21.6700000000,21.3900000000,21.4200000000,20241.3439630000,436217.6922276900,436217.6922276900,1,DORA-USDT
2021-05-10 08:00:00,1620604800000,21.4200000000,21.6700000000,21.1000000000,21.6700000000,39305.3176350000,841221.3410243700,841221.3410243700,1,DORA-USDT
2021-05-10 09:00:00,1620608400000,21.6700000000,21.6700000000,21.3800000000,21.4000000000,27177.5416260000,584484.5279742900,584484.5279742900,1,DORA-USDT
2021-05-10 10:00:00,1620612000000,21.3900000000,21.9600000000,21.1100000000,21.8000000000,52416.1082560000,1124219.7690288699,1124219.7690288699,1,DORA-USDT
2021-05-10 11:00:00,1620615600000,21.8200000000,21.9400000000,21.3000000000,21.3300000000,37266.8456510000,805579.4754728900,805579.4754728900,1,DORA-USDT
2021-05-10 12:00:00,1620619200000,21.3300000000,21.7600000000,21.3200000000,21.5200000000,36066.8668250000,778234.1886492600,778234.1886492600,1,DORA-USDT
2021-05-10 13:00:00,1620622800000,21.5300000000,21.6100000000,21.2100000000,21.3600000000,27876.4566100000,597107.5117679600,597107.5117679600,1,DORA-USDT
2021-05-10 14:00:00,1620626400000,21.3600000000,21.5200000000,21.1700000000,21.2900000000,35606.4593590000,759590.1648164600,759590.1648164600,1,DORA-USDT
2021-05-10 15:00:00,1620630000000,21.2900000000,21.3700000000,21.1000000000,21.1900000000,21988.6580630000,467251.0102673200,467251.0102673200,1,DORA-USDT
2021-05-10 16:00:00,1620633600000,21.1800000000,21.2000000000,20.0700000000,20.3600000000,96241.1890020000,1973088.5984271599,1973088.5984271599,1,DORA-USDT
2021-05-10 17:00:00,1620637200000,20.3600000000,21.0000000000,19.2200000000,20.0200000000,97605.4505800000,1948309.6900328100,1948309.6900328100,1,DORA-USDT
2021-05-10 18:00:00,1620640800000,20.0100000000,20.0200000000,19.3300000000,19.5800000000,92918.3202730000,1825058.8776006501,1825058.8776006501,1,DORA-USDT
2021-05-10 19:00:00,1620644400000,19.5900000000,19.7700000000,19.2500000000,19.5800000000,50262.6847560000,982517.6280555000,982517.6280555000,1,DORA-USDT
2021-05-10 20:00:00,1620648000000,19.5800000000,19.7800000000,19.1500000000,19.3200000000,46977.1416880000,917862.9424439400,917862.9424439400,1,DORA-USDT
2021-05-10 21:00:00,1620651600000,19.3200000000,19.7600000000,19.2000000000,19.5800000000,42148.5488120000,823181.8578697600,823181.8578697600,1,DORA-USDT
2021-05-10 22:00:00,1620655200000,19.5800000000,19.6100000000,19.1000000000,19.2300000000,38128.8631090000,736936.3662147300,736936.3662147300,1,DORA-USDT
2021-05-10 23:00:00,1620658800000,19.2000000000,20.5600000000,19.1000000000,20.2800000000,93399.3781410000,1857575.4923689000,1857575.4923689000,1,DORA-USDT
2021-05-11 00:00:00,1620662400000,20.2900000000,20.4300000000,19.0300000000,19.9900000000,121281.3318490000,2387038.5932469401,2387038.5932469401,1,DORA-USDT
2021-05-11 01:00:00,1620666000000,19.9700000000,20.0300000000,19.5000000000,19.5300000000,47814.5770750000,945445.9249291300,945445.9249291300,1,DORA-USDT
2021-05-11 02:00:00,1620669600000,19.5300000000,19.5700000000,19.1200000000,19.2600000000,28682.9486630000,553233.3786625600,553233.3786625600,1,DORA-USDT
2021-05-11 03:00:00,1620673200000,19.2600000000,19.6000000000,18.6700000000,18.8100000000,52644.9471730000,1011799.7962853800,1011799.7962853800,1,DORA-USDT
2021-05-11 04:00:00,1620676800000,18.8000000000,19.0800000000,18.1500000000,19.0500000000,110004.8554230000,2053992.8476374897,2053992.8476374897,1,DORA-USDT
2021-05-11 05:00:00,1620680400000,19.0600000000,19.1900000000,18.8400000000,18.8600000000,28017.2004710000,532399.1229656900,532399.1229656900,1,DORA-USDT
2021-05-11 06:00:00,1620684000000,18.8500000000,18.8500000000,18.2200000000,18.4300000000,45320.3103050000,837195.8989970500,837195.8989970500,1,DORA-USDT
2021-05-11 07:00:00,1620687600000,18.4300000000,18.4700000000,17.3900000000,17.5600000000,85248.7054750000,1522073.5846032300,1522073.5846032300,1,DORA-USDT
2021-05-11 08:00:00,1620691200000,17.5500000000,18.2700000000,17.5000000000,18.0100000000,65673.4697980000,1176350.5541838100,1176350.5541838100,1,DORA-USDT
2021-05-11 09:00:00,1620694800000,18.0300000000,20.4400000000,17.7500000000,19.3100000000,159652.8527490000,3048327.2180037200,3048327.2180037200,1,DORA-USDT
2021-05-11 10:00:00,1620698400000,19.3100000000,19.6500000000,18.6700000000,18.8700000000,61691.7578900000,1187576.6066622201,1187576.6066622201,1,DORA-USDT
2021-05-11 11:00:00,1620702000000,18.8800000000,19.0000000000,18.0000000000,18.4400000000,62777.5037190000,1162083.8917951300,1162083.8917951300,1,DORA-USDT
2021-05-11 12:00:00,1620705600000,18.4400000000,18.5700000000,18.0100000000,18.3300000000,44558.7269910000,814051.4095670501,814051.4095670501,1,DORA-USDT
2021-05-11 13:00:00,1620709200000,18.3100000000,19.4900000000,18.2400000000,18.8400000000,92594.3540600000,1750221.2182739400,1750221.2182739400,1,DORA-USDT
2021-05-11 14:00:00,1620712800000,18.8500000000,19.4000000000,18.8500000000,19.1700000000,42849.7216560000,822110.2656351500,822110.2656351500,1,DORA-USDT
2021-05-11 15:00:00,1620716400000,19.2100000000,19.3200000000,19.0800000000,19.1100000000,22277.3454480000,428116.6393593000,428116.6393593000,1,DORA-USDT
2021-05-11 16:00:00,1620720000000,19.1200000000,19.1200000000,18.4500000000,18.5100000000,44176.4901360000,827212.6924637500,827212.6924637500,1,DORA-USDT
2021-05-11 17:00:00,1620723600000,18.5100000000,18.8400000000,18.4900000000,18.5900000000,22543.1562840000,420118.9816235700,420118.9816235700,1,DORA-USDT
2021-05-11 18:00:00,1620727200000,18.5900000000,18.7500000000,18.5400000000,18.6400000000,20915.0273880000,389825.5370639100,389825.5370639100,1,DORA-USDT
2021-05-11 19:00:00,1620730800000,18.6400000000,18.6400000000,18.2600000000,18.3200000000,28891.8153230000,533272.2342094000,533272.2342094000,1,DORA-USDT
2021-05-11 20:00:00,1620734400000,18.3200000000,18.3500000000,18.0000000000,18.0500000000,32762.1371970000,593690.0980875700,593690.0980875700,1,DORA-USDT
2021-05-11 21:00:00,1620738000000,18.0400000000,18.3500000000,18.0000000000,18.3400000000,45350.9865990000,823700.7839400200,823700.7839400200,1,DORA-USDT
2021-05-11 22:00:00,1620741600000,18.3400000000,18.4900000000,18.2000000000,18.2800000000,31639.7741690000,579899.1473027600,579899.1473027600,1,DORA-USDT
2021-05-11 23:00:00,1620745200000,18.2800000000,19.7800000000,18.2500000000,18.7800000000,106804.7581680000,2030309.2687123700,2030309.2687123700,1,DORA-USDT
2021-05-12 00:00:00,1620748800000,18.7900000000,18.9100000000,17.7500000000,17.7600000000,47526.0526410000,870768.3408277100,870768.3408277100,1,DORA-USDT
2021-05-12 01:00:00,1620752400000,17.7700000000,18.1300000000,17.7500000000,18.0900000000,22526.5353650000,403528.6196123300,403528.6196123300,1,DORA-USDT
2021-05-12 02:00:00,1620756000000,18.0800000000,18.2900000000,17.9800000000,18.1900000000,21649.3486170000,392470.7719057900,392470.7719057900,1,DORA-USDT
2021-05-12 03:00:00,1620759600000,18.1900000000,18.5000000000,18.1900000000,18.4600000000,24122.7504170000,443039.3577466100,443039.3577466100,1,DORA-USDT
2021-05-12 04:00:00,1620763200000,18.4600000000,18.5000000000,18.3800000000,18.4500000000,9244.1359910000,170553.3651454800,170553.3651454800,1,DORA-USDT
2021-05-12 05:00:00,1620766800000,18.4500000000,18.5700000000,18.3700000000,18.5700000000,14273.6758980000,263977.9392537800,263977.9392537800,1,DORA-USDT
2021-05-12 06:00:00,1620770400000,18.5600000000,18.6200000000,18.5000000000,18.6100000000,12930.2279140000,240118.6787000100,240118.6787000100,1,DORA-USDT
2021-05-12 07:00:00,1620774000000,18.6200000000,19.4700000000,18.6100000000,19.3600000000,41672.2838920000,790382.3955979400,790382.3955979400,1,DORA-USDT
2021-05-12 08:00:00,1620777600000,19.3800000000,19.3800000000,18.8100000000,18.8300000000,39906.5704910000,760990.6815274500,760990.6815274500,1,DORA-USDT
2021-05-12 09:00:00,1620781200000,18.8400000000,19.3400000000,18.6900000000,19.1800000000,48456.5833670000,924670.3412789800,924670.3412789800,1,DORA-USDT
2021-05-12 10:00:00,1620784800000,19.1800000000,19.2900000000,19.1500000000,19.2600000000,14655.2508970000,281884.0641201300,281884.0641201300,1,DORA-USDT
2021-05-12 11:00:00,1620788400000,19.2600000000,19.8800000000,19.2500000000,19.4500000000,49431.0118060000,972405.1957994601,972405.1957994601,1,DORA-USDT
2021-05-12 12:00:00,1620792000000,19.4500000000,20.4800000000,19.3800000000,20.3500000000,90739.3115340000,1806191.3326508300,1806191.3326508300,1,DORA-USDT
2021-05-12 13:00:00,1620795600000,20.3400000000,21.4000000000,20.3300000000,21.3500000000,53263.3712400000,1105253.4207106500,1105253.4207106500,1,DORA-USDT
2021-05-12 14:00:00,1620799200000,21.3500000000,21.3500000000,20.9200000000,20.9500000000,42771.6552280000,905607.8786178400,905607.8786178400,1,DORA-USDT
2021-05-12 15:00:00,1620802800000,20.9600000000,20.9600000000,19.9500000000,20.1600000000,72790.7247190000,1485513.0342414700,1485513.0342414700,1,DORA-USDT
2021-05-12 16:00:00,1620806400000,20.1600000000,20.2900000000,19.7600000000,20.1500000000,37507.6824150000,749129.3559105600,749129.3559105600,1,DORA-USDT
2021-05-12 17:00:00,1620810000000,20.1700000000,20.4200000000,20.1700000000,20.3500000000,23916.1469360000,485804.1868366100,485804.1868366100,1,DORA-USDT
2021-05-12 18:00:00,1620813600000,20.3600000000,20.4000000000,19.7300000000,19.8400000000,28996.0257150000,581520.1475810600,581520.1475810600,1,DORA-USDT
2021-05-12 19:00:00,1620817200000,19.8400000000,20.1200000000,19.8000000000,20.1200000000,24678.1710120000,493195.9270141600,493195.9270141600,1,DORA-USDT
2021-05-12 20:00:00,1620820800000,20.1200000000,20.1300000000,19.2900000000,19.4900000000,45896.7491540000,902323.6632485300,902323.6632485300,1,DORA-USDT
2021-05-12 21:00:00,1620824400000,19.4900000000,19.7600000000,19.1100000000,19.7600000000,57842.9512230000,1118439.1297411500,1118439.1297411500,1,DORA-USDT
2021-05-12 22:00:00,1620828000000,19.7500000000,20.4100000000,19.5600000000,20.1900000000,50120.0789800000,1002132.4873850800,1002132.4873850800,1,DORA-USDT
2021-05-12 23:00:00,1620831600000,20.1900000000,20.1900000000,19.1000000000,19.2200000000,48839.3934170000,952240.1874582900,952240.1874582900,1,DORA-USDT
2021-05-13 00:00:00,1620835200000,19.2100000000,21.8100000000,19.2100000000,21.3200000000,216537.1835400000,4497900.7573171798,4497900.7573171798,1,DORA-USDT
2021-05-13 01:00:00,1620838800000,21.3100000000,22.0000000000,21.2000000000,21.4300000000,78847.7622900000,1706498.2633824300,1706498.2633824300,1,DORA-USDT
2021-05-13 02:00:00,1620842400000,21.4300000000,22.0000000000,20.2900000000,20.3100000000,84034.4016070000,1777032.5070376000,1777032.5070376000,1,DORA-USDT
2021-05-13 03:00:00,1620846000000,20.3100000000,20.3700000000,19.6100000000,20.0200000000,52046.5503100000,1036671.9801139201,1036671.9801139201,1,DORA-USDT
2021-05-13 04:00:00,1620849600000,20.0200000000,20.4000000000,20.0100000000,20.3500000000,22892.1070840000,462971.5124352100,462971.5124352100,1,DORA-USDT
2021-05-13 05:00:00,1620853200000,20.3700000000,20.4100000000,20.1500000000,20.1500000000,10974.8781720000,222756.1576632400,222756.1576632400,1,DORA-USDT
2021-05-13 06:00:00,1620856800000,20.1500000000,20.1900000000,18.6200000000,18.8000000000,94280.9267970000,1813331.7399400501,1813331.7399400501,1,DORA-USDT
2021-05-13 07:00:00,1620860400000,18.8000000000,19.5800000000,18.5000000000,18.6300000000,123560.1449830000,2345445.3311732202,2345445.3311732202,1,DORA-USDT
2021-05-13 08:00:00,1620864000000,18.6200000000,20.6100000000,17.5900000000,19.9500000000,231871.6652640000,4376172.5791211296,4376172.5791211296,1,DORA-USDT
2021-05-13 09:00:00,1620867600000,19.9400000000,21.1700000000,19.5400000000,20.2300000000,113438.4134390000,2308443.2741033100,2308443.2741033100,1,DORA-USDT
2021-05-13 10:00:00,1620871200000,20.2200000000,20.3200000000,19.0000000000,19.4900000000,76436.6138960000,1507867.4341017299,1507867.4341017299,1,DORA-USDT
2021-05-13 11:00:00,1620874800000,19.4900000000,19.8500000000,19.4100000000,19.6500000000,31690.8136630000,622759.5685494900,622759.5685494900,1,DORA-USDT
2021-05-13 12:00:00,1620878400000,19.6400000000,19.9700000000,19.0200000000,19.8700000000,76618.8966180000,1494126.3064399699,1494126.3064399699,1,DORA-USDT
2021-05-13 13:00:00,1620882000000,19.8700000000,21.0400000000,19.2000000000,19.6400000000,132684.2053010000,2678444.4578326601,2678444.4578326601,1,DORA-USDT
2021-05-13 14:00:00,1620885600000,19.6500000000,19.9000000000,19.6100000000,19.7700000000,41480.5356710000,819996.8180608400,819996.8180608400,1,DORA-USDT
2021-05-13 15:00:00,1620889200000,19.7800000000,20.2600000000,19.2800000000,19.7100000000,74202.7997810000,1469898.6362640900,1469898.6362640900,1,DORA-USDT
2021-05-13 16:00:00,1620892800000,19.7000000000,19.7200000000,18.9100000000,18.9100000000,50938.8376230000,979746.9835499100,979746.9835499100,1,DORA-USDT
2021-05-13 17:00:00,1620896400000,18.9900000000,19.8300000000,18.1400000000,18.3200000000,83276.5695930000,1558660.0297205399,1558660.0297205399,1,DORA-USDT
2021-05-13 18:00:00,1620900000000,18.3200000000,18.7100000000,18.1100000000,18.2100000000,51021.3300560000,942165.2242919600,942165.2242919600,1,DORA-USDT
2021-05-13 19:00:00,1620903600000,18.1900000000,18.5200000000,18.0100000000,18.4400000000,43657.1550110000,799865.2583566100,799865.2583566100,1,DORA-USDT
2021-05-13 20:00:00,1620907200000,18.4400000000,19.3200000000,18.4200000000,19.0200000000,51548.8055630000,974412.8522745700,974412.8522745700,1,DORA-USDT
2021-05-13 21:00:00,1620910800000,19.0300000000,19.2000000000,18.8800000000,19.1400000000,33625.3342500000,640814.2488586400,640814.2488586400,1,DORA-USDT
2021-05-13 22:00:00,1620914400000,19.1400000000,19.4500000000,19.1200000000,19.4500000000,26670.3289440000,513155.3301625600,513155.3301625600,1,DORA-USDT
2021-05-13 23:00:00,1620918000000,19.4600000000,19.6900000000,18.9900000000,19.0400000000,54982.4179480000,1062994.0101464901,1062994.0101464901,1,DORA-USDT
2021-05-14 00:00:00,1620921600000,19.0400000000,19.1800000000,18.0000000000,18.1200000000,84907.6558050000,1565693.8310014200,1565693.8310014200,1,DORA-USDT
2021-05-14 01:00:00,1620925200000,18.1300000000,18.4200000000,17.9000000000,18.0400000000,52893.4303690000,958156.5122368600,958156.5122368600,1,DORA-USDT
2021-05-14 02:00:00,1620928800000,18.0400000000,18.3900000000,17.9600000000,18.2700000000,29998.3742740000,547397.6851366800,547397.6851366800,1,DORA-USDT
2021-05-14 03:00:00,1620932400000,18.2500000000,18.3700000000,18.1800000000,18.3300000000,26693.0122320000,487656.1108230000,487656.1108230000,1,DORA-USDT
2021-05-14 04:00:00,1620936000000,18.3400000000,18.4100000000,18.2900000000,18.4000000000,14618.3902620000,268306.1239573600,268306.1239573600,1,DORA-USDT
2021-05-14 05:00:00,1620939600000,18.4000000000,18.5100000000,18.3800000000,18.4300000000,19047.7724020000,351350.6196994900,351350.6196994900,1,DORA-USDT
2021-05-14 06:00:00,1620943200000,18.4300000000,18.4900000000,18.1400000000,18.3400000000,33590.2325500000,615997.7751143300,615997.7751143300,1,DORA-USDT
2021-05-14 07:00:00,1620946800000,18.3500000000,18.4700000000,18.0600000000,18.4400000000,35729.2545130000,652093.0744634200,652093.0744634200,1,DORA-USDT
2021-05-14 08:00:00,1620950400000,18.4300000000,19.2900000000,18.4100000000,19.1100000000,83049.1192340000,1569028.0113583100,1569028.0113583100,1,DORA-USDT
2021-05-14 09:00:00,1620954000000,19.1100000000,19.3900000000,18.8800000000,18.9700000000,33568.4465550000,642167.3832757900,642167.3832757900,1,DORA-USDT
2021-05-14 10:00:00,1620957600000,18.9600000000,18.9800000000,18.5900000000,18.6200000000,22690.8792700000,425465.0780899700,425465.0780899700,1,DORA-USDT
2021-05-14 11:00:00,1620961200000,18.6200000000,18.6200000000,18.1100000000,18.3200000000,47708.6337100000,874640.4292898900,874640.4292898900,1,DORA-USDT
2021-05-14 12:00:00,1620964800000,18.3100000000,18.5200000000,18.1000000000,18.4200000000,41601.8528690000,762791.7043602800,762791.7043602800,1,DORA-USDT
2021-05-14 13:00:00,1620968400000,18.4200000000,18.5800000000,18.3200000000,18.5400000000,16715.4770370000,308721.9341106300,308721.9341106300,1,DORA-USDT
2021-05-14 14:00:00,1620972000000,18.5600000000,18.6600000000,18.3300000000,18.5900000000,43698.2905200000,808176.1782480800,808176.1782480800,1,DORA-USDT
2021-05-14 15:00:00,1620975600000,18.5900000000,19.4400000000,18.5100000000,19.3300000000,80898.5452960000,1532968.5377539101,1532968.5377539101,1,DORA-USDT
2021-05-14 16:00:00,1620979200000,19.3200000000,19.4800000000,18.9400000000,19.3900000000,45352.3609380000,871236.7551025799,871236.7551025799,1,DORA-USDT
2021-05-14 17:00:00,1620982800000,19.3900000000,19.4000000000,18.9600000000,19.0300000000,35458.8830690000,677996.0383054200,677996.0383054200,1,DORA-USDT
2021-05-14 18:00:00,1620986400000,19.0400000000,19.6800000000,18.9200000000,19.6700000000,35688.6860240000,688821.9596240401,688821.9596240401,1,DORA-USDT
2021-05-14 19:00:00,1620990000000,19.6700000000,19.6800000000,19.1200000000,19.2500000000,45254.9339860000,877472.4188505500,877472.4188505500,1,DORA-USDT
2021-05-14 20:00:00,1620993600000,19.2600000000,19.4300000000,19.1800000000,19.2800000000,29308.6645380000,565857.1684232600,565857.1684232600,1,DORA-USDT
2021-05-14 21:00:00,1620997200000,19.2900000000,19.3200000000,19.0900000000,19.2700000000,19403.6885390000,372660.4923966700,372660.4923966700,1,DORA-USDT
2021-05-14 22:00:00,1621000800000,19.2600000000,19.5700000000,19.2600000000,19.5300000000,24952.3293260000,484340.7732841100,484340.7732841100,1,DORA-USDT
2021-05-14 23:00:00,1621004400000,19.5300000000,19.6000000000,19.3000000000,19.3500000000,24587.0787140000,478398.7496413700,478398.7496413700,1,DORA-USDT
2021-05-15 00:00:00,1621008000000,19.3600000000,19.4400000000,19.2000000000,19.2800000000,16447.2071010000,317509.1916434200,317509.1916434200,1,DORA-USDT
2021-05-15 01:00:00,1621011600000,19.3300000000,19.7000000000,19.2700000000,19.3200000000,33907.6638650000,659451.5813322400,659451.5813322400,1,DORA-USDT
2021-05-15 02:00:00,1621015200000,19.3100000000,19.3800000000,19.2000000000,19.2300000000,12620.6784310000,243010.2985306700,243010.2985306700,1,DORA-USDT
2021-05-15 03:00:00,1621018800000,19.2200000000,19.2900000000,19.2100000000,19.2900000000,6383.7931490000,122869.7768499500,122869.7768499500,1,DORA-USDT
2021-05-15 04:00:00,1621022400000,19.2900000000,19.3600000000,19.2300000000,19.2800000000,12362.1659160000,238419.9448957800,238419.9448957800,1,DORA-USDT
2021-05-15 05:00:00,1621026000000,19.2800000000,19.3200000000,19.2200000000,19.2400000000,11711.2807120000,225678.8878011700,225678.8878011700,1,DORA-USDT
2021-05-15 06:00:00,1621029600000,19.2400000000,19.3900000000,19.1600000000,19.3800000000,18964.1745920000,364977.6908108300,364977.6908108300,1,DORA-USDT
2021-05-15 07:00:00,1621033200000,19.3800000000,20.0600000000,19.1800000000,19.7300000000,43229.8196760000,841796.2596808900,841796.2596808900,1,DORA-USDT
2021-05-15 08:00:00,1621036800000,19.7200000000,20.5000000000,19.6500000000,19.9700000000,53716.7709370000,1078981.2923279300,1078981.2923279300,1,DORA-USDT
2021-05-15 09:00:00,1621040400000,19.9800000000,20.4700000000,19.9500000000,20.0600000000,57904.4045240000,1166943.2911006501,1166943.2911006501,1,DORA-USDT
2021-05-15 10:00:00,1621044000000,20.0600000000,20.4000000000,20.0000000000,20.2300000000,36383.6361510000,734221.4337519100,734221.4337519100,1,DORA-USDT
2021-05-15 11:00:00,1621047600000,20.2200000000,20.4000000000,20.0600000000,20.1000000000,33154.6039060000,671298.2917961400,671298.2917961400,1,DORA-USDT
2021-05-15 12:00:00,1621051200000,20.0900000000,21.5100000000,20.0800000000,21.0000000000,46182.9156400000,955196.2522401200,955196.2522401200,1,DORA-USDT
2021-05-15 13:00:00,1621054800000,21.0000000000,22.4600000000,20.9400000000,21.4300000000,106762.7031430000,2330590.0355459601,2330590.0355459601,1,DORA-USDT
2021-05-15 14:00:00,1621058400000,21.4300000000,22.3200000000,20.2100000000,20.2800000000,145350.8476410000,3098732.6644809502,3098732.6644809502,1,DORA-USDT
2021-05-15 15:00:00,1621062000000,20.2800000000,20.3500000000,19.5000000000,19.8900000000,52693.4202590000,1041947.4102639400,1041947.4102639400,1,DORA-USDT
2021-05-15 16:00:00,1621065600000,19.9000000000,19.9600000000,19.5800000000,19.9500000000,36092.0677210000,713716.2259160700,713716.2259160700,1,DORA-USDT
2021-05-15 17:00:00,1621069200000,19.9300000000,20.0700000000,19.8000000000,19.9100000000,25937.2153360000,517771.4737328500,517771.4737328500,1,DORA-USDT
2021-05-15 18:00:00,1621072800000,19.9100000000,19.9600000000,19.5300000000,19.8000000000,34179.6198320000,673636.9066306200,673636.9066306200,1,DORA-USDT
2021-05-15 19:00:00,1621076400000,19.7900000000,20.3900000000,19.6300000000,20.2600000000,69867.5384240000,1393148.0159882400,1393148.0159882400,1,DORA-USDT
2021-05-15 20:00:00,1621080000000,20.2900000000,20.9900000000,20.1100000000,20.6600000000,49452.5429870000,1013678.9963260200,1013678.9963260200,1,DORA-USDT
2021-05-15 21:00:00,1621083600000,20.6500000000,20.9500000000,20.1800000000,20.7700000000,53562.7449930000,1098855.7323152600,1098855.7323152600,1,DORA-USDT
2021-05-15 22:00:00,1621087200000,20.7900000000,20.7900000000,19.7800000000,19.8900000000,59265.4133310000,1202886.8055232500,1202886.8055232500,1,DORA-USDT
2021-05-15 23:00:00,1621090800000,19.8600000000,20.0000000000,19.6100000000,19.6200000000,32171.1690170000,637509.6168754200,637509.6168754200,1,DORA-USDT
2021-05-16 00:00:00,1621094400000,19.6200000000,20.3800000000,19.6000000000,20.0800000000,65624.1066560000,1315501.8092065100,1315501.8092065100,1,DORA-USDT
2021-05-16 01:00:00,1621098000000,20.0500000000,20.1200000000,19.1900000000,19.3000000000,47477.0865050000,934731.4660384700,934731.4660384700,1,DORA-USDT
2021-05-16 02:00:00,1621101600000,19.3000000000,19.3000000000,18.4800000000,18.5200000000,52842.7784340000,993111.4858276800,993111.4858276800,1,DORA-USDT
2021-05-16 03:00:00,1621105200000,18.5100000000,18.6400000000,18.2600000000,18.6300000000,32542.3033680000,601545.6711867200,601545.6711867200,1,DORA-USDT
2021-05-16 04:00:00,1621108800000,18.6200000000,18.7900000000,18.5200000000,18.7500000000,23071.3918390000,430605.1171337200,430605.1171337200,1,DORA-USDT
2021-05-16 05:00:00,1621112400000,18.7500000000,19.0300000000,18.7500000000,19.0000000000,21047.6547420000,397457.9511467000,397457.9511467000,1,DORA-USDT
2021-05-16 06:00:00,1621116000000,19.0000000000,19.0000000000,18.6900000000,18.7300000000,25780.5219070000,485116.8847697400,485116.8847697400,1,DORA-USDT
2021-05-16 07:00:00,1621119600000,18.7300000000,18.9000000000,18.5400000000,18.5500000000,26547.1615210000,497493.4659324700,497493.4659324700,1,DORA-USDT
2021-05-16 08:00:00,1621123200000,18.5400000000,19.1900000000,18.2200000000,19.1700000000,74716.5401050000,1395555.8497927501,1395555.8497927501,1,DORA-USDT
2021-05-16 09:00:00,1621126800000,19.1800000000,19.6800000000,18.6000000000,18.9400000000,144893.7294530000,2766329.7616709601,2766329.7616709601,1,DORA-USDT
2021-05-16 10:00:00,1621130400000,18.9200000000,19.2200000000,18.7900000000,18.9700000000,30158.7463620000,573254.6100319800,573254.6100319800,1,DORA-USDT
2021-05-16 11:00:00,1621134000000,18.9700000000,19.2100000000,18.6300000000,18.9800000000,31531.1771750000,595984.6781856000,595984.6781856000,1,DORA-USDT
2021-05-16 12:00:00,1621137600000,18.9900000000,19.1500000000,18.7500000000,18.7600000000,27598.8878330000,520991.1554392300,520991.1554392300,1,DORA-USDT
2021-05-16 13:00:00,1621141200000,18.7600000000,18.7900000000,18.7000000000,18.7800000000,10648.7775240000,199563.7699753300,199563.7699753300,1,DORA-USDT
2021-05-16 14:00:00,1621144800000,18.7800000000,19.1400000000,18.7200000000,18.9200000000,30775.6848830000,583126.3193083100,583126.3193083100,1,DORA-USDT
2021-05-16 15:00:00,1621148400000,18.9200000000,19.1900000000,18.9200000000,19.1200000000,19317.9075780000,368255.0500551800,368255.0500551800,1,DORA-USDT
2021-05-16 16:00:00,1621152000000,19.1000000000,19.1200000000,18.8000000000,18.9100000000,29113.0194970000,551541.1271055200,551541.1271055200,1,DORA-USDT
2021-05-16 17:00:00,1621155600000,18.9100000000,18.9700000000,18.5000000000,18.8100000000,22421.6516070000,421121.6786263200,421121.6786263200,1,DORA-USDT
2021-05-16 18:00:00,1621159200000,18.8000000000,18.9300000000,18.7300000000,18.8300000000,22728.7807020000,428007.2320499700,428007.2320499700,1,DORA-USDT
2021-05-16 19:00:00,1621162800000,18.8300000000,18.9900000000,18.8200000000,18.9200000000,13490.6631750000,255182.4168852300,255182.4168852300,1,DORA-USDT
2021-05-16 20:00:00,1621166400000,18.9300000000,18.9300000000,18.7000000000,18.7100000000,11253.9563080000,211612.9234193900,211612.9234193900,1,DORA-USDT
2021-05-16 21:00:00,1621170000000,18.7200000000,18.7500000000,18.5500000000,18.6700000000,19914.1512200000,371233.3958291600,371233.3958291600,1,DORA-USDT
2021-05-16 22:00:00,1621173600000,18.6700000000,18.7300000000,18.4200000000,18.5200000000,21764.2086110000,404458.8873402400,404458.8873402400,1,DORA-USDT
2021-05-16 23:00:00,1621177200000,18.5200000000,18.5700000000,18.1000000000,18.3300000000,27658.4706850000,507468.1007635300,507468.1007635300,1,DORA-USDT
2021-05-17 00:00:00,1621180800000,18.3200000000,18.4500000000,18.1100000000,18.2000000000,27236.7284120000,497699.8584657900,497699.8584657900,1,DORA-USDT
2021-05-17 01:00:00,1621184400000,18.2000000000,18.6200000000,18.0000000000,18.5300000000,62804.3724360000,1147385.7019806099,1147385.7019806099,1,DORA-USDT
2021-05-17 02:00:00,1621188000000,18.5100000000,18.6700000000,18.2100000000,18.3000000000,30528.4887060000,563040.6594136000,563040.6594136000,1,DORA-USDT
2021-05-17 03:00:00,1621191600000,18.3000000000,18.6700000000,18.2700000000,18.5200000000,32005.3282770000,591907.8754440700,591907.8754440700,1,DORA-USDT
2021-05-17 04:00:00,1621195200000,18.5300000000,18.7000000000,18.4300000000,18.5700000000,27420.1425250000,509465.3188310800,509465.3188310800,1,DORA-USDT
2021-05-17 05:00:00,1621198800000,18.5700000000,18.7300000000,18.4400000000,18.4500000000,27435.5701370000,509710.5607887900,509710.5607887900,1,DORA-USDT
2021-05-17 06:00:00,1621202400000,18.4600000000,18.7700000000,18.4300000000,18.7400000000,14722.1618360000,274329.4599613200,274329.4599613200,1,DORA-USDT
2021-05-17 07:00:00,1621206000000,18.7500000000,19.8300000000,18.7300000000,19.1700000000,63463.8583170000,1225784.6529643501,1225784.6529643501,1,DORA-USDT
2021-05-17 08:00:00,1621209600000,19.1800000000,19.3900000000,18.9400000000,19.3400000000,48388.9893700000,926602.1711350500,926602.1711350500,1,DORA-USDT
2021-05-17 09:00:00,1621213200000,19.3400000000,19.3400000000,18.4500000000,18.4500000000,55658.4815430000,1048091.9152866499,1048091.9152866499,1,DORA-USDT
2021-05-17 10:00:00,1621216800000,18.4600000000,18.7700000000,18.1000000000,18.2600000000,61959.0503510000,1138967.2917589601,1138967.2917589601,1,DORA-USDT
2021-05-17 11:00:00,1621220400000,18.2600000000,18.3000000000,17.4000000000,17.5600000000,74266.7297570000,1315711.3946188099,1315711.3946188099,1,DORA-USDT
2021-05-17 12:00:00,1621224000000,17.5600000000,17.6100000000,16.6600000000,17.0800000000,81153.5484000000,1384795.1899303501,1384795.1899303501,1,DORA-USDT
2021-05-17 13:00:00,1621227600000,17.0800000000,17.3100000000,16.7000000000,17.1100000000,56395.8595450000,958971.6196234100,958971.6196234100,1,DORA-USDT
2021-05-17 14:00:00,1621231200000,17.1100000000,17.7000000000,17.1000000000,17.5400000000,50123.2738930000,876634.5867267000,876634.5867267000,1,DORA-USDT
2021-05-17 15:00:00,1621234800000,17.5600000000,17.6900000000,17.4400000000,17.6400000000,23663.2693860000,415930.9320210100,415930.9320210100,1,DORA-USDT
2021-05-17 16:00:00,1621238400000,17.6400000000,17.8200000000,17.5400000000,17.6700000000,31845.9007460000,562598.4050237200,562598.4050237200,1,DORA-USDT
2021-05-17 17:00:00,1621242000000,17.6700000000,17.7900000000,17.5200000000,17.7600000000,26609.3689880000,470372.7786511800,470372.7786511800,1,DORA-USDT
2021-05-17 18:00:00,1621245600000,17.7500000000,17.8300000000,17.5000000000,17.6100000000,26196.5497980000,463613.4151548400,463613.4151548400,1,DORA-USDT
2021-05-17 19:00:00,1621249200000,17.6100000000,17.6800000000,17.3700000000,17.6600000000,25569.1790820000,449036.2092866800,449036.2092866800,1,DORA-USDT
2021-05-17 20:00:00,1621252800000,17.6600000000,17.7900000000,17.6400000000,17.7200000000,20233.3097990000,358609.9230541100,358609.9230541100,1,DORA-USDT
2021-05-17 21:00:00,1621256400000,17.7200000000,17.9300000000,17.6200000000,17.9200000000,22218.8144170000,395791.2042736500,395791.2042736500,1,DORA-USDT
2021-05-17 22:00:00,1621260000000,17.9100000000,17.9100000000,17.3100000000,17.5200000000,37136.4297030000,651950.8949843800,651950.8949843800,1,DORA-USDT
2021-05-17 23:00:00,1621263600000,17.5100000000,17.5700000000,17.2400000000,17.3000000000,28199.8363950000,490788.7801359200,490788.7801359200,1,DORA-USDT
2021-05-18 00:00:00,1621267200000,17.3000000000,17.3600000000,17.0000000000,17.0600000000,38680.0802480000,664682.2129310000,664682.2129310000,1,DORA-USDT
2021-05-18 01:00:00,1621270800000,17.0700000000,17.3000000000,17.0200000000,17.1800000000,36227.0049890000,621411.5609812100,621411.5609812100,1,DORA-USDT
2021-05-18 02:00:00,1621274400000,17.1900000000,17.6200000000,17.1700000000,17.4600000000,26066.5827710000,450965.7071416600,450965.7071416600,1,DORA-USDT
2021-05-18 03:00:00,1621278000000,17.4700000000,17.5600000000,17.3900000000,17.5500000000,20864.2929170000,364932.2143909200,364932.2143909200,1,DORA-USDT
2021-05-18 04:00:00,1621281600000,17.5500000000,17.6400000000,17.5200000000,17.6300000000,12636.1734510000,222188.9633181000,222188.9633181000,1,DORA-USDT
2021-05-18 05:00:00,1621285200000,17.6100000000,17.6100000000,17.3500000000,17.4900000000,17026.5293210000,297673.5738800800,297673.5738800800,1,DORA-USDT
2021-05-18 06:00:00,1621288800000,17.5000000000,17.8600000000,17.4700000000,17.7100000000,23352.4038090000,413790.4802914100,413790.4802914100,1,DORA-USDT
2021-05-18 07:00:00,1621292400000,17.7100000000,17.8400000000,17.6600000000,17.8200000000,23041.1948060000,409024.1075458400,409024.1075458400,1,DORA-USDT
2021-05-18 08:00:00,1621296000000,17.8000000000,17.9500000000,17.7000000000,17.7200000000,29442.3732710000,523962.0391079500,523962.0391079500,1,DORA-USDT
2021-05-18 09:00:00,1621299600000,17.7100000000,17.9300000000,17.7000000000,17.8600000000,16003.6701710000,285523.6279071400,285523.6279071400,1,DORA-USDT
2021-05-18 10:00:00,1621303200000,17.8500000000,17.9500000000,17.6700000000,17.9500000000,17229.1334220000,307154.7572423800,307154.7572423800,1,DORA-USDT
2021-05-18 11:00:00,1621306800000,17.9400000000,17.9500000000,17.8100000000,17.8800000000,8926.3213270000,159613.6339172200,159613.6339172200,1,DORA-USDT
2021-05-18 12:00:00,1621310400000,17.8900000000,18.3300000000,17.8700000000,18.0300000000,29049.1456800000,526063.2181099800,526063.2181099800,1,DORA-USDT
2021-05-18 13:00:00,1621314000000,18.0300000000,18.5000000000,18.0300000000,18.1800000000,40095.9102060000,731817.0312960000,731817.0312960000,1,DORA-USDT
2021-05-18 14:00:00,1621317600000,18.1800000000,18.2900000000,17.9600000000,17.9700000000,38246.4100160000,692138.1728115600,692138.1728115600,1,DORA-USDT
2021-05-18 15:00:00,1621321200000,17.9700000000,18.2900000000,17.8700000000,18.2600000000,26157.6326140000,472373.1753934900,472373.1753934900,1,DORA-USDT
2021-05-18 16:00:00,1621324800000,18.2600000000,18.3200000000,17.9200000000,17.9800000000,35638.4668510000,643210.2411764601,643210.2411764601,1,DORA-USDT
2021-05-18 17:00:00,1621328400000,17.9800000000,18.1000000000,17.7300000000,18.0600000000,19544.7817110000,351194.0285540700,351194.0285540700,1,DORA-USDT
2021-05-18 18:00:00,1621332000000,18.0600000000,18.2200000000,18.0400000000,18.2000000000,13632.5523320000,247553.6936433100,247553.6936433100,1,DORA-USDT
2021-05-18 19:00:00,1621335600000,18.1800000000,18.5000000000,18.1300000000,18.3400000000,31114.2575130000,571441.7320491400,571441.7320491400,1,DORA-USDT
2021-05-18 20:00:00,1621339200000,18.3400000000,18.3400000000,17.7000000000,17.7200000000,44280.1695150000,797653.8109334100,797653.8109334100,1,DORA-USDT
2021-05-18 21:00:00,1621342800000,17.7200000000,17.7900000000,16.9600000000,17.3400000000,68923.7604260000,1193717.9041585899,1193717.9041585899,1,DORA-USDT
2021-05-18 22:00:00,1621346400000,17.3400000000,17.3400000000,16.7100000000,16.8900000000,44577.0034280000,760858.1733462201,760858.1733462201,1,DORA-USDT
2021-05-18 23:00:00,1621350000000,16.8900000000,17.2400000000,16.8100000000,16.8500000000,41978.8021690000,712396.7658093200,712396.7658093200,1,DORA-USDT
2021-05-19 00:00:00,1621353600000,16.8500000000,17.0800000000,16.6000000000,17.0200000000,36920.1847250000,620686.8349055001,620686.8349055001,1,DORA-USDT
2021-05-19 01:00:00,1621357200000,17.0200000000,17.1200000000,16.9600000000,17.0900000000,20945.1965360000,356907.7732381800,356907.7732381800,1,DORA-USDT
2021-05-19 02:00:00,1621360800000,17.0800000000,17.1500000000,17.0300000000,17.1100000000,14316.1662960000,244626.2800751300,244626.2800751300,1,DORA-USDT
2021-05-19 03:00:00,1621364400000,17.1200000000,17.3400000000,17.1000000000,17.2500000000,16914.6564620000,291330.7525176600,291330.7525176600,1,DORA-USDT
2021-05-19 04:00:00,1621368000000,17.2400000000,17.3100000000,17.2100000000,17.2200000000,9222.0951770000,158917.5535286900,158917.5535286900,1,DORA-USDT
2021-05-19 05:00:00,1621371600000,17.2200000000,17.2400000000,17.0800000000,17.1900000000,12240.9442770000,209896.4227153800,209896.4227153800,1,DORA-USDT
2021-05-19 06:00:00,1621375200000,17.1800000000,17.1800000000,17.0400000000,17.0700000000,18930.1790850000,323979.5234729100,323979.5234729100,1,DORA-USDT
2021-05-19 07:00:00,1621378800000,17.0600000000,17.0600000000,16.6800000000,16.8100000000,31375.7294970000,527735.4510900200,527735.4510900200,1,DORA-USDT
2021-05-19 08:00:00,1621382400000,16.8100000000,17.1000000000,16.6600000000,16.7400000000,45593.7901090000,767283.7688333100,767283.7688333100,1,DORA-USDT
2021-05-19 09:00:00,1621386000000,16.7400000000,16.9200000000,16.5400000000,16.8900000000,38428.0897020000,642653.8020709000,642653.8020709000,1,DORA-USDT
2021-05-19 10:00:00,1621389600000,16.8900000000,16.9000000000,16.0000000000,16.0100000000,57248.4977120000,940130.4805992900,940130.4805992900,1,DORA-USDT
2021-05-19 11:00:00,1621393200000,16.0000000000,16.0000000000,15.1100000000,15.1400000000,51548.1122770000,812840.0829474500,812840.0829474500,1,DORA-USDT
2021-05-19 12:00:00,1621396800000,15.1200000000,15.2200000000,12.7500000000,12.9200000000,203676.2581580000,2823136.2799205799,2823136.2799205799,1,DORA-USDT
2021-05-19 13:00:00,1621400400000,12.9300000000,14.3500000000,12.9100000000,13.5800000000,175341.8607890000,2393254.6318953894,2393254.6318953894,1,DORA-USDT
2021-05-19 14:00:00,1621404000000,13.5800000000,14.8800000000,13.5800000000,13.9700000000,188596.0320970000,2679305.8292390690,2679305.8292390690,1,DORA-USDT
2021-05-19 15:00:00,1621407600000,13.9700000000,14.4800000000,13.5400000000,13.8500000000,147489.0715720000,2070640.0218392501,2070640.0218392501,1,DORA-USDT
2021-05-19 16:00:00,1621411200000,13.8700000000,14.3800000000,13.8300000000,14.3000000000,56554.5486670000,803340.1261663500,803340.1261663500,1,DORA-USDT
2021-05-19 17:00:00,1621414800000,14.3000000000,15.1300000000,14.0100000000,14.1500000000,110253.0034040000,1606941.3324446499,1606941.3324446499,1,DORA-USDT
2021-05-19 18:00:00,1621418400000,14.1900000000,14.2700000000,14.0000000000,14.0800000000,40466.2576580000,570114.3218995900,570114.3218995900,1,DORA-USDT
2021-05-19 19:00:00,1621422000000,14.1000000000,14.1500000000,13.0300000000,14.1200000000,105047.2790300000,1438514.5110974901,1438514.5110974901,1,DORA-USDT
2021-05-19 20:00:00,1621425600000,14.1400000000,14.1700000000,11.0000000000,11.6500000000,166621.2193400000,2145659.9442583700,2145659.9442583700,1,DORA-USDT
2021-05-19 21:00:00,1621429200000,11.6400000000,12.3300000000,8.6200000000,10.4800000000,360060.2229920000,3825582.6092657102,3825582.6092657102,1,DORA-USDT
2021-05-19 22:00:00,1621432800000,10.4700000000,10.5300000000,9.3700000000,10.3000000000,266371.1928450000,2686754.6448688498,2686754.6448688498,1,DORA-USDT
2021-05-19 23:00:00,1621436400000,10.3000000000,12.0000000000,10.1900000000,11.1100000000,137024.8488760000,1499929.4281846799,1499929.4281846799,1,DORA-USDT
2021-05-20 00:00:00,1621440000000,11.0300000000,11.9000000000,10.5000000000,11.5500000000,205734.7506470000,2278620.6301292800,2278620.6301292800,1,DORA-USDT
2021-05-20 01:00:00,1621443600000,11.5500000000,12.1300000000,10.6700000000,11.6300000000,151419.4292520000,1727068.3837408300,1727068.3837408300,1,DORA-USDT
2021-05-20 02:00:00,1621447200000,11.6300000000,11.9400000000,11.0000000000,11.3200000000,91262.2859230000,1043769.4376995700,1043769.4376995700,1,DORA-USDT
2021-05-20 03:00:00,1621450800000,11.3200000000,11.7300000000,11.3100000000,11.6100000000,45494.3353280000,526462.0462806900,526462.0462806900,1,DORA-USDT
2021-05-20 04:00:00,1621454400000,11.6000000000,11.7100000000,11.2100000000,11.3600000000,43752.0264170000,501579.1770892000,501579.1770892000,1,DORA-USDT
2021-05-20 05:00:00,1621458000000,11.3700000000,11.6200000000,10.9800000000,11.1400000000,85398.0153400000,964186.8517876900,964186.8517876900,1,DORA-USDT
2021-05-20 06:00:00,1621461600000,11.1400000000,11.7300000000,11.1100000000,11.3800000000,51715.7568760000,589789.9900004200,589789.9900004200,1,DORA-USDT
2021-05-20 07:00:00,1621465200000,11.3800000000,11.3800000000,10.0000000000,10.2000000000,106079.7420880000,1113450.0593441001,1113450.0593441001,1,DORA-USDT
2021-05-20 08:00:00,1621468800000,10.1900000000,10.7400000000,9.5100000000,9.6700000000,191410.2399040000,1935165.2486773501,1935165.2486773501,1,DORA-USDT
2021-05-20 09:00:00,1621472400000,9.6800000000,9.9900000000,9.5200000000,9.8800000000,98325.2385520000,961127.4152847501,961127.4152847501,1,DORA-USDT
2021-05-20 10:00:00,1621476000000,9.8800000000,10.1600000000,9.8000000000,10.1300000000,73642.9202110000,735060.7779028000,735060.7779028000,1,DORA-USDT
2021-05-20 11:00:00,1621479600000,10.1400000000,10.4900000000,9.6700000000,9.8500000000,86485.0313150000,873840.6310761000,873840.6310761000,1,DORA-USDT
2021-05-20 12:00:00,1621483200000,9.8600000000,10.4400000000,9.8300000000,10.1400000000,89420.5341930000,912482.8282168900,912482.8282168900,1,DORA-USDT
2021-05-20 13:00:00,1621486800000,10.1400000000,10.4900000000,10.0300000000,10.2100000000,72904.6383550000,748460.0172704100,748460.0172704100,1,DORA-USDT
2021-05-20 14:00:00,1621490400000,10.2000000000,10.7700000000,10.0000000000,10.7700000000,84156.3372290000,869311.4876832101,869311.4876832101,1,DORA-USDT
2021-05-20 15:00:00,1621494000000,10.7600000000,10.8000000000,10.2400000000,10.2800000000,109106.4495750000,1142153.5821273399,1142153.5821273399,1,DORA-USDT
2021-05-20 16:00:00,1621497600000,10.2800000000,10.4600000000,10.2400000000,10.3300000000,47737.6038190000,493196.7136744300,493196.7136744300,1,DORA-USDT
2021-05-20 17:00:00,1621501200000,10.3300000000,10.4300000000,10.1000000000,10.3800000000,63043.8643360000,647645.6347405800,647645.6347405800,1,DORA-USDT
2021-05-20 18:00:00,1621504800000,10.3700000000,10.5100000000,10.3400000000,10.4000000000,25657.6834640000,267130.3446783200,267130.3446783200,1,DORA-USDT
2021-05-20 19:00:00,1621508400000,10.4000000000,10.5600000000,10.3600000000,10.5300000000,28018.2036850000,292542.0044977200,292542.0044977200,1,DORA-USDT
2021-05-20 20:00:00,1621512000000,10.5500000000,11.9400000000,10.5500000000,11.9100000000,147958.4224910000,1668397.8373438700,1668397.8373438700,1,DORA-USDT
2021-05-20 21:00:00,1621515600000,11.9100000000,12.2700000000,11.5100000000,11.9300000000,114826.3101620000,1369314.4813866301,1369314.4813866301,1,DORA-USDT
2021-05-20 22:00:00,1621519200000,11.9400000000,12.3500000000,11.4300000000,11.8100000000,91443.5815080000,1090880.6005053599,1090880.6005053599,1,DORA-USDT
2021-05-20 23:00:00,1621522800000,11.8000000000,11.9100000000,11.5200000000,11.5800000000,33925.0838510000,397969.1019753400,397969.1019753400,1,DORA-USDT
2021-05-21 00:00:00,1621526400000,11.6000000000,11.6100000000,10.7900000000,11.0000000000,114569.4147990000,1283119.0092492600,1283119.0092492600,1,DORA-USDT
2021-05-21 01:00:00,1621530000000,11.0400000000,11.2000000000,11.0000000000,11.1200000000,41427.7513640000,461259.1758896200,461259.1758896200,1,DORA-USDT
2021-05-21 02:00:00,1621533600000,11.1200000000,11.2400000000,11.1100000000,11.2000000000,12526.1542140000,140121.4802021400,140121.4802021400,1,DORA-USDT
2021-05-21 03:00:00,1621537200000,11.2000000000,11.3100000000,11.1900000000,11.2200000000,13135.5544630000,147740.9865900000,147740.9865900000,1,DORA-USDT
2021-05-21 04:00:00,1621540800000,11.2200000000,11.4100000000,11.1300000000,11.1800000000,24392.9406400000,272894.4319390100,272894.4319390100,1,DORA-USDT
2021-05-21 05:00:00,1621544400000,11.1700000000,11.2600000000,11.1500000000,11.2500000000,11084.1552470000,124115.3406300200,124115.3406300200,1,DORA-USDT
2021-05-21 06:00:00,1621548000000,11.2600000000,11.4000000000,11.2600000000,11.4000000000,17126.9917560000,193873.4818635600,193873.4818635600,1,DORA-USDT
2021-05-21 07:00:00,1621551600000,11.3900000000,11.5400000000,10.9100000000,10.9500000000,46603.5687330000,522601.7144665400,522601.7144665400,1,DORA-USDT
2021-05-21 08:00:00,1621555200000,10.9500000000,11.9200000000,10.9500000000,11.4900000000,106958.8029810000,1222910.3600408200,1222910.3600408200,1,DORA-USDT
2021-05-21 09:00:00,1621558800000,11.4900000000,11.5900000000,11.4600000000,11.5300000000,24033.7600610000,276743.1965628800,276743.1965628800,1,DORA-USDT
2021-05-21 10:00:00,1621562400000,11.5300000000,11.5700000000,11.2500000000,11.3700000000,20713.9755050000,236012.0589960600,236012.0589960600,1,DORA-USDT
2021-05-21 11:00:00,1621566000000,11.3700000000,11.4100000000,11.0100000000,11.1100000000,39996.3419950000,446983.8992336400,446983.8992336400,1,DORA-USDT
2021-05-21 12:00:00,1621569600000,11.1000000000,11.1400000000,10.8100000000,10.8100000000,31445.8677090000,343969.3652870400,343969.3652870400,1,DORA-USDT
2021-05-21 13:00:00,1621573200000,10.8100000000,10.9900000000,10.7800000000,10.9700000000,25329.8677460000,275250.2679711400,275250.2679711400,1,DORA-USDT
2021-05-21 14:00:00,1621576800000,10.9700000000,10.9900000000,10.4600000000,10.7200000000,51264.2867320000,545972.1091277500,545972.1091277500,1,DORA-USDT
2021-05-21 15:00:00,1621580400000,10.7200000000,10.7500000000,10.5000000000,10.5500000000,35965.8342100000,380874.4867101000,380874.4867101000,1,DORA-USDT
2021-05-21 16:00:00,1621584000000,10.5500000000,10.5800000000,10.3200000000,10.4500000000,35065.5731660000,367627.6951404000,367627.6951404000,1,DORA-USDT
2021-05-21 17:00:00,1621587600000,10.4500000000,10.5200000000,10.3800000000,10.4200000000,23943.3666150000,250279.2692634900,250279.2692634900,1,DORA-USDT
2021-05-21 18:00:00,1621591200000,10.4200000000,10.6800000000,10.4200000000,10.6000000000,20554.1149510000,217138.5022002000,217138.5022002000,1,DORA-USDT
2021-05-21 19:00:00,1621594800000,10.6000000000,10.6100000000,10.1800000000,10.2800000000,45584.8028760000,472785.0094937200,472785.0094937200,1,DORA-USDT
2021-05-21 20:00:00,1621598400000,10.3200000000,10.4300000000,10.2000000000,10.2300000000,41971.9464910000,432535.0766838100,432535.0766838100,1,DORA-USDT
2021-05-21 21:00:00,1621602000000,10.2300000000,10.4900000000,10.1300000000,10.4300000000,34299.9735450000,352582.9281219300,352582.9281219300,1,DORA-USDT
2021-05-21 22:00:00,1621605600000,10.4300000000,10.7000000000,8.6000000000,8.9700000000,211360.6136770000,2002403.7798883200,2002403.7798883200,1,DORA-USDT
2021-05-21 23:00:00,1621609200000,8.9800000000,9.0700000000,8.7300000000,8.7700000000,86010.0813620000,763642.3648063800,763642.3648063800,1,DORA-USDT
2021-05-22 00:00:00,1621612800000,8.7700000000,9.3000000000,8.6600000000,8.8200000000,94991.2108940000,852973.5593314500,852973.5593314500,1,DORA-USDT
2021-05-22 01:00:00,1621616400000,8.8300000000,8.9900000000,8.7500000000,8.8100000000,47527.1199320000,421109.6520467500,421109.6520467500,1,DORA-USDT
2021-05-22 02:00:00,1621620000000,8.8000000000,9.0000000000,8.6100000000,8.9500000000,67113.5366550000,589391.9752256999,589391.9752256999,1,DORA-USDT
2021-05-22 03:00:00,1621623600000,8.9600000000,8.9900000000,8.8000000000,8.8400000000,21248.0744880000,188601.3657635700,188601.3657635700,1,DORA-USDT
2021-05-22 04:00:00,1621627200000,8.8400000000,8.8400000000,8.4900000000,8.5000000000,46944.0066640000,401939.4686436600,401939.4686436600,1,DORA-USDT
2021-05-22 05:00:00,1621630800000,8.5100000000,8.7900000000,8.5000000000,8.7800000000,37689.3313210000,324947.0812304900,324947.0812304900,1,DORA-USDT
2021-05-22 06:00:00,1621634400000,8.7800000000,8.9200000000,8.5300000000,8.5500000000,56744.5249950000,493249.9377505500,493249.9377505500,1,DORA-USDT
2021-05-22 07:00:00,1621638000000,8.5600000000,9.3100000000,8.5600000000,8.8700000000,110477.4985370000,984062.1685320101,984062.1685320101,1,DORA-USDT
2021-05-22 08:00:00,1621641600000,8.8700000000,9.3100000000,8.7900000000,9.1100000000,88688.3357710000,802275.7652494099,802275.7652494099,1,DORA-USDT
2021-05-22 09:00:00,1621645200000,9.1200000000,9.2900000000,9.0400000000,9.1600000000,45554.3515190000,418646.0513302900,418646.0513302900,1,DORA-USDT
2021-05-22 10:00:00,1621648800000,9.1500000000,9.3600000000,8.8400000000,8.8400000000,61174.8907740000,558631.3699114700,558631.3699114700,1,DORA-USDT
2021-05-22 11:00:00,1621652400000,8.8500000000,8.9600000000,8.6200000000,8.7800000000,62284.9151240000,547319.3925906901,547319.3925906901,1,DORA-USDT
2021-05-22 12:00:00,1621656000000,8.7800000000,8.9000000000,8.6000000000,8.6700000000,44303.9590180000,387704.9229517300,387704.9229517300,1,DORA-USDT
2021-05-22 13:00:00,1621659600000,8.6600000000,8.6600000000,8.3000000000,8.3000000000,33230.7353640000,280684.4566990200,280684.4566990200,1,DORA-USDT
2021-05-22 14:00:00,1621663200000,8.3600000000,8.3700000000,8.1400000000,8.3300000000,37319.7012610000,308978.2552865300,308978.2552865300,1,DORA-USDT
2021-05-22 15:00:00,1621666800000,8.3300000000,8.4200000000,8.0800000000,8.1500000000,46766.4789790000,385479.3001320700,385479.3001320700,1,DORA-USDT
2021-05-22 16:00:00,1621670400000,8.1300000000,8.6600000000,8.0800000000,8.6300000000,98504.6722890000,820815.3191326300,820815.3191326300,1,DORA-USDT
2021-05-22 17:00:00,1621674000000,8.6300000000,8.6400000000,8.2900000000,8.3700000000,39784.4979420000,335122.4180880500,335122.4180880500,1,DORA-USDT
2021-05-22 18:00:00,1621677600000,8.3700000000,8.8800000000,8.3200000000,8.7500000000,69820.3630970000,600399.0130085699,600399.0130085699,1,DORA-USDT
2021-05-22 19:00:00,1621681200000,8.7500000000,8.7500000000,8.5100000000,8.7300000000,66846.0073380000,579123.1882965300,579123.1882965300,1,DORA-USDT
2021-05-22 20:00:00,1621684800000,8.7300000000,8.8400000000,8.6400000000,8.6700000000,48466.3600580000,423984.6005286700,423984.6005286700,1,DORA-USDT
2021-05-22 21:00:00,1621688400000,8.6700000000,8.7100000000,8.4400000000,8.5800000000,49252.3335140000,421703.9242867000,421703.9242867000,1,DORA-USDT
2021-05-22 22:00:00,1621692000000,8.5800000000,8.6200000000,8.3300000000,8.4100000000,46666.3426790000,397012.1865371300,397012.1865371300,1,DORA-USDT
2021-05-22 23:00:00,1621695600000,8.4100000000,8.6500000000,8.4100000000,8.6100000000,37345.3788610000,318823.0841905300,318823.0841905300,1,DORA-USDT
2021-05-23 00:00:00,1621699200000,8.6000000000,8.6800000000,8.4200000000,8.6300000000,47284.2992040000,404563.5305766200,404563.5305766200,1,DORA-USDT
2021-05-23 01:00:00,1621702800000,8.6300000000,8.6600000000,8.6200000000,8.6500000000,7595.5319950000,65630.3876570400,65630.3876570400,1,DORA-USDT
2021-05-23 02:00:00,1621706400000,8.6500000000,8.7300000000,8.6300000000,8.7000000000,14635.7129580000,127028.0392020300,127028.0392020300,1,DORA-USDT
2021-05-23 03:00:00,1621710000000,8.7000000000,8.7000000000,8.5800000000,8.5800000000,21418.7084040000,184903.4740302600,184903.4740302600,1,DORA-USDT
2021-05-23 04:00:00,1621713600000,8.5800000000,8.6600000000,8.5600000000,8.6300000000,17777.5064650000,153250.0050872400,153250.0050872400,1,DORA-USDT
2021-05-23 05:00:00,1621717200000,8.6300000000,8.6500000000,8.5900000000,8.6200000000,6473.2776550000,55776.2664642900,55776.2664642900,1,DORA-USDT
2021-05-23 06:00:00,1621720800000,8.6200000000,8.7000000000,8.5900000000,8.6000000000,18228.7104970000,157496.0412764300,157496.0412764300,1,DORA-USDT
2021-05-23 07:00:00,1621724400000,8.6000000000,8.7800000000,8.6000000000,8.7700000000,23514.4089330000,204985.7917637000,204985.7917637000,1,DORA-USDT
2021-05-23 08:00:00,1621728000000,8.7700000000,8.7700000000,8.5600000000,8.7100000000,16869.9398230000,146471.1104287600,146471.1104287600,1,DORA-USDT
2021-05-23 09:00:00,1621731600000,8.7100000000,8.7500000000,8.6200000000,8.6300000000,10424.9350800000,90609.3845996100,90609.3845996100,1,DORA-USDT
2021-05-23 10:00:00,1621735200000,8.6200000000,8.6200000000,8.3000000000,8.4900000000,26419.5137460000,223149.8899134800,223149.8899134800,1,DORA-USDT
2021-05-23 11:00:00,1621738800000,8.4900000000,8.5000000000,8.1000000000,8.1100000000,31718.9005480000,262120.1152919500,262120.1152919500,1,DORA-USDT
2021-05-23 12:00:00,1621742400000,8.1100000000,8.2600000000,8.0600000000,8.1900000000,22815.5833850000,186751.4272965200,186751.4272965200,1,DORA-USDT
2021-05-23 13:00:00,1621746000000,8.1900000000,8.2200000000,8.0700000000,8.1200000000,27373.8591660000,223133.2790527600,223133.2790527600,1,DORA-USDT
2021-05-23 14:00:00,1621749600000,8.1200000000,8.1300000000,8.0000000000,8.0000000000,11370.8589870000,91460.0676397900,91460.0676397900,1,DORA-USDT
2021-05-23 15:00:00,1621753200000,8.0100000000,8.0700000000,7.4800000000,7.6300000000,37189.2662560000,289458.5035130600,289458.5035130600,1,DORA-USDT
2021-05-23 16:00:00,1621756800000,7.6300000000,7.6400000000,6.8000000000,6.8300000000,83493.8004020000,602360.5270490100,602360.5270490100,1,DORA-USDT
2021-05-23 17:00:00,1621760400000,6.8200000000,6.9700000000,6.7200000000,6.9500000000,43976.5164520000,301155.7849970000,301155.7849970000,1,DORA-USDT
2021-05-23 18:00:00,1621764000000,6.9500000000,7.5000000000,6.9400000000,7.2500000000,72406.2830100000,526477.6257148600,526477.6257148600,1,DORA-USDT
2021-05-23 19:00:00,1621767600000,7.2500000000,7.3100000000,7.0900000000,7.1200000000,32286.9285670000,232011.6617417200,232011.6617417200,1,DORA-USDT
2021-05-23 20:00:00,1621771200000,7.1200000000,7.1500000000,6.6000000000,6.7100000000,91146.5699830000,621044.2250842600,621044.2250842600,1,DORA-USDT
2021-05-23 21:00:00,1621774800000,6.7000000000,6.8000000000,6.6000000000,6.7200000000,41711.6523440000,278119.4273218400,278119.4273218400,1,DORA-USDT
2021-05-23 22:00:00,1621778400000,6.7200000000,6.7200000000,5.5400000000,5.8400000000,177843.2501090000,1057932.3694116899,1057932.3694116899,1,DORA-USDT
2021-05-23 23:00:00,1621782000000,5.8300000000,5.9500000000,5.3200000000,5.5900000000,133788.2872910000,755702.8781763500,755702.8781763500,1,DORA-USDT
2021-05-24 00:00:00,1621785600000,5.5900000000,5.9900000000,4.9300000000,5.2000000000,151564.0680010000,813532.9462551200,813532.9462551200,1,DORA-USDT
2021-05-24 01:00:00,1621789200000,5.2000000000,5.7100000000,5.1900000000,5.3300000000,105304.3779460000,572638.4385865600,572638.4385865600,1,DORA-USDT
2021-05-24 02:00:00,1621792800000,5.3300000000,5.6500000000,5.1600000000,5.6100000000,84721.3389850000,461199.9643303300,461199.9643303300,1,DORA-USDT
2021-05-24 03:00:00,1621796400000,5.6200000000,5.7600000000,5.5900000000,5.7400000000,7963.6274330000,45299.6846703500,45299.6846703500,1,DORA-USDT
2021-05-24 04:00:00,1621800000000,5.7400000000,5.7400000000,5.5700000000,5.6700000000,26325.4331340000,148783.3308269100,148783.3308269100,1,DORA-USDT
2021-05-24 05:00:00,1621803600000,5.6800000000,5.9500000000,5.2800000000,5.9500000000,24992.8473240000,135870.1561207800,135870.1561207800,1,DORA-USDT
2021-05-24 06:00:00,1621807200000,5.9000000000,5.9500000000,5.5900000000,5.7300000000,51465.0853120000,295777.8345535900,295777.8345535900,1,DORA-USDT
2021-05-24 07:00:00,1621810800000,5.7400000000,6.5200000000,5.7400000000,6.3900000000,89638.0899460000,551599.7141776000,551599.7141776000,1,DORA-USDT
2021-05-24 08:00:00,1621814400000,6.3900000000,6.6700000000,6.2600000000,6.3700000000,120309.4433740000,774240.1515492901,774240.1515492901,1,DORA-USDT
2021-05-24 09:00:00,1621818000000,6.3700000000,6.6100000000,6.2500000000,6.4900000000,58360.0826370000,375206.2595534900,375206.2595534900,1,DORA-USDT
2021-05-24 10:00:00,1621821600000,6.4900000000,6.4900000000,6.4000000000,6.4500000000,16848.1540440000,108683.6939226900,108683.6939226900,1,DORA-USDT
2021-05-24 11:00:00,1621825200000,6.4500000000,6.5700000000,6.4400000000,6.5500000000,17369.2094890000,113121.3563874100,113121.3563874100,1,DORA-USDT
2021-05-24 12:00:00,1621828800000,6.5500000000,6.5500000000,6.4000000000,6.4300000000,36001.0045290000,231690.6925316200,231690.6925316200,1,DORA-USDT
2021-05-24 13:00:00,1621832400000,6.4400000000,6.4400000000,6.2400000000,6.3000000000,32157.3314900000,203696.9783473200,203696.9783473200,1,DORA-USDT
2021-05-24 14:00:00,1621836000000,6.3000000000,6.3000000000,5.9000000000,5.9300000000,49661.9933280000,299991.9188689900,299991.9188689900,1,DORA-USDT
2021-05-24 15:00:00,1621839600000,5.9400000000,6.6900000000,5.8700000000,6.4500000000,68749.6283040000,427899.9472121000,427899.9472121000,1,DORA-USDT
2021-05-24 16:00:00,1621843200000,6.4500000000,6.9400000000,6.4500000000,6.7800000000,67711.9083970000,456065.2173252500,456065.2173252500,1,DORA-USDT
2021-05-24 17:00:00,1621846800000,6.7800000000,6.8900000000,6.3000000000,6.3000000000,49870.1986010000,326995.3901090100,326995.3901090100,1,DORA-USDT
2021-05-24 18:00:00,1621850400000,6.3000000000,6.7300000000,6.3000000000,6.5100000000,67213.9281810000,439471.6140664200,439471.6140664200,1,DORA-USDT
2021-05-24 19:00:00,1621854000000,6.5100000000,6.9800000000,6.5100000000,6.9300000000,48419.1603020000,325812.1700958400,325812.1700958400,1,DORA-USDT
2021-05-24 20:00:00,1621857600000,6.9300000000,7.1800000000,6.8500000000,7.0700000000,36270.9627520000,254162.6077212500,254162.6077212500,1,DORA-USDT
2021-05-24 21:00:00,1621861200000,7.0800000000,7.1000000000,6.6300000000,6.7500000000,56477.2131070000,384199.3278019400,384199.3278019400,1,DORA-USDT
2021-05-24 22:00:00,1621864800000,6.7600000000,6.8700000000,6.7600000000,6.8500000000,15989.4843520000,109137.2094280900,109137.2094280900,1,DORA-USDT
2021-05-24 23:00:00,1621868400000,6.8500000000,7.1800000000,6.8300000000,7.1200000000,41506.7601740000,293200.3937767100,293200.3937767100,1,DORA-USDT
2021-05-25 00:00:00,1621872000000,7.1100000000,7.1100000000,6.8100000000,6.9400000000,45772.5952200000,315438.6036874400,315438.6036874400,1,DORA-USDT
2021-05-25 01:00:00,1621875600000,6.9400000000,7.2000000000,6.6900000000,7.0000000000,108184.0309770000,755490.2284269800,755490.2284269800,1,DORA-USDT
2021-05-25 02:00:00,1621879200000,7.0000000000,7.1900000000,6.9300000000,7.0800000000,64879.9074850000,457441.3097124500,457441.3097124500,1,DORA-USDT
2021-05-25 03:00:00,1621882800000,7.0800000000,7.2400000000,7.0200000000,7.1100000000,36029.7638200000,256230.0739311900,256230.0739311900,1,DORA-USDT
2021-05-25 04:00:00,1621886400000,7.1100000000,7.2500000000,7.0100000000,7.1000000000,61316.1653740000,435181.4171251100,435181.4171251100,1,DORA-USDT
2021-05-25 05:00:00,1621890000000,7.1000000000,7.1700000000,7.0100000000,7.0300000000,10362.4884330000,73563.5854205100,73563.5854205100,1,DORA-USDT
2021-05-25 06:00:00,1621893600000,7.0300000000,7.1100000000,7.0300000000,7.1100000000,5195.8967730000,36717.8864626400,36717.8864626400,1,DORA-USDT
2021-05-25 07:00:00,1621897200000,7.1000000000,7.6400000000,7.1000000000,7.5500000000,39222.9088160000,291151.1674928500,291151.1674928500,1,DORA-USDT
2021-05-25 08:00:00,1621900800000,7.5500000000,7.7900000000,7.3200000000,7.3600000000,43274.4357510000,325027.6905907000,325027.6905907000,1,DORA-USDT
2021-05-25 09:00:00,1621904400000,7.3600000000,7.4100000000,7.0300000000,7.2400000000,48560.7752030000,350738.4975911500,350738.4975911500,1,DORA-USDT
2021-05-25 10:00:00,1621908000000,7.2400000000,7.3100000000,6.9500000000,7.0000000000,33010.9283760000,234107.9231179100,234107.9231179100,1,DORA-USDT
2021-05-25 11:00:00,1621911600000,6.9900000000,7.1900000000,6.9000000000,7.0300000000,36678.5906790000,257304.0705610600,257304.0705610600,1,DORA-USDT
2021-05-25 12:00:00,1621915200000,7.0300000000,7.1100000000,7.0000000000,7.0700000000,23513.7357010000,165873.0312294700,165873.0312294700,1,DORA-USDT
2021-05-25 13:00:00,1621918800000,7.0700000000,7.0900000000,6.9700000000,7.0100000000,29238.6937470000,204939.0316756600,204939.0316756600,1,DORA-USDT
2021-05-25 14:00:00,1621922400000,7.0100000000,7.2300000000,7.0000000000,7.1700000000,27328.9648140000,193196.3821458500,193196.3821458500,1,DORA-USDT
2021-05-25 15:00:00,1621926000000,7.1500000000,7.1700000000,7.0300000000,7.1300000000,26045.8211650000,184897.2843112600,184897.2843112600,1,DORA-USDT
2021-05-25 16:00:00,1621929600000,7.1300000000,7.1400000000,6.9100000000,7.0000000000,45358.9769070000,318695.1128619300,318695.1128619300,1,DORA-USDT
2021-05-25 17:00:00,1621933200000,7.0000000000,7.1300000000,6.9700000000,7.0000000000,11278.8474370000,79705.7674025400,79705.7674025400,1,DORA-USDT
2021-05-25 18:00:00,1621936800000,6.9900000000,7.0800000000,6.9600000000,6.9700000000,15821.2434990000,111031.5795389300,111031.5795389300,1,DORA-USDT
2021-05-25 19:00:00,1621940400000,6.9700000000,7.1100000000,6.9200000000,7.0900000000,24863.4869340000,174993.4042622000,174993.4042622000,1,DORA-USDT
2021-05-25 20:00:00,1621944000000,7.0900000000,7.2300000000,7.0900000000,7.1100000000,14485.8244330000,103425.4679799700,103425.4679799700,1,DORA-USDT
2021-05-25 21:00:00,1621947600000,7.1000000000,7.1800000000,7.0900000000,7.1500000000,9981.6249360000,71133.2822178200,71133.2822178200,1,DORA-USDT
2021-05-25 22:00:00,1621951200000,7.1500000000,7.2000000000,7.0800000000,7.1000000000,23898.7676460000,170077.0482884300,170077.0482884300,1,DORA-USDT
2021-05-25 23:00:00,1621954800000,7.1000000000,7.1600000000,7.0200000000,7.1400000000,31542.5509250000,222926.8972278600,222926.8972278600,1,DORA-USDT
2021-05-26 00:00:00,1621958400000,7.1400000000,8.3400000000,7.0500000000,7.9700000000,136751.4507760000,1056206.1308537701,1056206.1308537701,1,DORA-USDT
2021-05-26 01:00:00,1621962000000,7.9800000000,8.4000000000,7.6900000000,8.2300000000,230797.9127880000,1867562.6459936297,1867562.6459936297,1,DORA-USDT
2021-05-26 02:00:00,1621965600000,8.2100000000,8.4800000000,8.0800000000,8.2000000000,151108.4264500000,1249903.1826588800,1249903.1826588800,1,DORA-USDT
2021-05-26 03:00:00,1621969200000,8.1800000000,8.2600000000,8.1300000000,8.1300000000,12030.9480010000,98348.2619336300,98348.2619336300,1,DORA-USDT
2021-05-26 04:00:00,1621972800000,8.1400000000,8.3500000000,8.1400000000,8.2200000000,36384.7845180000,300041.0696438500,300041.0696438500,1,DORA-USDT
2021-05-26 05:00:00,1621976400000,8.2200000000,8.2900000000,8.0900000000,8.1500000000,27824.8381860000,228470.0357358400,228470.0357358400,1,DORA-USDT
2021-05-26 06:00:00,1621980000000,8.1500000000,9.2500000000,8.0900000000,9.2400000000,69980.5894190000,610731.9624609200,610731.9624609200,1,DORA-USDT
2021-05-26 07:00:00,1621983600000,9.2400000000,10.8900000000,9.2200000000,9.5600000000,234571.7528590000,2325835.1806114302,2325835.1806114302,1,DORA-USDT
2021-05-26 08:00:00,1621987200000,9.5600000000,10.6700000000,9.5600000000,10.5500000000,155410.3821090000,1572049.6297042901,1572049.6297042901,1,DORA-USDT
2021-05-26 09:00:00,1621990800000,10.5600000000,10.7700000000,10.0000000000,10.3600000000,166653.9406420000,1730850.6947906001,1730850.6947906001,1,DORA-USDT
2021-05-26 10:00:00,1621994400000,10.3700000000,10.6100000000,10.0100000000,10.0900000000,80505.1842400000,833288.4113425600,833288.4113425600,1,DORA-USDT
2021-05-26 11:00:00,1621998000000,10.1000000000,10.1000000000,9.4200000000,9.9200000000,117528.8623970000,1148095.1981854900,1148095.1981854900,1,DORA-USDT
2021-05-26 12:00:00,1622001600000,9.9400000000,10.1300000000,9.3700000000,9.5500000000,93843.2524650000,905386.4083258200,905386.4083258200,1,DORA-USDT
2021-05-26 13:00:00,1622005200000,9.5500000000,10.2400000000,9.4300000000,9.8800000000,95777.3209390000,942627.5919972900,942627.5919972900,1,DORA-USDT
2021-05-26 14:00:00,1622008800000,9.8600000000,9.8700000000,9.6000000000,9.6600000000,73206.6276630000,711979.9417447801,711979.9417447801,1,DORA-USDT
2021-05-26 15:00:00,1622012400000,9.6600000000,10.9500000000,9.6300000000,10.5700000000,131944.0336870000,1379363.8655717201,1379363.8655717201,1,DORA-USDT
2021-05-26 16:00:00,1622016000000,10.5900000000,10.7800000000,9.7000000000,9.8300000000,156034.0728870000,1573642.2397109601,1573642.2397109601,1,DORA-USDT
2021-05-26 17:00:00,1622019600000,9.8400000000,10.3200000000,9.8300000000,10.1300000000,80744.1095370000,812703.4393421300,812703.4393421300,1,DORA-USDT
2021-05-26 18:00:00,1622023200000,10.1300000000,10.2800000000,9.7200000000,10.0000000000,77418.8326070000,770765.2203282400,770765.2203282400,1,DORA-USDT
2021-05-26 19:00:00,1622026800000,10.0000000000,10.6700000000,9.9600000000,10.2700000000,82961.4345100000,846456.1878792000,846456.1878792000,1,DORA-USDT
2021-05-26 20:00:00,1622030400000,10.2700000000,10.7300000000,10.0800000000,10.5500000000,113217.3731130000,1174619.2910524900,1174619.2910524900,1,DORA-USDT
2021-05-26 21:00:00,1622034000000,10.5500000000,10.5700000000,9.5100000000,9.6300000000,85869.4840880000,865289.9492532600,865289.9492532600,1,DORA-USDT
2021-05-26 22:00:00,1622037600000,9.6300000000,9.8000000000,9.3400000000,9.4400000000,68684.5643310000,657828.3217033700,657828.3217033700,1,DORA-USDT
2021-05-26 23:00:00,1622041200000,9.4300000000,9.9200000000,9.3100000000,9.8700000000,96012.2098390000,916576.2112993400,916576.2112993400,1,DORA-USDT
2021-05-27 00:00:00,1622044800000,9.8800000000,10.2800000000,9.4100000000,9.4500000000,125371.9379200000,1233758.3459627801,1233758.3459627801,1,DORA-USDT
2021-05-27 01:00:00,1622048400000,9.4600000000,9.7200000000,8.9900000000,9.3500000000,190030.2457330000,1766869.6048961701,1766869.6048961701,1,DORA-USDT
2021-05-27 02:00:00,1622052000000,9.3600000000,9.7900000000,9.1000000000,9.5300000000,228247.8051710000,2143189.5256933002,2143189.5256933002,1,DORA-USDT
2021-05-27 03:00:00,1622055600000,9.4500000000,9.8900000000,9.1200000000,9.3800000000,253578.0597660000,2388666.5190672101,2388666.5190672101,1,DORA-USDT
2021-05-27 04:00:00,1622059200000,9.3800000000,9.4300000000,9.0900000000,9.3300000000,40041.5841940000,372655.4974679400,372655.4974679400,1,DORA-USDT
2021-05-27 05:00:00,1622062800000,9.3300000000,9.5600000000,9.3100000000,9.4100000000,42343.3332090000,397585.3247272700,397585.3247272700,1,DORA-USDT
2021-05-27 06:00:00,1622066400000,9.4100000000,9.6100000000,9.3200000000,9.5900000000,47498.8816420000,451030.5364391800,451030.5364391800,1,DORA-USDT
2021-05-27 07:00:00,1622070000000,9.5800000000,10.4500000000,9.5200000000,10.1500000000,56678.9681700000,576756.3408443599,576756.3408443599,1,DORA-USDT
2021-05-27 08:00:00,1622073600000,10.1500000000,10.2000000000,9.7800000000,9.8300000000,70843.5985130000,708917.7985645600,708917.7985645600,1,DORA-USDT
2021-05-27 09:00:00,1622077200000,9.8200000000,9.9900000000,9.3100000000,9.3300000000,89960.8509440000,869550.8531877000,869550.8531877000,1,DORA-USDT
2021-05-27 10:00:00,1622080800000,9.3200000000,9.6700000000,9.2100000000,9.3200000000,65712.4994430000,617772.9381439100,617772.9381439100,1,DORA-USDT
2021-05-27 11:00:00,1622084400000,9.3100000000,9.4700000000,9.2100000000,9.4100000000,41176.9204680000,384537.8164307000,384537.8164307000,1,DORA-USDT
2021-05-27 12:00:00,1622088000000,9.4100000000,9.5100000000,9.2700000000,9.4200000000,28672.8622020000,268991.0258664800,268991.0258664800,1,DORA-USDT
2021-05-27 13:00:00,1622091600000,9.4200000000,9.7000000000,9.3500000000,9.5500000000,64854.3352240000,616638.6857920800,616638.6857920800,1,DORA-USDT
2021-05-27 14:00:00,1622095200000,9.5500000000,9.7700000000,9.5400000000,9.7200000000,35801.2454450000,345243.3898151300,345243.3898151300,1,DORA-USDT
2021-05-27 15:00:00,1622098800000,9.7200000000,9.8200000000,9.5200000000,9.5600000000,31663.0964720000,304078.9412771200,304078.9412771200,1,DORA-USDT
2021-05-27 16:00:00,1622102400000,9.5600000000,9.9300000000,9.4600000000,9.8400000000,77185.8605970000,747077.4340983600,747077.4340983600,1,DORA-USDT
2021-05-27 17:00:00,1622106000000,9.8400000000,9.9400000000,9.7000000000,9.7900000000,40034.0413530000,392588.2806298700,392588.2806298700,1,DORA-USDT
2021-05-27 18:00:00,1622109600000,9.8200000000,9.8800000000,9.7300000000,9.8200000000,35587.1623640000,348871.1627496300,348871.1627496300,1,DORA-USDT
2021-05-27 19:00:00,1622113200000,9.8200000000,9.9600000000,9.8000000000,9.9600000000,32945.0007220000,325106.4287956700,325106.4287956700,1,DORA-USDT
2021-05-27 20:00:00,1622116800000,9.9600000000,10.1600000000,9.8900000000,9.9100000000,35986.3844060000,359176.5155811600,359176.5155811600,1,DORA-USDT
2021-05-27 21:00:00,1622120400000,9.9100000000,10.3600000000,9.8700000000,10.1700000000,63813.7023820000,648714.9749891900,648714.9749891900,1,DORA-USDT
2021-05-27 22:00:00,1622124000000,10.1700000000,12.2600000000,10.1700000000,11.8900000000,171665.9433920000,1919381.4176893400,1919381.4176893400,1,DORA-USDT
2021-05-27 23:00:00,1622127600000,11.8800000000,12.2600000000,11.0600000000,11.9800000000,156891.0783770000,1818786.6363461900,1818786.6363461900,1,DORA-USDT
2021-05-28 00:00:00,1622131200000,11.9800000000,12.1600000000,11.0800000000,11.1700000000,105755.2338850000,1231123.2696315600,1231123.2696315600,1,DORA-USDT
2021-05-28 01:00:00,1622134800000,11.1700000000,11.7200000000,10.8800000000,11.4300000000,219500.2240230000,2483082.0488196001,2483082.0488196001,1,DORA-USDT
2021-05-28 02:00:00,1622138400000,11.5000000000,11.9300000000,11.0500000000,11.2200000000,241779.4407470000,2773876.6971656098,2773876.6971656098,1,DORA-USDT
2021-05-28 03:00:00,1622142000000,11.2200000000,12.2800000000,11.2000000000,11.5700000000,248181.6378530000,2887664.5049282601,2887664.5049282601,1,DORA-USDT
2021-05-28 04:00:00,1622145600000,11.5700000000,11.5900000000,11.3800000000,11.3900000000,14730.8707360000,168667.6596443900,168667.6596443900,1,DORA-USDT
2021-05-28 05:00:00,1622149200000,11.3900000000,11.3900000000,11.0500000000,11.1100000000,37653.9937540000,423026.8919841200,423026.8919841200,1,DORA-USDT
2021-05-28 06:00:00,1622152800000,11.1100000000,11.5000000000,11.0800000000,11.3600000000,37428.5255050000,422231.8750368200,422231.8750368200,1,DORA-USDT
2021-05-28 07:00:00,1622156400000,11.3600000000,11.6600000000,11.3600000000,11.4100000000,26207.2279010000,302250.2505816800,302250.2505816800,1,DORA-USDT
2021-05-28 08:00:00,1622160000000,11.4100000000,11.4500000000,11.0300000000,11.1100000000,59626.1536340000,667524.8220849900,667524.8220849900,1,DORA-USDT
2021-05-28 09:00:00,1622163600000,11.1000000000,11.1200000000,10.8000000000,11.0600000000,35978.0761510000,393245.7699493200,393245.7699493200,1,DORA-USDT
2021-05-28 10:00:00,1622167200000,11.0500000000,11.0800000000,10.5700000000,10.6900000000,55318.6038120000,595973.6126764000,595973.6126764000,1,DORA-USDT
2021-05-28 11:00:00,1622170800000,10.6800000000,10.6800000000,10.5400000000,10.6400000000,18845.6997880000,200119.1293064700,200119.1293064700,1,DORA-USDT
2021-05-28 12:00:00,1622174400000,10.6400000000,10.6400000000,10.2400000000,10.3500000000,44656.6583350000,464701.7979352000,464701.7979352000,1,DORA-USDT
2021-05-28 13:00:00,1622178000000,10.3400000000,10.3400000000,10.0100000000,10.0900000000,55699.7271700000,565904.5889091300,565904.5889091300,1,DORA-USDT
2021-05-28 14:00:00,1622181600000,10.0900000000,10.1000000000,9.6100000000,9.9100000000,85590.1788480000,845085.9612693200,845085.9612693200,1,DORA-USDT
2021-05-28 15:00:00,1622185200000,9.9100000000,10.2000000000,9.8100000000,10.0700000000,42725.3635470000,428867.2662839400,428867.2662839400,1,DORA-USDT
2021-05-28 16:00:00,1622188800000,10.0600000000,10.1800000000,9.5900000000,9.7200000000,56981.1464900000,567131.7263710700,567131.7263710700,1,DORA-USDT
2021-05-28 17:00:00,1622192400000,9.7400000000,9.8500000000,9.5700000000,9.7700000000,54469.2004760000,528309.1052765400,528309.1052765400,1,DORA-USDT
2021-05-28 18:00:00,1622196000000,9.7700000000,9.8600000000,9.5600000000,9.6100000000,43642.0772130000,424549.5143907100,424549.5143907100,1,DORA-USDT
2021-05-28 19:00:00,1622199600000,9.6100000000,10.2900000000,9.5600000000,10.1600000000,81776.3187030000,806903.5681206700,806903.5681206700,1,DORA-USDT
2021-05-28 20:00:00,1622203200000,10.1500000000,10.4600000000,10.0100000000,10.3100000000,72587.7740560000,748202.1169949700,748202.1169949700,1,DORA-USDT
2021-05-28 21:00:00,1622206800000,10.3100000000,10.5400000000,10.2100000000,10.5100000000,47757.4588700000,496432.7364149300,496432.7364149300,1,DORA-USDT
2021-05-28 22:00:00,1622210400000,10.5100000000,10.5100000000,10.3000000000,10.3700000000,38390.8140480000,399090.6449710100,399090.6449710100,1,DORA-USDT
2021-05-28 23:00:00,1622214000000,10.3700000000,10.4200000000,9.8300000000,10.0000000000,94511.1055290000,958797.0418639299,958797.0418639299,1,DORA-USDT
2021-05-29 00:00:00,1622217600000,10.0000000000,10.0000000000,9.6000000000,9.6100000000,49841.3581930000,488851.1409617500,488851.1409617500,1,DORA-USDT
2021-05-29 01:00:00,1622221200000,9.6200000000,10.9500000000,9.5700000000,10.1600000000,327711.4897120000,3353403.5776803000,3353403.5776803000,1,DORA-USDT
2021-05-29 02:00:00,1622224800000,10.1500000000,10.8600000000,9.8700000000,10.3000000000,331785.8821470000,3426318.2358823800,3426318.2358823800,1,DORA-USDT
2021-05-29 03:00:00,1622228400000,10.3100000000,10.8400000000,10.1500000000,10.4500000000,334323.6648140000,3509369.1936097094,3509369.1936097094,1,DORA-USDT
2021-05-29 04:00:00,1622232000000,10.4400000000,10.5000000000,10.1500000000,10.3800000000,45346.3302470000,470821.3197807800,470821.3197807800,1,DORA-USDT
2021-05-29 05:00:00,1622235600000,10.3700000000,10.7400000000,10.2600000000,10.3600000000,46930.4965200000,488971.3735034100,488971.3735034100,1,DORA-USDT
2021-05-29 06:00:00,1622239200000,10.3700000000,10.4200000000,10.2900000000,10.3400000000,11189.5050000000,115950.5116828800,115950.5116828800,1,DORA-USDT
2021-05-29 07:00:00,1622242800000,10.3500000000,10.6900000000,10.3400000000,10.4300000000,62386.6377150000,653965.0763021701,653965.0763021701,1,DORA-USDT
2021-05-29 08:00:00,1622246400000,10.4300000000,10.6700000000,10.2600000000,10.5600000000,50415.6997190000,528427.9608927500,528427.9608927500,1,DORA-USDT
2021-05-29 09:00:00,1622250000000,10.5600000000,10.7800000000,10.3400000000,10.5400000000,66105.0974140000,696207.8057086800,696207.8057086800,1,DORA-USDT
2021-05-29 10:00:00,1622253600000,10.5400000000,10.7000000000,10.4600000000,10.6400000000,25927.5662710000,274921.4589381900,274921.4589381900,1,DORA-USDT
2021-05-29 11:00:00,1622257200000,10.6300000000,10.7100000000,10.5200000000,10.6000000000,13368.9041890000,141328.5193617500,141328.5193617500,1,DORA-USDT
2021-05-29 12:00:00,1622260800000,10.5900000000,10.6200000000,10.2500000000,10.3400000000,30005.4103240000,311696.6918882000,311696.6918882000,1,DORA-USDT
2021-05-29 13:00:00,1622264400000,10.3400000000,10.6400000000,10.2400000000,10.3200000000,51991.5908610000,544255.1493597100,544255.1493597100,1,DORA-USDT
2021-05-29 14:00:00,1622268000000,10.3200000000,10.6200000000,10.2800000000,10.5400000000,45615.6662760000,479243.5038909100,479243.5038909100,1,DORA-USDT
2021-05-29 15:00:00,1622271600000,10.5400000000,10.5500000000,10.3500000000,10.4100000000,15684.7741290000,163904.7609754400,163904.7609754400,1,DORA-USDT
2021-05-29 16:00:00,1622275200000,10.4200000000,10.4400000000,10.3000000000,10.4200000000,46666.0013720000,484418.9366128800,484418.9366128800,1,DORA-USDT
2021-05-29 17:00:00,1622278800000,10.4200000000,10.4600000000,10.0900000000,10.3300000000,53256.8852900000,550877.3404171800,550877.3404171800,1,DORA-USDT
2021-05-29 18:00:00,1622282400000,10.3200000000,10.4000000000,10.3000000000,10.3200000000,29212.0106420000,302258.3190969400,302258.3190969400,1,DORA-USDT
2021-05-29 19:00:00,1622286000000,10.3200000000,10.5100000000,10.1700000000,10.3800000000,46043.5067960000,476972.6015110500,476972.6015110500,1,DORA-USDT
2021-05-29 20:00:00,1622289600000,10.3700000000,10.3700000000,10.2300000000,10.3000000000,13809.9951630000,142188.9940570900,142188.9940570900,1,DORA-USDT
2021-05-29 21:00:00,1622293200000,10.2900000000,10.4200000000,10.0000000000,10.3900000000,47415.6825000000,485314.0724059200,485314.0724059200,1,DORA-USDT
2021-05-29 22:00:00,1622296800000,10.3800000000,10.5900000000,10.2800000000,10.5000000000,39204.0848290000,407596.7691063500,407596.7691063500,1,DORA-USDT
2021-05-29 23:00:00,1622300400000,10.5200000000,10.5400000000,10.1500000000,10.1900000000,40699.9107540000,419816.4308423400,419816.4308423400,1,DORA-USDT
2021-05-30 00:00:00,1622304000000,10.1900000000,10.4100000000,10.0100000000,10.3600000000,44262.8851490000,455354.3535730000,455354.3535730000,1,DORA-USDT
2021-05-30 01:00:00,1622307600000,10.3600000000,10.7600000000,10.1200000000,10.2500000000,176802.7517560000,1841741.4558399401,1841741.4558399401,1,DORA-USDT
2021-05-30 02:00:00,1622311200000,10.2700000000,10.5600000000,10.2100000000,10.2700000000,103364.4966230000,1070834.9317695000,1070834.9317695000,1,DORA-USDT
2021-05-30 03:00:00,1622314800000,10.2700000000,10.8700000000,9.7300000000,10.8000000000,318916.6495240000,3280196.0890729902,3280196.0890729902,1,DORA-USDT
2021-05-30 04:00:00,1622318400000,10.8000000000,10.8500000000,10.0700000000,10.2700000000,138420.1845100000,1442467.5981837099,1442467.5981837099,1,DORA-USDT
2021-05-30 05:00:00,1622322000000,10.2900000000,10.3000000000,10.0700000000,10.3000000000,22902.4589260000,234344.7555060100,234344.7555060100,1,DORA-USDT
2021-05-30 06:00:00,1622325600000,10.3000000000,10.3000000000,10.2100000000,10.2200000000,863.8581910000,8850.3467128400,8850.3467128400,1,DORA-USDT
2021-05-30 07:00:00,1622329200000,10.2100000000,10.3300000000,10.2000000000,10.3100000000,11125.7045400000,114362.5940350700,114362.5940350700,1,DORA-USDT
2021-05-30 08:00:00,1622332800000,10.3000000000,10.3100000000,10.1200000000,10.2200000000,23991.4588900000,245355.7940234900,245355.7940234900,1,DORA-USDT
2021-05-30 09:00:00,1622336400000,10.2200000000,10.3100000000,10.1200000000,10.3000000000,16951.8304680000,173655.1194385400,173655.1194385400,1,DORA-USDT
2021-05-30 10:00:00,1622340000000,10.2900000000,10.3800000000,10.2200000000,10.3200000000,24480.1816540000,252046.6225761700,252046.6225761700,1,DORA-USDT
2021-05-30 11:00:00,1622343600000,10.3100000000,10.3400000000,10.0500000000,10.2700000000,30992.9875000000,316977.0117576400,316977.0117576400,1,DORA-USDT
2021-05-30 12:00:00,1622347200000,10.2700000000,10.3000000000,10.2100000000,10.2300000000,10074.3705740000,103363.2807158700,103363.2807158700,1,DORA-USDT
2021-05-30 13:00:00,1622350800000,10.2600000000,10.3000000000,10.2100000000,10.3000000000,12547.8301580000,128789.3499207200,128789.3499207200,1,DORA-USDT
2021-05-30 14:00:00,1622354400000,10.3100000000,10.5300000000,10.2900000000,10.4600000000,21131.2294860000,220558.8543316500,220558.8543316500,1,DORA-USDT
2021-05-30 15:00:00,1622358000000,10.4600000000,10.4800000000,10.3200000000,10.3400000000,17923.5541970000,186458.8355390100,186458.8355390100,1,DORA-USDT
2021-05-30 16:00:00,1622361600000,10.3600000000,10.5000000000,10.3300000000,10.5000000000,9431.4958110000,98450.4768898000,98450.4768898000,1,DORA-USDT
2021-05-30 17:00:00,1622365200000,10.5100000000,10.5800000000,10.2500000000,10.3500000000,30571.9469940000,317607.8010832700,317607.8010832700,1,DORA-USDT
2021-05-30 18:00:00,1622368800000,10.3600000000,10.5100000000,10.3500000000,10.5000000000,16455.8790270000,171945.7216289800,171945.7216289800,1,DORA-USDT
2021-05-30 19:00:00,1622372400000,10.5000000000,10.5300000000,10.3900000000,10.4700000000,15861.7529710000,165860.3773758800,165860.3773758800,1,DORA-USDT
2021-05-30 20:00:00,1622376000000,10.4700000000,10.5900000000,10.4400000000,10.5100000000,19401.6235610000,204030.7713553400,204030.7713553400,1,DORA-USDT
2021-05-30 21:00:00,1622379600000,10.5100000000,10.5500000000,10.4600000000,10.4600000000,15724.4163960000,164852.3639107800,164852.3639107800,1,DORA-USDT
2021-05-30 22:00:00,1622383200000,10.4600000000,10.4600000000,10.1900000000,10.3000000000,16486.9109330000,169938.5700755500,169938.5700755500,1,DORA-USDT
2021-05-30 23:00:00,1622386800000,10.2900000000,10.3500000000,10.1000000000,10.1700000000,19770.8957850000,201621.0578849700,201621.0578849700,1,DORA-USDT
2021-05-31 00:00:00,1622390400000,10.1700000000,10.3800000000,10.0900000000,10.2000000000,25386.4918850000,260583.2318878300,260583.2318878300,1,DORA-USDT
2021-05-31 01:00:00,1622394000000,10.2100000000,10.3000000000,10.1000000000,10.2900000000,12268.3792500000,125360.9878890600,125360.9878890600,1,DORA-USDT
2021-05-31 02:00:00,1622397600000,10.2900000000,10.3000000000,10.1700000000,10.1800000000,10232.1533840000,104600.1364825400,104600.1364825400,1,DORA-USDT
2021-05-31 03:00:00,1622401200000,10.1800000000,10.2500000000,10.1000000000,10.1800000000,14821.7180920000,151117.2235998900,151117.2235998900,1,DORA-USDT
2021-05-31 04:00:00,1622404800000,10.1800000000,10.2600000000,10.0600000000,10.1900000000,19615.4286080000,199847.6374577300,199847.6374577300,1,DORA-USDT
2021-05-31 05:00:00,1622408400000,10.1900000000,10.2300000000,10.1000000000,10.1900000000,13993.8946110000,142608.7411882800,142608.7411882800,1,DORA-USDT
2021-05-31 06:00:00,1622412000000,10.1800000000,10.2000000000,10.1000000000,10.1500000000,11591.3337280000,117758.0531038100,117758.0531038100,1,DORA-USDT
2021-05-31 07:00:00,1622415600000,10.1600000000,10.2800000000,10.0300000000,10.2400000000,21653.2690120000,219796.4844458900,219796.4844458900,1,DORA-USDT
2021-05-31 08:00:00,1622419200000,10.2300000000,10.3000000000,10.1500000000,10.1800000000,24307.6921730000,248439.4991282800,248439.4991282800,1,DORA-USDT
2021-05-31 09:00:00,1622422800000,10.1800000000,10.2300000000,10.0800000000,10.1400000000,10068.3652840000,102297.5497509700,102297.5497509700,1,DORA-USDT
2021-05-31 10:00:00,1622426400000,10.1400000000,10.1700000000,10.0700000000,10.1500000000,16128.0143040000,163346.6126028500,163346.6126028500,1,DORA-USDT
2021-05-31 11:00:00,1622430000000,10.1500000000,10.1800000000,10.0200000000,10.1300000000,14355.2441760000,145505.7349411800,145505.7349411800,1,DORA-USDT
2021-05-31 12:00:00,1622433600000,10.1500000000,10.1600000000,10.1200000000,10.1500000000,5473.5414350000,55528.0482914700,55528.0482914700,1,DORA-USDT
2021-05-31 13:00:00,1622437200000,10.1600000000,10.1900000000,9.8900000000,10.1000000000,22074.6447790000,222056.0705728300,222056.0705728300,1,DORA-USDT
2021-05-31 14:00:00,1622440800000,10.1000000000,10.2400000000,10.0200000000,10.2200000000,21557.8601330000,219543.6212633300,219543.6212633300,1,DORA-USDT
2021-05-31 15:00:00,1622444400000,10.2200000000,10.3300000000,10.1000000000,10.3000000000,27134.7485040000,277599.8642005100,277599.8642005100,1,DORA-USDT
2021-05-31 16:00:00,1622448000000,10.3000000000,10.3300000000,10.2800000000,10.3100000000,4148.3701920000,42746.1009711800,42746.1009711800,1,DORA-USDT
2021-05-31 17:00:00,1622451600000,10.3200000000,10.3400000000,10.2000000000,10.2800000000,13110.6204170000,134724.2172550400,134724.2172550400,1,DORA-USDT
2021-05-31 18:00:00,1622455200000,10.2800000000,10.3400000000,10.1300000000,10.2700000000,28142.6671020000,287825.1229107100,287825.1229107100,1,DORA-USDT
2021-05-31 19:00:00,1622458800000,10.2700000000,10.2900000000,10.1700000000,10.2300000000,24647.4414170000,252027.6283683000,252027.6283683000,1,DORA-USDT
2021-05-31 20:00:00,1622462400000,10.2300000000,10.3200000000,10.2100000000,10.2300000000,6563.5528150000,67429.6276026900,67429.6276026900,1,DORA-USDT
2021-05-31 21:00:00,1622466000000,10.2400000000,10.2600000000,10.1600000000,10.2300000000,5562.0031770000,56880.8175770400,56880.8175770400,1,DORA-USDT
2021-05-31 22:00:00,1622469600000,10.2300000000,10.2700000000,10.0500000000,10.0500000000,14919.0510990000,150840.4061816400,150840.4061816400,1,DORA-USDT
2021-05-31 23:00:00,1622473200000,10.0500000000,10.3700000000,10.0400000000,10.2800000000,23603.6203780000,241723.7520962600,241723.7520962600,1,DORA-USDT
2021-06-01 00:00:00,1622476800000,10.2800000000,10.3700000000,10.1400000000,10.1800000000,13779.3526670000,141296.3284146300,141296.3284146300,1,DORA-USDT
2021-06-01 01:00:00,1622480400000,10.1700000000,10.1700000000,10.0800000000,10.1400000000,6891.3302880000,69775.9701307300,69775.9701307300,1,DORA-USDT
2021-06-01 02:00:00,1622484000000,10.1300000000,10.1300000000,9.9100000000,10.0700000000,12017.0789170000,120573.6144148200,120573.6144148200,1,DORA-USDT
2021-06-01 03:00:00,1622487600000,10.0700000000,10.1900000000,10.0700000000,10.1900000000,2606.4236520000,26431.7723019500,26431.7723019500,1,DORA-USDT
2021-06-01 04:00:00,1622491200000,10.2000000000,10.2100000000,10.1600000000,10.1600000000,615.1521670000,6265.0264165000,6265.0264165000,1,DORA-USDT
2021-06-01 05:00:00,1622494800000,10.1500000000,10.1500000000,10.1200000000,10.1400000000,3355.3065270000,34009.6367835100,34009.6367835100,1,DORA-USDT
2021-06-01 06:00:00,1622498400000,10.1400000000,10.1700000000,10.0200000000,10.0800000000,15685.6143530000,158248.8558769000,158248.8558769000,1,DORA-USDT
2021-06-01 07:00:00,1622502000000,10.0700000000,10.0900000000,9.9900000000,10.0500000000,16238.0227530000,163096.2040840700,163096.2040840700,1,DORA-USDT
2021-06-01 08:00:00,1622505600000,10.0500000000,10.1700000000,10.0500000000,10.1500000000,15321.2006650000,155004.1770022800,155004.1770022800,1,DORA-USDT
2021-06-01 09:00:00,1622509200000,10.1500000000,10.1700000000,10.0300000000,10.0500000000,15350.2012630000,154937.7052559400,154937.7052559400,1,DORA-USDT
2021-06-01 10:00:00,1622512800000,10.0600000000,10.2000000000,10.0300000000,10.1000000000,25015.7154820000,252937.0653656400,252937.0653656400,1,DORA-USDT
2021-06-01 11:00:00,1622516400000,10.1000000000,10.1500000000,10.0400000000,10.0900000000,22372.7083850000,225983.5671916400,225983.5671916400,1,DORA-USDT
2021-06-01 12:00:00,1622520000000,10.1200000000,10.1300000000,10.0400000000,10.0500000000,13874.7443930000,139953.8917562300,139953.8917562300,1,DORA-USDT
2021-06-01 13:00:00,1622523600000,10.0500000000,10.4000000000,10.0400000000,10.3400000000,89607.1197860000,918761.2424243900,918761.2424243900,1,DORA-USDT
2021-06-01 14:00:00,1622527200000,10.3400000000,10.3400000000,10.0900000000,10.2300000000,28421.3939390000,289567.0314504900,289567.0314504900,1,DORA-USDT
2021-06-01 15:00:00,1622530800000,10.2300000000,10.2500000000,10.1900000000,10.2200000000,9953.5715390000,101743.3332645100,101743.3332645100,1,DORA-USDT
2021-06-01 16:00:00,1622534400000,10.2100000000,10.2200000000,10.1000000000,10.1700000000,9664.9769810000,98261.5678803600,98261.5678803600,1,DORA-USDT
2021-06-01 17:00:00,1622538000000,10.1700000000,10.1900000000,10.1200000000,10.1700000000,7472.2908760000,76027.3096512900,76027.3096512900,1,DORA-USDT
2021-06-01 18:00:00,1622541600000,10.1700000000,10.2000000000,10.1300000000,10.1700000000,7393.5541980000,75237.3574045900,75237.3574045900,1,DORA-USDT
2021-06-01 19:00:00,1622545200000,10.1700000000,10.2100000000,10.1600000000,10.1800000000,5139.8572250000,52342.6789037700,52342.6789037700,1,DORA-USDT
2021-06-01 20:00:00,1622548800000,10.1800000000,10.1900000000,10.1300000000,10.1800000000,5795.1894570000,58926.8823387900,58926.8823387900,1,DORA-USDT
2021-06-01 21:00:00,1622552400000,10.1800000000,10.2500000000,10.1100000000,10.2100000000,23238.4394140000,236612.2941816000,236612.2941816000,1,DORA-USDT
2021-06-01 22:00:00,1622556000000,10.2100000000,10.2400000000,10.1000000000,10.1700000000,10320.3277860000,105098.0214799300,105098.0214799300,1,DORA-USDT
2021-06-01 23:00:00,1622559600000,10.1700000000,10.1800000000,10.1200000000,10.1500000000,2960.4939880000,30053.7606611000,30053.7606611000,1,DORA-USDT
2021-06-02 00:00:00,1622563200000,10.1500000000,10.1800000000,10.0900000000,10.1600000000,8444.1049680000,85753.8980702800,85753.8980702800,1,DORA-USDT
2021-06-02 01:00:00,1622566800000,10.1700000000,10.1700000000,10.1400000000,10.1500000000,5091.2974580000,51699.6752172800,51699.6752172800,1,DORA-USDT
2021-06-02 02:00:00,1622570400000,10.1500000000,10.1700000000,10.1400000000,10.1600000000,1946.3678720000,19774.0574773200,19774.0574773200,1,DORA-USDT
2021-06-02 03:00:00,1622574000000,10.1600000000,10.1600000000,10.1300000000,10.1500000000,1730.4585110000,17564.4417823800,17564.4417823800,1,DORA-USDT
2021-06-02 04:00:00,1622577600000,10.1500000000,10.1600000000,10.1300000000,10.1500000000,1482.8225630000,15045.0751782200,15045.0751782200,1,DORA-USDT
2021-06-02 05:00:00,1622581200000,10.1500000000,10.1900000000,10.1400000000,10.1600000000,5607.3310820000,57043.3778265000,57043.3778265000,1,DORA-USDT
2021-06-02 06:00:00,1622584800000,10.1600000000,10.1800000000,10.1400000000,10.1400000000,2323.0453330000,23585.6970141500,23585.6970141500,1,DORA-USDT
2021-06-02 07:00:00,1622588400000,10.1400000000,10.1700000000,10.1400000000,10.1600000000,1387.7303320000,14104.3084144200,14104.3084144200,1,DORA-USDT
2021-06-02 08:00:00,1622592000000,10.1600000000,10.1700000000,10.0900000000,10.1400000000,6980.1360350000,70836.7439372200,70836.7439372200,1,DORA-USDT
2021-06-02 09:00:00,1622595600000,10.1400000000,10.3800000000,10.0200000000,10.2000000000,34236.7637410000,351201.6895725300,351201.6895725300,1,DORA-USDT
2021-06-02 10:00:00,1622599200000,10.2000000000,10.2700000000,10.1800000000,10.2100000000,14222.7679440000,145518.3450346600,145518.3450346600,1,DORA-USDT
2021-06-02 11:00:00,1622602800000,10.2100000000,10.4000000000,10.1800000000,10.3100000000,33789.6011470000,347263.9079399700,347263.9079399700,1,DORA-USDT
2021-06-02 12:00:00,1622606400000,10.3100000000,10.6100000000,10.2700000000,10.3500000000,57993.4768400000,602590.2786404800,602590.2786404800,1,DORA-USDT
2021-06-02 13:00:00,1622610000000,10.3500000000,10.4100000000,10.3300000000,10.3600000000,7039.4769070000,73015.4834923900,73015.4834923900,1,DORA-USDT
2021-06-02 14:00:00,1622613600000,10.3500000000,10.3500000000,10.3000000000,10.3100000000,6572.5378240000,67829.8173808300,67829.8173808300,1,DORA-USDT
2021-06-02 15:00:00,1622617200000,10.3100000000,10.3500000000,10.2800000000,10.3200000000,4169.8122550000,43006.4785123800,43006.4785123800,1,DORA-USDT
2021-06-02 16:00:00,1622620800000,10.3200000000,10.4000000000,10.3200000000,10.3500000000,7880.1135290000,81576.5343410400,81576.5343410400,1,DORA-USDT
2021-06-02 17:00:00,1622624400000,10.3500000000,10.5000000000,10.3200000000,10.3200000000,9402.6869400000,97759.8479745700,97759.8479745700,1,DORA-USDT
2021-06-02 18:00:00,1622628000000,10.3100000000,10.3700000000,10.3100000000,10.3600000000,3856.0583680000,39888.2102845900,39888.2102845900,1,DORA-USDT
2021-06-02 19:00:00,1622631600000,10.3500000000,10.3500000000,10.2900000000,10.3400000000,6216.5403740000,64142.6437991400,64142.6437991400,1,DORA-USDT
2021-06-02 20:00:00,1622635200000,10.3300000000,10.3300000000,10.2400000000,10.3000000000,3142.7304730000,32346.5000598000,32346.5000598000,1,DORA-USDT
2021-06-02 21:00:00,1622638800000,10.3000000000,10.4000000000,10.3000000000,10.3500000000,9606.3543750000,99567.4466105000,99567.4466105000,1,DORA-USDT
2021-06-02 22:00:00,1622642400000,10.3500000000,10.4600000000,10.3000000000,10.3500000000,23271.8519240000,241444.2415119700,241444.2415119700,1,DORA-USDT
2021-06-02 23:00:00,1622646000000,10.3500000000,10.5500000000,10.3500000000,10.4900000000,21460.3059550000,224274.7438414400,224274.7438414400,1,DORA-USDT
2021-06-03 00:00:00,1622649600000,10.4900000000,10.5500000000,10.3300000000,10.4000000000,20683.4706520000,215139.4989871700,215139.4989871700,1,DORA-USDT
2021-06-03 01:00:00,1622653200000,10.4000000000,10.4400000000,10.3100000000,10.4000000000,9108.3228270000,94765.6756214200,94765.6756214200,1,DORA-USDT
2021-06-03 02:00:00,1622656800000,10.4000000000,10.4200000000,10.3700000000,10.3800000000,3884.2488770000,40368.8826624200,40368.8826624200,1,DORA-USDT
2021-06-03 03:00:00,1622660400000,10.3800000000,10.4000000000,10.3800000000,10.3900000000,1194.6911090000,12412.9364876800,12412.9364876800,1,DORA-USDT
2021-06-03 04:00:00,1622664000000,10.3900000000,10.4000000000,10.3300000000,10.3300000000,4896.0240950000,50665.7491155400,50665.7491155400,1,DORA-USDT
2021-06-03 05:00:00,1622667600000,10.3300000000,10.3700000000,10.2600000000,10.3000000000,4989.1095110000,51453.3849864100,51453.3849864100,1,DORA-USDT
2021-06-03 06:00:00,1622671200000,10.3000000000,10.3400000000,10.2700000000,10.3300000000,5343.0341900000,55094.2276620800,55094.2276620800,1,DORA-USDT
2021-06-03 07:00:00,1622674800000,10.3300000000,10.6700000000,10.2500000000,10.6600000000,12815.8313810000,133860.6715338800,133860.6715338800,1,DORA-USDT
2021-06-03 08:00:00,1622678400000,10.6700000000,10.6900000000,10.2600000000,10.2700000000,20174.9564500000,209938.5410141100,209938.5410141100,1,DORA-USDT
2021-06-03 09:00:00,1622682000000,10.2700000000,10.2900000000,10.2100000000,10.2500000000,7298.2467160000,74846.3614132000,74846.3614132000,1,DORA-USDT
2021-06-03 10:00:00,1622685600000,10.2500000000,10.2700000000,10.1500000000,10.1600000000,19651.0814810000,200538.0911249700,200538.0911249700,1,DORA-USDT
2021-06-03 11:00:00,1622689200000,10.1600000000,10.2400000000,10.1600000000,10.2300000000,1119.7307850000,11416.3426824600,11416.3426824600,1,DORA-USDT
2021-06-03 12:00:00,1622692800000,10.2400000000,10.3800000000,10.2400000000,10.3400000000,3179.9007420000,32838.0358581900,32838.0358581900,1,DORA-USDT
2021-06-03 13:00:00,1622696400000,10.3400000000,10.5400000000,10.3200000000,10.4000000000,19621.6523040000,204975.0623753400,204975.0623753400,1,DORA-USDT
2021-06-03 14:00:00,1622700000000,10.4000000000,10.5200000000,10.4000000000,10.4400000000,13025.4966100000,136232.6679026600,136232.6679026600,1,DORA-USDT
2021-06-03 15:00:00,1622703600000,10.4400000000,10.7300000000,10.3700000000,10.5500000000,47922.7415340000,504164.3753035700,504164.3753035700,1,DORA-USDT
2021-06-03 16:00:00,1622707200000,10.5400000000,10.5700000000,10.4100000000,10.5300000000,16513.2929370000,173037.1365501900,173037.1365501900,1,DORA-USDT
2021-06-03 17:00:00,1622710800000,10.5300000000,10.5800000000,10.4000000000,10.5700000000,12047.9077190000,125960.7342158500,125960.7342158500,1,DORA-USDT
2021-06-03 18:00:00,1622714400000,10.5700000000,10.6500000000,10.5700000000,10.6000000000,12628.9780690000,134003.0029648300,134003.0029648300,1,DORA-USDT
2021-06-03 19:00:00,1622718000000,10.6000000000,10.6100000000,10.3000000000,10.3400000000,23821.9660510000,247902.3396156600,247902.3396156600,1,DORA-USDT
2021-06-03 20:00:00,1622721600000,10.3400000000,10.5100000000,10.3200000000,10.4800000000,8578.2892730000,89166.4338901600,89166.4338901600,1,DORA-USDT
2021-06-03 21:00:00,1622725200000,10.4800000000,10.4900000000,10.2400000000,10.3300000000,20399.9641030000,211167.9619372300,211167.9619372300,1,DORA-USDT
2021-06-03 22:00:00,1622728800000,10.3300000000,10.3300000000,10.1000000000,10.1600000000,29595.5635020000,302335.8371203800,302335.8371203800,1,DORA-USDT
2021-06-03 23:00:00,1622732400000,10.1600000000,10.3900000000,10.1500000000,10.3200000000,25808.8403550000,265328.8794248300,265328.8794248300,1,DORA-USDT
2021-06-04 00:00:00,1622736000000,10.3200000000,10.3700000000,10.2200000000,10.2300000000,10340.9960970000,106663.0178861700,106663.0178861700,1,DORA-USDT
2021-06-04 01:00:00,1622739600000,10.2300000000,10.4300000000,10.1500000000,10.2800000000,41715.9517800000,428435.3871953400,428435.3871953400,1,DORA-USDT
2021-06-04 02:00:00,1622743200000,10.2800000000,10.4400000000,10.2200000000,10.2200000000,17267.2921040000,179152.5138639400,179152.5138639400,1,DORA-USDT
2021-06-04 03:00:00,1622746800000,10.2300000000,10.2900000000,10.2200000000,10.2900000000,4069.1412200000,41756.5991723900,41756.5991723900,1,DORA-USDT
2021-06-04 04:00:00,1622750400000,10.2900000000,10.3100000000,10.1800000000,10.2000000000,9692.6038640000,99066.8316722700,99066.8316722700,1,DORA-USDT
2021-06-04 05:00:00,1622754000000,10.1900000000,10.2700000000,10.1600000000,10.2500000000,8883.2124950000,90774.0759205600,90774.0759205600,1,DORA-USDT
2021-06-04 06:00:00,1622757600000,10.2400000000,10.3400000000,10.2400000000,10.3200000000,2600.9986340000,26786.1902065000,26786.1902065000,1,DORA-USDT
2021-06-04 07:00:00,1622761200000,10.3200000000,10.5600000000,10.3100000000,10.3500000000,9063.0861870000,94658.9468174700,94658.9468174700,1,DORA-USDT
2021-06-04 08:00:00,1622764800000,10.4000000000,10.5600000000,10.3500000000,10.4000000000,23410.5275030000,244885.5578779500,244885.5578779500,1,DORA-USDT
2021-06-04 09:00:00,1622768400000,10.4000000000,10.4100000000,10.2100000000,10.2100000000,18397.9149010000,188953.5466978600,188953.5466978600,1,DORA-USDT
2021-06-04 10:00:00,1622772000000,10.2100000000,10.2200000000,10.1100000000,10.1600000000,9870.0843830000,100142.0543992600,100142.0543992600,1,DORA-USDT
2021-06-04 11:00:00,1622775600000,10.1600000000,10.2700000000,10.1600000000,10.1800000000,7226.1852640000,73748.6095376300,73748.6095376300,1,DORA-USDT
2021-06-04 12:00:00,1622779200000,10.1800000000,10.1900000000,10.1600000000,10.1600000000,1754.3916630000,17843.4212302900,17843.4212302900,1,DORA-USDT
2021-06-04 13:00:00,1622782800000,10.1600000000,10.2000000000,10.0400000000,10.0900000000,15798.1205300000,159592.9911818100,159592.9911818100,1,DORA-USDT
2021-06-04 14:00:00,1622786400000,10.0900000000,10.1200000000,10.0300000000,10.1200000000,9208.1864960000,92816.7385496100,92816.7385496100,1,DORA-USDT
2021-06-04 15:00:00,1622790000000,10.1200000000,10.1400000000,10.0300000000,10.0800000000,14290.3415740000,143995.0675102400,143995.0675102400,1,DORA-USDT
2021-06-04 16:00:00,1622793600000,10.0800000000,10.0800000000,10.0500000000,10.0600000000,1529.9987050000,15408.2938255800,15408.2938255800,1,DORA-USDT
2021-06-04 17:00:00,1622797200000,10.0500000000,10.0600000000,10.0100000000,10.0200000000,4769.3885980000,47834.8678946800,47834.8678946800,1,DORA-USDT
2021-06-04 18:00:00,1622800800000,10.0200000000,10.0500000000,9.7300000000,9.7300000000,16866.7350930000,165954.9810623300,165954.9810623300,1,DORA-USDT
2021-06-04 19:00:00,1622804400000,9.7300000000,9.7600000000,9.5500000000,9.5800000000,20053.2204850000,193196.7983170800,193196.7983170800,1,DORA-USDT
2021-06-04 20:00:00,1622808000000,9.5800000000,9.6600000000,9.4600000000,9.6000000000,39706.5376340000,379423.8004201200,379423.8004201200,1,DORA-USDT
2021-06-04 21:00:00,1622811600000,9.6000000000,9.6600000000,9.5500000000,9.6300000000,30208.1036050000,290140.9900024400,290140.9900024400,1,DORA-USDT
2021-06-04 22:00:00,1622815200000,9.6300000000,9.7500000000,9.6200000000,9.7300000000,20517.6644740000,199192.1776647200,199192.1776647200,1,DORA-USDT
2021-06-04 23:00:00,1622818800000,9.7300000000,10.0700000000,9.7200000000,10.0100000000,39880.4750200000,396763.0185631100,396763.0185631100,1,DORA-USDT
2021-06-05 00:00:00,1622822400000,10.0100000000,10.2100000000,9.9700000000,10.1500000000,33682.5156810000,339595.1287640700,339595.1287640700,1,DORA-USDT
2021-06-05 01:00:00,1622826000000,10.1500000000,10.5300000000,10.1400000000,10.2700000000,19190.8798030000,196388.1120205400,196388.1120205400,1,DORA-USDT
2021-06-05 02:00:00,1622829600000,10.2700000000,10.3400000000,10.2100000000,10.2200000000,10977.1081870000,112608.1111008900,112608.1111008900,1,DORA-USDT
2021-06-05 03:00:00,1622833200000,10.2200000000,10.2200000000,10.1400000000,10.1700000000,8006.0327490000,81492.8665862500,81492.8665862500,1,DORA-USDT
2021-06-05 04:00:00,1622836800000,10.1600000000,10.1700000000,10.0500000000,10.0500000000,4211.2596700000,42652.2083420900,42652.2083420900,1,DORA-USDT
2021-06-05 05:00:00,1622840400000,10.0600000000,10.2500000000,10.0600000000,10.0600000000,12504.4116010000,126359.8232400000,126359.8232400000,1,DORA-USDT
2021-06-05 06:00:00,1622844000000,10.0700000000,10.1200000000,10.0700000000,10.1000000000,4183.3373620000,42281.3772353800,42281.3772353800,1,DORA-USDT
2021-06-05 07:00:00,1622847600000,10.1000000000,10.1000000000,10.0100000000,10.0300000000,4609.2403560000,46323.4859862500,46323.4859862500,1,DORA-USDT
2021-06-05 08:00:00,1622851200000,10.0300000000,10.2200000000,10.0100000000,10.2200000000,8815.5081170000,88954.8992255200,88954.8992255200,1,DORA-USDT
2021-06-05 09:00:00,1622854800000,10.2200000000,10.5100000000,10.2100000000,10.4900000000,24114.6857090000,252226.9006037800,252226.9006037800,1,DORA-USDT
2021-06-05 10:00:00,1622858400000,10.4900000000,10.7600000000,10.3800000000,10.5900000000,50957.5703360000,537557.3480091700,537557.3480091700,1,DORA-USDT
2021-06-05 11:00:00,1622862000000,10.6000000000,10.6900000000,10.3500000000,10.3500000000,23498.4261510000,246427.5303529300,246427.5303529300,1,DORA-USDT
2021-06-05 12:00:00,1622865600000,10.3400000000,10.4700000000,10.3300000000,10.3600000000,13103.0371640000,136084.0261529100,136084.0261529100,1,DORA-USDT
2021-06-05 13:00:00,1622869200000,10.3700000000,10.4100000000,10.3400000000,10.3400000000,9767.3314610000,101350.9440138500,101350.9440138500,1,DORA-USDT
2021-06-05 14:00:00,1622872800000,10.3300000000,10.7000000000,10.3300000000,10.5400000000,27646.4646550000,294258.0144561200,294258.0144561200,1,DORA-USDT
2021-06-05 15:00:00,1622876400000,10.5400000000,10.5400000000,10.4600000000,10.4600000000,7869.4748230000,82547.3317294300,82547.3317294300,1,DORA-USDT
2021-06-05 16:00:00,1622880000000,10.4600000000,10.4900000000,10.4600000000,10.4800000000,2205.7110570000,23110.8245177300,23110.8245177300,1,DORA-USDT
2021-06-05 17:00:00,1622883600000,10.4800000000,10.4900000000,10.0600000000,10.0700000000,32147.6364060000,328675.8866606300,328675.8866606300,1,DORA-USDT
2021-06-05 18:00:00,1622887200000,10.0700000000,10.2300000000,10.0300000000,10.0700000000,17345.3948470000,175059.3309375100,175059.3309375100,1,DORA-USDT
2021-06-05 19:00:00,1622890800000,10.0800000000,10.1300000000,10.0700000000,10.0700000000,5777.5987140000,58363.4524936900,58363.4524936900,1,DORA-USDT
2021-06-05 20:00:00,1622894400000,10.0600000000,10.2400000000,9.8400000000,10.2300000000,44916.6194070000,450805.2498105900,450805.2498105900,1,DORA-USDT
2021-06-05 21:00:00,1622898000000,10.1600000000,10.2300000000,9.9100000000,9.9700000000,43342.0337510000,435511.3574678500,435511.3574678500,1,DORA-USDT
2021-06-05 22:00:00,1622901600000,9.9700000000,10.1500000000,9.9200000000,10.1200000000,16568.9752290000,165735.8141182100,165735.8141182100,1,DORA-USDT
2021-06-05 23:00:00,1622905200000,10.1100000000,10.1600000000,9.9700000000,10.1400000000,35276.4832890000,355773.4553836100,355773.4553836100,1,DORA-USDT
2021-06-06 00:00:00,1622908800000,10.1400000000,10.2500000000,10.0800000000,10.1000000000,4749.5340080000,48141.7327881900,48141.7327881900,1,DORA-USDT
2021-06-06 01:00:00,1622912400000,10.1000000000,10.2400000000,10.0500000000,10.1200000000,9139.7184320000,92827.6737700600,92827.6737700600,1,DORA-USDT
2021-06-06 02:00:00,1622916000000,10.1200000000,10.1600000000,10.1200000000,10.1500000000,2401.6691460000,24331.5104956200,24331.5104956200,1,DORA-USDT
2021-06-06 03:00:00,1622919600000,10.1500000000,10.1500000000,10.0600000000,10.0700000000,5466.7766670000,55061.0460476700,55061.0460476700,1,DORA-USDT
2021-06-06 04:00:00,1622923200000,10.0900000000,10.1400000000,10.0300000000,10.0300000000,5432.7503360000,54925.9510392600,54925.9510392600,1,DORA-USDT
2021-06-06 05:00:00,1622926800000,10.0300000000,10.0300000000,9.9100000000,9.9900000000,9668.1402860000,96379.8259916700,96379.8259916700,1,DORA-USDT
2021-06-06 06:00:00,1622930400000,9.9800000000,10.3100000000,9.9700000000,10.1500000000,17341.2886510000,176851.2764904800,176851.2764904800,1,DORA-USDT
2021-06-06 07:00:00,1622934000000,10.1500000000,10.3500000000,10.1100000000,10.2800000000,20070.5643690000,205122.7511390900,205122.7511390900,1,DORA-USDT
2021-06-06 08:00:00,1622937600000,10.2800000000,10.4500000000,10.1600000000,10.2200000000,22304.9953520000,229267.9869427300,229267.9869427300,1,DORA-USDT
2021-06-06 09:00:00,1622941200000,10.1800000000,10.2000000000,10.1300000000,10.1600000000,6600.6235840000,67112.8124176200,67112.8124176200,1,DORA-USDT
2021-06-06 10:00:00,1622944800000,10.1600000000,10.2500000000,10.1600000000,10.2300000000,6908.3842580000,70561.0220585400,70561.0220585400,1,DORA-USDT
2021-06-06 11:00:00,1622948400000,10.2300000000,10.2800000000,10.2300000000,10.2600000000,3528.5160380000,36219.7352287700,36219.7352287700,1,DORA-USDT
2021-06-06 12:00:00,1622952000000,10.2600000000,10.3200000000,9.9200000000,10.0400000000,17187.9467420000,173544.0376490400,173544.0376490400,1,DORA-USDT
2021-06-06 13:00:00,1622955600000,10.0400000000,10.0500000000,9.7500000000,9.9500000000,40001.5695880000,396054.7659544000,396054.7659544000,1,DORA-USDT
2021-06-06 14:00:00,1622959200000,9.9500000000,9.9500000000,9.6900000000,9.7300000000,11914.5469310000,116363.9590858200,116363.9590858200,1,DORA-USDT
2021-06-06 15:00:00,1622962800000,9.7300000000,9.9300000000,9.7300000000,9.8500000000,19137.0567450000,188566.5715755100,188566.5715755100,1,DORA-USDT
2021-06-06 16:00:00,1622966400000,9.8500000000,10.0000000000,9.8500000000,10.0000000000,7764.0370540000,76979.3158625000,76979.3158625000,1,DORA-USDT
2021-06-06 17:00:00,1622970000000,10.0200000000,10.0800000000,10.0100000000,10.0300000000,2222.8023200000,22320.9364154700,22320.9364154700,1,DORA-USDT
2021-06-06 18:00:00,1622973600000,10.0200000000,10.0200000000,9.7100000000,9.8200000000,15645.3804900000,153631.6204657400,153631.6204657400,1,DORA-USDT
2021-06-06 19:00:00,1622977200000,9.8200000000,9.8900000000,9.8200000000,9.8900000000,6462.2663250000,63762.0458506700,63762.0458506700,1,DORA-USDT
2021-06-06 20:00:00,1622980800000,9.8900000000,10.0200000000,9.8900000000,9.9900000000,4936.9676580000,49265.3501197400,49265.3501197400,1,DORA-USDT
2021-06-06 21:00:00,1622984400000,9.9900000000,9.9900000000,9.9600000000,9.9600000000,564.4778500000,5629.4726239100,5629.4726239100,1,DORA-USDT
2021-06-06 22:00:00,1622988000000,9.9700000000,9.9700000000,9.8800000000,9.9400000000,6509.2992640000,64661.5527252400,64661.5527252400,1,DORA-USDT
2021-06-06 23:00:00,1622991600000,9.9400000000,10.0100000000,9.9400000000,9.9800000000,7396.2195670000,73890.0827947700,73890.0827947700,1,DORA-USDT
2021-06-07 00:00:00,1622995200000,9.9800000000,9.9900000000,9.9700000000,9.9700000000,119.7915610000,1195.3784300100,1195.3784300100,1,DORA-USDT
2021-06-07 01:00:00,1622998800000,9.9700000000,9.9800000000,9.7100000000,9.7200000000,11026.0795310000,108418.1541063100,108418.1541063100,1,DORA-USDT
2021-06-07 02:00:00,1623002400000,9.7200000000,9.7500000000,9.7200000000,9.7300000000,1245.2711900000,12110.3714130800,12110.3714130800,1,DORA-USDT
2021-06-07 03:00:00,1623006000000,9.7300000000,9.7500000000,9.5300000000,9.5800000000,18934.7148030000,181284.4069808400,181284.4069808400,1,DORA-USDT
2021-06-07 04:00:00,1623009600000,9.5800000000,9.6400000000,9.5100000000,9.6200000000,10685.3419400000,102253.2390166300,102253.2390166300,1,DORA-USDT
2021-06-07 05:00:00,1623013200000,9.6200000000,10.0500000000,9.5400000000,9.8700000000,59209.8876190000,580082.2467281800,580082.2467281800,1,DORA-USDT
2021-06-07 06:00:00,1623016800000,9.8900000000,9.9600000000,9.5000000000,9.5800000000,44151.4375570000,426549.3621457800,426549.3621457800,1,DORA-USDT
2021-06-07 07:00:00,1623020400000,9.5800000000,9.8000000000,9.5800000000,9.7100000000,53562.8103770000,520164.7235510400,520164.7235510400,1,DORA-USDT
2021-06-07 08:00:00,1623024000000,9.7100000000,9.7600000000,9.6400000000,9.6500000000,26330.9385430000,255481.0164662700,255481.0164662700,1,DORA-USDT
2021-06-07 09:00:00,1623027600000,9.6400000000,9.9200000000,9.6400000000,9.8100000000,17833.9210000000,174735.0074594000,174735.0074594000,1,DORA-USDT
2021-06-07 10:00:00,1623031200000,9.8100000000,9.8600000000,9.7800000000,9.8500000000,15533.3430970000,152448.5667870300,152448.5667870300,1,DORA-USDT
2021-06-07 11:00:00,1623034800000,9.8500000000,9.8800000000,9.7600000000,9.8200000000,23291.0836120000,228714.5039785400,228714.5039785400,1,DORA-USDT
2021-06-07 12:00:00,1623038400000,9.8200000000,9.8500000000,9.8100000000,9.8300000000,7039.6355600000,69213.5782046800,69213.5782046800,1,DORA-USDT
2021-06-07 13:00:00,1623042000000,9.8400000000,9.9000000000,9.8300000000,9.8700000000,10929.7770210000,107879.5170784800,107879.5170784800,1,DORA-USDT
2021-06-07 14:00:00,1623045600000,9.8700000000,9.8700000000,9.7500000000,9.7600000000,18745.6615560000,183686.9745165100,183686.9745165100,1,DORA-USDT
2021-06-07 15:00:00,1623049200000,9.7600000000,9.7700000000,9.6700000000,9.7300000000,13538.5391440000,131742.7522030700,131742.7522030700,1,DORA-USDT
2021-06-07 16:00:00,1623052800000,9.7300000000,9.8100000000,9.7000000000,9.7600000000,16442.2905990000,160374.3175831200,160374.3175831200,1,DORA-USDT
2021-06-07 17:00:00,1623056400000,9.7700000000,9.7900000000,9.7000000000,9.7500000000,11613.7417760000,112993.1117650200,112993.1117650200,1,DORA-USDT
2021-06-07 18:00:00,1623060000000,9.7400000000,10.4300000000,9.7400000000,10.3600000000,59781.4942870000,605093.0441380300,605093.0441380300,1,DORA-USDT
2021-06-07 19:00:00,1623063600000,10.3700000000,10.5200000000,10.2400000000,10.2800000000,26485.0934460000,274021.4655318600,274021.4655318600,1,DORA-USDT
2021-06-07 20:00:00,1623067200000,10.2800000000,10.2800000000,10.0900000000,10.1700000000,26348.5431750000,267886.3403169600,267886.3403169600,1,DORA-USDT
2021-06-07 21:00:00,1623070800000,10.1600000000,10.2400000000,10.1400000000,10.1900000000,16022.4899450000,163107.0935823900,163107.0935823900,1,DORA-USDT
2021-06-07 22:00:00,1623074400000,10.1800000000,10.4400000000,10.1500000000,10.3900000000,28402.4472880000,293108.1389939000,293108.1389939000,1,DORA-USDT
2021-06-07 23:00:00,1623078000000,10.3900000000,10.4000000000,10.1700000000,10.2800000000,21900.9665270000,224211.7254036300,224211.7254036300,1,DORA-USDT
2021-06-08 00:00:00,1623081600000,10.2800000000,10.4200000000,10.1600000000,10.2700000000,29182.9470400000,299193.5922298600,299193.5922298600,1,DORA-USDT
2021-06-08 01:00:00,1623085200000,10.2600000000,10.2900000000,10.1300000000,10.1700000000,25335.1919440000,258015.4295740700,258015.4295740700,1,DORA-USDT
2021-06-08 02:00:00,1623088800000,10.1800000000,10.1800000000,9.9800000000,10.0900000000,28489.4728490000,285911.2476310400,285911.2476310400,1,DORA-USDT
2021-06-08 03:00:00,1623092400000,10.0800000000,10.2800000000,10.0700000000,10.1400000000,22458.6205480000,228761.2326921900,228761.2326921900,1,DORA-USDT
2021-06-08 04:00:00,1623096000000,10.1400000000,10.1400000000,9.8800000000,9.9200000000,35467.8254700000,354437.8449260600,354437.8449260600,1,DORA-USDT
2021-06-08 05:00:00,1623099600000,9.9200000000,9.9900000000,9.6400000000,9.9100000000,48583.2439380000,478732.9462295400,478732.9462295400,1,DORA-USDT
2021-06-08 06:00:00,1623103200000,9.9100000000,9.9100000000,9.7200000000,9.7900000000,27905.4570930000,273346.0299229500,273346.0299229500,1,DORA-USDT
2021-06-08 07:00:00,1623106800000,9.7900000000,9.9300000000,9.7400000000,9.7900000000,33512.0374410000,329370.0575489100,329370.0575489100,1,DORA-USDT
2021-06-08 08:00:00,1623110400000,9.7900000000,9.8900000000,9.6600000000,9.7700000000,27430.7595920000,268682.9367869400,268682.9367869400,1,DORA-USDT
2021-06-08 09:00:00,1623114000000,9.7700000000,9.8000000000,9.6100000000,9.6700000000,31446.3934130000,305589.8515379500,305589.8515379500,1,DORA-USDT
2021-06-08 10:00:00,1623117600000,9.6700000000,9.7500000000,9.0500000000,9.0700000000,64591.7590480000,603024.7016082400,603024.7016082400,1,DORA-USDT
2021-06-08 11:00:00,1623121200000,9.0700000000,9.0700000000,8.6000000000,8.7100000000,51864.5534960000,453877.6517066500,453877.6517066500,1,DORA-USDT
2021-06-08 12:00:00,1623124800000,8.7100000000,9.1400000000,8.6800000000,8.9700000000,56710.2789610000,508857.6567976800,508857.6567976800,1,DORA-USDT
2021-06-08 13:00:00,1623128400000,8.9700000000,8.9700000000,8.6800000000,8.7600000000,43343.3915570000,380823.8171609900,380823.8171609900,1,DORA-USDT
2021-06-08 14:00:00,1623132000000,8.7600000000,8.8300000000,8.7200000000,8.7900000000,32027.0188500000,280913.4729764600,280913.4729764600,1,DORA-USDT
2021-06-08 15:00:00,1623135600000,8.7900000000,8.9000000000,8.7000000000,8.8300000000,52257.2727410000,460799.6490598000,460799.6490598000,1,DORA-USDT
2021-06-08 16:00:00,1623139200000,8.8400000000,9.0000000000,8.7800000000,8.9100000000,34642.5989070000,308045.9508674800,308045.9508674800,1,DORA-USDT
2021-06-08 17:00:00,1623142800000,8.9200000000,9.3000000000,8.9000000000,8.9100000000,62047.9992830000,562568.7166334200,562568.7166334200,1,DORA-USDT
2021-06-08 18:00:00,1623146400000,8.9200000000,9.0200000000,8.6000000000,8.7200000000,45694.1015930000,399474.6906376900,399474.6906376900,1,DORA-USDT
2021-06-08 19:00:00,1623150000000,8.7100000000,8.9000000000,8.6700000000,8.8200000000,35888.9279440000,313826.2147049900,313826.2147049900,1,DORA-USDT
2021-06-08 20:00:00,1623153600000,8.8200000000,8.8400000000,8.6500000000,8.7600000000,33983.6830990000,297068.0075492500,297068.0075492500,1,DORA-USDT
2021-06-08 21:00:00,1623157200000,8.7600000000,8.7600000000,8.2500000000,8.2800000000,48752.2482070000,416321.8795693600,416321.8795693600,1,DORA-USDT
2021-06-08 22:00:00,1623160800000,8.2800000000,8.3900000000,8.1700000000,8.3300000000,42049.5360110000,348620.1655436000,348620.1655436000,1,DORA-USDT
2021-06-08 23:00:00,1623164400000,8.3300000000,8.3500000000,8.2000000000,8.2300000000,33589.8798600000,277145.9552011500,277145.9552011500,1,DORA-USDT
2021-06-09 00:00:00,1623168000000,8.2300000000,8.4600000000,8.1500000000,8.1800000000,64595.7028240000,538034.7954836400,538034.7954836400,1,DORA-USDT
2021-06-09 01:00:00,1623171600000,8.1800000000,8.4900000000,8.0800000000,8.4800000000,53760.4794320000,443839.2032986700,443839.2032986700,1,DORA-USDT
2021-06-09 02:00:00,1623175200000,8.4800000000,9.3700000000,8.4200000000,8.6400000000,138066.1181080000,1215099.0299086501,1215099.0299086501,1,DORA-USDT
2021-06-09 03:00:00,1623178800000,8.6400000000,8.9300000000,8.5100000000,8.6200000000,59808.6160400000,519330.8970646300,519330.8970646300,1,DORA-USDT
2021-06-09 04:00:00,1623182400000,8.6400000000,8.7300000000,8.4200000000,8.6500000000,24585.3874800000,212333.8899031400,212333.8899031400,1,DORA-USDT
2021-06-09 05:00:00,1623186000000,8.6500000000,8.8200000000,8.4200000000,8.7000000000,52666.9832320000,452600.7674483900,452600.7674483900,1,DORA-USDT
2021-06-09 06:00:00,1623189600000,8.7000000000,8.7600000000,8.6500000000,8.6800000000,12952.0290510000,112621.5833769200,112621.5833769200,1,DORA-USDT
2021-06-09 07:00:00,1623193200000,8.6900000000,8.7800000000,8.5700000000,8.6000000000,21909.8018590000,190206.5560404900,190206.5560404900,1,DORA-USDT
2021-06-09 08:00:00,1623196800000,8.6000000000,8.7900000000,8.5600000000,8.6200000000,24043.6492460000,208882.0192188000,208882.0192188000,1,DORA-USDT
2021-06-09 09:00:00,1623200400000,8.6200000000,8.6300000000,8.5900000000,8.6000000000,6345.7174910000,54636.6275114600,54636.6275114600,1,DORA-USDT
2021-06-09 10:00:00,1623204000000,8.6000000000,8.6300000000,8.3100000000,8.5900000000,85270.8386230000,724084.4322506400,724084.4322506400,1,DORA-USDT
2021-06-09 11:00:00,1623207600000,8.5700000000,8.5900000000,8.2800000000,8.3200000000,31389.8327300000,264160.2614630800,264160.2614630800,1,DORA-USDT
2021-06-09 12:00:00,1623211200000,8.3300000000,8.3400000000,8.2500000000,8.2700000000,25639.2261340000,212453.9943176300,212453.9943176300,1,DORA-USDT
2021-06-09 13:00:00,1623214800000,8.2700000000,8.5800000000,8.2600000000,8.3300000000,21877.3781500000,184518.5441030400,184518.5441030400,1,DORA-USDT
2021-06-09 14:00:00,1623218400000,8.3300000000,8.5900000000,8.3100000000,8.4000000000,39167.8405220000,331143.9639093400,331143.9639093400,1,DORA-USDT
2021-06-09 15:00:00,1623222000000,8.3700000000,8.6300000000,8.3600000000,8.5100000000,50924.8561580000,434296.3986333400,434296.3986333400,1,DORA-USDT
2021-06-09 16:00:00,1623225600000,8.5100000000,8.5100000000,8.2900000000,8.3400000000,39368.1070710000,329396.1788387500,329396.1788387500,1,DORA-USDT
2021-06-09 17:00:00,1623229200000,8.3400000000,8.4500000000,8.2600000000,8.4200000000,28058.5584380000,234608.7883694700,234608.7883694700,1,DORA-USDT
2021-06-09 18:00:00,1623232800000,8.4200000000,8.5000000000,8.3600000000,8.4200000000,23292.4509820000,196515.3334353600,196515.3334353600,1,DORA-USDT
2021-06-09 19:00:00,1623236400000,8.4200000000,8.4700000000,8.3900000000,8.4700000000,21519.1813220000,181484.9073433400,181484.9073433400,1,DORA-USDT
2021-06-09 20:00:00,1623240000000,8.4800000000,8.6100000000,8.3600000000,8.4000000000,38882.6796240000,329887.1907883900,329887.1907883900,1,DORA-USDT
2021-06-09 21:00:00,1623243600000,8.4000000000,8.4700000000,8.3900000000,8.4500000000,6339.3594020000,53430.5088053500,53430.5088053500,1,DORA-USDT
2021-06-09 22:00:00,1623247200000,8.4500000000,8.5300000000,8.3600000000,8.3600000000,23634.1059040000,199963.6766238300,199963.6766238300,1,DORA-USDT
2021-06-09 23:00:00,1623250800000,8.3600000000,8.6300000000,8.3200000000,8.6300000000,21478.6079710000,182711.4263963500,182711.4263963500,1,DORA-USDT
2021-06-10 00:00:00,1623254400000,8.6300000000,8.6300000000,8.4400000000,8.4800000000,28580.1788660000,243303.7030656300,243303.7030656300,1,DORA-USDT
2021-06-10 01:00:00,1623258000000,8.4800000000,8.6100000000,8.4800000000,8.5200000000,15964.0341190000,136483.8030029700,136483.8030029700,1,DORA-USDT
2021-06-10 02:00:00,1623261600000,8.5200000000,8.5600000000,8.5000000000,8.5300000000,7240.5581210000,61681.2393329600,61681.2393329600,1,DORA-USDT
2021-06-10 03:00:00,1623265200000,8.5200000000,8.7400000000,8.4900000000,8.7200000000,20306.9064210000,174495.5112199400,174495.5112199400,1,DORA-USDT
2021-06-10 04:00:00,1623268800000,8.7300000000,9.0200000000,8.7000000000,8.7600000000,39779.4303040000,351477.1707796900,351477.1707796900,1,DORA-USDT
2021-06-10 05:00:00,1623272400000,8.7600000000,8.7900000000,8.6700000000,8.6900000000,18938.6738790000,164990.9140437300,164990.9140437300,1,DORA-USDT
2021-06-10 06:00:00,1623276000000,8.7000000000,8.7100000000,8.5900000000,8.6400000000,8544.7462780000,74015.6148074000,74015.6148074000,1,DORA-USDT
2021-06-10 07:00:00,1623279600000,8.6400000000,8.6800000000,8.5100000000,8.6600000000,24398.6540150000,209647.0294274700,209647.0294274700,1,DORA-USDT
2021-06-10 08:00:00,1623283200000,8.6600000000,8.6800000000,8.5200000000,8.5500000000,19132.4119380000,164425.1874897300,164425.1874897300,1,DORA-USDT
2021-06-10 09:00:00,1623286800000,8.5500000000,8.6200000000,8.5000000000,8.5600000000,13502.1378620000,115483.8377899900,115483.8377899900,1,DORA-USDT
2021-06-10 10:00:00,1623290400000,8.5600000000,8.6200000000,8.5300000000,8.6100000000,5344.9035070000,45773.1004821700,45773.1004821700,1,DORA-USDT
2021-06-10 11:00:00,1623294000000,8.6100000000,8.6400000000,8.5600000000,8.5600000000,4109.6020340000,35303.3521875300,35303.3521875300,1,DORA-USDT
2021-06-10 12:00:00,1623297600000,8.5600000000,8.5800000000,8.4100000000,8.4200000000,14841.3459440000,125936.4326181900,125936.4326181900,1,DORA-USDT
2021-06-10 13:00:00,1623301200000,8.4200000000,8.4400000000,8.2700000000,8.3300000000,7019.4387400000,58868.5058987600,58868.5058987600,1,DORA-USDT
2021-06-10 14:00:00,1623304800000,8.3300000000,8.3600000000,8.2400000000,8.3100000000,16154.4050350000,134538.7327178100,134538.7327178100,1,DORA-USDT
2021-06-10 15:00:00,1623308400000,8.3100000000,8.3300000000,8.2100000000,8.2500000000,28620.3557890000,236240.3478005700,236240.3478005700,1,DORA-USDT
2021-06-10 16:00:00,1623312000000,8.2400000000,8.2600000000,8.0300000000,8.0800000000,20535.8469120000,168083.1579926600,168083.1579926600,1,DORA-USDT
2021-06-10 17:00:00,1623315600000,8.0900000000,8.2500000000,8.0500000000,8.2300000000,39252.6064190000,319100.3996177900,319100.3996177900,1,DORA-USDT
2021-06-10 18:00:00,1623319200000,8.2300000000,8.5500000000,8.2000000000,8.4500000000,35368.6445490000,296708.3769377400,296708.3769377400,1,DORA-USDT
2021-06-10 19:00:00,1623322800000,8.4500000000,8.6100000000,8.3700000000,8.4300000000,40078.2241180000,340489.5260168900,340489.5260168900,1,DORA-USDT
2021-06-10 20:00:00,1623326400000,8.4200000000,8.4800000000,8.3900000000,8.4000000000,8734.9492810000,73564.4272894900,73564.4272894900,1,DORA-USDT
2021-06-10 21:00:00,1623330000000,8.3900000000,8.5600000000,8.3900000000,8.4300000000,12686.3547070000,107146.7586307300,107146.7586307300,1,DORA-USDT
2021-06-10 22:00:00,1623333600000,8.4300000000,8.5800000000,8.2000000000,8.2000000000,54148.7749280000,454958.6180642300,454958.6180642300,1,DORA-USDT
2021-06-10 23:00:00,1623337200000,8.2000000000,8.2600000000,8.1600000000,8.1900000000,18534.3082120000,152110.0160683800,152110.0160683800,1,DORA-USDT
2021-06-11 00:00:00,1623340800000,8.1600000000,8.2100000000,8.1400000000,8.1700000000,17343.2121950000,141759.3352975500,141759.3352975500,1,DORA-USDT
2021-06-11 01:00:00,1623344400000,8.1700000000,8.2400000000,8.1400000000,8.2200000000,19211.9221390000,157398.1304662900,157398.1304662900,1,DORA-USDT
2021-06-11 02:00:00,1623348000000,8.2100000000,8.2100000000,8.1200000000,8.1600000000,20524.0771670000,167537.3924654600,167537.3924654600,1,DORA-USDT
2021-06-11 03:00:00,1623351600000,8.1600000000,8.1600000000,8.1400000000,8.1400000000,2800.9639640000,22819.9022280400,22819.9022280400,1,DORA-USDT
2021-06-11 04:00:00,1623355200000,8.1400000000,8.2300000000,8.1400000000,8.1800000000,6713.4988550000,54879.1364777700,54879.1364777700,1,DORA-USDT
2021-06-11 05:00:00,1623358800000,8.1800000000,8.2000000000,8.1600000000,8.2000000000,7026.6282760000,57520.6787519800,57520.6787519800,1,DORA-USDT
2021-06-11 06:00:00,1623362400000,8.2000000000,8.2000000000,8.1600000000,8.1600000000,3036.6303290000,24821.0264941500,24821.0264941500,1,DORA-USDT
2021-06-11 07:00:00,1623366000000,8.1600000000,8.2200000000,8.1500000000,8.2100000000,7486.5688080000,61288.2929853800,61288.2929853800,1,DORA-USDT
2021-06-11 08:00:00,1623369600000,8.2100000000,8.2200000000,8.0800000000,8.0800000000,20760.9772930000,169321.5853313100,169321.5853313100,1,DORA-USDT
2021-06-11 09:00:00,1623373200000,8.0800000000,8.0800000000,7.9200000000,7.9300000000,29449.5036300000,235082.1376636700,235082.1376636700,1,DORA-USDT
2021-06-11 10:00:00,1623376800000,7.9300000000,8.0700000000,7.9100000000,8.0400000000,25215.2511640000,201303.4197050400,201303.4197050400,1,DORA-USDT
2021-06-11 11:00:00,1623380400000,8.0400000000,8.1400000000,8.0400000000,8.1100000000,13404.8992170000,108336.5886740500,108336.5886740500,1,DORA-USDT
2021-06-11 12:00:00,1623384000000,8.1100000000,8.1300000000,8.0800000000,8.0800000000,6892.5853780000,55811.0848041100,55811.0848041100,1,DORA-USDT
2021-06-11 13:00:00,1623387600000,8.0800000000,8.0900000000,8.0500000000,8.0500000000,5148.7616750000,41583.8115012600,41583.8115012600,1,DORA-USDT
2021-06-11 14:00:00,1623391200000,8.0400000000,8.0400000000,7.9400000000,7.9500000000,26910.8451660000,214886.1636711800,214886.1636711800,1,DORA-USDT
2021-06-11 15:00:00,1623394800000,7.9500000000,7.9600000000,7.8000000000,7.9600000000,22138.9025580000,175129.2267741400,175129.2267741400,1,DORA-USDT
2021-06-11 16:00:00,1623398400000,7.9500000000,7.9700000000,7.8000000000,7.8600000000,19359.7880780000,153154.7663628100,153154.7663628100,1,DORA-USDT
2021-06-11 17:00:00,1623402000000,7.8600000000,8.0300000000,7.8000000000,8.0300000000,30216.0914180000,238809.6311737200,238809.6311737200,1,DORA-USDT
2021-06-11 18:00:00,1623405600000,8.0300000000,8.0900000000,8.0000000000,8.0800000000,23435.2642510000,188439.2240479600,188439.2240479600,1,DORA-USDT
2021-06-11 19:00:00,1623409200000,8.0700000000,8.0700000000,7.9800000000,8.0300000000,8806.6097500000,70765.4310545400,70765.4310545400,1,DORA-USDT
2021-06-11 20:00:00,1623412800000,8.0400000000,8.0400000000,7.8300000000,7.8800000000,24153.2632180000,191373.8326895600,191373.8326895600,1,DORA-USDT
2021-06-11 21:00:00,1623416400000,7.8800000000,7.9900000000,7.8700000000,7.9100000000,15952.2066480000,126443.5276417400,126443.5276417400,1,DORA-USDT
2021-06-11 22:00:00,1623420000000,7.9100000000,7.9100000000,7.8000000000,7.8400000000,15907.8407760000,124608.7059802600,124608.7059802600,1,DORA-USDT
2021-06-11 23:00:00,1623423600000,7.8400000000,7.8400000000,7.8000000000,7.8300000000,9732.7260720000,76184.8190871000,76184.8190871000,1,DORA-USDT
2021-06-12 00:00:00,1623427200000,7.8400000000,7.8400000000,7.8000000000,7.8200000000,5927.9566410000,46319.6073359900,46319.6073359900,1,DORA-USDT
2021-06-12 01:00:00,1623430800000,7.8100000000,7.8300000000,7.8000000000,7.8000000000,3154.9150250000,24659.3793882900,24659.3793882900,1,DORA-USDT
2021-06-12 02:00:00,1623434400000,7.8000000000,7.8200000000,7.7900000000,7.8200000000,1037.4016660000,8093.9089484200,8093.9089484200,1,DORA-USDT
2021-06-12 03:00:00,1623438000000,7.8100000000,7.8300000000,7.8100000000,7.8200000000,617.0629150000,4825.6268725700,4825.6268725700,1,DORA-USDT
2021-06-12 04:00:00,1623441600000,7.8200000000,7.8200000000,7.7400000000,7.7800000000,9005.9174360000,70123.8165640100,70123.8165640100,1,DORA-USDT
2021-06-12 05:00:00,1623445200000,7.7800000000,7.7900000000,7.4000000000,7.4200000000,45919.3901690000,344938.4203185300,344938.4203185300,1,DORA-USDT
2021-06-12 06:00:00,1623448800000,7.4300000000,7.4800000000,7.4200000000,7.4200000000,11847.8031500000,88158.7014129200,88158.7014129200,1,DORA-USDT
2021-06-12 07:00:00,1623452400000,7.4200000000,7.4700000000,7.4000000000,7.4600000000,7215.6601890000,53592.6030468100,53592.6030468100,1,DORA-USDT
2021-06-12 08:00:00,1623456000000,7.4500000000,7.4500000000,7.2300000000,7.2300000000,27254.6680340000,200745.3329830000,200745.3329830000,1,DORA-USDT
2021-06-12 09:00:00,1623459600000,7.2300000000,7.2300000000,7.1800000000,7.2000000000,18513.3301500000,133504.3531823200,133504.3531823200,1,DORA-USDT
2021-06-12 10:00:00,1623463200000,7.2000000000,7.2400000000,7.0100000000,7.0200000000,25213.9641110000,179426.2827474200,179426.2827474200,1,DORA-USDT
2021-06-12 11:00:00,1623466800000,7.0200000000,7.0500000000,6.9900000000,7.0100000000,12382.9632850000,86977.9838061000,86977.9838061000,1,DORA-USDT
2021-06-12 12:00:00,1623470400000,7.0100000000,7.0500000000,6.9900000000,7.0400000000,7083.8350750000,49756.2802178900,49756.2802178900,1,DORA-USDT
2021-06-12 13:00:00,1623474000000,7.0400000000,7.0800000000,7.0200000000,7.0600000000,6475.4384310000,45728.5855557700,45728.5855557700,1,DORA-USDT
2021-06-12 14:00:00,1623477600000,7.0600000000,7.1000000000,7.0400000000,7.0900000000,11150.4773760000,78735.8858646800,78735.8858646800,1,DORA-USDT
2021-06-12 15:00:00,1623481200000,7.1000000000,7.2100000000,7.1000000000,7.2000000000,13144.2762620000,94190.1958386100,94190.1958386100,1,DORA-USDT
2021-06-12 16:00:00,1623484800000,7.2100000000,7.2200000000,7.1500000000,7.1800000000,15727.5039740000,112874.6710984900,112874.6710984900,1,DORA-USDT
2021-06-12 17:00:00,1623488400000,7.1800000000,7.1900000000,7.1100000000,7.1500000000,10232.2501840000,73235.8364833400,73235.8364833400,1,DORA-USDT
2021-06-12 18:00:00,1623492000000,7.1400000000,7.2800000000,7.0900000000,7.2600000000,33951.9677720000,243613.7878965300,243613.7878965300,1,DORA-USDT
2021-06-12 19:00:00,1623495600000,7.2500000000,7.2700000000,7.1600000000,7.2100000000,10403.3132730000,74955.4888664100,74955.4888664100,1,DORA-USDT
2021-06-12 20:00:00,1623499200000,7.2100000000,7.2400000000,7.1600000000,7.2300000000,16267.7116090000,117097.5603393100,117097.5603393100,1,DORA-USDT
2021-06-12 21:00:00,1623502800000,7.2300000000,7.5000000000,7.2300000000,7.4700000000,31535.1887030000,233385.9730849700,233385.9730849700,1,DORA-USDT
2021-06-12 22:00:00,1623506400000,7.4700000000,7.4700000000,7.3100000000,7.4000000000,24685.7041320000,182016.0150949300,182016.0150949300,1,DORA-USDT
2021-06-12 23:00:00,1623510000000,7.4000000000,7.4000000000,7.2700000000,7.2900000000,16842.3328100000,123076.1916702200,123076.1916702200,1,DORA-USDT
2021-06-13 00:00:00,1623513600000,7.2900000000,7.3800000000,7.2900000000,7.3600000000,12308.4597670000,90376.9666739700,90376.9666739700,1,DORA-USDT
2021-06-13 01:00:00,1623517200000,7.3600000000,7.4200000000,7.3200000000,7.4100000000,11175.4537320000,82441.0048418100,82441.0048418100,1,DORA-USDT
2021-06-13 02:00:00,1623520800000,7.4100000000,7.4400000000,7.3300000000,7.3300000000,10824.6928530000,79754.3722320800,79754.3722320800,1,DORA-USDT
2021-06-13 03:00:00,1623524400000,7.3300000000,7.3300000000,7.2600000000,7.2900000000,9337.0641960000,68164.0507071800,68164.0507071800,1,DORA-USDT
2021-06-13 04:00:00,1623528000000,7.2900000000,7.3100000000,7.2500000000,7.2600000000,8062.9913260000,58676.3334752400,58676.3334752400,1,DORA-USDT
2021-06-13 05:00:00,1623531600000,7.2600000000,7.2700000000,7.1900000000,7.2200000000,9470.6625170000,68397.7651027900,68397.7651027900,1,DORA-USDT
2021-06-13 06:00:00,1623535200000,7.2200000000,7.2200000000,7.1500000000,7.1800000000,5432.8753710000,38993.5373837800,38993.5373837800,1,DORA-USDT
2021-06-13 07:00:00,1623538800000,7.1800000000,7.2000000000,7.1800000000,7.1800000000,2152.6797470000,15462.5079609600,15462.5079609600,1,DORA-USDT
2021-06-13 08:00:00,1623542400000,7.1800000000,7.2700000000,7.1500000000,7.2600000000,9930.5999660000,71771.0881208400,71771.0881208400,1,DORA-USDT
2021-06-13 09:00:00,1623546000000,7.2600000000,7.4600000000,7.2600000000,7.4000000000,31016.2226000000,228687.7995882500,228687.7995882500,1,DORA-USDT
2021-06-13 10:00:00,1623549600000,7.4000000000,7.4400000000,7.3500000000,7.3600000000,11921.2746470000,88160.6556859100,88160.6556859100,1,DORA-USDT
2021-06-13 11:00:00,1623553200000,7.3500000000,7.3500000000,7.0500000000,7.0800000000,24024.6855320000,171343.2061284300,171343.2061284300,1,DORA-USDT
2021-06-13 12:00:00,1623556800000,7.0800000000,7.2100000000,7.0600000000,7.1900000000,38406.1668330000,274296.7924040700,274296.7924040700,1,DORA-USDT
2021-06-13 13:00:00,1623560400000,7.1800000000,7.1900000000,7.1400000000,7.1600000000,8298.5508030000,59368.6102725800,59368.6102725800,1,DORA-USDT
2021-06-13 14:00:00,1623564000000,7.1500000000,7.1500000000,7.0900000000,7.1500000000,11936.5241200000,84983.1979903000,84983.1979903000,1,DORA-USDT
2021-06-13 15:00:00,1623567600000,7.1500000000,7.1800000000,7.1500000000,7.1600000000,2727.1714820000,19536.8635137700,19536.8635137700,1,DORA-USDT
2021-06-13 16:00:00,1623571200000,7.1600000000,7.3400000000,7.1400000000,7.2900000000,32820.0051190000,238627.2748994000,238627.2748994000,1,DORA-USDT
2021-06-13 17:00:00,1623574800000,7.2900000000,7.3900000000,7.2800000000,7.3500000000,19036.2606810000,140049.6709856100,140049.6709856100,1,DORA-USDT
2021-06-13 18:00:00,1623578400000,7.3500000000,7.3700000000,7.3100000000,7.3500000000,12944.0231900000,95073.0274940400,95073.0274940400,1,DORA-USDT
2021-06-13 19:00:00,1623582000000,7.3500000000,7.3500000000,7.3100000000,7.3300000000,8256.8320390000,60552.2946212100,60552.2946212100,1,DORA-USDT
2021-06-13 20:00:00,1623585600000,7.3200000000,7.3500000000,7.2700000000,7.2900000000,12638.7984110000,92401.6373400800,92401.6373400800,1,DORA-USDT
2021-06-13 21:00:00,1623589200000,7.2900000000,7.2900000000,7.2200000000,7.2300000000,14724.3730260000,106731.4757036700,106731.4757036700,1,DORA-USDT
2021-06-13 22:00:00,1623592800000,7.2200000000,7.2200000000,7.2000000000,7.2100000000,2454.9791520000,17705.1987779700,17705.1987779700,1,DORA-USDT
2021-06-13 23:00:00,1623596400000,7.2100000000,7.2700000000,7.2000000000,7.2700000000,5007.5354630000,36231.2225850200,36231.2225850200,1,DORA-USDT
2021-06-14 00:00:00,1623600000000,7.2700000000,7.5500000000,7.2700000000,7.5300000000,33015.0029440000,244936.3367409200,244936.3367409200,1,DORA-USDT
2021-06-14 01:00:00,1623603600000,7.5300000000,7.5500000000,7.4400000000,7.5200000000,20138.9932120000,151084.7089009400,151084.7089009400,1,DORA-USDT
2021-06-14 02:00:00,1623607200000,7.5200000000,7.6200000000,7.4700000000,7.6000000000,16661.1384680000,125572.1920372600,125572.1920372600,1,DORA-USDT
2021-06-14 03:00:00,1623610800000,7.6000000000,7.6200000000,7.5100000000,7.5200000000,13421.8518040000,101451.9042475500,101451.9042475500,1,DORA-USDT
2021-06-14 04:00:00,1623614400000,7.5200000000,7.6900000000,7.5200000000,7.6800000000,9719.7391230000,74194.6118043100,74194.6118043100,1,DORA-USDT
2021-06-14 05:00:00,1623618000000,7.6800000000,7.7300000000,7.6300000000,7.7200000000,12050.2091160000,92778.2695779300,92778.2695779300,1,DORA-USDT
2021-06-14 06:00:00,1623621600000,7.7200000000,7.7300000000,7.6600000000,7.6900000000,8248.1818160000,63376.9983145000,63376.9983145000,1,DORA-USDT
2021-06-14 07:00:00,1623625200000,7.6900000000,7.8800000000,7.6800000000,7.8100000000,15523.8386100000,120600.5314258600,120600.5314258600,1,DORA-USDT
2021-06-14 08:00:00,1623628800000,7.8100000000,7.8800000000,7.7900000000,7.8500000000,5110.7266890000,40104.5110872700,40104.5110872700,1,DORA-USDT
2021-06-14 09:00:00,1623632400000,7.8500000000,8.0200000000,7.8400000000,7.9500000000,23006.2728800000,182545.2583588200,182545.2583588200,1,DORA-USDT
2021-06-14 10:00:00,1623636000000,7.9500000000,7.9800000000,7.9000000000,7.9000000000,9218.9093260000,73306.4780718200,73306.4780718200,1,DORA-USDT
2021-06-14 11:00:00,1623639600000,7.8800000000,7.8800000000,7.7200000000,7.7900000000,983.5529090000,7713.5684479700,7713.5684479700,1,DORA-USDT
2021-06-14 12:00:00,1623643200000,7.7700000000,7.7900000000,7.6500000000,7.7900000000,1624.9688890000,12545.9111846800,12545.9111846800,1,DORA-USDT
2021-06-14 13:00:00,1623646800000,7.7700000000,7.8300000000,7.7500000000,7.8300000000,168.7181260000,1313.0198954100,1313.0198954100,1,DORA-USDT
2021-06-14 14:00:00,1623650400000,7.8600000000,7.9000000000,7.8100000000,7.8800000000,361.8860920000,2850.6868647300,2850.6868647300,1,DORA-USDT
2021-06-14 15:00:00,1623654000000,7.9000000000,7.9400000000,7.8300000000,7.8300000000,1948.4959280000,15342.3578509600,15342.3578509600,1,DORA-USDT
2021-06-14 16:00:00,1623657600000,7.8600000000,7.8600000000,7.7800000000,7.8000000000,539.6134780000,4206.0029877900,4206.0029877900,1,DORA-USDT
2021-06-14 17:00:00,1623661200000,7.8000000000,7.8300000000,7.7300000000,7.7300000000,393.2191010000,3065.9050608600,3065.9050608600,1,DORA-USDT
2021-06-14 18:00:00,1623664800000,7.7700000000,7.8400000000,7.7500000000,7.8200000000,875.8912880000,6840.3129713800,6840.3129713800,1,DORA-USDT
2021-06-14 19:00:00,1623668400000,7.8400000000,7.8400000000,7.8300000000,7.8300000000,140.9830030000,1103.9875025800,1103.9875025800,1,DORA-USDT
2021-06-14 20:00:00,1623672000000,7.8300000000,7.8900000000,7.8300000000,7.8900000000,579.0643660000,4550.3113729600,4550.3113729600,1,DORA-USDT
2021-06-14 21:00:00,1623675600000,7.9000000000,8.7400000000,7.9000000000,8.6100000000,11411.1525640000,95606.0446425900,95606.0446425900,1,DORA-USDT
2021-06-14 22:00:00,1623679200000,8.5800000000,8.5800000000,8.1800000000,8.1800000000,5593.0016390000,46663.1637429400,46663.1637429400,1,DORA-USDT
2021-06-14 23:00:00,1623682800000,8.1600000000,8.1900000000,8.0800000000,8.1100000000,1209.5432050000,9858.8952876700,9858.8952876700,1,DORA-USDT
2021-06-15 00:00:00,1623686400000,8.1200000000,8.1300000000,7.9500000000,8.0000000000,2431.7146920000,19546.6887042100,19546.6887042100,1,DORA-USDT
2021-06-15 01:00:00,1623690000000,8.0100000000,8.0100000000,7.6600000000,7.8000000000,2544.7984060000,19904.3618898800,19904.3618898800,1,DORA-USDT
2021-06-15 02:00:00,1623693600000,7.8000000000,7.8000000000,7.7300000000,7.7800000000,232.3859500000,1803.6960352300,1803.6960352300,1,DORA-USDT
2021-06-15 03:00:00,1623697200000,7.7700000000,7.8100000000,7.7300000000,7.7900000000,346.0331690000,2688.8612752900,2688.8612752900,1,DORA-USDT
2021-06-15 04:00:00,1623700800000,7.7900000000,7.8000000000,7.7900000000,7.8000000000,21.7792900000,169.8593406900,169.8593406900,1,DORA-USDT
2021-06-15 05:00:00,1623704400000,7.8200000000,7.8300000000,7.7900000000,7.7900000000,372.1306280000,2904.8082568100,2904.8082568100,1,DORA-USDT
2021-06-15 06:00:00,1623708000000,7.8000000000,7.8800000000,7.8000000000,7.8800000000,268.3214670000,2098.7335713500,2098.7335713500,1,DORA-USDT
2021-06-15 07:00:00,1623711600000,7.9000000000,8.1700000000,7.8900000000,8.1300000000,1307.3721860000,10484.8421183900,10484.8421183900,1,DORA-USDT
2021-06-15 08:00:00,1623715200000,8.1300000000,8.3100000000,8.1300000000,8.1900000000,744.2189970000,6123.2924868400,6123.2924868400,1,DORA-USDT
2021-06-15 09:00:00,1623718800000,8.2000000000,8.2000000000,7.8800000000,7.8900000000,2332.3226520000,18776.9793629400,18776.9793629400,1,DORA-USDT
2021-06-15 10:00:00,1623722400000,7.9100000000,7.9400000000,7.8400000000,7.8800000000,1602.3985660000,12640.4234905100,12640.4234905100,1,DORA-USDT
2021-06-15 11:00:00,1623726000000,7.8400000000,7.9300000000,7.8400000000,7.9000000000,369.7935210000,2925.1359990200,2925.1359990200,1,DORA-USDT
2021-06-15 12:00:00,1623729600000,7.9000000000,7.9600000000,7.8800000000,7.9600000000,86.5958020000,684.5490352600,684.5490352600,1,DORA-USDT
2021-06-15 13:00:00,1623733200000,7.9700000000,8.0000000000,7.8900000000,7.9700000000,1033.6151350000,8219.1268907500,8219.1268907500,1,DORA-USDT
2021-06-15 14:00:00,1623736800000,7.9600000000,7.9600000000,7.9300000000,7.9400000000,736.5914470000,5853.4319639800,5853.4319639800,1,DORA-USDT
2021-06-15 15:00:00,1623740400000,7.9300000000,7.9300000000,7.5800000000,7.6600000000,9301.5066430000,72343.1484530600,72343.1484530600,1,DORA-USDT
2021-06-15 16:00:00,1623744000000,7.6700000000,7.7600000000,7.5700000000,7.6200000000,2905.3149520000,22248.6934278400,22248.6934278400,1,DORA-USDT
2021-06-15 17:00:00,1623747600000,7.6200000000,7.7200000000,7.5100000000,7.6500000000,1829.2923830000,13933.8028735700,13933.8028735700,1,DORA-USDT
2021-06-15 18:00:00,1623751200000,7.6500000000,7.7000000000,7.6400000000,7.7000000000,9804.2590390000,75224.4317161600,75224.4317161600,1,DORA-USDT
2021-06-15 19:00:00,1623754800000,7.7000000000,7.7300000000,7.6500000000,7.6700000000,19352.5837230000,148652.0473793600,148652.0473793600,1,DORA-USDT
2021-06-15 20:00:00,1623758400000,7.6700000000,7.6900000000,7.6000000000,7.6400000000,15350.1490180000,117367.7426586200,117367.7426586200,1,DORA-USDT
2021-06-15 21:00:00,1623762000000,7.6400000000,7.6500000000,7.5900000000,7.6000000000,16637.3370920000,126713.4886001700,126713.4886001700,1,DORA-USDT
2021-06-15 22:00:00,1623765600000,7.6000000000,7.7200000000,7.6000000000,7.6900000000,19598.4891480000,150384.7522733200,150384.7522733200,1,DORA-USDT
2021-06-15 23:00:00,1623769200000,7.6900000000,7.7100000000,7.6200000000,7.7100000000,12458.6023260000,95670.3730837000,95670.3730837000,1,DORA-USDT
2021-06-16 00:00:00,1623772800000,7.7100000000,7.7100000000,7.6500000000,7.6500000000,8809.2175330000,67602.1858121900,67602.1858121900,1,DORA-USDT
2021-06-16 01:00:00,1623776400000,7.6500000000,7.6700000000,7.6200000000,7.6600000000,21992.1422370000,168038.9254377700,168038.9254377700,1,DORA-USDT
2021-06-16 02:00:00,1623780000000,7.6600000000,7.8900000000,7.6500000000,7.8300000000,28343.2726670000,220320.2184383600,220320.2184383600,1,DORA-USDT
2021-06-16 03:00:00,1623783600000,7.8300000000,7.8300000000,7.7200000000,7.7200000000,6638.8654540000,51512.7356626500,51512.7356626500,1,DORA-USDT
2021-06-16 04:00:00,1623787200000,7.7300000000,7.7500000000,7.7100000000,7.7400000000,8296.6929430000,64140.6458765700,64140.6458765700,1,DORA-USDT
2021-06-16 05:00:00,1623790800000,7.7400000000,7.7800000000,7.7300000000,7.7600000000,12095.6118480000,93868.3434244800,93868.3434244800,1,DORA-USDT
2021-06-16 06:00:00,1623794400000,7.7600000000,7.7700000000,7.7600000000,7.7600000000,1005.6631140000,7805.5337707000,7805.5337707000,1,DORA-USDT
2021-06-16 07:00:00,1623798000000,7.7600000000,7.7800000000,7.7000000000,7.7600000000,23574.0423960000,182050.3270925000,182050.3270925000,1,DORA-USDT
2021-06-16 08:00:00,1623801600000,7.7600000000,7.7800000000,7.7300000000,7.7600000000,20229.2294880000,156952.0230724800,156952.0230724800,1,DORA-USDT
2021-06-16 09:00:00,1623805200000,7.7600000000,7.8000000000,7.7300000000,7.7900000000,18929.0329520000,147063.5318589800,147063.5318589800,1,DORA-USDT
2021-06-16 10:00:00,1623808800000,7.7900000000,7.7900000000,7.6300000000,7.6700000000,31207.2253970000,240200.6912058900,240200.6912058900,1,DORA-USDT
2021-06-16 11:00:00,1623812400000,7.6700000000,7.7100000000,7.6200000000,7.7000000000,25571.7066580000,196156.2188062000,196156.2188062000,1,DORA-USDT
2021-06-16 12:00:00,1623816000000,7.7000000000,7.7400000000,7.6600000000,7.6800000000,11912.9098760000,91636.1475201600,91636.1475201600,1,DORA-USDT
2021-06-16 13:00:00,1623819600000,7.6700000000,7.6700000000,7.6300000000,7.6500000000,21924.1407740000,167653.4308059900,167653.4308059900,1,DORA-USDT
2021-06-16 14:00:00,1623823200000,7.6500000000,7.6600000000,7.5800000000,7.6300000000,16975.9260850000,129280.2145642200,129280.2145642200,1,DORA-USDT
2021-06-16 15:00:00,1623826800000,7.6300000000,7.6500000000,7.6300000000,7.6500000000,3865.0447320000,29562.7612433500,29562.7612433500,1,DORA-USDT
2021-06-16 16:00:00,1623830400000,7.6500000000,7.6500000000,7.6200000000,7.6200000000,2618.0187510000,19965.7989518000,19965.7989518000,1,DORA-USDT
2021-06-16 17:00:00,1623834000000,7.6200000000,7.6800000000,7.6200000000,7.6400000000,8560.4271240000,65447.3923302000,65447.3923302000,1,DORA-USDT
2021-06-16 18:00:00,1623837600000,7.6400000000,7.6500000000,7.5300000000,7.6100000000,35323.3602580000,268438.1476962100,268438.1476962100,1,DORA-USDT
2021-06-16 19:00:00,1623841200000,7.6100000000,7.6100000000,7.4700000000,7.4900000000,24744.6329220000,186140.6336239100,186140.6336239100,1,DORA-USDT
2021-06-16 20:00:00,1623844800000,7.4900000000,7.4900000000,7.4000000000,7.4200000000,21966.4825910000,163283.7942398200,163283.7942398200,1,DORA-USDT
2021-06-16 21:00:00,1623848400000,7.4200000000,7.4500000000,7.4000000000,7.4300000000,11055.2823970000,82102.9153999800,82102.9153999800,1,DORA-USDT
2021-06-16 22:00:00,1623852000000,7.4300000000,7.4600000000,7.4200000000,7.4400000000,14336.4765170000,106655.4304280300,106655.4304280300,1,DORA-USDT
2021-06-16 23:00:00,1623855600000,7.4400000000,7.4500000000,7.4200000000,7.4300000000,17426.3719130000,129562.8284092500,129562.8284092500,1,DORA-USDT
2021-06-17 00:00:00,1623859200000,7.4300000000,7.5600000000,7.4300000000,7.5400000000,15969.3972240000,119840.6046659900,119840.6046659900,1,DORA-USDT
2021-06-17 01:00:00,1623862800000,7.5400000000,7.5900000000,7.5300000000,7.5700000000,14222.1200080000,107528.8307722700,107528.8307722700,1,DORA-USDT
2021-06-17 02:00:00,1623866400000,7.5700000000,7.6200000000,7.5200000000,7.5500000000,27478.9652520000,207860.4975115400,207860.4975115400,1,DORA-USDT
2021-06-17 03:00:00,1623870000000,7.5500000000,7.5500000000,7.5400000000,7.5400000000,11861.3252020000,89488.3122812400,89488.3122812400,1,DORA-USDT
2021-06-17 04:00:00,1623873600000,7.5400000000,7.5600000000,7.5400000000,7.5400000000,17481.2371180000,131895.3158608400,131895.3158608400,1,DORA-USDT
2021-06-17 05:00:00,1623877200000,7.5400000000,7.6000000000,7.5300000000,7.6000000000,29327.7546280000,221653.6119636600,221653.6119636600,1,DORA-USDT
2021-06-17 06:00:00,1623880800000,7.6100000000,7.6400000000,7.6000000000,7.6100000000,16194.6243520000,123314.9314981600,123314.9314981600,1,DORA-USDT
2021-06-17 07:00:00,1623884400000,7.6100000000,7.6100000000,7.5400000000,7.5500000000,13931.6183220000,105550.8999884100,105550.8999884100,1,DORA-USDT
2021-06-17 08:00:00,1623888000000,7.5500000000,7.5700000000,7.5400000000,7.5500000000,8709.1808930000,65846.9672354700,65846.9672354700,1,DORA-USDT
2021-06-17 09:00:00,1623891600000,7.5500000000,7.5500000000,7.5100000000,7.5500000000,11653.4342200000,87816.3961631600,87816.3961631600,1,DORA-USDT
2021-06-17 10:00:00,1623895200000,7.5500000000,8.0300000000,7.5500000000,7.8900000000,65073.8507410000,511246.2561920400,511246.2561920400,1,DORA-USDT
2021-06-17 11:00:00,1623898800000,7.8900000000,7.9000000000,7.7900000000,7.8000000000,18438.6850420000,144140.5199579400,144140.5199579400,1,DORA-USDT
2021-06-17 12:00:00,1623902400000,7.8000000000,7.8300000000,7.8000000000,7.8200000000,16436.8002180000,128599.2010172800,128599.2010172800,1,DORA-USDT
2021-06-17 13:00:00,1623906000000,7.8200000000,7.8600000000,7.7600000000,7.7700000000,12554.3871030000,97980.8136136700,97980.8136136700,1,DORA-USDT
2021-06-17 14:00:00,1623909600000,7.7700000000,7.7700000000,7.7300000000,7.7400000000,16776.9074830000,130000.7786792700,130000.7786792700,1,DORA-USDT
2021-06-17 15:00:00,1623913200000,7.7400000000,7.8400000000,7.7400000000,7.7900000000,13068.0351370000,101869.7818552100,101869.7818552100,1,DORA-USDT
2021-06-17 16:00:00,1623916800000,7.7900000000,7.8600000000,7.7600000000,7.8100000000,16731.9814040000,130497.5951542400,130497.5951542400,1,DORA-USDT
2021-06-17 17:00:00,1623920400000,7.8100000000,7.8200000000,7.7900000000,7.7900000000,5517.5845790000,43024.9621403800,43024.9621403800,1,DORA-USDT
2021-06-17 18:00:00,1623924000000,7.7900000000,7.8200000000,7.7700000000,7.7900000000,9438.4971260000,73564.1397936100,73564.1397936100,1,DORA-USDT
2021-06-17 19:00:00,1623927600000,7.7900000000,7.8100000000,7.7800000000,7.8100000000,784.0436280000,6116.6846865200,6116.6846865200,1,DORA-USDT
2021-06-17 20:00:00,1623931200000,7.8100000000,7.8100000000,7.6500000000,7.6500000000,31936.1528010000,246703.9479735000,246703.9479735000,1,DORA-USDT
2021-06-17 21:00:00,1623934800000,7.6500000000,7.6700000000,7.5600000000,7.5700000000,11832.5222370000,89867.8381532700,89867.8381532700,1,DORA-USDT
2021-06-17 22:00:00,1623938400000,7.5700000000,7.5800000000,7.4500000000,7.4600000000,19917.2992580000,149739.7868170900,149739.7868170900,1,DORA-USDT
2021-06-17 23:00:00,1623942000000,7.4600000000,7.5900000000,7.4600000000,7.5700000000,25168.0341240000,189467.1175997200,189467.1175997200,1,DORA-USDT
2021-06-18 00:00:00,1623945600000,7.5800000000,7.5800000000,7.4900000000,7.5400000000,29322.1181070000,220549.6476965800,220549.6476965800,1,DORA-USDT
2021-06-18 01:00:00,1623949200000,7.5400000000,7.5400000000,7.4300000000,7.4300000000,18090.4880180000,135665.0721526200,135665.0721526200,1,DORA-USDT
2021-06-18 02:00:00,1623952800000,7.4300000000,7.4600000000,7.4000000000,7.4300000000,11554.2856750000,85777.1709067400,85777.1709067400,1,DORA-USDT
2021-06-18 03:00:00,1623956400000,7.4300000000,7.4300000000,7.4000000000,7.4000000000,2090.5285500000,15499.6224451700,15499.6224451700,1,DORA-USDT
2021-06-18 04:00:00,1623960000000,7.4100000000,7.4100000000,7.4000000000,7.4000000000,1252.7899710000,9280.1736851100,9280.1736851100,1,DORA-USDT
2021-06-18 05:00:00,1623963600000,7.4000000000,7.4700000000,7.3900000000,7.4600000000,13225.6501820000,98244.3421772100,98244.3421772100,1,DORA-USDT
2021-06-18 06:00:00,1623967200000,7.4600000000,7.4800000000,7.4400000000,7.4600000000,11419.0600300000,85188.8552869200,85188.8552869200,1,DORA-USDT
2021-06-18 07:00:00,1623970800000,7.4600000000,7.5100000000,7.4300000000,7.4700000000,16461.3605170000,122874.9796981000,122874.9796981000,1,DORA-USDT
2021-06-18 08:00:00,1623974400000,7.4800000000,7.5600000000,7.4500000000,7.5200000000,22764.5163430000,170842.5196593400,170842.5196593400,1,DORA-USDT
2021-06-18 09:00:00,1623978000000,7.5100000000,7.5300000000,7.5000000000,7.5100000000,17931.5255900000,134863.1974649000,134863.1974649000,1,DORA-USDT
2021-06-18 10:00:00,1623981600000,7.5100000000,7.5200000000,7.4700000000,7.4900000000,20775.4583280000,155818.3829488000,155818.3829488000,1,DORA-USDT
2021-06-18 11:00:00,1623985200000,7.4900000000,7.5000000000,7.4700000000,7.4800000000,4089.1193210000,30598.0091539600,30598.0091539600,1,DORA-USDT
2021-06-18 12:00:00,1623988800000,7.4800000000,7.5000000000,7.4400000000,7.4900000000,10551.4778750000,78839.7840208600,78839.7840208600,1,DORA-USDT
2021-06-18 13:00:00,1623992400000,7.4900000000,7.5000000000,7.4600000000,7.4800000000,9254.6402170000,69240.5496665200,69240.5496665200,1,DORA-USDT
2021-06-18 14:00:00,1623996000000,7.4800000000,7.5100000000,7.4400000000,7.4500000000,8847.0110810000,66118.3895378400,66118.3895378400,1,DORA-USDT
2021-06-18 15:00:00,1623999600000,7.4500000000,7.4600000000,7.0400000000,7.1300000000,85625.5226490000,615906.7682119299,615906.7682119299,1,DORA-USDT
2021-06-18 16:00:00,1624003200000,7.1400000000,7.1500000000,7.0700000000,7.1400000000,16494.4616680000,117477.9258027500,117477.9258027500,1,DORA-USDT
2021-06-18 17:00:00,1624006800000,7.1400000000,7.1500000000,7.1300000000,7.1400000000,1992.5957470000,14226.9883363700,14226.9883363700,1,DORA-USDT
2021-06-18 18:00:00,1624010400000,7.1400000000,7.1700000000,7.0300000000,7.1000000000,21806.5065560000,154398.3710738300,154398.3710738300,1,DORA-USDT
2021-06-18 19:00:00,1624014000000,7.1100000000,7.1700000000,7.0900000000,7.1400000000,17477.3829310000,124758.8083348600,124758.8083348600,1,DORA-USDT
2021-06-18 20:00:00,1624017600000,7.1400000000,7.1500000000,7.1000000000,7.1200000000,16588.1787420000,118164.3151081800,118164.3151081800,1,DORA-USDT
2021-06-18 21:00:00,1624021200000,7.1100000000,7.1200000000,7.0300000000,7.0300000000,7490.1675860000,52955.3966482600,52955.3966482600,1,DORA-USDT
2021-06-18 22:00:00,1624024800000,7.0300000000,7.0400000000,6.8000000000,6.8500000000,53447.8889100000,368883.2227564400,368883.2227564400,1,DORA-USDT
2021-06-18 23:00:00,1624028400000,6.8600000000,6.8800000000,6.7600000000,6.8100000000,26727.9671390000,182007.4299456100,182007.4299456100,1,DORA-USDT
2021-06-19 00:00:00,1624032000000,6.8100000000,6.9800000000,6.7800000000,6.8000000000,49023.5422200000,336275.2568948700,336275.2568948700,1,DORA-USDT
2021-06-19 01:00:00,1624035600000,6.8000000000,6.8000000000,6.6000000000,6.6300000000,58914.4718990000,394251.3075142400,394251.3075142400,1,DORA-USDT
2021-06-19 02:00:00,1624039200000,6.6400000000,6.6400000000,6.6000000000,6.6200000000,20287.8879100000,134254.5785238700,134254.5785238700,1,DORA-USDT
2021-06-19 03:00:00,1624042800000,6.6200000000,6.6600000000,6.6100000000,6.6600000000,28240.4684600000,187542.3240614300,187542.3240614300,1,DORA-USDT
2021-06-19 04:00:00,1624046400000,6.6600000000,6.6700000000,6.6000000000,6.6500000000,28111.5097300000,186384.8508643800,186384.8508643800,1,DORA-USDT
2021-06-19 05:00:00,1624050000000,6.6600000000,6.6600000000,6.2000000000,6.2800000000,82374.8671630000,528621.4128375100,528621.4128375100,1,DORA-USDT
2021-06-19 06:00:00,1624053600000,6.2800000000,6.3000000000,6.2000000000,6.2800000000,36844.7239540000,230260.5816737800,230260.5816737800,1,DORA-USDT
2021-06-19 07:00:00,1624057200000,6.2800000000,6.3400000000,6.2600000000,6.3100000000,24643.7260740000,155198.9258211400,155198.9258211400,1,DORA-USDT
2021-06-19 08:00:00,1624060800000,6.3100000000,6.5100000000,6.3000000000,6.5000000000,23895.9678430000,153592.9249921400,153592.9249921400,1,DORA-USDT
2021-06-19 09:00:00,1624064400000,6.5000000000,6.6100000000,6.4800000000,6.6000000000,20157.5289130000,132278.9983918400,132278.9983918400,1,DORA-USDT
2021-06-19 10:00:00,1624068000000,6.6000000000,6.6400000000,6.5700000000,6.6300000000,10269.3285560000,67781.5241414600,67781.5241414600,1,DORA-USDT
2021-06-19 11:00:00,1624071600000,6.6300000000,6.7200000000,6.5600000000,6.5800000000,53005.5282390000,352437.5491809800,352437.5491809800,1,DORA-USDT
2021-06-19 12:00:00,1624075200000,6.5900000000,6.5900000000,6.2000000000,6.2400000000,83109.1242430000,527339.9454641500,527339.9454641500,1,DORA-USDT
2021-06-19 13:00:00,1624078800000,6.2400000000,6.2700000000,6.1400000000,6.2400000000,51792.5454670000,320903.6423391800,320903.6423391800,1,DORA-USDT
2021-06-19 14:00:00,1624082400000,6.2400000000,6.4700000000,6.2400000000,6.4500000000,40721.4380550000,259592.6166330600,259592.6166330600,1,DORA-USDT
2021-06-19 15:00:00,1624086000000,6.4600000000,6.5000000000,6.2600000000,6.3200000000,61743.0093070000,391431.4050334700,391431.4050334700,1,DORA-USDT
2021-06-19 16:00:00,1624089600000,6.3300000000,6.3700000000,6.2000000000,6.3400000000,47876.4396110000,301644.4608657900,301644.4608657900,1,DORA-USDT
2021-06-19 17:00:00,1624093200000,6.3400000000,6.3700000000,6.1800000000,6.3400000000,55019.0794700000,346014.4623351200,346014.4623351200,1,DORA-USDT
2021-06-19 18:00:00,1624096800000,6.3400000000,6.3500000000,6.1900000000,6.2500000000,66022.1387960000,414297.3183217300,414297.3183217300,1,DORA-USDT
2021-06-19 19:00:00,1624100400000,6.2500000000,6.3400000000,6.1900000000,6.3100000000,44533.3693570000,277923.3128063700,277923.3128063700,1,DORA-USDT
2021-06-19 20:00:00,1624104000000,6.3100000000,6.3100000000,6.1400000000,6.1800000000,89533.8385950000,557357.7619265500,557357.7619265500,1,DORA-USDT
2021-06-19 21:00:00,1624107600000,6.1800000000,6.2400000000,6.1100000000,6.1700000000,51299.7510490000,317488.2546904100,317488.2546904100,1,DORA-USDT
2021-06-19 22:00:00,1624111200000,6.1700000000,6.2800000000,6.1000000000,6.2400000000,72557.5019870000,449512.7719641900,449512.7719641900,1,DORA-USDT
2021-06-19 23:00:00,1624114800000,6.2400000000,6.3800000000,6.2000000000,6.3400000000,51835.8676660000,324822.7915145000,324822.7915145000,1,DORA-USDT
2021-06-20 00:00:00,1624118400000,6.3300000000,6.3400000000,6.1300000000,6.2400000000,62810.2968380000,389421.9486175200,389421.9486175200,1,DORA-USDT
2021-06-20 01:00:00,1624122000000,6.2400000000,6.3400000000,6.1700000000,6.2500000000,71217.3852800000,444537.7148439300,444537.7148439300,1,DORA-USDT
2021-06-20 02:00:00,1624125600000,6.2600000000,6.5500000000,6.1800000000,6.5500000000,90324.8533310000,572296.3664065100,572296.3664065100,1,DORA-USDT
2021-06-20 03:00:00,1624129200000,6.5400000000,6.6200000000,6.3300000000,6.5200000000,93440.0762700000,606219.1531690100,606219.1531690100,1,DORA-USDT
2021-06-20 04:00:00,1624132800000,6.5200000000,7.4900000000,6.4100000000,6.8000000000,228002.6948460000,1574813.6591100299,1574813.6591100299,1,DORA-USDT
2021-06-20 05:00:00,1624136400000,6.8000000000,7.0200000000,6.4300000000,6.4900000000,184234.2884860000,1231119.7028968299,1231119.7028968299,1,DORA-USDT
2021-06-20 06:00:00,1624140000000,6.5000000000,6.9400000000,6.2100000000,6.6400000000,213595.1280630000,1402360.5889432400,1402360.5889432400,1,DORA-USDT
2021-06-20 07:00:00,1624143600000,6.6300000000,6.8200000000,6.1400000000,6.4100000000,122680.0675320000,790688.4387011600,790688.4387011600,1,DORA-USDT
2021-06-20 08:00:00,1624147200000,6.4100000000,6.4900000000,6.1800000000,6.3800000000,104860.9955670000,664542.5962285600,664542.5962285600,1,DORA-USDT
2021-06-20 09:00:00,1624150800000,6.3700000000,6.5300000000,6.2400000000,6.3800000000,92515.8987420000,592009.9374081000,592009.9374081000,1,DORA-USDT
2021-06-20 10:00:00,1624154400000,6.3800000000,6.4700000000,6.1600000000,6.2400000000,66617.4678100000,419707.8422817100,419707.8422817100,1,DORA-USDT
2021-06-20 11:00:00,1624158000000,6.2400000000,6.5800000000,6.2300000000,6.4000000000,68388.8435720000,436960.6556538100,436960.6556538100,1,DORA-USDT
2021-06-20 12:00:00,1624161600000,6.3900000000,6.4100000000,6.3300000000,6.3800000000,17636.8250410000,112398.3455469200,112398.3455469200,1,DORA-USDT
2021-06-20 13:00:00,1624165200000,6.3800000000,6.4100000000,6.3300000000,6.3900000000,17668.0075580000,112571.2291234500,112571.2291234500,1,DORA-USDT
2021-06-20 14:00:00,1624168800000,6.3900000000,6.4000000000,6.3600000000,6.3900000000,14779.5610000000,94274.1586349200,94274.1586349200,1,DORA-USDT
2021-06-20 15:00:00,1624172400000,6.3900000000,6.4000000000,6.3000000000,6.3200000000,20265.6190990000,128421.9171541800,128421.9171541800,1,DORA-USDT
2021-06-20 16:00:00,1624176000000,6.3300000000,6.3300000000,6.0900000000,6.1900000000,32708.3129220000,202706.2468321900,202706.2468321900,1,DORA-USDT
2021-06-20 17:00:00,1624179600000,6.1900000000,6.1900000000,5.9000000000,6.0600000000,76762.2348380000,464143.5882124700,464143.5882124700,1,DORA-USDT
2021-06-20 18:00:00,1624183200000,6.0600000000,6.2200000000,5.8700000000,5.9100000000,116255.9035190000,699232.1865992200,699232.1865992200,1,DORA-USDT
2021-06-20 19:00:00,1624186800000,5.9100000000,5.9800000000,5.8900000000,5.9800000000,34451.2446280000,204438.6157821100,204438.6157821100,1,DORA-USDT
2021-06-20 20:00:00,1624190400000,5.9800000000,6.0800000000,5.8800000000,6.0600000000,64025.4660380000,382029.5831283000,382029.5831283000,1,DORA-USDT
2021-06-20 21:00:00,1624194000000,6.0600000000,6.1800000000,6.0400000000,6.0900000000,53920.0813100000,329723.2400363400,329723.2400363400,1,DORA-USDT
2021-06-20 22:00:00,1624197600000,6.1000000000,6.2700000000,5.9500000000,6.2600000000,85534.3409090000,524360.9574984700,524360.9574984700,1,DORA-USDT
2021-06-20 23:00:00,1624201200000,6.2500000000,6.3200000000,6.1600000000,6.1800000000,50591.3373960000,315869.2461585700,315869.2461585700,1,DORA-USDT
2021-06-21 00:00:00,1624204800000,6.1800000000,6.6800000000,6.1800000000,6.3800000000,143961.9124040000,921730.2951884600,921730.2951884600,1,DORA-USDT
2021-06-21 01:00:00,1624208400000,6.3800000000,6.6200000000,6.3300000000,6.4500000000,66730.0770630000,430818.0504145100,430818.0504145100,1,DORA-USDT
2021-06-21 02:00:00,1624212000000,6.4600000000,6.5200000000,6.4300000000,6.4500000000,16849.9032310000,109017.6704294300,109017.6704294300,1,DORA-USDT
2021-06-21 03:00:00,1624215600000,6.4500000000,6.4500000000,6.3600000000,6.4000000000,29447.7770170000,188205.4349321800,188205.4349321800,1,DORA-USDT
2021-06-21 04:00:00,1624219200000,6.4000000000,6.4300000000,6.3500000000,6.3600000000,32786.4158760000,209658.1315767300,209658.1315767300,1,DORA-USDT
2021-06-21 05:00:00,1624222800000,6.3600000000,6.4200000000,6.3400000000,6.3400000000,32237.6746110000,205163.0220087500,205163.0220087500,1,DORA-USDT
2021-06-21 06:00:00,1624226400000,6.3500000000,6.4500000000,6.2600000000,6.4300000000,37795.1542000000,239495.7283583600,239495.7283583600,1,DORA-USDT
2021-06-21 07:00:00,1624230000000,6.4300000000,6.4300000000,6.3100000000,6.3900000000,22337.5869170000,142314.4643280300,142314.4643280300,1,DORA-USDT
2021-06-21 08:00:00,1624233600000,6.3900000000,6.4300000000,6.3700000000,6.4000000000,10507.5607770000,67201.2963216600,67201.2963216600,1,DORA-USDT
2021-06-21 09:00:00,1624237200000,6.4000000000,6.4000000000,6.3700000000,6.3900000000,7377.0207390000,47108.3104782500,47108.3104782500,1,DORA-USDT
2021-06-21 10:00:00,1624240800000,6.3900000000,6.4400000000,6.2400000000,6.2600000000,25652.1144840000,162334.1158727000,162334.1158727000,1,DORA-USDT
2021-06-21 11:00:00,1624244400000,6.2600000000,6.2800000000,6.0900000000,6.1400000000,13161.0748260000,81418.3009657400,81418.3009657400,1,DORA-USDT
2021-06-21 12:00:00,1624248000000,6.1400000000,6.1400000000,5.7200000000,5.8600000000,91224.8485410000,538437.8689381500,538437.8689381500,1,DORA-USDT
2021-06-21 13:00:00,1624251600000,5.8600000000,5.9300000000,5.8200000000,5.8900000000,31570.7655450000,185070.1714385300,185070.1714385300,1,DORA-USDT
2021-06-21 14:00:00,1624255200000,5.8900000000,5.9200000000,5.6300000000,5.7200000000,126502.8251960000,728255.7156019800,728255.7156019800,1,DORA-USDT
2021-06-21 15:00:00,1624258800000,5.7200000000,5.8800000000,5.6900000000,5.7500000000,73747.7960530000,426604.1316071500,426604.1316071500,1,DORA-USDT
2021-06-21 16:00:00,1624262400000,5.7500000000,5.9000000000,5.6900000000,5.7700000000,50149.1991050000,289549.7790257000,289549.7790257000,1,DORA-USDT
2021-06-21 17:00:00,1624266000000,5.7700000000,5.7800000000,5.4000000000,5.6400000000,132333.6352820000,744167.6080152800,744167.6080152800,1,DORA-USDT
2021-06-21 18:00:00,1624269600000,5.6400000000,5.6600000000,5.3800000000,5.4500000000,63776.7825840000,351940.3971845100,351940.3971845100,1,DORA-USDT
2021-06-21 19:00:00,1624273200000,5.4500000000,5.4600000000,5.1300000000,5.2900000000,72097.1211090000,381228.3561844500,381228.3561844500,1,DORA-USDT
2021-06-21 20:00:00,1624276800000,5.3000000000,5.3600000000,5.2000000000,5.2000000000,41745.9572820000,220632.5736756800,220632.5736756800,1,DORA-USDT
2021-06-21 21:00:00,1624280400000,5.2000000000,5.3100000000,5.1400000000,5.2800000000,80109.1649030000,418008.4045345800,418008.4045345800,1,DORA-USDT
2021-06-21 22:00:00,1624284000000,5.2800000000,5.2900000000,5.1900000000,5.2200000000,43111.5095260000,225932.1674790300,225932.1674790300,1,DORA-USDT
2021-06-21 23:00:00,1624287600000,5.2200000000,5.2600000000,5.1900000000,5.2500000000,6972.9529910000,36406.9060244600,36406.9060244600,1,DORA-USDT
2021-06-22 00:00:00,1624291200000,5.2500000000,5.3400000000,5.0400000000,5.0700000000,59087.9137170000,306558.2364165900,306558.2364165900,1,DORA-USDT
2021-06-22 01:00:00,1624294800000,5.0500000000,5.0900000000,5.0500000000,5.0900000000,24728.9344430000,125323.1742605100,125323.1742605100,1,DORA-USDT
2021-06-22 02:00:00,1624298400000,5.0900000000,5.1100000000,5.0800000000,5.1100000000,29240.7968310000,149010.7704472300,149010.7704472300,1,DORA-USDT
2021-06-22 03:00:00,1624302000000,5.1100000000,5.1600000000,5.1100000000,5.1200000000,35149.7784080000,179839.2412146800,179839.2412146800,1,DORA-USDT
2021-06-22 04:00:00,1624305600000,5.1200000000,5.1300000000,5.0900000000,5.1000000000,21212.7452930000,108460.9930881900,108460.9930881900,1,DORA-USDT
2021-06-22 05:00:00,1624309200000,5.1000000000,5.1200000000,5.0500000000,5.1000000000,25290.4874680000,128592.2357431500,128592.2357431500,1,DORA-USDT
2021-06-22 06:00:00,1624312800000,5.1000000000,5.1000000000,5.0400000000,5.0500000000,10675.9720000000,54072.0049834000,54072.0049834000,1,DORA-USDT
2021-06-22 07:00:00,1624316400000,5.0500000000,5.1100000000,4.9300000000,4.9500000000,48952.8455750000,245609.0694575100,245609.0694575100,1,DORA-USDT
2021-06-22 08:00:00,1624320000000,4.9500000000,4.9900000000,4.8700000000,4.9100000000,31573.0893730000,155389.5851527100,155389.5851527100,1,DORA-USDT
2021-06-22 09:00:00,1624323600000,4.9100000000,4.9900000000,4.9100000000,4.9800000000,14868.9359510000,73701.6843722800,73701.6843722800,1,DORA-USDT
2021-06-22 10:00:00,1624327200000,4.9800000000,5.0000000000,4.9600000000,4.9800000000,14997.7648260000,74658.7425947300,74658.7425947300,1,DORA-USDT
2021-06-22 11:00:00,1624330800000,4.9800000000,5.0900000000,4.9600000000,4.9900000000,41211.6601230000,206530.2874003400,206530.2874003400,1,DORA-USDT
2021-06-22 12:00:00,1624334400000,4.9800000000,5.0100000000,4.9200000000,4.9900000000,22728.4410230000,113001.5707645600,113001.5707645600,1,DORA-USDT
2021-06-22 13:00:00,1624338000000,5.0000000000,5.0000000000,4.9300000000,4.9400000000,5237.1138410000,25940.0326230600,25940.0326230600,1,DORA-USDT
2021-06-22 14:00:00,1624341600000,4.9400000000,4.9900000000,4.9400000000,4.9900000000,13716.4127260000,68131.0742576000,68131.0742576000,1,DORA-USDT
2021-06-22 15:00:00,1624345200000,4.9800000000,4.9900000000,4.9300000000,4.9300000000,11370.6844330000,56487.2585586900,56487.2585586900,1,DORA-USDT
2021-06-22 16:00:00,1624348800000,4.9300000000,4.9400000000,4.7900000000,4.8200000000,17482.8375720000,85173.0031687400,85173.0031687400,1,DORA-USDT
2021-06-22 17:00:00,1624352400000,4.8200000000,4.9500000000,4.6200000000,4.6800000000,47569.7783810000,224775.6137678900,224775.6137678900,1,DORA-USDT
2021-06-22 18:00:00,1624356000000,4.6900000000,4.7000000000,4.6500000000,4.6700000000,12907.4123900000,60321.1494881600,60321.1494881600,1,DORA-USDT
2021-06-22 19:00:00,1624359600000,4.6700000000,4.7000000000,4.6500000000,4.6500000000,13646.8563860000,63854.1192736100,63854.1192736100,1,DORA-USDT
2021-06-22 20:00:00,1624363200000,4.6500000000,4.6600000000,4.4200000000,4.4600000000,48103.6104020000,216338.1501229800,216338.1501229800,1,DORA-USDT
2021-06-22 21:00:00,1624366800000,4.4500000000,4.5900000000,4.4100000000,4.4300000000,31918.2526070000,143442.8867110300,143442.8867110300,1,DORA-USDT
2021-06-22 22:00:00,1624370400000,4.4300000000,4.6300000000,4.4200000000,4.6200000000,23633.5043910000,107480.7138526200,107480.7138526200,1,DORA-USDT
2021-06-22 23:00:00,1624374000000,4.6200000000,4.8400000000,4.6200000000,4.7400000000,49919.3843900000,237361.0099850600,237361.0099850600,1,DORA-USDT
2021-06-23 00:00:00,1624377600000,4.7500000000,4.9000000000,4.6500000000,4.8100000000,97423.0341050000,465938.8789201900,465938.8789201900,1,DORA-USDT
2021-06-23 01:00:00,1624381200000,4.8100000000,4.9600000000,4.8100000000,4.9100000000,29600.1021050000,146034.7117971500,146034.7117971500,1,DORA-USDT
2021-06-23 02:00:00,1624384800000,4.9000000000,4.9500000000,4.8700000000,4.9400000000,19921.3208440000,97679.2057369800,97679.2057369800,1,DORA-USDT
2021-06-23 03:00:00,1624388400000,4.9400000000,4.9400000000,4.9000000000,4.9000000000,12184.3546580000,59981.4550270700,59981.4550270700,1,DORA-USDT
2021-06-23 04:00:00,1624392000000,4.9000000000,4.9700000000,4.8800000000,4.9500000000,10340.5321630000,50985.7149883500,50985.7149883500,1,DORA-USDT
2021-06-23 05:00:00,1624395600000,4.9500000000,4.9800000000,4.8700000000,4.8900000000,7855.0071040000,38745.1475304700,38745.1475304700,1,DORA-USDT
2021-06-23 06:00:00,1624399200000,4.8900000000,4.9100000000,4.8800000000,4.8900000000,4648.1317970000,22751.3468474500,22751.3468474500,1,DORA-USDT
2021-06-23 07:00:00,1624402800000,4.8900000000,4.9000000000,4.7600000000,4.7600000000,16254.8112370000,78526.1392390000,78526.1392390000,1,DORA-USDT
2021-06-23 08:00:00,1624406400000,4.7600000000,5.0100000000,4.6600000000,4.9400000000,79942.9503450000,387255.4087593400,387255.4087593400,1,DORA-USDT
2021-06-23 09:00:00,1624410000000,4.9500000000,5.1000000000,4.9500000000,4.9900000000,26029.8345570000,131085.6016770300,131085.6016770300,1,DORA-USDT
2021-06-23 10:00:00,1624413600000,4.9900000000,5.0800000000,4.9800000000,5.0500000000,16817.7612320000,84717.8090014000,84717.8090014000,1,DORA-USDT
2021-06-23 11:00:00,1624417200000,5.0500000000,5.2000000000,5.0500000000,5.1600000000,26771.7932270000,137928.8219947700,137928.8219947700,1,DORA-USDT
2021-06-23 12:00:00,1624420800000,5.1600000000,5.3200000000,5.1600000000,5.2900000000,19433.1337100000,102276.2046700600,102276.2046700600,1,DORA-USDT
2021-06-23 13:00:00,1624424400000,5.2900000000,5.3300000000,5.2500000000,5.2600000000,13593.0546070000,71830.9834966900,71830.9834966900,1,DORA-USDT
2021-06-23 14:00:00,1624428000000,5.2600000000,5.2600000000,4.9800000000,5.0400000000,68823.7500800000,349908.0792056300,349908.0792056300,1,DORA-USDT
2021-06-23 15:00:00,1624431600000,5.0400000000,5.0700000000,4.9900000000,5.0700000000,16276.0445280000,81796.9502394600,81796.9502394600,1,DORA-USDT
2021-06-23 16:00:00,1624435200000,5.0700000000,5.1000000000,4.9400000000,4.9400000000,23189.6996780000,115920.9596934800,115920.9596934800,1,DORA-USDT
2021-06-23 17:00:00,1624438800000,4.9400000000,4.9500000000,4.8500000000,4.8700000000,26900.0284090000,131772.9992812400,131772.9992812400,1,DORA-USDT
2021-06-23 18:00:00,1624442400000,4.8700000000,5.0200000000,4.8700000000,5.0100000000,56140.0412630000,277455.9380689300,277455.9380689300,1,DORA-USDT
2021-06-23 19:00:00,1624446000000,5.0100000000,5.0500000000,4.8500000000,4.9400000000,45608.8389080000,224942.6521898400,224942.6521898400,1,DORA-USDT
2021-06-23 20:00:00,1624449600000,4.9500000000,5.0900000000,4.9400000000,5.0800000000,22138.4164890000,111250.1691031700,111250.1691031700,1,DORA-USDT
2021-06-23 21:00:00,1624453200000,5.0800000000,5.2000000000,5.0600000000,5.0800000000,35807.3880160000,183791.3455618100,183791.3455618100,1,DORA-USDT
2021-06-23 22:00:00,1624456800000,5.0700000000,5.0800000000,4.9600000000,5.0600000000,44382.3822490000,222004.4781565500,222004.4781565500,1,DORA-USDT
2021-06-23 23:00:00,1624460400000,5.0600000000,5.0700000000,4.8400000000,4.9100000000,38115.8638330000,187350.8833121200,187350.8833121200,1,DORA-USDT
2021-06-24 00:00:00,1624464000000,4.9100000000,5.0200000000,4.8000000000,5.0000000000,39733.8643270000,195506.0243755200,195506.0243755200,1,DORA-USDT
2021-06-24 01:00:00,1624467600000,4.9900000000,4.9900000000,4.9200000000,4.9200000000,15661.1809240000,77342.0489633400,77342.0489633400,1,DORA-USDT
2021-06-24 02:00:00,1624471200000,4.9300000000,4.9500000000,4.8500000000,4.8600000000,15683.2128900000,76412.6997307300,76412.6997307300,1,DORA-USDT
2021-06-24 03:00:00,1624474800000,4.8600000000,4.8700000000,4.6000000000,4.6400000000,58708.7736170000,275536.1493302700,275536.1493302700,1,DORA-USDT
2021-06-24 04:00:00,1624478400000,4.6400000000,4.6900000000,4.2900000000,4.3400000000,94918.0853940000,424309.8353365100,424309.8353365100,1,DORA-USDT
2021-06-24 05:00:00,1624482000000,4.3500000000,4.3500000000,4.2000000000,4.3100000000,43739.3323950000,187372.6453009400,187372.6453009400,1,DORA-USDT
2021-06-24 06:00:00,1624485600000,4.3100000000,4.5500000000,4.3100000000,4.5000000000,43221.7421810000,193233.4945471300,193233.4945471300,1,DORA-USDT
2021-06-24 07:00:00,1624489200000,4.5100000000,4.8200000000,4.4200000000,4.6800000000,72620.7185170000,335269.5877967500,335269.5877967500,1,DORA-USDT
2021-06-24 08:00:00,1624492800000,4.6800000000,4.6800000000,4.5300000000,4.5600000000,72266.5130710000,332676.7424700500,332676.7424700500,1,DORA-USDT
2021-06-24 09:00:00,1624496400000,4.5500000000,4.5700000000,4.3700000000,4.4300000000,43938.2095340000,196893.1947502100,196893.1947502100,1,DORA-USDT
2021-06-24 10:00:00,1624500000000,4.4200000000,4.4800000000,4.3000000000,4.3800000000,47080.3272290000,206588.3173920900,206588.3173920900,1,DORA-USDT
2021-06-24 11:00:00,1624503600000,4.3800000000,4.5000000000,4.3700000000,4.4100000000,48881.4931820000,217048.3816683000,217048.3816683000,1,DORA-USDT
2021-06-24 12:00:00,1624507200000,4.4100000000,4.4500000000,4.3800000000,4.4200000000,26020.1720200000,115108.9521364600,115108.9521364600,1,DORA-USDT
2021-06-24 13:00:00,1624510800000,4.4200000000,4.4300000000,4.2500000000,4.4300000000,70348.2286940000,305213.9117379500,305213.9117379500,1,DORA-USDT
2021-06-24 14:00:00,1624514400000,4.4300000000,4.4400000000,4.3400000000,4.3500000000,18072.6199010000,79618.7248727600,79618.7248727600,1,DORA-USDT
2021-06-24 15:00:00,1624518000000,4.3500000000,4.4000000000,4.2300000000,4.3200000000,77043.2071410000,332843.5883643500,332843.5883643500,1,DORA-USDT
2021-06-24 16:00:00,1624521600000,4.3300000000,4.3800000000,4.2500000000,4.3700000000,39891.3041890000,172182.6311706200,172182.6311706200,1,DORA-USDT
2021-06-24 17:00:00,1624525200000,4.3700000000,4.4400000000,4.3400000000,4.4300000000,24183.5278830000,106296.5372143500,106296.5372143500,1,DORA-USDT
2021-06-24 18:00:00,1624528800000,4.4300000000,4.4500000000,4.2500000000,4.3300000000,56302.9990780000,243503.2078232500,243503.2078232500,1,DORA-USDT
2021-06-24 19:00:00,1624532400000,4.3300000000,4.4300000000,4.2400000000,4.3900000000,56969.1897940000,247168.1957030200,247168.1957030200,1,DORA-USDT
2021-06-24 20:00:00,1624536000000,4.4000000000,4.4600000000,4.4000000000,4.4200000000,20043.1207510000,88818.6705854300,88818.6705854300,1,DORA-USDT
2021-06-24 21:00:00,1624539600000,4.4200000000,4.4600000000,4.3900000000,4.4500000000,5677.1001080000,25086.9295896300,25086.9295896300,1,DORA-USDT
2021-06-24 22:00:00,1624543200000,4.4600000000,4.6800000000,4.4600000000,4.6200000000,26824.3733300000,123182.7587459800,123182.7587459800,1,DORA-USDT
2021-06-24 23:00:00,1624546800000,4.6200000000,4.6600000000,4.4600000000,4.5200000000,52550.0859810000,239529.2551831500,239529.2551831500,1,DORA-USDT
2021-06-25 00:00:00,1624550400000,4.5100000000,4.6000000000,4.4300000000,4.5700000000,77755.5354430000,350519.7157937100,350519.7157937100,1,DORA-USDT
2021-06-25 01:00:00,1624554000000,4.5700000000,4.7900000000,4.5700000000,4.7200000000,44775.1639460000,210400.8195540200,210400.8195540200,1,DORA-USDT
2021-06-25 02:00:00,1624557600000,4.7300000000,4.8900000000,4.7200000000,4.7900000000,16993.8690120000,81897.4265024200,81897.4265024200,1,DORA-USDT
2021-06-25 03:00:00,1624561200000,4.7900000000,4.7900000000,4.7200000000,4.7300000000,14373.3871680000,68131.3496637500,68131.3496637500,1,DORA-USDT
2021-06-25 04:00:00,1624564800000,4.7300000000,4.7300000000,4.7100000000,4.7200000000,126.2199250000,595.3722347700,595.3722347700,1,DORA-USDT
2021-06-25 05:00:00,1624568400000,4.7100000000,4.7400000000,4.7000000000,4.7100000000,5154.8872600000,24345.5515469200,24345.5515469200,1,DORA-USDT
2021-06-25 06:00:00,1624572000000,4.7200000000,4.7200000000,4.5100000000,4.6500000000,28054.4791330000,129217.5388076500,129217.5388076500,1,DORA-USDT
2021-06-25 07:00:00,1624575600000,4.6400000000,4.6500000000,4.5200000000,4.6000000000,25295.2321830000,116001.0691685300,116001.0691685300,1,DORA-USDT
2021-06-25 08:00:00,1624579200000,4.6100000000,4.6600000000,4.5600000000,4.5900000000,43838.7943800000,202205.9009979500,202205.9009979500,1,DORA-USDT
2021-06-25 09:00:00,1624582800000,4.5900000000,4.5900000000,4.4900000000,4.5100000000,15978.3735940000,72438.2610625500,72438.2610625500,1,DORA-USDT
2021-06-25 10:00:00,1624586400000,4.5100000000,4.6300000000,4.5000000000,4.6200000000,44124.6658600000,202388.7418800300,202388.7418800300,1,DORA-USDT
2021-06-25 11:00:00,1624590000000,4.6200000000,4.6500000000,4.5000000000,4.5300000000,20232.5606730000,92298.7835895400,92298.7835895400,1,DORA-USDT
2021-06-25 12:00:00,1624593600000,4.5300000000,4.5300000000,4.4800000000,4.4800000000,14558.1751990000,65682.8615461700,65682.8615461700,1,DORA-USDT
2021-06-25 13:00:00,1624597200000,4.4800000000,4.5100000000,4.4000000000,4.4200000000,21728.3778610000,96841.6080012800,96841.6080012800,1,DORA-USDT
2021-06-25 14:00:00,1624600800000,4.4200000000,4.5300000000,4.4100000000,4.4600000000,41134.5099460000,183353.9819156600,183353.9819156600,1,DORA-USDT
2021-06-25 15:00:00,1624604400000,4.4600000000,4.4600000000,4.3300000000,4.3700000000,28608.6127530000,125352.8820078500,125352.8820078500,1,DORA-USDT
2021-06-25 16:00:00,1624608000000,4.3700000000,4.4100000000,4.2900000000,4.4100000000,51010.1752270000,222221.7742076400,222221.7742076400,1,DORA-USDT
2021-06-25 17:00:00,1624611600000,4.4100000000,4.4400000000,4.3300000000,4.3400000000,24590.4764630000,107624.2776783400,107624.2776783400,1,DORA-USDT
2021-06-25 18:00:00,1624615200000,4.3400000000,4.3700000000,4.3000000000,4.3100000000,28963.6882080000,125534.4706377900,125534.4706377900,1,DORA-USDT
2021-06-25 19:00:00,1624618800000,4.3200000000,4.3700000000,4.3200000000,4.3500000000,13359.0420470000,58105.0553188300,58105.0553188300,1,DORA-USDT
2021-06-25 20:00:00,1624622400000,4.3500000000,4.3900000000,4.2900000000,4.3300000000,22610.7406400000,98031.7556516500,98031.7556516500,1,DORA-USDT
2021-06-25 21:00:00,1624626000000,4.3300000000,4.3500000000,4.3200000000,4.3400000000,11871.9089160000,51495.0444714300,51495.0444714300,1,DORA-USDT
2021-06-25 22:00:00,1624629600000,4.3400000000,4.3800000000,4.2900000000,4.3300000000,26272.4990250000,113939.6051234600,113939.6051234600,1,DORA-USDT
2021-06-25 23:00:00,1624633200000,4.3200000000,4.3700000000,4.2900000000,4.3700000000,18712.5453510000,81169.4943634100,81169.4943634100,1,DORA-USDT
2021-06-26 00:00:00,1624636800000,4.3700000000,4.4100000000,4.2500000000,4.3500000000,43019.6940300000,186418.2617875100,186418.2617875100,1,DORA-USDT
2021-06-26 01:00:00,1624640400000,4.3500000000,4.5000000000,4.3500000000,4.3900000000,53377.0391290000,237096.5074291400,237096.5074291400,1,DORA-USDT
2021-06-26 02:00:00,1624644000000,4.3900000000,4.4100000000,4.3700000000,4.4100000000,8087.6096010000,35572.2574630600,35572.2574630600,1,DORA-USDT
2021-06-26 03:00:00,1624647600000,4.4200000000,4.4900000000,4.4200000000,4.4500000000,25528.3228850000,113711.3873339000,113711.3873339000,1,DORA-USDT
2021-06-26 04:00:00,1624651200000,4.4300000000,4.4300000000,4.4200000000,4.4200000000,3671.2283760000,16232.4104331100,16232.4104331100,1,DORA-USDT
2021-06-26 05:00:00,1624654800000,4.4200000000,4.4300000000,4.3900000000,4.4100000000,15191.9057740000,66858.2927799100,66858.2927799100,1,DORA-USDT
2021-06-26 06:00:00,1624658400000,4.4100000000,4.4100000000,4.3100000000,4.3200000000,12094.2505050000,52592.3146482500,52592.3146482500,1,DORA-USDT
2021-06-26 07:00:00,1624662000000,4.3200000000,4.3300000000,4.2600000000,4.3000000000,41355.2269440000,177658.0736917200,177658.0736917200,1,DORA-USDT
2021-06-26 08:00:00,1624665600000,4.3000000000,4.4000000000,4.2100000000,4.2600000000,87253.1945850000,375842.8911070900,375842.8911070900,1,DORA-USDT
2021-06-26 09:00:00,1624669200000,4.2600000000,4.2600000000,4.0200000000,4.0800000000,72180.6096620000,296885.8693508900,296885.8693508900,1,DORA-USDT
2021-06-26 10:00:00,1624672800000,4.0800000000,4.1300000000,4.0700000000,4.1100000000,44378.4420320000,181928.0153990600,181928.0153990600,1,DORA-USDT
2021-06-26 11:00:00,1624676400000,4.1100000000,4.1100000000,4.0700000000,4.1000000000,8217.1331740000,33686.9542001200,33686.9542001200,1,DORA-USDT
2021-06-26 12:00:00,1624680000000,4.1100000000,4.1200000000,4.0100000000,4.0600000000,19460.6904320000,79300.4617388200,79300.4617388200,1,DORA-USDT
2021-06-26 13:00:00,1624683600000,4.0700000000,4.1500000000,4.0500000000,4.0700000000,22156.5657390000,90661.1861677300,90661.1861677300,1,DORA-USDT
2021-06-26 14:00:00,1624687200000,4.0900000000,4.1000000000,4.0200000000,4.0400000000,14286.9874550000,58144.9106776800,58144.9106776800,1,DORA-USDT
2021-06-26 15:00:00,1624690800000,4.0400000000,4.0400000000,3.7300000000,3.8300000000,110837.6831780000,427602.3320853900,427602.3320853900,1,DORA-USDT
2021-06-26 16:00:00,1624694400000,3.8300000000,3.8900000000,3.7800000000,3.8100000000,70508.2558600000,269778.8997337700,269778.8997337700,1,DORA-USDT
2021-06-26 17:00:00,1624698000000,3.8200000000,3.9800000000,3.7900000000,3.8800000000,71487.5988930000,278190.8511693000,278190.8511693000,1,DORA-USDT
2021-06-26 18:00:00,1624701600000,3.8700000000,3.9200000000,3.8700000000,3.8800000000,15338.6082290000,59759.9532357700,59759.9532357700,1,DORA-USDT
2021-06-26 19:00:00,1624705200000,3.8700000000,3.9900000000,3.8700000000,3.9500000000,20396.0259840000,80004.8081796100,80004.8081796100,1,DORA-USDT
2021-06-26 20:00:00,1624708800000,3.9500000000,3.9700000000,3.9200000000,3.9300000000,20414.7550650000,80507.6318049500,80507.6318049500,1,DORA-USDT
2021-06-26 21:00:00,1624712400000,3.9300000000,3.9700000000,3.9000000000,3.9200000000,20348.5804820000,80126.7100092500,80126.7100092500,1,DORA-USDT
2021-06-26 22:00:00,1624716000000,3.9200000000,3.9900000000,3.8900000000,3.9800000000,51002.2290540000,200987.2605954100,200987.2605954100,1,DORA-USDT
2021-06-26 23:00:00,1624719600000,3.9800000000,4.0200000000,3.8400000000,3.8600000000,52004.0267730000,204733.0124584500,204733.0124584500,1,DORA-USDT
2021-06-27 00:00:00,1624723200000,3.8700000000,3.8900000000,3.7000000000,3.8300000000,73127.6796450000,277582.3397667400,277582.3397667400,1,DORA-USDT
2021-06-27 01:00:00,1624726800000,3.8300000000,3.8900000000,3.7800000000,3.8800000000,40175.6409850000,153858.0673323400,153858.0673323400,1,DORA-USDT
2021-06-27 02:00:00,1624730400000,3.8800000000,3.9300000000,3.8700000000,3.9100000000,16611.8221730000,64756.1478371400,64756.1478371400,1,DORA-USDT
2021-06-27 03:00:00,1624734000000,3.9200000000,4.0500000000,3.9200000000,3.9800000000,35467.3511410000,141528.4871856700,141528.4871856700,1,DORA-USDT
2021-06-27 04:00:00,1624737600000,3.9800000000,3.9900000000,3.8200000000,3.8300000000,35082.6590880000,136723.5678314600,136723.5678314600,1,DORA-USDT
2021-06-27 05:00:00,1624741200000,3.8300000000,3.8300000000,3.7900000000,3.8000000000,24442.8831960000,93105.2768020600,93105.2768020600,1,DORA-USDT
2021-06-27 06:00:00,1624744800000,3.8000000000,3.8800000000,3.7800000000,3.8000000000,22761.9007040000,87129.4498933000,87129.4498933000,1,DORA-USDT
2021-06-27 07:00:00,1624748400000,3.8000000000,3.9700000000,3.7800000000,3.9600000000,19061.1283270000,74108.6744287800,74108.6744287800,1,DORA-USDT
2021-06-27 08:00:00,1624752000000,3.9600000000,4.0100000000,3.8900000000,3.9100000000,41404.3790210000,163391.2386112900,163391.2386112900,1,DORA-USDT
2021-06-27 09:00:00,1624755600000,3.9200000000,4.0300000000,3.9200000000,3.9800000000,31197.9392760000,124443.1809620600,124443.1809620600,1,DORA-USDT
2021-06-27 10:00:00,1624759200000,3.9800000000,4.0500000000,3.9800000000,4.0300000000,4222.2199250000,17004.5668840000,17004.5668840000,1,DORA-USDT
2021-06-27 11:00:00,1624762800000,4.0400000000,4.0900000000,4.0100000000,4.0800000000,16275.4958150000,65815.0616154800,65815.0616154800,1,DORA-USDT
2021-06-27 12:00:00,1624766400000,4.0900000000,4.1000000000,3.9300000000,4.0000000000,35903.8021350000,143633.9361942500,143633.9361942500,1,DORA-USDT
2021-06-27 13:00:00,1624770000000,4.0000000000,4.0000000000,3.8900000000,3.9100000000,12584.6249430000,49535.6218287300,49535.6218287300,1,DORA-USDT
2021-06-27 14:00:00,1624773600000,3.9100000000,3.9700000000,3.8700000000,3.9000000000,38468.5472540000,150714.7971665000,150714.7971665000,1,DORA-USDT
2021-06-27 15:00:00,1624777200000,3.8900000000,4.0100000000,3.8900000000,4.0000000000,29972.2997670000,118706.6919510200,118706.6919510200,1,DORA-USDT
2021-06-27 16:00:00,1624780800000,4.0000000000,4.0100000000,3.9400000000,3.9400000000,7719.9419970000,30644.6937766500,30644.6937766500,1,DORA-USDT
2021-06-27 17:00:00,1624784400000,3.9400000000,3.9400000000,3.8200000000,3.8800000000,27337.1457020000,105836.6713280700,105836.6713280700,1,DORA-USDT
2021-06-27 18:00:00,1624788000000,3.8800000000,3.8800000000,3.7900000000,3.8700000000,13110.8115250000,50308.6898377900,50308.6898377900,1,DORA-USDT
2021-06-27 19:00:00,1624791600000,3.8600000000,4.0200000000,3.8500000000,3.9700000000,44809.1163520000,177510.7642190200,177510.7642190200,1,DORA-USDT
2021-06-27 20:00:00,1624795200000,3.9600000000,4.0300000000,3.9600000000,3.9900000000,16817.1163520000,67194.3429693800,67194.3429693800,1,DORA-USDT
2021-06-27 21:00:00,1624798800000,3.9900000000,4.0600000000,3.9500000000,3.9800000000,42903.9707420000,171055.2402789000,171055.2402789000,1,DORA-USDT
2021-06-27 22:00:00,1624802400000,3.9800000000,4.4700000000,3.9700000000,4.4600000000,202052.0260040000,860119.6611055300,860119.6611055300,1,DORA-USDT
2021-06-27 23:00:00,1624806000000,4.4600000000,4.7500000000,4.1900000000,4.5700000000,317491.3066850000,1407342.8032916000,1407342.8032916000,1,DORA-USDT
2021-06-28 00:00:00,1624809600000,4.5100000000,5.5200000000,4.4900000000,5.0200000000,311488.4397680000,1556269.6204909401,1556269.6204909401,1,DORA-USDT
2021-06-28 01:00:00,1624813200000,5.0300000000,5.1600000000,4.8400000000,4.8700000000,140117.3175450000,696566.9811279500,696566.9811279500,1,DORA-USDT
2021-06-28 02:00:00,1624816800000,4.8700000000,5.0900000000,4.7800000000,4.8600000000,123462.8084900000,605639.3772877100,605639.3772877100,1,DORA-USDT
2021-06-28 03:00:00,1624820400000,4.8900000000,4.9300000000,4.7600000000,4.8500000000,73811.3238070000,357439.3434929900,357439.3434929900,1,DORA-USDT
2021-06-28 04:00:00,1624824000000,4.8500000000,4.9100000000,4.7900000000,4.8500000000,72797.6479100000,352322.2813049100,352322.2813049100,1,DORA-USDT
2021-06-28 05:00:00,1624827600000,4.8500000000,4.9300000000,4.7800000000,4.8000000000,53532.1443330000,260771.0489458100,260771.0489458100,1,DORA-USDT
2021-06-28 06:00:00,1624831200000,4.8000000000,4.9300000000,4.7800000000,4.8800000000,68838.4563930000,333678.9453229400,333678.9453229400,1,DORA-USDT
2021-06-28 07:00:00,1624834800000,4.8800000000,5.2000000000,4.8400000000,5.1300000000,84397.5205230000,421958.1686000100,421958.1686000100,1,DORA-USDT
2021-06-28 08:00:00,1624838400000,5.1300000000,5.1300000000,4.8600000000,5.0300000000,133900.8092770000,670905.7498017600,670905.7498017600,1,DORA-USDT
2021-06-28 09:00:00,1624842000000,5.0300000000,5.1000000000,4.9700000000,5.0100000000,105972.8882250000,533730.0172328000,533730.0172328000,1,DORA-USDT
2021-06-28 10:00:00,1624845600000,5.0100000000,5.1100000000,4.9800000000,5.0900000000,21869.5282170000,110596.5299167300,110596.5299167300,1,DORA-USDT
2021-06-28 11:00:00,1624849200000,5.0900000000,5.7300000000,5.0900000000,5.5200000000,202729.6426710000,1103498.1083192199,1103498.1083192199,1,DORA-USDT
2021-06-28 12:00:00,1624852800000,5.5200000000,5.6800000000,5.4000000000,5.5000000000,70515.0656130000,390472.5727980500,390472.5727980500,1,DORA-USDT
2021-06-28 13:00:00,1624856400000,5.5000000000,5.5000000000,5.1800000000,5.2300000000,85187.9960800000,452688.5406003000,452688.5406003000,1,DORA-USDT
2021-06-28 14:00:00,1624860000000,5.2300000000,5.2500000000,5.1200000000,5.1900000000,35155.7681690000,181932.8728663500,181932.8728663500,1,DORA-USDT
2021-06-28 15:00:00,1624863600000,5.1900000000,5.4700000000,5.1500000000,5.3900000000,86884.1191400000,463979.8132373100,463979.8132373100,1,DORA-USDT
2021-06-28 16:00:00,1624867200000,5.3900000000,5.4600000000,5.1000000000,5.1800000000,86502.3208140000,451515.1574771100,451515.1574771100,1,DORA-USDT
2021-06-28 17:00:00,1624870800000,5.1800000000,5.2100000000,5.1300000000,5.1400000000,31032.0174030000,160281.8055060500,160281.8055060500,1,DORA-USDT
2021-06-28 18:00:00,1624874400000,5.1400000000,5.1600000000,5.0000000000,5.0300000000,42927.4297410000,217314.2324740800,217314.2324740800,1,DORA-USDT
2021-06-28 19:00:00,1624878000000,5.0300000000,5.1000000000,4.9700000000,5.0100000000,52211.6042190000,262908.0644752700,262908.0644752700,1,DORA-USDT
2021-06-28 20:00:00,1624881600000,5.0100000000,5.0900000000,4.9900000000,5.0400000000,62883.1195740000,316771.0898049700,316771.0898049700,1,DORA-USDT
2021-06-28 21:00:00,1624885200000,5.0400000000,5.1900000000,5.0400000000,5.1600000000,34493.1730540000,176712.8514950400,176712.8514950400,1,DORA-USDT
2021-06-28 22:00:00,1624888800000,5.1600000000,5.2900000000,5.1300000000,5.2800000000,45387.7932840000,237335.5450393400,237335.5450393400,1,DORA-USDT
2021-06-28 23:00:00,1624892400000,5.2800000000,5.4200000000,5.2700000000,5.3000000000,51666.6035270000,276229.1870118200,276229.1870118200,1,DORA-USDT
2021-06-29 00:00:00,1624896000000,5.2900000000,5.3300000000,5.0100000000,5.1600000000,121282.8165990000,624028.3994910500,624028.3994910500,1,DORA-USDT
2021-06-29 01:00:00,1624899600000,5.1300000000,5.2800000000,5.0500000000,5.1600000000,55023.8632390000,282060.8528758300,282060.8528758300,1,DORA-USDT
2021-06-29 02:00:00,1624903200000,5.1600000000,5.1700000000,5.0400000000,5.0700000000,54581.0632510000,278828.6041579100,278828.6041579100,1,DORA-USDT
2021-06-29 03:00:00,1624906800000,5.0700000000,5.1000000000,4.9500000000,4.9800000000,59329.2740260000,297769.6417600200,297769.6417600200,1,DORA-USDT
2021-06-29 04:00:00,1624910400000,4.9800000000,5.0200000000,4.9500000000,4.9700000000,26739.6828860000,133539.8823506100,133539.8823506100,1,DORA-USDT
2021-06-29 05:00:00,1624914000000,4.9800000000,5.0500000000,4.9700000000,5.0500000000,19061.9071130000,95514.9811305500,95514.9811305500,1,DORA-USDT
2021-06-29 06:00:00,1624917600000,5.0500000000,5.0900000000,5.0100000000,5.0200000000,28165.8228530000,142009.7133400300,142009.7133400300,1,DORA-USDT
2021-06-29 07:00:00,1624921200000,5.0200000000,5.0600000000,4.9500000000,5.0600000000,28572.8418880000,143032.3970157400,143032.3970157400,1,DORA-USDT
2021-06-29 08:00:00,1624924800000,5.0500000000,5.2900000000,5.0300000000,5.2100000000,53606.8673290000,278673.3194153000,278673.3194153000,1,DORA-USDT
2021-06-29 09:00:00,1624928400000,5.2100000000,5.2800000000,5.1000000000,5.1500000000,55664.0355750000,288734.6328966400,288734.6328966400,1,DORA-USDT
2021-06-29 10:00:00,1624932000000,5.1500000000,5.1900000000,5.0000000000,5.0100000000,40919.8712150000,207916.3698233500,207916.3698233500,1,DORA-USDT
2021-06-29 11:00:00,1624935600000,5.0100000000,5.1400000000,5.0000000000,5.1400000000,13807.7628150000,70025.9277334300,70025.9277334300,1,DORA-USDT
2021-06-29 12:00:00,1624939200000,5.1300000000,5.2100000000,5.1300000000,5.1900000000,14462.3373550000,74980.4351144300,74980.4351144300,1,DORA-USDT
2021-06-29 13:00:00,1624942800000,5.1800000000,5.1800000000,5.1000000000,5.1100000000,11573.9270420000,59385.7912363800,59385.7912363800,1,DORA-USDT
2021-06-29 14:00:00,1624946400000,5.1100000000,5.1800000000,5.0400000000,5.1600000000,50595.5825620000,258983.6996067200,258983.6996067200,1,DORA-USDT
2021-06-29 15:00:00,1624950000000,5.1600000000,5.1800000000,5.1200000000,5.1400000000,12000.1173810000,61798.3135878400,61798.3135878400,1,DORA-USDT
2021-06-29 16:00:00,1624953600000,5.1400000000,5.1800000000,5.1200000000,5.1500000000,12083.9044020000,62227.1600382900,62227.1600382900,1,DORA-USDT
2021-06-29 17:00:00,1624957200000,5.1500000000,5.1500000000,5.0800000000,5.1300000000,27579.1998300000,141172.8571093600,141172.8571093600,1,DORA-USDT
2021-06-29 18:00:00,1624960800000,5.1300000000,5.5600000000,5.0600000000,5.5400000000,100128.8219260000,534160.1576454400,534160.1576454400,1,DORA-USDT
2021-06-29 19:00:00,1624964400000,5.5400000000,5.7600000000,5.5300000000,5.6300000000,71328.9842340000,403931.8225904400,403931.8225904400,1,DORA-USDT
2021-06-29 20:00:00,1624968000000,5.6300000000,5.7900000000,5.5700000000,5.5700000000,33980.5776480000,192815.9470959300,192815.9470959300,1,DORA-USDT
2021-06-29 21:00:00,1624971600000,5.5700000000,5.7300000000,5.5600000000,5.6500000000,28079.8293980000,159011.0630754400,159011.0630754400,1,DORA-USDT
2021-06-29 22:00:00,1624975200000,5.6400000000,5.7000000000,5.6000000000,5.6100000000,47104.6420840000,266355.7550574600,266355.7550574600,1,DORA-USDT
2021-06-29 23:00:00,1624978800000,5.6000000000,5.6100000000,5.3300000000,5.4900000000,70701.7500110000,383449.1023674700,383449.1023674700,1,DORA-USDT
2021-06-30 00:00:00,1624982400000,5.4900000000,5.5700000000,5.3500000000,5.5200000000,78163.2537320000,425573.5250094700,425573.5250094700,1,DORA-USDT
2021-06-30 01:00:00,1624986000000,5.5200000000,5.5900000000,5.5000000000,5.5900000000,14443.4171880000,80215.1075624200,80215.1075624200,1,DORA-USDT
2021-06-30 02:00:00,1624989600000,5.5900000000,5.6700000000,5.5700000000,5.6100000000,14544.4528630000,81403.5421127000,81403.5421127000,1,DORA-USDT
2021-06-30 03:00:00,1624993200000,5.6100000000,5.6800000000,5.5700000000,5.6500000000,25551.9687190000,143682.4517523400,143682.4517523400,1,DORA-USDT
2021-06-30 04:00:00,1624996800000,5.6500000000,5.6800000000,5.3900000000,5.4200000000,67015.9673390000,370775.5283554600,370775.5283554600,1,DORA-USDT
2021-06-30 05:00:00,1625000400000,5.4200000000,5.4200000000,5.3800000000,5.4000000000,10553.9130540000,56943.2097751300,56943.2097751300,1,DORA-USDT
2021-06-30 06:00:00,1625004000000,5.4000000000,5.5100000000,5.3500000000,5.3500000000,8142.6116310000,43873.3859132200,43873.3859132200,1,DORA-USDT
2021-06-30 07:00:00,1625007600000,5.3600000000,5.4000000000,5.3400000000,5.3600000000,14080.0069350000,75635.6401641300,75635.6401641300,1,DORA-USDT
2021-06-30 08:00:00,1625011200000,5.3400000000,5.4000000000,5.3000000000,5.3800000000,11593.6272550000,61935.7061587500,61935.7061587500,1,DORA-USDT
2021-06-30 09:00:00,1625014800000,5.3700000000,5.3700000000,5.2800000000,5.2900000000,9750.9702710000,51678.1834965400,51678.1834965400,1,DORA-USDT
2021-06-30 10:00:00,1625018400000,5.2900000000,5.3600000000,5.2600000000,5.3100000000,31226.1094570000,166143.9693161900,166143.9693161900,1,DORA-USDT
2021-06-30 11:00:00,1625022000000,5.3100000000,5.3100000000,5.1200000000,5.1600000000,36647.4009420000,190710.3721538100,190710.3721538100,1,DORA-USDT
2021-06-30 12:00:00,1625025600000,5.1500000000,5.1600000000,5.0100000000,5.0500000000,41588.7148770000,210960.5912286200,210960.5912286200,1,DORA-USDT
2021-06-30 13:00:00,1625029200000,5.0500000000,5.1200000000,5.0300000000,5.0600000000,24125.9518410000,122099.3340702900,122099.3340702900,1,DORA-USDT
2021-06-30 14:00:00,1625032800000,5.0700000000,5.1100000000,5.0600000000,5.1000000000,24626.7773450000,125236.7844796200,125236.7844796200,1,DORA-USDT
2021-06-30 15:00:00,1625036400000,5.0900000000,5.1300000000,5.0100000000,5.0800000000,53766.4856860000,272612.3017276900,272612.3017276900,1,DORA-USDT
2021-06-30 16:00:00,1625040000000,5.0700000000,5.1600000000,5.0600000000,5.0700000000,31132.5561520000,159037.5430368300,159037.5430368300,1,DORA-USDT
2021-06-30 17:00:00,1625043600000,5.0700000000,5.0800000000,4.9000000000,4.9200000000,28009.7911420000,139695.9276000900,139695.9276000900,1,DORA-USDT
2021-06-30 18:00:00,1625047200000,4.9100000000,5.0600000000,4.9100000000,4.9700000000,36029.7419860000,179717.2854897500,179717.2854897500,1,DORA-USDT
2021-06-30 19:00:00,1625050800000,4.9800000000,5.0900000000,4.9800000000,5.0400000000,29147.8546730000,146502.4938395900,146502.4938395900,1,DORA-USDT
2021-06-30 20:00:00,1625054400000,5.0400000000,5.0400000000,4.9000000000,4.9200000000,38257.4109580000,189372.4263823400,189372.4263823400,1,DORA-USDT
2021-06-30 21:00:00,1625058000000,4.9200000000,4.9600000000,4.8400000000,4.9000000000,27536.7519770000,134766.0233371700,134766.0233371700,1,DORA-USDT
2021-06-30 22:00:00,1625061600000,4.9000000000,4.9900000000,4.8900000000,4.9800000000,36785.7035720000,181541.6812799200,181541.6812799200,1,DORA-USDT
2021-06-30 23:00:00,1625065200000,4.9800000000,4.9900000000,4.8600000000,4.9100000000,26107.9263540000,128525.2719148500,128525.2719148500,1,DORA-USDT
2021-07-01 00:00:00,1625068800000,4.9000000000,4.9200000000,4.8100000000,4.9000000000,17154.1043630000,83805.9979671300,83805.9979671300,1,DORA-USDT
2021-07-01 01:00:00,1625072400000,4.9000000000,4.9900000000,4.8600000000,4.9800000000,33928.8807860000,166639.8439283100,166639.8439283100,1,DORA-USDT
2021-07-01 02:00:00,1625076000000,4.9800000000,4.9900000000,4.9700000000,4.9800000000,1497.1508920000,7456.7860770300,7456.7860770300,1,DORA-USDT
2021-07-01 03:00:00,1625079600000,4.9800000000,4.9900000000,4.9600000000,4.9600000000,1703.2323750000,8480.2266536900,8480.2266536900,1,DORA-USDT
2021-07-01 04:00:00,1625083200000,4.9700000000,5.0500000000,4.9600000000,4.9800000000,20477.4798510000,102375.3466799800,102375.3466799800,1,DORA-USDT
2021-07-01 05:00:00,1625086800000,4.9800000000,5.2400000000,4.9600000000,5.1700000000,63860.1188220000,327195.6392923900,327195.6392923900,1,DORA-USDT
2021-07-01 06:00:00,1625090400000,5.1700000000,5.1700000000,5.1200000000,5.1300000000,4088.3150080000,21025.7856505800,21025.7856505800,1,DORA-USDT
2021-07-01 07:00:00,1625094000000,5.1300000000,5.1300000000,5.0100000000,5.0300000000,38575.3547180000,195189.7888908800,195189.7888908800,1,DORA-USDT
2021-07-01 08:00:00,1625097600000,5.0400000000,5.0500000000,4.9800000000,4.9900000000,9619.2651290000,48200.6015137200,48200.6015137200,1,DORA-USDT
2021-07-01 09:00:00,1625101200000,4.9900000000,5.0200000000,4.9500000000,4.9900000000,16495.7635280000,82213.3660583300,82213.3660583300,1,DORA-USDT
2021-07-01 10:00:00,1625104800000,4.9900000000,4.9900000000,4.7800000000,4.8100000000,27008.5605500000,131413.7245479000,131413.7245479000,1,DORA-USDT
2021-07-01 11:00:00,1625108400000,4.8100000000,4.8200000000,4.7500000000,4.7600000000,23274.8767600000,111472.8156617500,111472.8156617500,1,DORA-USDT
2021-07-01 12:00:00,1625112000000,4.7500000000,4.7800000000,4.7300000000,4.7800000000,9441.1928970000,44940.3452939400,44940.3452939400,1,DORA-USDT
2021-07-01 13:00:00,1625115600000,4.7800000000,4.8300000000,4.7800000000,4.8200000000,8301.2108380000,39876.9673151400,39876.9673151400,1,DORA-USDT
2021-07-01 14:00:00,1625119200000,4.8200000000,4.8600000000,4.8100000000,4.8300000000,12037.0342250000,58302.3580088400,58302.3580088400,1,DORA-USDT
2021-07-01 15:00:00,1625122800000,4.8200000000,4.8200000000,4.7600000000,4.7700000000,13795.0153880000,65954.2722139800,65954.2722139800,1,DORA-USDT
2021-07-01 16:00:00,1625126400000,4.7700000000,4.7700000000,4.7100000000,4.7300000000,13219.9355980000,62613.2166342100,62613.2166342100,1,DORA-USDT
2021-07-01 17:00:00,1625130000000,4.7400000000,4.7700000000,4.7200000000,4.7200000000,8660.3951050000,40928.0846199500,40928.0846199500,1,DORA-USDT
2021-07-01 18:00:00,1625133600000,4.7300000000,4.7300000000,4.7000000000,4.7200000000,4877.1399480000,23022.4433248500,23022.4433248500,1,DORA-USDT
2021-07-01 19:00:00,1625137200000,4.7200000000,4.7600000000,4.7200000000,4.7300000000,9322.2639280000,44163.3668586400,44163.3668586400,1,DORA-USDT
2021-07-01 20:00:00,1625140800000,4.7300000000,4.7500000000,4.6500000000,4.6600000000,20255.9705430000,95095.6972272900,95095.6972272900,1,DORA-USDT
2021-07-01 21:00:00,1625144400000,4.6700000000,4.7100000000,4.6500000000,4.6600000000,8917.9088300000,41714.7487451600,41714.7487451600,1,DORA-USDT
2021-07-01 22:00:00,1625148000000,4.6600000000,4.7000000000,4.6300000000,4.6900000000,16615.4717930000,77655.5624918400,77655.5624918400,1,DORA-USDT
2021-07-01 23:00:00,1625151600000,4.6900000000,4.7400000000,4.6800000000,4.7200000000,15841.5409240000,74540.2427018000,74540.2427018000,1,DORA-USDT
2021-07-02 00:00:00,1625155200000,4.7300000000,4.7500000000,4.6500000000,4.6600000000,16647.9559280000,78040.4496426700,78040.4496426700,1,DORA-USDT
2021-07-02 01:00:00,1625158800000,4.6600000000,4.6600000000,4.6300000000,4.6400000000,5074.6719350000,23576.3779116300,23576.3779116300,1,DORA-USDT
2021-07-02 02:00:00,1625162400000,4.6400000000,4.7800000000,4.6300000000,4.7700000000,16137.5347460000,76045.4271513400,76045.4271513400,1,DORA-USDT
2021-07-02 03:00:00,1625166000000,4.7700000000,4.7700000000,4.4500000000,4.4500000000,45160.7975300000,206841.8591651600,206841.8591651600,1,DORA-USDT
2021-07-02 04:00:00,1625169600000,4.4500000000,4.5000000000,4.4500000000,4.4900000000,17583.6435970000,78792.4411874900,78792.4411874900,1,DORA-USDT
2021-07-02 05:00:00,1625173200000,4.4900000000,4.5400000000,4.4600000000,4.4700000000,22287.7499760000,100070.4660834400,100070.4660834400,1,DORA-USDT
2021-07-02 06:00:00,1625176800000,4.4700000000,4.5000000000,4.4600000000,4.4600000000,8796.1793900000,39380.0377984100,39380.0377984100,1,DORA-USDT
2021-07-02 07:00:00,1625180400000,4.4600000000,4.5000000000,4.3400000000,4.4200000000,27717.5084250000,122447.4389704300,122447.4389704300,1,DORA-USDT
2021-07-02 08:00:00,1625184000000,4.4100000000,4.5400000000,4.4100000000,4.5200000000,23587.0853890000,105490.6166347000,105490.6166347000,1,DORA-USDT
2021-07-02 09:00:00,1625187600000,4.5200000000,4.5200000000,4.4000000000,4.4100000000,8368.5941480000,37483.7327460100,37483.7327460100,1,DORA-USDT
2021-07-02 10:00:00,1625191200000,4.4100000000,4.4500000000,4.3000000000,4.3600000000,39950.4585630000,174706.4576249200,174706.4576249200,1,DORA-USDT
2021-07-02 11:00:00,1625194800000,4.3700000000,4.3700000000,4.2700000000,4.3300000000,25641.0575380000,110359.4243254900,110359.4243254900,1,DORA-USDT
2021-07-02 12:00:00,1625198400000,4.3300000000,4.5300000000,4.3100000000,4.4700000000,14526.3985270000,64206.5043148300,64206.5043148300,1,DORA-USDT
2021-07-02 13:00:00,1625202000000,4.4600000000,4.4600000000,4.3300000000,4.3300000000,10999.1948590000,48391.7315444600,48391.7315444600,1,DORA-USDT
2021-07-02 14:00:00,1625205600000,4.3300000000,4.4400000000,4.3000000000,4.4300000000,24268.2838680000,106664.4332343200,106664.4332343200,1,DORA-USDT
2021-07-02 15:00:00,1625209200000,4.4300000000,4.6000000000,4.3800000000,4.4200000000,38909.5124140000,174322.3193671100,174322.3193671100,1,DORA-USDT
2021-07-02 16:00:00,1625212800000,4.4200000000,4.4600000000,4.3200000000,4.3900000000,20089.5342660000,88410.6654847600,88410.6654847600,1,DORA-USDT
2021-07-02 17:00:00,1625216400000,4.4200000000,4.4200000000,4.3200000000,4.3600000000,19515.6075390000,84684.1056303600,84684.1056303600,1,DORA-USDT
2021-07-02 18:00:00,1625220000000,4.3600000000,4.4600000000,4.3000000000,4.3800000000,43367.9793320000,190008.8720391000,190008.8720391000,1,DORA-USDT
2021-07-02 19:00:00,1625223600000,4.3800000000,4.5300000000,4.3100000000,4.3600000000,28319.6212950000,124778.1805532400,124778.1805532400,1,DORA-USDT
2021-07-02 20:00:00,1625227200000,4.3600000000,4.5400000000,4.2900000000,4.4500000000,46442.9035970000,206029.8177044600,206029.8177044600,1,DORA-USDT
2021-07-02 21:00:00,1625230800000,4.4500000000,4.7500000000,4.4500000000,4.6400000000,123876.5194890000,568208.1492468100,568208.1492468100,1,DORA-USDT
2021-07-02 22:00:00,1625234400000,4.6400000000,4.9000000000,4.6300000000,4.8500000000,46438.9340450000,222049.8530757500,222049.8530757500,1,DORA-USDT
2021-07-02 23:00:00,1625238000000,4.8500000000,4.8700000000,4.6900000000,4.7000000000,50983.0028540000,242978.3553873600,242978.3553873600,1,DORA-USDT
2021-07-03 00:00:00,1625241600000,4.7100000000,4.7100000000,4.3300000000,4.3600000000,94435.7181010000,423769.3519934400,423769.3519934400,1,DORA-USDT
2021-07-03 01:00:00,1625245200000,4.3600000000,4.4400000000,4.3400000000,4.4100000000,37360.4621630000,164315.6818206800,164315.6818206800,1,DORA-USDT
2021-07-03 02:00:00,1625248800000,4.4100000000,4.4200000000,4.4000000000,4.4200000000,5446.6215700000,24009.0809222500,24009.0809222500,1,DORA-USDT
2021-07-03 03:00:00,1625252400000,4.4100000000,4.4400000000,4.4100000000,4.4200000000,4948.5939750000,21854.5089661700,21854.5089661700,1,DORA-USDT
2021-07-03 04:00:00,1625256000000,4.4200000000,4.4300000000,4.4100000000,4.4200000000,2851.9563230000,12608.4447724600,12608.4447724600,1,DORA-USDT
2021-07-03 05:00:00,1625259600000,4.4200000000,4.5300000000,4.4200000000,4.5100000000,36923.3307030000,166380.3715193300,166380.3715193300,1,DORA-USDT
2021-07-03 06:00:00,1625263200000,4.5100000000,4.5400000000,4.5000000000,4.5400000000,8539.9001700000,38716.7367813500,38716.7367813500,1,DORA-USDT
2021-07-03 07:00:00,1625266800000,4.5400000000,4.7100000000,4.5400000000,4.6000000000,23255.2592130000,107278.0009270400,107278.0009270400,1,DORA-USDT
2021-07-03 08:00:00,1625270400000,4.6100000000,4.6700000000,4.5800000000,4.5800000000,18897.4799990000,87601.2425236200,87601.2425236200,1,DORA-USDT
2021-07-03 09:00:00,1625274000000,4.5800000000,4.7400000000,4.5600000000,4.7300000000,12125.6841300000,56238.8964564900,56238.8964564900,1,DORA-USDT
2021-07-03 10:00:00,1625277600000,4.7300000000,4.7300000000,4.6200000000,4.6600000000,18906.8740900000,88240.9771420100,88240.9771420100,1,DORA-USDT
2021-07-03 11:00:00,1625281200000,4.6600000000,4.6700000000,4.4200000000,4.4900000000,20018.5442260000,90097.8482216600,90097.8482216600,1,DORA-USDT
2021-07-03 12:00:00,1625284800000,4.5000000000,4.6300000000,4.4300000000,4.5400000000,22740.2598780000,102917.8427304600,102917.8427304600,1,DORA-USDT
2021-07-03 13:00:00,1625288400000,4.5400000000,4.7100000000,4.5100000000,4.6200000000,19749.8924050000,90703.2528771000,90703.2528771000,1,DORA-USDT
2021-07-03 14:00:00,1625292000000,4.6100000000,4.6300000000,4.5500000000,4.5800000000,9882.1921380000,45329.7678966300,45329.7678966300,1,DORA-USDT
2021-07-03 15:00:00,1625295600000,4.5800000000,4.8300000000,4.5100000000,4.7600000000,78164.1097820000,369275.3824683900,369275.3824683900,1,DORA-USDT
2021-07-03 16:00:00,1625299200000,4.7600000000,4.8300000000,4.5800000000,4.6900000000,44694.0784550000,210149.1731737100,210149.1731737100,1,DORA-USDT
2021-07-03 17:00:00,1625302800000,4.6800000000,4.6900000000,4.6100000000,4.6200000000,13992.3679510000,65037.6612334900,65037.6612334900,1,DORA-USDT
2021-07-03 18:00:00,1625306400000,4.6100000000,4.6400000000,4.5500000000,4.6400000000,7736.9353910000,35593.8127196000,35593.8127196000,1,DORA-USDT
2021-07-03 19:00:00,1625310000000,4.6400000000,4.6400000000,4.5600000000,4.6200000000,11113.8515970000,51113.2513200500,51113.2513200500,1,DORA-USDT
2021-07-03 20:00:00,1625313600000,4.6300000000,4.6500000000,4.6300000000,4.6400000000,1815.4801500000,8411.0333950600,8411.0333950600,1,DORA-USDT
2021-07-03 21:00:00,1625317200000,4.6500000000,4.7900000000,4.6500000000,4.7800000000,10368.5588770000,49037.9317950000,49037.9317950000,1,DORA-USDT
2021-07-03 22:00:00,1625320800000,4.7900000000,4.7900000000,4.7100000000,4.7400000000,18470.3589310000,87492.2901337800,87492.2901337800,1,DORA-USDT
2021-07-03 23:00:00,1625324400000,4.7400000000,4.7500000000,4.6700000000,4.6700000000,6374.0118760000,30033.3181078800,30033.3181078800,1,DORA-USDT
2021-07-04 00:00:00,1625328000000,4.6600000000,4.7700000000,4.6500000000,4.7200000000,8051.0385180000,37684.4522485800,37684.4522485800,1,DORA-USDT
2021-07-04 01:00:00,1625331600000,4.7200000000,4.8000000000,4.7200000000,4.7500000000,4273.3585430000,20431.2789948500,20431.2789948500,1,DORA-USDT
2021-07-04 02:00:00,1625335200000,4.7400000000,4.7500000000,4.7400000000,4.7400000000,2613.1367860000,12386.5937223300,12386.5937223300,1,DORA-USDT
2021-07-04 03:00:00,1625338800000,4.7400000000,4.7500000000,4.7300000000,4.7400000000,641.9776650000,3043.1695265300,3043.1695265300,1,DORA-USDT
2021-07-04 04:00:00,1625342400000,4.7400000000,4.7500000000,4.7400000000,4.7400000000,589.3940060000,2794.2389186500,2794.2389186500,1,DORA-USDT
2021-07-04 05:00:00,1625346000000,4.7400000000,4.7700000000,4.6600000000,4.6600000000,17821.8164070000,84434.1513540500,84434.1513540500,1,DORA-USDT
2021-07-04 06:00:00,1625349600000,4.6700000000,4.7200000000,4.6200000000,4.7100000000,13892.8944070000,64581.0002884900,64581.0002884900,1,DORA-USDT
2021-07-04 07:00:00,1625353200000,4.7100000000,4.7100000000,4.6700000000,4.7100000000,4106.1576860000,19207.5093221700,19207.5093221700,1,DORA-USDT
2021-07-04 08:00:00,1625356800000,4.7000000000,4.7900000000,4.7000000000,4.7600000000,17185.7739160000,81609.9520847100,81609.9520847100,1,DORA-USDT
2021-07-04 09:00:00,1625360400000,4.7600000000,4.7600000000,4.6800000000,4.6900000000,10719.8923410000,50487.2318732600,50487.2318732600,1,DORA-USDT
2021-07-04 10:00:00,1625364000000,4.6900000000,4.7300000000,4.6900000000,4.7100000000,1723.9046350000,8126.1082024200,8126.1082024200,1,DORA-USDT
2021-07-04 11:00:00,1625367600000,4.7000000000,4.7300000000,4.7000000000,4.7200000000,767.4756990000,3616.2200913800,3616.2200913800,1,DORA-USDT
2021-07-04 12:00:00,1625371200000,4.7200000000,4.7600000000,4.7200000000,4.7500000000,1081.6974530000,5120.3667958000,5120.3667958000,1,DORA-USDT
2021-07-04 13:00:00,1625374800000,4.7600000000,4.8200000000,4.7100000000,4.7600000000,20433.8895860000,97683.7114669300,97683.7114669300,1,DORA-USDT
2021-07-04 14:00:00,1625378400000,4.7600000000,4.7900000000,4.7500000000,4.7800000000,8854.1574420000,42322.4852723700,42322.4852723700,1,DORA-USDT
2021-07-04 15:00:00,1625382000000,4.7900000000,4.9100000000,4.7900000000,4.8800000000,26919.4516190000,130589.1432882200,130589.1432882200,1,DORA-USDT
2021-07-04 16:00:00,1625385600000,4.8700000000,4.8800000000,4.8600000000,4.8700000000,3102.2761890000,15107.9010694000,15107.9010694000,1,DORA-USDT
2021-07-04 17:00:00,1625389200000,4.8700000000,4.9000000000,4.8300000000,4.8400000000,4634.0127610000,22517.7143696300,22517.7143696300,1,DORA-USDT
2021-07-04 18:00:00,1625392800000,4.8400000000,4.9100000000,4.8300000000,4.9100000000,1782.4760980000,8665.9491746800,8665.9491746800,1,DORA-USDT
2021-07-04 19:00:00,1625396400000,4.9000000000,4.9400000000,4.8700000000,4.8800000000,3347.8287460000,16418.3857610000,16418.3857610000,1,DORA-USDT
2021-07-04 20:00:00,1625400000000,4.8800000000,4.8800000000,4.6800000000,4.7000000000,8453.7703740000,40279.8952480600,40279.8952480600,1,DORA-USDT
2021-07-04 21:00:00,1625403600000,4.6900000000,4.7100000000,4.6700000000,4.6900000000,3844.5537340000,18023.4353525700,18023.4353525700,1,DORA-USDT
2021-07-04 22:00:00,1625407200000,4.6900000000,4.7100000000,4.6900000000,4.7100000000,1835.2132130000,8628.6328187200,8628.6328187200,1,DORA-USDT
2021-07-04 23:00:00,1625410800000,4.7200000000,4.8000000000,4.6900000000,4.7700000000,9204.6078900000,43611.9996177000,43611.9996177000,1,DORA-USDT
2021-07-05 00:00:00,1625414400000,4.8000000000,4.8500000000,4.7500000000,4.7800000000,13188.7383590000,63438.3590905000,63438.3590905000,1,DORA-USDT
2021-07-05 01:00:00,1625418000000,4.7800000000,4.8100000000,4.7500000000,4.8100000000,11615.6071460000,55587.0554401200,55587.0554401200,1,DORA-USDT
2021-07-05 02:00:00,1625421600000,4.8100000000,4.8100000000,4.8000000000,4.8000000000,233.3720190000,1122.4164143900,1122.4164143900,1,DORA-USDT
2021-07-05 03:00:00,1625425200000,4.8100000000,4.8100000000,4.8000000000,4.8000000000,12.6224570000,60.5907936000,60.5907936000,1,DORA-USDT
2021-07-05 04:00:00,1625428800000,4.8000000000,4.8100000000,4.8000000000,4.8100000000,312.6491830000,1500.7211829800,1500.7211829800,1,DORA-USDT
2021-07-05 05:00:00,1625432400000,4.8000000000,4.8000000000,4.7400000000,4.7400000000,11520.3257490000,54942.0822532900,54942.0822532900,1,DORA-USDT
2021-07-05 06:00:00,1625436000000,4.7500000000,4.7600000000,4.4500000000,4.5100000000,31008.0346200000,141812.5437698900,141812.5437698900,1,DORA-USDT
2021-07-05 07:00:00,1625439600000,4.5100000000,4.5600000000,4.4100000000,4.4900000000,36550.4658580000,163791.7281327900,163791.7281327900,1,DORA-USDT
2021-07-05 08:00:00,1625443200000,4.4900000000,4.5200000000,4.4100000000,4.4600000000,29566.3151470000,132396.7457144300,132396.7457144300,1,DORA-USDT
2021-07-05 09:00:00,1625446800000,4.4700000000,4.4700000000,4.4100000000,4.4400000000,7491.5264090000,33262.8775051000,33262.8775051000,1,DORA-USDT
2021-07-05 10:00:00,1625450400000,4.4500000000,4.4800000000,4.4500000000,4.4700000000,2855.2359910000,12750.0779729100,12750.0779729100,1,DORA-USDT
2021-07-05 11:00:00,1625454000000,4.4600000000,4.5400000000,4.4600000000,4.5300000000,9851.8360200000,44522.8575141400,44522.8575141400,1,DORA-USDT
2021-07-05 12:00:00,1625457600000,4.5300000000,4.5900000000,4.5000000000,4.5800000000,5405.0213740000,24616.2860739000,24616.2860739000,1,DORA-USDT
2021-07-05 13:00:00,1625461200000,4.5800000000,4.6200000000,4.5400000000,4.6100000000,3836.9107480000,17499.0838202600,17499.0838202600,1,DORA-USDT
2021-07-05 14:00:00,1625464800000,4.6100000000,4.6400000000,4.6100000000,4.6300000000,4765.1199690000,22076.9986527400,22076.9986527400,1,DORA-USDT
2021-07-05 15:00:00,1625468400000,4.6300000000,4.6300000000,4.5700000000,4.5800000000,7672.4721800000,35215.9944393300,35215.9944393300,1,DORA-USDT
2021-07-05 16:00:00,1625472000000,4.5800000000,4.5800000000,4.4900000000,4.5500000000,8040.7342590000,36278.5039043100,36278.5039043100,1,DORA-USDT
2021-07-05 17:00:00,1625475600000,4.5600000000,4.6000000000,4.5600000000,4.6000000000,1360.4325810000,6229.4140226500,6229.4140226500,1,DORA-USDT
2021-07-05 18:00:00,1625479200000,4.6000000000,4.6000000000,4.5400000000,4.5500000000,6406.4564960000,29297.8092724200,29297.8092724200,1,DORA-USDT
2021-07-05 19:00:00,1625482800000,4.5500000000,4.5500000000,4.3600000000,4.3800000000,21717.5018180000,96000.3399748500,96000.3399748500,1,DORA-USDT
2021-07-05 20:00:00,1625486400000,4.3800000000,4.5200000000,4.3700000000,4.4400000000,10182.0267960000,45182.1677856100,45182.1677856100,1,DORA-USDT
2021-07-05 21:00:00,1625490000000,4.4400000000,4.6300000000,4.4400000000,4.5700000000,10055.2989750000,45789.9810882600,45789.9810882600,1,DORA-USDT
2021-07-05 22:00:00,1625493600000,4.5700000000,4.5900000000,4.5300000000,4.5300000000,4359.4432330000,19969.7877480200,19969.7877480200,1,DORA-USDT
2021-07-05 23:00:00,1625497200000,4.5300000000,4.7100000000,4.4200000000,4.5600000000,25033.0893140000,113120.8323936600,113120.8323936600,1,DORA-USDT
2021-07-06 00:00:00,1625500800000,4.5500000000,4.7100000000,4.5500000000,4.6800000000,14230.3859500000,66367.1241057600,66367.1241057600,1,DORA-USDT
2021-07-06 01:00:00,1625504400000,4.6800000000,4.6800000000,4.4300000000,4.5800000000,34287.7653220000,155937.2670729800,155937.2670729800,1,DORA-USDT
2021-07-06 02:00:00,1625508000000,4.5800000000,4.8600000000,4.5700000000,4.7900000000,58335.8758440000,278677.5951039100,278677.5951039100,1,DORA-USDT
2021-07-06 03:00:00,1625511600000,4.7900000000,4.8500000000,4.7600000000,4.7700000000,5048.2807850000,24267.1717704900,24267.1717704900,1,DORA-USDT
2021-07-06 04:00:00,1625515200000,4.7700000000,4.7700000000,4.6200000000,4.6700000000,14840.3585220000,69247.1043136000,69247.1043136000,1,DORA-USDT
2021-07-06 05:00:00,1625518800000,4.6700000000,4.7700000000,4.6700000000,4.7600000000,41151.7914970000,193723.1950787600,193723.1950787600,1,DORA-USDT
2021-07-06 06:00:00,1625522400000,4.7600000000,4.7800000000,4.7000000000,4.7400000000,13283.0547780000,62721.7885828200,62721.7885828200,1,DORA-USDT
2021-07-06 07:00:00,1625526000000,4.7400000000,4.7800000000,4.6800000000,4.6900000000,8543.1694570000,40379.8477738700,40379.8477738700,1,DORA-USDT
2021-07-06 08:00:00,1625529600000,4.6900000000,4.8900000000,4.6900000000,4.8500000000,35310.8687630000,169884.5018764700,169884.5018764700,1,DORA-USDT
2021-07-06 09:00:00,1625533200000,4.8400000000,4.8400000000,4.7700000000,4.7700000000,2786.2596680000,13383.2403139200,13383.2403139200,1,DORA-USDT
2021-07-06 10:00:00,1625536800000,4.7800000000,4.7900000000,4.7100000000,4.7100000000,1570.5882330000,7456.6633899600,7456.6633899600,1,DORA-USDT
2021-07-06 11:00:00,1625540400000,4.7200000000,4.7500000000,4.7100000000,4.7300000000,5022.4833120000,23819.1879745600,23819.1879745600,1,DORA-USDT
2021-07-06 12:00:00,1625544000000,4.7400000000,4.8700000000,4.7400000000,4.7900000000,20316.9130390000,97930.6095639300,97930.6095639300,1,DORA-USDT
2021-07-06 13:00:00,1625547600000,4.7900000000,4.8600000000,4.7700000000,4.8000000000,8359.1797510000,40205.7912005000,40205.7912005000,1,DORA-USDT
2021-07-06 14:00:00,1625551200000,4.7900000000,4.8200000000,4.7800000000,4.7800000000,1961.2077780000,9413.3078690500,9413.3078690500,1,DORA-USDT
2021-07-06 15:00:00,1625554800000,4.7800000000,4.8000000000,4.7700000000,4.7700000000,2919.8841580000,13968.5868709500,13968.5868709500,1,DORA-USDT
2021-07-06 16:00:00,1625558400000,4.7600000000,4.8600000000,4.7600000000,4.7600000000,6097.4727960000,29142.0485072500,29142.0485072500,1,DORA-USDT
2021-07-06 17:00:00,1625562000000,4.7600000000,4.7600000000,4.4400000000,4.5600000000,71603.2581780000,327873.7648471300,327873.7648471300,1,DORA-USDT
2021-07-06 18:00:00,1625565600000,4.5600000000,4.5800000000,4.5200000000,4.5600000000,19122.5566330000,87312.9303223700,87312.9303223700,1,DORA-USDT
2021-07-06 19:00:00,1625569200000,4.5600000000,4.7100000000,4.5200000000,4.6500000000,10306.7286920000,47671.0553271300,47671.0553271300,1,DORA-USDT
2021-07-06 20:00:00,1625572800000,4.6500000000,4.7800000000,4.5500000000,4.7200000000,48799.0091100000,227005.9582038200,227005.9582038200,1,DORA-USDT
2021-07-06 21:00:00,1625576400000,4.7100000000,4.7100000000,4.5700000000,4.5800000000,6944.2044940000,32136.2164690100,32136.2164690100,1,DORA-USDT
2021-07-06 22:00:00,1625580000000,4.5800000000,4.6200000000,4.5200000000,4.6100000000,12663.5746460000,58018.7475071800,58018.7475071800,1,DORA-USDT
2021-07-06 23:00:00,1625583600000,4.6100000000,4.6400000000,4.5300000000,4.5800000000,12277.1480880000,56238.7490448400,56238.7490448400,1,DORA-USDT
2021-07-07 00:00:00,1625587200000,4.5800000000,4.6000000000,4.5000000000,4.5700000000,10128.8140500000,46121.1439154900,46121.1439154900,1,DORA-USDT
2021-07-07 01:00:00,1625590800000,4.5700000000,4.6100000000,4.5100000000,4.5900000000,8656.5147760000,39347.5152949700,39347.5152949700,1,DORA-USDT
2021-07-07 02:00:00,1625594400000,4.5900000000,4.7400000000,4.5900000000,4.6200000000,25153.9157150000,117466.2642701300,117466.2642701300,1,DORA-USDT
2021-07-07 03:00:00,1625598000000,4.6300000000,4.7500000000,4.6200000000,4.6500000000,14630.6557030000,68152.8306476400,68152.8306476400,1,DORA-USDT
2021-07-07 04:00:00,1625601600000,4.6600000000,4.6700000000,4.6600000000,4.6600000000,261.1379160000,1217.2263676000,1217.2263676000,1,DORA-USDT
2021-07-07 05:00:00,1625605200000,4.6700000000,4.7000000000,4.5900000000,4.6800000000,6578.8089590000,30537.5175247100,30537.5175247100,1,DORA-USDT
2021-07-07 06:00:00,1625608800000,4.6800000000,4.7300000000,4.6600000000,4.6900000000,17002.7796620000,80077.1796164900,80077.1796164900,1,DORA-USDT
2021-07-07 07:00:00,1625612400000,4.6900000000,4.6900000000,4.6500000000,4.6600000000,1748.0855560000,8186.1140173200,8186.1140173200,1,DORA-USDT
2021-07-07 08:00:00,1625616000000,4.6500000000,4.6900000000,4.5700000000,4.6700000000,15120.9443250000,70290.3603221300,70290.3603221300,1,DORA-USDT
2021-07-07 09:00:00,1625619600000,4.6700000000,4.7300000000,4.6700000000,4.7100000000,17512.3086930000,82003.5939900400,82003.5939900400,1,DORA-USDT
2021-07-07 10:00:00,1625623200000,4.7100000000,4.7200000000,4.6800000000,4.6800000000,1463.2311150000,6874.5257172700,6874.5257172700,1,DORA-USDT
2021-07-07 11:00:00,1625626800000,4.6900000000,4.7200000000,4.6800000000,4.7000000000,4307.9804400000,20233.3314874600,20233.3314874600,1,DORA-USDT
2021-07-07 12:00:00,1625630400000,4.7000000000,4.7800000000,4.7000000000,4.7400000000,6093.0643610000,28907.3998741800,28907.3998741800,1,DORA-USDT
2021-07-07 13:00:00,1625634000000,4.7300000000,4.8200000000,4.7000000000,4.7600000000,5287.1105290000,25163.9117255100,25163.9117255100,1,DORA-USDT
2021-07-07 14:00:00,1625637600000,4.7600000000,4.7600000000,4.7400000000,4.7500000000,321.5298860000,1527.1686704700,1527.1686704700,1,DORA-USDT
2021-07-07 15:00:00,1625641200000,4.7400000000,4.7400000000,4.6300000000,4.6900000000,11741.9415850000,54943.9160322000,54943.9160322000,1,DORA-USDT
2021-07-07 16:00:00,1625644800000,4.6900000000,4.7100000000,4.6600000000,4.6800000000,3861.9552480000,18087.9948927100,18087.9948927100,1,DORA-USDT
2021-07-07 17:00:00,1625648400000,4.6700000000,4.7400000000,4.6700000000,4.6900000000,3599.3012620000,16958.0181536500,16958.0181536500,1,DORA-USDT
2021-07-07 18:00:00,1625652000000,4.6900000000,4.8100000000,4.6800000000,4.6900000000,35166.0682790000,166211.9134974800,166211.9134974800,1,DORA-USDT
2021-07-07 19:00:00,1625655600000,4.6800000000,4.8900000000,4.6600000000,4.8200000000,21387.2804760000,102246.4201505300,102246.4201505300,1,DORA-USDT
2021-07-07 20:00:00,1625659200000,4.8200000000,4.9300000000,4.8200000000,4.8700000000,16427.4519410000,80299.4466956400,80299.4466956400,1,DORA-USDT
2021-07-07 21:00:00,1625662800000,4.8800000000,4.9700000000,4.8700000000,4.9400000000,14823.5621100000,72843.7541687200,72843.7541687200,1,DORA-USDT
2021-07-07 22:00:00,1625666400000,4.9400000000,4.9600000000,4.8900000000,4.9100000000,7991.8408420000,39274.9472669700,39274.9472669700,1,DORA-USDT
2021-07-07 23:00:00,1625670000000,4.9000000000,4.9300000000,4.8900000000,4.9200000000,1467.3488820000,7205.1128485100,7205.1128485100,1,DORA-USDT
2021-07-08 00:00:00,1625673600000,4.9100000000,4.9900000000,4.8900000000,4.9700000000,5170.7000580000,25477.7939600800,25477.7939600800,1,DORA-USDT
2021-07-08 01:00:00,1625677200000,4.9700000000,5.1000000000,4.9500000000,5.0900000000,14105.2456490000,71297.4251701300,71297.4251701300,1,DORA-USDT
2021-07-08 02:00:00,1625680800000,5.0900000000,5.3300000000,5.0600000000,5.2600000000,44311.2763210000,232419.8600827400,232419.8600827400,1,DORA-USDT
2021-07-08 03:00:00,1625684400000,5.2600000000,5.6400000000,5.2500000000,5.5800000000,33105.3204590000,182166.2769919400,182166.2769919400,1,DORA-USDT
2021-07-08 04:00:00,1625688000000,5.5900000000,5.7100000000,5.5800000000,5.7100000000,13088.4271260000,74254.0572124300,74254.0572124300,1,DORA-USDT
2021-07-08 05:00:00,1625691600000,5.7000000000,5.8500000000,5.6800000000,5.6800000000,30062.4134850000,173394.6823665100,173394.6823665100,1,DORA-USDT
2021-07-08 06:00:00,1625695200000,5.6800000000,6.6900000000,5.5400000000,6.4400000000,107335.8343020000,653455.2080189300,653455.2080189300,1,DORA-USDT
2021-07-08 07:00:00,1625698800000,6.4300000000,6.8800000000,6.3900000000,6.5500000000,163784.9391150000,1089117.3382422400,1089117.3382422400,1,DORA-USDT
2021-07-08 08:00:00,1625702400000,6.5500000000,6.5600000000,5.9500000000,6.0800000000,92988.7560890000,574563.2445955700,574563.2445955700,1,DORA-USDT
2021-07-08 09:00:00,1625706000000,6.0600000000,6.1800000000,5.8500000000,5.9000000000,54807.4755990000,328275.2458053200,328275.2458053200,1,DORA-USDT
2021-07-08 10:00:00,1625709600000,5.9000000000,5.9700000000,5.8300000000,5.9500000000,18321.1708890000,108180.7768945200,108180.7768945200,1,DORA-USDT
2021-07-08 11:00:00,1625713200000,5.9500000000,6.0600000000,5.8900000000,6.0100000000,42719.1053790000,254895.7212338300,254895.7212338300,1,DORA-USDT
2021-07-08 12:00:00,1625716800000,6.0100000000,6.1900000000,6.0000000000,6.0900000000,31465.5242150000,191864.5943646100,191864.5943646100,1,DORA-USDT
2021-07-08 13:00:00,1625720400000,6.1000000000,6.1000000000,5.6900000000,5.7100000000,35136.3280680000,208675.5966912100,208675.5966912100,1,DORA-USDT
2021-07-08 14:00:00,1625724000000,5.7000000000,5.8900000000,5.6600000000,5.8500000000,54958.9188510000,319079.0789756700,319079.0789756700,1,DORA-USDT
2021-07-08 15:00:00,1625727600000,5.8400000000,5.9200000000,5.5700000000,5.6900000000,45399.1447910000,259311.3688926700,259311.3688926700,1,DORA-USDT
2021-07-08 16:00:00,1625731200000,5.6900000000,5.6900000000,5.4200000000,5.4800000000,48234.7656760000,267376.1010116500,267376.1010116500,1,DORA-USDT
2021-07-08 17:00:00,1625734800000,5.4900000000,5.4900000000,5.3900000000,5.3900000000,16565.6814900000,89798.6230280400,89798.6230280400,1,DORA-USDT
2021-07-08 18:00:00,1625738400000,5.3800000000,5.7400000000,5.3500000000,5.6400000000,82390.6901240000,460260.0125595200,460260.0125595200,1,DORA-USDT
2021-07-08 19:00:00,1625742000000,5.6400000000,5.7700000000,5.4100000000,5.6700000000,64969.0897560000,365137.0173272000,365137.0173272000,1,DORA-USDT
2021-07-08 20:00:00,1625745600000,5.6700000000,5.7600000000,5.6100000000,5.6800000000,50590.5856330000,287894.6556617000,287894.6556617000,1,DORA-USDT
2021-07-08 21:00:00,1625749200000,5.6800000000,6.0500000000,5.6400000000,6.0300000000,62617.0941940000,365819.8350446800,365819.8350446800,1,DORA-USDT
2021-07-08 22:00:00,1625752800000,6.0300000000,6.2600000000,5.8400000000,5.8700000000,93045.5951060000,563038.5457586900,563038.5457586900,1,DORA-USDT
2021-07-08 23:00:00,1625756400000,5.8600000000,5.9800000000,5.8000000000,5.8300000000,20276.4001210000,119201.3765792000,119201.3765792000,1,DORA-USDT
2021-07-09 00:00:00,1625760000000,5.8300000000,5.8300000000,5.5100000000,5.6100000000,61344.6672040000,344992.4374882600,344992.4374882600,1,DORA-USDT
2021-07-09 01:00:00,1625763600000,5.6200000000,5.6600000000,5.5600000000,5.5800000000,10688.4671370000,59809.3363586300,59809.3363586300,1,DORA-USDT
2021-07-09 02:00:00,1625767200000,5.5700000000,5.6400000000,5.5200000000,5.5200000000,6417.2177900000,35798.5011285300,35798.5011285300,1,DORA-USDT
2021-07-09 03:00:00,1625770800000,5.5100000000,5.5500000000,5.4400000000,5.5500000000,15432.2144850000,84922.0299325200,84922.0299325200,1,DORA-USDT
2021-07-09 04:00:00,1625774400000,5.5400000000,5.5400000000,5.5000000000,5.5000000000,1010.0334790000,5565.9153307400,5565.9153307400,1,DORA-USDT
2021-07-09 05:00:00,1625778000000,5.4900000000,5.6200000000,5.4500000000,5.5900000000,28070.0566210000,155199.2084666400,155199.2084666400,1,DORA-USDT
2021-07-09 06:00:00,1625781600000,5.5800000000,5.5800000000,5.4600000000,5.5100000000,12658.4556300000,69673.8053419000,69673.8053419000,1,DORA-USDT
2021-07-09 07:00:00,1625785200000,5.5100000000,5.7100000000,5.5100000000,5.6900000000,16806.3900750000,94291.8670187300,94291.8670187300,1,DORA-USDT
2021-07-09 08:00:00,1625788800000,5.6900000000,6.1000000000,5.6600000000,6.0600000000,66193.3269990000,389730.9709315400,389730.9709315400,1,DORA-USDT
2021-07-09 09:00:00,1625792400000,6.0600000000,6.1000000000,5.6700000000,5.7600000000,52694.1035490000,309590.3598621900,309590.3598621900,1,DORA-USDT
2021-07-09 10:00:00,1625796000000,5.7700000000,5.9000000000,5.7000000000,5.8200000000,18530.3174220000,107220.1186653500,107220.1186653500,1,DORA-USDT
2021-07-09 11:00:00,1625799600000,5.8200000000,5.8700000000,5.7500000000,5.8000000000,3528.0437130000,20614.2217396700,20614.2217396700,1,DORA-USDT
2021-07-09 12:00:00,1625803200000,5.8100000000,5.8200000000,5.7200000000,5.7300000000,4967.9935270000,28623.9395183900,28623.9395183900,1,DORA-USDT
2021-07-09 13:00:00,1625806800000,5.7200000000,5.8100000000,5.6600000000,5.7300000000,23237.7384350000,132973.2039401900,132973.2039401900,1,DORA-USDT
2021-07-09 14:00:00,1625810400000,5.7300000000,6.2400000000,5.7100000000,6.1300000000,50649.7107700000,305588.7195924100,305588.7195924100,1,DORA-USDT
2021-07-09 15:00:00,1625814000000,6.1300000000,6.2500000000,6.0300000000,6.2400000000,22019.5178060000,135424.0998982100,135424.0998982100,1,DORA-USDT
2021-07-09 16:00:00,1625817600000,6.2400000000,6.2600000000,5.9300000000,6.0500000000,37947.8137570000,230886.3888572200,230886.3888572200,1,DORA-USDT
2021-07-09 17:00:00,1625821200000,6.0500000000,6.0600000000,5.9300000000,5.9900000000,4468.9828330000,26833.5678729400,26833.5678729400,1,DORA-USDT
2021-07-09 18:00:00,1625824800000,6.0000000000,6.0400000000,5.9200000000,6.0400000000,11456.8842590000,68391.3038956300,68391.3038956300,1,DORA-USDT
2021-07-09 19:00:00,1625828400000,6.0400000000,6.1500000000,6.0400000000,6.1200000000,13252.5268550000,80954.9346659200,80954.9346659200,1,DORA-USDT
2021-07-09 20:00:00,1625832000000,6.1300000000,6.8000000000,6.1200000000,6.5200000000,54537.4600230000,350485.6171844200,350485.6171844200,1,DORA-USDT
2021-07-09 21:00:00,1625835600000,6.5200000000,6.5800000000,6.3000000000,6.4300000000,38826.0858090000,250247.1917406300,250247.1917406300,1,DORA-USDT
2021-07-09 22:00:00,1625839200000,6.4300000000,6.5300000000,6.4000000000,6.4200000000,18947.3390890000,122391.6687260800,122391.6687260800,1,DORA-USDT
2021-07-09 23:00:00,1625842800000,6.4100000000,6.5300000000,6.3600000000,6.5100000000,20771.6952450000,134039.9961300000,134039.9961300000,1,DORA-USDT
2021-07-10 00:00:00,1625846400000,6.5100000000,6.5200000000,6.3400000000,6.3400000000,21090.3271820000,135580.6746278900,135580.6746278900,1,DORA-USDT
2021-07-10 01:00:00,1625850000000,6.3500000000,6.3800000000,6.3200000000,6.3400000000,7356.3652060000,46749.1950361000,46749.1950361000,1,DORA-USDT
2021-07-10 02:00:00,1625853600000,6.3500000000,6.4000000000,6.3500000000,6.3900000000,2966.3966730000,18953.1617874800,18953.1617874800,1,DORA-USDT
2021-07-10 03:00:00,1625857200000,6.3900000000,6.4400000000,6.3900000000,6.4400000000,1196.2032850000,7680.9473760900,7680.9473760900,1,DORA-USDT
2021-07-10 04:00:00,1625860800000,6.4400000000,6.4500000000,6.4300000000,6.4500000000,4809.5790460000,30989.2168665400,30989.2168665400,1,DORA-USDT
2021-07-10 05:00:00,1625864400000,6.4500000000,6.5800000000,6.4500000000,6.5300000000,23262.2163820000,151360.7189708100,151360.7189708100,1,DORA-USDT
2021-07-10 06:00:00,1625868000000,6.5300000000,6.8000000000,6.5300000000,6.6500000000,13631.4837420000,90434.7926699700,90434.7926699700,1,DORA-USDT
2021-07-10 07:00:00,1625871600000,6.6500000000,7.1500000000,6.6400000000,7.1100000000,39374.3341890000,272903.6846658300,272903.6846658300,1,DORA-USDT
2021-07-10 08:00:00,1625875200000,7.1100000000,7.4300000000,7.0200000000,7.2600000000,51815.0274670000,375240.8817513300,375240.8817513300,1,DORA-USDT
2021-07-10 09:00:00,1625878800000,7.2600000000,7.6000000000,7.0600000000,7.0900000000,61829.2888490000,449816.8212033900,449816.8212033900,1,DORA-USDT
2021-07-10 10:00:00,1625882400000,7.0900000000,7.2800000000,7.0500000000,7.0700000000,40234.8066670000,287928.7645939400,287928.7645939400,1,DORA-USDT
2021-07-10 11:00:00,1625886000000,7.0700000000,7.1800000000,7.0100000000,7.1500000000,28283.5894020000,200763.4268270200,200763.4268270200,1,DORA-USDT
2021-07-10 12:00:00,1625889600000,7.1500000000,7.1800000000,7.0100000000,7.0300000000,13057.8375540000,92518.0954730200,92518.0954730200,1,DORA-USDT
2021-07-10 13:00:00,1625893200000,7.0300000000,7.0300000000,6.9100000000,6.9400000000,18180.2465520000,126586.4422026000,126586.4422026000,1,DORA-USDT
2021-07-10 14:00:00,1625896800000,6.9400000000,7.0100000000,6.9200000000,6.9300000000,7640.1322580000,53226.0608880700,53226.0608880700,1,DORA-USDT
2021-07-10 15:00:00,1625900400000,6.9200000000,7.0000000000,6.9200000000,6.9900000000,6893.4486960000,48119.0386779000,48119.0386779000,1,DORA-USDT
2021-07-10 16:00:00,1625904000000,6.9900000000,7.1000000000,6.9400000000,6.9600000000,6491.8776910000,45631.5901491900,45631.5901491900,1,DORA-USDT
2021-07-10 17:00:00,1625907600000,6.9600000000,7.1900000000,6.8800000000,7.1100000000,31145.1796170000,219872.0648616200,219872.0648616200,1,DORA-USDT
2021-07-10 18:00:00,1625911200000,7.1100000000,7.2200000000,7.0400000000,7.0700000000,21335.8425830000,151659.9092432800,151659.9092432800,1,DORA-USDT
2021-07-10 19:00:00,1625914800000,7.0800000000,7.2200000000,6.4500000000,6.4600000000,62234.5190260000,418959.8979224400,418959.8979224400,1,DORA-USDT
2021-07-10 20:00:00,1625918400000,6.4600000000,6.6000000000,6.4200000000,6.4900000000,25864.6729120000,168055.1297621900,168055.1297621900,1,DORA-USDT
2021-07-10 21:00:00,1625922000000,6.4900000000,6.4900000000,6.1500000000,6.2200000000,17642.0424230000,110564.0673350600,110564.0673350600,1,DORA-USDT
2021-07-10 22:00:00,1625925600000,6.2200000000,6.3600000000,6.2000000000,6.3100000000,9057.5376540000,56999.2488645800,56999.2488645800,1,DORA-USDT
2021-07-10 23:00:00,1625929200000,6.3100000000,6.4200000000,6.3100000000,6.4000000000,4155.0102030000,26536.7716923200,26536.7716923200,1,DORA-USDT
2021-07-11 00:00:00,1625932800000,6.4000000000,6.4800000000,6.3400000000,6.4700000000,19599.8070590000,125956.1928430300,125956.1928430300,1,DORA-USDT
2021-07-11 01:00:00,1625936400000,6.4800000000,6.5100000000,6.3700000000,6.3700000000,12464.1792860000,80231.8999723200,80231.8999723200,1,DORA-USDT
2021-07-11 02:00:00,1625940000000,6.3800000000,6.4200000000,6.3400000000,6.4200000000,5875.5562140000,37463.3392372800,37463.3392372800,1,DORA-USDT
2021-07-11 03:00:00,1625943600000,6.4300000000,6.4600000000,6.4200000000,6.4200000000,2001.2156040000,12880.8157339600,12880.8157339600,1,DORA-USDT
2021-07-11 04:00:00,1625947200000,6.4100000000,6.4100000000,6.3700000000,6.3700000000,5581.6740310000,35616.9132494000,35616.9132494000,1,DORA-USDT
2021-07-11 05:00:00,1625950800000,6.3700000000,6.3900000000,6.3700000000,6.3800000000,1672.2010880000,10677.1167613300,10677.1167613300,1,DORA-USDT
2021-07-11 06:00:00,1625954400000,6.3800000000,6.3800000000,6.2700000000,6.2700000000,9140.4566710000,57778.4609443000,57778.4609443000,1,DORA-USDT
2021-07-11 07:00:00,1625958000000,6.2700000000,6.2800000000,6.0500000000,6.0700000000,39707.1814120000,244151.6032310400,244151.6032310400,1,DORA-USDT
2021-07-11 08:00:00,1625961600000,6.0600000000,6.0900000000,6.0500000000,6.0900000000,5837.9885120000,35424.4483120700,35424.4483120700,1,DORA-USDT
2021-07-11 09:00:00,1625965200000,6.0800000000,6.0900000000,5.9100000000,5.9700000000,9608.7254310000,57669.3965141200,57669.3965141200,1,DORA-USDT
2021-07-11 10:00:00,1625968800000,5.9600000000,5.9900000000,5.9000000000,5.9400000000,12326.7474610000,73080.1010712200,73080.1010712200,1,DORA-USDT
2021-07-11 11:00:00,1625972400000,5.9300000000,5.9800000000,5.9100000000,5.9600000000,5335.3659950000,31739.3987042200,31739.3987042200,1,DORA-USDT
2021-07-11 12:00:00,1625976000000,5.9600000000,5.9600000000,5.9000000000,5.9300000000,4695.5105960000,27809.2231738500,27809.2231738500,1,DORA-USDT
2021-07-11 13:00:00,1625979600000,5.9400000000,6.0200000000,5.9400000000,6.0200000000,1612.6797860000,9615.8410394900,9615.8410394900,1,DORA-USDT
2021-07-11 14:00:00,1625983200000,6.0200000000,6.0200000000,6.0000000000,6.0100000000,1784.7652950000,10728.5002832300,10728.5002832300,1,DORA-USDT
2021-07-11 15:00:00,1625986800000,6.0100000000,6.0900000000,6.0100000000,6.0900000000,3067.1691700000,18521.5847684900,18521.5847684900,1,DORA-USDT
2021-07-11 16:00:00,1625990400000,6.0900000000,6.1300000000,6.0800000000,6.1200000000,8435.2266800000,51549.6567590000,51549.6567590000,1,DORA-USDT
2021-07-11 17:00:00,1625994000000,6.1200000000,6.1400000000,6.0100000000,6.0100000000,18527.4239930000,112453.8761706900,112453.8761706900,1,DORA-USDT
2021-07-11 18:00:00,1625997600000,6.0000000000,6.0700000000,5.9700000000,6.0700000000,4666.2427050000,28125.6792202400,28125.6792202400,1,DORA-USDT
2021-07-11 19:00:00,1626001200000,6.0700000000,6.0900000000,6.0700000000,6.0800000000,1339.6007920000,8134.5227033000,8134.5227033000,1,DORA-USDT
2021-07-11 20:00:00,1626004800000,6.0800000000,6.0800000000,5.9300000000,5.9300000000,10160.0079630000,60776.8828446300,60776.8828446300,1,DORA-USDT
2021-07-11 21:00:00,1626008400000,5.9500000000,6.0600000000,5.9400000000,6.0500000000,3165.0289730000,18931.0224797200,18931.0224797200,1,DORA-USDT
2021-07-11 22:00:00,1626012000000,6.0500000000,6.0500000000,6.0200000000,6.0200000000,5439.6422470000,32805.4389001200,32805.4389001200,1,DORA-USDT
2021-07-11 23:00:00,1626015600000,6.0200000000,6.0600000000,6.0200000000,6.0500000000,1811.9263410000,10953.3803381200,10953.3803381200,1,DORA-USDT
2021-07-12 00:00:00,1626019200000,6.0400000000,6.2500000000,6.0300000000,6.2500000000,17112.4025580000,104317.4104055300,104317.4104055300,1,DORA-USDT
2021-07-12 01:00:00,1626022800000,6.2500000000,6.3400000000,6.1900000000,6.3300000000,21506.1858720000,134460.5177436700,134460.5177436700,1,DORA-USDT
2021-07-12 02:00:00,1626026400000,6.3400000000,6.3400000000,6.3000000000,6.3100000000,798.6061220000,5052.7039301000,5052.7039301000,1,DORA-USDT
2021-07-12 03:00:00,1626030000000,6.3100000000,6.3700000000,6.2700000000,6.2900000000,2193.6059170000,13873.3201733800,13873.3201733800,1,DORA-USDT
2021-07-12 04:00:00,1626033600000,6.2900000000,6.3300000000,6.2900000000,6.3000000000,3787.5073970000,23866.4818340500,23866.4818340500,1,DORA-USDT
2021-07-12 05:00:00,1626037200000,6.3000000000,6.5800000000,6.3000000000,6.5800000000,25105.5398620000,161289.5930335200,161289.5930335200,1,DORA-USDT
2021-07-12 06:00:00,1626040800000,6.5700000000,6.6000000000,6.5100000000,6.5600000000,9602.6288500000,62999.7535021500,62999.7535021500,1,DORA-USDT
2021-07-12 07:00:00,1626044400000,6.5700000000,6.6000000000,6.5400000000,6.5600000000,3354.4036810000,22061.5464380800,22061.5464380800,1,DORA-USDT
2021-07-12 08:00:00,1626048000000,6.5600000000,6.5600000000,6.2400000000,6.3000000000,14091.3541320000,89628.5852235900,89628.5852235900,1,DORA-USDT
2021-07-12 09:00:00,1626051600000,6.2900000000,6.3200000000,6.1700000000,6.2700000000,10049.6543320000,62860.9840064300,62860.9840064300,1,DORA-USDT
2021-07-12 10:00:00,1626055200000,6.2700000000,6.3100000000,6.1900000000,6.2800000000,18744.9013190000,117335.2434228500,117335.2434228500,1,DORA-USDT
2021-07-12 11:00:00,1626058800000,6.2800000000,6.3800000000,6.2700000000,6.3000000000,8314.3835920000,52405.1306172400,52405.1306172400,1,DORA-USDT
2021-07-12 12:00:00,1626062400000,6.3000000000,6.3500000000,6.2300000000,6.2700000000,12823.3425080000,80511.0024920300,80511.0024920300,1,DORA-USDT
2021-07-12 13:00:00,1626066000000,6.2700000000,6.2700000000,6.2200000000,6.2300000000,2071.3297520000,12958.9375184000,12958.9375184000,1,DORA-USDT
2021-07-12 14:00:00,1626069600000,6.2200000000,6.3100000000,6.2200000000,6.2900000000,2172.4804540000,13562.2063741100,13562.2063741100,1,DORA-USDT
2021-07-12 15:00:00,1626073200000,6.2900000000,6.4200000000,6.2900000000,6.3600000000,7092.1776140000,45030.0836836600,45030.0836836600,1,DORA-USDT
2021-07-12 16:00:00,1626076800000,6.3700000000,6.4600000000,6.3600000000,6.3700000000,9252.8743170000,59114.0127336500,59114.0127336500,1,DORA-USDT
2021-07-12 17:00:00,1626080400000,6.3700000000,6.3800000000,6.2600000000,6.2800000000,12196.6157290000,76949.4592110500,76949.4592110500,1,DORA-USDT
2021-07-12 18:00:00,1626084000000,6.2500000000,6.3000000000,6.2200000000,6.2900000000,12513.8313680000,78366.8782230300,78366.8782230300,1,DORA-USDT
2021-07-12 19:00:00,1626087600000,6.2900000000,6.3000000000,5.9000000000,5.9100000000,41663.2369190000,252292.1894991900,252292.1894991900,1,DORA-USDT
2021-07-12 20:00:00,1626091200000,5.9000000000,5.9400000000,5.6800000000,5.9300000000,32144.5805680000,185745.1618874900,185745.1618874900,1,DORA-USDT
2021-07-12 21:00:00,1626094800000,5.9600000000,6.0200000000,5.8700000000,5.9400000000,12395.2516390000,73888.0220429400,73888.0220429400,1,DORA-USDT
2021-07-12 22:00:00,1626098400000,5.9500000000,5.9600000000,5.8800000000,5.9500000000,7158.8247490000,42423.1020821600,42423.1020821600,1,DORA-USDT
2021-07-12 23:00:00,1626102000000,5.9600000000,5.9900000000,5.8400000000,5.8400000000,9561.5424620000,56656.1671483500,56656.1671483500,1,DORA-USDT
2021-07-13 00:00:00,1626105600000,5.8400000000,5.8400000000,5.6000000000,5.6500000000,52349.5551340000,297632.3291380200,297632.3291380200,1,DORA-USDT
2021-07-13 01:00:00,1626109200000,5.6500000000,5.7200000000,5.5600000000,5.6200000000,21457.8871780000,121471.4431877900,121471.4431877900,1,DORA-USDT
2021-07-13 02:00:00,1626112800000,5.6200000000,5.6900000000,5.6000000000,5.6000000000,5973.4663110000,33733.6526899500,33733.6526899500,1,DORA-USDT
2021-07-13 03:00:00,1626116400000,5.6100000000,5.7500000000,5.6000000000,5.6000000000,17670.0904920000,100631.0688094400,100631.0688094400,1,DORA-USDT
2021-07-13 04:00:00,1626120000000,5.6000000000,5.6600000000,5.6000000000,5.6600000000,2036.4721900000,11496.9182079200,11496.9182079200,1,DORA-USDT
2021-07-13 05:00:00,1626123600000,5.6600000000,5.7300000000,5.6500000000,5.7300000000,11120.8245070000,63396.0120659800,63396.0120659800,1,DORA-USDT
2021-07-13 06:00:00,1626127200000,5.7400000000,5.7400000000,5.6300000000,5.6500000000,9401.6466490000,53381.5439196000,53381.5439196000,1,DORA-USDT
2021-07-13 07:00:00,1626130800000,5.6600000000,5.9300000000,5.6600000000,5.8500000000,29839.0478450000,173939.3627202700,173939.3627202700,1,DORA-USDT
2021-07-13 08:00:00,1626134400000,5.8600000000,5.8600000000,5.7500000000,5.8000000000,15341.6097680000,88960.2469625900,88960.2469625900,1,DORA-USDT
2021-07-13 09:00:00,1626138000000,5.8000000000,5.8200000000,5.7100000000,5.8100000000,7561.5562610000,43569.5915492200,43569.5915492200,1,DORA-USDT
2021-07-13 10:00:00,1626141600000,5.8200000000,5.8800000000,5.8000000000,5.8800000000,10112.9603390000,59021.6211550500,59021.6211550500,1,DORA-USDT
2021-07-13 11:00:00,1626145200000,5.8800000000,5.9800000000,5.8800000000,5.8900000000,6238.9288780000,36913.3359698000,36913.3359698000,1,DORA-USDT
2021-07-13 12:00:00,1626148800000,5.8900000000,5.9800000000,5.8800000000,5.8900000000,13560.5781980000,80265.4089452300,80265.4089452300,1,DORA-USDT
2021-07-13 13:00:00,1626152400000,5.8800000000,5.8800000000,5.6400000000,5.7000000000,42408.4330780000,243531.4075691300,243531.4075691300,1,DORA-USDT
2021-07-13 14:00:00,1626156000000,5.7100000000,5.8700000000,5.7100000000,5.8100000000,28335.0243700000,164959.0270837700,164959.0270837700,1,DORA-USDT
2021-07-13 15:00:00,1626159600000,5.8100000000,5.9200000000,5.6300000000,5.7200000000,45799.9198990000,263961.8490416700,263961.8490416700,1,DORA-USDT
2021-07-13 16:00:00,1626163200000,5.7200000000,5.8100000000,5.7100000000,5.7500000000,20262.2753590000,116877.6745078700,116877.6745078700,1,DORA-USDT
2021-07-13 17:00:00,1626166800000,5.7500000000,5.7900000000,5.7300000000,5.7400000000,15455.3235780000,89046.7117003600,89046.7117003600,1,DORA-USDT
2021-07-13 18:00:00,1626170400000,5.7400000000,5.7400000000,5.5900000000,5.6500000000,26310.1484530000,148899.2372115200,148899.2372115200,1,DORA-USDT
2021-07-13 19:00:00,1626174000000,5.6500000000,5.6600000000,5.3700000000,5.4500000000,45135.0629960000,247671.7004360500,247671.7004360500,1,DORA-USDT
2021-07-13 20:00:00,1626177600000,5.4500000000,5.4600000000,5.3500000000,5.3600000000,10621.9463080000,57378.3619815900,57378.3619815900,1,DORA-USDT
2021-07-13 21:00:00,1626181200000,5.3600000000,5.5000000000,5.3600000000,5.4500000000,19094.3332710000,103671.8308397000,103671.8308397000,1,DORA-USDT
2021-07-13 22:00:00,1626184800000,5.4600000000,5.4600000000,5.3500000000,5.3700000000,9430.2423460000,50773.4771694500,50773.4771694500,1,DORA-USDT
2021-07-13 23:00:00,1626188400000,5.3700000000,5.5400000000,5.3600000000,5.5200000000,30977.8329870000,169674.0932555900,169674.0932555900,1,DORA-USDT
2021-07-14 00:00:00,1626192000000,5.5100000000,5.6900000000,5.4900000000,5.6400000000,16094.5514380000,90303.4957097200,90303.4957097200,1,DORA-USDT
2021-07-14 01:00:00,1626195600000,5.6300000000,5.6600000000,5.5300000000,5.5400000000,12210.1022640000,68207.7286366500,68207.7286366500,1,DORA-USDT
2021-07-14 02:00:00,1626199200000,5.5500000000,5.6400000000,5.5500000000,5.6300000000,10720.7238750000,59847.4354766300,59847.4354766300,1,DORA-USDT
2021-07-14 03:00:00,1626202800000,5.6300000000,5.6700000000,5.6200000000,5.6500000000,13743.0797180000,77682.3120097300,77682.3120097300,1,DORA-USDT
2021-07-14 04:00:00,1626206400000,5.6600000000,5.6700000000,5.6000000000,5.6200000000,3286.2641450000,18545.1714050400,18545.1714050400,1,DORA-USDT
2021-07-14 05:00:00,1626210000000,5.6200000000,5.6800000000,5.6200000000,5.6400000000,9169.8738690000,51842.7422649900,51842.7422649900,1,DORA-USDT
2021-07-14 06:00:00,1626213600000,5.6600000000,5.6700000000,5.5300000000,5.5700000000,3499.2302330000,19635.0725333200,19635.0725333200,1,DORA-USDT
2021-07-14 07:00:00,1626217200000,5.5700000000,5.6300000000,5.4700000000,5.5200000000,12643.3875810000,69677.3376425300,69677.3376425300,1,DORA-USDT
2021-07-14 08:00:00,1626220800000,5.5300000000,5.5300000000,5.3500000000,5.3500000000,3211.0184290000,17465.5039135500,17465.5039135500,1,DORA-USDT
2021-07-14 09:00:00,1626224400000,5.3600000000,5.3800000000,5.2700000000,5.3500000000,7321.5990450000,38953.1268420300,38953.1268420300,1,DORA-USDT
2021-07-14 10:00:00,1626228000000,5.3500000000,5.4000000000,5.2900000000,5.3100000000,4368.7745400000,23336.5905505700,23336.5905505700,1,DORA-USDT
2021-07-14 11:00:00,1626231600000,5.3200000000,5.3600000000,5.2900000000,5.3000000000,3961.1814630000,21060.1369180000,21060.1369180000,1,DORA-USDT
2021-07-14 12:00:00,1626235200000,5.3000000000,5.9500000000,5.3000000000,5.7100000000,35736.7981060000,203432.9170107600,203432.9170107600,1,DORA-USDT
2021-07-14 13:00:00,1626238800000,5.7200000000,5.8000000000,5.4700000000,5.5200000000,23713.0843600000,132854.6609867100,132854.6609867100,1,DORA-USDT
2021-07-14 14:00:00,1626242400000,5.5000000000,5.6800000000,5.5000000000,5.6000000000,8718.2517210000,48945.3475618600,48945.3475618600,1,DORA-USDT
2021-07-14 15:00:00,1626246000000,5.6000000000,5.8200000000,5.5900000000,5.6600000000,22181.1155230000,126359.5548886600,126359.5548886600,1,DORA-USDT
2021-07-14 16:00:00,1626249600000,5.6500000000,5.6600000000,5.5700000000,5.6600000000,3199.3196180000,17993.9366461500,17993.9366461500,1,DORA-USDT
2021-07-14 17:00:00,1626253200000,5.6600000000,5.6900000000,5.5400000000,5.5600000000,7461.0372800000,41843.2318340000,41843.2318340000,1,DORA-USDT
2021-07-14 18:00:00,1626256800000,5.5600000000,5.7300000000,5.5600000000,5.6600000000,5176.5085340000,29206.2797929500,29206.2797929500,1,DORA-USDT
2021-07-14 19:00:00,1626260400000,5.6600000000,5.7400000000,5.6500000000,5.6700000000,1255.1722310000,7147.3165516600,7147.3165516600,1,DORA-USDT
2021-07-14 20:00:00,1626264000000,5.6800000000,5.7800000000,5.5600000000,5.5700000000,4616.6274810000,26198.4712006700,26198.4712006700,1,DORA-USDT
2021-07-14 21:00:00,1626267600000,5.5700000000,5.6000000000,5.5000000000,5.5500000000,6028.2629260000,33419.2357907900,33419.2357907900,1,DORA-USDT
2021-07-14 22:00:00,1626271200000,5.5600000000,6.2800000000,5.5500000000,6.2400000000,28954.6088920000,169495.8063578200,169495.8063578200,1,DORA-USDT
2021-07-14 23:00:00,1626274800000,6.2500000000,6.4600000000,5.9200000000,5.9300000000,43810.9587890000,270869.0281590200,270869.0281590200,1,DORA-USDT
2021-07-15 00:00:00,1626278400000,5.9300000000,5.9800000000,5.8600000000,5.9300000000,2825.9190160000,16681.6663217000,16681.6663217000,1,DORA-USDT
2021-07-15 01:00:00,1626282000000,5.9300000000,5.9300000000,5.8300000000,5.8600000000,848.8321660000,4975.6033451300,4975.6033451300,1,DORA-USDT
2021-07-15 02:00:00,1626285600000,5.8500000000,5.9000000000,5.7600000000,5.7700000000,5778.3406260000,33789.4689495600,33789.4689495600,1,DORA-USDT
2021-07-15 03:00:00,1626289200000,5.7700000000,5.8000000000,5.7700000000,5.7900000000,993.8238340000,5751.3210987500,5751.3210987500,1,DORA-USDT
2021-07-15 04:00:00,1626292800000,5.7800000000,5.8900000000,5.7800000000,5.7800000000,1402.0412510000,8138.2082944900,8138.2082944900,1,DORA-USDT
2021-07-15 05:00:00,1626296400000,5.7900000000,5.8000000000,5.7900000000,5.8000000000,3537.6516450000,20499.9091705000,20499.9091705000,1,DORA-USDT
2021-07-15 06:00:00,1626300000000,5.7900000000,5.8200000000,5.7700000000,5.7900000000,556.0353860000,3222.2834733300,3222.2834733300,1,DORA-USDT
2021-07-15 07:00:00,1626303600000,5.7900000000,5.8000000000,5.6600000000,5.6700000000,2991.1425460000,17099.3285970100,17099.3285970100,1,DORA-USDT
2021-07-15 08:00:00,1626307200000,5.6700000000,5.6700000000,5.5800000000,5.6100000000,8169.3214010000,45774.7751443700,45774.7751443700,1,DORA-USDT
2021-07-15 09:00:00,1626310800000,5.6200000000,5.7200000000,5.5500000000,5.5800000000,13511.3982900000,76263.9355867600,76263.9355867600,1,DORA-USDT
2021-07-15 10:00:00,1626314400000,5.5500000000,5.6300000000,5.5100000000,5.5600000000,8426.0310190000,47004.2072648800,47004.2072648800,1,DORA-USDT
2021-07-15 11:00:00,1626318000000,5.5700000000,6.0300000000,5.5700000000,5.7300000000,19841.1184980000,114404.1147499100,114404.1147499100,1,DORA-USDT
2021-07-15 12:00:00,1626321600000,5.7200000000,5.9100000000,5.6300000000,5.7700000000,13868.4074290000,80454.5101751800,80454.5101751800,1,DORA-USDT
2021-07-15 13:00:00,1626325200000,5.7600000000,5.7800000000,5.7300000000,5.7500000000,3305.1683280000,19032.4115268500,19032.4115268500,1,DORA-USDT
2021-07-15 14:00:00,1626328800000,5.7600000000,5.7600000000,5.7500000000,5.7500000000,183.5115030000,1055.1922259400,1055.1922259400,1,DORA-USDT
2021-07-15 15:00:00,1626332400000,5.7500000000,5.8100000000,5.7300000000,5.7400000000,2268.7957070000,13095.4817536700,13095.4817536700,1,DORA-USDT
2021-07-15 16:00:00,1626336000000,5.7400000000,5.7700000000,5.7300000000,5.7600000000,3162.7642010000,18223.8166177100,18223.8166177100,1,DORA-USDT
2021-07-15 17:00:00,1626339600000,5.7600000000,5.8100000000,5.7500000000,5.7700000000,1933.8952650000,11171.9947051400,11171.9947051400,1,DORA-USDT
2021-07-15 18:00:00,1626343200000,5.7600000000,5.7600000000,5.5300000000,5.5700000000,8653.1688840000,48856.7484728100,48856.7484728100,1,DORA-USDT
2021-07-15 19:00:00,1626346800000,5.5700000000,5.6800000000,5.5600000000,5.6400000000,5361.9851050000,30158.2787119500,30158.2787119500,1,DORA-USDT
2021-07-15 20:00:00,1626350400000,5.6400000000,5.6700000000,5.5600000000,5.5900000000,2820.6907450000,15804.4635075500,15804.4635075500,1,DORA-USDT
2021-07-15 21:00:00,1626354000000,5.5800000000,5.5800000000,5.5100000000,5.5500000000,3464.7364300000,19217.9254236400,19217.9254236400,1,DORA-USDT
2021-07-15 22:00:00,1626357600000,5.5500000000,5.5900000000,5.5000000000,5.5100000000,9304.7251840000,51536.5611675500,51536.5611675500,1,DORA-USDT
2021-07-15 23:00:00,1626361200000,5.5200000000,5.5800000000,5.5000000000,5.5500000000,7761.2544930000,42913.0415892300,42913.0415892300,1,DORA-USDT
2021-07-16 00:00:00,1626364800000,5.5500000000,5.6100000000,5.4600000000,5.4900000000,5702.8650450000,31628.0515512800,31628.0515512800,1,DORA-USDT
2021-07-16 01:00:00,1626368400000,5.4800000000,5.5100000000,5.3600000000,5.3700000000,8651.7319120000,46800.9583044800,46800.9583044800,1,DORA-USDT
2021-07-16 02:00:00,1626372000000,5.3700000000,5.3800000000,5.3700000000,5.3800000000,277.6517680000,1493.3904918400,1493.3904918400,1,DORA-USDT
2021-07-16 03:00:00,1626375600000,5.3900000000,5.5500000000,5.3900000000,5.5300000000,5313.5185480000,29220.4357650400,29220.4357650400,1,DORA-USDT
2021-07-16 04:00:00,1626379200000,5.5300000000,5.5300000000,5.5300000000,5.5300000000,467.3754620000,2584.5863048600,2584.5863048600,1,DORA-USDT
2021-07-16 05:00:00,1626382800000,5.5300000000,5.5400000000,5.5300000000,5.5300000000,723.7238090000,4009.3625918600,4009.3625918600,1,DORA-USDT
2021-07-16 06:00:00,1626386400000,5.5300000000,5.5600000000,5.5100000000,5.5400000000,4879.8241700000,26973.4811768600,26973.4811768600,1,DORA-USDT
2021-07-16 07:00:00,1626390000000,5.5500000000,5.5800000000,5.5100000000,5.5100000000,6295.1975960000,34917.9375011700,34917.9375011700,1,DORA-USDT
2021-07-16 08:00:00,1626393600000,5.5200000000,5.6100000000,5.3900000000,5.3900000000,39493.5579070000,216402.1480383000,216402.1480383000,1,DORA-USDT
2021-07-16 09:00:00,1626397200000,5.3900000000,5.4500000000,5.3600000000,5.3800000000,17657.9442440000,95352.2841744600,95352.2841744600,1,DORA-USDT
2021-07-16 10:00:00,1626400800000,5.3800000000,5.5000000000,5.3600000000,5.4800000000,29343.1714000000,159985.5399365100,159985.5399365100,1,DORA-USDT
2021-07-16 11:00:00,1626404400000,5.4800000000,5.5200000000,5.4100000000,5.4400000000,18357.7047900000,100340.8643082000,100340.8643082000,1,DORA-USDT
2021-07-16 12:00:00,1626408000000,5.4400000000,5.4500000000,5.3400000000,5.3500000000,34246.8939110000,184822.9751727200,184822.9751727200,1,DORA-USDT
2021-07-16 13:00:00,1626411600000,5.3500000000,5.3600000000,5.2100000000,5.2400000000,63865.5693750000,336852.0463205500,336852.0463205500,1,DORA-USDT
2021-07-16 14:00:00,1626415200000,5.2500000000,5.3300000000,5.1700000000,5.3200000000,62436.0763780000,327845.7096770100,327845.7096770100,1,DORA-USDT
2021-07-16 15:00:00,1626418800000,5.3100000000,5.4100000000,5.3100000000,5.3500000000,30063.4769040000,161318.0304863900,161318.0304863900,1,DORA-USDT
2021-07-16 16:00:00,1626422400000,5.3600000000,5.4900000000,5.3500000000,5.4700000000,26639.3652890000,145196.3551924400,145196.3551924400,1,DORA-USDT
2021-07-16 17:00:00,1626426000000,5.4700000000,5.4900000000,5.3500000000,5.3600000000,19652.7132920000,105931.4316279000,105931.4316279000,1,DORA-USDT
2021-07-16 18:00:00,1626429600000,5.3700000000,5.3700000000,5.1000000000,5.3100000000,51320.9757490000,271685.1886734700,271685.1886734700,1,DORA-USDT
2021-07-16 19:00:00,1626433200000,5.3100000000,5.3400000000,5.2000000000,5.2700000000,31349.9048580000,165303.7420302700,165303.7420302700,1,DORA-USDT
2021-07-16 20:00:00,1626436800000,5.2600000000,5.3200000000,5.1700000000,5.2600000000,59074.9775690000,309769.5637497700,309769.5637497700,1,DORA-USDT
2021-07-16 21:00:00,1626440400000,5.2600000000,5.5100000000,5.2500000000,5.3200000000,53811.4395520000,286748.1424299600,286748.1424299600,1,DORA-USDT
2021-07-16 22:00:00,1626444000000,5.3200000000,5.5500000000,5.3100000000,5.4500000000,59679.6424620000,322081.1567878000,322081.1567878000,1,DORA-USDT
2021-07-16 23:00:00,1626447600000,5.4500000000,5.6400000000,5.4400000000,5.5500000000,55572.5151750000,307856.5036103600,307856.5036103600,1,DORA-USDT
2021-07-17 00:00:00,1626451200000,5.5500000000,5.8000000000,5.5500000000,5.6900000000,91488.3104250000,522570.4769607500,522570.4769607500,1,DORA-USDT
2021-07-17 01:00:00,1626454800000,5.7000000000,5.8000000000,5.6300000000,5.7500000000,43002.6262130000,245956.1436640300,245956.1436640300,1,DORA-USDT
2021-07-17 02:00:00,1626458400000,5.7600000000,5.7600000000,5.6500000000,5.6800000000,20071.5237890000,114132.4622172900,114132.4622172900,1,DORA-USDT
2021-07-17 03:00:00,1626462000000,5.6700000000,5.6900000000,5.5900000000,5.6500000000,15382.2928150000,86775.7620334000,86775.7620334000,1,DORA-USDT
2021-07-17 04:00:00,1626465600000,5.6700000000,5.8600000000,5.6600000000,5.8400000000,28638.8205920000,165232.1583684300,165232.1583684300,1,DORA-USDT
2021-07-17 05:00:00,1626469200000,5.8400000000,5.8900000000,5.8400000000,5.8900000000,9905.9749190000,58179.8574941900,58179.8574941900,1,DORA-USDT
2021-07-17 06:00:00,1626472800000,5.9000000000,5.9400000000,5.8800000000,5.9100000000,9471.0280110000,56047.5623304500,56047.5623304500,1,DORA-USDT
2021-07-17 07:00:00,1626476400000,5.9100000000,6.0600000000,5.9100000000,5.9400000000,36250.3540710000,217090.9904367000,217090.9904367000,1,DORA-USDT
2021-07-17 08:00:00,1626480000000,5.9500000000,5.9700000000,5.6800000000,5.7800000000,50630.6365510000,291572.7093317000,291572.7093317000,1,DORA-USDT
2021-07-17 09:00:00,1626483600000,5.7700000000,5.7900000000,5.7100000000,5.7100000000,8048.5088450000,46245.9806364100,46245.9806364100,1,DORA-USDT
2021-07-17 10:00:00,1626487200000,5.7200000000,5.7400000000,5.4900000000,5.5100000000,70698.2480830000,394001.6299297300,394001.6299297300,1,DORA-USDT
2021-07-17 11:00:00,1626490800000,5.5100000000,5.6300000000,5.4900000000,5.5500000000,54178.1846890000,301080.3992040800,301080.3992040800,1,DORA-USDT
2021-07-17 12:00:00,1626494400000,5.5500000000,5.6400000000,5.4900000000,5.5400000000,39613.9965070000,220079.8175072500,220079.8175072500,1,DORA-USDT
2021-07-17 13:00:00,1626498000000,5.5500000000,5.6900000000,5.5300000000,5.6500000000,66845.8147380000,375435.9444051700,375435.9444051700,1,DORA-USDT
2021-07-17 14:00:00,1626501600000,5.6500000000,5.6700000000,5.6000000000,5.6500000000,19885.0496290000,112123.9904771500,112123.9904771500,1,DORA-USDT
2021-07-17 15:00:00,1626505200000,5.6500000000,5.6600000000,5.4600000000,5.4800000000,41683.6787460000,231727.8256333500,231727.8256333500,1,DORA-USDT
2021-07-17 16:00:00,1626508800000,5.4800000000,5.6400000000,5.4600000000,5.6100000000,53836.3885460000,299026.2790509600,299026.2790509600,1,DORA-USDT
2021-07-17 17:00:00,1626512400000,5.6100000000,5.6400000000,5.5300000000,5.5700000000,17914.2504870000,100205.0162448200,100205.0162448200,1,DORA-USDT
2021-07-17 18:00:00,1626516000000,5.5700000000,5.5900000000,5.4000000000,5.5100000000,107732.0068230000,591355.2078355900,591355.2078355900,1,DORA-USDT
2021-07-17 19:00:00,1626519600000,5.5100000000,5.6700000000,5.4000000000,5.6200000000,81103.6096970000,448408.3116910700,448408.3116910700,1,DORA-USDT
2021-07-17 20:00:00,1626523200000,5.6200000000,5.6700000000,5.5500000000,5.6000000000,10741.6310560000,60155.1026838200,60155.1026838200,1,DORA-USDT
2021-07-17 21:00:00,1626526800000,5.6000000000,5.7300000000,5.5500000000,5.5900000000,41104.3858110000,231223.2760746100,231223.2760746100,1,DORA-USDT
2021-07-17 22:00:00,1626530400000,5.5900000000,5.6800000000,5.5300000000,5.6600000000,17923.6481080000,100647.5025910800,100647.5025910800,1,DORA-USDT
2021-07-17 23:00:00,1626534000000,5.6600000000,5.7000000000,5.5300000000,5.6700000000,77624.1998560000,436676.5348167700,436676.5348167700,1,DORA-USDT
2021-07-18 00:00:00,1626537600000,5.6700000000,5.6800000000,5.5800000000,5.6100000000,36978.3027970000,208113.1791624000,208113.1791624000,1,DORA-USDT
2021-07-18 01:00:00,1626541200000,5.6100000000,5.6200000000,5.5300000000,5.5600000000,10626.1290670000,59119.5346721100,59119.5346721100,1,DORA-USDT
2021-07-18 02:00:00,1626544800000,5.5600000000,5.6100000000,5.5500000000,5.6100000000,9510.5113220000,53209.9750822700,53209.9750822700,1,DORA-USDT
2021-07-18 03:00:00,1626548400000,5.6100000000,5.6700000000,5.5700000000,5.6000000000,20975.1055900000,117796.9217349200,117796.9217349200,1,DORA-USDT
2021-07-18 04:00:00,1626552000000,5.6000000000,5.6200000000,5.5500000000,5.5500000000,8236.6549360000,46045.9223422900,46045.9223422900,1,DORA-USDT
2021-07-18 05:00:00,1626555600000,5.5500000000,5.5600000000,5.5300000000,5.5500000000,8908.2189650000,49402.0573905400,49402.0573905400,1,DORA-USDT
2021-07-18 06:00:00,1626559200000,5.5500000000,5.5600000000,5.5300000000,5.5400000000,1056.2207540000,5852.9431083200,5852.9431083200,1,DORA-USDT
2021-07-18 07:00:00,1626562800000,5.5500000000,5.6300000000,5.4500000000,5.4800000000,27433.2863300000,151774.1594815900,151774.1594815900,1,DORA-USDT
2021-07-18 08:00:00,1626566400000,5.4800000000,5.6800000000,5.4500000000,5.6000000000,38609.5225260000,214288.6745147300,214288.6745147300,1,DORA-USDT
2021-07-18 09:00:00,1626570000000,5.6000000000,5.7400000000,5.5600000000,5.6300000000,56935.9058240000,322164.2673489400,322164.2673489400,1,DORA-USDT
2021-07-18 10:00:00,1626573600000,5.6300000000,5.9500000000,5.5900000000,5.7300000000,82810.2690720000,479668.5647606900,479668.5647606900,1,DORA-USDT
2021-07-18 11:00:00,1626577200000,5.7300000000,5.8000000000,5.6200000000,5.6600000000,48046.2540450000,273238.4153828000,273238.4153828000,1,DORA-USDT
2021-07-18 12:00:00,1626580800000,5.6600000000,5.7200000000,5.6300000000,5.6700000000,17108.9924120000,97044.8567286200,97044.8567286200,1,DORA-USDT
2021-07-18 13:00:00,1626584400000,5.6700000000,5.7600000000,5.6600000000,5.7400000000,14303.6244510000,81785.6738615600,81785.6738615600,1,DORA-USDT
2021-07-18 14:00:00,1626588000000,5.7400000000,5.7500000000,5.6500000000,5.6800000000,11548.3811120000,65574.6170855600,65574.6170855600,1,DORA-USDT
2021-07-18 15:00:00,1626591600000,5.6800000000,5.7400000000,5.6700000000,5.7000000000,9903.0026840000,56691.8856160600,56691.8856160600,1,DORA-USDT
2021-07-18 16:00:00,1626595200000,5.7100000000,5.7700000000,5.4800000000,5.5400000000,35073.2694720000,196017.7418144500,196017.7418144500,1,DORA-USDT
2021-07-18 17:00:00,1626598800000,5.5400000000,5.8700000000,5.5100000000,5.7700000000,37811.9989010000,212856.6932247300,212856.6932247300,1,DORA-USDT
2021-07-18 18:00:00,1626602400000,5.7700000000,5.7900000000,5.7100000000,5.7200000000,27345.8452490000,157404.8421565000,157404.8421565000,1,DORA-USDT
2021-07-18 19:00:00,1626606000000,5.7300000000,5.7700000000,5.6600000000,5.6700000000,22253.2273670000,127392.5354359700,127392.5354359700,1,DORA-USDT
2021-07-18 20:00:00,1626609600000,5.6800000000,5.7100000000,5.6500000000,5.6900000000,11467.9164450000,65214.2510243700,65214.2510243700,1,DORA-USDT
2021-07-18 21:00:00,1626613200000,5.7000000000,5.7300000000,5.6200000000,5.6500000000,17264.1781300000,97689.9237371000,97689.9237371000,1,DORA-USDT
2021-07-18 22:00:00,1626616800000,5.6500000000,5.6500000000,5.5500000000,5.5800000000,27764.9439690000,155591.0114412700,155591.0114412700,1,DORA-USDT
2021-07-18 23:00:00,1626620400000,5.5900000000,5.7800000000,5.5600000000,5.6600000000,49684.9929200000,283076.8446757800,283076.8446757800,1,DORA-USDT
2021-07-19 00:00:00,1626624000000,5.6500000000,5.7900000000,5.6500000000,5.7300000000,10167.6421420000,58477.0786472600,58477.0786472600,1,DORA-USDT
2021-07-19 01:00:00,1626627600000,5.7400000000,5.7400000000,5.6500000000,5.6800000000,5901.1112340000,33591.0502331800,33591.0502331800,1,DORA-USDT
2021-07-19 02:00:00,1626631200000,5.6800000000,5.6900000000,5.6700000000,5.6800000000,1037.5471490000,5893.2618063200,5893.2618063200,1,DORA-USDT
2021-07-19 03:00:00,1626634800000,5.6800000000,5.6900000000,5.6700000000,5.6800000000,1156.9417710000,6571.4486551100,6571.4486551100,1,DORA-USDT
2021-07-19 04:00:00,1626638400000,5.6800000000,5.7300000000,5.6700000000,5.7300000000,3145.1491520000,17958.1768067000,17958.1768067000,1,DORA-USDT
2021-07-19 05:00:00,1626642000000,5.7400000000,5.7400000000,5.6600000000,5.6800000000,9827.7050510000,55938.7321133000,55938.7321133000,1,DORA-USDT
2021-07-19 06:00:00,1626645600000,5.6800000000,5.6900000000,5.6600000000,5.6700000000,854.2036450000,4850.2873792200,4850.2873792200,1,DORA-USDT
2021-07-19 07:00:00,1626649200000,5.6800000000,5.7600000000,5.6600000000,5.7200000000,14954.7401910000,85595.9086832500,85595.9086832500,1,DORA-USDT
2021-07-19 08:00:00,1626652800000,5.7200000000,5.7400000000,5.7100000000,5.7300000000,1265.2408220000,7248.5037231300,7248.5037231300,1,DORA-USDT
2021-07-19 09:00:00,1626656400000,5.7300000000,5.7400000000,5.6500000000,5.6800000000,11245.3072740000,63796.8209927300,63796.8209927300,1,DORA-USDT
2021-07-19 10:00:00,1626660000000,5.6800000000,5.6800000000,5.6500000000,5.6700000000,2732.6425760000,15490.3845390500,15490.3845390500,1,DORA-USDT
2021-07-19 11:00:00,1626663600000,5.6700000000,5.6900000000,5.6600000000,5.6600000000,2108.9256030000,11975.9204456000,11975.9204456000,1,DORA-USDT
2021-07-19 12:00:00,1626667200000,5.6700000000,5.6700000000,5.6200000000,5.6200000000,6362.1712290000,35893.5324779100,35893.5324779100,1,DORA-USDT
2021-07-19 13:00:00,1626670800000,5.6300000000,5.6400000000,5.6100000000,5.6300000000,4764.8086340000,26798.5520906800,26798.5520906800,1,DORA-USDT
2021-07-19 14:00:00,1626674400000,5.6300000000,5.6500000000,5.6200000000,5.6300000000,4032.4871890000,22739.1079186100,22739.1079186100,1,DORA-USDT
2021-07-19 15:00:00,1626678000000,5.6300000000,5.6700000000,5.6100000000,5.6200000000,11661.0194640000,65710.6107736800,65710.6107736800,1,DORA-USDT
2021-07-19 16:00:00,1626681600000,5.6200000000,5.7800000000,5.5700000000,5.6400000000,71576.5260690000,406145.2559857200,406145.2559857200,1,DORA-USDT
2021-07-19 17:00:00,1626685200000,5.6400000000,5.6700000000,5.5900000000,5.6200000000,17006.4541290000,95769.0222399500,95769.0222399500,1,DORA-USDT
2021-07-19 18:00:00,1626688800000,5.6200000000,5.6600000000,5.4900000000,5.5400000000,60735.2048890000,337893.1640321900,337893.1640321900,1,DORA-USDT
2021-07-19 19:00:00,1626692400000,5.5300000000,5.5800000000,5.4700000000,5.5100000000,21077.8733430000,116469.1945868200,116469.1945868200,1,DORA-USDT
2021-07-19 20:00:00,1626696000000,5.5100000000,5.5500000000,5.2400000000,5.2900000000,78603.7284170000,421358.5470129500,421358.5470129500,1,DORA-USDT
2021-07-19 21:00:00,1626699600000,5.2900000000,5.3500000000,5.2100000000,5.2600000000,23592.3314050000,124917.6804971100,124917.6804971100,1,DORA-USDT
2021-07-19 22:00:00,1626703200000,5.2600000000,5.2700000000,5.0200000000,5.0500000000,38742.6988300000,199444.5981708700,199444.5981708700,1,DORA-USDT
2021-07-19 23:00:00,1626706800000,5.0500000000,5.1500000000,5.0200000000,5.0300000000,28588.1512030000,145540.6402477200,145540.6402477200,1,DORA-USDT
2021-07-20 00:00:00,1626710400000,5.0400000000,5.0600000000,4.9100000000,4.9300000000,28161.6510460000,140286.6272377800,140286.6272377800,1,DORA-USDT
2021-07-20 01:00:00,1626714000000,4.9300000000,4.9400000000,4.9200000000,4.9200000000,1358.5130050000,6697.0796137400,6697.0796137400,1,DORA-USDT
2021-07-20 02:00:00,1626717600000,4.9200000000,4.9300000000,4.9200000000,4.9200000000,140.8365670000,693.1491715600,693.1491715600,1,DORA-USDT
2021-07-20 03:00:00,1626721200000,4.9200000000,4.9200000000,4.8200000000,4.8700000000,12620.0485940000,61296.1754296300,61296.1754296300,1,DORA-USDT
2021-07-20 04:00:00,1626724800000,4.8700000000,4.8800000000,4.8500000000,4.8500000000,1350.3351290000,6557.2865183200,6557.2865183200,1,DORA-USDT
2021-07-20 05:00:00,1626728400000,4.8500000000,4.8600000000,4.8300000000,4.8500000000,4282.5387600000,20711.1540319900,20711.1540319900,1,DORA-USDT
2021-07-20 06:00:00,1626732000000,4.8500000000,4.8500000000,4.6000000000,4.6200000000,23576.5953630000,110288.5196036600,110288.5196036600,1,DORA-USDT
2021-07-20 07:00:00,1626735600000,4.6200000000,4.8000000000,4.6000000000,4.6600000000,64461.3577990000,301708.6739857800,301708.6739857800,1,DORA-USDT
2021-07-20 08:00:00,1626739200000,4.6500000000,4.7500000000,4.6000000000,4.6200000000,54652.0580940000,255457.3304889500,255457.3304889500,1,DORA-USDT
2021-07-20 09:00:00,1626742800000,4.6200000000,4.7600000000,4.6000000000,4.7000000000,64252.2780480000,299740.8867038000,299740.8867038000,1,DORA-USDT
2021-07-20 10:00:00,1626746400000,4.7000000000,4.7000000000,4.5000000000,4.5600000000,62837.3020830000,288195.0685278200,288195.0685278200,1,DORA-USDT
2021-07-20 11:00:00,1626750000000,4.5600000000,4.6000000000,4.3600000000,4.4300000000,68641.3360220000,305328.5086465200,305328.5086465200,1,DORA-USDT
2021-07-20 12:00:00,1626753600000,4.4200000000,4.5500000000,4.4000000000,4.4800000000,43253.4424910000,194192.0619200500,194192.0619200500,1,DORA-USDT
2021-07-20 13:00:00,1626757200000,4.4800000000,4.5100000000,4.4700000000,4.5000000000,10283.1594880000,46163.6154040000,46163.6154040000,1,DORA-USDT
2021-07-20 14:00:00,1626760800000,4.5000000000,4.5500000000,4.4700000000,4.5400000000,20802.1816640000,94074.9831348400,94074.9831348400,1,DORA-USDT
2021-07-20 15:00:00,1626764400000,4.5400000000,4.6200000000,4.4900000000,4.5700000000,33825.6525220000,153492.1784121300,153492.1784121300,1,DORA-USDT
2021-07-20 16:00:00,1626768000000,4.5800000000,4.6000000000,4.4600000000,4.5200000000,10582.6645640000,48385.4956783700,48385.4956783700,1,DORA-USDT
2021-07-20 17:00:00,1626771600000,4.5400000000,4.5900000000,4.4900000000,4.5200000000,24232.5658110000,109939.1603830100,109939.1603830100,1,DORA-USDT
2021-07-20 18:00:00,1626775200000,4.5200000000,4.5600000000,4.4900000000,4.5000000000,17864.3713020000,80772.4136650800,80772.4136650800,1,DORA-USDT
2021-07-20 19:00:00,1626778800000,4.5100000000,4.5600000000,4.4700000000,4.5600000000,29830.6456540000,135035.6218855800,135035.6218855800,1,DORA-USDT
2021-07-20 20:00:00,1626782400000,4.5600000000,4.6400000000,4.5300000000,4.5900000000,31137.0163810000,142659.5961627500,142659.5961627500,1,DORA-USDT
2021-07-20 21:00:00,1626786000000,4.6000000000,4.6300000000,4.5200000000,4.5600000000,43172.4319220000,197513.1444768000,197513.1444768000,1,DORA-USDT
2021-07-20 22:00:00,1626789600000,4.5600000000,4.6000000000,4.5600000000,4.5900000000,15527.3701590000,71199.6281191900,71199.6281191900,1,DORA-USDT
2021-07-20 23:00:00,1626793200000,4.5900000000,4.6700000000,4.5800000000,4.6500000000,9506.3426040000,43984.1406464800,43984.1406464800,1,DORA-USDT
2021-07-21 00:00:00,1626796800000,4.6500000000,4.6500000000,4.5800000000,4.5900000000,11293.9949620000,51970.4316604100,51970.4316604100,1,DORA-USDT
2021-07-21 01:00:00,1626800400000,4.5900000000,4.6000000000,4.5700000000,4.5900000000,11145.7781540000,51157.6396519600,51157.6396519600,1,DORA-USDT
2021-07-21 02:00:00,1626804000000,4.5900000000,4.6400000000,4.5800000000,4.6400000000,4181.8877340000,19243.5864749300,19243.5864749300,1,DORA-USDT
2021-07-21 03:00:00,1626807600000,4.6400000000,4.6700000000,4.5800000000,4.6100000000,16320.1890320000,75616.2308759600,75616.2308759600,1,DORA-USDT
2021-07-21 04:00:00,1626811200000,4.6200000000,4.6300000000,4.6100000000,4.6200000000,68.9889890000,318.9113302400,318.9113302400,1,DORA-USDT
2021-07-21 05:00:00,1626814800000,4.6300000000,4.6300000000,4.5800000000,4.6000000000,5435.3102380000,25005.1629432300,25005.1629432300,1,DORA-USDT
2021-07-21 06:00:00,1626818400000,4.6000000000,4.6100000000,4.5300000000,4.5500000000,4885.5861900000,22317.6847088500,22317.6847088500,1,DORA-USDT
2021-07-21 07:00:00,1626822000000,4.5500000000,4.5800000000,4.5300000000,4.5500000000,14751.6170630000,67277.5973713300,67277.5973713300,1,DORA-USDT
2021-07-21 08:00:00,1626825600000,4.5500000000,4.5600000000,4.4900000000,4.5000000000,5670.0749690000,25655.8595454600,25655.8595454600,1,DORA-USDT
2021-07-21 09:00:00,1626829200000,4.5100000000,4.5100000000,4.4900000000,4.5000000000,2892.0795170000,13014.9227917400,13014.9227917400,1,DORA-USDT
2021-07-21 10:00:00,1626832800000,4.5100000000,4.5700000000,4.5000000000,4.5400000000,25876.1363180000,117579.2932331500,117579.2932331500,1,DORA-USDT
2021-07-21 11:00:00,1626836400000,4.5600000000,4.5800000000,4.5200000000,4.5600000000,12372.3738510000,56414.7895011800,56414.7895011800,1,DORA-USDT
2021-07-21 12:00:00,1626840000000,4.5600000000,4.8200000000,4.5200000000,4.7500000000,45166.9455400000,210952.0050266700,210952.0050266700,1,DORA-USDT
2021-07-21 13:00:00,1626843600000,4.7400000000,4.8000000000,4.7000000000,4.7100000000,7957.4765330000,37876.5648223800,37876.5648223800,1,DORA-USDT
2021-07-21 14:00:00,1626847200000,4.7200000000,4.8200000000,4.7100000000,4.7300000000,34667.9029860000,165083.9066678000,165083.9066678000,1,DORA-USDT
2021-07-21 15:00:00,1626850800000,4.7200000000,4.8200000000,4.7100000000,4.7400000000,44761.6505340000,213433.7123524300,213433.7123524300,1,DORA-USDT
2021-07-21 16:00:00,1626854400000,4.7400000000,4.8000000000,4.6800000000,4.7200000000,19009.8953110000,89920.3984581800,89920.3984581800,1,DORA-USDT
2021-07-21 17:00:00,1626858000000,4.7200000000,4.9500000000,4.6800000000,4.9200000000,46106.5265430000,223456.4970617400,223456.4970617400,1,DORA-USDT
2021-07-21 18:00:00,1626861600000,4.9100000000,5.0000000000,4.7400000000,4.8000000000,100612.6453530000,488675.5295446400,488675.5295446400,1,DORA-USDT
2021-07-21 19:00:00,1626865200000,4.8200000000,4.9200000000,4.7900000000,4.8300000000,39278.1949920000,190483.8905389800,190483.8905389800,1,DORA-USDT
2021-07-21 20:00:00,1626868800000,4.8300000000,4.8700000000,4.7000000000,4.8300000000,33858.8928760000,163123.6431794600,163123.6431794600,1,DORA-USDT
2021-07-21 21:00:00,1626872400000,4.8300000000,4.8500000000,4.7200000000,4.8200000000,50338.1117980000,241428.0470051300,241428.0470051300,1,DORA-USDT
2021-07-21 22:00:00,1626876000000,4.8200000000,4.9300000000,4.7500000000,4.8900000000,42093.2982800000,204431.7515486300,204431.7515486300,1,DORA-USDT
2021-07-21 23:00:00,1626879600000,4.8900000000,4.9400000000,4.8500000000,4.8900000000,38986.6570440000,191330.3729686800,191330.3729686800,1,DORA-USDT
2021-07-22 00:00:00,1626883200000,4.8900000000,5.0200000000,4.7200000000,4.9900000000,80986.3799840000,394891.8766106600,394891.8766106600,1,DORA-USDT
2021-07-22 01:00:00,1626886800000,4.9900000000,5.0000000000,4.9200000000,4.9900000000,7132.4068780000,35452.9489510500,35452.9489510500,1,DORA-USDT
2021-07-22 02:00:00,1626890400000,4.9800000000,5.0000000000,4.9000000000,4.9300000000,25580.9240830000,126833.6998602800,126833.6998602800,1,DORA-USDT
2021-07-22 03:00:00,1626894000000,4.9400000000,5.0500000000,4.7900000000,4.8000000000,33903.0154730000,167095.6381354100,167095.6381354100,1,DORA-USDT
2021-07-22 04:00:00,1626897600000,4.8000000000,4.8400000000,4.7800000000,4.8200000000,11699.0913960000,56435.5442989900,56435.5442989900,1,DORA-USDT
2021-07-22 05:00:00,1626901200000,4.8300000000,4.8300000000,4.8000000000,4.8000000000,754.5026980000,3628.6291372100,3628.6291372100,1,DORA-USDT
2021-07-22 06:00:00,1626904800000,4.8000000000,4.8800000000,4.8000000000,4.8400000000,2461.0781270000,11923.8618717700,11923.8618717700,1,DORA-USDT
2021-07-22 07:00:00,1626908400000,4.8400000000,4.9100000000,4.8100000000,4.8800000000,14292.7418950000,69921.0152783000,69921.0152783000,1,DORA-USDT
2021-07-22 08:00:00,1626912000000,4.8900000000,4.9800000000,4.8800000000,4.8900000000,16223.3738080000,79912.2221961500,79912.2221961500,1,DORA-USDT
2021-07-22 09:00:00,1626915600000,4.8900000000,4.9000000000,4.8100000000,4.8300000000,21698.4750690000,105418.4993482700,105418.4993482700,1,DORA-USDT
2021-07-22 10:00:00,1626919200000,4.8300000000,4.8300000000,4.6500000000,4.6700000000,22854.0208530000,107946.8198230300,107946.8198230300,1,DORA-USDT
2021-07-22 11:00:00,1626922800000,4.6700000000,4.7500000000,4.6000000000,4.6900000000,29398.3818410000,137433.6514129500,137433.6514129500,1,DORA-USDT
2021-07-22 12:00:00,1626926400000,4.7000000000,4.8500000000,4.6900000000,4.7600000000,18693.3228930000,89655.1776888600,89655.1776888600,1,DORA-USDT
2021-07-22 13:00:00,1626930000000,4.7600000000,4.8200000000,4.7100000000,4.7100000000,5351.5630760000,25535.1483767800,25535.1483767800,1,DORA-USDT
2021-07-22 14:00:00,1626933600000,4.7200000000,4.8300000000,4.7200000000,4.7800000000,13321.0600700000,63980.8974615700,63980.8974615700,1,DORA-USDT
2021-07-22 15:00:00,1626937200000,4.7800000000,4.7800000000,4.6700000000,4.6700000000,10310.0710390000,48900.6575273100,48900.6575273100,1,DORA-USDT
2021-07-22 16:00:00,1626940800000,4.6800000000,4.8900000000,4.6800000000,4.7300000000,40642.2096080000,194646.4830323100,194646.4830323100,1,DORA-USDT
2021-07-22 17:00:00,1626944400000,4.7200000000,4.7400000000,4.5800000000,4.6300000000,21631.5090720000,100704.5182172000,100704.5182172000,1,DORA-USDT
2021-07-22 18:00:00,1626948000000,4.6400000000,4.6900000000,4.6200000000,4.6300000000,19073.2408590000,88814.0934574500,88814.0934574500,1,DORA-USDT
2021-07-22 19:00:00,1626951600000,4.6400000000,4.7700000000,4.6300000000,4.7100000000,24730.5716440000,116678.9837761000,116678.9837761000,1,DORA-USDT
2021-07-22 20:00:00,1626955200000,4.7100000000,4.9000000000,4.5900000000,4.7600000000,36009.2315540000,170493.8455792200,170493.8455792200,1,DORA-USDT
2021-07-22 21:00:00,1626958800000,4.7600000000,4.8100000000,4.7000000000,4.7500000000,12037.2831600000,56929.0161221900,56929.0161221900,1,DORA-USDT
2021-07-22 22:00:00,1626962400000,4.7500000000,4.7800000000,4.6800000000,4.7600000000,13230.5435310000,62466.1149920500,62466.1149920500,1,DORA-USDT
2021-07-22 23:00:00,1626966000000,4.7600000000,4.7600000000,4.6500000000,4.6900000000,26652.7456930000,125268.9695511300,125268.9695511300,1,DORA-USDT
2021-07-23 00:00:00,1626969600000,4.6800000000,4.7500000000,4.3600000000,4.4400000000,75617.1196670000,344300.8518731800,344300.8518731800,1,DORA-USDT
2021-07-23 01:00:00,1626973200000,4.4300000000,4.4800000000,4.3700000000,4.4300000000,30940.8876440000,137099.9750082700,137099.9750082700,1,DORA-USDT
2021-07-23 02:00:00,1626976800000,4.4400000000,4.5200000000,4.4100000000,4.4300000000,22120.4092050000,98811.0078756300,98811.0078756300,1,DORA-USDT
2021-07-23 03:00:00,1626980400000,4.4400000000,4.4900000000,4.4300000000,4.4800000000,9497.2131970000,42500.1895551000,42500.1895551000,1,DORA-USDT
2021-07-23 04:00:00,1626984000000,4.4900000000,4.5400000000,4.4900000000,4.4900000000,2254.4202140000,10160.1291687900,10160.1291687900,1,DORA-USDT
2021-07-23 05:00:00,1626987600000,4.5000000000,4.5400000000,4.4900000000,4.5100000000,23015.8849160000,103884.8467122400,103884.8467122400,1,DORA-USDT
2021-07-23 06:00:00,1626991200000,4.5100000000,4.5500000000,4.4900000000,4.5100000000,14191.0235080000,64195.7400634000,64195.7400634000,1,DORA-USDT
2021-07-23 07:00:00,1626994800000,4.5100000000,4.5100000000,4.2500000000,4.3100000000,79286.8148590000,346257.7165272500,346257.7165272500,1,DORA-USDT
2021-07-23 08:00:00,1626998400000,4.3200000000,4.3900000000,4.2900000000,4.3000000000,31492.5764000000,136489.1891758200,136489.1891758200,1,DORA-USDT
2021-07-23 09:00:00,1627002000000,4.3000000000,4.4900000000,4.3000000000,4.4200000000,69771.1450210000,308806.3277861400,308806.3277861400,1,DORA-USDT
2021-07-23 10:00:00,1627005600000,4.4200000000,4.5200000000,4.4200000000,4.4800000000,15998.1073290000,71543.7589700800,71543.7589700800,1,DORA-USDT
2021-07-23 11:00:00,1627009200000,4.4800000000,4.5200000000,4.4000000000,4.4900000000,33162.6981030000,147797.0458778500,147797.0458778500,1,DORA-USDT
2021-07-23 12:00:00,1627012800000,4.5000000000,4.6000000000,4.4900000000,4.5400000000,34213.9458490000,155367.9757430800,155367.9757430800,1,DORA-USDT
2021-07-23 13:00:00,1627016400000,4.5400000000,4.6600000000,4.5200000000,4.6100000000,37573.4388700000,172299.6036831600,172299.6036831600,1,DORA-USDT
2021-07-23 14:00:00,1627020000000,4.6100000000,4.6900000000,4.5500000000,4.6000000000,44321.5618580000,204677.1436701600,204677.1436701600,1,DORA-USDT
2021-07-23 15:00:00,1627023600000,4.6100000000,4.7200000000,4.5400000000,4.6200000000,18437.7101700000,85198.3784205100,85198.3784205100,1,DORA-USDT
2021-07-23 16:00:00,1627027200000,4.6100000000,4.6600000000,4.5400000000,4.5700000000,19545.2455840000,89710.6705141300,89710.6705141300,1,DORA-USDT
2021-07-23 17:00:00,1627030800000,4.5700000000,4.5700000000,4.5100000000,4.5500000000,7764.0099390000,35244.3947443900,35244.3947443900,1,DORA-USDT
2021-07-23 18:00:00,1627034400000,4.5600000000,4.6100000000,4.5100000000,4.5800000000,20126.2363060000,91805.7495600300,91805.7495600300,1,DORA-USDT
2021-07-23 19:00:00,1627038000000,4.5900000000,4.7000000000,4.5800000000,4.6300000000,16675.7427030000,77554.1365368400,77554.1365368400,1,DORA-USDT
2021-07-23 20:00:00,1627041600000,4.6400000000,4.7000000000,4.6100000000,4.6600000000,21188.3676500000,98935.9348268800,98935.9348268800,1,DORA-USDT
2021-07-23 21:00:00,1627045200000,4.6700000000,4.7400000000,4.6300000000,4.6900000000,23100.5741270000,108439.9239126200,108439.9239126200,1,DORA-USDT
2021-07-23 22:00:00,1627048800000,4.6900000000,4.7100000000,4.6400000000,4.6500000000,15335.9909370000,71737.8951238000,71737.8951238000,1,DORA-USDT
2021-07-23 23:00:00,1627052400000,4.6600000000,4.6900000000,4.6500000000,4.6600000000,4937.0462340000,23080.7108804200,23080.7108804200,1,DORA-USDT
2021-07-24 00:00:00,1627056000000,4.6600000000,4.6600000000,4.4000000000,4.4100000000,23479.3982590000,104881.1277290200,104881.1277290200,1,DORA-USDT
2021-07-24 01:00:00,1627059600000,4.4000000000,4.5200000000,4.4000000000,4.4400000000,19112.2190700000,85146.3712010600,85146.3712010600,1,DORA-USDT
2021-07-24 02:00:00,1627063200000,4.4400000000,4.4700000000,4.4300000000,4.4400000000,6035.9974270000,26886.0583360300,26886.0583360300,1,DORA-USDT
2021-07-24 03:00:00,1627066800000,4.4500000000,4.4600000000,4.4300000000,4.4600000000,659.0865400000,2930.2395191000,2930.2395191000,1,DORA-USDT
2021-07-24 04:00:00,1627070400000,4.4500000000,4.4900000000,4.4500000000,4.4500000000,4613.1886860000,20663.6165126700,20663.6165126700,1,DORA-USDT
2021-07-24 05:00:00,1627074000000,4.4500000000,4.5100000000,4.4300000000,4.4900000000,12900.0514110000,57610.1263865700,57610.1263865700,1,DORA-USDT
2021-07-24 06:00:00,1627077600000,4.5000000000,4.5500000000,4.4700000000,4.5000000000,23162.4246520000,104562.3906082000,104562.3906082000,1,DORA-USDT
2021-07-24 07:00:00,1627081200000,4.5000000000,4.6500000000,4.5000000000,4.6200000000,20366.4519930000,93569.5659159300,93569.5659159300,1,DORA-USDT
2021-07-24 08:00:00,1627084800000,4.6200000000,4.7100000000,4.5100000000,4.5300000000,30392.4337220000,139926.4562780100,139926.4562780100,1,DORA-USDT
2021-07-24 09:00:00,1627088400000,4.5400000000,4.6100000000,4.5400000000,4.5800000000,3122.9073810000,14305.1180856600,14305.1180856600,1,DORA-USDT
2021-07-24 10:00:00,1627092000000,4.5800000000,4.6000000000,4.5300000000,4.5700000000,14213.7550120000,64957.4697814900,64957.4697814900,1,DORA-USDT
2021-07-24 11:00:00,1627095600000,4.5800000000,4.6100000000,4.5400000000,4.5500000000,10548.9363470000,48241.1970837900,48241.1970837900,1,DORA-USDT
2021-07-24 12:00:00,1627099200000,4.5600000000,4.7000000000,4.5600000000,4.6400000000,31307.6702300000,145210.5886150900,145210.5886150900,1,DORA-USDT
2021-07-24 13:00:00,1627102800000,4.6400000000,4.7200000000,4.6100000000,4.6600000000,31941.8980300000,149004.3651640900,149004.3651640900,1,DORA-USDT
2021-07-24 14:00:00,1627106400000,4.6700000000,4.6800000000,4.6300000000,4.6500000000,7261.3785980000,33836.6803643700,33836.6803643700,1,DORA-USDT
2021-07-24 15:00:00,1627110000000,4.6600000000,4.6900000000,4.6400000000,4.6500000000,14501.8329510000,67655.0351639900,67655.0351639900,1,DORA-USDT
2021-07-24 16:00:00,1627113600000,4.6500000000,4.6500000000,4.5300000000,4.5500000000,29325.7875910000,134575.3013457400,134575.3013457400,1,DORA-USDT
2021-07-24 17:00:00,1627117200000,4.5600000000,4.6600000000,4.5500000000,4.6600000000,5783.5633390000,26587.5108435300,26587.5108435300,1,DORA-USDT
2021-07-24 18:00:00,1627120800000,4.6600000000,4.6600000000,4.5800000000,4.6000000000,11682.0217100000,53858.2804206000,53858.2804206000,1,DORA-USDT
2021-07-24 19:00:00,1627124400000,4.6100000000,4.7200000000,4.5800000000,4.6000000000,23717.3400820000,110506.2608570500,110506.2608570500,1,DORA-USDT
2021-07-24 20:00:00,1627128000000,4.6100000000,4.6200000000,4.6000000000,4.6000000000,478.8559020000,2206.9271022600,2206.9271022600,1,DORA-USDT
2021-07-24 21:00:00,1627131600000,4.6000000000,4.6600000000,4.6000000000,4.6000000000,6673.6206390000,30917.3123804100,30917.3123804100,1,DORA-USDT
2021-07-24 22:00:00,1627135200000,4.6000000000,4.6100000000,4.4600000000,4.5600000000,33766.3046870000,153843.5402542700,153843.5402542700,1,DORA-USDT
2021-07-24 23:00:00,1627138800000,4.5600000000,4.5900000000,4.4200000000,4.5100000000,43754.3206570000,197812.7954493700,197812.7954493700,1,DORA-USDT
2021-07-25 00:00:00,1627142400000,4.5100000000,4.5800000000,4.5000000000,4.5500000000,32229.8488440000,146588.6660072500,146588.6660072500,1,DORA-USDT
2021-07-25 01:00:00,1627146000000,4.5600000000,4.6600000000,4.5000000000,4.5900000000,36851.2096570000,168051.8169407300,168051.8169407300,1,DORA-USDT
2021-07-25 02:00:00,1627149600000,4.5800000000,4.6300000000,4.5500000000,4.5600000000,11224.2276810000,51285.8165597700,51285.8165597700,1,DORA-USDT
2021-07-25 03:00:00,1627153200000,4.5600000000,4.5700000000,4.4800000000,4.4900000000,5983.7515820000,26979.4558596400,26979.4558596400,1,DORA-USDT
2021-07-25 04:00:00,1627156800000,4.4900000000,4.5000000000,4.4800000000,4.4800000000,319.4025400000,1432.5178782200,1432.5178782200,1,DORA-USDT
2021-07-25 05:00:00,1627160400000,4.4900000000,4.5800000000,4.4700000000,4.5500000000,9390.2858660000,42495.9252089100,42495.9252089100,1,DORA-USDT
2021-07-25 06:00:00,1627164000000,4.5500000000,4.5600000000,4.5100000000,4.5200000000,2542.1701960000,11557.6906690000,11557.6906690000,1,DORA-USDT
2021-07-25 07:00:00,1627167600000,4.5300000000,4.5400000000,4.4600000000,4.4800000000,12602.8867460000,56641.3373614600,56641.3373614600,1,DORA-USDT
2021-07-25 08:00:00,1627171200000,4.4800000000,4.6000000000,4.4800000000,4.4900000000,20457.5850460000,92679.4332465600,92679.4332465600,1,DORA-USDT
2021-07-25 09:00:00,1627174800000,4.5000000000,4.6100000000,4.5000000000,4.6000000000,7201.7623850000,32851.8479714200,32851.8479714200,1,DORA-USDT
2021-07-25 10:00:00,1627178400000,4.6000000000,4.6300000000,4.5200000000,4.6000000000,28190.7035760000,129010.1463989300,129010.1463989300,1,DORA-USDT
2021-07-25 11:00:00,1627182000000,4.6000000000,4.6400000000,4.5900000000,4.5900000000,2660.7957880000,12273.7919804500,12273.7919804500,1,DORA-USDT
2021-07-25 12:00:00,1627185600000,4.5800000000,4.6400000000,4.5500000000,4.6300000000,11108.3644310000,51146.9729882300,51146.9729882300,1,DORA-USDT
2021-07-25 13:00:00,1627189200000,4.6300000000,4.6400000000,4.5800000000,4.6000000000,12232.0634650000,56412.7971707000,56412.7971707000,1,DORA-USDT
2021-07-25 14:00:00,1627192800000,4.6000000000,4.6600000000,4.5100000000,4.5300000000,14103.6744070000,64598.1310425900,64598.1310425900,1,DORA-USDT
2021-07-25 15:00:00,1627196400000,4.5400000000,4.6000000000,4.5100000000,4.5900000000,8258.8852870000,37796.4455402500,37796.4455402500,1,DORA-USDT
2021-07-25 16:00:00,1627200000000,4.5900000000,4.6200000000,4.5300000000,4.5400000000,13351.5607220000,61023.0483207900,61023.0483207900,1,DORA-USDT
2021-07-25 17:00:00,1627203600000,4.5400000000,4.5600000000,4.5200000000,4.5500000000,5471.9600850000,24810.8604688000,24810.8604688000,1,DORA-USDT
2021-07-25 18:00:00,1627207200000,4.5500000000,4.5700000000,4.5300000000,4.5400000000,3080.8622560000,14012.9143913700,14012.9143913700,1,DORA-USDT
2021-07-25 19:00:00,1627210800000,4.5400000000,4.5400000000,4.5000000000,4.5000000000,9712.6395120000,43885.0339206100,43885.0339206100,1,DORA-USDT
2021-07-25 20:00:00,1627214400000,4.5000000000,4.5300000000,4.4700000000,4.5100000000,5756.6643220000,25919.5201818400,25919.5201818400,1,DORA-USDT
2021-07-25 21:00:00,1627218000000,4.5100000000,4.5400000000,4.4100000000,4.4500000000,27731.8496560000,123812.0630828500,123812.0630828500,1,DORA-USDT
2021-07-25 22:00:00,1627221600000,4.4500000000,4.4800000000,4.3800000000,4.3900000000,19339.2898780000,85474.5984118600,85474.5984118600,1,DORA-USDT
2021-07-25 23:00:00,1627225200000,4.4000000000,4.5000000000,4.3900000000,4.4700000000,15955.3155510000,70851.6436276900,70851.6436276900,1,DORA-USDT
2021-07-26 00:00:00,1627228800000,4.4700000000,4.4700000000,4.2800000000,4.3500000000,52948.3978790000,229832.8304667500,229832.8304667500,1,DORA-USDT
2021-07-26 01:00:00,1627232400000,4.3500000000,4.4200000000,4.3300000000,4.3500000000,17393.9276770000,76340.9619240500,76340.9619240500,1,DORA-USDT
2021-07-26 02:00:00,1627236000000,4.3400000000,4.4000000000,4.3400000000,4.3600000000,7188.4756560000,31478.4029599100,31478.4029599100,1,DORA-USDT
2021-07-26 03:00:00,1627239600000,4.3600000000,4.7200000000,4.3200000000,4.5100000000,88468.0005260000,402080.2189669400,402080.2189669400,1,DORA-USDT
2021-07-26 04:00:00,1627243200000,4.5100000000,4.5700000000,4.4800000000,4.5100000000,32213.9883000000,145760.2215403200,145760.2215403200,1,DORA-USDT
2021-07-26 05:00:00,1627246800000,4.5100000000,4.6400000000,4.4700000000,4.5300000000,38180.8113140000,174701.3395029100,174701.3395029100,1,DORA-USDT
2021-07-26 06:00:00,1627250400000,4.5300000000,4.5300000000,4.4900000000,4.5000000000,6542.0492040000,29524.2405725200,29524.2405725200,1,DORA-USDT
2021-07-26 07:00:00,1627254000000,4.5100000000,4.5300000000,4.4900000000,4.5000000000,7770.4947610000,35085.0401022100,35085.0401022100,1,DORA-USDT
2021-07-26 08:00:00,1627257600000,4.5100000000,4.7300000000,4.4700000000,4.6500000000,44920.0559400000,206993.0853007300,206993.0853007300,1,DORA-USDT
2021-07-26 09:00:00,1627261200000,4.6500000000,4.8000000000,4.6400000000,4.8000000000,62013.9546230000,292898.0115863900,292898.0115863900,1,DORA-USDT
2021-07-26 10:00:00,1627264800000,4.8000000000,4.8300000000,4.6700000000,4.7000000000,31380.5837110000,148636.8126992400,148636.8126992400,1,DORA-USDT
2021-07-26 11:00:00,1627268400000,4.7000000000,5.0200000000,4.6900000000,4.8900000000,61594.5113460000,298139.7844623500,298139.7844623500,1,DORA-USDT
2021-07-26 12:00:00,1627272000000,4.8900000000,4.9300000000,4.7900000000,4.8300000000,8591.1974480000,41812.5977306700,41812.5977306700,1,DORA-USDT
2021-07-26 13:00:00,1627275600000,4.8400000000,4.8900000000,4.8200000000,4.8400000000,7179.5766750000,34847.4904833500,34847.4904833500,1,DORA-USDT
2021-07-26 14:00:00,1627279200000,4.8400000000,4.9300000000,4.8100000000,4.9100000000,24903.1760700000,121418.6093164200,121418.6093164200,1,DORA-USDT
2021-07-26 15:00:00,1627282800000,4.9300000000,4.9400000000,4.7500000000,4.7700000000,50685.2727320000,244865.8180954500,244865.8180954500,1,DORA-USDT
2021-07-26 16:00:00,1627286400000,4.7800000000,4.8300000000,4.7100000000,4.7500000000,18821.9632550000,89716.5076233400,89716.5076233400,1,DORA-USDT
2021-07-26 17:00:00,1627290000000,4.7600000000,4.9100000000,4.7400000000,4.8700000000,27587.2654000000,133934.2337283900,133934.2337283900,1,DORA-USDT
2021-07-26 18:00:00,1627293600000,4.8700000000,4.9200000000,4.8400000000,4.9100000000,16635.2815510000,81042.3888666100,81042.3888666100,1,DORA-USDT
2021-07-26 19:00:00,1627297200000,4.9100000000,4.9100000000,4.8700000000,4.8900000000,10466.5108450000,51222.7294779000,51222.7294779000,1,DORA-USDT
2021-07-26 20:00:00,1627300800000,4.8900000000,4.9600000000,4.8800000000,4.9000000000,5350.1083180000,26355.7247287400,26355.7247287400,1,DORA-USDT
2021-07-26 21:00:00,1627304400000,4.9100000000,4.9500000000,4.7200000000,4.8800000000,38560.6304090000,187449.3043985700,187449.3043985700,1,DORA-USDT
2021-07-26 22:00:00,1627308000000,4.8900000000,4.9900000000,4.8300000000,4.8600000000,57822.5615940000,284611.9216381400,284611.9216381400,1,DORA-USDT
2021-07-26 23:00:00,1627311600000,4.8500000000,4.9000000000,4.7800000000,4.8500000000,31163.5366190000,151047.9881410700,151047.9881410700,1,DORA-USDT
2021-07-27 00:00:00,1627315200000,4.8600000000,4.9800000000,4.8500000000,4.9800000000,35184.2373090000,172947.6012847500,172947.6012847500,1,DORA-USDT
2021-07-27 01:00:00,1627318800000,4.9800000000,5.3000000000,4.9800000000,5.2800000000,47261.5342730000,244156.3680014000,244156.3680014000,1,DORA-USDT
2021-07-27 02:00:00,1627322400000,5.2700000000,5.7000000000,5.2700000000,5.3500000000,76642.2033030000,419358.2211538700,419358.2211538700,1,DORA-USDT
2021-07-27 03:00:00,1627326000000,5.3400000000,5.4000000000,5.2800000000,5.3600000000,30384.9264340000,162390.2576695100,162390.2576695100,1,DORA-USDT
2021-07-27 04:00:00,1627329600000,5.3500000000,5.4000000000,4.9000000000,4.9700000000,75028.7284650000,381249.9049297500,381249.9049297500,1,DORA-USDT
2021-07-27 05:00:00,1627333200000,4.9700000000,5.0100000000,4.8300000000,4.9400000000,62330.8468870000,307896.3686309400,307896.3686309400,1,DORA-USDT
2021-07-27 06:00:00,1627336800000,4.9500000000,4.9900000000,4.8100000000,4.8400000000,48553.6306270000,238162.0677055100,238162.0677055100,1,DORA-USDT
2021-07-27 07:00:00,1627340400000,4.8400000000,5.0700000000,4.8300000000,5.0300000000,41193.8186060000,205203.8398690800,205203.8398690800,1,DORA-USDT
2021-07-27 08:00:00,1627344000000,5.0300000000,5.1100000000,4.9500000000,5.0000000000,55878.1817840000,281083.9991240800,281083.9991240800,1,DORA-USDT
2021-07-27 09:00:00,1627347600000,4.9900000000,5.0200000000,4.6900000000,4.7600000000,77843.2142380000,375854.3578670600,375854.3578670600,1,DORA-USDT
2021-07-27 10:00:00,1627351200000,4.7600000000,4.8300000000,4.6500000000,4.7500000000,43646.0987810000,206922.3384935000,206922.3384935000,1,DORA-USDT
2021-07-27 11:00:00,1627354800000,4.7600000000,4.9500000000,4.6900000000,4.7300000000,59459.9049740000,284131.4988970600,284131.4988970600,1,DORA-USDT
2021-07-27 12:00:00,1627358400000,4.7400000000,4.8900000000,4.7100000000,4.8000000000,36125.8477730000,174298.4266417500,174298.4266417500,1,DORA-USDT
2021-07-27 13:00:00,1627362000000,4.8000000000,4.8300000000,4.7800000000,4.8000000000,2727.1237350000,13103.9943108300,13103.9943108300,1,DORA-USDT
2021-07-27 14:00:00,1627365600000,4.8100000000,4.8500000000,4.7800000000,4.7800000000,4595.0220400000,22075.5418115800,22075.5418115800,1,DORA-USDT
2021-07-27 15:00:00,1627369200000,4.7900000000,4.7900000000,4.7400000000,4.7500000000,8348.6234460000,39798.5073728200,39798.5073728200,1,DORA-USDT
2021-07-27 16:00:00,1627372800000,4.7600000000,4.8200000000,4.7000000000,4.7600000000,27536.7642150000,131099.4967156600,131099.4967156600,1,DORA-USDT
2021-07-27 17:00:00,1627376400000,4.7700000000,4.7900000000,4.7200000000,4.7500000000,11549.9989320000,54861.6997490600,54861.6997490600,1,DORA-USDT
2021-07-27 18:00:00,1627380000000,4.7600000000,4.9200000000,4.7300000000,4.8600000000,25663.5628830000,123899.6951314000,123899.6951314000,1,DORA-USDT
2021-07-27 19:00:00,1627383600000,4.8600000000,5.0100000000,4.8100000000,4.9300000000,30568.3196290000,150530.7141480400,150530.7141480400,1,DORA-USDT
2021-07-27 20:00:00,1627387200000,4.9300000000,5.2000000000,4.8700000000,5.1000000000,55509.0800630000,278576.8861552600,278576.8861552600,1,DORA-USDT
2021-07-27 21:00:00,1627390800000,5.1000000000,5.3000000000,5.0700000000,5.1200000000,60031.4495930000,308167.8156789800,308167.8156789800,1,DORA-USDT
2021-07-27 22:00:00,1627394400000,5.1200000000,5.1400000000,4.8900000000,4.9400000000,76705.6915690000,381334.5906140200,381334.5906140200,1,DORA-USDT
2021-07-27 23:00:00,1627398000000,4.9400000000,5.0600000000,4.9300000000,5.0100000000,47543.6828330000,237806.6048834600,237806.6048834600,1,DORA-USDT
2021-07-28 00:00:00,1627401600000,5.0100000000,5.1400000000,4.8900000000,4.9000000000,105509.8092010000,528235.8444217700,528235.8444217700,1,DORA-USDT
2021-07-28 01:00:00,1627405200000,4.9000000000,5.0000000000,4.8900000000,4.9600000000,23698.7450930000,117593.6897421000,117593.6897421000,1,DORA-USDT
2021-07-28 02:00:00,1627408800000,4.9600000000,4.9700000000,4.9000000000,4.9000000000,16079.7498140000,79302.9930913000,79302.9930913000,1,DORA-USDT
2021-07-28 03:00:00,1627412400000,4.9100000000,4.9800000000,4.8900000000,4.9200000000,42685.1847080000,210447.1399876000,210447.1399876000,1,DORA-USDT
2021-07-28 04:00:00,1627416000000,4.9200000000,4.9600000000,4.8900000000,4.9000000000,27367.1805030000,134877.3578173000,134877.3578173000,1,DORA-USDT
2021-07-28 05:00:00,1627419600000,4.9000000000,5.0400000000,4.8800000000,5.0400000000,20235.3913630000,99801.4604837600,99801.4604837600,1,DORA-USDT
2021-07-28 06:00:00,1627423200000,5.0400000000,5.1400000000,4.9300000000,5.1000000000,17763.5455640000,90170.6009177100,90170.6009177100,1,DORA-USDT
2021-07-28 07:00:00,1627426800000,5.1100000000,5.1700000000,5.0200000000,5.1200000000,36480.6630770000,186086.1858606800,186086.1858606800,1,DORA-USDT
2021-07-28 08:00:00,1627430400000,5.1300000000,5.1800000000,5.0400000000,5.1700000000,19923.1092890000,101634.3866531300,101634.3866531300,1,DORA-USDT
2021-07-28 09:00:00,1627434000000,5.1600000000,5.4900000000,5.1400000000,5.3400000000,79233.9759770000,423845.4038667100,423845.4038667100,1,DORA-USDT
2021-07-28 10:00:00,1627437600000,5.3400000000,5.4900000000,5.2600000000,5.3200000000,64675.8729970000,345879.0993729700,345879.0993729700,1,DORA-USDT
2021-07-28 11:00:00,1627441200000,5.3200000000,5.3800000000,5.2300000000,5.2700000000,42013.1290280000,223859.1202246500,223859.1202246500,1,DORA-USDT
2021-07-28 12:00:00,1627444800000,5.2600000000,5.4400000000,5.2400000000,5.3100000000,68573.4923320000,365856.7489672700,365856.7489672700,1,DORA-USDT
2021-07-28 13:00:00,1627448400000,5.3100000000,5.3500000000,5.3000000000,5.3100000000,11944.2360110000,63630.6562266400,63630.6562266400,1,DORA-USDT
2021-07-28 14:00:00,1627452000000,5.3100000000,5.3500000000,5.1500000000,5.2100000000,29729.8530010000,155934.7539776700,155934.7539776700,1,DORA-USDT
2021-07-28 15:00:00,1627455600000,5.2000000000,5.3000000000,5.1700000000,5.2100000000,70368.4288150000,369107.7727700000,369107.7727700000,1,DORA-USDT
2021-07-28 16:00:00,1627459200000,5.2200000000,5.2500000000,5.1300000000,5.2300000000,25995.4390710000,135092.0270668200,135092.0270668200,1,DORA-USDT
2021-07-28 17:00:00,1627462800000,5.2300000000,5.2600000000,5.1800000000,5.2100000000,6870.1121040000,35859.8580194400,35859.8580194400,1,DORA-USDT
2021-07-28 18:00:00,1627466400000,5.2100000000,5.3400000000,5.2000000000,5.3300000000,32395.7829370000,170599.7024661800,170599.7024661800,1,DORA-USDT
2021-07-28 19:00:00,1627470000000,5.3200000000,5.3500000000,5.2700000000,5.3100000000,20104.2915920000,106821.4608272400,106821.4608272400,1,DORA-USDT
2021-07-28 20:00:00,1627473600000,5.3100000000,5.3800000000,5.1800000000,5.1900000000,39764.6574500000,210228.4091150000,210228.4091150000,1,DORA-USDT
2021-07-28 21:00:00,1627477200000,5.1900000000,5.2500000000,5.1200000000,5.2000000000,38046.7266730000,197906.4326707600,197906.4326707600,1,DORA-USDT
2021-07-28 22:00:00,1627480800000,5.2000000000,5.2600000000,5.1400000000,5.1700000000,31201.6062470000,162044.8435822000,162044.8435822000,1,DORA-USDT
2021-07-28 23:00:00,1627484400000,5.1700000000,5.2900000000,5.1700000000,5.2300000000,32711.5812740000,171088.2688324200,171088.2688324200,1,DORA-USDT
2021-07-29 00:00:00,1627488000000,5.2300000000,5.6200000000,5.1900000000,5.3300000000,131124.8536930000,709350.5899628600,709350.5899628600,1,DORA-USDT
2021-07-29 01:00:00,1627491600000,5.3300000000,5.4200000000,5.2200000000,5.2800000000,56941.1765960000,302156.9387597400,302156.9387597400,1,DORA-USDT
2021-07-29 02:00:00,1627495200000,5.2800000000,5.4000000000,5.2700000000,5.3700000000,71829.8493810000,384309.3684789600,384309.3684789600,1,DORA-USDT
2021-07-29 03:00:00,1627498800000,5.3700000000,6.5000000000,5.1800000000,5.2600000000,486877.8883180000,2839596.4980145306,2839596.4980145306,1,DORA-USDT
2021-07-29 04:00:00,1627502400000,5.2700000000,5.3500000000,5.2000000000,5.2300000000,64660.4546330000,340758.1041598600,340758.1041598600,1,DORA-USDT
2021-07-29 05:00:00,1627506000000,5.2300000000,5.3500000000,5.2200000000,5.2900000000,64540.7884130000,340764.6656822000,340764.6656822000,1,DORA-USDT
2021-07-29 06:00:00,1627509600000,5.2700000000,5.3600000000,5.2500000000,5.2900000000,44549.2559730000,236111.4960075600,236111.4960075600,1,DORA-USDT
2021-07-29 07:00:00,1627513200000,5.2800000000,5.4700000000,5.2100000000,5.3500000000,114494.5885560000,612493.2009015300,612493.2009015300,1,DORA-USDT
2021-07-29 08:00:00,1627516800000,5.3400000000,5.4100000000,5.2400000000,5.2700000000,41720.5888620000,222070.7048031600,222070.7048031600,1,DORA-USDT
2021-07-29 09:00:00,1627520400000,5.2700000000,5.3500000000,5.2400000000,5.3000000000,11474.3852910000,60747.9783513500,60747.9783513500,1,DORA-USDT
2021-07-29 10:00:00,1627524000000,5.3100000000,5.3900000000,5.2600000000,5.3000000000,7509.1228120000,39852.2258054900,39852.2258054900,1,DORA-USDT
2021-07-29 11:00:00,1627527600000,5.3100000000,5.3300000000,5.3000000000,5.3200000000,2348.9923540000,12491.3365228700,12491.3365228700,1,DORA-USDT
2021-07-29 12:00:00,1627531200000,5.3200000000,5.4500000000,5.2000000000,5.2600000000,12081.5270620000,63521.5524363800,63521.5524363800,1,DORA-USDT
2021-07-29 13:00:00,1627534800000,5.2600000000,5.4000000000,5.2500000000,5.3800000000,11103.5011230000,58961.2768961600,58961.2768961600,1,DORA-USDT
2021-07-29 14:00:00,1627538400000,5.3800000000,5.3900000000,5.2800000000,5.3400000000,9465.9526740000,50539.3966174800,50539.3966174800,1,DORA-USDT
2021-07-29 15:00:00,1627542000000,5.3400000000,5.3900000000,5.3200000000,5.3700000000,9193.1004230000,49303.5087440000,49303.5087440000,1,DORA-USDT
2021-07-29 16:00:00,1627545600000,5.3700000000,5.3900000000,5.2500000000,5.3200000000,14745.3154640000,78195.2289254800,78195.2289254800,1,DORA-USDT
2021-07-29 17:00:00,1627549200000,5.3200000000,5.3700000000,5.2500000000,5.3300000000,6576.7940940000,34988.6441244200,34988.6441244200,1,DORA-USDT
2021-07-29 18:00:00,1627552800000,5.3300000000,5.4200000000,5.3000000000,5.3000000000,12977.4713370000,69564.5617895900,69564.5617895900,1,DORA-USDT
2021-07-29 19:00:00,1627556400000,5.3100000000,5.3500000000,5.2400000000,5.3000000000,8417.5710920000,44655.4314215300,44655.4314215300,1,DORA-USDT
2021-07-29 20:00:00,1627560000000,5.3000000000,5.3200000000,5.2200000000,5.2700000000,10883.1428890000,57353.6479652400,57353.6479652400,1,DORA-USDT
2021-07-29 21:00:00,1627563600000,5.2800000000,5.2800000000,5.1900000000,5.2500000000,6176.8944970000,32318.3020009800,32318.3020009800,1,DORA-USDT
2021-07-29 22:00:00,1627567200000,5.2400000000,5.3200000000,5.2200000000,5.2900000000,8272.3234320000,43568.1327676000,43568.1327676000,1,DORA-USDT
2021-07-29 23:00:00,1627570800000,5.3000000000,5.5200000000,5.3000000000,5.3900000000,16990.2047800000,91895.4774303300,91895.4774303300,1,DORA-USDT
2021-07-30 00:00:00,1627574400000,5.3900000000,5.4000000000,5.2800000000,5.2800000000,9125.8515430000,48815.9740578000,48815.9740578000,1,DORA-USDT
2021-07-30 01:00:00,1627578000000,5.2900000000,5.4300000000,5.2700000000,5.2700000000,20360.3973700000,108336.2963756100,108336.2963756100,1,DORA-USDT
2021-07-30 02:00:00,1627581600000,5.2800000000,5.3300000000,5.2000000000,5.3000000000,24549.7379410000,129413.9834857800,129413.9834857800,1,DORA-USDT
2021-07-30 03:00:00,1627585200000,5.3000000000,5.3200000000,5.2100000000,5.2100000000,5468.5190140000,28852.5851350000,28852.5851350000,1,DORA-USDT
2021-07-30 04:00:00,1627588800000,5.2200000000,5.2500000000,5.1500000000,5.1600000000,15641.9026980000,81086.5722768100,81086.5722768100,1,DORA-USDT
2021-07-30 05:00:00,1627592400000,5.1600000000,5.1700000000,4.9000000000,4.9600000000,66465.9210120000,334408.9154157600,334408.9154157600,1,DORA-USDT
2021-07-30 06:00:00,1627596000000,4.9700000000,5.0800000000,4.9700000000,5.0800000000,27597.0788600000,138823.5593099700,138823.5593099700,1,DORA-USDT
2021-07-30 07:00:00,1627599600000,5.0700000000,5.0900000000,4.9900000000,5.0600000000,14621.9805970000,73846.0490743300,73846.0490743300,1,DORA-USDT
2021-07-30 08:00:00,1627603200000,5.0500000000,5.1900000000,5.0400000000,5.1500000000,30990.4960580000,157932.7930928700,157932.7930928700,1,DORA-USDT
2021-07-30 09:00:00,1627606800000,5.1400000000,5.2000000000,5.0800000000,5.1000000000,42141.4892020000,216700.6850882200,216700.6850882200,1,DORA-USDT
2021-07-30 10:00:00,1627610400000,5.1000000000,5.1200000000,5.0400000000,5.1000000000,21872.1187810000,111237.6597454900,111237.6597454900,1,DORA-USDT
2021-07-30 11:00:00,1627614000000,5.1000000000,5.1400000000,5.0600000000,5.1100000000,13084.0661440000,66716.0480619000,66716.0480619000,1,DORA-USDT
2021-07-30 12:00:00,1627617600000,5.1100000000,5.2400000000,5.1100000000,5.2100000000,18958.4514570000,98291.1965451900,98291.1965451900,1,DORA-USDT
2021-07-30 13:00:00,1627621200000,5.2100000000,5.2300000000,5.0800000000,5.1500000000,44738.6850070000,230888.2945010400,230888.2945010400,1,DORA-USDT
2021-07-30 14:00:00,1627624800000,5.1600000000,5.2500000000,5.0700000000,5.1300000000,45996.8072600000,236631.7232495700,236631.7232495700,1,DORA-USDT
2021-07-30 15:00:00,1627628400000,5.1200000000,5.1400000000,5.0400000000,5.0400000000,6139.6296980000,31324.3270405900,31324.3270405900,1,DORA-USDT
2021-07-30 16:00:00,1627632000000,5.0500000000,5.1000000000,4.9000000000,4.9500000000,37851.7491410000,189154.2733260500,189154.2733260500,1,DORA-USDT
2021-07-30 17:00:00,1627635600000,4.9400000000,4.9500000000,4.9000000000,4.9500000000,11599.2381180000,57096.8148891500,57096.8148891500,1,DORA-USDT
2021-07-30 18:00:00,1627639200000,4.9500000000,5.0300000000,4.9300000000,4.9700000000,19717.0098800000,98314.8296114900,98314.8296114900,1,DORA-USDT
2021-07-30 19:00:00,1627642800000,4.9800000000,5.0400000000,4.9600000000,5.0100000000,14319.2304920000,71786.5829284300,71786.5829284300,1,DORA-USDT
2021-07-30 20:00:00,1627646400000,5.0100000000,5.0200000000,5.0100000000,5.0100000000,2390.3532010000,11985.6786386500,11985.6786386500,1,DORA-USDT
2021-07-30 21:00:00,1627650000000,5.0100000000,5.0300000000,4.9700000000,4.9800000000,11918.8709560000,59584.1365899600,59584.1365899600,1,DORA-USDT
2021-07-30 22:00:00,1627653600000,4.9800000000,5.0900000000,4.9800000000,5.0700000000,7203.6924940000,36351.3524248100,36351.3524248100,1,DORA-USDT
2021-07-30 23:00:00,1627657200000,5.0600000000,5.0700000000,5.0100000000,5.0300000000,7069.7353290000,35602.1915924800,35602.1915924800,1,DORA-USDT
2021-07-31 00:00:00,1627660800000,5.0300000000,5.1600000000,5.0100000000,5.1000000000,13113.5419980000,66685.0949985800,66685.0949985800,1,DORA-USDT
2021-07-31 01:00:00,1627664400000,5.1100000000,5.1500000000,5.1000000000,5.1300000000,7175.3960240000,36807.7928852700,36807.7928852700,1,DORA-USDT
2021-07-31 02:00:00,1627668000000,5.1400000000,5.1400000000,5.1000000000,5.1000000000,1248.3198890000,6392.0981454100,6392.0981454100,1,DORA-USDT
2021-07-31 03:00:00,1627671600000,5.1100000000,5.1500000000,5.1000000000,5.1400000000,2235.4731300000,11463.9202569900,11463.9202569900,1,DORA-USDT
2021-07-31 04:00:00,1627675200000,5.1400000000,5.1500000000,5.1300000000,5.1300000000,576.3706490000,2968.0836886100,2968.0836886100,1,DORA-USDT
2021-07-31 05:00:00,1627678800000,5.1300000000,5.2400000000,5.1300000000,5.1800000000,16238.6943940000,84463.6504533300,84463.6504533300,1,DORA-USDT
2021-07-31 06:00:00,1627682400000,5.1700000000,5.2400000000,5.1700000000,5.2300000000,13975.2019040000,72770.1326410600,72770.1326410600,1,DORA-USDT
2021-07-31 07:00:00,1627686000000,5.2300000000,5.2600000000,5.1700000000,5.2200000000,13563.0315320000,70816.7821404800,70816.7821404800,1,DORA-USDT
2021-07-31 08:00:00,1627689600000,5.2300000000,5.4000000000,5.2300000000,5.2600000000,30445.6687260000,161382.7412557800,161382.7412557800,1,DORA-USDT
2021-07-31 09:00:00,1627693200000,5.2600000000,5.2700000000,5.2100000000,5.2600000000,8205.6953960000,43066.4973090700,43066.4973090700,1,DORA-USDT
2021-07-31 10:00:00,1627696800000,5.2700000000,5.3800000000,5.2600000000,5.2900000000,13100.2892790000,69612.4366631600,69612.4366631600,1,DORA-USDT
2021-07-31 11:00:00,1627700400000,5.3000000000,5.3000000000,5.1900000000,5.2000000000,18206.8082190000,95462.9607027400,95462.9607027400,1,DORA-USDT
2021-07-31 12:00:00,1627704000000,5.2000000000,5.3900000000,5.2000000000,5.2800000000,21122.7531940000,111430.7245134200,111430.7245134200,1,DORA-USDT
2021-07-31 13:00:00,1627707600000,5.2900000000,5.2900000000,5.1700000000,5.2200000000,8479.1145300000,44221.0952475800,44221.0952475800,1,DORA-USDT
2021-07-31 14:00:00,1627711200000,5.2200000000,5.2300000000,5.0600000000,5.1000000000,27563.5214510000,141283.3057609500,141283.3057609500,1,DORA-USDT
2021-07-31 15:00:00,1627714800000,5.1000000000,5.1400000000,5.0700000000,5.1200000000,8342.4716270000,42574.0461786800,42574.0461786800,1,DORA-USDT
2021-07-31 16:00:00,1627718400000,5.1200000000,5.2000000000,5.0900000000,5.1900000000,11383.3687220000,58455.7075557500,58455.7075557500,1,DORA-USDT
2021-07-31 17:00:00,1627722000000,5.2000000000,5.2800000000,5.1600000000,5.1700000000,24855.1235390000,129720.5722998100,129720.5722998100,1,DORA-USDT
2021-07-31 18:00:00,1627725600000,5.1800000000,5.2300000000,5.1700000000,5.2000000000,6365.6158300000,33189.5473236300,33189.5473236300,1,DORA-USDT
2021-07-31 19:00:00,1627729200000,5.2100000000,5.2600000000,5.1800000000,5.2000000000,22010.9596060000,115047.1053099000,115047.1053099000,1,DORA-USDT
2021-07-31 20:00:00,1627732800000,5.2100000000,5.2600000000,5.1900000000,5.2300000000,7877.2161170000,41185.0695821300,41185.0695821300,1,DORA-USDT
2021-07-31 21:00:00,1627736400000,5.2300000000,5.3000000000,5.2200000000,5.2500000000,8339.4972090000,43754.1639311400,43754.1639311400,1,DORA-USDT
2021-07-31 22:00:00,1627740000000,5.2500000000,5.2700000000,5.2400000000,5.2500000000,4311.2543810000,22670.4927936000,22670.4927936000,1,DORA-USDT
2021-07-31 23:00:00,1627743600000,5.2600000000,5.4900000000,5.2500000000,5.4300000000,21787.8296330000,117135.5773655200,117135.5773655200,1,DORA-USDT
2021-08-01 00:00:00,1627747200000,5.4300000000,5.4300000000,5.2300000000,5.2500000000,26845.8217740000,142902.2142200500,142902.2142200500,1,DORA-USDT
2021-08-01 01:00:00,1627750800000,5.2500000000,5.2600000000,5.2100000000,5.2300000000,1142.4053690000,5983.5488364100,5983.5488364100,1,DORA-USDT
2021-08-01 02:00:00,1627754400000,5.2400000000,5.2800000000,5.2300000000,5.2300000000,4905.3060490000,25784.1175901500,25784.1175901500,1,DORA-USDT
2021-08-01 03:00:00,1627758000000,5.2300000000,5.2500000000,5.2000000000,5.2100000000,1947.9338580000,10169.9209250000,10169.9209250000,1,DORA-USDT
2021-08-01 04:00:00,1627761600000,5.2200000000,5.2400000000,5.2100000000,5.2300000000,393.6993060000,2059.2015344200,2059.2015344200,1,DORA-USDT
2021-08-01 05:00:00,1627765200000,5.2300000000,5.2500000000,5.2000000000,5.2400000000,2280.7872290000,11934.3221156800,11934.3221156800,1,DORA-USDT
2021-08-01 06:00:00,1627768800000,5.2500000000,5.2600000000,5.2100000000,5.2500000000,7914.6208560000,41498.2037411800,41498.2037411800,1,DORA-USDT
2021-08-01 07:00:00,1627772400000,5.2500000000,5.3000000000,5.2300000000,5.2600000000,5256.5797040000,27766.8447191800,27766.8447191800,1,DORA-USDT
2021-08-01 08:00:00,1627776000000,5.2700000000,5.4200000000,5.2400000000,5.3600000000,12051.7545230000,64365.4979803000,64365.4979803000,1,DORA-USDT
2021-08-01 09:00:00,1627779600000,5.3500000000,5.3600000000,5.2900000000,5.3000000000,3587.0234420000,19088.2569222900,19088.2569222900,1,DORA-USDT
2021-08-01 10:00:00,1627783200000,5.3000000000,5.3400000000,5.2700000000,5.3000000000,3441.9978510000,18221.2586983300,18221.2586983300,1,DORA-USDT
2021-08-01 11:00:00,1627786800000,5.3000000000,5.4100000000,5.2800000000,5.3800000000,4450.2425800000,23844.6246540700,23844.6246540700,1,DORA-USDT
2021-08-01 12:00:00,1627790400000,5.3800000000,5.4400000000,5.3500000000,5.3900000000,4552.0576270000,24561.1628094300,24561.1628094300,1,DORA-USDT
2021-08-01 13:00:00,1627794000000,5.3900000000,5.3900000000,5.2600000000,5.3000000000,15991.2142110000,85020.3548830600,85020.3548830600,1,DORA-USDT
2021-08-01 14:00:00,1627797600000,5.2900000000,5.3700000000,5.2500000000,5.3000000000,9331.1743640000,49626.5648636300,49626.5648636300,1,DORA-USDT
2021-08-01 15:00:00,1627801200000,5.2900000000,5.3400000000,5.2700000000,5.2900000000,4131.1679040000,21954.9936051400,21954.9936051400,1,DORA-USDT
2021-08-01 16:00:00,1627804800000,5.3000000000,5.3100000000,5.2500000000,5.2700000000,4184.7172880000,22123.2012197100,22123.2012197100,1,DORA-USDT
2021-08-01 17:00:00,1627808400000,5.2700000000,5.2900000000,5.2200000000,5.2800000000,8413.5526180000,44259.7967761800,44259.7967761800,1,DORA-USDT
2021-08-01 18:00:00,1627812000000,5.2800000000,5.2800000000,5.1600000000,5.2300000000,18976.7236690000,99357.6683036200,99357.6683036200,1,DORA-USDT
2021-08-01 19:00:00,1627815600000,5.2300000000,5.2500000000,5.1600000000,5.2300000000,12706.7789460000,66355.2252483600,66355.2252483600,1,DORA-USDT
2021-08-01 20:00:00,1627819200000,5.2400000000,5.2600000000,5.2100000000,5.2400000000,3205.6155880000,16814.4330106100,16814.4330106100,1,DORA-USDT
2021-08-01 21:00:00,1627822800000,5.2500000000,5.2700000000,5.2200000000,5.2300000000,1693.6552310000,8869.9783950700,8869.9783950700,1,DORA-USDT
2021-08-01 22:00:00,1627826400000,5.2300000000,5.3300000000,5.2100000000,5.2800000000,10113.2030060000,53479.7252610400,53479.7252610400,1,DORA-USDT
2021-08-01 23:00:00,1627830000000,5.2800000000,5.3600000000,5.2700000000,5.3100000000,8520.9284260000,45327.4159502100,45327.4159502100,1,DORA-USDT
2021-08-02 00:00:00,1627833600000,5.3200000000,5.6700000000,5.2700000000,5.4900000000,104056.5832920000,576536.5890470000,576536.5890470000,1,DORA-USDT
2021-08-02 01:00:00,1627837200000,5.4900000000,5.4900000000,5.2200000000,5.2700000000,27659.1058520000,147485.0554380800,147485.0554380800,1,DORA-USDT
2021-08-02 02:00:00,1627840800000,5.2800000000,5.3800000000,5.2600000000,5.2700000000,8773.0382920000,46779.4761348100,46779.4761348100,1,DORA-USDT
2021-08-02 03:00:00,1627844400000,5.2800000000,5.2800000000,5.2300000000,5.2700000000,14529.2707470000,76338.8485953500,76338.8485953500,1,DORA-USDT
2021-08-02 04:00:00,1627848000000,5.2700000000,5.3100000000,5.2500000000,5.3000000000,2728.2564520000,14420.7650609000,14420.7650609000,1,DORA-USDT
2021-08-02 05:00:00,1627851600000,5.2900000000,5.3000000000,5.2500000000,5.2900000000,9849.5554250000,52009.1444996000,52009.1444996000,1,DORA-USDT
2021-08-02 06:00:00,1627855200000,5.2900000000,5.3000000000,5.1600000000,5.1900000000,15523.1816930000,81318.0046127500,81318.0046127500,1,DORA-USDT
2021-08-02 07:00:00,1627858800000,5.1800000000,5.2200000000,5.0200000000,5.1100000000,28142.9602390000,143712.7537381000,143712.7537381000,1,DORA-USDT
2021-08-02 08:00:00,1627862400000,5.1100000000,5.1500000000,5.0400000000,5.0500000000,14741.0400660000,74885.0608578300,74885.0608578300,1,DORA-USDT
2021-08-02 09:00:00,1627866000000,5.0500000000,5.1200000000,5.0400000000,5.1100000000,6387.8874950000,32370.6523477000,32370.6523477000,1,DORA-USDT
2021-08-02 10:00:00,1627869600000,5.1000000000,5.2200000000,5.1000000000,5.1400000000,7286.1664530000,37472.2417873800,37472.2417873800,1,DORA-USDT
2021-08-02 11:00:00,1627873200000,5.1400000000,5.1900000000,5.1200000000,5.1500000000,2286.8237980000,11775.0431862600,11775.0431862600,1,DORA-USDT
2021-08-02 12:00:00,1627876800000,5.1600000000,5.1600000000,5.1400000000,5.1500000000,902.4191880000,4649.3437579200,4649.3437579200,1,DORA-USDT
2021-08-02 13:00:00,1627880400000,5.1500000000,5.1800000000,5.0900000000,5.1700000000,11007.5722000000,56633.8571779700,56633.8571779700,1,DORA-USDT
2021-08-02 14:00:00,1627884000000,5.1700000000,5.1800000000,5.1200000000,5.1660000000,11012.6596410000,56746.6929083700,56746.6929083700,1,DORA-USDT
2021-08-02 15:00:00,1627887600000,5.1680000000,5.2000000000,5.1400000000,5.1600000000,39819.4183930000,205942.6372613140,205942.6372613140,1,DORA-USDT
2021-08-02 16:00:00,1627891200000,5.1520000000,5.1650000000,5.0600000000,5.0720000000,49193.3277000000,251430.7919785800,251430.7919785800,1,DORA-USDT
2021-08-02 17:00:00,1627894800000,5.0750000000,5.1200000000,5.0600000000,5.1050000000,38866.3573360000,197828.5672570180,197828.5672570180,1,DORA-USDT
2021-08-02 18:00:00,1627898400000,5.1060000000,5.1390000000,5.0630000000,5.1220000000,35176.6739870000,179682.6337123640,179682.6337123640,1,DORA-USDT
2021-08-02 19:00:00,1627902000000,5.1230000000,5.1400000000,5.1100000000,5.1400000000,20385.0530950000,104458.0067811010,104458.0067811010,1,DORA-USDT
2021-08-02 20:00:00,1627905600000,5.1390000000,5.1400000000,5.0800000000,5.1120000000,27837.2602320000,142358.3635194680,142358.3635194680,1,DORA-USDT
2021-08-02 21:00:00,1627909200000,5.1120000000,5.1800000000,5.1120000000,5.1660000000,32535.6096800000,167187.1956476760,167187.1956476760,1,DORA-USDT
2021-08-02 22:00:00,1627912800000,5.1650000000,5.2150000000,5.1400000000,5.2120000000,27806.2757740000,143675.7065394210,143675.7065394210,1,DORA-USDT
2021-08-02 23:00:00,1627916400000,5.2100000000,5.3990000000,5.2060000000,5.3580000000,75060.9159620000,398542.1118007990,398542.1118007990,1,DORA-USDT
2021-08-03 00:00:00,1627920000000,5.3590000000,5.3900000000,5.3040000000,5.3370000000,49044.6401540000,262207.9854676900,262207.9854676900,1,DORA-USDT
2021-08-03 01:00:00,1627923600000,5.3370000000,5.3900000000,5.3120000000,5.3370000000,33142.7866540000,177413.0902103570,177413.0902103570,1,DORA-USDT
2021-08-03 02:00:00,1627927200000,5.3380000000,5.3400000000,5.2300000000,5.2540000000,46561.6837550000,246014.6051013090,246014.6051013090,1,DORA-USDT
2021-08-03 03:00:00,1627930800000,5.2530000000,5.2600000000,5.1600000000,5.1670000000,28672.4702700000,149521.8790298020,149521.8790298020,1,DORA-USDT
2021-08-03 04:00:00,1627934400000,5.1650000000,5.1900000000,5.1270000000,5.1330000000,28285.9082190000,145560.5767696480,145560.5767696480,1,DORA-USDT
2021-08-03 05:00:00,1627938000000,5.1300000000,5.1330000000,5.1210000000,5.1310000000,1663.2943160000,8525.7039943560,8525.7039943560,1,DORA-USDT
2021-08-03 06:00:00,1627941600000,5.1320000000,5.2000000000,5.1300000000,5.1990000000,13813.9768680000,71419.5072042780,71419.5072042780,1,DORA-USDT
2021-08-03 07:00:00,1627945200000,5.1990000000,5.2490000000,5.1850000000,5.2420000000,20458.6190110000,106711.1901253740,106711.1901253740,1,DORA-USDT
2021-08-03 08:00:00,1627948800000,5.2430000000,5.2490000000,5.1630000000,5.2450000000,37498.7786130000,195321.3657046730,195321.3657046730,1,DORA-USDT
2021-08-03 09:00:00,1627952400000,5.2450000000,5.2490000000,5.1870000000,5.2080000000,30350.5601790000,158434.8275485370,158434.8275485370,1,DORA-USDT
2021-08-03 10:00:00,1627956000000,5.2080000000,5.2480000000,5.1770000000,5.1950000000,38841.5131860000,202418.8681304840,202418.8681304840,1,DORA-USDT
2021-08-03 11:00:00,1627959600000,5.2050000000,5.2320000000,5.1100000000,5.1220000000,27211.5028910000,140508.5305901400,140508.5305901400,1,DORA-USDT
2021-08-03 12:00:00,1627963200000,5.1210000000,5.1230000000,5.0900000000,5.1110000000,19175.3444090000,97903.2877896820,97903.2877896820,1,DORA-USDT
2021-08-03 13:00:00,1627966800000,5.1110000000,5.2900000000,5.0750000000,5.2150000000,48177.8355290000,248133.4269179570,248133.4269179570,1,DORA-USDT
2021-08-03 14:00:00,1627970400000,5.2160000000,5.2370000000,5.1800000000,5.1860000000,21021.9659920000,109272.0872488880,109272.0872488880,1,DORA-USDT
2021-08-03 15:00:00,1627974000000,5.1860000000,5.1930000000,5.1180000000,5.1490000000,24852.2851630000,128136.0052197630,128136.0052197630,1,DORA-USDT
2021-08-03 16:00:00,1627977600000,5.1470000000,5.1520000000,5.0820000000,5.0970000000,34659.4826360000,177067.9626606020,177067.9626606020,1,DORA-USDT
2021-08-03 17:00:00,1627981200000,5.0990000000,5.2500000000,5.0920000000,5.1750000000,39425.5001120000,203399.3751988280,203399.3751988280,1,DORA-USDT
2021-08-03 18:00:00,1627984800000,5.1720000000,5.1760000000,5.1000000000,5.1640000000,31553.0580090000,162433.4906362910,162433.4906362910,1,DORA-USDT
2021-08-03 19:00:00,1627988400000,5.1630000000,5.3890000000,5.1620000000,5.2170000000,87012.0854800000,460120.2808270880,460120.2808270880,1,DORA-USDT
2021-08-03 20:00:00,1627992000000,5.2190000000,5.3300000000,5.1520000000,5.2530000000,73184.5197880000,384092.1326146450,384092.1326146450,1,DORA-USDT
2021-08-03 21:00:00,1627995600000,5.2530000000,5.2570000000,5.1630000000,5.2010000000,41399.6577020000,215424.9782258460,215424.9782258460,1,DORA-USDT
2021-08-03 22:00:00,1627999200000,5.2010000000,5.3600000000,5.1950000000,5.2810000000,52995.8089560000,280330.2781853640,280330.2781853640,1,DORA-USDT
2021-08-03 23:00:00,1628002800000,5.2810000000,5.4000000000,5.2480000000,5.3900000000,53753.4793200000,286863.8930893720,286863.8930893720,1,DORA-USDT
2021-08-04 00:00:00,1628006400000,5.3910000000,5.4900000000,5.3680000000,5.4900000000,44534.2399020000,242228.6563212340,242228.6563212340,1,DORA-USDT
2021-08-04 01:00:00,1628010000000,5.4900000000,5.4900000000,5.3530000000,5.3880000000,49584.5076430000,269164.1338667690,269164.1338667690,1,DORA-USDT
2021-08-04 02:00:00,1628013600000,5.3880000000,5.4160000000,5.3200000000,5.4010000000,41773.6916300000,224172.5786174760,224172.5786174760,1,DORA-USDT
2021-08-04 03:00:00,1628017200000,5.4000000000,5.4090000000,5.3360000000,5.4020000000,33438.4836970000,179910.7018013970,179910.7018013970,1,DORA-USDT
2021-08-04 04:00:00,1628020800000,5.4000000000,5.4460000000,5.3790000000,5.3960000000,23060.1035460000,124897.1218898820,124897.1218898820,1,DORA-USDT
2021-08-04 05:00:00,1628024400000,5.3960000000,5.4480000000,5.3870000000,5.3910000000,39897.1955970000,216155.9530882920,216155.9530882920,1,DORA-USDT
2021-08-04 06:00:00,1628028000000,5.3900000000,5.4150000000,5.3600000000,5.4080000000,16648.1944690000,89797.1596498980,89797.1596498980,1,DORA-USDT
2021-08-04 07:00:00,1628031600000,5.4070000000,5.8270000000,5.3950000000,5.6100000000,109616.6292890000,615456.7127217480,615456.7127217480,1,DORA-USDT
2021-08-04 08:00:00,1628035200000,5.6090000000,5.6700000000,5.4600000000,5.6690000000,90655.9634660000,504457.7752608930,504457.7752608930,1,DORA-USDT
2021-08-04 09:00:00,1628038800000,5.6700000000,5.6720000000,5.5510000000,5.5750000000,54266.5974000000,303699.0893194050,303699.0893194050,1,DORA-USDT
2021-08-04 10:00:00,1628042400000,5.5750000000,5.9580000000,5.5690000000,5.9540000000,87123.3081820000,503170.8944914270,503170.8944914270,1,DORA-USDT
2021-08-04 11:00:00,1628046000000,5.9530000000,5.9570000000,5.8300000000,5.8360000000,76360.4542900000,449464.0242451490,449464.0242451490,1,DORA-USDT
2021-08-04 12:00:00,1628049600000,5.8350000000,5.9200000000,5.7700000000,5.7980000000,64583.0158760000,376725.3102253530,376725.3102253530,1,DORA-USDT
2021-08-04 13:00:00,1628053200000,5.7970000000,5.8930000000,5.7640000000,5.8290000000,40878.1161400000,238791.5328992240,238791.5328992240,1,DORA-USDT
2021-08-04 14:00:00,1628056800000,5.8270000000,5.8900000000,5.7860000000,5.8700000000,48671.1119540000,284542.1396597730,284542.1396597730,1,DORA-USDT
2021-08-04 15:00:00,1628060400000,5.8690000000,6.1640000000,5.8680000000,6.0770000000,102313.5865150000,613525.8542107870,613525.8542107870,1,DORA-USDT
2021-08-04 16:00:00,1628064000000,6.0730000000,6.0970000000,5.8200000000,5.8380000000,82558.4901600000,494143.5815122410,494143.5815122410,1,DORA-USDT
2021-08-04 17:00:00,1628067600000,5.8400000000,5.9630000000,5.8230000000,5.9420000000,62189.1555180000,367160.1778132040,367160.1778132040,1,DORA-USDT
2021-08-04 18:00:00,1628071200000,5.9420000000,5.9600000000,5.8840000000,5.9200000000,23376.8894660000,138384.1593684030,138384.1593684030,1,DORA-USDT
2021-08-04 19:00:00,1628074800000,5.9190000000,5.9570000000,5.8020000000,5.8410000000,39877.5587320000,233930.6829158370,233930.6829158370,1,DORA-USDT
2021-08-04 20:00:00,1628078400000,5.8430000000,6.2000000000,5.8400000000,6.1780000000,70415.8661270000,422781.4340790340,422781.4340790340,1,DORA-USDT
2021-08-04 21:00:00,1628082000000,6.1780000000,6.2590000000,6.1200000000,6.1720000000,78647.9142770000,487868.6693254250,487868.6693254250,1,DORA-USDT
2021-08-04 22:00:00,1628085600000,6.1700000000,6.2300000000,6.0600000000,6.2260000000,51815.4695800000,318623.4954311680,318623.4954311680,1,DORA-USDT
2021-08-04 23:00:00,1628089200000,6.2280000000,6.9290000000,6.2220000000,6.8250000000,172755.7651760000,1151531.6107112239,1151531.6107112239,1,DORA-USDT
2021-08-05 00:00:00,1628092800000,6.7600000000,7.1310000000,6.7210000000,6.7720000000,154752.4971330000,1067118.4336644970,1067118.4336644970,1,DORA-USDT
2021-08-05 01:00:00,1628096400000,6.7720000000,6.8820000000,6.6870000000,6.7650000000,76246.1463540000,516082.7876408220,516082.7876408220,1,DORA-USDT
2021-08-05 02:00:00,1628100000000,6.7650000000,6.8900000000,6.5400000000,6.5630000000,102782.5201310000,684688.6055594929,684688.6055594929,1,DORA-USDT
2021-08-05 03:00:00,1628103600000,6.5630000000,6.7300000000,6.5380000000,6.5600000000,58844.3532150000,390608.4967334240,390608.4967334240,1,DORA-USDT
2021-08-05 04:00:00,1628107200000,6.5600000000,6.5990000000,6.4700000000,6.5590000000,39623.4711500000,259254.4123822090,259254.4123822090,1,DORA-USDT
2021-08-05 05:00:00,1628110800000,6.5580000000,6.9890000000,6.5300000000,6.9590000000,88417.9569480000,596195.8667192440,596195.8667192440,1,DORA-USDT
2021-08-05 06:00:00,1628114400000,6.9650000000,6.9710000000,6.5700000000,6.6590000000,116282.8350530000,785388.9188822870,785388.9188822870,1,DORA-USDT
2021-08-05 07:00:00,1628118000000,6.6580000000,6.7100000000,6.5920000000,6.5980000000,40185.5848920000,267761.4403784490,267761.4403784490,1,DORA-USDT
2021-08-05 08:00:00,1628121600000,6.5980000000,6.7360000000,6.5610000000,6.6820000000,104087.4901220000,692326.5128306760,692326.5128306760,1,DORA-USDT
2021-08-05 09:00:00,1628125200000,6.6810000000,6.6820000000,6.2400000000,6.3330000000,174120.7420000000,1110356.6362610939,1110356.6362610939,1,DORA-USDT
2021-08-05 10:00:00,1628128800000,6.3330000000,6.4420000000,6.2580000000,6.3040000000,72009.5064060000,455561.3555513110,455561.3555513110,1,DORA-USDT
2021-08-05 11:00:00,1628132400000,6.3040000000,6.3350000000,6.0680000000,6.2170000000,127984.0095220000,794387.8759786740,794387.8759786740,1,DORA-USDT
2021-08-05 12:00:00,1628136000000,6.2160000000,6.2260000000,6.0050000000,6.1070000000,50244.8689920000,308009.3437013420,308009.3437013420,1,DORA-USDT
2021-08-05 13:00:00,1628139600000,6.1060000000,6.2000000000,6.0670000000,6.1520000000,42398.5502320000,260347.0406109380,260347.0406109380,1,DORA-USDT
2021-08-05 14:00:00,1628143200000,6.1520000000,6.3890000000,6.0970000000,6.2060000000,72289.4749280000,451793.6395746930,451793.6395746930,1,DORA-USDT
2021-08-05 15:00:00,1628146800000,6.2040000000,6.2230000000,6.0870000000,6.1190000000,67318.2429010000,413671.1725236290,413671.1725236290,1,DORA-USDT
2021-08-05 16:00:00,1628150400000,6.1190000000,6.1900000000,6.0900000000,6.1080000000,35350.9712190000,216628.9246658040,216628.9246658040,1,DORA-USDT
2021-08-05 17:00:00,1628154000000,6.1080000000,6.1700000000,5.9300000000,5.9460000000,65958.1820900000,399934.1869637540,399934.1869637540,1,DORA-USDT
2021-08-05 18:00:00,1628157600000,5.9430000000,5.9480000000,5.8020000000,5.8460000000,87701.0480020000,513832.9761704110,513832.9761704110,1,DORA-USDT
2021-08-05 19:00:00,1628161200000,5.8490000000,6.0680000000,5.8100000000,6.0480000000,62695.9159050000,371719.4054134730,371719.4054134730,1,DORA-USDT
2021-08-05 20:00:00,1628164800000,6.0480000000,6.0500000000,5.8100000000,5.9140000000,75395.3455290000,447111.7992844770,447111.7992844770,1,DORA-USDT
2021-08-05 21:00:00,1628168400000,5.9150000000,5.9850000000,5.8500000000,5.9050000000,47915.3929010000,282765.6398832470,282765.6398832470,1,DORA-USDT
2021-08-05 22:00:00,1628172000000,5.9020000000,6.2900000000,5.9010000000,6.2030000000,106265.7725130000,644652.1239613669,644652.1239613669,1,DORA-USDT
2021-08-05 23:00:00,1628175600000,6.2100000000,6.3140000000,6.1400000000,6.1870000000,77863.7716810000,484618.6478083620,484618.6478083620,1,DORA-USDT
2021-08-06 00:00:00,1628179200000,6.1900000000,6.4600000000,6.1510000000,6.3070000000,94564.9461140000,593489.8186479930,593489.8186479930,1,DORA-USDT
2021-08-06 01:00:00,1628182800000,6.4080000000,6.7400000000,6.3360000000,6.4070000000,178775.3928440000,1170479.5012618089,1170479.5012618089,1,DORA-USDT
2021-08-06 02:00:00,1628186400000,6.4060000000,6.4560000000,6.3310000000,6.3560000000,33239.9700230000,212415.2588597010,212415.2588597010,1,DORA-USDT
2021-08-06 03:00:00,1628190000000,6.3560000000,6.4030000000,6.3130000000,6.3440000000,32228.0003500000,205432.6687206020,205432.6687206020,1,DORA-USDT
2021-08-06 04:00:00,1628193600000,6.3440000000,6.3510000000,6.2440000000,6.2920000000,36643.9604870000,231003.6546170080,231003.6546170080,1,DORA-USDT
2021-08-06 05:00:00,1628197200000,6.2910000000,6.4050000000,6.2510000000,6.4000000000,55331.9192770000,349912.2587749770,349912.2587749770,1,DORA-USDT
2021-08-06 06:00:00,1628200800000,6.4000000000,6.4250000000,6.3200000000,6.3290000000,32924.9717550000,210311.5779432350,210311.5779432350,1,DORA-USDT
2021-08-06 07:00:00,1628204400000,6.3290000000,6.4090000000,6.2430000000,6.2520000000,69429.5846810000,437172.0245575270,437172.0245575270,1,DORA-USDT
2021-08-06 08:00:00,1628208000000,6.2510000000,6.2800000000,6.1000000000,6.1010000000,60744.5783830000,377206.6121510740,377206.6121510740,1,DORA-USDT
2021-08-06 09:00:00,1628211600000,6.1010000000,6.2620000000,6.0790000000,6.1520000000,67388.8052660000,414686.9205202480,414686.9205202480,1,DORA-USDT
2021-08-06 10:00:00,1628215200000,6.1520000000,6.1900000000,6.0910000000,6.1530000000,50707.3523900000,311165.2649374510,311165.2649374510,1,DORA-USDT
2021-08-06 11:00:00,1628218800000,6.1520000000,6.1930000000,6.1170000000,6.1910000000,44573.0236520000,274370.4032524830,274370.4032524830,1,DORA-USDT
2021-08-06 12:00:00,1628222400000,6.1920000000,6.2550000000,6.0610000000,6.1590000000,74839.6087010000,459661.8645771700,459661.8645771700,1,DORA-USDT
2021-08-06 13:00:00,1628226000000,6.1590000000,6.1900000000,6.0000000000,6.0720000000,68330.5636670000,416996.1791566470,416996.1791566470,1,DORA-USDT
2021-08-06 14:00:00,1628229600000,6.0710000000,6.2030000000,6.0590000000,6.1780000000,112215.0814180000,688665.3602158700,688665.3602158700,1,DORA-USDT
2021-08-06 15:00:00,1628233200000,6.1770000000,6.4600000000,6.1020000000,6.4340000000,102120.2162260000,639663.5778309860,639663.5778309860,1,DORA-USDT
2021-08-06 16:00:00,1628236800000,6.4400000000,6.6900000000,6.3220000000,6.3500000000,111218.4515480000,721661.8344332500,721661.8344332500,1,DORA-USDT
2021-08-06 17:00:00,1628240400000,6.3480000000,6.4060000000,6.3080000000,6.3800000000,36890.5109760000,234828.0162870220,234828.0162870220,1,DORA-USDT
2021-08-06 18:00:00,1628244000000,6.3770000000,6.4200000000,6.2910000000,6.4050000000,42391.6368580000,269444.7065549190,269444.7065549190,1,DORA-USDT
2021-08-06 19:00:00,1628247600000,6.4040000000,6.4110000000,6.3310000000,6.4100000000,26301.5900380000,168001.8587336630,168001.8587336630,1,DORA-USDT
2021-08-06 20:00:00,1628251200000,6.4110000000,6.4430000000,6.3300000000,6.3830000000,36215.1878820000,231099.6453294400,231099.6453294400,1,DORA-USDT
2021-08-06 21:00:00,1628254800000,6.3820000000,6.6230000000,6.3700000000,6.5000000000,63665.9006630000,414678.3931310050,414678.3931310050,1,DORA-USDT
2021-08-06 22:00:00,1628258400000,6.5010000000,6.5380000000,6.3990000000,6.5110000000,35480.1060960000,229344.5472578960,229344.5472578960,1,DORA-USDT
2021-08-06 23:00:00,1628262000000,6.4710000000,6.8590000000,6.4600000000,6.6930000000,133791.1550170000,890228.2132465480,890228.2132465480,1,DORA-USDT
2021-08-07 00:00:00,1628265600000,6.6940000000,6.8260000000,6.1000000000,6.3340000000,123807.5689070000,809176.2266977080,809176.2266977080,1,DORA-USDT
2021-08-07 01:00:00,1628269200000,6.3330000000,6.4780000000,6.2900000000,6.3330000000,52500.7247260000,336350.6957326460,336350.6957326460,1,DORA-USDT
2021-08-07 02:00:00,1628272800000,6.3210000000,6.4490000000,6.2200000000,6.4000000000,61591.6829040000,391391.3770906970,391391.3770906970,1,DORA-USDT
2021-08-07 03:00:00,1628276400000,6.3970000000,6.4540000000,6.2870000000,6.4470000000,37849.0655280000,241754.9539087480,241754.9539087480,1,DORA-USDT
2021-08-07 04:00:00,1628280000000,6.4470000000,6.4900000000,6.3030000000,6.3960000000,42684.5646040000,272909.9850143350,272909.9850143350,1,DORA-USDT
2021-08-07 05:00:00,1628283600000,6.3950000000,6.4100000000,6.2200000000,6.2670000000,43937.9177630000,277529.2371527440,277529.2371527440,1,DORA-USDT
2021-08-07 06:00:00,1628287200000,6.2670000000,6.3400000000,6.2100000000,6.3100000000,53259.4564620000,334008.9490902000,334008.9490902000,1,DORA-USDT
2021-08-07 07:00:00,1628290800000,6.3100000000,6.4000000000,6.2720000000,6.3080000000,58157.7411360000,369430.3187760860,369430.3187760860,1,DORA-USDT
2021-08-07 08:00:00,1628294400000,6.3070000000,6.5760000000,6.2320000000,6.5670000000,59175.1035210000,377282.8697216110,377282.8697216110,1,DORA-USDT
2021-08-07 09:00:00,1628298000000,6.5690000000,6.6900000000,6.4180000000,6.5600000000,127676.9331870000,833212.1262313400,833212.1262313400,1,DORA-USDT
2021-08-07 10:00:00,1628301600000,6.5610000000,6.5690000000,6.3550000000,6.4020000000,84890.2186700000,549136.3994096339,549136.3994096339,1,DORA-USDT
2021-08-07 11:00:00,1628305200000,6.4000000000,6.6000000000,6.3740000000,6.5190000000,79766.3768080000,516826.1085186240,516826.1085186240,1,DORA-USDT
2021-08-07 12:00:00,1628308800000,6.5190000000,6.7000000000,6.5110000000,6.6500000000,74286.8874000000,492116.9060164470,492116.9060164470,1,DORA-USDT
2021-08-07 13:00:00,1628312400000,6.6500000000,6.7600000000,6.5500000000,6.7070000000,47357.7577830000,314042.9216305900,314042.9216305900,1,DORA-USDT
2021-08-07 14:00:00,1628316000000,6.7050000000,7.3400000000,6.6710000000,7.3150000000,116438.8068760000,811625.3987444120,811625.3987444120,1,DORA-USDT
2021-08-07 15:00:00,1628319600000,7.3160000000,7.6400000000,7.0440000000,7.2390000000,166070.8215520000,1214767.3357472990,1214767.3357472990,1,DORA-USDT
2021-08-07 16:00:00,1628323200000,7.2350000000,7.3720000000,7.0810000000,7.2240000000,72814.9374940000,525734.3767579250,525734.3767579250,1,DORA-USDT
2021-08-07 17:00:00,1628326800000,7.2230000000,7.2600000000,7.1210000000,7.1630000000,58779.5845210000,421921.7908525060,421921.7908525060,1,DORA-USDT
2021-08-07 18:00:00,1628330400000,7.1720000000,7.3500000000,7.1270000000,7.1540000000,61543.1019950000,443288.2374004960,443288.2374004960,1,DORA-USDT
2021-08-07 19:00:00,1628334000000,7.1520000000,7.1990000000,7.0210000000,7.1740000000,44705.2083500000,317417.4526021960,317417.4526021960,1,DORA-USDT
2021-08-07 20:00:00,1628337600000,7.1730000000,7.5910000000,6.8220000000,6.8350000000,116616.9342070000,829871.6770416310,829871.6770416310,1,DORA-USDT
2021-08-07 21:00:00,1628341200000,6.8340000000,6.9710000000,6.6960000000,6.8180000000,88676.0107450000,603895.4549592840,603895.4549592840,1,DORA-USDT
2021-08-07 22:00:00,1628344800000,6.8180000000,7.3000000000,6.8000000000,7.1340000000,104424.5213190000,738070.0274022151,738070.0274022151,1,DORA-USDT
2021-08-07 23:00:00,1628348400000,7.1340000000,7.2280000000,7.0300000000,7.1290000000,58338.9804250000,416636.1823747590,416636.1823747590,1,DORA-USDT
2021-08-08 00:00:00,1628352000000,7.1290000000,7.2990000000,6.8500000000,7.2740000000,123703.0523060000,871955.2845747330,871955.2845747330,1,DORA-USDT
2021-08-08 01:00:00,1628355600000,7.2740000000,8.0980000000,7.2180000000,8.0180000000,181707.1202880000,1406184.3437341561,1406184.3437341561,1,DORA-USDT
2021-08-08 02:00:00,1628359200000,8.0180000000,8.9000000000,7.8700000000,7.9970000000,272116.9984930000,2252923.0489606494,2252923.0489606494,1,DORA-USDT
2021-08-08 03:00:00,1628362800000,8.0000000000,8.0500000000,7.7230000000,7.8200000000,70824.7467540000,556335.9369640819,556335.9369640819,1,DORA-USDT
2021-08-08 04:00:00,1628366400000,7.8210000000,7.9490000000,7.7500000000,7.8020000000,56994.1778030000,448321.1466638630,448321.1466638630,1,DORA-USDT
2021-08-08 05:00:00,1628370000000,7.8020000000,8.1670000000,7.7750000000,8.1580000000,84698.1692540000,674662.1271955380,674662.1271955380,1,DORA-USDT
2021-08-08 06:00:00,1628373600000,8.1580000000,8.3310000000,7.9600000000,8.2680000000,119853.5831120000,984259.0030042268,984259.0030042268,1,DORA-USDT
2021-08-08 07:00:00,1628377200000,8.2650000000,8.4000000000,7.8960000000,8.0210000000,135193.6151260000,1106229.4666087180,1106229.4666087180,1,DORA-USDT
2021-08-08 08:00:00,1628380800000,8.0200000000,8.0530000000,7.5020000000,7.8100000000,194324.5848740000,1509102.3688576370,1509102.3688576370,1,DORA-USDT
2021-08-08 09:00:00,1628384400000,7.8050000000,7.8990000000,7.4920000000,7.5440000000,103017.9189800000,792259.4928545060,792259.4928545060,1,DORA-USDT
2021-08-08 10:00:00,1628388000000,7.5430000000,7.7300000000,7.5410000000,7.7220000000,38748.1539220000,296221.0782129490,296221.0782129490,1,DORA-USDT
2021-08-08 11:00:00,1628391600000,7.7220000000,7.8200000000,7.7000000000,7.7220000000,48165.8283520000,373243.8207918200,373243.8207918200,1,DORA-USDT
2021-08-08 12:00:00,1628395200000,7.7220000000,7.7950000000,7.5500000000,7.6130000000,49843.4646850000,382845.5969483650,382845.5969483650,1,DORA-USDT
2021-08-08 13:00:00,1628398800000,7.6160000000,7.7040000000,7.5630000000,7.6380000000,30622.5827280000,232752.3769710560,232752.3769710560,1,DORA-USDT
2021-08-08 14:00:00,1628402400000,7.6400000000,7.8900000000,7.6010000000,7.8090000000,38891.9505750000,301151.1077908190,301151.1077908190,1,DORA-USDT
2021-08-08 15:00:00,1628406000000,7.8080000000,7.8090000000,7.5220000000,7.6460000000,59297.5388780000,454551.6507660950,454551.6507660950,1,DORA-USDT
2021-08-08 16:00:00,1628409600000,7.6440000000,7.7190000000,7.5870000000,7.6550000000,35177.0586290000,269932.0234937620,269932.0234937620,1,DORA-USDT
2021-08-08 17:00:00,1628413200000,7.6560000000,7.6790000000,7.5750000000,7.6050000000,33631.2060000000,256250.8533756240,256250.8533756240,1,DORA-USDT
2021-08-08 18:00:00,1628416800000,7.6050000000,7.6210000000,7.4100000000,7.4420000000,50076.0298030000,375061.1585467990,375061.1585467990,1,DORA-USDT
2021-08-08 19:00:00,1628420400000,7.4410000000,7.6300000000,7.4400000000,7.5130000000,48163.5330960000,362711.5510663880,362711.5510663880,1,DORA-USDT
2021-08-08 20:00:00,1628424000000,7.5130000000,7.5480000000,7.4410000000,7.4820000000,31388.7242690000,235112.9984911730,235112.9984911730,1,DORA-USDT
2021-08-08 21:00:00,1628427600000,7.4810000000,7.8280000000,7.4600000000,7.7540000000,49623.0849290000,377448.5584781010,377448.5584781010,1,DORA-USDT
2021-08-08 22:00:00,1628431200000,7.7570000000,8.0160000000,7.6110000000,7.6450000000,116217.2363970000,908048.6397191968,908048.6397191968,1,DORA-USDT
2021-08-08 23:00:00,1628434800000,7.6460000000,7.8800000000,7.5310000000,7.8560000000,57790.8540720000,444379.6298222700,444379.6298222700,1,DORA-USDT
2021-08-09 00:00:00,1628438400000,7.8540000000,7.8690000000,7.5310000000,7.5640000000,57947.9112520000,446055.2059424010,446055.2059424010,1,DORA-USDT
2021-08-09 01:00:00,1628442000000,7.5610000000,7.8170000000,7.5010000000,7.5420000000,87742.7201670000,670835.5315579710,670835.5315579710,1,DORA-USDT
2021-08-09 02:00:00,1628445600000,7.5430000000,7.5920000000,7.4610000000,7.5450000000,32096.9274620000,241533.0032543890,241533.0032543890,1,DORA-USDT
2021-08-09 03:00:00,1628449200000,7.5470000000,7.5800000000,7.4600000000,7.5640000000,29401.8665830000,221922.1221661410,221922.1221661410,1,DORA-USDT
2021-08-09 04:00:00,1628452800000,7.5620000000,7.7200000000,7.4600000000,7.6600000000,51681.7689630000,390789.9102842690,390789.9102842690,1,DORA-USDT
2021-08-09 05:00:00,1628456400000,7.6570000000,7.7130000000,7.4970000000,7.5230000000,61183.0480690000,464438.5465458990,464438.5465458990,1,DORA-USDT
2021-08-09 06:00:00,1628460000000,7.5220000000,7.9950000000,7.5030000000,7.6850000000,117260.7761920000,902944.8934019940,902944.8934019940,1,DORA-USDT
2021-08-09 07:00:00,1628463600000,7.6850000000,8.5000000000,7.6800000000,7.7820000000,192860.7621090000,1527785.2769594167,1527785.2769594167,1,DORA-USDT
2021-08-09 08:00:00,1628467200000,7.7810000000,7.7960000000,7.4330000000,7.5120000000,67630.0067740000,512126.1274556630,512126.1274556630,1,DORA-USDT
2021-08-09 09:00:00,1628470800000,7.5130000000,7.5270000000,7.3400000000,7.4210000000,49119.4850680000,365400.4765422110,365400.4765422110,1,DORA-USDT
2021-08-09 10:00:00,1628474400000,7.4210000000,7.4480000000,7.3000000000,7.3810000000,41813.1800250000,309162.0203512410,309162.0203512410,1,DORA-USDT
2021-08-09 11:00:00,1628478000000,7.3830000000,7.4020000000,7.1290000000,7.2280000000,81965.2286150000,594595.9143812740,594595.9143812740,1,DORA-USDT
2021-08-09 12:00:00,1628481600000,7.2130000000,7.3690000000,7.1830000000,7.3260000000,49458.2544670000,358946.8938038250,358946.8938038250,1,DORA-USDT
2021-08-09 13:00:00,1628485200000,7.3230000000,7.4500000000,7.2810000000,7.3730000000,35084.1120540000,258770.4097240460,258770.4097240460,1,DORA-USDT
2021-08-09 14:00:00,1628488800000,7.3730000000,7.3970000000,7.2050000000,7.2970000000,38477.9824400000,280281.3050473770,280281.3050473770,1,DORA-USDT
2021-08-09 15:00:00,1628492400000,7.2970000000,7.4500000000,7.2280000000,7.4040000000,38636.4578060000,283769.2022562880,283769.2022562880,1,DORA-USDT
2021-08-09 16:00:00,1628496000000,7.4060000000,7.4140000000,7.2500000000,7.3670000000,36177.4028150000,265730.3011430960,265730.3011430960,1,DORA-USDT
2021-08-09 17:00:00,1628499600000,7.3660000000,7.5180000000,7.3030000000,7.4530000000,52957.9058860000,394259.7874181630,394259.7874181630,1,DORA-USDT
2021-08-09 18:00:00,1628503200000,7.4540000000,8.0000000000,7.4220000000,7.6660000000,57190.9387840000,431470.1691061280,431470.1691061280,1,DORA-USDT
2021-08-09 19:00:00,1628506800000,7.6640000000,7.9990000000,7.6110000000,7.7290000000,66669.3668900000,517064.5633995840,517064.5633995840,1,DORA-USDT
2021-08-09 20:00:00,1628510400000,7.7300000000,7.8270000000,7.6400000000,7.6580000000,35022.7972650000,270457.4336515500,270457.4336515500,1,DORA-USDT
2021-08-09 21:00:00,1628514000000,7.6580000000,7.8040000000,7.5470000000,7.5700000000,47602.9807760000,364950.9327499360,364950.9327499360,1,DORA-USDT
2021-08-09 22:00:00,1628517600000,7.5710000000,7.8010000000,7.5660000000,7.7710000000,35008.1208400000,269765.6005571200,269765.6005571200,1,DORA-USDT
2021-08-09 23:00:00,1628521200000,7.7690000000,7.8990000000,7.7500000000,7.8580000000,36111.9433220000,282884.7876552840,282884.7876552840,1,DORA-USDT
2021-08-10 00:00:00,1628524800000,7.8580000000,7.9000000000,7.7440000000,7.7640000000,37335.8409610000,292376.5953558250,292376.5953558250,1,DORA-USDT
2021-08-10 01:00:00,1628528400000,7.7610000000,7.7680000000,7.6180000000,7.6370000000,35812.1380290000,274978.5181426860,274978.5181426860,1,DORA-USDT
2021-08-10 02:00:00,1628532000000,7.6370000000,7.7560000000,7.6000000000,7.7110000000,28525.7110310000,218605.8679793010,218605.8679793010,1,DORA-USDT
2021-08-10 03:00:00,1628535600000,7.7110000000,7.7590000000,7.5270000000,7.6050000000,54527.9049180000,414697.9593871260,414697.9593871260,1,DORA-USDT
2021-08-10 04:00:00,1628539200000,7.6050000000,7.6560000000,7.5000000000,7.5250000000,41726.8673740000,316098.5214176880,316098.5214176880,1,DORA-USDT
2021-08-10 05:00:00,1628542800000,7.5250000000,7.5790000000,7.2900000000,7.3020000000,51835.1346480000,382896.1295373290,382896.1295373290,1,DORA-USDT
2021-08-10 06:00:00,1628546400000,7.3030000000,7.6270000000,7.3030000000,7.6270000000,58810.3554470000,439228.8357178600,439228.8357178600,1,DORA-USDT
2021-08-10 07:00:00,1628550000000,7.6260000000,7.6420000000,7.3230000000,7.4570000000,62017.2765620000,462530.1338385290,462530.1338385290,1,DORA-USDT
2021-08-10 08:00:00,1628553600000,7.4610000000,7.5690000000,7.2400000000,7.2830000000,102741.9997650000,756458.4509381140,756458.4509381140,1,DORA-USDT
2021-08-10 09:00:00,1628557200000,7.2810000000,7.3500000000,7.2500000000,7.3430000000,40022.1097660000,292169.3469233220,292169.3469233220,1,DORA-USDT
2021-08-10 10:00:00,1628560800000,7.3440000000,7.4500000000,7.2660000000,7.3420000000,60220.7011600000,441852.4265070380,441852.4265070380,1,DORA-USDT
2021-08-10 11:00:00,1628564400000,7.3420000000,7.4260000000,7.2670000000,7.4200000000,53895.0751480000,395812.9630422100,395812.9630422100,1,DORA-USDT
2021-08-10 12:00:00,1628568000000,7.4190000000,7.4190000000,7.2800000000,7.2800000000,54312.0245080000,399424.9080066720,399424.9080066720,1,DORA-USDT
2021-08-10 13:00:00,1628571600000,7.2810000000,7.4300000000,7.2810000000,7.3810000000,53971.7721950000,398543.5493613430,398543.5493613430,1,DORA-USDT
2021-08-10 14:00:00,1628575200000,7.3800000000,7.4010000000,7.2800000000,7.3600000000,47142.5798990000,346882.6711664770,346882.6711664770,1,DORA-USDT
2021-08-10 15:00:00,1628578800000,7.3590000000,7.4000000000,7.2960000000,7.3710000000,46619.8534700000,342753.4816238270,342753.4816238270,1,DORA-USDT
2021-08-10 16:00:00,1628582400000,7.3770000000,7.4180000000,7.3200000000,7.3710000000,39193.9262350000,288594.3065593660,288594.3065593660,1,DORA-USDT
2021-08-10 17:00:00,1628586000000,7.3690000000,7.4290000000,7.2900000000,7.3330000000,41382.7809390000,304212.1320117020,304212.1320117020,1,DORA-USDT
2021-08-10 18:00:00,1628589600000,7.3330000000,7.4260000000,7.1860000000,7.2410000000,62067.8045180000,455458.0658015120,455458.0658015120,1,DORA-USDT
2021-08-10 19:00:00,1628593200000,7.2410000000,7.3140000000,7.1960000000,7.1970000000,58756.5540000000,425305.6731040700,425305.6731040700,1,DORA-USDT
2021-08-10 20:00:00,1628596800000,7.2030000000,7.3650000000,7.1420000000,7.3360000000,55312.5251340000,401497.4673793190,401497.4673793190,1,DORA-USDT
2021-08-10 21:00:00,1628600400000,7.3370000000,7.3600000000,7.2040000000,7.2690000000,56707.4375160000,413326.6723282050,413326.6723282050,1,DORA-USDT
2021-08-10 22:00:00,1628604000000,7.2680000000,7.3120000000,7.2260000000,7.2510000000,40408.0019930000,293178.4293146000,293178.4293146000,1,DORA-USDT
2021-08-10 23:00:00,1628607600000,7.2510000000,7.2650000000,7.1610000000,7.2140000000,44919.2709630000,324224.1024754410,324224.1024754410,1,DORA-USDT
2021-08-11 00:00:00,1628611200000,7.2140000000,7.2700000000,7.0470000000,7.0740000000,71088.6104140000,507137.1688062690,507137.1688062690,1,DORA-USDT
2021-08-11 01:00:00,1628614800000,7.0740000000,7.1580000000,7.0730000000,7.1250000000,34433.2491590000,245316.1605386990,245316.1605386990,1,DORA-USDT
2021-08-11 02:00:00,1628618400000,7.1240000000,7.1460000000,7.1040000000,7.1320000000,20417.4403910000,145513.1016466100,145513.1016466100,1,DORA-USDT
2021-08-11 03:00:00,1628622000000,7.1330000000,7.1460000000,7.1250000000,7.1280000000,14113.7223580000,100741.4288986450,100741.4288986450,1,DORA-USDT
2021-08-11 04:00:00,1628625600000,7.1270000000,7.2300000000,7.1040000000,7.1480000000,34482.8763900000,247248.9259597570,247248.9259597570,1,DORA-USDT
2021-08-11 05:00:00,1628629200000,7.1480000000,7.2220000000,7.1000000000,7.2050000000,37270.8810920000,266868.6685152550,266868.6685152550,1,DORA-USDT
2021-08-11 06:00:00,1628632800000,7.2060000000,7.2260000000,7.1390000000,7.1480000000,27935.2399980000,200571.6085280080,200571.6085280080,1,DORA-USDT
2021-08-11 07:00:00,1628636400000,7.1470000000,7.2830000000,7.1020000000,7.2340000000,51320.5099160000,369363.2596931670,369363.2596931670,1,DORA-USDT
2021-08-11 08:00:00,1628640000000,7.2330000000,7.2700000000,7.1570000000,7.2440000000,61795.1964360000,446056.2248919990,446056.2248919990,1,DORA-USDT
2021-08-11 09:00:00,1628643600000,7.2440000000,7.5900000000,7.2120000000,7.5360000000,66272.2330790000,487713.7134986690,487713.7134986690,1,DORA-USDT
2021-08-11 10:00:00,1628647200000,7.5380000000,7.5850000000,7.3750000000,7.4480000000,95457.3795990000,713355.3040358120,713355.3040358120,1,DORA-USDT
2021-08-11 11:00:00,1628650800000,7.4520000000,7.5900000000,7.2790000000,7.2990000000,73655.5050130000,544901.4151597830,544901.4151597830,1,DORA-USDT
2021-08-11 12:00:00,1628654400000,7.2990000000,7.3570000000,7.2500000000,7.2650000000,40757.9003330000,297786.9719853770,297786.9719853770,1,DORA-USDT
2021-08-11 13:00:00,1628658000000,7.2670000000,7.4290000000,7.2110000000,7.3610000000,75973.6260800000,555784.2796621870,555784.2796621870,1,DORA-USDT
2021-08-11 14:00:00,1628661600000,7.3610000000,7.4310000000,7.2340000000,7.3510000000,87005.7124050000,637015.7479348000,637015.7479348000,1,DORA-USDT
2021-08-11 15:00:00,1628665200000,7.3520000000,7.4510000000,7.2900000000,7.3660000000,49102.8656340000,362314.6073320020,362314.6073320020,1,DORA-USDT
2021-08-11 16:00:00,1628668800000,7.3640000000,7.4100000000,7.1940000000,7.2790000000,54439.4573500000,397370.1161053560,397370.1161053560,1,DORA-USDT
2021-08-11 17:00:00,1628672400000,7.2790000000,7.3150000000,7.2260000000,7.2410000000,44142.4073250000,320868.0850675310,320868.0850675310,1,DORA-USDT
2021-08-11 18:00:00,1628676000000,7.2420000000,7.3660000000,7.2400000000,7.3470000000,48607.3352160000,355811.9797681960,355811.9797681960,1,DORA-USDT
2021-08-11 19:00:00,1628679600000,7.3480000000,7.6920000000,7.2810000000,7.4670000000,117592.7421210000,877381.5494629670,877381.5494629670,1,DORA-USDT
2021-08-11 20:00:00,1628683200000,7.4660000000,7.5000000000,7.4000000000,7.4210000000,39466.9326600000,294292.5040202040,294292.5040202040,1,DORA-USDT
2021-08-11 21:00:00,1628686800000,7.4190000000,7.5770000000,7.4100000000,7.4700000000,62895.3908970000,471921.9019367290,471921.9019367290,1,DORA-USDT
2021-08-11 22:00:00,1628690400000,7.4700000000,7.5890000000,7.4480000000,7.5230000000,42976.9827400000,322765.7419912450,322765.7419912450,1,DORA-USDT
2021-08-11 23:00:00,1628694000000,7.5240000000,7.7100000000,7.4910000000,7.5900000000,51518.9500080000,391594.6662983790,391594.6662983790,1,DORA-USDT
2021-08-12 00:00:00,1628697600000,7.5890000000,8.2380000000,7.5890000000,7.9690000000,193882.4693390000,1546663.1640316350,1546663.1640316350,1,DORA-USDT
2021-08-12 01:00:00,1628701200000,7.9690000000,8.0000000000,7.9220000000,7.9780000000,29664.4747840000,236459.2212513940,236459.2212513940,1,DORA-USDT
2021-08-12 02:00:00,1628704800000,7.9810000000,8.3000000000,7.9690000000,7.9690000000,89654.1396690000,726790.8143660240,726790.8143660240,1,DORA-USDT
2021-08-12 03:00:00,1628708400000,7.9680000000,8.2100000000,7.9140000000,8.1290000000,39997.1359180000,321683.3110155850,321683.3110155850,1,DORA-USDT
2021-08-12 04:00:00,1628712000000,8.1280000000,8.1910000000,8.0200000000,8.0480000000,54629.0442190000,443295.2951721070,443295.2951721070,1,DORA-USDT
2021-08-12 05:00:00,1628715600000,8.0470000000,8.0610000000,7.6390000000,7.7040000000,86658.1449590000,674406.0739057760,674406.0739057760,1,DORA-USDT
2021-08-12 06:00:00,1628719200000,7.7060000000,7.7220000000,7.3900000000,7.4470000000,72769.8942040000,549699.1479941329,549699.1479941329,1,DORA-USDT
2021-08-12 07:00:00,1628722800000,7.4450000000,7.4900000000,7.3330000000,7.4520000000,60472.1079660000,449125.3140390860,449125.3140390860,1,DORA-USDT
2021-08-12 08:00:00,1628726400000,7.4520000000,7.5610000000,7.4000000000,7.5230000000,43519.9555520000,326578.3811529100,326578.3811529100,1,DORA-USDT
2021-08-12 09:00:00,1628730000000,7.5230000000,7.7390000000,7.5230000000,7.7110000000,40153.3866090000,307119.5268408100,307119.5268408100,1,DORA-USDT
2021-08-12 10:00:00,1628733600000,7.7100000000,7.7810000000,7.6470000000,7.7410000000,29102.8512180000,224548.6883901230,224548.6883901230,1,DORA-USDT
2021-08-12 11:00:00,1628737200000,7.7410000000,7.8000000000,7.6630000000,7.7460000000,36404.4527670000,281609.3960795680,281609.3960795680,1,DORA-USDT
2021-08-12 12:00:00,1628740800000,7.7660000000,7.7730000000,7.4500000000,7.5060000000,61178.8839480000,463954.8525044880,463954.8525044880,1,DORA-USDT
2021-08-12 13:00:00,1628744400000,7.5060000000,7.5130000000,7.1490000000,7.1860000000,84467.2394690000,618119.0379789009,618119.0379789009,1,DORA-USDT
2021-08-12 14:00:00,1628748000000,7.1860000000,7.2600000000,7.1000000000,7.2510000000,57154.0486040000,409655.6482484530,409655.6482484530,1,DORA-USDT
2021-08-12 15:00:00,1628751600000,7.2430000000,7.2700000000,7.2110000000,7.2480000000,30031.7670080000,217619.3045643170,217619.3045643170,1,DORA-USDT
2021-08-12 16:00:00,1628755200000,7.2480000000,7.2550000000,7.1600000000,7.2080000000,40258.5787430000,289956.0738387330,289956.0738387330,1,DORA-USDT
2021-08-12 17:00:00,1628758800000,7.2080000000,7.5400000000,7.1100000000,7.4110000000,81758.0164870000,601061.2745656220,601061.2745656220,1,DORA-USDT
2021-08-12 18:00:00,1628762400000,7.4110000000,7.4980000000,7.3700000000,7.3850000000,22886.2882480000,169780.8614539310,169780.8614539310,1,DORA-USDT
2021-08-12 19:00:00,1628766000000,7.3740000000,7.4100000000,7.2300000000,7.2510000000,49365.4178170000,361060.4876661500,361060.4876661500,1,DORA-USDT
2021-08-12 20:00:00,1628769600000,7.2500000000,7.3010000000,7.1500000000,7.2530000000,36994.3173380000,267805.4839511510,267805.4839511510,1,DORA-USDT
2021-08-12 21:00:00,1628773200000,7.2550000000,7.3000000000,7.2100000000,7.2800000000,33268.2606590000,241810.7088315440,241810.7088315440,1,DORA-USDT
2021-08-12 22:00:00,1628776800000,7.2800000000,7.2820000000,7.1000000000,7.1420000000,43854.8789140000,314234.5235088850,314234.5235088850,1,DORA-USDT
2021-08-12 23:00:00,1628780400000,7.1440000000,7.3570000000,7.0910000000,7.2570000000,59463.9442000000,429953.6966871120,429953.6966871120,1,DORA-USDT
2021-08-13 00:00:00,1628784000000,7.2550000000,7.3350000000,7.0100000000,7.0800000000,76464.4315350000,547558.8963429501,547558.8963429501,1,DORA-USDT
2021-08-13 01:00:00,1628787600000,7.0800000000,7.1700000000,7.0690000000,7.1240000000,36496.1305480000,259685.4415694990,259685.4415694990,1,DORA-USDT
2021-08-13 02:00:00,1628791200000,7.1230000000,7.1720000000,7.1050000000,7.1660000000,25361.1685170000,180943.5403868410,180943.5403868410,1,DORA-USDT
2021-08-13 03:00:00,1628794800000,7.1670000000,7.1920000000,7.1400000000,7.1870000000,20270.3865870000,145241.3987332480,145241.3987332480,1,DORA-USDT
2021-08-13 04:00:00,1628798400000,7.1870000000,7.2300000000,7.1010000000,7.1120000000,37942.6803150000,272140.3278367780,272140.3278367780,1,DORA-USDT
2021-08-13 05:00:00,1628802000000,7.1120000000,7.1560000000,7.0580000000,7.0640000000,33433.8043460000,237416.9309418850,237416.9309418850,1,DORA-USDT
2021-08-13 06:00:00,1628805600000,7.0650000000,7.1800000000,7.0630000000,7.0780000000,35542.6721010000,252257.4696116430,252257.4696116430,1,DORA-USDT
2021-08-13 07:00:00,1628809200000,7.0790000000,7.2300000000,7.0030000000,7.2110000000,40690.1177120000,290692.5633166130,290692.5633166130,1,DORA-USDT
2021-08-13 08:00:00,1628812800000,7.2110000000,7.2940000000,7.2010000000,7.2380000000,36265.6056840000,262975.6543619130,262975.6543619130,1,DORA-USDT
2021-08-13 09:00:00,1628816400000,7.2390000000,7.4900000000,7.2100000000,7.2760000000,55018.9985940000,403077.4844255070,403077.4844255070,1,DORA-USDT
2021-08-13 10:00:00,1628820000000,7.2770000000,7.3900000000,7.2010000000,7.3120000000,57568.2612180000,418876.3997891730,418876.3997891730,1,DORA-USDT
2021-08-13 11:00:00,1628823600000,7.3120000000,7.3360000000,7.1440000000,7.1600000000,64079.1166980000,461829.9373113930,461829.9373113930,1,DORA-USDT
2021-08-13 12:00:00,1628827200000,7.1630000000,7.3020000000,7.1560000000,7.2140000000,60781.9832570000,439793.2441776090,439793.2441776090,1,DORA-USDT
2021-08-13 13:00:00,1628830800000,7.2140000000,7.2540000000,7.2040000000,7.2370000000,24488.1717620000,177093.8042474550,177093.8042474550,1,DORA-USDT
2021-08-13 14:00:00,1628834400000,7.2370000000,7.3600000000,7.2000000000,7.2720000000,40442.3706650000,293707.7822795370,293707.7822795370,1,DORA-USDT
2021-08-13 15:00:00,1628838000000,7.2750000000,7.3300000000,7.2180000000,7.2660000000,65125.6535260000,474596.0214772980,474596.0214772980,1,DORA-USDT
2021-08-13 16:00:00,1628841600000,7.2650000000,7.4200000000,7.2210000000,7.3830000000,69526.0744770000,508876.7934775720,508876.7934775720,1,DORA-USDT
2021-08-13 17:00:00,1628845200000,7.3840000000,7.4600000000,7.2710000000,7.3270000000,53647.2206290000,395491.1719972870,395491.1719972870,1,DORA-USDT
2021-08-13 18:00:00,1628848800000,7.3280000000,7.4340000000,7.3210000000,7.3780000000,54218.3839980000,400023.1735936790,400023.1735936790,1,DORA-USDT
2021-08-13 19:00:00,1628852400000,7.3800000000,7.5500000000,7.3640000000,7.4880000000,56014.7287400000,418320.0216249620,418320.0216249620,1,DORA-USDT
2021-08-13 20:00:00,1628856000000,7.4790000000,7.5200000000,7.3900000000,7.4720000000,35965.2321850000,268681.9019601910,268681.9019601910,1,DORA-USDT
2021-08-13 21:00:00,1628859600000,7.4830000000,7.7510000000,7.4240000000,7.5630000000,75173.0860990000,569699.0670039470,569699.0670039470,1,DORA-USDT
2021-08-13 22:00:00,1628863200000,7.5640000000,7.5700000000,7.3360000000,7.3820000000,70443.9109230000,522998.6564006210,522998.6564006210,1,DORA-USDT
2021-08-13 23:00:00,1628866800000,7.3820000000,7.4340000000,7.2810000000,7.2850000000,37205.8193240000,273923.4186030650,273923.4186030650,1,DORA-USDT
2021-08-14 00:00:00,1628870400000,7.2860000000,7.4190000000,7.2850000000,7.3810000000,42922.0639530000,316001.5018374900,316001.5018374900,1,DORA-USDT
2021-08-14 01:00:00,1628874000000,7.3820000000,7.3860000000,7.2100000000,7.2460000000,37689.1668360000,275129.4033583750,275129.4033583750,1,DORA-USDT
2021-08-14 02:00:00,1628877600000,7.2460000000,7.2480000000,7.1300000000,7.1890000000,20903.7357810000,150373.2976476670,150373.2976476670,1,DORA-USDT
2021-08-14 03:00:00,1628881200000,7.1890000000,7.1900000000,7.1210000000,7.1860000000,16378.3680200000,117604.8331266450,117604.8331266450,1,DORA-USDT
2021-08-14 04:00:00,1628884800000,7.1870000000,7.2100000000,7.1820000000,7.2000000000,20697.8856810000,149006.4175229360,149006.4175229360,1,DORA-USDT
2021-08-14 05:00:00,1628888400000,7.1980000000,7.2270000000,7.1890000000,7.2190000000,18817.2343840000,135686.1323502810,135686.1323502810,1,DORA-USDT
2021-08-14 06:00:00,1628892000000,7.2140000000,7.3400000000,7.2000000000,7.3230000000,40032.9858100000,291352.0449356780,291352.0449356780,1,DORA-USDT
2021-08-14 07:00:00,1628895600000,7.3190000000,7.5090000000,7.2920000000,7.4670000000,46383.3434450000,343087.9752774270,343087.9752774270,1,DORA-USDT
2021-08-14 08:00:00,1628899200000,7.4670000000,7.5600000000,7.4020000000,7.4930000000,52869.1555350000,396042.6286158240,396042.6286158240,1,DORA-USDT
2021-08-14 09:00:00,1628902800000,7.4910000000,7.9890000000,7.4710000000,7.7230000000,101542.6621700000,787476.2709195970,787476.2709195970,1,DORA-USDT
2021-08-14 10:00:00,1628906400000,7.7240000000,7.8800000000,7.6000000000,7.7620000000,66545.7877910000,513801.2372722660,513801.2372722660,1,DORA-USDT
2021-08-14 11:00:00,1628910000000,7.7610000000,7.7900000000,7.6310000000,7.7710000000,50256.4104880000,387539.7780478860,387539.7780478860,1,DORA-USDT
2021-08-14 12:00:00,1628913600000,7.7710000000,7.7890000000,7.6500000000,7.6530000000,31476.6734400000,242924.7496223710,242924.7496223710,1,DORA-USDT
2021-08-14 13:00:00,1628917200000,7.6530000000,7.6560000000,7.6190000000,7.6490000000,22318.7104070000,170492.8907131830,170492.8907131830,1,DORA-USDT
2021-08-14 14:00:00,1628920800000,7.6490000000,7.7670000000,7.6470000000,7.7320000000,35406.7970390000,273099.9256713630,273099.9256713630,1,DORA-USDT
2021-08-14 15:00:00,1628924400000,7.7320000000,7.8040000000,7.7140000000,7.7300000000,31349.3506910000,243369.7650999690,243369.7650999690,1,DORA-USDT
2021-08-14 16:00:00,1628928000000,7.7290000000,7.7990000000,7.6000000000,7.6070000000,49646.3743830000,381704.7057040710,381704.7057040710,1,DORA-USDT
2021-08-14 17:00:00,1628931600000,7.6080000000,7.6890000000,7.2100000000,7.2850000000,69334.3791030000,520861.9112280110,520861.9112280110,1,DORA-USDT
2021-08-14 18:00:00,1628935200000,7.2640000000,7.3670000000,6.7100000000,7.1340000000,198395.3199220000,1394623.8923153940,1394623.8923153940,1,DORA-USDT
2021-08-14 19:00:00,1628938800000,7.1330000000,7.2990000000,7.1000000000,7.2170000000,45754.3760540000,327369.4033344530,327369.4033344530,1,DORA-USDT
2021-08-14 20:00:00,1628942400000,7.2160000000,7.2960000000,7.1380000000,7.1570000000,36939.1040390000,265234.1749554870,265234.1749554870,1,DORA-USDT
2021-08-14 21:00:00,1628946000000,7.1600000000,7.2690000000,7.1490000000,7.1670000000,29763.7607760000,213695.5558949180,213695.5558949180,1,DORA-USDT
2021-08-14 22:00:00,1628949600000,7.1670000000,7.3900000000,7.1600000000,7.3720000000,52235.1575840000,381271.1582028110,381271.1582028110,1,DORA-USDT
2021-08-14 23:00:00,1628953200000,7.3710000000,7.3940000000,7.2800000000,7.3330000000,43266.2045930000,317474.5861764050,317474.5861764050,1,DORA-USDT
2021-08-15 00:00:00,1628956800000,7.3330000000,7.3660000000,7.2600000000,7.3170000000,35734.0787190000,260944.2976417160,260944.2976417160,1,DORA-USDT
2021-08-15 01:00:00,1628960400000,7.3170000000,7.3200000000,7.2400000000,7.3030000000,34312.9089490000,250192.2639273600,250192.2639273600,1,DORA-USDT
2021-08-15 02:00:00,1628964000000,7.3020000000,7.3270000000,7.2970000000,7.3120000000,17631.8639170000,128929.5382605040,128929.5382605040,1,DORA-USDT
2021-08-15 03:00:00,1628967600000,7.3120000000,7.4000000000,7.3110000000,7.3690000000,22807.1579070000,167693.3805509350,167693.3805509350,1,DORA-USDT
2021-08-15 04:00:00,1628971200000,7.3690000000,7.3820000000,7.3080000000,7.3780000000,31668.5260210000,232710.8794198410,232710.8794198410,1,DORA-USDT
2021-08-15 05:00:00,1628974800000,7.3780000000,7.4000000000,7.3320000000,7.3980000000,19725.8419550000,145523.5544942820,145523.5544942820,1,DORA-USDT
2021-08-15 06:00:00,1628978400000,7.3980000000,7.4280000000,7.3000000000,7.3120000000,36206.4717790000,267321.7795658190,267321.7795658190,1,DORA-USDT
2021-08-15 07:00:00,1628982000000,7.3130000000,7.3360000000,7.2800000000,7.3280000000,27403.8557800000,200336.1840109970,200336.1840109970,1,DORA-USDT
2021-08-15 08:00:00,1628985600000,7.3310000000,7.6110000000,7.2300000000,7.6090000000,63542.9719700000,473591.0040854050,473591.0040854050,1,DORA-USDT
2021-08-15 09:00:00,1628989200000,7.6100000000,7.6570000000,7.5140000000,7.5550000000,42712.9325640000,323842.1290167780,323842.1290167780,1,DORA-USDT
2021-08-15 10:00:00,1628992800000,7.5560000000,7.6520000000,7.4680000000,7.5930000000,58215.0841570000,439464.5923790160,439464.5923790160,1,DORA-USDT
2021-08-15 11:00:00,1628996400000,7.5940000000,7.6230000000,7.4680000000,7.4790000000,43845.6782230000,331023.6909311520,331023.6909311520,1,DORA-USDT
2021-08-15 12:00:00,1629000000000,7.4790000000,7.4900000000,7.1820000000,7.4050000000,75674.3270520000,552956.3460801350,552956.3460801350,1,DORA-USDT
2021-08-15 13:00:00,1629003600000,7.4000000000,7.4920000000,7.3880000000,7.4760000000,34034.6833280000,253295.2830285470,253295.2830285470,1,DORA-USDT
2021-08-15 14:00:00,1629007200000,7.4760000000,7.5000000000,7.3700000000,7.4410000000,43027.1206560000,320356.3716330370,320356.3716330370,1,DORA-USDT
2021-08-15 15:00:00,1629010800000,7.4380000000,7.4980000000,7.2820000000,7.3160000000,46431.4020910000,343014.1397744650,343014.1397744650,1,DORA-USDT
2021-08-15 16:00:00,1629014400000,7.3160000000,7.3560000000,7.1100000000,7.1580000000,68020.6858800000,490879.8201017760,490879.8201017760,1,DORA-USDT
2021-08-15 17:00:00,1629018000000,7.1580000000,7.1800000000,7.1120000000,7.1560000000,30389.4873240000,217443.2522788590,217443.2522788590,1,DORA-USDT
2021-08-15 18:00:00,1629021600000,7.1570000000,7.2460000000,7.1340000000,7.1740000000,36470.1186970000,261996.5336540280,261996.5336540280,1,DORA-USDT
2021-08-15 19:00:00,1629025200000,7.1740000000,7.2020000000,7.1100000000,7.1700000000,49352.1725170000,353226.7897402350,353226.7897402350,1,DORA-USDT
2021-08-15 20:00:00,1629028800000,7.1700000000,7.1710000000,7.1000000000,7.1070000000,23385.1771740000,166697.6014438870,166697.6014438870,1,DORA-USDT
2021-08-15 21:00:00,1629032400000,7.1070000000,7.1580000000,7.0610000000,7.1170000000,30072.6977640000,213705.8862937070,213705.8862937070,1,DORA-USDT
2021-08-15 22:00:00,1629036000000,7.1180000000,7.1900000000,7.0600000000,7.0970000000,42406.1455140000,303368.2828562040,303368.2828562040,1,DORA-USDT
2021-08-15 23:00:00,1629039600000,7.0950000000,7.1420000000,7.0020000000,7.1410000000,45852.5580430000,325413.8785055700,325413.8785055700,1,DORA-USDT
2021-08-16 00:00:00,1629043200000,7.1410000000,7.1600000000,7.0890000000,7.1110000000,26599.1623950000,189561.6032253220,189561.6032253220,1,DORA-USDT
2021-08-16 01:00:00,1629046800000,7.1100000000,7.1200000000,7.0010000000,7.0190000000,47565.8892710000,335493.5421387450,335493.5421387450,1,DORA-USDT
2021-08-16 02:00:00,1629050400000,7.0180000000,7.0900000000,7.0180000000,7.0560000000,25406.4707260000,178974.4883909300,178974.4883909300,1,DORA-USDT
2021-08-16 03:00:00,1629054000000,7.0540000000,7.0980000000,7.0210000000,7.0260000000,25634.1214490000,180712.0508845720,180712.0508845720,1,DORA-USDT
2021-08-16 04:00:00,1629057600000,7.0310000000,7.0700000000,7.0210000000,7.0310000000,19137.2908790000,134793.2985986690,134793.2985986690,1,DORA-USDT
2021-08-16 05:00:00,1629061200000,7.0290000000,7.1300000000,7.0000000000,7.1050000000,41904.1284590000,296037.9768608570,296037.9768608570,1,DORA-USDT
2021-08-16 06:00:00,1629064800000,7.1040000000,7.2210000000,7.0830000000,7.2180000000,38144.6722030000,272358.3357369230,272358.3357369230,1,DORA-USDT
2021-08-16 07:00:00,1629068400000,7.2190000000,7.2700000000,7.1570000000,7.1840000000,38082.5170630000,274827.9979086750,274827.9979086750,1,DORA-USDT
2021-08-16 08:00:00,1629072000000,7.1840000000,7.4790000000,7.1410000000,7.4150000000,72293.0169940000,530499.4407854270,530499.4407854270,1,DORA-USDT
2021-08-16 09:00:00,1629075600000,7.4150000000,7.4390000000,7.3510000000,7.4290000000,34772.2178090000,257255.0231488910,257255.0231488910,1,DORA-USDT
2021-08-16 10:00:00,1629079200000,7.4300000000,7.4540000000,7.4000000000,7.4330000000,28713.5526110000,213349.5074661090,213349.5074661090,1,DORA-USDT
2021-08-16 11:00:00,1629082800000,7.4330000000,7.4570000000,7.1490000000,7.1590000000,61137.1812280000,446279.6553100350,446279.6553100350,1,DORA-USDT
2021-08-16 12:00:00,1629086400000,7.1590000000,7.2900000000,7.1090000000,7.2700000000,35173.6516300000,253390.1800623570,253390.1800623570,1,DORA-USDT
2021-08-16 13:00:00,1629090000000,7.2690000000,7.3790000000,7.2600000000,7.3610000000,44730.5180960000,327489.7579559660,327489.7579559660,1,DORA-USDT
2021-08-16 14:00:00,1629093600000,7.3620000000,7.4000000000,7.2800000000,7.3780000000,38240.7929930000,280655.7583304470,280655.7583304470,1,DORA-USDT
2021-08-16 15:00:00,1629097200000,7.3790000000,7.3810000000,7.1600000000,7.2200000000,57363.0673850000,417410.0807880350,417410.0807880350,1,DORA-USDT
2021-08-16 16:00:00,1629100800000,7.2100000000,7.2600000000,7.1800000000,7.2360000000,41446.8166340000,299407.0976913120,299407.0976913120,1,DORA-USDT
2021-08-16 17:00:00,1629104400000,7.2320000000,7.2710000000,7.1830000000,7.2640000000,29455.2777770000,213429.9003356800,213429.9003356800,1,DORA-USDT
2021-08-16 18:00:00,1629108000000,7.2640000000,7.3130000000,7.2020000000,7.2640000000,45301.0569970000,329038.7075561700,329038.7075561700,1,DORA-USDT
2021-08-16 19:00:00,1629111600000,7.2620000000,7.4000000000,7.2620000000,7.3190000000,44003.0645050000,322779.5535277780,322779.5535277780,1,DORA-USDT
2021-08-16 20:00:00,1629115200000,7.3180000000,7.4000000000,7.3000000000,7.3040000000,25352.3525160000,185570.1962201890,185570.1962201890,1,DORA-USDT
2021-08-16 21:00:00,1629118800000,7.3030000000,7.3290000000,7.0000000000,7.0420000000,63594.7202810000,456260.6876377040,456260.6876377040,1,DORA-USDT
2021-08-16 22:00:00,1629122400000,7.0430000000,7.1270000000,6.9610000000,7.0560000000,52953.5281230000,373252.8126624740,373252.8126624740,1,DORA-USDT
2021-08-16 23:00:00,1629126000000,7.0580000000,7.1860000000,6.9450000000,7.1840000000,64630.6630350000,456358.8157348570,456358.8157348570,1,DORA-USDT
2021-08-17 00:00:00,1629129600000,7.1920000000,7.2500000000,7.1150000000,7.1950000000,56484.3446570000,405565.9139713440,405565.9139713440,1,DORA-USDT
2021-08-17 01:00:00,1629133200000,7.1970000000,7.2640000000,7.1200000000,7.2260000000,41345.6855350000,297309.3628240070,297309.3628240070,1,DORA-USDT
2021-08-17 02:00:00,1629136800000,7.2290000000,7.2720000000,7.1600000000,7.2460000000,25014.6532290000,180882.8587405010,180882.8587405010,1,DORA-USDT
2021-08-17 03:00:00,1629140400000,7.2480000000,7.2790000000,7.1200000000,7.1430000000,41250.4821490000,296971.2471786860,296971.2471786860,1,DORA-USDT
2021-08-17 04:00:00,1629144000000,7.1420000000,7.1480000000,7.0010000000,7.0470000000,41410.2214750000,291611.0039678330,291611.0039678330,1,DORA-USDT
2021-08-17 05:00:00,1629147600000,7.0490000000,7.0610000000,6.8660000000,6.9510000000,57153.2362880000,396657.4055444970,396657.4055444970,1,DORA-USDT
2021-08-17 06:00:00,1629151200000,6.9500000000,7.0550000000,6.9500000000,7.0540000000,26444.2259880000,185364.1836042770,185364.1836042770,1,DORA-USDT
2021-08-17 07:00:00,1629154800000,7.0540000000,7.1020000000,7.0030000000,7.0260000000,41413.0037320000,291739.6348381290,291739.6348381290,1,DORA-USDT
2021-08-17 08:00:00,1629158400000,7.0290000000,7.0390000000,6.8150000000,6.9030000000,61376.2682350000,424830.9300845520,424830.9300845520,1,DORA-USDT
2021-08-17 09:00:00,1629162000000,6.9030000000,7.0940000000,6.8890000000,7.0240000000,48076.0468400000,335845.2139985450,335845.2139985450,1,DORA-USDT
2021-08-17 10:00:00,1629165600000,7.0230000000,7.0780000000,7.0000000000,7.0620000000,38955.4903120000,274532.4291234830,274532.4291234830,1,DORA-USDT
2021-08-17 11:00:00,1629169200000,7.0620000000,7.0870000000,6.9200000000,6.9290000000,50186.6974000000,351534.8450423350,351534.8450423350,1,DORA-USDT
2021-08-17 12:00:00,1629172800000,6.9330000000,6.9670000000,6.8570000000,6.9600000000,31155.4286810000,215271.8549086570,215271.8549086570,1,DORA-USDT
2021-08-17 13:00:00,1629176400000,6.9590000000,6.9720000000,6.8020000000,6.8330000000,52479.2969900000,362637.0305135490,362637.0305135490,1,DORA-USDT
2021-08-17 14:00:00,1629180000000,6.8350000000,6.8540000000,6.8000000000,6.8370000000,21562.6017630000,147210.7649113550,147210.7649113550,1,DORA-USDT
2021-08-17 15:00:00,1629183600000,6.8370000000,6.8680000000,6.8000000000,6.8260000000,32691.0460260000,223285.4897076130,223285.4897076130,1,DORA-USDT
2021-08-17 16:00:00,1629187200000,6.8270000000,6.9810000000,6.8260000000,6.9530000000,48900.3406750000,338718.4626838160,338718.4626838160,1,DORA-USDT
2021-08-17 17:00:00,1629190800000,6.9530000000,7.0600000000,6.9000000000,6.9710000000,46913.0490310000,328303.7771348740,328303.7771348740,1,DORA-USDT
2021-08-17 18:00:00,1629194400000,6.9710000000,7.0360000000,6.9500000000,7.0190000000,30816.8354940000,215238.2146620770,215238.2146620770,1,DORA-USDT
2021-08-17 19:00:00,1629198000000,7.0190000000,7.1760000000,7.0020000000,7.1570000000,57589.7601390000,409921.5420622480,409921.5420622480,1,DORA-USDT
2021-08-17 20:00:00,1629201600000,7.1560000000,7.1700000000,7.0000000000,7.0410000000,43425.0122000000,307790.1963571820,307790.1963571820,1,DORA-USDT
2021-08-17 21:00:00,1629205200000,7.0220000000,7.0270000000,6.9000000000,6.9180000000,36825.6179480000,255907.3780820460,255907.3780820460,1,DORA-USDT
2021-08-17 22:00:00,1629208800000,6.9170000000,6.9510000000,6.8440000000,6.8980000000,46166.6835650000,318388.6028311650,318388.6028311650,1,DORA-USDT
2021-08-17 23:00:00,1629212400000,6.8980000000,6.9700000000,6.8860000000,6.9640000000,26729.0121770000,185283.2731226310,185283.2731226310,1,DORA-USDT
2021-08-18 00:00:00,1629216000000,6.9640000000,6.9830000000,6.8760000000,6.9060000000,38353.3823680000,266111.4573904940,266111.4573904940,1,DORA-USDT
2021-08-18 01:00:00,1629219600000,6.9040000000,6.9720000000,6.8260000000,6.8500000000,45238.1781040000,311510.2329566060,311510.2329566060,1,DORA-USDT
2021-08-18 02:00:00,1629223200000,6.8430000000,6.9310000000,6.8340000000,6.8840000000,31416.7529830000,216372.1785897450,216372.1785897450,1,DORA-USDT
2021-08-18 03:00:00,1629226800000,6.8820000000,6.8910000000,6.8000000000,6.8460000000,37441.7175400000,255695.9301272460,255695.9301272460,1,DORA-USDT
2021-08-18 04:00:00,1629230400000,6.8440000000,6.8470000000,6.7100000000,6.7740000000,46681.4664670000,316531.2524454630,316531.2524454630,1,DORA-USDT
2021-08-18 05:00:00,1629234000000,6.7730000000,6.7830000000,6.7000000000,6.7040000000,33105.2270740000,222515.2228828460,222515.2228828460,1,DORA-USDT
2021-08-18 06:00:00,1629237600000,6.7040000000,6.7470000000,6.7000000000,6.7320000000,13490.4299760000,90615.2472582140,90615.2472582140,1,DORA-USDT
2021-08-18 07:00:00,1629241200000,6.7320000000,6.8150000000,6.6980000000,6.8020000000,38485.9025830000,259910.7199174350,259910.7199174350,1,DORA-USDT
2021-08-18 08:00:00,1629244800000,6.8020000000,6.8660000000,6.6810000000,6.7700000000,56022.8259620000,379819.3037654080,379819.3037654080,1,DORA-USDT
2021-08-18 09:00:00,1629248400000,6.7710000000,6.7980000000,6.6090000000,6.6330000000,66558.8483110000,444310.2099696960,444310.2099696960,1,DORA-USDT
2021-08-18 10:00:00,1629252000000,6.6330000000,6.6570000000,6.6000000000,6.6460000000,21429.1490740000,142059.1544439420,142059.1544439420,1,DORA-USDT
2021-08-18 11:00:00,1629255600000,6.6470000000,6.7300000000,6.6450000000,6.7210000000,26154.8701570000,175280.9340485490,175280.9340485490,1,DORA-USDT
2021-08-18 12:00:00,1629259200000,6.7240000000,6.7270000000,6.6000000000,6.6070000000,28144.0913030000,187282.2721359670,187282.2721359670,1,DORA-USDT
2021-08-18 13:00:00,1629262800000,6.6080000000,6.6630000000,6.6020000000,6.6340000000,30140.9763990000,199834.3171691130,199834.3171691130,1,DORA-USDT
2021-08-18 14:00:00,1629266400000,6.6320000000,6.7020000000,6.6150000000,6.6550000000,16114.2855280000,107054.3507747450,107054.3507747450,1,DORA-USDT
2021-08-18 15:00:00,1629270000000,6.6550000000,6.8000000000,6.6550000000,6.7590000000,49650.8816520000,334697.0395019150,334697.0395019150,1,DORA-USDT
2021-08-18 16:00:00,1629273600000,6.7610000000,6.8490000000,6.7320000000,6.8260000000,41077.4450440000,279056.4623283590,279056.4623283590,1,DORA-USDT
2021-08-18 17:00:00,1629277200000,6.8250000000,6.8730000000,6.7580000000,6.7710000000,26225.6568980000,178027.2856521940,178027.2856521940,1,DORA-USDT
2021-08-18 18:00:00,1629280800000,6.7710000000,6.8030000000,6.6970000000,6.7120000000,25342.1222590000,170491.6768771920,170491.6768771920,1,DORA-USDT
2021-08-18 19:00:00,1629284400000,6.7140000000,7.1030000000,6.6520000000,7.1030000000,79503.0665200000,544290.5684589890,544290.5684589890,1,DORA-USDT
2021-08-18 20:00:00,1629288000000,7.1030000000,7.9000000000,7.0270000000,7.4160000000,221158.0139900000,1656772.5492829101,1656772.5492829101,1,DORA-USDT
2021-08-18 21:00:00,1629291600000,7.4170000000,7.4670000000,7.2750000000,7.3460000000,72814.4919520000,536493.7651989750,536493.7651989750,1,DORA-USDT
2021-08-18 22:00:00,1629295200000,7.3460000000,7.4880000000,7.3420000000,7.4690000000,41599.0921860000,307573.5437131950,307573.5437131950,1,DORA-USDT
2021-08-18 23:00:00,1629298800000,7.4680000000,7.7540000000,7.4210000000,7.7180000000,92186.4945570000,698187.6387697720,698187.6387697720,1,DORA-USDT
2021-08-19 00:00:00,1629302400000,7.7190000000,8.6000000000,7.6890000000,8.5680000000,182460.1563810000,1496227.6162657700,1496227.6162657700,1,DORA-USDT
2021-08-19 01:00:00,1629306000000,8.5680000000,8.5680000000,7.9000000000,7.9640000000,98978.8671320000,806802.1690438890,806802.1690438890,1,DORA-USDT
2021-08-19 02:00:00,1629309600000,7.9630000000,7.9690000000,7.6500000000,7.7840000000,83056.3139620000,650374.7527072610,650374.7527072610,1,DORA-USDT
2021-08-19 03:00:00,1629313200000,7.7830000000,7.7950000000,7.4000000000,7.4160000000,56221.3167600000,424806.3593154760,424806.3593154760,1,DORA-USDT
2021-08-19 04:00:00,1629316800000,7.4130000000,7.4740000000,7.4000000000,7.4320000000,28709.7544350000,213289.0584108230,213289.0584108230,1,DORA-USDT
2021-08-19 05:00:00,1629320400000,7.4320000000,7.4500000000,7.3060000000,7.4120000000,29236.4337020000,216473.6683716600,216473.6683716600,1,DORA-USDT
2021-08-19 06:00:00,1629324000000,7.4120000000,7.5650000000,7.4080000000,7.5600000000,28662.9282140000,214785.1171288460,214785.1171288460,1,DORA-USDT
2021-08-19 07:00:00,1629327600000,7.5600000000,7.7080000000,7.5600000000,7.6880000000,41570.2232310000,318321.3934288480,318321.3934288480,1,DORA-USDT
2021-08-19 08:00:00,1629331200000,7.6890000000,7.7660000000,7.5230000000,7.7560000000,65478.6660930000,499449.9406335920,499449.9406335920,1,DORA-USDT
2021-08-19 09:00:00,1629334800000,7.7750000000,8.1900000000,7.7470000000,8.1260000000,108460.7341590000,867873.8338634750,867873.8338634750,1,DORA-USDT
2021-08-19 10:00:00,1629338400000,8.1240000000,8.1660000000,7.8200000000,7.8890000000,66232.5955320000,528653.4546933681,528653.4546933681,1,DORA-USDT
2021-08-19 11:00:00,1629342000000,7.8890000000,7.9010000000,7.6420000000,7.6940000000,38082.3789370000,296736.5676140590,296736.5676140590,1,DORA-USDT
2021-08-19 12:00:00,1629345600000,7.6660000000,7.8190000000,7.6250000000,7.7720000000,43433.5114290000,335961.9147465570,335961.9147465570,1,DORA-USDT
2021-08-19 13:00:00,1629349200000,7.7700000000,7.9830000000,7.7280000000,7.9680000000,34270.3698140000,268992.7300808920,268992.7300808920,1,DORA-USDT
2021-08-19 14:00:00,1629352800000,7.9680000000,8.1000000000,7.8920000000,8.0620000000,38574.6453370000,308245.2655473550,308245.2655473550,1,DORA-USDT
2021-08-19 15:00:00,1629356400000,8.0580000000,8.2900000000,8.0200000000,8.2030000000,41563.3921070000,336953.4161214320,336953.4161214320,1,DORA-USDT
2021-08-19 16:00:00,1629360000000,8.2840000000,8.2900000000,7.9200000000,7.9400000000,61540.4728540000,494449.3503433590,494449.3503433590,1,DORA-USDT
2021-08-19 17:00:00,1629363600000,7.9380000000,8.1660000000,7.9160000000,8.1120000000,46803.8321270000,377108.6621563380,377108.6621563380,1,DORA-USDT
2021-08-19 18:00:00,1629367200000,8.1150000000,8.1500000000,7.9670000000,7.9970000000,36149.8640920000,289953.2374592900,289953.2374592900,1,DORA-USDT
2021-08-19 19:00:00,1629370800000,8.0000000000,8.0110000000,7.9560000000,7.9650000000,33943.9278500000,270884.9138456940,270884.9138456940,1,DORA-USDT
2021-08-19 20:00:00,1629374400000,7.9660000000,7.9730000000,7.8730000000,7.9470000000,33703.7695130000,266842.9620224310,266842.9620224310,1,DORA-USDT
2021-08-19 21:00:00,1629378000000,7.9500000000,8.2970000000,7.8890000000,8.2080000000,74937.1099340000,606033.5577799710,606033.5577799710,1,DORA-USDT
2021-08-19 22:00:00,1629381600000,8.2050000000,8.2320000000,7.9660000000,8.0030000000,53024.1291600000,428411.4946857200,428411.4946857200,1,DORA-USDT
2021-08-19 23:00:00,1629385200000,8.0030000000,8.3920000000,8.0030000000,8.2650000000,70800.6941390000,581869.5108578280,581869.5108578280,1,DORA-USDT
2021-08-20 00:00:00,1629388800000,8.2670000000,8.5400000000,8.1820000000,8.4940000000,79922.0074120000,668825.6851216010,668825.6851216010,1,DORA-USDT
2021-08-20 01:00:00,1629392400000,8.4920000000,8.5320000000,8.2860000000,8.2890000000,58042.7824750000,488605.3872638340,488605.3872638340,1,DORA-USDT
2021-08-20 02:00:00,1629396000000,8.2890000000,8.4950000000,8.2800000000,8.4750000000,47360.6650020000,397904.2144834660,397904.2144834660,1,DORA-USDT
2021-08-20 03:00:00,1629399600000,8.4770000000,8.5870000000,8.3230000000,8.3600000000,61649.9613780000,518955.2851148900,518955.2851148900,1,DORA-USDT
2021-08-20 04:00:00,1629403200000,8.3600000000,8.4020000000,8.3180000000,8.3320000000,26651.2968460000,223008.6936219700,223008.6936219700,1,DORA-USDT
2021-08-20 05:00:00,1629406800000,8.3330000000,8.3400000000,7.9500000000,7.9810000000,60323.3139380000,491542.1806618590,491542.1806618590,1,DORA-USDT
2021-08-20 06:00:00,1629410400000,7.9790000000,8.0760000000,7.9280000000,7.9840000000,39175.2483060000,312984.0405131300,312984.0405131300,1,DORA-USDT
2021-08-20 07:00:00,1629414000000,7.9830000000,8.0750000000,7.9580000000,8.0750000000,36092.8968770000,289055.8230923330,289055.8230923330,1,DORA-USDT
2021-08-20 08:00:00,1629417600000,8.0600000000,8.0720000000,7.9660000000,8.0250000000,34935.0654670000,280049.7704109990,280049.7704109990,1,DORA-USDT
2021-08-20 09:00:00,1629421200000,8.0280000000,8.1580000000,8.0180000000,8.1130000000,33947.5906710000,274656.6682778290,274656.6682778290,1,DORA-USDT
2021-08-20 10:00:00,1629424800000,8.1150000000,8.1510000000,8.0940000000,8.1500000000,22220.5212160000,180627.1851473020,180627.1851473020,1,DORA-USDT
2021-08-20 11:00:00,1629428400000,8.1500000000,8.1510000000,8.0760000000,8.0910000000,30036.1604190000,243543.7445092920,243543.7445092920,1,DORA-USDT
2021-08-20 12:00:00,1629432000000,8.0870000000,8.1010000000,8.0110000000,8.0360000000,27398.9079120000,220289.7727660310,220289.7727660310,1,DORA-USDT
2021-08-20 13:00:00,1629435600000,8.0340000000,8.0920000000,8.0190000000,8.0630000000,27996.7325720000,225378.9821549620,225378.9821549620,1,DORA-USDT
2021-08-20 14:00:00,1629439200000,8.0610000000,8.0850000000,8.0290000000,8.0520000000,20475.4188130000,164856.6275470090,164856.6275470090,1,DORA-USDT
2021-08-20 15:00:00,1629442800000,8.0500000000,8.1010000000,8.0380000000,8.0560000000,25974.7432560000,209662.5118676500,209662.5118676500,1,DORA-USDT
2021-08-20 16:00:00,1629446400000,8.0570000000,8.0820000000,8.0110000000,8.0250000000,25592.6198020000,205985.9059140180,205985.9059140180,1,DORA-USDT
2021-08-20 17:00:00,1629450000000,8.0260000000,8.0420000000,7.9890000000,7.9890000000,24253.6811500000,194407.7751508090,194407.7751508090,1,DORA-USDT
2021-08-20 18:00:00,1629453600000,7.9890000000,8.0460000000,7.9860000000,8.0400000000,13872.6017900000,111343.7533908880,111343.7533908880,1,DORA-USDT
2021-08-20 19:00:00,1629457200000,8.0390000000,8.0450000000,7.9930000000,8.0350000000,24303.6995440000,194887.9031394480,194887.9031394480,1,DORA-USDT
2021-08-20 20:00:00,1629460800000,8.0340000000,8.4500000000,8.0120000000,8.4400000000,71636.5268970000,591898.5638364910,591898.5638364910,1,DORA-USDT
2021-08-20 21:00:00,1629464400000,8.4410000000,8.4490000000,8.3200000000,8.4140000000,44069.7304340000,370327.6982648120,370327.6982648120,1,DORA-USDT
2021-08-20 22:00:00,1629468000000,8.4190000000,8.6700000000,8.4100000000,8.6120000000,65774.5807700000,561962.1771155880,561962.1771155880,1,DORA-USDT
2021-08-20 23:00:00,1629471600000,8.6110000000,8.6460000000,8.3800000000,8.5220000000,73030.7188690000,620063.7705709250,620063.7705709250,1,DORA-USDT
2021-08-21 00:00:00,1629475200000,8.5220000000,8.5460000000,8.3100000000,8.3710000000,41270.3390710000,348300.4551581690,348300.4551581690,1,DORA-USDT
2021-08-21 01:00:00,1629478800000,8.3730000000,8.3870000000,8.3370000000,8.3700000000,18795.3709800000,157276.0028451620,157276.0028451620,1,DORA-USDT
2021-08-21 02:00:00,1629482400000,8.3710000000,8.4160000000,8.3230000000,8.3770000000,28589.8346980000,239278.6668003910,239278.6668003910,1,DORA-USDT
2021-08-21 03:00:00,1629486000000,8.3760000000,8.4240000000,8.3700000000,8.4050000000,18037.5284100000,151521.7660429490,151521.7660429490,1,DORA-USDT
2021-08-21 04:00:00,1629489600000,8.4060000000,8.4690000000,8.3960000000,8.4390000000,21420.3718900000,180489.8865609340,180489.8865609340,1,DORA-USDT
2021-08-21 05:00:00,1629493200000,8.4390000000,8.4920000000,8.3980000000,8.4100000000,24446.9710840000,206449.7180979940,206449.7180979940,1,DORA-USDT
2021-08-21 06:00:00,1629496800000,8.4110000000,8.4380000000,8.2640000000,8.2790000000,32029.6347970000,267475.9060889730,267475.9060889730,1,DORA-USDT
2021-08-21 07:00:00,1629500400000,8.2780000000,8.2870000000,8.2000000000,8.2580000000,25353.4232650000,208900.4094890370,208900.4094890370,1,DORA-USDT
2021-08-21 08:00:00,1629504000000,8.2590000000,8.2590000000,8.0560000000,8.1310000000,51243.8038930000,416762.5607389760,416762.5607389760,1,DORA-USDT
2021-08-21 09:00:00,1629507600000,8.1310000000,8.1990000000,8.0980000000,8.1970000000,22726.4495070000,185307.3947122490,185307.3947122490,1,DORA-USDT
2021-08-21 10:00:00,1629511200000,8.1960000000,8.2440000000,8.1570000000,8.2350000000,24085.5015810000,197512.4290766360,197512.4290766360,1,DORA-USDT
2021-08-21 11:00:00,1629514800000,8.2310000000,8.2610000000,8.1310000000,8.2500000000,34475.2349860000,282989.8164460110,282989.8164460110,1,DORA-USDT
2021-08-21 12:00:00,1629518400000,8.2500000000,8.3370000000,8.2210000000,8.3220000000,22286.5716970000,184991.5384192780,184991.5384192780,1,DORA-USDT
2021-08-21 13:00:00,1629522000000,8.3220000000,8.3810000000,8.2910000000,8.3150000000,24653.1356080000,205494.9093235320,205494.9093235320,1,DORA-USDT
2021-08-21 14:00:00,1629525600000,8.3180000000,8.3190000000,8.1730000000,8.1880000000,27691.5542070000,228029.2558514920,228029.2558514920,1,DORA-USDT
2021-08-21 15:00:00,1629529200000,8.1880000000,8.2600000000,8.1600000000,8.1750000000,39614.0784280000,325530.5004948870,325530.5004948870,1,DORA-USDT
2021-08-21 16:00:00,1629532800000,8.1750000000,8.2410000000,8.1220000000,8.2250000000,36576.9354780000,299774.0348262670,299774.0348262670,1,DORA-USDT
2021-08-21 17:00:00,1629536400000,8.2240000000,8.2510000000,8.2000000000,8.2380000000,21740.3516100000,178949.5869702420,178949.5869702420,1,DORA-USDT
2021-08-21 18:00:00,1629540000000,8.2410000000,8.2480000000,8.1900000000,8.2170000000,23777.6976150000,195427.5801000470,195427.5801000470,1,DORA-USDT
2021-08-21 19:00:00,1629543600000,8.2180000000,8.2210000000,7.9160000000,8.0140000000,57979.9962730000,464487.1835651200,464487.1835651200,1,DORA-USDT
2021-08-21 20:00:00,1629547200000,8.0120000000,8.3180000000,8.0090000000,8.2490000000,51120.3219730000,418891.3385412130,418891.3385412130,1,DORA-USDT
2021-08-21 21:00:00,1629550800000,8.2470000000,8.2600000000,8.1530000000,8.1840000000,30440.4760130000,250048.2164160590,250048.2164160590,1,DORA-USDT
2021-08-21 22:00:00,1629554400000,8.1830000000,8.1990000000,8.1270000000,8.1980000000,29063.0004130000,237079.1638645290,237079.1638645290,1,DORA-USDT
2021-08-21 23:00:00,1629558000000,8.1950000000,8.2960000000,8.1940000000,8.2680000000,22722.9537420000,187444.6943101830,187444.6943101830,1,DORA-USDT
2021-08-22 00:00:00,1629561600000,8.2690000000,8.3580000000,8.1580000000,8.3320000000,36574.1195100000,303114.5144067040,303114.5144067040,1,DORA-USDT
2021-08-22 01:00:00,1629565200000,8.3290000000,8.3390000000,8.1840000000,8.2780000000,32778.2364810000,270828.9183254970,270828.9183254970,1,DORA-USDT
2021-08-22 02:00:00,1629568800000,8.2790000000,8.3180000000,8.2040000000,8.2260000000,30392.8795930000,250750.5136683710,250750.5136683710,1,DORA-USDT
2021-08-22 03:00:00,1629572400000,8.2230000000,8.2290000000,8.0870000000,8.1140000000,44533.0425060000,363053.7975178190,363053.7975178190,1,DORA-USDT
2021-08-22 04:00:00,1629576000000,8.1120000000,8.1410000000,8.0170000000,8.0660000000,31144.6619720000,251784.3974860840,251784.3974860840,1,DORA-USDT
2021-08-22 05:00:00,1629579600000,8.0650000000,8.1060000000,8.0620000000,8.0990000000,14678.8087800000,118691.2899116800,118691.2899116800,1,DORA-USDT
2021-08-22 06:00:00,1629583200000,8.1000000000,8.1590000000,8.1000000000,8.1440000000,22395.7582790000,182055.4859282510,182055.4859282510,1,DORA-USDT
2021-08-22 07:00:00,1629586800000,8.1460000000,8.1700000000,8.0560000000,8.0620000000,22315.0893880000,181102.3259055160,181102.3259055160,1,DORA-USDT
2021-08-22 08:00:00,1629590400000,8.0630000000,8.0990000000,7.9000000000,7.9250000000,36071.1305910000,288042.8982798690,288042.8982798690,1,DORA-USDT
2021-08-22 09:00:00,1629594000000,7.9240000000,8.0850000000,7.9230000000,8.0830000000,20932.4039940000,167336.5696026360,167336.5696026360,1,DORA-USDT
2021-08-22 10:00:00,1629597600000,8.0820000000,8.3590000000,8.0560000000,8.3120000000,61847.0521470000,509758.2484287900,509758.2484287900,1,DORA-USDT
2021-08-22 11:00:00,1629601200000,8.3120000000,8.3120000000,8.0520000000,8.0690000000,54866.2097620000,446545.9045077620,446545.9045077620,1,DORA-USDT
2021-08-22 12:00:00,1629604800000,8.0690000000,8.2230000000,8.0400000000,8.2110000000,32659.4487910000,265828.7795910890,265828.7795910890,1,DORA-USDT
2021-08-22 13:00:00,1629608400000,8.2140000000,8.2890000000,8.2000000000,8.2780000000,21289.3659940000,175541.9317628530,175541.9317628530,1,DORA-USDT
2021-08-22 14:00:00,1629612000000,8.2810000000,8.3930000000,8.2760000000,8.3730000000,28634.1906390000,238682.0053375330,238682.0053375330,1,DORA-USDT
2021-08-22 15:00:00,1629615600000,8.3730000000,8.5500000000,8.3540000000,8.4800000000,51218.2924940000,433747.6966010170,433747.6966010170,1,DORA-USDT
2021-08-22 16:00:00,1629619200000,8.4800000000,8.6850000000,8.4760000000,8.6420000000,67105.4957830000,577972.5183711670,577972.5183711670,1,DORA-USDT
2021-08-22 17:00:00,1629622800000,8.6420000000,8.7900000000,8.6320000000,8.7510000000,36913.3711280000,321353.9359236580,321353.9359236580,1,DORA-USDT
2021-08-22 18:00:00,1629626400000,8.7530000000,8.9900000000,8.7500000000,8.9800000000,51446.6428980000,455067.7881482870,455067.7881482870,1,DORA-USDT
2021-08-22 19:00:00,1629630000000,8.9810000000,9.7950000000,8.9810000000,9.6100000000,188728.0646670000,1789073.1902038853,1789073.1902038853,1,DORA-USDT
2021-08-22 20:00:00,1629633600000,9.6140000000,9.6470000000,9.1900000000,9.2030000000,75030.6280960000,706238.1005649660,706238.1005649660,1,DORA-USDT
2021-08-22 21:00:00,1629637200000,9.2000000000,9.3800000000,9.0300000000,9.3450000000,66255.5589530000,609230.0003945470,609230.0003945470,1,DORA-USDT
2021-08-22 22:00:00,1629640800000,9.3430000000,9.6790000000,9.2060000000,9.3630000000,106046.7664770000,1000595.3618335950,1000595.3618335950,1,DORA-USDT
2021-08-22 23:00:00,1629644400000,9.3630000000,9.5960000000,9.2540000000,9.3350000000,72349.4879130000,680451.3131582120,680451.3131582120,1,DORA-USDT
2021-08-23 00:00:00,1629648000000,9.3370000000,10.9990000000,9.3330000000,10.6880000000,261194.1805060000,2705008.0885920809,2705008.0885920809,1,DORA-USDT
2021-08-23 01:00:00,1629651600000,10.6890000000,11.4200000000,10.6720000000,11.0630000000,142542.9959020000,1580921.6453416301,1580921.6453416301,1,DORA-USDT
2021-08-23 02:00:00,1629655200000,11.0590000000,11.5260000000,10.9840000000,11.2210000000,113653.3410150000,1278716.7328027161,1278716.7328027161,1,DORA-USDT
2021-08-23 03:00:00,1629658800000,11.2210000000,11.2590000000,10.6270000000,10.6850000000,63803.0335960000,694674.5578424170,694674.5578424170,1,DORA-USDT
2021-08-23 04:00:00,1629662400000,10.6830000000,10.8930000000,10.6320000000,10.8810000000,42792.3425810000,460792.5622296110,460792.5622296110,1,DORA-USDT
2021-08-23 05:00:00,1629666000000,10.8780000000,10.9830000000,10.5050000000,10.6520000000,68642.4711700000,740316.1578167540,740316.1578167540,1,DORA-USDT
2021-08-23 06:00:00,1629669600000,10.6560000000,11.2880000000,10.6240000000,10.9190000000,142397.4291030000,1553177.3380767929,1553177.3380767929,1,DORA-USDT
2021-08-23 07:00:00,1629673200000,10.9340000000,11.2560000000,10.6130000000,10.7060000000,125734.9638260000,1379188.0473963900,1379188.0473963900,1,DORA-USDT
2021-08-23 08:00:00,1629676800000,10.7060000000,10.7180000000,10.3200000000,10.6180000000,74324.6472160000,782513.8522810770,782513.8522810770,1,DORA-USDT
2021-08-23 09:00:00,1629680400000,10.6260000000,11.5000000000,10.6200000000,11.1540000000,117803.6807940000,1302923.5582369640,1302923.5582369640,1,DORA-USDT
2021-08-23 10:00:00,1629684000000,11.1590000000,11.2700000000,10.9250000000,11.0730000000,61924.3424950000,685964.2336953800,685964.2336953800,1,DORA-USDT
2021-08-23 11:00:00,1629687600000,11.0760000000,11.6470000000,11.0030000000,11.5540000000,82305.0578080000,932365.9326366540,932365.9326366540,1,DORA-USDT
2021-08-23 12:00:00,1629691200000,11.5480000000,11.5640000000,11.1630000000,11.3610000000,70948.0679230000,805005.0434236370,805005.0434236370,1,DORA-USDT
2021-08-23 13:00:00,1629694800000,11.3720000000,11.5170000000,11.2310000000,11.4610000000,49731.2278480000,564605.0916890010,564605.0916890010,1,DORA-USDT
2021-08-23 14:00:00,1629698400000,11.4590000000,11.6720000000,11.3700000000,11.4520000000,87498.1963990000,1005460.5442076740,1005460.5442076740,1,DORA-USDT
2021-08-23 15:00:00,1629702000000,11.4530000000,11.7100000000,11.4000000000,11.5960000000,55249.2028750000,636510.3252440810,636510.3252440810,1,DORA-USDT
2021-08-23 16:00:00,1629705600000,11.5970000000,11.6810000000,11.4240000000,11.5520000000,42845.6085180000,494878.5256695980,494878.5256695980,1,DORA-USDT
2021-08-23 17:00:00,1629709200000,11.5530000000,11.6300000000,11.5000000000,11.5570000000,26416.6019400000,304701.7912996490,304701.7912996490,1,DORA-USDT
2021-08-23 18:00:00,1629712800000,11.5550000000,11.6860000000,11.2700000000,11.3000000000,94933.7938540000,1090618.8143676729,1090618.8143676729,1,DORA-USDT
2021-08-23 19:00:00,1629716400000,11.3020000000,11.3470000000,10.9220000000,11.2800000000,70486.2445170000,785188.6411245740,785188.6411245740,1,DORA-USDT
2021-08-23 20:00:00,1629720000000,11.2780000000,11.3900000000,11.1500000000,11.1730000000,37716.3779050000,424802.9809891270,424802.9809891270,1,DORA-USDT
2021-08-23 21:00:00,1629723600000,11.1740000000,11.2230000000,10.4750000000,10.6300000000,85649.6916970000,929333.8085561590,929333.8085561590,1,DORA-USDT
2021-08-23 22:00:00,1629727200000,10.6520000000,10.8220000000,10.4260000000,10.4650000000,84245.3320260000,895828.0988988760,895828.0988988760,1,DORA-USDT
2021-08-23 23:00:00,1629730800000,10.4650000000,10.5420000000,10.1420000000,10.1900000000,58043.9303780000,599592.6559613510,599592.6559613510,1,DORA-USDT
2021-08-24 00:00:00,1629734400000,10.2080000000,11.1500000000,10.0820000000,11.1200000000,135896.8190740000,1448130.2340073581,1448130.2340073581,1,DORA-USDT
2021-08-24 01:00:00,1629738000000,11.1250000000,11.2600000000,10.6360000000,10.7450000000,101280.4796690000,1105292.7879580981,1105292.7879580981,1,DORA-USDT
2021-08-24 02:00:00,1629741600000,10.7450000000,10.8620000000,10.7320000000,10.8450000000,26886.9813500000,291216.3083633660,291216.3083633660,1,DORA-USDT
2021-08-24 03:00:00,1629745200000,10.8430000000,10.8570000000,10.7190000000,10.7820000000,27916.3486590000,301101.6327970210,301101.6327970210,1,DORA-USDT
2021-08-24 04:00:00,1629748800000,10.7800000000,10.8000000000,10.5460000000,10.6570000000,50426.1052260000,534989.0254861440,534989.0254861440,1,DORA-USDT
2021-08-24 05:00:00,1629752400000,10.6570000000,10.8710000000,10.6240000000,10.8600000000,31102.0012590000,334102.5378127610,334102.5378127610,1,DORA-USDT
2021-08-24 06:00:00,1629756000000,10.8630000000,10.9390000000,10.3000000000,10.4240000000,89467.5493700000,945387.9231166970,945387.9231166970,1,DORA-USDT
2021-08-24 07:00:00,1629759600000,10.4230000000,10.4420000000,10.1200000000,10.1530000000,39483.8389500000,406200.9517693950,406200.9517693950,1,DORA-USDT
2021-08-24 08:00:00,1629763200000,10.1550000000,10.2930000000,10.0630000000,10.2110000000,57932.1047410000,588842.2373765340,588842.2373765340,1,DORA-USDT
2021-08-24 09:00:00,1629766800000,10.2120000000,10.2470000000,9.7280000000,9.7280000000,74013.4155200000,740880.2845711370,740880.2845711370,1,DORA-USDT
2021-08-24 10:00:00,1629770400000,9.7370000000,10.2000000000,9.7000000000,9.9500000000,76193.3505170000,756828.9810032740,756828.9810032740,1,DORA-USDT
2021-08-24 11:00:00,1629774000000,9.9480000000,10.2190000000,9.9460000000,10.1670000000,59634.1046240000,600388.4011552189,600388.4011552189,1,DORA-USDT
2021-08-24 12:00:00,1629777600000,10.1630000000,10.2940000000,10.0410000000,10.2590000000,50468.6643700000,512293.3577096830,512293.3577096830,1,DORA-USDT
2021-08-24 13:00:00,1629781200000,10.2600000000,10.4600000000,10.1770000000,10.3610000000,54990.8965450000,568164.8002459790,568164.8002459790,1,DORA-USDT
2021-08-24 14:00:00,1629784800000,10.3610000000,10.4450000000,10.3190000000,10.3740000000,37879.0722260000,393589.6627537670,393589.6627537670,1,DORA-USDT
2021-08-24 15:00:00,1629788400000,10.3860000000,10.8880000000,10.3670000000,10.6920000000,97860.3375910000,1038017.3748671290,1038017.3748671290,1,DORA-USDT
2021-08-24 16:00:00,1629792000000,10.6930000000,10.7100000000,10.4010000000,10.4500000000,44353.5806650000,467145.6994503090,467145.6994503090,1,DORA-USDT
2021-08-24 17:00:00,1629795600000,10.4680000000,10.4730000000,9.9600000000,10.0470000000,54602.0287420000,556092.2088681810,556092.2088681810,1,DORA-USDT
2021-08-24 18:00:00,1629799200000,10.0450000000,10.1200000000,9.8930000000,9.9790000000,56482.5337290000,563888.1074733681,563888.1074733681,1,DORA-USDT
2021-08-24 19:00:00,1629802800000,9.9780000000,10.1340000000,9.9280000000,10.1050000000,52226.9867180000,525440.8016869110,525440.8016869110,1,DORA-USDT
2021-08-24 20:00:00,1629806400000,10.1010000000,10.1080000000,9.9180000000,10.0010000000,43129.4951450000,432647.3050716460,432647.3050716460,1,DORA-USDT
2021-08-24 21:00:00,1629810000000,10.0030000000,10.0640000000,9.8330000000,9.8660000000,40597.1674160000,403803.5225870200,403803.5225870200,1,DORA-USDT
2021-08-24 22:00:00,1629813600000,9.8660000000,10.0370000000,9.7170000000,9.9670000000,73713.3266880000,729881.5976947820,729881.5976947820,1,DORA-USDT
2021-08-24 23:00:00,1629817200000,9.9680000000,10.0020000000,9.8980000000,9.9740000000,46793.4252990000,465871.0762317570,465871.0762317570,1,DORA-USDT
2021-08-25 00:00:00,1629820800000,9.9760000000,9.9760000000,9.5010000000,9.5110000000,73808.2915820000,714110.0530965570,714110.0530965570,1,DORA-USDT
2021-08-25 01:00:00,1629824400000,9.5090000000,9.5950000000,8.7080000000,8.7940000000,132186.7943670000,1213868.2843269380,1213868.2843269380,1,DORA-USDT
2021-08-25 02:00:00,1629828000000,8.7940000000,8.9800000000,8.6120000000,8.7290000000,75904.4627040000,667802.2586671630,667802.2586671630,1,DORA-USDT
2021-08-25 03:00:00,1629831600000,8.7300000000,9.0810000000,8.7290000000,9.0540000000,61823.0991360000,549522.0408252541,549522.0408252541,1,DORA-USDT
2021-08-25 04:00:00,1629835200000,9.0530000000,9.1990000000,8.9880000000,9.1790000000,43153.6772840000,392274.6977692750,392274.6977692750,1,DORA-USDT
2021-08-25 05:00:00,1629838800000,9.1790000000,9.3250000000,9.1460000000,9.2060000000,38317.3966790000,354291.3216805500,354291.3216805500,1,DORA-USDT
2021-08-25 06:00:00,1629842400000,9.2090000000,9.3070000000,9.1430000000,9.2660000000,42523.6456770000,392706.9535630910,392706.9535630910,1,DORA-USDT
2021-08-25 07:00:00,1629846000000,9.2660000000,9.3010000000,9.0260000000,9.0480000000,39311.3987870000,360436.2314812470,360436.2314812470,1,DORA-USDT
2021-08-25 08:00:00,1629849600000,9.0460000000,9.4480000000,9.0460000000,9.3990000000,64186.2854660000,594669.3178734310,594669.3178734310,1,DORA-USDT
2021-08-25 09:00:00,1629853200000,9.3980000000,9.4990000000,9.2590000000,9.4420000000,44084.3772790000,411897.3300099860,411897.3300099860,1,DORA-USDT
2021-08-25 10:00:00,1629856800000,9.4440000000,9.4460000000,9.1000000000,9.2070000000,69854.9059230000,646345.3435131250,646345.3435131250,1,DORA-USDT
2021-08-25 11:00:00,1629860400000,9.2080000000,9.3580000000,9.0750000000,9.0770000000,43622.9930400000,401560.5347970340,401560.5347970340,1,DORA-USDT
2021-08-25 12:00:00,1629864000000,9.0760000000,9.3890000000,9.0750000000,9.2630000000,69058.3538420000,639210.7340177640,639210.7340177640,1,DORA-USDT
2021-08-25 13:00:00,1629867600000,9.2610000000,9.3380000000,9.2190000000,9.3320000000,37791.3088160000,350281.0575895080,350281.0575895080,1,DORA-USDT
2021-08-25 14:00:00,1629871200000,9.3320000000,9.3890000000,9.2500000000,9.3170000000,38608.5117900000,359414.8722095920,359414.8722095920,1,DORA-USDT
2021-08-25 15:00:00,1629874800000,9.3180000000,9.4510000000,9.3170000000,9.3260000000,29731.2600670000,278850.1354573570,278850.1354573570,1,DORA-USDT
2021-08-25 16:00:00,1629878400000,9.3250000000,9.3250000000,8.9360000000,8.9810000000,70664.4074220000,645510.9192071720,645510.9192071720,1,DORA-USDT
2021-08-25 17:00:00,1629882000000,8.9810000000,9.1310000000,8.8200000000,8.8230000000,71931.9175530000,643347.0744399880,643347.0744399880,1,DORA-USDT
2021-08-25 18:00:00,1629885600000,8.8240000000,9.1430000000,8.8230000000,9.0780000000,72946.4396590000,658248.9822003481,658248.9822003481,1,DORA-USDT
2021-08-25 19:00:00,1629889200000,9.0810000000,9.0890000000,8.9980000000,9.0450000000,37584.8032100000,339887.1273526310,339887.1273526310,1,DORA-USDT
2021-08-25 20:00:00,1629892800000,9.0430000000,9.4430000000,9.0020000000,9.1820000000,56469.0153160000,514116.1248235180,514116.1248235180,1,DORA-USDT
2021-08-25 21:00:00,1629896400000,9.1810000000,9.5480000000,9.1760000000,9.2940000000,75415.6926160000,703539.6068330440,703539.6068330440,1,DORA-USDT
2021-08-25 22:00:00,1629900000000,9.2920000000,9.9140000000,9.1910000000,9.7380000000,118306.7138540000,1137563.2536961960,1137563.2536961960,1,DORA-USDT
2021-08-25 23:00:00,1629903600000,9.7410000000,9.9390000000,9.6760000000,9.8590000000,40386.8766970000,395241.2838683820,395241.2838683820,1,DORA-USDT
2021-08-26 00:00:00,1629907200000,9.8630000000,9.8700000000,9.6230000000,9.7420000000,48530.2793300000,472477.3067957640,472477.3067957640,1,DORA-USDT
2021-08-26 01:00:00,1629910800000,9.7390000000,9.9090000000,9.6920000000,9.7030000000,52889.7359470000,518756.6644401700,518756.6644401700,1,DORA-USDT
2021-08-26 02:00:00,1629914400000,9.7010000000,9.7730000000,9.5280000000,9.5920000000,45390.8769530000,437584.3885354160,437584.3885354160,1,DORA-USDT
2021-08-26 03:00:00,1629918000000,9.5920000000,9.6640000000,9.5240000000,9.5420000000,19295.2404490000,185523.6108793500,185523.6108793500,1,DORA-USDT
2021-08-26 04:00:00,1629921600000,9.5440000000,9.5530000000,9.4390000000,9.4420000000,21190.8233930000,201427.0322691020,201427.0322691020,1,DORA-USDT
2021-08-26 05:00:00,1629925200000,9.4410000000,9.5060000000,9.4140000000,9.4930000000,22778.7376400000,215612.6453210910,215612.6453210910,1,DORA-USDT
2021-08-26 06:00:00,1629928800000,9.4970000000,9.5980000000,9.4520000000,9.4620000000,31906.5687570000,303786.5535325110,303786.5535325110,1,DORA-USDT
2021-08-26 07:00:00,1629932400000,9.4620000000,9.8250000000,9.4000000000,9.7650000000,74578.1531260000,719234.5992658840,719234.5992658840,1,DORA-USDT
2021-08-26 08:00:00,1629936000000,9.7650000000,10.3250000000,9.7200000000,10.2630000000,80090.6119150000,804237.9494499080,804237.9494499080,1,DORA-USDT
2021-08-26 09:00:00,1629939600000,10.2630000000,10.2950000000,10.0940000000,10.1730000000,60294.5658360000,613597.5187897780,613597.5187897780,1,DORA-USDT
2021-08-26 10:00:00,1629943200000,10.1700000000,11.4900000000,10.1600000000,10.8850000000,184174.8985610000,1987196.4255203267,1987196.4255203267,1,DORA-USDT
2021-08-26 11:00:00,1629946800000,10.8810000000,10.9690000000,10.4400000000,10.4900000000,124557.9783610000,1331698.7742446980,1331698.7742446980,1,DORA-USDT
2021-08-26 12:00:00,1629950400000,10.4920000000,10.6400000000,10.1190000000,10.5590000000,116583.4446620000,1211770.2913579501,1211770.2913579501,1,DORA-USDT
2021-08-26 13:00:00,1629954000000,10.5520000000,10.6600000000,9.9560000000,10.0110000000,83519.6858900000,860557.7619455711,860557.7619455711,1,DORA-USDT
2021-08-26 14:00:00,1629957600000,10.0110000000,10.0300000000,9.3170000000,9.3330000000,100025.8075890000,962185.2495335900,962185.2495335900,1,DORA-USDT
2021-08-26 15:00:00,1629961200000,9.3340000000,9.3610000000,8.9000000000,9.3110000000,124871.2384920000,1140742.6940481693,1140742.6940481693,1,DORA-USDT
2021-08-26 16:00:00,1629964800000,9.3120000000,9.5000000000,9.2550000000,9.4860000000,55592.3676350000,520743.5123141240,520743.5123141240,1,DORA-USDT
2021-08-26 17:00:00,1629968400000,9.4870000000,9.6580000000,9.1920000000,9.2800000000,76460.5418630000,723498.0626392040,723498.0626392040,1,DORA-USDT
2021-08-26 18:00:00,1629972000000,9.2440000000,9.5350000000,9.2440000000,9.4570000000,49073.0248160000,462664.1700214960,462664.1700214960,1,DORA-USDT
2021-08-26 19:00:00,1629975600000,9.4600000000,9.6020000000,9.3250000000,9.4240000000,64790.8805260000,612388.6340547060,612388.6340547060,1,DORA-USDT
2021-08-26 20:00:00,1629979200000,9.4260000000,9.6430000000,9.1300000000,9.4500000000,108036.0759220000,1018203.2894644280,1018203.2894644280,1,DORA-USDT
2021-08-26 21:00:00,1629982800000,9.4500000000,9.6290000000,9.3790000000,9.4450000000,67278.4178010000,638032.8277123590,638032.8277123590,1,DORA-USDT
2021-08-26 22:00:00,1629986400000,9.4490000000,9.5820000000,9.4240000000,9.4690000000,44142.4947410000,419369.4608471450,419369.4608471450,1,DORA-USDT
2021-08-26 23:00:00,1629990000000,9.4710000000,9.5300000000,9.3750000000,9.4060000000,36029.8269900000,340854.5867879440,340854.5867879440,1,DORA-USDT
2021-08-27 00:00:00,1629993600000,9.4080000000,9.4510000000,9.1800000000,9.2630000000,79837.4818400000,743166.5398878140,743166.5398878140,1,DORA-USDT
2021-08-27 01:00:00,1629997200000,9.2660000000,9.4500000000,9.2610000000,9.4370000000,40754.5120170000,382338.8445410780,382338.8445410780,1,DORA-USDT
2021-08-27 02:00:00,1630000800000,9.4350000000,9.4480000000,9.3360000000,9.3710000000,30113.7720160000,282560.4972285000,282560.4972285000,1,DORA-USDT
2021-08-27 03:00:00,1630004400000,9.3740000000,9.3760000000,9.2220000000,9.2720000000,32108.3180740000,297907.4553304720,297907.4553304720,1,DORA-USDT
2021-08-27 04:00:00,1630008000000,9.2720000000,9.2970000000,9.2410000000,9.2850000000,20884.0672300000,193626.0615477190,193626.0615477190,1,DORA-USDT
2021-08-27 05:00:00,1630011600000,9.2870000000,9.3800000000,9.2870000000,9.3570000000,29881.5470830000,279182.1220231370,279182.1220231370,1,DORA-USDT
2021-08-27 06:00:00,1630015200000,9.3570000000,9.4380000000,9.3520000000,9.4080000000,21944.0070590000,206033.9932526030,206033.9932526030,1,DORA-USDT
2021-08-27 07:00:00,1630018800000,9.4080000000,9.5000000000,9.3500000000,9.3760000000,51130.0861740000,482194.1608261140,482194.1608261140,1,DORA-USDT
2021-08-27 08:00:00,1630022400000,9.3770000000,9.4810000000,9.1140000000,9.4800000000,86018.5414910000,797023.6495631970,797023.6495631970,1,DORA-USDT
2021-08-27 09:00:00,1630026000000,9.4810000000,9.8120000000,9.4800000000,9.7100000000,95352.0781650000,921650.7880986548,921650.7880986548,1,DORA-USDT
2021-08-27 10:00:00,1630029600000,9.7080000000,10.5020000000,9.7030000000,10.2480000000,190780.3605380000,1939976.2932073767,1939976.2932073767,1,DORA-USDT
2021-08-27 11:00:00,1630033200000,10.2370000000,10.2660000000,9.5110000000,9.5300000000,148089.2302680000,1464455.1373836547,1464455.1373836547,1,DORA-USDT
2021-08-27 12:00:00,1630036800000,9.5290000000,9.5900000000,9.3250000000,9.5850000000,87669.3304880000,830517.8752038800,830517.8752038800,1,DORA-USDT
2021-08-27 13:00:00,1630040400000,9.5870000000,9.9980000000,9.5090000000,9.9920000000,55959.2275270000,542964.6983164120,542964.6983164120,1,DORA-USDT
2021-08-27 14:00:00,1630044000000,9.9860000000,10.1000000000,9.7650000000,9.8310000000,74620.9510240000,742512.1970855960,742512.1970855960,1,DORA-USDT
2021-08-27 15:00:00,1630047600000,9.8300000000,10.1330000000,9.6600000000,10.1110000000,69228.3077350000,684590.4088537199,684590.4088537199,1,DORA-USDT
2021-08-27 16:00:00,1630051200000,10.1330000000,10.1510000000,9.8100000000,9.8130000000,59464.4294590000,593748.1805131990,593748.1805131990,1,DORA-USDT
2021-08-27 17:00:00,1630054800000,9.8130000000,9.9340000000,9.8000000000,9.8550000000,46917.8405590000,462150.1281492410,462150.1281492410,1,DORA-USDT
2021-08-27 18:00:00,1630058400000,9.8530000000,9.8870000000,9.6690000000,9.7910000000,49721.1485170000,485395.2626195640,485395.2626195640,1,DORA-USDT
2021-08-27 19:00:00,1630062000000,9.7910000000,9.9640000000,9.7690000000,9.8540000000,47359.0568370000,466717.2732754930,466717.2732754930,1,DORA-USDT
2021-08-27 20:00:00,1630065600000,9.8530000000,9.9020000000,9.6560000000,9.6810000000,38346.9519050000,375475.3274582970,375475.3274582970,1,DORA-USDT
2021-08-27 21:00:00,1630069200000,9.6700000000,9.6740000000,9.5020000000,9.6630000000,42953.7212150000,412091.3290643980,412091.3290643980,1,DORA-USDT
2021-08-27 22:00:00,1630072800000,9.6620000000,10.2340000000,9.6590000000,10.1420000000,99523.8638050000,995576.6872659060,995576.6872659060,1,DORA-USDT
2021-08-27 23:00:00,1630076400000,10.1480000000,10.2230000000,9.8960000000,9.9390000000,46599.7833670000,467561.9252967320,467561.9252967320,1,DORA-USDT
2021-08-28 00:00:00,1630080000000,9.9350000000,10.8310000000,9.9290000000,10.6120000000,141779.6749540000,1491831.2540275110,1491831.2540275110,1,DORA-USDT
2021-08-28 01:00:00,1630083600000,10.6170000000,10.9370000000,10.4160000000,10.5000000000,104972.8575680000,1117828.2484448780,1117828.2484448780,1,DORA-USDT
2021-08-28 02:00:00,1630087200000,10.4990000000,10.6970000000,10.4670000000,10.5730000000,47657.0370460000,506294.6991892960,506294.6991892960,1,DORA-USDT
2021-08-28 03:00:00,1630090800000,10.5710000000,10.6540000000,10.2840000000,10.3510000000,62859.7396300000,655548.1439064450,655548.1439064450,1,DORA-USDT
2021-08-28 04:00:00,1630094400000,10.3510000000,10.8210000000,10.2610000000,10.7340000000,80234.9807260000,849128.4787690321,849128.4787690321,1,DORA-USDT
2021-08-28 05:00:00,1630098000000,10.7320000000,11.0260000000,10.6650000000,11.0260000000,62739.0797700000,679012.0045917140,679012.0045917140,1,DORA-USDT
2021-08-28 06:00:00,1630101600000,11.0230000000,11.0510000000,10.7300000000,10.7850000000,74353.1864010000,811897.7941743000,811897.7941743000,1,DORA-USDT
2021-08-28 07:00:00,1630105200000,10.7850000000,10.9400000000,10.7270000000,10.8180000000,55823.6885240000,604445.9040172260,604445.9040172260,1,DORA-USDT
2021-08-28 08:00:00,1630108800000,10.8190000000,10.8970000000,10.6610000000,10.6890000000,48657.3181290000,522931.5176011290,522931.5176011290,1,DORA-USDT
2021-08-28 09:00:00,1630112400000,10.6890000000,10.6980000000,10.4340000000,10.6640000000,53447.9418310000,564102.0161570730,564102.0161570730,1,DORA-USDT
2021-08-28 10:00:00,1630116000000,10.6580000000,10.7340000000,10.6260000000,10.7140000000,26504.2532310000,282740.3709333080,282740.3709333080,1,DORA-USDT
2021-08-28 11:00:00,1630119600000,10.7000000000,10.7260000000,10.5510000000,10.5550000000,33120.1458600000,353191.0239680560,353191.0239680560,1,DORA-USDT
2021-08-28 12:00:00,1630123200000,10.5550000000,10.6450000000,10.3460000000,10.3590000000,39482.4728210000,414961.0215648860,414961.0215648860,1,DORA-USDT
2021-08-28 13:00:00,1630126800000,10.3600000000,10.4610000000,10.2100000000,10.4500000000,67091.9418280000,694268.8888320290,694268.8888320290,1,DORA-USDT
2021-08-28 14:00:00,1630130400000,10.4500000000,10.4940000000,10.3000000000,10.4480000000,43767.3267920000,455624.0105420770,455624.0105420770,1,DORA-USDT
2021-08-28 15:00:00,1630134000000,10.4460000000,10.4960000000,10.4150000000,10.4820000000,31708.1383590000,331559.3198477780,331559.3198477780,1,DORA-USDT
2021-08-28 16:00:00,1630137600000,10.4810000000,10.6070000000,10.4690000000,10.5680000000,32940.1264230000,347779.9384331620,347779.9384331620,1,DORA-USDT
2021-08-28 17:00:00,1630141200000,10.5680000000,10.6360000000,10.3870000000,10.4800000000,54841.5783570000,576498.1956574430,576498.1956574430,1,DORA-USDT
2021-08-28 18:00:00,1630144800000,10.4830000000,10.5840000000,10.4530000000,10.5470000000,31578.7204760000,332408.4118555980,332408.4118555980,1,DORA-USDT
2021-08-28 19:00:00,1630148400000,10.5430000000,10.8370000000,10.4130000000,10.7050000000,73554.0098520000,776318.5378402449,776318.5378402449,1,DORA-USDT
2021-08-28 20:00:00,1630152000000,10.6960000000,11.0720000000,10.6820000000,10.7740000000,107616.7705820000,1172959.3921687249,1172959.3921687249,1,DORA-USDT
2021-08-28 21:00:00,1630155600000,10.7740000000,10.8990000000,10.7010000000,10.8440000000,37991.5586200000,410006.2243966260,410006.2243966260,1,DORA-USDT
2021-08-28 22:00:00,1630159200000,10.8490000000,10.8530000000,10.5800000000,10.5990000000,53630.2797120000,573366.8636439140,573366.8636439140,1,DORA-USDT
2021-08-28 23:00:00,1630162800000,10.6030000000,10.9000000000,10.4130000000,10.8670000000,85906.9592310000,912957.3829302170,912957.3829302170,1,DORA-USDT
2021-08-29 00:00:00,1630166400000,10.8840000000,11.4600000000,10.8050000000,11.1800000000,115539.3320450000,1294661.0342221130,1294661.0342221130,1,DORA-USDT
2021-08-29 01:00:00,1630170000000,11.1870000000,11.7200000000,11.1460000000,11.5310000000,78942.6612290000,905159.7372244272,905159.7372244272,1,DORA-USDT
2021-08-29 02:00:00,1630173600000,11.5320000000,11.7810000000,11.3550000000,11.5160000000,77095.3396880000,891882.7596087140,891882.7596087140,1,DORA-USDT
2021-08-29 03:00:00,1630177200000,11.5130000000,11.5250000000,11.0300000000,11.0870000000,81614.0283670000,917151.9274062240,917151.9274062240,1,DORA-USDT
2021-08-29 04:00:00,1630180800000,11.0870000000,11.1290000000,11.0130000000,11.0980000000,32779.9820970000,362653.1008093630,362653.1008093630,1,DORA-USDT
2021-08-29 05:00:00,1630184400000,11.1010000000,11.1050000000,10.9660000000,10.9770000000,27048.6046290000,298262.5381681990,298262.5381681990,1,DORA-USDT
2021-08-29 06:00:00,1630188000000,10.9740000000,11.0450000000,10.8910000000,10.9550000000,43506.2322830000,476541.9586933770,476541.9586933770,1,DORA-USDT
2021-08-29 07:00:00,1630191600000,10.9560000000,11.3620000000,10.9470000000,11.3200000000,65447.1319270000,731921.3983958730,731921.3983958730,1,DORA-USDT
2021-08-29 08:00:00,1630195200000,11.3180000000,11.7000000000,11.1250000000,11.4700000000,95477.4552590000,1085888.7169493239,1085888.7169493239,1,DORA-USDT
2021-08-29 09:00:00,1630198800000,11.4690000000,11.6100000000,11.4280000000,11.4290000000,51091.2858960000,587863.3721363370,587863.3721363370,1,DORA-USDT
2021-08-29 10:00:00,1630202400000,11.4290000000,11.4340000000,10.9130000000,10.9360000000,47370.4200500000,530619.6397791920,530619.6397791920,1,DORA-USDT
2021-08-29 11:00:00,1630206000000,10.9340000000,10.9420000000,10.4620000000,10.7300000000,114449.5732750000,1221271.4137035387,1221271.4137035387,1,DORA-USDT
2021-08-29 12:00:00,1630209600000,10.7310000000,10.8420000000,10.6180000000,10.6710000000,51316.5272840000,549995.5811920490,549995.5811920490,1,DORA-USDT
2021-08-29 13:00:00,1630213200000,10.6740000000,10.9950000000,10.6100000000,10.9770000000,51460.3235300000,554172.1518879740,554172.1518879740,1,DORA-USDT
2021-08-29 14:00:00,1630216800000,10.9760000000,11.2640000000,10.9280000000,11.0000000000,104876.2478530000,1159522.1982359821,1159522.1982359821,1,DORA-USDT
2021-08-29 15:00:00,1630220400000,11.0000000000,11.1300000000,10.8520000000,10.8520000000,37355.0485450000,410831.5227896160,410831.5227896160,1,DORA-USDT
2021-08-29 16:00:00,1630224000000,10.8510000000,11.0410000000,10.7830000000,11.0150000000,50317.2151400000,549032.8917050150,549032.8917050150,1,DORA-USDT
2021-08-29 17:00:00,1630227600000,10.9970000000,11.0830000000,10.8900000000,11.0400000000,46659.1621810000,511974.2026448230,511974.2026448230,1,DORA-USDT
2021-08-29 18:00:00,1630231200000,11.0400000000,11.3220000000,11.0040000000,11.2000000000,40216.0628360000,449307.3090003610,449307.3090003610,1,DORA-USDT
2021-08-29 19:00:00,1630234800000,11.2010000000,11.2310000000,10.6510000000,10.6670000000,67241.6781870000,734999.4515872410,734999.4515872410,1,DORA-USDT
2021-08-29 20:00:00,1630238400000,10.6870000000,11.1760000000,10.6670000000,10.9960000000,56441.7179210000,612672.8221893790,612672.8221893790,1,DORA-USDT
2021-08-29 21:00:00,1630242000000,10.9970000000,11.1170000000,10.8520000000,11.0990000000,39252.3500100000,430507.2637484530,430507.2637484530,1,DORA-USDT
2021-08-29 22:00:00,1630245600000,11.0970000000,11.2000000000,10.9650000000,10.9650000000,54252.9356800000,600987.4076509940,600987.4076509940,1,DORA-USDT
2021-08-29 23:00:00,1630249200000,10.9680000000,11.0170000000,10.8340000000,10.9300000000,40303.0890960000,440856.9214005990,440856.9214005990,1,DORA-USDT
2021-08-30 00:00:00,1630252800000,10.9330000000,10.9400000000,10.6510000000,10.6550000000,45753.5795960000,492551.9809789620,492551.9809789620,1,DORA-USDT
2021-08-30 01:00:00,1630256400000,10.6560000000,10.7380000000,10.6000000000,10.7380000000,23904.9153480000,254880.6633017070,254880.6633017070,1,DORA-USDT
2021-08-30 02:00:00,1630260000000,10.7340000000,10.7630000000,10.6960000000,10.7400000000,18060.4955690000,193773.7842951030,193773.7842951030,1,DORA-USDT
2021-08-30 03:00:00,1630263600000,10.7360000000,10.8500000000,10.7350000000,10.8380000000,17603.2654210000,190227.1634609640,190227.1634609640,1,DORA-USDT
2021-08-30 04:00:00,1630267200000,10.8460000000,10.9140000000,10.8010000000,10.9080000000,25549.1065450000,277250.6603044920,277250.6603044920,1,DORA-USDT
2021-08-30 05:00:00,1630270800000,10.9060000000,11.0370000000,10.8990000000,11.0350000000,24655.0519430000,270423.4543160930,270423.4543160930,1,DORA-USDT
2021-08-30 06:00:00,1630274400000,11.0340000000,11.1510000000,10.9170000000,10.9710000000,47455.2665580000,523789.9849878730,523789.9849878730,1,DORA-USDT
2021-08-30 07:00:00,1630278000000,10.9710000000,11.0360000000,10.7600000000,10.7850000000,41593.3191510000,453316.9532267430,453316.9532267430,1,DORA-USDT
2021-08-30 08:00:00,1630281600000,10.7870000000,10.8250000000,10.7560000000,10.8030000000,32845.2710240000,354258.2806343190,354258.2806343190,1,DORA-USDT
2021-08-30 09:00:00,1630285200000,10.8000000000,10.8660000000,10.6500000000,10.6590000000,37946.1107940000,407460.2228862690,407460.2228862690,1,DORA-USDT
2021-08-30 10:00:00,1630288800000,10.6570000000,10.6840000000,10.4540000000,10.5560000000,41394.7868020000,438000.4471516800,438000.4471516800,1,DORA-USDT
2021-08-30 11:00:00,1630292400000,10.5550000000,10.5790000000,10.2640000000,10.3940000000,55782.9766190000,580085.5175783350,580085.5175783350,1,DORA-USDT
2021-08-30 12:00:00,1630296000000,10.3970000000,10.6770000000,10.2890000000,10.5310000000,78076.1442830000,819317.8553259190,819317.8553259190,1,DORA-USDT
2021-08-30 13:00:00,1630299600000,10.5230000000,10.6740000000,10.4300000000,10.5820000000,52225.1662410000,550970.7586271670,550970.7586271670,1,DORA-USDT
2021-08-30 14:00:00,1630303200000,10.5840000000,10.6290000000,10.4170000000,10.4840000000,55623.1000220000,585853.3218373460,585853.3218373460,1,DORA-USDT
2021-08-30 15:00:00,1630306800000,10.4830000000,10.6590000000,10.4490000000,10.6030000000,48437.8494240000,511094.2987554170,511094.2987554170,1,DORA-USDT
2021-08-30 16:00:00,1630310400000,10.6210000000,10.6890000000,10.5470000000,10.6470000000,37764.9107190000,401016.5964201280,401016.5964201280,1,DORA-USDT
2021-08-30 17:00:00,1630314000000,10.6480000000,10.6940000000,10.5900000000,10.6680000000,23504.5958610000,250696.0711703540,250696.0711703540,1,DORA-USDT
2021-08-30 18:00:00,1630317600000,10.6710000000,10.8900000000,10.5490000000,10.7180000000,60224.5831350000,644980.9520998270,644980.9520998270,1,DORA-USDT
2021-08-30 19:00:00,1630321200000,10.7180000000,10.7830000000,10.5790000000,10.6130000000,47873.7467590000,511311.3615736540,511311.3615736540,1,DORA-USDT
2021-08-30 20:00:00,1630324800000,10.6170000000,10.7800000000,10.5720000000,10.6250000000,57293.1361170000,611433.5900190690,611433.5900190690,1,DORA-USDT
2021-08-30 21:00:00,1630328400000,10.6200000000,10.7170000000,10.5480000000,10.6050000000,48905.2101960000,519220.2672230310,519220.2672230310,1,DORA-USDT
2021-08-30 22:00:00,1630332000000,10.6050000000,10.7350000000,10.5480000000,10.5820000000,51563.9960170000,548084.5316753540,548084.5316753540,1,DORA-USDT
2021-08-30 23:00:00,1630335600000,10.5860000000,10.7870000000,10.5840000000,10.7100000000,34014.2620320000,363741.7583282640,363741.7583282640,1,DORA-USDT
2021-08-31 00:00:00,1630339200000,10.7090000000,10.8000000000,10.6170000000,10.7760000000,36649.3134060000,392189.0618393420,392189.0618393420,1,DORA-USDT
2021-08-31 01:00:00,1630342800000,10.7740000000,10.8300000000,10.6210000000,10.7370000000,46516.4313060000,498888.8527289430,498888.8527289430,1,DORA-USDT
2021-08-31 02:00:00,1630346400000,10.7360000000,10.8980000000,10.7280000000,10.8430000000,36708.8915120000,396224.1889470910,396224.1889470910,1,DORA-USDT
2021-08-31 03:00:00,1630350000000,10.8450000000,10.8650000000,10.7200000000,10.8410000000,34743.0700860000,374800.5690363010,374800.5690363010,1,DORA-USDT
2021-08-31 04:00:00,1630353600000,10.8370000000,10.9730000000,10.8370000000,10.9580000000,34825.1231420000,380066.6696893040,380066.6696893040,1,DORA-USDT
2021-08-31 05:00:00,1630357200000,10.9590000000,11.0820000000,10.9010000000,11.0810000000,33868.1738030000,371591.8783868380,371591.8783868380,1,DORA-USDT
2021-08-31 06:00:00,1630360800000,11.0840000000,11.0940000000,10.9220000000,10.9330000000,20406.0323710000,224690.2686854630,224690.2686854630,1,DORA-USDT
2021-08-31 07:00:00,1630364400000,10.9330000000,10.9460000000,10.5520000000,10.7970000000,78843.6924300000,846784.8594422319,846784.8594422319,1,DORA-USDT
2021-08-31 08:00:00,1630368000000,10.7950000000,11.0950000000,10.3660000000,10.3870000000,122700.4165260000,1310173.9817387990,1310173.9817387990,1,DORA-USDT
2021-08-31 09:00:00,1630371600000,10.3910000000,10.6000000000,10.3560000000,10.5170000000,44582.9595710000,465554.5684109820,465554.5684109820,1,DORA-USDT
2021-08-31 10:00:00,1630375200000,10.5180000000,10.5620000000,10.5000000000,10.5560000000,17719.6901950000,186505.1419913360,186505.1419913360,1,DORA-USDT
2021-08-31 11:00:00,1630378800000,10.5550000000,10.6600000000,10.5310000000,10.6190000000,35555.5080770000,377149.5036988180,377149.5036988180,1,DORA-USDT
2021-08-31 12:00:00,1630382400000,10.6240000000,10.6990000000,10.5760000000,10.6930000000,38893.1089240000,413287.2938924650,413287.2938924650,1,DORA-USDT
2021-08-31 13:00:00,1630386000000,10.6940000000,10.7080000000,10.5800000000,10.5860000000,34443.8577520000,366425.1327921860,366425.1327921860,1,DORA-USDT
2021-08-31 14:00:00,1630389600000,10.5800000000,10.5900000000,10.5000000000,10.5130000000,26255.8627090000,276486.9786208550,276486.9786208550,1,DORA-USDT
2021-08-31 15:00:00,1630393200000,10.5110000000,10.7060000000,10.4610000000,10.6390000000,37866.0600210000,401227.7150214860,401227.7150214860,1,DORA-USDT
2021-08-31 16:00:00,1630396800000,10.6400000000,10.7010000000,10.6120000000,10.6920000000,29001.6805240000,308857.2310485580,308857.2310485580,1,DORA-USDT
2021-08-31 17:00:00,1630400400000,10.6980000000,10.9890000000,10.5900000000,10.6720000000,28403.4568490000,302373.4222630810,302373.4222630810,1,DORA-USDT
2021-08-31 18:00:00,1630404000000,10.6740000000,11.0000000000,10.6130000000,10.6590000000,65229.9739140000,698245.3106919409,698245.3106919409,1,DORA-USDT
2021-08-31 19:00:00,1630407600000,10.6540000000,10.9500000000,10.5900000000,10.9320000000,62896.5069700000,680042.7120595149,680042.7120595149,1,DORA-USDT
2021-08-31 20:00:00,1630411200000,10.9340000000,11.1000000000,10.7930000000,10.9400000000,90155.8355700000,986069.9761048040,986069.9761048040,1,DORA-USDT
2021-08-31 21:00:00,1630414800000,10.9400000000,11.5000000000,10.9390000000,11.3020000000,89732.5256840000,1012916.7365300050,1012916.7365300050,1,DORA-USDT
2021-08-31 22:00:00,1630418400000,11.3010000000,11.3020000000,10.9450000000,10.9850000000,54121.0378680000,598489.4615225480,598489.4615225480,1,DORA-USDT
2021-08-31 23:00:00,1630422000000,10.9830000000,11.0860000000,10.9250000000,11.0370000000,37267.9431100000,409613.0548757620,409613.0548757620,1,DORA-USDT
2021-09-01 00:00:00,1630425600000,11.0380000000,11.0600000000,10.9210000000,11.0130000000,30984.1304770000,340760.2887883920,340760.2887883920,1,DORA-USDT
2021-09-01 01:00:00,1630429200000,11.0150000000,11.0470000000,10.8510000000,10.8720000000,26140.8168410000,286142.8675274360,286142.8675274360,1,DORA-USDT
2021-09-01 02:00:00,1630432800000,10.8720000000,10.9420000000,10.7250000000,10.7370000000,32769.5750390000,354256.8884420960,354256.8884420960,1,DORA-USDT
2021-09-01 03:00:00,1630436400000,10.7360000000,10.7550000000,10.6130000000,10.6300000000,22011.8468400000,234921.4632377670,234921.4632377670,1,DORA-USDT
2021-09-01 04:00:00,1630440000000,10.6320000000,10.6330000000,10.5900000000,10.5900000000,17498.9072480000,185718.2178204840,185718.2178204840,1,DORA-USDT
2021-09-01 05:00:00,1630443600000,10.5910000000,10.6650000000,10.5910000000,10.6430000000,15113.8408770000,160716.1927129640,160716.1927129640,1,DORA-USDT
2021-09-01 06:00:00,1630447200000,10.6410000000,10.6740000000,10.6000000000,10.6690000000,17316.8393320000,184190.0295344340,184190.0295344340,1,DORA-USDT
2021-09-01 07:00:00,1630450800000,10.6700000000,10.8700000000,10.6270000000,10.7060000000,42959.5305050000,461473.2651940490,461473.2651940490,1,DORA-USDT
2021-09-01 08:00:00,1630454400000,10.7030000000,10.8700000000,10.6640000000,10.7100000000,40040.4651420000,431069.8954299500,431069.8954299500,1,DORA-USDT
2021-09-01 09:00:00,1630458000000,10.7090000000,10.7160000000,10.5030000000,10.5400000000,43558.8394860000,460966.3171991760,460966.3171991760,1,DORA-USDT
2021-09-01 10:00:00,1630461600000,10.5390000000,10.5980000000,10.4760000000,10.5870000000,27070.9051780000,285485.1447686450,285485.1447686450,1,DORA-USDT
2021-09-01 11:00:00,1630465200000,10.5850000000,10.6550000000,10.4980000000,10.6450000000,30116.8341800000,318316.9643688650,318316.9643688650,1,DORA-USDT
2021-09-01 12:00:00,1630468800000,10.6410000000,10.7110000000,10.6230000000,10.6920000000,25287.4037560000,269945.5638463440,269945.5638463440,1,DORA-USDT
2021-09-01 13:00:00,1630472400000,10.6910000000,10.7900000000,10.6700000000,10.7870000000,21296.9555990000,228413.5111996050,228413.5111996050,1,DORA-USDT
2021-09-01 14:00:00,1630476000000,10.7840000000,10.8170000000,10.6580000000,10.6830000000,32484.7981300000,348643.0791072700,348643.0791072700,1,DORA-USDT
2021-09-01 15:00:00,1630479600000,10.6830000000,10.7100000000,10.4910000000,10.5040000000,34034.9865570000,360700.4014427870,360700.4014427870,1,DORA-USDT
2021-09-01 16:00:00,1630483200000,10.5030000000,10.6570000000,10.5030000000,10.6080000000,40012.7250310000,424076.2083494810,424076.2083494810,1,DORA-USDT
2021-09-01 17:00:00,1630486800000,10.6080000000,10.7820000000,10.5940000000,10.7480000000,31153.6441280000,333148.6209202120,333148.6209202120,1,DORA-USDT
2021-09-01 18:00:00,1630490400000,10.7450000000,10.7580000000,10.6370000000,10.6820000000,23483.9334290000,251267.1426188190,251267.1426188190,1,DORA-USDT
2021-09-01 19:00:00,1630494000000,10.6810000000,10.6980000000,10.6150000000,10.6540000000,24910.2081060000,265316.0809581180,265316.0809581180,1,DORA-USDT
2021-09-01 20:00:00,1630497600000,10.6560000000,10.8380000000,10.6410000000,10.7780000000,46913.2757530000,503911.0191837770,503911.0191837770,1,DORA-USDT
2021-09-01 21:00:00,1630501200000,10.7780000000,10.7990000000,10.6410000000,10.7140000000,30883.2733050000,331025.4056375940,331025.4056375940,1,DORA-USDT
2021-09-01 22:00:00,1630504800000,10.7150000000,10.7790000000,10.6150000000,10.6180000000,24825.8795230000,265588.1809243240,265588.1809243240,1,DORA-USDT
2021-09-01 23:00:00,1630508400000,10.6210000000,10.7040000000,10.6160000000,10.6810000000,29398.4692340000,313879.8142865860,313879.8142865860,1,DORA-USDT
2021-09-02 00:00:00,1630512000000,10.6860000000,10.9520000000,10.6820000000,10.8830000000,45056.9596740000,487059.5609126620,487059.5609126620,1,DORA-USDT
2021-09-02 01:00:00,1630515600000,10.8830000000,11.0280000000,10.8190000000,10.8210000000,53777.2269070000,587596.9926829820,587596.9926829820,1,DORA-USDT
2021-09-02 02:00:00,1630519200000,10.8230000000,10.9770000000,10.8220000000,10.9450000000,26343.3781410000,288039.1218925040,288039.1218925040,1,DORA-USDT
2021-09-02 03:00:00,1630522800000,10.9470000000,10.9630000000,10.7970000000,10.8260000000,24833.1012330000,269634.7338214510,269634.7338214510,1,DORA-USDT
2021-09-02 04:00:00,1630526400000,10.8250000000,10.9090000000,10.8240000000,10.9060000000,19415.8055020000,211446.9753633710,211446.9753633710,1,DORA-USDT
2021-09-02 05:00:00,1630530000000,10.9030000000,10.9750000000,10.8610000000,10.9620000000,31574.3114660000,344625.6854331330,344625.6854331330,1,DORA-USDT
2021-09-02 06:00:00,1630533600000,10.9610000000,11.0160000000,10.9080000000,10.9490000000,22826.5523790000,250008.4806621960,250008.4806621960,1,DORA-USDT
2021-09-02 07:00:00,1630537200000,10.9500000000,10.9510000000,10.8400000000,10.8910000000,27622.2048440000,300808.7766982780,300808.7766982780,1,DORA-USDT
2021-09-02 08:00:00,1630540800000,10.8910000000,10.9480000000,10.8050000000,10.9460000000,26659.6677960000,289844.3974679230,289844.3974679230,1,DORA-USDT
2021-09-02 09:00:00,1630544400000,10.9480000000,11.2800000000,10.8510000000,11.0830000000,58694.8997240000,648335.7709395830,648335.7709395830,1,DORA-USDT
2021-09-02 10:00:00,1630548000000,11.0870000000,11.1050000000,10.8860000000,10.8930000000,45051.5241210000,495666.3018186820,495666.3018186820,1,DORA-USDT
2021-09-02 11:00:00,1630551600000,10.8930000000,11.0470000000,10.8890000000,11.0460000000,30048.9340200000,329313.7895024690,329313.7895024690,1,DORA-USDT
2021-09-02 12:00:00,1630555200000,11.0460000000,11.0590000000,10.9660000000,11.0160000000,26592.8776170000,292597.4741971120,292597.4741971120,1,DORA-USDT
2021-09-02 13:00:00,1630558800000,11.0170000000,11.0560000000,10.9020000000,10.9170000000,21611.8866940000,237682.1476615200,237682.1476615200,1,DORA-USDT
2021-09-02 14:00:00,1630562400000,10.9170000000,11.0130000000,10.8520000000,11.0090000000,33811.4446120000,370090.7417053980,370090.7417053980,1,DORA-USDT
2021-09-02 15:00:00,1630566000000,11.0100000000,11.0510000000,10.8550000000,10.9040000000,31698.7534150000,347211.9957640320,347211.9957640320,1,DORA-USDT
2021-09-02 16:00:00,1630569600000,10.9010000000,11.5000000000,10.8510000000,11.3370000000,60536.4343300000,673393.5069737560,673393.5069737560,1,DORA-USDT
2021-09-02 17:00:00,1630573200000,11.3400000000,11.5480000000,10.9250000000,10.9250000000,92944.0830540000,1046622.6583490670,1046622.6583490670,1,DORA-USDT
2021-09-02 18:00:00,1630576800000,10.9300000000,11.0050000000,10.8210000000,10.9820000000,43138.7216040000,471253.1163323490,471253.1163323490,1,DORA-USDT
2021-09-02 19:00:00,1630580400000,10.9800000000,11.2000000000,10.8770000000,11.0560000000,36256.8422970000,397351.4451798350,397351.4451798350,1,DORA-USDT
2021-09-02 20:00:00,1630584000000,11.0520000000,11.0600000000,10.8730000000,10.9850000000,25675.7526490000,281335.6603104810,281335.6603104810,1,DORA-USDT
2021-09-02 21:00:00,1630587600000,10.9850000000,11.0590000000,10.9000000000,10.9040000000,28842.5286090000,316956.7596802220,316956.7596802220,1,DORA-USDT
2021-09-02 22:00:00,1630591200000,10.9040000000,10.9700000000,10.8540000000,10.8620000000,31942.7430820000,348672.9740904940,348672.9740904940,1,DORA-USDT
2021-09-02 23:00:00,1630594800000,10.8630000000,10.9810000000,10.8550000000,10.8700000000,27004.6854410000,294389.5408298260,294389.5408298260,1,DORA-USDT
2021-09-03 00:00:00,1630598400000,10.8670000000,10.9900000000,10.8670000000,10.9150000000,26568.2451670000,290335.8162886560,290335.8162886560,1,DORA-USDT
2021-09-03 01:00:00,1630602000000,10.9140000000,10.9640000000,10.8910000000,10.9590000000,23090.8834110000,252456.7301947780,252456.7301947780,1,DORA-USDT
2021-09-03 02:00:00,1630605600000,10.9630000000,10.9730000000,10.9280000000,10.9510000000,16500.5066120000,180691.0718277970,180691.0718277970,1,DORA-USDT
2021-09-03 03:00:00,1630609200000,10.9510000000,10.9850000000,10.8500000000,10.8650000000,19255.0821310000,210364.6842132690,210364.6842132690,1,DORA-USDT
2021-09-03 04:00:00,1630612800000,10.8600000000,10.9400000000,10.8200000000,10.9250000000,42880.3939480000,466965.5071011410,466965.5071011410,1,DORA-USDT
2021-09-03 05:00:00,1630616400000,10.9250000000,10.9360000000,10.8650000000,10.9320000000,20731.7401930000,225953.8947572910,225953.8947572910,1,DORA-USDT
2021-09-03 06:00:00,1630620000000,10.9330000000,10.9390000000,10.8690000000,10.8710000000,8829.9102420000,96340.0969584560,96340.0969584560,1,DORA-USDT
2021-09-03 07:00:00,1630623600000,10.8710000000,10.8730000000,10.7880000000,10.8070000000,15671.3139980000,169616.8059086580,169616.8059086580,1,DORA-USDT
2021-09-03 08:00:00,1630627200000,10.8100000000,10.8400000000,10.7000000000,10.7000000000,21405.2882550000,230491.4177022660,230491.4177022660,1,DORA-USDT
2021-09-03 09:00:00,1630630800000,10.7000000000,10.7080000000,10.6000000000,10.6030000000,21697.7227430000,231022.6488649810,231022.6488649810,1,DORA-USDT
2021-09-03 10:00:00,1630634400000,10.6030000000,10.8650000000,10.6000000000,10.8650000000,44699.7314730000,479875.0501809730,479875.0501809730,1,DORA-USDT
2021-09-03 11:00:00,1630638000000,10.8670000000,10.8800000000,10.7860000000,10.8360000000,24117.4737040000,261296.8025966860,261296.8025966860,1,DORA-USDT
2021-09-03 12:00:00,1630641600000,10.8280000000,10.8700000000,10.8080000000,10.8340000000,19806.8705920000,214755.0216371060,214755.0216371060,1,DORA-USDT
2021-09-03 13:00:00,1630645200000,10.8360000000,10.8430000000,10.3180000000,10.4840000000,46799.2397760000,497183.2182865220,497183.2182865220,1,DORA-USDT
2021-09-03 14:00:00,1630648800000,10.4920000000,10.6170000000,10.4670000000,10.5060000000,38514.0238670000,405976.9671111280,405976.9671111280,1,DORA-USDT
2021-09-03 15:00:00,1630652400000,10.5050000000,10.5840000000,10.5000000000,10.5120000000,11895.0886310000,125436.3519944610,125436.3519944610,1,DORA-USDT
2021-09-03 16:00:00,1630656000000,10.5120000000,10.6760000000,10.5080000000,10.6710000000,26220.7301150000,277757.5700320330,277757.5700320330,1,DORA-USDT
2021-09-03 17:00:00,1630659600000,10.6710000000,10.7490000000,10.6160000000,10.6880000000,24587.9549880000,262737.2335359240,262737.2335359240,1,DORA-USDT
2021-09-03 18:00:00,1630663200000,10.6890000000,10.8490000000,10.6230000000,10.6680000000,47916.7056090000,513696.0489975210,513696.0489975210,1,DORA-USDT
2021-09-03 19:00:00,1630666800000,10.6650000000,10.7270000000,10.5850000000,10.6860000000,35550.7309300000,378589.5005717940,378589.5005717940,1,DORA-USDT
2021-09-03 20:00:00,1630670400000,10.6860000000,10.9650000000,10.6300000000,10.7380000000,41865.7233540000,451422.5097347260,451422.5097347260,1,DORA-USDT
2021-09-03 21:00:00,1630674000000,10.7370000000,10.8020000000,10.6850000000,10.7990000000,40165.9957670000,431236.9128065870,431236.9128065870,1,DORA-USDT
2021-09-03 22:00:00,1630677600000,10.8010000000,10.8250000000,10.5860000000,10.6640000000,50491.7334630000,540390.8334570990,540390.8334570990,1,DORA-USDT
2021-09-03 23:00:00,1630681200000,10.6620000000,10.6970000000,10.5850000000,10.6210000000,25512.6877090000,271241.2910938550,271241.2910938550,1,DORA-USDT
2021-09-04 00:00:00,1630684800000,10.6250000000,10.9950000000,10.5280000000,10.5290000000,40466.5125090000,430704.5674811910,430704.5674811910,1,DORA-USDT
2021-09-04 01:00:00,1630688400000,10.5290000000,10.5290000000,10.3710000000,10.4950000000,33784.3778460000,352856.3398042230,352856.3398042230,1,DORA-USDT
2021-09-04 02:00:00,1630692000000,10.4930000000,10.5580000000,10.4450000000,10.5230000000,38567.3457070000,404863.5546310720,404863.5546310720,1,DORA-USDT
2021-09-04 03:00:00,1630695600000,10.5230000000,10.5430000000,10.2800000000,10.3040000000,31368.3839030000,326455.4315045690,326455.4315045690,1,DORA-USDT
2021-09-04 04:00:00,1630699200000,10.3070000000,10.3250000000,10.0100000000,10.0330000000,41780.7267330000,422678.0665473780,422678.0665473780,1,DORA-USDT
2021-09-04 05:00:00,1630702800000,10.0310000000,10.1330000000,10.0310000000,10.1230000000,24427.6951270000,245970.9006943360,245970.9006943360,1,DORA-USDT
2021-09-04 06:00:00,1630706400000,10.1210000000,10.4440000000,10.1000000000,10.3990000000,65934.6386120000,674302.6284297700,674302.6284297700,1,DORA-USDT
2021-09-04 07:00:00,1630710000000,10.4000000000,10.4570000000,10.3530000000,10.3910000000,33533.2578630000,348682.1475487640,348682.1475487640,1,DORA-USDT
2021-09-04 08:00:00,1630713600000,10.3890000000,10.5000000000,10.1490000000,10.2280000000,41449.5562510000,428643.3113383130,428643.3113383130,1,DORA-USDT
2021-09-04 09:00:00,1630717200000,10.2280000000,10.2660000000,10.1910000000,10.2360000000,24223.4684210000,247848.5479118620,247848.5479118620,1,DORA-USDT
2021-09-04 10:00:00,1630720800000,10.2350000000,10.3870000000,10.2160000000,10.3640000000,19425.3185790000,200283.8439763330,200283.8439763330,1,DORA-USDT
2021-09-04 11:00:00,1630724400000,10.3630000000,10.3850000000,10.2260000000,10.3670000000,21515.6905220000,222729.6449301060,222729.6449301060,1,DORA-USDT
2021-09-04 12:00:00,1630728000000,10.3660000000,10.3750000000,10.2820000000,10.2880000000,12667.7492820000,131004.5042400190,131004.5042400190,1,DORA-USDT
2021-09-04 13:00:00,1630731600000,10.2890000000,10.3160000000,10.2160000000,10.2260000000,22975.1895660000,235923.0878976440,235923.0878976440,1,DORA-USDT
2021-09-04 14:00:00,1630735200000,10.2230000000,10.2330000000,10.1090000000,10.1760000000,27598.1022490000,280973.1620745890,280973.1620745890,1,DORA-USDT
2021-09-04 15:00:00,1630738800000,10.1760000000,10.2250000000,10.1620000000,10.2150000000,14723.2775220000,150223.2862629940,150223.2862629940,1,DORA-USDT
2021-09-04 16:00:00,1630742400000,10.2140000000,10.2330000000,10.1220000000,10.2130000000,26431.7218200000,269676.8551868300,269676.8551868300,1,DORA-USDT
2021-09-04 17:00:00,1630746000000,10.2100000000,10.3000000000,10.2040000000,10.2730000000,18289.6701880000,187711.0528186320,187711.0528186320,1,DORA-USDT
2021-09-04 18:00:00,1630749600000,10.2730000000,10.3220000000,10.2560000000,10.2850000000,15596.2967050000,160518.3276013460,160518.3276013460,1,DORA-USDT
2021-09-04 19:00:00,1630753200000,10.2830000000,10.2860000000,10.1190000000,10.1550000000,32961.1130560000,335399.1397230610,335399.1397230610,1,DORA-USDT
2021-09-04 20:00:00,1630756800000,10.1550000000,10.2760000000,10.1460000000,10.1920000000,38044.5008560000,389099.3791489270,389099.3791489270,1,DORA-USDT
2021-09-04 21:00:00,1630760400000,10.1900000000,10.2110000000,10.0720000000,10.2030000000,31963.6135880000,324408.7327932930,324408.7327932930,1,DORA-USDT
2021-09-04 22:00:00,1630764000000,10.2010000000,10.2150000000,10.1030000000,10.1530000000,26499.3437170000,268935.3071013630,268935.3071013630,1,DORA-USDT
2021-09-04 23:00:00,1630767600000,10.1560000000,10.2240000000,9.9450000000,10.1860000000,66306.4382390000,671324.7953094300,671324.7953094300,1,DORA-USDT
2021-09-05 00:00:00,1630771200000,10.1880000000,10.2270000000,10.1560000000,10.2100000000,18296.8680970000,186336.3329263330,186336.3329263330,1,DORA-USDT
2021-09-05 01:00:00,1630774800000,10.2100000000,10.2210000000,10.0660000000,10.1200000000,22090.3251480000,223489.9302175230,223489.9302175230,1,DORA-USDT
2021-09-05 02:00:00,1630778400000,10.1180000000,10.1200000000,10.0000000000,10.0050000000,22627.3247990000,227502.6850374560,227502.6850374560,1,DORA-USDT
2021-09-05 03:00:00,1630782000000,10.0080000000,10.1040000000,9.9080000000,10.0730000000,31908.7388930000,319640.3615171140,319640.3615171140,1,DORA-USDT
2021-09-05 04:00:00,1630785600000,10.0730000000,10.1460000000,10.0730000000,10.1460000000,14235.4183840000,143941.7048272360,143941.7048272360,1,DORA-USDT
2021-09-05 05:00:00,1630789200000,10.1470000000,10.1650000000,9.9890000000,10.0040000000,28266.9216800000,284705.4347105540,284705.4347105540,1,DORA-USDT
2021-09-05 06:00:00,1630792800000,10.0060000000,10.0250000000,9.9210000000,9.9400000000,20218.3890520000,201478.0981807690,201478.0981807690,1,DORA-USDT
2021-09-05 07:00:00,1630796400000,9.9400000000,10.0390000000,9.9280000000,9.9570000000,27084.2786660000,270366.4988509230,270366.4988509230,1,DORA-USDT
2021-09-05 08:00:00,1630800000000,9.9580000000,9.9670000000,9.8000000000,9.9130000000,35055.5161900000,346705.7591299580,346705.7591299580,1,DORA-USDT
2021-09-05 09:00:00,1630803600000,9.9110000000,9.9300000000,9.8020000000,9.8420000000,23523.2936040000,232058.3271809190,232058.3271809190,1,DORA-USDT
2021-09-05 10:00:00,1630807200000,9.8390000000,9.8670000000,9.8170000000,9.8280000000,15082.1534160000,148336.3920523550,148336.3920523550,1,DORA-USDT
2021-09-05 11:00:00,1630810800000,9.8280000000,9.8280000000,9.6850000000,9.7160000000,32609.8120760000,317687.0044703500,317687.0044703500,1,DORA-USDT
2021-09-05 12:00:00,1630814400000,9.7150000000,9.8690000000,9.7130000000,9.8570000000,28844.3632590000,283142.3402915820,283142.3402915820,1,DORA-USDT
2021-09-05 13:00:00,1630818000000,9.8520000000,9.8580000000,9.7920000000,9.8520000000,23130.2479570000,227353.9667663550,227353.9667663550,1,DORA-USDT
2021-09-05 14:00:00,1630821600000,9.8560000000,9.9070000000,9.8450000000,9.8690000000,15826.0017150000,156299.4151621500,156299.4151621500,1,DORA-USDT
2021-09-05 15:00:00,1630825200000,9.8700000000,9.9940000000,9.8350000000,9.9520000000,25261.1907520000,250790.3236303830,250790.3236303830,1,DORA-USDT
2021-09-05 16:00:00,1630828800000,9.9550000000,10.3070000000,9.9520000000,10.2930000000,46303.9810500000,469542.5279214790,469542.5279214790,1,DORA-USDT
2021-09-05 17:00:00,1630832400000,10.2900000000,10.3370000000,10.2220000000,10.3110000000,25932.9983770000,266654.1122774270,266654.1122774270,1,DORA-USDT
2021-09-05 18:00:00,1630836000000,10.3100000000,10.3200000000,10.1020000000,10.1210000000,25402.2980060000,258977.8891536140,258977.8891536140,1,DORA-USDT
2021-09-05 19:00:00,1630839600000,10.1220000000,10.2570000000,9.9210000000,9.9360000000,54014.6653130000,545110.3528350100,545110.3528350100,1,DORA-USDT
2021-09-05 20:00:00,1630843200000,9.9370000000,9.9710000000,9.8330000000,9.8340000000,24191.1302100000,239803.8292347110,239803.8292347110,1,DORA-USDT
2021-09-05 21:00:00,1630846800000,9.8340000000,9.9070000000,9.7010000000,9.8970000000,29058.9613220000,285059.9622823270,285059.9622823270,1,DORA-USDT
2021-09-05 22:00:00,1630850400000,9.8970000000,9.9940000000,9.8330000000,9.8660000000,38794.3679270000,384149.3556298570,384149.3556298570,1,DORA-USDT
2021-09-05 23:00:00,1630854000000,9.8660000000,9.9360000000,9.8630000000,9.8990000000,26839.6879050000,265659.5726642220,265659.5726642220,1,DORA-USDT
2021-09-06 00:00:00,1630857600000,9.8920000000,9.9780000000,9.8850000000,9.9620000000,26680.7279600000,265115.5671469360,265115.5671469360,1,DORA-USDT
2021-09-06 01:00:00,1630861200000,9.9650000000,10.0170000000,9.9520000000,10.0010000000,19117.9532210000,190892.2360301170,190892.2360301170,1,DORA-USDT
2021-09-06 02:00:00,1630864800000,10.0000000000,10.0880000000,10.0000000000,10.0620000000,11807.7596360000,118659.4261078780,118659.4261078780,1,DORA-USDT
2021-09-06 03:00:00,1630868400000,10.0610000000,10.3640000000,10.0590000000,10.2880000000,33882.1126490000,347343.0866220000,347343.0866220000,1,DORA-USDT
2021-09-06 04:00:00,1630872000000,10.2900000000,10.5920000000,10.2680000000,10.5250000000,34746.1655600000,361791.9709022310,361791.9709022310,1,DORA-USDT
2021-09-06 05:00:00,1630875600000,10.5270000000,10.5490000000,10.3840000000,10.4200000000,32832.4777930000,343000.5860334430,343000.5860334430,1,DORA-USDT
2021-09-06 06:00:00,1630879200000,10.4190000000,10.4220000000,10.1820000000,10.3420000000,37292.8015460000,383220.0820498470,383220.0820498470,1,DORA-USDT
2021-09-06 07:00:00,1630882800000,10.3630000000,10.3640000000,10.2010000000,10.2240000000,26369.7886780000,270619.7408534920,270619.7408534920,1,DORA-USDT
2021-09-06 08:00:00,1630886400000,10.2250000000,10.2990000000,10.2060000000,10.2720000000,20747.0133250000,212801.6334526430,212801.6334526430,1,DORA-USDT
2021-09-06 09:00:00,1630890000000,10.2690000000,10.3380000000,10.2650000000,10.3340000000,16717.6878640000,172330.5053004810,172330.5053004810,1,DORA-USDT
2021-09-06 10:00:00,1630893600000,10.3340000000,10.3710000000,10.2150000000,10.2450000000,24931.7683130000,256871.6894682410,256871.6894682410,1,DORA-USDT
2021-09-06 11:00:00,1630897200000,10.2460000000,10.2720000000,10.1740000000,10.2190000000,26455.7256060000,270319.2830170540,270319.2830170540,1,DORA-USDT
2021-09-06 12:00:00,1630900800000,10.2200000000,10.2280000000,10.1860000000,10.2090000000,12425.5646710000,126863.9969466400,126863.9969466400,1,DORA-USDT
2021-09-06 13:00:00,1630904400000,10.2090000000,10.2120000000,10.1790000000,10.1800000000,12434.3609910000,126776.6444748870,126776.6444748870,1,DORA-USDT
2021-09-06 14:00:00,1630908000000,10.1810000000,10.4280000000,10.1640000000,10.3460000000,31943.0939410000,328472.0745742860,328472.0745742860,1,DORA-USDT
2021-09-06 15:00:00,1630911600000,10.3440000000,10.6430000000,10.3120000000,10.5790000000,53163.8499550000,558538.2772491650,558538.2772491650,1,DORA-USDT
2021-09-06 16:00:00,1630915200000,10.5780000000,10.5780000000,10.2950000000,10.3370000000,37553.0059950000,390989.3591948150,390989.3591948150,1,DORA-USDT
2021-09-06 17:00:00,1630918800000,10.3380000000,10.3980000000,10.2890000000,10.3000000000,23207.6043100000,240031.4252384900,240031.4252384900,1,DORA-USDT
2021-09-06 18:00:00,1630922400000,10.2990000000,10.4840000000,10.2960000000,10.4740000000,29818.4632650000,309972.8907949830,309972.8907949830,1,DORA-USDT
2021-09-06 19:00:00,1630926000000,10.4730000000,10.5940000000,10.3780000000,10.5800000000,48043.4449100000,501996.1146658870,501996.1146658870,1,DORA-USDT
2021-09-06 20:00:00,1630929600000,10.5910000000,10.5910000000,10.1370000000,10.1600000000,50619.4456290000,521633.0454938420,521633.0454938420,1,DORA-USDT
2021-09-06 21:00:00,1630933200000,10.1730000000,10.2000000000,9.7000000000,9.7890000000,73904.1493630000,730285.2561448340,730285.2561448340,1,DORA-USDT
2021-09-06 22:00:00,1630936800000,9.7920000000,9.9830000000,9.7810000000,9.9100000000,39850.0147300000,394471.8362738990,394471.8362738990,1,DORA-USDT
2021-09-06 23:00:00,1630940400000,9.9130000000,9.9830000000,9.8570000000,9.9320000000,43564.3263850000,432211.9472120930,432211.9472120930,1,DORA-USDT
2021-09-07 00:00:00,1630944000000,9.9330000000,9.9730000000,9.8190000000,9.8960000000,23928.9779730000,237013.4754415130,237013.4754415130,1,DORA-USDT
2021-09-07 01:00:00,1630947600000,9.8950000000,9.9850000000,9.8880000000,9.9210000000,20429.0192480000,203225.9949457980,203225.9949457980,1,DORA-USDT
2021-09-07 02:00:00,1630951200000,9.9170000000,9.9880000000,9.9020000000,9.9870000000,10486.3900890000,104240.3426538610,104240.3426538610,1,DORA-USDT
2021-09-07 03:00:00,1630954800000,9.9860000000,9.9940000000,9.8970000000,9.9050000000,12004.7005440000,119365.3856071830,119365.3856071830,1,DORA-USDT
2021-09-07 04:00:00,1630958400000,9.9060000000,9.9150000000,9.8580000000,9.8840000000,7264.8210460000,71831.3742020660,71831.3742020660,1,DORA-USDT
2021-09-07 05:00:00,1630962000000,9.8960000000,9.9120000000,9.8190000000,9.9050000000,23268.7025760000,229588.9246608170,229588.9246608170,1,DORA-USDT
2021-09-07 06:00:00,1630965600000,9.9030000000,10.4990000000,9.8910000000,10.0890000000,41031.5199290000,413654.7443167200,413654.7443167200,1,DORA-USDT
2021-09-07 07:00:00,1630969200000,10.0900000000,10.2010000000,9.9650000000,10.1530000000,50108.7280430000,505967.7414532850,505967.7414532850,1,DORA-USDT
2021-09-07 08:00:00,1630972800000,10.1540000000,10.2090000000,10.0300000000,10.1320000000,32813.4220730000,331897.0224143260,331897.0224143260,1,DORA-USDT
2021-09-07 09:00:00,1630976400000,10.1300000000,10.1460000000,9.8960000000,9.9030000000,31297.5892050000,314014.9770783100,314014.9770783100,1,DORA-USDT
2021-09-07 10:00:00,1630980000000,9.9050000000,10.0580000000,9.8530000000,9.8530000000,40231.0441160000,400543.5046516270,400543.5046516270,1,DORA-USDT
2021-09-07 11:00:00,1630983600000,9.8510000000,9.9410000000,9.8330000000,9.9190000000,23850.5776240000,235666.4313077590,235666.4313077590,1,DORA-USDT
2021-09-07 12:00:00,1630987200000,9.9190000000,9.9310000000,9.8420000000,9.8890000000,29280.9016900000,289463.8114507300,289463.8114507300,1,DORA-USDT
2021-09-07 13:00:00,1630990800000,9.8920000000,10.0350000000,9.8670000000,10.0100000000,25084.9776340000,249678.1146640900,249678.1146640900,1,DORA-USDT
2021-09-07 14:00:00,1630994400000,10.0090000000,10.0470000000,9.8030000000,9.8120000000,36266.2671450000,359494.5645935140,359494.5645935140,1,DORA-USDT
2021-09-07 15:00:00,1630998000000,9.8100000000,9.8340000000,9.7250000000,9.7540000000,15164.1442660000,148204.3278424800,148204.3278424800,1,DORA-USDT
2021-09-07 16:00:00,1631001600000,9.7570000000,9.7750000000,9.1680000000,9.1760000000,71961.7498850000,676760.1527421700,676760.1527421700,1,DORA-USDT
2021-09-07 17:00:00,1631005200000,9.1740000000,9.2670000000,9.1380000000,9.2100000000,36778.6000130000,339003.1990070470,339003.1990070470,1,DORA-USDT
2021-09-07 18:00:00,1631008800000,9.2090000000,9.5070000000,9.2030000000,9.4070000000,47268.1586910000,441590.3822666420,441590.3822666420,1,DORA-USDT
2021-09-07 19:00:00,1631012400000,9.4150000000,9.5430000000,9.3970000000,9.4820000000,16957.1217330000,161293.5887717580,161293.5887717580,1,DORA-USDT
2021-09-07 20:00:00,1631016000000,9.4850000000,9.5000000000,9.3290000000,9.3380000000,35332.5765190000,332253.3433008490,332253.3433008490,1,DORA-USDT
2021-09-07 21:00:00,1631019600000,9.3430000000,9.4210000000,9.2850000000,9.3580000000,34139.2552300000,319094.8181103080,319094.8181103080,1,DORA-USDT
2021-09-07 22:00:00,1631023200000,9.3560000000,9.3610000000,8.2510000000,8.2540000000,140570.2784270000,1236243.6948620880,1236243.6948620880,1,DORA-USDT
2021-09-07 23:00:00,1631026800000,8.2510000000,8.3150000000,7.7610000000,8.0060000000,187026.9050280000,1494461.6389422489,1494461.6389422489,1,DORA-USDT
2021-09-08 00:00:00,1631030400000,8.0060000000,8.4980000000,8.0040000000,8.4110000000,111265.4888700000,920316.8283225410,920316.8283225410,1,DORA-USDT
2021-09-08 01:00:00,1631034000000,8.4100000000,8.4240000000,8.0300000000,8.0400000000,66470.4665730000,545867.1307054471,545867.1307054471,1,DORA-USDT
2021-09-08 02:00:00,1631037600000,8.0370000000,8.1010000000,7.9470000000,8.0830000000,53542.0938510000,429535.4111404110,429535.4111404110,1,DORA-USDT
2021-09-08 03:00:00,1631041200000,8.0820000000,8.1070000000,7.9150000000,7.9360000000,41394.0711590000,332619.7325112450,332619.7325112450,1,DORA-USDT
2021-09-08 04:00:00,1631044800000,7.9370000000,7.9820000000,7.7700000000,7.8480000000,58460.5442490000,461323.8304741740,461323.8304741740,1,DORA-USDT
2021-09-08 05:00:00,1631048400000,7.8480000000,7.8490000000,7.7490000000,7.7900000000,35281.4320010000,275316.8784140820,275316.8784140820,1,DORA-USDT
2021-09-08 06:00:00,1631052000000,7.7880000000,7.9000000000,7.7860000000,7.8200000000,24634.0513170000,192721.3855700150,192721.3855700150,1,DORA-USDT
2021-09-08 07:00:00,1631055600000,7.8190000000,7.8250000000,7.6590000000,7.6930000000,47319.8190010000,364755.6011511960,364755.6011511960,1,DORA-USDT
2021-09-08 08:00:00,1631059200000,7.6980000000,7.8440000000,7.6400000000,7.8160000000,44258.9826730000,342779.7009262020,342779.7009262020,1,DORA-USDT
2021-09-08 09:00:00,1631062800000,7.8160000000,8.0360000000,7.7500000000,7.8990000000,41690.4532720000,325300.1332454720,325300.1332454720,1,DORA-USDT
2021-09-08 10:00:00,1631066400000,7.8770000000,8.1260000000,7.8440000000,8.0120000000,61324.6328530000,491573.2033060160,491573.2033060160,1,DORA-USDT
2021-09-08 11:00:00,1631070000000,8.0180000000,8.0200000000,7.6200000000,7.6620000000,72968.6003590000,565279.1051069540,565279.1051069540,1,DORA-USDT
2021-09-08 12:00:00,1631073600000,7.6620000000,7.9160000000,7.6510000000,7.8010000000,47334.7583080000,369082.4267619140,369082.4267619140,1,DORA-USDT
2021-09-08 13:00:00,1631077200000,7.8000000000,7.8110000000,7.6800000000,7.6950000000,58599.6119600000,453985.1219655990,453985.1219655990,1,DORA-USDT
2021-09-08 14:00:00,1631080800000,7.6930000000,7.7080000000,7.1770000000,7.2740000000,87755.3357220000,651458.5223572360,651458.5223572360,1,DORA-USDT
2021-09-08 15:00:00,1631084400000,7.2680000000,7.4740000000,7.0010000000,7.0420000000,110339.1437060000,797287.1381904579,797287.1381904579,1,DORA-USDT
2021-09-08 16:00:00,1631088000000,7.0400000000,7.0990000000,6.7000000000,7.0860000000,122708.0074480000,847889.5203814430,847889.5203814430,1,DORA-USDT
2021-09-08 17:00:00,1631091600000,7.0840000000,7.3560000000,7.0840000000,7.3250000000,54543.6546670000,394821.1247395010,394821.1247395010,1,DORA-USDT
2021-09-08 18:00:00,1631095200000,7.3250000000,7.3520000000,7.1680000000,7.3310000000,55927.5861340000,406531.9585588710,406531.9585588710,1,DORA-USDT
2021-09-08 19:00:00,1631098800000,7.3300000000,7.4550000000,7.3170000000,7.4020000000,46377.5443610000,343498.6327034910,343498.6327034910,1,DORA-USDT
2021-09-08 20:00:00,1631102400000,7.4020000000,7.4880000000,7.3230000000,7.4070000000,39181.2220500000,289423.0086456450,289423.0086456450,1,DORA-USDT
2021-09-08 21:00:00,1631106000000,7.4070000000,7.4680000000,7.2700000000,7.3120000000,67849.4616720000,499367.1431144150,499367.1431144150,1,DORA-USDT
2021-09-08 22:00:00,1631109600000,7.3130000000,7.4130000000,7.2930000000,7.3280000000,28118.3876540000,206704.0597283780,206704.0597283780,1,DORA-USDT
2021-09-08 23:00:00,1631113200000,7.3280000000,7.4530000000,7.3190000000,7.4290000000,35328.3572510000,261225.3363718580,261225.3363718580,1,DORA-USDT
2021-09-09 00:00:00,1631116800000,7.4270000000,7.5990000000,7.3220000000,7.4740000000,44550.7728290000,330210.1137952290,330210.1137952290,1,DORA-USDT
2021-09-09 01:00:00,1631120400000,7.4640000000,7.4790000000,7.2710000000,7.2860000000,38074.1486270000,280722.7634948470,280722.7634948470,1,DORA-USDT
2021-09-09 02:00:00,1631124000000,7.2860000000,7.5020000000,7.2700000000,7.4930000000,29166.3051620000,215306.3834861800,215306.3834861800,1,DORA-USDT
2021-09-09 03:00:00,1631127600000,7.4940000000,7.4940000000,7.3950000000,7.4240000000,14230.5423150000,105678.9977025670,105678.9977025670,1,DORA-USDT
2021-09-09 04:00:00,1631131200000,7.4260000000,7.4280000000,7.3950000000,7.3950000000,5601.4483290000,41488.0466112980,41488.0466112980,1,DORA-USDT
2021-09-09 05:00:00,1631134800000,7.3950000000,7.3980000000,7.2900000000,7.3050000000,11166.5930880000,81712.9578146990,81712.9578146990,1,DORA-USDT
2021-09-09 06:00:00,1631138400000,7.3050000000,7.3610000000,7.2610000000,7.3380000000,28475.3751620000,208206.1927369660,208206.1927369660,1,DORA-USDT
2021-09-09 07:00:00,1631142000000,7.3370000000,7.3650000000,7.2910000000,7.2940000000,15932.6814860000,116665.4237604420,116665.4237604420,1,DORA-USDT
2021-09-09 08:00:00,1631145600000,7.2930000000,7.3430000000,7.2010000000,7.3120000000,33918.9098080000,246475.3826085680,246475.3826085680,1,DORA-USDT
2021-09-09 09:00:00,1631149200000,7.3130000000,7.3320000000,7.2270000000,7.2660000000,33533.0562480000,243987.1320938190,243987.1320938190,1,DORA-USDT
2021-09-09 10:00:00,1631152800000,7.2660000000,7.3550000000,6.8960000000,7.1010000000,103178.9825700000,728475.6125602860,728475.6125602860,1,DORA-USDT
2021-09-09 11:00:00,1631156400000,7.1010000000,7.1690000000,6.9550000000,6.9780000000,80908.2703380000,570652.1025199250,570652.1025199250,1,DORA-USDT
2021-09-09 12:00:00,1631160000000,6.9800000000,7.1680000000,6.9510000000,7.0950000000,47332.9255160000,334835.5645730500,334835.5645730500,1,DORA-USDT
2021-09-09 13:00:00,1631163600000,7.0970000000,7.2460000000,7.0800000000,7.1820000000,40552.3767600000,290544.8305887560,290544.8305887560,1,DORA-USDT
2021-09-09 14:00:00,1631167200000,7.1920000000,7.2950000000,7.1220000000,7.2260000000,59317.9615360000,427623.1742314680,427623.1742314680,1,DORA-USDT
2021-09-09 15:00:00,1631170800000,7.2100000000,7.2360000000,7.1800000000,7.2250000000,25285.7877750000,182390.1965654730,182390.1965654730,1,DORA-USDT
2021-09-09 16:00:00,1631174400000,7.2240000000,7.4270000000,7.2230000000,7.4270000000,34073.5401730000,249321.6469787840,249321.6469787840,1,DORA-USDT
2021-09-09 17:00:00,1631178000000,7.4260000000,7.7480000000,7.4210000000,7.5820000000,62882.8881770000,478406.3546566500,478406.3546566500,1,DORA-USDT
2021-09-09 18:00:00,1631181600000,7.5790000000,7.5880000000,7.4380000000,7.4690000000,38437.9481610000,288539.2745314660,288539.2745314660,1,DORA-USDT
2021-09-09 19:00:00,1631185200000,7.4700000000,7.7610000000,7.4380000000,7.7400000000,49650.0577530000,377251.1724663280,377251.1724663280,1,DORA-USDT
2021-09-09 20:00:00,1631188800000,7.7400000000,8.1560000000,7.6560000000,7.9180000000,154210.6638020000,1217448.8076084920,1217448.8076084920,1,DORA-USDT
2021-09-09 21:00:00,1631192400000,7.9160000000,8.0000000000,7.6150000000,7.7100000000,65570.2680210000,512887.2712686420,512887.2712686420,1,DORA-USDT
2021-09-09 22:00:00,1631196000000,7.7090000000,8.1000000000,7.7070000000,7.8600000000,53353.4323550000,421342.3559012240,421342.3559012240,1,DORA-USDT
2021-09-09 23:00:00,1631199600000,7.8590000000,7.9370000000,7.8090000000,7.9330000000,32346.8455930000,255065.2120231900,255065.2120231900,1,DORA-USDT
2021-09-10 00:00:00,1631203200000,7.9330000000,8.3000000000,7.9130000000,8.2980000000,53718.2647750000,436780.0436060980,436780.0436060980,1,DORA-USDT
2021-09-10 01:00:00,1631206800000,8.2990000000,8.5000000000,8.1000000000,8.1240000000,82269.4447860000,685033.8301748930,685033.8301748930,1,DORA-USDT
2021-09-10 02:00:00,1631210400000,8.1240000000,8.1530000000,7.9750000000,7.9980000000,39949.9413990000,321426.2947200270,321426.2947200270,1,DORA-USDT
2021-09-10 03:00:00,1631214000000,8.0010000000,8.3310000000,7.9600000000,8.1390000000,63642.6436190000,520098.6313909480,520098.6313909480,1,DORA-USDT
2021-09-10 04:00:00,1631217600000,8.1360000000,8.1430000000,7.9520000000,7.9830000000,35189.4571790000,282177.2205381430,282177.2205381430,1,DORA-USDT
2021-09-10 05:00:00,1631221200000,7.9830000000,8.1320000000,7.9770000000,8.1190000000,30692.3878680000,248145.4681051130,248145.4681051130,1,DORA-USDT
2021-09-10 06:00:00,1631224800000,8.1220000000,8.5600000000,8.1080000000,8.4070000000,65257.8012810000,545754.5803932570,545754.5803932570,1,DORA-USDT
2021-09-10 07:00:00,1631228400000,8.4100000000,8.5600000000,8.1730000000,8.1800000000,62446.3125290000,522747.2971675470,522747.2971675470,1,DORA-USDT
2021-09-10 08:00:00,1631232000000,8.1790000000,8.2780000000,8.1500000000,8.2720000000,23587.0453730000,193420.9532937560,193420.9532937560,1,DORA-USDT
2021-09-10 09:00:00,1631235600000,8.2700000000,8.3680000000,8.1750000000,8.2950000000,52409.2358500000,433957.5885865660,433957.5885865660,1,DORA-USDT
2021-09-10 10:00:00,1631239200000,8.2960000000,8.3670000000,8.2690000000,8.3070000000,21671.7772700000,179942.2674364680,179942.2674364680,1,DORA-USDT
2021-09-10 11:00:00,1631242800000,8.3050000000,8.3340000000,8.2350000000,8.2620000000,27627.1957510000,228975.1004750320,228975.1004750320,1,DORA-USDT
2021-09-10 12:00:00,1631246400000,8.2630000000,8.3740000000,8.2520000000,8.3150000000,23990.8290990000,199104.4612362920,199104.4612362920,1,DORA-USDT
2021-09-10 13:00:00,1631250000000,8.3150000000,8.3190000000,8.1630000000,8.2090000000,37606.3115370000,309431.9491194450,309431.9491194450,1,DORA-USDT
2021-09-10 14:00:00,1631253600000,8.2120000000,8.2260000000,8.1720000000,8.1760000000,14488.6885920000,118741.6576686330,118741.6576686330,1,DORA-USDT
2021-09-10 15:00:00,1631257200000,8.1760000000,8.2420000000,7.9010000000,7.9420000000,51749.1837820000,416711.1341623610,416711.1341623610,1,DORA-USDT
2021-09-10 16:00:00,1631260800000,7.9390000000,8.0020000000,7.8310000000,7.8700000000,43218.9519540000,343026.6335077360,343026.6335077360,1,DORA-USDT
2021-09-10 17:00:00,1631264400000,7.8680000000,8.0400000000,7.8530000000,8.0400000000,27012.9517750000,214452.0130986340,214452.0130986340,1,DORA-USDT
2021-09-10 18:00:00,1631268000000,8.0310000000,8.0410000000,7.9470000000,8.0200000000,25623.1863860000,204903.0687568900,204903.0687568900,1,DORA-USDT
2021-09-10 19:00:00,1631271600000,8.0170000000,8.1490000000,8.0040000000,8.1450000000,33362.1338690000,269503.5770643150,269503.5770643150,1,DORA-USDT
2021-09-10 20:00:00,1631275200000,8.1440000000,8.1570000000,7.9470000000,7.9480000000,45530.3935740000,367110.8469761690,367110.8469761690,1,DORA-USDT
2021-09-10 21:00:00,1631278800000,7.9500000000,7.9860000000,7.6920000000,7.7050000000,80142.9539980000,624619.7291754460,624619.7291754460,1,DORA-USDT
2021-09-10 22:00:00,1631282400000,7.7040000000,7.7300000000,7.0280000000,7.2600000000,123975.0023910000,906370.3473886790,906370.3473886790,1,DORA-USDT
2021-09-10 23:00:00,1631286000000,7.2820000000,7.3820000000,7.2170000000,7.3580000000,53314.9921200000,389788.0125283730,389788.0125283730,1,DORA-USDT
2021-09-11 00:00:00,1631289600000,7.3560000000,7.5830000000,7.3550000000,7.5420000000,55244.6389340000,413470.2706406520,413470.2706406520,1,DORA-USDT
2021-09-11 01:00:00,1631293200000,7.5420000000,7.5700000000,7.3850000000,7.5350000000,40689.3308950000,303492.9410826860,303492.9410826860,1,DORA-USDT
2021-09-11 02:00:00,1631296800000,7.5350000000,7.5900000000,7.5090000000,7.5840000000,23332.1695580000,176189.7430843610,176189.7430843610,1,DORA-USDT
2021-09-11 03:00:00,1631300400000,7.5840000000,7.5970000000,7.5390000000,7.5620000000,18714.4216810000,141736.3038954240,141736.3038954240,1,DORA-USDT
2021-09-11 04:00:00,1631304000000,7.5620000000,7.5700000000,7.4780000000,7.5000000000,22687.8913090000,170749.0169601130,170749.0169601130,1,DORA-USDT
2021-09-11 05:00:00,1631307600000,7.5000000000,7.5170000000,7.3760000000,7.4100000000,31456.7037510000,234451.3943881670,234451.3943881670,1,DORA-USDT
2021-09-11 06:00:00,1631311200000,7.4110000000,7.4400000000,7.3770000000,7.3800000000,23197.2914280000,171755.4617026050,171755.4617026050,1,DORA-USDT
2021-09-11 07:00:00,1631314800000,7.3790000000,7.3850000000,7.3030000000,7.3270000000,26315.4340160000,193368.4689456410,193368.4689456410,1,DORA-USDT
2021-09-11 08:00:00,1631318400000,7.3250000000,7.4800000000,7.3220000000,7.4620000000,33600.6522380000,249619.0677040980,249619.0677040980,1,DORA-USDT
2021-09-11 09:00:00,1631322000000,7.4610000000,7.5090000000,7.4400000000,7.4750000000,17650.8219190000,132107.8469038160,132107.8469038160,1,DORA-USDT
2021-09-11 10:00:00,1631325600000,7.4750000000,7.4770000000,7.3410000000,7.3690000000,28266.7459620000,209108.9257988880,209108.9257988880,1,DORA-USDT
2021-09-11 11:00:00,1631329200000,7.3700000000,7.3900000000,7.1140000000,7.1650000000,39121.4848890000,282424.1755377350,282424.1755377350,1,DORA-USDT
2021-09-11 12:00:00,1631332800000,7.1530000000,7.3000000000,7.1530000000,7.2920000000,39337.2682910000,284336.4195975000,284336.4195975000,1,DORA-USDT
2021-09-11 13:00:00,1631336400000,7.2910000000,7.3090000000,7.2170000000,7.2520000000,33854.3988980000,245723.6533500610,245723.6533500610,1,DORA-USDT
2021-09-11 14:00:00,1631340000000,7.2500000000,7.3080000000,7.1900000000,7.3020000000,25532.5334650000,184792.3453447250,184792.3453447250,1,DORA-USDT
2021-09-11 15:00:00,1631343600000,7.3020000000,7.3230000000,7.2400000000,7.2870000000,35317.6286450000,257436.0523647950,257436.0523647950,1,DORA-USDT
2021-09-11 16:00:00,1631347200000,7.2960000000,7.4350000000,7.2270000000,7.3630000000,56299.5064760000,410976.9024092790,410976.9024092790,1,DORA-USDT
2021-09-11 17:00:00,1631350800000,7.3630000000,7.5070000000,7.3620000000,7.5070000000,28371.6849540000,210899.2015549750,210899.2015549750,1,DORA-USDT
2021-09-11 18:00:00,1631354400000,7.5070000000,7.8700000000,7.4940000000,7.7140000000,74941.8558920000,576990.7589478500,576990.7589478500,1,DORA-USDT
2021-09-11 19:00:00,1631358000000,7.7140000000,7.7800000000,7.6410000000,7.7390000000,48529.8720350000,374699.5443802160,374699.5443802160,1,DORA-USDT
2021-09-11 20:00:00,1631361600000,7.7400000000,7.7820000000,7.7080000000,7.7450000000,22261.0233000000,172343.0445000400,172343.0445000400,1,DORA-USDT
2021-09-11 21:00:00,1631365200000,7.7460000000,7.7480000000,7.5900000000,7.6100000000,34020.5109200000,260765.9567078210,260765.9567078210,1,DORA-USDT
2021-09-11 22:00:00,1631368800000,7.6090000000,7.6720000000,7.5500000000,7.5550000000,37045.9019310000,282140.0188127160,282140.0188127160,1,DORA-USDT
2021-09-11 23:00:00,1631372400000,7.5550000000,7.6720000000,7.5480000000,7.6260000000,32908.0130260000,251118.9301228520,251118.9301228520,1,DORA-USDT
2021-09-12 00:00:00,1631376000000,7.6270000000,7.6440000000,7.5120000000,7.5240000000,37469.3964640000,283576.6105383550,283576.6105383550,1,DORA-USDT
2021-09-12 01:00:00,1631379600000,7.5230000000,7.5420000000,7.5020000000,7.5090000000,19656.5885810000,147818.4364695820,147818.4364695820,1,DORA-USDT
2021-09-12 02:00:00,1631383200000,7.5080000000,7.5410000000,7.5030000000,7.5410000000,15879.0357610000,119478.1478091340,119478.1478091340,1,DORA-USDT
2021-09-12 03:00:00,1631386800000,7.5400000000,7.5590000000,7.4520000000,7.4920000000,26707.6724420000,200330.1067345800,200330.1067345800,1,DORA-USDT
2021-09-12 04:00:00,1631390400000,7.4920000000,7.4980000000,7.4470000000,7.4720000000,24032.9881880000,179652.9018443520,179652.9018443520,1,DORA-USDT
2021-09-12 05:00:00,1631394000000,7.4700000000,7.4930000000,7.3980000000,7.4280000000,25445.1721760000,189804.0821291960,189804.0821291960,1,DORA-USDT
2021-09-12 06:00:00,1631397600000,7.4300000000,7.4610000000,7.4160000000,7.4440000000,16969.5187780000,126103.3517061310,126103.3517061310,1,DORA-USDT
2021-09-12 07:00:00,1631401200000,7.4440000000,7.4600000000,7.4120000000,7.4280000000,19788.0433510000,147008.3038402250,147008.3038402250,1,DORA-USDT
2021-09-12 08:00:00,1631404800000,7.4270000000,7.4470000000,7.2610000000,7.2670000000,26226.8292940000,193023.9888646460,193023.9888646460,1,DORA-USDT
2021-09-12 09:00:00,1631408400000,7.2660000000,7.3080000000,7.2410000000,7.2570000000,20299.5033290000,147373.9085768290,147373.9085768290,1,DORA-USDT
2021-09-12 10:00:00,1631412000000,7.2590000000,7.3640000000,7.2540000000,7.3470000000,26766.0191020000,195839.7222537550,195839.7222537550,1,DORA-USDT
2021-09-12 11:00:00,1631415600000,7.3480000000,7.3500000000,7.2900000000,7.2980000000,21479.4716770000,157185.7040393040,157185.7040393040,1,DORA-USDT
2021-09-12 12:00:00,1631419200000,7.3000000000,7.3160000000,7.2770000000,7.3090000000,22933.8255550000,167423.7872766650,167423.7872766650,1,DORA-USDT
2021-09-12 13:00:00,1631422800000,7.3090000000,7.3650000000,7.2990000000,7.3370000000,20580.2725800000,150968.1477500200,150968.1477500200,1,DORA-USDT
2021-09-12 14:00:00,1631426400000,7.3360000000,7.3460000000,7.2880000000,7.3000000000,19569.3963740000,143028.7263411980,143028.7263411980,1,DORA-USDT
2021-09-12 15:00:00,1631430000000,7.2970000000,7.5000000000,7.2610000000,7.4270000000,39619.7541190000,290853.1340018310,290853.1340018310,1,DORA-USDT
2021-09-12 16:00:00,1631433600000,7.4280000000,7.5080000000,7.4220000000,7.4990000000,41881.2438890000,312574.9477727500,312574.9477727500,1,DORA-USDT
2021-09-12 17:00:00,1631437200000,7.5010000000,7.5040000000,7.4480000000,7.4700000000,17815.5638900000,133181.2479268390,133181.2479268390,1,DORA-USDT
2021-09-12 18:00:00,1631440800000,7.4700000000,7.5860000000,7.4680000000,7.5860000000,17683.5065800000,133221.2338689560,133221.2338689560,1,DORA-USDT
2021-09-12 19:00:00,1631444400000,7.5850000000,7.5900000000,7.4820000000,7.5150000000,26293.4779560000,198261.5053424830,198261.5053424830,1,DORA-USDT
2021-09-12 20:00:00,1631448000000,7.5130000000,7.5210000000,7.4600000000,7.4970000000,20437.8397880000,153127.2384254720,153127.2384254720,1,DORA-USDT
2021-09-12 21:00:00,1631451600000,7.4980000000,7.5770000000,7.4870000000,7.5650000000,23254.6991000000,174813.9800736900,174813.9800736900,1,DORA-USDT
2021-09-12 22:00:00,1631455200000,7.5670000000,7.5890000000,7.5230000000,7.5440000000,24871.1435280000,188023.9701798770,188023.9701798770,1,DORA-USDT
2021-09-12 23:00:00,1631458800000,7.5440000000,7.5890000000,7.5220000000,7.5720000000,24617.1919920000,186014.5923806420,186014.5923806420,1,DORA-USDT
2021-09-13 00:00:00,1631462400000,7.5720000000,7.6080000000,7.4740000000,7.5060000000,32776.7635360000,247266.5349066480,247266.5349066480,1,DORA-USDT
2021-09-13 01:00:00,1631466000000,7.5050000000,7.5420000000,7.4910000000,7.5340000000,20867.8288210000,156871.4658526870,156871.4658526870,1,DORA-USDT
2021-09-13 02:00:00,1631469600000,7.5340000000,7.5420000000,7.4610000000,7.5160000000,21024.5766580000,157994.5011608640,157994.5011608640,1,DORA-USDT
2021-09-13 03:00:00,1631473200000,7.5140000000,7.5190000000,7.4990000000,7.5130000000,10443.0490370000,78447.8713292130,78447.8713292130,1,DORA-USDT
2021-09-13 04:00:00,1631476800000,7.5110000000,7.5920000000,7.3440000000,7.3540000000,34693.6955650000,259559.4549966580,259559.4549966580,1,DORA-USDT
2021-09-13 05:00:00,1631480400000,7.3550000000,7.3670000000,7.3000000000,7.3630000000,23143.2745970000,169514.6201175100,169514.6201175100,1,DORA-USDT
2021-09-13 06:00:00,1631484000000,7.3650000000,7.5330000000,7.3630000000,7.5320000000,21439.5346390000,159602.3298775900,159602.3298775900,1,DORA-USDT
2021-09-13 07:00:00,1631487600000,7.5330000000,7.5800000000,7.4410000000,7.4780000000,38969.2136220000,292833.1294334700,292833.1294334700,1,DORA-USDT
2021-09-13 08:00:00,1631491200000,7.4800000000,7.5170000000,7.4270000000,7.4670000000,30897.0886620000,230863.5590178240,230863.5590178240,1,DORA-USDT
2021-09-13 09:00:00,1631494800000,7.4660000000,7.4770000000,7.3640000000,7.3820000000,23499.6485870000,174213.8226094660,174213.8226094660,1,DORA-USDT
2021-09-13 10:00:00,1631498400000,7.3810000000,7.4090000000,7.3070000000,7.3350000000,32380.2884980000,238268.7539518070,238268.7539518070,1,DORA-USDT
2021-09-13 11:00:00,1631502000000,7.3350000000,7.3860000000,7.1400000000,7.1420000000,37450.2551810000,273573.3353443560,273573.3353443560,1,DORA-USDT
2021-09-13 12:00:00,1631505600000,7.1410000000,7.1820000000,7.1010000000,7.1420000000,37903.8766410000,270939.2082750550,270939.2082750550,1,DORA-USDT
2021-09-13 13:00:00,1631509200000,7.1390000000,7.2280000000,7.1350000000,7.1590000000,38807.6752280000,278867.1435306490,278867.1435306490,1,DORA-USDT
2021-09-13 14:00:00,1631512800000,7.1590000000,7.2000000000,7.1450000000,7.1520000000,21163.8750410000,151755.3424832070,151755.3424832070,1,DORA-USDT
2021-09-13 15:00:00,1631516400000,7.1510000000,7.1590000000,7.0000000000,7.0330000000,35662.0335930000,251373.8454821130,251373.8454821130,1,DORA-USDT
2021-09-13 16:00:00,1631520000000,7.0330000000,7.0420000000,6.9870000000,7.0190000000,16585.7901010000,116311.6796823270,116311.6796823270,1,DORA-USDT
2021-09-13 17:00:00,1631523600000,7.0190000000,7.3080000000,7.0060000000,7.0960000000,29747.8390480000,210436.0989773400,210436.0989773400,1,DORA-USDT
2021-09-13 18:00:00,1631527200000,7.0970000000,7.1560000000,7.0790000000,7.1470000000,22937.5400390000,163147.5606339510,163147.5606339510,1,DORA-USDT
2021-09-13 19:00:00,1631530800000,7.1460000000,7.2590000000,7.0790000000,7.1800000000,50342.1580710000,362045.0469030540,362045.0469030540,1,DORA-USDT
2021-09-13 20:00:00,1631534400000,7.1810000000,7.2060000000,7.0590000000,7.1110000000,37795.5791400000,270136.6720085800,270136.6720085800,1,DORA-USDT
2021-09-13 21:00:00,1631538000000,7.1110000000,7.5750000000,7.0710000000,7.4030000000,85804.0083270000,629316.2613106370,629316.2613106370,1,DORA-USDT
2021-09-13 22:00:00,1631541600000,7.4040000000,7.4120000000,6.9370000000,7.0590000000,91447.7382750000,650093.1856152810,650093.1856152810,1,DORA-USDT
2021-09-13 23:00:00,1631545200000,7.0550000000,7.1960000000,6.9600000000,7.1250000000,66072.7601480000,468456.4074243150,468456.4074243150,1,DORA-USDT
2021-09-14 00:00:00,1631548800000,7.1240000000,7.1750000000,7.0820000000,7.1530000000,39713.1502540000,283570.8027042360,283570.8027042360,1,DORA-USDT
2021-09-14 01:00:00,1631552400000,7.1530000000,7.1580000000,7.0760000000,7.1580000000,19619.1631440000,139660.3441362980,139660.3441362980,1,DORA-USDT
2021-09-14 02:00:00,1631556000000,7.1580000000,7.1790000000,7.1400000000,7.1520000000,16786.4257890000,120111.0484805780,120111.0484805780,1,DORA-USDT
2021-09-14 03:00:00,1631559600000,7.1530000000,7.1650000000,7.1370000000,7.1610000000,14442.1395370000,103312.4250569130,103312.4250569130,1,DORA-USDT
2021-09-14 04:00:00,1631563200000,7.1620000000,7.2260000000,7.1460000000,7.2260000000,16232.2599470000,116534.5781773590,116534.5781773590,1,DORA-USDT
2021-09-14 05:00:00,1631566800000,7.2260000000,7.2530000000,7.2190000000,7.2380000000,20412.0296310000,147705.5740860610,147705.5740860610,1,DORA-USDT
2021-09-14 06:00:00,1631570400000,7.2380000000,7.2680000000,7.2190000000,7.2550000000,21296.2198510000,154476.7921681040,154476.7921681040,1,DORA-USDT
2021-09-14 07:00:00,1631574000000,7.2540000000,7.2970000000,7.2410000000,7.2420000000,18307.1837930000,133054.4410565720,133054.4410565720,1,DORA-USDT
2021-09-14 08:00:00,1631577600000,7.2410000000,7.4360000000,7.2170000000,7.2850000000,59920.3706930000,438673.3806778050,438673.3806778050,1,DORA-USDT
2021-09-14 09:00:00,1631581200000,7.2840000000,7.3330000000,7.2230000000,7.2490000000,20272.3052830000,147435.5257650320,147435.5257650320,1,DORA-USDT
2021-09-14 10:00:00,1631584800000,7.2480000000,7.2750000000,7.2220000000,7.2560000000,17582.9430370000,127413.4909151140,127413.4909151140,1,DORA-USDT
2021-09-14 11:00:00,1631588400000,7.2560000000,7.3160000000,7.2540000000,7.2750000000,13849.3489970000,100917.6587003840,100917.6587003840,1,DORA-USDT
2021-09-14 12:00:00,1631592000000,7.2760000000,7.2920000000,7.2400000000,7.2460000000,16437.6536410000,119395.6284206690,119395.6284206690,1,DORA-USDT
2021-09-14 13:00:00,1631595600000,7.2460000000,7.2800000000,7.2460000000,7.2760000000,10595.4547440000,76987.4060886350,76987.4060886350,1,DORA-USDT
2021-09-14 14:00:00,1631599200000,7.2770000000,7.3470000000,7.2680000000,7.3290000000,6977.7322500000,51061.7968542560,51061.7968542560,1,DORA-USDT
2021-09-14 15:00:00,1631602800000,7.3290000000,7.3960000000,7.2760000000,7.2920000000,19649.7808000000,144380.7877478250,144380.7877478250,1,DORA-USDT
2021-09-14 16:00:00,1631606400000,7.2910000000,7.3100000000,7.2650000000,7.2920000000,20056.9785660000,146098.1686461040,146098.1686461040,1,DORA-USDT
2021-09-14 17:00:00,1631610000000,7.2920000000,7.4380000000,7.2600000000,7.4380000000,43376.3994430000,318810.3392317860,318810.3392317860,1,DORA-USDT
2021-09-14 18:00:00,1631613600000,7.4370000000,7.6040000000,7.4210000000,7.5300000000,42794.6548500000,321212.2601125340,321212.2601125340,1,DORA-USDT
2021-09-14 19:00:00,1631617200000,7.5280000000,7.5420000000,7.4400000000,7.4450000000,35335.5475220000,264587.1800286990,264587.1800286990,1,DORA-USDT
2021-09-14 20:00:00,1631620800000,7.4480000000,7.5880000000,7.3200000000,7.5790000000,50492.7702490000,376481.8552040400,376481.8552040400,1,DORA-USDT
2021-09-14 21:00:00,1631624400000,7.5800000000,7.7170000000,7.5040000000,7.5120000000,49630.2981080000,378737.4035685970,378737.4035685970,1,DORA-USDT
2021-09-14 22:00:00,1631628000000,7.5140000000,7.5960000000,7.4710000000,7.5940000000,24302.2213830000,182729.3747032790,182729.3747032790,1,DORA-USDT
2021-09-14 23:00:00,1631631600000,7.5920000000,7.8700000000,7.5900000000,7.7900000000,54474.4570720000,422387.8562723930,422387.8562723930,1,DORA-USDT
2021-09-15 00:00:00,1631635200000,7.7870000000,7.8850000000,7.7800000000,7.7970000000,33693.6777760000,263655.6438191260,263655.6438191260,1,DORA-USDT
2021-09-15 01:00:00,1631638800000,7.7970000000,7.8350000000,7.7800000000,7.8270000000,24236.7428670000,189140.0535489040,189140.0535489040,1,DORA-USDT
2021-09-15 02:00:00,1631642400000,7.8250000000,7.8310000000,7.6540000000,7.6740000000,28601.5213940000,221208.8905846390,221208.8905846390,1,DORA-USDT
2021-09-15 03:00:00,1631646000000,7.6750000000,7.7290000000,7.6620000000,7.7000000000,15140.5697100000,116488.3651354100,116488.3651354100,1,DORA-USDT
2021-09-15 04:00:00,1631649600000,7.7000000000,7.8190000000,7.6900000000,7.8140000000,21138.4469040000,163685.1460642280,163685.1460642280,1,DORA-USDT
2021-09-15 05:00:00,1631653200000,7.8150000000,7.8170000000,7.6600000000,7.6820000000,30552.4652310000,236233.8088527810,236233.8088527810,1,DORA-USDT
2021-09-15 06:00:00,1631656800000,7.6820000000,7.7180000000,7.6640000000,7.7130000000,22848.8600360000,175785.5053112960,175785.5053112960,1,DORA-USDT
2021-09-15 07:00:00,1631660400000,7.7130000000,7.7950000000,7.6880000000,7.7950000000,15897.4041240000,122890.8454034270,122890.8454034270,1,DORA-USDT
2021-09-15 08:00:00,1631664000000,7.7990000000,7.8190000000,7.7550000000,7.7640000000,22914.1098230000,178141.2535780600,178141.2535780600,1,DORA-USDT
2021-09-15 09:00:00,1631667600000,7.7640000000,7.7720000000,7.7420000000,7.7500000000,12327.6602160000,95631.9578541200,95631.9578541200,1,DORA-USDT
2021-09-15 10:00:00,1631671200000,7.7510000000,7.8380000000,7.7450000000,7.8350000000,16258.8426280000,126551.0663574320,126551.0663574320,1,DORA-USDT
2021-09-15 11:00:00,1631674800000,7.8370000000,7.8790000000,7.8080000000,7.8230000000,23294.6315530000,182673.0959254940,182673.0959254940,1,DORA-USDT
2021-09-15 12:00:00,1631678400000,7.8230000000,7.8620000000,7.7230000000,7.7440000000,20776.9140050000,162192.4969983490,162192.4969983490,1,DORA-USDT
2021-09-15 13:00:00,1631682000000,7.7440000000,7.7480000000,7.7080000000,7.7230000000,16944.9651450000,131060.6836927700,131060.6836927700,1,DORA-USDT
2021-09-15 14:00:00,1631685600000,7.7230000000,7.9990000000,7.5940000000,7.7020000000,60690.3036020000,467282.4948136360,467282.4948136360,1,DORA-USDT
2021-09-15 15:00:00,1631689200000,7.7090000000,7.7140000000,7.6230000000,7.6560000000,30265.9831150000,232256.4985660080,232256.4985660080,1,DORA-USDT
2021-09-15 16:00:00,1631692800000,7.6530000000,7.6720000000,7.5740000000,7.6660000000,25473.4413320000,194526.7016587170,194526.7016587170,1,DORA-USDT
2021-09-15 17:00:00,1631696400000,7.6650000000,7.6780000000,7.5290000000,7.5560000000,31104.2762150000,236364.9915095430,236364.9915095430,1,DORA-USDT
2021-09-15 18:00:00,1631700000000,7.5570000000,7.6270000000,7.5220000000,7.5810000000,35344.6636820000,267583.9035047600,267583.9035047600,1,DORA-USDT
2021-09-15 19:00:00,1631703600000,7.5820000000,7.5840000000,7.4560000000,7.4810000000,16451.8550470000,123770.7442019040,123770.7442019040,1,DORA-USDT
2021-09-15 20:00:00,1631707200000,7.4800000000,7.5900000000,7.4760000000,7.5440000000,19758.5023280000,149010.2781060280,149010.2781060280,1,DORA-USDT
2021-09-15 21:00:00,1631710800000,7.5430000000,7.6890000000,7.5370000000,7.6740000000,23655.4739840000,179765.6501903900,179765.6501903900,1,DORA-USDT
2021-09-15 22:00:00,1631714400000,7.6730000000,7.6780000000,7.3970000000,7.5250000000,44226.0658550000,332409.4674051550,332409.4674051550,1,DORA-USDT
2021-09-15 23:00:00,1631718000000,7.5200000000,7.5950000000,7.5080000000,7.5820000000,34241.3488530000,258832.2061487790,258832.2061487790,1,DORA-USDT
2021-09-16 00:00:00,1631721600000,7.5830000000,7.7820000000,7.5360000000,7.7630000000,47741.2165560000,366475.5911213800,366475.5911213800,1,DORA-USDT
2021-09-16 01:00:00,1631725200000,7.7620000000,7.7690000000,7.6720000000,7.6800000000,30168.9293480000,232221.1624528450,232221.1624528450,1,DORA-USDT
2021-09-16 02:00:00,1631728800000,7.6800000000,7.6830000000,7.6210000000,7.6750000000,15989.5818010000,122396.6270376260,122396.6270376260,1,DORA-USDT
2021-09-16 03:00:00,1631732400000,7.6740000000,7.7860000000,7.6590000000,7.7660000000,27100.6817750000,209481.7963970690,209481.7963970690,1,DORA-USDT
2021-09-16 04:00:00,1631736000000,7.7670000000,7.7850000000,7.6040000000,7.6260000000,35403.1262120000,271434.0220034520,271434.0220034520,1,DORA-USDT
2021-09-16 05:00:00,1631739600000,7.6260000000,7.6960000000,7.6080000000,7.6890000000,23030.0458090000,176539.7630480300,176539.7630480300,1,DORA-USDT
2021-09-16 06:00:00,1631743200000,7.6880000000,7.7210000000,7.6020000000,7.6270000000,29458.3201200000,225965.7187419570,225965.7187419570,1,DORA-USDT
2021-09-16 07:00:00,1631746800000,7.6280000000,7.7170000000,7.6000000000,7.7140000000,42460.9927830000,325579.0723037310,325579.0723037310,1,DORA-USDT
2021-09-16 08:00:00,1631750400000,7.7130000000,7.8760000000,7.6860000000,7.8480000000,63065.6502980000,492167.5103453370,492167.5103453370,1,DORA-USDT
2021-09-16 09:00:00,1631754000000,7.8400000000,7.8400000000,7.6570000000,7.7420000000,33902.1866500000,261985.6171742120,261985.6171742120,1,DORA-USDT
2021-09-16 10:00:00,1631757600000,7.7410000000,7.8520000000,7.7030000000,7.8280000000,41225.2455160000,321274.5752606910,321274.5752606910,1,DORA-USDT
2021-09-16 11:00:00,1631761200000,7.8280000000,7.8870000000,7.6570000000,7.6660000000,37754.9269680000,292241.4581045250,292241.4581045250,1,DORA-USDT
2021-09-16 12:00:00,1631764800000,7.6650000000,7.8670000000,7.6540000000,7.8330000000,53276.5202830000,413417.7929817650,413417.7929817650,1,DORA-USDT
2021-09-16 13:00:00,1631768400000,7.8320000000,8.0000000000,7.7880000000,7.9560000000,42969.4643290000,339395.1634005920,339395.1634005920,1,DORA-USDT
2021-09-16 14:00:00,1631772000000,7.9560000000,7.9680000000,7.8920000000,7.8930000000,14264.6187950000,113120.4686592840,113120.4686592840,1,DORA-USDT
2021-09-16 15:00:00,1631775600000,7.8960000000,8.0000000000,7.8920000000,7.9540000000,18043.3143220000,143099.1846558700,143099.1846558700,1,DORA-USDT
2021-09-16 16:00:00,1631779200000,7.9580000000,8.0920000000,7.8570000000,7.9250000000,69205.2118110000,550732.0187578551,550732.0187578551,1,DORA-USDT
2021-09-16 17:00:00,1631782800000,7.9270000000,7.9480000000,7.8800000000,7.9000000000,30394.7170490000,240478.4877374060,240478.4877374060,1,DORA-USDT
2021-09-16 18:00:00,1631786400000,7.9020000000,7.9490000000,7.8830000000,7.9310000000,18887.2725340000,149477.4388421270,149477.4388421270,1,DORA-USDT
2021-09-16 19:00:00,1631790000000,7.9300000000,8.0210000000,7.9200000000,7.9710000000,18020.0554030000,143820.6155756570,143820.6155756570,1,DORA-USDT
2021-09-16 20:00:00,1631793600000,7.9700000000,8.0300000000,7.9360000000,8.0300000000,26351.0588050000,210277.1592841620,210277.1592841620,1,DORA-USDT
2021-09-16 21:00:00,1631797200000,8.0280000000,8.1000000000,7.8830000000,7.8870000000,50283.2018580000,403095.5860651320,403095.5860651320,1,DORA-USDT
2021-09-16 22:00:00,1631800800000,7.8830000000,8.0770000000,7.8050000000,8.0110000000,56990.6368760000,452182.5447902790,452182.5447902790,1,DORA-USDT
2021-09-16 23:00:00,1631804400000,8.0120000000,8.3500000000,7.9660000000,8.3130000000,53366.7724450000,435441.8544338230,435441.8544338230,1,DORA-USDT
2021-09-17 00:00:00,1631808000000,8.3220000000,8.4500000000,8.2510000000,8.3930000000,73210.6356160000,611134.2025540570,611134.2025540570,1,DORA-USDT
2021-09-17 01:00:00,1631811600000,8.3900000000,8.4500000000,8.2840000000,8.4220000000,40103.4354580000,336891.8984064520,336891.8984064520,1,DORA-USDT
2021-09-17 02:00:00,1631815200000,8.4230000000,8.4500000000,8.4210000000,8.4500000000,15996.4995980000,135043.6930240540,135043.6930240540,1,DORA-USDT
2021-09-17 03:00:00,1631818800000,8.4500000000,8.5760000000,8.4010000000,8.4020000000,40522.4262820000,343170.0851236220,343170.0851236220,1,DORA-USDT
2021-09-17 04:00:00,1631822400000,8.4050000000,8.5560000000,8.1500000000,8.2370000000,93201.4794310000,779748.4851774030,779748.4851774030,1,DORA-USDT
2021-09-17 05:00:00,1631826000000,8.2270000000,8.4110000000,8.2230000000,8.3740000000,37253.2868860000,310614.5429197230,310614.5429197230,1,DORA-USDT
2021-09-17 06:00:00,1631829600000,8.3770000000,8.3770000000,7.8970000000,7.8990000000,63217.0676170000,513936.2038657170,513936.2038657170,1,DORA-USDT
2021-09-17 07:00:00,1631833200000,7.9000000000,7.9560000000,7.8680000000,7.9100000000,27218.9809620000,214986.9012559320,214986.9012559320,1,DORA-USDT
2021-09-17 08:00:00,1631836800000,7.9130000000,7.9220000000,7.7000000000,7.8410000000,46541.9334240000,363580.7294356470,363580.7294356470,1,DORA-USDT
2021-09-17 09:00:00,1631840400000,7.8410000000,8.1330000000,7.8220000000,8.0310000000,57839.6810230000,462606.3661165000,462606.3661165000,1,DORA-USDT
2021-09-17 10:00:00,1631844000000,8.0320000000,8.0670000000,7.9740000000,8.0590000000,30032.2104860000,241476.1206383540,241476.1206383540,1,DORA-USDT
2021-09-17 11:00:00,1631847600000,8.0610000000,8.0630000000,7.8880000000,7.9110000000,38638.8538430000,307660.9117963690,307660.9117963690,1,DORA-USDT
2021-09-17 12:00:00,1631851200000,7.9100000000,8.0300000000,7.8930000000,8.0240000000,39724.6334570000,315515.4750997160,315515.4750997160,1,DORA-USDT
2021-09-17 13:00:00,1631854800000,8.0230000000,8.3020000000,7.9780000000,8.2650000000,49122.6938100000,397811.8459625320,397811.8459625320,1,DORA-USDT
2021-09-17 14:00:00,1631858400000,8.2640000000,8.2980000000,8.1130000000,8.2940000000,35883.0393600000,293678.1017743590,293678.1017743590,1,DORA-USDT
2021-09-17 15:00:00,1631862000000,8.2860000000,8.3580000000,8.2130000000,8.3520000000,41018.1845180000,339356.5672532400,339356.5672532400,1,DORA-USDT
2021-09-17 16:00:00,1631865600000,8.3490000000,8.5000000000,8.3150000000,8.3890000000,62249.1066610000,523896.9834561160,523896.9834561160,1,DORA-USDT
2021-09-17 17:00:00,1631869200000,8.3910000000,8.4460000000,8.1230000000,8.1360000000,73090.5811650000,603940.6050893120,603940.6050893120,1,DORA-USDT
2021-09-17 18:00:00,1631872800000,8.1270000000,8.2290000000,8.0020000000,8.0600000000,65596.2803510000,531682.5935720680,531682.5935720680,1,DORA-USDT
2021-09-17 19:00:00,1631876400000,8.0620000000,8.0980000000,7.9940000000,8.0080000000,34039.5767360000,273429.4104481990,273429.4104481990,1,DORA-USDT
2021-09-17 20:00:00,1631880000000,8.0070000000,8.1090000000,7.9580000000,8.0640000000,48775.9112820000,392162.7217928250,392162.7217928250,1,DORA-USDT
2021-09-17 21:00:00,1631883600000,8.0660000000,8.2510000000,8.0320000000,8.1660000000,51585.1410920000,418674.2547300230,418674.2547300230,1,DORA-USDT
2021-09-17 22:00:00,1631887200000,8.1610000000,8.3960000000,8.1230000000,8.1710000000,59525.8789810000,489781.4019671260,489781.4019671260,1,DORA-USDT
2021-09-17 23:00:00,1631890800000,8.1720000000,8.3670000000,8.1570000000,8.2600000000,54554.3913630000,451140.9968034340,451140.9968034340,1,DORA-USDT
2021-09-18 00:00:00,1631894400000,8.2620000000,9.1000000000,8.2620000000,8.8370000000,155180.9952470000,1361680.4125821081,1361680.4125821081,1,DORA-USDT
2021-09-18 01:00:00,1631898000000,8.8380000000,8.8380000000,8.5580000000,8.6280000000,54334.2579750000,470589.1823698680,470589.1823698680,1,DORA-USDT
2021-09-18 02:00:00,1631901600000,8.6660000000,8.7570000000,8.5000000000,8.7400000000,75247.8492610000,650271.8855755790,650271.8855755790,1,DORA-USDT
2021-09-18 03:00:00,1631905200000,8.7380000000,8.7720000000,8.6560000000,8.7510000000,42051.7264510000,365808.1589154130,365808.1589154130,1,DORA-USDT
2021-09-18 04:00:00,1631908800000,8.7490000000,8.8150000000,8.6690000000,8.7790000000,65894.0114620000,575678.1802191311,575678.1802191311,1,DORA-USDT
2021-09-18 05:00:00,1631912400000,8.7740000000,8.7900000000,8.3800000000,8.4940000000,67163.8711890000,575565.5585187901,575565.5585187901,1,DORA-USDT
2021-09-18 06:00:00,1631916000000,8.4920000000,8.5470000000,8.2470000000,8.2530000000,50521.0522310000,425408.1194980390,425408.1194980390,1,DORA-USDT
2021-09-18 07:00:00,1631919600000,8.2470000000,8.4430000000,8.1300000000,8.1760000000,53102.7902350000,441486.4641377560,441486.4641377560,1,DORA-USDT
2021-09-18 08:00:00,1631923200000,8.1800000000,8.2230000000,8.1000000000,8.2170000000,37309.9403360000,303751.5459776040,303751.5459776040,1,DORA-USDT
2021-09-18 09:00:00,1631926800000,8.2240000000,8.4310000000,8.2240000000,8.3900000000,26201.0713870000,218713.2082076730,218713.2082076730,1,DORA-USDT
2021-09-18 10:00:00,1631930400000,8.3910000000,8.4340000000,8.2710000000,8.3660000000,46323.7145610000,387316.0925083640,387316.0925083640,1,DORA-USDT
2021-09-18 11:00:00,1631934000000,8.3670000000,8.4940000000,8.3650000000,8.4550000000,38171.7202200000,321639.4680643410,321639.4680643410,1,DORA-USDT
2021-09-18 12:00:00,1631937600000,8.4540000000,8.5350000000,8.4160000000,8.5000000000,32000.9649130000,271024.7985485930,271024.7985485930,1,DORA-USDT
2021-09-18 13:00:00,1631941200000,8.4990000000,8.5770000000,8.4530000000,8.5130000000,37095.5636750000,315753.7040220560,315753.7040220560,1,DORA-USDT
2021-09-18 14:00:00,1631944800000,8.5120000000,8.5420000000,8.3620000000,8.4120000000,33958.7506060000,287190.0770982700,287190.0770982700,1,DORA-USDT
2021-09-18 15:00:00,1631948400000,8.4130000000,8.5500000000,8.4120000000,8.5180000000,29512.2617200000,250966.8967606770,250966.8967606770,1,DORA-USDT
2021-09-18 16:00:00,1631952000000,8.5190000000,8.5320000000,8.3950000000,8.4290000000,29976.8845090000,253335.4995323620,253335.4995323620,1,DORA-USDT
2021-09-18 17:00:00,1631955600000,8.4290000000,8.4720000000,8.3420000000,8.3690000000,29729.5775540000,249954.4779391450,249954.4779391450,1,DORA-USDT
2021-09-18 18:00:00,1631959200000,8.3730000000,8.4380000000,8.3410000000,8.4140000000,26040.8190770000,218302.5969316110,218302.5969316110,1,DORA-USDT
2021-09-18 19:00:00,1631962800000,8.4110000000,8.4310000000,8.2570000000,8.2570000000,41288.6330410000,346159.2014162890,346159.2014162890,1,DORA-USDT
2021-09-18 20:00:00,1631966400000,8.2630000000,8.4030000000,8.2110000000,8.2540000000,51257.7862850000,426052.5185843280,426052.5185843280,1,DORA-USDT
2021-09-18 21:00:00,1631970000000,8.2550000000,8.2890000000,8.1560000000,8.2660000000,38170.1619230000,314307.4122810110,314307.4122810110,1,DORA-USDT
2021-09-18 22:00:00,1631973600000,8.2680000000,8.3570000000,8.2670000000,8.3150000000,30569.8604880000,254495.8721281320,254495.8721281320,1,DORA-USDT
2021-09-18 23:00:00,1631977200000,8.3150000000,8.4500000000,8.3090000000,8.4040000000,29193.5513300000,244538.5158231480,244538.5158231480,1,DORA-USDT
2021-09-19 00:00:00,1631980800000,8.4020000000,8.4150000000,8.2520000000,8.2560000000,36329.9882930000,302399.9204889290,302399.9204889290,1,DORA-USDT
2021-09-19 01:00:00,1631984400000,8.2560000000,8.3760000000,8.1960000000,8.3640000000,36340.1880960000,301318.3875876060,301318.3875876060,1,DORA-USDT
2021-09-19 02:00:00,1631988000000,8.3650000000,8.4760000000,8.3440000000,8.4730000000,27656.5590360000,232783.7722607640,232783.7722607640,1,DORA-USDT
2021-09-19 03:00:00,1631991600000,8.4760000000,8.4900000000,8.4290000000,8.4800000000,29359.3778560000,248453.3857093460,248453.3857093460,1,DORA-USDT
2021-09-19 04:00:00,1631995200000,8.4800000000,8.4930000000,8.3500000000,8.4650000000,41902.3380130000,353455.4601887380,353455.4601887380,1,DORA-USDT
2021-09-19 05:00:00,1631998800000,8.4640000000,8.4640000000,8.3410000000,8.3540000000,28479.6393870000,239002.2427528610,239002.2427528610,1,DORA-USDT
2021-09-19 06:00:00,1632002400000,8.3530000000,8.4510000000,8.2870000000,8.3300000000,41337.6474010000,345580.9541929050,345580.9541929050,1,DORA-USDT
2021-09-19 07:00:00,1632006000000,8.3310000000,8.3770000000,8.2920000000,8.3710000000,37843.2162680000,315461.9908287640,315461.9908287640,1,DORA-USDT
2021-09-19 08:00:00,1632009600000,8.3700000000,8.3760000000,8.2140000000,8.2250000000,30211.6956090000,250327.3645413890,250327.3645413890,1,DORA-USDT
2021-09-19 09:00:00,1632013200000,8.2260000000,8.3390000000,8.1140000000,8.2880000000,54176.4073610000,444970.0034587100,444970.0034587100,1,DORA-USDT
2021-09-19 10:00:00,1632016800000,8.2850000000,8.3740000000,8.2390000000,8.2870000000,52162.8518370000,433241.0584209710,433241.0584209710,1,DORA-USDT
2021-09-19 11:00:00,1632020400000,8.2890000000,8.3310000000,8.2490000000,8.2610000000,27925.8833290000,231101.0909367610,231101.0909367610,1,DORA-USDT
2021-09-19 12:00:00,1632024000000,8.2580000000,8.2960000000,8.2550000000,8.2710000000,14089.8762990000,116516.3218824740,116516.3218824740,1,DORA-USDT
2021-09-19 13:00:00,1632027600000,8.2750000000,8.7250000000,8.2570000000,8.6550000000,56978.8044250000,484069.4487918090,484069.4487918090,1,DORA-USDT
2021-09-19 14:00:00,1632031200000,8.6550000000,8.7670000000,8.5810000000,8.7530000000,51050.7804540000,442961.6217057470,442961.6217057470,1,DORA-USDT
2021-09-19 15:00:00,1632034800000,8.7590000000,8.8790000000,8.6260000000,8.6880000000,61197.3320880000,536309.8251546560,536309.8251546560,1,DORA-USDT
2021-09-19 16:00:00,1632038400000,8.6870000000,8.7040000000,8.6010000000,8.6490000000,49183.1889250000,425461.3909804940,425461.3909804940,1,DORA-USDT
2021-09-19 17:00:00,1632042000000,8.6500000000,8.7110000000,8.6010000000,8.6850000000,31499.5865990000,272935.8240748200,272935.8240748200,1,DORA-USDT
2021-09-19 18:00:00,1632045600000,8.6880000000,8.8300000000,8.6820000000,8.7490000000,34622.7652810000,304082.5766055870,304082.5766055870,1,DORA-USDT
2021-09-19 19:00:00,1632049200000,8.7470000000,8.7570000000,8.6000000000,8.6230000000,57386.3184800000,497657.1884914670,497657.1884914670,1,DORA-USDT
2021-09-19 20:00:00,1632052800000,8.6250000000,8.6270000000,8.5470000000,8.6090000000,31208.5290710000,267848.8443853500,267848.8443853500,1,DORA-USDT
2021-09-19 21:00:00,1632056400000,8.6100000000,8.8300000000,8.5660000000,8.8270000000,50812.3175450000,441168.3364538830,441168.3364538830,1,DORA-USDT
2021-09-19 22:00:00,1632060000000,8.8300000000,8.8900000000,8.7620000000,8.7720000000,40497.7373690000,357316.0457748180,357316.0457748180,1,DORA-USDT
2021-09-19 23:00:00,1632063600000,8.7740000000,8.9430000000,8.7570000000,8.9020000000,28796.3734900000,254448.8754872220,254448.8754872220,1,DORA-USDT
2021-09-20 00:00:00,1632067200000,8.9000000000,8.9800000000,8.7700000000,8.7930000000,53398.7954050000,474517.4153499610,474517.4153499610,1,DORA-USDT
2021-09-20 01:00:00,1632070800000,8.7920000000,8.8380000000,8.6840000000,8.7170000000,41367.8694560000,361715.5767564630,361715.5767564630,1,DORA-USDT
2021-09-20 02:00:00,1632074400000,8.7160000000,8.9520000000,8.7010000000,8.8280000000,51729.1902780000,457276.1846620240,457276.1846620240,1,DORA-USDT
2021-09-20 03:00:00,1632078000000,8.8310000000,8.8420000000,8.7230000000,8.7370000000,22637.1604520000,199054.6922205440,199054.6922205440,1,DORA-USDT
2021-09-20 04:00:00,1632081600000,8.7350000000,8.8670000000,8.7130000000,8.8540000000,42976.3055260000,378598.3956082980,378598.3956082980,1,DORA-USDT
2021-09-20 05:00:00,1632085200000,8.8590000000,8.8980000000,8.6830000000,8.7670000000,45340.0290910000,397665.7019559390,397665.7019559390,1,DORA-USDT
2021-09-20 06:00:00,1632088800000,8.7670000000,8.8470000000,8.6330000000,8.7150000000,61437.0355540000,536907.6323140010,536907.6323140010,1,DORA-USDT
2021-09-20 07:00:00,1632092400000,8.7150000000,8.8600000000,8.6980000000,8.7780000000,44244.5942710000,387531.9636281070,387531.9636281070,1,DORA-USDT
2021-09-20 08:00:00,1632096000000,8.7780000000,8.7910000000,8.5640000000,8.6510000000,47233.9177750000,408157.5971480710,408157.5971480710,1,DORA-USDT
2021-09-20 09:00:00,1632099600000,8.6490000000,8.7450000000,8.5820000000,8.6940000000,44139.5005970000,383523.8156580200,383523.8156580200,1,DORA-USDT
2021-09-20 10:00:00,1632103200000,8.6940000000,8.7000000000,8.3520000000,8.3900000000,52133.7699210000,443548.4026638820,443548.4026638820,1,DORA-USDT
2021-09-20 11:00:00,1632106800000,8.3890000000,8.3900000000,8.1420000000,8.1770000000,50354.7309690000,415535.5681161900,415535.5681161900,1,DORA-USDT
2021-09-20 12:00:00,1632110400000,8.1790000000,8.2440000000,8.1100000000,8.2060000000,32310.0465200000,263874.6741461470,263874.6741461470,1,DORA-USDT
2021-09-20 13:00:00,1632114000000,8.2050000000,8.2340000000,8.2000000000,8.2090000000,8672.2062940000,71242.0113845110,71242.0113845110,1,DORA-USDT
2021-09-20 14:00:00,1632117600000,8.2090000000,8.2570000000,8.2000000000,8.2360000000,39140.1016930000,322056.1817429940,322056.1817429940,1,DORA-USDT
2021-09-20 15:00:00,1632121200000,8.2360000000,8.3540000000,8.1000000000,8.1130000000,72172.5461370000,592819.5442732041,592819.5442732041,1,DORA-USDT
2021-09-20 16:00:00,1632124800000,8.1240000000,8.3150000000,8.0980000000,8.1960000000,69442.2857170000,570751.5944459070,570751.5944459070,1,DORA-USDT
2021-09-20 17:00:00,1632128400000,8.1940000000,8.2870000000,8.1800000000,8.2190000000,41877.2695320000,344506.4637455700,344506.4637455700,1,DORA-USDT
2021-09-20 18:00:00,1632132000000,8.2190000000,8.2670000000,8.0580000000,8.1300000000,27897.2359290000,227398.5350960000,227398.5350960000,1,DORA-USDT
2021-09-20 19:00:00,1632135600000,8.1300000000,8.1380000000,7.6340000000,7.7400000000,127741.9043260000,1012178.2777949960,1012178.2777949960,1,DORA-USDT
2021-09-20 20:00:00,1632139200000,7.7400000000,7.7700000000,7.4200000000,7.7040000000,120250.1045260000,918952.8234802220,918952.8234802220,1,DORA-USDT
2021-09-20 21:00:00,1632142800000,7.7050000000,8.0950000000,7.6810000000,8.0710000000,107038.5771940000,847294.7671633150,847294.7671633150,1,DORA-USDT
2021-09-20 22:00:00,1632146400000,8.0730000000,8.1920000000,7.8150000000,7.8370000000,104829.9795100000,836472.6645179010,836472.6645179010,1,DORA-USDT
2021-09-20 23:00:00,1632150000000,7.8350000000,7.9000000000,7.6270000000,7.7580000000,88070.4313910000,683457.1017015660,683457.1017015660,1,DORA-USDT
2021-09-21 00:00:00,1632153600000,7.7590000000,7.8170000000,7.5220000000,7.7570000000,77373.2812230000,594740.7828101480,594740.7828101480,1,DORA-USDT
2021-09-21 01:00:00,1632157200000,7.7560000000,7.8280000000,7.7050000000,7.7090000000,18831.2877530000,145684.5648323670,145684.5648323670,1,DORA-USDT
2021-09-21 02:00:00,1632160800000,7.7100000000,7.7650000000,7.6520000000,7.7110000000,43317.7673950000,333382.0533430490,333382.0533430490,1,DORA-USDT
2021-09-21 03:00:00,1632164400000,7.7130000000,7.7360000000,7.4640000000,7.6590000000,97990.9898810000,747086.7081022190,747086.7081022190,1,DORA-USDT
2021-09-21 04:00:00,1632168000000,7.6590000000,7.6720000000,7.4920000000,7.6130000000,56021.7450670000,425816.3242566390,425816.3242566390,1,DORA-USDT
2021-09-21 05:00:00,1632171600000,7.6150000000,7.6640000000,7.5070000000,7.5250000000,49194.9444200000,373163.2367879010,373163.2367879010,1,DORA-USDT
2021-09-21 06:00:00,1632175200000,7.5260000000,7.8290000000,7.5050000000,7.5880000000,70448.6911450000,539965.6888169650,539965.6888169650,1,DORA-USDT
2021-09-21 07:00:00,1632178800000,7.5890000000,7.7650000000,7.4230000000,7.4510000000,85018.7898320000,644510.2839431170,644510.2839431170,1,DORA-USDT
2021-09-21 08:00:00,1632182400000,7.4480000000,7.5290000000,7.3370000000,7.4360000000,67479.0950930000,499956.7028399470,499956.7028399470,1,DORA-USDT
2021-09-21 09:00:00,1632186000000,7.4370000000,7.6800000000,7.4200000000,7.6790000000,36025.8875910000,270476.1331548910,270476.1331548910,1,DORA-USDT
2021-09-21 10:00:00,1632189600000,7.6790000000,7.7330000000,7.6560000000,7.7160000000,37927.0749990000,291834.9491345480,291834.9491345480,1,DORA-USDT
2021-09-21 11:00:00,1632193200000,7.7160000000,7.7780000000,7.6510000000,7.6520000000,31151.5138220000,240334.0557642910,240334.0557642910,1,DORA-USDT
2021-09-21 12:00:00,1632196800000,7.6560000000,7.6790000000,7.5140000000,7.5900000000,35741.7759180000,271072.8825456590,271072.8825456590,1,DORA-USDT
2021-09-21 13:00:00,1632200400000,7.5880000000,7.6120000000,7.3080000000,7.3080000000,71476.9802480000,533115.8617753159,533115.8617753159,1,DORA-USDT
2021-09-21 14:00:00,1632204000000,7.3090000000,7.3120000000,7.2470000000,7.2950000000,21351.4332140000,155433.0066584830,155433.0066584830,1,DORA-USDT
2021-09-21 15:00:00,1632207600000,7.2970000000,7.3650000000,7.2460000000,7.3640000000,26703.9533900000,195025.3216090600,195025.3216090600,1,DORA-USDT
2021-09-21 16:00:00,1632211200000,7.3640000000,7.4480000000,7.2220000000,7.3060000000,65781.9606230000,482390.6949853240,482390.6949853240,1,DORA-USDT
2021-09-21 17:00:00,1632214800000,7.3050000000,7.3390000000,7.2570000000,7.3310000000,23942.4249630000,174891.5801761200,174891.5801761200,1,DORA-USDT
2021-09-21 18:00:00,1632218400000,7.3290000000,7.4110000000,7.2830000000,7.4070000000,42268.0610100000,310476.9007500240,310476.9007500240,1,DORA-USDT
2021-09-21 19:00:00,1632222000000,7.4090000000,7.4120000000,7.2510000000,7.2720000000,64388.1616220000,473068.5109130430,473068.5109130430,1,DORA-USDT
2021-09-21 20:00:00,1632225600000,7.2710000000,7.4200000000,7.2450000000,7.3200000000,54929.0795640000,402510.7948484870,402510.7948484870,1,DORA-USDT
2021-09-21 21:00:00,1632229200000,7.3220000000,7.4750000000,7.3010000000,7.3880000000,43074.4977410000,318073.0504828730,318073.0504828730,1,DORA-USDT
2021-09-21 22:00:00,1632232800000,7.3880000000,7.3950000000,7.2000000000,7.2220000000,52496.4714960000,383209.5739663990,383209.5739663990,1,DORA-USDT
2021-09-21 23:00:00,1632236400000,7.2220000000,7.2850000000,7.1770000000,7.2600000000,42672.8828900000,308866.8029162540,308866.8029162540,1,DORA-USDT
2021-09-22 00:00:00,1632240000000,7.2610000000,7.3090000000,7.0970000000,7.1240000000,64329.3328190000,463455.1523372960,463455.1523372960,1,DORA-USDT
2021-09-22 01:00:00,1632243600000,7.1240000000,7.1240000000,6.9820000000,7.0170000000,58686.0758860000,412973.0088833080,412973.0088833080,1,DORA-USDT
2021-09-22 02:00:00,1632247200000,7.0180000000,7.1790000000,7.0080000000,7.0710000000,74234.0047820000,527008.8402497950,527008.8402497950,1,DORA-USDT
2021-09-22 03:00:00,1632250800000,7.0720000000,7.1020000000,6.9550000000,7.0110000000,61813.5845390000,434517.7393558700,434517.7393558700,1,DORA-USDT
2021-09-22 04:00:00,1632254400000,7.0120000000,7.0450000000,6.8240000000,6.8670000000,84780.4889240000,586886.7343364920,586886.7343364920,1,DORA-USDT
2021-09-22 05:00:00,1632258000000,6.8680000000,6.9440000000,6.7130000000,6.8720000000,66925.0652330000,457486.7593840900,457486.7593840900,1,DORA-USDT
2021-09-22 06:00:00,1632261600000,6.8750000000,7.0100000000,6.8100000000,6.8270000000,90028.8351620000,623456.0946747430,623456.0946747430,1,DORA-USDT
2021-09-22 07:00:00,1632265200000,6.8270000000,6.9310000000,6.7280000000,6.7660000000,110215.6971460000,753748.7397055140,753748.7397055140,1,DORA-USDT
2021-09-22 08:00:00,1632268800000,6.7670000000,6.8620000000,6.5990000000,6.7790000000,78890.5171380000,530537.9360310470,530537.9360310470,1,DORA-USDT
2021-09-22 09:00:00,1632272400000,6.7790000000,6.9340000000,6.6960000000,6.9190000000,84625.5345060000,578039.3508897910,578039.3508897910,1,DORA-USDT
2021-09-22 10:00:00,1632276000000,6.9190000000,7.0000000000,6.8430000000,6.9670000000,84074.0055520000,581535.3336312550,581535.3336312550,1,DORA-USDT
2021-09-22 11:00:00,1632279600000,6.9730000000,7.0840000000,6.9530000000,6.9810000000,58379.4699450000,409621.5042525850,409621.5042525850,1,DORA-USDT
2021-09-22 12:00:00,1632283200000,6.9800000000,7.0040000000,6.8600000000,6.8980000000,69479.4397110000,481569.0868502510,481569.0868502510,1,DORA-USDT
2021-09-22 13:00:00,1632286800000,6.8990000000,7.0480000000,6.8970000000,7.0360000000,70704.5479520000,493111.3654874760,493111.3654874760,1,DORA-USDT
2021-09-22 14:00:00,1632290400000,7.0360000000,7.2000000000,6.9720000000,7.0720000000,85721.9879050000,607442.7823637060,607442.7823637060,1,DORA-USDT
2021-09-22 15:00:00,1632294000000,7.0700000000,7.2990000000,7.0670000000,7.2700000000,74325.6322790000,535079.7271218800,535079.7271218800,1,DORA-USDT
2021-09-22 16:00:00,1632297600000,7.2720000000,7.4060000000,7.2250000000,7.2600000000,64403.0709910000,471360.8821016050,471360.8821016050,1,DORA-USDT
2021-09-22 17:00:00,1632301200000,7.2590000000,7.3290000000,7.1920000000,7.2370000000,38307.8751470000,278476.4835944660,278476.4835944660,1,DORA-USDT
2021-09-22 18:00:00,1632304800000,7.2370000000,7.2940000000,7.1610000000,7.2610000000,55381.3571210000,400180.7098987140,400180.7098987140,1,DORA-USDT
2021-09-22 19:00:00,1632308400000,7.2620000000,7.3180000000,7.1150000000,7.3180000000,76474.7585920000,551459.6733863510,551459.6733863510,1,DORA-USDT
2021-09-22 20:00:00,1632312000000,7.3220000000,7.3650000000,7.1630000000,7.2280000000,50601.1714030000,365298.0517763260,365298.0517763260,1,DORA-USDT
2021-09-22 21:00:00,1632315600000,7.2300000000,7.4510000000,7.1850000000,7.3630000000,91577.4970150000,670791.1544763400,670791.1544763400,1,DORA-USDT
2021-09-22 22:00:00,1632319200000,7.3630000000,7.3810000000,7.2590000000,7.2960000000,49253.6161220000,360138.2460236360,360138.2460236360,1,DORA-USDT
2021-09-22 23:00:00,1632322800000,7.2950000000,7.3480000000,7.2400000000,7.2400000000,52208.3887220000,380331.3787434420,380331.3787434420,1,DORA-USDT
2021-09-23 00:00:00,1632326400000,7.2380000000,7.2850000000,7.0420000000,7.0520000000,60785.3089820000,433875.0189084470,433875.0189084470,1,DORA-USDT
2021-09-23 01:00:00,1632330000000,7.0490000000,7.0560000000,6.9680000000,7.0180000000,30067.5023750000,210370.9140325030,210370.9140325030,1,DORA-USDT
2021-09-23 02:00:00,1632333600000,7.0180000000,7.1480000000,6.9670000000,6.9940000000,69385.3132960000,489446.8931808530,489446.8931808530,1,DORA-USDT
2021-09-23 03:00:00,1632337200000,6.9980000000,7.1320000000,6.9420000000,7.0870000000,47699.3257500000,335682.1831097860,335682.1831097860,1,DORA-USDT
2021-09-23 04:00:00,1632340800000,7.0870000000,7.0880000000,6.9880000000,7.0090000000,25104.6928630000,176368.2988043100,176368.2988043100,1,DORA-USDT
2021-09-23 05:00:00,1632344400000,7.0040000000,7.2940000000,6.9900000000,7.0030000000,32397.1556800000,227630.3025814870,227630.3025814870,1,DORA-USDT
2021-09-23 06:00:00,1632348000000,7.0040000000,7.0370000000,6.9190000000,7.0320000000,33816.3459860000,235836.7641625410,235836.7641625410,1,DORA-USDT
2021-09-23 07:00:00,1632351600000,7.0320000000,7.0560000000,6.9840000000,7.0360000000,26784.4934840000,188150.8709433000,188150.8709433000,1,DORA-USDT
2021-09-23 08:00:00,1632355200000,7.0350000000,7.0600000000,6.9770000000,7.0010000000,39187.5993320000,274989.3296107430,274989.3296107430,1,DORA-USDT
2021-09-23 09:00:00,1632358800000,7.0030000000,7.0590000000,6.9870000000,7.0560000000,18825.8853070000,132302.9992063400,132302.9992063400,1,DORA-USDT
2021-09-23 10:00:00,1632362400000,7.0560000000,7.0740000000,6.8330000000,6.9510000000,58195.3083650000,406960.4459963060,406960.4459963060,1,DORA-USDT
2021-09-23 11:00:00,1632366000000,6.9510000000,7.1650000000,6.9000000000,7.0900000000,57871.7449470000,408013.7439824910,408013.7439824910,1,DORA-USDT
2021-09-23 12:00:00,1632369600000,7.0890000000,7.1290000000,7.0750000000,7.0830000000,19163.8364950000,136112.6407119850,136112.6407119850,1,DORA-USDT
2021-09-23 13:00:00,1632373200000,7.0820000000,7.2490000000,7.0690000000,7.2350000000,38885.7630610000,278017.6543689620,278017.6543689620,1,DORA-USDT
2021-09-23 14:00:00,1632376800000,7.2340000000,7.4350000000,7.2240000000,7.3620000000,67902.4348300000,498277.9339241440,498277.9339241440,1,DORA-USDT
2021-09-23 15:00:00,1632380400000,7.3620000000,7.3620000000,6.8600000000,6.9130000000,81879.3142490000,582243.7702178170,582243.7702178170,1,DORA-USDT
2021-09-23 16:00:00,1632384000000,6.9270000000,7.0780000000,6.8000000000,7.0250000000,98187.1237400000,680074.4392996000,680074.4392996000,1,DORA-USDT
2021-09-23 17:00:00,1632387600000,7.0240000000,7.0290000000,6.8600000000,6.9640000000,54451.7198490000,377857.5652832020,377857.5652832020,1,DORA-USDT
2021-09-23 18:00:00,1632391200000,6.9640000000,6.9890000000,6.8400000000,6.9470000000,50636.0032040000,349354.2047043650,349354.2047043650,1,DORA-USDT
2021-09-23 19:00:00,1632394800000,6.9460000000,6.9500000000,6.7150000000,6.7840000000,67577.6537590000,459858.6182972190,459858.6182972190,1,DORA-USDT
2021-09-23 20:00:00,1632398400000,6.7830000000,6.8160000000,6.6720000000,6.7460000000,64922.8928100000,437849.9142016940,437849.9142016940,1,DORA-USDT
2021-09-23 21:00:00,1632402000000,6.7460000000,6.9270000000,6.7430000000,6.8690000000,44295.1462830000,302139.7169597780,302139.7169597780,1,DORA-USDT
2021-09-23 22:00:00,1632405600000,6.8690000000,6.9580000000,6.8480000000,6.8980000000,52640.5181580000,363519.6855008280,363519.6855008280,1,DORA-USDT
2021-09-23 23:00:00,1632409200000,6.8970000000,6.9290000000,6.7100000000,6.8120000000,80209.0943660000,544943.9163643250,544943.9163643250,1,DORA-USDT
2021-09-24 00:00:00,1632412800000,6.8110000000,6.9110000000,6.7780000000,6.7830000000,42653.5872710000,291685.7253145430,291685.7253145430,1,DORA-USDT
2021-09-24 01:00:00,1632416400000,6.7820000000,6.8930000000,6.7810000000,6.8730000000,34660.5102870000,237237.2345514640,237237.2345514640,1,DORA-USDT
2021-09-24 02:00:00,1632420000000,6.8730000000,6.8890000000,6.8200000000,6.8540000000,38319.7631760000,262755.8745414240,262755.8745414240,1,DORA-USDT
2021-09-24 03:00:00,1632423600000,6.8540000000,6.8900000000,6.8100000000,6.8470000000,37805.1524410000,259335.8991838750,259335.8991838750,1,DORA-USDT
2021-09-24 04:00:00,1632427200000,6.8550000000,6.8790000000,6.8200000000,6.8360000000,34877.0576260000,238712.9865708500,238712.9865708500,1,DORA-USDT
2021-09-24 05:00:00,1632430800000,6.8390000000,6.8490000000,6.7670000000,6.7960000000,27560.8319980000,187604.5445859950,187604.5445859950,1,DORA-USDT
2021-09-24 06:00:00,1632434400000,6.7970000000,6.9540000000,6.7940000000,6.9290000000,38259.0855120000,262391.9347435790,262391.9347435790,1,DORA-USDT
2021-09-24 07:00:00,1632438000000,6.9300000000,7.0890000000,6.8800000000,7.0600000000,67216.5523780000,469792.6306803320,469792.6306803320,1,DORA-USDT
2021-09-24 08:00:00,1632441600000,7.0590000000,7.1070000000,7.0060000000,7.0520000000,55161.9563420000,388791.0698793060,388791.0698793060,1,DORA-USDT
2021-09-24 09:00:00,1632445200000,7.0520000000,7.1500000000,7.0300000000,7.0630000000,39080.0490110000,277730.7456916340,277730.7456916340,1,DORA-USDT
2021-09-24 10:00:00,1632448800000,7.0810000000,7.2090000000,7.0110000000,7.1580000000,80296.5228700000,571537.9947177960,571537.9947177960,1,DORA-USDT
2021-09-24 11:00:00,1632452400000,7.1590000000,7.2540000000,7.0600000000,7.2020000000,60255.6764770000,431472.8402990840,431472.8402990840,1,DORA-USDT
2021-09-24 12:00:00,1632456000000,7.2020000000,7.2790000000,7.1120000000,7.1290000000,43468.0005800000,312649.7146455090,312649.7146455090,1,DORA-USDT
2021-09-24 13:00:00,1632459600000,7.1290000000,7.1500000000,6.9540000000,7.1180000000,73656.8125200000,520961.6336459490,520961.6336459490,1,DORA-USDT
2021-09-24 14:00:00,1632463200000,7.1180000000,7.1980000000,7.0540000000,7.0590000000,44640.3640850000,318816.6364646430,318816.6364646430,1,DORA-USDT
2021-09-24 15:00:00,1632466800000,7.0560000000,7.2030000000,7.0530000000,7.1650000000,56713.9327710000,405227.9660468080,405227.9660468080,1,DORA-USDT
2021-09-24 16:00:00,1632470400000,7.1650000000,7.2660000000,7.1240000000,7.1260000000,44442.0619930000,320347.9367649640,320347.9367649640,1,DORA-USDT
2021-09-24 17:00:00,1632474000000,7.1260000000,7.1550000000,6.4000000000,6.4190000000,187345.9818440000,1248572.4828013361,1248572.4828013361,1,DORA-USDT
2021-09-24 18:00:00,1632477600000,6.4210000000,6.5980000000,6.2550000000,6.5750000000,111024.4708030000,714494.1266413510,714494.1266413510,1,DORA-USDT
2021-09-24 19:00:00,1632481200000,6.5720000000,6.9310000000,6.2970000000,6.9060000000,164224.3821500000,1082359.7497978390,1082359.7497978390,1,DORA-USDT
2021-09-24 20:00:00,1632484800000,6.9040000000,7.3000000000,6.7560000000,7.0250000000,120578.7716280000,847954.3312082310,847954.3312082310,1,DORA-USDT
2021-09-24 21:00:00,1632488400000,7.0250000000,7.1230000000,6.9200000000,7.0180000000,78796.8752990000,552671.4124491670,552671.4124491670,1,DORA-USDT
2021-09-24 22:00:00,1632492000000,7.0190000000,7.1370000000,6.9200000000,6.9460000000,63669.5748820000,448081.2334993080,448081.2334993080,1,DORA-USDT
2021-09-24 23:00:00,1632495600000,6.9440000000,6.9600000000,6.6660000000,6.7250000000,59170.9389890000,402826.2107437990,402826.2107437990,1,DORA-USDT
2021-09-25 00:00:00,1632499200000,6.7260000000,6.7430000000,6.5650000000,6.6990000000,78390.6544410000,520960.3254308070,520960.3254308070,1,DORA-USDT
2021-09-25 01:00:00,1632502800000,6.6970000000,6.6990000000,6.5050000000,6.5260000000,48597.4286390000,319442.9459651500,319442.9459651500,1,DORA-USDT
2021-09-25 02:00:00,1632506400000,6.5280000000,6.7510000000,6.5250000000,6.6500000000,75446.8625880000,502429.5976280160,502429.5976280160,1,DORA-USDT
2021-09-25 03:00:00,1632510000000,6.6490000000,6.7940000000,6.6000000000,6.7040000000,83892.7571410000,562670.2172277500,562670.2172277500,1,DORA-USDT
2021-09-25 04:00:00,1632513600000,6.7050000000,6.8210000000,6.6280000000,6.7930000000,73748.3588910000,495443.3642641340,495443.3642641340,1,DORA-USDT
2021-09-25 05:00:00,1632517200000,6.7910000000,6.8800000000,6.7800000000,6.8630000000,34566.5225410000,236336.2000082690,236336.2000082690,1,DORA-USDT
2021-09-25 06:00:00,1632520800000,6.8630000000,6.8770000000,6.7950000000,6.7950000000,28072.3156560000,191816.5510626200,191816.5510626200,1,DORA-USDT
2021-09-25 07:00:00,1632524400000,6.7940000000,6.8660000000,6.7080000000,6.8600000000,57276.5735180000,387306.4738211980,387306.4738211980,1,DORA-USDT
2021-09-25 08:00:00,1632528000000,6.8620000000,7.0110000000,6.8430000000,7.0110000000,59803.0238000000,414852.2532223880,414852.2532223880,1,DORA-USDT
2021-09-25 09:00:00,1632531600000,7.0140000000,7.0470000000,6.8040000000,6.9230000000,69007.0134230000,477112.8890186220,477112.8890186220,1,DORA-USDT
2021-09-25 10:00:00,1632535200000,6.9200000000,7.0390000000,6.6580000000,6.8090000000,106589.3894780000,730732.2601963670,730732.2601963670,1,DORA-USDT
2021-09-25 11:00:00,1632538800000,6.8090000000,7.1100000000,6.8090000000,7.0910000000,75200.8097650000,523754.5790428610,523754.5790428610,1,DORA-USDT
2021-09-25 12:00:00,1632542400000,7.0920000000,7.1210000000,7.0180000000,7.1060000000,44495.1856400000,314829.7691099850,314829.7691099850,1,DORA-USDT
2021-09-25 13:00:00,1632546000000,7.0840000000,7.1190000000,6.8240000000,6.8290000000,59935.8234850000,417642.1460662600,417642.1460662600,1,DORA-USDT
2021-09-25 14:00:00,1632549600000,6.8300000000,6.8850000000,6.8090000000,6.8680000000,30159.3895750000,206694.2480613420,206694.2480613420,1,DORA-USDT
2021-09-25 15:00:00,1632553200000,6.8670000000,6.8940000000,6.6470000000,6.6800000000,55898.7723860000,376782.5295165260,376782.5295165260,1,DORA-USDT
2021-09-25 16:00:00,1632556800000,6.6800000000,6.7030000000,6.1500000000,6.4400000000,129354.7600470000,833212.9525962460,833212.9525962460,1,DORA-USDT
2021-09-25 17:00:00,1632560400000,6.4400000000,6.6100000000,6.4360000000,6.5470000000,47963.1471260000,313844.4592091020,313844.4592091020,1,DORA-USDT
2021-09-25 18:00:00,1632564000000,6.5470000000,6.7010000000,6.5340000000,6.5890000000,36455.4093880000,240651.7424119490,240651.7424119490,1,DORA-USDT
2021-09-25 19:00:00,1632567600000,6.5920000000,6.5920000000,6.4580000000,6.5320000000,38573.5379130000,251361.6159976990,251361.6159976990,1,DORA-USDT
2021-09-25 20:00:00,1632571200000,6.5320000000,6.5480000000,6.4900000000,6.5130000000,25206.3920440000,164511.5829292360,164511.5829292360,1,DORA-USDT
2021-09-25 21:00:00,1632574800000,6.5140000000,6.6000000000,6.4010000000,6.4160000000,56597.9343660000,368090.3712040330,368090.3712040330,1,DORA-USDT
2021-09-25 22:00:00,1632578400000,6.4160000000,6.4200000000,6.3440000000,6.3620000000,35577.8500950000,226738.7179909900,226738.7179909900,1,DORA-USDT
2021-09-25 23:00:00,1632582000000,6.3610000000,6.4330000000,6.2720000000,6.4160000000,42061.4082680000,268048.9052986340,268048.9052986340,1,DORA-USDT
2021-09-26 00:00:00,1632585600000,6.4170000000,6.4300000000,6.2700000000,6.3370000000,55181.6182070000,350128.1274537750,350128.1274537750,1,DORA-USDT
2021-09-26 01:00:00,1632589200000,6.3380000000,6.3580000000,6.3050000000,6.3530000000,28749.8816740000,182245.2433619440,182245.2433619440,1,DORA-USDT
2021-09-26 02:00:00,1632592800000,6.3520000000,6.4140000000,6.3140000000,6.3910000000,43085.5653070000,273974.7048808320,273974.7048808320,1,DORA-USDT
2021-09-26 03:00:00,1632596400000,6.3910000000,6.4110000000,6.3770000000,6.3870000000,19549.3708500000,124874.5129847830,124874.5129847830,1,DORA-USDT
2021-09-26 04:00:00,1632600000000,6.3870000000,6.3920000000,6.3350000000,6.3660000000,35929.1355470000,228725.0451769520,228725.0451769520,1,DORA-USDT
2021-09-26 05:00:00,1632603600000,6.3650000000,6.5100000000,6.3330000000,6.5010000000,34617.3295950000,220748.5689495750,220748.5689495750,1,DORA-USDT
2021-09-26 06:00:00,1632607200000,6.5050000000,7.0000000000,6.5020000000,6.7140000000,139046.2887840000,944457.7957031541,944457.7957031541,1,DORA-USDT
2021-09-26 07:00:00,1632610800000,6.7140000000,7.2800000000,6.6600000000,7.1500000000,97002.8547320000,671668.0894910850,671668.0894910850,1,DORA-USDT
2021-09-26 08:00:00,1632614400000,7.1510000000,7.1700000000,6.7070000000,6.8050000000,85284.7814550000,588146.1129301330,588146.1129301330,1,DORA-USDT
2021-09-26 09:00:00,1632618000000,6.8040000000,6.8050000000,6.5960000000,6.6080000000,61166.4412530000,408332.0893283180,408332.0893283180,1,DORA-USDT
2021-09-26 10:00:00,1632621600000,6.6080000000,6.6620000000,6.5070000000,6.5750000000,55319.4781220000,364433.0804744560,364433.0804744560,1,DORA-USDT
2021-09-26 11:00:00,1632625200000,6.5750000000,6.6480000000,6.5410000000,6.5700000000,50589.7770060000,333784.8384105580,333784.8384105580,1,DORA-USDT
2021-09-26 12:00:00,1632628800000,6.5720000000,6.6260000000,6.4990000000,6.5700000000,65996.8674810000,432747.4912778400,432747.4912778400,1,DORA-USDT
2021-09-26 13:00:00,1632632400000,6.5690000000,6.5880000000,6.5350000000,6.5530000000,31350.4487820000,205657.1821580200,205657.1821580200,1,DORA-USDT
2021-09-26 14:00:00,1632636000000,6.5530000000,6.5560000000,6.4520000000,6.4530000000,31844.1975780000,206846.3151845840,206846.3151845840,1,DORA-USDT
2021-09-26 15:00:00,1632639600000,6.4520000000,6.4860000000,5.9750000000,6.0320000000,123915.8154030000,765500.6960247420,765500.6960247420,1,DORA-USDT
2021-09-26 16:00:00,1632643200000,6.0320000000,6.0440000000,5.3090000000,5.7780000000,227131.8081090000,1272947.4742806240,1272947.4742806240,1,DORA-USDT
2021-09-26 17:00:00,1632646800000,5.7800000000,6.5860000000,5.7710000000,6.5340000000,174929.6874420000,1078748.1775566789,1078748.1775566789,1,DORA-USDT
2021-09-26 18:00:00,1632650400000,6.5350000000,6.5470000000,6.2570000000,6.2570000000,69890.0555160000,448089.8220118240,448089.8220118240,1,DORA-USDT
2021-09-26 19:00:00,1632654000000,6.2580000000,6.2950000000,6.1830000000,6.2330000000,56734.2059660000,353877.5444566220,353877.5444566220,1,DORA-USDT
2021-09-26 20:00:00,1632657600000,6.2320000000,6.3540000000,6.2290000000,6.3260000000,38668.2613570000,244107.0665725450,244107.0665725450,1,DORA-USDT
2021-09-26 21:00:00,1632661200000,6.3260000000,6.3420000000,6.2290000000,6.2330000000,24220.9648650000,152390.1148006630,152390.1148006630,1,DORA-USDT
2021-09-26 22:00:00,1632664800000,6.2320000000,6.2580000000,6.1310000000,6.1340000000,33907.1141660000,210100.5083175550,210100.5083175550,1,DORA-USDT
2021-09-26 23:00:00,1632668400000,6.1360000000,6.1430000000,5.9290000000,5.9860000000,54140.9740360000,325421.8412967880,325421.8412967880,1,DORA-USDT
2021-09-27 00:00:00,1632672000000,5.9850000000,6.0230000000,5.8520000000,6.0000000000,79320.8273910000,470819.2426910020,470819.2426910020,1,DORA-USDT
2021-09-27 01:00:00,1632675600000,6.0020000000,6.1790000000,5.9930000000,6.1300000000,47650.0688260000,291210.5356092290,291210.5356092290,1,DORA-USDT
2021-09-27 02:00:00,1632679200000,6.1340000000,6.2350000000,6.1310000000,6.2020000000,28332.9821330000,175101.5702689830,175101.5702689830,1,DORA-USDT
2021-09-27 03:00:00,1632682800000,6.2030000000,6.2110000000,6.1160000000,6.1320000000,26743.8715010000,164445.0083261390,164445.0083261390,1,DORA-USDT
2021-09-27 04:00:00,1632686400000,6.1320000000,6.1940000000,6.1170000000,6.1920000000,22823.4196360000,140408.8107492740,140408.8107492740,1,DORA-USDT
2021-09-27 05:00:00,1632690000000,6.1900000000,6.2210000000,6.1570000000,6.2140000000,24342.8848480000,150501.7591368530,150501.7591368530,1,DORA-USDT
2021-09-27 06:00:00,1632693600000,6.2120000000,6.2210000000,6.1320000000,6.1480000000,27328.8784180000,168870.9889628880,168870.9889628880,1,DORA-USDT
2021-09-27 07:00:00,1632697200000,6.1450000000,6.1500000000,5.9710000000,6.0030000000,49975.4147620000,301748.0483611260,301748.0483611260,1,DORA-USDT
2021-09-27 08:00:00,1632700800000,6.0030000000,6.2370000000,5.9960000000,6.2330000000,58160.5505290000,356999.7116417030,356999.7116417030,1,DORA-USDT
2021-09-27 09:00:00,1632704400000,6.2330000000,6.2340000000,5.8500000000,5.9490000000,62627.7508060000,381968.1193311850,381968.1193311850,1,DORA-USDT
2021-09-27 10:00:00,1632708000000,5.9500000000,5.9550000000,5.8500000000,5.9050000000,49101.1310850000,289115.7779541410,289115.7779541410,1,DORA-USDT
2021-09-27 11:00:00,1632711600000,5.9070000000,6.0430000000,5.8310000000,6.0400000000,41355.6027330000,244370.4087226570,244370.4087226570,1,DORA-USDT
2021-09-27 12:00:00,1632715200000,6.0420000000,6.1080000000,6.0000000000,6.0140000000,34676.6816860000,209869.9652493870,209869.9652493870,1,DORA-USDT
2021-09-27 13:00:00,1632718800000,6.0100000000,6.0180000000,5.8850000000,5.8860000000,32319.3264090000,191933.1462004750,191933.1462004750,1,DORA-USDT
2021-09-27 14:00:00,1632722400000,5.8870000000,6.0320000000,5.8760000000,5.9620000000,64290.9666390000,382646.3841446220,382646.3841446220,1,DORA-USDT
2021-09-27 15:00:00,1632726000000,5.9670000000,6.0510000000,5.9420000000,6.0220000000,41792.7805860000,250711.6748766100,250711.6748766100,1,DORA-USDT
2021-09-27 16:00:00,1632729600000,6.0230000000,6.1600000000,6.0180000000,6.1000000000,39025.3473450000,238210.7149063850,238210.7149063850,1,DORA-USDT
2021-09-27 17:00:00,1632733200000,6.0990000000,6.4400000000,6.0990000000,6.2860000000,95007.8414910000,595522.2207516410,595522.2207516410,1,DORA-USDT
2021-09-27 18:00:00,1632736800000,6.2850000000,6.7870000000,6.2140000000,6.2910000000,135835.8466840000,887293.7739960870,887293.7739960870,1,DORA-USDT
2021-09-27 19:00:00,1632740400000,6.2920000000,6.3120000000,6.1980000000,6.2430000000,42155.5141160000,263710.3833534670,263710.3833534670,1,DORA-USDT
2021-09-27 20:00:00,1632744000000,6.2440000000,6.2810000000,6.1850000000,6.2570000000,32565.2013080000,202675.4932994850,202675.4932994850,1,DORA-USDT
2021-09-27 21:00:00,1632747600000,6.2560000000,6.2870000000,6.1860000000,6.2450000000,39429.7204130000,246078.4743375130,246078.4743375130,1,DORA-USDT
2021-09-27 22:00:00,1632751200000,6.2440000000,6.2440000000,6.0210000000,6.0310000000,44476.1175170000,273886.2648533560,273886.2648533560,1,DORA-USDT
2021-09-27 23:00:00,1632754800000,6.0290000000,6.0500000000,5.9140000000,5.9290000000,39423.5284060000,235919.8910844260,235919.8910844260,1,DORA-USDT
2021-09-28 00:00:00,1632758400000,5.9330000000,5.9330000000,5.8240000000,5.8690000000,47842.3664150000,280822.4464914480,280822.4464914480,1,DORA-USDT
2021-09-28 01:00:00,1632762000000,5.8690000000,6.0560000000,5.8640000000,6.0040000000,33159.7546730000,197556.1000149620,197556.1000149620,1,DORA-USDT
2021-09-28 02:00:00,1632765600000,6.0060000000,6.0960000000,5.9690000000,6.0430000000,35142.3691840000,211617.1250007770,211617.1250007770,1,DORA-USDT
2021-09-28 03:00:00,1632769200000,6.0440000000,6.3220000000,6.0440000000,6.3050000000,46280.5050950000,286069.5350417640,286069.5350417640,1,DORA-USDT
2021-09-28 04:00:00,1632772800000,6.3030000000,7.1990000000,6.3010000000,6.6130000000,382072.8821670000,2568418.9706890741,2568418.9706890741,1,DORA-USDT
2021-09-28 05:00:00,1632776400000,6.6140000000,6.6140000000,6.4760000000,6.4910000000,62647.3940470000,409210.5854319380,409210.5854319380,1,DORA-USDT
2021-09-28 06:00:00,1632780000000,6.4920000000,6.5020000000,6.4200000000,6.4300000000,17166.1225010000,110760.2777054240,110760.2777054240,1,DORA-USDT
2021-09-28 07:00:00,1632783600000,6.4320000000,6.5230000000,6.2720000000,6.3370000000,57004.5622930000,364289.5235124680,364289.5235124680,1,DORA-USDT
2021-09-28 08:00:00,1632787200000,6.3320000000,6.3790000000,6.2420000000,6.3210000000,54656.8060620000,344431.1750265400,344431.1750265400,1,DORA-USDT
2021-09-28 09:00:00,1632790800000,6.3210000000,6.3260000000,6.1850000000,6.2750000000,54059.8444340000,338144.0911000200,338144.0911000200,1,DORA-USDT
2021-09-28 10:00:00,1632794400000,6.2740000000,6.3980000000,6.2450000000,6.3270000000,44781.8876970000,283227.7955801590,283227.7955801590,1,DORA-USDT
2021-09-28 11:00:00,1632798000000,6.3250000000,6.3280000000,6.1270000000,6.2170000000,47911.7565920000,297724.0897610090,297724.0897610090,1,DORA-USDT
2021-09-28 12:00:00,1632801600000,6.2180000000,6.2780000000,6.1810000000,6.1960000000,31051.0062230000,193477.1436766620,193477.1436766620,1,DORA-USDT
2021-09-28 13:00:00,1632805200000,6.1960000000,6.2110000000,6.1610000000,6.2100000000,22594.7628740000,139811.1965623770,139811.1965623770,1,DORA-USDT
2021-09-28 14:00:00,1632808800000,6.2100000000,6.2790000000,6.1680000000,6.1900000000,29299.7984960000,182316.9418357810,182316.9418357810,1,DORA-USDT
2021-09-28 15:00:00,1632812400000,6.1900000000,6.1930000000,6.0500000000,6.0730000000,39080.3989040000,238578.0194832790,238578.0194832790,1,DORA-USDT
2021-09-28 16:00:00,1632816000000,6.0650000000,6.1650000000,6.0000000000,6.0270000000,51259.4665530000,312210.6709066810,312210.6709066810,1,DORA-USDT
2021-09-28 17:00:00,1632819600000,6.0260000000,6.3270000000,6.0110000000,6.1130000000,32895.5022200000,200640.4864143480,200640.4864143480,1,DORA-USDT
2021-09-28 18:00:00,1632823200000,6.1110000000,6.1220000000,5.9170000000,5.9360000000,48878.5980990000,293467.7035115980,293467.7035115980,1,DORA-USDT
2021-09-28 19:00:00,1632826800000,5.9360000000,5.9750000000,5.8790000000,5.8990000000,30283.6408200000,179237.9957320140,179237.9957320140,1,DORA-USDT
2021-09-28 20:00:00,1632830400000,5.8990000000,5.9310000000,5.8700000000,5.8800000000,26992.0164360000,159490.8831547110,159490.8831547110,1,DORA-USDT
2021-09-28 21:00:00,1632834000000,5.8760000000,6.0710000000,5.8730000000,5.9460000000,88521.1267930000,528819.0026245080,528819.0026245080,1,DORA-USDT
2021-09-28 22:00:00,1632837600000,5.9460000000,5.9460000000,5.8640000000,5.9030000000,34312.6930010000,202359.0634296230,202359.0634296230,1,DORA-USDT
2021-09-28 23:00:00,1632841200000,5.9030000000,5.9700000000,5.8710000000,5.9170000000,30730.2310860000,182055.5977490320,182055.5977490320,1,DORA-USDT
2021-09-29 00:00:00,1632844800000,5.9160000000,5.9630000000,5.8610000000,5.8880000000,37371.8517530000,220900.1805066350,220900.1805066350,1,DORA-USDT
2021-09-29 01:00:00,1632848400000,5.8890000000,5.9050000000,5.8410000000,5.8740000000,40139.6984950000,235654.9456050360,235654.9456050360,1,DORA-USDT
2021-09-29 02:00:00,1632852000000,5.8750000000,5.9140000000,5.8650000000,5.8990000000,30777.3954220000,181252.3705303730,181252.3705303730,1,DORA-USDT
2021-09-29 03:00:00,1632855600000,5.8970000000,6.0030000000,5.8850000000,5.9000000000,48111.9216670000,286344.9076520050,286344.9076520050,1,DORA-USDT
2021-09-29 04:00:00,1632859200000,5.9010000000,5.9440000000,5.8840000000,5.9090000000,24480.1562050000,144614.5797475930,144614.5797475930,1,DORA-USDT
2021-09-29 05:00:00,1632862800000,5.9070000000,5.9510000000,5.9050000000,5.9440000000,12972.7194190000,76918.0395262520,76918.0395262520,1,DORA-USDT
2021-09-29 06:00:00,1632866400000,5.9430000000,5.9760000000,5.8660000000,5.8800000000,27360.1236410000,162006.5769243060,162006.5769243060,1,DORA-USDT
2021-09-29 07:00:00,1632870000000,5.8800000000,5.8990000000,5.8450000000,5.8600000000,24534.4385240000,144065.7720874360,144065.7720874360,1,DORA-USDT
2021-09-29 08:00:00,1632873600000,5.8520000000,5.9310000000,5.8120000000,5.8690000000,43957.3433190000,258041.8372397510,258041.8372397510,1,DORA-USDT
2021-09-29 09:00:00,1632877200000,5.8700000000,5.9000000000,5.8040000000,5.8610000000,32837.2976840000,192231.0777568620,192231.0777568620,1,DORA-USDT
2021-09-29 10:00:00,1632880800000,5.8610000000,6.0080000000,5.8580000000,5.8840000000,59718.0249850000,354056.1229469520,354056.1229469520,1,DORA-USDT
2021-09-29 11:00:00,1632884400000,5.8830000000,6.0030000000,5.8640000000,5.9900000000,27689.1232880000,163884.3989051050,163884.3989051050,1,DORA-USDT
2021-09-29 12:00:00,1632888000000,5.9900000000,6.0740000000,5.9750000000,6.0640000000,35888.1557950000,216641.2539071080,216641.2539071080,1,DORA-USDT
2021-09-29 13:00:00,1632891600000,6.0640000000,6.0640000000,6.0180000000,6.0430000000,23683.7573030000,142968.9739202320,142968.9739202320,1,DORA-USDT
2021-09-29 14:00:00,1632895200000,6.0440000000,6.0510000000,5.9430000000,6.0050000000,40997.4875850000,245696.3919562290,245696.3919562290,1,DORA-USDT
2021-09-29 15:00:00,1632898800000,6.0060000000,6.0130000000,5.9600000000,5.9690000000,19625.5544490000,117650.4425202430,117650.4425202430,1,DORA-USDT
2021-09-29 16:00:00,1632902400000,5.9710000000,5.9810000000,5.9460000000,5.9630000000,18314.7705690000,109163.0399537040,109163.0399537040,1,DORA-USDT
2021-09-29 17:00:00,1632906000000,5.9650000000,6.0080000000,5.9370000000,5.9700000000,26733.9224380000,159543.2774297720,159543.2774297720,1,DORA-USDT
2021-09-29 18:00:00,1632909600000,5.9700000000,6.0110000000,5.9410000000,5.9760000000,34166.3408560000,204032.8295762250,204032.8295762250,1,DORA-USDT
2021-09-29 19:00:00,1632913200000,5.9750000000,6.0290000000,5.9300000000,6.0260000000,28152.6616190000,168670.9821468950,168670.9821468950,1,DORA-USDT
2021-09-29 20:00:00,1632916800000,6.0270000000,6.0470000000,5.8920000000,5.9220000000,44949.7194160000,268106.8112937160,268106.8112937160,1,DORA-USDT
2021-09-29 21:00:00,1632920400000,5.9210000000,5.9610000000,5.9000000000,5.9410000000,28993.5273770000,171837.3482408530,171837.3482408530,1,DORA-USDT
2021-09-29 22:00:00,1632924000000,5.9400000000,6.0140000000,5.9400000000,6.0100000000,24356.3421420000,145692.8417549950,145692.8417549950,1,DORA-USDT
2021-09-29 23:00:00,1632927600000,6.0090000000,6.0140000000,5.8810000000,5.9490000000,38671.3450070000,230829.3375865100,230829.3375865100,1,DORA-USDT
2021-09-30 00:00:00,1632931200000,5.9480000000,6.3500000000,5.9470000000,6.1760000000,99659.7165380000,614542.9682654900,614542.9682654900,1,DORA-USDT
2021-09-30 01:00:00,1632934800000,6.1790000000,6.1830000000,5.8940000000,5.9060000000,57602.1663300000,345528.1783209110,345528.1783209110,1,DORA-USDT
2021-09-30 02:00:00,1632938400000,5.9060000000,5.9340000000,5.8770000000,5.8950000000,24112.8157470000,142337.7011192620,142337.7011192620,1,DORA-USDT
2021-09-30 03:00:00,1632942000000,5.8940000000,5.9120000000,5.8740000000,5.9040000000,19802.2665540000,116684.1297383050,116684.1297383050,1,DORA-USDT
2021-09-30 04:00:00,1632945600000,5.9000000000,5.9090000000,5.8500000000,5.8560000000,23505.5675120000,138332.0279186510,138332.0279186510,1,DORA-USDT
2021-09-30 05:00:00,1632949200000,5.8570000000,5.8950000000,5.8570000000,5.8790000000,22295.6021090000,131043.3063664270,131043.3063664270,1,DORA-USDT
2021-09-30 06:00:00,1632952800000,5.8810000000,5.9670000000,5.8740000000,5.9520000000,22787.6906800000,134909.3050354890,134909.3050354890,1,DORA-USDT
2021-09-30 07:00:00,1632956400000,5.9520000000,6.0390000000,5.8860000000,5.9050000000,49276.2280600000,293834.3376120510,293834.3376120510,1,DORA-USDT
2021-09-30 08:00:00,1632960000000,5.9060000000,6.0040000000,5.8950000000,6.0030000000,24847.9852550000,147386.8917275170,147386.8917275170,1,DORA-USDT
2021-09-30 09:00:00,1632963600000,6.0000000000,6.0330000000,5.9030000000,5.9790000000,46584.6588500000,278077.3371845760,278077.3371845760,1,DORA-USDT
2021-09-30 10:00:00,1632967200000,5.9840000000,6.0250000000,5.9380000000,6.0170000000,30321.7711850000,181785.6792670780,181785.6792670780,1,DORA-USDT
2021-09-30 11:00:00,1632970800000,6.0190000000,6.0730000000,5.9830000000,6.0720000000,28103.9412260000,169057.8463251120,169057.8463251120,1,DORA-USDT
2021-09-30 12:00:00,1632974400000,6.0730000000,6.0990000000,6.0400000000,6.0490000000,25524.7109060000,154887.1187257390,154887.1187257390,1,DORA-USDT
2021-09-30 13:00:00,1632978000000,6.0480000000,6.0710000000,6.0170000000,6.0210000000,21872.7879890000,132158.8202444700,132158.8202444700,1,DORA-USDT
2021-09-30 14:00:00,1632981600000,6.0240000000,6.0360000000,6.0120000000,6.0130000000,9620.2083670000,57939.3265028350,57939.3265028350,1,DORA-USDT
2021-09-30 15:00:00,1632985200000,6.0130000000,6.0290000000,5.9700000000,5.9890000000,14757.5013320000,88658.1864442400,88658.1864442400,1,DORA-USDT
2021-09-30 16:00:00,1632988800000,5.9900000000,6.0260000000,5.9540000000,5.9820000000,26109.0824140000,156232.4012975680,156232.4012975680,1,DORA-USDT
2021-09-30 17:00:00,1632992400000,5.9820000000,6.0290000000,5.9770000000,6.0140000000,22168.6592310000,133149.5751893530,133149.5751893530,1,DORA-USDT
2021-09-30 18:00:00,1632996000000,6.0180000000,6.0280000000,5.9900000000,5.9960000000,19768.6300790000,118815.7821596850,118815.7821596850,1,DORA-USDT
2021-09-30 19:00:00,1632999600000,5.9950000000,6.0230000000,5.9900000000,5.9980000000,21967.8074180000,131967.1626775430,131967.1626775430,1,DORA-USDT
2021-09-30 20:00:00,1633003200000,5.9990000000,6.1240000000,5.9770000000,6.0400000000,47478.0587320000,287111.4837429630,287111.4837429630,1,DORA-USDT
2021-09-30 21:00:00,1633006800000,6.0400000000,6.0630000000,5.9910000000,6.0110000000,28868.3098720000,174094.0369409190,174094.0369409190,1,DORA-USDT
2021-09-30 22:00:00,1633010400000,6.0110000000,6.0110000000,5.9250000000,5.9530000000,31712.0276160000,188985.4463704280,188985.4463704280,1,DORA-USDT
2021-09-30 23:00:00,1633014000000,5.9550000000,6.0070000000,5.9330000000,5.9550000000,27706.3870320000,165497.9055176100,165497.9055176100,1,DORA-USDT
2021-10-01 00:00:00,1633017600000,5.9540000000,5.9610000000,5.6970000000,5.7140000000,50828.4971930000,295634.9195188780,295634.9195188780,1,DORA-USDT
2021-10-01 01:00:00,1633021200000,5.7130000000,5.8200000000,5.7040000000,5.7980000000,53798.8503960000,310457.9961347060,310457.9961347060,1,DORA-USDT
2021-10-01 02:00:00,1633024800000,5.7990000000,5.8480000000,5.7730000000,5.8370000000,31796.0534870000,184758.2029635610,184758.2029635610,1,DORA-USDT
2021-10-01 03:00:00,1633028400000,5.8370000000,5.8510000000,5.7700000000,5.7750000000,32130.8773560000,186901.4743754410,186901.4743754410,1,DORA-USDT
2021-10-01 04:00:00,1633032000000,5.7730000000,5.8070000000,5.7300000000,5.8030000000,28303.3594430000,163422.5617504560,163422.5617504560,1,DORA-USDT
2021-10-01 05:00:00,1633035600000,5.8060000000,5.8070000000,5.7440000000,5.7780000000,25796.5348670000,148916.1296190680,148916.1296190680,1,DORA-USDT
2021-10-01 06:00:00,1633039200000,5.7750000000,5.8260000000,5.7440000000,5.7910000000,25940.5290470000,150314.7064017310,150314.7064017310,1,DORA-USDT
2021-10-01 07:00:00,1633042800000,5.7900000000,5.8200000000,5.7740000000,5.8190000000,20815.1904110000,120530.6817144890,120530.6817144890,1,DORA-USDT
2021-10-01 08:00:00,1633046400000,5.8220000000,6.0680000000,5.8100000000,5.9760000000,63102.2726810000,374426.6725316500,374426.6725316500,1,DORA-USDT
2021-10-01 09:00:00,1633050000000,5.9810000000,6.0130000000,5.8900000000,6.0060000000,37311.6592070000,221447.6327207830,221447.6327207830,1,DORA-USDT
2021-10-01 10:00:00,1633053600000,6.0050000000,6.0140000000,5.9250000000,5.9260000000,19764.8409960000,118009.6752751570,118009.6752751570,1,DORA-USDT
2021-10-01 11:00:00,1633057200000,5.9290000000,5.9520000000,5.8890000000,5.9040000000,23580.9224080000,139575.3452880420,139575.3452880420,1,DORA-USDT
2021-10-01 12:00:00,1633060800000,5.9050000000,5.9120000000,5.8310000000,5.8500000000,28173.9257170000,165018.1990233280,165018.1990233280,1,DORA-USDT
2021-10-01 13:00:00,1633064400000,5.8510000000,5.9870000000,5.8300000000,5.9510000000,37465.6073790000,221433.5431094770,221433.5431094770,1,DORA-USDT
2021-10-01 14:00:00,1633068000000,5.9510000000,5.9680000000,5.9210000000,5.9360000000,23009.6158740000,136719.8898725770,136719.8898725770,1,DORA-USDT
2021-10-01 15:00:00,1633071600000,5.9370000000,6.0400000000,5.9270000000,6.0190000000,32389.7892110000,194311.5959177550,194311.5959177550,1,DORA-USDT
2021-10-01 16:00:00,1633075200000,6.0190000000,6.0920000000,6.0130000000,6.0620000000,28675.3964880000,173767.3263918860,173767.3263918860,1,DORA-USDT
2021-10-01 17:00:00,1633078800000,6.0630000000,6.0980000000,5.9540000000,5.9780000000,38829.4602610000,233855.1061217990,233855.1061217990,1,DORA-USDT
2021-10-01 18:00:00,1633082400000,5.9820000000,6.1530000000,5.8790000000,6.1100000000,60919.8330170000,365557.2037385680,365557.2037385680,1,DORA-USDT
2021-10-01 19:00:00,1633086000000,6.1100000000,6.2240000000,6.0150000000,6.1930000000,65666.9006910000,403766.2596011660,403766.2596011660,1,DORA-USDT
2021-10-01 20:00:00,1633089600000,6.1920000000,6.3230000000,6.1120000000,6.1510000000,76143.0353040000,472823.9702356320,472823.9702356320,1,DORA-USDT
2021-10-01 21:00:00,1633093200000,6.1520000000,6.2000000000,6.1130000000,6.1710000000,38431.0498290000,236251.8181005160,236251.8181005160,1,DORA-USDT
2021-10-01 22:00:00,1633096800000,6.1720000000,6.2060000000,6.0680000000,6.1260000000,41608.4398260000,255708.8537217540,255708.8537217540,1,DORA-USDT
2021-10-01 23:00:00,1633100400000,6.1260000000,6.2650000000,6.1170000000,6.2440000000,52877.4914110000,328779.1577746260,328779.1577746260,1,DORA-USDT
2021-10-02 00:00:00,1633104000000,6.2470000000,6.2750000000,6.1940000000,6.2250000000,30415.8871910000,189313.2087464470,189313.2087464470,1,DORA-USDT
2021-10-02 01:00:00,1633107600000,6.2250000000,6.3470000000,6.2220000000,6.3230000000,26607.4739320000,166959.7948403930,166959.7948403930,1,DORA-USDT
2021-10-02 02:00:00,1633111200000,6.3220000000,6.3500000000,6.1530000000,6.2860000000,67158.8173040000,420413.4901528440,420413.4901528440,1,DORA-USDT
2021-10-02 03:00:00,1633114800000,6.2820000000,6.4670000000,6.2800000000,6.3690000000,50525.6153690000,323178.2184746890,323178.2184746890,1,DORA-USDT
2021-10-02 04:00:00,1633118400000,6.3690000000,6.3710000000,6.2920000000,6.3050000000,26899.4160850000,170080.9797035700,170080.9797035700,1,DORA-USDT
2021-10-02 05:00:00,1633122000000,6.3060000000,6.3670000000,6.3040000000,6.3430000000,25354.3372520000,160791.4558613970,160791.4558613970,1,DORA-USDT
2021-10-02 06:00:00,1633125600000,6.3450000000,6.3480000000,6.2660000000,6.3180000000,26817.2350410000,169300.6374107300,169300.6374107300,1,DORA-USDT
2021-10-02 07:00:00,1633129200000,6.3170000000,6.3510000000,6.2450000000,6.2640000000,31210.0423500000,196228.0682785650,196228.0682785650,1,DORA-USDT
2021-10-02 08:00:00,1633132800000,6.2650000000,6.2780000000,6.1090000000,6.1550000000,40304.1171700000,248391.6818116520,248391.6818116520,1,DORA-USDT
2021-10-02 09:00:00,1633136400000,6.1530000000,6.2590000000,6.1420000000,6.2180000000,32198.6298930000,200138.1438606490,200138.1438606490,1,DORA-USDT
2021-10-02 10:00:00,1633140000000,6.2180000000,6.2830000000,6.2050000000,6.2630000000,25035.0434710000,156346.2723848570,156346.2723848570,1,DORA-USDT
2021-10-02 11:00:00,1633143600000,6.2640000000,6.2830000000,6.1980000000,6.2100000000,26201.2737400000,163558.2267656740,163558.2267656740,1,DORA-USDT
2021-10-02 12:00:00,1633147200000,6.2100000000,6.2120000000,6.1650000000,6.1840000000,16258.2389120000,100672.1762370400,100672.1762370400,1,DORA-USDT
2021-10-02 13:00:00,1633150800000,6.1840000000,6.2310000000,6.1690000000,6.1800000000,26041.0996300000,161302.1329683690,161302.1329683690,1,DORA-USDT
2021-10-02 14:00:00,1633154400000,6.1800000000,6.1970000000,6.1160000000,6.1330000000,44145.9705660000,271350.7253950550,271350.7253950550,1,DORA-USDT
2021-10-02 15:00:00,1633158000000,6.1280000000,6.1800000000,6.1140000000,6.1510000000,18960.2186760000,116329.7766288590,116329.7766288590,1,DORA-USDT
2021-10-02 16:00:00,1633161600000,6.1520000000,6.1590000000,6.1000000000,6.1410000000,28542.9249000000,174931.8581032240,174931.8581032240,1,DORA-USDT
2021-10-02 17:00:00,1633165200000,6.1420000000,6.2190000000,6.1420000000,6.1740000000,34086.7271480000,211135.8729236520,211135.8729236520,1,DORA-USDT
2021-10-02 18:00:00,1633168800000,6.1740000000,6.1980000000,6.1480000000,6.1650000000,21960.5758790000,135557.3012411480,135557.3012411480,1,DORA-USDT
2021-10-02 19:00:00,1633172400000,6.1690000000,6.1790000000,6.1150000000,6.1650000000,25569.9243020000,157135.0494222320,157135.0494222320,1,DORA-USDT
2021-10-02 20:00:00,1633176000000,6.1660000000,6.2040000000,6.1580000000,6.1870000000,20672.8977120000,127968.3618186750,127968.3618186750,1,DORA-USDT
2021-10-02 21:00:00,1633179600000,6.1880000000,6.3060000000,6.1400000000,6.2750000000,37055.1139600000,230468.1575237060,230468.1575237060,1,DORA-USDT
2021-10-02 22:00:00,1633183200000,6.2730000000,6.5000000000,6.2720000000,6.3310000000,73525.2175400000,467332.5867182470,467332.5867182470,1,DORA-USDT
2021-10-02 23:00:00,1633186800000,6.3340000000,6.4120000000,6.2600000000,6.3400000000,63076.5579550000,399667.3634715640,399667.3634715640,1,DORA-USDT
2021-10-03 00:00:00,1633190400000,6.3400000000,6.4200000000,6.2640000000,6.3040000000,62876.8331170000,397965.9158407310,397965.9158407310,1,DORA-USDT
2021-10-03 01:00:00,1633194000000,6.3070000000,6.3630000000,6.3060000000,6.3550000000,23788.8949980000,150719.4824255770,150719.4824255770,1,DORA-USDT
2021-10-03 02:00:00,1633197600000,6.3540000000,6.4200000000,6.3280000000,6.3640000000,36012.6349150000,229525.6927981750,229525.6927981750,1,DORA-USDT
2021-10-03 03:00:00,1633201200000,6.3650000000,6.3810000000,6.3000000000,6.3450000000,25033.8126390000,158816.5426016580,158816.5426016580,1,DORA-USDT
2021-10-03 04:00:00,1633204800000,6.3460000000,6.3500000000,6.2300000000,6.2920000000,20670.4327960000,130614.5581303120,130614.5581303120,1,DORA-USDT
2021-10-03 05:00:00,1633208400000,6.2930000000,6.3380000000,6.2880000000,6.3360000000,22312.9702720000,140960.9426776760,140960.9426776760,1,DORA-USDT
2021-10-03 06:00:00,1633212000000,6.3350000000,6.3420000000,6.2490000000,6.2540000000,20033.0936780000,126298.0767032150,126298.0767032150,1,DORA-USDT
2021-10-03 07:00:00,1633215600000,6.2550000000,6.2630000000,6.1880000000,6.2210000000,23461.3407520000,146089.9862014450,146089.9862014450,1,DORA-USDT
2021-10-03 08:00:00,1633219200000,6.2220000000,6.2360000000,6.0800000000,6.0810000000,33437.9719210000,206465.6562441910,206465.6562441910,1,DORA-USDT
2021-10-03 09:00:00,1633222800000,6.0810000000,6.1360000000,6.0220000000,6.1210000000,39164.8335220000,237971.8825872280,237971.8825872280,1,DORA-USDT
2021-10-03 10:00:00,1633226400000,6.1200000000,6.1830000000,6.1180000000,6.1570000000,27915.3988950000,171949.2630059380,171949.2630059380,1,DORA-USDT
2021-10-03 11:00:00,1633230000000,6.1590000000,6.1790000000,6.1250000000,6.1480000000,24471.2793090000,150543.1905852270,150543.1905852270,1,DORA-USDT
2021-10-03 12:00:00,1633233600000,6.1460000000,6.2290000000,6.1330000000,6.2290000000,25248.4920860000,156060.3143495310,156060.3143495310,1,DORA-USDT
2021-10-03 13:00:00,1633237200000,6.2310000000,6.2680000000,6.2100000000,6.2520000000,24391.0686190000,152241.9279818140,152241.9279818140,1,DORA-USDT
2021-10-03 14:00:00,1633240800000,6.2550000000,6.2620000000,6.1450000000,6.1720000000,31925.5165430000,197412.2810750830,197412.2810750830,1,DORA-USDT
2021-10-03 15:00:00,1633244400000,6.1690000000,6.1970000000,6.1500000000,6.1580000000,17820.8763330000,110086.1416118840,110086.1416118840,1,DORA-USDT
2021-10-03 16:00:00,1633248000000,6.1570000000,6.1750000000,6.1240000000,6.1640000000,24477.5729050000,150638.7158149640,150638.7158149640,1,DORA-USDT
2021-10-03 17:00:00,1633251600000,6.1630000000,6.2270000000,6.1530000000,6.2060000000,25010.9620340000,154826.2075467040,154826.2075467040,1,DORA-USDT
2021-10-03 18:00:00,1633255200000,6.2050000000,6.2050000000,6.1250000000,6.1770000000,19476.6203970000,120206.6558885410,120206.6558885410,1,DORA-USDT
2021-10-03 19:00:00,1633258800000,6.1760000000,6.2150000000,6.1300000000,6.1810000000,28129.1157990000,173824.9901491450,173824.9901491450,1,DORA-USDT
2021-10-03 20:00:00,1633262400000,6.1810000000,6.1820000000,6.1230000000,6.1720000000,22734.4759640000,139827.3625004550,139827.3625004550,1,DORA-USDT
2021-10-03 21:00:00,1633266000000,6.1720000000,6.5000000000,6.1710000000,6.4360000000,73295.3421750000,464367.3232089320,464367.3232089320,1,DORA-USDT
2021-10-03 22:00:00,1633269600000,6.4320000000,6.4390000000,6.2930000000,6.3300000000,51303.3884010000,326342.5960751880,326342.5960751880,1,DORA-USDT
2021-10-03 23:00:00,1633273200000,6.3310000000,6.3760000000,6.2540000000,6.3740000000,46855.3731290000,295546.6433388680,295546.6433388680,1,DORA-USDT
2021-10-04 00:00:00,1633276800000,6.3750000000,6.3760000000,6.3140000000,6.3620000000,22885.6368920000,145289.0842137990,145289.0842137990,1,DORA-USDT
2021-10-04 01:00:00,1633280400000,6.3560000000,6.5280000000,6.3550000000,6.4750000000,30749.5987890000,197645.2542209960,197645.2542209960,1,DORA-USDT
2021-10-04 02:00:00,1633284000000,6.4760000000,6.5080000000,6.4330000000,6.4470000000,17369.3368900000,112149.8450717880,112149.8450717880,1,DORA-USDT
2021-10-04 03:00:00,1633287600000,6.4460000000,6.5460000000,6.4290000000,6.5180000000,28366.4262420000,184106.4580599610,184106.4580599610,1,DORA-USDT
2021-10-04 04:00:00,1633291200000,6.5110000000,6.5270000000,6.3510000000,6.3650000000,37487.9276940000,241694.0435182780,241694.0435182780,1,DORA-USDT
2021-10-04 05:00:00,1633294800000,6.3650000000,6.3690000000,6.2730000000,6.2870000000,30151.0878150000,190020.5037324790,190020.5037324790,1,DORA-USDT
2021-10-04 06:00:00,1633298400000,6.2900000000,6.3190000000,6.2750000000,6.2960000000,22749.0158400000,143198.6264860050,143198.6264860050,1,DORA-USDT
2021-10-04 07:00:00,1633302000000,6.2950000000,6.4150000000,6.2900000000,6.4070000000,27417.3325590000,174421.6135018710,174421.6135018710,1,DORA-USDT
2021-10-04 08:00:00,1633305600000,6.4070000000,6.4270000000,6.3510000000,6.3520000000,25738.3471650000,164370.0844985990,164370.0844985990,1,DORA-USDT
2021-10-04 09:00:00,1633309200000,6.3520000000,6.3860000000,6.3410000000,6.3710000000,23493.1902420000,149540.2579744450,149540.2579744450,1,DORA-USDT
2021-10-04 10:00:00,1633312800000,6.3710000000,6.3790000000,6.2870000000,6.3040000000,22603.3030440000,143179.0214487210,143179.0214487210,1,DORA-USDT
2021-10-04 11:00:00,1633316400000,6.3060000000,6.3080000000,6.2450000000,6.2610000000,28141.9486420000,176402.1508948010,176402.1508948010,1,DORA-USDT
2021-10-04 12:00:00,1633320000000,6.2600000000,6.3030000000,6.2570000000,6.2960000000,29610.2473360000,185971.1004055120,185971.1004055120,1,DORA-USDT
2021-10-04 13:00:00,1633323600000,6.2950000000,6.3030000000,6.2520000000,6.2740000000,17907.3083890000,112459.3472295890,112459.3472295890,1,DORA-USDT
2021-10-04 14:00:00,1633327200000,6.2740000000,6.2750000000,6.2520000000,6.2630000000,17382.8889730000,108905.8357863040,108905.8357863040,1,DORA-USDT
2021-10-04 15:00:00,1633330800000,6.2620000000,6.3230000000,6.2530000000,6.2970000000,26167.6840990000,164424.5421760380,164424.5421760380,1,DORA-USDT
2021-10-04 16:00:00,1633334400000,6.2990000000,6.3230000000,6.2680000000,6.2910000000,17705.8269800000,111519.9234548670,111519.9234548670,1,DORA-USDT
2021-10-04 17:00:00,1633338000000,6.2920000000,6.3440000000,6.2850000000,6.3330000000,20673.2779770000,130513.9874847450,130513.9874847450,1,DORA-USDT
2021-10-04 18:00:00,1633341600000,6.3330000000,6.3380000000,6.3090000000,6.3240000000,20468.4713430000,129390.3292739080,129390.3292739080,1,DORA-USDT
2021-10-04 19:00:00,1633345200000,6.3240000000,6.3260000000,6.2930000000,6.3090000000,20353.4677200000,128368.6067688390,128368.6067688390,1,DORA-USDT
2021-10-04 20:00:00,1633348800000,6.3090000000,6.3400000000,6.2970000000,6.3350000000,18523.5453260000,117108.6598246370,117108.6598246370,1,DORA-USDT
2021-10-04 21:00:00,1633352400000,6.3340000000,6.4630000000,6.3300000000,6.4530000000,29895.3936700000,191289.6097663240,191289.6097663240,1,DORA-USDT
2021-10-04 22:00:00,1633356000000,6.4640000000,6.5100000000,6.3760000000,6.4020000000,36093.4053870000,231706.1261275620,231706.1261275620,1,DORA-USDT
2021-10-04 23:00:00,1633359600000,6.4020000000,6.4060000000,6.2540000000,6.3370000000,56159.0651400000,354590.1108783880,354590.1108783880,1,DORA-USDT
2021-10-05 00:00:00,1633363200000,6.3400000000,6.4110000000,6.3220000000,6.3890000000,31474.8201780000,200894.5609254160,200894.5609254160,1,DORA-USDT
2021-10-05 01:00:00,1633366800000,6.3890000000,6.4150000000,6.3100000000,6.3850000000,29876.4737070000,190434.1216615890,190434.1216615890,1,DORA-USDT
2021-10-05 02:00:00,1633370400000,6.3850000000,6.3880000000,6.3290000000,6.3420000000,23041.7704020000,146303.5865081560,146303.5865081560,1,DORA-USDT
2021-10-05 03:00:00,1633374000000,6.3420000000,6.3510000000,6.2940000000,6.3290000000,22732.4781780000,143719.9159787670,143719.9159787670,1,DORA-USDT
2021-10-05 04:00:00,1633377600000,6.3280000000,6.3360000000,6.2860000000,6.2880000000,25908.5611520000,163511.2318723480,163511.2318723480,1,DORA-USDT
2021-10-05 05:00:00,1633381200000,6.2880000000,6.3080000000,6.2730000000,6.2950000000,17452.2203090000,109805.1985063090,109805.1985063090,1,DORA-USDT
2021-10-05 06:00:00,1633384800000,6.2930000000,6.2980000000,6.2640000000,6.2810000000,24794.2725270000,155779.6742756690,155779.6742756690,1,DORA-USDT
2021-10-05 07:00:00,1633388400000,6.2810000000,6.3800000000,6.2790000000,6.3350000000,28984.9460190000,183374.5409191420,183374.5409191420,1,DORA-USDT
2021-10-05 08:00:00,1633392000000,6.3330000000,6.3500000000,6.2500000000,6.2720000000,37486.9951060000,235244.2992739710,235244.2992739710,1,DORA-USDT
2021-10-05 09:00:00,1633395600000,6.2770000000,6.3190000000,6.2680000000,6.3110000000,27515.6365280000,173183.8486210020,173183.8486210020,1,DORA-USDT
2021-10-05 10:00:00,1633399200000,6.3090000000,6.3520000000,6.2970000000,6.3190000000,28274.3529690000,178740.9352407370,178740.9352407370,1,DORA-USDT
2021-10-05 11:00:00,1633402800000,6.3190000000,6.3850000000,6.3160000000,6.3750000000,21740.3185120000,138193.2451113130,138193.2451113130,1,DORA-USDT
2021-10-05 12:00:00,1633406400000,6.3750000000,6.3820000000,6.3500000000,6.3660000000,21191.5395430000,134894.6882370150,134894.6882370150,1,DORA-USDT
2021-10-05 13:00:00,1633410000000,6.3690000000,6.5310000000,6.3580000000,6.5190000000,40904.9112940000,263939.6599658080,263939.6599658080,1,DORA-USDT
2021-10-05 14:00:00,1633413600000,6.5190000000,6.9940000000,6.5090000000,6.8270000000,115639.6018240000,786990.8903675200,786990.8903675200,1,DORA-USDT
2021-10-05 15:00:00,1633417200000,6.8260000000,7.0000000000,6.6790000000,6.7040000000,79227.5867240000,540885.6944511600,540885.6944511600,1,DORA-USDT
2021-10-05 16:00:00,1633420800000,6.7030000000,6.7680000000,6.6490000000,6.7530000000,40097.4697550000,269462.6201217980,269462.6201217980,1,DORA-USDT
2021-10-05 17:00:00,1633424400000,6.7550000000,6.9020000000,6.7170000000,6.8790000000,42356.4341610000,288111.1858147830,288111.1858147830,1,DORA-USDT
2021-10-05 18:00:00,1633428000000,6.8790000000,6.9230000000,6.6770000000,6.9090000000,65598.2833470000,447373.5091477610,447373.5091477610,1,DORA-USDT
2021-10-05 19:00:00,1633431600000,6.9080000000,6.9280000000,6.7900000000,6.8350000000,28767.6519030000,197343.7132532180,197343.7132532180,1,DORA-USDT
2021-10-05 20:00:00,1633435200000,6.8340000000,6.8690000000,6.7410000000,6.8280000000,47413.9192520000,322460.6948718740,322460.6948718740,1,DORA-USDT
2021-10-05 21:00:00,1633438800000,6.8300000000,6.8620000000,6.7730000000,6.8190000000,42549.1634900000,290253.5323855480,290253.5323855480,1,DORA-USDT
2021-10-05 22:00:00,1633442400000,6.8200000000,6.8400000000,6.6280000000,6.6440000000,53776.5252830000,361434.5853670480,361434.5853670480,1,DORA-USDT
2021-10-05 23:00:00,1633446000000,6.6430000000,6.7880000000,6.6220000000,6.6660000000,52238.4183710000,351394.7897126950,351394.7897126950,1,DORA-USDT
2021-10-06 00:00:00,1633449600000,6.6660000000,6.7040000000,6.5210000000,6.6440000000,63227.1139880000,418130.4112916440,418130.4112916440,1,DORA-USDT
2021-10-06 01:00:00,1633453200000,6.6430000000,6.7230000000,6.6280000000,6.6570000000,34719.3545000000,231604.3921891390,231604.3921891390,1,DORA-USDT
2021-10-06 02:00:00,1633456800000,6.6570000000,6.7560000000,6.6520000000,6.7330000000,32995.7731320000,221213.1016448270,221213.1016448270,1,DORA-USDT
2021-10-06 03:00:00,1633460400000,6.7320000000,6.8000000000,6.7000000000,6.7790000000,28102.8737230000,189489.4954080850,189489.4954080850,1,DORA-USDT
2021-10-06 04:00:00,1633464000000,6.7770000000,6.8600000000,6.7520000000,6.7900000000,31199.8458050000,211736.7274315650,211736.7274315650,1,DORA-USDT
2021-10-06 05:00:00,1633467600000,6.7900000000,6.8590000000,6.7450000000,6.7820000000,32598.7564340000,221241.8692548440,221241.8692548440,1,DORA-USDT
2021-10-06 06:00:00,1633471200000,6.7840000000,6.8250000000,6.7810000000,6.7990000000,23335.9660840000,158734.8608991270,158734.8608991270,1,DORA-USDT
2021-10-06 07:00:00,1633474800000,6.7970000000,6.8130000000,6.7710000000,6.7830000000,23074.6135300000,156777.3474065140,156777.3474065140,1,DORA-USDT
2021-10-06 08:00:00,1633478400000,6.7820000000,6.8130000000,6.7340000000,6.7600000000,30530.1785750000,206356.0831136130,206356.0831136130,1,DORA-USDT
2021-10-06 09:00:00,1633482000000,6.7570000000,6.7780000000,6.6910000000,6.7010000000,21772.4177390000,146402.1175616370,146402.1175616370,1,DORA-USDT
2021-10-06 10:00:00,1633485600000,6.7000000000,6.8030000000,6.6970000000,6.7000000000,34043.6135420000,229524.8874491780,229524.8874491780,1,DORA-USDT
2021-10-06 11:00:00,1633489200000,6.7010000000,6.7460000000,6.6910000000,6.7250000000,17819.8868840000,119759.1889898000,119759.1889898000,1,DORA-USDT
2021-10-06 12:00:00,1633492800000,6.7260000000,6.7630000000,6.6600000000,6.6750000000,27554.4417080000,184925.5267328000,184925.5267328000,1,DORA-USDT
2021-10-06 13:00:00,1633496400000,6.6760000000,6.6960000000,6.6040000000,6.6050000000,30891.4360390000,205268.2207525100,205268.2207525100,1,DORA-USDT
2021-10-06 14:00:00,1633500000000,6.6040000000,6.6400000000,6.5600000000,6.6010000000,31121.9459990000,205815.3793527580,205815.3793527580,1,DORA-USDT
2021-10-06 15:00:00,1633503600000,6.6010000000,6.6800000000,6.5250000000,6.5530000000,52594.1293670000,347067.3656874960,347067.3656874960,1,DORA-USDT
2021-10-06 16:00:00,1633507200000,6.5380000000,6.5450000000,6.2690000000,6.3500000000,52208.8078440000,333160.0499457430,333160.0499457430,1,DORA-USDT
2021-10-06 17:00:00,1633510800000,6.3510000000,6.3600000000,6.2800000000,6.3140000000,34116.1939400000,215282.5342970590,215282.5342970590,1,DORA-USDT
2021-10-06 18:00:00,1633514400000,6.3130000000,6.4440000000,6.2900000000,6.3940000000,41874.2542000000,266242.4383826370,266242.4383826370,1,DORA-USDT
2021-10-06 19:00:00,1633518000000,6.3920000000,6.4250000000,6.3820000000,6.4050000000,24513.3379950000,157075.1624307070,157075.1624307070,1,DORA-USDT
2021-10-06 20:00:00,1633521600000,6.4060000000,6.4920000000,6.3820000000,6.4180000000,37141.5809820000,239000.1400256260,239000.1400256260,1,DORA-USDT
2021-10-06 21:00:00,1633525200000,6.4190000000,6.5240000000,6.3910000000,6.4550000000,36880.6898480000,238219.7349525680,238219.7349525680,1,DORA-USDT
2021-10-06 22:00:00,1633528800000,6.4540000000,6.5460000000,6.3000000000,6.3990000000,75924.6558740000,490195.1610130970,490195.1610130970,1,DORA-USDT
2021-10-06 23:00:00,1633532400000,6.4000000000,6.6180000000,6.3990000000,6.4710000000,43291.3067660000,281458.0212606890,281458.0212606890,1,DORA-USDT
2021-10-07 00:00:00,1633536000000,6.4710000000,6.5150000000,6.4600000000,6.4950000000,34325.3612510000,222725.9619996000,222725.9619996000,1,DORA-USDT
2021-10-07 01:00:00,1633539600000,6.4960000000,6.5180000000,6.4480000000,6.5090000000,22100.6634320000,143246.4920740250,143246.4920740250,1,DORA-USDT
2021-10-07 02:00:00,1633543200000,6.5090000000,6.5150000000,6.4680000000,6.4820000000,20976.9409780000,136206.8563455600,136206.8563455600,1,DORA-USDT
2021-10-07 03:00:00,1633546800000,6.4840000000,6.5150000000,6.4760000000,6.5050000000,17646.1456230000,114706.6690407200,114706.6690407200,1,DORA-USDT
2021-10-07 04:00:00,1633550400000,6.5040000000,6.5680000000,6.4880000000,6.4990000000,38795.6657690000,253279.1908256990,253279.1908256990,1,DORA-USDT
2021-10-07 05:00:00,1633554000000,6.4950000000,6.5470000000,6.4790000000,6.5030000000,32122.3872120000,208854.9278267770,208854.9278267770,1,DORA-USDT
2021-10-07 06:00:00,1633557600000,6.5030000000,6.5060000000,6.4680000000,6.4750000000,11433.4297250000,74099.3746678590,74099.3746678590,1,DORA-USDT
2021-10-07 07:00:00,1633561200000,6.4750000000,6.5310000000,6.4600000000,6.4690000000,39171.0125900000,254378.3434770130,254378.3434770130,1,DORA-USDT
2021-10-07 08:00:00,1633564800000,6.4690000000,6.4690000000,6.3120000000,6.3910000000,44892.5249780000,286790.7657186040,286790.7657186040,1,DORA-USDT
2021-10-07 09:00:00,1633568400000,6.3910000000,6.3910000000,6.2480000000,6.3550000000,51617.2539460000,326296.4164617750,326296.4164617750,1,DORA-USDT
2021-10-07 10:00:00,1633572000000,6.3550000000,6.3950000000,6.3460000000,6.3930000000,21344.6560230000,136011.9902773640,136011.9902773640,1,DORA-USDT
2021-10-07 11:00:00,1633575600000,6.3940000000,6.3940000000,6.2660000000,6.3000000000,32860.3513430000,207604.4375590810,207604.4375590810,1,DORA-USDT
2021-10-07 12:00:00,1633579200000,6.3000000000,6.4150000000,6.2850000000,6.3500000000,33987.9510000000,215693.3170315830,215693.3170315830,1,DORA-USDT
2021-10-07 13:00:00,1633582800000,6.3490000000,6.3730000000,6.2860000000,6.3290000000,30184.3271210000,190817.9842223600,190817.9842223600,1,DORA-USDT
2021-10-07 14:00:00,1633586400000,6.3300000000,6.3560000000,6.3180000000,6.3410000000,17630.4924150000,111733.7140781650,111733.7140781650,1,DORA-USDT
2021-10-07 15:00:00,1633590000000,6.3370000000,6.4330000000,6.3300000000,6.4200000000,28297.4870580000,180172.5128150180,180172.5128150180,1,DORA-USDT
2021-10-07 16:00:00,1633593600000,6.4190000000,6.6000000000,6.4050000000,6.5780000000,41576.2274230000,270207.2261002010,270207.2261002010,1,DORA-USDT
2021-10-07 17:00:00,1633597200000,6.5790000000,6.8160000000,6.5770000000,6.7750000000,45012.9059290000,301102.8105395860,301102.8105395860,1,DORA-USDT
2021-10-07 18:00:00,1633600800000,6.7760000000,6.7770000000,6.4840000000,6.5090000000,47347.4176440000,313760.3756386740,313760.3756386740,1,DORA-USDT
2021-10-07 19:00:00,1633604400000,6.5090000000,6.6810000000,6.5080000000,6.6730000000,27180.2554910000,178847.9847247300,178847.9847247300,1,DORA-USDT
2021-10-07 20:00:00,1633608000000,6.6730000000,6.6750000000,6.4450000000,6.4480000000,55960.9018390000,367530.8358046540,367530.8358046540,1,DORA-USDT
2021-10-07 21:00:00,1633611600000,6.4470000000,6.5460000000,6.4430000000,6.5460000000,28718.5452990000,186097.9057840500,186097.9057840500,1,DORA-USDT
2021-10-07 22:00:00,1633615200000,6.5430000000,6.6150000000,6.4000000000,6.4350000000,54982.3628990000,357500.5503164970,357500.5503164970,1,DORA-USDT
2021-10-07 23:00:00,1633618800000,6.4390000000,6.5030000000,6.4200000000,6.4600000000,31972.5794360000,206507.1429703270,206507.1429703270,1,DORA-USDT
2021-10-08 00:00:00,1633622400000,6.4610000000,6.4700000000,6.3250000000,6.3690000000,55325.7582220000,353660.1199804890,353660.1199804890,1,DORA-USDT
2021-10-08 01:00:00,1633626000000,6.3700000000,6.3740000000,6.2560000000,6.3320000000,55489.2128510000,350721.4861440230,350721.4861440230,1,DORA-USDT
2021-10-08 02:00:00,1633629600000,6.3320000000,6.3500000000,6.2200000000,6.3310000000,55317.6953430000,348732.5641590610,348732.5641590610,1,DORA-USDT
2021-10-08 03:00:00,1633633200000,6.3300000000,6.3970000000,6.2840000000,6.3900000000,51151.7556820000,324316.2969449630,324316.2969449630,1,DORA-USDT
2021-10-08 04:00:00,1633636800000,6.3910000000,6.3990000000,6.3360000000,6.3850000000,34763.7995740000,221737.8368245910,221737.8368245910,1,DORA-USDT
2021-10-08 05:00:00,1633640400000,6.3840000000,6.3990000000,6.3490000000,6.3610000000,25745.5966060000,164145.4715094920,164145.4715094920,1,DORA-USDT
2021-10-08 06:00:00,1633644000000,6.3610000000,6.3820000000,6.2500000000,6.2910000000,39224.1529250000,247544.0530213220,247544.0530213220,1,DORA-USDT
2021-10-08 07:00:00,1633647600000,6.2900000000,6.3000000000,6.2100000000,6.2190000000,19144.5140840000,119563.4081393300,119563.4081393300,1,DORA-USDT
2021-10-08 08:00:00,1633651200000,6.2170000000,6.3130000000,6.2150000000,6.2930000000,26055.1698960000,163718.8697536070,163718.8697536070,1,DORA-USDT
2021-10-08 09:00:00,1633654800000,6.2940000000,6.4790000000,6.2870000000,6.4480000000,52902.1762570000,338017.0414339040,338017.0414339040,1,DORA-USDT
2021-10-08 10:00:00,1633658400000,6.4470000000,6.4620000000,6.2830000000,6.3240000000,30634.3725810000,194952.8368569400,194952.8368569400,1,DORA-USDT
2021-10-08 11:00:00,1633662000000,6.3250000000,6.3910000000,6.2700000000,6.3800000000,34106.3623410000,215840.4422994100,215840.4422994100,1,DORA-USDT
2021-10-08 12:00:00,1633665600000,6.3810000000,6.3990000000,6.3480000000,6.3610000000,21445.0544320000,136577.4995044250,136577.4995044250,1,DORA-USDT
2021-10-08 13:00:00,1633669200000,6.3600000000,6.5710000000,6.2970000000,6.5470000000,51316.3538690000,329915.5784647490,329915.5784647490,1,DORA-USDT
2021-10-08 14:00:00,1633672800000,6.5490000000,6.6220000000,6.3890000000,6.4880000000,77107.8971730000,501565.3220397400,501565.3220397400,1,DORA-USDT
2021-10-08 15:00:00,1633676400000,6.4860000000,6.5290000000,6.3880000000,6.4920000000,70985.7766760000,458829.9927597180,458829.9927597180,1,DORA-USDT
2021-10-08 16:00:00,1633680000000,6.4920000000,6.5560000000,6.4770000000,6.5250000000,32445.3544540000,211879.7072090410,211879.7072090410,1,DORA-USDT
2021-10-08 17:00:00,1633683600000,6.5260000000,6.5880000000,6.4690000000,6.4730000000,40769.0936450000,265474.0869670450,265474.0869670450,1,DORA-USDT
2021-10-08 18:00:00,1633687200000,6.4730000000,6.5880000000,6.4590000000,6.4860000000,26346.0180120000,170880.7120151750,170880.7120151750,1,DORA-USDT
2021-10-08 19:00:00,1633690800000,6.4840000000,6.4970000000,6.4390000000,6.4470000000,20380.1453240000,131924.2671070130,131924.2671070130,1,DORA-USDT
2021-10-08 20:00:00,1633694400000,6.4490000000,6.5030000000,6.3310000000,6.3750000000,41170.6674760000,264040.4899357610,264040.4899357610,1,DORA-USDT
2021-10-08 21:00:00,1633698000000,6.3730000000,6.4490000000,6.3500000000,6.4110000000,47622.7342700000,304780.9731309340,304780.9731309340,1,DORA-USDT
2021-10-08 22:00:00,1633701600000,6.4060000000,6.5570000000,6.3800000000,6.5280000000,52527.8904840000,341027.2973331260,341027.2973331260,1,DORA-USDT
2021-10-08 23:00:00,1633705200000,6.5280000000,6.5560000000,6.4430000000,6.5130000000,56152.0409320000,365124.4357903360,365124.4357903360,1,DORA-USDT
2021-10-09 00:00:00,1633708800000,6.5140000000,6.5170000000,6.4470000000,6.4710000000,37587.1321990000,243860.3269410590,243860.3269410590,1,DORA-USDT
2021-10-09 01:00:00,1633712400000,6.4710000000,6.4780000000,6.4260000000,6.4520000000,24068.2644160000,155311.7391243840,155311.7391243840,1,DORA-USDT
2021-10-09 02:00:00,1633716000000,6.4510000000,6.4970000000,6.4510000000,6.4770000000,17015.3365650000,110140.8531432740,110140.8531432740,1,DORA-USDT
2021-10-09 03:00:00,1633719600000,6.4800000000,6.4970000000,6.4650000000,6.4790000000,23584.2351270000,152733.2337116680,152733.2337116680,1,DORA-USDT
2021-10-09 04:00:00,1633723200000,6.4790000000,6.4960000000,6.3500000000,6.3580000000,30687.8935720000,197073.9518873480,197073.9518873480,1,DORA-USDT
2021-10-09 05:00:00,1633726800000,6.3600000000,6.4080000000,6.3530000000,6.3570000000,26348.1357590000,168053.2798843270,168053.2798843270,1,DORA-USDT
2021-10-09 06:00:00,1633730400000,6.3570000000,6.4180000000,6.3490000000,6.3850000000,31702.5781620000,202341.8612857120,202341.8612857120,1,DORA-USDT
2021-10-09 07:00:00,1633734000000,6.3870000000,6.3880000000,6.3120000000,6.3620000000,24510.0455760000,155727.3872555990,155727.3872555990,1,DORA-USDT
2021-10-09 08:00:00,1633737600000,6.3830000000,6.5170000000,6.3150000000,6.4510000000,52289.1200030000,336254.4412570350,336254.4412570350,1,DORA-USDT
2021-10-09 09:00:00,1633741200000,6.4490000000,6.4620000000,6.3500000000,6.3600000000,25983.6658090000,166345.4125277890,166345.4125277890,1,DORA-USDT
2021-10-09 10:00:00,1633744800000,6.3670000000,6.6120000000,6.2310000000,6.2780000000,49848.3959430000,313957.0128840310,313957.0128840310,1,DORA-USDT
2021-10-09 11:00:00,1633748400000,6.2820000000,6.3640000000,6.2650000000,6.3320000000,31940.8728190000,202078.3258598420,202078.3258598420,1,DORA-USDT
2021-10-09 12:00:00,1633752000000,6.3210000000,6.3460000000,6.2500000000,6.2540000000,35743.9167170000,225236.4798334620,225236.4798334620,1,DORA-USDT
2021-10-09 13:00:00,1633755600000,6.2540000000,6.3250000000,6.1980000000,6.2880000000,28962.2383920000,181666.4372310070,181666.4372310070,1,DORA-USDT
2021-10-09 14:00:00,1633759200000,6.2890000000,6.3540000000,6.2750000000,6.3020000000,33255.5671760000,210231.2091967010,210231.2091967010,1,DORA-USDT
2021-10-09 15:00:00,1633762800000,6.3020000000,6.3570000000,6.2680000000,6.3130000000,32577.9506650000,205631.1821026340,205631.1821026340,1,DORA-USDT
2021-10-09 16:00:00,1633766400000,6.3140000000,6.3150000000,6.2570000000,6.2780000000,14278.7532420000,89744.0290375100,89744.0290375100,1,DORA-USDT
2021-10-09 17:00:00,1633770000000,6.2770000000,6.2850000000,6.2600000000,6.2850000000,18014.2418520000,113069.5652319800,113069.5652319800,1,DORA-USDT
2021-10-09 18:00:00,1633773600000,6.2840000000,6.3300000000,6.2800000000,6.3220000000,33329.0631570000,210272.9372164300,210272.9372164300,1,DORA-USDT
2021-10-09 19:00:00,1633777200000,6.3220000000,6.3340000000,6.2950000000,6.3080000000,15702.0044750000,99251.0575596170,99251.0575596170,1,DORA-USDT
2021-10-09 20:00:00,1633780800000,6.3070000000,6.3590000000,6.2920000000,6.3560000000,21539.9515960000,136273.5576037680,136273.5576037680,1,DORA-USDT
2021-10-09 21:00:00,1633784400000,6.3560000000,6.4610000000,6.2230000000,6.3260000000,55942.1809030000,355764.2159403820,355764.2159403820,1,DORA-USDT
2021-10-09 22:00:00,1633788000000,6.3270000000,6.3480000000,6.2630000000,6.3050000000,39992.0727760000,252424.9602602590,252424.9602602590,1,DORA-USDT
2021-10-09 23:00:00,1633791600000,6.3070000000,6.5760000000,6.2900000000,6.2920000000,59212.3699690000,377679.3301728220,377679.3301728220,1,DORA-USDT
2021-10-10 00:00:00,1633795200000,6.2990000000,6.4060000000,6.2990000000,6.3670000000,38559.6596000000,245314.0389561060,245314.0389561060,1,DORA-USDT
2021-10-10 01:00:00,1633798800000,6.3670000000,6.8000000000,6.3570000000,6.6380000000,126121.1320980000,833336.0710121749,833336.0710121749,1,DORA-USDT
2021-10-10 02:00:00,1633802400000,6.6390000000,6.6390000000,6.5430000000,6.5660000000,25967.2472890000,170681.9665364030,170681.9665364030,1,DORA-USDT
2021-10-10 03:00:00,1633806000000,6.5670000000,6.5680000000,6.4970000000,6.5110000000,15914.4745420000,103934.0231806600,103934.0231806600,1,DORA-USDT
2021-10-10 04:00:00,1633809600000,6.5100000000,6.5100000000,6.3880000000,6.3990000000,42871.4599450000,275911.3598764280,275911.3598764280,1,DORA-USDT
2021-10-10 05:00:00,1633813200000,6.4000000000,6.5760000000,6.3270000000,6.4520000000,38441.1608150000,246556.0998936470,246556.0998936470,1,DORA-USDT
2021-10-10 06:00:00,1633816800000,6.4520000000,6.4980000000,6.3110000000,6.3430000000,34527.2640600000,220740.0847174090,220740.0847174090,1,DORA-USDT
2021-10-10 07:00:00,1633820400000,6.3420000000,6.3800000000,6.3110000000,6.3340000000,28806.6529840000,182514.7221563150,182514.7221563150,1,DORA-USDT
2021-10-10 08:00:00,1633824000000,6.3350000000,6.3490000000,6.2660000000,6.2950000000,27553.9377490000,173868.1877263500,173868.1877263500,1,DORA-USDT
2021-10-10 09:00:00,1633827600000,6.2950000000,6.3600000000,6.2390000000,6.2550000000,36915.8885460000,232455.5221524920,232455.5221524920,1,DORA-USDT
2021-10-10 10:00:00,1633831200000,6.2530000000,6.4000000000,6.2390000000,6.3810000000,40885.5361740000,258579.9446022510,258579.9446022510,1,DORA-USDT
2021-10-10 11:00:00,1633834800000,6.3780000000,6.4820000000,6.2630000000,6.4300000000,61132.0744140000,389642.5638044530,389642.5638044530,1,DORA-USDT
2021-10-10 12:00:00,1633838400000,6.4290000000,6.5700000000,6.3510000000,6.5680000000,48752.1126760000,314691.9011323010,314691.9011323010,1,DORA-USDT
2021-10-10 13:00:00,1633842000000,6.5670000000,6.5710000000,6.4790000000,6.5020000000,50615.5590570000,329952.9871106000,329952.9871106000,1,DORA-USDT
2021-10-10 14:00:00,1633845600000,6.5020000000,6.5230000000,6.4410000000,6.4980000000,26761.1137080000,173497.1537873030,173497.1537873030,1,DORA-USDT
2021-10-10 15:00:00,1633849200000,6.5000000000,6.6270000000,6.4420000000,6.4510000000,60659.4905070000,395540.3660122310,395540.3660122310,1,DORA-USDT
2021-10-10 16:00:00,1633852800000,6.4510000000,6.5750000000,6.4400000000,6.5220000000,45418.4857480000,296134.2390595070,296134.2390595070,1,DORA-USDT
2021-10-10 17:00:00,1633856400000,6.5210000000,6.5250000000,6.3870000000,6.5190000000,43882.7327460000,282985.9187293840,282985.9187293840,1,DORA-USDT
2021-10-10 18:00:00,1633860000000,6.5220000000,6.5290000000,6.4150000000,6.4660000000,29884.9229370000,192983.8564720990,192983.8564720990,1,DORA-USDT
2021-10-10 19:00:00,1633863600000,6.4670000000,6.5140000000,6.4560000000,6.5130000000,22966.8440620000,148830.1639850410,148830.1639850410,1,DORA-USDT
2021-10-10 20:00:00,1633867200000,6.5130000000,6.5600000000,6.4400000000,6.4550000000,43326.7494060000,281751.2573342850,281751.2573342850,1,DORA-USDT
2021-10-10 21:00:00,1633870800000,6.4580000000,6.6230000000,6.4430000000,6.5380000000,41811.7162560000,273519.7304666300,273519.7304666300,1,DORA-USDT
2021-10-10 22:00:00,1633874400000,6.5370000000,7.0540000000,6.5360000000,6.7420000000,114193.0652220000,773857.4404063970,773857.4404063970,1,DORA-USDT
2021-10-10 23:00:00,1633878000000,6.7430000000,6.7610000000,6.6580000000,6.7150000000,49408.1842940000,331408.7241939660,331408.7241939660,1,DORA-USDT
2021-10-11 00:00:00,1633881600000,6.7120000000,6.8780000000,6.4870000000,6.5210000000,89703.7332650000,600274.9938649720,600274.9938649720,1,DORA-USDT
2021-10-11 01:00:00,1633885200000,6.5230000000,6.5660000000,6.4320000000,6.5350000000,47067.5143430000,306096.8380402490,306096.8380402490,1,DORA-USDT
2021-10-11 02:00:00,1633888800000,6.5370000000,6.6200000000,6.4900000000,6.5690000000,44715.9528510000,293465.5422970610,293465.5422970610,1,DORA-USDT
2021-10-11 03:00:00,1633892400000,6.5710000000,6.5730000000,6.4210000000,6.4850000000,45775.7130600000,296585.0470860890,296585.0470860890,1,DORA-USDT
2021-10-11 04:00:00,1633896000000,6.4850000000,6.6170000000,6.4750000000,6.5170000000,43657.2648150000,285714.2346472150,285714.2346472150,1,DORA-USDT
2021-10-11 05:00:00,1633899600000,6.5170000000,6.5170000000,6.4400000000,6.4680000000,41950.0281480000,271316.6741531010,271316.6741531010,1,DORA-USDT
2021-10-11 06:00:00,1633903200000,6.4650000000,6.5180000000,6.4170000000,6.5130000000,38545.9147480000,249262.4389258100,249262.4389258100,1,DORA-USDT
2021-10-11 07:00:00,1633906800000,6.5150000000,6.5480000000,6.4410000000,6.4610000000,37258.5254660000,241914.3427232990,241914.3427232990,1,DORA-USDT
2021-10-11 08:00:00,1633910400000,6.4600000000,6.5960000000,6.4000000000,6.4920000000,50595.0188180000,326901.7486093510,326901.7486093510,1,DORA-USDT
2021-10-11 09:00:00,1633914000000,6.4940000000,6.4950000000,6.4000000000,6.4580000000,49205.6620080000,317858.5387577600,317858.5387577600,1,DORA-USDT
2021-10-11 10:00:00,1633917600000,6.4610000000,6.5820000000,6.4460000000,6.5730000000,40663.1167640000,264440.3134208540,264440.3134208540,1,DORA-USDT
2021-10-11 11:00:00,1633921200000,6.5750000000,6.5810000000,6.3560000000,6.3820000000,68675.8456210000,444771.7191960860,444771.7191960860,1,DORA-USDT
2021-10-11 12:00:00,1633924800000,6.3830000000,6.5130000000,6.3790000000,6.4990000000,31288.5886500000,201972.5273231980,201972.5273231980,1,DORA-USDT
2021-10-11 13:00:00,1633928400000,6.5010000000,6.5400000000,6.4200000000,6.4920000000,34357.8955960000,222262.8547985570,222262.8547985570,1,DORA-USDT
2021-10-11 14:00:00,1633932000000,6.4920000000,6.5380000000,6.2620000000,6.3380000000,50025.8735790000,321147.2097807600,321147.2097807600,1,DORA-USDT
2021-10-11 15:00:00,1633935600000,6.3390000000,6.3840000000,6.2750000000,6.3770000000,37892.1062100000,239924.4482334840,239924.4482334840,1,DORA-USDT
2021-10-11 16:00:00,1633939200000,6.3750000000,6.4700000000,6.3730000000,6.4330000000,27930.7561620000,179611.1548573710,179611.1548573710,1,DORA-USDT
2021-10-11 17:00:00,1633942800000,6.4350000000,6.5290000000,6.3720000000,6.3940000000,39799.1135640000,256080.7836946240,256080.7836946240,1,DORA-USDT
2021-10-11 18:00:00,1633946400000,6.3920000000,6.5350000000,6.3500000000,6.3840000000,61843.9820470000,396369.7179921220,396369.7179921220,1,DORA-USDT
2021-10-11 19:00:00,1633950000000,6.3820000000,6.3910000000,6.2950000000,6.3280000000,29212.6416750000,185319.6619152440,185319.6619152440,1,DORA-USDT
2021-10-11 20:00:00,1633953600000,6.3260000000,6.4880000000,6.2920000000,6.3260000000,39029.7270340000,247121.5327609800,247121.5327609800,1,DORA-USDT
2021-10-11 21:00:00,1633957200000,6.3250000000,6.6050000000,6.3210000000,6.5240000000,67836.4645690000,440046.2864401750,440046.2864401750,1,DORA-USDT
2021-10-11 22:00:00,1633960800000,6.5230000000,6.5330000000,6.3630000000,6.4890000000,50505.5409390000,326590.5126900490,326590.5126900490,1,DORA-USDT
2021-10-11 23:00:00,1633964400000,6.4870000000,6.5550000000,6.4080000000,6.5190000000,60065.9226010000,388863.7295806920,388863.7295806920,1,DORA-USDT
2021-10-12 00:00:00,1633968000000,6.5200000000,6.5290000000,6.3500000000,6.4360000000,54641.0839500000,351365.6573424760,351365.6573424760,1,DORA-USDT
2021-10-12 01:00:00,1633971600000,6.4290000000,6.4540000000,6.3800000000,6.4040000000,26416.7846930000,169524.9029218240,169524.9029218240,1,DORA-USDT
2021-10-12 02:00:00,1633975200000,6.4010000000,6.4320000000,6.3380000000,6.3990000000,31705.5009030000,202706.0907422760,202706.0907422760,1,DORA-USDT
2021-10-12 03:00:00,1633978800000,6.3970000000,6.4740000000,6.3300000000,6.3630000000,49009.9647050000,314334.1163482720,314334.1163482720,1,DORA-USDT
2021-10-12 04:00:00,1633982400000,6.3610000000,6.4060000000,6.3000000000,6.3810000000,36741.3059510000,233872.6784906030,233872.6784906030,1,DORA-USDT
2021-10-12 05:00:00,1633986000000,6.3820000000,6.4520000000,6.3600000000,6.4350000000,31803.4643070000,204088.7919985320,204088.7919985320,1,DORA-USDT
2021-10-12 06:00:00,1633989600000,6.4340000000,6.5150000000,6.4030000000,6.4120000000,35808.6429710000,231125.4882084340,231125.4882084340,1,DORA-USDT
2021-10-12 07:00:00,1633993200000,6.4100000000,6.4780000000,6.3840000000,6.4730000000,23097.2029200000,148542.0420091640,148542.0420091640,1,DORA-USDT
2021-10-12 08:00:00,1633996800000,6.4740000000,6.4780000000,6.3540000000,6.3950000000,40082.3376320000,256756.1882853900,256756.1882853900,1,DORA-USDT
2021-10-12 09:00:00,1634000400000,6.3950000000,6.4100000000,6.3340000000,6.3410000000,17584.2827300000,112124.6199922730,112124.6199922730,1,DORA-USDT
2021-10-12 10:00:00,1634004000000,6.3410000000,6.3420000000,6.2710000000,6.2830000000,16813.1173220000,105986.6450077560,105986.6450077560,1,DORA-USDT
2021-10-12 11:00:00,1634007600000,6.2830000000,6.2860000000,6.1230000000,6.1950000000,52701.4067160000,326804.8564837560,326804.8564837560,1,DORA-USDT
2021-10-12 12:00:00,1634011200000,6.1940000000,6.2130000000,6.1500000000,6.1980000000,36307.7412310000,224506.7740587450,224506.7740587450,1,DORA-USDT
2021-10-12 13:00:00,1634014800000,6.1990000000,6.2510000000,6.1510000000,6.1820000000,40306.4237360000,249622.3155612500,249622.3155612500,1,DORA-USDT
2021-10-12 14:00:00,1634018400000,6.1830000000,6.2650000000,6.1290000000,6.1880000000,58141.1069600000,359985.1683830960,359985.1683830960,1,DORA-USDT
2021-10-12 15:00:00,1634022000000,6.1870000000,6.2050000000,6.1300000000,6.1400000000,40418.3372440000,248740.9402803060,248740.9402803060,1,DORA-USDT
2021-10-12 16:00:00,1634025600000,6.1400000000,6.2030000000,6.1330000000,6.1780000000,22498.1368920000,138903.7483333920,138903.7483333920,1,DORA-USDT
2021-10-12 17:00:00,1634029200000,6.1600000000,6.1670000000,6.0760000000,6.0990000000,23276.7163280000,142669.7895479270,142669.7895479270,1,DORA-USDT
2021-10-12 18:00:00,1634032800000,6.0970000000,6.2050000000,6.0730000000,6.1540000000,45689.7251550000,280451.4797820640,280451.4797820640,1,DORA-USDT
2021-10-12 19:00:00,1634036400000,6.1520000000,6.1880000000,6.1000000000,6.1800000000,28282.6871190000,173722.3887739360,173722.3887739360,1,DORA-USDT
2021-10-12 20:00:00,1634040000000,6.1800000000,6.1860000000,6.0530000000,6.0850000000,28790.1292380000,176524.7491477980,176524.7491477980,1,DORA-USDT
2021-10-12 21:00:00,1634043600000,6.0860000000,6.3410000000,6.0850000000,6.2940000000,54871.2809220000,341032.1105853070,341032.1105853070,1,DORA-USDT
2021-10-12 22:00:00,1634047200000,6.2950000000,6.3360000000,6.1040000000,6.1470000000,45037.6705560000,280556.7613906770,280556.7613906770,1,DORA-USDT
2021-10-12 23:00:00,1634050800000,6.1470000000,6.1960000000,6.1290000000,6.1840000000,25055.9081920000,154403.7813388550,154403.7813388550,1,DORA-USDT
2021-10-13 00:00:00,1634054400000,6.1840000000,6.2990000000,6.1740000000,6.2720000000,30742.7606750000,191713.3729481480,191713.3729481480,1,DORA-USDT
2021-10-13 01:00:00,1634058000000,6.2700000000,6.2790000000,6.1710000000,6.1890000000,26497.8965040000,164619.4954617820,164619.4954617820,1,DORA-USDT
2021-10-13 02:00:00,1634061600000,6.1880000000,6.2990000000,6.1860000000,6.2450000000,30438.5407960000,189568.5645060920,189568.5645060920,1,DORA-USDT
2021-10-13 03:00:00,1634065200000,6.2420000000,6.3010000000,6.2200000000,6.2390000000,26842.9620820000,168144.8936310610,168144.8936310610,1,DORA-USDT
2021-10-13 04:00:00,1634068800000,6.2390000000,6.3300000000,6.1700000000,6.2290000000,51335.6773860000,320813.4135383260,320813.4135383260,1,DORA-USDT
2021-10-13 05:00:00,1634072400000,6.2290000000,6.3050000000,6.1930000000,6.2200000000,41072.2559630000,255897.5425954720,255897.5425954720,1,DORA-USDT
2021-10-13 06:00:00,1634076000000,6.2220000000,6.2690000000,6.2100000000,6.2370000000,30365.8244050000,189511.2450371660,189511.2450371660,1,DORA-USDT
2021-10-13 07:00:00,1634079600000,6.2380000000,6.2420000000,6.2010000000,6.2090000000,24218.5706030000,150496.3455778500,150496.3455778500,1,DORA-USDT
2021-10-13 08:00:00,1634083200000,6.2080000000,6.2390000000,6.1790000000,6.2050000000,22563.2410800000,139942.7291050870,139942.7291050870,1,DORA-USDT
2021-10-13 09:00:00,1634086800000,6.2050000000,6.2270000000,6.1410000000,6.1540000000,21053.6110040000,130383.3543008080,130383.3543008080,1,DORA-USDT
2021-10-13 10:00:00,1634090400000,6.1520000000,6.2100000000,6.0250000000,6.0670000000,42673.8066310000,261168.1425899360,261168.1425899360,1,DORA-USDT
2021-10-13 11:00:00,1634094000000,6.0680000000,6.1860000000,6.0250000000,6.1600000000,39593.6261560000,241350.1908394350,241350.1908394350,1,DORA-USDT
2021-10-13 12:00:00,1634097600000,6.1610000000,6.1610000000,6.0330000000,6.1370000000,44634.4320760000,272914.6800793780,272914.6800793780,1,DORA-USDT
2021-10-13 13:00:00,1634101200000,6.1360000000,6.1440000000,5.7010000000,5.7230000000,84573.4994530000,499245.3121896150,499245.3121896150,1,DORA-USDT
2021-10-13 14:00:00,1634104800000,5.7230000000,5.8500000000,5.7090000000,5.8440000000,44749.4762330000,259531.3404280350,259531.3404280350,1,DORA-USDT
2021-10-13 15:00:00,1634108400000,5.8440000000,5.8680000000,5.7520000000,5.7720000000,50535.3862680000,293381.5160527670,293381.5160527670,1,DORA-USDT
2021-10-13 16:00:00,1634112000000,5.7730000000,5.8670000000,5.7220000000,5.7420000000,41064.5292430000,237617.9344317340,237617.9344317340,1,DORA-USDT
2021-10-13 17:00:00,1634115600000,5.7420000000,5.8500000000,5.7200000000,5.8240000000,44485.7645060000,257564.5414573620,257564.5414573620,1,DORA-USDT
2021-10-13 18:00:00,1634119200000,5.8260000000,5.8760000000,5.8080000000,5.8190000000,21009.4564660000,122500.3277263430,122500.3277263430,1,DORA-USDT
2021-10-13 19:00:00,1634122800000,5.8190000000,5.8640000000,5.8010000000,5.8580000000,24895.4447410000,145263.3383172830,145263.3383172830,1,DORA-USDT
2021-10-13 20:00:00,1634126400000,5.8580000000,5.8950000000,5.8160000000,5.8800000000,30549.6368030000,178779.1630614280,178779.1630614280,1,DORA-USDT
2021-10-13 21:00:00,1634130000000,5.8810000000,5.8870000000,5.6600000000,5.6820000000,64168.7737600000,369852.5661582840,369852.5661582840,1,DORA-USDT
2021-10-13 22:00:00,1634133600000,5.6830000000,5.7840000000,5.6000000000,5.7740000000,56847.2637520000,323428.0081323550,323428.0081323550,1,DORA-USDT
2021-10-13 23:00:00,1634137200000,5.7790000000,5.8430000000,5.7750000000,5.8060000000,25275.0726550000,146829.5624038520,146829.5624038520,1,DORA-USDT
2021-10-14 00:00:00,1634140800000,5.8060000000,5.9000000000,5.7990000000,5.8380000000,45320.8785040000,265049.5507837570,265049.5507837570,1,DORA-USDT
2021-10-14 01:00:00,1634144400000,5.8370000000,5.8570000000,5.7800000000,5.8010000000,23374.7956650000,135927.2671598380,135927.2671598380,1,DORA-USDT
2021-10-14 02:00:00,1634148000000,5.8020000000,5.8680000000,5.7460000000,5.7570000000,48840.8776150000,283873.4039883420,283873.4039883420,1,DORA-USDT
2021-10-14 03:00:00,1634151600000,5.7570000000,5.7860000000,5.7230000000,5.7850000000,15364.8870170000,88526.6583539980,88526.6583539980,1,DORA-USDT
2021-10-14 04:00:00,1634155200000,5.7840000000,5.8230000000,5.7380000000,5.8090000000,30764.3168900000,177825.2151664400,177825.2151664400,1,DORA-USDT
2021-10-14 05:00:00,1634158800000,5.8090000000,5.8090000000,5.7110000000,5.7450000000,33048.9511220000,190131.7363418850,190131.7363418850,1,DORA-USDT
2021-10-14 06:00:00,1634162400000,5.7450000000,5.9410000000,5.7400000000,5.8950000000,50501.7092040000,295311.1299909410,295311.1299909410,1,DORA-USDT
2021-10-14 07:00:00,1634166000000,5.8940000000,5.9560000000,5.8600000000,5.9190000000,45028.3721000000,265843.1011012900,265843.1011012900,1,DORA-USDT
2021-10-14 08:00:00,1634169600000,5.9180000000,6.1010000000,5.9180000000,6.0550000000,49936.0449330000,300962.9521799100,300962.9521799100,1,DORA-USDT
2021-10-14 09:00:00,1634173200000,6.0550000000,6.5050000000,6.0360000000,6.2180000000,116953.3107080000,734249.5186840240,734249.5186840240,1,DORA-USDT
2021-10-14 10:00:00,1634176800000,6.2190000000,6.2420000000,6.1540000000,6.1800000000,22901.9501770000,142170.0858431500,142170.0858431500,1,DORA-USDT
2021-10-14 11:00:00,1634180400000,6.1800000000,6.2050000000,6.0870000000,6.1680000000,61248.0790500000,376376.7335225620,376376.7335225620,1,DORA-USDT
2021-10-14 12:00:00,1634184000000,6.1690000000,6.1750000000,6.0600000000,6.1390000000,39481.4789710000,241873.7857692050,241873.7857692050,1,DORA-USDT
2021-10-14 13:00:00,1634187600000,6.1370000000,6.2870000000,6.1310000000,6.1320000000,35399.5717640000,218956.3984445720,218956.3984445720,1,DORA-USDT
2021-10-14 14:00:00,1634191200000,6.1310000000,6.1900000000,6.0960000000,6.1480000000,46137.3819010000,282962.0602491210,282962.0602491210,1,DORA-USDT
2021-10-14 15:00:00,1634194800000,6.1480000000,6.1980000000,6.1160000000,6.1230000000,27324.4451850000,168038.0124158180,168038.0124158180,1,DORA-USDT
2021-10-14 16:00:00,1634198400000,6.1250000000,6.1860000000,6.0610000000,6.0990000000,37846.7265120000,231425.1821644730,231425.1821644730,1,DORA-USDT
2021-10-14 17:00:00,1634202000000,6.0970000000,6.1230000000,6.0610000000,6.0740000000,29948.0711990000,182246.3971014890,182246.3971014890,1,DORA-USDT
2021-10-14 18:00:00,1634205600000,6.0740000000,6.1660000000,6.0660000000,6.1180000000,27207.5681930000,166554.5322925850,166554.5322925850,1,DORA-USDT
2021-10-14 19:00:00,1634209200000,6.1190000000,6.1610000000,6.0930000000,6.1380000000,28966.8885090000,177449.7720189900,177449.7720189900,1,DORA-USDT
2021-10-14 20:00:00,1634212800000,6.1380000000,6.1590000000,6.0950000000,6.0980000000,25962.2504170000,158700.1808558930,158700.1808558930,1,DORA-USDT
2021-10-14 21:00:00,1634216400000,6.0980000000,6.2630000000,6.0980000000,6.2250000000,39568.0117770000,244321.1377939200,244321.1377939200,1,DORA-USDT
2021-10-14 22:00:00,1634220000000,6.2250000000,6.3090000000,6.1460000000,6.2870000000,60557.2254150000,377016.4184537660,377016.4184537660,1,DORA-USDT
2021-10-14 23:00:00,1634223600000,6.2870000000,6.2880000000,6.0560000000,6.1400000000,84693.4326900000,520305.6095117150,520305.6095117150,1,DORA-USDT
2021-10-15 00:00:00,1634227200000,6.1370000000,6.1390000000,6.0400000000,6.0830000000,31726.0763120000,192838.7661928970,192838.7661928970,1,DORA-USDT
2021-10-15 01:00:00,1634230800000,6.0820000000,6.2550000000,5.9800000000,6.0040000000,40732.1299580000,247416.6160935650,247416.6160935650,1,DORA-USDT
2021-10-15 02:00:00,1634234400000,5.9860000000,6.0430000000,5.9350000000,5.9790000000,43808.3360380000,261882.7419828440,261882.7419828440,1,DORA-USDT
2021-10-15 03:00:00,1634238000000,5.9780000000,6.0160000000,5.9190000000,5.9950000000,47390.9421030000,282854.8240296760,282854.8240296760,1,DORA-USDT
2021-10-15 04:00:00,1634241600000,5.9950000000,5.9950000000,5.9320000000,5.9470000000,16768.8666130000,99816.2216812170,99816.2216812170,1,DORA-USDT
2021-10-15 05:00:00,1634245200000,5.9450000000,6.0270000000,5.9360000000,5.9570000000,44473.4914660000,265896.7198743730,265896.7198743730,1,DORA-USDT
2021-10-15 06:00:00,1634248800000,5.9570000000,6.0500000000,5.9500000000,6.0080000000,21449.1033600000,128316.7623195770,128316.7623195770,1,DORA-USDT
2021-10-15 07:00:00,1634252400000,6.0070000000,6.2310000000,5.9930000000,6.2120000000,51700.5723720000,316786.3467448620,316786.3467448620,1,DORA-USDT
2021-10-15 08:00:00,1634256000000,6.2130000000,6.2190000000,6.1600000000,6.1910000000,31746.9555100000,196616.0857388080,196616.0857388080,1,DORA-USDT
2021-10-15 09:00:00,1634259600000,6.1900000000,6.2200000000,6.1000000000,6.1170000000,42181.7973710000,260469.7278433360,260469.7278433360,1,DORA-USDT
2021-10-15 10:00:00,1634263200000,6.1160000000,6.2490000000,6.1100000000,6.2310000000,38685.5606110000,239441.7689853710,239441.7689853710,1,DORA-USDT
2021-10-15 11:00:00,1634266800000,6.2330000000,6.2500000000,6.1550000000,6.2390000000,27366.3671250000,170044.5132559240,170044.5132559240,1,DORA-USDT
2021-10-15 12:00:00,1634270400000,6.2390000000,6.2980000000,6.1890000000,6.2690000000,30625.8899640000,191370.2862239760,191370.2862239760,1,DORA-USDT
2021-10-15 13:00:00,1634274000000,6.2700000000,6.4000000000,6.2390000000,6.2690000000,33138.3177670000,208343.6512778290,208343.6512778290,1,DORA-USDT
2021-10-15 14:00:00,1634277600000,6.2670000000,6.4150000000,6.2360000000,6.3330000000,38412.7889490000,243048.2364023960,243048.2364023960,1,DORA-USDT
2021-10-15 15:00:00,1634281200000,6.3320000000,6.4880000000,6.2900000000,6.3240000000,64935.0475090000,413131.9626427110,413131.9626427110,1,DORA-USDT
2021-10-15 16:00:00,1634284800000,6.3240000000,6.3240000000,6.1840000000,6.2150000000,46258.2628760000,288600.8007952280,288600.8007952280,1,DORA-USDT
2021-10-15 17:00:00,1634288400000,6.2160000000,6.3170000000,6.1880000000,6.3040000000,45348.8681640000,284479.4539019400,284479.4539019400,1,DORA-USDT
2021-10-15 18:00:00,1634292000000,6.3040000000,6.3360000000,6.2780000000,6.2950000000,26980.2000090000,170022.6272421510,170022.6272421510,1,DORA-USDT
2021-10-15 19:00:00,1634295600000,6.2940000000,6.4420000000,6.2130000000,6.3170000000,26990.6060050000,170338.1585629720,170338.1585629720,1,DORA-USDT
2021-10-15 20:00:00,1634299200000,6.3180000000,6.3370000000,6.2250000000,6.3060000000,44323.9120580000,278083.9093759480,278083.9093759480,1,DORA-USDT
2021-10-15 21:00:00,1634302800000,6.3040000000,6.3380000000,6.2780000000,6.3180000000,28793.5991940000,181671.9850671860,181671.9850671860,1,DORA-USDT
2021-10-15 22:00:00,1634306400000,6.3170000000,6.4410000000,6.3100000000,6.3200000000,47075.8041340000,299908.1899690260,299908.1899690260,1,DORA-USDT
2021-10-15 23:00:00,1634310000000,6.3180000000,6.3930000000,6.2570000000,6.3700000000,33769.5683070000,213730.6612284400,213730.6612284400,1,DORA-USDT
2021-10-16 00:00:00,1634313600000,6.3700000000,6.5420000000,6.2890000000,6.5110000000,51708.6298180000,330727.1928708040,330727.1928708040,1,DORA-USDT
2021-10-16 01:00:00,1634317200000,6.5110000000,6.8000000000,6.4530000000,6.7680000000,69624.9096120000,461381.5849086980,461381.5849086980,1,DORA-USDT
2021-10-16 02:00:00,1634320800000,6.7730000000,6.7740000000,6.6390000000,6.6580000000,43302.8661170000,290030.0262239470,290030.0262239470,1,DORA-USDT
2021-10-16 03:00:00,1634324400000,6.6570000000,6.7300000000,6.6310000000,6.6560000000,26641.3899840000,177755.7386409130,177755.7386409130,1,DORA-USDT
2021-10-16 04:00:00,1634328000000,6.6560000000,6.7440000000,6.5830000000,6.6310000000,48465.4921940000,322268.2549341110,322268.2549341110,1,DORA-USDT
2021-10-16 05:00:00,1634331600000,6.6230000000,6.6900000000,6.5800000000,6.5920000000,39703.0994510000,263519.6733203510,263519.6733203510,1,DORA-USDT
2021-10-16 06:00:00,1634335200000,6.5910000000,6.6070000000,6.5800000000,6.5930000000,20321.0721190000,134004.2033531400,134004.2033531400,1,DORA-USDT
2021-10-16 07:00:00,1634338800000,6.5950000000,6.7880000000,6.5900000000,6.7660000000,33532.7104440000,224789.2252807840,224789.2252807840,1,DORA-USDT
2021-10-16 08:00:00,1634342400000,6.7670000000,7.3110000000,6.7420000000,7.0290000000,135351.7011850000,958468.3267806480,958468.3267806480,1,DORA-USDT
2021-10-16 09:00:00,1634346000000,7.0280000000,7.1350000000,6.9300000000,7.1290000000,52977.8424620000,373125.1650580700,373125.1650580700,1,DORA-USDT
2021-10-16 10:00:00,1634349600000,7.1290000000,7.3200000000,6.9740000000,7.2180000000,98798.9033670000,703804.1560569000,703804.1560569000,1,DORA-USDT
2021-10-16 11:00:00,1634353200000,7.2170000000,7.2280000000,7.1040000000,7.1150000000,30175.2972220000,215719.6619540150,215719.6619540150,1,DORA-USDT
2021-10-16 12:00:00,1634356800000,7.1140000000,7.1760000000,7.0400000000,7.1480000000,41488.8114000000,295140.5972172160,295140.5972172160,1,DORA-USDT
2021-10-16 13:00:00,1634360400000,7.1460000000,7.1570000000,7.0660000000,7.1090000000,37124.8280940000,264249.2326629630,264249.2326629630,1,DORA-USDT
2021-10-16 14:00:00,1634364000000,7.1110000000,7.3200000000,7.0800000000,7.2350000000,62582.4386890000,451648.4431516210,451648.4431516210,1,DORA-USDT
2021-10-16 15:00:00,1634367600000,7.2500000000,7.2880000000,7.2000000000,7.2800000000,28858.9904790000,208905.5087599510,208905.5087599510,1,DORA-USDT
2021-10-16 16:00:00,1634371200000,7.2780000000,7.4000000000,7.1820000000,7.2400000000,43207.6022780000,312873.0837279040,312873.0837279040,1,DORA-USDT
2021-10-16 17:00:00,1634374800000,7.2410000000,7.2410000000,7.0430000000,7.1240000000,41640.4270960000,297077.1337634270,297077.1337634270,1,DORA-USDT
2021-10-16 18:00:00,1634378400000,7.1240000000,7.2450000000,7.1230000000,7.1890000000,38822.0145930000,278728.0844909030,278728.0844909030,1,DORA-USDT
2021-10-16 19:00:00,1634382000000,7.1930000000,7.1990000000,7.0850000000,7.0970000000,39721.3944150000,283924.7258404590,283924.7258404590,1,DORA-USDT
2021-10-16 20:00:00,1634385600000,7.0930000000,7.1310000000,7.0160000000,7.0730000000,34220.6006420000,242042.6923107450,242042.6923107450,1,DORA-USDT
2021-10-16 21:00:00,1634389200000,7.0590000000,7.1300000000,7.0350000000,7.1210000000,22587.3869700000,159894.8900544150,159894.8900544150,1,DORA-USDT
2021-10-16 22:00:00,1634392800000,7.1200000000,7.2090000000,7.0550000000,7.1580000000,43541.2306630000,310174.9279812380,310174.9279812380,1,DORA-USDT
2021-10-16 23:00:00,1634396400000,7.1620000000,7.3380000000,7.1450000000,7.2570000000,34805.7204130000,251142.9234447710,251142.9234447710,1,DORA-USDT
2021-10-17 00:00:00,1634400000000,7.2570000000,7.2680000000,7.1450000000,7.1580000000,48099.2098940000,345826.4153298630,345826.4153298630,1,DORA-USDT
2021-10-17 01:00:00,1634403600000,7.1560000000,7.1590000000,7.0800000000,7.1400000000,19319.0500790000,137342.7597824230,137342.7597824230,1,DORA-USDT
2021-10-17 02:00:00,1634407200000,7.1390000000,7.1920000000,7.0590000000,7.1630000000,27220.7124210000,193500.5415926990,193500.5415926990,1,DORA-USDT
2021-10-17 03:00:00,1634410800000,7.1640000000,7.1910000000,7.0430000000,7.0450000000,31893.8450750000,226517.1951459400,226517.1951459400,1,DORA-USDT
2021-10-17 04:00:00,1634414400000,7.0440000000,7.0880000000,6.9840000000,6.9840000000,19004.6894430000,133468.3225016880,133468.3225016880,1,DORA-USDT
2021-10-17 05:00:00,1634418000000,6.9860000000,6.9930000000,6.9490000000,6.9600000000,23925.6537630000,166799.7277755150,166799.7277755150,1,DORA-USDT
2021-10-17 06:00:00,1634421600000,6.9610000000,6.9960000000,6.9530000000,6.9960000000,16035.4959380000,111859.9259566590,111859.9259566590,1,DORA-USDT
2021-10-17 07:00:00,1634425200000,6.9970000000,7.0170000000,6.9390000000,7.0090000000,17931.1933850000,125341.4953165080,125341.4953165080,1,DORA-USDT
2021-10-17 08:00:00,1634428800000,7.0110000000,7.1170000000,7.0020000000,7.0990000000,22989.3498310000,162042.7880214980,162042.7880214980,1,DORA-USDT
2021-10-17 09:00:00,1634432400000,7.0950000000,7.2500000000,7.0720000000,7.2190000000,39656.7950090000,284530.1780227520,284530.1780227520,1,DORA-USDT
2021-10-17 10:00:00,1634436000000,7.2170000000,7.5800000000,7.2080000000,7.4650000000,60204.5618510000,444832.0342847590,444832.0342847590,1,DORA-USDT
2021-10-17 11:00:00,1634439600000,7.4640000000,7.4860000000,7.3690000000,7.3700000000,30886.5061710000,228697.6587741200,228697.6587741200,1,DORA-USDT
2021-10-17 12:00:00,1634443200000,7.3710000000,7.4990000000,7.3630000000,7.4070000000,31689.6185550000,235696.1542876890,235696.1542876890,1,DORA-USDT
2021-10-17 13:00:00,1634446800000,7.4080000000,7.4900000000,7.4060000000,7.4500000000,25023.5942000000,186579.7930724500,186579.7930724500,1,DORA-USDT
2021-10-17 14:00:00,1634450400000,7.4490000000,7.4920000000,7.4240000000,7.4500000000,24096.7040360000,179700.1233455380,179700.1233455380,1,DORA-USDT
2021-10-17 15:00:00,1634454000000,7.4500000000,7.4500000000,7.1810000000,7.2130000000,49905.5100470000,365574.0255776040,365574.0255776040,1,DORA-USDT
2021-10-17 16:00:00,1634457600000,7.2120000000,7.2330000000,7.1250000000,7.1360000000,29527.2721900000,212050.6124102620,212050.6124102620,1,DORA-USDT
2021-10-17 17:00:00,1634461200000,7.1360000000,7.1690000000,7.0350000000,7.0410000000,32963.3374100000,233064.2767356370,233064.2767356370,1,DORA-USDT
2021-10-17 18:00:00,1634464800000,7.0400000000,7.0500000000,6.9710000000,7.0200000000,23968.3826940000,168008.7674703480,168008.7674703480,1,DORA-USDT
2021-10-17 19:00:00,1634468400000,7.0200000000,7.1010000000,7.0000000000,7.0600000000,25936.5885570000,182990.9454061470,182990.9454061470,1,DORA-USDT
2021-10-17 20:00:00,1634472000000,7.0610000000,7.0610000000,6.9100000000,7.0200000000,33306.7552460000,233149.8321534020,233149.8321534020,1,DORA-USDT
2021-10-17 21:00:00,1634475600000,7.0220000000,7.0580000000,6.9790000000,7.0110000000,25489.0988920000,179047.0807216820,179047.0807216820,1,DORA-USDT
2021-10-17 22:00:00,1634479200000,7.0130000000,7.0230000000,6.8400000000,6.9020000000,49073.2022070000,339952.0453342370,339952.0453342370,1,DORA-USDT
2021-10-17 23:00:00,1634482800000,6.9030000000,6.9230000000,6.8300000000,6.8510000000,26239.6281860000,180258.7224198150,180258.7224198150,1,DORA-USDT
2021-10-18 00:00:00,1634486400000,6.8520000000,7.0410000000,6.8300000000,6.8760000000,27445.1218860000,188863.5667238090,188863.5667238090,1,DORA-USDT
2021-10-18 01:00:00,1634490000000,6.8760000000,6.9110000000,6.8470000000,6.9050000000,13306.3065870000,91508.2382369030,91508.2382369030,1,DORA-USDT
2021-10-18 02:00:00,1634493600000,6.9050000000,6.9250000000,6.8890000000,6.9170000000,16536.8946430000,114180.5514487610,114180.5514487610,1,DORA-USDT
2021-10-18 03:00:00,1634497200000,6.9170000000,6.9380000000,6.8660000000,6.8840000000,14018.3102850000,96840.7414834050,96840.7414834050,1,DORA-USDT
2021-10-18 04:00:00,1634500800000,6.8820000000,6.8860000000,6.6200000000,6.6630000000,56150.2277930000,376515.7456557030,376515.7456557030,1,DORA-USDT
2021-10-18 05:00:00,1634504400000,6.6620000000,6.8760000000,6.6540000000,6.8670000000,47390.1288640000,321587.0909478170,321587.0909478170,1,DORA-USDT
2021-10-18 06:00:00,1634508000000,6.8650000000,6.8680000000,6.7010000000,6.7170000000,23528.6542700000,159617.0442294640,159617.0442294640,1,DORA-USDT
2021-10-18 07:00:00,1634511600000,6.7140000000,6.8000000000,6.6500000000,6.6980000000,26351.3378320000,176284.3303121060,176284.3303121060,1,DORA-USDT
2021-10-18 08:00:00,1634515200000,6.6970000000,6.8010000000,6.6930000000,6.7780000000,20707.1675000000,139758.2152526480,139758.2152526480,1,DORA-USDT
2021-10-18 09:00:00,1634518800000,6.7790000000,6.8340000000,6.6980000000,6.7310000000,28736.2685130000,194061.9820401790,194061.9820401790,1,DORA-USDT
2021-10-18 10:00:00,1634522400000,6.7290000000,6.7860000000,6.6600000000,6.7760000000,41691.3389520000,280688.7668911310,280688.7668911310,1,DORA-USDT
2021-10-18 11:00:00,1634526000000,6.7750000000,6.8840000000,6.7680000000,6.8210000000,35966.6253800000,245944.6028908650,245944.6028908650,1,DORA-USDT
2021-10-18 12:00:00,1634529600000,6.8070000000,6.8530000000,6.7790000000,6.8050000000,20734.4400240000,141061.0060808200,141061.0060808200,1,DORA-USDT
2021-10-18 13:00:00,1634533200000,6.8070000000,6.8290000000,6.7880000000,6.7930000000,12578.1223350000,85665.2032294790,85665.2032294790,1,DORA-USDT
2021-10-18 14:00:00,1634536800000,6.7930000000,6.8170000000,6.7700000000,6.7800000000,11341.0662420000,76983.3401758000,76983.3401758000,1,DORA-USDT
2021-10-18 15:00:00,1634540400000,6.7800000000,6.8280000000,6.7710000000,6.7840000000,24171.1921480000,164354.0720898210,164354.0720898210,1,DORA-USDT
2021-10-18 16:00:00,1634544000000,6.7840000000,6.8000000000,6.6390000000,6.6630000000,35532.9052000000,238261.1534935480,238261.1534935480,1,DORA-USDT
2021-10-18 17:00:00,1634547600000,6.6620000000,6.6910000000,6.5000000000,6.5220000000,39082.1861300000,257383.1925405940,257383.1925405940,1,DORA-USDT
2021-10-18 18:00:00,1634551200000,6.5250000000,6.5380000000,6.4400000000,6.4640000000,33512.6021670000,216960.2961687120,216960.2961687120,1,DORA-USDT
2021-10-18 19:00:00,1634554800000,6.4620000000,6.5680000000,6.4110000000,6.4210000000,24798.9446390000,160050.4953554540,160050.4953554540,1,DORA-USDT
2021-10-18 20:00:00,1634558400000,6.4210000000,6.5200000000,6.3500000000,6.3790000000,37938.7850400000,243444.7562186640,243444.7562186640,1,DORA-USDT
2021-10-18 21:00:00,1634562000000,6.3770000000,6.4080000000,6.3000000000,6.3920000000,38464.9870670000,244408.3247675090,244408.3247675090,1,DORA-USDT
2021-10-18 22:00:00,1634565600000,6.3980000000,6.4900000000,6.3450000000,6.3930000000,45660.9755900000,292675.3135665380,292675.3135665380,1,DORA-USDT
2021-10-18 23:00:00,1634569200000,6.3950000000,6.4620000000,6.3680000000,6.4520000000,26027.4906930000,167427.1933619410,167427.1933619410,1,DORA-USDT
2021-10-19 00:00:00,1634572800000,6.4530000000,6.4900000000,6.3360000000,6.3550000000,31397.0494960000,201297.7225148010,201297.7225148010,1,DORA-USDT
2021-10-19 01:00:00,1634576400000,6.3550000000,6.3870000000,6.3110000000,6.3170000000,17871.1916460000,113347.2158887110,113347.2158887110,1,DORA-USDT
2021-10-19 02:00:00,1634580000000,6.3170000000,6.3400000000,6.3000000000,6.3320000000,9574.1213560000,60515.4427547650,60515.4427547650,1,DORA-USDT
2021-10-19 03:00:00,1634583600000,6.3330000000,6.3890000000,6.3200000000,6.3880000000,13977.7317370000,88713.7874065860,88713.7874065860,1,DORA-USDT
2021-10-19 04:00:00,1634587200000,6.3820000000,6.4230000000,6.3810000000,6.3840000000,11886.3531900000,76053.5483619300,76053.5483619300,1,DORA-USDT
2021-10-19 05:00:00,1634590800000,6.3850000000,6.3850000000,6.3200000000,6.3440000000,19228.4026960000,122006.8534902010,122006.8534902010,1,DORA-USDT
2021-10-19 06:00:00,1634594400000,6.3440000000,6.4380000000,6.3270000000,6.4350000000,26175.7287460000,166896.5902268050,166896.5902268050,1,DORA-USDT
2021-10-19 07:00:00,1634598000000,6.4350000000,6.4750000000,6.4300000000,6.4380000000,15035.1329240000,97030.6307186540,97030.6307186540,1,DORA-USDT
2021-10-19 08:00:00,1634601600000,6.4360000000,6.4600000000,6.4230000000,6.4380000000,13961.3185210000,89919.9497735610,89919.9497735610,1,DORA-USDT
2021-10-19 09:00:00,1634605200000,6.4390000000,6.4750000000,6.3610000000,6.3800000000,21924.7120170000,140383.6951952080,140383.6951952080,1,DORA-USDT
2021-10-19 10:00:00,1634608800000,6.3790000000,6.5000000000,6.3630000000,6.3960000000,22040.6048260000,141050.7124237360,141050.7124237360,1,DORA-USDT
2021-10-19 11:00:00,1634612400000,6.3990000000,6.5000000000,6.3940000000,6.4770000000,37638.4173720000,243448.5473475740,243448.5473475740,1,DORA-USDT
2021-10-19 12:00:00,1634616000000,6.4770000000,6.5510000000,6.4500000000,6.4760000000,22951.4682840000,148983.5317169360,148983.5317169360,1,DORA-USDT
2021-10-19 13:00:00,1634619600000,6.4750000000,6.5840000000,6.4750000000,6.5410000000,26055.0442850000,170227.7530265920,170227.7530265920,1,DORA-USDT
2021-10-19 14:00:00,1634623200000,6.5420000000,6.5420000000,6.4270000000,6.4780000000,23434.4489520000,151458.1251308720,151458.1251308720,1,DORA-USDT
2021-10-19 15:00:00,1634626800000,6.4780000000,6.5640000000,6.4770000000,6.5330000000,21663.4797010000,141493.7148884120,141493.7148884120,1,DORA-USDT
2021-10-19 16:00:00,1634630400000,6.5320000000,6.5970000000,6.4580000000,6.5920000000,38690.8580900000,252764.7980462150,252764.7980462150,1,DORA-USDT
2021-10-19 17:00:00,1634634000000,6.5880000000,6.5880000000,6.5080000000,6.5140000000,17671.9162340000,115540.4351233880,115540.4351233880,1,DORA-USDT
2021-10-19 18:00:00,1634637600000,6.5140000000,6.5950000000,6.5060000000,6.5870000000,19748.8649020000,129155.9649769330,129155.9649769330,1,DORA-USDT
2021-10-19 19:00:00,1634641200000,6.5860000000,6.6260000000,6.5710000000,6.6060000000,17581.8638450000,116002.1819474540,116002.1819474540,1,DORA-USDT
2021-10-19 20:00:00,1634644800000,6.6060000000,6.7420000000,6.6000000000,6.6210000000,39492.6646590000,262608.3790184160,262608.3790184160,1,DORA-USDT
2021-10-19 21:00:00,1634648400000,6.6200000000,6.6300000000,6.4900000000,6.5320000000,43873.0252640000,287190.3493272070,287190.3493272070,1,DORA-USDT
2021-10-19 22:00:00,1634652000000,6.5290000000,6.5370000000,6.4120000000,6.4860000000,40324.4098560000,260853.8714535940,260853.8714535940,1,DORA-USDT
2021-10-19 23:00:00,1634655600000,6.4880000000,6.6520000000,6.4790000000,6.5300000000,43688.9340810000,286873.0556330390,286873.0556330390,1,DORA-USDT
2021-10-20 00:00:00,1634659200000,6.5320000000,6.6080000000,6.5010000000,6.5890000000,23192.7430860000,151765.4454172210,151765.4454172210,1,DORA-USDT
2021-10-20 01:00:00,1634662800000,6.5900000000,6.8340000000,6.5890000000,6.8170000000,55343.0776520000,372279.8400328490,372279.8400328490,1,DORA-USDT
2021-10-20 02:00:00,1634666400000,6.8170000000,6.9780000000,6.7870000000,6.8760000000,69352.4481410000,477633.0258052090,477633.0258052090,1,DORA-USDT
2021-10-20 03:00:00,1634670000000,6.8810000000,6.9850000000,6.8420000000,6.8700000000,33576.5550680000,231925.0700424090,231925.0700424090,1,DORA-USDT
2021-10-20 04:00:00,1634673600000,6.8680000000,6.9660000000,6.7810000000,6.9220000000,46717.8175270000,321336.6900652920,321336.6900652920,1,DORA-USDT
2021-10-20 05:00:00,1634677200000,6.9080000000,6.9120000000,6.7850000000,6.7850000000,33526.1893010000,230165.4631504010,230165.4631504010,1,DORA-USDT
2021-10-20 06:00:00,1634680800000,6.7840000000,6.8320000000,6.7540000000,6.7630000000,21397.8025950000,145225.1852066420,145225.1852066420,1,DORA-USDT
2021-10-20 07:00:00,1634684400000,6.7560000000,6.7750000000,6.7360000000,6.7500000000,9806.7983760000,66256.2597328850,66256.2597328850,1,DORA-USDT
2021-10-20 08:00:00,1634688000000,6.7430000000,6.7580000000,6.6840000000,6.7290000000,10312.2732550000,69371.0121442550,69371.0121442550,1,DORA-USDT
2021-10-20 09:00:00,1634691600000,6.7310000000,6.7490000000,6.7140000000,6.7300000000,7360.4044310000,49555.6395506080,49555.6395506080,1,DORA-USDT
2021-10-20 10:00:00,1634695200000,6.7320000000,6.9270000000,6.7310000000,6.8880000000,40073.0862840000,274409.8100188250,274409.8100188250,1,DORA-USDT
2021-10-20 11:00:00,1634698800000,6.8860000000,7.3490000000,6.8830000000,7.1250000000,59989.0154670000,422134.5309292330,422134.5309292330,1,DORA-USDT
2021-10-20 12:00:00,1634702400000,7.1280000000,7.1340000000,7.0010000000,7.0560000000,45674.0650660000,321966.6817139680,321966.6817139680,1,DORA-USDT
2021-10-20 13:00:00,1634706000000,7.0560000000,7.1300000000,6.9520000000,6.9920000000,61314.5203820000,431998.9406141490,431998.9406141490,1,DORA-USDT
2021-10-20 14:00:00,1634709600000,6.9950000000,7.0160000000,6.9410000000,6.9610000000,21138.6165900000,147664.4568560740,147664.4568560740,1,DORA-USDT
2021-10-20 15:00:00,1634713200000,6.9620000000,7.0220000000,6.9120000000,6.9370000000,39511.7282060000,275432.6799570950,275432.6799570950,1,DORA-USDT
2021-10-20 16:00:00,1634716800000,6.9380000000,6.9560000000,6.8530000000,6.8550000000,22982.6664570000,158767.5777717820,158767.5777717820,1,DORA-USDT
2021-10-20 17:00:00,1634720400000,6.8530000000,6.9520000000,6.8530000000,6.9430000000,25569.3385320000,176810.9755783310,176810.9755783310,1,DORA-USDT
2021-10-20 18:00:00,1634724000000,6.9440000000,7.0080000000,6.8420000000,6.8440000000,33411.8190710000,231495.0647908910,231495.0647908910,1,DORA-USDT
2021-10-20 19:00:00,1634727600000,6.8450000000,6.8460000000,6.8000000000,6.8240000000,14156.5565540000,96735.9947478600,96735.9947478600,1,DORA-USDT
2021-10-20 20:00:00,1634731200000,6.8270000000,6.8910000000,6.8000000000,6.8680000000,24866.7703620000,169981.1489482360,169981.1489482360,1,DORA-USDT
2021-10-20 21:00:00,1634734800000,6.8790000000,6.9500000000,6.8150000000,6.9120000000,62329.7084430000,429022.8766797890,429022.8766797890,1,DORA-USDT
2021-10-20 22:00:00,1634738400000,6.9110000000,7.0670000000,6.8860000000,7.0010000000,36725.2213640000,255445.8311307960,255445.8311307960,1,DORA-USDT
2021-10-20 23:00:00,1634742000000,7.0030000000,7.0600000000,6.9900000000,7.0190000000,34382.0744140000,241323.3851515270,241323.3851515270,1,DORA-USDT
2021-10-21 00:00:00,1634745600000,7.0190000000,7.1660000000,6.9900000000,7.1350000000,38987.4471480000,275806.3567678810,275806.3567678810,1,DORA-USDT
2021-10-21 01:00:00,1634749200000,7.1350000000,7.1720000000,7.1330000000,7.1600000000,15030.1552430000,107494.0111337280,107494.0111337280,1,DORA-USDT
2021-10-21 02:00:00,1634752800000,7.1570000000,7.2600000000,7.1490000000,7.2390000000,17942.2888480000,129424.0256711890,129424.0256711890,1,DORA-USDT
2021-10-21 03:00:00,1634756400000,7.2390000000,7.2800000000,7.2370000000,7.2750000000,14623.9530890000,106199.3009356620,106199.3009356620,1,DORA-USDT
2021-10-21 04:00:00,1634760000000,7.2760000000,7.2780000000,7.2020000000,7.2190000000,17351.5602290000,125347.8624123640,125347.8624123640,1,DORA-USDT
2021-10-21 05:00:00,1634763600000,7.2190000000,7.2310000000,7.2020000000,7.2140000000,9892.9697990000,71365.5925223540,71365.5925223540,1,DORA-USDT
2021-10-21 06:00:00,1634767200000,7.2140000000,7.3000000000,7.2040000000,7.2930000000,17452.6170760000,126547.5050185580,126547.5050185580,1,DORA-USDT
2021-10-21 07:00:00,1634770800000,7.2930000000,7.5050000000,7.2900000000,7.4740000000,55116.5403580000,408745.3439066130,408745.3439066130,1,DORA-USDT
2021-10-21 08:00:00,1634774400000,7.4740000000,7.5950000000,7.4550000000,7.5170000000,34206.5738280000,257170.8373277130,257170.8373277130,1,DORA-USDT
2021-10-21 09:00:00,1634778000000,7.5180000000,7.5230000000,7.2650000000,7.2870000000,42455.2267000000,313202.2439516020,313202.2439516020,1,DORA-USDT
2021-10-21 10:00:00,1634781600000,7.2870000000,8.1860000000,7.2000000000,8.0220000000,165831.2126500000,1269971.7087747180,1269971.7087747180,1,DORA-USDT
2021-10-21 11:00:00,1634785200000,8.0210000000,8.0220000000,7.6450000000,7.8180000000,84365.2655310000,659820.8748895270,659820.8748895270,1,DORA-USDT
2021-10-21 12:00:00,1634788800000,7.8190000000,7.8400000000,7.6910000000,7.7070000000,51574.4187180000,400143.8343652470,400143.8343652470,1,DORA-USDT
2021-10-21 13:00:00,1634792400000,7.7060000000,7.8880000000,7.6920000000,7.8280000000,41047.9347390000,320916.2259040630,320916.2259040630,1,DORA-USDT
2021-10-21 14:00:00,1634796000000,7.8310000000,8.0040000000,7.8240000000,7.8520000000,54581.7396440000,431828.5231128150,431828.5231128150,1,DORA-USDT
2021-10-21 15:00:00,1634799600000,7.8520000000,7.8960000000,7.7090000000,7.8840000000,19953.7630960000,156608.3521474870,156608.3521474870,1,DORA-USDT
2021-10-21 16:00:00,1634803200000,7.8840000000,7.9760000000,7.8840000000,7.9660000000,32839.0957760000,260625.7243715100,260625.7243715100,1,DORA-USDT
2021-10-21 17:00:00,1634806800000,7.9670000000,7.9700000000,7.8240000000,7.8900000000,21088.7410900000,166766.9217722980,166766.9217722980,1,DORA-USDT
2021-10-21 18:00:00,1634810400000,7.8920000000,7.9260000000,7.8330000000,7.8410000000,30894.8166930000,243123.6593506240,243123.6593506240,1,DORA-USDT
2021-10-21 19:00:00,1634814000000,7.8400000000,7.9600000000,7.6000000000,7.6150000000,59364.6780340000,463001.1661769500,463001.1661769500,1,DORA-USDT
2021-10-21 20:00:00,1634817600000,7.6190000000,7.7000000000,7.4900000000,7.6360000000,66171.6289190000,504048.8718899630,504048.8718899630,1,DORA-USDT
2021-10-21 21:00:00,1634821200000,7.6340000000,7.8800000000,7.5800000000,7.6880000000,41139.9422540000,317383.9127501370,317383.9127501370,1,DORA-USDT
2021-10-21 22:00:00,1634824800000,7.6900000000,8.4760000000,7.6760000000,7.8520000000,157518.2644450000,1256941.3715904700,1256941.3715904700,1,DORA-USDT
2021-10-21 23:00:00,1634828400000,7.8430000000,8.1440000000,7.6990000000,7.9920000000,108139.7495660000,857199.2052667810,857199.2052667810,1,DORA-USDT
2021-10-22 00:00:00,1634832000000,8.0070000000,8.0970000000,7.5000000000,7.5760000000,95741.4712480000,749231.3869863950,749231.3869863950,1,DORA-USDT
2021-10-22 01:00:00,1634835600000,7.5830000000,7.6600000000,7.3900000000,7.5500000000,86124.6244640000,649421.0772206370,649421.0772206370,1,DORA-USDT
2021-10-22 02:00:00,1634839200000,7.5470000000,7.6280000000,7.3720000000,7.4690000000,58948.4509640000,442710.9304726500,442710.9304726500,1,DORA-USDT
2021-10-22 03:00:00,1634842800000,7.4690000000,7.6080000000,7.4490000000,7.5130000000,41410.2208070000,312777.8965861420,312777.8965861420,1,DORA-USDT
2021-10-22 04:00:00,1634846400000,7.5130000000,7.5650000000,7.4660000000,7.5050000000,35763.0520430000,268932.3273787420,268932.3273787420,1,DORA-USDT
2021-10-22 05:00:00,1634850000000,7.5030000000,7.5950000000,7.4160000000,7.4570000000,37056.2946850000,278040.4945318130,278040.4945318130,1,DORA-USDT
2021-10-22 06:00:00,1634853600000,7.4580000000,7.7010000000,7.4460000000,7.5480000000,39153.1300980000,296312.2503976730,296312.2503976730,1,DORA-USDT
2021-10-22 07:00:00,1634857200000,7.5470000000,7.6830000000,7.5200000000,7.5970000000,42011.4440190000,320240.3995722010,320240.3995722010,1,DORA-USDT
2021-10-22 08:00:00,1634860800000,7.5960000000,7.7270000000,7.5840000000,7.7020000000,26743.0840560000,204617.5789073650,204617.5789073650,1,DORA-USDT
2021-10-22 09:00:00,1634864400000,7.7000000000,7.7740000000,7.6360000000,7.6510000000,24870.5908520000,191782.2655010870,191782.2655010870,1,DORA-USDT
2021-10-22 10:00:00,1634868000000,7.6510000000,7.8550000000,7.6460000000,7.8330000000,43499.0397520000,335913.7052830830,335913.7052830830,1,DORA-USDT
2021-10-22 11:00:00,1634871600000,7.8360000000,7.9910000000,7.7940000000,7.9080000000,33435.2293090000,263895.3726068410,263895.3726068410,1,DORA-USDT
2021-10-22 12:00:00,1634875200000,7.9080000000,8.0000000000,7.7020000000,7.7960000000,47174.0232520000,370581.7259337520,370581.7259337520,1,DORA-USDT
2021-10-22 13:00:00,1634878800000,7.7960000000,7.8010000000,7.7200000000,7.7620000000,21638.5383170000,167813.7131000600,167813.7131000600,1,DORA-USDT
2021-10-22 14:00:00,1634882400000,7.7640000000,7.7770000000,7.6000000000,7.6300000000,39477.3664390000,303880.8008757480,303880.8008757480,1,DORA-USDT
2021-10-22 15:00:00,1634886000000,7.6290000000,7.7300000000,7.6000000000,7.6420000000,36838.6203140000,281191.3242572180,281191.3242572180,1,DORA-USDT
2021-10-22 16:00:00,1634889600000,7.6440000000,7.6770000000,7.5720000000,7.6310000000,23975.4103590000,182839.0678085730,182839.0678085730,1,DORA-USDT
2021-10-22 17:00:00,1634893200000,7.6310000000,7.7260000000,7.5520000000,7.7000000000,33961.7804470000,260145.6264568210,260145.6264568210,1,DORA-USDT
2021-10-22 18:00:00,1634896800000,7.7000000000,7.7280000000,7.6370000000,7.7110000000,26420.8294510000,202771.9296676250,202771.9296676250,1,DORA-USDT
2021-10-22 19:00:00,1634900400000,7.7110000000,7.7500000000,7.6100000000,7.7150000000,36606.9773700000,281855.1898050830,281855.1898050830,1,DORA-USDT
2021-10-22 20:00:00,1634904000000,7.7150000000,7.7600000000,7.6000000000,7.7330000000,28724.5224980000,220726.7980026590,220726.7980026590,1,DORA-USDT
2021-10-22 21:00:00,1634907600000,7.7350000000,7.7700000000,7.7160000000,7.7240000000,22412.6176160000,173433.7970627420,173433.7970627420,1,DORA-USDT
2021-10-22 22:00:00,1634911200000,7.7270000000,7.8080000000,7.5490000000,7.7900000000,51064.8580370000,391461.9651564270,391461.9651564270,1,DORA-USDT
2021-10-22 23:00:00,1634914800000,7.7900000000,7.9460000000,7.6170000000,7.6460000000,79751.3543630000,621678.8232443311,621678.8232443311,1,DORA-USDT
2021-10-23 00:00:00,1634918400000,7.6440000000,7.6730000000,7.4580000000,7.5790000000,65730.0814760000,497882.6179527610,497882.6179527610,1,DORA-USDT
2021-10-23 01:00:00,1634922000000,7.5770000000,7.7940000000,7.5730000000,7.6690000000,53624.4056550000,414014.7917529490,414014.7917529490,1,DORA-USDT
2021-10-23 02:00:00,1634925600000,7.6680000000,7.8070000000,7.6360000000,7.7740000000,36999.1771000000,285908.7179654430,285908.7179654430,1,DORA-USDT
2021-10-23 03:00:00,1634929200000,7.7740000000,7.7800000000,7.5700000000,7.6230000000,39633.0053230000,302736.1520118400,302736.1520118400,1,DORA-USDT
2021-10-23 04:00:00,1634932800000,7.6230000000,7.6280000000,7.5530000000,7.5580000000,15444.0526860000,117410.0850194750,117410.0850194750,1,DORA-USDT
2021-10-23 05:00:00,1634936400000,7.5580000000,7.5720000000,7.4670000000,7.4730000000,21448.5594740000,160985.8017722060,160985.8017722060,1,DORA-USDT
2021-10-23 06:00:00,1634940000000,7.4710000000,7.5210000000,7.4670000000,7.5070000000,17339.7804100000,129881.2831199730,129881.2831199730,1,DORA-USDT
2021-10-23 07:00:00,1634943600000,7.5080000000,7.5200000000,7.4400000000,7.4520000000,17712.4963010000,132465.3053910080,132465.3053910080,1,DORA-USDT
2021-10-23 08:00:00,1634947200000,7.4490000000,7.4530000000,7.3500000000,7.3770000000,27772.0522540000,205581.8573602830,205581.8573602830,1,DORA-USDT
2021-10-23 09:00:00,1634950800000,7.3780000000,7.4400000000,7.3730000000,7.4000000000,15906.8453810000,117716.7943586380,117716.7943586380,1,DORA-USDT
2021-10-23 10:00:00,1634954400000,7.4020000000,7.4200000000,7.3350000000,7.4140000000,23906.0024320000,176597.1656225840,176597.1656225840,1,DORA-USDT
2021-10-23 11:00:00,1634958000000,7.4120000000,7.5350000000,7.3880000000,7.4810000000,30852.8787200000,230316.7078993970,230316.7078993970,1,DORA-USDT
2021-10-23 12:00:00,1634961600000,7.4790000000,7.4860000000,7.4000000000,7.4260000000,27659.3590720000,205854.6076159790,205854.6076159790,1,DORA-USDT
2021-10-23 13:00:00,1634965200000,7.4230000000,7.4460000000,7.4010000000,7.4310000000,17274.4806750000,128210.3451806020,128210.3451806020,1,DORA-USDT
2021-10-23 14:00:00,1634968800000,7.4240000000,7.5060000000,7.4200000000,7.4690000000,14040.2650160000,104624.3622611930,104624.3622611930,1,DORA-USDT
2021-10-23 15:00:00,1634972400000,7.4700000000,7.6500000000,7.4370000000,7.5720000000,39202.5805880000,296322.9684042570,296322.9684042570,1,DORA-USDT
2021-10-23 16:00:00,1634976000000,7.5710000000,7.6280000000,7.5660000000,7.5870000000,20599.9484510000,156438.8694493310,156438.8694493310,1,DORA-USDT
2021-10-23 17:00:00,1634979600000,7.5880000000,7.6180000000,7.3750000000,7.4440000000,39622.1991490000,296159.4467498690,296159.4467498690,1,DORA-USDT
2021-10-23 18:00:00,1634983200000,7.4440000000,7.4850000000,7.4210000000,7.4380000000,25312.7540640000,188634.0382722710,188634.0382722710,1,DORA-USDT
2021-10-23 19:00:00,1634986800000,7.4390000000,7.6400000000,7.4150000000,7.5290000000,45327.7515070000,341929.5771614040,341929.5771614040,1,DORA-USDT
2021-10-23 20:00:00,1634990400000,7.5320000000,7.6270000000,7.4930000000,7.5160000000,26513.3593920000,199408.5162530460,199408.5162530460,1,DORA-USDT
2021-10-23 21:00:00,1634994000000,7.5160000000,7.5400000000,7.4510000000,7.5020000000,28551.2243390000,214106.3862623190,214106.3862623190,1,DORA-USDT
2021-10-23 22:00:00,1634997600000,7.4970000000,7.5500000000,7.4300000000,7.5290000000,26971.4760140000,201848.5076702400,201848.5076702400,1,DORA-USDT
2021-10-23 23:00:00,1635001200000,7.5290000000,7.6470000000,7.4670000000,7.5600000000,47556.2169020000,359820.5260417270,359820.5260417270,1,DORA-USDT
2021-10-24 00:00:00,1635004800000,7.5610000000,7.5710000000,7.3900000000,7.4300000000,39151.3050130000,292790.5545382400,292790.5545382400,1,DORA-USDT
2021-10-24 01:00:00,1635008400000,7.4310000000,7.5720000000,7.3760000000,7.4470000000,26714.0773090000,197997.8390973090,197997.8390973090,1,DORA-USDT
2021-10-24 02:00:00,1635012000000,7.4460000000,7.4600000000,7.3760000000,7.4110000000,27855.4256060000,206476.0669943080,206476.0669943080,1,DORA-USDT
2021-10-24 03:00:00,1635015600000,7.4120000000,7.4260000000,7.3820000000,7.3900000000,16364.1163600000,121073.9133098390,121073.9133098390,1,DORA-USDT
2021-10-24 04:00:00,1635019200000,7.3900000000,7.4320000000,7.3780000000,7.4130000000,16303.5512020000,120772.0022702270,120772.0022702270,1,DORA-USDT
2021-10-24 05:00:00,1635022800000,7.4140000000,7.5000000000,7.4030000000,7.4250000000,23695.8159480000,175929.3664439550,175929.3664439550,1,DORA-USDT
2021-10-24 06:00:00,1635026400000,7.4240000000,7.4700000000,7.4150000000,7.4240000000,22496.1378570000,167335.9975963150,167335.9975963150,1,DORA-USDT
2021-10-24 07:00:00,1635030000000,7.4220000000,7.4960000000,7.4080000000,7.4760000000,30793.7201560000,229271.2739182370,229271.2739182370,1,DORA-USDT
2021-10-24 08:00:00,1635033600000,7.4740000000,7.5000000000,7.4000000000,7.4270000000,19671.0270470000,146746.0807338970,146746.0807338970,1,DORA-USDT
2021-10-24 09:00:00,1635037200000,7.4260000000,7.4860000000,7.4050000000,7.4570000000,17891.5090610000,133560.1040319840,133560.1040319840,1,DORA-USDT
2021-10-24 10:00:00,1635040800000,7.4570000000,7.5230000000,7.4370000000,7.5060000000,24875.3256120000,186010.2736713480,186010.2736713480,1,DORA-USDT
2021-10-24 11:00:00,1635044400000,7.5090000000,7.5500000000,7.4950000000,7.5260000000,13793.4606680000,103767.1951212420,103767.1951212420,1,DORA-USDT
2021-10-24 12:00:00,1635048000000,7.5270000000,7.5390000000,7.4570000000,7.5180000000,25467.8920910000,191108.7101854080,191108.7101854080,1,DORA-USDT
2021-10-24 13:00:00,1635051600000,7.5180000000,7.5890000000,7.5000000000,7.5650000000,22501.1815640000,169733.4029143710,169733.4029143710,1,DORA-USDT
2021-10-24 14:00:00,1635055200000,7.5640000000,7.5800000000,7.5090000000,7.5250000000,18271.6726420000,137895.2339590060,137895.2339590060,1,DORA-USDT
2021-10-24 15:00:00,1635058800000,7.5240000000,7.5500000000,7.4980000000,7.5230000000,14360.1226300000,108117.0930330700,108117.0930330700,1,DORA-USDT
2021-10-24 16:00:00,1635062400000,7.5290000000,7.5340000000,7.4770000000,7.5010000000,19943.5295040000,149654.3044836160,149654.3044836160,1,DORA-USDT
2021-10-24 17:00:00,1635066000000,7.5020000000,7.6440000000,7.4940000000,7.5950000000,34353.7589060000,260538.1837642670,260538.1837642670,1,DORA-USDT
2021-10-24 18:00:00,1635069600000,7.5950000000,7.7100000000,7.5850000000,7.6840000000,46653.9902360000,356621.6054113570,356621.6054113570,1,DORA-USDT
2021-10-24 19:00:00,1635073200000,7.6850000000,7.7080000000,7.3750000000,7.4070000000,48795.0831330000,368398.5183611730,368398.5183611730,1,DORA-USDT
2021-10-24 20:00:00,1635076800000,7.4090000000,7.4530000000,7.3510000000,7.4410000000,47630.5250880000,352392.9258375750,352392.9258375750,1,DORA-USDT
2021-10-24 21:00:00,1635080400000,7.4410000000,7.5450000000,7.4280000000,7.4750000000,39537.5393240000,295644.8541927300,295644.8541927300,1,DORA-USDT
2021-10-24 22:00:00,1635084000000,7.4770000000,7.5270000000,7.4600000000,7.4940000000,19168.5287840000,143738.6907692190,143738.6907692190,1,DORA-USDT
2021-10-24 23:00:00,1635087600000,7.4930000000,7.5260000000,7.3950000000,7.4210000000,42873.6776390000,320073.6802022890,320073.6802022890,1,DORA-USDT
2021-10-25 00:00:00,1635091200000,7.4030000000,7.7730000000,7.3620000000,7.6980000000,74206.2901620000,563924.2265872930,563924.2265872930,1,DORA-USDT
2021-10-25 01:00:00,1635094800000,7.6970000000,7.7480000000,7.6560000000,7.7350000000,26517.7307310000,204343.4338460720,204343.4338460720,1,DORA-USDT
2021-10-25 02:00:00,1635098400000,7.7360000000,7.8370000000,7.6690000000,7.7880000000,43662.6935680000,338469.9411298960,338469.9411298960,1,DORA-USDT
2021-10-25 03:00:00,1635102000000,7.7870000000,7.8360000000,7.7480000000,7.7970000000,22434.9752150000,175304.9362197980,175304.9362197980,1,DORA-USDT
2021-10-25 04:00:00,1635105600000,7.7980000000,8.2500000000,7.7690000000,7.8730000000,29989.5897050000,235443.9620976920,235443.9620976920,1,DORA-USDT
2021-10-25 05:00:00,1635109200000,7.8740000000,7.9730000000,7.8610000000,7.9490000000,34754.5771880000,275463.9595210350,275463.9595210350,1,DORA-USDT
2021-10-25 06:00:00,1635112800000,7.9490000000,7.9880000000,7.9080000000,7.9180000000,19363.8837240000,153710.9632140400,153710.9632140400,1,DORA-USDT
2021-10-25 07:00:00,1635116400000,7.9170000000,7.9660000000,7.8430000000,7.8530000000,29488.9123870000,232982.1370082970,232982.1370082970,1,DORA-USDT
2021-10-25 08:00:00,1635120000000,7.8550000000,7.9910000000,7.8530000000,7.9640000000,32743.8726170000,259362.1136241180,259362.1136241180,1,DORA-USDT
2021-10-25 09:00:00,1635123600000,7.9610000000,8.2500000000,7.9400000000,8.1940000000,53557.1258320000,434411.4608453170,434411.4608453170,1,DORA-USDT
2021-10-25 10:00:00,1635127200000,8.1930000000,8.1980000000,8.0300000000,8.0920000000,36458.5595110000,295604.3509571970,295604.3509571970,1,DORA-USDT
2021-10-25 11:00:00,1635130800000,8.0960000000,8.2380000000,8.0700000000,8.1930000000,31591.4801510000,257476.4559019900,257476.4559019900,1,DORA-USDT
2021-10-25 12:00:00,1635134400000,8.1930000000,8.2080000000,8.0420000000,8.1050000000,39370.0473480000,319992.3986537570,319992.3986537570,1,DORA-USDT
2021-10-25 13:00:00,1635138000000,8.1050000000,8.1590000000,8.0860000000,8.1460000000,19434.2859500000,158034.2048544750,158034.2048544750,1,DORA-USDT
2021-10-25 14:00:00,1635141600000,8.1440000000,8.1560000000,8.1340000000,8.1400000000,9413.1894180000,76641.0686157040,76641.0686157040,1,DORA-USDT
2021-10-25 15:00:00,1635145200000,8.1380000000,8.2080000000,8.1340000000,8.1910000000,14803.7845630000,121109.5706663540,121109.5706663540,1,DORA-USDT
2021-10-25 16:00:00,1635148800000,8.1850000000,8.2020000000,8.1290000000,8.1600000000,17184.9180200000,140200.8042297250,140200.8042297250,1,DORA-USDT
2021-10-25 17:00:00,1635152400000,8.1600000000,8.1790000000,8.0220000000,8.0320000000,52076.4401680000,421331.5272981660,421331.5272981660,1,DORA-USDT
2021-10-25 18:00:00,1635156000000,8.0300000000,8.0310000000,7.8300000000,7.9230000000,51164.5296510000,404889.1839005040,404889.1839005040,1,DORA-USDT
2021-10-25 19:00:00,1635159600000,7.9230000000,7.9770000000,7.7790000000,7.8080000000,34461.9765480000,272008.8965566250,272008.8965566250,1,DORA-USDT
2021-10-25 20:00:00,1635163200000,7.8080000000,7.8810000000,7.7560000000,7.8620000000,27322.1925570000,214161.2144061010,214161.2144061010,1,DORA-USDT
2021-10-25 21:00:00,1635166800000,7.8620000000,7.9330000000,7.8300000000,7.9330000000,28038.7366460000,221016.6177870130,221016.6177870130,1,DORA-USDT
2021-10-25 22:00:00,1635170400000,7.9320000000,7.9320000000,7.7540000000,7.8420000000,31589.9373430000,247988.0788276580,247988.0788276580,1,DORA-USDT
2021-10-25 23:00:00,1635174000000,7.8430000000,7.9060000000,7.7220000000,7.9000000000,34131.7704170000,266679.2407488900,266679.2407488900,1,DORA-USDT
2021-10-26 00:00:00,1635177600000,7.9020000000,7.9020000000,7.7430000000,7.8060000000,33969.6702880000,264918.4971938710,264918.4971938710,1,DORA-USDT
2021-10-26 01:00:00,1635181200000,7.8050000000,7.8090000000,7.7140000000,7.7530000000,23099.7891910000,179004.8259914210,179004.8259914210,1,DORA-USDT
2021-10-26 02:00:00,1635184800000,7.7530000000,7.7720000000,7.6560000000,7.7030000000,26650.7317550000,205600.7372020350,205600.7372020350,1,DORA-USDT
2021-10-26 03:00:00,1635188400000,7.7040000000,7.7210000000,7.6680000000,7.6850000000,11439.4237720000,88044.0508428700,88044.0508428700,1,DORA-USDT
2021-10-26 04:00:00,1635192000000,7.6860000000,7.7130000000,7.6680000000,7.6900000000,16106.0405840000,123782.0545519140,123782.0545519140,1,DORA-USDT
2021-10-26 05:00:00,1635195600000,7.6900000000,7.7470000000,7.6440000000,7.6740000000,24176.3372500000,186074.2312651540,186074.2312651540,1,DORA-USDT
2021-10-26 06:00:00,1635199200000,7.6710000000,7.6910000000,7.6010000000,7.6010000000,21560.6744160000,165039.8094566610,165039.8094566610,1,DORA-USDT
2021-10-26 07:00:00,1635202800000,7.6030000000,7.6390000000,7.5600000000,7.6020000000,20626.8756170000,156837.7770891840,156837.7770891840,1,DORA-USDT
2021-10-26 08:00:00,1635206400000,7.6020000000,7.6340000000,7.5460000000,7.6310000000,23148.7528350000,175541.1517328670,175541.1517328670,1,DORA-USDT
2021-10-26 09:00:00,1635210000000,7.6360000000,7.6540000000,7.6040000000,7.6330000000,15056.5020100000,114906.4294593460,114906.4294593460,1,DORA-USDT
2021-10-26 10:00:00,1635213600000,7.6350000000,7.7530000000,7.6180000000,7.7280000000,30917.0321390000,237954.6179142730,237954.6179142730,1,DORA-USDT
2021-10-26 11:00:00,1635217200000,7.7260000000,7.8550000000,7.7190000000,7.7990000000,23925.5442850000,186003.4220166270,186003.4220166270,1,DORA-USDT
2021-10-26 12:00:00,1635220800000,7.8110000000,7.8470000000,7.7250000000,7.7340000000,27951.6785170000,217358.7754049990,217358.7754049990,1,DORA-USDT
2021-10-26 13:00:00,1635224400000,7.7340000000,7.8070000000,7.7190000000,7.7850000000,25977.6810910000,201652.4641295800,201652.4641295800,1,DORA-USDT
2021-10-26 14:00:00,1635228000000,7.7870000000,7.8460000000,7.7680000000,7.7880000000,20932.3229530000,163334.9477843160,163334.9477843160,1,DORA-USDT
2021-10-26 15:00:00,1635231600000,7.7870000000,7.7960000000,7.7610000000,7.7810000000,13842.0304560000,107692.6490937220,107692.6490937220,1,DORA-USDT
2021-10-26 16:00:00,1635235200000,7.7810000000,7.8130000000,7.7790000000,7.7960000000,12283.1764690000,95840.2415343980,95840.2415343980,1,DORA-USDT
2021-10-26 17:00:00,1635238800000,7.7950000000,7.8120000000,7.7000000000,7.7490000000,25290.5175840000,196166.9500198860,196166.9500198860,1,DORA-USDT
2021-10-26 18:00:00,1635242400000,7.7370000000,7.7720000000,7.7090000000,7.7180000000,22929.5541130000,177366.8438353790,177366.8438353790,1,DORA-USDT
2021-10-26 19:00:00,1635246000000,7.7170000000,7.7500000000,7.6860000000,7.7060000000,21756.5520170000,168032.9691203790,168032.9691203790,1,DORA-USDT
2021-10-26 20:00:00,1635249600000,7.7070000000,7.7220000000,7.6070000000,7.6770000000,24934.8867630000,191066.7534426420,191066.7534426420,1,DORA-USDT
2021-10-26 21:00:00,1635253200000,7.6680000000,7.6740000000,7.6000000000,7.6210000000,26374.4399110000,201532.8553624450,201532.8553624450,1,DORA-USDT
2021-10-26 22:00:00,1635256800000,7.6220000000,7.6330000000,7.4650000000,7.5160000000,46372.3935110000,349326.4813218460,349326.4813218460,1,DORA-USDT
2021-10-26 23:00:00,1635260400000,7.5160000000,7.6090000000,7.5030000000,7.5760000000,28886.9576720000,218645.8344929010,218645.8344929010,1,DORA-USDT
2021-10-27 00:00:00,1635264000000,7.5770000000,7.5900000000,7.5020000000,7.5240000000,31079.4525300000,234394.4962399670,234394.4962399670,1,DORA-USDT
2021-10-27 01:00:00,1635267600000,7.5230000000,7.5760000000,7.5130000000,7.5460000000,14880.4694170000,112203.2710506350,112203.2710506350,1,DORA-USDT
2021-10-27 02:00:00,1635271200000,7.5470000000,7.5570000000,7.5000000000,7.5040000000,18047.3378770000,135745.1967606070,135745.1967606070,1,DORA-USDT
2021-10-27 03:00:00,1635274800000,7.5050000000,7.5270000000,7.5000000000,7.5040000000,11976.2325050000,89934.4127531210,89934.4127531210,1,DORA-USDT
2021-10-27 04:00:00,1635278400000,7.5070000000,7.5200000000,7.5000000000,7.5070000000,11818.0098590000,88722.3086074110,88722.3086074110,1,DORA-USDT
2021-10-27 05:00:00,1635282000000,7.5070000000,7.5680000000,7.5000000000,7.5080000000,22964.4353050000,172719.1350617610,172719.1350617610,1,DORA-USDT
2021-10-27 06:00:00,1635285600000,7.5090000000,7.5490000000,7.4650000000,7.5030000000,25432.4931760000,190932.6927525610,190932.6927525610,1,DORA-USDT
2021-10-27 07:00:00,1635289200000,7.5010000000,7.8200000000,7.4910000000,7.8000000000,55622.9984470000,428747.2483057970,428747.2483057970,1,DORA-USDT
2021-10-27 08:00:00,1635292800000,7.8000000000,7.8290000000,7.6840000000,7.8270000000,34972.6764830000,271497.3683730310,271497.3683730310,1,DORA-USDT
2021-10-27 09:00:00,1635296400000,7.8290000000,7.9390000000,7.8150000000,7.9180000000,26453.8275930000,209021.5167538860,209021.5167538860,1,DORA-USDT
2021-10-27 10:00:00,1635300000000,7.9180000000,7.9790000000,7.9110000000,7.9690000000,23454.4364900000,186273.7140232480,186273.7140232480,1,DORA-USDT
2021-10-27 11:00:00,1635303600000,7.9710000000,8.0500000000,7.9230000000,7.9280000000,33843.4216500000,270126.4676690640,270126.4676690640,1,DORA-USDT
2021-10-27 12:00:00,1635307200000,7.9280000000,7.9430000000,7.8900000000,7.9010000000,15129.5214970000,119762.2459586650,119762.2459586650,1,DORA-USDT
2021-10-27 13:00:00,1635310800000,7.9020000000,7.9150000000,7.7990000000,7.8810000000,25462.8632110000,200347.7012692190,200347.7012692190,1,DORA-USDT
2021-10-27 14:00:00,1635314400000,7.8820000000,8.2860000000,7.8810000000,8.1210000000,68429.6771410000,552895.6836748670,552895.6836748670,1,DORA-USDT
2021-10-27 15:00:00,1635318000000,8.1210000000,8.1340000000,7.6200000000,7.6360000000,75455.5405400000,594388.8595586231,594388.8595586231,1,DORA-USDT
2021-10-27 16:00:00,1635321600000,7.6500000000,7.6500000000,7.0000000000,7.2340000000,150921.8758200000,1082572.7020825229,1082572.7020825229,1,DORA-USDT
2021-10-27 17:00:00,1635325200000,7.2310000000,7.3110000000,7.0000000000,7.1860000000,103936.5352510000,744938.9177830700,744938.9177830700,1,DORA-USDT
2021-10-27 18:00:00,1635328800000,7.1860000000,7.3860000000,7.1410000000,7.3840000000,53351.0815130000,387041.6700951930,387041.6700951930,1,DORA-USDT
2021-10-27 19:00:00,1635332400000,7.3830000000,7.4310000000,7.1530000000,7.1730000000,56422.0413990000,411126.6059993020,411126.6059993020,1,DORA-USDT
2021-10-27 20:00:00,1635336000000,7.1730000000,7.2360000000,7.1300000000,7.2090000000,49472.6515400000,355280.9635977010,355280.9635977010,1,DORA-USDT
2021-10-27 21:00:00,1635339600000,7.2100000000,7.2690000000,7.1290000000,7.1860000000,46502.7232160000,334418.6377175150,334418.6377175150,1,DORA-USDT
2021-10-27 22:00:00,1635343200000,7.1830000000,7.2350000000,7.1010000000,7.1620000000,42828.9890440000,306568.0683029320,306568.0683029320,1,DORA-USDT
2021-10-27 23:00:00,1635346800000,7.1620000000,7.2010000000,7.0310000000,7.0810000000,44034.1113930000,312980.0039410460,312980.0039410460,1,DORA-USDT
2021-10-28 00:00:00,1635350400000,7.0800000000,7.0960000000,7.0000000000,7.0150000000,26866.1511950000,189054.5395970340,189054.5395970340,1,DORA-USDT
2021-10-28 01:00:00,1635354000000,7.0130000000,7.1300000000,6.9670000000,7.1220000000,39857.6419160000,280685.7794789420,280685.7794789420,1,DORA-USDT
2021-10-28 02:00:00,1635357600000,7.1200000000,7.2920000000,7.0920000000,7.2490000000,35110.9993050000,252346.5666695340,252346.5666695340,1,DORA-USDT
2021-10-28 03:00:00,1635361200000,7.2510000000,7.2550000000,6.9420000000,7.0470000000,62852.5733370000,444103.8342702580,444103.8342702580,1,DORA-USDT
2021-10-28 04:00:00,1635364800000,7.0460000000,7.1890000000,6.9950000000,7.0800000000,47072.1751070000,334080.2473017100,334080.2473017100,1,DORA-USDT
2021-10-28 05:00:00,1635368400000,7.0780000000,7.0780000000,6.9880000000,7.0080000000,28419.1262590000,199601.4879516130,199601.4879516130,1,DORA-USDT
2021-10-28 06:00:00,1635372000000,7.0090000000,7.0100000000,6.8680000000,6.9710000000,52550.5962340000,365484.9844548350,365484.9844548350,1,DORA-USDT
2021-10-28 07:00:00,1635375600000,6.9710000000,7.0250000000,6.8690000000,6.8730000000,50164.5892340000,348788.5510685830,348788.5510685830,1,DORA-USDT
2021-10-28 08:00:00,1635379200000,6.8730000000,6.9820000000,6.8590000000,6.8960000000,38617.8393350000,266907.6366955100,266907.6366955100,1,DORA-USDT
2021-10-28 09:00:00,1635382800000,6.8960000000,6.9480000000,6.8350000000,6.8860000000,41861.0439750000,288567.4336709360,288567.4336709360,1,DORA-USDT
2021-10-28 10:00:00,1635386400000,6.8870000000,6.9350000000,6.8340000000,6.9270000000,41659.3082490000,287136.4679874490,287136.4679874490,1,DORA-USDT
2021-10-28 11:00:00,1635390000000,6.9270000000,6.9660000000,6.7000000000,6.7790000000,38453.9451790000,263526.0749421290,263526.0749421290,1,DORA-USDT
2021-10-28 12:00:00,1635393600000,6.7790000000,6.7920000000,6.6620000000,6.6650000000,25311.2429710000,169949.8482673960,169949.8482673960,1,DORA-USDT
2021-10-28 13:00:00,1635397200000,6.6680000000,6.7260000000,6.6000000000,6.6550000000,30282.1729540000,201893.4292012610,201893.4292012610,1,DORA-USDT
2021-10-28 14:00:00,1635400800000,6.6560000000,6.7430000000,6.6390000000,6.7200000000,28625.2264690000,191656.7318236810,191656.7318236810,1,DORA-USDT
2021-10-28 15:00:00,1635404400000,6.7200000000,6.7380000000,6.6680000000,6.6840000000,22179.3585830000,148483.3039115120,148483.3039115120,1,DORA-USDT
2021-10-28 16:00:00,1635408000000,6.6840000000,6.9570000000,6.6620000000,6.9260000000,47480.4432190000,322630.1028512590,322630.1028512590,1,DORA-USDT
2021-10-28 17:00:00,1635411600000,6.9230000000,6.9690000000,6.7910000000,6.8580000000,51818.7117860000,355472.0857987270,355472.0857987270,1,DORA-USDT
2021-10-28 18:00:00,1635415200000,6.8590000000,6.9490000000,6.7550000000,6.8010000000,40514.9464940000,277515.8261643610,277515.8261643610,1,DORA-USDT
2021-10-28 19:00:00,1635418800000,6.7990000000,6.8210000000,6.7750000000,6.8210000000,11250.3217280000,76486.2394177010,76486.2394177010,1,DORA-USDT
2021-10-28 20:00:00,1635422400000,6.8270000000,7.0590000000,6.8090000000,7.0240000000,60174.0647710000,416871.6837522310,416871.6837522310,1,DORA-USDT
2021-10-28 21:00:00,1635426000000,7.0220000000,7.1390000000,7.0010000000,7.1380000000,36668.9474060000,258495.3943930040,258495.3943930040,1,DORA-USDT
2021-10-28 22:00:00,1635429600000,7.1370000000,7.1470000000,7.0000000000,7.1010000000,52116.4525930000,368611.6338313500,368611.6338313500,1,DORA-USDT
2021-10-28 23:00:00,1635433200000,7.1000000000,7.1130000000,7.0020000000,7.1000000000,34504.8679540000,243092.5500783920,243092.5500783920,1,DORA-USDT
2021-10-29 00:00:00,1635436800000,7.0830000000,7.1680000000,7.0110000000,7.0140000000,43693.6943640000,310041.0804527550,310041.0804527550,1,DORA-USDT
2021-10-29 01:00:00,1635440400000,7.0140000000,7.1780000000,7.0000000000,7.1700000000,39386.0997680000,279800.2197822580,279800.2197822580,1,DORA-USDT
2021-10-29 02:00:00,1635444000000,7.1700000000,7.1740000000,7.0000000000,7.0870000000,57854.9594850000,409757.4655395600,409757.4655395600,1,DORA-USDT
2021-10-29 03:00:00,1635447600000,7.0880000000,7.2770000000,7.0710000000,7.2710000000,50084.2427980000,359641.5659413830,359641.5659413830,1,DORA-USDT
2021-10-29 04:00:00,1635451200000,7.2710000000,7.3000000000,7.0970000000,7.1100000000,50564.4976380000,363488.8925732880,363488.8925732880,1,DORA-USDT
2021-10-29 05:00:00,1635454800000,7.1120000000,7.1780000000,7.0000000000,7.1510000000,47910.1856100000,339759.5014842850,339759.5014842850,1,DORA-USDT
2021-10-29 06:00:00,1635458400000,7.1510000000,7.1590000000,7.0790000000,7.0870000000,28150.3794610000,200587.1917003620,200587.1917003620,1,DORA-USDT
2021-10-29 07:00:00,1635462000000,7.0820000000,7.0890000000,7.0320000000,7.0570000000,29752.6508820000,210031.9391863650,210031.9391863650,1,DORA-USDT
2021-10-29 08:00:00,1635465600000,7.0560000000,7.1620000000,7.0270000000,7.1370000000,40065.0153510000,284301.1218183390,284301.1218183390,1,DORA-USDT
2021-10-29 09:00:00,1635469200000,7.1380000000,7.2020000000,7.0390000000,7.1790000000,40377.0527670000,288157.1216704210,288157.1216704210,1,DORA-USDT
2021-10-29 10:00:00,1635472800000,7.1790000000,7.2400000000,7.1500000000,7.1970000000,27821.2692350000,200155.5595741250,200155.5595741250,1,DORA-USDT
2021-10-29 11:00:00,1635476400000,7.1960000000,7.2150000000,7.0760000000,7.0930000000,30615.9680620000,218246.6010297330,218246.6010297330,1,DORA-USDT
2021-10-29 12:00:00,1635480000000,7.0940000000,7.3340000000,7.0930000000,7.3210000000,42583.7389110000,308493.4271302700,308493.4271302700,1,DORA-USDT
2021-10-29 13:00:00,1635483600000,7.3210000000,7.3270000000,7.1910000000,7.2470000000,35537.4374170000,257615.4179466200,257615.4179466200,1,DORA-USDT
2021-10-29 14:00:00,1635487200000,7.2470000000,7.7990000000,7.2430000000,7.4840000000,78425.4590820000,588751.3697779230,588751.3697779230,1,DORA-USDT
2021-10-29 15:00:00,1635490800000,7.4820000000,7.5200000000,7.3000000000,7.5180000000,64765.1057790000,479475.4010637830,479475.4010637830,1,DORA-USDT
2021-10-29 16:00:00,1635494400000,7.5240000000,7.5280000000,7.3130000000,7.3240000000,50931.7782160000,376010.5547403840,376010.5547403840,1,DORA-USDT
2021-10-29 17:00:00,1635498000000,7.3250000000,7.3320000000,7.1850000000,7.1870000000,30896.8234610000,223797.5075355750,223797.5075355750,1,DORA-USDT
2021-10-29 18:00:00,1635501600000,7.1860000000,7.2210000000,7.1070000000,7.1340000000,30072.6124390000,215189.8529071680,215189.8529071680,1,DORA-USDT
2021-10-29 19:00:00,1635505200000,7.1350000000,7.1810000000,7.0630000000,7.1790000000,37255.4591260000,264951.6382789680,264951.6382789680,1,DORA-USDT
2021-10-29 20:00:00,1635508800000,7.1790000000,7.2960000000,7.0340000000,7.0740000000,51670.9877250000,370451.8828487010,370451.8828487010,1,DORA-USDT
2021-10-29 21:00:00,1635512400000,7.0740000000,7.0930000000,6.9940000000,7.0780000000,39175.7330990000,275893.5373391200,275893.5373391200,1,DORA-USDT
2021-10-29 22:00:00,1635516000000,7.0810000000,7.0910000000,6.9990000000,7.0160000000,37502.8417120000,264343.4599995750,264343.4599995750,1,DORA-USDT
2021-10-29 23:00:00,1635519600000,7.0150000000,7.1060000000,7.0010000000,7.0530000000,48295.2138470000,340754.1401334660,340754.1401334660,1,DORA-USDT
2021-10-30 00:00:00,1635523200000,7.0610000000,7.1480000000,7.0090000000,7.1170000000,29043.7677690000,205431.6870185480,205431.6870185480,1,DORA-USDT
2021-10-30 01:00:00,1635526800000,7.1160000000,7.1330000000,7.0000000000,7.0760000000,25077.8392620000,177484.7211028350,177484.7211028350,1,DORA-USDT
2021-10-30 02:00:00,1635530400000,7.0730000000,7.0750000000,7.0300000000,7.0390000000,17885.1118780000,126189.1011708110,126189.1011708110,1,DORA-USDT
2021-10-30 03:00:00,1635534000000,7.0400000000,7.0660000000,7.0050000000,7.0590000000,19765.2659920000,139153.0850848730,139153.0850848730,1,DORA-USDT
2021-10-30 04:00:00,1635537600000,7.0580000000,7.1270000000,7.0480000000,7.0840000000,25462.9370130000,180433.6437819550,180433.6437819550,1,DORA-USDT
2021-10-30 05:00:00,1635541200000,7.0820000000,7.1000000000,7.0190000000,7.0420000000,23290.6188300000,164395.4995358690,164395.4995358690,1,DORA-USDT
2021-10-30 06:00:00,1635544800000,7.0400000000,7.0600000000,7.0020000000,7.0460000000,22693.2888420000,159729.3073711610,159729.3073711610,1,DORA-USDT
2021-10-30 07:00:00,1635548400000,7.0470000000,7.1200000000,7.0300000000,7.0570000000,27562.5849280000,194843.8501225580,194843.8501225580,1,DORA-USDT
2021-10-30 08:00:00,1635552000000,7.0550000000,7.0820000000,7.0010000000,7.0140000000,27583.6587700000,193957.5083546060,193957.5083546060,1,DORA-USDT
2021-10-30 09:00:00,1635555600000,7.0120000000,7.0330000000,7.0000000000,7.0240000000,15201.0347480000,106684.2583309810,106684.2583309810,1,DORA-USDT
2021-10-30 10:00:00,1635559200000,7.0260000000,7.0390000000,7.0000000000,7.0210000000,15010.1353330000,105268.7060545670,105268.7060545670,1,DORA-USDT
2021-10-30 11:00:00,1635562800000,7.0210000000,7.0390000000,7.0000000000,7.0260000000,16384.6156400000,114986.9076194590,114986.9076194590,1,DORA-USDT
2021-10-30 12:00:00,1635566400000,7.0260000000,7.1520000000,7.0220000000,7.0660000000,26908.3001730000,190615.9160248360,190615.9160248360,1,DORA-USDT
2021-10-30 13:00:00,1635570000000,7.0680000000,7.0680000000,7.0000000000,7.0030000000,18556.1967270000,130256.3193101180,130256.3193101180,1,DORA-USDT
2021-10-30 14:00:00,1635573600000,7.0050000000,7.0140000000,7.0000000000,7.0020000000,13035.7411980000,91334.0547974140,91334.0547974140,1,DORA-USDT
2021-10-30 15:00:00,1635577200000,7.0010000000,7.0490000000,7.0000000000,7.0100000000,14465.0856340000,101387.3830630290,101387.3830630290,1,DORA-USDT
2021-10-30 16:00:00,1635580800000,7.0090000000,7.0200000000,6.9500000000,6.9740000000,20929.7599420000,146297.7640497100,146297.7640497100,1,DORA-USDT
2021-10-30 17:00:00,1635584400000,6.9740000000,6.9800000000,6.9500000000,6.9610000000,18091.1811500000,125945.4466676330,125945.4466676330,1,DORA-USDT
2021-10-30 18:00:00,1635588000000,6.9610000000,7.0160000000,6.9500000000,6.9620000000,29196.8755260000,203460.4669745270,203460.4669745270,1,DORA-USDT
2021-10-30 19:00:00,1635591600000,6.9630000000,6.9880000000,6.9500000000,6.9560000000,17330.1141310000,120654.9140378430,120654.9140378430,1,DORA-USDT
2021-10-30 20:00:00,1635595200000,6.9580000000,6.9720000000,6.9130000000,6.9340000000,15870.7069360000,110314.9609485040,110314.9609485040,1,DORA-USDT
2021-10-30 21:00:00,1635598800000,6.9340000000,6.9880000000,6.9000000000,6.9430000000,36205.1954960000,251495.7949346810,251495.7949346810,1,DORA-USDT
2021-10-30 22:00:00,1635602400000,6.9420000000,6.9980000000,6.9020000000,6.9390000000,32121.4254090000,223350.0238727330,223350.0238727330,1,DORA-USDT
2021-10-30 23:00:00,1635606000000,6.9400000000,6.9540000000,6.9020000000,6.9150000000,20621.8161340000,142755.5818064160,142755.5818064160,1,DORA-USDT
2021-10-31 00:00:00,1635609600000,6.9160000000,6.9680000000,6.9040000000,6.9510000000,21149.2136010000,146543.9872532870,146543.9872532870,1,DORA-USDT
2021-10-31 01:00:00,1635613200000,6.9530000000,6.9980000000,6.9470000000,6.9950000000,14597.9961780000,101777.5293333960,101777.5293333960,1,DORA-USDT
2021-10-31 02:00:00,1635616800000,6.9940000000,7.0000000000,6.9510000000,6.9990000000,12847.7968280000,89761.5771813930,89761.5771813930,1,DORA-USDT
2021-10-31 03:00:00,1635620400000,6.9990000000,7.0820000000,6.9800000000,7.0330000000,28335.1874140000,199255.8601519360,199255.8601519360,1,DORA-USDT
2021-10-31 04:00:00,1635624000000,7.0340000000,7.0490000000,6.9890000000,7.0110000000,31704.1023250000,222676.6838006210,222676.6838006210,1,DORA-USDT
2021-10-31 05:00:00,1635627600000,7.0120000000,7.0480000000,6.9750000000,7.0170000000,24826.1285780000,174119.5490789780,174119.5490789780,1,DORA-USDT
2021-10-31 06:00:00,1635631200000,7.0160000000,7.0390000000,7.0000000000,7.0100000000,14136.6880810000,99106.4720734180,99106.4720734180,1,DORA-USDT
2021-10-31 07:00:00,1635634800000,7.0110000000,7.2200000000,7.0000000000,7.1920000000,42292.2109760000,300112.4771346520,300112.4771346520,1,DORA-USDT
2021-10-31 08:00:00,1635638400000,7.1890000000,7.5460000000,7.1820000000,7.3130000000,81347.0128410000,601239.0476555020,601239.0476555020,1,DORA-USDT
2021-10-31 09:00:00,1635642000000,7.3130000000,7.3650000000,7.2790000000,7.3420000000,32876.8760030000,240966.4751418950,240966.4751418950,1,DORA-USDT
2021-10-31 10:00:00,1635645600000,7.3420000000,7.6000000000,7.2670000000,7.4520000000,64984.4906120000,478791.9126437950,478791.9126437950,1,DORA-USDT
2021-10-31 11:00:00,1635649200000,7.4500000000,7.6020000000,7.4310000000,7.5010000000,42486.2018520000,318809.6071787520,318809.6071787520,1,DORA-USDT
2021-10-31 12:00:00,1635652800000,7.5030000000,7.9000000000,7.5000000000,7.6690000000,38867.8506100000,295530.0235106530,295530.0235106530,1,DORA-USDT
2021-10-31 13:00:00,1635656400000,7.6690000000,7.7140000000,7.5650000000,7.6860000000,37856.3848180000,288369.8460126000,288369.8460126000,1,DORA-USDT
2021-10-31 14:00:00,1635660000000,7.6860000000,7.7400000000,7.6600000000,7.6840000000,25744.0739290000,198068.7165184290,198068.7165184290,1,DORA-USDT
2021-10-31 15:00:00,1635663600000,7.6840000000,7.7140000000,7.6000000000,7.7090000000,40648.4483340000,310513.9085453420,310513.9085453420,1,DORA-USDT
2021-10-31 16:00:00,1635667200000,7.7060000000,7.7180000000,7.2710000000,7.3040000000,78019.6013810000,583158.5121100660,583158.5121100660,1,DORA-USDT
2021-10-31 17:00:00,1635670800000,7.3060000000,7.3330000000,7.2900000000,7.3190000000,22616.5165140000,165140.1409296390,165140.1409296390,1,DORA-USDT
2021-10-31 18:00:00,1635674400000,7.3180000000,7.3380000000,7.2900000000,7.3040000000,18285.2057090000,133566.9513918560,133566.9513918560,1,DORA-USDT
2021-10-31 19:00:00,1635678000000,7.3060000000,7.3140000000,7.2900000000,7.2930000000,11682.1201460000,85241.4369288660,85241.4369288660,1,DORA-USDT
2021-10-31 20:00:00,1635681600000,7.2930000000,7.2950000000,7.2570000000,7.2770000000,17575.5113950000,127880.9937088470,127880.9937088470,1,DORA-USDT
2021-10-31 21:00:00,1635685200000,7.2770000000,7.3180000000,7.2590000000,7.2650000000,21249.5829020000,154914.4714218880,154914.4714218880,1,DORA-USDT
2021-10-31 22:00:00,1635688800000,7.2650000000,7.2730000000,7.0800000000,7.1660000000,46498.5048340000,333444.0405912170,333444.0405912170,1,DORA-USDT
2021-10-31 23:00:00,1635692400000,7.1650000000,7.2820000000,7.1530000000,7.2770000000,25712.9514910000,185957.8384530700,185957.8384530700,1,DORA-USDT
2021-11-01 00:00:00,1635696000000,7.2830000000,7.2960000000,7.2510000000,7.2810000000,13004.4868680000,94637.2455234030,94637.2455234030,1,DORA-USDT
2021-11-01 01:00:00,1635699600000,7.2840000000,7.2940000000,7.2610000000,7.2840000000,12995.2782620000,94567.2046797730,94567.2046797730,1,DORA-USDT
2021-11-01 02:00:00,1635703200000,7.2830000000,7.2890000000,7.2680000000,7.2740000000,10063.9931680000,73225.5069716530,73225.5069716530,1,DORA-USDT
2021-11-01 03:00:00,1635706800000,7.2740000000,7.2880000000,7.2680000000,7.2740000000,8526.8778720000,62041.7202109130,62041.7202109130,1,DORA-USDT
2021-11-01 04:00:00,1635710400000,7.2730000000,7.2880000000,7.2690000000,7.2770000000,11656.1562480000,84816.7843975420,84816.7843975420,1,DORA-USDT
2021-11-01 05:00:00,1635714000000,7.2770000000,7.2930000000,7.2710000000,7.2780000000,9802.3488860000,71374.5471723010,71374.5471723010,1,DORA-USDT
2021-11-01 06:00:00,1635717600000,7.2780000000,7.2870000000,7.2680000000,7.2820000000,7565.7366230000,55055.9096925300,55055.9096925300,1,DORA-USDT
2021-11-01 07:00:00,1635721200000,7.2800000000,7.3030000000,7.2690000000,7.2730000000,9909.6859230000,72187.8912343230,72187.8912343230,1,DORA-USDT
2021-11-01 08:00:00,1635724800000,7.2730000000,7.2920000000,7.2680000000,7.2710000000,14079.5581120000,102445.7845476080,102445.7845476080,1,DORA-USDT
2021-11-01 09:00:00,1635728400000,7.2700000000,7.3100000000,7.2690000000,7.2930000000,8009.8957590000,58393.5227412810,58393.5227412810,1,DORA-USDT
2021-11-01 10:00:00,1635732000000,7.2930000000,7.3090000000,6.9270000000,6.9870000000,72203.9070120000,506471.7002523390,506471.7002523390,1,DORA-USDT
2021-11-01 11:00:00,1635735600000,6.9870000000,7.0400000000,6.9480000000,7.0030000000,29195.9810580000,204333.8531682390,204333.8531682390,1,DORA-USDT
2021-11-01 12:00:00,1635739200000,7.0010000000,7.0980000000,7.0000000000,7.0950000000,14628.8061090000,103150.2837992230,103150.2837992230,1,DORA-USDT
2021-11-01 13:00:00,1635742800000,7.0970000000,7.1010000000,7.0150000000,7.0610000000,33748.0776340000,238609.5437235420,238609.5437235420,1,DORA-USDT
2021-11-01 14:00:00,1635746400000,7.0600000000,7.0750000000,7.0000000000,7.0440000000,26606.2350340000,187256.0208121730,187256.0208121730,1,DORA-USDT
2021-11-01 15:00:00,1635750000000,7.0430000000,7.1640000000,6.9890000000,7.0100000000,53105.0681990000,373227.9233934360,373227.9233934360,1,DORA-USDT
2021-11-01 16:00:00,1635753600000,7.0140000000,7.1040000000,7.0020000000,7.0740000000,30001.8858660000,211481.3093842000,211481.3093842000,1,DORA-USDT
2021-11-01 17:00:00,1635757200000,7.0770000000,7.0770000000,7.0230000000,7.0540000000,17149.2950250000,121111.9415796480,121111.9415796480,1,DORA-USDT
2021-11-01 18:00:00,1635760800000,7.0550000000,7.1290000000,7.0340000000,7.1210000000,25349.9033930000,179618.1509248610,179618.1509248610,1,DORA-USDT
2021-11-01 19:00:00,1635764400000,7.1190000000,7.1470000000,7.0930000000,7.1000000000,22199.4308100000,158110.2645553370,158110.2645553370,1,DORA-USDT
2021-11-01 20:00:00,1635768000000,7.0990000000,7.1680000000,7.0960000000,7.1430000000,18409.7035860000,131409.8748702260,131409.8748702260,1,DORA-USDT
2021-11-01 21:00:00,1635771600000,7.1430000000,7.2400000000,7.1120000000,7.2130000000,20948.2914010000,150223.6444193440,150223.6444193440,1,DORA-USDT
2021-11-01 22:00:00,1635775200000,7.2050000000,7.3000000000,7.1080000000,7.2680000000,44928.6939090000,322896.9507647820,322896.9507647820,1,DORA-USDT
2021-11-01 23:00:00,1635778800000,7.2680000000,7.9170000000,7.2080000000,7.7950000000,108459.2951550000,826980.0754586440,826980.0754586440,1,DORA-USDT
2021-11-02 00:00:00,1635782400000,7.7970000000,7.8020000000,7.5220000000,7.6300000000,62732.1099070000,478093.6563246130,478093.6563246130,1,DORA-USDT
2021-11-02 01:00:00,1635786000000,7.6290000000,7.6550000000,7.5340000000,7.5670000000,42753.9659430000,324278.2130508650,324278.2130508650,1,DORA-USDT
2021-11-02 02:00:00,1635789600000,7.5650000000,7.6550000000,7.5380000000,7.5480000000,55548.7347370000,422062.6619459310,422062.6619459310,1,DORA-USDT
2021-11-02 03:00:00,1635793200000,7.5470000000,7.6550000000,7.5140000000,7.6340000000,55950.2988800000,424985.2682514800,424985.2682514800,1,DORA-USDT
2021-11-02 04:00:00,1635796800000,7.6340000000,7.6510000000,7.6100000000,7.6450000000,18505.8517600000,141300.9236803510,141300.9236803510,1,DORA-USDT
2021-11-02 05:00:00,1635800400000,7.6500000000,7.6550000000,7.4510000000,7.6250000000,23693.3086430000,180663.0032667280,180663.0032667280,1,DORA-USDT
2021-11-02 06:00:00,1635804000000,7.6260000000,7.6550000000,7.6170000000,7.6400000000,18959.5313160000,144829.7147830020,144829.7147830020,1,DORA-USDT
2021-11-02 07:00:00,1635807600000,7.6420000000,7.6810000000,7.6380000000,7.6710000000,19271.2091160000,147586.2284170460,147586.2284170460,1,DORA-USDT
2021-11-02 08:00:00,1635811200000,7.6720000000,7.7520000000,7.6380000000,7.7250000000,35334.4888810000,271736.3154168220,271736.3154168220,1,DORA-USDT
2021-11-02 09:00:00,1635814800000,7.7250000000,7.7890000000,7.6720000000,7.7050000000,32749.4005820000,252858.1941480610,252858.1941480610,1,DORA-USDT
2021-11-02 10:00:00,1635818400000,7.6990000000,7.7710000000,7.6370000000,7.7010000000,35620.4181270000,274292.0054876260,274292.0054876260,1,DORA-USDT
2021-11-02 11:00:00,1635822000000,7.7010000000,7.7110000000,7.6180000000,7.6570000000,20199.3332140000,155123.0926517320,155123.0926517320,1,DORA-USDT
2021-11-02 12:00:00,1635825600000,7.6590000000,7.7070000000,7.6310000000,7.6860000000,23003.9928860000,176585.1388856720,176585.1388856720,1,DORA-USDT
2021-11-02 13:00:00,1635829200000,7.6870000000,8.0000000000,7.6760000000,7.9660000000,47802.6548560000,374645.0326154450,374645.0326154450,1,DORA-USDT
2021-11-02 14:00:00,1635832800000,7.9660000000,8.2800000000,7.9660000000,8.2020000000,71500.5547760000,580072.1720771641,580072.1720771641,1,DORA-USDT
2021-11-02 15:00:00,1635836400000,8.2010000000,9.0000000000,8.1690000000,8.6500000000,165188.9152740000,1426685.8592279961,1426685.8592279961,1,DORA-USDT
2021-11-02 16:00:00,1635840000000,8.6500000000,8.6540000000,8.3120000000,8.5110000000,82629.0396570000,699730.9136044080,699730.9136044080,1,DORA-USDT
2021-11-02 17:00:00,1635843600000,8.5120000000,8.6990000000,8.5100000000,8.6600000000,37358.8363510000,321916.6979331660,321916.6979331660,1,DORA-USDT
2021-11-02 18:00:00,1635847200000,8.6570000000,8.8300000000,8.6000000000,8.7380000000,75798.2226760000,659760.3762041430,659760.3762041430,1,DORA-USDT
2021-11-02 19:00:00,1635850800000,8.7410000000,9.5000000000,8.6520000000,9.4800000000,114510.3003700000,1035701.8556760460,1035701.8556760460,1,DORA-USDT
2021-11-02 20:00:00,1635854400000,9.4800000000,9.9600000000,9.4210000000,9.5820000000,187121.0302930000,1810438.4525155879,1810438.4525155879,1,DORA-USDT
2021-11-02 21:00:00,1635858000000,9.5810000000,12.4670000000,9.5320000000,11.0940000000,467734.6195290000,5220517.8417601343,5220517.8417601343,1,DORA-USDT
2021-11-02 22:00:00,1635861600000,11.0860000000,11.6990000000,10.5500000000,11.0830000000,317415.6480720000,3507558.8726872038,3507558.8726872038,1,DORA-USDT
2021-11-02 23:00:00,1635865200000,11.0810000000,11.1670000000,10.6000000000,10.8130000000,164396.0585640000,1774332.0172036069,1774332.0172036069,1,DORA-USDT
2021-11-03 00:00:00,1635868800000,10.8140000000,15.6800000000,10.8140000000,13.4340000000,505424.9429280000,6710752.3204296194,6710752.3204296194,1,DORA-USDT
2021-11-03 01:00:00,1635872400000,13.4000000000,14.9980000000,13.0930000000,14.1760000000,237362.6694730000,3299519.7728782129,3299519.7728782129,1,DORA-USDT
2021-11-03 02:00:00,1635876000000,14.1590000000,14.4550000000,13.6500000000,14.0280000000,122795.6990450000,1728560.2794584611,1728560.2794584611,1,DORA-USDT
2021-11-03 03:00:00,1635879600000,14.0280000000,14.1930000000,12.8450000000,12.8880000000,189612.6417580000,2531754.6928180768,2531754.6928180768,1,DORA-USDT
2021-11-03 04:00:00,1635883200000,12.8880000000,16.0000000000,12.8880000000,15.8320000000,266271.2153110000,3798430.8086050078,3798430.8086050078,1,DORA-USDT
2021-11-03 05:00:00,1635886800000,15.8050000000,15.8050000000,13.9590000000,15.0960000000,273347.5731550000,4019567.2064468479,4019567.2064468479,1,DORA-USDT
2021-11-03 06:00:00,1635890400000,15.1160000000,15.4090000000,13.2390000000,13.8850000000,137339.3650070000,1941217.0391058107,1941217.0391058107,1,DORA-USDT
2021-11-03 07:00:00,1635894000000,13.8890000000,15.0440000000,13.6000000000,14.1000000000,234508.9408630000,3342254.7769396566,3342254.7769396566,1,DORA-USDT
2021-11-03 08:00:00,1635897600000,14.0990000000,14.2000000000,13.0200000000,13.5010000000,165555.6876330000,2235043.1408200222,2235043.1408200222,1,DORA-USDT
2021-11-03 09:00:00,1635901200000,13.5110000000,14.4000000000,13.2160000000,14.1830000000,147400.5655890000,2043324.1720836200,2043324.1720836200,1,DORA-USDT
2021-11-03 10:00:00,1635904800000,14.1830000000,14.5690000000,13.7450000000,13.9360000000,134800.1262810000,1900369.9219751221,1900369.9219751221,1,DORA-USDT
2021-11-03 11:00:00,1635908400000,13.9370000000,14.0000000000,13.3530000000,13.7790000000,87333.4282010000,1196937.5919067550,1196937.5919067550,1,DORA-USDT
2021-11-03 12:00:00,1635912000000,13.7770000000,14.9870000000,13.5220000000,14.6630000000,244539.3088420000,3525072.3289421960,3525072.3289421960,1,DORA-USDT
2021-11-03 13:00:00,1635915600000,14.6650000000,14.6650000000,14.1540000000,14.3020000000,122212.9544180000,1757349.9636115190,1757349.9636115190,1,DORA-USDT
2021-11-03 14:00:00,1635919200000,14.3040000000,14.8730000000,14.1000000000,14.5680000000,127123.0983950000,1851279.8155920089,1851279.8155920089,1,DORA-USDT
2021-11-03 15:00:00,1635922800000,14.5690000000,14.7890000000,14.3250000000,14.4640000000,92803.9116190000,1350061.6628187520,1350061.6628187520,1,DORA-USDT
2021-11-03 16:00:00,1635926400000,14.4640000000,14.8820000000,14.3020000000,14.7110000000,74321.6525030000,1085536.3761319821,1085536.3761319821,1,DORA-USDT
2021-11-03 17:00:00,1635930000000,14.7120000000,14.7260000000,13.5050000000,14.1000000000,131154.8702470000,1849627.6427916072,1849627.6427916072,1,DORA-USDT
2021-11-03 18:00:00,1635933600000,14.1100000000,14.1370000000,13.7190000000,13.8940000000,71230.9434590000,993809.2895296250,993809.2895296250,1,DORA-USDT
2021-11-03 19:00:00,1635937200000,13.8950000000,13.9840000000,13.2890000000,13.5870000000,99497.2295550000,1356993.1029945221,1356993.1029945221,1,DORA-USDT
2021-11-03 20:00:00,1635940800000,13.5900000000,13.6360000000,13.0000000000,13.1760000000,113014.6436190000,1500293.7074146459,1500293.7074146459,1,DORA-USDT
2021-11-03 21:00:00,1635944400000,13.1720000000,14.1440000000,13.1700000000,13.7030000000,144604.3324740000,1967136.1291816100,1967136.1291816100,1,DORA-USDT
2021-11-03 22:00:00,1635948000000,13.7210000000,13.7300000000,13.1720000000,13.3990000000,121016.7076450000,1627254.8595070867,1627254.8595070867,1,DORA-USDT
2021-11-03 23:00:00,1635951600000,13.4010000000,13.6100000000,13.3000000000,13.5750000000,64665.9822680000,872109.8556272771,872109.8556272771,1,DORA-USDT
2021-11-04 00:00:00,1635955200000,13.5760000000,13.6400000000,11.6170000000,11.7690000000,243762.1993830000,3043538.4179525007,3043538.4179525007,1,DORA-USDT
2021-11-04 01:00:00,1635958800000,11.7660000000,12.0630000000,11.6000000000,12.0200000000,108568.0343170000,1291818.7029410787,1291818.7029410787,1,DORA-USDT
2021-11-04 02:00:00,1635962400000,12.0160000000,12.0700000000,11.7010000000,11.9730000000,68212.9337370000,813297.0566005190,813297.0566005190,1,DORA-USDT
2021-11-04 03:00:00,1635966000000,11.9890000000,12.0620000000,11.8120000000,11.9630000000,58145.4730150000,693887.2745152100,693887.2745152100,1,DORA-USDT
2021-11-04 04:00:00,1635969600000,11.9620000000,11.9630000000,11.6270000000,11.6460000000,53626.7943570000,631642.8144593680,631642.8144593680,1,DORA-USDT
2021-11-04 05:00:00,1635973200000,11.6470000000,12.1970000000,11.6000000000,12.1800000000,49483.9821990000,588429.2848982071,588429.2848982071,1,DORA-USDT
2021-11-04 06:00:00,1635976800000,12.1760000000,12.4930000000,11.6910000000,11.7510000000,82996.4068800000,1009822.8011775180,1009822.8011775180,1,DORA-USDT
2021-11-04 07:00:00,1635980400000,11.7520000000,12.4450000000,11.6820000000,12.2300000000,90617.0062090000,1092107.2670889590,1092107.2670889590,1,DORA-USDT
2021-11-04 08:00:00,1635984000000,12.2510000000,12.4660000000,11.5860000000,11.6390000000,100556.7316110000,1193413.0941701510,1193413.0941701510,1,DORA-USDT
2021-11-04 09:00:00,1635987600000,11.6300000000,11.8500000000,11.5840000000,11.7430000000,38954.2689390000,456438.2520341960,456438.2520341960,1,DORA-USDT
2021-11-04 10:00:00,1635991200000,11.7430000000,11.9670000000,11.6150000000,11.9440000000,77668.7274180000,917924.2960096832,917924.2960096832,1,DORA-USDT
2021-11-04 11:00:00,1635994800000,11.9430000000,12.1000000000,11.9130000000,11.9880000000,50643.5878790000,607806.5756550200,607806.5756550200,1,DORA-USDT
2021-11-04 12:00:00,1635998400000,11.9880000000,12.2000000000,11.9050000000,12.1970000000,46856.0506190000,563458.6682562390,563458.6682562390,1,DORA-USDT
2021-11-04 13:00:00,1636002000000,12.1970000000,12.3530000000,11.7450000000,11.9190000000,80188.1428320000,959370.5758642470,959370.5758642470,1,DORA-USDT
2021-11-04 14:00:00,1636005600000,11.9640000000,12.4000000000,11.8630000000,11.9450000000,85852.3257580000,1036916.7320604580,1036916.7320604580,1,DORA-USDT
2021-11-04 15:00:00,1636009200000,11.9450000000,11.9860000000,11.6780000000,11.8300000000,66398.7745130000,787190.2220534340,787190.2220534340,1,DORA-USDT
2021-11-04 16:00:00,1636012800000,11.8310000000,12.0130000000,11.8300000000,12.0130000000,27474.2299280000,326989.4934871820,326989.4934871820,1,DORA-USDT
2021-11-04 17:00:00,1636016400000,12.0090000000,12.5890000000,11.8270000000,12.4140000000,98897.1561560000,1209335.4273224541,1209335.4273224541,1,DORA-USDT
2021-11-04 18:00:00,1636020000000,12.4120000000,12.4480000000,11.9000000000,12.0820000000,71833.4543620000,872029.1134481550,872029.1134481550,1,DORA-USDT
2021-11-04 19:00:00,1636023600000,12.0810000000,12.2010000000,11.7620000000,11.9090000000,59267.7605380000,708538.1004052390,708538.1004052390,1,DORA-USDT
2021-11-04 20:00:00,1636027200000,11.9090000000,12.3630000000,11.8570000000,12.2830000000,73248.8706070000,889590.7055496320,889590.7055496320,1,DORA-USDT
2021-11-04 21:00:00,1636030800000,12.2840000000,13.6880000000,12.2840000000,12.9050000000,164227.3433740000,2133407.6714466368,2133407.6714466368,1,DORA-USDT
2021-11-04 22:00:00,1636034400000,12.9060000000,13.4510000000,12.7500000000,13.3990000000,105893.7441240000,1386881.6623483000,1386881.6623483000,1,DORA-USDT
2021-11-04 23:00:00,1636038000000,13.3760000000,13.4500000000,12.2000000000,12.2010000000,188534.0543980000,2392615.8651394802,2392615.8651394802,1,DORA-USDT
2021-11-05 00:00:00,1636041600000,12.2330000000,12.2880000000,11.0400000000,11.2770000000,124483.4540800000,1434303.7782177173,1434303.7782177173,1,DORA-USDT
2021-11-05 01:00:00,1636045200000,11.2760000000,11.5800000000,11.2730000000,11.3340000000,70829.4944040000,809423.2648247060,809423.2648247060,1,DORA-USDT
2021-11-05 02:00:00,1636048800000,11.3360000000,11.6880000000,11.1410000000,11.1930000000,71851.4896380000,821123.3456969030,821123.3456969030,1,DORA-USDT
2021-11-05 03:00:00,1636052400000,11.1900000000,11.2540000000,11.1200000000,11.2160000000,27214.5379460000,304364.0830252870,304364.0830252870,1,DORA-USDT
2021-11-05 04:00:00,1636056000000,11.2130000000,11.5000000000,11.1980000000,11.4320000000,54385.1578080000,620159.5304130340,620159.5304130340,1,DORA-USDT
2021-11-05 05:00:00,1636059600000,11.4320000000,11.5000000000,11.2880000000,11.3150000000,36348.8440660000,415566.5080874120,415566.5080874120,1,DORA-USDT
2021-11-05 06:00:00,1636063200000,11.3160000000,11.5380000000,11.2550000000,11.5330000000,43801.9594400000,498117.2165567980,498117.2165567980,1,DORA-USDT
2021-11-05 07:00:00,1636066800000,11.5350000000,11.7150000000,11.2710000000,11.5100000000,67099.0119320000,769493.8004834570,769493.8004834570,1,DORA-USDT
2021-11-05 08:00:00,1636070400000,11.5110000000,11.7100000000,11.0570000000,11.0660000000,80712.2158100000,915495.7656914870,915495.7656914870,1,DORA-USDT
2021-11-05 09:00:00,1636074000000,11.0650000000,11.2000000000,11.0410000000,11.1280000000,53081.7659750000,590540.8147775501,590540.8147775501,1,DORA-USDT
2021-11-05 10:00:00,1636077600000,11.1260000000,11.6970000000,11.0760000000,11.6350000000,90126.8663940000,1029984.2163273760,1029984.2163273760,1,DORA-USDT
2021-11-05 11:00:00,1636081200000,11.6350000000,12.0000000000,11.6330000000,11.8840000000,81688.1495860000,967436.2231113510,967436.2231113510,1,DORA-USDT
2021-11-05 12:00:00,1636084800000,11.8730000000,11.8960000000,11.5610000000,11.6010000000,69980.4489530000,820495.2011958790,820495.2011958790,1,DORA-USDT
2021-11-05 13:00:00,1636088400000,11.6000000000,11.6940000000,11.3520000000,11.4230000000,49828.7637900000,572397.2595052960,572397.2595052960,1,DORA-USDT
2021-11-05 14:00:00,1636092000000,11.4470000000,11.5610000000,11.3380000000,11.3890000000,41939.2099870000,479234.6832451390,479234.6832451390,1,DORA-USDT
2021-11-05 15:00:00,1636095600000,11.3880000000,11.4880000000,11.2930000000,11.4680000000,33628.2955670000,384520.0317368450,384520.0317368450,1,DORA-USDT
2021-11-05 16:00:00,1636099200000,11.4850000000,11.7760000000,11.4270000000,11.6820000000,32248.6820480000,373686.7451002360,373686.7451002360,1,DORA-USDT
2021-11-05 17:00:00,1636102800000,11.6800000000,11.9120000000,11.5870000000,11.6370000000,57199.0219540000,672824.4407535770,672824.4407535770,1,DORA-USDT
2021-11-05 18:00:00,1636106400000,11.6390000000,11.8550000000,11.3500000000,11.3820000000,78182.0530570000,907696.9803127260,907696.9803127260,1,DORA-USDT
2021-11-05 19:00:00,1636110000000,11.3650000000,11.4910000000,11.2820000000,11.3090000000,43532.7312360000,495836.2592809440,495836.2592809440,1,DORA-USDT
2021-11-05 20:00:00,1636113600000,11.3070000000,11.3080000000,11.0090000000,11.0740000000,74404.3702490000,829855.1262641810,829855.1262641810,1,DORA-USDT
2021-11-05 21:00:00,1636117200000,11.0740000000,11.0750000000,10.9730000000,11.0370000000,26074.5132780000,287570.6546418980,287570.6546418980,1,DORA-USDT
2021-11-05 22:00:00,1636120800000,11.0370000000,11.0570000000,10.8550000000,10.9560000000,46326.4475460000,508745.3749252850,508745.3749252850,1,DORA-USDT
2021-11-05 23:00:00,1636124400000,10.9590000000,11.8000000000,10.9450000000,11.8000000000,67926.8023030000,769133.0544076170,769133.0544076170,1,DORA-USDT
2021-11-06 00:00:00,1636128000000,11.7760000000,13.0000000000,11.6150000000,12.7960000000,181106.5942330000,2238010.4363221340,2238010.4363221340,1,DORA-USDT
2021-11-06 01:00:00,1636131600000,12.8020000000,13.5380000000,12.4590000000,12.7790000000,148003.5092600000,1931389.6317588941,1931389.6317588941,1,DORA-USDT
2021-11-06 02:00:00,1636135200000,12.7790000000,12.7790000000,12.3030000000,12.4110000000,53660.4784070000,669898.9721319380,669898.9721319380,1,DORA-USDT
2021-11-06 03:00:00,1636138800000,12.4130000000,12.7000000000,12.4000000000,12.4680000000,68889.0301310000,863226.6728960280,863226.6728960280,1,DORA-USDT
2021-11-06 04:00:00,1636142400000,12.4670000000,12.7820000000,12.3750000000,12.5960000000,59899.9243670000,753396.7027039470,753396.7027039470,1,DORA-USDT
2021-11-06 05:00:00,1636146000000,12.5980000000,12.8650000000,12.3760000000,12.3800000000,47174.3664740000,594641.2134786990,594641.2134786990,1,DORA-USDT
2021-11-06 06:00:00,1636149600000,12.3730000000,12.3810000000,11.9820000000,11.9890000000,48276.8078670000,586730.2486308110,586730.2486308110,1,DORA-USDT
2021-11-06 07:00:00,1636153200000,11.9890000000,11.9940000000,11.7680000000,11.9120000000,45476.0456830000,540990.4265697000,540990.4265697000,1,DORA-USDT
2021-11-06 08:00:00,1636156800000,11.9140000000,11.9150000000,11.6000000000,11.8630000000,46432.9631110000,544942.9714789219,544942.9714789219,1,DORA-USDT
2021-11-06 09:00:00,1636160400000,11.8650000000,12.0100000000,11.6300000000,11.6830000000,60119.6599950000,712416.3039647311,712416.3039647311,1,DORA-USDT
2021-11-06 10:00:00,1636164000000,11.6850000000,11.7250000000,11.6000000000,11.6150000000,24589.4037800000,286057.7731222610,286057.7731222610,1,DORA-USDT
2021-11-06 11:00:00,1636167600000,11.6150000000,11.6490000000,11.2000000000,11.2050000000,46776.9151150000,535037.7656918390,535037.7656918390,1,DORA-USDT
2021-11-06 12:00:00,1636171200000,11.2020000000,11.4700000000,11.1230000000,11.2020000000,53283.4374740000,601748.2016443179,601748.2016443179,1,DORA-USDT
2021-11-06 13:00:00,1636174800000,11.2040000000,11.7020000000,11.1410000000,11.6080000000,59284.2441800000,680555.6907692200,680555.6907692200,1,DORA-USDT
2021-11-06 14:00:00,1636178400000,11.6040000000,11.6940000000,11.2660000000,11.5170000000,51504.7871840000,590882.4340075640,590882.4340075640,1,DORA-USDT
2021-11-06 15:00:00,1636182000000,11.5210000000,11.5870000000,11.3630000000,11.3690000000,33681.3261680000,386890.5455579630,386890.5455579630,1,DORA-USDT
2021-11-06 16:00:00,1636185600000,11.3720000000,11.6980000000,11.0000000000,11.0050000000,91631.6798310000,1030997.5184602400,1030997.5184602400,1,DORA-USDT
2021-11-06 17:00:00,1636189200000,11.0030000000,11.1100000000,10.9860000000,11.1060000000,26269.8453530000,290651.8951956930,290651.8951956930,1,DORA-USDT
2021-11-06 18:00:00,1636192800000,11.1080000000,11.1760000000,11.0670000000,11.0920000000,30497.9241240000,339311.3989639770,339311.3989639770,1,DORA-USDT
2021-11-06 19:00:00,1636196400000,11.0940000000,11.1560000000,10.9220000000,11.0550000000,39078.7319300000,431895.8161727840,431895.8161727840,1,DORA-USDT
2021-11-06 20:00:00,1636200000000,11.0520000000,11.2940000000,10.9970000000,11.1150000000,49635.8503370000,552857.4065666210,552857.4065666210,1,DORA-USDT
2021-11-06 21:00:00,1636203600000,11.1160000000,11.2570000000,11.0060000000,11.0200000000,43277.8389170000,481405.7974249240,481405.7974249240,1,DORA-USDT
2021-11-06 22:00:00,1636207200000,11.0180000000,11.0390000000,10.8880000000,11.0110000000,29071.8239870000,318628.8657831640,318628.8657831640,1,DORA-USDT
2021-11-06 23:00:00,1636210800000,11.0110000000,11.1650000000,10.9430000000,11.1170000000,30946.7184060000,342938.7197784380,342938.7197784380,1,DORA-USDT
2021-11-07 00:00:00,1636214400000,11.1100000000,11.1500000000,10.9890000000,11.1000000000,30556.8586910000,338232.2579034200,338232.2579034200,1,DORA-USDT
2021-11-07 01:00:00,1636218000000,11.0990000000,11.1270000000,11.0490000000,11.0640000000,19738.5716500000,218702.1774770840,218702.1774770840,1,DORA-USDT
2021-11-07 02:00:00,1636221600000,11.0640000000,11.4540000000,11.0540000000,11.4340000000,40246.4865040000,453229.6658994280,453229.6658994280,1,DORA-USDT
2021-11-07 03:00:00,1636225200000,11.4290000000,11.4410000000,11.1870000000,11.2700000000,34602.1514770000,390078.0529355330,390078.0529355330,1,DORA-USDT
2021-11-07 04:00:00,1636228800000,11.2700000000,11.3930000000,11.2650000000,11.3210000000,21524.0258250000,243981.0904838620,243981.0904838620,1,DORA-USDT
2021-11-07 05:00:00,1636232400000,11.3180000000,11.3840000000,11.2310000000,11.3190000000,24414.2973760000,276036.0726958580,276036.0726958580,1,DORA-USDT
2021-11-07 06:00:00,1636236000000,11.3210000000,11.3670000000,11.2580000000,11.3300000000,21823.5640090000,247114.6653443800,247114.6653443800,1,DORA-USDT
2021-11-07 07:00:00,1636239600000,11.3300000000,11.3420000000,11.2900000000,11.3310000000,18317.5322020000,207199.0777520090,207199.0777520090,1,DORA-USDT
2021-11-07 08:00:00,1636243200000,11.3280000000,11.4240000000,11.2900000000,11.3280000000,27523.7868150000,312031.9171315600,312031.9171315600,1,DORA-USDT
2021-11-07 09:00:00,1636246800000,11.3320000000,11.5370000000,11.2900000000,11.3450000000,46506.9545600000,529136.0710830870,529136.0710830870,1,DORA-USDT
2021-11-07 10:00:00,1636250400000,11.3490000000,11.4690000000,11.3480000000,11.4310000000,35654.8171080000,406445.9759298030,406445.9759298030,1,DORA-USDT
2021-11-07 11:00:00,1636254000000,11.4280000000,11.4370000000,11.2000000000,11.2490000000,40720.4163660000,461648.8974644060,461648.8974644060,1,DORA-USDT
2021-11-07 12:00:00,1636257600000,11.2490000000,11.2600000000,11.0920000000,11.1040000000,33564.6448980000,374451.1952498140,374451.1952498140,1,DORA-USDT
2021-11-07 13:00:00,1636261200000,11.1080000000,11.2620000000,11.0800000000,11.2450000000,25588.7783280000,285644.0831190970,285644.0831190970,1,DORA-USDT
2021-11-07 14:00:00,1636264800000,11.2470000000,11.4060000000,11.2440000000,11.3300000000,24137.3316170000,273975.2083250870,273975.2083250870,1,DORA-USDT
2021-11-07 15:00:00,1636268400000,11.3270000000,11.3270000000,11.1230000000,11.1850000000,38223.2508250000,428074.5133030140,428074.5133030140,1,DORA-USDT
2021-11-07 16:00:00,1636272000000,11.1890000000,11.2300000000,11.0910000000,11.2110000000,30784.5912130000,343578.5450442520,343578.5450442520,1,DORA-USDT
2021-11-07 17:00:00,1636275600000,11.2100000000,12.0000000000,11.2080000000,11.5250000000,76552.2498990000,874319.3646977720,874319.3646977720,1,DORA-USDT
2021-11-07 18:00:00,1636279200000,11.5270000000,12.1000000000,11.4900000000,12.1000000000,108086.9018440000,1279692.1755755220,1279692.1755755220,1,DORA-USDT
2021-11-07 19:00:00,1636282800000,12.1000000000,12.2230000000,11.8330000000,11.9740000000,72621.0218110000,875990.7208424680,875990.7208424680,1,DORA-USDT
2021-11-07 20:00:00,1636286400000,11.9760000000,12.0960000000,11.6770000000,11.8650000000,68515.7521600000,815037.6494687620,815037.6494687620,1,DORA-USDT
2021-11-07 21:00:00,1636290000000,11.8490000000,11.9040000000,11.5740000000,11.6140000000,35318.4606100000,414605.8391765810,414605.8391765810,1,DORA-USDT
2021-11-07 22:00:00,1636293600000,11.6130000000,11.8500000000,11.5250000000,11.6820000000,50784.1425710000,592083.0316907240,592083.0316907240,1,DORA-USDT
2021-11-07 23:00:00,1636297200000,11.6870000000,11.7770000000,11.5280000000,11.6590000000,54554.3117380000,635121.8169225371,635121.8169225371,1,DORA-USDT
2021-11-08 00:00:00,1636300800000,11.6610000000,11.9260000000,11.5270000000,11.8320000000,61213.8824150000,715901.8683889370,715901.8683889370,1,DORA-USDT
2021-11-08 01:00:00,1636304400000,11.8230000000,12.9960000000,11.8000000000,12.9740000000,121011.1627280000,1504224.9700903441,1504224.9700903441,1,DORA-USDT
2021-11-08 02:00:00,1636308000000,12.9800000000,13.0680000000,12.4620000000,12.5770000000,108554.8129770000,1382397.2963543860,1382397.2963543860,1,DORA-USDT
2021-11-08 03:00:00,1636311600000,12.5790000000,13.0820000000,12.4000000000,12.7870000000,97044.5962730000,1228310.9078104610,1228310.9078104610,1,DORA-USDT
2021-11-08 04:00:00,1636315200000,12.7830000000,13.2000000000,12.4210000000,12.9900000000,87635.6431480000,1125784.1237974879,1125784.1237974879,1,DORA-USDT
2021-11-08 05:00:00,1636318800000,13.0050000000,13.0530000000,12.5290000000,12.7310000000,91778.9914380000,1174779.3440275320,1174779.3440275320,1,DORA-USDT
2021-11-08 06:00:00,1636322400000,12.7300000000,12.7450000000,12.1200000000,12.1250000000,70818.7792460000,878378.4899071000,878378.4899071000,1,DORA-USDT
2021-11-08 07:00:00,1636326000000,12.1200000000,12.3780000000,12.0240000000,12.3280000000,55032.4631400000,670519.7124055200,670519.7124055200,1,DORA-USDT
2021-11-08 08:00:00,1636329600000,12.3330000000,12.8780000000,12.2930000000,12.7830000000,104677.4402850000,1313888.2538456540,1313888.2538456540,1,DORA-USDT
2021-11-08 09:00:00,1636333200000,12.7820000000,13.5090000000,12.6570000000,13.0100000000,124029.0752040000,1629921.0285289760,1629921.0285289760,1,DORA-USDT
2021-11-08 10:00:00,1636336800000,13.0080000000,13.5950000000,13.0080000000,13.5520000000,76190.2939340000,1012107.9637080810,1012107.9637080810,1,DORA-USDT
2021-11-08 11:00:00,1636340400000,13.5650000000,13.9950000000,13.2220000000,13.2240000000,116796.1386010000,1572169.9187063640,1572169.9187063640,1,DORA-USDT
2021-11-08 12:00:00,1636344000000,13.2210000000,13.4600000000,13.1110000000,13.1890000000,79982.8750470000,1059759.8982638100,1059759.8982638100,1,DORA-USDT
2021-11-08 13:00:00,1636347600000,13.1910000000,13.4860000000,13.0710000000,13.3220000000,57358.1778210000,758839.9230240911,758839.9230240911,1,DORA-USDT
2021-11-08 14:00:00,1636351200000,13.3450000000,13.6000000000,13.1960000000,13.2480000000,68156.3508290000,912695.5605348720,912695.5605348720,1,DORA-USDT
2021-11-08 15:00:00,1636354800000,13.2430000000,13.6990000000,13.2340000000,13.4020000000,78614.0143180000,1059278.3664683420,1059278.3664683420,1,DORA-USDT
2021-11-08 16:00:00,1636358400000,13.4040000000,13.5050000000,13.1110000000,13.1560000000,54715.3410380000,727593.5190504160,727593.5190504160,1,DORA-USDT
2021-11-08 17:00:00,1636362000000,13.1530000000,13.2000000000,12.6480000000,13.0780000000,87494.7293510000,1129710.3539162567,1129710.3539162567,1,DORA-USDT
2021-11-08 18:00:00,1636365600000,13.0830000000,13.0920000000,12.6360000000,12.6900000000,68562.3160870000,880098.7490826480,880098.7490826480,1,DORA-USDT
2021-11-08 19:00:00,1636369200000,12.6920000000,13.0100000000,12.5500000000,12.7680000000,67207.1694330000,858276.3773739591,858276.3773739591,1,DORA-USDT
2021-11-08 20:00:00,1636372800000,12.7700000000,12.9610000000,12.6500000000,12.8140000000,63019.9693310000,807733.1713840920,807733.1713840920,1,DORA-USDT
2021-11-08 21:00:00,1636376400000,12.8110000000,13.0540000000,12.8110000000,12.9540000000,41603.2332450000,538496.4997685280,538496.4997685280,1,DORA-USDT
2021-11-08 22:00:00,1636380000000,12.9600000000,13.2820000000,12.9180000000,13.2300000000,30432.6055340000,398862.0421581930,398862.0421581930,1,DORA-USDT
2021-11-08 23:00:00,1636383600000,13.2400000000,14.2340000000,13.1200000000,14.1140000000,136113.2314280000,1880191.1809214395,1880191.1809214395,1,DORA-USDT
2021-11-09 00:00:00,1636387200000,14.1100000000,14.2040000000,13.6440000000,13.9430000000,82144.5897410000,1140820.5316142160,1140820.5316142160,1,DORA-USDT
2021-11-09 01:00:00,1636390800000,13.9430000000,14.1700000000,13.8790000000,13.8930000000,81414.5226420000,1143099.6691810079,1143099.6691810079,1,DORA-USDT
2021-11-09 02:00:00,1636394400000,13.8900000000,14.0000000000,13.7150000000,13.8810000000,47761.8806390000,663116.6554690570,663116.6554690570,1,DORA-USDT
2021-11-09 03:00:00,1636398000000,13.8770000000,13.9820000000,13.7960000000,13.9640000000,30177.2498420000,419239.9789797100,419239.9789797100,1,DORA-USDT
2021-11-09 04:00:00,1636401600000,13.9620000000,14.0660000000,13.8300000000,13.8880000000,37461.1208650000,521900.6051769250,521900.6051769250,1,DORA-USDT
2021-11-09 05:00:00,1636405200000,13.8850000000,14.2000000000,13.7940000000,13.8090000000,41995.5425820000,587971.1542379570,587971.1542379570,1,DORA-USDT
2021-11-09 06:00:00,1636408800000,13.8110000000,13.9520000000,13.7790000000,13.8130000000,27579.5975060000,381742.2033109570,381742.2033109570,1,DORA-USDT
2021-11-09 07:00:00,1636412400000,13.8120000000,14.3360000000,13.7800000000,14.1380000000,61355.8401690000,866905.5244970210,866905.5244970210,1,DORA-USDT
2021-11-09 08:00:00,1636416000000,14.1370000000,14.8580000000,13.9620000000,14.8290000000,70372.3624130000,1011642.7896336530,1011642.7896336530,1,DORA-USDT
2021-11-09 09:00:00,1636419600000,14.8290000000,15.5000000000,14.7700000000,15.4480000000,68009.8116160000,1030138.6972079170,1030138.6972079170,1,DORA-USDT
2021-11-09 10:00:00,1636423200000,15.4480000000,15.4750000000,14.6220000000,14.7330000000,81802.7725150000,1219889.1988962919,1219889.1988962919,1,DORA-USDT
2021-11-09 11:00:00,1636426800000,14.7280000000,14.8830000000,14.6890000000,14.8100000000,40121.9763550000,593614.7218953620,593614.7218953620,1,DORA-USDT
2021-11-09 12:00:00,1636430400000,14.8090000000,15.0620000000,14.6820000000,14.7070000000,67568.5991810000,1004346.7099045052,1004346.7099045052,1,DORA-USDT
2021-11-09 13:00:00,1636434000000,14.7100000000,14.9520000000,14.1510000000,14.3820000000,74477.5147410000,1088040.3048428779,1088040.3048428779,1,DORA-USDT
2021-11-09 14:00:00,1636437600000,14.3770000000,14.5050000000,14.1000000000,14.3100000000,63228.2504190000,905819.1615796030,905819.1615796030,1,DORA-USDT
2021-11-09 15:00:00,1636441200000,14.3080000000,14.3280000000,14.1240000000,14.2210000000,36020.3535250000,512956.9632351180,512956.9632351180,1,DORA-USDT
2021-11-09 16:00:00,1636444800000,14.2220000000,14.3600000000,13.9730000000,14.3370000000,51744.4585340000,732157.8406499930,732157.8406499930,1,DORA-USDT
2021-11-09 17:00:00,1636448400000,14.3340000000,14.4700000000,14.0700000000,14.1340000000,41917.0348240000,600346.4227804550,600346.4227804550,1,DORA-USDT
2021-11-09 18:00:00,1636452000000,14.1360000000,14.1370000000,13.8580000000,14.0330000000,50813.3835460000,710799.6721141200,710799.6721141200,1,DORA-USDT
2021-11-09 19:00:00,1636455600000,14.0330000000,14.0620000000,13.9410000000,14.0190000000,26571.0446010000,372443.5443776510,372443.5443776510,1,DORA-USDT
2021-11-09 20:00:00,1636459200000,14.0190000000,14.0830000000,13.9000000000,14.0360000000,32116.2455230000,449588.8894626070,449588.8894626070,1,DORA-USDT
2021-11-09 21:00:00,1636462800000,14.0380000000,14.1230000000,14.0000000000,14.0700000000,22426.0554580000,315251.6153097550,315251.6153097550,1,DORA-USDT
2021-11-09 22:00:00,1636466400000,14.0710000000,14.2630000000,14.0470000000,14.1630000000,30799.7808580000,436839.2960539520,436839.2960539520,1,DORA-USDT
2021-11-09 23:00:00,1636470000000,14.1600000000,14.3000000000,14.1500000000,14.1850000000,24478.7387920000,347804.0689074850,347804.0689074850,1,DORA-USDT
2021-11-10 00:00:00,1636473600000,14.1850000000,14.2040000000,13.8020000000,13.8200000000,43883.5899940000,614423.1425000060,614423.1425000060,1,DORA-USDT
2021-11-10 01:00:00,1636477200000,13.8160000000,13.8540000000,13.8000000000,13.8120000000,12527.4676630000,172988.1305895660,172988.1305895660,1,DORA-USDT
2021-11-10 02:00:00,1636480800000,13.8140000000,13.8730000000,13.8000000000,13.8000000000,17578.8006320000,243075.1683897610,243075.1683897610,1,DORA-USDT
2021-11-10 03:00:00,1636484400000,13.8060000000,13.9500000000,13.8000000000,13.8410000000,21847.6233840000,302676.0369890290,302676.0369890290,1,DORA-USDT
2021-11-10 04:00:00,1636488000000,13.8430000000,14.0820000000,13.8200000000,14.0740000000,30054.1332990000,418777.8792846090,418777.8792846090,1,DORA-USDT
2021-11-10 05:00:00,1636491600000,14.0770000000,14.2400000000,14.0480000000,14.1670000000,32390.6789690000,459129.0405875530,459129.0405875530,1,DORA-USDT
2021-11-10 06:00:00,1636495200000,14.1710000000,14.1760000000,13.8840000000,13.9350000000,32501.3801470000,454857.3903781210,454857.3903781210,1,DORA-USDT
2021-11-10 07:00:00,1636498800000,13.9330000000,14.0370000000,13.8310000000,14.0350000000,21826.7975770000,303939.7573866550,303939.7573866550,1,DORA-USDT
2021-11-10 08:00:00,1636502400000,14.0350000000,14.2400000000,13.9880000000,14.1980000000,35689.8360090000,504617.2550439210,504617.2550439210,1,DORA-USDT
2021-11-10 09:00:00,1636506000000,14.1990000000,14.2400000000,13.8000000000,13.9150000000,41257.2993490000,577082.7484092840,577082.7484092840,1,DORA-USDT
2021-11-10 10:00:00,1636509600000,13.9160000000,13.9390000000,13.8000000000,13.8090000000,17766.3130650000,246253.3238558750,246253.3238558750,1,DORA-USDT
2021-11-10 11:00:00,1636513200000,13.8080000000,13.8200000000,13.5000000000,13.5120000000,30528.5855150000,414752.6554125590,414752.6554125590,1,DORA-USDT
2021-11-10 12:00:00,1636516800000,13.5110000000,13.6070000000,13.5000000000,13.5250000000,28802.7956560000,390027.2875294820,390027.2875294820,1,DORA-USDT
2021-11-10 13:00:00,1636520400000,13.5260000000,13.5630000000,13.5000000000,13.5070000000,20786.3685550000,281030.5942476150,281030.5942476150,1,DORA-USDT
2021-11-10 14:00:00,1636524000000,13.5150000000,13.5680000000,13.5000000000,13.5450000000,18174.3613000000,245902.3728090240,245902.3728090240,1,DORA-USDT
2021-11-10 15:00:00,1636527600000,13.5420000000,13.5670000000,13.5010000000,13.5250000000,12382.8414630000,167679.2208993730,167679.2208993730,1,DORA-USDT
2021-11-10 16:00:00,1636531200000,13.5260000000,13.5690000000,13.5000000000,13.5280000000,13156.6496140000,177952.3851733120,177952.3851733120,1,DORA-USDT
2021-11-10 17:00:00,1636534800000,13.5280000000,13.9300000000,13.5090000000,13.8250000000,37134.5976290000,510197.2501163910,510197.2501163910,1,DORA-USDT
2021-11-10 18:00:00,1636538400000,13.8220000000,14.2000000000,13.8070000000,14.1520000000,33803.9168520000,474054.8441257420,474054.8441257420,1,DORA-USDT
2021-11-10 19:00:00,1636542000000,14.1530000000,14.2400000000,14.0320000000,14.0960000000,32513.2583550000,459860.5312391060,459860.5312391060,1,DORA-USDT
2021-11-10 20:00:00,1636545600000,14.1060000000,14.3100000000,13.8780000000,14.2120000000,50764.4820180000,713727.6793165840,713727.6793165840,1,DORA-USDT
2021-11-10 21:00:00,1636549200000,14.2160000000,14.3230000000,13.7040000000,13.7100000000,45742.6226140000,642651.4610903970,642651.4610903970,1,DORA-USDT
2021-11-10 22:00:00,1636552800000,13.7090000000,13.9420000000,13.7000000000,13.9210000000,36590.1579050000,504867.4642312950,504867.4642312950,1,DORA-USDT
2021-11-10 23:00:00,1636556400000,13.9200000000,13.9310000000,13.7000000000,13.7310000000,23531.8366000000,324277.8771648220,324277.8771648220,1,DORA-USDT
2021-11-11 00:00:00,1636560000000,13.7320000000,13.9340000000,13.7000000000,13.9340000000,31731.6423830000,438223.3989253660,438223.3989253660,1,DORA-USDT
2021-11-11 01:00:00,1636563600000,13.9350000000,14.2000000000,13.7780000000,14.1300000000,64777.5596380000,907435.1008455190,907435.1008455190,1,DORA-USDT
2021-11-11 02:00:00,1636567200000,14.1270000000,14.2300000000,14.1000000000,14.1100000000,27047.8006030000,382450.3782889600,382450.3782889600,1,DORA-USDT
2021-11-11 03:00:00,1636570800000,14.1090000000,14.1790000000,14.1000000000,14.1010000000,13220.6066590000,186745.8335565660,186745.8335565660,1,DORA-USDT
2021-11-11 04:00:00,1636574400000,14.1040000000,15.7520000000,14.1000000000,14.2450000000,194505.5425730000,2896097.5370753999,2896097.5370753999,1,DORA-USDT
2021-11-11 05:00:00,1636578000000,14.2530000000,14.9380000000,13.9000000000,13.9360000000,175171.8888730000,2522394.8492235160,2522394.8492235160,1,DORA-USDT
2021-11-11 06:00:00,1636581600000,13.9330000000,14.2430000000,13.9000000000,14.1640000000,79990.0363380000,1123586.1961155513,1123586.1961155513,1,DORA-USDT
2021-11-11 07:00:00,1636585200000,14.1680000000,14.3230000000,14.0360000000,14.3200000000,40444.1149940000,571436.8063221900,571436.8063221900,1,DORA-USDT
2021-11-11 08:00:00,1636588800000,14.3200000000,15.5000000000,14.2350000000,15.0320000000,153945.7840290000,2298942.3839953118,2298942.3839953118,1,DORA-USDT
2021-11-11 09:00:00,1636592400000,15.0270000000,15.4480000000,14.5810000000,14.7780000000,112336.0536320000,1672377.7781839599,1672377.7781839599,1,DORA-USDT
2021-11-11 10:00:00,1636596000000,14.7750000000,15.0870000000,14.3030000000,14.5320000000,98379.9780700000,1442893.3474763390,1442893.3474763390,1,DORA-USDT
2021-11-11 11:00:00,1636599600000,14.5340000000,14.5520000000,13.9030000000,14.1230000000,68748.0357120000,970932.2778285290,970932.2778285290,1,DORA-USDT
2021-11-11 12:00:00,1636603200000,14.1180000000,14.2490000000,14.1000000000,14.1100000000,36246.6534780000,512857.4963767740,512857.4963767740,1,DORA-USDT
2021-11-11 13:00:00,1636606800000,14.1070000000,14.2580000000,14.1000000000,14.2260000000,46831.7633310000,663225.6479270330,663225.6479270330,1,DORA-USDT
2021-11-11 14:00:00,1636610400000,14.2260000000,14.2520000000,14.1070000000,14.1430000000,20644.8325240000,292371.3472476350,292371.3472476350,1,DORA-USDT
2021-11-11 15:00:00,1636614000000,14.1440000000,14.2070000000,14.1000000000,14.1220000000,28226.4396490000,399036.3085930590,399036.3085930590,1,DORA-USDT
2021-11-11 16:00:00,1636617600000,14.1180000000,14.2370000000,14.1070000000,14.1750000000,18311.5808980000,259442.3151213100,259442.3151213100,1,DORA-USDT
2021-11-11 17:00:00,1636621200000,14.1780000000,14.4660000000,14.1690000000,14.4050000000,37617.7908290000,540538.0389256290,540538.0389256290,1,DORA-USDT
2021-11-11 18:00:00,1636624800000,14.4070000000,14.4740000000,14.3010000000,14.3500000000,37730.3773150000,542014.8876205450,542014.8876205450,1,DORA-USDT
2021-11-11 19:00:00,1636628400000,14.3480000000,14.3570000000,14.1000000000,14.2300000000,44416.7440810000,630723.1434798701,630723.1434798701,1,DORA-USDT
2021-11-11 20:00:00,1636632000000,14.2320000000,14.2320000000,14.1000000000,14.1590000000,22803.7734110000,322872.9784045780,322872.9784045780,1,DORA-USDT
2021-11-11 21:00:00,1636635600000,14.1590000000,14.3160000000,14.1000000000,14.1710000000,40940.7796250000,579920.9609452180,579920.9609452180,1,DORA-USDT
2021-11-11 22:00:00,1636639200000,14.1620000000,14.3080000000,14.1000000000,14.1620000000,39347.3187430000,558639.9593126260,558639.9593126260,1,DORA-USDT
2021-11-11 23:00:00,1636642800000,14.1650000000,14.3320000000,14.1000000000,14.3290000000,30804.5024600000,438088.0782386040,438088.0782386040,1,DORA-USDT
2021-11-12 00:00:00,1636646400000,14.3290000000,14.3290000000,14.1000000000,14.1070000000,28148.1935640000,399318.0742922990,399318.0742922990,1,DORA-USDT
2021-11-12 01:00:00,1636650000000,14.1080000000,14.1780000000,13.9390000000,13.9410000000,30566.5594460000,431030.1847222830,431030.1847222830,1,DORA-USDT
2021-11-12 02:00:00,1636653600000,13.9400000000,13.9400000000,13.7350000000,13.8400000000,30078.9814370000,416221.2525993830,416221.2525993830,1,DORA-USDT
2021-11-12 03:00:00,1636657200000,13.8380000000,14.3570000000,13.8320000000,13.8710000000,26935.9189330000,375610.2299868700,375610.2299868700,1,DORA-USDT
2021-11-12 04:00:00,1636660800000,13.8770000000,14.1160000000,13.8000000000,14.0280000000,31868.5874220000,444896.4557920270,444896.4557920270,1,DORA-USDT
2021-11-12 05:00:00,1636664400000,14.0240000000,14.0270000000,14.0000000000,14.0160000000,8716.7117280000,122130.2729979630,122130.2729979630,1,DORA-USDT
2021-11-12 06:00:00,1636668000000,14.0170000000,14.1300000000,14.0000000000,14.0150000000,25133.4365630000,353450.9883961870,353450.9883961870,1,DORA-USDT
2021-11-12 07:00:00,1636671600000,14.0160000000,14.1810000000,13.9810000000,13.9980000000,24332.4667500000,341700.7303427680,341700.7303427680,1,DORA-USDT
2021-11-12 08:00:00,1636675200000,13.9960000000,14.1930000000,13.8130000000,14.0810000000,46806.8609910000,654564.3118171500,654564.3118171500,1,DORA-USDT
2021-11-12 09:00:00,1636678800000,14.0830000000,14.6000000000,14.0030000000,14.5500000000,64275.4429490000,916830.6042969450,916830.6042969450,1,DORA-USDT
2021-11-12 10:00:00,1636682400000,14.5500000000,14.7970000000,14.3700000000,14.7970000000,48774.9262720000,709145.4610094740,709145.4610094740,1,DORA-USDT
2021-11-12 11:00:00,1636686000000,14.7550000000,15.2000000000,14.5660000000,14.6080000000,86939.8873800000,1293193.7055973930,1293193.7055973930,1,DORA-USDT
2021-11-12 12:00:00,1636689600000,14.6110000000,14.6190000000,14.2410000000,14.3590000000,38871.1037720000,559828.6953628960,559828.6953628960,1,DORA-USDT
2021-11-12 13:00:00,1636693200000,14.3590000000,14.8520000000,14.2130000000,14.5150000000,72779.8963240000,1059054.6413511799,1059054.6413511799,1,DORA-USDT
2021-11-12 14:00:00,1636696800000,14.5090000000,14.5090000000,14.0300000000,14.0500000000,41023.4955330000,583104.0722036520,583104.0722036520,1,DORA-USDT
2021-11-12 15:00:00,1636700400000,14.0490000000,14.2950000000,13.9840000000,14.2510000000,40737.4264840000,575418.1282077770,575418.1282077770,1,DORA-USDT
2021-11-12 16:00:00,1636704000000,14.2490000000,14.3040000000,14.2220000000,14.2850000000,13272.6994500000,189192.7700950260,189192.7700950260,1,DORA-USDT
2021-11-12 17:00:00,1636707600000,14.2850000000,14.2870000000,13.8440000000,13.8830000000,58798.5119020000,826201.9132403070,826201.9132403070,1,DORA-USDT
2021-11-12 18:00:00,1636711200000,13.8880000000,14.0750000000,13.7080000000,13.7230000000,56445.6007960000,783715.2232161050,783715.2232161050,1,DORA-USDT
2021-11-12 19:00:00,1636714800000,13.7240000000,13.8590000000,13.7080000000,13.7360000000,27402.5003410000,377263.5068440120,377263.5068440120,1,DORA-USDT
2021-11-12 20:00:00,1636718400000,13.7300000000,13.7810000000,13.6810000000,13.7020000000,17708.2475690000,242930.2564364740,242930.2564364740,1,DORA-USDT
2021-11-12 21:00:00,1636722000000,13.6980000000,13.7530000000,13.3630000000,13.5000000000,37808.0082180000,511492.9697582810,511492.9697582810,1,DORA-USDT
2021-11-12 22:00:00,1636725600000,13.5090000000,14.1740000000,13.3860000000,13.4560000000,52017.1532570000,705425.8182583750,705425.8182583750,1,DORA-USDT
2021-11-12 23:00:00,1636729200000,13.4550000000,13.4780000000,13.2200000000,13.3370000000,69655.0079350000,929519.2495355470,929519.2495355470,1,DORA-USDT
2021-11-13 00:00:00,1636732800000,13.3360000000,13.5300000000,13.1510000000,13.2960000000,80421.7278030000,1071049.6757261271,1071049.6757261271,1,DORA-USDT
2021-11-13 01:00:00,1636736400000,13.2920000000,13.3250000000,13.2200000000,13.3130000000,22179.6896150000,294504.1924574500,294504.1924574500,1,DORA-USDT
2021-11-13 02:00:00,1636740000000,13.3140000000,13.5530000000,13.3140000000,13.4700000000,27715.5606040000,372977.2296813240,372977.2296813240,1,DORA-USDT
2021-11-13 03:00:00,1636743600000,13.4730000000,13.4910000000,13.4230000000,13.4880000000,16061.8309160000,216117.7937394750,216117.7937394750,1,DORA-USDT
2021-11-13 04:00:00,1636747200000,13.4910000000,13.5950000000,13.4810000000,13.5190000000,22581.7346700000,305769.6534689300,305769.6534689300,1,DORA-USDT
2021-11-13 05:00:00,1636750800000,13.5140000000,13.5940000000,13.3830000000,13.3880000000,20390.7727470000,275580.2823052680,275580.2823052680,1,DORA-USDT
2021-11-13 06:00:00,1636754400000,13.3880000000,13.5150000000,13.3070000000,13.4090000000,40468.6303560000,542574.3294320490,542574.3294320490,1,DORA-USDT
2021-11-13 07:00:00,1636758000000,13.4100000000,13.4670000000,13.2620000000,13.3190000000,26757.2391420000,357656.5555759550,357656.5555759550,1,DORA-USDT
2021-11-13 08:00:00,1636761600000,13.3170000000,14.1430000000,13.2920000000,14.0060000000,87904.3487210000,1208257.2256749121,1208257.2256749121,1,DORA-USDT
2021-11-13 09:00:00,1636765200000,14.0040000000,14.1410000000,13.9540000000,14.0420000000,36985.7601650000,519588.6307766720,519588.6307766720,1,DORA-USDT
2021-11-13 10:00:00,1636768800000,14.0400000000,14.0770000000,13.7310000000,13.7360000000,29081.8029450000,403369.2226694180,403369.2226694180,1,DORA-USDT
2021-11-13 11:00:00,1636772400000,13.7370000000,13.9760000000,13.7370000000,13.9230000000,29849.3554180000,413674.9239933050,413674.9239933050,1,DORA-USDT
2021-11-13 12:00:00,1636776000000,13.9240000000,13.9240000000,13.7610000000,13.7700000000,23580.6737820000,325960.6584097300,325960.6584097300,1,DORA-USDT
2021-11-13 13:00:00,1636779600000,13.7710000000,13.8820000000,13.7000000000,13.7340000000,27177.7467790000,374334.0474851950,374334.0474851950,1,DORA-USDT
2021-11-13 14:00:00,1636783200000,13.7300000000,13.8540000000,13.7210000000,13.8140000000,21600.3901710000,297506.7250233410,297506.7250233410,1,DORA-USDT
2021-11-13 15:00:00,1636786800000,13.8050000000,13.8530000000,13.7000000000,13.8530000000,23635.5330550000,325530.1885643410,325530.1885643410,1,DORA-USDT
2021-11-13 16:00:00,1636790400000,13.8660000000,14.1020000000,13.7250000000,14.0080000000,47758.7075490000,663110.7424263530,663110.7424263530,1,DORA-USDT
2021-11-13 17:00:00,1636794000000,14.0120000000,14.0760000000,13.8130000000,13.8650000000,54834.2197750000,764605.7623114770,764605.7623114770,1,DORA-USDT
2021-11-13 18:00:00,1636797600000,13.8660000000,14.1630000000,13.8370000000,14.1380000000,33683.7647890000,471678.2795012820,471678.2795012820,1,DORA-USDT
2021-11-13 19:00:00,1636801200000,14.1350000000,14.6560000000,14.0300000000,14.1990000000,72779.6699880000,1045322.4062723690,1045322.4062723690,1,DORA-USDT
2021-11-13 20:00:00,1636804800000,14.1990000000,14.5000000000,13.9320000000,14.2580000000,73050.0136150000,1035425.9942342290,1035425.9942342290,1,DORA-USDT
2021-11-13 21:00:00,1636808400000,14.2530000000,14.6350000000,14.1010000000,14.1320000000,75979.0854740000,1092648.8573488600,1092648.8573488600,1,DORA-USDT
2021-11-13 22:00:00,1636812000000,14.1320000000,15.0170000000,14.1280000000,14.5630000000,126509.9119250000,1852860.5000183072,1852860.5000183072,1,DORA-USDT
2021-11-13 23:00:00,1636815600000,14.5610000000,14.8840000000,14.4230000000,14.4560000000,79111.0174760000,1156714.7250350539,1156714.7250350539,1,DORA-USDT
2021-11-14 00:00:00,1636819200000,14.4570000000,14.6930000000,14.2640000000,14.3230000000,62380.1257870000,899352.4528588200,899352.4528588200,1,DORA-USDT
2021-11-14 01:00:00,1636822800000,14.3280000000,14.4310000000,14.2790000000,14.3090000000,35028.3048390000,502990.5002760500,502990.5002760500,1,DORA-USDT
2021-11-14 02:00:00,1636826400000,14.3130000000,14.7780000000,14.2070000000,14.2940000000,52988.7428770000,762942.6066155620,762942.6066155620,1,DORA-USDT
2021-11-14 03:00:00,1636830000000,14.2980000000,14.2980000000,14.1170000000,14.1770000000,23560.3830590000,334770.4345379100,334770.4345379100,1,DORA-USDT
2021-11-14 04:00:00,1636833600000,14.1800000000,14.5000000000,14.1560000000,14.4100000000,37254.4080910000,535428.5527476800,535428.5527476800,1,DORA-USDT
2021-11-14 05:00:00,1636837200000,14.4160000000,14.4770000000,14.3520000000,14.4010000000,22461.4934620000,323824.4597692470,323824.4597692470,1,DORA-USDT
2021-11-14 06:00:00,1636840800000,14.4010000000,14.4280000000,14.1980000000,14.2130000000,35041.8269240000,501920.3690050680,501920.3690050680,1,DORA-USDT
2021-11-14 07:00:00,1636844400000,14.2150000000,14.3200000000,14.2130000000,14.2470000000,22270.1649330000,317611.0519322230,317611.0519322230,1,DORA-USDT
2021-11-14 08:00:00,1636848000000,14.2490000000,14.7180000000,14.2370000000,14.5620000000,56747.7148690000,823914.6155376090,823914.6155376090,1,DORA-USDT
2021-11-14 09:00:00,1636851600000,14.5600000000,14.6070000000,14.3790000000,14.5420000000,34540.8140070000,500647.3581552210,500647.3581552210,1,DORA-USDT
2021-11-14 10:00:00,1636855200000,14.5420000000,15.0990000000,14.5420000000,14.8600000000,71964.5845220000,1071972.1075444950,1071972.1075444950,1,DORA-USDT
2021-11-14 11:00:00,1636858800000,14.8990000000,15.0500000000,14.7200000000,14.9670000000,57857.0414800000,860591.7396118710,860591.7396118710,1,DORA-USDT
2021-11-14 12:00:00,1636862400000,14.9670000000,14.9730000000,14.5040000000,14.5240000000,66254.0318740000,979313.5539859220,979313.5539859220,1,DORA-USDT
2021-11-14 13:00:00,1636866000000,14.5240000000,14.7350000000,14.4200000000,14.5410000000,41358.2353810000,604124.2506459340,604124.2506459340,1,DORA-USDT
2021-11-14 14:00:00,1636869600000,14.5440000000,14.5790000000,14.2850000000,14.5310000000,47114.7041200000,679775.8261859540,679775.8261859540,1,DORA-USDT
2021-11-14 15:00:00,1636873200000,14.5320000000,14.5390000000,14.2930000000,14.3130000000,25817.6224070000,371936.2847313730,371936.2847313730,1,DORA-USDT
2021-11-14 16:00:00,1636876800000,14.3160000000,14.5090000000,14.2840000000,14.4270000000,37808.2477840000,544391.7108171190,544391.7108171190,1,DORA-USDT
2021-11-14 17:00:00,1636880400000,14.4290000000,14.4310000000,14.2770000000,14.3720000000,22160.8770380000,317756.9849103310,317756.9849103310,1,DORA-USDT
2021-11-14 18:00:00,1636884000000,14.3720000000,14.4580000000,14.2630000000,14.3050000000,26277.2913630000,376997.8359510740,376997.8359510740,1,DORA-USDT
2021-11-14 19:00:00,1636887600000,14.3040000000,14.3640000000,13.9650000000,14.1000000000,50518.0832700000,712046.5421151790,712046.5421151790,1,DORA-USDT
2021-11-14 20:00:00,1636891200000,14.0990000000,14.1190000000,13.7910000000,13.9010000000,53843.6811830000,752378.4100728120,752378.4100728120,1,DORA-USDT
2021-11-14 21:00:00,1636894800000,13.9010000000,14.0200000000,13.7880000000,13.7930000000,31779.1473840000,442096.4683845030,442096.4683845030,1,DORA-USDT
2021-11-14 22:00:00,1636898400000,13.7950000000,13.7970000000,13.7010000000,13.7780000000,14788.5256140000,203256.4665528410,203256.4665528410,1,DORA-USDT
2021-11-14 23:00:00,1636902000000,13.7750000000,14.0290000000,13.6910000000,13.9310000000,59206.2926150000,819302.8734340110,819302.8734340110,1,DORA-USDT
2021-11-15 00:00:00,1636905600000,13.9390000000,14.0060000000,13.6030000000,13.7270000000,49944.1821240000,690950.2502223810,690950.2502223810,1,DORA-USDT
2021-11-15 01:00:00,1636909200000,13.7270000000,13.8530000000,13.6040000000,13.8160000000,34649.0511140000,475233.8776437010,475233.8776437010,1,DORA-USDT
2021-11-15 02:00:00,1636912800000,13.8180000000,13.8710000000,13.6000000000,13.6280000000,27431.3167130000,376274.2314719110,376274.2314719110,1,DORA-USDT
2021-11-15 03:00:00,1636916400000,13.6280000000,13.6800000000,13.6190000000,13.6800000000,15073.2681390000,205723.2225620890,205723.2225620890,1,DORA-USDT
2021-11-15 04:00:00,1636920000000,13.6820000000,13.7790000000,13.6780000000,13.7390000000,16745.2094700000,229914.0799042880,229914.0799042880,1,DORA-USDT
2021-11-15 05:00:00,1636923600000,13.7400000000,13.7910000000,13.7030000000,13.7540000000,18689.3472300000,256870.0834635220,256870.0834635220,1,DORA-USDT
2021-11-15 06:00:00,1636927200000,13.7570000000,13.8000000000,13.7410000000,13.7500000000,16647.8420390000,229006.7654738300,229006.7654738300,1,DORA-USDT
2021-11-15 07:00:00,1636930800000,13.7510000000,13.7970000000,13.7080000000,13.7540000000,18995.3780980000,261380.9785284230,261380.9785284230,1,DORA-USDT
2021-11-15 08:00:00,1636934400000,13.7580000000,14.0320000000,13.7170000000,13.9390000000,32308.2553020000,447545.4741299230,447545.4741299230,1,DORA-USDT
2021-11-15 09:00:00,1636938000000,13.9380000000,14.0290000000,13.8100000000,14.0290000000,27568.7190640000,383346.7696861380,383346.7696861380,1,DORA-USDT
2021-11-15 10:00:00,1636941600000,14.0350000000,14.1940000000,13.9910000000,14.1070000000,36796.5190970000,517921.4342934360,517921.4342934360,1,DORA-USDT
2021-11-15 11:00:00,1636945200000,14.0980000000,14.2290000000,14.0670000000,14.2260000000,25128.4536860000,355898.3496314900,355898.3496314900,1,DORA-USDT
2021-11-15 12:00:00,1636948800000,14.2260000000,14.5410000000,14.2230000000,14.4750000000,44161.7539050000,636936.2932897310,636936.2932897310,1,DORA-USDT
2021-11-15 13:00:00,1636952400000,14.4730000000,14.6360000000,14.3200000000,14.3810000000,40691.0873270000,588823.3088514101,588823.3088514101,1,DORA-USDT
2021-11-15 14:00:00,1636956000000,14.3850000000,14.5000000000,14.2610000000,14.4010000000,43412.7059550000,624611.5016516030,624611.5016516030,1,DORA-USDT
2021-11-15 15:00:00,1636959600000,14.3990000000,14.4020000000,13.6020000000,13.8470000000,64054.3285490000,897355.8591291130,897355.8591291130,1,DORA-USDT
2021-11-15 16:00:00,1636963200000,13.8600000000,13.9140000000,13.5640000000,13.6230000000,58995.7890190000,809157.6337991400,809157.6337991400,1,DORA-USDT
2021-11-15 17:00:00,1636966800000,13.6240000000,14.5690000000,13.6170000000,13.9770000000,57843.0616770000,810018.4401062561,810018.4401062561,1,DORA-USDT
2021-11-15 18:00:00,1636970400000,13.9780000000,14.5000000000,13.9720000000,14.4370000000,59543.0330260000,852780.3338436830,852780.3338436830,1,DORA-USDT
2021-11-15 19:00:00,1636974000000,14.4380000000,14.6640000000,14.4250000000,14.4730000000,35883.8985620000,521007.5473756090,521007.5473756090,1,DORA-USDT
2021-11-15 20:00:00,1636977600000,14.4620000000,14.8600000000,14.4550000000,14.7090000000,40880.6712340000,597764.1770559470,597764.1770559470,1,DORA-USDT
2021-11-15 21:00:00,1636981200000,14.7070000000,15.6000000000,14.6370000000,15.1060000000,102864.5874810000,1556211.6987447727,1556211.6987447727,1,DORA-USDT
2021-11-15 22:00:00,1636984800000,15.1050000000,15.4110000000,14.4060000000,14.4500000000,113510.8478550000,1691947.8213170699,1691947.8213170699,1,DORA-USDT
2021-11-15 23:00:00,1636988400000,14.4490000000,14.4600000000,14.1040000000,14.2330000000,45208.4385020000,645188.3733334240,645188.3733334240,1,DORA-USDT
2021-11-16 00:00:00,1636992000000,14.2320000000,14.2580000000,13.7500000000,13.9860000000,56657.1106010000,789699.5506902341,789699.5506902341,1,DORA-USDT
2021-11-16 01:00:00,1636995600000,13.9860000000,14.4800000000,13.9610000000,14.1490000000,52477.7162510000,748446.0489771410,748446.0489771410,1,DORA-USDT
2021-11-16 02:00:00,1636999200000,14.1460000000,14.1500000000,13.9260000000,14.0900000000,36952.3789090000,519870.4025562990,519870.4025562990,1,DORA-USDT
2021-11-16 03:00:00,1637002800000,14.0880000000,14.1330000000,14.0760000000,14.1230000000,13471.3362470000,189990.6753934450,189990.6753934450,1,DORA-USDT
2021-11-16 04:00:00,1637006400000,14.1270000000,14.1270000000,13.8600000000,13.8840000000,26187.2868890000,365067.1765805540,365067.1765805540,1,DORA-USDT
2021-11-16 05:00:00,1637010000000,13.8810000000,14.0510000000,13.8650000000,13.9320000000,33489.2798550000,467370.3713596730,467370.3713596730,1,DORA-USDT
2021-11-16 06:00:00,1637013600000,13.9320000000,13.9380000000,13.8020000000,13.8530000000,15060.2197130000,208929.5662078150,208929.5662078150,1,DORA-USDT
2021-11-16 07:00:00,1637017200000,13.8500000000,13.9350000000,13.7950000000,13.8370000000,28103.1169430000,389296.7962589160,389296.7962589160,1,DORA-USDT
2021-11-16 08:00:00,1637020800000,13.8370000000,14.0430000000,13.7180000000,13.7200000000,41746.6079180000,575854.3020675060,575854.3020675060,1,DORA-USDT
2021-11-16 09:00:00,1637024400000,13.7210000000,13.8060000000,13.4010000000,13.6360000000,55393.0556990000,751905.5510085350,751905.5510085350,1,DORA-USDT
2021-11-16 10:00:00,1637028000000,13.6250000000,13.6680000000,13.6000000000,13.6000000000,6448.0981530000,87772.8918883100,87772.8918883100,1,DORA-USDT
2021-11-16 11:00:00,1637031600000,13.6000000000,13.6000000000,13.1090000000,13.3630000000,84247.4134080000,1123342.4129930127,1123342.4129930127,1,DORA-USDT
2021-11-16 12:00:00,1637035200000,13.3610000000,14.2910000000,13.3590000000,14.1050000000,86076.5323800000,1192771.5312013107,1192771.5312013107,1,DORA-USDT
2021-11-16 13:00:00,1637038800000,14.1070000000,14.5210000000,14.0170000000,14.1670000000,84358.3215290000,1202334.6140227993,1202334.6140227993,1,DORA-USDT
2021-11-16 14:00:00,1637042400000,14.1790000000,14.5620000000,14.1180000000,14.2290000000,63003.1752390000,904210.6143501920,904210.6143501920,1,DORA-USDT
2021-11-16 15:00:00,1637046000000,14.2450000000,14.2790000000,13.9580000000,14.1980000000,45207.5471800000,637764.1569244850,637764.1569244850,1,DORA-USDT
2021-11-16 16:00:00,1637049600000,14.2000000000,14.5940000000,13.9940000000,14.4960000000,62359.7985290000,891662.4071936660,891662.4071936660,1,DORA-USDT
2021-11-16 17:00:00,1637053200000,14.4790000000,14.6600000000,14.0070000000,14.1140000000,68428.2237450000,976327.0373769980,976327.0373769980,1,DORA-USDT
2021-11-16 18:00:00,1637056800000,14.1150000000,14.4140000000,13.4600000000,14.3250000000,114120.8773140000,1589367.1746031339,1589367.1746031339,1,DORA-USDT
2021-11-16 19:00:00,1637060400000,14.3010000000,14.7650000000,14.0850000000,14.7300000000,77160.1799310000,1107731.0138273721,1107731.0138273721,1,DORA-USDT
2021-11-16 20:00:00,1637064000000,14.7330000000,15.6000000000,14.5620000000,14.7630000000,173852.1477030000,2632640.7914890726,2632640.7914890726,1,DORA-USDT
2021-11-16 21:00:00,1637067600000,14.7550000000,14.9210000000,14.2790000000,14.5420000000,129430.0716630000,1896907.9618388512,1896907.9618388512,1,DORA-USDT
2021-11-16 22:00:00,1637071200000,14.5380000000,14.8050000000,14.3490000000,14.7710000000,92722.5769490000,1354274.1252639079,1354274.1252639079,1,DORA-USDT
2021-11-16 23:00:00,1637074800000,14.7710000000,16.4680000000,14.7390000000,16.3990000000,190446.2551700000,2958368.8739180407,2958368.8739180407,1,DORA-USDT
2021-11-17 00:00:00,1637078400000,16.4000000000,18.3500000000,16.1950000000,17.7260000000,284160.6494800000,4917195.4095081966,4917195.4095081966,1,DORA-USDT
2021-11-17 01:00:00,1637082000000,17.7170000000,17.7350000000,16.6560000000,16.6560000000,114734.2397710000,1961072.9692323031,1961072.9692323031,1,DORA-USDT
2021-11-17 02:00:00,1637085600000,16.6500000000,16.7310000000,15.9570000000,16.0340000000,63195.3835310000,1033440.1484894940,1033440.1484894940,1,DORA-USDT
2021-11-17 03:00:00,1637089200000,16.0300000000,16.1690000000,15.6250000000,15.6850000000,48180.6169280000,764834.5663486880,764834.5663486880,1,DORA-USDT
2021-11-17 04:00:00,1637092800000,15.6850000000,16.2060000000,15.6050000000,16.0530000000,100678.2412040000,1607111.0490003887,1607111.0490003887,1,DORA-USDT
2021-11-17 05:00:00,1637096400000,16.0590000000,16.3360000000,15.4170000000,15.7390000000,114879.2032160000,1814269.2103721511,1814269.2103721511,1,DORA-USDT
2021-11-17 06:00:00,1637100000000,15.7380000000,16.1960000000,15.6500000000,16.1340000000,97785.6036580000,1561647.1377324527,1561647.1377324527,1,DORA-USDT
2021-11-17 07:00:00,1637103600000,16.1330000000,16.1610000000,15.5670000000,15.9330000000,88942.9788750000,1412709.0942373520,1412709.0942373520,1,DORA-USDT
2021-11-17 08:00:00,1637107200000,15.9230000000,16.0850000000,14.9220000000,15.1730000000,150874.3782280000,2334386.7118570488,2334386.7118570488,1,DORA-USDT
2021-11-17 09:00:00,1637110800000,15.1730000000,15.4120000000,14.9200000000,15.1840000000,68629.4252200000,1041576.7381135240,1041576.7381135240,1,DORA-USDT
2021-11-17 10:00:00,1637114400000,15.1850000000,15.3970000000,14.9620000000,15.0580000000,63045.4442980000,957793.9978558850,957793.9978558850,1,DORA-USDT
2021-11-17 11:00:00,1637118000000,15.0580000000,15.6640000000,14.8880000000,15.1760000000,97603.0938140000,1494634.3829421373,1494634.3829421373,1,DORA-USDT
2021-11-17 12:00:00,1637121600000,15.1740000000,15.4830000000,14.9110000000,15.4670000000,94632.7568230000,1440099.1916736751,1440099.1916736751,1,DORA-USDT
2021-11-17 13:00:00,1637125200000,15.4680000000,15.7960000000,15.4540000000,15.7950000000,35128.5596860000,548407.3328803050,548407.3328803050,1,DORA-USDT
2021-11-17 14:00:00,1637128800000,15.7960000000,15.9400000000,15.4640000000,15.8490000000,72027.1484850000,1132480.7938711287,1132480.7938711287,1,DORA-USDT
2021-11-17 15:00:00,1637132400000,15.8490000000,16.2350000000,15.6510000000,15.9430000000,90121.8345320000,1432072.3436695100,1432072.3436695100,1,DORA-USDT
2021-11-17 16:00:00,1637136000000,15.9380000000,15.9380000000,15.5510000000,15.7500000000,52880.0322690000,830134.0181317700,830134.0181317700,1,DORA-USDT
2021-11-17 17:00:00,1637139600000,15.7470000000,15.7500000000,15.1270000000,15.4440000000,74770.7395520000,1150250.1262127033,1150250.1262127033,1,DORA-USDT
2021-11-17 18:00:00,1637143200000,15.4390000000,15.9890000000,15.4390000000,15.7260000000,64035.6613410000,1004485.0594791740,1004485.0594791740,1,DORA-USDT
2021-11-17 19:00:00,1637146800000,15.7250000000,15.9030000000,15.5170000000,15.7240000000,71348.6202620000,1120220.5001932867,1120220.5001932867,1,DORA-USDT
2021-11-17 20:00:00,1637150400000,15.7200000000,15.7250000000,15.3000000000,15.4080000000,46640.4938130000,725022.2277569460,725022.2277569460,1,DORA-USDT
2021-11-17 21:00:00,1637154000000,15.4080000000,15.5510000000,15.2700000000,15.4560000000,37961.0982460000,585236.5312878310,585236.5312878310,1,DORA-USDT
2021-11-17 22:00:00,1637157600000,15.4560000000,16.0220000000,15.3430000000,15.4090000000,96729.6322760000,1515598.1366313479,1515598.1366313479,1,DORA-USDT
2021-11-17 23:00:00,1637161200000,15.4040000000,16.0210000000,15.2890000000,15.9140000000,66251.8968090000,1039293.1699242700,1039293.1699242700,1,DORA-USDT
2021-11-18 00:00:00,1637164800000,15.9130000000,17.1490000000,15.9010000000,16.7740000000,162514.6584470000,2686884.0531112910,2686884.0531112910,1,DORA-USDT
2021-11-18 01:00:00,1637168400000,16.7760000000,17.1500000000,16.1980000000,16.2230000000,114376.8043640000,1899426.1149941608,1899426.1149941608,1,DORA-USDT
2021-11-18 02:00:00,1637172000000,16.2290000000,16.3440000000,16.0000000000,16.0780000000,43508.1667030000,703836.2248806850,703836.2248806850,1,DORA-USDT
2021-11-18 03:00:00,1637175600000,16.0870000000,16.0990000000,15.9690000000,15.9980000000,14543.3829940000,233241.5892744800,233241.5892744800,1,DORA-USDT
2021-11-18 04:00:00,1637179200000,15.9940000000,15.9990000000,14.1000000000,14.1320000000,136332.9604350000,2045812.7661304940,2045812.7661304940,1,DORA-USDT
2021-11-18 05:00:00,1637182800000,14.1310000000,14.7300000000,13.9630000000,14.6530000000,94982.3999680000,1365618.6013657490,1365618.6013657490,1,DORA-USDT
2021-11-18 06:00:00,1637186400000,14.6550000000,14.6920000000,14.2950000000,14.5470000000,45905.6630550000,664706.5874233450,664706.5874233450,1,DORA-USDT
2021-11-18 07:00:00,1637190000000,14.5480000000,14.9740000000,14.3550000000,14.9740000000,76330.8107460000,1120673.0859776449,1120673.0859776449,1,DORA-USDT
2021-11-18 08:00:00,1637193600000,14.9740000000,15.0180000000,14.6090000000,15.0010000000,49788.9620220000,742039.9144729940,742039.9144729940,1,DORA-USDT
2021-11-18 09:00:00,1637197200000,15.0000000000,15.0140000000,14.7970000000,14.8270000000,41580.1050380000,619305.9703634930,619305.9703634930,1,DORA-USDT
2021-11-18 10:00:00,1637200800000,14.8270000000,14.8270000000,14.5250000000,14.5920000000,48602.4897230000,710099.4087682960,710099.4087682960,1,DORA-USDT
2021-11-18 11:00:00,1637204400000,14.5960000000,14.6940000000,14.3500000000,14.5610000000,60378.5369860000,878431.9551183830,878431.9551183830,1,DORA-USDT
2021-11-18 12:00:00,1637208000000,14.5510000000,14.7130000000,14.4630000000,14.6190000000,51572.8598140000,752438.3201260790,752438.3201260790,1,DORA-USDT
2021-11-18 13:00:00,1637211600000,14.6220000000,14.8900000000,14.6220000000,14.8770000000,27360.9412020000,403860.5174711600,403860.5174711600,1,DORA-USDT
2021-11-18 14:00:00,1637215200000,14.8760000000,15.1030000000,14.7710000000,14.9530000000,78351.1982930000,1170215.9812177001,1170215.9812177001,1,DORA-USDT
2021-11-18 15:00:00,1637218800000,14.9640000000,15.4290000000,14.9420000000,15.3050000000,80508.7588890000,1226401.4700590507,1226401.4700590507,1,DORA-USDT
2021-11-18 16:00:00,1637222400000,15.3060000000,15.5520000000,15.2230000000,15.4890000000,46231.1815290000,712021.0441937620,712021.0441937620,1,DORA-USDT
2021-11-18 17:00:00,1637226000000,15.4890000000,15.5230000000,14.9710000000,15.2780000000,85317.4624520000,1298808.6152856050,1298808.6152856050,1,DORA-USDT
2021-11-18 18:00:00,1637229600000,15.2800000000,15.8430000000,15.2690000000,15.6310000000,52908.6119860000,820991.3746151780,820991.3746151780,1,DORA-USDT
2021-11-18 19:00:00,1637233200000,15.6310000000,16.4480000000,15.4750000000,15.6990000000,155804.6262600000,2477209.6335770781,2477209.6335770781,1,DORA-USDT
2021-11-18 20:00:00,1637236800000,15.6960000000,16.0320000000,15.5620000000,16.0000000000,74663.6854090000,1180355.8108491160,1180355.8108491160,1,DORA-USDT
2021-11-18 21:00:00,1637240400000,15.9910000000,16.5960000000,15.8700000000,16.0970000000,93945.5363820000,1523458.1346753719,1523458.1346753719,1,DORA-USDT
2021-11-18 22:00:00,1637244000000,16.1140000000,16.1160000000,15.6970000000,16.0160000000,67878.9216680000,1081922.5274633011,1081922.5274633011,1,DORA-USDT
2021-11-18 23:00:00,1637247600000,16.0140000000,16.0670000000,15.1100000000,15.9040000000,114809.2474030000,1796960.1458036839,1796960.1458036839,1,DORA-USDT
2021-11-19 00:00:00,1637251200000,15.9040000000,17.1500000000,15.7670000000,16.0850000000,193358.4033250000,3171437.3918540361,3171437.3918540361,1,DORA-USDT
2021-11-19 01:00:00,1637254800000,16.0860000000,17.0000000000,15.7000000000,16.8240000000,138253.5437540000,2274821.7936190912,2274821.7936190912,1,DORA-USDT
2021-11-19 02:00:00,1637258400000,16.8240000000,16.9980000000,16.5820000000,16.9560000000,47332.9679380000,796379.4725319661,796379.4725319661,1,DORA-USDT
2021-11-19 03:00:00,1637262000000,16.9540000000,17.1500000000,16.6840000000,16.9080000000,62073.5125110000,1053919.8648547300,1053919.8648547300,1,DORA-USDT
2021-11-19 04:00:00,1637265600000,16.8920000000,16.9450000000,16.6840000000,16.8450000000,25596.9060410000,430030.7563392860,430030.7563392860,1,DORA-USDT
2021-11-19 05:00:00,1637269200000,16.8440000000,17.0620000000,16.7280000000,16.9090000000,33665.0670370000,569612.6221708980,569612.6221708980,1,DORA-USDT
2021-11-19 06:00:00,1637272800000,16.9080000000,16.9080000000,16.2690000000,16.7420000000,54867.4360510000,911756.0422996590,911756.0422996590,1,DORA-USDT
2021-11-19 07:00:00,1637276400000,16.7410000000,16.7470000000,15.9610000000,16.5560000000,76851.1103220000,1254314.9940233061,1254314.9940233061,1,DORA-USDT
2021-11-19 08:00:00,1637280000000,16.5580000000,16.8500000000,16.1160000000,16.8390000000,62728.6850020000,1029205.6630808900,1029205.6630808900,1,DORA-USDT
2021-11-19 09:00:00,1637283600000,16.8400000000,16.9270000000,16.7550000000,16.7650000000,28340.3242950000,476295.9616048270,476295.9616048270,1,DORA-USDT
2021-11-19 10:00:00,1637287200000,16.7790000000,17.0110000000,16.3390000000,16.5000000000,51088.7530730000,854889.5725929440,854889.5725929440,1,DORA-USDT
2021-11-19 11:00:00,1637290800000,16.5570000000,17.1500000000,16.4000000000,17.1030000000,76061.0690040000,1274461.5611199990,1274461.5611199990,1,DORA-USDT
2021-11-19 12:00:00,1637294400000,17.1260000000,18.1000000000,16.9250000000,18.0620000000,122019.2389750000,2160704.4608362359,2160704.4608362359,1,DORA-USDT
2021-11-19 13:00:00,1637298000000,18.0700000000,18.3000000000,17.8180000000,18.0050000000,97011.0034260000,1751179.8118046380,1751179.8118046380,1,DORA-USDT
2021-11-19 14:00:00,1637301600000,18.0090000000,18.6270000000,17.5030000000,18.5640000000,152496.0607500000,2757561.2762464592,2757561.2762464592,1,DORA-USDT
2021-11-19 15:00:00,1637305200000,18.5460000000,19.2350000000,18.2360000000,18.5900000000,96921.7495600000,1802480.3386326421,1802480.3386326421,1,DORA-USDT
2021-11-19 16:00:00,1637308800000,18.6090000000,20.9240000000,18.5780000000,20.1820000000,184489.1263220000,3668417.4710772298,3668417.4710772298,1,DORA-USDT
2021-11-19 17:00:00,1637312400000,20.1750000000,21.5800000000,18.7250000000,19.0710000000,301547.4845590000,6115556.1022925936,6115556.1022925936,1,DORA-USDT
2021-11-19 18:00:00,1637316000000,19.0650000000,19.1030000000,18.0690000000,18.8950000000,188068.8635130000,3495040.2502991366,3495040.2502991366,1,DORA-USDT
2021-11-19 19:00:00,1637319600000,18.8980000000,19.2710000000,18.2840000000,18.7700000000,84475.1753470000,1575720.8071183453,1575720.8071183453,1,DORA-USDT
2021-11-19 20:00:00,1637323200000,18.7740000000,19.3880000000,18.3470000000,18.5880000000,101478.6710110000,1916417.9619129479,1916417.9619129479,1,DORA-USDT
2021-11-19 21:00:00,1637326800000,18.5870000000,18.6080000000,18.2060000000,18.3060000000,78768.7108960000,1450704.8353004761,1450704.8353004761,1,DORA-USDT
2021-11-19 22:00:00,1637330400000,18.3040000000,18.3270000000,17.0400000000,17.4070000000,127498.1256850000,2247098.5626809122,2247098.5626809122,1,DORA-USDT
2021-11-19 23:00:00,1637334000000,17.4170000000,17.7690000000,16.9510000000,17.2860000000,92118.2882530000,1611766.3217998133,1611766.3217998133,1,DORA-USDT
2021-11-20 00:00:00,1637337600000,17.2870000000,17.6000000000,16.8870000000,17.5580000000,73163.5256940000,1255647.4738137890,1255647.4738137890,1,DORA-USDT
2021-11-20 01:00:00,1637341200000,17.5780000000,18.5000000000,17.5540000000,18.0160000000,111202.8450080000,2007852.1139810097,2007852.1139810097,1,DORA-USDT
2021-11-20 02:00:00,1637344800000,18.0150000000,18.2370000000,17.8700000000,18.0280000000,45077.2900850000,812729.1433569130,812729.1433569130,1,DORA-USDT
2021-11-20 03:00:00,1637348400000,18.0260000000,18.1910000000,17.6080000000,17.9860000000,56214.8476000000,1009464.1051562950,1009464.1051562950,1,DORA-USDT
2021-11-20 04:00:00,1637352000000,17.9850000000,18.0000000000,17.9310000000,17.9960000000,16385.4020080000,294599.7059246090,294599.7059246090,1,DORA-USDT
2021-11-20 05:00:00,1637355600000,17.9930000000,18.0000000000,17.9140000000,17.9750000000,20326.0854210000,365391.1438800010,365391.1438800010,1,DORA-USDT
2021-11-20 06:00:00,1637359200000,17.9770000000,18.0000000000,17.9140000000,17.9960000000,19263.7646450000,346176.6421228920,346176.6421228920,1,DORA-USDT
2021-11-20 07:00:00,1637362800000,17.9990000000,18.0000000000,17.9300000000,18.0000000000,18056.2119640000,324526.9540549340,324526.9540549340,1,DORA-USDT
2021-11-20 08:00:00,1637366400000,18.0000000000,18.0100000000,17.7620000000,17.9970000000,39904.5907410000,716174.0208851040,716174.0208851040,1,DORA-USDT
2021-11-20 09:00:00,1637370000000,17.9980000000,18.0010000000,17.7550000000,17.9480000000,21149.6082040000,379252.8957679170,379252.8957679170,1,DORA-USDT
2021-11-20 10:00:00,1637373600000,17.9420000000,17.9590000000,17.8770000000,17.9400000000,18883.8628670000,338649.5675350670,338649.5675350670,1,DORA-USDT
2021-11-20 11:00:00,1637377200000,17.9410000000,18.0290000000,17.8560000000,18.0280000000,23846.5776570000,427751.6379534970,427751.6379534970,1,DORA-USDT
2021-11-20 12:00:00,1637380800000,18.0220000000,19.2720000000,17.9530000000,19.2460000000,76343.4272240000,1414280.7146011190,1414280.7146011190,1,DORA-USDT
2021-11-20 13:00:00,1637384400000,19.2440000000,19.7000000000,18.4090000000,18.4590000000,121199.9613650000,2318395.8544677519,2318395.8544677519,1,DORA-USDT
2021-11-20 14:00:00,1637388000000,18.4650000000,18.7200000000,18.4070000000,18.7010000000,48898.0044890000,906330.6998293020,906330.6998293020,1,DORA-USDT
2021-11-20 15:00:00,1637391600000,18.7030000000,19.0840000000,18.3380000000,18.7020000000,84661.6144440000,1580317.1607806019,1580317.1607806019,1,DORA-USDT
2021-11-20 16:00:00,1637395200000,18.7010000000,19.2500000000,18.6830000000,19.0180000000,72476.0363280000,1379156.8108423627,1379156.8108423627,1,DORA-USDT
2021-11-20 17:00:00,1637398800000,19.0180000000,19.0240000000,18.2300000000,18.2340000000,55727.3795740000,1039415.0482017652,1039415.0482017652,1,DORA-USDT
2021-11-20 18:00:00,1637402400000,18.2390000000,18.4520000000,18.1530000000,18.2360000000,34025.0523280000,623071.9332632429,623071.9332632429,1,DORA-USDT
2021-11-20 19:00:00,1637406000000,18.2390000000,18.5960000000,18.0180000000,18.0280000000,54506.2422810000,995078.7826713750,995078.7826713750,1,DORA-USDT
2021-11-20 20:00:00,1637409600000,18.0270000000,18.2570000000,17.6640000000,17.8010000000,59477.8215660000,1069073.3881988740,1069073.3881988740,1,DORA-USDT
2021-11-20 21:00:00,1637413200000,17.7990000000,17.8690000000,17.3520000000,17.4610000000,56203.3873350000,986509.8030318010,986509.8030318010,1,DORA-USDT
2021-11-20 22:00:00,1637416800000,17.4650000000,18.2090000000,17.4360000000,18.0170000000,68119.2607750000,1219888.3052306781,1219888.3052306781,1,DORA-USDT
2021-11-20 23:00:00,1637420400000,18.0170000000,18.0390000000,17.6390000000,18.0390000000,73173.1679030000,1306848.1040802461,1306848.1040802461,1,DORA-USDT
2021-11-21 00:00:00,1637424000000,18.0340000000,18.1880000000,17.7530000000,18.1140000000,78469.1291570000,1408516.5288029001,1408516.5288029001,1,DORA-USDT
2021-11-21 01:00:00,1637427600000,18.1130000000,18.1130000000,17.8350000000,18.0000000000,42116.5373290000,756890.9683790130,756890.9683790130,1,DORA-USDT
2021-11-21 02:00:00,1637431200000,18.0000000000,18.2000000000,17.9660000000,18.0630000000,29007.4491710000,524617.5078639510,524617.5078639510,1,DORA-USDT
2021-11-21 03:00:00,1637434800000,18.0670000000,18.1000000000,18.0600000000,18.0830000000,9814.9896300000,177474.7282997860,177474.7282997860,1,DORA-USDT
2021-11-21 04:00:00,1637438400000,18.0840000000,18.1000000000,17.8900000000,17.9670000000,40422.2312030000,727824.5146427320,727824.5146427320,1,DORA-USDT
2021-11-21 05:00:00,1637442000000,17.9630000000,18.0930000000,17.9270000000,18.0780000000,20015.8622760000,360574.7621734400,360574.7621734400,1,DORA-USDT
2021-11-21 06:00:00,1637445600000,18.0810000000,18.0920000000,17.9900000000,18.0220000000,19462.8046430000,350889.9559971760,350889.9559971760,1,DORA-USDT
2021-11-21 07:00:00,1637449200000,18.0220000000,18.1000000000,17.9370000000,18.0730000000,24538.9610010000,442226.8786350440,442226.8786350440,1,DORA-USDT
2021-11-21 08:00:00,1637452800000,18.0720000000,18.1000000000,17.9610000000,18.0140000000,17969.5012570000,324026.5549254150,324026.5549254150,1,DORA-USDT
2021-11-21 09:00:00,1637456400000,18.0180000000,18.1000000000,17.8030000000,18.0000000000,23848.0028960000,429093.8880899670,429093.8880899670,1,DORA-USDT
2021-11-21 10:00:00,1637460000000,18.0000000000,18.0000000000,17.5670000000,17.7960000000,51226.5081810000,908690.2368864230,908690.2368864230,1,DORA-USDT
2021-11-21 11:00:00,1637463600000,17.8000000000,18.0560000000,17.7410000000,17.9780000000,62144.7354180000,1112697.1090386210,1112697.1090386210,1,DORA-USDT
2021-11-21 12:00:00,1637467200000,17.9770000000,18.0560000000,17.9340000000,17.9520000000,29691.7269030000,534289.7663680590,534289.7663680590,1,DORA-USDT
2021-11-21 13:00:00,1637470800000,17.9480000000,18.1800000000,17.9020000000,18.1750000000,20179.0338550000,364684.0555221080,364684.0555221080,1,DORA-USDT
2021-11-21 14:00:00,1637474400000,18.1740000000,18.1800000000,18.1370000000,18.1720000000,11382.3381060000,206780.0468554660,206780.0468554660,1,DORA-USDT
2021-11-21 15:00:00,1637478000000,18.1700000000,18.1800000000,18.0940000000,18.1400000000,18226.6989540000,330933.1745609810,330933.1745609810,1,DORA-USDT
2021-11-21 16:00:00,1637481600000,18.1420000000,18.1800000000,17.8690000000,18.0000000000,33909.0049290000,612734.7358201940,612734.7358201940,1,DORA-USDT
2021-11-21 17:00:00,1637485200000,18.0000000000,18.1620000000,17.7600000000,18.0090000000,34825.9531910000,626668.0796175230,626668.0796175230,1,DORA-USDT
2021-11-21 18:00:00,1637488800000,17.9980000000,18.1800000000,17.8400000000,18.1660000000,39835.9525310000,716933.6443193830,716933.6443193830,1,DORA-USDT
2021-11-21 19:00:00,1637492400000,18.1590000000,18.1800000000,17.8570000000,17.9820000000,43686.0269490000,786597.9860615910,786597.9860615910,1,DORA-USDT
2021-11-21 20:00:00,1637496000000,17.9790000000,18.1300000000,17.8210000000,17.9550000000,44086.0351480000,793601.7647061690,793601.7647061690,1,DORA-USDT
2021-11-21 21:00:00,1637499600000,17.9570000000,18.1300000000,17.8610000000,17.9560000000,29621.7319400000,532277.7684425100,532277.7684425100,1,DORA-USDT
2021-11-21 22:00:00,1637503200000,17.9600000000,18.1800000000,17.9040000000,18.0530000000,29836.9215010000,538472.0881721550,538472.0881721550,1,DORA-USDT
2021-11-21 23:00:00,1637506800000,18.0610000000,18.0620000000,17.1180000000,17.2640000000,71634.7309910000,1256490.6789995369,1256490.6789995369,1,DORA-USDT
2021-11-22 00:00:00,1637510400000,17.3060000000,18.0110000000,17.1720000000,17.9050000000,88506.9371140000,1563845.5749033680,1563845.5749033680,1,DORA-USDT
2021-11-22 01:00:00,1637514000000,17.9060000000,18.0570000000,17.8140000000,17.9940000000,41878.2626980000,751585.7206293500,751585.7206293500,1,DORA-USDT
2021-11-22 02:00:00,1637517600000,18.0150000000,18.1800000000,17.8840000000,18.1400000000,41995.0688880000,758322.5349148350,758322.5349148350,1,DORA-USDT
2021-11-22 03:00:00,1637521200000,18.1370000000,18.1840000000,17.8670000000,18.0650000000,64200.9525270000,1157485.5262845487,1157485.5262845487,1,DORA-USDT
2021-11-22 04:00:00,1637524800000,18.0700000000,18.7730000000,18.0250000000,18.1640000000,42692.8136830000,778778.0173065510,778778.0173065510,1,DORA-USDT
2021-11-22 05:00:00,1637528400000,18.1710000000,18.3400000000,17.8730000000,18.1350000000,61462.9758560000,1113631.3019495781,1113631.3019495781,1,DORA-USDT
2021-11-22 06:00:00,1637532000000,18.1630000000,18.3250000000,17.8880000000,18.0620000000,46622.2042910000,845547.8948158550,845547.8948158550,1,DORA-USDT
2021-11-22 07:00:00,1637535600000,18.0630000000,18.3800000000,17.6470000000,18.3680000000,74866.5886230000,1347781.5077810450,1347781.5077810450,1,DORA-USDT
2021-11-22 08:00:00,1637539200000,18.3090000000,18.6350000000,17.8550000000,17.9040000000,79002.5494870000,1428372.7415154190,1428372.7415154190,1,DORA-USDT
2021-11-22 09:00:00,1637542800000,17.9030000000,18.1300000000,17.1580000000,17.5690000000,112508.0348910000,1969013.0931871168,1969013.0931871168,1,DORA-USDT
2021-11-22 10:00:00,1637546400000,17.5700000000,18.1050000000,17.4110000000,17.8040000000,98359.1271600000,1755568.3042316027,1755568.3042316027,1,DORA-USDT
2021-11-22 11:00:00,1637550000000,17.8040000000,18.4760000000,17.6280000000,18.3080000000,108358.9158030000,1955500.1380224740,1955500.1380224740,1,DORA-USDT
2021-11-22 12:00:00,1637553600000,18.3100000000,19.9960000000,18.3020000000,19.9070000000,139177.2760150000,2687575.4673538441,2687575.4673538441,1,DORA-USDT
2021-11-22 13:00:00,1637557200000,19.9800000000,20.0140000000,19.4450000000,19.8060000000,118337.4631660000,2341026.5072648078,2341026.5072648078,1,DORA-USDT
2021-11-22 14:00:00,1637560800000,19.8090000000,20.8880000000,19.7180000000,20.7310000000,92726.7028470000,1880341.0020128912,1880341.0020128912,1,DORA-USDT
2021-11-22 15:00:00,1637564400000,20.7280000000,21.2250000000,19.9710000000,21.0160000000,109018.9597040000,2241126.7255404778,2241126.7255404778,1,DORA-USDT
2021-11-22 16:00:00,1637568000000,21.0050000000,21.5000000000,20.4900000000,21.4120000000,148150.1589930000,3131054.1101841754,3131054.1101841754,1,DORA-USDT
2021-11-22 17:00:00,1637571600000,21.3940000000,21.4930000000,20.5010000000,20.5750000000,110622.8949080000,2318335.4047802002,2318335.4047802002,1,DORA-USDT
2021-11-22 18:00:00,1637575200000,20.5760000000,21.0000000000,20.2410000000,20.7450000000,124809.1026890000,2570023.5043352214,2570023.5043352214,1,DORA-USDT
2021-11-22 19:00:00,1637578800000,20.7440000000,21.3990000000,20.7320000000,21.0100000000,64233.2399100000,1349133.9601460421,1349133.9601460421,1,DORA-USDT
2021-11-22 20:00:00,1637582400000,21.0100000000,21.6000000000,21.0000000000,21.4520000000,83879.4074180000,1789946.1070690199,1789946.1070690199,1,DORA-USDT
2021-11-22 21:00:00,1637586000000,21.4500000000,23.0010000000,21.4000000000,22.3420000000,196746.1187900000,4412426.0439057946,4412426.0439057946,1,DORA-USDT
2021-11-22 22:00:00,1637589600000,22.3430000000,23.1310000000,22.2500000000,22.5960000000,115201.7673000000,2602181.1018262520,2602181.1018262520,1,DORA-USDT
2021-11-22 23:00:00,1637593200000,22.5940000000,23.8000000000,22.5090000000,23.5630000000,111035.8914910000,2574935.8103457992,2574935.8103457992,1,DORA-USDT
2021-11-23 00:00:00,1637596800000,23.5660000000,26.0000000000,23.3840000000,24.5520000000,212582.5396580000,5252385.1459987843,5252385.1459987843,1,DORA-USDT
2021-11-23 01:00:00,1637600400000,24.6040000000,25.5850000000,24.4550000000,25.0510000000,103056.6148150000,2582150.0314150150,2582150.0314150150,1,DORA-USDT
2021-11-23 02:00:00,1637604000000,25.0730000000,25.0900000000,24.4400000000,24.9280000000,83533.1464560000,2068225.5783709392,2068225.5783709392,1,DORA-USDT
2021-11-23 03:00:00,1637607600000,24.9130000000,25.0320000000,24.3300000000,24.6540000000,90092.9164290000,2217315.0068635661,2217315.0068635661,1,DORA-USDT
2021-11-23 04:00:00,1637611200000,24.6600000000,28.8000000000,24.6170000000,27.9080000000,223011.4446550000,5951864.4482846726,5951864.4482846726,1,DORA-USDT
2021-11-23 05:00:00,1637614800000,27.8870000000,28.1810000000,25.4340000000,26.0250000000,213656.5558370000,5653188.5685173487,5653188.5685173487,1,DORA-USDT
2021-11-23 06:00:00,1637618400000,26.0260000000,26.4160000000,25.7560000000,25.8420000000,47573.8245170000,1234828.3043214099,1234828.3043214099,1,DORA-USDT
2021-11-23 07:00:00,1637622000000,25.8500000000,27.3000000000,25.8140000000,26.9550000000,102408.4846750000,2741536.8493109941,2741536.8493109941,1,DORA-USDT
2021-11-23 08:00:00,1637625600000,26.9270000000,27.1990000000,24.1750000000,24.2850000000,186128.2305840000,4765814.6055350248,4765814.6055350248,1,DORA-USDT
2021-11-23 09:00:00,1637629200000,24.2870000000,25.2110000000,24.2640000000,24.8640000000,103231.6815530000,2546642.3983009774,2546642.3983009774,1,DORA-USDT
2021-11-23 10:00:00,1637632800000,24.8610000000,24.8900000000,23.0940000000,23.2460000000,113405.4624040000,2725983.8842822048,2725983.8842822048,1,DORA-USDT
2021-11-23 11:00:00,1637636400000,23.2550000000,23.6880000000,22.5000000000,23.1880000000,96897.0205800000,2239341.8263744549,2239341.8263744549,1,DORA-USDT
2021-11-23 12:00:00,1637640000000,23.1830000000,23.4970000000,22.8000000000,23.0330000000,53645.3695890000,1241169.2415020620,1241169.2415020620,1,DORA-USDT
2021-11-23 13:00:00,1637643600000,23.0430000000,24.0470000000,22.7250000000,24.0470000000,73804.3061780000,1719805.3913747687,1719805.3913747687,1,DORA-USDT
2021-11-23 14:00:00,1637647200000,24.0360000000,25.0980000000,23.7710000000,24.2210000000,121679.1166240000,2963867.2599411639,2963867.2599411639,1,DORA-USDT
2021-11-23 15:00:00,1637650800000,24.2170000000,24.2610000000,22.8870000000,23.1020000000,101725.0900270000,2382321.3741204948,2382321.3741204948,1,DORA-USDT
2021-11-23 16:00:00,1637654400000,23.1020000000,23.1750000000,21.9990000000,22.1700000000,81956.4865020000,1851199.5018563140,1851199.5018563140,1,DORA-USDT
2021-11-23 17:00:00,1637658000000,22.1910000000,23.0050000000,21.8630000000,22.5600000000,92328.7137440000,2076201.4668831821,2076201.4668831821,1,DORA-USDT
2021-11-23 18:00:00,1637661600000,22.5540000000,22.6070000000,21.2800000000,21.6380000000,87189.0848850000,1906877.3058411807,1906877.3058411807,1,DORA-USDT
2021-11-23 19:00:00,1637665200000,21.6390000000,22.3070000000,21.6000000000,22.0950000000,85015.9103980000,1866925.6197128347,1866925.6197128347,1,DORA-USDT
2021-11-23 20:00:00,1637668800000,22.1120000000,22.7310000000,21.9720000000,21.9860000000,84632.9998310000,1890667.5685832847,1890667.5685832847,1,DORA-USDT
2021-11-23 21:00:00,1637672400000,21.9880000000,22.1470000000,21.8970000000,22.1100000000,43177.5654160000,951703.1426717580,951703.1426717580,1,DORA-USDT
2021-11-23 22:00:00,1637676000000,22.1080000000,22.9310000000,22.0000000000,22.9230000000,80134.4352220000,1800759.0264085061,1800759.0264085061,1,DORA-USDT
2021-11-23 23:00:00,1637679600000,22.9220000000,22.9900000000,22.1750000000,22.5680000000,72896.3346800000,1651813.8700475681,1651813.8700475681,1,DORA-USDT
2021-11-24 00:00:00,1637683200000,22.4970000000,22.6950000000,21.2510000000,21.2540000000,97856.7342920000,2152143.1199550121,2152143.1199550121,1,DORA-USDT
2021-11-24 01:00:00,1637686800000,21.2650000000,21.5390000000,20.6020000000,21.0580000000,82614.6402570000,1738228.1360441821,1738228.1360441821,1,DORA-USDT
2021-11-24 02:00:00,1637690400000,21.0510000000,21.4050000000,20.8990000000,21.3160000000,41893.9158180000,886573.4871569840,886573.4871569840,1,DORA-USDT
2021-11-24 03:00:00,1637694000000,21.3220000000,21.6100000000,21.2800000000,21.6100000000,36102.9653690000,774343.5367902979,774343.5367902979,1,DORA-USDT
2021-11-24 04:00:00,1637697600000,21.6000000000,22.0080000000,21.5240000000,21.9030000000,45238.4141240000,984949.7111996540,984949.7111996540,1,DORA-USDT
2021-11-24 05:00:00,1637701200000,21.9010000000,21.9540000000,21.3520000000,21.3950000000,47474.7522300000,1027169.1667498890,1027169.1667498890,1,DORA-USDT
2021-11-24 06:00:00,1637704800000,21.3970000000,21.5160000000,21.0130000000,21.1950000000,54923.6296710000,1170445.2013578820,1170445.2013578820,1,DORA-USDT
2021-11-24 07:00:00,1637708400000,21.1850000000,21.1870000000,20.0780000000,21.0820000000,113286.7768950000,2334538.9485659641,2334538.9485659641,1,DORA-USDT
2021-11-24 08:00:00,1637712000000,21.0430000000,21.0430000000,20.5000000000,20.5690000000,47061.5684510000,972355.9086613350,972355.9086613350,1,DORA-USDT
2021-11-24 09:00:00,1637715600000,20.5600000000,21.4990000000,20.4700000000,21.2110000000,61968.7995250000,1292765.6480165310,1292765.6480165310,1,DORA-USDT
2021-11-24 10:00:00,1637719200000,21.2090000000,21.5840000000,20.4000000000,20.4240000000,96824.6428980000,2037725.8806238049,2037725.8806238049,1,DORA-USDT
2021-11-24 11:00:00,1637722800000,20.4220000000,20.8490000000,20.2150000000,20.4110000000,63788.3111200000,1309599.5099090773,1309599.5099090773,1,DORA-USDT
2021-11-24 12:00:00,1637726400000,20.4160000000,20.7260000000,20.3400000000,20.5240000000,49466.9661970000,1015023.1058870479,1015023.1058870479,1,DORA-USDT
2021-11-24 13:00:00,1637730000000,20.5240000000,21.3130000000,20.1840000000,21.2650000000,88963.9482330000,1853617.0062345040,1853617.0062345040,1,DORA-USDT
2021-11-24 14:00:00,1637733600000,21.2540000000,21.7400000000,21.1460000000,21.2540000000,56572.8816540000,1212745.2224921850,1212745.2224921850,1,DORA-USDT
2021-11-24 15:00:00,1637737200000,21.2570000000,21.3750000000,20.8730000000,21.3750000000,54384.6364610000,1147669.2477146769,1147669.2477146769,1,DORA-USDT
2021-11-24 16:00:00,1637740800000,21.3780000000,21.4900000000,20.8410000000,21.2080000000,64726.7987430000,1371714.2683743229,1371714.2683743229,1,DORA-USDT
2021-11-24 17:00:00,1637744400000,21.2050000000,21.2640000000,20.7090000000,21.1210000000,50272.0229730000,1063732.8139783121,1063732.8139783121,1,DORA-USDT
2021-11-24 18:00:00,1637748000000,21.1220000000,21.2270000000,20.4670000000,20.5010000000,64937.4867040000,1342550.7676339529,1342550.7676339529,1,DORA-USDT
2021-11-24 19:00:00,1637751600000,20.5260000000,20.7970000000,20.2340000000,20.6510000000,63719.9276720000,1307562.5683595771,1307562.5683595771,1,DORA-USDT
2021-11-24 20:00:00,1637755200000,20.6530000000,20.8900000000,20.6370000000,20.6730000000,34473.9298690000,715450.6136538780,715450.6136538780,1,DORA-USDT
2021-11-24 21:00:00,1637758800000,20.6750000000,20.6750000000,19.8180000000,19.9400000000,59650.3245790000,1210575.0925083179,1210575.0925083179,1,DORA-USDT
2021-11-24 22:00:00,1637762400000,19.9560000000,20.0920000000,19.5580000000,19.6750000000,61725.4806860000,1222301.6654186340,1222301.6654186340,1,DORA-USDT
2021-11-24 23:00:00,1637766000000,19.6740000000,19.7180000000,19.1900000000,19.6480000000,83959.1082620000,1636822.0274171841,1636822.0274171841,1,DORA-USDT
2021-11-25 00:00:00,1637769600000,19.6240000000,19.8560000000,18.0000000000,18.0000000000,109965.9460860000,2070131.2987690007,2070131.2987690007,1,DORA-USDT
2021-11-25 01:00:00,1637773200000,18.0070000000,18.4530000000,16.8420000000,18.2850000000,155899.1442090000,2762325.2412787001,2762325.2412787001,1,DORA-USDT
2021-11-25 02:00:00,1637776800000,18.3000000000,18.4670000000,18.1000000000,18.1830000000,60094.7504160000,1099157.8718136139,1099157.8718136139,1,DORA-USDT
2021-11-25 03:00:00,1637780400000,18.1830000000,18.3200000000,18.0000000000,18.0750000000,39169.5324940000,709962.3491236829,709962.3491236829,1,DORA-USDT
2021-11-25 04:00:00,1637784000000,18.0780000000,18.6380000000,18.0070000000,18.3960000000,59955.2865530000,1094911.0027806200,1094911.0027806200,1,DORA-USDT
2021-11-25 05:00:00,1637787600000,18.3990000000,18.6110000000,18.3950000000,18.5150000000,44677.5269230000,826209.7922664600,826209.7922664600,1,DORA-USDT
2021-11-25 06:00:00,1637791200000,18.5000000000,18.6400000000,18.1950000000,18.3400000000,46053.0924130000,851798.3850634140,851798.3850634140,1,DORA-USDT
2021-11-25 07:00:00,1637794800000,18.3340000000,18.3920000000,17.8930000000,18.2060000000,83320.9821180000,1512861.2695333911,1512861.2695333911,1,DORA-USDT
2021-11-25 08:00:00,1637798400000,18.2200000000,19.5990000000,18.1380000000,19.5990000000,86368.9012290000,1615447.5532016647,1615447.5532016647,1,DORA-USDT
2021-11-25 09:00:00,1637802000000,19.5870000000,20.0150000000,18.7450000000,19.1790000000,101979.0464330000,1969321.0388135549,1969321.0388135549,1,DORA-USDT
2021-11-25 10:00:00,1637805600000,19.1790000000,19.3550000000,18.9300000000,18.9900000000,51948.3504640000,993067.9174966910,993067.9174966910,1,DORA-USDT
2021-11-25 11:00:00,1637809200000,18.9920000000,19.0330000000,17.8970000000,18.2520000000,91256.6520330000,1683422.5511807550,1683422.5511807550,1,DORA-USDT
2021-11-25 12:00:00,1637812800000,18.2330000000,18.8960000000,18.2330000000,18.6670000000,68045.7211260000,1265124.0300281353,1265124.0300281353,1,DORA-USDT
2021-11-25 13:00:00,1637816400000,18.6680000000,18.6680000000,18.1570000000,18.3240000000,49269.0183940000,909512.4723215559,909512.4723215559,1,DORA-USDT
2021-11-25 14:00:00,1637820000000,18.3140000000,18.3610000000,17.7570000000,18.0130000000,77124.0919550000,1391092.6613454260,1391092.6613454260,1,DORA-USDT
2021-11-25 15:00:00,1637823600000,17.9840000000,18.1700000000,17.7910000000,17.9780000000,57266.1952650000,1031739.0281309850,1031739.0281309850,1,DORA-USDT
2021-11-25 16:00:00,1637827200000,18.0030000000,18.1750000000,17.8340000000,18.0330000000,41809.0678300000,754103.2312616230,754103.2312616230,1,DORA-USDT
2021-11-25 17:00:00,1637830800000,18.0330000000,18.1110000000,17.6590000000,17.7130000000,35052.0474880000,626598.3826952589,626598.3826952589,1,DORA-USDT
2021-11-25 18:00:00,1637834400000,17.7130000000,18.0300000000,16.9880000000,17.8880000000,97345.2508210000,1709996.1673830019,1709996.1673830019,1,DORA-USDT
2021-11-25 19:00:00,1637838000000,17.8930000000,18.0500000000,17.6920000000,17.9280000000,41451.9143050000,740261.2083377100,740261.2083377100,1,DORA-USDT
2021-11-25 20:00:00,1637841600000,17.9340000000,18.2000000000,17.8300000000,17.9650000000,58916.9558970000,1061372.0154825719,1061372.0154825719,1,DORA-USDT
2021-11-25 21:00:00,1637845200000,17.9660000000,18.2000000000,17.6980000000,18.0950000000,54435.6229170000,980470.9414078270,980470.9414078270,1,DORA-USDT
2021-11-25 22:00:00,1637848800000,18.0940000000,18.2000000000,18.0480000000,18.2000000000,19241.4240210000,349437.6929289710,349437.6929289710,1,DORA-USDT
2021-11-25 23:00:00,1637852400000,18.1880000000,18.9590000000,18.1500000000,18.8940000000,50069.8861680000,925835.8906076601,925835.8906076601,1,DORA-USDT
2021-11-26 00:00:00,1637856000000,18.8640000000,19.4000000000,18.3370000000,19.3970000000,103828.2662330000,1954468.2385321481,1954468.2385321481,1,DORA-USDT
2021-11-26 01:00:00,1637859600000,19.3820000000,19.5790000000,18.8610000000,18.9340000000,82425.9547360000,1578373.8431694519,1578373.8431694519,1,DORA-USDT
2021-11-26 02:00:00,1637863200000,18.9270000000,19.0230000000,18.5750000000,18.5850000000,37299.8115470000,702806.9727617180,702806.9727617180,1,DORA-USDT
2021-11-26 03:00:00,1637866800000,18.5850000000,18.6570000000,18.3380000000,18.4650000000,41105.7630980000,759505.3543319600,759505.3543319600,1,DORA-USDT
2021-11-26 04:00:00,1637870400000,18.4410000000,18.5600000000,18.2470000000,18.4020000000,30767.1144290000,566116.4611398861,566116.4611398861,1,DORA-USDT
2021-11-26 05:00:00,1637874000000,18.4030000000,18.5800000000,18.1800000000,18.2330000000,43450.0032660000,795535.2755632250,795535.2755632250,1,DORA-USDT
2021-11-26 06:00:00,1637877600000,18.2380000000,18.2940000000,18.1800000000,18.2270000000,21957.4779530000,400155.2479408330,400155.2479408330,1,DORA-USDT
2021-11-26 07:00:00,1637881200000,18.2240000000,18.4090000000,18.1800000000,18.2140000000,33686.1428210000,616474.7131710300,616474.7131710300,1,DORA-USDT
2021-11-26 08:00:00,1637884800000,18.2140000000,18.5030000000,18.0200000000,18.2940000000,44961.1932400000,822516.6265592360,822516.6265592360,1,DORA-USDT
2021-11-26 09:00:00,1637888400000,18.2970000000,18.3300000000,17.8480000000,18.0060000000,39230.9907550000,712034.4176854350,712034.4176854350,1,DORA-USDT
2021-11-26 10:00:00,1637892000000,18.0080000000,18.0430000000,17.7710000000,17.8750000000,42700.7341750000,766815.5072902060,766815.5072902060,1,DORA-USDT
2021-11-26 11:00:00,1637895600000,17.8730000000,18.0900000000,17.7100000000,17.9290000000,53557.2460570000,961843.6020750561,961843.6020750561,1,DORA-USDT
2021-11-26 12:00:00,1637899200000,17.9280000000,18.1590000000,17.7050000000,17.8260000000,57472.6992110000,1029911.1138449160,1029911.1138449160,1,DORA-USDT
2021-11-26 13:00:00,1637902800000,17.8490000000,17.9730000000,17.7050000000,17.9490000000,47285.8025110000,842811.1424955770,842811.1424955770,1,DORA-USDT
2021-11-26 14:00:00,1637906400000,17.9120000000,18.1480000000,17.8060000000,17.8800000000,40515.6901620000,728329.7427933100,728329.7427933100,1,DORA-USDT
2021-11-26 15:00:00,1637910000000,17.8720000000,18.2400000000,17.6810000000,18.0900000000,92325.5365980000,1656769.2691384647,1656769.2691384647,1,DORA-USDT
2021-11-26 16:00:00,1637913600000,18.1370000000,18.1370000000,16.2000000000,16.3500000000,150276.6477490000,2596332.2526041209,2596332.2526041209,1,DORA-USDT
2021-11-26 17:00:00,1637917200000,16.3290000000,17.6700000000,16.1880000000,17.0910000000,140168.2926900000,2380428.2214124114,2380428.2214124114,1,DORA-USDT
2021-11-26 18:00:00,1637920800000,17.0930000000,17.1990000000,16.8030000000,17.0440000000,22239.3874760000,378400.7582469290,378400.7582469290,1,DORA-USDT
2021-11-26 19:00:00,1637924400000,16.9560000000,18.1890000000,16.5790000000,18.0030000000,75611.2633800000,1345005.3856072500,1345005.3856072500,1,DORA-USDT
2021-11-26 20:00:00,1637928000000,18.0020000000,19.2770000000,17.9010000000,18.3520000000,204977.0654200000,3811703.3399002855,3811703.3399002855,1,DORA-USDT
2021-11-26 21:00:00,1637931600000,18.3520000000,18.3520000000,16.8030000000,17.2010000000,99166.1422870000,1732753.0350024209,1732753.0350024209,1,DORA-USDT
2021-11-26 22:00:00,1637935200000,17.2060000000,18.1000000000,17.0000000000,17.9920000000,82235.8916640000,1456970.6862450561,1456970.6862450561,1,DORA-USDT
2021-11-26 23:00:00,1637938800000,17.9900000000,18.9000000000,17.9650000000,18.6520000000,79284.9449910000,1460596.9769821167,1460596.9769821167,1,DORA-USDT
2021-11-27 00:00:00,1637942400000,18.6510000000,18.7060000000,17.6960000000,17.8880000000,93832.0316250000,1700877.1211381713,1700877.1211381713,1,DORA-USDT
2021-11-27 01:00:00,1637946000000,17.8790000000,18.4500000000,17.8720000000,18.3080000000,66203.7772180000,1201275.2323096660,1201275.2323096660,1,DORA-USDT
2021-11-27 02:00:00,1637949600000,18.3040000000,18.5920000000,18.1920000000,18.4460000000,43218.8135580000,792873.0236839380,792873.0236839380,1,DORA-USDT
2021-11-27 03:00:00,1637953200000,18.4590000000,18.8250000000,18.4440000000,18.6660000000,28499.1626960000,531300.8495977580,531300.8495977580,1,DORA-USDT
2021-11-27 04:00:00,1637956800000,18.6640000000,19.2770000000,18.6610000000,19.2760000000,49020.5081970000,932302.1995694080,932302.1995694080,1,DORA-USDT
2021-11-27 05:00:00,1637960400000,19.2770000000,19.2770000000,18.9290000000,19.0580000000,50622.3301740000,968213.3583059660,968213.3583059660,1,DORA-USDT
2021-11-27 06:00:00,1637964000000,19.0610000000,19.2470000000,18.6980000000,18.7510000000,51170.3703800000,973868.3174418880,973868.3174418880,1,DORA-USDT
2021-11-27 07:00:00,1637967600000,18.7580000000,19.2770000000,18.7520000000,19.0520000000,63223.4326560000,1205529.7118565161,1205529.7118565161,1,DORA-USDT
2021-11-27 08:00:00,1637971200000,19.0640000000,19.2400000000,17.5390000000,17.8950000000,174393.0253460000,3165013.4083802439,3165013.4083802439,1,DORA-USDT
2021-11-27 09:00:00,1637974800000,17.8960000000,18.3780000000,17.6880000000,18.2870000000,107145.0334160000,1928746.1024960675,1928746.1024960675,1,DORA-USDT
2021-11-27 10:00:00,1637978400000,18.2890000000,18.8750000000,18.2380000000,18.7330000000,82406.7118900000,1525358.6902895030,1525358.6902895030,1,DORA-USDT
2021-11-27 11:00:00,1637982000000,18.7320000000,23.4990000000,18.4780000000,22.8710000000,256803.9976840000,5377580.2513292776,5377580.2513292776,1,DORA-USDT
2021-11-27 12:00:00,1637985600000,22.8640000000,25.7660000000,22.7000000000,23.4430000000,229318.0753230000,5491305.3219258050,5491305.3219258050,1,DORA-USDT
2021-11-27 13:00:00,1637989200000,23.5180000000,23.5190000000,22.0520000000,22.1250000000,121927.0078370000,2777691.1176178078,2777691.1176178078,1,DORA-USDT
2021-11-27 14:00:00,1637992800000,22.1290000000,22.9530000000,20.6380000000,21.3110000000,245266.9427280000,5324617.2240743060,5324617.2240743060,1,DORA-USDT
2021-11-27 15:00:00,1637996400000,21.2670000000,23.3520000000,20.7450000000,22.9740000000,163221.8230740000,3606961.1755403457,3606961.1755403457,1,DORA-USDT
2021-11-27 16:00:00,1638000000000,22.9420000000,22.9420000000,21.5000000000,22.5450000000,135355.3202870000,2990636.0171784712,2990636.0171784712,1,DORA-USDT
2021-11-27 17:00:00,1638003600000,22.5450000000,22.5710000000,21.6790000000,21.9100000000,91524.8601690000,2021971.6532781408,2021971.6532781408,1,DORA-USDT
2021-11-27 18:00:00,1638007200000,21.9130000000,21.9220000000,21.0880000000,21.2550000000,63873.8802780000,1365056.1246047581,1365056.1246047581,1,DORA-USDT
2021-11-27 19:00:00,1638010800000,21.2510000000,22.3870000000,21.1630000000,22.3500000000,73931.4018930000,1603488.8107162500,1603488.8107162500,1,DORA-USDT
2021-11-27 20:00:00,1638014400000,22.3530000000,22.5380000000,20.8970000000,21.0020000000,93017.0331360000,2003557.2409535777,2003557.2409535777,1,DORA-USDT
2021-11-27 21:00:00,1638018000000,21.0020000000,21.2230000000,20.7710000000,20.9820000000,50721.8629220000,1064093.0381087060,1064093.0381087060,1,DORA-USDT
2021-11-27 22:00:00,1638021600000,20.9860000000,21.1120000000,20.0000000000,20.0260000000,70636.7894510000,1448371.8695079661,1448371.8695079661,1,DORA-USDT
2021-11-27 23:00:00,1638025200000,20.0240000000,20.9690000000,20.0130000000,20.9500000000,84980.0408280000,1741867.5928246670,1741867.5928246670,1,DORA-USDT
2021-11-28 00:00:00,1638028800000,20.9540000000,21.1910000000,20.7550000000,21.1180000000,63961.5797640000,1342000.7327627710,1342000.7327627710,1,DORA-USDT
2021-11-28 01:00:00,1638032400000,21.0980000000,23.3960000000,20.9290000000,22.3000000000,215550.6192640000,4761946.0294229044,4761946.0294229044,1,DORA-USDT
2021-11-28 02:00:00,1638036000000,22.3000000000,22.3490000000,20.6330000000,20.8700000000,132765.7369990000,2826805.7263475908,2826805.7263475908,1,DORA-USDT
2021-11-28 03:00:00,1638039600000,20.8730000000,21.3170000000,20.8680000000,21.3170000000,40048.0207770000,844622.3399469580,844622.3399469580,1,DORA-USDT
2021-11-28 04:00:00,1638043200000,21.3090000000,22.2570000000,21.1850000000,21.2800000000,81823.9162710000,1766648.6611856611,1766648.6611856611,1,DORA-USDT
2021-11-28 05:00:00,1638046800000,21.2720000000,22.5450000000,21.1830000000,21.8770000000,98629.0020240000,2159417.1625757166,2159417.1625757166,1,DORA-USDT
2021-11-28 06:00:00,1638050400000,21.8770000000,22.9890000000,21.7160000000,22.8230000000,95149.5281110000,2110050.3315961086,2110050.3315961086,1,DORA-USDT
2021-11-28 07:00:00,1638054000000,22.8320000000,24.3980000000,22.3980000000,22.5540000000,155623.4818700000,3638554.2910435838,3638554.2910435838,1,DORA-USDT
2021-11-28 08:00:00,1638057600000,22.5340000000,22.6430000000,21.5270000000,21.7560000000,112430.3515590000,2464474.6380183650,2464474.6380183650,1,DORA-USDT
2021-11-28 09:00:00,1638061200000,21.7500000000,22.5500000000,19.9590000000,20.6890000000,135808.6252760000,2935389.3893566462,2935389.3893566462,1,DORA-USDT
2021-11-28 10:00:00,1638064800000,20.6910000000,21.2930000000,18.8980000000,19.8440000000,159990.9885250000,3199115.6417636238,3199115.6417636238,1,DORA-USDT
2021-11-28 11:00:00,1638068400000,19.8430000000,20.0720000000,19.0010000000,19.3810000000,120357.9883990000,2351536.4620464649,2351536.4620464649,1,DORA-USDT
2021-11-28 12:00:00,1638072000000,19.3920000000,19.6190000000,19.1720000000,19.3940000000,75044.1375370000,1454145.5845200079,1454145.5845200079,1,DORA-USDT
2021-11-28 13:00:00,1638075600000,19.3980000000,20.7750000000,19.3380000000,20.1330000000,117550.7800990000,2359842.3963764766,2359842.3963764766,1,DORA-USDT
2021-11-28 14:00:00,1638079200000,20.1460000000,20.1910000000,19.6220000000,20.1030000000,61820.3614950000,1233071.4748547219,1233071.4748547219,1,DORA-USDT
2021-11-28 15:00:00,1638082800000,20.1040000000,20.4330000000,19.4440000000,19.6320000000,73215.3436300000,1453776.9216601080,1453776.9216601080,1,DORA-USDT
2021-11-28 16:00:00,1638086400000,19.6100000000,20.2750000000,19.4990000000,19.9350000000,79857.5326370000,1590878.1304947240,1590878.1304947240,1,DORA-USDT
2021-11-28 17:00:00,1638090000000,19.9370000000,20.1800000000,19.6770000000,19.9100000000,52140.1586550000,1040346.4566032330,1040346.4566032330,1,DORA-USDT
2021-11-28 18:00:00,1638093600000,19.8900000000,19.9000000000,19.5420000000,19.7210000000,50056.7246580000,986220.0687632700,986220.0687632700,1,DORA-USDT
2021-11-28 19:00:00,1638097200000,19.7200000000,19.8130000000,19.2630000000,19.3020000000,75528.5362970000,1479058.5265238760,1479058.5265238760,1,DORA-USDT
2021-11-28 20:00:00,1638100800000,19.3070000000,19.3170000000,18.9900000000,19.1920000000,63363.8421700000,1212501.2240427800,1212501.2240427800,1,DORA-USDT
2021-11-28 21:00:00,1638104400000,19.1950000000,19.2690000000,18.9090000000,19.0390000000,42611.7588650000,813907.4019641750,813907.4019641750,1,DORA-USDT
2021-11-28 22:00:00,1638108000000,19.0280000000,19.3810000000,18.7090000000,18.8870000000,61681.5692150000,1170792.4748399593,1170792.4748399593,1,DORA-USDT
2021-11-28 23:00:00,1638111600000,18.8870000000,19.0710000000,18.8870000000,19.0040000000,13415.9849780000,254878.9341331940,254878.9341331940,1,DORA-USDT
2021-11-29 00:00:00,1638115200000,19.0080000000,19.1050000000,18.0530000000,18.2480000000,79139.8285450000,1464608.2061124439,1464608.2061124439,1,DORA-USDT
2021-11-29 01:00:00,1638118800000,18.2490000000,18.4980000000,18.1800000000,18.3650000000,51854.7715900000,949952.1725331940,949952.1725331940,1,DORA-USDT
2021-11-29 02:00:00,1638122400000,18.3670000000,18.4780000000,18.0000000000,18.4720000000,59163.7631890000,1081282.5315424651,1081282.5315424651,1,DORA-USDT
2021-11-29 03:00:00,1638126000000,18.4730000000,18.6710000000,18.1650000000,18.1670000000,43637.6308160000,802673.6887492690,802673.6887492690,1,DORA-USDT
2021-11-29 04:00:00,1638129600000,18.1640000000,18.3400000000,18.0530000000,18.3220000000,36091.1616430000,655448.3121610800,655448.3121610800,1,DORA-USDT
2021-11-29 05:00:00,1638133200000,18.3250000000,18.7980000000,18.3090000000,18.7610000000,44218.8887080000,818744.5748712340,818744.5748712340,1,DORA-USDT
2021-11-29 06:00:00,1638136800000,18.7640000000,19.2330000000,18.7570000000,19.2090000000,30952.5872220000,587058.4415667820,587058.4415667820,1,DORA-USDT
2021-11-29 07:00:00,1638140400000,19.2400000000,19.7230000000,19.2120000000,19.7130000000,45935.8406470000,893428.4920003570,893428.4920003570,1,DORA-USDT
2021-11-29 08:00:00,1638144000000,19.7150000000,19.8080000000,19.4200000000,19.7240000000,42455.9212630000,833549.8760401080,833549.8760401080,1,DORA-USDT
2021-11-29 09:00:00,1638147600000,19.7190000000,19.7420000000,19.4680000000,19.7140000000,43473.5455580000,852400.3315372040,852400.3315372040,1,DORA-USDT
2021-11-29 10:00:00,1638151200000,19.7130000000,19.8630000000,19.6900000000,19.7980000000,19424.0012720000,383474.1161127590,383474.1161127590,1,DORA-USDT
2021-11-29 11:00:00,1638154800000,19.7940000000,21.0000000000,19.7850000000,20.9010000000,83637.2873750000,1707557.1602482833,1707557.1602482833,1,DORA-USDT
2021-11-29 12:00:00,1638158400000,20.9010000000,21.5000000000,20.9000000000,20.9450000000,29469.1337090000,618570.1886258730,618570.1886258730,1,DORA-USDT
2021-11-29 13:00:00,1638162000000,20.9450000000,21.3100000000,20.3800000000,20.4240000000,65511.1756480000,1364249.7913982000,1364249.7913982000,1,DORA-USDT
2021-11-29 14:00:00,1638165600000,20.4120000000,20.4410000000,19.4160000000,19.6380000000,71536.5047490000,1412531.3220084060,1412531.3220084060,1,DORA-USDT
2021-11-29 15:00:00,1638169200000,19.6370000000,20.4000000000,19.6130000000,20.1270000000,58516.4491200000,1175502.2835405951,1175502.2835405951,1,DORA-USDT
2021-11-29 16:00:00,1638172800000,20.0600000000,20.3690000000,19.6170000000,19.8600000000,49241.0574660000,979635.4827613650,979635.4827613650,1,DORA-USDT
2021-11-29 17:00:00,1638176400000,19.8610000000,20.4040000000,19.6890000000,19.7830000000,66248.8520260000,1328634.1210353370,1328634.1210353370,1,DORA-USDT
2021-11-29 18:00:00,1638180000000,19.7910000000,20.0810000000,19.6700000000,19.9020000000,48428.0107250000,964994.0316718100,964994.0316718100,1,DORA-USDT
2021-11-29 19:00:00,1638183600000,19.9020000000,20.2240000000,19.7880000000,20.1000000000,39573.8735070000,790193.6778140001,790193.6778140001,1,DORA-USDT
2021-11-29 20:00:00,1638187200000,20.1060000000,20.8340000000,19.4040000000,19.5860000000,115619.9998410000,2326527.1067518988,2326527.1067518988,1,DORA-USDT
2021-11-29 21:00:00,1638190800000,19.5860000000,19.7800000000,19.5280000000,19.7270000000,39554.6951290000,777122.8616931470,777122.8616931470,1,DORA-USDT
2021-11-29 22:00:00,1638194400000,19.7300000000,19.8900000000,19.6870000000,19.8610000000,26548.8484280000,525366.5577300560,525366.5577300560,1,DORA-USDT
2021-11-29 23:00:00,1638198000000,19.8550000000,19.9060000000,19.7400000000,19.7760000000,25377.1079210000,502558.8463603680,502558.8463603680,1,DORA-USDT
2021-11-30 00:00:00,1638201600000,19.7780000000,19.8140000000,19.3960000000,19.4950000000,28671.0925970000,562110.0501122290,562110.0501122290,1,DORA-USDT
2021-11-30 01:00:00,1638205200000,19.4950000000,20.0170000000,19.4950000000,20.0110000000,42412.6365220000,838639.8630532901,838639.8630532901,1,DORA-USDT
2021-11-30 02:00:00,1638208800000,20.0120000000,20.2100000000,19.8570000000,19.8720000000,37461.0196640000,750683.7684969110,750683.7684969110,1,DORA-USDT
2021-11-30 03:00:00,1638212400000,19.8690000000,19.9620000000,19.8280000000,19.8860000000,19304.7915720000,383609.4469319050,383609.4469319050,1,DORA-USDT
2021-11-30 04:00:00,1638216000000,19.8940000000,20.0830000000,19.8760000000,19.9780000000,20098.2301140000,401682.6235870700,401682.6235870700,1,DORA-USDT
2021-11-30 05:00:00,1638219600000,19.9810000000,20.0540000000,19.8410000000,20.0290000000,34197.8584210000,682387.3720167830,682387.3720167830,1,DORA-USDT
2021-11-30 06:00:00,1638223200000,20.0250000000,20.2650000000,19.8380000000,20.2560000000,40420.5026420000,808157.2967966350,808157.2967966350,1,DORA-USDT
2021-11-30 07:00:00,1638226800000,20.2580000000,20.2680000000,19.8400000000,19.9650000000,32883.8624180000,656859.6718982210,656859.6718982210,1,DORA-USDT
2021-11-30 08:00:00,1638230400000,19.9430000000,20.1430000000,19.8280000000,20.0700000000,42765.0085910000,853282.3903263150,853282.3903263150,1,DORA-USDT
2021-11-30 09:00:00,1638234000000,20.0690000000,20.2000000000,19.7380000000,19.9320000000,43355.4996810000,863539.2860809030,863539.2860809030,1,DORA-USDT
2021-11-30 10:00:00,1638237600000,19.9340000000,20.2440000000,19.7260000000,19.8600000000,34933.1241720000,697698.2889360180,697698.2889360180,1,DORA-USDT
2021-11-30 11:00:00,1638241200000,19.8580000000,19.8610000000,18.6650000000,18.9320000000,78930.8932190000,1513394.7185784681,1513394.7185784681,1,DORA-USDT
2021-11-30 12:00:00,1638244800000,18.9280000000,19.0190000000,18.6900000000,18.8370000000,51113.0400830000,965560.7923296330,965560.7923296330,1,DORA-USDT
2021-11-30 13:00:00,1638248400000,18.8380000000,18.8810000000,18.1600000000,18.2440000000,68509.2560350000,1273659.6920836540,1273659.6920836540,1,DORA-USDT
2021-11-30 14:00:00,1638252000000,18.2430000000,20.8320000000,18.1200000000,20.7540000000,155115.8636610000,3031928.2541221310,3031928.2541221310,1,DORA-USDT
2021-11-30 15:00:00,1638255600000,20.7560000000,21.8380000000,19.8180000000,21.2000000000,187014.8149250000,3883702.8004719559,3883702.8004719559,1,DORA-USDT
2021-11-30 16:00:00,1638259200000,21.2000000000,22.6850000000,20.5000000000,21.6010000000,194112.8685800000,4173885.3562418399,4173885.3562418399,1,DORA-USDT
2021-11-30 17:00:00,1638262800000,21.5930000000,22.4000000000,21.5050000000,21.7030000000,103021.6535160000,2251422.8018641206,2251422.8018641206,1,DORA-USDT
2021-11-30 18:00:00,1638266400000,21.7060000000,21.8470000000,20.7670000000,21.2500000000,110449.2238710000,2352939.4914528159,2352939.4914528159,1,DORA-USDT
2021-11-30 19:00:00,1638270000000,21.2220000000,21.3360000000,20.0250000000,20.5160000000,98534.5253900000,2023969.4264009860,2023969.4264009860,1,DORA-USDT
2021-11-30 20:00:00,1638273600000,20.5000000000,21.4110000000,20.4490000000,20.6840000000,104625.0089480000,2187333.1063992670,2187333.1063992670,1,DORA-USDT
2021-11-30 21:00:00,1638277200000,20.6850000000,20.8530000000,20.5110000000,20.6590000000,56990.5125060000,1175694.7901630511,1175694.7901630511,1,DORA-USDT
2021-11-30 22:00:00,1638280800000,20.6560000000,20.7920000000,20.2930000000,20.4450000000,54374.1795890000,1117044.5203653830,1117044.5203653830,1,DORA-USDT
2021-11-30 23:00:00,1638284400000,20.4490000000,20.4790000000,19.6010000000,19.6830000000,61446.3874160000,1236511.7286923621,1236511.7286923621,1,DORA-USDT
2021-12-01 00:00:00,1638288000000,19.6830000000,20.6450000000,19.4890000000,20.3930000000,109080.3166310000,2186756.9781200192,2186756.9781200192,1,DORA-USDT
2021-12-01 01:00:00,1638291600000,20.3910000000,22.3490000000,20.3780000000,20.9030000000,207196.2524540000,4393358.0650242921,4393358.0650242921,1,DORA-USDT
2021-12-01 02:00:00,1638295200000,20.8860000000,20.9180000000,20.2530000000,20.7080000000,86272.9546700000,1779331.3434320670,1779331.3434320670,1,DORA-USDT
2021-12-01 03:00:00,1638298800000,20.7080000000,20.7080000000,20.2830000000,20.4360000000,66270.0135460000,1354968.8467939890,1354968.8467939890,1,DORA-USDT
2021-12-01 04:00:00,1638302400000,20.4410000000,20.8960000000,20.2070000000,20.5350000000,67609.0736160000,1385011.5350506953,1385011.5350506953,1,DORA-USDT
2021-12-01 05:00:00,1638306000000,20.5240000000,20.6500000000,20.3200000000,20.4110000000,38827.1699480000,794876.2246216340,794876.2246216340,1,DORA-USDT
2021-12-01 06:00:00,1638309600000,20.4090000000,20.6200000000,20.2020000000,20.6130000000,55543.3226870000,1134204.6015151350,1134204.6015151350,1,DORA-USDT
2021-12-01 07:00:00,1638313200000,20.6160000000,21.9770000000,20.6070000000,21.4240000000,103314.6124580000,2211571.7171484628,2211571.7171484628,1,DORA-USDT
2021-12-01 08:00:00,1638316800000,21.4220000000,21.6990000000,20.8820000000,20.9950000000,85874.2844610000,1824810.6876103368,1824810.6876103368,1,DORA-USDT
2021-12-01 09:00:00,1638320400000,20.9500000000,21.0380000000,20.6090000000,20.6140000000,48303.8637080000,1003811.1725754660,1003811.1725754660,1,DORA-USDT
2021-12-01 10:00:00,1638324000000,20.6120000000,21.0050000000,20.3090000000,20.9190000000,52417.6823470000,1080634.0407359791,1080634.0407359791,1,DORA-USDT
2021-12-01 11:00:00,1638327600000,20.9120000000,21.0400000000,20.7550000000,21.0390000000,48630.2803360000,1016960.2139360710,1016960.2139360710,1,DORA-USDT
2021-12-01 12:00:00,1638331200000,21.0390000000,21.2800000000,20.9950000000,21.1720000000,37786.6997690000,797753.7021015680,797753.7021015680,1,DORA-USDT
2021-12-01 13:00:00,1638334800000,21.1690000000,21.3890000000,20.9110000000,20.9750000000,54918.2514460000,1162884.5740083170,1162884.5740083170,1,DORA-USDT
2021-12-01 14:00:00,1638338400000,20.9750000000,21.1570000000,20.7260000000,20.7440000000,51555.4631090000,1079006.3420878099,1079006.3420878099,1,DORA-USDT
2021-12-01 15:00:00,1638342000000,20.7310000000,20.8370000000,20.4090000000,20.6240000000,40151.4063150000,828243.2604467340,828243.2604467340,1,DORA-USDT
2021-12-01 16:00:00,1638345600000,20.6180000000,20.6290000000,20.4410000000,20.4970000000,33034.2432980000,678775.4360126581,678775.4360126581,1,DORA-USDT
2021-12-01 17:00:00,1638349200000,20.4990000000,20.6200000000,20.4500000000,20.5600000000,30240.1094580000,620672.6273478060,620672.6273478060,1,DORA-USDT
2021-12-01 18:00:00,1638352800000,20.5500000000,20.5890000000,20.1880000000,20.3160000000,33486.9198160000,681723.4754909000,681723.4754909000,1,DORA-USDT
2021-12-01 19:00:00,1638356400000,20.3140000000,20.4050000000,19.9600000000,20.0880000000,40725.9463050000,820599.0705978220,820599.0705978220,1,DORA-USDT
2021-12-01 20:00:00,1638360000000,20.0850000000,20.0850000000,19.8580000000,19.9950000000,28779.9495860000,574100.8375588880,574100.8375588880,1,DORA-USDT
2021-12-01 21:00:00,1638363600000,19.9980000000,20.2250000000,19.9740000000,20.1070000000,29015.3729660000,583555.9096483070,583555.9096483070,1,DORA-USDT
2021-12-01 22:00:00,1638367200000,20.1090000000,20.2670000000,19.9640000000,20.2430000000,40046.0266140000,806102.6082668540,806102.6082668540,1,DORA-USDT
2021-12-01 23:00:00,1638370800000,20.2460000000,20.5300000000,20.2050000000,20.4620000000,37657.3808810000,767209.7822553481,767209.7822553481,1,DORA-USDT
2021-12-02 00:00:00,1638374400000,20.4640000000,21.0010000000,20.2160000000,20.3280000000,59916.7773130000,1238625.2868796210,1238625.2868796210,1,DORA-USDT
2021-12-02 01:00:00,1638378000000,20.3270000000,20.4480000000,19.8150000000,19.9850000000,56708.1538530000,1138983.4199823081,1138983.4199823081,1,DORA-USDT
2021-12-02 02:00:00,1638381600000,19.9820000000,20.6180000000,19.9160000000,20.6180000000,43625.0018460000,880787.9436701210,880787.9436701210,1,DORA-USDT
2021-12-02 03:00:00,1638385200000,20.6180000000,21.0190000000,20.5660000000,20.8550000000,63805.7829390000,1328849.3086106090,1328849.3086106090,1,DORA-USDT
2021-12-02 04:00:00,1638388800000,20.8710000000,20.9710000000,20.2910000000,20.4460000000,69575.1191870000,1439585.7396955900,1439585.7396955900,1,DORA-USDT
2021-12-02 05:00:00,1638392400000,20.4430000000,20.8220000000,20.3570000000,20.6690000000,67272.7596810000,1384918.0811196161,1384918.0811196161,1,DORA-USDT
2021-12-02 06:00:00,1638396000000,20.6720000000,20.7970000000,20.2000000000,20.3130000000,49392.3705740000,1010549.9510383341,1010549.9510383341,1,DORA-USDT
2021-12-02 07:00:00,1638399600000,20.3120000000,20.3680000000,20.1010000000,20.3530000000,37949.1400120000,767889.9651070110,767889.9651070110,1,DORA-USDT
2021-12-02 08:00:00,1638403200000,20.3510000000,20.3730000000,19.5660000000,19.5860000000,72298.6614620000,1439648.4857224049,1439648.4857224049,1,DORA-USDT
2021-12-02 09:00:00,1638406800000,19.5830000000,19.7190000000,19.2420000000,19.6750000000,59740.0299040000,1165834.1398582270,1165834.1398582270,1,DORA-USDT
2021-12-02 10:00:00,1638410400000,19.6790000000,19.8110000000,19.4460000000,19.4820000000,47944.1200480000,939330.7834874380,939330.7834874380,1,DORA-USDT
2021-12-02 11:00:00,1638414000000,19.4810000000,19.4840000000,18.6640000000,18.8480000000,58065.2769940000,1103331.2758177193,1103331.2758177193,1,DORA-USDT
2021-12-02 12:00:00,1638417600000,18.8500000000,19.0050000000,18.7810000000,18.8830000000,35033.6702160000,662084.3956212651,662084.3956212651,1,DORA-USDT
2021-12-02 13:00:00,1638421200000,18.8840000000,19.2800000000,17.7660000000,18.2820000000,93466.4279660000,1744708.6597247550,1744708.6597247550,1,DORA-USDT
2021-12-02 14:00:00,1638424800000,18.2820000000,18.4440000000,18.0000000000,18.2320000000,60100.1865670000,1098673.8429807613,1098673.8429807613,1,DORA-USDT
2021-12-02 15:00:00,1638428400000,18.2320000000,18.3390000000,18.0780000000,18.2150000000,22352.7788830000,407812.2174226770,407812.2174226770,1,DORA-USDT
2021-12-02 16:00:00,1638432000000,18.2300000000,18.3630000000,17.2610000000,17.7450000000,74262.8139260000,1322374.1044714027,1322374.1044714027,1,DORA-USDT
2021-12-02 17:00:00,1638435600000,17.7610000000,17.9730000000,17.4990000000,17.6620000000,13635.9272150000,240845.6511545620,240845.6511545620,1,DORA-USDT
2021-12-02 18:00:00,1638439200000,17.6620000000,17.7300000000,17.3260000000,17.3610000000,36975.7282200000,646545.1533550380,646545.1533550380,1,DORA-USDT
2021-12-02 19:00:00,1638442800000,17.3620000000,17.9220000000,17.3010000000,17.5060000000,67788.7355650000,1192158.8464248029,1192158.8464248029,1,DORA-USDT
2021-12-02 20:00:00,1638446400000,17.5010000000,17.8490000000,17.4410000000,17.6100000000,38351.5822220000,676419.6586811880,676419.6586811880,1,DORA-USDT
2021-12-02 21:00:00,1638450000000,17.6110000000,17.9220000000,17.5440000000,17.9020000000,34499.5416600000,610056.1052647780,610056.1052647780,1,DORA-USDT
2021-12-02 22:00:00,1638453600000,17.8900000000,18.0200000000,17.7800000000,18.0140000000,18049.5027370000,323085.8684572520,323085.8684572520,1,DORA-USDT
2021-12-02 23:00:00,1638457200000,18.0160000000,18.0940000000,17.8620000000,17.9740000000,29852.1409770000,536819.7270826671,536819.7270826671,1,DORA-USDT
2021-12-03 00:00:00,1638460800000,17.9820000000,18.0740000000,17.5970000000,17.7450000000,40758.7850280000,727870.5341436150,727870.5341436150,1,DORA-USDT
2021-12-03 01:00:00,1638464400000,17.7370000000,17.8390000000,17.5830000000,17.5980000000,38820.6718640000,688255.2925236820,688255.2925236820,1,DORA-USDT
2021-12-03 02:00:00,1638468000000,17.5930000000,17.6870000000,17.5440000000,17.6790000000,21563.8927070000,379979.5610732060,379979.5610732060,1,DORA-USDT
2021-12-03 03:00:00,1638471600000,17.6810000000,17.7400000000,17.5490000000,17.5840000000,29245.2409000000,515299.4155145790,515299.4155145790,1,DORA-USDT
2021-12-03 04:00:00,1638475200000,17.5860000000,17.7920000000,17.5450000000,17.7790000000,22290.1953710000,394446.8027079610,394446.8027079610,1,DORA-USDT
2021-12-03 05:00:00,1638478800000,17.7740000000,18.0670000000,17.7090000000,18.0610000000,30337.2534740000,543057.5206961060,543057.5206961060,1,DORA-USDT
2021-12-03 06:00:00,1638482400000,18.0610000000,18.2670000000,17.9300000000,18.2670000000,19254.4561130000,348035.4256167840,348035.4256167840,1,DORA-USDT
2021-12-03 07:00:00,1638486000000,18.2670000000,18.4210000000,18.0120000000,18.1280000000,48445.7962760000,886141.3552978410,886141.3552978410,1,DORA-USDT
2021-12-03 08:00:00,1638489600000,18.1300000000,18.7280000000,17.9190000000,18.2430000000,76980.8010370000,1413233.0963961929,1413233.0963961929,1,DORA-USDT
2021-12-03 09:00:00,1638493200000,18.2410000000,18.3070000000,17.9830000000,18.1080000000,42623.9773840000,773057.5986075940,773057.5986075940,1,DORA-USDT
2021-12-03 10:00:00,1638496800000,18.1080000000,18.2100000000,17.6070000000,17.6180000000,35042.0583050000,627834.3083359760,627834.3083359760,1,DORA-USDT
2021-12-03 11:00:00,1638500400000,17.6280000000,17.6310000000,17.3970000000,17.4680000000,25158.8966460000,441956.0052329970,441956.0052329970,1,DORA-USDT
2021-12-03 12:00:00,1638504000000,17.4670000000,17.5270000000,17.3280000000,17.3800000000,22869.7576620000,399001.0255161480,399001.0255161480,1,DORA-USDT
2021-12-03 13:00:00,1638507600000,17.4130000000,17.4480000000,17.1580000000,17.2120000000,54890.5918640000,949130.9742252240,949130.9742252240,1,DORA-USDT
2021-12-03 14:00:00,1638511200000,17.1810000000,17.3640000000,16.6140000000,16.7960000000,47244.4006730000,802973.2687070090,802973.2687070090,1,DORA-USDT
2021-12-03 15:00:00,1638514800000,16.8120000000,17.2670000000,16.6130000000,16.9490000000,41309.2244180000,700170.0563605310,700170.0563605310,1,DORA-USDT
2021-12-03 16:00:00,1638518400000,16.9490000000,17.2920000000,16.9470000000,17.2170000000,36819.7907260000,630451.1035008440,630451.1035008440,1,DORA-USDT
2021-12-03 17:00:00,1638522000000,17.2160000000,17.2770000000,16.2170000000,17.2600000000,122014.2693310000,2034793.2935500760,2034793.2935500760,1,DORA-USDT
2021-12-03 18:00:00,1638525600000,17.2610000000,17.5390000000,16.7890000000,16.9980000000,61043.1374490000,1044342.7131100720,1044342.7131100720,1,DORA-USDT
2021-12-03 19:00:00,1638529200000,16.9790000000,17.1620000000,16.7410000000,16.9840000000,38727.8837410000,654655.0654601750,654655.0654601750,1,DORA-USDT
2021-12-03 20:00:00,1638532800000,16.9820000000,17.0670000000,16.6370000000,16.6490000000,35671.7170160000,600599.8382076730,600599.8382076730,1,DORA-USDT
2021-12-03 21:00:00,1638536400000,16.6490000000,16.8530000000,16.6360000000,16.6880000000,25793.0981950000,431941.2237457490,431941.2237457490,1,DORA-USDT
2021-12-03 22:00:00,1638540000000,16.6880000000,16.7050000000,16.4240000000,16.4730000000,37572.3327100000,622365.1230269590,622365.1230269590,1,DORA-USDT
2021-12-03 23:00:00,1638543600000,16.4670000000,16.5190000000,15.6900000000,15.8800000000,60736.2885380000,978518.5745643080,978518.5745643080,1,DORA-USDT
2021-12-04 00:00:00,1638547200000,15.8820000000,15.9490000000,14.0000000000,14.0840000000,208434.5122360000,3113846.5965805319,3113846.5965805319,1,DORA-USDT
2021-12-04 01:00:00,1638550800000,14.0830000000,15.2120000000,14.0000000000,15.0360000000,116544.9724880000,1689077.7840628540,1689077.7840628540,1,DORA-USDT
2021-12-04 02:00:00,1638554400000,15.0420000000,15.0510000000,14.4420000000,14.8880000000,72604.3718280000,1073809.4169165471,1073809.4169165471,1,DORA-USDT
2021-12-04 03:00:00,1638558000000,14.8900000000,14.9590000000,14.3740000000,14.4880000000,56972.8084820000,835283.1259937760,835283.1259937760,1,DORA-USDT
2021-12-04 04:00:00,1638561600000,14.4870000000,14.5970000000,14.0000000000,14.5940000000,93421.1564020000,1328568.2071055849,1328568.2071055849,1,DORA-USDT
2021-12-04 05:00:00,1638565200000,14.5950000000,14.6170000000,14.1380000000,14.1570000000,58924.5565580000,846687.4645908470,846687.4645908470,1,DORA-USDT
2021-12-04 06:00:00,1638568800000,14.1560000000,14.1930000000,13.9070000000,14.0880000000,49190.8415210000,690327.6268737640,690327.6268737640,1,DORA-USDT
2021-12-04 07:00:00,1638572400000,14.0890000000,14.3280000000,14.0000000000,14.2640000000,36256.6364680000,511230.3091756540,511230.3091756540,1,DORA-USDT
2021-12-04 08:00:00,1638576000000,14.2650000000,14.3230000000,13.9090000000,14.0020000000,65899.9038450000,929932.5062956690,929932.5062956690,1,DORA-USDT
2021-12-04 09:00:00,1638579600000,14.0040000000,14.0040000000,13.4240000000,13.5560000000,96644.6709450000,1313326.8109857447,1313326.8109857447,1,DORA-USDT
2021-12-04 10:00:00,1638583200000,13.5610000000,13.6020000000,13.1990000000,13.5110000000,72664.8472830000,973556.7211770110,973556.7211770110,1,DORA-USDT
2021-12-04 11:00:00,1638586800000,13.5070000000,13.7440000000,13.1760000000,13.4230000000,69806.2067850000,941828.7411949660,941828.7411949660,1,DORA-USDT
2021-12-04 12:00:00,1638590400000,13.3960000000,13.4510000000,12.1210000000,12.4330000000,120103.5314930000,1534383.2988117109,1534383.2988117109,1,DORA-USDT
2021-12-04 13:00:00,1638594000000,12.4340000000,12.5390000000,8.4520000000,10.5290000000,458970.0227890000,4737414.6145350859,4737414.6145350859,1,DORA-USDT
2021-12-04 14:00:00,1638597600000,10.5280000000,12.1490000000,10.5280000000,11.7300000000,251385.2300370000,2869615.2942727450,2869615.2942727450,1,DORA-USDT
2021-12-04 15:00:00,1638601200000,11.7330000000,12.2360000000,11.5230000000,12.0270000000,125188.4455420000,1488510.6874574979,1488510.6874574979,1,DORA-USDT
2021-12-04 16:00:00,1638604800000,12.0310000000,12.1400000000,11.5570000000,11.6100000000,95298.4273460000,1129618.9028814100,1129618.9028814100,1,DORA-USDT
2021-12-04 17:00:00,1638608400000,11.6110000000,11.9800000000,11.5640000000,11.9330000000,62101.1246200000,733819.4044840840,733819.4044840840,1,DORA-USDT
2021-12-04 18:00:00,1638612000000,11.9320000000,12.0380000000,11.5000000000,11.5700000000,58378.0786750000,688169.9635287659,688169.9635287659,1,DORA-USDT
2021-12-04 19:00:00,1638615600000,11.5730000000,11.5730000000,11.2700000000,11.2840000000,58856.9273380000,670178.5335863580,670178.5335863580,1,DORA-USDT
2021-12-04 20:00:00,1638619200000,11.2970000000,11.8400000000,11.2420000000,11.6400000000,92126.6708220000,1065755.6242956533,1065755.6242956533,1,DORA-USDT
2021-12-04 21:00:00,1638622800000,11.6360000000,11.6360000000,11.5130000000,11.6110000000,37890.4765110000,438321.4303976300,438321.4303976300,1,DORA-USDT
2021-12-04 22:00:00,1638626400000,11.6050000000,11.8180000000,11.5830000000,11.8100000000,30583.1547420000,357138.3062777770,357138.3062777770,1,DORA-USDT
2021-12-04 23:00:00,1638630000000,11.8070000000,12.2910000000,11.7830000000,12.2300000000,82476.2228810000,998443.5286070900,998443.5286070900,1,DORA-USDT
2021-12-05 00:00:00,1638633600000,12.2310000000,14.2320000000,12.0530000000,13.9190000000,249660.8081090000,3316051.3301518522,3316051.3301518522,1,DORA-USDT
2021-12-05 01:00:00,1638637200000,13.9190000000,14.1190000000,13.1880000000,13.2150000000,112881.7999670000,1535449.2672864350,1535449.2672864350,1,DORA-USDT
2021-12-05 02:00:00,1638640800000,13.2150000000,13.2620000000,12.9860000000,13.0570000000,33920.4065300000,444028.7921558500,444028.7921558500,1,DORA-USDT
2021-12-05 03:00:00,1638644400000,13.0650000000,13.3280000000,13.0510000000,13.2380000000,36642.0269780000,484269.4848893580,484269.4848893580,1,DORA-USDT
2021-12-05 04:00:00,1638648000000,13.2380000000,13.5450000000,13.1850000000,13.5040000000,34180.2671250000,456651.5135391690,456651.5135391690,1,DORA-USDT
2021-12-05 05:00:00,1638651600000,13.5030000000,13.5300000000,13.2100000000,13.2690000000,42755.9773040000,569601.6341548950,569601.6341548950,1,DORA-USDT
2021-12-05 06:00:00,1638655200000,13.2700000000,13.3120000000,13.0680000000,13.1880000000,36249.6147600000,477411.7515535480,477411.7515535480,1,DORA-USDT
2021-12-05 07:00:00,1638658800000,13.1890000000,13.2900000000,13.0510000000,13.2750000000,26390.8974480000,346693.0633926140,346693.0633926140,1,DORA-USDT
2021-12-05 08:00:00,1638662400000,13.2750000000,13.2750000000,13.0510000000,13.1400000000,31624.0087340000,414856.5429612500,414856.5429612500,1,DORA-USDT
2021-12-05 09:00:00,1638666000000,13.1390000000,13.1390000000,12.9760000000,12.9850000000,25280.2745430000,329579.6413094340,329579.6413094340,1,DORA-USDT
2021-12-05 10:00:00,1638669600000,12.9830000000,12.9970000000,12.8200000000,12.8240000000,41319.5668450000,533095.3192922840,533095.3192922840,1,DORA-USDT
2021-12-05 11:00:00,1638673200000,12.8330000000,12.8330000000,12.5190000000,12.6070000000,49769.3058820000,628032.5439825651,628032.5439825651,1,DORA-USDT
2021-12-05 12:00:00,1638676800000,12.6090000000,13.3060000000,12.5900000000,13.3060000000,61758.6417140000,798761.6331161030,798761.6331161030,1,DORA-USDT
2021-12-05 13:00:00,1638680400000,13.3060000000,14.1640000000,13.1870000000,13.9460000000,81311.7518430000,1104491.8829589500,1104491.8829589500,1,DORA-USDT
2021-12-05 14:00:00,1638684000000,13.9460000000,14.3650000000,13.8390000000,14.2340000000,63351.5974810000,895412.4294734510,895412.4294734510,1,DORA-USDT
2021-12-05 15:00:00,1638687600000,14.2370000000,15.0000000000,14.2230000000,14.4320000000,102742.5626140000,1506315.1537923710,1506315.1537923710,1,DORA-USDT
2021-12-05 16:00:00,1638691200000,14.4320000000,14.9890000000,14.3600000000,14.5180000000,92191.7310470000,1338145.6682625010,1338145.6682625010,1,DORA-USDT
2021-12-05 17:00:00,1638694800000,14.5170000000,15.6000000000,14.0820000000,15.4720000000,155355.9029770000,2312435.8885013098,2312435.8885013098,1,DORA-USDT
2021-12-05 18:00:00,1638698400000,15.4700000000,17.8010000000,15.3760000000,17.1300000000,223024.3217960000,3756156.1126352078,3756156.1126352078,1,DORA-USDT
2021-12-05 19:00:00,1638702000000,17.1040000000,17.1420000000,16.6140000000,16.8920000000,88357.2478800000,1491383.1099656413,1491383.1099656413,1,DORA-USDT
2021-12-05 20:00:00,1638705600000,16.9000000000,16.9860000000,16.2500000000,16.3170000000,78399.3662750000,1293464.9901313090,1293464.9901313090,1,DORA-USDT
2021-12-05 21:00:00,1638709200000,16.3380000000,17.1690000000,16.2000000000,16.2760000000,105278.8023040000,1748926.6030152040,1748926.6030152040,1,DORA-USDT
2021-12-05 22:00:00,1638712800000,16.2730000000,16.2800000000,15.0000000000,15.1810000000,147326.7685540000,2315844.0032784780,2315844.0032784780,1,DORA-USDT
2021-12-05 23:00:00,1638716400000,15.1810000000,15.6000000000,14.4480000000,15.0310000000,195226.7986750000,2926431.6819124687,2926431.6819124687,1,DORA-USDT
2021-12-06 00:00:00,1638720000000,15.0740000000,16.9160000000,14.6930000000,16.3590000000,252965.7445300000,4033736.2567708334,4033736.2567708334,1,DORA-USDT
2021-12-06 01:00:00,1638723600000,16.4190000000,17.5000000000,16.4090000000,16.5660000000,163799.2853890000,2777845.9908551928,2777845.9908551928,1,DORA-USDT
2021-12-06 02:00:00,1638727200000,16.5720000000,16.5900000000,16.1870000000,16.2470000000,91760.2385350000,1506015.9909513311,1506015.9909513311,1,DORA-USDT
2021-12-06 03:00:00,1638730800000,16.2480000000,16.2960000000,15.8490000000,16.0330000000,88990.7402630000,1430101.8119958341,1430101.8119958341,1,DORA-USDT
2021-12-06 04:00:00,1638734400000,16.0290000000,16.7050000000,16.0240000000,16.3790000000,104263.6901710000,1704945.9717027280,1704945.9717027280,1,DORA-USDT
2021-12-06 05:00:00,1638738000000,16.3800000000,16.5270000000,15.9350000000,16.4230000000,88065.1285950000,1433492.1427410990,1433492.1427410990,1,DORA-USDT
2021-12-06 06:00:00,1638741600000,16.4280000000,16.4620000000,15.8500000000,16.1220000000,73440.1826850000,1187285.4159896430,1187285.4159896430,1,DORA-USDT
2021-12-06 07:00:00,1638745200000,16.1200000000,16.6560000000,15.9330000000,16.5810000000,92187.2315380000,1493050.8244820680,1493050.8244820680,1,DORA-USDT
2021-12-06 08:00:00,1638748800000,16.5810000000,17.5000000000,16.0350000000,16.3740000000,191483.3182950000,3196071.2482224838,3196071.2482224838,1,DORA-USDT
2021-12-06 09:00:00,1638752400000,16.3230000000,16.5210000000,15.9540000000,16.4540000000,87019.3114770000,1417718.7680333967,1417718.7680333967,1,DORA-USDT
2021-12-06 10:00:00,1638756000000,16.4580000000,16.7790000000,16.1440000000,16.5270000000,60920.6149980000,1004946.2509305240,1004946.2509305240,1,DORA-USDT
2021-12-06 11:00:00,1638759600000,16.5310000000,16.6050000000,16.4340000000,16.5290000000,37941.0223390000,625979.3979593660,625979.3979593660,1,DORA-USDT
2021-12-06 12:00:00,1638763200000,16.5250000000,17.0230000000,16.4340000000,16.5940000000,59542.5243100000,996368.1581833240,996368.1581833240,1,DORA-USDT
2021-12-06 13:00:00,1638766800000,16.5950000000,16.6420000000,15.5560000000,15.8280000000,102724.3237390000,1644895.7754152420,1644895.7754152420,1,DORA-USDT
2021-12-06 14:00:00,1638770400000,15.8240000000,15.9550000000,15.0000000000,15.2100000000,103007.5189100000,1604647.1070744060,1604647.1070744060,1,DORA-USDT
2021-12-06 15:00:00,1638774000000,15.2360000000,15.5850000000,14.9670000000,15.4760000000,85237.5750220000,1303391.4469704281,1303391.4469704281,1,DORA-USDT
2021-12-06 16:00:00,1638777600000,15.4890000000,15.7280000000,14.6000000000,14.9400000000,153373.2182550000,2316502.0947714071,2316502.0947714071,1,DORA-USDT
2021-12-06 17:00:00,1638781200000,14.9380000000,15.5130000000,14.6360000000,15.0450000000,134796.2842520000,2034052.3610869029,2034052.3610869029,1,DORA-USDT
2021-12-06 18:00:00,1638784800000,15.0480000000,15.2750000000,14.1380000000,14.4580000000,130748.4527310000,1921192.5139014267,1921192.5139014267,1,DORA-USDT
2021-12-06 19:00:00,1638788400000,14.4530000000,15.4000000000,14.1260000000,15.1980000000,127807.6457930000,1872848.5812737537,1872848.5812737537,1,DORA-USDT
2021-12-06 20:00:00,1638792000000,15.1770000000,16.4750000000,15.1200000000,15.5800000000,149462.2781120000,2351229.2023335402,2351229.2023335402,1,DORA-USDT
2021-12-06 21:00:00,1638795600000,15.5820000000,15.6210000000,14.8470000000,15.0700000000,114423.7228010000,1734078.4596396310,1734078.4596396310,1,DORA-USDT
2021-12-06 22:00:00,1638799200000,15.0620000000,15.9500000000,14.9430000000,15.9340000000,127523.6154560000,1953756.2135069149,1953756.2135069149,1,DORA-USDT
2021-12-06 23:00:00,1638802800000,15.9370000000,16.3130000000,15.3120000000,15.5430000000,123492.7360710000,1956160.5880043155,1956160.5880043155,1,DORA-USDT
2021-12-07 00:00:00,1638806400000,15.5420000000,15.5990000000,14.7750000000,14.8280000000,117994.2282380000,1781048.5852632970,1781048.5852632970,1,DORA-USDT
2021-12-07 01:00:00,1638810000000,14.8290000000,16.0000000000,14.5950000000,15.6010000000,88414.4564890000,1344231.7339293510,1344231.7339293510,1,DORA-USDT
2021-12-07 02:00:00,1638813600000,15.5990000000,16.0000000000,15.4250000000,15.9560000000,61777.4693670000,976162.9104340610,976162.9104340610,1,DORA-USDT
2021-12-07 03:00:00,1638817200000,15.9550000000,16.0700000000,15.1140000000,15.1810000000,63389.9841960000,982042.1494044170,982042.1494044170,1,DORA-USDT
2021-12-07 04:00:00,1638820800000,15.1810000000,16.0180000000,15.1810000000,15.9970000000,74229.4469960000,1159232.2807591413,1159232.2807591413,1,DORA-USDT
2021-12-07 05:00:00,1638824400000,15.9980000000,16.9100000000,15.9980000000,16.5950000000,98919.0023930000,1633244.2721696030,1633244.2721696030,1,DORA-USDT
2021-12-07 06:00:00,1638828000000,16.5930000000,16.7320000000,16.1040000000,16.2490000000,75631.9426660000,1236648.0902638710,1236648.0902638710,1,DORA-USDT
2021-12-07 07:00:00,1638831600000,16.2540000000,16.8380000000,16.2460000000,16.6900000000,72675.5627460000,1203287.4735355980,1203287.4735355980,1,DORA-USDT
2021-12-07 08:00:00,1638835200000,16.6880000000,16.9700000000,16.5930000000,16.6460000000,54737.6212740000,916503.7386396050,916503.7386396050,1,DORA-USDT
2021-12-07 09:00:00,1638838800000,16.6470000000,16.6960000000,16.2230000000,16.2230000000,27254.9386990000,450459.9597147840,450459.9597147840,1,DORA-USDT
2021-12-07 10:00:00,1638842400000,16.2220000000,16.3190000000,15.9960000000,16.1300000000,47126.1517640000,760689.4146794040,760689.4146794040,1,DORA-USDT
2021-12-07 11:00:00,1638846000000,16.1310000000,16.1960000000,16.0090000000,16.1360000000,32599.2462810000,524896.6006785160,524896.6006785160,1,DORA-USDT
2021-12-07 12:00:00,1638849600000,16.1350000000,16.2740000000,15.9910000000,16.1390000000,28796.0325670000,464870.2483000750,464870.2483000750,1,DORA-USDT
2021-12-07 13:00:00,1638853200000,16.1440000000,16.2640000000,15.6300000000,15.6320000000,57845.4970910000,921422.0680695460,921422.0680695460,1,DORA-USDT
2021-12-07 14:00:00,1638856800000,15.6420000000,16.3590000000,15.5000000000,16.1900000000,67118.2991180000,1068011.2167950419,1068011.2167950419,1,DORA-USDT
2021-12-07 15:00:00,1638860400000,16.1910000000,16.3250000000,15.4740000000,15.6380000000,76892.5415180000,1217397.4650259267,1217397.4650259267,1,DORA-USDT
2021-12-07 16:00:00,1638864000000,15.6360000000,15.7930000000,15.3180000000,15.5630000000,83059.1945440000,1293164.5939416359,1293164.5939416359,1,DORA-USDT
2021-12-07 17:00:00,1638867600000,15.5670000000,15.8520000000,15.3470000000,15.8450000000,67699.2323920000,1060855.5421041190,1060855.5421041190,1,DORA-USDT
2021-12-07 18:00:00,1638871200000,15.8450000000,15.8780000000,15.6700000000,15.7030000000,42697.9433550000,673400.8099484810,673400.8099484810,1,DORA-USDT
2021-12-07 19:00:00,1638874800000,15.7040000000,15.9830000000,15.6960000000,15.8940000000,27558.4540640000,436247.0129268880,436247.0129268880,1,DORA-USDT
2021-12-07 20:00:00,1638878400000,15.8890000000,15.9000000000,15.0500000000,15.4040000000,103082.9201780000,1585369.0946481109,1585369.0946481109,1,DORA-USDT
2021-12-07 21:00:00,1638882000000,15.4010000000,16.2200000000,15.2390000000,16.2130000000,90354.7768590000,1416464.6464095539,1416464.6464095539,1,DORA-USDT
2021-12-07 22:00:00,1638885600000,16.2110000000,16.6720000000,16.0880000000,16.5690000000,89787.6869510000,1470100.8627115770,1470100.8627115770,1,DORA-USDT
2021-12-07 23:00:00,1638889200000,16.5680000000,17.4900000000,16.4030000000,17.3820000000,106733.5250180000,1814205.4210868208,1814205.4210868208,1,DORA-USDT
2021-12-08 00:00:00,1638892800000,17.3560000000,17.6000000000,16.7240000000,17.5670000000,89076.4142210000,1523888.3190782687,1523888.3190782687,1,DORA-USDT
2021-12-08 01:00:00,1638896400000,17.5670000000,17.5970000000,16.8370000000,17.4080000000,88302.1887840000,1513339.2204424427,1513339.2204424427,1,DORA-USDT
2021-12-08 02:00:00,1638900000000,17.4100000000,18.2900000000,17.3750000000,18.2590000000,65375.4549060000,1164793.7268628711,1164793.7268628711,1,DORA-USDT
2021-12-08 03:00:00,1638903600000,18.2650000000,18.6300000000,18.1880000000,18.5680000000,60659.5977890000,1121658.6532940173,1121658.6532940173,1,DORA-USDT
2021-12-08 04:00:00,1638907200000,18.5630000000,18.6300000000,18.4390000000,18.6190000000,38535.3409680000,715987.1920898810,715987.1920898810,1,DORA-USDT
2021-12-08 05:00:00,1638910800000,18.6240000000,19.1780000000,17.7510000000,17.7650000000,104678.4662310000,1928490.4563118592,1928490.4563118592,1,DORA-USDT
2021-12-08 06:00:00,1638914400000,17.7640000000,18.1060000000,17.2000000000,17.2270000000,66743.2702620000,1178833.3654462760,1178833.3654462760,1,DORA-USDT
2021-12-08 07:00:00,1638918000000,17.2310000000,17.8270000000,17.1530000000,17.5190000000,69291.0768220000,1209000.8307356187,1209000.8307356187,1,DORA-USDT
2021-12-08 08:00:00,1638921600000,17.4040000000,17.7140000000,17.1590000000,17.5320000000,84755.7480130000,1474684.2398005479,1474684.2398005479,1,DORA-USDT
2021-12-08 09:00:00,1638925200000,17.5410000000,17.8130000000,17.4500000000,17.5220000000,82836.4455580000,1461153.2479226801,1461153.2479226801,1,DORA-USDT
2021-12-08 10:00:00,1638928800000,17.5170000000,17.7500000000,17.2960000000,17.5520000000,76424.8937640000,1339099.5818157881,1339099.5818157881,1,DORA-USDT
2021-12-08 11:00:00,1638932400000,17.5570000000,17.5950000000,16.9900000000,16.9930000000,70343.7389110000,1218289.5209117951,1218289.5209117951,1,DORA-USDT
2021-12-08 12:00:00,1638936000000,16.9880000000,17.0600000000,16.7500000000,16.7620000000,34542.1250400000,584368.1090824100,584368.1090824100,1,DORA-USDT
2021-12-08 13:00:00,1638939600000,16.7620000000,16.9560000000,16.5000000000,16.7600000000,62687.0491520000,1049251.0400036713,1049251.0400036713,1,DORA-USDT
2021-12-08 14:00:00,1638943200000,16.7580000000,16.8000000000,16.4280000000,16.5380000000,37514.2565650000,621935.4011200200,621935.4011200200,1,DORA-USDT
2021-12-08 15:00:00,1638946800000,16.5390000000,16.6180000000,16.1940000000,16.5760000000,52678.3983660000,865051.0164679920,865051.0164679920,1,DORA-USDT
2021-12-08 16:00:00,1638950400000,16.5340000000,17.0670000000,16.2860000000,16.8820000000,39488.7097800000,664509.3553335760,664509.3553335760,1,DORA-USDT
2021-12-08 17:00:00,1638954000000,16.8750000000,16.8890000000,16.1910000000,16.3830000000,58589.3433460000,977268.9870805250,977268.9870805250,1,DORA-USDT
2021-12-08 18:00:00,1638957600000,16.3450000000,16.5460000000,15.7100000000,15.8190000000,89795.6603090000,1453506.3579158513,1453506.3579158513,1,DORA-USDT
2021-12-08 19:00:00,1638961200000,15.8240000000,16.2620000000,15.7280000000,16.2280000000,62578.7823890000,1001081.4306428828,1001081.4306428828,1,DORA-USDT
2021-12-08 20:00:00,1638964800000,16.2180000000,16.6160000000,16.2010000000,16.5720000000,64095.9056410000,1052842.1114105140,1052842.1114105140,1,DORA-USDT
2021-12-08 21:00:00,1638968400000,16.5720000000,16.5780000000,15.9510000000,16.1350000000,65972.5506760000,1067987.8402206670,1067987.8402206670,1,DORA-USDT
2021-12-08 22:00:00,1638972000000,16.1330000000,16.6810000000,16.0720000000,16.6040000000,57995.6436960000,953063.7404247820,953063.7404247820,1,DORA-USDT
2021-12-08 23:00:00,1638975600000,16.6050000000,17.1080000000,16.3670000000,17.0570000000,98873.0985970000,1658526.0436624500,1658526.0436624500,1,DORA-USDT
2021-12-09 00:00:00,1638979200000,17.0150000000,17.0520000000,16.4830000000,16.5330000000,68155.8529020000,1140309.9302465669,1140309.9302465669,1,DORA-USDT
2021-12-09 01:00:00,1638982800000,16.5380000000,16.5550000000,16.0270000000,16.1450000000,53267.3804410000,863806.9585550720,863806.9585550720,1,DORA-USDT
2021-12-09 02:00:00,1638986400000,16.1460000000,16.2210000000,16.0170000000,16.2070000000,32311.7454880000,521231.4275885640,521231.4275885640,1,DORA-USDT
2021-12-09 03:00:00,1638990000000,16.2060000000,16.2570000000,15.9800000000,16.0560000000,27115.1177990000,436570.1353461340,436570.1353461340,1,DORA-USDT
2021-12-09 04:00:00,1638993600000,16.0590000000,16.4130000000,16.0590000000,16.3800000000,30635.7710850000,497905.3610281390,497905.3610281390,1,DORA-USDT
2021-12-09 05:00:00,1638997200000,16.3830000000,16.3830000000,16.2150000000,16.2430000000,25277.5776650000,412446.4672464260,412446.4672464260,1,DORA-USDT
2021-12-09 06:00:00,1639000800000,16.2460000000,16.5860000000,16.2410000000,16.3840000000,29815.3485760000,488840.8688966910,488840.8688966910,1,DORA-USDT
2021-12-09 07:00:00,1639004400000,16.3770000000,16.4200000000,15.9530000000,16.0830000000,44024.8556450000,713211.8799793700,713211.8799793700,1,DORA-USDT
2021-12-09 08:00:00,1639008000000,16.0790000000,16.6540000000,15.9050000000,16.3430000000,81125.3387520000,1323407.8349402710,1323407.8349402710,1,DORA-USDT
2021-12-09 09:00:00,1639011600000,16.3460000000,16.5160000000,15.9000000000,15.9490000000,44379.2926520000,719197.2892351190,719197.2892351190,1,DORA-USDT
2021-12-09 10:00:00,1639015200000,15.9560000000,15.9890000000,14.7750000000,15.4730000000,100487.9956450000,1563009.6325162840,1563009.6325162840,1,DORA-USDT
2021-12-09 11:00:00,1639018800000,15.4720000000,15.6120000000,15.3840000000,15.5210000000,42597.4138800000,660307.5959944740,660307.5959944740,1,DORA-USDT
2021-12-09 12:00:00,1639022400000,15.5320000000,15.7720000000,15.5220000000,15.7410000000,30723.7428990000,482104.0265576370,482104.0265576370,1,DORA-USDT
2021-12-09 13:00:00,1639026000000,15.7420000000,15.8270000000,15.3430000000,15.3430000000,36477.9482820000,569956.7936603799,569956.7936603799,1,DORA-USDT
2021-12-09 14:00:00,1639029600000,15.3420000000,15.4950000000,15.2610000000,15.4200000000,36927.6586500000,568298.0184000330,568298.0184000330,1,DORA-USDT
2021-12-09 15:00:00,1639033200000,15.4200000000,15.8890000000,15.0200000000,15.5360000000,59873.2438790000,928563.1829413270,928563.1829413270,1,DORA-USDT
2021-12-09 16:00:00,1639036800000,15.5660000000,16.0720000000,15.5070000000,15.9820000000,73289.9048220000,1161860.2441728853,1161860.2441728853,1,DORA-USDT
2021-12-09 17:00:00,1639040400000,15.9880000000,16.2220000000,15.5700000000,15.7320000000,68100.0685350000,1084001.6334373851,1084001.6334373851,1,DORA-USDT
2021-12-09 18:00:00,1639044000000,15.7390000000,15.8820000000,15.5620000000,15.8310000000,57781.4370810000,906184.1760158530,906184.1760158530,1,DORA-USDT
2021-12-09 19:00:00,1639047600000,15.8260000000,16.1000000000,15.7230000000,16.0980000000,44955.6780790000,714132.7739774419,714132.7739774419,1,DORA-USDT
2021-12-09 20:00:00,1639051200000,16.0950000000,16.6000000000,15.7530000000,16.0110000000,104893.6599880000,1694277.4532722130,1694277.4532722130,1,DORA-USDT
2021-12-09 21:00:00,1639054800000,16.0040000000,16.0370000000,15.6080000000,15.7960000000,56619.8593680000,896224.2376812140,896224.2376812140,1,DORA-USDT
2021-12-09 22:00:00,1639058400000,15.7980000000,15.9800000000,15.4440000000,15.4440000000,58691.7665550000,924816.2274350190,924816.2274350190,1,DORA-USDT
2021-12-09 23:00:00,1639062000000,15.4440000000,15.5960000000,15.0190000000,15.1780000000,68176.2635940000,1041991.6484688950,1041991.6484688950,1,DORA-USDT
2021-12-10 00:00:00,1639065600000,15.1880000000,15.8840000000,15.1730000000,15.8260000000,94490.9841140000,1465525.6831937560,1465525.6831937560,1,DORA-USDT
2021-12-10 01:00:00,1639069200000,15.8250000000,16.4740000000,15.5780000000,15.5780000000,80412.9263410000,1292691.5524339890,1292691.5524339890,1,DORA-USDT
2021-12-10 02:00:00,1639072800000,15.5780000000,16.1330000000,15.5770000000,15.8510000000,74934.0763990000,1191640.5952956907,1191640.5952956907,1,DORA-USDT
2021-12-10 03:00:00,1639076400000,15.8510000000,15.9820000000,15.7720000000,15.8100000000,55615.4651480000,882452.3257256980,882452.3257256980,1,DORA-USDT
2021-12-10 04:00:00,1639080000000,15.8100000000,15.9880000000,15.7380000000,15.8270000000,48905.8267730000,774496.3155573590,774496.3155573590,1,DORA-USDT
2021-12-10 05:00:00,1639083600000,15.8370000000,16.0000000000,15.7570000000,15.9290000000,53896.5270970000,855363.5168572631,855363.5168572631,1,DORA-USDT
2021-12-10 06:00:00,1639087200000,15.9130000000,16.2900000000,15.8040000000,16.2380000000,46806.7047430000,750049.0341496411,750049.0341496411,1,DORA-USDT
2021-12-10 07:00:00,1639090800000,16.2400000000,16.3560000000,15.9240000000,16.2800000000,51740.8224670000,832677.6706396940,832677.6706396940,1,DORA-USDT
2021-12-10 08:00:00,1639094400000,16.2720000000,16.3000000000,15.5140000000,15.6040000000,91082.8317190000,1446584.8887770793,1446584.8887770793,1,DORA-USDT
2021-12-10 09:00:00,1639098000000,15.6110000000,16.0000000000,15.5210000000,15.6760000000,62243.3959410000,982464.0681091150,982464.0681091150,1,DORA-USDT
2021-12-10 10:00:00,1639101600000,15.6770000000,16.2220000000,15.6710000000,16.1650000000,51135.9762650000,818958.7655613580,818958.7655613580,1,DORA-USDT
2021-12-10 11:00:00,1639105200000,16.1650000000,16.5650000000,15.9290000000,16.4740000000,66503.4942860000,1083614.7613438501,1083614.7613438501,1,DORA-USDT
2021-12-10 12:00:00,1639108800000,16.4870000000,16.5390000000,16.2580000000,16.3050000000,57402.7859310000,939579.1517481121,939579.1517481121,1,DORA-USDT
2021-12-10 13:00:00,1639112400000,16.3090000000,16.5460000000,15.8970000000,15.9810000000,54234.8696470000,880379.0128976570,880379.0128976570,1,DORA-USDT
2021-12-10 14:00:00,1639116000000,15.9810000000,16.2800000000,15.5000000000,15.6490000000,81709.5544030000,1306142.2419553001,1306142.2419553001,1,DORA-USDT
2021-12-10 15:00:00,1639119600000,15.6450000000,15.6720000000,15.2000000000,15.3500000000,71362.3733110000,1104998.3722157150,1104998.3722157150,1,DORA-USDT
2021-12-10 16:00:00,1639123200000,15.3530000000,15.7230000000,15.2880000000,15.5310000000,67401.0760070000,1044668.5824049710,1044668.5824049710,1,DORA-USDT
2021-12-10 17:00:00,1639126800000,15.5300000000,15.6900000000,15.2000000000,15.3860000000,76838.5644100000,1184153.1801967870,1184153.1801967870,1,DORA-USDT
2021-12-10 18:00:00,1639130400000,15.3840000000,15.3990000000,15.1550000000,15.3800000000,35772.3511140000,546785.2085056120,546785.2085056120,1,DORA-USDT
2021-12-10 19:00:00,1639134000000,15.3810000000,15.6670000000,15.3770000000,15.6110000000,36926.1491790000,572145.1985656040,572145.1985656040,1,DORA-USDT
2021-12-10 20:00:00,1639137600000,15.6180000000,15.7360000000,15.3840000000,15.5130000000,61690.7336300000,959412.1620599340,959412.1620599340,1,DORA-USDT
2021-12-10 21:00:00,1639141200000,15.5130000000,16.0000000000,15.4950000000,15.7210000000,72048.5968010000,1132727.4022097420,1132727.4022097420,1,DORA-USDT
2021-12-10 22:00:00,1639144800000,15.7180000000,15.8990000000,15.1640000000,15.2430000000,65223.0363760000,1013822.5858800270,1013822.5858800270,1,DORA-USDT
2021-12-10 23:00:00,1639148400000,15.2590000000,15.3060000000,14.9360000000,15.1840000000,56427.1097810000,855110.9036898590,855110.9036898590,1,DORA-USDT
2021-12-11 00:00:00,1639152000000,15.1630000000,15.1730000000,14.2000000000,14.5760000000,135925.1033030000,1976720.1649109607,1976720.1649109607,1,DORA-USDT
2021-12-11 01:00:00,1639155600000,14.5740000000,14.7390000000,14.2790000000,14.4700000000,82223.9920690000,1191463.2671771373,1191463.2671771373,1,DORA-USDT
2021-12-11 02:00:00,1639159200000,14.4710000000,14.6480000000,14.2660000000,14.4850000000,71760.5444260000,1036812.5232128450,1036812.5232128450,1,DORA-USDT
2021-12-11 03:00:00,1639162800000,14.4800000000,14.6730000000,14.3380000000,14.6040000000,58979.7152340000,854180.7425294101,854180.7425294101,1,DORA-USDT
2021-12-11 04:00:00,1639166400000,14.6090000000,14.7910000000,14.4980000000,14.7530000000,49875.0504790000,729909.9514092720,729909.9514092720,1,DORA-USDT
2021-12-11 05:00:00,1639170000000,14.7530000000,14.8440000000,14.5090000000,14.6660000000,52697.8765490000,774634.6844089850,774634.6844089850,1,DORA-USDT
2021-12-11 06:00:00,1639173600000,14.6630000000,14.8630000000,14.4620000000,14.5850000000,42340.8627360000,619509.6000154150,619509.6000154150,1,DORA-USDT
2021-12-11 07:00:00,1639177200000,14.5820000000,14.7460000000,14.2910000000,14.4260000000,76731.2674940000,1114937.4333303550,1114937.4333303550,1,DORA-USDT
2021-12-11 08:00:00,1639180800000,14.4320000000,14.4490000000,13.8690000000,13.8720000000,105480.8731000000,1494715.8322233241,1494715.8322233241,1,DORA-USDT
2021-12-11 09:00:00,1639184400000,13.8750000000,14.5240000000,13.8430000000,14.3410000000,79547.5345370000,1127760.7729012580,1127760.7729012580,1,DORA-USDT
2021-12-11 10:00:00,1639188000000,14.3400000000,14.4480000000,14.1980000000,14.2960000000,58760.1016080000,840108.6412842430,840108.6412842430,1,DORA-USDT
2021-12-11 11:00:00,1639191600000,14.2960000000,14.3720000000,13.8010000000,14.0100000000,56205.0281190000,792208.3397341600,792208.3397341600,1,DORA-USDT
2021-12-11 12:00:00,1639195200000,14.0100000000,14.2440000000,13.9150000000,14.0990000000,55489.2031320000,780733.5944922291,780733.5944922291,1,DORA-USDT
2021-12-11 13:00:00,1639198800000,14.1090000000,14.2330000000,14.0360000000,14.1590000000,43766.6034010000,618607.8267071299,618607.8267071299,1,DORA-USDT
2021-12-11 14:00:00,1639202400000,14.1390000000,14.2330000000,13.5660000000,13.7290000000,66806.5122210000,929223.2219408960,929223.2219408960,1,DORA-USDT
2021-12-11 15:00:00,1639206000000,13.7260000000,14.0140000000,13.7220000000,13.7880000000,64509.7330370000,892662.5901676370,892662.5901676370,1,DORA-USDT
2021-12-11 16:00:00,1639209600000,13.7380000000,14.1750000000,13.6120000000,14.0210000000,69994.0594570000,975697.4742755680,975697.4742755680,1,DORA-USDT
2021-12-11 17:00:00,1639213200000,14.0210000000,14.2710000000,14.0000000000,14.1780000000,44723.5900850000,631984.9178359710,631984.9178359710,1,DORA-USDT
2021-12-11 18:00:00,1639216800000,14.1730000000,14.2730000000,14.0510000000,14.0970000000,43455.8638980000,615356.9376210090,615356.9376210090,1,DORA-USDT
2021-12-11 19:00:00,1639220400000,14.0980000000,14.2000000000,13.9880000000,14.0180000000,37291.6748680000,525065.3442407270,525065.3442407270,1,DORA-USDT
2021-12-11 20:00:00,1639224000000,14.0220000000,14.2000000000,14.0010000000,14.1730000000,39475.0711950000,556085.1284937070,556085.1284937070,1,DORA-USDT
2021-12-11 21:00:00,1639227600000,14.1740000000,14.4000000000,14.0230000000,14.1490000000,64642.0777310000,916032.2983502439,916032.2983502439,1,DORA-USDT
2021-12-11 22:00:00,1639231200000,14.1490000000,14.3170000000,14.0570000000,14.1070000000,47004.6996270000,666212.7045271570,666212.7045271570,1,DORA-USDT
2021-12-11 23:00:00,1639234800000,14.1060000000,14.1800000000,13.8930000000,14.0810000000,34874.9317040000,489881.1363810500,489881.1363810500,1,DORA-USDT
2021-12-12 00:00:00,1639238400000,14.0800000000,14.3110000000,14.0180000000,14.2140000000,37498.0295630000,530975.0517644630,530975.0517644630,1,DORA-USDT
2021-12-12 01:00:00,1639242000000,14.2120000000,14.4930000000,14.2060000000,14.3780000000,45071.5505950000,645771.9979408550,645771.9979408550,1,DORA-USDT
2021-12-12 02:00:00,1639245600000,14.3800000000,14.8940000000,14.3800000000,14.8280000000,59035.9911220000,859392.0768172090,859392.0768172090,1,DORA-USDT
2021-12-12 03:00:00,1639249200000,14.8090000000,15.1990000000,14.7590000000,14.9140000000,71908.9682120000,1074866.3272330400,1074866.3272330400,1,DORA-USDT
2021-12-12 04:00:00,1639252800000,14.9160000000,15.2900000000,14.8700000000,15.0390000000,58336.9285860000,876029.0406236040,876029.0406236040,1,DORA-USDT
2021-12-12 05:00:00,1639256400000,15.0420000000,15.0940000000,14.6460000000,14.7680000000,62513.2095070000,925104.6196274380,925104.6196274380,1,DORA-USDT
2021-12-12 06:00:00,1639260000000,14.7750000000,15.1030000000,14.6900000000,14.7860000000,49268.5411120000,733916.5394686180,733916.5394686180,1,DORA-USDT
2021-12-12 07:00:00,1639263600000,14.7830000000,14.9580000000,14.7000000000,14.7420000000,58286.8230410000,863143.9861712620,863143.9861712620,1,DORA-USDT
2021-12-12 08:00:00,1639267200000,14.7780000000,14.8580000000,14.6490000000,14.6950000000,41926.4176480000,618353.6103709470,618353.6103709470,1,DORA-USDT
2021-12-12 09:00:00,1639270800000,14.6940000000,14.8850000000,14.5190000000,14.6250000000,58164.5892270000,853724.2715196990,853724.2715196990,1,DORA-USDT
2021-12-12 10:00:00,1639274400000,14.6250000000,14.6570000000,14.3290000000,14.5600000000,61460.6082190000,890770.5414671000,890770.5414671000,1,DORA-USDT
2021-12-12 11:00:00,1639278000000,14.5610000000,14.6300000000,14.3630000000,14.5390000000,51971.9562640000,752330.2178108440,752330.2178108440,1,DORA-USDT
2021-12-12 12:00:00,1639281600000,14.5370000000,14.6150000000,14.3070000000,14.3700000000,50651.5836050000,732975.1769807980,732975.1769807980,1,DORA-USDT
2021-12-12 13:00:00,1639285200000,14.3710000000,14.5500000000,14.2080000000,14.2190000000,42081.7352470000,606393.9762332500,606393.9762332500,1,DORA-USDT
2021-12-12 14:00:00,1639288800000,14.2200000000,14.5590000000,14.1350000000,14.4170000000,62751.9629280000,901177.9824255750,901177.9824255750,1,DORA-USDT
2021-12-12 15:00:00,1639292400000,14.4170000000,14.5930000000,14.3950000000,14.5580000000,40761.1811840000,591820.0699017351,591820.0699017351,1,DORA-USDT
2021-12-12 16:00:00,1639296000000,14.5600000000,14.8960000000,14.2950000000,14.3710000000,74873.2143690000,1093845.4244519840,1093845.4244519840,1,DORA-USDT
2021-12-12 17:00:00,1639299600000,14.3700000000,14.5090000000,14.2120000000,14.2320000000,60989.9859140000,875333.8597939280,875333.8597939280,1,DORA-USDT
2021-12-12 18:00:00,1639303200000,14.2320000000,14.4000000000,14.1400000000,14.3060000000,58325.0311070000,832196.9007893250,832196.9007893250,1,DORA-USDT
2021-12-12 19:00:00,1639306800000,14.3040000000,14.7090000000,14.2330000000,14.3380000000,73325.1756680000,1058869.5623301349,1058869.5623301349,1,DORA-USDT
2021-12-12 20:00:00,1639310400000,14.3410000000,14.5010000000,14.2000000000,14.2420000000,51788.5948120000,742481.3441328510,742481.3441328510,1,DORA-USDT
2021-12-12 21:00:00,1639314000000,14.2360000000,14.6600000000,14.2130000000,14.4940000000,61701.9198320000,892288.5453437110,892288.5453437110,1,DORA-USDT
2021-12-12 22:00:00,1639317600000,14.4920000000,14.6000000000,14.2970000000,14.5340000000,67048.4138650000,970304.2500588270,970304.2500588270,1,DORA-USDT
2021-12-12 23:00:00,1639321200000,14.5500000000,14.7890000000,14.2730000000,14.4410000000,80997.0317850000,1180109.5009739040,1180109.5009739040,1,DORA-USDT
2021-12-13 00:00:00,1639324800000,14.4110000000,14.4370000000,14.2800000000,14.3600000000,40856.5034130000,585748.7003100320,585748.7003100320,1,DORA-USDT
2021-12-13 01:00:00,1639328400000,14.3630000000,14.7800000000,14.3020000000,14.7590000000,81109.3844980000,1182893.1444070879,1182893.1444070879,1,DORA-USDT
2021-12-13 02:00:00,1639332000000,14.7540000000,14.8850000000,14.6360000000,14.7770000000,60902.0182960000,898630.8926625850,898630.8926625850,1,DORA-USDT
2021-12-13 03:00:00,1639335600000,14.7760000000,14.8420000000,14.5280000000,14.6530000000,56368.2839130000,825353.5790738800,825353.5790738800,1,DORA-USDT
2021-12-13 04:00:00,1639339200000,14.6730000000,15.0470000000,14.6380000000,15.0030000000,61467.6293750000,909428.6995711520,909428.6995711520,1,DORA-USDT
2021-12-13 05:00:00,1639342800000,15.0040000000,15.1060000000,14.7820000000,14.9520000000,54286.5300400000,813156.0311412220,813156.0311412220,1,DORA-USDT
2021-12-13 06:00:00,1639346400000,14.9580000000,15.1010000000,14.4920000000,14.6280000000,48277.7915010000,715785.7908513939,715785.7908513939,1,DORA-USDT
2021-12-13 07:00:00,1639350000000,14.6300000000,14.6780000000,14.2190000000,14.4060000000,49230.0115670000,715674.4953165060,715674.4953165060,1,DORA-USDT
2021-12-13 08:00:00,1639353600000,14.4380000000,14.4950000000,14.2000000000,14.2700000000,46062.4802840000,658842.1791055161,658842.1791055161,1,DORA-USDT
2021-12-13 09:00:00,1639357200000,14.2760000000,14.2800000000,14.1000000000,14.1650000000,42864.4447540000,607665.0180682580,607665.0180682580,1,DORA-USDT
2021-12-13 10:00:00,1639360800000,14.1650000000,14.2580000000,13.4020000000,13.4260000000,81431.0785350000,1123402.7693096830,1123402.7693096830,1,DORA-USDT
2021-12-13 11:00:00,1639364400000,13.4250000000,13.7690000000,13.4050000000,13.7160000000,51319.9748050000,700047.0680135210,700047.0680135210,1,DORA-USDT
2021-12-13 12:00:00,1639368000000,13.7090000000,13.9910000000,13.6490000000,13.9470000000,39445.1222290000,545677.5174246950,545677.5174246950,1,DORA-USDT
2021-12-13 13:00:00,1639371600000,13.9480000000,14.0550000000,13.7160000000,14.0310000000,54866.2081830000,761433.1650937520,761433.1650937520,1,DORA-USDT
2021-12-13 14:00:00,1639375200000,14.0310000000,14.0810000000,13.8770000000,13.8870000000,34925.8426060000,488582.0175711570,488582.0175711570,1,DORA-USDT
2021-12-13 15:00:00,1639378800000,13.8890000000,14.2000000000,13.6410000000,14.1510000000,60541.5759230000,841049.8292370980,841049.8292370980,1,DORA-USDT
2021-12-13 16:00:00,1639382400000,14.1570000000,14.2200000000,13.4140000000,13.5170000000,71764.5952980000,984378.5527423340,984378.5527423340,1,DORA-USDT
2021-12-13 17:00:00,1639386000000,13.5170000000,13.5900000000,13.2520000000,13.3660000000,60960.9545180000,816324.5794781430,816324.5794781430,1,DORA-USDT
2021-12-13 18:00:00,1639389600000,13.3650000000,13.4140000000,13.0010000000,13.4140000000,82653.8729000000,1091492.5314001590,1091492.5314001590,1,DORA-USDT
2021-12-13 19:00:00,1639393200000,13.4150000000,13.6800000000,13.3450000000,13.5780000000,56582.4126030000,764669.4250279811,764669.4250279811,1,DORA-USDT
2021-12-13 20:00:00,1639396800000,13.5760000000,13.7950000000,13.4940000000,13.6360000000,49229.9492550000,669879.2784893110,669879.2784893110,1,DORA-USDT
2021-12-13 21:00:00,1639400400000,13.6380000000,13.6510000000,13.0000000000,13.2430000000,87431.2573050000,1161582.2162779693,1161582.2162779693,1,DORA-USDT
2021-12-13 22:00:00,1639404000000,13.2430000000,13.2860000000,12.5000000000,12.7130000000,95378.2390830000,1224130.2874752670,1224130.2874752670,1,DORA-USDT
2021-12-13 23:00:00,1639407600000,12.7100000000,12.7250000000,12.5000000000,12.6430000000,71063.3312190000,897746.9145691160,897746.9145691160,1,DORA-USDT
2021-12-14 00:00:00,1639411200000,12.6320000000,12.7670000000,12.2850000000,12.5100000000,102524.0505180000,1284688.2207235510,1284688.2207235510,1,DORA-USDT
2021-12-14 01:00:00,1639414800000,12.5110000000,12.7000000000,12.4720000000,12.5970000000,58545.6436020000,736285.7718477420,736285.7718477420,1,DORA-USDT
2021-12-14 02:00:00,1639418400000,12.5960000000,12.6350000000,12.4960000000,12.5380000000,38940.2073290000,488727.4302238180,488727.4302238180,1,DORA-USDT
2021-12-14 03:00:00,1639422000000,12.5340000000,12.7230000000,12.3240000000,12.3410000000,87865.1584470000,1099049.5910369470,1099049.5910369470,1,DORA-USDT
2021-12-14 04:00:00,1639425600000,12.3390000000,12.3390000000,11.9600000000,12.0160000000,78364.1047630000,947864.5950717600,947864.5950717600,1,DORA-USDT
2021-12-14 05:00:00,1639429200000,12.0260000000,12.2500000000,11.9050000000,12.1950000000,51733.3586270000,623853.2455008579,623853.2455008579,1,DORA-USDT
2021-12-14 06:00:00,1639432800000,12.1840000000,12.3030000000,12.1390000000,12.2670000000,42527.2872240000,519984.6602623890,519984.6602623890,1,DORA-USDT
2021-12-14 07:00:00,1639436400000,12.2670000000,12.2910000000,12.1280000000,12.1290000000,30513.3071350000,372396.1649716190,372396.1649716190,1,DORA-USDT
2021-12-14 08:00:00,1639440000000,12.1240000000,12.1700000000,11.5770000000,11.5910000000,86748.2361290000,1032906.6594602490,1032906.6594602490,1,DORA-USDT
2021-12-14 09:00:00,1639443600000,11.6020000000,11.6730000000,11.5000000000,11.5370000000,65431.2143490000,756901.6276482540,756901.6276482540,1,DORA-USDT
2021-12-14 10:00:00,1639447200000,11.5380000000,11.6580000000,11.4220000000,11.5120000000,59784.2467940000,689823.9818604570,689823.9818604570,1,DORA-USDT
2021-12-14 11:00:00,1639450800000,11.5120000000,11.7550000000,11.5070000000,11.6990000000,55953.4702260000,652643.7861030080,652643.7861030080,1,DORA-USDT
2021-12-14 12:00:00,1639454400000,11.7070000000,12.0870000000,11.6680000000,12.0760000000,53284.7312750000,630965.4840834970,630965.4840834970,1,DORA-USDT
2021-12-14 13:00:00,1639458000000,12.0620000000,12.1190000000,11.8360000000,11.8360000000,51497.1584800000,616028.5478786119,616028.5478786119,1,DORA-USDT
2021-12-14 14:00:00,1639461600000,11.8380000000,11.9470000000,11.5250000000,11.7300000000,75622.8042390000,886103.9750537690,886103.9750537690,1,DORA-USDT
2021-12-14 15:00:00,1639465200000,11.7300000000,11.8320000000,11.7260000000,11.8230000000,31113.2740700000,366641.7021989020,366641.7021989020,1,DORA-USDT
2021-12-14 16:00:00,1639468800000,11.8260000000,12.6590000000,11.8140000000,12.6420000000,82952.5551380000,1014348.0489340160,1014348.0489340160,1,DORA-USDT
2021-12-14 17:00:00,1639472400000,12.6420000000,13.3850000000,12.6100000000,12.6290000000,137955.3518880000,1776260.4775187599,1776260.4775187599,1,DORA-USDT
2021-12-14 18:00:00,1639476000000,12.6270000000,12.6470000000,12.3490000000,12.3510000000,58414.0203090000,729959.6607766050,729959.6607766050,1,DORA-USDT
2021-12-14 19:00:00,1639479600000,12.3490000000,12.6020000000,12.2320000000,12.5730000000,69125.0713720000,860940.6198284540,860940.6198284540,1,DORA-USDT
2021-12-14 20:00:00,1639483200000,12.5790000000,12.6350000000,12.3320000000,12.3410000000,36431.3566730000,453824.6092953170,453824.6092953170,1,DORA-USDT
2021-12-14 21:00:00,1639486800000,12.3350000000,12.3950000000,12.2030000000,12.2510000000,48620.6484470000,596717.6477947290,596717.6477947290,1,DORA-USDT
2021-12-14 22:00:00,1639490400000,12.2560000000,12.2720000000,12.0040000000,12.0120000000,77231.6279600000,936880.5671507170,936880.5671507170,1,DORA-USDT
2021-12-14 23:00:00,1639494000000,12.0130000000,12.2590000000,11.9140000000,12.0920000000,77386.8308240000,934033.2968908360,934033.2968908360,1,DORA-USDT
2021-12-15 00:00:00,1639497600000,12.0800000000,12.1590000000,11.7160000000,11.7510000000,71764.2094150000,856571.4627016860,856571.4627016860,1,DORA-USDT
2021-12-15 01:00:00,1639501200000,11.7290000000,11.8660000000,11.6940000000,11.8300000000,52646.2999740000,620645.3351991520,620645.3351991520,1,DORA-USDT
2021-12-15 02:00:00,1639504800000,11.8290000000,11.8740000000,11.6210000000,11.7050000000,56341.1036060000,660797.1948885079,660797.1948885079,1,DORA-USDT
2021-12-15 03:00:00,1639508400000,11.7060000000,11.7640000000,11.5510000000,11.5850000000,68397.1518510000,796621.4276637310,796621.4276637310,1,DORA-USDT
2021-12-15 04:00:00,1639512000000,11.5840000000,11.7770000000,11.4720000000,11.6510000000,59640.7014680000,690801.7682062470,690801.7682062470,1,DORA-USDT
2021-12-15 05:00:00,1639515600000,11.6710000000,11.8450000000,11.6090000000,11.7670000000,44013.9122090000,517757.6690346290,517757.6690346290,1,DORA-USDT
2021-12-15 06:00:00,1639519200000,11.7650000000,11.8500000000,11.7440000000,11.8370000000,25836.0047430000,305053.2994667120,305053.2994667120,1,DORA-USDT
2021-12-15 07:00:00,1639522800000,11.8370000000,11.8930000000,11.8040000000,11.8770000000,13047.3075800000,154572.5419996140,154572.5419996140,1,DORA-USDT
2021-12-15 08:00:00,1639526400000,11.8680000000,12.5460000000,11.8200000000,12.4060000000,92809.6096440000,1132642.3458845613,1132642.3458845613,1,DORA-USDT
2021-12-15 09:00:00,1639530000000,12.4040000000,12.7030000000,12.2040000000,12.5330000000,91445.9510380000,1138227.5076837470,1138227.5076837470,1,DORA-USDT
2021-12-15 10:00:00,1639533600000,12.5500000000,13.0950000000,12.3440000000,13.0800000000,102152.1587040000,1292633.5275448400,1292633.5275448400,1,DORA-USDT
2021-12-15 11:00:00,1639537200000,13.0900000000,13.4470000000,12.7980000000,13.3980000000,91788.5266650000,1200066.0421285450,1200066.0421285450,1,DORA-USDT
2021-12-15 12:00:00,1639540800000,13.3950000000,13.7120000000,13.1500000000,13.6900000000,84517.5127150000,1131294.5287718773,1131294.5287718773,1,DORA-USDT
2021-12-15 13:00:00,1639544400000,13.6710000000,13.7380000000,13.4350000000,13.4380000000,54807.9796920000,745256.2859714470,745256.2859714470,1,DORA-USDT
2021-12-15 14:00:00,1639548000000,13.4390000000,13.6870000000,13.4000000000,13.6440000000,53070.1416050000,719402.6194128650,719402.6194128650,1,DORA-USDT
2021-12-15 15:00:00,1639551600000,13.6400000000,13.8500000000,13.4000000000,13.5170000000,78336.9808940000,1066960.6005643341,1066960.6005643341,1,DORA-USDT
2021-12-15 16:00:00,1639555200000,13.5440000000,13.9000000000,13.4900000000,13.7850000000,71316.4346890000,977363.5816731621,977363.5816731621,1,DORA-USDT
2021-12-15 17:00:00,1639558800000,13.7900000000,14.3650000000,13.7380000000,14.2530000000,59760.0439560000,838891.0800734110,838891.0800734110,1,DORA-USDT
2021-12-15 18:00:00,1639562400000,14.2500000000,14.3240000000,13.9030000000,13.9440000000,57136.2025420000,805753.6529506040,805753.6529506040,1,DORA-USDT
2021-12-15 19:00:00,1639566000000,13.9740000000,13.9740000000,13.5800000000,13.5860000000,70697.7044230000,971225.9422318020,971225.9422318020,1,DORA-USDT
2021-12-15 20:00:00,1639569600000,13.5880000000,13.7760000000,13.2530000000,13.2980000000,65408.2305140000,884745.6446044780,884745.6446044780,1,DORA-USDT
2021-12-15 21:00:00,1639573200000,13.2960000000,13.5500000000,13.0260000000,13.0480000000,57791.0463540000,760230.1667162790,760230.1667162790,1,DORA-USDT
2021-12-15 22:00:00,1639576800000,13.0460000000,13.0660000000,12.8080000000,12.8620000000,38635.0524230000,498539.6752678330,498539.6752678330,1,DORA-USDT
2021-12-15 23:00:00,1639580400000,12.8580000000,12.8820000000,12.1750000000,12.2540000000,102232.2435700000,1269788.9541691730,1269788.9541691730,1,DORA-USDT
2021-12-16 00:00:00,1639584000000,12.2300000000,12.3060000000,11.7530000000,11.9260000000,83724.6770560000,1004351.2357021780,1004351.2357021780,1,DORA-USDT
2021-12-16 01:00:00,1639587600000,11.9240000000,12.2240000000,11.9240000000,12.1620000000,57398.7695210000,693712.9482395480,693712.9482395480,1,DORA-USDT
2021-12-16 02:00:00,1639591200000,12.1590000000,12.3950000000,12.1100000000,12.2570000000,52069.3182190000,636308.6577417180,636308.6577417180,1,DORA-USDT
2021-12-16 03:00:00,1639594800000,12.2590000000,12.7040000000,12.1700000000,12.4580000000,103653.1450030000,1290905.1304072330,1290905.1304072330,1,DORA-USDT
2021-12-16 04:00:00,1639598400000,12.4610000000,12.8550000000,12.4610000000,12.5460000000,77489.8675870000,982260.5698436850,982260.5698436850,1,DORA-USDT
2021-12-16 05:00:00,1639602000000,12.5430000000,12.8660000000,12.5200000000,12.8040000000,50581.3263300000,642416.4823964690,642416.4823964690,1,DORA-USDT
2021-12-16 06:00:00,1639605600000,12.8040000000,13.0730000000,12.6320000000,13.0190000000,70787.0882350000,904430.7470373960,904430.7470373960,1,DORA-USDT
2021-12-16 07:00:00,1639609200000,13.0190000000,14.7580000000,13.0030000000,14.0500000000,178511.9639210000,2508594.9302527020,2508594.9302527020,1,DORA-USDT
2021-12-16 08:00:00,1639612800000,14.0570000000,14.1480000000,13.5970000000,13.8150000000,89617.0822140000,1233604.0744064001,1233604.0744064001,1,DORA-USDT
2021-12-16 09:00:00,1639616400000,13.8160000000,13.8160000000,13.3010000000,13.3640000000,57946.3267360000,786003.6146256929,786003.6146256929,1,DORA-USDT
2021-12-16 10:00:00,1639620000000,13.3630000000,14.1190000000,13.2760000000,14.1140000000,68994.0654090000,945981.3819404920,945981.3819404920,1,DORA-USDT
2021-12-16 11:00:00,1639623600000,14.1000000000,14.1000000000,13.2760000000,13.2770000000,67247.8208000000,917861.3744216240,917861.3744216240,1,DORA-USDT
2021-12-16 12:00:00,1639627200000,13.2770000000,13.4110000000,12.9570000000,13.3050000000,65570.6068450000,861660.0134571790,861660.0134571790,1,DORA-USDT
2021-12-16 13:00:00,1639630800000,13.3050000000,13.8060000000,13.2860000000,13.7640000000,54477.8649890000,739524.2415623460,739524.2415623460,1,DORA-USDT
2021-12-16 14:00:00,1639634400000,13.7670000000,13.8500000000,13.4260000000,13.7930000000,58262.6408340000,793734.2549982390,793734.2549982390,1,DORA-USDT
2021-12-16 15:00:00,1639638000000,13.7950000000,13.8820000000,13.6910000000,13.7020000000,44905.7146880000,619294.6207512530,619294.6207512530,1,DORA-USDT
2021-12-16 16:00:00,1639641600000,13.7050000000,13.7660000000,12.9500000000,13.1540000000,86883.2741240000,1155473.2358100009,1155473.2358100009,1,DORA-USDT
2021-12-16 17:00:00,1639645200000,13.1600000000,13.3130000000,13.0980000000,13.2700000000,16701.8569740000,221237.7960792830,221237.7960792830,1,DORA-USDT
2021-12-16 18:00:00,1639648800000,13.2670000000,13.4730000000,13.2340000000,13.3940000000,45561.8712230000,608516.2820298460,608516.2820298460,1,DORA-USDT
2021-12-16 19:00:00,1639652400000,13.3920000000,13.4240000000,13.2060000000,13.2790000000,43092.3676140000,573468.2210062339,573468.2210062339,1,DORA-USDT
2021-12-16 20:00:00,1639656000000,13.2920000000,13.2920000000,12.7520000000,12.8240000000,53354.5130650000,694704.9415768780,694704.9415768780,1,DORA-USDT
2021-12-16 21:00:00,1639659600000,12.8200000000,13.0420000000,12.6690000000,13.0240000000,63286.6611250000,812687.3842446480,812687.3842446480,1,DORA-USDT
2021-12-16 22:00:00,1639663200000,13.0360000000,13.3150000000,12.9100000000,13.1470000000,65979.6878090000,865649.0726442049,865649.0726442049,1,DORA-USDT
2021-12-16 23:00:00,1639666800000,13.1400000000,13.1430000000,12.8590000000,13.0840000000,63114.1024750000,817490.6034939350,817490.6034939350,1,DORA-USDT
2021-12-17 00:00:00,1639670400000,13.0780000000,13.6310000000,12.9460000000,13.5060000000,89953.6331580000,1199893.4524441340,1199893.4524441340,1,DORA-USDT
2021-12-17 01:00:00,1639674000000,13.5170000000,13.5170000000,13.1650000000,13.1790000000,50706.9608220000,673585.4743715080,673585.4743715080,1,DORA-USDT
2021-12-17 02:00:00,1639677600000,13.1820000000,13.2100000000,13.0050000000,13.0860000000,33723.2735070000,441807.8672860440,441807.8672860440,1,DORA-USDT
2021-12-17 03:00:00,1639681200000,13.0970000000,13.1800000000,12.9440000000,12.9630000000,33301.0630160000,433344.1964183230,433344.1964183230,1,DORA-USDT
2021-12-17 04:00:00,1639684800000,12.9630000000,13.2830000000,12.9560000000,13.2390000000,42284.1162920000,555253.9827225050,555253.9827225050,1,DORA-USDT
2021-12-17 05:00:00,1639688400000,13.2390000000,13.3180000000,13.0550000000,13.0740000000,42291.1963330000,558856.1752110920,558856.1752110920,1,DORA-USDT
2021-12-17 06:00:00,1639692000000,13.0730000000,13.1910000000,12.8730000000,13.1800000000,50705.7397210000,661978.6858047351,661978.6858047351,1,DORA-USDT
2021-12-17 07:00:00,1639695600000,13.1760000000,13.9800000000,13.1440000000,13.9190000000,140431.3888650000,1917840.2076847907,1917840.2076847907,1,DORA-USDT
2021-12-17 08:00:00,1639699200000,13.9380000000,14.1390000000,13.7280000000,13.7780000000,73047.4186550000,1017308.6923633630,1017308.6923633630,1,DORA-USDT
2021-12-17 09:00:00,1639702800000,13.7780000000,13.8140000000,13.4220000000,13.7150000000,69974.0976850000,954670.3291224040,954670.3291224040,1,DORA-USDT
2021-12-17 10:00:00,1639706400000,13.7170000000,14.3740000000,13.5450000000,14.0460000000,68548.9346200000,946663.3782692088,946663.3782692088,1,DORA-USDT
2021-12-17 11:00:00,1639710000000,14.0460000000,14.4100000000,13.9200000000,14.1640000000,68115.3266940000,959419.2084276070,959419.2084276070,1,DORA-USDT
2021-12-17 12:00:00,1639713600000,14.1690000000,14.2820000000,14.0430000000,14.2060000000,39402.6177010000,557801.0997406200,557801.0997406200,1,DORA-USDT
2021-12-17 13:00:00,1639717200000,14.2100000000,14.2300000000,13.5740000000,13.6340000000,62873.1873860000,875316.6113008050,875316.6113008050,1,DORA-USDT
2021-12-17 14:00:00,1639720800000,13.6370000000,13.6620000000,13.3050000000,13.4170000000,44203.6471710000,595795.7004797990,595795.7004797990,1,DORA-USDT
2021-12-17 15:00:00,1639724400000,13.4190000000,13.4700000000,12.8900000000,12.9330000000,68599.2811300000,905744.9194591880,905744.9194591880,1,DORA-USDT
2021-12-17 16:00:00,1639728000000,12.9340000000,13.0540000000,12.6150000000,13.0340000000,63935.9330680000,820257.0073551250,820257.0073551250,1,DORA-USDT
2021-12-17 17:00:00,1639731600000,13.0320000000,13.4130000000,13.0270000000,13.1210000000,78797.4494550000,1042374.2105567330,1042374.2105567330,1,DORA-USDT
2021-12-17 18:00:00,1639735200000,13.1040000000,13.1850000000,12.9810000000,13.0650000000,59441.7445940000,776821.8087726510,776821.8087726510,1,DORA-USDT
2021-12-17 19:00:00,1639738800000,13.0660000000,13.1910000000,12.8660000000,12.9150000000,54825.4574580000,714124.1511944020,714124.1511944020,1,DORA-USDT
2021-12-17 20:00:00,1639742400000,12.9120000000,13.0800000000,12.7800000000,12.9220000000,53751.4772260000,696141.2427126470,696141.2427126470,1,DORA-USDT
2021-12-17 21:00:00,1639746000000,12.9240000000,13.0530000000,12.7480000000,12.9860000000,48327.2159340000,624004.5420045590,624004.5420045590,1,DORA-USDT
2021-12-17 22:00:00,1639749600000,12.9840000000,12.9960000000,12.3270000000,12.4970000000,95517.1530000000,1205554.3526305100,1205554.3526305100,1,DORA-USDT
2021-12-17 23:00:00,1639753200000,12.4870000000,12.6690000000,12.2100000000,12.5800000000,79016.3164110000,985442.0609041100,985442.0609041100,1,DORA-USDT
2021-12-18 00:00:00,1639756800000,12.5770000000,13.3660000000,12.5490000000,13.1310000000,97581.2546530000,1267979.9590511781,1267979.9590511781,1,DORA-USDT
2021-12-18 01:00:00,1639760400000,13.1260000000,13.1270000000,12.6810000000,12.7200000000,55603.9147770000,713670.7125914670,713670.7125914670,1,DORA-USDT
2021-12-18 02:00:00,1639764000000,12.7190000000,12.7350000000,12.5440000000,12.6390000000,36852.4094660000,465249.6605442390,465249.6605442390,1,DORA-USDT
2021-12-18 03:00:00,1639767600000,12.6390000000,12.7980000000,12.5200000000,12.5700000000,43678.8454510000,552369.4391187580,552369.4391187580,1,DORA-USDT
2021-12-18 04:00:00,1639771200000,12.5760000000,12.5980000000,12.4350000000,12.4440000000,28338.9226520000,354476.0949048940,354476.0949048940,1,DORA-USDT
2021-12-18 05:00:00,1639774800000,12.4400000000,12.5970000000,12.4010000000,12.5320000000,35004.5275730000,436588.8202972580,436588.8202972580,1,DORA-USDT
2021-12-18 06:00:00,1639778400000,12.5330000000,12.5680000000,12.2820000000,12.5140000000,43683.8540220000,543040.5517735470,543040.5517735470,1,DORA-USDT
2021-12-18 07:00:00,1639782000000,12.5100000000,12.9350000000,12.5060000000,12.7460000000,72059.1338070000,919524.1858623790,919524.1858623790,1,DORA-USDT
2021-12-18 08:00:00,1639785600000,12.7340000000,12.8000000000,12.4280000000,12.5100000000,71198.3541790000,893872.8562203470,893872.8562203470,1,DORA-USDT
2021-12-18 09:00:00,1639789200000,12.5130000000,12.5410000000,12.2720000000,12.3080000000,63889.8022730000,792406.1320379220,792406.1320379220,1,DORA-USDT
2021-12-18 10:00:00,1639792800000,12.3090000000,12.6500000000,12.2200000000,12.5840000000,65401.1447560000,814376.4533872320,814376.4533872320,1,DORA-USDT
2021-12-18 11:00:00,1639796400000,12.5810000000,12.8130000000,12.5370000000,12.7700000000,54257.7221070000,687914.0164204080,687914.0164204080,1,DORA-USDT
2021-12-18 12:00:00,1639800000000,12.7770000000,12.7770000000,12.5790000000,12.6100000000,42594.9173910000,539411.5968127711,539411.5968127711,1,DORA-USDT
2021-12-18 13:00:00,1639803600000,12.6140000000,12.9560000000,12.5420000000,12.8150000000,61102.9080910000,780191.2411411320,780191.2411411320,1,DORA-USDT
2021-12-18 14:00:00,1639807200000,12.8140000000,13.0640000000,12.7680000000,12.8690000000,64724.3969840000,836267.7697389260,836267.7697389260,1,DORA-USDT
2021-12-18 15:00:00,1639810800000,12.8720000000,12.8870000000,12.6810000000,12.7690000000,41314.2134040000,528564.9277888620,528564.9277888620,1,DORA-USDT
2021-12-18 16:00:00,1639814400000,12.7680000000,13.6900000000,12.7250000000,13.6070000000,84004.7580160000,1099000.2039444209,1099000.2039444209,1,DORA-USDT
2021-12-18 17:00:00,1639818000000,13.6300000000,13.6310000000,13.2880000000,13.4250000000,61645.9455620000,828697.4836675900,828697.4836675900,1,DORA-USDT
2021-12-18 18:00:00,1639821600000,13.4320000000,13.4600000000,13.3020000000,13.3970000000,48057.2790730000,643551.5853546690,643551.5853546690,1,DORA-USDT
2021-12-18 19:00:00,1639825200000,13.4080000000,13.4840000000,13.3010000000,13.3770000000,49622.2028190000,664042.7593761620,664042.7593761620,1,DORA-USDT
2021-12-18 20:00:00,1639828800000,13.3810000000,13.4220000000,13.3010000000,13.3370000000,34504.5648190000,460840.8888920230,460840.8888920230,1,DORA-USDT
2021-12-18 21:00:00,1639832400000,13.3330000000,13.3440000000,12.8110000000,12.8110000000,50213.1552980000,658698.0515721710,658698.0515721710,1,DORA-USDT
2021-12-18 22:00:00,1639836000000,12.8320000000,13.0110000000,12.8030000000,12.9510000000,50904.1906710000,657026.4941133140,657026.4941133140,1,DORA-USDT
2021-12-18 23:00:00,1639839600000,12.9530000000,13.1460000000,12.9070000000,13.0160000000,41579.9644940000,541485.6982604150,541485.6982604150,1,DORA-USDT
2021-12-19 00:00:00,1639843200000,13.0180000000,13.1630000000,12.9590000000,13.1250000000,35802.4377840000,468046.9586168430,468046.9586168430,1,DORA-USDT
2021-12-19 01:00:00,1639846800000,13.1240000000,13.3850000000,13.0580000000,13.3450000000,38696.8333940000,511421.8327856820,511421.8327856820,1,DORA-USDT
2021-12-19 02:00:00,1639850400000,13.3460000000,13.6550000000,13.3150000000,13.6320000000,40436.0051830000,546081.6046582800,546081.6046582800,1,DORA-USDT
2021-12-19 03:00:00,1639854000000,13.6320000000,13.9400000000,13.6150000000,13.8870000000,54167.0779930000,747201.0917294830,747201.0917294830,1,DORA-USDT
2021-12-19 04:00:00,1639857600000,13.8880000000,14.0000000000,13.8190000000,13.9460000000,46478.7660740000,646976.0761900970,646976.0761900970,1,DORA-USDT
2021-12-19 05:00:00,1639861200000,13.9480000000,14.5000000000,13.8300000000,14.4990000000,75336.2794180000,1063240.9730276831,1063240.9730276831,1,DORA-USDT
2021-12-19 06:00:00,1639864800000,14.4880000000,14.8500000000,14.3210000000,14.8500000000,65182.3336630000,950227.9649110208,950227.9649110208,1,DORA-USDT
2021-12-19 07:00:00,1639868400000,14.8500000000,15.0000000000,14.4620000000,14.5280000000,91250.9262120000,1337308.5469844490,1337308.5469844490,1,DORA-USDT
2021-12-19 08:00:00,1639872000000,14.5290000000,14.5310000000,14.2000000000,14.3310000000,64969.1571840000,931225.8567037960,931225.8567037960,1,DORA-USDT
2021-12-19 09:00:00,1639875600000,14.3280000000,14.7800000000,14.3280000000,14.6100000000,70031.3695940000,1019118.5025170000,1019118.5025170000,1,DORA-USDT
2021-12-19 10:00:00,1639879200000,14.6000000000,14.6360000000,14.1190000000,14.3410000000,45510.6693870000,654672.0396139700,654672.0396139700,1,DORA-USDT
2021-12-19 11:00:00,1639882800000,14.3400000000,14.4470000000,14.0600000000,14.1180000000,50671.2402800000,721291.9715915610,721291.9715915610,1,DORA-USDT
2021-12-19 12:00:00,1639886400000,14.1140000000,14.2250000000,13.9300000000,14.0090000000,41947.8260610000,590875.4006796550,590875.4006796550,1,DORA-USDT
2021-12-19 13:00:00,1639890000000,14.0090000000,14.0540000000,13.8500000000,13.9420000000,51427.9397610000,716966.7703108001,716966.7703108001,1,DORA-USDT
2021-12-19 14:00:00,1639893600000,13.9440000000,14.0710000000,13.7280000000,13.9000000000,54103.1728940000,752195.7403322021,752195.7403322021,1,DORA-USDT
2021-12-19 15:00:00,1639897200000,13.9010000000,14.1430000000,13.8900000000,14.0430000000,46951.0515470000,658440.5911680100,658440.5911680100,1,DORA-USDT
2021-12-19 16:00:00,1639900800000,14.0490000000,14.2800000000,13.9040000000,13.9390000000,47122.6537690000,661790.8643741990,661790.8643741990,1,DORA-USDT
2021-12-19 17:00:00,1639904400000,13.9370000000,13.9810000000,13.6610000000,13.6930000000,54705.0110950000,752970.4912384340,752970.4912384340,1,DORA-USDT
2021-12-19 18:00:00,1639908000000,13.6850000000,13.8040000000,13.5650000000,13.7130000000,41443.1893040000,566267.6051919240,566267.6051919240,1,DORA-USDT
2021-12-19 19:00:00,1639911600000,13.7140000000,13.8660000000,13.6980000000,13.8080000000,26257.0180390000,361621.1091497820,361621.1091497820,1,DORA-USDT
2021-12-19 20:00:00,1639915200000,13.8040000000,13.8220000000,13.6970000000,13.7290000000,20726.6956570000,284946.0492504140,284946.0492504140,1,DORA-USDT
2021-12-19 21:00:00,1639918800000,13.7260000000,13.7540000000,13.5050000000,13.5960000000,36058.4805130000,490451.5075730680,490451.5075730680,1,DORA-USDT
2021-12-19 22:00:00,1639922400000,13.5960000000,13.7230000000,13.5210000000,13.5630000000,51205.5503710000,698201.0808808201,698201.0808808201,1,DORA-USDT
2021-12-19 23:00:00,1639926000000,13.5610000000,13.6560000000,13.5010000000,13.6260000000,38564.8269880000,523466.5895745020,523466.5895745020,1,DORA-USDT
2021-12-20 00:00:00,1639929600000,13.6200000000,13.9090000000,13.6200000000,13.7390000000,53401.2003540000,735394.9497900280,735394.9497900280,1,DORA-USDT
2021-12-20 01:00:00,1639933200000,13.7380000000,13.9230000000,13.6760000000,13.7170000000,45393.5317690000,625693.6649315980,625693.6649315980,1,DORA-USDT
2021-12-20 02:00:00,1639936800000,13.7160000000,13.7530000000,13.6640000000,13.7500000000,25838.1642740000,354032.8218253500,354032.8218253500,1,DORA-USDT
2021-12-20 03:00:00,1639940400000,13.7510000000,13.7610000000,13.6330000000,13.6980000000,37191.5626050000,509370.3408356930,509370.3408356930,1,DORA-USDT
2021-12-20 04:00:00,1639944000000,13.6950000000,13.8780000000,13.6550000000,13.7950000000,41019.3796560000,565883.8440476110,565883.8440476110,1,DORA-USDT
2021-12-20 05:00:00,1639947600000,13.7960000000,13.8650000000,13.5520000000,13.5690000000,35747.2013050000,489506.5651748380,489506.5651748380,1,DORA-USDT
2021-12-20 06:00:00,1639951200000,13.5680000000,13.6230000000,13.5000000000,13.5930000000,17768.4889180000,240895.8931320290,240895.8931320290,1,DORA-USDT
2021-12-20 07:00:00,1639954800000,13.5910000000,13.6010000000,13.3800000000,13.5170000000,36432.2873950000,491396.8070153470,491396.8070153470,1,DORA-USDT
2021-12-20 08:00:00,1639958400000,13.5190000000,13.5380000000,13.2360000000,13.2620000000,43670.0260520000,582839.9512801640,582839.9512801640,1,DORA-USDT
2021-12-20 09:00:00,1639962000000,13.2640000000,13.2800000000,12.8860000000,12.9090000000,51030.8842330000,666708.8363739600,666708.8363739600,1,DORA-USDT
2021-12-20 10:00:00,1639965600000,12.9090000000,12.9410000000,12.6540000000,12.7490000000,53340.2476400000,682081.0981606500,682081.0981606500,1,DORA-USDT
2021-12-20 11:00:00,1639969200000,12.7490000000,12.8850000000,12.5630000000,12.5770000000,49570.8961700000,630957.7715183850,630957.7715183850,1,DORA-USDT
2021-12-20 12:00:00,1639972800000,12.5730000000,12.7690000000,12.4170000000,12.7600000000,55913.1044310000,703767.3074964620,703767.3074964620,1,DORA-USDT
2021-12-20 13:00:00,1639976400000,12.7580000000,12.7870000000,12.6520000000,12.6700000000,34541.8832220000,439065.0867692520,439065.0867692520,1,DORA-USDT
2021-12-20 14:00:00,1639980000000,12.6700000000,12.7190000000,12.4650000000,12.4940000000,43165.7745730000,542999.5369435650,542999.5369435650,1,DORA-USDT
2021-12-20 15:00:00,1639983600000,12.4930000000,12.4930000000,12.3300000000,12.3840000000,31785.7901960000,393978.5827826260,393978.5827826260,1,DORA-USDT
2021-12-20 16:00:00,1639987200000,12.3850000000,12.4150000000,12.2510000000,12.3210000000,38621.4565930000,476198.4073005300,476198.4073005300,1,DORA-USDT
2021-12-20 17:00:00,1639990800000,12.3220000000,12.3440000000,12.1320000000,12.1650000000,49881.9520350000,611246.6282578120,611246.6282578120,1,DORA-USDT
2021-12-20 18:00:00,1639994400000,12.1480000000,12.4380000000,12.1310000000,12.1660000000,41809.4554190000,510998.4053545320,510998.4053545320,1,DORA-USDT
2021-12-20 19:00:00,1639998000000,12.1650000000,12.3330000000,12.1410000000,12.2660000000,33410.2797970000,408819.4788259080,408819.4788259080,1,DORA-USDT
2021-12-20 20:00:00,1640001600000,12.2650000000,12.3030000000,12.0520000000,12.0800000000,41473.2830070000,504925.8385333300,504925.8385333300,1,DORA-USDT
2021-12-20 21:00:00,1640005200000,12.0800000000,12.2080000000,11.9620000000,12.0790000000,39051.5115620000,472763.6430397650,472763.6430397650,1,DORA-USDT
2021-12-20 22:00:00,1640008800000,12.0760000000,12.2240000000,11.9200000000,12.2240000000,53261.1482800000,642604.1220243010,642604.1220243010,1,DORA-USDT
2021-12-20 23:00:00,1640012400000,12.2260000000,12.3720000000,12.1770000000,12.2560000000,37873.0573720000,464923.2434513960,464923.2434513960,1,DORA-USDT
2021-12-21 00:00:00,1640016000000,12.2570000000,12.3290000000,12.1870000000,12.3110000000,31322.1594590000,383904.8013634410,383904.8013634410,1,DORA-USDT
2021-12-21 01:00:00,1640019600000,12.3090000000,12.5840000000,12.2940000000,12.5300000000,36712.6089940000,457147.0476439490,457147.0476439490,1,DORA-USDT
2021-12-21 02:00:00,1640023200000,12.5370000000,12.7840000000,12.5040000000,12.7430000000,37936.3122700000,479732.0697728670,479732.0697728670,1,DORA-USDT
2021-12-21 03:00:00,1640026800000,12.7510000000,12.8430000000,12.6880000000,12.8430000000,27554.1440200000,351852.2572390600,351852.2572390600,1,DORA-USDT
2021-12-21 04:00:00,1640030400000,12.8440000000,13.0600000000,12.8020000000,12.9860000000,33204.7471360000,428347.6622252610,428347.6622252610,1,DORA-USDT
2021-12-21 05:00:00,1640034000000,12.9870000000,13.1690000000,12.9850000000,13.0290000000,34481.3696150000,451257.7743432150,451257.7743432150,1,DORA-USDT
2021-12-21 06:00:00,1640037600000,13.0260000000,13.0640000000,12.8160000000,12.8440000000,21090.9378480000,273334.9764912710,273334.9764912710,1,DORA-USDT
2021-12-21 07:00:00,1640041200000,12.8430000000,12.9760000000,12.6820000000,12.9730000000,36888.9838360000,473147.5550429000,473147.5550429000,1,DORA-USDT
2021-12-21 08:00:00,1640044800000,12.9740000000,13.1700000000,12.8670000000,12.9190000000,56490.8096770000,736517.6240664350,736517.6240664350,1,DORA-USDT
2021-12-21 09:00:00,1640048400000,12.9160000000,12.9390000000,12.7390000000,12.8760000000,35871.2026210000,461022.3060728560,461022.3060728560,1,DORA-USDT
2021-12-21 10:00:00,1640052000000,12.8720000000,12.9100000000,12.7390000000,12.8310000000,29984.5449260000,384839.1779351530,384839.1779351530,1,DORA-USDT
2021-12-21 11:00:00,1640055600000,12.8310000000,13.0660000000,12.8090000000,13.0190000000,29732.4449810000,384534.0599545370,384534.0599545370,1,DORA-USDT
2021-12-21 12:00:00,1640059200000,13.0190000000,13.1890000000,12.9820000000,13.0630000000,32207.9360960000,421570.1349453690,421570.1349453690,1,DORA-USDT
2021-12-21 13:00:00,1640062800000,13.0640000000,13.1160000000,12.7790000000,12.9010000000,32907.3585590000,425929.6663070600,425929.6663070600,1,DORA-USDT
2021-12-21 14:00:00,1640066400000,12.9010000000,13.0200000000,12.8750000000,12.9180000000,29592.5478180000,383084.9824827630,383084.9824827630,1,DORA-USDT
2021-12-21 15:00:00,1640070000000,12.9170000000,12.9750000000,12.8000000000,12.8640000000,22731.8539090000,292871.4978421900,292871.4978421900,1,DORA-USDT
2021-12-21 16:00:00,1640073600000,12.8640000000,12.9950000000,12.8630000000,12.9290000000,29002.4337950000,375189.8861287620,375189.8861287620,1,DORA-USDT
2021-12-21 17:00:00,1640077200000,12.9280000000,13.0000000000,12.8910000000,12.9680000000,24332.6075420000,315063.6171085810,315063.6171085810,1,DORA-USDT
2021-12-21 18:00:00,1640080800000,12.9650000000,13.1000000000,12.9400000000,13.0200000000,27189.7547710000,353437.0942369650,353437.0942369650,1,DORA-USDT
2021-12-21 19:00:00,1640084400000,13.0200000000,13.0620000000,12.9510000000,12.9930000000,16079.0843120000,209131.6078210730,209131.6078210730,1,DORA-USDT
2021-12-21 20:00:00,1640088000000,12.9920000000,13.1570000000,12.9740000000,13.0170000000,36477.6037980000,476742.9274598230,476742.9274598230,1,DORA-USDT
2021-12-21 21:00:00,1640091600000,13.0170000000,13.0910000000,12.8820000000,13.0700000000,42621.9277140000,553615.5187098969,553615.5187098969,1,DORA-USDT
2021-12-21 22:00:00,1640095200000,13.0690000000,13.1080000000,12.9490000000,12.9820000000,24827.7786450000,323126.8542006610,323126.8542006610,1,DORA-USDT
2021-12-21 23:00:00,1640098800000,12.9810000000,13.0230000000,12.8030000000,12.8460000000,29095.1774030000,375554.9563167730,375554.9563167730,1,DORA-USDT
2021-12-22 00:00:00,1640102400000,12.8460000000,14.2390000000,12.8250000000,13.9860000000,105743.7402650000,1434462.6214169287,1434462.6214169287,1,DORA-USDT
2021-12-22 01:00:00,1640106000000,13.9980000000,14.0360000000,13.8000000000,13.8900000000,56317.3694230000,783532.0346093910,783532.0346093910,1,DORA-USDT
2021-12-22 02:00:00,1640109600000,13.8930000000,13.9820000000,13.7670000000,13.9270000000,29931.3088360000,415670.2357584870,415670.2357584870,1,DORA-USDT
2021-12-22 03:00:00,1640113200000,13.9310000000,14.0680000000,13.8180000000,13.9000000000,32977.1380150000,460499.2274309560,460499.2274309560,1,DORA-USDT
2021-12-22 04:00:00,1640116800000,13.9000000000,13.9760000000,13.7470000000,13.7940000000,30079.5652910000,416703.2312966280,416703.2312966280,1,DORA-USDT
2021-12-22 05:00:00,1640120400000,13.7920000000,13.9790000000,13.7450000000,13.8960000000,33021.1701710000,458551.8660174430,458551.8660174430,1,DORA-USDT
2021-12-22 06:00:00,1640124000000,13.8930000000,13.8940000000,13.6690000000,13.7190000000,33414.8622360000,458992.3729888750,458992.3729888750,1,DORA-USDT
2021-12-22 07:00:00,1640127600000,13.7290000000,13.7510000000,13.3000000000,13.3820000000,37814.9990720000,512990.2562118870,512990.2562118870,1,DORA-USDT
2021-12-22 08:00:00,1640131200000,13.3860000000,13.5260000000,13.2920000000,13.3130000000,52668.8440540000,705039.3162158680,705039.3162158680,1,DORA-USDT
2021-12-22 09:00:00,1640134800000,13.3170000000,13.5400000000,13.3010000000,13.4870000000,29571.2027470000,396960.6005534960,396960.6005534960,1,DORA-USDT
2021-12-22 10:00:00,1640138400000,13.4800000000,13.9630000000,13.4770000000,13.5810000000,66857.2529180000,916060.8989631750,916060.8989631750,1,DORA-USDT
2021-12-22 11:00:00,1640142000000,13.5800000000,13.7790000000,13.4750000000,13.5240000000,34998.6021330000,475848.7833680170,475848.7833680170,1,DORA-USDT
2021-12-22 12:00:00,1640145600000,13.5280000000,13.6800000000,13.4000000000,13.4460000000,22272.0419640000,299815.3450799030,299815.3450799030,1,DORA-USDT
2021-12-22 13:00:00,1640149200000,13.4450000000,13.5540000000,13.3670000000,13.4570000000,22138.7900810000,297473.3828984620,297473.3828984620,1,DORA-USDT
2021-12-22 14:00:00,1640152800000,13.4640000000,13.5790000000,13.4550000000,13.4760000000,21043.9439940000,284288.3430055980,284288.3430055980,1,DORA-USDT
2021-12-22 15:00:00,1640156400000,13.4760000000,13.7270000000,13.4750000000,13.6510000000,35652.2562350000,484624.7272223690,484624.7272223690,1,DORA-USDT
2021-12-22 16:00:00,1640160000000,13.6520000000,13.8320000000,13.6200000000,13.7680000000,39966.0053310000,548765.2811236060,548765.2811236060,1,DORA-USDT
2021-12-22 17:00:00,1640163600000,13.7700000000,13.8400000000,13.5980000000,13.7500000000,36428.8593850000,500312.3242914600,500312.3242914600,1,DORA-USDT
2021-12-22 18:00:00,1640167200000,13.7490000000,13.7990000000,13.6690000000,13.7540000000,34519.8467590000,474115.6095345740,474115.6095345740,1,DORA-USDT
2021-12-22 19:00:00,1640170800000,13.7540000000,13.8900000000,13.5960000000,13.7740000000,43112.0997370000,593235.3114927090,593235.3114927090,1,DORA-USDT
2021-12-22 20:00:00,1640174400000,13.7770000000,13.8300000000,13.4450000000,13.5750000000,56027.3719770000,763681.4647597900,763681.4647597900,1,DORA-USDT
2021-12-22 21:00:00,1640178000000,13.5710000000,13.6580000000,13.2800000000,13.5390000000,84856.3356050000,1144224.8057182201,1144224.8057182201,1,DORA-USDT
2021-12-22 22:00:00,1640181600000,13.5410000000,13.7170000000,13.5260000000,13.6640000000,34251.1559440000,467233.0602374240,467233.0602374240,1,DORA-USDT
2021-12-22 23:00:00,1640185200000,13.6690000000,13.7360000000,13.5080000000,13.5860000000,22872.6746770000,311984.0295678780,311984.0295678780,1,DORA-USDT
2021-12-23 00:00:00,1640188800000,13.6050000000,13.7490000000,13.5680000000,13.6650000000,32054.0873270000,438215.3355525840,438215.3355525840,1,DORA-USDT
2021-12-23 01:00:00,1640192400000,13.6650000000,13.7080000000,13.5730000000,13.5870000000,24804.4054030000,338175.7140123330,338175.7140123330,1,DORA-USDT
2021-12-23 02:00:00,1640196000000,13.5810000000,13.7130000000,13.5680000000,13.6090000000,31073.6021520000,424054.9880054570,424054.9880054570,1,DORA-USDT
2021-12-23 03:00:00,1640199600000,13.6110000000,13.8730000000,13.5790000000,13.8210000000,30304.0964230000,415912.5746147490,415912.5746147490,1,DORA-USDT
2021-12-23 04:00:00,1640203200000,13.8210000000,13.8650000000,13.8040000000,13.8360000000,19139.2212710000,264709.5133111350,264709.5133111350,1,DORA-USDT
2021-12-23 05:00:00,1640206800000,13.8380000000,13.8750000000,13.7940000000,13.8690000000,16046.4904560000,221923.3351366380,221923.3351366380,1,DORA-USDT
2021-12-23 06:00:00,1640210400000,13.8700000000,13.8850000000,13.8160000000,13.8750000000,15002.4215770000,207969.2625759840,207969.2625759840,1,DORA-USDT
2021-12-23 07:00:00,1640214000000,13.8730000000,13.8740000000,13.6720000000,13.6960000000,26469.8903960000,364320.2103998260,364320.2103998260,1,DORA-USDT
2021-12-23 08:00:00,1640217600000,13.6970000000,13.7500000000,13.4400000000,13.6450000000,42525.1738500000,578778.5990367620,578778.5990367620,1,DORA-USDT
2021-12-23 09:00:00,1640221200000,13.6420000000,13.7290000000,13.4920000000,13.7070000000,35106.5723440000,478039.0033245630,478039.0033245630,1,DORA-USDT
2021-12-23 10:00:00,1640224800000,13.7070000000,13.7070000000,13.1200000000,13.4660000000,85290.4683610000,1139524.9236215211,1139524.9236215211,1,DORA-USDT
2021-12-23 11:00:00,1640228400000,13.4700000000,13.5390000000,13.2730000000,13.4980000000,58158.3152390000,779345.2043672490,779345.2043672490,1,DORA-USDT
2021-12-23 12:00:00,1640232000000,13.4980000000,13.5210000000,13.3360000000,13.4230000000,38913.7038250000,522718.1036539750,522718.1036539750,1,DORA-USDT
2021-12-23 13:00:00,1640235600000,13.4210000000,13.5070000000,13.2100000000,13.2870000000,35402.4934600000,473915.6849734980,473915.6849734980,1,DORA-USDT
2021-12-23 14:00:00,1640239200000,13.2900000000,13.3720000000,12.9240000000,12.9560000000,40172.7596660000,531219.8084771730,531219.8084771730,1,DORA-USDT
2021-12-23 15:00:00,1640242800000,12.9780000000,13.1210000000,12.7780000000,12.8500000000,50832.3200960000,658687.9567930819,658687.9567930819,1,DORA-USDT
2021-12-23 16:00:00,1640246400000,12.8450000000,12.9290000000,12.7840000000,12.9080000000,26176.3055130000,337013.1094002440,337013.1094002440,1,DORA-USDT
2021-12-23 17:00:00,1640250000000,12.9070000000,12.9610000000,12.8490000000,12.9580000000,13951.1531940000,180084.6210948050,180084.6210948050,1,DORA-USDT
2021-12-23 18:00:00,1640253600000,12.9580000000,13.0560000000,12.8480000000,13.0320000000,22253.7404200000,288097.3000524710,288097.3000524710,1,DORA-USDT
2021-12-23 19:00:00,1640257200000,13.0300000000,13.2090000000,12.9910000000,13.0870000000,37596.3962560000,491603.7736411550,491603.7736411550,1,DORA-USDT
2021-12-23 20:00:00,1640260800000,13.0910000000,13.4430000000,13.0840000000,13.3570000000,60218.4042930000,797076.2648701050,797076.2648701050,1,DORA-USDT
2021-12-23 21:00:00,1640264400000,13.3590000000,13.5000000000,13.3320000000,13.3960000000,36245.9551380000,486693.6701595280,486693.6701595280,1,DORA-USDT
2021-12-23 22:00:00,1640268000000,13.3930000000,13.4910000000,13.3650000000,13.4410000000,26950.9016550000,362044.4310128240,362044.4310128240,1,DORA-USDT
2021-12-23 23:00:00,1640271600000,13.4410000000,13.5430000000,13.2550000000,13.3130000000,24659.7446650000,331624.9453814710,331624.9453814710,1,DORA-USDT
2021-12-24 00:00:00,1640275200000,13.3090000000,13.7830000000,13.2930000000,13.6110000000,54603.9373420000,740599.8552020630,740599.8552020630,1,DORA-USDT
2021-12-24 01:00:00,1640278800000,13.6110000000,14.5590000000,13.5780000000,14.4770000000,75555.9358030000,1061527.5338274059,1061527.5338274059,1,DORA-USDT
2021-12-24 02:00:00,1640282400000,14.4810000000,14.9740000000,14.4240000000,14.7150000000,102000.9969160000,1495495.3396930613,1495495.3396930613,1,DORA-USDT
2021-12-24 03:00:00,1640286000000,14.7250000000,14.8040000000,14.5960000000,14.6860000000,50809.0703040000,747879.6833815190,747879.6833815190,1,DORA-USDT
2021-12-24 04:00:00,1640289600000,14.6840000000,14.9080000000,14.5800000000,14.7650000000,45725.1220570000,673953.5173385970,673953.5173385970,1,DORA-USDT
2021-12-24 05:00:00,1640293200000,14.7680000000,14.7980000000,14.5020000000,14.7220000000,49440.4714430000,722603.7391364510,722603.7391364510,1,DORA-USDT
2021-12-24 06:00:00,1640296800000,14.7240000000,14.7970000000,14.5000000000,14.7550000000,50004.1575660000,733134.7903584010,733134.7903584010,1,DORA-USDT
2021-12-24 07:00:00,1640300400000,14.7530000000,15.0000000000,14.5440000000,14.9420000000,49332.3695680000,727869.1029246280,727869.1029246280,1,DORA-USDT
2021-12-24 08:00:00,1640304000000,14.9400000000,14.9830000000,14.4000000000,14.6840000000,74192.6373000000,1085273.2750071131,1085273.2750071131,1,DORA-USDT
2021-12-24 09:00:00,1640307600000,14.6740000000,14.9880000000,14.5270000000,14.8030000000,81439.0255640000,1203278.4462571030,1203278.4462571030,1,DORA-USDT
2021-12-24 10:00:00,1640311200000,14.8020000000,14.8510000000,14.4480000000,14.6660000000,45480.8372250000,668099.9414526630,668099.9414526630,1,DORA-USDT
2021-12-24 11:00:00,1640314800000,14.6630000000,14.8090000000,14.4740000000,14.7290000000,33384.1819560000,490233.4778195910,490233.4778195910,1,DORA-USDT
2021-12-24 12:00:00,1640318400000,14.7280000000,14.7800000000,14.6510000000,14.7630000000,16651.2811740000,245008.1913273220,245008.1913273220,1,DORA-USDT
2021-12-24 13:00:00,1640322000000,14.7640000000,14.7650000000,14.2370000000,14.3140000000,46819.3687270000,676704.3286557640,676704.3286557640,1,DORA-USDT
2021-12-24 14:00:00,1640325600000,14.3150000000,14.3360000000,14.1750000000,14.1970000000,34601.0469400000,493085.1650431970,493085.1650431970,1,DORA-USDT
2021-12-24 15:00:00,1640329200000,14.1910000000,14.5080000000,14.1540000000,14.2790000000,69453.1184020000,991472.2394640740,991472.2394640740,1,DORA-USDT
2021-12-24 16:00:00,1640332800000,14.2770000000,14.3750000000,14.1600000000,14.2020000000,48267.3773010000,688260.9446132600,688260.9446132600,1,DORA-USDT
2021-12-24 17:00:00,1640336400000,14.2010000000,14.3400000000,14.1730000000,14.3070000000,35680.0033400000,508975.1758382450,508975.1758382450,1,DORA-USDT
2021-12-24 18:00:00,1640340000000,14.3050000000,14.3170000000,14.1400000000,14.2450000000,35368.9094490000,503014.6256048440,503014.6256048440,1,DORA-USDT
2021-12-24 19:00:00,1640343600000,14.2510000000,14.4810000000,14.1700000000,14.3540000000,50543.9419900000,722406.8949465260,722406.8949465260,1,DORA-USDT
2021-12-24 20:00:00,1640347200000,14.3530000000,14.4090000000,14.1400000000,14.3370000000,62422.0993120000,890334.1350765880,890334.1350765880,1,DORA-USDT
2021-12-24 21:00:00,1640350800000,14.3410000000,15.0000000000,14.2110000000,14.4330000000,57517.5763660000,827397.1258470940,827397.1258470940,1,DORA-USDT
2021-12-24 22:00:00,1640354400000,14.4090000000,14.6900000000,14.4000000000,14.4750000000,37105.7624100000,538212.9852478140,538212.9852478140,1,DORA-USDT
2021-12-24 23:00:00,1640358000000,14.4800000000,14.4800000000,14.0880000000,14.3040000000,64072.1458070000,910896.4972581010,910896.4972581010,1,DORA-USDT
2021-12-25 00:00:00,1640361600000,14.3060000000,14.3690000000,14.1840000000,14.2480000000,52536.1992140000,749738.1349375740,749738.1349375740,1,DORA-USDT
2021-12-25 01:00:00,1640365200000,14.2460000000,14.3300000000,13.8200000000,14.2080000000,76375.6355180000,1076490.3351197341,1076490.3351197341,1,DORA-USDT
2021-12-25 02:00:00,1640368800000,14.2030000000,14.2900000000,14.0400000000,14.2610000000,37503.3273890000,531579.2385600250,531579.2385600250,1,DORA-USDT
2021-12-25 03:00:00,1640372400000,14.2620000000,14.3360000000,13.9630000000,14.0050000000,43552.2673770000,616281.5353159460,616281.5353159460,1,DORA-USDT
2021-12-25 04:00:00,1640376000000,14.0040000000,14.0300000000,13.9000000000,13.9010000000,29640.3351850000,413574.7773766130,413574.7773766130,1,DORA-USDT
2021-12-25 05:00:00,1640379600000,13.9010000000,13.9980000000,13.8260000000,13.8530000000,29771.2799730000,414341.1348952180,414341.1348952180,1,DORA-USDT
2021-12-25 06:00:00,1640383200000,13.8540000000,13.9290000000,13.7870000000,13.7900000000,26359.0550230000,364485.3745089490,364485.3745089490,1,DORA-USDT
2021-12-25 07:00:00,1640386800000,13.7890000000,13.8780000000,13.7540000000,13.8480000000,27187.6425070000,375022.1803003100,375022.1803003100,1,DORA-USDT
2021-12-25 08:00:00,1640390400000,13.8470000000,13.9460000000,13.7520000000,13.9180000000,44184.6250550000,611085.0252043880,611085.0252043880,1,DORA-USDT
2021-12-25 09:00:00,1640394000000,13.9140000000,13.9520000000,13.7540000000,13.8370000000,41018.4400470000,568956.9528891060,568956.9528891060,1,DORA-USDT
2021-12-25 10:00:00,1640397600000,13.8390000000,13.9050000000,13.7650000000,13.7900000000,27417.6773140000,379865.1053750730,379865.1053750730,1,DORA-USDT
2021-12-25 11:00:00,1640401200000,13.7900000000,13.9000000000,13.7820000000,13.8340000000,29967.3008930000,414819.2212724990,414819.2212724990,1,DORA-USDT
2021-12-25 12:00:00,1640404800000,13.8350000000,13.8600000000,13.7520000000,13.7550000000,25006.4336350000,344786.5657116440,344786.5657116440,1,DORA-USDT
2021-12-25 13:00:00,1640408400000,13.7580000000,14.3290000000,13.7530000000,14.2370000000,50926.9247470000,712477.5844102580,712477.5844102580,1,DORA-USDT
2021-12-25 14:00:00,1640412000000,14.2470000000,14.3710000000,14.0390000000,14.1450000000,73921.5066370000,1047639.6055414840,1047639.6055414840,1,DORA-USDT
2021-12-25 15:00:00,1640415600000,14.1440000000,14.1600000000,14.0000000000,14.1590000000,42206.8415560000,594351.6347004760,594351.6347004760,1,DORA-USDT
2021-12-25 16:00:00,1640419200000,14.1830000000,14.7970000000,14.1000000000,14.3530000000,60314.1555570000,862014.8112246400,862014.8112246400,1,DORA-USDT
2021-12-25 17:00:00,1640422800000,14.3510000000,14.6900000000,14.2820000000,14.4260000000,52893.7520750000,768011.3127329600,768011.3127329600,1,DORA-USDT
2021-12-25 18:00:00,1640426400000,14.4210000000,14.6080000000,14.1030000000,14.1810000000,43734.1401930000,630700.6159969850,630700.6159969850,1,DORA-USDT
2021-12-25 19:00:00,1640430000000,14.1810000000,14.3120000000,14.0850000000,14.1210000000,39236.3069200000,558066.3904892730,558066.3904892730,1,DORA-USDT
2021-12-25 20:00:00,1640433600000,14.1260000000,14.4010000000,14.1260000000,14.3660000000,41986.2938910000,599425.1120568470,599425.1120568470,1,DORA-USDT
2021-12-25 21:00:00,1640437200000,14.3680000000,14.4340000000,14.3210000000,14.4030000000,31375.9240310000,451567.6768553670,451567.6768553670,1,DORA-USDT
2021-12-25 22:00:00,1640440800000,14.4050000000,14.4230000000,14.2750000000,14.2820000000,14114.2994710000,202581.1002974030,202581.1002974030,1,DORA-USDT
2021-12-25 23:00:00,1640444400000,14.2830000000,14.4500000000,14.2130000000,14.4370000000,27533.0180600000,393973.7080349210,393973.7080349210,1,DORA-USDT
2021-12-26 00:00:00,1640448000000,14.4320000000,14.4320000000,14.0770000000,14.1340000000,34481.5970280000,489802.0513496410,489802.0513496410,1,DORA-USDT
2021-12-26 01:00:00,1640451600000,14.1370000000,14.1790000000,13.8450000000,14.0290000000,46054.9621260000,644474.1864227770,644474.1864227770,1,DORA-USDT
2021-12-26 02:00:00,1640455200000,14.0280000000,14.1080000000,13.9300000000,13.9310000000,32956.8408940000,461907.6973942650,461907.6973942650,1,DORA-USDT
2021-12-26 03:00:00,1640458800000,13.9360000000,13.9830000000,13.8850000000,13.9220000000,28550.5487140000,397875.5535854790,397875.5535854790,1,DORA-USDT
2021-12-26 04:00:00,1640462400000,13.9190000000,14.0270000000,13.9040000000,13.9330000000,28455.0407250000,397158.1835877150,397158.1835877150,1,DORA-USDT
2021-12-26 05:00:00,1640466000000,13.9320000000,14.0160000000,13.8950000000,13.9270000000,25707.1714970000,358812.6170668590,358812.6170668590,1,DORA-USDT
2021-12-26 06:00:00,1640469600000,13.9130000000,13.9930000000,13.8770000000,13.9250000000,21110.0687290000,294122.8509680570,294122.8509680570,1,DORA-USDT
2021-12-26 07:00:00,1640473200000,13.9250000000,14.0030000000,13.8580000000,13.8830000000,23179.3258430000,322741.7778789930,322741.7778789930,1,DORA-USDT
2021-12-26 08:00:00,1640476800000,13.8740000000,13.9700000000,13.7650000000,13.9580000000,33403.4110080000,463279.0552371270,463279.0552371270,1,DORA-USDT
2021-12-26 09:00:00,1640480400000,13.9790000000,14.0390000000,13.8480000000,13.9000000000,39459.2387910000,549346.3445139170,549346.3445139170,1,DORA-USDT
2021-12-26 10:00:00,1640484000000,13.9000000000,13.9170000000,13.7520000000,13.7720000000,25005.5742620000,345873.7960405490,345873.7960405490,1,DORA-USDT
2021-12-26 11:00:00,1640487600000,13.7730000000,13.8030000000,13.4030000000,13.4220000000,34770.6937820000,472743.6108081820,472743.6108081820,1,DORA-USDT
2021-12-26 12:00:00,1640491200000,13.4200000000,13.5370000000,13.4010000000,13.4410000000,28218.7808260000,379727.2256018740,379727.2256018740,1,DORA-USDT
2021-12-26 13:00:00,1640494800000,13.4410000000,13.4710000000,13.2100000000,13.2680000000,36300.9454560000,485431.8974522810,485431.8974522810,1,DORA-USDT
2021-12-26 14:00:00,1640498400000,13.2650000000,13.3510000000,13.2110000000,13.3000000000,26283.1132800000,349272.4272819930,349272.4272819930,1,DORA-USDT
2021-12-26 15:00:00,1640502000000,13.2990000000,13.4270000000,13.2790000000,13.4120000000,29096.6083410000,388526.2725965970,388526.2725965970,1,DORA-USDT
2021-12-26 16:00:00,1640505600000,13.4130000000,13.5730000000,13.3280000000,13.4670000000,35847.3811380000,481848.7445955410,481848.7445955410,1,DORA-USDT
2021-12-26 17:00:00,1640509200000,13.4670000000,13.5970000000,13.4290000000,13.5580000000,26031.4980620000,352268.3981208240,352268.3981208240,1,DORA-USDT
2021-12-26 18:00:00,1640512800000,13.5550000000,13.6590000000,13.5380000000,13.6280000000,26742.7943530000,363726.2721810320,363726.2721810320,1,DORA-USDT
2021-12-26 19:00:00,1640516400000,13.6270000000,13.6700000000,13.3420000000,13.4170000000,40596.5764450000,549520.3931206020,549520.3931206020,1,DORA-USDT
2021-12-26 20:00:00,1640520000000,13.4180000000,13.5080000000,13.3640000000,13.4920000000,23687.8588460000,318624.3243240990,318624.3243240990,1,DORA-USDT
2021-12-26 21:00:00,1640523600000,13.4920000000,13.5990000000,13.4750000000,13.5740000000,28394.9908830000,384451.0970538240,384451.0970538240,1,DORA-USDT
2021-12-26 22:00:00,1640527200000,13.5730000000,13.5750000000,13.4010000000,13.4430000000,22472.7520820000,302875.8202632510,302875.8202632510,1,DORA-USDT
2021-12-26 23:00:00,1640530800000,13.4440000000,13.6490000000,13.4040000000,13.5370000000,34525.2858690000,467751.5877488880,467751.5877488880,1,DORA-USDT
2021-12-27 00:00:00,1640534400000,13.5690000000,13.9530000000,13.4410000000,13.8450000000,57576.3585240000,788463.6542099440,788463.6542099440,1,DORA-USDT
2021-12-27 01:00:00,1640538000000,13.8450000000,13.8870000000,13.6450000000,13.8610000000,47442.3317370000,653992.2452595010,653992.2452595010,1,DORA-USDT
2021-12-27 02:00:00,1640541600000,13.8630000000,13.8690000000,13.6930000000,13.7780000000,28843.5540990000,397377.3636972320,397377.3636972320,1,DORA-USDT
2021-12-27 03:00:00,1640545200000,13.7800000000,13.8800000000,13.7360000000,13.8300000000,26325.2186280000,363644.6844327970,363644.6844327970,1,DORA-USDT
2021-12-27 04:00:00,1640548800000,13.8280000000,13.8380000000,13.6340000000,13.7000000000,26043.4979100000,357568.2951776130,357568.2951776130,1,DORA-USDT
2021-12-27 05:00:00,1640552400000,13.7000000000,13.7750000000,13.6000000000,13.7070000000,30732.8644930000,420937.3575074420,420937.3575074420,1,DORA-USDT
2021-12-27 06:00:00,1640556000000,13.7080000000,13.9670000000,13.6970000000,13.9010000000,31509.3787940000,434850.5926928100,434850.5926928100,1,DORA-USDT
2021-12-27 07:00:00,1640559600000,13.8940000000,13.9990000000,13.8170000000,13.8530000000,30875.6895060000,429265.8957319470,429265.8957319470,1,DORA-USDT
2021-12-27 08:00:00,1640563200000,13.8570000000,13.9420000000,13.6700000000,13.7550000000,34578.0020090000,476817.5354971870,476817.5354971870,1,DORA-USDT
2021-12-27 09:00:00,1640566800000,13.7550000000,13.8870000000,13.6870000000,13.7500000000,31415.0271110000,432882.9586679110,432882.9586679110,1,DORA-USDT
2021-12-27 10:00:00,1640570400000,13.7480000000,13.8100000000,13.7300000000,13.7910000000,17339.5472650000,238842.6835972010,238842.6835972010,1,DORA-USDT
2021-12-27 11:00:00,1640574000000,13.7910000000,13.8800000000,13.7560000000,13.8500000000,21318.3374790000,294602.9149909700,294602.9149909700,1,DORA-USDT
2021-12-27 12:00:00,1640577600000,13.8520000000,13.9630000000,13.7480000000,13.7810000000,37725.9700530000,521477.6662572380,521477.6662572380,1,DORA-USDT
2021-12-27 13:00:00,1640581200000,13.7650000000,13.7880000000,13.6340000000,13.7030000000,42238.6830820000,579295.9654042670,579295.9654042670,1,DORA-USDT
2021-12-27 14:00:00,1640584800000,13.7050000000,13.7400000000,13.4230000000,13.5370000000,52126.3331180000,705520.1862175860,705520.1862175860,1,DORA-USDT
2021-12-27 15:00:00,1640588400000,13.5360000000,13.6070000000,13.3430000000,13.4330000000,33343.2778430000,448709.0985159390,448709.0985159390,1,DORA-USDT
2021-12-27 16:00:00,1640592000000,13.4320000000,13.5110000000,13.0420000000,13.2130000000,51813.5761180000,689518.2478783550,689518.2478783550,1,DORA-USDT
2021-12-27 17:00:00,1640595600000,13.2130000000,13.2870000000,13.1870000000,13.2440000000,30150.1639860000,399099.1181414200,399099.1181414200,1,DORA-USDT
2021-12-27 18:00:00,1640599200000,13.2450000000,13.3010000000,13.2380000000,13.2840000000,11369.3818660000,150927.2893343510,150927.2893343510,1,DORA-USDT
2021-12-27 19:00:00,1640602800000,13.2810000000,13.4500000000,13.2510000000,13.3670000000,21933.7830240000,292465.4464612120,292465.4464612120,1,DORA-USDT
2021-12-27 20:00:00,1640606400000,13.3660000000,13.5210000000,13.2380000000,13.3770000000,35098.7877350000,468921.4815797180,468921.4815797180,1,DORA-USDT
2021-12-27 21:00:00,1640610000000,13.3740000000,13.5600000000,13.3660000000,13.4650000000,41995.2568380000,565894.0056539070,565894.0056539070,1,DORA-USDT
2021-12-27 22:00:00,1640613600000,13.4670000000,13.6100000000,13.4400000000,13.5490000000,27395.3657180000,370230.3316140230,370230.3316140230,1,DORA-USDT
2021-12-27 23:00:00,1640617200000,13.5460000000,13.6190000000,13.3660000000,13.5510000000,42255.5705000000,570967.3855741350,570967.3855741350,1,DORA-USDT
2021-12-28 00:00:00,1640620800000,13.5510000000,14.0000000000,13.5510000000,13.6080000000,79317.1606740000,1093249.9777604199,1093249.9777604199,1,DORA-USDT
2021-12-28 01:00:00,1640624400000,13.6200000000,13.7300000000,13.5200000000,13.6900000000,37398.1186550000,509697.7622813650,509697.7622813650,1,DORA-USDT
2021-12-28 02:00:00,1640628000000,13.6930000000,13.7020000000,13.5710000000,13.6100000000,20910.1062100000,284662.8238481190,284662.8238481190,1,DORA-USDT
2021-12-28 03:00:00,1640631600000,13.6140000000,13.6370000000,13.5200000000,13.5200000000,19185.2413340000,260346.5484058090,260346.5484058090,1,DORA-USDT
2021-12-28 04:00:00,1640635200000,13.5200000000,13.5990000000,13.4160000000,13.5640000000,25391.7196160000,343270.6684564660,343270.6684564660,1,DORA-USDT
2021-12-28 05:00:00,1640638800000,13.5620000000,13.5870000000,13.3830000000,13.3990000000,28363.1014470000,381855.4826532630,381855.4826532630,1,DORA-USDT
2021-12-28 06:00:00,1640642400000,13.4130000000,13.4880000000,13.3040000000,13.3360000000,28677.5583590000,384341.4283929230,384341.4283929230,1,DORA-USDT
2021-12-28 07:00:00,1640646000000,13.3350000000,13.4080000000,13.1340000000,13.1600000000,42184.9393890000,559203.7005196200,559203.7005196200,1,DORA-USDT
2021-12-28 08:00:00,1640649600000,13.1610000000,13.1860000000,12.5310000000,12.8510000000,65818.2174440000,844570.1585136410,844570.1585136410,1,DORA-USDT
2021-12-28 09:00:00,1640653200000,12.8510000000,12.8520000000,12.5110000000,12.5980000000,64124.7850340000,811054.3825528470,811054.3825528470,1,DORA-USDT
2021-12-28 10:00:00,1640656800000,12.5980000000,12.5980000000,12.4160000000,12.4440000000,34148.5143810000,426749.8392156620,426749.8392156620,1,DORA-USDT
2021-12-28 11:00:00,1640660400000,12.4430000000,12.4910000000,12.1000000000,12.4370000000,63930.5895520000,787351.7226442680,787351.7226442680,1,DORA-USDT
2021-12-28 12:00:00,1640664000000,12.4360000000,12.4690000000,12.1020000000,12.2530000000,59129.9805790000,723562.0520648080,723562.0520648080,1,DORA-USDT
2021-12-28 13:00:00,1640667600000,12.2540000000,12.4410000000,12.1820000000,12.3130000000,49000.5250150000,601912.9492840980,601912.9492840980,1,DORA-USDT
2021-12-28 14:00:00,1640671200000,12.3140000000,12.4170000000,12.2730000000,12.2850000000,29170.7148620000,359580.9252247050,359580.9252247050,1,DORA-USDT
2021-12-28 15:00:00,1640674800000,12.2860000000,12.3580000000,12.2400000000,12.2960000000,30708.0025360000,377229.4169632140,377229.4169632140,1,DORA-USDT
2021-12-28 16:00:00,1640678400000,12.2960000000,12.4690000000,12.0060000000,12.1570000000,53235.6520170000,653234.3748467910,653234.3748467910,1,DORA-USDT
2021-12-28 17:00:00,1640682000000,12.1540000000,12.2580000000,12.1070000000,12.1190000000,27440.5482800000,334613.9632424920,334613.9632424920,1,DORA-USDT
2021-12-28 18:00:00,1640685600000,12.1320000000,12.2320000000,12.0600000000,12.2080000000,12087.7249560000,147337.0683402420,147337.0683402420,1,DORA-USDT
2021-12-28 19:00:00,1640689200000,12.2080000000,12.3980000000,12.2000000000,12.3550000000,28096.6883870000,345405.8863826560,345405.8863826560,1,DORA-USDT
2021-12-28 20:00:00,1640692800000,12.3560000000,12.4430000000,12.3170000000,12.3240000000,20860.9237510000,258300.1557999390,258300.1557999390,1,DORA-USDT
2021-12-28 21:00:00,1640696400000,12.3300000000,12.5590000000,12.2770000000,12.4420000000,46555.7433340000,578293.1462957100,578293.1462957100,1,DORA-USDT
2021-12-28 22:00:00,1640700000000,12.4440000000,12.4690000000,12.1010000000,12.4090000000,71778.9216130000,884744.0200316090,884744.0200316090,1,DORA-USDT
2021-12-28 23:00:00,1640703600000,12.4120000000,12.4690000000,12.1200000000,12.3780000000,64242.1213380000,788666.4451861350,788666.4451861350,1,DORA-USDT
2021-12-29 00:00:00,1640707200000,12.3670000000,13.6110000000,12.3670000000,13.1650000000,223549.7416470000,2895066.3879313702,2895066.3879313702,1,DORA-USDT
2021-12-29 01:00:00,1640710800000,13.1680000000,13.7980000000,12.7860000000,12.8180000000,127160.8877950000,1663354.9483337190,1663354.9483337190,1,DORA-USDT
2021-12-29 02:00:00,1640714400000,12.8170000000,12.8230000000,12.4050000000,12.6430000000,68484.4751120000,862998.2859594231,862998.2859594231,1,DORA-USDT
2021-12-29 03:00:00,1640718000000,12.6450000000,12.6540000000,12.0880000000,12.1580000000,73825.3150860000,906431.2188960999,906431.2188960999,1,DORA-USDT
2021-12-29 04:00:00,1640721600000,12.1620000000,12.1810000000,12.0530000000,12.0600000000,28942.3966010000,350785.7344706720,350785.7344706720,1,DORA-USDT
2021-12-29 05:00:00,1640725200000,12.0570000000,12.1460000000,11.9510000000,11.9910000000,27743.2308670000,334449.9301855190,334449.9301855190,1,DORA-USDT
2021-12-29 06:00:00,1640728800000,11.9890000000,12.0350000000,11.6840000000,11.9110000000,50024.0906000000,593460.2040915400,593460.2040915400,1,DORA-USDT
2021-12-29 07:00:00,1640732400000,11.9120000000,11.9750000000,11.7790000000,11.7890000000,38485.6847420000,457716.9239606890,457716.9239606890,1,DORA-USDT
2021-12-29 08:00:00,1640736000000,11.7890000000,11.8420000000,11.4990000000,11.6560000000,62580.2985640000,728048.0498030760,728048.0498030760,1,DORA-USDT
2021-12-29 09:00:00,1640739600000,11.6550000000,11.8810000000,11.6300000000,11.7480000000,44459.5192730000,523430.0693162110,523430.0693162110,1,DORA-USDT
2021-12-29 10:00:00,1640743200000,11.7500000000,11.8170000000,11.6720000000,11.7340000000,37297.9058310000,437999.5026571530,437999.5026571530,1,DORA-USDT
2021-12-29 11:00:00,1640746800000,11.7330000000,11.8870000000,11.7170000000,11.7900000000,51079.2810170000,602786.3444530690,602786.3444530690,1,DORA-USDT
2021-12-29 12:00:00,1640750400000,11.7880000000,11.8520000000,11.6230000000,11.7690000000,54387.3761990000,638470.5070405910,638470.5070405910,1,DORA-USDT
2021-12-29 13:00:00,1640754000000,11.7680000000,11.8420000000,11.6060000000,11.6370000000,40200.5557380000,471845.8122300930,471845.8122300930,1,DORA-USDT
2021-12-29 14:00:00,1640757600000,11.6370000000,11.6450000000,11.5100000000,11.5500000000,35370.4265280000,409220.9337301790,409220.9337301790,1,DORA-USDT
2021-12-29 15:00:00,1640761200000,11.5530000000,11.5780000000,11.4290000000,11.5610000000,38816.9416920000,446858.6965358830,446858.6965358830,1,DORA-USDT
2021-12-29 16:00:00,1640764800000,11.5640000000,11.7460000000,11.5170000000,11.6620000000,33274.4811690000,388127.9449346260,388127.9449346260,1,DORA-USDT
2021-12-29 17:00:00,1640768400000,11.6590000000,11.9060000000,11.5010000000,11.8270000000,47682.4562270000,556092.9758160911,556092.9758160911,1,DORA-USDT
2021-12-29 18:00:00,1640772000000,11.8280000000,11.8750000000,11.5960000000,11.6270000000,33914.1021640000,397339.1980767380,397339.1980767380,1,DORA-USDT
2021-12-29 19:00:00,1640775600000,11.6260000000,11.7160000000,11.5910000000,11.6540000000,29555.9651890000,344228.5160627870,344228.5160627870,1,DORA-USDT
2021-12-29 20:00:00,1640779200000,11.6540000000,11.6670000000,11.3000000000,11.3120000000,51235.6718480000,584562.9448672259,584562.9448672259,1,DORA-USDT
2021-12-29 21:00:00,1640782800000,11.3120000000,11.4730000000,11.1430000000,11.4240000000,51584.8228670000,583370.6452271120,583370.6452271120,1,DORA-USDT
2021-12-29 22:00:00,1640786400000,11.4240000000,11.6200000000,11.3410000000,11.5170000000,65441.6514270000,753702.4238212740,753702.4238212740,1,DORA-USDT
2021-12-29 23:00:00,1640790000000,11.5130000000,11.7700000000,11.4850000000,11.7400000000,42187.0131340000,491504.2925718950,491504.2925718950,1,DORA-USDT
2021-12-30 00:00:00,1640793600000,11.7420000000,11.7500000000,11.2550000000,11.3400000000,65932.1517720000,755849.4389591800,755849.4389591800,1,DORA-USDT
2021-12-30 01:00:00,1640797200000,11.3430000000,11.3860000000,11.2400000000,11.2570000000,28647.0544950000,324258.6050345060,324258.6050345060,1,DORA-USDT
2021-12-30 02:00:00,1640800800000,11.2590000000,11.2830000000,11.1760000000,11.2790000000,24179.6894700000,271776.9911857790,271776.9911857790,1,DORA-USDT
2021-12-30 03:00:00,1640804400000,11.2760000000,11.2850000000,11.1810000000,11.2150000000,27277.9389200000,306281.8417792550,306281.8417792550,1,DORA-USDT
2021-12-30 04:00:00,1640808000000,11.2130000000,11.2790000000,11.1970000000,11.2220000000,24415.7223750000,274338.7831291450,274338.7831291450,1,DORA-USDT
2021-12-30 05:00:00,1640811600000,11.2200000000,11.2380000000,11.1460000000,11.1990000000,25921.5863810000,290277.3389550360,290277.3389550360,1,DORA-USDT
2021-12-30 06:00:00,1640815200000,11.1980000000,11.3040000000,11.1790000000,11.2860000000,22251.3590410000,250278.4381460430,250278.4381460430,1,DORA-USDT
2021-12-30 07:00:00,1640818800000,11.2840000000,11.3020000000,11.0660000000,11.1180000000,44693.7837410000,499079.3137678880,499079.3137678880,1,DORA-USDT
2021-12-30 08:00:00,1640822400000,11.1240000000,11.2580000000,11.0000000000,11.2080000000,44817.7293970000,498844.4001642480,498844.4001642480,1,DORA-USDT
2021-12-30 09:00:00,1640826000000,11.2070000000,11.3450000000,11.1590000000,11.2730000000,35820.6886040000,402532.9104195320,402532.9104195320,1,DORA-USDT
2021-12-30 10:00:00,1640829600000,11.2710000000,11.3420000000,11.1850000000,11.3110000000,35993.5274240000,404958.4763895070,404958.4763895070,1,DORA-USDT
2021-12-30 11:00:00,1640833200000,11.3090000000,11.3930000000,11.2770000000,11.2890000000,24578.0864260000,278130.4478808860,278130.4478808860,1,DORA-USDT
2021-12-30 12:00:00,1640836800000,11.2910000000,11.4870000000,11.2890000000,11.4320000000,37885.4369730000,432376.4607036920,432376.4607036920,1,DORA-USDT
2021-12-30 13:00:00,1640840400000,11.4350000000,11.5960000000,11.3940000000,11.5680000000,38431.6845910000,441470.3602928920,441470.3602928920,1,DORA-USDT
2021-12-30 14:00:00,1640844000000,11.5650000000,12.4000000000,11.5540000000,12.1860000000,161538.1551450000,1946976.3619450312,1946976.3619450312,1,DORA-USDT
2021-12-30 15:00:00,1640847600000,12.1820000000,12.3380000000,11.9080000000,11.9350000000,47684.9985910000,575693.2192610380,575693.2192610380,1,DORA-USDT
2021-12-30 16:00:00,1640851200000,11.9340000000,11.9980000000,11.6930000000,11.6990000000,41035.1669140000,485258.3212716320,485258.3212716320,1,DORA-USDT
2021-12-30 17:00:00,1640854800000,11.6990000000,11.9610000000,11.6990000000,11.9230000000,21455.3052170000,253513.2607152070,253513.2607152070,1,DORA-USDT
2021-12-30 18:00:00,1640858400000,11.9260000000,11.9770000000,11.6370000000,11.6840000000,54525.8970750000,641314.1467082790,641314.1467082790,1,DORA-USDT
2021-12-30 19:00:00,1640862000000,11.6830000000,12.1110000000,11.6390000000,12.0630000000,55363.1128560000,656959.8903922740,656959.8903922740,1,DORA-USDT
2021-12-30 20:00:00,1640865600000,12.0650000000,12.2990000000,11.8750000000,12.2150000000,68070.0538220000,821973.5899716740,821973.5899716740,1,DORA-USDT
2021-12-30 21:00:00,1640869200000,12.2130000000,12.2240000000,11.8800000000,11.9430000000,47089.9182860000,566895.8764841669,566895.8764841669,1,DORA-USDT
2021-12-30 22:00:00,1640872800000,11.9420000000,12.1140000000,11.4850000000,11.5800000000,86175.0304660000,1016899.0064026730,1016899.0064026730,1,DORA-USDT
2021-12-30 23:00:00,1640876400000,11.5790000000,11.6920000000,11.3660000000,11.4310000000,55804.2770480000,644505.8765990030,644505.8765990030,1,DORA-USDT
2021-12-31 00:00:00,1640880000000,11.4400000000,11.5490000000,11.2700000000,11.5380000000,55168.1486230000,629821.0898742800,629821.0898742800,1,DORA-USDT
2021-12-31 01:00:00,1640883600000,11.5380000000,11.5410000000,11.3380000000,11.4220000000,29572.4844670000,338226.2302359350,338226.2302359350,1,DORA-USDT
2021-12-31 02:00:00,1640887200000,11.4260000000,11.5550000000,11.3670000000,11.5280000000,29357.0025710000,336826.2237036720,336826.2237036720,1,DORA-USDT
2021-12-31 03:00:00,1640890800000,11.5270000000,11.5270000000,11.4070000000,11.4230000000,21894.9346140000,250910.6072321290,250910.6072321290,1,DORA-USDT
2021-12-31 04:00:00,1640894400000,11.4220000000,11.5050000000,11.3000000000,11.3310000000,33163.5754160000,378178.3300036490,378178.3300036490,1,DORA-USDT
2021-12-31 05:00:00,1640898000000,11.3320000000,11.4080000000,11.3000000000,11.4080000000,22782.4765790000,258577.8256605270,258577.8256605270,1,DORA-USDT
2021-12-31 06:00:00,1640901600000,11.4090000000,11.4670000000,11.3000000000,11.3400000000,34544.1337690000,392911.2497610660,392911.2497610660,1,DORA-USDT
2021-12-31 07:00:00,1640905200000,11.3370000000,11.3850000000,11.3040000000,11.3700000000,28502.9936180000,323359.4071478370,323359.4071478370,1,DORA-USDT
2021-12-31 08:00:00,1640908800000,11.3650000000,11.5500000000,11.3080000000,11.4180000000,38822.3958960000,442433.9193998730,442433.9193998730,1,DORA-USDT
2021-12-31 09:00:00,1640912400000,11.4170000000,11.4430000000,11.2920000000,11.3510000000,41612.1316340000,472787.2299715160,472787.2299715160,1,DORA-USDT
2021-12-31 10:00:00,1640916000000,11.3500000000,11.3840000000,11.2900000000,11.3500000000,24373.0779470000,276159.4005603140,276159.4005603140,1,DORA-USDT
2021-12-31 11:00:00,1640919600000,11.3500000000,11.4970000000,11.3390000000,11.3750000000,28495.8151590000,324914.5395550480,324914.5395550480,1,DORA-USDT
2021-12-31 12:00:00,1640923200000,11.3750000000,11.4450000000,11.3400000000,11.4140000000,22502.3069440000,256489.9922927910,256489.9922927910,1,DORA-USDT
2021-12-31 13:00:00,1640926800000,11.4140000000,11.4440000000,11.3450000000,11.3660000000,20974.5891510000,238844.4362954160,238844.4362954160,1,DORA-USDT
2021-12-31 14:00:00,1640930400000,11.3730000000,11.4200000000,11.2680000000,11.3290000000,32153.8123230000,364270.1319646220,364270.1319646220,1,DORA-USDT
2021-12-31 15:00:00,1640934000000,11.3300000000,11.3530000000,11.1560000000,11.2970000000,32602.9307040000,366626.3132146550,366626.3132146550,1,DORA-USDT
2021-12-31 16:00:00,1640937600000,11.3060000000,11.7400000000,11.2590000000,11.6120000000,62464.7280180000,715666.6394667240,715666.6394667240,1,DORA-USDT
2021-12-31 17:00:00,1640941200000,11.6140000000,11.8040000000,11.6100000000,11.6850000000,49457.8574640000,577364.0686700350,577364.0686700350,1,DORA-USDT
2021-12-31 18:00:00,1640944800000,11.6850000000,11.7240000000,11.5640000000,11.6050000000,35366.0604480000,412285.6254223040,412285.6254223040,1,DORA-USDT
2021-12-31 19:00:00,1640948400000,11.6040000000,11.6600000000,11.5720000000,11.5860000000,29240.9223280000,339700.7273798230,339700.7273798230,1,DORA-USDT
2021-12-31 20:00:00,1640952000000,11.5890000000,11.6980000000,11.5710000000,11.6480000000,29877.7386590000,347491.4667060750,347491.4667060750,1,DORA-USDT
2021-12-31 21:00:00,1640955600000,11.6460000000,11.7140000000,11.5750000000,11.6400000000,28823.5462740000,335760.0935868990,335760.0935868990,1,DORA-USDT
2021-12-31 22:00:00,1640959200000,11.6400000000,11.9790000000,11.6400000000,11.9140000000,45816.3881290000,540813.6752161800,540813.6752161800,1,DORA-USDT
2021-12-31 23:00:00,1640962800000,11.9150000000,12.0000000000,11.7260000000,11.8470000000,58446.5267900000,695245.7297726630,695245.7297726630,1,DORA-USDT
2022-01-01 00:00:00,1640966400000,11.8620000000,11.9900000000,11.6060000000,11.6800000000,64734.0238950000,767756.7984247640,767756.7984247640,1,DORA-USDT
2022-01-01 01:00:00,1640970000000,11.6820000000,11.7880000000,11.4900000000,11.5440000000,49148.6207580000,571503.9863080620,571503.9863080620,1,DORA-USDT
2022-01-01 02:00:00,1640973600000,11.5460000000,11.7660000000,11.5210000000,11.5700000000,47248.4737000000,549873.0601244729,549873.0601244729,1,DORA-USDT
2022-01-01 03:00:00,1640977200000,11.5680000000,11.6130000000,11.4030000000,11.4310000000,34003.6665100000,390767.8206611070,390767.8206611070,1,DORA-USDT
2022-01-01 04:00:00,1640980800000,11.4300000000,11.5490000000,11.3720000000,11.4080000000,46116.0465330000,528113.0764398590,528113.0764398590,1,DORA-USDT
2022-01-01 05:00:00,1640984400000,11.4140000000,11.4940000000,11.3490000000,11.4430000000,44640.2036340000,509541.1562258780,509541.1562258780,1,DORA-USDT
2022-01-01 06:00:00,1640988000000,11.4440000000,11.5420000000,11.4380000000,11.5140000000,27929.3680100000,321075.2947580170,321075.2947580170,1,DORA-USDT
2022-01-01 07:00:00,1640991600000,11.5140000000,11.6290000000,11.4470000000,11.4720000000,31949.2892650000,368813.6656338340,368813.6656338340,1,DORA-USDT
2022-01-01 08:00:00,1640995200000,11.4700000000,11.5500000000,11.3300000000,11.4990000000,58635.4100430000,670371.6045746540,670371.6045746540,1,DORA-USDT
2022-01-01 09:00:00,1640998800000,11.5010000000,11.6230000000,11.4160000000,11.5370000000,47656.8305470000,550220.1035492320,550220.1035492320,1,DORA-USDT
2022-01-01 10:00:00,1641002400000,11.5370000000,11.6520000000,11.5360000000,11.6090000000,29240.2843950000,338946.1353418860,338946.1353418860,1,DORA-USDT
2022-01-01 11:00:00,1641006000000,11.6060000000,11.6250000000,11.5270000000,11.5800000000,22399.1894550000,259477.8959315080,259477.8959315080,1,DORA-USDT
2022-01-01 12:00:00,1641009600000,11.5800000000,11.6150000000,11.4980000000,11.5310000000,25768.5994060000,297460.4279792830,297460.4279792830,1,DORA-USDT
2022-01-01 13:00:00,1641013200000,11.5310000000,11.7120000000,11.4770000000,11.6270000000,42220.1508860000,490319.6377964380,490319.6377964380,1,DORA-USDT
2022-01-01 14:00:00,1641016800000,11.6220000000,11.8140000000,11.6020000000,11.6510000000,44286.0183520000,518136.3991578410,518136.3991578410,1,DORA-USDT
2022-01-01 15:00:00,1641020400000,11.6530000000,11.8000000000,11.6220000000,11.7170000000,36225.8851600000,424002.0211650470,424002.0211650470,1,DORA-USDT
2022-01-01 16:00:00,1641024000000,11.7170000000,11.8020000000,11.7040000000,11.7310000000,32710.8974700000,384297.1883203200,384297.1883203200,1,DORA-USDT
2022-01-01 17:00:00,1641027600000,11.7280000000,11.7290000000,11.5500000000,11.5990000000,35951.5166230000,418100.8405255520,418100.8405255520,1,DORA-USDT
2022-01-01 18:00:00,1641031200000,11.6000000000,11.6320000000,11.4290000000,11.5170000000,38550.8047780000,444884.1940759940,444884.1940759940,1,DORA-USDT
2022-01-01 19:00:00,1641034800000,11.5260000000,11.6180000000,11.5010000000,11.5330000000,28767.3745870000,332218.0204467750,332218.0204467750,1,DORA-USDT
2022-01-01 20:00:00,1641038400000,11.5340000000,11.6910000000,11.5340000000,11.6730000000,29113.0819840000,338459.7933394070,338459.7933394070,1,DORA-USDT
2022-01-01 21:00:00,1641042000000,11.6690000000,11.6940000000,11.5500000000,11.5770000000,29899.3139940000,347172.9837315710,347172.9837315710,1,DORA-USDT
2022-01-01 22:00:00,1641045600000,11.5740000000,11.6180000000,11.5410000000,11.5880000000,27024.5887220000,313031.3360670870,313031.3360670870,1,DORA-USDT
2022-01-01 23:00:00,1641049200000,11.5880000000,11.7610000000,11.5720000000,11.6720000000,37987.8541910000,442973.3368776170,442973.3368776170,1,DORA-USDT
2022-01-02 00:00:00,1641052800000,11.6700000000,11.6780000000,11.5260000000,11.5700000000,31937.2329120000,370910.3147755770,370910.3147755770,1,DORA-USDT
2022-01-02 01:00:00,1641056400000,11.5710000000,11.7800000000,11.5640000000,11.7500000000,27800.3599920000,324639.1280347140,324639.1280347140,1,DORA-USDT
2022-01-02 02:00:00,1641060000000,11.7520000000,11.7700000000,11.6500000000,11.7200000000,25689.4159630000,300925.6430949480,300925.6430949480,1,DORA-USDT
2022-01-02 03:00:00,1641063600000,11.7200000000,11.7410000000,11.6690000000,11.7050000000,18137.3350250000,212181.3987797820,212181.3987797820,1,DORA-USDT
2022-01-02 04:00:00,1641067200000,11.7040000000,11.7780000000,11.6900000000,11.7560000000,16061.2953010000,188574.7666622820,188574.7666622820,1,DORA-USDT
2022-01-02 05:00:00,1641070800000,11.7560000000,11.7740000000,11.6880000000,11.7230000000,21653.5349280000,253857.8837491800,253857.8837491800,1,DORA-USDT
2022-01-02 06:00:00,1641074400000,11.7240000000,11.7800000000,11.7010000000,11.7480000000,20028.1029500000,235136.0258371310,235136.0258371310,1,DORA-USDT
2022-01-02 07:00:00,1641078000000,11.7480000000,11.8290000000,11.6920000000,11.8290000000,24523.8948860000,288003.3948581080,288003.3948581080,1,DORA-USDT
2022-01-02 08:00:00,1641081600000,11.8270000000,11.8560000000,11.7120000000,11.8180000000,33773.3645630000,398254.5888809110,398254.5888809110,1,DORA-USDT
2022-01-02 09:00:00,1641085200000,11.8210000000,11.8350000000,11.6940000000,11.7730000000,28456.2966960000,334257.3758219570,334257.3758219570,1,DORA-USDT
2022-01-02 10:00:00,1641088800000,11.7710000000,11.7750000000,11.7200000000,11.7320000000,13871.1644890000,162954.8114919590,162954.8114919590,1,DORA-USDT
2022-01-02 11:00:00,1641092400000,11.7330000000,11.7690000000,11.6840000000,11.7330000000,13626.4428440000,159736.9585076330,159736.9585076330,1,DORA-USDT
2022-01-02 12:00:00,1641096000000,11.7330000000,11.7480000000,11.4980000000,11.5370000000,24040.0771830000,279197.3589934240,279197.3589934240,1,DORA-USDT
2022-01-02 13:00:00,1641099600000,11.5350000000,11.6090000000,11.5110000000,11.5800000000,15619.6724530000,180508.9927317750,180508.9927317750,1,DORA-USDT
2022-01-02 14:00:00,1641103200000,11.5800000000,11.6470000000,11.5690000000,11.6190000000,14184.6444130000,164575.1992548390,164575.1992548390,1,DORA-USDT
2022-01-02 15:00:00,1641106800000,11.6190000000,11.6700000000,11.5830000000,11.6350000000,15727.6203330000,182923.7589413640,182923.7589413640,1,DORA-USDT
2022-01-02 16:00:00,1641110400000,11.6310000000,11.6690000000,11.5550000000,11.6380000000,20086.2507830000,233288.8589958390,233288.8589958390,1,DORA-USDT
2022-01-02 17:00:00,1641114000000,11.6390000000,11.7660000000,11.6090000000,11.6910000000,39054.1069730000,456116.1152471540,456116.1152471540,1,DORA-USDT
2022-01-02 18:00:00,1641117600000,11.6840000000,11.7440000000,11.5830000000,11.6570000000,11588.4320180000,135386.7596087530,135386.7596087530,1,DORA-USDT
2022-01-02 19:00:00,1641121200000,11.6560000000,11.7420000000,11.6260000000,11.6680000000,14338.0025940000,167443.3802136460,167443.3802136460,1,DORA-USDT
2022-01-02 20:00:00,1641124800000,11.6690000000,11.6990000000,11.6050000000,11.6290000000,21118.5340690000,245942.4666337660,245942.4666337660,1,DORA-USDT
2022-01-02 21:00:00,1641128400000,11.6310000000,11.6500000000,11.5050000000,11.5170000000,21398.0477120000,247458.7286376350,247458.7286376350,1,DORA-USDT
2022-01-02 22:00:00,1641132000000,11.5240000000,11.5630000000,11.5000000000,11.5110000000,16798.2838020000,193611.6553538400,193611.6553538400,1,DORA-USDT
2022-01-02 23:00:00,1641135600000,11.5120000000,11.6150000000,11.5030000000,11.5980000000,23301.8891750000,269175.4650417820,269175.4650417820,1,DORA-USDT
2022-01-03 00:00:00,1641139200000,11.5970000000,11.6380000000,11.5020000000,11.5900000000,35183.3094320000,406835.3819801920,406835.3819801920,1,DORA-USDT
2022-01-03 01:00:00,1641142800000,11.5900000000,11.6380000000,11.5550000000,11.6060000000,15033.0574320000,174261.3469982730,174261.3469982730,1,DORA-USDT
2022-01-03 02:00:00,1641146400000,11.6060000000,11.6250000000,11.4540000000,11.4980000000,25321.5481110000,291571.8989497560,291571.8989497560,1,DORA-USDT
2022-01-03 03:00:00,1641150000000,11.4980000000,11.5140000000,11.4010000000,11.4280000000,12996.6129430000,148695.7860897450,148695.7860897450,1,DORA-USDT
2022-01-03 04:00:00,1641153600000,11.4280000000,11.4450000000,11.4010000000,11.4190000000,6531.9072480000,74599.8437382530,74599.8437382530,1,DORA-USDT
2022-01-03 05:00:00,1641157200000,11.4190000000,11.4740000000,11.4190000000,11.4510000000,7349.1961870000,84179.9576509910,84179.9576509910,1,DORA-USDT
2022-01-03 06:00:00,1641160800000,11.4500000000,11.4750000000,11.4030000000,11.4470000000,14875.5289940000,170188.7464927850,170188.7464927850,1,DORA-USDT
2022-01-03 07:00:00,1641164400000,11.4490000000,11.5180000000,11.4330000000,11.4900000000,13742.4075420000,157701.2654145850,157701.2654145850,1,DORA-USDT
2022-01-03 08:00:00,1641168000000,11.4900000000,11.5480000000,11.4530000000,11.5080000000,20743.5112760000,238475.4744507980,238475.4744507980,1,DORA-USDT
2022-01-03 09:00:00,1641171600000,11.5090000000,11.5640000000,11.4120000000,11.4690000000,26592.3502820000,305188.4611666330,305188.4611666330,1,DORA-USDT
2022-01-03 10:00:00,1641175200000,11.4680000000,11.4680000000,11.3640000000,11.4240000000,17622.2024730000,201260.9804166280,201260.9804166280,1,DORA-USDT
2022-01-03 11:00:00,1641178800000,11.4250000000,11.4550000000,11.2900000000,11.3020000000,18039.7232170000,205004.7569301970,205004.7569301970,1,DORA-USDT
2022-01-03 12:00:00,1641182400000,11.3020000000,11.3930000000,11.2870000000,11.3100000000,17910.4971270000,203000.5256808020,203000.5256808020,1,DORA-USDT
2022-01-03 13:00:00,1641186000000,11.3100000000,11.4000000000,11.3030000000,11.3820000000,16026.0064490000,181916.0756157030,181916.0756157030,1,DORA-USDT
2022-01-03 14:00:00,1641189600000,11.3820000000,11.3930000000,11.3110000000,11.3160000000,15071.9160810000,171034.4166640330,171034.4166640330,1,DORA-USDT
2022-01-03 15:00:00,1641193200000,11.3160000000,11.3520000000,11.2930000000,11.3330000000,11488.8607570000,130061.7989147490,130061.7989147490,1,DORA-USDT
2022-01-03 16:00:00,1641196800000,11.3260000000,11.3550000000,11.2910000000,11.3080000000,13837.6768640000,156644.1611033010,156644.1611033010,1,DORA-USDT
2022-01-03 17:00:00,1641200400000,11.3090000000,11.3400000000,11.2790000000,11.3180000000,35810.9757200000,404731.4857519080,404731.4857519080,1,DORA-USDT
2022-01-03 18:00:00,1641204000000,11.3180000000,11.3620000000,11.3150000000,11.3400000000,11090.2501090000,125754.2252824610,125754.2252824610,1,DORA-USDT
2022-01-03 19:00:00,1641207600000,11.3420000000,11.4010000000,11.3420000000,11.4000000000,8465.4302260000,96304.4231630130,96304.4231630130,1,DORA-USDT
2022-01-03 20:00:00,1641211200000,11.4000000000,11.4280000000,11.3670000000,11.3720000000,4612.1927410000,52535.0850359660,52535.0850359660,1,DORA-USDT
2022-01-03 21:00:00,1641214800000,11.3720000000,11.4360000000,11.3720000000,11.4060000000,7551.0424690000,86058.4170940320,86058.4170940320,1,DORA-USDT
2022-01-03 22:00:00,1641218400000,11.4060000000,11.4260000000,11.3000000000,11.3180000000,21360.8115260000,242739.5676059570,242739.5676059570,1,DORA-USDT
2022-01-03 23:00:00,1641222000000,11.3190000000,11.3670000000,11.2760000000,11.3010000000,19706.9323170000,223092.1031425440,223092.1031425440,1,DORA-USDT
2022-01-04 00:00:00,1641225600000,11.3050000000,11.3280000000,11.0530000000,11.1610000000,37977.3649200000,424175.3341777240,424175.3341777240,1,DORA-USDT
2022-01-04 01:00:00,1641229200000,11.1600000000,11.1690000000,11.1050000000,11.1200000000,18668.0116760000,207875.6856963440,207875.6856963440,1,DORA-USDT
2022-01-04 02:00:00,1641232800000,11.1210000000,11.2210000000,11.1010000000,11.1750000000,22728.1163690000,253691.0483318410,253691.0483318410,1,DORA-USDT
2022-01-04 03:00:00,1641236400000,11.1730000000,11.2450000000,11.1280000000,11.1280000000,12964.5030980000,144899.8513381840,144899.8513381840,1,DORA-USDT
2022-01-04 04:00:00,1641240000000,11.1350000000,11.1520000000,11.0000000000,11.0310000000,27061.0583800000,299202.1578378970,299202.1578378970,1,DORA-USDT
2022-01-04 05:00:00,1641243600000,11.0310000000,11.1450000000,11.0200000000,11.0630000000,21624.2277700000,239454.6890424690,239454.6890424690,1,DORA-USDT
2022-01-04 06:00:00,1641247200000,11.0610000000,11.1820000000,11.0610000000,11.1550000000,25820.4581000000,287500.9632561620,287500.9632561620,1,DORA-USDT
2022-01-04 07:00:00,1641250800000,11.1540000000,11.3330000000,11.1060000000,11.2640000000,28728.9240140000,321450.6532362260,321450.6532362260,1,DORA-USDT
2022-01-04 08:00:00,1641254400000,11.2630000000,11.2930000000,11.1540000000,11.1870000000,29135.8071890000,326969.8868552190,326969.8868552190,1,DORA-USDT
2022-01-04 09:00:00,1641258000000,11.1900000000,11.2700000000,11.1390000000,11.1550000000,29147.3660170000,326254.0602470310,326254.0602470310,1,DORA-USDT
2022-01-04 10:00:00,1641261600000,11.1550000000,11.2500000000,11.1150000000,11.2000000000,29261.4189870000,327101.3202168830,327101.3202168830,1,DORA-USDT
2022-01-04 11:00:00,1641265200000,11.1990000000,11.2480000000,11.1740000000,11.2290000000,18328.4215560000,205617.4177517590,205617.4177517590,1,DORA-USDT
2022-01-04 12:00:00,1641268800000,11.2310000000,11.2370000000,11.1350000000,11.1350000000,16239.5805200000,181679.8269067580,181679.8269067580,1,DORA-USDT
2022-01-04 13:00:00,1641272400000,11.1330000000,11.1880000000,11.1200000000,11.1660000000,12185.6818090000,135957.2509368260,135957.2509368260,1,DORA-USDT
2022-01-04 14:00:00,1641276000000,11.1670000000,11.2400000000,11.1500000000,11.2180000000,13740.1946850000,153945.2725203580,153945.2725203580,1,DORA-USDT
2022-01-04 15:00:00,1641279600000,11.2170000000,11.2830000000,11.1730000000,11.2800000000,20314.2446260000,227995.2456590730,227995.2456590730,1,DORA-USDT
2022-01-04 16:00:00,1641283200000,11.2700000000,12.0000000000,11.2480000000,11.5330000000,55585.9218370000,637490.2952513450,637490.2952513450,1,DORA-USDT
2022-01-04 17:00:00,1641286800000,11.5330000000,11.5400000000,11.3520000000,11.3710000000,27405.5796510000,313791.5911327540,313791.5911327540,1,DORA-USDT
2022-01-04 18:00:00,1641290400000,11.3710000000,11.8190000000,11.3710000000,11.6270000000,51078.8025890000,591910.3976649320,591910.3976649320,1,DORA-USDT
2022-01-04 19:00:00,1641294000000,11.6190000000,11.8300000000,11.5680000000,11.7610000000,38920.5931490000,454529.4868523780,454529.4868523780,1,DORA-USDT
2022-01-04 20:00:00,1641297600000,11.7600000000,11.8270000000,11.6450000000,11.7090000000,32296.7522330000,377885.8554151200,377885.8554151200,1,DORA-USDT
2022-01-04 21:00:00,1641301200000,11.7050000000,12.0000000000,11.6900000000,11.9870000000,39769.7558030000,470970.1182576610,470970.1182576610,1,DORA-USDT
2022-01-04 22:00:00,1641304800000,11.9930000000,12.0690000000,11.8220000000,11.9510000000,52462.0582210000,625937.6681368520,625937.6681368520,1,DORA-USDT
2022-01-04 23:00:00,1641308400000,11.9350000000,12.0960000000,11.8880000000,11.9180000000,49208.4050910000,589855.4381253970,589855.4381253970,1,DORA-USDT
2022-01-05 00:00:00,1641312000000,11.9160000000,12.2970000000,11.8360000000,12.2270000000,67298.0670800000,808448.3891483271,808448.3891483271,1,DORA-USDT
2022-01-05 01:00:00,1641315600000,12.2230000000,12.5490000000,12.1470000000,12.4750000000,48928.4090000000,599907.1628428530,599907.1628428530,1,DORA-USDT
2022-01-05 02:00:00,1641319200000,12.4750000000,12.7880000000,12.3180000000,12.4370000000,97569.0492390000,1221223.1981374207,1221223.1981374207,1,DORA-USDT
2022-01-05 03:00:00,1641322800000,12.4360000000,12.4970000000,12.1660000000,12.4360000000,60825.5294840000,750016.1124321050,750016.1124321050,1,DORA-USDT
2022-01-05 04:00:00,1641326400000,12.4340000000,12.4830000000,12.1760000000,12.2840000000,50566.5595130000,623515.2525501680,623515.2525501680,1,DORA-USDT
2022-01-05 05:00:00,1641330000000,12.2800000000,12.3140000000,12.2580000000,12.2830000000,19298.7388450000,237055.4516801990,237055.4516801990,1,DORA-USDT
2022-01-05 06:00:00,1641333600000,12.2830000000,12.3080000000,11.8640000000,11.8960000000,47993.8837800000,577932.7688867759,577932.7688867759,1,DORA-USDT
2022-01-05 07:00:00,1641337200000,11.8950000000,11.8980000000,11.6050000000,11.6460000000,63611.3146880000,746025.3478885019,746025.3478885019,1,DORA-USDT
2022-01-05 08:00:00,1641340800000,11.6370000000,11.6600000000,11.5030000000,11.5250000000,38612.0396020000,446587.3210642490,446587.3210642490,1,DORA-USDT
2022-01-05 09:00:00,1641344400000,11.5130000000,11.8000000000,11.4990000000,11.7270000000,36310.0194530000,422850.3674935760,422850.3674935760,1,DORA-USDT
2022-01-05 10:00:00,1641348000000,11.7250000000,11.8590000000,11.7250000000,11.7910000000,25108.0579010000,296457.5235930690,296457.5235930690,1,DORA-USDT
2022-01-05 11:00:00,1641351600000,11.7920000000,11.9190000000,11.7610000000,11.8890000000,31123.0558400000,369244.1972874880,369244.1972874880,1,DORA-USDT
2022-01-05 12:00:00,1641355200000,11.8880000000,11.9130000000,11.7250000000,11.8380000000,31931.9193540000,376948.0891218730,376948.0891218730,1,DORA-USDT
2022-01-05 13:00:00,1641358800000,11.8370000000,11.8520000000,11.5340000000,11.6390000000,40937.7932950000,478219.9252464230,478219.9252464230,1,DORA-USDT
2022-01-05 14:00:00,1641362400000,11.6150000000,11.8750000000,11.6040000000,11.7230000000,47352.8318980000,555680.0353063199,555680.0353063199,1,DORA-USDT
2022-01-05 15:00:00,1641366000000,11.7210000000,11.7620000000,11.5480000000,11.7470000000,42321.5225190000,494241.0362347140,494241.0362347140,1,DORA-USDT
2022-01-05 16:00:00,1641369600000,11.7460000000,11.8080000000,11.6500000000,11.7090000000,29372.6972830000,343973.5779779710,343973.5779779710,1,DORA-USDT
2022-01-05 17:00:00,1641373200000,11.7020000000,11.7810000000,11.6800000000,11.7800000000,23451.0642440000,275317.8999549640,275317.8999549640,1,DORA-USDT
2022-01-05 18:00:00,1641376800000,11.7800000000,11.8700000000,11.7320000000,11.7650000000,31534.3935670000,372073.6266828170,372073.6266828170,1,DORA-USDT
2022-01-05 19:00:00,1641380400000,11.7670000000,11.7890000000,11.6820000000,11.7380000000,30109.8193280000,353472.6105161500,353472.6105161500,1,DORA-USDT
2022-01-05 20:00:00,1641384000000,11.7380000000,11.9140000000,11.7220000000,11.8730000000,41251.0748760000,487951.2640502400,487951.2640502400,1,DORA-USDT
2022-01-05 21:00:00,1641387600000,11.8740000000,11.9160000000,11.7950000000,11.8200000000,25305.5003580000,299604.2449081050,299604.2449081050,1,DORA-USDT
2022-01-05 22:00:00,1641391200000,11.8210000000,11.8840000000,11.7950000000,11.8500000000,24602.9625770000,291035.1692458950,291035.1692458950,1,DORA-USDT
2022-01-05 23:00:00,1641394800000,11.8500000000,11.9380000000,11.8450000000,11.8750000000,27058.1752850000,321535.9779364340,321535.9779364340,1,DORA-USDT
2022-01-06 00:00:00,1641398400000,11.8760000000,11.9420000000,11.7920000000,11.8080000000,26555.7937090000,314747.9191845120,314747.9191845120,1,DORA-USDT
2022-01-06 01:00:00,1641402000000,11.8090000000,11.8840000000,11.6830000000,11.7270000000,30401.3696430000,358116.0121846040,358116.0121846040,1,DORA-USDT
2022-01-06 02:00:00,1641405600000,11.7220000000,11.8850000000,11.5700000000,11.6970000000,55287.0422940000,646924.4689494390,646924.4689494390,1,DORA-USDT
2022-01-06 03:00:00,1641409200000,11.6970000000,11.7250000000,11.3540000000,11.3720000000,60695.7922570000,701272.0796050300,701272.0796050300,1,DORA-USDT
2022-01-06 04:00:00,1641412800000,11.3720000000,11.4660000000,10.9020000000,10.9700000000,69429.7524980000,773053.8979514920,773053.8979514920,1,DORA-USDT
2022-01-06 05:00:00,1641416400000,10.9700000000,11.0030000000,10.4000000000,10.8280000000,53612.9358060000,581875.3812983090,581875.3812983090,1,DORA-USDT
2022-01-06 06:00:00,1641420000000,10.8130000000,10.8520000000,10.3000000000,10.6070000000,104486.5323590000,1103512.9472896401,1103512.9472896401,1,DORA-USDT
2022-01-06 07:00:00,1641423600000,10.6060000000,10.6590000000,10.4120000000,10.5150000000,72494.6662930000,762929.1973524611,762929.1973524611,1,DORA-USDT
2022-01-06 08:00:00,1641427200000,10.5250000000,10.6560000000,10.3630000000,10.5690000000,53256.3174480000,562031.4220217071,562031.4220217071,1,DORA-USDT
2022-01-06 09:00:00,1641430800000,10.5730000000,10.6770000000,10.3260000000,10.3850000000,69025.5592640000,723064.2471568130,723064.2471568130,1,DORA-USDT
2022-01-06 10:00:00,1641434400000,10.3780000000,10.4040000000,9.8600000000,10.0400000000,110221.6930820000,1112409.9107495740,1112409.9107495740,1,DORA-USDT
2022-01-06 11:00:00,1641438000000,10.0440000000,10.0980000000,9.8300000000,9.8800000000,57231.8264640000,571022.9831603700,571022.9831603700,1,DORA-USDT
2022-01-06 12:00:00,1641441600000,9.8800000000,10.1790000000,9.8420000000,10.1020000000,84993.7567270000,853173.4107526980,853173.4107526980,1,DORA-USDT
2022-01-06 13:00:00,1641445200000,10.1050000000,10.1520000000,9.9250000000,9.9940000000,76872.8918430000,771449.7770591660,771449.7770591660,1,DORA-USDT
2022-01-06 14:00:00,1641448800000,10.0000000000,10.3490000000,9.9450000000,10.1660000000,83575.7173130000,851232.0615446951,851232.0615446951,1,DORA-USDT
2022-01-06 15:00:00,1641452400000,10.1740000000,10.3310000000,10.1360000000,10.2750000000,48828.1334850000,500641.8960786320,500641.8960786320,1,DORA-USDT
2022-01-06 16:00:00,1641456000000,10.2770000000,10.5660000000,10.2580000000,10.4600000000,57899.3894570000,601344.0652614530,601344.0652614530,1,DORA-USDT
2022-01-06 17:00:00,1641459600000,10.4550000000,10.5370000000,10.0740000000,10.1380000000,67912.0033950000,698311.1317463450,698311.1317463450,1,DORA-USDT
2022-01-06 18:00:00,1641463200000,10.1350000000,10.3310000000,10.1350000000,10.2950000000,42957.1865180000,439939.5596039380,439939.5596039380,1,DORA-USDT
2022-01-06 19:00:00,1641466800000,10.2960000000,10.3390000000,10.1920000000,10.2810000000,28430.0469220000,291427.1706461480,291427.1706461480,1,DORA-USDT
2022-01-06 20:00:00,1641470400000,10.2810000000,10.3500000000,10.1580000000,10.3430000000,31242.0106550000,320383.7072518740,320383.7072518740,1,DORA-USDT
2022-01-06 21:00:00,1641474000000,10.3500000000,10.5100000000,10.2770000000,10.4590000000,40498.2342690000,419809.9822085830,419809.9822085830,1,DORA-USDT
2022-01-06 22:00:00,1641477600000,10.4630000000,10.4900000000,10.2760000000,10.3140000000,32856.5559740000,340406.2314254410,340406.2314254410,1,DORA-USDT
2022-01-06 23:00:00,1641481200000,10.3170000000,10.3280000000,9.9560000000,9.9980000000,62239.8653560000,629986.5400566380,629986.5400566380,1,DORA-USDT
2022-01-07 00:00:00,1641484800000,10.0010000000,10.0250000000,9.7860000000,9.9660000000,42356.9809060000,420189.5732999520,420189.5732999520,1,DORA-USDT
2022-01-07 01:00:00,1641488400000,9.9620000000,10.0270000000,9.8490000000,10.0040000000,32840.1644660000,326792.7800376280,326792.7800376280,1,DORA-USDT
2022-01-07 02:00:00,1641492000000,10.0040000000,10.0920000000,9.9780000000,10.0550000000,31200.2819150000,312939.5038841260,312939.5038841260,1,DORA-USDT
2022-01-07 03:00:00,1641495600000,10.0540000000,10.0540000000,9.9810000000,10.0420000000,19765.7676780000,197982.3140733960,197982.3140733960,1,DORA-USDT
2022-01-07 04:00:00,1641499200000,10.0430000000,10.0840000000,9.9380000000,10.0520000000,33083.3598560000,331025.7012368940,331025.7012368940,1,DORA-USDT
2022-01-07 05:00:00,1641502800000,10.0500000000,10.0720000000,9.9420000000,9.9970000000,28711.2921840000,286957.1466608840,286957.1466608840,1,DORA-USDT
2022-01-07 06:00:00,1641506400000,9.9960000000,10.0080000000,9.9060000000,9.9750000000,36442.1889700000,362884.2688212640,362884.2688212640,1,DORA-USDT
2022-01-07 07:00:00,1641510000000,9.9730000000,10.0750000000,9.9080000000,10.0150000000,32931.2010100000,328706.9088772920,328706.9088772920,1,DORA-USDT
2022-01-07 08:00:00,1641513600000,10.0070000000,10.0550000000,9.9010000000,9.9120000000,24975.6235730000,248629.6599274580,248629.6599274580,1,DORA-USDT
2022-01-07 09:00:00,1641517200000,9.9130000000,9.9480000000,9.8800000000,9.8980000000,19038.2149070000,188652.5119555390,188652.5119555390,1,DORA-USDT
2022-01-07 10:00:00,1641520800000,9.8990000000,9.9140000000,9.8050000000,9.8280000000,24704.9181840000,243541.5956346560,243541.5956346560,1,DORA-USDT
2022-01-07 11:00:00,1641524400000,9.8290000000,9.8600000000,9.1640000000,9.2540000000,88712.4274510000,840422.5684483750,840422.5684483750,1,DORA-USDT
2022-01-07 12:00:00,1641528000000,9.2530000000,9.2710000000,8.8980000000,9.2260000000,77899.3856110000,708770.3252871780,708770.3252871780,1,DORA-USDT
2022-01-07 13:00:00,1641531600000,9.2250000000,9.2900000000,9.1630000000,9.2180000000,34197.8590580000,315482.1070063660,315482.1070063660,1,DORA-USDT
2022-01-07 14:00:00,1641535200000,9.2180000000,9.2470000000,9.0270000000,9.0620000000,35392.4627700000,322247.6913609610,322247.6913609610,1,DORA-USDT
2022-01-07 15:00:00,1641538800000,9.0640000000,9.1950000000,8.9420000000,9.1820000000,47111.0163910000,427444.5616238290,427444.5616238290,1,DORA-USDT
2022-01-07 16:00:00,1641542400000,9.1930000000,9.3150000000,9.0460000000,9.2250000000,43012.6950830000,396661.9944505160,396661.9944505160,1,DORA-USDT
2022-01-07 17:00:00,1641546000000,9.2200000000,9.4280000000,9.2140000000,9.3690000000,36545.4043420000,341605.3734888930,341605.3734888930,1,DORA-USDT
2022-01-07 18:00:00,1641549600000,9.3700000000,9.4020000000,9.2600000000,9.2750000000,25873.2079140000,241271.7415631040,241271.7415631040,1,DORA-USDT
2022-01-07 19:00:00,1641553200000,9.2810000000,9.3820000000,9.2570000000,9.2910000000,32588.2010360000,303594.4514235850,303594.4514235850,1,DORA-USDT
2022-01-07 20:00:00,1641556800000,9.2910000000,9.3910000000,9.2800000000,9.3340000000,29201.7669950000,272640.5977012430,272640.5977012430,1,DORA-USDT
2022-01-07 21:00:00,1641560400000,9.3370000000,9.3600000000,9.0760000000,9.1740000000,71178.3050140000,656229.7834692950,656229.7834692950,1,DORA-USDT
2022-01-07 22:00:00,1641564000000,9.1740000000,9.2460000000,9.0960000000,9.1950000000,45232.8519620000,415046.6454411710,415046.6454411710,1,DORA-USDT
2022-01-07 23:00:00,1641567600000,9.1980000000,9.2080000000,8.8630000000,9.0470000000,67955.6248150000,615705.5682109030,615705.5682109030,1,DORA-USDT
2022-01-08 00:00:00,1641571200000,9.0540000000,9.5270000000,8.9240000000,9.4450000000,89552.2071180000,822485.8186670300,822485.8186670300,1,DORA-USDT
2022-01-08 01:00:00,1641574800000,9.4510000000,9.5460000000,9.2800000000,9.5290000000,43505.5884140000,408183.1319122760,408183.1319122760,1,DORA-USDT
2022-01-08 02:00:00,1641578400000,9.5270000000,9.5450000000,9.3640000000,9.5320000000,43083.8564020000,407562.9401580590,407562.9401580590,1,DORA-USDT
2022-01-08 03:00:00,1641582000000,9.5430000000,9.6980000000,9.4680000000,9.6370000000,47294.7986970000,452651.4018370330,452651.4018370330,1,DORA-USDT
2022-01-08 04:00:00,1641585600000,9.6480000000,9.7010000000,9.5020000000,9.6700000000,41798.8252140000,401308.8553451250,401308.8553451250,1,DORA-USDT
2022-01-08 05:00:00,1641589200000,9.6710000000,9.7100000000,9.5790000000,9.5990000000,26942.4970740000,259408.1992467300,259408.1992467300,1,DORA-USDT
2022-01-08 06:00:00,1641592800000,9.6010000000,9.6100000000,9.4700000000,9.5120000000,28557.1985260000,272274.3310704800,272274.3310704800,1,DORA-USDT
2022-01-08 07:00:00,1641596400000,9.5130000000,9.6000000000,9.4350000000,9.5980000000,24580.1954110000,233669.3853910280,233669.3853910280,1,DORA-USDT
2022-01-08 08:00:00,1641600000000,9.5990000000,9.8100000000,9.5320000000,9.8040000000,40585.2880500000,391504.1145091750,391504.1145091750,1,DORA-USDT
2022-01-08 09:00:00,1641603600000,9.8020000000,9.8950000000,9.6990000000,9.7320000000,39893.4728540000,390025.1596728000,390025.1596728000,1,DORA-USDT
2022-01-08 10:00:00,1641607200000,9.7260000000,9.7560000000,9.5860000000,9.6650000000,27276.0849070000,263433.0672808600,263433.0672808600,1,DORA-USDT
2022-01-08 11:00:00,1641610800000,9.6640000000,9.7080000000,9.5700000000,9.6270000000,29743.9713770000,286148.1244895550,286148.1244895550,1,DORA-USDT
2022-01-08 12:00:00,1641614400000,9.6290000000,9.7850000000,9.6280000000,9.7300000000,31246.2316590000,303646.4970479370,303646.4970479370,1,DORA-USDT
2022-01-08 13:00:00,1641618000000,9.7320000000,9.7570000000,9.7090000000,9.7280000000,21292.3744190000,207144.7800958580,207144.7800958580,1,DORA-USDT
2022-01-08 14:00:00,1641621600000,9.7280000000,9.7640000000,9.6500000000,9.7230000000,24178.5902910000,234480.6357943130,234480.6357943130,1,DORA-USDT
2022-01-08 15:00:00,1641625200000,9.7230000000,9.7970000000,9.7020000000,9.7520000000,27735.6735340000,270057.0965144670,270057.0965144670,1,DORA-USDT
2022-01-08 16:00:00,1641628800000,9.7460000000,9.8020000000,9.6730000000,9.7220000000,26545.8670100000,258374.4868122560,258374.4868122560,1,DORA-USDT
2022-01-08 17:00:00,1641632400000,9.7200000000,9.7930000000,9.7100000000,9.7860000000,24798.2856610000,241925.0495047310,241925.0495047310,1,DORA-USDT
2022-01-08 18:00:00,1641636000000,9.7860000000,9.8250000000,9.6500000000,9.6900000000,33819.8301760000,329613.4110657890,329613.4110657890,1,DORA-USDT
2022-01-08 19:00:00,1641639600000,9.6920000000,9.7650000000,9.6480000000,9.7010000000,25774.8688640000,249764.8775692570,249764.8775692570,1,DORA-USDT
2022-01-08 20:00:00,1641643200000,9.7010000000,9.7470000000,9.5390000000,9.5640000000,33721.7621900000,325664.7871061500,325664.7871061500,1,DORA-USDT
2022-01-08 21:00:00,1641646800000,9.5580000000,9.5930000000,9.2820000000,9.2970000000,44870.0314370000,421811.7393644570,421811.7393644570,1,DORA-USDT
2022-01-08 22:00:00,1641650400000,9.2960000000,9.3090000000,9.0650000000,9.0670000000,36883.2884810000,338132.9507604990,338132.9507604990,1,DORA-USDT
2022-01-08 23:00:00,1641654000000,9.0660000000,9.1260000000,9.0000000000,9.0820000000,38046.7755230000,343994.4138492280,343994.4138492280,1,DORA-USDT
2022-01-09 00:00:00,1641657600000,9.0810000000,9.0860000000,8.8250000000,8.8620000000,45580.4650700000,409354.0180521560,409354.0180521560,1,DORA-USDT
2022-01-09 01:00:00,1641661200000,8.8620000000,8.8930000000,8.5540000000,8.5540000000,57661.9140880000,501543.2690971040,501543.2690971040,1,DORA-USDT
2022-01-09 02:00:00,1641664800000,8.5530000000,8.7440000000,8.4250000000,8.5150000000,89388.9853800000,767043.4056174461,767043.4056174461,1,DORA-USDT
2022-01-09 03:00:00,1641668400000,8.5150000000,8.5850000000,8.4430000000,8.5320000000,59733.4793940000,507619.3008932320,507619.3008932320,1,DORA-USDT
2022-01-09 04:00:00,1641672000000,8.5420000000,8.5770000000,8.4220000000,8.5110000000,41496.9797790000,352694.7717860550,352694.7717860550,1,DORA-USDT
2022-01-09 05:00:00,1641675600000,8.5120000000,8.7540000000,8.4920000000,8.7030000000,51081.5028160000,440661.5669897860,440661.5669897860,1,DORA-USDT
2022-01-09 06:00:00,1641679200000,8.7070000000,8.8100000000,8.6640000000,8.7620000000,46376.6054290000,405257.4880737890,405257.4880737890,1,DORA-USDT
2022-01-09 07:00:00,1641682800000,8.7630000000,8.7760000000,8.6390000000,8.6690000000,39584.4629010000,345033.4226038960,345033.4226038960,1,DORA-USDT
2022-01-09 08:00:00,1641686400000,8.6690000000,8.8220000000,8.6110000000,8.8190000000,42286.9215020000,367776.2614026940,367776.2614026940,1,DORA-USDT
2022-01-09 09:00:00,1641690000000,8.8190000000,8.8190000000,8.6770000000,8.7560000000,40434.0555930000,353318.0725355790,353318.0725355790,1,DORA-USDT
2022-01-09 10:00:00,1641693600000,8.7440000000,8.9280000000,8.7260000000,8.8940000000,32200.3992620000,284577.4325420830,284577.4325420830,1,DORA-USDT
2022-01-09 11:00:00,1641697200000,8.8920000000,8.9010000000,8.3890000000,8.5910000000,107838.0864440000,925691.0204748500,925691.0204748500,1,DORA-USDT
2022-01-09 12:00:00,1641700800000,8.5910000000,8.7540000000,8.5590000000,8.7170000000,33646.9164400000,291283.8186107920,291283.8186107920,1,DORA-USDT
2022-01-09 13:00:00,1641704400000,8.7180000000,8.7430000000,8.5380000000,8.5630000000,41223.6370720000,355780.7919544270,355780.7919544270,1,DORA-USDT
2022-01-09 14:00:00,1641708000000,8.5630000000,8.5790000000,8.4360000000,8.5300000000,37006.9158460000,315530.1245937040,315530.1245937040,1,DORA-USDT
2022-01-09 15:00:00,1641711600000,8.5320000000,8.5690000000,8.4650000000,8.4760000000,28873.7506310000,245710.1358136950,245710.1358136950,1,DORA-USDT
2022-01-09 16:00:00,1641715200000,8.4810000000,8.5200000000,8.3510000000,8.3820000000,36470.5410970000,307450.2423085000,307450.2423085000,1,DORA-USDT
2022-01-09 17:00:00,1641718800000,8.3820000000,8.4020000000,8.2420000000,8.2780000000,35397.5968180000,294636.3545276480,294636.3545276480,1,DORA-USDT
2022-01-09 18:00:00,1641722400000,8.2780000000,8.3710000000,8.2330000000,8.3130000000,34489.5262950000,285964.3017736780,285964.3017736780,1,DORA-USDT
2022-01-09 19:00:00,1641726000000,8.3160000000,8.4230000000,8.2930000000,8.4030000000,31685.7626370000,264807.6146565220,264807.6146565220,1,DORA-USDT
2022-01-09 20:00:00,1641729600000,8.4030000000,8.4340000000,8.2970000000,8.3460000000,32009.9017020000,267533.4520611240,267533.4520611240,1,DORA-USDT
2022-01-09 21:00:00,1641733200000,8.3500000000,8.6340000000,8.3200000000,8.3700000000,57689.6595540000,486274.1005466670,486274.1005466670,1,DORA-USDT
2022-01-09 22:00:00,1641736800000,8.3710000000,8.4280000000,8.3300000000,8.3750000000,31910.7480480000,267366.5998619710,267366.5998619710,1,DORA-USDT
2022-01-09 23:00:00,1641740400000,8.3730000000,8.3900000000,8.2510000000,8.3410000000,46749.9598660000,389382.9333690820,389382.9333690820,1,DORA-USDT
2022-01-10 00:00:00,1641744000000,8.3390000000,8.4350000000,8.2610000000,8.4350000000,50598.6734580000,422309.2429214890,422309.2429214890,1,DORA-USDT
2022-01-10 01:00:00,1641747600000,8.4420000000,8.5100000000,8.3750000000,8.4910000000,44209.8897650000,373542.0500787460,373542.0500787460,1,DORA-USDT
2022-01-10 02:00:00,1641751200000,8.4920000000,8.6410000000,8.4240000000,8.4460000000,32812.1182170000,279273.4443582040,279273.4443582040,1,DORA-USDT
2022-01-10 03:00:00,1641754800000,8.4440000000,8.5350000000,8.3480000000,8.4640000000,37171.5647990000,314287.0912169890,314287.0912169890,1,DORA-USDT
2022-01-10 04:00:00,1641758400000,8.4610000000,8.5120000000,8.3980000000,8.4160000000,27241.2233830000,230162.7037666680,230162.7037666680,1,DORA-USDT
2022-01-10 05:00:00,1641762000000,8.4160000000,8.4430000000,8.3430000000,8.3560000000,24014.8794730000,201587.5065773420,201587.5065773420,1,DORA-USDT
2022-01-10 06:00:00,1641765600000,8.3560000000,8.4290000000,8.2840000000,8.2920000000,26341.0848840000,220021.4481177420,220021.4481177420,1,DORA-USDT
2022-01-10 07:00:00,1641769200000,8.2960000000,8.3260000000,8.2020000000,8.2580000000,30407.3127420000,250938.7619725660,250938.7619725660,1,DORA-USDT
2022-01-10 08:00:00,1641772800000,8.2580000000,8.3290000000,8.2060000000,8.2060000000,47880.0999970000,395378.8341067450,395378.8341067450,1,DORA-USDT
2022-01-10 09:00:00,1641776400000,8.2070000000,8.2430000000,8.1750000000,8.2350000000,30721.4642200000,252331.6654193090,252331.6654193090,1,DORA-USDT
2022-01-10 10:00:00,1641780000000,8.2340000000,8.2380000000,8.1850000000,8.2050000000,19672.6520210000,161564.3785504710,161564.3785504710,1,DORA-USDT
2022-01-10 11:00:00,1641783600000,8.2100000000,8.2590000000,8.1950000000,8.2480000000,16752.7734170000,137821.3040342630,137821.3040342630,1,DORA-USDT
2022-01-10 12:00:00,1641787200000,8.2490000000,8.3400000000,8.2410000000,8.3190000000,29091.6925840000,241325.0683674830,241325.0683674830,1,DORA-USDT
2022-01-10 13:00:00,1641790800000,8.3190000000,8.4000000000,8.2550000000,8.2950000000,31658.8843310000,263518.8105058050,263518.8105058050,1,DORA-USDT
2022-01-10 14:00:00,1641794400000,8.2920000000,8.3160000000,8.2510000000,8.2710000000,23334.9574920000,193258.5287555620,193258.5287555620,1,DORA-USDT
2022-01-10 15:00:00,1641798000000,8.2710000000,8.3700000000,8.2360000000,8.2660000000,37168.1532240000,308121.0216043800,308121.0216043800,1,DORA-USDT
2022-01-10 16:00:00,1641801600000,8.2710000000,8.2900000000,7.9150000000,8.0160000000,83047.0935170000,669829.8397519439,669829.8397519439,1,DORA-USDT
2022-01-10 17:00:00,1641805200000,8.0160000000,8.0160000000,7.9120000000,7.9230000000,23264.9768690000,185157.0361654660,185157.0361654660,1,DORA-USDT
2022-01-10 18:00:00,1641808800000,7.9230000000,8.1460000000,7.7780000000,7.7790000000,46959.2647910000,370262.1739934810,370262.1739934810,1,DORA-USDT
2022-01-10 19:00:00,1641812400000,7.7780000000,7.7950000000,7.6530000000,7.7740000000,48305.8929280000,373971.1399535270,373971.1399535270,1,DORA-USDT
2022-01-10 20:00:00,1641816000000,7.7760000000,7.8120000000,7.5000000000,7.5060000000,61849.3241840000,473394.3476159120,473394.3476159120,1,DORA-USDT
2022-01-10 21:00:00,1641819600000,7.5040000000,7.7280000000,7.5000000000,7.5520000000,73487.2459560000,559974.9320117180,559974.9320117180,1,DORA-USDT
2022-01-10 22:00:00,1641823200000,7.5460000000,7.6220000000,7.2410000000,7.5190000000,129524.9184910000,966268.5729567790,966268.5729567790,1,DORA-USDT
2022-01-10 23:00:00,1641826800000,7.5190000000,7.5440000000,7.3230000000,7.4940000000,91453.7322860000,680608.2261145590,680608.2261145590,1,DORA-USDT
2022-01-11 00:00:00,1641830400000,7.4970000000,7.5910000000,7.2950000000,7.3760000000,110658.8782980000,824828.0968390480,824828.0968390480,1,DORA-USDT
2022-01-11 01:00:00,1641834000000,7.3660000000,7.5200000000,7.2070000000,7.3110000000,86939.8966570000,639279.8212860260,639279.8212860260,1,DORA-USDT
2022-01-11 02:00:00,1641837600000,7.3130000000,7.4780000000,7.2890000000,7.3050000000,54911.4024510000,404681.0904444490,404681.0904444490,1,DORA-USDT
2022-01-11 03:00:00,1641841200000,7.3050000000,7.4090000000,7.2400000000,7.2680000000,49508.9598760000,361707.4961468510,361707.4961468510,1,DORA-USDT
2022-01-11 04:00:00,1641844800000,7.2680000000,7.2830000000,7.2000000000,7.2520000000,32065.5889160000,232379.8879678870,232379.8879678870,1,DORA-USDT
2022-01-11 05:00:00,1641848400000,7.2530000000,7.2550000000,7.1330000000,7.1770000000,28024.3203930000,201543.6364456730,201543.6364456730,1,DORA-USDT
2022-01-11 06:00:00,1641852000000,7.1780000000,7.2130000000,7.1420000000,7.1790000000,29986.2025480000,215389.9958616320,215389.9958616320,1,DORA-USDT
2022-01-11 07:00:00,1641855600000,7.1760000000,7.2180000000,7.1630000000,7.1960000000,20255.3907320000,145676.0976034800,145676.0976034800,1,DORA-USDT
2022-01-11 08:00:00,1641859200000,7.2020000000,7.2660000000,7.1540000000,7.1700000000,42179.9240350000,304638.5685837320,304638.5685837320,1,DORA-USDT
2022-01-11 09:00:00,1641862800000,7.1680000000,7.3860000000,7.1680000000,7.3670000000,50846.3107270000,371248.0812229400,371248.0812229400,1,DORA-USDT
2022-01-11 10:00:00,1641866400000,7.3730000000,7.5900000000,7.3250000000,7.4890000000,63626.4729630000,476657.4077710530,476657.4077710530,1,DORA-USDT
2022-01-11 11:00:00,1641870000000,7.4890000000,7.7170000000,7.4770000000,7.7130000000,49737.9423010000,378101.3215413380,378101.3215413380,1,DORA-USDT
2022-01-11 12:00:00,1641873600000,7.7170000000,7.7260000000,7.6070000000,7.6490000000,40562.5595720000,311053.6487682010,311053.6487682010,1,DORA-USDT
2022-01-11 13:00:00,1641877200000,7.6510000000,7.6610000000,7.4880000000,7.5150000000,48292.4558480000,365615.8276677530,365615.8276677530,1,DORA-USDT
2022-01-11 14:00:00,1641880800000,7.5160000000,7.5780000000,7.5030000000,7.5420000000,28631.1846430000,215978.3435134150,215978.3435134150,1,DORA-USDT
2022-01-11 15:00:00,1641884400000,7.5450000000,7.7390000000,7.5420000000,7.7150000000,45765.3963690000,349384.1549733260,349384.1549733260,1,DORA-USDT
2022-01-11 16:00:00,1641888000000,7.7170000000,7.7530000000,7.5870000000,7.6340000000,48943.4213020000,375608.2832459430,375608.2832459430,1,DORA-USDT
2022-01-11 17:00:00,1641891600000,7.6350000000,7.6810000000,7.5950000000,7.6150000000,34394.7062380000,262701.0482528350,262701.0482528350,1,DORA-USDT
2022-01-11 18:00:00,1641895200000,7.6140000000,7.6510000000,7.5790000000,7.5990000000,26371.4500130000,200871.1979706680,200871.1979706680,1,DORA-USDT
2022-01-11 19:00:00,1641898800000,7.5990000000,7.7100000000,7.5830000000,7.6750000000,37894.8011130000,289828.0627370770,289828.0627370770,1,DORA-USDT
2022-01-11 20:00:00,1641902400000,7.6720000000,7.7530000000,7.6240000000,7.6490000000,58806.0444490000,451886.7640113360,451886.7640113360,1,DORA-USDT
2022-01-11 21:00:00,1641906000000,7.6460000000,7.7530000000,7.5000000000,7.5570000000,40288.7988290000,306590.6780478660,306590.6780478660,1,DORA-USDT
2022-01-11 22:00:00,1641909600000,7.5560000000,7.6580000000,7.4580000000,7.5120000000,53470.8556410000,403004.6820030750,403004.6820030750,1,DORA-USDT
2022-01-11 23:00:00,1641913200000,7.5120000000,7.6140000000,7.4560000000,7.5090000000,56401.1455440000,423793.4374368290,423793.4374368290,1,DORA-USDT
2022-01-12 00:00:00,1641916800000,7.5080000000,7.8200000000,7.4640000000,7.7690000000,58907.4433950000,450980.6932571520,450980.6932571520,1,DORA-USDT
2022-01-12 01:00:00,1641920400000,7.7730000000,7.9020000000,7.7030000000,7.7850000000,48720.6066500000,379771.6815915510,379771.6815915510,1,DORA-USDT
2022-01-12 02:00:00,1641924000000,7.7810000000,7.7810000000,7.7160000000,7.7570000000,19309.0617120000,149739.4024906250,149739.4024906250,1,DORA-USDT
2022-01-12 03:00:00,1641927600000,7.7570000000,7.7960000000,7.6850000000,7.7780000000,19498.2349420000,151246.2747465240,151246.2747465240,1,DORA-USDT
2022-01-12 04:00:00,1641931200000,7.7780000000,7.8500000000,7.7580000000,7.8350000000,31696.1293360000,247413.6363623890,247413.6363623890,1,DORA-USDT
2022-01-12 05:00:00,1641934800000,7.8320000000,7.8470000000,7.7710000000,7.8270000000,22533.0843650000,176168.3838223190,176168.3838223190,1,DORA-USDT
2022-01-12 06:00:00,1641938400000,7.8260000000,7.8530000000,7.7860000000,7.8310000000,25089.9490570000,196203.3938080540,196203.3938080540,1,DORA-USDT
2022-01-12 07:00:00,1641942000000,7.8290000000,7.9080000000,7.8190000000,7.8640000000,25937.8233870000,204025.9253124420,204025.9253124420,1,DORA-USDT
2022-01-12 08:00:00,1641945600000,7.8630000000,7.9870000000,7.8460000000,7.9520000000,47049.3745370000,371561.9606233790,371561.9606233790,1,DORA-USDT
2022-01-12 09:00:00,1641949200000,7.9470000000,7.9900000000,7.9010000000,7.9240000000,27183.2560220000,215692.7274135740,215692.7274135740,1,DORA-USDT
2022-01-12 10:00:00,1641952800000,7.9280000000,8.0000000000,7.8090000000,7.8910000000,53090.8743980000,420715.5867026270,420715.5867026270,1,DORA-USDT
2022-01-12 11:00:00,1641956400000,7.8930000000,8.0000000000,7.8470000000,7.9800000000,24171.0671220000,191711.5415323880,191711.5415323880,1,DORA-USDT
2022-01-12 12:00:00,1641960000000,7.9800000000,8.0000000000,7.9360000000,7.9600000000,21355.2175750000,170230.8259476410,170230.8259476410,1,DORA-USDT
2022-01-12 13:00:00,1641963600000,7.9590000000,8.0000000000,7.9340000000,7.9750000000,20758.0046080000,165482.5380620090,165482.5380620090,1,DORA-USDT
2022-01-12 14:00:00,1641967200000,7.9750000000,8.2320000000,7.9750000000,8.2030000000,42174.3097800000,342847.3937615810,342847.3937615810,1,DORA-USDT
2022-01-12 15:00:00,1641970800000,8.2030000000,8.2170000000,8.0830000000,8.1690000000,35191.6625320000,286878.1481196660,286878.1481196660,1,DORA-USDT
2022-01-12 16:00:00,1641974400000,8.1730000000,8.2320000000,8.1190000000,8.1300000000,23318.9368240000,190617.9053501860,190617.9053501860,1,DORA-USDT
2022-01-12 17:00:00,1641978000000,8.1280000000,8.2420000000,8.1250000000,8.1990000000,44613.1821600000,364564.8812711550,364564.8812711550,1,DORA-USDT
2022-01-12 18:00:00,1641981600000,8.1910000000,8.2180000000,8.1350000000,8.1480000000,24312.9584190000,198893.7417570160,198893.7417570160,1,DORA-USDT
2022-01-12 19:00:00,1641985200000,8.1470000000,8.2950000000,8.1280000000,8.1900000000,41077.6653250000,337170.1437545430,337170.1437545430,1,DORA-USDT
2022-01-12 20:00:00,1641988800000,8.1920000000,8.3160000000,8.1540000000,8.2850000000,29834.7799260000,246152.8874288110,246152.8874288110,1,DORA-USDT
2022-01-12 21:00:00,1641992400000,8.2870000000,8.3920000000,8.2620000000,8.3440000000,35538.7457480000,295834.5497731820,295834.5497731820,1,DORA-USDT
2022-01-12 22:00:00,1641996000000,8.3450000000,8.3520000000,8.2860000000,8.3430000000,29530.6080610000,245597.5156069000,245597.5156069000,1,DORA-USDT
2022-01-12 23:00:00,1641999600000,8.3430000000,8.4290000000,8.2550000000,8.2960000000,37136.8176710000,308880.3891039460,308880.3891039460,1,DORA-USDT
2022-01-13 00:00:00,1642003200000,8.2990000000,8.3340000000,8.1820000000,8.2250000000,35242.8894880000,290462.5832891230,290462.5832891230,1,DORA-USDT
2022-01-13 01:00:00,1642006800000,8.2260000000,8.2600000000,8.1680000000,8.1950000000,27487.9577920000,225677.5503405080,225677.5503405080,1,DORA-USDT
2022-01-13 02:00:00,1642010400000,8.1940000000,8.2300000000,8.1360000000,8.1490000000,22434.1130890000,183653.3801761140,183653.3801761140,1,DORA-USDT
2022-01-13 03:00:00,1642014000000,8.1500000000,8.1640000000,8.1120000000,8.1370000000,21996.8242860000,178969.1370076310,178969.1370076310,1,DORA-USDT
2022-01-13 04:00:00,1642017600000,8.1370000000,8.1970000000,8.0920000000,8.1460000000,23505.4776180000,191702.6543337080,191702.6543337080,1,DORA-USDT
2022-01-13 05:00:00,1642021200000,8.1500000000,8.2450000000,8.1100000000,8.1360000000,29530.3119570000,241097.7389769840,241097.7389769840,1,DORA-USDT
2022-01-13 06:00:00,1642024800000,8.1370000000,8.2120000000,8.1100000000,8.1420000000,22038.5106930000,179790.1837413540,179790.1837413540,1,DORA-USDT
2022-01-13 07:00:00,1642028400000,8.1420000000,8.2280000000,8.1130000000,8.2020000000,20323.5589880000,166243.4940468510,166243.4940468510,1,DORA-USDT
2022-01-13 08:00:00,1642032000000,8.2000000000,8.3590000000,8.1840000000,8.2210000000,48241.2632900000,398782.9499954460,398782.9499954460,1,DORA-USDT
2022-01-13 09:00:00,1642035600000,8.2200000000,8.3170000000,7.9660000000,8.0310000000,52325.7329290000,427207.3765834190,427207.3765834190,1,DORA-USDT
2022-01-13 10:00:00,1642039200000,8.0350000000,8.1470000000,8.0280000000,8.0940000000,33604.3779820000,272016.1700524480,272016.1700524480,1,DORA-USDT
2022-01-13 11:00:00,1642042800000,8.0930000000,8.1830000000,8.0320000000,8.1470000000,31432.1764870000,254996.4808508350,254996.4808508350,1,DORA-USDT
2022-01-13 12:00:00,1642046400000,8.1490000000,8.2410000000,8.1400000000,8.1900000000,26975.3143420000,221027.1934729720,221027.1934729720,1,DORA-USDT
2022-01-13 13:00:00,1642050000000,8.1890000000,8.2060000000,8.1200000000,8.1680000000,27553.1782280000,224847.4641311210,224847.4641311210,1,DORA-USDT
2022-01-13 14:00:00,1642053600000,8.1630000000,8.2910000000,8.1520000000,8.2470000000,23298.8489690000,191831.8460862390,191831.8460862390,1,DORA-USDT
2022-01-13 15:00:00,1642057200000,8.2500000000,8.3110000000,8.1990000000,8.2560000000,24712.3526730000,203935.4609570550,203935.4609570550,1,DORA-USDT
2022-01-13 16:00:00,1642060800000,8.2560000000,8.3480000000,8.2350000000,8.3210000000,24204.8310070000,200600.8015467700,200600.8015467700,1,DORA-USDT
2022-01-13 17:00:00,1642064400000,8.3220000000,8.4460000000,8.2940000000,8.3520000000,11797.5611640000,98424.3160685730,98424.3160685730,1,DORA-USDT
2022-01-13 18:00:00,1642068000000,8.3550000000,8.3810000000,8.2600000000,8.3000000000,31602.3916150000,263412.6094433050,263412.6094433050,1,DORA-USDT
2022-01-13 19:00:00,1642071600000,8.3000000000,8.3080000000,8.1490000000,8.1820000000,41203.8583850000,338922.5809110660,338922.5809110660,1,DORA-USDT
2022-01-13 20:00:00,1642075200000,8.1770000000,8.2450000000,8.1610000000,8.2180000000,29828.7574400000,244776.8928463880,244776.8928463880,1,DORA-USDT
2022-01-13 21:00:00,1642078800000,8.2180000000,8.2980000000,8.1530000000,8.2350000000,43345.5155180000,356686.4885417160,356686.4885417160,1,DORA-USDT
2022-01-13 22:00:00,1642082400000,8.2320000000,8.3360000000,8.1880000000,8.2910000000,57643.4357160000,475949.6383889170,475949.6383889170,1,DORA-USDT
2022-01-13 23:00:00,1642086000000,8.2870000000,8.3110000000,7.9070000000,7.9860000000,71016.8222740000,571394.8402768380,571394.8402768380,1,DORA-USDT
2022-01-14 00:00:00,1642089600000,7.9770000000,8.1030000000,7.9300000000,8.0190000000,56326.0265030000,451833.3882988280,451833.3882988280,1,DORA-USDT
2022-01-14 01:00:00,1642093200000,8.0190000000,8.0340000000,7.8700000000,7.9490000000,54335.6269060000,432171.6606469390,432171.6606469390,1,DORA-USDT
2022-01-14 02:00:00,1642096800000,7.9500000000,7.9900000000,7.8900000000,7.9000000000,29946.4334610000,237616.3379215830,237616.3379215830,1,DORA-USDT
2022-01-14 03:00:00,1642100400000,7.8990000000,7.9670000000,7.8310000000,7.8670000000,41473.8079950000,327549.4434001110,327549.4434001110,1,DORA-USDT
2022-01-14 04:00:00,1642104000000,7.8670000000,7.9110000000,7.8000000000,7.9110000000,35738.8698410000,280671.3789826910,280671.3789826910,1,DORA-USDT
2022-01-14 05:00:00,1642107600000,7.9340000000,7.9400000000,7.8810000000,7.9050000000,27845.1772220000,220243.3662379810,220243.3662379810,1,DORA-USDT
2022-01-14 06:00:00,1642111200000,7.9050000000,7.9110000000,7.8310000000,7.8360000000,20307.3190430000,159879.4295099560,159879.4295099560,1,DORA-USDT
2022-01-14 07:00:00,1642114800000,7.8350000000,7.9020000000,7.8120000000,7.8380000000,25049.3176590000,196836.4678896420,196836.4678896420,1,DORA-USDT
2022-01-14 08:00:00,1642118400000,7.8380000000,7.9320000000,7.7980000000,7.9090000000,48167.5992500000,379322.2537298380,379322.2537298380,1,DORA-USDT
2022-01-14 09:00:00,1642122000000,7.9090000000,7.9470000000,7.8810000000,7.9160000000,31985.6523690000,253081.5261460100,253081.5261460100,1,DORA-USDT
2022-01-14 10:00:00,1642125600000,7.9130000000,7.9590000000,7.8330000000,7.9340000000,32548.3519100000,257136.7635908710,257136.7635908710,1,DORA-USDT
2022-01-14 11:00:00,1642129200000,7.9370000000,8.0010000000,7.8510000000,7.9700000000,28561.8472640000,226486.0800330490,226486.0800330490,1,DORA-USDT
2022-01-14 12:00:00,1642132800000,7.9710000000,8.0670000000,7.9500000000,8.0190000000,28169.4501290000,226022.6221854960,226022.6221854960,1,DORA-USDT
2022-01-14 13:00:00,1642136400000,8.0300000000,8.1000000000,7.9970000000,8.1000000000,25384.0607270000,204324.3932475640,204324.3932475640,1,DORA-USDT
2022-01-14 14:00:00,1642140000000,8.0990000000,8.1350000000,8.0390000000,8.0430000000,24262.6078590000,196210.8139981870,196210.8139981870,1,DORA-USDT
2022-01-14 15:00:00,1642143600000,8.0520000000,8.0940000000,7.9990000000,8.0020000000,16819.3949590000,135237.7319643660,135237.7319643660,1,DORA-USDT
2022-01-14 16:00:00,1642147200000,8.0020000000,8.0250000000,7.9060000000,7.9830000000,31700.0755870000,252545.9906912230,252545.9906912230,1,DORA-USDT
2022-01-14 17:00:00,1642150800000,7.9820000000,8.0300000000,7.9730000000,8.0150000000,21723.7894690000,174027.1390687910,174027.1390687910,1,DORA-USDT
2022-01-14 18:00:00,1642154400000,8.0150000000,8.0300000000,7.8730000000,7.9100000000,22108.8762910000,176243.4815124700,176243.4815124700,1,DORA-USDT
2022-01-14 19:00:00,1642158000000,7.9100000000,7.9500000000,7.8280000000,7.8710000000,35399.5740950000,279463.2733309090,279463.2733309090,1,DORA-USDT
2022-01-14 20:00:00,1642161600000,7.8730000000,8.0160000000,7.8140000000,7.9630000000,28869.2300890000,228613.3452392230,228613.3452392230,1,DORA-USDT
2022-01-14 21:00:00,1642165200000,7.9630000000,8.0460000000,7.9360000000,7.9720000000,29578.0447780000,236575.0581393370,236575.0581393370,1,DORA-USDT
2022-01-14 22:00:00,1642168800000,7.9730000000,8.1500000000,7.9670000000,8.1330000000,39354.2181150000,317009.5681011630,317009.5681011630,1,DORA-USDT
2022-01-14 23:00:00,1642172400000,8.1320000000,8.1770000000,8.0220000000,8.1770000000,46114.0609200000,374212.2212262260,374212.2212262260,1,DORA-USDT
2022-01-15 00:00:00,1642176000000,8.1780000000,8.1870000000,8.0940000000,8.1250000000,30041.7599850000,244155.8458610680,244155.8458610680,1,DORA-USDT
2022-01-15 01:00:00,1642179600000,8.1270000000,8.1480000000,8.0460000000,8.0880000000,24587.9550380000,199227.4995583490,199227.4995583490,1,DORA-USDT
2022-01-15 02:00:00,1642183200000,8.0890000000,8.1110000000,8.0570000000,8.0870000000,19949.8868370000,161262.1803500040,161262.1803500040,1,DORA-USDT
2022-01-15 03:00:00,1642186800000,8.0860000000,8.1580000000,8.0820000000,8.1100000000,17502.2539470000,142110.9700730540,142110.9700730540,1,DORA-USDT
2022-01-15 04:00:00,1642190400000,8.1090000000,8.1860000000,8.0860000000,8.1450000000,32511.6356210000,264357.6248440950,264357.6248440950,1,DORA-USDT
2022-01-15 05:00:00,1642194000000,8.1440000000,8.1890000000,8.1380000000,8.1850000000,17177.7659190000,140337.4606817130,140337.4606817130,1,DORA-USDT
2022-01-15 06:00:00,1642197600000,8.1870000000,8.1870000000,8.1420000000,8.1430000000,17763.9755720000,145014.7570873860,145014.7570873860,1,DORA-USDT
2022-01-15 07:00:00,1642201200000,8.1430000000,8.1730000000,8.1250000000,8.1560000000,19077.4782510000,155442.2104707690,155442.2104707690,1,DORA-USDT
2022-01-15 08:00:00,1642204800000,8.1570000000,8.1730000000,8.0890000000,8.1510000000,25554.5138800000,207914.8791016550,207914.8791016550,1,DORA-USDT
2022-01-15 09:00:00,1642208400000,8.1550000000,8.2000000000,8.1220000000,8.1590000000,22327.6256310000,182168.3490304260,182168.3490304260,1,DORA-USDT
2022-01-15 10:00:00,1642212000000,8.1570000000,8.2160000000,8.1380000000,8.1530000000,23534.4594350000,192345.7316143760,192345.7316143760,1,DORA-USDT
2022-01-15 11:00:00,1642215600000,8.1530000000,8.2160000000,8.1400000000,8.1520000000,18868.0133180000,154053.0387401590,154053.0387401590,1,DORA-USDT
2022-01-15 12:00:00,1642219200000,8.1520000000,8.1740000000,8.0580000000,8.1420000000,32031.7247090000,259913.6204420350,259913.6204420350,1,DORA-USDT
2022-01-15 13:00:00,1642222800000,8.1410000000,8.1620000000,8.1050000000,8.1400000000,21198.4179060000,172481.7645875650,172481.7645875650,1,DORA-USDT
2022-01-15 14:00:00,1642226400000,8.1380000000,8.1700000000,8.1040000000,8.1680000000,20074.2564790000,163415.3260132730,163415.3260132730,1,DORA-USDT
2022-01-15 15:00:00,1642230000000,8.1650000000,8.1950000000,8.1490000000,8.1830000000,16632.9653130000,135972.0814097830,135972.0814097830,1,DORA-USDT
2022-01-15 16:00:00,1642233600000,8.1880000000,8.2240000000,8.1680000000,8.1980000000,20987.8597080000,172037.4860776210,172037.4860776210,1,DORA-USDT
2022-01-15 17:00:00,1642237200000,8.1920000000,8.2200000000,8.1750000000,8.2150000000,13177.3435510000,108030.9451996320,108030.9451996320,1,DORA-USDT
2022-01-15 18:00:00,1642240800000,8.2160000000,8.2710000000,8.2050000000,8.2360000000,18245.3760190000,150304.6344468630,150304.6344468630,1,DORA-USDT
2022-01-15 19:00:00,1642244400000,8.2380000000,8.2490000000,8.1450000000,8.1790000000,35044.3086070000,287054.5367558640,287054.5367558640,1,DORA-USDT
2022-01-15 20:00:00,1642248000000,8.1790000000,8.2170000000,8.0370000000,8.1000000000,48361.2401820000,393305.8469548700,393305.8469548700,1,DORA-USDT
2022-01-15 21:00:00,1642251600000,8.0990000000,8.1360000000,8.0600000000,8.1300000000,33118.0242290000,268239.9082379150,268239.9082379150,1,DORA-USDT
2022-01-15 22:00:00,1642255200000,8.1300000000,8.2440000000,8.1130000000,8.1940000000,37841.6720160000,309263.2722696410,309263.2722696410,1,DORA-USDT
2022-01-15 23:00:00,1642258800000,8.1930000000,8.2840000000,8.1750000000,8.2770000000,26949.7701810000,221593.9173653730,221593.9173653730,1,DORA-USDT
2022-01-16 00:00:00,1642262400000,8.2750000000,8.3000000000,8.2350000000,8.2930000000,26261.5673290000,217149.1247486540,217149.1247486540,1,DORA-USDT
2022-01-16 01:00:00,1642266000000,8.2930000000,8.3220000000,8.2920000000,8.3030000000,11003.5592210000,91350.9509415050,91350.9509415050,1,DORA-USDT
2022-01-16 02:00:00,1642269600000,8.3050000000,8.3350000000,8.2960000000,8.3070000000,17080.8264130000,141949.2331984480,141949.2331984480,1,DORA-USDT
2022-01-16 03:00:00,1642273200000,8.3070000000,8.3580000000,8.3020000000,8.3510000000,12145.3855210000,101221.0561814560,101221.0561814560,1,DORA-USDT
2022-01-16 04:00:00,1642276800000,8.3520000000,8.3890000000,8.2980000000,8.3030000000,23131.3122090000,193130.4727837800,193130.4727837800,1,DORA-USDT
2022-01-16 05:00:00,1642280400000,8.3030000000,8.3330000000,8.2920000000,8.3050000000,15516.0270310000,128920.6999595810,128920.6999595810,1,DORA-USDT
2022-01-16 06:00:00,1642284000000,8.3070000000,8.3400000000,8.2950000000,8.3000000000,18262.7498140000,151789.1552013340,151789.1552013340,1,DORA-USDT
2022-01-16 07:00:00,1642287600000,8.3000000000,8.3510000000,8.2920000000,8.2960000000,16126.3272480000,134173.7935128790,134173.7935128790,1,DORA-USDT
2022-01-16 08:00:00,1642291200000,8.2950000000,8.2980000000,8.2640000000,8.2670000000,8398.7287200000,69504.3324312740,69504.3324312740,1,DORA-USDT
2022-01-16 09:00:00,1642294800000,8.2670000000,8.2860000000,8.2400000000,8.2440000000,14406.9807400000,118963.5758008350,118963.5758008350,1,DORA-USDT
2022-01-16 10:00:00,1642298400000,8.2450000000,8.2530000000,8.1080000000,8.1200000000,15939.8898630000,130467.5559881480,130467.5559881480,1,DORA-USDT
2022-01-16 11:00:00,1642302000000,8.1420000000,8.1510000000,8.0960000000,8.1300000000,19319.4249260000,156978.3837396270,156978.3837396270,1,DORA-USDT
2022-01-16 12:00:00,1642305600000,8.1320000000,8.1390000000,8.0830000000,8.0890000000,14382.7593240000,116641.4562864540,116641.4562864540,1,DORA-USDT
2022-01-16 13:00:00,1642309200000,8.0920000000,8.1220000000,8.0720000000,8.0720000000,12984.8327530000,105189.8843492630,105189.8843492630,1,DORA-USDT
2022-01-16 14:00:00,1642312800000,8.0710000000,8.2230000000,8.0550000000,8.2150000000,27119.5374580000,220750.2720034970,220750.2720034970,1,DORA-USDT
2022-01-16 15:00:00,1642316400000,8.2130000000,8.2240000000,8.1280000000,8.1950000000,36208.2671370000,296224.3798725930,296224.3798725930,1,DORA-USDT
2022-01-16 16:00:00,1642320000000,8.1940000000,8.2480000000,8.1270000000,8.1320000000,32846.6847660000,269161.1878362860,269161.1878362860,1,DORA-USDT
2022-01-16 17:00:00,1642323600000,8.1320000000,8.1540000000,8.1070000000,8.1270000000,19328.2090320000,157117.8891696810,157117.8891696810,1,DORA-USDT
2022-01-16 18:00:00,1642327200000,8.1270000000,8.1400000000,8.0580000000,8.0580000000,12826.9399480000,104091.8782644870,104091.8782644870,1,DORA-USDT
2022-01-16 19:00:00,1642330800000,8.0570000000,8.1030000000,7.9880000000,8.0790000000,39007.0399470000,313658.9026321210,313658.9026321210,1,DORA-USDT
2022-01-16 20:00:00,1642334400000,8.0810000000,8.1410000000,8.0560000000,8.1020000000,22871.4141740000,185265.4886627250,185265.4886627250,1,DORA-USDT
2022-01-16 21:00:00,1642338000000,8.0900000000,8.1420000000,7.9420000000,8.1170000000,50491.8087510000,405559.7620252480,405559.7620252480,1,DORA-USDT
2022-01-16 22:00:00,1642341600000,8.1180000000,8.1940000000,8.0760000000,8.1540000000,42205.3808330000,343230.4819481280,343230.4819481280,1,DORA-USDT
2022-01-16 23:00:00,1642345200000,8.1520000000,8.3140000000,8.1040000000,8.2030000000,34077.3105500000,278007.7240047520,278007.7240047520,1,DORA-USDT
2022-01-17 00:00:00,1642348800000,8.2170000000,8.3580000000,8.2030000000,8.3270000000,37835.1468690000,313677.3948502100,313677.3948502100,1,DORA-USDT
2022-01-17 01:00:00,1642352400000,8.3270000000,8.3270000000,8.2570000000,8.2590000000,18160.0929330000,150691.5260205530,150691.5260205530,1,DORA-USDT
2022-01-17 02:00:00,1642356000000,8.2620000000,8.3410000000,8.2240000000,8.2900000000,34441.4793010000,284942.4659312030,284942.4659312030,1,DORA-USDT
2022-01-17 03:00:00,1642359600000,8.2880000000,8.3170000000,8.2040000000,8.2340000000,31323.1489770000,258926.7341237910,258926.7341237910,1,DORA-USDT
2022-01-17 04:00:00,1642363200000,8.2340000000,8.3470000000,8.2180000000,8.3430000000,50554.9815280000,419235.8078241070,419235.8078241070,1,DORA-USDT
2022-01-17 05:00:00,1642366800000,8.3450000000,8.3630000000,8.2360000000,8.3440000000,29895.4179830000,248315.3043675070,248315.3043675070,1,DORA-USDT
2022-01-17 06:00:00,1642370400000,8.3440000000,8.4450000000,8.3440000000,8.3490000000,26214.9150710000,219614.4325046500,219614.4325046500,1,DORA-USDT
2022-01-17 07:00:00,1642374000000,8.3490000000,8.3600000000,8.3190000000,8.3220000000,18714.2421550000,156079.5829351340,156079.5829351340,1,DORA-USDT
2022-01-17 08:00:00,1642377600000,8.3220000000,8.3300000000,8.2000000000,8.2060000000,29088.9454150000,240529.4999827820,240529.4999827820,1,DORA-USDT
2022-01-17 09:00:00,1642381200000,8.2050000000,8.2080000000,8.1260000000,8.1640000000,20692.8863940000,168808.6105984600,168808.6105984600,1,DORA-USDT
2022-01-17 10:00:00,1642384800000,8.1640000000,8.1710000000,8.0950000000,8.1400000000,23787.0576420000,193549.3849184790,193549.3849184790,1,DORA-USDT
2022-01-17 11:00:00,1642388400000,8.1410000000,8.1560000000,7.9900000000,7.9900000000,31860.8956180000,257253.0310170640,257253.0310170640,1,DORA-USDT
2022-01-17 12:00:00,1642392000000,7.9910000000,8.0560000000,7.9100000000,7.9190000000,43376.2274380000,346401.5792213380,346401.5792213380,1,DORA-USDT
2022-01-17 13:00:00,1642395600000,7.9170000000,7.9180000000,7.8400000000,7.9020000000,28873.9170580000,227478.4209974700,227478.4209974700,1,DORA-USDT
2022-01-17 14:00:00,1642399200000,7.9050000000,7.9410000000,7.9010000000,7.9200000000,11263.4493470000,89239.6462749110,89239.6462749110,1,DORA-USDT
2022-01-17 15:00:00,1642402800000,7.9190000000,7.9590000000,7.9140000000,7.9320000000,16102.2292620000,127912.6992781120,127912.6992781120,1,DORA-USDT
2022-01-17 16:00:00,1642406400000,7.9310000000,7.9610000000,7.8610000000,7.9440000000,35593.3767340000,281528.7522540030,281528.7522540030,1,DORA-USDT
2022-01-17 17:00:00,1642410000000,7.9430000000,7.9590000000,7.8680000000,7.9400000000,24535.4159480000,194499.0735348790,194499.0735348790,1,DORA-USDT
2022-01-17 18:00:00,1642413600000,7.9400000000,7.9440000000,7.8820000000,7.9130000000,22072.0834100000,174643.9834985140,174643.9834985140,1,DORA-USDT
2022-01-17 19:00:00,1642417200000,7.9120000000,7.9280000000,7.9000000000,7.9000000000,13683.2511180000,108255.6072490840,108255.6072490840,1,DORA-USDT
2022-01-17 20:00:00,1642420800000,7.9000000000,7.9210000000,7.8120000000,7.8400000000,37102.3558270000,291610.4372622630,291610.4372622630,1,DORA-USDT
2022-01-17 21:00:00,1642424400000,7.8410000000,7.8810000000,7.8250000000,7.8450000000,19817.8867150000,155620.5311053830,155620.5311053830,1,DORA-USDT
2022-01-17 22:00:00,1642428000000,7.8450000000,7.8990000000,7.8320000000,7.8750000000,21896.6534150000,172108.2307438780,172108.2307438780,1,DORA-USDT
2022-01-17 23:00:00,1642431600000,7.8750000000,7.8770000000,7.8000000000,7.8220000000,24696.6447070000,193592.6921888740,193592.6921888740,1,DORA-USDT
2022-01-18 00:00:00,1642435200000,7.8210000000,7.8850000000,7.7770000000,7.8520000000,35881.2573350000,281149.5546465750,281149.5546465750,1,DORA-USDT
2022-01-18 01:00:00,1642438800000,7.8520000000,7.8700000000,7.7890000000,7.8350000000,26850.2077980000,210337.2196900820,210337.2196900820,1,DORA-USDT
2022-01-18 02:00:00,1642442400000,7.8350000000,7.8350000000,7.7060000000,7.7770000000,43461.2843590000,337701.5348395540,337701.5348395540,1,DORA-USDT
2022-01-18 03:00:00,1642446000000,7.7750000000,7.8070000000,7.7500000000,7.8030000000,18386.6190180000,143000.2162957970,143000.2162957970,1,DORA-USDT
2022-01-18 04:00:00,1642449600000,7.8060000000,7.8080000000,7.7680000000,7.7770000000,16822.8666410000,131006.1486825970,131006.1486825970,1,DORA-USDT
2022-01-18 05:00:00,1642453200000,7.7800000000,7.7950000000,7.6430000000,7.6680000000,26682.0906660000,205585.2800710670,205585.2800710670,1,DORA-USDT
2022-01-18 06:00:00,1642456800000,7.6720000000,7.6810000000,7.5000000000,7.6470000000,40680.2578120000,310300.8234957820,310300.8234957820,1,DORA-USDT
2022-01-18 07:00:00,1642460400000,7.6460000000,7.7100000000,7.6330000000,7.6660000000,23072.4963470000,177108.3556622630,177108.3556622630,1,DORA-USDT
2022-01-18 08:00:00,1642464000000,7.6650000000,7.7260000000,7.6450000000,7.6790000000,29490.3559840000,226614.5453665670,226614.5453665670,1,DORA-USDT
2022-01-18 09:00:00,1642467600000,7.6770000000,7.7080000000,7.6590000000,7.6710000000,12569.7577320000,96586.6691144510,96586.6691144510,1,DORA-USDT
2022-01-18 10:00:00,1642471200000,7.6720000000,7.6910000000,7.6190000000,7.6330000000,16686.7385030000,127718.4119298220,127718.4119298220,1,DORA-USDT
2022-01-18 11:00:00,1642474800000,7.6330000000,7.6440000000,7.4220000000,7.4410000000,36237.3662510000,272326.9504430830,272326.9504430830,1,DORA-USDT
2022-01-18 12:00:00,1642478400000,7.4400000000,7.4550000000,7.3530000000,7.4170000000,35364.3559190000,261996.4529872360,261996.4529872360,1,DORA-USDT
2022-01-18 13:00:00,1642482000000,7.4180000000,7.4300000000,7.3860000000,7.4100000000,18883.9319430000,139853.6344665360,139853.6344665360,1,DORA-USDT
2022-01-18 14:00:00,1642485600000,7.4090000000,7.5300000000,7.4070000000,7.4990000000,25473.9474110000,190523.9265133940,190523.9265133940,1,DORA-USDT
2022-01-18 15:00:00,1642489200000,7.5000000000,7.5340000000,7.3030000000,7.3680000000,52519.7491580000,389544.3406193120,389544.3406193120,1,DORA-USDT
2022-01-18 16:00:00,1642492800000,7.3720000000,7.3720000000,7.2570000000,7.2800000000,43498.9805700000,318000.3450197580,318000.3450197580,1,DORA-USDT
2022-01-18 17:00:00,1642496400000,7.2810000000,7.2810000000,7.1560000000,7.2470000000,36647.9796000000,264674.7861328000,264674.7861328000,1,DORA-USDT
2022-01-18 18:00:00,1642500000000,7.2460000000,7.2970000000,7.1990000000,7.2540000000,33876.5308550000,245768.5074303670,245768.5074303670,1,DORA-USDT
2022-01-18 19:00:00,1642503600000,7.2530000000,7.2600000000,7.1100000000,7.1960000000,37094.4545070000,266756.1872976680,266756.1872976680,1,DORA-USDT
2022-01-18 20:00:00,1642507200000,7.1990000000,7.2090000000,7.1020000000,7.1760000000,36099.0446550000,258240.5225859800,258240.5225859800,1,DORA-USDT
2022-01-18 21:00:00,1642510800000,7.1770000000,7.2020000000,7.0700000000,7.1890000000,49533.9281520000,353438.8000863040,353438.8000863040,1,DORA-USDT
2022-01-18 22:00:00,1642514400000,7.1860000000,7.2550000000,7.0780000000,7.1270000000,76148.9456800000,544211.7865987960,544211.7865987960,1,DORA-USDT
2022-01-18 23:00:00,1642518000000,7.1250000000,7.2620000000,7.1110000000,7.2020000000,59760.7664580000,429815.8408237320,429815.8408237320,1,DORA-USDT
2022-01-19 00:00:00,1642521600000,7.2020000000,7.2290000000,7.0960000000,7.2110000000,59912.5426780000,429615.4750178930,429615.4750178930,1,DORA-USDT
2022-01-19 01:00:00,1642525200000,7.2110000000,7.3010000000,7.1510000000,7.2070000000,50691.9674470000,366405.4642894930,366405.4642894930,1,DORA-USDT
2022-01-19 02:00:00,1642528800000,7.2070000000,7.2430000000,7.1550000000,7.2140000000,34321.1745150000,247141.4817170780,247141.4817170780,1,DORA-USDT
2022-01-19 03:00:00,1642532400000,7.2140000000,7.2650000000,7.2030000000,7.2320000000,28764.9264690000,208284.9866589970,208284.9866589970,1,DORA-USDT
2022-01-19 04:00:00,1642536000000,7.2320000000,7.3370000000,7.1950000000,7.3370000000,49756.7552510000,360787.0427354970,360787.0427354970,1,DORA-USDT
2022-01-19 05:00:00,1642539600000,7.3370000000,7.4980000000,7.2660000000,7.4350000000,61161.8930820000,452128.5276515190,452128.5276515190,1,DORA-USDT
2022-01-19 06:00:00,1642543200000,7.4390000000,7.8640000000,7.4130000000,7.5780000000,106270.1598390000,814946.1111261160,814946.1111261160,1,DORA-USDT
2022-01-19 07:00:00,1642546800000,7.5760000000,7.6260000000,7.4220000000,7.4600000000,57465.0950090000,430983.2471590980,430983.2471590980,1,DORA-USDT
2022-01-19 08:00:00,1642550400000,7.4610000000,7.4730000000,7.3420000000,7.3770000000,36748.7280690000,272267.6391645790,272267.6391645790,1,DORA-USDT
2022-01-19 09:00:00,1642554000000,7.3780000000,7.4140000000,7.3580000000,7.4090000000,22998.4546810000,169974.4632243760,169974.4632243760,1,DORA-USDT
2022-01-19 10:00:00,1642557600000,7.4090000000,7.4860000000,7.4090000000,7.4170000000,28536.7043620000,212569.8131145710,212569.8131145710,1,DORA-USDT
2022-01-19 11:00:00,1642561200000,7.4190000000,7.6420000000,7.3740000000,7.3830000000,53019.0139590000,395829.1916855980,395829.1916855980,1,DORA-USDT
2022-01-19 12:00:00,1642564800000,7.3810000000,7.4100000000,7.3760000000,7.4090000000,14271.6652220000,105460.5244084190,105460.5244084190,1,DORA-USDT
2022-01-19 13:00:00,1642568400000,7.4090000000,7.4110000000,7.3890000000,7.3900000000,9888.9648050000,73185.2271699590,73185.2271699590,1,DORA-USDT
2022-01-19 14:00:00,1642572000000,7.3910000000,7.4950000000,7.3390000000,7.3450000000,34412.1484550000,254963.6837339060,254963.6837339060,1,DORA-USDT
2022-01-19 15:00:00,1642575600000,7.3440000000,7.3600000000,7.1380000000,7.1650000000,71066.0291470000,513859.6987199650,513859.6987199650,1,DORA-USDT
2022-01-19 16:00:00,1642579200000,7.1710000000,7.2600000000,7.1500000000,7.1590000000,34685.2084330000,249337.3935671250,249337.3935671250,1,DORA-USDT
2022-01-19 17:00:00,1642582800000,7.1590000000,7.2960000000,7.1510000000,7.2390000000,37213.1930980000,268411.5232882900,268411.5232882900,1,DORA-USDT
2022-01-19 18:00:00,1642586400000,7.2400000000,7.2540000000,7.1730000000,7.2120000000,32547.1538690000,234806.4191709960,234806.4191709960,1,DORA-USDT
2022-01-19 19:00:00,1642590000000,7.2110000000,7.3780000000,7.2110000000,7.3600000000,54324.6835540000,396488.6691757990,396488.6691757990,1,DORA-USDT
2022-01-19 20:00:00,1642593600000,7.3610000000,7.3910000000,7.2870000000,7.3370000000,47938.6157320000,352347.7259049360,352347.7259049360,1,DORA-USDT
2022-01-19 21:00:00,1642597200000,7.3380000000,7.4660000000,7.3360000000,7.4260000000,37966.7617460000,281225.3619900880,281225.3619900880,1,DORA-USDT
2022-01-19 22:00:00,1642600800000,7.4260000000,7.4910000000,7.3600000000,7.4590000000,59100.4098980000,439120.6479051000,439120.6479051000,1,DORA-USDT
2022-01-19 23:00:00,1642604400000,7.4590000000,7.4760000000,7.2680000000,7.3280000000,58891.0557670000,433556.4214813950,433556.4214813950,1,DORA-USDT
2022-01-20 00:00:00,1642608000000,7.3240000000,7.4540000000,7.2730000000,7.4530000000,49768.3240440000,365278.0634081940,365278.0634081940,1,DORA-USDT
2022-01-20 01:00:00,1642611600000,7.4540000000,7.9310000000,7.4540000000,7.6120000000,109752.3139280000,841353.6460369640,841353.6460369640,1,DORA-USDT
2022-01-20 02:00:00,1642615200000,7.6110000000,7.6500000000,7.5500000000,7.5870000000,38388.4877060000,291509.1206033460,291509.1206033460,1,DORA-USDT
2022-01-20 03:00:00,1642618800000,7.5890000000,7.6060000000,7.5300000000,7.5880000000,39280.3121300000,297652.7446529280,297652.7446529280,1,DORA-USDT
2022-01-20 04:00:00,1642622400000,7.5870000000,7.6040000000,7.5060000000,7.5570000000,31860.0049530000,240798.4652808510,240798.4652808510,1,DORA-USDT
2022-01-20 05:00:00,1642626000000,7.5570000000,7.5970000000,7.5290000000,7.5610000000,23861.9452970000,180527.3557409040,180527.3557409040,1,DORA-USDT
2022-01-20 06:00:00,1642629600000,7.5630000000,7.6030000000,7.4910000000,7.5940000000,24643.4499360000,186233.8677681220,186233.8677681220,1,DORA-USDT
2022-01-20 07:00:00,1642633200000,7.5930000000,7.5940000000,7.4660000000,7.4660000000,32992.4075330000,248237.6319380550,248237.6319380550,1,DORA-USDT
2022-01-20 08:00:00,1642636800000,7.4660000000,7.6010000000,7.4380000000,7.5530000000,51755.7966970000,390058.8422105710,390058.8422105710,1,DORA-USDT
2022-01-20 09:00:00,1642640400000,7.5530000000,7.6010000000,7.5140000000,7.5420000000,33601.5431220000,253779.6614536190,253779.6614536190,1,DORA-USDT
2022-01-20 10:00:00,1642644000000,7.5430000000,7.6070000000,7.5400000000,7.5720000000,24674.7528300000,187145.4443792670,187145.4443792670,1,DORA-USDT
2022-01-20 11:00:00,1642647600000,7.5740000000,7.8110000000,7.5350000000,7.7590000000,55421.7197100000,423794.5724704360,423794.5724704360,1,DORA-USDT
2022-01-20 12:00:00,1642651200000,7.7580000000,7.8390000000,7.7000000000,7.7100000000,51250.4680300000,397205.0214378570,397205.0214378570,1,DORA-USDT
2022-01-20 13:00:00,1642654800000,7.7110000000,8.0000000000,7.6630000000,7.9410000000,63917.1427620000,499390.1494817480,499390.1494817480,1,DORA-USDT
2022-01-20 14:00:00,1642658400000,7.9390000000,7.9920000000,7.8630000000,7.9830000000,44101.1335310000,350173.9397066510,350173.9397066510,1,DORA-USDT
2022-01-20 15:00:00,1642662000000,7.9860000000,8.1700000000,7.9620000000,7.9810000000,52002.0074700000,417520.6199502790,417520.6199502790,1,DORA-USDT
2022-01-20 16:00:00,1642665600000,7.9770000000,8.1020000000,7.9140000000,8.1010000000,40682.8771830000,326664.8939303470,326664.8939303470,1,DORA-USDT
2022-01-20 17:00:00,1642669200000,8.0980000000,8.3000000000,8.0380000000,8.2470000000,35400.6264840000,288951.9724831170,288951.9724831170,1,DORA-USDT
2022-01-20 18:00:00,1642672800000,8.2480000000,8.4490000000,8.2280000000,8.3600000000,56056.6089280000,468779.0496290380,468779.0496290380,1,DORA-USDT
2022-01-20 19:00:00,1642676400000,8.3530000000,8.5000000000,8.2850000000,8.4440000000,58059.0210390000,489668.6003044900,489668.6003044900,1,DORA-USDT
2022-01-20 20:00:00,1642680000000,8.4430000000,8.4570000000,8.2240000000,8.3830000000,81917.1889440000,683726.9498750920,683726.9498750920,1,DORA-USDT
2022-01-20 21:00:00,1642683600000,8.3770000000,8.6670000000,8.2910000000,8.5890000000,89378.8326820000,757635.5640810480,757635.5640810480,1,DORA-USDT
2022-01-20 22:00:00,1642687200000,8.5940000000,8.8000000000,8.5500000000,8.7530000000,72292.9645290000,627811.4391417870,627811.4391417870,1,DORA-USDT
2022-01-20 23:00:00,1642690800000,8.7530000000,8.8500000000,8.4730000000,8.7270000000,87317.1680350000,755863.3065014509,755863.3065014509,1,DORA-USDT
2022-01-21 00:00:00,1642694400000,8.7240000000,9.3940000000,8.5800000000,9.3080000000,126296.8329940000,1136401.3862358059,1136401.3862358059,1,DORA-USDT
2022-01-21 01:00:00,1642698000000,9.3100000000,9.9660000000,9.1920000000,9.7410000000,194711.8137380000,1881468.3449895128,1881468.3449895128,1,DORA-USDT
2022-01-21 02:00:00,1642701600000,9.7390000000,9.7500000000,9.5680000000,9.7040000000,66668.0416460000,643972.7916012120,643972.7916012120,1,DORA-USDT
2022-01-21 03:00:00,1642705200000,9.6870000000,9.8000000000,9.5420000000,9.6180000000,71634.1227950000,692490.4006280110,692490.4006280110,1,DORA-USDT
2022-01-21 04:00:00,1642708800000,9.6200000000,9.6980000000,9.5360000000,9.5530000000,36934.2017400000,355075.6543838740,355075.6543838740,1,DORA-USDT
2022-01-21 05:00:00,1642712400000,9.5500000000,9.5680000000,9.2310000000,9.2700000000,59794.7306440000,561599.6668027890,561599.6668027890,1,DORA-USDT
2022-01-21 06:00:00,1642716000000,9.2690000000,9.5870000000,9.1410000000,9.3630000000,165191.0449040000,1542811.2754550599,1542811.2754550599,1,DORA-USDT
2022-01-21 07:00:00,1642719600000,9.3630000000,9.6270000000,8.8900000000,9.0000000000,172234.3659880000,1602545.4291064800,1602545.4291064800,1,DORA-USDT
2022-01-21 08:00:00,1642723200000,9.0000000000,9.6420000000,8.8350000000,9.2760000000,152609.0448140000,1405791.6784968099,1405791.6784968099,1,DORA-USDT
2022-01-21 09:00:00,1642726800000,9.2730000000,9.4930000000,8.6780000000,8.7450000000,135857.9309000000,1239054.1914663860,1239054.1914663860,1,DORA-USDT
2022-01-21 10:00:00,1642730400000,8.7440000000,9.2360000000,8.7220000000,8.9060000000,165160.2632750000,1484599.5602582700,1484599.5602582700,1,DORA-USDT
2022-01-21 11:00:00,1642734000000,8.9030000000,8.9290000000,8.1120000000,8.3420000000,182368.8535750000,1536370.4699070379,1536370.4699070379,1,DORA-USDT
2022-01-21 12:00:00,1642737600000,8.3400000000,8.8710000000,8.3380000000,8.8240000000,111424.1044030000,959910.6205878510,959910.6205878510,1,DORA-USDT
2022-01-21 13:00:00,1642741200000,8.8200000000,8.9080000000,8.5840000000,8.6840000000,94466.0682180000,825941.3637419461,825941.3637419461,1,DORA-USDT
2022-01-21 14:00:00,1642744800000,8.6830000000,8.7520000000,8.3630000000,8.5300000000,87503.3651020000,749003.2807324720,749003.2807324720,1,DORA-USDT
2022-01-21 15:00:00,1642748400000,8.5300000000,8.5650000000,8.4060000000,8.5360000000,61534.2415960000,522030.6444534030,522030.6444534030,1,DORA-USDT
2022-01-21 16:00:00,1642752000000,8.5380000000,8.6210000000,8.4720000000,8.5180000000,49900.1935230000,425573.9954444760,425573.9954444760,1,DORA-USDT
2022-01-21 17:00:00,1642755600000,8.5180000000,8.5290000000,8.4000000000,8.4170000000,47449.7623320000,401312.7197167130,401312.7197167130,1,DORA-USDT
2022-01-21 18:00:00,1642759200000,8.4150000000,8.4150000000,8.1220000000,8.2030000000,66814.3289950000,551741.3023457940,551741.3023457940,1,DORA-USDT
2022-01-21 19:00:00,1642762800000,8.2080000000,8.2270000000,8.0080000000,8.0270000000,68390.0369660000,553516.0566346711,553516.0566346711,1,DORA-USDT
2022-01-21 20:00:00,1642766400000,8.0330000000,8.0400000000,7.5320000000,7.9860000000,131028.7357230000,1016516.5244057570,1016516.5244057570,1,DORA-USDT
2022-01-21 21:00:00,1642770000000,7.9970000000,8.9010000000,7.9440000000,8.5920000000,177147.1520690000,1487813.8497829251,1487813.8497829251,1,DORA-USDT
2022-01-21 22:00:00,1642773600000,8.5730000000,8.6540000000,8.1080000000,8.2190000000,168899.4522370000,1423061.5685681701,1423061.5685681701,1,DORA-USDT
2022-01-21 23:00:00,1642777200000,8.2220000000,9.0110000000,8.2160000000,8.5560000000,165874.0714620000,1422155.0414213350,1422155.0414213350,1,DORA-USDT
2022-01-22 00:00:00,1642780800000,8.5590000000,9.4500000000,8.5580000000,9.3370000000,174297.1023030000,1563882.7107219491,1563882.7107219491,1,DORA-USDT
2022-01-22 01:00:00,1642784400000,9.3360000000,9.3520000000,8.8690000000,8.9490000000,122005.0235900000,1104885.9420013409,1104885.9420013409,1,DORA-USDT
2022-01-22 02:00:00,1642788000000,8.9470000000,9.2000000000,8.7870000000,9.1190000000,133681.2472500000,1205455.1804287429,1205455.1804287429,1,DORA-USDT
2022-01-22 03:00:00,1642791600000,9.1170000000,9.1820000000,8.7920000000,8.7970000000,83769.7277280000,756917.7979823820,756917.7979823820,1,DORA-USDT
2022-01-22 04:00:00,1642795200000,8.8000000000,8.9390000000,8.5490000000,8.8200000000,141593.2552470000,1240861.5748444060,1240861.5748444060,1,DORA-USDT
2022-01-22 05:00:00,1642798800000,8.8140000000,8.9640000000,7.9460000000,8.0270000000,170509.7875850000,1442515.5999146353,1442515.5999146353,1,DORA-USDT
2022-01-22 06:00:00,1642802400000,8.0370000000,8.1520000000,7.6240000000,7.7830000000,138524.6682580000,1096441.3201974721,1096441.3201974721,1,DORA-USDT
2022-01-22 07:00:00,1642806000000,7.7620000000,8.1190000000,7.5330000000,7.9590000000,129875.1486480000,1020186.1802490280,1020186.1802490280,1,DORA-USDT
2022-01-22 08:00:00,1642809600000,7.9590000000,8.3420000000,7.9560000000,8.2930000000,100108.5162750000,816142.5823675470,816142.5823675470,1,DORA-USDT
2022-01-22 09:00:00,1642813200000,8.2930000000,8.4530000000,8.0740000000,8.2330000000,138550.2166550000,1147056.0726665300,1147056.0726665300,1,DORA-USDT
2022-01-22 10:00:00,1642816800000,8.2360000000,8.2740000000,7.7130000000,7.8550000000,89207.5471570000,712649.5342572170,712649.5342572170,1,DORA-USDT
2022-01-22 11:00:00,1642820400000,7.8560000000,8.1260000000,7.7430000000,8.0570000000,107570.1773030000,846066.6292622980,846066.6292622980,1,DORA-USDT
2022-01-22 12:00:00,1642824000000,8.0530000000,8.1180000000,7.6990000000,7.8690000000,119741.1576870000,953083.3456910988,953083.3456910988,1,DORA-USDT
2022-01-22 13:00:00,1642827600000,7.8680000000,7.8890000000,7.5000000000,7.5240000000,126177.4204540000,969743.3555411070,969743.3555411070,1,DORA-USDT
2022-01-22 14:00:00,1642831200000,7.5220000000,7.8240000000,7.1820000000,7.5240000000,222910.8742140000,1667716.5397852359,1667716.5397852359,1,DORA-USDT
2022-01-22 15:00:00,1642834800000,7.5240000000,7.5470000000,7.1200000000,7.1800000000,146006.2534880000,1072438.7770174530,1072438.7770174530,1,DORA-USDT
2022-01-22 16:00:00,1642838400000,7.1810000000,7.4270000000,7.1700000000,7.3270000000,112727.2146350000,827538.8292234230,827538.8292234230,1,DORA-USDT
2022-01-22 17:00:00,1642842000000,7.3320000000,7.4180000000,6.8000000000,6.8480000000,148100.4427100000,1050439.9398172293,1050439.9398172293,1,DORA-USDT
2022-01-22 18:00:00,1642845600000,6.8500000000,7.8040000000,5.9470000000,7.6130000000,400079.6007970000,2769743.5022952240,2769743.5022952240,1,DORA-USDT
2022-01-22 19:00:00,1642849200000,7.6260000000,7.9820000000,7.2620000000,7.8820000000,213089.6540920000,1613341.1434276621,1613341.1434276621,1,DORA-USDT
2022-01-22 20:00:00,1642852800000,7.8800000000,8.7200000000,7.8560000000,8.2110000000,188263.9159560000,1561078.3366394653,1561078.3366394653,1,DORA-USDT
2022-01-22 21:00:00,1642856400000,8.2140000000,8.7000000000,7.9600000000,7.9810000000,112252.7820130000,925247.1738229120,925247.1738229120,1,DORA-USDT
2022-01-22 22:00:00,1642860000000,7.9800000000,8.0640000000,7.6460000000,7.6560000000,84788.6092350000,667393.8877166330,667393.8877166330,1,DORA-USDT
2022-01-22 23:00:00,1642863600000,7.6650000000,7.9500000000,7.5200000000,7.6770000000,143419.9136420000,1103087.9123820621,1103087.9123820621,1,DORA-USDT
2022-01-23 00:00:00,1642867200000,7.6770000000,7.9490000000,7.2330000000,7.4210000000,198656.4058020000,1515958.2438974781,1515958.2438974781,1,DORA-USDT
2022-01-23 01:00:00,1642870800000,7.4230000000,7.4430000000,7.2020000000,7.2870000000,102478.8958310000,747494.1618021760,747494.1618021760,1,DORA-USDT
2022-01-23 02:00:00,1642874400000,7.2870000000,7.3670000000,7.0280000000,7.0590000000,75907.2916450000,549422.0533142610,549422.0533142610,1,DORA-USDT
2022-01-23 03:00:00,1642878000000,7.0560000000,7.2020000000,6.9850000000,7.0600000000,105694.0758060000,750919.0555899231,750919.0555899231,1,DORA-USDT
2022-01-23 04:00:00,1642881600000,7.0600000000,7.4590000000,7.0380000000,7.3600000000,146212.2716170000,1068285.5060890950,1068285.5060890950,1,DORA-USDT
2022-01-23 05:00:00,1642885200000,7.3590000000,7.4100000000,7.3000000000,7.3580000000,56725.5991110000,417413.0717386930,417413.0717386930,1,DORA-USDT
2022-01-23 06:00:00,1642888800000,7.3560000000,7.3560000000,7.1560000000,7.2290000000,57778.7657460000,419540.8754696170,419540.8754696170,1,DORA-USDT
2022-01-23 07:00:00,1642892400000,7.2300000000,7.3700000000,7.1660000000,7.3420000000,56978.8949790000,414928.4717873590,414928.4717873590,1,DORA-USDT
2022-01-23 08:00:00,1642896000000,7.3340000000,7.5580000000,7.0580000000,7.5380000000,120587.8693510000,883796.3954523150,883796.3954523150,1,DORA-USDT
2022-01-23 09:00:00,1642899600000,7.5350000000,7.7970000000,7.4860000000,7.6380000000,97890.7641410000,747582.4181867260,747582.4181867260,1,DORA-USDT
2022-01-23 10:00:00,1642903200000,7.6400000000,7.7770000000,7.3680000000,7.3690000000,96973.2119770000,737194.1459706170,737194.1459706170,1,DORA-USDT
2022-01-23 11:00:00,1642906800000,7.3700000000,7.5140000000,7.2320000000,7.4760000000,89060.8570960000,658002.3315501750,658002.3315501750,1,DORA-USDT
2022-01-23 12:00:00,1642910400000,7.4740000000,7.7810000000,7.4130000000,7.7390000000,79812.7126980000,609599.5914190800,609599.5914190800,1,DORA-USDT
2022-01-23 13:00:00,1642914000000,7.7380000000,7.9060000000,7.5700000000,7.9010000000,92745.0522380000,717091.4118561500,717091.4118561500,1,DORA-USDT
2022-01-23 14:00:00,1642917600000,7.8980000000,8.0200000000,7.8140000000,7.9440000000,62558.3571990000,495798.9922250600,495798.9922250600,1,DORA-USDT
2022-01-23 15:00:00,1642921200000,7.9430000000,8.2000000000,7.9380000000,8.1490000000,63928.4091210000,517493.8000359690,517493.8000359690,1,DORA-USDT
2022-01-23 16:00:00,1642924800000,8.1430000000,8.5660000000,8.1280000000,8.5320000000,75992.0492590000,630694.5887429540,630694.5887429540,1,DORA-USDT
2022-01-23 17:00:00,1642928400000,8.5400000000,8.8200000000,8.3670000000,8.5840000000,138097.6420240000,1186822.9142252970,1186822.9142252970,1,DORA-USDT
2022-01-23 18:00:00,1642932000000,8.5850000000,8.5850000000,8.1120000000,8.1760000000,83595.2074890000,692670.6585291190,692670.6585291190,1,DORA-USDT
2022-01-23 19:00:00,1642935600000,8.1770000000,8.1770000000,7.8490000000,7.8770000000,77278.2979340000,617229.5277945769,617229.5277945769,1,DORA-USDT
2022-01-23 20:00:00,1642939200000,7.8680000000,7.9080000000,7.6780000000,7.7660000000,55640.6661720000,433450.5766013560,433450.5766013560,1,DORA-USDT
2022-01-23 21:00:00,1642942800000,7.7590000000,8.0200000000,7.7270000000,7.9960000000,64392.2337800000,508186.4540670150,508186.4540670150,1,DORA-USDT
2022-01-23 22:00:00,1642946400000,7.9920000000,8.0090000000,7.4810000000,7.6310000000,113292.5351200000,869400.5683684370,869400.5683684370,1,DORA-USDT
2022-01-23 23:00:00,1642950000000,7.6320000000,7.6780000000,7.4920000000,7.6490000000,62700.3893720000,476318.0474289870,476318.0474289870,1,DORA-USDT
2022-01-24 00:00:00,1642953600000,7.6400000000,7.7130000000,7.5430000000,7.5470000000,56769.3826480000,432949.9449895410,432949.9449895410,1,DORA-USDT
2022-01-24 01:00:00,1642957200000,7.5480000000,7.6000000000,7.3670000000,7.3670000000,49902.6605290000,373945.3740145310,373945.3740145310,1,DORA-USDT
2022-01-24 02:00:00,1642960800000,7.3650000000,7.4020000000,7.1700000000,7.2360000000,60652.5411010000,439941.1784482430,439941.1784482430,1,DORA-USDT
2022-01-24 03:00:00,1642964400000,7.2320000000,7.3290000000,7.1140000000,7.1500000000,70107.3952110000,504589.0616773590,504589.0616773590,1,DORA-USDT
2022-01-24 04:00:00,1642968000000,7.1490000000,7.3370000000,7.1420000000,7.2670000000,57282.0524150000,414523.8607102180,414523.8607102180,1,DORA-USDT
2022-01-24 05:00:00,1642971600000,7.2660000000,7.3860000000,7.1850000000,7.2710000000,60021.3963470000,436651.0708247120,436651.0708247120,1,DORA-USDT
2022-01-24 06:00:00,1642975200000,7.2710000000,7.3450000000,7.2360000000,7.3280000000,36059.7980340000,262468.6659716910,262468.6659716910,1,DORA-USDT
2022-01-24 07:00:00,1642978800000,7.3270000000,7.5900000000,7.3010000000,7.5440000000,81588.2291160000,611716.0709444520,611716.0709444520,1,DORA-USDT
2022-01-24 08:00:00,1642982400000,7.5440000000,7.5760000000,7.3790000000,7.4790000000,74299.1266900000,554793.3893019350,554793.3893019350,1,DORA-USDT
2022-01-24 09:00:00,1642986000000,7.4770000000,7.5730000000,7.3520000000,7.3620000000,52121.8059620000,389357.1620331970,389357.1620331970,1,DORA-USDT
2022-01-24 10:00:00,1642989600000,7.3630000000,7.4290000000,7.1510000000,7.1630000000,59047.2686760000,429270.0576953510,429270.0576953510,1,DORA-USDT
2022-01-24 11:00:00,1642993200000,7.1670000000,7.2430000000,7.1490000000,7.2420000000,36525.7843290000,263161.3855262080,263161.3855262080,1,DORA-USDT
2022-01-24 12:00:00,1642996800000,7.2430000000,7.2930000000,7.0910000000,7.1290000000,47864.2547070000,344532.2348774950,344532.2348774950,1,DORA-USDT
2022-01-24 13:00:00,1643000400000,7.1270000000,7.1290000000,7.0410000000,7.1200000000,40200.4758560000,284878.8600949920,284878.8600949920,1,DORA-USDT
2022-01-24 14:00:00,1643004000000,7.1170000000,7.2240000000,7.0770000000,7.1450000000,38134.7843210000,272688.2802031440,272688.2802031440,1,DORA-USDT
2022-01-24 15:00:00,1643007600000,7.1430000000,7.1470000000,6.8920000000,6.9350000000,54717.1880170000,384718.7861099880,384718.7861099880,1,DORA-USDT
2022-01-24 16:00:00,1643011200000,6.9420000000,7.0200000000,6.7910000000,6.8470000000,100137.3167480000,692845.0002442939,692845.0002442939,1,DORA-USDT
2022-01-24 17:00:00,1643014800000,6.8480000000,6.8680000000,6.5830000000,6.6870000000,87455.2835390000,587028.6950103950,587028.6950103950,1,DORA-USDT
2022-01-24 18:00:00,1643018400000,6.6860000000,6.6950000000,6.3890000000,6.4660000000,129754.6405700000,850402.5378370950,850402.5378370950,1,DORA-USDT
2022-01-24 19:00:00,1643022000000,6.4660000000,6.7410000000,6.3950000000,6.5750000000,143546.9678860000,947477.2078235820,947477.2078235820,1,DORA-USDT
2022-01-24 20:00:00,1643025600000,6.5670000000,6.6550000000,6.3390000000,6.4320000000,122687.4951000000,799330.3646485560,799330.3646485560,1,DORA-USDT
2022-01-24 21:00:00,1643029200000,6.4320000000,6.7000000000,6.3890000000,6.5250000000,120866.2270460000,786992.2444979920,786992.2444979920,1,DORA-USDT
2022-01-24 22:00:00,1643032800000,6.5260000000,6.9350000000,6.3960000000,6.6060000000,190137.8025240000,1256981.1078632360,1256981.1078632360,1,DORA-USDT
2022-01-24 23:00:00,1643036400000,6.6070000000,6.9090000000,6.4310000000,6.7950000000,144973.7846660000,971112.7433335980,971112.7433335980,1,DORA-USDT
2022-01-25 00:00:00,1643040000000,6.8020000000,6.9270000000,6.6150000000,6.7940000000,127124.8749590000,863498.0153092190,863498.0153092190,1,DORA-USDT
2022-01-25 01:00:00,1643043600000,6.7970000000,7.1570000000,6.7250000000,7.0540000000,101066.3919470000,701238.1502725490,701238.1502725490,1,DORA-USDT
2022-01-25 02:00:00,1643047200000,7.0560000000,7.2340000000,6.9770000000,7.1330000000,99876.1804060000,712519.0608721660,712519.0608721660,1,DORA-USDT
2022-01-25 03:00:00,1643050800000,7.1360000000,7.1750000000,7.0470000000,7.1650000000,79783.9662320000,566763.3627210479,566763.3627210479,1,DORA-USDT
2022-01-25 04:00:00,1643054400000,7.1640000000,7.3610000000,7.0880000000,7.2990000000,90313.9877070000,650215.3237885780,650215.3237885780,1,DORA-USDT
2022-01-25 05:00:00,1643058000000,7.2980000000,7.3150000000,7.1660000000,7.2510000000,73272.6209480000,531430.7606780720,531430.7606780720,1,DORA-USDT
2022-01-25 06:00:00,1643061600000,7.2510000000,7.2900000000,7.1300000000,7.1540000000,48065.7349700000,346322.3328272510,346322.3328272510,1,DORA-USDT
2022-01-25 07:00:00,1643065200000,7.1540000000,7.2990000000,7.1460000000,7.2620000000,57472.5548040000,414652.9005699110,414652.9005699110,1,DORA-USDT
2022-01-25 08:00:00,1643068800000,7.2590000000,7.2660000000,7.0190000000,7.0600000000,73066.3318360000,523380.1049986440,523380.1049986440,1,DORA-USDT
2022-01-25 09:00:00,1643072400000,7.0620000000,7.1180000000,7.0060000000,7.0640000000,59916.8213830000,423209.1755314410,423209.1755314410,1,DORA-USDT
2022-01-25 10:00:00,1643076000000,7.0660000000,7.1260000000,7.0320000000,7.0740000000,42571.1171240000,301318.9889269530,301318.9889269530,1,DORA-USDT
2022-01-25 11:00:00,1643079600000,7.0740000000,7.1160000000,7.0000000000,7.0360000000,59036.4181280000,416045.2122292360,416045.2122292360,1,DORA-USDT
2022-01-25 12:00:00,1643083200000,7.0370000000,7.0640000000,6.8960000000,6.9860000000,63177.7159600000,441550.6019265490,441550.6019265490,1,DORA-USDT
2022-01-25 13:00:00,1643086800000,6.9810000000,7.0620000000,6.9460000000,7.0150000000,63851.5009030000,446721.1644750240,446721.1644750240,1,DORA-USDT
2022-01-25 14:00:00,1643090400000,7.0150000000,7.0540000000,6.9130000000,6.9300000000,74852.3851610000,521948.9303084200,521948.9303084200,1,DORA-USDT
2022-01-25 15:00:00,1643094000000,6.9300000000,7.0140000000,6.8640000000,6.9870000000,46953.2341010000,326213.3599929030,326213.3599929030,1,DORA-USDT
2022-01-25 16:00:00,1643097600000,6.9970000000,7.0190000000,6.8410000000,6.9010000000,79805.3928800000,553535.4919197320,553535.4919197320,1,DORA-USDT
2022-01-25 17:00:00,1643101200000,6.9040000000,7.1110000000,6.8960000000,7.0440000000,63230.6945670000,442875.1378222250,442875.1378222250,1,DORA-USDT
2022-01-25 18:00:00,1643104800000,7.0420000000,7.1790000000,6.8400000000,6.9730000000,96011.1969670000,672499.2290852231,672499.2290852231,1,DORA-USDT
2022-01-25 19:00:00,1643108400000,6.9710000000,7.0180000000,6.7720000000,6.8530000000,72274.5541170000,497857.7695418120,497857.7695418120,1,DORA-USDT
2022-01-25 20:00:00,1643112000000,6.8480000000,6.9960000000,6.8090000000,6.8980000000,52545.0879500000,362464.8551652220,362464.8551652220,1,DORA-USDT
2022-01-25 21:00:00,1643115600000,6.8990000000,6.9620000000,6.8040000000,6.9320000000,59533.3484770000,410251.4696284330,410251.4696284330,1,DORA-USDT
2022-01-25 22:00:00,1643119200000,6.9270000000,7.0390000000,6.7500000000,6.7580000000,101409.3991930000,700956.7960583851,700956.7960583851,1,DORA-USDT
2022-01-25 23:00:00,1643122800000,6.7610000000,6.9800000000,6.6950000000,6.8820000000,97872.6218490000,668586.3139620411,668586.3139620411,1,DORA-USDT
2022-01-26 00:00:00,1643126400000,6.8810000000,7.3250000000,6.8730000000,7.1260000000,115506.8127020000,822915.6875605460,822915.6875605460,1,DORA-USDT
2022-01-26 01:00:00,1643130000000,7.1280000000,7.3200000000,7.1220000000,7.2290000000,77705.9243640000,560795.3759803351,560795.3759803351,1,DORA-USDT
2022-01-26 02:00:00,1643133600000,7.2460000000,7.2510000000,7.1090000000,7.2290000000,51896.3614730000,373266.6421396880,373266.6421396880,1,DORA-USDT
2022-01-26 03:00:00,1643137200000,7.2280000000,7.2300000000,7.0960000000,7.1360000000,48130.6134690000,344744.2944416230,344744.2944416230,1,DORA-USDT
2022-01-26 04:00:00,1643140800000,7.1310000000,7.1560000000,6.9460000000,6.9830000000,73455.6411630000,516078.7698192420,516078.7698192420,1,DORA-USDT
2022-01-26 05:00:00,1643144400000,6.9840000000,6.9930000000,6.8300000000,6.8750000000,62779.7958810000,433125.3914222070,433125.3914222070,1,DORA-USDT
2022-01-26 06:00:00,1643148000000,6.8760000000,6.9370000000,6.8230000000,6.9280000000,38054.1067720000,261946.4718285750,261946.4718285750,1,DORA-USDT
2022-01-26 07:00:00,1643151600000,6.9330000000,7.0520000000,6.8840000000,6.9780000000,71427.0301610000,498253.5739971220,498253.5739971220,1,DORA-USDT
2022-01-26 08:00:00,1643155200000,6.9800000000,7.0010000000,6.7800000000,6.8060000000,70033.4085500000,481252.8648546540,481252.8648546540,1,DORA-USDT
2022-01-26 09:00:00,1643158800000,6.8080000000,6.9050000000,6.7930000000,6.8640000000,41876.5240360000,286216.3814585260,286216.3814585260,1,DORA-USDT
2022-01-26 10:00:00,1643162400000,6.8640000000,6.9800000000,6.8220000000,6.8780000000,60910.1006950000,421030.6963469680,421030.6963469680,1,DORA-USDT
2022-01-26 11:00:00,1643166000000,6.8790000000,7.1060000000,6.8370000000,6.9800000000,78973.4761280000,550560.5199717589,550560.5199717589,1,DORA-USDT
2022-01-26 12:00:00,1643169600000,6.9810000000,7.1590000000,6.8640000000,7.1270000000,63582.4705110000,447741.8529756440,447741.8529756440,1,DORA-USDT
2022-01-26 13:00:00,1643173200000,7.1280000000,7.1720000000,7.0670000000,7.1340000000,45558.8672420000,323941.3753427330,323941.3753427330,1,DORA-USDT
2022-01-26 14:00:00,1643176800000,7.1330000000,7.1970000000,6.9990000000,7.0540000000,63586.6121770000,451719.3793557640,451719.3793557640,1,DORA-USDT
2022-01-26 15:00:00,1643180400000,7.0600000000,7.1160000000,6.9840000000,7.0650000000,55210.5707960000,389434.5815687080,389434.5815687080,1,DORA-USDT
2022-01-26 16:00:00,1643184000000,7.0650000000,7.2620000000,7.0630000000,7.2390000000,51270.9377100000,367408.8392657660,367408.8392657660,1,DORA-USDT
2022-01-26 17:00:00,1643187600000,7.2310000000,7.3390000000,7.1530000000,7.1930000000,50039.3093110000,362251.5951069800,362251.5951069800,1,DORA-USDT
2022-01-26 18:00:00,1643191200000,7.1890000000,7.3260000000,7.1330000000,7.2830000000,51604.2091610000,371960.7307857390,371960.7307857390,1,DORA-USDT
2022-01-26 19:00:00,1643194800000,7.2710000000,7.3310000000,7.2210000000,7.2840000000,49280.3472760000,358080.2251505480,358080.2251505480,1,DORA-USDT
2022-01-26 20:00:00,1643198400000,7.2850000000,7.2880000000,7.1700000000,7.2250000000,49029.7261690000,354436.6694473430,354436.6694473430,1,DORA-USDT
2022-01-26 21:00:00,1643202000000,7.2250000000,7.3760000000,7.1960000000,7.3570000000,52039.5047700000,379002.6959301460,379002.6959301460,1,DORA-USDT
2022-01-26 22:00:00,1643205600000,7.3580000000,7.4260000000,7.1530000000,7.2510000000,80971.6161890000,590766.6495343270,590766.6495343270,1,DORA-USDT
2022-01-26 23:00:00,1643209200000,7.2500000000,7.3230000000,7.1230000000,7.2230000000,70215.7995860000,507132.5631192840,507132.5631192840,1,DORA-USDT
2022-01-27 00:00:00,1643212800000,7.2150000000,7.2200000000,7.1350000000,7.1890000000,52888.6367070000,379800.0128817390,379800.0128817390,1,DORA-USDT
2022-01-27 01:00:00,1643216400000,7.1850000000,7.2500000000,7.0640000000,7.0970000000,42112.4258240000,302141.9943877900,302141.9943877900,1,DORA-USDT
2022-01-27 02:00:00,1643220000000,7.0980000000,7.1090000000,6.7800000000,7.0540000000,85407.0703990000,595851.3562037990,595851.3562037990,1,DORA-USDT
2022-01-27 03:00:00,1643223600000,7.0520000000,7.4030000000,6.9840000000,7.0010000000,152708.0504320000,1091696.7254992621,1091696.7254992621,1,DORA-USDT
2022-01-27 04:00:00,1643227200000,7.0010000000,7.0010000000,6.6820000000,6.7580000000,97552.3053270000,662057.7646742390,662057.7646742390,1,DORA-USDT
2022-01-27 05:00:00,1643230800000,6.7540000000,6.8050000000,6.5130000000,6.5400000000,73748.7662080000,491240.1237614700,491240.1237614700,1,DORA-USDT
2022-01-27 06:00:00,1643234400000,6.5410000000,6.6180000000,6.5050000000,6.5980000000,39119.7610130000,256527.6850409070,256527.6850409070,1,DORA-USDT
2022-01-27 07:00:00,1643238000000,6.5990000000,6.6870000000,6.5860000000,6.6350000000,41040.5786210000,272430.7247477440,272430.7247477440,1,DORA-USDT
2022-01-27 08:00:00,1643241600000,6.6460000000,6.7110000000,6.5990000000,6.6950000000,41609.8328270000,277472.5909455290,277472.5909455290,1,DORA-USDT
2022-01-27 09:00:00,1643245200000,6.6950000000,6.6960000000,6.4310000000,6.4490000000,67505.3903090000,441697.9085836210,441697.9085836210,1,DORA-USDT
2022-01-27 10:00:00,1643248800000,6.4430000000,6.4960000000,6.4010000000,6.4800000000,70198.5446710000,452284.1216561410,452284.1216561410,1,DORA-USDT
2022-01-27 11:00:00,1643252400000,6.4790000000,6.5370000000,6.3690000000,6.4290000000,65363.3506190000,422414.0117886120,422414.0117886120,1,DORA-USDT
2022-01-27 12:00:00,1643256000000,6.4280000000,6.5010000000,6.3880000000,6.4870000000,66823.8323150000,430608.1768734100,430608.1768734100,1,DORA-USDT
2022-01-27 13:00:00,1643259600000,6.4880000000,6.5180000000,6.4290000000,6.4780000000,60780.0017340000,393330.5469911790,393330.5469911790,1,DORA-USDT
2022-01-27 14:00:00,1643263200000,6.4740000000,6.5260000000,6.4350000000,6.4990000000,37275.0101150000,241476.0152122020,241476.0152122020,1,DORA-USDT
2022-01-27 15:00:00,1643266800000,6.5030000000,6.5870000000,6.4540000000,6.5370000000,55817.1087700000,364726.9633909690,364726.9633909690,1,DORA-USDT
2022-01-27 16:00:00,1643270400000,6.5370000000,6.6680000000,6.4120000000,6.5880000000,58507.2206290000,380373.0497219680,380373.0497219680,1,DORA-USDT
2022-01-27 17:00:00,1643274000000,6.5870000000,7.0000000000,6.5660000000,6.6540000000,90595.7032420000,601290.0155375740,601290.0155375740,1,DORA-USDT
2022-01-27 18:00:00,1643277600000,6.6540000000,6.7080000000,6.5260000000,6.5680000000,60653.1681070000,402226.0402579240,402226.0402579240,1,DORA-USDT
2022-01-27 19:00:00,1643281200000,6.5680000000,6.7200000000,6.5670000000,6.7050000000,70884.2811790000,472144.4532164840,472144.4532164840,1,DORA-USDT
2022-01-27 20:00:00,1643284800000,6.7070000000,6.7900000000,6.6700000000,6.7250000000,85448.5571370000,574505.5151932950,574505.5151932950,1,DORA-USDT
2022-01-27 21:00:00,1643288400000,6.7240000000,6.7860000000,6.6350000000,6.7680000000,81186.4054710000,546295.9550439500,546295.9550439500,1,DORA-USDT
2022-01-27 22:00:00,1643292000000,6.7650000000,6.9160000000,6.7240000000,6.7940000000,102424.5741470000,697818.2818257220,697818.2818257220,1,DORA-USDT
2022-01-27 23:00:00,1643295600000,6.7980000000,6.9250000000,6.6860000000,6.7620000000,79700.3238360000,541417.7968290490,541417.7968290490,1,DORA-USDT
2022-01-28 00:00:00,1643299200000,6.7660000000,6.8280000000,6.6480000000,6.7340000000,67117.9598050000,451889.5300836030,451889.5300836030,1,DORA-USDT
2022-01-28 01:00:00,1643302800000,6.7330000000,6.7580000000,6.6110000000,6.6590000000,52713.9127360000,351565.6438437840,351565.6438437840,1,DORA-USDT
2022-01-28 02:00:00,1643306400000,6.6530000000,6.7330000000,6.5960000000,6.6900000000,50898.1940250000,338003.1632950740,338003.1632950740,1,DORA-USDT
2022-01-28 03:00:00,1643310000000,6.6890000000,6.7360000000,6.5010000000,6.5540000000,56697.3213180000,373925.8803522900,373925.8803522900,1,DORA-USDT
2022-01-28 04:00:00,1643313600000,6.5550000000,6.6510000000,6.3550000000,6.3590000000,73052.8342260000,473531.3117149660,473531.3117149660,1,DORA-USDT
2022-01-28 05:00:00,1643317200000,6.3650000000,6.5070000000,6.3580000000,6.4730000000,66942.6594050000,430529.9213835480,430529.9213835480,1,DORA-USDT
2022-01-28 06:00:00,1643320800000,6.4720000000,6.5340000000,6.3610000000,6.4550000000,59399.7769420000,382060.5649940500,382060.5649940500,1,DORA-USDT
2022-01-28 07:00:00,1643324400000,6.4530000000,6.6120000000,6.4530000000,6.6030000000,47515.2493200000,309997.4145017250,309997.4145017250,1,DORA-USDT
2022-01-28 08:00:00,1643328000000,6.6120000000,6.6260000000,6.5140000000,6.6090000000,53674.2007130000,352487.9503075250,352487.9503075250,1,DORA-USDT
2022-01-28 09:00:00,1643331600000,6.5980000000,6.6360000000,6.4500000000,6.4970000000,59897.8782430000,391679.2420621500,391679.2420621500,1,DORA-USDT
2022-01-28 10:00:00,1643335200000,6.4960000000,6.6040000000,6.4340000000,6.5710000000,57999.1122200000,377570.7091957820,377570.7091957820,1,DORA-USDT
2022-01-28 11:00:00,1643338800000,6.5700000000,6.7150000000,6.5560000000,6.6530000000,53956.2983280000,358346.7737264310,358346.7737264310,1,DORA-USDT
2022-01-28 12:00:00,1643342400000,6.6610000000,6.7140000000,6.5840000000,6.6470000000,36554.9716130000,243247.9666796610,243247.9666796610,1,DORA-USDT
2022-01-28 13:00:00,1643346000000,6.6470000000,6.7570000000,6.6190000000,6.7180000000,36592.7580410000,244616.7178954460,244616.7178954460,1,DORA-USDT
2022-01-28 14:00:00,1643349600000,6.7060000000,6.8320000000,6.6590000000,6.6780000000,56229.3596700000,378999.1307656080,378999.1307656080,1,DORA-USDT
2022-01-28 15:00:00,1643353200000,6.6680000000,6.7490000000,6.6270000000,6.6750000000,58376.5132220000,390234.6808070110,390234.6808070110,1,DORA-USDT
2022-01-28 16:00:00,1643356800000,6.6740000000,6.8210000000,6.6500000000,6.7790000000,87383.7367510000,586937.2459586170,586937.2459586170,1,DORA-USDT
2022-01-28 17:00:00,1643360400000,6.7780000000,6.8280000000,6.6720000000,6.7190000000,74636.4183920000,502832.5361640000,502832.5361640000,1,DORA-USDT
2022-01-28 18:00:00,1643364000000,6.7190000000,6.8120000000,6.6570000000,6.7420000000,60315.9988790000,406063.6038022640,406063.6038022640,1,DORA-USDT
2022-01-28 19:00:00,1643367600000,6.7430000000,6.7470000000,6.6600000000,6.7060000000,43492.2266570000,291441.6040850200,291441.6040850200,1,DORA-USDT
2022-01-28 20:00:00,1643371200000,6.7070000000,6.7400000000,6.5200000000,6.5500000000,63376.1312910000,420773.3095569390,420773.3095569390,1,DORA-USDT
2022-01-28 21:00:00,1643374800000,6.5500000000,6.7700000000,6.5200000000,6.6790000000,79003.4972800000,523820.9352504280,523820.9352504280,1,DORA-USDT
2022-01-28 22:00:00,1643378400000,6.6800000000,6.7470000000,6.5850000000,6.6250000000,62769.3753800000,417947.3036873620,417947.3036873620,1,DORA-USDT
2022-01-28 23:00:00,1643382000000,6.6150000000,6.7710000000,6.5870000000,6.7590000000,61752.5707730000,413368.4789801380,413368.4789801380,1,DORA-USDT
2022-01-29 00:00:00,1643385600000,6.7730000000,6.8340000000,6.6800000000,6.7420000000,64770.5087760000,437356.1610809440,437356.1610809440,1,DORA-USDT
2022-01-29 01:00:00,1643389200000,6.7410000000,6.7710000000,6.6470000000,6.6630000000,43730.0587320000,293544.1449693010,293544.1449693010,1,DORA-USDT
2022-01-29 02:00:00,1643392800000,6.6640000000,6.7610000000,6.6360000000,6.7160000000,49691.5483340000,332680.1123392490,332680.1123392490,1,DORA-USDT
2022-01-29 03:00:00,1643396400000,6.7150000000,6.7480000000,6.6440000000,6.7440000000,40109.8028260000,268774.6821617290,268774.6821617290,1,DORA-USDT
2022-01-29 04:00:00,1643400000000,6.7440000000,6.8650000000,6.6980000000,6.8460000000,36140.1211150000,245028.9921260030,245028.9921260030,1,DORA-USDT
2022-01-29 05:00:00,1643403600000,6.8450000000,6.9250000000,6.8420000000,6.8740000000,31844.0566200000,219324.9872744210,219324.9872744210,1,DORA-USDT
2022-01-29 06:00:00,1643407200000,6.8740000000,6.8910000000,6.7910000000,6.8120000000,28446.5681410000,194831.1589052480,194831.1589052480,1,DORA-USDT
2022-01-29 07:00:00,1643410800000,6.8110000000,6.8910000000,6.7970000000,6.8750000000,26220.4912140000,179422.7309310350,179422.7309310350,1,DORA-USDT
2022-01-29 08:00:00,1643414400000,6.8740000000,6.9900000000,6.8360000000,6.9630000000,56553.3776890000,392085.0126881780,392085.0126881780,1,DORA-USDT
2022-01-29 09:00:00,1643418000000,6.9640000000,7.0210000000,6.8790000000,6.9170000000,62199.3659080000,432072.8025489260,432072.8025489260,1,DORA-USDT
2022-01-29 10:00:00,1643421600000,6.9170000000,6.9930000000,6.9000000000,6.9820000000,55665.7576210000,386980.9537651400,386980.9537651400,1,DORA-USDT
2022-01-29 11:00:00,1643425200000,6.9750000000,7.0740000000,6.9600000000,7.0690000000,42643.0496520000,299410.6873000560,299410.6873000560,1,DORA-USDT
2022-01-29 12:00:00,1643428800000,7.0650000000,7.1660000000,7.0440000000,7.1360000000,47734.0569290000,339638.6382747730,339638.6382747730,1,DORA-USDT
2022-01-29 13:00:00,1643432400000,7.1360000000,7.1460000000,7.0340000000,7.0660000000,29367.4417820000,208566.7291606570,208566.7291606570,1,DORA-USDT
2022-01-29 14:00:00,1643436000000,7.0670000000,7.1640000000,7.0310000000,7.1420000000,40275.0517910000,285295.2861554580,285295.2861554580,1,DORA-USDT
2022-01-29 15:00:00,1643439600000,7.1410000000,7.2790000000,6.9690000000,7.2170000000,55165.4799290000,397984.0887547590,397984.0887547590,1,DORA-USDT
2022-01-29 16:00:00,1643443200000,7.2170000000,7.2510000000,7.0430000000,7.1520000000,46891.8731080000,334560.9762447240,334560.9762447240,1,DORA-USDT
2022-01-29 17:00:00,1643446800000,7.1550000000,7.3610000000,7.1200000000,7.3520000000,37582.5673030000,271545.8013935290,271545.8013935290,1,DORA-USDT
2022-01-29 18:00:00,1643450400000,7.3600000000,7.3780000000,7.2330000000,7.3250000000,45265.6310270000,331181.2498224360,331181.2498224360,1,DORA-USDT
2022-01-29 19:00:00,1643454000000,7.3250000000,7.4370000000,7.2820000000,7.4060000000,57576.4444170000,423819.5683996780,423819.5683996780,1,DORA-USDT
2022-01-29 20:00:00,1643457600000,7.4070000000,7.6950000000,7.4050000000,7.6450000000,73649.2320910000,558327.5719244730,558327.5719244730,1,DORA-USDT
2022-01-29 21:00:00,1643461200000,7.6440000000,7.7350000000,7.5630000000,7.7230000000,60786.2335240000,465585.6387471570,465585.6387471570,1,DORA-USDT
2022-01-29 22:00:00,1643464800000,7.7330000000,7.7770000000,7.4240000000,7.4980000000,83568.7573830000,640908.0422610330,640908.0422610330,1,DORA-USDT
2022-01-29 23:00:00,1643468400000,7.4890000000,7.5910000000,7.3970000000,7.5910000000,76008.9874300000,569257.5460612091,569257.5460612091,1,DORA-USDT
2022-01-30 00:00:00,1643472000000,7.5480000000,7.5580000000,7.4150000000,7.5200000000,55624.1869390000,416527.7428326130,416527.7428326130,1,DORA-USDT
2022-01-30 01:00:00,1643475600000,7.5190000000,7.6820000000,7.5180000000,7.5910000000,56355.0783310000,428666.5863757720,428666.5863757720,1,DORA-USDT
2022-01-30 02:00:00,1643479200000,7.5850000000,7.7750000000,7.5610000000,7.6850000000,57337.0762200000,437940.6815565120,437940.6815565120,1,DORA-USDT
2022-01-30 03:00:00,1643482800000,7.6990000000,7.7710000000,7.6280000000,7.6450000000,69341.0129550000,533678.5251918370,533678.5251918370,1,DORA-USDT
2022-01-30 04:00:00,1643486400000,7.6480000000,7.8230000000,7.6230000000,7.7370000000,66478.9953380000,513463.2211479170,513463.2211479170,1,DORA-USDT
2022-01-30 05:00:00,1643490000000,7.7380000000,7.8600000000,7.7240000000,7.8070000000,41905.3435830000,327025.6897187620,327025.6897187620,1,DORA-USDT
2022-01-30 06:00:00,1643493600000,7.8080000000,7.8180000000,7.7150000000,7.7400000000,32662.2452930000,253253.8188065770,253253.8188065770,1,DORA-USDT
2022-01-30 07:00:00,1643497200000,7.7410000000,7.9050000000,7.7170000000,7.8780000000,37144.9612920000,289804.4100698890,289804.4100698890,1,DORA-USDT
2022-01-30 08:00:00,1643500800000,7.8780000000,7.9210000000,7.7240000000,7.7550000000,48168.2721560000,377495.7179468900,377495.7179468900,1,DORA-USDT
2022-01-30 09:00:00,1643504400000,7.7530000000,8.0200000000,7.7530000000,8.0150000000,61079.8769270000,483126.1882940390,483126.1882940390,1,DORA-USDT
2022-01-30 10:00:00,1643508000000,8.0140000000,8.0180000000,7.8590000000,7.8750000000,33550.1339570000,265705.0142152610,265705.0142152610,1,DORA-USDT
2022-01-30 11:00:00,1643511600000,7.8760000000,7.9360000000,7.7530000000,7.7750000000,37334.7944340000,293398.5026946450,293398.5026946450,1,DORA-USDT
2022-01-30 12:00:00,1643515200000,7.7750000000,7.8060000000,7.7440000000,7.7920000000,22724.1381640000,176767.4626608860,176767.4626608860,1,DORA-USDT
2022-01-30 13:00:00,1643518800000,7.7920000000,7.8410000000,7.7620000000,7.8120000000,23134.7590280000,180726.3100574160,180726.3100574160,1,DORA-USDT
2022-01-30 14:00:00,1643522400000,7.8120000000,7.8150000000,7.7570000000,7.7970000000,22245.4254600000,173168.1741818920,173168.1741818920,1,DORA-USDT
2022-01-30 15:00:00,1643526000000,7.7940000000,7.8310000000,7.7580000000,7.7760000000,22377.7414200000,174371.4173359990,174371.4173359990,1,DORA-USDT
2022-01-30 16:00:00,1643529600000,7.7750000000,7.8030000000,7.5710000000,7.6030000000,44348.3886080000,339929.0586243770,339929.0586243770,1,DORA-USDT
2022-01-30 17:00:00,1643533200000,7.6030000000,7.6050000000,7.4660000000,7.4950000000,30578.0397510000,230139.6549054910,230139.6549054910,1,DORA-USDT
2022-01-30 18:00:00,1643536800000,7.4940000000,7.5650000000,7.4910000000,7.5500000000,32298.9932440000,243150.4864795950,243150.4864795950,1,DORA-USDT
2022-01-30 19:00:00,1643540400000,7.5500000000,7.5880000000,7.4970000000,7.5360000000,30126.0194820000,227142.8475196920,227142.8475196920,1,DORA-USDT
2022-01-30 20:00:00,1643544000000,7.5360000000,7.5390000000,7.4570000000,7.4750000000,24082.3311680000,180834.4587633270,180834.4587633270,1,DORA-USDT
2022-01-30 21:00:00,1643547600000,7.4760000000,7.5060000000,7.4300000000,7.4480000000,20590.5075600000,153728.6394123290,153728.6394123290,1,DORA-USDT
2022-01-30 22:00:00,1643551200000,7.4490000000,7.4650000000,7.2930000000,7.3330000000,37591.4005080000,276511.5504308730,276511.5504308730,1,DORA-USDT
2022-01-30 23:00:00,1643554800000,7.3320000000,7.4240000000,7.3250000000,7.3850000000,41992.1165060000,309854.8903756270,309854.8903756270,1,DORA-USDT
2022-01-31 00:00:00,1643558400000,7.3860000000,7.6800000000,7.3730000000,7.4210000000,76401.7941310000,574149.4953184820,574149.4953184820,1,DORA-USDT
2022-01-31 01:00:00,1643562000000,7.4180000000,7.4760000000,7.3890000000,7.4590000000,25432.4703300000,189264.4750462440,189264.4750462440,1,DORA-USDT
2022-01-31 02:00:00,1643565600000,7.4590000000,7.4720000000,7.3700000000,7.3830000000,19611.1482140000,145632.4308091410,145632.4308091410,1,DORA-USDT
2022-01-31 03:00:00,1643569200000,7.3850000000,7.3900000000,7.1920000000,7.2050000000,44226.1439950000,320527.6309754830,320527.6309754830,1,DORA-USDT
2022-01-31 04:00:00,1643572800000,7.2040000000,7.2940000000,7.1640000000,7.2640000000,52088.7224430000,377300.0339686360,377300.0339686360,1,DORA-USDT
2022-01-31 05:00:00,1643576400000,7.2630000000,7.2940000000,7.2020000000,7.2280000000,39965.1307920000,289559.5500888600,289559.5500888600,1,DORA-USDT
2022-01-31 06:00:00,1643580000000,7.2290000000,7.3860000000,7.2290000000,7.3750000000,50903.6573710000,371798.0235187680,371798.0235187680,1,DORA-USDT
2022-01-31 07:00:00,1643583600000,7.3750000000,7.4450000000,7.2390000000,7.2890000000,51068.4605400000,374852.7901537500,374852.7901537500,1,DORA-USDT
2022-01-31 08:00:00,1643587200000,7.2890000000,7.3000000000,6.8910000000,6.9890000000,65648.1693240000,466363.0890033820,466363.0890033820,1,DORA-USDT
2022-01-31 09:00:00,1643590800000,6.9880000000,7.0210000000,6.8830000000,6.9290000000,45648.6003010000,318502.5992456240,318502.5992456240,1,DORA-USDT
2022-01-31 10:00:00,1643594400000,6.9280000000,6.9680000000,6.8100000000,6.9080000000,47812.4092780000,330712.5761334010,330712.5761334010,1,DORA-USDT
2022-01-31 11:00:00,1643598000000,6.9230000000,6.9920000000,6.8730000000,6.9220000000,33721.4502330000,233636.8189404480,233636.8189404480,1,DORA-USDT
2022-01-31 12:00:00,1643601600000,6.9230000000,6.9270000000,6.8170000000,6.8400000000,40563.6230440000,278362.0423975450,278362.0423975450,1,DORA-USDT
2022-01-31 13:00:00,1643605200000,6.8390000000,6.9100000000,6.8100000000,6.8780000000,30709.0333160000,210581.5770514850,210581.5770514850,1,DORA-USDT
2022-01-31 14:00:00,1643608800000,6.8770000000,6.8860000000,6.8010000000,6.8170000000,33819.9082160000,231648.8628376680,231648.8628376680,1,DORA-USDT
2022-01-31 15:00:00,1643612400000,6.8170000000,6.9380000000,6.8130000000,6.8870000000,36095.4691020000,248336.6365200090,248336.6365200090,1,DORA-USDT
2022-01-31 16:00:00,1643616000000,6.8870000000,6.9070000000,6.8500000000,6.8740000000,20517.7976180000,141200.8878252870,141200.8878252870,1,DORA-USDT
2022-01-31 17:00:00,1643619600000,6.8740000000,6.8810000000,6.8000000000,6.8050000000,34805.7537530000,237874.4855688520,237874.4855688520,1,DORA-USDT
2022-01-31 18:00:00,1643623200000,6.8040000000,6.8680000000,6.7930000000,6.8420000000,16754.6488270000,114356.1324134300,114356.1324134300,1,DORA-USDT
2022-01-31 19:00:00,1643626800000,6.8430000000,6.8730000000,6.7350000000,6.8160000000,37125.3519320000,252686.0580820910,252686.0580820910,1,DORA-USDT
2022-01-31 20:00:00,1643630400000,6.8160000000,6.8350000000,6.7080000000,6.7600000000,42233.1653470000,285012.8219467360,285012.8219467360,1,DORA-USDT
2022-01-31 21:00:00,1643634000000,6.7590000000,6.8350000000,6.7270000000,6.8260000000,26538.3895180000,180160.1223289870,180160.1223289870,1,DORA-USDT
2022-01-31 22:00:00,1643637600000,6.8260000000,6.8900000000,6.7960000000,6.8900000000,29377.5054870000,201026.9196433060,201026.9196433060,1,DORA-USDT
2022-01-31 23:00:00,1643641200000,6.8950000000,7.0370000000,6.8750000000,6.9910000000,52170.7857520000,362367.9534557650,362367.9534557650,1,DORA-USDT
2022-02-01 00:00:00,1643644800000,7.0040000000,7.1870000000,6.9350000000,7.1580000000,77756.3550550000,547394.1693284630,547394.1693284630,1,DORA-USDT
2022-02-01 01:00:00,1643648400000,7.1570000000,7.1920000000,7.0860000000,7.1590000000,54660.7858460000,390375.1603981890,390375.1603981890,1,DORA-USDT
2022-02-01 02:00:00,1643652000000,7.1580000000,7.1840000000,7.0830000000,7.0940000000,39271.8905320000,280179.7078328240,280179.7078328240,1,DORA-USDT
2022-02-01 03:00:00,1643655600000,7.0910000000,7.1650000000,7.0580000000,7.0810000000,37236.4570050000,264739.4182957470,264739.4182957470,1,DORA-USDT
2022-02-01 04:00:00,1643659200000,7.0820000000,7.1130000000,7.0400000000,7.1000000000,25172.3754370000,178081.1508472270,178081.1508472270,1,DORA-USDT
2022-02-01 05:00:00,1643662800000,7.0990000000,7.1080000000,7.0500000000,7.0850000000,32298.7634610000,228743.2723430750,228743.2723430750,1,DORA-USDT
2022-02-01 06:00:00,1643666400000,7.0840000000,7.0990000000,7.0250000000,7.0330000000,17957.8236700000,126918.9222315510,126918.9222315510,1,DORA-USDT
2022-02-01 07:00:00,1643670000000,7.0330000000,7.0980000000,7.0330000000,7.0730000000,30711.1025280000,216715.3869027510,216715.3869027510,1,DORA-USDT
2022-02-01 08:00:00,1643673600000,7.0710000000,7.0770000000,6.9960000000,7.0180000000,32070.8786330000,225452.4269234760,225452.4269234760,1,DORA-USDT
2022-02-01 09:00:00,1643677200000,7.0170000000,7.0340000000,6.9650000000,6.9890000000,15227.2387600000,106662.0951918800,106662.0951918800,1,DORA-USDT
2022-02-01 10:00:00,1643680800000,6.9890000000,7.0470000000,6.9680000000,7.0420000000,24173.4802050000,169499.7035389810,169499.7035389810,1,DORA-USDT
2022-02-01 11:00:00,1643684400000,7.0420000000,7.1040000000,7.0220000000,7.0860000000,26422.4738620000,186756.6772680130,186756.6772680130,1,DORA-USDT
2022-02-01 12:00:00,1643688000000,7.0860000000,7.1490000000,7.0540000000,7.0880000000,26748.6736280000,189692.2575989910,189692.2575989910,1,DORA-USDT
2022-02-01 13:00:00,1643691600000,7.0870000000,7.2000000000,7.0660000000,7.1250000000,49984.3343270000,356529.0332688050,356529.0332688050,1,DORA-USDT
2022-02-01 14:00:00,1643695200000,7.1260000000,7.1590000000,7.0950000000,7.1370000000,22780.6944370000,162339.1855968590,162339.1855968590,1,DORA-USDT
2022-02-01 15:00:00,1643698800000,7.1370000000,7.1610000000,7.1000000000,7.1400000000,36116.1619850000,257576.8917664650,257576.8917664650,1,DORA-USDT
2022-02-01 16:00:00,1643702400000,7.1490000000,7.2830000000,7.1050000000,7.2700000000,33635.1425990000,242225.9724623810,242225.9724623810,1,DORA-USDT
2022-02-01 17:00:00,1643706000000,7.2700000000,7.3860000000,7.1660000000,7.1850000000,66086.2604150000,480385.5276088790,480385.5276088790,1,DORA-USDT
2022-02-01 18:00:00,1643709600000,7.1860000000,7.3050000000,7.0940000000,7.1850000000,48209.8971260000,347147.3043297520,347147.3043297520,1,DORA-USDT
2022-02-01 19:00:00,1643713200000,7.1850000000,7.2720000000,7.1620000000,7.1930000000,44452.9141000000,320908.0375886480,320908.0375886480,1,DORA-USDT
2022-02-01 20:00:00,1643716800000,7.1920000000,7.2630000000,7.1710000000,7.2500000000,44145.3342320000,318575.1045388920,318575.1045388920,1,DORA-USDT
2022-02-01 21:00:00,1643720400000,7.2510000000,7.2770000000,7.1020000000,7.1700000000,57599.1080330000,414598.3662532060,414598.3662532060,1,DORA-USDT
2022-02-01 22:00:00,1643724000000,7.1700000000,7.3000000000,7.1530000000,7.2520000000,71377.6196440000,515632.5737488440,515632.5737488440,1,DORA-USDT
2022-02-01 23:00:00,1643727600000,7.2530000000,7.3420000000,7.1700000000,7.2960000000,52007.9369450000,375966.7964246380,375966.7964246380,1,DORA-USDT
2022-02-02 00:00:00,1643731200000,7.2950000000,7.3670000000,7.1650000000,7.2100000000,59994.4120260000,434486.7234235970,434486.7234235970,1,DORA-USDT
2022-02-02 01:00:00,1643734800000,7.2110000000,7.2340000000,7.0820000000,7.1170000000,57785.0639260000,413345.3155172890,413345.3155172890,1,DORA-USDT
2022-02-02 02:00:00,1643738400000,7.1140000000,7.1420000000,7.0320000000,7.0540000000,27982.7300000000,198721.4114927950,198721.4114927950,1,DORA-USDT
2022-02-02 03:00:00,1643742000000,7.0460000000,7.1040000000,7.0360000000,7.0630000000,24483.8146370000,173036.0035330950,173036.0035330950,1,DORA-USDT
2022-02-02 04:00:00,1643745600000,7.0620000000,7.1410000000,7.0620000000,7.0850000000,30514.7117400000,216820.7253795920,216820.7253795920,1,DORA-USDT
2022-02-02 05:00:00,1643749200000,7.0760000000,7.1440000000,7.0760000000,7.1430000000,26880.0140820000,191292.1412839540,191292.1412839540,1,DORA-USDT
2022-02-02 06:00:00,1643752800000,7.1430000000,7.1610000000,7.0740000000,7.0960000000,29829.8289080000,212289.6921229170,212289.6921229170,1,DORA-USDT
2022-02-02 07:00:00,1643756400000,7.0960000000,7.1870000000,7.0890000000,7.1610000000,25093.9587970000,179213.3886887540,179213.3886887540,1,DORA-USDT
2022-02-02 08:00:00,1643760000000,7.1620000000,7.2140000000,7.0950000000,7.1450000000,52110.0664670000,372771.8706227370,372771.8706227370,1,DORA-USDT
2022-02-02 09:00:00,1643763600000,7.1450000000,7.2120000000,7.1230000000,7.1900000000,35298.1717190000,253017.2641151750,253017.2641151750,1,DORA-USDT
2022-02-02 10:00:00,1643767200000,7.1890000000,7.2840000000,7.1790000000,7.2740000000,23036.3492830000,166898.4800305290,166898.4800305290,1,DORA-USDT
2022-02-02 11:00:00,1643770800000,7.2750000000,7.3290000000,7.2470000000,7.2550000000,19263.4266450000,140296.6178517920,140296.6178517920,1,DORA-USDT
2022-02-02 12:00:00,1643774400000,7.2560000000,7.2560000000,7.2040000000,7.2340000000,14709.1066710000,106266.4840826640,106266.4840826640,1,DORA-USDT
2022-02-02 13:00:00,1643778000000,7.2310000000,7.2870000000,7.2230000000,7.2860000000,16311.9189940000,118180.8368970830,118180.8368970830,1,DORA-USDT
2022-02-02 14:00:00,1643781600000,7.2840000000,7.3690000000,7.2430000000,7.2920000000,38925.9372010000,284179.9376431150,284179.9376431150,1,DORA-USDT
2022-02-02 15:00:00,1643785200000,7.2900000000,7.3130000000,7.2240000000,7.2390000000,20945.7219600000,152547.4129934210,152547.4129934210,1,DORA-USDT
2022-02-02 16:00:00,1643788800000,7.2400000000,7.3510000000,7.2180000000,7.3000000000,35484.5927720000,257398.7052234500,257398.7052234500,1,DORA-USDT
2022-02-02 17:00:00,1643792400000,7.3010000000,7.3680000000,7.2700000000,7.3670000000,28846.7265120000,210920.4880107370,210920.4880107370,1,DORA-USDT
2022-02-02 18:00:00,1643796000000,7.3690000000,7.4270000000,7.3300000000,7.4170000000,33938.1078290000,250231.1022208170,250231.1022208170,1,DORA-USDT
2022-02-02 19:00:00,1643799600000,7.4170000000,7.5070000000,7.3800000000,7.4890000000,21012.1857420000,156570.0111005530,156570.0111005530,1,DORA-USDT
2022-02-02 20:00:00,1643803200000,7.4900000000,7.6940000000,7.4610000000,7.6920000000,41398.8967600000,313535.6831021810,313535.6831021810,1,DORA-USDT
2022-02-02 21:00:00,1643806800000,7.6930000000,7.7650000000,7.6590000000,7.6700000000,45960.7627350000,354552.0197345640,354552.0197345640,1,DORA-USDT
2022-02-02 22:00:00,1643810400000,7.6650000000,7.6990000000,6.9760000000,7.0390000000,116465.7435730000,852815.3102652000,852815.3102652000,1,DORA-USDT
2022-02-02 23:00:00,1643814000000,7.0380000000,7.0860000000,6.6350000000,6.6890000000,108781.0988880000,740509.6070485041,740509.6070485041,1,DORA-USDT
2022-02-03 00:00:00,1643817600000,6.6890000000,6.6910000000,6.4600000000,6.5440000000,57634.8670880000,376952.0130151090,376952.0130151090,1,DORA-USDT
2022-02-03 01:00:00,1643821200000,6.5450000000,6.6060000000,6.5220000000,6.5730000000,50999.7524570000,334820.0836796840,334820.0836796840,1,DORA-USDT
2022-02-03 02:00:00,1643824800000,6.5750000000,6.5900000000,6.5320000000,6.5440000000,22764.4406380000,149400.8870311090,149400.8870311090,1,DORA-USDT
2022-02-03 03:00:00,1643828400000,6.5440000000,6.6080000000,6.5410000000,6.5750000000,28952.8421040000,190468.1705380720,190468.1705380720,1,DORA-USDT
2022-02-03 04:00:00,1643832000000,6.5740000000,6.5970000000,6.5040000000,6.5440000000,33170.9582140000,217249.3454920310,217249.3454920310,1,DORA-USDT
2022-02-03 05:00:00,1643835600000,6.5440000000,6.5640000000,6.3180000000,6.3920000000,61088.0190880000,392283.3110761340,392283.3110761340,1,DORA-USDT
2022-02-03 06:00:00,1643839200000,6.3890000000,6.4190000000,6.2870000000,6.3510000000,34550.1067110000,219470.1766645590,219470.1766645590,1,DORA-USDT
2022-02-03 07:00:00,1643842800000,6.3500000000,6.3940000000,6.3060000000,6.3310000000,21753.6744480000,138076.2694431080,138076.2694431080,1,DORA-USDT
2022-02-03 08:00:00,1643846400000,6.3330000000,6.4070000000,6.3070000000,6.3420000000,38868.8031700000,246921.3036270450,246921.3036270450,1,DORA-USDT
2022-02-03 09:00:00,1643850000000,6.3450000000,6.4080000000,6.3130000000,6.3300000000,28352.6207290000,180355.3733021750,180355.3733021750,1,DORA-USDT
2022-02-03 10:00:00,1643853600000,6.3270000000,6.3660000000,6.2560000000,6.3540000000,33175.8241210000,209393.7822971240,209393.7822971240,1,DORA-USDT
2022-02-03 11:00:00,1643857200000,6.3530000000,6.3800000000,6.2820000000,6.3090000000,27326.3377010000,173033.3576081230,173033.3576081230,1,DORA-USDT
2022-02-03 12:00:00,1643860800000,6.3080000000,6.3130000000,6.2910000000,6.3080000000,9324.7636920000,58772.4461746410,58772.4461746410,1,DORA-USDT
2022-02-03 13:00:00,1643864400000,6.3090000000,6.3920000000,6.2960000000,6.3830000000,33151.4890680000,210642.4801838610,210642.4801838610,1,DORA-USDT
2022-02-03 14:00:00,1643868000000,6.3810000000,6.3850000000,6.3110000000,6.3510000000,24762.6686640000,157242.6883425780,157242.6883425780,1,DORA-USDT
2022-02-03 15:00:00,1643871600000,6.3490000000,6.4670000000,6.3450000000,6.4550000000,32906.6750970000,211091.6139861680,211091.6139861680,1,DORA-USDT
2022-02-03 16:00:00,1643875200000,6.4510000000,6.5160000000,6.4470000000,6.4780000000,23042.1118870000,149197.4529343010,149197.4529343010,1,DORA-USDT
2022-02-03 17:00:00,1643878800000,6.4770000000,6.4790000000,6.3010000000,6.3010000000,33259.7928590000,212984.8384570480,212984.8384570480,1,DORA-USDT
2022-02-03 18:00:00,1643882400000,6.3000000000,6.3200000000,6.2150000000,6.2490000000,49199.4357400000,308047.6770082720,308047.6770082720,1,DORA-USDT
2022-02-03 19:00:00,1643886000000,6.2470000000,6.3740000000,6.2300000000,6.3740000000,35648.6610430000,225160.0069815530,225160.0069815530,1,DORA-USDT
2022-02-03 20:00:00,1643889600000,6.3750000000,6.4150000000,6.2600000000,6.3950000000,59011.9760200000,373638.1279789700,373638.1279789700,1,DORA-USDT
2022-02-03 21:00:00,1643893200000,6.4070000000,6.5430000000,6.3690000000,6.5340000000,50252.5730010000,324939.6495992340,324939.6495992340,1,DORA-USDT
2022-02-03 22:00:00,1643896800000,6.5390000000,6.5730000000,6.4580000000,6.4880000000,57993.7670300000,377689.8170184230,377689.8170184230,1,DORA-USDT
2022-02-03 23:00:00,1643900400000,6.4860000000,6.6330000000,6.4770000000,6.6250000000,45314.7057010000,297994.8192593530,297994.8192593530,1,DORA-USDT
2022-02-04 00:00:00,1643904000000,6.6250000000,6.6870000000,6.5560000000,6.5570000000,38198.5870210000,252861.1161264770,252861.1161264770,1,DORA-USDT
2022-02-04 01:00:00,1643907600000,6.5500000000,6.5770000000,6.4230000000,6.5400000000,36376.1448780000,236123.2424960190,236123.2424960190,1,DORA-USDT
2022-02-04 02:00:00,1643911200000,6.5280000000,6.5320000000,6.4580000000,6.4910000000,21939.0480660000,142479.1720414530,142479.1720414530,1,DORA-USDT
2022-02-04 03:00:00,1643914800000,6.4910000000,6.5470000000,6.4750000000,6.5260000000,40017.6023900000,260524.9051447310,260524.9051447310,1,DORA-USDT
2022-02-04 04:00:00,1643918400000,6.5260000000,6.5690000000,6.4670000000,6.5060000000,36622.9128420000,238522.9208854060,238522.9208854060,1,DORA-USDT
2022-02-04 05:00:00,1643922000000,6.5060000000,6.6170000000,6.5060000000,6.5530000000,55191.3713680000,362507.5081014190,362507.5081014190,1,DORA-USDT
2022-02-04 06:00:00,1643925600000,6.5500000000,6.5570000000,6.4740000000,6.5230000000,31910.3043010000,207843.7548344680,207843.7548344680,1,DORA-USDT
2022-02-04 07:00:00,1643929200000,6.5270000000,6.6320000000,6.5010000000,6.5950000000,36756.0642080000,240400.6085339850,240400.6085339850,1,DORA-USDT
2022-02-04 08:00:00,1643932800000,6.6100000000,6.6130000000,6.4780000000,6.5440000000,26580.4247500000,173779.6759713470,173779.6759713470,1,DORA-USDT
2022-02-04 09:00:00,1643936400000,6.5450000000,6.5450000000,6.5080000000,6.5370000000,10848.7433850000,70808.1224208410,70808.1224208410,1,DORA-USDT
2022-02-04 10:00:00,1643940000000,6.5370000000,6.5490000000,6.5230000000,6.5270000000,13029.3502070000,85122.0527352250,85122.0527352250,1,DORA-USDT
2022-02-04 11:00:00,1643943600000,6.5240000000,6.5280000000,6.4620000000,6.4660000000,12636.4061880000,81915.9672958710,81915.9672958710,1,DORA-USDT
2022-02-04 12:00:00,1643947200000,6.4680000000,6.4990000000,6.4530000000,6.4530000000,9302.8588880000,60168.9143793900,60168.9143793900,1,DORA-USDT
2022-02-04 13:00:00,1643950800000,6.4550000000,6.5980000000,6.4550000000,6.5400000000,36016.9100070000,235290.0373879480,235290.0373879480,1,DORA-USDT
2022-02-04 14:00:00,1643954400000,6.5420000000,6.6650000000,6.5320000000,6.6420000000,24546.6126050000,161976.8367147690,161976.8367147690,1,DORA-USDT
2022-02-04 15:00:00,1643958000000,6.6420000000,6.8030000000,6.6020000000,6.7460000000,39785.3439310000,265338.0410042330,265338.0410042330,1,DORA-USDT
2022-02-04 16:00:00,1643961600000,6.7500000000,6.8980000000,6.7500000000,6.8690000000,40448.0793570000,276550.6708637150,276550.6708637150,1,DORA-USDT
2022-02-04 17:00:00,1643965200000,6.8680000000,6.8830000000,6.7810000000,6.8040000000,30853.6305470000,210484.5951726310,210484.5951726310,1,DORA-USDT
2022-02-04 18:00:00,1643968800000,6.8040000000,6.8490000000,6.6830000000,6.6970000000,43018.5067470000,289993.3360987660,289993.3360987660,1,DORA-USDT
2022-02-04 19:00:00,1643972400000,6.6980000000,6.7490000000,6.6630000000,6.6900000000,30044.8804800000,201344.7786976060,201344.7786976060,1,DORA-USDT
2022-02-04 20:00:00,1643976000000,6.6880000000,6.7280000000,6.6470000000,6.6550000000,25868.7953800000,173068.5889476500,173068.5889476500,1,DORA-USDT
2022-02-04 21:00:00,1643979600000,6.6550000000,6.6840000000,6.4550000000,6.4850000000,63593.7781990000,417309.4821354650,417309.4821354650,1,DORA-USDT
2022-02-04 22:00:00,1643983200000,6.4900000000,6.5650000000,6.4650000000,6.5290000000,66512.3263570000,433136.8750022260,433136.8750022260,1,DORA-USDT
2022-02-04 23:00:00,1643986800000,6.5310000000,6.7690000000,6.5110000000,6.7050000000,85689.1177960000,570799.8956629300,570799.8956629300,1,DORA-USDT
2022-02-05 00:00:00,1643990400000,6.7040000000,6.8060000000,6.6560000000,6.6840000000,74002.4018870000,498011.0435472970,498011.0435472970,1,DORA-USDT
2022-02-05 01:00:00,1643994000000,6.6860000000,6.7640000000,6.6690000000,6.7250000000,35814.0953180000,240302.2881284100,240302.2881284100,1,DORA-USDT
2022-02-05 02:00:00,1643997600000,6.7310000000,6.7570000000,6.7050000000,6.7290000000,30439.0156780000,204803.5281939080,204803.5281939080,1,DORA-USDT
2022-02-05 03:00:00,1644001200000,6.7300000000,6.8030000000,6.7000000000,6.7870000000,28553.6163000000,192431.1662445300,192431.1662445300,1,DORA-USDT
2022-02-05 04:00:00,1644004800000,6.7860000000,6.8060000000,6.7080000000,6.7250000000,26757.0046620000,180657.9593502220,180657.9593502220,1,DORA-USDT
2022-02-05 05:00:00,1644008400000,6.7240000000,6.7960000000,6.7180000000,6.7920000000,22107.1972750000,149421.8733980230,149421.8733980230,1,DORA-USDT
2022-02-05 06:00:00,1644012000000,6.7910000000,6.8370000000,6.7220000000,6.8300000000,31664.0388140000,214756.2085418840,214756.2085418840,1,DORA-USDT
2022-02-05 07:00:00,1644015600000,6.8290000000,6.9270000000,6.8040000000,6.8940000000,32490.6146800000,222695.3876778320,222695.3876778320,1,DORA-USDT
2022-02-05 08:00:00,1644019200000,6.9080000000,7.0140000000,6.8320000000,6.9090000000,55466.3347920000,383586.6838686350,383586.6838686350,1,DORA-USDT
2022-02-05 09:00:00,1644022800000,6.9110000000,6.9370000000,6.7500000000,6.8080000000,46725.5232200000,319129.5119180740,319129.5119180740,1,DORA-USDT
2022-02-05 10:00:00,1644026400000,6.8100000000,6.9290000000,6.7800000000,6.8980000000,34176.4370160000,234642.0373648920,234642.0373648920,1,DORA-USDT
2022-02-05 11:00:00,1644030000000,6.8980000000,7.0420000000,6.8980000000,7.0290000000,38799.2658250000,270069.6958132230,270069.6958132230,1,DORA-USDT
2022-02-05 12:00:00,1644033600000,7.0270000000,7.1310000000,6.9940000000,7.0300000000,45857.0586360000,323662.9239724970,323662.9239724970,1,DORA-USDT
2022-02-05 13:00:00,1644037200000,7.0300000000,7.1150000000,7.0170000000,7.0570000000,26206.5415940000,185150.9363640790,185150.9363640790,1,DORA-USDT
2022-02-05 14:00:00,1644040800000,7.0580000000,7.1230000000,7.0000000000,7.0140000000,36846.2804530000,260312.1736470040,260312.1736470040,1,DORA-USDT
2022-02-05 15:00:00,1644044400000,7.0140000000,7.0150000000,6.9040000000,6.9170000000,44461.8415640000,309156.8736176010,309156.8736176010,1,DORA-USDT
2022-02-05 16:00:00,1644048000000,6.9190000000,6.9710000000,6.8900000000,6.9440000000,31702.5831750000,219794.5211064090,219794.5211064090,1,DORA-USDT
2022-02-05 17:00:00,1644051600000,6.9440000000,7.0450000000,6.9110000000,7.0450000000,27103.3939900000,188818.1037501590,188818.1037501590,1,DORA-USDT
2022-02-05 18:00:00,1644055200000,7.0420000000,7.0890000000,6.9910000000,7.0640000000,35997.7357310000,253399.1643554480,253399.1643554480,1,DORA-USDT
2022-02-05 19:00:00,1644058800000,7.0640000000,7.0840000000,6.9390000000,6.9850000000,32205.8894180000,225484.9782589040,225484.9782589040,1,DORA-USDT
2022-02-05 20:00:00,1644062400000,6.9870000000,7.0680000000,6.9300000000,6.9500000000,43068.4737500000,301058.8237298260,301058.8237298260,1,DORA-USDT
2022-02-05 21:00:00,1644066000000,6.9510000000,7.0460000000,6.9420000000,7.0350000000,24139.8545480000,169290.0484688680,169290.0484688680,1,DORA-USDT
2022-02-05 22:00:00,1644069600000,7.0360000000,7.1660000000,6.9790000000,7.0610000000,39852.9604240000,281074.3604953940,281074.3604953940,1,DORA-USDT
2022-02-05 23:00:00,1644073200000,7.0720000000,7.2000000000,7.0040000000,7.1690000000,63153.5964260000,448717.0137086810,448717.0137086810,1,DORA-USDT
2022-02-06 00:00:00,1644076800000,7.1720000000,7.1830000000,6.9490000000,6.9650000000,53964.6487980000,381763.0511864420,381763.0511864420,1,DORA-USDT
2022-02-06 01:00:00,1644080400000,6.9610000000,7.0250000000,6.8500000000,6.9730000000,58122.5488940000,402919.3293072590,402919.3293072590,1,DORA-USDT
2022-02-06 02:00:00,1644084000000,6.9660000000,7.0740000000,6.9200000000,7.0510000000,39079.1653290000,274239.4273121900,274239.4273121900,1,DORA-USDT
2022-02-06 03:00:00,1644087600000,7.0520000000,7.0680000000,6.9620000000,7.0290000000,39958.5430490000,280709.8148931880,280709.8148931880,1,DORA-USDT
2022-02-06 04:00:00,1644091200000,7.0270000000,7.0320000000,6.8750000000,6.9610000000,45880.6600760000,318095.3028221040,318095.3028221040,1,DORA-USDT
2022-02-06 05:00:00,1644094800000,6.9610000000,6.9760000000,6.9000000000,6.9420000000,27015.9018410000,187638.2748140840,187638.2748140840,1,DORA-USDT
2022-02-06 06:00:00,1644098400000,6.9380000000,6.9620000000,6.9260000000,6.9610000000,18667.4674940000,129631.4094524900,129631.4094524900,1,DORA-USDT
2022-02-06 07:00:00,1644102000000,6.9610000000,7.0070000000,6.8860000000,6.8860000000,33555.5459370000,233443.9285114950,233443.9285114950,1,DORA-USDT
2022-02-06 08:00:00,1644105600000,6.8880000000,7.0090000000,6.8870000000,6.9560000000,46616.1594800000,324208.3664731800,324208.3664731800,1,DORA-USDT
2022-02-06 09:00:00,1644109200000,6.9550000000,7.1400000000,6.9550000000,7.1200000000,45811.8199730000,322838.1813888990,322838.1813888990,1,DORA-USDT
2022-02-06 10:00:00,1644112800000,7.1220000000,7.1410000000,7.0570000000,7.0800000000,46055.0110660000,326892.2393662440,326892.2393662440,1,DORA-USDT
2022-02-06 11:00:00,1644116400000,7.0800000000,7.1090000000,7.0000000000,7.0030000000,32800.3641600000,231771.2514759950,231771.2514759950,1,DORA-USDT
2022-02-06 12:00:00,1644120000000,7.0030000000,7.0630000000,6.9310000000,7.0120000000,43017.2544040000,300988.2295515780,300988.2295515780,1,DORA-USDT
2022-02-06 13:00:00,1644123600000,7.0140000000,7.0660000000,6.9910000000,7.0460000000,27592.2864820000,194019.6691273590,194019.6691273590,1,DORA-USDT
2022-02-06 14:00:00,1644127200000,7.0450000000,7.0700000000,6.9550000000,6.9650000000,30380.7913610000,212801.2973428600,212801.2973428600,1,DORA-USDT
2022-02-06 15:00:00,1644130800000,6.9630000000,7.0250000000,6.9500000000,6.9980000000,34699.6997980000,242299.3493745510,242299.3493745510,1,DORA-USDT
2022-02-06 16:00:00,1644134400000,6.9950000000,7.0100000000,6.9270000000,6.9920000000,29662.4722010000,206728.4335401400,206728.4335401400,1,DORA-USDT
2022-02-06 17:00:00,1644138000000,6.9920000000,6.9990000000,6.9720000000,6.9940000000,20377.9336760000,142375.7296075440,142375.7296075440,1,DORA-USDT
2022-02-06 18:00:00,1644141600000,6.9940000000,7.0190000000,6.9550000000,6.9920000000,27359.8610360000,191078.9114815970,191078.9114815970,1,DORA-USDT
2022-02-06 19:00:00,1644145200000,6.9930000000,7.0280000000,6.9650000000,6.9800000000,23120.2245000000,161534.9385280930,161534.9385280930,1,DORA-USDT
2022-02-06 20:00:00,1644148800000,6.9790000000,7.0120000000,6.9320000000,6.9480000000,24550.9868760000,171162.7649212390,171162.7649212390,1,DORA-USDT
2022-02-06 21:00:00,1644152400000,6.9460000000,6.9770000000,6.7880000000,6.8900000000,42042.0652030000,289598.7691083780,289598.7691083780,1,DORA-USDT
2022-02-06 22:00:00,1644156000000,6.8910000000,6.9970000000,6.6880000000,6.7670000000,59712.1333290000,409567.8712134170,409567.8712134170,1,DORA-USDT
2022-02-06 23:00:00,1644159600000,6.7690000000,6.8470000000,6.7120000000,6.8460000000,41462.6030830000,281502.6231203150,281502.6231203150,1,DORA-USDT
2022-02-07 00:00:00,1644163200000,6.8460000000,6.8870000000,6.8130000000,6.8760000000,22645.7871980000,155043.9603175960,155043.9603175960,1,DORA-USDT
2022-02-07 01:00:00,1644166800000,6.8760000000,6.9000000000,6.8160000000,6.8270000000,22936.2198010000,157360.1670742160,157360.1670742160,1,DORA-USDT
2022-02-07 02:00:00,1644170400000,6.8260000000,6.8330000000,6.7570000000,6.7640000000,18793.0026620000,127743.7475829960,127743.7475829960,1,DORA-USDT
2022-02-07 03:00:00,1644174000000,6.7650000000,6.8100000000,6.7610000000,6.7910000000,16622.3469070000,112778.8395097890,112778.8395097890,1,DORA-USDT
2022-02-07 04:00:00,1644177600000,6.7900000000,6.8160000000,6.7510000000,6.7680000000,20753.7064330000,140766.6057725170,140766.6057725170,1,DORA-USDT
2022-02-07 05:00:00,1644181200000,6.7690000000,6.7910000000,6.7410000000,6.7740000000,18214.6797500000,123295.0498937550,123295.0498937550,1,DORA-USDT
2022-02-07 06:00:00,1644184800000,6.7700000000,6.7930000000,6.7030000000,6.7220000000,24159.4272030000,163331.9530176160,163331.9530176160,1,DORA-USDT
2022-02-07 07:00:00,1644188400000,6.7220000000,6.9130000000,6.7150000000,6.9000000000,46594.8645900000,317835.1954893340,317835.1954893340,1,DORA-USDT
2022-02-07 08:00:00,1644192000000,6.8980000000,6.9400000000,6.8140000000,6.8510000000,43563.1037110000,298636.6057570370,298636.6057570370,1,DORA-USDT
2022-02-07 09:00:00,1644195600000,6.8490000000,6.8590000000,6.7580000000,6.8140000000,45398.7766680000,309260.9653770590,309260.9653770590,1,DORA-USDT
2022-02-07 10:00:00,1644199200000,6.8150000000,6.8720000000,6.7870000000,6.7900000000,27894.3750720000,190529.0391488040,190529.0391488040,1,DORA-USDT
2022-02-07 11:00:00,1644202800000,6.7900000000,6.9820000000,6.7840000000,6.9490000000,40906.6376610000,281200.2507802840,281200.2507802840,1,DORA-USDT
2022-02-07 12:00:00,1644206400000,6.9460000000,7.1000000000,6.9250000000,7.0840000000,48821.1460730000,342759.5031548960,342759.5031548960,1,DORA-USDT
2022-02-07 13:00:00,1644210000000,7.0840000000,7.2320000000,7.0340000000,7.2270000000,44188.1933860000,316126.5650105580,316126.5650105580,1,DORA-USDT
2022-02-07 14:00:00,1644213600000,7.2260000000,7.2360000000,7.1520000000,7.2020000000,37597.0151560000,270434.1168964580,270434.1168964580,1,DORA-USDT
2022-02-07 15:00:00,1644217200000,7.1970000000,7.2480000000,7.1520000000,7.2040000000,26894.7741010000,193565.8119324700,193565.8119324700,1,DORA-USDT
2022-02-07 16:00:00,1644220800000,7.2010000000,7.4790000000,7.1770000000,7.4720000000,51852.6065280000,378973.9977054510,378973.9977054510,1,DORA-USDT
2022-02-07 17:00:00,1644224400000,7.4740000000,7.4780000000,7.2750000000,7.3830000000,52034.0716280000,383643.0735384730,383643.0735384730,1,DORA-USDT
2022-02-07 18:00:00,1644228000000,7.3840000000,7.4440000000,7.3770000000,7.4330000000,25409.5381050000,188545.2244769140,188545.2244769140,1,DORA-USDT
2022-02-07 19:00:00,1644231600000,7.4330000000,7.7700000000,7.4330000000,7.6570000000,97657.8779590000,745378.4189736120,745378.4189736120,1,DORA-USDT
2022-02-07 20:00:00,1644235200000,7.6570000000,7.6680000000,7.5240000000,7.6120000000,48807.1294520000,370308.0781331190,370308.0781331190,1,DORA-USDT
2022-02-07 21:00:00,1644238800000,7.6090000000,7.6090000000,7.4450000000,7.4840000000,44962.6696700000,338011.2877945980,338011.2877945980,1,DORA-USDT
2022-02-07 22:00:00,1644242400000,7.4840000000,7.7730000000,7.4580000000,7.5350000000,63288.4422000000,476275.3148056870,476275.3148056870,1,DORA-USDT
2022-02-07 23:00:00,1644246000000,7.5350000000,7.5500000000,7.3390000000,7.4440000000,72734.0426290000,540840.6814656500,540840.6814656500,1,DORA-USDT
2022-02-08 00:00:00,1644249600000,7.4450000000,7.4830000000,7.2730000000,7.4070000000,64524.4712480000,477040.5233534770,477040.5233534770,1,DORA-USDT
2022-02-08 01:00:00,1644253200000,7.4090000000,7.4670000000,7.3030000000,7.4470000000,42098.1596160000,311082.4099940220,311082.4099940220,1,DORA-USDT
2022-02-08 02:00:00,1644256800000,7.4480000000,7.4810000000,7.3020000000,7.3680000000,36588.3031050000,270236.6343753550,270236.6343753550,1,DORA-USDT
2022-02-08 03:00:00,1644260400000,7.3660000000,7.4540000000,7.3550000000,7.3810000000,32009.1679010000,237111.7119385280,237111.7119385280,1,DORA-USDT
2022-02-08 04:00:00,1644264000000,7.3800000000,7.4320000000,7.3050000000,7.3710000000,38498.1630400000,284272.4460305280,284272.4460305280,1,DORA-USDT
2022-02-08 05:00:00,1644267600000,7.3730000000,7.3950000000,7.3240000000,7.3830000000,30869.6943430000,227207.6538624250,227207.6538624250,1,DORA-USDT
2022-02-08 06:00:00,1644271200000,7.3830000000,7.4160000000,7.3530000000,7.3920000000,10180.6442400000,75184.5373475950,75184.5373475950,1,DORA-USDT
2022-02-08 07:00:00,1644274800000,7.3920000000,7.4130000000,7.1820000000,7.1960000000,43590.4432490000,318268.9700899210,318268.9700899210,1,DORA-USDT
2022-02-08 08:00:00,1644278400000,7.1980000000,7.2500000000,7.0900000000,7.2140000000,50507.1744300000,361577.5019268110,361577.5019268110,1,DORA-USDT
2022-02-08 09:00:00,1644282000000,7.2130000000,7.2880000000,7.2020000000,7.2830000000,20951.8036860000,151921.7310041390,151921.7310041390,1,DORA-USDT
2022-02-08 10:00:00,1644285600000,7.2840000000,7.2960000000,7.1510000000,7.1810000000,34132.8622820000,246618.4277106460,246618.4277106460,1,DORA-USDT
2022-02-08 11:00:00,1644289200000,7.1800000000,7.1970000000,7.1600000000,7.1920000000,14889.9432650000,106962.2489621950,106962.2489621950,1,DORA-USDT
2022-02-08 12:00:00,1644292800000,7.1920000000,7.3300000000,7.1160000000,7.3210000000,39110.0841010000,282852.2917863560,282852.2917863560,1,DORA-USDT
2022-02-08 13:00:00,1644296400000,7.3230000000,7.6200000000,7.3100000000,7.5950000000,53999.8094370000,401533.8928780020,401533.8928780020,1,DORA-USDT
2022-02-08 14:00:00,1644300000000,7.5990000000,7.8000000000,7.5440000000,7.6840000000,87088.6603790000,667774.4297063730,667774.4297063730,1,DORA-USDT
2022-02-08 15:00:00,1644303600000,7.6840000000,7.7280000000,7.6200000000,7.7120000000,36312.3815880000,278518.1237664770,278518.1237664770,1,DORA-USDT
2022-02-08 16:00:00,1644307200000,7.7080000000,7.7350000000,7.2870000000,7.3220000000,63490.2891420000,475581.2451152100,475581.2451152100,1,DORA-USDT
2022-02-08 17:00:00,1644310800000,7.3220000000,7.4200000000,7.2000000000,7.2010000000,54602.5515640000,396517.6989560700,396517.6989560700,1,DORA-USDT
2022-02-08 18:00:00,1644314400000,7.2020000000,7.2590000000,7.1580000000,7.2140000000,36442.1216570000,262593.9785821150,262593.9785821150,1,DORA-USDT
2022-02-08 19:00:00,1644318000000,7.2150000000,7.2800000000,7.2120000000,7.2740000000,35703.2327940000,258612.4749981040,258612.4749981040,1,DORA-USDT
2022-02-08 20:00:00,1644321600000,7.2720000000,7.2730000000,7.0530000000,7.1060000000,45676.4381700000,326841.6809273990,326841.6809273990,1,DORA-USDT
2022-02-08 21:00:00,1644325200000,7.1100000000,7.1550000000,7.0290000000,7.0480000000,34625.0934160000,244839.8899346720,244839.8899346720,1,DORA-USDT
2022-02-08 22:00:00,1644328800000,7.0480000000,7.0620000000,6.9890000000,7.0300000000,25526.4963040000,179445.6167383120,179445.6167383120,1,DORA-USDT
2022-02-08 23:00:00,1644332400000,7.0300000000,7.0300000000,6.8850000000,6.9510000000,58845.1774250000,409085.2532953470,409085.2532953470,1,DORA-USDT
2022-02-09 00:00:00,1644336000000,6.9550000000,7.0850000000,6.9110000000,7.0400000000,56332.9619350000,394907.9982114360,394907.9982114360,1,DORA-USDT
2022-02-09 01:00:00,1644339600000,7.0400000000,7.0790000000,6.8980000000,6.9480000000,61495.4899980000,428880.3537004190,428880.3537004190,1,DORA-USDT
2022-02-09 02:00:00,1644343200000,6.9480000000,6.9940000000,6.9450000000,6.9680000000,27398.8573010000,190990.7967585630,190990.7967585630,1,DORA-USDT
2022-02-09 03:00:00,1644346800000,6.9690000000,6.9880000000,6.9120000000,6.9650000000,31337.4382480000,217706.2691584070,217706.2691584070,1,DORA-USDT
2022-02-09 04:00:00,1644350400000,6.9640000000,7.0460000000,6.9440000000,7.0420000000,27815.9252030000,194886.1673734390,194886.1673734390,1,DORA-USDT
2022-02-09 05:00:00,1644354000000,7.0420000000,7.0890000000,7.0270000000,7.0630000000,29761.8514910000,210057.9760108090,210057.9760108090,1,DORA-USDT
2022-02-09 06:00:00,1644357600000,7.0640000000,7.0990000000,7.0360000000,7.0990000000,26570.7482880000,187695.7890483960,187695.7890483960,1,DORA-USDT
2022-02-09 07:00:00,1644361200000,7.0990000000,7.1480000000,7.0880000000,7.1270000000,19697.2330210000,140375.8322694340,140375.8322694340,1,DORA-USDT
2022-02-09 08:00:00,1644364800000,7.1310000000,7.2220000000,7.1010000000,7.2000000000,36512.6099530000,262141.5563935440,262141.5563935440,1,DORA-USDT
2022-02-09 09:00:00,1644368400000,7.2000000000,7.2890000000,7.1800000000,7.2600000000,34914.5174120000,252529.3217483040,252529.3217483040,1,DORA-USDT
2022-02-09 10:00:00,1644372000000,7.2600000000,7.2780000000,7.1560000000,7.2050000000,34699.0843930000,250060.1740968670,250060.1740968670,1,DORA-USDT
2022-02-09 11:00:00,1644375600000,7.2040000000,7.2110000000,7.1070000000,7.1240000000,33923.4076980000,242779.6722591910,242779.6722591910,1,DORA-USDT
2022-02-09 12:00:00,1644379200000,7.1230000000,7.1900000000,7.1110000000,7.1360000000,24942.7451960000,178005.0809533950,178005.0809533950,1,DORA-USDT
2022-02-09 13:00:00,1644382800000,7.1380000000,7.1860000000,7.0870000000,7.1460000000,36546.8769670000,260929.6162360080,260929.6162360080,1,DORA-USDT
2022-02-09 14:00:00,1644386400000,7.1450000000,7.2050000000,7.1300000000,7.1840000000,22281.0002340000,159689.9176824570,159689.9176824570,1,DORA-USDT
2022-02-09 15:00:00,1644390000000,7.1820000000,7.2020000000,7.1120000000,7.1320000000,30645.2960470000,218889.8768679500,218889.8768679500,1,DORA-USDT
2022-02-09 16:00:00,1644393600000,7.1380000000,7.1580000000,6.9940000000,7.0010000000,32317.8920340000,228360.7523734880,228360.7523734880,1,DORA-USDT
2022-02-09 17:00:00,1644397200000,7.0020000000,7.0790000000,7.0020000000,7.0440000000,33273.3354910000,234638.3275075200,234638.3275075200,1,DORA-USDT
2022-02-09 18:00:00,1644400800000,7.0440000000,7.0930000000,7.0420000000,7.0700000000,20511.2040780000,145002.5364397950,145002.5364397950,1,DORA-USDT
2022-02-09 19:00:00,1644404400000,7.0700000000,7.1260000000,7.0520000000,7.1200000000,20803.7675570000,147382.5678950140,147382.5678950140,1,DORA-USDT
2022-02-09 20:00:00,1644408000000,7.1200000000,7.2310000000,7.0970000000,7.2140000000,31071.7529500000,222782.4458474730,222782.4458474730,1,DORA-USDT
2022-02-09 21:00:00,1644411600000,7.2140000000,7.2970000000,7.1820000000,7.2010000000,38276.3785890000,277139.4654994550,277139.4654994550,1,DORA-USDT
2022-02-09 22:00:00,1644415200000,7.2010000000,7.2620000000,7.1650000000,7.2250000000,29304.8883880000,211425.5819033310,211425.5819033310,1,DORA-USDT
2022-02-09 23:00:00,1644418800000,7.2240000000,7.2320000000,7.1680000000,7.2190000000,26863.2519800000,193531.3682031790,193531.3682031790,1,DORA-USDT
2022-02-10 00:00:00,1644422400000,7.2190000000,7.5000000000,7.1010000000,7.4800000000,54076.9191550000,395494.9085423180,395494.9085423180,1,DORA-USDT
2022-02-10 01:00:00,1644426000000,7.4800000000,7.5000000000,7.3420000000,7.3420000000,39697.6352320000,293836.8483874930,293836.8483874930,1,DORA-USDT
2022-02-10 02:00:00,1644429600000,7.3410000000,7.4040000000,7.3140000000,7.3830000000,32784.8575310000,241002.1657283600,241002.1657283600,1,DORA-USDT
2022-02-10 03:00:00,1644433200000,7.3840000000,7.4550000000,7.3520000000,7.4040000000,32476.9845530000,240545.6835320350,240545.6835320350,1,DORA-USDT
2022-02-10 04:00:00,1644436800000,7.4040000000,7.4720000000,7.3930000000,7.4510000000,28291.6716780000,210380.0342377310,210380.0342377310,1,DORA-USDT
2022-02-10 05:00:00,1644440400000,7.4530000000,7.4620000000,7.4020000000,7.4110000000,24622.6874500000,182979.8693972980,182979.8693972980,1,DORA-USDT
2022-02-10 06:00:00,1644444000000,7.4100000000,7.4220000000,7.3820000000,7.4200000000,8415.3253190000,62275.8194246250,62275.8194246250,1,DORA-USDT
2022-02-10 07:00:00,1644447600000,7.4210000000,7.4690000000,7.3450000000,7.3630000000,25061.6316120000,185532.2889459420,185532.2889459420,1,DORA-USDT
2022-02-10 08:00:00,1644451200000,7.3610000000,7.3610000000,7.2100000000,7.2520000000,33102.0663570000,241419.1308564490,241419.1308564490,1,DORA-USDT
2022-02-10 09:00:00,1644454800000,7.2520000000,7.2670000000,7.1550000000,7.1950000000,25873.5142900000,186246.6730993690,186246.6730993690,1,DORA-USDT
2022-02-10 10:00:00,1644458400000,7.1950000000,7.2190000000,7.0570000000,7.0860000000,25161.8170230000,180132.8522580540,180132.8522580540,1,DORA-USDT
2022-02-10 11:00:00,1644462000000,7.0830000000,7.1130000000,7.0330000000,7.0730000000,18343.1407260000,129616.7657889770,129616.7657889770,1,DORA-USDT
2022-02-10 12:00:00,1644465600000,7.0730000000,7.1240000000,7.0040000000,7.1070000000,22444.0481560000,159266.6345917710,159266.6345917710,1,DORA-USDT
2022-02-10 13:00:00,1644469200000,7.1080000000,7.1100000000,7.0740000000,7.0920000000,12016.3302190000,85211.1987929900,85211.1987929900,1,DORA-USDT
2022-02-10 14:00:00,1644472800000,7.0930000000,7.1360000000,7.0710000000,7.1140000000,13856.9444920000,98526.5432523540,98526.5432523540,1,DORA-USDT
2022-02-10 15:00:00,1644476400000,7.1130000000,7.1480000000,7.1130000000,7.1460000000,8398.1277360000,59924.9350108050,59924.9350108050,1,DORA-USDT
2022-02-10 16:00:00,1644480000000,7.1490000000,7.2450000000,7.1170000000,7.2330000000,24161.1209490000,173876.8984900390,173876.8984900390,1,DORA-USDT
2022-02-10 17:00:00,1644483600000,7.2330000000,7.2720000000,7.0980000000,7.2680000000,29912.7570120000,216034.6765547060,216034.6765547060,1,DORA-USDT
2022-02-10 18:00:00,1644487200000,7.2670000000,7.3560000000,7.2420000000,7.2890000000,31783.0611530000,232080.0298066900,232080.0298066900,1,DORA-USDT
2022-02-10 19:00:00,1644490800000,7.2870000000,7.4350000000,7.2860000000,7.3970000000,35929.5091690000,264642.2667638060,264642.2667638060,1,DORA-USDT
2022-02-10 20:00:00,1644494400000,7.3980000000,7.7530000000,7.3840000000,7.5040000000,85747.3173520000,647833.6778676610,647833.6778676610,1,DORA-USDT
2022-02-10 21:00:00,1644498000000,7.5020000000,7.5250000000,6.9110000000,6.9210000000,89624.6147340000,642699.5538957421,642699.5538957421,1,DORA-USDT
2022-02-10 22:00:00,1644501600000,6.9200000000,7.2160000000,6.8000000000,7.2160000000,80110.2244390000,559321.0426902151,559321.0426902151,1,DORA-USDT
2022-02-10 23:00:00,1644505200000,7.2220000000,7.3900000000,7.1720000000,7.2780000000,75340.1520600000,547987.6891371850,547987.6891371850,1,DORA-USDT
2022-02-11 00:00:00,1644508800000,7.2770000000,7.2790000000,7.0110000000,7.1040000000,55040.8214360000,394442.0087068620,394442.0087068620,1,DORA-USDT
2022-02-11 01:00:00,1644512400000,7.0980000000,7.1380000000,7.0500000000,7.0620000000,30248.3350360000,214477.5929422770,214477.5929422770,1,DORA-USDT
2022-02-11 02:00:00,1644516000000,7.0630000000,7.0900000000,6.9970000000,7.0020000000,21572.9082660000,151614.6812853270,151614.6812853270,1,DORA-USDT
2022-02-11 03:00:00,1644519600000,7.0020000000,7.0110000000,6.8300000000,6.8360000000,41449.6489790000,286035.9651733610,286035.9651733610,1,DORA-USDT
2022-02-11 04:00:00,1644523200000,6.8350000000,6.8990000000,6.7800000000,6.8120000000,32346.1682190000,220860.9903689050,220860.9903689050,1,DORA-USDT
2022-02-11 05:00:00,1644526800000,6.8130000000,6.8720000000,6.7950000000,6.8430000000,25015.4211490000,170952.5954951170,170952.5954951170,1,DORA-USDT
2022-02-11 06:00:00,1644530400000,6.8440000000,6.8970000000,6.8220000000,6.8950000000,18407.3007100000,126392.4709650200,126392.4709650200,1,DORA-USDT
2022-02-11 07:00:00,1644534000000,6.8950000000,6.8980000000,6.7120000000,6.7700000000,30221.7291300000,205881.7919195900,205881.7919195900,1,DORA-USDT
2022-02-11 08:00:00,1644537600000,6.7710000000,6.7720000000,6.6160000000,6.7320000000,62815.3655640000,420924.6506202800,420924.6506202800,1,DORA-USDT
2022-02-11 09:00:00,1644541200000,6.7320000000,6.8840000000,6.7180000000,6.8610000000,59580.0574800000,406552.9983488470,406552.9983488470,1,DORA-USDT
2022-02-11 10:00:00,1644544800000,6.8600000000,6.8600000000,6.8120000000,6.8500000000,26125.1379250000,178538.7768377320,178538.7768377320,1,DORA-USDT
2022-02-11 11:00:00,1644548400000,6.8500000000,6.9630000000,6.8490000000,6.9590000000,20281.7296440000,140113.0962655160,140113.0962655160,1,DORA-USDT
2022-02-11 12:00:00,1644552000000,6.9560000000,6.9760000000,6.8510000000,6.8710000000,26404.9440440000,182416.0559017750,182416.0559017750,1,DORA-USDT
2022-02-11 13:00:00,1644555600000,6.8730000000,6.8870000000,6.8040000000,6.8040000000,19157.0608850000,131334.9672289410,131334.9672289410,1,DORA-USDT
2022-02-11 14:00:00,1644559200000,6.8170000000,6.9220000000,6.8130000000,6.9210000000,24463.5820690000,167959.8604224870,167959.8604224870,1,DORA-USDT
2022-02-11 15:00:00,1644562800000,6.9210000000,7.1190000000,6.9060000000,7.0630000000,40130.9208480000,281578.7375739960,281578.7375739960,1,DORA-USDT
2022-02-11 16:00:00,1644566400000,7.0640000000,7.1760000000,7.0490000000,7.0740000000,39537.9276030000,281554.4213536930,281554.4213536930,1,DORA-USDT
2022-02-11 17:00:00,1644570000000,7.0750000000,7.2300000000,7.0750000000,7.2030000000,42137.2778580000,301781.5463134120,301781.5463134120,1,DORA-USDT
2022-02-11 18:00:00,1644573600000,7.2010000000,7.2050000000,7.1340000000,7.1480000000,17835.7783570000,127718.7388481890,127718.7388481890,1,DORA-USDT
2022-02-11 19:00:00,1644577200000,7.1480000000,7.1520000000,7.0260000000,7.0520000000,31952.4708810000,225868.9649574980,225868.9649574980,1,DORA-USDT
2022-02-11 20:00:00,1644580800000,7.0560000000,7.1480000000,7.0400000000,7.0840000000,24354.1968240000,172567.8490509950,172567.8490509950,1,DORA-USDT
2022-02-11 21:00:00,1644584400000,7.0850000000,7.1480000000,7.0380000000,7.0610000000,32114.9396940000,227582.4467254590,227582.4467254590,1,DORA-USDT
2022-02-11 22:00:00,1644588000000,7.0580000000,7.0840000000,6.8500000000,6.9370000000,79574.5918560000,552351.4931145631,552351.4931145631,1,DORA-USDT
2022-02-11 23:00:00,1644591600000,6.9250000000,6.9660000000,6.9040000000,6.9140000000,33806.3963360000,234597.8357976710,234597.8357976710,1,DORA-USDT
2022-02-12 00:00:00,1644595200000,6.9150000000,6.9340000000,6.7530000000,6.8280000000,41404.4016520000,282731.1828345880,282731.1828345880,1,DORA-USDT
2022-02-12 01:00:00,1644598800000,6.8250000000,6.8550000000,6.7630000000,6.7860000000,27704.6635180000,188677.5910410950,188677.5910410950,1,DORA-USDT
2022-02-12 02:00:00,1644602400000,6.7860000000,6.8150000000,6.5510000000,6.5640000000,49083.3824220000,327975.9507973730,327975.9507973730,1,DORA-USDT
2022-02-12 03:00:00,1644606000000,6.5640000000,6.5890000000,6.4360000000,6.4540000000,61048.0654470000,396360.8439057600,396360.8439057600,1,DORA-USDT
2022-02-12 04:00:00,1644609600000,6.4560000000,6.5160000000,6.3100000000,6.3160000000,55853.4405160000,355830.9824561630,355830.9824561630,1,DORA-USDT
2022-02-12 05:00:00,1644613200000,6.3150000000,6.3680000000,6.3130000000,6.3450000000,33348.0113610000,211637.9169661930,211637.9169661930,1,DORA-USDT
2022-02-12 06:00:00,1644616800000,6.3460000000,6.3560000000,6.2110000000,6.2440000000,45585.3375610000,286672.2474984260,286672.2474984260,1,DORA-USDT
2022-02-12 07:00:00,1644620400000,6.2450000000,6.3720000000,6.2320000000,6.3320000000,43756.4023390000,276155.3410102040,276155.3410102040,1,DORA-USDT
2022-02-12 08:00:00,1644624000000,6.3320000000,6.3420000000,6.2540000000,6.3220000000,33593.8361880000,211518.6400893890,211518.6400893890,1,DORA-USDT
2022-02-12 09:00:00,1644627600000,6.3210000000,6.4080000000,6.3050000000,6.3970000000,35648.9581740000,227037.1716994070,227037.1716994070,1,DORA-USDT
2022-02-12 10:00:00,1644631200000,6.3960000000,6.4620000000,6.3680000000,6.4430000000,26576.8067360000,170793.5597250950,170793.5597250950,1,DORA-USDT
2022-02-12 11:00:00,1644634800000,6.4430000000,6.4530000000,6.3510000000,6.3880000000,24223.1137480000,155015.4782973170,155015.4782973170,1,DORA-USDT
2022-02-12 12:00:00,1644638400000,6.3880000000,6.4210000000,6.3570000000,6.3680000000,25935.9987000000,165636.5511124210,165636.5511124210,1,DORA-USDT
2022-02-12 13:00:00,1644642000000,6.3750000000,6.3930000000,6.3160000000,6.3240000000,25704.0721900000,163209.3046504900,163209.3046504900,1,DORA-USDT
2022-02-12 14:00:00,1644645600000,6.3240000000,6.4390000000,6.1410000000,6.2660000000,48752.6777060000,305474.8684318320,305474.8684318320,1,DORA-USDT
2022-02-12 15:00:00,1644649200000,6.2640000000,6.3240000000,6.2640000000,6.3100000000,27287.5869130000,171902.7433021540,171902.7433021540,1,DORA-USDT
2022-02-12 16:00:00,1644652800000,6.3090000000,6.3980000000,6.3090000000,6.3570000000,23629.6323540000,150080.5949150080,150080.5949150080,1,DORA-USDT
2022-02-12 17:00:00,1644656400000,6.3570000000,6.3990000000,6.2360000000,6.3240000000,26921.8828610000,170714.2168626580,170714.2168626580,1,DORA-USDT
2022-02-12 18:00:00,1644660000000,6.3230000000,6.3300000000,6.2280000000,6.2650000000,30755.7424540000,192784.7348010320,192784.7348010320,1,DORA-USDT
2022-02-12 19:00:00,1644663600000,6.2630000000,6.2960000000,6.1310000000,6.2810000000,38384.8535860000,239050.9206718470,239050.9206718470,1,DORA-USDT
2022-02-12 20:00:00,1644667200000,6.2810000000,6.3180000000,6.2350000000,6.2510000000,31756.5493050000,198959.8278015510,198959.8278015510,1,DORA-USDT
2022-02-12 21:00:00,1644670800000,6.2530000000,6.2830000000,6.2100000000,6.2110000000,31259.1154870000,195229.9358554800,195229.9358554800,1,DORA-USDT
2022-02-12 22:00:00,1644674400000,6.2220000000,6.2310000000,6.0180000000,6.0780000000,75257.0786630000,459093.4007673220,459093.4007673220,1,DORA-USDT
2022-02-12 23:00:00,1644678000000,6.0780000000,6.0880000000,6.0000000000,6.0540000000,32627.8533370000,197314.6816623210,197314.6816623210,1,DORA-USDT
2022-02-13 00:00:00,1644681600000,6.0570000000,6.2030000000,6.0100000000,6.1800000000,48180.8419560000,294511.6553568290,294511.6553568290,1,DORA-USDT
2022-02-13 01:00:00,1644685200000,6.1800000000,6.2020000000,6.1620000000,6.1970000000,19220.1852070000,118888.0757597120,118888.0757597120,1,DORA-USDT
2022-02-13 02:00:00,1644688800000,6.1950000000,6.2480000000,6.1580000000,6.2160000000,29945.8771800000,186002.9906357040,186002.9906357040,1,DORA-USDT
2022-02-13 03:00:00,1644692400000,6.2150000000,6.2240000000,6.1500000000,6.1700000000,25521.9022140000,157839.7887185600,157839.7887185600,1,DORA-USDT
2022-02-13 04:00:00,1644696000000,6.1700000000,6.2020000000,6.1500000000,6.1810000000,20707.4327210000,127880.2373769000,127880.2373769000,1,DORA-USDT
2022-02-13 05:00:00,1644699600000,6.1820000000,6.1870000000,6.0180000000,6.0420000000,38700.2782320000,235661.7521501670,235661.7521501670,1,DORA-USDT
2022-02-13 06:00:00,1644703200000,6.0430000000,6.1270000000,6.0400000000,6.0990000000,30931.1987890000,188226.0590837120,188226.0590837120,1,DORA-USDT
2022-02-13 07:00:00,1644706800000,6.1030000000,6.1060000000,6.0450000000,6.0930000000,22491.9004760000,136691.5832439600,136691.5832439600,1,DORA-USDT
2022-02-13 08:00:00,1644710400000,6.0910000000,6.1630000000,6.0550000000,6.1410000000,34888.3355860000,213118.1677742770,213118.1677742770,1,DORA-USDT
2022-02-13 09:00:00,1644714000000,6.1430000000,6.1800000000,6.1160000000,6.1280000000,27230.0234280000,167238.7315463800,167238.7315463800,1,DORA-USDT
2022-02-13 10:00:00,1644717600000,6.1290000000,6.1350000000,6.0700000000,6.1140000000,24191.6131840000,147654.0082992030,147654.0082992030,1,DORA-USDT
2022-02-13 11:00:00,1644721200000,6.1150000000,6.1330000000,6.1060000000,6.1120000000,13550.3337800000,82906.5040366500,82906.5040366500,1,DORA-USDT
2022-02-13 12:00:00,1644724800000,6.1110000000,6.1160000000,6.0760000000,6.0990000000,14844.0585060000,90526.6640802380,90526.6640802380,1,DORA-USDT
2022-02-13 13:00:00,1644728400000,6.0990000000,6.1390000000,6.0950000000,6.1370000000,9080.6129090000,55577.1627492710,55577.1627492710,1,DORA-USDT
2022-02-13 14:00:00,1644732000000,6.1370000000,6.1580000000,6.1180000000,6.1580000000,13299.9346190000,81678.0096063090,81678.0096063090,1,DORA-USDT
2022-02-13 15:00:00,1644735600000,6.1580000000,6.2260000000,6.1510000000,6.1900000000,22460.9537060000,139091.3917238860,139091.3917238860,1,DORA-USDT
2022-02-13 16:00:00,1644739200000,6.1890000000,6.1990000000,6.1480000000,6.1740000000,17364.3967470000,107207.5908524180,107207.5908524180,1,DORA-USDT
2022-02-13 17:00:00,1644742800000,6.1750000000,6.1750000000,6.1020000000,6.1090000000,17123.7201690000,104966.3853103020,104966.3853103020,1,DORA-USDT
2022-02-13 18:00:00,1644746400000,6.1080000000,6.1850000000,6.0910000000,6.1690000000,21320.1447580000,131049.5223177560,131049.5223177560,1,DORA-USDT
2022-02-13 19:00:00,1644750000000,6.1690000000,6.1990000000,6.1430000000,6.1710000000,15643.9826730000,96574.0035936990,96574.0035936990,1,DORA-USDT
2022-02-13 20:00:00,1644753600000,6.1730000000,6.1870000000,6.1490000000,6.1700000000,17478.6414850000,107825.6668415180,107825.6668415180,1,DORA-USDT
2022-02-13 21:00:00,1644757200000,6.1700000000,6.1890000000,6.1540000000,6.1830000000,17396.4849960000,107278.2127142020,107278.2127142020,1,DORA-USDT
2022-02-13 22:00:00,1644760800000,6.1850000000,6.2220000000,6.1360000000,6.1910000000,35378.1121660000,218794.8680394780,218794.8680394780,1,DORA-USDT
2022-02-13 23:00:00,1644764400000,6.1910000000,6.2130000000,6.1420000000,6.1480000000,23406.3299790000,144629.8406075530,144629.8406075530,1,DORA-USDT
2022-02-14 00:00:00,1644768000000,6.1460000000,6.1480000000,6.0160000000,6.0840000000,33722.9109330000,205070.9643144970,205070.9643144970,1,DORA-USDT
2022-02-14 01:00:00,1644771600000,6.0830000000,6.0830000000,6.0100000000,6.0200000000,29549.9494160000,178239.0486622250,178239.0486622250,1,DORA-USDT
2022-02-14 02:00:00,1644775200000,6.0200000000,6.1040000000,6.0000000000,6.0050000000,39145.4835940000,236877.5763334670,236877.5763334670,1,DORA-USDT
2022-02-14 03:00:00,1644778800000,6.0030000000,6.0410000000,5.9550000000,6.0170000000,32002.9934580000,192199.4712597230,192199.4712597230,1,DORA-USDT
2022-02-14 04:00:00,1644782400000,6.0150000000,6.1670000000,5.9930000000,6.1670000000,33261.9110990000,202564.5798281990,202564.5798281990,1,DORA-USDT
2022-02-14 05:00:00,1644786000000,6.1670000000,6.1690000000,6.1020000000,6.1100000000,25832.6111710000,158453.0664625930,158453.0664625930,1,DORA-USDT
2022-02-14 06:00:00,1644789600000,6.1100000000,6.1930000000,6.1080000000,6.1740000000,25028.0421160000,153937.1102774950,153937.1102774950,1,DORA-USDT
2022-02-14 07:00:00,1644793200000,6.1730000000,6.2000000000,6.1180000000,6.1740000000,46195.7968460000,284702.6065271490,284702.6065271490,1,DORA-USDT
2022-02-14 08:00:00,1644796800000,6.1740000000,6.8000000000,6.0810000000,6.5440000000,115364.4918480000,730124.1314735810,730124.1314735810,1,DORA-USDT
2022-02-14 09:00:00,1644800400000,6.5480000000,6.8000000000,6.2990000000,6.3730000000,92220.7772260000,594395.5835760559,594395.5835760559,1,DORA-USDT
2022-02-14 10:00:00,1644804000000,6.3720000000,6.4800000000,6.3510000000,6.4680000000,38921.4828520000,249648.9476825740,249648.9476825740,1,DORA-USDT
2022-02-14 11:00:00,1644807600000,6.4670000000,6.4990000000,6.3510000000,6.4830000000,43859.9320340000,281857.7352430150,281857.7352430150,1,DORA-USDT
2022-02-14 12:00:00,1644811200000,6.4820000000,6.4850000000,6.4070000000,6.4270000000,20484.4640480000,131817.0776351870,131817.0776351870,1,DORA-USDT
2022-02-14 13:00:00,1644814800000,6.4260000000,6.4750000000,6.3120000000,6.3310000000,32288.8345130000,206288.2876576250,206288.2876576250,1,DORA-USDT
2022-02-14 14:00:00,1644818400000,6.3320000000,6.4640000000,6.2700000000,6.4510000000,43386.0450270000,275321.4871615400,275321.4871615400,1,DORA-USDT
2022-02-14 15:00:00,1644822000000,6.4500000000,6.4550000000,6.3200000000,6.4400000000,48819.6609790000,311560.0977539520,311560.0977539520,1,DORA-USDT
2022-02-14 16:00:00,1644825600000,6.4420000000,6.4500000000,6.2550000000,6.2760000000,38707.7146350000,246535.9731121550,246535.9731121550,1,DORA-USDT
2022-02-14 17:00:00,1644829200000,6.2750000000,6.3440000000,6.2690000000,6.3120000000,26052.3818970000,164435.9836483510,164435.9836483510,1,DORA-USDT
2022-02-14 18:00:00,1644832800000,6.3120000000,6.4100000000,6.2690000000,6.3870000000,42323.3166950000,269142.2209001370,269142.2209001370,1,DORA-USDT
2022-02-14 19:00:00,1644836400000,6.3860000000,6.4020000000,6.3130000000,6.3450000000,23023.6433900000,146363.8404232640,146363.8404232640,1,DORA-USDT
2022-02-14 20:00:00,1644840000000,6.3460000000,6.5370000000,6.3170000000,6.5060000000,38844.0470680000,249036.8696243900,249036.8696243900,1,DORA-USDT
2022-02-14 21:00:00,1644843600000,6.5050000000,6.5070000000,6.3580000000,6.4170000000,35809.4744090000,230785.0198293640,230785.0198293640,1,DORA-USDT
2022-02-14 22:00:00,1644847200000,6.4150000000,6.4870000000,6.3900000000,6.4030000000,46507.0239980000,299563.7735235210,299563.7735235210,1,DORA-USDT
2022-02-14 23:00:00,1644850800000,6.4020000000,6.4860000000,6.3700000000,6.4830000000,36578.7087680000,235461.0848614600,235461.0848614600,1,DORA-USDT
2022-02-15 00:00:00,1644854400000,6.4850000000,6.5960000000,6.4770000000,6.5560000000,42868.5824370000,280613.0071245710,280613.0071245710,1,DORA-USDT
2022-02-15 01:00:00,1644858000000,6.5560000000,6.6000000000,6.4570000000,6.4880000000,33825.2169280000,219986.4842890010,219986.4842890010,1,DORA-USDT
2022-02-15 02:00:00,1644861600000,6.4890000000,6.5500000000,6.4720000000,6.4830000000,36284.3804850000,235951.7711642560,235951.7711642560,1,DORA-USDT
2022-02-15 03:00:00,1644865200000,6.4820000000,6.4830000000,6.1840000000,6.2360000000,64634.0846880000,406166.7545617390,406166.7545617390,1,DORA-USDT
2022-02-15 04:00:00,1644868800000,6.2360000000,6.2630000000,6.1790000000,6.2250000000,30587.9548270000,190270.2703862180,190270.2703862180,1,DORA-USDT
2022-02-15 05:00:00,1644872400000,6.2250000000,6.2720000000,6.2180000000,6.2650000000,26740.2787180000,166847.1313172380,166847.1313172380,1,DORA-USDT
2022-02-15 06:00:00,1644876000000,6.2650000000,6.3720000000,6.2600000000,6.3460000000,33872.5384000000,214529.5654237340,214529.5654237340,1,DORA-USDT
2022-02-15 07:00:00,1644879600000,6.3430000000,6.3680000000,6.2820000000,6.3060000000,27339.9561710000,173060.1852330470,173060.1852330470,1,DORA-USDT
2022-02-15 08:00:00,1644883200000,6.3070000000,6.3310000000,6.2300000000,6.2490000000,28397.5688520000,178122.9119065480,178122.9119065480,1,DORA-USDT
2022-02-15 09:00:00,1644886800000,6.2470000000,6.4420000000,6.2200000000,6.3770000000,47013.9388780000,298189.7007768170,298189.7007768170,1,DORA-USDT
2022-02-15 10:00:00,1644890400000,6.3770000000,6.4440000000,6.3230000000,6.3850000000,25058.1995730000,160395.9305011690,160395.9305011690,1,DORA-USDT
2022-02-15 11:00:00,1644894000000,6.3820000000,6.4460000000,6.3000000000,6.3550000000,38246.4582250000,243857.0860869630,243857.0860869630,1,DORA-USDT
2022-02-15 12:00:00,1644897600000,6.3530000000,6.3990000000,6.3410000000,6.3890000000,19574.9134870000,124756.6835084230,124756.6835084230,1,DORA-USDT
2022-02-15 13:00:00,1644901200000,6.3890000000,6.4110000000,6.3550000000,6.3770000000,11238.0682970000,71684.8339869250,71684.8339869250,1,DORA-USDT
2022-02-15 14:00:00,1644904800000,6.3770000000,6.4030000000,6.3490000000,6.3970000000,14992.1913700000,95666.9439525090,95666.9439525090,1,DORA-USDT
2022-02-15 15:00:00,1644908400000,6.3970000000,6.5220000000,6.3770000000,6.4580000000,29900.9283870000,191938.9544742390,191938.9544742390,1,DORA-USDT
2022-02-15 16:00:00,1644912000000,6.4590000000,6.5780000000,6.4190000000,6.5110000000,47058.1065000000,306166.2800733350,306166.2800733350,1,DORA-USDT
2022-02-15 17:00:00,1644915600000,6.5120000000,6.5640000000,6.4550000000,6.4800000000,26185.3864910000,169930.0558147540,169930.0558147540,1,DORA-USDT
2022-02-15 18:00:00,1644919200000,6.4840000000,6.5460000000,6.4700000000,6.5300000000,15384.5955570000,100150.4109635760,100150.4109635760,1,DORA-USDT
2022-02-15 19:00:00,1644922800000,6.5310000000,6.5500000000,6.4750000000,6.5140000000,17684.7072360000,115217.8425197530,115217.8425197530,1,DORA-USDT
2022-02-15 20:00:00,1644926400000,6.5130000000,6.5820000000,6.4590000000,6.5420000000,33268.9730540000,217251.9427890620,217251.9427890620,1,DORA-USDT
2022-02-15 21:00:00,1644930000000,6.5510000000,6.5630000000,6.4280000000,6.4740000000,37978.2050290000,246691.6268023200,246691.6268023200,1,DORA-USDT
2022-02-15 22:00:00,1644933600000,6.4750000000,6.5870000000,6.4740000000,6.5590000000,42616.1061110000,278604.6587595560,278604.6587595560,1,DORA-USDT
2022-02-15 23:00:00,1644937200000,6.5590000000,6.5830000000,6.5080000000,6.5600000000,38691.9485010000,253346.9455260090,253346.9455260090,1,DORA-USDT
2022-02-16 00:00:00,1644940800000,6.5610000000,6.5720000000,6.4720000000,6.4890000000,30555.5079060000,198909.4558603480,198909.4558603480,1,DORA-USDT
2022-02-16 01:00:00,1644944400000,6.4960000000,6.5100000000,6.4370000000,6.4480000000,23113.1489180000,149643.8286228570,149643.8286228570,1,DORA-USDT
2022-02-16 02:00:00,1644948000000,6.4490000000,6.4920000000,6.4320000000,6.4650000000,14415.5732040000,93182.1333039480,93182.1333039480,1,DORA-USDT
2022-02-16 03:00:00,1644951600000,6.4650000000,6.4740000000,6.4300000000,6.4380000000,14473.4158250000,93407.3784277520,93407.3784277520,1,DORA-USDT
2022-02-16 04:00:00,1644955200000,6.4380000000,6.5000000000,6.4350000000,6.4930000000,20254.5601910000,131099.1992958870,131099.1992958870,1,DORA-USDT
2022-02-16 05:00:00,1644958800000,6.4930000000,6.4970000000,6.4240000000,6.4460000000,15924.6134070000,102870.6393291880,102870.6393291880,1,DORA-USDT
2022-02-16 06:00:00,1644962400000,6.4450000000,6.4970000000,6.4240000000,6.4850000000,16146.4181430000,104535.4579484720,104535.4579484720,1,DORA-USDT
2022-02-16 07:00:00,1644966000000,6.4840000000,6.5620000000,6.4690000000,6.5400000000,19274.1696990000,125553.2498755550,125553.2498755550,1,DORA-USDT
2022-02-16 08:00:00,1644969600000,6.5420000000,6.5460000000,6.4580000000,6.5240000000,25745.0404920000,167425.0968951260,167425.0968951260,1,DORA-USDT
2022-02-16 09:00:00,1644973200000,6.5250000000,6.5250000000,6.4740000000,6.4800000000,15938.4914700000,103542.8298765030,103542.8298765030,1,DORA-USDT
2022-02-16 10:00:00,1644976800000,6.4810000000,6.5080000000,6.4750000000,6.5080000000,11223.9692780000,72797.5524310220,72797.5524310220,1,DORA-USDT
2022-02-16 11:00:00,1644980400000,6.5070000000,6.5070000000,6.4470000000,6.4600000000,16218.4616560000,105007.1141086170,105007.1141086170,1,DORA-USDT
2022-02-16 12:00:00,1644984000000,6.4600000000,6.4600000000,6.2930000000,6.3440000000,37342.2473300000,237189.2748956320,237189.2748956320,1,DORA-USDT
2022-02-16 13:00:00,1644987600000,6.3450000000,6.4070000000,6.3320000000,6.3560000000,28572.7583270000,181973.9970029410,181973.9970029410,1,DORA-USDT
2022-02-16 14:00:00,1644991200000,6.3570000000,6.4210000000,6.3500000000,6.4030000000,15900.6433120000,101678.4022184640,101678.4022184640,1,DORA-USDT
2022-02-16 15:00:00,1644994800000,6.4030000000,6.4460000000,6.3680000000,6.4310000000,7797.9203410000,49939.4265368590,49939.4265368590,1,DORA-USDT
2022-02-16 16:00:00,1644998400000,6.4310000000,6.4660000000,6.4190000000,6.4320000000,12206.8705770000,78658.3501897760,78658.3501897760,1,DORA-USDT
2022-02-16 17:00:00,1645002000000,6.4330000000,6.4420000000,6.3900000000,6.3920000000,13487.7599600000,86429.3677717380,86429.3677717380,1,DORA-USDT
2022-02-16 18:00:00,1645005600000,6.3930000000,6.3970000000,6.3370000000,6.3820000000,9036.6796450000,57555.5557212140,57555.5557212140,1,DORA-USDT
2022-02-16 19:00:00,1645009200000,6.3810000000,6.4120000000,6.3790000000,6.3890000000,8653.7500850000,55318.8654524490,55318.8654524490,1,DORA-USDT
2022-02-16 20:00:00,1645012800000,6.3910000000,6.4130000000,6.3580000000,6.3750000000,14413.9077080000,92063.1636828900,92063.1636828900,1,DORA-USDT
2022-02-16 21:00:00,1645016400000,6.3780000000,6.4060000000,6.2460000000,6.2790000000,27618.4846250000,174771.5687767450,174771.5687767450,1,DORA-USDT
2022-02-16 22:00:00,1645020000000,6.2790000000,6.3120000000,6.2230000000,6.2580000000,33131.3236690000,207630.4292103160,207630.4292103160,1,DORA-USDT
2022-02-16 23:00:00,1645023600000,6.2540000000,6.3480000000,6.2510000000,6.3120000000,33813.5101030000,213280.4736298460,213280.4736298460,1,DORA-USDT
2022-02-17 00:00:00,1645027200000,6.3090000000,6.3380000000,6.2690000000,6.3160000000,26097.6944530000,164344.8660059840,164344.8660059840,1,DORA-USDT
2022-02-17 01:00:00,1645030800000,6.3180000000,6.3660000000,6.2710000000,6.2950000000,20009.1483150000,126419.3680799530,126419.3680799530,1,DORA-USDT
2022-02-17 02:00:00,1645034400000,6.2950000000,6.3420000000,6.2720000000,6.3330000000,17615.4576500000,111049.6456493560,111049.6456493560,1,DORA-USDT
2022-02-17 03:00:00,1645038000000,6.3390000000,6.4790000000,6.2940000000,6.4560000000,34301.2110760000,219651.5048076260,219651.5048076260,1,DORA-USDT
2022-02-17 04:00:00,1645041600000,6.4640000000,6.4970000000,6.4140000000,6.4190000000,19739.3820490000,127501.4067141290,127501.4067141290,1,DORA-USDT
2022-02-17 05:00:00,1645045200000,6.4160000000,6.4600000000,6.3960000000,6.4180000000,11665.3696050000,75033.0941719000,75033.0941719000,1,DORA-USDT
2022-02-17 06:00:00,1645048800000,6.4230000000,6.4630000000,6.4030000000,6.4460000000,16938.5026700000,108921.0835905140,108921.0835905140,1,DORA-USDT
2022-02-17 07:00:00,1645052400000,6.4490000000,6.4800000000,6.3950000000,6.4020000000,18714.3785040000,120659.5798904570,120659.5798904570,1,DORA-USDT
2022-02-17 08:00:00,1645056000000,6.4040000000,6.4880000000,6.4030000000,6.4690000000,14732.8867810000,94867.5895917980,94867.5895917980,1,DORA-USDT
2022-02-17 09:00:00,1645059600000,6.4690000000,6.5450000000,6.4420000000,6.4570000000,18788.4077270000,121533.3072689790,121533.3072689790,1,DORA-USDT
2022-02-17 10:00:00,1645063200000,6.4570000000,6.4770000000,6.3930000000,6.4150000000,16298.2618860000,104756.6897370160,104756.6897370160,1,DORA-USDT
2022-02-17 11:00:00,1645066800000,6.4150000000,6.4150000000,6.3370000000,6.3420000000,10853.8038610000,69278.3098354390,69278.3098354390,1,DORA-USDT
2022-02-17 12:00:00,1645070400000,6.3420000000,6.3500000000,6.2510000000,6.3220000000,36221.0453450000,228535.6972724000,228535.6972724000,1,DORA-USDT
2022-02-17 13:00:00,1645074000000,6.3220000000,6.3350000000,6.2910000000,6.3160000000,10001.3883680000,63193.1273768400,63193.1273768400,1,DORA-USDT
2022-02-17 14:00:00,1645077600000,6.3170000000,6.4300000000,6.3110000000,6.4080000000,17124.7705370000,109179.2005237130,109179.2005237130,1,DORA-USDT
2022-02-17 15:00:00,1645081200000,6.4160000000,6.4320000000,6.3500000000,6.4070000000,23150.2580750000,148077.0615290260,148077.0615290260,1,DORA-USDT
2022-02-17 16:00:00,1645084800000,6.4070000000,6.4730000000,6.3070000000,6.3380000000,45905.7769750000,292991.8995418310,292991.8995418310,1,DORA-USDT
2022-02-17 17:00:00,1645088400000,6.3380000000,6.3600000000,6.2900000000,6.3450000000,23125.0549100000,146585.5570262480,146585.5570262480,1,DORA-USDT
2022-02-17 18:00:00,1645092000000,6.3450000000,6.3830000000,6.3050000000,6.3280000000,22096.9978570000,140124.5190672390,140124.5190672390,1,DORA-USDT
2022-02-17 19:00:00,1645095600000,6.3310000000,6.3590000000,6.3130000000,6.3450000000,17163.9252030000,108771.1854707160,108771.1854707160,1,DORA-USDT
2022-02-17 20:00:00,1645099200000,6.3450000000,6.3750000000,6.3280000000,6.3340000000,17810.0382200000,113143.5792116670,113143.5792116670,1,DORA-USDT
2022-02-17 21:00:00,1645102800000,6.3350000000,6.3490000000,6.1950000000,6.2200000000,39038.8987170000,244385.5323456780,244385.5323456780,1,DORA-USDT
2022-02-17 22:00:00,1645106400000,6.2200000000,6.2760000000,6.1260000000,6.1500000000,35177.3398380000,218395.3609978370,218395.3609978370,1,DORA-USDT
2022-02-17 23:00:00,1645110000000,6.1530000000,6.2030000000,6.1340000000,6.1920000000,28716.8038790000,177450.6945927710,177450.6945927710,1,DORA-USDT
2022-02-18 00:00:00,1645113600000,6.1940000000,6.2450000000,6.1550000000,6.2180000000,27067.1456110000,168107.8724710920,168107.8724710920,1,DORA-USDT
2022-02-18 01:00:00,1645117200000,6.2190000000,6.2310000000,6.1030000000,6.1450000000,27005.4215180000,166639.5842242920,166639.5842242920,1,DORA-USDT
2022-02-18 02:00:00,1645120800000,6.1440000000,6.1570000000,5.9650000000,6.0680000000,57792.5131640000,349506.0152298600,349506.0152298600,1,DORA-USDT
2022-02-18 03:00:00,1645124400000,6.0670000000,6.1110000000,5.9960000000,6.1090000000,29513.6905010000,178536.9507614770,178536.9507614770,1,DORA-USDT
2022-02-18 04:00:00,1645128000000,6.1080000000,6.1130000000,5.9510000000,5.9580000000,37606.6949820000,226261.4947338790,226261.4947338790,1,DORA-USDT
2022-02-18 05:00:00,1645131600000,5.9580000000,5.9640000000,5.8250000000,5.9340000000,48028.0834860000,283550.8290422390,283550.8290422390,1,DORA-USDT
2022-02-18 06:00:00,1645135200000,5.9330000000,5.9700000000,5.9010000000,5.9360000000,30750.7005970000,182296.5816938890,182296.5816938890,1,DORA-USDT
2022-02-18 07:00:00,1645138800000,5.9370000000,5.9650000000,5.8030000000,5.8590000000,30689.7177830000,181467.4682899920,181467.4682899920,1,DORA-USDT
2022-02-18 08:00:00,1645142400000,5.8600000000,5.9170000000,5.8030000000,5.9080000000,50371.8423410000,295100.6709268590,295100.6709268590,1,DORA-USDT
2022-02-18 09:00:00,1645146000000,5.9070000000,6.0070000000,5.8660000000,5.9730000000,36706.1276910000,217716.6592212070,217716.6592212070,1,DORA-USDT
2022-02-18 10:00:00,1645149600000,5.9780000000,6.0040000000,5.9440000000,5.9680000000,16116.2483390000,96295.4567746340,96295.4567746340,1,DORA-USDT
2022-02-18 11:00:00,1645153200000,5.9670000000,5.9980000000,5.9480000000,5.9930000000,14165.1992340000,84616.9643951690,84616.9643951690,1,DORA-USDT
2022-02-18 12:00:00,1645156800000,5.9920000000,6.0060000000,5.9480000000,5.9600000000,16915.9007460000,101042.4084822250,101042.4084822250,1,DORA-USDT
2022-02-18 13:00:00,1645160400000,5.9600000000,6.0400000000,5.9490000000,6.0190000000,22509.6103870000,135200.0859007750,135200.0859007750,1,DORA-USDT
2022-02-18 14:00:00,1645164000000,6.0190000000,6.0460000000,5.9960000000,6.0400000000,13669.1089390000,82386.9611473930,82386.9611473930,1,DORA-USDT
2022-02-18 15:00:00,1645167600000,6.0400000000,6.0620000000,6.0190000000,6.0480000000,4843.9001810000,29252.4247721830,29252.4247721830,1,DORA-USDT
2022-02-18 16:00:00,1645171200000,6.0500000000,6.2000000000,6.0460000000,6.1010000000,21796.4194710000,132372.1759517930,132372.1759517930,1,DORA-USDT
2022-02-18 17:00:00,1645174800000,6.1020000000,6.1160000000,6.0550000000,6.0950000000,16413.1092630000,99805.9803507950,99805.9803507950,1,DORA-USDT
2022-02-18 18:00:00,1645178400000,6.0950000000,6.1080000000,6.0420000000,6.0680000000,16067.8511220000,97584.2724003480,97584.2724003480,1,DORA-USDT
2022-02-18 19:00:00,1645182000000,6.0660000000,6.0750000000,5.9050000000,5.9120000000,20704.5539920000,123526.3869755650,123526.3869755650,1,DORA-USDT
2022-02-18 20:00:00,1645185600000,5.9120000000,5.9940000000,5.9040000000,5.9910000000,12711.5160900000,75787.5576487870,75787.5576487870,1,DORA-USDT
2022-02-18 21:00:00,1645189200000,5.9920000000,5.9920000000,5.9240000000,5.9610000000,20966.5829760000,124900.4960040310,124900.4960040310,1,DORA-USDT
2022-02-18 22:00:00,1645192800000,5.9610000000,5.9670000000,5.8550000000,5.9240000000,45304.8313980000,267236.2837953210,267236.2837953210,1,DORA-USDT
2022-02-18 23:00:00,1645196400000,5.9240000000,5.9850000000,5.7580000000,5.7820000000,48713.9192860000,284458.1880786160,284458.1880786160,1,DORA-USDT
2022-02-19 00:00:00,1645200000000,5.7810000000,5.8410000000,5.7100000000,5.7430000000,52476.4689200000,303415.9182520570,303415.9182520570,1,DORA-USDT
2022-02-19 01:00:00,1645203600000,5.7420000000,5.8270000000,5.7370000000,5.7710000000,31786.8354560000,183628.9888196220,183628.9888196220,1,DORA-USDT
2022-02-19 02:00:00,1645207200000,5.7730000000,5.8040000000,5.7190000000,5.7910000000,20516.7829320000,118080.4072764410,118080.4072764410,1,DORA-USDT
2022-02-19 03:00:00,1645210800000,5.7920000000,5.8150000000,5.7640000000,5.8010000000,17714.5094480000,102587.8888626520,102587.8888626520,1,DORA-USDT
2022-02-19 04:00:00,1645214400000,5.8010000000,5.8180000000,5.7610000000,5.7790000000,26916.2383390000,155811.2669486340,155811.2669486340,1,DORA-USDT
2022-02-19 05:00:00,1645218000000,5.7790000000,5.8220000000,5.7680000000,5.7990000000,27392.4323520000,158842.1492918070,158842.1492918070,1,DORA-USDT
2022-02-19 06:00:00,1645221600000,5.7920000000,5.8300000000,5.7490000000,5.7700000000,28881.5695790000,166938.3409797630,166938.3409797630,1,DORA-USDT
2022-02-19 07:00:00,1645225200000,5.7840000000,5.8540000000,5.7690000000,5.8310000000,23727.5953230000,138195.0002940140,138195.0002940140,1,DORA-USDT
2022-02-19 08:00:00,1645228800000,5.8320000000,6.1590000000,5.8320000000,6.1510000000,56047.5504540000,335981.4701699870,335981.4701699870,1,DORA-USDT
2022-02-19 09:00:00,1645232400000,6.1500000000,6.1700000000,5.9590000000,5.9700000000,35235.9825540000,213985.7601430440,213985.7601430440,1,DORA-USDT
2022-02-19 10:00:00,1645236000000,5.9700000000,5.9900000000,5.9510000000,5.9740000000,7805.9719580000,46628.4194119790,46628.4194119790,1,DORA-USDT
2022-02-19 11:00:00,1645239600000,5.9740000000,5.9860000000,5.9310000000,5.9410000000,13641.9299340000,81227.6560867650,81227.6560867650,1,DORA-USDT
2022-02-19 12:00:00,1645243200000,5.9430000000,5.9450000000,5.8980000000,5.9120000000,9853.6827280000,58271.5888994030,58271.5888994030,1,DORA-USDT
2022-02-19 13:00:00,1645246800000,5.9110000000,5.9200000000,5.8530000000,5.8810000000,13289.0446380000,78240.8815713280,78240.8815713280,1,DORA-USDT
2022-02-19 14:00:00,1645250400000,5.8810000000,5.9380000000,5.8710000000,5.9170000000,10064.4642650000,59418.3737128160,59418.3737128160,1,DORA-USDT
2022-02-19 15:00:00,1645254000000,5.9160000000,5.9220000000,5.8930000000,5.8930000000,4427.1687460000,26138.5959731020,26138.5959731020,1,DORA-USDT
2022-02-19 16:00:00,1645257600000,5.8930000000,5.9190000000,5.7490000000,5.7870000000,33034.8550880000,192690.5035455330,192690.5035455330,1,DORA-USDT
2022-02-19 17:00:00,1645261200000,5.7860000000,5.8160000000,5.7720000000,5.7880000000,21498.2958740000,124586.3649490680,124586.3649490680,1,DORA-USDT
2022-02-19 18:00:00,1645264800000,5.7920000000,5.8090000000,5.7360000000,5.7540000000,15670.7518650000,90385.2735899970,90385.2735899970,1,DORA-USDT
2022-02-19 19:00:00,1645268400000,5.7530000000,5.8360000000,5.6260000000,5.6750000000,32386.7422310000,184134.3172078710,184134.3172078710,1,DORA-USDT
2022-02-19 20:00:00,1645272000000,5.6750000000,5.6890000000,5.6110000000,5.6500000000,24180.8097510000,136735.9006147690,136735.9006147690,1,DORA-USDT
2022-02-19 21:00:00,1645275600000,5.6480000000,5.7290000000,5.6150000000,5.7190000000,23346.1435910000,132399.8958413810,132399.8958413810,1,DORA-USDT
2022-02-19 22:00:00,1645279200000,5.7160000000,5.7250000000,5.6530000000,5.6770000000,12435.9697840000,70738.3084796000,70738.3084796000,1,DORA-USDT
2022-02-19 23:00:00,1645282800000,5.6770000000,6.0000000000,5.6610000000,5.7970000000,31308.2628780000,180774.2959424340,180774.2959424340,1,DORA-USDT
2022-02-20 00:00:00,1645286400000,5.7970000000,5.9110000000,5.7520000000,5.7620000000,40481.6014980000,236082.3810085200,236082.3810085200,1,DORA-USDT
2022-02-20 01:00:00,1645290000000,5.7630000000,5.7870000000,5.7300000000,5.7770000000,17714.4542180000,102051.5946207840,102051.5946207840,1,DORA-USDT
2022-02-20 02:00:00,1645293600000,5.7770000000,5.7780000000,5.7430000000,5.7560000000,9126.4635840000,52561.2153274680,52561.2153274680,1,DORA-USDT
2022-02-20 03:00:00,1645297200000,5.7560000000,5.7560000000,5.6830000000,5.6920000000,13045.3820610000,74559.7306836030,74559.7306836030,1,DORA-USDT
2022-02-20 04:00:00,1645300800000,5.6900000000,5.7330000000,5.6840000000,5.7210000000,8702.6419520000,49726.9395903960,49726.9395903960,1,DORA-USDT
2022-02-20 05:00:00,1645304400000,5.7200000000,5.7200000000,5.6520000000,5.6750000000,11103.0122160000,63017.7580271340,63017.7580271340,1,DORA-USDT
2022-02-20 06:00:00,1645308000000,5.6760000000,5.7250000000,5.6660000000,5.7070000000,13133.4074230000,74741.5415493140,74741.5415493140,1,DORA-USDT
2022-02-20 07:00:00,1645311600000,5.7060000000,5.7440000000,5.6870000000,5.7310000000,16303.6995040000,93244.6069107620,93244.6069107620,1,DORA-USDT
2022-02-20 08:00:00,1645315200000,5.7330000000,5.7370000000,5.6390000000,5.6560000000,11799.6034670000,67124.2175965400,67124.2175965400,1,DORA-USDT
2022-02-20 09:00:00,1645318800000,5.6540000000,5.6700000000,5.6100000000,5.6700000000,11921.7799860000,67325.9119519190,67325.9119519190,1,DORA-USDT
2022-02-20 10:00:00,1645322400000,5.6740000000,5.6780000000,5.5370000000,5.5400000000,20835.6280860000,116942.5344475040,116942.5344475040,1,DORA-USDT
2022-02-20 11:00:00,1645326000000,5.5420000000,5.5890000000,5.5140000000,5.5460000000,15550.2825190000,86143.1297548790,86143.1297548790,1,DORA-USDT
2022-02-20 12:00:00,1645329600000,5.5460000000,5.5480000000,5.4690000000,5.4730000000,21878.2211830000,120396.2131262380,120396.2131262380,1,DORA-USDT
2022-02-20 13:00:00,1645333200000,5.4740000000,5.5010000000,5.3800000000,5.4220000000,21351.9674460000,116524.2672678510,116524.2672678510,1,DORA-USDT
2022-02-20 14:00:00,1645336800000,5.4220000000,5.4430000000,5.2800000000,5.3040000000,53029.6574050000,283346.2554427190,283346.2554427190,1,DORA-USDT
2022-02-20 15:00:00,1645340400000,5.3030000000,5.4000000000,5.2830000000,5.3800000000,28343.3283900000,151212.2271311800,151212.2271311800,1,DORA-USDT
2022-02-20 16:00:00,1645344000000,5.3800000000,5.4290000000,5.3000000000,5.3170000000,36769.1637480000,196313.8943544150,196313.8943544150,1,DORA-USDT
2022-02-20 17:00:00,1645347600000,5.3120000000,5.3670000000,5.2770000000,5.3310000000,32271.1561990000,171908.5251962310,171908.5251962310,1,DORA-USDT
2022-02-20 18:00:00,1645351200000,5.3350000000,5.3800000000,5.3090000000,5.3330000000,16802.9250080000,89775.1544339390,89775.1544339390,1,DORA-USDT
2022-02-20 19:00:00,1645354800000,5.3320000000,5.4080000000,5.3260000000,5.4070000000,12056.0715290000,64691.7698053550,64691.7698053550,1,DORA-USDT
2022-02-20 20:00:00,1645358400000,5.4080000000,5.4610000000,5.3760000000,5.3770000000,19037.5911370000,103128.2834537500,103128.2834537500,1,DORA-USDT
2022-02-20 21:00:00,1645362000000,5.3780000000,5.3970000000,5.3650000000,5.3760000000,12158.4815550000,65442.4619305020,65442.4619305020,1,DORA-USDT
2022-02-20 22:00:00,1645365600000,5.3760000000,5.5000000000,5.2770000000,5.3050000000,39725.8498870000,211350.9716258720,211350.9716258720,1,DORA-USDT
2022-02-20 23:00:00,1645369200000,5.3050000000,5.4550000000,5.2140000000,5.2610000000,40340.0776540000,212117.0088025760,212117.0088025760,1,DORA-USDT
2022-02-21 00:00:00,1645372800000,5.2600000000,5.3040000000,5.2290000000,5.2430000000,22762.8983380000,119808.7641368550,119808.7641368550,1,DORA-USDT
2022-02-21 01:00:00,1645376400000,5.2370000000,5.2680000000,5.2240000000,5.2500000000,17575.7678380000,92215.0628473330,92215.0628473330,1,DORA-USDT
2022-02-21 02:00:00,1645380000000,5.2480000000,5.2720000000,5.2300000000,5.2600000000,15581.9814850000,81887.3692125640,81887.3692125640,1,DORA-USDT
2022-02-21 03:00:00,1645383600000,5.2580000000,5.2590000000,5.2270000000,5.2300000000,8479.4283940000,44437.8445237450,44437.8445237450,1,DORA-USDT
2022-02-21 04:00:00,1645387200000,5.2290000000,5.2290000000,5.2000000000,5.2080000000,22640.9160380000,117901.2555150640,117901.2555150640,1,DORA-USDT
2022-02-21 05:00:00,1645390800000,5.2100000000,5.2130000000,5.1520000000,5.1790000000,16089.1381100000,83330.5906652330,83330.5906652330,1,DORA-USDT
2022-02-21 06:00:00,1645394400000,5.1790000000,5.2860000000,5.1790000000,5.2810000000,35669.3368710000,186140.3739933350,186140.3739933350,1,DORA-USDT
2022-02-21 07:00:00,1645398000000,5.2820000000,5.3180000000,5.2290000000,5.2300000000,40020.9307340000,211355.7046517700,211355.7046517700,1,DORA-USDT
2022-02-21 08:00:00,1645401600000,5.2300000000,5.3490000000,5.1770000000,5.3380000000,42591.5004800000,223253.1563872190,223253.1563872190,1,DORA-USDT
2022-02-21 09:00:00,1645405200000,5.3400000000,5.4880000000,5.3280000000,5.4660000000,47875.1099330000,260486.7145455140,260486.7145455140,1,DORA-USDT
2022-02-21 10:00:00,1645408800000,5.4650000000,5.4760000000,5.4180000000,5.4420000000,20973.1062600000,114304.3237860260,114304.3237860260,1,DORA-USDT
2022-02-21 11:00:00,1645412400000,5.4420000000,5.4700000000,5.3690000000,5.3870000000,20796.7106080000,112730.1751889730,112730.1751889730,1,DORA-USDT
2022-02-21 12:00:00,1645416000000,5.3870000000,5.4750000000,5.3870000000,5.4660000000,20504.0359390000,111282.5670440770,111282.5670440770,1,DORA-USDT
2022-02-21 13:00:00,1645419600000,5.4670000000,5.4750000000,5.4350000000,5.4380000000,14261.6180940000,77747.3765696610,77747.3765696610,1,DORA-USDT
2022-02-21 14:00:00,1645423200000,5.4370000000,5.4390000000,5.4180000000,5.4300000000,7450.9158750000,40466.0916487480,40466.0916487480,1,DORA-USDT
2022-02-21 15:00:00,1645426800000,5.4350000000,5.4730000000,5.4150000000,5.4580000000,16532.9213960000,90054.0849129890,90054.0849129890,1,DORA-USDT
2022-02-21 16:00:00,1645430400000,5.4630000000,5.4900000000,5.3850000000,5.3960000000,19581.4302190000,106553.9398718340,106553.9398718340,1,DORA-USDT
2022-02-21 17:00:00,1645434000000,5.3980000000,5.4190000000,5.3630000000,5.3750000000,24664.1912550000,132977.6476335490,132977.6476335490,1,DORA-USDT
2022-02-21 18:00:00,1645437600000,5.3710000000,5.3710000000,5.2000000000,5.2200000000,35756.7064020000,188327.0544069140,188327.0544069140,1,DORA-USDT
2022-02-21 19:00:00,1645441200000,5.2200000000,5.2370000000,5.0190000000,5.0920000000,47651.0071860000,244277.8970292740,244277.8970292740,1,DORA-USDT
2022-02-21 20:00:00,1645444800000,5.0930000000,5.1170000000,5.0080000000,5.0360000000,53689.7792810000,271936.9514235870,271936.9514235870,1,DORA-USDT
2022-02-21 21:00:00,1645448400000,5.0320000000,5.0770000000,4.9860000000,5.0480000000,50289.1348320000,253311.1420764670,253311.1420764670,1,DORA-USDT
2022-02-21 22:00:00,1645452000000,5.0450000000,5.3270000000,5.0240000000,5.2590000000,88536.2264600000,461380.7794806700,461380.7794806700,1,DORA-USDT
2022-02-21 23:00:00,1645455600000,5.2570000000,5.3500000000,5.2190000000,5.2320000000,50259.7216850000,265416.6428165170,265416.6428165170,1,DORA-USDT
2022-02-22 00:00:00,1645459200000,5.2350000000,5.2780000000,5.1530000000,5.1660000000,36039.6098860000,188028.0955659970,188028.0955659970,1,DORA-USDT
2022-02-22 01:00:00,1645462800000,5.1650000000,5.1930000000,5.0960000000,5.1000000000,27238.7723230000,140418.1926081480,140418.1926081480,1,DORA-USDT
2022-02-22 02:00:00,1645466400000,5.1000000000,5.1330000000,4.9780000000,5.0160000000,80336.8522490000,404382.2851165640,404382.2851165640,1,DORA-USDT
2022-02-22 03:00:00,1645470000000,5.0100000000,5.0750000000,4.9850000000,5.0650000000,52830.8543930000,265785.8586161700,265785.8586161700,1,DORA-USDT
2022-02-22 04:00:00,1645473600000,5.0640000000,5.0670000000,5.0000000000,5.0440000000,38415.1445640000,193593.6569430420,193593.6569430420,1,DORA-USDT
2022-02-22 05:00:00,1645477200000,5.0460000000,5.0860000000,4.8890000000,4.8900000000,48234.8684760000,240907.3681656450,240907.3681656450,1,DORA-USDT
2022-02-22 06:00:00,1645480800000,4.8850000000,4.9910000000,4.8600000000,4.8920000000,55184.4678140000,270803.1310452610,270803.1310452610,1,DORA-USDT
2022-02-22 07:00:00,1645484400000,4.8900000000,4.8970000000,4.7310000000,4.7480000000,53089.4831010000,255554.2505998600,255554.2505998600,1,DORA-USDT
2022-02-22 08:00:00,1645488000000,4.7550000000,4.8620000000,4.7450000000,4.8200000000,41358.5024130000,198775.4177522280,198775.4177522280,1,DORA-USDT
2022-02-22 09:00:00,1645491600000,4.8250000000,4.8740000000,4.7410000000,4.8210000000,52883.2342210000,254133.4776714730,254133.4776714730,1,DORA-USDT
2022-02-22 10:00:00,1645495200000,4.8210000000,4.8210000000,4.7320000000,4.7790000000,40745.3454320000,194576.3287460770,194576.3287460770,1,DORA-USDT
2022-02-22 11:00:00,1645498800000,4.7790000000,4.7790000000,4.6000000000,4.6110000000,52276.7373000000,243081.3700890620,243081.3700890620,1,DORA-USDT
2022-02-22 12:00:00,1645502400000,4.6280000000,4.6800000000,4.6140000000,4.6420000000,36360.9735410000,168998.7978671530,168998.7978671530,1,DORA-USDT
2022-02-22 13:00:00,1645506000000,4.6430000000,4.7670000000,4.6300000000,4.7010000000,38773.9744020000,181980.1216652650,181980.1216652650,1,DORA-USDT
2022-02-22 14:00:00,1645509600000,4.7010000000,4.7460000000,4.6730000000,4.7080000000,51610.8156720000,243049.8624088890,243049.8624088890,1,DORA-USDT
2022-02-22 15:00:00,1645513200000,4.7070000000,4.7290000000,4.6310000000,4.6520000000,39501.7643330000,184943.3727981760,184943.3727981760,1,DORA-USDT
2022-02-22 16:00:00,1645516800000,4.6540000000,4.7650000000,4.6510000000,4.7570000000,50344.4585180000,237380.6798237260,237380.6798237260,1,DORA-USDT
2022-02-22 17:00:00,1645520400000,4.7560000000,4.8000000000,4.7240000000,4.7680000000,39176.4605360000,186279.7439763470,186279.7439763470,1,DORA-USDT
2022-02-22 18:00:00,1645524000000,4.7680000000,4.8940000000,4.7450000000,4.8670000000,55637.2581320000,268572.2781499960,268572.2781499960,1,DORA-USDT
2022-02-22 19:00:00,1645527600000,4.8680000000,4.9030000000,4.8180000000,4.8560000000,38176.7132050000,185582.1867439310,185582.1867439310,1,DORA-USDT
2022-02-22 20:00:00,1645531200000,4.8560000000,4.9210000000,4.8010000000,4.8920000000,47820.5956800000,232964.1134090920,232964.1134090920,1,DORA-USDT
2022-02-22 21:00:00,1645534800000,4.8920000000,4.9360000000,4.8420000000,4.9120000000,26240.7369910000,128283.9244627570,128283.9244627570,1,DORA-USDT
2022-02-22 22:00:00,1645538400000,4.9100000000,4.9910000000,4.8300000000,4.9550000000,70149.6121180000,343466.2502617090,343466.2502617090,1,DORA-USDT
2022-02-22 23:00:00,1645542000000,4.9560000000,4.9720000000,4.8710000000,4.8840000000,46721.8443830000,230106.8824756010,230106.8824756010,1,DORA-USDT
2022-02-23 00:00:00,1645545600000,4.8830000000,4.9120000000,4.7960000000,4.8400000000,44211.1976900000,214074.4651325720,214074.4651325720,1,DORA-USDT
2022-02-23 01:00:00,1645549200000,4.8360000000,5.0150000000,4.7800000000,4.8170000000,32532.7648460000,156641.3418260930,156641.3418260930,1,DORA-USDT
2022-02-23 02:00:00,1645552800000,4.8170000000,4.8650000000,4.7820000000,4.8240000000,30725.1918700000,148188.6028280450,148188.6028280450,1,DORA-USDT
2022-02-23 03:00:00,1645556400000,4.8230000000,4.8990000000,4.7960000000,4.8800000000,53644.2811710000,260057.4774337180,260057.4774337180,1,DORA-USDT
2022-02-23 04:00:00,1645560000000,4.8790000000,4.9060000000,4.8120000000,4.8320000000,26301.8007310000,127930.2122090030,127930.2122090030,1,DORA-USDT
2022-02-23 05:00:00,1645563600000,4.8320000000,4.8520000000,4.8190000000,4.8230000000,12997.9364270000,62871.7385654170,62871.7385654170,1,DORA-USDT
2022-02-23 06:00:00,1645567200000,4.8260000000,4.8540000000,4.7990000000,4.8150000000,14544.8684280000,70202.4510166040,70202.4510166040,1,DORA-USDT
2022-02-23 07:00:00,1645570800000,4.8150000000,4.9150000000,4.8120000000,4.9040000000,30289.8345160000,147632.0788771170,147632.0788771170,1,DORA-USDT
2022-02-23 08:00:00,1645574400000,4.9050000000,4.9390000000,4.8700000000,4.8730000000,32888.3144390000,161144.6176684410,161144.6176684410,1,DORA-USDT
2022-02-23 09:00:00,1645578000000,4.8730000000,5.0000000000,4.8500000000,4.8770000000,29777.3106800000,145192.0868258920,145192.0868258920,1,DORA-USDT
2022-02-23 10:00:00,1645581600000,4.8770000000,4.9550000000,4.8200000000,4.8490000000,27679.4121210000,135236.4951053090,135236.4951053090,1,DORA-USDT
2022-02-23 11:00:00,1645585200000,4.8520000000,4.9140000000,4.8380000000,4.9090000000,23471.4454760000,114565.2485862420,114565.2485862420,1,DORA-USDT
2022-02-23 12:00:00,1645588800000,4.9090000000,5.0600000000,4.9010000000,5.0430000000,36601.6752460000,182974.6818765980,182974.6818765980,1,DORA-USDT
2022-02-23 13:00:00,1645592400000,5.0430000000,5.1290000000,5.0010000000,5.0440000000,37912.6273720000,191932.3456432270,191932.3456432270,1,DORA-USDT
2022-02-23 14:00:00,1645596000000,5.0450000000,5.0870000000,4.9940000000,5.0120000000,18853.0156240000,95036.8039976490,95036.8039976490,1,DORA-USDT
2022-02-23 15:00:00,1645599600000,5.0110000000,5.0660000000,4.9970000000,5.0660000000,18067.1754150000,91021.5053755150,91021.5053755150,1,DORA-USDT
2022-02-23 16:00:00,1645603200000,5.0540000000,5.1300000000,5.0300000000,5.1100000000,32891.5726760000,167355.1224727760,167355.1224727760,1,DORA-USDT
2022-02-23 17:00:00,1645606800000,5.1100000000,5.1520000000,5.0990000000,5.1340000000,21301.4397130000,109312.3335545820,109312.3335545820,1,DORA-USDT
2022-02-23 18:00:00,1645610400000,5.1340000000,5.1520000000,5.1040000000,5.1300000000,20298.0815430000,103974.1695570460,103974.1695570460,1,DORA-USDT
2022-02-23 19:00:00,1645614000000,5.1260000000,5.1330000000,5.0720000000,5.0850000000,21566.6450190000,109994.6743527280,109994.6743527280,1,DORA-USDT
2022-02-23 20:00:00,1645617600000,5.0860000000,5.1570000000,5.0740000000,5.1370000000,28308.4333110000,144639.7137316570,144639.7137316570,1,DORA-USDT
2022-02-23 21:00:00,1645621200000,5.1360000000,5.1600000000,5.0720000000,5.0800000000,22130.7621200000,113253.0261857810,113253.0261857810,1,DORA-USDT
2022-02-23 22:00:00,1645624800000,5.0790000000,5.0840000000,5.0170000000,5.0170000000,24769.1641330000,125107.7354262610,125107.7354262610,1,DORA-USDT
2022-02-23 23:00:00,1645628400000,5.0170000000,5.0210000000,4.9680000000,4.9770000000,27141.2855200000,135384.2395049460,135384.2395049460,1,DORA-USDT
2022-02-24 00:00:00,1645632000000,4.9760000000,5.0480000000,4.9000000000,5.0390000000,45232.4439380000,224788.1055245270,224788.1055245270,1,DORA-USDT
2022-02-24 01:00:00,1645635600000,5.0390000000,5.0770000000,4.9240000000,4.9350000000,37370.4075080000,187449.6274976450,187449.6274976450,1,DORA-USDT
2022-02-24 02:00:00,1645639200000,4.9340000000,4.9510000000,4.8610000000,4.8800000000,31247.5158450000,153131.3616268990,153131.3616268990,1,DORA-USDT
2022-02-24 03:00:00,1645642800000,4.8800000000,4.9010000000,4.8340000000,4.8420000000,28211.6727110000,137353.2897059640,137353.2897059640,1,DORA-USDT
2022-02-24 04:00:00,1645646400000,4.8420000000,4.8560000000,4.8010000000,4.8320000000,35848.4837230000,173026.9248894700,173026.9248894700,1,DORA-USDT
2022-02-24 05:00:00,1645650000000,4.8320000000,4.8570000000,4.7920000000,4.8030000000,35693.4802280000,172079.8288867900,172079.8288867900,1,DORA-USDT
2022-02-24 06:00:00,1645653600000,4.8030000000,4.8230000000,4.7420000000,4.8210000000,40242.7666820000,192640.0500529400,192640.0500529400,1,DORA-USDT
2022-02-24 07:00:00,1645657200000,4.8210000000,4.8230000000,4.7230000000,4.7400000000,52355.7831470000,249237.5107302940,249237.5107302940,1,DORA-USDT
2022-02-24 08:00:00,1645660800000,4.7410000000,4.7900000000,4.7130000000,4.7470000000,54346.5412500000,258502.8714415620,258502.8714415620,1,DORA-USDT
2022-02-24 09:00:00,1645664400000,4.7480000000,4.7820000000,4.7140000000,4.7770000000,37183.8538070000,176694.8036463470,176694.8036463470,1,DORA-USDT
2022-02-24 10:00:00,1645668000000,4.7810000000,4.8000000000,4.6470000000,4.6750000000,40546.7819880000,192463.0370509520,192463.0370509520,1,DORA-USDT
2022-02-24 11:00:00,1645671600000,4.6750000000,4.6790000000,4.2000000000,4.3030000000,161861.2478940000,720328.6877038190,720328.6877038190,1,DORA-USDT
2022-02-24 12:00:00,1645675200000,4.3010000000,4.4000000000,4.2000000000,4.3110000000,95662.0239930000,409836.2848801720,409836.2848801720,1,DORA-USDT
2022-02-24 13:00:00,1645678800000,4.3110000000,4.3210000000,4.0570000000,4.1260000000,88032.6852950000,367029.8271404320,367029.8271404320,1,DORA-USDT
2022-02-24 14:00:00,1645682400000,4.1350000000,4.1830000000,4.0850000000,4.1300000000,68103.7789780000,281719.3549108140,281719.3549108140,1,DORA-USDT
2022-02-24 15:00:00,1645686000000,4.1270000000,4.2240000000,4.0100000000,4.1900000000,83446.9879870000,343323.5446077970,343323.5446077970,1,DORA-USDT
2022-02-24 16:00:00,1645689600000,4.1910000000,4.2930000000,4.1720000000,4.2180000000,72102.5708960000,304810.5770905810,304810.5770905810,1,DORA-USDT
2022-02-24 17:00:00,1645693200000,4.2170000000,4.2830000000,4.1780000000,4.1880000000,41166.3430740000,173860.8173309880,173860.8173309880,1,DORA-USDT
2022-02-24 18:00:00,1645696800000,4.1870000000,4.1930000000,4.0890000000,4.1730000000,59489.4172410000,246770.2857618730,246770.2857618730,1,DORA-USDT
2022-02-24 19:00:00,1645700400000,4.1710000000,4.2280000000,4.1170000000,4.2200000000,67010.3894190000,279547.5896229430,279547.5896229430,1,DORA-USDT
2022-02-24 20:00:00,1645704000000,4.2190000000,4.2190000000,4.1520000000,4.1760000000,51240.7788840000,214219.4646132800,214219.4646132800,1,DORA-USDT
2022-02-24 21:00:00,1645707600000,4.1800000000,4.2510000000,4.1530000000,4.2050000000,48761.6201530000,204705.9757478280,204705.9757478280,1,DORA-USDT
2022-02-24 22:00:00,1645711200000,4.2040000000,4.2940000000,4.1760000000,4.2760000000,81932.9014960000,346347.2487462140,346347.2487462140,1,DORA-USDT
2022-02-24 23:00:00,1645714800000,4.2760000000,4.3740000000,4.2380000000,4.3540000000,77666.0432430000,334562.2281069200,334562.2281069200,1,DORA-USDT
2022-02-25 00:00:00,1645718400000,4.3520000000,4.4490000000,4.3480000000,4.4100000000,75527.9904440000,332055.0738933910,332055.0738933910,1,DORA-USDT
2022-02-25 01:00:00,1645722000000,4.4100000000,4.4160000000,4.3070000000,4.3300000000,51944.1304860000,225787.5644922650,225787.5644922650,1,DORA-USDT
2022-02-25 02:00:00,1645725600000,4.3300000000,4.5310000000,4.3290000000,4.4640000000,59035.9897050000,260772.8606334450,260772.8606334450,1,DORA-USDT
2022-02-25 03:00:00,1645729200000,4.4650000000,4.5900000000,4.4360000000,4.5820000000,64872.3959600000,292584.4881241520,292584.4881241520,1,DORA-USDT
2022-02-25 04:00:00,1645732800000,4.5790000000,4.7470000000,4.5790000000,4.6250000000,100341.8947840000,466640.5837285790,466640.5837285790,1,DORA-USDT
2022-02-25 05:00:00,1645736400000,4.6290000000,4.6420000000,4.5590000000,4.6120000000,36581.3658220000,168380.1951734080,168380.1951734080,1,DORA-USDT
2022-02-25 06:00:00,1645740000000,4.6120000000,4.8000000000,4.4900000000,4.4990000000,43906.6910020000,201077.6836891090,201077.6836891090,1,DORA-USDT
2022-02-25 07:00:00,1645743600000,4.4980000000,4.6180000000,4.4980000000,4.5870000000,31659.1119820000,144453.2887036550,144453.2887036550,1,DORA-USDT
2022-02-25 08:00:00,1645747200000,4.5880000000,4.6470000000,4.5670000000,4.5820000000,58613.7883490000,269866.9474777650,269866.9474777650,1,DORA-USDT
2022-02-25 09:00:00,1645750800000,4.5820000000,4.6760000000,4.5740000000,4.6420000000,43407.4240310000,200919.5960087180,200919.5960087180,1,DORA-USDT
2022-02-25 10:00:00,1645754400000,4.6320000000,4.6990000000,4.6310000000,4.6660000000,35687.9329500000,166341.3817654580,166341.3817654580,1,DORA-USDT
2022-02-25 11:00:00,1645758000000,4.6600000000,4.6700000000,4.6100000000,4.6510000000,31915.1165330000,148059.4116597990,148059.4116597990,1,DORA-USDT
2022-02-25 12:00:00,1645761600000,4.6510000000,4.6680000000,4.5840000000,4.5990000000,32797.6981720000,151643.8296082280,151643.8296082280,1,DORA-USDT
2022-02-25 13:00:00,1645765200000,4.5990000000,4.6170000000,4.5280000000,4.5530000000,42388.0589560000,193555.8294382380,193555.8294382380,1,DORA-USDT
2022-02-25 14:00:00,1645768800000,4.5560000000,4.6320000000,4.5260000000,4.6260000000,36180.7779370000,166184.5324711730,166184.5324711730,1,DORA-USDT
2022-02-25 15:00:00,1645772400000,4.6280000000,4.6520000000,4.5890000000,4.6080000000,41788.3388010000,192832.2307520460,192832.2307520460,1,DORA-USDT
2022-02-25 16:00:00,1645776000000,4.6050000000,4.6130000000,4.5280000000,4.5610000000,48658.6353290000,222127.0424196760,222127.0424196760,1,DORA-USDT
2022-02-25 17:00:00,1645779600000,4.5580000000,4.5960000000,4.5000000000,4.5850000000,52878.6208030000,240155.4055833070,240155.4055833070,1,DORA-USDT
2022-02-25 18:00:00,1645783200000,4.5840000000,4.6210000000,4.5560000000,4.5860000000,46594.3114090000,213805.7365348670,213805.7365348670,1,DORA-USDT
2022-02-25 19:00:00,1645786800000,4.5840000000,4.6370000000,4.5500000000,4.6220000000,38847.5019830000,178288.0195711920,178288.0195711920,1,DORA-USDT
2022-02-25 20:00:00,1645790400000,4.6220000000,4.7170000000,4.6180000000,4.7000000000,48782.7019480000,227510.3235578430,227510.3235578430,1,DORA-USDT
2022-02-25 21:00:00,1645794000000,4.7040000000,4.8800000000,4.6880000000,4.7000000000,34309.9127040000,162062.0280982910,162062.0280982910,1,DORA-USDT
2022-02-25 22:00:00,1645797600000,4.7020000000,4.7100000000,4.6260000000,4.6290000000,51742.7126000000,241540.4677236710,241540.4677236710,1,DORA-USDT
2022-02-25 23:00:00,1645801200000,4.6290000000,4.7280000000,4.5820000000,4.7110000000,46184.5662640000,214759.5874688870,214759.5874688870,1,DORA-USDT
2022-02-26 00:00:00,1645804800000,4.7100000000,4.7580000000,4.6670000000,4.7240000000,40725.3873350000,191792.1215424690,191792.1215424690,1,DORA-USDT
2022-02-26 01:00:00,1645808400000,4.7190000000,4.7380000000,4.6540000000,4.6790000000,35998.0959100000,168946.0986035330,168946.0986035330,1,DORA-USDT
2022-02-26 02:00:00,1645812000000,4.6820000000,4.6920000000,4.6280000000,4.6510000000,34102.1583310000,158801.8532587710,158801.8532587710,1,DORA-USDT
2022-02-26 03:00:00,1645815600000,4.6510000000,4.7050000000,4.6120000000,4.6720000000,35569.3410260000,165927.0693562910,165927.0693562910,1,DORA-USDT
2022-02-26 04:00:00,1645819200000,4.6720000000,4.7670000000,4.6440000000,4.7530000000,45209.7783650000,212703.8695044170,212703.8695044170,1,DORA-USDT
2022-02-26 05:00:00,1645822800000,4.7500000000,4.7920000000,4.7380000000,4.7760000000,19921.7816850000,95036.4287571260,95036.4287571260,1,DORA-USDT
2022-02-26 06:00:00,1645826400000,4.7770000000,4.8460000000,4.7440000000,4.8410000000,31322.4967470000,149880.5028518640,149880.5028518640,1,DORA-USDT
2022-02-26 07:00:00,1645830000000,4.8410000000,4.8550000000,4.7670000000,4.7870000000,38382.5126150000,184841.3187845170,184841.3187845170,1,DORA-USDT
2022-02-26 08:00:00,1645833600000,4.7880000000,5.0500000000,4.7770000000,4.9810000000,72412.5238160000,355981.3133967680,355981.3133967680,1,DORA-USDT
2022-02-26 09:00:00,1645837200000,4.9840000000,5.0200000000,4.9300000000,4.9840000000,42766.7976910000,212628.3087648910,212628.3087648910,1,DORA-USDT
2022-02-26 10:00:00,1645840800000,4.9850000000,5.0220000000,4.9470000000,4.9550000000,40863.3330040000,203523.3131930660,203523.3131930660,1,DORA-USDT
2022-02-26 11:00:00,1645844400000,4.9550000000,4.9720000000,4.8830000000,4.9330000000,30791.5924890000,151761.7880584160,151761.7880584160,1,DORA-USDT
2022-02-26 12:00:00,1645848000000,4.9340000000,4.9740000000,4.9190000000,4.9630000000,26871.3621390000,132940.8122365800,132940.8122365800,1,DORA-USDT
2022-02-26 13:00:00,1645851600000,4.9610000000,4.9680000000,4.8030000000,4.8190000000,35617.3129330000,173973.7011744940,173973.7011744940,1,DORA-USDT
2022-02-26 14:00:00,1645855200000,4.8220000000,4.8710000000,4.8150000000,4.8330000000,24073.5737150000,116617.4176912160,116617.4176912160,1,DORA-USDT
2022-02-26 15:00:00,1645858800000,4.8360000000,4.8770000000,4.8010000000,4.8770000000,29561.4289180000,142945.9796514440,142945.9796514440,1,DORA-USDT
2022-02-26 16:00:00,1645862400000,4.8780000000,4.9150000000,4.7560000000,4.7730000000,47640.0014280000,230441.1425346080,230441.1425346080,1,DORA-USDT
2022-02-26 17:00:00,1645866000000,4.7740000000,4.8080000000,4.7270000000,4.7680000000,40309.6601530000,192523.0377280720,192523.0377280720,1,DORA-USDT
2022-02-26 18:00:00,1645869600000,4.7680000000,4.8170000000,4.7540000000,4.8060000000,26102.2956630000,125103.2731286560,125103.2731286560,1,DORA-USDT
2022-02-26 19:00:00,1645873200000,4.8090000000,4.8310000000,4.7580000000,4.7700000000,35737.4781040000,171363.7755056540,171363.7755056540,1,DORA-USDT
2022-02-26 20:00:00,1645876800000,4.7730000000,4.8290000000,4.7400000000,4.8110000000,41353.1667400000,198218.6234898820,198218.6234898820,1,DORA-USDT
2022-02-26 21:00:00,1645880400000,4.8170000000,4.8530000000,4.7980000000,4.8210000000,28083.1429140000,135539.5186066630,135539.5186066630,1,DORA-USDT
2022-02-26 22:00:00,1645884000000,4.8210000000,4.8720000000,4.7980000000,4.8500000000,33373.5315610000,161383.7536225050,161383.7536225050,1,DORA-USDT
2022-02-26 23:00:00,1645887600000,4.8490000000,4.8880000000,4.8310000000,4.8370000000,30599.7801430000,148757.7789449940,148757.7789449940,1,DORA-USDT
2022-02-27 00:00:00,1645891200000,4.8370000000,4.8660000000,4.7730000000,4.7970000000,46248.7982360000,222724.9455328620,222724.9455328620,1,DORA-USDT
2022-02-27 01:00:00,1645894800000,4.7970000000,4.8440000000,4.7940000000,4.8380000000,18892.1382290000,91065.2520067140,91065.2520067140,1,DORA-USDT
2022-02-27 02:00:00,1645898400000,4.8360000000,4.8360000000,4.7350000000,4.7900000000,35857.8671400000,171179.0639054410,171179.0639054410,1,DORA-USDT
2022-02-27 03:00:00,1645902000000,4.7910000000,4.8440000000,4.7890000000,4.8310000000,25192.8171950000,121494.7467805620,121494.7467805620,1,DORA-USDT
2022-02-27 04:00:00,1645905600000,4.8310000000,4.8870000000,4.8220000000,4.8490000000,19773.1889820000,96042.2086960090,96042.2086960090,1,DORA-USDT
2022-02-27 05:00:00,1645909200000,4.8520000000,4.8920000000,4.8440000000,4.8590000000,27784.0335420000,135098.5984732590,135098.5984732590,1,DORA-USDT
2022-02-27 06:00:00,1645912800000,4.8580000000,4.8640000000,4.8250000000,4.8340000000,20537.1916200000,99448.5172714180,99448.5172714180,1,DORA-USDT
2022-02-27 07:00:00,1645916400000,4.8320000000,4.8450000000,4.7720000000,4.8160000000,36442.2431810000,174877.3318459720,174877.3318459720,1,DORA-USDT
2022-02-27 08:00:00,1645920000000,4.8150000000,4.8270000000,4.6740000000,4.6790000000,50828.1232690000,241252.5910186620,241252.5910186620,1,DORA-USDT
2022-02-27 09:00:00,1645923600000,4.6780000000,4.6920000000,4.5830000000,4.5860000000,56128.7672850000,260152.0515814430,260152.0515814430,1,DORA-USDT
2022-02-27 10:00:00,1645927200000,4.5850000000,4.6270000000,4.5730000000,4.6200000000,37152.7371080000,171036.3297549930,171036.3297549930,1,DORA-USDT
2022-02-27 11:00:00,1645930800000,4.6210000000,4.6530000000,4.5950000000,4.6120000000,26047.0575920000,120409.9294427940,120409.9294427940,1,DORA-USDT
2022-02-27 12:00:00,1645934400000,4.6130000000,4.6280000000,4.5860000000,4.6010000000,30240.5314870000,139299.4203183520,139299.4203183520,1,DORA-USDT
2022-02-27 13:00:00,1645938000000,4.6000000000,4.6500000000,4.5820000000,4.6140000000,30100.7249130000,138756.2673673530,138756.2673673530,1,DORA-USDT
2022-02-27 14:00:00,1645941600000,4.6140000000,4.7310000000,4.6130000000,4.7230000000,23975.2938330000,112237.4767609440,112237.4767609440,1,DORA-USDT
2022-02-27 15:00:00,1645945200000,4.7230000000,4.7340000000,4.7020000000,4.7120000000,20789.5630630000,98085.8086999160,98085.8086999160,1,DORA-USDT
2022-02-27 16:00:00,1645948800000,4.7110000000,4.7140000000,4.6500000000,4.7010000000,40981.3439720000,191906.3950866030,191906.3950866030,1,DORA-USDT
2022-02-27 17:00:00,1645952400000,4.7000000000,4.7500000000,4.6860000000,4.7480000000,24001.9522680000,113206.1829175970,113206.1829175970,1,DORA-USDT
2022-02-27 18:00:00,1645956000000,4.7520000000,4.8090000000,4.7380000000,4.7920000000,20405.8206100000,97410.3271169620,97410.3271169620,1,DORA-USDT
2022-02-27 19:00:00,1645959600000,4.7920000000,4.8570000000,4.7720000000,4.8230000000,26638.4823550000,127902.0636505020,127902.0636505020,1,DORA-USDT
2022-02-27 20:00:00,1645963200000,4.8290000000,4.8330000000,4.7630000000,4.8140000000,28209.5105830000,135371.6141274860,135371.6141274860,1,DORA-USDT
2022-02-27 21:00:00,1645966800000,4.8140000000,4.8300000000,4.5960000000,4.7060000000,60859.3856760000,286722.3025711350,286722.3025711350,1,DORA-USDT
2022-02-27 22:00:00,1645970400000,4.7040000000,4.7280000000,4.6370000000,4.6670000000,49839.4149930000,232946.1083226190,232946.1083226190,1,DORA-USDT
2022-02-27 23:00:00,1645974000000,4.6670000000,4.7690000000,4.6550000000,4.7600000000,43106.6387130000,203491.7874203670,203491.7874203670,1,DORA-USDT
2022-02-28 00:00:00,1645977600000,4.7590000000,4.7660000000,4.6770000000,4.6930000000,24569.5567110000,115619.3355612640,115619.3355612640,1,DORA-USDT
2022-02-28 01:00:00,1645981200000,4.6930000000,4.7010000000,4.6550000000,4.6580000000,14764.7299080000,69022.9564369990,69022.9564369990,1,DORA-USDT
2022-02-28 02:00:00,1645984800000,4.6570000000,4.6600000000,4.6120000000,4.6190000000,21148.0765310000,98069.6968567670,98069.6968567670,1,DORA-USDT
2022-02-28 03:00:00,1645988400000,4.6190000000,4.6360000000,4.4150000000,4.4330000000,44522.6418980000,201919.0367920350,201919.0367920350,1,DORA-USDT
2022-02-28 04:00:00,1645992000000,4.4330000000,4.5460000000,4.4090000000,4.4760000000,74418.7709440000,332225.6769442150,332225.6769442150,1,DORA-USDT
2022-02-28 05:00:00,1645995600000,4.4710000000,4.4920000000,4.3840000000,4.4520000000,62120.4539630000,276183.9949484760,276183.9949484760,1,DORA-USDT
2022-02-28 06:00:00,1645999200000,4.4520000000,4.4970000000,4.4430000000,4.4870000000,27999.4062460000,125370.1093347740,125370.1093347740,1,DORA-USDT
2022-02-28 07:00:00,1646002800000,4.4860000000,4.4900000000,4.3910000000,4.4590000000,39914.0977030000,177066.5380283480,177066.5380283480,1,DORA-USDT
2022-02-28 08:00:00,1646006400000,4.4610000000,4.4610000000,4.3560000000,4.3900000000,42840.8573310000,188969.0558029820,188969.0558029820,1,DORA-USDT
2022-02-28 09:00:00,1646010000000,4.3940000000,4.5190000000,4.3900000000,4.4770000000,31777.6577990000,142129.0612987120,142129.0612987120,1,DORA-USDT
2022-02-28 10:00:00,1646013600000,4.4770000000,4.4990000000,4.4240000000,4.4760000000,25534.5193500000,114132.0167683960,114132.0167683960,1,DORA-USDT
2022-02-28 11:00:00,1646017200000,4.4770000000,4.5010000000,4.4490000000,4.4860000000,27403.5761370000,122801.6060863130,122801.6060863130,1,DORA-USDT
2022-02-28 12:00:00,1646020800000,4.4860000000,4.5270000000,4.4810000000,4.4940000000,22631.3811980000,101918.1282196570,101918.1282196570,1,DORA-USDT
2022-02-28 13:00:00,1646024400000,4.4940000000,4.5240000000,4.4720000000,4.4780000000,23293.9951160000,104777.2819825040,104777.2819825040,1,DORA-USDT
2022-02-28 14:00:00,1646028000000,4.4790000000,4.5090000000,4.3990000000,4.4900000000,61887.9015500000,276432.7796367290,276432.7796367290,1,DORA-USDT
2022-02-28 15:00:00,1646031600000,4.4920000000,4.5860000000,4.4810000000,4.5560000000,37763.6568260000,170896.3936447150,170896.3936447150,1,DORA-USDT
2022-02-28 16:00:00,1646035200000,4.5540000000,4.6580000000,4.5110000000,4.5440000000,52738.2158660000,241257.5030456790,241257.5030456790,1,DORA-USDT
2022-02-28 17:00:00,1646038800000,4.5430000000,4.5810000000,4.5020000000,4.5020000000,32742.2043570000,149023.1804116780,149023.1804116780,1,DORA-USDT
2022-02-28 18:00:00,1646042400000,4.5050000000,4.5300000000,4.4870000000,4.5250000000,31827.6603380000,143510.9801920920,143510.9801920920,1,DORA-USDT
2022-02-28 19:00:00,1646046000000,4.5230000000,4.5390000000,4.4410000000,4.4730000000,35557.0539630000,159303.8312130030,159303.8312130030,1,DORA-USDT
2022-02-28 20:00:00,1646049600000,4.4720000000,4.5140000000,4.4370000000,4.4620000000,41504.7245250000,185754.5952725300,185754.5952725300,1,DORA-USDT
2022-02-28 21:00:00,1646053200000,4.4600000000,4.4800000000,4.4160000000,4.4270000000,40883.1525480000,181691.9001084240,181691.9001084240,1,DORA-USDT
2022-02-28 22:00:00,1646056800000,4.4230000000,4.6970000000,4.4220000000,4.6780000000,71935.4654660000,328289.0496535190,328289.0496535190,1,DORA-USDT
2022-02-28 23:00:00,1646060400000,4.6780000000,4.7390000000,4.6230000000,4.7210000000,58025.7729950000,271980.8120337490,271980.8120337490,1,DORA-USDT
2022-03-01 00:00:00,1646064000000,4.7230000000,5.0870000000,4.7210000000,4.9810000000,149670.8423630000,738098.9853757170,738098.9853757170,1,DORA-USDT
2022-03-01 01:00:00,1646067600000,4.9820000000,5.0540000000,4.8710000000,5.0480000000,51873.4767370000,256567.8857127670,256567.8857127670,1,DORA-USDT
2022-03-01 02:00:00,1646071200000,5.0440000000,5.0800000000,4.9940000000,5.0500000000,47776.7523030000,240375.7165817540,240375.7165817540,1,DORA-USDT
2022-03-01 03:00:00,1646074800000,5.0480000000,5.1790000000,5.0250000000,5.1740000000,45913.9106700000,234601.3193672980,234601.3193672980,1,DORA-USDT
2022-03-01 04:00:00,1646078400000,5.1700000000,5.5900000000,5.1680000000,5.4610000000,116583.7969670000,631149.8937008590,631149.8937008590,1,DORA-USDT
2022-03-01 05:00:00,1646082000000,5.4580000000,5.5900000000,5.3100000000,5.5540000000,79602.7846770000,434433.7242337720,434433.7242337720,1,DORA-USDT
2022-03-01 06:00:00,1646085600000,5.5540000000,5.8860000000,5.4000000000,5.4150000000,129082.7094480000,723484.1205145470,723484.1205145470,1,DORA-USDT
2022-03-01 07:00:00,1646089200000,5.4150000000,5.5990000000,5.3700000000,5.5790000000,49485.8536760000,270152.7685597020,270152.7685597020,1,DORA-USDT
2022-03-01 08:00:00,1646092800000,5.5700000000,5.6480000000,5.4150000000,5.5590000000,84107.0495620000,464538.9109702860,464538.9109702860,1,DORA-USDT
2022-03-01 09:00:00,1646096400000,5.5630000000,5.5630000000,5.3940000000,5.3940000000,38851.8595180000,212043.8251858130,212043.8251858130,1,DORA-USDT
2022-03-01 10:00:00,1646100000000,5.3930000000,5.4490000000,5.3420000000,5.4280000000,44970.5442920000,243084.4170800030,243084.4170800030,1,DORA-USDT
2022-03-01 11:00:00,1646103600000,5.4280000000,5.4280000000,5.3230000000,5.3440000000,29891.0810290000,160128.2077115740,160128.2077115740,1,DORA-USDT
2022-03-01 12:00:00,1646107200000,5.3440000000,5.4830000000,5.3430000000,5.4760000000,39130.7351450000,211569.9689219330,211569.9689219330,1,DORA-USDT
2022-03-01 13:00:00,1646110800000,5.4740000000,5.4800000000,5.3900000000,5.4230000000,26162.8440790000,141915.3568007140,141915.3568007140,1,DORA-USDT
2022-03-01 14:00:00,1646114400000,5.4200000000,5.4990000000,5.3670000000,5.4890000000,41794.7959440000,227553.6184319770,227553.6184319770,1,DORA-USDT
2022-03-01 15:00:00,1646118000000,5.4930000000,5.8220000000,5.4840000000,5.5560000000,49336.9421510000,274515.0901926980,274515.0901926980,1,DORA-USDT
2022-03-01 16:00:00,1646121600000,5.5550000000,5.6050000000,5.4200000000,5.4990000000,75034.3454540000,412360.3558130520,412360.3558130520,1,DORA-USDT
2022-03-01 17:00:00,1646125200000,5.4980000000,5.5020000000,5.3070000000,5.3590000000,70310.9414860000,378045.0398675680,378045.0398675680,1,DORA-USDT
2022-03-01 18:00:00,1646128800000,5.3570000000,5.3900000000,5.2110000000,5.3880000000,69951.2106150000,370934.2769408130,370934.2769408130,1,DORA-USDT
2022-03-01 19:00:00,1646132400000,5.3880000000,5.4180000000,5.3290000000,5.3870000000,54766.2033590000,294186.9529074700,294186.9529074700,1,DORA-USDT
2022-03-01 20:00:00,1646136000000,5.3980000000,5.4690000000,5.3270000000,5.4170000000,87385.3576430000,472509.5532491860,472509.5532491860,1,DORA-USDT
2022-03-01 21:00:00,1646139600000,5.4150000000,5.5040000000,5.3940000000,5.4460000000,72089.5739030000,393352.0392263820,393352.0392263820,1,DORA-USDT
2022-03-01 22:00:00,1646143200000,5.4460000000,5.5300000000,5.3340000000,5.3660000000,77298.3999300000,419955.5165904340,419955.5165904340,1,DORA-USDT
2022-03-01 23:00:00,1646146800000,5.3720000000,5.4370000000,5.2670000000,5.3010000000,74009.8919420000,396327.2893367660,396327.2893367660,1,DORA-USDT
2022-03-02 00:00:00,1646150400000,5.3000000000,5.3750000000,5.1910000000,5.2200000000,81418.4350110000,429004.0680993350,429004.0680993350,1,DORA-USDT
2022-03-02 01:00:00,1646154000000,5.2190000000,5.3140000000,5.1990000000,5.3030000000,41612.1876530000,218779.4003000610,218779.4003000610,1,DORA-USDT
2022-03-02 02:00:00,1646157600000,5.3020000000,5.3270000000,5.2540000000,5.3100000000,37541.1264160000,198696.8260259030,198696.8260259030,1,DORA-USDT
2022-03-02 03:00:00,1646161200000,5.3110000000,5.3410000000,5.2450000000,5.2710000000,34411.5719520000,182478.8179746450,182478.8179746450,1,DORA-USDT
2022-03-02 04:00:00,1646164800000,5.2700000000,5.3110000000,5.2540000000,5.2830000000,38318.5626870000,202473.2793895000,202473.2793895000,1,DORA-USDT
2022-03-02 05:00:00,1646168400000,5.2880000000,5.3160000000,5.2080000000,5.2500000000,44430.3341190000,233222.7613924880,233222.7613924880,1,DORA-USDT
2022-03-02 06:00:00,1646172000000,5.2490000000,5.2860000000,5.2230000000,5.2650000000,23575.4904660000,123895.5424667060,123895.5424667060,1,DORA-USDT
2022-03-02 07:00:00,1646175600000,5.2650000000,5.3590000000,5.2570000000,5.3500000000,27938.3186290000,148042.3564365260,148042.3564365260,1,DORA-USDT
2022-03-02 08:00:00,1646179200000,5.3500000000,5.3730000000,5.2510000000,5.2900000000,44443.7997470000,235866.1171172350,235866.1171172350,1,DORA-USDT
2022-03-02 09:00:00,1646182800000,5.2890000000,5.6990000000,5.2890000000,5.5870000000,110974.7956240000,602595.5837992280,602595.5837992280,1,DORA-USDT
2022-03-02 10:00:00,1646186400000,5.5870000000,5.7800000000,5.4300000000,5.4750000000,66418.4775110000,367807.1423762480,367807.1423762480,1,DORA-USDT
2022-03-02 11:00:00,1646190000000,5.4720000000,5.6990000000,5.4610000000,5.6020000000,64147.7565420000,358062.8902015960,358062.8902015960,1,DORA-USDT
2022-03-02 12:00:00,1646193600000,5.6020000000,5.7560000000,5.5730000000,5.6500000000,90228.2487330000,510027.4237445320,510027.4237445320,1,DORA-USDT
2022-03-02 13:00:00,1646197200000,5.6530000000,5.6790000000,5.5000000000,5.6150000000,73696.5229560000,411343.1568707790,411343.1568707790,1,DORA-USDT
2022-03-02 14:00:00,1646200800000,5.6160000000,5.6240000000,5.4320000000,5.4470000000,66397.8111830000,365334.0750666610,365334.0750666610,1,DORA-USDT
2022-03-02 15:00:00,1646204400000,5.4330000000,5.5490000000,5.4120000000,5.5320000000,57398.3148690000,313898.9606511070,313898.9606511070,1,DORA-USDT
2022-03-02 16:00:00,1646208000000,5.5350000000,5.6200000000,5.4300000000,5.5030000000,75834.0641450000,418930.4292401730,418930.4292401730,1,DORA-USDT
2022-03-02 17:00:00,1646211600000,5.5040000000,5.5420000000,5.3760000000,5.4370000000,67150.0251420000,366757.8823147930,366757.8823147930,1,DORA-USDT
2022-03-02 18:00:00,1646215200000,5.4350000000,5.5410000000,5.4210000000,5.5020000000,47124.5051300000,259000.4253004360,259000.4253004360,1,DORA-USDT
2022-03-02 19:00:00,1646218800000,5.5030000000,5.5030000000,5.4260000000,5.4890000000,48438.7608540000,264744.2769145600,264744.2769145600,1,DORA-USDT
2022-03-02 20:00:00,1646222400000,5.4850000000,5.5500000000,5.4170000000,5.4670000000,66880.4247350000,366439.0777152020,366439.0777152020,1,DORA-USDT
2022-03-02 21:00:00,1646226000000,5.4670000000,5.5320000000,5.2180000000,5.2540000000,81856.6589590000,437525.9464063520,437525.9464063520,1,DORA-USDT
2022-03-02 22:00:00,1646229600000,5.2510000000,5.4280000000,5.2440000000,5.4210000000,60581.3325920000,323539.1191625740,323539.1191625740,1,DORA-USDT
2022-03-02 23:00:00,1646233200000,5.4240000000,5.4670000000,5.3610000000,5.3850000000,84504.2919040000,456788.7732221570,456788.7732221570,1,DORA-USDT
2022-03-03 00:00:00,1646236800000,5.3890000000,6.0870000000,5.3620000000,5.9840000000,173480.0385650000,999088.2291714880,999088.2291714880,1,DORA-USDT
2022-03-03 01:00:00,1646240400000,5.9840000000,6.2000000000,5.9010000000,5.9360000000,149676.3566790000,906441.1925510120,906441.1925510120,1,DORA-USDT
2022-03-03 02:00:00,1646244000000,5.9370000000,6.0820000000,5.8730000000,5.9860000000,100839.7426870000,602936.5018991590,602936.5018991590,1,DORA-USDT
2022-03-03 03:00:00,1646247600000,5.9850000000,6.4370000000,5.9280000000,6.2890000000,164762.2308670000,1016430.3509396730,1016430.3509396730,1,DORA-USDT
2022-03-03 04:00:00,1646251200000,6.2950000000,6.3430000000,6.0810000000,6.1040000000,106847.9829370000,662094.2590130210,662094.2590130210,1,DORA-USDT
2022-03-03 05:00:00,1646254800000,6.1050000000,6.3040000000,6.0150000000,6.1180000000,94106.6321240000,577565.7495084580,577565.7495084580,1,DORA-USDT
2022-03-03 06:00:00,1646258400000,6.1200000000,6.2570000000,6.0420000000,6.1450000000,85107.4685020000,523031.1205842270,523031.1205842270,1,DORA-USDT
2022-03-03 07:00:00,1646262000000,6.1430000000,6.1900000000,6.1120000000,6.1300000000,42086.0212340000,258349.9791555590,258349.9791555590,1,DORA-USDT
2022-03-03 08:00:00,1646265600000,6.1280000000,6.1290000000,5.9670000000,6.0590000000,53941.1025370000,325596.2310224680,325596.2310224680,1,DORA-USDT
2022-03-03 09:00:00,1646269200000,6.0590000000,6.0990000000,6.0130000000,6.0630000000,41086.2344690000,248586.7887451040,248586.7887451040,1,DORA-USDT
2022-03-03 10:00:00,1646272800000,6.0630000000,6.2210000000,5.9240000000,6.1490000000,96518.6964290000,584020.4486837070,584020.4486837070,1,DORA-USDT
2022-03-03 11:00:00,1646276400000,6.1470000000,6.2280000000,6.0340000000,6.1880000000,77107.4035290000,471258.8310744480,471258.8310744480,1,DORA-USDT
2022-03-03 12:00:00,1646280000000,6.1860000000,6.3740000000,6.1440000000,6.2050000000,90016.2196160000,561309.3141959290,561309.3141959290,1,DORA-USDT
2022-03-03 13:00:00,1646283600000,6.2050000000,6.2170000000,6.0480000000,6.0800000000,46822.8457820000,286851.2548227660,286851.2548227660,1,DORA-USDT
2022-03-03 14:00:00,1646287200000,6.0780000000,6.1370000000,6.0030000000,6.0680000000,58024.5788110000,351432.7113480250,351432.7113480250,1,DORA-USDT
2022-03-03 15:00:00,1646290800000,6.0680000000,6.1750000000,6.0310000000,6.0810000000,67270.5248470000,410985.5503874770,410985.5503874770,1,DORA-USDT
2022-03-03 16:00:00,1646294400000,6.0810000000,6.2440000000,6.0620000000,6.1060000000,97255.1235730000,597542.8491756601,597542.8491756601,1,DORA-USDT
2022-03-03 17:00:00,1646298000000,6.1070000000,6.1990000000,6.0760000000,6.1690000000,39283.8418310000,241001.2210099580,241001.2210099580,1,DORA-USDT
2022-03-03 18:00:00,1646301600000,6.1680000000,6.2450000000,6.0510000000,6.1130000000,67994.0262720000,417967.9149123570,417967.9149123570,1,DORA-USDT
2022-03-03 19:00:00,1646305200000,6.1140000000,6.1480000000,6.0300000000,6.1090000000,52736.7432280000,321124.7049239710,321124.7049239710,1,DORA-USDT
2022-03-03 20:00:00,1646308800000,6.1090000000,6.1490000000,6.0270000000,6.1130000000,67230.6990180000,409805.9920670650,409805.9920670650,1,DORA-USDT
2022-03-03 21:00:00,1646312400000,6.1120000000,6.2500000000,6.0990000000,6.2310000000,59987.7250550000,370727.7644339000,370727.7644339000,1,DORA-USDT
2022-03-03 22:00:00,1646316000000,6.2300000000,6.2320000000,6.0930000000,6.1210000000,52784.0882830000,324778.7846034050,324778.7846034050,1,DORA-USDT
2022-03-03 23:00:00,1646319600000,6.1200000000,6.1200000000,5.7830000000,5.7880000000,107491.5555880000,636816.6998728050,636816.6998728050,1,DORA-USDT
2022-03-04 00:00:00,1646323200000,5.7870000000,5.7870000000,5.6080000000,5.6480000000,75541.5467800000,428323.8422058180,428323.8422058180,1,DORA-USDT
2022-03-04 01:00:00,1646326800000,5.6480000000,5.6710000000,5.5000000000,5.5520000000,62181.9986970000,346818.5513381610,346818.5513381610,1,DORA-USDT
2022-03-04 02:00:00,1646330400000,5.5510000000,5.6000000000,5.5190000000,5.5380000000,25521.8916230000,141906.0397737590,141906.0397737590,1,DORA-USDT
2022-03-04 03:00:00,1646334000000,5.5330000000,5.5490000000,5.4310000000,5.4870000000,32868.2794140000,180406.9713120110,180406.9713120110,1,DORA-USDT
2022-03-04 04:00:00,1646337600000,5.4890000000,5.4890000000,5.3680000000,5.4040000000,39257.9496870000,213085.1743781190,213085.1743781190,1,DORA-USDT
2022-03-04 05:00:00,1646341200000,5.4040000000,5.5100000000,5.3680000000,5.4920000000,47812.7990380000,260788.4630676220,260788.4630676220,1,DORA-USDT
2022-03-04 06:00:00,1646344800000,5.4950000000,5.5730000000,5.4950000000,5.5710000000,28899.5520810000,160387.7625903870,160387.7625903870,1,DORA-USDT
2022-03-04 07:00:00,1646348400000,5.5710000000,5.7050000000,5.5250000000,5.5910000000,61458.7527440000,345955.6886492120,345955.6886492120,1,DORA-USDT
2022-03-04 08:00:00,1646352000000,5.5910000000,5.6070000000,5.2940000000,5.3240000000,71724.1629360000,389796.1287189970,389796.1287189970,1,DORA-USDT
2022-03-04 09:00:00,1646355600000,5.3230000000,5.3690000000,5.2760000000,5.3500000000,66097.4109900000,352160.4378723910,352160.4378723910,1,DORA-USDT
2022-03-04 10:00:00,1646359200000,5.3500000000,5.3740000000,5.3100000000,5.3200000000,32105.0082460000,171359.3120737570,171359.3120737570,1,DORA-USDT
2022-03-04 11:00:00,1646362800000,5.3190000000,5.3630000000,5.2900000000,5.3380000000,43428.0626800000,231138.9022232510,231138.9022232510,1,DORA-USDT
2022-03-04 12:00:00,1646366400000,5.3360000000,5.3720000000,5.3080000000,5.3420000000,35932.2450490000,191787.6046930650,191787.6046930650,1,DORA-USDT
2022-03-04 13:00:00,1646370000000,5.3420000000,5.4710000000,5.3200000000,5.4630000000,36460.1159410000,196201.9085280420,196201.9085280420,1,DORA-USDT
2022-03-04 14:00:00,1646373600000,5.4650000000,5.5590000000,5.4510000000,5.4950000000,39487.2935250000,217124.1636483160,217124.1636483160,1,DORA-USDT
2022-03-04 15:00:00,1646377200000,5.4940000000,5.5030000000,5.3910000000,5.4510000000,33837.7016920000,183815.3381645840,183815.3381645840,1,DORA-USDT
2022-03-04 16:00:00,1646380800000,5.4510000000,5.4740000000,5.3500000000,5.4240000000,55974.8136110000,302757.3298602320,302757.3298602320,1,DORA-USDT
2022-03-04 17:00:00,1646384400000,5.4260000000,5.4690000000,5.3790000000,5.4380000000,51492.3992720000,279599.1138536580,279599.1138536580,1,DORA-USDT
2022-03-04 18:00:00,1646388000000,5.4320000000,5.4600000000,5.4000000000,5.4100000000,25124.8716980000,136322.3575379200,136322.3575379200,1,DORA-USDT
2022-03-04 19:00:00,1646391600000,5.4090000000,5.4710000000,5.4000000000,5.4420000000,29553.0444410000,160779.3261645350,160779.3261645350,1,DORA-USDT
2022-03-04 20:00:00,1646395200000,5.4410000000,5.4620000000,5.3750000000,5.4190000000,30809.3588030000,166904.7530326990,166904.7530326990,1,DORA-USDT
2022-03-04 21:00:00,1646398800000,5.4100000000,5.4550000000,5.3170000000,5.3300000000,45912.2410570000,247248.7539834650,247248.7539834650,1,DORA-USDT
2022-03-04 22:00:00,1646402400000,5.3290000000,5.3360000000,5.2300000000,5.2620000000,49337.3247950000,260555.8504549360,260555.8504549360,1,DORA-USDT
2022-03-04 23:00:00,1646406000000,5.2610000000,5.2810000000,5.1920000000,5.2180000000,35676.9453870000,186594.0723031610,186594.0723031610,1,DORA-USDT
2022-03-05 00:00:00,1646409600000,5.2190000000,5.2610000000,5.2000000000,5.2480000000,40466.8327100000,211613.7602284670,211613.7602284670,1,DORA-USDT
2022-03-05 01:00:00,1646413200000,5.2480000000,5.2950000000,5.2290000000,5.2920000000,26858.4207270000,141797.8785314780,141797.8785314780,1,DORA-USDT
2022-03-05 02:00:00,1646416800000,5.2920000000,5.2940000000,5.2200000000,5.2340000000,29558.3041860000,155260.1261098760,155260.1261098760,1,DORA-USDT
2022-03-05 03:00:00,1646420400000,5.2350000000,5.2950000000,5.2000000000,5.2850000000,43150.5217430000,226731.1044359150,226731.1044359150,1,DORA-USDT
2022-03-05 04:00:00,1646424000000,5.2880000000,5.8190000000,5.2720000000,5.6540000000,172822.5216670000,964189.0249735310,964189.0249735310,1,DORA-USDT
2022-03-05 05:00:00,1646427600000,5.6500000000,5.6500000000,5.3770000000,5.3840000000,83141.2166620000,457304.1374905430,457304.1374905430,1,DORA-USDT
2022-03-05 06:00:00,1646431200000,5.3830000000,5.3830000000,5.2220000000,5.3500000000,52720.6436300000,279161.6124741680,279161.6124741680,1,DORA-USDT
2022-03-05 07:00:00,1646434800000,5.3520000000,5.8990000000,5.3520000000,5.7180000000,174817.9576520000,977144.8020869208,977144.8020869208,1,DORA-USDT
2022-03-05 08:00:00,1646438400000,5.7020000000,5.7880000000,5.4000000000,5.4240000000,239577.0438990000,1331974.7344781987,1331974.7344781987,1,DORA-USDT
2022-03-05 09:00:00,1646442000000,5.4240000000,5.6200000000,5.1790000000,5.3710000000,187437.7469230000,1007744.6789558230,1007744.6789558230,1,DORA-USDT
2022-03-05 10:00:00,1646445600000,5.3710000000,5.5190000000,5.2740000000,5.4440000000,119689.3223380000,647937.3450839500,647937.3450839500,1,DORA-USDT
2022-03-05 11:00:00,1646449200000,5.4430000000,5.4430000000,5.3360000000,5.3610000000,59505.6223410000,320380.5772371330,320380.5772371330,1,DORA-USDT
2022-03-05 12:00:00,1646452800000,5.3610000000,5.5080000000,5.3240000000,5.4440000000,66186.8388580000,357810.9012995360,357810.9012995360,1,DORA-USDT
2022-03-05 13:00:00,1646456400000,5.4450000000,5.4860000000,5.3940000000,5.4020000000,50106.1985260000,272587.3239198460,272587.3239198460,1,DORA-USDT
2022-03-05 14:00:00,1646460000000,5.4030000000,5.4820000000,5.3930000000,5.4040000000,42700.1863270000,232028.9845542480,232028.9845542480,1,DORA-USDT
2022-03-05 15:00:00,1646463600000,5.4070000000,5.6540000000,5.3930000000,5.6540000000,49974.7794540000,275488.3713187490,275488.3713187490,1,DORA-USDT
2022-03-05 16:00:00,1646467200000,5.6570000000,5.7350000000,5.4260000000,5.4650000000,134998.1635030000,747246.1485845100,747246.1485845100,1,DORA-USDT
2022-03-05 17:00:00,1646470800000,5.4640000000,5.5580000000,5.4200000000,5.5140000000,64567.3559540000,354270.8129423330,354270.8129423330,1,DORA-USDT
2022-03-05 18:00:00,1646474400000,5.5150000000,5.5690000000,5.4580000000,5.5420000000,55030.7039350000,303335.5448655850,303335.5448655850,1,DORA-USDT
2022-03-05 19:00:00,1646478000000,5.5430000000,5.5430000000,5.3580000000,5.3910000000,54174.0693950000,296241.1721706270,296241.1721706270,1,DORA-USDT
2022-03-05 20:00:00,1646481600000,5.3910000000,5.4720000000,5.3890000000,5.4120000000,52516.8450160000,285029.6621347030,285029.6621347030,1,DORA-USDT
2022-03-05 21:00:00,1646485200000,5.4120000000,5.6220000000,5.3770000000,5.5430000000,92480.8764990000,508753.4001498830,508753.4001498830,1,DORA-USDT
2022-03-05 22:00:00,1646488800000,5.5430000000,5.6110000000,5.4820000000,5.5590000000,55313.8768060000,307084.0491943250,307084.0491943250,1,DORA-USDT
2022-03-05 23:00:00,1646492400000,5.5590000000,5.5700000000,5.3800000000,5.5100000000,51656.2911670000,282718.2572347270,282718.2572347270,1,DORA-USDT
2022-03-06 00:00:00,1646496000000,5.5160000000,6.4400000000,5.5130000000,6.4400000000,366604.3100630000,2223282.1422197018,2223282.1422197018,1,DORA-USDT
2022-03-06 01:00:00,1646499600000,6.4390000000,6.6350000000,5.9350000000,5.9880000000,211179.1540010000,1311591.1007047780,1311591.1007047780,1,DORA-USDT
2022-03-06 02:00:00,1646503200000,5.9890000000,6.1900000000,5.8500000000,6.0530000000,154227.8784570000,927013.1477488610,927013.1477488610,1,DORA-USDT
2022-03-06 03:00:00,1646506800000,6.0530000000,6.2670000000,5.9590000000,6.0750000000,135027.5294500000,826989.6039071310,826989.6039071310,1,DORA-USDT
2022-03-06 04:00:00,1646510400000,6.0720000000,6.3400000000,6.0530000000,6.2660000000,140634.4579920000,877102.3532292600,877102.3532292600,1,DORA-USDT
2022-03-06 05:00:00,1646514000000,6.2660000000,6.4750000000,6.1590000000,6.1990000000,119491.4283520000,752540.3931502030,752540.3931502030,1,DORA-USDT
2022-03-06 06:00:00,1646517600000,6.2010000000,6.3700000000,6.1910000000,6.2860000000,61283.7779960000,383836.7834793630,383836.7834793630,1,DORA-USDT
2022-03-06 07:00:00,1646521200000,6.2870000000,6.3500000000,6.1650000000,6.2390000000,58398.8392920000,365619.3250898600,365619.3250898600,1,DORA-USDT
2022-03-06 08:00:00,1646524800000,6.2370000000,6.3150000000,6.1530000000,6.2040000000,47483.9540560000,295856.5540719880,295856.5540719880,1,DORA-USDT
2022-03-06 09:00:00,1646528400000,6.2050000000,6.2920000000,6.0810000000,6.2000000000,66979.1335780000,415132.8451818500,415132.8451818500,1,DORA-USDT
2022-03-06 10:00:00,1646532000000,6.2070000000,6.2910000000,6.1620000000,6.2170000000,76252.1754350000,474063.4093103910,474063.4093103910,1,DORA-USDT
2022-03-06 11:00:00,1646535600000,6.2160000000,6.2690000000,5.8790000000,5.9370000000,101247.9230070000,615353.1681072040,615353.1681072040,1,DORA-USDT
2022-03-06 12:00:00,1646539200000,5.9390000000,5.9390000000,5.6000000000,5.7640000000,192116.3113320000,1102747.4957641433,1102747.4957641433,1,DORA-USDT
2022-03-06 13:00:00,1646542800000,5.7650000000,5.9020000000,5.7540000000,5.7810000000,60653.7880990000,352323.2587434440,352323.2587434440,1,DORA-USDT
2022-03-06 14:00:00,1646546400000,5.7810000000,5.8530000000,5.6540000000,5.6830000000,59838.8470720000,343316.7647458770,343316.7647458770,1,DORA-USDT
2022-03-06 15:00:00,1646550000000,5.6840000000,5.7880000000,5.6100000000,5.7070000000,63619.4571100000,362499.5196394350,362499.5196394350,1,DORA-USDT
2022-03-06 16:00:00,1646553600000,5.7090000000,5.7210000000,5.6130000000,5.6740000000,61154.1925430000,346536.5901685860,346536.5901685860,1,DORA-USDT
2022-03-06 17:00:00,1646557200000,5.6710000000,5.7340000000,5.4550000000,5.4550000000,58787.0627690000,332766.2916725470,332766.2916725470,1,DORA-USDT
2022-03-06 18:00:00,1646560800000,5.4580000000,5.7430000000,5.4510000000,5.6300000000,126160.4878730000,705836.6405546820,705836.6405546820,1,DORA-USDT
2022-03-06 19:00:00,1646564400000,5.6300000000,5.6740000000,5.5360000000,5.6280000000,62899.6874210000,352077.1449003820,352077.1449003820,1,DORA-USDT
2022-03-06 20:00:00,1646568000000,5.6270000000,5.8690000000,5.5770000000,5.8090000000,96995.4556800000,556911.6290076580,556911.6290076580,1,DORA-USDT
2022-03-06 21:00:00,1646571600000,5.8110000000,5.9640000000,5.6890000000,5.8330000000,143694.8117090000,838734.0097101160,838734.0097101160,1,DORA-USDT
2022-03-06 22:00:00,1646575200000,5.8330000000,5.9470000000,5.7560000000,5.8120000000,110497.7305790000,646263.5030047480,646263.5030047480,1,DORA-USDT
2022-03-06 23:00:00,1646578800000,5.8140000000,5.8600000000,5.5550000000,5.8050000000,148038.7297600000,845102.7826642391,845102.7826642391,1,DORA-USDT
2022-03-07 00:00:00,1646582400000,5.8100000000,5.8670000000,5.5960000000,5.7330000000,137342.3072250000,785042.1504520570,785042.1504520570,1,DORA-USDT
2022-03-07 01:00:00,1646586000000,5.7340000000,5.7350000000,5.6370000000,5.6780000000,59795.4817260000,339869.3961644680,339869.3961644680,1,DORA-USDT
2022-03-07 02:00:00,1646589600000,5.6780000000,5.6890000000,5.5840000000,5.6140000000,24269.6759330000,136767.1844979670,136767.1844979670,1,DORA-USDT
2022-03-07 03:00:00,1646593200000,5.6140000000,5.6160000000,5.5430000000,5.5530000000,21873.8499620000,122044.9869341640,122044.9869341640,1,DORA-USDT
2022-03-07 04:00:00,1646596800000,5.5530000000,5.7630000000,5.5430000000,5.7220000000,49978.7973850000,280761.9663522010,280761.9663522010,1,DORA-USDT
2022-03-07 05:00:00,1646600400000,5.7230000000,5.7980000000,5.7070000000,5.7220000000,35636.4503140000,204774.5592375800,204774.5592375800,1,DORA-USDT
2022-03-07 06:00:00,1646604000000,5.7220000000,5.7310000000,5.6890000000,5.7030000000,24724.8758760000,141133.6935058400,141133.6935058400,1,DORA-USDT
2022-03-07 07:00:00,1646607600000,5.7030000000,5.7030000000,5.3500000000,5.4250000000,82845.6909660000,456662.5368666020,456662.5368666020,1,DORA-USDT
2022-03-07 08:00:00,1646611200000,5.4240000000,5.4280000000,5.2000000000,5.3420000000,106344.1546330000,565617.0086918370,565617.0086918370,1,DORA-USDT
2022-03-07 09:00:00,1646614800000,5.3420000000,5.4040000000,5.1820000000,5.3160000000,86507.8394090000,458959.0039629760,458959.0039629760,1,DORA-USDT
2022-03-07 10:00:00,1646618400000,5.3150000000,5.3490000000,5.2150000000,5.2960000000,91227.1114260000,481683.5772614540,481683.5772614540,1,DORA-USDT
2022-03-07 11:00:00,1646622000000,5.2970000000,5.3650000000,5.2370000000,5.3320000000,59523.9366420000,315793.6788232320,315793.6788232320,1,DORA-USDT
2022-03-07 12:00:00,1646625600000,5.3340000000,5.4990000000,5.3100000000,5.4410000000,79062.0581920000,429949.4848084110,429949.4848084110,1,DORA-USDT
2022-03-07 13:00:00,1646629200000,5.4410000000,5.4530000000,5.3380000000,5.3810000000,69596.3917190000,375860.2025627100,375860.2025627100,1,DORA-USDT
2022-03-07 14:00:00,1646632800000,5.3830000000,5.4990000000,5.3550000000,5.3720000000,49624.0539790000,269765.6211168380,269765.6211168380,1,DORA-USDT
2022-03-07 15:00:00,1646636400000,5.3730000000,5.3870000000,5.2300000000,5.2790000000,47237.7145280000,250062.6936736130,250062.6936736130,1,DORA-USDT
2022-03-07 16:00:00,1646640000000,5.2790000000,5.3480000000,5.2370000000,5.3360000000,48753.0115190000,257956.3588319700,257956.3588319700,1,DORA-USDT
2022-03-07 17:00:00,1646643600000,5.3360000000,5.3840000000,5.2860000000,5.2890000000,37843.3777620000,201930.5642315880,201930.5642315880,1,DORA-USDT
2022-03-07 18:00:00,1646647200000,5.2870000000,5.3120000000,5.1710000000,5.2350000000,71565.7318090000,375828.9384735630,375828.9384735630,1,DORA-USDT
2022-03-07 19:00:00,1646650800000,5.2390000000,5.2680000000,5.1940000000,5.2550000000,42352.7606230000,221631.9200383130,221631.9200383130,1,DORA-USDT
2022-03-07 20:00:00,1646654400000,5.2560000000,5.3840000000,5.2560000000,5.3040000000,58074.4083350000,309367.6865916080,309367.6865916080,1,DORA-USDT
2022-03-07 21:00:00,1646658000000,5.3050000000,5.4510000000,5.2920000000,5.3840000000,60273.0814930000,323584.7746040480,323584.7746040480,1,DORA-USDT
2022-03-07 22:00:00,1646661600000,5.3870000000,5.5000000000,5.3140000000,5.3220000000,79455.1907640000,430743.7832544160,430743.7832544160,1,DORA-USDT
2022-03-07 23:00:00,1646665200000,5.3220000000,5.4480000000,5.2880000000,5.4410000000,61672.7881330000,331231.6740238130,331231.6740238130,1,DORA-USDT
2022-03-08 00:00:00,1646668800000,5.4410000000,5.4480000000,5.1540000000,5.1890000000,66891.8966200000,355303.3093846280,355303.3093846280,1,DORA-USDT
2022-03-08 01:00:00,1646672400000,5.1900000000,5.2400000000,5.1630000000,5.1870000000,43223.3850260000,224872.4121161240,224872.4121161240,1,DORA-USDT
2022-03-08 02:00:00,1646676000000,5.1830000000,5.1830000000,4.9210000000,4.9310000000,93786.7022680000,471027.8048887290,471027.8048887290,1,DORA-USDT
2022-03-08 03:00:00,1646679600000,4.9320000000,4.9450000000,4.6490000000,4.7460000000,98071.8403990000,469803.3852526820,469803.3852526820,1,DORA-USDT
2022-03-08 04:00:00,1646683200000,4.7520000000,4.7820000000,4.6810000000,4.7620000000,76751.3874810000,363595.8877439400,363595.8877439400,1,DORA-USDT
2022-03-08 05:00:00,1646686800000,4.7600000000,4.8360000000,4.7270000000,4.7650000000,65156.5997890000,310987.8402936330,310987.8402936330,1,DORA-USDT
2022-03-08 06:00:00,1646690400000,4.7660000000,4.8110000000,4.7440000000,4.7980000000,40644.5663030000,194531.0227064790,194531.0227064790,1,DORA-USDT
2022-03-08 07:00:00,1646694000000,4.8000000000,4.8250000000,4.7730000000,4.7850000000,28649.6717060000,137556.9085993230,137556.9085993230,1,DORA-USDT
2022-03-08 08:00:00,1646697600000,4.7850000000,4.9200000000,4.7500000000,4.9070000000,51976.5827900000,251315.1066229080,251315.1066229080,1,DORA-USDT
2022-03-08 09:00:00,1646701200000,4.9050000000,4.9390000000,4.8540000000,4.9260000000,48367.7959960000,236920.8130500640,236920.8130500640,1,DORA-USDT
2022-03-08 10:00:00,1646704800000,4.9240000000,5.0730000000,4.9110000000,5.0170000000,82526.8033970000,411222.0910601420,411222.0910601420,1,DORA-USDT
2022-03-08 11:00:00,1646708400000,5.0170000000,5.0770000000,4.9000000000,5.0670000000,51222.1415360000,256515.8924865490,256515.8924865490,1,DORA-USDT
2022-03-08 12:00:00,1646712000000,5.0660000000,5.2420000000,5.0240000000,5.0760000000,76991.6396070000,396243.8714222990,396243.8714222990,1,DORA-USDT
2022-03-08 13:00:00,1646715600000,5.0790000000,5.0990000000,4.9830000000,5.0130000000,40379.6424850000,203150.2264879730,203150.2264879730,1,DORA-USDT
2022-03-08 14:00:00,1646719200000,5.0130000000,5.0190000000,4.8760000000,4.9160000000,52870.8442470000,261263.9907409520,261263.9907409520,1,DORA-USDT
2022-03-08 15:00:00,1646722800000,4.9160000000,4.9340000000,4.8850000000,4.9340000000,24023.4688520000,117826.2861178750,117826.2861178750,1,DORA-USDT
2022-03-08 16:00:00,1646726400000,4.9040000000,5.1190000000,4.9000000000,5.0440000000,82945.4956540000,417464.3349627140,417464.3349627140,1,DORA-USDT
2022-03-08 17:00:00,1646730000000,5.0440000000,5.2000000000,5.0290000000,5.1270000000,72602.4407880000,372296.2349335500,372296.2349335500,1,DORA-USDT
2022-03-08 18:00:00,1646733600000,5.1260000000,5.1280000000,5.0400000000,5.1000000000,45818.9032160000,232592.7311804370,232592.7311804370,1,DORA-USDT
2022-03-08 19:00:00,1646737200000,5.1010000000,5.1240000000,5.0110000000,5.1100000000,47433.2729410000,240580.4199636010,240580.4199636010,1,DORA-USDT
2022-03-08 20:00:00,1646740800000,5.1100000000,5.1680000000,5.0320000000,5.1630000000,68361.6257200000,349440.6045479030,349440.6045479030,1,DORA-USDT
2022-03-08 21:00:00,1646744400000,5.1610000000,5.2650000000,5.1040000000,5.1400000000,87345.4875970000,452716.1149746970,452716.1149746970,1,DORA-USDT
2022-03-08 22:00:00,1646748000000,5.1420000000,5.1770000000,5.0310000000,5.0530000000,73490.8657050000,374627.9409115230,374627.9409115230,1,DORA-USDT
2022-03-08 23:00:00,1646751600000,5.0510000000,5.0800000000,4.9580000000,5.0020000000,53792.9833130000,270388.1802567500,270388.1802567500,1,DORA-USDT
2022-03-09 00:00:00,1646755200000,4.9940000000,5.0660000000,4.7700000000,4.8510000000,116361.3331540000,570202.5705867710,570202.5705867710,1,DORA-USDT
2022-03-09 01:00:00,1646758800000,4.8510000000,4.9280000000,4.8210000000,4.9060000000,35978.1443510000,175482.8177269030,175482.8177269030,1,DORA-USDT
2022-03-09 02:00:00,1646762400000,4.9070000000,4.9720000000,4.8460000000,4.8480000000,36214.2333770000,177381.1904793300,177381.1904793300,1,DORA-USDT
2022-03-09 03:00:00,1646766000000,4.8470000000,4.8890000000,4.8050000000,4.8760000000,36269.1288220000,175672.4013770820,175672.4013770820,1,DORA-USDT
2022-03-09 04:00:00,1646769600000,4.8780000000,5.0060000000,4.8760000000,4.9870000000,36690.7757210000,181797.4179115430,181797.4179115430,1,DORA-USDT
2022-03-09 05:00:00,1646773200000,4.9860000000,5.0220000000,4.9680000000,4.9750000000,23309.4854890000,116369.1346543880,116369.1346543880,1,DORA-USDT
2022-03-09 06:00:00,1646776800000,4.9740000000,4.9820000000,4.8600000000,4.8950000000,21196.8317960000,104625.9028392470,104625.9028392470,1,DORA-USDT
2022-03-09 07:00:00,1646780400000,4.8950000000,4.9440000000,4.8810000000,4.8840000000,23787.6103840000,116727.1291280060,116727.1291280060,1,DORA-USDT
2022-03-09 08:00:00,1646784000000,4.8820000000,5.0230000000,4.8640000000,5.0210000000,32787.2821260000,161824.1666912320,161824.1666912320,1,DORA-USDT
2022-03-09 09:00:00,1646787600000,5.0220000000,5.0490000000,4.9720000000,5.0450000000,33702.0190920000,169071.2855475570,169071.2855475570,1,DORA-USDT
2022-03-09 10:00:00,1646791200000,5.0440000000,5.3450000000,5.0300000000,5.1590000000,90059.4290110000,468153.5452929090,468153.5452929090,1,DORA-USDT
2022-03-09 11:00:00,1646794800000,5.1600000000,5.2550000000,5.1150000000,5.1380000000,64290.9077560000,332225.5138531680,332225.5138531680,1,DORA-USDT
2022-03-09 12:00:00,1646798400000,5.1390000000,5.2780000000,5.1390000000,5.2440000000,63184.1255070000,330059.5766376450,330059.5766376450,1,DORA-USDT
2022-03-09 13:00:00,1646802000000,5.2450000000,5.3450000000,5.1590000000,5.1760000000,56611.8497440000,297504.6233150860,297504.6233150860,1,DORA-USDT
2022-03-09 14:00:00,1646805600000,5.1760000000,5.2080000000,5.0870000000,5.1980000000,46561.0626330000,239733.7218416740,239733.7218416740,1,DORA-USDT
2022-03-09 15:00:00,1646809200000,5.1980000000,5.4090000000,5.1740000000,5.2540000000,84192.1166500000,446349.2765779700,446349.2765779700,1,DORA-USDT
2022-03-09 16:00:00,1646812800000,5.2520000000,5.2690000000,5.1820000000,5.2180000000,18535.8363930000,96782.3891783400,96782.3891783400,1,DORA-USDT
2022-03-09 17:00:00,1646816400000,5.2180000000,5.2320000000,5.1950000000,5.2090000000,22715.0127380000,118414.6304427570,118414.6304427570,1,DORA-USDT
2022-03-09 18:00:00,1646820000000,5.2070000000,5.2150000000,5.1520000000,5.1870000000,15937.6851140000,82577.2422268920,82577.2422268920,1,DORA-USDT
2022-03-09 19:00:00,1646823600000,5.1860000000,5.2180000000,5.1740000000,5.2020000000,30476.2837930000,158325.6705063480,158325.6705063480,1,DORA-USDT
2022-03-09 20:00:00,1646827200000,5.2010000000,5.2580000000,5.1600000000,5.1860000000,35828.9141390000,186525.3869687730,186525.3869687730,1,DORA-USDT
2022-03-09 21:00:00,1646830800000,5.1860000000,5.1910000000,5.0730000000,5.0980000000,46518.5411730000,238640.8156109130,238640.8156109130,1,DORA-USDT
2022-03-09 22:00:00,1646834400000,5.1010000000,5.1360000000,5.0830000000,5.1190000000,39003.3184940000,199321.1673868230,199321.1673868230,1,DORA-USDT
2022-03-09 23:00:00,1646838000000,5.1190000000,5.2400000000,5.0990000000,5.2370000000,47032.3698270000,242890.2596879800,242890.2596879800,1,DORA-USDT
2022-03-10 00:00:00,1646841600000,5.2370000000,5.2400000000,5.0970000000,5.1240000000,51152.6312340000,263798.7343487660,263798.7343487660,1,DORA-USDT
2022-03-10 01:00:00,1646845200000,5.1190000000,5.1340000000,5.0870000000,5.1080000000,23161.5037590000,118337.5415064340,118337.5415064340,1,DORA-USDT
2022-03-10 02:00:00,1646848800000,5.1050000000,5.1090000000,4.9940000000,5.0120000000,29211.2880910000,147089.6909467470,147089.6909467470,1,DORA-USDT
2022-03-10 03:00:00,1646852400000,5.0130000000,5.0780000000,4.9760000000,5.0640000000,38032.0967310000,191347.7936965340,191347.7936965340,1,DORA-USDT
2022-03-10 04:00:00,1646856000000,5.0660000000,5.1610000000,5.0390000000,5.0540000000,45969.4910420000,234092.6801219960,234092.6801219960,1,DORA-USDT
2022-03-10 05:00:00,1646859600000,5.0530000000,5.1060000000,5.0510000000,5.0980000000,35933.8472650000,182420.7714799270,182420.7714799270,1,DORA-USDT
2022-03-10 06:00:00,1646863200000,5.0970000000,5.1390000000,5.0890000000,5.1010000000,31129.2024430000,159293.5561985970,159293.5561985970,1,DORA-USDT
2022-03-10 07:00:00,1646866800000,5.1000000000,5.1790000000,5.0830000000,5.1680000000,30624.5174990000,157231.9023189190,157231.9023189190,1,DORA-USDT
2022-03-10 08:00:00,1646870400000,5.1680000000,5.3220000000,5.1000000000,5.1340000000,72985.4386620000,379635.1643579380,379635.1643579380,1,DORA-USDT
2022-03-10 09:00:00,1646874000000,5.1340000000,5.1990000000,5.0570000000,5.0860000000,67470.1189560000,346394.9362255440,346394.9362255440,1,DORA-USDT
2022-03-10 10:00:00,1646877600000,5.0860000000,5.1490000000,5.0630000000,5.1290000000,37812.0814710000,192971.4339412840,192971.4339412840,1,DORA-USDT
2022-03-10 11:00:00,1646881200000,5.1290000000,5.1670000000,5.0850000000,5.0850000000,31483.0865320000,161587.4864605100,161587.4864605100,1,DORA-USDT
2022-03-10 12:00:00,1646884800000,5.0860000000,5.0860000000,4.8580000000,4.8840000000,61238.2493430000,304830.7494846670,304830.7494846670,1,DORA-USDT
2022-03-10 13:00:00,1646888400000,4.8840000000,4.9190000000,4.8420000000,4.9070000000,55009.7314000000,268389.0417988020,268389.0417988020,1,DORA-USDT
2022-03-10 14:00:00,1646892000000,4.8990000000,4.9980000000,4.8870000000,4.9960000000,39684.0194230000,196102.8192178250,196102.8192178250,1,DORA-USDT
2022-03-10 15:00:00,1646895600000,4.9960000000,5.0000000000,4.9490000000,4.9650000000,25590.8047850000,127323.7504229890,127323.7504229890,1,DORA-USDT
2022-03-10 16:00:00,1646899200000,4.9630000000,4.9990000000,4.9470000000,4.9870000000,33182.3534320000,164967.2698726680,164967.2698726680,1,DORA-USDT
2022-03-10 17:00:00,1646902800000,4.9880000000,5.0000000000,4.9720000000,4.9820000000,12856.0810300000,64127.6950694100,64127.6950694100,1,DORA-USDT
2022-03-10 18:00:00,1646906400000,4.9820000000,4.9930000000,4.9410000000,4.9540000000,26002.6567600000,129046.6628940420,129046.6628940420,1,DORA-USDT
2022-03-10 19:00:00,1646910000000,4.9520000000,5.0000000000,4.9430000000,4.9820000000,25398.0357560000,126343.0974687490,126343.0974687490,1,DORA-USDT
2022-03-10 20:00:00,1646913600000,4.9800000000,4.9950000000,4.9630000000,4.9710000000,24130.0735410000,120142.0963197120,120142.0963197120,1,DORA-USDT
2022-03-10 21:00:00,1646917200000,4.9720000000,5.0170000000,4.8580000000,4.8930000000,68568.5621000000,339002.2475382620,339002.2475382620,1,DORA-USDT
2022-03-10 22:00:00,1646920800000,4.8910000000,4.9360000000,4.8580000000,4.9270000000,36224.3897320000,177591.3487745070,177591.3487745070,1,DORA-USDT
2022-03-10 23:00:00,1646924400000,4.9280000000,4.9770000000,4.9070000000,4.9430000000,29857.7675500000,147518.2512280630,147518.2512280630,1,DORA-USDT
2022-03-11 00:00:00,1646928000000,4.9400000000,4.9620000000,4.9020000000,4.9360000000,30400.6823370000,150036.5643713330,150036.5643713330,1,DORA-USDT
2022-03-11 01:00:00,1646931600000,4.9370000000,4.9680000000,4.9070000000,4.9310000000,33681.8143760000,166344.9837477140,166344.9837477140,1,DORA-USDT
2022-03-11 02:00:00,1646935200000,4.9310000000,5.0340000000,4.9070000000,5.0170000000,66533.1286960000,330754.8687406560,330754.8687406560,1,DORA-USDT
2022-03-11 03:00:00,1646938800000,5.0160000000,5.1330000000,4.9880000000,5.0730000000,63780.6324340000,323294.4880122980,323294.4880122980,1,DORA-USDT
2022-03-11 04:00:00,1646942400000,5.0740000000,5.1760000000,5.0500000000,5.1720000000,53167.0324450000,271123.1299098630,271123.1299098630,1,DORA-USDT
2022-03-11 05:00:00,1646946000000,5.1710000000,5.1960000000,5.1320000000,5.1680000000,32538.7967720000,167855.5163265670,167855.5163265670,1,DORA-USDT
2022-03-11 06:00:00,1646949600000,5.1690000000,5.2000000000,5.0730000000,5.1050000000,48360.3994000000,247984.9018387810,247984.9018387810,1,DORA-USDT
2022-03-11 07:00:00,1646953200000,5.1030000000,5.1140000000,5.0750000000,5.0950000000,17003.2415250000,86689.6332146680,86689.6332146680,1,DORA-USDT
2022-03-11 08:00:00,1646956800000,5.0950000000,5.1620000000,5.0790000000,5.1430000000,37377.3807010000,191744.7542846490,191744.7542846490,1,DORA-USDT
2022-03-11 09:00:00,1646960400000,5.1430000000,5.1510000000,4.9360000000,4.9560000000,66620.5309830000,334513.5541239860,334513.5541239860,1,DORA-USDT
2022-03-11 10:00:00,1646964000000,4.9600000000,4.9700000000,4.7790000000,4.8070000000,86929.2737900000,421180.3838698050,421180.3838698050,1,DORA-USDT
2022-03-11 11:00:00,1646967600000,4.8080000000,4.8800000000,4.8020000000,4.8770000000,36841.0284680000,178266.8078974230,178266.8078974230,1,DORA-USDT
2022-03-11 12:00:00,1646971200000,4.8760000000,4.8870000000,4.8130000000,4.8300000000,47631.8971470000,231149.3578945490,231149.3578945490,1,DORA-USDT
2022-03-11 13:00:00,1646974800000,4.8330000000,4.9010000000,4.7800000000,4.8800000000,49417.6378220000,239711.1075910220,239711.1075910220,1,DORA-USDT
2022-03-11 14:00:00,1646978400000,4.8770000000,4.9590000000,4.8570000000,4.8650000000,49627.5093480000,243817.5180571340,243817.5180571340,1,DORA-USDT
2022-03-11 15:00:00,1646982000000,4.8700000000,4.9800000000,4.8630000000,4.9210000000,36992.0493990000,182042.0526124680,182042.0526124680,1,DORA-USDT
2022-03-11 16:00:00,1646985600000,4.9200000000,4.9310000000,4.8280000000,4.8570000000,66367.0468280000,324105.8466580650,324105.8466580650,1,DORA-USDT
2022-03-11 17:00:00,1646989200000,4.8570000000,4.9370000000,4.8510000000,4.9070000000,44510.6667200000,218226.7165852270,218226.7165852270,1,DORA-USDT
2022-03-11 18:00:00,1646992800000,4.9050000000,5.0310000000,4.8990000000,4.9260000000,54263.1402660000,269276.4072198160,269276.4072198160,1,DORA-USDT
2022-03-11 19:00:00,1646996400000,4.9270000000,5.0000000000,4.9060000000,4.9740000000,51326.6898270000,254266.5486004250,254266.5486004250,1,DORA-USDT
2022-03-11 20:00:00,1647000000000,4.9750000000,5.0750000000,4.9270000000,5.0510000000,61666.4394670000,308100.0624441290,308100.0624441290,1,DORA-USDT
2022-03-11 21:00:00,1647003600000,5.0600000000,5.0680000000,4.9350000000,4.9700000000,57738.4403870000,288684.7001888510,288684.7001888510,1,DORA-USDT
2022-03-11 22:00:00,1647007200000,4.9680000000,5.0080000000,4.9500000000,4.9660000000,38075.3755520000,189630.5395945080,189630.5395945080,1,DORA-USDT
2022-03-11 23:00:00,1647010800000,4.9660000000,4.9950000000,4.8590000000,4.8850000000,71818.8649010000,353506.5093714280,353506.5093714280,1,DORA-USDT
2022-03-12 00:00:00,1647014400000,4.8630000000,5.2230000000,4.8630000000,5.0470000000,176738.2863550000,900065.0857004439,900065.0857004439,1,DORA-USDT
2022-03-12 01:00:00,1647018000000,5.0460000000,5.0510000000,4.9320000000,5.0100000000,58629.7436450000,291762.0315651180,291762.0315651180,1,DORA-USDT
2022-03-12 02:00:00,1647021600000,5.0110000000,5.0160000000,4.9240000000,4.9270000000,32373.4984250000,160790.3812086920,160790.3812086920,1,DORA-USDT
2022-03-12 03:00:00,1647025200000,4.9260000000,4.9750000000,4.9200000000,4.9620000000,29156.6350030000,144398.6266014160,144398.6266014160,1,DORA-USDT
2022-03-12 04:00:00,1647028800000,4.9600000000,4.9770000000,4.9130000000,4.9510000000,40077.5404950000,198180.4984662110,198180.4984662110,1,DORA-USDT
2022-03-12 05:00:00,1647032400000,4.9500000000,5.0750000000,4.9440000000,5.0090000000,57149.1971980000,285567.0306962150,285567.0306962150,1,DORA-USDT
2022-03-12 06:00:00,1647036000000,5.0100000000,5.0120000000,4.9530000000,4.9720000000,28669.6211130000,142806.2285259770,142806.2285259770,1,DORA-USDT
2022-03-12 07:00:00,1647039600000,4.9720000000,4.9800000000,4.9250000000,4.9390000000,24070.7991200000,119229.6231475460,119229.6231475460,1,DORA-USDT
2022-03-12 08:00:00,1647043200000,4.9400000000,5.0080000000,4.8810000000,5.0060000000,43277.9565840000,213175.9220896720,213175.9220896720,1,DORA-USDT
2022-03-12 09:00:00,1647046800000,5.0050000000,5.1620000000,5.0030000000,5.0610000000,62528.3718660000,317116.3256492140,317116.3256492140,1,DORA-USDT
2022-03-12 10:00:00,1647050400000,5.0610000000,5.0800000000,4.9940000000,5.0020000000,28842.3909450000,145342.8747843560,145342.8747843560,1,DORA-USDT
2022-03-12 11:00:00,1647054000000,5.0030000000,5.0260000000,4.9410000000,4.9440000000,27648.7144520000,137804.5979541950,137804.5979541950,1,DORA-USDT
2022-03-12 12:00:00,1647057600000,4.9400000000,5.0010000000,4.9230000000,4.9700000000,32028.5632870000,158976.2878635960,158976.2878635960,1,DORA-USDT
2022-03-12 13:00:00,1647061200000,4.9690000000,5.0300000000,4.9370000000,5.0270000000,32999.0136860000,164643.7431828570,164643.7431828570,1,DORA-USDT
2022-03-12 14:00:00,1647064800000,5.0280000000,5.0310000000,4.9220000000,4.9880000000,42119.2502030000,209839.6979924270,209839.6979924270,1,DORA-USDT
2022-03-12 15:00:00,1647068400000,4.9890000000,5.0860000000,4.9670000000,5.0170000000,55406.4996760000,278500.5059639310,278500.5059639310,1,DORA-USDT
2022-03-12 16:00:00,1647072000000,5.0130000000,5.0330000000,4.8960000000,4.9220000000,51077.5039680000,253677.6127455490,253677.6127455490,1,DORA-USDT
2022-03-12 17:00:00,1647075600000,4.9230000000,4.9790000000,4.9120000000,4.9580000000,25987.8114960000,128767.6624200210,128767.6624200210,1,DORA-USDT
2022-03-12 18:00:00,1647079200000,4.9590000000,4.9860000000,4.9040000000,4.9800000000,37050.7261910000,182911.8978663030,182911.8978663030,1,DORA-USDT
2022-03-12 19:00:00,1647082800000,4.9790000000,4.9930000000,4.9130000000,4.9260000000,23340.2732580000,115744.9351923150,115744.9351923150,1,DORA-USDT
2022-03-12 20:00:00,1647086400000,4.9240000000,4.9630000000,4.8880000000,4.9530000000,26202.5479790000,129114.4493208570,129114.4493208570,1,DORA-USDT
2022-03-12 21:00:00,1647090000000,4.9480000000,4.9570000000,4.8950000000,4.9290000000,16985.1289860000,83752.5658165960,83752.5658165960,1,DORA-USDT
2022-03-12 22:00:00,1647093600000,4.9290000000,4.9390000000,4.8570000000,4.8870000000,27732.1675290000,135594.2215075290,135594.2215075290,1,DORA-USDT
2022-03-12 23:00:00,1647097200000,4.8860000000,4.9420000000,4.8800000000,4.8940000000,29815.4876540000,146434.5155033580,146434.5155033580,1,DORA-USDT
2022-03-13 00:00:00,1647100800000,4.8970000000,4.9110000000,4.8580000000,4.8760000000,22949.4474160000,112002.2739541460,112002.2739541460,1,DORA-USDT
2022-03-13 01:00:00,1647104400000,4.8760000000,4.9180000000,4.8640000000,4.8720000000,21629.0854430000,105792.0239590030,105792.0239590030,1,DORA-USDT
2022-03-13 02:00:00,1647108000000,4.8730000000,4.9000000000,4.8400000000,4.8560000000,21015.3093030000,102388.4627952180,102388.4627952180,1,DORA-USDT
2022-03-13 03:00:00,1647111600000,4.8550000000,4.9190000000,4.8360000000,4.8710000000,26882.2854870000,130972.9893929210,130972.9893929210,1,DORA-USDT
2022-03-13 04:00:00,1647115200000,4.8700000000,4.9290000000,4.8540000000,4.9040000000,29910.7023300000,146570.2853971030,146570.2853971030,1,DORA-USDT
2022-03-13 05:00:00,1647118800000,4.9070000000,4.9200000000,4.8860000000,4.9010000000,23628.5473260000,115840.2490818230,115840.2490818230,1,DORA-USDT
2022-03-13 06:00:00,1647122400000,4.9010000000,4.9020000000,4.8610000000,4.8700000000,25745.2439100000,125689.9501448880,125689.9501448880,1,DORA-USDT
2022-03-13 07:00:00,1647126000000,4.8700000000,4.8730000000,4.8490000000,4.8560000000,17799.4934510000,86546.5153483450,86546.5153483450,1,DORA-USDT
2022-03-13 08:00:00,1647129600000,4.8570000000,4.9190000000,4.8490000000,4.9180000000,18292.2993170000,89163.0112322280,89163.0112322280,1,DORA-USDT
2022-03-13 09:00:00,1647133200000,4.9170000000,4.9580000000,4.9020000000,4.9360000000,19582.6001170000,96674.5279048400,96674.5279048400,1,DORA-USDT
2022-03-13 10:00:00,1647136800000,4.9350000000,4.9540000000,4.9270000000,4.9470000000,16323.7775220000,80698.1756007950,80698.1756007950,1,DORA-USDT
2022-03-13 11:00:00,1647140400000,4.9480000000,4.9760000000,4.9390000000,4.9730000000,15015.5529500000,74382.1169880790,74382.1169880790,1,DORA-USDT
2022-03-13 12:00:00,1647144000000,4.9730000000,4.9770000000,4.9510000000,4.9710000000,8967.4268270000,44545.2231267980,44545.2231267980,1,DORA-USDT
2022-03-13 13:00:00,1647147600000,4.9700000000,5.0300000000,4.9620000000,5.0100000000,16274.4642860000,81147.2209860370,81147.2209860370,1,DORA-USDT
2022-03-13 14:00:00,1647151200000,5.0100000000,5.0490000000,4.9310000000,5.0300000000,32394.5709810000,162543.9540704040,162543.9540704040,1,DORA-USDT
2022-03-13 15:00:00,1647154800000,5.0300000000,5.0720000000,4.9560000000,4.9850000000,35100.8151600000,175937.0323956750,175937.0323956750,1,DORA-USDT
2022-03-13 16:00:00,1647158400000,4.9850000000,5.0160000000,4.9640000000,4.9790000000,22646.8909510000,113101.3828185740,113101.3828185740,1,DORA-USDT
2022-03-13 17:00:00,1647162000000,4.9780000000,5.0050000000,4.9680000000,4.9920000000,22961.8217740000,114467.0038658140,114467.0038658140,1,DORA-USDT
2022-03-13 18:00:00,1647165600000,4.9920000000,5.0200000000,4.9770000000,4.9900000000,15879.2489840000,79409.9000002780,79409.9000002780,1,DORA-USDT
2022-03-13 19:00:00,1647169200000,4.9900000000,4.9990000000,4.9660000000,4.9670000000,15128.7865530000,75376.4338179140,75376.4338179140,1,DORA-USDT
2022-03-13 20:00:00,1647172800000,4.9680000000,5.0010000000,4.9640000000,4.9760000000,23281.4526120000,115915.5096623730,115915.5096623730,1,DORA-USDT
2022-03-13 21:00:00,1647176400000,4.9750000000,5.0480000000,4.9630000000,5.0240000000,26075.7078280000,130730.0454093540,130730.0454093540,1,DORA-USDT
2022-03-13 22:00:00,1647180000000,5.0230000000,5.0290000000,4.9700000000,4.9910000000,16773.9984200000,83946.5171855980,83946.5171855980,1,DORA-USDT
2022-03-13 23:00:00,1647183600000,4.9900000000,5.0180000000,4.9900000000,4.9980000000,22317.5642050000,111707.1937288170,111707.1937288170,1,DORA-USDT
2022-03-14 00:00:00,1647187200000,4.9970000000,5.0090000000,4.9400000000,4.9460000000,23915.1770750000,119086.5578579750,119086.5578579750,1,DORA-USDT
2022-03-14 01:00:00,1647190800000,4.9460000000,4.9900000000,4.9360000000,4.9570000000,23264.4489820000,115473.3104784710,115473.3104784710,1,DORA-USDT
2022-03-14 02:00:00,1647194400000,4.9580000000,4.9740000000,4.9400000000,4.9520000000,8773.6009200000,43491.3928027970,43491.3928027970,1,DORA-USDT
2022-03-14 03:00:00,1647198000000,4.9520000000,4.9550000000,4.9100000000,4.9320000000,11678.1511050000,57644.5347772420,57644.5347772420,1,DORA-USDT
2022-03-14 04:00:00,1647201600000,4.9260000000,4.9690000000,4.9010000000,4.9380000000,24646.0716000000,121512.4407307200,121512.4407307200,1,DORA-USDT
2022-03-14 05:00:00,1647205200000,4.9380000000,4.9730000000,4.9290000000,4.9390000000,18374.3638980000,90904.3707768210,90904.3707768210,1,DORA-USDT
2022-03-14 06:00:00,1647208800000,4.9400000000,4.9600000000,4.8460000000,4.8690000000,42761.2194150000,209647.0902956180,209647.0902956180,1,DORA-USDT
2022-03-14 07:00:00,1647212400000,4.8670000000,4.9360000000,4.8410000000,4.9150000000,30120.0573750000,147014.1420469560,147014.1420469560,1,DORA-USDT
2022-03-14 08:00:00,1647216000000,4.9170000000,4.9350000000,4.8210000000,4.9280000000,38169.3996330000,186785.1474090060,186785.1474090060,1,DORA-USDT
2022-03-14 09:00:00,1647219600000,4.9270000000,4.9610000000,4.9000000000,4.9500000000,16014.7636040000,78976.4203570600,78976.4203570600,1,DORA-USDT
2022-03-14 10:00:00,1647223200000,4.9550000000,4.9850000000,4.9200000000,4.9550000000,28598.8648480000,141697.2178330430,141697.2178330430,1,DORA-USDT
2022-03-14 11:00:00,1647226800000,4.9550000000,4.9780000000,4.9390000000,4.9680000000,13253.3969690000,65687.9616549160,65687.9616549160,1,DORA-USDT
2022-03-14 12:00:00,1647230400000,4.9670000000,5.1230000000,4.9630000000,5.0020000000,44331.4607130000,223354.3083467110,223354.3083467110,1,DORA-USDT
2022-03-14 13:00:00,1647234000000,5.0000000000,5.1350000000,4.9620000000,5.0370000000,28910.4118690000,146434.4321624590,146434.4321624590,1,DORA-USDT
2022-03-14 14:00:00,1647237600000,5.0360000000,5.1680000000,5.0360000000,5.1570000000,37252.8025590000,190419.7236463110,190419.7236463110,1,DORA-USDT
2022-03-14 15:00:00,1647241200000,5.1570000000,5.2170000000,5.1300000000,5.1780000000,51662.7812490000,267422.2648905930,267422.2648905930,1,DORA-USDT
2022-03-14 16:00:00,1647244800000,5.1780000000,5.4150000000,5.1010000000,5.3500000000,84044.9637630000,441703.4518894010,441703.4518894010,1,DORA-USDT
2022-03-14 17:00:00,1647248400000,5.3510000000,5.3780000000,5.2710000000,5.3400000000,43935.1245170000,233637.8544864280,233637.8544864280,1,DORA-USDT
2022-03-14 18:00:00,1647252000000,5.3450000000,5.3620000000,5.2950000000,5.3010000000,16571.9303330000,88163.4436318080,88163.4436318080,1,DORA-USDT
2022-03-14 19:00:00,1647255600000,5.3030000000,5.3400000000,5.2340000000,5.2700000000,36179.5535810000,191145.8123573670,191145.8123573670,1,DORA-USDT
2022-03-14 20:00:00,1647259200000,5.2690000000,5.3000000000,5.1840000000,5.2300000000,31389.0027220000,164887.7740836320,164887.7740836320,1,DORA-USDT
2022-03-14 21:00:00,1647262800000,5.2290000000,5.2590000000,5.1650000000,5.2490000000,45586.9627440000,237548.6060036470,237548.6060036470,1,DORA-USDT
2022-03-14 22:00:00,1647266400000,5.2480000000,5.3000000000,5.2320000000,5.2680000000,43257.7234770000,227812.0029850700,227812.0029850700,1,DORA-USDT
2022-03-14 23:00:00,1647270000000,5.2670000000,5.3000000000,5.1670000000,5.2200000000,40816.0879580000,213082.9086542240,213082.9086542240,1,DORA-USDT
2022-03-15 00:00:00,1647273600000,5.2200000000,5.2500000000,5.1320000000,5.1600000000,45612.7209880000,236956.8126049110,236956.8126049110,1,DORA-USDT
2022-03-15 01:00:00,1647277200000,5.1610000000,5.1700000000,5.1070000000,5.1610000000,19711.1629770000,101291.7778574980,101291.7778574980,1,DORA-USDT
2022-03-15 02:00:00,1647280800000,5.1570000000,5.2020000000,5.1030000000,5.1740000000,27510.4722370000,141743.3256669810,141743.3256669810,1,DORA-USDT
2022-03-15 03:00:00,1647284400000,5.1730000000,5.1990000000,5.1480000000,5.1730000000,16155.3565920000,83642.0948850860,83642.0948850860,1,DORA-USDT
2022-03-15 04:00:00,1647288000000,5.1740000000,5.2440000000,5.1700000000,5.2390000000,20859.9219810000,108684.6615001730,108684.6615001730,1,DORA-USDT
2022-03-15 05:00:00,1647291600000,5.2390000000,5.2990000000,5.2020000000,5.2690000000,30966.4145030000,162638.7014918360,162638.7014918360,1,DORA-USDT
2022-03-15 06:00:00,1647295200000,5.2680000000,5.3410000000,5.2660000000,5.3200000000,35392.9346020000,187881.5124656830,187881.5124656830,1,DORA-USDT
2022-03-15 07:00:00,1647298800000,5.3220000000,5.3460000000,5.2780000000,5.3030000000,25332.8846400000,134714.0694567880,134714.0694567880,1,DORA-USDT
2022-03-15 08:00:00,1647302400000,5.3030000000,5.3760000000,5.2790000000,5.3020000000,37086.7135050000,197244.4664703080,197244.4664703080,1,DORA-USDT
2022-03-15 09:00:00,1647306000000,5.3080000000,5.3100000000,5.1710000000,5.1810000000,36429.8199200000,190759.0313115860,190759.0313115860,1,DORA-USDT
2022-03-15 10:00:00,1647309600000,5.1770000000,5.2100000000,5.1770000000,5.1900000000,11149.5757940000,57914.9714790480,57914.9714790480,1,DORA-USDT
2022-03-15 11:00:00,1647313200000,5.1910000000,5.2300000000,5.1820000000,5.1880000000,18059.8663350000,93876.1298971620,93876.1298971620,1,DORA-USDT
2022-03-15 12:00:00,1647316800000,5.1890000000,5.1960000000,5.1050000000,5.1130000000,16387.7793940000,84392.7501368430,84392.7501368430,1,DORA-USDT
2022-03-15 13:00:00,1647320400000,5.1130000000,5.1400000000,5.0880000000,5.1160000000,10906.7770720000,55722.6348943160,55722.6348943160,1,DORA-USDT
2022-03-15 14:00:00,1647324000000,5.1140000000,5.1500000000,5.0710000000,5.0770000000,12694.4870990000,64872.6019753240,64872.6019753240,1,DORA-USDT
2022-03-15 15:00:00,1647327600000,5.0770000000,5.0810000000,4.9950000000,5.0360000000,28670.8050470000,144229.3316219650,144229.3316219650,1,DORA-USDT
2022-03-15 16:00:00,1647331200000,5.0460000000,5.0560000000,4.9860000000,5.0120000000,23653.1014000000,118702.6474337720,118702.6474337720,1,DORA-USDT
2022-03-15 17:00:00,1647334800000,5.0110000000,5.0400000000,4.9870000000,5.0210000000,23574.9889510000,118218.5811251880,118218.5811251880,1,DORA-USDT
2022-03-15 18:00:00,1647338400000,5.0220000000,5.0620000000,5.0090000000,5.0440000000,18475.8236220000,93107.4011718430,93107.4011718430,1,DORA-USDT
2022-03-15 19:00:00,1647342000000,5.0540000000,5.0720000000,5.0310000000,5.0520000000,18918.9916120000,95558.2932135150,95558.2932135150,1,DORA-USDT
2022-03-15 20:00:00,1647345600000,5.0530000000,5.0730000000,5.0190000000,5.0630000000,23757.5618310000,119982.7545086720,119982.7545086720,1,DORA-USDT
2022-03-15 21:00:00,1647349200000,5.0670000000,5.0670000000,5.0070000000,5.0430000000,23127.9649570000,116573.4584982550,116573.4584982550,1,DORA-USDT
2022-03-15 22:00:00,1647352800000,5.0450000000,5.1200000000,5.0140000000,5.0780000000,41789.6717350000,211755.6815836400,211755.6815836400,1,DORA-USDT
2022-03-15 23:00:00,1647356400000,5.0790000000,5.1780000000,5.0670000000,5.1320000000,30145.7615840000,154668.1991821600,154668.1991821600,1,DORA-USDT
2022-03-16 00:00:00,1647360000000,5.1390000000,5.2100000000,5.1030000000,5.1900000000,34246.2955750000,176909.3561923970,176909.3561923970,1,DORA-USDT
2022-03-16 01:00:00,1647363600000,5.1940000000,5.2170000000,5.1460000000,5.1970000000,21595.6824950000,111794.9026525300,111794.9026525300,1,DORA-USDT
2022-03-16 02:00:00,1647367200000,5.1980000000,5.2570000000,5.1860000000,5.2490000000,25249.1280180000,131742.7999826420,131742.7999826420,1,DORA-USDT
2022-03-16 03:00:00,1647370800000,5.2450000000,5.2820000000,5.2330000000,5.2630000000,24602.3331870000,129360.3373543150,129360.3373543150,1,DORA-USDT
2022-03-16 04:00:00,1647374400000,5.2660000000,5.2710000000,5.1840000000,5.1940000000,26532.2760880000,138442.4518408890,138442.4518408890,1,DORA-USDT
2022-03-16 05:00:00,1647378000000,5.1940000000,5.2330000000,5.1800000000,5.2210000000,14619.1170930000,76164.7997348270,76164.7997348270,1,DORA-USDT
2022-03-16 06:00:00,1647381600000,5.2190000000,5.2270000000,5.1800000000,5.1810000000,13829.7274040000,71943.8142825210,71943.8142825210,1,DORA-USDT
2022-03-16 07:00:00,1647385200000,5.1810000000,5.2030000000,5.1620000000,5.1710000000,11917.3294530000,61759.9591615870,61759.9591615870,1,DORA-USDT
2022-03-16 08:00:00,1647388800000,5.1710000000,5.1810000000,5.1350000000,5.1650000000,13257.2109870000,68392.9782401720,68392.9782401720,1,DORA-USDT
2022-03-16 09:00:00,1647392400000,5.1660000000,5.2090000000,5.1400000000,5.1890000000,23043.6626630000,119332.3134842130,119332.3134842130,1,DORA-USDT
2022-03-16 10:00:00,1647396000000,5.1900000000,5.3000000000,5.1870000000,5.2400000000,38409.9269210000,201779.9992725780,201779.9992725780,1,DORA-USDT
2022-03-16 11:00:00,1647399600000,5.2460000000,5.2470000000,5.1330000000,5.1770000000,32746.4508770000,169677.9837204860,169677.9837204860,1,DORA-USDT
2022-03-16 12:00:00,1647403200000,5.1750000000,5.1790000000,5.1010000000,5.1220000000,21780.3229970000,111774.2678065420,111774.2678065420,1,DORA-USDT
2022-03-16 13:00:00,1647406800000,5.1250000000,5.1620000000,5.1080000000,5.1550000000,15448.1309060000,79249.4076820340,79249.4076820340,1,DORA-USDT
2022-03-16 14:00:00,1647410400000,5.1550000000,5.1930000000,5.1460000000,5.1930000000,13684.6732140000,70776.1339117430,70776.1339117430,1,DORA-USDT
2022-03-16 15:00:00,1647414000000,5.1910000000,5.2330000000,5.1760000000,5.2170000000,15831.1634990000,82344.3363568480,82344.3363568480,1,DORA-USDT
2022-03-16 16:00:00,1647417600000,5.2170000000,5.2800000000,5.1900000000,5.2320000000,43877.6154690000,229721.1841012090,229721.1841012090,1,DORA-USDT
2022-03-16 17:00:00,1647421200000,5.2350000000,5.2690000000,5.2310000000,5.2640000000,18804.7308780000,98760.2584011960,98760.2584011960,1,DORA-USDT
2022-03-16 18:00:00,1647424800000,5.2660000000,5.2840000000,5.2300000000,5.2400000000,16286.6344320000,85637.5672145430,85637.5672145430,1,DORA-USDT
2022-03-16 19:00:00,1647428400000,5.2410000000,5.2750000000,5.2200000000,5.2520000000,19911.8351330000,104465.0684240830,104465.0684240830,1,DORA-USDT
2022-03-16 20:00:00,1647432000000,5.2510000000,5.2710000000,5.1880000000,5.1920000000,17190.8984140000,89851.8179036060,89851.8179036060,1,DORA-USDT
2022-03-16 21:00:00,1647435600000,5.1920000000,5.2460000000,5.1860000000,5.2360000000,18267.6092530000,95398.7565278670,95398.7565278670,1,DORA-USDT
2022-03-16 22:00:00,1647439200000,5.2350000000,5.2760000000,5.2110000000,5.2590000000,30432.3770860000,159773.5644137190,159773.5644137190,1,DORA-USDT
2022-03-16 23:00:00,1647442800000,5.2570000000,5.3130000000,5.2520000000,5.2910000000,18306.3474540000,96692.1296987540,96692.1296987540,1,DORA-USDT
2022-03-17 00:00:00,1647446400000,5.2890000000,5.3270000000,5.1700000000,5.2130000000,48225.8447010000,251922.3963470420,251922.3963470420,1,DORA-USDT
2022-03-17 01:00:00,1647450000000,5.2100000000,5.2380000000,5.1580000000,5.2050000000,29149.1936920000,151586.8548031050,151586.8548031050,1,DORA-USDT
2022-03-17 02:00:00,1647453600000,5.2010000000,5.2180000000,5.1120000000,5.2050000000,64726.0769360000,334070.0676185060,334070.0676185060,1,DORA-USDT
2022-03-17 03:00:00,1647457200000,5.2080000000,5.3400000000,5.1990000000,5.3150000000,37302.4640930000,196868.6942538470,196868.6942538470,1,DORA-USDT
2022-03-17 04:00:00,1647460800000,5.3150000000,5.4250000000,5.2870000000,5.3590000000,49440.0473180000,265012.7712771350,265012.7712771350,1,DORA-USDT
2022-03-17 05:00:00,1647464400000,5.3590000000,5.3650000000,5.3020000000,5.3060000000,23483.9625630000,125119.8500512980,125119.8500512980,1,DORA-USDT
2022-03-17 06:00:00,1647468000000,5.3060000000,5.3300000000,5.2870000000,5.2960000000,18995.7604110000,100814.8013389960,100814.8013389960,1,DORA-USDT
2022-03-17 07:00:00,1647471600000,5.2960000000,5.3660000000,5.2960000000,5.3500000000,25532.9545890000,136236.9183758850,136236.9183758850,1,DORA-USDT
2022-03-17 08:00:00,1647475200000,5.3510000000,5.3750000000,5.3100000000,5.3460000000,21563.0975300000,115135.0376252110,115135.0376252110,1,DORA-USDT
2022-03-17 09:00:00,1647478800000,5.3490000000,5.3800000000,5.2930000000,5.3600000000,20415.1947360000,108939.0100393690,108939.0100393690,1,DORA-USDT
2022-03-17 10:00:00,1647482400000,5.3590000000,5.3720000000,5.3210000000,5.3410000000,13212.9617350000,70543.2452423260,70543.2452423260,1,DORA-USDT
2022-03-17 11:00:00,1647486000000,5.3410000000,5.3460000000,5.3170000000,5.3200000000,11588.8577700000,61765.5399273060,61765.5399273060,1,DORA-USDT
2022-03-17 12:00:00,1647489600000,5.3200000000,5.3710000000,5.3020000000,5.3670000000,16198.9945520000,86334.9555065760,86334.9555065760,1,DORA-USDT
2022-03-17 13:00:00,1647493200000,5.3670000000,5.3670000000,5.3120000000,5.3190000000,20717.2702340000,110496.6694554470,110496.6694554470,1,DORA-USDT
2022-03-17 14:00:00,1647496800000,5.3190000000,5.3740000000,5.2930000000,5.3280000000,26553.0269800000,141717.1884823110,141717.1884823110,1,DORA-USDT
2022-03-17 15:00:00,1647500400000,5.3280000000,5.3400000000,5.2890000000,5.3150000000,16754.6984640000,89077.4781155260,89077.4781155260,1,DORA-USDT
2022-03-17 16:00:00,1647504000000,5.3160000000,5.3230000000,5.2830000000,5.3170000000,18462.1062060000,97949.9646599360,97949.9646599360,1,DORA-USDT
2022-03-17 17:00:00,1647507600000,5.3180000000,5.3200000000,5.0800000000,5.1740000000,53603.3000570000,279110.6538945520,279110.6538945520,1,DORA-USDT
2022-03-17 18:00:00,1647511200000,5.1730000000,5.1730000000,5.1360000000,5.1660000000,15178.3283230000,78280.4780771910,78280.4780771910,1,DORA-USDT
2022-03-17 19:00:00,1647514800000,5.1590000000,5.2000000000,5.1510000000,5.1640000000,19414.0295940000,100374.4640031480,100374.4640031480,1,DORA-USDT
2022-03-17 20:00:00,1647518400000,5.1660000000,5.2280000000,5.1520000000,5.1720000000,35036.2848140000,181636.7993929460,181636.7993929460,1,DORA-USDT
2022-03-17 21:00:00,1647522000000,5.1720000000,5.1800000000,5.1350000000,5.1760000000,23409.2118850000,120733.3727562240,120733.3727562240,1,DORA-USDT
2022-03-17 22:00:00,1647525600000,5.1760000000,5.1950000000,5.1000000000,5.1450000000,24483.2650390000,126123.8366017590,126123.8366017590,1,DORA-USDT
2022-03-17 23:00:00,1647529200000,5.1450000000,5.1600000000,5.1260000000,5.1380000000,12283.0619020000,63189.7514819200,63189.7514819200,1,DORA-USDT
2022-03-18 00:00:00,1647532800000,5.1370000000,5.1370000000,5.0760000000,5.0890000000,17291.5253860000,88249.4426356860,88249.4426356860,1,DORA-USDT
2022-03-18 01:00:00,1647536400000,5.0890000000,5.1100000000,5.0410000000,5.0740000000,20630.7117870000,104692.7647080260,104692.7647080260,1,DORA-USDT
2022-03-18 02:00:00,1647540000000,5.0750000000,5.0860000000,5.0340000000,5.0580000000,14640.0657910000,74031.9694763530,74031.9694763530,1,DORA-USDT
2022-03-18 03:00:00,1647543600000,5.0580000000,5.0760000000,5.0340000000,5.0420000000,9389.8581950000,47394.1809552310,47394.1809552310,1,DORA-USDT
2022-03-18 04:00:00,1647547200000,5.0410000000,5.0540000000,5.0070000000,5.0200000000,16085.6802360000,80848.2748071920,80848.2748071920,1,DORA-USDT
2022-03-18 05:00:00,1647550800000,5.0200000000,5.0410000000,5.0060000000,5.0160000000,18706.4009310000,93932.7203119220,93932.7203119220,1,DORA-USDT
2022-03-18 06:00:00,1647554400000,5.0160000000,5.0540000000,5.0150000000,5.0280000000,15068.8375710000,75861.5969915540,75861.5969915540,1,DORA-USDT
2022-03-18 07:00:00,1647558000000,5.0310000000,5.0640000000,5.0300000000,5.0430000000,8109.8413490000,40954.5591376820,40954.5591376820,1,DORA-USDT
2022-03-18 08:00:00,1647561600000,5.0440000000,5.1440000000,5.0260000000,5.0500000000,35240.1603540000,179116.1409712140,179116.1409712140,1,DORA-USDT
2022-03-18 09:00:00,1647565200000,5.0500000000,5.1610000000,5.0370000000,5.1080000000,41017.5216600000,209706.4791619790,209706.4791619790,1,DORA-USDT
2022-03-18 10:00:00,1647568800000,5.1110000000,5.1110000000,5.0650000000,5.0710000000,12584.1416130000,63982.8145862110,63982.8145862110,1,DORA-USDT
2022-03-18 11:00:00,1647572400000,5.0710000000,5.0760000000,5.0410000000,5.0620000000,9806.7148220000,49596.4634687460,49596.4634687460,1,DORA-USDT
2022-03-18 12:00:00,1647576000000,5.0610000000,5.1170000000,5.0390000000,5.0850000000,14155.4374540000,71708.1305340390,71708.1305340390,1,DORA-USDT
2022-03-18 13:00:00,1647579600000,5.0850000000,5.1280000000,5.0510000000,5.0630000000,26355.5449420000,133755.0897080490,133755.0897080490,1,DORA-USDT
2022-03-18 14:00:00,1647583200000,5.0640000000,5.0860000000,5.0550000000,5.0590000000,8159.0638840000,41364.5692848080,41364.5692848080,1,DORA-USDT
2022-03-18 15:00:00,1647586800000,5.0590000000,5.0760000000,4.9750000000,4.9850000000,32238.1869710000,161371.2616873210,161371.2616873210,1,DORA-USDT
2022-03-18 16:00:00,1647590400000,4.9850000000,4.9970000000,4.9450000000,4.9650000000,28351.1375960000,140977.9181593810,140977.9181593810,1,DORA-USDT
2022-03-18 17:00:00,1647594000000,4.9660000000,4.9880000000,4.9500000000,4.9760000000,26976.0376430000,134028.2193557420,134028.2193557420,1,DORA-USDT
2022-03-18 18:00:00,1647597600000,4.9750000000,4.9900000000,4.9460000000,4.9520000000,20007.8016710000,99529.5035082980,99529.5035082980,1,DORA-USDT
2022-03-18 19:00:00,1647601200000,4.9510000000,5.0270000000,4.9230000000,5.0230000000,34353.0376420000,170811.6876663080,170811.6876663080,1,DORA-USDT
2022-03-18 20:00:00,1647604800000,5.0230000000,5.0590000000,4.9880000000,5.0150000000,28781.6303930000,144555.3572349580,144555.3572349580,1,DORA-USDT
2022-03-18 21:00:00,1647608400000,5.0150000000,5.0350000000,4.9810000000,5.0260000000,21198.7707340000,106264.6399955450,106264.6399955450,1,DORA-USDT
2022-03-18 22:00:00,1647612000000,5.0260000000,5.0640000000,5.0150000000,5.0400000000,24787.0098100000,124818.9514912620,124818.9514912620,1,DORA-USDT
2022-03-18 23:00:00,1647615600000,5.0410000000,5.1150000000,5.0400000000,5.1150000000,27464.5327240000,139397.8956329680,139397.8956329680,1,DORA-USDT
2022-03-19 00:00:00,1647619200000,5.1140000000,5.2500000000,5.1070000000,5.2270000000,40672.2474920000,210826.4883441210,210826.4883441210,1,DORA-USDT
2022-03-19 01:00:00,1647622800000,5.2260000000,5.2370000000,5.1810000000,5.1940000000,36459.8946500000,189888.0800718810,189888.0800718810,1,DORA-USDT
2022-03-19 02:00:00,1647626400000,5.1970000000,5.2550000000,5.1910000000,5.2250000000,27529.4128640000,143632.9513647350,143632.9513647350,1,DORA-USDT
2022-03-19 03:00:00,1647630000000,5.2250000000,5.2670000000,5.2080000000,5.2560000000,17072.2914320000,89269.0718063780,89269.0718063780,1,DORA-USDT
2022-03-19 04:00:00,1647633600000,5.2570000000,5.2870000000,5.2040000000,5.2050000000,26176.6840100000,137229.5351015610,137229.5351015610,1,DORA-USDT
2022-03-19 05:00:00,1647637200000,5.2060000000,5.2310000000,5.1760000000,5.2130000000,18700.1883740000,97387.3384358590,97387.3384358590,1,DORA-USDT
2022-03-19 06:00:00,1647640800000,5.2140000000,5.2210000000,5.1500000000,5.1510000000,19366.9470670000,100405.2058091150,100405.2058091150,1,DORA-USDT
2022-03-19 07:00:00,1647644400000,5.1500000000,5.2170000000,5.1500000000,5.1930000000,17200.1197820000,89336.1948555870,89336.1948555870,1,DORA-USDT
2022-03-19 08:00:00,1647648000000,5.1930000000,5.2850000000,5.1870000000,5.2730000000,22475.0257030000,117807.0474698940,117807.0474698940,1,DORA-USDT
2022-03-19 09:00:00,1647651600000,5.2710000000,5.2720000000,5.2210000000,5.2420000000,18271.2864830000,95788.9765193960,95788.9765193960,1,DORA-USDT
2022-03-19 10:00:00,1647655200000,5.2420000000,5.2440000000,5.1920000000,5.2390000000,15058.7734130000,78631.7976313850,78631.7976313850,1,DORA-USDT
2022-03-19 11:00:00,1647658800000,5.2390000000,5.2450000000,5.1910000000,5.2340000000,14416.8048530000,75188.4703629260,75188.4703629260,1,DORA-USDT
2022-03-19 12:00:00,1647662400000,5.2340000000,5.2490000000,5.2180000000,5.2480000000,9067.6595180000,47455.5101396380,47455.5101396380,1,DORA-USDT
2022-03-19 13:00:00,1647666000000,5.2510000000,5.2550000000,5.2010000000,5.2050000000,10472.2787030000,54737.2654468890,54737.2654468890,1,DORA-USDT
2022-03-19 14:00:00,1647669600000,5.2090000000,5.2480000000,5.1890000000,5.2230000000,14114.0707760000,73666.8675297140,73666.8675297140,1,DORA-USDT
2022-03-19 15:00:00,1647673200000,5.2210000000,5.2440000000,5.2010000000,5.2100000000,12680.3932800000,66164.9353802440,66164.9353802440,1,DORA-USDT
2022-03-19 16:00:00,1647676800000,5.2100000000,5.2460000000,5.2050000000,5.2390000000,12822.0040390000,67011.1045081960,67011.1045081960,1,DORA-USDT
2022-03-19 17:00:00,1647680400000,5.2360000000,5.2560000000,5.2130000000,5.2360000000,14509.7252260000,75938.1785433070,75938.1785433070,1,DORA-USDT
2022-03-19 18:00:00,1647684000000,5.2360000000,5.2430000000,5.2170000000,5.2260000000,7042.1634400000,36812.4271846770,36812.4271846770,1,DORA-USDT
2022-03-19 19:00:00,1647687600000,5.2240000000,5.3810000000,5.2210000000,5.2790000000,22671.7436890000,119528.1625488160,119528.1625488160,1,DORA-USDT
2022-03-19 20:00:00,1647691200000,5.2790000000,5.3190000000,5.2690000000,5.3020000000,9728.1366890000,51510.0141274420,51510.0141274420,1,DORA-USDT
2022-03-19 21:00:00,1647694800000,5.3020000000,5.3060000000,5.2440000000,5.2640000000,24246.7720130000,127951.2106738120,127951.2106738120,1,DORA-USDT
2022-03-19 22:00:00,1647698400000,5.2650000000,5.3740000000,5.2430000000,5.3660000000,26859.6563250000,142617.9799920750,142617.9799920750,1,DORA-USDT
2022-03-19 23:00:00,1647702000000,5.3660000000,5.3660000000,5.2620000000,5.2840000000,27046.8440080000,143810.5033563040,143810.5033563040,1,DORA-USDT
2022-03-20 00:00:00,1647705600000,5.2850000000,5.7140000000,5.2530000000,5.6070000000,135394.6729270000,745551.9985455000,745551.9985455000,1,DORA-USDT
2022-03-20 01:00:00,1647709200000,5.6050000000,5.6120000000,5.5050000000,5.5560000000,28016.5008370000,155643.9495611710,155643.9495611710,1,DORA-USDT
2022-03-20 02:00:00,1647712800000,5.5560000000,5.7870000000,5.4930000000,5.6830000000,74057.2048820000,418545.0545657330,418545.0545657330,1,DORA-USDT
2022-03-20 03:00:00,1647716400000,5.6850000000,5.8720000000,5.6680000000,5.7760000000,80399.7099680000,464104.1834251020,464104.1834251020,1,DORA-USDT
2022-03-20 04:00:00,1647720000000,5.7730000000,5.7800000000,5.6540000000,5.7210000000,42761.8648940000,244004.7469406880,244004.7469406880,1,DORA-USDT
2022-03-20 05:00:00,1647723600000,5.7250000000,5.7650000000,5.6990000000,5.7560000000,17314.7399790000,99520.8000252200,99520.8000252200,1,DORA-USDT
2022-03-20 06:00:00,1647727200000,5.7580000000,5.8220000000,5.6780000000,5.7910000000,34542.5383600000,198308.7323435410,198308.7323435410,1,DORA-USDT
2022-03-20 07:00:00,1647730800000,5.7930000000,5.7940000000,5.5940000000,5.7070000000,55296.1064380000,313574.8618154640,313574.8618154640,1,DORA-USDT
2022-03-20 08:00:00,1647734400000,5.7050000000,5.7980000000,5.6220000000,5.7150000000,53264.5662820000,305139.7118689380,305139.7118689380,1,DORA-USDT
2022-03-20 09:00:00,1647738000000,5.7130000000,5.7230000000,5.5640000000,5.6900000000,58512.1610040000,329613.8743706310,329613.8743706310,1,DORA-USDT
2022-03-20 10:00:00,1647741600000,5.6890000000,5.6890000000,5.6040000000,5.6540000000,29410.0240360000,166102.9675709960,166102.9675709960,1,DORA-USDT
2022-03-20 11:00:00,1647745200000,5.6530000000,5.6950000000,5.6180000000,5.6680000000,25349.2145740000,143560.9365994090,143560.9365994090,1,DORA-USDT
2022-03-20 12:00:00,1647748800000,5.6680000000,5.7870000000,5.6270000000,5.6860000000,27054.0143650000,153212.5567176410,153212.5567176410,1,DORA-USDT
2022-03-20 13:00:00,1647752400000,5.6860000000,5.7900000000,5.6860000000,5.7830000000,34088.3016700000,195421.9098486610,195421.9098486610,1,DORA-USDT
2022-03-20 14:00:00,1647756000000,5.7830000000,5.7870000000,5.5810000000,5.5830000000,57710.6441410000,327178.9502249150,327178.9502249150,1,DORA-USDT
2022-03-20 15:00:00,1647759600000,5.5820000000,5.5980000000,5.3720000000,5.4130000000,79695.9230380000,435775.4119215090,435775.4119215090,1,DORA-USDT
2022-03-20 16:00:00,1647763200000,5.4110000000,5.4560000000,5.3900000000,5.4350000000,32387.4439220000,175653.1077088040,175653.1077088040,1,DORA-USDT
2022-03-20 17:00:00,1647766800000,5.4360000000,5.4360000000,5.1820000000,5.3500000000,59220.0275930000,314185.9218615860,314185.9218615860,1,DORA-USDT
2022-03-20 18:00:00,1647770400000,5.3480000000,5.3480000000,5.2500000000,5.2820000000,25387.0501430000,134371.1123750640,134371.1123750640,1,DORA-USDT
2022-03-20 19:00:00,1647774000000,5.2820000000,5.3170000000,5.2190000000,5.2450000000,30474.2264890000,160656.7303870680,160656.7303870680,1,DORA-USDT
2022-03-20 20:00:00,1647777600000,5.2440000000,5.2610000000,5.1750000000,5.2230000000,43256.5502160000,225769.8974247820,225769.8974247820,1,DORA-USDT
2022-03-20 21:00:00,1647781200000,5.2230000000,5.2310000000,5.2000000000,5.2010000000,14091.1014380000,73446.1060918650,73446.1060918650,1,DORA-USDT
2022-03-20 22:00:00,1647784800000,5.1950000000,5.2110000000,5.1040000000,5.1110000000,23612.0597740000,121900.3869478990,121900.3869478990,1,DORA-USDT
2022-03-20 23:00:00,1647788400000,5.1140000000,5.1200000000,5.0680000000,5.1040000000,20033.6224460000,102141.0566241810,102141.0566241810,1,DORA-USDT
2022-03-21 00:00:00,1647792000000,5.1040000000,5.1630000000,5.0660000000,5.0990000000,40594.2873950000,207880.9476824690,207880.9476824690,1,DORA-USDT
2022-03-21 01:00:00,1647795600000,5.0970000000,5.1150000000,5.0200000000,5.0620000000,31869.5440490000,161449.5258959780,161449.5258959780,1,DORA-USDT
2022-03-21 02:00:00,1647799200000,5.0610000000,5.1650000000,5.0470000000,5.1060000000,36492.9415650000,186156.1945107460,186156.1945107460,1,DORA-USDT
2022-03-21 03:00:00,1647802800000,5.1060000000,5.1400000000,5.0960000000,5.1390000000,21652.5776670000,110879.4225782880,110879.4225782880,1,DORA-USDT
2022-03-21 04:00:00,1647806400000,5.1380000000,5.1800000000,5.0700000000,5.0860000000,22096.8188250000,113282.5955483120,113282.5955483120,1,DORA-USDT
2022-03-21 05:00:00,1647810000000,5.0820000000,5.1280000000,5.0660000000,5.1170000000,23210.0060370000,118550.3488298730,118550.3488298730,1,DORA-USDT
2022-03-21 06:00:00,1647813600000,5.1170000000,5.1370000000,5.0790000000,5.1350000000,22615.3216160000,115450.7014236220,115450.7014236220,1,DORA-USDT
2022-03-21 07:00:00,1647817200000,5.1350000000,5.1350000000,5.1030000000,5.1200000000,11082.8465610000,56698.9932149440,56698.9932149440,1,DORA-USDT
2022-03-21 08:00:00,1647820800000,5.1210000000,5.2000000000,5.0850000000,5.1550000000,28430.3678190000,145721.8413014640,145721.8413014640,1,DORA-USDT
2022-03-21 09:00:00,1647824400000,5.1570000000,5.1800000000,5.1120000000,5.1480000000,25113.1218560000,129256.0929027330,129256.0929027330,1,DORA-USDT
2022-03-21 10:00:00,1647828000000,5.1460000000,5.1630000000,5.0000000000,5.1240000000,61251.8411950000,312278.2583821240,312278.2583821240,1,DORA-USDT
2022-03-21 11:00:00,1647831600000,5.1260000000,5.2390000000,5.0940000000,5.1480000000,42439.1315640000,219034.8853042030,219034.8853042030,1,DORA-USDT
2022-03-21 12:00:00,1647835200000,5.1490000000,5.1600000000,5.1010000000,5.1340000000,20269.7733280000,103976.8835462120,103976.8835462120,1,DORA-USDT
2022-03-21 13:00:00,1647838800000,5.1340000000,5.2510000000,5.1250000000,5.2140000000,19236.6185310000,99529.6030766460,99529.6030766460,1,DORA-USDT
2022-03-21 14:00:00,1647842400000,5.2150000000,5.2400000000,5.1260000000,5.1630000000,34681.3966740000,179583.5887839350,179583.5887839350,1,DORA-USDT
2022-03-21 15:00:00,1647846000000,5.1700000000,5.3010000000,5.1540000000,5.2910000000,32050.1790110000,168205.2465175760,168205.2465175760,1,DORA-USDT
2022-03-21 16:00:00,1647849600000,5.2900000000,5.3130000000,5.2220000000,5.2270000000,29530.5667570000,155416.8055624000,155416.8055624000,1,DORA-USDT
2022-03-21 17:00:00,1647853200000,5.2280000000,5.2560000000,5.1720000000,5.2410000000,26659.9665930000,139178.8650180090,139178.8650180090,1,DORA-USDT
2022-03-21 18:00:00,1647856800000,5.2410000000,5.2560000000,5.2240000000,5.2360000000,19612.5752550000,102803.6298076790,102803.6298076790,1,DORA-USDT
2022-03-21 19:00:00,1647860400000,5.2350000000,5.2760000000,5.2140000000,5.2180000000,29186.4204430000,153078.2866132270,153078.2866132270,1,DORA-USDT
2022-03-21 20:00:00,1647864000000,5.2170000000,5.2310000000,5.1510000000,5.2030000000,39283.0770810000,203982.0286388710,203982.0286388710,1,DORA-USDT
2022-03-21 21:00:00,1647867600000,5.2020000000,5.2470000000,5.1610000000,5.1800000000,35796.3525050000,186331.2430760310,186331.2430760310,1,DORA-USDT
2022-03-21 22:00:00,1647871200000,5.1810000000,5.2090000000,5.1340000000,5.1860000000,45158.3210880000,233086.2989821790,233086.2989821790,1,DORA-USDT
2022-03-21 23:00:00,1647874800000,5.1890000000,5.3000000000,5.1330000000,5.2470000000,36140.3400850000,187591.0546280980,187591.0546280980,1,DORA-USDT
2022-03-22 00:00:00,1647878400000,5.2480000000,5.3300000000,5.1530000000,5.1780000000,67088.1852950000,351295.5740660020,351295.5740660020,1,DORA-USDT
2022-03-22 01:00:00,1647882000000,5.1750000000,5.2280000000,5.1530000000,5.2280000000,33300.3110820000,172752.7505652750,172752.7505652750,1,DORA-USDT
2022-03-22 02:00:00,1647885600000,5.2280000000,5.2430000000,5.1900000000,5.1990000000,31356.3467060000,163609.1531472500,163609.1531472500,1,DORA-USDT
2022-03-22 03:00:00,1647889200000,5.1940000000,5.2300000000,5.1910000000,5.2200000000,20015.0561030000,104346.3018173050,104346.3018173050,1,DORA-USDT
2022-03-22 04:00:00,1647892800000,5.2200000000,5.2220000000,5.1810000000,5.1890000000,20645.9565020000,107324.5176479400,107324.5176479400,1,DORA-USDT
2022-03-22 05:00:00,1647896400000,5.1820000000,5.2240000000,5.1770000000,5.2230000000,23606.2302560000,122702.6841006650,122702.6841006650,1,DORA-USDT
2022-03-22 06:00:00,1647900000000,5.2230000000,5.2280000000,5.1910000000,5.2030000000,13996.3106870000,72934.5557400980,72934.5557400980,1,DORA-USDT
2022-03-22 07:00:00,1647903600000,5.2030000000,5.2070000000,5.1710000000,5.1960000000,12958.0634430000,67271.9055404440,67271.9055404440,1,DORA-USDT
2022-03-22 08:00:00,1647907200000,5.1960000000,5.2130000000,5.1770000000,5.2100000000,19214.9166960000,99856.3578161220,99856.3578161220,1,DORA-USDT
2022-03-22 09:00:00,1647910800000,5.2100000000,5.2350000000,5.1940000000,5.2290000000,17090.9196900000,89185.4004780250,89185.4004780250,1,DORA-USDT
2022-03-22 10:00:00,1647914400000,5.2270000000,5.3080000000,5.2190000000,5.2880000000,43216.6973180000,227606.1172679690,227606.1172679690,1,DORA-USDT
2022-03-22 11:00:00,1647918000000,5.2890000000,5.3570000000,5.2880000000,5.3050000000,29740.0290170000,158178.1276651700,158178.1276651700,1,DORA-USDT
2022-03-22 12:00:00,1647921600000,5.3060000000,5.4060000000,5.3060000000,5.3490000000,48256.7791900000,258498.7390882450,258498.7390882450,1,DORA-USDT
2022-03-22 13:00:00,1647925200000,5.3500000000,5.3830000000,5.2390000000,5.2700000000,42491.8437380000,225820.6438956010,225820.6438956010,1,DORA-USDT
2022-03-22 14:00:00,1647928800000,5.2730000000,5.2760000000,5.1910000000,5.2400000000,47902.4536660000,250474.7788926530,250474.7788926530,1,DORA-USDT
2022-03-22 15:00:00,1647932400000,5.2420000000,5.2880000000,5.2240000000,5.2660000000,28609.7299460000,150375.4172886050,150375.4172886050,1,DORA-USDT
2022-03-22 16:00:00,1647936000000,5.2670000000,5.3510000000,5.2360000000,5.3210000000,34777.3835370000,184151.3597250150,184151.3597250150,1,DORA-USDT
2022-03-22 17:00:00,1647939600000,5.3180000000,5.3310000000,5.2920000000,5.3120000000,17073.8449020000,90760.4237490650,90760.4237490650,1,DORA-USDT
2022-03-22 18:00:00,1647943200000,5.3120000000,5.3470000000,5.3020000000,5.3250000000,31295.5735710000,166598.9376693070,166598.9376693070,1,DORA-USDT
2022-03-22 19:00:00,1647946800000,5.3250000000,5.4500000000,5.3080000000,5.3510000000,37345.2219340000,200071.3075280510,200071.3075280510,1,DORA-USDT
2022-03-22 20:00:00,1647950400000,5.3510000000,5.3940000000,5.2860000000,5.3400000000,31619.5120800000,168428.3146752110,168428.3146752110,1,DORA-USDT
2022-03-22 21:00:00,1647954000000,5.3400000000,5.4160000000,5.3340000000,5.3540000000,39419.4604010000,211657.7324484010,211657.7324484010,1,DORA-USDT
2022-03-22 22:00:00,1647957600000,5.3530000000,5.4540000000,5.3530000000,5.3790000000,44864.0501660000,242645.3409827070,242645.3409827070,1,DORA-USDT
2022-03-22 23:00:00,1647961200000,5.3820000000,5.4060000000,5.3680000000,5.3830000000,14775.5346720000,79612.9279928090,79612.9279928090,1,DORA-USDT
2022-03-23 00:00:00,1647964800000,5.3830000000,5.3880000000,5.2920000000,5.3190000000,19789.3608290000,105570.8115478090,105570.8115478090,1,DORA-USDT
2022-03-23 01:00:00,1647968400000,5.3150000000,5.3360000000,5.3000000000,5.3080000000,21093.5656690000,112146.2520228210,112146.2520228210,1,DORA-USDT
2022-03-23 02:00:00,1647972000000,5.3060000000,5.3460000000,5.2880000000,5.3140000000,22833.1311690000,121318.8278938800,121318.8278938800,1,DORA-USDT
2022-03-23 03:00:00,1647975600000,5.3110000000,5.3550000000,5.2790000000,5.2810000000,22204.5587930000,118228.9514320670,118228.9514320670,1,DORA-USDT
2022-03-23 04:00:00,1647979200000,5.2790000000,5.3420000000,5.2780000000,5.3280000000,17571.0850790000,93390.6808236920,93390.6808236920,1,DORA-USDT
2022-03-23 05:00:00,1647982800000,5.3280000000,5.3750000000,5.3180000000,5.3680000000,16074.9126170000,86017.7531091550,86017.7531091550,1,DORA-USDT
2022-03-23 06:00:00,1647986400000,5.3680000000,5.3680000000,5.3130000000,5.3200000000,16729.7950920000,89280.3022088250,89280.3022088250,1,DORA-USDT
2022-03-23 07:00:00,1647990000000,5.3200000000,5.3500000000,5.3150000000,5.3350000000,13814.9532140000,73676.7413935790,73676.7413935790,1,DORA-USDT
2022-03-23 08:00:00,1647993600000,5.3350000000,5.4240000000,5.3350000000,5.3990000000,41799.6544210000,225199.3757264440,225199.3757264440,1,DORA-USDT
2022-03-23 09:00:00,1647997200000,5.3990000000,5.3990000000,5.3170000000,5.3460000000,37113.1407910000,198256.6141689290,198256.6141689290,1,DORA-USDT
2022-03-23 10:00:00,1648000800000,5.3470000000,5.5070000000,5.3420000000,5.4070000000,45368.1113420000,245611.3614708360,245611.3614708360,1,DORA-USDT
2022-03-23 11:00:00,1648004400000,5.4070000000,5.4190000000,5.3220000000,5.3310000000,27051.5036200000,145199.9952727170,145199.9952727170,1,DORA-USDT
2022-03-23 12:00:00,1648008000000,5.3320000000,5.3790000000,5.2830000000,5.3430000000,40493.2705900000,215626.0379605260,215626.0379605260,1,DORA-USDT
2022-03-23 13:00:00,1648011600000,5.3490000000,5.3740000000,5.3060000000,5.3620000000,19301.9264590000,103100.7073320750,103100.7073320750,1,DORA-USDT
2022-03-23 14:00:00,1648015200000,5.3630000000,5.3920000000,5.3480000000,5.3620000000,21546.6884210000,115610.9524559490,115610.9524559490,1,DORA-USDT
2022-03-23 15:00:00,1648018800000,5.3610000000,5.3640000000,5.3040000000,5.3200000000,27392.7746770000,145891.1632809540,145891.1632809540,1,DORA-USDT
2022-03-23 16:00:00,1648022400000,5.3210000000,5.3640000000,5.2780000000,5.3400000000,37451.2600550000,199459.7832737320,199459.7832737320,1,DORA-USDT
2022-03-23 17:00:00,1648026000000,5.3400000000,5.4150000000,5.3330000000,5.3880000000,33402.5288460000,179751.9933417800,179751.9933417800,1,DORA-USDT
2022-03-23 18:00:00,1648029600000,5.3940000000,5.4500000000,5.3800000000,5.4050000000,25736.8609160000,139383.4239230490,139383.4239230490,1,DORA-USDT
2022-03-23 19:00:00,1648033200000,5.4050000000,5.4220000000,5.3640000000,5.4120000000,23217.9160740000,125189.6607466220,125189.6607466220,1,DORA-USDT
2022-03-23 20:00:00,1648036800000,5.4120000000,5.4180000000,5.3160000000,5.3910000000,37145.7601370000,199550.1649381700,199550.1649381700,1,DORA-USDT
2022-03-23 21:00:00,1648040400000,5.3910000000,5.4090000000,5.3660000000,5.3760000000,25035.6352130000,134707.3720582490,134707.3720582490,1,DORA-USDT
2022-03-23 22:00:00,1648044000000,5.3760000000,5.4340000000,5.3600000000,5.4330000000,38971.7928950000,210252.2031572100,210252.2031572100,1,DORA-USDT
2022-03-23 23:00:00,1648047600000,5.4320000000,5.4920000000,5.4220000000,5.4890000000,39169.7179950000,213902.9706385350,213902.9706385350,1,DORA-USDT
2022-03-24 00:00:00,1648051200000,5.4890000000,5.5170000000,5.4120000000,5.4190000000,43289.8176030000,235966.9450555020,235966.9450555020,1,DORA-USDT
2022-03-24 01:00:00,1648054800000,5.4210000000,5.4250000000,5.3300000000,5.3430000000,28966.3221470000,155734.8493921350,155734.8493921350,1,DORA-USDT
2022-03-24 02:00:00,1648058400000,5.3420000000,5.3590000000,5.2810000000,5.2830000000,34210.1336650000,182061.9108554140,182061.9108554140,1,DORA-USDT
2022-03-24 03:00:00,1648062000000,5.2810000000,5.3140000000,5.2720000000,5.2770000000,28469.4312720000,150737.3685252800,150737.3685252800,1,DORA-USDT
2022-03-24 04:00:00,1648065600000,5.2750000000,5.3310000000,5.2700000000,5.3250000000,24830.1400660000,131713.9043727580,131713.9043727580,1,DORA-USDT
2022-03-24 05:00:00,1648069200000,5.3250000000,5.3340000000,5.2940000000,5.3290000000,13624.0145700000,72379.8134359870,72379.8134359870,1,DORA-USDT
2022-03-24 06:00:00,1648072800000,5.3280000000,5.3670000000,5.3120000000,5.3610000000,21121.5419520000,112962.7103464990,112962.7103464990,1,DORA-USDT
2022-03-24 07:00:00,1648076400000,5.3630000000,5.4300000000,5.3570000000,5.4180000000,21646.1443560000,116672.3756309190,116672.3756309190,1,DORA-USDT
2022-03-24 08:00:00,1648080000000,5.4180000000,5.4480000000,5.3680000000,5.4160000000,42131.6614860000,228080.1746402230,228080.1746402230,1,DORA-USDT
2022-03-24 09:00:00,1648083600000,5.4150000000,5.4150000000,5.3460000000,5.3640000000,23235.3842430000,125005.5289635410,125005.5289635410,1,DORA-USDT
2022-03-24 10:00:00,1648087200000,5.3640000000,5.4220000000,5.3510000000,5.4150000000,19779.4375030000,106492.3710332440,106492.3710332440,1,DORA-USDT
2022-03-24 11:00:00,1648090800000,5.4150000000,5.4240000000,5.3140000000,5.3700000000,29913.0036020000,161029.5035134240,161029.5035134240,1,DORA-USDT
2022-03-24 12:00:00,1648094400000,5.3700000000,5.4250000000,5.3640000000,5.3820000000,27339.6782110000,147544.5586668340,147544.5586668340,1,DORA-USDT
2022-03-24 13:00:00,1648098000000,5.3820000000,5.3830000000,5.3550000000,5.3580000000,15676.7787590000,84114.4797720700,84114.4797720700,1,DORA-USDT
2022-03-24 14:00:00,1648101600000,5.3580000000,5.3940000000,5.3550000000,5.3770000000,23094.4833500000,124189.7778733710,124189.7778733710,1,DORA-USDT
2022-03-24 15:00:00,1648105200000,5.3760000000,5.3900000000,5.3510000000,5.3610000000,13252.4087920000,71118.2856752830,71118.2856752830,1,DORA-USDT
2022-03-24 16:00:00,1648108800000,5.3600000000,5.4050000000,5.3490000000,5.3880000000,23010.6465680000,123740.7175084640,123740.7175084640,1,DORA-USDT
2022-03-24 17:00:00,1648112400000,5.3880000000,5.4890000000,5.3620000000,5.3810000000,38446.7878820000,207943.8155997860,207943.8155997860,1,DORA-USDT
2022-03-24 18:00:00,1648116000000,5.3810000000,5.4290000000,5.3610000000,5.4160000000,31256.2016180000,168679.3605021080,168679.3605021080,1,DORA-USDT
2022-03-24 19:00:00,1648119600000,5.4150000000,5.4380000000,5.3800000000,5.3910000000,24350.7712910000,131753.7599953770,131753.7599953770,1,DORA-USDT
2022-03-24 20:00:00,1648123200000,5.3910000000,5.4190000000,5.2820000000,5.3040000000,42376.0778190000,226485.6183545610,226485.6183545610,1,DORA-USDT
2022-03-24 21:00:00,1648126800000,5.3040000000,5.3630000000,5.2820000000,5.3590000000,39472.2774700000,210281.9414105850,210281.9414105850,1,DORA-USDT
2022-03-24 22:00:00,1648130400000,5.3600000000,5.3970000000,5.3210000000,5.3940000000,37682.4050730000,201887.0885918930,201887.0885918930,1,DORA-USDT
2022-03-24 23:00:00,1648134000000,5.3960000000,5.4430000000,5.3650000000,5.4350000000,48146.8280470000,260015.5368954970,260015.5368954970,1,DORA-USDT
2022-03-25 00:00:00,1648137600000,5.4310000000,5.4380000000,5.3930000000,5.4380000000,31755.7796300000,172019.6771870660,172019.6771870660,1,DORA-USDT
2022-03-25 01:00:00,1648141200000,5.4380000000,5.4600000000,5.4090000000,5.4120000000,26396.4048430000,143469.5542428190,143469.5542428190,1,DORA-USDT
2022-03-25 02:00:00,1648144800000,5.4110000000,5.4310000000,5.3510000000,5.3990000000,23879.9695450000,128685.8619017130,128685.8619017130,1,DORA-USDT
2022-03-25 03:00:00,1648148400000,5.3990000000,5.4420000000,5.3880000000,5.4130000000,22127.3072240000,119921.9711621270,119921.9711621270,1,DORA-USDT
2022-03-25 04:00:00,1648152000000,5.4130000000,5.4180000000,5.3840000000,5.3930000000,23206.6150590000,125369.9025680310,125369.9025680310,1,DORA-USDT
2022-03-25 05:00:00,1648155600000,5.3940000000,5.4070000000,5.3770000000,5.3910000000,10696.9561130000,57663.9671611560,57663.9671611560,1,DORA-USDT
2022-03-25 06:00:00,1648159200000,5.3920000000,5.4090000000,5.3850000000,5.3960000000,11354.7191020000,61259.6254660330,61259.6254660330,1,DORA-USDT
2022-03-25 07:00:00,1648162800000,5.3960000000,5.4030000000,5.3690000000,5.3940000000,15246.3134730000,82212.1295844510,82212.1295844510,1,DORA-USDT
2022-03-25 08:00:00,1648166400000,5.3920000000,5.3960000000,5.3600000000,5.3870000000,17568.4765350000,94481.3345345450,94481.3345345450,1,DORA-USDT
2022-03-25 09:00:00,1648170000000,5.3870000000,5.4350000000,5.3870000000,5.4120000000,22231.3558150000,120355.6519843140,120355.6519843140,1,DORA-USDT
2022-03-25 10:00:00,1648173600000,5.4130000000,5.4650000000,5.3940000000,5.4300000000,18156.3659490000,98212.0973522720,98212.0973522720,1,DORA-USDT
2022-03-25 11:00:00,1648177200000,5.4300000000,5.4500000000,5.4220000000,5.4300000000,18928.9299720000,102864.8831250930,102864.8831250930,1,DORA-USDT
2022-03-25 12:00:00,1648180800000,5.4300000000,5.4490000000,5.4110000000,5.4390000000,27632.8799810000,150045.8278522600,150045.8278522600,1,DORA-USDT
2022-03-25 13:00:00,1648184400000,5.4390000000,5.4650000000,5.4300000000,5.4560000000,18244.2810360000,99412.7290219060,99412.7290219060,1,DORA-USDT
2022-03-25 14:00:00,1648188000000,5.4590000000,5.4730000000,5.4200000000,5.4240000000,16670.7381210000,90834.4601492830,90834.4601492830,1,DORA-USDT
2022-03-25 15:00:00,1648191600000,5.4250000000,5.4660000000,5.3920000000,5.3930000000,19184.9189190000,104177.7146887200,104177.7146887200,1,DORA-USDT
2022-03-25 16:00:00,1648195200000,5.3950000000,5.3980000000,5.3070000000,5.3880000000,39646.6490850000,212308.9806156530,212308.9806156530,1,DORA-USDT
2022-03-25 17:00:00,1648198800000,5.3870000000,5.5000000000,5.3710000000,5.4930000000,29557.3707450000,160667.0821532060,160667.0821532060,1,DORA-USDT
2022-03-25 18:00:00,1648202400000,5.4940000000,5.5600000000,5.4880000000,5.5390000000,44983.0655020000,248700.3593949360,248700.3593949360,1,DORA-USDT
2022-03-25 19:00:00,1648206000000,5.5400000000,5.6800000000,5.5340000000,5.6060000000,49557.0059500000,277477.4429848530,277477.4429848530,1,DORA-USDT
2022-03-25 20:00:00,1648209600000,5.6040000000,5.6320000000,5.5520000000,5.5920000000,35331.6589250000,197607.3589120860,197607.3589120860,1,DORA-USDT
2022-03-25 21:00:00,1648213200000,5.5890000000,5.6060000000,5.5080000000,5.5450000000,35302.2615170000,195818.1846839720,195818.1846839720,1,DORA-USDT
2022-03-25 22:00:00,1648216800000,5.5460000000,5.6170000000,5.5230000000,5.5700000000,37826.6011070000,210665.5990659740,210665.5990659740,1,DORA-USDT
2022-03-25 23:00:00,1648220400000,5.5760000000,5.5770000000,5.3870000000,5.4180000000,45434.3014390000,248754.2777836020,248754.2777836020,1,DORA-USDT
2022-03-26 00:00:00,1648224000000,5.4180000000,5.5280000000,5.3950000000,5.4180000000,68585.6584490000,374458.4080590430,374458.4080590430,1,DORA-USDT
2022-03-26 01:00:00,1648227600000,5.4170000000,5.7400000000,5.3500000000,5.7350000000,88085.7499020000,487058.3659258100,487058.3659258100,1,DORA-USDT
2022-03-26 02:00:00,1648231200000,5.7360000000,5.9330000000,5.7270000000,5.8230000000,72306.2002190000,419687.1357684930,419687.1357684930,1,DORA-USDT
2022-03-26 03:00:00,1648234800000,5.8210000000,5.8390000000,5.7300000000,5.8160000000,53469.4749460000,309100.0734524250,309100.0734524250,1,DORA-USDT
2022-03-26 04:00:00,1648238400000,5.8140000000,5.8340000000,5.7280000000,5.7760000000,41821.4397710000,241463.7722220800,241463.7722220800,1,DORA-USDT
2022-03-26 05:00:00,1648242000000,5.7770000000,5.7770000000,5.7110000000,5.7250000000,30455.8857180000,175138.1586135730,175138.1586135730,1,DORA-USDT
2022-03-26 06:00:00,1648245600000,5.7230000000,5.8020000000,5.7160000000,5.7750000000,44817.2614710000,257525.6664585950,257525.6664585950,1,DORA-USDT
2022-03-26 07:00:00,1648249200000,5.7730000000,5.7860000000,5.7010000000,5.7170000000,43649.1110630000,250671.6964985290,250671.6964985290,1,DORA-USDT
2022-03-26 08:00:00,1648252800000,5.7170000000,5.8190000000,5.6580000000,5.6630000000,56161.5719540000,322456.7977674780,322456.7977674780,1,DORA-USDT
2022-03-26 09:00:00,1648256400000,5.6640000000,5.9990000000,5.6540000000,5.7340000000,72530.9859400000,421374.9467546800,421374.9467546800,1,DORA-USDT
2022-03-26 10:00:00,1648260000000,5.7320000000,5.8360000000,5.6430000000,5.6680000000,66450.9762460000,380124.2999151310,380124.2999151310,1,DORA-USDT
2022-03-26 11:00:00,1648263600000,5.6690000000,5.7540000000,5.6610000000,5.7360000000,22391.8203810000,127815.0389835210,127815.0389835210,1,DORA-USDT
2022-03-26 12:00:00,1648267200000,5.7360000000,5.7990000000,5.7360000000,5.7790000000,37418.9423280000,215887.2859265180,215887.2859265180,1,DORA-USDT
2022-03-26 13:00:00,1648270800000,5.7790000000,5.8340000000,5.7210000000,5.7870000000,41108.5710990000,237683.6957593430,237683.6957593430,1,DORA-USDT
2022-03-26 14:00:00,1648274400000,5.7850000000,5.8630000000,5.7500000000,5.7980000000,39084.5980680000,226562.4644069020,226562.4644069020,1,DORA-USDT
2022-03-26 15:00:00,1648278000000,5.7980000000,5.8480000000,5.7600000000,5.7820000000,30112.6316090000,174807.6351535480,174807.6351535480,1,DORA-USDT
2022-03-26 16:00:00,1648281600000,5.7830000000,5.8070000000,5.7490000000,5.7930000000,44678.3971070000,258388.8264829750,258388.8264829750,1,DORA-USDT
2022-03-26 17:00:00,1648285200000,5.7960000000,5.8000000000,5.7600000000,5.7930000000,35248.7243720000,203861.5283077200,203861.5283077200,1,DORA-USDT
2022-03-26 18:00:00,1648288800000,5.7930000000,5.8180000000,5.7600000000,5.7700000000,29847.3735860000,172726.8331878140,172726.8331878140,1,DORA-USDT
2022-03-26 19:00:00,1648292400000,5.7730000000,5.7760000000,5.7110000000,5.7240000000,32643.3329960000,187565.3654363260,187565.3654363260,1,DORA-USDT
2022-03-26 20:00:00,1648296000000,5.7240000000,5.7400000000,5.6740000000,5.6910000000,32387.3436320000,184678.0620113470,184678.0620113470,1,DORA-USDT
2022-03-26 21:00:00,1648299600000,5.6880000000,5.6950000000,5.6060000000,5.6110000000,28278.4830750000,159864.5439241600,159864.5439241600,1,DORA-USDT
2022-03-26 22:00:00,1648303200000,5.6120000000,5.6300000000,5.5670000000,5.6020000000,32121.8198300000,179851.0306602180,179851.0306602180,1,DORA-USDT
2022-03-26 23:00:00,1648306800000,5.6020000000,5.6210000000,5.5840000000,5.6030000000,21732.7146600000,121704.4149776650,121704.4149776650,1,DORA-USDT
2022-03-27 00:00:00,1648310400000,5.6010000000,5.6010000000,5.5290000000,5.5380000000,31550.6614710000,175419.8339484830,175419.8339484830,1,DORA-USDT
2022-03-27 01:00:00,1648314000000,5.5370000000,5.5440000000,5.5280000000,5.5290000000,8785.9377570000,48612.6565969560,48612.6565969560,1,DORA-USDT
2022-03-27 02:00:00,1648317600000,5.5290000000,5.5840000000,5.5190000000,5.5790000000,25364.9629840000,140759.2757205830,140759.2757205830,1,DORA-USDT
2022-03-27 03:00:00,1648321200000,5.5660000000,5.5790000000,5.5410000000,5.5520000000,19266.8096820000,107098.5554752680,107098.5554752680,1,DORA-USDT
2022-03-27 04:00:00,1648324800000,5.5520000000,5.6000000000,5.5470000000,5.5900000000,28179.9684350000,156997.8281911910,156997.8281911910,1,DORA-USDT
2022-03-27 05:00:00,1648328400000,5.5860000000,5.6100000000,5.5520000000,5.6020000000,17762.5314590000,99216.4723372790,99216.4723372790,1,DORA-USDT
2022-03-27 06:00:00,1648332000000,5.6020000000,5.7000000000,5.5920000000,5.6710000000,22990.1635740000,129524.9795311790,129524.9795311790,1,DORA-USDT
2022-03-27 07:00:00,1648335600000,5.6620000000,5.7210000000,5.6240000000,5.7210000000,32550.2873250000,184921.8156955140,184921.8156955140,1,DORA-USDT
2022-03-27 08:00:00,1648339200000,5.7210000000,5.8230000000,5.7160000000,5.7960000000,38921.3036590000,224479.5778808020,224479.5778808020,1,DORA-USDT
2022-03-27 09:00:00,1648342800000,5.7950000000,5.8580000000,5.7510000000,5.8500000000,36540.6536420000,211731.3009728700,211731.3009728700,1,DORA-USDT
2022-03-27 10:00:00,1648346400000,5.8490000000,5.8890000000,5.8170000000,5.8690000000,42326.2069920000,247586.8423852760,247586.8423852760,1,DORA-USDT
2022-03-27 11:00:00,1648350000000,5.8700000000,5.9690000000,5.8280000000,5.9340000000,37150.8443670000,218414.4342655890,218414.4342655890,1,DORA-USDT
2022-03-27 12:00:00,1648353600000,5.9350000000,6.0000000000,5.9020000000,5.9690000000,43877.6713350000,260934.7562770240,260934.7562770240,1,DORA-USDT
2022-03-27 13:00:00,1648357200000,5.9690000000,5.9850000000,5.9420000000,5.9730000000,15592.4222370000,93027.2674336890,93027.2674336890,1,DORA-USDT
2022-03-27 14:00:00,1648360800000,5.9750000000,6.0270000000,5.9260000000,6.0140000000,41794.1053990000,249782.8833240850,249782.8833240850,1,DORA-USDT
2022-03-27 15:00:00,1648364400000,6.0120000000,6.0780000000,6.0020000000,6.0210000000,31691.1924050000,191048.3890643690,191048.3890643690,1,DORA-USDT
2022-03-27 16:00:00,1648368000000,6.0200000000,6.0670000000,5.9420000000,5.9480000000,30938.2814410000,185492.2607632060,185492.2607632060,1,DORA-USDT
2022-03-27 17:00:00,1648371600000,5.9480000000,6.0050000000,5.9340000000,5.9360000000,25128.0899530000,150071.8822433610,150071.8822433610,1,DORA-USDT
2022-03-27 18:00:00,1648375200000,5.9360000000,6.0000000000,5.9310000000,5.9530000000,30505.4241420000,181794.2167303530,181794.2167303530,1,DORA-USDT
2022-03-27 19:00:00,1648378800000,5.9530000000,5.9630000000,5.9130000000,5.9210000000,11979.2397100000,71099.4935301280,71099.4935301280,1,DORA-USDT
2022-03-27 20:00:00,1648382400000,5.9200000000,5.9300000000,5.8240000000,5.8390000000,37104.8982970000,218287.4347931340,218287.4347931340,1,DORA-USDT
2022-03-27 21:00:00,1648386000000,5.8370000000,6.4690000000,5.8260000000,6.3030000000,92666.5669440000,562700.2908379860,562700.2908379860,1,DORA-USDT
2022-03-27 22:00:00,1648389600000,6.3040000000,6.4300000000,6.1170000000,6.2460000000,110417.3692090000,693003.2699184450,693003.2699184450,1,DORA-USDT
2022-03-27 23:00:00,1648393200000,6.2460000000,6.4590000000,6.2000000000,6.3990000000,81823.0292850000,518305.3254097610,518305.3254097610,1,DORA-USDT
2022-03-28 00:00:00,1648396800000,6.3990000000,6.9080000000,6.3980000000,6.8730000000,229203.5516590000,1541471.5029245559,1541471.5029245559,1,DORA-USDT
2022-03-28 01:00:00,1648400400000,6.8780000000,6.8990000000,6.5960000000,6.7440000000,114750.7680480000,773280.3996181000,773280.3996181000,1,DORA-USDT
2022-03-28 02:00:00,1648404000000,6.7440000000,6.9900000000,6.6670000000,6.8800000000,100185.1830860000,683920.4129845640,683920.4129845640,1,DORA-USDT
2022-03-28 03:00:00,1648407600000,6.8820000000,6.8900000000,6.6550000000,6.8040000000,83388.0518140000,565076.0105272169,565076.0105272169,1,DORA-USDT
2022-03-28 04:00:00,1648411200000,6.8010000000,7.0000000000,6.7260000000,6.9110000000,82974.4927040000,566738.6136636080,566738.6136636080,1,DORA-USDT
2022-03-28 05:00:00,1648414800000,6.9050000000,6.9260000000,6.6160000000,6.6840000000,71880.8507620000,483201.9236411080,483201.9236411080,1,DORA-USDT
2022-03-28 06:00:00,1648418400000,6.6870000000,6.8670000000,6.6720000000,6.7980000000,50608.7374350000,342226.3464222170,342226.3464222170,1,DORA-USDT
2022-03-28 07:00:00,1648422000000,6.7990000000,6.8790000000,6.6480000000,6.8450000000,72676.3638230000,491805.8996565390,491805.8996565390,1,DORA-USDT
2022-03-28 08:00:00,1648425600000,6.8370000000,7.0000000000,6.6640000000,6.6700000000,66967.9528690000,455861.4280563550,455861.4280563550,1,DORA-USDT
2022-03-28 09:00:00,1648429200000,6.6720000000,6.7290000000,6.6130000000,6.6450000000,48033.7235630000,320382.1167391140,320382.1167391140,1,DORA-USDT
2022-03-28 10:00:00,1648432800000,6.6460000000,6.8980000000,6.6260000000,6.8300000000,66522.5682210000,449513.5795893790,449513.5795893790,1,DORA-USDT
2022-03-28 11:00:00,1648436400000,6.8200000000,6.9920000000,6.7280000000,6.9500000000,76097.1113790000,524884.5417175390,524884.5417175390,1,DORA-USDT
2022-03-28 12:00:00,1648440000000,6.9500000000,7.1000000000,6.8550000000,7.0360000000,92657.6476860000,648957.4309916770,648957.4309916770,1,DORA-USDT
2022-03-28 13:00:00,1648443600000,7.0350000000,7.0350000000,6.8800000000,6.9330000000,55508.4068420000,385371.3473777220,385371.3473777220,1,DORA-USDT
2022-03-28 14:00:00,1648447200000,6.9300000000,6.9370000000,6.8190000000,6.8400000000,54291.7399610000,372311.7023876110,372311.7023876110,1,DORA-USDT
2022-03-28 15:00:00,1648450800000,6.8400000000,6.8520000000,6.7580000000,6.7640000000,28693.6946160000,195020.6554184140,195020.6554184140,1,DORA-USDT
2022-03-28 16:00:00,1648454400000,6.7650000000,6.8290000000,6.6800000000,6.7570000000,45896.1031940000,310297.5489161440,310297.5489161440,1,DORA-USDT
2022-03-28 17:00:00,1648458000000,6.7580000000,6.8450000000,6.7520000000,6.8450000000,33002.2524830000,224347.1841181270,224347.1841181270,1,DORA-USDT
2022-03-28 18:00:00,1648461600000,6.8420000000,6.9000000000,6.7850000000,6.8600000000,36325.8959140000,248521.2011423700,248521.2011423700,1,DORA-USDT
2022-03-28 19:00:00,1648465200000,6.8590000000,6.8950000000,6.8290000000,6.8620000000,16069.6941030000,110274.8885180210,110274.8885180210,1,DORA-USDT
2022-03-28 20:00:00,1648468800000,6.8620000000,6.9550000000,6.6110000000,6.6170000000,80598.9989240000,546279.9723608170,546279.9723608170,1,DORA-USDT
2022-03-28 21:00:00,1648472400000,6.6250000000,6.6620000000,6.5320000000,6.6170000000,58993.1148300000,389158.5217793910,389158.5217793910,1,DORA-USDT
2022-03-28 22:00:00,1648476000000,6.6180000000,6.6930000000,6.5950000000,6.6650000000,38668.9148500000,256817.7986541810,256817.7986541810,1,DORA-USDT
2022-03-28 23:00:00,1648479600000,6.6700000000,6.7170000000,6.5910000000,6.6220000000,41204.9712200000,274088.7145272260,274088.7145272260,1,DORA-USDT
2022-03-29 00:00:00,1648483200000,6.6220000000,6.7320000000,6.5900000000,6.6420000000,52135.2274650000,347166.5151131720,347166.5151131720,1,DORA-USDT
2022-03-29 01:00:00,1648486800000,6.6420000000,6.6920000000,6.5970000000,6.6780000000,33508.5439370000,222795.8956130160,222795.8956130160,1,DORA-USDT
2022-03-29 02:00:00,1648490400000,6.6790000000,6.8080000000,6.6630000000,6.7500000000,36446.3056810000,245126.2546229610,245126.2546229610,1,DORA-USDT
2022-03-29 03:00:00,1648494000000,6.7500000000,6.7750000000,6.6630000000,6.6820000000,38739.6770750000,260572.3132081700,260572.3132081700,1,DORA-USDT
2022-03-29 04:00:00,1648497600000,6.6810000000,6.7030000000,6.6620000000,6.6940000000,19512.0792580000,130430.4640025920,130430.4640025920,1,DORA-USDT
2022-03-29 05:00:00,1648501200000,6.6940000000,6.6990000000,6.4700000000,6.5360000000,43439.5464840000,285426.0833879900,285426.0833879900,1,DORA-USDT
2022-03-29 06:00:00,1648504800000,6.5350000000,6.6080000000,6.5070000000,6.5090000000,36837.6075930000,241767.3520255140,241767.3520255140,1,DORA-USDT
2022-03-29 07:00:00,1648508400000,6.5110000000,6.5290000000,6.2470000000,6.2960000000,56453.3213260000,360602.6871368140,360602.6871368140,1,DORA-USDT
2022-03-29 08:00:00,1648512000000,6.2930000000,6.3800000000,6.2470000000,6.3640000000,54418.9379860000,344782.5085742490,344782.5085742490,1,DORA-USDT
2022-03-29 09:00:00,1648515600000,6.3640000000,6.4260000000,6.3480000000,6.4240000000,22837.0722080000,145761.1189221270,145761.1189221270,1,DORA-USDT
2022-03-29 10:00:00,1648519200000,6.4250000000,6.4470000000,6.4060000000,6.4080000000,20303.1596640000,130499.6987444360,130499.6987444360,1,DORA-USDT
2022-03-29 11:00:00,1648522800000,6.4080000000,6.4530000000,6.4070000000,6.4360000000,22336.8600120000,143628.1198856430,143628.1198856430,1,DORA-USDT
2022-03-29 12:00:00,1648526400000,6.4360000000,6.5180000000,6.4260000000,6.5160000000,16418.2813450000,106444.4964543200,106444.4964543200,1,DORA-USDT
2022-03-29 13:00:00,1648530000000,6.5180000000,6.5610000000,6.5020000000,6.5530000000,11427.3675810000,74705.2299342650,74705.2299342650,1,DORA-USDT
2022-03-29 14:00:00,1648533600000,6.5530000000,6.6050000000,6.5460000000,6.5750000000,18775.5424870000,123507.9638215280,123507.9638215280,1,DORA-USDT
2022-03-29 15:00:00,1648537200000,6.5750000000,6.8360000000,6.5390000000,6.7760000000,52909.4251280000,355654.6417024280,355654.6417024280,1,DORA-USDT
2022-03-29 16:00:00,1648540800000,6.7770000000,6.8470000000,6.7100000000,6.7470000000,28261.4914020000,191397.7286467360,191397.7286467360,1,DORA-USDT
2022-03-29 17:00:00,1648544400000,6.7460000000,6.7560000000,6.6890000000,6.6920000000,20808.4357440000,139955.8836454970,139955.8836454970,1,DORA-USDT
2022-03-29 18:00:00,1648548000000,6.6900000000,6.6970000000,6.4000000000,6.6360000000,35682.5487490000,234930.2958879510,234930.2958879510,1,DORA-USDT
2022-03-29 19:00:00,1648551600000,6.6370000000,6.6660000000,6.4710000000,6.5220000000,37423.8694960000,244805.3869914650,244805.3869914650,1,DORA-USDT
2022-03-29 20:00:00,1648555200000,6.5200000000,6.6050000000,6.5170000000,6.5450000000,23977.7879790000,157385.7740202400,157385.7740202400,1,DORA-USDT
2022-03-29 21:00:00,1648558800000,6.5430000000,6.6020000000,6.4680000000,6.5070000000,37155.9263390000,243104.8097994010,243104.8097994010,1,DORA-USDT
2022-03-29 22:00:00,1648562400000,6.5090000000,6.5650000000,6.4790000000,6.5620000000,24943.4885540000,162835.9695161680,162835.9695161680,1,DORA-USDT
2022-03-29 23:00:00,1648566000000,6.5600000000,6.5610000000,6.4200000000,6.4240000000,23423.8382650000,152210.7300618940,152210.7300618940,1,DORA-USDT
2022-03-30 00:00:00,1648569600000,6.4250000000,6.4250000000,6.2520000000,6.3560000000,55642.4614970000,352707.0248261660,352707.0248261660,1,DORA-USDT
2022-03-30 01:00:00,1648573200000,6.3560000000,6.3560000000,6.2540000000,6.2990000000,23510.3940980000,148058.9669592700,148058.9669592700,1,DORA-USDT
2022-03-30 02:00:00,1648576800000,6.3000000000,6.3180000000,6.2520000000,6.2620000000,14829.0163400000,93178.1439226190,93178.1439226190,1,DORA-USDT
2022-03-30 03:00:00,1648580400000,6.2660000000,6.3200000000,6.2530000000,6.2950000000,15706.4968400000,98923.4596785420,98923.4596785420,1,DORA-USDT
2022-03-30 04:00:00,1648584000000,6.2960000000,6.3190000000,6.2230000000,6.2610000000,18877.6825760000,118421.2040462140,118421.2040462140,1,DORA-USDT
2022-03-30 05:00:00,1648587600000,6.2600000000,6.2670000000,6.1810000000,6.2050000000,20175.0763080000,125659.5558374650,125659.5558374650,1,DORA-USDT
2022-03-30 06:00:00,1648591200000,6.1950000000,6.2120000000,6.0810000000,6.1900000000,44704.6896700000,274772.6715274780,274772.6715274780,1,DORA-USDT
2022-03-30 07:00:00,1648594800000,6.1900000000,6.3200000000,6.1890000000,6.2760000000,23369.0850240000,146110.7717577500,146110.7717577500,1,DORA-USDT
2022-03-30 08:00:00,1648598400000,6.2750000000,6.2780000000,6.1400000000,6.2080000000,38205.2186530000,237001.6711028750,237001.6711028750,1,DORA-USDT
2022-03-30 09:00:00,1648602000000,6.2070000000,6.2070000000,6.0500000000,6.1070000000,25795.3896660000,157905.6700038940,157905.6700038940,1,DORA-USDT
2022-03-30 10:00:00,1648605600000,6.1060000000,6.1990000000,6.1000000000,6.1860000000,16917.0306430000,104246.9405253180,104246.9405253180,1,DORA-USDT
2022-03-30 11:00:00,1648609200000,6.1840000000,6.2340000000,6.1700000000,6.2300000000,19699.1266170000,122263.2860707760,122263.2860707760,1,DORA-USDT
2022-03-30 12:00:00,1648612800000,6.2290000000,6.2400000000,6.1550000000,6.1900000000,19134.9648090000,118572.4291502770,118572.4291502770,1,DORA-USDT
2022-03-30 13:00:00,1648616400000,6.1850000000,6.2510000000,6.1820000000,6.2490000000,8757.5398980000,54473.4384071460,54473.4384071460,1,DORA-USDT
2022-03-30 14:00:00,1648620000000,6.2500000000,6.3160000000,6.2500000000,6.3070000000,17917.3007730000,112663.7973816070,112663.7973816070,1,DORA-USDT
2022-03-30 15:00:00,1648623600000,6.3020000000,6.4540000000,6.2890000000,6.4320000000,25307.9352260000,161436.1219749570,161436.1219749570,1,DORA-USDT
2022-03-30 16:00:00,1648627200000,6.4330000000,6.5850000000,6.3820000000,6.4950000000,45717.7958540000,294726.9212396640,294726.9212396640,1,DORA-USDT
2022-03-30 17:00:00,1648630800000,6.4950000000,6.5850000000,6.4580000000,6.5270000000,31879.3973850000,207880.5662414480,207880.5662414480,1,DORA-USDT
2022-03-30 18:00:00,1648634400000,6.5300000000,6.5620000000,6.5070000000,6.5200000000,15459.2307480000,101052.6162606310,101052.6162606310,1,DORA-USDT
2022-03-30 19:00:00,1648638000000,6.5200000000,6.5530000000,6.4520000000,6.5370000000,18435.0276130000,119981.6615023360,119981.6615023360,1,DORA-USDT
2022-03-30 20:00:00,1648641600000,6.5360000000,6.5430000000,6.4900000000,6.5430000000,14212.6317650000,92549.5939360120,92549.5939360120,1,DORA-USDT
2022-03-30 21:00:00,1648645200000,6.5400000000,6.5680000000,6.4450000000,6.5560000000,45689.5586920000,297236.5571071140,297236.5571071140,1,DORA-USDT
2022-03-30 22:00:00,1648648800000,6.5580000000,6.7710000000,6.4820000000,6.5260000000,79095.1313570000,524345.7008807770,524345.7008807770,1,DORA-USDT
2022-03-30 23:00:00,1648652400000,6.5250000000,6.6820000000,6.4240000000,6.6760000000,45055.6563870000,296683.4815003220,296683.4815003220,1,DORA-USDT
2022-03-31 00:00:00,1648656000000,6.6770000000,6.6770000000,6.5880000000,6.6330000000,26696.1367740000,177151.5388518570,177151.5388518570,1,DORA-USDT
2022-03-31 01:00:00,1648659600000,6.6320000000,6.6960000000,6.5940000000,6.6900000000,25031.7527070000,166616.5049595420,166616.5049595420,1,DORA-USDT
2022-03-31 02:00:00,1648663200000,6.6890000000,6.7390000000,6.6410000000,6.6600000000,20300.2969680000,135951.6682877620,135951.6682877620,1,DORA-USDT
2022-03-31 03:00:00,1648666800000,6.6590000000,6.6790000000,6.6110000000,6.6780000000,28847.9977660000,191650.0592614590,191650.0592614590,1,DORA-USDT
2022-03-31 04:00:00,1648670400000,6.6770000000,6.9430000000,6.6450000000,6.9190000000,50642.6320210000,344495.0403179160,344495.0403179160,1,DORA-USDT
2022-03-31 05:00:00,1648674000000,6.9240000000,6.9250000000,6.6400000000,6.6720000000,36202.1344620000,244775.8572302430,244775.8572302430,1,DORA-USDT
2022-03-31 06:00:00,1648677600000,6.6720000000,6.7770000000,6.6490000000,6.6820000000,26767.1242640000,179270.0787147670,179270.0787147670,1,DORA-USDT
2022-03-31 07:00:00,1648681200000,6.6810000000,6.7260000000,6.6810000000,6.7030000000,11302.7414230000,75807.2237186040,75807.2237186040,1,DORA-USDT
2022-03-31 08:00:00,1648684800000,6.7080000000,6.8520000000,6.6950000000,6.8220000000,23639.7509270000,160380.9784316890,160380.9784316890,1,DORA-USDT
2022-03-31 09:00:00,1648688400000,6.8220000000,6.9230000000,6.8170000000,6.9090000000,19609.0938450000,134920.1493998420,134920.1493998420,1,DORA-USDT
2022-03-31 10:00:00,1648692000000,6.9110000000,6.9420000000,6.8780000000,6.9160000000,13342.9954570000,92238.9712912400,92238.9712912400,1,DORA-USDT
2022-03-31 11:00:00,1648695600000,6.9160000000,7.0110000000,6.8980000000,6.9460000000,21649.2895570000,150851.3974511720,150851.3974511720,1,DORA-USDT
2022-03-31 12:00:00,1648699200000,6.9470000000,6.9980000000,6.7340000000,6.8860000000,39270.3164930000,271078.1599031880,271078.1599031880,1,DORA-USDT
2022-03-31 13:00:00,1648702800000,6.8880000000,6.8980000000,6.8370000000,6.8470000000,12552.1027920000,86185.1683054540,86185.1683054540,1,DORA-USDT
2022-03-31 14:00:00,1648706400000,6.8470000000,6.8680000000,6.8030000000,6.8640000000,12922.8802160000,88325.2316145850,88325.2316145850,1,DORA-USDT
2022-03-31 15:00:00,1648710000000,6.8660000000,6.8780000000,6.8430000000,6.8600000000,11774.7330720000,80722.2203066280,80722.2203066280,1,DORA-USDT
2022-03-31 16:00:00,1648713600000,6.8740000000,6.9110000000,6.8610000000,6.8970000000,13604.6990540000,93734.9916545750,93734.9916545750,1,DORA-USDT
2022-03-31 17:00:00,1648717200000,6.8890000000,6.9220000000,6.8500000000,6.8830000000,12950.5316100000,89334.9333760890,89334.9333760890,1,DORA-USDT
2022-03-31 18:00:00,1648720800000,6.8840000000,6.8850000000,6.8430000000,6.8470000000,8442.1821730000,57892.6262762900,57892.6262762900,1,DORA-USDT
2022-03-31 19:00:00,1648724400000,6.8500000000,6.8510000000,6.7930000000,6.8330000000,9887.8669220000,67498.9808137070,67498.9808137070,1,DORA-USDT
2022-03-31 20:00:00,1648728000000,6.8320000000,6.8340000000,6.7000000000,6.7400000000,28783.4325330000,194496.6765814410,194496.6765814410,1,DORA-USDT
2022-03-31 21:00:00,1648731600000,6.7390000000,6.7680000000,6.5370000000,6.5450000000,33086.6787690000,220224.7500639890,220224.7500639890,1,DORA-USDT
2022-03-31 22:00:00,1648735200000,6.5400000000,6.6100000000,6.3000000000,6.4900000000,88583.5628590000,568333.6504923720,568333.6504923720,1,DORA-USDT
2022-03-31 23:00:00,1648738800000,6.4820000000,6.5060000000,6.3330000000,6.3570000000,35207.5925190000,225312.4150709390,225312.4150709390,1,DORA-USDT
2022-04-01 00:00:00,1648742400000,6.3550000000,6.4330000000,6.1940000000,6.2330000000,62894.1022610000,394886.2312218030,394886.2312218030,1,DORA-USDT
2022-04-01 01:00:00,1648746000000,6.2320000000,6.3120000000,6.2250000000,6.2710000000,26902.5421580000,168807.7759785350,168807.7759785350,1,DORA-USDT
2022-04-01 02:00:00,1648749600000,6.2680000000,6.3090000000,6.1850000000,6.3030000000,29668.2614330000,185557.4078205920,185557.4078205920,1,DORA-USDT
2022-04-01 03:00:00,1648753200000,6.3050000000,6.3120000000,6.2790000000,6.2970000000,15682.4367990000,98747.4149418350,98747.4149418350,1,DORA-USDT
2022-04-01 04:00:00,1648756800000,6.2940000000,6.3120000000,6.2640000000,6.2750000000,18223.6051610000,114579.4359123250,114579.4359123250,1,DORA-USDT
2022-04-01 05:00:00,1648760400000,6.2830000000,6.3120000000,6.2710000000,6.3080000000,10557.9537210000,66478.1129339170,66478.1129339170,1,DORA-USDT
2022-04-01 06:00:00,1648764000000,6.3090000000,6.3100000000,6.2560000000,6.3090000000,16108.6114480000,101269.4950746880,101269.4950746880,1,DORA-USDT
2022-04-01 07:00:00,1648767600000,6.3090000000,6.3090000000,6.2200000000,6.2740000000,21083.5585090000,132051.2456012790,132051.2456012790,1,DORA-USDT
2022-04-01 08:00:00,1648771200000,6.2760000000,6.4730000000,6.2660000000,6.4300000000,51940.0097000000,331324.9765378940,331324.9765378940,1,DORA-USDT
2022-04-01 09:00:00,1648774800000,6.4300000000,6.4450000000,6.2820000000,6.3070000000,29202.0763780000,185494.4407166870,185494.4407166870,1,DORA-USDT
2022-04-01 10:00:00,1648778400000,6.3030000000,6.3760000000,6.1530000000,6.2100000000,50719.5769360000,318251.1459770510,318251.1459770510,1,DORA-USDT
2022-04-01 11:00:00,1648782000000,6.2090000000,6.4250000000,6.2080000000,6.4240000000,53663.4422130000,338770.9933660540,338770.9933660540,1,DORA-USDT
2022-04-01 12:00:00,1648785600000,6.4220000000,6.4370000000,6.3500000000,6.3790000000,24163.1135400000,154649.0062077540,154649.0062077540,1,DORA-USDT
2022-04-01 13:00:00,1648789200000,6.3790000000,6.4350000000,6.3270000000,6.3450000000,22814.8895610000,145800.5518263730,145800.5518263730,1,DORA-USDT
2022-04-01 14:00:00,1648792800000,6.3390000000,6.3720000000,6.2710000000,6.3620000000,23966.1981290000,151428.9288105110,151428.9288105110,1,DORA-USDT
2022-04-01 15:00:00,1648796400000,6.3630000000,6.4400000000,6.3350000000,6.4290000000,23479.4405840000,150089.3372360640,150089.3372360640,1,DORA-USDT
2022-04-01 16:00:00,1648800000000,6.4310000000,6.5550000000,6.4300000000,6.4660000000,33311.9931660000,216187.2765291120,216187.2765291120,1,DORA-USDT
2022-04-01 17:00:00,1648803600000,6.4660000000,6.5280000000,6.3850000000,6.4190000000,34319.9412010000,221270.3042931050,221270.3042931050,1,DORA-USDT
2022-04-01 18:00:00,1648807200000,6.4150000000,6.4390000000,6.3800000000,6.4230000000,17227.9005990000,110435.1437483510,110435.1437483510,1,DORA-USDT
2022-04-01 19:00:00,1648810800000,6.4230000000,6.4770000000,6.3940000000,6.4070000000,18710.7086760000,120313.4681518110,120313.4681518110,1,DORA-USDT
2022-04-01 20:00:00,1648814400000,6.4080000000,6.4600000000,6.2920000000,6.4120000000,54860.1579650000,350029.3473473020,350029.3473473020,1,DORA-USDT
2022-04-01 21:00:00,1648818000000,6.4130000000,6.6670000000,6.4130000000,6.6100000000,46137.4554490000,302878.6843723960,302878.6843723960,1,DORA-USDT
2022-04-01 22:00:00,1648821600000,6.6130000000,6.7860000000,6.6120000000,6.7070000000,43306.3063640000,290444.5144229730,290444.5144229730,1,DORA-USDT
2022-04-01 23:00:00,1648825200000,6.7020000000,6.7750000000,6.5540000000,6.6130000000,42731.5578390000,282946.9769027490,282946.9769027490,1,DORA-USDT
2022-04-02 00:00:00,1648828800000,6.6250000000,6.6280000000,6.5390000000,6.5390000000,28296.5424450000,186372.4554984390,186372.4554984390,1,DORA-USDT
2022-04-02 01:00:00,1648832400000,6.5390000000,6.6970000000,6.5190000000,6.6910000000,31001.5431270000,205741.3846174690,205741.3846174690,1,DORA-USDT
2022-04-02 02:00:00,1648836000000,6.6880000000,6.7090000000,6.6000000000,6.6310000000,22407.9910800000,148898.8460216770,148898.8460216770,1,DORA-USDT
2022-04-02 03:00:00,1648839600000,6.6300000000,6.6590000000,6.6120000000,6.6580000000,15348.0531450000,101802.3603008880,101802.3603008880,1,DORA-USDT
2022-04-02 04:00:00,1648843200000,6.6510000000,6.7290000000,6.6060000000,6.7110000000,27482.8061650000,183388.2953830230,183388.2953830230,1,DORA-USDT
2022-04-02 05:00:00,1648846800000,6.7120000000,6.7560000000,6.6850000000,6.7180000000,21028.4885900000,141512.7619728080,141512.7619728080,1,DORA-USDT
2022-04-02 06:00:00,1648850400000,6.7190000000,6.7330000000,6.6760000000,6.7130000000,12205.0625000000,81877.4133796030,81877.4133796030,1,DORA-USDT
2022-04-02 07:00:00,1648854000000,6.7100000000,6.7100000000,6.6010000000,6.6980000000,20437.7214740000,136189.1439949340,136189.1439949340,1,DORA-USDT
2022-04-02 08:00:00,1648857600000,6.6980000000,6.8290000000,6.6000000000,6.8140000000,33747.3784600000,227198.8209163610,227198.8209163610,1,DORA-USDT
2022-04-02 09:00:00,1648861200000,6.8140000000,6.8510000000,6.7880000000,6.8420000000,11808.8074950000,80533.9503666450,80533.9503666450,1,DORA-USDT
2022-04-02 10:00:00,1648864800000,6.8420000000,6.8800000000,6.7860000000,6.8080000000,19014.1498730000,129842.6617586130,129842.6617586130,1,DORA-USDT
2022-04-02 11:00:00,1648868400000,6.8050000000,6.8140000000,6.7600000000,6.7750000000,9719.4114850000,65911.1101748910,65911.1101748910,1,DORA-USDT
2022-04-02 12:00:00,1648872000000,6.7780000000,6.8300000000,6.7010000000,6.7900000000,15671.5661830000,106365.4297265780,106365.4297265780,1,DORA-USDT
2022-04-02 13:00:00,1648875600000,6.7880000000,6.8300000000,6.7640000000,6.8040000000,13922.0217660000,94649.7357342430,94649.7357342430,1,DORA-USDT
2022-04-02 14:00:00,1648879200000,6.8040000000,6.8210000000,6.7520000000,6.8040000000,14462.1061700000,98185.8410221140,98185.8410221140,1,DORA-USDT
2022-04-02 15:00:00,1648882800000,6.8040000000,6.8170000000,6.7700000000,6.8010000000,11354.0340610000,77153.9933850130,77153.9933850130,1,DORA-USDT
2022-04-02 16:00:00,1648886400000,6.8010000000,6.8130000000,6.7500000000,6.8130000000,12796.0119830000,86762.7542192000,86762.7542192000,1,DORA-USDT
2022-04-02 17:00:00,1648890000000,6.8140000000,6.8460000000,6.8060000000,6.8420000000,6234.7395260000,42533.9576469140,42533.9576469140,1,DORA-USDT
2022-04-02 18:00:00,1648893600000,6.8430000000,6.9170000000,6.8400000000,6.8980000000,14139.8389400000,97446.8097755450,97446.8097755450,1,DORA-USDT
2022-04-02 19:00:00,1648897200000,6.8990000000,6.9240000000,6.8860000000,6.8870000000,9543.4890960000,65791.4020208250,65791.4020208250,1,DORA-USDT
2022-04-02 20:00:00,1648900800000,6.8870000000,7.5330000000,6.8790000000,7.2120000000,140578.4180810000,1022002.0962537610,1022002.0962537610,1,DORA-USDT
2022-04-02 21:00:00,1648904400000,7.2170000000,7.7700000000,7.1220000000,7.6580000000,109464.8390550000,817043.9071644080,817043.9071644080,1,DORA-USDT
2022-04-02 22:00:00,1648908000000,7.6640000000,7.6680000000,7.4010000000,7.4820000000,75268.7876030000,567282.1429128370,567282.1429128370,1,DORA-USDT
2022-04-02 23:00:00,1648911600000,7.4860000000,7.5360000000,7.0600000000,7.1850000000,103987.9406060000,760031.7584827030,760031.7584827030,1,DORA-USDT
2022-04-03 00:00:00,1648915200000,7.1940000000,7.3800000000,7.1000000000,7.2230000000,72393.8251550000,523093.5362975590,523093.5362975590,1,DORA-USDT
2022-04-03 01:00:00,1648918800000,7.2220000000,7.2850000000,7.1250000000,7.1370000000,34807.8062630000,249937.3338996560,249937.3338996560,1,DORA-USDT
2022-04-03 02:00:00,1648922400000,7.1400000000,7.1520000000,6.9760000000,6.9990000000,59604.9101080000,419284.0022444760,419284.0022444760,1,DORA-USDT
2022-04-03 03:00:00,1648926000000,6.9920000000,7.0810000000,6.9830000000,7.0300000000,25545.7830320000,179763.9733335710,179763.9733335710,1,DORA-USDT
2022-04-03 04:00:00,1648929600000,7.0340000000,7.1410000000,6.9740000000,7.0340000000,38556.4717430000,272064.9438239190,272064.9438239190,1,DORA-USDT
2022-04-03 05:00:00,1648933200000,7.0290000000,7.0320000000,6.9770000000,7.0060000000,11002.2369140000,77068.6743992990,77068.6743992990,1,DORA-USDT
2022-04-03 06:00:00,1648936800000,7.0070000000,7.0860000000,6.8830000000,6.9380000000,38576.9244310000,268818.4632573710,268818.4632573710,1,DORA-USDT
2022-04-03 07:00:00,1648940400000,6.9370000000,6.9780000000,6.8620000000,6.9130000000,22333.7125550000,154641.3940473230,154641.3940473230,1,DORA-USDT
2022-04-03 08:00:00,1648944000000,6.9140000000,7.0320000000,6.9040000000,7.0240000000,26855.1098330000,187264.8524181180,187264.8524181180,1,DORA-USDT
2022-04-03 09:00:00,1648947600000,7.0170000000,7.0320000000,6.6850000000,6.8110000000,63214.8750530000,430531.8822742120,430531.8822742120,1,DORA-USDT
2022-04-03 10:00:00,1648951200000,6.8050000000,6.8630000000,6.7790000000,6.8270000000,20677.6470970000,141077.3377036570,141077.3377036570,1,DORA-USDT
2022-04-03 11:00:00,1648954800000,6.8180000000,6.9910000000,6.8130000000,6.9570000000,40628.2335510000,281355.5249607510,281355.5249607510,1,DORA-USDT
2022-04-03 12:00:00,1648958400000,6.9620000000,7.0640000000,6.9230000000,7.0640000000,31238.3113960000,218615.6073687660,218615.6073687660,1,DORA-USDT
2022-04-03 13:00:00,1648962000000,7.0630000000,7.1420000000,7.0290000000,7.1370000000,25497.7369980000,180432.8400022820,180432.8400022820,1,DORA-USDT
2022-04-03 14:00:00,1648965600000,7.1390000000,7.1580000000,7.0920000000,7.1300000000,23495.2882240000,167416.5738513950,167416.5738513950,1,DORA-USDT
2022-04-03 15:00:00,1648969200000,7.1330000000,7.1350000000,7.0230000000,7.0510000000,34066.6133910000,240698.6873889230,240698.6873889230,1,DORA-USDT
2022-04-03 16:00:00,1648972800000,7.0520000000,7.1170000000,6.9750000000,7.0110000000,29803.8754920000,210207.4174566360,210207.4174566360,1,DORA-USDT
2022-04-03 17:00:00,1648976400000,7.0120000000,7.1440000000,6.9750000000,7.1000000000,35157.5438320000,248365.0237301270,248365.0237301270,1,DORA-USDT
2022-04-03 18:00:00,1648980000000,7.1010000000,7.1480000000,7.0460000000,7.0660000000,32986.6188720000,234198.7741280800,234198.7741280800,1,DORA-USDT
2022-04-03 19:00:00,1648983600000,7.0630000000,7.1090000000,7.0050000000,7.0760000000,31806.8044080000,224550.5629837340,224550.5629837340,1,DORA-USDT
2022-04-03 20:00:00,1648987200000,7.0760000000,7.1130000000,6.9750000000,7.0360000000,50601.7156700000,355634.4612753880,355634.4612753880,1,DORA-USDT
2022-04-03 21:00:00,1648990800000,7.0330000000,7.1200000000,7.0070000000,7.0780000000,22130.5036250000,156502.5953298760,156502.5953298760,1,DORA-USDT
2022-04-03 22:00:00,1648994400000,7.0800000000,7.0940000000,7.0110000000,7.0790000000,20685.6821560000,145858.5182342850,145858.5182342850,1,DORA-USDT
2022-04-03 23:00:00,1648998000000,7.0770000000,7.0940000000,7.0420000000,7.0620000000,15638.5827090000,110555.1953080440,110555.1953080440,1,DORA-USDT
2022-04-04 00:00:00,1649001600000,7.0630000000,7.0670000000,6.9510000000,6.9580000000,28613.4898550000,200490.3442777430,200490.3442777430,1,DORA-USDT
2022-04-04 01:00:00,1649005200000,6.9590000000,6.9690000000,6.7860000000,6.8140000000,23656.0710330000,162308.3637129640,162308.3637129640,1,DORA-USDT
2022-04-04 02:00:00,1649008800000,6.8150000000,6.8280000000,6.7040000000,6.7500000000,24987.9514020000,169136.7751995760,169136.7751995760,1,DORA-USDT
2022-04-04 03:00:00,1649012400000,6.7490000000,6.7580000000,6.6910000000,6.7160000000,15167.9439340000,101988.3297750340,101988.3297750340,1,DORA-USDT
2022-04-04 04:00:00,1649016000000,6.7150000000,6.7390000000,6.6810000000,6.6990000000,16439.9395750000,110269.4661664350,110269.4661664350,1,DORA-USDT
2022-04-04 05:00:00,1649019600000,6.6970000000,6.7690000000,6.6940000000,6.7370000000,14159.4115310000,95327.3999497370,95327.3999497370,1,DORA-USDT
2022-04-04 06:00:00,1649023200000,6.7350000000,6.8700000000,6.7350000000,6.7950000000,25449.7182060000,173248.3393607410,173248.3393607410,1,DORA-USDT
2022-04-04 07:00:00,1649026800000,6.7960000000,6.8110000000,6.7240000000,6.8060000000,26015.3777610000,176015.7930915990,176015.7930915990,1,DORA-USDT
2022-04-04 08:00:00,1649030400000,6.8100000000,6.8340000000,6.6600000000,6.6820000000,70956.7172450000,477946.9684427870,477946.9684427870,1,DORA-USDT
2022-04-04 09:00:00,1649034000000,6.6840000000,6.7810000000,6.6630000000,6.7640000000,33794.6436270000,227237.5346849990,227237.5346849990,1,DORA-USDT
2022-04-04 10:00:00,1649037600000,6.7600000000,7.0000000000,6.7430000000,6.9820000000,44674.2802840000,307152.5541458740,307152.5541458740,1,DORA-USDT
2022-04-04 11:00:00,1649041200000,6.9800000000,6.9950000000,6.9190000000,6.9260000000,19057.9513580000,132606.0894769840,132606.0894769840,1,DORA-USDT
2022-04-04 12:00:00,1649044800000,6.9280000000,7.0090000000,6.8430000000,6.9150000000,34934.5117600000,241922.0731674580,241922.0731674580,1,DORA-USDT
2022-04-04 13:00:00,1649048400000,6.9150000000,6.9910000000,6.9010000000,6.9800000000,16013.5415160000,111236.4360099180,111236.4360099180,1,DORA-USDT
2022-04-04 14:00:00,1649052000000,6.9810000000,7.0340000000,6.9190000000,6.9830000000,34573.0036760000,240953.6233717410,240953.6233717410,1,DORA-USDT
2022-04-04 15:00:00,1649055600000,6.9780000000,6.9820000000,6.9240000000,6.9430000000,13901.6075480000,96564.5537005680,96564.5537005680,1,DORA-USDT
2022-04-04 16:00:00,1649059200000,6.9490000000,6.9490000000,6.8260000000,6.9180000000,33646.7716120000,232051.3942921010,232051.3942921010,1,DORA-USDT
2022-04-04 17:00:00,1649062800000,6.9170000000,6.9170000000,6.6120000000,6.6420000000,56623.3807170000,383289.2637800870,383289.2637800870,1,DORA-USDT
2022-04-04 18:00:00,1649066400000,6.6370000000,6.6510000000,6.4450000000,6.5250000000,51862.7211420000,339078.4803885590,339078.4803885590,1,DORA-USDT
2022-04-04 19:00:00,1649070000000,6.5220000000,6.5800000000,6.5020000000,6.5700000000,23919.7068640000,156472.6397007730,156472.6397007730,1,DORA-USDT
2022-04-04 20:00:00,1649073600000,6.5690000000,6.5880000000,6.4750000000,6.5110000000,19883.0504400000,129941.8823939620,129941.8823939620,1,DORA-USDT
2022-04-04 21:00:00,1649077200000,6.5130000000,6.6050000000,6.4680000000,6.5890000000,33185.4607100000,216898.1607334900,216898.1607334900,1,DORA-USDT
2022-04-04 22:00:00,1649080800000,6.5890000000,6.6470000000,6.4940000000,6.5080000000,27887.8575290000,183276.0523732230,183276.0523732230,1,DORA-USDT
2022-04-04 23:00:00,1649084400000,6.5050000000,6.5210000000,6.1030000000,6.1190000000,79129.9348150000,496384.8798308650,496384.8798308650,1,DORA-USDT
2022-04-05 00:00:00,1649088000000,6.1270000000,6.2030000000,6.0990000000,6.1380000000,35148.6989970000,216071.1913381400,216071.1913381400,1,DORA-USDT
2022-04-05 01:00:00,1649091600000,6.1410000000,6.1580000000,5.9100000000,6.0300000000,39345.6968320000,237752.9770876530,237752.9770876530,1,DORA-USDT
2022-04-05 02:00:00,1649095200000,6.0200000000,6.0510000000,5.9520000000,6.0420000000,24565.0538230000,147428.6191742310,147428.6191742310,1,DORA-USDT
2022-04-05 03:00:00,1649098800000,6.0420000000,6.1390000000,6.0400000000,6.1210000000,21224.4698110000,129559.2552577790,129559.2552577790,1,DORA-USDT
2022-04-05 04:00:00,1649102400000,6.1230000000,6.1590000000,6.0830000000,6.1460000000,16148.3111680000,98927.4097278180,98927.4097278180,1,DORA-USDT
2022-04-05 05:00:00,1649106000000,6.1500000000,6.2070000000,6.1090000000,6.2030000000,14401.2511480000,88827.8573739950,88827.8573739950,1,DORA-USDT
2022-04-05 06:00:00,1649109600000,6.2010000000,6.2320000000,6.1620000000,6.2230000000,14466.5412380000,89702.9087558610,89702.9087558610,1,DORA-USDT
2022-04-05 07:00:00,1649113200000,6.2260000000,6.2940000000,6.2170000000,6.2630000000,12836.9617870000,80230.8310969210,80230.8310969210,1,DORA-USDT
2022-04-05 08:00:00,1649116800000,6.2630000000,6.3340000000,6.2010000000,6.2100000000,25807.8411000000,161336.2749198920,161336.2749198920,1,DORA-USDT
2022-04-05 09:00:00,1649120400000,6.2080000000,6.2500000000,6.1960000000,6.2380000000,7323.5130970000,45578.0202480830,45578.0202480830,1,DORA-USDT
2022-04-05 10:00:00,1649124000000,6.2410000000,6.3240000000,6.2400000000,6.3090000000,17318.6691790000,108834.7677146800,108834.7677146800,1,DORA-USDT
2022-04-05 11:00:00,1649127600000,6.3140000000,6.3500000000,6.3040000000,6.3330000000,12930.7276150000,81757.1803027790,81757.1803027790,1,DORA-USDT
2022-04-05 12:00:00,1649131200000,6.3320000000,6.4070000000,6.3290000000,6.3760000000,21509.6510950000,137143.4114872360,137143.4114872360,1,DORA-USDT
2022-04-05 13:00:00,1649134800000,6.3740000000,6.4290000000,6.3590000000,6.3880000000,14196.6179150000,90809.5531503360,90809.5531503360,1,DORA-USDT
2022-04-05 14:00:00,1649138400000,6.3880000000,6.4300000000,6.3670000000,6.3880000000,15839.4778190000,101350.8887865690,101350.8887865690,1,DORA-USDT
2022-04-05 15:00:00,1649142000000,6.3920000000,6.4490000000,6.3720000000,6.4320000000,19637.9028420000,126041.8700030560,126041.8700030560,1,DORA-USDT
2022-04-05 16:00:00,1649145600000,6.4340000000,6.4360000000,6.3640000000,6.3910000000,21086.9388920000,134929.5086529850,134929.5086529850,1,DORA-USDT
2022-04-05 17:00:00,1649149200000,6.3910000000,6.4180000000,6.3650000000,6.3750000000,16673.8758020000,106509.3482730410,106509.3482730410,1,DORA-USDT
2022-04-05 18:00:00,1649152800000,6.3740000000,6.4300000000,6.3670000000,6.3830000000,20122.9798220000,128634.3192370540,128634.3192370540,1,DORA-USDT
2022-04-05 19:00:00,1649156400000,6.3830000000,6.4300000000,6.3700000000,6.4160000000,12377.3519210000,79180.9349084270,79180.9349084270,1,DORA-USDT
2022-04-05 20:00:00,1649160000000,6.4150000000,6.4300000000,6.3550000000,6.3670000000,29244.5260500000,187043.4865016190,187043.4865016190,1,DORA-USDT
2022-04-05 21:00:00,1649163600000,6.3670000000,6.3910000000,6.2650000000,6.2790000000,27862.0042010000,175738.2200329630,175738.2200329630,1,DORA-USDT
2022-04-05 22:00:00,1649167200000,6.2800000000,6.2840000000,6.1320000000,6.1520000000,37658.6194320000,232739.0466023560,232739.0466023560,1,DORA-USDT
2022-04-05 23:00:00,1649170800000,6.1510000000,6.2080000000,6.1450000000,6.1920000000,23647.0097030000,146233.8469562130,146233.8469562130,1,DORA-USDT
2022-04-06 00:00:00,1649174400000,6.1920000000,6.3480000000,6.1530000000,6.3360000000,60703.4919320000,380476.3372559990,380476.3372559990,1,DORA-USDT
2022-04-06 01:00:00,1649178000000,6.3360000000,6.3880000000,6.3190000000,6.3540000000,24083.9378400000,153043.0191958870,153043.0191958870,1,DORA-USDT
2022-04-06 02:00:00,1649181600000,6.3540000000,6.3730000000,6.3040000000,6.3090000000,13715.6208130000,87011.2761392710,87011.2761392710,1,DORA-USDT
2022-04-06 03:00:00,1649185200000,6.3070000000,6.3970000000,6.2640000000,6.3600000000,32967.1587730000,208946.4013305940,208946.4013305940,1,DORA-USDT
2022-04-06 04:00:00,1649188800000,6.3640000000,6.3940000000,6.2840000000,6.3540000000,29571.5813300000,187652.1454583290,187652.1454583290,1,DORA-USDT
2022-04-06 05:00:00,1649192400000,6.3710000000,6.4590000000,6.3350000000,6.4590000000,22398.1616200000,143044.6928239290,143044.6928239290,1,DORA-USDT
2022-04-06 06:00:00,1649196000000,6.4590000000,6.5140000000,6.4450000000,6.4770000000,27117.9073710000,175588.6103053210,175588.6103053210,1,DORA-USDT
2022-04-06 07:00:00,1649199600000,6.4770000000,6.5390000000,6.3370000000,6.3840000000,43511.4981170000,280558.3087911890,280558.3087911890,1,DORA-USDT
2022-04-06 08:00:00,1649203200000,6.3830000000,6.3830000000,5.9510000000,6.0430000000,94776.3536980000,579086.0649976140,579086.0649976140,1,DORA-USDT
2022-04-06 09:00:00,1649206800000,6.0420000000,6.1540000000,6.0290000000,6.1180000000,24496.3266520000,149709.1430207150,149709.1430207150,1,DORA-USDT
2022-04-06 10:00:00,1649210400000,6.1120000000,6.2440000000,6.1020000000,6.1830000000,30579.6795740000,188854.5346865770,188854.5346865770,1,DORA-USDT
2022-04-06 11:00:00,1649214000000,6.1820000000,6.1930000000,6.1240000000,6.1580000000,22140.8435740000,136281.8832483250,136281.8832483250,1,DORA-USDT
2022-04-06 12:00:00,1649217600000,6.1600000000,6.2440000000,6.1000000000,6.2350000000,33282.8525290000,205316.1681105550,205316.1681105550,1,DORA-USDT
2022-04-06 13:00:00,1649221200000,6.2360000000,6.2910000000,6.2090000000,6.2660000000,15530.0545010000,97114.3472889690,97114.3472889690,1,DORA-USDT
2022-04-06 14:00:00,1649224800000,6.2660000000,6.2880000000,6.2190000000,6.2680000000,15684.5981530000,98098.4897256670,98098.4897256670,1,DORA-USDT
2022-04-06 15:00:00,1649228400000,6.2680000000,6.2880000000,6.1550000000,6.1570000000,33803.1001450000,210051.9451215590,210051.9451215590,1,DORA-USDT
2022-04-06 16:00:00,1649232000000,6.1550000000,6.1800000000,6.1150000000,6.1680000000,24314.4180280000,149719.3477005100,149719.3477005100,1,DORA-USDT
2022-04-06 17:00:00,1649235600000,6.1680000000,6.1900000000,6.1260000000,6.1780000000,25895.2835070000,159358.8657232540,159358.8657232540,1,DORA-USDT
2022-04-06 18:00:00,1649239200000,6.1780000000,6.1830000000,6.0540000000,6.0540000000,39745.6216470000,243054.5078856760,243054.5078856760,1,DORA-USDT
2022-04-06 19:00:00,1649242800000,6.0620000000,6.0650000000,5.7230000000,5.7890000000,94955.9573920000,556741.5125543160,556741.5125543160,1,DORA-USDT
2022-04-06 20:00:00,1649246400000,5.7870000000,5.8170000000,5.6840000000,5.7480000000,48512.3478210000,279135.3316788130,279135.3316788130,1,DORA-USDT
2022-04-06 21:00:00,1649250000000,5.7460000000,5.8020000000,5.6220000000,5.6430000000,45839.8514790000,262078.3277674370,262078.3277674370,1,DORA-USDT
2022-04-06 22:00:00,1649253600000,5.6370000000,5.6430000000,5.4540000000,5.5930000000,65702.4250580000,365273.8678353430,365273.8678353430,1,DORA-USDT
2022-04-06 23:00:00,1649257200000,5.5880000000,5.5960000000,5.4890000000,5.5600000000,41846.8562380000,231979.0750263890,231979.0750263890,1,DORA-USDT
2022-04-07 00:00:00,1649260800000,5.5610000000,5.5780000000,5.2550000000,5.3210000000,74604.8238090000,402713.2830470710,402713.2830470710,1,DORA-USDT
2022-04-07 01:00:00,1649264400000,5.3110000000,5.3790000000,5.2310000000,5.3640000000,44519.7290090000,235923.4529327330,235923.4529327330,1,DORA-USDT
2022-04-07 02:00:00,1649268000000,5.3640000000,5.4670000000,5.3330000000,5.4600000000,44632.6348650000,240982.7852729190,240982.7852729190,1,DORA-USDT
2022-04-07 03:00:00,1649271600000,5.4620000000,5.4840000000,5.4150000000,5.4610000000,33406.2989290000,181996.4398701610,181996.4398701610,1,DORA-USDT
2022-04-07 04:00:00,1649275200000,5.4640000000,5.5040000000,5.4230000000,5.4860000000,24800.8409320000,135658.2187778320,135658.2187778320,1,DORA-USDT
2022-04-07 05:00:00,1649278800000,5.4830000000,5.5010000000,5.4560000000,5.4640000000,16412.3730940000,89917.0043487450,89917.0043487450,1,DORA-USDT
2022-04-07 06:00:00,1649282400000,5.4690000000,5.4810000000,5.3680000000,5.3710000000,24726.7426150000,134128.7576568540,134128.7576568540,1,DORA-USDT
2022-04-07 07:00:00,1649286000000,5.3690000000,5.4250000000,5.2950000000,5.3300000000,36607.1174700000,196393.6666778700,196393.6666778700,1,DORA-USDT
2022-04-07 08:00:00,1649289600000,5.3080000000,5.4100000000,5.2100000000,5.2370000000,49026.1884450000,260544.2314446130,260544.2314446130,1,DORA-USDT
2022-04-07 09:00:00,1649293200000,5.2340000000,5.3590000000,5.2320000000,5.3550000000,33937.3048660000,179502.6105627040,179502.6105627040,1,DORA-USDT
2022-04-07 10:00:00,1649296800000,5.3540000000,5.3660000000,5.2830000000,5.3420000000,28387.4452150000,151063.5264881890,151063.5264881890,1,DORA-USDT
2022-04-07 11:00:00,1649300400000,5.3420000000,5.3730000000,5.2800000000,5.3130000000,27681.1295900000,147148.7920477720,147148.7920477720,1,DORA-USDT
2022-04-07 12:00:00,1649304000000,5.3130000000,5.4040000000,5.2980000000,5.3920000000,26878.3087810000,143719.3376997580,143719.3376997580,1,DORA-USDT
2022-04-07 13:00:00,1649307600000,5.3880000000,5.3970000000,5.2930000000,5.3520000000,34681.0455550000,185128.3804545280,185128.3804545280,1,DORA-USDT
2022-04-07 14:00:00,1649311200000,5.3530000000,5.4090000000,5.3230000000,5.3800000000,20657.8519430000,110942.1474925770,110942.1474925770,1,DORA-USDT
2022-04-07 15:00:00,1649314800000,5.3810000000,5.4410000000,5.3590000000,5.4000000000,13634.6849320000,73638.6521086220,73638.6521086220,1,DORA-USDT
2022-04-07 16:00:00,1649318400000,5.4040000000,5.4380000000,5.3910000000,5.4230000000,14030.4893040000,75966.7315151320,75966.7315151320,1,DORA-USDT
2022-04-07 17:00:00,1649322000000,5.4230000000,5.4230000000,5.3630000000,5.4070000000,19105.2230810000,103041.8523022420,103041.8523022420,1,DORA-USDT
2022-04-07 18:00:00,1649325600000,5.4060000000,5.4080000000,5.3610000000,5.4000000000,13960.7976590000,75147.0105300530,75147.0105300530,1,DORA-USDT
2022-04-07 19:00:00,1649329200000,5.3990000000,5.4360000000,5.3530000000,5.4110000000,29741.6087690000,160286.6370838810,160286.6370838810,1,DORA-USDT
2022-04-07 20:00:00,1649332800000,5.4100000000,5.4660000000,5.3900000000,5.3960000000,21020.6658630000,113991.0708125260,113991.0708125260,1,DORA-USDT
2022-04-07 21:00:00,1649336400000,5.3960000000,5.4100000000,5.3390000000,5.3880000000,33668.9164420000,181001.8861260220,181001.8861260220,1,DORA-USDT
2022-04-07 22:00:00,1649340000000,5.3890000000,5.3980000000,5.3000000000,5.3590000000,33039.7960930000,176827.8014220520,176827.8014220520,1,DORA-USDT
2022-04-07 23:00:00,1649343600000,5.3590000000,5.3790000000,5.1750000000,5.3170000000,38946.8527200000,206727.5541411420,206727.5541411420,1,DORA-USDT
2022-04-08 00:00:00,1649347200000,5.3040000000,5.3470000000,5.2750000000,5.3420000000,39037.3683020000,207583.7170066510,207583.7170066510,1,DORA-USDT
2022-04-08 01:00:00,1649350800000,5.3420000000,5.3830000000,5.3320000000,5.3570000000,23533.9909520000,126085.9039434050,126085.9039434050,1,DORA-USDT
2022-04-08 02:00:00,1649354400000,5.3590000000,5.4090000000,5.3480000000,5.3910000000,26322.9014810000,141630.5328568320,141630.5328568320,1,DORA-USDT
2022-04-08 03:00:00,1649358000000,5.3930000000,5.4030000000,5.3050000000,5.3070000000,21567.2385640000,115487.0450529660,115487.0450529660,1,DORA-USDT
2022-04-08 04:00:00,1649361600000,5.3070000000,5.3510000000,5.2980000000,5.3270000000,17452.2571770000,92909.3984134290,92909.3984134290,1,DORA-USDT
2022-04-08 05:00:00,1649365200000,5.3340000000,5.3370000000,5.2420000000,5.2870000000,23041.3265130000,121882.0156627040,121882.0156627040,1,DORA-USDT
2022-04-08 06:00:00,1649368800000,5.2880000000,5.3490000000,5.2840000000,5.3410000000,13371.6091280000,71084.0521455980,71084.0521455980,1,DORA-USDT
2022-04-08 07:00:00,1649372400000,5.3420000000,5.3980000000,5.3340000000,5.3570000000,17896.8217860000,96036.4509570400,96036.4509570400,1,DORA-USDT
2022-04-08 08:00:00,1649376000000,5.3570000000,5.4490000000,5.3320000000,5.3800000000,28598.6451020000,154308.2503427510,154308.2503427510,1,DORA-USDT
2022-04-08 09:00:00,1649379600000,5.3740000000,5.5260000000,5.3730000000,5.5120000000,33528.0902150000,182984.3574923080,182984.3574923080,1,DORA-USDT
2022-04-08 10:00:00,1649383200000,5.5120000000,5.5460000000,5.4600000000,5.5040000000,29889.7474370000,164480.6293535200,164480.6293535200,1,DORA-USDT
2022-04-08 11:00:00,1649386800000,5.5040000000,5.5360000000,5.4650000000,5.5130000000,17123.1957110000,94270.7687855470,94270.7687855470,1,DORA-USDT
2022-04-08 12:00:00,1649390400000,5.5120000000,5.5120000000,5.4320000000,5.5040000000,23133.3785180000,126755.9741611380,126755.9741611380,1,DORA-USDT
2022-04-08 13:00:00,1649394000000,5.5030000000,5.5060000000,5.4650000000,5.4670000000,14622.8191660000,80248.1251205620,80248.1251205620,1,DORA-USDT
2022-04-08 14:00:00,1649397600000,5.4720000000,5.4910000000,5.4190000000,5.4520000000,24330.2155170000,132779.8831507030,132779.8831507030,1,DORA-USDT
2022-04-08 15:00:00,1649401200000,5.4520000000,5.5210000000,5.4420000000,5.5120000000,22791.5109100000,124658.1218447470,124658.1218447470,1,DORA-USDT
2022-04-08 16:00:00,1649404800000,5.5040000000,5.5110000000,5.4500000000,5.4500000000,19654.3606260000,107759.7979271050,107759.7979271050,1,DORA-USDT
2022-04-08 17:00:00,1649408400000,5.4500000000,5.4820000000,5.4280000000,5.4400000000,13667.5768150000,74553.8807298780,74553.8807298780,1,DORA-USDT
2022-04-08 18:00:00,1649412000000,5.4390000000,5.4400000000,5.3580000000,5.3680000000,15982.7018850000,86201.9601666950,86201.9601666950,1,DORA-USDT
2022-04-08 19:00:00,1649415600000,5.3690000000,5.3700000000,5.2470000000,5.2610000000,31972.0635330000,169350.0201198020,169350.0201198020,1,DORA-USDT
2022-04-08 20:00:00,1649419200000,5.2640000000,5.2780000000,5.1600000000,5.1790000000,32429.1041490000,169581.5764246500,169581.5764246500,1,DORA-USDT
2022-04-08 21:00:00,1649422800000,5.1730000000,5.1870000000,5.0860000000,5.1210000000,44087.7974530000,226588.0491852610,226588.0491852610,1,DORA-USDT
2022-04-08 22:00:00,1649426400000,5.1160000000,5.2830000000,5.1140000000,5.2580000000,42289.2506570000,220451.5913031220,220451.5913031220,1,DORA-USDT
2022-04-08 23:00:00,1649430000000,5.2580000000,5.3100000000,5.2560000000,5.2980000000,24686.5611750000,130380.3884403540,130380.3884403540,1,DORA-USDT
2022-04-09 00:00:00,1649433600000,5.2970000000,5.3940000000,5.2420000000,5.2560000000,52766.2870210000,280640.7808739340,280640.7808739340,1,DORA-USDT
2022-04-09 01:00:00,1649437200000,5.2570000000,5.2670000000,5.1050000000,5.1650000000,31940.2078270000,165656.4464879560,165656.4464879560,1,DORA-USDT
2022-04-09 02:00:00,1649440800000,5.1610000000,5.1700000000,5.0540000000,5.1150000000,43758.5722390000,223074.2778320230,223074.2778320230,1,DORA-USDT
2022-04-09 03:00:00,1649444400000,5.1160000000,5.1480000000,5.0730000000,5.0880000000,19999.5847080000,102240.3880770130,102240.3880770130,1,DORA-USDT
2022-04-09 04:00:00,1649448000000,5.0840000000,5.1200000000,5.0590000000,5.1190000000,26323.0024930000,134168.8554317590,134168.8554317590,1,DORA-USDT
2022-04-09 05:00:00,1649451600000,5.1200000000,5.1280000000,5.0570000000,5.0610000000,17233.5204680000,87782.8257040690,87782.8257040690,1,DORA-USDT
2022-04-09 06:00:00,1649455200000,5.0610000000,5.0710000000,4.9010000000,4.9080000000,53772.8707440000,266701.1298152590,266701.1298152590,1,DORA-USDT
2022-04-09 07:00:00,1649458800000,4.9080000000,4.9530000000,4.8410000000,4.9490000000,46796.6275870000,229482.0468763280,229482.0468763280,1,DORA-USDT
2022-04-09 08:00:00,1649462400000,4.9470000000,5.0240000000,4.9210000000,5.0070000000,36678.8160330000,182322.3441482400,182322.3441482400,1,DORA-USDT
2022-04-09 09:00:00,1649466000000,5.0040000000,5.0300000000,4.9650000000,4.9960000000,23399.7032010000,116830.3970368760,116830.3970368760,1,DORA-USDT
2022-04-09 10:00:00,1649469600000,4.9960000000,5.0070000000,4.9070000000,4.9150000000,28468.7282330000,141126.5049154090,141126.5049154090,1,DORA-USDT
2022-04-09 11:00:00,1649473200000,4.9120000000,4.9860000000,4.9010000000,4.9670000000,35075.0508270000,173420.8701014630,173420.8701014630,1,DORA-USDT
2022-04-09 12:00:00,1649476800000,4.9630000000,5.0320000000,4.9590000000,4.9710000000,22804.6002900000,113965.9228011880,113965.9228011880,1,DORA-USDT
2022-04-09 13:00:00,1649480400000,4.9760000000,5.1180000000,4.9740000000,5.0710000000,30293.1797080000,152623.4006815250,152623.4006815250,1,DORA-USDT
2022-04-09 14:00:00,1649484000000,5.0680000000,5.1000000000,5.0390000000,5.0760000000,30429.7423600000,154234.1378081270,154234.1378081270,1,DORA-USDT
2022-04-09 15:00:00,1649487600000,5.0760000000,5.1610000000,5.0030000000,5.1210000000,40340.9472190000,204477.9709015820,204477.9709015820,1,DORA-USDT
2022-04-09 16:00:00,1649491200000,5.1320000000,5.1610000000,5.0860000000,5.1240000000,22879.3438170000,117033.2362494530,117033.2362494530,1,DORA-USDT
2022-04-09 17:00:00,1649494800000,5.1240000000,5.1300000000,5.0730000000,5.0900000000,12472.9454650000,63569.7479353630,63569.7479353630,1,DORA-USDT
2022-04-09 18:00:00,1649498400000,5.0900000000,5.0910000000,4.9700000000,5.0210000000,25123.0129550000,126339.7467083120,126339.7467083120,1,DORA-USDT
2022-04-09 19:00:00,1649502000000,5.0210000000,5.1040000000,5.0180000000,5.0550000000,30045.2418880000,152156.1583471160,152156.1583471160,1,DORA-USDT
2022-04-09 20:00:00,1649505600000,5.0550000000,5.0880000000,5.0310000000,5.0840000000,20362.8466890000,103162.7171979170,103162.7171979170,1,DORA-USDT
2022-04-09 21:00:00,1649509200000,5.0830000000,5.0900000000,5.0550000000,5.0730000000,13262.4557490000,67259.1208332770,67259.1208332770,1,DORA-USDT
2022-04-09 22:00:00,1649512800000,5.0730000000,5.1310000000,5.0240000000,5.0520000000,23536.6436260000,119100.1080475710,119100.1080475710,1,DORA-USDT
2022-04-09 23:00:00,1649516400000,5.0480000000,5.0570000000,4.9610000000,4.9700000000,22993.7343680000,114948.5653264010,114948.5653264010,1,DORA-USDT
2022-04-10 00:00:00,1649520000000,4.9720000000,5.1400000000,4.9720000000,5.0660000000,58719.1403780000,298405.6785158380,298405.6785158380,1,DORA-USDT
2022-04-10 01:00:00,1649523600000,5.0650000000,5.0670000000,4.9770000000,5.0530000000,33453.3762170000,168230.5934005430,168230.5934005430,1,DORA-USDT
2022-04-10 02:00:00,1649527200000,5.0550000000,5.0670000000,4.9990000000,5.0090000000,14581.3096450000,73283.3825125390,73283.3825125390,1,DORA-USDT
2022-04-10 03:00:00,1649530800000,5.0080000000,5.0250000000,4.9970000000,5.0090000000,9904.0284040000,49627.7493911590,49627.7493911590,1,DORA-USDT
2022-04-10 04:00:00,1649534400000,5.0070000000,5.0450000000,4.9860000000,4.9860000000,11620.6980580000,58338.6613731280,58338.6613731280,1,DORA-USDT
2022-04-10 05:00:00,1649538000000,4.9870000000,5.0180000000,4.9870000000,4.9960000000,10667.1054130000,53371.5739414530,53371.5739414530,1,DORA-USDT
2022-04-10 06:00:00,1649541600000,5.0000000000,5.0250000000,4.9970000000,5.0170000000,9288.0010110000,46536.2068896330,46536.2068896330,1,DORA-USDT
2022-04-10 07:00:00,1649545200000,5.0180000000,5.1000000000,5.0130000000,5.0830000000,18826.8726870000,95260.9964881370,95260.9964881370,1,DORA-USDT
2022-04-10 08:00:00,1649548800000,5.0880000000,5.0980000000,5.0340000000,5.0570000000,23621.8785220000,119594.2472827110,119594.2472827110,1,DORA-USDT
2022-04-10 09:00:00,1649552400000,5.0550000000,5.0980000000,5.0510000000,5.0720000000,15035.0505170000,76253.5259158520,76253.5259158520,1,DORA-USDT
2022-04-10 10:00:00,1649556000000,5.0730000000,5.0910000000,5.0670000000,5.0880000000,11107.3030850000,56411.4250101760,56411.4250101760,1,DORA-USDT
2022-04-10 11:00:00,1649559600000,5.0880000000,5.1000000000,5.0720000000,5.0850000000,12768.1916220000,64929.5142442300,64929.5142442300,1,DORA-USDT
2022-04-10 12:00:00,1649563200000,5.0860000000,5.0860000000,5.0060000000,5.0310000000,17248.2794530000,87066.4806052800,87066.4806052800,1,DORA-USDT
2022-04-10 13:00:00,1649566800000,5.0320000000,5.0510000000,4.9960000000,5.0030000000,17759.6963640000,89280.1235471800,89280.1235471800,1,DORA-USDT
2022-04-10 14:00:00,1649570400000,5.0030000000,5.0390000000,4.9960000000,5.0200000000,12254.2114620000,61482.0836266820,61482.0836266820,1,DORA-USDT
2022-04-10 15:00:00,1649574000000,5.0260000000,5.0300000000,4.9750000000,5.0100000000,21084.7045260000,105436.0534841500,105436.0534841500,1,DORA-USDT
2022-04-10 16:00:00,1649577600000,5.0110000000,5.0110000000,4.9660000000,4.9940000000,13582.3466270000,67744.1889773700,67744.1889773700,1,DORA-USDT
2022-04-10 17:00:00,1649581200000,4.9900000000,4.9930000000,4.9400000000,4.9660000000,22507.7514230000,111749.5993181650,111749.5993181650,1,DORA-USDT
2022-04-10 18:00:00,1649584800000,4.9660000000,4.9890000000,4.9340000000,4.9830000000,17154.4651980000,85029.6236078950,85029.6236078950,1,DORA-USDT
2022-04-10 19:00:00,1649588400000,4.9840000000,4.9890000000,4.9530000000,4.9830000000,14205.4157230000,70656.4940774450,70656.4940774450,1,DORA-USDT
2022-04-10 20:00:00,1649592000000,4.9820000000,5.0190000000,4.9550000000,4.9750000000,24607.1908440000,122676.4746840960,122676.4746840960,1,DORA-USDT
2022-04-10 21:00:00,1649595600000,4.9740000000,4.9900000000,4.9650000000,4.9820000000,15058.9267200000,74920.6736162340,74920.6736162340,1,DORA-USDT
2022-04-10 22:00:00,1649599200000,4.9820000000,5.0860000000,4.9710000000,5.0600000000,18513.3549510000,93183.0189297130,93183.0189297130,1,DORA-USDT
2022-04-10 23:00:00,1649602800000,5.0620000000,5.0830000000,5.0440000000,5.0820000000,13490.1281080000,68289.1556782540,68289.1556782540,1,DORA-USDT
2022-04-11 00:00:00,1649606400000,5.0850000000,5.0870000000,5.0420000000,5.0810000000,19635.4346630000,99468.1126779660,99468.1126779660,1,DORA-USDT
2022-04-11 01:00:00,1649610000000,5.0840000000,5.1390000000,5.0800000000,5.1110000000,21136.2501160000,107933.1027418410,107933.1027418410,1,DORA-USDT
2022-04-11 02:00:00,1649613600000,5.1090000000,5.2160000000,5.1060000000,5.1200000000,36406.6727990000,187913.7901829490,187913.7901829490,1,DORA-USDT
2022-04-11 03:00:00,1649617200000,5.1200000000,5.1370000000,5.1080000000,5.1320000000,9823.5203710000,50361.3908789180,50361.3908789180,1,DORA-USDT
2022-04-11 04:00:00,1649620800000,5.1280000000,5.1820000000,5.1240000000,5.1290000000,21509.9849750000,110936.0190271690,110936.0190271690,1,DORA-USDT
2022-04-11 05:00:00,1649624400000,5.1290000000,5.1470000000,5.0490000000,5.0490000000,18536.3173390000,94493.6530935550,94493.6530935550,1,DORA-USDT
2022-04-11 06:00:00,1649628000000,5.0470000000,5.0580000000,4.9770000000,4.9990000000,27756.0442230000,139004.2577825650,139004.2577825650,1,DORA-USDT
2022-04-11 07:00:00,1649631600000,5.0000000000,5.0360000000,4.9680000000,4.9840000000,18235.3148860000,91305.1005609110,91305.1005609110,1,DORA-USDT
2022-04-11 08:00:00,1649635200000,4.9840000000,4.9950000000,4.8940000000,4.9880000000,38871.6240740000,192294.7227936220,192294.7227936220,1,DORA-USDT
2022-04-11 09:00:00,1649638800000,4.9880000000,5.0320000000,4.9810000000,4.9840000000,17037.6956310000,85309.9254559550,85309.9254559550,1,DORA-USDT
2022-04-11 10:00:00,1649642400000,4.9830000000,5.0120000000,4.9280000000,4.9640000000,32524.7361490000,161745.1449570780,161745.1449570780,1,DORA-USDT
2022-04-11 11:00:00,1649646000000,4.9600000000,5.0170000000,4.9440000000,5.0170000000,15475.4618580000,77039.8872860000,77039.8872860000,1,DORA-USDT
2022-04-11 12:00:00,1649649600000,5.0160000000,5.0780000000,5.0020000000,5.0670000000,16804.5703460000,84757.3546922390,84757.3546922390,1,DORA-USDT
2022-04-11 13:00:00,1649653200000,5.0670000000,5.0790000000,5.0320000000,5.0710000000,14906.9673890000,75396.5547982460,75396.5547982460,1,DORA-USDT
2022-04-11 14:00:00,1649656800000,5.0680000000,5.0710000000,5.0170000000,5.0320000000,13556.2203900000,68305.7313119080,68305.7313119080,1,DORA-USDT
2022-04-11 15:00:00,1649660400000,5.0390000000,5.0740000000,5.0190000000,5.0710000000,14359.7870120000,72475.1161035660,72475.1161035660,1,DORA-USDT
2022-04-11 16:00:00,1649664000000,5.0700000000,5.0860000000,5.0230000000,5.0720000000,2100.2922060000,10635.4056929270,10635.4056929270,1,DORA-USDT
2022-04-11 17:00:00,1649667600000,5.0600000000,5.0620000000,4.7140000000,4.7170000000,53645.1778510000,261711.5745154130,261711.5745154130,1,DORA-USDT
2022-04-11 18:00:00,1649671200000,4.7180000000,4.7790000000,4.6640000000,4.7440000000,71513.7416760000,339018.0148350280,339018.0148350280,1,DORA-USDT
2022-04-11 19:00:00,1649674800000,4.7430000000,4.7440000000,4.6480000000,4.6870000000,48976.1458420000,229940.7262676390,229940.7262676390,1,DORA-USDT
2022-04-11 20:00:00,1649678400000,4.6870000000,4.7350000000,4.6570000000,4.7000000000,29481.1306070000,138617.9377703260,138617.9377703260,1,DORA-USDT
2022-04-11 21:00:00,1649682000000,4.6990000000,4.7380000000,4.6610000000,4.7240000000,32011.4547880000,150297.4930562830,150297.4930562830,1,DORA-USDT
2022-04-11 22:00:00,1649685600000,4.7230000000,4.7880000000,4.7090000000,4.7670000000,27443.0812800000,130037.8038673620,130037.8038673620,1,DORA-USDT
2022-04-11 23:00:00,1649689200000,4.7660000000,4.8090000000,4.7360000000,4.7530000000,26876.8946460000,128413.0775922470,128413.0775922470,1,DORA-USDT
2022-04-12 00:00:00,1649692800000,4.7510000000,4.9380000000,4.7300000000,4.9000000000,63216.6424350000,305243.2236848960,305243.2236848960,1,DORA-USDT
2022-04-12 01:00:00,1649696400000,4.9020000000,5.1890000000,4.8560000000,5.0740000000,101557.2625770000,511531.3776357680,511531.3776357680,1,DORA-USDT
2022-04-12 02:00:00,1649700000000,5.0750000000,5.1460000000,5.0120000000,5.1430000000,51772.1651110000,263504.5353206720,263504.5353206720,1,DORA-USDT
2022-04-12 03:00:00,1649703600000,5.1460000000,5.1750000000,5.0150000000,5.1010000000,51274.5733940000,261060.3482756550,261060.3482756550,1,DORA-USDT
2022-04-12 04:00:00,1649707200000,5.1020000000,5.2000000000,5.0600000000,5.1380000000,58884.4153190000,302467.6176768810,302467.6176768810,1,DORA-USDT
2022-04-12 05:00:00,1649710800000,5.1320000000,5.1790000000,5.0870000000,5.1240000000,37684.1235230000,193319.1361768300,193319.1361768300,1,DORA-USDT
2022-04-12 06:00:00,1649714400000,5.1240000000,5.1870000000,5.0790000000,5.1330000000,47985.7486680000,246355.7043084440,246355.7043084440,1,DORA-USDT
2022-04-12 07:00:00,1649718000000,5.1320000000,5.1990000000,5.0170000000,5.1120000000,43241.9371250000,220087.0625609560,220087.0625609560,1,DORA-USDT
2022-04-12 08:00:00,1649721600000,5.1200000000,5.2000000000,5.0600000000,5.1910000000,72258.8632940000,372073.2326420150,372073.2326420150,1,DORA-USDT
2022-04-12 09:00:00,1649725200000,5.1910000000,5.3700000000,5.1630000000,5.3280000000,83384.7918940000,440162.5070064730,440162.5070064730,1,DORA-USDT
2022-04-12 10:00:00,1649728800000,5.3280000000,5.3580000000,5.1150000000,5.2210000000,66021.4255420000,344698.2622541140,344698.2622541140,1,DORA-USDT
2022-04-12 11:00:00,1649732400000,5.2190000000,5.2920000000,5.1810000000,5.2740000000,51976.6671610000,271681.4692387070,271681.4692387070,1,DORA-USDT
2022-04-12 12:00:00,1649736000000,5.2720000000,5.2890000000,5.1790000000,5.2280000000,45787.9632860000,239791.6593267370,239791.6593267370,1,DORA-USDT
2022-04-12 13:00:00,1649739600000,5.2280000000,5.6010000000,5.2080000000,5.4580000000,115972.2945720000,629779.4612749900,629779.4612749900,1,DORA-USDT
2022-04-12 14:00:00,1649743200000,5.4600000000,5.5160000000,5.3630000000,5.4040000000,40919.3825300000,221414.0506360210,221414.0506360210,1,DORA-USDT
2022-04-12 15:00:00,1649746800000,5.4030000000,5.4540000000,5.3940000000,5.4180000000,33078.4146070000,179407.3884617990,179407.3884617990,1,DORA-USDT
2022-04-12 16:00:00,1649750400000,5.4150000000,5.4490000000,5.3770000000,5.4220000000,25861.0053620000,139884.0572388150,139884.0572388150,1,DORA-USDT
2022-04-12 17:00:00,1649754000000,5.4230000000,5.4560000000,5.4050000000,5.4540000000,18529.9633850000,100760.2245590070,100760.2245590070,1,DORA-USDT
2022-04-12 18:00:00,1649757600000,5.4510000000,5.4570000000,5.3880000000,5.4200000000,29111.4904770000,157708.5935846270,157708.5935846270,1,DORA-USDT
2022-04-12 19:00:00,1649761200000,5.4180000000,5.4570000000,5.3760000000,5.4350000000,31624.9095260000,171423.8222060690,171423.8222060690,1,DORA-USDT
2022-04-12 20:00:00,1649764800000,5.4350000000,5.5000000000,5.3020000000,5.3220000000,75944.9114940000,408982.5576075800,408982.5576075800,1,DORA-USDT
2022-04-12 21:00:00,1649768400000,5.3180000000,5.3570000000,5.2400000000,5.2820000000,70038.0759970000,371105.9626536150,371105.9626536150,1,DORA-USDT
2022-04-12 22:00:00,1649772000000,5.2830000000,5.2890000000,5.1950000000,5.2630000000,38745.0710410000,203056.1739711490,203056.1739711490,1,DORA-USDT
2022-04-12 23:00:00,1649775600000,5.2630000000,5.3410000000,5.2570000000,5.3020000000,38674.5561590000,205032.2769462220,205032.2769462220,1,DORA-USDT
2022-04-13 00:00:00,1649779200000,5.3060000000,5.4060000000,5.2740000000,5.3130000000,42142.7800450000,225054.6176446120,225054.6176446120,1,DORA-USDT
2022-04-13 01:00:00,1649782800000,5.3170000000,5.3750000000,5.3030000000,5.3150000000,31382.5538760000,167270.6645072220,167270.6645072220,1,DORA-USDT
2022-04-13 02:00:00,1649786400000,5.3170000000,5.3580000000,5.2380000000,5.2380000000,38543.5503020000,204515.3397345750,204515.3397345750,1,DORA-USDT
2022-04-13 03:00:00,1649790000000,5.2380000000,5.4230000000,5.2180000000,5.3220000000,59683.1404620000,317606.4464342130,317606.4464342130,1,DORA-USDT
2022-04-13 04:00:00,1649793600000,5.3210000000,5.5660000000,5.3140000000,5.5460000000,78992.7820770000,432122.2220094910,432122.2220094910,1,DORA-USDT
2022-04-13 05:00:00,1649797200000,5.5460000000,5.6200000000,5.5460000000,5.5910000000,29879.3799830000,166711.0517207940,166711.0517207940,1,DORA-USDT
2022-04-13 06:00:00,1649800800000,5.5910000000,5.5960000000,5.4920000000,5.5900000000,44958.4691420000,249250.6318826060,249250.6318826060,1,DORA-USDT
2022-04-13 07:00:00,1649804400000,5.5880000000,5.7650000000,5.5490000000,5.5570000000,59629.3344400000,337933.8422673850,337933.8422673850,1,DORA-USDT
2022-04-13 08:00:00,1649808000000,5.5610000000,5.6050000000,5.4930000000,5.5350000000,59497.1658280000,330377.8656998390,330377.8656998390,1,DORA-USDT
2022-04-13 09:00:00,1649811600000,5.5350000000,5.5600000000,5.4950000000,5.5250000000,31252.2209570000,172795.3685474690,172795.3685474690,1,DORA-USDT
2022-04-13 10:00:00,1649815200000,5.5260000000,5.5830000000,5.4710000000,5.4850000000,35052.8449170000,193491.4259254260,193491.4259254260,1,DORA-USDT
2022-04-13 11:00:00,1649818800000,5.4860000000,5.5430000000,5.4800000000,5.4980000000,21851.2865850000,120404.5626991670,120404.5626991670,1,DORA-USDT
2022-04-13 12:00:00,1649822400000,5.4980000000,5.5420000000,5.4840000000,5.5330000000,21334.7333120000,117717.0938137050,117717.0938137050,1,DORA-USDT
2022-04-13 13:00:00,1649826000000,5.5320000000,5.5380000000,5.5040000000,5.5320000000,12332.6473300000,68170.3391107520,68170.3391107520,1,DORA-USDT
2022-04-13 14:00:00,1649829600000,5.5320000000,5.5400000000,5.4910000000,5.5340000000,17220.6485540000,95074.5621528340,95074.5621528340,1,DORA-USDT
2022-04-13 15:00:00,1649833200000,5.5280000000,5.6200000000,5.4820000000,5.5780000000,28546.9964080000,157725.0124443390,157725.0124443390,1,DORA-USDT
2022-04-13 16:00:00,1649836800000,5.5820000000,5.5980000000,5.4820000000,5.5000000000,34304.1179320000,188979.0556145260,188979.0556145260,1,DORA-USDT
2022-04-13 17:00:00,1649840400000,5.5010000000,5.5070000000,5.4840000000,5.5050000000,7487.3483690000,41158.8835479060,41158.8835479060,1,DORA-USDT
2022-04-13 18:00:00,1649844000000,5.5040000000,5.5080000000,5.3690000000,5.4490000000,50411.0324600000,273991.7636935090,273991.7636935090,1,DORA-USDT
2022-04-13 19:00:00,1649847600000,5.4460000000,5.5060000000,5.4020000000,5.4130000000,31277.7928230000,170564.0592502170,170564.0592502170,1,DORA-USDT
2022-04-13 20:00:00,1649851200000,5.4110000000,5.4570000000,5.3800000000,5.3960000000,38362.2803380000,207948.1475059640,207948.1475059640,1,DORA-USDT
2022-04-13 21:00:00,1649854800000,5.3940000000,5.5410000000,5.3850000000,5.5200000000,36268.4111390000,198181.8433273520,198181.8433273520,1,DORA-USDT
2022-04-13 22:00:00,1649858400000,5.5200000000,5.5410000000,5.4250000000,5.4390000000,37983.0439000000,208042.8369502120,208042.8369502120,1,DORA-USDT
2022-04-13 23:00:00,1649862000000,5.4400000000,5.5570000000,5.4370000000,5.5070000000,30857.1082840000,169922.3005572810,169922.3005572810,1,DORA-USDT
2022-04-14 00:00:00,1649865600000,5.5090000000,5.5190000000,5.4700000000,5.4990000000,21493.6116730000,118140.3517643940,118140.3517643940,1,DORA-USDT
2022-04-14 01:00:00,1649869200000,5.4990000000,5.5000000000,5.4320000000,5.4600000000,20283.6970770000,110887.3043664860,110887.3043664860,1,DORA-USDT
2022-04-14 02:00:00,1649872800000,5.4600000000,5.5010000000,5.4480000000,5.4900000000,13081.8122220000,71716.6883870230,71716.6883870230,1,DORA-USDT
2022-04-14 03:00:00,1649876400000,5.4890000000,5.5020000000,5.4460000000,5.4500000000,16128.7915440000,88182.1169914190,88182.1169914190,1,DORA-USDT
2022-04-14 04:00:00,1649880000000,5.4490000000,5.4600000000,5.4270000000,5.4500000000,13003.6152060000,70786.0485145750,70786.0485145750,1,DORA-USDT
2022-04-14 05:00:00,1649883600000,5.4530000000,5.4550000000,5.4220000000,5.4370000000,11188.9814790000,60852.2071038700,60852.2071038700,1,DORA-USDT
2022-04-14 06:00:00,1649887200000,5.4390000000,5.4950000000,5.4290000000,5.4720000000,17872.5929620000,97666.3201351020,97666.3201351020,1,DORA-USDT
2022-04-14 07:00:00,1649890800000,5.4760000000,5.4980000000,5.4590000000,5.4860000000,12244.7395190000,67095.3838264860,67095.3838264860,1,DORA-USDT
2022-04-14 08:00:00,1649894400000,5.4870000000,5.5200000000,5.4650000000,5.5000000000,15631.6314860000,85956.1051739150,85956.1051739150,1,DORA-USDT
2022-04-14 09:00:00,1649898000000,5.4990000000,5.5660000000,5.4900000000,5.5650000000,16201.3292220000,89635.9991459900,89635.9991459900,1,DORA-USDT
2022-04-14 10:00:00,1649901600000,5.5650000000,5.5650000000,5.4990000000,5.5190000000,10425.7444830000,57638.8487489130,57638.8487489130,1,DORA-USDT
2022-04-14 11:00:00,1649905200000,5.5190000000,5.5230000000,5.4640000000,5.4720000000,11902.6469920000,65375.9061914650,65375.9061914650,1,DORA-USDT
2022-04-14 12:00:00,1649908800000,5.4740000000,5.5070000000,5.4550000000,5.4630000000,9338.6899170000,51121.0016092620,51121.0016092620,1,DORA-USDT
2022-04-14 13:00:00,1649912400000,5.4620000000,5.5850000000,5.4430000000,5.5500000000,28660.5846160000,157826.2320923910,157826.2320923910,1,DORA-USDT
2022-04-14 14:00:00,1649916000000,5.5550000000,5.5800000000,5.4650000000,5.4820000000,25478.0214760000,140535.7717621450,140535.7717621450,1,DORA-USDT
2022-04-14 15:00:00,1649919600000,5.4810000000,5.5160000000,5.4290000000,5.5040000000,26366.5816840000,144291.4102442120,144291.4102442120,1,DORA-USDT
2022-04-14 16:00:00,1649923200000,5.5040000000,5.5260000000,5.4800000000,5.4930000000,10372.4109900000,57133.7067462790,57133.7067462790,1,DORA-USDT
2022-04-14 17:00:00,1649926800000,5.4930000000,5.5530000000,5.4140000000,5.4950000000,13851.5825990000,76098.0783208160,76098.0783208160,1,DORA-USDT
2022-04-14 18:00:00,1649930400000,5.4940000000,5.5200000000,5.4490000000,5.4850000000,24838.3248220000,136094.1589785910,136094.1589785910,1,DORA-USDT
2022-04-14 19:00:00,1649934000000,5.4840000000,5.5540000000,5.4720000000,5.4860000000,11944.3116280000,65587.4575259840,65587.4575259840,1,DORA-USDT
2022-04-14 20:00:00,1649937600000,5.4850000000,5.5270000000,5.4850000000,5.5220000000,10007.5469170000,55143.5878277490,55143.5878277490,1,DORA-USDT
2022-04-14 21:00:00,1649941200000,5.5220000000,5.5530000000,5.4100000000,5.4210000000,34622.3340610000,189711.9104390970,189711.9104390970,1,DORA-USDT
2022-04-14 22:00:00,1649944800000,5.4160000000,5.4960000000,5.4100000000,5.4940000000,23079.3943630000,125917.9033155310,125917.9033155310,1,DORA-USDT
2022-04-14 23:00:00,1649948400000,5.4940000000,5.4980000000,5.3980000000,5.4060000000,25172.0235700000,136855.8957605370,136855.8957605370,1,DORA-USDT
2022-04-15 00:00:00,1649952000000,5.4060000000,5.4500000000,5.2860000000,5.3290000000,44759.5354680000,239752.8790431350,239752.8790431350,1,DORA-USDT
2022-04-15 01:00:00,1649955600000,5.3240000000,5.3760000000,5.3090000000,5.3630000000,21304.2326430000,113844.6912970690,113844.6912970690,1,DORA-USDT
2022-04-15 02:00:00,1649959200000,5.3620000000,5.3840000000,5.3180000000,5.3250000000,16748.6163080000,89626.3700297300,89626.3700297300,1,DORA-USDT
2022-04-15 03:00:00,1649962800000,5.3210000000,5.3640000000,5.3040000000,5.3620000000,15275.5835750000,81651.2556575160,81651.2556575160,1,DORA-USDT
2022-04-15 04:00:00,1649966400000,5.3610000000,5.4330000000,5.3310000000,5.4310000000,18640.5572410000,100364.1404338980,100364.1404338980,1,DORA-USDT
2022-04-15 05:00:00,1649970000000,5.4320000000,5.4650000000,5.4190000000,5.4650000000,7981.0313620000,43437.1976152770,43437.1976152770,1,DORA-USDT
2022-04-15 06:00:00,1649973600000,5.4650000000,5.5000000000,5.4530000000,5.4940000000,18128.5585030000,99315.2460045480,99315.2460045480,1,DORA-USDT
2022-04-15 07:00:00,1649977200000,5.4950000000,5.6070000000,5.4810000000,5.5780000000,27046.4762110000,150163.8833994670,150163.8833994670,1,DORA-USDT
2022-04-15 08:00:00,1649980800000,5.5900000000,5.6630000000,5.5270000000,5.5960000000,39552.3488020000,221487.7069760040,221487.7069760040,1,DORA-USDT
2022-04-15 09:00:00,1649984400000,5.5960000000,5.6280000000,5.5750000000,5.6150000000,13149.6064290000,73675.4625337430,73675.4625337430,1,DORA-USDT
2022-04-15 10:00:00,1649988000000,5.6150000000,5.6380000000,5.5860000000,5.6060000000,11141.8393820000,62515.3944483880,62515.3944483880,1,DORA-USDT
2022-04-15 11:00:00,1649991600000,5.6050000000,5.6250000000,5.6030000000,5.6150000000,7463.3065640000,41891.2442166480,41891.2442166480,1,DORA-USDT
2022-04-15 12:00:00,1649995200000,5.6130000000,5.6330000000,5.4970000000,5.5200000000,25441.9940480000,141165.3488065080,141165.3488065080,1,DORA-USDT
2022-04-15 13:00:00,1649998800000,5.5190000000,5.5400000000,5.4670000000,5.4670000000,23455.7132120000,129003.3036051460,129003.3036051460,1,DORA-USDT
2022-04-15 14:00:00,1650002400000,5.4710000000,5.4780000000,5.3650000000,5.4030000000,26753.3200000000,144878.9787980540,144878.9787980540,1,DORA-USDT
2022-04-15 15:00:00,1650006000000,5.4000000000,5.4590000000,5.3820000000,5.4240000000,17023.0675470000,92129.4315133470,92129.4315133470,1,DORA-USDT
2022-04-15 16:00:00,1650009600000,5.4250000000,5.4580000000,5.3810000000,5.3990000000,33361.4494300000,180490.7838439260,180490.7838439260,1,DORA-USDT
2022-04-15 17:00:00,1650013200000,5.3990000000,5.4330000000,5.3740000000,5.4000000000,18882.7307110000,102035.5005346330,102035.5005346330,1,DORA-USDT
2022-04-15 18:00:00,1650016800000,5.4140000000,5.4400000000,5.3890000000,5.4170000000,23272.3595510000,126009.3083356140,126009.3083356140,1,DORA-USDT
2022-04-15 19:00:00,1650020400000,5.4160000000,5.4400000000,5.3940000000,5.4230000000,14845.1539920000,80442.4083529680,80442.4083529680,1,DORA-USDT
2022-04-15 20:00:00,1650024000000,5.4270000000,5.4510000000,5.3920000000,5.4510000000,18487.3370540000,100310.4627261320,100310.4627261320,1,DORA-USDT
2022-04-15 21:00:00,1650027600000,5.4520000000,5.4710000000,5.4000000000,5.4250000000,23564.6612810000,128115.1212460440,128115.1212460440,1,DORA-USDT
2022-04-15 22:00:00,1650031200000,5.4210000000,5.5520000000,5.4080000000,5.4880000000,33273.3969540000,181981.6028939600,181981.6028939600,1,DORA-USDT
2022-04-15 23:00:00,1650034800000,5.4950000000,5.5370000000,5.4800000000,5.5100000000,19897.6803040000,109638.1761551710,109638.1761551710,1,DORA-USDT
2022-04-16 00:00:00,1650038400000,5.5120000000,5.6710000000,5.4790000000,5.6480000000,39622.0648720000,221473.1805463550,221473.1805463550,1,DORA-USDT
2022-04-16 01:00:00,1650042000000,5.6490000000,5.7490000000,5.5950000000,5.7000000000,44370.6425760000,251990.6399525940,251990.6399525940,1,DORA-USDT
2022-04-16 02:00:00,1650045600000,5.7000000000,5.7580000000,5.6680000000,5.7080000000,30903.7860210000,176566.4996478420,176566.4996478420,1,DORA-USDT
2022-04-16 03:00:00,1650049200000,5.7080000000,5.7340000000,5.6780000000,5.7040000000,18367.0424880000,104724.4102486380,104724.4102486380,1,DORA-USDT
2022-04-16 04:00:00,1650052800000,5.7090000000,5.7160000000,5.6670000000,5.6880000000,14427.6448370000,82076.1360986570,82076.1360986570,1,DORA-USDT
2022-04-16 05:00:00,1650056400000,5.6890000000,5.7020000000,5.6670000000,5.6710000000,6871.8902360000,39049.1010850500,39049.1010850500,1,DORA-USDT
2022-04-16 06:00:00,1650060000000,5.6700000000,5.6870000000,5.6240000000,5.6480000000,14683.6381090000,82930.2245298970,82930.2245298970,1,DORA-USDT
2022-04-16 07:00:00,1650063600000,5.6500000000,5.7150000000,5.6350000000,5.6790000000,18234.6308080000,103199.7991340580,103199.7991340580,1,DORA-USDT
2022-04-16 08:00:00,1650067200000,5.6580000000,5.6880000000,5.5820000000,5.6260000000,27068.9165160000,152296.7291214450,152296.7291214450,1,DORA-USDT
2022-04-16 09:00:00,1650070800000,5.6270000000,5.6660000000,5.6090000000,5.6370000000,14104.4908120000,79579.3153535590,79579.3153535590,1,DORA-USDT
2022-04-16 10:00:00,1650074400000,5.6370000000,5.6370000000,5.5860000000,5.5930000000,7012.3156810000,39342.3763480480,39342.3763480480,1,DORA-USDT
2022-04-16 11:00:00,1650078000000,5.5920000000,5.6040000000,5.5600000000,5.5650000000,11629.2794840000,64842.3159893260,64842.3159893260,1,DORA-USDT
2022-04-16 12:00:00,1650081600000,5.5650000000,5.6800000000,5.5640000000,5.6390000000,21934.0564090000,123761.4862641650,123761.4862641650,1,DORA-USDT
2022-04-16 13:00:00,1650085200000,5.6390000000,5.6660000000,5.6200000000,5.6310000000,10482.1923030000,59132.4445314490,59132.4445314490,1,DORA-USDT
2022-04-16 14:00:00,1650088800000,5.6270000000,5.6300000000,5.5550000000,5.5610000000,14260.5893980000,79669.9796191150,79669.9796191150,1,DORA-USDT
2022-04-16 15:00:00,1650092400000,5.5620000000,5.5670000000,5.4670000000,5.4730000000,14200.4893040000,78220.0572242080,78220.0572242080,1,DORA-USDT
2022-04-16 16:00:00,1650096000000,5.4760000000,5.4860000000,5.4290000000,5.4630000000,15356.8447910000,83808.0334697080,83808.0334697080,1,DORA-USDT
2022-04-16 17:00:00,1650099600000,5.4630000000,5.4770000000,5.4310000000,5.4380000000,10276.9442240000,55993.7973390880,55993.7973390880,1,DORA-USDT
2022-04-16 18:00:00,1650103200000,5.4340000000,5.4430000000,5.4140000000,5.4290000000,8303.3753490000,45086.5578919900,45086.5578919900,1,DORA-USDT
2022-04-16 19:00:00,1650106800000,5.4320000000,5.4400000000,5.4070000000,5.4170000000,8915.9183030000,48357.4287100400,48357.4287100400,1,DORA-USDT
2022-04-16 20:00:00,1650110400000,5.4160000000,5.4690000000,5.4160000000,5.4600000000,14441.6058040000,78613.2495308570,78613.2495308570,1,DORA-USDT
2022-04-16 21:00:00,1650114000000,5.4600000000,5.4650000000,5.4200000000,5.4330000000,12275.8065360000,66767.6743527840,66767.6743527840,1,DORA-USDT
2022-04-16 22:00:00,1650117600000,5.4320000000,5.5700000000,5.3400000000,5.5570000000,69387.3252710000,380329.4149539530,380329.4149539530,1,DORA-USDT
2022-04-16 23:00:00,1650121200000,5.5570000000,5.5770000000,5.4850000000,5.4960000000,33999.6029300000,187777.5768450870,187777.5768450870,1,DORA-USDT
2022-04-17 00:00:00,1650124800000,5.5030000000,5.5300000000,5.4890000000,5.5110000000,13963.9248040000,76923.7695205230,76923.7695205230,1,DORA-USDT
2022-04-17 01:00:00,1650128400000,5.5100000000,5.5150000000,5.4530000000,5.4780000000,9697.4951810000,53117.1541104160,53117.1541104160,1,DORA-USDT
2022-04-17 02:00:00,1650132000000,5.4740000000,5.5040000000,5.4640000000,5.4880000000,12559.4843710000,68805.2151520100,68805.2151520100,1,DORA-USDT
2022-04-17 03:00:00,1650135600000,5.4890000000,5.5040000000,5.4670000000,5.4840000000,5614.2097060000,30790.5033825340,30790.5033825340,1,DORA-USDT
2022-04-17 04:00:00,1650139200000,5.4780000000,5.5100000000,5.4560000000,5.4980000000,11223.0957070000,61572.7598387210,61572.7598387210,1,DORA-USDT
2022-04-17 05:00:00,1650142800000,5.4970000000,5.5200000000,5.4960000000,5.5150000000,7377.4478740000,40666.1220885800,40666.1220885800,1,DORA-USDT
2022-04-17 06:00:00,1650146400000,5.5150000000,5.5460000000,5.5140000000,5.5250000000,7976.0894200000,44087.5434432020,44087.5434432020,1,DORA-USDT
2022-04-17 07:00:00,1650150000000,5.5280000000,5.5650000000,5.5140000000,5.5530000000,11755.0033810000,65121.9340382800,65121.9340382800,1,DORA-USDT
2022-04-17 08:00:00,1650153600000,5.5540000000,5.6300000000,5.5540000000,5.6260000000,22340.6934930000,124911.6387266110,124911.6387266110,1,DORA-USDT
2022-04-17 09:00:00,1650157200000,5.6300000000,5.6650000000,5.5830000000,5.6210000000,23964.7808170000,134806.1749842850,134806.1749842850,1,DORA-USDT
2022-04-17 10:00:00,1650160800000,5.6220000000,5.6520000000,5.5540000000,5.5820000000,18911.9909220000,106046.7405655530,106046.7405655530,1,DORA-USDT
2022-04-17 11:00:00,1650164400000,5.5820000000,5.6090000000,5.5500000000,5.5980000000,16581.3754190000,92560.5018082090,92560.5018082090,1,DORA-USDT
2022-04-17 12:00:00,1650168000000,5.5930000000,5.6100000000,5.5810000000,5.5870000000,5904.9324550000,33037.8620358310,33037.8620358310,1,DORA-USDT
2022-04-17 13:00:00,1650171600000,5.5870000000,5.6100000000,5.5630000000,5.6020000000,7036.1029370000,39286.4727283570,39286.4727283570,1,DORA-USDT
2022-04-17 14:00:00,1650175200000,5.6040000000,5.6110000000,5.5800000000,5.5940000000,3889.1111400000,21762.7951553950,21762.7951553950,1,DORA-USDT
2022-04-17 15:00:00,1650178800000,5.5920000000,5.6100000000,5.5400000000,5.5610000000,9265.7077250000,51613.6537786840,51613.6537786840,1,DORA-USDT
2022-04-17 16:00:00,1650182400000,5.5600000000,5.6200000000,5.4930000000,5.5160000000,29434.3304490000,162717.3933791450,162717.3933791450,1,DORA-USDT
2022-04-17 17:00:00,1650186000000,5.5160000000,5.5470000000,5.4700000000,5.4840000000,18140.6200740000,99917.6214115140,99917.6214115140,1,DORA-USDT
2022-04-17 18:00:00,1650189600000,5.4830000000,5.4890000000,5.4540000000,5.4640000000,8283.7156180000,45329.5969583870,45329.5969583870,1,DORA-USDT
2022-04-17 19:00:00,1650193200000,5.4650000000,5.4830000000,5.4260000000,5.4510000000,13688.0115840000,74676.4395705600,74676.4395705600,1,DORA-USDT
2022-04-17 20:00:00,1650196800000,5.4520000000,5.4600000000,5.4230000000,5.4520000000,10493.9480260000,57127.6257455910,57127.6257455910,1,DORA-USDT
2022-04-17 21:00:00,1650200400000,5.4530000000,5.4850000000,5.4290000000,5.4400000000,23824.3245020000,130058.7301882950,130058.7301882950,1,DORA-USDT
2022-04-17 22:00:00,1650204000000,5.4290000000,5.4500000000,5.3800000000,5.4430000000,17367.5603720000,94287.9507510910,94287.9507510910,1,DORA-USDT
2022-04-17 23:00:00,1650207600000,5.4420000000,5.4520000000,5.4200000000,5.4510000000,10656.0932870000,57937.5492793540,57937.5492793540,1,DORA-USDT
2022-04-18 00:00:00,1650211200000,5.4520000000,5.4610000000,5.4000000000,5.4020000000,20987.9152700000,113902.2366356730,113902.2366356730,1,DORA-USDT
2022-04-18 01:00:00,1650214800000,5.4010000000,5.4220000000,5.3610000000,5.3750000000,13446.1211480000,72566.8449165380,72566.8449165380,1,DORA-USDT
2022-04-18 02:00:00,1650218400000,5.3750000000,5.3840000000,5.3000000000,5.3480000000,24578.6342160000,131257.5426405850,131257.5426405850,1,DORA-USDT
2022-04-18 03:00:00,1650222000000,5.3480000000,5.3940000000,5.3370000000,5.3810000000,16649.4624220000,89310.9684135840,89310.9684135840,1,DORA-USDT
2022-04-18 04:00:00,1650225600000,5.3860000000,5.3960000000,5.3390000000,5.3420000000,14686.5287550000,78790.9434398000,78790.9434398000,1,DORA-USDT
2022-04-18 05:00:00,1650229200000,5.3400000000,5.3580000000,5.3220000000,5.3350000000,12507.8173900000,66773.6801548870,66773.6801548870,1,DORA-USDT
2022-04-18 06:00:00,1650232800000,5.3340000000,5.3520000000,5.3070000000,5.3140000000,14151.6118750000,75399.8373704310,75399.8373704310,1,DORA-USDT
2022-04-18 07:00:00,1650236400000,5.3120000000,5.3160000000,5.1000000000,5.2360000000,63787.1412870000,331533.5753582320,331533.5753582320,1,DORA-USDT
2022-04-18 08:00:00,1650240000000,5.2220000000,5.2790000000,5.1800000000,5.2780000000,29822.8004760000,156169.0104460020,156169.0104460020,1,DORA-USDT
2022-04-18 09:00:00,1650243600000,5.2790000000,5.3970000000,5.2680000000,5.3580000000,25927.7802990000,138442.9065595600,138442.9065595600,1,DORA-USDT
2022-04-18 10:00:00,1650247200000,5.3570000000,5.4820000000,5.3420000000,5.4790000000,25193.7574300000,136241.3715205700,136241.3715205700,1,DORA-USDT
2022-04-18 11:00:00,1650250800000,5.4770000000,5.5610000000,5.4570000000,5.4870000000,43900.6112110000,241659.6023032560,241659.6023032560,1,DORA-USDT
2022-04-18 12:00:00,1650254400000,5.4870000000,5.5330000000,5.1100000000,5.1580000000,98628.2778480000,521248.8830207020,521248.8830207020,1,DORA-USDT
2022-04-18 13:00:00,1650258000000,5.1580000000,5.2690000000,5.1080000000,5.2590000000,35892.7338990000,186939.6002313540,186939.6002313540,1,DORA-USDT
2022-04-18 14:00:00,1650261600000,5.2590000000,5.3290000000,5.2530000000,5.3150000000,22700.7245480000,120288.0988606230,120288.0988606230,1,DORA-USDT
2022-04-18 15:00:00,1650265200000,5.3180000000,5.3290000000,5.2220000000,5.2490000000,24444.9244340000,128913.9151628080,128913.9151628080,1,DORA-USDT
2022-04-18 16:00:00,1650268800000,5.2530000000,5.3120000000,5.2530000000,5.2590000000,33666.0254420000,177814.4087940410,177814.4087940410,1,DORA-USDT
2022-04-18 17:00:00,1650272400000,5.2620000000,5.2920000000,5.2330000000,5.2710000000,24651.3138610000,129810.6074848620,129810.6074848620,1,DORA-USDT
2022-04-18 18:00:00,1650276000000,5.2720000000,5.2890000000,5.2470000000,5.2510000000,22392.4334190000,117933.4387338030,117933.4387338030,1,DORA-USDT
2022-04-18 19:00:00,1650279600000,5.2530000000,5.3030000000,5.2530000000,5.2600000000,21112.2318240000,111326.6104861200,111326.6104861200,1,DORA-USDT
2022-04-18 20:00:00,1650283200000,5.2590000000,5.3800000000,5.2560000000,5.3180000000,30206.7938550000,160657.4630351750,160657.4630351750,1,DORA-USDT
2022-04-18 21:00:00,1650286800000,5.3180000000,5.3340000000,5.2420000000,5.2550000000,35462.4062720000,187359.4999244220,187359.4999244220,1,DORA-USDT
2022-04-18 22:00:00,1650290400000,5.2550000000,5.3200000000,5.2510000000,5.2940000000,20208.3397940000,106922.6353472330,106922.6353472330,1,DORA-USDT
2022-04-18 23:00:00,1650294000000,5.2950000000,5.2990000000,5.2110000000,5.2610000000,25069.1783220000,131700.1885077860,131700.1885077860,1,DORA-USDT
2022-04-19 00:00:00,1650297600000,5.2630000000,5.2880000000,5.1570000000,5.2540000000,40233.1835030000,210094.4286893360,210094.4286893360,1,DORA-USDT
2022-04-19 01:00:00,1650301200000,5.2560000000,5.3540000000,5.2470000000,5.3390000000,33432.1470730000,177244.8093535150,177244.8093535150,1,DORA-USDT
2022-04-19 02:00:00,1650304800000,5.3400000000,5.5500000000,5.3240000000,5.3570000000,29927.5891560000,161202.2584220410,161202.2584220410,1,DORA-USDT
2022-04-19 03:00:00,1650308400000,5.3610000000,5.3720000000,5.3160000000,5.3450000000,27629.4121590000,147663.2316562470,147663.2316562470,1,DORA-USDT
2022-04-19 04:00:00,1650312000000,5.3470000000,5.3760000000,5.3300000000,5.3450000000,15944.2643440000,85354.9140337520,85354.9140337520,1,DORA-USDT
2022-04-19 05:00:00,1650315600000,5.3470000000,5.4070000000,5.3440000000,5.3860000000,17529.3622580000,94266.1711469740,94266.1711469740,1,DORA-USDT
2022-04-19 06:00:00,1650319200000,5.3870000000,5.3940000000,5.3590000000,5.3870000000,12824.9145170000,68920.5701809690,68920.5701809690,1,DORA-USDT
2022-04-19 07:00:00,1650322800000,5.3870000000,5.3980000000,5.3650000000,5.3760000000,10070.0862250000,54194.2795750600,54194.2795750600,1,DORA-USDT
2022-04-19 08:00:00,1650326400000,5.3760000000,5.5300000000,5.3670000000,5.4480000000,29329.4226740000,159390.6850911320,159390.6850911320,1,DORA-USDT
2022-04-19 09:00:00,1650330000000,5.4490000000,5.4560000000,5.4050000000,5.4080000000,17581.6215410000,95415.3205321550,95415.3205321550,1,DORA-USDT
2022-04-19 10:00:00,1650333600000,5.4060000000,5.4150000000,5.3770000000,5.3770000000,10045.6193420000,54156.7492420970,54156.7492420970,1,DORA-USDT
2022-04-19 11:00:00,1650337200000,5.3780000000,5.4200000000,5.3780000000,5.4020000000,13681.4267650000,73957.9476481590,73957.9476481590,1,DORA-USDT
2022-04-19 12:00:00,1650340800000,5.4020000000,5.5010000000,5.3980000000,5.4480000000,15409.5736570000,83825.2099420560,83825.2099420560,1,DORA-USDT
2022-04-19 13:00:00,1650344400000,5.4470000000,5.5390000000,5.4400000000,5.4900000000,25811.9922140000,142144.9177237370,142144.9177237370,1,DORA-USDT
2022-04-19 14:00:00,1650348000000,5.4910000000,5.5040000000,5.4530000000,5.4580000000,12172.9358800000,66707.7344894610,66707.7344894610,1,DORA-USDT
2022-04-19 15:00:00,1650351600000,5.4560000000,5.4840000000,5.4410000000,5.4650000000,14242.4258610000,77777.6511787290,77777.6511787290,1,DORA-USDT
2022-04-19 16:00:00,1650355200000,5.4650000000,5.4970000000,5.4220000000,5.4470000000,18804.2059340000,102795.0871558910,102795.0871558910,1,DORA-USDT
2022-04-19 17:00:00,1650358800000,5.4460000000,5.4700000000,5.3940000000,5.4650000000,20308.3832880000,110477.7673054280,110477.7673054280,1,DORA-USDT
2022-04-19 18:00:00,1650362400000,5.4650000000,5.5690000000,5.4270000000,5.5570000000,30229.4257420000,166349.6054677990,166349.6054677990,1,DORA-USDT
2022-04-19 19:00:00,1650366000000,5.5620000000,5.6480000000,5.4800000000,5.5110000000,47074.0905170000,262235.0775719790,262235.0775719790,1,DORA-USDT
2022-04-19 20:00:00,1650369600000,5.5130000000,5.6220000000,5.4920000000,5.5960000000,41700.8771180000,232659.8327060250,232659.8327060250,1,DORA-USDT
2022-04-19 21:00:00,1650373200000,5.5950000000,5.6290000000,5.5420000000,5.6010000000,26076.1052780000,145683.5141889530,145683.5141889530,1,DORA-USDT
2022-04-19 22:00:00,1650376800000,5.6050000000,5.6580000000,5.5900000000,5.6260000000,29128.5394090000,163852.1967106240,163852.1967106240,1,DORA-USDT
2022-04-19 23:00:00,1650380400000,5.6240000000,5.6660000000,5.5730000000,5.6200000000,22632.2310840000,127233.7420282460,127233.7420282460,1,DORA-USDT
2022-04-20 00:00:00,1650384000000,5.6200000000,5.6690000000,5.5610000000,5.6110000000,39592.5822980000,222328.7401396440,222328.7401396440,1,DORA-USDT
2022-04-20 01:00:00,1650387600000,5.6070000000,5.6170000000,5.4540000000,5.4940000000,60482.0025620000,334271.7644905640,334271.7644905640,1,DORA-USDT
2022-04-20 02:00:00,1650391200000,5.4910000000,5.5000000000,5.3930000000,5.4510000000,30801.4043360000,168047.9695975010,168047.9695975010,1,DORA-USDT
2022-04-20 03:00:00,1650394800000,5.4510000000,5.5270000000,5.4330000000,5.4900000000,27194.8698830000,149167.6188914470,149167.6188914470,1,DORA-USDT
2022-04-20 04:00:00,1650398400000,5.4880000000,5.4880000000,5.4120000000,5.4430000000,18551.8704950000,101019.7135003280,101019.7135003280,1,DORA-USDT
2022-04-20 05:00:00,1650402000000,5.4390000000,5.4690000000,5.4180000000,5.4400000000,16677.5098760000,90707.3463891560,90707.3463891560,1,DORA-USDT
2022-04-20 06:00:00,1650405600000,5.4380000000,5.4940000000,5.4360000000,5.4750000000,19872.4387440000,108596.4571282590,108596.4571282590,1,DORA-USDT
2022-04-20 07:00:00,1650409200000,5.4750000000,5.5240000000,5.4740000000,5.5190000000,11703.1616270000,64375.3876236310,64375.3876236310,1,DORA-USDT
2022-04-20 08:00:00,1650412800000,5.5160000000,5.5600000000,5.3980000000,5.4580000000,66344.3005600000,363817.0833709530,363817.0833709530,1,DORA-USDT
2022-04-20 09:00:00,1650416400000,5.4570000000,5.5430000000,5.4150000000,5.5150000000,31016.5173490000,170493.7535788410,170493.7535788410,1,DORA-USDT
2022-04-20 10:00:00,1650420000000,5.5160000000,5.5780000000,5.4640000000,5.5570000000,33545.0062480000,185341.3749750590,185341.3749750590,1,DORA-USDT
2022-04-20 11:00:00,1650423600000,5.5560000000,5.5600000000,5.4840000000,5.5200000000,19350.3338440000,106901.2762127400,106901.2762127400,1,DORA-USDT
2022-04-20 12:00:00,1650427200000,5.5210000000,5.5320000000,5.4510000000,5.4790000000,18890.5376690000,103660.5315292150,103660.5315292150,1,DORA-USDT
2022-04-20 13:00:00,1650430800000,5.4800000000,5.5420000000,5.4650000000,5.5420000000,13911.7243090000,76554.5231117750,76554.5231117750,1,DORA-USDT
2022-04-20 14:00:00,1650434400000,5.5390000000,5.5980000000,5.5180000000,5.5750000000,21715.4042930000,120709.6046402050,120709.6046402050,1,DORA-USDT
2022-04-20 15:00:00,1650438000000,5.5770000000,5.5980000000,5.4930000000,5.5090000000,22161.9404120000,122659.8150129630,122659.8150129630,1,DORA-USDT
2022-04-20 16:00:00,1650441600000,5.5090000000,5.5470000000,5.4900000000,5.5390000000,13400.0116740000,73917.7979483020,73917.7979483020,1,DORA-USDT
2022-04-20 17:00:00,1650445200000,5.5400000000,5.5940000000,5.4900000000,5.5670000000,30992.3297870000,171959.5368712470,171959.5368712470,1,DORA-USDT
2022-04-20 18:00:00,1650448800000,5.5660000000,5.5810000000,5.5370000000,5.5700000000,15602.2370620000,86801.1258255160,86801.1258255160,1,DORA-USDT
2022-04-20 19:00:00,1650452400000,5.5700000000,5.6940000000,5.5410000000,5.6010000000,27362.6662910000,153086.6375413150,153086.6375413150,1,DORA-USDT
2022-04-20 20:00:00,1650456000000,5.6000000000,5.6200000000,5.5460000000,5.5980000000,22360.8724140000,124937.1868305890,124937.1868305890,1,DORA-USDT
2022-04-20 21:00:00,1650459600000,5.5980000000,5.6000000000,5.3700000000,5.4030000000,47886.7101700000,262197.2587916760,262197.2587916760,1,DORA-USDT
2022-04-20 22:00:00,1650463200000,5.3960000000,5.4170000000,5.3340000000,5.3480000000,42069.2343550000,225979.6401815750,225979.6401815750,1,DORA-USDT
2022-04-20 23:00:00,1650466800000,5.3480000000,5.3480000000,5.0900000000,5.2400000000,60968.4231620000,321412.6864205680,321412.6864205680,1,DORA-USDT
2022-04-21 00:00:00,1650470400000,5.2400000000,5.2860000000,5.1820000000,5.2800000000,34427.0889070000,180292.7454653620,180292.7454653620,1,DORA-USDT
2022-04-21 01:00:00,1650474000000,5.2810000000,5.2820000000,5.2310000000,5.2710000000,14381.5015310000,75585.8814303870,75585.8814303870,1,DORA-USDT
2022-04-21 02:00:00,1650477600000,5.2710000000,5.2860000000,5.1670000000,5.1960000000,24997.0477830000,130392.0779136380,130392.0779136380,1,DORA-USDT
2022-04-21 03:00:00,1650481200000,5.1960000000,5.2330000000,5.1900000000,5.2130000000,12792.1726390000,66681.3468271820,66681.3468271820,1,DORA-USDT
2022-04-21 04:00:00,1650484800000,5.2160000000,5.2710000000,5.1880000000,5.2640000000,21500.6745870000,112400.9016234790,112400.9016234790,1,DORA-USDT
2022-04-21 05:00:00,1650488400000,5.2630000000,5.2820000000,5.2500000000,5.2750000000,12878.4863610000,67757.3329757870,67757.3329757870,1,DORA-USDT
2022-04-21 06:00:00,1650492000000,5.2770000000,5.3180000000,5.2380000000,5.3170000000,18444.7836090000,97456.0484804220,97456.0484804220,1,DORA-USDT
2022-04-21 07:00:00,1650495600000,5.3120000000,5.3120000000,5.2350000000,5.2570000000,14739.5312800000,77637.2875948730,77637.2875948730,1,DORA-USDT
2022-04-21 08:00:00,1650499200000,5.2600000000,5.3430000000,5.2550000000,5.3300000000,18486.3478890000,98001.1949415530,98001.1949415530,1,DORA-USDT
2022-04-21 09:00:00,1650502800000,5.3280000000,5.3640000000,5.3010000000,5.3570000000,17366.6533840000,92658.9520273320,92658.9520273320,1,DORA-USDT
2022-04-21 10:00:00,1650506400000,5.3560000000,5.3640000000,5.3010000000,5.3110000000,13073.7205480000,69695.9706005810,69695.9706005810,1,DORA-USDT
2022-04-21 11:00:00,1650510000000,5.3120000000,5.4020000000,5.2840000000,5.3460000000,22805.4491470000,121252.9106843560,121252.9106843560,1,DORA-USDT
2022-04-21 12:00:00,1650513600000,5.3470000000,5.3740000000,5.3070000000,5.3260000000,14504.5420240000,77463.6920903320,77463.6920903320,1,DORA-USDT
2022-04-21 13:00:00,1650517200000,5.3270000000,5.3400000000,5.2380000000,5.2380000000,17976.2726310000,95031.5905953810,95031.5905953810,1,DORA-USDT
2022-04-21 14:00:00,1650520800000,5.2420000000,5.2700000000,5.2150000000,5.2380000000,18309.5994770000,96010.0096360230,96010.0096360230,1,DORA-USDT
2022-04-21 15:00:00,1650524400000,5.2410000000,5.2990000000,5.2220000000,5.2900000000,21695.0376400000,114179.2338404010,114179.2338404010,1,DORA-USDT
2022-04-21 16:00:00,1650528000000,5.2930000000,5.3110000000,5.2390000000,5.2890000000,25799.6648610000,135948.4551025130,135948.4551025130,1,DORA-USDT
2022-04-21 17:00:00,1650531600000,5.2820000000,5.3340000000,5.2150000000,5.2430000000,22503.9831770000,118155.6052616730,118155.6052616730,1,DORA-USDT
2022-04-21 18:00:00,1650535200000,5.2430000000,5.4100000000,5.2420000000,5.3720000000,30567.6202820000,162750.1338951910,162750.1338951910,1,DORA-USDT
2022-04-21 19:00:00,1650538800000,5.3700000000,5.4130000000,5.3260000000,5.3490000000,27774.5404710000,149125.4979855140,149125.4979855140,1,DORA-USDT
2022-04-21 20:00:00,1650542400000,5.3520000000,5.3730000000,5.3000000000,5.3390000000,29629.2260690000,157943.5744005940,157943.5744005940,1,DORA-USDT
2022-04-21 21:00:00,1650546000000,5.3400000000,5.3890000000,5.3240000000,5.3640000000,19286.5293070000,103291.0536167410,103291.0536167410,1,DORA-USDT
2022-04-21 22:00:00,1650549600000,5.3660000000,5.3680000000,5.3270000000,5.3550000000,22503.7563320000,120215.1839216020,120215.1839216020,1,DORA-USDT
2022-04-21 23:00:00,1650553200000,5.3570000000,5.3940000000,5.3160000000,5.3580000000,30356.8676230000,162480.2875803520,162480.2875803520,1,DORA-USDT
2022-04-22 00:00:00,1650556800000,5.3510000000,5.4300000000,5.3320000000,5.3780000000,53785.9660100000,289481.3897261010,289481.3897261010,1,DORA-USDT
2022-04-22 01:00:00,1650560400000,5.3800000000,5.6250000000,5.3660000000,5.4610000000,87641.9898090000,482352.1774538380,482352.1774538380,1,DORA-USDT
2022-04-22 02:00:00,1650564000000,5.4590000000,5.5000000000,5.4150000000,5.4670000000,34199.3694420000,186743.7244807910,186743.7244807910,1,DORA-USDT
2022-04-22 03:00:00,1650567600000,5.4640000000,5.4650000000,5.3150000000,5.3840000000,56801.6061120000,304929.2978915330,304929.2978915330,1,DORA-USDT
2022-04-22 04:00:00,1650571200000,5.3800000000,5.4670000000,5.3200000000,5.3710000000,51919.9225950000,279839.7469079970,279839.7469079970,1,DORA-USDT
2022-04-22 05:00:00,1650574800000,5.3740000000,5.4540000000,5.3560000000,5.4260000000,27615.7360040000,149595.9767475810,149595.9767475810,1,DORA-USDT
2022-04-22 06:00:00,1650578400000,5.4250000000,5.5140000000,5.3240000000,5.3890000000,67122.4666310000,362622.3063252390,362622.3063252390,1,DORA-USDT
2022-04-22 07:00:00,1650582000000,5.3850000000,5.6470000000,5.3830000000,5.6340000000,50394.6847930000,276514.8148328210,276514.8148328210,1,DORA-USDT
2022-04-22 08:00:00,1650585600000,5.6360000000,5.8160000000,5.6360000000,5.6620000000,122806.5896320000,702110.5090097600,702110.5090097600,1,DORA-USDT
2022-04-22 09:00:00,1650589200000,5.6620000000,5.7370000000,5.6430000000,5.6600000000,44409.8016680000,252317.0485465070,252317.0485465070,1,DORA-USDT
2022-04-22 10:00:00,1650592800000,5.6620000000,5.6830000000,5.5380000000,5.6120000000,49036.6047890000,274567.4050404310,274567.4050404310,1,DORA-USDT
2022-04-22 11:00:00,1650596400000,5.6120000000,5.6750000000,5.5660000000,5.6190000000,28857.8420190000,161878.5042549140,161878.5042549140,1,DORA-USDT
2022-04-22 12:00:00,1650600000000,5.6180000000,5.7210000000,5.6110000000,5.6890000000,43174.0393880000,244669.9643534710,244669.9643534710,1,DORA-USDT
2022-04-22 13:00:00,1650603600000,5.6900000000,5.7160000000,5.5600000000,5.6130000000,37791.5411150000,213977.0194783250,213977.0194783250,1,DORA-USDT
2022-04-22 14:00:00,1650607200000,5.6140000000,5.6700000000,5.6120000000,5.6390000000,17976.5855910000,101381.6771107930,101381.6771107930,1,DORA-USDT
2022-04-22 15:00:00,1650610800000,5.6440000000,5.7060000000,5.5680000000,5.6300000000,39233.9602010000,220252.7428353330,220252.7428353330,1,DORA-USDT
2022-04-22 16:00:00,1650614400000,5.6290000000,5.6290000000,5.4620000000,5.4790000000,41759.5485400000,230941.6010735520,230941.6010735520,1,DORA-USDT
2022-04-22 17:00:00,1650618000000,5.4770000000,5.4950000000,5.3500000000,5.3680000000,46088.3617220000,250488.5017854360,250488.5017854360,1,DORA-USDT
2022-04-22 18:00:00,1650621600000,5.3650000000,5.3820000000,5.2450000000,5.2770000000,49866.2008100000,264396.5245422230,264396.5245422230,1,DORA-USDT
2022-04-22 19:00:00,1650625200000,5.2770000000,5.3230000000,5.2500000000,5.2930000000,32928.7613200000,174062.4273661820,174062.4273661820,1,DORA-USDT
2022-04-22 20:00:00,1650628800000,5.2890000000,5.3530000000,5.2890000000,5.3060000000,32308.9551090000,171875.6472196870,171875.6472196870,1,DORA-USDT
2022-04-22 21:00:00,1650632400000,5.3030000000,5.3500000000,5.2640000000,5.2690000000,39616.5124210000,210127.9676020860,210127.9676020860,1,DORA-USDT
2022-04-22 22:00:00,1650636000000,5.2700000000,5.3260000000,5.2010000000,5.2890000000,50626.5615460000,266346.5216650090,266346.5216650090,1,DORA-USDT
2022-04-22 23:00:00,1650639600000,5.2890000000,5.4370000000,5.2520000000,5.4120000000,47874.0605890000,255401.9727904520,255401.9727904520,1,DORA-USDT
2022-04-23 00:00:00,1650643200000,5.4080000000,5.4220000000,5.2040000000,5.2150000000,53511.8683480000,282843.9875832340,282843.9875832340,1,DORA-USDT
2022-04-23 01:00:00,1650646800000,5.2090000000,5.2650000000,5.2020000000,5.2290000000,21331.2045310000,111743.3822629280,111743.3822629280,1,DORA-USDT
2022-04-23 02:00:00,1650650400000,5.2290000000,5.2950000000,5.2110000000,5.2620000000,25196.1012450000,132403.8229497510,132403.8229497510,1,DORA-USDT
2022-04-23 03:00:00,1650654000000,5.2630000000,5.3130000000,5.2410000000,5.2520000000,21250.4884870000,112052.3134559640,112052.3134559640,1,DORA-USDT
2022-04-23 04:00:00,1650657600000,5.2530000000,5.2920000000,5.2470000000,5.2860000000,15204.8415870000,80122.9115018010,80122.9115018010,1,DORA-USDT
2022-04-23 05:00:00,1650661200000,5.2860000000,5.2890000000,5.2350000000,5.2380000000,10889.0745990000,57313.6580066570,57313.6580066570,1,DORA-USDT
2022-04-23 06:00:00,1650664800000,5.2400000000,5.2510000000,5.2020000000,5.2410000000,27677.8825180000,144624.7715466190,144624.7715466190,1,DORA-USDT
2022-04-23 07:00:00,1650668400000,5.2460000000,5.3070000000,5.2300000000,5.2800000000,24532.6561820000,129157.6008814790,129157.6008814790,1,DORA-USDT
2022-04-23 08:00:00,1650672000000,5.2770000000,5.3320000000,5.2400000000,5.2550000000,29816.9083630000,157591.9970100040,157591.9970100040,1,DORA-USDT
2022-04-23 09:00:00,1650675600000,5.2550000000,5.3080000000,5.2520000000,5.2860000000,16630.8773100000,87816.2834399260,87816.2834399260,1,DORA-USDT
2022-04-23 10:00:00,1650679200000,5.2870000000,5.2880000000,5.2460000000,5.2630000000,12076.6000140000,63637.3427463400,63637.3427463400,1,DORA-USDT
2022-04-23 11:00:00,1650682800000,5.2630000000,5.2780000000,5.2260000000,5.2630000000,18143.8375290000,95342.3849589470,95342.3849589470,1,DORA-USDT
2022-04-23 12:00:00,1650686400000,5.2630000000,5.3290000000,5.2110000000,5.2570000000,34107.9480040000,179530.6161070780,179530.6161070780,1,DORA-USDT
2022-04-23 13:00:00,1650690000000,5.2520000000,5.3060000000,5.2430000000,5.2910000000,16938.0053880000,89334.9916955740,89334.9916955740,1,DORA-USDT
2022-04-23 14:00:00,1650693600000,5.2910000000,5.3200000000,5.2700000000,5.2830000000,19293.3594180000,102207.6699102260,102207.6699102260,1,DORA-USDT
2022-04-23 15:00:00,1650697200000,5.2840000000,5.3180000000,5.2830000000,5.3180000000,10351.7352710000,54812.5756384470,54812.5756384470,1,DORA-USDT
2022-04-23 16:00:00,1650700800000,5.3210000000,5.3340000000,5.2620000000,5.3270000000,11103.2131080000,58997.7134687840,58997.7134687840,1,DORA-USDT
2022-04-23 17:00:00,1650704400000,5.3290000000,5.3320000000,5.2960000000,5.3030000000,10205.3021140000,54225.4548880990,54225.4548880990,1,DORA-USDT
2022-04-23 18:00:00,1650708000000,5.3030000000,5.3260000000,5.2910000000,5.3030000000,11172.0870430000,59312.4032752480,59312.4032752480,1,DORA-USDT
2022-04-23 19:00:00,1650711600000,5.3090000000,5.3220000000,5.2750000000,5.2880000000,9965.1384220000,52837.4249918100,52837.4249918100,1,DORA-USDT
2022-04-23 20:00:00,1650715200000,5.2880000000,5.2950000000,5.2210000000,5.2640000000,20168.7361850000,106061.6875348270,106061.6875348270,1,DORA-USDT
2022-04-23 21:00:00,1650718800000,5.2660000000,5.2800000000,5.2490000000,5.2630000000,9394.1057420000,49444.6981458060,49444.6981458060,1,DORA-USDT
2022-04-23 22:00:00,1650722400000,5.2580000000,5.2680000000,5.2220000000,5.2440000000,8165.4805340000,42838.7752346490,42838.7752346490,1,DORA-USDT
2022-04-23 23:00:00,1650726000000,5.2450000000,5.2740000000,5.2160000000,5.2650000000,13813.2835010000,72399.1608407620,72399.1608407620,1,DORA-USDT
2022-04-24 00:00:00,1650729600000,5.2650000000,5.2770000000,5.2320000000,5.2360000000,25560.0323850000,134208.0024442280,134208.0024442280,1,DORA-USDT
2022-04-24 01:00:00,1650733200000,5.2350000000,5.2350000000,5.1110000000,5.1320000000,33935.0853470000,175064.1494251640,175064.1494251640,1,DORA-USDT
2022-04-24 02:00:00,1650736800000,5.1310000000,5.1310000000,5.0730000000,5.0800000000,16515.6566640000,84232.1483282490,84232.1483282490,1,DORA-USDT
2022-04-24 03:00:00,1650740400000,5.0790000000,5.0790000000,5.0080000000,5.0290000000,24084.4241020000,121321.4506911890,121321.4506911890,1,DORA-USDT
2022-04-24 04:00:00,1650744000000,5.0290000000,5.0670000000,5.0020000000,5.0080000000,13183.8808730000,66220.8217394360,66220.8217394360,1,DORA-USDT
2022-04-24 05:00:00,1650747600000,5.0090000000,5.0270000000,4.9540000000,4.9600000000,21094.6615150000,105115.8912577080,105115.8912577080,1,DORA-USDT
2022-04-24 06:00:00,1650751200000,4.9600000000,4.9930000000,4.9570000000,4.9610000000,11309.3017950000,56199.7951660210,56199.7951660210,1,DORA-USDT
2022-04-24 07:00:00,1650754800000,4.9600000000,4.9660000000,4.8730000000,4.9000000000,28568.9101160000,140457.6441923190,140457.6441923190,1,DORA-USDT
2022-04-24 08:00:00,1650758400000,4.9000000000,4.9660000000,4.8990000000,4.9440000000,26107.4870790000,128950.7748964160,128950.7748964160,1,DORA-USDT
2022-04-24 09:00:00,1650762000000,4.9400000000,4.9630000000,4.9070000000,4.9150000000,15871.3951450000,78352.0350650150,78352.0350650150,1,DORA-USDT
2022-04-24 10:00:00,1650765600000,4.9150000000,4.9550000000,4.8740000000,4.8950000000,32024.6756140000,157232.9330648760,157232.9330648760,1,DORA-USDT
2022-04-24 11:00:00,1650769200000,4.8970000000,4.9450000000,4.8850000000,4.9270000000,13361.7194800000,65752.7777195710,65752.7777195710,1,DORA-USDT
2022-04-24 12:00:00,1650772800000,4.9290000000,4.9500000000,4.8960000000,4.9240000000,18878.7001540000,93041.0360687830,93041.0360687830,1,DORA-USDT
2022-04-24 13:00:00,1650776400000,4.9280000000,5.0500000000,4.9260000000,5.0450000000,38444.0872500000,192182.8889636360,192182.8889636360,1,DORA-USDT
2022-04-24 14:00:00,1650780000000,5.0460000000,5.1330000000,5.0150000000,5.0390000000,37525.8934390000,189811.0303607370,189811.0303607370,1,DORA-USDT
2022-04-24 15:00:00,1650783600000,5.0410000000,5.0480000000,5.0210000000,5.0330000000,8446.5883820000,42512.5092386320,42512.5092386320,1,DORA-USDT
2022-04-24 16:00:00,1650787200000,5.0360000000,5.0800000000,5.0100000000,5.0130000000,13147.7772150000,66329.5815428880,66329.5815428880,1,DORA-USDT
2022-04-24 17:00:00,1650790800000,5.0100000000,5.0270000000,4.9730000000,5.0020000000,21737.1976650000,108601.6354210910,108601.6354210910,1,DORA-USDT
2022-04-24 18:00:00,1650794400000,5.0020000000,5.0150000000,4.9590000000,4.9880000000,13227.9777590000,65964.0752259330,65964.0752259330,1,DORA-USDT
2022-04-24 19:00:00,1650798000000,4.9860000000,4.9870000000,4.9340000000,4.9400000000,13799.9369050000,68358.3928574130,68358.3928574130,1,DORA-USDT
2022-04-24 20:00:00,1650801600000,4.9400000000,4.9630000000,4.9200000000,4.9250000000,13169.3708770000,64969.2699106030,64969.2699106030,1,DORA-USDT
2022-04-24 21:00:00,1650805200000,4.9220000000,4.9640000000,4.8760000000,4.9600000000,30642.0349160000,150592.2049951100,150592.2049951100,1,DORA-USDT
2022-04-24 22:00:00,1650808800000,4.9620000000,5.0440000000,4.9160000000,5.0060000000,64714.6777220000,321710.9585736210,321710.9585736210,1,DORA-USDT
2022-04-24 23:00:00,1650812400000,5.0080000000,5.1300000000,5.0070000000,5.0500000000,121065.7461160000,613856.8870172320,613856.8870172320,1,DORA-USDT
2022-04-25 00:00:00,1650816000000,5.0470000000,5.0550000000,4.8770000000,4.9320000000,43700.8853680000,216025.4440882760,216025.4440882760,1,DORA-USDT
2022-04-25 01:00:00,1650819600000,4.9310000000,5.0310000000,4.8860000000,4.9800000000,64609.7709750000,321689.7498412500,321689.7498412500,1,DORA-USDT
2022-04-25 02:00:00,1650823200000,4.9810000000,5.1760000000,4.9770000000,5.1220000000,59211.3766420000,302487.7867866220,302487.7867866220,1,DORA-USDT
2022-04-25 03:00:00,1650826800000,5.1250000000,5.2200000000,5.0770000000,5.1790000000,46711.1744820000,241031.6620730740,241031.6620730740,1,DORA-USDT
2022-04-25 04:00:00,1650830400000,5.1840000000,5.2200000000,5.0740000000,5.1350000000,154920.7608950000,798241.6680406500,798241.6680406500,1,DORA-USDT
2022-04-25 05:00:00,1650834000000,5.1350000000,5.1480000000,5.0690000000,5.0940000000,37371.0011760000,190915.7221280830,190915.7221280830,1,DORA-USDT
2022-04-25 06:00:00,1650837600000,5.0900000000,5.1010000000,5.0360000000,5.0470000000,25222.3220600000,127889.0391940770,127889.0391940770,1,DORA-USDT
2022-04-25 07:00:00,1650841200000,5.0470000000,5.0580000000,4.9660000000,4.9810000000,14233.4112570000,71268.2993356510,71268.2993356510,1,DORA-USDT
2022-04-25 08:00:00,1650844800000,4.9810000000,4.9910000000,4.8430000000,4.8760000000,44539.4152290000,218417.3281548420,218417.3281548420,1,DORA-USDT
2022-04-25 09:00:00,1650848400000,4.8760000000,4.9370000000,4.8510000000,4.9130000000,26203.3917670000,128253.5792753900,128253.5792753900,1,DORA-USDT
2022-04-25 10:00:00,1650852000000,4.9170000000,4.9250000000,4.8840000000,4.9130000000,13884.8729360000,68115.9929899200,68115.9929899200,1,DORA-USDT
2022-04-25 11:00:00,1650855600000,4.9120000000,4.9850000000,4.9120000000,4.9650000000,18507.7821320000,91781.9116706600,91781.9116706600,1,DORA-USDT
2022-04-25 12:00:00,1650859200000,4.9670000000,4.9690000000,4.9130000000,4.9280000000,12822.2951860000,63260.8874563510,63260.8874563510,1,DORA-USDT
2022-04-25 13:00:00,1650862800000,4.9280000000,4.9400000000,4.8780000000,4.8940000000,15922.7973130000,78203.1926131850,78203.1926131850,1,DORA-USDT
2022-04-25 14:00:00,1650866400000,4.8930000000,4.9350000000,4.7860000000,4.7900000000,36777.0335150000,178932.6081321490,178932.6081321490,1,DORA-USDT
2022-04-25 15:00:00,1650870000000,4.7950000000,4.8510000000,4.6930000000,4.6980000000,119316.9342160000,566337.2504873590,566337.2504873590,1,DORA-USDT
2022-04-25 16:00:00,1650873600000,4.7020000000,4.7510000000,4.6510000000,4.6620000000,29957.0632370000,140959.8051725660,140959.8051725660,1,DORA-USDT
2022-04-25 17:00:00,1650877200000,4.6570000000,4.6980000000,4.6290000000,4.6930000000,26262.7945910000,122610.3925641970,122610.3925641970,1,DORA-USDT
2022-04-25 18:00:00,1650880800000,4.6910000000,4.7000000000,4.6470000000,4.6520000000,17439.8795830000,81479.7733172200,81479.7733172200,1,DORA-USDT
2022-04-25 19:00:00,1650884400000,4.6510000000,4.8450000000,4.6270000000,4.7950000000,52512.3897760000,248546.3107172800,248546.3107172800,1,DORA-USDT
2022-04-25 20:00:00,1650888000000,4.7980000000,4.8540000000,4.7890000000,4.8360000000,19548.2640230000,94407.6142267070,94407.6142267070,1,DORA-USDT
2022-04-25 21:00:00,1650891600000,4.8360000000,4.8790000000,4.7730000000,4.8380000000,36303.1515530000,175554.1588278520,175554.1588278520,1,DORA-USDT
2022-04-25 22:00:00,1650895200000,4.8380000000,5.0370000000,4.8060000000,4.9300000000,128694.2444910000,637790.8664624940,637790.8664624940,1,DORA-USDT
2022-04-25 23:00:00,1650898800000,4.9300000000,5.0440000000,4.9230000000,4.9370000000,91389.6573750000,454820.7408867600,454820.7408867600,1,DORA-USDT
2022-04-26 00:00:00,1650902400000,4.9340000000,4.9900000000,4.8820000000,4.9410000000,31318.3767100000,154551.8219158120,154551.8219158120,1,DORA-USDT
2022-04-26 01:00:00,1650906000000,4.9420000000,4.9930000000,4.9290000000,4.9440000000,17090.6906640000,84752.3475843010,84752.3475843010,1,DORA-USDT
2022-04-26 02:00:00,1650909600000,4.9440000000,5.0540000000,4.9280000000,5.0240000000,22640.3923460000,113094.6624695600,113094.6624695600,1,DORA-USDT
2022-04-26 03:00:00,1650913200000,5.0220000000,5.0840000000,5.0040000000,5.0780000000,24122.3037270000,121768.7006826330,121768.7006826330,1,DORA-USDT
2022-04-26 04:00:00,1650916800000,5.0780000000,5.1050000000,5.0220000000,5.0560000000,18582.8457020000,94151.4554183200,94151.4554183200,1,DORA-USDT
2022-04-26 05:00:00,1650920400000,5.0560000000,5.0740000000,5.0450000000,5.0590000000,15130.6768880000,76575.6226435580,76575.6226435580,1,DORA-USDT
2022-04-26 06:00:00,1650924000000,5.0610000000,5.0830000000,5.0470000000,5.0720000000,13257.4727520000,67111.3283067710,67111.3283067710,1,DORA-USDT
2022-04-26 07:00:00,1650927600000,5.0720000000,5.1190000000,5.0670000000,5.1090000000,12496.3934480000,63693.5014848970,63693.5014848970,1,DORA-USDT
2022-04-26 08:00:00,1650931200000,5.1100000000,5.1560000000,5.0980000000,5.1080000000,24638.6960390000,126272.8012778660,126272.8012778660,1,DORA-USDT
2022-04-26 09:00:00,1650934800000,5.1090000000,5.1110000000,5.0510000000,5.0620000000,24021.6847470000,122131.9565697510,122131.9565697510,1,DORA-USDT
2022-04-26 10:00:00,1650938400000,5.0630000000,5.0710000000,5.0160000000,5.0390000000,18338.5008630000,92551.7931475010,92551.7931475010,1,DORA-USDT
2022-04-26 11:00:00,1650942000000,5.0390000000,5.0520000000,5.0240000000,5.0370000000,9584.7808050000,48302.1281554190,48302.1281554190,1,DORA-USDT
2022-04-26 12:00:00,1650945600000,5.0370000000,5.0710000000,5.0290000000,5.0620000000,10940.1699030000,55254.9760236440,55254.9760236440,1,DORA-USDT
2022-04-26 13:00:00,1650949200000,5.0610000000,5.0820000000,5.0510000000,5.0800000000,13593.2743970000,68915.5107081950,68915.5107081950,1,DORA-USDT
2022-04-26 14:00:00,1650952800000,5.0810000000,5.0850000000,5.0160000000,5.0500000000,27038.4474590000,136436.7368998490,136436.7368998490,1,DORA-USDT
2022-04-26 15:00:00,1650956400000,5.0540000000,5.0670000000,5.0230000000,5.0580000000,16058.4045280000,81145.1441755430,81145.1441755430,1,DORA-USDT
2022-04-26 16:00:00,1650960000000,5.0580000000,5.0720000000,4.9290000000,4.9970000000,38066.5045140000,190246.3183593380,190246.3183593380,1,DORA-USDT
2022-04-26 17:00:00,1650963600000,4.9990000000,4.9990000000,4.8610000000,4.8650000000,31281.0502300000,153872.0411558680,153872.0411558680,1,DORA-USDT
2022-04-26 18:00:00,1650967200000,4.8640000000,4.9380000000,4.8100000000,4.8150000000,56726.7918150000,276242.7004948670,276242.7004948670,1,DORA-USDT
2022-04-26 19:00:00,1650970800000,4.8170000000,4.8560000000,4.7910000000,4.8290000000,22790.8475600000,109951.6835581780,109951.6835581780,1,DORA-USDT
2022-04-26 20:00:00,1650974400000,4.8300000000,4.8650000000,4.7850000000,4.8000000000,19573.4630670000,94544.1547580040,94544.1547580040,1,DORA-USDT
2022-04-26 21:00:00,1650978000000,4.8000000000,4.8140000000,4.7120000000,4.7140000000,29302.2050000000,139562.5488947650,139562.5488947650,1,DORA-USDT
2022-04-26 22:00:00,1650981600000,4.7150000000,4.7410000000,4.6240000000,4.6310000000,50226.3193150000,235254.1643394700,235254.1643394700,1,DORA-USDT
2022-04-26 23:00:00,1650985200000,4.6310000000,4.7300000000,4.6150000000,4.6320000000,47142.8450240000,220187.4108592470,220187.4108592470,1,DORA-USDT
2022-04-27 00:00:00,1650988800000,4.6300000000,4.7500000000,4.5590000000,4.7450000000,57511.6188670000,269439.6432777440,269439.6432777440,1,DORA-USDT
2022-04-27 01:00:00,1650992400000,4.7440000000,4.7440000000,4.6320000000,4.6570000000,34192.9023170000,159834.3136174940,159834.3136174940,1,DORA-USDT
2022-04-27 02:00:00,1650996000000,4.6570000000,4.7150000000,4.6140000000,4.6550000000,50681.4172240000,236789.4455245540,236789.4455245540,1,DORA-USDT
2022-04-27 03:00:00,1650999600000,4.6550000000,4.7000000000,4.5850000000,4.6080000000,61335.1238640000,284669.6898706920,284669.6898706920,1,DORA-USDT
2022-04-27 04:00:00,1651003200000,4.6090000000,4.6250000000,4.5090000000,4.5470000000,37227.4486520000,169533.9878778980,169533.9878778980,1,DORA-USDT
2022-04-27 05:00:00,1651006800000,4.5480000000,4.6110000000,4.5240000000,4.5930000000,19583.0467940000,89549.0900312220,89549.0900312220,1,DORA-USDT
2022-04-27 06:00:00,1651010400000,4.5860000000,4.6150000000,4.5590000000,4.5630000000,10209.1759270000,46885.5430851460,46885.5430851460,1,DORA-USDT
2022-04-27 07:00:00,1651014000000,4.5620000000,4.5720000000,4.4830000000,4.5490000000,32653.3656420000,147655.9228636370,147655.9228636370,1,DORA-USDT
2022-04-27 08:00:00,1651017600000,4.5480000000,4.5820000000,4.5060000000,4.5660000000,25654.8512840000,116797.6419299660,116797.6419299660,1,DORA-USDT
2022-04-27 09:00:00,1651021200000,4.5620000000,4.6100000000,4.5440000000,4.5690000000,24807.9381420000,113627.1231713980,113627.1231713980,1,DORA-USDT
2022-04-27 10:00:00,1651024800000,4.5690000000,4.5800000000,4.5390000000,4.5510000000,17569.2872870000,80027.4555051000,80027.4555051000,1,DORA-USDT
2022-04-27 11:00:00,1651028400000,4.5490000000,4.5510000000,4.5140000000,4.5170000000,9740.1749460000,44154.0514156980,44154.0514156980,1,DORA-USDT
2022-04-27 12:00:00,1651032000000,4.5180000000,4.5600000000,4.5130000000,4.5420000000,9535.6404220000,43340.9662577060,43340.9662577060,1,DORA-USDT
2022-04-27 13:00:00,1651035600000,4.5430000000,4.5850000000,4.5350000000,4.5440000000,11318.8762240000,51588.9358002890,51588.9358002890,1,DORA-USDT
2022-04-27 14:00:00,1651039200000,4.5440000000,4.6270000000,4.5380000000,4.6250000000,18378.8018490000,84190.2842968740,84190.2842968740,1,DORA-USDT
2022-04-27 15:00:00,1651042800000,4.6270000000,4.7390000000,4.6150000000,4.7390000000,25533.8196810000,118597.4276459640,118597.4276459640,1,DORA-USDT
2022-04-27 16:00:00,1651046400000,4.6850000000,4.7280000000,4.6120000000,4.6510000000,34557.0764980000,161510.2237143300,161510.2237143300,1,DORA-USDT
2022-04-27 17:00:00,1651050000000,4.6500000000,4.6680000000,4.6150000000,4.6520000000,17914.7049640000,83237.3955357820,83237.3955357820,1,DORA-USDT
2022-04-27 18:00:00,1651053600000,4.6520000000,4.6560000000,4.5720000000,4.6140000000,24399.7441900000,112470.9797866380,112470.9797866380,1,DORA-USDT
2022-04-27 19:00:00,1651057200000,4.6130000000,4.6180000000,4.5150000000,4.5480000000,32244.0118500000,146801.5597424540,146801.5597424540,1,DORA-USDT
2022-04-27 20:00:00,1651060800000,4.5490000000,4.5690000000,4.5000000000,4.5170000000,22052.5410220000,100003.2342086850,100003.2342086850,1,DORA-USDT
2022-04-27 21:00:00,1651064400000,4.5160000000,4.7340000000,4.5160000000,4.7000000000,90349.6726990000,418072.9304211710,418072.9304211710,1,DORA-USDT
2022-04-27 22:00:00,1651068000000,4.7030000000,4.7160000000,4.6060000000,4.6500000000,59665.9265680000,277328.0056116710,277328.0056116710,1,DORA-USDT
2022-04-27 23:00:00,1651071600000,4.6540000000,4.7560000000,4.6460000000,4.7400000000,37114.9510600000,174622.1101732780,174622.1101732780,1,DORA-USDT
2022-04-28 00:00:00,1651075200000,4.7410000000,4.7440000000,4.6450000000,4.6610000000,49143.4601310000,230738.9717236060,230738.9717236060,1,DORA-USDT
2022-04-28 01:00:00,1651078800000,4.6620000000,4.6630000000,4.6090000000,4.6300000000,21512.4433810000,99713.8869419170,99713.8869419170,1,DORA-USDT
2022-04-28 02:00:00,1651082400000,4.6310000000,4.6470000000,4.6080000000,4.6140000000,14607.1741770000,67583.2158743160,67583.2158743160,1,DORA-USDT
2022-04-28 03:00:00,1651086000000,4.6130000000,4.6190000000,4.5710000000,4.5940000000,19878.1973380000,91261.5346117490,91261.5346117490,1,DORA-USDT
2022-04-28 04:00:00,1651089600000,4.5970000000,4.6440000000,4.5870000000,4.6040000000,15718.9583820000,72578.0010347410,72578.0010347410,1,DORA-USDT
2022-04-28 05:00:00,1651093200000,4.6020000000,4.6370000000,4.6000000000,4.6250000000,13111.0375870000,60535.1156870900,60535.1156870900,1,DORA-USDT
2022-04-28 06:00:00,1651096800000,4.6260000000,4.6500000000,4.6010000000,4.6090000000,13856.7059280000,64075.6985045660,64075.6985045660,1,DORA-USDT
2022-04-28 07:00:00,1651100400000,4.6090000000,4.6800000000,4.5960000000,4.6800000000,17348.0086370000,80376.0176684390,80376.0176684390,1,DORA-USDT
2022-04-28 08:00:00,1651104000000,4.7110000000,4.7110000000,4.6580000000,4.6860000000,21105.5486820000,98796.0095927360,98796.0095927360,1,DORA-USDT
2022-04-28 09:00:00,1651107600000,4.6860000000,4.7000000000,4.6110000000,4.6210000000,21902.9057060000,101983.2767540680,101983.2767540680,1,DORA-USDT
2022-04-28 10:00:00,1651111200000,4.6200000000,4.6790000000,4.6090000000,4.6650000000,13489.1647460000,62744.4651389400,62744.4651389400,1,DORA-USDT
2022-04-28 11:00:00,1651114800000,4.6650000000,4.6740000000,4.6250000000,4.6270000000,13144.4458960000,61171.0399596240,61171.0399596240,1,DORA-USDT
2022-04-28 12:00:00,1651118400000,4.6290000000,4.6490000000,4.6170000000,4.6450000000,12661.2243590000,58654.7284423370,58654.7284423370,1,DORA-USDT
2022-04-28 13:00:00,1651122000000,4.6440000000,4.6490000000,4.6040000000,4.6290000000,11161.2810450000,51624.7335096090,51624.7335096090,1,DORA-USDT
2022-04-28 14:00:00,1651125600000,4.6280000000,4.6530000000,4.6190000000,4.6380000000,10588.3945310000,49113.6563393020,49113.6563393020,1,DORA-USDT
2022-04-28 15:00:00,1651129200000,4.6380000000,4.7550000000,4.6280000000,4.6920000000,30064.6299940000,140864.7373325590,140864.7373325590,1,DORA-USDT
2022-04-28 16:00:00,1651132800000,4.7030000000,4.8090000000,4.6920000000,4.7860000000,40547.9839850000,193061.5203141220,193061.5203141220,1,DORA-USDT
2022-04-28 17:00:00,1651136400000,4.7890000000,4.9360000000,4.7870000000,4.9150000000,42250.5129610000,205711.3568831340,205711.3568831340,1,DORA-USDT
2022-04-28 18:00:00,1651140000000,4.9060000000,4.9100000000,4.8520000000,4.8560000000,19410.2486050000,94457.5728292460,94457.5728292460,1,DORA-USDT
2022-04-28 19:00:00,1651143600000,4.8540000000,4.8850000000,4.8300000000,4.8700000000,20782.6542540000,100942.4773963980,100942.4773963980,1,DORA-USDT
2022-04-28 20:00:00,1651147200000,4.8710000000,4.8780000000,4.8090000000,4.8170000000,19234.1962550000,93106.3206282070,93106.3206282070,1,DORA-USDT
2022-04-28 21:00:00,1651150800000,4.8140000000,4.8150000000,4.7200000000,4.7280000000,38788.4546850000,184586.5063650480,184586.5063650480,1,DORA-USDT
2022-04-28 22:00:00,1651154400000,4.7290000000,4.7690000000,4.7000000000,4.7540000000,28822.4348180000,136206.7888513910,136206.7888513910,1,DORA-USDT
2022-04-28 23:00:00,1651158000000,4.7540000000,4.8400000000,4.7100000000,4.7500000000,44402.9350210000,211791.9722925670,211791.9722925670,1,DORA-USDT
2022-04-29 00:00:00,1651161600000,4.7500000000,4.7730000000,4.6830000000,4.7680000000,34183.4745760000,161569.9288792460,161569.9288792460,1,DORA-USDT
2022-04-29 01:00:00,1651165200000,4.7720000000,4.8290000000,4.7310000000,4.8250000000,23796.5090480000,113725.5681284370,113725.5681284370,1,DORA-USDT
2022-04-29 02:00:00,1651168800000,4.8280000000,4.8300000000,4.7870000000,4.7970000000,15271.7905730000,73449.6997553170,73449.6997553170,1,DORA-USDT
2022-04-29 03:00:00,1651172400000,4.7970000000,4.8420000000,4.7540000000,4.7680000000,24751.7536850000,118863.2650168000,118863.2650168000,1,DORA-USDT
2022-04-29 04:00:00,1651176000000,4.7690000000,4.7860000000,4.7260000000,4.7550000000,19118.7351590000,90895.9861150930,90895.9861150930,1,DORA-USDT
2022-04-29 05:00:00,1651179600000,4.7510000000,4.7740000000,4.7030000000,4.7320000000,18210.1073100000,86307.3160806570,86307.3160806570,1,DORA-USDT
2022-04-29 06:00:00,1651183200000,4.7320000000,4.7530000000,4.7050000000,4.7480000000,12799.0311580000,60513.6687548810,60513.6687548810,1,DORA-USDT
2022-04-29 07:00:00,1651186800000,4.7480000000,4.7770000000,4.7310000000,4.7650000000,14697.3896130000,69904.7965706630,69904.7965706630,1,DORA-USDT
2022-04-29 08:00:00,1651190400000,4.7650000000,4.8670000000,4.7640000000,4.8650000000,25264.2199800000,121991.1861144390,121991.1861144390,1,DORA-USDT
2022-04-29 09:00:00,1651194000000,4.8650000000,4.8920000000,4.7940000000,4.8230000000,19911.4248980000,96590.3614256310,96590.3614256310,1,DORA-USDT
2022-04-29 10:00:00,1651197600000,4.8250000000,4.8300000000,4.7040000000,4.7190000000,24090.8795550000,114615.8994378270,114615.8994378270,1,DORA-USDT
2022-04-29 11:00:00,1651201200000,4.7190000000,4.7440000000,4.6890000000,4.7030000000,19905.3151810000,93889.9418756080,93889.9418756080,1,DORA-USDT
2022-04-29 12:00:00,1651204800000,4.7030000000,4.7080000000,4.6340000000,4.6530000000,26941.1509290000,125279.0743505850,125279.0743505850,1,DORA-USDT
2022-04-29 13:00:00,1651208400000,4.6520000000,4.6680000000,4.6000000000,4.6290000000,28171.4710510000,130493.7892239120,130493.7892239120,1,DORA-USDT
2022-04-29 14:00:00,1651212000000,4.6300000000,4.6620000000,4.5940000000,4.6380000000,18603.8487410000,86102.0414876190,86102.0414876190,1,DORA-USDT
2022-04-29 15:00:00,1651215600000,4.6380000000,4.6520000000,4.6230000000,4.6520000000,9815.0268220000,45515.2686055090,45515.2686055090,1,DORA-USDT
2022-04-29 16:00:00,1651219200000,4.6520000000,4.6640000000,4.5950000000,4.5960000000,15617.4914810000,72187.3575262010,72187.3575262010,1,DORA-USDT
2022-04-29 17:00:00,1651222800000,4.5940000000,4.5940000000,4.5410000000,4.5420000000,22886.3472840000,104538.2026065210,104538.2026065210,1,DORA-USDT
2022-04-29 18:00:00,1651226400000,4.5400000000,4.5570000000,4.4850000000,4.5190000000,24133.7446730000,109112.6465243390,109112.6465243390,1,DORA-USDT
2022-04-29 19:00:00,1651230000000,4.5180000000,4.5420000000,4.4930000000,4.5370000000,19734.4600670000,89266.1542234010,89266.1542234010,1,DORA-USDT
2022-04-29 20:00:00,1651233600000,4.5370000000,4.6240000000,4.5320000000,4.5900000000,31681.8694160000,145478.7691532570,145478.7691532570,1,DORA-USDT
2022-04-29 21:00:00,1651237200000,4.5910000000,4.6230000000,4.5700000000,4.6090000000,22422.1127930000,103126.3747976080,103126.3747976080,1,DORA-USDT
2022-04-29 22:00:00,1651240800000,4.6100000000,4.6180000000,4.5450000000,4.5880000000,19046.9077600000,87193.4729475160,87193.4729475160,1,DORA-USDT
2022-04-29 23:00:00,1651244400000,4.5890000000,4.5970000000,4.5210000000,4.5390000000,28028.3256730000,128061.0194641460,128061.0194641460,1,DORA-USDT
2022-04-30 00:00:00,1651248000000,4.5380000000,4.5610000000,4.4700000000,4.4990000000,35035.2703090000,158196.8197691930,158196.8197691930,1,DORA-USDT
2022-04-30 01:00:00,1651251600000,4.4950000000,4.6630000000,4.4800000000,4.4880000000,78717.2816810000,358902.5284514770,358902.5284514770,1,DORA-USDT
2022-04-30 02:00:00,1651255200000,4.4900000000,4.4990000000,4.4180000000,4.4600000000,31764.8727260000,141681.2649000670,141681.2649000670,1,DORA-USDT
2022-04-30 03:00:00,1651258800000,4.4580000000,4.5380000000,4.4090000000,4.4740000000,46539.6019640000,207715.3444710250,207715.3444710250,1,DORA-USDT
2022-04-30 04:00:00,1651262400000,4.4760000000,4.5560000000,4.4670000000,4.5450000000,26240.0147120000,118630.6866712400,118630.6866712400,1,DORA-USDT
2022-04-30 05:00:00,1651266000000,4.5440000000,4.5800000000,4.5280000000,4.5620000000,17327.5690630000,79007.1304243970,79007.1304243970,1,DORA-USDT
2022-04-30 06:00:00,1651269600000,4.5640000000,4.5870000000,4.5330000000,4.5620000000,25137.8218110000,114691.3377555530,114691.3377555530,1,DORA-USDT
2022-04-30 07:00:00,1651273200000,4.5610000000,4.5720000000,4.5300000000,4.5520000000,19090.4443260000,86878.7530215520,86878.7530215520,1,DORA-USDT
2022-04-30 08:00:00,1651276800000,4.5530000000,4.6050000000,4.5360000000,4.6000000000,21502.3423210000,98329.4844892170,98329.4844892170,1,DORA-USDT
2022-04-30 09:00:00,1651280400000,4.5980000000,4.6190000000,4.5780000000,4.5890000000,16500.9841120000,75896.7876178620,75896.7876178620,1,DORA-USDT
2022-04-30 10:00:00,1651284000000,4.5890000000,4.6140000000,4.5570000000,4.5850000000,17269.3753420000,79239.2940221980,79239.2940221980,1,DORA-USDT
2022-04-30 11:00:00,1651287600000,4.5850000000,4.5930000000,4.5390000000,4.5800000000,14008.6551730000,64012.2429036100,64012.2429036100,1,DORA-USDT
2022-04-30 12:00:00,1651291200000,4.5790000000,4.7000000000,4.5620000000,4.6740000000,52303.7929220000,241425.4580440340,241425.4580440340,1,DORA-USDT
2022-04-30 13:00:00,1651294800000,4.6800000000,4.7960000000,4.6740000000,4.7450000000,36070.8969310000,170619.4960140620,170619.4960140620,1,DORA-USDT
2022-04-30 14:00:00,1651298400000,4.7440000000,4.7640000000,4.7030000000,4.7310000000,21084.9288460000,99755.1928491420,99755.1928491420,1,DORA-USDT
2022-04-30 15:00:00,1651302000000,4.7370000000,4.7490000000,4.6750000000,4.6770000000,43962.9802950000,207357.2861607410,207357.2861607410,1,DORA-USDT
2022-04-30 16:00:00,1651305600000,4.6770000000,4.6850000000,4.6140000000,4.6300000000,28702.6515150000,133405.7464136120,133405.7464136120,1,DORA-USDT
2022-04-30 17:00:00,1651309200000,4.6310000000,4.6790000000,4.6150000000,4.6650000000,22768.2807300000,105877.3499031270,105877.3499031270,1,DORA-USDT
2022-04-30 18:00:00,1651312800000,4.6630000000,4.6960000000,4.6440000000,4.6570000000,15197.1141700000,71002.3297127130,71002.3297127130,1,DORA-USDT
2022-04-30 19:00:00,1651316400000,4.6550000000,4.7070000000,4.6530000000,4.6890000000,9172.4465420000,42995.2626110680,42995.2626110680,1,DORA-USDT
2022-04-30 20:00:00,1651320000000,4.6900000000,4.7330000000,4.5560000000,4.5560000000,54667.6295280000,252472.5972808760,252472.5972808760,1,DORA-USDT
2022-04-30 21:00:00,1651323600000,4.5520000000,4.5840000000,4.5110000000,4.5190000000,14579.7465580000,66343.3543950540,66343.3543950540,1,DORA-USDT
2022-04-30 22:00:00,1651327200000,4.5210000000,4.5420000000,4.4000000000,4.4030000000,39135.8224220000,174713.1918314480,174713.1918314480,1,DORA-USDT
2022-04-30 23:00:00,1651330800000,4.4030000000,4.4900000000,4.3920000000,4.4620000000,31413.4966050000,139771.1136819000,139771.1136819000,1,DORA-USDT
2022-05-01 00:00:00,1651334400000,4.4630000000,4.4630000000,4.3700000000,4.3800000000,30812.0960420000,136160.8999118000,136160.8999118000,1,DORA-USDT
2022-05-01 01:00:00,1651338000000,4.3790000000,4.3820000000,4.2780000000,4.2940000000,49021.6056580000,212395.1843201500,212395.1843201500,1,DORA-USDT
2022-05-01 02:00:00,1651341600000,4.2930000000,4.3150000000,4.2560000000,4.2910000000,34343.0735390000,147206.6759693110,147206.6759693110,1,DORA-USDT
2022-05-01 03:00:00,1651345200000,4.2920000000,4.3240000000,4.2500000000,4.3160000000,21852.2833400000,93712.7003139410,93712.7003139410,1,DORA-USDT
2022-05-01 04:00:00,1651348800000,4.3160000000,4.3160000000,4.2710000000,4.2790000000,14122.5106010000,60613.2498542690,60613.2498542690,1,DORA-USDT
2022-05-01 05:00:00,1651352400000,4.2790000000,4.2850000000,4.2500000000,4.2500000000,7298.0952000000,31095.1278859670,31095.1278859670,1,DORA-USDT
2022-05-01 06:00:00,1651356000000,4.2500000000,4.2500000000,4.1370000000,4.1490000000,55086.8309470000,231683.5920009540,231683.5920009540,1,DORA-USDT
2022-05-01 07:00:00,1651359600000,4.1490000000,4.1700000000,3.9010000000,3.9950000000,131182.9961580000,525751.6543512340,525751.6543512340,1,DORA-USDT
2022-05-01 08:00:00,1651363200000,3.9970000000,4.0510000000,3.9370000000,4.0080000000,47649.3949200000,190985.6306765070,190985.6306765070,1,DORA-USDT
2022-05-01 09:00:00,1651366800000,4.0070000000,4.0800000000,3.9230000000,4.0730000000,63636.5929260000,254562.8696460700,254562.8696460700,1,DORA-USDT
2022-05-01 10:00:00,1651370400000,4.0630000000,4.1530000000,4.0540000000,4.1480000000,26525.7686710000,108815.5110993000,108815.5110993000,1,DORA-USDT
2022-05-01 11:00:00,1651374000000,4.1480000000,4.2990000000,4.1480000000,4.2870000000,43220.5960400000,183119.6499653220,183119.6499653220,1,DORA-USDT
2022-05-01 12:00:00,1651377600000,4.2870000000,4.2930000000,4.2080000000,4.2360000000,20506.5998730000,87060.2810793570,87060.2810793570,1,DORA-USDT
2022-05-01 13:00:00,1651381200000,4.2380000000,4.4910000000,4.2320000000,4.3900000000,95529.1312550000,418413.5317821780,418413.5317821780,1,DORA-USDT
2022-05-01 14:00:00,1651384800000,4.3920000000,4.4220000000,4.3610000000,4.3790000000,17535.7318070000,76985.7876276190,76985.7876276190,1,DORA-USDT
2022-05-01 15:00:00,1651388400000,4.3790000000,4.4110000000,4.3520000000,4.3590000000,21194.6573150000,92842.1234199580,92842.1234199580,1,DORA-USDT
2022-05-01 16:00:00,1651392000000,4.3610000000,4.4330000000,4.3080000000,4.3120000000,51999.4818720000,226509.9823954390,226509.9823954390,1,DORA-USDT
2022-05-01 17:00:00,1651395600000,4.3140000000,4.3190000000,4.2570000000,4.2760000000,20490.8276380000,87902.9677041840,87902.9677041840,1,DORA-USDT
2022-05-01 18:00:00,1651399200000,4.2760000000,4.3020000000,4.2500000000,4.2650000000,19511.5340840000,83503.9031867230,83503.9031867230,1,DORA-USDT
2022-05-01 19:00:00,1651402800000,4.2660000000,4.2790000000,4.2300000000,4.2370000000,17348.9736250000,73821.3531051570,73821.3531051570,1,DORA-USDT
2022-05-01 20:00:00,1651406400000,4.2370000000,4.3020000000,4.2080000000,4.3000000000,23731.9305960000,101141.4517146810,101141.4517146810,1,DORA-USDT
2022-05-01 21:00:00,1651410000000,4.3050000000,4.3130000000,4.2610000000,4.2670000000,24828.2170730000,106606.7514362480,106606.7514362480,1,DORA-USDT
2022-05-01 22:00:00,1651413600000,4.2680000000,4.3090000000,4.2170000000,4.2720000000,25976.4202410000,110737.1481530290,110737.1481530290,1,DORA-USDT
2022-05-01 23:00:00,1651417200000,4.2710000000,4.3960000000,4.2640000000,4.3850000000,36641.4522250000,158784.2631175170,158784.2631175170,1,DORA-USDT
2022-05-02 00:00:00,1651420800000,4.3880000000,4.4140000000,4.3270000000,4.3550000000,31432.9484200000,137421.7710927300,137421.7710927300,1,DORA-USDT
2022-05-02 01:00:00,1651424400000,4.3580000000,4.3940000000,4.3220000000,4.3230000000,21127.3135260000,91979.9597204220,91979.9597204220,1,DORA-USDT
2022-05-02 02:00:00,1651428000000,4.3230000000,4.3250000000,4.2240000000,4.2270000000,23343.8806350000,99696.5832865720,99696.5832865720,1,DORA-USDT
2022-05-02 03:00:00,1651431600000,4.2250000000,4.2280000000,4.1430000000,4.1980000000,32702.6060640000,137267.7476201820,137267.7476201820,1,DORA-USDT
2022-05-02 04:00:00,1651435200000,4.1990000000,4.2840000000,4.1810000000,4.2800000000,26443.1106950000,111821.8279621320,111821.8279621320,1,DORA-USDT
2022-05-02 05:00:00,1651438800000,4.2780000000,4.2820000000,4.2000000000,4.2370000000,33780.6615070000,143086.0938326020,143086.0938326020,1,DORA-USDT
2022-05-02 06:00:00,1651442400000,4.2350000000,4.2830000000,4.2320000000,4.2480000000,21852.9009840000,92974.9485405220,92974.9485405220,1,DORA-USDT
2022-05-02 07:00:00,1651446000000,4.2500000000,4.3370000000,4.2360000000,4.3130000000,26900.7016030000,115649.2052650200,115649.2052650200,1,DORA-USDT
2022-05-02 08:00:00,1651449600000,4.3140000000,4.3920000000,4.3080000000,4.3750000000,26793.1484220000,116832.2658274380,116832.2658274380,1,DORA-USDT
2022-05-02 09:00:00,1651453200000,4.3750000000,4.3800000000,4.3070000000,4.3100000000,20128.3634760000,87424.7135468250,87424.7135468250,1,DORA-USDT
2022-05-02 10:00:00,1651456800000,4.3060000000,4.3110000000,4.2450000000,4.2820000000,25739.7460110000,110077.0355116470,110077.0355116470,1,DORA-USDT
2022-05-02 11:00:00,1651460400000,4.2820000000,4.3010000000,4.2330000000,4.2350000000,18670.3092470000,79756.0146729000,79756.0146729000,1,DORA-USDT
2022-05-02 12:00:00,1651464000000,4.2380000000,4.2920000000,4.2280000000,4.2890000000,20021.3419540000,85233.6954496120,85233.6954496120,1,DORA-USDT
2022-05-02 13:00:00,1651467600000,4.2900000000,4.3060000000,4.2790000000,4.3010000000,15043.2562190000,64573.8163884960,64573.8163884960,1,DORA-USDT
2022-05-02 14:00:00,1651471200000,4.2990000000,4.3270000000,4.2620000000,4.2630000000,16841.6198130000,72271.0671816100,72271.0671816100,1,DORA-USDT
2022-05-02 15:00:00,1651474800000,4.2650000000,4.2890000000,4.2400000000,4.2510000000,18505.3929860000,79087.3004181560,79087.3004181560,1,DORA-USDT
2022-05-02 16:00:00,1651478400000,4.2530000000,4.2720000000,4.2030000000,4.2080000000,23633.0210510000,100016.3188006950,100016.3188006950,1,DORA-USDT
2022-05-02 17:00:00,1651482000000,4.2100000000,4.2260000000,4.1530000000,4.1560000000,26697.2085940000,111854.7708338350,111854.7708338350,1,DORA-USDT
2022-05-02 18:00:00,1651485600000,4.1550000000,4.2030000000,4.1080000000,4.1200000000,31949.2190240000,132755.5014905130,132755.5014905130,1,DORA-USDT
2022-05-02 19:00:00,1651489200000,4.1200000000,4.1340000000,4.0760000000,4.0800000000,29532.6731940000,121171.7483424160,121171.7483424160,1,DORA-USDT
2022-05-02 20:00:00,1651492800000,4.0810000000,4.1460000000,4.0750000000,4.0940000000,26746.0654950000,110014.0569470710,110014.0569470710,1,DORA-USDT
2022-05-02 21:00:00,1651496400000,4.0940000000,4.2080000000,4.0640000000,4.1970000000,59681.0915220000,247096.7690666390,247096.7690666390,1,DORA-USDT
2022-05-02 22:00:00,1651500000000,4.1950000000,4.2520000000,4.1560000000,4.1900000000,49576.1952760000,208410.5090665680,208410.5090665680,1,DORA-USDT
2022-05-02 23:00:00,1651503600000,4.1890000000,4.2800000000,4.1330000000,4.2650000000,52804.4599240000,222523.0674040320,222523.0674040320,1,DORA-USDT
2022-05-03 00:00:00,1651507200000,4.2670000000,4.2760000000,4.2140000000,4.2270000000,27575.6617270000,117124.0543400590,117124.0543400590,1,DORA-USDT
2022-05-03 01:00:00,1651510800000,4.2270000000,4.2360000000,4.1540000000,4.1840000000,25207.6976650000,105708.3989738760,105708.3989738760,1,DORA-USDT
2022-05-03 02:00:00,1651514400000,4.1850000000,4.2040000000,4.1510000000,4.1860000000,27501.0016940000,114983.7752074610,114983.7752074610,1,DORA-USDT
2022-05-03 03:00:00,1651518000000,4.1860000000,4.2660000000,4.1710000000,4.2590000000,21354.3738420000,90181.6418056760,90181.6418056760,1,DORA-USDT
2022-05-03 04:00:00,1651521600000,4.2620000000,4.2810000000,4.2110000000,4.2190000000,21095.5802050000,89640.5176984950,89640.5176984950,1,DORA-USDT
2022-05-03 05:00:00,1651525200000,4.2190000000,4.3170000000,4.2040000000,4.3110000000,23346.2862610000,99612.3642197980,99612.3642197980,1,DORA-USDT
2022-05-03 06:00:00,1651528800000,4.3110000000,4.3570000000,4.3110000000,4.3220000000,13022.9355740000,56488.7009379940,56488.7009379940,1,DORA-USDT
2022-05-03 07:00:00,1651532400000,4.3220000000,4.3470000000,4.3130000000,4.3280000000,10533.5908590000,45603.6638640260,45603.6638640260,1,DORA-USDT
2022-05-03 08:00:00,1651536000000,4.3290000000,4.3530000000,4.2870000000,4.2900000000,18950.4521830000,81657.8515761960,81657.8515761960,1,DORA-USDT
2022-05-03 09:00:00,1651539600000,4.2900000000,4.3490000000,4.2740000000,4.3430000000,24642.9111130000,106234.6532682600,106234.6532682600,1,DORA-USDT
2022-05-03 10:00:00,1651543200000,4.3430000000,4.3600000000,4.3060000000,4.3350000000,23826.0190300000,103340.9607124010,103340.9607124010,1,DORA-USDT
2022-05-03 11:00:00,1651546800000,4.3340000000,4.4000000000,4.3310000000,4.3620000000,12120.6546530000,52865.1775055570,52865.1775055570,1,DORA-USDT
2022-05-03 12:00:00,1651550400000,4.3620000000,4.3830000000,4.3480000000,4.3720000000,14070.1857150000,61382.1274472150,61382.1274472150,1,DORA-USDT
2022-05-03 13:00:00,1651554000000,4.3720000000,4.3850000000,4.3300000000,4.3800000000,20692.8074580000,90234.1587184780,90234.1587184780,1,DORA-USDT
2022-05-03 14:00:00,1651557600000,4.3800000000,4.3870000000,4.3380000000,4.3610000000,14639.4967400000,63922.5880315500,63922.5880315500,1,DORA-USDT
2022-05-03 15:00:00,1651561200000,4.3610000000,4.3760000000,4.3450000000,4.3700000000,14023.7633840000,61213.2412340320,61213.2412340320,1,DORA-USDT
2022-05-03 16:00:00,1651564800000,4.3800000000,4.3850000000,4.3460000000,4.3540000000,13282.2787360000,57934.1870821190,57934.1870821190,1,DORA-USDT
2022-05-03 17:00:00,1651568400000,4.3540000000,4.3590000000,4.3090000000,4.3150000000,16205.2404360000,70196.2447093840,70196.2447093840,1,DORA-USDT
2022-05-03 18:00:00,1651572000000,4.3130000000,4.3200000000,4.2020000000,4.2160000000,47686.6442690000,202814.9823297860,202814.9823297860,1,DORA-USDT
2022-05-03 19:00:00,1651575600000,4.2160000000,4.2970000000,4.2150000000,4.2910000000,17507.6303360000,74403.5316927770,74403.5316927770,1,DORA-USDT
2022-05-03 20:00:00,1651579200000,4.2880000000,4.3100000000,4.2280000000,4.2290000000,19035.0275110000,81211.9219850480,81211.9219850480,1,DORA-USDT
2022-05-03 21:00:00,1651582800000,4.2310000000,4.3000000000,4.2150000000,4.2470000000,25835.8436240000,109677.4949811910,109677.4949811910,1,DORA-USDT
2022-05-03 22:00:00,1651586400000,4.2460000000,4.2650000000,4.1950000000,4.2320000000,28677.6623040000,121126.2816673400,121126.2816673400,1,DORA-USDT
2022-05-03 23:00:00,1651590000000,4.2370000000,4.2620000000,4.2240000000,4.2450000000,22880.1020470000,96993.4505277040,96993.4505277040,1,DORA-USDT
2022-05-04 00:00:00,1651593600000,4.2540000000,4.2580000000,4.1750000000,4.1840000000,25784.7764540000,108281.4807630660,108281.4807630660,1,DORA-USDT
2022-05-04 01:00:00,1651597200000,4.1840000000,4.2280000000,4.1770000000,4.1870000000,21110.0916590000,88800.4621354780,88800.4621354780,1,DORA-USDT
2022-05-04 02:00:00,1651600800000,4.1810000000,4.2170000000,4.1510000000,4.2010000000,37761.6345260000,157788.1655359220,157788.1655359220,1,DORA-USDT
2022-05-04 03:00:00,1651604400000,4.1970000000,4.2020000000,4.1570000000,4.1760000000,21276.4624990000,88939.0986701580,88939.0986701580,1,DORA-USDT
2022-05-04 04:00:00,1651608000000,4.1800000000,4.2110000000,4.1560000000,4.1890000000,19239.8005660000,80269.3167027560,80269.3167027560,1,DORA-USDT
2022-05-04 05:00:00,1651611600000,4.1870000000,4.2440000000,4.1690000000,4.2240000000,30470.6714350000,128249.6907899950,128249.6907899950,1,DORA-USDT
2022-05-04 06:00:00,1651615200000,4.2260000000,4.2640000000,4.2030000000,4.2280000000,24465.6439240000,103620.9949234180,103620.9949234180,1,DORA-USDT
2022-05-04 07:00:00,1651618800000,4.2260000000,4.2310000000,4.1730000000,4.2110000000,17056.2276150000,71729.4832431310,71729.4832431310,1,DORA-USDT
2022-05-04 08:00:00,1651622400000,4.2130000000,4.2580000000,4.1920000000,4.2510000000,23609.4154970000,99703.9356936490,99703.9356936490,1,DORA-USDT
2022-05-04 09:00:00,1651626000000,4.2510000000,4.2610000000,4.1940000000,4.1980000000,18623.8824520000,78740.9469880540,78740.9469880540,1,DORA-USDT
2022-05-04 10:00:00,1651629600000,4.1980000000,4.2540000000,4.1970000000,4.2230000000,19116.6171250000,80766.3720113460,80766.3720113460,1,DORA-USDT
2022-05-04 11:00:00,1651633200000,4.2230000000,4.2340000000,4.1850000000,4.1960000000,15227.0491770000,64038.9655074810,64038.9655074810,1,DORA-USDT
2022-05-04 12:00:00,1651636800000,4.1980000000,4.2270000000,4.1690000000,4.1700000000,9684.7280580000,40637.4346821940,40637.4346821940,1,DORA-USDT
2022-05-04 13:00:00,1651640400000,4.1700000000,4.1860000000,4.1530000000,4.1650000000,14546.1818360000,60610.2066386030,60610.2066386030,1,DORA-USDT
2022-05-04 14:00:00,1651644000000,4.1650000000,4.2350000000,4.1650000000,4.2140000000,20630.5033020000,86810.7018390540,86810.7018390540,1,DORA-USDT
2022-05-04 15:00:00,1651647600000,4.2130000000,4.2470000000,4.1940000000,4.2420000000,19725.7873780000,83186.6041466780,83186.6041466780,1,DORA-USDT
2022-05-04 16:00:00,1651651200000,4.2430000000,4.3110000000,4.2340000000,4.3010000000,24424.2615100000,104549.0105295020,104549.0105295020,1,DORA-USDT
2022-05-04 17:00:00,1651654800000,4.3000000000,4.3090000000,4.2640000000,4.2820000000,18717.8186660000,80202.5599929590,80202.5599929590,1,DORA-USDT
2022-05-04 18:00:00,1651658400000,4.2820000000,4.3620000000,4.2740000000,4.3460000000,23807.9748340000,102995.3401852630,102995.3401852630,1,DORA-USDT
2022-05-04 19:00:00,1651662000000,4.3460000000,4.3550000000,4.2870000000,4.3060000000,27367.4984060000,117969.4389407600,117969.4389407600,1,DORA-USDT
2022-05-04 20:00:00,1651665600000,4.3060000000,4.3170000000,4.1680000000,4.2520000000,43727.2665930000,185340.2849266180,185340.2849266180,1,DORA-USDT
2022-05-04 21:00:00,1651669200000,4.2480000000,4.2600000000,4.1510000000,4.1520000000,23835.5924770000,100351.3234503800,100351.3234503800,1,DORA-USDT
2022-05-04 22:00:00,1651672800000,4.1510000000,4.2280000000,4.1500000000,4.1880000000,35755.7556140000,150144.0229247770,150144.0229247770,1,DORA-USDT
2022-05-04 23:00:00,1651676400000,4.1880000000,4.2570000000,4.1750000000,4.2500000000,33042.4096070000,139237.1634678720,139237.1634678720,1,DORA-USDT
2022-05-05 00:00:00,1651680000000,4.2470000000,4.3000000000,4.2060000000,4.2560000000,45025.8228600000,191248.8149010350,191248.8149010350,1,DORA-USDT
2022-05-05 01:00:00,1651683600000,4.2550000000,4.2720000000,4.2020000000,4.2420000000,37629.3402510000,159183.0731026670,159183.0731026670,1,DORA-USDT
2022-05-05 02:00:00,1651687200000,4.2430000000,4.4250000000,4.2110000000,4.4030000000,75018.2335420000,323834.9918056730,323834.9918056730,1,DORA-USDT
2022-05-05 03:00:00,1651690800000,4.4100000000,4.4910000000,4.4060000000,4.4610000000,39248.1098400000,174287.1949101720,174287.1949101720,1,DORA-USDT
2022-05-05 04:00:00,1651694400000,4.4630000000,4.5080000000,4.4490000000,4.5010000000,20648.2091370000,92519.2795920270,92519.2795920270,1,DORA-USDT
2022-05-05 05:00:00,1651698000000,4.5010000000,4.5120000000,4.4610000000,4.4770000000,21198.9987450000,95022.7813805360,95022.7813805360,1,DORA-USDT
2022-05-05 06:00:00,1651701600000,4.4770000000,4.4880000000,4.4570000000,4.4600000000,11729.7317060000,52469.5588989050,52469.5588989050,1,DORA-USDT
2022-05-05 07:00:00,1651705200000,4.4620000000,4.5050000000,4.4600000000,4.4890000000,17204.7292770000,77158.6647891120,77158.6647891120,1,DORA-USDT
2022-05-05 08:00:00,1651708800000,4.4880000000,4.5290000000,4.4580000000,4.4840000000,25741.7085080000,115661.5725242310,115661.5725242310,1,DORA-USDT
2022-05-05 09:00:00,1651712400000,4.4830000000,4.4980000000,4.4460000000,4.4730000000,11807.1671750000,52890.5450044070,52890.5450044070,1,DORA-USDT
2022-05-05 10:00:00,1651716000000,4.4720000000,4.5000000000,4.4590000000,4.4910000000,12070.4867030000,54135.9127041000,54135.9127041000,1,DORA-USDT
2022-05-05 11:00:00,1651719600000,4.4920000000,4.5000000000,4.4830000000,4.4870000000,8439.8989620000,37930.9707169520,37930.9707169520,1,DORA-USDT
2022-05-05 12:00:00,1651723200000,4.4890000000,4.4920000000,4.4480000000,4.4840000000,12180.1406490000,54434.4460899290,54434.4460899290,1,DORA-USDT
2022-05-05 13:00:00,1651726800000,4.4840000000,4.4950000000,4.4060000000,4.4110000000,14124.0739920000,62818.8205660690,62818.8205660690,1,DORA-USDT
2022-05-05 14:00:00,1651730400000,4.4110000000,4.4510000000,4.4050000000,4.4270000000,15210.5072810000,67419.7382503960,67419.7382503960,1,DORA-USDT
2022-05-05 15:00:00,1651734000000,4.4290000000,4.4380000000,4.4030000000,4.4310000000,14363.9153210000,63540.9382630240,63540.9382630240,1,DORA-USDT
2022-05-05 16:00:00,1651737600000,4.4310000000,4.4310000000,4.3120000000,4.3340000000,30921.2062990000,134783.8190496920,134783.8190496920,1,DORA-USDT
2022-05-05 17:00:00,1651741200000,4.3270000000,4.3660000000,4.3060000000,4.3210000000,23271.7687470000,100846.0871191200,100846.0871191200,1,DORA-USDT
2022-05-05 18:00:00,1651744800000,4.3210000000,4.3790000000,4.3130000000,4.3440000000,28221.8106550000,122846.5326911690,122846.5326911690,1,DORA-USDT
2022-05-05 19:00:00,1651748400000,4.3430000000,4.3580000000,4.3100000000,4.3140000000,15821.5292340000,68702.6426322880,68702.6426322880,1,DORA-USDT
2022-05-05 20:00:00,1651752000000,4.3140000000,4.3620000000,4.2100000000,4.3340000000,34655.2412250000,149699.3337317320,149699.3337317320,1,DORA-USDT
2022-05-05 21:00:00,1651755600000,4.3310000000,4.3430000000,4.2140000000,4.2240000000,34008.2865600000,145557.0238071340,145557.0238071340,1,DORA-USDT
2022-05-05 22:00:00,1651759200000,4.2210000000,4.2460000000,4.0500000000,4.1210000000,62366.0836790000,258671.1048714710,258671.1048714710,1,DORA-USDT
2022-05-05 23:00:00,1651762800000,4.1190000000,4.1290000000,3.9200000000,4.0090000000,87693.7640580000,352839.8032390600,352839.8032390600,1,DORA-USDT
2022-05-06 00:00:00,1651766400000,4.0030000000,4.1770000000,3.9490000000,4.0210000000,116822.2964390000,474986.3333870760,474986.3333870760,1,DORA-USDT
2022-05-06 01:00:00,1651770000000,4.0260000000,4.0430000000,3.9520000000,3.9600000000,32079.3307670000,128207.2278315100,128207.2278315100,1,DORA-USDT
2022-05-06 02:00:00,1651773600000,3.9600000000,3.9990000000,3.9000000000,3.9800000000,49743.4059380000,196893.7318471530,196893.7318471530,1,DORA-USDT
2022-05-06 03:00:00,1651777200000,3.9810000000,4.0300000000,3.9260000000,4.0260000000,38454.5007350000,153100.6427319800,153100.6427319800,1,DORA-USDT
2022-05-06 04:00:00,1651780800000,4.0300000000,4.1440000000,4.0080000000,4.1440000000,38096.1146940000,155263.4826315290,155263.4826315290,1,DORA-USDT
2022-05-06 05:00:00,1651784400000,4.1430000000,4.1470000000,4.1000000000,4.1130000000,21900.4226430000,90335.7278193540,90335.7278193540,1,DORA-USDT
2022-05-06 06:00:00,1651788000000,4.1110000000,4.1380000000,4.0920000000,4.1100000000,24458.5430550000,100692.5907106820,100692.5907106820,1,DORA-USDT
2022-05-06 07:00:00,1651791600000,4.1090000000,4.1500000000,4.1090000000,4.1380000000,32345.9895210000,133563.7510745210,133563.7510745210,1,DORA-USDT
2022-05-06 08:00:00,1651795200000,4.1370000000,4.1500000000,4.0290000000,4.0730000000,53826.4651660000,220039.7219858950,220039.7219858950,1,DORA-USDT
2022-05-06 09:00:00,1651798800000,4.0720000000,4.0860000000,4.0320000000,4.0610000000,29138.7909890000,118312.2456067770,118312.2456067770,1,DORA-USDT
2022-05-06 10:00:00,1651802400000,4.0620000000,4.1180000000,4.0600000000,4.0860000000,21459.8014630000,87829.8706861320,87829.8706861320,1,DORA-USDT
2022-05-06 11:00:00,1651806000000,4.0870000000,4.1040000000,4.0500000000,4.0720000000,27161.0095550000,110597.3254169500,110597.3254169500,1,DORA-USDT
2022-05-06 12:00:00,1651809600000,4.0730000000,4.0730000000,4.0060000000,4.0160000000,28547.0285410000,115017.8644160910,115017.8644160910,1,DORA-USDT
2022-05-06 13:00:00,1651813200000,4.0180000000,4.0660000000,4.0110000000,4.0600000000,19792.3069250000,79951.1211772430,79951.1211772430,1,DORA-USDT
2022-05-06 14:00:00,1651816800000,4.0600000000,4.0720000000,4.0240000000,4.0290000000,23060.5859930000,93281.1906505610,93281.1906505610,1,DORA-USDT
2022-05-06 15:00:00,1651820400000,4.0290000000,4.0350000000,3.8880000000,3.9490000000,66298.3948060000,262577.6036802820,262577.6036802820,1,DORA-USDT
2022-05-06 16:00:00,1651824000000,3.9460000000,3.9910000000,3.8050000000,3.8100000000,81581.3619170000,318439.4990854170,318439.4990854170,1,DORA-USDT
2022-05-06 17:00:00,1651827600000,3.8090000000,3.8770000000,3.8000000000,3.8720000000,32910.4502990000,126201.4873345860,126201.4873345860,1,DORA-USDT
2022-05-06 18:00:00,1651831200000,3.8720000000,3.8750000000,3.7400000000,3.7590000000,45946.5402080000,174665.8697816900,174665.8697816900,1,DORA-USDT
2022-05-06 19:00:00,1651834800000,3.7580000000,3.7980000000,3.6660000000,3.7230000000,60290.6199110000,224728.0151321700,224728.0151321700,1,DORA-USDT
2022-05-06 20:00:00,1651838400000,3.7210000000,3.8210000000,3.6850000000,3.7310000000,67869.7736150000,254061.9565920980,254061.9565920980,1,DORA-USDT
2022-05-06 21:00:00,1651842000000,3.7330000000,3.7570000000,3.6130000000,3.7140000000,58319.7912320000,214676.5575649890,214676.5575649890,1,DORA-USDT
2022-05-06 22:00:00,1651845600000,3.7120000000,3.8020000000,3.6880000000,3.7910000000,54984.4573170000,205712.9856283920,205712.9856283920,1,DORA-USDT
2022-05-06 23:00:00,1651849200000,3.7900000000,3.8700000000,3.7690000000,3.7740000000,47875.6222340000,182594.9836051280,182594.9836051280,1,DORA-USDT
2022-05-07 00:00:00,1651852800000,3.7790000000,3.8030000000,3.7480000000,3.7990000000,35615.3185950000,134535.1181100410,134535.1181100410,1,DORA-USDT
2022-05-07 01:00:00,1651856400000,3.7990000000,3.7990000000,3.7260000000,3.7320000000,29391.5728840000,110524.9674616550,110524.9674616550,1,DORA-USDT
2022-05-07 02:00:00,1651860000000,3.7330000000,3.7720000000,3.7190000000,3.7430000000,30332.1676380000,113546.3017574950,113546.3017574950,1,DORA-USDT
2022-05-07 03:00:00,1651863600000,3.7420000000,3.8000000000,3.7300000000,3.7780000000,29720.2912690000,111877.5340512550,111877.5340512550,1,DORA-USDT
2022-05-07 04:00:00,1651867200000,3.7790000000,3.8010000000,3.7500000000,3.7970000000,18778.7785140000,70834.2086504680,70834.2086504680,1,DORA-USDT
2022-05-07 05:00:00,1651870800000,3.7980000000,3.8010000000,3.7400000000,3.7520000000,18934.3664740000,71387.9505314460,71387.9505314460,1,DORA-USDT
2022-05-07 06:00:00,1651874400000,3.7510000000,3.7810000000,3.7280000000,3.7660000000,21050.4777250000,79064.5150428570,79064.5150428570,1,DORA-USDT
2022-05-07 07:00:00,1651878000000,3.7660000000,3.7770000000,3.7390000000,3.7470000000,18831.3800320000,70771.0117875540,70771.0117875540,1,DORA-USDT
2022-05-07 08:00:00,1651881600000,3.7470000000,3.7670000000,3.7180000000,3.7250000000,21847.4445010000,81743.5129425370,81743.5129425370,1,DORA-USDT
2022-05-07 09:00:00,1651885200000,3.7220000000,3.7630000000,3.7160000000,3.7540000000,19684.7517070000,73626.8806991560,73626.8806991560,1,DORA-USDT
2022-05-07 10:00:00,1651888800000,3.7540000000,3.7610000000,3.7030000000,3.7080000000,17346.7779230000,64618.1846391120,64618.1846391120,1,DORA-USDT
2022-05-07 11:00:00,1651892400000,3.7070000000,3.7200000000,3.6870000000,3.6900000000,18703.1211970000,69237.4423572790,69237.4423572790,1,DORA-USDT
2022-05-07 12:00:00,1651896000000,3.6910000000,3.7100000000,3.6550000000,3.6590000000,19766.1421080000,72794.5528169850,72794.5528169850,1,DORA-USDT
2022-05-07 13:00:00,1651899600000,3.6630000000,3.7750000000,3.6570000000,3.7730000000,36604.6741890000,136236.4304906840,136236.4304906840,1,DORA-USDT
2022-05-07 14:00:00,1651903200000,3.7750000000,3.8000000000,3.7260000000,3.7540000000,24585.4630820000,92354.1802830910,92354.1802830910,1,DORA-USDT
2022-05-07 15:00:00,1651906800000,3.7530000000,3.8520000000,3.7490000000,3.8200000000,33047.4818360000,126121.3383744160,126121.3383744160,1,DORA-USDT
2022-05-07 16:00:00,1651910400000,3.8200000000,3.9230000000,3.8200000000,3.8390000000,50672.1477620000,196219.8210796630,196219.8210796630,1,DORA-USDT
2022-05-07 17:00:00,1651914000000,3.8390000000,3.8700000000,3.8250000000,3.8340000000,26144.0662600000,100565.1097905590,100565.1097905590,1,DORA-USDT
2022-05-07 18:00:00,1651917600000,3.8320000000,3.8700000000,3.8200000000,3.8400000000,20263.2538370000,77864.9227829800,77864.9227829800,1,DORA-USDT
2022-05-07 19:00:00,1651921200000,3.8410000000,3.8480000000,3.7920000000,3.8020000000,13222.2366720000,50538.6651534910,50538.6651534910,1,DORA-USDT
2022-05-07 20:00:00,1651924800000,3.8050000000,3.8060000000,3.7480000000,3.7760000000,19549.5099110000,73785.0217777630,73785.0217777630,1,DORA-USDT
2022-05-07 21:00:00,1651928400000,3.7760000000,3.8420000000,3.7240000000,3.8040000000,35557.7425170000,134007.4793649830,134007.4793649830,1,DORA-USDT
2022-05-07 22:00:00,1651932000000,3.7960000000,3.8540000000,3.7960000000,3.8340000000,25727.7354670000,98571.9840027310,98571.9840027310,1,DORA-USDT
2022-05-07 23:00:00,1651935600000,3.8320000000,3.8680000000,3.8310000000,3.8490000000,12544.1921840000,48272.4908647510,48272.4908647510,1,DORA-USDT
2022-05-08 00:00:00,1651939200000,3.8500000000,3.8800000000,3.8270000000,3.8570000000,21178.1185820000,81670.3391310330,81670.3391310330,1,DORA-USDT
2022-05-08 01:00:00,1651942800000,3.8560000000,3.8610000000,3.8300000000,3.8530000000,13032.8819630000,50146.4089981850,50146.4089981850,1,DORA-USDT
2022-05-08 02:00:00,1651946400000,3.8540000000,3.9050000000,3.8410000000,3.8500000000,18167.6586370000,70468.4593856060,70468.4593856060,1,DORA-USDT
2022-05-08 03:00:00,1651950000000,3.8540000000,3.8720000000,3.8370000000,3.8460000000,7353.3865200000,28364.4401233170,28364.4401233170,1,DORA-USDT
2022-05-08 04:00:00,1651953600000,3.8440000000,3.8480000000,3.7870000000,3.8060000000,16969.6586570000,64764.4820175490,64764.4820175490,1,DORA-USDT
2022-05-08 05:00:00,1651957200000,3.8050000000,3.8090000000,3.6830000000,3.6830000000,31204.3870070000,116888.0478959570,116888.0478959570,1,DORA-USDT
2022-05-08 06:00:00,1651960800000,3.6830000000,3.7070000000,3.6220000000,3.6680000000,35247.0045530000,129431.2681337730,129431.2681337730,1,DORA-USDT
2022-05-08 07:00:00,1651964400000,3.6660000000,3.7570000000,3.6510000000,3.7160000000,34658.7517760000,128925.9437806440,128925.9437806440,1,DORA-USDT
2022-05-08 08:00:00,1651968000000,3.7170000000,3.7530000000,3.7120000000,3.7180000000,26291.8653320000,98122.7323095230,98122.7323095230,1,DORA-USDT
2022-05-08 09:00:00,1651971600000,3.7190000000,3.7450000000,3.6810000000,3.6910000000,31426.8608090000,116651.7296694740,116651.7296694740,1,DORA-USDT
2022-05-08 10:00:00,1651975200000,3.6870000000,3.7040000000,3.6250000000,3.6770000000,40994.1631270000,150054.1527743620,150054.1527743620,1,DORA-USDT
2022-05-08 11:00:00,1651978800000,3.6770000000,3.7530000000,3.6460000000,3.7520000000,43710.8278270000,161863.1620419730,161863.1620419730,1,DORA-USDT
2022-05-08 12:00:00,1651982400000,3.7520000000,3.8190000000,3.7520000000,3.7740000000,37489.3151460000,141960.6282131060,141960.6282131060,1,DORA-USDT
2022-05-08 13:00:00,1651986000000,3.7750000000,3.8290000000,3.7700000000,3.7930000000,28157.0755260000,106910.5986505400,106910.5986505400,1,DORA-USDT
2022-05-08 14:00:00,1651989600000,3.7920000000,3.8610000000,3.7890000000,3.8310000000,29665.5875270000,113399.7185153760,113399.7185153760,1,DORA-USDT
2022-05-08 15:00:00,1651993200000,3.8320000000,3.8740000000,3.8080000000,3.8150000000,36759.2796700000,141116.2141771430,141116.2141771430,1,DORA-USDT
2022-05-08 16:00:00,1651996800000,3.8180000000,3.8410000000,3.7750000000,3.8170000000,65908.0274540000,251469.9291909400,251469.9291909400,1,DORA-USDT
2022-05-08 17:00:00,1652000400000,3.8190000000,3.8390000000,3.7700000000,3.7910000000,29456.3559820000,112125.5853369060,112125.5853369060,1,DORA-USDT
2022-05-08 18:00:00,1652004000000,3.7940000000,3.8290000000,3.7720000000,3.8150000000,36568.8313740000,139136.7887291610,139136.7887291610,1,DORA-USDT
2022-05-08 19:00:00,1652007600000,3.8160000000,3.8370000000,3.7820000000,3.8100000000,29527.9575360000,112505.6681675660,112505.6681675660,1,DORA-USDT
2022-05-08 20:00:00,1652011200000,3.8080000000,3.8150000000,3.7230000000,3.7350000000,30879.1399530000,116255.3284147200,116255.3284147200,1,DORA-USDT
2022-05-08 21:00:00,1652014800000,3.7350000000,3.7500000000,3.6740000000,3.6740000000,40285.7871820000,149479.0962279540,149479.0962279540,1,DORA-USDT
2022-05-08 22:00:00,1652018400000,3.6750000000,3.7490000000,3.6650000000,3.7190000000,46784.7041320000,173621.2130592520,173621.2130592520,1,DORA-USDT
2022-05-08 23:00:00,1652022000000,3.7190000000,3.7790000000,3.7150000000,3.7180000000,36640.8120590000,137528.8383870830,137528.8383870830,1,DORA-USDT
2022-05-09 00:00:00,1652025600000,3.7230000000,3.7690000000,3.7150000000,3.7180000000,31927.3611930000,119500.4094408170,119500.4094408170,1,DORA-USDT
2022-05-09 01:00:00,1652029200000,3.7180000000,3.7180000000,3.6400000000,3.6930000000,64004.0977190000,235044.3064234170,235044.3064234170,1,DORA-USDT
2022-05-09 02:00:00,1652032800000,3.6940000000,3.7650000000,3.6490000000,3.7520000000,42987.3157500000,159380.4304128600,159380.4304128600,1,DORA-USDT
2022-05-09 03:00:00,1652036400000,3.7510000000,3.7880000000,3.7410000000,3.7660000000,19785.1269880000,74509.6621208570,74509.6621208570,1,DORA-USDT
2022-05-09 04:00:00,1652040000000,3.7670000000,3.7710000000,3.7200000000,3.7320000000,21350.1938450000,79813.8949317760,79813.8949317760,1,DORA-USDT
2022-05-09 05:00:00,1652043600000,3.7330000000,3.8050000000,3.7330000000,3.7940000000,26093.1886890000,98539.2983443470,98539.2983443470,1,DORA-USDT
2022-05-09 06:00:00,1652047200000,3.7940000000,3.8020000000,3.7290000000,3.7570000000,25679.6494530000,96567.0277777440,96567.0277777440,1,DORA-USDT
2022-05-09 07:00:00,1652050800000,3.7570000000,3.7650000000,3.7110000000,3.7460000000,22105.8681360000,82710.1902161710,82710.1902161710,1,DORA-USDT
2022-05-09 08:00:00,1652054400000,3.7470000000,3.8250000000,3.7440000000,3.8140000000,27339.7812130000,103526.3914799040,103526.3914799040,1,DORA-USDT
2022-05-09 09:00:00,1652058000000,3.8140000000,3.8380000000,3.7690000000,3.7820000000,24436.5342580000,92914.5333364090,92914.5333364090,1,DORA-USDT
2022-05-09 10:00:00,1652061600000,3.7800000000,3.7850000000,3.6210000000,3.6630000000,59236.3076960000,217871.3988447830,217871.3988447830,1,DORA-USDT
2022-05-09 11:00:00,1652065200000,3.6670000000,3.7420000000,3.6560000000,3.6810000000,36590.9044460000,135445.2744037800,135445.2744037800,1,DORA-USDT
2022-05-09 12:00:00,1652068800000,3.6820000000,3.7210000000,3.6770000000,3.6890000000,18962.9042290000,70184.9134042350,70184.9134042350,1,DORA-USDT
2022-05-09 13:00:00,1652072400000,3.6900000000,3.7290000000,3.6420000000,3.6470000000,26763.4826670000,98340.4568681060,98340.4568681060,1,DORA-USDT
2022-05-09 14:00:00,1652076000000,3.6450000000,3.6830000000,3.6000000000,3.6660000000,42618.0810910000,155468.5620616680,155468.5620616680,1,DORA-USDT
2022-05-09 15:00:00,1652079600000,3.6640000000,3.6980000000,3.6500000000,3.6520000000,29117.7804630000,106978.8833443340,106978.8833443340,1,DORA-USDT
2022-05-09 16:00:00,1652083200000,3.6520000000,3.6580000000,3.5740000000,3.6490000000,57313.8807260000,207263.6905922450,207263.6905922450,1,DORA-USDT
2022-05-09 17:00:00,1652086800000,3.6490000000,3.6670000000,3.6220000000,3.6250000000,22260.2374240000,81068.8028084190,81068.8028084190,1,DORA-USDT
2022-05-09 18:00:00,1652090400000,3.6290000000,3.6320000000,3.4730000000,3.5040000000,61230.6997490000,216533.1453421600,216533.1453421600,1,DORA-USDT
2022-05-09 19:00:00,1652094000000,3.5070000000,3.5520000000,3.4820000000,3.5470000000,40330.6022130000,142041.2780250540,142041.2780250540,1,DORA-USDT
2022-05-09 20:00:00,1652097600000,3.5450000000,3.5930000000,3.5090000000,3.5160000000,45560.8784520000,161306.1858561700,161306.1858561700,1,DORA-USDT
2022-05-09 21:00:00,1652101200000,3.5160000000,3.5800000000,3.4790000000,3.5650000000,57601.2072700000,203455.5233428120,203455.5233428120,1,DORA-USDT
2022-05-09 22:00:00,1652104800000,3.5690000000,3.5730000000,3.5060000000,3.5370000000,41106.9803720000,145730.7730402420,145730.7730402420,1,DORA-USDT
2022-05-09 23:00:00,1652108400000,3.5300000000,3.5760000000,3.4840000000,3.5510000000,55811.0270790000,197596.8989390610,197596.8989390610,1,DORA-USDT
2022-05-10 00:00:00,1652112000000,3.5420000000,3.8170000000,3.5340000000,3.7240000000,90673.6156420000,327499.2935720530,327499.2935720530,1,DORA-USDT
2022-05-10 01:00:00,1652115600000,3.6980000000,3.8650000000,3.6280000000,3.7050000000,42122.7807550000,157429.9471685450,157429.9471685450,1,DORA-USDT
2022-05-10 02:00:00,1652119200000,3.6990000000,3.7610000000,3.6000000000,3.6090000000,93538.7512790000,344749.6480247960,344749.6480247960,1,DORA-USDT
2022-05-10 03:00:00,1652122800000,3.6130000000,3.7140000000,3.6000000000,3.6910000000,78646.6441860000,286242.1531925770,286242.1531925770,1,DORA-USDT
2022-05-10 04:00:00,1652126400000,3.6900000000,3.7750000000,3.6460000000,3.6930000000,70642.3526230000,261971.5546539210,261971.5546539210,1,DORA-USDT
2022-05-10 05:00:00,1652130000000,3.7050000000,3.7650000000,3.6660000000,3.6680000000,45676.8591980000,169788.9345109500,169788.9345109500,1,DORA-USDT
2022-05-10 06:00:00,1652133600000,3.6680000000,3.8610000000,3.6300000000,3.7010000000,73840.6127170000,272352.9217370460,272352.9217370460,1,DORA-USDT
2022-05-10 07:00:00,1652137200000,3.7010000000,3.7140000000,3.6000000000,3.6280000000,85618.1394040000,310887.2468401490,310887.2468401490,1,DORA-USDT
2022-05-10 08:00:00,1652140800000,3.6280000000,3.7390000000,3.5820000000,3.6950000000,103929.3980000000,378196.8054443240,378196.8054443240,1,DORA-USDT
2022-05-10 09:00:00,1652144400000,3.6960000000,3.7220000000,3.6490000000,3.6790000000,60207.0316700000,221945.1737519100,221945.1737519100,1,DORA-USDT
2022-05-10 10:00:00,1652148000000,3.6790000000,3.8480000000,3.6490000000,3.7180000000,91996.7317410000,345259.5977321340,345259.5977321340,1,DORA-USDT
2022-05-10 11:00:00,1652151600000,3.7230000000,3.7710000000,3.6860000000,3.6950000000,55345.4182300000,206335.3689409980,206335.3689409980,1,DORA-USDT
2022-05-10 12:00:00,1652155200000,3.7010000000,3.9000000000,3.6670000000,3.8640000000,80543.0294290000,306013.7053281140,306013.7053281140,1,DORA-USDT
2022-05-10 13:00:00,1652158800000,3.8630000000,3.9940000000,3.8630000000,3.9260000000,62910.6003450000,246502.9494494600,246502.9494494600,1,DORA-USDT
2022-05-10 14:00:00,1652162400000,3.9260000000,4.0370000000,3.9040000000,3.9350000000,68216.9166100000,271018.2125630470,271018.2125630470,1,DORA-USDT
2022-05-10 15:00:00,1652166000000,3.9350000000,3.9690000000,3.8250000000,3.8590000000,55628.7743600000,215368.5298047290,215368.5298047290,1,DORA-USDT
2022-05-10 16:00:00,1652169600000,3.8280000000,3.9620000000,3.8270000000,3.8900000000,64065.4944690000,250483.6459194000,250483.6459194000,1,DORA-USDT
2022-05-10 17:00:00,1652173200000,3.8970000000,3.9110000000,3.8270000000,3.8350000000,54648.6773310000,211637.4012386090,211637.4012386090,1,DORA-USDT
2022-05-10 18:00:00,1652176800000,3.8430000000,3.9270000000,3.8190000000,3.8690000000,57238.1854390000,222109.2950350200,222109.2950350200,1,DORA-USDT
2022-05-10 19:00:00,1652180400000,3.8690000000,3.9540000000,3.8500000000,3.9430000000,34908.2901900000,136784.2255287160,136784.2255287160,1,DORA-USDT
2022-05-10 20:00:00,1652184000000,3.9480000000,4.0410000000,3.9020000000,4.0190000000,54851.1660930000,217708.6631770550,217708.6631770550,1,DORA-USDT
2022-05-10 21:00:00,1652187600000,4.0170000000,4.0490000000,3.8870000000,3.9540000000,60673.6450920000,240413.6990074140,240413.6990074140,1,DORA-USDT
2022-05-10 22:00:00,1652191200000,3.9590000000,3.9890000000,3.8000000000,3.8650000000,62945.0492170000,244899.5356947640,244899.5356947640,1,DORA-USDT
2022-05-10 23:00:00,1652194800000,3.8660000000,4.0000000000,3.8090000000,3.9680000000,84614.6188760000,330856.8235810550,330856.8235810550,1,DORA-USDT
2022-05-11 00:00:00,1652198400000,3.9660000000,3.9930000000,3.7580000000,3.8310000000,84316.8689490000,324015.7273910390,324015.7273910390,1,DORA-USDT
2022-05-11 01:00:00,1652202000000,3.8310000000,3.9460000000,3.8030000000,3.9210000000,55781.6963640000,216084.4670643350,216084.4670643350,1,DORA-USDT
2022-05-11 02:00:00,1652205600000,3.9200000000,3.9340000000,3.7960000000,3.8070000000,69967.0435870000,270131.9104205250,270131.9104205250,1,DORA-USDT
2022-05-11 03:00:00,1652209200000,3.8080000000,3.8540000000,3.7700000000,3.8070000000,35737.9923910000,135901.3019177830,135901.3019177830,1,DORA-USDT
2022-05-11 04:00:00,1652212800000,3.8040000000,3.8050000000,3.7370000000,3.7410000000,29297.0638390000,110422.0685293180,110422.0685293180,1,DORA-USDT
2022-05-11 05:00:00,1652216400000,3.7450000000,3.7710000000,3.6360000000,3.6360000000,40654.5662240000,150142.9122879600,150142.9122879600,1,DORA-USDT
2022-05-11 06:00:00,1652220000000,3.6370000000,3.8190000000,3.6310000000,3.7920000000,69273.6747020000,259211.8619537720,259211.8619537720,1,DORA-USDT
2022-05-11 07:00:00,1652223600000,3.7920000000,3.8800000000,3.7710000000,3.8620000000,54839.7293250000,210864.9102453170,210864.9102453170,1,DORA-USDT
2022-05-11 08:00:00,1652227200000,3.8620000000,4.0280000000,3.8530000000,3.9730000000,65126.5940680000,258092.6787364560,258092.6787364560,1,DORA-USDT
2022-05-11 09:00:00,1652230800000,3.9730000000,3.9890000000,3.8890000000,3.8940000000,42243.6429910000,165869.2604451090,165869.2604451090,1,DORA-USDT
2022-05-11 10:00:00,1652234400000,3.8940000000,4.0270000000,3.8710000000,3.9960000000,69424.0096750000,274916.8676383350,274916.8676383350,1,DORA-USDT
2022-05-11 11:00:00,1652238000000,3.9920000000,4.0140000000,3.8960000000,3.9080000000,41142.0030810000,162038.8454262350,162038.8454262350,1,DORA-USDT
2022-05-11 12:00:00,1652241600000,3.9050000000,3.9460000000,3.8660000000,3.9050000000,51368.4950380000,200614.5142186300,200614.5142186300,1,DORA-USDT
2022-05-11 13:00:00,1652245200000,3.9040000000,4.0250000000,3.8620000000,3.9130000000,77633.9265980000,306169.5911490740,306169.5911490740,1,DORA-USDT
2022-05-11 14:00:00,1652248800000,3.9170000000,3.9510000000,3.6000000000,3.6320000000,127987.4296620000,481653.9792165330,481653.9792165330,1,DORA-USDT
2022-05-11 15:00:00,1652252400000,3.6360000000,3.6870000000,3.4580000000,3.6620000000,136263.0982250000,488412.3981816250,488412.3981816250,1,DORA-USDT
2022-05-11 16:00:00,1652256000000,3.6610000000,3.7020000000,3.5560000000,3.6700000000,51849.9803350000,188240.2371781760,188240.2371781760,1,DORA-USDT
2022-05-11 17:00:00,1652259600000,3.6740000000,3.7430000000,3.6000000000,3.7330000000,68220.1223940000,251092.2762308810,251092.2762308810,1,DORA-USDT
2022-05-11 18:00:00,1652263200000,3.7350000000,3.7500000000,3.2560000000,3.3550000000,190768.2401900000,668966.5788202850,668966.5788202850,1,DORA-USDT
2022-05-11 19:00:00,1652266800000,3.3540000000,3.4000000000,3.1090000000,3.1590000000,233474.2780850000,754288.5301525750,754288.5301525750,1,DORA-USDT
2022-05-11 20:00:00,1652270400000,3.1550000000,3.4780000000,2.1730000000,2.2760000000,329687.9685310000,978426.5882299800,978426.5882299800,1,DORA-USDT
2022-05-11 21:00:00,1652274000000,2.2630000000,3.2730000000,2.2390000000,3.1340000000,358561.7407310000,1050074.5193176493,1050074.5193176493,1,DORA-USDT
2022-05-11 22:00:00,1652277600000,3.1450000000,3.3120000000,2.9350000000,2.9490000000,201291.3623900000,618679.3185918360,618679.3185918360,1,DORA-USDT
2022-05-11 23:00:00,1652281200000,2.9490000000,2.9500000000,2.7980000000,2.8710000000,118055.7558090000,339610.1063650340,339610.1063650340,1,DORA-USDT
2022-05-12 00:00:00,1652284800000,2.8700000000,3.0110000000,2.5650000000,2.6300000000,185690.4811220000,512381.0726634640,512381.0726634640,1,DORA-USDT
2022-05-12 01:00:00,1652288400000,2.6270000000,2.9340000000,2.5190000000,2.6690000000,191849.9324850000,510610.2161733590,510610.2161733590,1,DORA-USDT
2022-05-12 02:00:00,1652292000000,2.6680000000,2.8010000000,2.6480000000,2.6840000000,116985.3066040000,318234.6926084840,318234.6926084840,1,DORA-USDT
2022-05-12 03:00:00,1652295600000,2.6850000000,2.7570000000,2.6000000000,2.6970000000,120418.7093210000,320013.4954915380,320013.4954915380,1,DORA-USDT
2022-05-12 04:00:00,1652299200000,2.6920000000,2.7630000000,2.5020000000,2.5570000000,110831.9587960000,292406.0505902010,292406.0505902010,1,DORA-USDT
2022-05-12 05:00:00,1652302800000,2.5570000000,2.6900000000,2.5210000000,2.6460000000,121641.3528180000,315505.4270332760,315505.4270332760,1,DORA-USDT
2022-05-12 06:00:00,1652306400000,2.6300000000,2.7300000000,2.6080000000,2.6730000000,97091.1275460000,259848.0939165900,259848.0939165900,1,DORA-USDT
2022-05-12 07:00:00,1652310000000,2.6740000000,2.7040000000,2.5220000000,2.6550000000,105036.0239110000,272935.1312586910,272935.1312586910,1,DORA-USDT
2022-05-12 08:00:00,1652313600000,2.6390000000,2.7880000000,2.6000000000,2.7160000000,167094.0678340000,451468.7091648120,451468.7091648120,1,DORA-USDT
2022-05-12 09:00:00,1652317200000,2.7150000000,2.7480000000,2.5220000000,2.5270000000,130159.8637720000,340499.8341931850,340499.8341931850,1,DORA-USDT
2022-05-12 10:00:00,1652320800000,2.5280000000,2.5930000000,2.4070000000,2.4370000000,138518.0361100000,348259.7909637570,348259.7909637570,1,DORA-USDT
2022-05-12 11:00:00,1652324400000,2.4330000000,2.4880000000,2.3420000000,2.4000000000,121547.9128380000,293801.0187086390,293801.0187086390,1,DORA-USDT
2022-05-12 12:00:00,1652328000000,2.3880000000,2.5520000000,2.3750000000,2.4550000000,130446.6471730000,319245.5621486140,319245.5621486140,1,DORA-USDT
2022-05-12 13:00:00,1652331600000,2.4550000000,2.5890000000,2.2400000000,2.5430000000,197103.0140410000,469976.1652281990,469976.1652281990,1,DORA-USDT
2022-05-12 14:00:00,1652335200000,2.5300000000,2.6330000000,2.3450000000,2.4370000000,237616.1690980000,592513.3182357360,592513.3182357360,1,DORA-USDT
2022-05-12 15:00:00,1652338800000,2.4350000000,2.6600000000,2.3880000000,2.5170000000,185444.8426090000,461247.7523223200,461247.7523223200,1,DORA-USDT
2022-05-12 16:00:00,1652342400000,2.4980000000,2.6000000000,2.4660000000,2.4910000000,85656.9452370000,218458.6728800160,218458.6728800160,1,DORA-USDT
2022-05-12 17:00:00,1652346000000,2.4950000000,2.5990000000,2.4380000000,2.4910000000,83086.9489560000,209475.4846150430,209475.4846150430,1,DORA-USDT
2022-05-12 18:00:00,1652349600000,2.4900000000,2.5900000000,2.4650000000,2.5480000000,83647.7646890000,211491.4831145000,211491.4831145000,1,DORA-USDT
2022-05-12 19:00:00,1652353200000,2.5480000000,2.6140000000,2.4410000000,2.4770000000,77470.4202500000,195886.4373060530,195886.4373060530,1,DORA-USDT
2022-05-12 20:00:00,1652356800000,2.4770000000,2.5330000000,2.4300000000,2.4550000000,100031.5029410000,247500.6689686470,247500.6689686470,1,DORA-USDT
2022-05-12 21:00:00,1652360400000,2.4540000000,2.5670000000,2.4280000000,2.4570000000,111638.0513870000,278561.6764005640,278561.6764005640,1,DORA-USDT
2022-05-12 22:00:00,1652364000000,2.4500000000,2.6380000000,2.0000000000,2.1470000000,305165.7475180000,684999.1509568701,684999.1509568701,1,DORA-USDT
2022-05-12 23:00:00,1652367600000,2.1480000000,2.5190000000,2.0550000000,2.3650000000,285868.3657700000,665069.0895903560,665069.0895903560,1,DORA-USDT
2022-05-13 00:00:00,1652371200000,2.3520000000,2.5760000000,2.2120000000,2.3060000000,209909.6888900000,498566.2035664490,498566.2035664490,1,DORA-USDT
2022-05-13 01:00:00,1652374800000,2.3070000000,2.3610000000,2.2550000000,2.2660000000,85652.6933180000,197305.9742222790,197305.9742222790,1,DORA-USDT
2022-05-13 02:00:00,1652378400000,2.2640000000,2.2780000000,2.2110000000,2.2280000000,58973.6865960000,132022.3944408270,132022.3944408270,1,DORA-USDT
2022-05-13 03:00:00,1652382000000,2.2290000000,2.2550000000,2.2030000000,2.2230000000,51207.5103220000,114228.1949968780,114228.1949968780,1,DORA-USDT
2022-05-13 04:00:00,1652385600000,2.2230000000,2.2300000000,2.2010000000,2.2110000000,32798.8849570000,72617.9211966020,72617.9211966020,1,DORA-USDT
2022-05-13 05:00:00,1652389200000,2.2100000000,2.2190000000,2.1880000000,2.2000000000,28630.0796990000,63149.0927875020,63149.0927875020,1,DORA-USDT
2022-05-13 06:00:00,1652392800000,2.2000000000,2.2130000000,2.1730000000,2.2120000000,37994.0791660000,83499.7353920570,83499.7353920570,1,DORA-USDT
2022-05-13 07:00:00,1652396400000,2.2120000000,2.3000000000,2.2120000000,2.2740000000,53988.2979590000,122048.6461992160,122048.6461992160,1,DORA-USDT
2022-05-13 08:00:00,1652400000000,2.2770000000,2.3280000000,2.2560000000,2.3270000000,45147.1000050000,103300.9485078120,103300.9485078120,1,DORA-USDT
2022-05-13 09:00:00,1652403600000,2.3260000000,2.3780000000,2.3150000000,2.3630000000,51971.1186920000,121851.5068242310,121851.5068242310,1,DORA-USDT
2022-05-13 10:00:00,1652407200000,2.3640000000,2.4840000000,2.3260000000,2.4420000000,65643.7757080000,156939.9988620700,156939.9988620700,1,DORA-USDT
2022-05-13 11:00:00,1652410800000,2.4410000000,2.7210000000,2.4180000000,2.6330000000,145480.0176430000,374686.3742408260,374686.3742408260,1,DORA-USDT
2022-05-13 12:00:00,1652414400000,2.6340000000,2.6900000000,2.5620000000,2.6740000000,89193.8992580000,233866.3099728040,233866.3099728040,1,DORA-USDT
2022-05-13 13:00:00,1652418000000,2.6720000000,2.7030000000,2.5930000000,2.6350000000,60317.3653290000,159045.7830451760,159045.7830451760,1,DORA-USDT
2022-05-13 14:00:00,1652421600000,2.6370000000,2.7000000000,2.5780000000,2.6000000000,51643.8695650000,135447.8976497100,135447.8976497100,1,DORA-USDT
2022-05-13 15:00:00,1652425200000,2.6010000000,2.6180000000,2.4830000000,2.5190000000,67859.1279400000,173860.4494686260,173860.4494686260,1,DORA-USDT
2022-05-13 16:00:00,1652428800000,2.5100000000,2.6610000000,2.4860000000,2.6510000000,197041.4778700000,504503.4337692130,504503.4337692130,1,DORA-USDT
2022-05-13 17:00:00,1652432400000,2.6540000000,2.6810000000,2.6230000000,2.6250000000,49081.2883710000,129849.4956503300,129849.4956503300,1,DORA-USDT
2022-05-13 18:00:00,1652436000000,2.6280000000,2.6910000000,2.6040000000,2.6820000000,37997.3457010000,100487.7483987590,100487.7483987590,1,DORA-USDT
2022-05-13 19:00:00,1652439600000,2.6830000000,2.7150000000,2.6310000000,2.7130000000,3323.7843020000,8884.1343478920,8884.1343478920,1,DORA-USDT
2022-05-13 20:00:00,1652443200000,2.7000000000,2.7130000000,2.6470000000,2.6990000000,19108.0158980000,51364.7911427730,51364.7911427730,1,DORA-USDT
2022-05-13 21:00:00,1652446800000,2.6980000000,2.7470000000,2.6390000000,2.7390000000,39170.3803700000,104701.1700874580,104701.1700874580,1,DORA-USDT
2022-05-13 22:00:00,1652450400000,2.7410000000,2.7800000000,2.7060000000,2.7230000000,16423.0911570000,45169.4758298210,45169.4758298210,1,DORA-USDT
2022-05-13 23:00:00,1652454000000,2.7150000000,2.7210000000,2.5750000000,2.5880000000,29191.8688270000,77514.4351058420,77514.4351058420,1,DORA-USDT
2022-05-14 00:00:00,1652457600000,2.5910000000,2.6570000000,2.4600000000,2.5010000000,39844.9883160000,101937.1343569310,101937.1343569310,1,DORA-USDT
2022-05-14 01:00:00,1652461200000,2.5190000000,2.5430000000,2.4540000000,2.4580000000,1666.1571730000,4188.6343263430,4188.6343263430,1,DORA-USDT
2022-05-14 02:00:00,1652464800000,2.4570000000,2.4960000000,2.4290000000,2.4930000000,37665.7771240000,92849.3632165730,92849.3632165730,1,DORA-USDT
2022-05-14 03:00:00,1652468400000,2.4920000000,2.4930000000,2.4360000000,2.4540000000,23675.3896300000,58440.5246118900,58440.5246118900,1,DORA-USDT
2022-05-14 04:00:00,1652472000000,2.4520000000,2.5090000000,2.4280000000,2.4890000000,6015.0940990000,14859.7537606800,14859.7537606800,1,DORA-USDT
2022-05-14 05:00:00,1652475600000,2.4900000000,2.5030000000,2.4770000000,2.4980000000,15973.3334930000,39795.8324457050,39795.8324457050,1,DORA-USDT
2022-05-14 06:00:00,1652479200000,2.4970000000,2.5980000000,2.4910000000,2.5850000000,34411.2494450000,87549.9742871430,87549.9742871430,1,DORA-USDT
2022-05-14 07:00:00,1652482800000,2.5850000000,2.6180000000,2.4740000000,2.5510000000,24213.6590300000,62306.3645266710,62306.3645266710,1,DORA-USDT
2022-05-14 08:00:00,1652486400000,2.5530000000,2.5960000000,2.5420000000,2.5920000000,26514.9423970000,68330.2266867820,68330.2266867820,1,DORA-USDT
2022-05-14 09:00:00,1652490000000,2.5930000000,2.6890000000,2.5700000000,2.6320000000,16455.2619120000,43228.5351623500,43228.5351623500,1,DORA-USDT
2022-05-14 10:00:00,1652493600000,2.6330000000,2.6330000000,2.5620000000,2.5670000000,15566.0540560000,40314.5570751410,40314.5570751410,1,DORA-USDT
2022-05-14 11:00:00,1652497200000,2.5690000000,2.6030000000,2.5410000000,2.5660000000,13163.5381780000,33926.9236883780,33926.9236883780,1,DORA-USDT
2022-05-14 12:00:00,1652500800000,2.5550000000,2.5550000000,2.4490000000,2.4590000000,3111.0481760000,7811.1785847060,7811.1785847060,1,DORA-USDT
2022-05-14 13:00:00,1652504400000,2.4600000000,2.5020000000,2.4560000000,2.4930000000,29322.3503890000,72703.2801154320,72703.2801154320,1,DORA-USDT
2022-05-14 14:00:00,1652508000000,2.4930000000,2.5250000000,2.4770000000,2.5160000000,19152.8837040000,47894.2108881400,47894.2108881400,1,DORA-USDT
2022-05-14 15:00:00,1652511600000,2.5160000000,2.5270000000,2.4540000000,2.4540000000,25480.9816390000,63481.5127596230,63481.5127596230,1,DORA-USDT
2022-05-14 16:00:00,1652515200000,2.4510000000,2.4510000000,2.4000000000,2.4140000000,14639.7933210000,35319.3848001450,35319.3848001450,1,DORA-USDT
2022-05-14 17:00:00,1652518800000,2.4140000000,2.4370000000,2.3650000000,2.3820000000,7540.8371330000,18105.3489095470,18105.3489095470,1,DORA-USDT
2022-05-14 18:00:00,1652522400000,2.3820000000,2.3870000000,2.2290000000,2.2380000000,37980.4105680000,88746.1157133700,88746.1157133700,1,DORA-USDT
2022-05-14 19:00:00,1652526000000,2.2390000000,2.2730000000,2.2000000000,2.2350000000,5465.9598940000,12167.5840219410,12167.5840219410,1,DORA-USDT
2022-05-14 20:00:00,1652529600000,2.2420000000,2.3500000000,2.2000000000,2.3060000000,50207.9706560000,113479.0556150590,113479.0556150590,1,DORA-USDT
2022-05-14 21:00:00,1652533200000,2.3070000000,2.3240000000,2.2840000000,2.2970000000,26004.4747910000,59879.8333967130,59879.8333967130,1,DORA-USDT
2022-05-14 22:00:00,1652536800000,2.2960000000,2.3320000000,2.2700000000,2.3220000000,15498.7326010000,35860.1938478850,35860.1938478850,1,DORA-USDT
2022-05-14 23:00:00,1652540400000,2.3210000000,2.3910000000,2.3150000000,2.3820000000,21705.8956000000,51146.0316476980,51146.0316476980,1,DORA-USDT
2022-05-15 00:00:00,1652544000000,2.3810000000,2.7660000000,2.3780000000,2.7280000000,43532.1559820000,112086.6091802580,112086.6091802580,1,DORA-USDT
2022-05-15 01:00:00,1652547600000,2.7280000000,2.7630000000,2.6390000000,2.6680000000,18982.0903270000,50612.9354174390,50612.9354174390,1,DORA-USDT
2022-05-15 02:00:00,1652551200000,2.6780000000,2.8470000000,2.6780000000,2.8160000000,45833.4192860000,129257.3498942200,129257.3498942200,1,DORA-USDT
2022-05-15 03:00:00,1652554800000,2.8180000000,2.8210000000,2.7410000000,2.7540000000,36706.0699510000,101761.4880393600,101761.4880393600,1,DORA-USDT
2022-05-15 04:00:00,1652558400000,2.7550000000,2.8210000000,2.7480000000,2.7890000000,20834.2001840000,58123.5652669160,58123.5652669160,1,DORA-USDT
2022-05-15 05:00:00,1652562000000,2.7900000000,2.9110000000,2.7900000000,2.8530000000,12484.3930790000,35876.9867503130,35876.9867503130,1,DORA-USDT
2022-05-15 06:00:00,1652565600000,2.8530000000,2.8830000000,2.8270000000,2.8750000000,24174.8907550000,68939.2063762650,68939.2063762650,1,DORA-USDT
2022-05-15 07:00:00,1652569200000,2.8720000000,2.9230000000,2.8650000000,2.9000000000,6888.4276430000,19838.3448052630,19838.3448052630,1,DORA-USDT
2022-05-15 08:00:00,1652572800000,2.9080000000,2.9170000000,2.8610000000,2.8640000000,29453.4871400000,85026.6580155750,85026.6580155750,1,DORA-USDT
2022-05-15 09:00:00,1652576400000,2.8650000000,2.8650000000,2.7630000000,2.7640000000,18580.2882930000,51836.7477842320,51836.7477842320,1,DORA-USDT
2022-05-15 10:00:00,1652580000000,2.7660000000,2.7840000000,2.6840000000,2.6920000000,13678.7581060000,37360.6564051940,37360.6564051940,1,DORA-USDT
2022-05-15 11:00:00,1652583600000,2.6930000000,2.7420000000,2.6860000000,2.7340000000,18817.2356270000,51079.9532296230,51079.9532296230,1,DORA-USDT
2022-05-15 12:00:00,1652587200000,2.7330000000,2.9500000000,2.7330000000,2.8960000000,74354.1356310000,211293.9655281130,211293.9655281130,1,DORA-USDT
2022-05-15 13:00:00,1652590800000,2.8950000000,2.9210000000,2.8210000000,2.8830000000,15220.6300100000,43998.5953342390,43998.5953342390,1,DORA-USDT
2022-05-15 14:00:00,1652594400000,2.8770000000,2.9100000000,2.8160000000,2.8360000000,24803.6310740000,71526.8656082890,71526.8656082890,1,DORA-USDT
2022-05-15 15:00:00,1652598000000,2.8370000000,2.8780000000,2.7800000000,2.8020000000,14444.6006560000,40436.7919159710,40436.7919159710,1,DORA-USDT
2022-05-15 16:00:00,1652601600000,2.8130000000,2.9990000000,2.8070000000,2.8480000000,15152.3587220000,43456.5690157790,43456.5690157790,1,DORA-USDT
2022-05-15 17:00:00,1652605200000,2.8520000000,2.9600000000,2.8490000000,2.9550000000,27559.6927500000,80223.5733863660,80223.5733863660,1,DORA-USDT
2022-05-15 18:00:00,1652608800000,2.9530000000,2.9660000000,2.8850000000,2.9380000000,22618.1464360000,66222.9758855140,66222.9758855140,1,DORA-USDT
2022-05-15 19:00:00,1652612400000,2.9330000000,2.9680000000,2.9080000000,2.9380000000,13021.9420380000,38048.5225797540,38048.5225797540,1,DORA-USDT
2022-05-15 20:00:00,1652616000000,2.9400000000,2.9720000000,2.8760000000,2.9100000000,15752.1237510000,46046.9195206380,46046.9195206380,1,DORA-USDT
2022-05-15 21:00:00,1652619600000,2.8900000000,2.8990000000,2.8380000000,2.8680000000,14761.7602280000,42127.6051479150,42127.6051479150,1,DORA-USDT
2022-05-15 22:00:00,1652623200000,2.8680000000,2.8890000000,2.8320000000,2.8650000000,28885.3916270000,82617.9843843980,82617.9843843980,1,DORA-USDT
2022-05-15 23:00:00,1652626800000,2.8650000000,2.8960000000,2.8210000000,2.8670000000,13586.7285030000,38728.4635488750,38728.4635488750,1,DORA-USDT
2022-05-16 00:00:00,1652630400000,2.8700000000,3.2330000000,2.8510000000,3.1010000000,60546.9540830000,187679.0756711740,187679.0756711740,1,DORA-USDT
2022-05-16 01:00:00,1652634000000,3.1130000000,3.1880000000,3.0940000000,3.1370000000,3004.1878000000,9465.1002969710,9465.1002969710,1,DORA-USDT
2022-05-16 02:00:00,1652637600000,3.1390000000,3.3040000000,3.1070000000,3.2930000000,4574.1689050000,14726.7854215400,14726.7854215400,1,DORA-USDT
2022-05-16 03:00:00,1652641200000,3.2930000000,3.3250000000,3.2440000000,3.3050000000,18475.3056080000,60800.6320367550,60800.6320367550,1,DORA-USDT
2022-05-16 04:00:00,1652644800000,3.3040000000,3.3300000000,3.2590000000,3.3300000000,1168.8586920000,3852.4071444150,3852.4071444150,1,DORA-USDT
2022-05-16 05:00:00,1652648400000,3.3280000000,3.3840000000,3.2860000000,3.3340000000,23018.2128380000,76322.4930623820,76322.4930623820,1,DORA-USDT
2022-05-16 06:00:00,1652652000000,3.3410000000,3.3580000000,3.2920000000,3.2930000000,19523.0969800000,64870.5246420010,64870.5246420010,1,DORA-USDT
2022-05-16 07:00:00,1652655600000,3.2920000000,3.3300000000,3.2560000000,3.3300000000,26603.1609930000,87428.8319591510,87428.8319591510,1,DORA-USDT
2022-05-16 08:00:00,1652659200000,3.3500000000,3.3600000000,3.2940000000,3.2940000000,35155.7955150000,117061.9956202100,117061.9956202100,1,DORA-USDT
2022-05-16 09:00:00,1652662800000,3.2940000000,3.2940000000,3.1530000000,3.2090000000,13931.2648470000,44504.2873172770,44504.2873172770,1,DORA-USDT
2022-05-16 10:00:00,1652666400000,3.1990000000,3.2680000000,3.1670000000,3.2330000000,12908.6537770000,41621.6165127050,41621.6165127050,1,DORA-USDT
2022-05-16 11:00:00,1652670000000,3.2340000000,3.2470000000,3.1350000000,3.1630000000,19613.1012410000,62067.3319644150,62067.3319644150,1,DORA-USDT
2022-05-16 12:00:00,1652673600000,3.1630000000,3.2290000000,3.1170000000,3.1780000000,58742.4995980000,187151.3009404660,187151.3009404660,1,DORA-USDT
2022-05-16 13:00:00,1652677200000,3.1760000000,3.2150000000,3.1630000000,3.1780000000,17449.2237070000,55599.8351279050,55599.8351279050,1,DORA-USDT
2022-05-16 14:00:00,1652680800000,3.1780000000,3.1790000000,3.0850000000,3.1200000000,9331.2328550000,29223.8516134030,29223.8516134030,1,DORA-USDT
2022-05-16 15:00:00,1652684400000,3.1180000000,3.1550000000,3.0700000000,3.1300000000,8860.9846760000,27702.1304220410,27702.1304220410,1,DORA-USDT
2022-05-16 16:00:00,1652688000000,3.1240000000,3.1600000000,3.1240000000,3.1310000000,24958.0910990000,78536.4151629060,78536.4151629060,1,DORA-USDT
2022-05-16 17:00:00,1652691600000,3.1270000000,3.1290000000,3.0410000000,3.0830000000,31012.3881000000,95418.1439339070,95418.1439339070,1,DORA-USDT
2022-05-16 18:00:00,1652695200000,3.0810000000,3.1600000000,3.0530000000,3.1530000000,31207.9687070000,97411.1174373300,97411.1174373300,1,DORA-USDT
2022-05-16 19:00:00,1652698800000,3.1570000000,3.1570000000,3.1160000000,3.1190000000,23485.4932970000,73538.2997237910,73538.2997237910,1,DORA-USDT
2022-05-16 20:00:00,1652702400000,3.1210000000,3.2310000000,3.0920000000,3.2310000000,25339.1036680000,79968.3574272010,79968.3574272010,1,DORA-USDT
2022-05-16 21:00:00,1652706000000,3.2280000000,3.3120000000,3.1610000000,3.1950000000,21983.7763060000,71002.1509398000,71002.1509398000,1,DORA-USDT
2022-05-16 22:00:00,1652709600000,3.1900000000,3.2110000000,3.1140000000,3.1300000000,28780.8136760000,91174.2586047270,91174.2586047270,1,DORA-USDT
2022-05-16 23:00:00,1652713200000,3.1340000000,3.1660000000,3.0030000000,3.0960000000,39506.9590530000,122713.6911381960,122713.6911381960,1,DORA-USDT
2022-05-17 00:00:00,1652716800000,3.0730000000,3.3190000000,3.0710000000,3.2360000000,40935.1841400000,132621.3813483140,132621.3813483140,1,DORA-USDT
2022-05-17 01:00:00,1652720400000,3.2360000000,3.3900000000,3.2160000000,3.3760000000,51130.5154240000,169538.2889252790,169538.2889252790,1,DORA-USDT
2022-05-17 02:00:00,1652724000000,3.3590000000,3.4130000000,3.3170000000,3.3470000000,25054.5872180000,84674.1387772150,84674.1387772150,1,DORA-USDT
2022-05-17 03:00:00,1652727600000,3.3510000000,3.3720000000,3.2340000000,3.2480000000,28137.9982180000,93388.0519861050,93388.0519861050,1,DORA-USDT
2022-05-17 04:00:00,1652731200000,3.2410000000,3.3070000000,3.1510000000,3.1660000000,24083.5534580000,78055.2336320960,78055.2336320960,1,DORA-USDT
2022-05-17 05:00:00,1652734800000,3.1660000000,3.2110000000,3.1600000000,3.1990000000,26921.4136320000,85764.4688836120,85764.4688836120,1,DORA-USDT
2022-05-17 06:00:00,1652738400000,3.2010000000,3.2240000000,3.1810000000,3.1880000000,13719.5441670000,43902.3642350640,43902.3642350640,1,DORA-USDT
2022-05-17 07:00:00,1652742000000,3.1890000000,3.1970000000,3.1510000000,3.1630000000,26546.0526140000,84280.1854892680,84280.1854892680,1,DORA-USDT
2022-05-17 08:00:00,1652745600000,3.1670000000,3.1990000000,3.0690000000,3.0710000000,32825.4266070000,102154.8746227680,102154.8746227680,1,DORA-USDT
2022-05-17 09:00:00,1652749200000,3.0710000000,3.0800000000,3.0500000000,3.0760000000,19819.3980780000,60726.7884653340,60726.7884653340,1,DORA-USDT
2022-05-17 10:00:00,1652752800000,3.0770000000,3.1300000000,3.0710000000,3.1250000000,23605.4740970000,73377.2701999770,73377.2701999770,1,DORA-USDT
2022-05-17 11:00:00,1652756400000,3.1250000000,3.1330000000,3.1070000000,3.1230000000,18708.7688120000,58407.3818081870,58407.3818081870,1,DORA-USDT
2022-05-17 12:00:00,1652760000000,3.1230000000,3.1250000000,3.0980000000,3.1190000000,13871.1048280000,43151.4063879900,43151.4063879900,1,DORA-USDT
2022-05-17 13:00:00,1652763600000,3.1180000000,3.1670000000,3.1020000000,3.1610000000,17789.7665520000,55622.6563985720,55622.6563985720,1,DORA-USDT
2022-05-17 14:00:00,1652767200000,3.1600000000,3.1670000000,3.1240000000,3.1670000000,11663.6762800000,36698.0243610180,36698.0243610180,1,DORA-USDT
2022-05-17 15:00:00,1652770800000,3.1680000000,3.1690000000,3.0870000000,3.0890000000,16118.8355880000,50425.4824694320,50425.4824694320,1,DORA-USDT
2022-05-17 16:00:00,1652774400000,3.0880000000,3.1620000000,3.0880000000,3.1550000000,10460.1000530000,32761.4219918340,32761.4219918340,1,DORA-USDT
2022-05-17 17:00:00,1652778000000,3.1560000000,3.1780000000,3.1540000000,3.1710000000,9520.3676770000,30152.5336057540,30152.5336057540,1,DORA-USDT
2022-05-17 18:00:00,1652781600000,3.1720000000,3.1900000000,3.1650000000,3.1680000000,11584.2947920000,36799.4142155420,36799.4142155420,1,DORA-USDT
2022-05-17 19:00:00,1652785200000,3.1670000000,3.2030000000,3.1600000000,3.1950000000,10436.8740710000,33174.9020761890,33174.9020761890,1,DORA-USDT
2022-05-17 20:00:00,1652788800000,3.1920000000,3.2390000000,3.1890000000,3.2350000000,23842.4323860000,76729.9760768740,76729.9760768740,1,DORA-USDT
2022-05-17 21:00:00,1652792400000,3.2340000000,3.2660000000,3.1990000000,3.2400000000,26640.6882680000,85946.6134325700,85946.6134325700,1,DORA-USDT
2022-05-17 22:00:00,1652796000000,3.2400000000,3.2830000000,3.1730000000,3.1730000000,31707.0581060000,102659.6827674150,102659.6827674150,1,DORA-USDT
2022-05-17 23:00:00,1652799600000,3.1810000000,3.2040000000,3.1280000000,3.2000000000,6452.2370690000,20529.8670963760,20529.8670963760,1,DORA-USDT
2022-05-18 00:00:00,1652803200000,3.1920000000,3.3580000000,3.1450000000,3.1860000000,47446.0482650000,152517.6448333700,152517.6448333700,1,DORA-USDT
2022-05-18 01:00:00,1652806800000,3.1840000000,3.2110000000,3.1640000000,3.1640000000,26025.9292720000,83016.8171862420,83016.8171862420,1,DORA-USDT
2022-05-18 02:00:00,1652810400000,3.1590000000,3.1730000000,3.0830000000,3.1530000000,8354.2382910000,26097.8752120980,26097.8752120980,1,DORA-USDT
2022-05-18 03:00:00,1652814000000,3.1500000000,3.2130000000,3.1470000000,3.1950000000,28257.3354550000,90144.4992351640,90144.4992351640,1,DORA-USDT
2022-05-18 04:00:00,1652817600000,3.1950000000,3.2440000000,3.1920000000,3.2200000000,15876.4045820000,51107.4551388850,51107.4551388850,1,DORA-USDT
2022-05-18 05:00:00,1652821200000,3.2200000000,3.2660000000,3.2110000000,3.2600000000,17599.4059520000,57033.7618055210,57033.7618055210,1,DORA-USDT
2022-05-18 06:00:00,1652824800000,3.2570000000,3.3020000000,3.2570000000,3.2970000000,19724.1054500000,64893.4888734230,64893.4888734230,1,DORA-USDT
2022-05-18 07:00:00,1652828400000,3.2990000000,3.3240000000,3.2660000000,3.2860000000,10755.5176800000,35488.6815935700,35488.6815935700,1,DORA-USDT
2022-05-18 08:00:00,1652832000000,3.2910000000,3.3260000000,3.2660000000,3.2990000000,29363.4108850000,97107.9562661850,97107.9562661850,1,DORA-USDT
2022-05-18 09:00:00,1652835600000,3.2990000000,3.3060000000,3.2370000000,3.2460000000,25434.2515790000,83292.4601858130,83292.4601858130,1,DORA-USDT
2022-05-18 10:00:00,1652839200000,3.2460000000,3.3200000000,3.2410000000,3.3040000000,25878.3757680000,84902.9495760070,84902.9495760070,1,DORA-USDT
2022-05-18 11:00:00,1652842800000,3.3000000000,3.3050000000,3.2090000000,3.2230000000,31691.0871810000,102972.5828825750,102972.5828825750,1,DORA-USDT
2022-05-18 12:00:00,1652846400000,3.2280000000,3.2640000000,3.2230000000,3.2500000000,18826.2602630000,61211.1984618980,61211.1984618980,1,DORA-USDT
2022-05-18 13:00:00,1652850000000,3.2500000000,3.2950000000,3.2470000000,3.2940000000,26895.0580570000,87903.7683080770,87903.7683080770,1,DORA-USDT
2022-05-18 14:00:00,1652853600000,3.2980000000,3.3090000000,3.2350000000,3.2430000000,36197.6142420000,118243.3284465460,118243.3284465460,1,DORA-USDT
2022-05-18 15:00:00,1652857200000,3.2450000000,3.2570000000,3.1980000000,3.2260000000,22443.7141340000,72423.3588323430,72423.3588323430,1,DORA-USDT
2022-05-18 16:00:00,1652860800000,3.2410000000,3.2660000000,3.1710000000,3.2320000000,18813.8378220000,60556.8838284580,60556.8838284580,1,DORA-USDT
2022-05-18 17:00:00,1652864400000,3.2300000000,3.2790000000,3.2040000000,3.2730000000,33958.8176040000,109900.0335350450,109900.0335350450,1,DORA-USDT
2022-05-18 18:00:00,1652868000000,3.2730000000,3.3020000000,3.2680000000,3.2760000000,20022.0316000000,65729.0548101270,65729.0548101270,1,DORA-USDT
2022-05-18 19:00:00,1652871600000,3.2770000000,3.2820000000,3.2510000000,3.2740000000,15287.5049520000,49967.5272142490,49967.5272142490,1,DORA-USDT
2022-05-18 20:00:00,1652875200000,3.2740000000,3.4120000000,3.2370000000,3.3950000000,53524.8628400000,178495.6491559060,178495.6491559060,1,DORA-USDT
2022-05-18 21:00:00,1652878800000,3.3980000000,3.7630000000,3.3360000000,3.4590000000,40585.0219790000,140434.7894706250,140434.7894706250,1,DORA-USDT
2022-05-18 22:00:00,1652882400000,3.4580000000,3.4820000000,3.3710000000,3.4120000000,18649.0143720000,64132.7210478510,64132.7210478510,1,DORA-USDT
2022-05-18 23:00:00,1652886000000,3.4140000000,3.4240000000,3.1370000000,3.1600000000,32104.4860050000,106958.1240023790,106958.1240023790,1,DORA-USDT
2022-05-19 00:00:00,1652889600000,3.1750000000,3.2410000000,3.0180000000,3.2400000000,88427.1565690000,278260.9916788180,278260.9916788180,1,DORA-USDT
2022-05-19 01:00:00,1652893200000,3.2360000000,3.2420000000,3.1680000000,3.1920000000,11850.0190580000,38002.7473955050,38002.7473955050,1,DORA-USDT
2022-05-19 02:00:00,1652896800000,3.1940000000,3.2150000000,3.1750000000,3.1980000000,20284.4049310000,64852.4101025640,64852.4101025640,1,DORA-USDT
2022-05-19 03:00:00,1652900400000,3.1970000000,3.2600000000,3.1950000000,3.2430000000,27120.1962650000,87845.4062367840,87845.4062367840,1,DORA-USDT
2022-05-19 04:00:00,1652904000000,3.2450000000,3.2530000000,3.1690000000,3.1780000000,24743.0679070000,79327.5763599580,79327.5763599580,1,DORA-USDT
2022-05-19 05:00:00,1652907600000,3.1780000000,3.1820000000,3.0990000000,3.1180000000,4637.6597390000,14636.1867361150,14636.1867361150,1,DORA-USDT
2022-05-19 06:00:00,1652911200000,3.1170000000,3.1510000000,3.0740000000,3.0830000000,12409.7634750000,38510.4248531280,38510.4248531280,1,DORA-USDT
2022-05-19 07:00:00,1652914800000,3.0850000000,3.1050000000,2.9970000000,3.0050000000,13510.8131480000,41090.1061845000,41090.1061845000,1,DORA-USDT
2022-05-19 08:00:00,1652918400000,3.0100000000,3.1010000000,3.0100000000,3.0320000000,8292.6551050000,25390.5392467420,25390.5392467420,1,DORA-USDT
2022-05-19 09:00:00,1652922000000,3.0320000000,3.0560000000,2.9250000000,2.9310000000,20429.9321830000,61341.3771484050,61341.3771484050,1,DORA-USDT
2022-05-19 10:00:00,1652925600000,2.9390000000,3.0190000000,2.9180000000,3.0150000000,16301.5253740000,47931.2026729650,47931.2026729650,1,DORA-USDT
2022-05-19 11:00:00,1652929200000,3.0130000000,3.0860000000,3.0110000000,3.0420000000,24954.2711450000,76372.2406540160,76372.2406540160,1,DORA-USDT
2022-05-19 12:00:00,1652932800000,3.0420000000,3.0770000000,3.0200000000,3.0510000000,24871.3634520000,75764.3140077430,75764.3140077430,1,DORA-USDT
2022-05-19 13:00:00,1652936400000,3.0530000000,3.0570000000,3.0100000000,3.0180000000,22472.5809900000,68145.6332931810,68145.6332931810,1,DORA-USDT
2022-05-19 14:00:00,1652940000000,3.0180000000,3.0680000000,3.0160000000,3.0640000000,8292.7720420000,25271.1924717900,25271.1924717900,1,DORA-USDT
2022-05-19 15:00:00,1652943600000,3.0640000000,3.0860000000,3.0130000000,3.0240000000,5584.2482470000,16962.0652232300,16962.0652232300,1,DORA-USDT
2022-05-19 16:00:00,1652947200000,3.0230000000,3.0250000000,2.9600000000,2.9610000000,7404.8414600000,22148.0119942170,22148.0119942170,1,DORA-USDT
2022-05-19 17:00:00,1652950800000,2.9570000000,3.0470000000,2.9570000000,3.0280000000,11992.0437180000,36010.6198068460,36010.6198068460,1,DORA-USDT
2022-05-19 18:00:00,1652954400000,3.0240000000,3.0790000000,3.0240000000,3.0650000000,14513.3346240000,44336.9322923590,44336.9322923590,1,DORA-USDT
2022-05-19 19:00:00,1652958000000,3.0620000000,3.0660000000,3.0180000000,3.0560000000,15449.3796010000,46983.7368330470,46983.7368330470,1,DORA-USDT
2022-05-19 20:00:00,1652961600000,3.0630000000,3.0700000000,3.0230000000,3.0300000000,10022.1425080000,30422.6725225240,30422.6725225240,1,DORA-USDT
2022-05-19 21:00:00,1652965200000,3.0310000000,3.0520000000,3.0000000000,3.0270000000,11330.2413310000,34245.3813017370,34245.3813017370,1,DORA-USDT
2022-05-19 22:00:00,1652968800000,3.0260000000,3.1050000000,3.0260000000,3.0650000000,14110.5485990000,43293.8106353980,43293.8106353980,1,DORA-USDT
2022-05-19 23:00:00,1652972400000,3.0650000000,3.1380000000,3.0330000000,3.1090000000,13238.4224690000,40845.5298038520,40845.5298038520,1,DORA-USDT
2022-05-20 00:00:00,1652976000000,3.1190000000,3.4030000000,3.1000000000,3.3860000000,39264.9356680000,127858.3756837100,127858.3756837100,1,DORA-USDT
2022-05-20 01:00:00,1652979600000,3.3840000000,3.5000000000,3.3600000000,3.3970000000,13642.3406970000,46544.6034899030,46544.6034899030,1,DORA-USDT
2022-05-20 02:00:00,1652983200000,3.3930000000,3.4650000000,3.3860000000,3.3930000000,6310.5273240000,21561.6574136110,21561.6574136110,1,DORA-USDT
2022-05-20 03:00:00,1652986800000,3.3860000000,3.4030000000,3.3240000000,3.3640000000,9209.9724150000,31012.4016492750,31012.4016492750,1,DORA-USDT
2022-05-20 04:00:00,1652990400000,3.3550000000,3.4080000000,3.3490000000,3.3970000000,13320.3678700000,45073.5694819530,45073.5694819530,1,DORA-USDT
2022-05-20 05:00:00,1652994000000,3.3990000000,3.4660000000,3.3350000000,3.3530000000,10988.3014180000,37420.1181274390,37420.1181274390,1,DORA-USDT
2022-05-20 06:00:00,1652997600000,3.3550000000,3.3580000000,3.2520000000,3.2840000000,9401.8622840000,31030.4720368240,31030.4720368240,1,DORA-USDT
2022-05-20 07:00:00,1653001200000,3.2880000000,3.3360000000,3.1870000000,3.1920000000,10387.4237270000,33806.6625050770,33806.6625050770,1,DORA-USDT
2022-05-20 08:00:00,1653004800000,3.1890000000,3.2510000000,3.1100000000,3.1840000000,21132.1168430000,67240.1356706190,67240.1356706190,1,DORA-USDT
2022-05-20 09:00:00,1653008400000,3.1850000000,3.2160000000,3.1300000000,3.1870000000,6093.1582430000,19358.0915459950,19358.0915459950,1,DORA-USDT
2022-05-20 10:00:00,1653012000000,3.1930000000,3.2090000000,3.1740000000,3.2070000000,9021.3072310000,28765.8893867000,28765.8893867000,1,DORA-USDT
2022-05-20 11:00:00,1653015600000,3.2080000000,3.2120000000,3.1310000000,3.1410000000,12165.3088960000,38403.2577243970,38403.2577243970,1,DORA-USDT
2022-05-20 12:00:00,1653019200000,3.1410000000,3.1540000000,3.0310000000,3.0570000000,11779.5092090000,36410.6789090610,36410.6789090610,1,DORA-USDT
2022-05-20 13:00:00,1653022800000,3.0540000000,3.1420000000,3.0460000000,3.1400000000,10118.8189470000,31387.8955876110,31387.8955876110,1,DORA-USDT
2022-05-20 14:00:00,1653026400000,3.1370000000,3.1400000000,3.0190000000,3.0420000000,12913.4086790000,39697.4651382130,39697.4651382130,1,DORA-USDT
2022-05-20 15:00:00,1653030000000,3.0390000000,3.0550000000,3.0160000000,3.0530000000,7407.3687880000,22434.5311912700,22434.5311912700,1,DORA-USDT
2022-05-20 16:00:00,1653033600000,3.0430000000,3.1060000000,3.0040000000,3.0640000000,11699.1275950000,36056.2525669340,36056.2525669340,1,DORA-USDT
2022-05-20 17:00:00,1653037200000,3.0600000000,3.0770000000,3.0470000000,3.0660000000,8123.5638580000,24892.0244729440,24892.0244729440,1,DORA-USDT
2022-05-20 18:00:00,1653040800000,3.0620000000,3.0760000000,3.0300000000,3.0680000000,7904.7624950000,24066.3198871750,24066.3198871750,1,DORA-USDT
2022-05-20 19:00:00,1653044400000,3.0640000000,3.0750000000,3.0000000000,3.0310000000,11531.8604230000,34935.0764573090,34935.0764573090,1,DORA-USDT
2022-05-20 20:00:00,1653048000000,3.0290000000,3.0340000000,2.9720000000,2.9910000000,8648.8711390000,25949.7454898560,25949.7454898560,1,DORA-USDT
2022-05-20 21:00:00,1653051600000,2.9960000000,3.0600000000,2.9870000000,3.0140000000,7502.1940790000,22684.6533292220,22684.6533292220,1,DORA-USDT
2022-05-20 22:00:00,1653055200000,3.0090000000,3.0210000000,2.9470000000,3.0010000000,10312.9874050000,30758.6238026560,30758.6238026560,1,DORA-USDT
2022-05-20 23:00:00,1653058800000,3.0000000000,3.0050000000,2.9560000000,2.9940000000,8791.1191090000,26230.5155576000,26230.5155576000,1,DORA-USDT
2022-05-21 00:00:00,1653062400000,2.9980000000,3.0020000000,2.9510000000,2.9690000000,8902.7511240000,26485.0610751280,26485.0610751280,1,DORA-USDT
2022-05-21 01:00:00,1653066000000,2.9660000000,2.9660000000,2.9320000000,2.9620000000,6462.9424270000,19059.0151191600,19059.0151191600,1,DORA-USDT
2022-05-21 02:00:00,1653069600000,2.9610000000,2.9610000000,2.8520000000,2.8840000000,7230.3157480000,20973.0966036940,20973.0966036940,1,DORA-USDT
2022-05-21 03:00:00,1653073200000,2.8850000000,2.9100000000,2.8710000000,2.8800000000,7698.0953650000,22271.7244116030,22271.7244116030,1,DORA-USDT
2022-05-21 04:00:00,1653076800000,2.8800000000,2.9230000000,2.8220000000,2.8360000000,8600.9639700000,24636.0184896810,24636.0184896810,1,DORA-USDT
2022-05-21 05:00:00,1653080400000,2.8360000000,2.8560000000,2.7650000000,2.7820000000,11167.7411350000,31387.8828958210,31387.8828958210,1,DORA-USDT
2022-05-21 06:00:00,1653084000000,2.7880000000,2.8460000000,2.7690000000,2.7920000000,10685.9882210000,29989.8750013410,29989.8750013410,1,DORA-USDT
2022-05-21 07:00:00,1653087600000,2.7930000000,2.8290000000,2.7830000000,2.7950000000,8518.9990390000,23844.5558530310,23844.5558530310,1,DORA-USDT
2022-05-21 08:00:00,1653091200000,2.8000000000,2.8070000000,2.6040000000,2.6650000000,28459.5447320000,77099.1220584720,77099.1220584720,1,DORA-USDT
2022-05-21 09:00:00,1653094800000,2.6680000000,2.6820000000,2.5440000000,2.6180000000,14939.8392720000,39089.2369109240,39089.2369109240,1,DORA-USDT
2022-05-21 10:00:00,1653098400000,2.6200000000,2.6710000000,2.5810000000,2.6600000000,10926.0387420000,28720.1975721970,28720.1975721970,1,DORA-USDT
2022-05-21 11:00:00,1653102000000,2.6630000000,2.6740000000,2.6210000000,2.6530000000,8562.7849250000,22687.0854681260,22687.0854681260,1,DORA-USDT
2022-05-21 12:00:00,1653105600000,2.6560000000,2.7020000000,2.6030000000,2.6800000000,13038.4767680000,34640.6734302010,34640.6734302010,1,DORA-USDT
2022-05-21 13:00:00,1653109200000,2.6800000000,2.7400000000,2.6800000000,2.7370000000,6927.1874030000,18739.6344840240,18739.6344840240,1,DORA-USDT
2022-05-21 14:00:00,1653112800000,2.7400000000,2.7480000000,2.7080000000,2.7320000000,6268.4237880000,17126.8333373930,17126.8333373930,1,DORA-USDT
2022-05-21 15:00:00,1653116400000,2.7330000000,2.7480000000,2.7250000000,2.7450000000,4705.1059660000,12902.9462629090,12902.9462629090,1,DORA-USDT
2022-05-21 16:00:00,1653120000000,2.7410000000,2.8040000000,2.7380000000,2.7990000000,8993.0257070000,25002.2299495880,25002.2299495880,1,DORA-USDT
2022-05-21 17:00:00,1653123600000,2.8070000000,2.8530000000,2.7910000000,2.8230000000,11808.3407450000,33268.9054614300,33268.9054614300,1,DORA-USDT
2022-05-21 18:00:00,1653127200000,2.8410000000,2.8510000000,2.7930000000,2.8250000000,7870.2528050000,22168.3509028430,22168.3509028430,1,DORA-USDT
2022-05-21 19:00:00,1653130800000,2.8280000000,2.8530000000,2.8100000000,2.8200000000,17785.3118970000,50358.5899569890,50358.5899569890,1,DORA-USDT
2022-05-21 20:00:00,1653134400000,2.8180000000,2.8360000000,2.7260000000,2.7390000000,16044.8092380000,44531.2124996290,44531.2124996290,1,DORA-USDT
2022-05-21 21:00:00,1653138000000,2.7420000000,2.8140000000,2.7370000000,2.8080000000,10402.0463420000,28737.1934086660,28737.1934086660,1,DORA-USDT
2022-05-21 22:00:00,1653141600000,2.8060000000,2.9050000000,2.7790000000,2.8620000000,11446.6520270000,32358.3534629040,32358.3534629040,1,DORA-USDT
2022-05-21 23:00:00,1653145200000,2.8650000000,2.9480000000,2.8650000000,2.9160000000,10056.6263970000,29365.7160330750,29365.7160330750,1,DORA-USDT
2022-05-22 00:00:00,1653148800000,2.9160000000,3.0590000000,2.8940000000,2.9850000000,22807.6397900000,67841.5241038330,67841.5241038330,1,DORA-USDT
2022-05-22 01:00:00,1653152400000,2.9850000000,3.0170000000,2.9520000000,3.0040000000,14240.1767630000,42560.2579659590,42560.2579659590,1,DORA-USDT
2022-05-22 02:00:00,1653156000000,3.0070000000,3.0760000000,3.0030000000,3.0290000000,11427.5347650000,34809.8152101870,34809.8152101870,1,DORA-USDT
2022-05-22 03:00:00,1653159600000,3.0290000000,3.0390000000,2.9700000000,3.0000000000,5471.3799860000,16390.1723488600,16390.1723488600,1,DORA-USDT
2022-05-22 04:00:00,1653163200000,3.0010000000,3.0600000000,2.9970000000,3.0530000000,9691.6761190000,29380.0733774080,29380.0733774080,1,DORA-USDT
2022-05-22 05:00:00,1653166800000,3.0520000000,3.0540000000,2.9100000000,2.9120000000,9948.2342880000,29704.5367307210,29704.5367307210,1,DORA-USDT
2022-05-22 06:00:00,1653170400000,2.9130000000,2.9180000000,2.8930000000,2.9180000000,6924.6102620000,20092.5729054490,20092.5729054490,1,DORA-USDT
2022-05-22 07:00:00,1653174000000,2.9210000000,2.9270000000,2.8970000000,2.8970000000,4582.7488730000,13364.0059712380,13364.0059712380,1,DORA-USDT
2022-05-22 08:00:00,1653177600000,2.8960000000,2.9070000000,2.8100000000,2.8140000000,12495.1988240000,35583.7975571520,35583.7975571520,1,DORA-USDT
2022-05-22 09:00:00,1653181200000,2.8100000000,2.8170000000,2.7770000000,2.7790000000,6783.5324600000,18988.5029626550,18988.5029626550,1,DORA-USDT
2022-05-22 10:00:00,1653184800000,2.7770000000,2.7810000000,2.7340000000,2.7580000000,10973.2755920000,30279.3113486820,30279.3113486820,1,DORA-USDT
2022-05-22 11:00:00,1653188400000,2.7570000000,2.7860000000,2.7280000000,2.7490000000,7830.4511380000,21644.2795578580,21644.2795578580,1,DORA-USDT
2022-05-22 12:00:00,1653192000000,2.7490000000,2.7930000000,2.7060000000,2.7520000000,12845.6901820000,35302.3758072220,35302.3758072220,1,DORA-USDT
2022-05-22 13:00:00,1653195600000,2.7580000000,2.8070000000,2.7510000000,2.7680000000,9230.2324750000,25666.3404227340,25666.3404227340,1,DORA-USDT
2022-05-22 14:00:00,1653199200000,2.7680000000,2.8400000000,2.7680000000,2.8310000000,9737.0197190000,27311.0563630030,27311.0563630030,1,DORA-USDT
2022-05-22 15:00:00,1653202800000,2.8320000000,2.8860000000,2.8270000000,2.8860000000,7893.8701940000,22508.0989626360,22508.0989626360,1,DORA-USDT
2022-05-22 16:00:00,1653206400000,2.8780000000,2.8780000000,2.7450000000,2.7460000000,11237.5902430000,31545.8048084200,31545.8048084200,1,DORA-USDT
2022-05-22 17:00:00,1653210000000,2.7500000000,2.8520000000,2.7290000000,2.8440000000,11368.8016410000,31597.7852953630,31597.7852953630,1,DORA-USDT
2022-05-22 18:00:00,1653213600000,2.8520000000,2.8670000000,2.7850000000,2.7860000000,7311.4562950000,20600.5363056810,20600.5363056810,1,DORA-USDT
2022-05-22 19:00:00,1653217200000,2.7810000000,2.8150000000,2.7780000000,2.8130000000,7379.1337190000,20615.4650885840,20615.4650885840,1,DORA-USDT
2022-05-22 20:00:00,1653220800000,2.8100000000,2.8350000000,2.8070000000,2.8150000000,6438.6077050000,18157.8956709380,18157.8956709380,1,DORA-USDT
2022-05-22 21:00:00,1653224400000,2.8140000000,2.8330000000,2.8090000000,2.8210000000,3693.2684540000,10422.9380407550,10422.9380407550,1,DORA-USDT
2022-05-22 22:00:00,1653228000000,2.8240000000,2.8450000000,2.7970000000,2.8010000000,6525.6368410000,18363.5818875510,18363.5818875510,1,DORA-USDT
2022-05-22 23:00:00,1653231600000,2.8010000000,2.8130000000,2.7660000000,2.8070000000,9277.9788950000,25885.7634597800,25885.7634597800,1,DORA-USDT
2022-05-23 00:00:00,1653235200000,2.8070000000,3.1520000000,2.7790000000,3.0230000000,26199.8808170000,78515.5778748190,78515.5778748190,1,DORA-USDT
2022-05-23 01:00:00,1653238800000,3.0230000000,3.0230000000,2.8770000000,2.9280000000,15258.3576290000,44917.9882256800,44917.9882256800,1,DORA-USDT
2022-05-23 02:00:00,1653242400000,2.9310000000,2.9580000000,2.9220000000,2.9490000000,5611.8459360000,16529.5911512340,16529.5911512340,1,DORA-USDT
2022-05-23 03:00:00,1653246000000,2.9550000000,2.9620000000,2.9500000000,2.9530000000,2299.1232070000,6797.0489284620,6797.0489284620,1,DORA-USDT
2022-05-23 04:00:00,1653249600000,2.9550000000,2.9680000000,2.9420000000,2.9430000000,4319.9518300000,12773.5734190930,12773.5734190930,1,DORA-USDT
2022-05-23 05:00:00,1653253200000,2.9430000000,2.9520000000,2.8690000000,2.8710000000,8475.5840180000,24636.4976643720,24636.4976643720,1,DORA-USDT
2022-05-23 06:00:00,1653256800000,2.8700000000,2.8870000000,2.8270000000,2.8640000000,8487.9730210000,24245.0121324590,24245.0121324590,1,DORA-USDT
2022-05-23 07:00:00,1653260400000,2.8640000000,2.8940000000,2.8630000000,2.8680000000,5126.8513990000,14776.5877516910,14776.5877516910,1,DORA-USDT
2022-05-23 08:00:00,1653264000000,2.8680000000,2.9180000000,2.8400000000,2.8980000000,8949.1562010000,25808.4523407410,25808.4523407410,1,DORA-USDT
2022-05-23 09:00:00,1653267600000,2.8980000000,2.8990000000,2.8750000000,2.8850000000,3087.6271540000,8930.2250737880,8930.2250737880,1,DORA-USDT
2022-05-23 10:00:00,1653271200000,2.8830000000,2.9270000000,2.8440000000,2.8850000000,17633.4899720000,50843.9339589690,50843.9339589690,1,DORA-USDT
2022-05-23 11:00:00,1653274800000,2.8850000000,2.9290000000,2.8850000000,2.9130000000,8452.2514990000,24618.1542153430,24618.1542153430,1,DORA-USDT
2022-05-23 12:00:00,1653278400000,2.9120000000,2.9410000000,2.8470000000,2.8630000000,87545.3047240000,253174.9299048280,253174.9299048280,1,DORA-USDT
2022-05-23 13:00:00,1653282000000,2.8630000000,2.8890000000,2.8390000000,2.8860000000,23669.6133970000,67596.6846179020,67596.6846179020,1,DORA-USDT
2022-05-23 14:00:00,1653285600000,2.8860000000,2.9260000000,2.8860000000,2.9200000000,6438.7749750000,18747.7105127770,18747.7105127770,1,DORA-USDT
2022-05-23 15:00:00,1653289200000,2.9200000000,2.9340000000,2.8950000000,2.9040000000,3987.6464010000,11612.8964769560,11612.8964769560,1,DORA-USDT
2022-05-23 16:00:00,1653292800000,2.9050000000,3.0160000000,2.9050000000,3.0090000000,14179.5377550000,42227.4249078990,42227.4249078990,1,DORA-USDT
2022-05-23 17:00:00,1653296400000,3.0070000000,3.0180000000,2.9570000000,3.0080000000,9916.0483040000,29753.1133782940,29753.1133782940,1,DORA-USDT
2022-05-23 18:00:00,1653300000000,3.0180000000,3.0440000000,3.0000000000,3.0350000000,7200.0459460000,21757.6173051980,21757.6173051980,1,DORA-USDT
2022-05-23 19:00:00,1653303600000,3.0330000000,3.0330000000,3.0000000000,3.0140000000,5793.4412450000,17481.1124255220,17481.1124255220,1,DORA-USDT
2022-05-23 20:00:00,1653307200000,3.0160000000,3.0370000000,3.0040000000,3.0200000000,7202.8275500000,21784.7070452240,21784.7070452240,1,DORA-USDT
2022-05-23 21:00:00,1653310800000,3.0200000000,3.0310000000,2.9630000000,2.9880000000,14020.4709990000,42038.5648117650,42038.5648117650,1,DORA-USDT
2022-05-23 22:00:00,1653314400000,2.9780000000,3.0230000000,2.9600000000,3.0080000000,7330.6875940000,21946.2123950520,21946.2123950520,1,DORA-USDT
2022-05-23 23:00:00,1653318000000,3.0110000000,3.0860000000,3.0090000000,3.0410000000,10236.3404190000,31271.7326046340,31271.7326046340,1,DORA-USDT
2022-05-24 00:00:00,1653321600000,3.0410000000,3.0410000000,2.8670000000,2.9680000000,42536.2504980000,125411.7150813350,125411.7150813350,1,DORA-USDT
2022-05-24 01:00:00,1653325200000,2.9680000000,2.9680000000,2.8660000000,2.8740000000,9222.0085060000,26801.6660303980,26801.6660303980,1,DORA-USDT
2022-05-24 02:00:00,1653328800000,2.8720000000,2.9000000000,2.7850000000,2.8180000000,21050.3465350000,59942.2062359890,59942.2062359890,1,DORA-USDT
2022-05-24 03:00:00,1653332400000,2.8150000000,2.8350000000,2.7790000000,2.7870000000,7039.4459530000,19700.5197053550,19700.5197053550,1,DORA-USDT
2022-05-24 04:00:00,1653336000000,2.7690000000,2.8470000000,2.7650000000,2.8380000000,6795.6052900000,19148.7687222590,19148.7687222590,1,DORA-USDT
2022-05-24 05:00:00,1653339600000,2.8340000000,2.8370000000,2.8200000000,2.8240000000,3632.0824530000,10267.8219425520,10267.8219425520,1,DORA-USDT
2022-05-24 06:00:00,1653343200000,2.8150000000,2.8160000000,2.7050000000,2.7200000000,8366.4136200000,23093.8807408700,23093.8807408700,1,DORA-USDT
2022-05-24 07:00:00,1653346800000,2.7200000000,2.7200000000,2.6630000000,2.6910000000,7740.3121080000,20874.4908195800,20874.4908195800,1,DORA-USDT
2022-05-24 08:00:00,1653350400000,2.6930000000,2.7170000000,2.6520000000,2.6860000000,15773.9172430000,42257.5699371460,42257.5699371460,1,DORA-USDT
2022-05-24 09:00:00,1653354000000,2.6880000000,2.7060000000,2.6520000000,2.7020000000,8818.4212320000,23574.3595624370,23574.3595624370,1,DORA-USDT
2022-05-24 10:00:00,1653357600000,2.7020000000,2.7750000000,2.7020000000,2.7500000000,10147.8369500000,27724.5178164170,27724.5178164170,1,DORA-USDT
2022-05-24 11:00:00,1653361200000,2.7520000000,2.7800000000,2.7140000000,2.7710000000,13015.2350720000,35813.4051021700,35813.4051021700,1,DORA-USDT
2022-05-24 12:00:00,1653364800000,2.7710000000,2.7960000000,2.7500000000,2.7680000000,9781.0087640000,27142.3595015260,27142.3595015260,1,DORA-USDT
2022-05-24 13:00:00,1653368400000,2.7680000000,2.7750000000,2.7380000000,2.7400000000,5365.7732450000,14794.7140951640,14794.7140951640,1,DORA-USDT
2022-05-24 14:00:00,1653372000000,2.7400000000,2.7440000000,2.6410000000,2.6700000000,14928.7890530000,40129.0759281100,40129.0759281100,1,DORA-USDT
2022-05-24 15:00:00,1653375600000,2.6680000000,2.6940000000,2.6600000000,2.6940000000,7338.0998530000,19621.1563013470,19621.1563013470,1,DORA-USDT
2022-05-24 16:00:00,1653379200000,2.6890000000,2.8540000000,2.6840000000,2.7770000000,14081.0773600000,39206.5538057150,39206.5538057150,1,DORA-USDT
2022-05-24 17:00:00,1653382800000,2.7710000000,2.8150000000,2.7600000000,2.7960000000,9396.2348450000,26252.3090279940,26252.3090279940,1,DORA-USDT
2022-05-24 18:00:00,1653386400000,2.8040000000,2.8500000000,2.7950000000,2.8440000000,7987.0218060000,22615.9017372130,22615.9017372130,1,DORA-USDT
2022-05-24 19:00:00,1653390000000,2.8460000000,2.8490000000,2.8150000000,2.8370000000,6741.9457350000,19055.2287156630,19055.2287156630,1,DORA-USDT
2022-05-24 20:00:00,1653393600000,2.8330000000,2.8500000000,2.7450000000,2.7550000000,11362.6352390000,31611.8713954280,31611.8713954280,1,DORA-USDT
2022-05-24 21:00:00,1653397200000,2.7540000000,2.7630000000,2.7000000000,2.7010000000,8768.2178920000,23998.5620705670,23998.5620705670,1,DORA-USDT
2022-05-24 22:00:00,1653400800000,2.7010000000,2.7620000000,2.7000000000,2.7570000000,8317.2284400000,22754.3299520780,22754.3299520780,1,DORA-USDT
2022-05-24 23:00:00,1653404400000,2.7590000000,2.8000000000,2.7450000000,2.7920000000,10011.3890240000,27693.0732618130,27693.0732618130,1,DORA-USDT
2022-05-25 00:00:00,1653408000000,2.7950000000,2.8070000000,2.6140000000,2.6450000000,16887.7113110000,45702.6974666190,45702.6974666190,1,DORA-USDT
2022-05-25 01:00:00,1653411600000,2.6410000000,2.6430000000,2.5670000000,2.6240000000,15128.0455020000,39330.2312899920,39330.2312899920,1,DORA-USDT
2022-05-25 02:00:00,1653415200000,2.6230000000,2.6560000000,2.6120000000,2.6200000000,8203.8232970000,21598.8772267630,21598.8772267630,1,DORA-USDT
2022-05-25 03:00:00,1653418800000,2.6210000000,2.6330000000,2.6150000000,2.6170000000,3077.3872500000,8077.6481395710,8077.6481395710,1,DORA-USDT
2022-05-25 04:00:00,1653422400000,2.6160000000,2.6420000000,2.6040000000,2.6420000000,8008.0560270000,21000.6510741350,21000.6510741350,1,DORA-USDT
2022-05-25 05:00:00,1653426000000,2.6440000000,2.7190000000,2.6390000000,2.7060000000,10999.8658340000,29488.1905761650,29488.1905761650,1,DORA-USDT
2022-05-25 06:00:00,1653429600000,2.7050000000,2.7440000000,2.7020000000,2.7410000000,7932.5466600000,21640.4144545020,21640.4144545020,1,DORA-USDT
2022-05-25 07:00:00,1653433200000,2.7430000000,2.8010000000,2.7390000000,2.7960000000,6074.5384500000,16888.8997255090,16888.8997255090,1,DORA-USDT
2022-05-25 08:00:00,1653436800000,2.8000000000,2.8600000000,2.8000000000,2.8550000000,9883.4318330000,28021.7091193410,28021.7091193410,1,DORA-USDT
2022-05-25 09:00:00,1653440400000,2.8460000000,2.8880000000,2.8270000000,2.8530000000,8038.7113980000,23010.7167256930,23010.7167256930,1,DORA-USDT
2022-05-25 10:00:00,1653444000000,2.8570000000,2.8980000000,2.8330000000,2.8940000000,11433.8331850000,32785.4813201740,32785.4813201740,1,DORA-USDT
2022-05-25 11:00:00,1653447600000,2.8940000000,2.8990000000,2.8680000000,2.8960000000,8034.4300530000,23178.2484600880,23178.2484600880,1,DORA-USDT
2022-05-25 12:00:00,1653451200000,2.8960000000,2.8960000000,2.7860000000,2.7940000000,9176.7252750000,25951.6130405800,25951.6130405800,1,DORA-USDT
2022-05-25 13:00:00,1653454800000,2.7920000000,2.8310000000,2.7480000000,2.7560000000,8850.6756730000,24729.0961658200,24729.0961658200,1,DORA-USDT
2022-05-25 14:00:00,1653458400000,2.7580000000,2.7770000000,2.7290000000,2.7710000000,6345.9029670000,17471.3493690820,17471.3493690820,1,DORA-USDT
2022-05-25 15:00:00,1653462000000,2.7630000000,2.7880000000,2.7490000000,2.7580000000,4283.6483170000,11858.2943480730,11858.2943480730,1,DORA-USDT
2022-05-25 16:00:00,1653465600000,2.7610000000,2.7780000000,2.7380000000,2.7760000000,7236.3432210000,19940.6385670570,19940.6385670570,1,DORA-USDT
2022-05-25 17:00:00,1653469200000,2.7760000000,2.7770000000,2.7520000000,2.7530000000,6012.6194150000,16609.0641005170,16609.0641005170,1,DORA-USDT
2022-05-25 18:00:00,1653472800000,2.7490000000,2.7490000000,2.6910000000,2.7100000000,13052.7789800000,35454.4240134480,35454.4240134480,1,DORA-USDT
2022-05-25 19:00:00,1653476400000,2.7090000000,2.9700000000,2.7090000000,2.7930000000,52845.2570380000,149582.2186415950,149582.2186415950,1,DORA-USDT
2022-05-25 20:00:00,1653480000000,2.7930000000,2.8640000000,2.6990000000,2.8370000000,29670.7379890000,82640.1492309630,82640.1492309630,1,DORA-USDT
2022-05-25 21:00:00,1653483600000,2.8350000000,2.9060000000,2.8220000000,2.8460000000,11305.3530010000,32304.3335820310,32304.3335820310,1,DORA-USDT
2022-05-25 22:00:00,1653487200000,2.8460000000,2.8600000000,2.8170000000,2.8340000000,6623.4886680000,18805.9832947760,18805.9832947760,1,DORA-USDT
2022-05-25 23:00:00,1653490800000,2.8310000000,2.8650000000,2.8040000000,2.8620000000,6496.1358200000,18378.1136517430,18378.1136517430,1,DORA-USDT
2022-05-26 00:00:00,1653494400000,2.8620000000,2.8970000000,2.8370000000,2.8680000000,8383.5149920000,23977.7981253100,23977.7981253100,1,DORA-USDT
2022-05-26 01:00:00,1653498000000,2.8750000000,3.0990000000,2.8700000000,2.9960000000,32329.1390850000,97116.3533846600,97116.3533846600,1,DORA-USDT
2022-05-26 02:00:00,1653501600000,2.9910000000,3.1740000000,2.9750000000,3.1090000000,25499.4180050000,78929.7312602290,78929.7312602290,1,DORA-USDT
2022-05-26 03:00:00,1653505200000,3.1110000000,3.1140000000,2.9850000000,2.9950000000,12438.8612110000,37796.0938279410,37796.0938279410,1,DORA-USDT
2022-05-26 04:00:00,1653508800000,2.9980000000,3.0820000000,2.9980000000,3.0750000000,8934.3654230000,27139.6963958480,27139.6963958480,1,DORA-USDT
2022-05-26 05:00:00,1653512400000,3.0760000000,3.1160000000,3.0650000000,3.0970000000,11606.4577810000,35891.4850093890,35891.4850093890,1,DORA-USDT
2022-05-26 06:00:00,1653516000000,3.1060000000,3.1350000000,3.0830000000,3.1350000000,8662.7255700000,26931.4576376840,26931.4576376840,1,DORA-USDT
2022-05-26 07:00:00,1653519600000,3.1380000000,3.1580000000,2.9610000000,2.9650000000,23704.5498920000,72784.2762525950,72784.2762525950,1,DORA-USDT
2022-05-26 08:00:00,1653523200000,2.9660000000,3.0570000000,2.9320000000,3.0570000000,17400.6664790000,52058.2032716660,52058.2032716660,1,DORA-USDT
2022-05-26 09:00:00,1653526800000,3.0590000000,3.0670000000,3.0120000000,3.0160000000,7140.7244150000,21717.9182187910,21717.9182187910,1,DORA-USDT
2022-05-26 10:00:00,1653530400000,3.0180000000,3.0370000000,3.0130000000,3.0130000000,4316.7480990000,13065.5761042500,13065.5761042500,1,DORA-USDT
2022-05-26 11:00:00,1653534000000,3.0130000000,3.0140000000,2.9680000000,2.9880000000,6250.9579450000,18641.4467716300,18641.4467716300,1,DORA-USDT
2022-05-26 12:00:00,1653537600000,2.9890000000,2.9910000000,2.9210000000,2.9250000000,9673.7355510000,28503.6547497280,28503.6547497280,1,DORA-USDT
2022-05-26 13:00:00,1653541200000,2.9250000000,2.9280000000,2.8130000000,2.8500000000,17062.4184430000,48880.4004205890,48880.4004205890,1,DORA-USDT
2022-05-26 14:00:00,1653544800000,2.8530000000,2.8530000000,2.8150000000,2.8470000000,7333.8717680000,20751.4723456240,20751.4723456240,1,DORA-USDT
2022-05-26 15:00:00,1653548400000,2.8440000000,2.8440000000,2.7930000000,2.7970000000,8755.1600670000,24674.2201830360,24674.2201830360,1,DORA-USDT
2022-05-26 16:00:00,1653552000000,2.8040000000,2.8040000000,2.5630000000,2.6080000000,22881.1056680000,60952.4696592090,60952.4696592090,1,DORA-USDT
2022-05-26 17:00:00,1653555600000,2.6100000000,2.7380000000,2.6010000000,2.6850000000,11145.8864560000,29697.1460531300,29697.1460531300,1,DORA-USDT
2022-05-26 18:00:00,1653559200000,2.6890000000,2.8230000000,2.6820000000,2.7580000000,27277.4883180000,75521.7267284480,75521.7267284480,1,DORA-USDT
2022-05-26 19:00:00,1653562800000,2.7540000000,2.7540000000,2.6200000000,2.6650000000,20401.2303760000,55204.3387808020,55204.3387808020,1,DORA-USDT
2022-05-26 20:00:00,1653566400000,2.6650000000,2.7590000000,2.6500000000,2.7510000000,11244.5445520000,30321.0777216170,30321.0777216170,1,DORA-USDT
2022-05-26 21:00:00,1653570000000,2.7490000000,2.7520000000,2.6680000000,2.7070000000,21558.3184330000,58330.9959048010,58330.9959048010,1,DORA-USDT
2022-05-26 22:00:00,1653573600000,2.7100000000,2.8040000000,2.6960000000,2.7740000000,17610.4238620000,48656.2841221920,48656.2841221920,1,DORA-USDT
2022-05-26 23:00:00,1653577200000,2.7790000000,2.8100000000,2.7610000000,2.7740000000,10835.9975740000,30136.9278778790,30136.9278778790,1,DORA-USDT
2022-05-27 00:00:00,1653580800000,2.7780000000,2.9350000000,2.7700000000,2.8580000000,18097.2682470000,52109.1735780230,52109.1735780230,1,DORA-USDT
2022-05-27 01:00:00,1653584400000,2.8570000000,2.9000000000,2.8570000000,2.8970000000,8287.9030240000,23907.9542140340,23907.9542140340,1,DORA-USDT
2022-05-27 02:00:00,1653588000000,2.8970000000,2.9400000000,2.8440000000,2.8610000000,11257.5003150000,32456.1775443720,32456.1775443720,1,DORA-USDT
2022-05-27 03:00:00,1653591600000,2.8610000000,2.8610000000,2.8350000000,2.8380000000,4739.6236580000,13483.4165959880,13483.4165959880,1,DORA-USDT
2022-05-27 04:00:00,1653595200000,2.8400000000,2.8780000000,2.8400000000,2.8640000000,6577.3296070000,18801.3643138230,18801.3643138230,1,DORA-USDT
2022-05-27 05:00:00,1653598800000,2.8670000000,2.9000000000,2.8630000000,2.8670000000,4244.5008700000,12214.5906640200,12214.5906640200,1,DORA-USDT
2022-05-27 06:00:00,1653602400000,2.8680000000,2.8850000000,2.8510000000,2.8560000000,5549.4102110000,15920.7265990620,15920.7265990620,1,DORA-USDT
2022-05-27 07:00:00,1653606000000,2.8560000000,2.8600000000,2.8360000000,2.8400000000,5907.8169910000,16811.5081939420,16811.5081939420,1,DORA-USDT
2022-05-27 08:00:00,1653609600000,2.8470000000,2.8470000000,2.6960000000,2.7000000000,10149.5472080000,27934.9967531460,27934.9967531460,1,DORA-USDT
2022-05-27 09:00:00,1653613200000,2.6960000000,2.7120000000,2.6260000000,2.6400000000,11556.7512120000,30852.9733965250,30852.9733965250,1,DORA-USDT
2022-05-27 10:00:00,1653616800000,2.6330000000,2.6930000000,2.6100000000,2.6880000000,9930.4990640000,26278.6706589110,26278.6706589110,1,DORA-USDT
2022-05-27 11:00:00,1653620400000,2.6930000000,2.8530000000,2.6880000000,2.8410000000,23937.0888800000,66107.7007466930,66107.7007466930,1,DORA-USDT
2022-05-27 12:00:00,1653624000000,2.8400000000,2.8540000000,2.7540000000,2.7770000000,12774.0221220000,35863.1126042200,35863.1126042200,1,DORA-USDT
2022-05-27 13:00:00,1653627600000,2.7800000000,2.8070000000,2.7180000000,2.7350000000,7652.5190120000,21081.2299404680,21081.2299404680,1,DORA-USDT
2022-05-27 14:00:00,1653631200000,2.7330000000,2.8160000000,2.7250000000,2.8120000000,9226.2919600000,25585.6311409350,25585.6311409350,1,DORA-USDT
2022-05-27 15:00:00,1653634800000,2.8080000000,2.8330000000,2.7580000000,2.7790000000,9619.8288590000,26907.2387010030,26907.2387010030,1,DORA-USDT
2022-05-27 16:00:00,1653638400000,2.7790000000,2.8150000000,2.7500000000,2.7670000000,10248.0574200000,28562.6153962870,28562.6153962870,1,DORA-USDT
2022-05-27 17:00:00,1653642000000,2.7800000000,2.8460000000,2.7670000000,2.8380000000,9212.1042320000,25778.6465862050,25778.6465862050,1,DORA-USDT
2022-05-27 18:00:00,1653645600000,2.8370000000,2.8550000000,2.7930000000,2.8030000000,7764.5959230000,21966.0214618190,21966.0214618190,1,DORA-USDT
2022-05-27 19:00:00,1653649200000,2.8070000000,2.8640000000,2.8020000000,2.8470000000,6004.6631140000,17046.6886432670,17046.6886432670,1,DORA-USDT
2022-05-27 20:00:00,1653652800000,2.8480000000,2.9080000000,2.8320000000,2.8940000000,8407.0795810000,24147.4881794630,24147.4881794630,1,DORA-USDT
2022-05-27 21:00:00,1653656400000,2.8980000000,3.0560000000,2.8670000000,2.9000000000,10441.4995160000,30314.6629012320,30314.6629012320,1,DORA-USDT
2022-05-27 22:00:00,1653660000000,2.9000000000,2.9050000000,2.8150000000,2.8330000000,13218.4445540000,37673.3394031390,37673.3394031390,1,DORA-USDT
2022-05-27 23:00:00,1653663600000,2.8310000000,2.8820000000,2.8140000000,2.8470000000,10033.5326960000,28669.6450915120,28669.6450915120,1,DORA-USDT
2022-05-28 00:00:00,1653667200000,2.8450000000,2.8690000000,2.7640000000,2.8180000000,13667.5141040000,38339.8726029530,38339.8726029530,1,DORA-USDT
2022-05-28 01:00:00,1653670800000,2.8130000000,2.8240000000,2.7210000000,2.7290000000,9776.0915390000,27095.3827211860,27095.3827211860,1,DORA-USDT
2022-05-28 02:00:00,1653674400000,2.7320000000,2.7530000000,2.6800000000,2.7100000000,6393.5481770000,17354.9734942820,17354.9734942820,1,DORA-USDT
2022-05-28 03:00:00,1653678000000,2.7130000000,2.7660000000,2.6880000000,2.7470000000,9383.9477060000,25566.6328807960,25566.6328807960,1,DORA-USDT
2022-05-28 04:00:00,1653681600000,2.7410000000,2.8050000000,2.7320000000,2.7680000000,8437.7211770000,23434.3480818610,23434.3480818610,1,DORA-USDT
2022-05-28 05:00:00,1653685200000,2.7690000000,2.7910000000,2.7680000000,2.7680000000,2162.5410220000,6015.2059260920,6015.2059260920,1,DORA-USDT
2022-05-28 06:00:00,1653688800000,2.7660000000,2.7990000000,2.7550000000,2.7810000000,5475.4734260000,15204.6523676050,15204.6523676050,1,DORA-USDT
2022-05-28 07:00:00,1653692400000,2.7800000000,2.7810000000,2.7170000000,2.7350000000,7546.9606500000,20698.9037725270,20698.9037725270,1,DORA-USDT
2022-05-28 08:00:00,1653696000000,2.7530000000,2.8360000000,2.7480000000,2.8340000000,9715.0782350000,27147.1028713340,27147.1028713340,1,DORA-USDT
2022-05-28 09:00:00,1653699600000,2.8340000000,2.8440000000,2.7640000000,2.7670000000,10274.0828380000,28758.2675500340,28758.2675500340,1,DORA-USDT
2022-05-28 10:00:00,1653703200000,2.7620000000,2.7980000000,2.7410000000,2.7800000000,8321.8532990000,23064.4528363170,23064.4528363170,1,DORA-USDT
2022-05-28 11:00:00,1653706800000,2.7760000000,2.8390000000,2.7550000000,2.8370000000,7111.5995980000,19947.6484063130,19947.6484063130,1,DORA-USDT
2022-05-28 12:00:00,1653710400000,2.8370000000,2.8620000000,2.8040000000,2.8540000000,6177.3556960000,17513.4358316340,17513.4358316340,1,DORA-USDT
2022-05-28 13:00:00,1653714000000,2.8550000000,2.8860000000,2.8450000000,2.8680000000,4916.0667040000,14115.0890255490,14115.0890255490,1,DORA-USDT
2022-05-28 14:00:00,1653717600000,2.8670000000,2.8750000000,2.8390000000,2.8540000000,7209.2714770000,20564.6263937010,20564.6263937010,1,DORA-USDT
2022-05-28 15:00:00,1653721200000,2.8550000000,2.8550000000,2.8260000000,2.8450000000,4106.0445040000,11666.6825616770,11666.6825616770,1,DORA-USDT
2022-05-28 16:00:00,1653724800000,2.8460000000,2.9080000000,2.8460000000,2.8790000000,8217.2853170000,23707.6004515280,23707.6004515280,1,DORA-USDT
2022-05-28 17:00:00,1653728400000,2.8720000000,2.9010000000,2.8720000000,2.8820000000,5219.5397510000,15061.7563699280,15061.7563699280,1,DORA-USDT
2022-05-28 18:00:00,1653732000000,2.8810000000,2.9040000000,2.8750000000,2.8900000000,4650.3272320000,13433.2968126450,13433.2968126450,1,DORA-USDT
2022-05-28 19:00:00,1653735600000,2.8850000000,2.9190000000,2.8720000000,2.9030000000,6660.0363100000,19335.7659260790,19335.7659260790,1,DORA-USDT
2022-05-28 20:00:00,1653739200000,2.9000000000,2.9730000000,2.9000000000,2.9640000000,8732.3391480000,25597.7271689630,25597.7271689630,1,DORA-USDT
2022-05-28 21:00:00,1653742800000,2.9840000000,3.0270000000,2.9420000000,2.9900000000,8175.0612040000,24356.8414908120,24356.8414908120,1,DORA-USDT
2022-05-28 22:00:00,1653746400000,2.9890000000,3.0000000000,2.9090000000,2.9160000000,9027.3423610000,26675.7005304270,26675.7005304270,1,DORA-USDT
2022-05-28 23:00:00,1653750000000,2.9170000000,2.9230000000,2.8410000000,2.8790000000,14230.7453780000,41055.9143843290,41055.9143843290,1,DORA-USDT
2022-05-29 00:00:00,1653753600000,2.8650000000,2.8650000000,2.8130000000,2.8130000000,8571.8958370000,24384.0210675830,24384.0210675830,1,DORA-USDT
2022-05-29 01:00:00,1653757200000,2.8170000000,2.8220000000,2.7540000000,2.7730000000,8776.5580170000,24513.9389906940,24513.9389906940,1,DORA-USDT
2022-05-29 02:00:00,1653760800000,2.7740000000,2.8500000000,2.7730000000,2.8460000000,9308.5373980000,26271.2089848700,26271.2089848700,1,DORA-USDT
2022-05-29 03:00:00,1653764400000,2.8440000000,2.8510000000,2.8310000000,2.8430000000,3595.9005290000,10217.3698954280,10217.3698954280,1,DORA-USDT
2022-05-29 04:00:00,1653768000000,2.8410000000,2.8410000000,2.7880000000,2.8330000000,5419.7759810000,15260.8117335540,15260.8117335540,1,DORA-USDT
2022-05-29 05:00:00,1653771600000,2.8350000000,2.8530000000,2.8080000000,2.8100000000,5803.5842470000,16390.6040730140,16390.6040730140,1,DORA-USDT
2022-05-29 06:00:00,1653775200000,2.8120000000,2.8130000000,2.7880000000,2.7910000000,4898.1381740000,13686.9069583670,13686.9069583670,1,DORA-USDT
2022-05-29 07:00:00,1653778800000,2.7910000000,2.8890000000,2.7910000000,2.8890000000,9177.9481070000,25981.1549228940,25981.1549228940,1,DORA-USDT
2022-05-29 08:00:00,1653782400000,2.8740000000,2.8930000000,2.8390000000,2.8610000000,6862.1714980000,19649.0789553050,19649.0789553050,1,DORA-USDT
2022-05-29 09:00:00,1653786000000,2.8610000000,2.8610000000,2.7650000000,2.8010000000,10915.0889600000,30814.4969032150,30814.4969032150,1,DORA-USDT
2022-05-29 10:00:00,1653789600000,2.7960000000,2.7980000000,2.7630000000,2.7890000000,7531.6684700000,20941.6524135930,20941.6524135930,1,DORA-USDT
2022-05-29 11:00:00,1653793200000,2.7880000000,2.7960000000,2.7740000000,2.7930000000,4021.3854780000,11205.2168372540,11205.2168372540,1,DORA-USDT
2022-05-29 12:00:00,1653796800000,2.7940000000,2.7950000000,2.7770000000,2.7840000000,3250.6528700000,9056.7483237200,9056.7483237200,1,DORA-USDT
2022-05-29 13:00:00,1653800400000,2.7840000000,2.7980000000,2.7780000000,2.7970000000,3264.6593860000,9113.3382641150,9113.3382641150,1,DORA-USDT
2022-05-29 14:00:00,1653804000000,2.8000000000,2.8240000000,2.8000000000,2.8090000000,5111.0218050000,14381.4205621110,14381.4205621110,1,DORA-USDT
2022-05-29 15:00:00,1653807600000,2.8090000000,2.8390000000,2.8020000000,2.8330000000,3507.9954220000,9872.6982398850,9872.6982398850,1,DORA-USDT
2022-05-29 16:00:00,1653811200000,2.8340000000,2.8670000000,2.8270000000,2.8440000000,7816.4701790000,22272.5481786620,22272.5481786620,1,DORA-USDT
2022-05-29 17:00:00,1653814800000,2.8440000000,2.8450000000,2.7960000000,2.8070000000,5353.1414150000,15035.9356278200,15035.9356278200,1,DORA-USDT
2022-05-29 18:00:00,1653818400000,2.8120000000,2.8580000000,2.8120000000,2.8370000000,8394.1550910000,23864.3166393120,23864.3166393120,1,DORA-USDT
2022-05-29 19:00:00,1653822000000,2.8370000000,2.8880000000,2.8370000000,2.8810000000,5230.3171790000,14946.8870643690,14946.8870643690,1,DORA-USDT
2022-05-29 20:00:00,1653825600000,2.8810000000,2.9410000000,2.8710000000,2.8850000000,11853.9269420000,34317.6115503290,34317.6115503290,1,DORA-USDT
2022-05-29 21:00:00,1653829200000,2.8870000000,2.9170000000,2.8830000000,2.9170000000,3373.1592480000,9773.5253279790,9773.5253279790,1,DORA-USDT
2022-05-29 22:00:00,1653832800000,2.9110000000,2.9280000000,2.8880000000,2.8880000000,6300.5563350000,18352.5640038790,18352.5640038790,1,DORA-USDT
2022-05-29 23:00:00,1653836400000,2.8900000000,2.9030000000,2.8470000000,2.8970000000,8020.0975630000,23034.9609434320,23034.9609434320,1,DORA-USDT
2022-05-30 00:00:00,1653840000000,2.8980000000,2.9420000000,2.8970000000,2.9340000000,6922.4898720000,20245.4154262030,20245.4154262030,1,DORA-USDT
2022-05-30 01:00:00,1653843600000,2.9310000000,2.9350000000,2.8950000000,2.9000000000,3944.0994750000,11493.5439376250,11493.5439376250,1,DORA-USDT
2022-05-30 02:00:00,1653847200000,2.9010000000,2.9030000000,2.8610000000,2.8640000000,6957.2905950000,20025.4225774540,20025.4225774540,1,DORA-USDT
2022-05-30 03:00:00,1653850800000,2.8600000000,2.8670000000,2.8470000000,2.8670000000,5703.5792500000,16293.6850068990,16293.6850068990,1,DORA-USDT
2022-05-30 04:00:00,1653854400000,2.8680000000,2.8870000000,2.8680000000,2.8860000000,4353.6822210000,12550.7140345020,12550.7140345020,1,DORA-USDT
2022-05-30 05:00:00,1653858000000,2.8860000000,2.8880000000,2.8760000000,2.8820000000,2436.5822680000,7023.2066522530,7023.2066522530,1,DORA-USDT
2022-05-30 06:00:00,1653861600000,2.8840000000,2.9250000000,2.8800000000,2.9140000000,6037.6279620000,17551.5781149300,17551.5781149300,1,DORA-USDT
2022-05-30 07:00:00,1653865200000,2.9120000000,2.9850000000,2.9110000000,2.9610000000,7848.4180750000,23179.4065902080,23179.4065902080,1,DORA-USDT
2022-05-30 08:00:00,1653868800000,2.9690000000,3.1510000000,2.9680000000,3.0900000000,33211.8352050000,101341.8605273040,101341.8605273040,1,DORA-USDT
2022-05-30 09:00:00,1653872400000,3.0920000000,3.2710000000,3.0790000000,3.2250000000,32276.9129160000,103020.5950912240,103020.5950912240,1,DORA-USDT
2022-05-30 10:00:00,1653876000000,3.2320000000,3.2820000000,3.1800000000,3.2320000000,16095.1905070000,52162.8679702420,52162.8679702420,1,DORA-USDT
2022-05-30 11:00:00,1653879600000,3.2360000000,3.2990000000,3.2360000000,3.2950000000,10847.5969410000,35568.0502120170,35568.0502120170,1,DORA-USDT
2022-05-30 12:00:00,1653883200000,3.2940000000,3.2990000000,3.1590000000,3.1720000000,25559.4925270000,82314.5308112430,82314.5308112430,1,DORA-USDT
2022-05-30 13:00:00,1653886800000,3.1740000000,3.2320000000,3.1740000000,3.2300000000,8264.1083570000,26473.5056486690,26473.5056486690,1,DORA-USDT
2022-05-30 14:00:00,1653890400000,3.2290000000,3.2700000000,3.1920000000,3.1920000000,12773.8729620000,41281.0866473300,41281.0866473300,1,DORA-USDT
2022-05-30 15:00:00,1653894000000,3.1950000000,3.2070000000,3.1750000000,3.1890000000,6640.7520380000,21160.6148988580,21160.6148988580,1,DORA-USDT
2022-05-30 16:00:00,1653897600000,3.1860000000,3.1860000000,3.1130000000,3.1210000000,11423.5795430000,35856.7245282360,35856.7245282360,1,DORA-USDT
2022-05-30 17:00:00,1653901200000,3.1230000000,3.1240000000,3.0760000000,3.0980000000,12475.0396730000,38604.8345257940,38604.8345257940,1,DORA-USDT
2022-05-30 18:00:00,1653904800000,3.0980000000,3.1080000000,3.0760000000,3.0770000000,4001.6449620000,12359.1182004680,12359.1182004680,1,DORA-USDT
2022-05-30 19:00:00,1653908400000,3.0760000000,3.1060000000,3.0360000000,3.0520000000,16194.5553600000,49690.6524160630,49690.6524160630,1,DORA-USDT
2022-05-30 20:00:00,1653912000000,3.0580000000,3.1020000000,3.0170000000,3.0540000000,11057.5468840000,33766.5899071300,33766.5899071300,1,DORA-USDT
2022-05-30 21:00:00,1653915600000,3.0430000000,3.0540000000,3.0150000000,3.0260000000,7286.0785190000,22113.1784074150,22113.1784074150,1,DORA-USDT
2022-05-30 22:00:00,1653919200000,3.0260000000,3.0910000000,3.0180000000,3.0420000000,9564.2580140000,29257.9476605070,29257.9476605070,1,DORA-USDT
2022-05-30 23:00:00,1653922800000,3.0410000000,3.1310000000,3.0380000000,3.1040000000,11035.3245450000,34019.9094776000,34019.9094776000,1,DORA-USDT
2022-05-31 00:00:00,1653926400000,3.1080000000,3.3840000000,3.1030000000,3.2920000000,34330.3864890000,112645.0557978670,112645.0557978670,1,DORA-USDT
2022-05-31 01:00:00,1653930000000,3.3040000000,3.3940000000,3.3030000000,3.3500000000,12482.9749800000,41887.3417317850,41887.3417317850,1,DORA-USDT
2022-05-31 02:00:00,1653933600000,3.3510000000,3.4350000000,3.3160000000,3.3620000000,12701.9248300000,42917.1597033960,42917.1597033960,1,DORA-USDT
2022-05-31 03:00:00,1653937200000,3.3650000000,3.3850000000,3.2940000000,3.3110000000,12900.5078810000,43088.9404426290,43088.9404426290,1,DORA-USDT
2022-05-31 04:00:00,1653940800000,3.3120000000,3.3750000000,3.3070000000,3.3320000000,12957.1409530000,43367.7150512870,43367.7150512870,1,DORA-USDT
2022-05-31 05:00:00,1653944400000,3.3340000000,3.4110000000,3.3230000000,3.3520000000,11663.5648570000,39287.3303442780,39287.3303442780,1,DORA-USDT
2022-05-31 06:00:00,1653948000000,3.3570000000,3.3740000000,3.3430000000,3.3720000000,6145.7635890000,20651.9815010630,20651.9815010630,1,DORA-USDT
2022-05-31 07:00:00,1653951600000,3.3770000000,3.3880000000,3.3480000000,3.3720000000,8709.1923060000,29337.2465644150,29337.2465644150,1,DORA-USDT
2022-05-31 08:00:00,1653955200000,3.3720000000,3.3730000000,3.1500000000,3.1610000000,15273.4211350000,50022.8139625390,50022.8139625390,1,DORA-USDT
2022-05-31 09:00:00,1653958800000,3.1650000000,3.2020000000,3.1180000000,3.1960000000,11028.2928910000,34738.0855948980,34738.0855948980,1,DORA-USDT
2022-05-31 10:00:00,1653962400000,3.1950000000,3.2120000000,3.1470000000,3.1880000000,13530.6965440000,43025.3415625300,43025.3415625300,1,DORA-USDT
2022-05-31 11:00:00,1653966000000,3.1910000000,3.2210000000,3.1490000000,3.1550000000,5456.2871840000,17403.7546732560,17403.7546732560,1,DORA-USDT
2022-05-31 12:00:00,1653969600000,3.1560000000,3.1930000000,3.1330000000,3.1860000000,7191.4874320000,22822.6692323810,22822.6692323810,1,DORA-USDT
2022-05-31 13:00:00,1653973200000,3.1880000000,3.1910000000,3.1180000000,3.1370000000,9696.1865730000,30544.1517520690,30544.1517520690,1,DORA-USDT
2022-05-31 14:00:00,1653976800000,3.1410000000,3.1480000000,3.0700000000,3.0980000000,11414.4326980000,35413.3387435830,35413.3387435830,1,DORA-USDT
2022-05-31 15:00:00,1653980400000,3.0960000000,3.1600000000,3.0780000000,3.1400000000,9528.2470100000,29691.5909066260,29691.5909066260,1,DORA-USDT
2022-05-31 16:00:00,1653984000000,3.1440000000,3.1940000000,3.1430000000,3.1860000000,11291.7704240000,35803.8542203520,35803.8542203520,1,DORA-USDT
2022-05-31 17:00:00,1653987600000,3.1910000000,3.2010000000,3.1350000000,3.1520000000,7551.7727820000,23849.4205349190,23849.4205349190,1,DORA-USDT
2022-05-31 18:00:00,1653991200000,3.1520000000,3.1850000000,3.1340000000,3.1370000000,10018.0327510000,31659.9618731340,31659.9618731340,1,DORA-USDT
2022-05-31 19:00:00,1653994800000,3.1360000000,3.1900000000,3.1360000000,3.1710000000,6965.8229930000,22107.5703094360,22107.5703094360,1,DORA-USDT
2022-05-31 20:00:00,1653998400000,3.1710000000,3.1880000000,3.1370000000,3.1690000000,7683.7645570000,24300.2398585490,24300.2398585490,1,DORA-USDT
2022-05-31 21:00:00,1654002000000,3.1770000000,3.2800000000,3.1490000000,3.2500000000,90676.5180700000,293867.7937746650,293867.7937746650,1,DORA-USDT
2022-05-31 22:00:00,1654005600000,3.2450000000,3.2790000000,3.1500000000,3.2290000000,17994.1207580000,58150.9925165440,58150.9925165440,1,DORA-USDT
2022-05-31 23:00:00,1654009200000,3.2360000000,3.4170000000,3.1690000000,3.3410000000,87134.0167430000,287125.3199876670,287125.3199876670,1,DORA-USDT
2022-06-01 00:00:00,1654012800000,3.3410000000,3.3900000000,3.2680000000,3.2740000000,14484.3218770000,48276.4398728390,48276.4398728390,1,DORA-USDT
2022-06-01 01:00:00,1654016400000,3.2730000000,3.3410000000,3.2030000000,3.2290000000,12420.7273500000,40555.9345895500,40555.9345895500,1,DORA-USDT
2022-06-01 02:00:00,1654020000000,3.2340000000,3.3210000000,3.1860000000,3.3160000000,17648.9504800000,57063.7836896490,57063.7836896490,1,DORA-USDT
2022-06-01 03:00:00,1654023600000,3.3160000000,3.3160000000,3.1880000000,3.2250000000,44258.5236910000,144394.4423897360,144394.4423897360,1,DORA-USDT
2022-06-01 04:00:00,1654027200000,3.2250000000,3.2700000000,3.1970000000,3.2420000000,6640.5837100000,21457.7545993400,21457.7545993400,1,DORA-USDT
2022-06-01 05:00:00,1654030800000,3.2450000000,3.2640000000,3.2330000000,3.2470000000,4698.7787320000,15269.1192881490,15269.1192881490,1,DORA-USDT
2022-06-01 06:00:00,1654034400000,3.2460000000,3.2790000000,3.2370000000,3.2470000000,7030.5795390000,22915.4532110040,22915.4532110040,1,DORA-USDT
2022-06-01 07:00:00,1654038000000,3.2470000000,3.2900000000,3.2300000000,3.2370000000,10821.2101170000,35274.5469951700,35274.5469951700,1,DORA-USDT
2022-06-01 08:00:00,1654041600000,3.2380000000,3.2390000000,3.1100000000,3.1520000000,15729.7912260000,49745.2956351780,49745.2956351780,1,DORA-USDT
2022-06-01 09:00:00,1654045200000,3.1520000000,3.1880000000,3.1000000000,3.1800000000,14890.1182200000,46619.8015491410,46619.8015491410,1,DORA-USDT
2022-06-01 10:00:00,1654048800000,3.1750000000,3.2840000000,3.1570000000,3.1810000000,75948.0329070000,245107.1429228540,245107.1429228540,1,DORA-USDT
2022-06-01 11:00:00,1654052400000,3.1820000000,3.1820000000,3.1160000000,3.1430000000,10465.9426860000,32876.3745747630,32876.3745747630,1,DORA-USDT
2022-06-01 12:00:00,1654056000000,3.1400000000,3.1600000000,3.1160000000,3.1500000000,8852.8169630000,27834.2968568410,27834.2968568410,1,DORA-USDT
2022-06-01 13:00:00,1654059600000,3.1510000000,3.1560000000,3.1080000000,3.1480000000,6830.5408830000,21410.8638098960,21410.8638098960,1,DORA-USDT
2022-06-01 14:00:00,1654063200000,3.1460000000,3.1750000000,3.1180000000,3.1580000000,6401.1433260000,20168.0259216140,20168.0259216140,1,DORA-USDT
2022-06-01 15:00:00,1654066800000,3.1620000000,3.1680000000,3.1080000000,3.1650000000,23638.2380780000,73953.5566228390,73953.5566228390,1,DORA-USDT
2022-06-01 16:00:00,1654070400000,3.1630000000,3.2170000000,3.1150000000,3.2170000000,21207.1161400000,67205.6147260870,67205.6147260870,1,DORA-USDT
2022-06-01 17:00:00,1654074000000,3.2150000000,3.2470000000,3.1480000000,3.2470000000,18995.9788320000,60861.9421250730,60861.9421250730,1,DORA-USDT
2022-06-01 18:00:00,1654077600000,3.2450000000,3.2470000000,3.1670000000,3.1980000000,7561.2458890000,24167.5096256440,24167.5096256440,1,DORA-USDT
2022-06-01 19:00:00,1654081200000,3.1990000000,3.2400000000,3.1630000000,3.2020000000,10383.7992850000,33226.8939394670,33226.8939394670,1,DORA-USDT
2022-06-01 20:00:00,1654084800000,3.2080000000,3.2420000000,3.1800000000,3.2410000000,8721.0730160000,28039.6449470340,28039.6449470340,1,DORA-USDT
2022-06-01 21:00:00,1654088400000,3.2390000000,3.2850000000,3.1770000000,3.2050000000,20170.4799000000,65305.5020291740,65305.5020291740,1,DORA-USDT
2022-06-01 22:00:00,1654092000000,3.2070000000,3.2070000000,3.0700000000,3.1220000000,21021.5820970000,66082.3041397950,66082.3041397950,1,DORA-USDT
2022-06-01 23:00:00,1654095600000,3.1230000000,3.1600000000,3.0470000000,3.1190000000,12437.1485100000,38544.8846838480,38544.8846838480,1,DORA-USDT
2022-06-02 00:00:00,1654099200000,3.1200000000,3.1440000000,2.9030000000,2.9750000000,24941.2111430000,74836.3764248860,74836.3764248860,1,DORA-USDT
2022-06-02 01:00:00,1654102800000,2.9750000000,2.9750000000,2.9750000000,2.9750000000,0.0000000000,0.0000000000,0.0000000000,1,DORA-USDT
2022-06-02 02:00:00,1654106400000,2.9680000000,2.9910000000,2.7200000000,2.7780000000,11281.0557090000,32113.0353793150,32113.0353793150,1,DORA-USDT
2022-06-02 03:00:00,1654110000000,2.7740000000,2.7790000000,2.6990000000,2.7340000000,23392.1225170000,64123.0009991510,64123.0009991510,1,DORA-USDT
2022-06-02 04:00:00,1654113600000,2.7350000000,2.7380000000,2.6420000000,2.6750000000,14241.1362910000,38218.2419736490,38218.2419736490,1,DORA-USDT
2022-06-02 05:00:00,1654117200000,2.6740000000,2.7280000000,2.6710000000,2.7100000000,9455.3653380000,25499.9366612470,25499.9366612470,1,DORA-USDT
2022-06-02 06:00:00,1654120800000,2.7110000000,2.7720000000,2.6980000000,2.7620000000,8003.9757100000,21962.5147238880,21962.5147238880,1,DORA-USDT
2022-06-02 07:00:00,1654124400000,2.7610000000,2.8900000000,2.7610000000,2.8790000000,11209.5079150000,31674.2085947980,31674.2085947980,1,DORA-USDT
2022-06-02 08:00:00,1654128000000,2.8770000000,2.8890000000,2.8310000000,2.8790000000,9609.6081030000,27459.1713450180,27459.1713450180,1,DORA-USDT
2022-06-02 09:00:00,1654131600000,2.8790000000,2.9160000000,2.8700000000,2.8820000000,8922.2836210000,25863.3994969230,25863.3994969230,1,DORA-USDT
2022-06-02 10:00:00,1654135200000,2.8820000000,2.9190000000,2.8570000000,2.8720000000,7960.0173070000,22977.0266438510,22977.0266438510,1,DORA-USDT
2022-06-02 11:00:00,1654138800000,2.8710000000,2.9130000000,2.8170000000,2.8230000000,11369.3093230000,32576.8917662880,32576.8917662880,1,DORA-USDT
2022-06-02 12:00:00,1654142400000,2.8280000000,2.8720000000,2.8050000000,2.8670000000,10182.5303820000,28954.3281397430,28954.3281397430,1,DORA-USDT
2022-06-02 13:00:00,1654146000000,2.8670000000,2.8910000000,2.8300000000,2.8760000000,12519.3349220000,35727.2274459930,35727.2274459930,1,DORA-USDT
2022-06-02 14:00:00,1654149600000,2.8780000000,2.8800000000,2.8290000000,2.8470000000,7625.1006610000,21741.0524685180,21741.0524685180,1,DORA-USDT
2022-06-02 15:00:00,1654153200000,2.8470000000,2.8590000000,2.8320000000,2.8380000000,5631.4307200000,16012.2089464250,16012.2089464250,1,DORA-USDT
2022-06-02 16:00:00,1654156800000,2.8340000000,2.8980000000,2.8180000000,2.8520000000,12415.7972160000,35494.2281423040,35494.2281423040,1,DORA-USDT
2022-06-02 17:00:00,1654160400000,2.8530000000,2.8660000000,2.7870000000,2.8270000000,9495.8078260000,27013.8697703750,27013.8697703750,1,DORA-USDT
2022-06-02 18:00:00,1654164000000,2.8250000000,2.8660000000,2.8250000000,2.8460000000,6414.6694280000,18228.4301466630,18228.4301466630,1,DORA-USDT
2022-06-02 19:00:00,1654167600000,2.8490000000,2.8860000000,2.8380000000,2.8840000000,5203.9350320000,14905.0200010240,14905.0200010240,1,DORA-USDT
2022-06-02 20:00:00,1654171200000,2.8860000000,2.8990000000,2.8560000000,2.8630000000,7112.8318910000,20492.4372623920,20492.4372623920,1,DORA-USDT
2022-06-02 21:00:00,1654174800000,2.8630000000,2.8640000000,2.7990000000,2.8120000000,10691.2558750000,30225.2784946460,30225.2784946460,1,DORA-USDT
2022-06-02 22:00:00,1654178400000,2.8110000000,2.8490000000,2.7990000000,2.8490000000,7426.1114440000,21016.1985751160,21016.1985751160,1,DORA-USDT
2022-06-02 23:00:00,1654182000000,2.8510000000,2.8770000000,2.8300000000,2.8300000000,7199.8217150000,20586.0805752020,20586.0805752020,1,DORA-USDT
2022-06-03 00:00:00,1654185600000,2.8420000000,2.8420000000,2.7690000000,2.7780000000,20522.8783950000,57398.4493983300,57398.4493983300,1,DORA-USDT
2022-06-03 01:00:00,1654189200000,2.7790000000,2.8500000000,2.7110000000,2.7970000000,27987.5735240000,77527.2357240220,77527.2357240220,1,DORA-USDT
2022-06-03 02:00:00,1654192800000,2.7940000000,2.8130000000,2.7760000000,2.7810000000,5894.0569570000,16463.9050538630,16463.9050538630,1,DORA-USDT
2022-06-03 03:00:00,1654196400000,2.7790000000,2.8020000000,2.7740000000,2.8000000000,3658.2051330000,10204.0823540460,10204.0823540460,1,DORA-USDT
2022-06-03 04:00:00,1654200000000,2.7990000000,2.8230000000,2.7990000000,2.8130000000,5657.4224210000,15913.9080381480,15913.9080381480,1,DORA-USDT
2022-06-03 05:00:00,1654203600000,2.8120000000,2.8760000000,2.8100000000,2.8720000000,7593.0947320000,21700.2961931260,21700.2961931260,1,DORA-USDT
2022-06-03 06:00:00,1654207200000,2.8720000000,2.8930000000,2.8700000000,2.8870000000,3464.0481320000,9995.0278444530,9995.0278444530,1,DORA-USDT
2022-06-03 07:00:00,1654210800000,2.8870000000,2.9000000000,2.8670000000,2.8800000000,4860.2834390000,14064.0910518830,14064.0910518830,1,DORA-USDT
2022-06-03 08:00:00,1654214400000,2.8800000000,2.9000000000,2.8720000000,2.8950000000,5441.7334850000,15745.5704131620,15745.5704131620,1,DORA-USDT
2022-06-03 09:00:00,1654218000000,2.8950000000,2.9480000000,2.8910000000,2.9460000000,6690.2925360000,19507.8340923220,19507.8340923220,1,DORA-USDT
2022-06-03 10:00:00,1654221600000,2.9460000000,2.9570000000,2.9140000000,2.9140000000,8751.3004460000,25696.6593357280,25696.6593357280,1,DORA-USDT
2022-06-03 11:00:00,1654225200000,2.9150000000,2.9450000000,2.9070000000,2.9110000000,9198.6964860000,26871.7797951210,26871.7797951210,1,DORA-USDT
2022-06-03 12:00:00,1654228800000,2.9100000000,2.9150000000,2.8500000000,2.8500000000,7280.6311490000,20951.4103786060,20951.4103786060,1,DORA-USDT
2022-06-03 13:00:00,1654232400000,2.8510000000,2.8890000000,2.8510000000,2.8800000000,3799.9603680000,10921.9461139110,10921.9461139110,1,DORA-USDT
2022-06-03 14:00:00,1654236000000,2.8800000000,2.8810000000,2.8500000000,2.8520000000,4183.2460070000,11991.9779922890,11991.9779922890,1,DORA-USDT
2022-06-03 15:00:00,1654239600000,2.8520000000,2.8550000000,2.8070000000,2.8100000000,9294.3334210000,26324.1091728100,26324.1091728100,1,DORA-USDT
2022-06-03 16:00:00,1654243200000,2.8010000000,2.8090000000,2.7630000000,2.7920000000,13106.0913290000,36528.6199012800,36528.6199012800,1,DORA-USDT
2022-06-03 17:00:00,1654246800000,2.7900000000,2.7900000000,2.7300000000,2.7380000000,9695.8767720000,26665.8074051360,26665.8074051360,1,DORA-USDT
2022-06-03 18:00:00,1654250400000,2.7410000000,2.7470000000,2.7000000000,2.7040000000,12728.3480460000,34583.3049878130,34583.3049878130,1,DORA-USDT
2022-06-03 19:00:00,1654254000000,2.7060000000,2.7330000000,2.7000000000,2.7090000000,8100.9861540000,21943.5928009330,21943.5928009330,1,DORA-USDT
2022-06-03 20:00:00,1654257600000,2.7090000000,2.7440000000,2.7000000000,2.7250000000,7620.6537630000,20762.2247766640,20762.2247766640,1,DORA-USDT
2022-06-03 21:00:00,1654261200000,2.7180000000,2.7630000000,2.7180000000,2.7630000000,6650.1574510000,18276.6923436600,18276.6923436600,1,DORA-USDT
2022-06-03 22:00:00,1654264800000,2.7600000000,2.7660000000,2.7260000000,2.7390000000,5139.7937450000,14101.4025072170,14101.4025072170,1,DORA-USDT
2022-06-03 23:00:00,1654268400000,2.7370000000,2.7810000000,2.7220000000,2.7800000000,4151.3139530000,11342.9804604200,11342.9804604200,1,DORA-USDT
2022-06-04 00:00:00,1654272000000,2.7780000000,2.9060000000,2.7670000000,2.8520000000,13757.2733480000,39091.9984810570,39091.9984810570,1,DORA-USDT
2022-06-04 01:00:00,1654275600000,2.8530000000,2.8990000000,2.8320000000,2.8540000000,7645.6744630000,21838.6412932320,21838.6412932320,1,DORA-USDT
2022-06-04 02:00:00,1654279200000,2.8470000000,2.8540000000,2.8380000000,2.8530000000,3184.2548040000,9061.4760738520,9061.4760738520,1,DORA-USDT
2022-06-04 03:00:00,1654282800000,2.8540000000,2.8800000000,2.8520000000,2.8770000000,4072.4410430000,11666.6661436480,11666.6661436480,1,DORA-USDT
2022-06-04 04:00:00,1654286400000,2.8710000000,2.9120000000,2.8710000000,2.9120000000,5037.8346270000,14583.4419968880,14583.4419968880,1,DORA-USDT
2022-06-04 05:00:00,1654290000000,2.9160000000,2.9270000000,2.9020000000,2.9220000000,4835.9864350000,14096.7677986840,14096.7677986840,1,DORA-USDT
2022-06-04 06:00:00,1654293600000,2.9210000000,2.9260000000,2.8710000000,2.8760000000,6790.3120730000,19652.7243413300,19652.7243413300,1,DORA-USDT
2022-06-04 07:00:00,1654297200000,2.8760000000,2.8880000000,2.8210000000,2.8510000000,10096.7143340000,28738.8418935570,28738.8418935570,1,DORA-USDT
2022-06-04 08:00:00,1654300800000,2.8530000000,2.8700000000,2.8070000000,2.8360000000,12578.5880610000,35770.3992046600,35770.3992046600,1,DORA-USDT
2022-06-04 09:00:00,1654304400000,2.8350000000,2.8360000000,2.7710000000,2.7750000000,5410.0302920000,15093.0064007330,15093.0064007330,1,DORA-USDT
2022-06-04 10:00:00,1654308000000,2.7760000000,2.7910000000,2.7400000000,2.7680000000,5604.7871690000,15478.2112534210,15478.2112534210,1,DORA-USDT
2022-06-04 11:00:00,1654311600000,2.7690000000,2.8140000000,2.7650000000,2.7890000000,9094.3309570000,25360.3199424200,25360.3199424200,1,DORA-USDT
2022-06-04 12:00:00,1654315200000,2.7900000000,2.8450000000,2.7890000000,2.8450000000,7002.2841570000,19806.7543626030,19806.7543626030,1,DORA-USDT
2022-06-04 13:00:00,1654318800000,2.8460000000,2.8640000000,2.8300000000,2.8570000000,5740.6487830000,16351.1547608250,16351.1547608250,1,DORA-USDT
2022-06-04 14:00:00,1654322400000,2.8590000000,2.8740000000,2.8210000000,2.8460000000,11023.4188300000,31373.2568004160,31373.2568004160,1,DORA-USDT
2022-06-04 15:00:00,1654326000000,2.8480000000,2.8480000000,2.8000000000,2.8320000000,5792.1102560000,16367.1276418870,16367.1276418870,1,DORA-USDT
2022-06-04 16:00:00,1654329600000,2.8320000000,2.8770000000,2.8320000000,2.8770000000,7525.3465230000,21498.8348825820,21498.8348825820,1,DORA-USDT
2022-06-04 17:00:00,1654333200000,2.8740000000,2.8750000000,2.8220000000,2.8280000000,4307.1454250000,12218.5176198380,12218.5176198380,1,DORA-USDT
2022-06-04 18:00:00,1654336800000,2.8280000000,2.8350000000,2.7920000000,2.8050000000,5159.1566260000,14485.0046608740,14485.0046608740,1,DORA-USDT
2022-06-04 19:00:00,1654340400000,2.8070000000,2.8870000000,2.8060000000,2.8400000000,29176.2935890000,83318.9623177280,83318.9623177280,1,DORA-USDT
2022-06-04 20:00:00,1654344000000,2.8400000000,2.8680000000,2.8000000000,2.8080000000,11710.7241760000,33152.0951204130,33152.0951204130,1,DORA-USDT
2022-06-04 21:00:00,1654347600000,2.8010000000,2.8370000000,2.7990000000,2.8050000000,6067.4336020000,17098.3564530630,17098.3564530630,1,DORA-USDT
2022-06-04 22:00:00,1654351200000,2.8070000000,2.8220000000,2.7630000000,2.7930000000,10367.3195160000,28977.4398366360,28977.4398366360,1,DORA-USDT
2022-06-04 23:00:00,1654354800000,2.8010000000,2.8150000000,2.7900000000,2.8150000000,4281.4541550000,11984.1209374650,11984.1209374650,1,DORA-USDT
2022-06-05 00:00:00,1654358400000,2.8160000000,2.8230000000,2.7540000000,2.7540000000,9374.7168870000,26065.1222191250,26065.1222191250,1,DORA-USDT
2022-06-05 01:00:00,1654362000000,2.7560000000,2.8290000000,2.7410000000,2.8000000000,14338.1776270000,39900.9136873420,39900.9136873420,1,DORA-USDT
2022-06-05 02:00:00,1654365600000,2.8000000000,2.8130000000,2.7810000000,2.8010000000,6314.4185440000,17679.5820289460,17679.5820289460,1,DORA-USDT
2022-06-05 03:00:00,1654369200000,2.7980000000,2.8030000000,2.7780000000,2.7990000000,5056.7359870000,14127.4037051360,14127.4037051360,1,DORA-USDT
2022-06-05 04:00:00,1654372800000,2.7980000000,2.8450000000,2.7970000000,2.8430000000,5469.9582460000,15436.5706002960,15436.5706002960,1,DORA-USDT
2022-06-05 05:00:00,1654376400000,2.8420000000,2.8480000000,2.8060000000,2.8110000000,8198.9918950000,23230.4283284120,23230.4283284120,1,DORA-USDT
2022-06-05 06:00:00,1654380000000,2.8120000000,2.8500000000,2.8120000000,2.8230000000,5970.0691740000,16902.9121526820,16902.9121526820,1,DORA-USDT
2022-06-05 07:00:00,1654383600000,2.8220000000,2.8360000000,2.7940000000,2.7940000000,5558.9739430000,15705.9409911550,15705.9409911550,1,DORA-USDT
2022-06-05 08:00:00,1654387200000,2.8160000000,2.8400000000,2.8040000000,2.8040000000,5833.9250280000,16466.3943037450,16466.3943037450,1,DORA-USDT
2022-06-05 09:00:00,1654390800000,2.8050000000,2.8050000000,2.7770000000,2.7820000000,6211.4356860000,17323.4331131120,17323.4331131120,1,DORA-USDT
2022-06-05 10:00:00,1654394400000,2.7830000000,2.8080000000,2.7830000000,2.8080000000,3563.4310670000,9968.7572654210,9968.7572654210,1,DORA-USDT
2022-06-05 11:00:00,1654398000000,2.8060000000,2.8160000000,2.8030000000,2.8140000000,2217.8787940000,6235.9891593710,6235.9891593710,1,DORA-USDT
2022-06-05 12:00:00,1654401600000,2.8150000000,2.8150000000,2.7930000000,2.8030000000,4833.4717040000,13529.8908771710,13529.8908771710,1,DORA-USDT
2022-06-05 13:00:00,1654405200000,2.8040000000,2.8190000000,2.8000000000,2.8100000000,4071.0464030000,11437.6277880910,11437.6277880910,1,DORA-USDT
2022-06-05 14:00:00,1654408800000,2.8100000000,2.8130000000,2.7980000000,2.8040000000,2142.3381200000,6007.0684048630,6007.0684048630,1,DORA-USDT
2022-06-05 15:00:00,1654412400000,2.8070000000,2.8300000000,2.7960000000,2.8100000000,5645.7453620000,15902.2327104090,15902.2327104090,1,DORA-USDT
2022-06-05 16:00:00,1654416000000,2.8180000000,2.8290000000,2.8080000000,2.8090000000,3442.7629150000,9697.8029253850,9697.8029253850,1,DORA-USDT
2022-06-05 17:00:00,1654419600000,2.8090000000,2.8550000000,2.7500000000,2.8020000000,19601.4504020000,55020.4048371810,55020.4048371810,1,DORA-USDT
2022-06-05 18:00:00,1654423200000,2.8020000000,2.8250000000,2.7960000000,2.8040000000,6457.2898660000,18159.4919714160,18159.4919714160,1,DORA-USDT
2022-06-05 19:00:00,1654426800000,2.8050000000,2.8220000000,2.7970000000,2.8190000000,4075.8043380000,11450.0509749180,11450.0509749180,1,DORA-USDT
2022-06-05 20:00:00,1654430400000,2.8190000000,2.8290000000,2.8130000000,2.8200000000,1577.8025330000,4450.4378689360,4450.4378689360,1,DORA-USDT
2022-06-05 21:00:00,1654434000000,2.8210000000,2.8250000000,2.7880000000,2.7920000000,3754.3603990000,10554.2903582840,10554.2903582840,1,DORA-USDT
2022-06-05 22:00:00,1654437600000,2.7880000000,2.8330000000,2.7880000000,2.8230000000,6236.0715960000,17563.1587726640,17563.1587726640,1,DORA-USDT
2022-06-05 23:00:00,1654441200000,2.8230000000,2.8740000000,2.8210000000,2.8670000000,8371.5800520000,23881.5515677400,23881.5515677400,1,DORA-USDT
2022-06-06 00:00:00,1654444800000,2.8650000000,2.8840000000,2.8480000000,2.8550000000,5236.6870570000,14996.2376264330,14996.2376264330,1,DORA-USDT
2022-06-06 01:00:00,1654448400000,2.8550000000,2.8970000000,2.8550000000,2.8750000000,9975.7711380000,28755.3946160590,28755.3946160590,1,DORA-USDT
2022-06-06 02:00:00,1654452000000,2.8810000000,2.8990000000,2.8640000000,2.8670000000,3987.8480310000,11471.5424941340,11471.5424941340,1,DORA-USDT
2022-06-06 03:00:00,1654455600000,2.8640000000,2.8760000000,2.8640000000,2.8720000000,1741.8236950000,5000.9135492850,5000.9135492850,1,DORA-USDT
2022-06-06 04:00:00,1654459200000,2.8750000000,2.8880000000,2.8730000000,2.8750000000,3113.7930270000,8972.0041160470,8972.0041160470,1,DORA-USDT
2022-06-06 05:00:00,1654462800000,2.8750000000,2.8750000000,2.8550000000,2.8650000000,5232.2266410000,14975.1442027200,14975.1442027200,1,DORA-USDT
2022-06-06 06:00:00,1654466400000,2.8650000000,2.8790000000,2.8500000000,2.8620000000,4009.6364640000,11482.6617019690,11482.6617019690,1,DORA-USDT
2022-06-06 07:00:00,1654470000000,2.8620000000,2.8730000000,2.7940000000,2.8200000000,9575.4329280000,27159.7357913960,27159.7357913960,1,DORA-USDT
2022-06-06 08:00:00,1654473600000,2.8240000000,2.8660000000,2.8050000000,2.8390000000,6236.8689670000,17719.9214746480,17719.9214746480,1,DORA-USDT
2022-06-06 09:00:00,1654477200000,2.8370000000,2.8880000000,2.8360000000,2.8870000000,10408.1708970000,29803.5723941450,29803.5723941450,1,DORA-USDT
2022-06-06 10:00:00,1654480800000,2.8910000000,2.9000000000,2.8480000000,2.8800000000,14783.1432020000,42512.0676691060,42512.0676691060,1,DORA-USDT
2022-06-06 11:00:00,1654484400000,2.8780000000,2.9050000000,2.8730000000,2.9010000000,10296.7604630000,29782.2707179020,29782.2707179020,1,DORA-USDT
2022-06-06 12:00:00,1654488000000,2.9010000000,2.9050000000,2.8790000000,2.8890000000,5670.2353130000,16383.2914972390,16383.2914972390,1,DORA-USDT
2022-06-06 13:00:00,1654491600000,2.8890000000,2.9070000000,2.8750000000,2.8770000000,10643.1695360000,30742.3137352450,30742.3137352450,1,DORA-USDT
2022-06-06 14:00:00,1654495200000,2.8770000000,2.9130000000,2.8730000000,2.8880000000,7612.7312370000,22010.9410023690,22010.9410023690,1,DORA-USDT
2022-06-06 15:00:00,1654498800000,2.8910000000,2.9280000000,2.8880000000,2.9240000000,3171.6139980000,9220.9274368570,9220.9274368570,1,DORA-USDT
2022-06-06 16:00:00,1654502400000,2.9300000000,3.0160000000,2.9170000000,3.0100000000,18588.8187520000,55434.6115157240,55434.6115157240,1,DORA-USDT
2022-06-06 17:00:00,1654506000000,3.0140000000,3.0360000000,3.0070000000,3.0240000000,5520.6916850000,16657.6177966060,16657.6177966060,1,DORA-USDT
2022-06-06 18:00:00,1654509600000,3.0250000000,3.0450000000,2.9860000000,3.0350000000,5353.0655170000,16204.0441993200,16204.0441993200,1,DORA-USDT
2022-06-06 19:00:00,1654513200000,3.0350000000,3.0720000000,3.0070000000,3.0460000000,10678.9507700000,32505.6088296900,32505.6088296900,1,DORA-USDT
2022-06-06 20:00:00,1654516800000,3.0480000000,3.0940000000,3.0400000000,3.0650000000,5265.7194950000,16122.1999142350,16122.1999142350,1,DORA-USDT
2022-06-06 21:00:00,1654520400000,3.0650000000,3.0780000000,3.0120000000,3.0180000000,8095.4773300000,24620.7207285010,24620.7207285010,1,DORA-USDT
2022-06-06 22:00:00,1654524000000,3.0290000000,3.0470000000,2.9830000000,2.9890000000,6514.7271430000,19644.4474729500,19644.4474729500,1,DORA-USDT
2022-06-06 23:00:00,1654527600000,2.9870000000,2.9920000000,2.9420000000,2.9420000000,8398.7412940000,24888.3834569660,24888.3834569660,1,DORA-USDT
2022-06-07 00:00:00,1654531200000,2.9730000000,2.9730000000,2.8800000000,2.8800000000,12082.5780340000,35200.9128998290,35200.9128998290,1,DORA-USDT
2022-06-07 01:00:00,1654534800000,2.8800000000,2.8800000000,2.8150000000,2.8470000000,11352.7567420000,32294.9188278750,32294.9188278750,1,DORA-USDT
2022-06-07 02:00:00,1654538400000,2.8470000000,2.9000000000,2.8430000000,2.9000000000,6599.3158160000,18901.5954429380,18901.5954429380,1,DORA-USDT
2022-06-07 03:00:00,1654542000000,2.8960000000,2.9010000000,2.8730000000,2.8970000000,7908.1608890000,22842.7171102220,22842.7171102220,1,DORA-USDT
2022-06-07 04:00:00,1654545600000,2.8970000000,2.9030000000,2.8580000000,2.8900000000,5383.4751900000,15535.9053920510,15535.9053920510,1,DORA-USDT
2022-06-07 05:00:00,1654549200000,2.8910000000,2.9150000000,2.8910000000,2.9140000000,3693.7717410000,10735.6170195590,10735.6170195590,1,DORA-USDT
2022-06-07 06:00:00,1654552800000,2.9150000000,2.9240000000,2.8860000000,2.8870000000,5642.7294400000,16394.5275311350,16394.5275311350,1,DORA-USDT
2022-06-07 07:00:00,1654556400000,2.8840000000,2.9270000000,2.8840000000,2.9270000000,4561.3336750000,13271.3856999400,13271.3856999400,1,DORA-USDT
2022-06-07 08:00:00,1654560000000,2.9280000000,2.9400000000,2.7870000000,2.7900000000,13588.5301460000,38731.7244735430,38731.7244735430,1,DORA-USDT
2022-06-07 09:00:00,1654563600000,2.7880000000,2.8010000000,2.7000000000,2.7170000000,25298.8441190000,69472.7341930840,69472.7341930840,1,DORA-USDT
2022-06-07 10:00:00,1654567200000,2.7180000000,2.7550000000,2.7010000000,2.7390000000,7779.6315810000,21230.8706020300,21230.8706020300,1,DORA-USDT
2022-06-07 11:00:00,1654570800000,2.7400000000,2.7940000000,2.7370000000,2.7700000000,8216.4725280000,22752.3543143470,22752.3543143470,1,DORA-USDT
2022-06-07 12:00:00,1654574400000,2.7680000000,2.7690000000,2.7500000000,2.7590000000,5421.8507090000,14953.9535325000,14953.9535325000,1,DORA-USDT
2022-06-07 13:00:00,1654578000000,2.7600000000,2.8320000000,2.7340000000,2.8090000000,15353.4011050000,42565.5167554510,42565.5167554510,1,DORA-USDT
2022-06-07 14:00:00,1654581600000,2.8110000000,2.8180000000,2.7890000000,2.8120000000,8138.1216310000,22837.8735107580,22837.8735107580,1,DORA-USDT
2022-06-07 15:00:00,1654585200000,2.8120000000,2.8510000000,2.8120000000,2.8470000000,14905.7180440000,42232.5198507390,42232.5198507390,1,DORA-USDT
2022-06-07 16:00:00,1654588800000,2.8470000000,2.8760000000,2.8460000000,2.8690000000,3063.0245040000,8771.4338081490,8771.4338081490,1,DORA-USDT
2022-06-07 17:00:00,1654592400000,2.8680000000,2.8690000000,2.8320000000,2.8380000000,8050.8759560000,22943.3280307080,22943.3280307080,1,DORA-USDT
2022-06-07 18:00:00,1654596000000,2.8390000000,2.8660000000,2.8390000000,2.8500000000,5198.5622670000,14840.0629615180,14840.0629615180,1,DORA-USDT
2022-06-07 19:00:00,1654599600000,2.8500000000,2.8510000000,2.7820000000,2.7980000000,12616.6806930000,35527.1860010840,35527.1860010840,1,DORA-USDT
2022-06-07 20:00:00,1654603200000,2.7980000000,2.8050000000,2.7330000000,2.7700000000,10388.0517280000,28755.6770647190,28755.6770647190,1,DORA-USDT
2022-06-07 21:00:00,1654606800000,2.7660000000,2.7930000000,2.7460000000,2.7780000000,9591.3616270000,26572.2846859280,26572.2846859280,1,DORA-USDT
2022-06-07 22:00:00,1654610400000,2.7790000000,2.8260000000,2.7610000000,2.7970000000,8724.8269900000,24422.1639373190,24422.1639373190,1,DORA-USDT
2022-06-07 23:00:00,1654614000000,2.7970000000,2.8350000000,2.7950000000,2.8320000000,7044.3597560000,19828.0177773140,19828.0177773140,1,DORA-USDT
2022-06-08 00:00:00,1654617600000,2.8300000000,2.8450000000,2.8170000000,2.8350000000,4921.9028030000,13934.8197341520,13934.8197341520,1,DORA-USDT
2022-06-08 01:00:00,1654621200000,2.8360000000,2.8370000000,2.7980000000,2.8190000000,6580.5295570000,18544.7419720140,18544.7419720140,1,DORA-USDT
2022-06-08 02:00:00,1654624800000,2.8190000000,2.8450000000,2.8110000000,2.8360000000,9052.1767730000,25612.8391068030,25612.8391068030,1,DORA-USDT
2022-06-08 03:00:00,1654628400000,2.8350000000,2.8880000000,2.8350000000,2.8550000000,11288.1427450000,32231.3837946530,32231.3837946530,1,DORA-USDT
2022-06-08 04:00:00,1654632000000,2.8590000000,2.8970000000,2.8550000000,2.8700000000,12548.2631720000,36140.6322520340,36140.6322520340,1,DORA-USDT
2022-06-08 05:00:00,1654635600000,2.8720000000,2.9000000000,2.8700000000,2.8870000000,5516.4749730000,15934.6925768120,15934.6925768120,1,DORA-USDT
2022-06-08 06:00:00,1654639200000,2.8850000000,2.8980000000,2.7730000000,2.8410000000,6926.3470660000,19691.8500890430,19691.8500890430,1,DORA-USDT
2022-06-08 07:00:00,1654642800000,2.8500000000,2.8860000000,2.8250000000,2.8630000000,11285.7134500000,32200.7503837540,32200.7503837540,1,DORA-USDT
2022-06-08 08:00:00,1654646400000,2.8810000000,2.8860000000,2.8540000000,2.8710000000,3803.0851240000,10915.4346065840,10915.4346065840,1,DORA-USDT
2022-06-08 09:00:00,1654650000000,2.8670000000,2.9190000000,2.8090000000,2.9090000000,13064.6735500000,37655.2329715390,37655.2329715390,1,DORA-USDT
2022-06-08 10:00:00,1654653600000,2.9100000000,2.9990000000,2.9100000000,2.9330000000,7588.9272900000,22424.5344386650,22424.5344386650,1,DORA-USDT
2022-06-08 11:00:00,1654657200000,2.9340000000,2.9360000000,2.8510000000,2.8720000000,16009.8335100000,46125.6444997180,46125.6444997180,1,DORA-USDT
2022-06-08 12:00:00,1654660800000,2.8690000000,2.8790000000,2.8510000000,2.8740000000,2738.5617180000,7851.3674490510,7851.3674490510,1,DORA-USDT
2022-06-08 13:00:00,1654664400000,2.8710000000,2.9130000000,2.8680000000,2.8880000000,5073.5349070000,14692.1093634980,14692.1093634980,1,DORA-USDT
2022-06-08 14:00:00,1654668000000,2.8870000000,3.1500000000,2.8870000000,3.0640000000,31176.4424820000,95045.4497058120,95045.4497058120,1,DORA-USDT
2022-06-08 15:00:00,1654671600000,3.0560000000,3.0570000000,2.9540000000,2.9820000000,13230.3349870000,39662.2767165340,39662.2767165340,1,DORA-USDT
2022-06-08 16:00:00,1654675200000,2.9850000000,2.9910000000,2.9180000000,2.9380000000,6543.5017510000,19265.4888487100,19265.4888487100,1,DORA-USDT
2022-06-08 17:00:00,1654678800000,2.9330000000,3.0010000000,2.9000000000,2.9860000000,11845.2823930000,34693.8898663820,34693.8898663820,1,DORA-USDT
2022-06-08 18:00:00,1654682400000,2.9830000000,2.9910000000,2.9440000000,2.9550000000,5990.0678440000,17736.7077719540,17736.7077719540,1,DORA-USDT
2022-06-08 19:00:00,1654686000000,2.9440000000,2.9700000000,2.9250000000,2.9490000000,9211.5700790000,27121.0683168680,27121.0683168680,1,DORA-USDT
2022-06-08 20:00:00,1654689600000,2.9490000000,2.9590000000,2.9020000000,2.9300000000,6416.8995480000,18814.2906060400,18814.2906060400,1,DORA-USDT
2022-06-08 21:00:00,1654693200000,2.9290000000,2.9860000000,2.9200000000,2.9640000000,9378.5644070000,27696.5737236020,27696.5737236020,1,DORA-USDT
2022-06-08 22:00:00,1654696800000,2.9730000000,2.9730000000,2.9270000000,2.9270000000,7203.6446780000,21204.6469825890,21204.6469825890,1,DORA-USDT
2022-06-08 23:00:00,1654700400000,2.9280000000,2.9560000000,2.9280000000,2.9490000000,4917.1931630000,14488.2965489090,14488.2965489090,1,DORA-USDT
2022-06-09 00:00:00,1654704000000,2.9520000000,2.9830000000,2.8450000000,2.8620000000,11345.4651110000,32750.1511498430,32750.1511498430,1,DORA-USDT
2022-06-09 01:00:00,1654707600000,2.8590000000,2.8980000000,2.8570000000,2.8840000000,6074.8321740000,17504.8777046750,17504.8777046750,1,DORA-USDT
2022-06-09 02:00:00,1654711200000,2.8830000000,2.8850000000,2.8240000000,2.8570000000,8397.1388840000,23940.8913996570,23940.8913996570,1,DORA-USDT
2022-06-09 03:00:00,1654714800000,2.8440000000,2.8610000000,2.8270000000,2.8400000000,7926.5532320000,22562.1752486930,22562.1752486930,1,DORA-USDT
2022-06-09 04:00:00,1654718400000,2.8370000000,2.8780000000,2.8370000000,2.8610000000,6279.5020570000,17944.6833075090,17944.6833075090,1,DORA-USDT
2022-06-09 05:00:00,1654722000000,2.8560000000,2.8750000000,2.8500000000,2.8700000000,2063.9946290000,5905.1061378920,5905.1061378920,1,DORA-USDT
2022-06-09 06:00:00,1654725600000,2.8760000000,2.9060000000,2.8670000000,2.8940000000,5406.2790370000,15605.1656705950,15605.1656705950,1,DORA-USDT
2022-06-09 07:00:00,1654729200000,2.8950000000,2.8990000000,2.8740000000,2.8760000000,3814.5719530000,11000.9936330520,11000.9936330520,1,DORA-USDT
2022-06-09 08:00:00,1654732800000,2.8760000000,2.9110000000,2.8640000000,2.9110000000,5087.8458410000,14711.1799075780,14711.1799075780,1,DORA-USDT
2022-06-09 09:00:00,1654736400000,2.9130000000,2.9410000000,2.9130000000,2.9280000000,7030.9046450000,20609.9410358590,20609.9410358590,1,DORA-USDT
2022-06-09 10:00:00,1654740000000,2.9290000000,3.0400000000,2.9260000000,3.0250000000,11174.3222750000,33547.4181121760,33547.4181121760,1,DORA-USDT
2022-06-09 11:00:00,1654743600000,3.0370000000,3.0490000000,3.0010000000,3.0230000000,5079.2283560000,15334.4963750690,15334.4963750690,1,DORA-USDT
2022-06-09 12:00:00,1654747200000,3.0170000000,3.0170000000,2.9860000000,2.9980000000,7183.7896690000,21540.2449430720,21540.2449430720,1,DORA-USDT
2022-06-09 13:00:00,1654750800000,2.9980000000,3.0360000000,2.9900000000,3.0140000000,4275.7532270000,12901.2605959620,12901.2605959620,1,DORA-USDT
2022-06-09 14:00:00,1654754400000,3.0130000000,3.0150000000,2.9200000000,2.9440000000,9622.8213220000,28350.1544912290,28350.1544912290,1,DORA-USDT
2022-06-09 15:00:00,1654758000000,2.9460000000,2.9590000000,2.9210000000,2.9590000000,5290.9501480000,15568.8754424780,15568.8754424780,1,DORA-USDT
2022-06-09 16:00:00,1654761600000,2.9480000000,2.9880000000,2.9480000000,2.9880000000,4385.1609500000,12996.5816281900,12996.5816281900,1,DORA-USDT
2022-06-09 17:00:00,1654765200000,2.9750000000,3.0210000000,2.9590000000,2.9650000000,3811.2610990000,11359.1640154270,11359.1640154270,1,DORA-USDT
2022-06-09 18:00:00,1654768800000,2.9730000000,2.9750000000,2.9400000000,2.9450000000,7837.9679640000,23195.6274829690,23195.6274829690,1,DORA-USDT
2022-06-09 19:00:00,1654772400000,2.9440000000,2.9830000000,2.9410000000,2.9660000000,6068.1295520000,17984.4643231110,17984.4643231110,1,DORA-USDT
2022-06-09 20:00:00,1654776000000,2.9630000000,2.9940000000,2.9250000000,2.9430000000,7201.9675420000,21248.5373104890,21248.5373104890,1,DORA-USDT
2022-06-09 21:00:00,1654779600000,2.9440000000,2.9860000000,2.9410000000,2.9700000000,5756.1329210000,17060.6655039120,17060.6655039120,1,DORA-USDT
2022-06-09 22:00:00,1654783200000,2.9700000000,3.0060000000,2.9670000000,2.9870000000,3588.9783760000,10708.7562201660,10708.7562201660,1,DORA-USDT
2022-06-09 23:00:00,1654786800000,2.9780000000,3.0480000000,2.9660000000,3.0180000000,5370.1857490000,16135.7404566840,16135.7404566840,1,DORA-USDT
2022-06-10 00:00:00,1654790400000,3.0150000000,3.0170000000,2.9520000000,2.9580000000,6855.9172690000,20392.8013373380,20392.8013373380,1,DORA-USDT
2022-06-10 01:00:00,1654794000000,2.9580000000,2.9810000000,2.9180000000,2.9370000000,6706.8994050000,19763.9882714030,19763.9882714030,1,DORA-USDT
2022-06-10 02:00:00,1654797600000,2.9360000000,2.9360000000,2.8700000000,2.8820000000,6071.6787500000,17609.4615923700,17609.4615923700,1,DORA-USDT
2022-06-10 03:00:00,1654801200000,2.8780000000,2.8820000000,2.8420000000,2.8420000000,3604.9934720000,10346.5557646960,10346.5557646960,1,DORA-USDT
2022-06-10 04:00:00,1654804800000,2.8390000000,2.9190000000,2.8390000000,2.9120000000,7975.2028060000,22911.3973880760,22911.3973880760,1,DORA-USDT
2022-06-10 05:00:00,1654808400000,2.9090000000,2.9170000000,2.9070000000,2.9090000000,3515.7874180000,10238.4287237480,10238.4287237480,1,DORA-USDT
2022-06-10 06:00:00,1654812000000,2.9050000000,2.9110000000,2.8670000000,2.8700000000,4017.9889580000,11591.7629313540,11591.7629313540,1,DORA-USDT
2022-06-10 07:00:00,1654815600000,2.8700000000,2.9320000000,2.8700000000,2.9150000000,6960.6499810000,20317.2203931050,20317.2203931050,1,DORA-USDT
2022-06-10 08:00:00,1654819200000,2.9130000000,2.9130000000,2.8350000000,2.8910000000,8050.6534650000,23184.7954264710,23184.7954264710,1,DORA-USDT
2022-06-10 09:00:00,1654822800000,2.8910000000,2.9170000000,2.8910000000,2.9150000000,5154.1566940000,14984.3866143200,14984.3866143200,1,DORA-USDT
2022-06-10 10:00:00,1654826400000,2.9170000000,2.9510000000,2.9000000000,2.9350000000,4431.2346730000,12994.3165463360,12994.3165463360,1,DORA-USDT
2022-06-10 11:00:00,1654830000000,2.9350000000,3.0010000000,2.9340000000,2.9670000000,8081.4298070000,24036.2618907960,24036.2618907960,1,DORA-USDT
2022-06-10 12:00:00,1654833600000,2.9620000000,2.9870000000,2.9310000000,2.9810000000,5163.9090290000,15283.8469899360,15283.8469899360,1,DORA-USDT
2022-06-10 13:00:00,1654837200000,2.9780000000,3.0060000000,2.9770000000,3.0020000000,4955.5727510000,14799.6592662270,14799.6592662270,1,DORA-USDT
2022-06-10 14:00:00,1654840800000,3.0100000000,3.0260000000,2.9830000000,2.9840000000,5424.7475460000,16271.3510904310,16271.3510904310,1,DORA-USDT
2022-06-10 15:00:00,1654844400000,2.9890000000,2.9930000000,2.9330000000,2.9430000000,5923.5278520000,17537.3111924570,17537.3111924570,1,DORA-USDT
2022-06-10 16:00:00,1654848000000,2.9420000000,2.9880000000,2.9360000000,2.9480000000,7393.0095050000,21873.4202943460,21873.4202943460,1,DORA-USDT
2022-06-10 17:00:00,1654851600000,2.9320000000,2.9540000000,2.8580000000,2.8920000000,9140.2671020000,26665.6539831700,26665.6539831700,1,DORA-USDT
2022-06-10 18:00:00,1654855200000,2.8920000000,2.9520000000,2.8880000000,2.9330000000,6665.1164860000,19429.3390039430,19429.3390039430,1,DORA-USDT
2022-06-10 19:00:00,1654858800000,2.9310000000,2.9410000000,2.9270000000,2.9400000000,1765.5415280000,5181.6991318780,5181.6991318780,1,DORA-USDT
2022-06-10 20:00:00,1654862400000,2.9400000000,2.9540000000,2.8350000000,2.8940000000,5042.4150620000,14621.9599813160,14621.9599813160,1,DORA-USDT
2022-06-10 21:00:00,1654866000000,2.8940000000,2.9040000000,2.8360000000,2.8660000000,9379.5450010000,26854.8999235770,26854.8999235770,1,DORA-USDT
2022-06-10 22:00:00,1654869600000,2.8660000000,2.9390000000,2.8570000000,2.8790000000,6686.9761840000,19359.7213607350,19359.7213607350,1,DORA-USDT
2022-06-10 23:00:00,1654873200000,2.8770000000,2.9400000000,2.8680000000,2.8740000000,11525.0172980000,33347.2906150500,33347.2906150500,1,DORA-USDT
2022-06-11 00:00:00,1654876800000,2.8830000000,2.8830000000,2.7490000000,2.7590000000,10461.1103930000,29225.6622965420,29225.6622965420,1,DORA-USDT
2022-06-11 01:00:00,1654880400000,2.7590000000,2.7810000000,2.7430000000,2.7540000000,6186.5897770000,17081.7726996980,17081.7726996980,1,DORA-USDT
2022-06-11 02:00:00,1654884000000,2.7490000000,2.7660000000,2.7390000000,2.7470000000,4102.7981180000,11284.4147224380,11284.4147224380,1,DORA-USDT
2022-06-11 03:00:00,1654887600000,2.7470000000,2.7720000000,2.7350000000,2.7400000000,5663.7409040000,15565.3783282120,15565.3783282120,1,DORA-USDT
2022-06-11 04:00:00,1654891200000,2.7380000000,2.7820000000,2.7380000000,2.7710000000,5417.2795360000,14993.1552977180,14993.1552977180,1,DORA-USDT
2022-06-11 05:00:00,1654894800000,2.7780000000,2.7820000000,2.7640000000,2.7770000000,1942.7413100000,5383.6604604320,5383.6604604320,1,DORA-USDT
2022-06-11 06:00:00,1654898400000,2.7770000000,2.7820000000,2.7590000000,2.7640000000,5022.8671700000,13904.1958265000,13904.1958265000,1,DORA-USDT
2022-06-11 07:00:00,1654902000000,2.7590000000,2.7620000000,2.7070000000,2.7450000000,6579.2705600000,17988.6047983900,17988.6047983900,1,DORA-USDT
2022-06-11 08:00:00,1654905600000,2.7280000000,2.7770000000,2.7270000000,2.7720000000,6010.7962500000,16566.7713386000,16566.7713386000,1,DORA-USDT
2022-06-11 09:00:00,1654909200000,2.7700000000,2.7740000000,2.7510000000,2.7540000000,5753.4952360000,15875.2988836350,15875.2988836350,1,DORA-USDT
2022-06-11 10:00:00,1654912800000,2.7550000000,2.7680000000,2.7410000000,2.7590000000,1708.3205930000,4710.0638127210,4710.0638127210,1,DORA-USDT
2022-06-11 11:00:00,1654916400000,2.7570000000,2.8070000000,2.7510000000,2.8070000000,5338.3866960000,14863.4455429050,14863.4455429050,1,DORA-USDT
2022-06-11 12:00:00,1654920000000,2.8050000000,2.8140000000,2.8000000000,2.8050000000,3858.1920770000,10821.1035307070,10821.1035307070,1,DORA-USDT
2022-06-11 13:00:00,1654923600000,2.8050000000,2.8120000000,2.7790000000,2.7840000000,5413.1432900000,15133.0019617660,15133.0019617660,1,DORA-USDT
2022-06-11 14:00:00,1654927200000,2.7820000000,2.7900000000,2.7770000000,2.7870000000,3306.8169390000,9208.6444838790,9208.6444838790,1,DORA-USDT
2022-06-11 15:00:00,1654930800000,2.7850000000,2.8430000000,2.7790000000,2.8370000000,3913.9846180000,10970.2221298940,10970.2221298940,1,DORA-USDT
2022-06-11 16:00:00,1654934400000,2.8200000000,2.8320000000,2.7370000000,2.7480000000,4786.2833250000,13325.4892308220,13325.4892308220,1,DORA-USDT
2022-06-11 17:00:00,1654938000000,2.7260000000,2.7670000000,2.7150000000,2.7150000000,5737.1537400000,15688.8948070530,15688.8948070530,1,DORA-USDT
2022-06-11 18:00:00,1654941600000,2.7170000000,2.7310000000,2.6680000000,2.6710000000,10365.6768830000,27979.4878770480,27979.4878770480,1,DORA-USDT
2022-06-11 19:00:00,1654945200000,2.6740000000,2.6750000000,2.5800000000,2.5970000000,12063.2858320000,31535.4175067670,31535.4175067670,1,DORA-USDT
2022-06-11 20:00:00,1654948800000,2.6100000000,2.6250000000,2.5600000000,2.5750000000,7375.6032990000,19226.6333165170,19226.6333165170,1,DORA-USDT
2022-06-11 21:00:00,1654952400000,2.5770000000,2.6320000000,2.5600000000,2.6100000000,8013.2653250000,20778.1460884680,20778.1460884680,1,DORA-USDT
2022-06-11 22:00:00,1654956000000,2.6120000000,2.6130000000,2.5000000000,2.5130000000,16616.3326360000,42410.9533725120,42410.9533725120,1,DORA-USDT
2022-06-11 23:00:00,1654959600000,2.5130000000,2.5280000000,2.4000000000,2.4430000000,19723.4022210000,48436.6334826540,48436.6334826540,1,DORA-USDT
2022-06-12 00:00:00,1654963200000,2.4460000000,2.4530000000,2.3990000000,2.4340000000,31041.8734590000,75177.6405080550,75177.6405080550,1,DORA-USDT
2022-06-12 01:00:00,1654966800000,2.4320000000,2.4400000000,2.4000000000,2.4200000000,5525.6366080000,13379.6792017920,13379.6792017920,1,DORA-USDT
2022-06-12 02:00:00,1654970400000,2.4190000000,2.4330000000,2.3960000000,2.4050000000,6548.1966810000,15803.6037218930,15803.6037218930,1,DORA-USDT
2022-06-12 03:00:00,1654974000000,2.4040000000,2.4120000000,2.3460000000,2.3560000000,11751.9175830000,27814.7238803630,27814.7238803630,1,DORA-USDT
2022-06-12 04:00:00,1654977600000,2.3520000000,2.3520000000,2.3120000000,2.3230000000,8166.4881520000,18983.6112961030,18983.6112961030,1,DORA-USDT
2022-06-12 05:00:00,1654981200000,2.3220000000,2.3980000000,2.3200000000,2.3660000000,10865.3622130000,25653.7228462210,25653.7228462210,1,DORA-USDT
2022-06-12 06:00:00,1654984800000,2.3650000000,2.3690000000,2.3520000000,2.3620000000,6377.3553040000,15044.2532162740,15044.2532162740,1,DORA-USDT
2022-06-12 07:00:00,1654988400000,2.3590000000,2.3600000000,2.3000000000,2.3370000000,29869.5919960000,69266.8999855240,69266.8999855240,1,DORA-USDT
2022-06-12 08:00:00,1654992000000,2.3250000000,2.3340000000,2.3090000000,2.3100000000,14101.1195340000,32700.5264983420,32700.5264983420,1,DORA-USDT
2022-06-12 09:00:00,1654995600000,2.3110000000,2.3110000000,2.2110000000,2.2200000000,14290.6327510000,32282.3631867110,32282.3631867110,1,DORA-USDT
2022-06-12 10:00:00,1654999200000,2.2170000000,2.2990000000,2.1240000000,2.2870000000,37783.3461170000,83354.6539287670,83354.6539287670,1,DORA-USDT
2022-06-12 11:00:00,1655002800000,2.2840000000,2.4360000000,2.2760000000,2.3470000000,26173.3270850000,62107.4660138420,62107.4660138420,1,DORA-USDT
2022-06-12 12:00:00,1655006400000,2.3480000000,2.4050000000,2.3170000000,2.3740000000,9914.0378620000,23257.5128931720,23257.5128931720,1,DORA-USDT
2022-06-12 13:00:00,1655010000000,2.3630000000,2.4360000000,2.3380000000,2.3960000000,10014.9463890000,23830.7366819510,23830.7366819510,1,DORA-USDT
2022-06-12 14:00:00,1655013600000,2.3910000000,2.4340000000,2.3840000000,2.4180000000,6682.6426830000,16110.6478607630,16110.6478607630,1,DORA-USDT
2022-06-12 15:00:00,1655017200000,2.4170000000,2.4230000000,2.3710000000,2.4100000000,9960.4185180000,23810.5271529150,23810.5271529150,1,DORA-USDT
2022-06-12 16:00:00,1655020800000,2.4050000000,2.5750000000,2.4050000000,2.5140000000,49201.1296190000,122809.7852245590,122809.7852245590,1,DORA-USDT
2022-06-12 17:00:00,1655024400000,2.5160000000,2.5610000000,2.4690000000,2.4950000000,15492.6970290000,38660.7620684240,38660.7620684240,1,DORA-USDT
2022-06-12 18:00:00,1655028000000,2.4950000000,2.5370000000,2.4300000000,2.4350000000,12259.5715140000,30528.6589158250,30528.6589158250,1,DORA-USDT
2022-06-12 19:00:00,1655031600000,2.4330000000,2.5180000000,2.4290000000,2.5160000000,9786.6136370000,24146.6166030870,24146.6166030870,1,DORA-USDT
2022-06-12 20:00:00,1655035200000,2.5140000000,2.5790000000,2.5030000000,2.5150000000,13491.4622830000,34202.2731944030,34202.2731944030,1,DORA-USDT
2022-06-12 21:00:00,1655038800000,2.5140000000,2.5250000000,2.4510000000,2.4940000000,6724.6080570000,16737.1830278870,16737.1830278870,1,DORA-USDT
2022-06-12 22:00:00,1655042400000,2.4930000000,2.5560000000,2.4470000000,2.4830000000,12996.8177410000,32408.0101036560,32408.0101036560,1,DORA-USDT
2022-06-12 23:00:00,1655046000000,2.5070000000,2.5640000000,2.5070000000,2.5500000000,10809.6471750000,27438.1629443500,27438.1629443500,1,DORA-USDT
2022-06-13 00:00:00,1655049600000,2.5360000000,2.5370000000,2.3530000000,2.3630000000,10294.2762600000,25291.1564236220,25291.1564236220,1,DORA-USDT
2022-06-13 01:00:00,1655053200000,2.3670000000,2.4110000000,2.3670000000,2.3900000000,5442.2037060000,13045.1759022720,13045.1759022720,1,DORA-USDT
2022-06-13 02:00:00,1655056800000,2.3900000000,2.3910000000,2.3390000000,2.3770000000,8648.4859040000,20464.1827502180,20464.1827502180,1,DORA-USDT
2022-06-13 03:00:00,1655060400000,2.3770000000,2.4330000000,2.3610000000,2.3900000000,9071.3284620000,21652.1580168860,21652.1580168860,1,DORA-USDT
2022-06-13 04:00:00,1655064000000,2.3870000000,2.4010000000,2.3620000000,2.3670000000,6516.2809620000,15478.1980194370,15478.1980194370,1,DORA-USDT
2022-06-13 05:00:00,1655067600000,2.3650000000,2.4050000000,2.3560000000,2.3900000000,6680.2662240000,15980.6609121940,15980.6609121940,1,DORA-USDT
2022-06-13 06:00:00,1655071200000,2.3710000000,2.3910000000,2.3380000000,2.3590000000,7020.7182460000,16535.6418593850,16535.6418593850,1,DORA-USDT
2022-06-13 07:00:00,1655074800000,2.3490000000,2.3790000000,2.3080000000,2.3430000000,7439.9890500000,17480.7454137610,17480.7454137610,1,DORA-USDT
2022-06-13 08:00:00,1655078400000,2.3220000000,2.3870000000,2.3000000000,2.3100000000,11180.4577890000,26140.9524675360,26140.9524675360,1,DORA-USDT
2022-06-13 09:00:00,1655082000000,2.3160000000,2.4660000000,2.3030000000,2.4580000000,21176.2337300000,50493.9413142410,50493.9413142410,1,DORA-USDT
2022-06-13 10:00:00,1655085600000,2.4680000000,2.4820000000,2.3480000000,2.3610000000,18011.6055730000,43588.4839059080,43588.4839059080,1,DORA-USDT
2022-06-13 11:00:00,1655089200000,2.3560000000,2.4320000000,2.3100000000,2.3840000000,19099.0251600000,45282.9215166030,45282.9215166030,1,DORA-USDT
2022-06-13 12:00:00,1655092800000,2.3820000000,2.4680000000,2.3690000000,2.4230000000,6035.8997590000,14660.0989405500,14660.0989405500,1,DORA-USDT
2022-06-13 13:00:00,1655096400000,2.4220000000,2.4380000000,2.3400000000,2.3430000000,10732.8733170000,25647.8260196140,25647.8260196140,1,DORA-USDT
2022-06-13 14:00:00,1655100000000,2.3380000000,2.3980000000,2.3340000000,2.3860000000,11377.4861940000,26946.9838806390,26946.9838806390,1,DORA-USDT
2022-06-13 15:00:00,1655103600000,2.3840000000,2.5360000000,2.2830000000,2.3600000000,31704.0680190000,75202.3089579350,75202.3089579350,1,DORA-USDT
2022-06-13 16:00:00,1655107200000,2.3590000000,2.3610000000,2.2340000000,2.2430000000,14609.1603610000,33500.7960367300,33500.7960367300,1,DORA-USDT
2022-06-13 17:00:00,1655110800000,2.2340000000,2.2900000000,2.1600000000,2.2660000000,15683.8840110000,34816.8557273440,34816.8557273440,1,DORA-USDT
2022-06-13 18:00:00,1655114400000,2.2560000000,2.3060000000,2.2410000000,2.2770000000,8228.4988060000,18758.2620563240,18758.2620563240,1,DORA-USDT
2022-06-13 19:00:00,1655118000000,2.2870000000,2.3210000000,2.2520000000,2.3210000000,10259.1783510000,23543.5023148750,23543.5023148750,1,DORA-USDT
2022-06-13 20:00:00,1655121600000,2.3200000000,2.3730000000,2.3040000000,2.3150000000,4968.4686210000,11593.6310920190,11593.6310920190,1,DORA-USDT
2022-06-13 21:00:00,1655125200000,2.3270000000,2.4430000000,2.3190000000,2.4330000000,9075.8248660000,21514.8323093050,21514.8323093050,1,DORA-USDT
2022-06-13 22:00:00,1655128800000,2.4190000000,2.4380000000,2.3000000000,2.3580000000,8119.1420390000,19323.1856821320,19323.1856821320,1,DORA-USDT
2022-06-13 23:00:00,1655132400000,2.3520000000,2.4080000000,2.3380000000,2.3880000000,4792.4013870000,11351.7347266120,11351.7347266120,1,DORA-USDT
2022-06-14 00:00:00,1655136000000,2.3740000000,2.4690000000,2.3690000000,2.4030000000,13021.6266370000,31575.7585247190,31575.7585247190,1,DORA-USDT
2022-06-14 01:00:00,1655139600000,2.4170000000,2.4250000000,2.3640000000,2.4180000000,9508.6864960000,22759.4097380360,22759.4097380360,1,DORA-USDT
2022-06-14 02:00:00,1655143200000,2.4180000000,2.4820000000,2.4170000000,2.4570000000,9356.2362250000,22991.4719032410,22991.4719032410,1,DORA-USDT
2022-06-14 03:00:00,1655146800000,2.4570000000,2.4730000000,2.4260000000,2.4570000000,5577.5428910000,13693.1572757560,13693.1572757560,1,DORA-USDT
2022-06-14 04:00:00,1655150400000,2.4560000000,2.5330000000,2.4560000000,2.4610000000,12316.6572090000,30723.6418989470,30723.6418989470,1,DORA-USDT
2022-06-14 05:00:00,1655154000000,2.4620000000,2.4700000000,2.3730000000,2.3760000000,7666.4895880000,18672.6368301610,18672.6368301610,1,DORA-USDT
2022-06-14 06:00:00,1655157600000,2.3730000000,2.3930000000,2.3040000000,2.3140000000,11319.4476250000,26497.9807299040,26497.9807299040,1,DORA-USDT
2022-06-14 07:00:00,1655161200000,2.3110000000,2.4080000000,2.2970000000,2.4040000000,10897.0728890000,25493.6150397860,25493.6150397860,1,DORA-USDT
2022-06-14 08:00:00,1655164800000,2.4030000000,2.4280000000,2.3580000000,2.3630000000,9428.2506580000,22625.1620861680,22625.1620861680,1,DORA-USDT
2022-06-14 09:00:00,1655168400000,2.3560000000,2.3680000000,2.2690000000,2.2870000000,12661.9067490000,29388.8690148660,29388.8690148660,1,DORA-USDT
2022-06-14 10:00:00,1655172000000,2.2940000000,2.3600000000,2.2630000000,2.3510000000,8500.2420290000,19627.5106636190,19627.5106636190,1,DORA-USDT
2022-06-14 11:00:00,1655175600000,2.3500000000,2.4590000000,2.3180000000,2.4460000000,11715.5070370000,27885.9921571800,27885.9921571800,1,DORA-USDT
2022-06-14 12:00:00,1655179200000,2.4500000000,2.4790000000,2.3860000000,2.4030000000,11600.9991300000,28149.4148657850,28149.4148657850,1,DORA-USDT
2022-06-14 13:00:00,1655182800000,2.4020000000,2.5350000000,2.4020000000,2.5190000000,15175.1842550000,37665.9510173340,37665.9510173340,1,DORA-USDT
2022-06-14 14:00:00,1655186400000,2.5180000000,2.6000000000,2.5180000000,2.5800000000,15269.6461050000,39014.1042496840,39014.1042496840,1,DORA-USDT
2022-06-14 15:00:00,1655190000000,2.5810000000,2.6760000000,2.5320000000,2.6620000000,20094.0302710000,52275.9662201430,52275.9662201430,1,DORA-USDT
2022-06-14 16:00:00,1655193600000,2.6640000000,2.7240000000,2.6210000000,2.6340000000,14489.0803830000,38829.8768118050,38829.8768118050,1,DORA-USDT
2022-06-14 17:00:00,1655197200000,2.6330000000,2.6340000000,2.5620000000,2.5620000000,13078.4236720000,33941.4008007260,33941.4008007260,1,DORA-USDT
2022-06-14 18:00:00,1655200800000,2.5530000000,2.5830000000,2.5070000000,2.5250000000,14717.3900560000,37440.0423651020,37440.0423651020,1,DORA-USDT
2022-06-14 19:00:00,1655204400000,2.5140000000,2.5160000000,2.4710000000,2.5070000000,10477.5682500000,26096.3930114660,26096.3930114660,1,DORA-USDT
2022-06-14 20:00:00,1655208000000,2.5020000000,2.5580000000,2.4660000000,2.5350000000,10314.1195120000,25921.2734982100,25921.2734982100,1,DORA-USDT
2022-06-14 21:00:00,1655211600000,2.5350000000,2.6150000000,2.5310000000,2.5850000000,13282.6869890000,34263.9714694140,34263.9714694140,1,DORA-USDT
2022-06-14 22:00:00,1655215200000,2.5840000000,2.5940000000,2.4810000000,2.5380000000,14487.4221290000,36546.2192845500,36546.2192845500,1,DORA-USDT
2022-06-14 23:00:00,1655218800000,2.5410000000,2.6160000000,2.5380000000,2.6020000000,11260.2101820000,29012.8245563760,29012.8245563760,1,DORA-USDT
2022-06-15 00:00:00,1655222400000,2.6000000000,2.6030000000,2.4830000000,2.4850000000,13064.2951890000,33088.2388157580,33088.2388157580,1,DORA-USDT
2022-06-15 01:00:00,1655226000000,2.4860000000,2.5160000000,2.4770000000,2.4840000000,9111.1757770000,22710.7731062880,22710.7731062880,1,DORA-USDT
2022-06-15 02:00:00,1655229600000,2.4830000000,2.5170000000,2.4680000000,2.4690000000,7322.5644910000,18233.1182385140,18233.1182385140,1,DORA-USDT
2022-06-15 03:00:00,1655233200000,2.4710000000,2.4980000000,2.4590000000,2.4850000000,6455.2004720000,15949.2678427200,15949.2678427200,1,DORA-USDT
2022-06-15 04:00:00,1655236800000,2.4860000000,2.4900000000,2.4290000000,2.4430000000,11081.5181020000,27223.0138940880,27223.0138940880,1,DORA-USDT
2022-06-15 05:00:00,1655240400000,2.4470000000,2.4790000000,2.4400000000,2.4790000000,7842.3504130000,19212.0373523830,19212.0373523830,1,DORA-USDT
2022-06-15 06:00:00,1655244000000,2.4730000000,2.5270000000,2.4710000000,2.5230000000,9478.4752450000,23721.8552137040,23721.8552137040,1,DORA-USDT
2022-06-15 07:00:00,1655247600000,2.5220000000,2.5860000000,2.5180000000,2.5810000000,12651.8238610000,32378.8996559080,32378.8996559080,1,DORA-USDT
2022-06-15 08:00:00,1655251200000,2.5800000000,2.6200000000,2.5530000000,2.5780000000,9427.9698520000,24410.8250207510,24410.8250207510,1,DORA-USDT
2022-06-15 09:00:00,1655254800000,2.5760000000,2.6600000000,2.5620000000,2.6490000000,10672.4811530000,27920.8027741480,27920.8027741480,1,DORA-USDT
2022-06-15 10:00:00,1655258400000,2.6490000000,2.6490000000,2.5950000000,2.6080000000,7437.5605440000,19472.2433374080,19472.2433374080,1,DORA-USDT
2022-06-15 11:00:00,1655262000000,2.6100000000,2.6340000000,2.5570000000,2.5650000000,8982.9246300000,23274.1484499790,23274.1484499790,1,DORA-USDT
2022-06-15 12:00:00,1655265600000,2.5590000000,2.5660000000,2.4570000000,2.4860000000,19746.3909410000,49449.2265460390,49449.2265460390,1,DORA-USDT
2022-06-15 13:00:00,1655269200000,2.4870000000,2.4960000000,2.4190000000,2.4320000000,10726.8138290000,26299.4775082420,26299.4775082420,1,DORA-USDT
2022-06-15 14:00:00,1655272800000,2.4350000000,2.4620000000,2.4100000000,2.4510000000,11223.8099270000,27373.0377337040,27373.0377337040,1,DORA-USDT
2022-06-15 15:00:00,1655276400000,2.4520000000,2.4620000000,2.3900000000,2.4080000000,7682.9680650000,18645.1133949530,18645.1133949530,1,DORA-USDT
2022-06-15 16:00:00,1655280000000,2.4000000000,2.4010000000,2.3420000000,2.3580000000,19878.8731380000,46888.7954161680,46888.7954161680,1,DORA-USDT
2022-06-15 17:00:00,1655283600000,2.3610000000,2.3950000000,2.3460000000,2.3710000000,4882.7833610000,11535.7312811160,11535.7312811160,1,DORA-USDT
2022-06-15 18:00:00,1655287200000,2.3720000000,2.4420000000,2.3670000000,2.4150000000,14264.8047420000,34278.0248469210,34278.0248469210,1,DORA-USDT
2022-06-15 19:00:00,1655290800000,2.4070000000,2.4670000000,2.3840000000,2.4660000000,14025.7720650000,34157.2597317310,34157.2597317310,1,DORA-USDT
2022-06-15 20:00:00,1655294400000,2.4650000000,2.5160000000,2.4510000000,2.4580000000,9568.1890580000,23719.6777153060,23719.6777153060,1,DORA-USDT
2022-06-15 21:00:00,1655298000000,2.4560000000,2.5300000000,2.4510000000,2.5150000000,14524.9222920000,36304.8477324740,36304.8477324740,1,DORA-USDT
2022-06-15 22:00:00,1655301600000,2.5180000000,2.5370000000,2.4650000000,2.4790000000,13454.0231690000,33671.2022608630,33671.2022608630,1,DORA-USDT
2022-06-15 23:00:00,1655305200000,2.4800000000,2.5120000000,2.4700000000,2.5090000000,7859.9667100000,19613.6061846890,19613.6061846890,1,DORA-USDT
2022-06-16 00:00:00,1655308800000,2.5100000000,2.5340000000,2.4780000000,2.4870000000,10422.9958820000,26088.1305626480,26088.1305626480,1,DORA-USDT
2022-06-16 01:00:00,1655312400000,2.4840000000,2.5820000000,2.4720000000,2.5760000000,10570.5661100000,26612.9279131840,26612.9279131840,1,DORA-USDT
2022-06-16 02:00:00,1655316000000,2.5560000000,2.7470000000,2.4850000000,2.6710000000,18555.4865820000,48528.7365795660,48528.7365795660,1,DORA-USDT
2022-06-16 03:00:00,1655319600000,2.6710000000,2.7500000000,2.6700000000,2.7020000000,12106.5462780000,32724.4093645850,32724.4093645850,1,DORA-USDT
2022-06-16 04:00:00,1655323200000,2.7040000000,2.7270000000,2.6480000000,2.7110000000,13915.4198000000,37402.9095969730,37402.9095969730,1,DORA-USDT
2022-06-16 05:00:00,1655326800000,2.7110000000,2.7720000000,2.6960000000,2.7620000000,8135.7917160000,22319.1724484860,22319.1724484860,1,DORA-USDT
2022-06-16 06:00:00,1655330400000,2.7570000000,2.8120000000,2.7440000000,2.7520000000,12505.6845780000,34750.0813569580,34750.0813569580,1,DORA-USDT
2022-06-16 07:00:00,1655334000000,2.7520000000,2.7720000000,2.7430000000,2.7640000000,6472.0996830000,17832.3179990750,17832.3179990750,1,DORA-USDT
2022-06-16 08:00:00,1655337600000,2.7640000000,2.7960000000,2.6760000000,2.6830000000,13281.0364520000,36164.3641768120,36164.3641768120,1,DORA-USDT
2022-06-16 09:00:00,1655341200000,2.6820000000,2.7010000000,2.6430000000,2.6430000000,15082.5363160000,40249.5426581960,40249.5426581960,1,DORA-USDT
2022-06-16 10:00:00,1655344800000,2.6440000000,2.6550000000,2.5940000000,2.6100000000,9786.9580010000,25650.0506269810,25650.0506269810,1,DORA-USDT
2022-06-16 11:00:00,1655348400000,2.6110000000,2.6300000000,2.5650000000,2.5830000000,8891.3416690000,23069.5227658230,23069.5227658230,1,DORA-USDT
2022-06-16 12:00:00,1655352000000,2.5830000000,2.6220000000,2.5830000000,2.5850000000,6991.3964780000,18205.6556420510,18205.6556420510,1,DORA-USDT
2022-06-16 13:00:00,1655355600000,2.5860000000,2.5950000000,2.5430000000,2.5460000000,10710.4360460000,27556.5882221130,27556.5882221130,1,DORA-USDT
2022-06-16 14:00:00,1655359200000,2.5460000000,2.5830000000,2.5230000000,2.5620000000,9497.2825540000,24159.5729529830,24159.5729529830,1,DORA-USDT
2022-06-16 15:00:00,1655362800000,2.5660000000,2.5890000000,2.5000000000,2.5200000000,7682.2295780000,19504.5218661620,19504.5218661620,1,DORA-USDT
2022-06-16 16:00:00,1655366400000,2.5120000000,2.5360000000,2.4840000000,2.5220000000,7853.0090440000,19751.3393673830,19751.3393673830,1,DORA-USDT
2022-06-16 17:00:00,1655370000000,2.5230000000,2.5230000000,2.4250000000,2.4400000000,10635.3054350000,26168.0114125910,26168.0114125910,1,DORA-USDT
2022-06-16 18:00:00,1655373600000,2.4460000000,2.4600000000,2.3900000000,2.4340000000,4665.8507340000,11248.4474674080,11248.4474674080,1,DORA-USDT
2022-06-16 19:00:00,1655377200000,2.4380000000,2.4580000000,2.3990000000,2.4270000000,9658.0645300000,23465.6938778980,23465.6938778980,1,DORA-USDT
2022-06-16 20:00:00,1655380800000,2.4260000000,2.4980000000,2.4190000000,2.4770000000,13795.6225780000,33998.0087529020,33998.0087529020,1,DORA-USDT
2022-06-16 21:00:00,1655384400000,2.4770000000,2.5040000000,2.4130000000,2.4450000000,6513.6088780000,16068.4818472100,16068.4818472100,1,DORA-USDT
2022-06-16 22:00:00,1655388000000,2.4450000000,2.4790000000,2.4080000000,2.4400000000,11108.8950380000,27049.2528093550,27049.2528093550,1,DORA-USDT
2022-06-16 23:00:00,1655391600000,2.4370000000,2.4840000000,2.4370000000,2.4420000000,7249.1485730000,17847.4945522460,17847.4945522460,1,DORA-USDT
2022-06-17 00:00:00,1655395200000,2.4410000000,2.4890000000,2.4070000000,2.4800000000,11690.0770160000,28652.3144180190,28652.3144180190,1,DORA-USDT
2022-06-17 01:00:00,1655398800000,2.4790000000,2.5070000000,2.4610000000,2.4610000000,5520.0991520000,13713.9286177150,13713.9286177150,1,DORA-USDT
2022-06-17 02:00:00,1655402400000,2.4510000000,2.4740000000,2.4470000000,2.4630000000,4944.5881300000,12167.6930956650,12167.6930956650,1,DORA-USDT
2022-06-17 03:00:00,1655406000000,2.4630000000,2.4790000000,2.4020000000,2.4090000000,9444.7692010000,22915.8792123170,22915.8792123170,1,DORA-USDT
2022-06-17 04:00:00,1655409600000,2.4080000000,2.4790000000,2.3990000000,2.4670000000,11600.6440490000,28277.9888130950,28277.9888130950,1,DORA-USDT
2022-06-17 05:00:00,1655413200000,2.4670000000,2.4960000000,2.4620000000,2.4700000000,5949.5879310000,14748.4051433200,14748.4051433200,1,DORA-USDT
2022-06-17 06:00:00,1655416800000,2.4700000000,2.4710000000,2.3380000000,2.3540000000,16617.8170070000,40112.3283305540,40112.3283305540,1,DORA-USDT
2022-06-17 07:00:00,1655420400000,2.3480000000,2.3540000000,2.3000000000,2.3250000000,12435.4822110000,28897.9935296730,28897.9935296730,1,DORA-USDT
2022-06-17 08:00:00,1655424000000,2.3260000000,2.3550000000,2.2920000000,2.3380000000,13886.6752300000,32237.8494136920,32237.8494136920,1,DORA-USDT
2022-06-17 09:00:00,1655427600000,2.3380000000,2.4080000000,2.3340000000,2.4030000000,12204.9281660000,28898.4386046950,28898.4386046950,1,DORA-USDT
2022-06-17 10:00:00,1655431200000,2.4000000000,2.4020000000,2.3500000000,2.3690000000,7785.3693190000,18512.7434401860,18512.7434401860,1,DORA-USDT
2022-06-17 11:00:00,1655434800000,2.3680000000,2.3700000000,2.3250000000,2.3280000000,6489.5422170000,15251.8749025220,15251.8749025220,1,DORA-USDT
2022-06-17 12:00:00,1655438400000,2.3290000000,2.3730000000,2.3190000000,2.3480000000,7585.9144630000,17748.3523227280,17748.3523227280,1,DORA-USDT
2022-06-17 13:00:00,1655442000000,2.3480000000,2.3940000000,2.3460000000,2.3680000000,7414.5481660000,17596.4378962890,17596.4378962890,1,DORA-USDT
2022-06-17 14:00:00,1655445600000,2.3700000000,2.4340000000,2.3380000000,2.4300000000,18556.0030130000,44290.8786761930,44290.8786761930,1,DORA-USDT
2022-06-17 15:00:00,1655449200000,2.4300000000,2.4770000000,2.4080000000,2.4610000000,8586.0445280000,21064.8683241210,21064.8683241210,1,DORA-USDT
2022-06-17 16:00:00,1655452800000,2.4620000000,2.4940000000,2.4440000000,2.4440000000,10289.9091020000,25379.3742816130,25379.3742816130,1,DORA-USDT
2022-06-17 17:00:00,1655456400000,2.4520000000,2.4550000000,2.4250000000,2.4350000000,7905.4060400000,19283.5671955280,19283.5671955280,1,DORA-USDT
2022-06-17 18:00:00,1655460000000,2.4350000000,2.4840000000,2.4250000000,2.4770000000,10833.8688860000,26592.4971292020,26592.4971292020,1,DORA-USDT
2022-06-17 19:00:00,1655463600000,2.4750000000,2.4860000000,2.4330000000,2.4390000000,6750.0692950000,16622.9301076150,16622.9301076150,1,DORA-USDT
2022-06-17 20:00:00,1655467200000,2.4300000000,2.4410000000,2.3680000000,2.3750000000,12332.3655920000,29667.3893730410,29667.3893730410,1,DORA-USDT
2022-06-17 21:00:00,1655470800000,2.3800000000,2.4330000000,2.3650000000,2.4260000000,11612.7896390000,27920.6338586300,27920.6338586300,1,DORA-USDT
2022-06-17 22:00:00,1655474400000,2.4270000000,2.4390000000,2.3830000000,2.4300000000,13815.8888690000,33262.8319252720,33262.8319252720,1,DORA-USDT
2022-06-17 23:00:00,1655478000000,2.4330000000,2.4880000000,2.4330000000,2.4860000000,11327.0465730000,27873.0854507600,27873.0854507600,1,DORA-USDT
2022-06-18 00:00:00,1655481600000,2.4980000000,2.6490000000,2.4860000000,2.5990000000,17028.9912540000,43797.7072354670,43797.7072354670,1,DORA-USDT
2022-06-18 01:00:00,1655485200000,2.5910000000,2.6820000000,2.5910000000,2.6230000000,18417.3538150000,48558.0634537740,48558.0634537740,1,DORA-USDT
2022-06-18 02:00:00,1655488800000,2.6220000000,2.6520000000,2.5740000000,2.5890000000,9224.8866140000,24096.8894925340,24096.8894925340,1,DORA-USDT
2022-06-18 03:00:00,1655492400000,2.5900000000,2.5920000000,2.5400000000,2.5660000000,7332.3099490000,18827.8831167270,18827.8831167270,1,DORA-USDT
2022-06-18 04:00:00,1655496000000,2.5680000000,2.6280000000,2.5680000000,2.6090000000,8955.2768380000,23385.3089994210,23385.3089994210,1,DORA-USDT
2022-06-18 05:00:00,1655499600000,2.6080000000,2.6310000000,2.5840000000,2.5960000000,6554.8613170000,17025.0138650890,17025.0138650890,1,DORA-USDT
2022-06-18 06:00:00,1655503200000,2.5940000000,2.6170000000,2.5580000000,2.5890000000,11100.5754120000,28654.3726252460,28654.3726252460,1,DORA-USDT
2022-06-18 07:00:00,1655506800000,2.5930000000,2.6190000000,2.5800000000,2.5980000000,6678.1956500000,17362.8017828410,17362.8017828410,1,DORA-USDT
2022-06-18 08:00:00,1655510400000,2.5960000000,2.6070000000,2.5420000000,2.5420000000,7969.5088590000,20494.0124311990,20494.0124311990,1,DORA-USDT
2022-06-18 09:00:00,1655514000000,2.5480000000,2.5680000000,2.5020000000,2.5150000000,9599.8139550000,24262.1709411920,24262.1709411920,1,DORA-USDT
2022-06-18 10:00:00,1655517600000,2.5130000000,2.5840000000,2.5030000000,2.5480000000,10135.9245270000,25806.5200294250,25806.5200294250,1,DORA-USDT
2022-06-18 11:00:00,1655521200000,2.5500000000,2.5620000000,2.5140000000,2.5270000000,6732.1495100000,17093.8871653970,17093.8871653970,1,DORA-USDT
2022-06-18 12:00:00,1655524800000,2.5310000000,2.5390000000,2.5030000000,2.5170000000,5631.8454120000,14201.0233959210,14201.0233959210,1,DORA-USDT
2022-06-18 13:00:00,1655528400000,2.5140000000,2.5180000000,2.4430000000,2.4540000000,10268.9473360000,25522.6294299670,25522.6294299670,1,DORA-USDT
2022-06-18 14:00:00,1655532000000,2.4490000000,2.4590000000,2.3500000000,2.3730000000,13767.4545690000,33304.1619621190,33304.1619621190,1,DORA-USDT
2022-06-18 15:00:00,1655535600000,2.3750000000,2.4430000000,2.3560000000,2.4010000000,23470.3964380000,56184.7591426860,56184.7591426860,1,DORA-USDT
2022-06-18 16:00:00,1655539200000,2.4010000000,2.4010000000,2.2660000000,2.2700000000,20592.9203980000,47540.5371222750,47540.5371222750,1,DORA-USDT
2022-06-18 17:00:00,1655542800000,2.2690000000,2.2800000000,2.2440000000,2.2600000000,11390.0812420000,25741.5742632380,25741.5742632380,1,DORA-USDT
2022-06-18 18:00:00,1655546400000,2.2610000000,2.3210000000,2.2550000000,2.3080000000,9900.3278350000,22753.9814676740,22753.9814676740,1,DORA-USDT
2022-06-18 19:00:00,1655550000000,2.3070000000,2.3230000000,2.2900000000,2.3020000000,5454.5195770000,12592.1034190420,12592.1034190420,1,DORA-USDT
2022-06-18 20:00:00,1655553600000,2.3020000000,2.3020000000,2.2600000000,2.2730000000,10743.6677530000,24476.2512986820,24476.2512986820,1,DORA-USDT
2022-06-18 21:00:00,1655557200000,2.2720000000,2.2850000000,2.2590000000,2.2750000000,4700.7711500000,10691.1635282350,10691.1635282350,1,DORA-USDT
2022-06-18 22:00:00,1655560800000,2.2740000000,2.2890000000,2.2490000000,2.2630000000,9156.8160880000,20713.9727663400,20713.9727663400,1,DORA-USDT
2022-06-18 23:00:00,1655564400000,2.2620000000,2.2710000000,2.2460000000,2.2470000000,3938.8574450000,8897.9757303560,8897.9757303560,1,DORA-USDT
2022-06-19 00:00:00,1655568000000,2.2470000000,2.2880000000,2.2200000000,2.2360000000,15786.9019230000,35509.0843020950,35509.0843020950,1,DORA-USDT
2022-06-19 01:00:00,1655571600000,2.2350000000,2.2550000000,2.2000000000,2.2020000000,9773.3934650000,21654.4919728330,21654.4919728330,1,DORA-USDT
2022-06-19 02:00:00,1655575200000,2.2110000000,2.2110000000,2.1720000000,2.1890000000,11547.6771430000,25327.6807085810,25327.6807085810,1,DORA-USDT
2022-06-19 03:00:00,1655578800000,2.1880000000,2.1930000000,2.1150000000,2.1170000000,9389.8884540000,20232.0262075580,20232.0262075580,1,DORA-USDT
2022-06-19 04:00:00,1655582400000,2.1160000000,2.1730000000,2.1050000000,2.1330000000,14851.9251340000,31541.7802086800,31541.7802086800,1,DORA-USDT
2022-06-19 05:00:00,1655586000000,2.1360000000,2.2050000000,2.1330000000,2.1630000000,14679.9185400000,31771.3887821680,31771.3887821680,1,DORA-USDT
2022-06-19 06:00:00,1655589600000,2.1610000000,2.2100000000,2.1590000000,2.2070000000,9780.0599480000,21406.9712333780,21406.9712333780,1,DORA-USDT
2022-06-19 07:00:00,1655593200000,2.2140000000,2.2430000000,2.1820000000,2.2200000000,11061.7898320000,24431.9600209110,24431.9600209110,1,DORA-USDT
2022-06-19 08:00:00,1655596800000,2.2380000000,2.3040000000,2.2310000000,2.2930000000,14785.5257190000,33681.8697123070,33681.8697123070,1,DORA-USDT
2022-06-19 09:00:00,1655600400000,2.2930000000,2.2950000000,2.2100000000,2.2370000000,12961.9650330000,29071.6908614880,29071.6908614880,1,DORA-USDT
2022-06-19 10:00:00,1655604000000,2.2370000000,2.2720000000,2.2100000000,2.2680000000,9331.6336880000,20899.3347394940,20899.3347394940,1,DORA-USDT
2022-06-19 11:00:00,1655607600000,2.2690000000,2.3530000000,2.2680000000,2.3290000000,14854.8518950000,34481.4993733020,34481.4993733020,1,DORA-USDT
2022-06-19 12:00:00,1655611200000,2.3270000000,2.3990000000,2.3200000000,2.3870000000,12799.0499800000,30414.2765656800,30414.2765656800,1,DORA-USDT
2022-06-19 13:00:00,1655614800000,2.3870000000,2.4750000000,2.3580000000,2.3840000000,15004.5861300000,35898.3069208710,35898.3069208710,1,DORA-USDT
2022-06-19 14:00:00,1655618400000,2.3850000000,2.4420000000,2.3500000000,2.4290000000,15865.0681590000,38218.5106738770,38218.5106738770,1,DORA-USDT
2022-06-19 15:00:00,1655622000000,2.4290000000,2.4870000000,2.4190000000,2.4690000000,15383.1934570000,37721.3632010880,37721.3632010880,1,DORA-USDT
2022-06-19 16:00:00,1655625600000,2.4710000000,2.5450000000,2.4590000000,2.5110000000,14680.1636920000,36654.8740947750,36654.8740947750,1,DORA-USDT
2022-06-19 17:00:00,1655629200000,2.5110000000,2.5980000000,2.4660000000,2.4920000000,18834.2009480000,47602.7527552210,47602.7527552210,1,DORA-USDT
2022-06-19 18:00:00,1655632800000,2.4940000000,2.5820000000,2.4620000000,2.5500000000,15255.7496740000,38495.3513216090,38495.3513216090,1,DORA-USDT
2022-06-19 19:00:00,1655636400000,2.5490000000,2.5510000000,2.4790000000,2.4830000000,8010.2131650000,20113.7125652280,20113.7125652280,1,DORA-USDT
2022-06-19 20:00:00,1655640000000,2.4840000000,2.5200000000,2.4390000000,2.4540000000,11052.0451510000,27311.1718631060,27311.1718631060,1,DORA-USDT
2022-06-19 21:00:00,1655643600000,2.4520000000,2.4640000000,2.4020000000,2.4070000000,6170.0409890000,15089.6966442670,15089.6966442670,1,DORA-USDT
2022-06-19 22:00:00,1655647200000,2.4100000000,2.4350000000,2.3470000000,2.3970000000,24733.9771180000,59192.2589176910,59192.2589176910,1,DORA-USDT
2022-06-19 23:00:00,1655650800000,2.3960000000,2.4490000000,2.3700000000,2.4400000000,13048.8458260000,31501.4515454480,31501.4515454480,1,DORA-USDT
2022-06-20 00:00:00,1655654400000,2.4450000000,2.4460000000,2.3590000000,2.3680000000,10628.0237720000,25356.7065302710,25356.7065302710,1,DORA-USDT
2022-06-20 01:00:00,1655658000000,2.3660000000,2.3680000000,2.3340000000,2.3440000000,6080.6522710000,14284.7236133320,14284.7236133320,1,DORA-USDT
2022-06-20 02:00:00,1655661600000,2.3450000000,2.3930000000,2.3440000000,2.3750000000,6335.3786570000,15014.5373692730,15014.5373692730,1,DORA-USDT
2022-06-20 03:00:00,1655665200000,2.3770000000,2.4130000000,2.3550000000,2.3960000000,11661.5079070000,27805.4456170100,27805.4456170100,1,DORA-USDT
2022-06-20 04:00:00,1655668800000,2.4010000000,2.5040000000,2.3840000000,2.4820000000,12659.6656570000,31073.5982221020,31073.5982221020,1,DORA-USDT
2022-06-20 05:00:00,1655672400000,2.4820000000,2.4820000000,2.4470000000,2.4610000000,9534.3628340000,23471.1969008310,23471.1969008310,1,DORA-USDT
2022-06-20 06:00:00,1655676000000,2.4590000000,2.4980000000,2.4410000000,2.4950000000,14373.4266810000,35490.8074607820,35490.8074607820,1,DORA-USDT
2022-06-20 07:00:00,1655679600000,2.4850000000,2.5500000000,2.4830000000,2.5370000000,11961.0035140000,30073.6849463450,30073.6849463450,1,DORA-USDT
2022-06-20 08:00:00,1655683200000,2.5320000000,2.6000000000,2.5000000000,2.5840000000,19999.3095820000,51363.0892656770,51363.0892656770,1,DORA-USDT
2022-06-20 09:00:00,1655686800000,2.5790000000,2.6240000000,2.5390000000,2.5950000000,16314.9430550000,42035.0191582760,42035.0191582760,1,DORA-USDT
2022-06-20 10:00:00,1655690400000,2.5960000000,2.6240000000,2.5300000000,2.6030000000,18800.7545860000,48475.4024090210,48475.4024090210,1,DORA-USDT
2022-06-20 11:00:00,1655694000000,2.6050000000,2.6270000000,2.5590000000,2.6250000000,15601.3730850000,40529.2046485950,40529.2046485950,1,DORA-USDT
2022-06-20 12:00:00,1655697600000,2.6240000000,2.6880000000,2.6000000000,2.6240000000,14975.4048950000,39560.9794926170,39560.9794926170,1,DORA-USDT
2022-06-20 13:00:00,1655701200000,2.6250000000,2.6750000000,2.6250000000,2.6580000000,12668.6800820000,33658.3706421750,33658.3706421750,1,DORA-USDT
2022-06-20 14:00:00,1655704800000,2.6590000000,2.6630000000,2.5930000000,2.6220000000,8766.2907130000,23028.5807604510,23028.5807604510,1,DORA-USDT
2022-06-20 15:00:00,1655708400000,2.6210000000,2.6320000000,2.5180000000,2.5500000000,11882.8329020000,30476.5777617880,30476.5777617880,1,DORA-USDT
2022-06-20 16:00:00,1655712000000,2.5400000000,2.5420000000,2.4710000000,2.4820000000,14104.2099430000,35238.4190890770,35238.4190890770,1,DORA-USDT
2022-06-20 17:00:00,1655715600000,2.4820000000,2.5120000000,2.4690000000,2.4980000000,11711.5103560000,29152.1782741960,29152.1782741960,1,DORA-USDT
2022-06-20 18:00:00,1655719200000,2.4960000000,2.6060000000,2.4780000000,2.5880000000,13755.8145970000,34919.4252513040,34919.4252513040,1,DORA-USDT
2022-06-20 19:00:00,1655722800000,2.5920000000,2.5920000000,2.5130000000,2.5390000000,13808.7871330000,35184.6174135860,35184.6174135860,1,DORA-USDT
2022-06-20 20:00:00,1655726400000,2.5390000000,2.5400000000,2.4470000000,2.4640000000,15325.6878980000,38026.7922448710,38026.7922448710,1,DORA-USDT
2022-06-20 21:00:00,1655730000000,2.4600000000,2.5200000000,2.4470000000,2.4790000000,15236.2178880000,37801.1645722500,37801.1645722500,1,DORA-USDT
2022-06-20 22:00:00,1655733600000,2.4720000000,2.5260000000,2.4710000000,2.5190000000,10119.2700590000,25342.7255707050,25342.7255707050,1,DORA-USDT
2022-06-20 23:00:00,1655737200000,2.5200000000,2.5800000000,2.5190000000,2.5670000000,10327.2029080000,26328.8993354800,26328.8993354800,1,DORA-USDT
2022-06-21 00:00:00,1655740800000,2.5680000000,2.5870000000,2.5020000000,2.5280000000,9505.5343140000,24189.1734102680,24189.1734102680,1,DORA-USDT
2022-06-21 01:00:00,1655744400000,2.5270000000,2.5500000000,2.4820000000,2.4930000000,7545.1728330000,19020.4781707220,19020.4781707220,1,DORA-USDT
2022-06-21 02:00:00,1655748000000,2.4950000000,2.5000000000,2.4050000000,2.4260000000,13449.7857770000,32787.4224055220,32787.4224055220,1,DORA-USDT
2022-06-21 03:00:00,1655751600000,2.4270000000,2.4270000000,2.3840000000,2.4080000000,9105.2023990000,21953.8475427960,21953.8475427960,1,DORA-USDT
2022-06-21 04:00:00,1655755200000,2.4140000000,2.4270000000,2.3910000000,2.4070000000,4864.2672120000,11729.0021006760,11729.0021006760,1,DORA-USDT
2022-06-21 05:00:00,1655758800000,2.4070000000,2.4360000000,2.3880000000,2.4080000000,7783.0621420000,18786.7954166210,18786.7954166210,1,DORA-USDT
2022-06-21 06:00:00,1655762400000,2.4070000000,2.4370000000,2.3860000000,2.4300000000,9814.4512250000,23657.8835651870,23657.8835651870,1,DORA-USDT
2022-06-21 07:00:00,1655766000000,2.4330000000,2.4760000000,2.4120000000,2.4670000000,8481.7285050000,20803.5313360300,20803.5313360300,1,DORA-USDT
2022-06-21 08:00:00,1655769600000,2.4660000000,2.4800000000,2.4170000000,2.4690000000,8759.6529140000,21426.3355582950,21426.3355582950,1,DORA-USDT
2022-06-21 09:00:00,1655773200000,2.4720000000,2.4990000000,2.4440000000,2.4790000000,14587.6930660000,35991.6791546910,35991.6791546910,1,DORA-USDT
2022-06-21 10:00:00,1655776800000,2.4750000000,2.4840000000,2.4360000000,2.4610000000,9269.9772210000,22801.0423700400,22801.0423700400,1,DORA-USDT
2022-06-21 11:00:00,1655780400000,2.4610000000,2.4940000000,2.4540000000,2.4750000000,5514.0331370000,13668.6074532660,13668.6074532660,1,DORA-USDT
2022-06-21 12:00:00,1655784000000,2.4760000000,2.5340000000,2.4660000000,2.5290000000,8825.4695280000,22050.4826366700,22050.4826366700,1,DORA-USDT
2022-06-21 13:00:00,1655787600000,2.5300000000,2.5970000000,2.5210000000,2.5910000000,13399.1211090000,34189.0226839650,34189.0226839650,1,DORA-USDT
2022-06-21 14:00:00,1655791200000,2.5930000000,2.6140000000,2.5740000000,2.6040000000,9332.0316200000,24213.2379009720,24213.2379009720,1,DORA-USDT
2022-06-21 15:00:00,1655794800000,2.6030000000,2.6030000000,2.5500000000,2.5620000000,11205.8866000000,28804.3124133350,28804.3124133350,1,DORA-USDT
2022-06-21 16:00:00,1655798400000,2.5530000000,2.6290000000,2.5530000000,2.6100000000,16061.3908340000,41674.1613022350,41674.1613022350,1,DORA-USDT
2022-06-21 17:00:00,1655802000000,2.6100000000,2.6240000000,2.5740000000,2.5830000000,7157.7169400000,18576.6625224140,18576.6625224140,1,DORA-USDT
2022-06-21 18:00:00,1655805600000,2.5830000000,2.6330000000,2.5620000000,2.6210000000,11137.7718420000,29042.0611813240,29042.0611813240,1,DORA-USDT
2022-06-21 19:00:00,1655809200000,2.6210000000,2.6350000000,2.5520000000,2.5540000000,9668.0574820000,25013.1414847120,25013.1414847120,1,DORA-USDT
2022-06-21 20:00:00,1655812800000,2.5540000000,2.5890000000,2.5520000000,2.5850000000,6948.5161980000,17848.6167656100,17848.6167656100,1,DORA-USDT
2022-06-21 21:00:00,1655816400000,2.5810000000,2.6240000000,2.5710000000,2.6170000000,7547.0527550000,19668.3444076900,19668.3444076900,1,DORA-USDT
2022-06-21 22:00:00,1655820000000,2.6130000000,2.8220000000,2.5960000000,2.7010000000,32914.1160710000,89370.6202179560,89370.6202179560,1,DORA-USDT
2022-06-21 23:00:00,1655823600000,2.6930000000,2.6940000000,2.6470000000,2.6860000000,12427.3134170000,33224.6305948480,33224.6305948480,1,DORA-USDT
2022-06-22 00:00:00,1655827200000,2.6810000000,2.6920000000,2.6090000000,2.6140000000,14327.9502970000,37782.1181335180,37782.1181335180,1,DORA-USDT
2022-06-22 01:00:00,1655830800000,2.6110000000,2.6600000000,2.6030000000,2.6110000000,11237.9992430000,29554.9581147550,29554.9581147550,1,DORA-USDT
2022-06-22 02:00:00,1655834400000,2.6090000000,2.6150000000,2.6010000000,2.6030000000,3962.1473490000,10333.1001792130,10333.1001792130,1,DORA-USDT
2022-06-22 03:00:00,1655838000000,2.6030000000,2.6410000000,2.5850000000,2.5940000000,8888.2726540000,23274.5875799210,23274.5875799210,1,DORA-USDT
2022-06-22 04:00:00,1655841600000,2.5970000000,2.6010000000,2.5770000000,2.5950000000,6560.4372840000,16994.4780482630,16994.4780482630,1,DORA-USDT
2022-06-22 05:00:00,1655845200000,2.5900000000,2.6140000000,2.5890000000,2.6090000000,3297.0185980000,8582.7447591440,8582.7447591440,1,DORA-USDT
2022-06-22 06:00:00,1655848800000,2.6120000000,2.6640000000,2.6080000000,2.6610000000,5769.9695280000,15199.3008346300,15199.3008346300,1,DORA-USDT
2022-06-22 07:00:00,1655852400000,2.6620000000,2.6800000000,2.6000000000,2.6290000000,11087.2495900000,29215.2552152690,29215.2552152690,1,DORA-USDT
2022-06-22 08:00:00,1655856000000,2.6240000000,2.6400000000,2.5890000000,2.6220000000,8978.2995940000,23473.6533306570,23473.6533306570,1,DORA-USDT
2022-06-22 09:00:00,1655859600000,2.6100000000,2.6450000000,2.5910000000,2.5920000000,6382.1287560000,16737.9577403520,16737.9577403520,1,DORA-USDT
2022-06-22 10:00:00,1655863200000,2.5890000000,2.6310000000,2.5850000000,2.6150000000,9551.4567270000,24924.5385116540,24924.5385116540,1,DORA-USDT
2022-06-22 11:00:00,1655866800000,2.6160000000,2.6310000000,2.5950000000,2.5950000000,5204.5201460000,13593.9759048000,13593.9759048000,1,DORA-USDT
2022-06-22 12:00:00,1655870400000,2.6020000000,2.6430000000,2.5950000000,2.6200000000,12976.2163500000,33999.7581840430,33999.7581840430,1,DORA-USDT
2022-06-22 13:00:00,1655874000000,2.6210000000,2.6610000000,2.6210000000,2.6550000000,7615.8523140000,20139.6216565070,20139.6216565070,1,DORA-USDT
2022-06-22 14:00:00,1655877600000,2.6560000000,2.6680000000,2.6100000000,2.6290000000,8759.3098190000,23037.0482536780,23037.0482536780,1,DORA-USDT
2022-06-22 15:00:00,1655881200000,2.6320000000,2.6320000000,2.5330000000,2.5430000000,11958.0919360000,30841.6479944350,30841.6479944350,1,DORA-USDT
2022-06-22 16:00:00,1655884800000,2.5420000000,2.5420000000,2.5010000000,2.5230000000,6734.0858640000,16976.1569042300,16976.1569042300,1,DORA-USDT
2022-06-22 17:00:00,1655888400000,2.5240000000,2.5610000000,2.5240000000,2.5500000000,6829.5850060000,17375.0019343400,17375.0019343400,1,DORA-USDT
2022-06-22 18:00:00,1655892000000,2.5500000000,2.5600000000,2.5190000000,2.5240000000,5141.2305020000,13019.2582915840,13019.2582915840,1,DORA-USDT
2022-06-22 19:00:00,1655895600000,2.5230000000,2.5450000000,2.5020000000,2.5090000000,6021.0570520000,15204.9825329170,15204.9825329170,1,DORA-USDT
2022-06-22 20:00:00,1655899200000,2.5090000000,2.5130000000,2.4420000000,2.4680000000,16789.4326850000,41631.1828941450,41631.1828941450,1,DORA-USDT
2022-06-22 21:00:00,1655902800000,2.4690000000,2.4990000000,2.4480000000,2.4930000000,8379.2744760000,20750.8332857890,20750.8332857890,1,DORA-USDT
2022-06-22 22:00:00,1655906400000,2.4950000000,2.5360000000,2.4780000000,2.5200000000,13774.0064300000,34631.5283458580,34631.5283458580,1,DORA-USDT
2022-06-22 23:00:00,1655910000000,2.5200000000,2.5250000000,2.4580000000,2.4620000000,7222.6298050000,17961.8721430240,17961.8721430240,1,DORA-USDT
2022-06-23 00:00:00,1655913600000,2.4580000000,2.4630000000,2.4250000000,2.4520000000,9723.8408690000,23721.7038521830,23721.7038521830,1,DORA-USDT
2022-06-23 01:00:00,1655917200000,2.4530000000,2.4610000000,2.4190000000,2.4350000000,5949.6719290000,14513.6798110080,14513.6798110080,1,DORA-USDT
2022-06-23 02:00:00,1655920800000,2.4390000000,2.4480000000,2.4310000000,2.4350000000,2980.2609260000,7274.5520109860,7274.5520109860,1,DORA-USDT
2022-06-23 03:00:00,1655924400000,2.4340000000,2.4470000000,2.4090000000,2.4340000000,6940.6533030000,16825.2666249600,16825.2666249600,1,DORA-USDT
2022-06-23 04:00:00,1655928000000,2.4340000000,2.4550000000,2.3960000000,2.4490000000,8137.9821260000,19815.5460389700,19815.5460389700,1,DORA-USDT
2022-06-23 05:00:00,1655931600000,2.4480000000,2.5080000000,2.4450000000,2.5070000000,11260.7404000000,27856.8463681600,27856.8463681600,1,DORA-USDT
2022-06-23 06:00:00,1655935200000,2.5030000000,2.5320000000,2.4940000000,2.5200000000,6948.6901000000,17436.6324479880,17436.6324479880,1,DORA-USDT
2022-06-23 07:00:00,1655938800000,2.5210000000,2.5340000000,2.4790000000,2.4850000000,10125.0837050000,25338.4904380860,25338.4904380860,1,DORA-USDT
2022-06-23 08:00:00,1655942400000,2.4900000000,2.6290000000,2.4900000000,2.6240000000,14366.4503590000,37089.3752395850,37089.3752395850,1,DORA-USDT
2022-06-23 09:00:00,1655946000000,2.6240000000,2.6830000000,2.6170000000,2.6540000000,13946.2917140000,37084.9810193600,37084.9810193600,1,DORA-USDT
2022-06-23 10:00:00,1655949600000,2.6460000000,2.6610000000,2.6330000000,2.6390000000,8120.2023590000,21503.8872551450,21503.8872551450,1,DORA-USDT
2022-06-23 11:00:00,1655953200000,2.6380000000,2.6420000000,2.6250000000,2.6280000000,5319.0386420000,14001.1580745270,14001.1580745270,1,DORA-USDT
2022-06-23 12:00:00,1655956800000,2.6390000000,2.6770000000,2.6290000000,2.6410000000,9011.8457350000,23950.9095957800,23950.9095957800,1,DORA-USDT
2022-06-23 13:00:00,1655960400000,2.6410000000,2.6540000000,2.5980000000,2.6070000000,6948.9059610000,18292.4787641350,18292.4787641350,1,DORA-USDT
2022-06-23 14:00:00,1655964000000,2.6070000000,2.6290000000,2.5790000000,2.5980000000,8036.3836980000,20963.6870536030,20963.6870536030,1,DORA-USDT
2022-06-23 15:00:00,1655967600000,2.5990000000,2.6150000000,2.5710000000,2.5820000000,6426.1258370000,16665.5903877680,16665.5903877680,1,DORA-USDT
2022-06-23 16:00:00,1655971200000,2.5920000000,2.6030000000,2.5720000000,2.5770000000,5880.1262040000,15210.7112542550,15210.7112542550,1,DORA-USDT
2022-06-23 17:00:00,1655974800000,2.5760000000,2.6110000000,2.5760000000,2.6070000000,6371.2263390000,16540.3420356390,16540.3420356390,1,DORA-USDT
2022-06-23 18:00:00,1655978400000,2.6110000000,2.6260000000,2.5980000000,2.6190000000,3770.0964840000,9849.4108438100,9849.4108438100,1,DORA-USDT
2022-06-23 19:00:00,1655982000000,2.6170000000,2.6190000000,2.5800000000,2.5850000000,6232.0629040000,16180.6446739340,16180.6446739340,1,DORA-USDT
2022-06-23 20:00:00,1655985600000,2.5890000000,2.6090000000,2.5670000000,2.5750000000,7212.1150320000,18653.3722964260,18653.3722964260,1,DORA-USDT
2022-06-23 21:00:00,1655989200000,2.5730000000,2.5860000000,2.5600000000,2.5610000000,5859.9161080000,15093.6176409890,15093.6176409890,1,DORA-USDT
2022-06-23 22:00:00,1655992800000,2.5600000000,2.5660000000,2.5420000000,2.5580000000,5799.4017410000,14818.0888497720,14818.0888497720,1,DORA-USDT
2022-06-23 23:00:00,1655996400000,2.5600000000,2.5610000000,2.5220000000,2.5460000000,8183.3965390000,20782.1169369200,20782.1169369200,1,DORA-USDT
2022-06-24 00:00:00,1656000000000,2.5500000000,2.5510000000,2.5220000000,2.5230000000,4543.9020160000,11525.8108002450,11525.8108002450,1,DORA-USDT
2022-06-24 01:00:00,1656003600000,2.5230000000,2.5390000000,2.5060000000,2.5320000000,4749.1550560000,11971.9589883000,11971.9589883000,1,DORA-USDT
2022-06-24 02:00:00,1656007200000,2.5280000000,2.5550000000,2.5250000000,2.5380000000,4692.4732380000,11937.3236409380,11937.3236409380,1,DORA-USDT
2022-06-24 03:00:00,1656010800000,2.5430000000,2.5840000000,2.5190000000,2.5790000000,9933.4117370000,25461.3878668780,25461.3878668780,1,DORA-USDT
2022-06-24 04:00:00,1656014400000,2.5790000000,2.6000000000,2.5630000000,2.5860000000,4148.2792930000,10729.3105328030,10729.3105328030,1,DORA-USDT
2022-06-24 05:00:00,1656018000000,2.5860000000,2.5920000000,2.5690000000,2.5690000000,1981.7435450000,5116.2652389030,5116.2652389030,1,DORA-USDT
2022-06-24 06:00:00,1656021600000,2.5770000000,2.6060000000,2.5720000000,2.5720000000,5459.5924160000,14147.1486481010,14147.1486481010,1,DORA-USDT
2022-06-24 07:00:00,1656025200000,2.5820000000,2.6250000000,2.5780000000,2.6150000000,6944.3302250000,18077.6772007230,18077.6772007230,1,DORA-USDT
2022-06-24 08:00:00,1656028800000,2.6150000000,2.6590000000,2.6030000000,2.6530000000,7675.9618700000,20302.0463713520,20302.0463713520,1,DORA-USDT
2022-06-24 09:00:00,1656032400000,2.6570000000,2.7130000000,2.6560000000,2.7020000000,9992.7111530000,26962.4827401370,26962.4827401370,1,DORA-USDT
2022-06-24 10:00:00,1656036000000,2.7030000000,2.7590000000,2.6880000000,2.7370000000,8571.8265570000,23342.7617498950,23342.7617498950,1,DORA-USDT
2022-06-24 11:00:00,1656039600000,2.7340000000,2.7400000000,2.7050000000,2.7050000000,4223.0015290000,11516.5276217450,11516.5276217450,1,DORA-USDT
2022-06-24 12:00:00,1656043200000,2.7080000000,2.7600000000,2.6810000000,2.6840000000,12884.1217870000,35008.6689917680,35008.6689917680,1,DORA-USDT
2022-06-24 13:00:00,1656046800000,2.6840000000,2.7150000000,2.6770000000,2.6870000000,8185.1867000000,22056.6188227560,22056.6188227560,1,DORA-USDT
2022-06-24 14:00:00,1656050400000,2.6780000000,2.6870000000,2.6610000000,2.6680000000,7042.4631710000,18836.2881707380,18836.2881707380,1,DORA-USDT
2022-06-24 15:00:00,1656054000000,2.6690000000,2.6860000000,2.6370000000,2.6780000000,4913.6519470000,13132.2623338030,13132.2623338030,1,DORA-USDT
2022-06-24 16:00:00,1656057600000,2.6770000000,2.7080000000,2.6700000000,2.6990000000,6312.3156970000,17003.6513323090,17003.6513323090,1,DORA-USDT
2022-06-24 17:00:00,1656061200000,2.7010000000,2.7020000000,2.6600000000,2.6670000000,5773.2760110000,15466.8329666830,15466.8329666830,1,DORA-USDT
2022-06-24 18:00:00,1656064800000,2.6650000000,2.6820000000,2.6640000000,2.6800000000,4086.1858940000,10924.0882883820,10924.0882883820,1,DORA-USDT
2022-06-24 19:00:00,1656068400000,2.6840000000,2.7200000000,2.6800000000,2.7020000000,6380.1993060000,17256.5903370590,17256.5903370590,1,DORA-USDT
2022-06-24 20:00:00,1656072000000,2.6960000000,2.7200000000,2.6820000000,2.6820000000,7479.7040990000,20180.4405794300,20180.4405794300,1,DORA-USDT
2022-06-24 21:00:00,1656075600000,2.6820000000,2.6970000000,2.6650000000,2.6690000000,7094.3456930000,19006.2375388040,19006.2375388040,1,DORA-USDT
2022-06-24 22:00:00,1656079200000,2.6660000000,2.6880000000,2.6440000000,2.6520000000,7292.6281800000,19399.9682942570,19399.9682942570,1,DORA-USDT
2022-06-24 23:00:00,1656082800000,2.6530000000,2.6530000000,2.6130000000,2.6490000000,6198.2921910000,16297.2695695690,16297.2695695690,1,DORA-USDT
2022-06-25 00:00:00,1656086400000,2.6410000000,2.6410000000,2.5690000000,2.5860000000,12309.1529420000,32018.4656992640,32018.4656992640,1,DORA-USDT
2022-06-25 01:00:00,1656090000000,2.5840000000,2.6030000000,2.5480000000,2.5480000000,7326.6527250000,18931.0964528430,18931.0964528430,1,DORA-USDT
2022-06-25 02:00:00,1656093600000,2.5450000000,2.5800000000,2.5340000000,2.5740000000,10857.7494360000,27771.0782002720,27771.0782002720,1,DORA-USDT
2022-06-25 03:00:00,1656097200000,2.5760000000,2.5760000000,2.5250000000,2.5440000000,8466.3879560000,21603.3030385460,21603.3030385460,1,DORA-USDT
2022-06-25 04:00:00,1656100800000,2.5440000000,2.5640000000,2.5200000000,2.5210000000,7164.9708700000,18176.5482908480,18176.5482908480,1,DORA-USDT
2022-06-25 05:00:00,1656104400000,2.5210000000,2.5900000000,2.5170000000,2.5820000000,9188.3327510000,23549.4284729880,23549.4284729880,1,DORA-USDT
2022-06-25 06:00:00,1656108000000,2.5810000000,2.6060000000,2.5810000000,2.6020000000,5597.7635130000,14518.8838108200,14518.8838108200,1,DORA-USDT
2022-06-25 07:00:00,1656111600000,2.5980000000,2.6550000000,2.5950000000,2.6060000000,13242.0292880000,34861.6737613730,34861.6737613730,1,DORA-USDT
2022-06-25 08:00:00,1656115200000,2.6220000000,2.6220000000,2.5700000000,2.5990000000,7863.1272030000,20406.2784472040,20406.2784472040,1,DORA-USDT
2022-06-25 09:00:00,1656118800000,2.6000000000,2.6120000000,2.4820000000,2.5630000000,36859.4569650000,94046.4438254310,94046.4438254310,1,DORA-USDT
2022-06-25 10:00:00,1656122400000,2.5600000000,2.5680000000,2.5290000000,2.5420000000,8344.5456610000,21233.7555696290,21233.7555696290,1,DORA-USDT
2022-06-25 11:00:00,1656126000000,2.5420000000,2.5640000000,2.5390000000,2.5580000000,5060.8779610000,12929.5312751980,12929.5312751980,1,DORA-USDT
2022-06-25 12:00:00,1656129600000,2.5550000000,2.5680000000,2.5420000000,2.5650000000,4494.6623510000,11484.7704219410,11484.7704219410,1,DORA-USDT
2022-06-25 13:00:00,1656133200000,2.5670000000,2.5750000000,2.5480000000,2.5480000000,2677.2625820000,6864.6614657010,6864.6614657010,1,DORA-USDT
2022-06-25 14:00:00,1656136800000,2.5550000000,2.5550000000,2.5140000000,2.5240000000,8806.1577790000,22293.5549001120,22293.5549001120,1,DORA-USDT
2022-06-25 15:00:00,1656140400000,2.5230000000,2.6580000000,2.5010000000,2.6540000000,16029.5418840000,41493.7158208350,41493.7158208350,1,DORA-USDT
2022-06-25 16:00:00,1656144000000,2.6540000000,2.6620000000,2.6220000000,2.6300000000,11702.3487070000,30867.8909801420,30867.8909801420,1,DORA-USDT
2022-06-25 17:00:00,1656147600000,2.6320000000,2.7130000000,2.6250000000,2.7070000000,10429.3876000000,27964.8089019200,27964.8089019200,1,DORA-USDT
2022-06-25 18:00:00,1656151200000,2.7040000000,2.7100000000,2.6460000000,2.6700000000,9361.1431880000,25040.2565123000,25040.2565123000,1,DORA-USDT
2022-06-25 19:00:00,1656154800000,2.6690000000,2.6860000000,2.6460000000,2.6610000000,7335.1148610000,19564.0452227070,19564.0452227070,1,DORA-USDT
2022-06-25 20:00:00,1656158400000,2.6610000000,2.6660000000,2.6100000000,2.6450000000,13705.5494580000,36215.9055238060,36215.9055238060,1,DORA-USDT
2022-06-25 21:00:00,1656162000000,2.6460000000,2.6870000000,2.6410000000,2.6730000000,8970.6006000000,23908.2981940950,23908.2981940950,1,DORA-USDT
2022-06-25 22:00:00,1656165600000,2.6800000000,2.6860000000,2.6490000000,2.6740000000,5373.3181190000,14338.8601621610,14338.8601621610,1,DORA-USDT
2022-06-25 23:00:00,1656169200000,2.6730000000,2.7100000000,2.6280000000,2.6540000000,7966.4330370000,21294.4083675510,21294.4083675510,1,DORA-USDT
2022-06-26 00:00:00,1656172800000,2.6340000000,2.6910000000,2.6300000000,2.6870000000,9202.9504150000,24473.1938708910,24473.1938708910,1,DORA-USDT
2022-06-26 01:00:00,1656176400000,2.6860000000,2.7400000000,2.6860000000,2.7350000000,10836.1353480000,29455.2196196010,29455.2196196010,1,DORA-USDT
2022-06-26 02:00:00,1656180000000,2.7360000000,2.7850000000,2.7270000000,2.7790000000,6137.5517260000,16926.0845814520,16926.0845814520,1,DORA-USDT
2022-06-26 03:00:00,1656183600000,2.7840000000,2.8460000000,2.7800000000,2.8430000000,12014.8544130000,33908.9309885920,33908.9309885920,1,DORA-USDT
2022-06-26 04:00:00,1656187200000,2.8420000000,2.8580000000,2.8200000000,2.8500000000,5957.1206900000,16902.9435023610,16902.9435023610,1,DORA-USDT
2022-06-26 05:00:00,1656190800000,2.8520000000,2.8790000000,2.8480000000,2.8710000000,7126.3917240000,20427.9829222700,20427.9829222700,1,DORA-USDT
2022-06-26 06:00:00,1656194400000,2.8760000000,2.8790000000,2.8340000000,2.8350000000,6738.3015640000,19229.5883774610,19229.5883774610,1,DORA-USDT
2022-06-26 07:00:00,1656198000000,2.8360000000,2.8560000000,2.8340000000,2.8500000000,4205.9110260000,11966.4470751090,11966.4470751090,1,DORA-USDT
2022-06-26 08:00:00,1656201600000,2.8490000000,2.8800000000,2.8300000000,2.8710000000,6950.7516050000,19856.3391669000,19856.3391669000,1,DORA-USDT
2022-06-26 09:00:00,1656205200000,2.8740000000,2.8800000000,2.8120000000,2.8220000000,10726.2922390000,30516.2154577710,30516.2154577710,1,DORA-USDT
2022-06-26 10:00:00,1656208800000,2.8230000000,2.8330000000,2.7910000000,2.8090000000,6360.7676120000,17872.6605165190,17872.6605165190,1,DORA-USDT
2022-06-26 11:00:00,1656212400000,2.8080000000,2.8250000000,2.8080000000,2.8230000000,2560.6928840000,7213.9017684580,7213.9017684580,1,DORA-USDT
2022-06-26 12:00:00,1656216000000,2.8230000000,2.8440000000,2.8090000000,2.8310000000,3158.8113900000,8924.7969319580,8924.7969319580,1,DORA-USDT
2022-06-26 13:00:00,1656219600000,2.8310000000,2.8760000000,2.8260000000,2.8520000000,3392.5752830000,9639.4625306960,9639.4625306960,1,DORA-USDT
2022-06-26 14:00:00,1656223200000,2.8570000000,2.8670000000,2.8160000000,2.8600000000,9653.0044260000,27468.8418155510,27468.8418155510,1,DORA-USDT
2022-06-26 15:00:00,1656226800000,2.8680000000,2.8800000000,2.8300000000,2.8320000000,15042.1955330000,42848.4412897460,42848.4412897460,1,DORA-USDT
2022-06-26 16:00:00,1656230400000,2.8420000000,2.8720000000,2.8320000000,2.8530000000,6422.9592380000,18301.5952604790,18301.5952604790,1,DORA-USDT
2022-06-26 17:00:00,1656234000000,2.8510000000,2.8610000000,2.8180000000,2.8220000000,5078.0878730000,14416.3767558420,14416.3767558420,1,DORA-USDT
2022-06-26 18:00:00,1656237600000,2.8220000000,2.8330000000,2.8090000000,2.8250000000,3047.4167010000,8601.5299773050,8601.5299773050,1,DORA-USDT
2022-06-26 19:00:00,1656241200000,2.8260000000,2.8710000000,2.8220000000,2.8600000000,8543.6249710000,24363.3905382720,24363.3905382720,1,DORA-USDT
2022-06-26 20:00:00,1656244800000,2.8700000000,2.8870000000,2.8080000000,2.8080000000,6335.3721190000,18066.4366870630,18066.4366870630,1,DORA-USDT
2022-06-26 21:00:00,1656248400000,2.8140000000,2.8140000000,2.6100000000,2.6310000000,29461.9286620000,78761.0264555280,78761.0264555280,1,DORA-USDT
2022-06-26 22:00:00,1656252000000,2.6300000000,2.6590000000,2.6280000000,2.6390000000,11310.3492550000,29921.3868173030,29921.3868173030,1,DORA-USDT
2022-06-26 23:00:00,1656255600000,2.6460000000,2.6550000000,2.5950000000,2.6130000000,19534.2603620000,51261.2338896940,51261.2338896940,1,DORA-USDT
2022-06-27 00:00:00,1656259200000,2.6050000000,2.6050000000,2.5600000000,2.5610000000,11297.6114490000,29075.6875594450,29075.6875594450,1,DORA-USDT
2022-06-27 01:00:00,1656262800000,2.5650000000,2.5650000000,2.5200000000,2.5270000000,12105.8927010000,30712.9164612150,30712.9164612150,1,DORA-USDT
2022-06-27 02:00:00,1656266400000,2.5280000000,2.5590000000,2.5220000000,2.5470000000,6179.1660320000,15693.4548714970,15693.4548714970,1,DORA-USDT
2022-06-27 03:00:00,1656270000000,2.5500000000,2.5770000000,2.5260000000,2.5560000000,7765.2945040000,19796.6730247760,19796.6730247760,1,DORA-USDT
2022-06-27 04:00:00,1656273600000,2.5540000000,2.5790000000,2.5210000000,2.5740000000,9127.5483470000,23225.3672536250,23225.3672536250,1,DORA-USDT
2022-06-27 05:00:00,1656277200000,2.5710000000,2.5710000000,2.5200000000,2.5430000000,10330.1734580000,26300.9298696930,26300.9298696930,1,DORA-USDT
2022-06-27 06:00:00,1656280800000,2.5380000000,2.5750000000,2.5120000000,2.5300000000,13836.6844380000,35184.4741401830,35184.4741401830,1,DORA-USDT
2022-06-27 07:00:00,1656284400000,2.5320000000,2.5460000000,2.4910000000,2.4980000000,10122.4595890000,25522.7424489030,25522.7424489030,1,DORA-USDT
2022-06-27 08:00:00,1656288000000,2.5060000000,2.5670000000,2.5000000000,2.5580000000,13078.0850540000,33232.3499482840,33232.3499482840,1,DORA-USDT
2022-06-27 09:00:00,1656291600000,2.5630000000,2.6950000000,2.5580000000,2.6850000000,12546.4789830000,32839.6983439750,32839.6983439750,1,DORA-USDT
2022-06-27 10:00:00,1656295200000,2.6850000000,2.7420000000,2.6730000000,2.6930000000,18263.6106470000,49403.0553030840,49403.0553030840,1,DORA-USDT
2022-06-27 11:00:00,1656298800000,2.7010000000,3.2500000000,2.6930000000,3.1460000000,48464.3758960000,143686.0791758080,143686.0791758080,1,DORA-USDT
2022-06-27 12:00:00,1656302400000,3.1400000000,3.1830000000,2.8930000000,3.0100000000,31671.9839270000,95907.5393702670,95907.5393702670,1,DORA-USDT
2022-06-27 13:00:00,1656306000000,3.0140000000,3.1030000000,2.9650000000,3.1020000000,15076.7996830000,45621.3807027750,45621.3807027750,1,DORA-USDT
2022-06-27 14:00:00,1656309600000,3.0940000000,3.1790000000,2.9520000000,3.0730000000,15887.3086190000,48807.9313524220,48807.9313524220,1,DORA-USDT
2022-06-27 15:00:00,1656313200000,3.0720000000,3.1090000000,3.0050000000,3.0300000000,11418.8007830000,34918.2448822410,34918.2448822410,1,DORA-USDT
2022-06-27 16:00:00,1656316800000,3.0340000000,3.1950000000,3.0340000000,3.1340000000,12320.4942760000,38330.8436598200,38330.8436598200,1,DORA-USDT
2022-06-27 17:00:00,1656320400000,3.1360000000,3.4310000000,3.0500000000,3.2240000000,42112.4846400000,136463.3590798040,136463.3590798040,1,DORA-USDT
2022-06-27 18:00:00,1656324000000,3.2260000000,3.3380000000,3.1560000000,3.2530000000,23939.6952370000,78226.2709471060,78226.2709471060,1,DORA-USDT
2022-06-27 19:00:00,1656327600000,3.2560000000,3.3440000000,3.0760000000,3.1530000000,19168.1494510000,61267.8406231980,61267.8406231980,1,DORA-USDT
2022-06-27 20:00:00,1656331200000,3.1540000000,3.2640000000,3.1090000000,3.1240000000,15984.6621090000,50681.4669466490,50681.4669466490,1,DORA-USDT
2022-06-27 21:00:00,1656334800000,3.1220000000,3.1380000000,2.7750000000,2.8640000000,31454.7810550000,93585.9028620070,93585.9028620070,1,DORA-USDT
2022-06-27 22:00:00,1656338400000,2.8600000000,3.1420000000,2.8380000000,3.0680000000,30954.4887400000,91944.5906197930,91944.5906197930,1,DORA-USDT
2022-06-27 23:00:00,1656342000000,3.0540000000,3.2030000000,3.0370000000,3.1100000000,26603.0312640000,83084.7452125700,83084.7452125700,1,DORA-USDT
2022-06-28 00:00:00,1656345600000,3.1460000000,3.1510000000,2.8160000000,2.8900000000,31485.3730330000,91259.6574479210,91259.6574479210,1,DORA-USDT
2022-06-28 01:00:00,1656349200000,2.8870000000,2.9360000000,2.8200000000,2.8910000000,13994.2919850000,40384.6534999340,40384.6534999340,1,DORA-USDT
2022-06-28 02:00:00,1656352800000,2.8940000000,2.9150000000,2.8310000000,2.8630000000,11196.1131970000,32225.5809541540,32225.5809541540,1,DORA-USDT
2022-06-28 03:00:00,1656356400000,2.8610000000,2.9100000000,2.8350000000,2.9050000000,8421.3197980000,24125.2426381060,24125.2426381060,1,DORA-USDT
2022-06-28 04:00:00,1656360000000,2.9050000000,2.9230000000,2.8750000000,2.8880000000,7988.1223770000,23182.6450603250,23182.6450603250,1,DORA-USDT
2022-06-28 05:00:00,1656363600000,2.8820000000,2.9330000000,2.8750000000,2.9330000000,6789.1472890000,19741.1821934990,19741.1821934990,1,DORA-USDT
2022-06-28 06:00:00,1656367200000,2.9330000000,2.9450000000,2.9120000000,2.9380000000,5312.9668100000,15577.5790123310,15577.5790123310,1,DORA-USDT
2022-06-28 07:00:00,1656370800000,2.9370000000,3.0720000000,2.9220000000,3.0440000000,13965.3349870000,41862.0692327330,41862.0692327330,1,DORA-USDT
2022-06-28 08:00:00,1656374400000,3.0440000000,3.8080000000,3.0190000000,3.4760000000,84439.7388620000,290626.6251873250,290626.6251873250,1,DORA-USDT
2022-06-28 09:00:00,1656378000000,3.4740000000,3.4970000000,3.3560000000,3.3840000000,16222.5878850000,55480.5305568660,55480.5305568660,1,DORA-USDT
2022-06-28 10:00:00,1656381600000,3.4020000000,3.7210000000,3.2320000000,3.3490000000,39961.2165450000,137146.8936203220,137146.8936203220,1,DORA-USDT
2022-06-28 11:00:00,1656385200000,3.3350000000,3.5120000000,3.3340000000,3.3840000000,15658.3438490000,53489.7006936090,53489.7006936090,1,DORA-USDT
2022-06-28 12:00:00,1656388800000,3.3930000000,3.4950000000,3.1710000000,3.3270000000,29348.9270180000,97431.3617108390,97431.3617108390,1,DORA-USDT
2022-06-28 13:00:00,1656392400000,3.3260000000,3.3780000000,3.2040000000,3.2590000000,42701.9705830000,140495.1679375150,140495.1679375150,1,DORA-USDT
2022-06-28 14:00:00,1656396000000,3.2610000000,3.4230000000,3.2500000000,3.3890000000,41896.7786490000,140420.1178566310,140420.1178566310,1,DORA-USDT
2022-06-28 15:00:00,1656399600000,3.3980000000,3.4000000000,3.2470000000,3.2950000000,26234.2878910000,86953.0652048690,86953.0652048690,1,DORA-USDT
2022-06-28 16:00:00,1656403200000,3.2950000000,3.3310000000,3.2200000000,3.2910000000,31210.9746890000,102196.2410016120,102196.2410016120,1,DORA-USDT
2022-06-28 17:00:00,1656406800000,3.2890000000,3.3570000000,3.2830000000,3.3420000000,18601.4556660000,61731.3194205890,61731.3194205890,1,DORA-USDT
2022-06-28 18:00:00,1656410400000,3.3370000000,3.3570000000,3.2390000000,3.2760000000,28394.5184520000,93640.2576205040,93640.2576205040,1,DORA-USDT
2022-06-28 19:00:00,1656414000000,3.2790000000,3.3530000000,3.2470000000,3.2710000000,42736.5867960000,140624.8779594500,140624.8779594500,1,DORA-USDT
2022-06-28 20:00:00,1656417600000,3.2770000000,3.4040000000,3.2290000000,3.3570000000,53706.4929580000,178159.1038034490,178159.1038034490,1,DORA-USDT
2022-06-28 21:00:00,1656421200000,3.3420000000,3.3820000000,3.2870000000,3.3750000000,35369.9048850000,117993.2935013300,117993.2935013300,1,DORA-USDT
2022-06-28 22:00:00,1656424800000,3.3800000000,3.3830000000,2.9550000000,3.0420000000,97967.7319830000,304305.5608420780,304305.5608420780,1,DORA-USDT
2022-06-28 23:00:00,1656428400000,3.0490000000,3.0930000000,2.9350000000,2.9620000000,50290.9884270000,151570.6872609440,151570.6872609440,1,DORA-USDT
2022-06-29 00:00:00,1656432000000,2.9640000000,3.0860000000,2.9460000000,3.0720000000,42920.8397850000,130080.5089576550,130080.5089576550,1,DORA-USDT
2022-06-29 01:00:00,1656435600000,3.0620000000,3.0820000000,2.9540000000,2.9580000000,30994.2913970000,93527.9110930150,93527.9110930150,1,DORA-USDT
2022-06-29 02:00:00,1656439200000,2.9680000000,2.9780000000,2.9070000000,2.9130000000,20622.9654980000,60490.2993436710,60490.2993436710,1,DORA-USDT
2022-06-29 03:00:00,1656442800000,2.9090000000,2.9200000000,2.8550000000,2.8750000000,20382.4544720000,58592.2431786040,58592.2431786040,1,DORA-USDT
2022-06-29 04:00:00,1656446400000,2.8740000000,2.9420000000,2.8620000000,2.8880000000,29784.9450070000,86243.4526436380,86243.4526436380,1,DORA-USDT
2022-06-29 05:00:00,1656450000000,2.8790000000,2.9510000000,2.8790000000,2.9290000000,20689.1090550000,60580.6250562720,60580.6250562720,1,DORA-USDT
2022-06-29 06:00:00,1656453600000,2.9230000000,3.0520000000,2.9110000000,3.0350000000,52512.9516220000,156219.1016933930,156219.1016933930,1,DORA-USDT
2022-06-29 07:00:00,1656457200000,3.0310000000,3.0510000000,2.9710000000,2.9840000000,35391.2754490000,106233.4548526320,106233.4548526320,1,DORA-USDT
2022-06-29 08:00:00,1656460800000,2.9830000000,2.9880000000,2.7400000000,2.8330000000,73144.2988660000,207033.7936116220,207033.7936116220,1,DORA-USDT
2022-06-29 09:00:00,1656464400000,2.8230000000,2.8820000000,2.7730000000,2.8510000000,35644.9307310000,100909.5172920170,100909.5172920170,1,DORA-USDT
2022-06-29 10:00:00,1656468000000,2.8510000000,2.9500000000,2.8400000000,2.8520000000,32472.6565410000,93833.6448146410,93833.6448146410,1,DORA-USDT
2022-06-29 11:00:00,1656471600000,2.8470000000,2.8530000000,2.7470000000,2.7510000000,36686.4843980000,102798.2075864220,102798.2075864220,1,DORA-USDT
2022-06-29 12:00:00,1656475200000,2.7570000000,2.8220000000,2.7400000000,2.8130000000,64974.9235330000,181092.8210612260,181092.8210612260,1,DORA-USDT
2022-06-29 13:00:00,1656478800000,2.8080000000,2.9070000000,2.7900000000,2.8140000000,57842.2635450000,164639.9455735040,164639.9455735040,1,DORA-USDT
2022-06-29 14:00:00,1656482400000,2.8130000000,2.8600000000,2.6840000000,2.7550000000,95702.7792990000,266044.3021652750,266044.3021652750,1,DORA-USDT
2022-06-29 15:00:00,1656486000000,2.7500000000,2.8000000000,2.7010000000,2.7820000000,64478.3562580000,177931.2183423200,177931.2183423200,1,DORA-USDT
2022-06-29 16:00:00,1656489600000,2.7860000000,2.8050000000,2.7160000000,2.7430000000,43116.2498340000,119467.9592508800,119467.9592508800,1,DORA-USDT
2022-06-29 17:00:00,1656493200000,2.7470000000,2.8310000000,2.7310000000,2.7820000000,40229.6481970000,111943.4057605550,111943.4057605550,1,DORA-USDT
2022-06-29 18:00:00,1656496800000,2.7830000000,2.7970000000,2.7280000000,2.7520000000,37744.7338580000,103994.5390176880,103994.5390176880,1,DORA-USDT
2022-06-29 19:00:00,1656500400000,2.7430000000,2.7710000000,2.7070000000,2.7560000000,35295.7886890000,96649.3702150960,96649.3702150960,1,DORA-USDT
2022-06-29 20:00:00,1656504000000,2.7640000000,2.7780000000,2.6640000000,2.6690000000,67134.0043070000,182388.4066627930,182388.4066627930,1,DORA-USDT
2022-06-29 21:00:00,1656507600000,2.6720000000,2.7350000000,2.6280000000,2.6810000000,68676.7093920000,184586.1792095540,184586.1792095540,1,DORA-USDT
2022-06-29 22:00:00,1656511200000,2.6820000000,2.7500000000,2.6760000000,2.7200000000,47396.1976040000,128968.8651890730,128968.8651890730,1,DORA-USDT
2022-06-29 23:00:00,1656514800000,2.7180000000,2.7320000000,2.6800000000,2.7070000000,35675.7241470000,96382.3129222740,96382.3129222740,1,DORA-USDT
2022-06-30 00:00:00,1656518400000,2.7030000000,2.7120000000,2.5100000000,2.5320000000,116050.9621230000,299865.8972300280,299865.8972300280,1,DORA-USDT
2022-06-30 01:00:00,1656522000000,2.5300000000,2.5350000000,2.4530000000,2.5150000000,70741.3228480000,176459.9357405130,176459.9357405130,1,DORA-USDT
2022-06-30 02:00:00,1656525600000,2.5190000000,2.5700000000,2.5060000000,2.5160000000,54476.4794580000,138189.3730412470,138189.3730412470,1,DORA-USDT
2022-06-30 03:00:00,1656529200000,2.5120000000,2.5900000000,2.5000000000,2.5790000000,73541.3536400000,187553.7143523480,187553.7143523480,1,DORA-USDT
2022-06-30 04:00:00,1656532800000,2.5830000000,2.6050000000,2.5130000000,2.5650000000,39855.7591840000,102392.9872273850,102392.9872273850,1,DORA-USDT
2022-06-30 05:00:00,1656536400000,2.5680000000,2.6080000000,2.5610000000,2.6050000000,21871.2101710000,56533.6222401980,56533.6222401980,1,DORA-USDT
2022-06-30 06:00:00,1656540000000,2.6040000000,2.6050000000,2.5600000000,2.5780000000,28822.2718420000,74469.6262553390,74469.6262553390,1,DORA-USDT
2022-06-30 07:00:00,1656543600000,2.5810000000,2.5930000000,2.5470000000,2.5830000000,36481.3125130000,93696.2721291900,93696.2721291900,1,DORA-USDT
2022-06-30 08:00:00,1656547200000,2.5780000000,2.6890000000,2.5720000000,2.6430000000,57639.5921850000,152453.9965851280,152453.9965851280,1,DORA-USDT
2022-06-30 09:00:00,1656550800000,2.6420000000,2.6470000000,2.5860000000,2.6070000000,37890.8467760000,99095.2270069390,99095.2270069390,1,DORA-USDT
2022-06-30 10:00:00,1656554400000,2.6070000000,2.6520000000,2.6060000000,2.6270000000,30657.9912260000,80704.1571694240,80704.1571694240,1,DORA-USDT
2022-06-30 11:00:00,1656558000000,2.6320000000,2.6470000000,2.6150000000,2.6310000000,22785.7346770000,59941.4097798030,59941.4097798030,1,DORA-USDT
2022-06-30 12:00:00,1656561600000,2.6390000000,2.6790000000,2.6140000000,2.6140000000,43023.9149700000,113626.6447662950,113626.6447662950,1,DORA-USDT
2022-06-30 13:00:00,1656565200000,2.6240000000,2.6690000000,2.5910000000,2.6620000000,42937.6329810000,112676.4114931730,112676.4114931730,1,DORA-USDT
2022-06-30 14:00:00,1656568800000,2.6650000000,2.8600000000,2.6250000000,2.7910000000,148331.1904310000,406143.7811019890,406143.7811019890,1,DORA-USDT
2022-06-30 15:00:00,1656572400000,2.7880000000,2.7900000000,2.5040000000,2.5440000000,119285.9455710000,312825.2634052270,312825.2634052270,1,DORA-USDT
2022-06-30 16:00:00,1656576000000,2.5380000000,2.5450000000,2.4500000000,2.4710000000,47248.4754490000,118091.3401728800,118091.3401728800,1,DORA-USDT
2022-06-30 17:00:00,1656579600000,2.4700000000,2.4830000000,2.4000000000,2.4430000000,68674.7934450000,167277.8695851670,167277.8695851670,1,DORA-USDT
2022-06-30 18:00:00,1656583200000,2.4450000000,2.4570000000,2.4100000000,2.4350000000,42445.1943180000,103390.9569598820,103390.9569598820,1,DORA-USDT
2022-06-30 19:00:00,1656586800000,2.4350000000,2.4640000000,2.4220000000,2.4600000000,30736.6559920000,75115.9500097740,75115.9500097740,1,DORA-USDT
2022-06-30 20:00:00,1656590400000,2.4580000000,2.5650000000,2.4420000000,2.5390000000,60083.5947650000,150091.6176192350,150091.6176192350,1,DORA-USDT
2022-06-30 21:00:00,1656594000000,2.5350000000,2.5670000000,2.4700000000,2.4850000000,49763.6908120000,124540.4256892800,124540.4256892800,1,DORA-USDT
2022-06-30 22:00:00,1656597600000,2.4730000000,2.5140000000,2.4480000000,2.5060000000,45317.7747650000,112439.2310720420,112439.2310720420,1,DORA-USDT
2022-06-30 23:00:00,1656601200000,2.5050000000,2.5460000000,2.5050000000,2.5180000000,31914.3318570000,80654.8842384990,80654.8842384990,1,DORA-USDT
2022-07-01 00:00:00,1656604800000,2.5200000000,2.5910000000,2.5090000000,2.5660000000,43043.7364700000,109722.3498759880,109722.3498759880,1,DORA-USDT
2022-07-01 01:00:00,1656608400000,2.5670000000,2.5820000000,2.5400000000,2.5670000000,30848.4548140000,78999.1075249730,78999.1075249730,1,DORA-USDT
2022-07-01 02:00:00,1656612000000,2.5620000000,2.5720000000,2.5320000000,2.5560000000,29710.4176150000,75865.6254271500,75865.6254271500,1,DORA-USDT
2022-07-01 03:00:00,1656615600000,2.5560000000,2.6350000000,2.5480000000,2.5990000000,47215.8967890000,122440.0566885990,122440.0566885990,1,DORA-USDT
2022-07-01 04:00:00,1656619200000,2.5930000000,2.6230000000,2.5740000000,2.6120000000,34454.6112570000,89505.2459413020,89505.2459413020,1,DORA-USDT
2022-07-01 05:00:00,1656622800000,2.6050000000,2.6370000000,2.5740000000,2.6210000000,32809.6539760000,85587.9720792110,85587.9720792110,1,DORA-USDT
2022-07-01 06:00:00,1656626400000,2.6220000000,2.6310000000,2.5940000000,2.6210000000,25365.4889430000,66368.1173555700,66368.1173555700,1,DORA-USDT
2022-07-01 07:00:00,1656630000000,2.6180000000,2.6890000000,2.6170000000,2.6730000000,57387.1749200000,152518.2387134670,152518.2387134670,1,DORA-USDT
2022-07-01 08:00:00,1656633600000,2.6790000000,2.7200000000,2.6640000000,2.6750000000,47890.5791780000,128786.9033826530,128786.9033826530,1,DORA-USDT
2022-07-01 09:00:00,1656637200000,2.6740000000,2.6950000000,2.6410000000,2.6620000000,33951.0546720000,90330.0280677780,90330.0280677780,1,DORA-USDT
2022-07-01 10:00:00,1656640800000,2.6630000000,2.6840000000,2.6560000000,2.6630000000,21939.9048000000,58538.6003953210,58538.6003953210,1,DORA-USDT
2022-07-01 11:00:00,1656644400000,2.6590000000,2.6660000000,2.5750000000,2.5940000000,39474.9846890000,103683.1009801340,103683.1009801340,1,DORA-USDT
2022-07-01 12:00:00,1656648000000,2.5920000000,2.5920000000,2.4930000000,2.4940000000,52448.3391640000,133319.1891932550,133319.1891932550,1,DORA-USDT
2022-07-01 13:00:00,1656651600000,2.4960000000,2.5850000000,2.4860000000,2.5700000000,67168.6863390000,171118.4883099060,171118.4883099060,1,DORA-USDT
2022-07-01 14:00:00,1656655200000,2.5680000000,2.5750000000,2.5530000000,2.5680000000,22096.1914210000,56689.3022976700,56689.3022976700,1,DORA-USDT
2022-07-01 15:00:00,1656658800000,2.5660000000,2.5880000000,2.5450000000,2.5530000000,26964.2679120000,69158.6225918160,69158.6225918160,1,DORA-USDT
2022-07-01 16:00:00,1656662400000,2.5520000000,2.5520000000,2.4830000000,2.5200000000,11215.0427570000,28155.6897400160,28155.6897400160,1,DORA-USDT
2022-07-01 17:00:00,1656666000000,2.5140000000,2.5220000000,2.4920000000,2.5050000000,9642.9784550000,24181.9820212140,24181.9820212140,1,DORA-USDT
2022-07-01 18:00:00,1656669600000,2.5090000000,2.5150000000,2.4830000000,2.5020000000,5739.5064530000,14346.6800783860,14346.6800783860,1,DORA-USDT
2022-07-01 19:00:00,1656673200000,2.4950000000,2.5000000000,2.4450000000,2.4800000000,46392.4539600000,114256.2397939010,114256.2397939010,1,DORA-USDT
2022-07-01 20:00:00,1656676800000,2.4800000000,2.6000000000,2.4740000000,2.5550000000,57707.2805140000,146169.7477568860,146169.7477568860,1,DORA-USDT
2022-07-01 21:00:00,1656680400000,2.5590000000,2.6030000000,2.5440000000,2.5970000000,30443.2705940000,78290.8679069180,78290.8679069180,1,DORA-USDT
2022-07-01 22:00:00,1656684000000,2.5970000000,2.6120000000,2.5720000000,2.5820000000,25801.0561240000,66777.3766332260,66777.3766332260,1,DORA-USDT
2022-07-01 23:00:00,1656687600000,2.5800000000,2.6220000000,2.5770000000,2.6220000000,22362.9362950000,58170.8580332310,58170.8580332310,1,DORA-USDT
2022-07-02 00:00:00,1656691200000,2.6180000000,2.7150000000,2.6070000000,2.6590000000,83426.4145490000,223169.9511333090,223169.9511333090,1,DORA-USDT
2022-07-02 01:00:00,1656694800000,2.6650000000,2.6920000000,2.6420000000,2.6800000000,31331.5286230000,83522.4508187160,83522.4508187160,1,DORA-USDT
2022-07-02 02:00:00,1656698400000,2.6820000000,2.7290000000,2.6750000000,2.6870000000,35728.5430450000,96521.2271709530,96521.2271709530,1,DORA-USDT
2022-07-02 03:00:00,1656702000000,2.6900000000,2.7040000000,2.6790000000,2.6930000000,21248.5469690000,57189.0592860310,57189.0592860310,1,DORA-USDT
2022-07-02 04:00:00,1656705600000,2.6980000000,2.7240000000,2.6870000000,2.6920000000,23352.3442420000,63248.6002916890,63248.6002916890,1,DORA-USDT
2022-07-02 05:00:00,1656709200000,2.6910000000,2.8000000000,2.6730000000,2.7680000000,55804.1228500000,153374.7278289180,153374.7278289180,1,DORA-USDT
2022-07-02 06:00:00,1656712800000,2.7680000000,2.7750000000,2.6950000000,2.6980000000,26446.5187210000,72255.7944197950,72255.7944197950,1,DORA-USDT
2022-07-02 07:00:00,1656716400000,2.6980000000,2.7060000000,2.6530000000,2.6710000000,36746.2356480000,98559.7524146280,98559.7524146280,1,DORA-USDT
2022-07-02 08:00:00,1656720000000,2.6660000000,2.6740000000,2.6140000000,2.6200000000,37571.4886800000,99169.9110242050,99169.9110242050,1,DORA-USDT
2022-07-02 09:00:00,1656723600000,2.6190000000,2.6390000000,2.5730000000,2.5750000000,38110.1829400000,99554.3817069060,99554.3817069060,1,DORA-USDT
2022-07-02 10:00:00,1656727200000,2.5770000000,2.6190000000,2.5640000000,2.5740000000,37798.0129240000,97893.0330952940,97893.0330952940,1,DORA-USDT
2022-07-02 11:00:00,1656730800000,2.5770000000,2.5820000000,2.5110000000,2.5220000000,52215.8138280000,132485.5435831560,132485.5435831560,1,DORA-USDT
2022-07-02 12:00:00,1656734400000,2.5210000000,2.5990000000,2.5190000000,2.5810000000,32303.3399840000,82629.2770528740,82629.2770528740,1,DORA-USDT
2022-07-02 13:00:00,1656738000000,2.5890000000,2.6800000000,2.5620000000,2.6230000000,68713.0139330000,180527.1746299680,180527.1746299680,1,DORA-USDT
2022-07-02 14:00:00,1656741600000,2.6260000000,2.7270000000,2.6230000000,2.7070000000,47537.2299590000,127278.3026225160,127278.3026225160,1,DORA-USDT
2022-07-02 15:00:00,1656745200000,2.7040000000,2.7490000000,2.6470000000,2.6480000000,40532.7073620000,109209.2873266070,109209.2873266070,1,DORA-USDT
2022-07-02 16:00:00,1656748800000,2.6450000000,2.7480000000,2.6450000000,2.6670000000,49835.7427130000,134724.0695441840,134724.0695441840,1,DORA-USDT
2022-07-02 17:00:00,1656752400000,2.6700000000,2.7140000000,2.6550000000,2.6780000000,56822.8190920000,152288.5902754780,152288.5902754780,1,DORA-USDT
2022-07-02 18:00:00,1656756000000,2.6750000000,2.7560000000,2.6670000000,2.7240000000,40334.4968880000,109622.7982315560,109622.7982315560,1,DORA-USDT
2022-07-02 19:00:00,1656759600000,2.7210000000,2.7250000000,2.6260000000,2.6960000000,43241.7092710000,115870.8167644090,115870.8167644090,1,DORA-USDT
2022-07-02 20:00:00,1656763200000,2.7000000000,2.7420000000,2.6920000000,2.7070000000,42786.2352160000,116036.1559967090,116036.1559967090,1,DORA-USDT
2022-07-02 21:00:00,1656766800000,2.7050000000,2.7170000000,2.6650000000,2.7080000000,36854.2291670000,99147.6226975020,99147.6226975020,1,DORA-USDT
2022-07-02 22:00:00,1656770400000,2.7070000000,2.7250000000,2.6700000000,2.6770000000,26614.1082310000,71869.0231361000,71869.0231361000,1,DORA-USDT
2022-07-02 23:00:00,1656774000000,2.6770000000,2.6870000000,2.6310000000,2.6850000000,31039.9700150000,82400.8746484800,82400.8746484800,1,DORA-USDT
2022-07-03 00:00:00,1656777600000,2.6840000000,2.7140000000,2.6810000000,2.7070000000,23002.6887710000,62059.2413656140,62059.2413656140,1,DORA-USDT
2022-07-03 01:00:00,1656781200000,2.7060000000,2.7060000000,2.6440000000,2.6520000000,23788.7305800000,63623.1352061930,63623.1352061930,1,DORA-USDT
2022-07-03 02:00:00,1656784800000,2.6550000000,2.6800000000,2.6430000000,2.6700000000,22578.5256030000,60082.5932957600,60082.5932957600,1,DORA-USDT
2022-07-03 03:00:00,1656788400000,2.6700000000,2.6860000000,2.6650000000,2.6700000000,17800.1173640000,47636.1230281300,47636.1230281300,1,DORA-USDT
2022-07-03 04:00:00,1656792000000,2.6720000000,2.6770000000,2.6540000000,2.6630000000,13393.5766560000,35673.4591416990,35673.4591416990,1,DORA-USDT
2022-07-03 05:00:00,1656795600000,2.6630000000,2.6990000000,2.6620000000,2.6910000000,17119.3381320000,45794.4314270030,45794.4314270030,1,DORA-USDT
2022-07-03 06:00:00,1656799200000,2.6930000000,2.7050000000,2.6760000000,2.6790000000,17830.9754110000,47993.4212679520,47993.4212679520,1,DORA-USDT
2022-07-03 07:00:00,1656802800000,2.6840000000,2.6920000000,2.6690000000,2.6760000000,14446.4246690000,38758.5142619190,38758.5142619190,1,DORA-USDT
2022-07-03 08:00:00,1656806400000,2.6850000000,2.6950000000,2.5880000000,2.5990000000,93151.7971910000,246108.9065847830,246108.9065847830,1,DORA-USDT
2022-07-03 09:00:00,1656810000000,2.5960000000,2.6940000000,2.5900000000,2.6390000000,61307.7409960000,161781.5258247370,161781.5258247370,1,DORA-USDT
2022-07-03 10:00:00,1656813600000,2.6380000000,2.6460000000,2.5900000000,2.6120000000,32429.8930720000,84797.5425051250,84797.5425051250,1,DORA-USDT
2022-07-03 11:00:00,1656817200000,2.6110000000,2.6580000000,2.5920000000,2.6420000000,27609.9469200000,72594.8272138120,72594.8272138120,1,DORA-USDT
2022-07-03 12:00:00,1656820800000,2.6430000000,2.6510000000,2.5670000000,2.5900000000,43368.3475510000,112880.2852098390,112880.2852098390,1,DORA-USDT
2022-07-03 13:00:00,1656824400000,2.5920000000,2.6080000000,2.5820000000,2.5830000000,20556.2005470000,53380.6677602850,53380.6677602850,1,DORA-USDT
2022-07-03 14:00:00,1656828000000,2.5850000000,2.5920000000,2.5740000000,2.5780000000,15039.0062690000,38825.7605581990,38825.7605581990,1,DORA-USDT
2022-07-03 15:00:00,1656831600000,2.5770000000,2.6000000000,2.5570000000,2.5780000000,24394.3920680000,62798.3542403770,62798.3542403770,1,DORA-USDT
2022-07-03 16:00:00,1656835200000,2.5790000000,2.5790000000,2.5570000000,2.5730000000,16085.6342970000,41292.3518462980,41292.3518462980,1,DORA-USDT
2022-07-03 17:00:00,1656838800000,2.5790000000,2.5970000000,2.5560000000,2.5910000000,24991.8156860000,64360.6479482580,64360.6479482580,1,DORA-USDT
2022-07-03 18:00:00,1656842400000,2.5880000000,2.6160000000,2.5840000000,2.5960000000,18481.8949110000,48080.3414563260,48080.3414563260,1,DORA-USDT
2022-07-03 19:00:00,1656846000000,2.5940000000,2.6080000000,2.5630000000,2.5750000000,18389.8977140000,47525.8789454380,47525.8789454380,1,DORA-USDT
2022-07-03 20:00:00,1656849600000,2.5760000000,2.5840000000,2.5730000000,2.5780000000,10052.6175980000,25916.5849135790,25916.5849135790,1,DORA-USDT
2022-07-03 21:00:00,1656853200000,2.5780000000,2.5830000000,2.5370000000,2.5490000000,17887.2253680000,45783.3510203580,45783.3510203580,1,DORA-USDT
2022-07-03 22:00:00,1656856800000,2.5450000000,2.5840000000,2.5430000000,2.5680000000,17190.6539970000,44110.4148871160,44110.4148871160,1,DORA-USDT
2022-07-03 23:00:00,1656860400000,2.5680000000,2.6180000000,2.5670000000,2.6090000000,20877.6143190000,54185.8071796390,54185.8071796390,1,DORA-USDT
2022-07-04 00:00:00,1656864000000,2.6100000000,2.6100000000,2.5420000000,2.5730000000,34604.5463280000,89014.8756928120,89014.8756928120,1,DORA-USDT
2022-07-04 01:00:00,1656867600000,2.5730000000,2.5800000000,2.5650000000,2.5790000000,10565.9182130000,27179.9384102590,27179.9384102590,1,DORA-USDT
2022-07-04 02:00:00,1656871200000,2.5810000000,2.5900000000,2.5580000000,2.5630000000,15062.4487740000,38812.3158223620,38812.3158223620,1,DORA-USDT
2022-07-04 03:00:00,1656874800000,2.5590000000,2.5720000000,2.5570000000,2.5700000000,10861.0863970000,27860.2706291600,27860.2706291600,1,DORA-USDT
2022-07-04 04:00:00,1656878400000,2.5690000000,2.6220000000,2.5690000000,2.6100000000,22384.0901030000,58234.9457913950,58234.9457913950,1,DORA-USDT
2022-07-04 05:00:00,1656882000000,2.6140000000,2.6180000000,2.5830000000,2.6050000000,22965.6946430000,59761.0852957890,59761.0852957890,1,DORA-USDT
2022-07-04 06:00:00,1656885600000,2.6040000000,2.6270000000,2.5790000000,2.5820000000,23914.6055340000,62342.7654162200,62342.7654162200,1,DORA-USDT
2022-07-04 07:00:00,1656889200000,2.5800000000,2.5990000000,2.5740000000,2.5960000000,20281.8912100000,52472.1446683560,52472.1446683560,1,DORA-USDT
2022-07-04 08:00:00,1656892800000,2.5970000000,2.6680000000,2.5830000000,2.6650000000,32615.8672000000,86058.3701202190,86058.3701202190,1,DORA-USDT
2022-07-04 09:00:00,1656896400000,2.6650000000,2.7140000000,2.6620000000,2.6680000000,36396.4477600000,97747.9975641610,97747.9975641610,1,DORA-USDT
2022-07-04 10:00:00,1656900000000,2.6680000000,2.6690000000,2.6290000000,2.6410000000,16672.4911950000,44176.1787048260,44176.1787048260,1,DORA-USDT
2022-07-04 11:00:00,1656903600000,2.6430000000,2.6480000000,2.6310000000,2.6350000000,13215.9095380000,34891.9364023770,34891.9364023770,1,DORA-USDT
2022-07-04 12:00:00,1656907200000,2.6340000000,2.6680000000,2.6310000000,2.6610000000,16711.2871410000,44335.3033346580,44335.3033346580,1,DORA-USDT
2022-07-04 13:00:00,1656910800000,2.6610000000,2.6940000000,2.6510000000,2.6830000000,17572.6316180000,47006.0251873740,47006.0251873740,1,DORA-USDT
2022-07-04 14:00:00,1656914400000,2.6850000000,2.7400000000,2.6790000000,2.6840000000,43652.5109160000,118384.1829451680,118384.1829451680,1,DORA-USDT
2022-07-04 15:00:00,1656918000000,2.6850000000,2.6930000000,2.6480000000,2.6530000000,18287.6670290000,48784.0898043200,48784.0898043200,1,DORA-USDT
2022-07-04 16:00:00,1656921600000,2.6590000000,2.6650000000,2.5850000000,2.5930000000,40050.4263980000,104659.1344951440,104659.1344951440,1,DORA-USDT
2022-07-04 17:00:00,1656925200000,2.5930000000,2.6450000000,2.5930000000,2.6410000000,32159.7265180000,84238.7031461480,84238.7031461480,1,DORA-USDT
2022-07-04 18:00:00,1656928800000,2.6410000000,2.6700000000,2.6350000000,2.6430000000,22921.5838460000,60779.4884683070,60779.4884683070,1,DORA-USDT
2022-07-04 19:00:00,1656932400000,2.6430000000,2.6850000000,2.6350000000,2.6810000000,26319.2610240000,69951.1281443160,69951.1281443160,1,DORA-USDT
2022-07-04 20:00:00,1656936000000,2.6820000000,2.6930000000,2.6570000000,2.6640000000,32501.9638080000,86851.0954886550,86851.0954886550,1,DORA-USDT
2022-07-04 21:00:00,1656939600000,2.6640000000,2.6680000000,2.6240000000,2.6360000000,21408.7566790000,56532.0324322630,56532.0324322630,1,DORA-USDT
2022-07-04 22:00:00,1656943200000,2.6380000000,2.6620000000,2.6300000000,2.6470000000,19409.8079840000,51388.1698465270,51388.1698465270,1,DORA-USDT
2022-07-04 23:00:00,1656946800000,2.6470000000,2.6970000000,2.6260000000,2.6620000000,41681.8880880000,110860.6958493460,110860.6958493460,1,DORA-USDT
2022-07-05 00:00:00,1656950400000,2.6620000000,2.7800000000,2.6510000000,2.7400000000,79686.7725360000,218246.6346502550,218246.6346502550,1,DORA-USDT
2022-07-05 01:00:00,1656954000000,2.7400000000,2.7790000000,2.7160000000,2.7690000000,26241.3769210000,72232.1160535080,72232.1160535080,1,DORA-USDT
2022-07-05 02:00:00,1656957600000,2.7720000000,2.8920000000,2.7690000000,2.8700000000,62809.8014260000,178636.5389904110,178636.5389904110,1,DORA-USDT
2022-07-05 03:00:00,1656961200000,2.8720000000,2.9110000000,2.8410000000,2.8490000000,39081.9589210000,112157.3436576890,112157.3436576890,1,DORA-USDT
2022-07-05 04:00:00,1656964800000,2.8490000000,2.8740000000,2.8150000000,2.8580000000,34505.3366730000,98189.9842576100,98189.9842576100,1,DORA-USDT
2022-07-05 05:00:00,1656968400000,2.8560000000,2.9100000000,2.8010000000,2.8400000000,50460.9395740000,143734.9166201660,143734.9166201660,1,DORA-USDT
2022-07-05 06:00:00,1656972000000,2.8490000000,2.8490000000,2.8110000000,2.8260000000,27358.6302390000,77339.7830287720,77339.7830287720,1,DORA-USDT
2022-07-05 07:00:00,1656975600000,2.8250000000,2.8920000000,2.8220000000,2.8900000000,24774.8182980000,70588.0782472090,70588.0782472090,1,DORA-USDT
2022-07-05 08:00:00,1656979200000,2.8920000000,2.9010000000,2.7750000000,2.8180000000,51262.7647350000,145774.2609887970,145774.2609887970,1,DORA-USDT
2022-07-05 09:00:00,1656982800000,2.8160000000,2.8270000000,2.7830000000,2.7960000000,22770.9735480000,63867.5267621160,63867.5267621160,1,DORA-USDT
2022-07-05 10:00:00,1656986400000,2.7950000000,2.7980000000,2.7510000000,2.7780000000,28442.1085150000,79086.4882886580,79086.4882886580,1,DORA-USDT
2022-07-05 11:00:00,1656990000000,2.7790000000,2.7870000000,2.7460000000,2.7580000000,32704.2578210000,90452.6598882700,90452.6598882700,1,DORA-USDT
2022-07-05 12:00:00,1656993600000,2.7590000000,2.7620000000,2.7440000000,2.7570000000,15203.1237950000,41850.0189707580,41850.0189707580,1,DORA-USDT
2022-07-05 13:00:00,1656997200000,2.7550000000,2.7750000000,2.7420000000,2.7430000000,28297.0569090000,78014.6527907680,78014.6527907680,1,DORA-USDT
2022-07-05 14:00:00,1657000800000,2.7430000000,2.7600000000,2.7380000000,2.7580000000,16986.9668140000,46710.4785337380,46710.4785337380,1,DORA-USDT
2022-07-05 15:00:00,1657004400000,2.7560000000,2.7620000000,2.7130000000,2.7250000000,28956.8119670000,79279.6662014640,79279.6662014640,1,DORA-USDT
2022-07-05 16:00:00,1657008000000,2.7260000000,2.7550000000,2.7000000000,2.7340000000,55459.2631170000,151096.9113527010,151096.9113527010,1,DORA-USDT
2022-07-05 17:00:00,1657011600000,2.7320000000,2.7430000000,2.7030000000,2.7400000000,34435.2936660000,93771.0423898060,93771.0423898060,1,DORA-USDT
2022-07-05 18:00:00,1657015200000,2.7410000000,2.7680000000,2.7340000000,2.7600000000,25922.7201880000,71356.4832024680,71356.4832024680,1,DORA-USDT
2022-07-05 19:00:00,1657018800000,2.7610000000,2.7640000000,2.7010000000,2.7010000000,31549.4280240000,86337.6932076530,86337.6932076530,1,DORA-USDT
2022-07-05 20:00:00,1657022400000,2.7010000000,2.7050000000,2.6020000000,2.6310000000,57529.1836440000,152520.5334974740,152520.5334974740,1,DORA-USDT
2022-07-05 21:00:00,1657026000000,2.6320000000,2.6610000000,2.6170000000,2.6530000000,22967.8293540000,60666.7841792360,60666.7841792360,1,DORA-USDT
2022-07-05 22:00:00,1657029600000,2.6480000000,2.6920000000,2.6450000000,2.6650000000,23010.2290940000,61488.9260221010,61488.9260221010,1,DORA-USDT
2022-07-05 23:00:00,1657033200000,2.6610000000,2.6990000000,2.6470000000,2.6930000000,30359.6982810000,81403.1207306680,81403.1207306680,1,DORA-USDT
2022-07-06 00:00:00,1657036800000,2.6940000000,2.8190000000,2.6900000000,2.7640000000,69688.6886650000,192195.9936371420,192195.9936371420,1,DORA-USDT
2022-07-06 01:00:00,1657040400000,2.7640000000,2.7780000000,2.7480000000,2.7760000000,22909.1335080000,63409.2488532720,63409.2488532720,1,DORA-USDT
2022-07-06 02:00:00,1657044000000,2.7770000000,2.7910000000,2.7500000000,2.7880000000,25722.4137900000,71310.3327543900,71310.3327543900,1,DORA-USDT
2022-07-06 03:00:00,1657047600000,2.7870000000,2.8160000000,2.7770000000,2.7910000000,18922.6256420000,52952.3166960370,52952.3166960370,1,DORA-USDT
2022-07-06 04:00:00,1657051200000,2.7900000000,2.8150000000,2.7570000000,2.7690000000,29597.9212960000,82599.9293974020,82599.9293974020,1,DORA-USDT
2022-07-06 05:00:00,1657054800000,2.7700000000,2.7760000000,2.7370000000,2.7610000000,22127.4782960000,60979.9931048560,60979.9931048560,1,DORA-USDT
2022-07-06 06:00:00,1657058400000,2.7590000000,2.7680000000,2.7300000000,2.7490000000,21554.3015510000,59217.7044173990,59217.7044173990,1,DORA-USDT
2022-07-06 07:00:00,1657062000000,2.7470000000,2.7510000000,2.7260000000,2.7300000000,16153.6025530000,44147.6971700820,44147.6971700820,1,DORA-USDT
2022-07-06 08:00:00,1657065600000,2.7340000000,2.7610000000,2.7260000000,2.7520000000,17581.5606860000,48225.4358711560,48225.4358711560,1,DORA-USDT
2022-07-06 09:00:00,1657069200000,2.7520000000,2.7520000000,2.6630000000,2.6740000000,32596.8279320000,88013.3060530630,88013.3060530630,1,DORA-USDT
2022-07-06 10:00:00,1657072800000,2.6760000000,2.7050000000,2.6750000000,2.6990000000,16484.6515890000,44361.3790427730,44361.3790427730,1,DORA-USDT
2022-07-06 11:00:00,1657076400000,2.6980000000,2.7160000000,2.6900000000,2.7060000000,14104.2021530000,38114.3855883130,38114.3855883130,1,DORA-USDT
2022-07-06 12:00:00,1657080000000,2.7100000000,2.7140000000,2.6670000000,2.6710000000,23718.1006560000,63860.7116050550,63860.7116050550,1,DORA-USDT
2022-07-06 13:00:00,1657083600000,2.6720000000,2.7050000000,2.6700000000,2.6960000000,23239.0907330000,62560.1933750190,62560.1933750190,1,DORA-USDT
2022-07-06 14:00:00,1657087200000,2.7000000000,2.7200000000,2.6840000000,2.7080000000,23999.6783360000,64818.8116091130,64818.8116091130,1,DORA-USDT
2022-07-06 15:00:00,1657090800000,2.7080000000,2.7360000000,2.7070000000,2.7260000000,14690.3389930000,39976.5764294110,39976.5764294110,1,DORA-USDT
2022-07-06 16:00:00,1657094400000,2.7340000000,2.8270000000,2.7260000000,2.8140000000,57877.7193100000,161558.9390569280,161558.9390569280,1,DORA-USDT
2022-07-06 17:00:00,1657098000000,2.8130000000,2.8330000000,2.7850000000,2.7920000000,28178.7099160000,79214.9675316040,79214.9675316040,1,DORA-USDT
2022-07-06 18:00:00,1657101600000,2.7950000000,2.7960000000,2.7490000000,2.7730000000,26355.5015670000,72995.0046890850,72995.0046890850,1,DORA-USDT
2022-07-06 19:00:00,1657105200000,2.7750000000,2.7820000000,2.7480000000,2.7560000000,17221.9315180000,47515.0179998850,47515.0179998850,1,DORA-USDT
2022-07-06 20:00:00,1657108800000,2.7550000000,2.7990000000,2.7410000000,2.7630000000,31477.3993290000,87237.2521256000,87237.2521256000,1,DORA-USDT
2022-07-06 21:00:00,1657112400000,2.7640000000,2.7920000000,2.7410000000,2.7730000000,35474.9127940000,98143.5439330000,98143.5439330000,1,DORA-USDT
2022-07-06 22:00:00,1657116000000,2.7760000000,2.7890000000,2.7440000000,2.7490000000,30065.3733930000,83050.5763751300,83050.5763751300,1,DORA-USDT
2022-07-06 23:00:00,1657119600000,2.7490000000,2.8970000000,2.7320000000,2.8750000000,58824.8818450000,165185.3228008050,165185.3228008050,1,DORA-USDT
2022-07-07 00:00:00,1657123200000,2.8720000000,2.9900000000,2.8270000000,2.8360000000,84757.4970370000,246253.5027264160,246253.5027264160,1,DORA-USDT
2022-07-07 01:00:00,1657126800000,2.8330000000,2.8430000000,2.7960000000,2.8200000000,24317.5937370000,68508.8665840490,68508.8665840490,1,DORA-USDT
2022-07-07 02:00:00,1657130400000,2.8180000000,2.8700000000,2.8090000000,2.8560000000,23615.2481860000,66860.6149192910,66860.6149192910,1,DORA-USDT
2022-07-07 03:00:00,1657134000000,2.8580000000,2.8950000000,2.8100000000,2.8120000000,25228.9782120000,72020.6599199620,72020.6599199620,1,DORA-USDT
2022-07-07 04:00:00,1657137600000,2.8130000000,2.8180000000,2.7820000000,2.7970000000,19678.2833170000,55097.5279914850,55097.5279914850,1,DORA-USDT
2022-07-07 05:00:00,1657141200000,2.7970000000,2.8050000000,2.7860000000,2.8000000000,14672.9357960000,41028.7901426580,41028.7901426580,1,DORA-USDT
2022-07-07 06:00:00,1657144800000,2.8040000000,2.8390000000,2.7940000000,2.8280000000,21849.4791000000,61453.9649688310,61453.9649688310,1,DORA-USDT
2022-07-07 07:00:00,1657148400000,2.8290000000,2.8770000000,2.8170000000,2.8520000000,22232.9892550000,63482.1529510830,63482.1529510830,1,DORA-USDT
2022-07-07 08:00:00,1657152000000,2.8430000000,2.9400000000,2.8380000000,2.8970000000,33855.8439430000,98324.6352934020,98324.6352934020,1,DORA-USDT
2022-07-07 09:00:00,1657155600000,2.9000000000,2.9110000000,2.8760000000,2.8840000000,23661.4253310000,68405.1356493190,68405.1356493190,1,DORA-USDT
2022-07-07 10:00:00,1657159200000,2.8820000000,2.8890000000,2.8430000000,2.8530000000,21265.7992710000,60844.5376298660,60844.5376298660,1,DORA-USDT
2022-07-07 11:00:00,1657162800000,2.8530000000,2.8800000000,2.8430000000,2.8630000000,18794.1532520000,53718.3293036300,53718.3293036300,1,DORA-USDT
2022-07-07 12:00:00,1657166400000,2.8630000000,2.8730000000,2.8520000000,2.8640000000,11665.8552910000,33396.3926040210,33396.3926040210,1,DORA-USDT
2022-07-07 13:00:00,1657170000000,2.8670000000,2.8770000000,2.8510000000,2.8600000000,12235.0682580000,35043.8300481870,35043.8300481870,1,DORA-USDT
2022-07-07 14:00:00,1657173600000,2.8590000000,2.8910000000,2.8520000000,2.8850000000,13786.8746360000,39558.3835483100,39558.3835483100,1,DORA-USDT
2022-07-07 15:00:00,1657177200000,2.8870000000,2.8920000000,2.8480000000,2.8840000000,17707.9963520000,50728.5202870770,50728.5202870770,1,DORA-USDT
2022-07-07 16:00:00,1657180800000,2.8850000000,2.8870000000,2.8590000000,2.8720000000,14396.8029250000,41334.5231637090,41334.5231637090,1,DORA-USDT
2022-07-07 17:00:00,1657184400000,2.8710000000,2.8750000000,2.8660000000,2.8690000000,2987.4450590000,8576.1271384820,8576.1271384820,1,DORA-USDT
2022-07-07 18:00:00,1657188000000,2.8680000000,2.8720000000,2.6100000000,2.8330000000,51425.4175870000,142436.6901299500,142436.6901299500,1,DORA-USDT
2022-07-07 19:00:00,1657191600000,2.8330000000,2.8400000000,2.7670000000,2.8290000000,39962.3715930000,112370.7974686680,112370.7974686680,1,DORA-USDT
2022-07-07 20:00:00,1657195200000,2.8290000000,2.8300000000,2.7930000000,2.8110000000,25465.3019690000,71430.2172785170,71430.2172785170,1,DORA-USDT
2022-07-07 21:00:00,1657198800000,2.8110000000,2.8440000000,2.7940000000,2.8330000000,21881.1496910000,61548.9217100030,61548.9217100030,1,DORA-USDT
2022-07-07 22:00:00,1657202400000,2.8390000000,2.8770000000,2.8340000000,2.8500000000,31417.5131820000,89573.3628742960,89573.3628742960,1,DORA-USDT
2022-07-07 23:00:00,1657206000000,2.8490000000,2.9570000000,2.8430000000,2.9530000000,36653.0992850000,106469.6460240810,106469.6460240810,1,DORA-USDT
2022-07-08 00:00:00,1657209600000,2.9530000000,2.9630000000,2.8710000000,2.8860000000,46737.4326530000,135742.7260159480,135742.7260159480,1,DORA-USDT
2022-07-08 01:00:00,1657213200000,2.8880000000,2.9550000000,2.8760000000,2.9300000000,28128.9985000000,82103.1493439710,82103.1493439710,1,DORA-USDT
2022-07-08 02:00:00,1657216800000,2.9280000000,2.9920000000,2.9270000000,2.9900000000,28327.3274390000,83797.7957263490,83797.7957263490,1,DORA-USDT
2022-07-08 03:00:00,1657220400000,2.9900000000,2.9910000000,2.8930000000,2.9130000000,41629.0768540000,121692.6982608530,121692.6982608530,1,DORA-USDT
2022-07-08 04:00:00,1657224000000,2.9130000000,2.9330000000,2.9000000000,2.9310000000,8338.3420340000,24299.3683672620,24299.3683672620,1,DORA-USDT
2022-07-08 05:00:00,1657227600000,2.9320000000,2.9380000000,2.8550000000,2.8550000000,21036.5857770000,60806.9619475890,60806.9619475890,1,DORA-USDT
2022-07-08 06:00:00,1657231200000,2.8540000000,2.8710000000,2.8010000000,2.8320000000,33708.4353770000,95339.0042939910,95339.0042939910,1,DORA-USDT
2022-07-08 07:00:00,1657234800000,2.8320000000,2.8760000000,2.8310000000,2.8580000000,22277.8807710000,63679.1804029100,63679.1804029100,1,DORA-USDT
2022-07-08 08:00:00,1657238400000,2.8520000000,2.8840000000,2.8270000000,2.8770000000,26364.4092080000,75173.7425463290,75173.7425463290,1,DORA-USDT
2022-07-08 09:00:00,1657242000000,2.8780000000,2.9250000000,2.8740000000,2.9070000000,32894.1921410000,95549.5445885210,95549.5445885210,1,DORA-USDT
2022-07-08 10:00:00,1657245600000,2.9110000000,2.9120000000,2.8610000000,2.8970000000,23749.4374390000,68564.0053077550,68564.0053077550,1,DORA-USDT
2022-07-08 11:00:00,1657249200000,2.8960000000,2.9780000000,2.8900000000,2.9450000000,35767.9263020000,105449.1118412020,105449.1118412020,1,DORA-USDT
2022-07-08 12:00:00,1657252800000,2.9440000000,2.9790000000,2.9160000000,2.9160000000,25227.3554610000,74206.5197079130,74206.5197079130,1,DORA-USDT
2022-07-08 13:00:00,1657256400000,2.9180000000,2.9650000000,2.9030000000,2.9460000000,28550.2024740000,83848.5798642680,83848.5798642680,1,DORA-USDT
2022-07-08 14:00:00,1657260000000,2.9460000000,3.0680000000,2.9240000000,3.0200000000,67717.3744830000,203524.3632869750,203524.3632869750,1,DORA-USDT
2022-07-08 15:00:00,1657263600000,3.0180000000,3.0210000000,2.9290000000,2.9760000000,31471.7434280000,93503.3604754800,93503.3604754800,1,DORA-USDT
2022-07-08 16:00:00,1657267200000,2.9760000000,2.9760000000,2.8880000000,2.8930000000,38006.1471080000,111622.7536404310,111622.7536404310,1,DORA-USDT
2022-07-08 17:00:00,1657270800000,2.8950000000,2.8980000000,2.7850000000,2.8340000000,36555.7043020000,103738.4673473720,103738.4673473720,1,DORA-USDT
2022-07-08 18:00:00,1657274400000,2.8330000000,2.8550000000,2.8090000000,2.8100000000,26562.7904270000,75227.9256517100,75227.9256517100,1,DORA-USDT
2022-07-08 19:00:00,1657278000000,2.8100000000,2.8310000000,2.8070000000,2.8290000000,12740.3742960000,35906.8739228010,35906.8739228010,1,DORA-USDT
2022-07-08 20:00:00,1657281600000,2.8300000000,2.8490000000,2.7540000000,2.7570000000,34945.9915360000,97903.0717879260,97903.0717879260,1,DORA-USDT
2022-07-08 21:00:00,1657285200000,2.7580000000,2.7810000000,2.7440000000,2.7530000000,24600.8215330000,67946.7168722050,67946.7168722050,1,DORA-USDT
2022-07-08 22:00:00,1657288800000,2.7520000000,2.8050000000,2.7480000000,2.7900000000,21680.1804770000,60323.4928749930,60323.4928749930,1,DORA-USDT
2022-07-08 23:00:00,1657292400000,2.7900000000,2.8890000000,2.7890000000,2.8890000000,28847.3586480000,81558.0035558600,81558.0035558600,1,DORA-USDT
2022-07-09 00:00:00,1657296000000,2.8720000000,2.8730000000,2.8080000000,2.8120000000,21345.4201550000,60273.9675087760,60273.9675087760,1,DORA-USDT
2022-07-09 01:00:00,1657299600000,2.8160000000,2.8510000000,2.8110000000,2.8500000000,16913.0366600000,48001.8066586310,48001.8066586310,1,DORA-USDT
2022-07-09 02:00:00,1657303200000,2.8480000000,2.8680000000,2.8310000000,2.8640000000,15730.9303980000,44807.0579872550,44807.0579872550,1,DORA-USDT
2022-07-09 03:00:00,1657306800000,2.8610000000,2.8950000000,2.8460000000,2.8480000000,17146.9446190000,49130.7309005060,49130.7309005060,1,DORA-USDT
2022-07-09 04:00:00,1657310400000,2.8480000000,2.8600000000,2.8400000000,2.8510000000,11619.9637780000,33126.0673394820,33126.0673394820,1,DORA-USDT
2022-07-09 05:00:00,1657314000000,2.8520000000,2.8600000000,2.8510000000,2.8570000000,3334.4592280000,9524.5861322160,9524.5861322160,1,DORA-USDT
2022-07-09 06:00:00,1657317600000,2.8570000000,2.8590000000,2.8410000000,2.8440000000,8005.7464160000,22827.0011365420,22827.0011365420,1,DORA-USDT
2022-07-09 07:00:00,1657321200000,2.8440000000,2.8790000000,2.8370000000,2.8580000000,15156.8735160000,43306.1751506790,43306.1751506790,1,DORA-USDT
2022-07-09 08:00:00,1657324800000,2.8640000000,2.8780000000,2.8120000000,2.8140000000,23098.7778550000,65722.2176149290,65722.2176149290,1,DORA-USDT
2022-07-09 09:00:00,1657328400000,2.8130000000,2.8220000000,2.7520000000,2.7560000000,34327.0552620000,95173.2915851990,95173.2915851990,1,DORA-USDT
2022-07-09 10:00:00,1657332000000,2.7560000000,2.7970000000,2.7550000000,2.7970000000,15242.3353400000,42270.2117337730,42270.2117337730,1,DORA-USDT
2022-07-09 11:00:00,1657335600000,2.7970000000,2.8250000000,2.7880000000,2.8050000000,17921.3875640000,50252.9649982410,50252.9649982410,1,DORA-USDT
2022-07-09 12:00:00,1657339200000,2.8040000000,2.8090000000,2.7970000000,2.8060000000,7717.2780500000,21638.8389780870,21638.8389780870,1,DORA-USDT
2022-07-09 13:00:00,1657342800000,2.8050000000,2.8100000000,2.7970000000,2.8030000000,9714.1069440000,27242.8569835240,27242.8569835240,1,DORA-USDT
2022-07-09 14:00:00,1657346400000,2.8030000000,2.8600000000,2.7980000000,2.8510000000,18262.5581680000,51691.5714759380,51691.5714759380,1,DORA-USDT
2022-07-09 15:00:00,1657350000000,2.8510000000,2.8890000000,2.8310000000,2.8650000000,26792.2087320000,76606.3413384090,76606.3413384090,1,DORA-USDT
2022-07-09 16:00:00,1657353600000,2.8570000000,2.8990000000,2.8360000000,2.8510000000,32871.4430400000,94140.9826149680,94140.9826149680,1,DORA-USDT
2022-07-09 17:00:00,1657357200000,2.8510000000,2.8620000000,2.8460000000,2.8540000000,9182.9718310000,26213.0984741060,26213.0984741060,1,DORA-USDT
2022-07-09 18:00:00,1657360800000,2.8540000000,2.8700000000,2.8510000000,2.8670000000,10670.0909110000,30540.3169568400,30540.3169568400,1,DORA-USDT
2022-07-09 19:00:00,1657364400000,2.8680000000,2.8680000000,2.8390000000,2.8390000000,7753.0830740000,22140.3462455480,22140.3462455480,1,DORA-USDT
2022-07-09 20:00:00,1657368000000,2.8390000000,2.8390000000,2.7940000000,2.8090000000,24817.1789350000,69808.4578542960,69808.4578542960,1,DORA-USDT
2022-07-09 21:00:00,1657371600000,2.8090000000,2.8290000000,2.8070000000,2.8130000000,10882.3590390000,30679.9132491070,30679.9132491070,1,DORA-USDT
2022-07-09 22:00:00,1657375200000,2.8130000000,2.9240000000,2.8060000000,2.9020000000,36847.0496300000,105986.9757418270,105986.9757418270,1,DORA-USDT
2022-07-09 23:00:00,1657378800000,2.8990000000,2.9200000000,2.8380000000,2.9060000000,46395.9989560000,133314.6089893130,133314.6089893130,1,DORA-USDT
2022-07-10 00:00:00,1657382400000,2.9010000000,3.0500000000,2.8900000000,2.9080000000,59264.4109270000,175022.1104697390,175022.1104697390,1,DORA-USDT
2022-07-10 01:00:00,1657386000000,2.9080000000,2.9200000000,2.8670000000,2.8900000000,36242.6138500000,104708.2906692930,104708.2906692930,1,DORA-USDT
2022-07-10 02:00:00,1657389600000,2.8890000000,2.8940000000,2.8770000000,2.8820000000,11423.8905350000,32976.1040158430,32976.1040158430,1,DORA-USDT
2022-07-10 03:00:00,1657393200000,2.8820000000,2.8860000000,2.8540000000,2.8550000000,13991.7192120000,40066.5675859400,40066.5675859400,1,DORA-USDT
2022-07-10 04:00:00,1657396800000,2.8540000000,2.8580000000,2.8330000000,2.8330000000,8347.8311850000,23722.5578483000,23722.5578483000,1,DORA-USDT
2022-07-10 05:00:00,1657400400000,2.8340000000,2.8500000000,2.8310000000,2.8400000000,12256.1980330000,34857.0795726420,34857.0795726420,1,DORA-USDT
2022-07-10 06:00:00,1657404000000,2.8420000000,2.8510000000,2.8280000000,2.8330000000,17298.4406410000,49118.8345123810,49118.8345123810,1,DORA-USDT
2022-07-10 07:00:00,1657407600000,2.8360000000,2.8490000000,2.8100000000,2.8220000000,21483.6392450000,60740.9170553210,60740.9170553210,1,DORA-USDT
2022-07-10 08:00:00,1657411200000,2.8230000000,2.8230000000,2.7560000000,2.7770000000,26157.7929070000,72957.0687760860,72957.0687760860,1,DORA-USDT
2022-07-10 09:00:00,1657414800000,2.7770000000,2.8400000000,2.7690000000,2.7850000000,26576.4155460000,74405.4434146900,74405.4434146900,1,DORA-USDT
2022-07-10 10:00:00,1657418400000,2.7850000000,2.8040000000,2.7230000000,2.7520000000,33330.8782700000,92028.0097605600,92028.0097605600,1,DORA-USDT
2022-07-10 11:00:00,1657422000000,2.7510000000,2.7950000000,2.7500000000,2.7580000000,14313.3000500000,39553.7839374020,39553.7839374020,1,DORA-USDT
2022-07-10 12:00:00,1657425600000,2.7560000000,2.7890000000,2.7560000000,2.7850000000,14393.0724180000,39948.5559479550,39948.5559479550,1,DORA-USDT
2022-07-10 13:00:00,1657429200000,2.7860000000,2.8470000000,2.7830000000,2.8120000000,14360.6201410000,40423.8260244370,40423.8260244370,1,DORA-USDT
2022-07-10 14:00:00,1657432800000,2.8120000000,2.8120000000,2.7920000000,2.8020000000,15156.7575180000,42420.5624827410,42420.5624827410,1,DORA-USDT
2022-07-10 15:00:00,1657436400000,2.8030000000,2.8070000000,2.7700000000,2.7750000000,15940.7121250000,44481.9035031470,44481.9035031470,1,DORA-USDT
2022-07-10 16:00:00,1657440000000,2.7750000000,2.7900000000,2.7700000000,2.7740000000,12750.2078430000,35473.2758064620,35473.2758064620,1,DORA-USDT
2022-07-10 17:00:00,1657443600000,2.7730000000,2.7860000000,2.7710000000,2.7830000000,11189.0727700000,31104.9131035960,31104.9131035960,1,DORA-USDT
2022-07-10 18:00:00,1657447200000,2.7830000000,2.7860000000,2.7800000000,2.7830000000,3898.9745490000,10853.3846578620,10853.3846578620,1,DORA-USDT
2022-07-10 19:00:00,1657450800000,2.7830000000,2.7880000000,2.7800000000,2.7820000000,4734.0587970000,13179.0495391000,13179.0495391000,1,DORA-USDT
2022-07-10 20:00:00,1657454400000,2.7830000000,2.8380000000,2.7820000000,2.8330000000,12194.0363890000,34228.1142497590,34228.1142497590,1,DORA-USDT
2022-07-10 21:00:00,1657458000000,2.8380000000,2.8380000000,2.7890000000,2.7940000000,17499.0812180000,49213.9609674510,49213.9609674510,1,DORA-USDT
2022-07-10 22:00:00,1657461600000,2.7940000000,2.7970000000,2.7580000000,2.7590000000,13510.9770070000,37476.0962300300,37476.0962300300,1,DORA-USDT
2022-07-10 23:00:00,1657465200000,2.7580000000,2.7580000000,2.7270000000,2.7560000000,20339.5341270000,55772.0030030710,55772.0030030710,1,DORA-USDT
2022-07-11 00:00:00,1657468800000,2.7530000000,2.7880000000,2.6900000000,2.7690000000,48738.6015370000,133078.1470146330,133078.1470146330,1,DORA-USDT
2022-07-11 01:00:00,1657472400000,2.7700000000,2.7810000000,2.7650000000,2.7730000000,10918.4932680000,30278.8115940320,30278.8115940320,1,DORA-USDT
2022-07-11 02:00:00,1657476000000,2.7740000000,2.7890000000,2.7720000000,2.7830000000,11558.5175210000,32128.4723197860,32128.4723197860,1,DORA-USDT
2022-07-11 03:00:00,1657479600000,2.7830000000,2.7830000000,2.7520000000,2.7710000000,14270.7180480000,39485.6630234240,39485.6630234240,1,DORA-USDT
2022-07-11 04:00:00,1657483200000,2.7710000000,2.7780000000,2.7540000000,2.7670000000,11835.4523330000,32769.9616001840,32769.9616001840,1,DORA-USDT
2022-07-11 05:00:00,1657486800000,2.7650000000,2.7900000000,2.7600000000,2.7770000000,17250.5837190000,47911.9976675920,47911.9976675920,1,DORA-USDT
2022-07-11 06:00:00,1657490400000,2.7760000000,2.8920000000,2.7680000000,2.8160000000,65799.6724510000,186824.8636540210,186824.8636540210,1,DORA-USDT
2022-07-11 07:00:00,1657494000000,2.8160000000,2.8290000000,2.7980000000,2.8040000000,15117.2932100000,42526.7247039540,42526.7247039540,1,DORA-USDT
2022-07-11 08:00:00,1657497600000,2.8020000000,2.8850000000,2.7940000000,2.8440000000,40485.1978080000,114923.0244647840,114923.0244647840,1,DORA-USDT
2022-07-11 09:00:00,1657501200000,2.8440000000,2.8440000000,2.7700000000,2.7880000000,25853.3628020000,72429.2468754970,72429.2468754970,1,DORA-USDT
2022-07-11 10:00:00,1657504800000,2.7880000000,2.8060000000,2.7840000000,2.7990000000,9846.8899380000,27538.8306759710,27538.8306759710,1,DORA-USDT
2022-07-11 11:00:00,1657508400000,2.7990000000,2.8220000000,2.7930000000,2.8190000000,10326.5048030000,29028.3134098730,29028.3134098730,1,DORA-USDT
2022-07-11 12:00:00,1657512000000,2.8160000000,2.8220000000,2.7920000000,2.8040000000,15376.9307280000,43126.3978470980,43126.3978470980,1,DORA-USDT
2022-07-11 13:00:00,1657515600000,2.8040000000,2.8080000000,2.7950000000,2.7970000000,7534.8569820000,21107.3305737910,21107.3305737910,1,DORA-USDT
2022-07-11 14:00:00,1657519200000,2.7970000000,2.8050000000,2.7880000000,2.7940000000,9136.6397880000,25531.1301614750,25531.1301614750,1,DORA-USDT
2022-07-11 15:00:00,1657522800000,2.7910000000,2.8060000000,2.7900000000,2.7940000000,8659.3986780000,24231.0311529210,24231.0311529210,1,DORA-USDT
2022-07-11 16:00:00,1657526400000,2.7950000000,2.8030000000,2.7730000000,2.8020000000,13993.7549920000,38978.9746170510,38978.9746170510,1,DORA-USDT
2022-07-11 17:00:00,1657530000000,2.8020000000,2.8280000000,2.7840000000,2.7840000000,22024.2118830000,61736.6343084180,61736.6343084180,1,DORA-USDT
2022-07-11 18:00:00,1657533600000,2.7840000000,2.7900000000,2.7740000000,2.7740000000,6764.7956380000,18827.2557004350,18827.2557004350,1,DORA-USDT
2022-07-11 19:00:00,1657537200000,2.7750000000,2.7810000000,2.7560000000,2.7590000000,7338.6168490000,20328.9998976770,20328.9998976770,1,DORA-USDT
2022-07-11 20:00:00,1657540800000,2.7590000000,2.7720000000,2.7500000000,2.7700000000,12145.5191020000,33522.0458556070,33522.0458556070,1,DORA-USDT
2022-07-11 21:00:00,1657544400000,2.7710000000,2.7760000000,2.3930000000,2.5140000000,152378.9129640000,386988.4344308900,386988.4344308900,1,DORA-USDT
2022-07-11 22:00:00,1657548000000,2.5140000000,2.5300000000,2.4680000000,2.5200000000,56573.2517450000,141865.5698557960,141865.5698557960,1,DORA-USDT
2022-07-11 23:00:00,1657551600000,2.5190000000,2.5510000000,2.5180000000,2.5510000000,14250.7505720000,36143.2946927870,36143.2946927870,1,DORA-USDT
2022-07-12 00:00:00,1657555200000,2.5500000000,2.5510000000,2.4760000000,2.5260000000,49657.7446030000,124674.6237628730,124674.6237628730,1,DORA-USDT
2022-07-12 01:00:00,1657558800000,2.5260000000,2.5340000000,2.5160000000,2.5180000000,14282.9613700000,36057.2474847550,36057.2474847550,1,DORA-USDT
2022-07-12 02:00:00,1657562400000,2.5170000000,2.5180000000,2.4870000000,2.4890000000,12266.6477930000,30688.1675889900,30688.1675889900,1,DORA-USDT
2022-07-12 03:00:00,1657566000000,2.4870000000,2.4870000000,2.4560000000,2.4610000000,17597.0774810000,43448.7442299380,43448.7442299380,1,DORA-USDT
2022-07-12 04:00:00,1657569600000,2.4600000000,2.4650000000,2.4140000000,2.4380000000,26614.8467710000,64916.2657344930,64916.2657344930,1,DORA-USDT
2022-07-12 05:00:00,1657573200000,2.4410000000,2.4440000000,2.4210000000,2.4230000000,18650.1661310000,45374.9559753490,45374.9559753490,1,DORA-USDT
2022-07-12 06:00:00,1657576800000,2.4240000000,2.4240000000,2.3700000000,2.3740000000,26969.5756020000,64542.6100615920,64542.6100615920,1,DORA-USDT
2022-07-12 07:00:00,1657580400000,2.3740000000,2.3940000000,2.3420000000,2.3940000000,40340.4033390000,95535.4414455220,95535.4414455220,1,DORA-USDT
2022-07-12 08:00:00,1657584000000,2.3860000000,2.3920000000,2.3660000000,2.3830000000,22058.8948820000,52484.9246068020,52484.9246068020,1,DORA-USDT
2022-07-12 09:00:00,1657587600000,2.3840000000,2.4130000000,2.3810000000,2.4030000000,14883.9124110000,35722.3378839570,35722.3378839570,1,DORA-USDT
2022-07-12 10:00:00,1657591200000,2.4020000000,2.4070000000,2.3880000000,2.3910000000,8861.5661630000,21249.6910638950,21249.6910638950,1,DORA-USDT
2022-07-12 11:00:00,1657594800000,2.3910000000,2.3910000000,2.3610000000,2.3730000000,14902.8586880000,35347.0654675570,35347.0654675570,1,DORA-USDT
2022-07-12 12:00:00,1657598400000,2.3730000000,2.4100000000,2.3680000000,2.4060000000,20874.7625640000,49872.2272888810,49872.2272888810,1,DORA-USDT
2022-07-12 13:00:00,1657602000000,2.4050000000,2.4110000000,2.3870000000,2.3880000000,13490.0752000000,32426.5486180080,32426.5486180080,1,DORA-USDT
2022-07-12 14:00:00,1657605600000,2.3890000000,2.3890000000,2.3670000000,2.3720000000,15012.3935080000,35715.7713514250,35715.7713514250,1,DORA-USDT
2022-07-12 15:00:00,1657609200000,2.3730000000,2.3760000000,2.3460000000,2.3720000000,21172.1321010000,50012.5486610420,50012.5486610420,1,DORA-USDT
2022-07-12 16:00:00,1657612800000,2.3710000000,2.3750000000,2.3400000000,2.3530000000,17125.7712330000,40423.2899400820,40423.2899400820,1,DORA-USDT
2022-07-12 17:00:00,1657616400000,2.3520000000,2.3630000000,2.3140000000,2.3180000000,28464.4547280000,66576.5151379280,66576.5151379280,1,DORA-USDT
2022-07-12 18:00:00,1657620000000,2.3190000000,2.3550000000,2.3190000000,2.3340000000,25513.2944790000,59662.7178281140,59662.7178281140,1,DORA-USDT
2022-07-12 19:00:00,1657623600000,2.3320000000,2.3720000000,2.3320000000,2.3670000000,14612.9245940000,34460.3178652630,34460.3178652630,1,DORA-USDT
2022-07-12 20:00:00,1657627200000,2.3670000000,2.3880000000,2.3610000000,2.3800000000,11778.9152300000,28003.9562369050,28003.9562369050,1,DORA-USDT
2022-07-12 21:00:00,1657630800000,2.3790000000,2.4020000000,2.3770000000,2.3800000000,13888.8084940000,33165.7652833280,33165.7652833280,1,DORA-USDT
2022-07-12 22:00:00,1657634400000,2.3800000000,2.4080000000,2.3720000000,2.4030000000,16233.7588440000,38872.0799691030,38872.0799691030,1,DORA-USDT
2022-07-12 23:00:00,1657638000000,2.4020000000,2.4560000000,2.4010000000,2.4280000000,27786.0360780000,67319.4838221640,67319.4838221640,1,DORA-USDT
2022-07-13 00:00:00,1657641600000,2.4280000000,2.4990000000,2.4280000000,2.4660000000,43715.4289620000,107867.6013901270,107867.6013901270,1,DORA-USDT
2022-07-13 01:00:00,1657645200000,2.4660000000,2.4660000000,2.4100000000,2.4450000000,21317.3410340000,51938.0177264040,51938.0177264040,1,DORA-USDT
2022-07-13 02:00:00,1657648800000,2.4450000000,2.4730000000,2.4350000000,2.4480000000,21963.8594370000,53947.4763031690,53947.4763031690,1,DORA-USDT
2022-07-13 03:00:00,1657652400000,2.4440000000,2.4850000000,2.4370000000,2.4830000000,30408.5260300000,74882.3274994060,74882.3274994060,1,DORA-USDT
2022-07-13 04:00:00,1657656000000,2.4840000000,2.4960000000,2.4460000000,2.4620000000,24692.0139910000,60969.1395569300,60969.1395569300,1,DORA-USDT
2022-07-13 05:00:00,1657659600000,2.4630000000,2.4640000000,2.4260000000,2.4300000000,27266.1869420000,66674.9308271960,66674.9308271960,1,DORA-USDT
2022-07-13 06:00:00,1657663200000,2.4320000000,2.4470000000,2.3970000000,2.4080000000,23378.2090330000,56690.5704722330,56690.5704722330,1,DORA-USDT
2022-07-13 07:00:00,1657666800000,2.4090000000,2.4210000000,2.3740000000,2.3830000000,21148.8784030000,50690.3543583170,50690.3543583170,1,DORA-USDT
2022-07-13 08:00:00,1657670400000,2.3800000000,2.4300000000,2.3570000000,2.3870000000,21177.4933700000,50288.8619383740,50288.8619383740,1,DORA-USDT
2022-07-13 09:00:00,1657674000000,2.3890000000,2.3890000000,2.3770000000,2.3870000000,9739.7512890000,23214.2099648900,23214.2099648900,1,DORA-USDT
2022-07-13 10:00:00,1657677600000,2.3870000000,2.4150000000,2.3860000000,2.4130000000,14615.1550290000,35173.1117840390,35173.1117840390,1,DORA-USDT
2022-07-13 11:00:00,1657681200000,2.4110000000,2.4230000000,2.4110000000,2.4170000000,9530.1549340000,23045.9864112490,23045.9864112490,1,DORA-USDT
2022-07-13 12:00:00,1657684800000,2.4170000000,2.4270000000,2.4140000000,2.4230000000,5594.8401260000,13542.4801236780,13542.4801236780,1,DORA-USDT
2022-07-13 13:00:00,1657688400000,2.4230000000,2.4270000000,2.4060000000,2.4070000000,8766.5562810000,21189.7754495160,21189.7754495160,1,DORA-USDT
2022-07-13 14:00:00,1657692000000,2.4050000000,2.4130000000,2.3890000000,2.3940000000,10618.9492510000,25456.1518877280,25456.1518877280,1,DORA-USDT
2022-07-13 15:00:00,1657695600000,2.3940000000,2.4330000000,2.3900000000,2.4290000000,14711.0452170000,35380.3090597650,35380.3090597650,1,DORA-USDT
2022-07-13 16:00:00,1657699200000,2.4260000000,2.4480000000,2.4230000000,2.4440000000,15881.3200090000,38650.4932170010,38650.4932170010,1,DORA-USDT
2022-07-13 17:00:00,1657702800000,2.4440000000,2.4480000000,2.4030000000,2.4190000000,18441.2443660000,44767.7230738170,44767.7230738170,1,DORA-USDT
2022-07-13 18:00:00,1657706400000,2.4180000000,2.4400000000,2.4030000000,2.4400000000,17845.8575270000,43212.2061963400,43212.2061963400,1,DORA-USDT
2022-07-13 19:00:00,1657710000000,2.4390000000,2.4740000000,2.4360000000,2.4660000000,12432.1046720000,30496.9279610320,30496.9279610320,1,DORA-USDT
2022-07-13 20:00:00,1657713600000,2.4650000000,2.4990000000,2.3170000000,2.3490000000,71107.8137140000,169761.6661513940,169761.6661513940,1,DORA-USDT
2022-07-13 21:00:00,1657717200000,2.3460000000,2.3620000000,2.3010000000,2.3520000000,32196.7531960000,75444.1901196850,75444.1901196850,1,DORA-USDT
2022-07-13 22:00:00,1657720800000,2.3480000000,2.3760000000,2.3410000000,2.3740000000,24517.1988760000,57870.3290306890,57870.3290306890,1,DORA-USDT
2022-07-13 23:00:00,1657724400000,2.3750000000,2.3880000000,2.3390000000,2.3390000000,18739.6989180000,44391.8301819720,44391.8301819720,1,DORA-USDT
2022-07-14 00:00:00,1657728000000,2.3390000000,2.4920000000,2.3240000000,2.4530000000,82598.4955110000,200857.6081947170,200857.6081947170,1,DORA-USDT
2022-07-14 01:00:00,1657731600000,2.4530000000,2.4880000000,2.4310000000,2.4650000000,50622.5215200000,124527.0615377210,124527.0615377210,1,DORA-USDT
2022-07-14 02:00:00,1657735200000,2.4610000000,2.4740000000,2.3980000000,2.4280000000,43904.7339110000,107467.0128676800,107467.0128676800,1,DORA-USDT
2022-07-14 03:00:00,1657738800000,2.4290000000,2.4400000000,2.3730000000,2.3790000000,35056.3988300000,84475.0329297780,84475.0329297780,1,DORA-USDT
2022-07-14 04:00:00,1657742400000,2.3780000000,2.3910000000,2.3290000000,2.3320000000,30735.2208640000,72399.4686086110,72399.4686086110,1,DORA-USDT
2022-07-14 05:00:00,1657746000000,2.3330000000,2.3900000000,2.3320000000,2.3840000000,26619.5173870000,62863.8312602550,62863.8312602550,1,DORA-USDT
2022-07-14 06:00:00,1657749600000,2.3880000000,2.3950000000,2.3650000000,2.3890000000,16829.6594380000,40028.8979370660,40028.8979370660,1,DORA-USDT
2022-07-14 07:00:00,1657753200000,2.3880000000,2.4220000000,2.3750000000,2.4050000000,25028.8004450000,59999.9765415290,59999.9765415290,1,DORA-USDT
2022-07-14 08:00:00,1657756800000,2.4050000000,2.4270000000,2.3670000000,2.4230000000,51158.5343130000,122497.8031555400,122497.8031555400,1,DORA-USDT
2022-07-14 09:00:00,1657760400000,2.4210000000,2.4670000000,2.4150000000,2.4340000000,38876.6943470000,94769.7067588440,94769.7067588440,1,DORA-USDT
2022-07-14 10:00:00,1657764000000,2.4350000000,2.4650000000,2.4290000000,2.4600000000,36159.4062410000,88451.4539197520,88451.4539197520,1,DORA-USDT
2022-07-14 11:00:00,1657767600000,2.4600000000,2.4680000000,2.4220000000,2.4270000000,19329.6553240000,47201.6574068350,47201.6574068350,1,DORA-USDT
2022-07-14 12:00:00,1657771200000,2.4270000000,2.4620000000,2.4250000000,2.4410000000,18728.1033110000,45853.6111953930,45853.6111953930,1,DORA-USDT
2022-07-14 13:00:00,1657774800000,2.4430000000,2.4470000000,2.4350000000,2.4420000000,7492.7508240000,18291.8649124990,18291.8649124990,1,DORA-USDT
2022-07-14 14:00:00,1657778400000,2.4420000000,2.4530000000,2.4080000000,2.4140000000,25481.4477170000,61864.7181569240,61864.7181569240,1,DORA-USDT
2022-07-14 15:00:00,1657782000000,2.4130000000,2.4160000000,2.3820000000,2.3960000000,14757.0444450000,35390.4089802900,35390.4089802900,1,DORA-USDT
2022-07-14 16:00:00,1657785600000,2.3990000000,2.4340000000,2.3730000000,2.3830000000,41014.4482740000,98605.1706289730,98605.1706289730,1,DORA-USDT
2022-07-14 17:00:00,1657789200000,2.3840000000,2.4190000000,2.3820000000,2.4120000000,6274.5685130000,15094.6698525120,15094.6698525120,1,DORA-USDT
2022-07-14 18:00:00,1657792800000,2.4100000000,2.4360000000,2.4090000000,2.4150000000,19205.8817400000,46504.9497827560,46504.9497827560,1,DORA-USDT
2022-07-14 19:00:00,1657796400000,2.4130000000,2.4170000000,2.4100000000,2.4130000000,7510.8707120000,18128.5848375460,18128.5848375460,1,DORA-USDT
2022-07-14 20:00:00,1657800000000,2.4120000000,2.4180000000,2.3930000000,2.4050000000,9256.7582060000,22297.4660238500,22297.4660238500,1,DORA-USDT
2022-07-14 21:00:00,1657803600000,2.4030000000,2.4070000000,2.3860000000,2.3970000000,12303.2543740000,29507.5587697580,29507.5587697580,1,DORA-USDT
2022-07-14 22:00:00,1657807200000,2.4020000000,2.4140000000,2.3960000000,2.4110000000,11512.0822650000,27686.0516232270,27686.0516232270,1,DORA-USDT
2022-07-14 23:00:00,1657810800000,2.4100000000,2.4350000000,2.4030000000,2.4280000000,15936.1677000000,38528.1121133170,38528.1121133170,1,DORA-USDT
2022-07-15 00:00:00,1657814400000,2.4310000000,2.4330000000,2.3950000000,2.4180000000,19180.1797600000,46292.6915879440,46292.6915879440,1,DORA-USDT
2022-07-15 01:00:00,1657818000000,2.4170000000,2.4610000000,2.4160000000,2.4580000000,16907.3798150000,41238.3653203960,41238.3653203960,1,DORA-USDT
2022-07-15 02:00:00,1657821600000,2.4580000000,2.4920000000,2.4560000000,2.4850000000,14747.2809880000,36579.2932972120,36579.2932972120,1,DORA-USDT
2022-07-15 03:00:00,1657825200000,2.4850000000,2.4880000000,2.4670000000,2.4770000000,12815.9336190000,31729.4383138990,31729.4383138990,1,DORA-USDT
2022-07-15 04:00:00,1657828800000,2.4770000000,2.4820000000,2.4680000000,2.4730000000,9212.1101620000,22796.4493927520,22796.4493927520,1,DORA-USDT
2022-07-15 05:00:00,1657832400000,2.4700000000,2.4780000000,2.4490000000,2.4620000000,13693.2107690000,33775.1776117570,33775.1776117570,1,DORA-USDT
2022-07-15 06:00:00,1657836000000,2.4630000000,2.4640000000,2.4380000000,2.4470000000,14093.8496940000,34543.9036333410,34543.9036333410,1,DORA-USDT
2022-07-15 07:00:00,1657839600000,2.4480000000,2.4820000000,2.4330000000,2.4820000000,18852.4342790000,46148.6601253220,46148.6601253220,1,DORA-USDT
2022-07-15 08:00:00,1657843200000,2.4840000000,2.4910000000,2.4620000000,2.4630000000,17707.4871620000,43933.9977671390,43933.9977671390,1,DORA-USDT
2022-07-15 09:00:00,1657846800000,2.4630000000,2.4890000000,2.4610000000,2.4890000000,7416.0064330000,18335.1705299570,18335.1705299570,1,DORA-USDT
2022-07-15 10:00:00,1657850400000,2.4890000000,2.5140000000,2.4870000000,2.5020000000,19877.4300000000,49729.5473333450,49729.5473333450,1,DORA-USDT
2022-07-15 11:00:00,1657854000000,2.5030000000,2.5130000000,2.4890000000,2.5100000000,11328.7488750000,28345.2135815560,28345.2135815560,1,DORA-USDT
2022-07-15 12:00:00,1657857600000,2.5100000000,2.5820000000,2.5090000000,2.5810000000,26620.0502790000,67837.3991052860,67837.3991052860,1,DORA-USDT
2022-07-15 13:00:00,1657861200000,2.5810000000,2.5810000000,2.5300000000,2.5610000000,35414.3256610000,90648.4424804140,90648.4424804140,1,DORA-USDT
2022-07-15 14:00:00,1657864800000,2.5600000000,2.5690000000,2.5250000000,2.5260000000,18634.2346090000,47443.2831026510,47443.2831026510,1,DORA-USDT
2022-07-15 15:00:00,1657868400000,2.5250000000,2.6020000000,2.4940000000,2.5770000000,36603.7599860000,93145.1863974370,93145.1863974370,1,DORA-USDT
2022-07-15 16:00:00,1657872000000,2.5770000000,2.6010000000,2.5550000000,2.5860000000,32347.7694320000,83470.9269521310,83470.9269521310,1,DORA-USDT
2022-07-15 17:00:00,1657875600000,2.5830000000,2.6100000000,2.5550000000,2.5750000000,24755.6412510000,63990.1557558590,63990.1557558590,1,DORA-USDT
2022-07-15 18:00:00,1657879200000,2.5750000000,2.5780000000,2.5530000000,2.5580000000,14332.3251900000,36725.2686103530,36725.2686103530,1,DORA-USDT
2022-07-15 19:00:00,1657882800000,2.5570000000,2.5680000000,2.5360000000,2.5440000000,17296.9072460000,44138.2558443760,44138.2558443760,1,DORA-USDT
2022-07-15 20:00:00,1657886400000,2.5430000000,2.5620000000,2.5340000000,2.5440000000,17548.3216560000,44683.5003040760,44683.5003040760,1,DORA-USDT
2022-07-15 21:00:00,1657890000000,2.5460000000,2.5490000000,2.5020000000,2.5290000000,23425.4243350000,59235.1811086880,59235.1811086880,1,DORA-USDT
2022-07-15 22:00:00,1657893600000,2.5350000000,2.5530000000,2.5040000000,2.5240000000,21477.9550810000,54428.5064718150,54428.5064718150,1,DORA-USDT
2022-07-15 23:00:00,1657897200000,2.5260000000,2.5440000000,2.5200000000,2.5210000000,8150.1357370000,20615.3267468850,20615.3267468850,1,DORA-USDT
2022-07-16 00:00:00,1657900800000,2.5210000000,2.6060000000,2.5020000000,2.5610000000,78534.9079770000,200879.4055307500,200879.4055307500,1,DORA-USDT
2022-07-16 01:00:00,1657904400000,2.5610000000,2.5760000000,2.5300000000,2.5420000000,38277.3668460000,97592.2662559360,97592.2662559360,1,DORA-USDT
2022-07-16 02:00:00,1657908000000,2.5390000000,2.5420000000,2.4670000000,2.5090000000,65043.3799840000,161982.1415837780,161982.1415837780,1,DORA-USDT
2022-07-16 03:00:00,1657911600000,2.5100000000,2.5250000000,2.4980000000,2.5230000000,19254.3798020000,48366.3535803450,48366.3535803450,1,DORA-USDT
2022-07-16 04:00:00,1657915200000,2.5230000000,2.5370000000,2.4930000000,2.5050000000,17131.0798990000,43032.3104098240,43032.3104098240,1,DORA-USDT
2022-07-16 05:00:00,1657918800000,2.5040000000,2.5200000000,2.4900000000,2.5140000000,24250.9747790000,60710.5459088440,60710.5459088440,1,DORA-USDT
2022-07-16 06:00:00,1657922400000,2.5140000000,2.5200000000,2.5010000000,2.5090000000,10366.3142180000,26036.4375280610,26036.4375280610,1,DORA-USDT
2022-07-16 07:00:00,1657926000000,2.5100000000,2.5110000000,2.4830000000,2.4900000000,21090.7299080000,52615.6960464210,52615.6960464210,1,DORA-USDT
2022-07-16 08:00:00,1657929600000,2.4900000000,2.4990000000,2.4390000000,2.4520000000,23576.8216180000,58261.5861750990,58261.5861750990,1,DORA-USDT
2022-07-16 09:00:00,1657933200000,2.4510000000,2.4560000000,2.4340000000,2.4410000000,11996.4594050000,29277.3877223750,29277.3877223750,1,DORA-USDT
2022-07-16 10:00:00,1657936800000,2.4400000000,2.4480000000,2.4300000000,2.4330000000,6125.9371120000,14939.6051101920,14939.6051101920,1,DORA-USDT
2022-07-16 11:00:00,1657940400000,2.4330000000,2.4770000000,2.4330000000,2.4770000000,15932.9828710000,38987.7928357870,38987.7928357870,1,DORA-USDT
2022-07-16 12:00:00,1657944000000,2.4770000000,2.4780000000,2.4420000000,2.4540000000,16141.0007900000,39640.2930820440,39640.2930820440,1,DORA-USDT
2022-07-16 13:00:00,1657947600000,2.4540000000,2.4650000000,2.4430000000,2.4450000000,10640.9472360000,26119.2897212330,26119.2897212330,1,DORA-USDT
2022-07-16 14:00:00,1657951200000,2.4450000000,2.4450000000,2.3550000000,2.3630000000,43110.0250610000,103132.4523280210,103132.4523280210,1,DORA-USDT
2022-07-16 15:00:00,1657954800000,2.3630000000,2.4140000000,2.3600000000,2.3940000000,35079.6970880000,83535.4775629350,83535.4775629350,1,DORA-USDT
2022-07-16 16:00:00,1657958400000,2.3960000000,2.4170000000,2.3900000000,2.4030000000,17663.5223040000,42441.9456368840,42441.9456368840,1,DORA-USDT
2022-07-16 17:00:00,1657962000000,2.4030000000,2.4050000000,2.4000000000,2.4010000000,2170.7684830000,5214.5027153220,5214.5027153220,1,DORA-USDT
2022-07-16 18:00:00,1657965600000,2.4020000000,2.4090000000,2.3980000000,2.4000000000,6904.1138830000,16589.0573635920,16589.0573635920,1,DORA-USDT
2022-07-16 19:00:00,1657969200000,2.4000000000,2.4190000000,2.4000000000,2.4120000000,7324.7349630000,17657.6953160010,17657.6953160010,1,DORA-USDT
2022-07-16 20:00:00,1657972800000,2.4110000000,2.4320000000,2.4030000000,2.4290000000,12883.6302220000,31162.1864842890,31162.1864842890,1,DORA-USDT
2022-07-16 21:00:00,1657976400000,2.4300000000,2.4450000000,2.4250000000,2.4400000000,9825.6130340000,23954.1100415510,23954.1100415510,1,DORA-USDT
2022-07-16 22:00:00,1657980000000,2.4410000000,2.4720000000,2.4390000000,2.4450000000,26873.1192420000,65998.9253346180,65998.9253346180,1,DORA-USDT
2022-07-16 23:00:00,1657983600000,2.4450000000,2.4680000000,2.4450000000,2.4630000000,10313.3803650000,25371.6501037910,25371.6501037910,1,DORA-USDT
2022-07-17 00:00:00,1657987200000,2.4630000000,2.5240000000,2.4630000000,2.5050000000,34123.3088060000,85408.3827889860,85408.3827889860,1,DORA-USDT
2022-07-17 01:00:00,1657990800000,2.5030000000,2.5070000000,2.4530000000,2.4550000000,24872.5633500000,61822.1592181550,61822.1592181550,1,DORA-USDT
2022-07-17 02:00:00,1657994400000,2.4540000000,2.4780000000,2.4530000000,2.4660000000,16576.3478050000,40902.3349016020,40902.3349016020,1,DORA-USDT
2022-07-17 03:00:00,1657998000000,2.4660000000,2.4770000000,2.4330000000,2.4370000000,17682.9030880000,43406.6639568050,43406.6639568050,1,DORA-USDT
2022-07-17 04:00:00,1658001600000,2.4360000000,2.4460000000,2.4040000000,2.4230000000,21485.9629740000,52031.6203034220,52031.6203034220,1,DORA-USDT
2022-07-17 05:00:00,1658005200000,2.4250000000,2.4520000000,2.4130000000,2.4470000000,20180.7107650000,49178.0950887230,49178.0950887230,1,DORA-USDT
2022-07-17 06:00:00,1658008800000,2.4450000000,2.4560000000,2.4390000000,2.4490000000,10057.2254230000,24614.9762017090,24614.9762017090,1,DORA-USDT
2022-07-17 07:00:00,1658012400000,2.4500000000,2.4640000000,2.4350000000,2.4590000000,17442.8055830000,42678.1823093720,42678.1823093720,1,DORA-USDT
2022-07-17 08:00:00,1658016000000,2.4600000000,2.4880000000,2.4460000000,2.4510000000,25592.3545210000,63069.9047405500,63069.9047405500,1,DORA-USDT
2022-07-17 09:00:00,1658019600000,2.4500000000,2.4750000000,2.4360000000,2.4530000000,27695.7830420000,68050.3213872540,68050.3213872540,1,DORA-USDT
2022-07-17 10:00:00,1658023200000,2.4520000000,2.4740000000,2.4510000000,2.4710000000,10957.9539250000,27009.8409758720,27009.8409758720,1,DORA-USDT
2022-07-17 11:00:00,1658026800000,2.4720000000,2.5600000000,2.4700000000,2.5140000000,38799.8380660000,97502.2931017510,97502.2931017510,1,DORA-USDT
2022-07-17 12:00:00,1658030400000,2.5120000000,2.6410000000,2.5120000000,2.5810000000,60344.9307280000,155571.0218661880,155571.0218661880,1,DORA-USDT
2022-07-17 13:00:00,1658034000000,2.5840000000,2.6200000000,2.5430000000,2.5530000000,40851.3615010000,105261.5272401940,105261.5272401940,1,DORA-USDT
2022-07-17 14:00:00,1658037600000,2.5540000000,2.6140000000,2.5520000000,2.5720000000,31962.7564420000,82591.1093191980,82591.1093191980,1,DORA-USDT
2022-07-17 15:00:00,1658041200000,2.5710000000,2.6170000000,2.5690000000,2.5900000000,21184.4990610000,54892.2685014360,54892.2685014360,1,DORA-USDT
2022-07-17 16:00:00,1658044800000,2.5880000000,2.5960000000,2.5730000000,2.5770000000,18542.7758500000,47878.4290312540,47878.4290312540,1,DORA-USDT
2022-07-17 17:00:00,1658048400000,2.5780000000,2.6420000000,2.5760000000,2.6020000000,34484.1118700000,89898.4881077520,89898.4881077520,1,DORA-USDT
2022-07-17 18:00:00,1658052000000,2.6030000000,2.6420000000,2.5760000000,2.6390000000,36472.9469860000,95347.7907045020,95347.7907045020,1,DORA-USDT
2022-07-17 19:00:00,1658055600000,2.6330000000,2.6460000000,2.5580000000,2.5880000000,35717.6945180000,92672.7542746800,92672.7542746800,1,DORA-USDT
2022-07-17 20:00:00,1658059200000,2.5890000000,2.6430000000,2.5860000000,2.6090000000,26676.7731390000,69873.7393541190,69873.7393541190,1,DORA-USDT
2022-07-17 21:00:00,1658062800000,2.6090000000,2.6100000000,2.5720000000,2.5730000000,29970.4880690000,77636.9119878540,77636.9119878540,1,DORA-USDT
2022-07-17 22:00:00,1658066400000,2.5730000000,2.6090000000,2.5700000000,2.5810000000,19125.3480930000,49497.5466335990,49497.5466335990,1,DORA-USDT
2022-07-17 23:00:00,1658070000000,2.5800000000,2.5820000000,2.5510000000,2.5540000000,20237.3490810000,51875.7580167080,51875.7580167080,1,DORA-USDT
2022-07-18 00:00:00,1658073600000,2.5570000000,2.5610000000,2.5010000000,2.5040000000,30074.4570920000,75814.3139894480,75814.3139894480,1,DORA-USDT
2022-07-18 01:00:00,1658077200000,2.5030000000,2.5740000000,2.4800000000,2.4830000000,55565.8835140000,140360.1472039850,140360.1472039850,1,DORA-USDT
2022-07-18 02:00:00,1658080800000,2.4820000000,2.5130000000,2.4810000000,2.5050000000,29490.5811470000,73706.0118932260,73706.0118932260,1,DORA-USDT
2022-07-18 03:00:00,1658084400000,2.5030000000,2.5370000000,2.4980000000,2.5260000000,27169.0483780000,68451.1070504120,68451.1070504120,1,DORA-USDT
2022-07-18 04:00:00,1658088000000,2.5250000000,2.5300000000,2.4850000000,2.5040000000,26767.7952690000,67061.5071104530,67061.5071104530,1,DORA-USDT
2022-07-18 05:00:00,1658091600000,2.5080000000,2.5240000000,2.4980000000,2.5040000000,20338.2321710000,51094.8190106780,51094.8190106780,1,DORA-USDT
2022-07-18 06:00:00,1658095200000,2.5030000000,2.5250000000,2.4990000000,2.5230000000,13059.5125300000,32809.5667150010,32809.5667150010,1,DORA-USDT
2022-07-18 07:00:00,1658098800000,2.5250000000,2.5280000000,2.4870000000,2.4950000000,20969.0092170000,52646.9701996280,52646.9701996280,1,DORA-USDT
2022-07-18 08:00:00,1658102400000,2.4960000000,2.5410000000,2.4830000000,2.4950000000,39080.4913160000,98184.0121784990,98184.0121784990,1,DORA-USDT
2022-07-18 09:00:00,1658106000000,2.4950000000,2.5410000000,2.4880000000,2.5340000000,2211.9854050000,5552.3173046130,5552.3173046130,1,DORA-USDT
2022-07-18 10:00:00,1658109600000,2.5350000000,2.6100000000,2.5350000000,2.5890000000,15109.1000830000,38999.6620878910,38999.6620878910,1,DORA-USDT
2022-07-18 11:00:00,1658113200000,2.5880000000,2.5940000000,2.5610000000,2.5650000000,19273.3482000000,49591.6374543720,49591.6374543720,1,DORA-USDT
2022-07-18 12:00:00,1658116800000,2.5650000000,2.5830000000,2.5540000000,2.5700000000,24247.9739870000,62288.1421698410,62288.1421698410,1,DORA-USDT
2022-07-18 13:00:00,1658120400000,2.5730000000,2.6180000000,2.5600000000,2.5980000000,41653.4405400000,107620.3590382300,107620.3590382300,1,DORA-USDT
2022-07-18 14:00:00,1658124000000,2.5980000000,2.6470000000,2.5750000000,2.6410000000,42876.7660630000,111925.6856716800,111925.6856716800,1,DORA-USDT
2022-07-18 15:00:00,1658127600000,2.6420000000,2.6590000000,2.6220000000,2.6220000000,24828.4933690000,65512.6769437200,65512.6769437200,1,DORA-USDT
2022-07-18 16:00:00,1658131200000,2.6260000000,2.6730000000,2.6100000000,2.6110000000,45538.8467060000,120309.9722672590,120309.9722672590,1,DORA-USDT
2022-07-18 17:00:00,1658134800000,2.6060000000,2.6300000000,2.5880000000,2.6230000000,28932.2452110000,75530.3432933440,75530.3432933440,1,DORA-USDT
2022-07-18 18:00:00,1658138400000,2.6220000000,2.6360000000,2.5130000000,2.5700000000,71369.9893350000,183951.6350193110,183951.6350193110,1,DORA-USDT
2022-07-18 19:00:00,1658142000000,2.5710000000,2.5910000000,2.5230000000,2.5560000000,31448.0242700000,80695.1517539540,80695.1517539540,1,DORA-USDT
2022-07-18 20:00:00,1658145600000,2.5560000000,2.6250000000,2.5400000000,2.5920000000,34915.7101050000,89767.2321579580,89767.2321579580,1,DORA-USDT
2022-07-18 21:00:00,1658149200000,2.5920000000,2.6950000000,2.5830000000,2.6390000000,80107.2311940000,212429.9656320220,212429.9656320220,1,DORA-USDT
2022-07-18 22:00:00,1658152800000,2.6380000000,2.7460000000,2.6320000000,2.6870000000,61786.9885980000,166852.7458253590,166852.7458253590,1,DORA-USDT
2022-07-18 23:00:00,1658156400000,2.6890000000,2.7560000000,2.6770000000,2.7020000000,40085.0837100000,108508.0318116470,108508.0318116470,1,DORA-USDT
2022-07-19 00:00:00,1658160000000,2.7020000000,2.7480000000,2.6670000000,2.7030000000,46206.0955910000,124397.4519773300,124397.4519773300,1,DORA-USDT
2022-07-19 01:00:00,1658163600000,2.7020000000,2.8080000000,2.6730000000,2.7200000000,91872.9782030000,253239.9134704890,253239.9134704890,1,DORA-USDT
2022-07-19 02:00:00,1658167200000,2.7220000000,2.7240000000,2.6240000000,2.6320000000,41746.2993640000,111785.2448666520,111785.2448666520,1,DORA-USDT
2022-07-19 03:00:00,1658170800000,2.6340000000,2.6520000000,2.5810000000,2.6220000000,43650.8038040000,114569.0203302990,114569.0203302990,1,DORA-USDT
2022-07-19 04:00:00,1658174400000,2.6230000000,2.6280000000,2.5970000000,2.6130000000,23550.8304740000,61559.3915843730,61559.3915843730,1,DORA-USDT
2022-07-19 05:00:00,1658178000000,2.6130000000,2.6280000000,2.5810000000,2.6000000000,22032.9462440000,57463.8033174550,57463.8033174550,1,DORA-USDT
2022-07-19 06:00:00,1658181600000,2.6020000000,2.6290000000,2.5740000000,2.6290000000,34873.8218590000,90626.9989038660,90626.9989038660,1,DORA-USDT
2022-07-19 07:00:00,1658185200000,2.6280000000,2.6740000000,2.6050000000,2.6470000000,32379.5248040000,85546.4437515020,85546.4437515020,1,DORA-USDT
2022-07-19 08:00:00,1658188800000,2.6460000000,2.6910000000,2.6270000000,2.6470000000,44475.4300330000,118174.7021752340,118174.7021752340,1,DORA-USDT
2022-07-19 09:00:00,1658192400000,2.6460000000,2.6590000000,2.6010000000,2.6160000000,29710.6676490000,78391.3515384440,78391.3515384440,1,DORA-USDT
2022-07-19 10:00:00,1658196000000,2.6150000000,2.6250000000,2.6150000000,2.6190000000,5942.5058510000,15566.2547483950,15566.2547483950,1,DORA-USDT
2022-07-19 11:00:00,1658199600000,2.6190000000,2.7120000000,2.6180000000,2.6810000000,32431.9240560000,86645.1042650230,86645.1042650230,1,DORA-USDT
2022-07-19 12:00:00,1658203200000,2.6780000000,2.6860000000,2.6400000000,2.6470000000,32637.5402010000,86674.4158882090,86674.4158882090,1,DORA-USDT
2022-07-19 13:00:00,1658206800000,2.6470000000,2.7290000000,2.6440000000,2.7070000000,32052.0683250000,86308.0354553120,86308.0354553120,1,DORA-USDT
2022-07-19 14:00:00,1658210400000,2.7050000000,2.7080000000,2.6320000000,2.6530000000,44506.8825460000,118716.3864648220,118716.3864648220,1,DORA-USDT
2022-07-19 15:00:00,1658214000000,2.6540000000,2.6590000000,2.6190000000,2.6440000000,28414.1794830000,74964.4731571200,74964.4731571200,1,DORA-USDT
2022-07-19 16:00:00,1658217600000,2.6430000000,2.6740000000,2.6170000000,2.6480000000,21053.8199990000,55755.6117943900,55755.6117943900,1,DORA-USDT
2022-07-19 17:00:00,1658221200000,2.6480000000,2.6640000000,2.6310000000,2.6530000000,15433.7651500000,40860.4411398140,40860.4411398140,1,DORA-USDT
2022-07-19 18:00:00,1658224800000,2.6550000000,2.6630000000,2.6360000000,2.6490000000,21047.1572900000,55790.3289434290,55790.3289434290,1,DORA-USDT
2022-07-19 19:00:00,1658228400000,2.6500000000,2.7030000000,2.6440000000,2.6850000000,27666.0063380000,73963.7604544330,73963.7604544330,1,DORA-USDT
2022-07-19 20:00:00,1658232000000,2.6810000000,2.7000000000,2.6710000000,2.6810000000,21221.6733580000,56971.5295163020,56971.5295163020,1,DORA-USDT
2022-07-19 21:00:00,1658235600000,2.6830000000,2.6890000000,2.6190000000,2.6730000000,35893.0670600000,95412.4720362370,95412.4720362370,1,DORA-USDT
2022-07-19 22:00:00,1658239200000,2.6740000000,2.6770000000,2.6480000000,2.6750000000,22052.9564920000,58654.3529501800,58654.3529501800,1,DORA-USDT
2022-07-19 23:00:00,1658242800000,2.6730000000,2.6860000000,2.6110000000,2.6590000000,40591.0106170000,107334.6900575690,107334.6900575690,1,DORA-USDT
2022-07-20 00:00:00,1658246400000,2.6570000000,2.7280000000,2.6480000000,2.6950000000,43169.7619810000,116393.6263905520,116393.6263905520,1,DORA-USDT
2022-07-20 01:00:00,1658250000000,2.6990000000,2.7090000000,2.6820000000,2.6940000000,18839.8698260000,50785.9542960140,50785.9542960140,1,DORA-USDT
2022-07-20 02:00:00,1658253600000,2.6930000000,2.7060000000,2.6740000000,2.6990000000,27185.6689840000,73184.8142746770,73184.8142746770,1,DORA-USDT
2022-07-20 03:00:00,1658257200000,2.6980000000,2.7070000000,2.6750000000,2.6770000000,16476.8804240000,44366.5921401870,44366.5921401870,1,DORA-USDT
2022-07-20 04:00:00,1658260800000,2.6800000000,2.6900000000,2.6670000000,2.6820000000,15347.5579870000,41114.1625690980,41114.1625690980,1,DORA-USDT
2022-07-20 05:00:00,1658264400000,2.6790000000,2.7010000000,2.6770000000,2.6980000000,11795.7853280000,31704.6689439230,31704.6689439230,1,DORA-USDT
2022-07-20 06:00:00,1658268000000,2.6940000000,2.7040000000,2.6690000000,2.6780000000,17390.3747490000,46662.8526998020,46662.8526998020,1,DORA-USDT
2022-07-20 07:00:00,1658271600000,2.6790000000,2.7050000000,2.6360000000,2.6680000000,29940.4499820000,79955.8050550350,79955.8050550350,1,DORA-USDT
2022-07-20 08:00:00,1658275200000,2.6680000000,2.6770000000,2.6290000000,2.6470000000,29002.4050020000,76994.1155336550,76994.1155336550,1,DORA-USDT
2022-07-20 09:00:00,1658278800000,2.6480000000,2.6920000000,2.6450000000,2.6810000000,17703.6530920000,47220.4302458870,47220.4302458870,1,DORA-USDT
2022-07-20 10:00:00,1658282400000,2.6760000000,2.6990000000,2.6660000000,2.6870000000,17693.6003060000,47545.0583770010,47545.0583770010,1,DORA-USDT
2022-07-20 11:00:00,1658286000000,2.6870000000,2.7190000000,2.6850000000,2.7190000000,13756.4181270000,37192.6590045150,37192.6590045150,1,DORA-USDT
2022-07-20 12:00:00,1658289600000,2.7150000000,2.7860000000,2.7100000000,2.7850000000,30287.3039440000,83327.2617907540,83327.2617907540,1,DORA-USDT
2022-07-20 13:00:00,1658293200000,2.7850000000,2.8500000000,2.7830000000,2.8460000000,34261.6633500000,96948.0938049530,96948.0938049530,1,DORA-USDT
2022-07-20 14:00:00,1658296800000,2.8460000000,2.8490000000,2.7320000000,2.8110000000,62916.2140250000,175781.1315855620,175781.1315855620,1,DORA-USDT
2022-07-20 15:00:00,1658300400000,2.8080000000,2.8130000000,2.7200000000,2.7200000000,37747.8408480000,104320.9859334240,104320.9859334240,1,DORA-USDT
2022-07-20 16:00:00,1658304000000,2.7170000000,2.7440000000,2.6540000000,2.6790000000,63829.3468980000,171804.1954977340,171804.1954977340,1,DORA-USDT
2022-07-20 17:00:00,1658307600000,2.6790000000,2.7390000000,2.6700000000,2.7140000000,25556.8096800000,69268.4156562820,69268.4156562820,1,DORA-USDT
2022-07-20 18:00:00,1658311200000,2.7120000000,2.7320000000,2.6000000000,2.6790000000,68692.0184280000,183144.5996839130,183144.5996839130,1,DORA-USDT
2022-07-20 19:00:00,1658314800000,2.6760000000,2.6820000000,2.6420000000,2.6590000000,31638.9821100000,84151.6317533620,84151.6317533620,1,DORA-USDT
2022-07-20 20:00:00,1658318400000,2.6580000000,2.6770000000,2.6420000000,2.6620000000,29441.5741600000,78309.0025754540,78309.0025754540,1,DORA-USDT
2022-07-20 21:00:00,1658322000000,2.6610000000,2.6840000000,2.6430000000,2.6440000000,21587.3253160000,57520.3597133560,57520.3597133560,1,DORA-USDT
2022-07-20 22:00:00,1658325600000,2.6440000000,2.6730000000,2.6420000000,2.6700000000,14647.4427400000,38967.9568954530,38967.9568954530,1,DORA-USDT
2022-07-20 23:00:00,1658329200000,2.6680000000,2.6830000000,2.6500000000,2.6720000000,29777.9787140000,79430.9838621700,79430.9838621700,1,DORA-USDT
2022-07-21 00:00:00,1658332800000,2.6710000000,2.6750000000,2.6030000000,2.6270000000,41535.7319820000,109373.4551452760,109373.4551452760,1,DORA-USDT
2022-07-21 01:00:00,1658336400000,2.6270000000,2.6470000000,2.6040000000,2.6420000000,23481.2686050000,61669.5785231810,61669.5785231810,1,DORA-USDT
2022-07-21 02:00:00,1658340000000,2.6430000000,2.7000000000,2.6290000000,2.6560000000,59137.2500000000,157474.1843923120,157474.1843923120,1,DORA-USDT
2022-07-21 03:00:00,1658343600000,2.6560000000,2.6940000000,2.6540000000,2.6710000000,28973.3785270000,77478.1447119520,77478.1447119520,1,DORA-USDT
2022-07-21 04:00:00,1658347200000,2.6700000000,2.6950000000,2.6020000000,2.6300000000,45565.0408010000,120179.9952242390,120179.9952242390,1,DORA-USDT
2022-07-21 05:00:00,1658350800000,2.6290000000,2.6680000000,2.6150000000,2.6460000000,26437.9297750000,69775.4016372610,69775.4016372610,1,DORA-USDT
2022-07-21 06:00:00,1658354400000,2.6480000000,2.7440000000,2.6280000000,2.6970000000,51205.7052300000,137394.5509982990,137394.5509982990,1,DORA-USDT
2022-07-21 07:00:00,1658358000000,2.7000000000,2.7320000000,2.5900000000,2.6150000000,71789.2218490000,190195.4199566850,190195.4199566850,1,DORA-USDT
2022-07-21 08:00:00,1658361600000,2.6160000000,2.6350000000,2.5890000000,2.6260000000,22914.5970730000,60011.7739020680,60011.7739020680,1,DORA-USDT
2022-07-21 09:00:00,1658365200000,2.6280000000,2.6400000000,2.6010000000,2.6080000000,22810.0603570000,59837.1415667700,59837.1415667700,1,DORA-USDT
2022-07-21 10:00:00,1658368800000,2.6090000000,2.6270000000,2.5510000000,2.5810000000,30090.0298090000,78271.8702508500,78271.8702508500,1,DORA-USDT
2022-07-21 11:00:00,1658372400000,2.5830000000,2.5900000000,2.5480000000,2.5670000000,29109.8735480000,74739.6541951720,74739.6541951720,1,DORA-USDT
2022-07-21 12:00:00,1658376000000,2.5680000000,2.5730000000,2.5510000000,2.5680000000,20957.3183680000,53702.8012005880,53702.8012005880,1,DORA-USDT
2022-07-21 13:00:00,1658379600000,2.5670000000,2.6110000000,2.5630000000,2.6100000000,17474.2195710000,45053.0435877700,45053.0435877700,1,DORA-USDT
2022-07-21 14:00:00,1658383200000,2.6110000000,2.6140000000,2.5550000000,2.5570000000,31941.3213270000,82477.5319220040,82477.5319220040,1,DORA-USDT
2022-07-21 15:00:00,1658386800000,2.5570000000,2.6190000000,2.5550000000,2.6130000000,25260.2341260000,65611.1547928040,65611.1547928040,1,DORA-USDT
2022-07-21 16:00:00,1658390400000,2.6120000000,2.6120000000,2.5800000000,2.5930000000,21729.6015050000,56312.8402398090,56312.8402398090,1,DORA-USDT
2022-07-21 17:00:00,1658394000000,2.5920000000,2.6100000000,2.5860000000,2.6070000000,7963.5474090000,20718.7616163310,20718.7616163310,1,DORA-USDT
2022-07-21 18:00:00,1658397600000,2.6070000000,2.6480000000,2.5910000000,2.6450000000,18860.6550530000,49343.8751398760,49343.8751398760,1,DORA-USDT
2022-07-21 19:00:00,1658401200000,2.6470000000,2.6630000000,2.5980000000,2.6000000000,28839.9381290000,75813.2198355120,75813.2198355120,1,DORA-USDT
2022-07-21 20:00:00,1658404800000,2.5980000000,2.6800000000,2.5910000000,2.6520000000,54250.9210350000,143147.0471000390,143147.0471000390,1,DORA-USDT
2022-07-21 21:00:00,1658408400000,2.6520000000,2.6570000000,2.6100000000,2.6430000000,26168.7867210000,68909.2179048090,68909.2179048090,1,DORA-USDT
2022-07-21 22:00:00,1658412000000,2.6450000000,2.6480000000,2.5600000000,2.6370000000,61315.6042390000,160280.1830525550,160280.1830525550,1,DORA-USDT
2022-07-21 23:00:00,1658415600000,2.6370000000,2.6670000000,2.6300000000,2.6510000000,26413.8854980000,69991.3825082680,69991.3825082680,1,DORA-USDT
2022-07-22 00:00:00,1658419200000,2.6530000000,2.6960000000,2.6300000000,2.6610000000,40463.6567910000,108041.7930165100,108041.7930165100,1,DORA-USDT
2022-07-22 01:00:00,1658422800000,2.6630000000,2.6770000000,2.6500000000,2.6580000000,22487.0342280000,59879.0038962270,59879.0038962270,1,DORA-USDT
2022-07-22 02:00:00,1658426400000,2.6580000000,2.6860000000,2.6550000000,2.6800000000,17434.7671620000,46605.2902668390,46605.2902668390,1,DORA-USDT
2022-07-22 03:00:00,1658430000000,2.6800000000,2.6970000000,2.6720000000,2.6890000000,15967.6516100000,42842.4022295970,42842.4022295970,1,DORA-USDT
2022-07-22 04:00:00,1658433600000,2.6890000000,2.7020000000,2.6720000000,2.6830000000,21217.2450800000,57005.2901644770,57005.2901644770,1,DORA-USDT
2022-07-22 05:00:00,1658437200000,2.6840000000,2.6950000000,2.6690000000,2.6760000000,19928.0280630000,53396.0068361670,53396.0068361670,1,DORA-USDT
2022-07-22 06:00:00,1658440800000,2.6780000000,2.6870000000,2.6540000000,2.6860000000,22658.3065640000,60398.3662177200,60398.3662177200,1,DORA-USDT
2022-07-22 07:00:00,1658444400000,2.6850000000,2.6990000000,2.6800000000,2.6840000000,12810.6084990000,34439.1841012030,34439.1841012030,1,DORA-USDT
2022-07-22 08:00:00,1658448000000,2.6820000000,2.7050000000,2.6660000000,2.6900000000,23826.6544760000,64084.1727304230,64084.1727304230,1,DORA-USDT
2022-07-22 09:00:00,1658451600000,2.6880000000,2.7130000000,2.6860000000,2.7100000000,16037.5132350000,43359.2281329730,43359.2281329730,1,DORA-USDT
2022-07-22 10:00:00,1658455200000,2.7090000000,2.7110000000,2.6550000000,2.6750000000,19471.9896090000,52096.4304926200,52096.4304926200,1,DORA-USDT
2022-07-22 11:00:00,1658458800000,2.6770000000,2.6870000000,2.6650000000,2.6790000000,15031.0097190000,40210.5791700460,40210.5791700460,1,DORA-USDT
2022-07-22 12:00:00,1658462400000,2.6790000000,2.7000000000,2.6690000000,2.6980000000,17071.6003180000,45859.8027449030,45859.8027449030,1,DORA-USDT
2022-07-22 13:00:00,1658466000000,2.6990000000,2.7280000000,2.6690000000,2.7220000000,23289.7291700000,62808.1890767660,62808.1890767660,1,DORA-USDT
2022-07-22 14:00:00,1658469600000,2.7220000000,2.7430000000,2.6890000000,2.7030000000,36198.7851920000,98357.5436749220,98357.5436749220,1,DORA-USDT
2022-07-22 15:00:00,1658473200000,2.7020000000,2.7200000000,2.6750000000,2.6960000000,27306.9214740000,73739.5471730120,73739.5471730120,1,DORA-USDT
2022-07-22 16:00:00,1658476800000,2.6940000000,2.7140000000,2.6720000000,2.7060000000,18887.0182360000,50861.3702467620,50861.3702467620,1,DORA-USDT
2022-07-22 17:00:00,1658480400000,2.7130000000,2.7310000000,2.6930000000,2.7080000000,28249.3317900000,76617.1307628570,76617.1307628570,1,DORA-USDT
2022-07-22 18:00:00,1658484000000,2.7050000000,2.7350000000,2.6800000000,2.7170000000,25341.2557300000,68673.7656752360,68673.7656752360,1,DORA-USDT
2022-07-22 19:00:00,1658487600000,2.7200000000,2.7590000000,2.7100000000,2.7490000000,22131.5103880000,60502.3229394070,60502.3229394070,1,DORA-USDT
2022-07-22 20:00:00,1658491200000,2.7530000000,2.7570000000,2.6940000000,2.7150000000,28322.3764980000,77186.9569477180,77186.9569477180,1,DORA-USDT
2022-07-22 21:00:00,1658494800000,2.7110000000,2.7390000000,2.6800000000,2.6990000000,40344.9324590000,109293.5388204950,109293.5388204950,1,DORA-USDT
2022-07-22 22:00:00,1658498400000,2.7020000000,2.7020000000,2.6540000000,2.6960000000,33834.5146370000,90595.3173894610,90595.3173894610,1,DORA-USDT
2022-07-22 23:00:00,1658502000000,2.6950000000,2.6950000000,2.6480000000,2.6910000000,25158.2825470000,67148.7512740890,67148.7512740890,1,DORA-USDT
2022-07-23 00:00:00,1658505600000,2.6880000000,2.8930000000,2.6860000000,2.7220000000,146768.4424860000,410057.1028985800,410057.1028985800,1,DORA-USDT
2022-07-23 01:00:00,1658509200000,2.7240000000,2.8400000000,2.7230000000,2.7800000000,64188.5330400000,179399.3832187100,179399.3832187100,1,DORA-USDT
2022-07-23 02:00:00,1658512800000,2.7790000000,2.7790000000,2.7130000000,2.7550000000,33562.4630800000,92098.8034756770,92098.8034756770,1,DORA-USDT
2022-07-23 03:00:00,1658516400000,2.7560000000,2.8130000000,2.7000000000,2.7490000000,56222.9114080000,155134.2487469810,155134.2487469810,1,DORA-USDT
2022-07-23 04:00:00,1658520000000,2.7470000000,2.7660000000,2.7370000000,2.7640000000,21790.3553810000,59999.1691416900,59999.1691416900,1,DORA-USDT
2022-07-23 05:00:00,1658523600000,2.7620000000,2.7640000000,2.6830000000,2.7020000000,34057.8321080000,92482.0507448750,92482.0507448750,1,DORA-USDT
2022-07-23 06:00:00,1658527200000,2.7010000000,2.7220000000,2.6570000000,2.7180000000,28304.0518730000,76053.0781503350,76053.0781503350,1,DORA-USDT
2022-07-23 07:00:00,1658530800000,2.7150000000,2.7330000000,2.6890000000,2.7070000000,24586.4897730000,66608.4119756500,66608.4119756500,1,DORA-USDT
2022-07-23 08:00:00,1658534400000,2.7070000000,2.7260000000,2.6760000000,2.7240000000,32307.1024580000,87448.7804467540,87448.7804467540,1,DORA-USDT
2022-07-23 09:00:00,1658538000000,2.7250000000,2.7870000000,2.7230000000,2.7460000000,40785.2628360000,112343.3213127860,112343.3213127860,1,DORA-USDT
2022-07-23 10:00:00,1658541600000,2.7460000000,2.7650000000,2.7420000000,2.7500000000,11876.0951770000,32700.5885488580,32700.5885488580,1,DORA-USDT
2022-07-23 11:00:00,1658545200000,2.7520000000,2.7700000000,2.7420000000,2.7490000000,19231.8909050000,52988.6881655910,52988.6881655910,1,DORA-USDT
2022-07-23 12:00:00,1658548800000,2.7470000000,2.7820000000,2.7120000000,2.7220000000,34747.1213410000,95598.9913192970,95598.9913192970,1,DORA-USDT
2022-07-23 13:00:00,1658552400000,2.7200000000,2.7440000000,2.7010000000,2.7220000000,24602.6247420000,66971.7139596560,66971.7139596560,1,DORA-USDT
2022-07-23 14:00:00,1658556000000,2.7210000000,2.7570000000,2.7130000000,2.7250000000,40807.4559910000,111504.6906393960,111504.6906393960,1,DORA-USDT
2022-07-23 15:00:00,1658559600000,2.7220000000,2.7310000000,2.6940000000,2.6940000000,25482.1413330000,69071.2275116780,69071.2275116780,1,DORA-USDT
2022-07-23 16:00:00,1658563200000,2.6960000000,2.7220000000,2.6700000000,2.6860000000,25449.2398270000,68759.0207626660,68759.0207626660,1,DORA-USDT
2022-07-23 17:00:00,1658566800000,2.6850000000,2.7040000000,2.6750000000,2.6860000000,23439.6685510000,63058.0313372020,63058.0313372020,1,DORA-USDT
2022-07-23 18:00:00,1658570400000,2.6880000000,2.7010000000,2.6640000000,2.6670000000,22938.1073110000,61524.0432927500,61524.0432927500,1,DORA-USDT
2022-07-23 19:00:00,1658574000000,2.6670000000,2.6670000000,2.5750000000,2.5920000000,53107.6900510000,138621.0216280570,138621.0216280570,1,DORA-USDT
2022-07-23 20:00:00,1658577600000,2.5910000000,2.6260000000,2.5580000000,2.5920000000,37293.7192090000,96852.5980320480,96852.5980320480,1,DORA-USDT
2022-07-23 21:00:00,1658581200000,2.5920000000,2.6260000000,2.5870000000,2.6210000000,25960.3031220000,67651.3089262510,67651.3089262510,1,DORA-USDT
2022-07-23 22:00:00,1658584800000,2.6220000000,2.6220000000,2.5770000000,2.5890000000,27072.1994050000,70384.9541538140,70384.9541538140,1,DORA-USDT
2022-07-23 23:00:00,1658588400000,2.5890000000,2.6090000000,2.5750000000,2.5890000000,25694.1917010000,66661.2363653120,66661.2363653120,1,DORA-USDT
2022-07-24 00:00:00,1658592000000,2.5900000000,2.5960000000,2.5570000000,2.5580000000,34817.4848420000,89587.6103545950,89587.6103545950,1,DORA-USDT
2022-07-24 01:00:00,1658595600000,2.5560000000,2.5740000000,2.5440000000,2.5480000000,21440.9227060000,54785.7066251270,54785.7066251270,1,DORA-USDT
2022-07-24 02:00:00,1658599200000,2.5490000000,2.5530000000,2.5050000000,2.5390000000,42519.9514890000,107371.1035109190,107371.1035109190,1,DORA-USDT
2022-07-24 03:00:00,1658602800000,2.5390000000,2.5580000000,2.5200000000,2.5500000000,28556.7529260000,72552.4223182020,72552.4223182020,1,DORA-USDT
2022-07-24 04:00:00,1658606400000,2.5510000000,2.5610000000,2.5400000000,2.5550000000,18027.8371100000,45991.8223664750,45991.8223664750,1,DORA-USDT
2022-07-24 05:00:00,1658610000000,2.5520000000,2.5590000000,2.5390000000,2.5490000000,20031.1637350000,51091.7491451720,51091.7491451720,1,DORA-USDT
2022-07-24 06:00:00,1658613600000,2.5500000000,2.6000000000,2.5460000000,2.5870000000,22171.3275490000,57084.4687057540,57084.4687057540,1,DORA-USDT
2022-07-24 07:00:00,1658617200000,2.5820000000,2.6120000000,2.5820000000,2.5950000000,20369.8796200000,52854.2001649610,52854.2001649610,1,DORA-USDT
2022-07-24 08:00:00,1658620800000,2.5930000000,2.6310000000,2.5930000000,2.6180000000,22969.8186970000,60014.7987235890,60014.7987235890,1,DORA-USDT
2022-07-24 09:00:00,1658624400000,2.6220000000,2.6220000000,2.5760000000,2.5900000000,24560.1198680000,63791.3235886900,63791.3235886900,1,DORA-USDT
2022-07-24 10:00:00,1658628000000,2.5880000000,2.5980000000,2.5800000000,2.5940000000,16560.2888980000,42875.8637695860,42875.8637695860,1,DORA-USDT
2022-07-24 11:00:00,1658631600000,2.5920000000,2.6080000000,2.5650000000,2.5770000000,25873.2816730000,66882.1464128630,66882.1464128630,1,DORA-USDT
2022-07-24 12:00:00,1658635200000,2.5780000000,2.5900000000,2.5750000000,2.5900000000,9679.8485400000,24991.2667197290,24991.2667197290,1,DORA-USDT
2022-07-24 13:00:00,1658638800000,2.5860000000,2.6400000000,2.5810000000,2.6350000000,25076.3361940000,65593.0876825500,65593.0876825500,1,DORA-USDT
2022-07-24 14:00:00,1658642400000,2.6350000000,2.6560000000,2.5940000000,2.6050000000,30851.2717260000,80882.1794117330,80882.1794117330,1,DORA-USDT
2022-07-24 15:00:00,1658646000000,2.6050000000,2.6250000000,2.6010000000,2.6140000000,12693.5538980000,33197.0458258460,33197.0458258460,1,DORA-USDT
2022-07-24 16:00:00,1658649600000,2.6120000000,2.6220000000,2.5950000000,2.6130000000,20900.1019960000,54488.3691817600,54488.3691817600,1,DORA-USDT
2022-07-24 17:00:00,1658653200000,2.6130000000,2.6320000000,2.6100000000,2.6150000000,11936.8846970000,31309.2878360210,31309.2878360210,1,DORA-USDT
2022-07-24 18:00:00,1658656800000,2.6180000000,2.6250000000,2.6000000000,2.6170000000,13145.4650940000,34383.8187576640,34383.8187576640,1,DORA-USDT
2022-07-24 19:00:00,1658660400000,2.6180000000,2.6370000000,2.5840000000,2.5890000000,19287.9181980000,50263.4155937330,50263.4155937330,1,DORA-USDT
2022-07-24 20:00:00,1658664000000,2.5910000000,2.6090000000,2.5830000000,2.5950000000,15662.6917560000,40685.9815084980,40685.9815084980,1,DORA-USDT
2022-07-24 21:00:00,1658667600000,2.5930000000,2.6120000000,2.5910000000,2.5990000000,13856.1099360000,36054.8360494370,36054.8360494370,1,DORA-USDT
2022-07-24 22:00:00,1658671200000,2.5980000000,2.6130000000,2.5910000000,2.6100000000,13537.1612810000,35251.4739973980,35251.4739973980,1,DORA-USDT
2022-07-24 23:00:00,1658674800000,2.6120000000,2.6190000000,2.6030000000,2.6150000000,13840.2641270000,36127.7806001060,36127.7806001060,1,DORA-USDT
2022-07-25 00:00:00,1658678400000,2.6120000000,2.7570000000,2.6120000000,2.6360000000,110928.7146520000,297089.8062947620,297089.8062947620,1,DORA-USDT
2022-07-25 01:00:00,1658682000000,2.6380000000,2.6740000000,2.6210000000,2.6540000000,38282.9840130000,101393.7199548650,101393.7199548650,1,DORA-USDT
2022-07-25 02:00:00,1658685600000,2.6540000000,2.6600000000,2.6380000000,2.6490000000,15290.7777330000,40517.1733744220,40517.1733744220,1,DORA-USDT
2022-07-25 03:00:00,1658689200000,2.6480000000,2.6740000000,2.6310000000,2.6370000000,26132.7174140000,69224.6964402040,69224.6964402040,1,DORA-USDT
2022-07-25 04:00:00,1658692800000,2.6360000000,2.6610000000,2.6340000000,2.6460000000,11883.6564260000,31455.6233966600,31455.6233966600,1,DORA-USDT
2022-07-25 05:00:00,1658696400000,2.6480000000,2.6610000000,2.6400000000,2.6550000000,15380.1245820000,40785.9549857420,40785.9549857420,1,DORA-USDT
2022-07-25 06:00:00,1658700000000,2.6540000000,2.6720000000,2.6250000000,2.6420000000,26622.3321530000,70582.1784609140,70582.1784609140,1,DORA-USDT
2022-07-25 07:00:00,1658703600000,2.6420000000,2.6440000000,2.6130000000,2.6180000000,20868.2246080000,54807.0596907170,54807.0596907170,1,DORA-USDT
2022-07-25 08:00:00,1658707200000,2.6170000000,2.6490000000,2.5650000000,2.5680000000,42082.4644110000,109624.0650843070,109624.0650843070,1,DORA-USDT
2022-07-25 09:00:00,1658710800000,2.5700000000,2.5890000000,2.5270000000,2.5430000000,38358.2221480000,98088.5945386440,98088.5945386440,1,DORA-USDT
2022-07-25 10:00:00,1658714400000,2.5400000000,2.5650000000,2.5180000000,2.5240000000,29539.0178080000,75064.8084895010,75064.8084895010,1,DORA-USDT
2022-07-25 11:00:00,1658718000000,2.5250000000,2.5440000000,2.5210000000,2.5310000000,16273.6146960000,41231.9455758440,41231.9455758440,1,DORA-USDT
2022-07-25 12:00:00,1658721600000,2.5310000000,2.5710000000,2.5190000000,2.5700000000,27756.5403720000,70759.7665415040,70759.7665415040,1,DORA-USDT
2022-07-25 13:00:00,1658725200000,2.5680000000,2.6030000000,2.5560000000,2.5950000000,20948.2045740000,54000.6666662050,54000.6666662050,1,DORA-USDT
2022-07-25 14:00:00,1658728800000,2.5960000000,2.6070000000,2.5280000000,2.5670000000,35936.1760170000,92495.9547086450,92495.9547086450,1,DORA-USDT
2022-07-25 15:00:00,1658732400000,2.5660000000,2.6060000000,2.5640000000,2.5910000000,24650.7765490000,63727.8712279340,63727.8712279340,1,DORA-USDT
2022-07-25 16:00:00,1658736000000,2.5930000000,2.6300000000,2.5490000000,2.6140000000,37570.5687280000,97419.4435693480,97419.4435693480,1,DORA-USDT
2022-07-25 17:00:00,1658739600000,2.6140000000,2.6500000000,2.5770000000,2.5980000000,27942.8552240000,72838.2030082770,72838.2030082770,1,DORA-USDT
2022-07-25 18:00:00,1658743200000,2.5980000000,2.6590000000,2.5800000000,2.6230000000,39513.6201420000,103628.9444033520,103628.9444033520,1,DORA-USDT
2022-07-25 19:00:00,1658746800000,2.6230000000,2.6340000000,2.5930000000,2.6130000000,27667.7376860000,72232.2822378890,72232.2822378890,1,DORA-USDT
2022-07-25 20:00:00,1658750400000,2.6110000000,2.6150000000,2.5720000000,2.5900000000,19022.2902940000,49301.2977728550,49301.2977728550,1,DORA-USDT
2022-07-25 21:00:00,1658754000000,2.5940000000,2.6000000000,2.5760000000,2.5960000000,20925.7662160000,54217.3369303700,54217.3369303700,1,DORA-USDT
2022-07-25 22:00:00,1658757600000,2.5950000000,2.6210000000,2.5720000000,2.5870000000,22705.0113810000,58809.0051317500,58809.0051317500,1,DORA-USDT
2022-07-25 23:00:00,1658761200000,2.5890000000,2.6330000000,2.5850000000,2.6310000000,19691.5935510000,51249.3200274370,51249.3200274370,1,DORA-USDT
2022-07-26 00:00:00,1658764800000,2.6280000000,2.7000000000,2.5850000000,2.5970000000,54020.5360090000,142472.2493638580,142472.2493638580,1,DORA-USDT
2022-07-26 01:00:00,1658768400000,2.5950000000,2.6370000000,2.5950000000,2.6120000000,25092.5290450000,65575.0763544100,65575.0763544100,1,DORA-USDT
2022-07-26 02:00:00,1658772000000,2.6120000000,2.6480000000,2.6080000000,2.6270000000,22129.6104320000,58202.6147445140,58202.6147445140,1,DORA-USDT
2022-07-26 03:00:00,1658775600000,2.6290000000,2.6310000000,2.5530000000,2.5850000000,35465.1829690000,91445.9974278170,91445.9974278170,1,DORA-USDT
2022-07-26 04:00:00,1658779200000,2.5850000000,2.6050000000,2.5770000000,2.5890000000,27128.2057970000,70314.5266045820,70314.5266045820,1,DORA-USDT
2022-07-26 05:00:00,1658782800000,2.5940000000,2.5980000000,2.5680000000,2.5740000000,17033.5386770000,44023.1581704950,44023.1581704950,1,DORA-USDT
2022-07-26 06:00:00,1658786400000,2.5740000000,2.5780000000,2.5330000000,2.5670000000,27091.4450590000,69282.7432862900,69282.7432862900,1,DORA-USDT
2022-07-26 07:00:00,1658790000000,2.5660000000,2.5690000000,2.4670000000,2.5020000000,68661.3943490000,172737.3034219080,172737.3034219080,1,DORA-USDT
2022-07-26 08:00:00,1658793600000,2.5090000000,2.5200000000,2.4860000000,2.5110000000,39047.6754550000,97691.4052099760,97691.4052099760,1,DORA-USDT
2022-07-26 09:00:00,1658797200000,2.5120000000,2.5410000000,2.4760000000,2.4780000000,33626.9706730000,84299.2039414880,84299.2039414880,1,DORA-USDT
2022-07-26 10:00:00,1658800800000,2.4810000000,2.4960000000,2.4730000000,2.4860000000,17868.9266710000,44425.1229328870,44425.1229328870,1,DORA-USDT
2022-07-26 11:00:00,1658804400000,2.4860000000,2.5000000000,2.4620000000,2.4950000000,21747.1130640000,54043.1367563230,54043.1367563230,1,DORA-USDT
2022-07-26 12:00:00,1658808000000,2.4920000000,2.5150000000,2.4820000000,2.4950000000,13328.3070190000,33283.6776820150,33283.6776820150,1,DORA-USDT
2022-07-26 13:00:00,1658811600000,2.4940000000,2.4970000000,2.4740000000,2.4920000000,14508.2667850000,36082.5787587730,36082.5787587730,1,DORA-USDT
2022-07-26 14:00:00,1658815200000,2.4890000000,2.5080000000,2.4700000000,2.4720000000,24697.9339330000,61400.2206698770,61400.2206698770,1,DORA-USDT
2022-07-26 15:00:00,1658818800000,2.4720000000,2.4860000000,2.4590000000,2.4630000000,17001.8111120000,42007.4499546230,42007.4499546230,1,DORA-USDT
2022-07-26 16:00:00,1658822400000,2.4630000000,2.4660000000,2.4300000000,2.4420000000,22990.5374190000,56194.4236444450,56194.4236444450,1,DORA-USDT
2022-07-26 17:00:00,1658826000000,2.4430000000,2.4720000000,2.4370000000,2.4680000000,15333.8123340000,37648.9416481470,37648.9416481470,1,DORA-USDT
2022-07-26 18:00:00,1658829600000,2.4660000000,2.4800000000,2.4440000000,2.4470000000,13673.2819730000,33587.5441366380,33587.5441366380,1,DORA-USDT
2022-07-26 19:00:00,1658833200000,2.4460000000,2.4610000000,2.4250000000,2.4420000000,17060.3439270000,41713.3184580380,41713.3184580380,1,DORA-USDT
2022-07-26 20:00:00,1658836800000,2.4410000000,2.4560000000,2.4010000000,2.4020000000,28790.8699330000,69980.3054053090,69980.3054053090,1,DORA-USDT
2022-07-26 21:00:00,1658840400000,2.4020000000,2.4090000000,2.3770000000,2.4010000000,27184.9903550000,65175.8223222120,65175.8223222120,1,DORA-USDT
2022-07-26 22:00:00,1658844000000,2.3990000000,2.4180000000,2.3900000000,2.4100000000,26506.4572090000,63754.4406307100,63754.4406307100,1,DORA-USDT
2022-07-26 23:00:00,1658847600000,2.4100000000,2.4110000000,2.3660000000,2.3790000000,22454.3255780000,53654.4067551820,53654.4067551820,1,DORA-USDT
2022-07-27 00:00:00,1658851200000,2.3800000000,2.4290000000,2.3730000000,2.4070000000,40660.9531910000,97861.7164332000,97861.7164332000,1,DORA-USDT
2022-07-27 01:00:00,1658854800000,2.4060000000,2.4210000000,2.3910000000,2.3960000000,25671.1383950000,61757.8622755350,61757.8622755350,1,DORA-USDT
2022-07-27 02:00:00,1658858400000,2.3950000000,2.4140000000,2.3860000000,2.4010000000,19697.3636160000,47293.1475900730,47293.1475900730,1,DORA-USDT
2022-07-27 03:00:00,1658862000000,2.4010000000,2.4100000000,2.3720000000,2.3850000000,21671.5794220000,51777.2799744640,51777.2799744640,1,DORA-USDT
2022-07-27 04:00:00,1658865600000,2.3870000000,2.4220000000,2.3780000000,2.4200000000,23160.6473690000,55712.6825756760,55712.6825756760,1,DORA-USDT
2022-07-27 05:00:00,1658869200000,2.4210000000,2.4440000000,2.4000000000,2.4120000000,30617.2246840000,74167.0447185290,74167.0447185290,1,DORA-USDT
2022-07-27 06:00:00,1658872800000,2.4110000000,2.4390000000,2.3980000000,2.4190000000,28343.1286160000,68662.0688551710,68662.0688551710,1,DORA-USDT
2022-07-27 07:00:00,1658876400000,2.4180000000,2.4460000000,2.4080000000,2.4450000000,22339.2994140000,54260.4941327400,54260.4941327400,1,DORA-USDT
2022-07-27 08:00:00,1658880000000,2.4430000000,2.4600000000,2.4280000000,2.4340000000,20312.1752130000,49571.7143472470,49571.7143472470,1,DORA-USDT
2022-07-27 09:00:00,1658883600000,2.4330000000,2.4570000000,2.4300000000,2.4330000000,16177.3605450000,39467.2366968930,39467.2366968930,1,DORA-USDT
2022-07-27 10:00:00,1658887200000,2.4320000000,2.4490000000,2.4270000000,2.4370000000,10925.5818240000,26610.0182913210,26610.0182913210,1,DORA-USDT
2022-07-27 11:00:00,1658890800000,2.4370000000,2.4520000000,2.4300000000,2.4440000000,15747.4167050000,38400.7125819180,38400.7125819180,1,DORA-USDT
2022-07-27 12:00:00,1658894400000,2.4440000000,2.4610000000,2.4370000000,2.4530000000,11749.6564040000,28736.2960781330,28736.2960781330,1,DORA-USDT
2022-07-27 13:00:00,1658898000000,2.4530000000,2.4900000000,2.4460000000,2.4650000000,26213.4701480000,64707.1800658710,64707.1800658710,1,DORA-USDT
2022-07-27 14:00:00,1658901600000,2.4680000000,2.4820000000,2.4550000000,2.4670000000,22964.9873250000,56659.5819816920,56659.5819816920,1,DORA-USDT
2022-07-27 15:00:00,1658905200000,2.4700000000,2.4890000000,2.4570000000,2.4680000000,26646.6900300000,65960.5892209110,65960.5892209110,1,DORA-USDT
2022-07-27 16:00:00,1658908800000,2.4680000000,2.4780000000,2.4520000000,2.4530000000,15425.8172950000,37990.4125764760,37990.4125764760,1,DORA-USDT
2022-07-27 17:00:00,1658912400000,2.4530000000,2.4670000000,2.4350000000,2.4360000000,20867.6594360000,51151.4661008640,51151.4661008640,1,DORA-USDT
2022-07-27 18:00:00,1658916000000,2.4380000000,2.4560000000,2.4350000000,2.4420000000,15507.4774360000,37922.9103294810,37922.9103294810,1,DORA-USDT
2022-07-27 19:00:00,1658919600000,2.4390000000,2.4710000000,2.4370000000,2.4450000000,19190.2844040000,47088.7027919510,47088.7027919510,1,DORA-USDT
2022-07-27 20:00:00,1658923200000,2.4400000000,2.4710000000,2.4400000000,2.4690000000,17905.4859590000,43957.5052505060,43957.5052505060,1,DORA-USDT
2022-07-27 21:00:00,1658926800000,2.4670000000,2.4740000000,2.4500000000,2.4710000000,17684.2196010000,43533.1523761350,43533.1523761350,1,DORA-USDT
2022-07-27 22:00:00,1658930400000,2.4710000000,2.4740000000,2.4440000000,2.4460000000,17198.0835960000,42211.0225138190,42211.0225138190,1,DORA-USDT
2022-07-27 23:00:00,1658934000000,2.4470000000,2.4640000000,2.4410000000,2.4620000000,17043.1663540000,41783.8770493780,41783.8770493780,1,DORA-USDT
2022-07-28 00:00:00,1658937600000,2.4600000000,2.4870000000,2.4250000000,2.4320000000,32038.8664200000,78743.4919994770,78743.4919994770,1,DORA-USDT
2022-07-28 01:00:00,1658941200000,2.4310000000,2.5100000000,2.4250000000,2.4900000000,43122.0865070000,106586.5220211910,106586.5220211910,1,DORA-USDT
2022-07-28 02:00:00,1658944800000,2.4910000000,2.5450000000,2.4610000000,2.5280000000,47811.1464910000,120239.5069350260,120239.5069350260,1,DORA-USDT
2022-07-28 03:00:00,1658948400000,2.5310000000,2.5490000000,2.5210000000,2.5300000000,16761.4272450000,42517.0334969200,42517.0334969200,1,DORA-USDT
2022-07-28 04:00:00,1658952000000,2.5290000000,2.5460000000,2.5240000000,2.5360000000,17276.8636200000,43796.8895521970,43796.8895521970,1,DORA-USDT
2022-07-28 05:00:00,1658955600000,2.5380000000,2.5390000000,2.5060000000,2.5280000000,22995.4036790000,58085.8911865170,58085.8911865170,1,DORA-USDT
2022-07-28 06:00:00,1658959200000,2.5330000000,2.5570000000,2.5270000000,2.5530000000,18835.1022520000,47884.5555403850,47884.5555403850,1,DORA-USDT
2022-07-28 07:00:00,1658962800000,2.5510000000,2.5950000000,2.5500000000,2.5900000000,31462.7664230000,80902.9989745440,80902.9989745440,1,DORA-USDT
2022-07-28 08:00:00,1658966400000,2.5900000000,2.6050000000,2.5690000000,2.5760000000,27482.2695970000,70994.1210988110,70994.1210988110,1,DORA-USDT
2022-07-28 09:00:00,1658970000000,2.5750000000,2.5890000000,2.5700000000,2.5770000000,9788.2044300000,25265.6776809000,25265.6776809000,1,DORA-USDT
2022-07-28 10:00:00,1658973600000,2.5780000000,2.6050000000,2.5430000000,2.5760000000,42610.4279440000,109656.9736113890,109656.9736113890,1,DORA-USDT
2022-07-28 11:00:00,1658977200000,2.5770000000,2.6150000000,2.5460000000,2.5950000000,40331.4783190000,104045.5071591080,104045.5071591080,1,DORA-USDT
2022-07-28 12:00:00,1658980800000,2.5960000000,2.5990000000,2.5750000000,2.5780000000,17365.8004750000,44883.9037870210,44883.9037870210,1,DORA-USDT
2022-07-28 13:00:00,1658984400000,2.5840000000,2.6010000000,2.5750000000,2.5970000000,15128.4938300000,39125.3871390450,39125.3871390450,1,DORA-USDT
2022-07-28 14:00:00,1658988000000,2.5930000000,2.6060000000,2.5800000000,2.5800000000,16121.9557840000,41836.0142022690,41836.0142022690,1,DORA-USDT
2022-07-28 15:00:00,1658991600000,2.5870000000,2.5890000000,2.5500000000,2.5640000000,19061.2380580000,49042.9432214230,49042.9432214230,1,DORA-USDT
2022-07-28 16:00:00,1658995200000,2.5600000000,2.5640000000,2.5130000000,2.5590000000,34566.5008720000,87883.9354744220,87883.9354744220,1,DORA-USDT
2022-07-28 17:00:00,1658998800000,2.5590000000,2.5720000000,2.5470000000,2.5550000000,10180.2806920000,26035.0896157950,26035.0896157950,1,DORA-USDT
2022-07-28 18:00:00,1659002400000,2.5570000000,2.6010000000,2.5510000000,2.5800000000,24631.4438560000,63507.5281278990,63507.5281278990,1,DORA-USDT
2022-07-28 19:00:00,1659006000000,2.5800000000,2.6140000000,2.5770000000,2.6110000000,19326.1288330000,50258.2648479110,50258.2648479110,1,DORA-USDT
2022-07-28 20:00:00,1659009600000,2.6130000000,2.6160000000,2.5600000000,2.5780000000,38211.2646600000,98835.1269160710,98835.1269160710,1,DORA-USDT
2022-07-28 21:00:00,1659013200000,2.5760000000,2.6480000000,2.5740000000,2.6000000000,38108.6613580000,99526.1766446940,99526.1766446940,1,DORA-USDT
2022-07-28 22:00:00,1659016800000,2.6040000000,2.6150000000,2.5950000000,2.6140000000,15349.6886260000,39991.3679163660,39991.3679163660,1,DORA-USDT
2022-07-28 23:00:00,1659020400000,2.6080000000,2.6450000000,2.5500000000,2.6200000000,60576.0678590000,157330.0082496290,157330.0082496290,1,DORA-USDT
2022-07-29 00:00:00,1659024000000,2.6230000000,2.7230000000,2.6150000000,2.6460000000,44509.1386270000,118704.7284200210,118704.7284200210,1,DORA-USDT
2022-07-29 01:00:00,1659027600000,2.6470000000,2.6590000000,2.6180000000,2.6560000000,21286.6292000000,56326.8217747920,56326.8217747920,1,DORA-USDT
2022-07-29 02:00:00,1659031200000,2.6550000000,2.6570000000,2.6210000000,2.6330000000,17241.7054340000,45390.4643264260,45390.4643264260,1,DORA-USDT
2022-07-29 03:00:00,1659034800000,2.6310000000,2.6480000000,2.6090000000,2.6270000000,17846.2174410000,46969.5211280470,46969.5211280470,1,DORA-USDT
2022-07-29 04:00:00,1659038400000,2.6280000000,2.6620000000,2.6250000000,2.6480000000,29501.7487510000,77923.7130705910,77923.7130705910,1,DORA-USDT
2022-07-29 05:00:00,1659042000000,2.6450000000,2.6520000000,2.6040000000,2.6220000000,23620.1159820000,62067.3433256090,62067.3433256090,1,DORA-USDT
2022-07-29 06:00:00,1659045600000,2.6210000000,2.6280000000,2.6040000000,2.6240000000,21635.8215300000,56624.9628628130,56624.9628628130,1,DORA-USDT
2022-07-29 07:00:00,1659049200000,2.6240000000,2.6240000000,2.5800000000,2.5900000000,20240.4566260000,52591.6082871240,52591.6082871240,1,DORA-USDT
2022-07-29 08:00:00,1659052800000,2.5920000000,2.6160000000,2.5630000000,2.6060000000,36594.1888560000,94797.5889971390,94797.5889971390,1,DORA-USDT
2022-07-29 09:00:00,1659056400000,2.6120000000,2.6550000000,2.6030000000,2.6500000000,23425.0191030000,61544.1874776560,61544.1874776560,1,DORA-USDT
2022-07-29 10:00:00,1659060000000,2.6530000000,2.7000000000,2.6480000000,2.6740000000,28379.5904030000,75897.7884367520,75897.7884367520,1,DORA-USDT
2022-07-29 11:00:00,1659063600000,2.6760000000,2.6820000000,2.6700000000,2.6790000000,10245.7776870000,27415.6557049320,27415.6557049320,1,DORA-USDT
2022-07-29 12:00:00,1659067200000,2.6730000000,2.7200000000,2.6730000000,2.7110000000,23649.5149120000,63774.7172763690,63774.7172763690,1,DORA-USDT
2022-07-29 13:00:00,1659070800000,2.7120000000,2.7690000000,2.6990000000,2.7080000000,48524.6208310000,132595.8612508200,132595.8612508200,1,DORA-USDT
2022-07-29 14:00:00,1659074400000,2.7110000000,2.7200000000,2.6660000000,2.6750000000,25353.1817000000,68469.5196349990,68469.5196349990,1,DORA-USDT
2022-07-29 15:00:00,1659078000000,2.6710000000,2.6790000000,2.6120000000,2.6230000000,42529.9761940000,112239.1189365560,112239.1189365560,1,DORA-USDT
2022-07-29 16:00:00,1659081600000,2.6250000000,2.6800000000,2.6250000000,2.6390000000,38235.6944540000,101235.6066609340,101235.6066609340,1,DORA-USDT
2022-07-29 17:00:00,1659085200000,2.6440000000,2.7200000000,2.6150000000,2.6860000000,61052.2979540000,161603.6380453330,161603.6380453330,1,DORA-USDT
2022-07-29 18:00:00,1659088800000,2.6850000000,2.7070000000,2.6120000000,2.6260000000,39790.4596730000,105629.4248562440,105629.4248562440,1,DORA-USDT
2022-07-29 19:00:00,1659092400000,2.6220000000,2.6380000000,2.5470000000,2.5680000000,58217.1421850000,150654.5652759570,150654.5652759570,1,DORA-USDT
2022-07-29 20:00:00,1659096000000,2.5710000000,2.5900000000,2.5490000000,2.5890000000,29396.7983760000,75604.8956187000,75604.8956187000,1,DORA-USDT
2022-07-29 21:00:00,1659099600000,2.5880000000,2.6220000000,2.5720000000,2.6110000000,29805.8423880000,77480.0464818350,77480.0464818350,1,DORA-USDT
2022-07-29 22:00:00,1659103200000,2.6100000000,2.6480000000,2.6100000000,2.6200000000,29675.6239740000,78126.8366934440,78126.8366934440,1,DORA-USDT
2022-07-29 23:00:00,1659106800000,2.6140000000,2.6820000000,2.6140000000,2.6730000000,26394.1957600000,69854.2221594480,69854.2221594480,1,DORA-USDT
2022-07-30 00:00:00,1659110400000,2.6760000000,2.7850000000,2.6280000000,2.7200000000,98078.6219420000,265589.8204794560,265589.8204794560,1,DORA-USDT
2022-07-30 01:00:00,1659114000000,2.7220000000,2.7870000000,2.6840000000,2.6880000000,64404.0139970000,176643.6460145610,176643.6460145610,1,DORA-USDT
2022-07-30 02:00:00,1659117600000,2.6920000000,2.7050000000,2.6480000000,2.6760000000,46444.0775440000,124332.0331747230,124332.0331747230,1,DORA-USDT
2022-07-30 03:00:00,1659121200000,2.6750000000,2.7170000000,2.6280000000,2.6740000000,33327.2606460000,89341.8783616480,89341.8783616480,1,DORA-USDT
2022-07-30 04:00:00,1659124800000,2.6780000000,2.6940000000,2.6580000000,2.6710000000,30799.0437830000,82327.6857381300,82327.6857381300,1,DORA-USDT
2022-07-30 05:00:00,1659128400000,2.6730000000,2.6850000000,2.6510000000,2.6780000000,21503.9663990000,57403.6005291180,57403.6005291180,1,DORA-USDT
2022-07-30 06:00:00,1659132000000,2.6790000000,2.6940000000,2.6550000000,2.6800000000,22765.2913370000,60977.6717407850,60977.6717407850,1,DORA-USDT
2022-07-30 07:00:00,1659135600000,2.6800000000,2.6960000000,2.6230000000,2.6250000000,32297.0043380000,86045.4228182360,86045.4228182360,1,DORA-USDT
2022-07-30 08:00:00,1659139200000,2.6240000000,2.6430000000,2.6010000000,2.6270000000,32542.8657440000,85263.5896784590,85263.5896784590,1,DORA-USDT
2022-07-30 09:00:00,1659142800000,2.6250000000,2.6680000000,2.6200000000,2.6560000000,36960.2425080000,97696.2439621870,97696.2439621870,1,DORA-USDT
2022-07-30 10:00:00,1659146400000,2.6600000000,2.6780000000,2.6320000000,2.6700000000,29190.6532810000,77378.4066684570,77378.4066684570,1,DORA-USDT
2022-07-30 11:00:00,1659150000000,2.6670000000,2.6820000000,2.6480000000,2.6660000000,23382.2060670000,62361.9535376350,62361.9535376350,1,DORA-USDT
2022-07-30 12:00:00,1659153600000,2.6660000000,2.6890000000,2.6450000000,2.6770000000,22863.6825890000,61031.7966273420,61031.7966273420,1,DORA-USDT
2022-07-30 13:00:00,1659157200000,2.6720000000,2.6970000000,2.6680000000,2.6970000000,13461.3399970000,36168.4421381550,36168.4421381550,1,DORA-USDT
2022-07-30 14:00:00,1659160800000,2.6960000000,2.7300000000,2.6880000000,2.7180000000,22789.5631090000,61703.7203216080,61703.7203216080,1,DORA-USDT
2022-07-30 15:00:00,1659164400000,2.7160000000,2.7530000000,2.6990000000,2.7100000000,37025.1156220000,100835.0215024840,100835.0215024840,1,DORA-USDT
2022-07-30 16:00:00,1659168000000,2.7060000000,2.7320000000,2.7030000000,2.7290000000,16941.7510530000,46073.1278671910,46073.1278671910,1,DORA-USDT
2022-07-30 17:00:00,1659171600000,2.7310000000,2.7390000000,2.6940000000,2.6980000000,20356.1425580000,55369.0628132680,55369.0628132680,1,DORA-USDT
2022-07-30 18:00:00,1659175200000,2.6980000000,2.7020000000,2.6380000000,2.6490000000,39252.3278750000,104300.6980914420,104300.6980914420,1,DORA-USDT
2022-07-30 19:00:00,1659178800000,2.6470000000,2.7000000000,2.6430000000,2.6980000000,23574.3575350000,63010.5186911830,63010.5186911830,1,DORA-USDT
2022-07-30 20:00:00,1659182400000,2.6970000000,2.7310000000,2.6900000000,2.7290000000,19581.3047840000,53051.5607394890,53051.5607394890,1,DORA-USDT
2022-07-30 21:00:00,1659186000000,2.7280000000,2.7360000000,2.6800000000,2.6960000000,34253.5498690000,92833.8576398740,92833.8576398740,1,DORA-USDT
2022-07-30 22:00:00,1659189600000,2.6980000000,2.7120000000,2.6810000000,2.7000000000,23500.6951660000,63419.9923396020,63419.9923396020,1,DORA-USDT
2022-07-30 23:00:00,1659193200000,2.6920000000,2.7770000000,2.6820000000,2.7690000000,24133.5920940000,65740.1379045630,65740.1379045630,1,DORA-USDT
2022-07-31 00:00:00,1659196800000,2.7670000000,2.7810000000,2.7190000000,2.7790000000,27729.3984570000,76346.1568028560,76346.1568028560,1,DORA-USDT
2022-07-31 01:00:00,1659200400000,2.7780000000,2.8100000000,2.7470000000,2.7780000000,31835.2631230000,88518.0983304340,88518.0983304340,1,DORA-USDT
2022-07-31 02:00:00,1659204000000,2.7740000000,2.7970000000,2.7620000000,2.7930000000,23313.8190280000,64893.0574573810,64893.0574573810,1,DORA-USDT
2022-07-31 03:00:00,1659207600000,2.7910000000,2.7950000000,2.7280000000,2.7350000000,26254.3034860000,72511.3042822400,72511.3042822400,1,DORA-USDT
2022-07-31 04:00:00,1659211200000,2.7340000000,2.7460000000,2.7070000000,2.7090000000,18154.7825680000,49439.9990553890,49439.9990553890,1,DORA-USDT
2022-07-31 05:00:00,1659214800000,2.7080000000,2.7230000000,2.7000000000,2.7060000000,16166.1886680000,43775.6776347600,43775.6776347600,1,DORA-USDT
2022-07-31 06:00:00,1659218400000,2.7060000000,2.7210000000,2.6920000000,2.6940000000,16943.1742880000,45817.5524323620,45817.5524323620,1,DORA-USDT
2022-07-31 07:00:00,1659222000000,2.6950000000,2.7050000000,2.6670000000,2.6750000000,29047.3103910000,77938.7393287650,77938.7393287650,1,DORA-USDT
2022-07-31 08:00:00,1659225600000,2.6740000000,2.7240000000,2.6690000000,2.7120000000,25392.3883590000,68524.8908925720,68524.8908925720,1,DORA-USDT
2022-07-31 09:00:00,1659229200000,2.7120000000,2.7240000000,2.7040000000,2.7150000000,11233.9299240000,30486.9266375010,30486.9266375010,1,DORA-USDT
2022-07-31 10:00:00,1659232800000,2.7140000000,2.7270000000,2.7100000000,2.7190000000,11253.9430160000,30610.2931821380,30610.2931821380,1,DORA-USDT
2022-07-31 11:00:00,1659236400000,2.7210000000,2.7480000000,2.7030000000,2.7270000000,17044.6438380000,46334.1756687290,46334.1756687290,1,DORA-USDT
2022-07-31 12:00:00,1659240000000,2.7280000000,2.7680000000,2.7280000000,2.7630000000,17600.0956210000,48399.4467921660,48399.4467921660,1,DORA-USDT
2022-07-31 13:00:00,1659243600000,2.7650000000,2.8200000000,2.7580000000,2.7990000000,35288.5139150000,98616.4961998070,98616.4961998070,1,DORA-USDT
2022-07-31 14:00:00,1659247200000,2.8000000000,2.8200000000,2.7580000000,2.7800000000,34983.8123800000,97596.7350959400,97596.7350959400,1,DORA-USDT
2022-07-31 15:00:00,1659250800000,2.7810000000,2.7920000000,2.7610000000,2.7810000000,24651.5578590000,68475.1291817180,68475.1291817180,1,DORA-USDT
2022-07-31 16:00:00,1659254400000,2.7820000000,2.7850000000,2.7040000000,2.7060000000,29296.3485430000,80354.4902123460,80354.4902123460,1,DORA-USDT
2022-07-31 17:00:00,1659258000000,2.7030000000,2.7340000000,2.6940000000,2.7250000000,23763.5998090000,64484.3840987400,64484.3840987400,1,DORA-USDT
2022-07-31 18:00:00,1659261600000,2.7290000000,2.7600000000,2.7200000000,2.7570000000,21415.1795820000,58739.7112915840,58739.7112915840,1,DORA-USDT
2022-07-31 19:00:00,1659265200000,2.7590000000,2.7880000000,2.7400000000,2.7850000000,22437.9608470000,62066.7661258740,62066.7661258740,1,DORA-USDT
2022-07-31 20:00:00,1659268800000,2.7840000000,2.8040000000,2.7470000000,2.7630000000,23457.1088740000,64860.6709311800,64860.6709311800,1,DORA-USDT
2022-07-31 21:00:00,1659272400000,2.7630000000,2.7660000000,2.7390000000,2.7530000000,17312.9060520000,47623.8984103540,47623.8984103540,1,DORA-USDT
2022-07-31 22:00:00,1659276000000,2.7510000000,2.7720000000,2.7340000000,2.7420000000,24939.9410450000,68698.3273028480,68698.3273028480,1,DORA-USDT
2022-07-31 23:00:00,1659279600000,2.7430000000,2.7620000000,2.7120000000,2.7440000000,27108.5355070000,74013.2785580390,74013.2785580390,1,DORA-USDT
2022-08-01 00:00:00,1659283200000,2.7530000000,2.8290000000,2.7370000000,2.8170000000,45247.0585080000,125846.3211546510,125846.3211546510,1,DORA-USDT
2022-08-01 01:00:00,1659286800000,2.8210000000,2.8260000000,2.8020000000,2.8100000000,19207.2323830000,53993.1156457180,53993.1156457180,1,DORA-USDT
2022-08-01 02:00:00,1659290400000,2.8090000000,2.8240000000,2.7610000000,2.7710000000,31875.8235760000,88919.5714403250,88919.5714403250,1,DORA-USDT
2022-08-01 03:00:00,1659294000000,2.7750000000,2.8080000000,2.7690000000,2.8060000000,17356.1719450000,48507.4584840110,48507.4584840110,1,DORA-USDT
2022-08-01 04:00:00,1659297600000,2.8050000000,2.8060000000,2.7700000000,2.7750000000,14033.4101390000,39098.6121145220,39098.6121145220,1,DORA-USDT
2022-08-01 05:00:00,1659301200000,2.7730000000,2.7730000000,2.7200000000,2.7270000000,23300.5209210000,63960.8773721600,63960.8773721600,1,DORA-USDT
2022-08-01 06:00:00,1659304800000,2.7270000000,2.7290000000,2.6370000000,2.6480000000,31470.7233080000,84241.5829162580,84241.5829162580,1,DORA-USDT
2022-08-01 07:00:00,1659308400000,2.6510000000,2.6640000000,2.6060000000,2.6190000000,31198.3620700000,82265.6838024610,82265.6838024610,1,DORA-USDT
2022-08-01 08:00:00,1659312000000,2.6210000000,2.6730000000,2.6150000000,2.6660000000,27162.5427020000,71892.4671510300,71892.4671510300,1,DORA-USDT
2022-08-01 09:00:00,1659315600000,2.6660000000,2.6920000000,2.6510000000,2.6780000000,21304.7960470000,56990.2170008260,56990.2170008260,1,DORA-USDT
2022-08-01 10:00:00,1659319200000,2.6750000000,2.6990000000,2.6560000000,2.6860000000,24293.0039710000,64962.6234962470,64962.6234962470,1,DORA-USDT
2022-08-01 11:00:00,1659322800000,2.6890000000,2.7000000000,2.6700000000,2.6950000000,21232.7330760000,57009.7943349710,57009.7943349710,1,DORA-USDT
2022-08-01 12:00:00,1659326400000,2.6950000000,2.7060000000,2.6900000000,2.7040000000,11078.8553760000,29886.9303615700,29886.9303615700,1,DORA-USDT
2022-08-01 13:00:00,1659330000000,2.7040000000,2.7080000000,2.6600000000,2.6780000000,22886.1989850000,61527.8522941700,61527.8522941700,1,DORA-USDT
2022-08-01 14:00:00,1659333600000,2.6790000000,2.6860000000,2.6350000000,2.6590000000,27246.0848310000,72389.2643249270,72389.2643249270,1,DORA-USDT
2022-08-01 15:00:00,1659337200000,2.6570000000,2.7000000000,2.6480000000,2.6840000000,28590.5880750000,76453.7726875090,76453.7726875090,1,DORA-USDT
2022-08-01 16:00:00,1659340800000,2.6790000000,2.6960000000,2.6700000000,2.6850000000,20373.4558330000,54667.9879967650,54667.9879967650,1,DORA-USDT
2022-08-01 17:00:00,1659344400000,2.6900000000,2.6960000000,2.6730000000,2.6770000000,11054.2819790000,29676.6375648570,29676.6375648570,1,DORA-USDT
2022-08-01 18:00:00,1659348000000,2.6760000000,2.6910000000,2.6660000000,2.6760000000,24308.1700780000,65047.3881531450,65047.3881531450,1,DORA-USDT
2022-08-01 19:00:00,1659351600000,2.6760000000,2.7500000000,2.6670000000,2.7420000000,48115.4133600000,130723.8946928170,130723.8946928170,1,DORA-USDT
2022-08-01 20:00:00,1659355200000,2.7400000000,2.7480000000,2.7140000000,2.7200000000,25542.5779660000,69758.1395200200,69758.1395200200,1,DORA-USDT
2022-08-01 21:00:00,1659358800000,2.7220000000,2.7400000000,2.6860000000,2.7310000000,31526.7610600000,85410.7190639540,85410.7190639540,1,DORA-USDT
2022-08-01 22:00:00,1659362400000,2.7350000000,2.7950000000,2.7350000000,2.7870000000,30575.9393760000,84606.5057192420,84606.5057192420,1,DORA-USDT
2022-08-01 23:00:00,1659366000000,2.7850000000,2.8180000000,2.7740000000,2.8070000000,21306.1500190000,59590.5510112180,59590.5510112180,1,DORA-USDT
2022-08-02 00:00:00,1659369600000,2.8140000000,2.8150000000,2.7820000000,2.7940000000,16373.4996210000,45889.3230153210,45889.3230153210,1,DORA-USDT
2022-08-02 01:00:00,1659373200000,2.7950000000,2.7950000000,2.7350000000,2.7350000000,27641.2261170000,76303.4523877690,76303.4523877690,1,DORA-USDT
2022-08-02 02:00:00,1659376800000,2.7370000000,2.7400000000,2.7060000000,2.7360000000,17431.8828750000,47483.7985028180,47483.7985028180,1,DORA-USDT
2022-08-02 03:00:00,1659380400000,2.7370000000,2.7400000000,2.7240000000,2.7380000000,11528.5500370000,31524.0206641470,31524.0206641470,1,DORA-USDT
2022-08-02 04:00:00,1659384000000,2.7390000000,2.7680000000,2.7330000000,2.7650000000,16747.2639650000,46134.3786096050,46134.3786096050,1,DORA-USDT
2022-08-02 05:00:00,1659387600000,2.7650000000,2.7690000000,2.7440000000,2.7630000000,16538.4229600000,45637.6045325310,45637.6045325310,1,DORA-USDT
2022-08-02 06:00:00,1659391200000,2.7630000000,2.7980000000,2.7620000000,2.7950000000,15415.2446040000,42898.3242181980,42898.3242181980,1,DORA-USDT
2022-08-02 07:00:00,1659394800000,2.7940000000,2.8500000000,2.7880000000,2.8170000000,38603.6176090000,108804.4910027520,108804.4910027520,1,DORA-USDT
2022-08-02 08:00:00,1659398400000,2.8170000000,2.8480000000,2.7900000000,2.8060000000,32768.3398980000,92495.1746051890,92495.1746051890,1,DORA-USDT
2022-08-02 09:00:00,1659402000000,2.8060000000,2.8180000000,2.7320000000,2.7450000000,38475.0072770000,106945.5315745700,106945.5315745700,1,DORA-USDT
2022-08-02 10:00:00,1659405600000,2.7400000000,2.7520000000,2.6890000000,2.7070000000,24581.2966140000,67093.1395086910,67093.1395086910,1,DORA-USDT
2022-08-02 11:00:00,1659409200000,2.7050000000,2.7070000000,2.6240000000,2.6300000000,41642.0056350000,110677.0021632150,110677.0021632150,1,DORA-USDT
2022-08-02 12:00:00,1659412800000,2.6310000000,2.6480000000,2.5780000000,2.5910000000,35561.3097100000,92969.9221116850,92969.9221116850,1,DORA-USDT
2022-08-02 13:00:00,1659416400000,2.5910000000,2.6190000000,2.5850000000,2.6100000000,26790.3712680000,69767.1320702550,69767.1320702550,1,DORA-USDT
2022-08-02 14:00:00,1659420000000,2.6090000000,2.6550000000,2.6050000000,2.6460000000,24563.0638170000,64706.2373125860,64706.2373125860,1,DORA-USDT
2022-08-02 15:00:00,1659423600000,2.6480000000,2.6770000000,2.6200000000,2.6380000000,31947.8802250000,84359.6315736330,84359.6315736330,1,DORA-USDT
2022-08-02 16:00:00,1659427200000,2.6360000000,2.6370000000,2.6020000000,2.6060000000,20668.9222140000,54175.4223700170,54175.4223700170,1,DORA-USDT
2022-08-02 17:00:00,1659430800000,2.6040000000,2.6140000000,2.5930000000,2.6050000000,14311.8229770000,37267.3053618080,37267.3053618080,1,DORA-USDT
2022-08-02 18:00:00,1659434400000,2.6040000000,2.6790000000,2.6030000000,2.6720000000,30757.1455110000,81293.5558769210,81293.5558769210,1,DORA-USDT
2022-08-02 19:00:00,1659438000000,2.6710000000,2.6720000000,2.6300000000,2.6510000000,35828.5558660000,94733.8279979630,94733.8279979630,1,DORA-USDT
2022-08-02 20:00:00,1659441600000,2.6480000000,2.6500000000,2.5880000000,2.6040000000,35483.3918230000,92830.9962343950,92830.9962343950,1,DORA-USDT
2022-08-02 21:00:00,1659445200000,2.6030000000,2.6210000000,2.5820000000,2.5900000000,21858.7423000000,56874.4399838630,56874.4399838630,1,DORA-USDT
2022-08-02 22:00:00,1659448800000,2.5910000000,2.6480000000,2.5670000000,2.6380000000,36715.4901950000,95771.0864008710,95771.0864008710,1,DORA-USDT
2022-08-02 23:00:00,1659452400000,2.6400000000,2.6580000000,2.6200000000,2.6550000000,23372.6107650000,61679.8079033420,61679.8079033420,1,DORA-USDT
2022-08-03 00:00:00,1659456000000,2.6530000000,3.0660000000,2.6530000000,2.9250000000,244363.8033740000,705397.9824437289,705397.9824437289,1,DORA-USDT
2022-08-03 01:00:00,1659459600000,2.9240000000,2.9390000000,2.8140000000,2.8380000000,69930.2255450000,201967.8391025180,201967.8391025180,1,DORA-USDT
2022-08-03 02:00:00,1659463200000,2.8330000000,2.8710000000,2.7890000000,2.8030000000,55098.0081390000,156169.5468823720,156169.5468823720,1,DORA-USDT
2022-08-03 03:00:00,1659466800000,2.8010000000,2.8180000000,2.7200000000,2.7820000000,44876.2673440000,124432.1590870570,124432.1590870570,1,DORA-USDT
2022-08-03 04:00:00,1659470400000,2.7840000000,2.8620000000,2.7810000000,2.8430000000,29077.6142860000,82161.3762725940,82161.3762725940,1,DORA-USDT
2022-08-03 05:00:00,1659474000000,2.8440000000,2.8580000000,2.8080000000,2.8230000000,25011.3270180000,70858.8914033110,70858.8914033110,1,DORA-USDT
2022-08-03 06:00:00,1659477600000,2.8150000000,2.9080000000,2.8150000000,2.8800000000,42735.1313800000,122488.4606545650,122488.4606545650,1,DORA-USDT
2022-08-03 07:00:00,1659481200000,2.8800000000,2.8800000000,2.7640000000,2.7800000000,48816.3561960000,137832.0970072310,137832.0970072310,1,DORA-USDT
2022-08-03 08:00:00,1659484800000,2.7820000000,2.8370000000,2.7400000000,2.7430000000,67074.5663090000,186876.3752966600,186876.3752966600,1,DORA-USDT
2022-08-03 09:00:00,1659488400000,2.7450000000,2.8130000000,2.7340000000,2.8040000000,54830.5786320000,152105.1974954030,152105.1974954030,1,DORA-USDT
2022-08-03 10:00:00,1659492000000,2.8010000000,2.8160000000,2.7800000000,2.7860000000,30446.6438230000,85200.1617233830,85200.1617233830,1,DORA-USDT
2022-08-03 11:00:00,1659495600000,2.7860000000,2.8900000000,2.7840000000,2.8900000000,47118.1264430000,133914.3871224580,133914.3871224580,1,DORA-USDT
2022-08-03 12:00:00,1659499200000,2.8880000000,2.9000000000,2.8460000000,2.8640000000,33486.6255700000,96120.1423967040,96120.1423967040,1,DORA-USDT
2022-08-03 13:00:00,1659502800000,2.8620000000,2.9340000000,2.8610000000,2.9070000000,29868.2079590000,86520.5068156010,86520.5068156010,1,DORA-USDT
2022-08-03 14:00:00,1659506400000,2.9080000000,2.9160000000,2.8730000000,2.9060000000,28421.8012110000,82308.2715289990,82308.2715289990,1,DORA-USDT
2022-08-03 15:00:00,1659510000000,2.9030000000,2.9120000000,2.8520000000,2.8640000000,24023.1216650000,69148.7726114340,69148.7726114340,1,DORA-USDT
2022-08-03 16:00:00,1659513600000,2.8640000000,2.9040000000,2.8610000000,2.9040000000,19339.3242690000,55832.6794510410,55832.6794510410,1,DORA-USDT
2022-08-03 17:00:00,1659517200000,2.9020000000,2.9040000000,2.8380000000,2.8510000000,30499.7599710000,87232.4973068440,87232.4973068440,1,DORA-USDT
2022-08-03 18:00:00,1659520800000,2.8520000000,2.8770000000,2.8390000000,2.8570000000,22916.0583810000,65509.6067837750,65509.6067837750,1,DORA-USDT
2022-08-03 19:00:00,1659524400000,2.8580000000,2.8690000000,2.8400000000,2.8590000000,18724.8624300000,53538.0972692720,53538.0972692720,1,DORA-USDT
2022-08-03 20:00:00,1659528000000,2.8590000000,2.8830000000,2.8370000000,2.8510000000,22116.0678230000,63094.1942239970,63094.1942239970,1,DORA-USDT
2022-08-03 21:00:00,1659531600000,2.8510000000,2.8880000000,2.8380000000,2.8630000000,34684.7365110000,99295.9712632970,99295.9712632970,1,DORA-USDT
2022-08-03 22:00:00,1659535200000,2.8630000000,2.8800000000,2.8220000000,2.8370000000,22747.9649720000,64769.8383824100,64769.8383824100,1,DORA-USDT
2022-08-03 23:00:00,1659538800000,2.8370000000,2.8880000000,2.8280000000,2.8290000000,35422.1170760000,101032.7952651060,101032.7952651060,1,DORA-USDT
2022-08-04 00:00:00,1659542400000,2.8280000000,2.8500000000,2.7860000000,2.8180000000,39208.9096860000,110481.2132868330,110481.2132868330,1,DORA-USDT
2022-08-04 01:00:00,1659546000000,2.8200000000,2.8330000000,2.8030000000,2.8280000000,25339.4768660000,71441.1905074180,71441.1905074180,1,DORA-USDT
2022-08-04 02:00:00,1659549600000,2.8290000000,2.8750000000,2.8000000000,2.8680000000,25856.9358460000,73545.2416250080,73545.2416250080,1,DORA-USDT
2022-08-04 03:00:00,1659553200000,2.8690000000,2.8750000000,2.8180000000,2.8330000000,23115.0400720000,65745.6748296660,65745.6748296660,1,DORA-USDT
2022-08-04 04:00:00,1659556800000,2.8350000000,2.8350000000,2.8080000000,2.8090000000,10371.4104680000,29244.2598936450,29244.2598936450,1,DORA-USDT
2022-08-04 05:00:00,1659560400000,2.8080000000,2.8130000000,2.7660000000,2.7690000000,19765.5258780000,55025.2812018350,55025.2812018350,1,DORA-USDT
2022-08-04 06:00:00,1659564000000,2.7670000000,2.7700000000,2.7220000000,2.7340000000,17771.2134440000,48800.9192719860,48800.9192719860,1,DORA-USDT
2022-08-04 07:00:00,1659567600000,2.7310000000,2.7410000000,2.7020000000,2.7110000000,15132.9515000000,41083.4775226790,41083.4775226790,1,DORA-USDT
2022-08-04 08:00:00,1659571200000,2.7160000000,2.7800000000,2.7130000000,2.7790000000,32968.4106780000,90767.3892027220,90767.3892027220,1,DORA-USDT
2022-08-04 09:00:00,1659574800000,2.7800000000,2.8700000000,2.7800000000,2.8350000000,44681.1540030000,126309.9768894160,126309.9768894160,1,DORA-USDT
2022-08-04 10:00:00,1659578400000,2.8370000000,2.8520000000,2.7910000000,2.8170000000,42058.0902260000,118578.2839989600,118578.2839989600,1,DORA-USDT
2022-08-04 11:00:00,1659582000000,2.8180000000,2.8290000000,2.7160000000,2.7800000000,26735.7077310000,74478.3909901530,74478.3909901530,1,DORA-USDT
2022-08-04 12:00:00,1659585600000,2.7810000000,2.8290000000,2.7810000000,2.8270000000,24310.9470080000,68338.8041817550,68338.8041817550,1,DORA-USDT
2022-08-04 13:00:00,1659589200000,2.8270000000,2.8360000000,2.8060000000,2.8140000000,14526.5169350000,40886.5645587790,40886.5645587790,1,DORA-USDT
2022-08-04 14:00:00,1659592800000,2.8140000000,2.8170000000,2.7600000000,2.7840000000,32309.8366210000,89861.5889615110,89861.5889615110,1,DORA-USDT
2022-08-04 15:00:00,1659596400000,2.7840000000,2.8170000000,2.7740000000,2.8080000000,25613.5506340000,71657.0819695580,71657.0819695580,1,DORA-USDT
2022-08-04 16:00:00,1659600000000,2.8090000000,2.8170000000,2.7830000000,2.7990000000,20187.7279840000,56445.0578885930,56445.0578885930,1,DORA-USDT
2022-08-04 17:00:00,1659603600000,2.7940000000,2.8480000000,2.7910000000,2.8180000000,22698.0373990000,64037.5364213740,64037.5364213740,1,DORA-USDT
2022-08-04 18:00:00,1659607200000,2.8170000000,2.8180000000,2.7280000000,2.7620000000,37450.2653480000,103606.5075060730,103606.5075060730,1,DORA-USDT
2022-08-04 19:00:00,1659610800000,2.7570000000,2.7710000000,2.7480000000,2.7610000000,16216.7171830000,44814.8438915410,44814.8438915410,1,DORA-USDT
2022-08-04 20:00:00,1659614400000,2.7620000000,2.7760000000,2.7350000000,2.7740000000,22980.0321140000,63289.9342208760,63289.9342208760,1,DORA-USDT
2022-08-04 21:00:00,1659618000000,2.7740000000,2.8290000000,2.7560000000,2.8200000000,29236.8829030000,81517.4697722690,81517.4697722690,1,DORA-USDT
2022-08-04 22:00:00,1659621600000,2.8210000000,2.8870000000,2.8020000000,2.8520000000,37453.8849020000,106568.0011817860,106568.0011817860,1,DORA-USDT
2022-08-04 23:00:00,1659625200000,2.8520000000,2.9140000000,2.7920000000,2.8210000000,86070.5259470000,244851.1185428300,244851.1185428300,1,DORA-USDT
2022-08-05 00:00:00,1659628800000,2.8180000000,2.8340000000,2.7410000000,2.7680000000,65457.3280080000,182634.3352973550,182634.3352973550,1,DORA-USDT
2022-08-05 01:00:00,1659632400000,2.7680000000,2.7880000000,2.7530000000,2.7830000000,24340.2200320000,67487.7264071110,67487.7264071110,1,DORA-USDT
2022-08-05 02:00:00,1659636000000,2.7810000000,2.8170000000,2.7540000000,2.7910000000,31403.9495560000,87492.0634963540,87492.0634963540,1,DORA-USDT
2022-08-05 03:00:00,1659639600000,2.7960000000,2.8000000000,2.7610000000,2.7810000000,36255.5290550000,100884.9369010490,100884.9369010490,1,DORA-USDT
2022-08-05 04:00:00,1659643200000,2.7850000000,2.8200000000,2.7710000000,2.7930000000,28595.0832610000,79904.4733674620,79904.4733674620,1,DORA-USDT
2022-08-05 05:00:00,1659646800000,2.7960000000,2.8120000000,2.7880000000,2.8050000000,23560.5705930000,65929.0826004370,65929.0826004370,1,DORA-USDT
2022-08-05 06:00:00,1659650400000,2.8030000000,2.8300000000,2.7930000000,2.8260000000,17521.5066320000,49271.6782505790,49271.6782505790,1,DORA-USDT
2022-08-05 07:00:00,1659654000000,2.8260000000,2.9040000000,2.8240000000,2.8810000000,43868.5706690000,125644.7095157790,125644.7095157790,1,DORA-USDT
2022-08-05 08:00:00,1659657600000,2.8860000000,2.9350000000,2.8530000000,2.8560000000,41871.5378820000,120767.0875606230,120767.0875606230,1,DORA-USDT
2022-08-05 09:00:00,1659661200000,2.8630000000,2.9100000000,2.8360000000,2.8910000000,39544.9578810000,113479.2361728150,113479.2361728150,1,DORA-USDT
2022-08-05 10:00:00,1659664800000,2.8880000000,2.9200000000,2.8760000000,2.8970000000,26131.3261570000,75690.4296093440,75690.4296093440,1,DORA-USDT
2022-08-05 11:00:00,1659668400000,2.8990000000,2.9300000000,2.8880000000,2.9050000000,35622.5635560000,103433.4776359100,103433.4776359100,1,DORA-USDT
2022-08-05 12:00:00,1659672000000,2.9020000000,2.9120000000,2.7810000000,2.8660000000,34337.3377610000,98418.8348442350,98418.8348442350,1,DORA-USDT
2022-08-05 13:00:00,1659675600000,2.8670000000,2.8670000000,2.8280000000,2.8550000000,21805.4921830000,62062.6619955710,62062.6619955710,1,DORA-USDT
2022-08-05 14:00:00,1659679200000,2.8560000000,2.8680000000,2.8450000000,2.8660000000,17596.0764640000,50296.8697865570,50296.8697865570,1,DORA-USDT
2022-08-05 15:00:00,1659682800000,2.8630000000,2.8800000000,2.8560000000,2.8660000000,10947.9561630000,31371.1184811910,31371.1184811910,1,DORA-USDT
2022-08-05 16:00:00,1659686400000,2.8680000000,2.9000000000,2.8410000000,2.8440000000,22558.8824520000,64620.9733024140,64620.9733024140,1,DORA-USDT
2022-08-05 17:00:00,1659690000000,2.8520000000,2.8710000000,2.8350000000,2.8670000000,18479.0705280000,52750.5955876550,52750.5955876550,1,DORA-USDT
2022-08-05 18:00:00,1659693600000,2.8670000000,2.8740000000,2.8520000000,2.8730000000,13216.7697390000,37814.5088507530,37814.5088507530,1,DORA-USDT
2022-08-05 19:00:00,1659697200000,2.8770000000,2.9040000000,2.8590000000,2.8780000000,25173.0642300000,72544.7383440630,72544.7383440630,1,DORA-USDT
2022-08-05 20:00:00,1659700800000,2.8770000000,2.8990000000,2.7960000000,2.8480000000,46829.6018000000,133423.6186160500,133423.6186160500,1,DORA-USDT
2022-08-05 21:00:00,1659704400000,2.8420000000,2.8470000000,2.7810000000,2.7890000000,42193.1341720000,118503.5567025030,118503.5567025030,1,DORA-USDT
2022-08-05 22:00:00,1659708000000,2.7880000000,2.8490000000,2.7880000000,2.8190000000,37262.7312100000,105296.2335727890,105296.2335727890,1,DORA-USDT
2022-08-05 23:00:00,1659711600000,2.8190000000,2.8290000000,2.7990000000,2.8050000000,21825.8522840000,61431.1084602430,61431.1084602430,1,DORA-USDT
2022-08-06 00:00:00,1659715200000,2.8040000000,2.8060000000,2.7720000000,2.7870000000,23187.2416870000,64646.3426372580,64646.3426372580,1,DORA-USDT
2022-08-06 01:00:00,1659718800000,2.7890000000,2.8520000000,2.7820000000,2.8300000000,34171.4546000000,96127.1259546310,96127.1259546310,1,DORA-USDT
2022-08-06 02:00:00,1659722400000,2.8290000000,2.8510000000,2.7970000000,2.8240000000,27889.0642780000,78738.4318668700,78738.4318668700,1,DORA-USDT
2022-08-06 03:00:00,1659726000000,2.8220000000,2.8490000000,2.8220000000,2.8460000000,12731.4568070000,36114.9635344800,36114.9635344800,1,DORA-USDT
2022-08-06 04:00:00,1659729600000,2.8450000000,2.8660000000,2.8360000000,2.8520000000,14887.6483760000,42425.9156727270,42425.9156727270,1,DORA-USDT
2022-08-06 05:00:00,1659733200000,2.8510000000,2.8660000000,2.8410000000,2.8610000000,18661.4287660000,53310.7042531340,53310.7042531340,1,DORA-USDT
2022-08-06 06:00:00,1659736800000,2.8600000000,2.8700000000,2.8470000000,2.8580000000,16468.4266270000,47069.6876262840,47069.6876262840,1,DORA-USDT
2022-08-06 07:00:00,1659740400000,2.8590000000,2.8690000000,2.8340000000,2.8490000000,18877.7365640000,53906.0146067860,53906.0146067860,1,DORA-USDT
2022-08-06 08:00:00,1659744000000,2.8490000000,2.8910000000,2.8390000000,2.8530000000,36621.7204340000,104834.2739408810,104834.2739408810,1,DORA-USDT
2022-08-06 09:00:00,1659747600000,2.8530000000,2.8800000000,2.8500000000,2.8600000000,14127.3704510000,40473.5704064460,40473.5704064460,1,DORA-USDT
2022-08-06 10:00:00,1659751200000,2.8610000000,2.9040000000,2.8610000000,2.8840000000,25521.6741610000,73591.9375989000,73591.9375989000,1,DORA-USDT
2022-08-06 11:00:00,1659754800000,2.8870000000,2.8890000000,2.8460000000,2.8460000000,16254.0769150000,46588.5016438480,46588.5016438480,1,DORA-USDT
2022-08-06 12:00:00,1659758400000,2.8470000000,2.8590000000,2.8370000000,2.8470000000,13954.0212170000,39739.2666693030,39739.2666693030,1,DORA-USDT
2022-08-06 13:00:00,1659762000000,2.8470000000,2.8680000000,2.8400000000,2.8520000000,16587.5221330000,47353.3268540610,47353.3268540610,1,DORA-USDT
2022-08-06 14:00:00,1659765600000,2.8500000000,2.8580000000,2.8450000000,2.8510000000,8304.5195820000,23675.9635547390,23675.9635547390,1,DORA-USDT
2022-08-06 15:00:00,1659769200000,2.8490000000,2.8800000000,2.8460000000,2.8730000000,12930.2062630000,36891.2907626630,36891.2907626630,1,DORA-USDT
2022-08-06 16:00:00,1659772800000,2.8730000000,2.8750000000,2.8450000000,2.8540000000,16595.2632530000,47505.7582959810,47505.7582959810,1,DORA-USDT
2022-08-06 17:00:00,1659776400000,2.8530000000,2.8570000000,2.8400000000,2.8420000000,14499.9430320000,41268.6755979740,41268.6755979740,1,DORA-USDT
2022-08-06 18:00:00,1659780000000,2.8430000000,2.8640000000,2.8400000000,2.8580000000,8246.1617750000,23521.6049287980,23521.6049287980,1,DORA-USDT
2022-08-06 19:00:00,1659783600000,2.8590000000,2.8750000000,2.8520000000,2.8600000000,11083.9896480000,31722.7556141640,31722.7556141640,1,DORA-USDT
2022-08-06 20:00:00,1659787200000,2.8600000000,2.8600000000,2.8120000000,2.8320000000,27547.1745530000,77972.7442271760,77972.7442271760,1,DORA-USDT
2022-08-06 21:00:00,1659790800000,2.8310000000,2.8500000000,2.8300000000,2.8440000000,7404.9068730000,21040.8597233520,21040.8597233520,1,DORA-USDT
2022-08-06 22:00:00,1659794400000,2.8440000000,2.8570000000,2.8440000000,2.8570000000,6928.5488910000,19754.5557111360,19754.5557111360,1,DORA-USDT
2022-08-06 23:00:00,1659798000000,2.8560000000,2.9300000000,2.8450000000,2.8760000000,47393.6781940000,136687.8124052580,136687.8124052580,1,DORA-USDT
2022-08-07 00:00:00,1659801600000,2.8770000000,2.9440000000,2.8600000000,2.8790000000,54178.6528700000,156949.6050126970,156949.6050126970,1,DORA-USDT
2022-08-07 01:00:00,1659805200000,2.8790000000,2.9450000000,2.8640000000,2.9050000000,40934.7929240000,119119.4982760720,119119.4982760720,1,DORA-USDT
2022-08-07 02:00:00,1659808800000,2.9040000000,2.9600000000,2.8780000000,2.9210000000,33577.8647930000,98004.5403072360,98004.5403072360,1,DORA-USDT
2022-08-07 03:00:00,1659812400000,2.9220000000,2.9220000000,2.8890000000,2.8960000000,12009.9383220000,34855.0246299430,34855.0246299430,1,DORA-USDT
2022-08-07 04:00:00,1659816000000,2.8960000000,2.9030000000,2.8680000000,2.8750000000,10685.1106350000,30765.0227832840,30765.0227832840,1,DORA-USDT
2022-08-07 05:00:00,1659819600000,2.8740000000,2.8770000000,2.8000000000,2.8360000000,40605.7784680000,115111.0659288280,115111.0659288280,1,DORA-USDT
2022-08-07 06:00:00,1659823200000,2.8360000000,2.8400000000,2.8150000000,2.8230000000,13619.4579060000,38486.1090587340,38486.1090587340,1,DORA-USDT
2022-08-07 07:00:00,1659826800000,2.8210000000,2.8370000000,2.8110000000,2.8270000000,17316.8601730000,48906.3022580760,48906.3022580760,1,DORA-USDT
2022-08-07 08:00:00,1659830400000,2.8220000000,2.8510000000,2.7240000000,2.7420000000,47739.1805050000,133276.6387275150,133276.6387275150,1,DORA-USDT
2022-08-07 09:00:00,1659834000000,2.7400000000,2.7520000000,2.6910000000,2.7280000000,46161.6331540000,125942.5608420840,125942.5608420840,1,DORA-USDT
2022-08-07 10:00:00,1659837600000,2.7310000000,2.7820000000,2.7280000000,2.7710000000,8500.0786310000,23322.0130218760,23322.0130218760,1,DORA-USDT
2022-08-07 11:00:00,1659841200000,2.7710000000,2.8220000000,2.7480000000,2.7590000000,41587.8826340000,115512.9641489980,115512.9641489980,1,DORA-USDT
2022-08-07 12:00:00,1659844800000,2.7600000000,2.7660000000,2.7410000000,2.7440000000,9149.0273000000,25202.4752292000,25202.4752292000,1,DORA-USDT
2022-08-07 13:00:00,1659848400000,2.7450000000,2.7700000000,2.7360000000,2.7620000000,18578.8819160000,51171.3819222690,51171.3819222690,1,DORA-USDT
2022-08-07 14:00:00,1659852000000,2.7620000000,2.7900000000,2.7550000000,2.7600000000,19383.8486730000,53700.0229686790,53700.0229686790,1,DORA-USDT
2022-08-07 15:00:00,1659855600000,2.7590000000,2.7650000000,2.7510000000,2.7590000000,12353.3561390000,34069.4093840550,34069.4093840550,1,DORA-USDT
2022-08-07 16:00:00,1659859200000,2.7590000000,2.7770000000,2.7490000000,2.7680000000,16419.9403590000,45405.1784803110,45405.1784803110,1,DORA-USDT
2022-08-07 17:00:00,1659862800000,2.7680000000,2.8070000000,2.7540000000,2.7980000000,26045.9733190000,72387.4105729250,72387.4105729250,1,DORA-USDT
2022-08-07 18:00:00,1659866400000,2.7990000000,2.8280000000,2.7930000000,2.8050000000,20554.5632080000,57831.8169498640,57831.8169498640,1,DORA-USDT
2022-08-07 19:00:00,1659870000000,2.8050000000,2.8120000000,2.7560000000,2.7810000000,24293.6612600000,67445.1204793860,67445.1204793860,1,DORA-USDT
2022-08-07 20:00:00,1659873600000,2.7800000000,2.8230000000,2.7800000000,2.7990000000,22515.2587430000,62997.2427200330,62997.2427200330,1,DORA-USDT
2022-08-07 21:00:00,1659877200000,2.7990000000,2.8190000000,2.7960000000,2.8090000000,11455.8742070000,32171.7156639910,32171.7156639910,1,DORA-USDT
2022-08-07 22:00:00,1659880800000,2.8090000000,2.8120000000,2.7910000000,2.8020000000,15082.5093760000,42257.7248625720,42257.7248625720,1,DORA-USDT
2022-08-07 23:00:00,1659884400000,2.7990000000,2.8100000000,2.7920000000,2.7940000000,10857.6311900000,30399.1897319110,30399.1897319110,1,DORA-USDT
2022-08-08 00:00:00,1659888000000,2.7960000000,2.8190000000,2.7840000000,2.7940000000,17512.6070940000,49082.2791918950,49082.2791918950,1,DORA-USDT
2022-08-08 01:00:00,1659891600000,2.7950000000,2.8140000000,2.7940000000,2.8010000000,8493.3351140000,23816.8105348670,23816.8105348670,1,DORA-USDT
2022-08-08 02:00:00,1659895200000,2.8040000000,2.8090000000,2.8000000000,2.8020000000,5555.1710640000,15577.0921673970,15577.0921673970,1,DORA-USDT
2022-08-08 03:00:00,1659898800000,2.8020000000,2.8200000000,2.8000000000,2.8090000000,13816.0296900000,38834.6150940410,38834.6150940410,1,DORA-USDT
2022-08-08 04:00:00,1659902400000,2.8070000000,2.8270000000,2.8060000000,2.8240000000,9368.9455990000,26394.5390064680,26394.5390064680,1,DORA-USDT
2022-08-08 05:00:00,1659906000000,2.8250000000,2.8280000000,2.8130000000,2.8170000000,12283.3310780000,34654.0036792290,34654.0036792290,1,DORA-USDT
2022-08-08 06:00:00,1659909600000,2.8210000000,2.8360000000,2.7880000000,2.7930000000,18683.4036630000,52521.5325570070,52521.5325570070,1,DORA-USDT
2022-08-08 07:00:00,1659913200000,2.7960000000,2.7960000000,2.7680000000,2.7850000000,13943.0855120000,38746.5531443460,38746.5531443460,1,DORA-USDT
2022-08-08 08:00:00,1659916800000,2.7850000000,2.8110000000,2.7740000000,2.7990000000,15507.0858080000,43346.9517651950,43346.9517651950,1,DORA-USDT
2022-08-08 09:00:00,1659920400000,2.7990000000,2.8060000000,2.7880000000,2.7980000000,11297.2943690000,31604.2519946080,31604.2519946080,1,DORA-USDT
2022-08-08 10:00:00,1659924000000,2.7970000000,2.8070000000,2.7870000000,2.7950000000,14354.9319580000,40142.6080893380,40142.6080893380,1,DORA-USDT
2022-08-08 11:00:00,1659927600000,2.7930000000,2.8320000000,2.7930000000,2.8120000000,21674.3151500000,60961.4456809110,60961.4456809110,1,DORA-USDT
2022-08-08 12:00:00,1659931200000,2.8100000000,2.8280000000,2.8020000000,2.8220000000,12726.6674820000,35816.2977842750,35816.2977842750,1,DORA-USDT
2022-08-08 13:00:00,1659934800000,2.8220000000,2.8350000000,2.8140000000,2.8250000000,10976.7991310000,30996.7206294560,30996.7206294560,1,DORA-USDT
2022-08-08 14:00:00,1659938400000,2.8290000000,2.8500000000,2.8120000000,2.8490000000,23217.3138230000,65643.4793899510,65643.4793899510,1,DORA-USDT
2022-08-08 15:00:00,1659942000000,2.8480000000,2.8490000000,2.7910000000,2.8280000000,29658.9499910000,83701.4446600190,83701.4446600190,1,DORA-USDT
2022-08-08 16:00:00,1659945600000,2.8250000000,2.8710000000,2.8200000000,2.8580000000,20783.5595920000,59115.7343975670,59115.7343975670,1,DORA-USDT
2022-08-08 17:00:00,1659949200000,2.8590000000,2.8850000000,2.8260000000,2.8780000000,36622.5852050000,104515.5606270920,104515.5606270920,1,DORA-USDT
2022-08-08 18:00:00,1659952800000,2.8750000000,2.8820000000,2.8500000000,2.8710000000,20403.6569390000,58495.3491999540,58495.3491999540,1,DORA-USDT
2022-08-08 19:00:00,1659956400000,2.8720000000,2.8830000000,2.8420000000,2.8470000000,23976.4172460000,68681.9860152590,68681.9860152590,1,DORA-USDT
2022-08-08 20:00:00,1659960000000,2.8470000000,2.9290000000,2.8420000000,2.9290000000,45434.7148600000,131289.2193016760,131289.2193016760,1,DORA-USDT
2022-08-08 21:00:00,1659963600000,2.9280000000,2.9280000000,2.8520000000,2.8770000000,36868.2992670000,106033.3601524120,106033.3601524120,1,DORA-USDT
2022-08-08 22:00:00,1659967200000,2.8800000000,2.9000000000,2.8590000000,2.8850000000,27352.7701940000,78762.0235887990,78762.0235887990,1,DORA-USDT
2022-08-08 23:00:00,1659970800000,2.8870000000,2.8930000000,2.8240000000,2.8540000000,36748.9207770000,104739.0762790010,104739.0762790010,1,DORA-USDT
2022-08-09 00:00:00,1659974400000,2.8480000000,3.1200000000,2.8480000000,3.0260000000,166323.5021770000,499625.9656562790,499625.9656562790,1,DORA-USDT
2022-08-09 01:00:00,1659978000000,3.0290000000,3.0600000000,2.9650000000,3.0090000000,56613.6719410000,170632.4680995380,170632.4680995380,1,DORA-USDT
2022-08-09 02:00:00,1659981600000,3.0110000000,3.0400000000,2.9870000000,3.0260000000,22208.8884100000,66992.6234229910,66992.6234229910,1,DORA-USDT
2022-08-09 03:00:00,1659985200000,3.0240000000,3.0480000000,2.9820000000,3.0460000000,26869.0939920000,80994.0995914490,80994.0995914490,1,DORA-USDT
2022-08-09 04:00:00,1659988800000,3.0440000000,3.0470000000,2.9900000000,3.0100000000,23107.0893600000,69710.3766816100,69710.3766816100,1,DORA-USDT
2022-08-09 05:00:00,1659992400000,3.0100000000,3.0110000000,2.9480000000,2.9870000000,42775.4123900000,127454.2573456280,127454.2573456280,1,DORA-USDT
2022-08-09 06:00:00,1659996000000,2.9880000000,3.0710000000,2.9760000000,3.0250000000,36905.2032630000,111782.6771079190,111782.6771079190,1,DORA-USDT
2022-08-09 07:00:00,1659999600000,3.0240000000,3.1360000000,2.9860000000,3.0410000000,65629.0685470000,200422.3136942710,200422.3136942710,1,DORA-USDT
2022-08-09 08:00:00,1660003200000,3.0400000000,3.1300000000,3.0260000000,3.0950000000,62623.2627460000,192382.9165797910,192382.9165797910,1,DORA-USDT
2022-08-09 09:00:00,1660006800000,3.0930000000,3.1200000000,3.0140000000,3.0320000000,53038.5677840000,162821.1206118480,162821.1206118480,1,DORA-USDT
2022-08-09 10:00:00,1660010400000,3.0330000000,3.0760000000,2.9420000000,2.9870000000,54137.8664040000,162006.8871809190,162006.8871809190,1,DORA-USDT
2022-08-09 11:00:00,1660014000000,2.9910000000,2.9930000000,2.9100000000,2.9570000000,47757.8375900000,140632.7993239580,140632.7993239580,1,DORA-USDT
2022-08-09 12:00:00,1660017600000,2.9600000000,3.0050000000,2.9450000000,2.9880000000,38029.0376230000,113152.9524027750,113152.9524027750,1,DORA-USDT
2022-08-09 13:00:00,1660021200000,2.9860000000,2.9870000000,2.9320000000,2.9720000000,34487.3603860000,102003.1565292610,102003.1565292610,1,DORA-USDT
2022-08-09 14:00:00,1660024800000,2.9740000000,2.9750000000,2.9160000000,2.9740000000,35482.7989320000,104744.4877111050,104744.4877111050,1,DORA-USDT
2022-08-09 15:00:00,1660028400000,2.9700000000,2.9860000000,2.9410000000,2.9530000000,19906.6073410000,58939.7397318910,58939.7397318910,1,DORA-USDT
2022-08-09 16:00:00,1660032000000,2.9600000000,2.9690000000,2.8330000000,2.8640000000,53685.2007620000,155012.6939240200,155012.6939240200,1,DORA-USDT
2022-08-09 17:00:00,1660035600000,2.8630000000,2.8730000000,2.7640000000,2.7800000000,48811.8128090000,137294.6708289350,137294.6708289350,1,DORA-USDT
2022-08-09 18:00:00,1660039200000,2.7690000000,2.8200000000,2.7680000000,2.8200000000,27635.0202350000,77144.0661614820,77144.0661614820,1,DORA-USDT
2022-08-09 19:00:00,1660042800000,2.8140000000,2.8190000000,2.7530000000,2.7800000000,34657.3552060000,96384.2860290520,96384.2860290520,1,DORA-USDT
2022-08-09 20:00:00,1660046400000,2.7830000000,2.7920000000,2.7680000000,2.7760000000,18922.7321400000,52596.7260814060,52596.7260814060,1,DORA-USDT
2022-08-09 21:00:00,1660050000000,2.7770000000,2.7900000000,2.7470000000,2.7520000000,17906.3166920000,49716.9670371950,49716.9670371950,1,DORA-USDT
2022-08-09 22:00:00,1660053600000,2.7510000000,2.7540000000,2.6860000000,2.7080000000,61682.3473240000,167741.0537848370,167741.0537848370,1,DORA-USDT
2022-08-09 23:00:00,1660057200000,2.7050000000,2.7170000000,2.6910000000,2.7110000000,14511.6744320000,39285.6306660880,39285.6306660880,1,DORA-USDT
2022-08-10 00:00:00,1660060800000,2.7100000000,2.7170000000,2.6730000000,2.7000000000,31465.4013600000,84823.1714465920,84823.1714465920,1,DORA-USDT
2022-08-10 01:00:00,1660064400000,2.7000000000,2.7120000000,2.6790000000,2.6840000000,20400.9740550000,54990.3433240570,54990.3433240570,1,DORA-USDT
2022-08-10 02:00:00,1660068000000,2.6850000000,2.7670000000,2.6820000000,2.7460000000,31646.3518470000,86259.6237327490,86259.6237327490,1,DORA-USDT
2022-08-10 03:00:00,1660071600000,2.7460000000,2.7990000000,2.7420000000,2.7510000000,28493.5900850000,78967.6881774000,78967.6881774000,1,DORA-USDT
2022-08-10 04:00:00,1660075200000,2.7520000000,2.7700000000,2.7310000000,2.7380000000,27755.1203600000,76293.8294619040,76293.8294619040,1,DORA-USDT
2022-08-10 05:00:00,1660078800000,2.7380000000,2.7650000000,2.7360000000,2.7600000000,19303.6243330000,53144.5182452210,53144.5182452210,1,DORA-USDT
2022-08-10 06:00:00,1660082400000,2.7580000000,2.7650000000,2.7280000000,2.7360000000,17388.0189860000,47766.4829490900,47766.4829490900,1,DORA-USDT
2022-08-10 07:00:00,1660086000000,2.7350000000,2.7450000000,2.7280000000,2.7380000000,14295.1291130000,39109.8510121120,39109.8510121120,1,DORA-USDT
2022-08-10 08:00:00,1660089600000,2.7390000000,2.8130000000,2.7320000000,2.7550000000,46808.9292040000,129490.8291532890,129490.8291532890,1,DORA-USDT
2022-08-10 09:00:00,1660093200000,2.7540000000,2.7770000000,2.7480000000,2.7500000000,18151.8362220000,50156.9796086820,50156.9796086820,1,DORA-USDT
2022-08-10 10:00:00,1660096800000,2.7490000000,2.7560000000,2.6910000000,2.7300000000,36920.5086750000,100369.4219616450,100369.4219616450,1,DORA-USDT
2022-08-10 11:00:00,1660100400000,2.7290000000,2.7390000000,2.7090000000,2.7370000000,17961.1723130000,48878.5893426590,48878.5893426590,1,DORA-USDT
2022-08-10 12:00:00,1660104000000,2.7360000000,2.7520000000,2.7300000000,2.7500000000,8360.0115320000,22924.5935508780,22924.5935508780,1,DORA-USDT
2022-08-10 13:00:00,1660107600000,2.7500000000,2.7500000000,2.7370000000,2.7420000000,6031.7007450000,16541.3318656630,16541.3318656630,1,DORA-USDT
2022-08-10 14:00:00,1660111200000,2.7410000000,2.7420000000,2.6960000000,2.7270000000,16105.1910660000,43833.0691720280,43833.0691720280,1,DORA-USDT
2022-08-10 15:00:00,1660114800000,2.7300000000,2.7470000000,2.7240000000,2.7450000000,8637.7236920000,23617.2491648860,23617.2491648860,1,DORA-USDT
2022-08-10 16:00:00,1660118400000,2.7460000000,2.7800000000,2.7420000000,2.7700000000,25494.7529900000,70456.2071576340,70456.2071576340,1,DORA-USDT
2022-08-10 17:00:00,1660122000000,2.7710000000,2.7800000000,2.7460000000,2.7660000000,18006.8627790000,49714.0687102300,49714.0687102300,1,DORA-USDT
2022-08-10 18:00:00,1660125600000,2.7650000000,2.7700000000,2.7540000000,2.7660000000,8825.1918070000,24376.2202235580,24376.2202235580,1,DORA-USDT
2022-08-10 19:00:00,1660129200000,2.7670000000,2.7880000000,2.7610000000,2.7770000000,16877.4597630000,46816.8657254920,46816.8657254920,1,DORA-USDT
2022-08-10 20:00:00,1660132800000,2.7790000000,2.8560000000,2.7620000000,2.8490000000,50270.0616150000,141652.3495035140,141652.3495035140,1,DORA-USDT
2022-08-10 21:00:00,1660136400000,2.8480000000,2.8700000000,2.7960000000,2.8140000000,43919.7030970000,124527.5543073830,124527.5543073830,1,DORA-USDT
2022-08-10 22:00:00,1660140000000,2.8130000000,2.8500000000,2.8050000000,2.8200000000,25329.7624600000,71524.9407531690,71524.9407531690,1,DORA-USDT
2022-08-10 23:00:00,1660143600000,2.8190000000,2.8460000000,2.7810000000,2.7920000000,37513.8810520000,105440.0964802530,105440.0964802530,1,DORA-USDT
2022-08-11 00:00:00,1660147200000,2.7940000000,2.8350000000,2.7850000000,2.8120000000,33749.4511830000,94877.9428573440,94877.9428573440,1,DORA-USDT
2022-08-11 01:00:00,1660150800000,2.8130000000,2.8140000000,2.7800000000,2.7840000000,16740.5997130000,46770.2730483510,46770.2730483510,1,DORA-USDT
2022-08-11 02:00:00,1660154400000,2.7830000000,2.7960000000,2.7540000000,2.7600000000,14969.4990600000,41490.1575045430,41490.1575045430,1,DORA-USDT
2022-08-11 03:00:00,1660158000000,2.7590000000,2.7710000000,2.7440000000,2.7460000000,14367.2912170000,39633.1612453380,39633.1612453380,1,DORA-USDT
2022-08-11 04:00:00,1660161600000,2.7460000000,2.8100000000,2.7460000000,2.7870000000,24783.4532360000,69024.6074747460,69024.6074747460,1,DORA-USDT
2022-08-11 05:00:00,1660165200000,2.7900000000,2.8240000000,2.7800000000,2.8080000000,19259.4921490000,53997.9535713300,53997.9535713300,1,DORA-USDT
2022-08-11 06:00:00,1660168800000,2.8020000000,2.8090000000,2.7910000000,2.7990000000,8515.1050740000,23853.6048860640,23853.6048860640,1,DORA-USDT
2022-08-11 07:00:00,1660172400000,2.7990000000,2.8170000000,2.7850000000,2.7980000000,24722.6870930000,69274.0743869660,69274.0743869660,1,DORA-USDT
2022-08-11 08:00:00,1660176000000,2.7970000000,2.8290000000,2.7900000000,2.8200000000,26257.4095740000,73756.3536689050,73756.3536689050,1,DORA-USDT
2022-08-11 09:00:00,1660179600000,2.8190000000,2.8320000000,2.8100000000,2.8280000000,19104.9362110000,53875.1298981430,53875.1298981430,1,DORA-USDT
2022-08-11 10:00:00,1660183200000,2.8290000000,2.8300000000,2.7900000000,2.8150000000,25485.6508400000,71561.5022697730,71561.5022697730,1,DORA-USDT
2022-08-11 11:00:00,1660186800000,2.8150000000,2.8280000000,2.8030000000,2.8170000000,10631.3385450000,29960.7779553860,29960.7779553860,1,DORA-USDT
2022-08-11 12:00:00,1660190400000,2.8170000000,2.8250000000,2.7900000000,2.8130000000,15566.2860540000,43686.3976154660,43686.3976154660,1,DORA-USDT
2022-08-11 13:00:00,1660194000000,2.8140000000,2.8510000000,2.8140000000,2.8480000000,27228.8007110000,77125.3220935980,77125.3220935980,1,DORA-USDT
2022-08-11 14:00:00,1660197600000,2.8490000000,2.9400000000,2.8290000000,2.9220000000,56318.7897880000,162743.1228028660,162743.1228028660,1,DORA-USDT
2022-08-11 15:00:00,1660201200000,2.9280000000,2.9280000000,2.8570000000,2.8650000000,34125.7446580000,98634.2656939630,98634.2656939630,1,DORA-USDT
2022-08-11 16:00:00,1660204800000,2.8690000000,2.9070000000,2.8630000000,2.9020000000,15613.9894530000,45072.0283557780,45072.0283557780,1,DORA-USDT
2022-08-11 17:00:00,1660208400000,2.9010000000,2.9060000000,2.8800000000,2.8920000000,17609.5452790000,50930.6899454730,50930.6899454730,1,DORA-USDT
2022-08-11 18:00:00,1660212000000,2.8910000000,2.9010000000,2.8830000000,2.9000000000,13739.5458760000,39721.4245924360,39721.4245924360,1,DORA-USDT
2022-08-11 19:00:00,1660215600000,2.8980000000,2.9470000000,2.8800000000,2.8890000000,38740.5577680000,112809.4304648590,112809.4304648590,1,DORA-USDT
2022-08-11 20:00:00,1660219200000,2.8880000000,2.9300000000,2.8820000000,2.9200000000,21817.6955470000,63387.9277368980,63387.9277368980,1,DORA-USDT
2022-08-11 21:00:00,1660222800000,2.9170000000,2.9230000000,2.8760000000,2.8830000000,30789.1132260000,89300.2381140800,89300.2381140800,1,DORA-USDT
2022-08-11 22:00:00,1660226400000,2.8840000000,2.9130000000,2.8810000000,2.9070000000,21517.0233840000,62303.9760797780,62303.9760797780,1,DORA-USDT
2022-08-11 23:00:00,1660230000000,2.9060000000,2.9120000000,2.8370000000,2.8850000000,42909.6440290000,123605.9727690180,123605.9727690180,1,DORA-USDT
2022-08-12 00:00:00,1660233600000,2.8870000000,2.9770000000,2.8710000000,2.9710000000,36552.7972460000,106960.3488348000,106960.3488348000,1,DORA-USDT
2022-08-12 01:00:00,1660237200000,2.9710000000,2.9770000000,2.8870000000,2.8990000000,31771.3976050000,93355.6395961080,93355.6395961080,1,DORA-USDT
2022-08-12 02:00:00,1660240800000,2.9000000000,2.9280000000,2.8500000000,2.8780000000,44431.5372300000,128598.0274105250,128598.0274105250,1,DORA-USDT
2022-08-12 03:00:00,1660244400000,2.8750000000,2.8830000000,2.8670000000,2.8770000000,9717.6174070000,27921.9297803390,27921.9297803390,1,DORA-USDT
2022-08-12 04:00:00,1660248000000,2.8720000000,2.8960000000,2.8600000000,2.8860000000,13907.8886790000,40037.9171075290,40037.9171075290,1,DORA-USDT
2022-08-12 05:00:00,1660251600000,2.8810000000,2.9010000000,2.8610000000,2.8700000000,20474.6645330000,58973.0934749080,58973.0934749080,1,DORA-USDT
2022-08-12 06:00:00,1660255200000,2.8660000000,2.8740000000,2.8350000000,2.8440000000,18948.5060930000,54102.8092820680,54102.8092820680,1,DORA-USDT
2022-08-12 07:00:00,1660258800000,2.8420000000,2.8450000000,2.8180000000,2.8320000000,20594.7797900000,58334.1551683430,58334.1551683430,1,DORA-USDT
2022-08-12 08:00:00,1660262400000,2.8350000000,2.8360000000,2.7700000000,2.8210000000,30565.7383060000,85818.5533557560,85818.5533557560,1,DORA-USDT
2022-08-12 09:00:00,1660266000000,2.8230000000,2.8620000000,2.8160000000,2.8360000000,24797.5563560000,70348.5037104540,70348.5037104540,1,DORA-USDT
2022-08-12 10:00:00,1660269600000,2.8330000000,2.8580000000,2.8140000000,2.8570000000,20019.5489880000,56783.6510352050,56783.6510352050,1,DORA-USDT
2022-08-12 11:00:00,1660273200000,2.8570000000,2.8640000000,2.8450000000,2.8570000000,10769.3526850000,30753.1871472760,30753.1871472760,1,DORA-USDT
2022-08-12 12:00:00,1660276800000,2.8600000000,2.8790000000,2.8370000000,2.8450000000,15892.0671350000,45310.5479391050,45310.5479391050,1,DORA-USDT
2022-08-12 13:00:00,1660280400000,2.8440000000,2.8570000000,2.8280000000,2.8310000000,14420.7567170000,40972.7391108440,40972.7391108440,1,DORA-USDT
2022-08-12 14:00:00,1660284000000,2.8310000000,2.8380000000,2.8120000000,2.8220000000,13577.2533920000,38380.9417594400,38380.9417594400,1,DORA-USDT
2022-08-12 15:00:00,1660287600000,2.8230000000,2.8750000000,2.8120000000,2.8340000000,11483.0280160000,32419.3356136600,32419.3356136600,1,DORA-USDT
2022-08-12 16:00:00,1660291200000,2.8440000000,2.8600000000,2.8320000000,2.8470000000,18016.5346430000,51236.5002440300,51236.5002440300,1,DORA-USDT
2022-08-12 17:00:00,1660294800000,2.8440000000,2.8660000000,2.8320000000,2.8340000000,20502.4949920000,58407.6136359710,58407.6136359710,1,DORA-USDT
2022-08-12 18:00:00,1660298400000,2.8340000000,2.8430000000,2.7710000000,2.7830000000,22969.6541980000,64427.6344873170,64427.6344873170,1,DORA-USDT
2022-08-12 19:00:00,1660302000000,2.7840000000,2.7980000000,2.7620000000,2.7830000000,22057.1778100000,61354.3488336210,61354.3488336210,1,DORA-USDT
2022-08-12 20:00:00,1660305600000,2.7840000000,2.8110000000,2.7830000000,2.8040000000,21034.2290700000,58849.7432124130,58849.7432124130,1,DORA-USDT
2022-08-12 21:00:00,1660309200000,2.8050000000,2.8450000000,2.7950000000,2.8410000000,29597.6573590000,83479.9104191880,83479.9104191880,1,DORA-USDT
2022-08-12 22:00:00,1660312800000,2.8350000000,2.8440000000,2.8090000000,2.8150000000,20135.1994750000,56820.4246007900,56820.4246007900,1,DORA-USDT
2022-08-12 23:00:00,1660316400000,2.8140000000,2.8540000000,2.8090000000,2.8380000000,22386.5143510000,63428.7753655980,63428.7753655980,1,DORA-USDT
2022-08-13 00:00:00,1660320000000,2.8410000000,2.8610000000,2.8360000000,2.8370000000,13784.5955980000,39212.2978489520,39212.2978489520,1,DORA-USDT
2022-08-13 01:00:00,1660323600000,2.8400000000,2.8490000000,2.8350000000,2.8400000000,7719.7942160000,21932.8543682910,21932.8543682910,1,DORA-USDT
2022-08-13 02:00:00,1660327200000,2.8430000000,2.8590000000,2.8320000000,2.8450000000,17501.1540870000,49805.4062009530,49805.4062009530,1,DORA-USDT
2022-08-13 03:00:00,1660330800000,2.8470000000,2.8650000000,2.8440000000,2.8560000000,9949.5024930000,28408.5476816710,28408.5476816710,1,DORA-USDT
2022-08-13 04:00:00,1660334400000,2.8540000000,2.8700000000,2.8500000000,2.8600000000,7521.3629530000,21497.6254520260,21497.6254520260,1,DORA-USDT
2022-08-13 05:00:00,1660338000000,2.8590000000,2.8770000000,2.8570000000,2.8650000000,19077.0751570000,54674.8996164480,54674.8996164480,1,DORA-USDT
2022-08-13 06:00:00,1660341600000,2.8700000000,2.8780000000,2.8600000000,2.8700000000,15292.2209670000,43897.8406621460,43897.8406621460,1,DORA-USDT
2022-08-13 07:00:00,1660345200000,2.8680000000,2.9050000000,2.8620000000,2.8830000000,19347.4799900000,55765.9325124590,55765.9325124590,1,DORA-USDT
2022-08-13 08:00:00,1660348800000,2.8810000000,2.8930000000,2.8550000000,2.8650000000,17084.6781020000,48979.3357322860,48979.3357322860,1,DORA-USDT
2022-08-13 09:00:00,1660352400000,2.8640000000,2.8840000000,2.8570000000,2.8640000000,16400.8259460000,47095.6104642630,47095.6104642630,1,DORA-USDT
2022-08-13 10:00:00,1660356000000,2.8620000000,2.8780000000,2.8550000000,2.8770000000,18327.5231830000,52505.5895364730,52505.5895364730,1,DORA-USDT
2022-08-13 11:00:00,1660359600000,2.8760000000,2.8820000000,2.8520000000,2.8690000000,17029.0835460000,48847.5031143360,48847.5031143360,1,DORA-USDT
2022-08-13 12:00:00,1660363200000,2.8620000000,2.8680000000,2.8290000000,2.8430000000,23005.8367390000,65372.8526893550,65372.8526893550,1,DORA-USDT
2022-08-13 13:00:00,1660366800000,2.8360000000,2.8510000000,2.8330000000,2.8430000000,13043.3727720000,37072.5739165320,37072.5739165320,1,DORA-USDT
2022-08-13 14:00:00,1660370400000,2.8510000000,2.8770000000,2.8420000000,2.8460000000,21706.9644760000,62046.2534126090,62046.2534126090,1,DORA-USDT
2022-08-13 15:00:00,1660374000000,2.8450000000,2.8680000000,2.8420000000,2.8500000000,19922.9798690000,56839.2983207400,56839.2983207400,1,DORA-USDT
2022-08-13 16:00:00,1660377600000,2.8490000000,2.8700000000,2.8410000000,2.8440000000,18852.7490270000,53874.5618150020,53874.5618150020,1,DORA-USDT
2022-08-13 17:00:00,1660381200000,2.8410000000,2.8750000000,2.8210000000,2.8500000000,29751.9149820000,84650.6496573140,84650.6496573140,1,DORA-USDT
2022-08-13 18:00:00,1660384800000,2.8460000000,2.8760000000,2.8070000000,2.8230000000,29910.0691980000,84823.0780314520,84823.0780314520,1,DORA-USDT
2022-08-13 19:00:00,1660388400000,2.8170000000,2.8180000000,2.7640000000,2.7750000000,29309.3509600000,81801.5250211420,81801.5250211420,1,DORA-USDT
2022-08-13 20:00:00,1660392000000,2.7810000000,2.7830000000,2.7270000000,2.7510000000,29784.1697890000,82045.7676143410,82045.7676143410,1,DORA-USDT
2022-08-13 21:00:00,1660395600000,2.7500000000,2.7560000000,2.7240000000,2.7410000000,33696.0817610000,92452.1792377810,92452.1792377810,1,DORA-USDT
2022-08-13 22:00:00,1660399200000,2.7450000000,2.7620000000,2.7330000000,2.7390000000,21213.1857820000,58315.4094192680,58315.4094192680,1,DORA-USDT
2022-08-13 23:00:00,1660402800000,2.7400000000,2.7700000000,2.7380000000,2.7630000000,24545.6096800000,67639.8707410480,67639.8707410480,1,DORA-USDT
2022-08-14 00:00:00,1660406400000,2.7690000000,2.8540000000,2.7460000000,2.7560000000,58714.0350820000,163824.5572706990,163824.5572706990,1,DORA-USDT
2022-08-14 01:00:00,1660410000000,2.7590000000,2.7720000000,2.7480000000,2.7680000000,14849.4260670000,40976.9489933750,40976.9489933750,1,DORA-USDT
2022-08-14 02:00:00,1660413600000,2.7640000000,2.8090000000,2.7610000000,2.7980000000,23316.6238380000,64987.7002848090,64987.7002848090,1,DORA-USDT
2022-08-14 03:00:00,1660417200000,2.7960000000,2.8060000000,2.7710000000,2.7740000000,20275.7033740000,56522.0861174880,56522.0861174880,1,DORA-USDT
2022-08-14 04:00:00,1660420800000,2.7740000000,2.8150000000,2.7700000000,2.8060000000,23859.8831530000,66578.8407035740,66578.8407035740,1,DORA-USDT
2022-08-14 05:00:00,1660424400000,2.8060000000,2.8130000000,2.7910000000,2.7960000000,18842.4778450000,52756.1826836240,52756.1826836240,1,DORA-USDT
2022-08-14 06:00:00,1660428000000,2.7990000000,2.8160000000,2.7990000000,2.8070000000,15620.0464600000,43879.3697558100,43879.3697558100,1,DORA-USDT
2022-08-14 07:00:00,1660431600000,2.8050000000,2.8180000000,2.8030000000,2.8040000000,10993.2071370000,30888.4099518010,30888.4099518010,1,DORA-USDT
2022-08-14 08:00:00,1660435200000,2.8030000000,2.8060000000,2.7660000000,2.7660000000,30766.9936990000,85588.9771985020,85588.9771985020,1,DORA-USDT
2022-08-14 09:00:00,1660438800000,2.7750000000,2.7810000000,2.7480000000,2.7660000000,23871.0929290000,65925.7228512910,65925.7228512910,1,DORA-USDT
2022-08-14 10:00:00,1660442400000,2.7630000000,2.7740000000,2.7320000000,2.7450000000,36029.5268690000,99093.0125771080,99093.0125771080,1,DORA-USDT
2022-08-14 11:00:00,1660446000000,2.7420000000,2.7750000000,2.7370000000,2.7560000000,25138.6179130000,69238.8108425890,69238.8108425890,1,DORA-USDT
2022-08-14 12:00:00,1660449600000,2.7610000000,2.7890000000,2.7520000000,2.7850000000,31537.7723120000,87368.4065642420,87368.4065642420,1,DORA-USDT
2022-08-14 13:00:00,1660453200000,2.7820000000,2.7940000000,2.7710000000,2.7740000000,19195.9020320000,53444.9929183110,53444.9929183110,1,DORA-USDT
2022-08-14 14:00:00,1660456800000,2.7730000000,2.7860000000,2.7710000000,2.7750000000,14237.0376570000,39532.7360522780,39532.7360522780,1,DORA-USDT
2022-08-14 15:00:00,1660460400000,2.7790000000,2.7900000000,2.7690000000,2.7810000000,15309.5946050000,42514.9384086560,42514.9384086560,1,DORA-USDT
2022-08-14 16:00:00,1660464000000,2.7740000000,2.8120000000,2.7740000000,2.8030000000,23501.1865100000,65754.9875075410,65754.9875075410,1,DORA-USDT
2022-08-14 17:00:00,1660467600000,2.8060000000,2.8260000000,2.8010000000,2.8230000000,15174.3890060000,42694.0173936730,42694.0173936730,1,DORA-USDT
2022-08-14 18:00:00,1660471200000,2.8190000000,2.8200000000,2.8020000000,2.8070000000,15799.1210620000,44372.1650874390,44372.1650874390,1,DORA-USDT
2022-08-14 19:00:00,1660474800000,2.8070000000,2.8120000000,2.7930000000,2.7970000000,17546.5774110000,49157.3304565590,49157.3304565590,1,DORA-USDT
2022-08-14 20:00:00,1660478400000,2.8040000000,2.8550000000,2.7900000000,2.8080000000,29766.9941170000,83649.7387749190,83649.7387749190,1,DORA-USDT
2022-08-14 21:00:00,1660482000000,2.8070000000,2.8260000000,2.7980000000,2.8160000000,24367.0773900000,68586.5537197800,68586.5537197800,1,DORA-USDT
2022-08-14 22:00:00,1660485600000,2.8150000000,2.8200000000,2.7900000000,2.8060000000,16012.1390320000,44970.1991813460,44970.1991813460,1,DORA-USDT
2022-08-14 23:00:00,1660489200000,2.8120000000,2.8400000000,2.8040000000,2.8140000000,26117.2657670000,73661.1134542020,73661.1134542020,1,DORA-USDT
2022-08-15 00:00:00,1660492800000,2.8180000000,2.8190000000,2.6640000000,2.6650000000,62065.1848180000,169777.6158199480,169777.6158199480,1,DORA-USDT
2022-08-15 01:00:00,1660496400000,2.6730000000,2.6740000000,2.6070000000,2.6310000000,47870.4864620000,126345.4271930620,126345.4271930620,1,DORA-USDT
2022-08-15 02:00:00,1660500000000,2.6290000000,2.6730000000,2.6200000000,2.6660000000,24783.4677520000,65698.7374749980,65698.7374749980,1,DORA-USDT
2022-08-15 03:00:00,1660503600000,2.6710000000,2.6760000000,2.6510000000,2.6550000000,21960.5929070000,58455.5429303130,58455.5429303130,1,DORA-USDT
2022-08-15 04:00:00,1660507200000,2.6570000000,2.6660000000,2.6450000000,2.6490000000,16435.1393900000,43611.9424505370,43611.9424505370,1,DORA-USDT
2022-08-15 05:00:00,1660510800000,2.6470000000,2.6760000000,2.6430000000,2.6700000000,16683.5616390000,44385.7969391100,44385.7969391100,1,DORA-USDT
2022-08-15 06:00:00,1660514400000,2.6620000000,2.6850000000,2.6550000000,2.6830000000,17717.5642000000,47305.8525398410,47305.8525398410,1,DORA-USDT
2022-08-15 07:00:00,1660518000000,2.6790000000,2.6950000000,2.6600000000,2.6820000000,24542.6881780000,65785.6134652310,65785.6134652310,1,DORA-USDT
2022-08-15 08:00:00,1660521600000,2.6810000000,2.7060000000,2.6500000000,2.6980000000,26685.6718290000,71607.9231191240,71607.9231191240,1,DORA-USDT
2022-08-15 09:00:00,1660525200000,2.7030000000,2.8030000000,2.6900000000,2.7400000000,58063.7937840000,159238.7169888450,159238.7169888450,1,DORA-USDT
2022-08-15 10:00:00,1660528800000,2.7370000000,2.7610000000,2.7270000000,2.7500000000,31396.8971560000,86171.3340060120,86171.3340060120,1,DORA-USDT
2022-08-15 11:00:00,1660532400000,2.7540000000,2.7590000000,2.6970000000,2.7060000000,51777.6089850000,141107.6879243390,141107.6879243390,1,DORA-USDT
2022-08-15 12:00:00,1660536000000,2.7030000000,2.7190000000,2.6930000000,2.7190000000,20412.9611070000,55183.0475344010,55183.0475344010,1,DORA-USDT
2022-08-15 13:00:00,1660539600000,2.7110000000,2.7290000000,2.6930000000,2.7030000000,25135.6136570000,68117.3149971810,68117.3149971810,1,DORA-USDT
2022-08-15 14:00:00,1660543200000,2.7060000000,2.7090000000,2.5860000000,2.5980000000,54963.9094600000,145642.5796376800,145642.5796376800,1,DORA-USDT
2022-08-15 15:00:00,1660546800000,2.6030000000,2.6120000000,2.5250000000,2.5670000000,55095.4740960000,141457.7098796900,141457.7098796900,1,DORA-USDT
2022-08-15 16:00:00,1660550400000,2.5610000000,2.5790000000,2.5340000000,2.5790000000,29331.3188420000,75014.9873971830,75014.9873971830,1,DORA-USDT
2022-08-15 17:00:00,1660554000000,2.5750000000,2.6350000000,2.5350000000,2.6160000000,58771.7266980000,151479.3450203670,151479.3450203670,1,DORA-USDT
2022-08-15 18:00:00,1660557600000,2.6190000000,2.6390000000,2.5900000000,2.6270000000,39542.2468890000,103471.5035382440,103471.5035382440,1,DORA-USDT
2022-08-15 19:00:00,1660561200000,2.6260000000,2.6440000000,2.5900000000,2.5900000000,39953.5655300000,104522.0913728270,104522.0913728270,1,DORA-USDT
2022-08-15 20:00:00,1660564800000,2.5930000000,2.6300000000,2.5870000000,2.6010000000,41754.2499710000,108945.0607640760,108945.0607640760,1,DORA-USDT
2022-08-15 21:00:00,1660568400000,2.6040000000,2.6330000000,2.5570000000,2.5630000000,58211.1113790000,150858.6916774050,150858.6916774050,1,DORA-USDT
2022-08-15 22:00:00,1660572000000,2.5620000000,2.5960000000,2.5600000000,2.5870000000,27238.6373400000,70263.1179218850,70263.1179218850,1,DORA-USDT
2022-08-15 23:00:00,1660575600000,2.5830000000,2.6110000000,2.5640000000,2.6030000000,30154.3217280000,77948.3584611440,77948.3584611440,1,DORA-USDT
2022-08-16 00:00:00,1660579200000,2.6090000000,2.6170000000,2.5810000000,2.6110000000,28342.7791980000,73616.6608801690,73616.6608801690,1,DORA-USDT
2022-08-16 01:00:00,1660582800000,2.6130000000,2.6200000000,2.5730000000,2.5850000000,27673.9174960000,71623.4920664040,71623.4920664040,1,DORA-USDT
2022-08-16 02:00:00,1660586400000,2.5810000000,2.5890000000,2.5410000000,2.5570000000,26172.1543280000,67060.3200502070,67060.3200502070,1,DORA-USDT
2022-08-16 03:00:00,1660590000000,2.5540000000,2.5590000000,2.5250000000,2.5340000000,26907.0435950000,68424.2464732600,68424.2464732600,1,DORA-USDT
2022-08-16 04:00:00,1660593600000,2.5330000000,2.5550000000,2.5330000000,2.5470000000,22370.9321060000,56956.1360958110,56956.1360958110,1,DORA-USDT
2022-08-16 05:00:00,1660597200000,2.5450000000,2.5780000000,2.5410000000,2.5530000000,23389.4094570000,59815.6249811140,59815.6249811140,1,DORA-USDT
2022-08-16 06:00:00,1660600800000,2.5560000000,2.5870000000,2.5480000000,2.5700000000,27887.0314300000,71656.5087882310,71656.5087882310,1,DORA-USDT
2022-08-16 07:00:00,1660604400000,2.5690000000,2.5830000000,2.5420000000,2.5680000000,26273.0402250000,67221.7777060200,67221.7777060200,1,DORA-USDT
2022-08-16 08:00:00,1660608000000,2.5680000000,2.5770000000,2.5490000000,2.5540000000,23131.7554030000,59284.6186268650,59284.6186268650,1,DORA-USDT
2022-08-16 09:00:00,1660611600000,2.5590000000,2.5780000000,2.5540000000,2.5660000000,16052.6826360000,41224.8535709890,41224.8535709890,1,DORA-USDT
2022-08-16 10:00:00,1660615200000,2.5680000000,2.6100000000,2.5530000000,2.5600000000,41828.2839940000,108111.7871256610,108111.7871256610,1,DORA-USDT
2022-08-16 11:00:00,1660618800000,2.5570000000,2.5600000000,2.5270000000,2.5540000000,30734.6516280000,78140.3163281170,78140.3163281170,1,DORA-USDT
2022-08-16 12:00:00,1660622400000,2.5520000000,2.5590000000,2.5370000000,2.5530000000,12112.0529580000,30875.0447940160,30875.0447940160,1,DORA-USDT
2022-08-16 13:00:00,1660626000000,2.5580000000,2.5590000000,2.5070000000,2.5250000000,28322.9887480000,71580.5122143110,71580.5122143110,1,DORA-USDT
2022-08-16 14:00:00,1660629600000,2.5260000000,2.5470000000,2.5200000000,2.5320000000,18976.6850110000,48091.7205447770,48091.7205447770,1,DORA-USDT
2022-08-16 15:00:00,1660633200000,2.5360000000,2.5470000000,2.5210000000,2.5400000000,21898.5687400000,55567.4698070280,55567.4698070280,1,DORA-USDT
2022-08-16 16:00:00,1660636800000,2.5440000000,2.5700000000,2.5340000000,2.5540000000,20471.7809360000,52272.4718508720,52272.4718508720,1,DORA-USDT
2022-08-16 17:00:00,1660640400000,2.5600000000,2.5830000000,2.5500000000,2.5690000000,22819.5203530000,58714.4873760450,58714.4873760450,1,DORA-USDT
2022-08-16 18:00:00,1660644000000,2.5710000000,2.5900000000,2.5490000000,2.5550000000,19775.8352520000,50864.7793376490,50864.7793376490,1,DORA-USDT
2022-08-16 19:00:00,1660647600000,2.5540000000,2.5790000000,2.5430000000,2.5580000000,25068.3594800000,64180.8219694220,64180.8219694220,1,DORA-USDT
2022-08-16 20:00:00,1660651200000,2.5620000000,2.5710000000,2.5310000000,2.5450000000,20446.2250740000,52204.1399402370,52204.1399402370,1,DORA-USDT
2022-08-16 21:00:00,1660654800000,2.5450000000,2.5510000000,2.5260000000,2.5450000000,25013.5690330000,63546.1103707610,63546.1103707610,1,DORA-USDT
2022-08-16 22:00:00,1660658400000,2.5390000000,2.5500000000,2.5100000000,2.5240000000,27332.6080770000,69132.7922205520,69132.7922205520,1,DORA-USDT
2022-08-16 23:00:00,1660662000000,2.5180000000,2.5460000000,2.5070000000,2.5450000000,22399.3479070000,56619.5933449840,56619.5933449840,1,DORA-USDT
2022-08-17 00:00:00,1660665600000,2.5450000000,2.5890000000,2.5200000000,2.5790000000,34211.8890560000,87521.7534176220,87521.7534176220,1,DORA-USDT
2022-08-17 01:00:00,1660669200000,2.5800000000,2.6460000000,2.5770000000,2.5920000000,59977.2455850000,156668.8112194310,156668.8112194310,1,DORA-USDT
2022-08-17 02:00:00,1660672800000,2.5960000000,2.6140000000,2.5590000000,2.5760000000,30078.0281710000,77920.6458781080,77920.6458781080,1,DORA-USDT
2022-08-17 03:00:00,1660676400000,2.5760000000,2.5880000000,2.5610000000,2.5750000000,24477.2212110000,63056.4174838640,63056.4174838640,1,DORA-USDT
2022-08-17 04:00:00,1660680000000,2.5750000000,2.5830000000,2.5610000000,2.5760000000,21955.2684110000,56443.6429322990,56443.6429322990,1,DORA-USDT
2022-08-17 05:00:00,1660683600000,2.5740000000,2.5860000000,2.5580000000,2.5650000000,23217.9897600000,59592.9419582560,59592.9419582560,1,DORA-USDT
2022-08-17 06:00:00,1660687200000,2.5610000000,2.5750000000,2.5580000000,2.5670000000,15439.0105410000,39632.6719377160,39632.6719377160,1,DORA-USDT
2022-08-17 07:00:00,1660690800000,2.5680000000,2.5740000000,2.5560000000,2.5610000000,14567.6866280000,37323.7398811870,37323.7398811870,1,DORA-USDT
2022-08-17 08:00:00,1660694400000,2.5580000000,2.5940000000,2.5500000000,2.5800000000,32506.2033220000,83537.9410267220,83537.9410267220,1,DORA-USDT
2022-08-17 09:00:00,1660698000000,2.5790000000,2.5970000000,2.5730000000,2.5780000000,18371.6102360000,47437.8718813240,47437.8718813240,1,DORA-USDT
2022-08-17 10:00:00,1660701600000,2.5750000000,2.6240000000,2.5730000000,2.6070000000,24522.6204110000,63695.7314125080,63695.7314125080,1,DORA-USDT
2022-08-17 11:00:00,1660705200000,2.6110000000,2.6450000000,2.6080000000,2.6290000000,33865.6291820000,88915.2133144660,88915.2133144660,1,DORA-USDT
2022-08-17 12:00:00,1660708800000,2.6270000000,2.6440000000,2.6020000000,2.6040000000,29514.6604390000,77447.9830449450,77447.9830449450,1,DORA-USDT
2022-08-17 13:00:00,1660712400000,2.6030000000,2.6350000000,2.6030000000,2.6310000000,21817.2107980000,57160.9099414800,57160.9099414800,1,DORA-USDT
2022-08-17 14:00:00,1660716000000,2.6340000000,2.6400000000,2.5790000000,2.5990000000,41207.5955370000,107620.2877327480,107620.2877327480,1,DORA-USDT
2022-08-17 15:00:00,1660719600000,2.6040000000,2.6060000000,2.5360000000,2.5480000000,38349.2841930000,98306.0847649140,98306.0847649140,1,DORA-USDT
2022-08-17 16:00:00,1660723200000,2.5460000000,2.5760000000,2.5440000000,2.5620000000,20204.4747030000,51783.8515404950,51783.8515404950,1,DORA-USDT
2022-08-17 17:00:00,1660726800000,2.5660000000,2.5820000000,2.5600000000,2.5740000000,19930.6157510000,51251.6622465540,51251.6622465540,1,DORA-USDT
2022-08-17 18:00:00,1660730400000,2.5680000000,2.5740000000,2.5530000000,2.5650000000,19273.1487330000,49414.1486570120,49414.1486570120,1,DORA-USDT
2022-08-17 19:00:00,1660734000000,2.5630000000,2.5700000000,2.5520000000,2.5670000000,11817.6717940000,30274.2216455920,30274.2216455920,1,DORA-USDT
2022-08-17 20:00:00,1660737600000,2.5650000000,2.5680000000,2.4840000000,2.5040000000,45371.0347810000,114143.7449034440,114143.7449034440,1,DORA-USDT
2022-08-17 21:00:00,1660741200000,2.5050000000,2.5090000000,2.4620000000,2.4890000000,26396.5263180000,65697.0877672890,65697.0877672890,1,DORA-USDT
2022-08-17 22:00:00,1660744800000,2.4890000000,2.4960000000,2.4560000000,2.4610000000,28906.1167060000,71696.4979040430,71696.4979040430,1,DORA-USDT
2022-08-17 23:00:00,1660748400000,2.4590000000,2.4900000000,2.4590000000,2.4820000000,24492.0574050000,60737.0029626370,60737.0029626370,1,DORA-USDT
2022-08-18 00:00:00,1660752000000,2.4850000000,2.4890000000,2.4720000000,2.4830000000,13379.9584430000,33183.2561173560,33183.2561173560,1,DORA-USDT
2022-08-18 01:00:00,1660755600000,2.4810000000,2.4930000000,2.4730000000,2.4890000000,18725.6339820000,46501.2787745200,46501.2787745200,1,DORA-USDT
2022-08-18 02:00:00,1660759200000,2.4830000000,2.5100000000,2.4720000000,2.4850000000,24249.2461540000,60395.6505200510,60395.6505200510,1,DORA-USDT
2022-08-18 03:00:00,1660762800000,2.4850000000,2.4930000000,2.4620000000,2.4690000000,23432.4373550000,57963.1824836660,57963.1824836660,1,DORA-USDT
2022-08-18 04:00:00,1660766400000,2.4690000000,2.5150000000,2.4610000000,2.5080000000,32624.6366630000,81430.2886128680,81430.2886128680,1,DORA-USDT
2022-08-18 05:00:00,1660770000000,2.5080000000,2.5100000000,2.4730000000,2.4760000000,19635.9946200000,48803.2187530820,48803.2187530820,1,DORA-USDT
2022-08-18 06:00:00,1660773600000,2.4850000000,2.4940000000,2.4740000000,2.4850000000,17613.2701090000,43729.2433510150,43729.2433510150,1,DORA-USDT
2022-08-18 07:00:00,1660777200000,2.4860000000,2.4870000000,2.4750000000,2.4820000000,14697.5160450000,36465.7296643610,36465.7296643610,1,DORA-USDT
2022-08-18 08:00:00,1660780800000,2.4860000000,2.5250000000,2.4780000000,2.5080000000,25898.4650530000,64936.1903372510,64936.1903372510,1,DORA-USDT
2022-08-18 09:00:00,1660784400000,2.5090000000,2.5220000000,2.4780000000,2.4980000000,23270.8415100000,58202.4161414790,58202.4161414790,1,DORA-USDT
2022-08-18 10:00:00,1660788000000,2.4960000000,2.5260000000,2.4900000000,2.5220000000,19227.0628670000,48212.0650054020,48212.0650054020,1,DORA-USDT
2022-08-18 11:00:00,1660791600000,2.5250000000,2.5270000000,2.5050000000,2.5080000000,18517.5740210000,46556.5089047580,46556.5089047580,1,DORA-USDT
2022-08-18 12:00:00,1660795200000,2.5090000000,2.5130000000,2.4920000000,2.4980000000,18367.4517710000,45968.5503095900,45968.5503095900,1,DORA-USDT
2022-08-18 13:00:00,1660798800000,2.4970000000,2.5080000000,2.4940000000,2.5010000000,11191.6375960000,27989.9907757020,27989.9907757020,1,DORA-USDT
2022-08-18 14:00:00,1660802400000,2.4970000000,2.5020000000,2.4770000000,2.4860000000,10532.1521080000,26242.3237950550,26242.3237950550,1,DORA-USDT
2022-08-18 15:00:00,1660806000000,2.4790000000,2.5000000000,2.4770000000,2.4860000000,18061.0179670000,44959.9155521640,44959.9155521640,1,DORA-USDT
2022-08-18 16:00:00,1660809600000,2.4840000000,2.5020000000,2.4650000000,2.4850000000,31403.6571270000,77931.3583239190,77931.3583239190,1,DORA-USDT
2022-08-18 17:00:00,1660813200000,2.4840000000,2.5070000000,2.4790000000,2.5070000000,15998.5996610000,39921.5023679810,39921.5023679810,1,DORA-USDT
2022-08-18 18:00:00,1660816800000,2.5030000000,2.5100000000,2.4970000000,2.5060000000,11515.8355550000,28843.7095518940,28843.7095518940,1,DORA-USDT
2022-08-18 19:00:00,1660820400000,2.5050000000,2.5180000000,2.5040000000,2.5090000000,12618.6105630000,31670.2310044600,31670.2310044600,1,DORA-USDT
2022-08-18 20:00:00,1660824000000,2.5090000000,2.5200000000,2.5030000000,2.5140000000,18265.3708510000,45867.2578398970,45867.2578398970,1,DORA-USDT
2022-08-18 21:00:00,1660827600000,2.5140000000,2.5390000000,2.4870000000,2.4960000000,28240.3471770000,70804.6347214860,70804.6347214860,1,DORA-USDT
2022-08-18 22:00:00,1660831200000,2.5010000000,2.5140000000,2.4910000000,2.4920000000,19114.6566610000,47793.9594922770,47793.9594922770,1,DORA-USDT
2022-08-18 23:00:00,1660834800000,2.4940000000,2.5300000000,2.4770000000,2.5270000000,23099.9950210000,57852.0416474750,57852.0416474750,1,DORA-USDT
2022-08-19 00:00:00,1660838400000,2.5270000000,2.5290000000,2.4710000000,2.4960000000,32377.8363000000,80779.6744694700,80779.6744694700,1,DORA-USDT
2022-08-19 01:00:00,1660842000000,2.4960000000,2.5090000000,2.4900000000,2.4940000000,13735.8369580000,34354.7494054440,34354.7494054440,1,DORA-USDT
2022-08-19 02:00:00,1660845600000,2.4940000000,2.5090000000,2.4830000000,2.5010000000,19675.6727860000,49085.1439322500,49085.1439322500,1,DORA-USDT
2022-08-19 03:00:00,1660849200000,2.5010000000,2.5090000000,2.4910000000,2.5020000000,14028.2608000000,35109.1356891310,35109.1356891310,1,DORA-USDT
2022-08-19 04:00:00,1660852800000,2.4980000000,2.5080000000,2.4910000000,2.5010000000,14858.0737570000,37139.0447986680,37139.0447986680,1,DORA-USDT
2022-08-19 05:00:00,1660856400000,2.5030000000,2.5130000000,2.4880000000,2.4990000000,20248.0454530000,50607.0349578220,50607.0349578220,1,DORA-USDT
2022-08-19 06:00:00,1660860000000,2.5010000000,2.5080000000,2.4870000000,2.4960000000,17501.6899130000,43688.4167212660,43688.4167212660,1,DORA-USDT
2022-08-19 07:00:00,1660863600000,2.4970000000,2.5040000000,2.3740000000,2.4260000000,73456.2688620000,177433.0676572110,177433.0676572110,1,DORA-USDT
2022-08-19 08:00:00,1660867200000,2.4280000000,2.4290000000,2.3950000000,2.4200000000,25047.6233280000,60387.7730118490,60387.7730118490,1,DORA-USDT
2022-08-19 09:00:00,1660870800000,2.4190000000,2.4230000000,2.3900000000,2.3990000000,16986.3256600000,40836.8223081970,40836.8223081970,1,DORA-USDT
2022-08-19 10:00:00,1660874400000,2.4020000000,2.4100000000,2.3890000000,2.4060000000,14927.0194230000,35832.4719099050,35832.4719099050,1,DORA-USDT
2022-08-19 11:00:00,1660878000000,2.4060000000,2.4110000000,2.3930000000,2.4080000000,12168.4115840000,29237.1344308410,29237.1344308410,1,DORA-USDT
2022-08-19 12:00:00,1660881600000,2.4050000000,2.4080000000,2.3930000000,2.3990000000,10969.6432230000,26368.1613422020,26368.1613422020,1,DORA-USDT
2022-08-19 13:00:00,1660885200000,2.3990000000,2.4070000000,2.3970000000,2.4050000000,12294.4680300000,29527.0460910780,29527.0460910780,1,DORA-USDT
2022-08-19 14:00:00,1660888800000,2.4050000000,2.4100000000,2.2600000000,2.2770000000,81746.7554970000,188661.7657858500,188661.7657858500,1,DORA-USDT
2022-08-19 15:00:00,1660892400000,2.2760000000,2.3000000000,2.2640000000,2.2860000000,38748.4519150000,88398.2355699920,88398.2355699920,1,DORA-USDT
2022-08-19 16:00:00,1660896000000,2.2860000000,2.2860000000,2.1810000000,2.1870000000,61222.6566700000,136099.9155215720,136099.9155215720,1,DORA-USDT
2022-08-19 17:00:00,1660899600000,2.1860000000,2.1910000000,2.1100000000,2.1470000000,65321.5836250000,140027.9492047920,140027.9492047920,1,DORA-USDT
2022-08-19 18:00:00,1660903200000,2.1480000000,2.1510000000,2.1200000000,2.1240000000,30296.9206240000,64756.8913347280,64756.8913347280,1,DORA-USDT
2022-08-19 19:00:00,1660906800000,2.1240000000,2.1350000000,2.0830000000,2.1310000000,73896.0393410000,156112.5088749460,156112.5088749460,1,DORA-USDT
2022-08-19 20:00:00,1660910400000,2.1310000000,2.2240000000,2.1060000000,2.1640000000,63781.3138160000,136519.0483936890,136519.0483936890,1,DORA-USDT
2022-08-19 21:00:00,1660914000000,2.1630000000,2.1640000000,2.1350000000,2.1450000000,27317.5273050000,58666.9952809220,58666.9952809220,1,DORA-USDT
2022-08-19 22:00:00,1660917600000,2.1460000000,2.1670000000,2.1310000000,2.1330000000,27764.7064300000,59667.9231072810,59667.9231072810,1,DORA-USDT
2022-08-19 23:00:00,1660921200000,2.1320000000,2.1540000000,2.1260000000,2.1480000000,23730.0045130000,50797.0152251020,50797.0152251020,1,DORA-USDT
2022-08-20 00:00:00,1660924800000,2.1490000000,2.2370000000,2.1490000000,2.2030000000,93442.9635440000,205885.4630629110,205885.4630629110,1,DORA-USDT
2022-08-20 01:00:00,1660928400000,2.2020000000,2.2120000000,2.1780000000,2.1920000000,26727.4186900000,58559.8554533480,58559.8554533480,1,DORA-USDT
2022-08-20 02:00:00,1660932000000,2.1860000000,2.1980000000,2.1660000000,2.1790000000,26668.7249090000,58118.0083874530,58118.0083874530,1,DORA-USDT
2022-08-20 03:00:00,1660935600000,2.1780000000,2.2040000000,2.1670000000,2.1900000000,30151.2485000000,65991.0832259390,65991.0832259390,1,DORA-USDT
2022-08-20 04:00:00,1660939200000,2.1910000000,2.1910000000,2.1620000000,2.1800000000,20929.8129270000,45577.3899621200,45577.3899621200,1,DORA-USDT
2022-08-20 05:00:00,1660942800000,2.1790000000,2.1880000000,2.1350000000,2.1410000000,29560.8969370000,64068.8793522210,64068.8793522210,1,DORA-USDT
2022-08-20 06:00:00,1660946400000,2.1440000000,2.1590000000,2.1160000000,2.1420000000,33023.4768620000,70562.5814368260,70562.5814368260,1,DORA-USDT
2022-08-20 07:00:00,1660950000000,2.1420000000,2.1470000000,2.1100000000,2.1340000000,43198.7064460000,91949.7212324830,91949.7212324830,1,DORA-USDT
2022-08-20 08:00:00,1660953600000,2.1310000000,2.1870000000,2.1290000000,2.1760000000,28897.8904120000,62603.5053316460,62603.5053316460,1,DORA-USDT
2022-08-20 09:00:00,1660957200000,2.1770000000,2.1830000000,2.1700000000,2.1700000000,13223.0199970000,28769.6846364840,28769.6846364840,1,DORA-USDT
2022-08-20 10:00:00,1660960800000,2.1730000000,2.1800000000,2.1660000000,2.1770000000,16064.6761180000,34907.7332065130,34907.7332065130,1,DORA-USDT
2022-08-20 11:00:00,1660964400000,2.1780000000,2.1860000000,2.1620000000,2.1760000000,15326.8294970000,33302.8094329380,33302.8094329380,1,DORA-USDT
2022-08-20 12:00:00,1660968000000,2.1750000000,2.2160000000,2.1660000000,2.2050000000,44581.0053950000,97989.6919975030,97989.6919975030,1,DORA-USDT
2022-08-20 13:00:00,1660971600000,2.2040000000,2.2080000000,2.1820000000,2.1920000000,20324.4425190000,44627.0028427850,44627.0028427850,1,DORA-USDT
2022-08-20 14:00:00,1660975200000,2.1940000000,2.2430000000,2.1900000000,2.2360000000,27946.4941590000,62039.6878211620,62039.6878211620,1,DORA-USDT
2022-08-20 15:00:00,1660978800000,2.2350000000,2.2470000000,2.2240000000,2.2320000000,21717.7032710000,48543.3961090720,48543.3961090720,1,DORA-USDT
2022-08-20 16:00:00,1660982400000,2.2270000000,2.2430000000,2.2120000000,2.2330000000,17908.5331340000,39936.7798361340,39936.7798361340,1,DORA-USDT
2022-08-20 17:00:00,1660986000000,2.2330000000,2.2450000000,2.2150000000,2.2230000000,22071.4481750000,49221.9977935150,49221.9977935150,1,DORA-USDT
2022-08-20 18:00:00,1660989600000,2.2240000000,2.2290000000,2.1960000000,2.2170000000,24247.3299730000,53688.3467789830,53688.3467789830,1,DORA-USDT
2022-08-20 19:00:00,1660993200000,2.2170000000,2.2290000000,2.2070000000,2.2230000000,14224.3546420000,31594.7953095730,31594.7953095730,1,DORA-USDT
2022-08-20 20:00:00,1660996800000,2.2220000000,2.2410000000,2.2120000000,2.2120000000,20987.0314600000,46720.9470157780,46720.9470157780,1,DORA-USDT
2022-08-20 21:00:00,1661000400000,2.2120000000,2.2190000000,2.1950000000,2.2060000000,20689.2544340000,45631.3903822540,45631.3903822540,1,DORA-USDT
2022-08-20 22:00:00,1661004000000,2.2060000000,2.2090000000,2.1850000000,2.1940000000,11804.9772680000,25901.4972389770,25901.4972389770,1,DORA-USDT
2022-08-20 23:00:00,1661007600000,2.1960000000,2.1960000000,2.1790000000,2.1930000000,18070.1275270000,39519.1931007910,39519.1931007910,1,DORA-USDT
2022-08-21 00:00:00,1661011200000,2.1930000000,2.1980000000,2.1730000000,2.1740000000,13255.1391480000,28958.8584994880,28958.8584994880,1,DORA-USDT
2022-08-21 01:00:00,1661014800000,2.1730000000,2.1730000000,2.1350000000,2.1430000000,23521.6265930000,50482.1100699250,50482.1100699250,1,DORA-USDT
2022-08-21 02:00:00,1661018400000,2.1390000000,2.1470000000,2.1160000000,2.1190000000,21057.2830610000,44965.4606484110,44965.4606484110,1,DORA-USDT
2022-08-21 03:00:00,1661022000000,2.1190000000,2.1220000000,2.0910000000,2.1110000000,26719.3659120000,56330.1668820910,56330.1668820910,1,DORA-USDT
2022-08-21 04:00:00,1661025600000,2.1110000000,2.1250000000,2.0680000000,2.0810000000,30992.3719560000,65014.9979396360,65014.9979396360,1,DORA-USDT
2022-08-21 05:00:00,1661029200000,2.0820000000,2.1400000000,2.0770000000,2.1390000000,33081.8049610000,69921.1376548390,69921.1376548390,1,DORA-USDT
2022-08-21 06:00:00,1661032800000,2.1380000000,2.1450000000,2.1240000000,2.1350000000,16696.3359920000,35637.7682680370,35637.7682680370,1,DORA-USDT
2022-08-21 07:00:00,1661036400000,2.1350000000,2.1570000000,2.1280000000,2.1400000000,18166.2946740000,38923.6906570110,38923.6906570110,1,DORA-USDT
2022-08-21 08:00:00,1661040000000,2.1400000000,2.1840000000,2.1370000000,2.1580000000,24382.7586230000,52728.6233222140,52728.6233222140,1,DORA-USDT
2022-08-21 09:00:00,1661043600000,2.1580000000,2.1960000000,2.1540000000,2.1900000000,15917.9159720000,34608.6734745800,34608.6734745800,1,DORA-USDT
2022-08-21 10:00:00,1661047200000,2.1910000000,2.2080000000,2.1820000000,2.1940000000,11127.6527060000,24385.4942679130,24385.4942679130,1,DORA-USDT
2022-08-21 11:00:00,1661050800000,2.1950000000,2.1980000000,2.1850000000,2.1870000000,9514.8878210000,20838.9118148700,20838.9118148700,1,DORA-USDT
2022-08-21 12:00:00,1661054400000,2.1870000000,2.2240000000,2.1850000000,2.2060000000,22530.0920740000,49743.2089785770,49743.2089785770,1,DORA-USDT
2022-08-21 13:00:00,1661058000000,2.2050000000,2.2290000000,2.2010000000,2.2160000000,15510.4532270000,34246.0113627470,34246.0113627470,1,DORA-USDT
2022-08-21 14:00:00,1661061600000,2.2150000000,2.2230000000,2.1730000000,2.1800000000,21694.5330490000,47635.5499729080,47635.5499729080,1,DORA-USDT
2022-08-21 15:00:00,1661065200000,2.1820000000,2.2210000000,2.1580000000,2.2190000000,27065.0149480000,59211.9664454300,59211.9664454300,1,DORA-USDT
2022-08-21 16:00:00,1661068800000,2.2200000000,2.2540000000,2.1960000000,2.2120000000,33310.1507620000,73911.2663301580,73911.2663301580,1,DORA-USDT
2022-08-21 17:00:00,1661072400000,2.2150000000,2.2270000000,2.2000000000,2.2070000000,23727.5833240000,52556.8162839480,52556.8162839480,1,DORA-USDT
2022-08-21 18:00:00,1661076000000,2.2070000000,2.2160000000,2.1880000000,2.1900000000,20249.3875200000,44540.9334458780,44540.9334458780,1,DORA-USDT
2022-08-21 19:00:00,1661079600000,2.1900000000,2.2160000000,2.1850000000,2.2130000000,14886.4943690000,32778.7623274700,32778.7623274700,1,DORA-USDT
2022-08-21 20:00:00,1661083200000,2.2140000000,2.2210000000,2.1970000000,2.2020000000,18484.2142540000,40819.3680761960,40819.3680761960,1,DORA-USDT
2022-08-21 21:00:00,1661086800000,2.2020000000,2.2180000000,2.1980000000,2.2030000000,15018.9912650000,33132.9924033760,33132.9924033760,1,DORA-USDT
2022-08-21 22:00:00,1661090400000,2.2030000000,2.2520000000,2.1980000000,2.2350000000,28989.3582190000,64709.5714092790,64709.5714092790,1,DORA-USDT
2022-08-21 23:00:00,1661094000000,2.2350000000,2.2360000000,2.2180000000,2.2360000000,12004.3014690000,26739.9132259210,26739.9132259210,1,DORA-USDT
2022-08-22 00:00:00,1661097600000,2.2340000000,2.2420000000,2.2130000000,2.2360000000,23974.2359800000,53385.6710735310,53385.6710735310,1,DORA-USDT
2022-08-22 01:00:00,1661101200000,2.2360000000,2.2450000000,2.2280000000,2.2320000000,10141.7240060000,22691.4429587320,22691.4429587320,1,DORA-USDT
2022-08-22 02:00:00,1661104800000,2.2320000000,2.2430000000,2.2230000000,2.2380000000,12326.0159730000,27541.5522348820,27541.5522348820,1,DORA-USDT
2022-08-22 03:00:00,1661108400000,2.2380000000,2.2450000000,2.2230000000,2.2320000000,11706.1319920000,26154.9388797620,26154.9388797620,1,DORA-USDT
2022-08-22 04:00:00,1661112000000,2.2340000000,2.2600000000,2.2190000000,2.2300000000,25778.0271320000,57700.4815657100,57700.4815657100,1,DORA-USDT
2022-08-22 05:00:00,1661115600000,2.2310000000,2.2560000000,2.2310000000,2.2420000000,20959.5535840000,47033.0471174300,47033.0471174300,1,DORA-USDT
2022-08-22 06:00:00,1661119200000,2.2410000000,2.2540000000,2.2100000000,2.2480000000,29286.1849560000,65340.1082341130,65340.1082341130,1,DORA-USDT
2022-08-22 07:00:00,1661122800000,2.2480000000,2.2540000000,2.2060000000,2.2160000000,24169.1146610000,53854.9114515920,53854.9114515920,1,DORA-USDT
2022-08-22 08:00:00,1661126400000,2.2150000000,2.2380000000,2.1930000000,2.2110000000,30093.7062670000,66568.1854721590,66568.1854721590,1,DORA-USDT
2022-08-22 09:00:00,1661130000000,2.2110000000,2.2190000000,2.2010000000,2.2120000000,16311.2224980000,36047.1969798680,36047.1969798680,1,DORA-USDT
2022-08-22 10:00:00,1661133600000,2.2130000000,2.2210000000,2.2070000000,2.2200000000,8663.9981760000,19177.9927474530,19177.9927474530,1,DORA-USDT
2022-08-22 11:00:00,1661137200000,2.2200000000,2.2370000000,2.2040000000,2.2040000000,16928.8851450000,37580.4019906300,37580.4019906300,1,DORA-USDT
2022-08-22 12:00:00,1661140800000,2.2040000000,2.2460000000,2.1960000000,2.2430000000,24518.7733220000,54554.6611017500,54554.6611017500,1,DORA-USDT
2022-08-22 13:00:00,1661144400000,2.2420000000,2.2460000000,2.2220000000,2.2350000000,16139.2452590000,36052.0164524320,36052.0164524320,1,DORA-USDT
2022-08-22 14:00:00,1661148000000,2.2350000000,2.2350000000,2.1770000000,2.1960000000,27123.5968120000,59820.3130529840,59820.3130529840,1,DORA-USDT
2022-08-22 15:00:00,1661151600000,2.1960000000,2.2270000000,2.1610000000,2.1650000000,40243.5216870000,88411.0175436100,88411.0175436100,1,DORA-USDT
2022-08-22 16:00:00,1661155200000,2.1770000000,2.1770000000,2.1180000000,2.1660000000,36817.4240090000,78958.4933814220,78958.4933814220,1,DORA-USDT
2022-08-22 17:00:00,1661158800000,2.1640000000,2.1760000000,2.1480000000,2.1710000000,24902.8592530000,53865.4579964150,53865.4579964150,1,DORA-USDT
2022-08-22 18:00:00,1661162400000,2.1700000000,2.2030000000,2.1600000000,2.1860000000,26241.1376220000,57323.6676062740,57323.6676062740,1,DORA-USDT
2022-08-22 19:00:00,1661166000000,2.1840000000,2.1990000000,2.1620000000,2.1930000000,29495.9341290000,64326.4354871360,64326.4354871360,1,DORA-USDT
2022-08-22 20:00:00,1661169600000,2.1980000000,2.2110000000,2.1840000000,2.1990000000,27172.8926290000,59749.7361917750,59749.7361917750,1,DORA-USDT
2022-08-22 21:00:00,1661173200000,2.1960000000,2.2050000000,2.1680000000,2.1850000000,34538.5155520000,75620.8243388950,75620.8243388950,1,DORA-USDT
2022-08-22 22:00:00,1661176800000,2.1860000000,2.2190000000,2.1760000000,2.1820000000,49851.8464520000,109381.5287906410,109381.5287906410,1,DORA-USDT
2022-08-22 23:00:00,1661180400000,2.1820000000,2.2460000000,2.1800000000,2.2400000000,42742.4870500000,94761.6920532730,94761.6920532730,1,DORA-USDT
2022-08-23 00:00:00,1661184000000,2.2400000000,2.2540000000,2.2040000000,2.2110000000,25252.0893960000,56072.2604768940,56072.2604768940,1,DORA-USDT
2022-08-23 01:00:00,1661187600000,2.2190000000,2.2210000000,2.2100000000,2.2130000000,9096.6521230000,20157.8958486040,20157.8958486040,1,DORA-USDT
2022-08-23 02:00:00,1661191200000,2.2130000000,2.2170000000,2.1930000000,2.2110000000,19088.3083560000,42141.5937767130,42141.5937767130,1,DORA-USDT
2022-08-23 03:00:00,1661194800000,2.2110000000,2.2200000000,2.2040000000,2.2130000000,15890.7001410000,35155.4762217340,35155.4762217340,1,DORA-USDT
2022-08-23 04:00:00,1661198400000,2.2150000000,2.2360000000,2.2110000000,2.2300000000,26248.4449280000,58402.3609364570,58402.3609364570,1,DORA-USDT
2022-08-23 05:00:00,1661202000000,2.2300000000,2.2370000000,2.2140000000,2.2220000000,17102.7838570000,38022.7566828410,38022.7566828410,1,DORA-USDT
2022-08-23 06:00:00,1661205600000,2.2160000000,2.2380000000,2.2150000000,2.2200000000,18216.2025320000,40557.0990615450,40557.0990615450,1,DORA-USDT
2022-08-23 07:00:00,1661209200000,2.2230000000,2.2700000000,2.2200000000,2.2650000000,25866.7205600000,58015.7713096040,58015.7713096040,1,DORA-USDT
2022-08-23 08:00:00,1661212800000,2.2650000000,2.2910000000,2.2460000000,2.2530000000,25827.1475200000,58486.1023616240,58486.1023616240,1,DORA-USDT
2022-08-23 09:00:00,1661216400000,2.2530000000,2.2910000000,2.2210000000,2.2600000000,44792.2880380000,101298.8537480850,101298.8537480850,1,DORA-USDT
2022-08-23 10:00:00,1661220000000,2.2590000000,2.2840000000,2.2520000000,2.2820000000,14227.2741670000,32239.4932014510,32239.4932014510,1,DORA-USDT
2022-08-23 11:00:00,1661223600000,2.2820000000,2.2840000000,2.2490000000,2.2510000000,13117.6844800000,29744.2160931770,29744.2160931770,1,DORA-USDT
2022-08-23 12:00:00,1661227200000,2.2530000000,2.2600000000,2.2360000000,2.2520000000,16479.2950610000,37055.4849099200,37055.4849099200,1,DORA-USDT
2022-08-23 13:00:00,1661230800000,2.2440000000,2.2530000000,2.1980000000,2.2090000000,38086.6593730000,84611.8897892760,84611.8897892760,1,DORA-USDT
2022-08-23 14:00:00,1661234400000,2.2040000000,2.2420000000,2.2030000000,2.2380000000,35568.5323440000,79083.3986602200,79083.3986602200,1,DORA-USDT
2022-08-23 15:00:00,1661238000000,2.2400000000,2.2680000000,2.2340000000,2.2640000000,28678.9016300000,64643.2422572500,64643.2422572500,1,DORA-USDT
2022-08-23 16:00:00,1661241600000,2.2630000000,2.2760000000,2.2570000000,2.2570000000,19031.6506700000,43154.7621152890,43154.7621152890,1,DORA-USDT
2022-08-23 17:00:00,1661245200000,2.2560000000,2.3000000000,2.2420000000,2.2800000000,47234.2387780000,107179.1678719670,107179.1678719670,1,DORA-USDT
2022-08-23 18:00:00,1661248800000,2.2790000000,2.2860000000,2.2660000000,2.2800000000,23878.3004620000,54358.6368190330,54358.6368190330,1,DORA-USDT
2022-08-23 19:00:00,1661252400000,2.2800000000,2.3280000000,2.2730000000,2.3010000000,36298.8742430000,83584.6861122060,83584.6861122060,1,DORA-USDT
2022-08-23 20:00:00,1661256000000,2.3020000000,2.3040000000,2.2850000000,2.2970000000,23413.0819030000,53784.7041591470,53784.7041591470,1,DORA-USDT
2022-08-23 21:00:00,1661259600000,2.2980000000,2.3260000000,2.2910000000,2.3190000000,47535.9331240000,109689.1392992330,109689.1392992330,1,DORA-USDT
2022-08-23 22:00:00,1661263200000,2.3200000000,2.3440000000,2.3140000000,2.3250000000,33780.6696480000,78784.3403524280,78784.3403524280,1,DORA-USDT
2022-08-23 23:00:00,1661266800000,2.3250000000,2.3520000000,2.3190000000,2.3460000000,26427.8967250000,61803.6331540780,61803.6331540780,1,DORA-USDT
2022-08-24 00:00:00,1661270400000,2.3460000000,2.5760000000,2.3430000000,2.5320000000,194380.2908740000,483221.6405779610,483221.6405779610,1,DORA-USDT
2022-08-24 01:00:00,1661274000000,2.5300000000,2.5380000000,2.4250000000,2.4620000000,100054.7381000000,247536.3483645610,247536.3483645610,1,DORA-USDT
2022-08-24 02:00:00,1661277600000,2.4640000000,2.5160000000,2.4430000000,2.4720000000,66450.0508730000,165195.0639617550,165195.0639617550,1,DORA-USDT
2022-08-24 03:00:00,1661281200000,2.4710000000,2.4970000000,2.4540000000,2.4660000000,28940.1330930000,71426.2955807280,71426.2955807280,1,DORA-USDT
2022-08-24 04:00:00,1661284800000,2.4660000000,2.4730000000,2.4320000000,2.4370000000,34499.2801500000,84514.9339512410,84514.9339512410,1,DORA-USDT
2022-08-24 05:00:00,1661288400000,2.4380000000,2.4680000000,2.4160000000,2.4260000000,45770.5784770000,111696.7652744700,111696.7652744700,1,DORA-USDT
2022-08-24 06:00:00,1661292000000,2.4290000000,2.5000000000,2.4260000000,2.4740000000,54664.2272340000,134840.7604775330,134840.7604775330,1,DORA-USDT
2022-08-24 07:00:00,1661295600000,2.4730000000,2.5560000000,2.4710000000,2.5040000000,76173.7449860000,192027.8956603900,192027.8956603900,1,DORA-USDT
2022-08-24 08:00:00,1661299200000,2.4950000000,2.5500000000,2.4900000000,2.5380000000,54229.2795740000,136540.4050811890,136540.4050811890,1,DORA-USDT
2022-08-24 09:00:00,1661302800000,2.5390000000,2.6240000000,2.5340000000,2.6000000000,97298.4514620000,251393.3514146040,251393.3514146040,1,DORA-USDT
2022-08-24 10:00:00,1661306400000,2.6010000000,2.6180000000,2.5590000000,2.5820000000,78773.3072610000,204151.7338603030,204151.7338603030,1,DORA-USDT
2022-08-24 11:00:00,1661310000000,2.5820000000,2.5890000000,2.5180000000,2.5610000000,72929.8680870000,186215.1191639170,186215.1191639170,1,DORA-USDT
2022-08-24 12:00:00,1661313600000,2.5590000000,2.5690000000,2.5210000000,2.5500000000,51557.7393790000,131143.1642514500,131143.1642514500,1,DORA-USDT
2022-08-24 13:00:00,1661317200000,2.5500000000,2.6890000000,2.5400000000,2.6070000000,111984.7057200000,292415.9878423190,292415.9878423190,1,DORA-USDT
2022-08-24 14:00:00,1661320800000,2.6050000000,2.6290000000,2.5730000000,2.5970000000,57576.9468940000,149803.0130546000,149803.0130546000,1,DORA-USDT
2022-08-24 15:00:00,1661324400000,2.5950000000,2.6200000000,2.5600000000,2.5900000000,68206.6279990000,176557.6083726300,176557.6083726300,1,DORA-USDT
2022-08-24 16:00:00,1661328000000,2.5910000000,2.6240000000,2.5760000000,2.6230000000,37204.6984060000,96836.5227425410,96836.5227425410,1,DORA-USDT
2022-08-24 17:00:00,1661331600000,2.6200000000,2.6240000000,2.5310000000,2.5560000000,56646.4952490000,145908.0046539980,145908.0046539980,1,DORA-USDT
2022-08-24 18:00:00,1661335200000,2.5540000000,2.5720000000,2.5200000000,2.5540000000,38813.2771870000,99034.5799487130,99034.5799487130,1,DORA-USDT
2022-08-24 19:00:00,1661338800000,2.5560000000,2.6500000000,2.5480000000,2.6140000000,69244.4035050000,179816.6786584260,179816.6786584260,1,DORA-USDT
2022-08-24 20:00:00,1661342400000,2.6130000000,2.6320000000,2.5770000000,2.5970000000,49342.1619530000,128489.3610707800,128489.3610707800,1,DORA-USDT
2022-08-24 21:00:00,1661346000000,2.5960000000,2.6420000000,2.5550000000,2.5740000000,68157.5144770000,177276.4954468800,177276.4954468800,1,DORA-USDT
2022-08-24 22:00:00,1661349600000,2.5680000000,2.6150000000,2.5510000000,2.5910000000,63353.1566900000,163733.1658911380,163733.1658911380,1,DORA-USDT
2022-08-24 23:00:00,1661353200000,2.5900000000,2.6270000000,2.5840000000,2.6070000000,45256.9763530000,118044.5586061300,118044.5586061300,1,DORA-USDT
2022-08-25 00:00:00,1661356800000,2.6060000000,2.6190000000,2.5860000000,2.6140000000,41156.5862130000,107261.7355727960,107261.7355727960,1,DORA-USDT
2022-08-25 01:00:00,1661360400000,2.6140000000,2.6140000000,2.5490000000,2.5510000000,38665.0456730000,99463.7532941780,99463.7532941780,1,DORA-USDT
2022-08-25 02:00:00,1661364000000,2.5510000000,2.5650000000,2.5310000000,2.5470000000,29219.9947350000,74530.0882487610,74530.0882487610,1,DORA-USDT
2022-08-25 03:00:00,1661367600000,2.5470000000,2.5790000000,2.5420000000,2.5680000000,30569.5054380000,78424.6935362280,78424.6935362280,1,DORA-USDT
2022-08-25 04:00:00,1661371200000,2.5680000000,2.5780000000,2.5580000000,2.5710000000,19723.9527950000,50682.2736548790,50682.2736548790,1,DORA-USDT
2022-08-25 05:00:00,1661374800000,2.5710000000,2.6000000000,2.5710000000,2.5860000000,21943.4908260000,56740.6074274990,56740.6074274990,1,DORA-USDT
2022-08-25 06:00:00,1661378400000,2.5830000000,2.5890000000,2.5400000000,2.5560000000,36326.1104890000,93137.4204804800,93137.4204804800,1,DORA-USDT
2022-08-25 07:00:00,1661382000000,2.5600000000,2.5900000000,2.5600000000,2.5820000000,30631.7985900000,78959.2474584570,78959.2474584570,1,DORA-USDT
2022-08-25 08:00:00,1661385600000,2.5760000000,2.6450000000,2.5760000000,2.6240000000,49829.1197870000,130477.7037660040,130477.7037660040,1,DORA-USDT
2022-08-25 09:00:00,1661389200000,2.6240000000,2.6250000000,2.5710000000,2.5920000000,46724.5965910000,121073.5352918260,121073.5352918260,1,DORA-USDT
2022-08-25 10:00:00,1661392800000,2.5940000000,2.6110000000,2.5730000000,2.6070000000,36697.9087270000,95009.2657647420,95009.2657647420,1,DORA-USDT
2022-08-25 11:00:00,1661396400000,2.6080000000,2.6390000000,2.5940000000,2.6020000000,38256.3947320000,100021.3332542240,100021.3332542240,1,DORA-USDT
2022-08-25 12:00:00,1661400000000,2.6020000000,2.6280000000,2.5810000000,2.5880000000,32228.5835480000,83954.5791766520,83954.5791766520,1,DORA-USDT
2022-08-25 13:00:00,1661403600000,2.5870000000,2.5910000000,2.5710000000,2.5900000000,24195.0145100000,62433.7481572960,62433.7481572960,1,DORA-USDT
2022-08-25 14:00:00,1661407200000,2.5900000000,2.6600000000,2.5810000000,2.6560000000,45536.3988890000,119586.2749342960,119586.2749342960,1,DORA-USDT
2022-08-25 15:00:00,1661410800000,2.6560000000,2.6680000000,2.6210000000,2.6250000000,27749.5546690000,73307.1016484770,73307.1016484770,1,DORA-USDT
2022-08-25 16:00:00,1661414400000,2.6350000000,2.6560000000,2.6030000000,2.6190000000,39373.1731100000,103435.5510002760,103435.5510002760,1,DORA-USDT
2022-08-25 17:00:00,1661418000000,2.6190000000,2.6570000000,2.6130000000,2.6160000000,35889.8990430000,94560.3590736110,94560.3590736110,1,DORA-USDT
2022-08-25 18:00:00,1661421600000,2.6190000000,2.6390000000,2.6020000000,2.6040000000,50775.4629170000,132953.0450439010,132953.0450439010,1,DORA-USDT
2022-08-25 19:00:00,1661425200000,2.6030000000,2.6460000000,2.5900000000,2.6350000000,34434.9512400000,90125.9113470920,90125.9113470920,1,DORA-USDT
2022-08-25 20:00:00,1661428800000,2.6320000000,2.6370000000,2.5730000000,2.5820000000,54522.7351300000,142012.1930472910,142012.1930472910,1,DORA-USDT
2022-08-25 21:00:00,1661432400000,2.5810000000,2.5930000000,2.5700000000,2.5920000000,32880.2163870000,84857.1217302210,84857.1217302210,1,DORA-USDT
2022-08-25 22:00:00,1661436000000,2.5920000000,2.6090000000,2.5610000000,2.6010000000,38667.0607390000,99981.3782280940,99981.3782280940,1,DORA-USDT
2022-08-25 23:00:00,1661439600000,2.6020000000,2.6030000000,2.5590000000,2.5930000000,35061.0872100000,90332.3511382850,90332.3511382850,1,DORA-USDT
2022-08-26 00:00:00,1661443200000,2.5910000000,2.5960000000,2.5280000000,2.5380000000,42687.3542830000,109032.4719265740,109032.4719265740,1,DORA-USDT
2022-08-26 01:00:00,1661446800000,2.5360000000,2.5480000000,2.5280000000,2.5440000000,16202.6231300000,41162.1276914250,41162.1276914250,1,DORA-USDT
2022-08-26 02:00:00,1661450400000,2.5440000000,2.5690000000,2.5410000000,2.5530000000,22142.1968490000,56574.6423607690,56574.6423607690,1,DORA-USDT
2022-08-26 03:00:00,1661454000000,2.5550000000,2.5640000000,2.5510000000,2.5610000000,17187.5473000000,43967.5694290170,43967.5694290170,1,DORA-USDT
2022-08-26 04:00:00,1661457600000,2.5610000000,2.5780000000,2.5540000000,2.5670000000,19434.2612830000,49833.4007859900,49833.4007859900,1,DORA-USDT
2022-08-26 05:00:00,1661461200000,2.5650000000,2.5720000000,2.5450000000,2.5500000000,22155.3811440000,56719.4695890540,56719.4695890540,1,DORA-USDT
2022-08-26 06:00:00,1661464800000,2.5510000000,2.5620000000,2.5460000000,2.5600000000,17486.5317120000,44655.5337160090,44655.5337160090,1,DORA-USDT
2022-08-26 07:00:00,1661468400000,2.5600000000,2.6240000000,2.5570000000,2.5940000000,29709.7815100000,76919.5297836980,76919.5297836980,1,DORA-USDT
2022-08-26 08:00:00,1661472000000,2.5970000000,2.6060000000,2.5760000000,2.5940000000,24677.1184250000,64015.0855686210,64015.0855686210,1,DORA-USDT
2022-08-26 09:00:00,1661475600000,2.5920000000,2.5960000000,2.5800000000,2.5950000000,16170.3466970000,41869.0130946900,41869.0130946900,1,DORA-USDT
2022-08-26 10:00:00,1661479200000,2.5930000000,2.6390000000,2.5930000000,2.6250000000,26647.7614070000,69902.4190682880,69902.4190682880,1,DORA-USDT
2022-08-26 11:00:00,1661482800000,2.6270000000,2.7470000000,2.6260000000,2.7010000000,78919.0081500000,212448.4395645230,212448.4395645230,1,DORA-USDT
2022-08-26 12:00:00,1661486400000,2.7070000000,2.7350000000,2.6740000000,2.6950000000,45370.8040940000,122623.9915682970,122623.9915682970,1,DORA-USDT
2022-08-26 13:00:00,1661490000000,2.6910000000,2.7230000000,2.6700000000,2.7180000000,60080.3447410000,162035.4555560250,162035.4555560250,1,DORA-USDT
2022-08-26 14:00:00,1661493600000,2.7160000000,2.7310000000,2.6410000000,2.7130000000,65419.1155530000,175631.9865263930,175631.9865263930,1,DORA-USDT
2022-08-26 15:00:00,1661497200000,2.7120000000,2.7200000000,2.6800000000,2.6820000000,46280.3095100000,124704.0689495630,124704.0689495630,1,DORA-USDT
2022-08-26 16:00:00,1661500800000,2.6830000000,2.7150000000,2.6680000000,2.6730000000,43222.8071320000,116075.6485786880,116075.6485786880,1,DORA-USDT
2022-08-26 17:00:00,1661504400000,2.6720000000,2.6930000000,2.6630000000,2.6820000000,29186.2263170000,78173.3902836500,78173.3902836500,1,DORA-USDT
2022-08-26 18:00:00,1661508000000,2.6830000000,2.7150000000,2.6720000000,2.6930000000,34091.1319200000,91533.4089951930,91533.4089951930,1,DORA-USDT
2022-08-26 19:00:00,1661511600000,2.6940000000,2.7130000000,2.6680000000,2.6900000000,59670.9908930000,160648.7305811170,160648.7305811170,1,DORA-USDT
2022-08-26 20:00:00,1661515200000,2.6940000000,2.7540000000,2.6840000000,2.7310000000,63908.9380180000,173724.9756903290,173724.9756903290,1,DORA-USDT
2022-08-26 21:00:00,1661518800000,2.7300000000,2.9010000000,2.7130000000,2.8860000000,149243.8630480000,419171.5485037700,419171.5485037700,1,DORA-USDT
2022-08-26 22:00:00,1661522400000,2.8820000000,2.9140000000,2.7710000000,2.7750000000,114383.8812770000,325860.2428646050,325860.2428646050,1,DORA-USDT
2022-08-26 23:00:00,1661526000000,2.7740000000,2.8180000000,2.7220000000,2.7450000000,102725.7303730000,284261.1491855270,284261.1491855270,1,DORA-USDT
2022-08-27 00:00:00,1661529600000,2.7410000000,2.7900000000,2.7300000000,2.7730000000,73325.0636500000,202308.2144593960,202308.2144593960,1,DORA-USDT
2022-08-27 01:00:00,1661533200000,2.7720000000,2.8400000000,2.7450000000,2.7660000000,86836.6391420000,242237.4231933450,242237.4231933450,1,DORA-USDT
2022-08-27 02:00:00,1661536800000,2.7660000000,2.8940000000,2.7640000000,2.8320000000,77588.1304590000,219008.5334327680,219008.5334327680,1,DORA-USDT
2022-08-27 03:00:00,1661540400000,2.8300000000,2.8470000000,2.7800000000,2.8230000000,45015.3054890000,126464.4489970020,126464.4489970020,1,DORA-USDT
2022-08-27 04:00:00,1661544000000,2.8220000000,2.8480000000,2.7800000000,2.7810000000,61262.1873710000,172187.9240415520,172187.9240415520,1,DORA-USDT
2022-08-27 05:00:00,1661547600000,2.7810000000,2.8000000000,2.7410000000,2.7510000000,43934.9653050000,121517.1658384760,121517.1658384760,1,DORA-USDT
2022-08-27 06:00:00,1661551200000,2.7500000000,2.7570000000,2.7010000000,2.7240000000,61323.7154490000,167036.2521103230,167036.2521103230,1,DORA-USDT
2022-08-27 07:00:00,1661554800000,2.7250000000,2.7710000000,2.6740000000,2.7570000000,80615.8606320000,218918.0220404550,218918.0220404550,1,DORA-USDT
2022-08-27 08:00:00,1661558400000,2.7580000000,2.7580000000,2.6560000000,2.6730000000,73153.5274080000,196349.0509932610,196349.0509932610,1,DORA-USDT
2022-08-27 09:00:00,1661562000000,2.6730000000,2.6810000000,2.6360000000,2.6510000000,43331.8697380000,115014.8488637190,115014.8488637190,1,DORA-USDT
2022-08-27 10:00:00,1661565600000,2.6500000000,2.7180000000,2.6480000000,2.6990000000,73042.7645760000,195856.9247198830,195856.9247198830,1,DORA-USDT
2022-08-27 11:00:00,1661569200000,2.6950000000,2.7080000000,2.6010000000,2.6030000000,74696.6100490000,197659.7864264150,197659.7864264150,1,DORA-USDT
2022-08-27 12:00:00,1661572800000,2.6060000000,2.6370000000,2.6020000000,2.6200000000,41653.8553050000,109214.1484259480,109214.1484259480,1,DORA-USDT
2022-08-27 13:00:00,1661576400000,2.6180000000,2.7060000000,2.5920000000,2.6930000000,79558.8973870000,210687.9704367090,210687.9704367090,1,DORA-USDT
2022-08-27 14:00:00,1661580000000,2.6900000000,2.6950000000,2.6390000000,2.6480000000,46161.9770610000,123440.0778617280,123440.0778617280,1,DORA-USDT
2022-08-27 15:00:00,1661583600000,2.6470000000,2.6680000000,2.6320000000,2.6520000000,36546.8982980000,96838.6473780520,96838.6473780520,1,DORA-USDT
2022-08-27 16:00:00,1661587200000,2.6530000000,2.6670000000,2.6170000000,2.6500000000,45518.5977400000,120471.6556736340,120471.6556736340,1,DORA-USDT
2022-08-27 17:00:00,1661590800000,2.6490000000,2.6920000000,2.6450000000,2.6720000000,34867.3501640000,93102.5311646460,93102.5311646460,1,DORA-USDT
2022-08-27 18:00:00,1661594400000,2.6710000000,2.7290000000,2.6680000000,2.6860000000,37422.6940080000,100879.7270655930,100879.7270655930,1,DORA-USDT
2022-08-27 19:00:00,1661598000000,2.6910000000,2.7070000000,2.6820000000,2.6920000000,24709.5809690000,66607.5190706490,66607.5190706490,1,DORA-USDT
2022-08-27 20:00:00,1661601600000,2.6930000000,2.7220000000,2.6760000000,2.7160000000,46201.9094390000,124900.4502161550,124900.4502161550,1,DORA-USDT
2022-08-27 21:00:00,1661605200000,2.7170000000,2.8020000000,2.7110000000,2.8000000000,70205.6538350000,193820.2947877310,193820.2947877310,1,DORA-USDT
2022-08-27 22:00:00,1661608800000,2.7970000000,2.8230000000,2.7450000000,2.8230000000,66636.5888520000,185517.2577026420,185517.2577026420,1,DORA-USDT
2022-08-27 23:00:00,1661612400000,2.8240000000,2.8580000000,2.7970000000,2.8030000000,66813.3204180000,189234.0121372290,189234.0121372290,1,DORA-USDT
2022-08-28 00:00:00,1661616000000,2.8000000000,2.8490000000,2.7600000000,2.8430000000,69063.8366420000,193273.5057134720,193273.5057134720,1,DORA-USDT
2022-08-28 01:00:00,1661619600000,2.8440000000,2.9360000000,2.8290000000,2.8440000000,71501.0564640000,205239.8454552180,205239.8454552180,1,DORA-USDT
2022-08-28 02:00:00,1661623200000,2.8440000000,2.8500000000,2.8090000000,2.8170000000,30730.4487860000,86897.7342817220,86897.7342817220,1,DORA-USDT
2022-08-28 03:00:00,1661626800000,2.8190000000,2.8490000000,2.8120000000,2.8420000000,33384.6708690000,94439.7881185060,94439.7881185060,1,DORA-USDT
2022-08-28 04:00:00,1661630400000,2.8400000000,2.8480000000,2.8120000000,2.8460000000,29419.2795740000,83263.8634327930,83263.8634327930,1,DORA-USDT
2022-08-28 05:00:00,1661634000000,2.8420000000,2.8450000000,2.8040000000,2.8050000000,26026.7454190000,73452.3259434200,73452.3259434200,1,DORA-USDT
2022-08-28 06:00:00,1661637600000,2.8050000000,2.8230000000,2.7820000000,2.7920000000,23895.1706770000,66916.8956564110,66916.8956564110,1,DORA-USDT
2022-08-28 07:00:00,1661641200000,2.7900000000,2.8330000000,2.7730000000,2.7770000000,58083.0595300000,162426.9364487580,162426.9364487580,1,DORA-USDT
2022-08-28 08:00:00,1661644800000,2.7780000000,2.7800000000,2.7310000000,2.7490000000,41997.6717150000,115584.8282662430,115584.8282662430,1,DORA-USDT
2022-08-28 09:00:00,1661648400000,2.7490000000,2.8830000000,2.7350000000,2.7600000000,72400.1259520000,202106.2047181220,202106.2047181220,1,DORA-USDT
2022-08-28 10:00:00,1661652000000,2.7600000000,2.7720000000,2.7340000000,2.7450000000,26641.6036240000,73358.0647019770,73358.0647019770,1,DORA-USDT
2022-08-28 11:00:00,1661655600000,2.7410000000,2.7470000000,2.7250000000,2.7320000000,25322.7618860000,69307.2854396080,69307.2854396080,1,DORA-USDT
2022-08-28 12:00:00,1661659200000,2.7360000000,2.7410000000,2.7160000000,2.7300000000,24505.6224240000,66855.1704269250,66855.1704269250,1,DORA-USDT
2022-08-28 13:00:00,1661662800000,2.7320000000,2.7470000000,2.7030000000,2.7410000000,38336.0428190000,104443.4340169000,104443.4340169000,1,DORA-USDT
2022-08-28 14:00:00,1661666400000,2.7460000000,2.7460000000,2.7060000000,2.7120000000,32070.0790450000,87389.1999010940,87389.1999010940,1,DORA-USDT
2022-08-28 15:00:00,1661670000000,2.7090000000,2.7270000000,2.6990000000,2.7190000000,28930.3128570000,78415.3934363850,78415.3934363850,1,DORA-USDT
2022-08-28 16:00:00,1661673600000,2.7080000000,2.7160000000,2.6800000000,2.6820000000,27373.1397490000,73755.9262390720,73755.9262390720,1,DORA-USDT
2022-08-28 17:00:00,1661677200000,2.6840000000,2.6870000000,2.6650000000,2.6730000000,25188.4718830000,67366.3432006730,67366.3432006730,1,DORA-USDT
2022-08-28 18:00:00,1661680800000,2.6730000000,2.7040000000,2.6660000000,2.6900000000,26991.4275800000,72489.8400649040,72489.8400649040,1,DORA-USDT
2022-08-28 19:00:00,1661684400000,2.6920000000,2.7170000000,2.6830000000,2.7040000000,33617.2595120000,90877.8831189550,90877.8831189550,1,DORA-USDT
2022-08-28 20:00:00,1661688000000,2.7000000000,2.7220000000,2.6930000000,2.7020000000,28618.4022850000,77465.1516447330,77465.1516447330,1,DORA-USDT
2022-08-28 21:00:00,1661691600000,2.6960000000,2.7180000000,2.6960000000,2.7160000000,20311.1220510000,54981.9108987890,54981.9108987890,1,DORA-USDT
2022-08-28 22:00:00,1661695200000,2.7180000000,2.7340000000,2.6820000000,2.7060000000,39482.5875570000,106858.5099943060,106858.5099943060,1,DORA-USDT
2022-08-28 23:00:00,1661698800000,2.7110000000,2.7990000000,2.7040000000,2.7880000000,77470.0417380000,212705.5254130060,212705.5254130060,1,DORA-USDT
2022-08-29 00:00:00,1661702400000,2.7950000000,2.8600000000,2.7740000000,2.8420000000,76408.2282780000,216405.7885739120,216405.7885739120,1,DORA-USDT
2022-08-29 01:00:00,1661706000000,2.8450000000,2.8680000000,2.8260000000,2.8470000000,45891.0552400000,130795.3032559730,130795.3032559730,1,DORA-USDT
2022-08-29 02:00:00,1661709600000,2.8390000000,2.8700000000,2.8300000000,2.8570000000,37507.2018020000,106765.7123342860,106765.7123342860,1,DORA-USDT
2022-08-29 03:00:00,1661713200000,2.8560000000,2.9160000000,2.8350000000,2.8730000000,55422.4753990000,159369.3572718340,159369.3572718340,1,DORA-USDT
2022-08-29 04:00:00,1661716800000,2.8720000000,2.8820000000,2.8410000000,2.8460000000,34756.2519710000,99407.4695334150,99407.4695334150,1,DORA-USDT
2022-08-29 05:00:00,1661720400000,2.8440000000,2.8490000000,2.8320000000,2.8420000000,19886.9677500000,56490.2655590780,56490.2655590780,1,DORA-USDT
2022-08-29 06:00:00,1661724000000,2.8470000000,2.8480000000,2.8000000000,2.8030000000,27007.4645310000,76134.2323693340,76134.2323693340,1,DORA-USDT
2022-08-29 07:00:00,1661727600000,2.8070000000,2.8070000000,2.7640000000,2.7790000000,54275.4251190000,151200.3985463610,151200.3985463610,1,DORA-USDT
2022-08-29 08:00:00,1661731200000,2.7780000000,2.8650000000,2.7630000000,2.7780000000,67481.3519410000,188978.9596778030,188978.9596778030,1,DORA-USDT
2022-08-29 09:00:00,1661734800000,2.7710000000,2.8160000000,2.7470000000,2.8100000000,55433.3677030000,154399.3163109280,154399.3163109280,1,DORA-USDT
2022-08-29 10:00:00,1661738400000,2.8060000000,2.9480000000,2.7510000000,2.9090000000,112183.7367990000,320776.8596810620,320776.8596810620,1,DORA-USDT
2022-08-29 11:00:00,1661742000000,2.9080000000,3.2390000000,2.8970000000,3.1290000000,203327.5507660000,630427.9233107760,630427.9233107760,1,DORA-USDT
2022-08-29 12:00:00,1661745600000,3.1240000000,3.1810000000,3.0710000000,3.0870000000,101980.5671340000,318401.7053420020,318401.7053420020,1,DORA-USDT
2022-08-29 13:00:00,1661749200000,3.0890000000,3.1230000000,3.0600000000,3.0620000000,50033.3863610000,154370.3322772270,154370.3322772270,1,DORA-USDT
2022-08-29 14:00:00,1661752800000,3.0630000000,3.1820000000,3.0530000000,3.1140000000,72912.1471740000,227188.2781309880,227188.2781309880,1,DORA-USDT
2022-08-29 15:00:00,1661756400000,3.1160000000,3.1180000000,3.0500000000,3.0980000000,53020.1750570000,163734.6382217360,163734.6382217360,1,DORA-USDT
2022-08-29 16:00:00,1661760000000,3.0950000000,3.1480000000,3.0350000000,3.1190000000,67082.9422790000,206808.1336611510,206808.1336611510,1,DORA-USDT
2022-08-29 17:00:00,1661763600000,3.1150000000,3.1650000000,3.0910000000,3.1040000000,62710.4082740000,195835.1691463070,195835.1691463070,1,DORA-USDT
2022-08-29 18:00:00,1661767200000,3.1040000000,3.1520000000,3.1010000000,3.1250000000,46224.9045790000,144388.7805777080,144388.7805777080,1,DORA-USDT
2022-08-29 19:00:00,1661770800000,3.1230000000,3.1290000000,3.0720000000,3.0900000000,67366.5442980000,208496.7068933560,208496.7068933560,1,DORA-USDT
2022-08-29 20:00:00,1661774400000,3.0930000000,3.1500000000,3.0660000000,3.0900000000,81145.1034680000,251967.1437189220,251967.1437189220,1,DORA-USDT
2022-08-29 21:00:00,1661778000000,3.0910000000,3.1490000000,3.0830000000,3.1170000000,75204.2620940000,234577.4719035570,234577.4719035570,1,DORA-USDT
2022-08-29 22:00:00,1661781600000,3.1180000000,3.1680000000,3.1100000000,3.1260000000,46353.7378940000,145505.7408722830,145505.7408722830,1,DORA-USDT
2022-08-29 23:00:00,1661785200000,3.1310000000,3.1420000000,3.1010000000,3.1420000000,36652.6434350000,114494.0762399540,114494.0762399540,1,DORA-USDT
2022-08-30 00:00:00,1661788800000,3.1410000000,3.1460000000,3.0590000000,3.1000000000,68798.6712890000,212966.8316909110,212966.8316909110,1,DORA-USDT
2022-08-30 01:00:00,1661792400000,3.1000000000,3.1310000000,3.0810000000,3.1240000000,31767.5683610000,98715.1203613950,98715.1203613950,1,DORA-USDT
2022-08-30 02:00:00,1661796000000,3.1210000000,3.1380000000,3.1060000000,3.1150000000,32559.2304200000,101646.0995612610,101646.0995612610,1,DORA-USDT
2022-08-30 03:00:00,1661799600000,3.1230000000,3.1280000000,3.1080000000,3.1230000000,17794.9024530000,55481.2688096040,55481.2688096040,1,DORA-USDT
2022-08-30 04:00:00,1661803200000,3.1210000000,3.1330000000,3.0940000000,3.1000000000,26887.4288440000,83682.9261245120,83682.9261245120,1,DORA-USDT
2022-08-30 05:00:00,1661806800000,3.0980000000,3.1010000000,3.0670000000,3.0790000000,24142.2198400000,74393.4627897560,74393.4627897560,1,DORA-USDT
2022-08-30 06:00:00,1661810400000,3.0800000000,3.0820000000,3.0060000000,3.0150000000,41527.6194170000,126376.5890994010,126376.5890994010,1,DORA-USDT
2022-08-30 07:00:00,1661814000000,3.0140000000,3.0240000000,2.9380000000,2.9670000000,81784.5398150000,243099.3983078810,243099.3983078810,1,DORA-USDT
2022-08-30 08:00:00,1661817600000,2.9670000000,2.9730000000,2.9360000000,2.9700000000,29071.4246390000,85871.7623466950,85871.7623466950,1,DORA-USDT
2022-08-30 09:00:00,1661821200000,2.9630000000,2.9770000000,2.9310000000,2.9470000000,31874.8844130000,94284.1570572640,94284.1570572640,1,DORA-USDT
2022-08-30 10:00:00,1661824800000,2.9510000000,2.9510000000,2.8710000000,2.8790000000,62313.0286370000,180979.9726746620,180979.9726746620,1,DORA-USDT
2022-08-30 11:00:00,1661828400000,2.8790000000,2.8800000000,2.8520000000,2.8660000000,28717.0399610000,82177.8422571820,82177.8422571820,1,DORA-USDT
2022-08-30 12:00:00,1661832000000,2.8690000000,2.9170000000,2.8650000000,2.8880000000,45885.8133400000,132763.9732571200,132763.9732571200,1,DORA-USDT
2022-08-30 13:00:00,1661835600000,2.8940000000,2.9050000000,2.8850000000,2.8980000000,21467.4881920000,62158.1375063980,62158.1375063980,1,DORA-USDT
2022-08-30 14:00:00,1661839200000,2.8990000000,2.9750000000,2.8960000000,2.9480000000,57123.8353070000,168256.1783542960,168256.1783542960,1,DORA-USDT
2022-08-30 15:00:00,1661842800000,2.9470000000,2.9550000000,2.9120000000,2.9180000000,29398.4300340000,86301.8112079810,86301.8112079810,1,DORA-USDT
2022-08-30 16:00:00,1661846400000,2.9160000000,2.9280000000,2.8600000000,2.8780000000,44376.7300830000,128447.4305055890,128447.4305055890,1,DORA-USDT
2022-08-30 17:00:00,1661850000000,2.8790000000,2.8880000000,2.8670000000,2.8790000000,19191.7067670000,55233.4344166910,55233.4344166910,1,DORA-USDT
2022-08-30 18:00:00,1661853600000,2.8790000000,2.9060000000,2.8250000000,2.8390000000,61383.1101690000,175828.1051398380,175828.1051398380,1,DORA-USDT
2022-08-30 19:00:00,1661857200000,2.8400000000,2.8640000000,2.8320000000,2.8610000000,27119.5674510000,77293.4371069500,77293.4371069500,1,DORA-USDT
2022-08-30 20:00:00,1661860800000,2.8610000000,2.8770000000,2.8380000000,2.8520000000,35461.4062080000,101334.8251314840,101334.8251314840,1,DORA-USDT
2022-08-30 21:00:00,1661864400000,2.8540000000,2.8580000000,2.8320000000,2.8420000000,33144.3633770000,94281.5626939850,94281.5626939850,1,DORA-USDT
2022-08-30 22:00:00,1661868000000,2.8410000000,2.8520000000,2.7300000000,2.7610000000,68446.9959470000,190780.9374402740,190780.9374402740,1,DORA-USDT
2022-08-30 23:00:00,1661871600000,2.7670000000,2.8210000000,2.7610000000,2.8150000000,46490.9406570000,129954.1086092550,129954.1086092550,1,DORA-USDT
2022-08-31 00:00:00,1661875200000,2.8170000000,2.8520000000,2.7410000000,2.7610000000,64602.7157800000,180455.9672747800,180455.9672747800,1,DORA-USDT
2022-08-31 01:00:00,1661878800000,2.7610000000,2.7660000000,2.7090000000,2.7260000000,34161.7428710000,93481.8579138660,93481.8579138660,1,DORA-USDT
2022-08-31 02:00:00,1661882400000,2.7240000000,2.7400000000,2.7050000000,2.7140000000,27762.0082560000,75455.5455926370,75455.5455926370,1,DORA-USDT
2022-08-31 03:00:00,1661886000000,2.7120000000,2.7730000000,2.7070000000,2.7310000000,57627.6916590000,158275.8434202370,158275.8434202370,1,DORA-USDT
2022-08-31 04:00:00,1661889600000,2.7320000000,2.7600000000,2.7240000000,2.7490000000,23071.0473620000,63327.5402691920,63327.5402691920,1,DORA-USDT
2022-08-31 05:00:00,1661893200000,2.7510000000,2.7520000000,2.7250000000,2.7250000000,23032.1822120000,63098.9749366420,63098.9749366420,1,DORA-USDT
2022-08-31 06:00:00,1661896800000,2.7250000000,2.7480000000,2.7200000000,2.7410000000,18571.3290550000,50710.8710337130,50710.8710337130,1,DORA-USDT
2022-08-31 07:00:00,1661900400000,2.7400000000,2.7450000000,2.6810000000,2.6930000000,34503.8075630000,93552.0407761040,93552.0407761040,1,DORA-USDT
2022-08-31 08:00:00,1661904000000,2.6910000000,2.7750000000,2.6910000000,2.7720000000,50454.2955590000,138508.4467970600,138508.4467970600,1,DORA-USDT
2022-08-31 09:00:00,1661907600000,2.7720000000,2.8530000000,2.7710000000,2.8520000000,37444.3157750000,105336.3896521940,105336.3896521940,1,DORA-USDT
2022-08-31 10:00:00,1661911200000,2.8530000000,2.8990000000,2.8530000000,2.8740000000,35759.2277890000,102845.1567763430,102845.1567763430,1,DORA-USDT
2022-08-31 11:00:00,1661914800000,2.8730000000,2.9020000000,2.8610000000,2.8790000000,30524.7658400000,88053.0337869740,88053.0337869740,1,DORA-USDT
2022-08-31 12:00:00,1661918400000,2.8790000000,2.8910000000,2.8200000000,2.8280000000,46229.9945480000,131666.6970130700,131666.6970130700,1,DORA-USDT
2022-08-31 13:00:00,1661922000000,2.8280000000,2.8330000000,2.7900000000,2.7940000000,40683.9132340000,113894.2340654760,113894.2340654760,1,DORA-USDT
2022-08-31 14:00:00,1661925600000,2.7920000000,2.8050000000,2.7380000000,2.7480000000,46877.0505670000,129692.4807376810,129692.4807376810,1,DORA-USDT
2022-08-31 15:00:00,1661929200000,2.7460000000,2.7670000000,2.6790000000,2.6810000000,33057.4898030000,90524.0575766430,90524.0575766430,1,DORA-USDT
2022-08-31 16:00:00,1661932800000,2.6810000000,2.7000000000,2.6240000000,2.6240000000,80259.7244140000,213649.8010723920,213649.8010723920,1,DORA-USDT
2022-08-31 17:00:00,1661936400000,2.6310000000,2.6940000000,2.6230000000,2.6630000000,48809.6760250000,130079.7948403810,130079.7948403810,1,DORA-USDT
2022-08-31 18:00:00,1661940000000,2.6620000000,2.7260000000,2.6580000000,2.7190000000,42336.8022890000,113958.4345762950,113958.4345762950,1,DORA-USDT
2022-08-31 19:00:00,1661943600000,2.7190000000,2.7240000000,2.6700000000,2.6830000000,36209.3078890000,97450.6287535350,97450.6287535350,1,DORA-USDT
2022-08-31 20:00:00,1661947200000,2.6790000000,2.7160000000,2.6600000000,2.7010000000,44904.9628060000,120770.4449342670,120770.4449342670,1,DORA-USDT
2022-08-31 21:00:00,1661950800000,2.7050000000,2.7390000000,2.7000000000,2.7330000000,31034.0671680000,84357.5598637910,84357.5598637910,1,DORA-USDT
2022-08-31 22:00:00,1661954400000,2.7360000000,2.7490000000,2.6790000000,2.6890000000,49704.6064190000,134786.4619058290,134786.4619058290,1,DORA-USDT
2022-08-31 23:00:00,1661958000000,2.6860000000,2.7230000000,2.6500000000,2.7060000000,57266.5868770000,153624.2276288170,153624.2276288170,1,DORA-USDT
2022-09-01 00:00:00,1661961600000,2.7110000000,2.7190000000,2.6540000000,2.6720000000,47857.8395900000,128208.4809476630,128208.4809476630,1,DORA-USDT
2022-09-01 01:00:00,1661965200000,2.6710000000,2.6920000000,2.6360000000,2.6490000000,49660.4293650000,132417.7113851940,132417.7113851940,1,DORA-USDT
2022-09-01 02:00:00,1661968800000,2.6520000000,2.6740000000,2.6440000000,2.6600000000,23766.3055830000,63199.7021569580,63199.7021569580,1,DORA-USDT
2022-09-01 03:00:00,1661972400000,2.6620000000,2.7260000000,2.6490000000,2.6880000000,55813.3189910000,150494.0208726210,150494.0208726210,1,DORA-USDT
2022-09-01 04:00:00,1661976000000,2.6810000000,2.7110000000,2.6620000000,2.7110000000,41865.1356010000,112428.1465750780,112428.1465750780,1,DORA-USDT
2022-09-01 05:00:00,1661979600000,2.7110000000,2.7390000000,2.7070000000,2.7140000000,34680.3386520000,94466.1130058980,94466.1130058980,1,DORA-USDT
2022-09-01 06:00:00,1661983200000,2.7150000000,2.7250000000,2.7010000000,2.7030000000,24023.2331820000,65135.6921902220,65135.6921902220,1,DORA-USDT
2022-09-01 07:00:00,1661986800000,2.7080000000,2.7090000000,2.6350000000,2.6450000000,43713.8939210000,116436.0062655770,116436.0062655770,1,DORA-USDT
2022-09-01 08:00:00,1661990400000,2.6490000000,2.6670000000,2.6150000000,2.6320000000,43601.3227960000,115050.3676277760,115050.3676277760,1,DORA-USDT
2022-09-01 09:00:00,1661994000000,2.6300000000,2.6390000000,2.6280000000,2.6350000000,18539.1869750000,48823.5488114690,48823.5488114690,1,DORA-USDT
2022-09-01 10:00:00,1661997600000,2.6390000000,2.6530000000,2.5870000000,2.6120000000,44480.4494600000,116591.1103266820,116591.1103266820,1,DORA-USDT
2022-09-01 11:00:00,1662001200000,2.6080000000,2.6210000000,2.5640000000,2.5870000000,39744.8329770000,103048.0053534150,103048.0053534150,1,DORA-USDT
2022-09-01 12:00:00,1662004800000,2.5880000000,2.5900000000,2.5540000000,2.5570000000,28817.8756810000,73984.1983592510,73984.1983592510,1,DORA-USDT
2022-09-01 13:00:00,1662008400000,2.5570000000,2.5830000000,2.5540000000,2.5660000000,26162.8113540000,67243.6442577620,67243.6442577620,1,DORA-USDT
2022-09-01 14:00:00,1662012000000,2.5660000000,2.5720000000,2.5230000000,2.5280000000,38000.8533400000,96702.7559187940,96702.7559187940,1,DORA-USDT
2022-09-01 15:00:00,1662015600000,2.5290000000,2.5390000000,2.4860000000,2.5370000000,59739.2826450000,149480.4046261570,149480.4046261570,1,DORA-USDT
2022-09-01 16:00:00,1662019200000,2.5370000000,2.5480000000,2.5130000000,2.5390000000,47626.6755660000,120617.9567097490,120617.9567097490,1,DORA-USDT
2022-09-01 17:00:00,1662022800000,2.5400000000,2.5960000000,2.5400000000,2.5810000000,73914.4512700000,190358.0563344510,190358.0563344510,1,DORA-USDT
2022-09-01 18:00:00,1662026400000,2.5790000000,2.5970000000,2.5610000000,2.5780000000,45434.5995470000,117145.6397454650,117145.6397454650,1,DORA-USDT
2022-09-01 19:00:00,1662030000000,2.5810000000,2.6030000000,2.5770000000,2.5980000000,29294.6336300000,75931.3139327550,75931.3139327550,1,DORA-USDT
2022-09-01 20:00:00,1662033600000,2.5970000000,2.6090000000,2.5640000000,2.5760000000,42186.1615660000,109094.6103108920,109094.6103108920,1,DORA-USDT
2022-09-01 21:00:00,1662037200000,2.5750000000,2.5840000000,2.5600000000,2.5770000000,20009.8870610000,51500.3589153620,51500.3589153620,1,DORA-USDT
2022-09-01 22:00:00,1662040800000,2.5750000000,2.5830000000,2.5310000000,2.5500000000,66262.7360270000,169406.0683570640,169406.0683570640,1,DORA-USDT
2022-09-01 23:00:00,1662044400000,2.5440000000,2.6020000000,2.5410000000,2.5920000000,62095.0520820000,159659.3971046100,159659.3971046100,1,DORA-USDT
2022-09-02 00:00:00,1662048000000,2.5920000000,2.7180000000,2.5840000000,2.6950000000,116792.2099680000,312040.0770314530,312040.0770314530,1,DORA-USDT
2022-09-02 01:00:00,1662051600000,2.6930000000,2.7200000000,2.6680000000,2.6700000000,40006.1132690000,108031.5205028120,108031.5205028120,1,DORA-USDT
2022-09-02 02:00:00,1662055200000,2.6690000000,2.7030000000,2.6590000000,2.6770000000,52931.7486610000,141880.1363017830,141880.1363017830,1,DORA-USDT
2022-09-02 03:00:00,1662058800000,2.6850000000,2.6880000000,2.6550000000,2.6670000000,27516.7345090000,73447.0382119240,73447.0382119240,1,DORA-USDT
2022-09-02 04:00:00,1662062400000,2.6660000000,2.7230000000,2.6660000000,2.7030000000,45556.2056570000,123004.2189638160,123004.2189638160,1,DORA-USDT
2022-09-02 05:00:00,1662066000000,2.7020000000,2.7160000000,2.6920000000,2.7090000000,30965.1668780000,83769.2906600770,83769.2906600770,1,DORA-USDT
2022-09-02 06:00:00,1662069600000,2.7080000000,2.7140000000,2.7020000000,2.7060000000,17687.3782710000,47903.6596373090,47903.6596373090,1,DORA-USDT
2022-09-02 07:00:00,1662073200000,2.7070000000,2.7100000000,2.6850000000,2.6950000000,21908.2680190000,59090.2279856850,59090.2279856850,1,DORA-USDT
2022-09-02 08:00:00,1662076800000,2.7010000000,2.7010000000,2.6630000000,2.6680000000,30586.5381120000,81975.6189247410,81975.6189247410,1,DORA-USDT
2022-09-02 09:00:00,1662080400000,2.6680000000,2.6730000000,2.6410000000,2.6440000000,25387.3200960000,67279.0405098610,67279.0405098610,1,DORA-USDT
2022-09-02 10:00:00,1662084000000,2.6440000000,2.6470000000,2.5810000000,2.5970000000,38074.4358240000,99129.6577735880,99129.6577735880,1,DORA-USDT
2022-09-02 11:00:00,1662087600000,2.5980000000,2.6420000000,2.5980000000,2.6270000000,42181.4269540000,110910.6314384510,110910.6314384510,1,DORA-USDT
2022-09-02 12:00:00,1662091200000,2.6310000000,2.6450000000,2.6160000000,2.6170000000,24524.1894550000,64496.5636939600,64496.5636939600,1,DORA-USDT
2022-09-02 13:00:00,1662094800000,2.6170000000,2.6320000000,2.6150000000,2.6320000000,19764.5052290000,51870.7151591780,51870.7151591780,1,DORA-USDT
2022-09-02 14:00:00,1662098400000,2.6320000000,2.6540000000,2.6180000000,2.6460000000,23188.8285240000,61046.0700559960,61046.0700559960,1,DORA-USDT
2022-09-02 15:00:00,1662102000000,2.6470000000,2.6790000000,2.6270000000,2.6780000000,30267.6785740000,80303.3236328990,80303.3236328990,1,DORA-USDT
2022-09-02 16:00:00,1662105600000,2.6790000000,2.7110000000,2.6760000000,2.7060000000,33105.0900490000,89231.1654238870,89231.1654238870,1,DORA-USDT
2022-09-02 17:00:00,1662109200000,2.7040000000,2.7640000000,2.6880000000,2.7330000000,49413.5503510000,134628.7059616800,134628.7059616800,1,DORA-USDT
2022-09-02 18:00:00,1662112800000,2.7360000000,2.7630000000,2.7300000000,2.7350000000,35530.4205700000,97507.9120468160,97507.9120468160,1,DORA-USDT
2022-09-02 19:00:00,1662116400000,2.7360000000,2.7390000000,2.6900000000,2.7070000000,41930.5411020000,113655.9388013900,113655.9388013900,1,DORA-USDT
2022-09-02 20:00:00,1662120000000,2.7080000000,2.7420000000,2.6810000000,2.7370000000,72310.7265190000,196308.1601825840,196308.1601825840,1,DORA-USDT
2022-09-02 21:00:00,1662123600000,2.7380000000,2.7430000000,2.7080000000,2.7090000000,36360.3449330000,99002.4548956820,99002.4548956820,1,DORA-USDT
2022-09-02 22:00:00,1662127200000,2.7150000000,2.8000000000,2.6970000000,2.7380000000,58879.8325120000,160773.7961361080,160773.7961361080,1,DORA-USDT
2022-09-02 23:00:00,1662130800000,2.7380000000,2.7860000000,2.7340000000,2.7820000000,26848.5311590000,73976.5288020930,73976.5288020930,1,DORA-USDT
2022-09-03 00:00:00,1662134400000,2.7830000000,2.7950000000,2.7160000000,2.7260000000,55668.4164280000,153214.0047841580,153214.0047841580,1,DORA-USDT
2022-09-03 01:00:00,1662138000000,2.7250000000,2.7370000000,2.6710000000,2.6780000000,53278.6938420000,143720.7765601060,143720.7765601060,1,DORA-USDT
2022-09-03 02:00:00,1662141600000,2.6790000000,2.7070000000,2.6630000000,2.6760000000,49530.8857640000,133012.0015478440,133012.0015478440,1,DORA-USDT
2022-09-03 03:00:00,1662145200000,2.6770000000,2.6910000000,2.6190000000,2.6590000000,65410.5248460000,173306.0712813330,173306.0712813330,1,DORA-USDT
2022-09-03 04:00:00,1662148800000,2.6590000000,2.6590000000,2.6220000000,2.6500000000,40487.7587890000,106770.7592570570,106770.7592570570,1,DORA-USDT
2022-09-03 05:00:00,1662152400000,2.6430000000,2.6570000000,2.6300000000,2.6410000000,23618.0536620000,62344.0443339830,62344.0443339830,1,DORA-USDT
2022-09-03 06:00:00,1662156000000,2.6350000000,2.6470000000,2.6190000000,2.6380000000,24856.1080990000,65417.7921872670,65417.7921872670,1,DORA-USDT
2022-09-03 07:00:00,1662159600000,2.6380000000,2.6390000000,2.6250000000,2.6370000000,18011.1731840000,47399.2788460860,47399.2788460860,1,DORA-USDT
2022-09-03 08:00:00,1662163200000,2.6330000000,2.6390000000,2.6160000000,2.6370000000,25069.0867100000,65887.4503452910,65887.4503452910,1,DORA-USDT
2022-09-03 09:00:00,1662166800000,2.6380000000,2.6530000000,2.6280000000,2.6360000000,22223.6715610000,58588.1086958680,58588.1086958680,1,DORA-USDT
2022-09-03 10:00:00,1662170400000,2.6380000000,2.6380000000,2.6140000000,2.6290000000,16915.4264390000,44460.2211315990,44460.2211315990,1,DORA-USDT
2022-09-03 11:00:00,1662174000000,2.6310000000,2.6500000000,2.6220000000,2.6420000000,20530.8559760000,54117.4120635980,54117.4120635980,1,DORA-USDT
2022-09-03 12:00:00,1662177600000,2.6420000000,2.6630000000,2.6390000000,2.6530000000,18255.7337550000,48396.3336035380,48396.3336035380,1,DORA-USDT
2022-09-03 13:00:00,1662181200000,2.6530000000,2.6870000000,2.6510000000,2.6860000000,24208.9969700000,64654.6745620580,64654.6745620580,1,DORA-USDT
2022-09-03 14:00:00,1662184800000,2.6860000000,2.6960000000,2.6560000000,2.6900000000,27560.6639840000,73799.6397880230,73799.6397880230,1,DORA-USDT
2022-09-03 15:00:00,1662188400000,2.6930000000,2.7780000000,2.6880000000,2.7670000000,64973.6575490000,178420.6191866130,178420.6191866130,1,DORA-USDT
2022-09-03 16:00:00,1662192000000,2.7670000000,2.9310000000,2.7670000000,2.8220000000,119723.0419700000,340299.2001791910,340299.2001791910,1,DORA-USDT
2022-09-03 17:00:00,1662195600000,2.8210000000,2.8670000000,2.8070000000,2.8570000000,40385.3850010000,114695.5533337170,114695.5533337170,1,DORA-USDT
2022-09-03 18:00:00,1662199200000,2.8610000000,2.8910000000,2.8180000000,2.8480000000,53704.8470240000,153341.8218045110,153341.8218045110,1,DORA-USDT
2022-09-03 19:00:00,1662202800000,2.8480000000,2.8760000000,2.8330000000,2.8570000000,44020.2578720000,125611.6963459680,125611.6963459680,1,DORA-USDT
2022-09-03 20:00:00,1662206400000,2.8540000000,2.8740000000,2.8400000000,2.8640000000,29571.3660760000,84441.9800447100,84441.9800447100,1,DORA-USDT
2022-09-03 21:00:00,1662210000000,2.8640000000,2.8870000000,2.8500000000,2.8870000000,34921.4256280000,100064.3929361340,100064.3929361340,1,DORA-USDT
2022-09-03 22:00:00,1662213600000,2.8850000000,2.8960000000,2.8660000000,2.8810000000,29569.9948440000,85193.9033664830,85193.9033664830,1,DORA-USDT
2022-09-03 23:00:00,1662217200000,2.8800000000,2.8910000000,2.8620000000,2.8670000000,32517.4042660000,93502.2218013260,93502.2218013260,1,DORA-USDT
2022-09-04 00:00:00,1662220800000,2.8760000000,2.8840000000,2.8380000000,2.8410000000,45416.6102270000,129890.9940850860,129890.9940850860,1,DORA-USDT
2022-09-04 01:00:00,1662224400000,2.8410000000,2.8560000000,2.8070000000,2.8430000000,46970.9627980000,132656.0464117600,132656.0464117600,1,DORA-USDT
2022-09-04 02:00:00,1662228000000,2.8420000000,2.8580000000,2.7860000000,2.7940000000,48623.7096140000,137436.3331516080,137436.3331516080,1,DORA-USDT
2022-09-04 03:00:00,1662231600000,2.7900000000,2.7950000000,2.7580000000,2.7870000000,62574.1688090000,173734.6239440670,173734.6239440670,1,DORA-USDT
2022-09-04 04:00:00,1662235200000,2.7850000000,2.7910000000,2.7640000000,2.7830000000,29576.5980290000,82141.4137614080,82141.4137614080,1,DORA-USDT
2022-09-04 05:00:00,1662238800000,2.7820000000,2.7970000000,2.7680000000,2.7700000000,31302.1661420000,87193.1171082200,87193.1171082200,1,DORA-USDT
2022-09-04 06:00:00,1662242400000,2.7690000000,2.7920000000,2.7680000000,2.7810000000,25297.5464400000,70286.3482107900,70286.3482107900,1,DORA-USDT
2022-09-04 07:00:00,1662246000000,2.7800000000,2.8040000000,2.7700000000,2.7990000000,26652.6940190000,74256.0535948090,74256.0535948090,1,DORA-USDT
2022-09-04 08:00:00,1662249600000,2.7990000000,2.8210000000,2.7930000000,2.8070000000,23925.1167980000,67237.0896550870,67237.0896550870,1,DORA-USDT
2022-09-04 09:00:00,1662253200000,2.8080000000,2.8250000000,2.7910000000,2.8140000000,33317.6509730000,93590.0608722080,93590.0608722080,1,DORA-USDT
2022-09-04 10:00:00,1662256800000,2.8130000000,2.8230000000,2.8120000000,2.8210000000,13670.2901150000,38530.0036229550,38530.0036229550,1,DORA-USDT
2022-09-04 11:00:00,1662260400000,2.8230000000,2.8290000000,2.8100000000,2.8230000000,18273.4945680000,51512.9186172660,51512.9186172660,1,DORA-USDT
2022-09-04 12:00:00,1662264000000,2.8220000000,2.8240000000,2.8020000000,2.8210000000,18033.9146940000,50739.7196548060,50739.7196548060,1,DORA-USDT
2022-09-04 13:00:00,1662267600000,2.8210000000,2.8260000000,2.8100000000,2.8210000000,17628.4216310000,49699.8499937890,49699.8499937890,1,DORA-USDT
2022-09-04 14:00:00,1662271200000,2.8210000000,2.8320000000,2.8120000000,2.8250000000,19241.1648390000,54322.7056612350,54322.7056612350,1,DORA-USDT
2022-09-04 15:00:00,1662274800000,2.8250000000,2.8470000000,2.8210000000,2.8370000000,27008.6934870000,76589.5752612700,76589.5752612700,1,DORA-USDT
2022-09-04 16:00:00,1662278400000,2.8390000000,2.8500000000,2.8170000000,2.8360000000,37941.2815620000,107505.2435140500,107505.2435140500,1,DORA-USDT
2022-09-04 17:00:00,1662282000000,2.8380000000,2.8500000000,2.8320000000,2.8340000000,22834.1774370000,64861.2109116600,64861.2109116600,1,DORA-USDT
2022-09-04 18:00:00,1662285600000,2.8340000000,2.8490000000,2.8320000000,2.8480000000,12142.3894140000,34515.3301698560,34515.3301698560,1,DORA-USDT
2022-09-04 19:00:00,1662289200000,2.8480000000,2.8480000000,2.8040000000,2.8220000000,33230.1161990000,93835.4093805570,93835.4093805570,1,DORA-USDT
2022-09-04 20:00:00,1662292800000,2.8220000000,2.8360000000,2.8030000000,2.8160000000,35879.2314760000,100988.6430203500,100988.6430203500,1,DORA-USDT
2022-09-04 21:00:00,1662296400000,2.8160000000,2.8180000000,2.7750000000,2.7770000000,32790.2827010000,91738.6402852520,91738.6402852520,1,DORA-USDT
2022-09-04 22:00:00,1662300000000,2.7790000000,2.8070000000,2.7690000000,2.8060000000,33953.4137400000,94679.8086523630,94679.8086523630,1,DORA-USDT
2022-09-04 23:00:00,1662303600000,2.8040000000,2.8500000000,2.8000000000,2.8490000000,33586.2856740000,94779.4114041080,94779.4114041080,1,DORA-USDT
2022-09-05 00:00:00,1662307200000,2.8450000000,2.8660000000,2.8290000000,2.8610000000,38565.5973060000,109760.9143821540,109760.9143821540,1,DORA-USDT
2022-09-05 01:00:00,1662310800000,2.8650000000,2.9040000000,2.8600000000,2.9040000000,34603.2382520000,99945.2803589450,99945.2803589450,1,DORA-USDT
2022-09-05 02:00:00,1662314400000,2.9030000000,2.9880000000,2.9030000000,2.9650000000,50529.4008810000,149355.8112723980,149355.8112723980,1,DORA-USDT
2022-09-05 03:00:00,1662318000000,2.9660000000,3.0300000000,2.9480000000,3.0170000000,47646.0701940000,142107.1476785950,142107.1476785950,1,DORA-USDT
2022-09-05 04:00:00,1662321600000,3.0190000000,3.0280000000,2.9750000000,2.9820000000,46402.2741800000,139150.0635246160,139150.0635246160,1,DORA-USDT
2022-09-05 05:00:00,1662325200000,2.9840000000,3.0000000000,2.9420000000,2.9550000000,36914.1383050000,109844.7674110570,109844.7674110570,1,DORA-USDT
2022-09-05 06:00:00,1662328800000,2.9520000000,2.9610000000,2.9210000000,2.9290000000,29076.6603000000,85646.5319916100,85646.5319916100,1,DORA-USDT
2022-09-05 07:00:00,1662332400000,2.9270000000,2.9320000000,2.8870000000,2.9050000000,42368.1738010000,123071.0646852540,123071.0646852540,1,DORA-USDT
2022-09-05 08:00:00,1662336000000,2.9050000000,2.9150000000,2.8460000000,2.8550000000,36008.0501470000,103409.4934939600,103409.4934939600,1,DORA-USDT
2022-09-05 09:00:00,1662339600000,2.8580000000,2.8680000000,2.8480000000,2.8620000000,19805.8849360000,56646.9058669580,56646.9058669580,1,DORA-USDT
2022-09-05 10:00:00,1662343200000,2.8590000000,2.8660000000,2.8420000000,2.8530000000,20107.2242370000,57421.2940834650,57421.2940834650,1,DORA-USDT
2022-09-05 11:00:00,1662346800000,2.8520000000,2.8560000000,2.8370000000,2.8480000000,24301.1908000000,69179.4239301700,69179.4239301700,1,DORA-USDT
2022-09-05 12:00:00,1662350400000,2.8460000000,2.8530000000,2.8300000000,2.8340000000,17372.0733890000,49348.0905372390,49348.0905372390,1,DORA-USDT
2022-09-05 13:00:00,1662354000000,2.8340000000,2.8360000000,2.8040000000,2.8360000000,32052.4001110000,90370.5173893400,90370.5173893400,1,DORA-USDT
2022-09-05 14:00:00,1662357600000,2.8360000000,2.8540000000,2.8270000000,2.8440000000,24039.8744330000,68355.4241637870,68355.4241637870,1,DORA-USDT
2022-09-05 15:00:00,1662361200000,2.8470000000,2.8470000000,2.8280000000,2.8310000000,17041.5987770000,48317.1132960310,48317.1132960310,1,DORA-USDT
2022-09-05 16:00:00,1662364800000,2.8320000000,2.8390000000,2.8180000000,2.8340000000,16657.3942660000,47171.8777193110,47171.8777193110,1,DORA-USDT
2022-09-05 17:00:00,1662368400000,2.8320000000,2.8400000000,2.8210000000,2.8300000000,16143.6006140000,45687.8932605940,45687.8932605940,1,DORA-USDT
2022-09-05 18:00:00,1662372000000,2.8300000000,2.8300000000,2.8010000000,2.8050000000,20191.1493690000,56835.5064107960,56835.5064107960,1,DORA-USDT
2022-09-05 19:00:00,1662375600000,2.8050000000,2.8420000000,2.8050000000,2.8150000000,24054.9943450000,67858.5988277080,67858.5988277080,1,DORA-USDT
2022-09-05 20:00:00,1662379200000,2.8150000000,2.8420000000,2.8070000000,2.8390000000,21531.2648460000,60826.4991805080,60826.4991805080,1,DORA-USDT
2022-09-05 21:00:00,1662382800000,2.8400000000,2.8680000000,2.8390000000,2.8600000000,22687.3050730000,64715.0903192980,64715.0903192980,1,DORA-USDT
2022-09-05 22:00:00,1662386400000,2.8580000000,2.8580000000,2.8360000000,2.8440000000,26519.8934620000,75550.2665586100,75550.2665586100,1,DORA-USDT
2022-09-05 23:00:00,1662390000000,2.8440000000,2.8570000000,2.8120000000,2.8240000000,27116.8155230000,76781.0980380130,76781.0980380130,1,DORA-USDT
2022-09-06 00:00:00,1662393600000,2.8220000000,2.8330000000,2.8080000000,2.8250000000,28565.4449970000,80556.9407443970,80556.9407443970,1,DORA-USDT
2022-09-06 01:00:00,1662397200000,2.8250000000,2.8250000000,2.7920000000,2.7930000000,18505.3856270000,51967.9872339820,51967.9872339820,1,DORA-USDT
2022-09-06 02:00:00,1662400800000,2.7950000000,2.8020000000,2.7690000000,2.7790000000,21903.3899400000,60942.8034967460,60942.8034967460,1,DORA-USDT
2022-09-06 03:00:00,1662404400000,2.7800000000,2.7800000000,2.7620000000,2.7660000000,15686.7389780000,43475.1913782930,43475.1913782930,1,DORA-USDT
2022-09-06 04:00:00,1662408000000,2.7660000000,2.7830000000,2.7610000000,2.7650000000,21783.4047950000,60403.0888880520,60403.0888880520,1,DORA-USDT
2022-09-06 05:00:00,1662411600000,2.7670000000,2.7770000000,2.7590000000,2.7620000000,20866.5374330000,57752.4078051660,57752.4078051660,1,DORA-USDT
2022-09-06 06:00:00,1662415200000,2.7660000000,2.7890000000,2.7580000000,2.7890000000,29216.8209720000,81032.9190656830,81032.9190656830,1,DORA-USDT
2022-09-06 07:00:00,1662418800000,2.7900000000,2.8360000000,2.7840000000,2.8180000000,27921.6164960000,78443.1191084920,78443.1191084920,1,DORA-USDT
2022-09-06 08:00:00,1662422400000,2.8160000000,2.8950000000,2.8160000000,2.8840000000,42312.9349030000,120852.4656421410,120852.4656421410,1,DORA-USDT
2022-09-06 09:00:00,1662426000000,2.8840000000,2.9010000000,2.8350000000,2.8360000000,45230.5189010000,129753.6204468390,129753.6204468390,1,DORA-USDT
2022-09-06 10:00:00,1662429600000,2.8380000000,2.8450000000,2.7950000000,2.8230000000,43767.7510010000,123223.9771304050,123223.9771304050,1,DORA-USDT
2022-09-06 11:00:00,1662433200000,2.8240000000,2.8660000000,2.8030000000,2.8320000000,45976.1885920000,130286.1755267020,130286.1755267020,1,DORA-USDT
2022-09-06 12:00:00,1662436800000,2.8310000000,2.8510000000,2.8190000000,2.8270000000,24204.2900170000,68627.3397709690,68627.3397709690,1,DORA-USDT
2022-09-06 13:00:00,1662440400000,2.8280000000,2.8450000000,2.8170000000,2.8170000000,21797.0360720000,61687.0845057710,61687.0845057710,1,DORA-USDT
2022-09-06 14:00:00,1662444000000,2.8170000000,2.8340000000,2.8100000000,2.8170000000,25834.5707940000,72898.6527032340,72898.6527032340,1,DORA-USDT
2022-09-06 15:00:00,1662447600000,2.8150000000,2.8230000000,2.7900000000,2.8010000000,32035.5256300000,89842.3258566910,89842.3258566910,1,DORA-USDT
2022-09-06 16:00:00,1662451200000,2.8000000000,2.8200000000,2.8000000000,2.8090000000,25085.3909710000,70450.9360736580,70450.9360736580,1,DORA-USDT
2022-09-06 17:00:00,1662454800000,2.8100000000,2.8100000000,2.7680000000,2.7820000000,41160.1936350000,114792.8936068780,114792.8936068780,1,DORA-USDT
2022-09-06 18:00:00,1662458400000,2.7810000000,2.7980000000,2.7710000000,2.7730000000,26219.3606200000,72968.9601175190,72968.9601175190,1,DORA-USDT
2022-09-06 19:00:00,1662462000000,2.7720000000,2.7930000000,2.7710000000,2.7730000000,17806.2432170000,49502.2250395910,49502.2250395910,1,DORA-USDT
2022-09-06 20:00:00,1662465600000,2.7730000000,2.7870000000,2.7670000000,2.7710000000,26376.0970940000,73219.1812980940,73219.1812980940,1,DORA-USDT
2022-09-06 21:00:00,1662469200000,2.7700000000,2.7920000000,2.7640000000,2.7790000000,28017.9359250000,77779.6769665780,77779.6769665780,1,DORA-USDT
2022-09-06 22:00:00,1662472800000,2.7790000000,2.7810000000,2.7350000000,2.7600000000,35816.5590400000,98671.7243059440,98671.7243059440,1,DORA-USDT
2022-09-06 23:00:00,1662476400000,2.7620000000,2.7720000000,2.7520000000,2.7580000000,23337.6467520000,64445.1534627180,64445.1534627180,1,DORA-USDT
2022-09-07 00:00:00,1662480000000,2.7570000000,2.8160000000,2.7440000000,2.7510000000,51466.2495510000,142855.1041380020,142855.1041380020,1,DORA-USDT
2022-09-07 01:00:00,1662483600000,2.7500000000,2.7570000000,2.6060000000,2.6440000000,97658.2762080000,260856.3546800250,260856.3546800250,1,DORA-USDT
2022-09-07 02:00:00,1662487200000,2.6420000000,2.6630000000,2.5800000000,2.5900000000,70018.8751380000,183442.2701095230,183442.2701095230,1,DORA-USDT
2022-09-07 03:00:00,1662490800000,2.5890000000,2.5950000000,2.5620000000,2.5810000000,33495.7201090000,86504.5300207180,86504.5300207180,1,DORA-USDT
2022-09-07 04:00:00,1662494400000,2.5820000000,2.5840000000,2.5260000000,2.5690000000,59158.3565250000,151652.7127972540,151652.7127972540,1,DORA-USDT
2022-09-07 05:00:00,1662498000000,2.5700000000,2.5730000000,2.5470000000,2.5490000000,25190.4181290000,64443.1680574590,64443.1680574590,1,DORA-USDT
2022-09-07 06:00:00,1662501600000,2.5470000000,2.5540000000,2.5350000000,2.5500000000,17793.6118000000,45295.9282112140,45295.9282112140,1,DORA-USDT
2022-09-07 07:00:00,1662505200000,2.5430000000,2.5490000000,2.5110000000,2.5170000000,28302.4846970000,71647.4475638880,71647.4475638880,1,DORA-USDT
2022-09-07 08:00:00,1662508800000,2.5170000000,2.5430000000,2.5010000000,2.5360000000,54981.9230150000,138685.8552417680,138685.8552417680,1,DORA-USDT
2022-09-07 09:00:00,1662512400000,2.5380000000,2.5410000000,2.4980000000,2.5180000000,28330.3395360000,71332.7996089600,71332.7996089600,1,DORA-USDT
2022-09-07 10:00:00,1662516000000,2.5180000000,2.5210000000,2.4720000000,2.4790000000,40671.2063400000,101273.0927716700,101273.0927716700,1,DORA-USDT
2022-09-07 11:00:00,1662519600000,2.4800000000,2.5120000000,2.4780000000,2.5020000000,24332.0643610000,60764.2688801980,60764.2688801980,1,DORA-USDT
2022-09-07 12:00:00,1662523200000,2.5020000000,2.5180000000,2.4930000000,2.5160000000,19525.6600190000,48888.4173600140,48888.4173600140,1,DORA-USDT
2022-09-07 13:00:00,1662526800000,2.5160000000,2.5210000000,2.5060000000,2.5210000000,11771.0948990000,29608.0547078090,29608.0547078090,1,DORA-USDT
2022-09-07 14:00:00,1662530400000,2.5200000000,2.5520000000,2.5120000000,2.5430000000,22961.9284240000,58097.3006044300,58097.3006044300,1,DORA-USDT
2022-09-07 15:00:00,1662534000000,2.5450000000,2.6040000000,2.5450000000,2.6000000000,38116.7046490000,98122.3282458130,98122.3282458130,1,DORA-USDT
2022-09-07 16:00:00,1662537600000,2.6010000000,2.6240000000,2.5950000000,2.6200000000,18548.7945780000,48403.0766100800,48403.0766100800,1,DORA-USDT
2022-09-07 17:00:00,1662541200000,2.6210000000,2.6320000000,2.6110000000,2.6280000000,14964.9782940000,39236.2288178960,39236.2288178960,1,DORA-USDT
2022-09-07 18:00:00,1662544800000,2.6280000000,2.6980000000,2.6210000000,2.6750000000,44941.3165940000,119395.6425464650,119395.6425464650,1,DORA-USDT
2022-09-07 19:00:00,1662548400000,2.6790000000,2.6840000000,2.6600000000,2.6810000000,24359.3203940000,65049.4976251490,65049.4976251490,1,DORA-USDT
2022-09-07 20:00:00,1662552000000,2.6850000000,2.6980000000,2.6410000000,2.6860000000,51462.0535210000,137402.4280584970,137402.4280584970,1,DORA-USDT
2022-09-07 21:00:00,1662555600000,2.6870000000,2.7070000000,2.6660000000,2.6750000000,44237.9016370000,118802.0147726770,118802.0147726770,1,DORA-USDT
2022-09-07 22:00:00,1662559200000,2.6760000000,2.7420000000,2.6750000000,2.6930000000,53354.5239510000,144439.6546451830,144439.6546451830,1,DORA-USDT
2022-09-07 23:00:00,1662562800000,2.6900000000,2.6970000000,2.6670000000,2.6670000000,18327.1097780000,49171.3181608080,49171.3181608080,1,DORA-USDT
2022-09-08 00:00:00,1662566400000,2.6670000000,2.6930000000,2.6560000000,2.6890000000,37688.2432100000,100791.1754816120,100791.1754816120,1,DORA-USDT
2022-09-08 01:00:00,1662570000000,2.6840000000,2.7050000000,2.6770000000,2.6770000000,31265.6847180000,83996.2219226060,83996.2219226060,1,DORA-USDT
2022-09-08 02:00:00,1662573600000,2.6790000000,2.6850000000,2.6620000000,2.6670000000,25004.5495820000,66856.0783671520,66856.0783671520,1,DORA-USDT
2022-09-08 03:00:00,1662577200000,2.6660000000,2.6850000000,2.6580000000,2.6740000000,22641.1841730000,60552.4126676030,60552.4126676030,1,DORA-USDT
2022-09-08 04:00:00,1662580800000,2.6730000000,2.7370000000,2.6700000000,2.7260000000,50377.0718560000,136887.2417905100,136887.2417905100,1,DORA-USDT
2022-09-08 05:00:00,1662584400000,2.7270000000,2.7360000000,2.7080000000,2.7170000000,29728.0061700000,80804.7789273710,80804.7789273710,1,DORA-USDT
2022-09-08 06:00:00,1662588000000,2.7230000000,2.7320000000,2.7100000000,2.7230000000,24423.4975480000,66490.4505657550,66490.4505657550,1,DORA-USDT
2022-09-08 07:00:00,1662591600000,2.7220000000,2.7350000000,2.7160000000,2.7180000000,19055.5986270000,51968.4556563440,51968.4556563440,1,DORA-USDT
2022-09-08 08:00:00,1662595200000,2.7170000000,2.7310000000,2.6930000000,2.6980000000,24822.0121820000,67300.3273520850,67300.3273520850,1,DORA-USDT
2022-09-08 09:00:00,1662598800000,2.6970000000,2.7090000000,2.6850000000,2.6870000000,21413.4291100000,57779.2767986270,57779.2767986270,1,DORA-USDT
2022-09-08 10:00:00,1662602400000,2.6850000000,2.7010000000,2.6850000000,2.6900000000,12190.2599800000,32826.1755455070,32826.1755455070,1,DORA-USDT
2022-09-08 11:00:00,1662606000000,2.6930000000,2.6950000000,2.6830000000,2.6890000000,9091.9414060000,24461.4867846230,24461.4867846230,1,DORA-USDT
2022-09-08 12:00:00,1662609600000,2.6890000000,2.7070000000,2.6840000000,2.6990000000,19531.6007990000,52683.5882279660,52683.5882279660,1,DORA-USDT
2022-09-08 13:00:00,1662613200000,2.7000000000,2.7050000000,2.6890000000,2.6990000000,15139.2479920000,40824.9162894600,40824.9162894600,1,DORA-USDT
2022-09-08 14:00:00,1662616800000,2.6990000000,2.7090000000,2.6870000000,2.6880000000,11006.0802100000,29662.6246818840,29662.6246818840,1,DORA-USDT
2022-09-08 15:00:00,1662620400000,2.6880000000,2.6880000000,2.6450000000,2.6760000000,31259.2445360000,83200.3472778410,83200.3472778410,1,DORA-USDT
2022-09-08 16:00:00,1662624000000,2.6730000000,2.6830000000,2.6610000000,2.6800000000,22819.4998050000,60963.7863275480,60963.7863275480,1,DORA-USDT
2022-09-08 17:00:00,1662627600000,2.6790000000,2.6870000000,2.6640000000,2.6780000000,20870.4205690000,55862.1847082460,55862.1847082460,1,DORA-USDT
2022-09-08 18:00:00,1662631200000,2.6750000000,2.6920000000,2.6700000000,2.6840000000,24981.4851330000,67011.0510247950,67011.0510247950,1,DORA-USDT
2022-09-08 19:00:00,1662634800000,2.6850000000,2.7230000000,2.6820000000,2.7170000000,34054.2476380000,91956.1806548440,91956.1806548440,1,DORA-USDT
2022-09-08 20:00:00,1662638400000,2.7150000000,2.7220000000,2.6900000000,2.7010000000,33417.5770390000,90354.9388252830,90354.9388252830,1,DORA-USDT
2022-09-08 21:00:00,1662642000000,2.7010000000,2.7330000000,2.6690000000,2.7190000000,46990.1799480000,126832.3875701490,126832.3875701490,1,DORA-USDT
2022-09-08 22:00:00,1662645600000,2.7190000000,2.8630000000,2.7070000000,2.8590000000,92160.6314020000,257493.2416502260,257493.2416502260,1,DORA-USDT
2022-09-08 23:00:00,1662649200000,2.8580000000,2.8670000000,2.8220000000,2.8280000000,54617.3301460000,155042.5119495910,155042.5119495910,1,DORA-USDT
2022-09-09 00:00:00,1662652800000,2.8280000000,2.9110000000,2.7880000000,2.9070000000,80641.4312390000,229253.2955762160,229253.2955762160,1,DORA-USDT
2022-09-09 01:00:00,1662656400000,2.9070000000,2.9770000000,2.9000000000,2.9480000000,70544.8181260000,207423.2315201940,207423.2315201940,1,DORA-USDT
2022-09-09 02:00:00,1662660000000,2.9490000000,2.9690000000,2.9200000000,2.9300000000,36593.6283610000,107612.0385547980,107612.0385547980,1,DORA-USDT
2022-09-09 03:00:00,1662663600000,2.9260000000,2.9930000000,2.9210000000,2.9850000000,46801.4883930000,138496.5378102570,138496.5378102570,1,DORA-USDT
2022-09-09 04:00:00,1662667200000,2.9860000000,3.0040000000,2.9460000000,2.9520000000,45009.1168770000,133738.9811931990,133738.9811931990,1,DORA-USDT
2022-09-09 05:00:00,1662670800000,2.9520000000,2.9660000000,2.9290000000,2.9480000000,31045.5076940000,91541.4870471450,91541.4870471450,1,DORA-USDT
2022-09-09 06:00:00,1662674400000,2.9530000000,2.9570000000,2.9200000000,2.9280000000,25648.3159510000,75328.7201843800,75328.7201843800,1,DORA-USDT
2022-09-09 07:00:00,1662678000000,2.9290000000,2.9330000000,2.8780000000,2.8810000000,37866.9706400000,110040.4093223710,110040.4093223710,1,DORA-USDT
2022-09-09 08:00:00,1662681600000,2.8820000000,2.8860000000,2.8620000000,2.8720000000,23866.8255730000,68600.6434803420,68600.6434803420,1,DORA-USDT
2022-09-09 09:00:00,1662685200000,2.8710000000,2.8830000000,2.8650000000,2.8690000000,15208.7815540000,43708.6385777460,43708.6385777460,1,DORA-USDT
2022-09-09 10:00:00,1662688800000,2.8700000000,2.8780000000,2.8540000000,2.8600000000,16021.3228800000,45938.0885893040,45938.0885893040,1,DORA-USDT
2022-09-09 11:00:00,1662692400000,2.8600000000,2.8960000000,2.8510000000,2.8920000000,31740.7429550000,91243.1955835020,91243.1955835020,1,DORA-USDT
2022-09-09 12:00:00,1662696000000,2.8920000000,2.9180000000,2.8870000000,2.9120000000,23296.0375380000,67687.0049173440,67687.0049173440,1,DORA-USDT
2022-09-09 13:00:00,1662699600000,2.9130000000,2.9380000000,2.9080000000,2.9200000000,23346.3649710000,68233.0760081130,68233.0760081130,1,DORA-USDT
2022-09-09 14:00:00,1662703200000,2.9210000000,2.9370000000,2.9150000000,2.9360000000,14757.1655740000,43210.7457090190,43210.7457090190,1,DORA-USDT
2022-09-09 15:00:00,1662706800000,2.9370000000,2.9460000000,2.9240000000,2.9270000000,14976.8491380000,43957.0825116820,43957.0825116820,1,DORA-USDT
2022-09-09 16:00:00,1662710400000,2.9300000000,2.9740000000,2.9070000000,2.9590000000,42113.5636560000,123872.2162973610,123872.2162973610,1,DORA-USDT
2022-09-09 17:00:00,1662714000000,2.9600000000,2.9640000000,2.8780000000,2.9110000000,66171.3530700000,192567.8240615600,192567.8240615600,1,DORA-USDT
2022-09-09 18:00:00,1662717600000,2.9090000000,2.9290000000,2.8990000000,2.9270000000,24857.7311920000,72364.8106586230,72364.8106586230,1,DORA-USDT
2022-09-09 19:00:00,1662721200000,2.9270000000,2.9670000000,2.9200000000,2.9670000000,45252.5818830000,133408.1300832050,133408.1300832050,1,DORA-USDT
2022-09-09 20:00:00,1662724800000,2.9670000000,3.0280000000,2.9640000000,2.9970000000,72030.6378180000,215784.9844796730,215784.9844796730,1,DORA-USDT
2022-09-09 21:00:00,1662728400000,2.9920000000,2.9940000000,2.8590000000,2.8960000000,94944.6598000000,277031.3312591220,277031.3312591220,1,DORA-USDT
2022-09-09 22:00:00,1662732000000,2.8970000000,2.8970000000,2.8510000000,2.8740000000,38277.7361010000,109870.4713351860,109870.4713351860,1,DORA-USDT
2022-09-09 23:00:00,1662735600000,2.8740000000,2.8870000000,2.8410000000,2.8550000000,48192.2770040000,138081.4333975370,138081.4333975370,1,DORA-USDT
2022-09-10 00:00:00,1662739200000,2.8590000000,2.8640000000,2.8290000000,2.8570000000,45516.2265990000,129382.6505574440,129382.6505574440,1,DORA-USDT
2022-09-10 01:00:00,1662742800000,2.8580000000,2.8670000000,2.8320000000,2.8400000000,31814.6872650000,90748.3449222580,90748.3449222580,1,DORA-USDT
2022-09-10 02:00:00,1662746400000,2.8390000000,2.8470000000,2.8260000000,2.8440000000,26217.4826410000,74350.1225818930,74350.1225818930,1,DORA-USDT
2022-09-10 03:00:00,1662750000000,2.8440000000,2.8570000000,2.8350000000,2.8480000000,23730.5808270000,67545.2737967340,67545.2737967340,1,DORA-USDT
2022-09-10 04:00:00,1662753600000,2.8430000000,2.8790000000,2.8390000000,2.8760000000,23348.6774340000,66798.0698617680,66798.0698617680,1,DORA-USDT
2022-09-10 05:00:00,1662757200000,2.8760000000,2.8790000000,2.8580000000,2.8660000000,21579.0494970000,61855.9288240500,61855.9288240500,1,DORA-USDT
2022-09-10 06:00:00,1662760800000,2.8610000000,2.8690000000,2.8560000000,2.8560000000,21176.2715770000,60594.6897329910,60594.6897329910,1,DORA-USDT
2022-09-10 07:00:00,1662764400000,2.8560000000,2.9020000000,2.8560000000,2.8890000000,31121.3079110000,89640.8050311250,89640.8050311250,1,DORA-USDT
2022-09-10 08:00:00,1662768000000,2.8920000000,2.9030000000,2.8450000000,2.8640000000,29221.3030430000,83786.7818347670,83786.7818347670,1,DORA-USDT
2022-09-10 09:00:00,1662771600000,2.8640000000,2.8890000000,2.8580000000,2.8610000000,25188.5975490000,72423.0435656170,72423.0435656170,1,DORA-USDT
2022-09-10 10:00:00,1662775200000,2.8620000000,2.8700000000,2.8540000000,2.8640000000,19762.0465960000,56549.6984637140,56549.6984637140,1,DORA-USDT
2022-09-10 11:00:00,1662778800000,2.8640000000,2.8660000000,2.8300000000,2.8300000000,17959.5884220000,51171.6275804280,51171.6275804280,1,DORA-USDT
2022-09-10 12:00:00,1662782400000,2.8300000000,2.8560000000,2.8170000000,2.8210000000,39319.1312730000,111616.5459983600,111616.5459983600,1,DORA-USDT
2022-09-10 13:00:00,1662786000000,2.8220000000,2.8310000000,2.8050000000,2.8180000000,20121.5779970000,56722.5509241660,56722.5509241660,1,DORA-USDT
2022-09-10 14:00:00,1662789600000,2.8180000000,2.8370000000,2.8120000000,2.8310000000,17314.2884170000,48904.9528800010,48904.9528800010,1,DORA-USDT
2022-09-10 15:00:00,1662793200000,2.8310000000,2.8620000000,2.8020000000,2.8130000000,42772.0910850000,121142.3840037300,121142.3840037300,1,DORA-USDT
2022-09-10 16:00:00,1662796800000,2.8140000000,2.8330000000,2.8050000000,2.8170000000,31926.2628320000,90012.7319176610,90012.7319176610,1,DORA-USDT
2022-09-10 17:00:00,1662800400000,2.8170000000,2.8680000000,2.8130000000,2.8400000000,37501.3286260000,106681.4507154430,106681.4507154430,1,DORA-USDT
2022-09-10 18:00:00,1662804000000,2.8390000000,2.8840000000,2.8240000000,2.8810000000,37966.3096150000,108220.4540340780,108220.4540340780,1,DORA-USDT
2022-09-10 19:00:00,1662807600000,2.8810000000,2.9590000000,2.8720000000,2.9570000000,48754.0768300000,142071.7871885960,142071.7871885960,1,DORA-USDT
2022-09-10 20:00:00,1662811200000,2.9550000000,2.9850000000,2.9340000000,2.9630000000,53032.1456740000,156723.8522237800,156723.8522237800,1,DORA-USDT
2022-09-10 21:00:00,1662814800000,2.9630000000,2.9660000000,2.9050000000,2.9140000000,40312.8060260000,118282.2917017500,118282.2917017500,1,DORA-USDT
2022-09-10 22:00:00,1662818400000,2.9140000000,2.9160000000,2.8680000000,2.9000000000,44760.7204640000,129465.7066057240,129465.7066057240,1,DORA-USDT
2022-09-10 23:00:00,1662822000000,2.9020000000,2.9070000000,2.8690000000,2.8750000000,23488.1846100000,67746.9441919710,67746.9441919710,1,DORA-USDT
2022-09-11 00:00:00,1662825600000,2.8750000000,2.8800000000,2.8250000000,2.8690000000,42947.1505740000,122373.9012488510,122373.9012488510,1,DORA-USDT
2022-09-11 01:00:00,1662829200000,2.8690000000,2.9080000000,2.8640000000,2.8870000000,32443.2245960000,93447.5200484980,93447.5200484980,1,DORA-USDT
2022-09-11 02:00:00,1662832800000,2.8870000000,2.9180000000,2.8860000000,2.9090000000,20655.1495210000,60023.1091003390,60023.1091003390,1,DORA-USDT
2022-09-11 03:00:00,1662836400000,2.9060000000,2.9380000000,2.8970000000,2.9010000000,33315.4071130000,97098.1899892970,97098.1899892970,1,DORA-USDT
2022-09-11 04:00:00,1662840000000,2.9010000000,2.9100000000,2.8680000000,2.8820000000,25304.8993790000,73074.0101525260,73074.0101525260,1,DORA-USDT
2022-09-11 05:00:00,1662843600000,2.8820000000,2.9120000000,2.8780000000,2.9030000000,32690.0710930000,94631.6807346710,94631.6807346710,1,DORA-USDT
2022-09-11 06:00:00,1662847200000,2.9030000000,2.9250000000,2.8990000000,2.9200000000,19886.8185590000,57913.0038780140,57913.0038780140,1,DORA-USDT
2022-09-11 07:00:00,1662850800000,2.9200000000,2.9260000000,2.9140000000,2.9150000000,10080.0440340000,29436.9471399660,29436.9471399660,1,DORA-USDT
2022-09-11 08:00:00,1662854400000,2.9160000000,2.9560000000,2.9160000000,2.9460000000,24324.1619100000,71459.4693165890,71459.4693165890,1,DORA-USDT
2022-09-11 09:00:00,1662858000000,2.9460000000,3.0170000000,2.9420000000,3.0110000000,41419.3565820000,123668.2517287360,123668.2517287360,1,DORA-USDT
2022-09-11 10:00:00,1662861600000,3.0110000000,3.0770000000,3.0090000000,3.0180000000,44280.7888510000,134527.9027898560,134527.9027898560,1,DORA-USDT
2022-09-11 11:00:00,1662865200000,3.0190000000,3.0490000000,3.0070000000,3.0370000000,22502.9207300000,68053.3416899260,68053.3416899260,1,DORA-USDT
2022-09-11 12:00:00,1662868800000,3.0380000000,3.0400000000,3.0000000000,3.0030000000,30044.8801610000,90766.0187120740,90766.0187120740,1,DORA-USDT
2022-09-11 13:00:00,1662872400000,3.0020000000,3.0080000000,2.9660000000,2.9780000000,25710.3702490000,76671.2320896990,76671.2320896990,1,DORA-USDT
2022-09-11 14:00:00,1662876000000,2.9780000000,2.9840000000,2.8920000000,2.9230000000,48575.2003520000,142338.0952785430,142338.0952785430,1,DORA-USDT
2022-09-11 15:00:00,1662879600000,2.9210000000,2.9320000000,2.8900000000,2.9310000000,32492.9346360000,94408.2892838690,94408.2892838690,1,DORA-USDT
2022-09-11 16:00:00,1662883200000,2.9310000000,2.9340000000,2.9100000000,2.9280000000,26661.1174520000,77947.5799542690,77947.5799542690,1,DORA-USDT
2022-09-11 17:00:00,1662886800000,2.9290000000,2.9330000000,2.9110000000,2.9150000000,15739.6645820000,46017.7181910030,46017.7181910030,1,DORA-USDT
2022-09-11 18:00:00,1662890400000,2.9170000000,2.9500000000,2.9160000000,2.9450000000,14588.1443850000,42861.3524772250,42861.3524772250,1,DORA-USDT
2022-09-11 19:00:00,1662894000000,2.9440000000,2.9590000000,2.9400000000,2.9420000000,14440.6430300000,42571.1228785680,42571.1228785680,1,DORA-USDT
2022-09-11 20:00:00,1662897600000,2.9420000000,2.9560000000,2.9300000000,2.9490000000,23035.8418750000,67748.9820370420,67748.9820370420,1,DORA-USDT
2022-09-11 21:00:00,1662901200000,2.9490000000,2.9540000000,2.9140000000,2.9250000000,18520.4669050000,54310.3004796160,54310.3004796160,1,DORA-USDT
2022-09-11 22:00:00,1662904800000,2.9250000000,2.9280000000,2.8900000000,2.8970000000,21715.5434640000,63112.2792590150,63112.2792590150,1,DORA-USDT
2022-09-11 23:00:00,1662908400000,2.8980000000,2.9200000000,2.8960000000,2.9180000000,20525.7637810000,59635.7500278710,59635.7500278710,1,DORA-USDT
2022-09-12 00:00:00,1662912000000,2.9210000000,2.9270000000,2.9060000000,2.9200000000,18535.2252050000,54103.7049633970,54103.7049633970,1,DORA-USDT
2022-09-12 01:00:00,1662915600000,2.9220000000,2.9310000000,2.8820000000,2.8820000000,33901.7911820000,98609.9340782030,98609.9340782030,1,DORA-USDT
2022-09-12 02:00:00,1662919200000,2.8820000000,2.8820000000,2.8520000000,2.8590000000,24419.4715080000,69996.2859375670,69996.2859375670,1,DORA-USDT
2022-09-12 03:00:00,1662922800000,2.8600000000,2.8890000000,2.8570000000,2.8820000000,21326.8782800000,61329.2681066160,61329.2681066160,1,DORA-USDT
2022-09-12 04:00:00,1662926400000,2.8830000000,2.8880000000,2.8210000000,2.8490000000,44630.9559070000,127185.0114494860,127185.0114494860,1,DORA-USDT
2022-09-12 05:00:00,1662930000000,2.8490000000,2.8630000000,2.8020000000,2.8090000000,33187.8390140000,94188.8114149950,94188.8114149950,1,DORA-USDT
2022-09-12 06:00:00,1662933600000,2.8130000000,2.8450000000,2.8120000000,2.8370000000,22785.3226630000,64559.4403936460,64559.4403936460,1,DORA-USDT
2022-09-12 07:00:00,1662937200000,2.8420000000,2.8570000000,2.8220000000,2.8510000000,21313.0071310000,60520.6439391740,60520.6439391740,1,DORA-USDT
2022-09-12 08:00:00,1662940800000,2.8510000000,2.8580000000,2.8310000000,2.8320000000,20285.3278690000,57724.0444206070,57724.0444206070,1,DORA-USDT
2022-09-12 09:00:00,1662944400000,2.8320000000,2.9110000000,2.8220000000,2.9040000000,49033.8317310000,140608.9726919410,140608.9726919410,1,DORA-USDT
2022-09-12 10:00:00,1662948000000,2.9070000000,2.9170000000,2.8730000000,2.8800000000,28780.4130940000,83286.4553828530,83286.4553828530,1,DORA-USDT
2022-09-12 11:00:00,1662951600000,2.8790000000,2.8850000000,2.8120000000,2.8240000000,48151.2792190000,136824.3818304590,136824.3818304590,1,DORA-USDT
2022-09-12 12:00:00,1662955200000,2.8240000000,2.8350000000,2.8180000000,2.8340000000,16291.9786190000,46081.7694840470,46081.7694840470,1,DORA-USDT
2022-09-12 13:00:00,1662958800000,2.8330000000,2.8390000000,2.8160000000,2.8260000000,19813.0315480000,56010.2512689440,56010.2512689440,1,DORA-USDT
2022-09-12 14:00:00,1662962400000,2.8260000000,2.8330000000,2.8200000000,2.8330000000,11106.5308310000,31402.2032265090,31402.2032265090,1,DORA-USDT
2022-09-12 15:00:00,1662966000000,2.8300000000,2.8580000000,2.8290000000,2.8510000000,25411.6996440000,72296.7096459900,72296.7096459900,1,DORA-USDT
2022-09-12 16:00:00,1662969600000,2.8530000000,2.8640000000,2.8300000000,2.8610000000,28426.7787850000,80911.2551834590,80911.2551834590,1,DORA-USDT
2022-09-12 17:00:00,1662973200000,2.8640000000,2.8950000000,2.8600000000,2.8710000000,26400.0669110000,76012.8080141130,76012.8080141130,1,DORA-USDT
2022-09-12 18:00:00,1662976800000,2.8700000000,3.0060000000,2.8500000000,2.9590000000,85939.5729490000,252002.8247585400,252002.8247585400,1,DORA-USDT
2022-09-12 19:00:00,1662980400000,2.9590000000,3.1170000000,2.9570000000,3.0330000000,107331.0628070000,325616.0737235430,325616.0737235430,1,DORA-USDT
2022-09-12 20:00:00,1662984000000,3.0270000000,3.0430000000,2.9900000000,2.9940000000,53416.9789450000,160888.4419579550,160888.4419579550,1,DORA-USDT
2022-09-12 21:00:00,1662987600000,2.9950000000,3.0700000000,2.9800000000,3.0610000000,51655.5929420000,155572.7945419270,155572.7945419270,1,DORA-USDT
2022-09-12 22:00:00,1662991200000,3.0650000000,3.1180000000,3.0200000000,3.0980000000,111136.2019670000,341653.1153205450,341653.1153205450,1,DORA-USDT
2022-09-12 23:00:00,1662994800000,3.1000000000,3.1900000000,3.0350000000,3.0680000000,147179.4761000000,460707.1698012700,460707.1698012700,1,DORA-USDT
2022-09-13 00:00:00,1662998400000,3.0690000000,3.0750000000,3.0200000000,3.0490000000,51697.9571610000,157703.9936187850,157703.9936187850,1,DORA-USDT
2022-09-13 01:00:00,1663002000000,3.0500000000,3.0550000000,2.9940000000,3.0540000000,45618.3881920000,138568.7173719460,138568.7173719460,1,DORA-USDT
2022-09-13 02:00:00,1663005600000,3.0530000000,3.0540000000,3.0170000000,3.0400000000,27772.3835180000,84284.9321377800,84284.9321377800,1,DORA-USDT
2022-09-13 03:00:00,1663009200000,3.0420000000,3.0540000000,3.0380000000,3.0530000000,18935.3654580000,57697.2425523890,57697.2425523890,1,DORA-USDT
2022-09-13 04:00:00,1663012800000,3.0540000000,3.0880000000,3.0410000000,3.0700000000,44068.3487020000,135145.9668131050,135145.9668131050,1,DORA-USDT
2022-09-13 05:00:00,1663016400000,3.0710000000,3.0880000000,3.0230000000,3.0340000000,41090.1023430000,125371.9720268840,125371.9720268840,1,DORA-USDT
2022-09-13 06:00:00,1663020000000,3.0360000000,3.0450000000,3.0310000000,3.0350000000,17215.7725920000,52271.8988236000,52271.8988236000,1,DORA-USDT
2022-09-13 07:00:00,1663023600000,3.0340000000,3.0480000000,3.0330000000,3.0440000000,11598.8878490000,35274.0767077420,35274.0767077420,1,DORA-USDT
2022-09-13 08:00:00,1663027200000,3.0450000000,3.0490000000,2.9660000000,2.9830000000,47322.5266190000,141685.9481402380,141685.9481402380,1,DORA-USDT
2022-09-13 09:00:00,1663030800000,2.9840000000,3.0020000000,2.9650000000,2.9790000000,24804.6243670000,73971.7741090890,73971.7741090890,1,DORA-USDT
2022-09-13 10:00:00,1663034400000,2.9800000000,3.0540000000,2.9560000000,3.0180000000,60077.7905370000,180932.6975503440,180932.6975503440,1,DORA-USDT
2022-09-13 11:00:00,1663038000000,3.0180000000,3.0210000000,2.9900000000,3.0120000000,27628.5654860000,83010.0576062350,83010.0576062350,1,DORA-USDT
2022-09-13 12:00:00,1663041600000,3.0090000000,3.0160000000,2.9640000000,2.9720000000,42082.7193310000,125943.1596771400,125943.1596771400,1,DORA-USDT
2022-09-13 13:00:00,1663045200000,2.9720000000,2.9960000000,2.9660000000,2.9920000000,32949.1219550000,98231.7526103200,98231.7526103200,1,DORA-USDT
2022-09-13 14:00:00,1663048800000,2.9930000000,3.0110000000,2.9720000000,2.9730000000,29421.2915900000,87980.5545282510,87980.5545282510,1,DORA-USDT
2022-09-13 15:00:00,1663052400000,2.9750000000,3.0100000000,2.9620000000,3.0000000000,22944.1851630000,68483.0528566650,68483.0528566650,1,DORA-USDT
2022-09-13 16:00:00,1663056000000,3.0040000000,3.0100000000,2.9660000000,2.9780000000,24192.7747640000,72157.7370633730,72157.7370633730,1,DORA-USDT
2022-09-13 17:00:00,1663059600000,2.9780000000,2.9920000000,2.9510000000,2.9680000000,25919.8815670000,77065.5213595120,77065.5213595120,1,DORA-USDT
2022-09-13 18:00:00,1663063200000,2.9690000000,2.9940000000,2.9660000000,2.9700000000,23208.3564280000,69135.0136573940,69135.0136573940,1,DORA-USDT
2022-09-13 19:00:00,1663066800000,2.9670000000,3.0860000000,2.9670000000,3.0750000000,63317.3576420000,191773.5134771490,191773.5134771490,1,DORA-USDT
2022-09-13 20:00:00,1663070400000,3.0750000000,3.0770000000,2.7860000000,2.8480000000,163243.6766220000,473392.4975609780,473392.4975609780,1,DORA-USDT
2022-09-13 21:00:00,1663074000000,2.8390000000,2.8790000000,2.8220000000,2.8280000000,70132.7358440000,200026.7552851250,200026.7552851250,1,DORA-USDT
2022-09-13 22:00:00,1663077600000,2.8290000000,2.8980000000,2.8240000000,2.8950000000,80904.8870020000,232076.6489642370,232076.6489642370,1,DORA-USDT
2022-09-13 23:00:00,1663081200000,2.8950000000,2.9050000000,2.8380000000,2.8960000000,54969.4586630000,157898.3022598030,157898.3022598030,1,DORA-USDT
2022-09-14 00:00:00,1663084800000,2.9010000000,2.9280000000,2.8540000000,2.8610000000,54515.9628880000,157646.7599870940,157646.7599870940,1,DORA-USDT
2022-09-14 01:00:00,1663088400000,2.8610000000,2.8900000000,2.8510000000,2.8540000000,36099.8558420000,103578.6414013980,103578.6414013980,1,DORA-USDT
2022-09-14 02:00:00,1663092000000,2.8540000000,2.8690000000,2.7900000000,2.8080000000,43986.4286190000,124716.2559322280,124716.2559322280,1,DORA-USDT
2022-09-14 03:00:00,1663095600000,2.8080000000,2.8370000000,2.7920000000,2.8270000000,37787.6952940000,106652.1513528250,106652.1513528250,1,DORA-USDT
2022-09-14 04:00:00,1663099200000,2.8250000000,2.8500000000,2.8200000000,2.8220000000,25062.0442660000,71041.7396396850,71041.7396396850,1,DORA-USDT
2022-09-14 05:00:00,1663102800000,2.8220000000,2.8390000000,2.8100000000,2.8230000000,39032.4519870000,110186.6952493580,110186.6952493580,1,DORA-USDT
2022-09-14 06:00:00,1663106400000,2.8210000000,2.8310000000,2.8010000000,2.8290000000,31864.0328220000,89870.0991336400,89870.0991336400,1,DORA-USDT
2022-09-14 07:00:00,1663110000000,2.8280000000,2.8300000000,2.8010000000,2.8060000000,16059.8178590000,45156.8752842640,45156.8752842640,1,DORA-USDT
2022-09-14 08:00:00,1663113600000,2.8060000000,2.8350000000,2.7740000000,2.8300000000,49960.6506080000,140047.9332374140,140047.9332374140,1,DORA-USDT
2022-09-14 09:00:00,1663117200000,2.8320000000,2.8390000000,2.8290000000,2.8370000000,8768.5714750000,24858.6081668380,24858.6081668380,1,DORA-USDT
2022-09-14 10:00:00,1663120800000,2.8370000000,2.8680000000,2.8320000000,2.8680000000,25445.3568680000,72509.1519176710,72509.1519176710,1,DORA-USDT
2022-09-14 11:00:00,1663124400000,2.8680000000,2.8870000000,2.8620000000,2.8720000000,15805.8647830000,45445.7130101810,45445.7130101810,1,DORA-USDT
2022-09-14 12:00:00,1663128000000,2.8740000000,2.8970000000,2.8680000000,2.8950000000,24092.3005710000,69435.1915728730,69435.1915728730,1,DORA-USDT
2022-09-14 13:00:00,1663131600000,2.8950000000,2.9030000000,2.8820000000,2.8880000000,14409.3105810000,41723.1378607920,41723.1378607920,1,DORA-USDT
2022-09-14 14:00:00,1663135200000,2.8880000000,2.9250000000,2.8880000000,2.9040000000,27259.9818030000,79240.3947736500,79240.3947736500,1,DORA-USDT
2022-09-14 15:00:00,1663138800000,2.9050000000,2.9270000000,2.8290000000,2.8650000000,49482.5900370000,142438.5301655990,142438.5301655990,1,DORA-USDT
2022-09-14 16:00:00,1663142400000,2.8670000000,2.8700000000,2.8270000000,2.8600000000,33992.1762970000,96841.8468455580,96841.8468455580,1,DORA-USDT
2022-09-14 17:00:00,1663146000000,2.8600000000,2.8780000000,2.8570000000,2.8720000000,12402.1785450000,35553.0527700620,35553.0527700620,1,DORA-USDT
2022-09-14 18:00:00,1663149600000,2.8700000000,2.8740000000,2.8520000000,2.8720000000,17401.4750430000,49807.2680191730,49807.2680191730,1,DORA-USDT
2022-09-14 19:00:00,1663153200000,2.8730000000,2.8750000000,2.8410000000,2.8540000000,15308.8382220000,43765.0842441300,43765.0842441300,1,DORA-USDT
2022-09-14 20:00:00,1663156800000,2.8530000000,2.8920000000,2.8290000000,2.8670000000,47808.8028480000,136733.6107684820,136733.6107684820,1,DORA-USDT
2022-09-14 21:00:00,1663160400000,2.8670000000,2.9170000000,2.8320000000,2.9160000000,61518.6160400000,176736.4433832700,176736.4433832700,1,DORA-USDT
2022-09-14 22:00:00,1663164000000,2.9150000000,2.9680000000,2.8780000000,2.9640000000,61326.2467750000,178967.0987969430,178967.0987969430,1,DORA-USDT
2022-09-14 23:00:00,1663167600000,2.9630000000,3.0080000000,2.9320000000,2.9620000000,49199.0026550000,145820.6016156200,145820.6016156200,1,DORA-USDT
2022-09-15 00:00:00,1663171200000,2.9580000000,2.9580000000,2.8990000000,2.9500000000,72681.3831640000,212763.4851255530,212763.4851255530,1,DORA-USDT
2022-09-15 01:00:00,1663174800000,2.9470000000,3.0540000000,2.9430000000,3.0360000000,46087.9246730000,138017.4261235980,138017.4261235980,1,DORA-USDT
2022-09-15 02:00:00,1663178400000,3.0370000000,3.1100000000,2.9850000000,2.9970000000,139777.9542130000,424638.3511230890,424638.3511230890,1,DORA-USDT
2022-09-15 03:00:00,1663182000000,2.9960000000,3.0890000000,2.9860000000,3.0510000000,66329.8755000000,201733.1516224210,201733.1516224210,1,DORA-USDT
2022-09-15 04:00:00,1663185600000,3.0450000000,3.1020000000,3.0380000000,3.0820000000,44693.6197820000,137829.4312848170,137829.4312848170,1,DORA-USDT
2022-09-15 05:00:00,1663189200000,3.0840000000,3.0850000000,3.0390000000,3.0570000000,35313.4467890000,108101.3397657250,108101.3397657250,1,DORA-USDT
2022-09-15 06:00:00,1663192800000,3.0580000000,3.0650000000,3.0460000000,3.0590000000,16431.3059450000,50234.9909048270,50234.9909048270,1,DORA-USDT
2022-09-15 07:00:00,1663196400000,3.0570000000,3.0630000000,3.0400000000,3.0440000000,13580.2832120000,41458.1996639390,41458.1996639390,1,DORA-USDT
2022-09-15 08:00:00,1663200000000,3.0420000000,3.0530000000,3.0140000000,3.0210000000,24759.2478620000,75066.4431989060,75066.4431989060,1,DORA-USDT
2022-09-15 09:00:00,1663203600000,3.0210000000,3.0290000000,2.9960000000,3.0250000000,23809.5790010000,71774.8840641080,71774.8840641080,1,DORA-USDT
2022-09-15 10:00:00,1663207200000,3.0260000000,3.0260000000,2.9860000000,3.0190000000,22878.1703350000,68808.1788997760,68808.1788997760,1,DORA-USDT
2022-09-15 11:00:00,1663210800000,3.0200000000,3.0210000000,2.9280000000,2.9690000000,57707.4479080000,171748.3567937090,171748.3567937090,1,DORA-USDT
2022-09-15 12:00:00,1663214400000,2.9690000000,2.9800000000,2.9470000000,2.9770000000,35626.0055410000,105644.9874111200,105644.9874111200,1,DORA-USDT
2022-09-15 13:00:00,1663218000000,2.9770000000,3.0290000000,2.9760000000,2.9810000000,51687.5576950000,155267.0618963350,155267.0618963350,1,DORA-USDT
2022-09-15 14:00:00,1663221600000,2.9800000000,3.0360000000,2.9240000000,2.9850000000,81843.6351370000,243352.3738357200,243352.3738357200,1,DORA-USDT
2022-09-15 15:00:00,1663225200000,2.9820000000,3.0530000000,2.9820000000,3.0200000000,55472.8527730000,167680.8766855630,167680.8766855630,1,DORA-USDT
2022-09-15 16:00:00,1663228800000,3.0240000000,3.0240000000,2.9520000000,2.9700000000,51013.7893100000,151648.7685505420,151648.7685505420,1,DORA-USDT
2022-09-15 17:00:00,1663232400000,2.9700000000,3.0110000000,2.9520000000,3.0090000000,39920.1814140000,119042.9451999560,119042.9451999560,1,DORA-USDT
2022-09-15 18:00:00,1663236000000,3.0070000000,3.0090000000,2.9540000000,2.9620000000,38559.8102800000,114691.3662867320,114691.3662867320,1,DORA-USDT
2022-09-15 19:00:00,1663239600000,2.9620000000,2.9950000000,2.9520000000,2.9860000000,26102.5124040000,77434.8071450540,77434.8071450540,1,DORA-USDT
2022-09-15 20:00:00,1663243200000,2.9860000000,3.0490000000,2.9850000000,3.0220000000,71118.6684380000,214519.8476678180,214519.8476678180,1,DORA-USDT
2022-09-15 21:00:00,1663246800000,3.0230000000,3.0840000000,2.9960000000,3.0830000000,50389.3111900000,152950.5841700490,152950.5841700490,1,DORA-USDT
2022-09-15 22:00:00,1663250400000,3.0820000000,3.0930000000,2.9530000000,2.9600000000,99909.8731120000,301827.4677985740,301827.4677985740,1,DORA-USDT
2022-09-15 23:00:00,1663254000000,2.9600000000,2.9640000000,2.8230000000,2.8710000000,116559.2973820000,336315.3791262160,336315.3791262160,1,DORA-USDT
2022-09-16 00:00:00,1663257600000,2.8760000000,2.9490000000,2.7940000000,2.8010000000,106537.1811180000,303655.2762599570,303655.2762599570,1,DORA-USDT
2022-09-16 01:00:00,1663261200000,2.8020000000,2.8450000000,2.7660000000,2.7880000000,72035.9936480000,201710.4065149100,201710.4065149100,1,DORA-USDT
2022-09-16 02:00:00,1663264800000,2.7920000000,2.8010000000,2.7710000000,2.7730000000,22285.6532870000,62053.8039894790,62053.8039894790,1,DORA-USDT
2022-09-16 03:00:00,1663268400000,2.7740000000,2.7780000000,2.7480000000,2.7570000000,26088.3953390000,72126.0422158620,72126.0422158620,1,DORA-USDT
2022-09-16 04:00:00,1663272000000,2.7560000000,2.7790000000,2.7500000000,2.7740000000,30939.0018090000,85516.0803425430,85516.0803425430,1,DORA-USDT
2022-09-16 05:00:00,1663275600000,2.7660000000,2.7690000000,2.7450000000,2.7580000000,20819.3295420000,57448.0204318740,57448.0204318740,1,DORA-USDT
2022-09-16 06:00:00,1663279200000,2.7630000000,2.7630000000,2.7150000000,2.7320000000,30031.5357740000,82240.5805426970,82240.5805426970,1,DORA-USDT
2022-09-16 07:00:00,1663282800000,2.7330000000,2.7390000000,2.7200000000,2.7270000000,18921.9949180000,51625.3699091140,51625.3699091140,1,DORA-USDT
2022-09-16 08:00:00,1663286400000,2.7300000000,2.7300000000,2.6850000000,2.7290000000,55344.3754920000,149932.1693705950,149932.1693705950,1,DORA-USDT
2022-09-16 09:00:00,1663290000000,2.7300000000,2.7330000000,2.7040000000,2.7130000000,30645.0594190000,83220.4931229740,83220.4931229740,1,DORA-USDT
2022-09-16 10:00:00,1663293600000,2.7130000000,2.7220000000,2.7010000000,2.7200000000,22172.1425380000,60118.1190009270,60118.1190009270,1,DORA-USDT
2022-09-16 11:00:00,1663297200000,2.7200000000,2.7330000000,2.7060000000,2.7270000000,17772.8017280000,48336.7320965300,48336.7320965300,1,DORA-USDT
2022-09-16 12:00:00,1663300800000,2.7260000000,2.7380000000,2.7220000000,2.7250000000,12080.1805570000,33010.1593241560,33010.1593241560,1,DORA-USDT
2022-09-16 13:00:00,1663304400000,2.7250000000,2.7580000000,2.7110000000,2.7180000000,31784.4321650000,86978.2490170230,86978.2490170230,1,DORA-USDT
2022-09-16 14:00:00,1663308000000,2.7180000000,2.7350000000,2.6480000000,2.6700000000,52147.8639610000,140619.8473348640,140619.8473348640,1,DORA-USDT
2022-09-16 15:00:00,1663311600000,2.6710000000,2.6870000000,2.6560000000,2.6640000000,28238.7051160000,75546.6430564520,75546.6430564520,1,DORA-USDT
2022-09-16 16:00:00,1663315200000,2.6640000000,2.6730000000,2.6140000000,2.6270000000,48897.0747650000,129389.5929133420,129389.5929133420,1,DORA-USDT
2022-09-16 17:00:00,1663318800000,2.6270000000,2.7060000000,2.6250000000,2.7020000000,37769.4087120000,100803.4812472250,100803.4812472250,1,DORA-USDT
2022-09-16 18:00:00,1663322400000,2.7020000000,2.7760000000,2.6950000000,2.7330000000,61144.7428150000,167699.9008865520,167699.9008865520,1,DORA-USDT
2022-09-16 19:00:00,1663326000000,2.7340000000,2.7500000000,2.7020000000,2.7490000000,35499.1477940000,96630.1056199470,96630.1056199470,1,DORA-USDT
2022-09-16 20:00:00,1663329600000,2.7480000000,2.7570000000,2.7270000000,2.7290000000,24384.7538230000,66799.0781440150,66799.0781440150,1,DORA-USDT
2022-09-16 21:00:00,1663333200000,2.7300000000,2.7700000000,2.7290000000,2.7440000000,54810.8931400000,150812.5032066570,150812.5032066570,1,DORA-USDT
2022-09-16 22:00:00,1663336800000,2.7450000000,2.7610000000,2.7250000000,2.7310000000,38078.5879070000,104490.2623282480,104490.2623282480,1,DORA-USDT
2022-09-16 23:00:00,1663340400000,2.7330000000,2.7520000000,2.7110000000,2.7220000000,29001.7949970000,79259.1533785390,79259.1533785390,1,DORA-USDT
2022-09-17 00:00:00,1663344000000,2.7220000000,2.7230000000,2.6610000000,2.6780000000,42959.4974890000,115352.8703348910,115352.8703348910,1,DORA-USDT
2022-09-17 01:00:00,1663347600000,2.6780000000,2.6960000000,2.6310000000,2.6860000000,61550.1327010000,164385.1991465550,164385.1991465550,1,DORA-USDT
2022-09-17 02:00:00,1663351200000,2.6850000000,2.6920000000,2.6620000000,2.6790000000,32515.1419380000,87073.8972614410,87073.8972614410,1,DORA-USDT
2022-09-17 03:00:00,1663354800000,2.6790000000,2.6950000000,2.6750000000,2.6910000000,22519.9089270000,60509.7778602360,60509.7778602360,1,DORA-USDT
2022-09-17 04:00:00,1663358400000,2.6890000000,2.6950000000,2.6860000000,2.6930000000,9306.2149120000,25051.9828486810,25051.9828486810,1,DORA-USDT
2022-09-17 05:00:00,1663362000000,2.6930000000,2.7000000000,2.6900000000,2.6940000000,4143.4149750000,11169.5463903900,11169.5463903900,1,DORA-USDT
2022-09-17 06:00:00,1663365600000,2.6960000000,2.7150000000,2.6900000000,2.7100000000,15662.9909830000,42353.5158087790,42353.5158087790,1,DORA-USDT
2022-09-17 07:00:00,1663369200000,2.7110000000,2.7170000000,2.6980000000,2.7040000000,15179.4788500000,41107.3009533810,41107.3009533810,1,DORA-USDT
2022-09-17 08:00:00,1663372800000,2.7040000000,2.7350000000,2.7020000000,2.7250000000,21277.3514550000,57961.1505447240,57961.1505447240,1,DORA-USDT
2022-09-17 09:00:00,1663376400000,2.7240000000,2.7330000000,2.7130000000,2.7200000000,14028.6171800000,38178.8076202440,38178.8076202440,1,DORA-USDT
2022-09-17 10:00:00,1663380000000,2.7200000000,2.7300000000,2.7180000000,2.7200000000,10034.4907810000,27328.2496484230,27328.2496484230,1,DORA-USDT
2022-09-17 11:00:00,1663383600000,2.7190000000,2.7240000000,2.7170000000,2.7180000000,7572.6731280000,20594.8597432350,20594.8597432350,1,DORA-USDT
2022-09-17 12:00:00,1663387200000,2.7180000000,2.7350000000,2.7180000000,2.7210000000,14174.0146870000,38611.5610666470,38611.5610666470,1,DORA-USDT
2022-09-17 13:00:00,1663390800000,2.7220000000,2.7220000000,2.7120000000,2.7200000000,11981.7253350000,32573.0338178680,32573.0338178680,1,DORA-USDT
2022-09-17 14:00:00,1663394400000,2.7190000000,2.7350000000,2.7160000000,2.7330000000,17327.4029670000,47259.8413159740,47259.8413159740,1,DORA-USDT
2022-09-17 15:00:00,1663398000000,2.7320000000,2.7330000000,2.7240000000,2.7310000000,12464.6008350000,34020.4376218300,34020.4376218300,1,DORA-USDT
2022-09-17 16:00:00,1663401600000,2.7300000000,2.7330000000,2.7240000000,2.7260000000,10797.6092060000,29466.1586341960,29466.1586341960,1,DORA-USDT
2022-09-17 17:00:00,1663405200000,2.7250000000,2.7280000000,2.7150000000,2.7230000000,12769.0816310000,34774.7854557870,34774.7854557870,1,DORA-USDT
2022-09-17 18:00:00,1663408800000,2.7220000000,2.7250000000,2.7000000000,2.7100000000,19950.8100260000,54107.1664126190,54107.1664126190,1,DORA-USDT
2022-09-17 19:00:00,1663412400000,2.7100000000,2.7150000000,2.7050000000,2.7140000000,7819.9906780000,21200.8664380890,21200.8664380890,1,DORA-USDT
2022-09-17 20:00:00,1663416000000,2.7130000000,2.7150000000,2.7040000000,2.7120000000,12579.8866620000,34072.3793586090,34072.3793586090,1,DORA-USDT
2022-09-17 21:00:00,1663419600000,2.7120000000,2.7140000000,2.7010000000,2.7080000000,13028.9660820000,35286.3406595210,35286.3406595210,1,DORA-USDT
2022-09-17 22:00:00,1663423200000,2.7080000000,2.7350000000,2.7080000000,2.7300000000,18098.7817510000,49321.9274993850,49321.9274993850,1,DORA-USDT
2022-09-17 23:00:00,1663426800000,2.7300000000,2.7500000000,2.7270000000,2.7470000000,16537.5897650000,45285.9899668160,45285.9899668160,1,DORA-USDT
2022-09-18 00:00:00,1663430400000,2.7460000000,2.7580000000,2.7420000000,2.7550000000,18761.5758620000,51595.3326305110,51595.3326305110,1,DORA-USDT
2022-09-18 01:00:00,1663434000000,2.7560000000,2.7700000000,2.7540000000,2.7630000000,16233.7870270000,44813.4626250880,44813.4626250880,1,DORA-USDT
2022-09-18 02:00:00,1663437600000,2.7610000000,2.7870000000,2.7600000000,2.7800000000,19768.8129180000,54860.1635863900,54860.1635863900,1,DORA-USDT
2022-09-18 03:00:00,1663441200000,2.7790000000,2.7850000000,2.7690000000,2.7760000000,17784.7543550000,49387.7335213230,49387.7335213230,1,DORA-USDT
2022-09-18 04:00:00,1663444800000,2.7780000000,2.8160000000,2.7750000000,2.8140000000,28120.9622410000,78722.7227050450,78722.7227050450,1,DORA-USDT
2022-09-18 05:00:00,1663448400000,2.8110000000,2.8370000000,2.7960000000,2.7980000000,33542.6340730000,94337.4977558540,94337.4977558540,1,DORA-USDT
2022-09-18 06:00:00,1663452000000,2.7980000000,2.8080000000,2.7890000000,2.7900000000,18527.2075360000,51839.1539301920,51839.1539301920,1,DORA-USDT
2022-09-18 07:00:00,1663455600000,2.7920000000,2.7930000000,2.7720000000,2.7810000000,18527.1637510000,51538.0728463370,51538.0728463370,1,DORA-USDT
2022-09-18 08:00:00,1663459200000,2.7810000000,2.7820000000,2.7290000000,2.7310000000,30909.6979590000,84932.0415109660,84932.0415109660,1,DORA-USDT
2022-09-18 09:00:00,1663462800000,2.7310000000,2.7390000000,2.7280000000,2.7290000000,13384.9662210000,36578.7352006750,36578.7352006750,1,DORA-USDT
2022-09-18 10:00:00,1663466400000,2.7290000000,2.7340000000,2.7270000000,2.7290000000,8573.0989220000,23402.9612790330,23402.9612790330,1,DORA-USDT
2022-09-18 11:00:00,1663470000000,2.7280000000,2.7290000000,2.7070000000,2.7100000000,12671.7479600000,34425.0613906480,34425.0613906480,1,DORA-USDT
2022-09-18 12:00:00,1663473600000,2.7120000000,2.7150000000,2.7080000000,2.7120000000,8637.6767410000,23415.2859355020,23415.2859355020,1,DORA-USDT
2022-09-18 13:00:00,1663477200000,2.7120000000,2.7260000000,2.7120000000,2.7210000000,8918.0638550000,24257.2177561610,24257.2177561610,1,DORA-USDT
2022-09-18 14:00:00,1663480800000,2.7200000000,2.7200000000,2.7050000000,2.7070000000,10373.3784950000,28124.1516365820,28124.1516365820,1,DORA-USDT
2022-09-18 15:00:00,1663484400000,2.7060000000,2.7260000000,2.7060000000,2.7240000000,16385.2986080000,44502.3699820540,44502.3699820540,1,DORA-USDT
2022-09-18 16:00:00,1663488000000,2.7240000000,2.7300000000,2.7200000000,2.7240000000,8127.0057700000,22141.9489330810,22141.9489330810,1,DORA-USDT
2022-09-18 17:00:00,1663491600000,2.7240000000,2.7280000000,2.6610000000,2.6690000000,37886.7293210000,101761.2496799080,101761.2496799080,1,DORA-USDT
2022-09-18 18:00:00,1663495200000,2.6670000000,2.6760000000,2.6430000000,2.6660000000,21279.2315640000,56732.5384571150,56732.5384571150,1,DORA-USDT
2022-09-18 19:00:00,1663498800000,2.6690000000,2.7340000000,2.6620000000,2.7240000000,27724.9513640000,74583.1769866280,74583.1769866280,1,DORA-USDT
2022-09-18 20:00:00,1663502400000,2.7240000000,2.7260000000,2.6970000000,2.7190000000,35468.4702730000,96266.7342306220,96266.7342306220,1,DORA-USDT
2022-09-18 21:00:00,1663506000000,2.7200000000,2.7230000000,2.7070000000,2.7160000000,17311.0087980000,47024.9104429620,47024.9104429620,1,DORA-USDT
2022-09-18 22:00:00,1663509600000,2.7150000000,2.7500000000,2.7050000000,2.7500000000,30101.1124680000,82030.0368363790,82030.0368363790,1,DORA-USDT
2022-09-18 23:00:00,1663513200000,2.7470000000,2.9600000000,2.7420000000,2.9340000000,84286.7712820000,241012.7938547580,241012.7938547580,1,DORA-USDT
2022-09-19 00:00:00,1663516800000,2.9340000000,3.3850000000,2.9330000000,3.1410000000,302759.2777810000,970783.1317611070,970783.1317611070,1,DORA-USDT
2022-09-19 01:00:00,1663520400000,3.1430000000,3.1460000000,3.0140000000,3.0970000000,156739.6172290000,481489.2573567820,481489.2573567820,1,DORA-USDT
2022-09-19 02:00:00,1663524000000,3.0970000000,3.2320000000,2.9570000000,3.0350000000,158780.0128820000,493013.6940828380,493013.6940828380,1,DORA-USDT
2022-09-19 03:00:00,1663527600000,3.0270000000,3.0630000000,2.9620000000,2.9830000000,84390.4323640000,254732.4895002600,254732.4895002600,1,DORA-USDT
2022-09-19 04:00:00,1663531200000,2.9890000000,3.0920000000,2.9670000000,3.0760000000,96551.2058540000,291686.4346505790,291686.4346505790,1,DORA-USDT
2022-09-19 05:00:00,1663534800000,3.0760000000,3.0770000000,2.8950000000,2.9080000000,115931.6459060000,341710.5150028920,341710.5150028920,1,DORA-USDT
2022-09-19 06:00:00,1663538400000,2.9050000000,2.9600000000,2.8920000000,2.9570000000,59496.7924140000,174040.8535380660,174040.8535380660,1,DORA-USDT
2022-09-19 07:00:00,1663542000000,2.9550000000,3.0270000000,2.9500000000,3.0270000000,68205.8039160000,203558.4716077690,203558.4716077690,1,DORA-USDT
2022-09-19 08:00:00,1663545600000,3.0300000000,3.0440000000,2.9270000000,3.0280000000,103722.7862490000,309066.5083083360,309066.5083083360,1,DORA-USDT
2022-09-19 09:00:00,1663549200000,3.0270000000,3.0780000000,2.9460000000,2.9540000000,74148.2117150000,222867.3818005280,222867.3818005280,1,DORA-USDT
2022-09-19 10:00:00,1663552800000,2.9550000000,2.9920000000,2.7750000000,2.8050000000,137525.3789760000,396540.5423435110,396540.5423435110,1,DORA-USDT
2022-09-19 11:00:00,1663556400000,2.8040000000,2.8500000000,2.7820000000,2.8170000000,76701.4296170000,215791.3696147520,215791.3696147520,1,DORA-USDT
2022-09-19 12:00:00,1663560000000,2.8240000000,2.8950000000,2.8180000000,2.8760000000,73567.3649450000,210401.9810488240,210401.9810488240,1,DORA-USDT
2022-09-19 13:00:00,1663563600000,2.8780000000,2.8790000000,2.8290000000,2.8690000000,65046.1636380000,185920.3856790390,185920.3856790390,1,DORA-USDT
2022-09-19 14:00:00,1663567200000,2.8660000000,2.8980000000,2.8000000000,2.8880000000,101563.9234990000,289374.7009959800,289374.7009959800,1,DORA-USDT
2022-09-19 15:00:00,1663570800000,2.8890000000,2.8890000000,2.8230000000,2.8340000000,69488.6028370000,198628.3411832600,198628.3411832600,1,DORA-USDT
2022-09-19 16:00:00,1663574400000,2.8340000000,2.8810000000,2.8310000000,2.8340000000,44806.8175440000,128190.4948430170,128190.4948430170,1,DORA-USDT
2022-09-19 17:00:00,1663578000000,2.8340000000,2.8450000000,2.7780000000,2.8230000000,64328.7260010000,180696.6047862760,180696.6047862760,1,DORA-USDT
2022-09-19 18:00:00,1663581600000,2.8250000000,2.9050000000,2.8200000000,2.8910000000,44763.9653560000,127948.3198883020,127948.3198883020,1,DORA-USDT
2022-09-19 19:00:00,1663585200000,2.8890000000,2.9090000000,2.8040000000,2.8160000000,61280.3447930000,174660.0527540130,174660.0527540130,1,DORA-USDT
2022-09-19 20:00:00,1663588800000,2.8160000000,2.8300000000,2.7900000000,2.7980000000,43420.7474790000,122069.3071207470,122069.3071207470,1,DORA-USDT
2022-09-19 21:00:00,1663592400000,2.7950000000,2.8670000000,2.7430000000,2.8650000000,83012.2978330000,232671.6243545250,232671.6243545250,1,DORA-USDT
2022-09-19 22:00:00,1663596000000,2.8640000000,2.8990000000,2.8550000000,2.8710000000,38441.8602520000,110604.5038036140,110604.5038036140,1,DORA-USDT
2022-09-19 23:00:00,1663599600000,2.8720000000,2.9050000000,2.8550000000,2.8870000000,55123.2044760000,158879.5597793740,158879.5597793740,1,DORA-USDT
2022-09-20 00:00:00,1663603200000,2.8860000000,2.8880000000,2.8160000000,2.8310000000,51301.2116910000,145802.2165769990,145802.2165769990,1,DORA-USDT
2022-09-20 01:00:00,1663606800000,2.8270000000,2.8330000000,2.7730000000,2.7890000000,38421.9649950000,107737.6816696690,107737.6816696690,1,DORA-USDT
2022-09-20 02:00:00,1663610400000,2.7890000000,2.8260000000,2.7830000000,2.8190000000,27269.4837100000,76602.6187911460,76602.6187911460,1,DORA-USDT
2022-09-20 03:00:00,1663614000000,2.8190000000,2.8710000000,2.8120000000,2.8500000000,51085.1190030000,145165.1217692890,145165.1217692890,1,DORA-USDT
2022-09-20 04:00:00,1663617600000,2.8490000000,2.9670000000,2.8420000000,2.9280000000,60128.1074740000,174788.3964828760,174788.3964828760,1,DORA-USDT
2022-09-20 05:00:00,1663621200000,2.9240000000,2.9580000000,2.9210000000,2.9340000000,34247.7791440000,100692.9277375410,100692.9277375410,1,DORA-USDT
2022-09-20 06:00:00,1663624800000,2.9340000000,2.9650000000,2.9130000000,2.9480000000,33992.6291930000,99790.6307074470,99790.6307074470,1,DORA-USDT
2022-09-20 07:00:00,1663628400000,2.9430000000,2.9490000000,2.8220000000,2.8430000000,56666.5104850000,162879.8994954910,162879.8994954910,1,DORA-USDT
2022-09-20 08:00:00,1663632000000,2.8430000000,2.8820000000,2.8280000000,2.8630000000,40865.4690110000,116576.3868127820,116576.3868127820,1,DORA-USDT
2022-09-20 09:00:00,1663635600000,2.8610000000,2.8650000000,2.8330000000,2.8360000000,30968.8910440000,88160.3583584610,88160.3583584610,1,DORA-USDT
2022-09-20 10:00:00,1663639200000,2.8350000000,2.8530000000,2.8330000000,2.8430000000,14650.9467390000,41657.3109760160,41657.3109760160,1,DORA-USDT
2022-09-20 11:00:00,1663642800000,2.8340000000,2.8400000000,2.8010000000,2.8210000000,5310.4745240000,15033.4587868750,15033.4587868750,1,DORA-USDT
2022-09-20 12:00:00,1663646400000,2.8220000000,2.8580000000,2.8220000000,2.8570000000,16110.1100370000,45840.3500653030,45840.3500653030,1,DORA-USDT
2022-09-20 13:00:00,1663650000000,2.8580000000,2.9460000000,2.8460000000,2.9090000000,35024.3156140000,100845.1378096380,100845.1378096380,1,DORA-USDT
2022-09-20 14:00:00,1663653600000,2.9130000000,3.0100000000,2.8960000000,2.9400000000,98521.9872020000,290493.8181669680,290493.8181669680,1,DORA-USDT
2022-09-20 15:00:00,1663657200000,2.9390000000,3.0320000000,2.8720000000,2.8960000000,88342.0343590000,260259.4429605620,260259.4429605620,1,DORA-USDT
2022-09-20 16:00:00,1663660800000,2.8980000000,2.9060000000,2.8330000000,2.8730000000,59452.6349260000,170497.6724487800,170497.6724487800,1,DORA-USDT
2022-09-20 17:00:00,1663664400000,2.8710000000,2.8820000000,2.8370000000,2.8420000000,36425.6342500000,104163.8012136480,104163.8012136480,1,DORA-USDT
2022-09-20 18:00:00,1663668000000,2.8410000000,2.8680000000,2.8240000000,2.8530000000,38836.5485140000,110456.3511230910,110456.3511230910,1,DORA-USDT
2022-09-20 19:00:00,1663671600000,2.8530000000,2.9030000000,2.8330000000,2.8710000000,35596.9514320000,101747.2902314880,101747.2902314880,1,DORA-USDT
2022-09-20 20:00:00,1663675200000,2.8750000000,2.8950000000,2.8430000000,2.8920000000,41684.0125330000,119714.2890474710,119714.2890474710,1,DORA-USDT
2022-09-20 21:00:00,1663678800000,2.8880000000,2.8950000000,2.7880000000,2.8170000000,74334.7491910000,209868.0131844310,209868.0131844310,1,DORA-USDT
2022-09-20 22:00:00,1663682400000,2.8150000000,2.9380000000,2.8150000000,2.9150000000,95889.6324440000,278131.6018167760,278131.6018167760,1,DORA-USDT
2022-09-20 23:00:00,1663686000000,2.9190000000,2.9710000000,2.8910000000,2.9280000000,61899.2354150000,180752.3563934280,180752.3563934280,1,DORA-USDT
2022-09-21 00:00:00,1663689600000,2.9280000000,2.9280000000,2.8400000000,2.8460000000,65272.2865870000,187464.6075776280,187464.6075776280,1,DORA-USDT
2022-09-21 01:00:00,1663693200000,2.8470000000,2.8800000000,2.8320000000,2.8660000000,36440.3335870000,103915.5473203120,103915.5473203120,1,DORA-USDT
2022-09-21 02:00:00,1663696800000,2.8640000000,2.8690000000,2.7540000000,2.7720000000,59500.4813370000,165763.0766979010,165763.0766979010,1,DORA-USDT
2022-09-21 03:00:00,1663700400000,2.7710000000,2.7970000000,2.7550000000,2.7910000000,46309.3358270000,128448.7211192170,128448.7211192170,1,DORA-USDT
2022-09-21 04:00:00,1663704000000,2.7900000000,2.8030000000,2.7790000000,2.7880000000,28583.4197790000,79764.7444061140,79764.7444061140,1,DORA-USDT
2022-09-21 05:00:00,1663707600000,2.7870000000,2.8210000000,2.7450000000,2.7610000000,44650.3980650000,124630.6850139970,124630.6850139970,1,DORA-USDT
2022-09-21 06:00:00,1663711200000,2.7610000000,2.7650000000,2.7140000000,2.7340000000,38907.6123030000,106140.3297496440,106140.3297496440,1,DORA-USDT
2022-09-21 07:00:00,1663714800000,2.7320000000,2.7340000000,2.6870000000,2.7310000000,42675.4736270000,115702.0259127970,115702.0259127970,1,DORA-USDT
2022-09-21 08:00:00,1663718400000,2.7310000000,2.7850000000,2.7250000000,2.7850000000,48613.3614230000,134163.0027021160,134163.0027021160,1,DORA-USDT
2022-09-21 09:00:00,1663722000000,2.7870000000,2.8520000000,2.7570000000,2.7680000000,63769.3727600000,177894.4583621160,177894.4583621160,1,DORA-USDT
2022-09-21 10:00:00,1663725600000,2.7690000000,2.8050000000,2.7670000000,2.7960000000,32570.3746510000,90725.3015211440,90725.3015211440,1,DORA-USDT
2022-09-21 11:00:00,1663729200000,2.7980000000,2.8650000000,2.7310000000,2.8620000000,86741.0590290000,242717.5882641900,242717.5882641900,1,DORA-USDT
2022-09-21 12:00:00,1663732800000,2.8570000000,2.8870000000,2.8140000000,2.8250000000,63937.7565740000,182253.7278020070,182253.7278020070,1,DORA-USDT
2022-09-21 13:00:00,1663736400000,2.8250000000,2.8270000000,2.7800000000,2.7820000000,24110.8638760000,67638.0308542210,67638.0308542210,1,DORA-USDT
2022-09-21 14:00:00,1663740000000,2.7810000000,2.7910000000,2.7280000000,2.7520000000,50252.8696720000,138680.4332683260,138680.4332683260,1,DORA-USDT
2022-09-21 15:00:00,1663743600000,2.7480000000,2.8010000000,2.7470000000,2.8000000000,28498.0868920000,79292.3034564250,79292.3034564250,1,DORA-USDT
2022-09-21 16:00:00,1663747200000,2.7930000000,2.7970000000,2.7530000000,2.7590000000,35389.1654790000,98019.4203826060,98019.4203826060,1,DORA-USDT
2022-09-21 17:00:00,1663750800000,2.7610000000,2.7990000000,2.7530000000,2.7800000000,44486.8632770000,123368.9380564610,123368.9380564610,1,DORA-USDT
2022-09-21 18:00:00,1663754400000,2.7770000000,2.8020000000,2.7730000000,2.7890000000,21734.0037070000,60607.2885335290,60607.2885335290,1,DORA-USDT
2022-09-21 19:00:00,1663758000000,2.7890000000,2.7890000000,2.7720000000,2.7770000000,14273.0912220000,39677.0493258420,39677.0493258420,1,DORA-USDT
2022-09-21 20:00:00,1663761600000,2.7770000000,2.8300000000,2.7650000000,2.8250000000,38642.6437790000,108132.7708378940,108132.7708378940,1,DORA-USDT
2022-09-21 21:00:00,1663765200000,2.8280000000,2.8990000000,2.8230000000,2.8600000000,50037.1482290000,143348.9516524870,143348.9516524870,1,DORA-USDT
2022-09-21 22:00:00,1663768800000,2.8600000000,2.8700000000,2.8200000000,2.8250000000,30966.8708500000,87948.3313370020,87948.3313370020,1,DORA-USDT
2022-09-21 23:00:00,1663772400000,2.8210000000,2.8290000000,2.7610000000,2.7640000000,56097.6488180000,156310.3326521060,156310.3326521060,1,DORA-USDT
2022-09-22 00:00:00,1663776000000,2.7640000000,2.7760000000,2.7440000000,2.7470000000,26989.0142900000,74419.4935646420,74419.4935646420,1,DORA-USDT
2022-09-22 01:00:00,1663779600000,2.7450000000,2.7900000000,2.7170000000,2.7420000000,43089.8814130000,118881.5823266850,118881.5823266850,1,DORA-USDT
2022-09-22 02:00:00,1663783200000,2.7490000000,2.7560000000,2.5180000000,2.6830000000,125763.9028290000,332435.0712752670,332435.0712752670,1,DORA-USDT
2022-09-22 03:00:00,1663786800000,2.6900000000,2.7000000000,2.6600000000,2.6910000000,64440.9674330000,172587.9465310520,172587.9465310520,1,DORA-USDT
2022-09-22 04:00:00,1663790400000,2.6910000000,2.6970000000,2.6580000000,2.6930000000,36822.6075860000,98601.4975401050,98601.4975401050,1,DORA-USDT
2022-09-22 05:00:00,1663794000000,2.6930000000,2.6950000000,2.6020000000,2.6100000000,65015.0457380000,171506.2745815500,171506.2745815500,1,DORA-USDT
2022-09-22 06:00:00,1663797600000,2.6170000000,2.6290000000,2.6000000000,2.6260000000,43352.2770080000,113347.0264149480,113347.0264149480,1,DORA-USDT
2022-09-22 07:00:00,1663801200000,2.6260000000,2.6470000000,2.6130000000,2.6270000000,29464.8224380000,77426.9782093300,77426.9782093300,1,DORA-USDT
2022-09-22 08:00:00,1663804800000,2.6290000000,2.6330000000,2.6130000000,2.6200000000,29494.3241820000,77373.4908876150,77373.4908876150,1,DORA-USDT
2022-09-22 09:00:00,1663808400000,2.6170000000,2.6340000000,2.6140000000,2.6340000000,18536.9672800000,48667.9446935070,48667.9446935070,1,DORA-USDT
2022-09-22 10:00:00,1663812000000,2.6380000000,2.6930000000,2.6330000000,2.6710000000,33115.4492790000,88497.3712282530,88497.3712282530,1,DORA-USDT
2022-09-22 11:00:00,1663815600000,2.6740000000,2.7160000000,2.6700000000,2.6890000000,42744.1696510000,115234.3020914470,115234.3020914470,1,DORA-USDT
2022-09-22 12:00:00,1663819200000,2.6910000000,2.7090000000,2.6690000000,2.6740000000,30322.0132840000,81318.4751968210,81318.4751968210,1,DORA-USDT
2022-09-22 13:00:00,1663822800000,2.6730000000,2.6930000000,2.6710000000,2.6850000000,19312.9199910000,51830.0510500690,51830.0510500690,1,DORA-USDT
2022-09-22 14:00:00,1663826400000,2.6870000000,2.6940000000,2.6710000000,2.6740000000,29069.4338810000,77931.2254027890,77931.2254027890,1,DORA-USDT
2022-09-22 15:00:00,1663830000000,2.6780000000,2.7070000000,2.6750000000,2.7020000000,20544.6353190000,55307.3665997900,55307.3665997900,1,DORA-USDT
2022-09-22 16:00:00,1663833600000,2.7030000000,2.7460000000,2.7020000000,2.7290000000,41541.9693510000,113162.4284010400,113162.4284010400,1,DORA-USDT
2022-09-22 17:00:00,1663837200000,2.7260000000,2.7440000000,2.7240000000,2.7300000000,20715.1592590000,56620.2698605530,56620.2698605530,1,DORA-USDT
2022-09-22 18:00:00,1663840800000,2.7280000000,2.7440000000,2.7050000000,2.7230000000,30863.2869310000,84092.3755200080,84092.3755200080,1,DORA-USDT
2022-09-22 19:00:00,1663844400000,2.7260000000,2.7280000000,2.6810000000,2.7120000000,42392.1133170000,114568.5081647930,114568.5081647930,1,DORA-USDT
2022-09-22 20:00:00,1663848000000,2.7130000000,2.7460000000,2.7030000000,2.7300000000,39719.3755670000,108162.3924653380,108162.3924653380,1,DORA-USDT
2022-09-22 21:00:00,1663851600000,2.7300000000,2.7380000000,2.6520000000,2.6590000000,48276.8235760000,130131.6155619980,130131.6155619980,1,DORA-USDT
2022-09-22 22:00:00,1663855200000,2.6570000000,2.6810000000,2.6280000000,2.6350000000,51949.7090420000,138158.0436795920,138158.0436795920,1,DORA-USDT
2022-09-22 23:00:00,1663858800000,2.6350000000,2.7300000000,2.6170000000,2.7190000000,69525.0698530000,186032.8383501050,186032.8383501050,1,DORA-USDT
2022-09-23 00:00:00,1663862400000,2.7150000000,2.7180000000,2.6620000000,2.6740000000,61007.5432710000,163991.8351807290,163991.8351807290,1,DORA-USDT
2022-09-23 01:00:00,1663866000000,2.6760000000,2.6900000000,2.6430000000,2.6870000000,43742.4823100000,116602.3696988690,116602.3696988690,1,DORA-USDT
2022-09-23 02:00:00,1663869600000,2.6910000000,2.7300000000,2.6800000000,2.7190000000,50183.9368340000,135738.8304304700,135738.8304304700,1,DORA-USDT
2022-09-23 03:00:00,1663873200000,2.7160000000,2.7300000000,2.7010000000,2.7230000000,31595.2539050000,85858.7784827590,85858.7784827590,1,DORA-USDT
2022-09-23 04:00:00,1663876800000,2.7210000000,2.7790000000,2.7190000000,2.7410000000,56776.8840080000,155874.9924587840,155874.9924587840,1,DORA-USDT
2022-09-23 05:00:00,1663880400000,2.7420000000,2.7440000000,2.7060000000,2.7130000000,40341.0688720000,109739.4815488790,109739.4815488790,1,DORA-USDT
2022-09-23 06:00:00,1663884000000,2.7150000000,2.7380000000,2.7100000000,2.7320000000,25711.3522050000,70083.9244323030,70083.9244323030,1,DORA-USDT
2022-09-23 07:00:00,1663887600000,2.7320000000,2.7510000000,2.7240000000,2.7270000000,25309.9669480000,69274.8305695690,69274.8305695690,1,DORA-USDT
2022-09-23 08:00:00,1663891200000,2.7250000000,2.7580000000,2.7230000000,2.7310000000,32763.3588930000,89836.1429372920,89836.1429372920,1,DORA-USDT
2022-09-23 09:00:00,1663894800000,2.7300000000,2.7480000000,2.6990000000,2.7250000000,49875.8340260000,135971.2684821090,135971.2684821090,1,DORA-USDT
2022-09-23 10:00:00,1663898400000,2.7270000000,2.7330000000,2.7020000000,2.7120000000,19347.2621450000,52536.6743758370,52536.6743758370,1,DORA-USDT
2022-09-23 11:00:00,1663902000000,2.7170000000,2.7740000000,2.7100000000,2.7720000000,39460.1577170000,108444.8947223830,108444.8947223830,1,DORA-USDT
2022-09-23 12:00:00,1663905600000,2.7740000000,2.7770000000,2.7460000000,2.7560000000,31189.8785460000,86067.5590876290,86067.5590876290,1,DORA-USDT
2022-09-23 13:00:00,1663909200000,2.7560000000,2.7680000000,2.7460000000,2.7590000000,21238.2592520000,58568.7961116010,58568.7961116010,1,DORA-USDT
2022-09-23 14:00:00,1663912800000,2.7590000000,2.7890000000,2.7550000000,2.7600000000,35472.6762700000,98441.3225939580,98441.3225939580,1,DORA-USDT
2022-09-23 15:00:00,1663916400000,2.7570000000,2.7600000000,2.7230000000,2.7350000000,33968.9207730000,93097.6162710560,93097.6162710560,1,DORA-USDT
2022-09-23 16:00:00,1663920000000,2.7350000000,2.7350000000,2.6510000000,2.6750000000,55801.8310720000,149696.8162998700,149696.8162998700,1,DORA-USDT
2022-09-23 17:00:00,1663923600000,2.6770000000,2.6950000000,2.6530000000,2.6860000000,38728.5993400000,103699.8464342020,103699.8464342020,1,DORA-USDT
2022-09-23 18:00:00,1663927200000,2.6850000000,2.7190000000,2.6720000000,2.6820000000,47229.0454220000,127268.5930929470,127268.5930929470,1,DORA-USDT
2022-09-23 19:00:00,1663930800000,2.6800000000,2.6920000000,2.6100000000,2.6250000000,41189.0757740000,109180.2282386110,109180.2282386110,1,DORA-USDT
2022-09-23 20:00:00,1663934400000,2.6250000000,2.6890000000,2.6200000000,2.6650000000,40273.3701190000,106989.7577489180,106989.7577489180,1,DORA-USDT
2022-09-23 21:00:00,1663938000000,2.6640000000,2.6880000000,2.6100000000,2.6100000000,46431.7002470000,123353.3199502280,123353.3199502280,1,DORA-USDT
2022-09-23 22:00:00,1663941600000,2.6100000000,2.6120000000,2.5480000000,2.5740000000,86819.5212570000,224168.9355727130,224168.9355727130,1,DORA-USDT
2022-09-23 23:00:00,1663945200000,2.5750000000,2.6070000000,2.5720000000,2.5970000000,33958.5357410000,87993.0766701090,87993.0766701090,1,DORA-USDT
2022-09-24 00:00:00,1663948800000,2.5970000000,2.6080000000,2.5650000000,2.5930000000,30066.8585100000,77759.7157827620,77759.7157827620,1,DORA-USDT
2022-09-24 01:00:00,1663952400000,2.5940000000,2.6000000000,2.5820000000,2.5970000000,22756.4305490000,58998.2717623760,58998.2717623760,1,DORA-USDT
2022-09-24 02:00:00,1663956000000,2.5940000000,2.6000000000,2.5660000000,2.5790000000,48455.0121050000,125276.3549968460,125276.3549968460,1,DORA-USDT
2022-09-24 03:00:00,1663959600000,2.5780000000,2.6400000000,2.5600000000,2.6180000000,46554.3459630000,120880.2828299950,120880.2828299950,1,DORA-USDT
2022-09-24 04:00:00,1663963200000,2.6150000000,2.6370000000,2.6080000000,2.6230000000,31621.9047870000,82903.7317497040,82903.7317497040,1,DORA-USDT
2022-09-24 05:00:00,1663966800000,2.6250000000,2.6420000000,2.6070000000,2.6300000000,38813.7590030000,101827.3227812790,101827.3227812790,1,DORA-USDT
2022-09-24 06:00:00,1663970400000,2.6320000000,2.6710000000,2.6280000000,2.6570000000,34856.1788250000,92348.4486579110,92348.4486579110,1,DORA-USDT
2022-09-24 07:00:00,1663974000000,2.6550000000,2.6640000000,2.6420000000,2.6470000000,33169.0758900000,88022.0085599890,88022.0085599890,1,DORA-USDT
2022-09-24 08:00:00,1663977600000,2.6460000000,2.6740000000,2.6000000000,2.6560000000,74630.0049990000,196697.7800669940,196697.7800669940,1,DORA-USDT
2022-09-24 09:00:00,1663981200000,2.6560000000,2.6860000000,2.6430000000,2.6640000000,50414.3185150000,134289.6039783150,134289.6039783150,1,DORA-USDT
2022-09-24 10:00:00,1663984800000,2.6650000000,2.6680000000,2.6340000000,2.6440000000,44750.2811530000,118592.4594124550,118592.4594124550,1,DORA-USDT
2022-09-24 11:00:00,1663988400000,2.6440000000,2.6790000000,2.6210000000,2.6720000000,50326.1928200000,133369.0981329840,133369.0981329840,1,DORA-USDT
2022-09-24 12:00:00,1663992000000,2.6760000000,2.7180000000,2.6440000000,2.7180000000,47096.1639390000,125844.8894593090,125844.8894593090,1,DORA-USDT
2022-09-24 13:00:00,1663995600000,2.7180000000,2.7380000000,2.6960000000,2.7060000000,49701.2100050000,135286.4229770230,135286.4229770230,1,DORA-USDT
2022-09-24 14:00:00,1663999200000,2.7070000000,2.7380000000,2.7050000000,2.7270000000,32588.7301580000,88761.5192258980,88761.5192258980,1,DORA-USDT
2022-09-24 15:00:00,1664002800000,2.7210000000,2.7450000000,2.7040000000,2.7260000000,31527.9676420000,85919.6089118130,85919.6089118130,1,DORA-USDT
2022-09-24 16:00:00,1664006400000,2.7270000000,2.7700000000,2.6960000000,2.7270000000,89227.5825330000,243241.9656121020,243241.9656121020,1,DORA-USDT
2022-09-24 17:00:00,1664010000000,2.7280000000,2.7800000000,2.7230000000,2.7440000000,34404.1433670000,94573.0174011760,94573.0174011760,1,DORA-USDT
2022-09-24 18:00:00,1664013600000,2.7440000000,2.7940000000,2.7260000000,2.7370000000,32655.5264490000,89620.2248813010,89620.2248813010,1,DORA-USDT
2022-09-24 19:00:00,1664017200000,2.7330000000,2.7470000000,2.7160000000,2.7270000000,30950.0849330000,84451.8376791550,84451.8376791550,1,DORA-USDT
2022-09-24 20:00:00,1664020800000,2.7260000000,2.7800000000,2.7260000000,2.7470000000,44241.2111190000,122103.4262550530,122103.4262550530,1,DORA-USDT
2022-09-24 21:00:00,1664024400000,2.7460000000,2.7890000000,2.7380000000,2.7710000000,30566.1424400000,84405.9700295340,84405.9700295340,1,DORA-USDT
2022-09-24 22:00:00,1664028000000,2.7770000000,2.7920000000,2.7130000000,2.7230000000,45590.5104920000,125346.1225461220,125346.1225461220,1,DORA-USDT
2022-09-24 23:00:00,1664031600000,2.7230000000,2.7790000000,2.7160000000,2.7670000000,60625.3826070000,166775.0425876460,166775.0425876460,1,DORA-USDT
2022-09-25 00:00:00,1664035200000,2.7700000000,2.7770000000,2.7430000000,2.7650000000,34799.3403630000,96071.2882207450,96071.2882207450,1,DORA-USDT
2022-09-25 01:00:00,1664038800000,2.7640000000,2.7960000000,2.7550000000,2.7620000000,36896.3312280000,102348.2672685670,102348.2672685670,1,DORA-USDT
2022-09-25 02:00:00,1664042400000,2.7590000000,2.8390000000,2.7590000000,2.8210000000,58901.2314750000,165578.1881753490,165578.1881753490,1,DORA-USDT
2022-09-25 03:00:00,1664046000000,2.8170000000,2.8240000000,2.7790000000,2.7850000000,46538.1118700000,130186.7913775710,130186.7913775710,1,DORA-USDT
2022-09-25 04:00:00,1664049600000,2.7850000000,2.8120000000,2.7770000000,2.7920000000,30830.2854200000,85999.2334651350,85999.2334651350,1,DORA-USDT
2022-09-25 05:00:00,1664053200000,2.7900000000,2.8020000000,2.7630000000,2.7730000000,32031.9494160000,89006.7911805370,89006.7911805370,1,DORA-USDT
2022-09-25 06:00:00,1664056800000,2.7730000000,2.7800000000,2.7350000000,2.7640000000,31532.0894130000,87031.2333976780,87031.2333976780,1,DORA-USDT
2022-09-25 07:00:00,1664060400000,2.7620000000,2.8400000000,2.7600000000,2.8380000000,58219.8872970000,163608.2045306630,163608.2045306630,1,DORA-USDT
2022-09-25 08:00:00,1664064000000,2.8370000000,2.8410000000,2.7940000000,2.8090000000,36075.5666500000,101674.6498894550,101674.6498894550,1,DORA-USDT
2022-09-25 09:00:00,1664067600000,2.8100000000,2.8120000000,2.7920000000,2.7940000000,18086.8273100000,50666.9023857980,50666.9023857980,1,DORA-USDT
2022-09-25 10:00:00,1664071200000,2.7940000000,2.8300000000,2.7890000000,2.8240000000,20151.7537430000,56660.8144355830,56660.8144355830,1,DORA-USDT
2022-09-25 11:00:00,1664074800000,2.8240000000,2.8430000000,2.8190000000,2.8340000000,26654.6341540000,75420.8911946820,75420.8911946820,1,DORA-USDT
2022-09-25 12:00:00,1664078400000,2.8330000000,2.8350000000,2.8120000000,2.8230000000,20476.0104320000,57789.4073904060,57789.4073904060,1,DORA-USDT
2022-09-25 13:00:00,1664082000000,2.8240000000,2.8250000000,2.7930000000,2.8040000000,22139.3688620000,62163.6648353430,62163.6648353430,1,DORA-USDT
2022-09-25 14:00:00,1664085600000,2.8050000000,2.8100000000,2.7950000000,2.8090000000,12716.6335430000,35688.7552476790,35688.7552476790,1,DORA-USDT
2022-09-25 15:00:00,1664089200000,2.8090000000,2.8180000000,2.8010000000,2.8050000000,16247.5180660000,45649.0855335430,45649.0855335430,1,DORA-USDT
2022-09-25 16:00:00,1664092800000,2.8040000000,2.8160000000,2.7530000000,2.7800000000,49152.0975830000,136558.7174796450,136558.7174796450,1,DORA-USDT
2022-09-25 17:00:00,1664096400000,2.7790000000,2.8120000000,2.7740000000,2.7760000000,33702.8923490000,94039.9045617470,94039.9045617470,1,DORA-USDT
2022-09-25 18:00:00,1664100000000,2.7760000000,2.7850000000,2.7750000000,2.7840000000,11818.2118520000,32870.4226542530,32870.4226542530,1,DORA-USDT
2022-09-25 19:00:00,1664103600000,2.7840000000,2.8120000000,2.7820000000,2.7970000000,33625.5367030000,94111.1733362620,94111.1733362620,1,DORA-USDT
2022-09-25 20:00:00,1664107200000,2.7970000000,2.8090000000,2.7840000000,2.7920000000,24436.9593820000,68363.9120338320,68363.9120338320,1,DORA-USDT
2022-09-25 21:00:00,1664110800000,2.7930000000,2.8200000000,2.7580000000,2.8070000000,52032.4455450000,144919.0403141480,144919.0403141480,1,DORA-USDT
2022-09-25 22:00:00,1664114400000,2.8070000000,2.8110000000,2.7390000000,2.7440000000,39829.5830910000,110423.5351115440,110423.5351115440,1,DORA-USDT
2022-09-25 23:00:00,1664118000000,2.7440000000,2.7980000000,2.7400000000,2.7980000000,39582.9436750000,109607.8562498460,109607.8562498460,1,DORA-USDT
2022-09-26 00:00:00,1664121600000,2.7990000000,2.9640000000,2.7910000000,2.9340000000,118100.9896180000,340748.3758621420,340748.3758621420,1,DORA-USDT
2022-09-26 01:00:00,1664125200000,2.9370000000,2.9630000000,2.8080000000,2.8740000000,106573.8956300000,307455.3901904840,307455.3901904840,1,DORA-USDT
2022-09-26 02:00:00,1664128800000,2.8720000000,2.9640000000,2.8580000000,2.8740000000,103139.4904870000,300139.3087029090,300139.3087029090,1,DORA-USDT
2022-09-26 03:00:00,1664132400000,2.8840000000,2.8980000000,2.8390000000,2.8500000000,50899.0528080000,145997.9208889720,145997.9208889720,1,DORA-USDT
2022-09-26 04:00:00,1664136000000,2.8490000000,2.8580000000,2.8300000000,2.8520000000,46106.7465410000,131163.9115828340,131163.9115828340,1,DORA-USDT
2022-09-26 05:00:00,1664139600000,2.8530000000,2.8730000000,2.8260000000,2.8380000000,35830.1107460000,102124.8775778510,102124.8775778510,1,DORA-USDT
2022-09-26 06:00:00,1664143200000,2.8370000000,2.8410000000,2.8130000000,2.8140000000,26756.1819210000,75633.0107716420,75633.0107716420,1,DORA-USDT
2022-09-26 07:00:00,1664146800000,2.8160000000,2.8360000000,2.7770000000,2.7920000000,38620.5042990000,108604.1403514000,108604.1403514000,1,DORA-USDT
2022-09-26 08:00:00,1664150400000,2.7910000000,2.8110000000,2.7760000000,2.7790000000,44413.0612090000,123973.9035397690,123973.9035397690,1,DORA-USDT
2022-09-26 09:00:00,1664154000000,2.7780000000,2.8130000000,2.7680000000,2.8070000000,35029.3151240000,97686.8762070010,97686.8762070010,1,DORA-USDT
2022-09-26 10:00:00,1664157600000,2.8050000000,2.8140000000,2.7720000000,2.7740000000,31433.2325700000,87892.4283490460,87892.4283490460,1,DORA-USDT
2022-09-26 11:00:00,1664161200000,2.7730000000,2.7760000000,2.7250000000,2.7400000000,30601.7120760000,84216.4352793200,84216.4352793200,1,DORA-USDT
2022-09-26 12:00:00,1664164800000,2.7400000000,2.8370000000,2.7300000000,2.7770000000,61610.4270590000,170996.4518128140,170996.4518128140,1,DORA-USDT
2022-09-26 13:00:00,1664168400000,2.7770000000,2.7900000000,2.7040000000,2.7040000000,61372.6201610000,167942.8038626050,167942.8038626050,1,DORA-USDT
2022-09-26 14:00:00,1664172000000,2.7050000000,2.7480000000,2.6950000000,2.7100000000,64345.1063460000,175058.6536309830,175058.6536309830,1,DORA-USDT
2022-09-26 15:00:00,1664175600000,2.7050000000,2.7910000000,2.7040000000,2.7810000000,53364.4682120000,147326.4801383500,147326.4801383500,1,DORA-USDT
2022-09-26 16:00:00,1664179200000,2.7840000000,2.7960000000,2.7090000000,2.7380000000,62222.9835850000,171446.8537016590,171446.8537016590,1,DORA-USDT
2022-09-26 17:00:00,1664182800000,2.7360000000,2.7880000000,2.7340000000,2.7440000000,52135.4901490000,144110.8818678860,144110.8818678860,1,DORA-USDT
2022-09-26 18:00:00,1664186400000,2.7410000000,2.7730000000,2.7410000000,2.7650000000,23066.9439340000,63622.9769413870,63622.9769413870,1,DORA-USDT
2022-09-26 19:00:00,1664190000000,2.7650000000,2.7680000000,2.7080000000,2.7340000000,35300.5990270000,96517.7034862100,96517.7034862100,1,DORA-USDT
2022-09-26 20:00:00,1664193600000,2.7330000000,2.7510000000,2.7280000000,2.7480000000,29708.8370800000,81396.4913821460,81396.4913821460,1,DORA-USDT
2022-09-26 21:00:00,1664197200000,2.7470000000,2.7620000000,2.7270000000,2.7450000000,28996.7776800000,79594.4391530680,79594.4391530680,1,DORA-USDT
2022-09-26 22:00:00,1664200800000,2.7460000000,2.7610000000,2.7400000000,2.7400000000,25362.5970520000,69686.9888265840,69686.9888265840,1,DORA-USDT
2022-09-26 23:00:00,1664204400000,2.7420000000,2.7870000000,2.7390000000,2.7760000000,33906.1654310000,93570.2799024340,93570.2799024340,1,DORA-USDT
2022-09-27 00:00:00,1664208000000,2.7760000000,2.7860000000,2.7490000000,2.7650000000,31582.1294920000,87264.5984130150,87264.5984130150,1,DORA-USDT
2022-09-27 01:00:00,1664211600000,2.7650000000,2.7690000000,2.7480000000,2.7520000000,18161.2000770000,50011.9234271180,50011.9234271180,1,DORA-USDT
2022-09-27 02:00:00,1664215200000,2.7530000000,2.7770000000,2.7520000000,2.7690000000,24161.4496290000,66838.2146686680,66838.2146686680,1,DORA-USDT
2022-09-27 03:00:00,1664218800000,2.7710000000,2.7800000000,2.7650000000,2.7760000000,20574.2990980000,57060.9527580770,57060.9527580770,1,DORA-USDT
2022-09-27 04:00:00,1664222400000,2.7770000000,2.7770000000,2.7550000000,2.7630000000,21009.6090630000,58076.4891451740,58076.4891451740,1,DORA-USDT
2022-09-27 05:00:00,1664226000000,2.7620000000,2.7760000000,2.7520000000,2.7600000000,24759.2580260000,68439.1564657740,68439.1564657740,1,DORA-USDT
2022-09-27 06:00:00,1664229600000,2.7530000000,2.7860000000,2.7530000000,2.7840000000,20174.8864900000,55828.9603073030,55828.9603073030,1,DORA-USDT
2022-09-27 07:00:00,1664233200000,2.7790000000,2.8250000000,2.7770000000,2.7960000000,40463.8081660000,113407.1788168730,113407.1788168730,1,DORA-USDT
2022-09-27 08:00:00,1664236800000,2.8000000000,2.8000000000,2.7720000000,2.7850000000,32824.7136540000,91421.6077117070,91421.6077117070,1,DORA-USDT
2022-09-27 09:00:00,1664240400000,2.7850000000,2.8100000000,2.7800000000,2.8030000000,19741.9737020000,55171.3731364100,55171.3731364100,1,DORA-USDT
2022-09-27 10:00:00,1664244000000,2.8010000000,2.8100000000,2.7740000000,2.7880000000,26320.4915430000,73555.3354650500,73555.3354650500,1,DORA-USDT
2022-09-27 11:00:00,1664247600000,2.7850000000,2.8030000000,2.7800000000,2.7860000000,24872.9147580000,69416.5388746110,69416.5388746110,1,DORA-USDT
2022-09-27 12:00:00,1664251200000,2.7840000000,2.8240000000,2.7800000000,2.8230000000,31824.8311160000,89115.3851477960,89115.3851477960,1,DORA-USDT
2022-09-27 13:00:00,1664254800000,2.8230000000,2.9280000000,2.8220000000,2.8480000000,65801.5237460000,188543.0539609280,188543.0539609280,1,DORA-USDT
2022-09-27 14:00:00,1664258400000,2.8480000000,2.8750000000,2.8420000000,2.8470000000,20895.9939330000,59547.5806379030,59547.5806379030,1,DORA-USDT
2022-09-27 15:00:00,1664262000000,2.8480000000,2.8770000000,2.8350000000,2.8680000000,26888.1696970000,76787.5899043050,76787.5899043050,1,DORA-USDT
2022-09-27 16:00:00,1664265600000,2.8670000000,2.9800000000,2.8610000000,2.9050000000,84525.3479610000,247031.8019785620,247031.8019785620,1,DORA-USDT
2022-09-27 17:00:00,1664269200000,2.9050000000,2.9230000000,2.8880000000,2.9010000000,30700.3480560000,89167.3863968960,89167.3863968960,1,DORA-USDT
2022-09-27 18:00:00,1664272800000,2.9000000000,2.9190000000,2.8980000000,2.9150000000,14426.0046670000,42027.1434340270,42027.1434340270,1,DORA-USDT
2022-09-27 19:00:00,1664276400000,2.9150000000,2.9390000000,2.8990000000,2.9130000000,29842.9417930000,87118.0122473470,87118.0122473470,1,DORA-USDT
2022-09-27 20:00:00,1664280000000,2.9150000000,2.9200000000,2.8910000000,2.8990000000,28464.3318320000,82665.1776937350,82665.1776937350,1,DORA-USDT
2022-09-27 21:00:00,1664283600000,2.8980000000,2.9140000000,2.8610000000,2.9140000000,44260.8100340000,127734.7236029750,127734.7236029750,1,DORA-USDT
2022-09-27 22:00:00,1664287200000,2.9120000000,2.9400000000,2.8900000000,2.9390000000,32150.2268730000,93494.4421914760,93494.4421914760,1,DORA-USDT
2022-09-27 23:00:00,1664290800000,2.9390000000,2.9390000000,2.8850000000,2.8900000000,43723.6390950000,126953.0499304210,126953.0499304210,1,DORA-USDT
2022-09-28 00:00:00,1664294400000,2.8910000000,2.9090000000,2.7500000000,2.7910000000,99556.1933040000,280393.2252518110,280393.2252518110,1,DORA-USDT
2022-09-28 01:00:00,1664298000000,2.7860000000,2.7930000000,2.7520000000,2.7680000000,56380.2527480000,156298.9094940070,156298.9094940070,1,DORA-USDT
2022-09-28 02:00:00,1664301600000,2.7670000000,2.7790000000,2.7160000000,2.7680000000,53604.8835600000,147493.9584811490,147493.9584811490,1,DORA-USDT
2022-09-28 03:00:00,1664305200000,2.7660000000,2.7880000000,2.7560000000,2.7720000000,38254.4983140000,106024.3213534690,106024.3213534690,1,DORA-USDT
2022-09-28 04:00:00,1664308800000,2.7700000000,2.7700000000,2.7450000000,2.7650000000,28414.3263940000,78402.8140057150,78402.8140057150,1,DORA-USDT
2022-09-28 05:00:00,1664312400000,2.7640000000,2.7700000000,2.7410000000,2.7540000000,23954.3948860000,65958.8486995320,65958.8486995320,1,DORA-USDT
2022-09-28 06:00:00,1664316000000,2.7540000000,2.7620000000,2.7470000000,2.7550000000,16362.0631530000,45064.3977296790,45064.3977296790,1,DORA-USDT
2022-09-28 07:00:00,1664319600000,2.7560000000,2.7750000000,2.7430000000,2.7640000000,28558.8164980000,78798.4215591930,78798.4215591930,1,DORA-USDT
2022-09-28 08:00:00,1664323200000,2.7640000000,2.8070000000,2.7620000000,2.7970000000,35194.4079380000,97901.8291592220,97901.8291592220,1,DORA-USDT
2022-09-28 09:00:00,1664326800000,2.7940000000,2.7980000000,2.7410000000,2.7510000000,36486.7025960000,101094.8345886160,101094.8345886160,1,DORA-USDT
2022-09-28 10:00:00,1664330400000,2.7530000000,2.7550000000,2.6830000000,2.6960000000,36682.5204200000,99425.3287048680,99425.3287048680,1,DORA-USDT
2022-09-28 11:00:00,1664334000000,2.6970000000,2.7090000000,2.6950000000,2.7020000000,9807.2434090000,26489.7850181820,26489.7850181820,1,DORA-USDT
2022-09-28 12:00:00,1664337600000,2.7020000000,2.7130000000,2.7000000000,2.7090000000,11181.7986030000,30259.7141309670,30259.7141309670,1,DORA-USDT
2022-09-28 13:00:00,1664341200000,2.7080000000,2.7100000000,2.6870000000,2.7010000000,16905.7237770000,45601.0870569020,45601.0870569020,1,DORA-USDT
2022-09-28 14:00:00,1664344800000,2.6990000000,2.7160000000,2.6960000000,2.6960000000,18532.3267360000,50106.8017905660,50106.8017905660,1,DORA-USDT
2022-09-28 15:00:00,1664348400000,2.6970000000,2.7360000000,2.6930000000,2.7260000000,37507.8137700000,101758.6533127350,101758.6533127350,1,DORA-USDT
2022-09-28 16:00:00,1664352000000,2.7240000000,2.7350000000,2.6980000000,2.7130000000,30128.2333270000,81654.3399304940,81654.3399304940,1,DORA-USDT
2022-09-28 17:00:00,1664355600000,2.7130000000,2.7210000000,2.7010000000,2.7190000000,20618.3701580000,55902.2620752660,55902.2620752660,1,DORA-USDT
2022-09-28 18:00:00,1664359200000,2.7200000000,2.7510000000,2.7070000000,2.7350000000,32961.9052020000,90143.0099871800,90143.0099871800,1,DORA-USDT
2022-09-28 19:00:00,1664362800000,2.7330000000,2.7470000000,2.7180000000,2.7280000000,18703.2519430000,51059.7311124710,51059.7311124710,1,DORA-USDT
2022-09-28 20:00:00,1664366400000,2.7270000000,2.7390000000,2.7190000000,2.7250000000,17871.3251540000,48791.6236495050,48791.6236495050,1,DORA-USDT
2022-09-28 21:00:00,1664370000000,2.7250000000,2.7480000000,2.7250000000,2.7390000000,18240.6456660000,49974.2689376870,49974.2689376870,1,DORA-USDT
2022-09-28 22:00:00,1664373600000,2.7410000000,2.7770000000,2.7340000000,2.7550000000,36499.6609550000,100707.1579511640,100707.1579511640,1,DORA-USDT
2022-09-28 23:00:00,1664377200000,2.7560000000,2.7890000000,2.7550000000,2.7870000000,30592.1424810000,84843.0035699260,84843.0035699260,1,DORA-USDT
2022-09-29 00:00:00,1664380800000,2.7870000000,2.8190000000,2.7730000000,2.7890000000,61974.7931510000,173048.7538071150,173048.7538071150,1,DORA-USDT
2022-09-29 01:00:00,1664384400000,2.7890000000,2.8590000000,2.7750000000,2.8570000000,55626.7579630000,156781.5609616130,156781.5609616130,1,DORA-USDT
2022-09-29 02:00:00,1664388000000,2.8490000000,2.8630000000,2.8400000000,2.8470000000,27907.9186390000,79529.6258426500,79529.6258426500,1,DORA-USDT
2022-09-29 03:00:00,1664391600000,2.8480000000,2.8880000000,2.8400000000,2.8740000000,32783.5606220000,94067.8622494820,94067.8622494820,1,DORA-USDT
2022-09-29 04:00:00,1664395200000,2.8730000000,2.8880000000,2.8420000000,2.8880000000,30643.0067120000,87826.5016765400,87826.5016765400,1,DORA-USDT
2022-09-29 05:00:00,1664398800000,2.8870000000,2.8920000000,2.8520000000,2.8570000000,31718.8657820000,91105.1515049850,91105.1515049850,1,DORA-USDT
2022-09-29 06:00:00,1664402400000,2.8610000000,2.8670000000,2.8300000000,2.8340000000,26682.3286100000,75866.0599341950,75866.0599341950,1,DORA-USDT
2022-09-29 07:00:00,1664406000000,2.8360000000,2.9020000000,2.8340000000,2.8660000000,44107.3603040000,126753.2004523650,126753.2004523650,1,DORA-USDT
2022-09-29 08:00:00,1664409600000,2.8660000000,2.8810000000,2.8200000000,2.8260000000,41349.1279140000,117714.3149728410,117714.3149728410,1,DORA-USDT
2022-09-29 09:00:00,1664413200000,2.8260000000,2.8680000000,2.8220000000,2.8570000000,20327.3641930000,57744.8866329780,57744.8866329780,1,DORA-USDT
2022-09-29 10:00:00,1664416800000,2.8590000000,2.8610000000,2.8250000000,2.8450000000,34300.4077210000,97307.0278301640,97307.0278301640,1,DORA-USDT
2022-09-29 11:00:00,1664420400000,2.8470000000,2.8660000000,2.8430000000,2.8520000000,21868.5717570000,62425.5743407920,62425.5743407920,1,DORA-USDT
2022-09-29 12:00:00,1664424000000,2.8520000000,2.8680000000,2.8510000000,2.8650000000,10964.0731400000,31362.4958517260,31362.4958517260,1,DORA-USDT
2022-09-29 13:00:00,1664427600000,2.8650000000,2.8950000000,2.8520000000,2.8590000000,33087.6177760000,95049.2065368170,95049.2065368170,1,DORA-USDT
2022-09-29 14:00:00,1664431200000,2.8590000000,2.8640000000,2.8500000000,2.8600000000,12033.8619970000,34377.5255945200,34377.5255945200,1,DORA-USDT
2022-09-29 15:00:00,1664434800000,2.8620000000,2.8620000000,2.8170000000,2.8270000000,29044.9031990000,82258.2740316950,82258.2740316950,1,DORA-USDT
2022-09-29 16:00:00,1664438400000,2.8280000000,2.8350000000,2.7990000000,2.8260000000,29682.4421870000,83679.1404982550,83679.1404982550,1,DORA-USDT
2022-09-29 17:00:00,1664442000000,2.8260000000,2.8700000000,2.8250000000,2.8390000000,35351.1377700000,100729.9495937150,100729.9495937150,1,DORA-USDT
2022-09-29 18:00:00,1664445600000,2.8380000000,2.8390000000,2.8220000000,2.8250000000,21921.8473800000,62027.2717371020,62027.2717371020,1,DORA-USDT
2022-09-29 19:00:00,1664449200000,2.8260000000,2.8410000000,2.8100000000,2.8320000000,22102.4531860000,62513.1944080320,62513.1944080320,1,DORA-USDT
2022-09-29 20:00:00,1664452800000,2.8330000000,2.8330000000,2.7300000000,2.7630000000,58618.8649590000,163116.4439699500,163116.4439699500,1,DORA-USDT
2022-09-29 21:00:00,1664456400000,2.7620000000,2.7800000000,2.7430000000,2.7780000000,43992.5758660000,121668.6256667760,121668.6256667760,1,DORA-USDT
2022-09-29 22:00:00,1664460000000,2.7780000000,2.8320000000,2.7700000000,2.8310000000,27896.8570540000,78310.9122026880,78310.9122026880,1,DORA-USDT
2022-09-29 23:00:00,1664463600000,2.8310000000,2.8920000000,2.8300000000,2.8600000000,55146.7063940000,157808.9043416840,157808.9043416840,1,DORA-USDT
2022-09-30 00:00:00,1664467200000,2.8610000000,2.8750000000,2.8190000000,2.8440000000,49865.2370310000,141875.1279894820,141875.1279894820,1,DORA-USDT
2022-09-30 01:00:00,1664470800000,2.8440000000,2.8450000000,2.8050000000,2.8060000000,23736.9992220000,67068.6211632900,67068.6211632900,1,DORA-USDT
2022-09-30 02:00:00,1664474400000,2.8070000000,2.8210000000,2.7930000000,2.7960000000,24194.3583610000,67890.9868856900,67890.9868856900,1,DORA-USDT
2022-09-30 03:00:00,1664478000000,2.7960000000,2.8100000000,2.7920000000,2.7930000000,21823.1449930000,61091.0383306370,61091.0383306370,1,DORA-USDT
2022-09-30 04:00:00,1664481600000,2.7930000000,2.8260000000,2.7920000000,2.8100000000,22127.9094690000,62155.2196109090,62155.2196109090,1,DORA-USDT
2022-09-30 05:00:00,1664485200000,2.8120000000,2.8240000000,2.7970000000,2.8190000000,22652.1622080000,63684.4566276990,63684.4566276990,1,DORA-USDT
2022-09-30 06:00:00,1664488800000,2.8200000000,2.8230000000,2.7910000000,2.8040000000,22630.7782170000,63469.2693261280,63469.2693261280,1,DORA-USDT
2022-09-30 07:00:00,1664492400000,2.8090000000,2.8640000000,2.8060000000,2.8610000000,42892.3173270000,121735.4777359010,121735.4777359010,1,DORA-USDT
2022-09-30 08:00:00,1664496000000,2.8610000000,2.8860000000,2.8450000000,2.8850000000,45435.9026230000,130167.2894356450,130167.2894356450,1,DORA-USDT
2022-09-30 09:00:00,1664499600000,2.8860000000,2.8990000000,2.8700000000,2.8770000000,28214.2168900000,81395.9783945510,81395.9783945510,1,DORA-USDT
2022-09-30 10:00:00,1664503200000,2.8780000000,2.8870000000,2.8550000000,2.8650000000,21530.9433760000,61739.3284928790,61739.3284928790,1,DORA-USDT
2022-09-30 11:00:00,1664506800000,2.8650000000,2.8760000000,2.8510000000,2.8620000000,18884.9023350000,54071.1680019280,54071.1680019280,1,DORA-USDT
2022-09-30 12:00:00,1664510400000,2.8610000000,2.9040000000,2.8610000000,2.8880000000,28231.5315390000,81425.8338371290,81425.8338371290,1,DORA-USDT
2022-09-30 13:00:00,1664514000000,2.8890000000,2.8990000000,2.8680000000,2.8750000000,25074.2892400000,72252.7821228240,72252.7821228240,1,DORA-USDT
2022-09-30 14:00:00,1664517600000,2.8760000000,2.8930000000,2.8670000000,2.8720000000,24153.4484000000,69531.9053490200,69531.9053490200,1,DORA-USDT
2022-09-30 15:00:00,1664521200000,2.8730000000,2.8930000000,2.8640000000,2.8720000000,21089.3547100000,60644.9439710660,60644.9439710660,1,DORA-USDT
2022-09-30 16:00:00,1664524800000,2.8710000000,2.8740000000,2.8450000000,2.8590000000,22369.9543750000,63889.8693742310,63889.8693742310,1,DORA-USDT
2022-09-30 17:00:00,1664528400000,2.8590000000,2.8590000000,2.8170000000,2.8290000000,38065.4170550000,107820.6463112880,107820.6463112880,1,DORA-USDT
2022-09-30 18:00:00,1664532000000,2.8300000000,2.8340000000,2.7910000000,2.8000000000,29534.2325700000,83108.6533928150,83108.6533928150,1,DORA-USDT
2022-09-30 19:00:00,1664535600000,2.7990000000,2.8120000000,2.7710000000,2.7850000000,35152.9174460000,98130.7892114530,98130.7892114530,1,DORA-USDT
2022-09-30 20:00:00,1664539200000,2.7820000000,2.8250000000,2.7790000000,2.8010000000,50683.6827290000,141851.8970037400,141851.8970037400,1,DORA-USDT
2022-09-30 21:00:00,1664542800000,2.8030000000,2.8230000000,2.7910000000,2.8200000000,29447.7961270000,82549.0072142690,82549.0072142690,1,DORA-USDT
2022-09-30 22:00:00,1664546400000,2.8220000000,2.8700000000,2.8030000000,2.8520000000,33050.7167120000,93412.8539251650,93412.8539251650,1,DORA-USDT
2022-09-30 23:00:00,1664550000000,2.8490000000,2.8740000000,2.8290000000,2.8340000000,38146.9643080000,108542.3757546410,108542.3757546410,1,DORA-USDT
2022-10-01 00:00:00,1664553600000,2.8320000000,2.8810000000,2.8080000000,2.8780000000,49586.9145660000,141000.7167509450,141000.7167509450,1,DORA-USDT
2022-10-01 01:00:00,1664557200000,2.8770000000,2.8900000000,2.8560000000,2.8860000000,26207.2068920000,75293.1211570610,75293.1211570610,1,DORA-USDT
2022-10-01 02:00:00,1664560800000,2.8870000000,2.9560000000,2.8830000000,2.9050000000,67580.3749390000,197389.1601959610,197389.1601959610,1,DORA-USDT
2022-10-01 03:00:00,1664564400000,2.9050000000,2.9200000000,2.8930000000,2.9070000000,29479.2700240000,85718.5074177660,85718.5074177660,1,DORA-USDT
2022-10-01 04:00:00,1664568000000,2.9070000000,2.9150000000,2.8600000000,2.8700000000,41282.4923940000,119255.8494512570,119255.8494512570,1,DORA-USDT
2022-10-01 05:00:00,1664571600000,2.8660000000,2.8950000000,2.8610000000,2.8770000000,34044.6492390000,97873.9040862030,97873.9040862030,1,DORA-USDT
2022-10-01 06:00:00,1664575200000,2.8780000000,2.8900000000,2.8450000000,2.8580000000,29769.7124160000,85076.4697791220,85076.4697791220,1,DORA-USDT
2022-10-01 07:00:00,1664578800000,2.8590000000,2.8770000000,2.8550000000,2.8670000000,15243.9719820000,43762.3438117780,43762.3438117780,1,DORA-USDT
2022-10-01 08:00:00,1664582400000,2.8680000000,2.8810000000,2.8370000000,2.8400000000,23385.2275310000,66740.9795969900,66740.9795969900,1,DORA-USDT
2022-10-01 09:00:00,1664586000000,2.8400000000,2.8530000000,2.8320000000,2.8360000000,11993.5806140000,34106.7017120300,34106.7017120300,1,DORA-USDT
2022-10-01 10:00:00,1664589600000,2.8400000000,2.8610000000,2.8400000000,2.8540000000,12377.0655050000,35279.9348624810,35279.9348624810,1,DORA-USDT
2022-10-01 11:00:00,1664593200000,2.8550000000,2.8600000000,2.8420000000,2.8450000000,10973.9155960000,31299.0823266150,31299.0823266150,1,DORA-USDT
2022-10-01 12:00:00,1664596800000,2.8450000000,2.8490000000,2.8380000000,2.8450000000,5307.9206370000,15087.3310341630,15087.3310341630,1,DORA-USDT
2022-10-01 13:00:00,1664600400000,2.8450000000,2.8450000000,2.8160000000,2.8280000000,13000.0928510000,36780.5036984670,36780.5036984670,1,DORA-USDT
2022-10-01 14:00:00,1664604000000,2.8260000000,2.8310000000,2.8110000000,2.8190000000,15441.4631480000,43571.0075426000,43571.0075426000,1,DORA-USDT
2022-10-01 15:00:00,1664607600000,2.8200000000,2.8220000000,2.8050000000,2.8200000000,10786.4122760000,30338.4616382070,30338.4616382070,1,DORA-USDT
2022-10-01 16:00:00,1664611200000,2.8210000000,2.8600000000,2.8140000000,2.8390000000,56375.5794330000,160170.2371871720,160170.2371871720,1,DORA-USDT
2022-10-01 17:00:00,1664614800000,2.8390000000,2.8530000000,2.8300000000,2.8390000000,29655.1301020000,84230.7773403580,84230.7773403580,1,DORA-USDT
2022-10-01 18:00:00,1664618400000,2.8370000000,2.8700000000,2.8350000000,2.8480000000,21952.3180220000,62485.5416106790,62485.5416106790,1,DORA-USDT
2022-10-01 19:00:00,1664622000000,2.8480000000,2.8670000000,2.8430000000,2.8650000000,20661.0391930000,58993.9234200390,58993.9234200390,1,DORA-USDT
2022-10-01 20:00:00,1664625600000,2.8650000000,2.8820000000,2.8620000000,2.8770000000,19593.4172590000,56261.9204028910,56261.9204028910,1,DORA-USDT
2022-10-01 21:00:00,1664629200000,2.8750000000,2.9070000000,2.8730000000,2.8740000000,29552.6430660000,85367.5203772440,85367.5203772440,1,DORA-USDT
2022-10-01 22:00:00,1664632800000,2.8740000000,2.8900000000,2.8610000000,2.8880000000,24510.7234920000,70465.5442632000,70465.5442632000,1,DORA-USDT
2022-10-01 23:00:00,1664636400000,2.8880000000,2.9120000000,2.8840000000,2.9100000000,20017.6312330000,57979.9036107330,57979.9036107330,1,DORA-USDT
2022-10-02 00:00:00,1664640000000,2.9090000000,2.9110000000,2.8660000000,2.8740000000,25633.5451060000,73938.9895962530,73938.9895962530,1,DORA-USDT
2022-10-02 01:00:00,1664643600000,2.8740000000,2.8740000000,2.8480000000,2.8520000000,15782.0244780000,45132.4529633880,45132.4529633880,1,DORA-USDT
2022-10-02 02:00:00,1664647200000,2.8510000000,2.8750000000,2.8420000000,2.8690000000,14903.1993740000,42564.3803512040,42564.3803512040,1,DORA-USDT
2022-10-02 03:00:00,1664650800000,2.8680000000,2.8890000000,2.8670000000,2.8810000000,18602.6815670000,53573.6882029290,53573.6882029290,1,DORA-USDT
2022-10-02 04:00:00,1664654400000,2.8810000000,2.9200000000,2.8670000000,2.9120000000,27677.9198670000,80028.2625022100,80028.2625022100,1,DORA-USDT
2022-10-02 05:00:00,1664658000000,2.9120000000,2.9440000000,2.9010000000,2.9120000000,43112.8607630000,125875.7583771690,125875.7583771690,1,DORA-USDT
2022-10-02 06:00:00,1664661600000,2.9060000000,2.9390000000,2.9030000000,2.9330000000,20579.5694810000,60094.6540106750,60094.6540106750,1,DORA-USDT
2022-10-02 07:00:00,1664665200000,2.9370000000,2.9390000000,2.9230000000,2.9330000000,20454.8295790000,59949.8325349890,59949.8325349890,1,DORA-USDT
2022-10-02 08:00:00,1664668800000,2.9340000000,2.9590000000,2.9340000000,2.9400000000,27957.4246550000,82387.4683030090,82387.4683030090,1,DORA-USDT
2022-10-02 09:00:00,1664672400000,2.9410000000,2.9440000000,2.9260000000,2.9400000000,9339.1607620000,27425.7147968560,27425.7147968560,1,DORA-USDT
2022-10-02 10:00:00,1664676000000,2.9410000000,2.9610000000,2.9140000000,2.9210000000,32594.6394560000,95765.8898330250,95765.8898330250,1,DORA-USDT
2022-10-02 11:00:00,1664679600000,2.9210000000,2.9480000000,2.9190000000,2.9440000000,18152.5008770000,53308.8253073770,53308.8253073770,1,DORA-USDT
2022-10-02 12:00:00,1664683200000,2.9440000000,2.9470000000,2.9380000000,2.9460000000,9125.5974170000,26850.9865500580,26850.9865500580,1,DORA-USDT
2022-10-02 13:00:00,1664686800000,2.9470000000,3.0080000000,2.9440000000,3.0020000000,36434.1470000000,108393.1649715560,108393.1649715560,1,DORA-USDT
2022-10-02 14:00:00,1664690400000,3.0030000000,3.0500000000,2.9530000000,2.9970000000,79443.0891980000,238432.1418137080,238432.1418137080,1,DORA-USDT
2022-10-02 15:00:00,1664694000000,2.9980000000,3.0250000000,2.9930000000,3.0150000000,28877.9801360000,86950.9640332970,86950.9640332970,1,DORA-USDT
2022-10-02 16:00:00,1664697600000,3.0150000000,3.0570000000,2.9960000000,3.0220000000,53664.8836390000,162319.7761364580,162319.7761364580,1,DORA-USDT
2022-10-02 17:00:00,1664701200000,3.0240000000,3.0280000000,2.9990000000,3.0050000000,22230.8899170000,66912.6266494050,66912.6266494050,1,DORA-USDT
2022-10-02 18:00:00,1664704800000,3.0060000000,3.0080000000,2.9250000000,2.9770000000,45020.6037660000,133522.6063081680,133522.6063081680,1,DORA-USDT
2022-10-02 19:00:00,1664708400000,2.9710000000,3.0400000000,2.9710000000,3.0340000000,52031.6096300000,156841.7497979940,156841.7497979940,1,DORA-USDT
2022-10-02 20:00:00,1664712000000,3.0340000000,3.1180000000,3.0300000000,3.0740000000,79312.4591840000,244064.7141631030,244064.7141631030,1,DORA-USDT
2022-10-02 21:00:00,1664715600000,3.0740000000,3.0780000000,2.9800000000,3.0430000000,45924.3133070000,140000.8508466520,140000.8508466520,1,DORA-USDT
2022-10-02 22:00:00,1664719200000,3.0430000000,3.0630000000,3.0070000000,3.0480000000,53966.9712040000,163866.9023202540,163866.9023202540,1,DORA-USDT
2022-10-02 23:00:00,1664722800000,3.0520000000,3.0630000000,2.9410000000,3.0170000000,41946.6534640000,126461.4252684150,126461.4252684150,1,DORA-USDT
2022-10-03 00:00:00,1664726400000,3.0170000000,3.0220000000,2.9590000000,2.9740000000,60471.7312400000,180770.7078587800,180770.7078587800,1,DORA-USDT
2022-10-03 01:00:00,1664730000000,2.9760000000,2.9880000000,2.9690000000,2.9710000000,15707.8780250000,46793.6518539850,46793.6518539850,1,DORA-USDT
2022-10-03 02:00:00,1664733600000,2.9710000000,2.9730000000,2.9400000000,2.9670000000,22117.0317220000,65449.6745854780,65449.6745854780,1,DORA-USDT
2022-10-03 03:00:00,1664737200000,2.9670000000,3.0140000000,2.9660000000,2.9730000000,24851.7835840000,74139.5465520920,74139.5465520920,1,DORA-USDT
2022-10-03 04:00:00,1664740800000,2.9730000000,2.9780000000,2.9660000000,2.9660000000,7979.6842910000,23713.9899880180,23713.9899880180,1,DORA-USDT
2022-10-03 05:00:00,1664744400000,2.9660000000,2.9730000000,2.9570000000,2.9600000000,18514.3596100000,54850.5664494370,54850.5664494370,1,DORA-USDT
2022-10-03 06:00:00,1664748000000,2.9580000000,2.9640000000,2.9200000000,2.9240000000,18638.8992890000,54812.2777251130,54812.2777251130,1,DORA-USDT
2022-10-03 07:00:00,1664751600000,2.9250000000,2.9390000000,2.8690000000,2.9170000000,87068.3258310000,252336.3531492320,252336.3531492320,1,DORA-USDT
2022-10-03 08:00:00,1664755200000,2.9160000000,2.9330000000,2.8880000000,2.9330000000,43331.4107980000,126170.6629192540,126170.6629192540,1,DORA-USDT
2022-10-03 09:00:00,1664758800000,2.9310000000,2.9660000000,2.9180000000,2.9530000000,32042.8143350000,94238.7239963470,94238.7239963470,1,DORA-USDT
2022-10-03 10:00:00,1664762400000,2.9520000000,2.9550000000,2.9000000000,2.9110000000,29964.8213420000,87632.0052733270,87632.0052733270,1,DORA-USDT
2022-10-03 11:00:00,1664766000000,2.9120000000,2.9230000000,2.9050000000,2.9100000000,14196.8658050000,41364.6649708870,41364.6649708870,1,DORA-USDT
2022-10-03 12:00:00,1664769600000,2.9070000000,2.9110000000,2.8700000000,2.8710000000,18823.8525530000,54376.4465173590,54376.4465173590,1,DORA-USDT
2022-10-03 13:00:00,1664773200000,2.8710000000,2.9080000000,2.8420000000,2.9020000000,34797.6552070000,100333.8987171980,100333.8987171980,1,DORA-USDT
2022-10-03 14:00:00,1664776800000,2.9050000000,2.9080000000,2.8710000000,2.8770000000,17314.1816960000,49983.0851987650,49983.0851987650,1,DORA-USDT
2022-10-03 15:00:00,1664780400000,2.8760000000,2.8890000000,2.8650000000,2.8750000000,25658.3797510000,73812.1104782420,73812.1104782420,1,DORA-USDT
2022-10-03 16:00:00,1664784000000,2.8750000000,2.8880000000,2.8560000000,2.8840000000,26375.8114850000,75760.1937094120,75760.1937094120,1,DORA-USDT
2022-10-03 17:00:00,1664787600000,2.8820000000,2.8830000000,2.8710000000,2.8720000000,10296.6910200000,29615.1928366230,29615.1928366230,1,DORA-USDT
2022-10-03 18:00:00,1664791200000,2.8730000000,2.8730000000,2.8390000000,2.8530000000,26162.7787660000,74622.3529722570,74622.3529722570,1,DORA-USDT
2022-10-03 19:00:00,1664794800000,2.8530000000,2.8630000000,2.8390000000,2.8520000000,24440.5656930000,69617.6660150150,69617.6660150150,1,DORA-USDT
2022-10-03 20:00:00,1664798400000,2.8520000000,2.8790000000,2.8430000000,2.8630000000,38315.9531540000,109573.0028798700,109573.0028798700,1,DORA-USDT
2022-10-03 21:00:00,1664802000000,2.8650000000,2.8760000000,2.8330000000,2.8360000000,37604.0622220000,107279.8527425160,107279.8527425160,1,DORA-USDT
2022-10-03 22:00:00,1664805600000,2.8400000000,2.8880000000,2.8380000000,2.8450000000,71753.2749710000,205615.6357867550,205615.6357867550,1,DORA-USDT
2022-10-03 23:00:00,1664809200000,2.8490000000,2.8930000000,2.8430000000,2.8740000000,55601.1562350000,159334.4792582080,159334.4792582080,1,DORA-USDT
2022-10-04 00:00:00,1664812800000,2.8800000000,2.8880000000,2.8470000000,2.8540000000,28056.8136440000,80435.6831396540,80435.6831396540,1,DORA-USDT
2022-10-04 01:00:00,1664816400000,2.8530000000,2.8880000000,2.8530000000,2.8780000000,23802.6627580000,68406.3485187160,68406.3485187160,1,DORA-USDT
2022-10-04 02:00:00,1664820000000,2.8780000000,2.8850000000,2.8360000000,2.8490000000,16698.8277550000,47857.9262398830,47857.9262398830,1,DORA-USDT
2022-10-04 03:00:00,1664823600000,2.8490000000,2.8510000000,2.8120000000,2.8320000000,27753.9299880000,78644.2754090370,78644.2754090370,1,DORA-USDT
2022-10-04 04:00:00,1664827200000,2.8330000000,2.8480000000,2.8320000000,2.8460000000,14398.0796130000,40882.9097773160,40882.9097773160,1,DORA-USDT
2022-10-04 05:00:00,1664830800000,2.8460000000,2.8490000000,2.8370000000,2.8450000000,10697.9597850000,30424.6681709070,30424.6681709070,1,DORA-USDT
2022-10-04 06:00:00,1664834400000,2.8410000000,2.8590000000,2.8380000000,2.8430000000,17848.1320270000,50854.5222771970,50854.5222771970,1,DORA-USDT
2022-10-04 07:00:00,1664838000000,2.8440000000,2.9100000000,2.8430000000,2.8880000000,38702.9626780000,111417.1816584310,111417.1816584310,1,DORA-USDT
2022-10-04 08:00:00,1664841600000,2.8870000000,2.8950000000,2.8640000000,2.8690000000,35018.4594590000,100852.2255974760,100852.2255974760,1,DORA-USDT
2022-10-04 09:00:00,1664845200000,2.8690000000,2.8770000000,2.8540000000,2.8660000000,28300.9228830000,81123.7304037140,81123.7304037140,1,DORA-USDT
2022-10-04 10:00:00,1664848800000,2.8670000000,2.8690000000,2.8450000000,2.8490000000,11864.6825970000,33884.3932835830,33884.3932835830,1,DORA-USDT
2022-10-04 11:00:00,1664852400000,2.8480000000,2.9830000000,2.8470000000,2.9440000000,74558.6050890000,218391.7149747730,218391.7149747730,1,DORA-USDT
2022-10-04 12:00:00,1664856000000,2.9410000000,2.9850000000,2.9350000000,2.9610000000,36413.6608510000,107915.8695403110,107915.8695403110,1,DORA-USDT
2022-10-04 13:00:00,1664859600000,2.9620000000,2.9820000000,2.9590000000,2.9730000000,21753.8922040000,64635.4507717230,64635.4507717230,1,DORA-USDT
2022-10-04 14:00:00,1664863200000,2.9720000000,3.0950000000,2.9710000000,3.0520000000,59963.1899840000,181066.0928294590,181066.0928294590,1,DORA-USDT
2022-10-04 15:00:00,1664866800000,3.0490000000,3.1150000000,3.0370000000,3.0640000000,44102.7122460000,135588.2038974700,135588.2038974700,1,DORA-USDT
2022-10-04 16:00:00,1664870400000,3.0680000000,3.0900000000,3.0300000000,3.0570000000,35249.0106260000,107943.0012595100,107943.0012595100,1,DORA-USDT
2022-10-04 17:00:00,1664874000000,3.0580000000,3.0740000000,3.0200000000,3.0630000000,39173.7292020000,119334.3798326280,119334.3798326280,1,DORA-USDT
2022-10-04 18:00:00,1664877600000,3.0620000000,3.1680000000,3.0570000000,3.1370000000,112784.6925880000,352331.1552076520,352331.1552076520,1,DORA-USDT
2022-10-04 19:00:00,1664881200000,3.1370000000,3.1660000000,3.1100000000,3.1320000000,43736.0381070000,137002.1773979050,137002.1773979050,1,DORA-USDT
2022-10-04 20:00:00,1664884800000,3.1320000000,3.1500000000,3.1090000000,3.1470000000,33389.0703790000,104391.4406037690,104391.4406037690,1,DORA-USDT
2022-10-04 21:00:00,1664888400000,3.1470000000,3.1580000000,3.0730000000,3.0890000000,60751.5772290000,189797.6631176510,189797.6631176510,1,DORA-USDT
2022-10-04 22:00:00,1664892000000,3.0900000000,3.1120000000,3.0440000000,3.1040000000,53037.2189150000,163459.3356131040,163459.3356131040,1,DORA-USDT
2022-10-04 23:00:00,1664895600000,3.1040000000,3.1200000000,3.0900000000,3.1070000000,17637.6564220000,54719.5305113870,54719.5305113870,1,DORA-USDT
2022-10-05 00:00:00,1664899200000,3.1080000000,3.1100000000,3.0440000000,3.0580000000,42619.0405380000,131261.5706569800,131261.5706569800,1,DORA-USDT
2022-10-05 01:00:00,1664902800000,3.0570000000,3.0660000000,3.0400000000,3.0550000000,23693.3148490000,72363.9321844690,72363.9321844690,1,DORA-USDT
2022-10-05 02:00:00,1664906400000,3.0550000000,3.1300000000,3.0490000000,3.1190000000,30373.9392040000,93875.0797724990,93875.0797724990,1,DORA-USDT
2022-10-05 03:00:00,1664910000000,3.1170000000,3.1430000000,3.0830000000,3.1220000000,39576.0667290000,123016.9844107780,123016.9844107780,1,DORA-USDT
2022-10-05 04:00:00,1664913600000,3.1210000000,3.1320000000,3.1000000000,3.1030000000,23003.5237460000,71528.6432341690,71528.6432341690,1,DORA-USDT
2022-10-05 05:00:00,1664917200000,3.1020000000,3.1510000000,3.1010000000,3.1160000000,29159.8022720000,91254.5153440870,91254.5153440870,1,DORA-USDT
2022-10-05 06:00:00,1664920800000,3.1200000000,3.1420000000,3.1110000000,3.1270000000,24670.3917650000,77108.6012222410,77108.6012222410,1,DORA-USDT
2022-10-05 07:00:00,1664924400000,3.1230000000,3.1330000000,3.1030000000,3.1130000000,21483.0567350000,66943.5854160220,66943.5854160220,1,DORA-USDT
2022-10-05 08:00:00,1664928000000,3.1100000000,3.2840000000,3.1000000000,3.2580000000,133392.8333050000,428206.9668797760,428206.9668797760,1,DORA-USDT
2022-10-05 09:00:00,1664931600000,3.2590000000,3.2780000000,3.1860000000,3.2430000000,83502.8821240000,271034.4907075290,271034.4907075290,1,DORA-USDT
2022-10-05 10:00:00,1664935200000,3.2430000000,3.2460000000,3.1300000000,3.1550000000,102699.2711150000,325482.7869784970,325482.7869784970,1,DORA-USDT
2022-10-05 11:00:00,1664938800000,3.1540000000,3.1580000000,3.0800000000,3.0930000000,42830.2992500000,133422.6511718370,133422.6511718370,1,DORA-USDT
2022-10-05 12:00:00,1664942400000,3.0920000000,3.0950000000,3.0110000000,3.0250000000,44055.5836070000,134379.0247850440,134379.0247850440,1,DORA-USDT
2022-10-05 13:00:00,1664946000000,3.0270000000,3.0270000000,2.9350000000,3.0040000000,73514.4809240000,219313.6555646530,219313.6555646530,1,DORA-USDT
2022-10-05 14:00:00,1664949600000,3.0050000000,3.0230000000,2.9950000000,3.0180000000,21571.6331780000,64904.7301740450,64904.7301740450,1,DORA-USDT
2022-10-05 15:00:00,1664953200000,3.0180000000,3.0280000000,2.9530000000,2.9730000000,60478.1699460000,180381.2471131320,180381.2471131320,1,DORA-USDT
2022-10-05 16:00:00,1664956800000,2.9740000000,3.0030000000,2.9270000000,2.9970000000,66214.4795480000,196425.3639616280,196425.3639616280,1,DORA-USDT
2022-10-05 17:00:00,1664960400000,2.9970000000,2.9990000000,2.9300000000,2.9430000000,50672.5659140000,149796.5018266370,149796.5018266370,1,DORA-USDT
2022-10-05 18:00:00,1664964000000,2.9420000000,2.9780000000,2.9400000000,2.9480000000,41399.3388510000,122561.1597943750,122561.1597943750,1,DORA-USDT
2022-10-05 19:00:00,1664967600000,2.9480000000,2.9630000000,2.9340000000,2.9390000000,22862.1743770000,67438.5248393240,67438.5248393240,1,DORA-USDT
2022-10-05 20:00:00,1664971200000,2.9390000000,2.9630000000,2.9300000000,2.9510000000,20013.6951660000,58964.1743648290,58964.1743648290,1,DORA-USDT
2022-10-05 21:00:00,1664974800000,2.9500000000,2.9710000000,2.9300000000,2.9480000000,29452.0726630000,86888.2042413470,86888.2042413470,1,DORA-USDT
2022-10-05 22:00:00,1664978400000,2.9480000000,2.9500000000,2.8790000000,2.8900000000,47038.5490390000,136377.4234731490,136377.4234731490,1,DORA-USDT
2022-10-05 23:00:00,1664982000000,2.8910000000,2.9010000000,2.8790000000,2.8820000000,27606.1035670000,79764.6624479330,79764.6624479330,1,DORA-USDT
2022-10-06 00:00:00,1664985600000,2.8850000000,2.9150000000,2.8830000000,2.8930000000,36358.0621100000,105376.8439413940,105376.8439413940,1,DORA-USDT
2022-10-06 01:00:00,1664989200000,2.8930000000,2.9060000000,2.8840000000,2.8850000000,24326.2279010000,70434.8035153240,70434.8035153240,1,DORA-USDT
2022-10-06 02:00:00,1664992800000,2.8840000000,2.9020000000,2.8840000000,2.8930000000,18652.3386210000,53964.3833247590,53964.3833247590,1,DORA-USDT
2022-10-06 03:00:00,1664996400000,2.8950000000,2.9120000000,2.8830000000,2.8870000000,21238.9070800000,61562.7979020690,61562.7979020690,1,DORA-USDT
2022-10-06 04:00:00,1665000000000,2.8870000000,2.8920000000,2.8770000000,2.8800000000,14670.4132710000,42313.8264091270,42313.8264091270,1,DORA-USDT
2022-10-06 05:00:00,1665003600000,2.8790000000,2.8890000000,2.8760000000,2.8840000000,12495.7077990000,36002.8499240930,36002.8499240930,1,DORA-USDT
2022-10-06 06:00:00,1665007200000,2.8810000000,2.8910000000,2.8750000000,2.8880000000,11646.8143840000,33578.6590001470,33578.6590001470,1,DORA-USDT
2022-10-06 07:00:00,1665010800000,2.8880000000,2.8940000000,2.8170000000,2.8680000000,35934.0805980000,102534.2786352590,102534.2786352590,1,DORA-USDT
2022-10-06 08:00:00,1665014400000,2.8660000000,2.9130000000,2.8580000000,2.9050000000,55703.9802970000,160675.9872873290,160675.9872873290,1,DORA-USDT
2022-10-06 09:00:00,1665018000000,2.9040000000,3.0230000000,2.9020000000,2.9510000000,55973.5479560000,164975.5923557300,164975.5923557300,1,DORA-USDT
2022-10-06 10:00:00,1665021600000,2.9520000000,2.9750000000,2.9180000000,2.9280000000,45385.3358700000,133671.8101512600,133671.8101512600,1,DORA-USDT
2022-10-06 11:00:00,1665025200000,2.9260000000,2.9480000000,2.9210000000,2.9230000000,20745.9977780000,60867.3412009040,60867.3412009040,1,DORA-USDT
2022-10-06 12:00:00,1665028800000,2.9250000000,2.9410000000,2.9140000000,2.9160000000,18692.3617110000,54776.3996690370,54776.3996690370,1,DORA-USDT
2022-10-06 13:00:00,1665032400000,2.9150000000,2.9150000000,2.8940000000,2.9040000000,22731.5642540000,65965.7511981940,65965.7511981940,1,DORA-USDT
2022-10-06 14:00:00,1665036000000,2.9040000000,2.9040000000,2.8450000000,2.8510000000,50192.7709710000,143577.6658546650,143577.6658546650,1,DORA-USDT
2022-10-06 15:00:00,1665039600000,2.8510000000,2.8650000000,2.8450000000,2.8640000000,16061.8239780000,45887.8068698450,45887.8068698450,1,DORA-USDT
2022-10-06 16:00:00,1665043200000,2.8610000000,2.8700000000,2.8430000000,2.8670000000,17927.5265490000,51263.3131580110,51263.3131580110,1,DORA-USDT
2022-10-06 17:00:00,1665046800000,2.8660000000,2.8680000000,2.8510000000,2.8580000000,16303.7202370000,46626.4927087860,46626.4927087860,1,DORA-USDT
2022-10-06 18:00:00,1665050400000,2.8570000000,3.0110000000,2.8510000000,2.9640000000,102689.7539430000,303110.4777129750,303110.4777129750,1,DORA-USDT
2022-10-06 19:00:00,1665054000000,2.9630000000,3.0590000000,2.9610000000,3.0180000000,93899.6939550000,282554.3912690850,282554.3912690850,1,DORA-USDT
2022-10-06 20:00:00,1665057600000,3.0220000000,3.0340000000,2.9780000000,2.9930000000,34235.6884910000,103044.6573470750,103044.6573470750,1,DORA-USDT
2022-10-06 21:00:00,1665061200000,2.9910000000,3.0060000000,2.9320000000,2.9860000000,63327.6222750000,187616.2780488890,187616.2780488890,1,DORA-USDT
2022-10-06 22:00:00,1665064800000,2.9850000000,3.1000000000,2.9360000000,3.0830000000,91118.6116070000,276536.5654227790,276536.5654227790,1,DORA-USDT
2022-10-06 23:00:00,1665068400000,3.0820000000,3.1000000000,3.0460000000,3.0570000000,52953.7486190000,162777.1828957400,162777.1828957400,1,DORA-USDT
2022-10-07 00:00:00,1665072000000,3.0590000000,3.1770000000,3.0480000000,3.0560000000,90916.5767010000,281849.0050372890,281849.0050372890,1,DORA-USDT
2022-10-07 01:00:00,1665075600000,3.0540000000,3.0800000000,3.0160000000,3.0250000000,65713.0418890000,199959.2255862740,199959.2255862740,1,DORA-USDT
2022-10-07 02:00:00,1665079200000,3.0250000000,3.0760000000,2.9880000000,3.0720000000,70111.5266620000,212142.4201794130,212142.4201794130,1,DORA-USDT
2022-10-07 03:00:00,1665082800000,3.0700000000,3.1310000000,3.0050000000,3.1280000000,99586.1967690000,306076.4351883440,306076.4351883440,1,DORA-USDT
2022-10-07 04:00:00,1665086400000,3.1280000000,3.1470000000,3.0820000000,3.1410000000,74086.0070320000,230502.0714339920,230502.0714339920,1,DORA-USDT
2022-10-07 05:00:00,1665090000000,3.1440000000,3.1470000000,3.0220000000,3.0630000000,122058.1520850000,374544.7267709700,374544.7267709700,1,DORA-USDT
2022-10-07 06:00:00,1665093600000,3.0610000000,3.1450000000,3.0550000000,3.1180000000,47828.4267680000,147994.2331941250,147994.2331941250,1,DORA-USDT
2022-10-07 07:00:00,1665097200000,3.1190000000,3.1460000000,3.0630000000,3.1310000000,71792.6694630000,222594.9213159620,222594.9213159620,1,DORA-USDT
2022-10-07 08:00:00,1665100800000,3.1270000000,3.1380000000,3.0550000000,3.0770000000,83716.5489870000,259092.0654599890,259092.0654599890,1,DORA-USDT
2022-10-07 09:00:00,1665104400000,3.0840000000,3.1260000000,3.0780000000,3.1090000000,37067.2834000000,115181.2601624820,115181.2601624820,1,DORA-USDT
2022-10-07 10:00:00,1665108000000,3.1060000000,3.1130000000,3.0580000000,3.0780000000,35605.5912300000,109694.5891891790,109694.5891891790,1,DORA-USDT
2022-10-07 11:00:00,1665111600000,3.0790000000,3.0820000000,3.0130000000,3.0600000000,49910.9513020000,151935.2699432520,151935.2699432520,1,DORA-USDT
2022-10-07 12:00:00,1665115200000,3.0600000000,3.0810000000,3.0490000000,3.0560000000,43559.4200930000,133347.1756878750,133347.1756878750,1,DORA-USDT
2022-10-07 13:00:00,1665118800000,3.0560000000,3.1950000000,3.0530000000,3.1580000000,141357.0483390000,442253.5197224500,442253.5197224500,1,DORA-USDT
2022-10-07 14:00:00,1665122400000,3.1570000000,3.1630000000,3.1230000000,3.1260000000,33275.4789870000,104357.0187808040,104357.0187808040,1,DORA-USDT
2022-10-07 15:00:00,1665126000000,3.1250000000,3.1310000000,3.0980000000,3.1040000000,22859.6019990000,71182.8074279320,71182.8074279320,1,DORA-USDT
2022-10-07 16:00:00,1665129600000,3.1030000000,3.1290000000,3.1030000000,3.1200000000,16750.9174440000,52251.5752463010,52251.5752463010,1,DORA-USDT
2022-10-07 17:00:00,1665133200000,3.1210000000,3.1840000000,3.1160000000,3.1720000000,36266.9476080000,114619.9588996680,114619.9588996680,1,DORA-USDT
2022-10-07 18:00:00,1665136800000,3.1710000000,3.1870000000,3.1540000000,3.1720000000,21950.9142000000,69534.4954287200,69534.4954287200,1,DORA-USDT
2022-10-07 19:00:00,1665140400000,3.1710000000,3.1760000000,3.1310000000,3.1690000000,36042.6088030000,113738.2024659580,113738.2024659580,1,DORA-USDT
2022-10-07 20:00:00,1665144000000,3.1680000000,3.2170000000,3.0660000000,3.1460000000,64666.0937350000,203722.7438567020,203722.7438567020,1,DORA-USDT
2022-10-07 21:00:00,1665147600000,3.1440000000,3.1590000000,3.0930000000,3.0970000000,73644.1140950000,230171.5774390860,230171.5774390860,1,DORA-USDT
2022-10-07 22:00:00,1665151200000,3.0970000000,3.1660000000,3.0970000000,3.1330000000,54442.5134220000,170745.0348734930,170745.0348734930,1,DORA-USDT
2022-10-07 23:00:00,1665154800000,3.1330000000,3.1630000000,3.1000000000,3.1570000000,60867.7425780000,190998.6049381780,190998.6049381780,1,DORA-USDT
2022-10-08 00:00:00,1665158400000,3.1550000000,3.3000000000,3.1040000000,3.1440000000,221252.0925760000,711421.2866620030,711421.2866620030,1,DORA-USDT
2022-10-08 01:00:00,1665162000000,3.1440000000,3.1800000000,3.0830000000,3.1390000000,95448.9746260000,298115.6529353590,298115.6529353590,1,DORA-USDT
2022-10-08 02:00:00,1665165600000,3.1400000000,3.1640000000,3.1290000000,3.1600000000,23769.8460310000,74816.9939801720,74816.9939801720,1,DORA-USDT
2022-10-08 03:00:00,1665169200000,3.1580000000,3.1650000000,3.1450000000,3.1480000000,15706.5089500000,49519.4791333060,49519.4791333060,1,DORA-USDT
2022-10-08 04:00:00,1665172800000,3.1490000000,3.1610000000,3.1450000000,3.1580000000,9064.6694490000,28595.2556812950,28595.2556812950,1,DORA-USDT
2022-10-08 05:00:00,1665176400000,3.1570000000,3.1630000000,3.1480000000,3.1550000000,15022.3604420000,47406.0165621730,47406.0165621730,1,DORA-USDT
2022-10-08 06:00:00,1665180000000,3.1510000000,3.1590000000,3.1500000000,3.1560000000,7803.8973180000,24617.3674068090,24617.3674068090,1,DORA-USDT
2022-10-08 07:00:00,1665183600000,3.1550000000,3.1570000000,3.1290000000,3.1350000000,19078.3086640000,59969.9551032140,59969.9551032140,1,DORA-USDT
2022-10-08 08:00:00,1665187200000,3.1340000000,3.1350000000,3.1090000000,3.1110000000,18761.6014730000,58527.0296700890,58527.0296700890,1,DORA-USDT
2022-10-08 09:00:00,1665190800000,3.1110000000,3.1320000000,3.1030000000,3.1190000000,19734.8278750000,61537.1448209350,61537.1448209350,1,DORA-USDT
2022-10-08 10:00:00,1665194400000,3.1200000000,3.1210000000,3.1140000000,3.1150000000,5706.5448380000,17795.1196527040,17795.1196527040,1,DORA-USDT
2022-10-08 11:00:00,1665198000000,3.1150000000,3.1150000000,3.1050000000,3.1110000000,6368.5418060000,19811.7900949180,19811.7900949180,1,DORA-USDT
2022-10-08 12:00:00,1665201600000,3.1110000000,3.1450000000,3.1030000000,3.1280000000,19224.4569020000,60144.7687653930,60144.7687653930,1,DORA-USDT
2022-10-08 13:00:00,1665205200000,3.1280000000,3.1370000000,3.1280000000,3.1360000000,6811.4522660000,21332.9787004240,21332.9787004240,1,DORA-USDT
2022-10-08 14:00:00,1665208800000,3.1360000000,3.1700000000,3.1330000000,3.1660000000,17303.2698080000,54601.4684975560,54601.4684975560,1,DORA-USDT
2022-10-08 15:00:00,1665212400000,3.1640000000,3.1720000000,3.1230000000,3.1300000000,29573.4083430000,92832.8346117880,92832.8346117880,1,DORA-USDT
2022-10-08 16:00:00,1665216000000,3.1290000000,3.1410000000,3.1170000000,3.1260000000,16903.6650100000,52851.5948164570,52851.5948164570,1,DORA-USDT
2022-10-08 17:00:00,1665219600000,3.1260000000,3.1270000000,3.1150000000,3.1160000000,9788.0358100000,30528.4351513760,30528.4351513760,1,DORA-USDT
2022-10-08 18:00:00,1665223200000,3.1170000000,3.1370000000,3.1160000000,3.1300000000,13724.6488760000,42919.5455835810,42919.5455835810,1,DORA-USDT
2022-10-08 19:00:00,1665226800000,3.1310000000,3.1510000000,3.1170000000,3.1340000000,24381.7077610000,76517.2397580480,76517.2397580480,1,DORA-USDT
2022-10-08 20:00:00,1665230400000,3.1340000000,3.1390000000,3.1070000000,3.1240000000,18482.9206890000,57695.2916660460,57695.2916660460,1,DORA-USDT
2022-10-08 21:00:00,1665234000000,3.1220000000,3.1340000000,3.0710000000,3.0750000000,62261.4942180000,193973.6932004550,193973.6932004550,1,DORA-USDT
2022-10-08 22:00:00,1665237600000,3.0750000000,3.1570000000,3.0650000000,3.1470000000,61788.4507010000,192568.5580799630,192568.5580799630,1,DORA-USDT
2022-10-08 23:00:00,1665241200000,3.1490000000,3.1750000000,3.1260000000,3.1630000000,27708.0933980000,87266.4343277960,87266.4343277960,1,DORA-USDT
2022-10-09 00:00:00,1665244800000,3.1610000000,3.1760000000,3.1410000000,3.1590000000,32011.1520300000,101067.6768435590,101067.6768435590,1,DORA-USDT
2022-10-09 01:00:00,1665248400000,3.1590000000,3.1850000000,3.1360000000,3.1510000000,59313.8422880000,187139.6501935020,187139.6501935020,1,DORA-USDT
2022-10-09 02:00:00,1665252000000,3.1500000000,3.1520000000,3.1340000000,3.1400000000,10342.6847210000,32490.6196651580,32490.6196651580,1,DORA-USDT
2022-10-09 03:00:00,1665255600000,3.1390000000,3.1390000000,3.1130000000,3.1170000000,13636.7209180000,42602.3739254160,42602.3739254160,1,DORA-USDT
2022-10-09 04:00:00,1665259200000,3.1150000000,3.1270000000,3.1030000000,3.1120000000,19184.6674450000,59770.9321643230,59770.9321643230,1,DORA-USDT
2022-10-09 05:00:00,1665262800000,3.1130000000,3.1140000000,3.0830000000,3.0850000000,26947.1514640000,83490.2990438400,83490.2990438400,1,DORA-USDT
2022-10-09 06:00:00,1665266400000,3.0840000000,3.1200000000,3.0790000000,3.1100000000,26925.6949890000,83489.2134877350,83489.2134877350,1,DORA-USDT
2022-10-09 07:00:00,1665270000000,3.1130000000,3.1280000000,3.1000000000,3.1280000000,24007.4464030000,74737.3623274160,74737.3623274160,1,DORA-USDT
2022-10-09 08:00:00,1665273600000,3.1280000000,3.1450000000,3.1190000000,3.1240000000,20253.5231100000,63453.7509218880,63453.7509218880,1,DORA-USDT
2022-10-09 09:00:00,1665277200000,3.1240000000,3.1430000000,3.0980000000,3.1030000000,32071.9701090000,99958.2791362640,99958.2791362640,1,DORA-USDT
2022-10-09 10:00:00,1665280800000,3.1030000000,3.1070000000,3.0810000000,3.0960000000,21516.3271390000,66610.6392344710,66610.6392344710,1,DORA-USDT
2022-10-09 11:00:00,1665284400000,3.0960000000,3.1010000000,3.0800000000,3.0910000000,20575.7700010000,63555.5063807070,63555.5063807070,1,DORA-USDT
2022-10-09 12:00:00,1665288000000,3.0890000000,3.1070000000,3.0800000000,3.0850000000,21392.6517680000,66135.9997626490,66135.9997626490,1,DORA-USDT
2022-10-09 13:00:00,1665291600000,3.0860000000,3.1050000000,3.0780000000,3.1030000000,20870.1420180000,64456.9479254830,64456.9479254830,1,DORA-USDT
2022-10-09 14:00:00,1665295200000,3.1030000000,3.1120000000,3.0910000000,3.1090000000,14740.2669240000,45702.8470814650,45702.8470814650,1,DORA-USDT
2022-10-09 15:00:00,1665298800000,3.1090000000,3.1110000000,3.0900000000,3.0910000000,11965.2223880000,37095.7963540370,37095.7963540370,1,DORA-USDT
2022-10-09 16:00:00,1665302400000,3.0920000000,3.0970000000,3.0730000000,3.0800000000,37652.4135020000,116208.5086887440,116208.5086887440,1,DORA-USDT
2022-10-09 17:00:00,1665306000000,3.0790000000,3.0910000000,3.0720000000,3.0810000000,13529.1816860000,41702.6649337820,41702.6649337820,1,DORA-USDT
2022-10-09 18:00:00,1665309600000,3.0810000000,3.1160000000,3.0780000000,3.0880000000,22239.8617130000,68806.6023363300,68806.6023363300,1,DORA-USDT
2022-10-09 19:00:00,1665313200000,3.0920000000,3.1200000000,3.0910000000,3.1120000000,23287.5189200000,72381.7502331010,72381.7502331010,1,DORA-USDT
2022-10-09 20:00:00,1665316800000,3.1150000000,3.1240000000,3.1110000000,3.1150000000,8363.2706490000,26061.5536050120,26061.5536050120,1,DORA-USDT
2022-10-09 21:00:00,1665320400000,3.1150000000,3.1190000000,3.0730000000,3.0860000000,27215.4667220000,84230.3492345740,84230.3492345740,1,DORA-USDT
2022-10-09 22:00:00,1665324000000,3.0820000000,3.1060000000,3.0760000000,3.0970000000,17601.3211670000,54391.3877232850,54391.3877232850,1,DORA-USDT
2022-10-09 23:00:00,1665327600000,3.0980000000,3.1090000000,3.0900000000,3.0980000000,19522.2940360000,60491.9531588070,60491.9531588070,1,DORA-USDT
2022-10-10 00:00:00,1665331200000,3.1010000000,3.1140000000,3.0890000000,3.1110000000,27317.6568280000,84775.6929018090,84775.6929018090,1,DORA-USDT
2022-10-10 01:00:00,1665334800000,3.1110000000,3.1980000000,3.0990000000,3.1810000000,50713.7550690000,160276.4061112050,160276.4061112050,1,DORA-USDT
2022-10-10 02:00:00,1665338400000,3.1810000000,3.1940000000,3.1590000000,3.1750000000,21626.0140860000,68605.0251917020,68605.0251917020,1,DORA-USDT
2022-10-10 03:00:00,1665342000000,3.1750000000,3.1830000000,3.1510000000,3.1790000000,23335.6320760000,73997.8445260870,73997.8445260870,1,DORA-USDT
2022-10-10 04:00:00,1665345600000,3.1790000000,3.1950000000,3.1740000000,3.1800000000,16276.5931550000,51821.7629977020,51821.7629977020,1,DORA-USDT
2022-10-10 05:00:00,1665349200000,3.1800000000,3.1940000000,3.1750000000,3.1790000000,18941.2178290000,60296.6457299790,60296.6457299790,1,DORA-USDT
2022-10-10 06:00:00,1665352800000,3.1790000000,3.1900000000,3.1760000000,3.1840000000,10139.7083330000,32288.7335036520,32288.7335036520,1,DORA-USDT
2022-10-10 07:00:00,1665356400000,3.1860000000,3.1900000000,3.1650000000,3.1710000000,21792.6264200000,69212.5400268120,69212.5400268120,1,DORA-USDT
2022-10-10 08:00:00,1665360000000,3.1710000000,3.2040000000,3.1580000000,3.1890000000,37385.4685660000,118864.3982145580,118864.3982145580,1,DORA-USDT
2022-10-10 09:00:00,1665363600000,3.1940000000,3.2190000000,3.1820000000,3.1990000000,33571.0002830000,107369.4414797690,107369.4414797690,1,DORA-USDT
2022-10-10 10:00:00,1665367200000,3.1980000000,3.2000000000,3.1750000000,3.1880000000,20800.9950810000,66369.3117052440,66369.3117052440,1,DORA-USDT
2022-10-10 11:00:00,1665370800000,3.1840000000,3.1940000000,3.1630000000,3.1770000000,19981.3243770000,63531.1752931390,63531.1752931390,1,DORA-USDT
2022-10-10 12:00:00,1665374400000,3.1780000000,3.1830000000,3.1700000000,3.1740000000,7814.6397710000,24808.8397672470,24808.8397672470,1,DORA-USDT
2022-10-10 13:00:00,1665378000000,3.1740000000,3.1750000000,3.1020000000,3.1170000000,45218.4145250000,141437.2326694660,141437.2326694660,1,DORA-USDT
2022-10-10 14:00:00,1665381600000,3.1150000000,3.1330000000,3.1070000000,3.1140000000,22415.7163860000,69948.6368925950,69948.6368925950,1,DORA-USDT
2022-10-10 15:00:00,1665385200000,3.1130000000,3.1570000000,3.1110000000,3.1530000000,21814.5955070000,68389.3465644530,68389.3465644530,1,DORA-USDT
2022-10-10 16:00:00,1665388800000,3.1540000000,3.1560000000,3.0030000000,3.0160000000,83975.2998790000,257683.8397752350,257683.8397752350,1,DORA-USDT
2022-10-10 17:00:00,1665392400000,3.0160000000,3.0450000000,3.0130000000,3.0430000000,18775.2998190000,56917.9275376030,56917.9275376030,1,DORA-USDT
2022-10-10 18:00:00,1665396000000,3.0430000000,3.0840000000,3.0250000000,3.0730000000,26446.7143610000,81202.7191993840,81202.7191993840,1,DORA-USDT
2022-10-10 19:00:00,1665399600000,3.0730000000,3.0860000000,3.0650000000,3.0660000000,14589.1872230000,44876.1669511290,44876.1669511290,1,DORA-USDT
2022-10-10 20:00:00,1665403200000,3.0670000000,3.0770000000,3.0530000000,3.0750000000,16361.2937150000,50164.0015481150,50164.0015481150,1,DORA-USDT
2022-10-10 21:00:00,1665406800000,3.0760000000,3.0810000000,3.0080000000,3.0080000000,33460.6375500000,101739.9937320060,101739.9937320060,1,DORA-USDT
2022-10-10 22:00:00,1665410400000,3.0110000000,3.0460000000,3.0020000000,3.0080000000,28837.1755940000,87142.9103969420,87142.9103969420,1,DORA-USDT
2022-10-10 23:00:00,1665414000000,3.0080000000,3.0410000000,3.0060000000,3.0330000000,29273.4933820000,88584.7235085630,88584.7235085630,1,DORA-USDT
2022-10-11 00:00:00,1665417600000,3.0330000000,3.2100000000,3.0230000000,3.0810000000,79296.7064910000,243630.1500436360,243630.1500436360,1,DORA-USDT
2022-10-11 01:00:00,1665421200000,3.0810000000,3.1250000000,3.0760000000,3.1150000000,28602.9929690000,88853.4821109900,88853.4821109900,1,DORA-USDT
2022-10-11 02:00:00,1665424800000,3.1160000000,3.1170000000,3.0700000000,3.0780000000,40022.1671930000,123876.8778786790,123876.8778786790,1,DORA-USDT
2022-10-11 03:00:00,1665428400000,3.0790000000,3.0790000000,3.0610000000,3.0620000000,14268.5406200000,43779.0443917300,43779.0443917300,1,DORA-USDT
2022-10-11 04:00:00,1665432000000,3.0620000000,3.0700000000,3.0600000000,3.0660000000,7454.2685590000,22841.4612456810,22841.4612456810,1,DORA-USDT
2022-10-11 05:00:00,1665435600000,3.0670000000,3.0690000000,3.0560000000,3.0620000000,19072.0830780000,58402.1703360850,58402.1703360850,1,DORA-USDT
2022-10-11 06:00:00,1665439200000,3.0570000000,3.0660000000,3.0030000000,3.0340000000,31385.7515750000,95276.9570442820,95276.9570442820,1,DORA-USDT
2022-10-11 07:00:00,1665442800000,3.0340000000,3.0540000000,3.0060000000,3.0230000000,26465.0368690000,80325.5173330620,80325.5173330620,1,DORA-USDT
2022-10-11 08:00:00,1665446400000,3.0240000000,3.0240000000,2.9470000000,2.9920000000,49258.0353990000,146686.4401310330,146686.4401310330,1,DORA-USDT
2022-10-11 09:00:00,1665450000000,2.9920000000,3.0240000000,2.9830000000,3.0150000000,25073.7117010000,75308.7480593590,75308.7480593590,1,DORA-USDT
2022-10-11 10:00:00,1665453600000,3.0140000000,3.0690000000,3.0030000000,3.0690000000,23572.9795050000,71404.3803961200,71404.3803961200,1,DORA-USDT
2022-10-11 11:00:00,1665457200000,3.0680000000,3.1240000000,3.0670000000,3.0900000000,45919.5678260000,142173.6992827010,142173.6992827010,1,DORA-USDT
2022-10-11 12:00:00,1665460800000,3.0890000000,3.0970000000,3.0750000000,3.0800000000,18766.5458880000,57905.4533714050,57905.4533714050,1,DORA-USDT
2022-10-11 13:00:00,1665464400000,3.0800000000,3.1400000000,3.0770000000,3.0990000000,37860.5238490000,117927.2968142680,117927.2968142680,1,DORA-USDT
2022-10-11 14:00:00,1665468000000,3.1000000000,3.1100000000,3.0900000000,3.0950000000,19820.1863180000,61447.6947242840,61447.6947242840,1,DORA-USDT
2022-10-11 15:00:00,1665471600000,3.0990000000,3.1110000000,3.0890000000,3.1070000000,17030.8374960000,52837.7086516280,52837.7086516280,1,DORA-USDT
2022-10-11 16:00:00,1665475200000,3.1060000000,3.1170000000,3.0760000000,3.0890000000,25583.8284780000,79285.4000188790,79285.4000188790,1,DORA-USDT
2022-10-11 17:00:00,1665478800000,3.0910000000,3.1080000000,3.0680000000,3.0790000000,20342.5967310000,62766.8659137020,62766.8659137020,1,DORA-USDT
2022-10-11 18:00:00,1665482400000,3.0760000000,3.1070000000,3.0710000000,3.1070000000,19340.1762270000,59793.8317476000,59793.8317476000,1,DORA-USDT
2022-10-11 19:00:00,1665486000000,3.1050000000,3.1260000000,3.0600000000,3.0820000000,35275.7003920000,108959.0666584380,108959.0666584380,1,DORA-USDT
2022-10-11 20:00:00,1665489600000,3.0820000000,3.0900000000,3.0710000000,3.0760000000,16205.5246910000,49941.8510034560,49941.8510034560,1,DORA-USDT
2022-10-11 21:00:00,1665493200000,3.0740000000,3.1130000000,3.0510000000,3.1000000000,40573.4607830000,125125.9205311150,125125.9205311150,1,DORA-USDT
2022-10-11 22:00:00,1665496800000,3.1020000000,3.1870000000,3.0840000000,3.1800000000,79167.2998990000,249421.8793900760,249421.8793900760,1,DORA-USDT
2022-10-11 23:00:00,1665500400000,3.1800000000,3.1890000000,3.1520000000,3.1870000000,42992.2160750000,136224.7521584780,136224.7521584780,1,DORA-USDT
2022-10-12 00:00:00,1665504000000,3.1880000000,3.2170000000,3.1550000000,3.2170000000,34086.8214120000,108483.6225211000,108483.6225211000,1,DORA-USDT
2022-10-12 01:00:00,1665507600000,3.2180000000,3.2250000000,3.1460000000,3.1610000000,32210.5991070000,102261.2053466720,102261.2053466720,1,DORA-USDT
2022-10-12 02:00:00,1665511200000,3.1620000000,3.1730000000,3.1400000000,3.1540000000,19020.7519750000,59964.3465573530,59964.3465573530,1,DORA-USDT
2022-10-12 03:00:00,1665514800000,3.1550000000,3.1630000000,3.1410000000,3.1440000000,21052.4572290000,66348.7916696470,66348.7916696470,1,DORA-USDT
2022-10-12 04:00:00,1665518400000,3.1450000000,3.1490000000,3.1190000000,3.1190000000,20670.1111670000,64815.5106715450,64815.5106715450,1,DORA-USDT
2022-10-12 05:00:00,1665522000000,3.1190000000,3.1330000000,3.1160000000,3.1200000000,12595.2856540000,39323.8780735720,39323.8780735720,1,DORA-USDT
2022-10-12 06:00:00,1665525600000,3.1260000000,3.1520000000,3.1160000000,3.1410000000,25243.7560040000,79046.6623484360,79046.6623484360,1,DORA-USDT
2022-10-12 07:00:00,1665529200000,3.1500000000,3.2130000000,3.1330000000,3.1730000000,54894.6378040000,174746.4309659570,174746.4309659570,1,DORA-USDT
2022-10-12 08:00:00,1665532800000,3.1710000000,3.2110000000,3.1660000000,3.1760000000,32497.1825460000,103635.9268397970,103635.9268397970,1,DORA-USDT
2022-10-12 09:00:00,1665536400000,3.1720000000,3.1770000000,3.1470000000,3.1500000000,14941.9571450000,47209.6344185040,47209.6344185040,1,DORA-USDT
2022-10-12 10:00:00,1665540000000,3.1490000000,3.1720000000,3.1450000000,3.1600000000,21178.6187340000,66911.4877100440,66911.4877100440,1,DORA-USDT
2022-10-12 11:00:00,1665543600000,3.1600000000,3.2220000000,3.1600000000,3.1760000000,52184.1041480000,166822.8379309190,166822.8379309190,1,DORA-USDT
2022-10-12 12:00:00,1665547200000,3.1750000000,3.1950000000,3.1660000000,3.1750000000,16991.5729720000,54075.0825036380,54075.0825036380,1,DORA-USDT
2022-10-12 13:00:00,1665550800000,3.1770000000,3.2020000000,3.1300000000,3.1910000000,48337.2110250000,153166.5645425650,153166.5645425650,1,DORA-USDT
2022-10-12 14:00:00,1665554400000,3.1910000000,3.2110000000,3.1780000000,3.1860000000,31663.4947910000,101236.5123409060,101236.5123409060,1,DORA-USDT
2022-10-12 15:00:00,1665558000000,3.1820000000,3.1950000000,3.1590000000,3.1650000000,17017.4977300000,53986.5415461490,53986.5415461490,1,DORA-USDT
2022-10-12 16:00:00,1665561600000,3.1650000000,3.1720000000,3.1510000000,3.1680000000,16975.2035730000,53647.4377158960,53647.4377158960,1,DORA-USDT
2022-10-12 17:00:00,1665565200000,3.1670000000,3.1920000000,3.1640000000,3.1820000000,13727.2542470000,43665.2210039540,43665.2210039540,1,DORA-USDT
2022-10-12 18:00:00,1665568800000,3.1820000000,3.1830000000,3.1720000000,3.1820000000,8831.3971050000,28071.7224420360,28071.7224420360,1,DORA-USDT
2022-10-12 19:00:00,1665572400000,3.1820000000,3.1850000000,3.1690000000,3.1740000000,12060.1752490000,38312.7066468710,38312.7066468710,1,DORA-USDT
2022-10-12 20:00:00,1665576000000,3.1730000000,3.1910000000,3.1390000000,3.1880000000,29067.6193310000,91972.9049845640,91972.9049845640,1,DORA-USDT
2022-10-12 21:00:00,1665579600000,3.1890000000,3.1890000000,3.1760000000,3.1830000000,10849.5091840000,34529.1782041610,34529.1782041610,1,DORA-USDT
2022-10-12 22:00:00,1665583200000,3.1840000000,3.1850000000,3.1720000000,3.1830000000,10493.9613440000,33347.2381668260,33347.2381668260,1,DORA-USDT
2022-10-12 23:00:00,1665586800000,3.1820000000,3.1980000000,3.1810000000,3.1960000000,10822.7476800000,34552.3227890800,34552.3227890800,1,DORA-USDT
2022-10-13 00:00:00,1665590400000,3.1960000000,3.1970000000,3.1690000000,3.1720000000,12741.4340080000,40564.6905002310,40564.6905002310,1,DORA-USDT
2022-10-13 01:00:00,1665594000000,3.1730000000,3.1770000000,3.1590000000,3.1610000000,8102.5853740000,25671.1454462660,25671.1454462660,1,DORA-USDT
2022-10-13 02:00:00,1665597600000,3.1690000000,3.1850000000,3.1480000000,3.1760000000,18914.5066100000,60002.0213727020,60002.0213727020,1,DORA-USDT
2022-10-13 03:00:00,1665601200000,3.1760000000,3.1960000000,3.1720000000,3.1920000000,12375.8629770000,39404.9527094480,39404.9527094480,1,DORA-USDT
2022-10-13 04:00:00,1665604800000,3.1910000000,3.1980000000,3.1900000000,3.1970000000,4927.8827410000,15741.2690371090,15741.2690371090,1,DORA-USDT
2022-10-13 05:00:00,1665608400000,3.1960000000,3.2000000000,3.1910000000,3.1950000000,9763.9858500000,31205.6349726230,31205.6349726230,1,DORA-USDT
2022-10-13 06:00:00,1665612000000,3.1950000000,3.2060000000,3.1930000000,3.1960000000,11130.6650070000,35596.7353971120,35596.7353971120,1,DORA-USDT
2022-10-13 07:00:00,1665615600000,3.1960000000,3.2150000000,3.1770000000,3.2120000000,14322.1174670000,45765.3216660260,45765.3216660260,1,DORA-USDT
2022-10-13 08:00:00,1665619200000,3.2080000000,3.2150000000,3.2050000000,3.2060000000,9874.3186390000,31696.7095091730,31696.7095091730,1,DORA-USDT
2022-10-13 09:00:00,1665622800000,3.2070000000,3.2100000000,3.1430000000,3.1560000000,32023.2219820000,101560.5162801300,101560.5162801300,1,DORA-USDT
2022-10-13 10:00:00,1665626400000,3.1550000000,3.1750000000,3.1400000000,3.1490000000,29028.6760200000,91623.0248831320,91623.0248831320,1,DORA-USDT
2022-10-13 11:00:00,1665630000000,3.1510000000,3.2070000000,3.1410000000,3.2020000000,32493.4490610000,103350.0213166900,103350.0213166900,1,DORA-USDT
2022-10-13 12:00:00,1665633600000,3.2020000000,3.2020000000,3.1750000000,3.1970000000,21188.0713450000,67522.1317291440,67522.1317291440,1,DORA-USDT
2022-10-13 13:00:00,1665637200000,3.1960000000,3.2050000000,3.1730000000,3.2000000000,25716.8936950000,81966.1764645360,81966.1764645360,1,DORA-USDT
2022-10-13 14:00:00,1665640800000,3.2010000000,3.2030000000,3.1330000000,3.1530000000,24110.3062490000,76529.2296687150,76529.2296687150,1,DORA-USDT
2022-10-13 15:00:00,1665644400000,3.1560000000,3.1580000000,3.0630000000,3.1140000000,59424.8190610000,185347.8990281260,185347.8990281260,1,DORA-USDT
2022-10-13 16:00:00,1665648000000,3.1160000000,3.1230000000,3.0830000000,3.0970000000,32170.0637100000,99782.1306177680,99782.1306177680,1,DORA-USDT
2022-10-13 17:00:00,1665651600000,3.0940000000,3.1140000000,3.0780000000,3.0840000000,17511.0641170000,54140.8888515060,54140.8888515060,1,DORA-USDT
2022-10-13 18:00:00,1665655200000,3.0860000000,3.0890000000,2.9110000000,2.9840000000,91347.0668610000,273161.2556952890,273161.2556952890,1,DORA-USDT
2022-10-13 19:00:00,1665658800000,2.9830000000,3.0270000000,2.9750000000,3.0050000000,38453.4818050000,115447.3795051300,115447.3795051300,1,DORA-USDT
2022-10-13 20:00:00,1665662400000,3.0080000000,3.0800000000,2.9730000000,3.0230000000,32383.1283720000,97415.5498034110,97415.5498034110,1,DORA-USDT
2022-10-13 21:00:00,1665666000000,3.0200000000,3.0290000000,2.9950000000,3.0270000000,26585.1536350000,80058.9150209870,80058.9150209870,1,DORA-USDT
2022-10-13 22:00:00,1665669600000,3.0290000000,3.0430000000,3.0160000000,3.0310000000,21549.5146720000,65257.2191259890,65257.2191259890,1,DORA-USDT
2022-10-13 23:00:00,1665673200000,3.0300000000,3.1180000000,2.9970000000,3.1150000000,63873.1434640000,195660.9593440610,195660.9593440610,1,DORA-USDT
2022-10-14 00:00:00,1665676800000,3.1180000000,3.1340000000,3.1030000000,3.1160000000,23936.6661780000,74646.3835015030,74646.3835015030,1,DORA-USDT
2022-10-14 01:00:00,1665680400000,3.1160000000,3.2230000000,3.1100000000,3.2120000000,78947.1656520000,251786.9391803860,251786.9391803860,1,DORA-USDT
2022-10-14 02:00:00,1665684000000,3.2120000000,3.2450000000,3.2110000000,3.2400000000,19023.9615120000,61414.6708170100,61414.6708170100,1,DORA-USDT
2022-10-14 03:00:00,1665687600000,3.2440000000,3.2530000000,3.2330000000,3.2400000000,14556.2421120000,47191.7192797930,47191.7192797930,1,DORA-USDT
2022-10-14 04:00:00,1665691200000,3.2400000000,3.2620000000,3.2390000000,3.2620000000,10979.8705830000,35716.9403073910,35716.9403073910,1,DORA-USDT
2022-10-14 05:00:00,1665694800000,3.2630000000,3.2950000000,3.2630000000,3.2790000000,26504.1511250000,86952.2476854430,86952.2476854430,1,DORA-USDT
2022-10-14 06:00:00,1665698400000,3.2840000000,3.2950000000,3.2560000000,3.2600000000,15352.9898440000,50236.8238436680,50236.8238436680,1,DORA-USDT
2022-10-14 07:00:00,1665702000000,3.2590000000,3.2850000000,3.2570000000,3.2640000000,16867.9501600000,55055.5366004700,55055.5366004700,1,DORA-USDT
2022-10-14 08:00:00,1665705600000,3.2660000000,3.3030000000,3.2590000000,3.3010000000,29126.6777250000,95590.0416756550,95590.0416756550,1,DORA-USDT
2022-10-14 09:00:00,1665709200000,3.3010000000,3.3080000000,3.2540000000,3.2690000000,35282.0211780000,115775.2938493200,115775.2938493200,1,DORA-USDT
2022-10-14 10:00:00,1665712800000,3.2690000000,3.2770000000,3.2540000000,3.2610000000,13745.7423340000,44872.6980706060,44872.6980706060,1,DORA-USDT
2022-10-14 11:00:00,1665716400000,3.2600000000,3.2720000000,3.2420000000,3.2420000000,21292.3470200000,69373.9437852480,69373.9437852480,1,DORA-USDT
2022-10-14 12:00:00,1665720000000,3.2420000000,3.2560000000,3.2420000000,3.2510000000,9124.8634840000,29657.8848329410,29657.8848329410,1,DORA-USDT
2022-10-14 13:00:00,1665723600000,3.2510000000,3.2590000000,3.2210000000,3.2320000000,16322.1867930000,52878.4428904700,52878.4428904700,1,DORA-USDT
2022-10-14 14:00:00,1665727200000,3.2320000000,3.2760000000,3.2260000000,3.2660000000,22292.7183920000,72639.9889464730,72639.9889464730,1,DORA-USDT
2022-10-14 15:00:00,1665730800000,3.2660000000,3.2730000000,3.1450000000,3.2540000000,77899.8089480000,250843.8297305370,250843.8297305370,1,DORA-USDT
2022-10-14 16:00:00,1665734400000,3.2570000000,3.2630000000,3.2220000000,3.2250000000,26484.0000190000,85832.5321920520,85832.5321920520,1,DORA-USDT
2022-10-14 17:00:00,1665738000000,3.2240000000,3.2400000000,3.2180000000,3.2360000000,12352.9272970000,39866.5775693380,39866.5775693380,1,DORA-USDT
2022-10-14 18:00:00,1665741600000,3.2360000000,3.2430000000,3.2320000000,3.2430000000,9154.9958700000,29646.8350492120,29646.8350492120,1,DORA-USDT
2022-10-14 19:00:00,1665745200000,3.2420000000,3.3000000000,3.2420000000,3.2820000000,32807.4166790000,107601.0781326580,107601.0781326580,1,DORA-USDT
2022-10-14 20:00:00,1665748800000,3.2810000000,3.2990000000,3.2410000000,3.2670000000,25886.6245390000,84594.1439085140,84594.1439085140,1,DORA-USDT
2022-10-14 21:00:00,1665752400000,3.2650000000,3.2680000000,3.2480000000,3.2500000000,9360.2496790000,30487.7450886330,30487.7450886330,1,DORA-USDT
2022-10-14 22:00:00,1665756000000,3.2440000000,3.2500000000,3.1610000000,3.2270000000,82729.0418520000,265171.8984081270,265171.8984081270,1,DORA-USDT
2022-10-14 23:00:00,1665759600000,3.2280000000,3.2600000000,3.2190000000,3.2550000000,21471.6498540000,69541.4677103910,69541.4677103910,1,DORA-USDT
2022-10-15 00:00:00,1665763200000,3.2550000000,3.2590000000,3.2270000000,3.2280000000,25008.5240480000,81026.0352466050,81026.0352466050,1,DORA-USDT
2022-10-15 01:00:00,1665766800000,3.2280000000,3.2300000000,3.1850000000,3.2000000000,20833.1667550000,66724.9185453180,66724.9185453180,1,DORA-USDT
2022-10-15 02:00:00,1665770400000,3.2030000000,3.2040000000,3.1580000000,3.1880000000,23447.3953170000,74668.6941034090,74668.6941034090,1,DORA-USDT
2022-10-15 03:00:00,1665774000000,3.1880000000,3.2010000000,3.1840000000,3.1990000000,12733.0585230000,40670.9688816630,40670.9688816630,1,DORA-USDT
2022-10-15 04:00:00,1665777600000,3.1990000000,3.2190000000,3.1890000000,3.2100000000,20793.7975270000,66698.5707121230,66698.5707121230,1,DORA-USDT
2022-10-15 05:00:00,1665781200000,3.2110000000,3.2190000000,3.1980000000,3.2110000000,15395.6302080000,49439.2743195150,49439.2743195150,1,DORA-USDT
2022-10-15 06:00:00,1665784800000,3.2080000000,3.2340000000,3.1980000000,3.2240000000,26556.7928500000,85355.2288574940,85355.2288574940,1,DORA-USDT
2022-10-15 07:00:00,1665788400000,3.2260000000,3.2360000000,3.2200000000,3.2230000000,10284.5312950000,33197.0163859880,33197.0163859880,1,DORA-USDT
2022-10-15 08:00:00,1665792000000,3.2260000000,3.2290000000,3.1780000000,3.1890000000,26669.9387390000,85249.6732438970,85249.6732438970,1,DORA-USDT
2022-10-15 09:00:00,1665795600000,3.1900000000,3.1910000000,3.1790000000,3.1830000000,8568.2511220000,27297.6334874310,27297.6334874310,1,DORA-USDT
2022-10-15 10:00:00,1665799200000,3.1850000000,3.1890000000,3.1790000000,3.1850000000,9277.4114870000,29531.3365323290,29531.3365323290,1,DORA-USDT
2022-10-15 11:00:00,1665802800000,3.1850000000,3.1880000000,3.1810000000,3.1840000000,5481.8718140000,17458.1289467300,17458.1289467300,1,DORA-USDT
2022-10-15 12:00:00,1665806400000,3.1870000000,3.1920000000,3.1830000000,3.1920000000,5311.0033040000,16922.4436759390,16922.4436759390,1,DORA-USDT
2022-10-15 13:00:00,1665810000000,3.1920000000,3.1940000000,3.1810000000,3.1820000000,5518.9518870000,17585.0202700370,17585.0202700370,1,DORA-USDT
2022-10-15 14:00:00,1665813600000,3.1840000000,3.1920000000,3.1820000000,3.1830000000,3741.2647710000,11914.3990923600,11914.3990923600,1,DORA-USDT
2022-10-15 15:00:00,1665817200000,3.1830000000,3.2010000000,3.1790000000,3.1820000000,14923.6686580000,47566.1790062630,47566.1790062630,1,DORA-USDT
2022-10-15 16:00:00,1665820800000,3.1820000000,3.1840000000,3.1750000000,3.1800000000,3573.1354360000,11366.4131893280,11366.4131893280,1,DORA-USDT
2022-10-15 17:00:00,1665824400000,3.1820000000,3.1980000000,3.1800000000,3.1950000000,7028.9945300000,22422.2615520420,22422.2615520420,1,DORA-USDT
2022-10-15 18:00:00,1665828000000,3.1950000000,3.2310000000,3.1950000000,3.2310000000,18395.2461710000,59164.6845122100,59164.6845122100,1,DORA-USDT
2022-10-15 19:00:00,1665831600000,3.2310000000,3.2460000000,3.2260000000,3.2360000000,12395.5230490000,40087.2470420310,40087.2470420310,1,DORA-USDT
2022-10-15 20:00:00,1665835200000,3.2350000000,3.2790000000,3.2350000000,3.2760000000,18154.9896420000,59267.8745653470,59267.8745653470,1,DORA-USDT
2022-10-15 21:00:00,1665838800000,3.2760000000,3.2960000000,3.2750000000,3.2790000000,15922.8968040000,52292.9086068140,52292.9086068140,1,DORA-USDT
2022-10-15 22:00:00,1665842400000,3.2800000000,3.2930000000,3.2760000000,3.2870000000,13913.8430710000,45704.4906320910,45704.4906320910,1,DORA-USDT
2022-10-15 23:00:00,1665846000000,3.2870000000,3.2960000000,3.2730000000,3.2890000000,10049.0885820000,33000.3752714050,33000.3752714050,1,DORA-USDT
2022-10-16 00:00:00,1665849600000,3.2890000000,3.2900000000,3.2630000000,3.2660000000,21185.2457060000,69422.8769849130,69422.8769849130,1,DORA-USDT
2022-10-16 01:00:00,1665853200000,3.2660000000,3.2790000000,3.2660000000,3.2740000000,7698.1054650000,25201.4205043250,25201.4205043250,1,DORA-USDT
2022-10-16 02:00:00,1665856800000,3.2740000000,3.2870000000,3.2520000000,3.2520000000,16526.3862530000,53930.6199584370,53930.6199584370,1,DORA-USDT
2022-10-16 03:00:00,1665860400000,3.2510000000,3.2530000000,3.2380000000,3.2420000000,6952.1225490000,22564.7847870050,22564.7847870050,1,DORA-USDT
2022-10-16 04:00:00,1665864000000,3.2420000000,3.2470000000,3.2300000000,3.2310000000,4172.9565040000,13514.4705694300,13514.4705694300,1,DORA-USDT
2022-10-16 05:00:00,1665867600000,3.2310000000,3.2320000000,3.1930000000,3.2240000000,20459.6548690000,65740.8029618510,65740.8029618510,1,DORA-USDT
2022-10-16 06:00:00,1665871200000,3.2270000000,3.2770000000,3.2150000000,3.2480000000,39169.4764960000,127222.2347807890,127222.2347807890,1,DORA-USDT
2022-10-16 07:00:00,1665874800000,3.2480000000,3.2690000000,3.2290000000,3.2520000000,23820.4558250000,77401.7668393600,77401.7668393600,1,DORA-USDT
2022-10-16 08:00:00,1665878400000,3.2540000000,3.2990000000,3.2480000000,3.2920000000,21226.2261170000,69574.1517242560,69574.1517242560,1,DORA-USDT
2022-10-16 09:00:00,1665882000000,3.2920000000,3.3030000000,3.2650000000,3.2650000000,22956.3655330000,75370.9782725910,75370.9782725910,1,DORA-USDT
2022-10-16 10:00:00,1665885600000,3.2670000000,3.2820000000,3.2450000000,3.2450000000,20966.4949000000,68492.9016788250,68492.9016788250,1,DORA-USDT
2022-10-16 11:00:00,1665889200000,3.2450000000,3.2670000000,3.2410000000,3.2420000000,24573.0413090000,79880.4319142940,79880.4319142940,1,DORA-USDT
2022-10-16 12:00:00,1665892800000,3.2430000000,3.2470000000,3.2130000000,3.2190000000,11504.6702390000,37134.1901922520,37134.1901922520,1,DORA-USDT
2022-10-16 13:00:00,1665896400000,3.2170000000,3.2240000000,3.2100000000,3.2100000000,5113.5233360000,16449.4769973260,16449.4769973260,1,DORA-USDT
2022-10-16 14:00:00,1665900000000,3.2110000000,3.2180000000,3.1890000000,3.1980000000,15320.5590690000,48996.6755990800,48996.6755990800,1,DORA-USDT
2022-10-16 15:00:00,1665903600000,3.1970000000,3.1980000000,3.1410000000,3.1540000000,9652.5559170000,30629.6128744360,30629.6128744360,1,DORA-USDT
2022-10-16 16:00:00,1665907200000,3.1530000000,3.1800000000,3.1530000000,3.1700000000,19945.0808070000,63183.6712730820,63183.6712730820,1,DORA-USDT
2022-10-16 17:00:00,1665910800000,3.1710000000,3.1720000000,3.1480000000,3.1570000000,14279.1603620000,45055.3097606310,45055.3097606310,1,DORA-USDT
2022-10-16 18:00:00,1665914400000,3.1570000000,3.1630000000,3.1390000000,3.1500000000,19456.2860780000,61260.3868923160,61260.3868923160,1,DORA-USDT
2022-10-16 19:00:00,1665918000000,3.1490000000,3.1630000000,3.1420000000,3.1560000000,20106.2829050000,63393.4916705980,63393.4916705980,1,DORA-USDT
2022-10-16 20:00:00,1665921600000,3.1560000000,3.1970000000,3.1320000000,3.1770000000,44041.9911700000,139474.6837934450,139474.6837934450,1,DORA-USDT
2022-10-16 21:00:00,1665925200000,3.1770000000,3.1840000000,3.1340000000,3.1700000000,26744.9293490000,84465.4399461580,84465.4399461580,1,DORA-USDT
2022-10-16 22:00:00,1665928800000,3.1700000000,3.1700000000,3.1310000000,3.1420000000,21305.9746320000,67084.0825593150,67084.0825593150,1,DORA-USDT
2022-10-16 23:00:00,1665932400000,3.1400000000,3.1560000000,3.1310000000,3.1370000000,19042.8980580000,59856.1428099690,59856.1428099690,1,DORA-USDT
2022-10-17 00:00:00,1665936000000,3.1360000000,3.1590000000,3.1290000000,3.1450000000,22594.3518630000,70914.6690869030,70914.6690869030,1,DORA-USDT
2022-10-17 01:00:00,1665939600000,3.1450000000,3.1580000000,3.1230000000,3.1290000000,35144.5962880000,110293.4933781350,110293.4933781350,1,DORA-USDT
2022-10-17 02:00:00,1665943200000,3.1290000000,3.1340000000,3.1110000000,3.1270000000,33542.3326210000,104745.8720718270,104745.8720718270,1,DORA-USDT
2022-10-17 03:00:00,1665946800000,3.1270000000,3.1740000000,3.1270000000,3.1700000000,29220.1226520000,92136.2241083500,92136.2241083500,1,DORA-USDT
2022-10-17 04:00:00,1665950400000,3.1720000000,3.1780000000,3.1350000000,3.1440000000,25440.8688860000,80229.5630339880,80229.5630339880,1,DORA-USDT
2022-10-17 05:00:00,1665954000000,3.1440000000,3.1530000000,3.1170000000,3.1170000000,21717.3539490000,68078.3573479720,68078.3573479720,1,DORA-USDT
2022-10-17 06:00:00,1665957600000,3.1170000000,3.1490000000,3.1130000000,3.1400000000,21843.5241590000,68503.0902459440,68503.0902459440,1,DORA-USDT
2022-10-17 07:00:00,1665961200000,3.1450000000,3.1500000000,3.1230000000,3.1360000000,13992.4400710000,43920.6015387740,43920.6015387740,1,DORA-USDT
2022-10-17 08:00:00,1665964800000,3.1360000000,3.1550000000,3.1240000000,3.1380000000,23234.0011990000,72852.5457308790,72852.5457308790,1,DORA-USDT
2022-10-17 09:00:00,1665968400000,3.1380000000,3.1560000000,3.1350000000,3.1350000000,16032.2675320000,50439.7872508000,50439.7872508000,1,DORA-USDT
2022-10-17 10:00:00,1665972000000,3.1340000000,3.1540000000,3.1340000000,3.1440000000,16889.3105090000,53094.7622424360,53094.7622424360,1,DORA-USDT
2022-10-17 11:00:00,1665975600000,3.1430000000,3.1580000000,3.1340000000,3.1460000000,16998.6623550000,53453.1354335200,53453.1354335200,1,DORA-USDT
2022-10-17 12:00:00,1665979200000,3.1460000000,3.1570000000,3.1330000000,3.1550000000,12803.0211320000,40243.7322003490,40243.7322003490,1,DORA-USDT
2022-10-17 13:00:00,1665982800000,3.1550000000,3.1650000000,3.1490000000,3.1600000000,8155.5591800000,25747.1012184920,25747.1012184920,1,DORA-USDT
2022-10-17 14:00:00,1665986400000,3.1600000000,3.1850000000,3.1600000000,3.1710000000,13645.5956890000,43314.9450010620,43314.9450010620,1,DORA-USDT
2022-10-17 15:00:00,1665990000000,3.1710000000,3.1970000000,3.1710000000,3.1760000000,17989.4073290000,57297.1380540040,57297.1380540040,1,DORA-USDT
2022-10-17 16:00:00,1665993600000,3.1770000000,3.1920000000,3.1730000000,3.1790000000,10689.6636670000,34025.7963474010,34025.7963474010,1,DORA-USDT
2022-10-17 17:00:00,1665997200000,3.1790000000,3.2320000000,3.1710000000,3.1970000000,33539.3195990000,107341.3180612770,107341.3180612770,1,DORA-USDT
2022-10-17 18:00:00,1666000800000,3.1960000000,3.2530000000,3.1960000000,3.2350000000,31185.2838550000,100751.1674500190,100751.1674500190,1,DORA-USDT
2022-10-17 19:00:00,1666004400000,3.2360000000,3.2450000000,3.2300000000,3.2310000000,11491.2766970000,37213.1516081330,37213.1516081330,1,DORA-USDT
2022-10-17 20:00:00,1666008000000,3.2310000000,3.2470000000,3.1970000000,3.2310000000,26316.4494900000,84730.0524170300,84730.0524170300,1,DORA-USDT
2022-10-17 21:00:00,1666011600000,3.2300000000,3.2850000000,3.2300000000,3.2800000000,30660.1791820000,100173.1673643450,100173.1673643450,1,DORA-USDT
2022-10-17 22:00:00,1666015200000,3.2870000000,3.2940000000,3.2100000000,3.2130000000,44843.3851740000,145119.0946356140,145119.0946356140,1,DORA-USDT
2022-10-17 23:00:00,1666018800000,3.2130000000,3.2190000000,3.1770000000,3.1860000000,28618.7727090000,91459.8231423840,91459.8231423840,1,DORA-USDT
2022-10-18 00:00:00,1666022400000,3.1850000000,3.1880000000,3.1500000000,3.1560000000,28979.8591900000,91884.9123579110,91884.9123579110,1,DORA-USDT
2022-10-18 01:00:00,1666026000000,3.1540000000,3.1590000000,3.1470000000,3.1580000000,8710.5913530000,27480.2692689900,27480.2692689900,1,DORA-USDT
2022-10-18 02:00:00,1666029600000,3.1580000000,3.1630000000,3.1320000000,3.1560000000,22879.5630030000,72054.3437515540,72054.3437515540,1,DORA-USDT
2022-10-18 03:00:00,1666033200000,3.1550000000,3.1680000000,3.1530000000,3.1640000000,6277.7382260000,19851.9811797520,19851.9811797520,1,DORA-USDT
2022-10-18 04:00:00,1666036800000,3.1640000000,3.2320000000,3.1640000000,3.2310000000,39577.2498440000,126788.7351274920,126788.7351274920,1,DORA-USDT
2022-10-18 05:00:00,1666040400000,3.2310000000,3.2340000000,3.2090000000,3.2200000000,26280.0700620000,84738.7324903240,84738.7324903240,1,DORA-USDT
2022-10-18 06:00:00,1666044000000,3.2210000000,3.2510000000,3.2180000000,3.2410000000,21507.7281890000,69648.5157286150,69648.5157286150,1,DORA-USDT
2022-10-18 07:00:00,1666047600000,3.2480000000,3.2480000000,3.2160000000,3.2390000000,21201.0405240000,68545.4831710740,68545.4831710740,1,DORA-USDT
2022-10-18 08:00:00,1666051200000,3.2360000000,3.2920000000,3.2360000000,3.2730000000,47008.2683870000,153986.1131121770,153986.1131121770,1,DORA-USDT
2022-10-18 09:00:00,1666054800000,3.2740000000,3.2760000000,3.2570000000,3.2710000000,11681.1860180000,38177.7739902690,38177.7739902690,1,DORA-USDT
2022-10-18 10:00:00,1666058400000,3.2710000000,3.2940000000,3.2300000000,3.2410000000,31100.7672540000,101529.6265490530,101529.6265490530,1,DORA-USDT
2022-10-18 11:00:00,1666062000000,3.2390000000,3.2760000000,3.2360000000,3.2700000000,26468.0860160000,86205.0542339160,86205.0542339160,1,DORA-USDT
2022-10-18 12:00:00,1666065600000,3.2690000000,3.2790000000,3.2500000000,3.2650000000,19399.5363120000,63393.9492838140,63393.9492838140,1,DORA-USDT
2022-10-18 13:00:00,1666069200000,3.2660000000,3.2830000000,3.2550000000,3.2790000000,14995.1414990000,49018.3772003060,49018.3772003060,1,DORA-USDT
2022-10-18 14:00:00,1666072800000,3.2790000000,3.2930000000,3.2620000000,3.2730000000,15503.6741850000,50782.8348879490,50782.8348879490,1,DORA-USDT
2022-10-18 15:00:00,1666076400000,3.2740000000,3.2790000000,3.2510000000,3.2610000000,10542.3905380000,34428.3760443720,34428.3760443720,1,DORA-USDT
2022-10-18 16:00:00,1666080000000,3.2620000000,3.2820000000,3.1890000000,3.1980000000,65855.4201350000,213020.8831215820,213020.8831215820,1,DORA-USDT
2022-10-18 17:00:00,1666083600000,3.1990000000,3.2200000000,3.1690000000,3.2020000000,42184.8390140000,135074.2572430210,135074.2572430210,1,DORA-USDT
2022-10-18 18:00:00,1666087200000,3.2010000000,3.2190000000,3.2010000000,3.2090000000,14236.4955360000,45722.1013055790,45722.1013055790,1,DORA-USDT
2022-10-18 19:00:00,1666090800000,3.2050000000,3.2260000000,3.2050000000,3.2200000000,9762.3630560000,31412.5369275550,31412.5369275550,1,DORA-USDT
2022-10-18 20:00:00,1666094400000,3.2190000000,3.2860000000,3.2160000000,3.2810000000,39783.1948190000,129708.6762753800,129708.6762753800,1,DORA-USDT
2022-10-18 21:00:00,1666098000000,3.2830000000,3.2890000000,3.2350000000,3.2670000000,40478.9705880000,132182.3427921460,132182.3427921460,1,DORA-USDT
2022-10-18 22:00:00,1666101600000,3.2660000000,3.3280000000,3.2200000000,3.2930000000,93625.7997080000,307539.0983796220,307539.0983796220,1,DORA-USDT
2022-10-18 23:00:00,1666105200000,3.2930000000,3.3370000000,3.2360000000,3.3270000000,66129.6054430000,217609.0926809580,217609.0926809580,1,DORA-USDT
2022-10-19 00:00:00,1666108800000,3.3280000000,3.3990000000,3.2810000000,3.3920000000,73847.0995530000,246446.0521685010,246446.0521685010,1,DORA-USDT
2022-10-19 01:00:00,1666112400000,3.3960000000,3.3990000000,3.2740000000,3.3280000000,64583.1501600000,215694.3433687540,215694.3433687540,1,DORA-USDT
2022-10-19 02:00:00,1666116000000,3.3280000000,3.3290000000,3.1930000000,3.2280000000,68563.2416060000,222168.8563449870,222168.8563449870,1,DORA-USDT
2022-10-19 03:00:00,1666119600000,3.2300000000,3.2790000000,3.2110000000,3.2780000000,47990.9956950000,156017.2321331110,156017.2321331110,1,DORA-USDT
2022-10-19 04:00:00,1666123200000,3.2780000000,3.3410000000,3.2760000000,3.3150000000,45143.9282890000,149537.8377654790,149537.8377654790,1,DORA-USDT
2022-10-19 05:00:00,1666126800000,3.3120000000,3.3360000000,3.2940000000,3.3200000000,28260.6891900000,93772.3570277370,93772.3570277370,1,DORA-USDT
2022-10-19 06:00:00,1666130400000,3.3240000000,3.3480000000,3.3140000000,3.3370000000,24187.8991390000,80580.3634121650,80580.3634121650,1,DORA-USDT
2022-10-19 07:00:00,1666134000000,3.3360000000,3.3820000000,3.3340000000,3.3410000000,26595.0179460000,89148.6181103780,89148.6181103780,1,DORA-USDT
2022-10-19 08:00:00,1666137600000,3.3440000000,3.3470000000,3.2710000000,3.3110000000,56829.7136490000,188489.4407280510,188489.4407280510,1,DORA-USDT
2022-10-19 09:00:00,1666141200000,3.3110000000,3.3690000000,3.3070000000,3.3510000000,35989.6723030000,120475.3510104810,120475.3510104810,1,DORA-USDT
2022-10-19 10:00:00,1666144800000,3.3510000000,3.3540000000,3.3120000000,3.3490000000,34122.8651810000,113762.7192357240,113762.7192357240,1,DORA-USDT
2022-10-19 11:00:00,1666148400000,3.3500000000,3.5580000000,3.3470000000,3.4770000000,129484.4487300000,449259.9383430710,449259.9383430710,1,DORA-USDT
2022-10-19 12:00:00,1666152000000,3.4760000000,3.5740000000,3.4650000000,3.5090000000,82760.8142400000,291102.8449413020,291102.8449413020,1,DORA-USDT
2022-10-19 13:00:00,1666155600000,3.5100000000,3.5470000000,3.4830000000,3.5310000000,55785.5363820000,196183.3697322500,196183.3697322500,1,DORA-USDT
2022-10-19 14:00:00,1666159200000,3.5300000000,3.5480000000,3.4820000000,3.5200000000,59931.2085420000,210515.7843226540,210515.7843226540,1,DORA-USDT
2022-10-19 15:00:00,1666162800000,3.5190000000,3.5420000000,3.4950000000,3.5210000000,37916.3033770000,133358.7040105160,133358.7040105160,1,DORA-USDT
2022-10-19 16:00:00,1666166400000,3.5220000000,3.6090000000,3.4800000000,3.5310000000,123295.4423420000,437251.7637010940,437251.7637010940,1,DORA-USDT
2022-10-19 17:00:00,1666170000000,3.5330000000,3.5660000000,3.4800000000,3.5050000000,81880.6957520000,288331.9804318020,288331.9804318020,1,DORA-USDT
2022-10-19 18:00:00,1666173600000,3.5050000000,3.5520000000,3.4900000000,3.5480000000,20337.7196180000,71624.6502904670,71624.6502904670,1,DORA-USDT
2022-10-19 19:00:00,1666177200000,3.5470000000,3.5930000000,3.4960000000,3.5520000000,24687.5057200000,87368.8993624140,87368.8993624140,1,DORA-USDT
2022-10-19 20:00:00,1666180800000,3.5450000000,3.5610000000,3.4950000000,3.5430000000,19221.2479570000,67926.2189657560,67926.2189657560,1,DORA-USDT
2022-10-19 21:00:00,1666184400000,3.5410000000,3.6950000000,3.5290000000,3.5710000000,47578.3092430000,170685.2524425030,170685.2524425030,1,DORA-USDT
2022-10-19 22:00:00,1666188000000,3.5710000000,3.7010000000,3.5460000000,3.6300000000,46180.5779740000,167572.0988394880,167572.0988394880,1,DORA-USDT
2022-10-19 23:00:00,1666191600000,3.6300000000,3.6500000000,3.5500000000,3.6450000000,20021.4348080000,72137.1028354840,72137.1028354840,1,DORA-USDT
2022-10-20 00:00:00,1666195200000,3.6400000000,3.6450000000,3.5570000000,3.5660000000,14749.8173730000,53024.5960120520,53024.5960120520,1,DORA-USDT
2022-10-20 01:00:00,1666198800000,3.5660000000,3.5860000000,3.4840000000,3.5700000000,31943.6851420000,112968.2942040060,112968.2942040060,1,DORA-USDT
2022-10-20 02:00:00,1666202400000,3.5700000000,3.5850000000,3.5290000000,3.5510000000,3588.6221840000,12742.7691319320,12742.7691319320,1,DORA-USDT
2022-10-20 03:00:00,1666206000000,3.5500000000,3.5650000000,3.5290000000,3.5530000000,3552.0511540000,12575.3527840950,12575.3527840950,1,DORA-USDT
2022-10-20 04:00:00,1666209600000,3.5550000000,3.6250000000,3.5550000000,3.5990000000,11217.7005470000,40373.4110151050,40373.4110151050,1,DORA-USDT
2022-10-20 05:00:00,1666213200000,3.6000000000,3.6120000000,3.5820000000,3.6050000000,1018.4999460000,3664.9329132730,3664.9329132730,1,DORA-USDT
2022-10-20 06:00:00,1666216800000,3.6030000000,3.6190000000,3.5300000000,3.5360000000,1833.0452760000,6536.8520098900,6536.8520098900,1,DORA-USDT
2022-10-20 07:00:00,1666220400000,3.5300000000,3.5530000000,3.4970000000,3.5390000000,6636.5441480000,23327.0193817220,23327.0193817220,1,DORA-USDT
2022-10-20 08:00:00,1666224000000,3.5360000000,3.5810000000,3.5000000000,3.5250000000,11463.4016610000,40561.3677210000,40561.3677210000,1,DORA-USDT
2022-10-20 09:00:00,1666227600000,3.5240000000,3.5900000000,3.5070000000,3.5810000000,7040.4359720000,24985.2242040000,24985.2242040000,1,DORA-USDT
2022-10-20 10:00:00,1666231200000,3.5800000000,3.6000000000,3.5600000000,3.5860000000,5155.4546960000,18433.7390030000,18433.7390030000,1,DORA-USDT
2022-10-20 11:00:00,1666234800000,3.5790000000,3.6480000000,3.5740000000,3.6450000000,10027.8881150000,36238.9312470000,36238.9312470000,1,DORA-USDT
2022-10-20 12:00:00,1666238400000,3.6460000000,3.6480000000,3.6010000000,3.6150000000,3008.2050240000,10906.4403650000,10906.4403650000,1,DORA-USDT
2022-10-20 13:00:00,1666242000000,3.6130000000,3.6460000000,3.5800000000,3.6180000000,3647.8717340000,13171.9921910000,13171.9921910000,1,DORA-USDT
2022-10-20 14:00:00,1666245600000,3.6120000000,3.6170000000,3.5840000000,3.6020000000,2081.1321130000,7497.8430160000,7497.8430160000,1,DORA-USDT
2022-10-20 15:00:00,1666249200000,3.6020000000,3.6290000000,3.5860000000,3.6180000000,2621.9898810000,9446.9953870000,9446.9953870000,1,DORA-USDT
2022-10-20 16:00:00,1666252800000,3.6050000000,3.6150000000,3.5100000000,3.5300000000,17660.8838440000,62977.9855610000,62977.9855610000,1,DORA-USDT
2022-10-20 17:00:00,1666256400000,3.5410000000,3.5670000000,3.5200000000,3.5620000000,6136.0988970000,21722.5879940000,21722.5879940000,1,DORA-USDT
2022-10-20 18:00:00,1666260000000,3.5620000000,3.5660000000,3.5420000000,3.5620000000,1676.2535520000,5959.8059670000,5959.8059670000,1,DORA-USDT
2022-10-20 19:00:00,1666263600000,3.5640000000,3.5690000000,3.5170000000,3.5400000000,4023.4879260000,14250.7818280000,14250.7818280000,1,DORA-USDT
2022-10-20 20:00:00,1666267200000,3.5370000000,3.5550000000,3.5330000000,3.5380000000,1445.5497640000,5122.3433390000,5122.3433390000,1,DORA-USDT
2022-10-20 21:00:00,1666270800000,3.5370000000,3.5750000000,3.5300000000,3.5590000000,1934.2375440000,6863.0604150000,6863.0604150000,1,DORA-USDT
2022-10-20 22:00:00,1666274400000,3.5630000000,3.5740000000,3.5270000000,3.5270000000,1754.1996490000,6227.9892840000,6227.9892840000,1,DORA-USDT
2022-10-20 23:00:00,1666278000000,3.5310000000,3.5350000000,3.4990000000,3.5110000000,2252.4581140000,7916.5054120000,7916.5054120000,1,DORA-USDT
2022-10-21 00:00:00,1666281600000,3.5010000000,3.5110000000,3.4520000000,3.4760000000,3207.2902740000,11149.4919300000,11149.4919300000,1,DORA-USDT
2022-10-21 01:00:00,1666285200000,3.4790000000,3.4790000000,3.4160000000,3.4210000000,5284.6097380000,18229.6536040000,18229.6536040000,1,DORA-USDT
2022-10-21 02:00:00,1666288800000,3.4210000000,3.4480000000,3.3960000000,3.4440000000,4772.6004900000,16348.8429770000,16348.8429770000,1,DORA-USDT
2022-10-21 03:00:00,1666292400000,3.4460000000,3.4550000000,3.4400000000,3.4500000000,2837.3027660000,9769.8896110000,9769.8896110000,1,DORA-USDT
2022-10-21 04:00:00,1666296000000,3.4530000000,3.4530000000,3.4230000000,3.4400000000,3095.8540520000,10626.6744280000,10626.6744280000,1,DORA-USDT
2022-10-21 05:00:00,1666299600000,3.4410000000,3.4590000000,3.4110000000,3.4410000000,2470.0536800000,8499.0111320000,8499.0111320000,1,DORA-USDT
2022-10-21 06:00:00,1666303200000,3.4430000000,3.4600000000,3.4320000000,3.4430000000,418.3100000000,1440.8615890000,1440.8615890000,1,DORA-USDT
2022-10-21 07:00:00,1666306800000,3.4460000000,3.4720000000,3.4320000000,3.4650000000,951.5599530000,3284.7866040000,3284.7866040000,1,DORA-USDT
2022-10-21 08:00:00,1666310400000,3.4600000000,3.5760000000,3.4510000000,3.5160000000,7850.1908060000,27370.4383240000,27370.4383240000,1,DORA-USDT
2022-10-21 09:00:00,1666314000000,3.5130000000,3.5300000000,3.4770000000,3.5050000000,3246.3034770000,11360.0990120000,11360.0990120000,1,DORA-USDT
2022-10-21 10:00:00,1666317600000,3.5060000000,3.5470000000,3.4990000000,3.5220000000,5193.2039000000,18332.2175810000,18332.2175810000,1,DORA-USDT
2022-10-21 11:00:00,1666321200000,3.5210000000,3.5490000000,3.5090000000,3.5210000000,2652.2149620000,9351.8679830000,9351.8679830000,1,DORA-USDT
2022-10-21 12:00:00,1666324800000,3.5230000000,3.5330000000,3.5070000000,3.5100000000,2945.8443370000,10369.6012200000,10369.6012200000,1,DORA-USDT
2022-10-21 13:00:00,1666328400000,3.5110000000,3.5320000000,3.5070000000,3.5140000000,2014.5281760000,7085.5463580000,7085.5463580000,1,DORA-USDT
2022-10-21 14:00:00,1666332000000,3.5150000000,3.5170000000,3.4820000000,3.4990000000,10186.8919350000,35657.2066240000,35657.2066240000,1,DORA-USDT
2022-10-21 15:00:00,1666335600000,3.5020000000,3.5290000000,3.4740000000,3.4920000000,8164.4557170000,28553.5112910000,28553.5112910000,1,DORA-USDT
2022-10-21 16:00:00,1666339200000,3.4860000000,3.4890000000,3.3720000000,3.3970000000,27353.6540620000,93630.5917000000,93630.5917000000,1,DORA-USDT
2022-10-21 17:00:00,1666342800000,3.4000000000,3.4110000000,3.3550000000,3.3870000000,14395.8752200000,48718.8332310000,48718.8332310000,1,DORA-USDT
2022-10-21 18:00:00,1666346400000,3.3900000000,3.3950000000,3.3590000000,3.3810000000,3332.5205970000,11224.4883030000,11224.4883030000,1,DORA-USDT
2022-10-21 19:00:00,1666350000000,3.3810000000,3.4160000000,3.3580000000,3.3820000000,3999.0985280000,13527.8195460000,13527.8195460000,1,DORA-USDT
2022-10-21 20:00:00,1666353600000,3.3820000000,3.4560000000,3.3320000000,3.4170000000,19238.2090770000,65615.4548480000,65615.4548480000,1,DORA-USDT
2022-10-21 21:00:00,1666357200000,3.4170000000,3.4790000000,3.4100000000,3.4750000000,13933.5122650000,48010.1925100000,48010.1925100000,1,DORA-USDT
2022-10-21 22:00:00,1666360800000,3.4790000000,3.4880000000,3.4470000000,3.4640000000,3618.2270680000,12574.8253710000,12574.8253710000,1,DORA-USDT
2022-10-21 23:00:00,1666364400000,3.4610000000,3.5050000000,3.4400000000,3.5010000000,10464.2334590000,36286.9951950000,36286.9951950000,1,DORA-USDT
2022-10-22 00:00:00,1666368000000,3.5020000000,3.5310000000,3.4550000000,3.4560000000,31368.9031380000,109465.8740950000,109465.8740950000,1,DORA-USDT
2022-10-22 01:00:00,1666371600000,3.4560000000,3.4700000000,3.4470000000,3.4560000000,712.5810190000,2463.1025760000,2463.1025760000,1,DORA-USDT
2022-10-22 02:00:00,1666375200000,3.4570000000,3.4700000000,3.4270000000,3.4290000000,1203.8874860000,4153.1325200000,4153.1325200000,1,DORA-USDT
2022-10-22 03:00:00,1666378800000,3.4280000000,3.4540000000,3.4260000000,3.4370000000,2097.4526800000,7217.0064680000,7217.0064680000,1,DORA-USDT
2022-10-22 04:00:00,1666382400000,3.4370000000,3.4540000000,3.4250000000,3.4310000000,622.6498410000,2140.4664330000,2140.4664330000,1,DORA-USDT
2022-10-22 05:00:00,1666386000000,3.4310000000,3.4380000000,3.4250000000,3.4300000000,318.6351980000,1092.9514770000,1092.9514770000,1,DORA-USDT
2022-10-22 06:00:00,1666389600000,3.4310000000,3.4380000000,3.4260000000,3.4340000000,347.3653640000,1191.4495640000,1191.4495640000,1,DORA-USDT
2022-10-22 07:00:00,1666393200000,3.4340000000,3.4450000000,3.4260000000,3.4260000000,599.8451750000,2060.2135550000,2060.2135550000,1,DORA-USDT
2022-10-22 08:00:00,1666396800000,3.4290000000,3.4370000000,3.3990000000,3.4150000000,5469.5495670000,18665.0309940000,18665.0309940000,1,DORA-USDT
2022-10-22 09:00:00,1666400400000,3.4150000000,3.4240000000,3.3810000000,3.3830000000,1859.8336480000,6331.8970580000,6331.8970580000,1,DORA-USDT
2022-10-22 10:00:00,1666404000000,3.3830000000,3.3950000000,3.3630000000,3.3690000000,3011.9712740000,10175.6107940000,10175.6107940000,1,DORA-USDT
2022-10-22 11:00:00,1666407600000,3.3680000000,3.3890000000,3.3650000000,3.3830000000,1753.6844620000,5924.5968570000,5924.5968570000,1,DORA-USDT
2022-10-22 12:00:00,1666411200000,3.3840000000,3.3880000000,3.3680000000,3.3710000000,1204.4238410000,4066.1114240000,4066.1114240000,1,DORA-USDT
2022-10-22 13:00:00,1666414800000,3.3720000000,3.3750000000,3.3600000000,3.3680000000,480.7518910000,1618.2352730000,1618.2352730000,1,DORA-USDT
2022-10-22 14:00:00,1666418400000,3.3680000000,3.3820000000,3.3660000000,3.3780000000,430.9023700000,1454.9425980000,1454.9425980000,1,DORA-USDT
2022-10-22 15:00:00,1666422000000,3.3810000000,3.4130000000,3.3770000000,3.4030000000,5968.0790570000,20218.5216470000,20218.5216470000,1,DORA-USDT
2022-10-22 16:00:00,1666425600000,3.4020000000,3.4220000000,3.4000000000,3.4110000000,1771.5091820000,6039.7870060000,6039.7870060000,1,DORA-USDT
2022-10-22 17:00:00,1666429200000,3.4090000000,3.4120000000,3.3970000000,3.3970000000,622.9361660000,2121.3114620000,2121.3114620000,1,DORA-USDT
2022-10-22 18:00:00,1666432800000,3.3920000000,3.4210000000,3.3910000000,3.4210000000,871.5766540000,2965.1683000000,2965.1683000000,1,DORA-USDT
2022-10-22 19:00:00,1666436400000,3.4210000000,3.4240000000,3.4000000000,3.4230000000,728.6254370000,2486.5162090000,2486.5162090000,1,DORA-USDT
2022-10-22 20:00:00,1666440000000,3.4220000000,3.4320000000,3.3960000000,3.4220000000,3126.6059660000,10669.5057490000,10669.5057490000,1,DORA-USDT
2022-10-22 21:00:00,1666443600000,3.4220000000,3.4560000000,3.4000000000,3.4000000000,1984.7899200000,6813.1963510000,6813.1963510000,1,DORA-USDT
2022-10-22 22:00:00,1666447200000,3.4010000000,3.4160000000,3.3900000000,3.3940000000,2010.1329030000,6834.9309680000,6834.9309680000,1,DORA-USDT
2022-10-22 23:00:00,1666450800000,3.3960000000,3.4480000000,3.3620000000,3.3620000000,21073.8919680000,71988.4112650000,71988.4112650000,1,DORA-USDT
2022-10-23 00:00:00,1666454400000,3.3630000000,3.3660000000,3.3520000000,3.3620000000,1793.8610960000,6028.3294270000,6028.3294270000,1,DORA-USDT
2022-10-23 01:00:00,1666458000000,3.3620000000,3.3780000000,3.3470000000,3.3500000000,1484.9699660000,4988.9453420000,4988.9453420000,1,DORA-USDT
2022-10-23 02:00:00,1666461600000,3.3520000000,3.3640000000,3.3380000000,3.3540000000,1503.8061900000,5036.9257760000,5036.9257760000,1,DORA-USDT
2022-10-23 03:00:00,1666465200000,3.3550000000,3.3600000000,3.3490000000,3.3590000000,429.9245270000,1441.6684690000,1441.6684690000,1,DORA-USDT
2022-10-23 04:00:00,1666468800000,3.3570000000,3.3740000000,3.3490000000,3.3710000000,872.0943680000,2931.2146290000,2931.2146290000,1,DORA-USDT
2022-10-23 05:00:00,1666472400000,3.3700000000,3.3810000000,3.3650000000,3.3690000000,485.5429610000,1635.4573830000,1635.4573830000,1,DORA-USDT
2022-10-23 06:00:00,1666476000000,3.3680000000,3.3710000000,3.3600000000,3.3630000000,822.0007150000,2765.1165960000,2765.1165960000,1,DORA-USDT
2022-10-23 07:00:00,1666479600000,3.3640000000,3.3750000000,3.3600000000,3.3700000000,924.3108190000,3114.2435880000,3114.2435880000,1,DORA-USDT
2022-10-23 08:00:00,1666483200000,3.3680000000,3.3820000000,3.3640000000,3.3690000000,995.4107560000,3355.2638180000,3355.2638180000,1,DORA-USDT
2022-10-23 09:00:00,1666486800000,3.3680000000,3.3710000000,3.3460000000,3.3520000000,3859.7187050000,12969.8807730000,12969.8807730000,1,DORA-USDT
2022-10-23 10:00:00,1666490400000,3.3540000000,3.3820000000,3.3530000000,3.3710000000,540.1999000000,1821.6459650000,1821.6459650000,1,DORA-USDT
2022-10-23 11:00:00,1666494000000,3.3730000000,3.3830000000,3.3700000000,3.3740000000,548.8075990000,1852.7419380000,1852.7419380000,1,DORA-USDT
2022-10-23 12:00:00,1666497600000,3.3760000000,3.3810000000,3.3380000000,3.3420000000,3955.5907470000,13257.5077240000,13257.5077240000,1,DORA-USDT
2022-10-23 13:00:00,1666501200000,3.3400000000,3.3480000000,3.3380000000,3.3410000000,1732.7199500000,5786.0926770000,5786.0926770000,1,DORA-USDT
2022-10-23 14:00:00,1666504800000,3.3410000000,3.3460000000,3.3240000000,3.3250000000,1825.0320400000,6083.4298510000,6083.4298510000,1,DORA-USDT
2022-10-23 15:00:00,1666508400000,3.3240000000,3.3380000000,3.3110000000,3.3110000000,1723.5464210000,5731.3302240000,5731.3302240000,1,DORA-USDT
2022-10-23 16:00:00,1666512000000,3.3110000000,3.3190000000,3.3010000000,3.3110000000,1777.1336030000,5885.5721520000,5885.5721520000,1,DORA-USDT
2022-10-23 17:00:00,1666515600000,3.3100000000,3.3150000000,3.3010000000,3.3040000000,843.8037660000,2790.0234200000,2790.0234200000,1,DORA-USDT
2022-10-23 18:00:00,1666519200000,3.3030000000,3.3050000000,3.2940000000,3.2970000000,642.2430810000,2118.9145710000,2118.9145710000,1,DORA-USDT
2022-10-23 19:00:00,1666522800000,3.2960000000,3.2970000000,3.2440000000,3.2680000000,6649.9111530000,21741.2150050000,21741.2150050000,1,DORA-USDT
2022-10-23 20:00:00,1666526400000,3.2670000000,3.3030000000,3.2460000000,3.2850000000,6360.9473020000,20878.9452620000,20878.9452620000,1,DORA-USDT
2022-10-23 21:00:00,1666530000000,3.2940000000,3.3230000000,3.2780000000,3.2870000000,3640.1247450000,11995.4255920000,11995.4255920000,1,DORA-USDT
2022-10-23 22:00:00,1666533600000,3.2880000000,3.3050000000,3.2880000000,3.2970000000,1562.7732050000,5154.6950690000,5154.6950690000,1,DORA-USDT
2022-10-23 23:00:00,1666537200000,3.2970000000,3.3090000000,3.2920000000,3.3020000000,2856.8077530000,9429.4496330000,9429.4496330000,1,DORA-USDT
2022-10-24 00:00:00,1666540800000,3.3030000000,3.3050000000,3.2500000000,3.2530000000,6931.1001940000,22679.1887670000,22679.1887670000,1,DORA-USDT
2022-10-24 01:00:00,1666544400000,3.2530000000,3.2860000000,3.2490000000,3.2790000000,3954.8033940000,12935.1282530000,12935.1282530000,1,DORA-USDT
2022-10-24 02:00:00,1666548000000,3.2830000000,3.2930000000,3.2660000000,3.2770000000,4744.9919970000,15582.6763230000,15582.6763230000,1,DORA-USDT
2022-10-24 03:00:00,1666551600000,3.2770000000,3.2870000000,3.2600000000,3.2800000000,3096.3146760000,10128.7223970000,10128.7223970000,1,DORA-USDT
2022-10-24 04:00:00,1666555200000,3.2800000000,3.2920000000,3.2740000000,3.2790000000,488.1530590000,1602.6600410000,1602.6600410000,1,DORA-USDT
2022-10-24 05:00:00,1666558800000,3.2790000000,3.2890000000,3.2780000000,3.2860000000,511.2361960000,1678.1083470000,1678.1083470000,1,DORA-USDT
2022-10-24 06:00:00,1666562400000,3.2860000000,3.3390000000,3.2860000000,3.3190000000,3166.4353570000,10470.2071640000,10470.2071640000,1,DORA-USDT
2022-10-24 07:00:00,1666566000000,3.3190000000,3.3540000000,3.3120000000,3.3470000000,3363.6368640000,11194.5093530000,11194.5093530000,1,DORA-USDT
2022-10-24 08:00:00,1666569600000,3.3480000000,3.3860000000,3.3360000000,3.3470000000,5472.0506800000,18406.9417310000,18406.9417310000,1,DORA-USDT
2022-10-24 09:00:00,1666573200000,3.3490000000,3.3580000000,3.3310000000,3.3490000000,834.0935900000,2787.9998400000,2787.9998400000,1,DORA-USDT
2022-10-24 10:00:00,1666576800000,3.3490000000,3.3590000000,3.3310000000,3.3320000000,445.1599100000,1489.2768770000,1489.2768770000,1,DORA-USDT
2022-10-24 11:00:00,1666580400000,3.3320000000,3.3380000000,3.3180000000,3.3310000000,523.2183220000,1742.3684440000,1742.3684440000,1,DORA-USDT
2022-10-24 12:00:00,1666584000000,3.3290000000,3.3300000000,3.3070000000,3.3260000000,809.0435960000,2684.5402920000,2684.5402920000,1,DORA-USDT
2022-10-24 13:00:00,1666587600000,3.3270000000,3.3330000000,3.3110000000,3.3250000000,536.0286610000,1780.3864730000,1780.3864730000,1,DORA-USDT
2022-10-24 14:00:00,1666591200000,3.3260000000,3.3270000000,3.3050000000,3.3050000000,762.9136260000,2532.6868520000,2532.6868520000,1,DORA-USDT
2022-10-24 15:00:00,1666594800000,3.3070000000,3.3320000000,3.2920000000,3.3120000000,1722.6592450000,5699.6997990000,5699.6997990000,1,DORA-USDT
2022-10-24 16:00:00,1666598400000,3.3140000000,3.3770000000,3.3120000000,3.3480000000,2826.3419430000,9475.1402850000,9475.1402850000,1,DORA-USDT
2022-10-24 17:00:00,1666602000000,3.3470000000,3.3910000000,3.3410000000,3.3870000000,1306.5273280000,4397.2772530000,4397.2772530000,1,DORA-USDT
2022-10-24 18:00:00,1666605600000,3.3870000000,3.4200000000,3.3250000000,3.3820000000,4755.0596560000,16070.6261660000,16070.6261660000,1,DORA-USDT
2022-10-24 19:00:00,1666609200000,3.3790000000,3.3860000000,3.3560000000,3.3620000000,619.2543740000,2083.7699220000,2083.7699220000,1,DORA-USDT
2022-10-24 20:00:00,1666612800000,3.3630000000,3.3630000000,3.3290000000,3.3420000000,1254.1552910000,4194.1709510000,4194.1709510000,1,DORA-USDT
2022-10-24 21:00:00,1666616400000,3.3400000000,3.3410000000,3.3050000000,3.3140000000,1297.0869480000,4307.2832520000,4307.2832520000,1,DORA-USDT
2022-10-24 22:00:00,1666620000000,3.3170000000,3.3170000000,3.2020000000,3.2160000000,6022.9461500000,19578.0389790000,19578.0389790000,1,DORA-USDT
2022-10-24 23:00:00,1666623600000,3.2150000000,3.2200000000,3.1590000000,3.1880000000,5077.8955020000,16174.4441880000,16174.4441880000,1,DORA-USDT
2022-10-25 00:00:00,1666627200000,3.1840000000,3.2050000000,3.1740000000,3.1860000000,4460.6581640000,14249.1114270000,14249.1114270000,1,DORA-USDT
2022-10-25 01:00:00,1666630800000,3.1860000000,3.1910000000,3.1710000000,3.1880000000,949.3866030000,3022.7683180000,3022.7683180000,1,DORA-USDT
2022-10-25 02:00:00,1666634400000,3.1890000000,3.1960000000,3.1860000000,3.1910000000,751.2921220000,2396.1945150000,2396.1945150000,1,DORA-USDT
2022-10-25 03:00:00,1666638000000,3.1910000000,3.2010000000,3.1860000000,3.1890000000,1358.2039830000,4332.6020070000,4332.6020070000,1,DORA-USDT
2022-10-25 04:00:00,1666641600000,3.1910000000,3.2000000000,3.1860000000,3.1930000000,475.6750420000,1518.6167660000,1518.6167660000,1,DORA-USDT
2022-10-25 05:00:00,1666645200000,3.1930000000,3.2060000000,3.1910000000,3.1980000000,693.4878190000,2216.7924940000,2216.7924940000,1,DORA-USDT
2022-10-25 06:00:00,1666648800000,3.1970000000,3.2100000000,3.1860000000,3.2100000000,609.0278160000,1945.6526660000,1945.6526660000,1,DORA-USDT
2022-10-25 07:00:00,1666652400000,3.2100000000,3.2150000000,3.1880000000,3.1960000000,824.7819540000,2637.2137950000,2637.2137950000,1,DORA-USDT
2022-10-25 08:00:00,1666656000000,3.1960000000,3.4150000000,3.1960000000,3.2900000000,17950.9880480000,58988.6934090000,58988.6934090000,1,DORA-USDT
2022-10-25 09:00:00,1666659600000,3.2910000000,3.3270000000,3.2760000000,3.3270000000,1810.2420450000,5977.3618410000,5977.3618410000,1,DORA-USDT
2022-10-25 10:00:00,1666663200000,3.3240000000,3.3270000000,3.2900000000,3.2980000000,1227.2658780000,4049.8446570000,4049.8446570000,1,DORA-USDT
2022-10-25 11:00:00,1666666800000,3.2990000000,3.3350000000,3.2970000000,3.3280000000,2224.0263740000,7377.7604890000,7377.7604890000,1,DORA-USDT
2022-10-25 12:00:00,1666670400000,3.3280000000,3.3300000000,3.3090000000,3.3230000000,822.4990340000,2729.4034170000,2729.4034170000,1,DORA-USDT
2022-10-25 13:00:00,1666674000000,3.3230000000,3.3260000000,3.2660000000,3.2950000000,5026.9101910000,16543.6128440000,16543.6128440000,1,DORA-USDT
2022-10-25 14:00:00,1666677600000,3.2940000000,3.3020000000,3.2910000000,3.2990000000,493.7561020000,1628.0462930000,1628.0462930000,1,DORA-USDT
2022-10-25 15:00:00,1666681200000,3.2990000000,3.3250000000,3.2970000000,3.3020000000,2256.6591050000,7467.9436410000,7467.9436410000,1,DORA-USDT
2022-10-25 16:00:00,1666684800000,3.3020000000,3.3130000000,3.2950000000,3.2960000000,753.4751810000,2489.4467930000,2489.4467930000,1,DORA-USDT
2022-10-25 17:00:00,1666688400000,3.2970000000,3.3090000000,3.2710000000,3.3050000000,2661.0768750000,8744.5602590000,8744.5602590000,1,DORA-USDT
2022-10-25 18:00:00,1666692000000,3.3050000000,3.3320000000,3.2790000000,3.3260000000,2452.7641690000,8113.9821480000,8113.9821480000,1,DORA-USDT
2022-10-25 19:00:00,1666695600000,3.3270000000,3.3430000000,3.3160000000,3.3170000000,1837.4842210000,6119.9222030000,6119.9222030000,1,DORA-USDT
2022-10-25 20:00:00,1666699200000,3.3180000000,3.3220000000,3.2970000000,3.3160000000,941.5545920000,3116.7337490000,3116.7337490000,1,DORA-USDT
2022-10-25 21:00:00,1666702800000,3.3180000000,3.3420000000,3.3130000000,3.3280000000,1140.0907090000,3796.2280240000,3796.2280240000,1,DORA-USDT
2022-10-25 22:00:00,1666706400000,3.3290000000,3.3290000000,3.3090000000,3.3160000000,594.4688170000,1972.0460940000,1972.0460940000,1,DORA-USDT
2022-10-25 23:00:00,1666710000000,3.3160000000,3.3310000000,3.3100000000,3.3130000000,1132.6755060000,3762.1878560000,3762.1878560000,1,DORA-USDT
2022-10-26 00:00:00,1666713600000,3.3160000000,3.3300000000,3.2840000000,3.3140000000,1562.4630280000,5170.8144070000,5170.8144070000,1,DORA-USDT
2022-10-26 01:00:00,1666717200000,3.3200000000,3.3690000000,3.3200000000,3.3630000000,3090.2373240000,10350.8949260000,10350.8949260000,1,DORA-USDT
2022-10-26 02:00:00,1666720800000,3.3630000000,3.3870000000,3.3300000000,3.3310000000,1841.8530320000,6167.6407130000,6167.6407130000,1,DORA-USDT
2022-10-26 03:00:00,1666724400000,3.3300000000,3.3760000000,3.3300000000,3.3630000000,1010.7423190000,3393.6061210000,3393.6061210000,1,DORA-USDT
2022-10-26 04:00:00,1666728000000,3.3650000000,3.3700000000,3.3030000000,3.3170000000,1548.9481170000,5143.4229060000,5143.4229060000,1,DORA-USDT
2022-10-26 05:00:00,1666731600000,3.3190000000,3.3490000000,3.3050000000,3.3490000000,2842.0454070000,9450.4054700000,9450.4054700000,1,DORA-USDT
2022-10-26 06:00:00,1666735200000,3.3530000000,3.3530000000,3.2950000000,3.3080000000,2724.7070050000,9014.2546750000,9014.2546750000,1,DORA-USDT
2022-10-26 07:00:00,1666738800000,3.3070000000,3.3140000000,3.2970000000,3.3000000000,1232.0954830000,4071.7598020000,4071.7598020000,1,DORA-USDT
2022-10-26 08:00:00,1666742400000,3.3020000000,3.3420000000,3.3010000000,3.3230000000,2353.0097970000,7812.3292550000,7812.3292550000,1,DORA-USDT
2022-10-26 09:00:00,1666746000000,3.3240000000,3.3480000000,3.3030000000,3.3330000000,1316.4026610000,4373.8872430000,4373.8872430000,1,DORA-USDT
2022-10-26 10:00:00,1666749600000,3.3330000000,3.3830000000,3.3320000000,3.3790000000,1708.9995570000,5758.5230250000,5758.5230250000,1,DORA-USDT
2022-10-26 11:00:00,1666753200000,3.3800000000,3.4040000000,3.3790000000,3.3900000000,1049.7417240000,3558.4247500000,3558.4247500000,1,DORA-USDT
2022-10-26 12:00:00,1666756800000,3.3880000000,3.4090000000,3.3860000000,3.3920000000,2317.2908800000,7874.3895050000,7874.3895050000,1,DORA-USDT
2022-10-26 13:00:00,1666760400000,3.3890000000,3.4000000000,3.3880000000,3.3980000000,495.2845170000,1679.7868530000,1679.7868530000,1,DORA-USDT
2022-10-26 14:00:00,1666764000000,3.3990000000,3.4660000000,3.3980000000,3.4530000000,4758.0239970000,16370.4214770000,16370.4214770000,1,DORA-USDT
2022-10-26 15:00:00,1666767600000,3.4530000000,3.4710000000,3.4470000000,3.4570000000,866.9533630000,2997.2742470000,2997.2742470000,1,DORA-USDT
2022-10-26 16:00:00,1666771200000,3.4580000000,3.5170000000,3.4530000000,3.4810000000,6635.9122960000,23098.6851210000,23098.6851210000,1,DORA-USDT
2022-10-26 17:00:00,1666774800000,3.4830000000,3.4860000000,3.4670000000,3.4750000000,485.5370220000,1687.2912960000,1687.2912960000,1,DORA-USDT
2022-10-26 18:00:00,1666778400000,3.4740000000,3.5060000000,3.4650000000,3.4900000000,1644.0741550000,5728.8357790000,5728.8357790000,1,DORA-USDT
2022-10-26 19:00:00,1666782000000,3.4890000000,3.5040000000,3.4710000000,3.4810000000,1837.6514330000,6409.3965860000,6409.3965860000,1,DORA-USDT
2022-10-26 20:00:00,1666785600000,3.4810000000,3.4830000000,3.4250000000,3.4490000000,1952.0290690000,6740.0950390000,6740.0950390000,1,DORA-USDT
2022-10-26 21:00:00,1666789200000,3.4460000000,3.4980000000,3.4300000000,3.4860000000,4520.1222370000,15669.7132330000,15669.7132330000,1,DORA-USDT
2022-10-26 22:00:00,1666792800000,3.4910000000,3.5070000000,3.4570000000,3.4580000000,1887.2103940000,6571.5665720000,6571.5665720000,1,DORA-USDT
2022-10-26 23:00:00,1666796400000,3.4590000000,3.5000000000,3.4490000000,3.4590000000,2782.6877680000,9639.2509820000,9639.2509820000,1,DORA-USDT
2022-10-27 00:00:00,1666800000000,3.4620000000,3.4930000000,3.4310000000,3.4400000000,11196.3703740000,38791.5549200000,38791.5549200000,1,DORA-USDT
2022-10-27 01:00:00,1666803600000,3.4410000000,3.4430000000,3.4140000000,3.4370000000,2839.5096500000,9734.6074740000,9734.6074740000,1,DORA-USDT
2022-10-27 02:00:00,1666807200000,3.4360000000,3.4480000000,3.4050000000,3.4060000000,670.4936530000,2298.3436250000,2298.3436250000,1,DORA-USDT
2022-10-27 03:00:00,1666810800000,3.4050000000,3.4140000000,3.4000000000,3.4050000000,736.7476080000,2508.9650930000,2508.9650930000,1,DORA-USDT
2022-10-27 04:00:00,1666814400000,3.4070000000,3.4230000000,3.3970000000,3.4050000000,739.6793040000,2517.5069180000,2517.5069180000,1,DORA-USDT
2022-10-27 05:00:00,1666818000000,3.4070000000,3.4180000000,3.4000000000,3.4090000000,413.6543680000,1410.1064580000,1410.1064580000,1,DORA-USDT
2022-10-27 06:00:00,1666821600000,3.4090000000,3.4220000000,3.3880000000,3.4170000000,1121.0929390000,3818.2424390000,3818.2424390000,1,DORA-USDT
2022-10-27 07:00:00,1666825200000,3.4190000000,3.4310000000,3.3970000000,3.3990000000,735.4065180000,2511.8398530000,2511.8398530000,1,DORA-USDT
2022-10-27 08:00:00,1666828800000,3.4010000000,3.4850000000,3.3990000000,3.4400000000,4120.2845890000,14162.2738670000,14162.2738670000,1,DORA-USDT
2022-10-27 09:00:00,1666832400000,3.4400000000,3.4540000000,3.4230000000,3.4300000000,755.7623910000,2597.5878060000,2597.5878060000,1,DORA-USDT
2022-10-27 10:00:00,1666836000000,3.4280000000,3.4460000000,3.3870000000,3.3930000000,2123.0897270000,7227.6511350000,7227.6511350000,1,DORA-USDT
2022-10-27 11:00:00,1666839600000,3.3920000000,3.4380000000,3.3830000000,3.4360000000,919.2115620000,3138.4220810000,3138.4220810000,1,DORA-USDT
2022-10-27 12:00:00,1666843200000,3.4360000000,3.4530000000,3.4290000000,3.4440000000,586.2162250000,2014.1201670000,2014.1201670000,1,DORA-USDT
2022-10-27 13:00:00,1666846800000,3.4480000000,3.4830000000,3.4400000000,3.4720000000,1343.4902930000,4649.6240860000,4649.6240860000,1,DORA-USDT
2022-10-27 14:00:00,1666850400000,3.4700000000,3.5300000000,3.4700000000,3.4820000000,4718.5935690000,16499.4364870000,16499.4364870000,1,DORA-USDT
2022-10-27 15:00:00,1666854000000,3.4800000000,3.4980000000,3.4350000000,3.4630000000,1905.8842230000,6603.3452700000,6603.3452700000,1,DORA-USDT
2022-10-27 16:00:00,1666857600000,3.4660000000,3.4720000000,3.4450000000,3.4530000000,906.6356890000,3139.2707120000,3139.2707120000,1,DORA-USDT
2022-10-27 17:00:00,1666861200000,3.4530000000,3.4540000000,3.4280000000,3.4370000000,566.6550010000,1950.6198790000,1950.6198790000,1,DORA-USDT
2022-10-27 18:00:00,1666864800000,3.4380000000,3.4390000000,3.4000000000,3.4110000000,2415.7077420000,8254.3433340000,8254.3433340000,1,DORA-USDT
2022-10-27 19:00:00,1666868400000,3.4100000000,3.4230000000,3.4000000000,3.4030000000,1977.2636540000,6740.9768450000,6740.9768450000,1,DORA-USDT
2022-10-27 20:00:00,1666872000000,3.4030000000,3.4240000000,3.3770000000,3.4210000000,2085.0567000000,7082.7704300000,7082.7704300000,1,DORA-USDT
2022-10-27 21:00:00,1666875600000,3.4200000000,3.4280000000,3.3550000000,3.3620000000,2171.2489940000,7361.0576760000,7361.0576760000,1,DORA-USDT
2022-10-27 22:00:00,1666879200000,3.3720000000,3.4140000000,3.3620000000,3.3890000000,1968.5767540000,6685.1032930000,6685.1032930000,1,DORA-USDT
2022-10-27 23:00:00,1666882800000,3.3890000000,3.4140000000,3.3880000000,3.3900000000,706.8037790000,2404.1577240000,2404.1577240000,1,DORA-USDT
2022-10-28 00:00:00,1666886400000,3.3920000000,3.3980000000,3.3710000000,3.3970000000,876.2559350000,2964.7505610000,2964.7505610000,1,DORA-USDT
2022-10-28 01:00:00,1666890000000,3.3940000000,3.4080000000,3.3900000000,3.4040000000,973.4867770000,3311.9249370000,3311.9249370000,1,DORA-USDT
2022-10-28 02:00:00,1666893600000,3.4060000000,3.4090000000,3.4030000000,3.4090000000,324.6155510000,1105.7492600000,1105.7492600000,1,DORA-USDT
2022-10-28 03:00:00,1666897200000,3.4080000000,3.4370000000,3.4080000000,3.4370000000,776.7560550000,2661.1296300000,2661.1296300000,1,DORA-USDT
2022-10-28 04:00:00,1666900800000,3.4300000000,3.4300000000,3.3600000000,3.3930000000,2281.1785550000,7735.6687270000,7735.6687270000,1,DORA-USDT
2022-10-28 05:00:00,1666904400000,3.3920000000,3.3970000000,3.3900000000,3.3970000000,384.4383640000,1304.3111700000,1304.3111700000,1,DORA-USDT
2022-10-28 06:00:00,1666908000000,3.3920000000,3.4110000000,3.3780000000,3.4010000000,593.5126990000,2018.1438460000,2018.1438460000,1,DORA-USDT
2022-10-28 07:00:00,1666911600000,3.4010000000,3.4240000000,3.3790000000,3.4010000000,1241.5349170000,4232.6720550000,4232.6720550000,1,DORA-USDT
2022-10-28 08:00:00,1666915200000,3.4000000000,3.4630000000,3.4000000000,3.4590000000,2328.5490880000,8012.6115650000,8012.6115650000,1,DORA-USDT
2022-10-28 09:00:00,1666918800000,3.4550000000,3.4980000000,3.4500000000,3.4730000000,7910.3030350000,27467.5140250000,27467.5140250000,1,DORA-USDT
2022-10-28 10:00:00,1666922400000,3.4700000000,3.4710000000,3.4190000000,3.4360000000,1035.6518120000,3565.5907810000,3565.5907810000,1,DORA-USDT
2022-10-28 11:00:00,1666926000000,3.4350000000,3.4670000000,3.4350000000,3.4450000000,1667.7509760000,5762.3308670000,5762.3308670000,1,DORA-USDT
2022-10-28 12:00:00,1666929600000,3.4460000000,3.4720000000,3.4400000000,3.4670000000,2195.6712730000,7601.7829810000,7601.7829810000,1,DORA-USDT
2022-10-28 13:00:00,1666933200000,3.4690000000,3.4700000000,3.4370000000,3.4490000000,1574.9213310000,5436.5023410000,5436.5023410000,1,DORA-USDT
2022-10-28 14:00:00,1666936800000,3.4490000000,3.4650000000,3.4290000000,3.4300000000,433.6308740000,1497.1256560000,1497.1256560000,1,DORA-USDT
2022-10-28 15:00:00,1666940400000,3.4280000000,3.4340000000,3.3700000000,3.3940000000,6957.8978010000,23647.8369460000,23647.8369460000,1,DORA-USDT
2022-10-28 16:00:00,1666944000000,3.3930000000,3.4200000000,3.3890000000,3.4180000000,2197.7012380000,7482.0374320000,7482.0374320000,1,DORA-USDT
2022-10-28 17:00:00,1666947600000,3.4170000000,3.4270000000,3.4020000000,3.4190000000,1333.9373000000,4552.0719780000,4552.0719780000,1,DORA-USDT
2022-10-28 18:00:00,1666951200000,3.4090000000,3.4230000000,3.4060000000,3.4200000000,1827.1796950000,6239.3622660000,6239.3622660000,1,DORA-USDT
2022-10-28 19:00:00,1666954800000,3.4160000000,3.4240000000,3.4000000000,3.4150000000,682.0412070000,2327.4414510000,2327.4414510000,1,DORA-USDT
2022-10-28 20:00:00,1666958400000,3.4160000000,3.4300000000,3.3720000000,3.4190000000,2645.7591560000,9011.5910080000,9011.5910080000,1,DORA-USDT
2022-10-28 21:00:00,1666962000000,3.4190000000,3.4770000000,3.4170000000,3.4680000000,3111.1136440000,10728.9837870000,10728.9837870000,1,DORA-USDT
2022-10-28 22:00:00,1666965600000,3.4720000000,3.4760000000,3.4520000000,3.4560000000,4299.0778300000,14899.9743040000,14899.9743040000,1,DORA-USDT
2022-10-28 23:00:00,1666969200000,3.4530000000,3.4560000000,3.4270000000,3.4500000000,3515.5448880000,12092.1623770000,12092.1623770000,1,DORA-USDT
2022-10-29 00:00:00,1666972800000,3.4590000000,3.5260000000,3.4530000000,3.5180000000,4093.9263060000,14324.0134410000,14324.0134410000,1,DORA-USDT
2022-10-29 01:00:00,1666976400000,3.5200000000,3.5390000000,3.5080000000,3.5350000000,2916.1038610000,10290.9088780000,10290.9088780000,1,DORA-USDT
2022-10-29 02:00:00,1666980000000,3.5310000000,3.5400000000,3.5230000000,3.5290000000,757.6093910000,2676.7674460000,2676.7674460000,1,DORA-USDT
2022-10-29 03:00:00,1666983600000,3.5320000000,3.6230000000,3.5210000000,3.5980000000,8719.4708340000,31062.5747320000,31062.5747320000,1,DORA-USDT
2022-10-29 04:00:00,1666987200000,3.5990000000,3.6400000000,3.5950000000,3.6040000000,4562.8168990000,16476.4768080000,16476.4768080000,1,DORA-USDT
2022-10-29 05:00:00,1666990800000,3.6050000000,3.6270000000,3.5990000000,3.6030000000,1478.3664270000,5340.9109510000,5340.9109510000,1,DORA-USDT
2022-10-29 06:00:00,1666994400000,3.6060000000,3.6490000000,3.5740000000,3.5980000000,4389.6581050000,15822.4429720000,15822.4429720000,1,DORA-USDT
2022-10-29 07:00:00,1666998000000,3.5980000000,3.6000000000,3.5740000000,3.5790000000,1565.1708980000,5613.4731830000,5613.4731830000,1,DORA-USDT
2022-10-29 08:00:00,1667001600000,3.5820000000,3.6070000000,3.5720000000,3.5980000000,2003.6744340000,7192.3953540000,7192.3953540000,1,DORA-USDT
2022-10-29 09:00:00,1667005200000,3.5980000000,3.5980000000,3.5460000000,3.5470000000,3567.3735440000,12739.1707410000,12739.1707410000,1,DORA-USDT
2022-10-29 10:00:00,1667008800000,3.5500000000,3.5720000000,3.5320000000,3.5650000000,1277.7252280000,4532.6397010000,4532.6397010000,1,DORA-USDT
2022-10-29 11:00:00,1667012400000,3.5710000000,3.6230000000,3.5640000000,3.6110000000,2490.5250370000,8971.7031010000,8971.7031010000,1,DORA-USDT
2022-10-29 12:00:00,1667016000000,3.6100000000,3.6130000000,3.5270000000,3.5430000000,5606.8237980000,19947.1586850000,19947.1586850000,1,DORA-USDT
2022-10-29 13:00:00,1667019600000,3.5420000000,3.5490000000,3.5190000000,3.5350000000,2327.0479090000,8216.6893170000,8216.6893170000,1,DORA-USDT
2022-10-29 14:00:00,1667023200000,3.5360000000,3.5360000000,3.5090000000,3.5230000000,5106.6892150000,17986.6681700000,17986.6681700000,1,DORA-USDT
2022-10-29 15:00:00,1667026800000,3.5220000000,3.5340000000,3.5200000000,3.5330000000,1024.8318250000,3611.9309910000,3611.9309910000,1,DORA-USDT
2022-10-29 16:00:00,1667030400000,3.5330000000,3.5890000000,3.5290000000,3.5740000000,2773.5263190000,9901.0875800000,9901.0875800000,1,DORA-USDT
2022-10-29 17:00:00,1667034000000,3.5740000000,3.5750000000,3.5370000000,3.5590000000,3560.6350420000,12662.9316710000,12662.9316710000,1,DORA-USDT
2022-10-29 18:00:00,1667037600000,3.5580000000,3.5760000000,3.4910000000,3.4980000000,2611.5333660000,9206.1334660000,9206.1334660000,1,DORA-USDT
2022-10-29 19:00:00,1667041200000,3.5040000000,3.5050000000,3.4600000000,3.4800000000,1932.9664440000,6738.1555940000,6738.1555940000,1,DORA-USDT
2022-10-29 20:00:00,1667044800000,3.4790000000,3.5170000000,3.4760000000,3.5150000000,1812.6930830000,6342.8552220000,6342.8552220000,1,DORA-USDT
2022-10-29 21:00:00,1667048400000,3.5150000000,3.5200000000,3.4610000000,3.4890000000,2274.4195230000,7913.7664160000,7913.7664160000,1,DORA-USDT
2022-10-29 22:00:00,1667052000000,3.4900000000,3.5070000000,3.4740000000,3.4780000000,1239.4766780000,4326.2748440000,4326.2748440000,1,DORA-USDT
2022-10-29 23:00:00,1667055600000,3.4770000000,3.5100000000,3.4760000000,3.5030000000,2584.1849690000,9026.3229410000,9026.3229410000,1,DORA-USDT
2022-10-30 00:00:00,1667059200000,3.5020000000,3.5800000000,3.4980000000,3.5720000000,4677.1347610000,16590.2188410000,16590.2188410000,1,DORA-USDT
2022-10-30 01:00:00,1667062800000,3.5730000000,3.7070000000,3.5730000000,3.6350000000,11319.9824510000,41350.0378000000,41350.0378000000,1,DORA-USDT
2022-10-30 02:00:00,1667066400000,3.6230000000,3.9460000000,3.6230000000,3.8120000000,56017.2357760000,212307.5523790000,212307.5523790000,1,DORA-USDT
2022-10-30 03:00:00,1667070000000,3.8120000000,3.8120000000,3.6820000000,3.7210000000,9702.2405780000,36259.8039990000,36259.8039990000,1,DORA-USDT
2022-10-30 04:00:00,1667073600000,3.7250000000,3.7400000000,3.6790000000,3.7240000000,3862.4903980000,14360.7041470000,14360.7041470000,1,DORA-USDT
2022-10-30 05:00:00,1667077200000,3.7250000000,3.7320000000,3.6950000000,3.7070000000,822.8682640000,3055.7083920000,3055.7083920000,1,DORA-USDT
2022-10-30 06:00:00,1667080800000,3.6980000000,3.7120000000,3.6390000000,3.6510000000,3420.4623770000,12556.7162720000,12556.7162720000,1,DORA-USDT
2022-10-30 07:00:00,1667084400000,3.6480000000,3.6760000000,3.6320000000,3.6680000000,2420.3674430000,8846.6203110000,8846.6203110000,1,DORA-USDT
2022-10-30 08:00:00,1667088000000,3.6700000000,3.6770000000,3.5970000000,3.5990000000,6645.6007430000,24096.2654390000,24096.2654390000,1,DORA-USDT
2022-10-30 09:00:00,1667091600000,3.5970000000,3.6470000000,3.5940000000,3.6430000000,3493.1857360000,12671.3289380000,12671.3289380000,1,DORA-USDT
2022-10-30 10:00:00,1667095200000,3.6460000000,3.6460000000,3.6190000000,3.6350000000,1158.2939870000,4205.3615380000,4205.3615380000,1,DORA-USDT
2022-10-30 11:00:00,1667098800000,3.6330000000,3.6420000000,3.5270000000,3.5700000000,7926.4690310000,28328.4178270000,28328.4178270000,1,DORA-USDT
2022-10-30 12:00:00,1667102400000,3.5710000000,3.5760000000,3.5020000000,3.5250000000,5340.2316740000,18922.8290220000,18922.8290220000,1,DORA-USDT
2022-10-30 13:00:00,1667106000000,3.5250000000,3.5320000000,3.5110000000,3.5110000000,711.0996760000,2506.9234370000,2506.9234370000,1,DORA-USDT
2022-10-30 14:00:00,1667109600000,3.5140000000,3.5310000000,3.4950000000,3.5270000000,1078.1338550000,3787.9307780000,3787.9307780000,1,DORA-USDT
2022-10-30 15:00:00,1667113200000,3.5240000000,3.5490000000,3.5100000000,3.5460000000,3174.1321920000,11196.8682130000,11196.8682130000,1,DORA-USDT
2022-10-30 16:00:00,1667116800000,3.5480000000,3.5500000000,3.4620000000,3.5050000000,2511.4198950000,8787.8962520000,8787.8962520000,1,DORA-USDT
2022-10-30 17:00:00,1667120400000,3.5040000000,3.5200000000,3.4510000000,3.4600000000,3639.3303920000,12631.2784270000,12631.2784270000,1,DORA-USDT
2022-10-30 18:00:00,1667124000000,3.4650000000,3.4960000000,3.4540000000,3.4850000000,1928.2231370000,6710.4918450000,6710.4918450000,1,DORA-USDT
2022-10-30 19:00:00,1667127600000,3.4850000000,3.5080000000,3.4640000000,3.4950000000,1726.3600010000,6014.7323800000,6014.7323800000,1,DORA-USDT
2022-10-30 20:00:00,1667131200000,3.4920000000,3.4950000000,3.4600000000,3.4780000000,496.6336300000,1726.1065730000,1726.1065730000,1,DORA-USDT
2022-10-30 21:00:00,1667134800000,3.4790000000,3.4800000000,3.4160000000,3.4280000000,3495.7187620000,12004.8466000000,12004.8466000000,1,DORA-USDT
2022-10-30 22:00:00,1667138400000,3.4310000000,3.4440000000,3.4150000000,3.4370000000,1618.9782050000,5554.3846400000,5554.3846400000,1,DORA-USDT
2022-10-30 23:00:00,1667142000000,3.4400000000,3.4400000000,3.3830000000,3.3870000000,5174.3106270000,17689.0997130000,17689.0997130000,1,DORA-USDT
2022-10-31 00:00:00,1667145600000,3.3870000000,3.4420000000,3.3690000000,3.3980000000,2978.2071550000,10146.8168010000,10146.8168010000,1,DORA-USDT
2022-10-31 01:00:00,1667149200000,3.4110000000,3.4340000000,3.4030000000,3.4240000000,701.4192150000,2401.4464790000,2401.4464790000,1,DORA-USDT
2022-10-31 02:00:00,1667152800000,3.4230000000,3.4270000000,3.4140000000,3.4180000000,2439.5505080000,8353.5242260000,8353.5242260000,1,DORA-USDT
2022-10-31 03:00:00,1667156400000,3.4180000000,3.4230000000,3.4120000000,3.4140000000,769.9874540000,2631.4893500000,2631.4893500000,1,DORA-USDT
2022-10-31 04:00:00,1667160000000,3.4140000000,3.4190000000,3.4050000000,3.4090000000,426.0077790000,1453.1480560000,1453.1480560000,1,DORA-USDT
2022-10-31 05:00:00,1667163600000,3.4090000000,3.4330000000,3.4050000000,3.4290000000,992.1019810000,3392.1792240000,3392.1792240000,1,DORA-USDT
2022-10-31 06:00:00,1667167200000,3.4320000000,3.4320000000,3.3830000000,3.4060000000,2252.4065990000,7687.3371440000,7687.3371440000,1,DORA-USDT
2022-10-31 07:00:00,1667170800000,3.4100000000,3.4230000000,3.4040000000,3.4210000000,580.1421140000,1980.2110950000,1980.2110950000,1,DORA-USDT
2022-10-31 08:00:00,1667174400000,3.4180000000,3.4230000000,3.3920000000,3.3930000000,866.4978580000,2947.2993570000,2947.2993570000,1,DORA-USDT
2022-10-31 09:00:00,1667178000000,3.3930000000,3.4120000000,3.3730000000,3.3920000000,2088.6528570000,7067.0167170000,7067.0167170000,1,DORA-USDT
2022-10-31 10:00:00,1667181600000,3.3950000000,3.3990000000,3.3570000000,3.3890000000,3496.4707590000,11815.7702160000,11815.7702160000,1,DORA-USDT
2022-10-31 11:00:00,1667185200000,3.3880000000,3.4490000000,3.3880000000,3.4450000000,2409.4650040000,8255.6578010000,8255.6578010000,1,DORA-USDT
2022-10-31 12:00:00,1667188800000,3.4450000000,3.4620000000,3.4200000000,3.4350000000,2510.0914800000,8614.8718850000,8614.8718850000,1,DORA-USDT
2022-10-31 13:00:00,1667192400000,3.4360000000,3.4430000000,3.4240000000,3.4310000000,1093.3125770000,3752.7193050000,3752.7193050000,1,DORA-USDT
2022-10-31 14:00:00,1667196000000,3.4310000000,3.4320000000,3.3930000000,3.4230000000,1042.2618470000,3553.5653890000,3553.5653890000,1,DORA-USDT
2022-10-31 15:00:00,1667199600000,3.4200000000,3.4320000000,3.4080000000,3.4310000000,1486.7347930000,5084.7460330000,5084.7460330000,1,DORA-USDT
2022-10-31 16:00:00,1667203200000,3.4290000000,3.4420000000,3.3990000000,3.4400000000,2327.9787890000,7957.6210490000,7957.6210490000,1,DORA-USDT
2022-10-31 17:00:00,1667206800000,3.4350000000,3.4950000000,3.4350000000,3.4940000000,4251.3494750000,14746.1184820000,14746.1184820000,1,DORA-USDT
2022-10-31 18:00:00,1667210400000,3.4940000000,3.5000000000,3.4530000000,3.4720000000,886.2461440000,3083.3399920000,3083.3399920000,1,DORA-USDT
2022-10-31 19:00:00,1667214000000,3.4740000000,3.5010000000,3.4740000000,3.4780000000,895.8004220000,3122.2844520000,3122.2844520000,1,DORA-USDT
2022-10-31 20:00:00,1667217600000,3.4810000000,3.5000000000,3.4530000000,3.4980000000,1145.4747800000,3989.8353880000,3989.8353880000,1,DORA-USDT
2022-10-31 21:00:00,1667221200000,3.4970000000,3.5300000000,3.4400000000,3.4460000000,4467.1963330000,15558.0046190000,15558.0046190000,1,DORA-USDT
2022-10-31 22:00:00,1667224800000,3.4400000000,3.5490000000,3.4370000000,3.5470000000,13402.9346410000,46726.1775190000,46726.1775190000,1,DORA-USDT
2022-10-31 23:00:00,1667228400000,3.5500000000,3.7710000000,3.5290000000,3.7180000000,50465.2936830000,185014.5534050000,185014.5534050000,1,DORA-USDT
2022-11-01 00:00:00,1667232000000,3.7150000000,3.7720000000,3.6140000000,3.6330000000,16533.3852090000,60995.8520130000,60995.8520130000,1,DORA-USDT
2022-11-01 01:00:00,1667235600000,3.6260000000,3.6470000000,3.5990000000,3.6100000000,2204.0678730000,7972.0790900000,7972.0790900000,1,DORA-USDT
2022-11-01 02:00:00,1667239200000,3.6100000000,3.6240000000,3.5950000000,3.6100000000,1291.3338330000,4661.2030390000,4661.2030390000,1,DORA-USDT
2022-11-01 03:00:00,1667242800000,3.6090000000,3.6150000000,3.5930000000,3.5990000000,1272.4848450000,4581.5721790000,4581.5721790000,1,DORA-USDT
2022-11-01 04:00:00,1667246400000,3.5990000000,3.5990000000,3.5660000000,3.5740000000,2313.7203190000,8284.3998470000,8284.3998470000,1,DORA-USDT
2022-11-01 05:00:00,1667250000000,3.5730000000,3.5830000000,3.5550000000,3.5550000000,3180.0819920000,11334.0493350000,11334.0493350000,1,DORA-USDT
2022-11-01 06:00:00,1667253600000,3.5590000000,3.5930000000,3.5510000000,3.5840000000,8356.0851770000,29889.2141400000,29889.2141400000,1,DORA-USDT
2022-11-01 07:00:00,1667257200000,3.5830000000,3.5960000000,3.5400000000,3.5570000000,5139.5682350000,18331.8849800000,18331.8849800000,1,DORA-USDT
2022-11-01 08:00:00,1667260800000,3.5540000000,3.5570000000,3.5230000000,3.5350000000,3597.9639480000,12752.3375210000,12752.3375210000,1,DORA-USDT
2022-11-01 09:00:00,1667264400000,3.5350000000,3.5450000000,3.5200000000,3.5310000000,1170.1783810000,4131.8249760000,4131.8249760000,1,DORA-USDT
2022-11-01 10:00:00,1667268000000,3.5350000000,3.5720000000,3.5280000000,3.5550000000,1366.6342570000,4853.4046760000,4853.4046760000,1,DORA-USDT
2022-11-01 11:00:00,1667271600000,3.5520000000,3.5610000000,3.5490000000,3.5530000000,750.4314660000,2668.4326850000,2668.4326850000,1,DORA-USDT
2022-11-01 12:00:00,1667275200000,3.5520000000,3.5820000000,3.5250000000,3.5740000000,1505.5997800000,5343.2509880000,5343.2509880000,1,DORA-USDT
2022-11-01 13:00:00,1667278800000,3.5740000000,3.6100000000,3.5710000000,3.6000000000,1409.0554330000,5058.1275350000,5058.1275350000,1,DORA-USDT
2022-11-01 14:00:00,1667282400000,3.6000000000,3.6300000000,3.5900000000,3.5950000000,2542.2229060000,9162.1893040000,9162.1893040000,1,DORA-USDT
2022-11-01 15:00:00,1667286000000,3.5920000000,3.6090000000,3.5510000000,3.5830000000,16866.2812710000,60278.8622760000,60278.8622760000,1,DORA-USDT
2022-11-01 16:00:00,1667289600000,3.5880000000,3.6280000000,3.5820000000,3.6280000000,2773.4872340000,10000.0885800000,10000.0885800000,1,DORA-USDT
2022-11-01 17:00:00,1667293200000,3.6290000000,3.7040000000,3.6200000000,3.6740000000,2864.7868470000,10501.4150850000,10501.4150850000,1,DORA-USDT
2022-11-01 18:00:00,1667296800000,3.6780000000,3.6920000000,3.6560000000,3.6600000000,2110.6845100000,7759.3022630000,7759.3022630000,1,DORA-USDT
2022-11-01 19:00:00,1667300400000,3.6600000000,3.6600000000,3.6100000000,3.6420000000,3932.2119170000,14288.2408140000,14288.2408140000,1,DORA-USDT
2022-11-01 20:00:00,1667304000000,3.6420000000,3.6600000000,3.6210000000,3.6540000000,1283.0651580000,4679.5701890000,4679.5701890000,1,DORA-USDT
2022-11-01 21:00:00,1667307600000,3.6490000000,3.6580000000,3.5650000000,3.5790000000,5598.7798070000,20109.1970350000,20109.1970350000,1,DORA-USDT
2022-11-01 22:00:00,1667311200000,3.5750000000,3.5880000000,3.5420000000,3.5540000000,3061.3620270000,10914.4340390000,10914.4340390000,1,DORA-USDT
2022-11-01 23:00:00,1667314800000,3.5520000000,3.6030000000,3.5440000000,3.6020000000,7852.4366490000,28069.8124080000,28069.8124080000,1,DORA-USDT
2022-11-02 00:00:00,1667318400000,3.6040000000,3.6130000000,3.4970000000,3.5350000000,22944.4230840000,82016.0777790000,82016.0777790000,1,DORA-USDT
2022-11-02 01:00:00,1667322000000,3.5280000000,3.5420000000,3.5210000000,3.5370000000,1636.9039130000,5776.2044010000,5776.2044010000,1,DORA-USDT
2022-11-02 02:00:00,1667325600000,3.5370000000,3.5600000000,3.5340000000,3.5600000000,963.0918940000,3414.1767280000,3414.1767280000,1,DORA-USDT
2022-11-02 03:00:00,1667329200000,3.5600000000,3.5600000000,3.5330000000,3.5350000000,376.0710500000,1334.9526090000,1334.9526090000,1,DORA-USDT
2022-11-02 04:00:00,1667332800000,3.5320000000,3.5360000000,3.5140000000,3.5260000000,765.8752540000,2699.1753520000,2699.1753520000,1,DORA-USDT
2022-11-02 05:00:00,1667336400000,3.5280000000,3.5380000000,3.5120000000,3.5350000000,4661.3469090000,16465.6904960000,16465.6904960000,1,DORA-USDT
2022-11-02 06:00:00,1667340000000,3.5350000000,3.5390000000,3.5210000000,3.5320000000,904.1291480000,3197.7692970000,3197.7692970000,1,DORA-USDT
2022-11-02 07:00:00,1667343600000,3.5320000000,3.5340000000,3.5080000000,3.5150000000,1186.2831980000,4174.8700180000,4174.8700180000,1,DORA-USDT
2022-11-02 08:00:00,1667347200000,3.5160000000,3.5580000000,3.4780000000,3.5430000000,5760.7211410000,20243.3381940000,20243.3381940000,1,DORA-USDT
2022-11-02 09:00:00,1667350800000,3.5430000000,3.5560000000,3.5410000000,3.5510000000,459.4260910000,1630.8907520000,1630.8907520000,1,DORA-USDT
2022-11-02 10:00:00,1667354400000,3.5480000000,3.5480000000,3.4950000000,3.5280000000,1886.6525520000,6622.5954180000,6622.5954180000,1,DORA-USDT
2022-11-02 11:00:00,1667358000000,3.5300000000,3.5870000000,3.5240000000,3.5870000000,2517.5919010000,8963.3062390000,8963.3062390000,1,DORA-USDT
2022-11-02 12:00:00,1667361600000,3.5860000000,3.6620000000,3.5750000000,3.6570000000,8345.7598160000,30141.7578860000,30141.7578860000,1,DORA-USDT
2022-11-02 13:00:00,1667365200000,3.6600000000,3.6900000000,3.6040000000,3.6110000000,13739.2671230000,50329.0550460000,50329.0550460000,1,DORA-USDT
2022-11-02 14:00:00,1667368800000,3.6130000000,3.6320000000,3.6130000000,3.6230000000,1069.0573780000,3873.3770360000,3873.3770360000,1,DORA-USDT
2022-11-02 15:00:00,1667372400000,3.6230000000,3.6480000000,3.5840000000,3.6420000000,5555.4845590000,20008.3070900000,20008.3070900000,1,DORA-USDT
2022-11-02 16:00:00,1667376000000,3.6420000000,3.7130000000,3.6420000000,3.7050000000,7127.4800230000,26259.2414590000,26259.2414590000,1,DORA-USDT
2022-11-02 17:00:00,1667379600000,3.7070000000,3.7570000000,3.6360000000,3.6470000000,9791.4796220000,36324.1682140000,36324.1682140000,1,DORA-USDT
2022-11-02 18:00:00,1667383200000,3.6430000000,3.7020000000,3.6280000000,3.6940000000,3358.7920110000,12310.4744440000,12310.4744440000,1,DORA-USDT
2022-11-02 19:00:00,1667386800000,3.6930000000,3.8550000000,3.6930000000,3.8260000000,15733.5958440000,59600.2021540000,59600.2021540000,1,DORA-USDT
2022-11-02 20:00:00,1667390400000,3.8140000000,3.8550000000,3.7710000000,3.8190000000,12349.2199500000,47274.1326580000,47274.1326580000,1,DORA-USDT
2022-11-02 21:00:00,1667394000000,3.8180000000,3.9700000000,3.8120000000,3.8430000000,14093.0991870000,55025.8326120000,55025.8326120000,1,DORA-USDT
2022-11-02 22:00:00,1667397600000,3.8500000000,3.8580000000,3.7890000000,3.8180000000,4166.6561980000,15906.1968600000,15906.1968600000,1,DORA-USDT
2022-11-02 23:00:00,1667401200000,3.8230000000,3.8590000000,3.8030000000,3.8160000000,5812.6785770000,22244.9636370000,22244.9636370000,1,DORA-USDT
2022-11-03 00:00:00,1667404800000,3.8110000000,3.8200000000,3.7110000000,3.8170000000,7997.8745590000,30088.8644860000,30088.8644860000,1,DORA-USDT
2022-11-03 01:00:00,1667408400000,3.8130000000,3.8400000000,3.6960000000,3.7350000000,7003.7488610000,26400.6941000000,26400.6941000000,1,DORA-USDT
2022-11-03 02:00:00,1667412000000,3.7310000000,3.8260000000,3.6900000000,3.7350000000,8694.5233430000,32745.6920500000,32745.6920500000,1,DORA-USDT
2022-11-03 03:00:00,1667415600000,3.7390000000,3.7750000000,3.6740000000,3.6900000000,3283.5567560000,12157.6452520000,12157.6452520000,1,DORA-USDT
2022-11-03 04:00:00,1667419200000,3.6950000000,3.7160000000,3.6330000000,3.6830000000,1611.6469460000,5912.3462700000,5912.3462700000,1,DORA-USDT
2022-11-03 05:00:00,1667422800000,3.6790000000,3.7190000000,3.6790000000,3.7130000000,753.3205070000,2787.6147030000,2787.6147030000,1,DORA-USDT
2022-11-03 06:00:00,1667426400000,3.7140000000,3.7150000000,3.6870000000,3.7150000000,2004.7049840000,7425.8051500000,7425.8051500000,1,DORA-USDT
2022-11-03 07:00:00,1667430000000,3.7110000000,3.7470000000,3.7090000000,3.7290000000,1551.2323020000,5775.3868840000,5775.3868840000,1,DORA-USDT
2022-11-03 08:00:00,1667433600000,3.7280000000,3.8490000000,3.7160000000,3.7910000000,8160.6811820000,30939.0512790000,30939.0512790000,1,DORA-USDT
2022-11-03 09:00:00,1667437200000,3.7920000000,3.8430000000,3.7850000000,3.8230000000,3258.4255760000,12454.0525490000,12454.0525490000,1,DORA-USDT
2022-11-03 10:00:00,1667440800000,3.8210000000,3.8970000000,3.8210000000,3.8840000000,3019.9452580000,11636.9027570000,11636.9027570000,1,DORA-USDT
2022-11-03 11:00:00,1667444400000,3.8910000000,3.9990000000,3.8910000000,3.9800000000,4746.5835790000,18760.4253440000,18760.4253440000,1,DORA-USDT
2022-11-03 12:00:00,1667448000000,3.9750000000,4.0550000000,3.9550000000,4.0140000000,5348.5972640000,21519.8593710000,21519.8593710000,1,DORA-USDT
2022-11-03 13:00:00,1667451600000,4.0120000000,4.1660000000,4.0110000000,4.1350000000,15676.5802690000,64144.9944280000,64144.9944280000,1,DORA-USDT
2022-11-03 14:00:00,1667455200000,4.1330000000,4.1520000000,3.9880000000,4.0220000000,10794.9288190000,44065.3014560000,44065.3014560000,1,DORA-USDT
2022-11-03 15:00:00,1667458800000,4.0200000000,4.0610000000,3.9450000000,3.9650000000,5129.9660340000,20475.9075550000,20475.9075550000,1,DORA-USDT
2022-11-03 16:00:00,1667462400000,3.9610000000,3.9850000000,3.9450000000,3.9670000000,3531.6952160000,14002.3992150000,14002.3992150000,1,DORA-USDT
2022-11-03 17:00:00,1667466000000,3.9660000000,4.0030000000,3.9640000000,3.9930000000,852.5638800000,3398.3105970000,3398.3105970000,1,DORA-USDT
2022-11-03 18:00:00,1667469600000,4.0030000000,4.0110000000,3.9580000000,3.9770000000,2248.9135370000,8956.8381520000,8956.8381520000,1,DORA-USDT
2022-11-03 19:00:00,1667473200000,3.9750000000,3.9870000000,3.8440000000,3.8840000000,8359.8413630000,32571.7406110000,32571.7406110000,1,DORA-USDT
2022-11-03 20:00:00,1667476800000,3.8830000000,4.4340000000,3.8830000000,4.3260000000,121779.2207900000,515019.1605180000,515019.1605180000,1,DORA-USDT
2022-11-03 21:00:00,1667480400000,4.3250000000,4.3250000000,4.2030000000,4.2540000000,38537.6851360000,163796.9018660000,163796.9018660000,1,DORA-USDT
2022-11-03 22:00:00,1667484000000,4.2600000000,4.3440000000,4.1250000000,4.1310000000,14120.8030070000,59808.2672060000,59808.2672060000,1,DORA-USDT
2022-11-03 23:00:00,1667487600000,4.1390000000,4.1920000000,4.0240000000,4.1010000000,21098.5730220000,86661.3881380000,86661.3881380000,1,DORA-USDT
2022-11-04 00:00:00,1667491200000,4.0990000000,4.7400000000,4.0910000000,4.5550000000,78725.5767120000,352252.8649290000,352252.8649290000,1,DORA-USDT
2022-11-04 01:00:00,1667494800000,4.5700000000,4.9860000000,4.5600000000,4.9300000000,46522.3231200000,221960.2557460000,221960.2557460000,1,DORA-USDT
2022-11-04 02:00:00,1667498400000,4.9180000000,5.7700000000,4.8310000000,5.2870000000,68170.5380810000,367935.5450310000,367935.5450310000,1,DORA-USDT
2022-11-04 03:00:00,1667502000000,5.3160000000,5.6270000000,5.3070000000,5.4310000000,26178.6321260000,141851.3752670000,141851.3752670000,1,DORA-USDT
2022-11-04 04:00:00,1667505600000,5.4340000000,5.5970000000,5.2290000000,5.4750000000,18009.2099910000,97104.5678070000,97104.5678070000,1,DORA-USDT
2022-11-04 05:00:00,1667509200000,5.4890000000,5.7620000000,5.4660000000,5.5850000000,14947.2827620000,83668.8001510000,83668.8001510000,1,DORA-USDT
2022-11-04 06:00:00,1667512800000,5.5860000000,5.6140000000,5.2190000000,5.3040000000,19996.4048660000,107515.0780010000,107515.0780010000,1,DORA-USDT
2022-11-04 07:00:00,1667516400000,5.3160000000,5.3230000000,5.0230000000,5.1880000000,26206.1748050000,134577.2645160000,134577.2645160000,1,DORA-USDT
2022-11-04 08:00:00,1667520000000,5.1880000000,5.2620000000,4.9210000000,5.1670000000,20971.3216130000,106551.3982810000,106551.3982810000,1,DORA-USDT
2022-11-04 09:00:00,1667523600000,5.1610000000,5.7490000000,5.1540000000,5.3110000000,64813.2748410000,353695.5283080000,353695.5283080000,1,DORA-USDT
2022-11-04 10:00:00,1667527200000,5.2880000000,5.5510000000,5.1930000000,5.3800000000,29740.8702500000,160206.8359830000,160206.8359830000,1,DORA-USDT
2022-11-04 11:00:00,1667530800000,5.3700000000,5.4830000000,5.2790000000,5.3790000000,15567.4761210000,83640.8329690000,83640.8329690000,1,DORA-USDT
2022-11-04 12:00:00,1667534400000,5.3770000000,5.3820000000,5.0550000000,5.1050000000,18531.8760610000,96504.0460920000,96504.0460920000,1,DORA-USDT
2022-11-04 13:00:00,1667538000000,5.1120000000,5.3000000000,5.0940000000,5.1600000000,13263.7014220000,69033.2014940000,69033.2014940000,1,DORA-USDT
2022-11-04 14:00:00,1667541600000,5.1680000000,5.3640000000,5.1670000000,5.3510000000,11958.0963370000,63330.5517060000,63330.5517060000,1,DORA-USDT
2022-11-04 15:00:00,1667545200000,5.3500000000,5.3990000000,5.2350000000,5.3500000000,10459.3070810000,55547.9574650000,55547.9574650000,1,DORA-USDT
2022-11-04 16:00:00,1667548800000,5.3510000000,6.4020000000,5.3510000000,6.0120000000,106323.9125450000,632053.0452440000,632053.0452440000,1,DORA-USDT
2022-11-04 17:00:00,1667552400000,6.0040000000,6.3280000000,5.7400000000,6.0650000000,91821.9830390000,551616.4665790000,551616.4665790000,1,DORA-USDT
2022-11-04 18:00:00,1667556000000,6.0670000000,6.0690000000,5.3460000000,5.4970000000,52463.5023230000,293661.1963510000,293661.1963510000,1,DORA-USDT
2022-11-04 19:00:00,1667559600000,5.5070000000,5.6860000000,5.4630000000,5.6070000000,9869.5861070000,55157.2456240000,55157.2456240000,1,DORA-USDT
2022-11-04 20:00:00,1667563200000,5.6000000000,5.6380000000,5.3100000000,5.6130000000,21942.9906450000,119899.1094290000,119899.1094290000,1,DORA-USDT
2022-11-04 21:00:00,1667566800000,5.6040000000,5.9260000000,5.3710000000,5.4920000000,35302.9973340000,199738.8491520000,199738.8491520000,1,DORA-USDT
2022-11-04 22:00:00,1667570400000,5.4780000000,5.6620000000,5.4250000000,5.6220000000,20689.0123630000,114770.0360720000,114770.0360720000,1,DORA-USDT
2022-11-04 23:00:00,1667574000000,5.6170000000,5.9660000000,5.6020000000,5.7910000000,28840.9228340000,165846.3363640000,165846.3363640000,1,DORA-USDT
2022-11-05 00:00:00,1667577600000,5.8010000000,7.3940000000,5.8010000000,6.9620000000,260866.6671790000,1780455.3505450001,1780455.3505450001,1,DORA-USDT
2022-11-05 01:00:00,1667581200000,6.9680000000,7.3420000000,6.6620000000,6.8470000000,55493.0461630000,389623.4588560000,389623.4588560000,1,DORA-USDT
2022-11-05 02:00:00,1667584800000,6.8410000000,7.1000000000,6.6900000000,6.9610000000,32533.9579340000,224919.0102990000,224919.0102990000,1,DORA-USDT
2022-11-05 03:00:00,1667588400000,6.9610000000,7.1960000000,6.8200000000,7.0080000000,34655.6469880000,242013.8266050000,242013.8266050000,1,DORA-USDT
2022-11-05 04:00:00,1667592000000,7.0080000000,7.2300000000,6.9280000000,7.2030000000,17107.0121090000,120883.2226020000,120883.2226020000,1,DORA-USDT
2022-11-05 05:00:00,1667595600000,7.1900000000,7.2810000000,6.7730000000,6.8860000000,17634.7101930000,124297.9016210000,124297.9016210000,1,DORA-USDT
2022-11-05 06:00:00,1667599200000,6.8480000000,7.3000000000,6.7550000000,7.0810000000,22576.2683590000,158879.9497410000,158879.9497410000,1,DORA-USDT
2022-11-05 07:00:00,1667602800000,7.1100000000,7.2240000000,6.8030000000,6.8080000000,23911.6159670000,166872.6074040000,166872.6074040000,1,DORA-USDT
2022-11-05 08:00:00,1667606400000,6.8080000000,7.1880000000,6.7630000000,7.0110000000,22919.6635130000,159162.6802350000,159162.6802350000,1,DORA-USDT
2022-11-05 09:00:00,1667610000000,7.0490000000,7.4090000000,6.8540000000,6.9860000000,40814.5736820000,289425.5617340000,289425.5617340000,1,DORA-USDT
2022-11-05 10:00:00,1667613600000,6.9800000000,7.1140000000,6.8600000000,6.8970000000,16466.2655950000,115025.6819870000,115025.6819870000,1,DORA-USDT
2022-11-05 11:00:00,1667617200000,6.8720000000,6.9680000000,6.1190000000,6.3390000000,73494.2508720000,474078.4882710000,474078.4882710000,1,DORA-USDT
2022-11-05 12:00:00,1667620800000,6.3280000000,6.3660000000,6.0000000000,6.0580000000,30471.0147810000,187132.6225450000,187132.6225450000,1,DORA-USDT
2022-11-05 13:00:00,1667624400000,6.0640000000,6.1870000000,6.0100000000,6.1580000000,10364.4972940000,63388.7099030000,63388.7099030000,1,DORA-USDT
2022-11-05 14:00:00,1667628000000,6.1410000000,6.2200000000,6.0530000000,6.1120000000,8813.0472180000,53986.2447850000,53986.2447850000,1,DORA-USDT
2022-11-05 15:00:00,1667631600000,6.1450000000,6.1460000000,5.9610000000,5.9620000000,17706.8863370000,106696.6077940000,106696.6077940000,1,DORA-USDT
2022-11-05 16:00:00,1667635200000,5.9640000000,6.5200000000,5.9600000000,6.2890000000,26232.6509620000,163682.0389780000,163682.0389780000,1,DORA-USDT
2022-11-05 17:00:00,1667638800000,6.2910000000,6.4300000000,6.1200000000,6.1660000000,19113.0292170000,118860.4772930000,118860.4772930000,1,DORA-USDT
2022-11-05 18:00:00,1667642400000,6.1740000000,6.3780000000,6.1630000000,6.2660000000,7289.6958200000,45840.8519190000,45840.8519190000,1,DORA-USDT
2022-11-05 19:00:00,1667646000000,6.2520000000,6.2520000000,6.0310000000,6.1280000000,10461.7553620000,64163.5326580000,64163.5326580000,1,DORA-USDT
2022-11-05 20:00:00,1667649600000,6.1330000000,6.3140000000,6.0550000000,6.1830000000,6239.5046810000,38630.1099190000,38630.1099190000,1,DORA-USDT
2022-11-05 21:00:00,1667653200000,6.2180000000,6.2330000000,6.0890000000,6.1890000000,2383.1913670000,14717.8242880000,14717.8242880000,1,DORA-USDT
2022-11-05 22:00:00,1667656800000,6.1960000000,6.2500000000,6.0240000000,6.0630000000,7362.0581700000,45181.4696730000,45181.4696730000,1,DORA-USDT
2022-11-05 23:00:00,1667660400000,6.0720000000,6.5000000000,6.0560000000,6.4110000000,10591.9602550000,66429.2659870000,66429.2659870000,1,DORA-USDT
2022-11-06 00:00:00,1667664000000,6.4100000000,7.1600000000,6.3430000000,6.3850000000,65376.9326660000,440820.7424020000,440820.7424020000,1,DORA-USDT
2022-11-06 01:00:00,1667667600000,6.3820000000,6.5000000000,6.0220000000,6.0810000000,18119.7775460000,111997.9775190000,111997.9775190000,1,DORA-USDT
2022-11-06 02:00:00,1667671200000,6.0910000000,6.1440000000,6.0210000000,6.1090000000,3962.3395560000,24052.8073560000,24052.8073560000,1,DORA-USDT
2022-11-06 03:00:00,1667674800000,6.1070000000,6.1400000000,5.8490000000,5.9850000000,10633.2361720000,63613.9267510000,63613.9267510000,1,DORA-USDT
2022-11-06 04:00:00,1667678400000,6.0140000000,6.0720000000,5.9690000000,6.0450000000,1919.6565210000,11587.1765070000,11587.1765070000,1,DORA-USDT
2022-11-06 05:00:00,1667682000000,6.0380000000,6.1010000000,5.9740000000,5.9970000000,1264.8709830000,7649.2853100000,7649.2853100000,1,DORA-USDT
2022-11-06 06:00:00,1667685600000,5.9800000000,6.1400000000,5.7100000000,5.8170000000,25400.0425420000,148783.8619350000,148783.8619350000,1,DORA-USDT
2022-11-06 07:00:00,1667689200000,5.8000000000,5.8280000000,5.6000000000,5.7870000000,8437.1750510000,48443.8165100000,48443.8165100000,1,DORA-USDT
2022-11-06 08:00:00,1667692800000,5.8080000000,5.8650000000,5.7320000000,5.7840000000,3309.2931510000,19180.3316100000,19180.3316100000,1,DORA-USDT
2022-11-06 09:00:00,1667696400000,5.7780000000,5.7990000000,5.7170000000,5.7450000000,6199.9040380000,35715.2505430000,35715.2505430000,1,DORA-USDT
2022-11-06 10:00:00,1667700000000,5.7270000000,5.8450000000,5.7270000000,5.7840000000,5641.9596820000,32663.7561920000,32663.7561920000,1,DORA-USDT
2022-11-06 11:00:00,1667703600000,5.7870000000,5.9190000000,5.7870000000,5.8780000000,4486.2882190000,26300.5246100000,26300.5246100000,1,DORA-USDT
2022-11-06 12:00:00,1667707200000,5.8810000000,5.8810000000,5.6600000000,5.7730000000,7130.4649930000,41135.1743140000,41135.1743140000,1,DORA-USDT
2022-11-06 13:00:00,1667710800000,5.7680000000,5.8780000000,5.7120000000,5.7300000000,4588.4494880000,26585.0004370000,26585.0004370000,1,DORA-USDT
2022-11-06 14:00:00,1667714400000,5.7380000000,5.8450000000,5.7280000000,5.8360000000,2309.1520510000,13391.3950900000,13391.3950900000,1,DORA-USDT
2022-11-06 15:00:00,1667718000000,5.8440000000,5.9000000000,5.8020000000,5.8330000000,3320.0607000000,19431.3435730000,19431.3435730000,1,DORA-USDT
2022-11-06 16:00:00,1667721600000,5.8340000000,6.0270000000,5.8200000000,5.9410000000,5632.8785770000,33488.7117170000,33488.7117170000,1,DORA-USDT
2022-11-06 17:00:00,1667725200000,5.9580000000,5.9860000000,5.8610000000,5.9010000000,3288.1322380000,19440.0944840000,19440.0944840000,1,DORA-USDT
2022-11-06 18:00:00,1667728800000,5.9010000000,5.9810000000,5.8350000000,5.8940000000,4936.7853950000,29106.2888720000,29106.2888720000,1,DORA-USDT
2022-11-06 19:00:00,1667732400000,5.8940000000,5.9130000000,5.8200000000,5.8960000000,2299.3391500000,13473.3935300000,13473.3935300000,1,DORA-USDT
2022-11-06 20:00:00,1667736000000,5.8780000000,6.0000000000,5.8540000000,5.9820000000,4757.5633720000,28199.7982590000,28199.7982590000,1,DORA-USDT
2022-11-06 21:00:00,1667739600000,5.9500000000,5.9910000000,5.9110000000,5.9610000000,1847.7378900000,10987.4685040000,10987.4685040000,1,DORA-USDT
2022-11-06 22:00:00,1667743200000,5.9440000000,6.0790000000,5.8730000000,5.9850000000,8743.0409920000,52188.5782750000,52188.5782750000,1,DORA-USDT
2022-11-06 23:00:00,1667746800000,6.0000000000,6.1730000000,5.9890000000,6.1070000000,3404.7067340000,20705.3790710000,20705.3790710000,1,DORA-USDT
2022-11-07 00:00:00,1667750400000,6.1320000000,6.3960000000,5.7000000000,5.8310000000,28847.1942510000,173523.6246880000,173523.6246880000,1,DORA-USDT
2022-11-07 01:00:00,1667754000000,5.8300000000,5.8430000000,5.6610000000,5.7260000000,8878.0348330000,50914.6627540000,50914.6627540000,1,DORA-USDT
2022-11-07 02:00:00,1667757600000,5.7160000000,5.7770000000,5.6950000000,5.7470000000,2757.4083890000,15818.4495450000,15818.4495450000,1,DORA-USDT
2022-11-07 03:00:00,1667761200000,5.7480000000,5.7640000000,5.7010000000,5.7400000000,2375.4749590000,13576.8356720000,13576.8356720000,1,DORA-USDT
2022-11-07 04:00:00,1667764800000,5.7380000000,5.7500000000,5.7020000000,5.7470000000,2291.8777300000,13137.1894050000,13137.1894050000,1,DORA-USDT
2022-11-07 05:00:00,1667768400000,5.7460000000,5.7770000000,5.7090000000,5.7330000000,2777.7570720000,15972.6071270000,15972.6071270000,1,DORA-USDT
2022-11-07 06:00:00,1667772000000,5.7340000000,5.8170000000,5.6900000000,5.7770000000,4675.3993580000,26819.7445870000,26819.7445870000,1,DORA-USDT
2022-11-07 07:00:00,1667775600000,5.7510000000,5.7870000000,5.4500000000,5.6190000000,11521.2353900000,64237.8302670000,64237.8302670000,1,DORA-USDT
2022-11-07 08:00:00,1667779200000,5.6360000000,5.6780000000,5.6030000000,5.6480000000,3741.3519950000,21096.6487800000,21096.6487800000,1,DORA-USDT
2022-11-07 09:00:00,1667782800000,5.6270000000,5.6670000000,5.5800000000,5.6580000000,2342.8178250000,13185.0134760000,13185.0134760000,1,DORA-USDT
2022-11-07 10:00:00,1667786400000,5.6540000000,5.7330000000,5.6360000000,5.7330000000,1108.1793580000,6305.9377330000,6305.9377330000,1,DORA-USDT
2022-11-07 11:00:00,1667790000000,5.7220000000,5.7420000000,5.6750000000,5.7080000000,1576.6253640000,9001.1060660000,9001.1060660000,1,DORA-USDT
2022-11-07 12:00:00,1667793600000,5.7050000000,5.7760000000,5.6370000000,5.6930000000,5367.2040690000,30581.6514240000,30581.6514240000,1,DORA-USDT
2022-11-07 13:00:00,1667797200000,5.6750000000,5.7180000000,5.6600000000,5.6630000000,1323.3764710000,7524.1712510000,7524.1712510000,1,DORA-USDT
2022-11-07 14:00:00,1667800800000,5.6610000000,5.6900000000,5.6320000000,5.6380000000,3478.2509420000,19705.3538150000,19705.3538150000,1,DORA-USDT
2022-11-07 15:00:00,1667804400000,5.6410000000,5.6410000000,5.3380000000,5.3820000000,14527.2071470000,80119.0995250000,80119.0995250000,1,DORA-USDT
2022-11-07 16:00:00,1667808000000,5.3910000000,5.4220000000,5.2830000000,5.4130000000,6680.7600860000,35849.4009360000,35849.4009360000,1,DORA-USDT
2022-11-07 17:00:00,1667811600000,5.4140000000,5.4310000000,5.3850000000,5.3980000000,1073.5927160000,5802.2086360000,5802.2086360000,1,DORA-USDT
2022-11-07 18:00:00,1667815200000,5.3980000000,5.5500000000,5.3940000000,5.4610000000,5359.1024560000,29329.4835590000,29329.4835590000,1,DORA-USDT
2022-11-07 19:00:00,1667818800000,5.4460000000,5.4620000000,5.3600000000,5.3790000000,1948.1289200000,10516.5373040000,10516.5373040000,1,DORA-USDT
2022-11-07 20:00:00,1667822400000,5.3790000000,5.4330000000,5.3340000000,5.3940000000,4092.6219690000,22002.2402020000,22002.2402020000,1,DORA-USDT
2022-11-07 21:00:00,1667826000000,5.3990000000,5.4710000000,5.3150000000,5.3470000000,2910.0382870000,15657.1933140000,15657.1933140000,1,DORA-USDT
2022-11-07 22:00:00,1667829600000,5.3690000000,5.4250000000,5.3350000000,5.3510000000,1472.6015960000,7905.5216310000,7905.5216310000,1,DORA-USDT
2022-11-07 23:00:00,1667833200000,5.3560000000,5.4920000000,5.3510000000,5.4720000000,4661.8197720000,25233.7704640000,25233.7704640000,1,DORA-USDT
2022-11-08 00:00:00,1667836800000,5.4600000000,5.4690000000,5.1540000000,5.1610000000,9974.9252180000,52552.7666790000,52552.7666790000,1,DORA-USDT
2022-11-08 01:00:00,1667840400000,5.1690000000,5.2500000000,5.1600000000,5.2490000000,1839.6357230000,9570.5208930000,9570.5208930000,1,DORA-USDT
2022-11-08 02:00:00,1667844000000,5.2440000000,5.3070000000,5.2180000000,5.2980000000,1992.9291870000,10524.8308990000,10524.8308990000,1,DORA-USDT
2022-11-08 03:00:00,1667847600000,5.2940000000,5.3850000000,5.2860000000,5.3700000000,1365.5532520000,7304.0517850000,7304.0517850000,1,DORA-USDT
2022-11-08 04:00:00,1667851200000,5.3800000000,5.3900000000,5.3600000000,5.3600000000,2446.1855820000,13114.8603070000,13114.8603070000,1,DORA-USDT
2022-11-08 05:00:00,1667854800000,5.3650000000,5.3810000000,5.2680000000,5.2860000000,3219.2610630000,17159.4461800000,17159.4461800000,1,DORA-USDT
2022-11-08 06:00:00,1667858400000,5.2850000000,5.3490000000,5.2340000000,5.3410000000,1240.1065460000,6539.5479780000,6539.5479780000,1,DORA-USDT
2022-11-08 07:00:00,1667862000000,5.3460000000,5.3950000000,5.3310000000,5.3680000000,2603.5385000000,13972.4966010000,13972.4966010000,1,DORA-USDT
2022-11-08 08:00:00,1667865600000,5.3590000000,5.4110000000,5.2960000000,5.3000000000,1914.1816220000,10253.7235700000,10253.7235700000,1,DORA-USDT
2022-11-08 09:00:00,1667869200000,5.3070000000,5.3740000000,5.2970000000,5.3440000000,796.5217860000,4250.3689950000,4250.3689950000,1,DORA-USDT
2022-11-08 10:00:00,1667872800000,5.3380000000,5.3670000000,5.2580000000,5.2930000000,6753.3695970000,35757.0068560000,35757.0068560000,1,DORA-USDT
2022-11-08 11:00:00,1667876400000,5.2730000000,5.2990000000,5.2410000000,5.2860000000,18581.7549100000,98113.8533770000,98113.8533770000,1,DORA-USDT
2022-11-08 12:00:00,1667880000000,5.2690000000,5.8480000000,5.1340000000,5.5690000000,35883.0786640000,195046.3455050000,195046.3455050000,1,DORA-USDT
2022-11-08 13:00:00,1667883600000,5.5780000000,5.8170000000,5.3500000000,5.3770000000,25169.1359010000,141620.8472320000,141620.8472320000,1,DORA-USDT
2022-11-08 14:00:00,1667887200000,5.3860000000,5.4300000000,5.2030000000,5.4150000000,14586.4705180000,77718.0902800000,77718.0902800000,1,DORA-USDT
2022-11-08 15:00:00,1667890800000,5.4230000000,5.6000000000,5.3650000000,5.5680000000,7890.9192610000,43383.4108800000,43383.4108800000,1,DORA-USDT
2022-11-08 16:00:00,1667894400000,5.5950000000,5.6850000000,5.5170000000,5.6370000000,9566.3868400000,53610.7240570000,53610.7240570000,1,DORA-USDT
2022-11-08 17:00:00,1667898000000,5.6220000000,5.6460000000,5.5020000000,5.6100000000,4816.0984020000,26834.6116570000,26834.6116570000,1,DORA-USDT
2022-11-08 18:00:00,1667901600000,5.5730000000,5.6360000000,5.3920000000,5.4170000000,5303.4827380000,29162.2008010000,29162.2008010000,1,DORA-USDT
2022-11-08 19:00:00,1667905200000,5.4270000000,5.6300000000,5.4050000000,5.5600000000,4129.1572460000,22771.0674110000,22771.0674110000,1,DORA-USDT
2022-11-08 20:00:00,1667908800000,5.5520000000,5.5860000000,5.4640000000,5.5270000000,6022.8685350000,33298.6806880000,33298.6806880000,1,DORA-USDT
2022-11-08 21:00:00,1667912400000,5.5410000000,5.5730000000,5.4510000000,5.4570000000,6172.1382210000,33963.2659950000,33963.2659950000,1,DORA-USDT
2022-11-08 22:00:00,1667916000000,5.4840000000,5.5600000000,5.4470000000,5.4640000000,18096.9330860000,99569.5060680000,99569.5060680000,1,DORA-USDT
2022-11-08 23:00:00,1667919600000,5.4650000000,5.5400000000,4.1300000000,4.3740000000,138727.1073360000,662498.8136620000,662498.8136620000,1,DORA-USDT
2022-11-09 00:00:00,1667923200000,4.3110000000,4.6650000000,4.3000000000,4.5460000000,51157.3933650000,229231.9998780000,229231.9998780000,1,DORA-USDT
2022-11-09 01:00:00,1667926800000,4.5450000000,4.5820000000,4.3070000000,4.3670000000,12747.5390320000,56607.2642580000,56607.2642580000,1,DORA-USDT
2022-11-09 02:00:00,1667930400000,4.3660000000,4.3860000000,3.9530000000,3.9640000000,22574.8355150000,93309.9446750000,93309.9446750000,1,DORA-USDT
2022-11-09 03:00:00,1667934000000,3.9510000000,4.0310000000,2.7870000000,3.5370000000,66727.8230270000,227712.6953760000,227712.6953760000,1,DORA-USDT
2022-11-09 04:00:00,1667937600000,3.5190000000,3.6000000000,3.4130000000,3.4660000000,21379.8956060000,74797.0763910000,74797.0763910000,1,DORA-USDT
2022-11-09 05:00:00,1667941200000,3.4660000000,3.7350000000,3.4570000000,3.6870000000,12703.5318570000,46213.6838420000,46213.6838420000,1,DORA-USDT
2022-11-09 06:00:00,1667944800000,3.6840000000,3.6890000000,3.4120000000,3.4370000000,20375.4957030000,71397.9628850000,71397.9628850000,1,DORA-USDT
2022-11-09 07:00:00,1667948400000,3.4360000000,3.6250000000,3.3930000000,3.5090000000,15070.2931120000,52697.9366520000,52697.9366520000,1,DORA-USDT
2022-11-09 08:00:00,1667952000000,3.5000000000,3.6080000000,3.4610000000,3.5130000000,6277.8828580000,22228.5592200000,22228.5592200000,1,DORA-USDT
2022-11-09 09:00:00,1667955600000,3.5010000000,3.5930000000,3.4470000000,3.4540000000,6741.4380850000,23708.6126490000,23708.6126490000,1,DORA-USDT
2022-11-09 10:00:00,1667959200000,3.4620000000,3.5380000000,3.3750000000,3.3750000000,5721.6634230000,19834.9999670000,19834.9999670000,1,DORA-USDT
2022-11-09 11:00:00,1667962800000,3.3810000000,3.5070000000,3.3550000000,3.4750000000,7030.8055270000,24102.7026280000,24102.7026280000,1,DORA-USDT
2022-11-09 12:00:00,1667966400000,3.4810000000,3.4810000000,3.4040000000,3.4550000000,5692.2287190000,19590.7762140000,19590.7762140000,1,DORA-USDT
2022-11-09 13:00:00,1667970000000,3.4430000000,3.5370000000,3.3160000000,3.4710000000,14799.1774270000,50765.6371480000,50765.6371480000,1,DORA-USDT
2022-11-09 14:00:00,1667973600000,3.4620000000,3.5500000000,3.4410000000,3.4700000000,7848.1564060000,27369.9457230000,27369.9457230000,1,DORA-USDT
2022-11-09 15:00:00,1667977200000,3.4630000000,3.4770000000,3.3570000000,3.3730000000,9850.8653250000,33524.5775220000,33524.5775220000,1,DORA-USDT
2022-11-09 16:00:00,1667980800000,3.3590000000,3.3750000000,3.2470000000,3.2760000000,17576.2827240000,58131.4741710000,58131.4741710000,1,DORA-USDT
2022-11-09 17:00:00,1667984400000,3.2910000000,3.2920000000,3.0830000000,3.1540000000,15535.2135570000,49299.8981010000,49299.8981010000,1,DORA-USDT
2022-11-09 18:00:00,1667988000000,3.1470000000,3.1910000000,3.0170000000,3.1330000000,19652.2558580000,60878.9380340000,60878.9380340000,1,DORA-USDT
2022-11-09 19:00:00,1667991600000,3.1310000000,3.2480000000,3.1140000000,3.2290000000,6791.0987080000,21668.2674950000,21668.2674950000,1,DORA-USDT
2022-11-09 20:00:00,1667995200000,3.2280000000,3.3130000000,3.2120000000,3.2490000000,6527.0670120000,21335.8417850000,21335.8417850000,1,DORA-USDT
2022-11-09 21:00:00,1667998800000,3.2400000000,3.2830000000,3.1840000000,3.2120000000,4817.2201800000,15559.4451260000,15559.4451260000,1,DORA-USDT
2022-11-09 22:00:00,1668002400000,3.2090000000,3.3290000000,3.1520000000,3.2640000000,5383.4070620000,17500.0483800000,17500.0483800000,1,DORA-USDT
2022-11-09 23:00:00,1668006000000,3.2600000000,3.3710000000,3.0880000000,3.1340000000,15639.9740870000,50660.2352020000,50660.2352020000,1,DORA-USDT
2022-11-10 00:00:00,1668009600000,3.1270000000,3.2400000000,3.0500000000,3.1450000000,9108.1332960000,28710.0942580000,28710.0942580000,1,DORA-USDT
2022-11-10 01:00:00,1668013200000,3.1450000000,3.1820000000,3.0480000000,3.0760000000,10595.9882160000,32811.7763100000,32811.7763100000,1,DORA-USDT
2022-11-10 02:00:00,1668016800000,3.0760000000,3.0790000000,2.9810000000,3.0300000000,12860.9265100000,38926.9343740000,38926.9343740000,1,DORA-USDT
2022-11-10 03:00:00,1668020400000,3.0420000000,3.2740000000,3.0280000000,3.2420000000,11716.9814560000,37253.5248560000,37253.5248560000,1,DORA-USDT
2022-11-10 04:00:00,1668024000000,3.2470000000,3.3450000000,3.1790000000,3.2570000000,6852.1439430000,22276.8415040000,22276.8415040000,1,DORA-USDT
2022-11-10 05:00:00,1668027600000,3.2550000000,3.2550000000,2.8440000000,2.9260000000,26084.4533530000,78028.2103170000,78028.2103170000,1,DORA-USDT
2022-11-10 06:00:00,1668031200000,2.9250000000,3.0050000000,2.9020000000,2.9620000000,7303.1373750000,21661.1250090000,21661.1250090000,1,DORA-USDT
2022-11-10 07:00:00,1668034800000,2.9650000000,3.0070000000,2.8670000000,2.9770000000,10086.9437790000,29574.0411990000,29574.0411990000,1,DORA-USDT
2022-11-10 08:00:00,1668038400000,2.9740000000,3.2810000000,2.9180000000,3.2810000000,15114.4440720000,47136.9866630000,47136.9866630000,1,DORA-USDT
2022-11-10 09:00:00,1668042000000,3.2670000000,3.3330000000,3.2000000000,3.2150000000,11878.1948650000,38706.6259020000,38706.6259020000,1,DORA-USDT
2022-11-10 10:00:00,1668045600000,3.2150000000,3.2310000000,3.1790000000,3.2260000000,3266.0614610000,10456.6584620000,10456.6584620000,1,DORA-USDT
2022-11-10 11:00:00,1668049200000,3.2260000000,3.4290000000,3.2260000000,3.3540000000,10627.7233580000,35600.2561000000,35600.2561000000,1,DORA-USDT
2022-11-10 12:00:00,1668052800000,3.3410000000,3.4660000000,3.3280000000,3.4350000000,4702.2771090000,15926.3626290000,15926.3626290000,1,DORA-USDT
2022-11-10 13:00:00,1668056400000,3.4350000000,3.4880000000,3.3180000000,3.4130000000,13822.2244500000,46836.0880510000,46836.0880510000,1,DORA-USDT
2022-11-10 14:00:00,1668060000000,3.4010000000,3.4630000000,3.3780000000,3.3980000000,8429.1882300000,28751.8682290000,28751.8682290000,1,DORA-USDT
2022-11-10 15:00:00,1668063600000,3.3920000000,3.4460000000,3.3620000000,3.3900000000,3764.4181400000,12810.3415930000,12810.3415930000,1,DORA-USDT
2022-11-10 16:00:00,1668067200000,3.3870000000,3.3870000000,3.2200000000,3.2930000000,16477.4939080000,54016.1200110000,54016.1200110000,1,DORA-USDT
2022-11-10 17:00:00,1668070800000,3.2920000000,3.3030000000,3.2750000000,3.2910000000,110.9975430000,365.2086030000,365.2086030000,1,DORA-USDT
2022-11-10 18:00:00,1668074400000,3.2900000000,3.2910000000,3.0740000000,3.1230000000,9653.4124470000,30647.0422970000,30647.0422970000,1,DORA-USDT
2022-11-10 19:00:00,1668078000000,3.1230000000,3.2180000000,3.0970000000,3.1480000000,10247.6355780000,32464.8220960000,32464.8220960000,1,DORA-USDT
2022-11-10 20:00:00,1668081600000,3.1450000000,3.2040000000,3.1070000000,3.1510000000,8130.8838620000,25594.9539520000,25594.9539520000,1,DORA-USDT
2022-11-10 21:00:00,1668085200000,3.1520000000,3.3540000000,3.1520000000,3.3200000000,20253.3962920000,66176.2669260000,66176.2669260000,1,DORA-USDT
2022-11-10 22:00:00,1668088800000,3.3200000000,3.3620000000,3.2600000000,3.3220000000,4290.7291670000,14203.2952560000,14203.2952560000,1,DORA-USDT
2022-11-10 23:00:00,1668092400000,3.3120000000,3.3830000000,3.2530000000,3.3080000000,8883.8964360000,29442.3915460000,29442.3915460000,1,DORA-USDT
2022-11-11 00:00:00,1668096000000,3.3090000000,3.4660000000,3.2860000000,3.3580000000,8431.9890650000,28593.8784610000,28593.8784610000,1,DORA-USDT
2022-11-11 01:00:00,1668099600000,3.3500000000,3.3590000000,3.2010000000,3.2230000000,14953.6882170000,49067.8352770000,49067.8352770000,1,DORA-USDT
2022-11-11 02:00:00,1668103200000,3.2370000000,3.2780000000,3.2220000000,3.2360000000,1580.8425090000,5130.7681140000,5130.7681140000,1,DORA-USDT
2022-11-11 03:00:00,1668106800000,3.2430000000,3.2610000000,3.2170000000,3.2510000000,1122.9878740000,3638.1784070000,3638.1784070000,1,DORA-USDT
2022-11-11 04:00:00,1668110400000,3.2520000000,3.2890000000,3.2190000000,3.2760000000,1462.4935580000,4761.3493240000,4761.3493240000,1,DORA-USDT
2022-11-11 05:00:00,1668114000000,3.2750000000,3.2800000000,3.2200000000,3.2470000000,3144.2245970000,10183.7407520000,10183.7407520000,1,DORA-USDT
2022-11-11 06:00:00,1668117600000,3.2520000000,3.3250000000,3.2300000000,3.2900000000,9748.5858410000,31995.6757900000,31995.6757900000,1,DORA-USDT
2022-11-11 07:00:00,1668121200000,3.2900000000,3.3030000000,3.2230000000,3.2720000000,1967.8230900000,6414.8566560000,6414.8566560000,1,DORA-USDT
2022-11-11 08:00:00,1668124800000,3.2680000000,3.3090000000,3.2020000000,3.2940000000,4403.3430990000,14345.8840840000,14345.8840840000,1,DORA-USDT
2022-11-11 09:00:00,1668128400000,3.3030000000,3.3540000000,3.2040000000,3.2270000000,8252.7583500000,27039.8602740000,27039.8602740000,1,DORA-USDT
2022-11-11 10:00:00,1668132000000,3.2100000000,3.2200000000,3.1450000000,3.1730000000,3919.5833060000,12435.3786700000,12435.3786700000,1,DORA-USDT
2022-11-11 11:00:00,1668135600000,3.1730000000,3.1730000000,3.0340000000,3.0890000000,9745.5421710000,30018.9934890000,30018.9934890000,1,DORA-USDT
2022-11-11 12:00:00,1668139200000,3.0790000000,3.1060000000,3.0610000000,3.0760000000,1796.8774750000,5543.9071750000,5543.9071750000,1,DORA-USDT
2022-11-11 13:00:00,1668142800000,3.0740000000,3.1550000000,3.0590000000,3.1460000000,3097.4645130000,9666.0664990000,9666.0664990000,1,DORA-USDT
2022-11-11 14:00:00,1668146400000,3.1430000000,3.1710000000,3.1400000000,3.1620000000,6646.8468930000,20979.5882950000,20979.5882950000,1,DORA-USDT
2022-11-11 15:00:00,1668150000000,3.1590000000,3.2540000000,3.1400000000,3.2380000000,8610.0029420000,27627.3894150000,27627.3894150000,1,DORA-USDT
2022-11-11 16:00:00,1668153600000,3.2290000000,3.3020000000,3.2050000000,3.2790000000,5918.2590340000,19276.0660280000,19276.0660280000,1,DORA-USDT
2022-11-11 17:00:00,1668157200000,3.2750000000,3.3300000000,3.2320000000,3.2720000000,7467.2757370000,24500.1713360000,24500.1713360000,1,DORA-USDT
2022-11-11 18:00:00,1668160800000,3.2670000000,3.2940000000,3.2020000000,3.2190000000,6567.6119860000,21245.5391670000,21245.5391670000,1,DORA-USDT
2022-11-11 19:00:00,1668164400000,3.2180000000,3.2360000000,3.1940000000,3.1990000000,1228.9907350000,3950.5507640000,3950.5507640000,1,DORA-USDT
2022-11-11 20:00:00,1668168000000,3.2060000000,3.2240000000,3.1770000000,3.2140000000,1536.2343130000,4912.5627940000,4912.5627940000,1,DORA-USDT
2022-11-11 21:00:00,1668171600000,3.2100000000,3.2470000000,3.1600000000,3.1840000000,4556.6008990000,14609.2819390000,14609.2819390000,1,DORA-USDT
2022-11-11 22:00:00,1668175200000,3.1740000000,3.1780000000,2.9010000000,3.0420000000,46501.8131440000,140397.2853500000,140397.2853500000,1,DORA-USDT
2022-11-11 23:00:00,1668178800000,3.0420000000,3.1470000000,3.0100000000,3.1170000000,23316.3415760000,71519.7272670000,71519.7272670000,1,DORA-USDT
2022-11-12 00:00:00,1668182400000,3.1070000000,3.7540000000,3.1000000000,3.5300000000,145988.0943540000,507135.8167940000,507135.8167940000,1,DORA-USDT
2022-11-12 01:00:00,1668186000000,3.5260000000,3.6500000000,3.3500000000,3.6210000000,24945.5074980000,87112.1383720000,87112.1383720000,1,DORA-USDT
2022-11-12 02:00:00,1668189600000,3.6210000000,3.8840000000,3.5750000000,3.6860000000,38594.6436780000,142689.6705610000,142689.6705610000,1,DORA-USDT
2022-11-12 03:00:00,1668193200000,3.6770000000,3.8130000000,3.6190000000,3.7800000000,24790.9931150000,92431.0552650000,92431.0552650000,1,DORA-USDT
2022-11-12 04:00:00,1668196800000,3.7850000000,3.7850000000,3.5700000000,3.7230000000,16837.7480490000,61834.3983550000,61834.3983550000,1,DORA-USDT
2022-11-12 05:00:00,1668200400000,3.7210000000,3.8290000000,3.6310000000,3.7570000000,11524.1296340000,43153.7177230000,43153.7177230000,1,DORA-USDT
2022-11-12 06:00:00,1668204000000,3.7510000000,4.0110000000,3.6830000000,3.9310000000,15012.5536220000,57959.7334060000,57959.7334060000,1,DORA-USDT
2022-11-12 07:00:00,1668207600000,3.9300000000,3.9990000000,3.8090000000,3.9380000000,27922.0044070000,109074.3964140000,109074.3964140000,1,DORA-USDT
2022-11-12 08:00:00,1668211200000,3.9400000000,3.9570000000,3.8220000000,3.8730000000,12510.8288590000,48659.5577710000,48659.5577710000,1,DORA-USDT
2022-11-12 09:00:00,1668214800000,3.8660000000,3.9520000000,3.7460000000,3.8890000000,19564.6814900000,75394.6883310000,75394.6883310000,1,DORA-USDT
2022-11-12 10:00:00,1668218400000,3.8940000000,3.9450000000,3.7920000000,3.9070000000,13064.3883030000,50572.6265450000,50572.6265450000,1,DORA-USDT
2022-11-12 11:00:00,1668222000000,3.8910000000,3.8910000000,3.6150000000,3.6860000000,30244.1152820000,112716.9707120000,112716.9707120000,1,DORA-USDT
2022-11-12 12:00:00,1668225600000,3.6860000000,3.7500000000,3.6410000000,3.7140000000,18619.5607820000,68901.7201920000,68901.7201920000,1,DORA-USDT
2022-11-12 13:00:00,1668229200000,3.7310000000,3.7380000000,3.4030000000,3.6390000000,47312.6447770000,168434.0609210000,168434.0609210000,1,DORA-USDT
2022-11-12 14:00:00,1668232800000,3.6390000000,3.7230000000,3.5610000000,3.6060000000,15531.5847190000,56494.1995860000,56494.1995860000,1,DORA-USDT
2022-11-12 15:00:00,1668236400000,3.6130000000,3.7990000000,3.5740000000,3.7020000000,11827.2011940000,43605.2124050000,43605.2124050000,1,DORA-USDT
2022-11-12 16:00:00,1668240000000,3.6860000000,3.7150000000,3.5000000000,3.6280000000,21644.4390010000,78127.2779000000,78127.2779000000,1,DORA-USDT
2022-11-12 17:00:00,1668243600000,3.6310000000,3.6480000000,3.5850000000,3.6320000000,3709.3165010000,13440.4237700000,13440.4237700000,1,DORA-USDT
2022-11-12 18:00:00,1668247200000,3.6360000000,3.7990000000,3.5930000000,3.7210000000,14142.4747910000,52522.7228640000,52522.7228640000,1,DORA-USDT
2022-11-12 19:00:00,1668250800000,3.7150000000,3.7920000000,3.6640000000,3.7310000000,8664.7636110000,32282.6814060000,32282.6814060000,1,DORA-USDT
2022-11-12 20:00:00,1668254400000,3.7140000000,3.7330000000,3.6020000000,3.6420000000,9744.3142170000,35603.1182480000,35603.1182480000,1,DORA-USDT
2022-11-12 21:00:00,1668258000000,3.6470000000,3.6560000000,3.4530000000,3.5230000000,17845.0236940000,63256.7935480000,63256.7935480000,1,DORA-USDT
2022-11-12 22:00:00,1668261600000,3.5200000000,3.5910000000,3.4710000000,3.5470000000,5865.9365410000,20711.9502430000,20711.9502430000,1,DORA-USDT
2022-11-12 23:00:00,1668265200000,3.5470000000,3.5970000000,3.5110000000,3.5760000000,7492.2166380000,26614.7915920000,26614.7915920000,1,DORA-USDT
2022-11-13 00:00:00,1668268800000,3.5740000000,3.5770000000,3.4130000000,3.4630000000,12617.4566290000,43934.2187520000,43934.2187520000,1,DORA-USDT
2022-11-13 01:00:00,1668272400000,3.4670000000,3.4670000000,3.4430000000,3.4470000000,1104.4549880000,3808.6323300000,3808.6323300000,1,DORA-USDT
2022-11-13 02:00:00,1668276000000,3.4460000000,3.4460000000,3.3480000000,3.4220000000,9781.6752750000,33209.7660260000,33209.7660260000,1,DORA-USDT
2022-11-13 03:00:00,1668279600000,3.4210000000,3.4210000000,3.3470000000,3.3620000000,3980.5642560000,13442.5040080000,13442.5040080000,1,DORA-USDT
2022-11-13 04:00:00,1668283200000,3.3630000000,3.4060000000,3.3620000000,3.3690000000,2388.4366360000,8089.8101130000,8089.8101130000,1,DORA-USDT
2022-11-13 05:00:00,1668286800000,3.3690000000,3.3770000000,3.3440000000,3.3600000000,1250.8715240000,4206.8312840000,4206.8312840000,1,DORA-USDT
2022-11-13 06:00:00,1668290400000,3.3600000000,3.4260000000,3.3600000000,3.4070000000,936.0691040000,3180.6174650000,3180.6174650000,1,DORA-USDT
2022-11-13 07:00:00,1668294000000,3.4060000000,3.4100000000,3.3460000000,3.3700000000,1758.2417450000,5957.0539130000,5957.0539130000,1,DORA-USDT
2022-11-13 08:00:00,1668297600000,3.3710000000,3.4160000000,3.3710000000,3.3710000000,2590.4861760000,8788.9520020000,8788.9520020000,1,DORA-USDT
2022-11-13 09:00:00,1668301200000,3.3860000000,3.4030000000,3.3700000000,3.3770000000,1067.5959530000,3612.0539110000,3612.0539110000,1,DORA-USDT
2022-11-13 10:00:00,1668304800000,3.3810000000,3.4580000000,3.3710000000,3.4130000000,7377.1868090000,25158.9821000000,25158.9821000000,1,DORA-USDT
2022-11-13 11:00:00,1668308400000,3.4050000000,3.4460000000,3.3630000000,3.4090000000,7007.8960490000,23779.7251760000,23779.7251760000,1,DORA-USDT
2022-11-13 12:00:00,1668312000000,3.4080000000,3.4240000000,3.3660000000,3.3740000000,2084.7898680000,7063.7583500000,7063.7583500000,1,DORA-USDT
2022-11-13 13:00:00,1668315600000,3.3690000000,3.3920000000,3.3430000000,3.3800000000,3420.9422280000,11484.0042400000,11484.0042400000,1,DORA-USDT
2022-11-13 14:00:00,1668319200000,3.3890000000,3.4060000000,3.2810000000,3.3000000000,5102.2825770000,16952.6835110000,16952.6835110000,1,DORA-USDT
2022-11-13 15:00:00,1668322800000,3.2940000000,3.3280000000,3.2190000000,3.3100000000,9006.6722040000,29531.3123790000,29531.3123790000,1,DORA-USDT
2022-11-13 16:00:00,1668326400000,3.3050000000,3.3220000000,3.2510000000,3.2640000000,6399.7149730000,21024.4454230000,21024.4454230000,1,DORA-USDT
2022-11-13 17:00:00,1668330000000,3.2640000000,3.2840000000,3.2130000000,3.2470000000,4872.5995700000,15790.0450010000,15790.0450010000,1,DORA-USDT
2022-11-13 18:00:00,1668333600000,3.2410000000,3.3040000000,3.2310000000,3.2880000000,2281.5817860000,7474.6010720000,7474.6010720000,1,DORA-USDT
2022-11-13 19:00:00,1668337200000,3.2750000000,3.3100000000,3.2470000000,3.2890000000,3996.6848880000,13085.5399790000,13085.5399790000,1,DORA-USDT
2022-11-13 20:00:00,1668340800000,3.2860000000,3.2880000000,3.2030000000,3.2480000000,5189.4337800000,16879.1730080000,16879.1730080000,1,DORA-USDT
2022-11-13 21:00:00,1668344400000,3.2470000000,3.2990000000,3.2220000000,3.2730000000,5405.9504910000,17694.1793900000,17694.1793900000,1,DORA-USDT
2022-11-13 22:00:00,1668348000000,3.2730000000,3.2900000000,3.2340000000,3.2480000000,1013.8583500000,3298.0528690000,3298.0528690000,1,DORA-USDT
2022-11-13 23:00:00,1668351600000,3.2440000000,3.2660000000,3.1790000000,3.2150000000,3676.3437840000,11849.0930130000,11849.0930130000,1,DORA-USDT
2022-11-14 00:00:00,1668355200000,3.2100000000,3.2100000000,3.1490000000,3.1680000000,6283.6873800000,19942.5006300000,19942.5006300000,1,DORA-USDT
2022-11-14 01:00:00,1668358800000,3.1640000000,3.1640000000,3.1160000000,3.1440000000,2575.3997970000,8079.0444860000,8079.0444860000,1,DORA-USDT
2022-11-14 02:00:00,1668362400000,3.1400000000,3.1450000000,2.9800000000,3.0020000000,9847.2207740000,29791.9609340000,29791.9609340000,1,DORA-USDT
2022-11-14 03:00:00,1668366000000,3.0130000000,3.0230000000,2.9940000000,3.0110000000,5063.5137900000,15234.7821910000,15234.7821910000,1,DORA-USDT
2022-11-14 04:00:00,1668369600000,3.0130000000,3.0160000000,2.9840000000,2.9920000000,4161.6529500000,12508.8925960000,12508.8925960000,1,DORA-USDT
2022-11-14 05:00:00,1668373200000,2.9870000000,3.0040000000,2.9330000000,2.9600000000,3660.9540430000,10879.2968680000,10879.2968680000,1,DORA-USDT
2022-11-14 06:00:00,1668376800000,2.9590000000,2.9810000000,2.9380000000,2.9590000000,2178.6457560000,6441.9944320000,6441.9944320000,1,DORA-USDT
2022-11-14 07:00:00,1668380400000,2.9590000000,3.0270000000,2.9200000000,3.0050000000,4646.2757830000,13766.4360100000,13766.4360100000,1,DORA-USDT
2022-11-14 08:00:00,1668384000000,3.0140000000,3.0220000000,2.9250000000,2.9930000000,3013.4840470000,8942.7074970000,8942.7074970000,1,DORA-USDT
2022-11-14 09:00:00,1668387600000,2.9930000000,3.0560000000,2.9750000000,3.0110000000,5501.2707330000,16545.4600040000,16545.4600040000,1,DORA-USDT
2022-11-14 10:00:00,1668391200000,3.0070000000,3.0470000000,2.9670000000,3.0470000000,3563.5224500000,10708.1810130000,10708.1810130000,1,DORA-USDT
2022-11-14 11:00:00,1668394800000,3.0490000000,3.1320000000,3.0380000000,3.1000000000,7026.4532680000,21737.9847970000,21737.9847970000,1,DORA-USDT
2022-11-14 12:00:00,1668398400000,3.1070000000,3.1920000000,3.1000000000,3.1140000000,10324.7988600000,32351.1951670000,32351.1951670000,1,DORA-USDT
2022-11-14 13:00:00,1668402000000,3.1100000000,3.1530000000,3.0840000000,3.1210000000,2469.7932580000,7696.9716110000,7696.9716110000,1,DORA-USDT
2022-11-14 14:00:00,1668405600000,3.1170000000,3.8170000000,3.1140000000,3.5390000000,59950.8526840000,213020.0532820000,213020.0532820000,1,DORA-USDT
2022-11-14 15:00:00,1668409200000,3.5370000000,3.6330000000,3.4060000000,3.5750000000,66416.6135510000,234008.8797630000,234008.8797630000,1,DORA-USDT
2022-11-14 16:00:00,1668412800000,3.5650000000,3.6110000000,3.4860000000,3.5520000000,14007.5481770000,49867.4440760000,49867.4440760000,1,DORA-USDT
2022-11-14 17:00:00,1668416400000,3.5370000000,3.5370000000,3.4480000000,3.4730000000,9542.4838980000,33306.6958360000,33306.6958360000,1,DORA-USDT
2022-11-14 18:00:00,1668420000000,3.4710000000,3.4990000000,3.4260000000,3.4730000000,2931.1389450000,10134.7980750000,10134.7980750000,1,DORA-USDT
2022-11-14 19:00:00,1668423600000,3.4760000000,3.4970000000,3.3960000000,3.4200000000,4496.0283590000,15455.5722950000,15455.5722950000,1,DORA-USDT
2022-11-14 20:00:00,1668427200000,3.4170000000,3.5280000000,3.4060000000,3.4920000000,5328.6992000000,18593.1713450000,18593.1713450000,1,DORA-USDT
2022-11-14 21:00:00,1668430800000,3.4900000000,3.5010000000,3.3450000000,3.4020000000,7549.1364790000,25937.4479160000,25937.4479160000,1,DORA-USDT
2022-11-14 22:00:00,1668434400000,3.3870000000,3.4320000000,3.3550000000,3.4070000000,4989.2812660000,16942.2876550000,16942.2876550000,1,DORA-USDT
2022-11-14 23:00:00,1668438000000,3.4100000000,3.4580000000,3.3280000000,3.4280000000,5122.9663260000,17454.3234030000,17454.3234030000,1,DORA-USDT
2022-11-15 00:00:00,1668441600000,3.4150000000,3.4160000000,3.3030000000,3.3200000000,4268.6968950000,14287.1346990000,14287.1346990000,1,DORA-USDT
2022-11-15 01:00:00,1668445200000,3.3200000000,3.3690000000,3.3100000000,3.3320000000,4097.7270110000,13716.9082920000,13716.9082920000,1,DORA-USDT
2022-11-15 02:00:00,1668448800000,3.3420000000,3.3660000000,3.3320000000,3.3440000000,2446.3006460000,8197.5932680000,8197.5932680000,1,DORA-USDT
2022-11-15 03:00:00,1668452400000,3.3480000000,3.3730000000,3.3130000000,3.3390000000,2213.2330740000,7406.5256670000,7406.5256670000,1,DORA-USDT
2022-11-15 04:00:00,1668456000000,3.3350000000,3.3350000000,3.3000000000,3.3060000000,2332.1364670000,7716.2195440000,7716.2195440000,1,DORA-USDT
2022-11-15 05:00:00,1668459600000,3.3040000000,3.3460000000,3.3000000000,3.3460000000,927.5291080000,3073.6706470000,3073.6706470000,1,DORA-USDT
2022-11-15 06:00:00,1668463200000,3.3310000000,3.3420000000,3.3150000000,3.3270000000,1174.9669290000,3914.5534670000,3914.5534670000,1,DORA-USDT
2022-11-15 07:00:00,1668466800000,3.3240000000,3.3660000000,3.3240000000,3.3580000000,5045.9683160000,16844.4606120000,16844.4606120000,1,DORA-USDT
2022-11-15 08:00:00,1668470400000,3.3590000000,3.4380000000,3.3460000000,3.4350000000,6721.2661750000,22784.0596640000,22784.0596640000,1,DORA-USDT
2022-11-15 09:00:00,1668474000000,3.4330000000,3.6850000000,3.4320000000,3.4990000000,27251.9480080000,96721.5991430000,96721.5991430000,1,DORA-USDT
2022-11-15 10:00:00,1668477600000,3.5090000000,3.5270000000,3.4020000000,3.4230000000,5786.6845920000,19915.8190430000,19915.8190430000,1,DORA-USDT
2022-11-15 11:00:00,1668481200000,3.4310000000,3.4310000000,3.3910000000,3.4070000000,5077.3153320000,17291.6340410000,17291.6340410000,1,DORA-USDT
2022-11-15 12:00:00,1668484800000,3.4040000000,3.4100000000,3.3460000000,3.3590000000,3371.3092980000,11409.8325360000,11409.8325360000,1,DORA-USDT
2022-11-15 13:00:00,1668488400000,3.3660000000,3.3690000000,3.3410000000,3.3610000000,1728.9054350000,5797.3928340000,5797.3928340000,1,DORA-USDT
2022-11-15 14:00:00,1668492000000,3.3610000000,3.3800000000,3.3500000000,3.3710000000,1426.7847750000,4804.8791850000,4804.8791850000,1,DORA-USDT
2022-11-15 15:00:00,1668495600000,3.3660000000,3.4200000000,3.3660000000,3.3890000000,1781.7884240000,6041.1356270000,6041.1356270000,1,DORA-USDT
2022-11-15 16:00:00,1668499200000,3.3810000000,3.4660000000,3.3780000000,3.4340000000,9454.5859630000,32190.0862810000,32190.0862810000,1,DORA-USDT
2022-11-15 17:00:00,1668502800000,3.4430000000,3.4630000000,3.3760000000,3.3990000000,8374.3643370000,28613.9914370000,28613.9914370000,1,DORA-USDT
2022-11-15 18:00:00,1668506400000,3.4040000000,3.4260000000,3.3700000000,3.3830000000,2253.2428490000,7647.6044360000,7647.6044360000,1,DORA-USDT
2022-11-15 19:00:00,1668510000000,3.3840000000,3.3930000000,3.3510000000,3.3810000000,2563.7346120000,8627.7070110000,8627.7070110000,1,DORA-USDT
2022-11-15 20:00:00,1668513600000,3.3690000000,3.3780000000,3.3550000000,3.3670000000,2217.7350580000,7456.8429370000,7456.8429370000,1,DORA-USDT
2022-11-15 21:00:00,1668517200000,3.3680000000,3.4200000000,3.3670000000,3.3800000000,2318.0932950000,7848.6351070000,7848.6351070000,1,DORA-USDT
2022-11-15 22:00:00,1668520800000,3.3800000000,3.3870000000,3.2810000000,3.2930000000,8662.6311740000,28764.6025570000,28764.6025570000,1,DORA-USDT
2022-11-15 23:00:00,1668524400000,3.2930000000,3.3250000000,3.2510000000,3.2940000000,6855.1465960000,22488.6601210000,22488.6601210000,1,DORA-USDT
2022-11-16 00:00:00,1668528000000,3.2880000000,3.2960000000,3.2620000000,3.2660000000,3131.3387520000,10252.7022950000,10252.7022950000,1,DORA-USDT
2022-11-16 01:00:00,1668531600000,3.2700000000,3.2740000000,3.2460000000,3.2610000000,1781.5273510000,5807.0050840000,5807.0050840000,1,DORA-USDT
2022-11-16 02:00:00,1668535200000,3.2610000000,3.2640000000,3.1730000000,3.1780000000,3940.6783200000,12646.1957620000,12646.1957620000,1,DORA-USDT
2022-11-16 03:00:00,1668538800000,3.1770000000,3.1940000000,3.1630000000,3.1920000000,595.4910770000,1896.3169020000,1896.3169020000,1,DORA-USDT
2022-11-16 04:00:00,1668542400000,3.1860000000,3.1980000000,3.1770000000,3.1810000000,1094.8887580000,3492.2160260000,3492.2160260000,1,DORA-USDT
2022-11-16 05:00:00,1668546000000,3.1890000000,3.1920000000,3.1760000000,3.1830000000,606.6387160000,1931.8420710000,1931.8420710000,1,DORA-USDT
2022-11-16 06:00:00,1668549600000,3.1840000000,3.2250000000,3.1840000000,3.2070000000,1354.7212480000,4344.1293110000,4344.1293110000,1,DORA-USDT
2022-11-16 07:00:00,1668553200000,3.2070000000,3.2290000000,3.1920000000,3.2260000000,704.9063670000,2266.6985040000,2266.6985040000,1,DORA-USDT
2022-11-16 08:00:00,1668556800000,3.2220000000,3.2250000000,3.1860000000,3.2050000000,2464.7217930000,7898.8079350000,7898.8079350000,1,DORA-USDT
2022-11-16 09:00:00,1668560400000,3.2010000000,3.2420000000,3.1810000000,3.2340000000,2042.8454960000,6583.5608110000,6583.5608110000,1,DORA-USDT
2022-11-16 10:00:00,1668564000000,3.2310000000,3.2610000000,3.2300000000,3.2590000000,1929.9176680000,6260.9954040000,6260.9954040000,1,DORA-USDT
2022-11-16 11:00:00,1668567600000,3.2500000000,3.2930000000,3.2460000000,3.2820000000,3158.4489960000,10310.1015740000,10310.1015740000,1,DORA-USDT
2022-11-16 12:00:00,1668571200000,3.2810000000,3.2830000000,3.2500000000,3.2600000000,1174.7190900000,3834.5218610000,3834.5218610000,1,DORA-USDT
2022-11-16 13:00:00,1668574800000,3.2630000000,3.2970000000,3.2450000000,3.2670000000,1577.7317370000,5156.6658930000,5156.6658930000,1,DORA-USDT
2022-11-16 14:00:00,1668578400000,3.2650000000,3.3220000000,3.2400000000,3.2810000000,3340.0935450000,10924.3515620000,10924.3515620000,1,DORA-USDT
2022-11-16 15:00:00,1668582000000,3.2910000000,3.3970000000,3.2800000000,3.3460000000,8469.1227210000,28213.4107400000,28213.4107400000,1,DORA-USDT
2022-11-16 16:00:00,1668585600000,3.3540000000,3.3730000000,3.2040000000,3.2410000000,6546.2567260000,21437.5968820000,21437.5968820000,1,DORA-USDT
2022-11-16 17:00:00,1668589200000,3.2430000000,3.2770000000,3.2330000000,3.2750000000,571.2476010000,1865.4362540000,1865.4362540000,1,DORA-USDT
2022-11-16 18:00:00,1668592800000,3.2750000000,3.3400000000,3.2640000000,3.2810000000,4355.1376230000,14346.8616070000,14346.8616070000,1,DORA-USDT
2022-11-16 19:00:00,1668596400000,3.2840000000,3.2920000000,3.2170000000,3.2390000000,1938.3166870000,6311.7477160000,6311.7477160000,1,DORA-USDT
2022-11-16 20:00:00,1668600000000,3.2290000000,3.2490000000,3.2090000000,3.2360000000,3395.4772390000,10954.5182430000,10954.5182430000,1,DORA-USDT
2022-11-16 21:00:00,1668603600000,3.2330000000,3.2760000000,3.2100000000,3.2670000000,2687.6532190000,8741.9737280000,8741.9737280000,1,DORA-USDT
2022-11-16 22:00:00,1668607200000,3.2490000000,3.2880000000,3.2190000000,3.2760000000,2116.4162670000,6874.7243380000,6874.7243380000,1,DORA-USDT
2022-11-16 23:00:00,1668610800000,3.2790000000,3.4340000000,3.2670000000,3.4150000000,9591.6758950000,32311.9233860000,32311.9233860000,1,DORA-USDT
2022-11-17 00:00:00,1668614400000,3.4150000000,3.6530000000,3.4150000000,3.5660000000,16757.5859570000,59441.2409280000,59441.2409280000,1,DORA-USDT
2022-11-17 01:00:00,1668618000000,3.5680000000,3.5900000000,3.4570000000,3.5450000000,4215.1313080000,14851.0448330000,14851.0448330000,1,DORA-USDT
2022-11-17 02:00:00,1668621600000,3.5450000000,3.5700000000,3.5190000000,3.5550000000,1254.0896080000,4439.3070900000,4439.3070900000,1,DORA-USDT
2022-11-17 03:00:00,1668625200000,3.5550000000,3.5820000000,3.5520000000,3.5620000000,931.4186880000,3320.8654840000,3320.8654840000,1,DORA-USDT
2022-11-17 04:00:00,1668628800000,3.5620000000,3.5630000000,3.4650000000,3.5040000000,2906.1200100000,10125.9976540000,10125.9976540000,1,DORA-USDT
2022-11-17 05:00:00,1668632400000,3.4960000000,3.5080000000,3.4650000000,3.4670000000,1410.8992970000,4919.4677850000,4919.4677850000,1,DORA-USDT
2022-11-17 06:00:00,1668636000000,3.4690000000,3.4730000000,3.4370000000,3.4530000000,2805.6556640000,9682.8867400000,9682.8867400000,1,DORA-USDT
2022-11-17 07:00:00,1668639600000,3.4620000000,3.4800000000,3.4050000000,3.4140000000,5083.6259310000,17426.8161660000,17426.8161660000,1,DORA-USDT
2022-11-17 08:00:00,1668643200000,3.4150000000,3.4380000000,3.3830000000,3.4380000000,7552.9538840000,25711.8552800000,25711.8552800000,1,DORA-USDT
2022-11-17 09:00:00,1668646800000,3.4310000000,3.4650000000,3.4140000000,3.4430000000,4430.2745700000,15236.7417700000,15236.7417700000,1,DORA-USDT
2022-11-17 10:00:00,1668650400000,3.4530000000,3.4580000000,3.4390000000,3.4390000000,975.7816220000,3367.8849220000,3367.8849220000,1,DORA-USDT
2022-11-17 11:00:00,1668654000000,3.4340000000,3.4420000000,3.3670000000,3.3790000000,3420.7985120000,11652.6704970000,11652.6704970000,1,DORA-USDT
2022-11-17 12:00:00,1668657600000,3.3780000000,3.3920000000,3.3160000000,3.3170000000,2574.4959060000,8614.5624000000,8614.5624000000,1,DORA-USDT
2022-11-17 13:00:00,1668661200000,3.3150000000,3.3360000000,3.3130000000,3.3160000000,1395.9752130000,4637.6670760000,4637.6670760000,1,DORA-USDT
2022-11-17 14:00:00,1668664800000,3.3240000000,3.3640000000,3.3240000000,3.3310000000,1692.1120060000,5665.2855510000,5665.2855510000,1,DORA-USDT
2022-11-17 15:00:00,1668668400000,3.3350000000,3.3570000000,3.3090000000,3.3140000000,1726.5513150000,5741.5359970000,5741.5359970000,1,DORA-USDT
2022-11-17 16:00:00,1668672000000,3.3310000000,3.3330000000,3.2960000000,3.3070000000,1140.1289390000,3774.0221080000,3774.0221080000,1,DORA-USDT
2022-11-17 17:00:00,1668675600000,3.3050000000,3.3080000000,3.2530000000,3.2630000000,1945.1555810000,6382.7159010000,6382.7159010000,1,DORA-USDT
2022-11-17 18:00:00,1668679200000,3.2650000000,3.3030000000,3.2600000000,3.2820000000,1100.9807310000,3615.2097120000,3615.2097120000,1,DORA-USDT
2022-11-17 19:00:00,1668682800000,3.2760000000,3.3300000000,3.2760000000,3.3090000000,2928.0726440000,9697.5277590000,9697.5277590000,1,DORA-USDT
2022-11-17 20:00:00,1668686400000,3.3110000000,3.3110000000,3.2750000000,3.3020000000,2030.4287440000,6678.9560170000,6678.9560170000,1,DORA-USDT
2022-11-17 21:00:00,1668690000000,3.3030000000,3.3040000000,3.2100000000,3.2550000000,2333.3854340000,7570.3120830000,7570.3120830000,1,DORA-USDT
2022-11-17 22:00:00,1668693600000,3.2530000000,3.2780000000,3.2120000000,3.2590000000,2082.9232630000,6745.2807510000,6745.2807510000,1,DORA-USDT
2022-11-17 23:00:00,1668697200000,3.2640000000,3.3270000000,3.2590000000,3.2830000000,1707.7894770000,5634.9073590000,5634.9073590000,1,DORA-USDT
2022-11-18 00:00:00,1668700800000,3.2800000000,3.3300000000,3.2730000000,3.3180000000,2077.3631100000,6868.1855520000,6868.1855520000,1,DORA-USDT
2022-11-18 01:00:00,1668704400000,3.3210000000,3.3250000000,3.2980000000,3.3160000000,504.0051280000,1666.7500100000,1666.7500100000,1,DORA-USDT
2022-11-18 02:00:00,1668708000000,3.3190000000,3.3270000000,3.3000000000,3.3110000000,681.1231650000,2256.1282700000,2256.1282700000,1,DORA-USDT
2022-11-18 03:00:00,1668711600000,3.3070000000,3.3120000000,3.2830000000,3.2880000000,1277.3990900000,4206.2286220000,4206.2286220000,1,DORA-USDT
2022-11-18 04:00:00,1668715200000,3.2860000000,3.2970000000,3.2520000000,3.2770000000,1827.4353360000,5973.5863160000,5973.5863160000,1,DORA-USDT
2022-11-18 05:00:00,1668718800000,3.2780000000,3.2940000000,3.2760000000,3.2910000000,569.2098390000,1869.6054750000,1869.6054750000,1,DORA-USDT
2022-11-18 06:00:00,1668722400000,3.2890000000,3.2930000000,3.2710000000,3.2800000000,612.1133550000,2007.6387230000,2007.6387230000,1,DORA-USDT
2022-11-18 07:00:00,1668726000000,3.2830000000,3.2830000000,3.2310000000,3.2400000000,1229.4838780000,4005.0826790000,4005.0826790000,1,DORA-USDT
2022-11-18 08:00:00,1668729600000,3.2420000000,3.3100000000,3.2420000000,3.2960000000,1718.4247240000,5652.1994580000,5652.1994580000,1,DORA-USDT
2022-11-18 09:00:00,1668733200000,3.2960000000,3.3170000000,3.2920000000,3.3100000000,3549.3404790000,11750.8110550000,11750.8110550000,1,DORA-USDT
2022-11-18 10:00:00,1668736800000,3.3090000000,3.3590000000,3.2990000000,3.3480000000,1829.6699160000,6081.8488830000,6081.8488830000,1,DORA-USDT
2022-11-18 11:00:00,1668740400000,3.3500000000,3.3630000000,3.3270000000,3.3420000000,1118.4701480000,3738.2460500000,3738.2460500000,1,DORA-USDT
2022-11-18 12:00:00,1668744000000,3.3390000000,3.3490000000,3.3250000000,3.3300000000,658.5408930000,2196.7329480000,2196.7329480000,1,DORA-USDT
2022-11-18 13:00:00,1668747600000,3.3280000000,3.3410000000,3.3220000000,3.3320000000,1576.1467460000,5251.1076820000,5251.1076820000,1,DORA-USDT
2022-11-18 14:00:00,1668751200000,3.3330000000,3.3590000000,3.3120000000,3.3420000000,1460.8807590000,4870.0839140000,4870.0839140000,1,DORA-USDT
2022-11-18 15:00:00,1668754800000,3.3470000000,3.3950000000,3.3420000000,3.3760000000,2192.6909610000,7388.9276180000,7388.9276180000,1,DORA-USDT
2022-11-18 16:00:00,1668758400000,3.3820000000,3.3900000000,3.3110000000,3.3570000000,5834.6092890000,19529.4150880000,19529.4150880000,1,DORA-USDT
2022-11-18 17:00:00,1668762000000,3.3610000000,3.3670000000,3.3020000000,3.3290000000,889.6327010000,2966.5469450000,2966.5469450000,1,DORA-USDT
2022-11-18 18:00:00,1668765600000,3.3370000000,3.3490000000,3.3320000000,3.3380000000,1124.0337260000,3755.2518940000,3755.2518940000,1,DORA-USDT
2022-11-18 19:00:00,1668769200000,3.3380000000,3.4390000000,3.3310000000,3.3520000000,10190.5540820000,34454.9653360000,34454.9653360000,1,DORA-USDT
2022-11-18 20:00:00,1668772800000,3.3520000000,3.3520000000,3.3080000000,3.3430000000,2002.7182610000,6683.1220270000,6683.1220270000,1,DORA-USDT
2022-11-18 21:00:00,1668776400000,3.3410000000,3.3490000000,3.3240000000,3.3280000000,456.2039200000,1522.2530630000,1522.2530630000,1,DORA-USDT
2022-11-18 22:00:00,1668780000000,3.3360000000,3.3480000000,3.2900000000,3.2970000000,2837.0546030000,9390.6770550000,9390.6770550000,1,DORA-USDT
2022-11-18 23:00:00,1668783600000,3.2970000000,3.3100000000,3.2780000000,3.2980000000,1757.4515740000,5792.5768600000,5792.5768600000,1,DORA-USDT
2022-11-19 00:00:00,1668787200000,3.2990000000,3.2990000000,3.2280000000,3.2340000000,4017.6229640000,13102.1930100000,13102.1930100000,1,DORA-USDT
2022-11-19 01:00:00,1668790800000,3.2340000000,3.2380000000,3.2120000000,3.2190000000,2607.7260540000,8404.0753990000,8404.0753990000,1,DORA-USDT
2022-11-19 02:00:00,1668794400000,3.2170000000,3.2270000000,3.1800000000,3.2000000000,1848.1198780000,5931.4309930000,5931.4309930000,1,DORA-USDT
2022-11-19 03:00:00,1668798000000,3.1950000000,3.2070000000,3.1930000000,3.1990000000,326.9207980000,1046.0437940000,1046.0437940000,1,DORA-USDT
2022-11-19 04:00:00,1668801600000,3.2020000000,3.2220000000,3.2020000000,3.2180000000,605.3609450000,1943.4390120000,1943.4390120000,1,DORA-USDT
2022-11-19 05:00:00,1668805200000,3.2190000000,3.2200000000,3.2090000000,3.2170000000,435.3576870000,1400.1391420000,1400.1391420000,1,DORA-USDT
2022-11-19 06:00:00,1668808800000,3.2150000000,3.2220000000,3.2110000000,3.2150000000,350.2292970000,1125.7588810000,1125.7588810000,1,DORA-USDT
2022-11-19 07:00:00,1668812400000,3.2140000000,3.2490000000,3.2110000000,3.2410000000,1097.0984090000,3548.6536070000,3548.6536070000,1,DORA-USDT
2022-11-19 08:00:00,1668816000000,3.2350000000,3.2490000000,3.2180000000,3.2250000000,891.0594230000,2874.3162060000,2874.3162060000,1,DORA-USDT
2022-11-19 09:00:00,1668819600000,3.2250000000,3.2260000000,3.2030000000,3.2180000000,1487.0803470000,4783.7694550000,4783.7694550000,1,DORA-USDT
2022-11-19 10:00:00,1668823200000,3.2210000000,3.2230000000,3.1890000000,3.1960000000,1527.1210660000,4896.1101530000,4896.1101530000,1,DORA-USDT
2022-11-19 11:00:00,1668826800000,3.1950000000,3.2280000000,3.1950000000,3.2220000000,719.6383670000,2313.2273990000,2313.2273990000,1,DORA-USDT
2022-11-19 12:00:00,1668830400000,3.2210000000,3.2300000000,3.2060000000,3.2140000000,900.7927960000,2898.1347870000,2898.1347870000,1,DORA-USDT
2022-11-19 13:00:00,1668834000000,3.2150000000,3.2260000000,3.1200000000,3.1820000000,5183.6905760000,16447.5674760000,16447.5674760000,1,DORA-USDT
2022-11-19 14:00:00,1668837600000,3.1850000000,3.1890000000,3.1660000000,3.1790000000,1423.7231180000,4521.5212900000,4521.5212900000,1,DORA-USDT
2022-11-19 15:00:00,1668841200000,3.1830000000,3.1910000000,3.1730000000,3.1760000000,1533.6133980000,4878.6887180000,4878.6887180000,1,DORA-USDT
2022-11-19 16:00:00,1668844800000,3.1770000000,3.2050000000,3.1750000000,3.1940000000,1351.5695700000,4312.1795850000,4312.1795850000,1,DORA-USDT
2022-11-19 17:00:00,1668848400000,3.1960000000,3.2040000000,3.1930000000,3.2000000000,422.4179940000,1351.2642390000,1351.2642390000,1,DORA-USDT
2022-11-19 18:00:00,1668852000000,3.1960000000,3.2240000000,3.1910000000,3.1940000000,990.8040870000,3176.7787450000,3176.7787450000,1,DORA-USDT
2022-11-19 19:00:00,1668855600000,3.1950000000,3.1990000000,3.1730000000,3.1900000000,2727.1705380000,8685.7497510000,8685.7497510000,1,DORA-USDT
2022-11-19 20:00:00,1668859200000,3.1820000000,3.2090000000,3.1820000000,3.2000000000,3029.9744040000,9693.9979270000,9693.9979270000,1,DORA-USDT
2022-11-19 21:00:00,1668862800000,3.1970000000,3.2060000000,3.1740000000,3.1960000000,925.4663190000,2953.2121080000,2953.2121080000,1,DORA-USDT
2022-11-19 22:00:00,1668866400000,3.1930000000,3.2140000000,3.1920000000,3.2070000000,409.5877220000,1312.3868140000,1312.3868140000,1,DORA-USDT
2022-11-19 23:00:00,1668870000000,3.2080000000,3.2480000000,3.2070000000,3.2450000000,764.1086010000,2472.2228260000,2472.2228260000,1,DORA-USDT
2022-11-20 00:00:00,1668873600000,3.2440000000,3.2440000000,3.2090000000,3.2220000000,1621.0306040000,5216.6488250000,5216.6488250000,1,DORA-USDT
2022-11-20 01:00:00,1668877200000,3.2220000000,3.2240000000,3.1520000000,3.1570000000,2273.1987250000,7245.5379180000,7245.5379180000,1,DORA-USDT
2022-11-20 02:00:00,1668880800000,3.1670000000,3.1680000000,3.1320000000,3.1370000000,2667.9305430000,8389.8539060000,8389.8539060000,1,DORA-USDT
2022-11-20 03:00:00,1668884400000,3.1350000000,3.1390000000,3.1270000000,3.1290000000,498.4509130000,1561.4076250000,1561.4076250000,1,DORA-USDT
2022-11-20 04:00:00,1668888000000,3.1280000000,3.1410000000,3.1180000000,3.1340000000,717.5047250000,2245.5932990000,2245.5932990000,1,DORA-USDT
2022-11-20 05:00:00,1668891600000,3.1320000000,3.1440000000,3.1250000000,3.1280000000,1256.2525730000,3935.0936700000,3935.0936700000,1,DORA-USDT
2022-11-20 06:00:00,1668895200000,3.1400000000,3.1710000000,3.1360000000,3.1510000000,1219.8345790000,3852.2851450000,3852.2851450000,1,DORA-USDT
2022-11-20 07:00:00,1668898800000,3.1510000000,3.1630000000,3.1360000000,3.1400000000,609.7171520000,1918.8207910000,1918.8207910000,1,DORA-USDT
2022-11-20 08:00:00,1668902400000,3.1440000000,3.1580000000,3.0780000000,3.1170000000,4110.8837740000,12786.0458720000,12786.0458720000,1,DORA-USDT
2022-11-20 09:00:00,1668906000000,3.1170000000,3.1500000000,3.1160000000,3.1300000000,3286.2061840000,10290.0236340000,10290.0236340000,1,DORA-USDT
2022-11-20 10:00:00,1668909600000,3.1340000000,3.1500000000,3.1200000000,3.1430000000,2547.1472080000,7994.4341700000,7994.4341700000,1,DORA-USDT
2022-11-20 11:00:00,1668913200000,3.1420000000,3.1480000000,3.1400000000,3.1430000000,1064.0002720000,3343.6232210000,3343.6232210000,1,DORA-USDT
2022-11-20 12:00:00,1668916800000,3.1420000000,3.1690000000,3.1420000000,3.1540000000,1717.6642360000,5420.3338660000,5420.3338660000,1,DORA-USDT
2022-11-20 13:00:00,1668920400000,3.1540000000,3.1540000000,3.1400000000,3.1450000000,951.7174420000,2992.2006920000,2992.2006920000,1,DORA-USDT
2022-11-20 14:00:00,1668924000000,3.1410000000,3.1430000000,3.1400000000,3.1400000000,587.1976370000,1844.6035450000,1844.6035450000,1,DORA-USDT
2022-11-20 15:00:00,1668927600000,3.1400000000,3.1600000000,3.1400000000,3.1430000000,1632.7628490000,5134.6362250000,5134.6362250000,1,DORA-USDT
2022-11-20 16:00:00,1668931200000,3.1460000000,3.1590000000,3.1220000000,3.1410000000,3260.1128530000,10227.6338730000,10227.6338730000,1,DORA-USDT
2022-11-20 17:00:00,1668934800000,3.1440000000,3.1760000000,3.1410000000,3.1630000000,945.0888890000,2989.2288120000,2989.2288120000,1,DORA-USDT
2022-11-20 18:00:00,1668938400000,3.1640000000,3.1780000000,3.1540000000,3.1690000000,1501.1426040000,4750.6833430000,4750.6833430000,1,DORA-USDT
2022-11-20 19:00:00,1668942000000,3.1630000000,3.1630000000,3.0550000000,3.0720000000,5795.8114230000,17946.6567660000,17946.6567660000,1,DORA-USDT
2022-11-20 20:00:00,1668945600000,3.0700000000,3.1340000000,3.0420000000,3.1180000000,2285.0305490000,7076.8655580000,7076.8655580000,1,DORA-USDT
2022-11-20 21:00:00,1668949200000,3.1100000000,3.1490000000,3.1100000000,3.1460000000,1094.8903500000,3427.8927450000,3427.8927450000,1,DORA-USDT
2022-11-20 22:00:00,1668952800000,3.1350000000,3.1480000000,3.1200000000,3.1210000000,1132.6371210000,3545.8207290000,3545.8207290000,1,DORA-USDT
2022-11-20 23:00:00,1668956400000,3.1200000000,3.1390000000,3.1110000000,3.1250000000,1743.2400610000,5446.5658890000,5446.5658890000,1,DORA-USDT
2022-11-21 00:00:00,1668960000000,3.1300000000,3.1340000000,3.1110000000,3.1330000000,1085.0039910000,3392.2270580000,3392.2270580000,1,DORA-USDT
2022-11-21 01:00:00,1668963600000,3.1280000000,3.1910000000,3.1150000000,3.1860000000,2671.6334930000,8449.9195150000,8449.9195150000,1,DORA-USDT
2022-11-21 02:00:00,1668967200000,3.1870000000,3.2150000000,3.1750000000,3.1870000000,2175.2672530000,6940.8674270000,6940.8674270000,1,DORA-USDT
2022-11-21 03:00:00,1668970800000,3.1880000000,3.2200000000,3.1230000000,3.2090000000,4813.2322170000,15267.9575680000,15267.9575680000,1,DORA-USDT
2022-11-21 04:00:00,1668974400000,3.2100000000,3.2300000000,3.1680000000,3.1770000000,1027.9437240000,3281.1783610000,3281.1783610000,1,DORA-USDT
2022-11-21 05:00:00,1668978000000,3.1740000000,3.1870000000,3.0790000000,3.0930000000,2450.5484920000,7692.0953990000,7692.0953990000,1,DORA-USDT
2022-11-21 06:00:00,1668981600000,3.0930000000,3.1170000000,3.0790000000,3.1060000000,1009.9291700000,3130.8066750000,3130.8066750000,1,DORA-USDT
2022-11-21 07:00:00,1668985200000,3.1060000000,3.1120000000,3.0620000000,3.0890000000,1157.6732700000,3575.7086720000,3575.7086720000,1,DORA-USDT
2022-11-21 08:00:00,1668988800000,3.0960000000,3.0980000000,3.0270000000,3.0960000000,3014.9103480000,9250.1496890000,9250.1496890000,1,DORA-USDT
2022-11-21 09:00:00,1668992400000,3.0890000000,3.0890000000,3.0230000000,3.0310000000,3743.5680890000,11460.1382110000,11460.1382110000,1,DORA-USDT
2022-11-21 10:00:00,1668996000000,3.0330000000,3.0420000000,2.9130000000,2.9700000000,9647.4815750000,28720.2051380000,28720.2051380000,1,DORA-USDT
2022-11-21 11:00:00,1668999600000,2.9720000000,2.9870000000,2.9500000000,2.9870000000,520.7232600000,1547.3683680000,1547.3683680000,1,DORA-USDT
2022-11-21 12:00:00,1669003200000,2.9830000000,3.0090000000,2.9820000000,2.9910000000,719.7708290000,2156.3543020000,2156.3543020000,1,DORA-USDT
2022-11-21 13:00:00,1669006800000,2.9810000000,3.0350000000,2.9810000000,3.0310000000,1097.7579330000,3305.5554770000,3305.5554770000,1,DORA-USDT
2022-11-21 14:00:00,1669010400000,3.0280000000,3.0330000000,2.9930000000,3.0030000000,1813.3390380000,5467.4777780000,5467.4777780000,1,DORA-USDT
2022-11-21 15:00:00,1669014000000,3.0040000000,3.0200000000,2.9770000000,3.0000000000,7181.9002250000,21572.1575150000,21572.1575150000,1,DORA-USDT
2022-11-21 16:00:00,1669017600000,3.0100000000,3.0470000000,3.0010000000,3.0100000000,1111.2678900000,3358.0432370000,3358.0432370000,1,DORA-USDT
2022-11-21 17:00:00,1669021200000,3.0080000000,3.0590000000,3.0050000000,3.0510000000,2824.7920000000,8563.0203090000,8563.0203090000,1,DORA-USDT
2022-11-21 18:00:00,1669024800000,3.0530000000,3.0600000000,3.0350000000,3.0600000000,1841.2477340000,5617.0308490000,5617.0308490000,1,DORA-USDT
2022-11-21 19:00:00,1669028400000,3.0600000000,3.0640000000,3.0420000000,3.0440000000,1235.8905290000,3772.9807550000,3772.9807550000,1,DORA-USDT
2022-11-21 20:00:00,1669032000000,3.0470000000,3.0710000000,3.0230000000,3.0550000000,2728.5310490000,8314.9070820000,8314.9070820000,1,DORA-USDT
2022-11-21 21:00:00,1669035600000,3.0550000000,3.1040000000,3.0540000000,3.0810000000,3602.6654910000,11100.5486060000,11100.5486060000,1,DORA-USDT
2022-11-21 22:00:00,1669039200000,3.0840000000,3.0930000000,3.0620000000,3.0620000000,876.9366750000,2698.9413900000,2698.9413900000,1,DORA-USDT
2022-11-21 23:00:00,1669042800000,3.0610000000,3.0750000000,3.0530000000,3.0680000000,897.3016680000,2746.7309540000,2746.7309540000,1,DORA-USDT
2022-11-22 00:00:00,1669046400000,3.0670000000,3.0760000000,2.9780000000,3.0440000000,5730.3168470000,17435.9496310000,17435.9496310000,1,DORA-USDT
2022-11-22 01:00:00,1669050000000,3.0430000000,3.0490000000,3.0000000000,3.0020000000,1158.8171380000,3500.0750570000,3500.0750570000,1,DORA-USDT
2022-11-22 02:00:00,1669053600000,3.0000000000,3.0110000000,2.9760000000,3.0010000000,2595.8616420000,7767.1357290000,7767.1357290000,1,DORA-USDT
2022-11-22 03:00:00,1669057200000,2.9990000000,3.0200000000,2.9710000000,2.9930000000,2115.8093710000,6309.8110120000,6309.8110120000,1,DORA-USDT
2022-11-22 04:00:00,1669060800000,2.9900000000,3.0590000000,2.9900000000,3.0410000000,1218.5297740000,3701.8066250000,3701.8066250000,1,DORA-USDT
2022-11-22 05:00:00,1669064400000,3.0330000000,3.0390000000,2.9650000000,2.9930000000,5759.9906400000,17373.3446250000,17373.3446250000,1,DORA-USDT
2022-11-22 06:00:00,1669068000000,3.0000000000,3.0400000000,2.9880000000,3.0260000000,5066.8604250000,15339.5125100000,15339.5125100000,1,DORA-USDT
2022-11-22 07:00:00,1669071600000,3.0230000000,3.0510000000,3.0180000000,3.0270000000,2697.6505190000,8175.0696850000,8175.0696850000,1,DORA-USDT
2022-11-22 08:00:00,1669075200000,3.0230000000,3.0670000000,3.0210000000,3.0660000000,2794.5034800000,8525.0927920000,8525.0927920000,1,DORA-USDT
2022-11-22 09:00:00,1669078800000,3.0560000000,3.0640000000,3.0440000000,3.0460000000,595.2492390000,1818.2335050000,1818.2335050000,1,DORA-USDT
2022-11-22 10:00:00,1669082400000,3.0470000000,3.0730000000,3.0400000000,3.0620000000,2317.2005230000,7078.7605840000,7078.7605840000,1,DORA-USDT
2022-11-22 11:00:00,1669086000000,3.0640000000,3.1070000000,3.0640000000,3.0860000000,4928.1229070000,15241.7622130000,15241.7622130000,1,DORA-USDT
2022-11-22 12:00:00,1669089600000,3.0800000000,3.0850000000,3.0490000000,3.0570000000,2035.3404050000,6236.7452900000,6236.7452900000,1,DORA-USDT
2022-11-22 13:00:00,1669093200000,3.0580000000,3.0670000000,3.0430000000,3.0510000000,1173.0644550000,3585.3762090000,3585.3762090000,1,DORA-USDT
2022-11-22 14:00:00,1669096800000,3.0540000000,3.0670000000,3.0300000000,3.0330000000,1916.9869600000,5842.9931220000,5842.9931220000,1,DORA-USDT
2022-11-22 15:00:00,1669100400000,3.0270000000,3.0490000000,3.0150000000,3.0490000000,1692.1963140000,5120.4809050000,5120.4809050000,1,DORA-USDT
2022-11-22 16:00:00,1669104000000,3.0440000000,3.0580000000,3.0160000000,3.0460000000,1745.1709530000,5312.0077940000,5312.0077940000,1,DORA-USDT
2022-11-22 17:00:00,1669107600000,3.0480000000,3.0680000000,3.0160000000,3.0200000000,1239.5583050000,3770.8480400000,3770.8480400000,1,DORA-USDT
2022-11-22 18:00:00,1669111200000,3.0170000000,3.0790000000,2.9950000000,3.0600000000,3077.2381980000,9403.7788200000,9403.7788200000,1,DORA-USDT
2022-11-22 19:00:00,1669114800000,3.0570000000,3.0890000000,3.0540000000,3.0800000000,1052.8555220000,3236.0134510000,3236.0134510000,1,DORA-USDT
2022-11-22 20:00:00,1669118400000,3.0790000000,3.1550000000,3.0540000000,3.1280000000,6397.9867730000,19840.0551820000,19840.0551820000,1,DORA-USDT
2022-11-22 21:00:00,1669122000000,3.1290000000,3.4000000000,3.1270000000,3.3010000000,34849.1801050000,114209.5268750000,114209.5268750000,1,DORA-USDT
2022-11-22 22:00:00,1669125600000,3.3000000000,3.3900000000,3.2760000000,3.3330000000,8370.9261450000,27857.3348860000,27857.3348860000,1,DORA-USDT
2022-11-22 23:00:00,1669129200000,3.3330000000,3.3880000000,3.3130000000,3.3600000000,5358.9490030000,17918.9933270000,17918.9933270000,1,DORA-USDT
2022-11-23 00:00:00,1669132800000,3.3510000000,3.3920000000,3.2300000000,3.2670000000,14550.2223750000,47944.3516400000,47944.3516400000,1,DORA-USDT
2022-11-23 01:00:00,1669136400000,3.2730000000,3.2750000000,3.2320000000,3.2360000000,1690.7614060000,5497.6377100000,5497.6377100000,1,DORA-USDT
2022-11-23 02:00:00,1669140000000,3.2440000000,3.2700000000,3.1800000000,3.2280000000,2717.4856170000,8765.7925220000,8765.7925220000,1,DORA-USDT
2022-11-23 03:00:00,1669143600000,3.2230000000,3.2300000000,3.2110000000,3.2160000000,726.8164970000,2340.3241750000,2340.3241750000,1,DORA-USDT
2022-11-23 04:00:00,1669147200000,3.2120000000,3.2310000000,3.2100000000,3.2130000000,845.2362890000,2720.3776000000,2720.3776000000,1,DORA-USDT
2022-11-23 05:00:00,1669150800000,3.2160000000,3.2390000000,3.2010000000,3.2230000000,3814.2655340000,12272.6195740000,12272.6195740000,1,DORA-USDT
2022-11-23 06:00:00,1669154400000,3.2260000000,3.3100000000,3.2250000000,3.2930000000,12321.8995910000,40179.4750860000,40179.4750860000,1,DORA-USDT
2022-11-23 07:00:00,1669158000000,3.2900000000,3.3290000000,3.2900000000,3.3020000000,2509.4156580000,8282.2843140000,8282.2843140000,1,DORA-USDT
2022-11-23 08:00:00,1669161600000,3.3040000000,3.3300000000,3.2660000000,3.2880000000,7101.1655150000,23339.4006700000,23339.4006700000,1,DORA-USDT
2022-11-23 09:00:00,1669165200000,3.2900000000,3.3400000000,3.2420000000,3.2700000000,7250.7930980000,23829.4251170000,23829.4251170000,1,DORA-USDT
2022-11-23 10:00:00,1669168800000,3.2670000000,3.4340000000,3.2670000000,3.3780000000,7114.4018070000,23845.0799390000,23845.0799390000,1,DORA-USDT
2022-11-23 11:00:00,1669172400000,3.3810000000,3.4150000000,3.3540000000,3.4130000000,1262.5459550000,4281.9905850000,4281.9905850000,1,DORA-USDT
2022-11-23 12:00:00,1669176000000,3.4050000000,3.4800000000,3.3910000000,3.4540000000,5142.2346860000,17672.6849230000,17672.6849230000,1,DORA-USDT
2022-11-23 13:00:00,1669179600000,3.4500000000,3.4770000000,3.4020000000,3.4240000000,3040.1643140000,10426.3378170000,10426.3378170000,1,DORA-USDT
2022-11-23 14:00:00,1669183200000,3.4270000000,3.4380000000,3.3660000000,3.3690000000,2691.9755570000,9135.9018450000,9135.9018450000,1,DORA-USDT
2022-11-23 15:00:00,1669186800000,3.3740000000,3.3940000000,3.3450000000,3.3860000000,1827.9366780000,6159.5976890000,6159.5976890000,1,DORA-USDT
2022-11-23 16:00:00,1669190400000,3.3880000000,3.4080000000,3.3790000000,3.4040000000,2213.0885770000,7499.7632000000,7499.7632000000,1,DORA-USDT
2022-11-23 17:00:00,1669194000000,3.4010000000,3.4080000000,3.3810000000,3.3840000000,3113.0773500000,10592.5205720000,10592.5205720000,1,DORA-USDT
2022-11-23 18:00:00,1669197600000,3.3840000000,3.4080000000,3.3780000000,3.4020000000,1950.1188690000,6628.0655410000,6628.0655410000,1,DORA-USDT
2022-11-23 19:00:00,1669201200000,3.4040000000,3.4080000000,3.3900000000,3.3980000000,750.9533460000,2552.7832070000,2552.7832070000,1,DORA-USDT
2022-11-23 20:00:00,1669204800000,3.4040000000,3.4090000000,3.3500000000,3.3620000000,2225.0548560000,7515.0685810000,7515.0685810000,1,DORA-USDT
2022-11-23 21:00:00,1669208400000,3.3570000000,3.3780000000,3.3400000000,3.3460000000,1614.9979810000,5423.1734090000,5423.1734090000,1,DORA-USDT
2022-11-23 22:00:00,1669212000000,3.3470000000,3.3690000000,3.3270000000,3.3620000000,1182.8583690000,3960.2314110000,3960.2314110000,1,DORA-USDT
2022-11-23 23:00:00,1669215600000,3.3630000000,3.3710000000,3.3410000000,3.3490000000,1741.4893800000,5842.6819990000,5842.6819990000,1,DORA-USDT
2022-11-24 00:00:00,1669219200000,3.3530000000,3.3590000000,3.3300000000,3.3320000000,1088.2591370000,3642.7164690000,3642.7164690000,1,DORA-USDT
2022-11-24 01:00:00,1669222800000,3.3300000000,3.3580000000,3.3200000000,3.3450000000,1073.7681480000,3586.6130830000,3586.6130830000,1,DORA-USDT
2022-11-24 02:00:00,1669226400000,3.3440000000,3.3770000000,3.3440000000,3.3730000000,1165.2420840000,3912.0841100000,3912.0841100000,1,DORA-USDT
2022-11-24 03:00:00,1669230000000,3.3690000000,3.4090000000,3.3490000000,3.3720000000,3243.8702280000,10948.9081850000,10948.9081850000,1,DORA-USDT
2022-11-24 04:00:00,1669233600000,3.3660000000,3.4010000000,3.3520000000,3.3850000000,4662.4454700000,15719.3529130000,15719.3529130000,1,DORA-USDT
2022-11-24 05:00:00,1669237200000,3.3860000000,3.3960000000,3.3660000000,3.3690000000,2158.6313350000,7287.5787920000,7287.5787920000,1,DORA-USDT
2022-11-24 06:00:00,1669240800000,3.3690000000,3.3970000000,3.3600000000,3.3750000000,3887.6262920000,13114.1691110000,13114.1691110000,1,DORA-USDT
2022-11-24 07:00:00,1669244400000,3.3760000000,3.4080000000,3.3750000000,3.3920000000,1146.5536660000,3890.0388610000,3890.0388610000,1,DORA-USDT
2022-11-24 08:00:00,1669248000000,3.3950000000,3.4020000000,3.3670000000,3.3720000000,573.9815150000,1942.3930550000,1942.3930550000,1,DORA-USDT
2022-11-24 09:00:00,1669251600000,3.3670000000,3.4250000000,3.3610000000,3.4230000000,1737.7132130000,5895.9154630000,5895.9154630000,1,DORA-USDT
2022-11-24 10:00:00,1669255200000,3.4170000000,3.4190000000,3.4020000000,3.4070000000,503.1599320000,1715.7732980000,1715.7732980000,1,DORA-USDT
2022-11-24 11:00:00,1669258800000,3.4060000000,3.4190000000,3.4030000000,3.4080000000,664.5382530000,2266.9795060000,2266.9795060000,1,DORA-USDT
2022-11-24 12:00:00,1669262400000,3.4090000000,3.4110000000,3.3900000000,3.3910000000,550.8895410000,1874.7610930000,1874.7610930000,1,DORA-USDT
2022-11-24 13:00:00,1669266000000,3.3890000000,3.3960000000,3.3710000000,3.3710000000,1303.0845750000,4402.7337410000,4402.7337410000,1,DORA-USDT
2022-11-24 14:00:00,1669269600000,3.3710000000,3.4160000000,3.3660000000,3.3930000000,2195.8223530000,7439.1914090000,7439.1914090000,1,DORA-USDT
2022-11-24 15:00:00,1669273200000,3.3890000000,3.3990000000,3.3870000000,3.3870000000,474.5873680000,1610.9980140000,1610.9980140000,1,DORA-USDT
2022-11-24 16:00:00,1669276800000,3.3890000000,3.3890000000,3.3630000000,3.3820000000,2056.9580040000,6950.6261170000,6950.6261170000,1,DORA-USDT
2022-11-24 17:00:00,1669280400000,3.3820000000,3.3870000000,3.3710000000,3.3860000000,933.3136140000,3155.7332250000,3155.7332250000,1,DORA-USDT
2022-11-24 18:00:00,1669284000000,3.3780000000,3.3810000000,3.2520000000,3.3190000000,3445.7972830000,11443.5412540000,11443.5412540000,1,DORA-USDT
2022-11-24 19:00:00,1669287600000,3.3280000000,3.3290000000,3.3140000000,3.3270000000,631.5694870000,2098.0841130000,2098.0841130000,1,DORA-USDT
2022-11-24 20:00:00,1669291200000,3.3260000000,3.3410000000,3.3150000000,3.3220000000,1406.9217420000,4688.5788620000,4688.5788620000,1,DORA-USDT
2022-11-24 21:00:00,1669294800000,3.3230000000,3.3660000000,3.3210000000,3.3470000000,2753.2899900000,9182.6896440000,9182.6896440000,1,DORA-USDT
2022-11-24 22:00:00,1669298400000,3.3360000000,3.3480000000,3.3060000000,3.3390000000,3716.5256470000,12356.0793390000,12356.0793390000,1,DORA-USDT
2022-11-24 23:00:00,1669302000000,3.3390000000,3.3540000000,3.3230000000,3.3430000000,1920.1981370000,6408.0721250000,6408.0721250000,1,DORA-USDT
2022-11-25 00:00:00,1669305600000,3.3410000000,3.3580000000,3.3260000000,3.3440000000,1230.8280250000,4108.5010970000,4108.5010970000,1,DORA-USDT
2022-11-25 01:00:00,1669309200000,3.3450000000,3.3570000000,3.3380000000,3.3450000000,787.9370990000,2635.9280140000,2635.9280140000,1,DORA-USDT
2022-11-25 02:00:00,1669312800000,3.3430000000,3.3450000000,3.3080000000,3.3320000000,1227.7093530000,4084.2554450000,4084.2554450000,1,DORA-USDT
2022-11-25 03:00:00,1669316400000,3.3320000000,3.3380000000,3.3240000000,3.3290000000,958.1907000000,3193.6307420000,3193.6307420000,1,DORA-USDT
2022-11-25 04:00:00,1669320000000,3.3270000000,3.3370000000,3.3190000000,3.3190000000,835.1099220000,2776.3143520000,2776.3143520000,1,DORA-USDT
2022-11-25 05:00:00,1669323600000,3.3220000000,3.3280000000,3.3110000000,3.3200000000,605.0923760000,2007.9587870000,2007.9587870000,1,DORA-USDT
2022-11-25 06:00:00,1669327200000,3.3200000000,3.3320000000,3.3140000000,3.3300000000,1731.9983770000,5756.9327910000,5756.9327910000,1,DORA-USDT
2022-11-25 07:00:00,1669330800000,3.3310000000,3.3470000000,3.3240000000,3.3420000000,3700.8163980000,12337.1249100000,12337.1249100000,1,DORA-USDT
2022-11-25 08:00:00,1669334400000,3.3440000000,3.3450000000,3.2900000000,3.3030000000,2665.2418190000,8825.4946620000,8825.4946620000,1,DORA-USDT
2022-11-25 09:00:00,1669338000000,3.3050000000,3.3080000000,3.2660000000,3.2750000000,2749.6612050000,9034.9840600000,9034.9840600000,1,DORA-USDT
2022-11-25 10:00:00,1669341600000,3.2760000000,3.2760000000,3.2140000000,3.2450000000,11098.5002260000,35860.0162910000,35860.0162910000,1,DORA-USDT
2022-11-25 11:00:00,1669345200000,3.2410000000,3.2490000000,3.2250000000,3.2290000000,5126.4426070000,16584.8833740000,16584.8833740000,1,DORA-USDT
2022-11-25 12:00:00,1669348800000,3.2300000000,3.2530000000,3.2100000000,3.2180000000,8230.3621270000,26609.7101670000,26609.7101670000,1,DORA-USDT
2022-11-25 13:00:00,1669352400000,3.2210000000,3.2310000000,3.2170000000,3.2190000000,675.7863630000,2177.1255720000,2177.1255720000,1,DORA-USDT
2022-11-25 14:00:00,1669356000000,3.2190000000,3.2300000000,3.1910000000,3.2190000000,5390.1194520000,17299.8234010000,17299.8234010000,1,DORA-USDT
2022-11-25 15:00:00,1669359600000,3.2220000000,3.2250000000,3.2160000000,3.2220000000,1358.3602070000,4373.4323970000,4373.4323970000,1,DORA-USDT
2022-11-25 16:00:00,1669363200000,3.2240000000,3.2250000000,3.2030000000,3.2170000000,571.3977180000,1838.0562770000,1838.0562770000,1,DORA-USDT
2022-11-25 17:00:00,1669366800000,3.2140000000,3.2250000000,3.2080000000,3.2190000000,776.4065750000,2496.1953040000,2496.1953040000,1,DORA-USDT
2022-11-25 18:00:00,1669370400000,3.2200000000,3.2460000000,3.2110000000,3.2440000000,334.6272490000,1080.6998890000,1080.6998890000,1,DORA-USDT
2022-11-25 19:00:00,1669374000000,3.2450000000,3.2990000000,3.2410000000,3.2630000000,2666.0887790000,8725.8830320000,8725.8830320000,1,DORA-USDT
2022-11-25 20:00:00,1669377600000,3.2670000000,3.2880000000,3.2450000000,3.2570000000,970.7756830000,3163.7032120000,3163.7032120000,1,DORA-USDT
2022-11-25 21:00:00,1669381200000,3.2450000000,3.2580000000,3.2250000000,3.2430000000,1127.1654410000,3647.0286060000,3647.0286060000,1,DORA-USDT
2022-11-25 22:00:00,1669384800000,3.2380000000,3.2500000000,3.2310000000,3.2480000000,175.4729550000,568.7499430000,568.7499430000,1,DORA-USDT
2022-11-25 23:00:00,1669388400000,3.2470000000,3.2490000000,3.2340000000,3.2410000000,197.4861260000,640.3799360000,640.3799360000,1,DORA-USDT
2022-11-26 00:00:00,1669392000000,3.2400000000,3.2590000000,3.2230000000,3.2450000000,1308.4534160000,4237.8697980000,4237.8697980000,1,DORA-USDT
2022-11-26 01:00:00,1669395600000,3.2440000000,3.2810000000,3.2440000000,3.2710000000,708.1738120000,2307.3012430000,2307.3012430000,1,DORA-USDT
2022-11-26 02:00:00,1669399200000,3.2700000000,3.2790000000,3.2660000000,3.2780000000,273.6526510000,895.9585570000,895.9585570000,1,DORA-USDT
2022-11-26 03:00:00,1669402800000,3.2790000000,3.2960000000,3.2760000000,3.2780000000,453.5283150000,1489.7958160000,1489.7958160000,1,DORA-USDT
2022-11-26 04:00:00,1669406400000,3.2790000000,3.2880000000,3.2730000000,3.2800000000,210.5779530000,691.0429480000,691.0429480000,1,DORA-USDT
2022-11-26 05:00:00,1669410000000,3.2870000000,3.2880000000,3.2720000000,3.2770000000,342.1342380000,1121.3344090000,1121.3344090000,1,DORA-USDT
2022-11-26 06:00:00,1669413600000,3.2750000000,3.2820000000,3.2640000000,3.2750000000,682.7075080000,2232.8266910000,2232.8266910000,1,DORA-USDT
2022-11-26 07:00:00,1669417200000,3.2650000000,3.2790000000,3.2600000000,3.2700000000,1302.2813070000,4249.8537710000,4249.8537710000,1,DORA-USDT
2022-11-26 08:00:00,1669420800000,3.2790000000,3.3190000000,3.2600000000,3.3190000000,11670.8656100000,38196.4575620000,38196.4575620000,1,DORA-USDT
2022-11-26 09:00:00,1669424400000,3.3120000000,3.3390000000,3.3020000000,3.3120000000,2453.9408450000,8142.8152160000,8142.8152160000,1,DORA-USDT
2022-11-26 10:00:00,1669428000000,3.3100000000,3.3190000000,3.2970000000,3.2980000000,799.2440410000,2642.1801800000,2642.1801800000,1,DORA-USDT
2022-11-26 11:00:00,1669431600000,3.2990000000,3.3080000000,3.2860000000,3.2910000000,844.6819440000,2785.8510110000,2785.8510110000,1,DORA-USDT
2022-11-26 12:00:00,1669435200000,3.2900000000,3.2940000000,3.2760000000,3.2860000000,1014.9518680000,3329.6425560000,3329.6425560000,1,DORA-USDT
2022-11-26 13:00:00,1669438800000,3.2810000000,3.3030000000,3.2790000000,3.3000000000,339.7193430000,1118.5152390000,1118.5152390000,1,DORA-USDT
2022-11-26 14:00:00,1669442400000,3.2960000000,3.3320000000,3.2760000000,3.2870000000,1627.7108490000,5377.3883510000,5377.3883510000,1,DORA-USDT
2022-11-26 15:00:00,1669446000000,3.2840000000,3.2970000000,3.2760000000,3.2910000000,200.4966290000,658.1871460000,658.1871460000,1,DORA-USDT
2022-11-26 16:00:00,1669449600000,3.2940000000,3.3090000000,3.2900000000,3.2980000000,413.8826870000,1365.0822690000,1365.0822690000,1,DORA-USDT
2022-11-26 17:00:00,1669453200000,3.2960000000,3.3180000000,3.2960000000,3.3110000000,296.5181160000,981.1894580000,981.1894580000,1,DORA-USDT
2022-11-26 18:00:00,1669456800000,3.3140000000,3.3190000000,3.3090000000,3.3180000000,202.4996360000,671.6348000000,671.6348000000,1,DORA-USDT
2022-11-26 19:00:00,1669460400000,3.3160000000,3.3290000000,3.3040000000,3.3120000000,284.3861170000,942.4799760000,942.4799760000,1,DORA-USDT
2022-11-26 20:00:00,1669464000000,3.3090000000,3.3260000000,3.3050000000,3.3180000000,205.6023620000,681.0387610000,681.0387610000,1,DORA-USDT
2022-11-26 21:00:00,1669467600000,3.3150000000,3.3240000000,3.3130000000,3.3180000000,203.8805090000,676.4014070000,676.4014070000,1,DORA-USDT
2022-11-26 22:00:00,1669471200000,3.3140000000,3.3400000000,3.2750000000,3.2860000000,612.2954950000,2030.6993370000,2030.6993370000,1,DORA-USDT
2022-11-26 23:00:00,1669474800000,3.2890000000,3.3120000000,3.2770000000,3.3040000000,816.2799840000,2688.0232870000,2688.0232870000,1,DORA-USDT
2022-11-27 00:00:00,1669478400000,3.2990000000,3.3090000000,3.2760000000,3.2780000000,364.3219610000,1198.9245170000,1198.9245170000,1,DORA-USDT
2022-11-27 01:00:00,1669482000000,3.2800000000,3.4120000000,3.2650000000,3.3010000000,6336.7338460000,21250.6318000000,21250.6318000000,1,DORA-USDT
2022-11-27 02:00:00,1669485600000,3.3020000000,3.3020000000,3.2780000000,3.2830000000,353.6556120000,1163.0074210000,1163.0074210000,1,DORA-USDT
2022-11-27 03:00:00,1669489200000,3.2790000000,3.2820000000,3.2660000000,3.2790000000,510.9980850000,1674.0268550000,1674.0268550000,1,DORA-USDT
2022-11-27 04:00:00,1669492800000,3.2720000000,3.2790000000,3.2670000000,3.2710000000,197.1068240000,645.3353470000,645.3353470000,1,DORA-USDT
2022-11-27 05:00:00,1669496400000,3.2680000000,3.2750000000,3.2630000000,3.2710000000,313.0266920000,1023.5140050000,1023.5140050000,1,DORA-USDT
2022-11-27 06:00:00,1669500000000,3.2740000000,3.2750000000,3.2040000000,3.2370000000,2351.6736450000,7604.0947990000,7604.0947990000,1,DORA-USDT
2022-11-27 07:00:00,1669503600000,3.2400000000,3.2640000000,3.2370000000,3.2640000000,265.2685890000,862.7190140000,862.7190140000,1,DORA-USDT
2022-11-27 08:00:00,1669507200000,3.2550000000,3.2670000000,3.2500000000,3.2540000000,398.2131430000,1297.4526800000,1297.4526800000,1,DORA-USDT
2022-11-27 09:00:00,1669510800000,3.2540000000,3.2690000000,3.2490000000,3.2660000000,232.1666320000,756.3929250000,756.3929250000,1,DORA-USDT
2022-11-27 10:00:00,1669514400000,3.2650000000,3.2720000000,3.2600000000,3.2670000000,839.2441760000,2742.6808420000,2742.6808420000,1,DORA-USDT
2022-11-27 11:00:00,1669518000000,3.2690000000,3.2710000000,3.2580000000,3.2660000000,1001.9899950000,3274.8122280000,3274.8122280000,1,DORA-USDT
2022-11-27 12:00:00,1669521600000,3.2640000000,3.2720000000,3.2020000000,3.2080000000,11225.5630370000,36297.9785940000,36297.9785940000,1,DORA-USDT
2022-11-27 13:00:00,1669525200000,3.2050000000,3.2140000000,3.1930000000,3.2060000000,1206.4357370000,3865.6161070000,3865.6161070000,1,DORA-USDT
2022-11-27 14:00:00,1669528800000,3.2050000000,3.2330000000,3.2050000000,3.2240000000,2422.6954960000,7804.8801830000,7804.8801830000,1,DORA-USDT
2022-11-27 15:00:00,1669532400000,3.2240000000,3.2330000000,3.2230000000,3.2270000000,466.6490050000,1507.1948570000,1507.1948570000,1,DORA-USDT
2022-11-27 16:00:00,1669536000000,3.2280000000,3.2480000000,3.2230000000,3.2370000000,1669.0432880000,5394.3958300000,5394.3958300000,1,DORA-USDT
2022-11-27 17:00:00,1669539600000,3.2310000000,3.2400000000,3.2170000000,3.2240000000,2243.1806950000,7229.5689460000,7229.5689460000,1,DORA-USDT
2022-11-27 18:00:00,1669543200000,3.2210000000,3.2470000000,3.1890000000,3.2230000000,1079.3064940000,3476.8444070000,3476.8444070000,1,DORA-USDT
2022-11-27 19:00:00,1669546800000,3.2220000000,3.2710000000,3.2110000000,3.2660000000,6074.7322430000,19621.0644980000,19621.0644980000,1,DORA-USDT
2022-11-27 20:00:00,1669550400000,3.2620000000,3.2680000000,3.2370000000,3.2460000000,5804.0070160000,18854.4349990000,18854.4349990000,1,DORA-USDT
2022-11-27 21:00:00,1669554000000,3.2440000000,3.2510000000,3.2330000000,3.2500000000,1037.5849020000,3365.7756230000,3365.7756230000,1,DORA-USDT
2022-11-27 22:00:00,1669557600000,3.2450000000,3.2950000000,3.2440000000,3.2520000000,2605.7692450000,8506.5331060000,8506.5331060000,1,DORA-USDT
2022-11-27 23:00:00,1669561200000,3.2540000000,3.2920000000,3.2500000000,3.2810000000,1597.6582520000,5218.1431410000,5218.1431410000,1,DORA-USDT
2022-11-28 00:00:00,1669564800000,3.2850000000,3.2860000000,3.2540000000,3.2630000000,1203.1251690000,3936.6200410000,3936.6200410000,1,DORA-USDT
2022-11-28 01:00:00,1669568400000,3.2660000000,3.2680000000,3.2220000000,3.2370000000,504.4653800000,1634.7277540000,1634.7277540000,1,DORA-USDT
2022-11-28 02:00:00,1669572000000,3.2400000000,3.2470000000,3.2300000000,3.2450000000,190.6293420000,617.3163600000,617.3163600000,1,DORA-USDT
2022-11-28 03:00:00,1669575600000,3.2410000000,3.2460000000,3.2040000000,3.2160000000,941.2885670000,3034.8775290000,3034.8775290000,1,DORA-USDT
2022-11-28 04:00:00,1669579200000,3.2140000000,3.2180000000,3.2080000000,3.2110000000,211.2794000000,678.7724120000,678.7724120000,1,DORA-USDT
2022-11-28 05:00:00,1669582800000,3.2120000000,3.2180000000,3.2070000000,3.2160000000,253.7154430000,815.6576370000,815.6576370000,1,DORA-USDT
2022-11-28 06:00:00,1669586400000,3.2120000000,3.2260000000,3.2090000000,3.2110000000,1048.8830760000,3373.2814430000,3373.2814430000,1,DORA-USDT
2022-11-28 07:00:00,1669590000000,3.2110000000,3.2160000000,3.1210000000,3.1280000000,2630.2678440000,8318.5511790000,8318.5511790000,1,DORA-USDT
2022-11-28 08:00:00,1669593600000,3.1290000000,3.1710000000,3.1230000000,3.1450000000,1005.3662050000,3171.1637750000,3171.1637750000,1,DORA-USDT
2022-11-28 09:00:00,1669597200000,3.1480000000,3.1600000000,2.9920000000,3.0530000000,7461.5368110000,22924.9582590000,22924.9582590000,1,DORA-USDT
2022-11-28 10:00:00,1669600800000,3.0500000000,3.0820000000,3.0350000000,3.0620000000,1697.1714900000,5195.0743130000,5195.0743130000,1,DORA-USDT
2022-11-28 11:00:00,1669604400000,3.0620000000,3.0890000000,3.0620000000,3.0810000000,1194.7134810000,3677.4090120000,3677.4090120000,1,DORA-USDT
2022-11-28 12:00:00,1669608000000,3.0810000000,3.0970000000,3.0740000000,3.0930000000,1087.7620700000,3357.8606760000,3357.8606760000,1,DORA-USDT
2022-11-28 13:00:00,1669611600000,3.0940000000,3.0960000000,3.0520000000,3.0550000000,1311.6394380000,4030.9444890000,4030.9444890000,1,DORA-USDT
2022-11-28 14:00:00,1669615200000,3.0580000000,3.0880000000,3.0520000000,3.0850000000,745.9531840000,2290.9220010000,2290.9220010000,1,DORA-USDT
2022-11-28 15:00:00,1669618800000,3.0850000000,3.0880000000,3.0760000000,3.0880000000,259.0791540000,798.4668090000,798.4668090000,1,DORA-USDT
2022-11-28 16:00:00,1669622400000,3.0860000000,3.1100000000,3.0800000000,3.0900000000,1509.4506300000,4674.8887160000,4674.8887160000,1,DORA-USDT
2022-11-28 17:00:00,1669626000000,3.0900000000,3.0980000000,3.0690000000,3.0750000000,502.6828460000,1549.2532280000,1549.2532280000,1,DORA-USDT
2022-11-28 18:00:00,1669629600000,3.0730000000,3.0770000000,3.0600000000,3.0610000000,269.8176990000,827.6373160000,827.6373160000,1,DORA-USDT
2022-11-28 19:00:00,1669633200000,3.0620000000,3.0780000000,3.0610000000,3.0740000000,548.5520150000,1684.3135160000,1684.3135160000,1,DORA-USDT
2022-11-28 20:00:00,1669636800000,3.0750000000,3.0840000000,3.0680000000,3.0700000000,424.2189540000,1305.1457590000,1305.1457590000,1,DORA-USDT
2022-11-28 21:00:00,1669640400000,3.0700000000,3.0860000000,3.0660000000,3.0710000000,636.1000070000,1954.3646770000,1954.3646770000,1,DORA-USDT
2022-11-28 22:00:00,1669644000000,3.0740000000,3.1090000000,3.0670000000,3.0820000000,1710.9727500000,5283.3100600000,5283.3100600000,1,DORA-USDT
2022-11-28 23:00:00,1669647600000,3.0830000000,3.0880000000,3.0430000000,3.0640000000,1998.2801900000,6119.6378830000,6119.6378830000,1,DORA-USDT
2022-11-29 00:00:00,1669651200000,3.0640000000,3.1490000000,3.0510000000,3.1320000000,8642.5581540000,26770.7239850000,26770.7239850000,1,DORA-USDT
2022-11-29 01:00:00,1669654800000,3.1360000000,3.1690000000,3.1180000000,3.1280000000,1299.0380340000,4083.4569190000,4083.4569190000,1,DORA-USDT
2022-11-29 02:00:00,1669658400000,3.1250000000,3.1300000000,3.1170000000,3.1190000000,211.0697420000,658.8998660000,658.8998660000,1,DORA-USDT
2022-11-29 03:00:00,1669662000000,3.1190000000,3.1210000000,3.1040000000,3.1100000000,427.2757350000,1329.4613130000,1329.4613130000,1,DORA-USDT
2022-11-29 04:00:00,1669665600000,3.1070000000,3.1240000000,3.1070000000,3.1180000000,251.6513170000,784.1469220000,784.1469220000,1,DORA-USDT
2022-11-29 05:00:00,1669669200000,3.1170000000,3.1250000000,3.1160000000,3.1240000000,327.7210110000,1021.8113660000,1021.8113660000,1,DORA-USDT
2022-11-29 06:00:00,1669672800000,3.1240000000,3.1330000000,3.1110000000,3.1200000000,1048.2724430000,3269.2540750000,3269.2540750000,1,DORA-USDT
2022-11-29 07:00:00,1669676400000,3.1190000000,3.1260000000,3.1120000000,3.1200000000,285.3449740000,890.0204110000,890.0204110000,1,DORA-USDT
2022-11-29 08:00:00,1669680000000,3.1210000000,3.1210000000,3.0810000000,3.1030000000,2016.8201300000,6257.6092150000,6257.6092150000,1,DORA-USDT
2022-11-29 09:00:00,1669683600000,3.1090000000,3.1530000000,3.1040000000,3.1280000000,2065.1998480000,6461.4254000000,6461.4254000000,1,DORA-USDT
2022-11-29 10:00:00,1669687200000,3.1310000000,3.1570000000,3.1210000000,3.1290000000,2846.1906340000,8935.7109990000,8935.7109990000,1,DORA-USDT
2022-11-29 11:00:00,1669690800000,3.1290000000,3.1370000000,3.1200000000,3.1330000000,583.1602830000,1826.1961820000,1826.1961820000,1,DORA-USDT
2022-11-29 12:00:00,1669694400000,3.1360000000,3.2170000000,3.1300000000,3.1840000000,11064.9719010000,35236.2289210000,35236.2289210000,1,DORA-USDT
2022-11-29 13:00:00,1669698000000,3.1850000000,3.2090000000,3.1840000000,3.1890000000,1424.8727080000,4552.9544760000,4552.9544760000,1,DORA-USDT
2022-11-29 14:00:00,1669701600000,3.1960000000,3.2120000000,3.1830000000,3.1870000000,383.3215930000,1223.6290980000,1223.6290980000,1,DORA-USDT
2022-11-29 15:00:00,1669705200000,3.1880000000,3.2400000000,3.1820000000,3.2120000000,3473.0971790000,11116.7781430000,11116.7781430000,1,DORA-USDT
2022-11-29 16:00:00,1669708800000,3.2130000000,3.2360000000,3.2110000000,3.2300000000,10624.1898610000,34284.5401660000,34284.5401660000,1,DORA-USDT
2022-11-29 17:00:00,1669712400000,3.2330000000,3.2730000000,3.2310000000,3.2470000000,2436.5975230000,7921.6228220000,7921.6228220000,1,DORA-USDT
2022-11-29 18:00:00,1669716000000,3.2450000000,3.2810000000,3.2450000000,3.2580000000,1950.4629370000,6354.1770580000,6354.1770580000,1,DORA-USDT
2022-11-29 19:00:00,1669719600000,3.2590000000,3.2690000000,3.2290000000,3.2500000000,1960.1226630000,6372.7149840000,6372.7149840000,1,DORA-USDT
2022-11-29 20:00:00,1669723200000,3.2500000000,3.2590000000,3.2350000000,3.2530000000,1066.2048700000,3460.1996100000,3460.1996100000,1,DORA-USDT
2022-11-29 21:00:00,1669726800000,3.2510000000,3.2550000000,3.2180000000,3.2360000000,2880.4927530000,9312.5303170000,9312.5303170000,1,DORA-USDT
2022-11-29 22:00:00,1669730400000,3.2360000000,3.2540000000,3.2060000000,3.2240000000,1723.0107680000,5566.9664910000,5566.9664910000,1,DORA-USDT
2022-11-29 23:00:00,1669734000000,3.2190000000,3.2470000000,3.2130000000,3.2430000000,210.7674600000,681.6496370000,681.6496370000,1,DORA-USDT
2022-11-30 00:00:00,1669737600000,3.2430000000,3.3100000000,3.2110000000,3.2810000000,7504.6328550000,24364.4566330000,24364.4566330000,1,DORA-USDT
2022-11-30 01:00:00,1669741200000,3.2860000000,3.3280000000,3.2760000000,3.3180000000,1963.7719730000,6482.9212880000,6482.9212880000,1,DORA-USDT
2022-11-30 02:00:00,1669744800000,3.3190000000,3.3670000000,3.2970000000,3.3560000000,1987.5060980000,6628.9156970000,6628.9156970000,1,DORA-USDT
2022-11-30 03:00:00,1669748400000,3.3540000000,3.4390000000,3.3510000000,3.3960000000,3021.6756670000,10269.8673620000,10269.8673620000,1,DORA-USDT
2022-11-30 04:00:00,1669752000000,3.4020000000,3.4340000000,3.3770000000,3.4090000000,3094.7426390000,10528.5812350000,10528.5812350000,1,DORA-USDT
2022-11-30 05:00:00,1669755600000,3.4120000000,3.4640000000,3.4000000000,3.4540000000,2884.8790330000,9907.7361250000,9907.7361250000,1,DORA-USDT
2022-11-30 06:00:00,1669759200000,3.4580000000,3.5000000000,3.4410000000,3.4670000000,3781.9907070000,13122.1646390000,13122.1646390000,1,DORA-USDT
2022-11-30 07:00:00,1669762800000,3.4650000000,3.4800000000,3.3880000000,3.4140000000,2882.2413480000,9868.6388150000,9868.6388150000,1,DORA-USDT
2022-11-30 08:00:00,1669766400000,3.4110000000,3.4600000000,3.3730000000,3.4430000000,4056.7343930000,13824.3520070000,13824.3520070000,1,DORA-USDT
2022-11-30 09:00:00,1669770000000,3.4530000000,3.5400000000,3.4200000000,3.5310000000,4293.9379240000,14891.6929270000,14891.6929270000,1,DORA-USDT
2022-11-30 10:00:00,1669773600000,3.5330000000,3.5540000000,3.4610000000,3.4890000000,3981.5226600000,14010.7720560000,14010.7720560000,1,DORA-USDT
2022-11-30 11:00:00,1669777200000,3.4940000000,3.4960000000,3.4200000000,3.4470000000,1840.9698340000,6377.8192620000,6377.8192620000,1,DORA-USDT
2022-11-30 12:00:00,1669780800000,3.4430000000,3.4730000000,3.4370000000,3.4430000000,1348.9292890000,4655.2863910000,4655.2863910000,1,DORA-USDT
2022-11-30 13:00:00,1669784400000,3.4400000000,3.4520000000,3.4290000000,3.4310000000,325.1844190000,1119.1483290000,1119.1483290000,1,DORA-USDT
2022-11-30 14:00:00,1669788000000,3.4320000000,3.4510000000,3.4160000000,3.4350000000,892.4993680000,3063.1525210000,3063.1525210000,1,DORA-USDT
2022-11-30 15:00:00,1669791600000,3.4370000000,3.4590000000,3.4020000000,3.4490000000,1647.0946740000,5652.7703340000,5652.7703340000,1,DORA-USDT
2022-11-30 16:00:00,1669795200000,3.4420000000,3.4570000000,3.4210000000,3.4260000000,855.1888360000,2943.1126270000,2943.1126270000,1,DORA-USDT
2022-11-30 17:00:00,1669798800000,3.4230000000,3.4270000000,3.3860000000,3.3860000000,2190.0135320000,7458.8831550000,7458.8831550000,1,DORA-USDT
2022-11-30 18:00:00,1669802400000,3.3860000000,3.4050000000,3.3730000000,3.3870000000,2060.0272220000,6980.5692950000,6980.5692950000,1,DORA-USDT
2022-11-30 19:00:00,1669806000000,3.3830000000,3.4300000000,3.3830000000,3.4110000000,6913.9300370000,23564.6939720000,23564.6939720000,1,DORA-USDT
2022-11-30 20:00:00,1669809600000,3.4170000000,3.4200000000,3.3740000000,3.3740000000,968.6731960000,3291.2675290000,3291.2675290000,1,DORA-USDT
2022-11-30 21:00:00,1669813200000,3.3750000000,3.4100000000,3.3710000000,3.3870000000,1074.9103040000,3643.8836910000,3643.8836910000,1,DORA-USDT
2022-11-30 22:00:00,1669816800000,3.3860000000,3.4470000000,3.3580000000,3.4390000000,6272.4218880000,21419.2908280000,21419.2908280000,1,DORA-USDT
2022-11-30 23:00:00,1669820400000,3.4340000000,3.4950000000,3.4270000000,3.4790000000,5438.4657180000,18805.8463720000,18805.8463720000,1,DORA-USDT
2022-12-01 00:00:00,1669824000000,3.4730000000,3.8520000000,3.4690000000,3.8060000000,22861.5080790000,84388.7347880000,84388.7347880000,1,DORA-USDT
2022-12-01 01:00:00,1669827600000,3.8010000000,3.9000000000,3.5800000000,3.7090000000,56572.3795600000,209766.1864560000,209766.1864560000,1,DORA-USDT
2022-12-01 02:00:00,1669831200000,3.7170000000,3.8330000000,3.6380000000,3.7190000000,13459.9485310000,49967.4657330000,49967.4657330000,1,DORA-USDT
2022-12-01 03:00:00,1669834800000,3.7090000000,3.7720000000,3.6860000000,3.7370000000,23307.3989130000,87041.8769800000,87041.8769800000,1,DORA-USDT
2022-12-01 04:00:00,1669838400000,3.7440000000,3.7860000000,3.6810000000,3.7190000000,5725.6557610000,21423.7528030000,21423.7528030000,1,DORA-USDT
2022-12-01 05:00:00,1669842000000,3.7250000000,3.7880000000,3.7070000000,3.7600000000,4402.0123900000,16520.7890500000,16520.7890500000,1,DORA-USDT
2022-12-01 06:00:00,1669845600000,3.7620000000,3.7820000000,3.7370000000,3.7760000000,13322.7172020000,50092.9472580000,50092.9472580000,1,DORA-USDT
2022-12-01 07:00:00,1669849200000,3.7740000000,3.7900000000,3.6970000000,3.7420000000,6000.2076620000,22471.5245020000,22471.5245020000,1,DORA-USDT
2022-12-01 08:00:00,1669852800000,3.7490000000,3.8800000000,3.7240000000,3.7930000000,22467.9678580000,85480.8833270000,85480.8833270000,1,DORA-USDT
2022-12-01 09:00:00,1669856400000,3.7990000000,3.8800000000,3.7890000000,3.8800000000,12989.6176680000,49843.1806670000,49843.1806670000,1,DORA-USDT
2022-12-01 10:00:00,1669860000000,3.8740000000,3.9600000000,3.8160000000,3.8960000000,7506.3317420000,29072.9080920000,29072.9080920000,1,DORA-USDT
2022-12-01 11:00:00,1669863600000,3.8950000000,3.9020000000,3.7950000000,3.8520000000,8898.7089000000,34206.5132470000,34206.5132470000,1,DORA-USDT
2022-12-01 12:00:00,1669867200000,3.8460000000,3.8610000000,3.7630000000,3.7790000000,5322.8401680000,20213.0942000000,20213.0942000000,1,DORA-USDT
2022-12-01 13:00:00,1669870800000,3.7710000000,3.7820000000,3.7260000000,3.7560000000,905.6097970000,3401.5245040000,3401.5245040000,1,DORA-USDT
2022-12-01 14:00:00,1669874400000,3.7530000000,3.8040000000,3.7470000000,3.7880000000,3695.1143150000,13961.8770770000,13961.8770770000,1,DORA-USDT
2022-12-01 15:00:00,1669878000000,3.7880000000,3.8270000000,3.7210000000,3.7730000000,9021.5624500000,34021.9314010000,34021.9314010000,1,DORA-USDT
2022-12-01 16:00:00,1669881600000,3.7780000000,3.7820000000,3.7380000000,3.7540000000,12107.0380150000,45539.5016280000,45539.5016280000,1,DORA-USDT
2022-12-01 17:00:00,1669885200000,3.7590000000,3.8560000000,3.7420000000,3.7800000000,14529.9501110000,54685.2038800000,54685.2038800000,1,DORA-USDT
2022-12-01 18:00:00,1669888800000,3.7800000000,3.8390000000,3.7500000000,3.8380000000,13250.7153510000,50100.1166790000,50100.1166790000,1,DORA-USDT
2022-12-01 19:00:00,1669892400000,3.8360000000,3.8500000000,3.7420000000,3.7670000000,7489.7753880000,28361.1991930000,28361.1991930000,1,DORA-USDT
2022-12-01 20:00:00,1669896000000,3.7760000000,3.7760000000,3.7250000000,3.7580000000,3243.9876970000,12156.6271700000,12156.6271700000,1,DORA-USDT
2022-12-01 21:00:00,1669899600000,3.7600000000,3.7850000000,3.7300000000,3.7420000000,5220.6288630000,19577.8250680000,19577.8250680000,1,DORA-USDT
2022-12-01 22:00:00,1669903200000,3.7370000000,3.8610000000,3.7300000000,3.8030000000,7228.9393200000,27404.7002570000,27404.7002570000,1,DORA-USDT
2022-12-01 23:00:00,1669906800000,3.7940000000,3.8990000000,3.7300000000,3.8450000000,11701.0628060000,44821.7114980000,44821.7114980000,1,DORA-USDT
2022-12-02 00:00:00,1669910400000,3.8450000000,3.8450000000,3.6980000000,3.7350000000,11104.6233030000,41768.7194520000,41768.7194520000,1,DORA-USDT
2022-12-02 01:00:00,1669914000000,3.7300000000,3.7380000000,3.5400000000,3.5690000000,18258.9586980000,66033.4604800000,66033.4604800000,1,DORA-USDT
2022-12-02 02:00:00,1669917600000,3.5750000000,3.5870000000,3.5160000000,3.5190000000,7783.5958670000,27708.3366640000,27708.3366640000,1,DORA-USDT
2022-12-02 03:00:00,1669921200000,3.5180000000,3.5210000000,3.4780000000,3.4960000000,2518.2437750000,8796.8847930000,8796.8847930000,1,DORA-USDT
2022-12-02 04:00:00,1669924800000,3.4910000000,3.4970000000,3.4780000000,3.4850000000,337.3458910000,1175.9052180000,1175.9052180000,1,DORA-USDT
2022-12-02 05:00:00,1669928400000,3.4860000000,3.4890000000,3.4360000000,3.4820000000,2679.7954690000,9269.9986940000,9269.9986940000,1,DORA-USDT
2022-12-02 06:00:00,1669932000000,3.4830000000,3.5460000000,3.4720000000,3.4860000000,7472.3782110000,26158.0429870000,26158.0429870000,1,DORA-USDT
2022-12-02 07:00:00,1669935600000,3.4870000000,3.5490000000,3.4820000000,3.5440000000,7572.5068680000,26629.1455610000,26629.1455610000,1,DORA-USDT
2022-12-02 08:00:00,1669939200000,3.5430000000,3.5780000000,3.5190000000,3.5620000000,6169.9843000000,21910.3916790000,21910.3916790000,1,DORA-USDT
2022-12-02 09:00:00,1669942800000,3.5610000000,3.5910000000,3.4910000000,3.5480000000,8315.0379290000,29428.3046770000,29428.3046770000,1,DORA-USDT
2022-12-02 10:00:00,1669946400000,3.5490000000,3.5490000000,3.4930000000,3.5090000000,6647.1999670000,23399.5496070000,23399.5496070000,1,DORA-USDT
2022-12-02 11:00:00,1669950000000,3.5150000000,3.5370000000,3.4810000000,3.5030000000,11495.1813370000,40348.0177840000,40348.0177840000,1,DORA-USDT
2022-12-02 12:00:00,1669953600000,3.5000000000,3.5110000000,3.4090000000,3.4580000000,23339.3500400000,80833.2870450000,80833.2870450000,1,DORA-USDT
2022-12-02 13:00:00,1669957200000,3.4550000000,3.4760000000,3.4100000000,3.4640000000,6627.1757880000,22818.3888690000,22818.3888690000,1,DORA-USDT
2022-12-02 14:00:00,1669960800000,3.4660000000,3.5130000000,3.4540000000,3.5050000000,7396.4240940000,25799.5375880000,25799.5375880000,1,DORA-USDT
2022-12-02 15:00:00,1669964400000,3.4950000000,3.5310000000,3.4920000000,3.5140000000,4791.1636930000,16836.5508870000,16836.5508870000,1,DORA-USDT
2022-12-02 16:00:00,1669968000000,3.5150000000,3.5270000000,3.4460000000,3.4850000000,7575.8046480000,26319.4347350000,26319.4347350000,1,DORA-USDT
2022-12-02 17:00:00,1669971600000,3.4840000000,3.5250000000,3.4790000000,3.4880000000,6276.5827150000,21968.8922250000,21968.8922250000,1,DORA-USDT
2022-12-02 18:00:00,1669975200000,3.4830000000,3.5300000000,3.4500000000,3.5260000000,7327.6125120000,25545.3578100000,25545.3578100000,1,DORA-USDT
2022-12-02 19:00:00,1669978800000,3.5270000000,3.5320000000,3.4830000000,3.4930000000,2907.4096420000,10196.0372360000,10196.0372360000,1,DORA-USDT
2022-12-02 20:00:00,1669982400000,3.4910000000,3.4980000000,3.4700000000,3.4770000000,1881.7245210000,6558.6211260000,6558.6211260000,1,DORA-USDT
2022-12-02 21:00:00,1669986000000,3.4770000000,3.5150000000,3.4000000000,3.4390000000,11901.2749030000,40982.6440680000,40982.6440680000,1,DORA-USDT
2022-12-02 22:00:00,1669989600000,3.4420000000,3.4660000000,3.4270000000,3.4510000000,2725.1488880000,9407.6783200000,9407.6783200000,1,DORA-USDT
2022-12-02 23:00:00,1669993200000,3.4510000000,3.5140000000,3.4410000000,3.4510000000,4580.3938200000,15899.9298330000,15899.9298330000,1,DORA-USDT
2022-12-03 00:00:00,1669996800000,3.4530000000,3.4580000000,3.3870000000,3.3990000000,9401.2133300000,32032.0473370000,32032.0473370000,1,DORA-USDT
2022-12-03 01:00:00,1670000400000,3.4000000000,3.4140000000,3.3860000000,3.3930000000,2042.5175440000,6935.8514080000,6935.8514080000,1,DORA-USDT
2022-12-03 02:00:00,1670004000000,3.3960000000,3.3980000000,3.3730000000,3.3810000000,664.2680920000,2251.9075230000,2251.9075230000,1,DORA-USDT
2022-12-03 03:00:00,1670007600000,3.3790000000,3.3790000000,3.3510000000,3.3510000000,773.2019800000,2604.0197460000,2604.0197460000,1,DORA-USDT
2022-12-03 04:00:00,1670011200000,3.3510000000,3.3710000000,3.3410000000,3.3690000000,2172.2988830000,7284.7863890000,7284.7863890000,1,DORA-USDT
2022-12-03 05:00:00,1670014800000,3.3670000000,3.3710000000,3.3450000000,3.3480000000,2187.2547190000,7362.4171720000,7362.4171720000,1,DORA-USDT
2022-12-03 06:00:00,1670018400000,3.3480000000,3.3500000000,3.3310000000,3.3350000000,2115.4605490000,7057.8130670000,7057.8130670000,1,DORA-USDT
2022-12-03 07:00:00,1670022000000,3.3350000000,3.3590000000,3.3330000000,3.3570000000,2435.3056920000,8138.6956720000,8138.6956720000,1,DORA-USDT
2022-12-03 08:00:00,1670025600000,3.3530000000,3.4100000000,3.3310000000,3.4050000000,7774.4012980000,26195.4739890000,26195.4739890000,1,DORA-USDT
2022-12-03 09:00:00,1670029200000,3.4070000000,3.5260000000,3.4000000000,3.5030000000,15389.5163740000,53461.3094220000,53461.3094220000,1,DORA-USDT
2022-12-03 10:00:00,1670032800000,3.5110000000,3.5770000000,3.4240000000,3.4280000000,9192.9833750000,32155.9716990000,32155.9716990000,1,DORA-USDT
2022-12-03 11:00:00,1670036400000,3.4230000000,3.4350000000,3.3790000000,3.4190000000,9894.2980860000,33701.2556150000,33701.2556150000,1,DORA-USDT
2022-12-03 12:00:00,1670040000000,3.4210000000,3.4330000000,3.4080000000,3.4330000000,2717.2626220000,9298.8206440000,9298.8206440000,1,DORA-USDT
2022-12-03 13:00:00,1670043600000,3.4330000000,3.5550000000,3.4330000000,3.4510000000,14247.0362520000,49939.4249560000,49939.4249560000,1,DORA-USDT
2022-12-03 14:00:00,1670047200000,3.4510000000,3.5010000000,3.3720000000,3.4820000000,32960.4221750000,113732.3962320000,113732.3962320000,1,DORA-USDT
2022-12-03 15:00:00,1670050800000,3.4820000000,3.4970000000,3.4390000000,3.4480000000,4843.7832070000,16827.2097680000,16827.2097680000,1,DORA-USDT
2022-12-03 16:00:00,1670054400000,3.4430000000,3.4950000000,3.4170000000,3.4750000000,3206.2190090000,11057.4701330000,11057.4701330000,1,DORA-USDT
2022-12-03 17:00:00,1670058000000,3.4730000000,3.4820000000,3.4620000000,3.4670000000,302.3142740000,1050.5236660000,1050.5236660000,1,DORA-USDT
2022-12-03 18:00:00,1670061600000,3.4650000000,3.5500000000,3.4610000000,3.5080000000,2904.7083180000,10201.1964430000,10201.1964430000,1,DORA-USDT
2022-12-03 19:00:00,1670065200000,3.5090000000,3.5150000000,3.4910000000,3.5040000000,617.8365680000,2164.8419180000,2164.8419180000,1,DORA-USDT
2022-12-03 20:00:00,1670068800000,3.5050000000,3.5090000000,3.4900000000,3.5080000000,432.7627370000,1515.1090560000,1515.1090560000,1,DORA-USDT
2022-12-03 21:00:00,1670072400000,3.5070000000,3.5260000000,3.4910000000,3.5040000000,1460.4529980000,5122.7538360000,5122.7538360000,1,DORA-USDT
2022-12-03 22:00:00,1670076000000,3.5050000000,3.5190000000,3.4820000000,3.4870000000,1679.0087380000,5890.4659350000,5890.4659350000,1,DORA-USDT
2022-12-03 23:00:00,1670079600000,3.4840000000,3.4900000000,3.4490000000,3.4740000000,2201.4858580000,7633.9280600000,7633.9280600000,1,DORA-USDT
2022-12-04 00:00:00,1670083200000,3.4740000000,3.8260000000,3.4740000000,3.6500000000,50307.1926900000,183551.0490600000,183551.0490600000,1,DORA-USDT
2022-12-04 01:00:00,1670086800000,3.6600000000,3.7220000000,3.5660000000,3.6460000000,6915.5830290000,25137.1085190000,25137.1085190000,1,DORA-USDT
2022-12-04 02:00:00,1670090400000,3.6460000000,3.7380000000,3.6460000000,3.7080000000,3846.1569960000,14195.2415050000,14195.2415050000,1,DORA-USDT
2022-12-04 03:00:00,1670094000000,3.7120000000,3.7170000000,3.6060000000,3.6110000000,2757.2442680000,10091.6823730000,10091.6823730000,1,DORA-USDT
2022-12-04 04:00:00,1670097600000,3.6130000000,3.6890000000,3.6110000000,3.6890000000,1459.5724280000,5351.5611490000,5351.5611490000,1,DORA-USDT
2022-12-04 05:00:00,1670101200000,3.6890000000,3.7460000000,3.6810000000,3.7350000000,3094.1791140000,11473.4077810000,11473.4077810000,1,DORA-USDT
2022-12-04 06:00:00,1670104800000,3.7360000000,3.8500000000,3.7170000000,3.7710000000,7466.6853110000,28259.5529550000,28259.5529550000,1,DORA-USDT
2022-12-04 07:00:00,1670108400000,3.7700000000,3.7770000000,3.7020000000,3.7390000000,5697.9326850000,21282.7382190000,21282.7382190000,1,DORA-USDT
2022-12-04 08:00:00,1670112000000,3.7420000000,3.8490000000,3.7160000000,3.7890000000,11384.5649670000,43002.0677410000,43002.0677410000,1,DORA-USDT
2022-12-04 09:00:00,1670115600000,3.7890000000,3.8490000000,3.7520000000,3.7570000000,4629.0835920000,17611.3242910000,17611.3242910000,1,DORA-USDT
2022-12-04 10:00:00,1670119200000,3.7580000000,3.8100000000,3.7450000000,3.7870000000,2823.5339900000,10662.2713670000,10662.2713670000,1,DORA-USDT
2022-12-04 11:00:00,1670122800000,3.7880000000,3.8280000000,3.7660000000,3.7860000000,5380.3126460000,20410.6335920000,20410.6335920000,1,DORA-USDT
2022-12-04 12:00:00,1670126400000,3.7810000000,3.9400000000,3.7800000000,3.8900000000,8285.9096650000,31975.8209220000,31975.8209220000,1,DORA-USDT
2022-12-04 13:00:00,1670130000000,3.8910000000,3.9100000000,3.7960000000,3.8010000000,11395.7374560000,44007.8366170000,44007.8366170000,1,DORA-USDT
2022-12-04 14:00:00,1670133600000,3.8050000000,3.8050000000,3.5840000000,3.6880000000,34161.3765070000,126143.4212570000,126143.4212570000,1,DORA-USDT
2022-12-04 15:00:00,1670137200000,3.6900000000,3.6940000000,3.6620000000,3.6710000000,2440.7881760000,8977.5957870000,8977.5957870000,1,DORA-USDT
2022-12-04 16:00:00,1670140800000,3.6720000000,3.7490000000,3.6480000000,3.6810000000,31743.6025410000,116903.5887570000,116903.5887570000,1,DORA-USDT
2022-12-04 17:00:00,1670144400000,3.6790000000,3.6830000000,3.6210000000,3.6450000000,11037.0661110000,40231.5471280000,40231.5471280000,1,DORA-USDT
2022-12-04 18:00:00,1670148000000,3.6430000000,3.6620000000,3.5560000000,3.6080000000,17450.2124230000,63362.0546920000,63362.0546920000,1,DORA-USDT
2022-12-04 19:00:00,1670151600000,3.6060000000,3.6400000000,3.5720000000,3.6100000000,18762.2434710000,67786.8761400000,67786.8761400000,1,DORA-USDT
2022-12-04 20:00:00,1670155200000,3.6070000000,3.6400000000,3.5870000000,3.6280000000,35217.4829040000,127314.8401400000,127314.8401400000,1,DORA-USDT
2022-12-04 21:00:00,1670158800000,3.6280000000,3.6440000000,3.5900000000,3.6190000000,95010.8324680000,343820.8838300000,343820.8838300000,1,DORA-USDT
2022-12-04 22:00:00,1670162400000,3.6150000000,3.6250000000,3.5990000000,3.6220000000,9587.9292770000,34625.8699200000,34625.8699200000,1,DORA-USDT
2022-12-04 23:00:00,1670166000000,3.6210000000,3.6450000000,3.5670000000,3.5720000000,17352.0750530000,62623.4622830000,62623.4622830000,1,DORA-USDT
2022-12-05 00:00:00,1670169600000,3.5760000000,3.7950000000,3.5310000000,3.7450000000,76691.0400270000,274463.7463470000,274463.7463470000,1,DORA-USDT
2022-12-05 01:00:00,1670173200000,3.7400000000,3.8230000000,3.6700000000,3.7430000000,19033.2811020000,71378.5168230000,71378.5168230000,1,DORA-USDT
2022-12-05 02:00:00,1670176800000,3.7440000000,3.7600000000,3.7010000000,3.7190000000,17996.3428340000,66911.1106630000,66911.1106630000,1,DORA-USDT
2022-12-05 03:00:00,1670180400000,3.7190000000,3.7340000000,3.6890000000,3.6940000000,12468.7992300000,46297.6915130000,46297.6915130000,1,DORA-USDT
2022-12-05 04:00:00,1670184000000,3.6940000000,3.7790000000,3.6850000000,3.7330000000,5812.6833240000,21661.2237670000,21661.2237670000,1,DORA-USDT
2022-12-05 05:00:00,1670187600000,3.7330000000,3.8070000000,3.7210000000,3.7720000000,4816.2439100000,18167.6092630000,18167.6092630000,1,DORA-USDT
2022-12-05 06:00:00,1670191200000,3.7730000000,3.8260000000,3.7420000000,3.7760000000,4279.7058210000,16178.2331170000,16178.2331170000,1,DORA-USDT
2022-12-05 07:00:00,1670194800000,3.7750000000,3.7770000000,3.6760000000,3.7290000000,4263.8509940000,15916.6062600000,15916.6062600000,1,DORA-USDT
2022-12-05 08:00:00,1670198400000,3.7200000000,3.7600000000,3.6900000000,3.7360000000,45700.6036140000,170215.8589360000,170215.8589360000,1,DORA-USDT
2022-12-05 09:00:00,1670202000000,3.7420000000,3.7550000000,3.6110000000,3.6130000000,9872.7101640000,36167.8800870000,36167.8800870000,1,DORA-USDT
2022-12-05 10:00:00,1670205600000,3.6120000000,3.6660000000,3.6120000000,3.6520000000,2369.9954470000,8619.5510620000,8619.5510620000,1,DORA-USDT
2022-12-05 11:00:00,1670209200000,3.6510000000,3.6560000000,3.6290000000,3.6350000000,2064.6163600000,7509.5586100000,7509.5586100000,1,DORA-USDT
2022-12-05 12:00:00,1670212800000,3.6260000000,3.6780000000,3.6130000000,3.6730000000,2698.0262760000,9818.8193830000,9818.8193830000,1,DORA-USDT
2022-12-05 13:00:00,1670216400000,3.6710000000,3.6850000000,3.6130000000,3.6720000000,4144.9415200000,15136.4876580000,15136.4876580000,1,DORA-USDT
2022-12-05 14:00:00,1670220000000,3.6720000000,3.6740000000,3.6160000000,3.6460000000,1204.0444090000,4380.5542390000,4380.5542390000,1,DORA-USDT
2022-12-05 15:00:00,1670223600000,3.6440000000,3.6560000000,3.5720000000,3.6240000000,42080.8203900000,152261.1762800000,152261.1762800000,1,DORA-USDT
2022-12-05 16:00:00,1670227200000,3.6220000000,3.6790000000,3.6120000000,3.6540000000,12015.6033990000,43944.1796260000,43944.1796260000,1,DORA-USDT
2022-12-05 17:00:00,1670230800000,3.6540000000,3.6950000000,3.6460000000,3.6550000000,6145.1338060000,22495.6815910000,22495.6815910000,1,DORA-USDT
2022-12-05 18:00:00,1670234400000,3.6550000000,3.6690000000,3.6220000000,3.6310000000,5009.3219370000,18267.4241960000,18267.4241960000,1,DORA-USDT
2022-12-05 19:00:00,1670238000000,3.6330000000,3.6410000000,3.6000000000,3.6380000000,3440.7876400000,12488.0766740000,12488.0766740000,1,DORA-USDT
2022-12-05 20:00:00,1670241600000,3.6370000000,3.6370000000,3.5640000000,3.5980000000,8653.4183350000,31117.3125660000,31117.3125660000,1,DORA-USDT
2022-12-05 21:00:00,1670245200000,3.5970000000,3.6260000000,3.5840000000,3.6180000000,5213.6249480000,18798.7908940000,18798.7908940000,1,DORA-USDT
2022-12-05 22:00:00,1670248800000,3.6170000000,3.8380000000,3.6160000000,3.7550000000,24942.7598120000,92364.5338870000,92364.5338870000,1,DORA-USDT
2022-12-05 23:00:00,1670252400000,3.7540000000,3.7600000000,3.6700000000,3.7180000000,27965.2266360000,104254.6545970000,104254.6545970000,1,DORA-USDT
2022-12-06 00:00:00,1670256000000,3.7050000000,3.7100000000,3.6050000000,3.6220000000,8147.3642220000,29858.7479270000,29858.7479270000,1,DORA-USDT
2022-12-06 01:00:00,1670259600000,3.6160000000,3.6550000000,3.6090000000,3.6290000000,757.9460010000,2752.9126340000,2752.9126340000,1,DORA-USDT
2022-12-06 02:00:00,1670263200000,3.6290000000,3.6570000000,3.6210000000,3.6210000000,548.3363770000,1993.8878460000,1993.8878460000,1,DORA-USDT
2022-12-06 03:00:00,1670266800000,3.6230000000,3.6240000000,3.4510000000,3.4630000000,8677.9774360000,30672.9967140000,30672.9967140000,1,DORA-USDT
2022-12-06 04:00:00,1670270400000,3.4530000000,3.4770000000,3.4190000000,3.4370000000,2351.9411530000,8089.2019360000,8089.2019360000,1,DORA-USDT
2022-12-06 05:00:00,1670274000000,3.4330000000,3.4470000000,3.3800000000,3.4270000000,7799.6790420000,26627.2307550000,26627.2307550000,1,DORA-USDT
2022-12-06 06:00:00,1670277600000,3.4280000000,3.4460000000,3.3990000000,3.4450000000,3329.1053300000,11369.3624050000,11369.3624050000,1,DORA-USDT
2022-12-06 07:00:00,1670281200000,3.4410000000,3.4920000000,3.4350000000,3.4790000000,2426.4290750000,8390.4766080000,8390.4766080000,1,DORA-USDT
2022-12-06 08:00:00,1670284800000,3.4800000000,3.5700000000,3.4660000000,3.5600000000,6659.4729270000,23367.1789380000,23367.1789380000,1,DORA-USDT
2022-12-06 09:00:00,1670288400000,3.5600000000,3.5740000000,3.5130000000,3.5450000000,4135.9914550000,14648.9543050000,14648.9543050000,1,DORA-USDT
2022-12-06 10:00:00,1670292000000,3.5430000000,3.5820000000,3.5160000000,3.5560000000,15719.9970480000,55758.8774090000,55758.8774090000,1,DORA-USDT
2022-12-06 11:00:00,1670295600000,3.5600000000,3.6000000000,3.5530000000,3.5930000000,4319.6010380000,15532.4045940000,15532.4045940000,1,DORA-USDT
2022-12-06 12:00:00,1670299200000,3.5910000000,3.6200000000,3.5080000000,3.5390000000,28536.1252320000,102360.1777020000,102360.1777020000,1,DORA-USDT
2022-12-06 13:00:00,1670302800000,3.5390000000,3.5740000000,3.5220000000,3.5330000000,8962.4093790000,31778.2694650000,31778.2694650000,1,DORA-USDT
2022-12-06 14:00:00,1670306400000,3.5340000000,3.5820000000,3.5290000000,3.5660000000,16114.6831390000,57254.5168410000,57254.5168410000,1,DORA-USDT
2022-12-06 15:00:00,1670310000000,3.5690000000,3.5830000000,3.5370000000,3.5670000000,17289.7674860000,61572.8450240000,61572.8450240000,1,DORA-USDT
2022-12-06 16:00:00,1670313600000,3.5710000000,3.6630000000,3.5450000000,3.5560000000,25936.9611530000,93239.6088050000,93239.6088050000,1,DORA-USDT
2022-12-06 17:00:00,1670317200000,3.5600000000,3.5730000000,3.4920000000,3.5020000000,13491.5305370000,47634.9485550000,47634.9485550000,1,DORA-USDT
2022-12-06 18:00:00,1670320800000,3.5050000000,3.5560000000,3.5000000000,3.5420000000,5554.7274590000,19557.6036530000,19557.6036530000,1,DORA-USDT
2022-12-06 19:00:00,1670324400000,3.5430000000,3.5660000000,3.5340000000,3.5400000000,4642.4142180000,16478.0165250000,16478.0165250000,1,DORA-USDT
2022-12-06 20:00:00,1670328000000,3.5410000000,3.5680000000,3.5200000000,3.5200000000,4389.7953130000,15531.5245550000,15531.5245550000,1,DORA-USDT
2022-12-06 21:00:00,1670331600000,3.5210000000,3.5320000000,3.4730000000,3.4790000000,8655.3761580000,30270.8715190000,30270.8715190000,1,DORA-USDT
2022-12-06 22:00:00,1670335200000,3.4790000000,3.5090000000,3.4540000000,3.4810000000,9198.7625190000,32089.0005190000,32089.0005190000,1,DORA-USDT
2022-12-06 23:00:00,1670338800000,3.4830000000,3.5230000000,3.4520000000,3.4590000000,35333.9099740000,123602.6581650000,123602.6581650000,1,DORA-USDT
2022-12-07 00:00:00,1670342400000,3.4580000000,3.5820000000,3.4580000000,3.4740000000,15592.8400310000,55032.5311870000,55032.5311870000,1,DORA-USDT
2022-12-07 01:00:00,1670346000000,3.4850000000,3.4850000000,3.4340000000,3.4350000000,2005.9616490000,6933.4957390000,6933.4957390000,1,DORA-USDT
2022-12-07 02:00:00,1670349600000,3.4380000000,3.4580000000,3.4020000000,3.4400000000,3067.6303770000,10532.8774360000,10532.8774360000,1,DORA-USDT
2022-12-07 03:00:00,1670353200000,3.4400000000,3.4740000000,3.4380000000,3.4680000000,538.2957310000,1862.6779350000,1862.6779350000,1,DORA-USDT
2022-12-07 04:00:00,1670356800000,3.4770000000,3.4770000000,3.4540000000,3.4560000000,542.7938240000,1879.8858690000,1879.8858690000,1,DORA-USDT
2022-12-07 05:00:00,1670360400000,3.4570000000,3.4700000000,3.4490000000,3.4560000000,518.5691090000,1793.1940170000,1793.1940170000,1,DORA-USDT
2022-12-07 06:00:00,1670364000000,3.4590000000,3.4590000000,3.4430000000,3.4510000000,818.5076720000,2825.8029050000,2825.8029050000,1,DORA-USDT
2022-12-07 07:00:00,1670367600000,3.4520000000,3.5830000000,3.4500000000,3.5340000000,17595.2265990000,61797.2296430000,61797.2296430000,1,DORA-USDT
2022-12-07 08:00:00,1670371200000,3.5380000000,3.5530000000,3.5030000000,3.5120000000,3728.4941270000,13137.9849790000,13137.9849790000,1,DORA-USDT
2022-12-07 09:00:00,1670374800000,3.5140000000,3.5170000000,3.4730000000,3.4820000000,1966.3500330000,6864.1039910000,6864.1039910000,1,DORA-USDT
2022-12-07 10:00:00,1670378400000,3.4810000000,3.5240000000,3.4760000000,3.5050000000,4775.2695600000,16736.8085060000,16736.8085060000,1,DORA-USDT
2022-12-07 11:00:00,1670382000000,3.5140000000,3.5160000000,3.4820000000,3.4840000000,3148.3448800000,11023.7255020000,11023.7255020000,1,DORA-USDT
2022-12-07 12:00:00,1670385600000,3.4860000000,3.5080000000,3.4690000000,3.4970000000,2514.9305780000,8746.2092350000,8746.2092350000,1,DORA-USDT
2022-12-07 13:00:00,1670389200000,3.4980000000,3.5010000000,3.4830000000,3.4870000000,380.0927950000,1327.8352670000,1327.8352670000,1,DORA-USDT
2022-12-07 14:00:00,1670392800000,3.4860000000,3.4980000000,3.4530000000,3.4760000000,2705.5527850000,9425.3464850000,9425.3464850000,1,DORA-USDT
2022-12-07 15:00:00,1670396400000,3.4750000000,3.4820000000,3.2530000000,3.2530000000,23383.4708400000,77710.5091640000,77710.5091640000,1,DORA-USDT
2022-12-07 16:00:00,1670400000000,3.2570000000,3.3040000000,3.2210000000,3.2830000000,7145.3580330000,23287.4104450000,23287.4104450000,1,DORA-USDT
2022-12-07 17:00:00,1670403600000,3.2870000000,3.3060000000,3.2800000000,3.3060000000,1240.5179080000,4083.8552370000,4083.8552370000,1,DORA-USDT
2022-12-07 18:00:00,1670407200000,3.3060000000,3.3310000000,3.2840000000,3.2940000000,1985.0338990000,6556.5541040000,6556.5541040000,1,DORA-USDT
2022-12-07 19:00:00,1670410800000,3.2880000000,3.2930000000,3.2550000000,3.2680000000,2849.4314940000,9327.1311350000,9327.1311350000,1,DORA-USDT
2022-12-07 20:00:00,1670414400000,3.2740000000,3.2850000000,3.2670000000,3.2760000000,1612.1059460000,5280.5757230000,5280.5757230000,1,DORA-USDT
2022-12-07 21:00:00,1670418000000,3.2850000000,3.3740000000,3.2760000000,3.3220000000,1647.4242690000,5489.3973930000,5489.3973930000,1,DORA-USDT
2022-12-07 22:00:00,1670421600000,3.3280000000,3.3780000000,3.3200000000,3.3480000000,1686.5186470000,5657.8520310000,5657.8520310000,1,DORA-USDT
2022-12-07 23:00:00,1670425200000,3.3470000000,3.3640000000,3.3000000000,3.3140000000,1162.2446250000,3877.3223100000,3877.3223100000,1,DORA-USDT
2022-12-08 00:00:00,1670428800000,3.3120000000,3.5160000000,3.3000000000,3.3460000000,50426.8107430000,171834.4942300000,171834.4942300000,1,DORA-USDT
2022-12-08 01:00:00,1670432400000,3.3430000000,3.4430000000,3.3430000000,3.4120000000,5819.0710730000,19773.2524210000,19773.2524210000,1,DORA-USDT
2022-12-08 02:00:00,1670436000000,3.4110000000,3.4180000000,3.3440000000,3.3540000000,12719.4711700000,42828.4395120000,42828.4395120000,1,DORA-USDT
2022-12-08 03:00:00,1670439600000,3.3610000000,3.3890000000,3.3510000000,3.3530000000,9494.4436660000,31947.8461650000,31947.8461650000,1,DORA-USDT
2022-12-08 04:00:00,1670443200000,3.3540000000,3.3780000000,3.3130000000,3.3560000000,9155.2992080000,30677.9804950000,30677.9804950000,1,DORA-USDT
2022-12-08 05:00:00,1670446800000,3.3620000000,3.3700000000,3.3290000000,3.3290000000,4012.3490710000,13430.9420280000,13430.9420280000,1,DORA-USDT
2022-12-08 06:00:00,1670450400000,3.3300000000,3.3300000000,3.2810000000,3.2850000000,3399.7211370000,11241.3011640000,11241.3011640000,1,DORA-USDT
2022-12-08 07:00:00,1670454000000,3.2850000000,3.3250000000,3.2830000000,3.3120000000,3367.3759160000,11148.2621760000,11148.2621760000,1,DORA-USDT
2022-12-08 08:00:00,1670457600000,3.3110000000,3.4200000000,3.3060000000,3.3360000000,10524.5879900000,35474.8106830000,35474.8106830000,1,DORA-USDT
2022-12-08 09:00:00,1670461200000,3.3400000000,3.3740000000,3.3360000000,3.3470000000,810.5573180000,2720.3747440000,2720.3747440000,1,DORA-USDT
2022-12-08 10:00:00,1670464800000,3.3460000000,3.4430000000,3.3460000000,3.4340000000,2152.5902700000,7324.4099700000,7324.4099700000,1,DORA-USDT
2022-12-08 11:00:00,1670468400000,3.4360000000,3.4370000000,3.3970000000,3.4180000000,1504.9285770000,5144.7875400000,5144.7875400000,1,DORA-USDT
2022-12-08 12:00:00,1670472000000,3.4190000000,3.4440000000,3.3670000000,3.3670000000,2028.2480450000,6916.7100100000,6916.7100100000,1,DORA-USDT
2022-12-08 13:00:00,1670475600000,3.3780000000,3.3910000000,3.3520000000,3.3520000000,697.4112350000,2348.6950010000,2348.6950010000,1,DORA-USDT
2022-12-08 14:00:00,1670479200000,3.3570000000,3.3610000000,3.3020000000,3.3300000000,4267.4755900000,14195.9553470000,14195.9553470000,1,DORA-USDT
2022-12-08 15:00:00,1670482800000,3.3310000000,3.3350000000,3.3200000000,3.3230000000,4690.9492060000,15589.3618890000,15589.3618890000,1,DORA-USDT
2022-12-08 16:00:00,1670486400000,3.3230000000,3.4040000000,3.3230000000,3.3880000000,5876.5258550000,19747.6862500000,19747.6862500000,1,DORA-USDT
2022-12-08 17:00:00,1670490000000,3.3900000000,3.4160000000,3.3610000000,3.4140000000,1979.3702360000,6696.0826760000,6696.0826760000,1,DORA-USDT
2022-12-08 18:00:00,1670493600000,3.4160000000,3.5160000000,3.3970000000,3.4430000000,6759.1341720000,23379.7593550000,23379.7593550000,1,DORA-USDT
2022-12-08 19:00:00,1670497200000,3.4500000000,3.4500000000,3.3800000000,3.4290000000,3449.3875120000,11762.0637080000,11762.0637080000,1,DORA-USDT
2022-12-08 20:00:00,1670500800000,3.4270000000,3.4510000000,3.3710000000,3.3990000000,6646.6137210000,22670.5853050000,22670.5853050000,1,DORA-USDT
2022-12-08 21:00:00,1670504400000,3.4030000000,3.4400000000,3.3790000000,3.4070000000,4786.4079230000,16315.8774570000,16315.8774570000,1,DORA-USDT
2022-12-08 22:00:00,1670508000000,3.4080000000,3.4280000000,3.3770000000,3.4140000000,3913.6293150000,13314.3426780000,13314.3426780000,1,DORA-USDT
2022-12-08 23:00:00,1670511600000,3.4110000000,3.4960000000,3.4110000000,3.4580000000,11533.5272180000,39793.2819150000,39793.2819150000,1,DORA-USDT
2022-12-09 00:00:00,1670515200000,3.4600000000,3.5000000000,3.4170000000,3.4180000000,23841.5571470000,82651.5657320000,82651.5657320000,1,DORA-USDT
2022-12-09 01:00:00,1670518800000,3.4230000000,3.4230000000,3.2880000000,3.2880000000,9456.7929360000,31570.4340960000,31570.4340960000,1,DORA-USDT
2022-12-09 02:00:00,1670522400000,3.2930000000,3.3270000000,3.2880000000,3.3060000000,4194.1044240000,13881.6033770000,13881.6033770000,1,DORA-USDT
2022-12-09 03:00:00,1670526000000,3.3080000000,3.3380000000,3.3040000000,3.3080000000,1240.5675710000,4115.9575650000,4115.9575650000,1,DORA-USDT
2022-12-09 04:00:00,1670529600000,3.3120000000,3.4200000000,3.3060000000,3.4130000000,1894.5984180000,6389.3006360000,6389.3006360000,1,DORA-USDT
2022-12-09 05:00:00,1670533200000,3.4100000000,3.4760000000,3.3600000000,3.3640000000,7403.4930140000,25371.9578730000,25371.9578730000,1,DORA-USDT
2022-12-09 06:00:00,1670536800000,3.3610000000,3.3810000000,3.3540000000,3.3640000000,343.3734780000,1156.5930190000,1156.5930190000,1,DORA-USDT
2022-12-09 07:00:00,1670540400000,3.3670000000,3.4000000000,3.3530000000,3.3800000000,3408.8523670000,11499.9416900000,11499.9416900000,1,DORA-USDT
2022-12-09 08:00:00,1670544000000,3.3850000000,3.4560000000,3.3420000000,3.4350000000,11920.5948710000,40469.4356790000,40469.4356790000,1,DORA-USDT
2022-12-09 09:00:00,1670547600000,3.4350000000,3.4730000000,3.4250000000,3.4560000000,4774.4945000000,16458.2573830000,16458.2573830000,1,DORA-USDT
2022-12-09 10:00:00,1670551200000,3.4560000000,3.4720000000,3.3930000000,3.4120000000,4411.9991950000,15193.0369130000,15193.0369130000,1,DORA-USDT
2022-12-09 11:00:00,1670554800000,3.4160000000,3.4580000000,3.4010000000,3.4310000000,1742.8826590000,5971.2518350000,5971.2518350000,1,DORA-USDT
2022-12-09 12:00:00,1670558400000,3.4330000000,3.4720000000,3.4120000000,3.4290000000,3189.7440390000,10963.4454220000,10963.4454220000,1,DORA-USDT
2022-12-09 13:00:00,1670562000000,3.4290000000,3.4380000000,3.4160000000,3.4340000000,903.3798740000,3095.3664190000,3095.3664190000,1,DORA-USDT
2022-12-09 14:00:00,1670565600000,3.4380000000,3.4380000000,3.3690000000,3.3800000000,6626.3839040000,22491.8023280000,22491.8023280000,1,DORA-USDT
2022-12-09 15:00:00,1670569200000,3.3810000000,3.4100000000,3.3580000000,3.3960000000,2322.5363640000,7838.8153420000,7838.8153420000,1,DORA-USDT
2022-12-09 16:00:00,1670572800000,3.3970000000,3.4060000000,3.3680000000,3.3770000000,7612.5581480000,25807.9016180000,25807.9016180000,1,DORA-USDT
2022-12-09 17:00:00,1670576400000,3.3830000000,3.4230000000,3.3660000000,3.4050000000,17501.2301700000,59342.0191060000,59342.0191060000,1,DORA-USDT
2022-12-09 18:00:00,1670580000000,3.4070000000,3.4200000000,3.3820000000,3.3970000000,5608.0668100000,19080.4575560000,19080.4575560000,1,DORA-USDT
2022-12-09 19:00:00,1670583600000,3.4030000000,3.4120000000,3.3870000000,3.3900000000,3723.5133630000,12649.4895920000,12649.4895920000,1,DORA-USDT
2022-12-09 20:00:00,1670587200000,3.3930000000,3.4200000000,3.3610000000,3.3860000000,1741.1667510000,5881.1317180000,5881.1317180000,1,DORA-USDT
2022-12-09 21:00:00,1670590800000,3.3870000000,3.3960000000,3.2880000000,3.3700000000,8621.6139930000,28800.8906940000,28800.8906940000,1,DORA-USDT
2022-12-09 22:00:00,1670594400000,3.3710000000,3.3950000000,3.3330000000,3.3570000000,2887.2926500000,9707.4946610000,9707.4946610000,1,DORA-USDT
2022-12-09 23:00:00,1670598000000,3.3680000000,3.3970000000,3.3490000000,3.3490000000,2970.4580790000,10028.4831670000,10028.4831670000,1,DORA-USDT
2022-12-10 00:00:00,1670601600000,3.3520000000,3.4560000000,3.3520000000,3.4130000000,17412.2140320000,59424.4183260000,59424.4183260000,1,DORA-USDT
2022-12-10 01:00:00,1670605200000,3.4130000000,3.4400000000,3.3680000000,3.3710000000,2291.2055820000,7829.2246660000,7829.2246660000,1,DORA-USDT
2022-12-10 02:00:00,1670608800000,3.3710000000,3.4160000000,3.3530000000,3.3810000000,2730.1719660000,9204.7672300000,9204.7672300000,1,DORA-USDT
2022-12-10 03:00:00,1670612400000,3.3800000000,3.3990000000,3.3680000000,3.3800000000,739.7859650000,2505.5719630000,2505.5719630000,1,DORA-USDT
2022-12-10 04:00:00,1670616000000,3.3840000000,3.3900000000,3.3530000000,3.3530000000,729.6750650000,2457.5333410000,2457.5333410000,1,DORA-USDT
2022-12-10 05:00:00,1670619600000,3.3520000000,3.3600000000,3.3200000000,3.3210000000,639.4039190000,2131.8812110000,2131.8812110000,1,DORA-USDT
2022-12-10 06:00:00,1670623200000,3.3240000000,3.3320000000,3.2790000000,3.3120000000,3254.2280700000,10767.2411920000,10767.2411920000,1,DORA-USDT
2022-12-10 07:00:00,1670626800000,3.3140000000,3.3520000000,3.3120000000,3.3440000000,782.0617620000,2609.7052960000,2609.7052960000,1,DORA-USDT
2022-12-10 08:00:00,1670630400000,3.3410000000,3.3820000000,3.3400000000,3.3520000000,2452.8881920000,8242.6078950000,8242.6078950000,1,DORA-USDT
2022-12-10 09:00:00,1670634000000,3.3590000000,3.3720000000,3.3490000000,3.3520000000,890.9972030000,2997.1926540000,2997.1926540000,1,DORA-USDT
2022-12-10 10:00:00,1670637600000,3.3530000000,3.3580000000,3.3200000000,3.3200000000,960.2294590000,3200.6744890000,3200.6744890000,1,DORA-USDT
2022-12-10 11:00:00,1670641200000,3.3300000000,3.3600000000,3.3270000000,3.3410000000,648.9703130000,2172.1035280000,2172.1035280000,1,DORA-USDT
2022-12-10 12:00:00,1670644800000,3.3440000000,3.4280000000,3.3340000000,3.4210000000,4779.7445530000,16133.8867020000,16133.8867020000,1,DORA-USDT
2022-12-10 13:00:00,1670648400000,3.4190000000,3.4400000000,3.3750000000,3.3860000000,2626.3106130000,8961.7664820000,8961.7664820000,1,DORA-USDT
2022-12-10 14:00:00,1670652000000,3.3860000000,3.4540000000,3.3860000000,3.4170000000,3448.4275210000,11814.2747420000,11814.2747420000,1,DORA-USDT
2022-12-10 15:00:00,1670655600000,3.4170000000,3.4330000000,3.3850000000,3.3940000000,3346.5892630000,11415.0892080000,11415.0892080000,1,DORA-USDT
2022-12-10 16:00:00,1670659200000,3.3930000000,3.4010000000,3.3680000000,3.3700000000,1365.7952630000,4629.9704060000,4629.9704060000,1,DORA-USDT
2022-12-10 17:00:00,1670662800000,3.3780000000,3.3780000000,3.3470000000,3.3580000000,1365.1770920000,4590.3853540000,4590.3853540000,1,DORA-USDT
2022-12-10 18:00:00,1670666400000,3.3610000000,3.3670000000,3.3440000000,3.3460000000,1597.5749090000,5354.6047700000,5354.6047700000,1,DORA-USDT
2022-12-10 19:00:00,1670670000000,3.3480000000,3.3990000000,3.3450000000,3.3700000000,1634.9121890000,5519.8218080000,5519.8218080000,1,DORA-USDT
2022-12-10 20:00:00,1670673600000,3.3700000000,3.3890000000,3.3600000000,3.3730000000,1522.6580410000,5139.2790430000,5139.2790430000,1,DORA-USDT
2022-12-10 21:00:00,1670677200000,3.3770000000,3.3790000000,3.3530000000,3.3550000000,2186.5664090000,7353.6422240000,7353.6422240000,1,DORA-USDT
2022-12-10 22:00:00,1670680800000,3.3590000000,3.3880000000,3.3550000000,3.3770000000,478.0912750000,1613.3551190000,1613.3551190000,1,DORA-USDT
2022-12-10 23:00:00,1670684400000,3.3900000000,3.4130000000,3.3880000000,3.4110000000,1423.8383490000,4844.2736920000,4844.2736920000,1,DORA-USDT
2022-12-11 00:00:00,1670688000000,3.4120000000,3.4160000000,3.3230000000,3.3340000000,2814.1099120000,9468.9501870000,9468.9501870000,1,DORA-USDT
2022-12-11 01:00:00,1670691600000,3.3350000000,3.4480000000,3.3290000000,3.3520000000,9074.2450890000,30686.9778280000,30686.9778280000,1,DORA-USDT
2022-12-11 02:00:00,1670695200000,3.3600000000,3.3670000000,3.3520000000,3.3520000000,136.7166720000,459.4265090000,459.4265090000,1,DORA-USDT
2022-12-11 03:00:00,1670698800000,3.3550000000,3.3560000000,3.3400000000,3.3410000000,591.0664000000,1980.1577200000,1980.1577200000,1,DORA-USDT
2022-12-11 04:00:00,1670702400000,3.3400000000,3.3440000000,3.3290000000,3.3310000000,434.7043590000,1450.2304500000,1450.2304500000,1,DORA-USDT
2022-12-11 05:00:00,1670706000000,3.3330000000,3.3400000000,3.3200000000,3.3230000000,268.8941100000,896.0456210000,896.0456210000,1,DORA-USDT
2022-12-11 06:00:00,1670709600000,3.3290000000,3.3340000000,3.3150000000,3.3150000000,858.8316790000,2851.7197910000,2851.7197910000,1,DORA-USDT
2022-12-11 07:00:00,1670713200000,3.3220000000,3.3580000000,3.3140000000,3.3530000000,1573.5570550000,5260.9072930000,5260.9072930000,1,DORA-USDT
2022-12-11 08:00:00,1670716800000,3.3480000000,3.3800000000,3.3270000000,3.3620000000,2411.8504560000,8082.4146060000,8082.4146060000,1,DORA-USDT
2022-12-11 09:00:00,1670720400000,3.3670000000,3.3980000000,3.3630000000,3.3890000000,861.2275100000,2908.9469610000,2908.9469610000,1,DORA-USDT
2022-12-11 10:00:00,1670724000000,3.3900000000,3.3940000000,3.3510000000,3.3560000000,1270.5024340000,4280.1008940000,4280.1008940000,1,DORA-USDT
2022-12-11 11:00:00,1670727600000,3.3630000000,3.3670000000,3.3570000000,3.3620000000,394.2228470000,1325.7432140000,1325.7432140000,1,DORA-USDT
2022-12-11 12:00:00,1670731200000,3.3640000000,3.4060000000,3.3620000000,3.3770000000,6102.2899350000,20644.1156590000,20644.1156590000,1,DORA-USDT
2022-12-11 13:00:00,1670734800000,3.3830000000,3.3970000000,3.3670000000,3.3840000000,2605.0822990000,8818.7253780000,8818.7253780000,1,DORA-USDT
2022-12-11 14:00:00,1670738400000,3.3850000000,3.3990000000,3.3760000000,3.3890000000,3342.3381170000,11331.1365030000,11331.1365030000,1,DORA-USDT
2022-12-11 15:00:00,1670742000000,3.3880000000,3.4040000000,3.3800000000,3.4010000000,3015.4899750000,10232.8075870000,10232.8075870000,1,DORA-USDT
2022-12-11 16:00:00,1670745600000,3.4030000000,3.4210000000,3.3710000000,3.3790000000,2101.4287930000,7156.0267190000,7156.0267190000,1,DORA-USDT
2022-12-11 17:00:00,1670749200000,3.3780000000,3.4000000000,3.3760000000,3.3970000000,517.1635040000,1752.2144860000,1752.2144860000,1,DORA-USDT
2022-12-11 18:00:00,1670752800000,3.4000000000,3.4640000000,3.3970000000,3.4480000000,2249.4582960000,7715.5628430000,7715.5628430000,1,DORA-USDT
2022-12-11 19:00:00,1670756400000,3.4560000000,3.4830000000,3.4000000000,3.4520000000,4454.9327990000,15344.5518870000,15344.5518870000,1,DORA-USDT
2022-12-11 20:00:00,1670760000000,3.4400000000,3.4570000000,3.4000000000,3.4090000000,4220.5194510000,14475.4923280000,14475.4923280000,1,DORA-USDT
2022-12-11 21:00:00,1670763600000,3.4070000000,3.4660000000,3.4070000000,3.4190000000,2614.7741580000,8984.3807530000,8984.3807530000,1,DORA-USDT
2022-12-11 22:00:00,1670767200000,3.4170000000,3.4640000000,3.4000000000,3.4420000000,3363.4892150000,11541.0653730000,11541.0653730000,1,DORA-USDT
2022-12-11 23:00:00,1670770800000,3.4460000000,3.4550000000,3.4250000000,3.4340000000,717.9557270000,2469.7751050000,2469.7751050000,1,DORA-USDT
2022-12-12 00:00:00,1670774400000,3.4480000000,3.4610000000,3.3960000000,3.4110000000,2668.4409490000,9159.8933540000,9159.8933540000,1,DORA-USDT
2022-12-12 01:00:00,1670778000000,3.4160000000,3.4270000000,3.3790000000,3.4180000000,1827.8144690000,6221.7486120000,6221.7486120000,1,DORA-USDT
2022-12-12 02:00:00,1670781600000,3.4130000000,3.4280000000,3.4020000000,3.4230000000,487.5365950000,1666.0747700000,1666.0747700000,1,DORA-USDT
2022-12-12 03:00:00,1670785200000,3.4310000000,3.4620000000,3.4130000000,3.4290000000,688.8194600000,2367.2310990000,2367.2310990000,1,DORA-USDT
2022-12-12 04:00:00,1670788800000,3.4200000000,3.4240000000,3.3450000000,3.4190000000,2531.3362810000,8570.5855660000,8570.5855660000,1,DORA-USDT
2022-12-12 05:00:00,1670792400000,3.4160000000,3.4160000000,3.3910000000,3.3990000000,293.8886150000,999.0499240000,999.0499240000,1,DORA-USDT
2022-12-12 06:00:00,1670796000000,3.3990000000,3.4190000000,3.3440000000,3.3440000000,1410.0464240000,4755.5976720000,4755.5976720000,1,DORA-USDT
2022-12-12 07:00:00,1670799600000,3.3430000000,3.3560000000,3.2600000000,3.2800000000,5141.3699060000,16976.4406280000,16976.4406280000,1,DORA-USDT
2022-12-12 08:00:00,1670803200000,3.2790000000,3.3190000000,3.1480000000,3.2080000000,15668.6925280000,50491.8792970000,50491.8792970000,1,DORA-USDT
2022-12-12 09:00:00,1670806800000,3.2080000000,3.2280000000,3.1960000000,3.2080000000,4375.8266290000,14039.5785540000,14039.5785540000,1,DORA-USDT
2022-12-12 10:00:00,1670810400000,3.2030000000,3.2200000000,3.1200000000,3.1460000000,4518.3544050000,14252.8347190000,14252.8347190000,1,DORA-USDT
2022-12-12 11:00:00,1670814000000,3.1460000000,3.1900000000,3.1390000000,3.1550000000,4668.1082790000,14763.7599630000,14763.7599630000,1,DORA-USDT
2022-12-12 12:00:00,1670817600000,3.1500000000,3.1870000000,3.1480000000,3.1810000000,1773.0941610000,5609.6399830000,5609.6399830000,1,DORA-USDT
2022-12-12 13:00:00,1670821200000,3.1780000000,3.2270000000,3.1680000000,3.1880000000,6371.8818730000,20385.6384140000,20385.6384140000,1,DORA-USDT
2022-12-12 14:00:00,1670824800000,3.1880000000,3.2050000000,3.1770000000,3.1920000000,1119.6077850000,3569.8079970000,3569.8079970000,1,DORA-USDT
2022-12-12 15:00:00,1670828400000,3.1940000000,3.2160000000,3.1670000000,3.1820000000,1041.5062860000,3323.1631080000,3323.1631080000,1,DORA-USDT
2022-12-12 16:00:00,1670832000000,3.1830000000,3.2230000000,3.1810000000,3.2150000000,1300.2825040000,4167.1060450000,4167.1060450000,1,DORA-USDT
2022-12-12 17:00:00,1670835600000,3.2210000000,3.2400000000,3.2180000000,3.2250000000,1093.9387570000,3534.7035980000,3534.7035980000,1,DORA-USDT
2022-12-12 18:00:00,1670839200000,3.2270000000,3.2510000000,3.2160000000,3.2180000000,630.6325870000,2035.8791100000,2035.8791100000,1,DORA-USDT
2022-12-12 19:00:00,1670842800000,3.2160000000,3.2220000000,3.2010000000,3.2100000000,563.5212200000,1808.8207150000,1808.8207150000,1,DORA-USDT
2022-12-12 20:00:00,1670846400000,3.2070000000,3.2230000000,3.1900000000,3.2110000000,2390.5829330000,7668.2379860000,7668.2379860000,1,DORA-USDT
2022-12-12 21:00:00,1670850000000,3.2090000000,3.2300000000,3.2040000000,3.2060000000,3861.3623830000,12401.7807650000,12401.7807650000,1,DORA-USDT
2022-12-12 22:00:00,1670853600000,3.2090000000,3.2700000000,3.1960000000,3.2260000000,2921.9710150000,9420.5503060000,9420.5503060000,1,DORA-USDT
2022-12-12 23:00:00,1670857200000,3.2260000000,3.2700000000,3.2210000000,3.2620000000,427.5872020000,1384.5604390000,1384.5604390000,1,DORA-USDT
2022-12-13 00:00:00,1670860800000,3.2590000000,3.3810000000,3.2200000000,3.2310000000,25002.5584670000,82621.6436140000,82621.6436140000,1,DORA-USDT
2022-12-13 01:00:00,1670864400000,3.2300000000,3.2450000000,3.1640000000,3.2260000000,23496.3169800000,75389.0201130000,75389.0201130000,1,DORA-USDT
2022-12-13 02:00:00,1670868000000,3.2250000000,3.2350000000,3.2020000000,3.2070000000,4318.2024430000,13888.8373600000,13888.8373600000,1,DORA-USDT
2022-12-13 03:00:00,1670871600000,3.2060000000,3.2080000000,3.1820000000,3.1880000000,987.6088840000,3154.4763710000,3154.4763710000,1,DORA-USDT
2022-12-13 04:00:00,1670875200000,3.1900000000,3.2110000000,3.1860000000,3.2070000000,336.2962210000,1076.1351420000,1076.1351420000,1,DORA-USDT
2022-12-13 05:00:00,1670878800000,3.2080000000,3.2320000000,3.2000000000,3.2220000000,821.3549870000,2641.9976220000,2641.9976220000,1,DORA-USDT
2022-12-13 06:00:00,1670882400000,3.2270000000,3.2400000000,3.1920000000,3.2150000000,2344.7984380000,7553.5220450000,7553.5220450000,1,DORA-USDT
2022-12-13 07:00:00,1670886000000,3.2170000000,3.2460000000,3.2080000000,3.2420000000,3560.5039080000,11491.6933880000,11491.6933880000,1,DORA-USDT
2022-12-13 08:00:00,1670889600000,3.2410000000,3.3660000000,3.2370000000,3.2910000000,9263.7396980000,30598.3725320000,30598.3725320000,1,DORA-USDT
2022-12-13 09:00:00,1670893200000,3.2940000000,3.3350000000,3.2680000000,3.3070000000,5930.6842750000,19624.6905780000,19624.6905780000,1,DORA-USDT
2022-12-13 10:00:00,1670896800000,3.3060000000,3.3100000000,3.2810000000,3.2910000000,1262.5640460000,4157.7973250000,4157.7973250000,1,DORA-USDT
2022-12-13 11:00:00,1670900400000,3.2940000000,3.2960000000,3.2660000000,3.2750000000,435.4122790000,1428.6476340000,1428.6476340000,1,DORA-USDT
2022-12-13 12:00:00,1670904000000,3.2760000000,3.2980000000,3.2750000000,3.2880000000,451.4033940000,1484.3151580000,1484.3151580000,1,DORA-USDT
2022-12-13 13:00:00,1670907600000,3.2900000000,3.2920000000,3.2260000000,3.2510000000,1804.3571680000,5871.4192700000,5871.4192700000,1,DORA-USDT
2022-12-13 14:00:00,1670911200000,3.2530000000,3.2550000000,3.2300000000,3.2330000000,730.1690140000,2366.7767800000,2366.7767800000,1,DORA-USDT
2022-12-13 15:00:00,1670914800000,3.2390000000,3.2540000000,3.1340000000,3.2080000000,5864.9184380000,18660.6478270000,18660.6478270000,1,DORA-USDT
2022-12-13 16:00:00,1670918400000,3.2100000000,3.2270000000,3.1640000000,3.1670000000,3326.3878690000,10635.5772000000,10635.5772000000,1,DORA-USDT
2022-12-13 17:00:00,1670922000000,3.1710000000,3.2080000000,3.1360000000,3.1370000000,3971.4386810000,12589.9383610000,12589.9383610000,1,DORA-USDT
2022-12-13 18:00:00,1670925600000,3.1370000000,3.2050000000,3.1360000000,3.1710000000,1301.0114230000,4133.4979710000,4133.4979710000,1,DORA-USDT
2022-12-13 19:00:00,1670929200000,3.1690000000,3.1890000000,3.1660000000,3.1820000000,842.6550010000,2676.3810480000,2676.3810480000,1,DORA-USDT
2022-12-13 20:00:00,1670932800000,3.1840000000,3.2120000000,3.1670000000,3.1740000000,1996.9635620000,6360.9079560000,6360.9079560000,1,DORA-USDT
2022-12-13 21:00:00,1670936400000,3.1740000000,3.3590000000,3.1510000000,3.2770000000,15066.2477940000,48840.4275930000,48840.4275930000,1,DORA-USDT
2022-12-13 22:00:00,1670940000000,3.2810000000,3.3290000000,3.2370000000,3.3290000000,3785.5459560000,12472.5125860000,12472.5125860000,1,DORA-USDT
2022-12-13 23:00:00,1670943600000,3.3250000000,3.4130000000,3.2930000000,3.3410000000,9102.6014160000,30471.0873210000,30471.0873210000,1,DORA-USDT
2022-12-14 00:00:00,1670947200000,3.3430000000,3.5380000000,3.3430000000,3.4800000000,27244.3476480000,94155.0529400000,94155.0529400000,1,DORA-USDT
2022-12-14 01:00:00,1670950800000,3.4750000000,3.4800000000,3.3500000000,3.3870000000,7311.0851930000,25049.3764750000,25049.3764750000,1,DORA-USDT
2022-12-14 02:00:00,1670954400000,3.3990000000,3.4210000000,3.3270000000,3.3740000000,17531.8640600000,59153.6063770000,59153.6063770000,1,DORA-USDT
2022-12-14 03:00:00,1670958000000,3.3720000000,3.3990000000,3.3390000000,3.3590000000,21772.4331350000,73408.3738330000,73408.3738330000,1,DORA-USDT
2022-12-14 04:00:00,1670961600000,3.3590000000,3.4030000000,3.3440000000,3.3490000000,1580.2753770000,5324.8298800000,5324.8298800000,1,DORA-USDT
2022-12-14 05:00:00,1670965200000,3.3490000000,3.3610000000,3.3330000000,3.3410000000,1187.4782020000,3966.9659760000,3966.9659760000,1,DORA-USDT
2022-12-14 06:00:00,1670968800000,3.3400000000,3.3630000000,3.3370000000,3.3450000000,615.0252290000,2059.1850740000,2059.1850740000,1,DORA-USDT
2022-12-14 07:00:00,1670972400000,3.3490000000,3.3920000000,3.3370000000,3.3770000000,1556.8475550000,5222.0379270000,5222.0379270000,1,DORA-USDT
2022-12-14 08:00:00,1670976000000,3.3780000000,3.4400000000,3.3370000000,3.3460000000,22408.7602690000,76077.8001610000,76077.8001610000,1,DORA-USDT
2022-12-14 09:00:00,1670979600000,3.3490000000,3.4000000000,3.3370000000,3.3780000000,6582.7273410000,22232.6837360000,22232.6837360000,1,DORA-USDT
2022-12-14 10:00:00,1670983200000,3.3780000000,3.4070000000,3.3770000000,3.3940000000,1252.4076310000,4253.8218220000,4253.8218220000,1,DORA-USDT
2022-12-14 11:00:00,1670986800000,3.3950000000,3.4070000000,3.3670000000,3.3820000000,2721.7691480000,9221.7993930000,9221.7993930000,1,DORA-USDT
2022-12-14 12:00:00,1670990400000,3.3820000000,3.4210000000,3.3000000000,3.3510000000,17285.5811860000,57962.5514960000,57962.5514960000,1,DORA-USDT
2022-12-14 13:00:00,1670994000000,3.3510000000,3.3610000000,3.3290000000,3.3340000000,1644.7021570000,5498.8192580000,5498.8192580000,1,DORA-USDT
2022-12-14 14:00:00,1670997600000,3.3330000000,3.3620000000,3.3170000000,3.3330000000,3838.4864260000,12815.7723260000,12815.7723260000,1,DORA-USDT
2022-12-14 15:00:00,1671001200000,3.3300000000,3.3360000000,3.3220000000,3.3280000000,625.7552310000,2081.8162350000,2081.8162350000,1,DORA-USDT
2022-12-14 16:00:00,1671004800000,3.3280000000,3.3440000000,3.3160000000,3.3430000000,4429.0141600000,14743.6449250000,14743.6449250000,1,DORA-USDT
2022-12-14 17:00:00,1671008400000,3.3430000000,3.3520000000,3.3090000000,3.3360000000,2848.1591210000,9489.4657840000,9489.4657840000,1,DORA-USDT
2022-12-14 18:00:00,1671012000000,3.3340000000,3.3430000000,3.3200000000,3.3330000000,1702.7937030000,5673.5034830000,5673.5034830000,1,DORA-USDT
2022-12-14 19:00:00,1671015600000,3.3340000000,3.3850000000,3.3200000000,3.3630000000,6039.9303040000,20270.8801900000,20270.8801900000,1,DORA-USDT
2022-12-14 20:00:00,1671019200000,3.3690000000,3.3960000000,3.3580000000,3.3670000000,2235.5948770000,7553.9279480000,7553.9279480000,1,DORA-USDT
2022-12-14 21:00:00,1671022800000,3.3620000000,3.3950000000,3.3260000000,3.3880000000,3443.8826240000,11587.2959110000,11587.2959110000,1,DORA-USDT
2022-12-14 22:00:00,1671026400000,3.3910000000,3.4370000000,3.3670000000,3.4050000000,4268.4082450000,14539.0483020000,14539.0483020000,1,DORA-USDT
2022-12-14 23:00:00,1671030000000,3.4020000000,3.4490000000,3.3510000000,3.4330000000,9970.7376060000,33808.1772290000,33808.1772290000,1,DORA-USDT
2022-12-15 00:00:00,1671033600000,3.4480000000,3.5230000000,3.3530000000,3.4010000000,17328.3073750000,59408.9335540000,59408.9335540000,1,DORA-USDT
2022-12-15 01:00:00,1671037200000,3.4020000000,3.4190000000,3.3660000000,3.3750000000,1370.8702670000,4657.8348640000,4657.8348640000,1,DORA-USDT
2022-12-15 02:00:00,1671040800000,3.3800000000,3.4200000000,3.3160000000,3.3420000000,3380.9145910000,11378.4533620000,11378.4533620000,1,DORA-USDT
2022-12-15 03:00:00,1671044400000,3.3420000000,3.3660000000,3.2110000000,3.2920000000,9388.0557740000,30733.2980200000,30733.2980200000,1,DORA-USDT
2022-12-15 04:00:00,1671048000000,3.2940000000,3.3090000000,3.2450000000,3.2620000000,1665.3043010000,5446.3331670000,5446.3331670000,1,DORA-USDT
2022-12-15 05:00:00,1671051600000,3.2640000000,3.2720000000,3.2490000000,3.2640000000,1209.7768210000,3944.7110320000,3944.7110320000,1,DORA-USDT
2022-12-15 06:00:00,1671055200000,3.2680000000,3.2740000000,3.2530000000,3.2630000000,343.9028150000,1122.3592860000,1122.3592860000,1,DORA-USDT
2022-12-15 07:00:00,1671058800000,3.2690000000,3.2960000000,3.2600000000,3.2870000000,853.0933320000,2795.3621000000,2795.3621000000,1,DORA-USDT
2022-12-15 08:00:00,1671062400000,3.2890000000,3.3010000000,3.2750000000,3.2840000000,2442.6190240000,8039.8114610000,8039.8114610000,1,DORA-USDT
2022-12-15 09:00:00,1671066000000,3.2820000000,3.2860000000,3.2030000000,3.2250000000,3140.2434950000,10176.0377140000,10176.0377140000,1,DORA-USDT
2022-12-15 10:00:00,1671069600000,3.2370000000,3.2820000000,3.2310000000,3.2790000000,1315.6219370000,4287.1434100000,4287.1434100000,1,DORA-USDT
2022-12-15 11:00:00,1671073200000,3.2780000000,3.2810000000,3.2500000000,3.2600000000,1064.2573230000,3477.5287900000,3477.5287900000,1,DORA-USDT
2022-12-15 12:00:00,1671076800000,3.2600000000,3.2700000000,3.2420000000,3.2560000000,2382.6221680000,7756.4502290000,7756.4502290000,1,DORA-USDT
2022-12-15 13:00:00,1671080400000,3.2570000000,3.2570000000,3.2430000000,3.2500000000,319.8175580000,1039.7548330000,1039.7548330000,1,DORA-USDT
2022-12-15 14:00:00,1671084000000,3.2530000000,3.2800000000,3.2530000000,3.2740000000,577.6116600000,1886.8453960000,1886.8453960000,1,DORA-USDT
2022-12-15 15:00:00,1671087600000,3.2750000000,3.2770000000,3.2490000000,3.2620000000,2349.7405030000,7662.2122900000,7662.2122900000,1,DORA-USDT
2022-12-15 16:00:00,1671091200000,3.2620000000,3.2850000000,3.2620000000,3.2630000000,3079.3285550000,10060.2330450000,10060.2330450000,1,DORA-USDT
2022-12-15 17:00:00,1671094800000,3.2610000000,3.2650000000,3.2520000000,3.2560000000,526.1022660000,1714.6986080000,1714.6986080000,1,DORA-USDT
2022-12-15 18:00:00,1671098400000,3.2570000000,3.2630000000,3.2180000000,3.2390000000,3524.6461040000,11427.6674780000,11427.6674780000,1,DORA-USDT
2022-12-15 19:00:00,1671102000000,3.2360000000,3.2430000000,3.2050000000,3.2240000000,8965.5005090000,28870.3524340000,28870.3524340000,1,DORA-USDT
2022-12-15 20:00:00,1671105600000,3.2250000000,3.2360000000,3.2040000000,3.2310000000,2198.1002850000,7085.2652560000,7085.2652560000,1,DORA-USDT
2022-12-15 21:00:00,1671109200000,3.2300000000,3.2320000000,3.1930000000,3.2230000000,5085.6712410000,16322.3834930000,16322.3834930000,1,DORA-USDT
2022-12-15 22:00:00,1671112800000,3.2240000000,3.2360000000,3.2120000000,3.2180000000,3592.7974450000,11598.7756820000,11598.7756820000,1,DORA-USDT
2022-12-15 23:00:00,1671116400000,3.2170000000,3.2600000000,3.2160000000,3.2590000000,1984.2456160000,6421.5191690000,6421.5191690000,1,DORA-USDT
2022-12-16 00:00:00,1671120000000,3.2590000000,3.2880000000,3.2100000000,3.2260000000,5761.3982440000,18668.0112160000,18668.0112160000,1,DORA-USDT
2022-12-16 01:00:00,1671123600000,3.2300000000,3.2350000000,3.2200000000,3.2270000000,269.7337130000,871.1042990000,871.1042990000,1,DORA-USDT
2022-12-16 02:00:00,1671127200000,3.2240000000,3.2310000000,3.1550000000,3.1700000000,1665.9847290000,5306.2442590000,5306.2442590000,1,DORA-USDT
2022-12-16 03:00:00,1671130800000,3.1800000000,3.1890000000,3.1670000000,3.1870000000,382.7255600000,1216.7155980000,1216.7155980000,1,DORA-USDT
2022-12-16 04:00:00,1671134400000,3.1860000000,3.1890000000,3.1780000000,3.1780000000,191.6112150000,609.9392230000,609.9392230000,1,DORA-USDT
2022-12-16 05:00:00,1671138000000,3.1780000000,3.1880000000,3.1490000000,3.1770000000,6527.4867320000,20673.9489070000,20673.9489070000,1,DORA-USDT
2022-12-16 06:00:00,1671141600000,3.1760000000,3.1770000000,3.1570000000,3.1700000000,626.0595800000,1984.6095420000,1984.6095420000,1,DORA-USDT
2022-12-16 07:00:00,1671145200000,3.1710000000,3.1900000000,3.1620000000,3.1790000000,1057.2908630000,3357.9560200000,3357.9560200000,1,DORA-USDT
2022-12-16 08:00:00,1671148800000,3.1940000000,3.1980000000,3.1790000000,3.1970000000,536.7211750000,1710.1740610000,1710.1740610000,1,DORA-USDT
2022-12-16 09:00:00,1671152400000,3.1950000000,3.2300000000,3.1950000000,3.2140000000,1893.6178010000,6098.8921870000,6098.8921870000,1,DORA-USDT
2022-12-16 10:00:00,1671156000000,3.2160000000,3.2210000000,3.2010000000,3.2070000000,4863.6214850000,15601.8550290000,15601.8550290000,1,DORA-USDT
2022-12-16 11:00:00,1671159600000,3.2080000000,3.2210000000,3.2040000000,3.2120000000,4879.8930990000,15678.1043760000,15678.1043760000,1,DORA-USDT
2022-12-16 12:00:00,1671163200000,3.2150000000,3.2160000000,3.2020000000,3.2060000000,232.2640480000,744.6896560000,744.6896560000,1,DORA-USDT
2022-12-16 13:00:00,1671166800000,3.2080000000,3.2150000000,3.2050000000,3.2080000000,370.4264180000,1187.9715510000,1187.9715510000,1,DORA-USDT
2022-12-16 14:00:00,1671170400000,3.2150000000,3.2550000000,3.2040000000,3.2400000000,6350.1293710000,20549.0800830000,20549.0800830000,1,DORA-USDT
2022-12-16 15:00:00,1671174000000,3.2430000000,3.2460000000,3.2030000000,3.2150000000,6827.9775300000,22024.3640120000,22024.3640120000,1,DORA-USDT
2022-12-16 16:00:00,1671177600000,3.2140000000,3.2660000000,3.1510000000,3.1640000000,45812.6541130000,147555.5862430000,147555.5862430000,1,DORA-USDT
2022-12-16 17:00:00,1671181200000,3.1630000000,3.1630000000,3.0110000000,3.0810000000,17917.2760850000,55353.4759040000,55353.4759040000,1,DORA-USDT
2022-12-16 18:00:00,1671184800000,3.0820000000,3.0950000000,3.0660000000,3.0840000000,1923.3414640000,5924.5160980000,5924.5160980000,1,DORA-USDT
2022-12-16 19:00:00,1671188400000,3.0860000000,3.1410000000,3.0830000000,3.1010000000,1566.6236490000,4870.2396150000,4870.2396150000,1,DORA-USDT
2022-12-16 20:00:00,1671192000000,3.1060000000,3.2040000000,3.1000000000,3.1960000000,3398.4633760000,10715.5233820000,10715.5233820000,1,DORA-USDT
2022-12-16 21:00:00,1671195600000,3.1940000000,3.1980000000,3.1330000000,3.1640000000,2131.1948490000,6742.5230300000,6742.5230300000,1,DORA-USDT
2022-12-16 22:00:00,1671199200000,3.1630000000,3.2000000000,3.1280000000,3.1600000000,2023.1265070000,6413.1326280000,6413.1326280000,1,DORA-USDT
2022-12-16 23:00:00,1671202800000,3.1650000000,3.1700000000,3.0850000000,3.1490000000,7274.7197090000,22734.2298670000,22734.2298670000,1,DORA-USDT
2022-12-17 00:00:00,1671206400000,3.1500000000,3.2320000000,3.0520000000,3.0790000000,29862.3095080000,93783.2404610000,93783.2404610000,1,DORA-USDT
2022-12-17 01:00:00,1671210000000,3.0800000000,3.1060000000,3.0770000000,3.0850000000,2828.7680420000,8747.3811770000,8747.3811770000,1,DORA-USDT
2022-12-17 02:00:00,1671213600000,3.0830000000,3.0930000000,3.0830000000,3.0840000000,677.9473740000,2092.7515590000,2092.7515590000,1,DORA-USDT
2022-12-17 03:00:00,1671217200000,3.0850000000,3.0980000000,3.0700000000,3.0910000000,842.6552950000,2595.9780200000,2595.9780200000,1,DORA-USDT
2022-12-17 04:00:00,1671220800000,3.0950000000,3.1140000000,3.0820000000,3.1030000000,517.6480310000,1605.3315850000,1605.3315850000,1,DORA-USDT
2022-12-17 05:00:00,1671224400000,3.1020000000,3.1080000000,3.0900000000,3.0940000000,424.0191390000,1313.8694540000,1313.8694540000,1,DORA-USDT
2022-12-17 06:00:00,1671228000000,3.0950000000,3.1010000000,3.0000000000,3.0230000000,4883.0125700000,14780.9140980000,14780.9140980000,1,DORA-USDT
2022-12-17 07:00:00,1671231600000,3.0210000000,3.0460000000,3.0000000000,3.0430000000,5826.7554220000,17586.8561380000,17586.8561380000,1,DORA-USDT
2022-12-17 08:00:00,1671235200000,3.0420000000,3.1390000000,3.0160000000,3.1200000000,8549.5573860000,26456.1293350000,26456.1293350000,1,DORA-USDT
2022-12-17 09:00:00,1671238800000,3.1240000000,3.1790000000,3.0920000000,3.1000000000,8787.3206630000,27545.9305980000,27545.9305980000,1,DORA-USDT
2022-12-17 10:00:00,1671242400000,3.1050000000,3.1540000000,3.0550000000,3.1520000000,20037.8952480000,62328.3533420000,62328.3533420000,1,DORA-USDT
2022-12-17 11:00:00,1671246000000,3.1560000000,3.2000000000,3.1310000000,3.1340000000,20366.9180080000,64449.8740390000,64449.8740390000,1,DORA-USDT
2022-12-17 12:00:00,1671249600000,3.1340000000,3.1860000000,3.1230000000,3.1470000000,3445.8613600000,10837.7997310000,10837.7997310000,1,DORA-USDT
2022-12-17 13:00:00,1671253200000,3.1490000000,3.2390000000,3.1020000000,3.1890000000,4203.7431310000,13314.4845240000,13314.4845240000,1,DORA-USDT
2022-12-17 14:00:00,1671256800000,3.1870000000,3.2320000000,3.1400000000,3.2130000000,5220.4166310000,16644.5280140000,16644.5280140000,1,DORA-USDT
2022-12-17 15:00:00,1671260400000,3.2150000000,3.2710000000,3.1920000000,3.2190000000,5744.0533340000,18556.3986600000,18556.3986600000,1,DORA-USDT
2022-12-17 16:00:00,1671264000000,3.2180000000,3.2380000000,3.1750000000,3.1750000000,3788.8052490000,12117.4545810000,12117.4545810000,1,DORA-USDT
2022-12-17 17:00:00,1671267600000,3.1920000000,3.2350000000,3.1830000000,3.2170000000,1362.9159040000,4370.5784070000,4370.5784070000,1,DORA-USDT
2022-12-17 18:00:00,1671271200000,3.2170000000,3.2330000000,3.1830000000,3.2300000000,1953.1309660000,6255.6146900000,6255.6146900000,1,DORA-USDT
2022-12-17 19:00:00,1671274800000,3.2280000000,3.2730000000,3.2060000000,3.2190000000,6511.7578660000,21088.0491330000,21088.0491330000,1,DORA-USDT
2022-12-17 20:00:00,1671278400000,3.2190000000,3.2200000000,3.1630000000,3.2080000000,3669.3385240000,11702.2722040000,11702.2722040000,1,DORA-USDT
2022-12-17 21:00:00,1671282000000,3.2120000000,3.2380000000,3.1890000000,3.2130000000,6057.8596880000,19471.5424090000,19471.5424090000,1,DORA-USDT
2022-12-17 22:00:00,1671285600000,3.2110000000,3.2320000000,3.1920000000,3.2070000000,3154.3997390000,10135.5304990000,10135.5304990000,1,DORA-USDT
2022-12-17 23:00:00,1671289200000,3.2060000000,3.2360000000,3.1920000000,3.2090000000,4477.0147620000,14385.1009110000,14385.1009110000,1,DORA-USDT
2022-12-18 00:00:00,1671292800000,3.2120000000,3.2650000000,3.1380000000,3.1680000000,11619.6588440000,37017.9334050000,37017.9334050000,1,DORA-USDT
2022-12-18 01:00:00,1671296400000,3.1680000000,3.1690000000,3.1160000000,3.1290000000,4437.3686200000,13910.0600180000,13910.0600180000,1,DORA-USDT
2022-12-18 02:00:00,1671300000000,3.1270000000,3.1310000000,3.1070000000,3.1200000000,2860.8869660000,8914.9697320000,8914.9697320000,1,DORA-USDT
2022-12-18 03:00:00,1671303600000,3.1200000000,3.1400000000,3.1120000000,3.1270000000,1647.3663660000,5147.9808640000,5147.9808640000,1,DORA-USDT
2022-12-18 04:00:00,1671307200000,3.1270000000,3.1330000000,3.1140000000,3.1200000000,2429.0310030000,7590.6041000000,7590.6041000000,1,DORA-USDT
2022-12-18 05:00:00,1671310800000,3.1200000000,3.1570000000,3.1190000000,3.1410000000,4101.6996120000,12880.5477750000,12880.5477750000,1,DORA-USDT
2022-12-18 06:00:00,1671314400000,3.1420000000,3.1930000000,3.1360000000,3.1740000000,708.2365250000,2238.1787010000,2238.1787010000,1,DORA-USDT
2022-12-18 07:00:00,1671318000000,3.1770000000,3.2040000000,3.1670000000,3.1910000000,602.1459650000,1921.4386380000,1921.4386380000,1,DORA-USDT
2022-12-18 08:00:00,1671321600000,3.2020000000,3.2300000000,3.1640000000,3.1690000000,2845.9920090000,9093.6999960000,9093.6999960000,1,DORA-USDT
2022-12-18 09:00:00,1671325200000,3.1680000000,3.2320000000,3.1570000000,3.1950000000,3551.6838770000,11332.8629980000,11332.8629980000,1,DORA-USDT
2022-12-18 10:00:00,1671328800000,3.1920000000,3.2010000000,3.1850000000,3.1860000000,412.8989260000,1317.8004750000,1317.8004750000,1,DORA-USDT
2022-12-18 11:00:00,1671332400000,3.1860000000,3.2120000000,3.1860000000,3.1860000000,257.8408150000,824.2378380000,824.2378380000,1,DORA-USDT
2022-12-18 12:00:00,1671336000000,3.1860000000,3.2140000000,3.1860000000,3.1860000000,118.5712140000,380.3955270000,380.3955270000,1,DORA-USDT
2022-12-18 13:00:00,1671339600000,3.2140000000,3.2790000000,3.1820000000,3.2420000000,3521.7429450000,11416.7096910000,11416.7096910000,1,DORA-USDT
2022-12-18 14:00:00,1671343200000,3.2420000000,3.2910000000,3.1860000000,3.1860000000,2721.8129190000,8833.2133240000,8833.2133240000,1,DORA-USDT
2022-12-18 15:00:00,1671346800000,3.1860000000,3.1860000000,3.1860000000,3.1860000000,0.0000000000,0.0000000000,0.0000000000,1,DORA-USDT
2022-12-18 16:00:00,1671350400000,3.1860000000,3.1860000000,3.1860000000,3.1860000000,0.0000000000,0.0000000000,0.0000000000,1,DORA-USDT
2022-12-18 17:00:00,1671354000000,3.1860000000,3.1860000000,3.1860000000,3.1860000000,0.0000000000,0.0000000000,0.0000000000,1,DORA-USDT
2022-12-18 18:00:00,1671357600000,3.1860000000,3.1860000000,3.1860000000,3.1860000000,0.0000000000,0.0000000000,0.0000000000,1,DORA-USDT
2022-12-18 19:00:00,1671361200000,3.1860000000,3.1860000000,3.1860000000,3.1860000000,0.0000000000,0.0000000000,0.0000000000,1,DORA-USDT
2022-12-18 20:00:00,1671364800000,3.1860000000,3.1860000000,3.1860000000,3.1860000000,0.0000000000,0.0000000000,0.0000000000,1,DORA-USDT
2022-12-18 21:00:00,1671368400000,3.1860000000,3.1860000000,3.1860000000,3.1860000000,0.0000000000,0.0000000000,0.0000000000,1,DORA-USDT
2022-12-18 22:00:00,1671372000000,3.1860000000,3.1860000000,3.1860000000,3.1860000000,0.0000000000,0.0000000000,0.0000000000,1,DORA-USDT
2022-12-18 23:00:00,1671375600000,3.1860000000,3.1860000000,3.1860000000,3.1860000000,0.0000000000,0.0000000000,0.0000000000,1,DORA-USDT
2022-12-19 00:00:00,1671379200000,3.1860000000,3.1860000000,3.1860000000,3.1860000000,0.0000000000,0.0000000000,0.0000000000,1,DORA-USDT
2022-12-19 01:00:00,1671382800000,3.1860000000,3.1860000000,3.1860000000,3.1860000000,0.0000000000,0.0000000000,0.0000000000,1,DORA-USDT
2022-12-19 02:00:00,1671386400000,3.1860000000,3.2540000000,3.1860000000,3.2120000000,1516.2084650000,4871.1282250000,4871.1282250000,1,DORA-USDT
2022-12-19 03:00:00,1671390000000,3.2140000000,3.2290000000,3.1790000000,3.1820000000,411.3170260000,1313.0512660000,1313.0512660000,1,DORA-USDT
2022-12-19 04:00:00,1671393600000,3.1820000000,3.1980000000,3.1770000000,3.1780000000,439.5215960000,1400.7331610000,1400.7331610000,1,DORA-USDT
2022-12-19 05:00:00,1671397200000,3.1860000000,3.2100000000,3.1630000000,3.1670000000,1553.5948050000,4942.9850350000,4942.9850350000,1,DORA-USDT
2022-12-19 06:00:00,1671400800000,3.1680000000,3.2100000000,3.1640000000,3.2080000000,2783.3349930000,8864.9549420000,8864.9549420000,1,DORA-USDT
2022-12-19 07:00:00,1671404400000,3.2100000000,3.2160000000,3.1110000000,3.1150000000,25527.4433330000,81154.2588910000,81154.2588910000,1,DORA-USDT
2022-12-19 08:00:00,1671408000000,3.1150000000,3.1600000000,3.1110000000,3.1480000000,2416.6711090000,7572.6684040000,7572.6684040000,1,DORA-USDT
2022-12-19 09:00:00,1671411600000,3.1470000000,3.1550000000,3.1350000000,3.1420000000,941.9541710000,2960.2729340000,2960.2729340000,1,DORA-USDT
2022-12-19 10:00:00,1671415200000,3.1410000000,3.1490000000,3.1100000000,3.1250000000,2122.5280350000,6645.5888910000,6645.5888910000,1,DORA-USDT
2022-12-19 11:00:00,1671418800000,3.1180000000,3.1370000000,3.0400000000,3.0970000000,6658.0352900000,20535.8433750000,20535.8433750000,1,DORA-USDT
2022-12-19 12:00:00,1671422400000,3.0980000000,3.1150000000,3.0850000000,3.0960000000,3828.2531090000,11867.0531470000,11867.0531470000,1,DORA-USDT
2022-12-19 13:00:00,1671426000000,3.0960000000,3.1170000000,3.0850000000,3.1070000000,737.2362300000,2287.2177270000,2287.2177270000,1,DORA-USDT
2022-12-19 14:00:00,1671429600000,3.1060000000,3.1520000000,3.1030000000,3.1520000000,2975.0581080000,9314.1939330000,9314.1939330000,1,DORA-USDT
2022-12-19 15:00:00,1671433200000,3.1520000000,3.1560000000,3.1230000000,3.1420000000,7079.1982450000,22203.0959390000,22203.0959390000,1,DORA-USDT
2022-12-19 16:00:00,1671436800000,3.1330000000,3.1780000000,3.1260000000,3.1770000000,5828.8294920000,18340.8429280000,18340.8429280000,1,DORA-USDT
2022-12-19 17:00:00,1671440400000,3.1770000000,3.2080000000,3.1710000000,3.1960000000,1928.0188510000,6148.7013500000,6148.7013500000,1,DORA-USDT
2022-12-19 18:00:00,1671444000000,3.1960000000,3.1980000000,3.1490000000,3.1530000000,1419.2892980000,4489.5431680000,4489.5431680000,1,DORA-USDT
2022-12-19 19:00:00,1671447600000,3.1530000000,3.1910000000,3.1450000000,3.1450000000,3078.8603540000,9747.4394210000,9747.4394210000,1,DORA-USDT
2022-12-19 20:00:00,1671451200000,3.1490000000,3.1750000000,3.1330000000,3.1580000000,565.5551570000,1779.3490620000,1779.3490620000,1,DORA-USDT
2022-12-19 21:00:00,1671454800000,3.1620000000,3.1730000000,3.1250000000,3.1280000000,2278.9789990000,7176.3437320000,7176.3437320000,1,DORA-USDT
2022-12-19 22:00:00,1671458400000,3.1270000000,3.1740000000,3.1050000000,3.1590000000,4397.1380930000,13806.9529340000,13806.9529340000,1,DORA-USDT
2022-12-19 23:00:00,1671462000000,3.1620000000,3.1990000000,3.1380000000,3.1660000000,1977.9215970000,6262.2673780000,6262.2673780000,1,DORA-USDT
2022-12-20 00:00:00,1671465600000,3.1640000000,3.2550000000,3.1250000000,3.1480000000,27505.6747310000,87809.5854550000,87809.5854550000,1,DORA-USDT
2022-12-20 01:00:00,1671469200000,3.1490000000,3.1580000000,3.0820000000,3.1050000000,5269.7069110000,16379.7505410000,16379.7505410000,1,DORA-USDT
2022-12-20 02:00:00,1671472800000,3.1070000000,3.1500000000,3.0950000000,3.1140000000,12367.4180880000,38581.6300480000,38581.6300480000,1,DORA-USDT
2022-12-20 03:00:00,1671476400000,3.1130000000,3.1440000000,3.0860000000,3.1100000000,13604.0535390000,42300.9806750000,42300.9806750000,1,DORA-USDT
2022-12-20 04:00:00,1671480000000,3.1110000000,3.1240000000,3.1070000000,3.1180000000,882.8541870000,2748.7226130000,2748.7226130000,1,DORA-USDT
2022-12-20 05:00:00,1671483600000,3.1200000000,3.1240000000,3.0940000000,3.1020000000,1805.9829780000,5617.4659820000,5617.4659820000,1,DORA-USDT
2022-12-20 06:00:00,1671487200000,3.1010000000,3.1010000000,3.0430000000,3.0770000000,2353.8908880000,7230.2763150000,7230.2763150000,1,DORA-USDT
2022-12-20 07:00:00,1671490800000,3.0710000000,3.1110000000,3.0710000000,3.1040000000,639.0447570000,1979.6526110000,1979.6526110000,1,DORA-USDT
2022-12-20 08:00:00,1671494400000,3.1060000000,3.1230000000,3.0830000000,3.0970000000,3002.1153830000,9319.7536660000,9319.7536660000,1,DORA-USDT
2022-12-20 09:00:00,1671498000000,3.0970000000,3.1770000000,3.0970000000,3.1390000000,5204.0620800000,16319.4089420000,16319.4089420000,1,DORA-USDT
2022-12-20 10:00:00,1671501600000,3.1400000000,3.1590000000,3.1060000000,3.1100000000,4250.2483960000,13288.6231790000,13288.6231790000,1,DORA-USDT
2022-12-20 11:00:00,1671505200000,3.1100000000,3.1630000000,3.0910000000,3.0920000000,2232.4749990000,6975.6963570000,6975.6963570000,1,DORA-USDT
2022-12-20 12:00:00,1671508800000,3.0910000000,3.1680000000,3.0860000000,3.1270000000,6825.9053460000,21212.6622570000,21212.6622570000,1,DORA-USDT
2022-12-20 13:00:00,1671512400000,3.1270000000,3.1330000000,3.1120000000,3.1180000000,763.8025530000,2381.5318790000,2381.5318790000,1,DORA-USDT
2022-12-20 14:00:00,1671516000000,3.1170000000,3.1190000000,3.1000000000,3.1100000000,912.8772980000,2838.4117690000,2838.4117690000,1,DORA-USDT
2022-12-20 15:00:00,1671519600000,3.1090000000,3.1360000000,3.1000000000,3.1330000000,3152.2476990000,9820.7783770000,9820.7783770000,1,DORA-USDT
2022-12-20 16:00:00,1671523200000,3.1320000000,3.1330000000,3.1170000000,3.1300000000,636.6617980000,1989.9318950000,1989.9318950000,1,DORA-USDT
2022-12-20 17:00:00,1671526800000,3.1300000000,3.1580000000,3.1280000000,3.1320000000,5685.7305260000,17858.7087210000,17858.7087210000,1,DORA-USDT
2022-12-20 18:00:00,1671530400000,3.1320000000,3.1330000000,3.0970000000,3.1160000000,4286.7121460000,13336.3499050000,13336.3499050000,1,DORA-USDT
2022-12-20 19:00:00,1671534000000,3.1160000000,3.1330000000,3.1130000000,3.1140000000,804.6039810000,2514.0627490000,2514.0627490000,1,DORA-USDT
2022-12-20 20:00:00,1671537600000,3.1140000000,3.1280000000,3.1130000000,3.1270000000,439.2775190000,1371.7795930000,1371.7795930000,1,DORA-USDT
2022-12-20 21:00:00,1671541200000,3.1270000000,3.1390000000,3.1250000000,3.1370000000,908.7403810000,2847.3971860000,2847.3971860000,1,DORA-USDT
2022-12-20 22:00:00,1671544800000,3.1370000000,3.1830000000,3.1350000000,3.1570000000,4084.5599140000,12906.0818870000,12906.0818870000,1,DORA-USDT
2022-12-20 23:00:00,1671548400000,3.1540000000,3.1690000000,3.1320000000,3.1680000000,2350.3969300000,7406.8496670000,7406.8496670000,1,DORA-USDT
2022-12-21 00:00:00,1671552000000,3.1650000000,3.1720000000,3.0940000000,3.1130000000,3945.9314940000,12321.7002320000,12321.7002320000,1,DORA-USDT
2022-12-21 01:00:00,1671555600000,3.1120000000,3.1150000000,3.1040000000,3.1080000000,253.9248120000,789.7098590000,789.7098590000,1,DORA-USDT
2022-12-21 02:00:00,1671559200000,3.1090000000,3.1370000000,3.1040000000,3.1240000000,1315.7865090000,4103.7877960000,4103.7877960000,1,DORA-USDT
2022-12-21 03:00:00,1671562800000,3.1210000000,3.1210000000,3.0990000000,3.1020000000,1277.4413910000,3972.0671530000,3972.0671530000,1,DORA-USDT
2022-12-21 04:00:00,1671566400000,3.1020000000,3.1100000000,3.0660000000,3.0860000000,1786.1084300000,5503.9460540000,5503.9460540000,1,DORA-USDT
2022-12-21 05:00:00,1671570000000,3.0780000000,3.0830000000,3.0700000000,3.0760000000,958.9150420000,2948.2147120000,2948.2147120000,1,DORA-USDT
2022-12-21 06:00:00,1671573600000,3.0770000000,3.0840000000,3.0680000000,3.0750000000,1989.7635360000,6118.5687830000,6118.5687830000,1,DORA-USDT
2022-12-21 07:00:00,1671577200000,3.0770000000,3.0970000000,3.0740000000,3.0790000000,4715.5937840000,14563.1098180000,14563.1098180000,1,DORA-USDT
2022-12-21 08:00:00,1671580800000,3.0790000000,3.1090000000,3.0620000000,3.0680000000,10778.3530530000,33209.8220940000,33209.8220940000,1,DORA-USDT
2022-12-21 09:00:00,1671584400000,3.0680000000,3.0940000000,3.0670000000,3.0800000000,2525.2544690000,7773.4857350000,7773.4857350000,1,DORA-USDT
2022-12-21 10:00:00,1671588000000,3.0770000000,3.1030000000,3.0610000000,3.0920000000,12399.3941510000,38180.7071870000,38180.7071870000,1,DORA-USDT
2022-12-21 11:00:00,1671591600000,3.0870000000,3.0970000000,3.0770000000,3.0910000000,730.9210090000,2260.7349560000,2260.7349560000,1,DORA-USDT
2022-12-21 12:00:00,1671595200000,3.0900000000,3.0940000000,3.0400000000,3.0450000000,3831.0020540000,11722.2020530000,11722.2020530000,1,DORA-USDT
2022-12-21 13:00:00,1671598800000,3.0460000000,3.0760000000,3.0360000000,3.0670000000,2323.8775100000,7116.4071570000,7116.4071570000,1,DORA-USDT
2022-12-21 14:00:00,1671602400000,3.0680000000,3.0980000000,3.0670000000,3.0730000000,4544.3739610000,13997.6791700000,13997.6791700000,1,DORA-USDT
2022-12-21 15:00:00,1671606000000,3.0730000000,3.0870000000,3.0620000000,3.0760000000,4277.2422030000,13147.2880080000,13147.2880080000,1,DORA-USDT
2022-12-21 16:00:00,1671609600000,3.0760000000,3.0950000000,3.0600000000,3.0830000000,3473.1735700000,10673.9455430000,10673.9455430000,1,DORA-USDT
2022-12-21 17:00:00,1671613200000,3.0820000000,3.0900000000,3.0740000000,3.0740000000,1799.6086360000,5548.8446880000,5548.8446880000,1,DORA-USDT
2022-12-21 18:00:00,1671616800000,3.0740000000,3.0760000000,3.0580000000,3.0690000000,1819.7162270000,5577.8873790000,5577.8873790000,1,DORA-USDT
2022-12-21 19:00:00,1671620400000,3.0690000000,3.0690000000,3.0450000000,3.0590000000,2845.9683070000,8691.6087660000,8691.6087660000,1,DORA-USDT
2022-12-21 20:00:00,1671624000000,3.0580000000,3.0650000000,3.0420000000,3.0460000000,1355.1097200000,4140.4427430000,4140.4427430000,1,DORA-USDT
2022-12-21 21:00:00,1671627600000,3.0460000000,3.0740000000,3.0410000000,3.0600000000,1246.5213000000,3814.4677180000,3814.4677180000,1,DORA-USDT
2022-12-21 22:00:00,1671631200000,3.0620000000,3.1000000000,3.0490000000,3.0600000000,3048.4532390000,9356.1456720000,9356.1456720000,1,DORA-USDT
2022-12-21 23:00:00,1671634800000,3.0600000000,3.1050000000,3.0600000000,3.0990000000,3474.8753450000,10728.1493640000,10728.1493640000,1,DORA-USDT
2022-12-22 00:00:00,1671638400000,3.0990000000,3.1480000000,3.0600000000,3.0720000000,1891.9951400000,5862.4896790000,5862.4896790000,1,DORA-USDT
2022-12-22 01:00:00,1671642000000,3.0650000000,3.0710000000,3.0500000000,3.0680000000,551.7805070000,1689.4911110000,1689.4911110000,1,DORA-USDT
2022-12-22 02:00:00,1671645600000,3.0710000000,3.0730000000,3.0610000000,3.0650000000,344.2107360000,1056.2636500000,1056.2636500000,1,DORA-USDT
2022-12-22 03:00:00,1671649200000,3.0660000000,3.0710000000,3.0570000000,3.0620000000,216.4145280000,663.1738360000,663.1738360000,1,DORA-USDT
2022-12-22 04:00:00,1671652800000,3.0630000000,3.0640000000,3.0580000000,3.0630000000,272.6268930000,834.6795090000,834.6795090000,1,DORA-USDT
2022-12-22 05:00:00,1671656400000,3.0670000000,3.0740000000,3.0630000000,3.0640000000,200.8186510000,615.9760840000,615.9760840000,1,DORA-USDT
2022-12-22 06:00:00,1671660000000,3.0650000000,3.0730000000,3.0560000000,3.0630000000,223.3437080000,684.1387720000,684.1387720000,1,DORA-USDT
2022-12-22 07:00:00,1671663600000,3.0590000000,3.0780000000,3.0560000000,3.0710000000,611.4141590000,1873.0389840000,1873.0389840000,1,DORA-USDT
2022-12-22 08:00:00,1671667200000,3.0740000000,3.0770000000,3.0430000000,3.0650000000,5774.9494720000,17659.9876310000,17659.9876310000,1,DORA-USDT
2022-12-22 09:00:00,1671670800000,3.0640000000,3.0650000000,3.0500000000,3.0570000000,1469.6647000000,4491.8091300000,4491.8091300000,1,DORA-USDT
2022-12-22 10:00:00,1671674400000,3.0570000000,3.0610000000,3.0530000000,3.0600000000,694.6260760000,2124.2156600000,2124.2156600000,1,DORA-USDT
2022-12-22 11:00:00,1671678000000,3.0600000000,3.0770000000,3.0570000000,3.0680000000,1392.5381400000,4269.8568170000,4269.8568170000,1,DORA-USDT
2022-12-22 12:00:00,1671681600000,3.0690000000,3.0820000000,3.0470000000,3.0810000000,3564.7293210000,10923.6407540000,10923.6407540000,1,DORA-USDT
2022-12-22 13:00:00,1671685200000,3.0780000000,3.0800000000,3.0490000000,3.0570000000,3046.5498970000,9337.8273570000,9337.8273570000,1,DORA-USDT
2022-12-22 14:00:00,1671688800000,3.0570000000,3.0630000000,3.0530000000,3.0620000000,676.5026120000,2067.8314990000,2067.8314990000,1,DORA-USDT
2022-12-22 15:00:00,1671692400000,3.0640000000,3.0640000000,3.0510000000,3.0620000000,644.5827110000,1970.3118040000,1970.3118040000,1,DORA-USDT
2022-12-22 16:00:00,1671696000000,3.0590000000,3.0880000000,3.0590000000,3.0830000000,522.7780520000,1610.5940340000,1610.5940340000,1,DORA-USDT
2022-12-22 17:00:00,1671699600000,3.0830000000,3.1160000000,3.0800000000,3.0890000000,4205.2067300000,13040.4257600000,13040.4257600000,1,DORA-USDT
2022-12-22 18:00:00,1671703200000,3.0890000000,3.0920000000,3.0540000000,3.0630000000,1783.5046810000,5468.4410270000,5468.4410270000,1,DORA-USDT
2022-12-22 19:00:00,1671706800000,3.0650000000,3.0670000000,3.0290000000,3.0620000000,6362.8204340000,19377.1722650000,19377.1722650000,1,DORA-USDT
2022-12-22 20:00:00,1671710400000,3.0610000000,3.0630000000,3.0410000000,3.0520000000,1906.2749650000,5812.5693450000,5812.5693450000,1,DORA-USDT
2022-12-22 21:00:00,1671714000000,3.0530000000,3.0540000000,3.0210000000,3.0300000000,1513.0743580000,4596.0692380000,4596.0692380000,1,DORA-USDT
2022-12-22 22:00:00,1671717600000,3.0300000000,3.0640000000,3.0210000000,3.0550000000,5006.3751770000,15254.8595040000,15254.8595040000,1,DORA-USDT
2022-12-22 23:00:00,1671721200000,3.0540000000,3.1290000000,3.0260000000,3.0490000000,12540.0768330000,38594.2627100000,38594.2627100000,1,DORA-USDT
2022-12-23 00:00:00,1671724800000,3.0490000000,3.1130000000,3.0040000000,3.0260000000,18063.6150400000,54774.8503720000,54774.8503720000,1,DORA-USDT
2022-12-23 01:00:00,1671728400000,3.0280000000,3.0400000000,3.0210000000,3.0220000000,3022.2998180000,9155.5633540000,9155.5633540000,1,DORA-USDT
2022-12-23 02:00:00,1671732000000,3.0240000000,3.0310000000,3.0190000000,3.0280000000,225.6907190000,682.8655020000,682.8655020000,1,DORA-USDT
2022-12-23 03:00:00,1671735600000,3.0280000000,3.0360000000,3.0250000000,3.0290000000,919.1879060000,2784.0726520000,2784.0726520000,1,DORA-USDT
2022-12-23 04:00:00,1671739200000,3.0290000000,3.0950000000,3.0280000000,3.0810000000,2566.9213730000,7883.0158830000,7883.0158830000,1,DORA-USDT
2022-12-23 05:00:00,1671742800000,3.0830000000,3.0840000000,3.0770000000,3.0810000000,208.7537620000,643.2343330000,643.2343330000,1,DORA-USDT
2022-12-23 06:00:00,1671746400000,3.0820000000,3.0850000000,3.0560000000,3.0650000000,2156.3731800000,6624.2636850000,6624.2636850000,1,DORA-USDT
2022-12-23 07:00:00,1671750000000,3.0630000000,3.0790000000,3.0600000000,3.0760000000,3415.9793970000,10482.6557930000,10482.6557930000,1,DORA-USDT
2022-12-23 08:00:00,1671753600000,3.0770000000,3.0910000000,3.0770000000,3.0820000000,1626.0901730000,5013.0874820000,5013.0874820000,1,DORA-USDT
2022-12-23 09:00:00,1671757200000,3.0820000000,3.0950000000,3.0810000000,3.0920000000,799.1542710000,2468.8602560000,2468.8602560000,1,DORA-USDT
2022-12-23 10:00:00,1671760800000,3.0910000000,3.0980000000,3.0850000000,3.0940000000,355.2916100000,1097.6837310000,1097.6837310000,1,DORA-USDT
2022-12-23 11:00:00,1671764400000,3.0920000000,3.0990000000,3.0790000000,3.0840000000,1006.6803310000,3110.2859210000,3110.2859210000,1,DORA-USDT
2022-12-23 12:00:00,1671768000000,3.0830000000,3.0850000000,3.0690000000,3.0730000000,529.8687510000,1630.2790650000,1630.2790650000,1,DORA-USDT
2022-12-23 13:00:00,1671771600000,3.0730000000,3.0880000000,3.0350000000,3.0560000000,3851.6383460000,11818.3177490000,11818.3177490000,1,DORA-USDT
2022-12-23 14:00:00,1671775200000,3.0580000000,3.0600000000,3.0520000000,3.0590000000,272.4109120000,832.3936450000,832.3936450000,1,DORA-USDT
2022-12-23 15:00:00,1671778800000,3.0580000000,3.0650000000,3.0560000000,3.0600000000,1448.6675600000,4433.2248710000,4433.2248710000,1,DORA-USDT
2022-12-23 16:00:00,1671782400000,3.0610000000,3.0610000000,3.0380000000,3.0440000000,2723.1756270000,8301.1971780000,8301.1971780000,1,DORA-USDT
2022-12-23 17:00:00,1671786000000,3.0460000000,3.0510000000,3.0340000000,3.0400000000,1655.8100950000,5034.1312810000,5034.1312810000,1,DORA-USDT
2022-12-23 18:00:00,1671789600000,3.0390000000,3.0660000000,3.0380000000,3.0520000000,1199.5572970000,3661.4390360000,3661.4390360000,1,DORA-USDT
2022-12-23 19:00:00,1671793200000,3.0520000000,3.0590000000,3.0470000000,3.0580000000,363.2628960000,1109.2810050000,1109.2810050000,1,DORA-USDT
2022-12-23 20:00:00,1671796800000,3.0580000000,3.0630000000,3.0550000000,3.0570000000,427.0251560000,1305.8677470000,1305.8677470000,1,DORA-USDT
2022-12-23 21:00:00,1671800400000,3.0580000000,3.0800000000,3.0350000000,3.0510000000,3244.7946230000,9900.3790240000,9900.3790240000,1,DORA-USDT
2022-12-23 22:00:00,1671804000000,3.0530000000,3.0660000000,3.0410000000,3.0540000000,1692.6501030000,5174.6843720000,5174.6843720000,1,DORA-USDT
2022-12-23 23:00:00,1671807600000,3.0530000000,3.0800000000,3.0530000000,3.0780000000,459.6893050000,1409.6630900000,1409.6630900000,1,DORA-USDT
2022-12-24 00:00:00,1671811200000,3.0780000000,3.0990000000,3.0590000000,3.0640000000,1922.6878300000,5924.2975540000,5924.2975540000,1,DORA-USDT
2022-12-24 01:00:00,1671814800000,3.0660000000,3.0660000000,3.0520000000,3.0570000000,425.1164140000,1299.4343930000,1299.4343930000,1,DORA-USDT
2022-12-24 02:00:00,1671818400000,3.0560000000,3.0670000000,3.0460000000,3.0470000000,1198.3521230000,3666.4316070000,3666.4316070000,1,DORA-USDT
2022-12-24 03:00:00,1671822000000,3.0480000000,3.0540000000,3.0460000000,3.0520000000,196.2641130000,598.8827550000,598.8827550000,1,DORA-USDT
2022-12-24 04:00:00,1671825600000,3.0530000000,3.0550000000,3.0410000000,3.0430000000,274.4318050000,836.1311800000,836.1311800000,1,DORA-USDT
2022-12-24 05:00:00,1671829200000,3.0440000000,3.0530000000,3.0420000000,3.0490000000,290.7535960000,885.9487090000,885.9487090000,1,DORA-USDT
2022-12-24 06:00:00,1671832800000,3.0490000000,3.0510000000,3.0450000000,3.0460000000,196.5954000000,599.1853650000,599.1853650000,1,DORA-USDT
2022-12-24 07:00:00,1671836400000,3.0480000000,3.0590000000,3.0420000000,3.0580000000,976.6423230000,2976.9290380000,2976.9290380000,1,DORA-USDT
2022-12-24 08:00:00,1671840000000,3.0580000000,3.0620000000,3.0480000000,3.0500000000,499.6495410000,1526.5002910000,1526.5002910000,1,DORA-USDT
2022-12-24 09:00:00,1671843600000,3.0490000000,3.0540000000,3.0480000000,3.0510000000,211.9211420000,646.5449760000,646.5449760000,1,DORA-USDT
2022-12-24 10:00:00,1671847200000,3.0510000000,3.0560000000,3.0420000000,3.0500000000,1615.9110280000,4924.2299100000,4924.2299100000,1,DORA-USDT
2022-12-24 11:00:00,1671850800000,3.0500000000,3.0620000000,3.0480000000,3.0570000000,604.7628460000,1848.8215980000,1848.8215980000,1,DORA-USDT
2022-12-24 12:00:00,1671854400000,3.0570000000,3.0730000000,3.0500000000,3.0590000000,1696.0701470000,5184.6194860000,5184.6194860000,1,DORA-USDT
2022-12-24 13:00:00,1671858000000,3.0620000000,3.0640000000,3.0570000000,3.0590000000,248.3629160000,759.6768950000,759.6768950000,1,DORA-USDT
2022-12-24 14:00:00,1671861600000,3.0570000000,3.0930000000,3.0490000000,3.0820000000,2467.7158190000,7586.1339520000,7586.1339520000,1,DORA-USDT
2022-12-24 15:00:00,1671865200000,3.0830000000,3.0840000000,3.0680000000,3.0740000000,330.1118410000,1015.3900030000,1015.3900030000,1,DORA-USDT
2022-12-24 16:00:00,1671868800000,3.0760000000,3.1060000000,3.0760000000,3.0930000000,15874.3068280000,49093.1701850000,49093.1701850000,1,DORA-USDT
2022-12-24 17:00:00,1671872400000,3.0930000000,3.1020000000,3.0620000000,3.0850000000,7766.5501440000,23938.1414640000,23938.1414640000,1,DORA-USDT
2022-12-24 18:00:00,1671876000000,3.0880000000,3.1600000000,3.0740000000,3.1180000000,14830.4240390000,46108.2884000000,46108.2884000000,1,DORA-USDT
2022-12-24 19:00:00,1671879600000,3.1170000000,3.1390000000,3.0770000000,3.1290000000,5415.7700030000,16847.1470480000,16847.1470480000,1,DORA-USDT
2022-12-24 20:00:00,1671883200000,3.1290000000,3.1340000000,3.1200000000,3.1230000000,1330.7213920000,4159.7555940000,4159.7555940000,1,DORA-USDT
2022-12-24 21:00:00,1671886800000,3.1230000000,3.1670000000,3.1140000000,3.1360000000,3667.4764190000,11516.7154900000,11516.7154900000,1,DORA-USDT
2022-12-24 22:00:00,1671890400000,3.1330000000,3.2400000000,3.1300000000,3.1870000000,32519.6833750000,103722.1688110000,103722.1688110000,1,DORA-USDT
2022-12-24 23:00:00,1671894000000,3.1920000000,3.2330000000,3.1480000000,3.1780000000,21694.6156210000,69059.2855890000,69059.2855890000,1,DORA-USDT
2022-12-25 00:00:00,1671897600000,3.1770000000,3.1980000000,3.1340000000,3.1610000000,18256.3754350000,57891.3816180000,57891.3816180000,1,DORA-USDT
2022-12-25 01:00:00,1671901200000,3.1600000000,3.1760000000,3.1060000000,3.1420000000,14335.8942130000,45071.7187430000,45071.7187430000,1,DORA-USDT
2022-12-25 02:00:00,1671904800000,3.1400000000,3.1430000000,3.1140000000,3.1300000000,728.1261190000,2277.3309690000,2277.3309690000,1,DORA-USDT
2022-12-25 03:00:00,1671908400000,3.1300000000,3.1460000000,3.1030000000,3.1410000000,744.7423090000,2331.5288980000,2331.5288980000,1,DORA-USDT
2022-12-25 04:00:00,1671912000000,3.1420000000,3.1460000000,3.1340000000,3.1340000000,607.5045780000,1908.4180890000,1908.4180890000,1,DORA-USDT
2022-12-25 05:00:00,1671915600000,3.1370000000,3.1430000000,3.1210000000,3.1420000000,3167.3008320000,9943.5903410000,9943.5903410000,1,DORA-USDT
2022-12-25 06:00:00,1671919200000,3.1410000000,3.1430000000,3.1170000000,3.1360000000,457.4367490000,1434.7564940000,1434.7564940000,1,DORA-USDT
2022-12-25 07:00:00,1671922800000,3.1320000000,3.1390000000,3.1070000000,3.1350000000,1008.2649930000,3149.3722770000,3149.3722770000,1,DORA-USDT
2022-12-25 08:00:00,1671926400000,3.1310000000,3.2040000000,3.1270000000,3.1970000000,6191.8502930000,19746.1333660000,19746.1333660000,1,DORA-USDT
2022-12-25 09:00:00,1671930000000,3.1960000000,3.2460000000,3.1870000000,3.2170000000,6627.8657580000,21295.4702870000,21295.4702870000,1,DORA-USDT
2022-12-25 10:00:00,1671933600000,3.2160000000,3.2950000000,3.1990000000,3.2110000000,10435.0883260000,33883.0800490000,33883.0800490000,1,DORA-USDT
2022-12-25 11:00:00,1671937200000,3.2150000000,3.2400000000,3.1960000000,3.2250000000,1977.3570700000,6358.8181760000,6358.8181760000,1,DORA-USDT
2022-12-25 12:00:00,1671940800000,3.2310000000,3.2460000000,3.1980000000,3.2160000000,1748.9775310000,5629.4736810000,5629.4736810000,1,DORA-USDT
2022-12-25 13:00:00,1671944400000,3.2160000000,3.2170000000,3.1970000000,3.2030000000,2318.7591190000,7433.4156870000,7433.4156870000,1,DORA-USDT
2022-12-25 14:00:00,1671948000000,3.2040000000,3.2150000000,3.1970000000,3.2040000000,1052.4057120000,3373.5314090000,3373.5314090000,1,DORA-USDT
2022-12-25 15:00:00,1671951600000,3.2040000000,3.2230000000,3.1930000000,3.2050000000,18541.0023360000,59432.9616690000,59432.9616690000,1,DORA-USDT
2022-12-25 16:00:00,1671955200000,3.2050000000,3.2050000000,3.1680000000,3.1970000000,2408.1628990000,7673.2991590000,7673.2991590000,1,DORA-USDT
2022-12-25 17:00:00,1671958800000,3.1940000000,3.1990000000,3.1780000000,3.1960000000,484.7198250000,1546.2524830000,1546.2524830000,1,DORA-USDT
2022-12-25 18:00:00,1671962400000,3.1960000000,3.1960000000,3.1460000000,3.1550000000,2027.8930890000,6435.2387350000,6435.2387350000,1,DORA-USDT
2022-12-25 19:00:00,1671966000000,3.1540000000,3.1730000000,3.1510000000,3.1660000000,2566.3552270000,8112.9188600000,8112.9188600000,1,DORA-USDT
2022-12-25 20:00:00,1671969600000,3.1660000000,3.1930000000,3.1590000000,3.1750000000,2920.5835130000,9266.5159350000,9266.5159350000,1,DORA-USDT
2022-12-25 21:00:00,1671973200000,3.1770000000,3.2150000000,3.1680000000,3.1910000000,2362.3464950000,7536.8365320000,7536.8365320000,1,DORA-USDT
2022-12-25 22:00:00,1671976800000,3.1920000000,3.1950000000,3.1240000000,3.1850000000,17319.3929740000,54675.8278880000,54675.8278880000,1,DORA-USDT
2022-12-25 23:00:00,1671980400000,3.1880000000,3.2140000000,3.1800000000,3.1850000000,2382.2492860000,7612.9432490000,7612.9432490000,1,DORA-USDT
2022-12-26 00:00:00,1671984000000,3.1860000000,3.2040000000,3.1460000000,3.1810000000,6054.5970460000,19176.1655320000,19176.1655320000,1,DORA-USDT
2022-12-26 01:00:00,1671987600000,3.1780000000,3.1840000000,3.1600000000,3.1800000000,2436.1972490000,7728.0862430000,7728.0862430000,1,DORA-USDT
2022-12-26 02:00:00,1671991200000,3.1810000000,3.2200000000,3.1670000000,3.2100000000,2624.2579650000,8363.6585600000,8363.6585600000,1,DORA-USDT
2022-12-26 03:00:00,1671994800000,3.2110000000,3.2600000000,3.2010000000,3.2460000000,8326.0364090000,26842.0876960000,26842.0876960000,1,DORA-USDT
2022-12-26 04:00:00,1671998400000,3.2480000000,3.2600000000,3.2200000000,3.2240000000,1138.9090240000,3688.5104190000,3688.5104190000,1,DORA-USDT
2022-12-26 05:00:00,1672002000000,3.2210000000,3.3480000000,3.2200000000,3.3150000000,6985.8380490000,23030.5325240000,23030.5325240000,1,DORA-USDT
2022-12-26 06:00:00,1672005600000,3.3100000000,3.3270000000,3.2800000000,3.2800000000,1510.1317060000,4980.5957820000,4980.5957820000,1,DORA-USDT
2022-12-26 07:00:00,1672009200000,3.2820000000,3.2980000000,3.2810000000,3.2840000000,442.3765930000,1454.1932040000,1454.1932040000,1,DORA-USDT
2022-12-26 08:00:00,1672012800000,3.2850000000,3.3150000000,3.2590000000,3.2760000000,5809.7776550000,19084.4369200000,19084.4369200000,1,DORA-USDT
2022-12-26 09:00:00,1672016400000,3.2760000000,3.3680000000,3.2760000000,3.3170000000,7308.2233630000,24216.8717850000,24216.8717850000,1,DORA-USDT
2022-12-26 10:00:00,1672020000000,3.3210000000,3.3320000000,3.2830000000,3.3060000000,3969.2260030000,13161.9360380000,13161.9360380000,1,DORA-USDT
2022-12-26 11:00:00,1672023600000,3.3030000000,3.3320000000,3.2900000000,3.3290000000,693.5639980000,2296.1353500000,2296.1353500000,1,DORA-USDT
2022-12-26 12:00:00,1672027200000,3.3310000000,3.3380000000,3.3110000000,3.3250000000,486.6885030000,1618.7465480000,1618.7465480000,1,DORA-USDT
2022-12-26 13:00:00,1672030800000,3.3230000000,3.3250000000,3.2720000000,3.2850000000,2651.1995870000,8761.2626520000,8761.2626520000,1,DORA-USDT
2022-12-26 14:00:00,1672034400000,3.2870000000,3.3010000000,3.2640000000,3.2680000000,1806.2462140000,5922.2002490000,5922.2002490000,1,DORA-USDT
2022-12-26 15:00:00,1672038000000,3.2680000000,3.2970000000,3.2640000000,3.2880000000,3037.1565690000,9973.2885480000,9973.2885480000,1,DORA-USDT
2022-12-26 16:00:00,1672041600000,3.2850000000,3.3120000000,3.2670000000,3.2860000000,7639.3982050000,25097.9464580000,25097.9464580000,1,DORA-USDT
2022-12-26 17:00:00,1672045200000,3.2860000000,3.2870000000,3.2670000000,3.2760000000,1003.6058210000,3285.4274140000,3285.4274140000,1,DORA-USDT
2022-12-26 18:00:00,1672048800000,3.2730000000,3.2910000000,3.2700000000,3.2830000000,838.8455930000,2753.0539050000,2753.0539050000,1,DORA-USDT
2022-12-26 19:00:00,1672052400000,3.2830000000,3.2970000000,3.2760000000,3.2810000000,1009.9285890000,3316.6257970000,3316.6257970000,1,DORA-USDT
2022-12-26 20:00:00,1672056000000,3.2800000000,3.2860000000,3.2560000000,3.2690000000,2702.9425180000,8851.8304530000,8851.8304530000,1,DORA-USDT
2022-12-26 21:00:00,1672059600000,3.2710000000,3.2990000000,3.2660000000,3.2970000000,1933.6889770000,6343.5145770000,6343.5145770000,1,DORA-USDT
2022-12-26 22:00:00,1672063200000,3.2980000000,3.4130000000,3.2960000000,3.3790000000,8018.5224520000,26954.2710000000,26954.2710000000,1,DORA-USDT
2022-12-26 23:00:00,1672066800000,3.3810000000,3.3980000000,3.3530000000,3.3790000000,1729.9951750000,5846.8804910000,5846.8804910000,1,DORA-USDT
2022-12-27 00:00:00,1672070400000,3.3750000000,3.4160000000,3.3280000000,3.3380000000,6474.3571950000,21846.9898620000,21846.9898620000,1,DORA-USDT
2022-12-27 01:00:00,1672074000000,3.3360000000,3.3630000000,3.3270000000,3.3550000000,2832.3642440000,9494.7236070000,9494.7236070000,1,DORA-USDT
2022-12-27 02:00:00,1672077600000,3.3550000000,3.3630000000,3.3510000000,3.3570000000,618.8567840000,2078.0045330000,2078.0045330000,1,DORA-USDT
2022-12-27 03:00:00,1672081200000,3.3490000000,3.3580000000,3.3210000000,3.3210000000,785.6278400000,2623.5645130000,2623.5645130000,1,DORA-USDT
2022-12-27 04:00:00,1672084800000,3.3210000000,3.3540000000,3.3100000000,3.3210000000,2232.9018020000,7415.5580600000,7415.5580600000,1,DORA-USDT
2022-12-27 05:00:00,1672088400000,3.3250000000,3.3470000000,3.3190000000,3.3240000000,1009.6519040000,3361.6429410000,3361.6429410000,1,DORA-USDT
2022-12-27 06:00:00,1672092000000,3.3240000000,3.3480000000,3.3210000000,3.3240000000,320.3986630000,1066.5549000000,1066.5549000000,1,DORA-USDT
2022-12-27 07:00:00,1672095600000,3.3240000000,3.3790000000,3.3210000000,3.3670000000,694.8187880000,2327.4531050000,2327.4531050000,1,DORA-USDT
2022-12-27 08:00:00,1672099200000,3.3590000000,3.3710000000,3.3450000000,3.3650000000,1196.5710770000,4017.2265430000,4017.2265430000,1,DORA-USDT
2022-12-27 09:00:00,1672102800000,3.3640000000,3.3820000000,3.3600000000,3.3820000000,2361.6286700000,7963.8968320000,7963.8968320000,1,DORA-USDT
2022-12-27 10:00:00,1672106400000,3.3820000000,3.3830000000,3.3340000000,3.3650000000,4927.3814070000,16569.9606490000,16569.9606490000,1,DORA-USDT
2022-12-27 11:00:00,1672110000000,3.3660000000,3.4190000000,3.3660000000,3.4020000000,2975.7097350000,10092.7239730000,10092.7239730000,1,DORA-USDT
2022-12-27 12:00:00,1672113600000,3.4070000000,3.4100000000,3.3660000000,3.3790000000,1739.2448000000,5879.6569810000,5879.6569810000,1,DORA-USDT
2022-12-27 13:00:00,1672117200000,3.3790000000,3.3870000000,3.3620000000,3.3810000000,1558.9713380000,5258.0590260000,5258.0590260000,1,DORA-USDT
2022-12-27 14:00:00,1672120800000,3.3770000000,3.3850000000,3.3500000000,3.3650000000,2391.5429110000,8059.2950030000,8059.2950030000,1,DORA-USDT
2022-12-27 15:00:00,1672124400000,3.3650000000,3.3680000000,3.3390000000,3.3640000000,1924.8212810000,6454.0125750000,6454.0125750000,1,DORA-USDT
2022-12-27 16:00:00,1672128000000,3.3640000000,3.4120000000,3.3500000000,3.3590000000,3856.2809600000,13034.4405400000,13034.4405400000,1,DORA-USDT
2022-12-27 17:00:00,1672131600000,3.3600000000,3.4200000000,3.3470000000,3.4080000000,8181.7596900000,27603.4510210000,27603.4510210000,1,DORA-USDT
2022-12-27 18:00:00,1672135200000,3.4070000000,3.4500000000,3.3610000000,3.3960000000,31030.4453200000,105463.7145480000,105463.7145480000,1,DORA-USDT
2022-12-27 19:00:00,1672138800000,3.3940000000,3.4050000000,3.3730000000,3.3800000000,2439.2245430000,8264.5340410000,8264.5340410000,1,DORA-USDT
2022-12-27 20:00:00,1672142400000,3.3990000000,3.4320000000,3.3820000000,3.4260000000,1951.3402820000,6643.3537710000,6643.3537710000,1,DORA-USDT
2022-12-27 21:00:00,1672146000000,3.4260000000,3.4330000000,3.3910000000,3.3930000000,2310.7320230000,7881.4417640000,7881.4417640000,1,DORA-USDT
2022-12-27 22:00:00,1672149600000,3.3940000000,3.4090000000,3.3130000000,3.3280000000,6875.0872620000,22998.0057510000,22998.0057510000,1,DORA-USDT
2022-12-27 23:00:00,1672153200000,3.3270000000,3.3790000000,3.3240000000,3.3770000000,7499.5570540000,25225.5311340000,25225.5311340000,1,DORA-USDT
2022-12-28 00:00:00,1672156800000,3.3780000000,3.3780000000,3.2880000000,3.3100000000,5319.3581450000,17693.3643210000,17693.3643210000,1,DORA-USDT
2022-12-28 01:00:00,1672160400000,3.3120000000,3.3130000000,3.2470000000,3.3050000000,2970.3624540000,9759.1244750000,9759.1244750000,1,DORA-USDT
2022-12-28 02:00:00,1672164000000,3.3000000000,3.3270000000,3.2890000000,3.3260000000,5531.2218940000,18287.7009650000,18287.7009650000,1,DORA-USDT
2022-12-28 03:00:00,1672167600000,3.3290000000,3.3290000000,3.3150000000,3.3250000000,196.6127000000,653.3597250000,653.3597250000,1,DORA-USDT
2022-12-28 04:00:00,1672171200000,3.3290000000,3.3900000000,3.2400000000,3.2580000000,11925.5868680000,39445.0667060000,39445.0667060000,1,DORA-USDT
2022-12-28 05:00:00,1672174800000,3.2580000000,3.2580000000,3.2330000000,3.2390000000,665.9842420000,2160.6083490000,2160.6083490000,1,DORA-USDT
2022-12-28 06:00:00,1672178400000,3.2340000000,3.2910000000,3.2310000000,3.2590000000,1261.8403070000,4110.6986250000,4110.6986250000,1,DORA-USDT
2022-12-28 07:00:00,1672182000000,3.2560000000,3.2870000000,3.2470000000,3.2780000000,1496.3283690000,4882.5474230000,4882.5474230000,1,DORA-USDT
2022-12-28 08:00:00,1672185600000,3.2770000000,3.2980000000,3.2500000000,3.2600000000,2985.2312810000,9805.9417850000,9805.9417850000,1,DORA-USDT
2022-12-28 09:00:00,1672189200000,3.2620000000,3.2750000000,3.2180000000,3.2660000000,12211.2963890000,39787.9489250000,39787.9489250000,1,DORA-USDT
2022-12-28 10:00:00,1672192800000,3.2680000000,3.2750000000,3.2340000000,3.2360000000,4247.7032690000,13833.4732740000,13833.4732740000,1,DORA-USDT
2022-12-28 11:00:00,1672196400000,3.2330000000,3.2330000000,3.1900000000,3.2190000000,1887.1928090000,6057.5112080000,6057.5112080000,1,DORA-USDT
2022-12-28 12:00:00,1672200000000,3.2180000000,3.2330000000,3.1880000000,3.2000000000,923.3368900000,2966.3632180000,2966.3632180000,1,DORA-USDT
2022-12-28 13:00:00,1672203600000,3.1990000000,3.2400000000,3.1880000000,3.1990000000,2941.3249250000,9437.6050890000,9437.6050890000,1,DORA-USDT
2022-12-28 14:00:00,1672207200000,3.2030000000,3.2230000000,3.1990000000,3.2230000000,747.3820820000,2399.7310860000,2399.7310860000,1,DORA-USDT
2022-12-28 15:00:00,1672210800000,3.2290000000,3.2670000000,3.2290000000,3.2480000000,2306.9639530000,7500.4250180000,7500.4250180000,1,DORA-USDT
2022-12-28 16:00:00,1672214400000,3.2510000000,3.2770000000,3.2500000000,3.2650000000,5157.5518240000,16843.5233650000,16843.5233650000,1,DORA-USDT
2022-12-28 17:00:00,1672218000000,3.2670000000,3.2690000000,3.2330000000,3.2360000000,859.7071690000,2795.5312530000,2795.5312530000,1,DORA-USDT
2022-12-28 18:00:00,1672221600000,3.2330000000,3.2540000000,3.2200000000,3.2540000000,1136.5010470000,3667.2838960000,3667.2838960000,1,DORA-USDT
2022-12-28 19:00:00,1672225200000,3.2520000000,3.2590000000,3.2440000000,3.2570000000,289.2456390000,941.2851960000,941.2851960000,1,DORA-USDT
2022-12-28 20:00:00,1672228800000,3.2570000000,3.2770000000,3.2470000000,3.2630000000,1310.9696390000,4271.9942970000,4271.9942970000,1,DORA-USDT
2022-12-28 21:00:00,1672232400000,3.2630000000,3.2810000000,3.2620000000,3.2660000000,1675.0446660000,5480.6189760000,5480.6189760000,1,DORA-USDT
2022-12-28 22:00:00,1672236000000,3.2670000000,3.3030000000,3.2540000000,3.2870000000,4936.0913200000,16215.9844870000,16215.9844870000,1,DORA-USDT
2022-12-28 23:00:00,1672239600000,3.2870000000,3.2980000000,3.2330000000,3.2400000000,5394.8492470000,17581.8682410000,17581.8682410000,1,DORA-USDT
2022-12-29 00:00:00,1672243200000,3.2400000000,3.2650000000,3.2370000000,3.2540000000,2683.3982500000,8710.9962330000,8710.9962330000,1,DORA-USDT
2022-12-29 01:00:00,1672246800000,3.2550000000,3.2700000000,3.2200000000,3.2250000000,10243.5624070000,33326.6875620000,33326.6875620000,1,DORA-USDT
2022-12-29 02:00:00,1672250400000,3.2250000000,3.2380000000,3.0840000000,3.0990000000,18001.4017320000,56830.7917190000,56830.7917190000,1,DORA-USDT
2022-12-29 03:00:00,1672254000000,3.0960000000,3.1090000000,3.0420000000,3.0610000000,10718.0251240000,32945.0129120000,32945.0129120000,1,DORA-USDT
2022-12-29 04:00:00,1672257600000,3.0590000000,3.0730000000,3.0100000000,3.0170000000,5103.3034660000,15468.8984450000,15468.8984450000,1,DORA-USDT
2022-12-29 05:00:00,1672261200000,3.0170000000,3.0380000000,3.0000000000,3.0100000000,7085.9687650000,21301.1179210000,21301.1179210000,1,DORA-USDT
2022-12-29 06:00:00,1672264800000,3.0130000000,3.0240000000,3.0000000000,3.0190000000,601.1232410000,1808.1588010000,1808.1588010000,1,DORA-USDT
2022-12-29 07:00:00,1672268400000,3.0200000000,3.1100000000,3.0180000000,3.0950000000,3860.2707480000,11861.2372190000,11861.2372190000,1,DORA-USDT
2022-12-29 08:00:00,1672272000000,3.0980000000,3.1620000000,3.0690000000,3.1610000000,5530.4395210000,17262.4902420000,17262.4902420000,1,DORA-USDT
2022-12-29 09:00:00,1672275600000,3.1620000000,3.1620000000,3.1250000000,3.1420000000,3045.6472600000,9583.5869470000,9583.5869470000,1,DORA-USDT
2022-12-29 10:00:00,1672279200000,3.1410000000,3.1480000000,3.0900000000,3.0970000000,4160.7978450000,12958.6856310000,12958.6856310000,1,DORA-USDT
2022-12-29 11:00:00,1672282800000,3.0990000000,3.1470000000,3.0960000000,3.1410000000,2979.4935030000,9291.7308200000,9291.7308200000,1,DORA-USDT
2022-12-29 12:00:00,1672286400000,3.1440000000,3.2500000000,3.1390000000,3.2330000000,4042.6249520000,12878.3976510000,12878.3976510000,1,DORA-USDT
2022-12-29 13:00:00,1672290000000,3.2310000000,3.3770000000,3.1600000000,3.1860000000,14896.5069230000,48577.1250060000,48577.1250060000,1,DORA-USDT
2022-12-29 14:00:00,1672293600000,3.1830000000,3.2140000000,3.1550000000,3.1650000000,4667.2792290000,14890.3139220000,14890.3139220000,1,DORA-USDT
2022-12-29 15:00:00,1672297200000,3.1670000000,3.1700000000,3.1110000000,3.1490000000,13063.8782190000,41056.7657440000,41056.7657440000,1,DORA-USDT
2022-12-29 16:00:00,1672300800000,3.1470000000,3.1920000000,3.1130000000,3.1470000000,6740.5440000000,21198.3477010000,21198.3477010000,1,DORA-USDT
2022-12-29 17:00:00,1672304400000,3.1430000000,3.1830000000,3.1380000000,3.1460000000,4258.9822090000,13463.4963440000,13463.4963440000,1,DORA-USDT
2022-12-29 18:00:00,1672308000000,3.1470000000,3.1500000000,3.1350000000,3.1420000000,3851.0623270000,12096.9682110000,12096.9682110000,1,DORA-USDT
2022-12-29 19:00:00,1672311600000,3.1410000000,3.1470000000,3.1250000000,3.1400000000,2648.9677680000,8302.7424230000,8302.7424230000,1,DORA-USDT
2022-12-29 20:00:00,1672315200000,3.1430000000,3.1440000000,3.1240000000,3.1260000000,2452.1783030000,7680.3324710000,7680.3324710000,1,DORA-USDT
2022-12-29 21:00:00,1672318800000,3.1250000000,3.1580000000,3.1230000000,3.1390000000,1221.4914150000,3831.7585380000,3831.7585380000,1,DORA-USDT
2022-12-29 22:00:00,1672322400000,3.1390000000,3.1560000000,3.1240000000,3.1370000000,1429.2907990000,4488.2878900000,4488.2878900000,1,DORA-USDT
2022-12-29 23:00:00,1672326000000,3.1390000000,3.1570000000,3.1290000000,3.1410000000,4570.1913410000,14364.4022300000,14364.4022300000,1,DORA-USDT
2022-12-30 00:00:00,1672329600000,3.1440000000,3.2180000000,3.1270000000,3.1490000000,43882.4473000000,138930.1656660000,138930.1656660000,1,DORA-USDT
2022-12-30 01:00:00,1672333200000,3.1530000000,3.1760000000,3.1340000000,3.1500000000,6017.0935260000,19006.9335770000,19006.9335770000,1,DORA-USDT
2022-12-30 02:00:00,1672336800000,3.1500000000,3.1610000000,3.1430000000,3.1500000000,1841.3174530000,5803.6127330000,5803.6127330000,1,DORA-USDT
2022-12-30 03:00:00,1672340400000,3.1500000000,3.1710000000,3.1460000000,3.1650000000,2480.7955870000,7838.3933650000,7838.3933650000,1,DORA-USDT
2022-12-30 04:00:00,1672344000000,3.1650000000,3.1650000000,3.1050000000,3.1510000000,1620.9244160000,5076.8300810000,5076.8300810000,1,DORA-USDT
2022-12-30 05:00:00,1672347600000,3.1510000000,3.1580000000,3.1340000000,3.1540000000,1444.3001880000,4543.0258650000,4543.0258650000,1,DORA-USDT
2022-12-30 06:00:00,1672351200000,3.1550000000,3.1980000000,3.1480000000,3.1960000000,594.2181060000,1891.2247540000,1891.2247540000,1,DORA-USDT
2022-12-30 07:00:00,1672354800000,3.1960000000,3.2080000000,3.1710000000,3.1910000000,4855.3269140000,15516.3143030000,15516.3143030000,1,DORA-USDT
2022-12-30 08:00:00,1672358400000,3.1940000000,3.2000000000,3.1120000000,3.1700000000,37964.3678740000,119745.5308840000,119745.5308840000,1,DORA-USDT
2022-12-30 09:00:00,1672362000000,3.1710000000,3.1870000000,3.1570000000,3.1680000000,1223.2392160000,3880.8164900000,3880.8164900000,1,DORA-USDT
2022-12-30 10:00:00,1672365600000,3.1660000000,3.1680000000,3.1350000000,3.1540000000,1539.5489410000,4848.2132980000,4848.2132980000,1,DORA-USDT
2022-12-30 11:00:00,1672369200000,3.1540000000,3.1600000000,3.1310000000,3.1480000000,967.6062280000,3042.3605430000,3042.3605430000,1,DORA-USDT
2022-12-30 12:00:00,1672372800000,3.1450000000,3.1510000000,3.1160000000,3.1230000000,2366.8428130000,7406.4593520000,7406.4593520000,1,DORA-USDT
2022-12-30 13:00:00,1672376400000,3.1230000000,3.1320000000,3.1090000000,3.1250000000,1439.6394420000,4494.1611700000,4494.1611700000,1,DORA-USDT
2022-12-30 14:00:00,1672380000000,3.1260000000,3.1780000000,3.1160000000,3.1360000000,32438.4825770000,101917.9250920000,101917.9250920000,1,DORA-USDT
2022-12-30 15:00:00,1672383600000,3.1360000000,3.1740000000,3.0690000000,3.1130000000,35646.5073060000,111390.4564550000,111390.4564550000,1,DORA-USDT
2022-12-30 16:00:00,1672387200000,3.1180000000,3.1920000000,3.0680000000,3.0960000000,61044.2806390000,191112.6480880000,191112.6480880000,1,DORA-USDT
2022-12-30 17:00:00,1672390800000,3.0950000000,3.1150000000,3.0770000000,3.0810000000,3628.2036990000,11228.4677540000,11228.4677540000,1,DORA-USDT
2022-12-30 18:00:00,1672394400000,3.0810000000,3.0980000000,3.0690000000,3.0700000000,4925.2870340000,15183.4653260000,15183.4653260000,1,DORA-USDT
2022-12-30 19:00:00,1672398000000,3.0700000000,3.0770000000,3.0000000000,3.0540000000,12939.1928110000,39185.0903480000,39185.0903480000,1,DORA-USDT
2022-12-30 20:00:00,1672401600000,3.0540000000,3.0670000000,3.0000000000,3.0200000000,3743.3384220000,11368.8267780000,11368.8267780000,1,DORA-USDT
2022-12-30 21:00:00,1672405200000,3.0200000000,3.0400000000,2.9920000000,3.0050000000,5633.5649280000,16938.1718090000,16938.1718090000,1,DORA-USDT
2022-12-30 22:00:00,1672408800000,3.0030000000,3.0120000000,2.9360000000,2.9700000000,11109.3171520000,33080.7382220000,33080.7382220000,1,DORA-USDT
2022-12-30 23:00:00,1672412400000,2.9670000000,2.9950000000,2.9590000000,2.9720000000,3006.3131480000,8959.7055140000,8959.7055140000,1,DORA-USDT
2022-12-31 00:00:00,1672416000000,2.9740000000,2.9920000000,2.9550000000,2.9620000000,2386.3014640000,7100.2087790000,7100.2087790000,1,DORA-USDT
2022-12-31 01:00:00,1672419600000,2.9650000000,2.9720000000,2.9380000000,2.9440000000,4734.6389890000,14009.0244650000,14009.0244650000,1,DORA-USDT
2022-12-31 02:00:00,1672423200000,2.9440000000,2.9890000000,2.9410000000,2.9850000000,6516.2387670000,19296.6780560000,19296.6780560000,1,DORA-USDT
2022-12-31 03:00:00,1672426800000,2.9820000000,3.0070000000,2.9740000000,2.9980000000,3750.0151480000,11228.7490680000,11228.7490680000,1,DORA-USDT
2022-12-31 04:00:00,1672430400000,2.9970000000,3.0070000000,2.9970000000,3.0050000000,589.6256750000,1770.3598180000,1770.3598180000,1,DORA-USDT
2022-12-31 05:00:00,1672434000000,3.0060000000,3.0170000000,2.9990000000,3.0000000000,801.6666850000,2414.4664620000,2414.4664620000,1,DORA-USDT
2022-12-31 06:00:00,1672437600000,3.0000000000,3.0070000000,2.9940000000,2.9970000000,230.9442480000,693.0871960000,693.0871960000,1,DORA-USDT
2022-12-31 07:00:00,1672441200000,2.9970000000,3.0370000000,2.9900000000,3.0160000000,2971.3338680000,8967.0911380000,8967.0911380000,1,DORA-USDT
2022-12-31 08:00:00,1672444800000,3.0120000000,3.0230000000,2.9970000000,3.0040000000,403.2525000000,1212.6867760000,1212.6867760000,1,DORA-USDT
2022-12-31 09:00:00,1672448400000,3.0030000000,3.0080000000,2.9700000000,2.9720000000,481.6092350000,1440.5243820000,1440.5243820000,1,DORA-USDT
2022-12-31 10:00:00,1672452000000,2.9710000000,3.1290000000,2.9670000000,3.0670000000,24052.6300990000,73598.1511660000,73598.1511660000,1,DORA-USDT
2022-12-31 11:00:00,1672455600000,3.0650000000,3.1280000000,3.0490000000,3.0580000000,10584.1580600000,32578.3285790000,32578.3285790000,1,DORA-USDT
2022-12-31 12:00:00,1672459200000,3.0620000000,3.1100000000,3.0310000000,3.0500000000,49570.6589860000,151262.9131570000,151262.9131570000,1,DORA-USDT
2022-12-31 13:00:00,1672462800000,3.0560000000,3.0910000000,3.0350000000,3.0620000000,28526.6033020000,87356.9561200000,87356.9561200000,1,DORA-USDT
2022-12-31 14:00:00,1672466400000,3.0650000000,3.0980000000,3.0490000000,3.0650000000,24560.8296290000,75365.9249360000,75365.9249360000,1,DORA-USDT
2022-12-31 15:00:00,1672470000000,3.0660000000,3.0820000000,3.0440000000,3.0730000000,7763.6360360000,23813.7808360000,23813.7808360000,1,DORA-USDT
2022-12-31 16:00:00,1672473600000,3.0760000000,3.0840000000,3.0360000000,3.0610000000,17788.2432620000,54406.0890980000,54406.0890980000,1,DORA-USDT
2022-12-31 17:00:00,1672477200000,3.0600000000,3.0750000000,3.0310000000,3.0550000000,6723.9861750000,20555.6873100000,20555.6873100000,1,DORA-USDT
2022-12-31 18:00:00,1672480800000,3.0560000000,3.0690000000,3.0460000000,3.0650000000,1648.7191530000,5041.7206400000,5041.7206400000,1,DORA-USDT
2022-12-31 19:00:00,1672484400000,3.0650000000,3.0750000000,3.0450000000,3.0670000000,9393.6177270000,28780.2560680000,28780.2560680000,1,DORA-USDT
2022-12-31 20:00:00,1672488000000,3.0670000000,3.0870000000,3.0460000000,3.0870000000,4481.9720950000,13745.1096510000,13745.1096510000,1,DORA-USDT
2022-12-31 21:00:00,1672491600000,3.0860000000,3.1290000000,3.0320000000,3.0670000000,16085.1966390000,49660.3861650000,49660.3861650000,1,DORA-USDT
2022-12-31 22:00:00,1672495200000,3.0610000000,3.0710000000,2.9100000000,2.9300000000,55063.4168840000,163562.9293580000,163562.9293580000,1,DORA-USDT
2022-12-31 23:00:00,1672498800000,2.9360000000,2.9940000000,2.9330000000,2.9680000000,50501.2771790000,149572.8681090000,149572.8681090000,1,DORA-USDT
2023-01-01 00:00:00,1672502400000,2.9680000000,3.0260000000,2.9600000000,2.9700000000,31428.7936960000,93981.9066670000,93981.9066670000,1,DORA-USDT
2023-01-01 01:00:00,1672506000000,2.9710000000,2.9890000000,2.9620000000,2.9820000000,2103.5552700000,6266.9241320000,6266.9241320000,1,DORA-USDT
2023-01-01 02:00:00,1672509600000,2.9820000000,2.9890000000,2.9600000000,2.9620000000,707.7490020000,2106.3905860000,2106.3905860000,1,DORA-USDT
2023-01-01 03:00:00,1672513200000,2.9630000000,2.9660000000,2.9200000000,2.9410000000,10385.3887350000,30571.7447210000,30571.7447210000,1,DORA-USDT
2023-01-01 04:00:00,1672516800000,2.9410000000,2.9550000000,2.9230000000,2.9390000000,7055.2419000000,20773.0185440000,20773.0185440000,1,DORA-USDT
2023-01-01 05:00:00,1672520400000,2.9390000000,2.9480000000,2.9130000000,2.9220000000,23326.8891740000,68480.6000080000,68480.6000080000,1,DORA-USDT
2023-01-01 06:00:00,1672524000000,2.9200000000,2.9440000000,2.9080000000,2.9360000000,12925.6719620000,37834.5459670000,37834.5459670000,1,DORA-USDT
2023-01-01 07:00:00,1672527600000,2.9340000000,2.9570000000,2.9280000000,2.9400000000,4500.5457530000,13232.1884960000,13232.1884960000,1,DORA-USDT
2023-01-01 08:00:00,1672531200000,2.9400000000,2.9780000000,2.9050000000,2.9280000000,60163.5571460000,176901.4205460000,176901.4205460000,1,DORA-USDT
2023-01-01 09:00:00,1672534800000,2.9270000000,2.9530000000,2.9200000000,2.9480000000,1153.8330970000,3388.4781000000,3388.4781000000,1,DORA-USDT
2023-01-01 10:00:00,1672538400000,2.9480000000,2.9630000000,2.9460000000,2.9550000000,2285.6737870000,6757.9485390000,6757.9485390000,1,DORA-USDT
2023-01-01 11:00:00,1672542000000,2.9550000000,2.9690000000,2.9220000000,2.9540000000,10082.5042220000,29689.5860660000,29689.5860660000,1,DORA-USDT
2023-01-01 12:00:00,1672545600000,2.9530000000,3.0210000000,2.9440000000,2.9910000000,16090.9618330000,47958.1078350000,47958.1078350000,1,DORA-USDT
2023-01-01 13:00:00,1672549200000,2.9940000000,3.0490000000,2.9820000000,3.0260000000,17556.3065190000,52868.0339430000,52868.0339430000,1,DORA-USDT
2023-01-01 14:00:00,1672552800000,3.0260000000,3.0700000000,3.0080000000,3.0280000000,18743.9799200000,56920.2602480000,56920.2602480000,1,DORA-USDT
2023-01-01 15:00:00,1672556400000,3.0310000000,3.0540000000,3.0170000000,3.0400000000,6651.5136920000,20153.3439030000,20153.3439030000,1,DORA-USDT
2023-01-01 16:00:00,1672560000000,3.0380000000,3.0910000000,3.0180000000,3.0230000000,30186.9719330000,91823.4161010000,91823.4161010000,1,DORA-USDT
2023-01-01 17:00:00,1672563600000,3.0240000000,3.0400000000,2.9880000000,3.0130000000,3548.3312060000,10683.7959060000,10683.7959060000,1,DORA-USDT
2023-01-01 18:00:00,1672567200000,3.0150000000,3.0310000000,2.9900000000,3.0030000000,3196.7588690000,9650.6922420000,9650.6922420000,1,DORA-USDT
2023-01-01 19:00:00,1672570800000,3.0040000000,3.0150000000,3.0010000000,3.0060000000,636.6168680000,1915.9637770000,1915.9637770000,1,DORA-USDT
2023-01-01 20:00:00,1672574400000,3.0070000000,3.0140000000,3.0010000000,3.0020000000,1069.1469740000,3214.6071490000,3214.6071490000,1,DORA-USDT
2023-01-01 21:00:00,1672578000000,3.0010000000,3.0130000000,2.9850000000,2.9920000000,3210.3419020000,9630.6954380000,9630.6954380000,1,DORA-USDT
2023-01-01 22:00:00,1672581600000,2.9950000000,3.0040000000,2.9930000000,2.9930000000,831.2324520000,2492.6871040000,2492.6871040000,1,DORA-USDT
2023-01-01 23:00:00,1672585200000,2.9930000000,3.0020000000,2.9860000000,2.9870000000,426.1423530000,1276.0573220000,1276.0573220000,1,DORA-USDT
2023-01-02 00:00:00,1672588800000,2.9910000000,3.0020000000,2.9820000000,2.9920000000,1947.2990150000,5828.5950300000,5828.5950300000,1,DORA-USDT
2023-01-02 01:00:00,1672592400000,2.9950000000,3.0190000000,2.9880000000,2.9990000000,4754.7592250000,14284.5496040000,14284.5496040000,1,DORA-USDT
2023-01-02 02:00:00,1672596000000,3.0010000000,3.0210000000,3.0010000000,3.0100000000,877.6517240000,2642.6049840000,2642.6049840000,1,DORA-USDT
2023-01-02 03:00:00,1672599600000,3.0100000000,3.0190000000,2.9970000000,3.0030000000,1233.8962100000,3715.8046550000,3715.8046550000,1,DORA-USDT
2023-01-02 04:00:00,1672603200000,3.0020000000,3.0190000000,2.9970000000,3.0190000000,730.7166730000,2196.4565170000,2196.4565170000,1,DORA-USDT
2023-01-02 05:00:00,1672606800000,3.0190000000,3.0190000000,3.0070000000,3.0140000000,270.8067660000,815.6543700000,815.6543700000,1,DORA-USDT
2023-01-02 06:00:00,1672610400000,3.0140000000,3.0310000000,3.0140000000,3.0240000000,681.7763720000,2060.4100030000,2060.4100030000,1,DORA-USDT
2023-01-02 07:00:00,1672614000000,3.0240000000,3.0280000000,2.9970000000,3.0020000000,2006.5309650000,6051.9211200000,6051.9211200000,1,DORA-USDT
2023-01-02 08:00:00,1672617600000,3.0030000000,3.0110000000,2.9900000000,3.0070000000,1407.0303410000,4225.4671430000,4225.4671430000,1,DORA-USDT
2023-01-02 09:00:00,1672621200000,3.0070000000,3.0070000000,2.9810000000,2.9880000000,1853.8022170000,5537.9451830000,5537.9451830000,1,DORA-USDT
2023-01-02 10:00:00,1672624800000,2.9840000000,2.9920000000,2.9250000000,2.9440000000,9588.9499900000,28340.9861880000,28340.9861880000,1,DORA-USDT
2023-01-02 11:00:00,1672628400000,2.9450000000,2.9900000000,2.9450000000,2.9790000000,3142.7331460000,9327.0741400000,9327.0741400000,1,DORA-USDT
2023-01-02 12:00:00,1672632000000,2.9770000000,2.9840000000,2.9670000000,2.9730000000,474.7972050000,1411.3328030000,1411.3328030000,1,DORA-USDT
2023-01-02 13:00:00,1672635600000,2.9740000000,2.9750000000,2.9440000000,2.9650000000,6523.9985070000,19302.0355980000,19302.0355980000,1,DORA-USDT
2023-01-02 14:00:00,1672639200000,2.9650000000,2.9920000000,2.9640000000,2.9870000000,2134.9041060000,6356.3338570000,6356.3338570000,1,DORA-USDT
2023-01-02 15:00:00,1672642800000,2.9880000000,3.0730000000,2.9850000000,3.0190000000,8733.7708350000,26500.1324890000,26500.1324890000,1,DORA-USDT
2023-01-02 16:00:00,1672646400000,3.0200000000,3.0490000000,3.0130000000,3.0180000000,4520.4886730000,13682.9727630000,13682.9727630000,1,DORA-USDT
2023-01-02 17:00:00,1672650000000,3.0160000000,3.0380000000,3.0160000000,3.0210000000,877.2832420000,2653.0385600000,2653.0385600000,1,DORA-USDT
2023-01-02 18:00:00,1672653600000,3.0230000000,3.0310000000,3.0120000000,3.0220000000,772.7530560000,2333.9229480000,2333.9229480000,1,DORA-USDT
2023-01-02 19:00:00,1672657200000,3.0220000000,3.0320000000,3.0210000000,3.0320000000,834.3614180000,2524.7105420000,2524.7105420000,1,DORA-USDT
2023-01-02 20:00:00,1672660800000,3.0310000000,3.0450000000,3.0310000000,3.0420000000,1136.5566550000,3450.7445510000,3450.7445510000,1,DORA-USDT
2023-01-02 21:00:00,1672664400000,3.0420000000,3.0450000000,2.9930000000,3.0090000000,3486.1493700000,10501.7140610000,10501.7140610000,1,DORA-USDT
2023-01-02 22:00:00,1672668000000,3.0080000000,3.0140000000,3.0050000000,3.0080000000,1452.0600610000,4369.9481810000,4369.9481810000,1,DORA-USDT
2023-01-02 23:00:00,1672671600000,3.0090000000,3.0190000000,3.0020000000,3.0170000000,1156.2742440000,3479.6631010000,3479.6631010000,1,DORA-USDT
2023-01-03 00:00:00,1672675200000,3.0170000000,3.0230000000,3.0030000000,3.0110000000,5648.8451310000,17041.9802650000,17041.9802650000,1,DORA-USDT
2023-01-03 01:00:00,1672678800000,3.0110000000,3.0130000000,2.9990000000,3.0020000000,960.9102040000,2886.9210660000,2886.9210660000,1,DORA-USDT
2023-01-03 02:00:00,1672682400000,3.0020000000,3.0050000000,2.9940000000,3.0020000000,427.7587180000,1283.3352520000,1283.3352520000,1,DORA-USDT
2023-01-03 03:00:00,1672686000000,3.0030000000,3.0040000000,2.9920000000,3.0020000000,421.7506830000,1265.1105660000,1265.1105660000,1,DORA-USDT
2023-01-03 04:00:00,1672689600000,3.0020000000,3.0210000000,2.9950000000,3.0150000000,1300.8004680000,3911.4265010000,3911.4265010000,1,DORA-USDT
2023-01-03 05:00:00,1672693200000,3.0160000000,3.0270000000,3.0120000000,3.0180000000,912.6027040000,2756.8378580000,2756.8378580000,1,DORA-USDT
2023-01-03 06:00:00,1672696800000,3.0190000000,3.0240000000,2.9910000000,2.9960000000,873.5845830000,2628.6814640000,2628.6814640000,1,DORA-USDT
2023-01-03 07:00:00,1672700400000,2.9940000000,3.0140000000,2.9840000000,2.9990000000,6606.5598080000,19837.9224300000,19837.9224300000,1,DORA-USDT
2023-01-03 08:00:00,1672704000000,2.9950000000,3.0300000000,2.9950000000,3.0290000000,2971.8320590000,8967.9858310000,8967.9858310000,1,DORA-USDT
2023-01-03 09:00:00,1672707600000,3.0280000000,3.0280000000,2.9990000000,3.0070000000,1655.1628400000,4976.9802960000,4976.9802960000,1,DORA-USDT
2023-01-03 10:00:00,1672711200000,3.0080000000,3.0080000000,2.9630000000,2.9870000000,4086.2977430000,12202.4815080000,12202.4815080000,1,DORA-USDT
2023-01-03 11:00:00,1672714800000,2.9870000000,2.9880000000,2.9560000000,2.9730000000,2596.0549420000,7731.6646670000,7731.6646670000,1,DORA-USDT
2023-01-03 12:00:00,1672718400000,2.9750000000,2.9830000000,2.9720000000,2.9740000000,571.5556680000,1701.6163790000,1701.6163790000,1,DORA-USDT
2023-01-03 13:00:00,1672722000000,2.9740000000,2.9940000000,2.9730000000,2.9890000000,622.2253600000,1857.8553910000,1857.8553910000,1,DORA-USDT
2023-01-03 14:00:00,1672725600000,2.9910000000,2.9980000000,2.9680000000,2.9760000000,3261.2867770000,9756.0669180000,9756.0669180000,1,DORA-USDT
2023-01-03 15:00:00,1672729200000,2.9750000000,2.9800000000,2.9740000000,2.9770000000,423.3802140000,1260.4231920000,1260.4231920000,1,DORA-USDT
2023-01-03 16:00:00,1672732800000,2.9760000000,2.9870000000,2.9670000000,2.9750000000,2397.7394530000,7138.2884360000,7138.2884360000,1,DORA-USDT
2023-01-03 17:00:00,1672736400000,2.9740000000,3.0010000000,2.9740000000,2.9990000000,2754.6609160000,8231.7739710000,8231.7739710000,1,DORA-USDT
2023-01-03 18:00:00,1672740000000,2.9990000000,3.0060000000,2.9910000000,2.9940000000,2639.8401000000,7919.7507960000,7919.7507960000,1,DORA-USDT
2023-01-03 19:00:00,1672743600000,2.9940000000,3.0070000000,2.9930000000,3.0010000000,3898.5044370000,11685.6303920000,11685.6303920000,1,DORA-USDT
2023-01-03 20:00:00,1672747200000,3.0020000000,3.0240000000,3.0010000000,3.0190000000,1402.1722770000,4225.5690350000,4225.5690350000,1,DORA-USDT
2023-01-03 21:00:00,1672750800000,3.0190000000,3.0360000000,3.0160000000,3.0300000000,1013.7854800000,3065.4230850000,3065.4230850000,1,DORA-USDT
2023-01-03 22:00:00,1672754400000,3.0310000000,3.0540000000,3.0160000000,3.0180000000,3623.7549440000,11010.1809670000,11010.1809670000,1,DORA-USDT
2023-01-03 23:00:00,1672758000000,3.0180000000,3.0190000000,2.9820000000,2.9970000000,2741.0937380000,8217.4620490000,8217.4620490000,1,DORA-USDT
2023-01-04 00:00:00,1672761600000,2.9970000000,3.0020000000,2.9580000000,2.9730000000,7485.3106110000,22289.7405300000,22289.7405300000,1,DORA-USDT
2023-01-04 01:00:00,1672765200000,2.9720000000,2.9790000000,2.9710000000,2.9760000000,348.9208590000,1038.4517790000,1038.4517790000,1,DORA-USDT
2023-01-04 02:00:00,1672768800000,2.9770000000,3.0700000000,2.9730000000,3.0630000000,7509.8368000000,22753.5906010000,22753.5906010000,1,DORA-USDT
2023-01-04 03:00:00,1672772400000,3.0660000000,3.0730000000,3.0250000000,3.0480000000,2604.9092280000,7957.3657610000,7957.3657610000,1,DORA-USDT
2023-01-04 04:00:00,1672776000000,3.0470000000,3.0530000000,3.0370000000,3.0390000000,702.6370330000,2139.0435460000,2139.0435460000,1,DORA-USDT
2023-01-04 05:00:00,1672779600000,3.0390000000,3.0440000000,3.0390000000,3.0420000000,168.5930840000,512.8389220000,512.8389220000,1,DORA-USDT
2023-01-04 06:00:00,1672783200000,3.0420000000,3.0520000000,3.0360000000,3.0370000000,225.8792340000,686.7823560000,686.7823560000,1,DORA-USDT
2023-01-04 07:00:00,1672786800000,3.0370000000,3.0430000000,3.0270000000,3.0330000000,391.7434240000,1189.8826470000,1189.8826470000,1,DORA-USDT
2023-01-04 08:00:00,1672790400000,3.0340000000,3.0340000000,3.0190000000,3.0230000000,946.1629210000,2862.3312860000,2862.3312860000,1,DORA-USDT
2023-01-04 09:00:00,1672794000000,3.0240000000,3.0700000000,3.0240000000,3.0650000000,2478.5353760000,7571.3327720000,7571.3327720000,1,DORA-USDT
2023-01-04 10:00:00,1672797600000,3.0650000000,3.1080000000,3.0590000000,3.0910000000,10139.1624650000,31294.2824470000,31294.2824470000,1,DORA-USDT
2023-01-04 11:00:00,1672801200000,3.0910000000,3.1030000000,3.0760000000,3.0970000000,3165.6224660000,9781.9437430000,9781.9437430000,1,DORA-USDT
2023-01-04 12:00:00,1672804800000,3.0970000000,3.1810000000,3.0880000000,3.1170000000,28984.2604930000,90766.4934940000,90766.4934940000,1,DORA-USDT
2023-01-04 13:00:00,1672808400000,3.1160000000,3.1440000000,3.0950000000,3.1370000000,3686.3235900000,11516.4054280000,11516.4054280000,1,DORA-USDT
2023-01-04 14:00:00,1672812000000,3.1330000000,3.1500000000,3.1010000000,3.1420000000,5997.2338790000,18755.2574400000,18755.2574400000,1,DORA-USDT
2023-01-04 15:00:00,1672815600000,3.1480000000,3.1480000000,3.0970000000,3.1060000000,1865.2907990000,5812.2200570000,5812.2200570000,1,DORA-USDT
2023-01-04 16:00:00,1672819200000,3.1120000000,3.1160000000,3.0840000000,3.0960000000,2608.4055080000,8078.0933840000,8078.0933840000,1,DORA-USDT
2023-01-04 17:00:00,1672822800000,3.0980000000,3.1170000000,3.0800000000,3.0840000000,5220.2993160000,16142.3293950000,16142.3293950000,1,DORA-USDT
2023-01-04 18:00:00,1672826400000,3.0810000000,3.1030000000,3.0100000000,3.0660000000,14361.3546900000,44083.5725790000,44083.5725790000,1,DORA-USDT
2023-01-04 19:00:00,1672830000000,3.0690000000,3.0760000000,3.0640000000,3.0700000000,4115.7686990000,12632.2651770000,12632.2651770000,1,DORA-USDT
2023-01-04 20:00:00,1672833600000,3.0700000000,3.0900000000,3.0620000000,3.0640000000,2955.4228560000,9108.6426120000,9108.6426120000,1,DORA-USDT
2023-01-04 21:00:00,1672837200000,3.0640000000,3.0810000000,3.0630000000,3.0770000000,610.1099290000,1875.2823600000,1875.2823600000,1,DORA-USDT
2023-01-04 22:00:00,1672840800000,3.0720000000,3.1630000000,3.0690000000,3.1520000000,15157.7959140000,47081.3902970000,47081.3902970000,1,DORA-USDT
2023-01-04 23:00:00,1672844400000,3.1430000000,3.1560000000,3.1250000000,3.1390000000,3582.6787230000,11248.8720180000,11248.8720180000,1,DORA-USDT
2023-01-05 00:00:00,1672848000000,3.1390000000,3.2700000000,3.1250000000,3.2310000000,29881.0074750000,95829.8839050000,95829.8839050000,1,DORA-USDT
2023-01-05 01:00:00,1672851600000,3.2320000000,3.2660000000,3.2150000000,3.2170000000,3630.1194630000,11745.5189120000,11745.5189120000,1,DORA-USDT
2023-01-05 02:00:00,1672855200000,3.2150000000,3.2650000000,3.2030000000,3.2410000000,2584.3564730000,8367.1098960000,8367.1098960000,1,DORA-USDT
2023-01-05 03:00:00,1672858800000,3.2470000000,3.2850000000,3.2270000000,3.2660000000,9096.0275390000,29670.1929960000,29670.1929960000,1,DORA-USDT
2023-01-05 04:00:00,1672862400000,3.2660000000,3.2670000000,3.2170000000,3.2290000000,2780.4620200000,9031.2914350000,9031.2914350000,1,DORA-USDT
2023-01-05 05:00:00,1672866000000,3.2310000000,3.2340000000,3.2230000000,3.2260000000,393.7171330000,1270.8719710000,1270.8719710000,1,DORA-USDT
2023-01-05 06:00:00,1672869600000,3.2290000000,3.2310000000,3.2080000000,3.2240000000,1417.6680720000,4569.1774120000,4569.1774120000,1,DORA-USDT
2023-01-05 07:00:00,1672873200000,3.2280000000,3.2700000000,3.2250000000,3.2340000000,1358.7568010000,4400.5853370000,4400.5853370000,1,DORA-USDT
2023-01-05 08:00:00,1672876800000,3.2490000000,3.2910000000,3.2330000000,3.2760000000,10364.1915190000,33758.6368070000,33758.6368070000,1,DORA-USDT
2023-01-05 09:00:00,1672880400000,3.2740000000,3.2840000000,3.2480000000,3.2510000000,4023.3058180000,13102.2443350000,13102.2443350000,1,DORA-USDT
2023-01-05 10:00:00,1672884000000,3.2550000000,3.2580000000,3.2380000000,3.2430000000,3222.2831360000,10454.5700140000,10454.5700140000,1,DORA-USDT
2023-01-05 11:00:00,1672887600000,3.2420000000,3.2560000000,3.2350000000,3.2510000000,603.8145060000,1959.9589560000,1959.9589560000,1,DORA-USDT
2023-01-05 12:00:00,1672891200000,3.2510000000,3.2670000000,3.2500000000,3.2550000000,379.6573290000,1237.8039420000,1237.8039420000,1,DORA-USDT
2023-01-05 13:00:00,1672894800000,3.2550000000,3.2640000000,3.2500000000,3.2520000000,229.0785530000,746.0952320000,746.0952320000,1,DORA-USDT
2023-01-05 14:00:00,1672898400000,3.2530000000,3.2610000000,3.2050000000,3.2110000000,3225.3522150000,10388.9560440000,10388.9560440000,1,DORA-USDT
2023-01-05 15:00:00,1672902000000,3.2100000000,3.2210000000,3.1830000000,3.2100000000,6001.4418120000,19248.4209030000,19248.4209030000,1,DORA-USDT
2023-01-05 16:00:00,1672905600000,3.2080000000,3.2090000000,3.1570000000,3.1930000000,4064.8773280000,12942.1016260000,12942.1016260000,1,DORA-USDT
2023-01-05 17:00:00,1672909200000,3.1920000000,3.1920000000,3.1600000000,3.1610000000,2275.4899450000,7227.6381090000,7227.6381090000,1,DORA-USDT
2023-01-05 18:00:00,1672912800000,3.1620000000,3.1980000000,3.1620000000,3.1780000000,636.8089110000,2025.5644670000,2025.5644670000,1,DORA-USDT
2023-01-05 19:00:00,1672916400000,3.1770000000,3.1770000000,3.1610000000,3.1650000000,831.3372890000,2632.2720550000,2632.2720550000,1,DORA-USDT
2023-01-05 20:00:00,1672920000000,3.1660000000,3.1710000000,3.1510000000,3.1530000000,1455.4329720000,4600.2291490000,4600.2291490000,1,DORA-USDT
2023-01-05 21:00:00,1672923600000,3.1530000000,3.1590000000,3.0730000000,3.0840000000,4306.4546800000,13400.8707770000,13400.8707770000,1,DORA-USDT
2023-01-05 22:00:00,1672927200000,3.0830000000,3.0880000000,3.0390000000,3.0760000000,5275.2060620000,16182.0678270000,16182.0678270000,1,DORA-USDT
2023-01-05 23:00:00,1672930800000,3.0800000000,3.1070000000,3.0730000000,3.0890000000,1731.3984690000,5350.1924760000,5350.1924760000,1,DORA-USDT
2023-01-06 00:00:00,1672934400000,3.0910000000,3.1190000000,3.0860000000,3.1100000000,2750.1803410000,8540.2197970000,8540.2197970000,1,DORA-USDT
2023-01-06 01:00:00,1672938000000,3.1100000000,3.1170000000,3.0980000000,3.0980000000,1132.9519750000,3517.9296560000,3517.9296560000,1,DORA-USDT
2023-01-06 02:00:00,1672941600000,3.0970000000,3.1190000000,3.0970000000,3.1150000000,1533.0892390000,4767.4778060000,4767.4778060000,1,DORA-USDT
2023-01-06 03:00:00,1672945200000,3.1140000000,3.1240000000,3.1140000000,3.1210000000,989.4603540000,3086.1992290000,3086.1992290000,1,DORA-USDT
2023-01-06 04:00:00,1672948800000,3.1190000000,3.1260000000,3.1150000000,3.1200000000,1584.0605780000,4943.1585690000,4943.1585690000,1,DORA-USDT
2023-01-06 05:00:00,1672952400000,3.1200000000,3.1210000000,3.0980000000,3.1000000000,1354.5114560000,4207.6305040000,4207.6305040000,1,DORA-USDT
2023-01-06 06:00:00,1672956000000,3.1000000000,3.1020000000,3.0910000000,3.0950000000,1447.1648390000,4480.0829500000,4480.0829500000,1,DORA-USDT
2023-01-06 07:00:00,1672959600000,3.0960000000,3.1000000000,3.0680000000,3.0840000000,3959.6856260000,12218.2884560000,12218.2884560000,1,DORA-USDT
2023-01-06 08:00:00,1672963200000,3.0830000000,3.0940000000,3.0740000000,3.0920000000,1103.2013340000,3403.5087540000,3403.5087540000,1,DORA-USDT
2023-01-06 09:00:00,1672966800000,3.0930000000,3.0940000000,3.0820000000,3.0830000000,1489.1986040000,4601.8067920000,4601.8067920000,1,DORA-USDT
2023-01-06 10:00:00,1672970400000,3.0820000000,3.0820000000,3.0590000000,3.0660000000,2352.6427670000,7215.1456210000,7215.1456210000,1,DORA-USDT
2023-01-06 11:00:00,1672974000000,3.0670000000,3.0910000000,3.0630000000,3.0830000000,2897.8341930000,8931.1941570000,8931.1941570000,1,DORA-USDT
2023-01-06 12:00:00,1672977600000,3.0790000000,3.0800000000,2.9980000000,3.0470000000,12000.8716060000,36409.7222900000,36409.7222900000,1,DORA-USDT
2023-01-06 13:00:00,1672981200000,3.0450000000,3.0470000000,3.0340000000,3.0380000000,1033.7120620000,3142.0998570000,3142.0998570000,1,DORA-USDT
2023-01-06 14:00:00,1672984800000,3.0350000000,3.0380000000,2.8920000000,2.9150000000,22160.1038830000,65292.5417400000,65292.5417400000,1,DORA-USDT
2023-01-06 15:00:00,1672988400000,2.9150000000,2.9290000000,2.9110000000,2.9290000000,4725.4267480000,13801.1811670000,13801.1811670000,1,DORA-USDT
2023-01-06 16:00:00,1672992000000,2.9290000000,2.9290000000,2.9050000000,2.9180000000,4491.5701900000,13103.4868970000,13103.4868970000,1,DORA-USDT
2023-01-06 17:00:00,1672995600000,2.9150000000,2.9210000000,2.9060000000,2.9190000000,3553.9290430000,10361.9609990000,10361.9609990000,1,DORA-USDT
2023-01-06 18:00:00,1672999200000,2.9200000000,2.9370000000,2.9020000000,2.9160000000,3457.1730020000,10102.3945050000,10102.3945050000,1,DORA-USDT
2023-01-06 19:00:00,1673002800000,2.9220000000,2.9390000000,2.9050000000,2.9370000000,1497.2433750000,4383.0498400000,4383.0498400000,1,DORA-USDT
2023-01-06 20:00:00,1673006400000,2.9360000000,2.9460000000,2.9280000000,2.9430000000,2140.1704000000,6283.0317890000,6283.0317890000,1,DORA-USDT
2023-01-06 21:00:00,1673010000000,2.9480000000,2.9780000000,2.9390000000,2.9590000000,4025.8717490000,11917.6295950000,11917.6295950000,1,DORA-USDT
2023-01-06 22:00:00,1673013600000,2.9590000000,2.9770000000,2.9220000000,2.9620000000,4042.2098920000,11955.4043660000,11955.4043660000,1,DORA-USDT
2023-01-06 23:00:00,1673017200000,2.9770000000,2.9980000000,2.9610000000,2.9930000000,5442.4104670000,16191.8394640000,16191.8394640000,1,DORA-USDT
2023-01-07 00:00:00,1673020800000,2.9900000000,3.0060000000,2.9730000000,2.9940000000,1936.4492030000,5798.2436120000,5798.2436120000,1,DORA-USDT
2023-01-07 01:00:00,1673024400000,2.9980000000,3.0040000000,2.9800000000,2.9800000000,1217.0598030000,3643.2564910000,3643.2564910000,1,DORA-USDT
2023-01-07 02:00:00,1673028000000,2.9900000000,3.0450000000,2.9890000000,3.0370000000,5319.5687420000,16025.8752290000,16025.8752290000,1,DORA-USDT
2023-01-07 03:00:00,1673031600000,3.0380000000,3.0500000000,3.0280000000,3.0410000000,1214.3394300000,3692.0894820000,3692.0894820000,1,DORA-USDT
2023-01-07 04:00:00,1673035200000,3.0440000000,3.0500000000,3.0340000000,3.0370000000,526.7293800000,1601.5624880000,1601.5624880000,1,DORA-USDT
2023-01-07 05:00:00,1673038800000,3.0390000000,3.0490000000,3.0140000000,3.0140000000,1759.1545570000,5317.8578630000,5317.8578630000,1,DORA-USDT
2023-01-07 06:00:00,1673042400000,3.0160000000,3.0470000000,3.0150000000,3.0430000000,668.9370400000,2025.4591760000,2025.4591760000,1,DORA-USDT
2023-01-07 07:00:00,1673046000000,3.0430000000,3.0530000000,3.0170000000,3.0310000000,2670.5562210000,8099.5556350000,8099.5556350000,1,DORA-USDT
2023-01-07 08:00:00,1673049600000,3.0350000000,3.0530000000,3.0270000000,3.0530000000,1144.5625090000,3477.8300440000,3477.8300440000,1,DORA-USDT
2023-01-07 09:00:00,1673053200000,3.0530000000,3.0550000000,3.0350000000,3.0350000000,886.2419640000,2699.5213520000,2699.5213520000,1,DORA-USDT
2023-01-07 10:00:00,1673056800000,3.0360000000,3.0370000000,3.0250000000,3.0250000000,456.8860100000,1384.1941750000,1384.1941750000,1,DORA-USDT
2023-01-07 11:00:00,1673060400000,3.0240000000,3.0250000000,2.9630000000,2.9700000000,3594.4159190000,10740.1808350000,10740.1808350000,1,DORA-USDT
2023-01-07 12:00:00,1673064000000,2.9710000000,2.9730000000,2.9430000000,2.9560000000,2074.8348070000,6130.7602550000,6130.7602550000,1,DORA-USDT
2023-01-07 13:00:00,1673067600000,2.9550000000,2.9830000000,2.9510000000,2.9760000000,1585.0356620000,4713.2068400000,4713.2068400000,1,DORA-USDT
2023-01-07 14:00:00,1673071200000,2.9760000000,2.9870000000,2.9750000000,2.9870000000,906.5898360000,2700.8547270000,2700.8547270000,1,DORA-USDT
2023-01-07 15:00:00,1673074800000,2.9870000000,2.9950000000,2.9870000000,2.9870000000,729.8664310000,2182.1766770000,2182.1766770000,1,DORA-USDT
2023-01-07 16:00:00,1673078400000,2.9930000000,2.9940000000,2.9790000000,2.9890000000,1289.1139930000,3851.4402110000,3851.4402110000,1,DORA-USDT
2023-01-07 17:00:00,1673082000000,2.9890000000,2.9890000000,2.9820000000,2.9860000000,315.2368310000,940.9752760000,940.9752760000,1,DORA-USDT
2023-01-07 18:00:00,1673085600000,2.9860000000,2.9910000000,2.9690000000,2.9760000000,433.3031740000,1292.8707480000,1292.8707480000,1,DORA-USDT
2023-01-07 19:00:00,1673089200000,2.9740000000,2.9750000000,2.9580000000,2.9680000000,1036.7446320000,3075.8392440000,3075.8392440000,1,DORA-USDT
2023-01-07 20:00:00,1673092800000,2.9660000000,2.9710000000,2.9600000000,2.9690000000,626.8478120000,1858.4676430000,1858.4676430000,1,DORA-USDT
2023-01-07 21:00:00,1673096400000,2.9690000000,2.9810000000,2.9630000000,2.9710000000,1922.1994680000,5717.8430510000,5717.8430510000,1,DORA-USDT
2023-01-07 22:00:00,1673100000000,2.9710000000,2.9770000000,2.9640000000,2.9700000000,768.0343510000,2282.3864250000,2282.3864250000,1,DORA-USDT
2023-01-07 23:00:00,1673103600000,2.9700000000,2.9940000000,2.9540000000,2.9800000000,2679.8860870000,7988.6810230000,7988.6810230000,1,DORA-USDT
2023-01-08 00:00:00,1673107200000,2.9790000000,2.9890000000,2.9700000000,2.9700000000,1988.0052840000,5926.5405150000,5926.5405150000,1,DORA-USDT
2023-01-08 01:00:00,1673110800000,2.9710000000,2.9710000000,2.9470000000,2.9610000000,939.2793480000,2782.2131730000,2782.2131730000,1,DORA-USDT
2023-01-08 02:00:00,1673114400000,2.9600000000,2.9620000000,2.9420000000,2.9450000000,985.0002930000,2908.0094090000,2908.0094090000,1,DORA-USDT
2023-01-08 03:00:00,1673118000000,2.9440000000,2.9560000000,2.9430000000,2.9500000000,906.5023210000,2672.6758030000,2672.6758030000,1,DORA-USDT
2023-01-08 04:00:00,1673121600000,2.9500000000,2.9520000000,2.9420000000,2.9490000000,1798.3366250000,5294.9987090000,5294.9987090000,1,DORA-USDT
2023-01-08 05:00:00,1673125200000,2.9530000000,2.9590000000,2.9500000000,2.9520000000,529.1330660000,1563.3932010000,1563.3932010000,1,DORA-USDT
2023-01-08 06:00:00,1673128800000,2.9500000000,2.9640000000,2.9500000000,2.9590000000,319.0841790000,943.3112000000,943.3112000000,1,DORA-USDT
2023-01-08 07:00:00,1673132400000,2.9600000000,2.9860000000,2.9580000000,2.9810000000,886.5572960000,2638.3258340000,2638.3258340000,1,DORA-USDT
2023-01-08 08:00:00,1673136000000,2.9820000000,2.9820000000,2.9200000000,2.9300000000,1878.8570340000,5518.7941070000,5518.7941070000,1,DORA-USDT
2023-01-08 09:00:00,1673139600000,2.9290000000,2.9350000000,2.9220000000,2.9250000000,667.4471240000,1953.1590550000,1953.1590550000,1,DORA-USDT
2023-01-08 10:00:00,1673143200000,2.9260000000,2.9360000000,2.9240000000,2.9350000000,592.9499400000,1738.5979260000,1738.5979260000,1,DORA-USDT
2023-01-08 11:00:00,1673146800000,2.9350000000,2.9480000000,2.9350000000,2.9460000000,269.6290900000,793.2410150000,793.2410150000,1,DORA-USDT
2023-01-08 12:00:00,1673150400000,2.9450000000,2.9660000000,2.9450000000,2.9610000000,991.7882860000,2934.0874540000,2934.0874540000,1,DORA-USDT
2023-01-08 13:00:00,1673154000000,2.9600000000,2.9600000000,2.9550000000,2.9580000000,165.3302460000,488.9054690000,488.9054690000,1,DORA-USDT
2023-01-08 14:00:00,1673157600000,2.9580000000,2.9580000000,2.9530000000,2.9540000000,176.6956260000,522.2365950000,522.2365950000,1,DORA-USDT
2023-01-08 15:00:00,1673161200000,2.9530000000,2.9590000000,2.9470000000,2.9540000000,508.0933950000,1499.6929280000,1499.6929280000,1,DORA-USDT
2023-01-08 16:00:00,1673164800000,2.9540000000,2.9680000000,2.9540000000,2.9570000000,936.9535120000,2774.8346020000,2774.8346020000,1,DORA-USDT
2023-01-08 17:00:00,1673168400000,2.9590000000,2.9720000000,2.9570000000,2.9700000000,685.7800150000,2034.4523600000,2034.4523600000,1,DORA-USDT
2023-01-08 18:00:00,1673172000000,2.9720000000,2.9720000000,2.9630000000,2.9650000000,257.8370510000,765.1461450000,765.1461450000,1,DORA-USDT
2023-01-08 19:00:00,1673175600000,2.9650000000,2.9780000000,2.9650000000,2.9650000000,539.9250220000,1604.1928140000,1604.1928140000,1,DORA-USDT
2023-01-08 20:00:00,1673179200000,2.9650000000,2.9680000000,2.9620000000,2.9640000000,494.4524980000,1465.8747720000,1465.8747720000,1,DORA-USDT
2023-01-08 21:00:00,1673182800000,2.9640000000,3.0170000000,2.9610000000,2.9970000000,5893.6937350000,17621.2364290000,17621.2364290000,1,DORA-USDT
2023-01-08 22:00:00,1673186400000,2.9930000000,2.9970000000,2.9820000000,2.9930000000,1653.4820110000,4944.3220100000,4944.3220100000,1,DORA-USDT
2023-01-08 23:00:00,1673190000000,2.9920000000,3.0390000000,2.9880000000,3.0170000000,10515.9290000000,31661.0190370000,31661.0190370000,1,DORA-USDT
2023-01-09 00:00:00,1673193600000,3.0180000000,3.0220000000,2.9680000000,2.9810000000,4181.5197070000,12516.9236110000,12516.9236110000,1,DORA-USDT
2023-01-09 01:00:00,1673197200000,2.9820000000,2.9940000000,2.9770000000,2.9930000000,2399.7747540000,7167.4616520000,7167.4616520000,1,DORA-USDT
2023-01-09 02:00:00,1673200800000,2.9930000000,3.0030000000,2.9900000000,3.0020000000,281.9975520000,845.5665110000,845.5665110000,1,DORA-USDT
2023-01-09 03:00:00,1673204400000,3.0030000000,3.0120000000,3.0000000000,3.0040000000,718.0299550000,2156.2862520000,2156.2862520000,1,DORA-USDT
2023-01-09 04:00:00,1673208000000,3.0040000000,3.0190000000,2.9960000000,3.0130000000,2454.4569730000,7393.0834280000,7393.0834280000,1,DORA-USDT
2023-01-09 05:00:00,1673211600000,3.0130000000,3.0260000000,3.0110000000,3.0140000000,282.3479410000,851.7677860000,851.7677860000,1,DORA-USDT
2023-01-09 06:00:00,1673215200000,3.0140000000,3.0190000000,3.0060000000,3.0100000000,217.1701070000,654.0678300000,654.0678300000,1,DORA-USDT
2023-01-09 07:00:00,1673218800000,3.0110000000,3.1240000000,3.0100000000,3.0680000000,17380.9442880000,53683.5721180000,53683.5721180000,1,DORA-USDT
2023-01-09 08:00:00,1673222400000,3.0700000000,3.0870000000,3.0520000000,3.0860000000,4984.3745390000,15298.0393630000,15298.0393630000,1,DORA-USDT
2023-01-09 09:00:00,1673226000000,3.0850000000,3.1160000000,3.0730000000,3.1070000000,1605.7078870000,4968.5789990000,4968.5789990000,1,DORA-USDT
2023-01-09 10:00:00,1673229600000,3.1030000000,3.1300000000,3.0910000000,3.0990000000,4815.3907420000,14985.4740440000,14985.4740440000,1,DORA-USDT
2023-01-09 11:00:00,1673233200000,3.0980000000,3.1120000000,3.0800000000,3.1010000000,3398.6353320000,10528.6982940000,10528.6982940000,1,DORA-USDT
2023-01-09 12:00:00,1673236800000,3.0960000000,3.1110000000,3.0880000000,3.0890000000,2284.8934890000,7085.0677730000,7085.0677730000,1,DORA-USDT
2023-01-09 13:00:00,1673240400000,3.0900000000,3.1080000000,3.0440000000,3.0540000000,5326.3360470000,16388.7630870000,16388.7630870000,1,DORA-USDT
2023-01-09 14:00:00,1673244000000,3.0540000000,3.0820000000,3.0530000000,3.0730000000,1739.7588630000,5336.8494990000,5336.8494990000,1,DORA-USDT
2023-01-09 15:00:00,1673247600000,3.0730000000,3.0880000000,3.0660000000,3.0790000000,1661.0553130000,5116.9949250000,5116.9949250000,1,DORA-USDT
2023-01-09 16:00:00,1673251200000,3.0770000000,3.0840000000,3.0570000000,3.0720000000,1650.1364370000,5066.6807700000,5066.6807700000,1,DORA-USDT
2023-01-09 17:00:00,1673254800000,3.0720000000,3.1280000000,3.0710000000,3.1080000000,3746.7627160000,11619.1830930000,11619.1830930000,1,DORA-USDT
2023-01-09 18:00:00,1673258400000,3.1090000000,3.1520000000,3.1080000000,3.1310000000,2436.9795470000,7627.8277660000,7627.8277660000,1,DORA-USDT
2023-01-09 19:00:00,1673262000000,3.1310000000,3.1410000000,3.1280000000,3.1330000000,835.7513940000,2619.2387360000,2619.2387360000,1,DORA-USDT
2023-01-09 20:00:00,1673265600000,3.1320000000,3.1350000000,3.1110000000,3.1180000000,536.0591140000,1672.9194750000,1672.9194750000,1,DORA-USDT
2023-01-09 21:00:00,1673269200000,3.1180000000,3.1270000000,3.0640000000,3.0820000000,1865.3674020000,5791.6914070000,5791.6914070000,1,DORA-USDT
2023-01-09 22:00:00,1673272800000,3.0820000000,3.1100000000,3.0550000000,3.1100000000,2511.4055300000,7733.8508300000,7733.8508300000,1,DORA-USDT
2023-01-09 23:00:00,1673276400000,3.1080000000,3.1100000000,3.0830000000,3.0920000000,875.1220180000,2712.3907470000,2712.3907470000,1,DORA-USDT
2023-01-10 00:00:00,1673280000000,3.0910000000,3.1700000000,3.0900000000,3.1540000000,2268.5638940000,7123.9448200000,7123.9448200000,1,DORA-USDT
2023-01-10 01:00:00,1673283600000,3.1540000000,3.1790000000,3.1380000000,3.1540000000,2710.0206330000,8553.6139800000,8553.6139800000,1,DORA-USDT
2023-01-10 02:00:00,1673287200000,3.1550000000,3.1570000000,3.1170000000,3.1200000000,1244.1688970000,3901.4106410000,3901.4106410000,1,DORA-USDT
2023-01-10 03:00:00,1673290800000,3.1200000000,3.1360000000,3.1200000000,3.1280000000,646.4296510000,2021.8506900000,2021.8506900000,1,DORA-USDT
2023-01-10 04:00:00,1673294400000,3.1270000000,3.1290000000,3.0840000000,3.0870000000,837.9017000000,2601.6063530000,2601.6063530000,1,DORA-USDT
2023-01-10 05:00:00,1673298000000,3.0860000000,3.0980000000,3.0710000000,3.0720000000,960.8506210000,2961.6709250000,2961.6709250000,1,DORA-USDT
2023-01-10 06:00:00,1673301600000,3.0730000000,3.0920000000,3.0690000000,3.0730000000,597.6275100000,1840.5479800000,1840.5479800000,1,DORA-USDT
2023-01-10 07:00:00,1673305200000,3.0730000000,3.0880000000,3.0620000000,3.0840000000,1418.8548560000,4358.3117760000,4358.3117760000,1,DORA-USDT
2023-01-10 08:00:00,1673308800000,3.0770000000,3.1150000000,3.0770000000,3.1150000000,615.9285750000,1907.7799370000,1907.7799370000,1,DORA-USDT
2023-01-10 09:00:00,1673312400000,3.1160000000,3.1160000000,3.0960000000,3.1100000000,566.1023210000,1759.4988620000,1759.4988620000,1,DORA-USDT
2023-01-10 10:00:00,1673316000000,3.1090000000,3.1120000000,3.0800000000,3.0850000000,1053.8583380000,3255.8767140000,3255.8767140000,1,DORA-USDT
2023-01-10 11:00:00,1673319600000,3.0840000000,3.0940000000,3.0710000000,3.0830000000,1464.1327920000,4513.9942760000,4513.9942760000,1,DORA-USDT
2023-01-10 12:00:00,1673323200000,3.0830000000,3.1080000000,3.0820000000,3.0890000000,974.4550530000,3015.4368170000,3015.4368170000,1,DORA-USDT
2023-01-10 13:00:00,1673326800000,3.0860000000,3.0910000000,3.0680000000,3.0740000000,505.2928100000,1553.6687900000,1553.6687900000,1,DORA-USDT
2023-01-10 14:00:00,1673330400000,3.0740000000,3.0890000000,3.0740000000,3.0870000000,2260.9002260000,6969.6344620000,6969.6344620000,1,DORA-USDT
2023-01-10 15:00:00,1673334000000,3.0870000000,3.0940000000,3.0790000000,3.0810000000,323.0627920000,996.7725410000,996.7725410000,1,DORA-USDT
2023-01-10 16:00:00,1673337600000,3.0820000000,3.0980000000,3.0740000000,3.0960000000,461.4780040000,1423.4949570000,1423.4949570000,1,DORA-USDT
2023-01-10 17:00:00,1673341200000,3.0970000000,3.0980000000,3.0850000000,3.0930000000,863.2115710000,2669.5891910000,2669.5891910000,1,DORA-USDT
2023-01-10 18:00:00,1673344800000,3.0930000000,3.0980000000,3.0840000000,3.0940000000,309.0325740000,955.5074750000,955.5074750000,1,DORA-USDT
2023-01-10 19:00:00,1673348400000,3.0970000000,3.1010000000,3.0610000000,3.0630000000,761.0824740000,2348.3676200000,2348.3676200000,1,DORA-USDT
2023-01-10 20:00:00,1673352000000,3.0630000000,3.0790000000,3.0500000000,3.0700000000,2066.3186270000,6338.4268490000,6338.4268490000,1,DORA-USDT
2023-01-10 21:00:00,1673355600000,3.0700000000,3.0870000000,3.0700000000,3.0810000000,288.8969050000,889.8477920000,889.8477920000,1,DORA-USDT
2023-01-10 22:00:00,1673359200000,3.0820000000,3.1000000000,3.0510000000,3.0520000000,1121.3012940000,3453.7642620000,3453.7642620000,1,DORA-USDT
2023-01-10 23:00:00,1673362800000,3.0690000000,3.0790000000,3.0380000000,3.0550000000,569.1351070000,1742.1800150000,1742.1800150000,1,DORA-USDT
2023-01-11 00:00:00,1673366400000,3.0550000000,3.0630000000,3.0120000000,3.0240000000,1789.8362360000,5433.0699080000,5433.0699080000,1,DORA-USDT
2023-01-11 01:00:00,1673370000000,3.0230000000,3.0300000000,3.0150000000,3.0260000000,222.9703150000,674.4982550000,674.4982550000,1,DORA-USDT
2023-01-11 02:00:00,1673373600000,3.0280000000,3.0450000000,3.0250000000,3.0410000000,455.1929610000,1382.3399330000,1382.3399330000,1,DORA-USDT
2023-01-11 03:00:00,1673377200000,3.0410000000,3.0410000000,3.0250000000,3.0310000000,282.9621380000,858.1537690000,858.1537690000,1,DORA-USDT
2023-01-11 04:00:00,1673380800000,3.0300000000,3.0390000000,3.0200000000,3.0330000000,506.3339060000,1533.2609600000,1533.2609600000,1,DORA-USDT
2023-01-11 05:00:00,1673384400000,3.0330000000,3.0530000000,3.0210000000,3.0270000000,1332.6463520000,4043.7146620000,4043.7146620000,1,DORA-USDT
2023-01-11 06:00:00,1673388000000,3.0280000000,3.0320000000,3.0190000000,3.0290000000,1048.9627770000,3173.8340760000,3173.8340760000,1,DORA-USDT
2023-01-11 07:00:00,1673391600000,3.0300000000,3.0730000000,3.0260000000,3.0600000000,1638.7157850000,5006.6173230000,5006.6173230000,1,DORA-USDT
2023-01-11 08:00:00,1673395200000,3.0570000000,3.0610000000,3.0400000000,3.0490000000,866.2026520000,2639.9679920000,2639.9679920000,1,DORA-USDT
2023-01-11 09:00:00,1673398800000,3.0490000000,3.0550000000,3.0380000000,3.0460000000,607.8947380000,1852.7054000000,1852.7054000000,1,DORA-USDT
2023-01-11 10:00:00,1673402400000,3.0480000000,3.0520000000,3.0340000000,3.0340000000,1090.2168520000,3317.8382040000,3317.8382040000,1,DORA-USDT
2023-01-11 11:00:00,1673406000000,3.0330000000,3.1020000000,3.0330000000,3.1020000000,2180.2422000000,6669.0699130000,6669.0699130000,1,DORA-USDT
2023-01-11 12:00:00,1673409600000,3.1100000000,3.1660000000,3.0970000000,3.1390000000,8777.0160950000,27497.0780290000,27497.0780290000,1,DORA-USDT
2023-01-11 13:00:00,1673413200000,3.1360000000,3.1480000000,3.1100000000,3.1120000000,2139.3379280000,6696.9957300000,6696.9957300000,1,DORA-USDT
2023-01-11 14:00:00,1673416800000,3.1120000000,3.1290000000,3.1030000000,3.1190000000,1128.8538070000,3513.0816000000,3513.0816000000,1,DORA-USDT
2023-01-11 15:00:00,1673420400000,3.1160000000,3.1240000000,3.1020000000,3.1090000000,903.9632500000,2812.8496670000,2812.8496670000,1,DORA-USDT
2023-01-11 16:00:00,1673424000000,3.1020000000,3.1280000000,3.1020000000,3.1170000000,713.3404020000,2220.3587200000,2220.3587200000,1,DORA-USDT
2023-01-11 17:00:00,1673427600000,3.1260000000,3.2490000000,3.1110000000,3.2100000000,9451.7320330000,30236.4986970000,30236.4986970000,1,DORA-USDT
2023-01-11 18:00:00,1673431200000,3.2140000000,3.2700000000,3.1840000000,3.1870000000,3875.8610090000,12536.9759870000,12536.9759870000,1,DORA-USDT
2023-01-11 19:00:00,1673434800000,3.1870000000,3.2380000000,3.1710000000,3.2010000000,4131.4984250000,13212.6227890000,13212.6227890000,1,DORA-USDT
2023-01-11 20:00:00,1673438400000,3.1990000000,3.2140000000,3.1660000000,3.1720000000,2565.9186870000,8175.5030380000,8175.5030380000,1,DORA-USDT
2023-01-11 21:00:00,1673442000000,3.1720000000,3.1930000000,3.1670000000,3.1740000000,1285.6858140000,4093.0413140000,4093.0413140000,1,DORA-USDT
2023-01-11 22:00:00,1673445600000,3.1790000000,3.1830000000,3.1390000000,3.1780000000,1914.7073180000,6048.1167090000,6048.1167090000,1,DORA-USDT
2023-01-11 23:00:00,1673449200000,3.1780000000,3.1920000000,3.1010000000,3.1180000000,8306.1204940000,26161.2632700000,26161.2632700000,1,DORA-USDT
2023-01-12 00:00:00,1673452800000,3.1180000000,3.1240000000,3.0900000000,3.0910000000,2623.2381820000,8152.7929770000,8152.7929770000,1,DORA-USDT
2023-01-12 01:00:00,1673456400000,3.0910000000,3.1020000000,3.0880000000,3.0990000000,377.8662630000,1170.5148980000,1170.5148980000,1,DORA-USDT
2023-01-12 02:00:00,1673460000000,3.0990000000,3.1280000000,3.0960000000,3.1120000000,1253.5603570000,3907.5128900000,3907.5128900000,1,DORA-USDT
2023-01-12 03:00:00,1673463600000,3.1150000000,3.1320000000,3.1080000000,3.1320000000,383.4615520000,1197.5571830000,1197.5571830000,1,DORA-USDT
2023-01-12 04:00:00,1673467200000,3.1310000000,3.1360000000,3.1210000000,3.1320000000,1042.4751400000,3262.6387050000,3262.6387050000,1,DORA-USDT
2023-01-12 05:00:00,1673470800000,3.1320000000,3.1350000000,3.1180000000,3.1280000000,1975.9076180000,6179.4659500000,6179.4659500000,1,DORA-USDT
2023-01-12 06:00:00,1673474400000,3.1310000000,3.1590000000,3.1130000000,3.1590000000,3039.2310420000,9512.5570710000,9512.5570710000,1,DORA-USDT
2023-01-12 07:00:00,1673478000000,3.1600000000,3.2300000000,3.1600000000,3.1820000000,4527.3658550000,14452.8331480000,14452.8331480000,1,DORA-USDT
2023-01-12 08:00:00,1673481600000,3.1800000000,3.2640000000,3.1800000000,3.2380000000,5952.4507400000,19156.6317150000,19156.6317150000,1,DORA-USDT
2023-01-12 09:00:00,1673485200000,3.2420000000,3.2500000000,3.1810000000,3.2130000000,6927.4965620000,22230.9562050000,22230.9562050000,1,DORA-USDT
2023-01-12 10:00:00,1673488800000,3.2090000000,3.2140000000,3.1890000000,3.1970000000,1754.0597010000,5621.5119230000,5621.5119230000,1,DORA-USDT
2023-01-12 11:00:00,1673492400000,3.1960000000,3.2220000000,3.1960000000,3.2170000000,2505.9976900000,8052.9724620000,8052.9724620000,1,DORA-USDT
2023-01-12 12:00:00,1673496000000,3.2170000000,3.2370000000,3.2050000000,3.2210000000,3033.8509590000,9785.6828550000,9785.6828550000,1,DORA-USDT
2023-01-12 13:00:00,1673499600000,3.2180000000,3.2240000000,3.1620000000,3.1630000000,957.7508530000,3057.7841630000,3057.7841630000,1,DORA-USDT
2023-01-12 14:00:00,1673503200000,3.1630000000,3.1980000000,3.1620000000,3.1980000000,512.5883590000,1630.0061220000,1630.0061220000,1,DORA-USDT
2023-01-12 15:00:00,1673506800000,3.1970000000,3.2060000000,3.1960000000,3.2050000000,779.5058480000,2496.5642890000,2496.5642890000,1,DORA-USDT
2023-01-12 16:00:00,1673510400000,3.2050000000,3.2080000000,3.1830000000,3.1910000000,648.5445570000,2072.3486240000,2072.3486240000,1,DORA-USDT
2023-01-12 17:00:00,1673514000000,3.1920000000,3.1950000000,3.1850000000,3.1870000000,370.7086590000,1182.2388450000,1182.2388450000,1,DORA-USDT
2023-01-12 18:00:00,1673517600000,3.1880000000,3.1880000000,3.1750000000,3.1860000000,359.0153170000,1141.0164030000,1141.0164030000,1,DORA-USDT
2023-01-12 19:00:00,1673521200000,3.1880000000,3.1970000000,3.1830000000,3.1840000000,554.6703770000,1770.1129650000,1770.1129650000,1,DORA-USDT
2023-01-12 20:00:00,1673524800000,3.1840000000,3.1850000000,3.1510000000,3.1640000000,1650.4951040000,5225.0657120000,5225.0657120000,1,DORA-USDT
2023-01-12 21:00:00,1673528400000,3.1630000000,3.1690000000,3.0850000000,3.1660000000,9518.4647720000,29833.9500990000,29833.9500990000,1,DORA-USDT
2023-01-12 22:00:00,1673532000000,3.1680000000,3.1760000000,3.1090000000,3.1200000000,2583.2856430000,8086.7437260000,8086.7437260000,1,DORA-USDT
2023-01-12 23:00:00,1673535600000,3.1220000000,3.1500000000,3.1170000000,3.1480000000,405.3063340000,1272.8935190000,1272.8935190000,1,DORA-USDT
2023-01-13 00:00:00,1673539200000,3.1470000000,3.1680000000,3.1220000000,3.1530000000,2815.1835560000,8856.0046650000,8856.0046650000,1,DORA-USDT
2023-01-13 01:00:00,1673542800000,3.1530000000,3.1960000000,3.1530000000,3.1870000000,2032.7977130000,6460.5211520000,6460.5211520000,1,DORA-USDT
2023-01-13 02:00:00,1673546400000,3.1940000000,3.2010000000,3.1640000000,3.1790000000,2688.1412430000,8557.5706550000,8557.5706550000,1,DORA-USDT
2023-01-13 03:00:00,1673550000000,3.1790000000,3.2080000000,3.1700000000,3.1950000000,1152.4420850000,3680.9395330000,3680.9395330000,1,DORA-USDT
2023-01-13 04:00:00,1673553600000,3.1910000000,3.2110000000,3.1910000000,3.2110000000,595.2960440000,1906.9076010000,1906.9076010000,1,DORA-USDT
2023-01-13 05:00:00,1673557200000,3.2090000000,3.2220000000,3.1910000000,3.1970000000,1575.7620780000,5050.5181320000,5050.5181320000,1,DORA-USDT
2023-01-13 06:00:00,1673560800000,3.1960000000,3.2060000000,3.1830000000,3.1900000000,1119.2938760000,3575.3928040000,3575.3928040000,1,DORA-USDT
2023-01-13 07:00:00,1673564400000,3.1920000000,3.2000000000,3.1840000000,3.1980000000,245.8997690000,785.4420720000,785.4420720000,1,DORA-USDT
2023-01-13 08:00:00,1673568000000,3.1960000000,3.2040000000,3.1690000000,3.1770000000,1034.3794140000,3296.1934880000,3296.1934880000,1,DORA-USDT
2023-01-13 09:00:00,1673571600000,3.1830000000,3.1860000000,3.1690000000,3.1840000000,905.0570860000,2874.9899200000,2874.9899200000,1,DORA-USDT
2023-01-13 10:00:00,1673575200000,3.1840000000,3.2140000000,3.1830000000,3.2110000000,1731.6429210000,5549.2735850000,5549.2735850000,1,DORA-USDT
2023-01-13 11:00:00,1673578800000,3.2110000000,3.2490000000,3.2100000000,3.2360000000,2903.9445600000,9379.3514570000,9379.3514570000,1,DORA-USDT
2023-01-13 12:00:00,1673582400000,3.2340000000,3.2350000000,3.2230000000,3.2300000000,597.9120530000,1930.8652790000,1930.8652790000,1,DORA-USDT
2023-01-13 13:00:00,1673586000000,3.2280000000,3.2320000000,3.1800000000,3.1820000000,2249.8784320000,7220.1290670000,7220.1290670000,1,DORA-USDT
2023-01-13 14:00:00,1673589600000,3.1820000000,3.2040000000,3.1820000000,3.2040000000,663.8449930000,2118.7342470000,2118.7342470000,1,DORA-USDT
2023-01-13 15:00:00,1673593200000,3.2040000000,3.2040000000,3.1840000000,3.1910000000,1289.4254730000,4122.0436860000,4122.0436860000,1,DORA-USDT
2023-01-13 16:00:00,1673596800000,3.1910000000,3.2010000000,3.1840000000,3.1990000000,1551.9996310000,4956.9933400000,4956.9933400000,1,DORA-USDT
2023-01-13 17:00:00,1673600400000,3.2000000000,3.2400000000,3.1990000000,3.2310000000,5842.7612950000,18867.9815350000,18867.9815350000,1,DORA-USDT
2023-01-13 18:00:00,1673604000000,3.2320000000,3.2550000000,3.2140000000,3.2480000000,2779.2946520000,9004.2989300000,9004.2989300000,1,DORA-USDT
2023-01-13 19:00:00,1673607600000,3.2480000000,3.2870000000,3.2210000000,3.2460000000,2263.5306960000,7346.2410220000,7346.2410220000,1,DORA-USDT
2023-01-13 20:00:00,1673611200000,3.2450000000,3.2450000000,3.1830000000,3.1890000000,3791.8629580000,12189.5939230000,12189.5939230000,1,DORA-USDT
2023-01-13 21:00:00,1673614800000,3.1910000000,3.2290000000,3.1800000000,3.2200000000,1663.0578980000,5315.2852840000,5315.2852840000,1,DORA-USDT
2023-01-13 22:00:00,1673618400000,3.2190000000,3.3830000000,3.2150000000,3.3140000000,12653.8716650000,41795.8885670000,41795.8885670000,1,DORA-USDT
2023-01-13 23:00:00,1673622000000,3.3180000000,3.4930000000,3.3180000000,3.4360000000,15434.9120560000,52797.6907280000,52797.6907280000,1,DORA-USDT
2023-01-14 00:00:00,1673625600000,3.4460000000,3.4460000000,3.3600000000,3.4130000000,5402.1048870000,18358.0530550000,18358.0530550000,1,DORA-USDT
2023-01-14 01:00:00,1673629200000,3.4100000000,3.4180000000,3.3660000000,3.3710000000,3571.7032000000,12103.2266830000,12103.2266830000,1,DORA-USDT
2023-01-14 02:00:00,1673632800000,3.3750000000,3.4730000000,3.3750000000,3.4480000000,1904.5496450000,6522.0826350000,6522.0826350000,1,DORA-USDT
2023-01-14 03:00:00,1673636400000,3.4480000000,3.4480000000,3.4210000000,3.4470000000,980.6638210000,3370.2502710000,3370.2502710000,1,DORA-USDT
2023-01-14 04:00:00,1673640000000,3.4490000000,3.4770000000,3.4200000000,3.4560000000,3659.1446010000,12620.0247310000,12620.0247310000,1,DORA-USDT
2023-01-14 05:00:00,1673643600000,3.4570000000,3.9260000000,3.4140000000,3.6080000000,32181.6106350000,117901.6133760000,117901.6133760000,1,DORA-USDT
2023-01-14 06:00:00,1673647200000,3.6040000000,3.7210000000,3.5760000000,3.6330000000,3846.6456220000,13999.9470340000,13999.9470340000,1,DORA-USDT
2023-01-14 07:00:00,1673650800000,3.6330000000,3.6420000000,3.5960000000,3.5960000000,3998.2603370000,14463.6638330000,14463.6638330000,1,DORA-USDT
2023-01-14 08:00:00,1673654400000,3.6010000000,3.7800000000,3.5850000000,3.6180000000,12076.6911380000,44397.6463860000,44397.6463860000,1,DORA-USDT
2023-01-14 09:00:00,1673658000000,3.6160000000,3.6510000000,3.6020000000,3.6510000000,4514.4691410000,16390.3700580000,16390.3700580000,1,DORA-USDT
2023-01-14 10:00:00,1673661600000,3.6510000000,3.6760000000,3.6370000000,3.6550000000,2713.8034180000,9932.0967500000,9932.0967500000,1,DORA-USDT
2023-01-14 11:00:00,1673665200000,3.6590000000,3.6690000000,3.6100000000,3.6250000000,1591.5596270000,5786.2613230000,5786.2613230000,1,DORA-USDT
2023-01-14 12:00:00,1673668800000,3.6230000000,3.6560000000,3.6130000000,3.6560000000,1845.1679180000,6712.3175840000,6712.3175840000,1,DORA-USDT
2023-01-14 13:00:00,1673672400000,3.6570000000,3.6800000000,3.6270000000,3.6790000000,2817.4201560000,10283.6720100000,10283.6720100000,1,DORA-USDT
2023-01-14 14:00:00,1673676000000,3.6760000000,3.7500000000,3.6760000000,3.7500000000,6585.1810790000,24466.7219820000,24466.7219820000,1,DORA-USDT
2023-01-14 15:00:00,1673679600000,3.7520000000,3.7740000000,3.7240000000,3.7490000000,4113.7465500000,15437.2205540000,15437.2205540000,1,DORA-USDT
2023-01-14 16:00:00,1673683200000,3.7480000000,3.8160000000,3.7470000000,3.7780000000,13684.0231360000,51787.4126600000,51787.4126600000,1,DORA-USDT
2023-01-14 17:00:00,1673686800000,3.7760000000,3.7800000000,3.3520000000,3.5360000000,26192.9020610000,92915.3634850000,92915.3634850000,1,DORA-USDT
2023-01-14 18:00:00,1673690400000,3.5380000000,3.5730000000,3.4640000000,3.5670000000,3539.3148090000,12457.6284390000,12457.6284390000,1,DORA-USDT
2023-01-14 19:00:00,1673694000000,3.5700000000,3.6180000000,3.5380000000,3.5420000000,3850.7560320000,13748.3236280000,13748.3236280000,1,DORA-USDT
2023-01-14 20:00:00,1673697600000,3.5420000000,3.5680000000,3.4970000000,3.5620000000,2555.5157290000,9053.9502760000,9053.9502760000,1,DORA-USDT
2023-01-14 21:00:00,1673701200000,3.5580000000,3.5600000000,3.4760000000,3.5370000000,6951.1270170000,24389.9204090000,24389.9204090000,1,DORA-USDT
2023-01-14 22:00:00,1673704800000,3.5390000000,3.5990000000,3.4780000000,3.5300000000,5051.1864210000,17906.2576700000,17906.2576700000,1,DORA-USDT
2023-01-14 23:00:00,1673708400000,3.5270000000,3.5980000000,3.5160000000,3.5820000000,3148.6668740000,11233.5884420000,11233.5884420000,1,DORA-USDT
2023-01-15 00:00:00,1673712000000,3.5840000000,3.5860000000,3.5490000000,3.5590000000,2542.1875810000,9066.9546960000,9066.9546960000,1,DORA-USDT
2023-01-15 01:00:00,1673715600000,3.5600000000,3.5760000000,3.5050000000,3.5180000000,1891.5493880000,6697.3908610000,6697.3908610000,1,DORA-USDT
2023-01-15 02:00:00,1673719200000,3.5130000000,3.5270000000,3.4880000000,3.5120000000,1186.5856800000,4162.5095320000,4162.5095320000,1,DORA-USDT
2023-01-15 03:00:00,1673722800000,3.5110000000,3.5250000000,3.4910000000,3.5050000000,952.2395200000,3348.0341700000,3348.0341700000,1,DORA-USDT
2023-01-15 04:00:00,1673726400000,3.5030000000,3.5240000000,3.4950000000,3.5220000000,760.9720230000,2671.4421110000,2671.4421110000,1,DORA-USDT
2023-01-15 05:00:00,1673730000000,3.5210000000,3.5700000000,3.4990000000,3.5530000000,2077.3542800000,7372.2597340000,7372.2597340000,1,DORA-USDT
2023-01-15 06:00:00,1673733600000,3.5520000000,3.5600000000,3.5400000000,3.5600000000,545.7825480000,1940.1454640000,1940.1454640000,1,DORA-USDT
2023-01-15 07:00:00,1673737200000,3.5590000000,3.6290000000,3.5590000000,3.5990000000,2936.8775220000,10573.2651160000,10573.2651160000,1,DORA-USDT
2023-01-15 08:00:00,1673740800000,3.6090000000,3.6660000000,3.5350000000,3.6030000000,4788.9559220000,17324.7280280000,17324.7280280000,1,DORA-USDT
2023-01-15 09:00:00,1673744400000,3.6050000000,3.6310000000,3.5500000000,3.5960000000,1949.6266250000,6984.9634470000,6984.9634470000,1,DORA-USDT
2023-01-15 10:00:00,1673748000000,3.5970000000,3.6270000000,3.5370000000,3.5540000000,13702.0031910000,49247.7241980000,49247.7241980000,1,DORA-USDT
2023-01-15 11:00:00,1673751600000,3.5530000000,3.5680000000,3.4100000000,3.4860000000,7362.3794920000,25580.3664330000,25580.3664330000,1,DORA-USDT
2023-01-15 12:00:00,1673755200000,3.4830000000,3.5050000000,3.4820000000,3.4830000000,1971.2326490000,6886.7122450000,6886.7122450000,1,DORA-USDT
2023-01-15 13:00:00,1673758800000,3.4820000000,3.5100000000,3.4750000000,3.5010000000,1702.0286950000,5942.5522590000,5942.5522590000,1,DORA-USDT
2023-01-15 14:00:00,1673762400000,3.5000000000,3.5000000000,3.4690000000,3.4740000000,824.8122640000,2872.6229900000,2872.6229900000,1,DORA-USDT
2023-01-15 15:00:00,1673766000000,3.4740000000,3.4740000000,3.4010000000,3.4420000000,6210.0858450000,21276.9213290000,21276.9213290000,1,DORA-USDT
2023-01-15 16:00:00,1673769600000,3.4370000000,3.4370000000,3.3500000000,3.3810000000,7291.0950070000,24640.2564690000,24640.2564690000,1,DORA-USDT
2023-01-15 17:00:00,1673773200000,3.3730000000,3.4290000000,3.3540000000,3.4250000000,4889.4073280000,16615.3551860000,16615.3551860000,1,DORA-USDT
2023-01-15 18:00:00,1673776800000,3.4170000000,3.4380000000,3.4170000000,3.4370000000,1101.0003900000,3773.4075260000,3773.4075260000,1,DORA-USDT
2023-01-15 19:00:00,1673780400000,3.4400000000,3.4880000000,3.4260000000,3.4530000000,1843.8737280000,6357.5587450000,6357.5587450000,1,DORA-USDT
2023-01-15 20:00:00,1673784000000,3.4530000000,3.4580000000,3.4220000000,3.4230000000,993.1484910000,3414.5938590000,3414.5938590000,1,DORA-USDT
2023-01-15 21:00:00,1673787600000,3.4240000000,3.4760000000,3.4100000000,3.4200000000,5306.0193600000,18267.9420210000,18267.9420210000,1,DORA-USDT
2023-01-15 22:00:00,1673791200000,3.4200000000,3.4950000000,3.4140000000,3.4850000000,4332.8946470000,14968.4123180000,14968.4123180000,1,DORA-USDT
2023-01-15 23:00:00,1673794800000,3.4860000000,3.5160000000,3.4610000000,3.5130000000,6424.6080360000,22474.9786990000,22474.9786990000,1,DORA-USDT
2023-01-16 00:00:00,1673798400000,3.5120000000,3.5500000000,3.4900000000,3.5150000000,4530.8548690000,15941.8498740000,15941.8498740000,1,DORA-USDT
2023-01-16 01:00:00,1673802000000,3.5220000000,3.6400000000,3.5050000000,3.5320000000,8726.0008140000,31137.5028990000,31137.5028990000,1,DORA-USDT
2023-01-16 02:00:00,1673805600000,3.5330000000,3.5390000000,3.4800000000,3.5310000000,3551.1504560000,12494.6827290000,12494.6827290000,1,DORA-USDT
2023-01-16 03:00:00,1673809200000,3.5290000000,3.5330000000,3.5100000000,3.5290000000,390.4496460000,1376.3784190000,1376.3784190000,1,DORA-USDT
2023-01-16 04:00:00,1673812800000,3.5300000000,3.5300000000,3.4980000000,3.5140000000,1055.5264220000,3699.9018550000,3699.9018550000,1,DORA-USDT
2023-01-16 05:00:00,1673816400000,3.5140000000,3.5390000000,3.5130000000,3.5350000000,422.8169270000,1491.8135110000,1491.8135110000,1,DORA-USDT
2023-01-16 06:00:00,1673820000000,3.5340000000,3.5370000000,3.4800000000,3.5040000000,1166.1511540000,4082.8386320000,4082.8386320000,1,DORA-USDT
2023-01-16 07:00:00,1673823600000,3.5000000000,3.5190000000,3.4870000000,3.4970000000,1518.4415930000,5321.3588420000,5321.3588420000,1,DORA-USDT
2023-01-16 08:00:00,1673827200000,3.5000000000,3.5100000000,3.4170000000,3.4890000000,6845.5856350000,23729.0408510000,23729.0408510000,1,DORA-USDT
2023-01-16 09:00:00,1673830800000,3.4980000000,3.5730000000,3.4700000000,3.5730000000,6104.2418530000,21492.1937400000,21492.1937400000,1,DORA-USDT
2023-01-16 10:00:00,1673834400000,3.5730000000,3.6040000000,3.5390000000,3.5610000000,4273.9824760000,15194.2969750000,15194.2969750000,1,DORA-USDT
2023-01-16 11:00:00,1673838000000,3.5670000000,3.5740000000,3.5230000000,3.5360000000,1081.4481020000,3842.0366860000,3842.0366860000,1,DORA-USDT
2023-01-16 12:00:00,1673841600000,3.5360000000,3.5460000000,3.5200000000,3.5450000000,942.3814240000,3327.8076920000,3327.8076920000,1,DORA-USDT
2023-01-16 13:00:00,1673845200000,3.5430000000,3.7180000000,3.5410000000,3.6900000000,8756.7481950000,31912.9689660000,31912.9689660000,1,DORA-USDT
2023-01-16 14:00:00,1673848800000,3.7050000000,3.7790000000,3.6130000000,3.6160000000,12175.7244450000,44761.9670070000,44761.9670070000,1,DORA-USDT
2023-01-16 15:00:00,1673852400000,3.6270000000,3.6480000000,3.6240000000,3.6370000000,1238.7739150000,4504.8522130000,4504.8522130000,1,DORA-USDT
2023-01-16 16:00:00,1673856000000,3.6390000000,3.6390000000,3.5200000000,3.5800000000,11987.6273980000,42624.1668350000,42624.1668350000,1,DORA-USDT
2023-01-16 17:00:00,1673859600000,3.5780000000,3.6110000000,3.5670000000,3.6090000000,2012.7786880000,7234.9250040000,7234.9250040000,1,DORA-USDT
2023-01-16 18:00:00,1673863200000,3.6070000000,3.6220000000,3.5590000000,3.5680000000,6180.6705890000,22205.6416980000,22205.6416980000,1,DORA-USDT
2023-01-16 19:00:00,1673866800000,3.5630000000,3.5730000000,3.5300000000,3.5560000000,2122.1348670000,7542.0919320000,7542.0919320000,1,DORA-USDT
2023-01-16 20:00:00,1673870400000,3.5580000000,3.5700000000,3.4770000000,3.4770000000,3268.0697730000,11502.7201880000,11502.7201880000,1,DORA-USDT
2023-01-16 21:00:00,1673874000000,3.4830000000,3.5250000000,3.4790000000,3.4960000000,1159.4642220000,4064.0097310000,4064.0097310000,1,DORA-USDT
2023-01-16 22:00:00,1673877600000,3.4950000000,3.5040000000,3.4600000000,3.4860000000,953.8096460000,3322.2863080000,3322.2863080000,1,DORA-USDT
2023-01-16 23:00:00,1673881200000,3.4850000000,3.4910000000,3.3620000000,3.4550000000,5394.2431700000,18521.8837050000,18521.8837050000,1,DORA-USDT
2023-01-17 00:00:00,1673884800000,3.4580000000,3.4580000000,3.4170000000,3.4300000000,826.3788360000,2836.4940790000,2836.4940790000,1,DORA-USDT
2023-01-17 01:00:00,1673888400000,3.4310000000,3.4550000000,3.4170000000,3.4430000000,2241.9690770000,7703.0434350000,7703.0434350000,1,DORA-USDT
2023-01-17 02:00:00,1673892000000,3.4430000000,3.4550000000,3.4300000000,3.4460000000,1191.7726260000,4095.6109360000,4095.6109360000,1,DORA-USDT
2023-01-17 03:00:00,1673895600000,3.4480000000,3.4580000000,3.4330000000,3.4370000000,452.4553090000,1559.3160420000,1559.3160420000,1,DORA-USDT
2023-01-17 04:00:00,1673899200000,3.4360000000,3.4460000000,3.4140000000,3.4240000000,1323.6209570000,4537.1056500000,4537.1056500000,1,DORA-USDT
2023-01-17 05:00:00,1673902800000,3.4230000000,3.4350000000,3.3820000000,3.4300000000,4156.3711970000,14172.2904240000,14172.2904240000,1,DORA-USDT
2023-01-17 06:00:00,1673906400000,3.4280000000,3.4360000000,3.4110000000,3.4230000000,860.2487170000,2948.1750400000,2948.1750400000,1,DORA-USDT
2023-01-17 07:00:00,1673910000000,3.4250000000,3.4270000000,3.4010000000,3.4180000000,281.8873460000,962.6465880000,962.6465880000,1,DORA-USDT
2023-01-17 08:00:00,1673913600000,3.4160000000,3.4480000000,3.3850000000,3.4070000000,4985.6167720000,17041.1779800000,17041.1779800000,1,DORA-USDT
2023-01-17 09:00:00,1673917200000,3.4050000000,3.4190000000,3.3300000000,3.3820000000,6439.5295600000,21591.3727720000,21591.3727720000,1,DORA-USDT
2023-01-17 10:00:00,1673920800000,3.3820000000,3.4070000000,3.3530000000,3.4010000000,2268.4127930000,7669.8820140000,7669.8820140000,1,DORA-USDT
2023-01-17 11:00:00,1673924400000,3.4020000000,3.4310000000,3.4020000000,3.4290000000,922.7799770000,3151.7805420000,3151.7805420000,1,DORA-USDT
2023-01-17 12:00:00,1673928000000,3.4280000000,3.4670000000,3.4260000000,3.4530000000,2210.2131850000,7608.7174880000,7608.7174880000,1,DORA-USDT
2023-01-17 13:00:00,1673931600000,3.4560000000,3.4600000000,3.4430000000,3.4490000000,1048.5238960000,3622.0790980000,3622.0790980000,1,DORA-USDT
2023-01-17 14:00:00,1673935200000,3.4490000000,3.5140000000,3.4410000000,3.5000000000,1927.9961870000,6711.9088200000,6711.9088200000,1,DORA-USDT
2023-01-17 15:00:00,1673938800000,3.4990000000,3.5190000000,3.4870000000,3.5040000000,2814.9934750000,9858.3516240000,9858.3516240000,1,DORA-USDT
2023-01-17 16:00:00,1673942400000,3.5060000000,3.5320000000,3.4750000000,3.5140000000,5733.6603260000,20110.4009770000,20110.4009770000,1,DORA-USDT
2023-01-17 17:00:00,1673946000000,3.5160000000,3.5170000000,3.4860000000,3.4950000000,3390.9801780000,11859.3293590000,11859.3293590000,1,DORA-USDT
2023-01-17 18:00:00,1673949600000,3.5000000000,3.5130000000,3.4870000000,3.5120000000,1601.4236070000,5604.7785810000,5604.7785810000,1,DORA-USDT
2023-01-17 19:00:00,1673953200000,3.5090000000,3.5390000000,3.5000000000,3.5060000000,2217.1968500000,7803.8349950000,7803.8349950000,1,DORA-USDT
2023-01-17 20:00:00,1673956800000,3.5080000000,3.5870000000,3.5040000000,3.5810000000,4597.4879740000,16340.8864700000,16340.8864700000,1,DORA-USDT
2023-01-17 21:00:00,1673960400000,3.5850000000,3.6040000000,3.5430000000,3.5780000000,5360.4965440000,19153.6815400000,19153.6815400000,1,DORA-USDT
2023-01-17 22:00:00,1673964000000,3.5770000000,3.5950000000,3.5150000000,3.5610000000,7534.9480580000,26835.2961010000,26835.2961010000,1,DORA-USDT
2023-01-17 23:00:00,1673967600000,3.5630000000,3.5930000000,3.5190000000,3.5300000000,3636.3315270000,12988.9898530000,12988.9898530000,1,DORA-USDT
2023-01-18 00:00:00,1673971200000,3.5340000000,3.7130000000,3.5340000000,3.6690000000,19517.2000980000,71426.2091300000,71426.2091300000,1,DORA-USDT
2023-01-18 01:00:00,1673974800000,3.6670000000,3.7570000000,3.6310000000,3.6920000000,11387.7658130000,42046.6141750000,42046.6141750000,1,DORA-USDT
2023-01-18 02:00:00,1673978400000,3.6930000000,3.7280000000,3.6250000000,3.6650000000,11919.2820470000,43797.9241120000,43797.9241120000,1,DORA-USDT
2023-01-18 03:00:00,1673982000000,3.6710000000,3.7090000000,3.6680000000,3.6780000000,1348.9661300000,4967.4409790000,4967.4409790000,1,DORA-USDT
2023-01-18 04:00:00,1673985600000,3.6790000000,3.7380000000,3.6560000000,3.7060000000,6570.8099280000,24284.6370590000,24284.6370590000,1,DORA-USDT
2023-01-18 05:00:00,1673989200000,3.7050000000,3.7070000000,3.6530000000,3.6740000000,619.1244880000,2279.1221860000,2279.1221860000,1,DORA-USDT
2023-01-18 06:00:00,1673992800000,3.6740000000,3.7120000000,3.6570000000,3.6670000000,1545.1037780000,5682.3477850000,5682.3477850000,1,DORA-USDT
2023-01-18 07:00:00,1673996400000,3.6670000000,3.7130000000,3.6580000000,3.6640000000,8936.1181000000,32905.7123820000,32905.7123820000,1,DORA-USDT
2023-01-18 08:00:00,1674000000000,3.6700000000,3.6930000000,3.6580000000,3.6820000000,1893.7355390000,6940.3568330000,6940.3568330000,1,DORA-USDT
2023-01-18 09:00:00,1674003600000,3.6840000000,3.7280000000,3.6720000000,3.6970000000,5681.5208880000,21053.6955060000,21053.6955060000,1,DORA-USDT
2023-01-18 10:00:00,1674007200000,3.6950000000,3.7020000000,3.6300000000,3.6520000000,13508.4064690000,49433.9769820000,49433.9769820000,1,DORA-USDT
2023-01-18 11:00:00,1674010800000,3.6510000000,3.6580000000,3.6110000000,3.6230000000,7273.8596480000,26443.0140170000,26443.0140170000,1,DORA-USDT
2023-01-18 12:00:00,1674014400000,3.6180000000,3.6920000000,3.6170000000,3.6320000000,3513.4080070000,12845.6337600000,12845.6337600000,1,DORA-USDT
2023-01-18 13:00:00,1674018000000,3.6340000000,3.6490000000,3.6300000000,3.6400000000,5506.8042110000,20005.1230590000,20005.1230590000,1,DORA-USDT
2023-01-18 14:00:00,1674021600000,3.6440000000,3.6480000000,3.6060000000,3.6190000000,3110.5802290000,11302.7828090000,11302.7828090000,1,DORA-USDT
2023-01-18 15:00:00,1674025200000,3.6220000000,3.6360000000,3.6050000000,3.6190000000,1729.3875000000,6255.3078860000,6255.3078860000,1,DORA-USDT
2023-01-18 16:00:00,1674028800000,3.6230000000,3.6250000000,3.6000000000,3.6160000000,4424.2626830000,15953.7269610000,15953.7269610000,1,DORA-USDT
2023-01-18 17:00:00,1674032400000,3.6180000000,3.6470000000,3.6040000000,3.6130000000,773.7282640000,2802.0071400000,2802.0071400000,1,DORA-USDT
2023-01-18 18:00:00,1674036000000,3.6140000000,3.6140000000,3.6000000000,3.6040000000,1409.1992910000,5078.0074410000,5078.0074410000,1,DORA-USDT
2023-01-18 19:00:00,1674039600000,3.6040000000,3.6140000000,3.6000000000,3.6010000000,257.6789990000,929.1972120000,929.1972120000,1,DORA-USDT
2023-01-18 20:00:00,1674043200000,3.6020000000,3.6230000000,3.6000000000,3.6180000000,198.2492700000,716.3157830000,716.3157830000,1,DORA-USDT
2023-01-18 21:00:00,1674046800000,3.6170000000,3.6640000000,3.6070000000,3.6580000000,1026.8676560000,3727.9193940000,3727.9193940000,1,DORA-USDT
2023-01-18 22:00:00,1674050400000,3.6570000000,3.6590000000,3.6260000000,3.6340000000,2083.3069580000,7576.3923980000,7576.3923980000,1,DORA-USDT
2023-01-18 23:00:00,1674054000000,3.6360000000,3.6440000000,3.3100000000,3.4330000000,14638.8886850000,50439.7130330000,50439.7130330000,1,DORA-USDT
2023-01-19 00:00:00,1674057600000,3.4310000000,3.4590000000,3.2280000000,3.3330000000,22206.0217140000,73899.7271440000,73899.7271440000,1,DORA-USDT
2023-01-19 01:00:00,1674061200000,3.3500000000,3.4090000000,3.3290000000,3.3400000000,5666.1127440000,19095.0888340000,19095.0888340000,1,DORA-USDT
2023-01-19 02:00:00,1674064800000,3.3380000000,3.3550000000,3.2860000000,3.2890000000,2363.5712100000,7852.1839910000,7852.1839910000,1,DORA-USDT
2023-01-19 03:00:00,1674068400000,3.2880000000,3.2990000000,3.2720000000,3.2730000000,1508.3304760000,4949.7552590000,4949.7552590000,1,DORA-USDT
2023-01-19 04:00:00,1674072000000,3.2730000000,3.2750000000,3.1830000000,3.2060000000,11024.6036220000,35398.6134810000,35398.6134810000,1,DORA-USDT
2023-01-19 05:00:00,1674075600000,3.2080000000,3.2480000000,3.2060000000,3.2230000000,1020.6268450000,3299.6493370000,3299.6493370000,1,DORA-USDT
2023-01-19 06:00:00,1674079200000,3.2230000000,3.2230000000,3.1710000000,3.1910000000,5580.2953300000,17806.3006540000,17806.3006540000,1,DORA-USDT
2023-01-19 07:00:00,1674082800000,3.1930000000,3.2260000000,3.1590000000,3.1670000000,5166.4702640000,16512.4346930000,16512.4346930000,1,DORA-USDT
2023-01-19 08:00:00,1674086400000,3.1750000000,3.2320000000,3.1710000000,3.2170000000,4474.0114320000,14293.1239300000,14293.1239300000,1,DORA-USDT
2023-01-19 09:00:00,1674090000000,3.2170000000,3.2370000000,3.2050000000,3.2170000000,1895.9331060000,6104.2804850000,6104.2804850000,1,DORA-USDT
2023-01-19 10:00:00,1674093600000,3.2170000000,3.2320000000,3.1910000000,3.2270000000,1413.5789540000,4534.6983470000,4534.6983470000,1,DORA-USDT
2023-01-19 11:00:00,1674097200000,3.2250000000,3.2490000000,3.2150000000,3.2380000000,1141.4003050000,3694.0689020000,3694.0689020000,1,DORA-USDT
2023-01-19 12:00:00,1674100800000,3.2340000000,3.2590000000,3.2340000000,3.2430000000,3028.1022150000,9819.4681660000,9819.4681660000,1,DORA-USDT
2023-01-19 13:00:00,1674104400000,3.2420000000,3.2430000000,3.2050000000,3.2110000000,3767.3874280000,12130.2793250000,12130.2793250000,1,DORA-USDT
2023-01-19 14:00:00,1674108000000,3.2120000000,3.2370000000,3.2080000000,3.2330000000,566.7529530000,1828.2934220000,1828.2934220000,1,DORA-USDT
2023-01-19 15:00:00,1674111600000,3.2330000000,3.2810000000,3.2260000000,3.2540000000,2819.0265480000,9191.7053180000,9191.7053180000,1,DORA-USDT
2023-01-19 16:00:00,1674115200000,3.2520000000,3.2900000000,3.2480000000,3.2730000000,2732.5052000000,8937.6298160000,8937.6298160000,1,DORA-USDT
2023-01-19 17:00:00,1674118800000,3.2710000000,3.2750000000,3.2530000000,3.2580000000,587.3784640000,1916.2211440000,1916.2211440000,1,DORA-USDT
2023-01-19 18:00:00,1674122400000,3.2600000000,3.2660000000,3.2330000000,3.2450000000,904.8603240000,2935.7945120000,2935.7945120000,1,DORA-USDT
2023-01-19 19:00:00,1674126000000,3.2410000000,3.2430000000,3.1990000000,3.2140000000,2618.4271540000,8411.9784420000,8411.9784420000,1,DORA-USDT
2023-01-19 20:00:00,1674129600000,3.2150000000,3.2460000000,3.1840000000,3.2080000000,3189.3989800000,10258.1510410000,10258.1510410000,1,DORA-USDT
2023-01-19 21:00:00,1674133200000,3.2080000000,3.2580000000,3.1800000000,3.2560000000,2177.4039820000,6978.0097570000,6978.0097570000,1,DORA-USDT
2023-01-19 22:00:00,1674136800000,3.2530000000,3.3120000000,3.2430000000,3.3000000000,3463.3569670000,11357.3408050000,11357.3408050000,1,DORA-USDT
2023-01-19 23:00:00,1674140400000,3.3040000000,3.3260000000,3.2380000000,3.2900000000,8666.5142920000,28465.4375060000,28465.4375060000,1,DORA-USDT
2023-01-20 00:00:00,1674144000000,3.2930000000,3.4300000000,3.2750000000,3.3980000000,27073.3561660000,91486.3592180000,91486.3592180000,1,DORA-USDT
2023-01-20 01:00:00,1674147600000,3.3980000000,3.4950000000,3.3780000000,3.4510000000,5100.4674340000,17458.5647460000,17458.5647460000,1,DORA-USDT
2023-01-20 02:00:00,1674151200000,3.4510000000,3.4910000000,3.3450000000,3.4250000000,10796.4295750000,36771.6471870000,36771.6471870000,1,DORA-USDT
2023-01-20 03:00:00,1674154800000,3.4270000000,3.4500000000,3.4050000000,3.4310000000,2093.3465500000,7179.1469350000,7179.1469350000,1,DORA-USDT
2023-01-20 04:00:00,1674158400000,3.4380000000,3.4550000000,3.4030000000,3.4250000000,1822.8484510000,6251.8324690000,6251.8324690000,1,DORA-USDT
2023-01-20 05:00:00,1674162000000,3.4240000000,3.4380000000,3.3760000000,3.3780000000,1815.6112530000,6183.9304640000,6183.9304640000,1,DORA-USDT
2023-01-20 06:00:00,1674165600000,3.3790000000,3.3930000000,3.3510000000,3.3680000000,2766.9548550000,9330.8317990000,9330.8317990000,1,DORA-USDT
2023-01-20 07:00:00,1674169200000,3.3680000000,3.3760000000,3.3520000000,3.3600000000,597.4568420000,2009.2494350000,2009.2494350000,1,DORA-USDT
2023-01-20 08:00:00,1674172800000,3.3660000000,3.3890000000,3.3500000000,3.3690000000,1259.5430050000,4244.6272270000,4244.6272270000,1,DORA-USDT
2023-01-20 09:00:00,1674176400000,3.3670000000,3.3960000000,3.3620000000,3.3890000000,1258.0417930000,4251.8925040000,4251.8925040000,1,DORA-USDT
2023-01-20 10:00:00,1674180000000,3.3870000000,3.3890000000,3.3220000000,3.3430000000,10403.1593750000,34938.7483520000,34938.7483520000,1,DORA-USDT
2023-01-20 11:00:00,1674183600000,3.3440000000,3.3580000000,3.3310000000,3.3330000000,1725.7127430000,5771.6437210000,5771.6437210000,1,DORA-USDT
2023-01-20 12:00:00,1674187200000,3.3330000000,3.3500000000,3.3170000000,3.3180000000,1482.6360380000,4944.7441080000,4944.7441080000,1,DORA-USDT
2023-01-20 13:00:00,1674190800000,3.3170000000,3.3280000000,3.3050000000,3.3120000000,686.3874810000,2276.6486640000,2276.6486640000,1,DORA-USDT
2023-01-20 14:00:00,1674194400000,3.3130000000,3.3450000000,3.3050000000,3.3400000000,1588.4523330000,5282.4458300000,5282.4458300000,1,DORA-USDT
2023-01-20 15:00:00,1674198000000,3.3400000000,3.3410000000,3.3290000000,3.3350000000,498.2008340000,1662.1825270000,1662.1825270000,1,DORA-USDT
2023-01-20 16:00:00,1674201600000,3.3350000000,3.3350000000,3.3010000000,3.3120000000,1142.6894560000,3787.9376780000,3787.9376780000,1,DORA-USDT
2023-01-20 17:00:00,1674205200000,3.3120000000,3.3190000000,3.3090000000,3.3170000000,298.4338590000,989.1400310000,989.1400310000,1,DORA-USDT
2023-01-20 18:00:00,1674208800000,3.3170000000,3.3190000000,3.2970000000,3.3150000000,579.9712400000,1918.8700410000,1918.8700410000,1,DORA-USDT
2023-01-20 19:00:00,1674212400000,3.3150000000,3.3190000000,3.3110000000,3.3170000000,360.4984610000,1195.7281370000,1195.7281370000,1,DORA-USDT
2023-01-20 20:00:00,1674216000000,3.3170000000,3.3560000000,3.3070000000,3.3530000000,1501.8457410000,4989.0020480000,4989.0020480000,1,DORA-USDT
2023-01-20 21:00:00,1674219600000,3.3530000000,3.3570000000,3.3370000000,3.3380000000,606.7841950000,2033.1175970000,2033.1175970000,1,DORA-USDT
2023-01-20 22:00:00,1674223200000,3.3370000000,3.3500000000,3.3200000000,3.3450000000,697.5693690000,2328.5609540000,2328.5609540000,1,DORA-USDT
2023-01-20 23:00:00,1674226800000,3.3470000000,3.3790000000,3.3390000000,3.3590000000,1819.6099590000,6119.2113610000,6119.2113610000,1,DORA-USDT
2023-01-21 00:00:00,1674230400000,3.3600000000,3.4080000000,3.3530000000,3.3950000000,4084.7396980000,13836.6968720000,13836.6968720000,1,DORA-USDT
2023-01-21 01:00:00,1674234000000,3.3920000000,3.4120000000,3.3860000000,3.3890000000,1410.4669080000,4788.5499290000,4788.5499290000,1,DORA-USDT
2023-01-21 02:00:00,1674237600000,3.3910000000,3.3990000000,3.3730000000,3.3820000000,860.4008520000,2912.1594050000,2912.1594050000,1,DORA-USDT
2023-01-21 03:00:00,1674241200000,3.3830000000,3.4140000000,3.3730000000,3.4130000000,1036.5585480000,3511.7039440000,3511.7039440000,1,DORA-USDT
2023-01-21 04:00:00,1674244800000,3.4160000000,3.5070000000,3.4040000000,3.4850000000,9354.6853010000,32417.2428700000,32417.2428700000,1,DORA-USDT
2023-01-21 05:00:00,1674248400000,3.4880000000,3.5100000000,3.4610000000,3.5030000000,4053.8163680000,14135.4051250000,14135.4051250000,1,DORA-USDT
2023-01-21 06:00:00,1674252000000,3.5060000000,3.5340000000,3.4750000000,3.4900000000,4824.4176210000,16882.7009760000,16882.7009760000,1,DORA-USDT
2023-01-21 07:00:00,1674255600000,3.4940000000,3.5360000000,3.4940000000,3.5190000000,3324.7564300000,11707.4924290000,11707.4924290000,1,DORA-USDT
2023-01-21 08:00:00,1674259200000,3.5240000000,3.5430000000,3.4800000000,3.5100000000,4489.5774110000,15739.5513140000,15739.5513140000,1,DORA-USDT
2023-01-21 09:00:00,1674262800000,3.5130000000,3.5290000000,3.5000000000,3.5130000000,1165.2461990000,4099.1506590000,4099.1506590000,1,DORA-USDT
2023-01-21 10:00:00,1674266400000,3.5140000000,3.5310000000,3.4780000000,3.4810000000,8006.8939140000,28013.2963940000,28013.2963940000,1,DORA-USDT
2023-01-21 11:00:00,1674270000000,3.4830000000,3.5290000000,3.4760000000,3.5250000000,1354.2094040000,4748.0174280000,4748.0174280000,1,DORA-USDT
2023-01-21 12:00:00,1674273600000,3.5220000000,3.5290000000,3.5110000000,3.5150000000,535.3044120000,1885.9208110000,1885.9208110000,1,DORA-USDT
2023-01-21 13:00:00,1674277200000,3.5150000000,3.5270000000,3.5110000000,3.5110000000,309.9623820000,1090.7739990000,1090.7739990000,1,DORA-USDT
2023-01-21 14:00:00,1674280800000,3.5130000000,3.5750000000,3.5110000000,3.5730000000,1317.0850740000,4663.0081750000,4663.0081750000,1,DORA-USDT
2023-01-21 15:00:00,1674284400000,3.5740000000,3.5800000000,3.5460000000,3.5510000000,1086.3360300000,3873.6561410000,3873.6561410000,1,DORA-USDT
2023-01-21 16:00:00,1674288000000,3.5510000000,3.5650000000,3.5450000000,3.5480000000,738.3309600000,2625.6096120000,2625.6096120000,1,DORA-USDT
2023-01-21 17:00:00,1674291600000,3.5480000000,3.5970000000,3.5370000000,3.5840000000,1784.7604640000,6373.6020830000,6373.6020830000,1,DORA-USDT
2023-01-21 18:00:00,1674295200000,3.5870000000,3.6130000000,3.4530000000,3.5250000000,8229.2343140000,28915.4935070000,28915.4935070000,1,DORA-USDT
2023-01-21 19:00:00,1674298800000,3.5250000000,3.5810000000,3.5230000000,3.5750000000,2368.8444720000,8426.6260060000,8426.6260060000,1,DORA-USDT
2023-01-21 20:00:00,1674302400000,3.5720000000,3.5830000000,3.5390000000,3.5550000000,1191.0663850000,4248.3091830000,4248.3091830000,1,DORA-USDT
2023-01-21 21:00:00,1674306000000,3.5540000000,3.5560000000,3.4830000000,3.5150000000,2976.1056490000,10464.1738680000,10464.1738680000,1,DORA-USDT
2023-01-21 22:00:00,1674309600000,3.5160000000,3.5340000000,3.4980000000,3.5320000000,7852.3696610000,27599.7910430000,27599.7910430000,1,DORA-USDT
2023-01-21 23:00:00,1674313200000,3.5290000000,3.5810000000,3.5270000000,3.5390000000,1289.0800320000,4578.9870730000,4578.9870730000,1,DORA-USDT
2023-01-22 00:00:00,1674316800000,3.5420000000,3.5600000000,3.5250000000,3.5460000000,1880.7148000000,6672.1621620000,6672.1621620000,1,DORA-USDT
2023-01-22 01:00:00,1674320400000,3.5400000000,3.5540000000,3.5110000000,3.5310000000,845.0119770000,2984.6843700000,2984.6843700000,1,DORA-USDT
2023-01-22 02:00:00,1674324000000,3.5310000000,3.5430000000,3.5160000000,3.5430000000,618.0464210000,2181.8775240000,2181.8775240000,1,DORA-USDT
2023-01-22 03:00:00,1674327600000,3.5440000000,3.5480000000,3.5060000000,3.5120000000,2018.4752160000,7113.5246550000,7113.5246550000,1,DORA-USDT
2023-01-22 04:00:00,1674331200000,3.5110000000,3.5170000000,3.4880000000,3.4990000000,406.4371800000,1422.5315590000,1422.5315590000,1,DORA-USDT
2023-01-22 05:00:00,1674334800000,3.5000000000,3.5090000000,3.4930000000,3.5090000000,297.3588120000,1041.8852460000,1041.8852460000,1,DORA-USDT
2023-01-22 06:00:00,1674338400000,3.5100000000,3.5130000000,3.4800000000,3.4840000000,2000.7197970000,6981.1955090000,6981.1955090000,1,DORA-USDT
2023-01-22 07:00:00,1674342000000,3.4810000000,3.4980000000,3.4300000000,3.4500000000,3205.7303690000,11073.4247640000,11073.4247640000,1,DORA-USDT
2023-01-22 08:00:00,1674345600000,3.4520000000,3.4900000000,3.4410000000,3.4620000000,524.9028980000,1823.2026110000,1823.2026110000,1,DORA-USDT
2023-01-22 09:00:00,1674349200000,3.4630000000,3.4810000000,3.4490000000,3.4780000000,1174.7268560000,4072.6964250000,4072.6964250000,1,DORA-USDT
2023-01-22 10:00:00,1674352800000,3.4780000000,3.4910000000,3.4660000000,3.4710000000,406.2955100000,1413.5255130000,1413.5255130000,1,DORA-USDT
2023-01-22 11:00:00,1674356400000,3.4730000000,3.4970000000,3.4710000000,3.4900000000,325.2566550000,1135.0335890000,1135.0335890000,1,DORA-USDT
2023-01-22 12:00:00,1674360000000,3.4940000000,3.4970000000,3.4850000000,3.4860000000,453.0170880000,1581.7130090000,1581.7130090000,1,DORA-USDT
2023-01-22 13:00:00,1674363600000,3.4900000000,3.4970000000,3.4520000000,3.4560000000,3848.8130020000,13387.0553950000,13387.0553950000,1,DORA-USDT
2023-01-22 14:00:00,1674367200000,3.4560000000,3.4710000000,3.4540000000,3.4690000000,790.6738900000,2741.2846370000,2741.2846370000,1,DORA-USDT
2023-01-22 15:00:00,1674370800000,3.4680000000,3.4720000000,3.4460000000,3.4550000000,1329.0470880000,4592.1295300000,4592.1295300000,1,DORA-USDT
2023-01-22 16:00:00,1674374400000,3.4570000000,3.4810000000,3.4530000000,3.4780000000,1241.1453470000,4296.0185120000,4296.0185120000,1,DORA-USDT
2023-01-22 17:00:00,1674378000000,3.4780000000,3.7000000000,3.4760000000,3.6210000000,32651.6668510000,117824.2015470000,117824.2015470000,1,DORA-USDT
2023-01-22 18:00:00,1674381600000,3.6300000000,3.7000000000,3.6010000000,3.6440000000,4844.4318340000,17656.8482400000,17656.8482400000,1,DORA-USDT
2023-01-22 19:00:00,1674385200000,3.6440000000,3.6890000000,3.6140000000,3.6320000000,4529.1969460000,16489.4075330000,16489.4075330000,1,DORA-USDT
2023-01-22 20:00:00,1674388800000,3.6360000000,3.6380000000,3.6000000000,3.6240000000,2002.9729100000,7225.1318720000,7225.1318720000,1,DORA-USDT
2023-01-22 21:00:00,1674392400000,3.6270000000,3.6550000000,3.6230000000,3.6500000000,1526.5080880000,5559.6317690000,5559.6317690000,1,DORA-USDT
2023-01-22 22:00:00,1674396000000,3.6480000000,3.6730000000,3.6380000000,3.6610000000,2990.8827590000,10929.4089950000,10929.4089950000,1,DORA-USDT
2023-01-22 23:00:00,1674399600000,3.6630000000,3.6720000000,3.6000000000,3.6670000000,4769.3705550000,17243.0570930000,17243.0570930000,1,DORA-USDT
2023-01-23 00:00:00,1674403200000,3.6690000000,3.6690000000,3.6000000000,3.6170000000,1665.5991280000,6041.0217680000,6041.0217680000,1,DORA-USDT
2023-01-23 01:00:00,1674406800000,3.6220000000,3.6660000000,3.6150000000,3.6580000000,679.6571550000,2480.3976770000,2480.3976770000,1,DORA-USDT
2023-01-23 02:00:00,1674410400000,3.6580000000,3.6620000000,3.6130000000,3.6170000000,1835.5376760000,6650.4578730000,6650.4578730000,1,DORA-USDT
2023-01-23 03:00:00,1674414000000,3.6180000000,3.6220000000,3.6000000000,3.6100000000,3048.8142900000,10985.1923370000,10985.1923370000,1,DORA-USDT
2023-01-23 04:00:00,1674417600000,3.6090000000,3.6110000000,3.5370000000,3.5570000000,5022.5541690000,17984.5255180000,17984.5255180000,1,DORA-USDT
2023-01-23 05:00:00,1674421200000,3.5750000000,3.6440000000,3.5530000000,3.6420000000,912.3994920000,3289.6579460000,3289.6579460000,1,DORA-USDT
2023-01-23 06:00:00,1674424800000,3.6390000000,3.6550000000,3.6190000000,3.6290000000,880.8403170000,3205.3712170000,3205.3712170000,1,DORA-USDT
2023-01-23 07:00:00,1674428400000,3.6320000000,3.6410000000,3.6150000000,3.6230000000,391.4933460000,1418.3354420000,1418.3354420000,1,DORA-USDT
2023-01-23 08:00:00,1674432000000,3.6230000000,3.6500000000,3.6090000000,3.6330000000,3439.4705170000,12506.1808110000,12506.1808110000,1,DORA-USDT
2023-01-23 09:00:00,1674435600000,3.6360000000,3.7000000000,3.6320000000,3.6590000000,2143.1808760000,7851.7367230000,7851.7367230000,1,DORA-USDT
2023-01-23 10:00:00,1674439200000,3.6600000000,3.6990000000,3.6540000000,3.6950000000,3191.2621710000,11726.5253150000,11726.5253150000,1,DORA-USDT
2023-01-23 11:00:00,1674442800000,3.6960000000,3.7010000000,3.6140000000,3.6370000000,6840.9503660000,25020.5751890000,25020.5751890000,1,DORA-USDT
2023-01-23 12:00:00,1674446400000,3.6400000000,3.6610000000,3.6310000000,3.6550000000,717.2689940000,2615.8388260000,2615.8388260000,1,DORA-USDT
2023-01-23 13:00:00,1674450000000,3.6560000000,3.6590000000,3.6190000000,3.6240000000,809.1755250000,2940.4442900000,2940.4442900000,1,DORA-USDT
2023-01-23 14:00:00,1674453600000,3.6240000000,3.6390000000,3.6200000000,3.6320000000,211.7001370000,768.6662360000,768.6662360000,1,DORA-USDT
2023-01-23 15:00:00,1674457200000,3.6330000000,3.6390000000,3.5870000000,3.6150000000,3117.6360620000,11264.3342600000,11264.3342600000,1,DORA-USDT
2023-01-23 16:00:00,1674460800000,3.6140000000,3.6390000000,3.6010000000,3.6120000000,545.7638240000,1980.1038390000,1980.1038390000,1,DORA-USDT
2023-01-23 17:00:00,1674464400000,3.6120000000,3.6240000000,3.5710000000,3.6130000000,2770.7073530000,9957.1162380000,9957.1162380000,1,DORA-USDT
2023-01-23 18:00:00,1674468000000,3.6140000000,3.6320000000,3.6060000000,3.6180000000,431.4911630000,1563.0061500000,1563.0061500000,1,DORA-USDT
2023-01-23 19:00:00,1674471600000,3.6130000000,3.6220000000,3.5880000000,3.6090000000,710.9146800000,2568.1141190000,2568.1141190000,1,DORA-USDT
2023-01-23 20:00:00,1674475200000,3.6080000000,3.6150000000,3.5670000000,3.5840000000,1181.6488160000,4243.1542870000,4243.1542870000,1,DORA-USDT
2023-01-23 21:00:00,1674478800000,3.5850000000,3.5970000000,3.5250000000,3.5530000000,1229.8068680000,4377.2021070000,4377.2021070000,1,DORA-USDT
2023-01-23 22:00:00,1674482400000,3.5520000000,3.5970000000,3.4520000000,3.5120000000,9412.1094750000,33192.9994190000,33192.9994190000,1,DORA-USDT
2023-01-23 23:00:00,1674486000000,3.5040000000,3.5680000000,3.4720000000,3.5380000000,3082.2116580000,10858.8959400000,10858.8959400000,1,DORA-USDT
2023-01-24 00:00:00,1674489600000,3.5400000000,3.5570000000,3.5070000000,3.5150000000,2132.3655470000,7499.6939760000,7499.6939760000,1,DORA-USDT
2023-01-24 01:00:00,1674493200000,3.5160000000,3.5280000000,3.5020000000,3.5260000000,1188.5180210000,4182.8453430000,4182.8453430000,1,DORA-USDT
2023-01-24 02:00:00,1674496800000,3.5260000000,3.5920000000,3.5170000000,3.5440000000,3609.9687340000,12851.0344320000,12851.0344320000,1,DORA-USDT
2023-01-24 03:00:00,1674500400000,3.5480000000,3.5480000000,3.5070000000,3.5220000000,2745.9564120000,9683.5616320000,9683.5616320000,1,DORA-USDT
2023-01-24 04:00:00,1674504000000,3.5250000000,3.5360000000,3.5110000000,3.5290000000,926.1651260000,3260.0781780000,3260.0781780000,1,DORA-USDT
2023-01-24 05:00:00,1674507600000,3.5280000000,3.5310000000,3.5180000000,3.5240000000,234.4674310000,826.4794380000,826.4794380000,1,DORA-USDT
2023-01-24 06:00:00,1674511200000,3.5220000000,3.5320000000,3.5150000000,3.5200000000,318.4634540000,1122.4899070000,1122.4899070000,1,DORA-USDT
2023-01-24 07:00:00,1674514800000,3.5190000000,3.5260000000,3.5110000000,3.5110000000,1533.7762620000,5392.5609100000,5392.5609100000,1,DORA-USDT
2023-01-24 08:00:00,1674518400000,3.5120000000,3.5160000000,3.4730000000,3.5030000000,1355.4552590000,4738.1423940000,4738.1423940000,1,DORA-USDT
2023-01-24 09:00:00,1674522000000,3.5070000000,3.5410000000,3.4990000000,3.5330000000,1490.7745370000,5232.8681940000,5232.8681940000,1,DORA-USDT
2023-01-24 10:00:00,1674525600000,3.5320000000,3.5430000000,3.5140000000,3.5240000000,597.7561860000,2111.0069630000,2111.0069630000,1,DORA-USDT
2023-01-24 11:00:00,1674529200000,3.5230000000,3.5430000000,3.5160000000,3.5390000000,336.4611880000,1187.1119640000,1187.1119640000,1,DORA-USDT
2023-01-24 12:00:00,1674532800000,3.5390000000,3.5420000000,3.5170000000,3.5180000000,1178.0925420000,4150.7137580000,4150.7137580000,1,DORA-USDT
2023-01-24 13:00:00,1674536400000,3.5180000000,3.5470000000,3.5090000000,3.5400000000,924.5554620000,3264.2189480000,3264.2189480000,1,DORA-USDT
2023-01-24 14:00:00,1674540000000,3.5390000000,3.5400000000,3.5220000000,3.5330000000,1107.3175910000,3905.4765090000,3905.4765090000,1,DORA-USDT
2023-01-24 15:00:00,1674543600000,3.5320000000,3.5460000000,3.5200000000,3.5300000000,2139.2659160000,7550.6390370000,7550.6390370000,1,DORA-USDT
2023-01-24 16:00:00,1674547200000,3.5280000000,3.5430000000,3.5190000000,3.5380000000,1309.6174070000,4623.5482050000,4623.5482050000,1,DORA-USDT
2023-01-24 17:00:00,1674550800000,3.5370000000,3.5380000000,3.4090000000,3.4340000000,8024.0485380000,27884.8897840000,27884.8897840000,1,DORA-USDT
2023-01-24 18:00:00,1674554400000,3.4340000000,3.4460000000,3.4340000000,3.4400000000,1870.1812400000,6427.8362000000,6427.8362000000,1,DORA-USDT
2023-01-24 19:00:00,1674558000000,3.4360000000,3.4420000000,3.4000000000,3.4110000000,2732.6853490000,9324.2475360000,9324.2475360000,1,DORA-USDT
2023-01-24 20:00:00,1674561600000,3.4110000000,3.4220000000,3.3640000000,3.4140000000,3045.7791940000,10339.9022090000,10339.9022090000,1,DORA-USDT
2023-01-24 21:00:00,1674565200000,3.4120000000,3.4350000000,3.3880000000,3.4080000000,1554.8477340000,5314.1357190000,5314.1357190000,1,DORA-USDT
2023-01-24 22:00:00,1674568800000,3.4070000000,3.4470000000,3.3990000000,3.4430000000,3902.3908460000,13378.5585200000,13378.5585200000,1,DORA-USDT
2023-01-24 23:00:00,1674572400000,3.4440000000,3.4780000000,3.4260000000,3.4690000000,1719.3170660000,5926.9146760000,5926.9146760000,1,DORA-USDT
2023-01-25 00:00:00,1674576000000,3.4740000000,3.4850000000,3.4190000000,3.4210000000,3258.6391460000,11266.3805500000,11266.3805500000,1,DORA-USDT
2023-01-25 01:00:00,1674579600000,3.4190000000,3.4200000000,3.3660000000,3.4060000000,1870.0602380000,6332.0477750000,6332.0477750000,1,DORA-USDT
2023-01-25 02:00:00,1674583200000,3.4070000000,3.4340000000,3.4000000000,3.4330000000,1166.9640210000,3989.2871920000,3989.2871920000,1,DORA-USDT
2023-01-25 03:00:00,1674586800000,3.4270000000,3.4540000000,3.4220000000,3.4500000000,828.8590450000,2852.9810250000,2852.9810250000,1,DORA-USDT
2023-01-25 04:00:00,1674590400000,3.4520000000,3.4540000000,3.3850000000,3.4030000000,2179.2049950000,7410.5123980000,7410.5123980000,1,DORA-USDT
2023-01-25 05:00:00,1674594000000,3.4040000000,3.4210000000,3.3100000000,3.3370000000,3989.8679810000,13382.2862600000,13382.2862600000,1,DORA-USDT
2023-01-25 06:00:00,1674597600000,3.3430000000,3.3610000000,3.3000000000,3.3060000000,5080.5628170000,16817.1755220000,16817.1755220000,1,DORA-USDT
2023-01-25 07:00:00,1674601200000,3.3040000000,3.3190000000,3.2320000000,3.3100000000,8772.3643990000,28864.2662870000,28864.2662870000,1,DORA-USDT
2023-01-25 08:00:00,1674604800000,3.3060000000,3.3520000000,3.3060000000,3.3300000000,2595.6427710000,8634.3020510000,8634.3020510000,1,DORA-USDT
2023-01-25 09:00:00,1674608400000,3.3290000000,3.3410000000,3.2420000000,3.2880000000,6657.6433350000,21897.0437270000,21897.0437270000,1,DORA-USDT
2023-01-25 10:00:00,1674612000000,3.2890000000,3.3450000000,3.2880000000,3.3270000000,1542.5169530000,5120.4189530000,5120.4189530000,1,DORA-USDT
2023-01-25 11:00:00,1674615600000,3.3250000000,3.3440000000,3.3210000000,3.3430000000,1302.0753680000,4339.4520920000,4339.4520920000,1,DORA-USDT
2023-01-25 12:00:00,1674619200000,3.3440000000,3.3590000000,3.3330000000,3.3410000000,865.8776620000,2893.2832810000,2893.2832810000,1,DORA-USDT
2023-01-25 13:00:00,1674622800000,3.3380000000,3.3600000000,3.3360000000,3.3570000000,1158.3196540000,3878.2187380000,3878.2187380000,1,DORA-USDT
2023-01-25 14:00:00,1674626400000,3.3570000000,3.3780000000,3.3360000000,3.3710000000,493.5836580000,1658.7493840000,1658.7493840000,1,DORA-USDT
2023-01-25 15:00:00,1674630000000,3.3690000000,3.3890000000,3.3620000000,3.3850000000,1902.1615030000,6423.2032740000,6423.2032740000,1,DORA-USDT
2023-01-25 16:00:00,1674633600000,3.3880000000,3.3920000000,3.3630000000,3.3640000000,946.1611720000,3190.6779660000,3190.6779660000,1,DORA-USDT
2023-01-25 17:00:00,1674637200000,3.3650000000,3.4150000000,3.3400000000,3.3990000000,8389.9693980000,28407.0001800000,28407.0001800000,1,DORA-USDT
2023-01-25 18:00:00,1674640800000,3.3980000000,3.3980000000,3.3620000000,3.3890000000,1282.1169630000,4333.7431030000,4333.7431030000,1,DORA-USDT
2023-01-25 19:00:00,1674644400000,3.3890000000,3.3910000000,3.3620000000,3.3780000000,289.4086310000,976.1257270000,976.1257270000,1,DORA-USDT
2023-01-25 20:00:00,1674648000000,3.3790000000,3.4300000000,3.3750000000,3.3920000000,2086.0275940000,7096.5079350000,7096.5079350000,1,DORA-USDT
2023-01-25 21:00:00,1674651600000,3.3930000000,3.4140000000,3.3470000000,3.3640000000,8955.2787430000,30221.6448390000,30221.6448390000,1,DORA-USDT
2023-01-25 22:00:00,1674655200000,3.3630000000,3.3690000000,3.3200000000,3.3210000000,4019.4841500000,13466.7924370000,13466.7924370000,1,DORA-USDT
2023-01-25 23:00:00,1674658800000,3.3270000000,3.3830000000,3.3200000000,3.3600000000,1543.5360820000,5174.1298930000,5174.1298930000,1,DORA-USDT
2023-01-26 00:00:00,1674662400000,3.3610000000,3.4030000000,3.3310000000,3.3870000000,2773.7760510000,9356.1611700000,9356.1611700000,1,DORA-USDT
2023-01-26 01:00:00,1674666000000,3.3870000000,3.3910000000,3.3260000000,3.3430000000,3495.2983150000,11767.8859620000,11767.8859620000,1,DORA-USDT
2023-01-26 02:00:00,1674669600000,3.3440000000,3.3500000000,3.3200000000,3.3500000000,850.6089880000,2840.7548420000,2840.7548420000,1,DORA-USDT
2023-01-26 03:00:00,1674673200000,3.3470000000,3.3490000000,3.3250000000,3.3380000000,1718.0323870000,5733.3018000000,5733.3018000000,1,DORA-USDT
2023-01-26 04:00:00,1674676800000,3.3380000000,3.3840000000,3.3380000000,3.3720000000,1293.0246990000,4354.8961710000,4354.8961710000,1,DORA-USDT
2023-01-26 05:00:00,1674680400000,3.3740000000,3.4300000000,3.3330000000,3.4190000000,3805.5999570000,12834.9350820000,12834.9350820000,1,DORA-USDT
2023-01-26 06:00:00,1674684000000,3.4250000000,3.4820000000,3.3490000000,3.3610000000,4950.4997030000,16962.1917610000,16962.1917610000,1,DORA-USDT
2023-01-26 07:00:00,1674687600000,3.3600000000,3.4150000000,3.3520000000,3.4040000000,1453.2539980000,4937.8780060000,4937.8780060000,1,DORA-USDT
2023-01-26 08:00:00,1674691200000,3.4060000000,3.4570000000,3.4000000000,3.4490000000,2175.6068630000,7439.5995140000,7439.5995140000,1,DORA-USDT
2023-01-26 09:00:00,1674694800000,3.4490000000,3.4570000000,3.4250000000,3.4330000000,543.5313010000,1872.0159650000,1872.0159650000,1,DORA-USDT
2023-01-26 10:00:00,1674698400000,3.4350000000,3.4440000000,3.4020000000,3.4070000000,1734.1302190000,5930.1440740000,5930.1440740000,1,DORA-USDT
2023-01-26 11:00:00,1674702000000,3.4070000000,3.4360000000,3.4000000000,3.4040000000,1070.9790830000,3652.2921400000,3652.2921400000,1,DORA-USDT
2023-01-26 12:00:00,1674705600000,3.4080000000,3.4310000000,3.4000000000,3.4160000000,399.4691820000,1363.0783020000,1363.0783020000,1,DORA-USDT
2023-01-26 13:00:00,1674709200000,3.4130000000,3.4480000000,3.4130000000,3.4470000000,1735.8731410000,5946.5327940000,5946.5327940000,1,DORA-USDT
2023-01-26 14:00:00,1674712800000,3.4480000000,3.4540000000,3.4040000000,3.4400000000,948.0448210000,3251.4849130000,3251.4849130000,1,DORA-USDT
2023-01-26 15:00:00,1674716400000,3.4410000000,3.4410000000,3.4190000000,3.4230000000,326.2774660000,1119.3923670000,1119.3923670000,1,DORA-USDT
2023-01-26 16:00:00,1674720000000,3.4250000000,3.4290000000,3.4080000000,3.4100000000,1241.6242370000,4243.4939310000,4243.4939310000,1,DORA-USDT
2023-01-26 17:00:00,1674723600000,3.4090000000,3.4290000000,3.4000000000,3.4060000000,1277.4923240000,4357.5779060000,4357.5779060000,1,DORA-USDT
2023-01-26 18:00:00,1674727200000,3.4040000000,3.4080000000,3.3620000000,3.3830000000,2411.5045980000,8161.9490500000,8161.9490500000,1,DORA-USDT
2023-01-26 19:00:00,1674730800000,3.3840000000,3.4700000000,3.3740000000,3.4670000000,2530.3738680000,8664.3399120000,8664.3399120000,1,DORA-USDT
2023-01-26 20:00:00,1674734400000,3.4700000000,3.5240000000,3.4260000000,3.4600000000,4982.0177790000,17301.8828120000,17301.8828120000,1,DORA-USDT
2023-01-26 21:00:00,1674738000000,3.4670000000,3.4670000000,3.3880000000,3.4480000000,2022.1763490000,6901.6464810000,6901.6464810000,1,DORA-USDT
2023-01-26 22:00:00,1674741600000,3.4490000000,3.4640000000,3.4000000000,3.4140000000,1041.5352990000,3577.0064430000,3577.0064430000,1,DORA-USDT
2023-01-26 23:00:00,1674745200000,3.4180000000,3.5130000000,3.4180000000,3.5020000000,2332.9742270000,8107.6198050000,8107.6198050000,1,DORA-USDT
2023-01-27 00:00:00,1674748800000,3.5050000000,3.5320000000,3.4410000000,3.4590000000,3117.4339700000,10900.5955510000,10900.5955510000,1,DORA-USDT
2023-01-27 01:00:00,1674752400000,3.4520000000,3.4660000000,3.4150000000,3.4210000000,761.2361020000,2617.7404130000,2617.7404130000,1,DORA-USDT
2023-01-27 02:00:00,1674756000000,3.4210000000,3.4350000000,3.4000000000,3.4200000000,959.7114630000,3277.6241350000,3277.6241350000,1,DORA-USDT
2023-01-27 03:00:00,1674759600000,3.4210000000,3.4460000000,3.3880000000,3.4420000000,1608.1763650000,5483.8998330000,5483.8998330000,1,DORA-USDT
2023-01-27 04:00:00,1674763200000,3.4390000000,3.5440000000,3.4370000000,3.5010000000,3606.5490580000,12682.8481760000,12682.8481760000,1,DORA-USDT
2023-01-27 05:00:00,1674766800000,3.5030000000,3.5030000000,3.4110000000,3.4340000000,1748.1231220000,6014.9457150000,6014.9457150000,1,DORA-USDT
2023-01-27 06:00:00,1674770400000,3.4330000000,3.4700000000,3.4270000000,3.4700000000,393.5296830000,1358.9925280000,1358.9925280000,1,DORA-USDT
2023-01-27 07:00:00,1674774000000,3.4700000000,3.5370000000,3.4700000000,3.5350000000,1368.9514140000,4798.7859220000,4798.7859220000,1,DORA-USDT
2023-01-27 08:00:00,1674777600000,3.5360000000,3.5360000000,3.4420000000,3.4440000000,2114.3434920000,7370.9719580000,7370.9719580000,1,DORA-USDT
2023-01-27 09:00:00,1674781200000,3.4440000000,3.4440000000,3.3750000000,3.4390000000,2004.7224810000,6846.7184170000,6846.7184170000,1,DORA-USDT
2023-01-27 10:00:00,1674784800000,3.4320000000,3.4580000000,3.4320000000,3.4460000000,2410.1277680000,8317.7748450000,8317.7748450000,1,DORA-USDT
2023-01-27 11:00:00,1674788400000,3.4450000000,3.4520000000,3.4220000000,3.4220000000,1446.7711730000,4971.1883360000,4971.1883360000,1,DORA-USDT
2023-01-27 12:00:00,1674792000000,3.4220000000,3.4290000000,3.3910000000,3.3930000000,4589.2484600000,15622.0756510000,15622.0756510000,1,DORA-USDT
2023-01-27 13:00:00,1674795600000,3.4020000000,3.4670000000,3.3950000000,3.4570000000,3182.4069440000,10958.6314280000,10958.6314280000,1,DORA-USDT
2023-01-27 14:00:00,1674799200000,3.4610000000,3.4990000000,3.4450000000,3.4930000000,747.4420780000,2597.5746850000,2597.5746850000,1,DORA-USDT
2023-01-27 15:00:00,1674802800000,3.4950000000,3.4980000000,3.4690000000,3.4770000000,1935.8427540000,6750.3218320000,6750.3218320000,1,DORA-USDT
2023-01-27 16:00:00,1674806400000,3.4780000000,3.4790000000,3.4340000000,3.4360000000,1392.9812370000,4822.2075040000,4822.2075040000,1,DORA-USDT
2023-01-27 17:00:00,1674810000000,3.4370000000,3.4580000000,3.4310000000,3.4480000000,948.1426320000,3268.9255520000,3268.9255520000,1,DORA-USDT
2023-01-27 18:00:00,1674813600000,3.4500000000,3.4510000000,3.4110000000,3.4300000000,891.4939140000,3057.2895470000,3057.2895470000,1,DORA-USDT
2023-01-27 19:00:00,1674817200000,3.4300000000,3.4690000000,3.4300000000,3.4460000000,1976.9607750000,6821.6844620000,6821.6844620000,1,DORA-USDT
2023-01-27 20:00:00,1674820800000,3.4450000000,3.4570000000,3.4220000000,3.4360000000,1007.7174610000,3465.6078440000,3465.6078440000,1,DORA-USDT
2023-01-27 21:00:00,1674824400000,3.4380000000,3.4530000000,3.3980000000,3.4460000000,1694.4233590000,5825.7374040000,5825.7374040000,1,DORA-USDT
2023-01-27 22:00:00,1674828000000,3.4460000000,3.4670000000,3.4170000000,3.4420000000,3642.6699340000,12526.5256570000,12526.5256570000,1,DORA-USDT
2023-01-27 23:00:00,1674831600000,3.4450000000,3.5480000000,3.4420000000,3.4950000000,13473.7688600000,47173.1255090000,47173.1255090000,1,DORA-USDT
2023-01-28 00:00:00,1674835200000,3.4880000000,3.6140000000,3.4760000000,3.5990000000,7844.0452380000,28015.6509000000,28015.6509000000,1,DORA-USDT
2023-01-28 01:00:00,1674838800000,3.6010000000,3.6890000000,3.5880000000,3.6200000000,10898.8249530000,39567.4384270000,39567.4384270000,1,DORA-USDT
2023-01-28 02:00:00,1674842400000,3.6210000000,3.6280000000,3.5950000000,3.5990000000,408.1640560000,1471.8913810000,1471.8913810000,1,DORA-USDT
2023-01-28 03:00:00,1674846000000,3.5990000000,3.6070000000,3.5960000000,3.6040000000,304.8363500000,1097.7509050000,1097.7509050000,1,DORA-USDT
2023-01-28 04:00:00,1674849600000,3.6030000000,3.6070000000,3.5190000000,3.5370000000,2696.8717240000,9605.1793020000,9605.1793020000,1,DORA-USDT
2023-01-28 05:00:00,1674853200000,3.5370000000,3.5630000000,3.5290000000,3.5480000000,454.3388430000,1613.3667610000,1613.3667610000,1,DORA-USDT
2023-01-28 06:00:00,1674856800000,3.5470000000,3.5490000000,3.5130000000,3.5150000000,2134.2137690000,7520.1530830000,7520.1530830000,1,DORA-USDT
2023-01-28 07:00:00,1674860400000,3.5120000000,3.5230000000,3.4940000000,3.4970000000,3256.5700210000,11439.0287930000,11439.0287930000,1,DORA-USDT
2023-01-28 08:00:00,1674864000000,3.4970000000,3.5480000000,3.4930000000,3.5450000000,6252.7040040000,21943.6126210000,21943.6126210000,1,DORA-USDT
2023-01-28 09:00:00,1674867600000,3.5450000000,3.5590000000,3.5230000000,3.5490000000,677.7547400000,2402.7327710000,2402.7327710000,1,DORA-USDT
2023-01-28 10:00:00,1674871200000,3.5480000000,3.5840000000,3.5350000000,3.5770000000,3204.8448680000,11420.6828020000,11420.6828020000,1,DORA-USDT
2023-01-28 11:00:00,1674874800000,3.5780000000,3.6290000000,3.5470000000,3.5470000000,10218.6809460000,36704.5001700000,36704.5001700000,1,DORA-USDT
2023-01-28 12:00:00,1674878400000,3.5470000000,3.5880000000,3.5470000000,3.5520000000,2591.3505080000,9224.5233580000,9224.5233580000,1,DORA-USDT
2023-01-28 13:00:00,1674882000000,3.5530000000,3.5630000000,3.5200000000,3.5420000000,3189.3088170000,11281.2846850000,11281.2846850000,1,DORA-USDT
2023-01-28 14:00:00,1674885600000,3.5430000000,3.5440000000,3.5020000000,3.5260000000,1321.1170330000,4649.2524000000,4649.2524000000,1,DORA-USDT
2023-01-28 15:00:00,1674889200000,3.5260000000,3.5510000000,3.4980000000,3.5510000000,2817.8533810000,9909.1722770000,9909.1722770000,1,DORA-USDT
2023-01-28 16:00:00,1674892800000,3.5510000000,3.5520000000,3.4800000000,3.4910000000,1444.5958320000,5062.7725470000,5062.7725470000,1,DORA-USDT
2023-01-28 17:00:00,1674896400000,3.4930000000,3.5130000000,3.4800000000,3.5130000000,1963.6174690000,6849.2482340000,6849.2482340000,1,DORA-USDT
2023-01-28 18:00:00,1674900000000,3.5130000000,3.5130000000,3.4900000000,3.4930000000,1448.3925410000,5079.9615220000,5079.9615220000,1,DORA-USDT
2023-01-28 19:00:00,1674903600000,3.4910000000,3.5010000000,3.4800000000,3.5000000000,2183.3833060000,7605.2541770000,7605.2541770000,1,DORA-USDT
2023-01-28 20:00:00,1674907200000,3.5010000000,3.6000000000,3.4860000000,3.5020000000,8050.5875010000,28387.0779950000,28387.0779950000,1,DORA-USDT
2023-01-28 21:00:00,1674910800000,3.5140000000,3.5400000000,3.4450000000,3.5240000000,4441.9683330000,15474.9536460000,15474.9536460000,1,DORA-USDT
2023-01-28 22:00:00,1674914400000,3.5250000000,3.5500000000,3.5010000000,3.5230000000,2673.1122210000,9421.4255400000,9421.4255400000,1,DORA-USDT
2023-01-28 23:00:00,1674918000000,3.5230000000,3.5400000000,3.5110000000,3.5110000000,1067.0276710000,3761.4137060000,3761.4137060000,1,DORA-USDT
2023-01-29 00:00:00,1674921600000,3.5120000000,3.5150000000,3.4720000000,3.5010000000,3243.6153220000,11298.0386530000,11298.0386530000,1,DORA-USDT
2023-01-29 01:00:00,1674925200000,3.5010000000,3.5100000000,3.4630000000,3.4800000000,1951.3686850000,6786.1562740000,6786.1562740000,1,DORA-USDT
2023-01-29 02:00:00,1674928800000,3.4770000000,3.5240000000,3.4740000000,3.5230000000,651.8156100000,2281.6881980000,2281.6881980000,1,DORA-USDT
2023-01-29 03:00:00,1674932400000,3.5240000000,3.5770000000,3.5170000000,3.5300000000,1359.9468500000,4824.3440560000,4824.3440560000,1,DORA-USDT
2023-01-29 04:00:00,1674936000000,3.5300000000,3.5300000000,3.4830000000,3.4870000000,842.7642160000,2949.4383760000,2949.4383760000,1,DORA-USDT
2023-01-29 05:00:00,1674939600000,3.4840000000,3.5260000000,3.4840000000,3.5100000000,1547.9744250000,5435.5322990000,5435.5322990000,1,DORA-USDT
2023-01-29 06:00:00,1674943200000,3.5090000000,3.5090000000,3.4760000000,3.4890000000,1173.6065050000,4099.7954260000,4099.7954260000,1,DORA-USDT
2023-01-29 07:00:00,1674946800000,3.4790000000,3.5220000000,3.4750000000,3.5110000000,315.8640590000,1104.6015250000,1104.6015250000,1,DORA-USDT
2023-01-29 08:00:00,1674950400000,3.5130000000,3.5620000000,3.4700000000,3.5120000000,4111.1729190000,14454.6692880000,14454.6692880000,1,DORA-USDT
2023-01-29 09:00:00,1674954000000,3.5150000000,3.5530000000,3.5110000000,3.5210000000,1259.2180880000,4447.1935450000,4447.1935450000,1,DORA-USDT
2023-01-29 10:00:00,1674957600000,3.5220000000,3.5290000000,3.4900000000,3.5020000000,1625.7872070000,5698.0794670000,5698.0794670000,1,DORA-USDT
2023-01-29 11:00:00,1674961200000,3.5040000000,3.5070000000,3.4730000000,3.4870000000,1164.5148050000,4055.5023500000,4055.5023500000,1,DORA-USDT
2023-01-29 12:00:00,1674964800000,3.4860000000,3.5040000000,3.4750000000,3.5010000000,1056.1157140000,3675.7984620000,3675.7984620000,1,DORA-USDT
2023-01-29 13:00:00,1674968400000,3.5020000000,3.5160000000,3.4930000000,3.5020000000,606.5400320000,2125.7034410000,2125.7034410000,1,DORA-USDT
2023-01-29 14:00:00,1674972000000,3.5060000000,3.5090000000,3.4860000000,3.5060000000,628.1538920000,2198.7595500000,2198.7595500000,1,DORA-USDT
2023-01-29 15:00:00,1674975600000,3.5050000000,3.5360000000,3.4890000000,3.5120000000,3522.1352710000,12373.9159340000,12373.9159340000,1,DORA-USDT
2023-01-29 16:00:00,1674979200000,3.5080000000,3.5120000000,3.4940000000,3.5020000000,2075.0237920000,7266.7500720000,7266.7500720000,1,DORA-USDT
2023-01-29 17:00:00,1674982800000,3.5020000000,3.5700000000,3.4940000000,3.5460000000,1663.0444260000,5872.2879310000,5872.2879310000,1,DORA-USDT
2023-01-29 18:00:00,1674986400000,3.5460000000,3.5700000000,3.5340000000,3.5540000000,826.9176360000,2932.9847170000,2932.9847170000,1,DORA-USDT
2023-01-29 19:00:00,1674990000000,3.5500000000,3.5590000000,3.5070000000,3.5270000000,1438.2088890000,5070.7790330000,5070.7790330000,1,DORA-USDT
2023-01-29 20:00:00,1674993600000,3.5280000000,3.5440000000,3.5160000000,3.5420000000,1215.3293540000,4293.6756280000,4293.6756280000,1,DORA-USDT
2023-01-29 21:00:00,1674997200000,3.5400000000,3.5660000000,3.5330000000,3.5380000000,3170.8325930000,11259.3439340000,11259.3439340000,1,DORA-USDT
2023-01-29 22:00:00,1675000800000,3.5370000000,3.5800000000,3.5100000000,3.5600000000,4073.4275270000,14455.3765570000,14455.3765570000,1,DORA-USDT
2023-01-29 23:00:00,1675004400000,3.5600000000,3.5630000000,3.5220000000,3.5620000000,3339.8793040000,11846.0038610000,11846.0038610000,1,DORA-USDT
2023-01-30 00:00:00,1675008000000,3.5620000000,3.7100000000,3.5620000000,3.5850000000,23439.3500210000,84976.4455100000,84976.4455100000,1,DORA-USDT
2023-01-30 01:00:00,1675011600000,3.5850000000,3.6030000000,3.5650000000,3.5850000000,5591.8445910000,20067.8354710000,20067.8354710000,1,DORA-USDT
2023-01-30 02:00:00,1675015200000,3.5840000000,3.6190000000,3.5690000000,3.6190000000,2344.3851270000,8436.9785520000,8436.9785520000,1,DORA-USDT
2023-01-30 03:00:00,1675018800000,3.6210000000,3.6350000000,3.6100000000,3.6170000000,983.0611140000,3560.7225870000,3560.7225870000,1,DORA-USDT
2023-01-30 04:00:00,1675022400000,3.6180000000,3.6180000000,3.5560000000,3.5700000000,1854.0489070000,6640.6196370000,6640.6196370000,1,DORA-USDT
2023-01-30 05:00:00,1675026000000,3.5730000000,3.6240000000,3.5680000000,3.6160000000,830.8318750000,2992.4755910000,2992.4755910000,1,DORA-USDT
2023-01-30 06:00:00,1675029600000,3.6190000000,3.6290000000,3.6000000000,3.6270000000,514.6603170000,1856.4622220000,1856.4622220000,1,DORA-USDT
2023-01-30 07:00:00,1675033200000,3.6280000000,3.6290000000,3.5990000000,3.6130000000,336.8029260000,1217.9702090000,1217.9702090000,1,DORA-USDT
2023-01-30 08:00:00,1675036800000,3.6130000000,3.6360000000,3.5780000000,3.6180000000,2584.4198620000,9333.9858420000,9333.9858420000,1,DORA-USDT
2023-01-30 09:00:00,1675040400000,3.6210000000,3.6230000000,3.5530000000,3.5740000000,3142.1387440000,11249.8524810000,11249.8524810000,1,DORA-USDT
2023-01-30 10:00:00,1675044000000,3.5730000000,3.5880000000,3.5200000000,3.5700000000,2288.5130500000,8124.4390580000,8124.4390580000,1,DORA-USDT
2023-01-30 11:00:00,1675047600000,3.5660000000,3.5920000000,3.5560000000,3.5710000000,2275.2543500000,8127.2106300000,8127.2106300000,1,DORA-USDT
2023-01-30 12:00:00,1675051200000,3.5690000000,3.5750000000,3.5570000000,3.5660000000,749.0055920000,2672.9318710000,2672.9318710000,1,DORA-USDT
2023-01-30 13:00:00,1675054800000,3.5650000000,3.5950000000,3.5460000000,3.5720000000,2060.6443910000,7350.4816610000,7350.4816610000,1,DORA-USDT
2023-01-30 14:00:00,1675058400000,3.5710000000,3.5710000000,3.5330000000,3.5520000000,862.5255320000,3059.7761380000,3059.7761380000,1,DORA-USDT
2023-01-30 15:00:00,1675062000000,3.5530000000,3.5740000000,3.5340000000,3.5490000000,947.5282320000,3365.0161740000,3365.0161740000,1,DORA-USDT
2023-01-30 16:00:00,1675065600000,3.5520000000,3.5780000000,3.5200000000,3.5270000000,4830.5965400000,17077.8009150000,17077.8009150000,1,DORA-USDT
2023-01-30 17:00:00,1675069200000,3.5270000000,3.5270000000,3.4000000000,3.4500000000,16267.2067290000,56093.0168260000,56093.0168260000,1,DORA-USDT
2023-01-30 18:00:00,1675072800000,3.4420000000,3.4840000000,3.4400000000,3.4730000000,8031.8765390000,27848.2536180000,27848.2536180000,1,DORA-USDT
2023-01-30 19:00:00,1675076400000,3.4740000000,3.4790000000,3.4310000000,3.4320000000,1498.0614340000,5180.2772600000,5180.2772600000,1,DORA-USDT
2023-01-30 20:00:00,1675080000000,3.4330000000,3.4700000000,3.4310000000,3.4600000000,5619.2843280000,19423.2313460000,19423.2313460000,1,DORA-USDT
2023-01-30 21:00:00,1675083600000,3.4600000000,3.4790000000,3.4550000000,3.4660000000,1693.7361100000,5873.0335370000,5873.0335370000,1,DORA-USDT
2023-01-30 22:00:00,1675087200000,3.4620000000,3.5630000000,3.4580000000,3.5600000000,16798.3170270000,58920.1741390000,58920.1741390000,1,DORA-USDT
2023-01-30 23:00:00,1675090800000,3.5620000000,3.6000000000,3.5370000000,3.5560000000,5703.8258830000,20372.7509760000,20372.7509760000,1,DORA-USDT
2023-01-31 00:00:00,1675094400000,3.5570000000,3.6840000000,3.5500000000,3.5940000000,19734.8396690000,71557.0834410000,71557.0834410000,1,DORA-USDT
2023-01-31 01:00:00,1675098000000,3.5980000000,3.6150000000,3.5690000000,3.5690000000,2124.6859680000,7632.6703950000,7632.6703950000,1,DORA-USDT
2023-01-31 02:00:00,1675101600000,3.5690000000,3.5810000000,3.5460000000,3.5720000000,499.4769230000,1780.6499480000,1780.6499480000,1,DORA-USDT
2023-01-31 03:00:00,1675105200000,3.5730000000,3.5730000000,3.4000000000,3.4530000000,12389.6276500000,42739.2284990000,42739.2284990000,1,DORA-USDT
2023-01-31 04:00:00,1675108800000,3.4530000000,3.4900000000,3.4210000000,3.4830000000,1419.0242580000,4915.9926920000,4915.9926920000,1,DORA-USDT
2023-01-31 05:00:00,1675112400000,3.4870000000,3.5400000000,3.4830000000,3.5250000000,1220.0040660000,4284.6280840000,4284.6280840000,1,DORA-USDT
2023-01-31 06:00:00,1675116000000,3.5220000000,3.5790000000,3.5160000000,3.5730000000,1157.7577940000,4101.3916470000,4101.3916470000,1,DORA-USDT
2023-01-31 07:00:00,1675119600000,3.5780000000,3.5960000000,3.5300000000,3.5590000000,1486.9290710000,5294.4498080000,5294.4498080000,1,DORA-USDT
2023-01-31 08:00:00,1675123200000,3.5630000000,3.6100000000,3.5590000000,3.5980000000,2278.2499880000,8153.2176940000,8153.2176940000,1,DORA-USDT
2023-01-31 09:00:00,1675126800000,3.5980000000,3.9000000000,3.5880000000,3.7770000000,26509.4195440000,99473.2299960000,99473.2299960000,1,DORA-USDT
2023-01-31 10:00:00,1675130400000,3.7770000000,3.9100000000,3.7270000000,3.8780000000,14495.2992230000,55846.9198550000,55846.9198550000,1,DORA-USDT
2023-01-31 11:00:00,1675134000000,3.8770000000,3.9300000000,3.8360000000,3.9000000000,11325.0577660000,43926.6757120000,43926.6757120000,1,DORA-USDT
2023-01-31 12:00:00,1675137600000,3.9090000000,3.9750000000,3.8860000000,3.9360000000,8670.1607140000,33990.1489920000,33990.1489920000,1,DORA-USDT
2023-01-31 13:00:00,1675141200000,3.9340000000,4.0490000000,3.8960000000,3.9100000000,8712.6363330000,34528.5375020000,34528.5375020000,1,DORA-USDT
2023-01-31 14:00:00,1675144800000,3.9060000000,4.0080000000,3.8300000000,3.8540000000,13483.3350110000,52370.6696040000,52370.6696040000,1,DORA-USDT
2023-01-31 15:00:00,1675148400000,3.8530000000,3.8930000000,3.8200000000,3.8230000000,2451.1710120000,9459.0451440000,9459.0451440000,1,DORA-USDT
2023-01-31 16:00:00,1675152000000,3.8300000000,3.8720000000,3.7880000000,3.8140000000,9351.9298400000,35711.8523790000,35711.8523790000,1,DORA-USDT
2023-01-31 17:00:00,1675155600000,3.8140000000,3.8280000000,3.7600000000,3.7690000000,4627.7818610000,17570.6656810000,17570.6656810000,1,DORA-USDT
2023-01-31 18:00:00,1675159200000,3.7680000000,3.7900000000,3.5580000000,3.5620000000,17160.6778460000,63001.8008190000,63001.8008190000,1,DORA-USDT
2023-01-31 19:00:00,1675162800000,3.5680000000,3.6840000000,3.4600000000,3.6380000000,22127.7668580000,78714.7367440000,78714.7367440000,1,DORA-USDT
2023-01-31 20:00:00,1675166400000,3.6320000000,3.6950000000,3.6050000000,3.6340000000,6678.6631950000,24319.7650990000,24319.7650990000,1,DORA-USDT
2023-01-31 21:00:00,1675170000000,3.6310000000,3.6780000000,3.6250000000,3.6710000000,4304.1534170000,15756.5360770000,15756.5360770000,1,DORA-USDT
2023-01-31 22:00:00,1675173600000,3.6720000000,3.7620000000,3.5890000000,3.7470000000,11303.4207240000,41076.9462060000,41076.9462060000,1,DORA-USDT
2023-01-31 23:00:00,1675177200000,3.7500000000,3.8880000000,3.5840000000,3.7360000000,50277.8759780000,187686.0771890000,187686.0771890000,1,DORA-USDT
2023-02-01 00:00:00,1675180800000,3.7370000000,3.8100000000,3.7160000000,3.7950000000,11598.8611870000,43747.8214260000,43747.8214260000,1,DORA-USDT
2023-02-01 01:00:00,1675184400000,3.7950000000,3.8140000000,3.7640000000,3.7750000000,3412.9759240000,12941.9353730000,12941.9353730000,1,DORA-USDT
2023-02-01 02:00:00,1675188000000,3.7750000000,3.7890000000,3.7540000000,3.7830000000,1211.3354200000,4567.6562080000,4567.6562080000,1,DORA-USDT
2023-02-01 03:00:00,1675191600000,3.7850000000,3.8040000000,3.7700000000,3.7970000000,762.6024660000,2886.6115600000,2886.6115600000,1,DORA-USDT
2023-02-01 04:00:00,1675195200000,3.7960000000,3.8060000000,3.7640000000,3.7640000000,506.5201730000,1917.7755550000,1917.7755550000,1,DORA-USDT
2023-02-01 05:00:00,1675198800000,3.7640000000,3.7950000000,3.7090000000,3.7860000000,1074.7762840000,4042.3894900000,4042.3894900000,1,DORA-USDT
2023-02-01 06:00:00,1675202400000,3.7930000000,3.8520000000,3.7750000000,3.8510000000,3771.4893110000,14415.7118110000,14415.7118110000,1,DORA-USDT
2023-02-01 07:00:00,1675206000000,3.8510000000,3.8840000000,3.8230000000,3.8600000000,2524.1211420000,9716.7279870000,9716.7279870000,1,DORA-USDT
2023-02-01 08:00:00,1675209600000,3.8540000000,3.9400000000,3.8530000000,3.8880000000,4854.1930720000,18891.0873890000,18891.0873890000,1,DORA-USDT
2023-02-01 09:00:00,1675213200000,3.8920000000,3.9970000000,3.8790000000,3.9850000000,4958.9113520000,19578.2863620000,19578.2863620000,1,DORA-USDT
2023-02-01 10:00:00,1675216800000,3.9840000000,4.1670000000,3.9820000000,4.0700000000,20447.7565680000,83631.2724520000,83631.2724520000,1,DORA-USDT
2023-02-01 11:00:00,1675220400000,4.0900000000,4.1770000000,4.0400000000,4.1580000000,5080.1061850000,20839.4211480000,20839.4211480000,1,DORA-USDT
2023-02-01 12:00:00,1675224000000,4.1630000000,4.2690000000,4.1050000000,4.1550000000,10738.6079470000,44951.1907470000,44951.1907470000,1,DORA-USDT
2023-02-01 13:00:00,1675227600000,4.1770000000,4.2110000000,4.1290000000,4.1660000000,1951.1093500000,8137.2501320000,8137.2501320000,1,DORA-USDT
2023-02-01 14:00:00,1675231200000,4.1650000000,4.1660000000,4.0500000000,4.0690000000,5250.1482030000,21528.9053290000,21528.9053290000,1,DORA-USDT
2023-02-01 15:00:00,1675234800000,4.0770000000,4.1470000000,4.0530000000,4.0600000000,6341.2182090000,25940.8087680000,25940.8087680000,1,DORA-USDT
2023-02-01 16:00:00,1675238400000,4.0510000000,4.1620000000,4.0500000000,4.1010000000,12825.1187690000,52647.4444220000,52647.4444220000,1,DORA-USDT
2023-02-01 17:00:00,1675242000000,4.1010000000,4.2620000000,4.0740000000,4.1870000000,18356.0932610000,76164.0431370000,76164.0431370000,1,DORA-USDT
2023-02-01 18:00:00,1675245600000,4.1850000000,4.1890000000,4.0690000000,4.1150000000,8176.5867510000,33730.7077700000,33730.7077700000,1,DORA-USDT
2023-02-01 19:00:00,1675249200000,4.1100000000,4.2290000000,4.0780000000,4.1220000000,9152.8326240000,37968.5350420000,37968.5350420000,1,DORA-USDT
2023-02-01 20:00:00,1675252800000,4.1230000000,4.1940000000,4.1060000000,4.1790000000,5126.6251530000,21248.5301140000,21248.5301140000,1,DORA-USDT
2023-02-01 21:00:00,1675256400000,4.1740000000,4.1800000000,4.0680000000,4.0730000000,7241.7485880000,29835.0279170000,29835.0279170000,1,DORA-USDT
2023-02-01 22:00:00,1675260000000,4.0760000000,4.1470000000,4.0610000000,4.1030000000,5117.2315590000,20975.7033390000,20975.7033390000,1,DORA-USDT
2023-02-01 23:00:00,1675263600000,4.1080000000,4.3390000000,4.0760000000,4.2550000000,20889.7002980000,88670.3813120000,88670.3813120000,1,DORA-USDT
2023-02-02 00:00:00,1675267200000,4.2440000000,4.4360000000,4.1750000000,4.2230000000,22246.9939880000,95260.3870580000,95260.3870580000,1,DORA-USDT
2023-02-02 01:00:00,1675270800000,4.2230000000,4.2680000000,4.1750000000,4.1850000000,4035.1052890000,16975.7522450000,16975.7522450000,1,DORA-USDT
2023-02-02 02:00:00,1675274400000,4.1850000000,4.2040000000,4.1190000000,4.1310000000,4725.3407380000,19643.9831080000,19643.9831080000,1,DORA-USDT
2023-02-02 03:00:00,1675278000000,4.1300000000,4.3320000000,4.0700000000,4.2010000000,13719.8929530000,57471.2404780000,57471.2404780000,1,DORA-USDT
2023-02-02 04:00:00,1675281600000,4.2040000000,4.2990000000,4.1620000000,4.2310000000,8841.4736390000,37331.4657640000,37331.4657640000,1,DORA-USDT
2023-02-02 05:00:00,1675285200000,4.2310000000,4.3440000000,4.1960000000,4.3200000000,9915.7195690000,42158.6467890000,42158.6467890000,1,DORA-USDT
2023-02-02 06:00:00,1675288800000,4.3270000000,4.4400000000,4.3100000000,4.3170000000,5181.6325040000,22616.0998400000,22616.0998400000,1,DORA-USDT
2023-02-02 07:00:00,1675292400000,4.3220000000,4.3220000000,4.1680000000,4.1990000000,4479.1629320000,18948.8626030000,18948.8626030000,1,DORA-USDT
2023-02-02 08:00:00,1675296000000,4.1940000000,4.2800000000,4.1940000000,4.2470000000,2555.2379760000,10784.4809220000,10784.4809220000,1,DORA-USDT
2023-02-02 09:00:00,1675299600000,4.2430000000,4.3480000000,4.1970000000,4.3300000000,6055.3201350000,25827.3638880000,25827.3638880000,1,DORA-USDT
2023-02-02 10:00:00,1675303200000,4.3360000000,4.3920000000,4.3000000000,4.3420000000,4399.4308660000,19071.8198380000,19071.8198380000,1,DORA-USDT
2023-02-02 11:00:00,1675306800000,4.3310000000,4.3890000000,4.3310000000,4.3470000000,2590.4918950000,11283.2024440000,11283.2024440000,1,DORA-USDT
2023-02-02 12:00:00,1675310400000,4.3460000000,4.5670000000,4.3300000000,4.5120000000,9752.4892340000,43511.5426780000,43511.5426780000,1,DORA-USDT
2023-02-02 13:00:00,1675314000000,4.5210000000,4.5690000000,4.4180000000,4.4660000000,16815.6967890000,75546.3259510000,75546.3259510000,1,DORA-USDT
2023-02-02 14:00:00,1675317600000,4.4690000000,4.4730000000,4.3910000000,4.4260000000,4894.2303140000,21738.4768760000,21738.4768760000,1,DORA-USDT
2023-02-02 15:00:00,1675321200000,4.4290000000,4.4540000000,4.3610000000,4.3980000000,7921.0807110000,34823.5000620000,34823.5000620000,1,DORA-USDT
2023-02-02 16:00:00,1675324800000,4.4060000000,4.4470000000,4.3450000000,4.3970000000,21919.6748030000,95848.0416800000,95848.0416800000,1,DORA-USDT
2023-02-02 17:00:00,1675328400000,4.3930000000,4.3950000000,4.3560000000,4.3770000000,1831.7293410000,8009.2308090000,8009.2308090000,1,DORA-USDT
2023-02-02 18:00:00,1675332000000,4.3760000000,4.4010000000,4.3290000000,4.3620000000,5459.5908480000,23909.0054760000,23909.0054760000,1,DORA-USDT
2023-02-02 19:00:00,1675335600000,4.3670000000,4.3930000000,4.3300000000,4.3480000000,6059.5501790000,26372.5595610000,26372.5595610000,1,DORA-USDT
2023-02-02 20:00:00,1675339200000,4.3520000000,4.4680000000,4.3120000000,4.4060000000,8629.8900800000,37938.3330720000,37938.3330720000,1,DORA-USDT
2023-02-02 21:00:00,1675342800000,4.4190000000,4.4350000000,4.3740000000,4.3810000000,1222.5622920000,5373.5326810000,5373.5326810000,1,DORA-USDT
2023-02-02 22:00:00,1675346400000,4.3800000000,4.4190000000,4.2450000000,4.2630000000,4016.0970350000,17397.8185500000,17397.8185500000,1,DORA-USDT
2023-02-02 23:00:00,1675350000000,4.2750000000,4.3290000000,4.2390000000,4.2780000000,3090.0149760000,13241.0811160000,13241.0811160000,1,DORA-USDT
2023-02-03 00:00:00,1675353600000,4.2780000000,4.2810000000,4.2210000000,4.2340000000,4555.1400180000,19343.4123290000,19343.4123290000,1,DORA-USDT
2023-02-03 01:00:00,1675357200000,4.2340000000,4.2490000000,4.1850000000,4.2070000000,9255.5041180000,38947.4763880000,38947.4763880000,1,DORA-USDT
2023-02-03 02:00:00,1675360800000,4.2050000000,4.2680000000,4.2010000000,4.2190000000,1878.8932540000,7950.3519440000,7950.3519440000,1,DORA-USDT
2023-02-03 03:00:00,1675364400000,4.2150000000,4.2150000000,4.0930000000,4.1440000000,6897.4737660000,28549.5405240000,28549.5405240000,1,DORA-USDT
2023-02-03 04:00:00,1675368000000,4.1470000000,4.1480000000,4.0940000000,4.1010000000,907.4866490000,3737.3899040000,3737.3899040000,1,DORA-USDT
2023-02-03 05:00:00,1675371600000,4.0990000000,4.1190000000,3.9800000000,3.9800000000,6911.9389870000,28019.8520660000,28019.8520660000,1,DORA-USDT
2023-02-03 06:00:00,1675375200000,3.9800000000,4.0460000000,3.9550000000,4.0350000000,6383.2112230000,25604.0011660000,25604.0011660000,1,DORA-USDT
2023-02-03 07:00:00,1675378800000,4.0380000000,4.0610000000,3.9880000000,4.0190000000,4714.4189320000,18929.4437870000,18929.4437870000,1,DORA-USDT
2023-02-03 08:00:00,1675382400000,4.0170000000,4.0840000000,4.0000000000,4.0660000000,2625.1165380000,10630.3572010000,10630.3572010000,1,DORA-USDT
2023-02-03 09:00:00,1675386000000,4.0660000000,4.1270000000,4.0550000000,4.0690000000,3517.2152820000,14376.0450870000,14376.0450870000,1,DORA-USDT
2023-02-03 10:00:00,1675389600000,4.0690000000,4.1000000000,4.0140000000,4.0670000000,3446.3829570000,14010.5969730000,14010.5969730000,1,DORA-USDT
2023-02-03 11:00:00,1675393200000,4.0690000000,4.0840000000,4.0240000000,4.0650000000,3330.6338590000,13505.9622470000,13505.9622470000,1,DORA-USDT
2023-02-03 12:00:00,1675396800000,4.0640000000,4.0640000000,4.0280000000,4.0400000000,490.6111560000,1984.3466170000,1984.3466170000,1,DORA-USDT
2023-02-03 13:00:00,1675400400000,4.0310000000,4.0520000000,4.0060000000,4.0230000000,3118.7543740000,12551.0842010000,12551.0842010000,1,DORA-USDT
2023-02-03 14:00:00,1675404000000,4.0230000000,4.0740000000,3.9860000000,3.9880000000,4405.6584460000,17711.1554010000,17711.1554010000,1,DORA-USDT
2023-02-03 15:00:00,1675407600000,3.9920000000,4.0170000000,3.9350000000,3.9740000000,3947.3018280000,15691.7054300000,15691.7054300000,1,DORA-USDT
2023-02-03 16:00:00,1675411200000,3.9740000000,3.9750000000,3.9030000000,3.9290000000,9935.2943370000,39009.1394950000,39009.1394950000,1,DORA-USDT
2023-02-03 17:00:00,1675414800000,3.9260000000,3.9640000000,3.9050000000,3.9480000000,1787.3036410000,7025.3867610000,7025.3867610000,1,DORA-USDT
2023-02-03 18:00:00,1675418400000,3.9480000000,3.9950000000,3.9480000000,3.9810000000,5176.4997890000,20620.8712630000,20620.8712630000,1,DORA-USDT
2023-02-03 19:00:00,1675422000000,3.9830000000,3.9890000000,3.9600000000,3.9850000000,2227.3820500000,8853.6001890000,8853.6001890000,1,DORA-USDT
2023-02-03 20:00:00,1675425600000,3.9830000000,3.9870000000,3.9390000000,3.9660000000,1874.0069590000,7438.1530010000,7438.1530010000,1,DORA-USDT
2023-02-03 21:00:00,1675429200000,3.9690000000,3.9820000000,3.8320000000,3.9210000000,11513.7690670000,45003.7401900000,45003.7401900000,1,DORA-USDT
2023-02-03 22:00:00,1675432800000,3.9260000000,3.9810000000,3.8900000000,3.9270000000,1886.7669990000,7408.3620580000,7408.3620580000,1,DORA-USDT
2023-02-03 23:00:00,1675436400000,3.9310000000,4.0730000000,3.9040000000,3.9880000000,12495.2708550000,50032.7052830000,50032.7052830000,1,DORA-USDT
2023-02-04 00:00:00,1675440000000,3.9970000000,4.1900000000,3.9950000000,4.0130000000,22110.7821360000,90760.8891240000,90760.8891240000,1,DORA-USDT
2023-02-04 01:00:00,1675443600000,4.0120000000,4.0220000000,3.9640000000,3.9700000000,4309.1779330000,17183.3335090000,17183.3335090000,1,DORA-USDT
2023-02-04 02:00:00,1675447200000,3.9710000000,3.9790000000,3.9370000000,3.9710000000,531.0823740000,2101.8448560000,2101.8448560000,1,DORA-USDT
2023-02-04 03:00:00,1675450800000,3.9710000000,3.9770000000,3.9440000000,3.9460000000,512.2394960000,2029.7916290000,2029.7916290000,1,DORA-USDT
2023-02-04 04:00:00,1675454400000,3.9470000000,3.9760000000,3.9170000000,3.9620000000,1222.9841920000,4820.4137400000,4820.4137400000,1,DORA-USDT
2023-02-04 05:00:00,1675458000000,3.9610000000,3.9750000000,3.9300000000,3.9320000000,765.6022970000,3021.9413320000,3021.9413320000,1,DORA-USDT
2023-02-04 06:00:00,1675461600000,3.9320000000,3.9890000000,3.9310000000,3.9840000000,548.4182560000,2174.2705540000,2174.2705540000,1,DORA-USDT
2023-02-04 07:00:00,1675465200000,3.9890000000,4.0320000000,3.9770000000,4.0290000000,1694.0237410000,6791.2087180000,6791.2087180000,1,DORA-USDT
2023-02-04 08:00:00,1675468800000,4.0290000000,4.0470000000,4.0100000000,4.0100000000,6876.7654560000,27597.1904970000,27597.1904970000,1,DORA-USDT
2023-02-04 09:00:00,1675472400000,4.0110000000,4.0730000000,4.0110000000,4.0610000000,2579.6772330000,10478.5533060000,10478.5533060000,1,DORA-USDT
2023-02-04 10:00:00,1675476000000,4.0610000000,4.0730000000,4.0110000000,4.0250000000,3415.7210650000,13804.2932910000,13804.2932910000,1,DORA-USDT
2023-02-04 11:00:00,1675479600000,4.0390000000,4.0400000000,4.0150000000,4.0170000000,641.8916780000,2585.4061080000,2585.4061080000,1,DORA-USDT
2023-02-04 12:00:00,1675483200000,4.0170000000,4.0510000000,4.0150000000,4.0400000000,552.5379780000,2225.5233230000,2225.5233230000,1,DORA-USDT
2023-02-04 13:00:00,1675486800000,4.0370000000,4.0460000000,3.9550000000,3.9770000000,2089.8203360000,8314.1863500000,8314.1863500000,1,DORA-USDT
2023-02-04 14:00:00,1675490400000,3.9790000000,3.9860000000,3.8820000000,3.9310000000,20037.8084890000,78459.9879640000,78459.9879640000,1,DORA-USDT
2023-02-04 15:00:00,1675494000000,3.9310000000,3.9340000000,3.9040000000,3.9180000000,1354.0010670000,5311.4460710000,5311.4460710000,1,DORA-USDT
2023-02-04 16:00:00,1675497600000,3.9190000000,3.9270000000,3.8900000000,3.8920000000,879.1897950000,3441.0437710000,3441.0437710000,1,DORA-USDT
2023-02-04 17:00:00,1675501200000,3.8920000000,3.9200000000,3.8880000000,3.9110000000,2144.7483110000,8374.9258730000,8374.9258730000,1,DORA-USDT
2023-02-04 18:00:00,1675504800000,3.9110000000,3.9510000000,3.9100000000,3.9350000000,4023.3726180000,15813.8942680000,15813.8942680000,1,DORA-USDT
2023-02-04 19:00:00,1675508400000,3.9320000000,3.9430000000,3.9190000000,3.9220000000,489.6997770000,1924.1525860000,1924.1525860000,1,DORA-USDT
2023-02-04 20:00:00,1675512000000,3.9260000000,3.9550000000,3.9200000000,3.9550000000,494.3243690000,1944.5690660000,1944.5690660000,1,DORA-USDT
2023-02-04 21:00:00,1675515600000,3.9570000000,4.0150000000,3.9500000000,3.9890000000,2666.3840610000,10606.5121980000,10606.5121980000,1,DORA-USDT
2023-02-04 22:00:00,1675519200000,3.9890000000,3.9890000000,3.9510000000,3.9740000000,1654.9809820000,6560.2966060000,6560.2966060000,1,DORA-USDT
2023-02-04 23:00:00,1675522800000,3.9740000000,3.9750000000,3.9380000000,3.9670000000,730.0777140000,2890.5391000000,2890.5391000000,1,DORA-USDT
2023-02-05 00:00:00,1675526400000,3.9660000000,3.9680000000,3.9130000000,3.9140000000,1188.6222620000,4672.3864740000,4672.3864740000,1,DORA-USDT
2023-02-05 01:00:00,1675530000000,3.9140000000,3.9240000000,3.8930000000,3.9110000000,1787.8075590000,6989.7875980000,6989.7875980000,1,DORA-USDT
2023-02-05 02:00:00,1675533600000,3.9100000000,3.9230000000,3.8920000000,3.9220000000,678.5901430000,2650.6902810000,2650.6902810000,1,DORA-USDT
2023-02-05 03:00:00,1675537200000,3.9220000000,3.9270000000,3.9060000000,3.9140000000,470.3182570000,1842.2453840000,1842.2453840000,1,DORA-USDT
2023-02-05 04:00:00,1675540800000,3.9130000000,3.9130000000,3.8920000000,3.8920000000,1022.1949240000,3996.5902050000,3996.5902050000,1,DORA-USDT
2023-02-05 05:00:00,1675544400000,3.8920000000,3.9180000000,3.8910000000,3.9130000000,452.0462370000,1762.8479650000,1762.8479650000,1,DORA-USDT
2023-02-05 06:00:00,1675548000000,3.9120000000,3.9470000000,3.9060000000,3.9110000000,1265.8391740000,4967.9192480000,4967.9192480000,1,DORA-USDT
2023-02-05 07:00:00,1675551600000,3.9120000000,3.9310000000,3.8490000000,3.8690000000,2405.1047340000,9353.2659950000,9353.2659950000,1,DORA-USDT
2023-02-05 08:00:00,1675555200000,3.8590000000,3.8900000000,3.8420000000,3.8480000000,1470.8114740000,5671.1791370000,5671.1791370000,1,DORA-USDT
2023-02-05 09:00:00,1675558800000,3.8470000000,4.0820000000,3.8430000000,4.0290000000,9374.1592520000,37313.4612820000,37313.4612820000,1,DORA-USDT
2023-02-05 10:00:00,1675562400000,4.0180000000,4.0600000000,3.9700000000,3.9700000000,3076.3147160000,12376.9788320000,12376.9788320000,1,DORA-USDT
2023-02-05 11:00:00,1675566000000,3.9690000000,4.0050000000,3.9630000000,3.9860000000,1220.8990630000,4867.6801820000,4867.6801820000,1,DORA-USDT
2023-02-05 12:00:00,1675569600000,3.9850000000,4.0750000000,3.9850000000,4.0410000000,1478.3883530000,5968.7856930000,5968.7856930000,1,DORA-USDT
2023-02-05 13:00:00,1675573200000,4.0320000000,4.0460000000,4.0110000000,4.0320000000,656.5341730000,2642.7504690000,2642.7504690000,1,DORA-USDT
2023-02-05 14:00:00,1675576800000,4.0300000000,4.0320000000,3.9910000000,4.0020000000,1027.4501130000,4113.4117380000,4113.4117380000,1,DORA-USDT
2023-02-05 15:00:00,1675580400000,4.0010000000,4.0830000000,4.0010000000,4.0530000000,3511.4359290000,14221.5702870000,14221.5702870000,1,DORA-USDT
2023-02-05 16:00:00,1675584000000,4.0500000000,4.2240000000,4.0380000000,4.1730000000,7531.2869540000,31076.4855660000,31076.4855660000,1,DORA-USDT
2023-02-05 17:00:00,1675587600000,4.1730000000,4.1760000000,4.0740000000,4.0770000000,4663.2295140000,19190.7396090000,19190.7396090000,1,DORA-USDT
2023-02-05 18:00:00,1675591200000,4.0760000000,4.0800000000,4.0300000000,4.0550000000,2004.0648300000,8117.2479290000,8117.2479290000,1,DORA-USDT
2023-02-05 19:00:00,1675594800000,4.0520000000,4.0520000000,4.0100000000,4.0350000000,3064.2032860000,12319.9944620000,12319.9944620000,1,DORA-USDT
2023-02-05 20:00:00,1675598400000,4.0340000000,4.0590000000,3.7140000000,3.8180000000,17367.8006600000,67009.8098910000,67009.8098910000,1,DORA-USDT
2023-02-05 21:00:00,1675602000000,3.8200000000,3.9340000000,3.8040000000,3.9200000000,4492.0632490000,17367.4407890000,17367.4407890000,1,DORA-USDT
2023-02-05 22:00:00,1675605600000,3.9200000000,3.9430000000,3.8720000000,3.8780000000,577.0293980000,2251.8784090000,2251.8784090000,1,DORA-USDT
2023-02-05 23:00:00,1675609200000,3.8820000000,3.9290000000,3.8740000000,3.9190000000,1641.1966010000,6417.0052100000,6417.0052100000,1,DORA-USDT
2023-02-06 00:00:00,1675612800000,3.9200000000,4.1500000000,3.9200000000,4.0020000000,15463.4912970000,62600.0178620000,62600.0178620000,1,DORA-USDT
2023-02-06 01:00:00,1675616400000,4.0190000000,4.0350000000,3.8910000000,3.8920000000,12017.7985280000,47523.3255930000,47523.3255930000,1,DORA-USDT
2023-02-06 02:00:00,1675620000000,3.8910000000,3.9300000000,3.8590000000,3.8640000000,3410.3158420000,13213.9142160000,13213.9142160000,1,DORA-USDT
2023-02-06 03:00:00,1675623600000,3.8640000000,3.8730000000,3.7470000000,3.7700000000,4091.9911290000,15513.9575270000,15513.9575270000,1,DORA-USDT
2023-02-06 04:00:00,1675627200000,3.7720000000,3.7720000000,3.7350000000,3.7400000000,1413.1564220000,5297.4972980000,5297.4972980000,1,DORA-USDT
2023-02-06 05:00:00,1675630800000,3.7380000000,3.7480000000,3.7090000000,3.7400000000,1036.7016760000,3862.1121160000,3862.1121160000,1,DORA-USDT
2023-02-06 06:00:00,1675634400000,3.7410000000,3.8200000000,3.7410000000,3.8100000000,1468.4925390000,5585.7001740000,5585.7001740000,1,DORA-USDT
2023-02-06 07:00:00,1675638000000,3.8100000000,3.8330000000,3.7920000000,3.8150000000,1206.2032410000,4597.3014630000,4597.3014630000,1,DORA-USDT
2023-02-06 08:00:00,1675641600000,3.8140000000,3.8800000000,3.8140000000,3.8540000000,2750.3721120000,10614.1182070000,10614.1182070000,1,DORA-USDT
2023-02-06 09:00:00,1675645200000,3.8550000000,3.8610000000,3.7800000000,3.7870000000,1006.4657250000,3825.9215010000,3825.9215010000,1,DORA-USDT
2023-02-06 10:00:00,1675648800000,3.7830000000,3.7990000000,3.7300000000,3.7300000000,3249.0101410000,12243.1631610000,12243.1631610000,1,DORA-USDT
2023-02-06 11:00:00,1675652400000,3.7330000000,3.8290000000,3.7240000000,3.7960000000,1619.5414990000,6115.9270280000,6115.9270280000,1,DORA-USDT
2023-02-06 12:00:00,1675656000000,3.7970000000,3.8850000000,3.7970000000,3.8620000000,2806.5024850000,10804.4561270000,10804.4561270000,1,DORA-USDT
2023-02-06 13:00:00,1675659600000,3.8620000000,3.8900000000,3.7780000000,3.8280000000,2398.8508670000,9221.2826520000,9221.2826520000,1,DORA-USDT
2023-02-06 14:00:00,1675663200000,3.8370000000,3.8460000000,3.8100000000,3.8340000000,372.0905860000,1426.9517330000,1426.9517330000,1,DORA-USDT
2023-02-06 15:00:00,1675666800000,3.8240000000,3.9130000000,3.8100000000,3.9130000000,1410.4261620000,5476.5328740000,5476.5328740000,1,DORA-USDT
2023-02-06 16:00:00,1675670400000,3.9120000000,3.9500000000,3.9040000000,3.9260000000,1045.7439800000,4115.8568670000,4115.8568670000,1,DORA-USDT
2023-02-06 17:00:00,1675674000000,3.9410000000,3.9880000000,3.9170000000,3.9290000000,3217.3619790000,12733.5720110000,12733.5720110000,1,DORA-USDT
2023-02-06 18:00:00,1675677600000,3.9270000000,3.9290000000,3.8720000000,3.8720000000,896.8672430000,3492.4439380000,3492.4439380000,1,DORA-USDT
2023-02-06 19:00:00,1675681200000,3.8750000000,3.8750000000,3.8070000000,3.8610000000,3801.5040010000,14619.8371600000,14619.8371600000,1,DORA-USDT
2023-02-06 20:00:00,1675684800000,3.8700000000,3.9340000000,3.8550000000,3.8810000000,1974.3470050000,7697.3608540000,7697.3608540000,1,DORA-USDT
2023-02-06 21:00:00,1675688400000,3.8840000000,3.8980000000,3.8520000000,3.8530000000,421.9133270000,1631.6849570000,1631.6849570000,1,DORA-USDT
2023-02-06 22:00:00,1675692000000,3.8560000000,3.8910000000,3.8320000000,3.8460000000,1218.6917710000,4690.3692060000,4690.3692060000,1,DORA-USDT
2023-02-06 23:00:00,1675695600000,3.8620000000,3.9330000000,3.8150000000,3.9240000000,1904.8516160000,7317.8452440000,7317.8452440000,1,DORA-USDT
2023-02-07 00:00:00,1675699200000,3.9290000000,3.9450000000,3.8380000000,3.8680000000,4058.3206410000,15801.1539550000,15801.1539550000,1,DORA-USDT
2023-02-07 01:00:00,1675702800000,3.8760000000,3.9130000000,3.8570000000,3.8610000000,1197.9540820000,4645.2884390000,4645.2884390000,1,DORA-USDT
2023-02-07 02:00:00,1675706400000,3.8550000000,3.8560000000,3.8160000000,3.8170000000,2724.8849810000,10422.3356780000,10422.3356780000,1,DORA-USDT
2023-02-07 03:00:00,1675710000000,3.8390000000,3.8570000000,3.8320000000,3.8470000000,212.2516880000,817.0853560000,817.0853560000,1,DORA-USDT
2023-02-07 04:00:00,1675713600000,3.8470000000,3.8710000000,3.8470000000,3.8600000000,343.0416100000,1322.2741880000,1322.2741880000,1,DORA-USDT
2023-02-07 05:00:00,1675717200000,3.8550000000,3.8680000000,3.8160000000,3.8200000000,765.4249160000,2925.6038900000,2925.6038900000,1,DORA-USDT
2023-02-07 06:00:00,1675720800000,3.8310000000,3.8500000000,3.8310000000,3.8350000000,256.3051910000,984.5196880000,984.5196880000,1,DORA-USDT
2023-02-07 07:00:00,1675724400000,3.8350000000,3.8890000000,3.8160000000,3.8780000000,3100.6726180000,11859.3924480000,11859.3924480000,1,DORA-USDT
2023-02-07 08:00:00,1675728000000,3.8750000000,3.9980000000,3.8630000000,3.9900000000,5615.6177570000,22175.1342500000,22175.1342500000,1,DORA-USDT
2023-02-07 09:00:00,1675731600000,3.9920000000,4.0310000000,3.9750000000,4.0040000000,2049.0306340000,8200.5872940000,8200.5872940000,1,DORA-USDT
2023-02-07 10:00:00,1675735200000,4.0030000000,4.0870000000,3.9980000000,4.0660000000,1909.4577710000,7718.3645500000,7718.3645500000,1,DORA-USDT
2023-02-07 11:00:00,1675738800000,4.0660000000,4.0660000000,3.9720000000,3.9870000000,3440.3070410000,13827.9137570000,13827.9137570000,1,DORA-USDT
2023-02-07 12:00:00,1675742400000,3.9900000000,4.0310000000,3.9650000000,3.9910000000,4098.3919960000,16386.0936240000,16386.0936240000,1,DORA-USDT
2023-02-07 13:00:00,1675746000000,3.9910000000,4.0120000000,3.9410000000,3.9630000000,2355.0354440000,9365.6060030000,9365.6060030000,1,DORA-USDT
2023-02-07 14:00:00,1675749600000,3.9690000000,3.9830000000,3.9560000000,3.9660000000,658.6570810000,2612.2657190000,2612.2657190000,1,DORA-USDT
2023-02-07 15:00:00,1675753200000,3.9690000000,3.9820000000,3.9190000000,3.9200000000,1147.8500320000,4535.8990260000,4535.8990260000,1,DORA-USDT
2023-02-07 16:00:00,1675756800000,3.9190000000,3.9260000000,3.8470000000,3.8520000000,4461.8632930000,17330.0789750000,17330.0789750000,1,DORA-USDT
2023-02-07 17:00:00,1675760400000,3.8570000000,3.9310000000,3.8570000000,3.9220000000,1356.5705360000,5296.6477030000,5296.6477030000,1,DORA-USDT
2023-02-07 18:00:00,1675764000000,3.9220000000,3.9290000000,3.8720000000,3.8800000000,2684.2536420000,10486.0068470000,10486.0068470000,1,DORA-USDT
2023-02-07 19:00:00,1675767600000,3.8820000000,3.9110000000,3.8780000000,3.8890000000,2099.3561230000,8178.8351940000,8178.8351940000,1,DORA-USDT
2023-02-07 20:00:00,1675771200000,3.8900000000,3.9750000000,3.8900000000,3.9540000000,10014.5478860000,39316.6010850000,39316.6010850000,1,DORA-USDT
2023-02-07 21:00:00,1675774800000,3.9550000000,3.9550000000,3.8670000000,3.9110000000,2789.2129580000,10876.7122560000,10876.7122560000,1,DORA-USDT
2023-02-07 22:00:00,1675778400000,3.9140000000,3.9150000000,3.8800000000,3.8940000000,2559.3576420000,9980.0380860000,9980.0380860000,1,DORA-USDT
2023-02-07 23:00:00,1675782000000,3.8930000000,3.8930000000,3.8400000000,3.8650000000,1419.6709810000,5488.4552940000,5488.4552940000,1,DORA-USDT
2023-02-08 00:00:00,1675785600000,3.8620000000,3.8890000000,3.8280000000,3.8740000000,1659.8045960000,6406.3991600000,6406.3991600000,1,DORA-USDT
2023-02-08 01:00:00,1675789200000,3.8740000000,3.9520000000,3.8470000000,3.9450000000,1377.7871230000,5355.5051260000,5355.5051260000,1,DORA-USDT
2023-02-08 02:00:00,1675792800000,3.9480000000,3.9730000000,3.8000000000,3.9200000000,6564.4579590000,25228.1536210000,25228.1536210000,1,DORA-USDT
2023-02-08 03:00:00,1675796400000,3.9170000000,4.1890000000,3.9070000000,4.0480000000,13476.1823970000,54978.7729490000,54978.7729490000,1,DORA-USDT
2023-02-08 04:00:00,1675800000000,4.0530000000,4.0710000000,4.0230000000,4.0280000000,1989.0443230000,8054.2075670000,8054.2075670000,1,DORA-USDT
2023-02-08 05:00:00,1675803600000,4.0390000000,4.1250000000,4.0280000000,4.1120000000,3922.1035150000,16013.2441910000,16013.2441910000,1,DORA-USDT
2023-02-08 06:00:00,1675807200000,4.1110000000,4.1170000000,4.0900000000,4.1120000000,1679.2436330000,6879.0301220000,6879.0301220000,1,DORA-USDT
2023-02-08 07:00:00,1675810800000,4.1120000000,4.1170000000,4.0880000000,4.0910000000,7173.9311540000,29409.3031640000,29409.3031640000,1,DORA-USDT
2023-02-08 08:00:00,1675814400000,4.0960000000,4.2000000000,4.0960000000,4.1690000000,4618.7603400000,19225.4500960000,19225.4500960000,1,DORA-USDT
2023-02-08 09:00:00,1675818000000,4.1680000000,4.1680000000,4.1250000000,4.1300000000,1371.7377500000,5682.1021800000,5682.1021800000,1,DORA-USDT
2023-02-08 10:00:00,1675821600000,4.1290000000,4.1350000000,4.0800000000,4.0830000000,2696.8407510000,11087.1520040000,11087.1520040000,1,DORA-USDT
2023-02-08 11:00:00,1675825200000,4.0840000000,4.1350000000,4.0840000000,4.1060000000,2737.9247290000,11250.8270980000,11250.8270980000,1,DORA-USDT
2023-02-08 12:00:00,1675828800000,4.1030000000,4.1090000000,4.0300000000,4.0410000000,3900.9401980000,15900.7830150000,15900.7830150000,1,DORA-USDT
2023-02-08 13:00:00,1675832400000,4.0380000000,4.0580000000,4.0140000000,4.0170000000,2100.0274790000,8489.5518290000,8489.5518290000,1,DORA-USDT
2023-02-08 14:00:00,1675836000000,4.0190000000,4.0240000000,3.9790000000,3.9820000000,1982.6299230000,7932.6120510000,7932.6120510000,1,DORA-USDT
2023-02-08 15:00:00,1675839600000,3.9820000000,4.0020000000,3.9770000000,3.9840000000,890.2342260000,3549.3152800000,3549.3152800000,1,DORA-USDT
2023-02-08 16:00:00,1675843200000,3.9820000000,4.0270000000,3.9690000000,4.0210000000,2546.9393060000,10182.2784330000,10182.2784330000,1,DORA-USDT
2023-02-08 17:00:00,1675846800000,4.0170000000,4.0220000000,3.9830000000,4.0080000000,1141.2008860000,4575.1494160000,4575.1494160000,1,DORA-USDT
2023-02-08 18:00:00,1675850400000,4.0130000000,4.0310000000,3.9880000000,4.0300000000,774.1427410000,3102.4842600000,3102.4842600000,1,DORA-USDT
2023-02-08 19:00:00,1675854000000,4.0290000000,4.0780000000,4.0150000000,4.0420000000,3295.5559990000,13317.8844390000,13317.8844390000,1,DORA-USDT
2023-02-08 20:00:00,1675857600000,4.0440000000,4.0480000000,3.9650000000,3.9770000000,1925.5874820000,7734.6428940000,7734.6428940000,1,DORA-USDT
2023-02-08 21:00:00,1675861200000,3.9780000000,3.9780000000,3.7200000000,3.8630000000,36983.5130810000,142616.4231000000,142616.4231000000,1,DORA-USDT
2023-02-08 22:00:00,1675864800000,3.8670000000,3.8920000000,3.8360000000,3.8620000000,1477.1714370000,5713.5282890000,5713.5282890000,1,DORA-USDT
2023-02-08 23:00:00,1675868400000,3.8610000000,3.8610000000,3.6780000000,3.7640000000,34377.3959580000,129657.2763440000,129657.2763440000,1,DORA-USDT
2023-02-09 00:00:00,1675872000000,3.7530000000,3.7700000000,3.5860000000,3.6960000000,15530.5473860000,56949.7482960000,56949.7482960000,1,DORA-USDT
2023-02-09 01:00:00,1675875600000,3.6980000000,3.7150000000,3.6280000000,3.6500000000,8061.7169860000,29630.9252460000,29630.9252460000,1,DORA-USDT
2023-02-09 02:00:00,1675879200000,3.6520000000,3.7110000000,3.6080000000,3.6250000000,8110.5099690000,29643.7603050000,29643.7603050000,1,DORA-USDT
2023-02-09 03:00:00,1675882800000,3.6320000000,3.6800000000,3.5970000000,3.6270000000,4673.1154430000,16992.1453250000,16992.1453250000,1,DORA-USDT
2023-02-09 04:00:00,1675886400000,3.6230000000,3.6530000000,3.6000000000,3.6150000000,3195.9257720000,11575.3337780000,11575.3337780000,1,DORA-USDT
2023-02-09 05:00:00,1675890000000,3.6130000000,3.6920000000,3.6110000000,3.6920000000,2377.2758450000,8691.9230390000,8691.9230390000,1,DORA-USDT
2023-02-09 06:00:00,1675893600000,3.6880000000,3.7080000000,3.6400000000,3.6870000000,4478.1446750000,16486.7802340000,16486.7802340000,1,DORA-USDT
2023-02-09 07:00:00,1675897200000,3.6870000000,3.7440000000,3.6750000000,3.7160000000,4653.6746160000,17245.9659360000,17245.9659360000,1,DORA-USDT
2023-02-09 08:00:00,1675900800000,3.7170000000,3.7360000000,3.6720000000,3.7140000000,4471.5765080000,16530.6881620000,16530.6881620000,1,DORA-USDT
2023-02-09 09:00:00,1675904400000,3.7170000000,3.7400000000,3.6300000000,3.6410000000,4633.5710710000,17083.3160910000,17083.3160910000,1,DORA-USDT
2023-02-09 10:00:00,1675908000000,3.6410000000,3.6810000000,3.5550000000,3.5590000000,11789.5108130000,42729.0624520000,42729.0624520000,1,DORA-USDT
2023-02-09 11:00:00,1675911600000,3.5610000000,3.5900000000,3.4330000000,3.4930000000,29167.4474420000,102358.9540850000,102358.9540850000,1,DORA-USDT
2023-02-09 12:00:00,1675915200000,3.5000000000,3.5400000000,3.4640000000,3.4980000000,3682.6013210000,12922.7473660000,12922.7473660000,1,DORA-USDT
2023-02-09 13:00:00,1675918800000,3.4980000000,3.5140000000,3.4900000000,3.5020000000,1089.5493440000,3821.5118430000,3821.5118430000,1,DORA-USDT
2023-02-09 14:00:00,1675922400000,3.5030000000,3.5270000000,3.4670000000,3.5220000000,5784.4740130000,20205.6393050000,20205.6393050000,1,DORA-USDT
2023-02-09 15:00:00,1675926000000,3.5240000000,3.5250000000,3.4980000000,3.5210000000,1913.9730110000,6722.7744450000,6722.7744450000,1,DORA-USDT
2023-02-09 16:00:00,1675929600000,3.5200000000,3.5650000000,3.5040000000,3.5370000000,5211.1628640000,18459.9054990000,18459.9054990000,1,DORA-USDT
2023-02-09 17:00:00,1675933200000,3.5350000000,3.5580000000,3.5080000000,3.5170000000,2418.2275510000,8511.0037710000,8511.0037710000,1,DORA-USDT
2023-02-09 18:00:00,1675936800000,3.5180000000,3.5280000000,3.4930000000,3.5170000000,5555.1077930000,19497.0390120000,19497.0390120000,1,DORA-USDT
2023-02-09 19:00:00,1675940400000,3.5180000000,3.5620000000,3.4940000000,3.5350000000,1983.4705750000,7012.3986910000,7012.3986910000,1,DORA-USDT
2023-02-09 20:00:00,1675944000000,3.5280000000,3.5740000000,3.5000000000,3.5430000000,3387.8676920000,11956.7397440000,11956.7397440000,1,DORA-USDT
2023-02-09 21:00:00,1675947600000,3.5430000000,3.5650000000,3.5190000000,3.5450000000,2997.0766630000,10594.0893400000,10594.0893400000,1,DORA-USDT
2023-02-09 22:00:00,1675951200000,3.5460000000,3.5720000000,3.5230000000,3.5400000000,1761.7741080000,6236.9320440000,6236.9320440000,1,DORA-USDT
2023-02-09 23:00:00,1675954800000,3.5390000000,3.5600000000,3.5210000000,3.5330000000,2051.4961740000,7257.0544490000,7257.0544490000,1,DORA-USDT
2023-02-10 00:00:00,1675958400000,3.5240000000,3.5390000000,3.4380000000,3.4650000000,4441.7788700000,15459.7735890000,15459.7735890000,1,DORA-USDT
2023-02-10 01:00:00,1675962000000,3.4620000000,3.5380000000,3.4510000000,3.4870000000,2009.3101720000,7051.2491200000,7051.2491200000,1,DORA-USDT
2023-02-10 02:00:00,1675965600000,3.4890000000,3.6840000000,3.4600000000,3.5200000000,14836.4636430000,53074.6885050000,53074.6885050000,1,DORA-USDT
2023-02-10 03:00:00,1675969200000,3.5180000000,3.5180000000,3.0280000000,3.1380000000,55095.0065060000,176992.2306820000,176992.2306820000,1,DORA-USDT
2023-02-10 04:00:00,1675972800000,3.1450000000,3.1610000000,3.0820000000,3.1110000000,8118.2644840000,25242.9871820000,25242.9871820000,1,DORA-USDT
2023-02-10 05:00:00,1675976400000,3.1070000000,3.1230000000,3.0220000000,3.0870000000,8944.6242000000,27404.9650500000,27404.9650500000,1,DORA-USDT
2023-02-10 06:00:00,1675980000000,3.0850000000,3.1130000000,3.0000000000,3.0350000000,8852.1454180000,27039.0742120000,27039.0742120000,1,DORA-USDT
2023-02-10 07:00:00,1675983600000,3.0310000000,3.1780000000,3.0310000000,3.1490000000,16373.6156580000,51019.9049700000,51019.9049700000,1,DORA-USDT
2023-02-10 08:00:00,1675987200000,3.1530000000,3.2720000000,3.1400000000,3.2180000000,10982.5425810000,35402.0133810000,35402.0133810000,1,DORA-USDT
2023-02-10 09:00:00,1675990800000,3.2180000000,3.2180000000,3.1710000000,3.1840000000,2375.6285480000,7577.4658710000,7577.4658710000,1,DORA-USDT
2023-02-10 10:00:00,1675994400000,3.1830000000,3.2910000000,3.1580000000,3.2160000000,13914.0195700000,44656.3493520000,44656.3493520000,1,DORA-USDT
2023-02-10 11:00:00,1675998000000,3.2230000000,3.2230000000,3.1640000000,3.1850000000,2732.7553450000,8694.9338180000,8694.9338180000,1,DORA-USDT
2023-02-10 12:00:00,1676001600000,3.1810000000,3.2000000000,3.0910000000,3.1290000000,11026.0340640000,34423.4513000000,34423.4513000000,1,DORA-USDT
2023-02-10 13:00:00,1676005200000,3.1310000000,3.2270000000,3.0950000000,3.1890000000,5345.1194240000,16888.7277340000,16888.7277340000,1,DORA-USDT
2023-02-10 14:00:00,1676008800000,3.1850000000,3.2440000000,3.1560000000,3.2340000000,4446.0407680000,14199.0512500000,14199.0512500000,1,DORA-USDT
2023-02-10 15:00:00,1676012400000,3.2330000000,3.3130000000,3.2160000000,3.2780000000,4714.6326700000,15462.3789450000,15462.3789450000,1,DORA-USDT
2023-02-10 16:00:00,1676016000000,3.2840000000,3.2980000000,3.2390000000,3.2490000000,1859.9572750000,6083.2690440000,6083.2690440000,1,DORA-USDT
2023-02-10 17:00:00,1676019600000,3.2490000000,3.2640000000,3.2150000000,3.2160000000,1768.8379680000,5728.9904670000,5728.9904670000,1,DORA-USDT
2023-02-10 18:00:00,1676023200000,3.2200000000,3.2530000000,3.2040000000,3.2320000000,3060.0208590000,9869.5523370000,9869.5523370000,1,DORA-USDT
2023-02-10 19:00:00,1676026800000,3.2290000000,3.2590000000,3.2070000000,3.2520000000,1227.8371110000,3974.3537960000,3974.3537960000,1,DORA-USDT
2023-02-10 20:00:00,1676030400000,3.2540000000,3.2960000000,3.1600000000,3.1690000000,5336.0617420000,17096.8164690000,17096.8164690000,1,DORA-USDT
2023-02-10 21:00:00,1676034000000,3.1730000000,3.2150000000,3.1710000000,3.1860000000,3472.4536120000,11085.0352390000,11085.0352390000,1,DORA-USDT
2023-02-10 22:00:00,1676037600000,3.1860000000,3.2400000000,3.1730000000,3.2290000000,1037.7624010000,3327.3823770000,3327.3823770000,1,DORA-USDT
2023-02-10 23:00:00,1676041200000,3.2280000000,3.2690000000,3.1310000000,3.2120000000,7308.7201120000,23304.3890790000,23304.3890790000,1,DORA-USDT
2023-02-11 00:00:00,1676044800000,3.2190000000,3.3470000000,3.1650000000,3.1860000000,9135.6770640000,29838.6150950000,29838.6150950000,1,DORA-USDT
2023-02-11 01:00:00,1676048400000,3.1840000000,3.2470000000,3.1500000000,3.2380000000,2483.5320570000,7906.8671690000,7906.8671690000,1,DORA-USDT
2023-02-11 02:00:00,1676052000000,3.2360000000,3.2590000000,3.2150000000,3.2430000000,2177.0351360000,7060.3857950000,7060.3857950000,1,DORA-USDT
2023-02-11 03:00:00,1676055600000,3.2440000000,3.2790000000,3.2250000000,3.2770000000,323.1318270000,1050.9071880000,1050.9071880000,1,DORA-USDT
2023-02-11 04:00:00,1676059200000,3.2750000000,3.2780000000,3.2550000000,3.2610000000,303.9149720000,992.0561230000,992.0561230000,1,DORA-USDT
2023-02-11 05:00:00,1676062800000,3.2610000000,3.2620000000,3.1870000000,3.1950000000,667.4090470000,2149.5582340000,2149.5582340000,1,DORA-USDT
2023-02-11 06:00:00,1676066400000,3.2000000000,3.2300000000,3.1930000000,3.2220000000,396.1073400000,1274.5753780000,1274.5753780000,1,DORA-USDT
2023-02-11 07:00:00,1676070000000,3.2240000000,3.2640000000,3.2150000000,3.2220000000,1379.3221070000,4464.7745580000,4464.7745580000,1,DORA-USDT
2023-02-11 08:00:00,1676073600000,3.2250000000,3.2520000000,3.2100000000,3.2280000000,792.9062110000,2556.9436500000,2556.9436500000,1,DORA-USDT
2023-02-11 09:00:00,1676077200000,3.2280000000,3.2930000000,3.2200000000,3.2350000000,2696.0578190000,8785.6417870000,8785.6417870000,1,DORA-USDT
2023-02-11 10:00:00,1676080800000,3.2340000000,3.2530000000,3.2100000000,3.2370000000,1206.4108300000,3886.7209170000,3886.7209170000,1,DORA-USDT
2023-02-11 11:00:00,1676084400000,3.2400000000,3.2520000000,3.2100000000,3.2180000000,1696.5978400000,5456.8609630000,5456.8609630000,1,DORA-USDT
2023-02-11 12:00:00,1676088000000,3.2110000000,3.2220000000,3.1950000000,3.2110000000,821.5090920000,2636.4218780000,2636.4218780000,1,DORA-USDT
2023-02-11 13:00:00,1676091600000,3.2110000000,3.2180000000,3.2030000000,3.2030000000,395.1694160000,1267.7965880000,1267.7965880000,1,DORA-USDT
2023-02-11 14:00:00,1676095200000,3.2040000000,3.2470000000,3.2030000000,3.2160000000,2275.1628910000,7323.5309100000,7323.5309100000,1,DORA-USDT
2023-02-11 15:00:00,1676098800000,3.2270000000,3.2780000000,3.2140000000,3.2750000000,1504.8437370000,4900.3430210000,4900.3430210000,1,DORA-USDT
2023-02-11 16:00:00,1676102400000,3.2750000000,3.2840000000,3.2280000000,3.2340000000,854.5407990000,2780.8083550000,2780.8083550000,1,DORA-USDT
2023-02-11 17:00:00,1676106000000,3.2390000000,3.2490000000,3.2200000000,3.2290000000,705.6477970000,2280.5640900000,2280.5640900000,1,DORA-USDT
2023-02-11 18:00:00,1676109600000,3.2260000000,3.2360000000,3.1760000000,3.1930000000,3904.1357530000,12493.2919620000,12493.2919620000,1,DORA-USDT
2023-02-11 19:00:00,1676113200000,3.1990000000,3.2140000000,3.1870000000,3.2100000000,448.8144020000,1435.2385380000,1435.2385380000,1,DORA-USDT
2023-02-11 20:00:00,1676116800000,3.2030000000,3.2180000000,3.1920000000,3.2020000000,281.0735680000,901.7719610000,901.7719610000,1,DORA-USDT
2023-02-11 21:00:00,1676120400000,3.2030000000,3.2420000000,3.2000000000,3.2390000000,304.6846650000,981.5066580000,981.5066580000,1,DORA-USDT
2023-02-11 22:00:00,1676124000000,3.2400000000,3.2520000000,3.2250000000,3.2510000000,424.2276820000,1372.5605320000,1372.5605320000,1,DORA-USDT
2023-02-11 23:00:00,1676127600000,3.2510000000,3.2600000000,3.2170000000,3.2310000000,815.5006920000,2635.9596640000,2635.9596640000,1,DORA-USDT
2023-02-12 00:00:00,1676131200000,3.2320000000,3.2960000000,3.2280000000,3.2530000000,1927.6516340000,6293.0379240000,6293.0379240000,1,DORA-USDT
2023-02-12 01:00:00,1676134800000,3.2530000000,3.2560000000,3.2480000000,3.2530000000,275.4702090000,895.6581820000,895.6581820000,1,DORA-USDT
2023-02-12 02:00:00,1676138400000,3.2510000000,3.3250000000,3.2490000000,3.2510000000,2249.5853420000,7403.2480490000,7403.2480490000,1,DORA-USDT
2023-02-12 03:00:00,1676142000000,3.2560000000,3.3110000000,3.2500000000,3.2890000000,2235.8740280000,7350.0673830000,7350.0673830000,1,DORA-USDT
2023-02-12 04:00:00,1676145600000,3.2890000000,3.3000000000,3.2590000000,3.2610000000,889.7667350000,2912.5452310000,2912.5452310000,1,DORA-USDT
2023-02-12 05:00:00,1676149200000,3.2600000000,3.2930000000,3.2580000000,3.2910000000,475.4147070000,1558.0746870000,1558.0746870000,1,DORA-USDT
2023-02-12 06:00:00,1676152800000,3.2930000000,3.3360000000,3.2820000000,3.2970000000,2492.4422350000,8254.1359530000,8254.1359530000,1,DORA-USDT
2023-02-12 07:00:00,1676156400000,3.2990000000,3.3010000000,3.2840000000,3.2950000000,680.7693580000,2241.3765080000,2241.3765080000,1,DORA-USDT
2023-02-12 08:00:00,1676160000000,3.2970000000,3.3120000000,3.2640000000,3.2650000000,1089.0385550000,3576.4817040000,3576.4817040000,1,DORA-USDT
2023-02-12 09:00:00,1676163600000,3.2660000000,3.2710000000,3.2520000000,3.2550000000,260.0017420000,847.7595930000,847.7595930000,1,DORA-USDT
2023-02-12 10:00:00,1676167200000,3.2570000000,3.2840000000,3.2510000000,3.2780000000,360.0431010000,1175.2729360000,1175.2729360000,1,DORA-USDT
2023-02-12 11:00:00,1676170800000,3.2810000000,3.2860000000,3.2640000000,3.2720000000,925.5559970000,3034.0275770000,3034.0275770000,1,DORA-USDT
2023-02-12 12:00:00,1676174400000,3.2730000000,3.2820000000,3.2580000000,3.2750000000,1296.1406820000,4243.8393220000,4243.8393220000,1,DORA-USDT
2023-02-12 13:00:00,1676178000000,3.2770000000,3.3110000000,3.2740000000,3.3080000000,945.0430600000,3113.1075520000,3113.1075520000,1,DORA-USDT
2023-02-12 14:00:00,1676181600000,3.3060000000,3.3060000000,3.2710000000,3.2800000000,1396.3362890000,4598.0572890000,4598.0572890000,1,DORA-USDT
2023-02-12 15:00:00,1676185200000,3.2820000000,3.3100000000,3.2820000000,3.3090000000,1180.5661120000,3890.0432200000,3890.0432200000,1,DORA-USDT
2023-02-12 16:00:00,1676188800000,3.3100000000,3.3130000000,3.2730000000,3.2730000000,2006.8800680000,6619.9997600000,6619.9997600000,1,DORA-USDT
2023-02-12 17:00:00,1676192400000,3.2780000000,3.3160000000,3.2780000000,3.3090000000,722.2008970000,2380.6236230000,2380.6236230000,1,DORA-USDT
2023-02-12 18:00:00,1676196000000,3.3090000000,3.3260000000,3.2950000000,3.3100000000,710.3052540000,2355.7967140000,2355.7967140000,1,DORA-USDT
2023-02-12 19:00:00,1676199600000,3.3110000000,3.3640000000,3.3090000000,3.3290000000,4147.8401860000,13827.4027240000,13827.4027240000,1,DORA-USDT
2023-02-12 20:00:00,1676203200000,3.3350000000,3.3700000000,3.2880000000,3.3150000000,2974.3364400000,9910.5395690000,9910.5395690000,1,DORA-USDT
2023-02-12 21:00:00,1676206800000,3.3130000000,3.3290000000,3.2730000000,3.2800000000,1525.2165540000,5020.7906080000,5020.7906080000,1,DORA-USDT
2023-02-12 22:00:00,1676210400000,3.2810000000,3.2890000000,3.2530000000,3.2800000000,3292.5614080000,10765.2349540000,10765.2349540000,1,DORA-USDT
2023-02-12 23:00:00,1676214000000,3.2810000000,3.2890000000,3.2630000000,3.2800000000,1195.5656120000,3914.1717300000,3914.1717300000,1,DORA-USDT
2023-02-13 00:00:00,1676217600000,3.2810000000,3.4230000000,3.2770000000,3.3950000000,19959.4213370000,67469.1379650000,67469.1379650000,1,DORA-USDT
2023-02-13 01:00:00,1676221200000,3.3930000000,3.3970000000,3.3680000000,3.3770000000,1419.9798000000,4806.8118390000,4806.8118390000,1,DORA-USDT
2023-02-13 02:00:00,1676224800000,3.3760000000,3.3760000000,3.3440000000,3.3450000000,577.9489510000,1941.5619020000,1941.5619020000,1,DORA-USDT
2023-02-13 03:00:00,1676228400000,3.3460000000,3.3800000000,3.3250000000,3.3750000000,1566.2336260000,5241.6248430000,5241.6248430000,1,DORA-USDT
2023-02-13 04:00:00,1676232000000,3.3740000000,3.4160000000,3.3700000000,3.4150000000,763.6919560000,2595.3658430000,2595.3658430000,1,DORA-USDT
2023-02-13 05:00:00,1676235600000,3.4160000000,3.4290000000,3.3430000000,3.3500000000,2167.0619540000,7331.4656660000,7331.4656660000,1,DORA-USDT
2023-02-13 06:00:00,1676239200000,3.3500000000,3.3540000000,3.1740000000,3.2380000000,9841.7693310000,31999.0286530000,31999.0286530000,1,DORA-USDT
2023-02-13 07:00:00,1676242800000,3.2310000000,3.2640000000,3.2310000000,3.2550000000,1403.3108670000,4558.1442060000,4558.1442060000,1,DORA-USDT
2023-02-13 08:00:00,1676246400000,3.2550000000,3.2590000000,3.1910000000,3.2260000000,1855.4989470000,5979.8114750000,5979.8114750000,1,DORA-USDT
2023-02-13 09:00:00,1676250000000,3.2260000000,3.2320000000,3.1270000000,3.1480000000,6029.7232260000,19137.9248190000,19137.9248190000,1,DORA-USDT
2023-02-13 10:00:00,1676253600000,3.1500000000,3.2130000000,3.1360000000,3.2050000000,1329.6888000000,4214.1073010000,4214.1073010000,1,DORA-USDT
2023-02-13 11:00:00,1676257200000,3.2060000000,3.2400000000,3.1940000000,3.2330000000,792.1963030000,2550.0034320000,2550.0034320000,1,DORA-USDT
2023-02-13 12:00:00,1676260800000,3.2390000000,3.2800000000,3.2260000000,3.2790000000,2696.8927410000,8791.5676650000,8791.5676650000,1,DORA-USDT
2023-02-13 13:00:00,1676264400000,3.2790000000,3.2810000000,3.2480000000,3.2660000000,2631.3610980000,8599.4408510000,8599.4408510000,1,DORA-USDT
2023-02-13 14:00:00,1676268000000,3.2670000000,3.2920000000,3.2220000000,3.2230000000,5237.5114160000,17080.5227330000,17080.5227330000,1,DORA-USDT
2023-02-13 15:00:00,1676271600000,3.2260000000,3.2650000000,3.2000000000,3.2220000000,3511.4974220000,11392.8967150000,11392.8967150000,1,DORA-USDT
2023-02-13 16:00:00,1676275200000,3.2210000000,3.2210000000,3.1110000000,3.1210000000,5945.8852060000,18753.8255710000,18753.8255710000,1,DORA-USDT
2023-02-13 17:00:00,1676278800000,3.1130000000,3.1280000000,2.9410000000,3.0300000000,22148.9923460000,67007.6186440000,67007.6186440000,1,DORA-USDT
2023-02-13 18:00:00,1676282400000,3.0350000000,3.0650000000,3.0020000000,3.0560000000,2529.0477290000,7691.3400640000,7691.3400640000,1,DORA-USDT
2023-02-13 19:00:00,1676286000000,3.0550000000,3.0930000000,3.0470000000,3.0860000000,2436.1344880000,7486.9475230000,7486.9475230000,1,DORA-USDT
2023-02-13 20:00:00,1676289600000,3.0840000000,3.1320000000,3.0810000000,3.1100000000,1767.2442540000,5491.9557800000,5491.9557800000,1,DORA-USDT
2023-02-13 21:00:00,1676293200000,3.1110000000,3.1280000000,3.0880000000,3.1080000000,1185.4009250000,3678.1618670000,3678.1618670000,1,DORA-USDT
2023-02-13 22:00:00,1676296800000,3.1050000000,3.1200000000,3.0780000000,3.1170000000,1651.6360150000,5120.9614680000,5120.9614680000,1,DORA-USDT
2023-02-13 23:00:00,1676300400000,3.1170000000,3.1190000000,3.0620000000,3.0710000000,1111.2372360000,3435.6377940000,3435.6377940000,1,DORA-USDT
2023-02-14 00:00:00,1676304000000,3.0690000000,3.0990000000,3.0100000000,3.0340000000,2151.7992000000,6581.2846700000,6581.2846700000,1,DORA-USDT
2023-02-14 01:00:00,1676307600000,3.0360000000,3.0510000000,2.9480000000,2.9930000000,7436.5164060000,22312.8484170000,22312.8484170000,1,DORA-USDT
2023-02-14 02:00:00,1676311200000,2.9960000000,3.0630000000,2.9950000000,3.0550000000,1341.5280610000,4063.0695320000,4063.0695320000,1,DORA-USDT
2023-02-14 03:00:00,1676314800000,3.0560000000,3.0640000000,3.0340000000,3.0530000000,920.1629850000,2801.7116530000,2801.7116530000,1,DORA-USDT
2023-02-14 04:00:00,1676318400000,3.0520000000,3.0720000000,3.0410000000,3.0700000000,789.3978970000,2418.6573070000,2418.6573070000,1,DORA-USDT
2023-02-14 05:00:00,1676322000000,3.0690000000,3.0710000000,3.0440000000,3.0630000000,1165.5678680000,3564.6064610000,3564.6064610000,1,DORA-USDT
2023-02-14 06:00:00,1676325600000,3.0650000000,3.0700000000,3.0450000000,3.0600000000,437.6999270000,1338.7436680000,1338.7436680000,1,DORA-USDT
2023-02-14 07:00:00,1676329200000,3.0600000000,3.1270000000,3.0590000000,3.1090000000,1805.2268630000,5596.6694840000,5596.6694840000,1,DORA-USDT
2023-02-14 08:00:00,1676332800000,3.1180000000,3.1220000000,3.0790000000,3.0820000000,1193.1433840000,3697.9330090000,3697.9330090000,1,DORA-USDT
2023-02-14 09:00:00,1676336400000,3.0840000000,3.0890000000,3.0520000000,3.0570000000,1572.2445940000,4816.3852000000,4816.3852000000,1,DORA-USDT
2023-02-14 10:00:00,1676340000000,3.0570000000,3.0960000000,3.0540000000,3.0790000000,5829.3295180000,17918.7578510000,17918.7578510000,1,DORA-USDT
2023-02-14 11:00:00,1676343600000,3.0790000000,3.0960000000,3.0720000000,3.0850000000,1375.2902400000,4237.7545870000,4237.7545870000,1,DORA-USDT
2023-02-14 12:00:00,1676347200000,3.0870000000,3.1000000000,3.0780000000,3.0840000000,489.9307180000,1513.3184560000,1513.3184560000,1,DORA-USDT
2023-02-14 13:00:00,1676350800000,3.0870000000,3.1070000000,3.0830000000,3.1070000000,481.6933860000,1491.2742640000,1491.2742640000,1,DORA-USDT
2023-02-14 14:00:00,1676354400000,3.1070000000,3.1080000000,3.0800000000,3.0870000000,1133.4648300000,3507.6908790000,3507.6908790000,1,DORA-USDT
2023-02-14 15:00:00,1676358000000,3.0890000000,3.0890000000,3.0690000000,3.0720000000,2184.0031580000,6721.4559710000,6721.4559710000,1,DORA-USDT
2023-02-14 16:00:00,1676361600000,3.0700000000,3.0840000000,3.0310000000,3.0350000000,1539.4492610000,4699.1263170000,4699.1263170000,1,DORA-USDT
2023-02-14 17:00:00,1676365200000,3.0330000000,3.1020000000,3.0330000000,3.0950000000,985.6092940000,3023.2962970000,3023.2962970000,1,DORA-USDT
2023-02-14 18:00:00,1676368800000,3.0870000000,3.0980000000,3.0700000000,3.0730000000,360.7073420000,1113.8020600000,1113.8020600000,1,DORA-USDT
2023-02-14 19:00:00,1676372400000,3.0720000000,3.0790000000,3.0520000000,3.0580000000,637.5369940000,1949.6523920000,1949.6523920000,1,DORA-USDT
2023-02-14 20:00:00,1676376000000,3.0580000000,3.0950000000,3.0520000000,3.0800000000,2129.4410050000,6531.7823810000,6531.7823810000,1,DORA-USDT
2023-02-14 21:00:00,1676379600000,3.0790000000,3.1350000000,3.0330000000,3.1130000000,8821.3667630000,27296.1001900000,27296.1001900000,1,DORA-USDT
2023-02-14 22:00:00,1676383200000,3.1270000000,3.2330000000,3.0670000000,3.1790000000,9241.5215480000,29213.6148250000,29213.6148250000,1,DORA-USDT
2023-02-14 23:00:00,1676386800000,3.1930000000,3.2030000000,3.0870000000,3.1640000000,9980.6943020000,31499.9279340000,31499.9279340000,1,DORA-USDT
2023-02-15 00:00:00,1676390400000,3.1680000000,3.1840000000,3.0650000000,3.0930000000,9425.5530100000,29326.8850450000,29326.8850450000,1,DORA-USDT
2023-02-15 01:00:00,1676394000000,3.0940000000,3.1420000000,3.0940000000,3.1240000000,3284.0286250000,10253.4037520000,10253.4037520000,1,DORA-USDT
2023-02-15 02:00:00,1676397600000,3.1210000000,3.1990000000,3.1210000000,3.1580000000,7457.7935170000,23650.0521820000,23650.0521820000,1,DORA-USDT
2023-02-15 03:00:00,1676401200000,3.1590000000,3.1700000000,3.1290000000,3.1370000000,1770.2730110000,5571.7313350000,5571.7313350000,1,DORA-USDT
2023-02-15 04:00:00,1676404800000,3.1410000000,3.1460000000,3.1190000000,3.1280000000,1691.2666920000,5296.1656640000,5296.1656640000,1,DORA-USDT
2023-02-15 05:00:00,1676408400000,3.1200000000,3.1300000000,3.0770000000,3.1250000000,4417.6885070000,13716.3807790000,13716.3807790000,1,DORA-USDT
2023-02-15 06:00:00,1676412000000,3.1270000000,3.1330000000,3.1050000000,3.1060000000,1200.9614710000,3734.8971200000,3734.8971200000,1,DORA-USDT
2023-02-15 07:00:00,1676415600000,3.1200000000,3.1560000000,3.1060000000,3.1430000000,1314.4416650000,4126.9011300000,4126.9011300000,1,DORA-USDT
2023-02-15 08:00:00,1676419200000,3.1430000000,3.1510000000,3.0750000000,3.0870000000,4390.6376140000,13632.1803810000,13632.1803810000,1,DORA-USDT
2023-02-15 09:00:00,1676422800000,3.0830000000,3.1280000000,3.0790000000,3.1180000000,2405.7847510000,7464.8110940000,7464.8110940000,1,DORA-USDT
2023-02-15 10:00:00,1676426400000,3.1200000000,3.1330000000,3.1060000000,3.1140000000,404.1912630000,1261.1100000000,1261.1100000000,1,DORA-USDT
2023-02-15 11:00:00,1676430000000,3.1140000000,3.1750000000,3.1140000000,3.1500000000,1447.0805880000,4560.6779050000,4560.6779050000,1,DORA-USDT
2023-02-15 12:00:00,1676433600000,3.1510000000,3.1730000000,3.1420000000,3.1500000000,1231.1771230000,3886.7093570000,3886.7093570000,1,DORA-USDT
2023-02-15 13:00:00,1676437200000,3.1580000000,3.2350000000,3.1500000000,3.1990000000,5817.0953800000,18609.5463100000,18609.5463100000,1,DORA-USDT
2023-02-15 14:00:00,1676440800000,3.2000000000,3.2450000000,3.1690000000,3.2130000000,5165.3824940000,16610.7981570000,16610.7981570000,1,DORA-USDT
2023-02-15 15:00:00,1676444400000,3.2160000000,3.2380000000,3.1620000000,3.1660000000,3933.4618870000,12575.9566360000,12575.9566360000,1,DORA-USDT
2023-02-15 16:00:00,1676448000000,3.1680000000,3.1740000000,3.1210000000,3.1250000000,3477.2913090000,10928.9214870000,10928.9214870000,1,DORA-USDT
2023-02-15 17:00:00,1676451600000,3.1270000000,3.1770000000,3.1250000000,3.1680000000,1485.2016180000,4674.9799380000,4674.9799380000,1,DORA-USDT
2023-02-15 18:00:00,1676455200000,3.1710000000,3.1800000000,3.1520000000,3.1730000000,1622.9884220000,5135.4649510000,5135.4649510000,1,DORA-USDT
2023-02-15 19:00:00,1676458800000,3.1730000000,3.2310000000,3.1690000000,3.1920000000,3707.3299350000,11869.6100430000,11869.6100430000,1,DORA-USDT
2023-02-15 20:00:00,1676462400000,3.1960000000,3.2670000000,3.1900000000,3.2540000000,8927.6453140000,28836.1069360000,28836.1069360000,1,DORA-USDT
2023-02-15 21:00:00,1676466000000,3.2470000000,3.2530000000,3.2060000000,3.2160000000,2430.4975380000,7850.9035670000,7850.9035670000,1,DORA-USDT
2023-02-15 22:00:00,1676469600000,3.2170000000,3.2270000000,3.1810000000,3.1940000000,7421.1637910000,23747.1808090000,23747.1808090000,1,DORA-USDT
2023-02-15 23:00:00,1676473200000,3.1940000000,3.2270000000,3.1720000000,3.2200000000,1465.2148170000,4687.3504760000,4687.3504760000,1,DORA-USDT
2023-02-16 00:00:00,1676476800000,3.2190000000,3.2660000000,3.2030000000,3.2060000000,2667.4298130000,8602.6793320000,8602.6793320000,1,DORA-USDT
2023-02-16 01:00:00,1676480400000,3.2060000000,3.2170000000,3.1910000000,3.2100000000,2469.1184010000,7909.8685970000,7909.8685970000,1,DORA-USDT
2023-02-16 02:00:00,1676484000000,3.2090000000,3.2710000000,3.2020000000,3.2620000000,1912.3992740000,6191.4875020000,6191.4875020000,1,DORA-USDT
2023-02-16 03:00:00,1676487600000,3.2630000000,3.3220000000,3.2540000000,3.3220000000,7297.9373710000,24035.9406850000,24035.9406850000,1,DORA-USDT
2023-02-16 04:00:00,1676491200000,3.3220000000,3.3600000000,3.2880000000,3.3180000000,6724.6716730000,22320.6611070000,22320.6611070000,1,DORA-USDT
2023-02-16 05:00:00,1676494800000,3.3190000000,3.3520000000,3.3020000000,3.3230000000,2885.6371010000,9576.6265280000,9576.6265280000,1,DORA-USDT
2023-02-16 06:00:00,1676498400000,3.3260000000,3.3470000000,3.3000000000,3.3020000000,3135.8224460000,10394.6898900000,10394.6898900000,1,DORA-USDT
2023-02-16 07:00:00,1676502000000,3.3010000000,3.3240000000,3.3010000000,3.3220000000,2192.9311720000,7267.2651310000,7267.2651310000,1,DORA-USDT
2023-02-16 08:00:00,1676505600000,3.3250000000,3.3620000000,3.3000000000,3.3520000000,10827.8398920000,36142.8672940000,36142.8672940000,1,DORA-USDT
2023-02-16 09:00:00,1676509200000,3.3450000000,3.3890000000,3.3450000000,3.3770000000,2245.2924490000,7567.1162260000,7567.1162260000,1,DORA-USDT
2023-02-16 10:00:00,1676512800000,3.3700000000,3.3980000000,3.3680000000,3.3760000000,2057.2007510000,6962.8934350000,6962.8934350000,1,DORA-USDT
2023-02-16 11:00:00,1676516400000,3.3790000000,3.4120000000,3.3700000000,3.3910000000,5127.6421790000,17384.8921770000,17384.8921770000,1,DORA-USDT
2023-02-16 12:00:00,1676520000000,3.3970000000,3.3980000000,3.3480000000,3.3630000000,1996.3427850000,6734.1338650000,6734.1338650000,1,DORA-USDT
2023-02-16 13:00:00,1676523600000,3.3600000000,3.3660000000,3.3500000000,3.3640000000,3266.3349770000,10966.0408450000,10966.0408450000,1,DORA-USDT
2023-02-16 14:00:00,1676527200000,3.3620000000,3.4180000000,3.3550000000,3.3940000000,3957.0662030000,13395.0248060000,13395.0248060000,1,DORA-USDT
2023-02-16 15:00:00,1676530800000,3.4000000000,3.4040000000,3.3240000000,3.3860000000,5897.7694360000,19787.4171000000,19787.4171000000,1,DORA-USDT
2023-02-16 16:00:00,1676534400000,3.3850000000,3.4040000000,3.3640000000,3.3760000000,2377.7595240000,8051.6335020000,8051.6335020000,1,DORA-USDT
2023-02-16 17:00:00,1676538000000,3.3750000000,3.4420000000,3.3730000000,3.4030000000,6150.7103980000,20964.8309350000,20964.8309350000,1,DORA-USDT
2023-02-16 18:00:00,1676541600000,3.4040000000,3.4040000000,3.3560000000,3.3740000000,2535.7793250000,8560.0777050000,8560.0777050000,1,DORA-USDT
2023-02-16 19:00:00,1676545200000,3.3670000000,3.4310000000,3.3120000000,3.3460000000,12630.3647450000,42591.4639070000,42591.4639070000,1,DORA-USDT
2023-02-16 20:00:00,1676548800000,3.3450000000,3.3460000000,3.3060000000,3.3310000000,5539.4867070000,18418.8457640000,18418.8457640000,1,DORA-USDT
2023-02-16 21:00:00,1676552400000,3.3320000000,3.3420000000,3.2330000000,3.2590000000,9366.9435800000,30854.0114760000,30854.0114760000,1,DORA-USDT
2023-02-16 22:00:00,1676556000000,3.2600000000,3.2910000000,3.2360000000,3.2850000000,2769.0327300000,9003.3506080000,9003.3506080000,1,DORA-USDT
2023-02-16 23:00:00,1676559600000,3.2850000000,3.3820000000,3.2770000000,3.3450000000,7036.4347770000,23382.9888880000,23382.9888880000,1,DORA-USDT
2023-02-17 00:00:00,1676563200000,3.3470000000,3.3890000000,3.2330000000,3.3150000000,12095.2822500000,39885.5162950000,39885.5162950000,1,DORA-USDT
2023-02-17 01:00:00,1676566800000,3.3080000000,3.3980000000,3.2810000000,3.3480000000,6213.8078680000,20824.8909690000,20824.8909690000,1,DORA-USDT
2023-02-17 02:00:00,1676570400000,3.3540000000,3.3930000000,3.3330000000,3.3400000000,2340.0192980000,7842.1659240000,7842.1659240000,1,DORA-USDT
2023-02-17 03:00:00,1676574000000,3.3400000000,3.3400000000,3.2800000000,3.2810000000,1510.8669670000,4995.3404140000,4995.3404140000,1,DORA-USDT
2023-02-17 04:00:00,1676577600000,3.2800000000,3.3050000000,3.2410000000,3.2690000000,5805.4160980000,18931.1990640000,18931.1990640000,1,DORA-USDT
2023-02-17 05:00:00,1676581200000,3.2670000000,3.2880000000,3.2330000000,3.2870000000,3317.0531060000,10773.0750280000,10773.0750280000,1,DORA-USDT
2023-02-17 06:00:00,1676584800000,3.2880000000,3.3010000000,3.1510000000,3.2010000000,10326.2687640000,33100.4802040000,33100.4802040000,1,DORA-USDT
2023-02-17 07:00:00,1676588400000,3.2000000000,3.2080000000,3.1570000000,3.1770000000,2922.3980930000,9308.6110090000,9308.6110090000,1,DORA-USDT
2023-02-17 08:00:00,1676592000000,3.1810000000,3.2770000000,3.1630000000,3.2720000000,5153.2355000000,16627.9874930000,16627.9874930000,1,DORA-USDT
2023-02-17 09:00:00,1676595600000,3.2750000000,3.3900000000,3.2690000000,3.3100000000,10435.3621700000,34874.1923880000,34874.1923880000,1,DORA-USDT
2023-02-17 10:00:00,1676599200000,3.3240000000,3.3240000000,3.2820000000,3.2830000000,2511.6791780000,8278.3685530000,8278.3685530000,1,DORA-USDT
2023-02-17 11:00:00,1676602800000,3.2830000000,3.3460000000,3.2830000000,3.3290000000,4521.8410260000,14978.1358860000,14978.1358860000,1,DORA-USDT
2023-02-17 12:00:00,1676606400000,3.3320000000,3.3810000000,3.3140000000,3.3230000000,2838.2969320000,9492.5093620000,9492.5093620000,1,DORA-USDT
2023-02-17 13:00:00,1676610000000,3.3250000000,3.3500000000,3.3000000000,3.3320000000,2637.9676210000,8760.8048150000,8760.8048150000,1,DORA-USDT
2023-02-17 14:00:00,1676613600000,3.3300000000,3.3380000000,3.3170000000,3.3340000000,1261.9452940000,4200.0944040000,4200.0944040000,1,DORA-USDT
2023-02-17 15:00:00,1676617200000,3.3320000000,3.4160000000,3.3300000000,3.3360000000,10803.0150380000,36495.3569580000,36495.3569580000,1,DORA-USDT
2023-02-17 16:00:00,1676620800000,3.3500000000,3.4000000000,3.3420000000,3.3950000000,6730.4621120000,22759.9050070000,22759.9050070000,1,DORA-USDT
2023-02-17 17:00:00,1676624400000,3.4010000000,3.5000000000,3.3880000000,3.4030000000,11964.6630980000,41140.2226000000,41140.2226000000,1,DORA-USDT
2023-02-17 18:00:00,1676628000000,3.4040000000,3.4160000000,3.3600000000,3.3890000000,2816.8267340000,9545.3804050000,9545.3804050000,1,DORA-USDT
2023-02-17 19:00:00,1676631600000,3.3890000000,3.4180000000,3.3880000000,3.3930000000,1105.0973750000,3760.1223250000,3760.1223250000,1,DORA-USDT
2023-02-17 20:00:00,1676635200000,3.3900000000,3.4160000000,3.3820000000,3.4090000000,1660.1654370000,5647.3593100000,5647.3593100000,1,DORA-USDT
2023-02-17 21:00:00,1676638800000,3.4120000000,3.4400000000,3.3810000000,3.3820000000,2456.7759840000,8398.6639300000,8398.6639300000,1,DORA-USDT
2023-02-17 22:00:00,1676642400000,3.3830000000,3.4470000000,3.3790000000,3.4060000000,4361.4588440000,14873.0241310000,14873.0241310000,1,DORA-USDT
2023-02-17 23:00:00,1676646000000,3.4060000000,3.4900000000,3.4050000000,3.4890000000,6978.7445880000,24026.5395260000,24026.5395260000,1,DORA-USDT
2023-02-18 00:00:00,1676649600000,3.4870000000,3.5610000000,3.3200000000,3.3750000000,22861.2989930000,78413.2160600000,78413.2160600000,1,DORA-USDT
2023-02-18 01:00:00,1676653200000,3.3800000000,3.4470000000,3.3790000000,3.4280000000,3611.2692480000,12337.6957510000,12337.6957510000,1,DORA-USDT
2023-02-18 02:00:00,1676656800000,3.4260000000,3.4690000000,3.4240000000,3.4480000000,2161.7474390000,7451.1385090000,7451.1385090000,1,DORA-USDT
2023-02-18 03:00:00,1676660400000,3.4490000000,3.4490000000,3.3840000000,3.4020000000,1809.7079440000,6173.3432940000,6173.3432940000,1,DORA-USDT
2023-02-18 04:00:00,1676664000000,3.4070000000,3.4370000000,3.4000000000,3.4200000000,1617.3875050000,5533.6055820000,5533.6055820000,1,DORA-USDT
2023-02-18 05:00:00,1676667600000,3.4200000000,3.4210000000,3.3570000000,3.3670000000,6166.5325530000,20803.7807300000,20803.7807300000,1,DORA-USDT
2023-02-18 06:00:00,1676671200000,3.3610000000,3.3930000000,3.3120000000,3.3760000000,5704.9405880000,19128.5087470000,19128.5087470000,1,DORA-USDT
2023-02-18 07:00:00,1676674800000,3.3850000000,3.4040000000,3.3750000000,3.3890000000,2435.3646300000,8263.7175820000,8263.7175820000,1,DORA-USDT
2023-02-18 08:00:00,1676678400000,3.3920000000,3.4620000000,3.3860000000,3.4600000000,3542.2388530000,12136.5481700000,12136.5481700000,1,DORA-USDT
2023-02-18 09:00:00,1676682000000,3.4530000000,3.4590000000,3.4240000000,3.4510000000,1777.3040150000,6113.1462230000,6113.1462230000,1,DORA-USDT
2023-02-18 10:00:00,1676685600000,3.4500000000,3.4520000000,3.4120000000,3.4240000000,1953.0254570000,6696.2501060000,6696.2501060000,1,DORA-USDT
2023-02-18 11:00:00,1676689200000,3.4260000000,3.4300000000,3.4160000000,3.4300000000,1069.8775990000,3662.5598630000,3662.5598630000,1,DORA-USDT
2023-02-18 12:00:00,1676692800000,3.4300000000,3.4390000000,3.4190000000,3.4390000000,1212.2848110000,4156.7348910000,4156.7348910000,1,DORA-USDT
2023-02-18 13:00:00,1676696400000,3.4320000000,3.4630000000,3.3880000000,3.4140000000,8248.5884410000,28217.2717660000,28217.2717660000,1,DORA-USDT
2023-02-18 14:00:00,1676700000000,3.4130000000,3.4280000000,3.4000000000,3.4180000000,2911.2915530000,9931.2354700000,9931.2354700000,1,DORA-USDT
2023-02-18 15:00:00,1676703600000,3.4200000000,3.4300000000,3.4160000000,3.4260000000,982.8548820000,3363.8528160000,3363.8528160000,1,DORA-USDT
2023-02-18 16:00:00,1676707200000,3.4300000000,3.4370000000,3.3910000000,3.3960000000,1256.5666320000,4280.0223730000,4280.0223730000,1,DORA-USDT
2023-02-18 17:00:00,1676710800000,3.3980000000,3.4070000000,3.3880000000,3.3910000000,1298.0257830000,4407.3060060000,4407.3060060000,1,DORA-USDT
2023-02-18 18:00:00,1676714400000,3.3900000000,3.4090000000,3.3800000000,3.3960000000,6122.1819250000,20731.3927320000,20731.3927320000,1,DORA-USDT
2023-02-18 19:00:00,1676718000000,3.3980000000,3.4820000000,3.3920000000,3.4640000000,5498.4319460000,18930.5558030000,18930.5558030000,1,DORA-USDT
2023-02-18 20:00:00,1676721600000,3.4700000000,3.4850000000,3.4360000000,3.4360000000,1277.5923540000,4417.2867460000,4417.2867460000,1,DORA-USDT
2023-02-18 21:00:00,1676725200000,3.4340000000,3.4620000000,3.4290000000,3.4450000000,1245.8868070000,4288.8917960000,4288.8917960000,1,DORA-USDT
2023-02-18 22:00:00,1676728800000,3.4420000000,3.4440000000,3.3970000000,3.4050000000,4597.2211410000,15700.7502120000,15700.7502120000,1,DORA-USDT
2023-02-18 23:00:00,1676732400000,3.4050000000,3.4300000000,3.4040000000,3.4090000000,1268.7708480000,4340.0953500000,4340.0953500000,1,DORA-USDT
2023-02-19 00:00:00,1676736000000,3.4100000000,3.4290000000,3.4020000000,3.4080000000,1421.5094930000,4851.8626110000,4851.8626110000,1,DORA-USDT
2023-02-19 01:00:00,1676739600000,3.4060000000,3.4140000000,3.3880000000,3.4020000000,967.4773800000,3290.5581110000,3290.5581110000,1,DORA-USDT
2023-02-19 02:00:00,1676743200000,3.4040000000,3.4220000000,3.3980000000,3.4030000000,749.0796480000,2553.6054740000,2553.6054740000,1,DORA-USDT
2023-02-19 03:00:00,1676746800000,3.4030000000,3.4100000000,3.3740000000,3.3970000000,1457.8738910000,4941.2952170000,4941.2952170000,1,DORA-USDT
2023-02-19 04:00:00,1676750400000,3.3940000000,3.3970000000,3.3700000000,3.3830000000,1593.3334040000,5391.9812840000,5391.9812840000,1,DORA-USDT
2023-02-19 05:00:00,1676754000000,3.3840000000,3.4020000000,3.3810000000,3.3990000000,671.1358040000,2279.5859880000,2279.5859880000,1,DORA-USDT
2023-02-19 06:00:00,1676757600000,3.3980000000,3.4020000000,3.3810000000,3.3890000000,527.6549810000,1790.7531970000,1790.7531970000,1,DORA-USDT
2023-02-19 07:00:00,1676761200000,3.3820000000,3.4500000000,3.3800000000,3.4400000000,4831.6259150000,16615.2483710000,16615.2483710000,1,DORA-USDT
2023-02-19 08:00:00,1676764800000,3.4420000000,3.4490000000,3.4010000000,3.4140000000,3116.7407950000,10683.2506250000,10683.2506250000,1,DORA-USDT
2023-02-19 09:00:00,1676768400000,3.4170000000,3.4200000000,3.3820000000,3.4170000000,3130.3585610000,10658.0445290000,10658.0445290000,1,DORA-USDT
2023-02-19 10:00:00,1676772000000,3.4140000000,3.4290000000,3.3950000000,3.4050000000,2332.0662960000,7943.5682050000,7943.5682050000,1,DORA-USDT
2023-02-19 11:00:00,1676775600000,3.4100000000,3.4120000000,3.3960000000,3.4030000000,1382.7369360000,4704.2494620000,4704.2494620000,1,DORA-USDT
2023-02-19 12:00:00,1676779200000,3.4040000000,3.4130000000,3.3950000000,3.4060000000,1660.4849640000,5648.0560740000,5648.0560740000,1,DORA-USDT
2023-02-19 13:00:00,1676782800000,3.4080000000,3.4330000000,3.4050000000,3.4250000000,2463.2640960000,8416.0767290000,8416.0767290000,1,DORA-USDT
2023-02-19 14:00:00,1676786400000,3.4260000000,3.4310000000,3.4060000000,3.4090000000,1981.6815220000,6776.6839480000,6776.6839480000,1,DORA-USDT
2023-02-19 15:00:00,1676790000000,3.4110000000,3.4220000000,3.4050000000,3.4070000000,2868.1475630000,9789.6308870000,9789.6308870000,1,DORA-USDT
2023-02-19 16:00:00,1676793600000,3.4080000000,3.4180000000,3.4010000000,3.4020000000,978.9809170000,3336.4128020000,3336.4128020000,1,DORA-USDT
2023-02-19 17:00:00,1676797200000,3.4010000000,3.4480000000,3.4010000000,3.4400000000,3727.0877960000,12782.5263340000,12782.5263340000,1,DORA-USDT
2023-02-19 18:00:00,1676800800000,3.4430000000,3.4590000000,3.4330000000,3.4410000000,3137.4239770000,10809.6224830000,10809.6224830000,1,DORA-USDT
2023-02-19 19:00:00,1676804400000,3.4400000000,3.5420000000,3.4320000000,3.5180000000,7132.3495020000,24938.8806500000,24938.8806500000,1,DORA-USDT
2023-02-19 20:00:00,1676808000000,3.5180000000,3.5280000000,3.4730000000,3.4880000000,3160.8147240000,11056.5996980000,11056.5996980000,1,DORA-USDT
2023-02-19 21:00:00,1676811600000,3.4890000000,3.5200000000,3.4760000000,3.4860000000,2636.9590780000,9218.2282110000,9218.2282110000,1,DORA-USDT
2023-02-19 22:00:00,1676815200000,3.4870000000,3.5450000000,3.4780000000,3.5010000000,5069.5328200000,17815.1034530000,17815.1034530000,1,DORA-USDT
2023-02-19 23:00:00,1676818800000,3.5030000000,3.5650000000,3.4730000000,3.5140000000,7650.9852790000,26937.8456820000,26937.8456820000,1,DORA-USDT
2023-02-20 00:00:00,1676822400000,3.5180000000,3.5190000000,3.3370000000,3.3910000000,18734.5554720000,64190.2120510000,64190.2120510000,1,DORA-USDT
2023-02-20 01:00:00,1676826000000,3.3960000000,3.4160000000,3.3480000000,3.3640000000,4362.9072630000,14767.6562850000,14767.6562850000,1,DORA-USDT
2023-02-20 02:00:00,1676829600000,3.3740000000,3.3950000000,3.3670000000,3.3810000000,921.7725300000,3116.8589200000,3116.8589200000,1,DORA-USDT
2023-02-20 03:00:00,1676833200000,3.3790000000,3.4000000000,3.3790000000,3.3800000000,1181.0247940000,4005.1928500000,4005.1928500000,1,DORA-USDT
2023-02-20 04:00:00,1676836800000,3.3770000000,3.3800000000,3.3330000000,3.3750000000,2379.5929140000,7992.6513930000,7992.6513930000,1,DORA-USDT
2023-02-20 05:00:00,1676840400000,3.3750000000,3.3950000000,3.3720000000,3.3950000000,578.3502200000,1957.7418110000,1957.7418110000,1,DORA-USDT
2023-02-20 06:00:00,1676844000000,3.3940000000,3.4010000000,3.3770000000,3.3850000000,1022.5770320000,3465.9740110000,3465.9740110000,1,DORA-USDT
2023-02-20 07:00:00,1676847600000,3.3910000000,3.4300000000,3.3790000000,3.3920000000,1604.9309970000,5456.9932660000,5456.9932660000,1,DORA-USDT
2023-02-20 08:00:00,1676851200000,3.3950000000,3.4380000000,3.3950000000,3.4090000000,1822.0922640000,6221.9794270000,6221.9794270000,1,DORA-USDT
2023-02-20 09:00:00,1676854800000,3.4040000000,3.4100000000,3.3030000000,3.3760000000,8740.6847410000,29462.2795770000,29462.2795770000,1,DORA-USDT
2023-02-20 10:00:00,1676858400000,3.3770000000,3.4140000000,3.3730000000,3.4140000000,846.4403290000,2869.8353370000,2869.8353370000,1,DORA-USDT
2023-02-20 11:00:00,1676862000000,3.4100000000,3.4760000000,3.4030000000,3.4480000000,2520.9763510000,8673.4548790000,8673.4548790000,1,DORA-USDT
2023-02-20 12:00:00,1676865600000,3.4480000000,3.4480000000,3.4120000000,3.4440000000,3910.5919920000,13422.2125730000,13422.2125730000,1,DORA-USDT
2023-02-20 13:00:00,1676869200000,3.4450000000,3.4660000000,3.4080000000,3.4270000000,2522.6035280000,8669.0831340000,8669.0831340000,1,DORA-USDT
2023-02-20 14:00:00,1676872800000,3.4260000000,3.4300000000,3.4170000000,3.4230000000,586.2924570000,2006.9143430000,2006.9143430000,1,DORA-USDT
2023-02-20 15:00:00,1676876400000,3.4230000000,3.4580000000,3.3910000000,3.4570000000,10249.1630250000,35050.3937480000,35050.3937480000,1,DORA-USDT
2023-02-20 16:00:00,1676880000000,3.4560000000,3.4640000000,3.3920000000,3.4050000000,4661.1081760000,15999.5064030000,15999.5064030000,1,DORA-USDT
2023-02-20 17:00:00,1676883600000,3.4060000000,3.5210000000,3.3940000000,3.4810000000,16573.3582500000,57556.7450380000,57556.7450380000,1,DORA-USDT
2023-02-20 18:00:00,1676887200000,3.4800000000,3.5120000000,3.4660000000,3.4950000000,3254.0355170000,11331.8830250000,11331.8830250000,1,DORA-USDT
2023-02-20 19:00:00,1676890800000,3.4890000000,3.5180000000,3.4580000000,3.4980000000,2272.6921100000,7927.9394660000,7927.9394660000,1,DORA-USDT
2023-02-20 20:00:00,1676894400000,3.4970000000,3.5030000000,3.4620000000,3.4760000000,1819.7028460000,6336.0388460000,6336.0388460000,1,DORA-USDT
2023-02-20 21:00:00,1676898000000,3.4790000000,3.4920000000,3.4430000000,3.4660000000,9330.3424880000,32233.5861920000,32233.5861920000,1,DORA-USDT
2023-02-20 22:00:00,1676901600000,3.4670000000,3.4780000000,3.4240000000,3.4610000000,2805.0054700000,9684.7162920000,9684.7162920000,1,DORA-USDT
2023-02-20 23:00:00,1676905200000,3.4680000000,3.4700000000,3.4390000000,3.4440000000,1890.1661450000,6523.1494670000,6523.1494670000,1,DORA-USDT
2023-02-21 00:00:00,1676908800000,3.4480000000,3.6650000000,3.4480000000,3.5810000000,42529.7440190000,152230.0224580000,152230.0224580000,1,DORA-USDT
2023-02-21 01:00:00,1676912400000,3.5700000000,3.5700000000,3.4720000000,3.4970000000,5684.1865040000,19953.0855950000,19953.0855950000,1,DORA-USDT
2023-02-21 02:00:00,1676916000000,3.4930000000,3.5320000000,3.4840000000,3.5290000000,1831.8152970000,6418.6963520000,6418.6963520000,1,DORA-USDT
2023-02-21 03:00:00,1676919600000,3.5300000000,3.5710000000,3.5290000000,3.5710000000,1374.9179850000,4879.7671150000,4879.7671150000,1,DORA-USDT
2023-02-21 04:00:00,1676923200000,3.5710000000,3.5710000000,3.5220000000,3.5520000000,1236.9818530000,4377.5114860000,4377.5114860000,1,DORA-USDT
2023-02-21 05:00:00,1676926800000,3.5550000000,3.5770000000,3.5450000000,3.5660000000,756.9448430000,2696.2383080000,2696.2383080000,1,DORA-USDT
2023-02-21 06:00:00,1676930400000,3.5680000000,3.6100000000,3.4830000000,3.5260000000,8079.7794780000,28772.6899800000,28772.6899800000,1,DORA-USDT
2023-02-21 07:00:00,1676934000000,3.5260000000,3.5500000000,3.5000000000,3.5290000000,7932.6692660000,27861.4271140000,27861.4271140000,1,DORA-USDT
2023-02-21 08:00:00,1676937600000,3.5280000000,3.5740000000,3.5050000000,3.5340000000,3242.6941120000,11444.0265900000,11444.0265900000,1,DORA-USDT
2023-02-21 09:00:00,1676941200000,3.5330000000,3.5570000000,3.5100000000,3.5320000000,4752.6999630000,16817.8943810000,16817.8943810000,1,DORA-USDT
2023-02-21 10:00:00,1676944800000,3.5300000000,3.6160000000,3.5300000000,3.5940000000,3514.5063190000,12590.2552140000,12590.2552140000,1,DORA-USDT
2023-02-21 11:00:00,1676948400000,3.5920000000,3.5940000000,3.5340000000,3.5360000000,2843.6261020000,10123.0683660000,10123.0683660000,1,DORA-USDT
2023-02-21 12:00:00,1676952000000,3.5370000000,3.5440000000,3.5160000000,3.5330000000,1444.5158100000,5094.8617990000,5094.8617990000,1,DORA-USDT
2023-02-21 13:00:00,1676955600000,3.5310000000,3.5550000000,3.5260000000,3.5400000000,2404.7154360000,8514.7041640000,8514.7041640000,1,DORA-USDT
2023-02-21 14:00:00,1676959200000,3.5400000000,3.6120000000,3.5390000000,3.5810000000,4397.2725970000,15757.7194650000,15757.7194650000,1,DORA-USDT
2023-02-21 15:00:00,1676962800000,3.5810000000,3.5850000000,3.5620000000,3.5710000000,651.9302740000,2328.9694120000,2328.9694120000,1,DORA-USDT
2023-02-21 16:00:00,1676966400000,3.5720000000,3.6090000000,3.4840000000,3.5300000000,12884.1292540000,45966.3485370000,45966.3485370000,1,DORA-USDT
2023-02-21 17:00:00,1676970000000,3.5280000000,3.5380000000,3.4610000000,3.5080000000,4932.3943760000,17248.0701480000,17248.0701480000,1,DORA-USDT
2023-02-21 18:00:00,1676973600000,3.5060000000,3.5080000000,3.4700000000,3.4910000000,2152.5009700000,7500.8068960000,7500.8068960000,1,DORA-USDT
2023-02-21 19:00:00,1676977200000,3.4930000000,3.6540000000,3.4930000000,3.5400000000,20346.2520730000,72651.0772340000,72651.0772340000,1,DORA-USDT
2023-02-21 20:00:00,1676980800000,3.5490000000,3.6130000000,3.5240000000,3.5940000000,8532.3366650000,30402.5097610000,30402.5097610000,1,DORA-USDT
2023-02-21 21:00:00,1676984400000,3.5980000000,3.6170000000,3.5460000000,3.5610000000,2157.4902290000,7730.3186570000,7730.3186570000,1,DORA-USDT
2023-02-21 22:00:00,1676988000000,3.5640000000,3.7680000000,3.5610000000,3.6910000000,22815.1905440000,84091.4560280000,84091.4560280000,1,DORA-USDT
2023-02-21 23:00:00,1676991600000,3.6910000000,3.7660000000,3.6500000000,3.7030000000,14611.2452300000,54246.5041330000,54246.5041330000,1,DORA-USDT
2023-02-22 00:00:00,1676995200000,3.7030000000,3.8120000000,3.5980000000,3.6430000000,17114.7572090000,63505.5241660000,63505.5241660000,1,DORA-USDT
2023-02-22 01:00:00,1676998800000,3.6400000000,3.6640000000,3.6260000000,3.6490000000,1473.7406580000,5364.6310490000,5364.6310490000,1,DORA-USDT
2023-02-22 02:00:00,1677002400000,3.6470000000,3.6720000000,3.5870000000,3.5990000000,2282.1116540000,8252.3054510000,8252.3054510000,1,DORA-USDT
2023-02-22 03:00:00,1677006000000,3.5950000000,3.6010000000,3.5430000000,3.5460000000,1789.8545730000,6381.9146910000,6381.9146910000,1,DORA-USDT
2023-02-22 04:00:00,1677009600000,3.5480000000,3.5680000000,3.5230000000,3.5680000000,2134.1647870000,7559.4569410000,7559.4569410000,1,DORA-USDT
2023-02-22 05:00:00,1677013200000,3.5580000000,3.6020000000,3.5170000000,3.5670000000,2697.3696860000,9601.6084640000,9601.6084640000,1,DORA-USDT
2023-02-22 06:00:00,1677016800000,3.5670000000,3.5870000000,3.5480000000,3.5530000000,972.5430470000,3465.4528720000,3465.4528720000,1,DORA-USDT
2023-02-22 07:00:00,1677020400000,3.5560000000,3.6690000000,3.5550000000,3.5920000000,2306.2061210000,8326.9501610000,8326.9501610000,1,DORA-USDT
2023-02-22 08:00:00,1677024000000,3.5940000000,3.5980000000,3.5080000000,3.5470000000,10724.0911790000,38041.9858140000,38041.9858140000,1,DORA-USDT
2023-02-22 09:00:00,1677027600000,3.5490000000,3.5520000000,3.4640000000,3.5000000000,4288.8608760000,15026.0266610000,15026.0266610000,1,DORA-USDT
2023-02-22 10:00:00,1677031200000,3.4960000000,3.4980000000,3.3950000000,3.4730000000,7971.4311340000,27527.1783730000,27527.1783730000,1,DORA-USDT
2023-02-22 11:00:00,1677034800000,3.4750000000,3.5300000000,3.4730000000,3.5200000000,3258.3943700000,11395.9331280000,11395.9331280000,1,DORA-USDT
2023-02-22 12:00:00,1677038400000,3.5150000000,3.5160000000,3.4720000000,3.5020000000,1212.9797150000,4237.0000630000,4237.0000630000,1,DORA-USDT
2023-02-22 13:00:00,1677042000000,3.5010000000,3.5040000000,3.4780000000,3.5020000000,1960.6049820000,6851.4133590000,6851.4133590000,1,DORA-USDT
2023-02-22 14:00:00,1677045600000,3.5030000000,3.5100000000,3.4680000000,3.4800000000,874.5286260000,3050.6591750000,3050.6591750000,1,DORA-USDT
2023-02-22 15:00:00,1677049200000,3.4820000000,3.5650000000,3.4680000000,3.5310000000,4137.0156500000,14566.2340370000,14566.2340370000,1,DORA-USDT
2023-02-22 16:00:00,1677052800000,3.5300000000,3.5310000000,3.4520000000,3.4850000000,3175.9961630000,11046.5302860000,11046.5302860000,1,DORA-USDT
2023-02-22 17:00:00,1677056400000,3.4740000000,3.6320000000,3.4740000000,3.5840000000,13685.8309740000,48606.1687210000,48606.1687210000,1,DORA-USDT
2023-02-22 18:00:00,1677060000000,3.5780000000,3.5900000000,3.5040000000,3.5430000000,2742.4324550000,9723.9219390000,9723.9219390000,1,DORA-USDT
2023-02-22 19:00:00,1677063600000,3.5390000000,3.5650000000,3.5000000000,3.5120000000,2003.1734970000,7062.0608520000,7062.0608520000,1,DORA-USDT
2023-02-22 20:00:00,1677067200000,3.5150000000,3.5580000000,3.5070000000,3.5320000000,933.4422180000,3302.4363810000,3302.4363810000,1,DORA-USDT
2023-02-22 21:00:00,1677070800000,3.5270000000,3.5280000000,3.4930000000,3.5140000000,2183.2521960000,7658.6005660000,7658.6005660000,1,DORA-USDT
2023-02-22 22:00:00,1677074400000,3.5180000000,3.5190000000,3.4790000000,3.4860000000,1130.4652860000,3951.9910890000,3951.9910890000,1,DORA-USDT
2023-02-22 23:00:00,1677078000000,3.4850000000,3.5130000000,3.4300000000,3.4760000000,4741.4543190000,16456.1239300000,16456.1239300000,1,DORA-USDT
2023-02-23 00:00:00,1677081600000,3.4750000000,3.4830000000,3.4210000000,3.4410000000,2923.1039430000,10070.4569260000,10070.4569260000,1,DORA-USDT
2023-02-23 01:00:00,1677085200000,3.4450000000,3.4610000000,3.4230000000,3.4490000000,2151.4448110000,7406.9521650000,7406.9521650000,1,DORA-USDT
2023-02-23 02:00:00,1677088800000,3.4640000000,3.4880000000,3.4540000000,3.4820000000,769.2513040000,2673.0755360000,2673.0755360000,1,DORA-USDT
2023-02-23 03:00:00,1677092400000,3.4720000000,3.5250000000,3.4720000000,3.5180000000,1644.4316700000,5757.1466970000,5757.1466970000,1,DORA-USDT
2023-02-23 04:00:00,1677096000000,3.5100000000,3.5260000000,3.4940000000,3.5100000000,797.7200270000,2801.3835450000,2801.3835450000,1,DORA-USDT
2023-02-23 05:00:00,1677099600000,3.5100000000,3.5210000000,3.4920000000,3.5180000000,707.1873430000,2480.8838670000,2480.8838670000,1,DORA-USDT
2023-02-23 06:00:00,1677103200000,3.5150000000,3.5520000000,3.5080000000,3.5390000000,1678.8696130000,5925.9073090000,5925.9073090000,1,DORA-USDT
2023-02-23 07:00:00,1677106800000,3.5510000000,3.5680000000,3.5260000000,3.5530000000,1844.6837280000,6540.0927600000,6540.0927600000,1,DORA-USDT
2023-02-23 08:00:00,1677110400000,3.5530000000,3.5620000000,3.5370000000,3.5410000000,1917.4555220000,6803.8007990000,6803.8007990000,1,DORA-USDT
2023-02-23 09:00:00,1677114000000,3.5450000000,3.5650000000,3.5370000000,3.5570000000,1576.9542980000,5603.9294830000,5603.9294830000,1,DORA-USDT
2023-02-23 10:00:00,1677117600000,3.5570000000,3.6000000000,3.5520000000,3.5850000000,1184.4592310000,4234.9391740000,4234.9391740000,1,DORA-USDT
2023-02-23 11:00:00,1677121200000,3.5880000000,3.5920000000,3.5670000000,3.5670000000,1127.4167100000,4034.1229390000,4034.1229390000,1,DORA-USDT
2023-02-23 12:00:00,1677124800000,3.5670000000,3.5820000000,3.5450000000,3.5590000000,3645.1587260000,12976.3977240000,12976.3977240000,1,DORA-USDT
2023-02-23 13:00:00,1677128400000,3.5690000000,3.5720000000,3.4170000000,3.5150000000,17097.4649830000,60060.9664260000,60060.9664260000,1,DORA-USDT
2023-02-23 14:00:00,1677132000000,3.5220000000,3.5300000000,3.4720000000,3.4850000000,4204.3371490000,14726.2216600000,14726.2216600000,1,DORA-USDT
2023-02-23 15:00:00,1677135600000,3.4950000000,3.5070000000,3.4660000000,3.4850000000,6511.3264820000,22746.9982210000,22746.9982210000,1,DORA-USDT
2023-02-23 16:00:00,1677139200000,3.4820000000,3.5280000000,3.4810000000,3.4990000000,2879.3723650000,10093.9342290000,10093.9342290000,1,DORA-USDT
2023-02-23 17:00:00,1677142800000,3.4980000000,3.5100000000,3.4890000000,3.5010000000,696.7053410000,2437.6632220000,2437.6632220000,1,DORA-USDT
2023-02-23 18:00:00,1677146400000,3.4940000000,3.5090000000,3.4780000000,3.4920000000,1003.7943040000,3509.8739880000,3509.8739880000,1,DORA-USDT
2023-02-23 19:00:00,1677150000000,3.4950000000,3.4970000000,3.3710000000,3.3980000000,8098.1935820000,27785.8003190000,27785.8003190000,1,DORA-USDT
2023-02-23 20:00:00,1677153600000,3.4020000000,3.4220000000,3.3720000000,3.4150000000,2596.1424470000,8828.2429080000,8828.2429080000,1,DORA-USDT
2023-02-23 21:00:00,1677157200000,3.4150000000,3.4500000000,3.3700000000,3.4030000000,3500.4489760000,11981.0854310000,11981.0854310000,1,DORA-USDT
2023-02-23 22:00:00,1677160800000,3.4150000000,3.4440000000,3.3980000000,3.4210000000,1223.0560240000,4184.2172480000,4184.2172480000,1,DORA-USDT
2023-02-23 23:00:00,1677164400000,3.4200000000,3.4260000000,3.3720000000,3.3940000000,2830.9968180000,9619.6202360000,9619.6202360000,1,DORA-USDT
2023-02-24 00:00:00,1677168000000,3.3900000000,3.4000000000,3.3450000000,3.3450000000,2470.1913450000,8334.3800990000,8334.3800990000,1,DORA-USDT
2023-02-24 01:00:00,1677171600000,3.3610000000,3.3900000000,3.3340000000,3.3530000000,4227.0132150000,14219.8509710000,14219.8509710000,1,DORA-USDT
2023-02-24 02:00:00,1677175200000,3.3540000000,3.3580000000,3.3100000000,3.3450000000,2254.1083700000,7500.9405150000,7500.9405150000,1,DORA-USDT
2023-02-24 03:00:00,1677178800000,3.3420000000,3.3680000000,3.3340000000,3.3440000000,720.0548730000,2412.0139400000,2412.0139400000,1,DORA-USDT
2023-02-24 04:00:00,1677182400000,3.3470000000,3.3570000000,3.3180000000,3.3250000000,1664.8508810000,5561.1471650000,5561.1471650000,1,DORA-USDT
2023-02-24 05:00:00,1677186000000,3.3170000000,3.3370000000,3.3000000000,3.3040000000,4122.4741780000,13655.0565450000,13655.0565450000,1,DORA-USDT
2023-02-24 06:00:00,1677189600000,3.3030000000,3.3110000000,3.2790000000,3.2970000000,2248.7460130000,7412.6857540000,7412.6857540000,1,DORA-USDT
2023-02-24 07:00:00,1677193200000,3.2980000000,3.3430000000,3.2980000000,3.3410000000,3781.0692490000,12538.1930940000,12538.1930940000,1,DORA-USDT
2023-02-24 08:00:00,1677196800000,3.3380000000,3.3580000000,3.2980000000,3.3100000000,2920.5430930000,9697.8219610000,9697.8219610000,1,DORA-USDT
2023-02-24 09:00:00,1677200400000,3.3050000000,3.3150000000,3.2760000000,3.2840000000,4294.8455530000,14158.1769660000,14158.1769660000,1,DORA-USDT
2023-02-24 10:00:00,1677204000000,3.2880000000,3.2880000000,3.2170000000,3.2450000000,7949.2980240000,25860.1191740000,25860.1191740000,1,DORA-USDT
2023-02-24 11:00:00,1677207600000,3.2470000000,3.3800000000,3.2200000000,3.2680000000,16873.1493580000,55540.1152090000,55540.1152090000,1,DORA-USDT
2023-02-24 12:00:00,1677211200000,3.2730000000,3.2880000000,3.2570000000,3.2670000000,4369.5256580000,14307.7107160000,14307.7107160000,1,DORA-USDT
2023-02-24 13:00:00,1677214800000,3.2640000000,3.2700000000,3.2480000000,3.2660000000,3157.2851430000,10294.7326280000,10294.7326280000,1,DORA-USDT
2023-02-24 14:00:00,1677218400000,3.2680000000,3.2910000000,3.2510000000,3.2670000000,6586.4195220000,21495.9021320000,21495.9021320000,1,DORA-USDT
2023-02-24 15:00:00,1677222000000,3.2630000000,3.2800000000,3.2490000000,3.2620000000,2337.4836300000,7628.8234910000,7628.8234910000,1,DORA-USDT
2023-02-24 16:00:00,1677225600000,3.2610000000,3.2760000000,3.2370000000,3.2640000000,8353.7021850000,27178.7790960000,27178.7790960000,1,DORA-USDT
2023-02-24 17:00:00,1677229200000,3.2710000000,3.2790000000,3.2430000000,3.2710000000,5189.8939370000,16919.2043460000,16919.2043460000,1,DORA-USDT
2023-02-24 18:00:00,1677232800000,3.2710000000,3.2990000000,3.2520000000,3.2700000000,3317.7492780000,10864.5892940000,10864.5892940000,1,DORA-USDT
2023-02-24 19:00:00,1677236400000,3.2720000000,3.2960000000,3.2720000000,3.2910000000,793.4951000000,2608.5860550000,2608.5860550000,1,DORA-USDT
2023-02-24 20:00:00,1677240000000,3.2920000000,3.3060000000,3.2600000000,3.2690000000,5814.2320890000,19083.4890820000,19083.4890820000,1,DORA-USDT
2023-02-24 21:00:00,1677243600000,3.2720000000,3.2750000000,3.2140000000,3.2300000000,6824.7981900000,22131.1489870000,22131.1489870000,1,DORA-USDT
2023-02-24 22:00:00,1677247200000,3.2300000000,3.2710000000,3.2000000000,3.2610000000,2983.9362630000,9642.2581570000,9642.2581570000,1,DORA-USDT
2023-02-24 23:00:00,1677250800000,3.2630000000,3.2710000000,3.2120000000,3.2510000000,3881.6974120000,12560.0311030000,12560.0311030000,1,DORA-USDT
2023-02-25 00:00:00,1677254400000,3.2470000000,3.2600000000,3.0200000000,3.1480000000,39514.6896990000,122991.1129000000,122991.1129000000,1,DORA-USDT
2023-02-25 01:00:00,1677258000000,3.1410000000,3.1600000000,3.1310000000,3.1510000000,1157.9630720000,3641.6031370000,3641.6031370000,1,DORA-USDT
2023-02-25 02:00:00,1677261600000,3.1530000000,3.1930000000,3.1440000000,3.1810000000,3999.9193740000,12646.9094400000,12646.9094400000,1,DORA-USDT
2023-02-25 03:00:00,1677265200000,3.1740000000,3.1980000000,3.1430000000,3.1980000000,7267.7642380000,22939.7835900000,22939.7835900000,1,DORA-USDT
2023-02-25 04:00:00,1677268800000,3.1910000000,3.2170000000,3.1690000000,3.1830000000,1619.5238930000,5172.0771890000,5172.0771890000,1,DORA-USDT
2023-02-25 05:00:00,1677272400000,3.1760000000,3.1850000000,3.1370000000,3.1440000000,542.5662320000,1715.2138060000,1715.2138060000,1,DORA-USDT
2023-02-25 06:00:00,1677276000000,3.1400000000,3.1940000000,3.1330000000,3.1690000000,4452.4704300000,14049.9190750000,14049.9190750000,1,DORA-USDT
2023-02-25 07:00:00,1677279600000,3.1770000000,3.2300000000,3.1500000000,3.1580000000,2329.5002550000,7394.5677180000,7394.5677180000,1,DORA-USDT
2023-02-25 08:00:00,1677283200000,3.1570000000,3.2110000000,3.1480000000,3.2110000000,2511.8838300000,7977.1888010000,7977.1888010000,1,DORA-USDT
2023-02-25 09:00:00,1677286800000,3.2120000000,3.3120000000,3.1970000000,3.2900000000,5995.6151420000,19496.2070920000,19496.2070920000,1,DORA-USDT
2023-02-25 10:00:00,1677290400000,3.3040000000,3.4340000000,3.2720000000,3.2810000000,15551.2425790000,52240.1723600000,52240.1723600000,1,DORA-USDT
2023-02-25 11:00:00,1677294000000,3.2810000000,3.3090000000,3.2500000000,3.2900000000,3242.6842670000,10616.8593950000,10616.8593950000,1,DORA-USDT
2023-02-25 12:00:00,1677297600000,3.2910000000,3.3540000000,3.2910000000,3.3410000000,2637.2464640000,8749.7543300000,8749.7543300000,1,DORA-USDT
2023-02-25 13:00:00,1677301200000,3.3400000000,3.4090000000,3.3070000000,3.3170000000,9806.6109660000,32868.4862440000,32868.4862440000,1,DORA-USDT
2023-02-25 14:00:00,1677304800000,3.3170000000,3.3350000000,3.2850000000,3.3080000000,1027.8885420000,3402.4814600000,3402.4814600000,1,DORA-USDT
2023-02-25 15:00:00,1677308400000,3.3120000000,3.3540000000,3.2990000000,3.3370000000,1074.9379980000,3574.6317850000,3574.6317850000,1,DORA-USDT
2023-02-25 16:00:00,1677312000000,3.3350000000,3.3600000000,3.3060000000,3.3090000000,2175.7021480000,7232.4653690000,7232.4653690000,1,DORA-USDT
2023-02-25 17:00:00,1677315600000,3.3090000000,3.4300000000,3.2870000000,3.3730000000,6653.2058140000,22298.1476160000,22298.1476160000,1,DORA-USDT
2023-02-25 18:00:00,1677319200000,3.3740000000,3.3960000000,3.3060000000,3.3570000000,4202.1962160000,14120.5108540000,14120.5108540000,1,DORA-USDT
2023-02-25 19:00:00,1677322800000,3.3580000000,3.3800000000,3.3040000000,3.3130000000,2086.8465230000,6962.6351730000,6962.6351730000,1,DORA-USDT
2023-02-25 20:00:00,1677326400000,3.3180000000,3.3460000000,3.3010000000,3.3320000000,2246.3539290000,7458.3310090000,7458.3310090000,1,DORA-USDT
2023-02-25 21:00:00,1677330000000,3.3390000000,3.4390000000,3.3310000000,3.3480000000,4977.2121980000,16833.1886580000,16833.1886580000,1,DORA-USDT
2023-02-25 22:00:00,1677333600000,3.3560000000,3.4040000000,3.3330000000,3.3420000000,2841.4189150000,9562.7037800000,9562.7037800000,1,DORA-USDT
2023-02-25 23:00:00,1677337200000,3.3390000000,3.4400000000,3.3380000000,3.4320000000,10248.3121170000,35059.2079930000,35059.2079930000,1,DORA-USDT
2023-02-26 00:00:00,1677340800000,3.4320000000,3.5040000000,3.3240000000,3.3340000000,12760.8541890000,43748.5428340000,43748.5428340000,1,DORA-USDT
2023-02-26 01:00:00,1677344400000,3.3380000000,3.3430000000,3.2990000000,3.3330000000,4395.4254600000,14601.7221980000,14601.7221980000,1,DORA-USDT
2023-02-26 02:00:00,1677348000000,3.3320000000,3.3330000000,3.2470000000,3.2600000000,4145.1295500000,13594.4701020000,13594.4701020000,1,DORA-USDT
2023-02-26 03:00:00,1677351600000,3.2640000000,3.2720000000,3.2140000000,3.2280000000,3121.5770010000,10105.1832480000,10105.1832480000,1,DORA-USDT
2023-02-26 04:00:00,1677355200000,3.2340000000,3.2910000000,3.2200000000,3.2260000000,2566.3247730000,8344.3771040000,8344.3771040000,1,DORA-USDT
2023-02-26 05:00:00,1677358800000,3.2250000000,3.2600000000,3.2240000000,3.2480000000,1380.1924640000,4471.8944110000,4471.8944110000,1,DORA-USDT
2023-02-26 06:00:00,1677362400000,3.2500000000,3.2900000000,3.2400000000,3.2860000000,2044.7552290000,6679.9647160000,6679.9647160000,1,DORA-USDT
2023-02-26 07:00:00,1677366000000,3.2870000000,3.3480000000,3.2860000000,3.3340000000,1677.6329110000,5571.6103800000,5571.6103800000,1,DORA-USDT
2023-02-26 08:00:00,1677369600000,3.3360000000,3.3860000000,3.3260000000,3.3640000000,2688.7747440000,9020.2766850000,9020.2766850000,1,DORA-USDT
2023-02-26 09:00:00,1677373200000,3.3600000000,3.3600000000,3.3190000000,3.3330000000,1911.4883500000,6380.0486750000,6380.0486750000,1,DORA-USDT
2023-02-26 10:00:00,1677376800000,3.3320000000,3.4220000000,3.3100000000,3.3940000000,4865.5761960000,16403.7218570000,16403.7218570000,1,DORA-USDT
2023-02-26 11:00:00,1677380400000,3.3960000000,3.4780000000,3.3930000000,3.3970000000,4566.1501600000,15650.0000410000,15650.0000410000,1,DORA-USDT
2023-02-26 12:00:00,1677384000000,3.3960000000,3.4010000000,3.3650000000,3.3780000000,1191.3559080000,4027.4001870000,4027.4001870000,1,DORA-USDT
2023-02-26 13:00:00,1677387600000,3.3770000000,3.4200000000,3.3710000000,3.4080000000,1368.5290410000,4648.5808420000,4648.5808420000,1,DORA-USDT
2023-02-26 14:00:00,1677391200000,3.4090000000,3.4120000000,3.3620000000,3.3710000000,1289.4413790000,4376.1363070000,4376.1363070000,1,DORA-USDT
2023-02-26 15:00:00,1677394800000,3.3690000000,3.4000000000,3.3620000000,3.3800000000,2020.5627730000,6818.5003970000,6818.5003970000,1,DORA-USDT
2023-02-26 16:00:00,1677398400000,3.3950000000,3.4020000000,3.3750000000,3.3950000000,888.4271360000,3013.6517660000,3013.6517660000,1,DORA-USDT
2023-02-26 17:00:00,1677402000000,3.3960000000,3.4290000000,3.3690000000,3.4100000000,2786.8069980000,9485.9888660000,9485.9888660000,1,DORA-USDT
2023-02-26 18:00:00,1677405600000,3.4130000000,3.4190000000,3.3990000000,3.4160000000,851.1541860000,2903.5246410000,2903.5246410000,1,DORA-USDT
2023-02-26 19:00:00,1677409200000,3.4160000000,3.4200000000,3.3990000000,3.4050000000,779.6495170000,2655.3391470000,2655.3391470000,1,DORA-USDT
2023-02-26 20:00:00,1677412800000,3.4040000000,3.4180000000,3.3880000000,3.3900000000,1163.0779650000,3958.2310970000,3958.2310970000,1,DORA-USDT
2023-02-26 21:00:00,1677416400000,3.3880000000,3.4010000000,3.3660000000,3.3750000000,1335.6103840000,4514.8428210000,4514.8428210000,1,DORA-USDT
2023-02-26 22:00:00,1677420000000,3.3810000000,3.4660000000,3.3810000000,3.4160000000,5361.8596810000,18399.7038680000,18399.7038680000,1,DORA-USDT
2023-02-26 23:00:00,1677423600000,3.4140000000,3.4140000000,3.3780000000,3.3910000000,1048.9372140000,3560.8080690000,3560.8080690000,1,DORA-USDT
2023-02-27 00:00:00,1677427200000,3.3930000000,3.3930000000,3.3640000000,3.3650000000,1519.1211590000,5124.6572380000,5124.6572380000,1,DORA-USDT
2023-02-27 01:00:00,1677430800000,3.3660000000,3.3660000000,3.3250000000,3.3490000000,1489.2549120000,4969.1064370000,4969.1064370000,1,DORA-USDT
2023-02-27 02:00:00,1677434400000,3.3500000000,3.3570000000,3.3200000000,3.3560000000,2128.8517760000,7094.0528040000,7094.0528040000,1,DORA-USDT
2023-02-27 03:00:00,1677438000000,3.3540000000,3.4270000000,3.3400000000,3.4090000000,2646.2974420000,8933.2194160000,8933.2194160000,1,DORA-USDT
2023-02-27 04:00:00,1677441600000,3.4210000000,3.4870000000,3.4140000000,3.4400000000,3513.1135680000,12128.8547020000,12128.8547020000,1,DORA-USDT
2023-02-27 05:00:00,1677445200000,3.4410000000,3.4790000000,3.4080000000,3.4360000000,2464.2304740000,8484.0964430000,8484.0964430000,1,DORA-USDT
2023-02-27 06:00:00,1677448800000,3.4350000000,3.4450000000,3.4250000000,3.4250000000,440.2940220000,1511.6865490000,1511.6865490000,1,DORA-USDT
2023-02-27 07:00:00,1677452400000,3.4250000000,3.4950000000,3.4220000000,3.4580000000,2653.6203330000,9166.3157150000,9166.3157150000,1,DORA-USDT
2023-02-27 08:00:00,1677456000000,3.4590000000,3.4950000000,3.4160000000,3.4180000000,2678.4523180000,9265.4722200000,9265.4722200000,1,DORA-USDT
2023-02-27 09:00:00,1677459600000,3.4170000000,3.4320000000,3.4000000000,3.4260000000,1111.6489520000,3793.6935620000,3793.6935620000,1,DORA-USDT
2023-02-27 10:00:00,1677463200000,3.4260000000,3.4520000000,3.4140000000,3.4420000000,1020.5331370000,3503.6609340000,3503.6609340000,1,DORA-USDT
2023-02-27 11:00:00,1677466800000,3.4520000000,3.4670000000,3.4280000000,3.4490000000,1316.5529600000,4535.0193590000,4535.0193590000,1,DORA-USDT
2023-02-27 12:00:00,1677470400000,3.4450000000,3.4480000000,3.4110000000,3.4150000000,1713.6712830000,5868.0850300000,5868.0850300000,1,DORA-USDT
2023-02-27 13:00:00,1677474000000,3.4190000000,3.4220000000,3.3670000000,3.3750000000,2516.1092020000,8516.1138110000,8516.1138110000,1,DORA-USDT
2023-02-27 14:00:00,1677477600000,3.3680000000,3.3930000000,3.3420000000,3.3500000000,3771.4056270000,12664.0462320000,12664.0462320000,1,DORA-USDT
2023-02-27 15:00:00,1677481200000,3.3550000000,3.4360000000,3.3490000000,3.3980000000,3769.0669520000,12813.1891440000,12813.1891440000,1,DORA-USDT
2023-02-27 16:00:00,1677484800000,3.4000000000,3.4010000000,3.3640000000,3.3740000000,843.6824130000,2851.2997640000,2851.2997640000,1,DORA-USDT
2023-02-27 17:00:00,1677488400000,3.3650000000,3.3770000000,3.3610000000,3.3720000000,454.7071340000,1532.9565950000,1532.9565950000,1,DORA-USDT
2023-02-27 18:00:00,1677492000000,3.3730000000,3.3910000000,3.3340000000,3.3360000000,3010.7709040000,10118.6588410000,10118.6588410000,1,DORA-USDT
2023-02-27 19:00:00,1677495600000,3.3470000000,3.4570000000,3.3410000000,3.4200000000,3165.9626650000,10797.9544910000,10797.9544910000,1,DORA-USDT
2023-02-27 20:00:00,1677499200000,3.4260000000,3.4260000000,3.3760000000,3.3880000000,1702.9686000000,5788.1352920000,5788.1352920000,1,DORA-USDT
2023-02-27 21:00:00,1677502800000,3.3930000000,3.4780000000,3.3930000000,3.4370000000,4157.1829570000,14288.7133240000,14288.7133240000,1,DORA-USDT
2023-02-27 22:00:00,1677506400000,3.4310000000,3.4790000000,3.4310000000,3.4560000000,3195.7867140000,11030.8446140000,11030.8446140000,1,DORA-USDT
2023-02-27 23:00:00,1677510000000,3.4600000000,3.4700000000,3.4070000000,3.4210000000,3826.8594040000,13177.4601960000,13177.4601960000,1,DORA-USDT
2023-02-28 00:00:00,1677513600000,3.4220000000,3.4330000000,3.2890000000,3.3160000000,10126.6356030000,33883.6882290000,33883.6882290000,1,DORA-USDT
2023-02-28 01:00:00,1677517200000,3.3090000000,3.3090000000,3.2560000000,3.2760000000,3499.5260990000,11503.0393680000,11503.0393680000,1,DORA-USDT
2023-02-28 02:00:00,1677520800000,3.2670000000,3.2750000000,3.2210000000,3.2300000000,3196.5673520000,10381.0100920000,10381.0100920000,1,DORA-USDT
2023-02-28 03:00:00,1677524400000,3.2320000000,3.2620000000,3.2200000000,3.2400000000,1516.5150290000,4920.7824220000,4920.7824220000,1,DORA-USDT
2023-02-28 04:00:00,1677528000000,3.2410000000,3.2420000000,3.2100000000,3.2360000000,1882.9923180000,6076.5031020000,6076.5031020000,1,DORA-USDT
2023-02-28 05:00:00,1677531600000,3.2360000000,3.2440000000,3.2200000000,3.2320000000,1984.3204530000,6409.9842040000,6409.9842040000,1,DORA-USDT
2023-02-28 06:00:00,1677535200000,3.2320000000,3.2830000000,3.2320000000,3.2680000000,2224.0942650000,7233.6053940000,7233.6053940000,1,DORA-USDT
2023-02-28 07:00:00,1677538800000,3.2730000000,3.3730000000,3.2650000000,3.3150000000,5526.0451700000,18398.3279810000,18398.3279810000,1,DORA-USDT
2023-02-28 08:00:00,1677542400000,3.3150000000,3.3450000000,3.2530000000,3.2590000000,5117.2490230000,16824.1107960000,16824.1107960000,1,DORA-USDT
2023-02-28 09:00:00,1677546000000,3.2620000000,3.2620000000,3.1920000000,3.1950000000,7826.6963520000,25276.7940390000,25276.7940390000,1,DORA-USDT
2023-02-28 10:00:00,1677549600000,3.1960000000,3.2240000000,3.1800000000,3.2070000000,5459.1868080000,17446.6668670000,17446.6668670000,1,DORA-USDT
2023-02-28 11:00:00,1677553200000,3.2100000000,3.2390000000,3.2050000000,3.2280000000,3747.7643180000,12086.3294870000,12086.3294870000,1,DORA-USDT
2023-02-28 12:00:00,1677556800000,3.2280000000,3.2390000000,3.2110000000,3.2190000000,1032.3043620000,3330.4069690000,3330.4069690000,1,DORA-USDT
2023-02-28 13:00:00,1677560400000,3.2120000000,3.2190000000,3.1500000000,3.1700000000,8274.1996320000,26304.1091680000,26304.1091680000,1,DORA-USDT
2023-02-28 14:00:00,1677564000000,3.1710000000,3.1920000000,3.1560000000,3.1850000000,2366.7946960000,7514.3977790000,7514.3977790000,1,DORA-USDT
2023-02-28 15:00:00,1677567600000,3.1820000000,3.1870000000,3.1590000000,3.1660000000,3925.7206030000,12446.4974590000,12446.4974590000,1,DORA-USDT
2023-02-28 16:00:00,1677571200000,3.1750000000,3.2000000000,3.1290000000,3.1720000000,6633.0798210000,20959.0492360000,20959.0492360000,1,DORA-USDT
2023-02-28 17:00:00,1677574800000,3.1710000000,3.1910000000,3.1710000000,3.1760000000,887.8104450000,2825.6146150000,2825.6146150000,1,DORA-USDT
2023-02-28 18:00:00,1677578400000,3.1750000000,3.2140000000,3.1750000000,3.2000000000,2564.8428550000,8209.3086750000,8209.3086750000,1,DORA-USDT
2023-02-28 19:00:00,1677582000000,3.2010000000,3.2130000000,3.1620000000,3.1960000000,4091.5785720000,13036.0177960000,13036.0177960000,1,DORA-USDT
2023-02-28 20:00:00,1677585600000,3.1970000000,3.2320000000,3.1830000000,3.2060000000,5445.7455290000,17515.9342130000,17515.9342130000,1,DORA-USDT
2023-02-28 21:00:00,1677589200000,3.2050000000,3.2050000000,3.1600000000,3.1760000000,3391.2987290000,10777.8751380000,10777.8751380000,1,DORA-USDT
2023-02-28 22:00:00,1677592800000,3.1750000000,3.2530000000,3.1560000000,3.1960000000,5758.9371150000,18385.8956270000,18385.8956270000,1,DORA-USDT
2023-02-28 23:00:00,1677596400000,3.2090000000,3.2380000000,3.1990000000,3.2360000000,2187.6822920000,7056.8693340000,7056.8693340000,1,DORA-USDT
2023-03-01 00:00:00,1677600000000,3.2340000000,3.2500000000,3.2040000000,3.2070000000,3470.6875150000,11230.1747350000,11230.1747350000,1,DORA-USDT
2023-03-01 01:00:00,1677603600000,3.2090000000,3.2550000000,3.2080000000,3.2540000000,2051.7135740000,6607.6002500000,6607.6002500000,1,DORA-USDT
2023-03-01 02:00:00,1677607200000,3.2540000000,3.2730000000,3.2520000000,3.2620000000,1348.0837640000,4397.1621610000,4397.1621610000,1,DORA-USDT
2023-03-01 03:00:00,1677610800000,3.2630000000,3.2670000000,3.2020000000,3.2120000000,1828.6935710000,5890.3942670000,5890.3942670000,1,DORA-USDT
2023-03-01 04:00:00,1677614400000,3.2120000000,3.2130000000,3.1510000000,3.1530000000,2418.6019610000,7681.2563730000,7681.2563730000,1,DORA-USDT
2023-03-01 05:00:00,1677618000000,3.1500000000,3.1580000000,3.1170000000,3.1580000000,2679.5508600000,8412.5539590000,8412.5539590000,1,DORA-USDT
2023-03-01 06:00:00,1677621600000,3.1440000000,3.1590000000,3.1310000000,3.1490000000,1066.0117600000,3353.0269720000,3353.0269720000,1,DORA-USDT
2023-03-01 07:00:00,1677625200000,3.1580000000,3.1600000000,3.0660000000,3.0940000000,6783.3767580000,21100.7115440000,21100.7115440000,1,DORA-USDT
2023-03-01 08:00:00,1677628800000,3.1070000000,3.1670000000,3.0940000000,3.1260000000,3862.9623490000,12081.7766860000,12081.7766860000,1,DORA-USDT
2023-03-01 09:00:00,1677632400000,3.1310000000,3.1680000000,3.1230000000,3.1640000000,966.2184530000,3044.1430910000,3044.1430910000,1,DORA-USDT
2023-03-01 10:00:00,1677636000000,3.1650000000,3.1680000000,3.1570000000,3.1610000000,957.3238840000,3029.2743100000,3029.2743100000,1,DORA-USDT
2023-03-01 11:00:00,1677639600000,3.1630000000,3.1960000000,3.1580000000,3.1930000000,2585.9553670000,8231.1261580000,8231.1261580000,1,DORA-USDT
2023-03-01 12:00:00,1677643200000,3.1930000000,3.2790000000,3.1860000000,3.2300000000,7378.1091040000,23789.6823420000,23789.6823420000,1,DORA-USDT
2023-03-01 13:00:00,1677646800000,3.2340000000,3.2420000000,3.2090000000,3.2260000000,2708.0951050000,8731.0975350000,8731.0975350000,1,DORA-USDT
2023-03-01 14:00:00,1677650400000,3.2220000000,3.2410000000,3.2160000000,3.2210000000,1154.2805960000,3724.3985730000,3724.3985730000,1,DORA-USDT
2023-03-01 15:00:00,1677654000000,3.2210000000,3.2250000000,3.2120000000,3.2180000000,506.9627920000,1631.7074910000,1631.7074910000,1,DORA-USDT
2023-03-01 16:00:00,1677657600000,3.2150000000,3.2470000000,3.2010000000,3.2280000000,2578.7737650000,8291.9750550000,8291.9750550000,1,DORA-USDT
2023-03-01 17:00:00,1677661200000,3.2270000000,3.2400000000,3.1850000000,3.1960000000,3322.9490780000,10671.1851720000,10671.1851720000,1,DORA-USDT
2023-03-01 18:00:00,1677664800000,3.1990000000,3.2050000000,3.1700000000,3.2050000000,1237.3125050000,3946.9311860000,3946.9311860000,1,DORA-USDT
2023-03-01 19:00:00,1677668400000,3.2040000000,3.2160000000,3.1890000000,3.2040000000,1578.4360860000,5056.3812470000,5056.3812470000,1,DORA-USDT
2023-03-01 20:00:00,1677672000000,3.2020000000,3.2020000000,3.1710000000,3.1790000000,1270.3588690000,4050.5150540000,4050.5150540000,1,DORA-USDT
2023-03-01 21:00:00,1677675600000,3.1820000000,3.1890000000,3.1700000000,3.1880000000,3523.6050740000,11181.2969400000,11181.2969400000,1,DORA-USDT
2023-03-01 22:00:00,1677679200000,3.1890000000,3.2440000000,3.1890000000,3.2070000000,4316.9352640000,13876.3876320000,13876.3876320000,1,DORA-USDT
2023-03-01 23:00:00,1677682800000,3.2080000000,3.2210000000,3.1920000000,3.2040000000,1756.6663340000,5631.1496300000,5631.1496300000,1,DORA-USDT
2023-03-02 00:00:00,1677686400000,3.2070000000,3.2070000000,3.1720000000,3.1980000000,1151.8426820000,3676.4123950000,3676.4123950000,1,DORA-USDT
2023-03-02 01:00:00,1677690000000,3.2000000000,3.2050000000,3.1710000000,3.1740000000,1245.9557540000,3968.6129950000,3968.6129950000,1,DORA-USDT
2023-03-02 02:00:00,1677693600000,3.1800000000,3.1860000000,3.1620000000,3.1720000000,505.0324290000,1601.5253660000,1601.5253660000,1,DORA-USDT
2023-03-02 03:00:00,1677697200000,3.1710000000,3.1750000000,3.1300000000,3.1430000000,1746.8986250000,5502.1983180000,5502.1983180000,1,DORA-USDT
2023-03-02 04:00:00,1677700800000,3.1430000000,3.1560000000,3.1350000000,3.1510000000,769.9844170000,2421.6744330000,2421.6744330000,1,DORA-USDT
2023-03-02 05:00:00,1677704400000,3.1510000000,3.1950000000,3.1430000000,3.1820000000,1444.1009110000,4574.7617020000,4574.7617020000,1,DORA-USDT
2023-03-02 06:00:00,1677708000000,3.1830000000,3.1910000000,3.1670000000,3.1800000000,514.7671630000,1637.8815530000,1637.8815530000,1,DORA-USDT
2023-03-02 07:00:00,1677711600000,3.1840000000,3.2100000000,3.1750000000,3.1950000000,1595.2473040000,5080.4658480000,5080.4658480000,1,DORA-USDT
2023-03-02 08:00:00,1677715200000,3.1910000000,3.2470000000,3.1830000000,3.2260000000,6095.0681360000,19594.4824990000,19594.4824990000,1,DORA-USDT
2023-03-02 09:00:00,1677718800000,3.2370000000,3.3420000000,3.2210000000,3.2890000000,14508.5093150000,47572.8910610000,47572.8910610000,1,DORA-USDT
2023-03-02 10:00:00,1677722400000,3.2890000000,3.3240000000,3.2390000000,3.2690000000,7576.2119850000,24844.7284990000,24844.7284990000,1,DORA-USDT
2023-03-02 11:00:00,1677726000000,3.2680000000,3.2680000000,3.2290000000,3.2380000000,3673.8838390000,11927.6024130000,11927.6024130000,1,DORA-USDT
2023-03-02 12:00:00,1677729600000,3.2370000000,3.3080000000,3.2320000000,3.2770000000,3978.8068000000,13050.4009380000,13050.4009380000,1,DORA-USDT
2023-03-02 13:00:00,1677733200000,3.2770000000,3.2930000000,3.2480000000,3.2570000000,1278.6977930000,4183.2859910000,4183.2859910000,1,DORA-USDT
2023-03-02 14:00:00,1677736800000,3.2590000000,3.3420000000,3.2590000000,3.2920000000,3268.3633100000,10793.6593520000,10793.6593520000,1,DORA-USDT
2023-03-02 15:00:00,1677740400000,3.2940000000,3.3130000000,3.2650000000,3.3010000000,1452.1696870000,4772.2805900000,4772.2805900000,1,DORA-USDT
2023-03-02 16:00:00,1677744000000,3.3010000000,3.3170000000,3.2450000000,3.2810000000,2980.6760650000,9774.0717330000,9774.0717330000,1,DORA-USDT
2023-03-02 17:00:00,1677747600000,3.2810000000,3.3030000000,3.2390000000,3.2680000000,3800.5292800000,12413.6779510000,12413.6779510000,1,DORA-USDT
2023-03-02 18:00:00,1677751200000,3.2680000000,3.3400000000,3.2230000000,3.3080000000,7963.0754090000,26137.2956370000,26137.2956370000,1,DORA-USDT
2023-03-02 19:00:00,1677754800000,3.3100000000,3.3190000000,3.2630000000,3.2940000000,3775.9226220000,12418.7993150000,12418.7993150000,1,DORA-USDT
2023-03-02 20:00:00,1677758400000,3.2920000000,3.3230000000,3.2690000000,3.2910000000,2959.3525260000,9746.0678850000,9746.0678850000,1,DORA-USDT
2023-03-02 21:00:00,1677762000000,3.2860000000,3.3400000000,3.2730000000,3.2820000000,5956.1365460000,19676.4864000000,19676.4864000000,1,DORA-USDT
2023-03-02 22:00:00,1677765600000,3.2870000000,3.2990000000,3.2560000000,3.2860000000,3048.1446430000,9988.2605270000,9988.2605270000,1,DORA-USDT
2023-03-02 23:00:00,1677769200000,3.2890000000,3.2990000000,3.2800000000,3.2980000000,996.6429840000,3279.4452330000,3279.4452330000,1,DORA-USDT
2023-03-03 00:00:00,1677772800000,3.2890000000,3.4500000000,3.2890000000,3.3940000000,39803.1002140000,134737.9331710000,134737.9331710000,1,DORA-USDT
2023-03-03 01:00:00,1677776400000,3.3870000000,3.5000000000,3.3760000000,3.3910000000,10164.8419620000,34953.9722470000,34953.9722470000,1,DORA-USDT
2023-03-03 02:00:00,1677780000000,3.3950000000,3.4180000000,3.3760000000,3.4090000000,2075.2973930000,7044.5285500000,7044.5285500000,1,DORA-USDT
2023-03-03 03:00:00,1677783600000,3.4130000000,3.5260000000,3.4130000000,3.4530000000,6236.9937970000,21626.9727190000,21626.9727190000,1,DORA-USDT
2023-03-03 04:00:00,1677787200000,3.4560000000,3.4790000000,3.4100000000,3.4110000000,5394.9872020000,18616.6453510000,18616.6453510000,1,DORA-USDT
2023-03-03 05:00:00,1677790800000,3.4140000000,3.4260000000,3.3900000000,3.3940000000,1365.1453030000,4649.1712830000,4649.1712830000,1,DORA-USDT
2023-03-03 06:00:00,1677794400000,3.3940000000,3.4230000000,3.3870000000,3.3960000000,946.7659310000,3220.8364500000,3220.8364500000,1,DORA-USDT
2023-03-03 07:00:00,1677798000000,3.3960000000,3.4430000000,3.3800000000,3.3880000000,1365.7939810000,4652.4433880000,4652.4433880000,1,DORA-USDT
2023-03-03 08:00:00,1677801600000,3.3900000000,3.4100000000,3.3700000000,3.3840000000,1410.8554010000,4774.2480900000,4774.2480900000,1,DORA-USDT
2023-03-03 09:00:00,1677805200000,3.3850000000,3.3850000000,3.1000000000,3.1280000000,43045.4705450000,135992.3001550000,135992.3001550000,1,DORA-USDT
2023-03-03 10:00:00,1677808800000,3.1370000000,3.3570000000,3.1140000000,3.2710000000,29223.5651560000,95753.4858390000,95753.4858390000,1,DORA-USDT
2023-03-03 11:00:00,1677812400000,3.2700000000,3.4510000000,3.2460000000,3.3730000000,40700.9846430000,136852.5893860000,136852.5893860000,1,DORA-USDT
2023-03-03 12:00:00,1677816000000,3.3680000000,3.4480000000,3.3430000000,3.3920000000,14741.7456570000,50070.3863270000,50070.3863270000,1,DORA-USDT
2023-03-03 13:00:00,1677819600000,3.3980000000,3.4180000000,3.3530000000,3.3530000000,5271.9576110000,17835.2535180000,17835.2535180000,1,DORA-USDT
2023-03-03 14:00:00,1677823200000,3.3540000000,3.4450000000,3.3530000000,3.4140000000,12542.5874350000,42826.5243510000,42826.5243510000,1,DORA-USDT
2023-03-03 15:00:00,1677826800000,3.4150000000,3.4350000000,3.3410000000,3.3920000000,4052.6438470000,13716.8277951620,13716.8277951620,1,DORA-USDT
2023-03-03 16:00:00,1677830400000,3.3870000000,3.4370000000,3.3810000000,3.4360000000,3528.8444050000,12014.9194495090,12014.9194495090,1,DORA-USDT
2023-03-03 17:00:00,1677834000000,3.4370000000,3.4790000000,3.3800000000,3.3800000000,10920.3083450000,37444.0446245180,37444.0446245180,1,DORA-USDT
2023-03-03 18:00:00,1677837600000,3.3820000000,3.3980000000,3.3360000000,3.3690000000,3943.4901570000,13282.0931406960,13282.0931406960,1,DORA-USDT
2023-03-03 19:00:00,1677841200000,3.3700000000,3.3720000000,3.3380000000,3.3670000000,3120.1262250000,10454.5596442230,10454.5596442230,1,DORA-USDT
2023-03-03 20:00:00,1677844800000,3.3700000000,3.4800000000,3.3520000000,3.4080000000,11420.9697410000,39048.3960254020,39048.3960254020,1,DORA-USDT
2023-03-03 21:00:00,1677848400000,3.4150000000,3.4600000000,3.4060000000,3.4470000000,3805.5826150000,13035.1758459140,13035.1758459140,1,DORA-USDT
2023-03-03 22:00:00,1677852000000,3.4470000000,3.4620000000,3.3940000000,3.4010000000,4882.9755760000,16731.7176370430,16731.7176370430,1,DORA-USDT
2023-03-03 23:00:00,1677855600000,3.4070000000,3.4800000000,3.4000000000,3.4730000000,4876.9922490000,16761.9746195060,16761.9746195060,1,DORA-USDT
2023-03-04 00:00:00,1677859200000,3.4730000000,3.5400000000,3.4030000000,3.4320000000,13921.4120490000,48166.9458541630,48166.9458541630,1,DORA-USDT
2023-03-04 01:00:00,1677862800000,3.4320000000,3.4350000000,3.4000000000,3.4050000000,1112.2279530000,3794.2109720710,3794.2109720710,1,DORA-USDT
2023-03-04 02:00:00,1677866400000,3.4070000000,3.4450000000,3.3690000000,3.4260000000,2725.8393100000,9300.6327930460,9300.6327930460,1,DORA-USDT
2023-03-04 03:00:00,1677870000000,3.4260000000,3.4750000000,3.4220000000,3.4520000000,2041.6716490000,7038.5171799340,7038.5171799340,1,DORA-USDT
2023-03-04 04:00:00,1677873600000,3.4500000000,3.4760000000,3.4430000000,3.4670000000,837.1034100000,2895.6755778760,2895.6755778760,1,DORA-USDT
2023-03-04 05:00:00,1677877200000,3.4590000000,3.4640000000,3.3830000000,3.4010000000,2456.3063530000,8427.0776230150,8427.0776230150,1,DORA-USDT
2023-03-04 06:00:00,1677880800000,3.4030000000,3.4170000000,3.3890000000,3.3970000000,915.6321800000,3108.5873223060,3108.5873223060,1,DORA-USDT
2023-03-04 07:00:00,1677884400000,3.4080000000,3.4540000000,3.4020000000,3.4310000000,2296.0571720000,7872.5814055360,7872.5814055360,1,DORA-USDT
2023-03-04 08:00:00,1677888000000,3.4370000000,3.6220000000,3.4290000000,3.5550000000,16209.9483910000,57314.3376659230,57314.3376659230,1,DORA-USDT
2023-03-04 09:00:00,1677891600000,3.5600000000,3.6200000000,3.5220000000,3.5600000000,17270.3316740000,61651.4742603310,61651.4742603310,1,DORA-USDT
2023-03-04 10:00:00,1677895200000,3.5650000000,3.5650000000,3.5220000000,3.5610000000,2404.2810810000,8520.6891255990,8520.6891255990,1,DORA-USDT
2023-03-04 11:00:00,1677898800000,3.5650000000,3.5760000000,3.5300000000,3.5510000000,5364.1219370000,19056.3099232150,19056.3099232150,1,DORA-USDT
2023-03-04 12:00:00,1677902400000,3.5490000000,3.5510000000,3.4850000000,3.5450000000,6155.7757510000,21638.2441146860,21638.2441146860,1,DORA-USDT
2023-03-04 13:00:00,1677906000000,3.5450000000,3.6000000000,3.5080000000,3.5210000000,9609.7648250000,34219.0898839590,34219.0898839590,1,DORA-USDT
2023-03-04 14:00:00,1677909600000,3.5230000000,3.5850000000,3.5170000000,3.5540000000,2559.1049220000,9090.4514715400,9090.4514715400,1,DORA-USDT
2023-03-04 15:00:00,1677913200000,3.5500000000,3.6360000000,3.5110000000,3.5900000000,14256.8146830000,51032.0476309300,51032.0476309300,1,DORA-USDT
2023-03-04 16:00:00,1677916800000,3.5900000000,3.6290000000,3.5690000000,3.5840000000,6745.0539360000,24242.4481946910,24242.4481946910,1,DORA-USDT
2023-03-04 17:00:00,1677920400000,3.5790000000,3.6500000000,3.5790000000,3.6130000000,4519.5149950000,16299.0892497440,16299.0892497440,1,DORA-USDT
2023-03-04 18:00:00,1677924000000,3.6090000000,3.6310000000,3.5420000000,3.5630000000,8286.8911750000,29670.1137073110,29670.1137073110,1,DORA-USDT
2023-03-04 19:00:00,1677927600000,3.5580000000,3.5790000000,3.5370000000,3.5510000000,2582.3586120000,9185.9444572170,9185.9444572170,1,DORA-USDT
2023-03-04 20:00:00,1677931200000,3.5560000000,3.5590000000,3.4740000000,3.4950000000,7617.8417400000,26749.1898621460,26749.1898621460,1,DORA-USDT
2023-03-04 21:00:00,1677934800000,3.4970000000,3.5070000000,3.4590000000,3.4680000000,4403.7822960000,15332.1557038470,15332.1557038470,1,DORA-USDT
2023-03-04 22:00:00,1677938400000,3.4640000000,3.4850000000,3.4470000000,3.4690000000,3559.7550330000,12340.3397690690,12340.3397690690,1,DORA-USDT
2023-03-04 23:00:00,1677942000000,3.4710000000,3.5250000000,3.4690000000,3.4810000000,3300.6923020000,11550.9847730510,11550.9847730510,1,DORA-USDT
2023-03-05 00:00:00,1677945600000,3.4860000000,3.5400000000,3.3600000000,3.3730000000,15161.1217860000,52123.8596478810,52123.8596478810,1,DORA-USDT
2023-03-05 01:00:00,1677949200000,3.3750000000,3.3950000000,3.2660000000,3.3470000000,12546.5899680000,41870.4924704440,41870.4924704440,1,DORA-USDT
2023-03-05 02:00:00,1677952800000,3.3490000000,3.3720000000,3.2820000000,3.3090000000,10357.5607790000,34432.9491464300,34432.9491464300,1,DORA-USDT
2023-03-05 03:00:00,1677956400000,3.3080000000,3.3250000000,3.2900000000,3.3040000000,3140.7230440000,10387.6444727230,10387.6444727230,1,DORA-USDT
2023-03-05 04:00:00,1677960000000,3.3110000000,3.3190000000,3.2370000000,3.2970000000,6938.8684780000,22679.4301396410,22679.4301396410,1,DORA-USDT
2023-03-05 05:00:00,1677963600000,3.3030000000,3.3030000000,3.2740000000,3.2890000000,1764.8537080000,5795.9653380840,5795.9653380840,1,DORA-USDT
2023-03-05 06:00:00,1677967200000,3.2910000000,3.3190000000,3.2770000000,3.2980000000,1010.3324090000,3334.9921118480,3334.9921118480,1,DORA-USDT
2023-03-05 07:00:00,1677970800000,3.2930000000,3.3210000000,3.2860000000,3.3200000000,2064.6935060000,6825.1970766490,6825.1970766490,1,DORA-USDT
2023-03-05 08:00:00,1677974400000,3.3170000000,3.3250000000,3.2820000000,3.3080000000,2690.8220130000,8883.4932939240,8883.4932939240,1,DORA-USDT
2023-03-05 09:00:00,1677978000000,3.3130000000,3.4810000000,3.3080000000,3.4250000000,12756.4313190000,43449.7489366730,43449.7489366730,1,DORA-USDT
2023-03-05 10:00:00,1677981600000,3.4320000000,3.5040000000,3.3870000000,3.4070000000,9779.4852490000,33651.6794117560,33651.6794117560,1,DORA-USDT
2023-03-05 11:00:00,1677985200000,3.4040000000,3.4460000000,3.3940000000,3.4090000000,2205.8367400000,7552.8689061090,7552.8689061090,1,DORA-USDT
2023-03-05 12:00:00,1677988800000,3.4120000000,3.4530000000,3.4040000000,3.4270000000,6667.2771090000,22916.6598953280,22916.6598953280,1,DORA-USDT
2023-03-05 13:00:00,1677992400000,3.4280000000,3.4320000000,3.3970000000,3.3990000000,1397.7100240000,4759.0659324900,4759.0659324900,1,DORA-USDT
2023-03-05 14:00:00,1677996000000,3.3980000000,3.4180000000,3.3840000000,3.4130000000,2710.7791730000,9219.2647731050,9219.2647731050,1,DORA-USDT
2023-03-05 15:00:00,1677999600000,3.4140000000,3.4140000000,3.3660000000,3.3780000000,923.3498720000,3134.6519961430,3134.6519961430,1,DORA-USDT
2023-03-05 16:00:00,1678003200000,3.3820000000,3.3900000000,3.3270000000,3.3570000000,3741.6744700000,12545.6041143340,12545.6041143340,1,DORA-USDT
2023-03-05 17:00:00,1678006800000,3.3560000000,3.3690000000,3.3370000000,3.3460000000,3393.8665460000,11358.2537836510,11358.2537836510,1,DORA-USDT
2023-03-05 18:00:00,1678010400000,3.3460000000,3.3670000000,3.3280000000,3.3600000000,1463.1092560000,4898.2477872090,4898.2477872090,1,DORA-USDT
2023-03-05 19:00:00,1678014000000,3.3580000000,3.3590000000,3.3330000000,3.3400000000,1322.3221260000,4427.5644397560,4427.5644397560,1,DORA-USDT
2023-03-05 20:00:00,1678017600000,3.3460000000,3.3580000000,3.3340000000,3.3430000000,1184.4885420000,3963.1448658900,3963.1448658900,1,DORA-USDT
2023-03-05 21:00:00,1678021200000,3.3430000000,3.3500000000,3.3330000000,3.3480000000,1742.8086160000,5821.1573678380,5821.1573678380,1,DORA-USDT
2023-03-05 22:00:00,1678024800000,3.3490000000,3.3490000000,3.2300000000,3.3150000000,20929.0217240000,68846.5594164730,68846.5594164730,1,DORA-USDT
2023-03-05 23:00:00,1678028400000,3.3150000000,3.3400000000,3.2910000000,3.3090000000,6885.7895010000,22835.4567406490,22835.4567406490,1,DORA-USDT
2023-03-06 00:00:00,1678032000000,3.3150000000,3.3250000000,3.2470000000,3.2700000000,12718.0563730000,41734.8155404940,41734.8155404940,1,DORA-USDT
2023-03-06 01:00:00,1678035600000,3.2700000000,3.2910000000,3.2240000000,3.2340000000,11180.1616670000,36427.4195185060,36427.4195185060,1,DORA-USDT
2023-03-06 02:00:00,1678039200000,3.2290000000,3.2460000000,3.1970000000,3.2310000000,9398.4098450000,30298.2611773970,30298.2611773970,1,DORA-USDT
2023-03-06 03:00:00,1678042800000,3.2320000000,3.2690000000,3.2190000000,3.2440000000,2740.0070320000,8883.4149174400,8883.4149174400,1,DORA-USDT
2023-03-06 04:00:00,1678046400000,3.2400000000,3.2700000000,3.2280000000,3.2600000000,2923.8993560000,9495.0261148590,9495.0261148590,1,DORA-USDT
2023-03-06 05:00:00,1678050000000,3.2590000000,3.2640000000,3.2250000000,3.2500000000,2373.8486670000,7710.1875615990,7710.1875615990,1,DORA-USDT
2023-03-06 06:00:00,1678053600000,3.2520000000,3.2520000000,3.2030000000,3.2330000000,1232.8567910000,3983.0779162000,3983.0779162000,1,DORA-USDT
2023-03-06 07:00:00,1678057200000,3.2330000000,3.2330000000,3.2020000000,3.2130000000,1099.4366780000,3534.3290356950,3534.3290356950,1,DORA-USDT
2023-03-06 08:00:00,1678060800000,3.2120000000,3.2340000000,3.1800000000,3.1920000000,8935.5386690000,28649.3346637610,28649.3346637610,1,DORA-USDT
2023-03-06 09:00:00,1678064400000,3.1920000000,3.2110000000,3.1480000000,3.1730000000,11816.6685270000,37519.6914604170,37519.6914604170,1,DORA-USDT
2023-03-06 10:00:00,1678068000000,3.1720000000,3.1940000000,3.1550000000,3.1710000000,3085.0289070000,9791.0787028690,9791.0787028690,1,DORA-USDT
2023-03-06 11:00:00,1678071600000,3.1720000000,3.1900000000,3.1630000000,3.1760000000,5287.5776310000,16796.6612754570,16796.6612754570,1,DORA-USDT
2023-03-06 12:00:00,1678075200000,3.1740000000,3.1740000000,3.1200000000,3.1320000000,5039.9966510000,15832.8803402350,15832.8803402350,1,DORA-USDT
2023-03-06 13:00:00,1678078800000,3.1320000000,3.1540000000,3.1210000000,3.1380000000,1862.0953110000,5845.5892402220,5845.5892402220,1,DORA-USDT
2023-03-06 14:00:00,1678082400000,3.1370000000,3.1630000000,3.1370000000,3.1410000000,2901.7150720000,9131.8126465210,9131.8126465210,1,DORA-USDT
2023-03-06 15:00:00,1678086000000,3.1390000000,3.1490000000,3.1250000000,3.1470000000,2689.2697500000,8434.3456389010,8434.3456389010,1,DORA-USDT
2023-03-06 16:00:00,1678089600000,3.1480000000,3.1540000000,3.1080000000,3.1470000000,8326.9553680000,26065.3711180700,26065.3711180700,1,DORA-USDT
2023-03-06 17:00:00,1678093200000,3.1500000000,3.1630000000,3.1360000000,3.1540000000,1211.1262730000,3811.8652736600,3811.8652736600,1,DORA-USDT
2023-03-06 18:00:00,1678096800000,3.1590000000,3.1990000000,3.1560000000,3.1820000000,4778.6679470000,15179.5646153110,15179.5646153110,1,DORA-USDT
2023-03-06 19:00:00,1678100400000,3.1800000000,3.1820000000,3.1720000000,3.1770000000,1734.1919250000,5514.5798444550,5514.5798444550,1,DORA-USDT
2023-03-06 20:00:00,1678104000000,3.1810000000,3.2050000000,3.1700000000,3.2040000000,2013.5342500000,6424.4109745980,6424.4109745980,1,DORA-USDT
2023-03-06 21:00:00,1678107600000,3.2050000000,3.2270000000,3.1920000000,3.2130000000,4724.7522850000,15161.6582234650,15161.6582234650,1,DORA-USDT
2023-03-06 22:00:00,1678111200000,3.2130000000,3.2600000000,3.2040000000,3.2240000000,1735.4309090000,5599.4348877830,5599.4348877830,1,DORA-USDT
2023-03-06 23:00:00,1678114800000,3.2240000000,3.2530000000,3.2020000000,3.2280000000,2007.2919310000,6482.6141442930,6482.6141442930,1,DORA-USDT
2023-03-07 00:00:00,1678118400000,3.2420000000,3.3100000000,3.2350000000,3.2670000000,16706.9151740000,54540.6812788260,54540.6812788260,1,DORA-USDT
2023-03-07 01:00:00,1678122000000,3.2660000000,3.2760000000,3.2340000000,3.2360000000,2484.2479020000,8076.2982329170,8076.2982329170,1,DORA-USDT
2023-03-07 02:00:00,1678125600000,3.2360000000,3.2470000000,3.2130000000,3.2180000000,2674.5492940000,8624.7526976800,8624.7526976800,1,DORA-USDT
2023-03-07 03:00:00,1678129200000,3.2140000000,3.2320000000,3.1960000000,3.2010000000,1379.8106570000,4427.1819426680,4427.1819426680,1,DORA-USDT
2023-03-07 04:00:00,1678132800000,3.2060000000,3.2130000000,3.1680000000,3.1720000000,3347.9585690000,10648.3907786850,10648.3907786850,1,DORA-USDT
2023-03-07 05:00:00,1678136400000,3.1760000000,3.2250000000,3.1730000000,3.2220000000,3122.1313340000,10005.3216034170,10005.3216034170,1,DORA-USDT
2023-03-07 06:00:00,1678140000000,3.2220000000,3.2400000000,3.2170000000,3.2250000000,786.9434860000,2538.3889954270,2538.3889954270,1,DORA-USDT
2023-03-07 07:00:00,1678143600000,3.2230000000,3.2300000000,3.2060000000,3.2150000000,1063.7167950000,3424.6638875450,3424.6638875450,1,DORA-USDT
2023-03-07 08:00:00,1678147200000,3.2140000000,3.2640000000,3.2040000000,3.2520000000,3312.7755180000,10696.5846416890,10696.5846416890,1,DORA-USDT
2023-03-07 09:00:00,1678150800000,3.2480000000,3.3140000000,3.2480000000,3.2990000000,5945.9004500000,19512.1457005170,19512.1457005170,1,DORA-USDT
2023-03-07 10:00:00,1678154400000,3.2970000000,3.3120000000,3.2600000000,3.2910000000,6555.1594500000,21504.0326667180,21504.0326667180,1,DORA-USDT
2023-03-07 11:00:00,1678158000000,3.2900000000,3.3130000000,3.2640000000,3.2890000000,4583.0097700000,15062.4151084250,15062.4151084250,1,DORA-USDT
2023-03-07 12:00:00,1678161600000,3.2910000000,3.3000000000,3.2680000000,3.2740000000,2844.6289690000,9346.8206267840,9346.8206267840,1,DORA-USDT
2023-03-07 13:00:00,1678165200000,3.2710000000,3.3170000000,3.2700000000,3.2810000000,2837.5517310000,9349.2411830370,9349.2411830370,1,DORA-USDT
2023-03-07 14:00:00,1678168800000,3.2840000000,3.2970000000,3.2550000000,3.2690000000,2082.9305400000,6820.6074730960,6820.6074730960,1,DORA-USDT
2023-03-07 15:00:00,1678172400000,3.2680000000,3.2770000000,3.2450000000,3.2700000000,1958.0428620000,6393.5943368760,6393.5943368760,1,DORA-USDT
2023-03-07 16:00:00,1678176000000,3.2550000000,3.2790000000,3.2550000000,3.2650000000,4154.1937590000,13577.4252853390,13577.4252853390,1,DORA-USDT
2023-03-07 17:00:00,1678179600000,3.2620000000,3.2800000000,3.2480000000,3.2720000000,3655.1686330000,11916.6129904240,11916.6129904240,1,DORA-USDT
2023-03-07 18:00:00,1678183200000,3.2710000000,3.2710000000,3.1910000000,3.1980000000,3062.7180080000,9890.1352909820,9890.1352909820,1,DORA-USDT
2023-03-07 19:00:00,1678186800000,3.2000000000,3.2310000000,3.2000000000,3.2200000000,995.8600310000,3204.2515549800,3204.2515549800,1,DORA-USDT
2023-03-07 20:00:00,1678190400000,3.2190000000,3.2470000000,3.2110000000,3.2410000000,1158.9943920000,3744.8102135090,3744.8102135090,1,DORA-USDT
2023-03-07 21:00:00,1678194000000,3.2390000000,3.2590000000,3.2280000000,3.2420000000,1906.2745550000,6190.8983641920,6190.8983641920,1,DORA-USDT
2023-03-07 22:00:00,1678197600000,3.2410000000,3.2950000000,3.2260000000,3.2460000000,5423.2125210000,17715.2194491720,17715.2194491720,1,DORA-USDT
2023-03-07 23:00:00,1678201200000,3.2480000000,3.3080000000,3.1510000000,3.2700000000,27188.0828290000,88396.2048285700,88396.2048285700,1,DORA-USDT
2023-03-08 00:00:00,1678204800000,3.2710000000,3.2990000000,3.2380000000,3.2620000000,4317.5657190000,14114.9530628020,14114.9530628020,1,DORA-USDT
2023-03-08 01:00:00,1678208400000,3.2620000000,3.3000000000,3.2420000000,3.2690000000,2317.4644570000,7575.8247476100,7575.8247476100,1,DORA-USDT
2023-03-08 02:00:00,1678212000000,3.2790000000,3.3000000000,3.2660000000,3.2900000000,1736.5671260000,5701.6690915600,5701.6690915600,1,DORA-USDT
2023-03-08 03:00:00,1678215600000,3.2870000000,3.3120000000,3.2000000000,3.2030000000,4250.1155050000,13831.6574393250,13831.6574393250,1,DORA-USDT
2023-03-08 04:00:00,1678219200000,3.2010000000,3.2080000000,3.1470000000,3.1640000000,4258.3577220000,13518.8466538110,13518.8466538110,1,DORA-USDT
2023-03-08 05:00:00,1678222800000,3.1660000000,3.1980000000,3.1640000000,3.1870000000,1363.5357890000,4338.6961728330,4338.6961728330,1,DORA-USDT
2023-03-08 06:00:00,1678226400000,3.1870000000,3.2180000000,3.1570000000,3.1940000000,2707.3604860000,8648.2293575160,8648.2293575160,1,DORA-USDT
2023-03-08 07:00:00,1678230000000,3.2010000000,3.2630000000,3.1920000000,3.2370000000,2458.7644590000,7970.2253739230,7970.2253739230,1,DORA-USDT
2023-03-08 08:00:00,1678233600000,3.2350000000,3.3300000000,3.2350000000,3.3150000000,5800.2644310000,19108.2983767870,19108.2983767870,1,DORA-USDT
2023-03-08 09:00:00,1678237200000,3.3180000000,3.3690000000,3.3080000000,3.3390000000,7679.5465040000,25667.7648723740,25667.7648723740,1,DORA-USDT
2023-03-08 10:00:00,1678240800000,3.3490000000,3.3510000000,3.2900000000,3.3200000000,7128.3191880000,23680.3383339430,23680.3383339430,1,DORA-USDT
2023-03-08 11:00:00,1678244400000,3.3240000000,3.3350000000,3.2860000000,3.2920000000,1951.4494910000,6465.7601821010,6465.7601821010,1,DORA-USDT
2023-03-08 12:00:00,1678248000000,3.2990000000,3.3380000000,3.2930000000,3.3140000000,2869.8541010000,9511.1004495400,9511.1004495400,1,DORA-USDT
2023-03-08 13:00:00,1678251600000,3.3140000000,3.3340000000,3.2750000000,3.2870000000,4678.6934370000,15473.2608636790,15473.2608636790,1,DORA-USDT
2023-03-08 14:00:00,1678255200000,3.2890000000,3.3160000000,3.2700000000,3.3070000000,5002.2660840000,16478.9178283350,16478.9178283350,1,DORA-USDT
2023-03-08 15:00:00,1678258800000,3.3090000000,3.3400000000,3.2870000000,3.2890000000,3184.0616440000,10532.4979738260,10532.4979738260,1,DORA-USDT
2023-03-08 16:00:00,1678262400000,3.2870000000,3.3090000000,3.2850000000,3.2960000000,1163.3221190000,3832.2440820120,3832.2440820120,1,DORA-USDT
2023-03-08 17:00:00,1678266000000,3.2980000000,3.3090000000,3.2550000000,3.2620000000,5451.0003090000,17821.1008090410,17821.1008090410,1,DORA-USDT
2023-03-08 18:00:00,1678269600000,3.2630000000,3.2910000000,3.2460000000,3.2860000000,1698.6149540000,5553.2722194210,5553.2722194210,1,DORA-USDT
2023-03-08 19:00:00,1678273200000,3.2850000000,3.3010000000,3.2590000000,3.2870000000,2672.7978430000,8759.4064665230,8759.4064665230,1,DORA-USDT
2023-03-08 20:00:00,1678276800000,3.2870000000,3.3100000000,3.2740000000,3.3010000000,3591.1503420000,11841.9693146970,11841.9693146970,1,DORA-USDT
2023-03-08 21:00:00,1678280400000,3.3030000000,3.3100000000,3.2170000000,3.2270000000,5825.8970380000,19046.2774811980,19046.2774811980,1,DORA-USDT
2023-03-08 22:00:00,1678284000000,3.2220000000,3.2660000000,3.2140000000,3.2220000000,6100.1282790000,19780.7830843710,19780.7830843710,1,DORA-USDT
2023-03-08 23:00:00,1678287600000,3.2200000000,3.3180000000,3.2140000000,3.3100000000,7437.7509780000,24401.6368816180,24401.6368816180,1,DORA-USDT
2023-03-09 00:00:00,1678291200000,3.3110000000,3.3460000000,3.2520000000,3.2750000000,4671.8887500000,15371.8356519810,15371.8356519810,1,DORA-USDT
2023-03-09 01:00:00,1678294800000,3.2770000000,3.3440000000,3.2560000000,3.3030000000,6455.5702020000,21312.1335652120,21312.1335652120,1,DORA-USDT
2023-03-09 02:00:00,1678298400000,3.3040000000,3.3120000000,3.2850000000,3.3080000000,407.5586840000,1345.1345267460,1345.1345267460,1,DORA-USDT
2023-03-09 03:00:00,1678302000000,3.3080000000,3.3580000000,3.2940000000,3.3100000000,4686.5989870000,15618.7892910860,15618.7892910860,1,DORA-USDT
2023-03-09 04:00:00,1678305600000,3.3130000000,3.3650000000,3.2810000000,3.2870000000,9357.4904900000,31014.1048982250,31014.1048982250,1,DORA-USDT
2023-03-09 05:00:00,1678309200000,3.2900000000,3.3080000000,3.2410000000,3.2880000000,10927.6525230000,35954.5160578680,35954.5160578680,1,DORA-USDT
2023-03-09 06:00:00,1678312800000,3.2860000000,3.3000000000,3.1950000000,3.2220000000,9869.4266130000,31835.0469918770,31835.0469918770,1,DORA-USDT
2023-03-09 07:00:00,1678316400000,3.2230000000,3.2980000000,3.1880000000,3.2740000000,9080.1708100000,29413.4940463550,29413.4940463550,1,DORA-USDT
2023-03-09 08:00:00,1678320000000,3.2750000000,3.3000000000,3.2360000000,3.2420000000,3359.3813730000,10988.4394117460,10988.4394117460,1,DORA-USDT
2023-03-09 09:00:00,1678323600000,3.2370000000,3.2370000000,3.1750000000,3.1820000000,6656.2903000000,21373.3712210180,21373.3712210180,1,DORA-USDT
2023-03-09 10:00:00,1678327200000,3.1780000000,3.2300000000,3.1770000000,3.2280000000,5093.4423230000,16331.2307307050,16331.2307307050,1,DORA-USDT
2023-03-09 11:00:00,1678330800000,3.2260000000,3.2400000000,3.1990000000,3.2010000000,1589.1547780000,5124.3154927060,5124.3154927060,1,DORA-USDT
2023-03-09 12:00:00,1678334400000,3.2060000000,3.2120000000,3.1920000000,3.1950000000,811.7157850000,2595.4832863290,2595.4832863290,1,DORA-USDT
2023-03-09 13:00:00,1678338000000,3.1940000000,3.2050000000,3.1510000000,3.1520000000,3598.4283620000,11413.8473273330,11413.8473273330,1,DORA-USDT
2023-03-09 14:00:00,1678341600000,3.1540000000,3.1690000000,3.1250000000,3.1510000000,5171.7225310000,16292.4842857190,16292.4842857190,1,DORA-USDT
2023-03-09 15:00:00,1678345200000,3.1500000000,3.1540000000,3.1150000000,3.1290000000,4443.0584450000,13898.2950587300,13898.2950587300,1,DORA-USDT
2023-03-09 16:00:00,1678348800000,3.1300000000,3.2250000000,3.1200000000,3.2010000000,11141.0732890000,35416.6842361050,35416.6842361050,1,DORA-USDT
2023-03-09 17:00:00,1678352400000,3.2080000000,3.2130000000,3.1570000000,3.2020000000,4221.9908430000,13440.4516078060,13440.4516078060,1,DORA-USDT
2023-03-09 18:00:00,1678356000000,3.2050000000,3.2150000000,3.1790000000,3.2030000000,1659.5185830000,5309.0700176590,5309.0700176590,1,DORA-USDT
2023-03-09 19:00:00,1678359600000,3.2040000000,3.2090000000,3.1620000000,3.1730000000,1867.2826960000,5928.9671027500,5928.9671027500,1,DORA-USDT
2023-03-09 20:00:00,1678363200000,3.1750000000,3.2130000000,3.1600000000,3.2130000000,2791.6996280000,8883.6453746410,8883.6453746410,1,DORA-USDT
2023-03-09 21:00:00,1678366800000,3.2160000000,3.3000000000,3.1800000000,3.2600000000,14430.8542840000,47031.4041754270,47031.4041754270,1,DORA-USDT
2023-03-09 22:00:00,1678370400000,3.2650000000,3.3170000000,3.2610000000,3.2870000000,2956.3394740000,9740.7902104420,9740.7902104420,1,DORA-USDT
2023-03-09 23:00:00,1678374000000,3.2850000000,3.2950000000,3.2520000000,3.2800000000,1129.5051230000,3700.7416573740,3700.7416573740,1,DORA-USDT
2023-03-10 00:00:00,1678377600000,3.2890000000,3.3180000000,3.2660000000,3.2960000000,3625.3238090000,11948.9334188830,11948.9334188830,1,DORA-USDT
2023-03-10 01:00:00,1678381200000,3.2970000000,3.3270000000,3.2800000000,3.2980000000,2686.4008170000,8880.1187732030,8880.1187732030,1,DORA-USDT
2023-03-10 02:00:00,1678384800000,3.2960000000,3.3200000000,3.2290000000,3.2300000000,9347.5348650000,30743.9239837780,30743.9239837780,1,DORA-USDT
2023-03-10 03:00:00,1678388400000,3.2280000000,3.2570000000,3.2000000000,3.2180000000,4318.9179290000,13908.9448700520,13908.9448700520,1,DORA-USDT
2023-03-10 04:00:00,1678392000000,3.2210000000,3.2540000000,3.0400000000,3.0540000000,35161.2829550000,110169.1322656810,110169.1322656810,1,DORA-USDT
2023-03-10 05:00:00,1678395600000,3.0580000000,3.1480000000,3.0580000000,3.1080000000,6897.1550850000,21421.4366652840,21421.4366652840,1,DORA-USDT
2023-03-10 06:00:00,1678399200000,3.1010000000,3.1920000000,3.1010000000,3.1490000000,2187.4698740000,6900.7930600760,6900.7930600760,1,DORA-USDT
2023-03-10 07:00:00,1678402800000,3.1420000000,3.1810000000,3.1250000000,3.1270000000,2531.0488500000,7990.7576798700,7990.7576798700,1,DORA-USDT
2023-03-10 08:00:00,1678406400000,3.1270000000,3.1540000000,3.0860000000,3.1410000000,19871.3154000000,61983.6552899530,61983.6552899530,1,DORA-USDT
2023-03-10 09:00:00,1678410000000,3.1440000000,3.1640000000,3.1200000000,3.1350000000,5870.8769630000,18469.5326032150,18469.5326032150,1,DORA-USDT
2023-03-10 10:00:00,1678413600000,3.1300000000,3.1410000000,3.1010000000,3.1250000000,2025.8327880000,6320.9282499160,6320.9282499160,1,DORA-USDT
2023-03-10 11:00:00,1678417200000,3.1250000000,3.1410000000,3.1140000000,3.1250000000,1383.6402740000,4329.7707248450,4329.7707248450,1,DORA-USDT
2023-03-10 12:00:00,1678420800000,3.1340000000,3.1340000000,3.1010000000,3.1280000000,1554.2761220000,4851.0202008280,4851.0202008280,1,DORA-USDT
2023-03-10 13:00:00,1678424400000,3.1310000000,3.1730000000,3.1290000000,3.1520000000,1855.0901120000,5842.7450114730,5842.7450114730,1,DORA-USDT
2023-03-10 14:00:00,1678428000000,3.1540000000,3.1570000000,3.1350000000,3.1360000000,630.1041340000,1981.9359513690,1981.9359513690,1,DORA-USDT
2023-03-10 15:00:00,1678431600000,3.1420000000,3.1710000000,3.0950000000,3.1420000000,4016.1183230000,12590.0096428560,12590.0096428560,1,DORA-USDT
2023-03-10 16:00:00,1678435200000,3.1420000000,3.1560000000,3.0460000000,3.0890000000,6561.0252760000,20327.3931592910,20327.3931592910,1,DORA-USDT
2023-03-10 17:00:00,1678438800000,3.0900000000,3.1070000000,3.0200000000,3.0270000000,4384.9088100000,13412.9571017020,13412.9571017020,1,DORA-USDT
2023-03-10 18:00:00,1678442400000,3.0240000000,3.0580000000,3.0000000000,3.0380000000,11549.4138360000,34908.8891250260,34908.8891250260,1,DORA-USDT
2023-03-10 19:00:00,1678446000000,3.0400000000,3.0740000000,3.0400000000,3.0510000000,2034.6303540000,6215.6002852860,6215.6002852860,1,DORA-USDT
2023-03-10 20:00:00,1678449600000,3.0480000000,3.0860000000,3.0420000000,3.0810000000,1005.6703920000,3085.2363222910,3085.2363222910,1,DORA-USDT
2023-03-10 21:00:00,1678453200000,3.0820000000,3.1800000000,3.0720000000,3.1530000000,6311.2223190000,19720.7555787420,19720.7555787420,1,DORA-USDT
2023-03-10 22:00:00,1678456800000,3.1540000000,3.2190000000,3.1360000000,3.1990000000,8997.8355990000,28539.9237556500,28539.9237556500,1,DORA-USDT
2023-03-10 23:00:00,1678460400000,3.2000000000,3.2560000000,3.1590000000,3.2400000000,11271.7856060000,36140.8879158560,36140.8879158560,1,DORA-USDT
2023-03-11 00:00:00,1678464000000,3.2300000000,3.3010000000,3.1790000000,3.2500000000,12546.0221960000,40742.2791952540,40742.2791952540,1,DORA-USDT
2023-03-11 01:00:00,1678467600000,3.2460000000,3.2900000000,3.2070000000,3.2420000000,4320.9512080000,14059.2481327700,14059.2481327700,1,DORA-USDT
2023-03-11 02:00:00,1678471200000,3.2460000000,3.2880000000,3.2180000000,3.2280000000,3409.4654700000,11068.5143238050,11068.5143238050,1,DORA-USDT
2023-03-11 03:00:00,1678474800000,3.2290000000,3.3000000000,3.2290000000,3.2860000000,4304.3174150000,14058.2846511020,14058.2846511020,1,DORA-USDT
2023-03-11 04:00:00,1678478400000,3.2930000000,3.3200000000,3.2410000000,3.2580000000,4632.2426660000,15125.9547635340,15125.9547635340,1,DORA-USDT
2023-03-11 05:00:00,1678482000000,3.2560000000,3.3150000000,3.2390000000,3.3060000000,21114.1323180000,68952.9310230150,68952.9310230150,1,DORA-USDT
2023-03-11 06:00:00,1678485600000,3.3020000000,3.3200000000,3.2580000000,3.2680000000,2927.5045000000,9621.1960996770,9621.1960996770,1,DORA-USDT
2023-03-11 07:00:00,1678489200000,3.2720000000,3.2960000000,3.2580000000,3.2790000000,3079.1457620000,10089.9504168900,10089.9504168900,1,DORA-USDT
2023-03-11 08:00:00,1678492800000,3.2760000000,3.3180000000,3.2670000000,3.2790000000,9073.0118410000,29861.2190819850,29861.2190819850,1,DORA-USDT
2023-03-11 09:00:00,1678496400000,3.2780000000,3.3310000000,3.2760000000,3.2860000000,6459.0600280000,21303.7203150910,21303.7203150910,1,DORA-USDT
2023-03-11 10:00:00,1678500000000,3.2910000000,3.3120000000,3.2170000000,3.2320000000,4032.0067940000,13170.3661753560,13170.3661753560,1,DORA-USDT
2023-03-11 11:00:00,1678503600000,3.2260000000,3.2330000000,3.1910000000,3.2010000000,2719.4709250000,8727.3732796770,8727.3732796770,1,DORA-USDT
2023-03-11 12:00:00,1678507200000,3.2070000000,3.2080000000,3.1560000000,3.1760000000,3546.2817640000,11293.3803446850,11293.3803446850,1,DORA-USDT
2023-03-11 13:00:00,1678510800000,3.1750000000,3.2260000000,3.1720000000,3.2170000000,1947.5429020000,6245.8988617890,6245.8988617890,1,DORA-USDT
2023-03-11 14:00:00,1678514400000,3.2150000000,3.2460000000,3.2040000000,3.2260000000,3647.6559050000,11773.2411196780,11773.2411196780,1,DORA-USDT
2023-03-11 15:00:00,1678518000000,3.2310000000,3.2400000000,3.0440000000,3.1260000000,16076.7312290000,50336.5644557300,50336.5644557300,1,DORA-USDT
2023-03-11 16:00:00,1678521600000,3.1140000000,3.1730000000,3.0730000000,3.1270000000,17006.4184960000,52997.3443870330,52997.3443870330,1,DORA-USDT
2023-03-11 17:00:00,1678525200000,3.1270000000,3.1770000000,3.1030000000,3.1550000000,7989.0927580000,25137.9144658100,25137.9144658100,1,DORA-USDT
2023-03-11 18:00:00,1678528800000,3.1520000000,3.1710000000,3.1150000000,3.1240000000,8735.5689600000,27504.2911108790,27504.2911108790,1,DORA-USDT
2023-03-11 19:00:00,1678532400000,3.1270000000,3.2330000000,3.1150000000,3.1940000000,22292.8825830000,71005.9966020370,71005.9966020370,1,DORA-USDT
2023-03-11 20:00:00,1678536000000,3.1950000000,3.2080000000,3.1670000000,3.1750000000,2932.3382930000,9357.0952553370,9357.0952553370,1,DORA-USDT
2023-03-11 21:00:00,1678539600000,3.1730000000,3.1990000000,3.1110000000,3.1280000000,5756.2270330000,18145.3651061340,18145.3651061340,1,DORA-USDT
2023-03-11 22:00:00,1678543200000,3.1290000000,3.1640000000,3.1100000000,3.1160000000,4846.6726570000,15198.9343786930,15198.9343786930,1,DORA-USDT
2023-03-11 23:00:00,1678546800000,3.1240000000,3.1350000000,3.0500000000,3.0600000000,4711.1310860000,14578.0919050380,14578.0919050380,1,DORA-USDT
2023-03-12 00:00:00,1678550400000,3.0630000000,3.1630000000,3.0450000000,3.1450000000,7486.7978680000,23091.2833423300,23091.2833423300,1,DORA-USDT
2023-03-12 01:00:00,1678554000000,3.1430000000,3.1840000000,3.1400000000,3.1630000000,4118.6982160000,13036.2211699640,13036.2211699640,1,DORA-USDT
2023-03-12 02:00:00,1678557600000,3.1600000000,3.1990000000,3.1440000000,3.1560000000,4333.7146410000,13715.2651906800,13715.2651906800,1,DORA-USDT
2023-03-12 03:00:00,1678561200000,3.1550000000,3.2090000000,3.1000000000,3.2030000000,8345.8069210000,26415.5964783340,26415.5964783340,1,DORA-USDT
2023-03-12 04:00:00,1678564800000,3.2030000000,3.2640000000,3.1740000000,3.2280000000,7288.4317420000,23524.6153481870,23524.6153481870,1,DORA-USDT
2023-03-12 05:00:00,1678568400000,3.2240000000,3.2290000000,3.1950000000,3.2000000000,574.7376020000,1843.0776529880,1843.0776529880,1,DORA-USDT
2023-03-12 06:00:00,1678572000000,3.2030000000,3.2210000000,3.1850000000,3.1990000000,848.1457690000,2716.0123918180,2716.0123918180,1,DORA-USDT
2023-03-12 07:00:00,1678575600000,3.2000000000,3.2420000000,3.2000000000,3.2200000000,1162.1996990000,3740.2788124900,3740.2788124900,1,DORA-USDT
2023-03-12 08:00:00,1678579200000,3.2160000000,3.2300000000,3.1650000000,3.2180000000,2217.3528770000,7103.6445652780,7103.6445652780,1,DORA-USDT
2023-03-12 09:00:00,1678582800000,3.2190000000,3.2460000000,3.2040000000,3.2130000000,655.8954830000,2114.1562180050,2114.1562180050,1,DORA-USDT
2023-03-12 10:00:00,1678586400000,3.2190000000,3.2320000000,3.2000000000,3.2210000000,2511.4080560000,8079.5986589670,8079.5986589670,1,DORA-USDT
2023-03-12 11:00:00,1678590000000,3.2230000000,3.2580000000,3.2200000000,3.2370000000,1141.1516080000,3690.7746613720,3690.7746613720,1,DORA-USDT
2023-03-12 12:00:00,1678593600000,3.2370000000,3.2430000000,3.2210000000,3.2280000000,3384.7374450000,10957.7440098540,10957.7440098540,1,DORA-USDT
2023-03-12 13:00:00,1678597200000,3.2330000000,3.2540000000,3.2150000000,3.2170000000,1076.4021720000,3480.4678913200,3480.4678913200,1,DORA-USDT
2023-03-12 14:00:00,1678600800000,3.2250000000,3.2460000000,3.2090000000,3.2190000000,1270.2043720000,4099.1529640360,4099.1529640360,1,DORA-USDT
2023-03-12 15:00:00,1678604400000,3.2230000000,3.2480000000,3.2080000000,3.2240000000,1813.9869800000,5854.6188796690,5854.6188796690,1,DORA-USDT
2023-03-12 16:00:00,1678608000000,3.2210000000,3.2600000000,3.2170000000,3.2530000000,4055.3995500000,13156.4203458070,13156.4203458070,1,DORA-USDT
2023-03-12 17:00:00,1678611600000,3.2490000000,3.2800000000,3.2360000000,3.2440000000,2199.4879710000,7152.5637661950,7152.5637661950,1,DORA-USDT
2023-03-12 18:00:00,1678615200000,3.2450000000,3.2660000000,3.2360000000,3.2430000000,3107.0688380000,10089.1619970490,10089.1619970490,1,DORA-USDT
2023-03-12 19:00:00,1678618800000,3.2440000000,3.2710000000,3.2430000000,3.2620000000,1383.5188070000,4507.6298888580,4507.6298888580,1,DORA-USDT
2023-03-12 20:00:00,1678622400000,3.2620000000,3.2620000000,3.2290000000,3.2400000000,1826.0764440000,5931.3581369860,5931.3581369860,1,DORA-USDT
2023-03-12 21:00:00,1678626000000,3.2420000000,3.2930000000,3.2410000000,3.2630000000,9076.2489300000,29731.4852978510,29731.4852978510,1,DORA-USDT
2023-03-12 22:00:00,1678629600000,3.2570000000,3.3100000000,3.2530000000,3.2540000000,2668.3221640000,8759.6128631300,8759.6128631300,1,DORA-USDT
2023-03-12 23:00:00,1678633200000,3.2620000000,3.2620000000,3.2110000000,3.2130000000,2525.8704720000,8170.7007248570,8170.7007248570,1,DORA-USDT
2023-03-13 00:00:00,1678636800000,3.2120000000,3.2470000000,3.2070000000,3.2320000000,1284.4981340000,4135.5954740740,4135.5954740740,1,DORA-USDT
2023-03-13 01:00:00,1678640400000,3.2300000000,3.3150000000,3.2260000000,3.3060000000,5506.2218610000,18034.6798378400,18034.6798378400,1,DORA-USDT
2023-03-13 02:00:00,1678644000000,3.3030000000,3.3530000000,3.2850000000,3.3150000000,4764.9694550000,15797.9709041950,15797.9709041950,1,DORA-USDT
2023-03-13 03:00:00,1678647600000,3.3140000000,3.3290000000,3.2540000000,3.2780000000,1322.6302070000,4345.4559217680,4345.4559217680,1,DORA-USDT
2023-03-13 04:00:00,1678651200000,3.2740000000,3.3280000000,3.2450000000,3.3270000000,2728.1368430000,8984.3362513980,8984.3362513980,1,DORA-USDT
2023-03-13 05:00:00,1678654800000,3.3190000000,3.3190000000,3.2710000000,3.2950000000,1160.9536280000,3829.1955616310,3829.1955616310,1,DORA-USDT
2023-03-13 06:00:00,1678658400000,3.2940000000,3.4070000000,3.2680000000,3.3630000000,13167.7742790000,44520.2788815680,44520.2788815680,1,DORA-USDT
2023-03-13 07:00:00,1678662000000,3.3590000000,3.4200000000,3.3550000000,3.3950000000,4687.8507490000,15860.4044197970,15860.4044197970,1,DORA-USDT
2023-03-13 08:00:00,1678665600000,3.4010000000,3.4700000000,3.3800000000,3.4380000000,13383.3192900000,45792.6391609520,45792.6391609520,1,DORA-USDT
2023-03-13 09:00:00,1678669200000,3.4460000000,3.4460000000,3.3770000000,3.3900000000,4607.1692970000,15759.2834955330,15759.2834955330,1,DORA-USDT
2023-03-13 10:00:00,1678672800000,3.3850000000,3.3970000000,3.3500000000,3.3610000000,1640.4829920000,5531.8084318580,5531.8084318580,1,DORA-USDT
2023-03-13 11:00:00,1678676400000,3.3640000000,3.3820000000,3.3400000000,3.3710000000,2493.9109500000,8376.4094344580,8376.4094344580,1,DORA-USDT
2023-03-13 12:00:00,1678680000000,3.3740000000,3.4040000000,3.3680000000,3.3730000000,5432.1717840000,18423.8462135910,18423.8462135910,1,DORA-USDT
2023-03-13 13:00:00,1678683600000,3.3740000000,3.3890000000,3.3740000000,3.3820000000,413.5116770000,1398.9050100050,1398.9050100050,1,DORA-USDT
2023-03-13 14:00:00,1678687200000,3.3800000000,3.4020000000,3.3460000000,3.3570000000,1252.8273510000,4216.5007634830,4216.5007634830,1,DORA-USDT
2023-03-13 15:00:00,1678690800000,3.3620000000,3.3760000000,3.3370000000,3.3460000000,1005.2556870000,3370.6232022000,3370.6232022000,1,DORA-USDT
2023-03-13 16:00:00,1678694400000,3.3460000000,3.3550000000,3.3080000000,3.3200000000,2225.0794020000,7419.4839333580,7419.4839333580,1,DORA-USDT
2023-03-13 17:00:00,1678698000000,3.3170000000,3.3250000000,3.2390000000,3.2900000000,5498.5607170000,18073.9037534920,18073.9037534920,1,DORA-USDT
2023-03-13 18:00:00,1678701600000,3.2920000000,3.3190000000,3.2670000000,3.3150000000,1697.5773240000,5597.7199874510,5597.7199874510,1,DORA-USDT
2023-03-13 19:00:00,1678705200000,3.3120000000,3.3300000000,3.2960000000,3.3220000000,2277.9742520000,7545.8664827110,7545.8664827110,1,DORA-USDT
2023-03-13 20:00:00,1678708800000,3.3160000000,3.3330000000,3.2900000000,3.3190000000,1498.5368600000,4963.1312365010,4963.1312365010,1,DORA-USDT
2023-03-13 21:00:00,1678712400000,3.3170000000,3.3680000000,3.2830000000,3.3400000000,5652.2510890000,18790.4046980160,18790.4046980160,1,DORA-USDT
2023-03-13 22:00:00,1678716000000,3.3340000000,3.4530000000,3.3230000000,3.4220000000,17444.1105420000,59394.4792191960,59394.4792191960,1,DORA-USDT
2023-03-13 23:00:00,1678719600000,3.4240000000,3.5420000000,3.4240000000,3.4610000000,20206.6600910000,70254.2463362530,70254.2463362530,1,DORA-USDT
2023-03-14 00:00:00,1678723200000,3.4650000000,3.5220000000,3.4000000000,3.4320000000,7197.2751340000,24893.5094413130,24893.5094413130,1,DORA-USDT
2023-03-14 01:00:00,1678726800000,3.4340000000,3.4340000000,3.3830000000,3.4210000000,3294.2671690000,11253.1004719010,11253.1004719010,1,DORA-USDT
2023-03-14 02:00:00,1678730400000,3.4240000000,3.4850000000,3.4240000000,3.4820000000,5728.3819990000,19775.7774248580,19775.7774248580,1,DORA-USDT
2023-03-14 03:00:00,1678734000000,3.4830000000,3.4990000000,3.4360000000,3.4440000000,2930.2672710000,10145.5109649360,10145.5109649360,1,DORA-USDT
2023-03-14 04:00:00,1678737600000,3.4470000000,3.4540000000,3.3720000000,3.3940000000,8903.1730430000,30324.7739991420,30324.7739991420,1,DORA-USDT
2023-03-14 05:00:00,1678741200000,3.3930000000,3.4280000000,3.3930000000,3.4130000000,2022.5116410000,6898.9176009040,6898.9176009040,1,DORA-USDT
2023-03-14 06:00:00,1678744800000,3.4130000000,3.4350000000,3.4070000000,3.4320000000,1362.1011740000,4663.1331439470,4663.1331439470,1,DORA-USDT
2023-03-14 07:00:00,1678748400000,3.4350000000,3.4350000000,3.3520000000,3.4130000000,4130.3768670000,14004.2014330940,14004.2014330940,1,DORA-USDT
2023-03-14 08:00:00,1678752000000,3.4110000000,3.4180000000,3.3690000000,3.3730000000,5673.8191710000,19256.3510953300,19256.3510953300,1,DORA-USDT
2023-03-14 09:00:00,1678755600000,3.3720000000,3.3950000000,3.3590000000,3.3830000000,2609.6616970000,8817.8077651860,8817.8077651860,1,DORA-USDT
2023-03-14 10:00:00,1678759200000,3.3870000000,3.3930000000,3.3620000000,3.3740000000,4557.2454200000,15403.9959301150,15403.9959301150,1,DORA-USDT
2023-03-14 11:00:00,1678762800000,3.3750000000,3.4110000000,3.3620000000,3.3990000000,1918.0098120000,6505.3501973080,6505.3501973080,1,DORA-USDT
2023-03-14 12:00:00,1678766400000,3.4080000000,3.4110000000,3.3760000000,3.4090000000,2153.9985350000,7311.1507936620,7311.1507936620,1,DORA-USDT
2023-03-14 13:00:00,1678770000000,3.4060000000,3.4220000000,3.3410000000,3.3690000000,6516.8333730000,22033.8450014880,22033.8450014880,1,DORA-USDT
2023-03-14 14:00:00,1678773600000,3.3710000000,3.3880000000,3.3610000000,3.3770000000,2321.2204070000,7829.9276750530,7829.9276750530,1,DORA-USDT
2023-03-14 15:00:00,1678777200000,3.3710000000,3.3940000000,3.3500000000,3.3820000000,5180.5925670000,17497.0753683760,17497.0753683760,1,DORA-USDT
2023-03-14 16:00:00,1678780800000,3.3830000000,3.4100000000,3.3650000000,3.4100000000,2711.8135940000,9182.3661034450,9182.3661034450,1,DORA-USDT
2023-03-14 17:00:00,1678784400000,3.4030000000,3.4190000000,3.3630000000,3.3630000000,3388.3887010000,11503.1695096240,11503.1695096240,1,DORA-USDT
2023-03-14 18:00:00,1678788000000,3.3700000000,3.4060000000,3.3670000000,3.3980000000,2259.1392540000,7641.2188200660,7641.2188200660,1,DORA-USDT
2023-03-14 19:00:00,1678791600000,3.3960000000,3.4110000000,3.3610000000,3.4060000000,3576.4171420000,12108.9938153390,12108.9938153390,1,DORA-USDT
2023-03-14 20:00:00,1678795200000,3.4040000000,3.5280000000,3.3400000000,3.4920000000,23724.8822420000,81535.7183926060,81535.7183926060,1,DORA-USDT
2023-03-14 21:00:00,1678798800000,3.5000000000,3.5470000000,3.4380000000,3.5000000000,15744.4033020000,55030.8908718630,55030.8908718630,1,DORA-USDT
2023-03-14 22:00:00,1678802400000,3.4960000000,3.5660000000,3.4820000000,3.5400000000,7788.8928710000,27569.0895272340,27569.0895272340,1,DORA-USDT
2023-03-14 23:00:00,1678806000000,3.5400000000,3.6000000000,3.5250000000,3.5950000000,6350.4113730000,22613.5076329560,22613.5076329560,1,DORA-USDT
2023-03-15 00:00:00,1678809600000,3.5880000000,3.6050000000,3.5120000000,3.5620000000,6593.2810940000,23440.8767917630,23440.8767917630,1,DORA-USDT
2023-03-15 01:00:00,1678813200000,3.5640000000,3.5780000000,3.5300000000,3.5490000000,4212.9249040000,14968.1911467410,14968.1911467410,1,DORA-USDT
2023-03-15 02:00:00,1678816800000,3.5530000000,3.5530000000,3.4740000000,3.4810000000,4515.9789670000,15861.4085693920,15861.4085693920,1,DORA-USDT
2023-03-15 03:00:00,1678820400000,3.4800000000,3.5180000000,3.3880000000,3.5120000000,8062.6505850000,27866.4693833470,27866.4693833470,1,DORA-USDT
2023-03-15 04:00:00,1678824000000,3.5040000000,3.5040000000,3.4200000000,3.4420000000,3238.4600220000,11173.5346743700,11173.5346743700,1,DORA-USDT
2023-03-15 05:00:00,1678827600000,3.4450000000,3.4500000000,3.3570000000,3.4230000000,4864.8309920000,16519.1011409180,16519.1011409180,1,DORA-USDT
2023-03-15 06:00:00,1678831200000,3.4280000000,3.4520000000,3.4150000000,3.4490000000,937.7251600000,3223.1924224320,3223.1924224320,1,DORA-USDT
2023-03-15 07:00:00,1678834800000,3.4510000000,3.4710000000,3.4380000000,3.4470000000,1588.9980250000,5479.1794792540,5479.1794792540,1,DORA-USDT
2023-03-15 08:00:00,1678838400000,3.4470000000,3.4660000000,3.3740000000,3.4200000000,4922.4438310000,16807.1572236920,16807.1572236920,1,DORA-USDT
2023-03-15 09:00:00,1678842000000,3.4220000000,3.4500000000,3.4170000000,3.4350000000,2863.3231160000,9838.7047341740,9838.7047341740,1,DORA-USDT
2023-03-15 10:00:00,1678845600000,3.4290000000,3.4840000000,3.4270000000,3.4630000000,3168.8675270000,10951.0886845020,10951.0886845020,1,DORA-USDT
2023-03-15 11:00:00,1678849200000,3.4650000000,3.4710000000,3.4330000000,3.4490000000,1574.6945180000,5436.0340651200,5436.0340651200,1,DORA-USDT
2023-03-15 12:00:00,1678852800000,3.4500000000,3.4750000000,3.4460000000,3.4620000000,2204.1535330000,7629.0819951770,7629.0819951770,1,DORA-USDT
2023-03-15 13:00:00,1678856400000,3.4610000000,3.4930000000,3.4610000000,3.4700000000,2838.3638410000,9875.0129909360,9875.0129909360,1,DORA-USDT
2023-03-15 14:00:00,1678860000000,3.4700000000,3.4700000000,3.4280000000,3.4570000000,2497.0912900000,8602.8752208540,8602.8752208540,1,DORA-USDT
2023-03-15 15:00:00,1678863600000,3.4590000000,3.4730000000,3.4450000000,3.4670000000,1283.4465370000,4439.0590635190,4439.0590635190,1,DORA-USDT
2023-03-15 16:00:00,1678867200000,3.4650000000,3.4840000000,3.4580000000,3.4740000000,2877.1703090000,9997.3241192730,9997.3241192730,1,DORA-USDT
2023-03-15 17:00:00,1678870800000,3.4750000000,3.4780000000,3.4140000000,3.4310000000,2659.2349090000,9168.1408537000,9168.1408537000,1,DORA-USDT
2023-03-15 18:00:00,1678874400000,3.4290000000,3.4430000000,3.3920000000,3.3970000000,2029.0009870000,6937.7314674120,6937.7314674120,1,DORA-USDT
2023-03-15 19:00:00,1678878000000,3.3960000000,3.4000000000,3.3460000000,3.3860000000,6799.0296540000,22894.7537998280,22894.7537998280,1,DORA-USDT
2023-03-15 20:00:00,1678881600000,3.3890000000,3.4660000000,3.3000000000,3.3710000000,12002.1604050000,40538.6842639250,40538.6842639250,1,DORA-USDT
2023-03-15 21:00:00,1678885200000,3.3710000000,3.4180000000,3.3050000000,3.3100000000,6211.5557000000,20847.1042692900,20847.1042692900,1,DORA-USDT
2023-03-15 22:00:00,1678888800000,3.3100000000,3.3530000000,3.2300000000,3.2800000000,12569.8331650000,41412.1093028060,41412.1093028060,1,DORA-USDT
2023-03-15 23:00:00,1678892400000,3.2740000000,3.2810000000,3.1870000000,3.2230000000,9787.8381730000,31633.8107523190,31633.8107523190,1,DORA-USDT
2023-03-16 00:00:00,1678896000000,3.2280000000,3.2280000000,3.1240000000,3.1450000000,15468.6861870000,49000.8960895240,49000.8960895240,1,DORA-USDT
2023-03-16 01:00:00,1678899600000,3.1320000000,3.2580000000,3.1080000000,3.2280000000,6665.9185000000,21284.9359991190,21284.9359991190,1,DORA-USDT
2023-03-16 02:00:00,1678903200000,3.2270000000,3.2620000000,3.2130000000,3.2390000000,2129.7013330000,6897.1705267500,6897.1705267500,1,DORA-USDT
2023-03-16 03:00:00,1678906800000,3.2450000000,3.2490000000,3.2030000000,3.2280000000,1582.2295970000,5101.6867326050,5101.6867326050,1,DORA-USDT
2023-03-16 04:00:00,1678910400000,3.2230000000,3.2480000000,3.2160000000,3.2360000000,565.9644410000,1830.7556779990,1830.7556779990,1,DORA-USDT
2023-03-16 05:00:00,1678914000000,3.2380000000,3.2460000000,3.2330000000,3.2410000000,515.9924960000,1671.8953979730,1671.8953979730,1,DORA-USDT
2023-03-16 06:00:00,1678917600000,3.2380000000,3.2490000000,3.1760000000,3.1940000000,2688.8315300000,8653.6917467340,8653.6917467340,1,DORA-USDT
2023-03-16 07:00:00,1678921200000,3.1920000000,3.2010000000,3.1730000000,3.1850000000,4002.4324200000,12742.8637391320,12742.8637391320,1,DORA-USDT
2023-03-16 08:00:00,1678924800000,3.1870000000,3.2140000000,3.1500000000,3.1540000000,2995.7686630000,9501.5337641800,9501.5337641800,1,DORA-USDT
2023-03-16 09:00:00,1678928400000,3.1560000000,3.1940000000,3.1440000000,3.1860000000,1502.2770240000,4753.6064365270,4753.6064365270,1,DORA-USDT
2023-03-16 10:00:00,1678932000000,3.1850000000,3.2230000000,3.1810000000,3.2220000000,1140.2286780000,3654.6085616840,3654.6085616840,1,DORA-USDT
2023-03-16 11:00:00,1678935600000,3.2170000000,3.2300000000,3.2050000000,3.2050000000,997.4163980000,3207.3586632860,3207.3586632860,1,DORA-USDT
2023-03-16 12:00:00,1678939200000,3.2070000000,3.2120000000,3.1770000000,3.1860000000,2328.5368360000,7431.4961178700,7431.4961178700,1,DORA-USDT
2023-03-16 13:00:00,1678942800000,3.1840000000,3.2180000000,3.1800000000,3.2120000000,2032.2769430000,6503.9983140420,6503.9983140420,1,DORA-USDT
2023-03-16 14:00:00,1678946400000,3.2090000000,3.2370000000,3.2070000000,3.2240000000,6652.9723690000,21425.4965116770,21425.4965116770,1,DORA-USDT
2023-03-16 15:00:00,1678950000000,3.2280000000,3.2510000000,3.2250000000,3.2410000000,1150.0264530000,3726.0946995220,3726.0946995220,1,DORA-USDT
2023-03-16 16:00:00,1678953600000,3.2350000000,3.2440000000,3.1940000000,3.2350000000,2844.2354460000,9162.2121954060,9162.2121954060,1,DORA-USDT
2023-03-16 17:00:00,1678957200000,3.2330000000,3.2500000000,3.2010000000,3.2340000000,1121.5124280000,3617.8356049220,3617.8356049220,1,DORA-USDT
2023-03-16 18:00:00,1678960800000,3.2360000000,3.2700000000,3.2160000000,3.2490000000,1698.8024240000,5520.3697621760,5520.3697621760,1,DORA-USDT
2023-03-16 19:00:00,1678964400000,3.2550000000,3.2750000000,3.2380000000,3.2700000000,2715.6948360000,8852.2488875520,8852.2488875520,1,DORA-USDT
2023-03-16 20:00:00,1678968000000,3.2710000000,3.2730000000,3.2290000000,3.2400000000,2014.0563200000,6560.9978853410,6560.9978853410,1,DORA-USDT
2023-03-16 21:00:00,1678971600000,3.2340000000,3.2660000000,3.2230000000,3.2650000000,1785.2354880000,5788.9289180210,5788.9289180210,1,DORA-USDT
2023-03-16 22:00:00,1678975200000,3.2660000000,3.2920000000,3.2490000000,3.2560000000,1621.0246920000,5300.4079495530,5300.4079495530,1,DORA-USDT
2023-03-16 23:00:00,1678978800000,3.2530000000,3.2720000000,3.2260000000,3.2680000000,1044.2611510000,3390.0170282710,3390.0170282710,1,DORA-USDT
2023-03-17 00:00:00,1678982400000,3.2650000000,3.2660000000,3.2380000000,3.2510000000,1157.6102890000,3762.2507612310,3762.2507612310,1,DORA-USDT
2023-03-17 01:00:00,1678986000000,3.2510000000,3.2510000000,3.2250000000,3.2440000000,966.7142380000,3127.8256708560,3127.8256708560,1,DORA-USDT
2023-03-17 02:00:00,1678989600000,3.2450000000,3.2480000000,3.2360000000,3.2480000000,383.5786480000,1243.8129074800,1243.8129074800,1,DORA-USDT
2023-03-17 03:00:00,1678993200000,3.2470000000,3.2870000000,3.2460000000,3.2650000000,3466.2877410000,11315.0102000410,11315.0102000410,1,DORA-USDT
2023-03-17 04:00:00,1678996800000,3.2640000000,3.2660000000,3.1940000000,3.1980000000,2602.7555090000,8390.2730467850,8390.2730467850,1,DORA-USDT
2023-03-17 05:00:00,1679000400000,3.1990000000,3.2430000000,3.1990000000,3.2360000000,846.8440560000,2725.3034619850,2725.3034619850,1,DORA-USDT
2023-03-17 06:00:00,1679004000000,3.2320000000,3.2430000000,3.2300000000,3.2420000000,963.1382210000,3118.5323739390,3118.5323739390,1,DORA-USDT
2023-03-17 07:00:00,1679007600000,3.2440000000,3.2440000000,3.2290000000,3.2360000000,1189.4414910000,3850.8526827950,3850.8526827950,1,DORA-USDT
2023-03-17 08:00:00,1679011200000,3.2370000000,3.2410000000,3.1950000000,3.1980000000,2317.8729550000,7468.9103833020,7468.9103833020,1,DORA-USDT
2023-03-17 09:00:00,1679014800000,3.2000000000,3.2440000000,3.1900000000,3.2400000000,5148.6035520000,16553.6709075310,16553.6709075310,1,DORA-USDT
2023-03-17 10:00:00,1679018400000,3.2450000000,3.2740000000,3.2140000000,3.2290000000,3227.7485510000,10481.1858738680,10481.1858738680,1,DORA-USDT
2023-03-17 11:00:00,1679022000000,3.2260000000,3.2530000000,3.2200000000,3.2520000000,778.3990870000,2516.9729083180,2516.9729083180,1,DORA-USDT
2023-03-17 12:00:00,1679025600000,3.2510000000,3.2610000000,3.2350000000,3.2410000000,2230.5430240000,7243.6860607400,7243.6860607400,1,DORA-USDT
2023-03-17 13:00:00,1679029200000,3.2410000000,3.2470000000,3.2290000000,3.2420000000,2617.6811040000,8476.7816981290,8476.7816981290,1,DORA-USDT
2023-03-17 14:00:00,1679032800000,3.2420000000,3.3020000000,3.2390000000,3.2910000000,8531.6987060000,28046.9949663170,28046.9949663170,1,DORA-USDT
2023-03-17 15:00:00,1679036400000,3.2910000000,3.2980000000,3.2610000000,3.2860000000,3858.0672290000,12669.3808080130,12669.3808080130,1,DORA-USDT
2023-03-17 16:00:00,1679040000000,3.2860000000,3.2980000000,3.2650000000,3.2720000000,734.4186650000,2411.1853562050,2411.1853562050,1,DORA-USDT
2023-03-17 17:00:00,1679043600000,3.2750000000,3.3130000000,3.2720000000,3.3030000000,1736.9273390000,5719.0890208200,5719.0890208200,1,DORA-USDT
2023-03-17 18:00:00,1679047200000,3.3060000000,3.3770000000,3.3050000000,3.3670000000,8424.9682500000,28147.3888481930,28147.3888481930,1,DORA-USDT
2023-03-17 19:00:00,1679050800000,3.3670000000,3.4200000000,3.3490000000,3.4110000000,5024.9019920000,16979.8416218990,16979.8416218990,1,DORA-USDT
2023-03-17 20:00:00,1679054400000,3.4120000000,3.4180000000,3.3590000000,3.3820000000,6145.4348040000,20804.4242713850,20804.4242713850,1,DORA-USDT
2023-03-17 21:00:00,1679058000000,3.3830000000,3.3960000000,3.3570000000,3.3670000000,2008.8884210000,6783.3763494580,6783.3763494580,1,DORA-USDT
2023-03-17 22:00:00,1679061600000,3.3670000000,3.3800000000,3.3030000000,3.3300000000,4670.6676730000,15623.2767865850,15623.2767865850,1,DORA-USDT
2023-03-17 23:00:00,1679065200000,3.3280000000,3.3570000000,3.3120000000,3.3220000000,1964.0222990000,6546.1113388460,6546.1113388460,1,DORA-USDT
2023-03-18 00:00:00,1679068800000,3.3240000000,3.5110000000,3.3030000000,3.4820000000,14347.0110930000,48924.4892590660,48924.4892590660,1,DORA-USDT
2023-03-18 01:00:00,1679072400000,3.4760000000,3.5190000000,3.3970000000,3.4410000000,11352.9780350000,39368.4011657120,39368.4011657120,1,DORA-USDT
2023-03-18 02:00:00,1679076000000,3.4390000000,3.4400000000,3.3610000000,3.3850000000,4799.3864900000,16257.9070646590,16257.9070646590,1,DORA-USDT
2023-03-18 03:00:00,1679079600000,3.3880000000,3.4190000000,3.3760000000,3.4020000000,1749.6990540000,5946.2220350890,5946.2220350890,1,DORA-USDT
2023-03-18 04:00:00,1679083200000,3.4020000000,3.4230000000,3.3690000000,3.3880000000,2936.3034130000,9969.0121855250,9969.0121855250,1,DORA-USDT
2023-03-18 05:00:00,1679086800000,3.3870000000,3.4380000000,3.3770000000,3.4380000000,1187.8097520000,4040.9112440680,4040.9112440680,1,DORA-USDT
2023-03-18 06:00:00,1679090400000,3.4340000000,3.4660000000,3.4150000000,3.4250000000,2153.6855330000,7407.9117895760,7407.9117895760,1,DORA-USDT
2023-03-18 07:00:00,1679094000000,3.4260000000,3.4560000000,3.4120000000,3.4410000000,2725.8236290000,9361.1035810540,9361.1035810540,1,DORA-USDT
2023-03-18 08:00:00,1679097600000,3.4390000000,3.4910000000,3.3620000000,3.4750000000,5529.4441360000,18943.7994654940,18943.7994654940,1,DORA-USDT
2023-03-18 09:00:00,1679101200000,3.4770000000,3.5000000000,3.4250000000,3.4390000000,5941.4742370000,20518.4661567980,20518.4661567980,1,DORA-USDT
2023-03-18 10:00:00,1679104800000,3.4370000000,3.4610000000,3.4090000000,3.4330000000,4456.5772950000,15336.0042587250,15336.0042587250,1,DORA-USDT
2023-03-18 11:00:00,1679108400000,3.4350000000,3.4580000000,3.4260000000,3.4520000000,945.2330240000,3255.0254473110,3255.0254473110,1,DORA-USDT
2023-03-18 12:00:00,1679112000000,3.4530000000,3.4570000000,3.3940000000,3.3970000000,1248.6146800000,4283.1974535060,4283.1974535060,1,DORA-USDT
2023-03-18 13:00:00,1679115600000,3.3990000000,3.4230000000,3.3810000000,3.4110000000,1550.6657110000,5280.9993216040,5280.9993216040,1,DORA-USDT
2023-03-18 14:00:00,1679119200000,3.4100000000,3.4160000000,3.3990000000,3.4120000000,6632.3012250000,22628.0175166190,22628.0175166190,1,DORA-USDT
2023-03-18 15:00:00,1679122800000,3.4150000000,3.4220000000,3.3970000000,3.4190000000,1230.2617480000,4197.3910503730,4197.3910503730,1,DORA-USDT
2023-03-18 16:00:00,1679126400000,3.4170000000,3.4210000000,3.3600000000,3.4050000000,2884.6414440000,9812.9922516070,9812.9922516070,1,DORA-USDT
2023-03-18 17:00:00,1679130000000,3.4030000000,3.4100000000,3.3810000000,3.4080000000,634.7573650000,2155.1849155410,2155.1849155410,1,DORA-USDT
2023-03-18 18:00:00,1679133600000,3.4090000000,3.4270000000,3.3980000000,3.4250000000,2241.7482400000,7637.0844917380,7637.0844917380,1,DORA-USDT
2023-03-18 19:00:00,1679137200000,3.4250000000,3.4460000000,3.4170000000,3.4390000000,1804.9648530000,6199.9507374950,6199.9507374950,1,DORA-USDT
2023-03-18 20:00:00,1679140800000,3.4380000000,3.4710000000,3.4130000000,3.4530000000,1778.1600660000,6123.1395685090,6123.1395685090,1,DORA-USDT
2023-03-18 21:00:00,1679144400000,3.4530000000,3.4790000000,3.4400000000,3.4480000000,1768.1292970000,6120.3157064440,6120.3157064440,1,DORA-USDT
2023-03-18 22:00:00,1679148000000,3.4470000000,3.4930000000,3.4310000000,3.4500000000,3518.3227030000,12189.1542700510,12189.1542700510,1,DORA-USDT
2023-03-18 23:00:00,1679151600000,3.4490000000,3.4500000000,3.3460000000,3.3690000000,2198.4538830000,7473.1761639250,7473.1761639250,1,DORA-USDT
2023-03-19 00:00:00,1679155200000,3.3660000000,3.4060000000,3.2700000000,3.3740000000,11281.7845170000,37605.7241612850,37605.7241612850,1,DORA-USDT
2023-03-19 01:00:00,1679158800000,3.3720000000,3.3930000000,3.3030000000,3.3400000000,3032.8532880000,10100.9917730200,10100.9917730200,1,DORA-USDT
2023-03-19 02:00:00,1679162400000,3.3380000000,3.3690000000,3.3340000000,3.3610000000,3058.7039810000,10251.3974845660,10251.3974845660,1,DORA-USDT
2023-03-19 03:00:00,1679166000000,3.3580000000,3.3630000000,3.3410000000,3.3430000000,621.8993860000,2085.4855791090,2085.4855791090,1,DORA-USDT
2023-03-19 04:00:00,1679169600000,3.3420000000,3.3560000000,3.3330000000,3.3430000000,428.5494740000,1432.7098145340,1432.7098145340,1,DORA-USDT
2023-03-19 05:00:00,1679173200000,3.3420000000,3.3540000000,3.3210000000,3.3440000000,1117.6701030000,3733.0100445180,3733.0100445180,1,DORA-USDT
2023-03-19 06:00:00,1679176800000,3.3370000000,3.3600000000,3.3240000000,3.3310000000,811.6487290000,2710.3372171300,2710.3372171300,1,DORA-USDT
2023-03-19 07:00:00,1679180400000,3.3290000000,3.3290000000,3.2450000000,3.2660000000,4255.7605350000,13979.6980774710,13979.6980774710,1,DORA-USDT
2023-03-19 08:00:00,1679184000000,3.2680000000,3.3280000000,3.2660000000,3.3010000000,2014.3105080000,6660.6957774220,6660.6957774220,1,DORA-USDT
2023-03-19 09:00:00,1679187600000,3.3010000000,3.3200000000,3.2600000000,3.2630000000,2504.8328650000,8222.0463521350,8222.0463521350,1,DORA-USDT
2023-03-19 10:00:00,1679191200000,3.2620000000,3.2640000000,3.2290000000,3.2340000000,3227.7086440000,10475.0211089110,10475.0211089110,1,DORA-USDT
2023-03-19 11:00:00,1679194800000,3.2320000000,3.2620000000,3.2310000000,3.2580000000,778.9425740000,2525.5491993570,2525.5491993570,1,DORA-USDT
2023-03-19 12:00:00,1679198400000,3.2600000000,3.2800000000,3.2520000000,3.2540000000,911.8245770000,2980.1316515910,2980.1316515910,1,DORA-USDT
2023-03-19 13:00:00,1679202000000,3.2530000000,3.2570000000,3.2310000000,3.2460000000,2621.9848100000,8516.7737427050,8516.7737427050,1,DORA-USDT
2023-03-19 14:00:00,1679205600000,3.2470000000,3.2470000000,3.2220000000,3.2270000000,3253.7680970000,10527.6357571550,10527.6357571550,1,DORA-USDT
2023-03-19 15:00:00,1679209200000,3.2260000000,3.2320000000,3.1940000000,3.2240000000,9773.4382490000,31320.1364867670,31320.1364867670,1,DORA-USDT
2023-03-19 16:00:00,1679212800000,3.2230000000,3.2390000000,3.2070000000,3.2270000000,3111.9975060000,10032.4930216490,10032.4930216490,1,DORA-USDT
2023-03-19 17:00:00,1679216400000,3.2260000000,3.2430000000,3.2240000000,3.2350000000,1712.0917340000,5540.4776376740,5540.4776376740,1,DORA-USDT
2023-03-19 18:00:00,1679220000000,3.2360000000,3.2440000000,3.2320000000,3.2340000000,665.2290200000,2154.3049297090,2154.3049297090,1,DORA-USDT
2023-03-19 19:00:00,1679223600000,3.2340000000,3.2480000000,3.2060000000,3.2460000000,1050.3677300000,3391.5479700440,3391.5479700440,1,DORA-USDT
2023-03-19 20:00:00,1679227200000,3.2470000000,3.2690000000,3.2350000000,3.2450000000,3904.4223310000,12703.1759603690,12703.1759603690,1,DORA-USDT
2023-03-19 21:00:00,1679230800000,3.2470000000,3.2510000000,3.2400000000,3.2470000000,588.8072230000,1910.5252610970,1910.5252610970,1,DORA-USDT
2023-03-19 22:00:00,1679234400000,3.2470000000,3.2600000000,3.2370000000,3.2520000000,1555.6057830000,5057.2167308500,5057.2167308500,1,DORA-USDT
2023-03-19 23:00:00,1679238000000,3.2490000000,3.3350000000,3.2490000000,3.3120000000,7642.6671260000,25058.2262013380,25058.2262013380,1,DORA-USDT
2023-03-20 00:00:00,1679241600000,3.3090000000,3.3530000000,3.2800000000,3.3280000000,9054.3234750000,30075.1186578590,30075.1186578590,1,DORA-USDT
2023-03-20 01:00:00,1679245200000,3.3360000000,3.3500000000,3.3170000000,3.3400000000,3790.1448190000,12654.9785462050,12654.9785462050,1,DORA-USDT
2023-03-20 02:00:00,1679248800000,3.3390000000,3.3490000000,3.3330000000,3.3490000000,817.0622410000,2730.0348171500,2730.0348171500,1,DORA-USDT
2023-03-20 03:00:00,1679252400000,3.3500000000,3.3700000000,3.3410000000,3.3490000000,849.0821540000,2850.4356027600,2850.4356027600,1,DORA-USDT
2023-03-20 04:00:00,1679256000000,3.3520000000,3.3590000000,3.2970000000,3.3060000000,1112.5658220000,3685.2472126330,3685.2472126330,1,DORA-USDT
2023-03-20 05:00:00,1679259600000,3.3050000000,3.3200000000,3.2610000000,3.2650000000,3050.6819910000,10016.2196072510,10016.2196072510,1,DORA-USDT
2023-03-20 06:00:00,1679263200000,3.2660000000,3.2720000000,3.2490000000,3.2690000000,1284.2649270000,4179.0352421310,4179.0352421310,1,DORA-USDT
2023-03-20 07:00:00,1679266800000,3.2700000000,3.3250000000,3.2680000000,3.3110000000,3487.5244730000,11501.4640985990,11501.4640985990,1,DORA-USDT
2023-03-20 08:00:00,1679270400000,3.3130000000,3.3160000000,3.2840000000,3.2910000000,3806.9218760000,12565.0912744690,12565.0912744690,1,DORA-USDT
2023-03-20 09:00:00,1679274000000,3.2930000000,3.2990000000,3.2700000000,3.2860000000,2246.4590390000,7374.9267664850,7374.9267664850,1,DORA-USDT
2023-03-20 10:00:00,1679277600000,3.2850000000,3.2920000000,3.2410000000,3.2630000000,8096.7204550000,26488.5909903970,26488.5909903970,1,DORA-USDT
2023-03-20 11:00:00,1679281200000,3.2650000000,3.2730000000,3.2120000000,3.2250000000,4132.5458210000,13422.7123043900,13422.7123043900,1,DORA-USDT
2023-03-20 12:00:00,1679284800000,3.2250000000,3.2440000000,3.2100000000,3.2270000000,2067.3136000000,6662.9657604330,6662.9657604330,1,DORA-USDT
2023-03-20 13:00:00,1679288400000,3.2260000000,3.2270000000,3.1410000000,3.2210000000,7033.1569110000,22382.6350043050,22382.6350043050,1,DORA-USDT
2023-03-20 14:00:00,1679292000000,3.2200000000,3.2430000000,3.2040000000,3.2080000000,13385.2656530000,43193.3711522750,43193.3711522750,1,DORA-USDT
2023-03-20 15:00:00,1679295600000,3.2060000000,3.2950000000,3.2010000000,3.2840000000,3508.9629960000,11358.2991163950,11358.2991163950,1,DORA-USDT
2023-03-20 16:00:00,1679299200000,3.2860000000,3.3290000000,3.2480000000,3.2770000000,17515.6853150000,57406.0130084710,57406.0130084710,1,DORA-USDT
2023-03-20 17:00:00,1679302800000,3.2780000000,3.2920000000,3.2550000000,3.2760000000,7717.8093030000,25329.1828272580,25329.1828272580,1,DORA-USDT
2023-03-20 18:00:00,1679306400000,3.2770000000,3.2900000000,3.2500000000,3.2730000000,3020.9893900000,9880.3520964310,9880.3520964310,1,DORA-USDT
2023-03-20 19:00:00,1679310000000,3.2740000000,3.2960000000,3.2680000000,3.2810000000,2222.3329340000,7290.7869193220,7290.7869193220,1,DORA-USDT
2023-03-20 20:00:00,1679313600000,3.2810000000,3.2810000000,3.2550000000,3.2690000000,2323.7791230000,7585.7039237220,7585.7039237220,1,DORA-USDT
2023-03-20 21:00:00,1679317200000,3.2670000000,3.2680000000,3.2170000000,3.2290000000,2541.1389640000,8229.5260105890,8229.5260105890,1,DORA-USDT
2023-03-20 22:00:00,1679320800000,3.2290000000,3.2570000000,3.2160000000,3.2560000000,2720.4707120000,8813.9944436630,8813.9944436630,1,DORA-USDT
2023-03-20 23:00:00,1679324400000,3.2560000000,3.2690000000,3.2280000000,3.2290000000,2552.8709030000,8290.9828643950,8290.9828643950,1,DORA-USDT
2023-03-21 00:00:00,1679328000000,3.2310000000,3.2380000000,3.1810000000,3.1890000000,3909.3376350000,12519.6471050890,12519.6471050890,1,DORA-USDT
2023-03-21 01:00:00,1679331600000,3.1900000000,3.2060000000,3.1770000000,3.1790000000,2210.2593230000,7054.4921098670,7054.4921098670,1,DORA-USDT
2023-03-21 02:00:00,1679335200000,3.1770000000,3.1930000000,3.1510000000,3.1900000000,1959.5111700000,6214.7138056540,6214.7138056540,1,DORA-USDT
2023-03-21 03:00:00,1679338800000,3.1890000000,3.1910000000,3.1480000000,3.1710000000,2643.2046440000,8359.5144883100,8359.5144883100,1,DORA-USDT
2023-03-21 04:00:00,1679342400000,3.1680000000,3.2160000000,3.1430000000,3.2140000000,3769.2258480000,11961.0546152600,11961.0546152600,1,DORA-USDT
2023-03-21 05:00:00,1679346000000,3.2120000000,3.2270000000,3.1980000000,3.2220000000,735.9795640000,2362.7429138170,2362.7429138170,1,DORA-USDT
2023-03-21 06:00:00,1679349600000,3.2180000000,3.2230000000,3.2020000000,3.2110000000,473.3268390000,1519.3128561270,1519.3128561270,1,DORA-USDT
2023-03-21 07:00:00,1679353200000,3.2110000000,3.2180000000,3.1870000000,3.1970000000,854.1663100000,2734.5923776570,2734.5923776570,1,DORA-USDT
2023-03-21 08:00:00,1679356800000,3.1960000000,3.2870000000,3.1900000000,3.2720000000,4198.0691280000,13627.9120733180,13627.9120733180,1,DORA-USDT
2023-03-21 09:00:00,1679360400000,3.2720000000,3.3900000000,3.2510000000,3.3310000000,20321.5493680000,67454.7312714740,67454.7312714740,1,DORA-USDT
2023-03-21 10:00:00,1679364000000,3.3320000000,3.3440000000,3.2500000000,3.2620000000,3152.4293030000,10365.0616723190,10365.0616723190,1,DORA-USDT
2023-03-21 11:00:00,1679367600000,3.2550000000,3.2990000000,3.2550000000,3.2980000000,785.4330510000,2577.1877448880,2577.1877448880,1,DORA-USDT
2023-03-21 12:00:00,1679371200000,3.2960000000,3.3020000000,3.2800000000,3.2830000000,2325.6483590000,7650.7355918100,7650.7355918100,1,DORA-USDT
2023-03-21 13:00:00,1679374800000,3.2840000000,3.3160000000,3.2700000000,3.2820000000,1506.4836580000,4955.7829969090,4955.7829969090,1,DORA-USDT
2023-03-21 14:00:00,1679378400000,3.2790000000,3.3120000000,3.2740000000,3.2910000000,1318.6107390000,4347.8909943370,4347.8909943370,1,DORA-USDT
2023-03-21 15:00:00,1679382000000,3.2910000000,3.3000000000,3.2240000000,3.2490000000,5395.8204560000,17545.5898506280,17545.5898506280,1,DORA-USDT
2023-03-21 16:00:00,1679385600000,3.2480000000,3.2900000000,3.2410000000,3.2900000000,2533.5795410000,8266.7404405920,8266.7404405920,1,DORA-USDT
2023-03-21 17:00:00,1679389200000,3.2840000000,3.4300000000,3.2820000000,3.3170000000,16938.7808670000,56928.4031235520,56928.4031235520,1,DORA-USDT
2023-03-21 18:00:00,1679392800000,3.3130000000,3.3550000000,3.3020000000,3.3040000000,3778.5431750000,12556.8224015350,12556.8224015350,1,DORA-USDT
2023-03-21 19:00:00,1679396400000,3.3050000000,3.3350000000,3.3050000000,3.3280000000,926.0924160000,3075.4964334660,3075.4964334660,1,DORA-USDT
2023-03-21 20:00:00,1679400000000,3.3280000000,3.3800000000,3.3130000000,3.3730000000,2479.8277100000,8292.3678097680,8292.3678097680,1,DORA-USDT
2023-03-21 21:00:00,1679403600000,3.3760000000,3.4130000000,3.3720000000,3.4050000000,3643.3790900000,12380.8318976870,12380.8318976870,1,DORA-USDT
2023-03-21 22:00:00,1679407200000,3.4070000000,3.4240000000,3.3620000000,3.3950000000,4975.6213860000,16864.4754647020,16864.4754647020,1,DORA-USDT
2023-03-21 23:00:00,1679410800000,3.3930000000,3.5580000000,3.3930000000,3.5530000000,15857.3129800000,55405.5675431800,55405.5675431800,1,DORA-USDT
2023-03-22 00:00:00,1679414400000,3.5540000000,3.5620000000,3.4660000000,3.4660000000,11938.0587670000,41944.6359231370,41944.6359231370,1,DORA-USDT
2023-03-22 01:00:00,1679418000000,3.4650000000,3.4720000000,3.3850000000,3.4210000000,7669.8004550000,26311.5078066500,26311.5078066500,1,DORA-USDT
2023-03-22 02:00:00,1679421600000,3.4220000000,3.4290000000,3.3800000000,3.4180000000,1309.0108640000,4462.0229467740,4462.0229467740,1,DORA-USDT
2023-03-22 03:00:00,1679425200000,3.4190000000,3.4930000000,3.4160000000,3.4710000000,3895.4266620000,13484.6234076020,13484.6234076020,1,DORA-USDT
2023-03-22 04:00:00,1679428800000,3.4730000000,3.5200000000,3.4660000000,3.5070000000,1541.7230660000,5386.2246080790,5386.2246080790,1,DORA-USDT
2023-03-22 05:00:00,1679432400000,3.5060000000,3.5350000000,3.4710000000,3.4800000000,1916.2371530000,6717.2522022980,6717.2522022980,1,DORA-USDT
2023-03-22 06:00:00,1679436000000,3.4830000000,3.4830000000,3.4310000000,3.4420000000,4703.0749810000,16206.1695940530,16206.1695940530,1,DORA-USDT
2023-03-22 07:00:00,1679439600000,3.4420000000,3.4510000000,3.4260000000,3.4430000000,1340.9760270000,4611.5276538590,4611.5276538590,1,DORA-USDT
2023-03-22 08:00:00,1679443200000,3.4440000000,3.4440000000,3.3640000000,3.3850000000,4889.2883480000,16617.6361639750,16617.6361639750,1,DORA-USDT
2023-03-22 09:00:00,1679446800000,3.3850000000,3.4000000000,3.3680000000,3.3910000000,1026.3845610000,3477.2700722930,3477.2700722930,1,DORA-USDT
2023-03-22 10:00:00,1679450400000,3.3920000000,3.3920000000,3.3330000000,3.3430000000,5165.7178420000,17327.4113212640,17327.4113212640,1,DORA-USDT
2023-03-22 11:00:00,1679454000000,3.3390000000,3.3800000000,3.3370000000,3.3610000000,2469.9290500000,8308.3057656890,8308.3057656890,1,DORA-USDT
2023-03-22 12:00:00,1679457600000,3.3660000000,3.3830000000,3.3570000000,3.3720000000,8673.6712860000,29231.2650223930,29231.2650223930,1,DORA-USDT
2023-03-22 13:00:00,1679461200000,3.3750000000,3.3930000000,3.3700000000,3.3870000000,761.8477660000,2578.2122562140,2578.2122562140,1,DORA-USDT
2023-03-22 14:00:00,1679464800000,3.3880000000,3.3960000000,3.3530000000,3.3840000000,7021.2509690000,23724.2976875640,23724.2976875640,1,DORA-USDT
2023-03-22 15:00:00,1679468400000,3.3830000000,3.4000000000,3.3430000000,3.3560000000,4056.0976430000,13691.6288342670,13691.6288342670,1,DORA-USDT
2023-03-22 16:00:00,1679472000000,3.3550000000,3.3790000000,3.3420000000,3.3720000000,2703.7383810000,9096.7191746540,9096.7191746540,1,DORA-USDT
2023-03-22 17:00:00,1679475600000,3.3710000000,3.3910000000,3.3670000000,3.3690000000,1483.4849300000,5013.4770227190,5013.4770227190,1,DORA-USDT
2023-03-22 18:00:00,1679479200000,3.3690000000,3.4420000000,3.3690000000,3.4010000000,5792.7240940000,19737.4116474740,19737.4116474740,1,DORA-USDT
2023-03-22 19:00:00,1679482800000,3.3950000000,3.4260000000,3.3900000000,3.4150000000,1875.4409640000,6396.0161942050,6396.0161942050,1,DORA-USDT
2023-03-22 20:00:00,1679486400000,3.4150000000,3.4240000000,3.3690000000,3.3690000000,5295.2112890000,17983.7810486000,17983.7810486000,1,DORA-USDT
2023-03-22 21:00:00,1679490000000,3.3700000000,3.3760000000,3.3030000000,3.3280000000,16813.1880530000,56089.8922446320,56089.8922446320,1,DORA-USDT
2023-03-22 22:00:00,1679493600000,3.3290000000,3.3800000000,3.3270000000,3.3440000000,4122.8811350000,13829.4364099000,13829.4364099000,1,DORA-USDT
2023-03-22 23:00:00,1679497200000,3.3440000000,3.3790000000,3.3120000000,3.3310000000,3282.4765650000,11001.1265506940,11001.1265506940,1,DORA-USDT
2023-03-23 00:00:00,1679500800000,3.3300000000,3.3400000000,3.2890000000,3.3330000000,6254.1293060000,20771.6884452630,20771.6884452630,1,DORA-USDT
2023-03-23 01:00:00,1679504400000,3.3330000000,3.3350000000,3.2620000000,3.3160000000,3859.1660510000,12703.4071090270,12703.4071090270,1,DORA-USDT
2023-03-23 02:00:00,1679508000000,3.3180000000,3.3700000000,3.2710000000,3.3340000000,15282.9844490000,50741.6978555640,50741.6978555640,1,DORA-USDT
2023-03-23 03:00:00,1679511600000,3.3350000000,3.3380000000,3.2000000000,3.2200000000,10108.8245980000,32952.9747448600,32952.9747448600,1,DORA-USDT
2023-03-23 04:00:00,1679515200000,3.2200000000,3.3030000000,3.2140000000,3.3000000000,3083.9743570000,10043.7007864920,10043.7007864920,1,DORA-USDT
2023-03-23 05:00:00,1679518800000,3.3020000000,3.3070000000,3.2800000000,3.2820000000,758.3448070000,2495.4726474140,2495.4726474140,1,DORA-USDT
2023-03-23 06:00:00,1679522400000,3.2850000000,3.2900000000,3.2560000000,3.2790000000,750.6624930000,2455.5097810240,2455.5097810240,1,DORA-USDT
2023-03-23 07:00:00,1679526000000,3.2780000000,3.2800000000,3.2600000000,3.2630000000,1733.4908160000,5664.1446951270,5664.1446951270,1,DORA-USDT
2023-03-23 08:00:00,1679529600000,3.2610000000,3.2890000000,3.2530000000,3.2620000000,1117.1375020000,3650.1822938550,3650.1822938550,1,DORA-USDT
2023-03-23 09:00:00,1679533200000,3.2620000000,3.2640000000,3.2090000000,3.2100000000,4586.9777170000,14812.8506493300,14812.8506493300,1,DORA-USDT
2023-03-23 10:00:00,1679536800000,3.2090000000,3.2590000000,3.2050000000,3.2570000000,2764.6927890000,8950.1970637650,8950.1970637650,1,DORA-USDT
2023-03-23 11:00:00,1679540400000,3.2540000000,3.2650000000,3.2410000000,3.2460000000,2177.1909170000,7089.6757397810,7089.6757397810,1,DORA-USDT
2023-03-23 12:00:00,1679544000000,3.2480000000,3.2690000000,3.2440000000,3.2600000000,805.8129060000,2621.4238708750,2621.4238708750,1,DORA-USDT
2023-03-23 13:00:00,1679547600000,3.2600000000,3.2970000000,3.2580000000,3.2750000000,2528.8749920000,8301.5261334850,8301.5261334850,1,DORA-USDT
2023-03-23 14:00:00,1679551200000,3.2770000000,3.2880000000,3.2720000000,3.2770000000,510.8133170000,1675.3622782310,1675.3622782310,1,DORA-USDT
2023-03-23 15:00:00,1679554800000,3.2770000000,3.2860000000,3.2670000000,3.2850000000,448.2926660000,1469.5176747920,1469.5176747920,1,DORA-USDT
2023-03-23 16:00:00,1679558400000,3.2850000000,3.2990000000,3.2690000000,3.2790000000,6608.9748280000,21680.8956107650,21680.8956107650,1,DORA-USDT
2023-03-23 17:00:00,1679562000000,3.2800000000,3.2940000000,3.2690000000,3.2880000000,11897.2641620000,39013.9853686830,39013.9853686830,1,DORA-USDT
2023-03-23 18:00:00,1679565600000,3.2860000000,3.2980000000,3.2800000000,3.2910000000,960.7350310000,3158.6148771130,3158.6148771130,1,DORA-USDT
2023-03-23 19:00:00,1679569200000,3.2920000000,3.3050000000,3.2770000000,3.2980000000,1753.3074750000,5764.8427683050,5764.8427683050,1,DORA-USDT
2023-03-23 20:00:00,1679572800000,3.2970000000,3.2980000000,3.2620000000,3.2650000000,2207.0973770000,7243.4400316680,7243.4400316680,1,DORA-USDT
2023-03-23 21:00:00,1679576400000,3.2620000000,3.2620000000,3.2200000000,3.2400000000,3397.9090750000,11012.6078564570,11012.6078564570,1,DORA-USDT
2023-03-23 22:00:00,1679580000000,3.2390000000,3.2910000000,3.2380000000,3.2910000000,6515.1675030000,21212.5858591750,21212.5858591750,1,DORA-USDT
2023-03-23 23:00:00,1679583600000,3.2880000000,3.3300000000,3.2750000000,3.3040000000,14230.4002610000,46950.1111843000,46950.1111843000,1,DORA-USDT
2023-03-24 00:00:00,1679587200000,3.3100000000,3.3150000000,3.2900000000,3.3060000000,1976.7181720000,6526.8680061100,6526.8680061100,1,DORA-USDT
2023-03-24 01:00:00,1679590800000,3.3060000000,3.3110000000,3.2660000000,3.2800000000,2127.1530950000,6986.5340568710,6986.5340568710,1,DORA-USDT
2023-03-24 02:00:00,1679594400000,3.2790000000,3.2950000000,3.2550000000,3.2610000000,2171.3083380000,7127.7417543060,7127.7417543060,1,DORA-USDT
2023-03-24 03:00:00,1679598000000,3.2620000000,3.2860000000,3.2600000000,3.2810000000,2888.8349130000,9467.0438113820,9467.0438113820,1,DORA-USDT
2023-03-24 04:00:00,1679601600000,3.2790000000,3.2910000000,3.2720000000,3.2890000000,1355.1058780000,4449.2525844110,4449.2525844110,1,DORA-USDT
2023-03-24 05:00:00,1679605200000,3.2890000000,3.2990000000,3.2680000000,3.2960000000,959.4279370000,3152.1404094640,3152.1404094640,1,DORA-USDT
2023-03-24 06:00:00,1679608800000,3.2940000000,3.3000000000,3.2830000000,3.3000000000,1434.6618310000,4728.9556358840,4728.9556358840,1,DORA-USDT
2023-03-24 07:00:00,1679612400000,3.2980000000,3.3240000000,3.2950000000,3.3120000000,1767.0096930000,5854.7713958140,5854.7713958140,1,DORA-USDT
2023-03-24 08:00:00,1679616000000,3.3130000000,3.3330000000,3.3010000000,3.3170000000,4735.5076890000,15703.0950770280,15703.0950770280,1,DORA-USDT
2023-03-24 09:00:00,1679619600000,3.3180000000,3.3280000000,3.3100000000,3.3120000000,2518.9136340000,8361.5006298640,8361.5006298640,1,DORA-USDT
2023-03-24 10:00:00,1679623200000,3.3120000000,3.3280000000,3.3010000000,3.3050000000,1097.3814830000,3636.6998200470,3636.6998200470,1,DORA-USDT
2023-03-24 11:00:00,1679626800000,3.3030000000,3.3130000000,3.3020000000,3.3040000000,601.3618770000,1988.4171940640,1988.4171940640,1,DORA-USDT
2023-03-24 12:00:00,1679630400000,3.3050000000,3.3120000000,3.2990000000,3.3000000000,321.6489870000,1062.9791299560,1062.9791299560,1,DORA-USDT
2023-03-24 13:00:00,1679634000000,3.3000000000,3.3130000000,3.3000000000,3.3120000000,503.8913490000,1666.0263784120,1666.0263784120,1,DORA-USDT
2023-03-24 14:00:00,1679637600000,3.3110000000,3.3230000000,3.3090000000,3.3150000000,458.7748400000,1521.1245121030,1521.1245121030,1,DORA-USDT
2023-03-24 15:00:00,1679641200000,3.3150000000,3.3200000000,3.3040000000,3.3110000000,432.8352210000,1433.4319362800,1433.4319362800,1,DORA-USDT
2023-03-24 16:00:00,1679644800000,3.3110000000,3.3170000000,3.2670000000,3.2760000000,1514.6658310000,4981.5607187630,4981.5607187630,1,DORA-USDT
2023-03-24 17:00:00,1679648400000,3.2730000000,3.2890000000,3.2620000000,3.2650000000,2587.1153910000,8476.0223739360,8476.0223739360,1,DORA-USDT
2023-03-24 18:00:00,1679652000000,3.2640000000,3.2700000000,3.2450000000,3.2480000000,2381.0071870000,7747.5500594460,7747.5500594460,1,DORA-USDT
2023-03-24 19:00:00,1679655600000,3.2480000000,3.2630000000,3.1800000000,3.2130000000,8928.9194860000,28708.4654084760,28708.4654084760,1,DORA-USDT
2023-03-24 20:00:00,1679659200000,3.2070000000,3.2380000000,3.2050000000,3.2310000000,4046.9532430000,13071.9389290160,13071.9389290160,1,DORA-USDT
2023-03-24 21:00:00,1679662800000,3.2320000000,3.2350000000,3.2130000000,3.2280000000,1277.1170510000,4122.0692795640,4122.0692795640,1,DORA-USDT
2023-03-24 22:00:00,1679666400000,3.2270000000,3.2550000000,3.2160000000,3.2410000000,1901.5957230000,6158.6879668970,6158.6879668970,1,DORA-USDT
2023-03-24 23:00:00,1679670000000,3.2410000000,3.2410000000,3.2220000000,3.2320000000,615.0836380000,1987.4808222530,1987.4808222530,1,DORA-USDT
2023-03-25 00:00:00,1679673600000,3.2310000000,3.2340000000,3.2050000000,3.2050000000,1439.4792660000,4632.8801951660,4632.8801951660,1,DORA-USDT
2023-03-25 01:00:00,1679677200000,3.2060000000,3.2180000000,3.1580000000,3.1790000000,4943.9224410000,15738.8146490660,15738.8146490660,1,DORA-USDT
2023-03-25 02:00:00,1679680800000,3.1800000000,3.2170000000,3.1770000000,3.2070000000,1093.0231770000,3495.2152898830,3495.2152898830,1,DORA-USDT
2023-03-25 03:00:00,1679684400000,3.2070000000,3.2210000000,3.1970000000,3.2140000000,551.3754110000,1769.6233695720,1769.6233695720,1,DORA-USDT
2023-03-25 04:00:00,1679688000000,3.2150000000,3.2200000000,3.1910000000,3.1920000000,724.5861150000,2322.9681413280,2322.9681413280,1,DORA-USDT
2023-03-25 05:00:00,1679691600000,3.1910000000,3.1940000000,3.1580000000,3.1750000000,1925.2245410000,6112.1048267810,6112.1048267810,1,DORA-USDT
2023-03-25 06:00:00,1679695200000,3.1770000000,3.1960000000,3.1750000000,3.1820000000,1463.6559980000,4661.0187365990,4661.0187365990,1,DORA-USDT
2023-03-25 07:00:00,1679698800000,3.1820000000,3.2090000000,3.1820000000,3.2040000000,735.0458540000,2348.7819704930,2348.7819704930,1,DORA-USDT
2023-03-25 08:00:00,1679702400000,3.2040000000,3.2250000000,3.1980000000,3.2250000000,718.1022870000,2307.1572351100,2307.1572351100,1,DORA-USDT
2023-03-25 09:00:00,1679706000000,3.2260000000,3.2540000000,3.2240000000,3.2520000000,2515.7251120000,8145.9124310350,8145.9124310350,1,DORA-USDT
2023-03-25 10:00:00,1679709600000,3.2540000000,3.2660000000,3.2520000000,3.2660000000,1634.9478960000,5326.2725771830,5326.2725771830,1,DORA-USDT
2023-03-25 11:00:00,1679713200000,3.2660000000,3.2660000000,3.2440000000,3.2510000000,2459.9573760000,8007.4140927250,8007.4140927250,1,DORA-USDT
2023-03-25 12:00:00,1679716800000,3.2510000000,3.2910000000,3.2460000000,3.2520000000,1452.8920150000,4743.5114267430,4743.5114267430,1,DORA-USDT
2023-03-25 13:00:00,1679720400000,3.2510000000,3.2780000000,3.2460000000,3.2470000000,1080.8838610000,3523.9949013520,3523.9949013520,1,DORA-USDT
2023-03-25 14:00:00,1679724000000,3.2470000000,3.2490000000,3.2390000000,3.2400000000,699.4402920000,2268.4955330080,2268.4955330080,1,DORA-USDT
2023-03-25 15:00:00,1679727600000,3.2410000000,3.2440000000,3.2340000000,3.2410000000,338.6951610000,1097.6445531970,1097.6445531970,1,DORA-USDT
2023-03-25 16:00:00,1679731200000,3.2420000000,3.2430000000,3.2200000000,3.2210000000,1242.5280220000,4011.1074416510,4011.1074416510,1,DORA-USDT
2023-03-25 17:00:00,1679734800000,3.2220000000,3.2280000000,3.1980000000,3.2130000000,1095.7824700000,3517.6332520300,3517.6332520300,1,DORA-USDT
2023-03-25 18:00:00,1679738400000,3.2130000000,3.2170000000,3.2060000000,3.2160000000,270.4387740000,869.0333454940,869.0333454940,1,DORA-USDT
2023-03-25 19:00:00,1679742000000,3.2150000000,3.2260000000,3.2100000000,3.2170000000,536.7925460000,1728.2728052190,1728.2728052190,1,DORA-USDT
2023-03-25 20:00:00,1679745600000,3.2160000000,3.2170000000,3.2070000000,3.2170000000,331.6612400000,1065.1255963250,1065.1255963250,1,DORA-USDT
2023-03-25 21:00:00,1679749200000,3.2160000000,3.2240000000,3.1930000000,3.2220000000,1130.6229690000,3633.0154641900,3633.0154641900,1,DORA-USDT
2023-03-25 22:00:00,1679752800000,3.2240000000,3.2310000000,3.2110000000,3.2110000000,795.0645000000,2561.9231603710,2561.9231603710,1,DORA-USDT
2023-03-25 23:00:00,1679756400000,3.2110000000,3.2440000000,3.2000000000,3.2370000000,864.1412760000,2786.2982170870,2786.2982170870,1,DORA-USDT
2023-03-26 00:00:00,1679760000000,3.2380000000,3.2410000000,3.2160000000,3.2190000000,692.6867380000,2233.9424007160,2233.9424007160,1,DORA-USDT
2023-03-26 01:00:00,1679763600000,3.2190000000,3.2270000000,3.2010000000,3.2060000000,551.9766820000,1773.4161643230,1773.4161643230,1,DORA-USDT
2023-03-26 02:00:00,1679767200000,3.2060000000,3.2070000000,3.1810000000,3.1850000000,539.1632150000,1722.9620150180,1722.9620150180,1,DORA-USDT
2023-03-26 03:00:00,1679770800000,3.1860000000,3.1860000000,3.1580000000,3.1700000000,2857.0529330000,9052.2669504320,9052.2669504320,1,DORA-USDT
2023-03-26 04:00:00,1679774400000,3.1700000000,3.2090000000,3.1660000000,3.2080000000,814.9410620000,2601.7045827280,2601.7045827280,1,DORA-USDT
2023-03-26 05:00:00,1679778000000,3.2080000000,3.2270000000,3.2080000000,3.2250000000,296.8384850000,955.4425852120,955.4425852120,1,DORA-USDT
2023-03-26 06:00:00,1679781600000,3.2250000000,3.2400000000,3.2170000000,3.2230000000,805.5625270000,2599.2973005860,2599.2973005860,1,DORA-USDT
2023-03-26 07:00:00,1679785200000,3.2220000000,3.2280000000,3.2190000000,3.2210000000,658.6530300000,2123.9844298030,2123.9844298030,1,DORA-USDT
2023-03-26 08:00:00,1679788800000,3.2220000000,3.2350000000,3.2100000000,3.2210000000,2106.1397540000,6791.7612537560,6791.7612537560,1,DORA-USDT
2023-03-26 09:00:00,1679792400000,3.2230000000,3.2380000000,3.2200000000,3.2310000000,987.3125520000,3190.6084380300,3190.6084380300,1,DORA-USDT
2023-03-26 10:00:00,1679796000000,3.2310000000,3.2400000000,3.2200000000,3.2220000000,585.3611790000,1890.7162147100,1890.7162147100,1,DORA-USDT
2023-03-26 11:00:00,1679799600000,3.2220000000,3.2230000000,3.2150000000,3.2150000000,253.7088510000,816.5359599860,816.5359599860,1,DORA-USDT
2023-03-26 12:00:00,1679803200000,3.2140000000,3.2320000000,3.2140000000,3.2290000000,410.3327670000,1321.6590315250,1321.6590315250,1,DORA-USDT
2023-03-26 13:00:00,1679806800000,3.2290000000,3.2330000000,3.2200000000,3.2320000000,300.5613790000,969.6791852220,969.6791852220,1,DORA-USDT
2023-03-26 14:00:00,1679810400000,3.2320000000,3.2350000000,3.2180000000,3.2210000000,1006.6027520000,3246.8750439470,3246.8750439470,1,DORA-USDT
2023-03-26 15:00:00,1679814000000,3.2230000000,3.2310000000,3.2190000000,3.2260000000,573.6945580000,1850.2227564470,1850.2227564470,1,DORA-USDT
2023-03-26 16:00:00,1679817600000,3.2260000000,3.2600000000,3.2210000000,3.2460000000,1606.1991750000,5210.0615328090,5210.0615328090,1,DORA-USDT
2023-03-26 17:00:00,1679821200000,3.2470000000,3.2610000000,3.2440000000,3.2470000000,993.5956310000,3229.4814421320,3229.4814421320,1,DORA-USDT
2023-03-26 18:00:00,1679824800000,3.2470000000,3.2480000000,3.2330000000,3.2350000000,557.1777330000,1805.3279949360,1805.3279949360,1,DORA-USDT
2023-03-26 19:00:00,1679828400000,3.2330000000,3.2490000000,3.2330000000,3.2480000000,330.5605540000,1071.5984806950,1071.5984806950,1,DORA-USDT
2023-03-26 20:00:00,1679832000000,3.2490000000,3.2620000000,3.2430000000,3.2570000000,763.5087200000,2484.6888537640,2484.6888537640,1,DORA-USDT
2023-03-26 21:00:00,1679835600000,3.2570000000,3.2800000000,3.2530000000,3.2720000000,4288.5694310000,13974.5838172020,13974.5838172020,1,DORA-USDT
2023-03-26 22:00:00,1679839200000,3.2740000000,3.2800000000,3.2080000000,3.2210000000,3646.0408250000,11781.1307233990,11781.1307233990,1,DORA-USDT
2023-03-26 23:00:00,1679842800000,3.2230000000,3.2360000000,3.2180000000,3.2290000000,661.8558140000,2133.9674278970,2133.9674278970,1,DORA-USDT
2023-03-27 00:00:00,1679846400000,3.2210000000,3.2790000000,3.2210000000,3.2680000000,2744.8548730000,8944.3717917640,8944.3717917640,1,DORA-USDT
2023-03-27 01:00:00,1679850000000,3.2680000000,3.3050000000,3.2630000000,3.2740000000,5767.2969220000,18945.3979807970,18945.3979807970,1,DORA-USDT
2023-03-27 02:00:00,1679853600000,3.2740000000,3.2850000000,3.2660000000,3.2660000000,317.5235460000,1039.4684879640,1039.4684879640,1,DORA-USDT
2023-03-27 03:00:00,1679857200000,3.2670000000,3.2780000000,3.2650000000,3.2700000000,752.0349070000,2459.2256190330,2459.2256190330,1,DORA-USDT
2023-03-27 04:00:00,1679860800000,3.2700000000,3.2780000000,3.2590000000,3.2650000000,1969.6160320000,6430.9995411960,6430.9995411960,1,DORA-USDT
2023-03-27 05:00:00,1679864400000,3.2650000000,3.2770000000,3.2630000000,3.2710000000,813.4580770000,2657.5704315170,2657.5704315170,1,DORA-USDT
2023-03-27 06:00:00,1679868000000,3.2720000000,3.2890000000,3.2700000000,3.2830000000,357.7154050000,1173.3287690220,1173.3287690220,1,DORA-USDT
2023-03-27 07:00:00,1679871600000,3.2830000000,3.2950000000,3.2810000000,3.2910000000,358.3209360000,1178.3552416200,1178.3552416200,1,DORA-USDT
2023-03-27 08:00:00,1679875200000,3.2900000000,3.2930000000,3.2780000000,3.2790000000,751.1107400000,2468.0429978980,2468.0429978980,1,DORA-USDT
2023-03-27 09:00:00,1679878800000,3.2790000000,3.2800000000,3.2490000000,3.2500000000,1917.0341140000,6247.3507305500,6247.3507305500,1,DORA-USDT
2023-03-27 10:00:00,1679882400000,3.2490000000,3.2510000000,3.2360000000,3.2410000000,1869.9816510000,6065.7853900790,6065.7853900790,1,DORA-USDT
2023-03-27 11:00:00,1679886000000,3.2410000000,3.2680000000,3.2390000000,3.2600000000,433.2980610000,1408.9782172650,1408.9782172650,1,DORA-USDT
2023-03-27 12:00:00,1679889600000,3.2610000000,3.2750000000,3.2590000000,3.2620000000,829.2577230000,2709.5381028960,2709.5381028960,1,DORA-USDT
2023-03-27 13:00:00,1679893200000,3.2630000000,3.2630000000,3.2320000000,3.2350000000,740.4500720000,2408.4395093310,2408.4395093310,1,DORA-USDT
2023-03-27 14:00:00,1679896800000,3.2340000000,3.2510000000,3.2330000000,3.2510000000,737.7921330000,2389.0960605990,2389.0960605990,1,DORA-USDT
2023-03-27 15:00:00,1679900400000,3.2510000000,3.2700000000,3.2510000000,3.2620000000,1289.8284320000,4206.5768118690,4206.5768118690,1,DORA-USDT
2023-03-27 16:00:00,1679904000000,3.2620000000,3.2630000000,3.2480000000,3.2540000000,721.5619400000,2348.4407852710,2348.4407852710,1,DORA-USDT
2023-03-27 17:00:00,1679907600000,3.2540000000,3.2630000000,3.2450000000,3.2480000000,516.0790450000,1677.2055596930,1677.2055596930,1,DORA-USDT
2023-03-27 18:00:00,1679911200000,3.2480000000,3.2590000000,3.2440000000,3.2530000000,250.2415550000,813.2235862010,813.2235862010,1,DORA-USDT
2023-03-27 19:00:00,1679914800000,3.2550000000,3.2600000000,3.2340000000,3.2410000000,1911.3591890000,6207.3047603610,6207.3047603610,1,DORA-USDT
2023-03-27 20:00:00,1679918400000,3.2420000000,3.2450000000,3.1970000000,3.2040000000,5387.6822130000,17362.6500359650,17362.6500359650,1,DORA-USDT
2023-03-27 21:00:00,1679922000000,3.2050000000,3.2320000000,3.1990000000,3.2190000000,1629.5560770000,5234.5113783680,5234.5113783680,1,DORA-USDT
2023-03-27 22:00:00,1679925600000,3.2180000000,3.2230000000,3.1700000000,3.1870000000,3031.3797310000,9685.8618948060,9685.8618948060,1,DORA-USDT
2023-03-27 23:00:00,1679929200000,3.1820000000,3.1950000000,3.1070000000,3.1790000000,20650.7031530000,65006.7345686190,65006.7345686190,1,DORA-USDT
2023-03-28 00:00:00,1679932800000,3.1800000000,3.2070000000,3.1480000000,3.1530000000,1717.3080010000,5452.8810737970,5452.8810737970,1,DORA-USDT
2023-03-28 01:00:00,1679936400000,3.1550000000,3.1660000000,3.1440000000,3.1510000000,1118.0400500000,3522.1750985970,3522.1750985970,1,DORA-USDT
2023-03-28 02:00:00,1679940000000,3.1520000000,3.1790000000,3.1510000000,3.1710000000,451.2957570000,1430.3653442900,1430.3653442900,1,DORA-USDT
2023-03-28 03:00:00,1679943600000,3.1710000000,3.1800000000,3.1590000000,3.1600000000,347.7693390000,1102.5952748070,1102.5952748070,1,DORA-USDT
2023-03-28 04:00:00,1679947200000,3.1600000000,3.1700000000,3.1490000000,3.1700000000,964.0866370000,3047.7269398910,3047.7269398910,1,DORA-USDT
2023-03-28 05:00:00,1679950800000,3.1710000000,3.1940000000,3.1710000000,3.1860000000,481.6383550000,1533.9438353340,1533.9438353340,1,DORA-USDT
2023-03-28 06:00:00,1679954400000,3.1900000000,3.1900000000,3.1780000000,3.1800000000,242.4906800000,772.2285306410,772.2285306410,1,DORA-USDT
2023-03-28 07:00:00,1679958000000,3.1810000000,3.1850000000,3.1780000000,3.1800000000,251.0920650000,798.8242016580,798.8242016580,1,DORA-USDT
2023-03-28 08:00:00,1679961600000,3.1790000000,3.1870000000,3.1440000000,3.1500000000,1425.2056420000,4512.6905222860,4512.6905222860,1,DORA-USDT
2023-03-28 09:00:00,1679965200000,3.1530000000,3.1720000000,3.1320000000,3.1510000000,3510.3709510000,11038.6648684110,11038.6648684110,1,DORA-USDT
2023-03-28 10:00:00,1679968800000,3.1510000000,3.1540000000,3.1300000000,3.1460000000,931.1483540000,2925.3216498800,2925.3216498800,1,DORA-USDT
2023-03-28 11:00:00,1679972400000,3.1460000000,3.1980000000,3.1450000000,3.1920000000,2222.3033500000,7051.5486931720,7051.5486931720,1,DORA-USDT
2023-03-28 12:00:00,1679976000000,3.1930000000,3.2090000000,3.1910000000,3.2030000000,691.0451200000,2210.9491465550,2210.9491465550,1,DORA-USDT
2023-03-28 13:00:00,1679979600000,3.2030000000,3.2040000000,3.1690000000,3.1840000000,514.7441190000,1638.0189629100,1638.0189629100,1,DORA-USDT
2023-03-28 14:00:00,1679983200000,3.1850000000,3.2000000000,3.1710000000,3.1730000000,1337.1797710000,4249.4460342260,4249.4460342260,1,DORA-USDT
2023-03-28 15:00:00,1679986800000,3.1720000000,3.1890000000,3.1470000000,3.1510000000,1488.6960590000,4722.1255537650,4722.1255537650,1,DORA-USDT
2023-03-28 16:00:00,1679990400000,3.1520000000,3.1630000000,3.1470000000,3.1620000000,343.6363570000,1084.1751223860,1084.1751223860,1,DORA-USDT
2023-03-28 17:00:00,1679994000000,3.1630000000,3.1660000000,3.1390000000,3.1610000000,1174.4744870000,3708.7599687080,3708.7599687080,1,DORA-USDT
2023-03-28 18:00:00,1679997600000,3.1610000000,3.1750000000,3.1530000000,3.1690000000,2171.5343670000,6871.1842055100,6871.1842055100,1,DORA-USDT
2023-03-28 19:00:00,1680001200000,3.1690000000,3.2190000000,3.1690000000,3.1900000000,2906.8284630000,9289.6796155990,9289.6796155990,1,DORA-USDT
2023-03-28 20:00:00,1680004800000,3.1920000000,3.1970000000,3.1630000000,3.1780000000,1768.1426850000,5627.5488077040,5627.5488077040,1,DORA-USDT
2023-03-28 21:00:00,1680008400000,3.1790000000,3.2060000000,3.1640000000,3.1900000000,1242.2322820000,3956.5999942540,3956.5999942540,1,DORA-USDT
2023-03-28 22:00:00,1680012000000,3.1900000000,3.2200000000,3.1870000000,3.2000000000,1279.1087240000,4094.8623243320,4094.8623243320,1,DORA-USDT
2023-03-28 23:00:00,1680015600000,3.2010000000,3.2150000000,3.1870000000,3.1940000000,2411.1901660000,7706.0851096100,7706.0851096100,1,DORA-USDT
2023-03-29 00:00:00,1680019200000,3.1930000000,3.2090000000,3.1770000000,3.1960000000,1273.2522290000,4062.1589406790,4062.1589406790,1,DORA-USDT
2023-03-29 01:00:00,1680022800000,3.1950000000,3.2310000000,3.1900000000,3.2260000000,6361.4866520000,20392.2443017350,20392.2443017350,1,DORA-USDT
2023-03-29 02:00:00,1680026400000,3.2270000000,3.2680000000,3.2120000000,3.2530000000,3530.7874050000,11431.1708395390,11431.1708395390,1,DORA-USDT
2023-03-29 03:00:00,1680030000000,3.2560000000,3.2830000000,3.2400000000,3.2720000000,3421.3015990000,11128.0003483050,11128.0003483050,1,DORA-USDT
2023-03-29 04:00:00,1680033600000,3.2720000000,3.2810000000,3.2560000000,3.2640000000,1736.8853230000,5678.1879380290,5678.1879380290,1,DORA-USDT
2023-03-29 05:00:00,1680037200000,3.2630000000,3.2660000000,3.2440000000,3.2500000000,236.7519390000,770.8355146680,770.8355146680,1,DORA-USDT
2023-03-29 06:00:00,1680040800000,3.2490000000,3.2770000000,3.2490000000,3.2630000000,488.5387520000,1595.7296375030,1595.7296375030,1,DORA-USDT
2023-03-29 07:00:00,1680044400000,3.2630000000,3.2810000000,3.2600000000,3.2620000000,955.9822940000,3125.8467373110,3125.8467373110,1,DORA-USDT
2023-03-29 08:00:00,1680048000000,3.2620000000,3.2670000000,3.2470000000,3.2520000000,508.5721620000,1657.9072966840,1657.9072966840,1,DORA-USDT
2023-03-29 09:00:00,1680051600000,3.2530000000,3.2830000000,3.2520000000,3.2640000000,649.3594830000,2122.4021134980,2122.4021134980,1,DORA-USDT
2023-03-29 10:00:00,1680055200000,3.2640000000,3.2740000000,3.2610000000,3.2710000000,866.5121170000,2834.7470349980,2834.7470349980,1,DORA-USDT
2023-03-29 11:00:00,1680058800000,3.2710000000,3.2720000000,3.2540000000,3.2620000000,835.1110800000,2727.5944364970,2727.5944364970,1,DORA-USDT
2023-03-29 12:00:00,1680062400000,3.2640000000,3.2980000000,3.2640000000,3.2870000000,816.2919820000,2681.3888332010,2681.3888332010,1,DORA-USDT
2023-03-29 13:00:00,1680066000000,3.2880000000,3.3090000000,3.2850000000,3.2920000000,1279.8021560000,4216.9618755610,4216.9618755610,1,DORA-USDT
2023-03-29 14:00:00,1680069600000,3.2920000000,3.3320000000,3.2800000000,3.3040000000,2673.5177840000,8865.3808038340,8865.3808038340,1,DORA-USDT
2023-03-29 15:00:00,1680073200000,3.3040000000,3.3090000000,3.2950000000,3.2960000000,1164.9634740000,3844.6792253630,3844.6792253630,1,DORA-USDT
2023-03-29 16:00:00,1680076800000,3.2960000000,3.3300000000,3.2870000000,3.3220000000,1361.1817800000,4516.1332846060,4516.1332846060,1,DORA-USDT
2023-03-29 17:00:00,1680080400000,3.3220000000,3.3230000000,3.2930000000,3.2960000000,1084.6977070000,3588.6924117430,3588.6924117430,1,DORA-USDT
2023-03-29 18:00:00,1680084000000,3.2960000000,3.3110000000,3.2880000000,3.2890000000,612.0653170000,2015.9372445420,2015.9372445420,1,DORA-USDT
2023-03-29 19:00:00,1680087600000,3.2890000000,3.3000000000,3.2780000000,3.2980000000,994.9385620000,3274.0568385190,3274.0568385190,1,DORA-USDT
2023-03-29 20:00:00,1680091200000,3.2980000000,3.2990000000,3.2760000000,3.2970000000,829.6812060000,2726.8003394640,2726.8003394640,1,DORA-USDT
2023-03-29 21:00:00,1680094800000,3.2980000000,3.3050000000,3.2760000000,3.2960000000,2708.7186870000,8909.9295711590,8909.9295711590,1,DORA-USDT
2023-03-29 22:00:00,1680098400000,3.2990000000,3.3160000000,3.2600000000,3.2940000000,4680.4883850000,15364.2257045770,15364.2257045770,1,DORA-USDT
2023-03-29 23:00:00,1680102000000,3.2930000000,3.3380000000,3.2880000000,3.3350000000,2950.3462370000,9769.9351321260,9769.9351321260,1,DORA-USDT
2023-03-30 00:00:00,1680105600000,3.3340000000,3.3410000000,3.3150000000,3.3310000000,2422.3271140000,8073.3916535940,8073.3916535940,1,DORA-USDT
2023-03-30 01:00:00,1680109200000,3.3310000000,3.3480000000,3.3280000000,3.3340000000,835.6002530000,2790.7507943070,2790.7507943070,1,DORA-USDT
2023-03-30 02:00:00,1680112800000,3.3320000000,3.3350000000,3.3160000000,3.3260000000,737.8187390000,2452.1058393200,2452.1058393200,1,DORA-USDT
2023-03-30 03:00:00,1680116400000,3.3260000000,3.3340000000,3.3240000000,3.3320000000,505.7074560000,1683.0931908190,1683.0931908190,1,DORA-USDT
2023-03-30 04:00:00,1680120000000,3.3310000000,3.3400000000,3.3270000000,3.3290000000,219.4561560000,731.2307887470,731.2307887470,1,DORA-USDT
2023-03-30 05:00:00,1680123600000,3.3290000000,3.3300000000,3.3200000000,3.3230000000,460.7218350000,1532.2595727620,1532.2595727620,1,DORA-USDT
2023-03-30 06:00:00,1680127200000,3.3230000000,3.3270000000,3.3080000000,3.3110000000,203.3251560000,674.2156135770,674.2156135770,1,DORA-USDT
2023-03-30 07:00:00,1680130800000,3.3120000000,3.3300000000,3.3110000000,3.3190000000,529.0041120000,1758.2896000990,1758.2896000990,1,DORA-USDT
2023-03-30 08:00:00,1680134400000,3.3190000000,3.3260000000,3.2750000000,3.2840000000,1570.3770630000,5189.4578589100,5189.4578589100,1,DORA-USDT
2023-03-30 09:00:00,1680138000000,3.2840000000,3.2930000000,3.2570000000,3.2860000000,1541.0686970000,5047.9380663050,5047.9380663050,1,DORA-USDT
2023-03-30 10:00:00,1680141600000,3.2870000000,3.3480000000,3.2850000000,3.3210000000,1862.4475880000,6190.8141713550,6190.8141713550,1,DORA-USDT
2023-03-30 11:00:00,1680145200000,3.3220000000,3.3240000000,3.2260000000,3.2790000000,4113.6288140000,13450.8098454090,13450.8098454090,1,DORA-USDT
2023-03-30 12:00:00,1680148800000,3.2790000000,3.2860000000,3.2740000000,3.2760000000,366.9747000000,1204.4680436780,1204.4680436780,1,DORA-USDT
2023-03-30 13:00:00,1680152400000,3.2760000000,3.2810000000,3.2610000000,3.2690000000,542.3129900000,1772.1923098400,1772.1923098400,1,DORA-USDT
2023-03-30 14:00:00,1680156000000,3.2700000000,3.2760000000,3.2630000000,3.2740000000,742.6642210000,2428.8174725120,2428.8174725120,1,DORA-USDT
2023-03-30 15:00:00,1680159600000,3.2750000000,3.3180000000,3.2740000000,3.3080000000,2098.1547060000,6930.7938008920,6930.7938008920,1,DORA-USDT
2023-03-30 16:00:00,1680163200000,3.3080000000,3.3200000000,3.3030000000,3.3130000000,814.2291720000,2696.0626104380,2696.0626104380,1,DORA-USDT
2023-03-30 17:00:00,1680166800000,3.3110000000,3.3180000000,3.2890000000,3.2990000000,1207.8001690000,3989.8057618440,3989.8057618440,1,DORA-USDT
2023-03-30 18:00:00,1680170400000,3.2930000000,3.2950000000,3.2780000000,3.2920000000,605.4124160000,1989.3816500410,1989.3816500410,1,DORA-USDT
2023-03-30 19:00:00,1680174000000,3.2930000000,3.3010000000,3.2810000000,3.2990000000,1336.4449110000,4398.8197573860,4398.8197573860,1,DORA-USDT
2023-03-30 20:00:00,1680177600000,3.2990000000,3.3040000000,3.2910000000,3.2950000000,773.5303990000,2549.8099344570,2549.8099344570,1,DORA-USDT
2023-03-30 21:00:00,1680181200000,3.2980000000,3.3080000000,3.2880000000,3.2960000000,785.9876850000,2590.6727293860,2590.6727293860,1,DORA-USDT
2023-03-30 22:00:00,1680184800000,3.2970000000,3.3100000000,3.2900000000,3.3070000000,986.8416670000,3254.8072891570,3254.8072891570,1,DORA-USDT
2023-03-30 23:00:00,1680188400000,3.3080000000,3.3140000000,3.2890000000,3.2990000000,4383.1954520000,14487.6876913350,14487.6876913350,1,DORA-USDT
2023-03-31 00:00:00,1680192000000,3.3010000000,3.3290000000,3.2750000000,3.2990000000,4649.2562810000,15319.3776576960,15319.3776576960,1,DORA-USDT
2023-03-31 01:00:00,1680195600000,3.2990000000,3.3560000000,3.2970000000,3.3400000000,6709.6477970000,22327.2625803690,22327.2625803690,1,DORA-USDT
2023-03-31 02:00:00,1680199200000,3.3420000000,3.3440000000,3.2870000000,3.2890000000,3262.1930250000,10824.3773274370,10824.3773274370,1,DORA-USDT
2023-03-31 03:00:00,1680202800000,3.2860000000,3.2860000000,3.2640000000,3.2830000000,1709.6466820000,5596.5167686950,5596.5167686950,1,DORA-USDT
2023-03-31 04:00:00,1680206400000,3.2830000000,3.3090000000,3.2780000000,3.3080000000,598.0044290000,1971.3891890440,1971.3891890440,1,DORA-USDT
2023-03-31 05:00:00,1680210000000,3.3080000000,3.3090000000,3.3000000000,3.3070000000,475.8742470000,1572.3001560000,1572.3001560000,1,DORA-USDT
2023-03-31 06:00:00,1680213600000,3.3080000000,3.3200000000,3.3000000000,3.3060000000,488.6639120000,1618.2023783930,1618.2023783930,1,DORA-USDT
2023-03-31 07:00:00,1680217200000,3.3060000000,3.3190000000,3.3000000000,3.3120000000,2505.3632370000,8293.3308183210,8293.3308183210,1,DORA-USDT
2023-03-31 08:00:00,1680220800000,3.3060000000,3.3300000000,3.2980000000,3.3230000000,999.6699540000,3313.4971153870,3313.4971153870,1,DORA-USDT
2023-03-31 09:00:00,1680224400000,3.3230000000,3.3370000000,3.3110000000,3.3140000000,1257.8394000000,4180.3708026020,4180.3708026020,1,DORA-USDT
2023-03-31 10:00:00,1680228000000,3.3140000000,3.3160000000,3.3060000000,3.3090000000,632.2528920000,2091.9455949180,2091.9455949180,1,DORA-USDT
2023-03-31 11:00:00,1680231600000,3.3090000000,3.3190000000,3.3090000000,3.3120000000,757.9324220000,2510.6462888990,2510.6462888990,1,DORA-USDT
2023-03-31 12:00:00,1680235200000,3.3120000000,3.3200000000,3.2980000000,3.3110000000,806.4729420000,2667.0793228550,2667.0793228550,1,DORA-USDT
2023-03-31 13:00:00,1680238800000,3.3090000000,3.3200000000,3.2970000000,3.3050000000,763.5193270000,2526.3699576150,2526.3699576150,1,DORA-USDT
2023-03-31 14:00:00,1680242400000,3.3040000000,3.3170000000,3.3040000000,3.3120000000,242.8970120000,804.8927258020,804.8927258020,1,DORA-USDT
2023-03-31 15:00:00,1680246000000,3.3120000000,3.3130000000,3.2690000000,3.2950000000,1265.5456840000,4165.1908726080,4165.1908726080,1,DORA-USDT
2023-03-31 16:00:00,1680249600000,3.2900000000,3.2910000000,3.2750000000,3.2810000000,813.8746060000,2669.2844669610,2669.2844669610,1,DORA-USDT
2023-03-31 17:00:00,1680253200000,3.2830000000,3.2960000000,3.2790000000,3.2920000000,347.3935280000,1142.5841525620,1142.5841525620,1,DORA-USDT
2023-03-31 18:00:00,1680256800000,3.2930000000,3.3010000000,3.2880000000,3.3000000000,641.0642600000,2111.7895387190,2111.7895387190,1,DORA-USDT
2023-03-31 19:00:00,1680260400000,3.3000000000,3.3300000000,3.2980000000,3.3260000000,616.9926590000,2045.5709098620,2045.5709098620,1,DORA-USDT
2023-03-31 20:00:00,1680264000000,3.3270000000,3.3770000000,3.3260000000,3.3640000000,2928.6677360000,9821.3361156820,9821.3361156820,1,DORA-USDT
2023-03-31 21:00:00,1680267600000,3.3640000000,3.3660000000,3.3380000000,3.3450000000,2117.6528970000,7099.0091275240,7099.0091275240,1,DORA-USDT
2023-03-31 22:00:00,1680271200000,3.3490000000,3.3720000000,3.3470000000,3.3610000000,1879.0843850000,6301.9848882410,6301.9848882410,1,DORA-USDT
2023-03-31 23:00:00,1680274800000,3.3630000000,3.3720000000,3.3480000000,3.3570000000,568.6077110000,1909.9117689560,1909.9117689560,1,DORA-USDT
2023-04-01 00:00:00,1680278400000,3.3600000000,3.3650000000,3.3420000000,3.3500000000,656.3747630000,2202.3083229710,2202.3083229710,1,DORA-USDT
2023-04-01 01:00:00,1680282000000,3.3520000000,3.3580000000,3.3300000000,3.3320000000,739.3684660000,2470.1947422810,2470.1947422810,1,DORA-USDT
2023-04-01 02:00:00,1680285600000,3.3360000000,3.3360000000,3.3250000000,3.3250000000,397.9658100000,1324.9434766230,1324.9434766230,1,DORA-USDT
2023-04-01 03:00:00,1680289200000,3.3250000000,3.3370000000,3.3250000000,3.3340000000,831.6859730000,2769.8641862020,2769.8641862020,1,DORA-USDT
2023-04-01 04:00:00,1680292800000,3.3320000000,3.3440000000,3.3300000000,3.3340000000,1419.6903950000,4736.4557892550,4736.4557892550,1,DORA-USDT
2023-04-01 05:00:00,1680296400000,3.3350000000,3.3480000000,3.3350000000,3.3420000000,285.7458760000,954.6846403950,954.6846403950,1,DORA-USDT
2023-04-01 06:00:00,1680300000000,3.3420000000,3.3540000000,3.3400000000,3.3490000000,420.5925460000,1407.6567248180,1407.6567248180,1,DORA-USDT
2023-04-01 07:00:00,1680303600000,3.3480000000,3.3600000000,3.3470000000,3.3580000000,1111.0186740000,3726.9188802370,3726.9188802370,1,DORA-USDT
2023-04-01 08:00:00,1680307200000,3.3530000000,3.3690000000,3.3530000000,3.3590000000,1418.8289510000,4771.5397498570,4771.5397498570,1,DORA-USDT
2023-04-01 09:00:00,1680310800000,3.3580000000,3.3700000000,3.3560000000,3.3700000000,538.9432700000,1811.3114986890,1811.3114986890,1,DORA-USDT
2023-04-01 10:00:00,1680314400000,3.3700000000,3.3880000000,3.3480000000,3.3570000000,2018.7232820000,6802.6621181050,6802.6621181050,1,DORA-USDT
2023-04-01 11:00:00,1680318000000,3.3570000000,3.3580000000,3.3450000000,3.3470000000,329.9555350000,1106.0762763630,1106.0762763630,1,DORA-USDT
2023-04-01 12:00:00,1680321600000,3.3460000000,3.3550000000,3.3430000000,3.3430000000,1771.4447410000,5930.1377653880,5930.1377653880,1,DORA-USDT
2023-04-01 13:00:00,1680325200000,3.3420000000,3.3420000000,3.3150000000,3.3190000000,2112.8376370000,7024.4831202900,7024.4831202900,1,DORA-USDT
2023-04-01 14:00:00,1680328800000,3.3230000000,3.3230000000,3.2860000000,3.3040000000,1762.7243880000,5819.2522904610,5819.2522904610,1,DORA-USDT
2023-04-01 15:00:00,1680332400000,3.3100000000,3.3280000000,3.3080000000,3.3280000000,643.6163970000,2134.0460255200,2134.0460255200,1,DORA-USDT
2023-04-01 16:00:00,1680336000000,3.3230000000,3.3230000000,3.2880000000,3.2960000000,2110.2711230000,6972.6648291700,6972.6648291700,1,DORA-USDT
2023-04-01 17:00:00,1680339600000,3.2960000000,3.3330000000,3.2940000000,3.3230000000,3312.4302920000,10986.3322552880,10986.3322552880,1,DORA-USDT
2023-04-01 18:00:00,1680343200000,3.3230000000,3.3280000000,3.3210000000,3.3280000000,172.6001910000,573.6825220430,573.6825220430,1,DORA-USDT
2023-04-01 19:00:00,1680346800000,3.3270000000,3.3270000000,3.3120000000,3.3140000000,378.3301720000,1256.6542636190,1256.6542636190,1,DORA-USDT
2023-04-01 20:00:00,1680350400000,3.3140000000,3.3240000000,3.3120000000,3.3240000000,548.7352560000,1821.6713664390,1821.6713664390,1,DORA-USDT
2023-04-01 21:00:00,1680354000000,3.3240000000,3.3240000000,3.3140000000,3.3180000000,1842.6403360000,6116.0774297560,6116.0774297560,1,DORA-USDT
2023-04-01 22:00:00,1680357600000,3.3200000000,3.3200000000,3.2920000000,3.3040000000,949.0076330000,3136.6312990170,3136.6312990170,1,DORA-USDT
2023-04-01 23:00:00,1680361200000,3.3050000000,3.3160000000,3.3040000000,3.3160000000,222.5511670000,737.2622137480,737.2622137480,1,DORA-USDT
2023-04-02 00:00:00,1680364800000,3.3160000000,3.3270000000,3.2910000000,3.3020000000,1129.5650710000,3738.5122213290,3738.5122213290,1,DORA-USDT
2023-04-02 01:00:00,1680368400000,3.3000000000,3.3080000000,3.3000000000,3.3050000000,323.4402580000,1068.5643907770,1068.5643907770,1,DORA-USDT
2023-04-02 02:00:00,1680372000000,3.3050000000,3.3090000000,3.3020000000,3.3090000000,245.8195860000,812.4528763440,812.4528763440,1,DORA-USDT
2023-04-02 03:00:00,1680375600000,3.3080000000,3.3080000000,3.2810000000,3.2820000000,4032.8290520000,13297.4927240170,13297.4927240170,1,DORA-USDT
2023-04-02 04:00:00,1680379200000,3.2880000000,3.3030000000,3.2880000000,3.2920000000,481.3795580000,1586.2452672670,1586.2452672670,1,DORA-USDT
2023-04-02 05:00:00,1680382800000,3.2920000000,3.3010000000,3.2920000000,3.3000000000,217.8204240000,718.5484330310,718.5484330310,1,DORA-USDT
2023-04-02 06:00:00,1680386400000,3.3000000000,3.3040000000,3.3000000000,3.3030000000,404.7925780000,1336.9174001620,1336.9174001620,1,DORA-USDT
2023-04-02 07:00:00,1680390000000,3.3000000000,3.3110000000,3.2990000000,3.3010000000,410.9249780000,1357.9227112830,1357.9227112830,1,DORA-USDT
2023-04-02 08:00:00,1680393600000,3.3010000000,3.3130000000,3.2870000000,3.2910000000,1143.3762010000,3771.8291144630,3771.8291144630,1,DORA-USDT
2023-04-02 09:00:00,1680397200000,3.2880000000,3.2950000000,3.2870000000,3.2880000000,368.8439770000,1213.8084426280,1213.8084426280,1,DORA-USDT
2023-04-02 10:00:00,1680400800000,3.2880000000,3.2930000000,3.2850000000,3.2920000000,283.6815700000,933.5798098250,933.5798098250,1,DORA-USDT
2023-04-02 11:00:00,1680404400000,3.2860000000,3.2970000000,3.2850000000,3.2880000000,1467.6299640000,4826.5365115900,4826.5365115900,1,DORA-USDT
2023-04-02 12:00:00,1680408000000,3.2910000000,3.2930000000,3.2800000000,3.2800000000,914.0972860000,3005.6850690910,3005.6850690910,1,DORA-USDT
2023-04-02 13:00:00,1680411600000,3.2810000000,3.2850000000,3.2790000000,3.2850000000,306.4126090000,1005.2017350560,1005.2017350560,1,DORA-USDT
2023-04-02 14:00:00,1680415200000,3.2840000000,3.2940000000,3.2840000000,3.2890000000,313.4193130000,1030.3036887940,1030.3036887940,1,DORA-USDT
2023-04-02 15:00:00,1680418800000,3.2880000000,3.2970000000,3.2860000000,3.2960000000,314.4838130000,1035.8898350630,1035.8898350630,1,DORA-USDT
2023-04-02 16:00:00,1680422400000,3.2960000000,3.3040000000,3.2930000000,3.3040000000,328.4652990000,1084.0219748160,1084.0219748160,1,DORA-USDT
2023-04-02 17:00:00,1680426000000,3.3040000000,3.3150000000,3.3040000000,3.3120000000,419.2018660000,1387.9813493960,1387.9813493960,1,DORA-USDT
2023-04-02 18:00:00,1680429600000,3.3120000000,3.3140000000,3.3100000000,3.3110000000,320.0342290000,1060.2166617290,1060.2166617290,1,DORA-USDT
2023-04-02 19:00:00,1680433200000,3.3120000000,3.3130000000,3.3070000000,3.3070000000,212.5039440000,703.4497206530,703.4497206530,1,DORA-USDT
2023-04-02 20:00:00,1680436800000,3.3070000000,3.3170000000,3.2970000000,3.3120000000,2126.4467320000,7038.2448408310,7038.2448408310,1,DORA-USDT
2023-04-02 21:00:00,1680440400000,3.3120000000,3.3160000000,3.3030000000,3.3160000000,744.7519560000,2465.0272903940,2465.0272903940,1,DORA-USDT
2023-04-02 22:00:00,1680444000000,3.3110000000,3.3210000000,3.3070000000,3.3110000000,560.4357750000,1857.7156751100,1857.7156751100,1,DORA-USDT
2023-04-02 23:00:00,1680447600000,3.3110000000,3.3110000000,3.2400000000,3.2810000000,3412.4918550000,11157.8414005650,11157.8414005650,1,DORA-USDT
2023-04-03 00:00:00,1680451200000,3.2790000000,3.2890000000,3.2690000000,3.2830000000,888.7267420000,2912.8873011420,2912.8873011420,1,DORA-USDT
2023-04-03 01:00:00,1680454800000,3.2810000000,3.2930000000,3.2810000000,3.2910000000,261.1294800000,858.8878936290,858.8878936290,1,DORA-USDT
2023-04-03 02:00:00,1680458400000,3.2910000000,3.2910000000,3.2810000000,3.2810000000,214.0137490000,703.3028388220,703.3028388220,1,DORA-USDT
2023-04-03 03:00:00,1680462000000,3.2820000000,3.2830000000,3.2410000000,3.2510000000,1035.6438430000,3377.3930970270,3377.3930970270,1,DORA-USDT
2023-04-03 04:00:00,1680465600000,3.2440000000,3.2440000000,3.2230000000,3.2420000000,1990.2955460000,6432.5950345540,6432.5950345540,1,DORA-USDT
2023-04-03 05:00:00,1680469200000,3.2420000000,3.2460000000,3.2400000000,3.2400000000,258.8281390000,839.6263551980,839.6263551980,1,DORA-USDT
2023-04-03 06:00:00,1680472800000,3.2400000000,3.2440000000,3.2200000000,3.2430000000,544.5616010000,1758.2925220720,1758.2925220720,1,DORA-USDT
2023-04-03 07:00:00,1680476400000,3.2430000000,3.2490000000,3.2430000000,3.2480000000,358.8633450000,1165.2995811550,1165.2995811550,1,DORA-USDT
2023-04-03 08:00:00,1680480000000,3.2480000000,3.2500000000,3.2250000000,3.2370000000,906.4341050000,2936.3473624590,2936.3473624590,1,DORA-USDT
2023-04-03 09:00:00,1680483600000,3.2390000000,3.2490000000,3.1580000000,3.1760000000,8023.5426520000,25556.6068794240,25556.6068794240,1,DORA-USDT
2023-04-03 10:00:00,1680487200000,3.1770000000,3.2340000000,3.1710000000,3.2050000000,5117.4118100000,16385.7070764300,16385.7070764300,1,DORA-USDT
2023-04-03 11:00:00,1680490800000,3.2070000000,3.2100000000,3.1900000000,3.2030000000,981.1340810000,3138.6445391480,3138.6445391480,1,DORA-USDT
2023-04-03 12:00:00,1680494400000,3.2030000000,3.2120000000,3.1930000000,3.2120000000,690.7646230000,2212.0514922340,2212.0514922340,1,DORA-USDT
2023-04-03 13:00:00,1680498000000,3.2110000000,3.2170000000,3.2060000000,3.2140000000,409.7264990000,1316.2174945350,1316.2174945350,1,DORA-USDT
2023-04-03 14:00:00,1680501600000,3.2170000000,3.2540000000,3.2130000000,3.2460000000,2641.7394120000,8550.1694234580,8550.1694234580,1,DORA-USDT
2023-04-03 15:00:00,1680505200000,3.2470000000,3.2510000000,3.2420000000,3.2440000000,507.7191420000,1648.7685951470,1648.7685951470,1,DORA-USDT
2023-04-03 16:00:00,1680508800000,3.2500000000,3.2720000000,3.2500000000,3.2560000000,1893.4524590000,6173.0469957440,6173.0469957440,1,DORA-USDT
2023-04-03 17:00:00,1680512400000,3.2560000000,3.2620000000,3.2520000000,3.2520000000,504.9236530000,1644.4234581120,1644.4234581120,1,DORA-USDT
2023-04-03 18:00:00,1680516000000,3.2520000000,3.2530000000,3.2350000000,3.2420000000,1725.0404960000,5594.2951696270,5594.2951696270,1,DORA-USDT
2023-04-03 19:00:00,1680519600000,3.2380000000,3.2400000000,3.2300000000,3.2380000000,658.2371660000,2130.2333583130,2130.2333583130,1,DORA-USDT
2023-04-03 20:00:00,1680523200000,3.2360000000,3.2380000000,3.2140000000,3.2230000000,796.4087710000,2567.8838318450,2567.8838318450,1,DORA-USDT
2023-04-03 21:00:00,1680526800000,3.2240000000,3.2570000000,3.2200000000,3.2260000000,1057.6068370000,3420.8457191340,3420.8457191340,1,DORA-USDT
2023-04-03 22:00:00,1680530400000,3.2350000000,3.2390000000,3.2050000000,3.2100000000,1554.3204460000,5012.4595012720,5012.4595012720,1,DORA-USDT
2023-04-03 23:00:00,1680534000000,3.2040000000,3.2260000000,3.2030000000,3.2240000000,1054.6586670000,3392.7066340900,3392.7066340900,1,DORA-USDT
2023-04-04 00:00:00,1680537600000,3.2230000000,3.2370000000,3.2220000000,3.2290000000,881.4739610000,2845.2596592190,2845.2596592190,1,DORA-USDT
2023-04-04 01:00:00,1680541200000,3.2270000000,3.2520000000,3.2210000000,3.2310000000,1398.7709230000,4529.0960401810,4529.0960401810,1,DORA-USDT
2023-04-04 02:00:00,1680544800000,3.2350000000,3.2690000000,3.2240000000,3.2530000000,3221.5478880000,10484.8762787980,10484.8762787980,1,DORA-USDT
2023-04-04 03:00:00,1680548400000,3.2560000000,3.2690000000,3.2230000000,3.2350000000,1522.2097090000,4935.4689426960,4935.4689426960,1,DORA-USDT
2023-04-04 04:00:00,1680552000000,3.2320000000,3.2320000000,3.1240000000,3.1680000000,14979.0326070000,47351.8297094100,47351.8297094100,1,DORA-USDT
2023-04-04 05:00:00,1680555600000,3.1600000000,3.1860000000,3.1240000000,3.1800000000,2089.6153850000,6577.7897547570,6577.7897547570,1,DORA-USDT
2023-04-04 06:00:00,1680559200000,3.1800000000,3.2020000000,3.1800000000,3.1900000000,1163.5178510000,3714.0062517230,3714.0062517230,1,DORA-USDT
2023-04-04 07:00:00,1680562800000,3.1900000000,3.2050000000,3.1820000000,3.1830000000,1174.1831340000,3748.8006648580,3748.8006648580,1,DORA-USDT
2023-04-04 08:00:00,1680566400000,3.1870000000,3.2020000000,3.1680000000,3.1840000000,1121.1324000000,3572.4578457490,3572.4578457490,1,DORA-USDT
2023-04-04 09:00:00,1680570000000,3.1850000000,3.2160000000,3.1830000000,3.1980000000,2300.2172910000,7368.4395954180,7368.4395954180,1,DORA-USDT
2023-04-04 10:00:00,1680573600000,3.1990000000,3.2220000000,3.1980000000,3.2130000000,773.2394840000,2482.7967941790,2482.7967941790,1,DORA-USDT
2023-04-04 11:00:00,1680577200000,3.2130000000,3.2130000000,3.2050000000,3.2050000000,330.1943660000,1059.4456660110,1059.4456660110,1,DORA-USDT
2023-04-04 12:00:00,1680580800000,3.2070000000,3.2070000000,3.1830000000,3.1850000000,1073.1820290000,3424.2145902410,3424.2145902410,1,DORA-USDT
2023-04-04 13:00:00,1680584400000,3.1860000000,3.1960000000,3.1840000000,3.1950000000,523.9143090000,1672.6733737130,1672.6733737130,1,DORA-USDT
2023-04-04 14:00:00,1680588000000,3.1950000000,3.2150000000,3.1940000000,3.2080000000,1143.6436120000,3667.0668011420,3667.0668011420,1,DORA-USDT
2023-04-04 15:00:00,1680591600000,3.2100000000,3.2120000000,3.1930000000,3.1960000000,744.1071450000,2381.8361539780,2381.8361539780,1,DORA-USDT
2023-04-04 16:00:00,1680595200000,3.1950000000,3.2100000000,3.1890000000,3.2100000000,580.0708800000,1856.4200450860,1856.4200450860,1,DORA-USDT
2023-04-04 17:00:00,1680598800000,3.2100000000,3.2190000000,3.2070000000,3.2160000000,616.6069160000,1980.3553467050,1980.3553467050,1,DORA-USDT
2023-04-04 18:00:00,1680602400000,3.2150000000,3.2230000000,3.2140000000,3.2160000000,680.3153050000,2189.0438816400,2189.0438816400,1,DORA-USDT
2023-04-04 19:00:00,1680606000000,3.2150000000,3.2520000000,3.2080000000,3.2450000000,2618.3952120000,8463.2636862540,8463.2636862540,1,DORA-USDT
2023-04-04 20:00:00,1680609600000,3.2520000000,3.2610000000,3.2360000000,3.2450000000,1940.0912510000,6303.5794831810,6303.5794831810,1,DORA-USDT
2023-04-04 21:00:00,1680613200000,3.2430000000,3.2690000000,3.2210000000,3.2270000000,2255.7912140000,7326.4830492960,7326.4830492960,1,DORA-USDT
2023-04-04 22:00:00,1680616800000,3.2280000000,3.2450000000,3.2170000000,3.2310000000,1262.4465900000,4079.2129900800,4079.2129900800,1,DORA-USDT
2023-04-04 23:00:00,1680620400000,3.2320000000,3.2350000000,3.2130000000,3.2290000000,1475.9714100000,4753.7639045810,4753.7639045810,1,DORA-USDT
2023-04-05 00:00:00,1680624000000,3.2270000000,3.2440000000,3.2220000000,3.2420000000,671.4757920000,2172.1897704720,2172.1897704720,1,DORA-USDT
2023-04-05 01:00:00,1680627600000,3.2420000000,3.2490000000,3.2370000000,3.2420000000,683.2609790000,2215.5160297720,2215.5160297720,1,DORA-USDT
2023-04-05 02:00:00,1680631200000,3.2410000000,3.2430000000,3.2210000000,3.2210000000,1043.3127080000,3372.6059934970,3372.6059934970,1,DORA-USDT
2023-04-05 03:00:00,1680634800000,3.2220000000,3.2360000000,3.2160000000,3.2340000000,2369.7784770000,7634.8240310700,7634.8240310700,1,DORA-USDT
2023-04-05 04:00:00,1680638400000,3.2350000000,3.2710000000,3.2340000000,3.2550000000,2354.5704640000,7664.7501822250,7664.7501822250,1,DORA-USDT
2023-04-05 05:00:00,1680642000000,3.2550000000,3.2560000000,3.1900000000,3.2050000000,5464.5232190000,17583.6989416460,17583.6989416460,1,DORA-USDT
2023-04-05 06:00:00,1680645600000,3.2080000000,3.2180000000,3.1930000000,3.2030000000,778.7442120000,2496.7307329750,2496.7307329750,1,DORA-USDT
2023-04-05 07:00:00,1680649200000,3.2040000000,3.2180000000,3.1910000000,3.2160000000,3019.1246690000,9667.0393250850,9667.0393250850,1,DORA-USDT
2023-04-05 08:00:00,1680652800000,3.2140000000,3.2370000000,3.1900000000,3.2330000000,2970.5541800000,9559.3528423210,9559.3528423210,1,DORA-USDT
2023-04-05 09:00:00,1680656400000,3.2350000000,3.2420000000,3.2210000000,3.2350000000,4671.1034410000,15101.9449151150,15101.9449151150,1,DORA-USDT
2023-04-05 10:00:00,1680660000000,3.2350000000,3.3130000000,3.2340000000,3.2770000000,12410.6592290000,40673.6534050250,40673.6534050250,1,DORA-USDT
2023-04-05 11:00:00,1680663600000,3.2790000000,3.2910000000,3.2740000000,3.2840000000,1374.1303630000,4513.2833992680,4513.2833992680,1,DORA-USDT
2023-04-05 12:00:00,1680667200000,3.2850000000,3.2870000000,3.2810000000,3.2860000000,245.7059710000,806.8935109390,806.8935109390,1,DORA-USDT
2023-04-05 13:00:00,1680670800000,3.2860000000,3.2860000000,3.2640000000,3.2680000000,3068.5335870000,10042.4213367690,10042.4213367690,1,DORA-USDT
2023-04-05 14:00:00,1680674400000,3.2740000000,3.2780000000,3.2610000000,3.2640000000,790.5803130000,2585.7057571060,2585.7057571060,1,DORA-USDT
2023-04-05 15:00:00,1680678000000,3.2630000000,3.2820000000,3.2630000000,3.2820000000,1983.8120650000,6492.7312854800,6492.7312854800,1,DORA-USDT
2023-04-05 16:00:00,1680681600000,3.2800000000,3.2990000000,3.2700000000,3.2990000000,2021.9232250000,6635.9600487500,6635.9600487500,1,DORA-USDT
2023-04-05 17:00:00,1680685200000,3.2950000000,3.2980000000,3.2760000000,3.2800000000,1643.0835920000,5399.2019447850,5399.2019447850,1,DORA-USDT
2023-04-05 18:00:00,1680688800000,3.2800000000,3.2840000000,3.2780000000,3.2830000000,228.3010240000,748.9811361840,748.9811361840,1,DORA-USDT
2023-04-05 19:00:00,1680692400000,3.2840000000,3.3000000000,3.2820000000,3.2930000000,455.7476150000,1499.5321644560,1499.5321644560,1,DORA-USDT
2023-04-05 20:00:00,1680696000000,3.2940000000,3.3020000000,3.2560000000,3.2930000000,8354.7779870000,27447.2995123840,27447.2995123840,1,DORA-USDT
2023-04-05 21:00:00,1680699600000,3.2880000000,3.2910000000,3.2640000000,3.2700000000,533.5613000000,1747.3400637680,1747.3400637680,1,DORA-USDT
2023-04-05 22:00:00,1680703200000,3.2710000000,3.2800000000,3.2500000000,3.2650000000,3534.9163230000,11531.7218464510,11531.7218464510,1,DORA-USDT
2023-04-05 23:00:00,1680706800000,3.2620000000,3.2750000000,3.2410000000,3.2620000000,2213.3090200000,7224.7150425880,7224.7150425880,1,DORA-USDT
2023-04-06 00:00:00,1680710400000,3.2670000000,3.2670000000,3.2280000000,3.2330000000,868.5240460000,2812.8893073430,2812.8893073430,1,DORA-USDT
2023-04-06 01:00:00,1680714000000,3.2330000000,3.2420000000,3.2330000000,3.2370000000,679.7868360000,2201.6635351870,2201.6635351870,1,DORA-USDT
2023-04-06 02:00:00,1680717600000,3.2370000000,3.2410000000,3.2140000000,3.2230000000,2476.1822860000,7984.6062220710,7984.6062220710,1,DORA-USDT
2023-04-06 03:00:00,1680721200000,3.2260000000,3.2500000000,3.2200000000,3.2450000000,1811.3003420000,5850.8471341190,5850.8471341190,1,DORA-USDT
2023-04-06 04:00:00,1680724800000,3.2470000000,3.2560000000,3.2430000000,3.2530000000,708.7529390000,2304.9761448650,2304.9761448650,1,DORA-USDT
2023-04-06 05:00:00,1680728400000,3.2520000000,3.2560000000,3.2490000000,3.2530000000,350.8497540000,1141.1593498040,1141.1593498040,1,DORA-USDT
2023-04-06 06:00:00,1680732000000,3.2520000000,3.2630000000,3.2480000000,3.2550000000,989.8330330000,3223.1378083740,3223.1378083740,1,DORA-USDT
2023-04-06 07:00:00,1680735600000,3.2550000000,3.2670000000,3.2510000000,3.2570000000,3531.2581150000,11510.6214918060,11510.6214918060,1,DORA-USDT
2023-04-06 08:00:00,1680739200000,3.2550000000,3.2570000000,3.2350000000,3.2470000000,2127.4212110000,6907.4030174850,6907.4030174850,1,DORA-USDT
2023-04-06 09:00:00,1680742800000,3.2460000000,3.2500000000,3.2270000000,3.2350000000,588.0609280000,1903.6047440360,1903.6047440360,1,DORA-USDT
2023-04-06 10:00:00,1680746400000,3.2350000000,3.2410000000,3.2280000000,3.2370000000,730.0478480000,2361.5754112150,2361.5754112150,1,DORA-USDT
2023-04-06 11:00:00,1680750000000,3.2390000000,3.2660000000,3.2380000000,3.2660000000,4488.0084310000,14583.2133578650,14583.2133578650,1,DORA-USDT
2023-04-06 12:00:00,1680753600000,3.2650000000,3.2670000000,3.2620000000,3.2620000000,289.0341650000,943.7737047470,943.7737047470,1,DORA-USDT
2023-04-06 13:00:00,1680757200000,3.2620000000,3.2620000000,3.2500000000,3.2550000000,438.7932020000,1428.5897187000,1428.5897187000,1,DORA-USDT
2023-04-06 14:00:00,1680760800000,3.2560000000,3.2640000000,3.2420000000,3.2550000000,867.6462630000,2823.1253181760,2823.1253181760,1,DORA-USDT
2023-04-06 15:00:00,1680764400000,3.2530000000,3.2660000000,3.2530000000,3.2580000000,720.2404360000,2346.7167283880,2346.7167283880,1,DORA-USDT
2023-04-06 16:00:00,1680768000000,3.2580000000,3.2780000000,3.2530000000,3.2750000000,2872.5102260000,9379.0540607680,9379.0540607680,1,DORA-USDT
2023-04-06 17:00:00,1680771600000,3.2740000000,3.2750000000,3.2550000000,3.2550000000,487.0649430000,1590.3813676950,1590.3813676950,1,DORA-USDT
2023-04-06 18:00:00,1680775200000,3.2540000000,3.2540000000,3.2170000000,3.2240000000,6672.8904590000,21565.5526029120,21565.5526029120,1,DORA-USDT
2023-04-06 19:00:00,1680778800000,3.2230000000,3.2560000000,3.2230000000,3.2520000000,2336.9651770000,7575.5164798890,7575.5164798890,1,DORA-USDT
2023-04-06 20:00:00,1680782400000,3.2520000000,3.2760000000,3.2510000000,3.2640000000,2147.7286760000,7011.5132777320,7011.5132777320,1,DORA-USDT
2023-04-06 21:00:00,1680786000000,3.2640000000,3.2640000000,3.2420000000,3.2520000000,3360.0005130000,10930.5926737370,10930.5926737370,1,DORA-USDT
2023-04-06 22:00:00,1680789600000,3.2530000000,3.2670000000,3.2470000000,3.2490000000,1460.3072650000,4754.7507558290,4754.7507558290,1,DORA-USDT
2023-04-06 23:00:00,1680793200000,3.2470000000,3.2660000000,3.2470000000,3.2590000000,1811.0837510000,5907.1937930340,5907.1937930340,1,DORA-USDT
2023-04-07 00:00:00,1680796800000,3.2630000000,3.2720000000,3.2520000000,3.2520000000,1273.7525760000,4150.4375710200,4150.4375710200,1,DORA-USDT
2023-04-07 01:00:00,1680800400000,3.2520000000,3.2620000000,3.2430000000,3.2460000000,1375.8199390000,4472.0481852640,4472.0481852640,1,DORA-USDT
2023-04-07 02:00:00,1680804000000,3.2440000000,3.2590000000,3.2360000000,3.2360000000,452.4718620000,1469.1095887180,1469.1095887180,1,DORA-USDT
2023-04-07 03:00:00,1680807600000,3.2360000000,3.2450000000,3.2330000000,3.2440000000,2306.2258820000,7473.1305591240,7473.1305591240,1,DORA-USDT
2023-04-07 04:00:00,1680811200000,3.2420000000,3.2460000000,3.2270000000,3.2270000000,1325.5207160000,4285.4637618870,4285.4637618870,1,DORA-USDT
2023-04-07 05:00:00,1680814800000,3.2270000000,3.2350000000,3.2250000000,3.2320000000,390.5399820000,1262.0502430100,1262.0502430100,1,DORA-USDT
2023-04-07 06:00:00,1680818400000,3.2330000000,3.2380000000,3.2320000000,3.2360000000,247.1945620000,799.7028136000,799.7028136000,1,DORA-USDT
2023-04-07 07:00:00,1680822000000,3.2330000000,3.2380000000,3.2310000000,3.2360000000,250.2990890000,809.2626378500,809.2626378500,1,DORA-USDT
2023-04-07 08:00:00,1680825600000,3.2370000000,3.2500000000,3.2320000000,3.2500000000,1759.9789450000,5704.9511019690,5704.9511019690,1,DORA-USDT
2023-04-07 09:00:00,1680829200000,3.2500000000,3.2510000000,3.2450000000,3.2500000000,216.0815790000,701.9628132710,701.9628132710,1,DORA-USDT
2023-04-07 10:00:00,1680832800000,3.2490000000,3.2490000000,3.2220000000,3.2270000000,2348.0249600000,7587.1314793100,7587.1314793100,1,DORA-USDT
2023-04-07 11:00:00,1680836400000,3.2260000000,3.2310000000,3.2260000000,3.2300000000,243.0070030000,784.7174218750,784.7174218750,1,DORA-USDT
2023-04-07 12:00:00,1680840000000,3.2320000000,3.2410000000,3.2320000000,3.2330000000,1666.8701800000,5390.2836045600,5390.2836045600,1,DORA-USDT
2023-04-07 13:00:00,1680843600000,3.2350000000,3.2370000000,3.2180000000,3.2240000000,2636.5922790000,8509.1344110410,8509.1344110410,1,DORA-USDT
2023-04-07 14:00:00,1680847200000,3.2230000000,3.2310000000,3.2180000000,3.2240000000,1051.9733270000,3393.5821316990,3393.5821316990,1,DORA-USDT
2023-04-07 15:00:00,1680850800000,3.2260000000,3.2310000000,3.2040000000,3.2140000000,5665.0368420000,18225.1797512480,18225.1797512480,1,DORA-USDT
2023-04-07 16:00:00,1680854400000,3.2170000000,3.2360000000,3.2120000000,3.2310000000,874.9000110000,2821.9387202950,2821.9387202950,1,DORA-USDT
2023-04-07 17:00:00,1680858000000,3.2290000000,3.2440000000,3.2280000000,3.2420000000,984.4987710000,3189.7677087710,3189.7677087710,1,DORA-USDT
2023-04-07 18:00:00,1680861600000,3.2430000000,3.2450000000,3.2410000000,3.2440000000,513.4576100000,1665.1496679240,1665.1496679240,1,DORA-USDT
2023-04-07 19:00:00,1680865200000,3.2440000000,3.2440000000,3.2360000000,3.2360000000,362.7352030000,1174.9280534000,1174.9280534000,1,DORA-USDT
2023-04-07 20:00:00,1680868800000,3.2390000000,3.2440000000,3.2180000000,3.2410000000,2075.6631700000,6713.7666264710,6713.7666264710,1,DORA-USDT
2023-04-07 21:00:00,1680872400000,3.2390000000,3.2440000000,3.2350000000,3.2420000000,381.0729950000,1234.8547307100,1234.8547307100,1,DORA-USDT
2023-04-07 22:00:00,1680876000000,3.2420000000,3.2480000000,3.2420000000,3.2470000000,502.8343380000,1631.5598228020,1631.5598228020,1,DORA-USDT
2023-04-07 23:00:00,1680879600000,3.2470000000,3.2590000000,3.2440000000,3.2590000000,1189.1043850000,3865.4745900860,3865.4745900860,1,DORA-USDT
2023-04-08 00:00:00,1680883200000,3.2590000000,3.2600000000,3.2450000000,3.2450000000,1443.0756070000,4695.6984215370,4695.6984215370,1,DORA-USDT
2023-04-08 01:00:00,1680886800000,3.2460000000,3.2460000000,3.2070000000,3.2170000000,4167.1744140000,13435.0889435810,13435.0889435810,1,DORA-USDT
2023-04-08 02:00:00,1680890400000,3.2170000000,3.2190000000,3.2100000000,3.2120000000,565.4473870000,1817.8487522770,1817.8487522770,1,DORA-USDT
2023-04-08 03:00:00,1680894000000,3.2100000000,3.2100000000,3.2050000000,3.2080000000,699.0436940000,2241.6304024900,2241.6304024900,1,DORA-USDT
2023-04-08 04:00:00,1680897600000,3.2080000000,3.2100000000,3.1980000000,3.1980000000,152.4128170000,488.1186046210,488.1186046210,1,DORA-USDT
2023-04-08 05:00:00,1680901200000,3.1990000000,3.2020000000,3.1950000000,3.1960000000,554.1062480000,1772.3172386160,1772.3172386160,1,DORA-USDT
2023-04-08 06:00:00,1680904800000,3.1960000000,3.2130000000,3.1960000000,3.2040000000,913.3669030000,2926.8470893050,2926.8470893050,1,DORA-USDT
2023-04-08 07:00:00,1680908400000,3.2060000000,3.2060000000,3.1940000000,3.2060000000,668.1692970000,2139.0025693480,2139.0025693480,1,DORA-USDT
2023-04-08 08:00:00,1680912000000,3.2060000000,3.2060000000,3.1840000000,3.1880000000,1242.1185600000,3964.7421402450,3964.7421402450,1,DORA-USDT
2023-04-08 09:00:00,1680915600000,3.1860000000,3.1890000000,3.1850000000,3.1880000000,77.0277360000,245.4813713230,245.4813713230,1,DORA-USDT
2023-04-08 10:00:00,1680919200000,3.1880000000,3.1980000000,3.1870000000,3.1970000000,298.1756440000,951.9201961830,951.9201961830,1,DORA-USDT
2023-04-08 11:00:00,1680922800000,3.1970000000,3.2070000000,3.1940000000,3.2040000000,1471.8101180000,4708.7166516450,4708.7166516450,1,DORA-USDT
2023-04-08 12:00:00,1680926400000,3.2030000000,3.2060000000,3.1980000000,3.1980000000,300.3296670000,961.6278212350,961.6278212350,1,DORA-USDT
2023-04-08 13:00:00,1680930000000,3.1980000000,3.2190000000,3.1980000000,3.2180000000,681.1030390000,2186.3441419560,2186.3441419560,1,DORA-USDT
2023-04-08 14:00:00,1680933600000,3.2180000000,3.2190000000,3.2080000000,3.2090000000,244.9018840000,786.6143708030,786.6143708030,1,DORA-USDT
2023-04-08 15:00:00,1680937200000,3.2080000000,3.2110000000,3.2070000000,3.2070000000,119.7620100000,384.2601808060,384.2601808060,1,DORA-USDT
2023-04-08 16:00:00,1680940800000,3.2080000000,3.2150000000,3.2040000000,3.2040000000,577.6876170000,1854.4058771170,1854.4058771170,1,DORA-USDT
2023-04-08 17:00:00,1680944400000,3.2040000000,3.2080000000,3.2020000000,3.2070000000,137.0847860000,439.2721941940,439.2721941940,1,DORA-USDT
2023-04-08 18:00:00,1680948000000,3.2050000000,3.2050000000,3.2010000000,3.2010000000,123.3206930000,394.8452802440,394.8452802440,1,DORA-USDT
