Datetime,Timestamp,Open,High,Low,Close,VolumeNum,VolumeCurrency,VolumeQuote,KlineConfirm,Symbol
2020-08-14 13:00:00,1597381200000,2.0000000000,2.1350000000,1.2000000000,2.1048400000,313286.4807000000,629302.2263616490,629302.2263616490,1,SRM-USDT
2020-08-14 14:00:00,1597384800000,2.1048800000,2.1289900000,2.0837600000,2.1173300000,6351.9216000000,13368.9503360750,13368.9503360750,1,SRM-USDT
2020-08-14 15:00:00,1597388400000,2.1173300000,2.1298300000,2.0500000000,2.0500000000,17719.0659000000,37484.3331571280,37484.3331571280,1,SRM-USDT
2020-08-14 16:00:00,1597392000000,2.0500000000,2.1089800000,2.0377300000,2.0915800000,3156.1588000000,6534.4159221900,6534.4159221900,1,SRM-USDT
2020-08-14 17:00:00,1597395600000,2.0901300000,2.0990000000,2.0536800000,2.0609800000,35935.0144000000,74163.5266810610,74163.5266810610,1,SRM-USDT
2020-08-14 18:00:00,1597399200000,2.0647400000,2.0665200000,2.0533300000,2.0591300000,21088.0341000000,43452.6756936240,43452.6756936240,1,SRM-USDT
2020-08-14 19:00:00,1597402800000,2.0608000000,2.0646500000,2.0388400000,2.0388400000,15786.2898000000,32438.2621490700,32438.2621490700,1,SRM-USDT
2020-08-14 20:00:00,1597406400000,2.0388400000,2.0652100000,2.0222400000,2.0408100000,3015.8191000000,6154.1018476590,6154.1018476590,1,SRM-USDT
2020-08-14 21:00:00,1597410000000,2.0204000000,2.0204000000,1.9800000000,1.9882600000,15316.9522000000,30512.4116265890,30512.4116265890,1,SRM-USDT
2020-08-14 22:00:00,1597413600000,1.9853400000,1.9853400000,1.9312200000,1.9330000000,4755.2780000000,9317.1711296290,9317.1711296290,1,SRM-USDT
2020-08-14 23:00:00,1597417200000,1.9285400000,1.9517400000,1.9176500000,1.9439300000,1869.0540000000,3610.6546077070,3610.6546077070,1,SRM-USDT
2020-08-15 00:00:00,1597420800000,1.9442400000,1.9515200000,1.8462500000,1.8481000000,7235.9567000000,13736.0263265540,13736.0263265540,1,SRM-USDT
2020-08-15 01:00:00,1597424400000,1.8444300000,1.8449800000,1.8149700000,1.8149700000,3724.8899000000,6831.2535816280,6831.2535816280,1,SRM-USDT
2020-08-15 02:00:00,1597428000000,1.8113200000,1.8902500000,1.8113200000,1.8700600000,2887.4382000000,5375.3935234880,5375.3935234880,1,SRM-USDT
2020-08-15 03:00:00,1597431600000,1.8726400000,1.8925700000,1.8571500000,1.8858200000,950.9791000000,1774.1165122390,1774.1165122390,1,SRM-USDT
2020-08-15 04:00:00,1597435200000,1.8752400000,1.8778300000,1.8655200000,1.8703700000,1118.8641000000,2093.6717985630,2093.6717985630,1,SRM-USDT
2020-08-15 05:00:00,1597438800000,1.8957300000,1.9140000000,1.8957300000,1.9032800000,2358.2073000000,4508.3462840680,4508.3462840680,1,SRM-USDT
2020-08-15 06:00:00,1597442400000,1.9018500000,1.9018500000,1.8719600000,1.8719600000,526.7363000000,993.5421555860,993.5421555860,1,SRM-USDT
2020-08-15 07:00:00,1597446000000,1.8682900000,1.8682900000,1.8538800000,1.8624100000,473.6832000000,879.1651189300,879.1651189300,1,SRM-USDT
2020-08-15 08:00:00,1597449600000,1.8679300000,1.8720300000,1.8073300000,1.8073300000,5324.8877000000,9805.8944367730,9805.8944367730,1,SRM-USDT
2020-08-15 09:00:00,1597453200000,1.8084500000,1.8741600000,1.7827300000,1.8710800000,7412.0095000000,13729.4374037210,13729.4374037210,1,SRM-USDT
2020-08-15 10:00:00,1597456800000,1.8827500000,1.8827500000,1.8675700000,1.8675700000,1674.2948000000,3137.2385157320,3137.2385157320,1,SRM-USDT
2020-08-15 11:00:00,1597460400000,1.8552800000,1.8552800000,1.8407300000,1.8407300000,319.7093000000,592.8547520490,592.8547520490,1,SRM-USDT
2020-08-15 12:00:00,1597464000000,1.8303600000,1.8303600000,1.8138100000,1.8138100000,1317.1784000000,2397.9675795410,2397.9675795410,1,SRM-USDT
2020-08-15 13:00:00,1597467600000,1.8143000000,1.8218900000,1.7428700000,1.7675600000,17765.9404000000,31562.9741939890,31562.9741939890,1,SRM-USDT
2020-08-15 14:00:00,1597471200000,1.7691400000,1.7769700000,1.7554300000,1.7634400000,2006.8658000000,3543.3240272060,3543.3240272060,1,SRM-USDT
2020-08-15 15:00:00,1597474800000,1.7777700000,1.8186500000,1.7777700000,1.8186500000,3911.8564000000,7065.8466495950,7065.8466495950,1,SRM-USDT
2020-08-15 16:00:00,1597478400000,1.8318300000,1.8653700000,1.8203000000,1.8624900000,3620.5374000000,6696.6112461860,6696.6112461860,1,SRM-USDT
2020-08-15 17:00:00,1597482000000,1.8555400000,1.8614500000,1.8069500000,1.8069500000,3349.9594000000,6183.5278367610,6183.5278367610,1,SRM-USDT
2020-08-15 18:00:00,1597485600000,1.8137500000,1.8137500000,1.7833200000,1.7833200000,3452.0236000000,6187.9417589490,6187.9417589490,1,SRM-USDT
2020-08-15 19:00:00,1597489200000,1.7775400000,1.8437800000,1.7775400000,1.7798200000,6513.6444000000,11719.8441862070,11719.8441862070,1,SRM-USDT
2020-08-15 20:00:00,1597492800000,1.7798200000,1.7840300000,1.7386600000,1.7767000000,17680.8915000000,31291.7357295230,31291.7357295230,1,SRM-USDT
2020-08-15 21:00:00,1597496400000,1.7751700000,1.7948800000,1.7249300000,1.7303200000,40719.9080000000,71575.2288119110,71575.2288119110,1,SRM-USDT
2020-08-15 22:00:00,1597500000000,1.7544500000,1.7573000000,1.7402400000,1.7573000000,12303.5364000000,21511.7379641820,21511.7379641820,1,SRM-USDT
2020-08-15 23:00:00,1597503600000,1.7542300000,1.7563900000,1.6917200000,1.7005300000,24194.1923000000,41614.4377091650,41614.4377091650,1,SRM-USDT
2020-08-16 00:00:00,1597507200000,1.7062600000,1.7192500000,1.7062600000,1.7155200000,1135.4485000000,1945.1773029110,1945.1773029110,1,SRM-USDT
2020-08-16 01:00:00,1597510800000,1.7266500000,1.7658200000,1.7266500000,1.7658200000,264.7340000000,459.3831551970,459.3831551970,1,SRM-USDT
2020-08-16 02:00:00,1597514400000,1.7605100000,1.7605100000,1.7240000000,1.7378500000,1406.2441000000,2447.0125869630,2447.0125869630,1,SRM-USDT
2020-08-16 03:00:00,1597518000000,1.7266200000,1.7266200000,1.7266100000,1.7266100000,600.0000000000,1035.9660572740,1035.9660572740,1,SRM-USDT
2020-08-16 04:00:00,1597521600000,1.7347700000,1.7557700000,1.7346600000,1.7346600000,833.3203000000,1447.2866701000,1447.2866701000,1,SRM-USDT
2020-08-16 05:00:00,1597525200000,1.7346600000,1.7346600000,1.6538800000,1.6819200000,21468.5149000000,36341.0086397070,36341.0086397070,1,SRM-USDT
2020-08-16 06:00:00,1597528800000,1.6887300000,1.6932000000,1.6782000000,1.6782000000,1249.3268000000,2109.0781705600,2109.0781705600,1,SRM-USDT
2020-08-16 07:00:00,1597532400000,1.6713900000,1.6713900000,1.6292500000,1.6584000000,31201.0169000000,51475.5133232100,51475.5133232100,1,SRM-USDT
2020-08-16 08:00:00,1597536000000,1.6585000000,1.6585000000,1.6351400000,1.6351400000,2603.3729000000,4270.1893086820,4270.1893086820,1,SRM-USDT
2020-08-16 09:00:00,1597539600000,1.6351400000,1.6386700000,1.5404100000,1.5404100000,17660.2238000000,28083.8000170620,28083.8000170620,1,SRM-USDT
2020-08-16 10:00:00,1597543200000,1.5375500000,1.5925300000,1.5248400000,1.5788700000,11256.2984000000,17500.0840529770,17500.0840529770,1,SRM-USDT
2020-08-16 11:00:00,1597546800000,1.5881600000,1.6924500000,1.5881600000,1.6924500000,16362.7002000000,26866.9252092100,26866.9252092100,1,SRM-USDT
2020-08-16 12:00:00,1597550400000,1.6924500000,1.6924500000,1.6555100000,1.6555100000,243.0338000000,406.3372041700,406.3372041700,1,SRM-USDT
2020-08-16 13:00:00,1597554000000,1.6616000000,1.6859900000,1.6492000000,1.6783000000,1182.2514000000,1972.6674530150,1972.6674530150,1,SRM-USDT
2020-08-16 14:00:00,1597557600000,1.6783000000,1.7560700000,1.6783000000,1.7560700000,7205.1238000000,12377.3994583840,12377.3994583840,1,SRM-USDT
2020-08-16 15:00:00,1597561200000,1.7573600000,1.8400000000,1.7573600000,1.7995600000,10674.2284000000,19260.0017406230,19260.0017406230,1,SRM-USDT
2020-08-16 16:00:00,1597564800000,1.7880000000,1.7880000000,1.7533300000,1.7613800000,2574.5271000000,4555.9065567900,4555.9065567900,1,SRM-USDT
2020-08-16 17:00:00,1597568400000,1.7907200000,1.7907200000,1.7845800000,1.7877300000,1217.8984000000,2177.8058266160,2177.8058266160,1,SRM-USDT
2020-08-16 18:00:00,1597572000000,1.7888300000,1.8473000000,1.7888300000,1.8231600000,14893.3494000000,27176.7595028560,27176.7595028560,1,SRM-USDT
2020-08-16 19:00:00,1597575600000,1.8143200000,1.8144000000,1.7755300000,1.7755300000,3109.2846000000,5596.8869026660,5596.8869026660,1,SRM-USDT
2020-08-16 20:00:00,1597579200000,1.7753800000,1.7753800000,1.7176200000,1.7427800000,7299.7830000000,12675.5540692180,12675.5540692180,1,SRM-USDT
2020-08-16 21:00:00,1597582800000,1.7458700000,1.7926900000,1.7458700000,1.7923300000,1622.2998000000,2875.7521482450,2875.7521482450,1,SRM-USDT
2020-08-16 22:00:00,1597586400000,1.7926900000,1.7933200000,1.7610000000,1.7610000000,13209.1421000000,23572.8148110950,23572.8148110950,1,SRM-USDT
2020-08-16 23:00:00,1597590000000,1.7576400000,1.7597400000,1.7450000000,1.7534700000,4341.2104000000,7607.6971887120,7607.6971887120,1,SRM-USDT
2020-08-17 00:00:00,1597593600000,1.7566000000,1.7566000000,1.7359800000,1.7479400000,4030.5215000000,7055.3378897280,7055.3378897280,1,SRM-USDT
2020-08-17 01:00:00,1597597200000,1.7397000000,1.7425100000,1.7178700000,1.7178700000,1399.1128000000,2416.1366870730,2416.1366870730,1,SRM-USDT
2020-08-17 02:00:00,1597600800000,1.7178700000,1.7178700000,1.7178700000,1.7178700000,0.0000000000,0.0000000000,0.0000000000,1,SRM-USDT
2020-08-17 03:00:00,1597604400000,1.7197300000,1.7249600000,1.7158400000,1.7158400000,67.4491000000,115.8842165870,115.8842165870,1,SRM-USDT
2020-08-17 04:00:00,1597608000000,1.7124500000,1.7124500000,1.6965800000,1.6965800000,367.8505000000,625.5280093270,625.5280093270,1,SRM-USDT
2020-08-17 05:00:00,1597611600000,1.6873300000,1.6921300000,1.6798200000,1.6908100000,271.0147000000,457.3293404670,457.3293404670,1,SRM-USDT
2020-08-17 06:00:00,1597615200000,1.7000000000,1.7059800000,1.6978800000,1.7046900000,326.7553000000,556.0594373220,556.0594373220,1,SRM-USDT
2020-08-17 07:00:00,1597618800000,1.7274300000,1.7274300000,1.7274300000,1.7274300000,6.0772000000,10.4979375960,10.4979375960,1,SRM-USDT
2020-08-17 08:00:00,1597622400000,1.7286200000,1.7335000000,1.7197800000,1.7198200000,2317.8556000000,3995.6493680950,3995.6493680950,1,SRM-USDT
2020-08-17 09:00:00,1597626000000,1.7199700000,1.7217500000,1.6742100000,1.7019500000,15197.0959000000,25737.5108568030,25737.5108568030,1,SRM-USDT
2020-08-17 10:00:00,1597629600000,1.6966000000,1.7090900000,1.6966000000,1.7090900000,237.3460000000,403.4787832390,403.4787832390,1,SRM-USDT
2020-08-17 11:00:00,1597633200000,1.7070000000,1.7110000000,1.6920000000,1.7110000000,2268.0162000000,3852.1267721000,3852.1267721000,1,SRM-USDT
2020-08-17 12:00:00,1597636800000,1.7000000000,1.7380000000,1.7000000000,1.7380000000,9133.2362000000,15836.2880785000,15836.2880785000,1,SRM-USDT
2020-08-17 13:00:00,1597640400000,1.7400000000,1.7740000000,1.7340000000,1.7700000000,5976.2944000000,10456.5682346000,10456.5682346000,1,SRM-USDT
2020-08-17 14:00:00,1597644000000,1.7670000000,1.7670000000,1.7590000000,1.7650000000,5219.5315000000,9202.9678031000,9202.9678031000,1,SRM-USDT
2020-08-17 15:00:00,1597647600000,1.7650000000,1.7660000000,1.6970000000,1.7480000000,17605.3218000000,30868.1940028000,30868.1940028000,1,SRM-USDT
2020-08-17 16:00:00,1597651200000,1.7490000000,1.7500000000,1.7280000000,1.7280000000,15284.9882000000,26718.0977948000,26718.0977948000,1,SRM-USDT
2020-08-17 17:00:00,1597654800000,1.7310000000,1.7360000000,1.7120000000,1.7120000000,1450.6251000000,2497.3535822000,2497.3535822000,1,SRM-USDT
2020-08-17 18:00:00,1597658400000,1.7280000000,1.7330000000,1.7210000000,1.7220000000,1007.5772000000,1742.0822958000,1742.0822958000,1,SRM-USDT
2020-08-17 19:00:00,1597662000000,1.7210000000,1.7220000000,1.7130000000,1.7130000000,2087.4773000000,3588.5137509000,3588.5137509000,1,SRM-USDT
2020-08-17 20:00:00,1597665600000,1.7150000000,1.7250000000,1.7130000000,1.7150000000,5674.1117000000,9754.2400183000,9754.2400183000,1,SRM-USDT
2020-08-17 21:00:00,1597669200000,1.7160000000,1.7450000000,1.6700000000,1.6900000000,32565.5466000000,55587.7133424000,55587.7133424000,1,SRM-USDT
2020-08-17 22:00:00,1597672800000,1.6810000000,1.6810000000,1.6310000000,1.6660000000,32836.8257000000,54352.4636078000,54352.4636078000,1,SRM-USDT
2020-08-17 23:00:00,1597676400000,1.6700000000,1.6700000000,1.6510000000,1.6510000000,1547.0580000000,2575.3624836000,2575.3624836000,1,SRM-USDT
2020-08-18 00:00:00,1597680000000,1.6380000000,1.6550000000,1.6300000000,1.6400000000,2321.7769000000,3819.0339808000,3819.0339808000,1,SRM-USDT
2020-08-18 01:00:00,1597683600000,1.6480000000,1.6610000000,1.6480000000,1.6570000000,2839.1639000000,4706.6375696000,4706.6375696000,1,SRM-USDT
2020-08-18 02:00:00,1597687200000,1.6610000000,1.6620000000,1.6610000000,1.6620000000,240.5214000000,399.7347598000,399.7347598000,1,SRM-USDT
2020-08-18 03:00:00,1597690800000,1.6570000000,1.6830000000,1.6400000000,1.6670000000,4825.5691000000,8076.8874303000,8076.8874303000,1,SRM-USDT
2020-08-18 04:00:00,1597694400000,1.6690000000,1.6730000000,1.6560000000,1.6560000000,2252.5886000000,3750.5161897000,3750.5161897000,1,SRM-USDT
2020-08-18 05:00:00,1597698000000,1.6560000000,1.6610000000,1.6560000000,1.6610000000,810.7796000000,1345.7418660000,1345.7418660000,1,SRM-USDT
2020-08-18 06:00:00,1597701600000,1.6570000000,1.6790000000,1.6550000000,1.6680000000,14684.3967000000,24573.6607909000,24573.6607909000,1,SRM-USDT
2020-08-18 07:00:00,1597705200000,1.6650000000,1.6770000000,1.6490000000,1.6490000000,3920.2097000000,6511.9153665000,6511.9153665000,1,SRM-USDT
2020-08-18 08:00:00,1597708800000,1.6490000000,1.6540000000,1.6400000000,1.6540000000,1533.8997000000,2521.5005741000,2521.5005741000,1,SRM-USDT
2020-08-18 09:00:00,1597712400000,1.6450000000,1.6460000000,1.6390000000,1.6430000000,7231.8614000000,11885.1483703000,11885.1483703000,1,SRM-USDT
2020-08-18 10:00:00,1597716000000,1.6500000000,1.6530000000,1.6350000000,1.6350000000,79902.9726000000,131433.5028082000,131433.5028082000,1,SRM-USDT
2020-08-18 11:00:00,1597719600000,1.6420000000,1.6500000000,1.6350000000,1.6370000000,146091.6615000000,240054.4484919000,240054.4484919000,1,SRM-USDT
2020-08-18 12:00:00,1597723200000,1.6370000000,1.6520000000,1.6350000000,1.6490000000,104584.4845000000,172069.2919959000,172069.2919959000,1,SRM-USDT
2020-08-18 13:00:00,1597726800000,1.6500000000,1.6510000000,1.6420000000,1.6420000000,114734.8205000000,188965.4970099000,188965.4970099000,1,SRM-USDT
2020-08-18 14:00:00,1597730400000,1.6420000000,1.6480000000,1.6300000000,1.6400000000,196567.5113000000,322440.3670745000,322440.3670745000,1,SRM-USDT
2020-08-18 15:00:00,1597734000000,1.6430000000,1.6430000000,1.6200000000,1.6240000000,170590.7386000000,278657.1702644000,278657.1702644000,1,SRM-USDT
2020-08-18 16:00:00,1597737600000,1.6240000000,1.6290000000,1.6180000000,1.6240000000,112078.7866000000,182137.5266129000,182137.5266129000,1,SRM-USDT
2020-08-18 17:00:00,1597741200000,1.6230000000,1.6420000000,1.6230000000,1.6370000000,135767.2157000000,221719.5847386000,221719.5847386000,1,SRM-USDT
2020-08-18 18:00:00,1597744800000,1.6350000000,1.6840000000,1.6340000000,1.6790000000,265099.4009000000,440817.7873225000,440817.7873225000,1,SRM-USDT
2020-08-18 19:00:00,1597748400000,1.6790000000,1.7010000000,1.6330000000,1.6330000000,257280.8607000000,431042.5135173000,431042.5135173000,1,SRM-USDT
2020-08-18 20:00:00,1597752000000,1.6310000000,1.6540000000,1.6250000000,1.6320000000,181203.5212000000,296453.3875941000,296453.3875941000,1,SRM-USDT
2020-08-18 21:00:00,1597755600000,1.6300000000,1.6440000000,1.5840000000,1.5950000000,259693.7679000000,421509.6587417000,421509.6587417000,1,SRM-USDT
2020-08-18 22:00:00,1597759200000,1.5950000000,1.5990000000,1.5250000000,1.5900000000,746204.1279000000,1165429.0423852000,1165429.0423852000,1,SRM-USDT
2020-08-18 23:00:00,1597762800000,1.5920000000,1.7940000000,1.5900000000,1.7340000000,2148014.7721000002,3699444.1989763998,3699444.1989763998,1,SRM-USDT
2020-08-19 00:00:00,1597766400000,1.7340000000,1.7430000000,1.6790000000,1.7210000000,463884.2500000000,792445.0579799000,792445.0579799000,1,SRM-USDT
2020-08-19 01:00:00,1597770000000,1.7230000000,1.7310000000,1.7160000000,1.7210000000,125265.4539000000,215644.9626307000,215644.9626307000,1,SRM-USDT
2020-08-19 02:00:00,1597773600000,1.7210000000,1.7410000000,1.7050000000,1.7110000000,94508.8467000000,162930.9826571000,162930.9826571000,1,SRM-USDT
2020-08-19 03:00:00,1597777200000,1.7100000000,1.7140000000,1.6920000000,1.6940000000,100732.3463000000,171685.3234559000,171685.3234559000,1,SRM-USDT
2020-08-19 04:00:00,1597780800000,1.6930000000,1.7020000000,1.6820000000,1.6850000000,50598.7423000000,85701.1675575000,85701.1675575000,1,SRM-USDT
2020-08-19 05:00:00,1597784400000,1.6850000000,1.6920000000,1.6590000000,1.6690000000,131519.9649000000,220617.4726483000,220617.4726483000,1,SRM-USDT
2020-08-19 06:00:00,1597788000000,1.6690000000,1.6930000000,1.6680000000,1.6900000000,40534.1465000000,68092.8655555000,68092.8655555000,1,SRM-USDT
2020-08-19 07:00:00,1597791600000,1.6890000000,1.6930000000,1.6700000000,1.6710000000,53770.7176000000,90496.3535973000,90496.3535973000,1,SRM-USDT
2020-08-19 08:00:00,1597795200000,1.6730000000,1.6980000000,1.6560000000,1.6940000000,112650.2996000000,188162.8341085000,188162.8341085000,1,SRM-USDT
2020-08-19 09:00:00,1597798800000,1.6940000000,1.7440000000,1.6930000000,1.7090000000,196769.5619000000,339442.1995077000,339442.1995077000,1,SRM-USDT
2020-08-19 10:00:00,1597802400000,1.7090000000,1.7670000000,1.7080000000,1.7360000000,136395.7647000000,236075.5537746000,236075.5537746000,1,SRM-USDT
2020-08-19 11:00:00,1597806000000,1.7370000000,1.7720000000,1.6510000000,1.6720000000,604003.4795000000,1027549.0632749000,1027549.0632749000,1,SRM-USDT
2020-08-19 12:00:00,1597809600000,1.6710000000,1.6730000000,1.5670000000,1.6070000000,597264.2639000000,966535.5462340000,966535.5462340000,1,SRM-USDT
2020-08-19 13:00:00,1597813200000,1.6070000000,1.6400000000,1.5540000000,1.6180000000,342042.7610000000,547021.0789800000,547021.0789800000,1,SRM-USDT
2020-08-19 14:00:00,1597816800000,1.6190000000,1.6270000000,1.5960000000,1.6000000000,172456.8762000000,277467.4706655000,277467.4706655000,1,SRM-USDT
2020-08-19 15:00:00,1597820400000,1.5990000000,1.6510000000,1.5950000000,1.6170000000,227274.1971000000,366048.1339898000,366048.1339898000,1,SRM-USDT
2020-08-19 16:00:00,1597824000000,1.6170000000,1.6840000000,1.6170000000,1.6330000000,220293.9418000000,365702.9633196000,365702.9633196000,1,SRM-USDT
2020-08-19 17:00:00,1597827600000,1.6340000000,1.6490000000,1.6320000000,1.6420000000,88054.1074000000,144430.6951146000,144430.6951146000,1,SRM-USDT
2020-08-19 18:00:00,1597831200000,1.6420000000,1.6550000000,1.6360000000,1.6500000000,99102.9026000000,163053.0058447000,163053.0058447000,1,SRM-USDT
2020-08-19 19:00:00,1597834800000,1.6500000000,1.6600000000,1.6440000000,1.6490000000,56245.5372000000,92939.1810496000,92939.1810496000,1,SRM-USDT
2020-08-19 20:00:00,1597838400000,1.6490000000,1.6660000000,1.6460000000,1.6650000000,105235.4633000000,174378.4868259000,174378.4868259000,1,SRM-USDT
2020-08-19 21:00:00,1597842000000,1.6640000000,1.6670000000,1.6320000000,1.6320000000,92978.2795000000,153803.7696107000,153803.7696107000,1,SRM-USDT
2020-08-19 22:00:00,1597845600000,1.6320000000,1.6460000000,1.6200000000,1.6200000000,141075.9995000000,229968.6436181000,229968.6436181000,1,SRM-USDT
2020-08-19 23:00:00,1597849200000,1.6190000000,1.6250000000,1.6030000000,1.6140000000,113087.7392000000,182653.4074998000,182653.4074998000,1,SRM-USDT
2020-08-20 00:00:00,1597852800000,1.6140000000,1.6150000000,1.5750000000,1.5930000000,195258.7329000000,311507.5671059000,311507.5671059000,1,SRM-USDT
2020-08-20 01:00:00,1597856400000,1.5940000000,1.6080000000,1.5900000000,1.6010000000,71315.1423000000,113895.8142079000,113895.8142079000,1,SRM-USDT
2020-08-20 02:00:00,1597860000000,1.6020000000,1.6030000000,1.5650000000,1.5880000000,140919.8163000000,222904.4549829000,222904.4549829000,1,SRM-USDT
2020-08-20 03:00:00,1597863600000,1.5880000000,1.5930000000,1.5650000000,1.5690000000,108538.8951000000,171341.4535533000,171341.4535533000,1,SRM-USDT
2020-08-20 04:00:00,1597867200000,1.5680000000,1.5780000000,1.5540000000,1.5770000000,109608.5974000000,171835.1186318000,171835.1186318000,1,SRM-USDT
2020-08-20 05:00:00,1597870800000,1.5770000000,1.5870000000,1.5740000000,1.5810000000,48108.1741000000,75971.7249116000,75971.7249116000,1,SRM-USDT
2020-08-20 06:00:00,1597874400000,1.5810000000,1.6040000000,1.5800000000,1.6030000000,36252.8454000000,57647.4645086000,57647.4645086000,1,SRM-USDT
2020-08-20 07:00:00,1597878000000,1.6030000000,1.6040000000,1.5890000000,1.5980000000,41234.8164000000,65923.1324793000,65923.1324793000,1,SRM-USDT
2020-08-20 08:00:00,1597881600000,1.5980000000,1.6180000000,1.5970000000,1.6180000000,65505.2539000000,105307.3733552000,105307.3733552000,1,SRM-USDT
2020-08-20 09:00:00,1597885200000,1.6180000000,1.6350000000,1.6160000000,1.6260000000,97364.8950000000,158308.3887522000,158308.3887522000,1,SRM-USDT
2020-08-20 10:00:00,1597888800000,1.6260000000,1.6300000000,1.6030000000,1.6090000000,65068.5950000000,105348.1532902000,105348.1532902000,1,SRM-USDT
2020-08-20 11:00:00,1597892400000,1.6090000000,1.6180000000,1.6010000000,1.6170000000,45893.4504000000,73778.8140840000,73778.8140840000,1,SRM-USDT
2020-08-20 12:00:00,1597896000000,1.6180000000,1.6480000000,1.6170000000,1.6330000000,154813.0800000000,253117.7805440000,253117.7805440000,1,SRM-USDT
2020-08-20 13:00:00,1597899600000,1.6330000000,1.6470000000,1.6270000000,1.6420000000,88909.3508000000,145265.9311289000,145265.9311289000,1,SRM-USDT
2020-08-20 14:00:00,1597903200000,1.6430000000,1.6500000000,1.6370000000,1.6410000000,148334.9322000000,243940.1038812000,243940.1038812000,1,SRM-USDT
2020-08-20 15:00:00,1597906800000,1.6460000000,1.6470000000,1.6350000000,1.6360000000,62973.7851000000,103483.1338025000,103483.1338025000,1,SRM-USDT
2020-08-20 16:00:00,1597910400000,1.6370000000,1.6390000000,1.6120000000,1.6240000000,85852.0887000000,139845.9059331000,139845.9059331000,1,SRM-USDT
2020-08-20 17:00:00,1597914000000,1.6260000000,1.6500000000,1.6170000000,1.6420000000,52719.1245000000,86291.7939501000,86291.7939501000,1,SRM-USDT
2020-08-20 18:00:00,1597917600000,1.6420000000,1.6600000000,1.6410000000,1.6460000000,157080.3299000000,259181.3143927000,259181.3143927000,1,SRM-USDT
2020-08-20 19:00:00,1597921200000,1.6450000000,1.6500000000,1.6000000000,1.6300000000,162840.5887000000,265700.5667767000,265700.5667767000,1,SRM-USDT
2020-08-20 20:00:00,1597924800000,1.6290000000,1.6710000000,1.6120000000,1.6690000000,169237.3245000000,278164.5460160000,278164.5460160000,1,SRM-USDT
2020-08-20 21:00:00,1597928400000,1.6680000000,1.6700000000,1.6500000000,1.6630000000,149027.4787000000,247455.8276331000,247455.8276331000,1,SRM-USDT
2020-08-20 22:00:00,1597932000000,1.6630000000,1.7500000000,1.6630000000,1.7120000000,720346.9368000000,1235780.7166371001,1235780.7166371001,1,SRM-USDT
2020-08-20 23:00:00,1597935600000,1.7110000000,1.7330000000,1.6800000000,1.7290000000,315397.3842000000,539568.9367970000,539568.9367970000,1,SRM-USDT
2020-08-21 00:00:00,1597939200000,1.7290000000,1.7610000000,1.7210000000,1.7500000000,407537.5637000000,711812.4569891000,711812.4569891000,1,SRM-USDT
2020-08-21 01:00:00,1597942800000,1.7500000000,1.7510000000,1.7180000000,1.7260000000,140995.3642000000,244693.5591322000,244693.5591322000,1,SRM-USDT
2020-08-21 02:00:00,1597946400000,1.7270000000,1.7320000000,1.7180000000,1.7180000000,82201.6425000000,141879.2420654000,141879.2420654000,1,SRM-USDT
2020-08-21 03:00:00,1597950000000,1.7200000000,1.7390000000,1.7160000000,1.7380000000,38828.4355000000,67002.6622519000,67002.6622519000,1,SRM-USDT
2020-08-21 04:00:00,1597953600000,1.7370000000,1.7430000000,1.7290000000,1.7300000000,56886.7156000000,98796.3281872000,98796.3281872000,1,SRM-USDT
2020-08-21 05:00:00,1597957200000,1.7300000000,1.7390000000,1.7240000000,1.7340000000,23910.0752000000,41456.9706476000,41456.9706476000,1,SRM-USDT
2020-08-21 06:00:00,1597960800000,1.7340000000,1.7740000000,1.7320000000,1.7740000000,133744.8504000000,234399.0595121000,234399.0595121000,1,SRM-USDT
2020-08-21 07:00:00,1597964400000,1.7740000000,1.8000000000,1.7680000000,1.7780000000,179924.0053000000,320143.7547756000,320143.7547756000,1,SRM-USDT
2020-08-21 08:00:00,1597968000000,1.7780000000,1.7780000000,1.6950000000,1.7040000000,327597.2026000000,567790.6809163000,567790.6809163000,1,SRM-USDT
2020-08-21 09:00:00,1597971600000,1.7040000000,1.7040000000,1.6760000000,1.6840000000,146218.8692000000,247084.5133989000,247084.5133989000,1,SRM-USDT
2020-08-21 10:00:00,1597975200000,1.6840000000,1.7160000000,1.6810000000,1.6810000000,225569.8028000000,382000.2859856000,382000.2859856000,1,SRM-USDT
2020-08-21 11:00:00,1597978800000,1.6840000000,1.6840000000,1.6300000000,1.6570000000,231749.8882000000,385702.2647093000,385702.2647093000,1,SRM-USDT
2020-08-21 12:00:00,1597982400000,1.6560000000,1.6660000000,1.6310000000,1.6490000000,245342.4358000000,404592.0323767000,404592.0323767000,1,SRM-USDT
2020-08-21 13:00:00,1597986000000,1.6480000000,1.6960000000,1.6480000000,1.6900000000,102296.6016000000,171558.0262592000,171558.0262592000,1,SRM-USDT
2020-08-21 14:00:00,1597989600000,1.6900000000,1.6930000000,1.6500000000,1.6630000000,189461.1511000000,317248.9441440000,317248.9441440000,1,SRM-USDT
2020-08-21 15:00:00,1597993200000,1.6650000000,1.6660000000,1.6220000000,1.6540000000,140602.5868000000,231351.8116518000,231351.8116518000,1,SRM-USDT
2020-08-21 16:00:00,1597996800000,1.6540000000,1.6850000000,1.6490000000,1.6800000000,92179.9605000000,153693.7716458000,153693.7716458000,1,SRM-USDT
2020-08-21 17:00:00,1598000400000,1.6800000000,1.6910000000,1.6520000000,1.6530000000,84395.5294000000,141122.3416638000,141122.3416638000,1,SRM-USDT
2020-08-21 18:00:00,1598004000000,1.6550000000,1.6560000000,1.6000000000,1.6050000000,233429.4635000000,379435.5607610000,379435.5607610000,1,SRM-USDT
2020-08-21 19:00:00,1598007600000,1.6050000000,1.6280000000,1.6010000000,1.6060000000,136927.3889000000,220764.3919503000,220764.3919503000,1,SRM-USDT
2020-08-21 20:00:00,1598011200000,1.6060000000,1.6180000000,1.5630000000,1.6170000000,298924.2939000000,472377.6362464000,472377.6362464000,1,SRM-USDT
2020-08-21 21:00:00,1598014800000,1.6160000000,1.6260000000,1.6030000000,1.6110000000,79127.8693000000,128050.7181107000,128050.7181107000,1,SRM-USDT
2020-08-21 22:00:00,1598018400000,1.6150000000,1.6290000000,1.5830000000,1.6130000000,132272.5266000000,212098.9927133000,212098.9927133000,1,SRM-USDT
2020-08-21 23:00:00,1598022000000,1.6150000000,1.6200000000,1.6000000000,1.6200000000,81361.8397000000,131118.8601399000,131118.8601399000,1,SRM-USDT
2020-08-22 00:00:00,1598025600000,1.6160000000,1.6420000000,1.6040000000,1.6170000000,102274.1157000000,166880.3044310000,166880.3044310000,1,SRM-USDT
2020-08-22 01:00:00,1598029200000,1.6100000000,1.6170000000,1.5760000000,1.5920000000,101443.9580000000,162219.0748024000,162219.0748024000,1,SRM-USDT
2020-08-22 02:00:00,1598032800000,1.5920000000,1.5950000000,1.5000000000,1.5410000000,385152.5788000000,595882.5009597000,595882.5009597000,1,SRM-USDT
2020-08-22 03:00:00,1598036400000,1.5420000000,1.5820000000,1.5370000000,1.5790000000,95968.6884000000,150026.6328774000,150026.6328774000,1,SRM-USDT
2020-08-22 04:00:00,1598040000000,1.5780000000,1.5900000000,1.5690000000,1.5750000000,58040.6299000000,91766.7463572000,91766.7463572000,1,SRM-USDT
2020-08-22 05:00:00,1598043600000,1.5740000000,1.5740000000,1.5030000000,1.5090000000,163982.2335000000,250365.8143974000,250365.8143974000,1,SRM-USDT
2020-08-22 06:00:00,1598047200000,1.5100000000,1.5420000000,1.5100000000,1.5410000000,88144.5266000000,135255.0664145000,135255.0664145000,1,SRM-USDT
2020-08-22 07:00:00,1598050800000,1.5410000000,1.5580000000,1.5150000000,1.5180000000,116985.3869000000,180692.9355172000,180692.9355172000,1,SRM-USDT
2020-08-22 08:00:00,1598054400000,1.5180000000,1.5190000000,1.4080000000,1.4890000000,545079.8767000000,800498.7966642000,800498.7966642000,1,SRM-USDT
2020-08-22 09:00:00,1598058000000,1.4880000000,1.5340000000,1.4780000000,1.5340000000,212430.6453000000,316828.5563109000,316828.5563109000,1,SRM-USDT
2020-08-22 10:00:00,1598061600000,1.5340000000,1.5400000000,1.5030000000,1.5110000000,100417.1866000000,152985.1422781000,152985.1422781000,1,SRM-USDT
2020-08-22 11:00:00,1598065200000,1.5120000000,1.5170000000,1.5060000000,1.5090000000,64279.1696000000,97141.5912763000,97141.5912763000,1,SRM-USDT
2020-08-22 12:00:00,1598068800000,1.5080000000,1.5210000000,1.5080000000,1.5160000000,74368.4684000000,112612.0751314000,112612.0751314000,1,SRM-USDT
2020-08-22 13:00:00,1598072400000,1.5140000000,1.5190000000,1.5060000000,1.5100000000,43480.1569000000,65759.7582701000,65759.7582701000,1,SRM-USDT
2020-08-22 14:00:00,1598076000000,1.5100000000,1.5320000000,1.5050000000,1.5310000000,85128.3484000000,129130.6629265000,129130.6629265000,1,SRM-USDT
2020-08-22 15:00:00,1598079600000,1.5300000000,1.5340000000,1.5200000000,1.5330000000,116810.3094000000,178545.3260024000,178545.3260024000,1,SRM-USDT
2020-08-22 16:00:00,1598083200000,1.5310000000,1.5400000000,1.5170000000,1.5200000000,110424.4468000000,168829.4322407000,168829.4322407000,1,SRM-USDT
2020-08-22 17:00:00,1598086800000,1.5200000000,1.5240000000,1.4970000000,1.5040000000,104767.9120000000,158033.3206095000,158033.3206095000,1,SRM-USDT
2020-08-22 18:00:00,1598090400000,1.5040000000,1.5270000000,1.4990000000,1.5250000000,77587.1962000000,117516.5111990000,117516.5111990000,1,SRM-USDT
2020-08-22 19:00:00,1598094000000,1.5260000000,1.5300000000,1.5160000000,1.5250000000,51099.7432000000,77912.2157766000,77912.2157766000,1,SRM-USDT
2020-08-22 20:00:00,1598097600000,1.5260000000,1.5620000000,1.5250000000,1.5590000000,143720.1595000000,222454.2963179000,222454.2963179000,1,SRM-USDT
2020-08-22 21:00:00,1598101200000,1.5600000000,1.5610000000,1.5340000000,1.5360000000,95096.7391000000,146825.6368146000,146825.6368146000,1,SRM-USDT
2020-08-22 22:00:00,1598104800000,1.5360000000,1.5680000000,1.5360000000,1.5640000000,122069.0488000000,189310.3932711000,189310.3932711000,1,SRM-USDT
2020-08-22 23:00:00,1598108400000,1.5640000000,1.5680000000,1.5490000000,1.5520000000,134274.7238000000,209420.9007895000,209420.9007895000,1,SRM-USDT
2020-08-23 00:00:00,1598112000000,1.5520000000,1.5570000000,1.5270000000,1.5290000000,97127.2194000000,149831.8075078000,149831.8075078000,1,SRM-USDT
2020-08-23 01:00:00,1598115600000,1.5320000000,1.5320000000,1.5100000000,1.5210000000,71553.6602000000,108829.9196933000,108829.9196933000,1,SRM-USDT
2020-08-23 02:00:00,1598119200000,1.5220000000,1.5420000000,1.5180000000,1.5420000000,58483.7611000000,89139.2013238000,89139.2013238000,1,SRM-USDT
2020-08-23 03:00:00,1598122800000,1.5420000000,1.5490000000,1.4990000000,1.5030000000,77223.7313000000,117750.5335738000,117750.5335738000,1,SRM-USDT
2020-08-23 04:00:00,1598126400000,1.5040000000,1.5120000000,1.4970000000,1.5040000000,89566.7056000000,134738.4665375000,134738.4665375000,1,SRM-USDT
2020-08-23 05:00:00,1598130000000,1.5040000000,1.5350000000,1.4830000000,1.5170000000,173202.3991000000,261018.4876918000,261018.4876918000,1,SRM-USDT
2020-08-23 06:00:00,1598133600000,1.5170000000,1.5400000000,1.5140000000,1.5390000000,38571.7361000000,58771.3433707000,58771.3433707000,1,SRM-USDT
2020-08-23 07:00:00,1598137200000,1.5360000000,1.5420000000,1.5360000000,1.5420000000,31308.0418000000,48241.9064439000,48241.9064439000,1,SRM-USDT
2020-08-23 08:00:00,1598140800000,1.5420000000,1.5480000000,1.5200000000,1.5310000000,61961.1905000000,95180.5692007000,95180.5692007000,1,SRM-USDT
2020-08-23 09:00:00,1598144400000,1.5310000000,1.5400000000,1.5300000000,1.5380000000,39876.5915000000,61182.6538273000,61182.6538273000,1,SRM-USDT
2020-08-23 10:00:00,1598148000000,1.5380000000,1.5410000000,1.5310000000,1.5390000000,50906.9611000000,78215.5235473000,78215.5235473000,1,SRM-USDT
2020-08-23 11:00:00,1598151600000,1.5400000000,1.5930000000,1.5380000000,1.5510000000,184737.8482000000,289188.9274404000,289188.9274404000,1,SRM-USDT
2020-08-23 12:00:00,1598155200000,1.5510000000,1.5510000000,1.4940000000,1.5220000000,141151.9951000000,214850.5990393000,214850.5990393000,1,SRM-USDT
2020-08-23 13:00:00,1598158800000,1.5220000000,1.5270000000,1.5060000000,1.5200000000,61279.1833000000,92734.9609000000,92734.9609000000,1,SRM-USDT
2020-08-23 14:00:00,1598162400000,1.5200000000,1.5260000000,1.5060000000,1.5230000000,46803.0089000000,71177.6258175000,71177.6258175000,1,SRM-USDT
2020-08-23 15:00:00,1598166000000,1.5230000000,1.5300000000,1.5170000000,1.5190000000,30079.2456000000,45804.6093058000,45804.6093058000,1,SRM-USDT
2020-08-23 16:00:00,1598169600000,1.5190000000,1.5220000000,1.5130000000,1.5180000000,59655.5530000000,90572.9303499000,90572.9303499000,1,SRM-USDT
2020-08-23 17:00:00,1598173200000,1.5180000000,1.5390000000,1.5160000000,1.5390000000,62953.2662000000,96225.3360469000,96225.3360469000,1,SRM-USDT
2020-08-23 18:00:00,1598176800000,1.5380000000,1.5580000000,1.5120000000,1.5120000000,130256.7844000000,201003.9712904000,201003.9712904000,1,SRM-USDT
2020-08-23 19:00:00,1598180400000,1.5120000000,1.5150000000,1.4710000000,1.4930000000,163914.7504000000,246372.2091746000,246372.2091746000,1,SRM-USDT
2020-08-23 20:00:00,1598184000000,1.4940000000,1.5100000000,1.4870000000,1.5080000000,69489.0493000000,104051.5413587000,104051.5413587000,1,SRM-USDT
2020-08-23 21:00:00,1598187600000,1.5080000000,1.5100000000,1.4700000000,1.4850000000,270600.9171000000,401565.6428434000,401565.6428434000,1,SRM-USDT
2020-08-23 22:00:00,1598191200000,1.4840000000,1.5040000000,1.4800000000,1.5040000000,96554.6004000000,143670.1037370000,143670.1037370000,1,SRM-USDT
2020-08-23 23:00:00,1598194800000,1.5040000000,1.5220000000,1.5030000000,1.5180000000,34170.4181000000,51659.4522211000,51659.4522211000,1,SRM-USDT
2020-08-24 00:00:00,1598198400000,1.5190000000,1.5360000000,1.5090000000,1.5120000000,46146.7489000000,69976.5256108000,69976.5256108000,1,SRM-USDT
2020-08-24 01:00:00,1598202000000,1.5130000000,1.5140000000,1.4990000000,1.5030000000,67050.2598000000,101048.6362068000,101048.6362068000,1,SRM-USDT
2020-08-24 02:00:00,1598205600000,1.5020000000,1.5110000000,1.5010000000,1.5090000000,30080.6923000000,45287.9557118000,45287.9557118000,1,SRM-USDT
2020-08-24 03:00:00,1598209200000,1.5090000000,1.5290000000,1.5080000000,1.5280000000,62535.1744000000,94784.5937174000,94784.5937174000,1,SRM-USDT
2020-08-24 04:00:00,1598212800000,1.5280000000,1.5650000000,1.5250000000,1.5580000000,179671.1471000000,278901.7236108000,278901.7236108000,1,SRM-USDT
2020-08-24 05:00:00,1598216400000,1.5590000000,1.5600000000,1.5350000000,1.5390000000,58648.0646000000,90883.3173803000,90883.3173803000,1,SRM-USDT
2020-08-24 06:00:00,1598220000000,1.5400000000,1.5520000000,1.5380000000,1.5430000000,92508.6111000000,143193.4926822000,143193.4926822000,1,SRM-USDT
2020-08-24 07:00:00,1598223600000,1.5430000000,1.5440000000,1.5270000000,1.5330000000,66770.2765000000,102535.9556634000,102535.9556634000,1,SRM-USDT
2020-08-24 08:00:00,1598227200000,1.5340000000,1.5340000000,1.5020000000,1.5070000000,78531.2392000000,119117.1409466000,119117.1409466000,1,SRM-USDT
2020-08-24 09:00:00,1598230800000,1.5070000000,1.5120000000,1.5010000000,1.5110000000,46325.3234000000,69850.5304900000,69850.5304900000,1,SRM-USDT
2020-08-24 10:00:00,1598234400000,1.5100000000,1.5420000000,1.5100000000,1.5420000000,85194.5156000000,130202.0881929000,130202.0881929000,1,SRM-USDT
2020-08-24 11:00:00,1598238000000,1.5420000000,1.6620000000,1.5400000000,1.6450000000,985867.4434000000,1591133.9545382999,1591133.9545382999,1,SRM-USDT
2020-08-24 12:00:00,1598241600000,1.6440000000,1.7000000000,1.6410000000,1.6900000000,637790.3313000000,1069961.1961222000,1069961.1961222000,1,SRM-USDT
2020-08-24 13:00:00,1598245200000,1.6900000000,1.7630000000,1.6880000000,1.7040000000,810975.5868000000,1397348.9011073001,1397348.9011073001,1,SRM-USDT
2020-08-24 14:00:00,1598248800000,1.7040000000,1.7330000000,1.6680000000,1.6910000000,497658.0124000000,845334.4700216000,845334.4700216000,1,SRM-USDT
2020-08-24 15:00:00,1598252400000,1.6910000000,1.7250000000,1.6860000000,1.7160000000,204237.4742000000,347865.8049269000,347865.8049269000,1,SRM-USDT
2020-08-24 16:00:00,1598256000000,1.7160000000,1.7710000000,1.7130000000,1.7370000000,323207.3342000000,564418.1494874000,564418.1494874000,1,SRM-USDT
2020-08-24 17:00:00,1598259600000,1.7360000000,1.7510000000,1.6840000000,1.7200000000,377860.9893000000,650492.8950005000,650492.8950005000,1,SRM-USDT
2020-08-24 18:00:00,1598263200000,1.7190000000,1.7200000000,1.6910000000,1.7010000000,162552.4252000000,277346.9936053000,277346.9936053000,1,SRM-USDT
2020-08-24 19:00:00,1598266800000,1.7010000000,1.7270000000,1.6990000000,1.7210000000,146790.6239000000,251914.2412207000,251914.2412207000,1,SRM-USDT
2020-08-24 20:00:00,1598270400000,1.7210000000,1.7250000000,1.7010000000,1.7010000000,131477.8394000000,225509.7864047000,225509.7864047000,1,SRM-USDT
2020-08-24 21:00:00,1598274000000,1.7000000000,1.7080000000,1.6720000000,1.7010000000,179882.4831000000,304064.1456065000,304064.1456065000,1,SRM-USDT
2020-08-24 22:00:00,1598277600000,1.7010000000,1.7390000000,1.6880000000,1.7110000000,234005.7029000000,401365.7901586000,401365.7901586000,1,SRM-USDT
2020-08-24 23:00:00,1598281200000,1.7100000000,1.7200000000,1.7040000000,1.7140000000,167752.6537000000,287366.2160060000,287366.2160060000,1,SRM-USDT
2020-08-25 00:00:00,1598284800000,1.7150000000,1.7200000000,1.6990000000,1.7130000000,115713.8364000000,198301.4510541000,198301.4510541000,1,SRM-USDT
2020-08-25 01:00:00,1598288400000,1.7130000000,1.7970000000,1.6980000000,1.7910000000,2171904.0232000002,3817976.4871429000,3817976.4871429000,1,SRM-USDT
2020-08-25 02:00:00,1598292000000,1.7900000000,1.7950000000,1.7310000000,1.7420000000,395245.1165000000,698177.7913458000,698177.7913458000,1,SRM-USDT
2020-08-25 03:00:00,1598295600000,1.7430000000,1.7470000000,1.7280000000,1.7320000000,58317.2650000000,101228.8546775000,101228.8546775000,1,SRM-USDT
2020-08-25 04:00:00,1598299200000,1.7320000000,1.7560000000,1.7290000000,1.7530000000,87191.2869000000,151838.8792491000,151838.8792491000,1,SRM-USDT
2020-08-25 05:00:00,1598302800000,1.7520000000,1.7570000000,1.7400000000,1.7530000000,70609.3587000000,123511.6579980000,123511.6579980000,1,SRM-USDT
2020-08-25 06:00:00,1598306400000,1.7530000000,1.8130000000,1.7490000000,1.8120000000,182867.5058000000,326618.0841236000,326618.0841236000,1,SRM-USDT
2020-08-25 07:00:00,1598310000000,1.8120000000,1.8460000000,1.7960000000,1.8350000000,301007.9116000000,548340.2805043000,548340.2805043000,1,SRM-USDT
2020-08-25 08:00:00,1598313600000,1.8360000000,1.8710000000,1.8070000000,1.8220000000,485604.2835000000,893263.4627920000,893263.4627920000,1,SRM-USDT
2020-08-25 09:00:00,1598317200000,1.8220000000,1.8230000000,1.7680000000,1.7820000000,400392.5874000000,718935.0277169000,718935.0277169000,1,SRM-USDT
2020-08-25 10:00:00,1598320800000,1.7830000000,1.7890000000,1.7060000000,1.7230000000,402189.6852000000,701192.6655217001,701192.6655217001,1,SRM-USDT
2020-08-25 11:00:00,1598324400000,1.7220000000,1.7620000000,1.7220000000,1.7560000000,194071.3857000000,339213.5939532000,339213.5939532000,1,SRM-USDT
2020-08-25 12:00:00,1598328000000,1.7550000000,1.7610000000,1.7250000000,1.7320000000,143253.3172000000,250600.1264633000,250600.1264633000,1,SRM-USDT
2020-08-25 13:00:00,1598331600000,1.7320000000,1.7440000000,1.7120000000,1.7400000000,99312.8976000000,171411.8913059000,171411.8913059000,1,SRM-USDT
2020-08-25 14:00:00,1598335200000,1.7400000000,1.7410000000,1.7000000000,1.7050000000,20147.2658000000,34670.2765906000,34670.2765906000,1,SRM-USDT
2020-08-25 15:00:00,1598338800000,1.7010000000,1.7350000000,1.6580000000,1.6980000000,24554.3302000000,41694.8623900000,41694.8623900000,1,SRM-USDT
2020-08-25 16:00:00,1598342400000,1.6980000000,1.7040000000,1.6600000000,1.6850000000,13225.9405000000,22309.0587520000,22309.0587520000,1,SRM-USDT
2020-08-25 17:00:00,1598346000000,1.6850000000,1.7170000000,1.6830000000,1.6890000000,12509.7712000000,21143.8429129000,21143.8429129000,1,SRM-USDT
2020-08-25 18:00:00,1598349600000,1.6900000000,1.7040000000,1.6800000000,1.7040000000,39427.4397000000,66896.2942354000,66896.2942354000,1,SRM-USDT
2020-08-25 19:00:00,1598353200000,1.7030000000,1.7410000000,1.6950000000,1.7150000000,226016.1497000000,387705.6430126000,387705.6430126000,1,SRM-USDT
2020-08-25 20:00:00,1598356800000,1.7170000000,1.7190000000,1.6470000000,1.6660000000,353208.4185000000,591247.7431919000,591247.7431919000,1,SRM-USDT
2020-08-25 21:00:00,1598360400000,1.6670000000,1.6720000000,1.6370000000,1.6410000000,188229.7470000000,311553.2072787000,311553.2072787000,1,SRM-USDT
2020-08-25 22:00:00,1598364000000,1.6420000000,1.6500000000,1.5950000000,1.6500000000,277718.7284000000,452362.6292617000,452362.6292617000,1,SRM-USDT
2020-08-25 23:00:00,1598367600000,1.6510000000,1.6520000000,1.6000000000,1.6240000000,342326.6945000000,555904.1946036000,555904.1946036000,1,SRM-USDT
2020-08-26 00:00:00,1598371200000,1.6240000000,1.6450000000,1.6040000000,1.6070000000,302803.1460000000,491021.2798941000,491021.2798941000,1,SRM-USDT
2020-08-26 01:00:00,1598374800000,1.6060000000,1.6170000000,1.5890000000,1.5910000000,401708.3756000000,643046.6634257000,643046.6634257000,1,SRM-USDT
2020-08-26 02:00:00,1598378400000,1.5900000000,1.6770000000,1.5850000000,1.6680000000,522512.4078000000,857407.2178717999,857407.2178717999,1,SRM-USDT
2020-08-26 03:00:00,1598382000000,1.6690000000,1.6700000000,1.6450000000,1.6640000000,307203.8029000000,510174.1627321000,510174.1627321000,1,SRM-USDT
2020-08-26 04:00:00,1598385600000,1.6640000000,1.6730000000,1.6590000000,1.6710000000,142682.0701000000,237945.4211479000,237945.4211479000,1,SRM-USDT
2020-08-26 05:00:00,1598389200000,1.6710000000,1.7090000000,1.6700000000,1.7090000000,134244.9706000000,226994.1977871000,226994.1977871000,1,SRM-USDT
2020-08-26 06:00:00,1598392800000,1.7080000000,1.7090000000,1.6950000000,1.7000000000,85613.1360000000,146019.1860792000,146019.1860792000,1,SRM-USDT
2020-08-26 07:00:00,1598396400000,1.7000000000,1.7000000000,1.6660000000,1.6740000000,129304.9471000000,216923.5687938000,216923.5687938000,1,SRM-USDT
2020-08-26 08:00:00,1598400000000,1.6730000000,1.6740000000,1.6390000000,1.6510000000,135827.0217000000,225514.4234275000,225514.4234275000,1,SRM-USDT
2020-08-26 09:00:00,1598403600000,1.6500000000,1.6630000000,1.6420000000,1.6590000000,136293.5932000000,225993.2519911000,225993.2519911000,1,SRM-USDT
2020-08-26 10:00:00,1598407200000,1.6600000000,1.7890000000,1.6560000000,1.7710000000,375521.4171000000,646579.2843195000,646579.2843195000,1,SRM-USDT
2020-08-26 11:00:00,1598410800000,1.7680000000,1.7990000000,1.7660000000,1.7810000000,279941.0961000000,498637.6894047000,498637.6894047000,1,SRM-USDT
2020-08-26 12:00:00,1598414400000,1.7810000000,1.9000000000,1.7810000000,1.8110000000,486201.4844000000,900648.2449593000,900648.2449593000,1,SRM-USDT
2020-08-26 13:00:00,1598418000000,1.8150000000,1.8930000000,1.8130000000,1.8870000000,388595.2085000000,722513.8496309000,722513.8496309000,1,SRM-USDT
2020-08-26 14:00:00,1598421600000,1.8880000000,1.9820000000,1.8720000000,1.9250000000,711728.2081000000,1364006.1550294999,1364006.1550294999,1,SRM-USDT
2020-08-26 15:00:00,1598425200000,1.9240000000,1.9280000000,1.8370000000,1.8880000000,250209.4079000000,471663.7187348000,471663.7187348000,1,SRM-USDT
2020-08-26 16:00:00,1598428800000,1.8880000000,1.9760000000,1.8720000000,1.9140000000,539673.0793000000,1037401.2364117000,1037401.2364117000,1,SRM-USDT
2020-08-26 17:00:00,1598432400000,1.9130000000,1.9280000000,1.8960000000,1.9040000000,199298.4956000000,381202.3855697000,381202.3855697000,1,SRM-USDT
2020-08-26 18:00:00,1598436000000,1.9050000000,1.9230000000,1.9040000000,1.9210000000,130129.1922000000,248828.8439699000,248828.8439699000,1,SRM-USDT
2020-08-26 19:00:00,1598439600000,1.9210000000,2.0000000000,1.9100000000,1.9980000000,321458.3824000000,625844.3344157001,625844.3344157001,1,SRM-USDT
2020-08-26 20:00:00,1598443200000,1.9990000000,2.0070000000,1.8500000000,1.8870000000,442256.2360000000,852414.7590268000,852414.7590268000,1,SRM-USDT
2020-08-26 21:00:00,1598446800000,1.8850000000,1.9230000000,1.8240000000,1.9210000000,414860.3820000000,778929.2545644999,778929.2545644999,1,SRM-USDT
2020-08-26 22:00:00,1598450400000,1.9230000000,2.0060000000,1.9230000000,1.9710000000,608625.2724000000,1191189.1114972001,1191189.1114972001,1,SRM-USDT
2020-08-26 23:00:00,1598454000000,1.9670000000,1.9910000000,1.9250000000,1.9660000000,407828.0818000000,796669.8847638000,796669.8847638000,1,SRM-USDT
2020-08-27 00:00:00,1598457600000,1.9660000000,2.1120000000,1.9660000000,2.0680000000,812023.5686000000,1657309.7381734001,1657309.7381734001,1,SRM-USDT
2020-08-27 01:00:00,1598461200000,2.0680000000,2.1100000000,2.0250000000,2.0570000000,466251.3125000000,963009.8028708000,963009.8028708000,1,SRM-USDT
2020-08-27 02:00:00,1598464800000,2.0570000000,2.0710000000,2.0190000000,2.0420000000,415678.9125000000,850626.7531265001,850626.7531265001,1,SRM-USDT
2020-08-27 03:00:00,1598468400000,2.0390000000,2.0800000000,2.0310000000,2.0800000000,259265.9855000000,530706.1601796000,530706.1601796000,1,SRM-USDT
2020-08-27 04:00:00,1598472000000,2.0820000000,2.0860000000,2.0260000000,2.0280000000,364823.6546000000,752156.4612473000,752156.4612473000,1,SRM-USDT
2020-08-27 05:00:00,1598475600000,2.0340000000,2.0400000000,2.0100000000,2.0340000000,211907.7674000000,430127.5247569000,430127.5247569000,1,SRM-USDT
2020-08-27 06:00:00,1598479200000,2.0340000000,2.0880000000,2.0310000000,2.0740000000,366297.0975000000,756537.5562855999,756537.5562855999,1,SRM-USDT
2020-08-27 07:00:00,1598482800000,2.0710000000,2.1020000000,2.0690000000,2.0760000000,281116.6552000000,586946.3164632000,586946.3164632000,1,SRM-USDT
2020-08-27 08:00:00,1598486400000,2.0750000000,2.1730000000,2.0730000000,2.1530000000,475606.4475000000,1017476.8106304000,1017476.8106304000,1,SRM-USDT
2020-08-27 09:00:00,1598490000000,2.1500000000,2.1590000000,2.0580000000,2.0610000000,400500.5875000000,847561.2576060001,847561.2576060001,1,SRM-USDT
2020-08-27 10:00:00,1598493600000,2.0630000000,2.0800000000,2.0100000000,2.0430000000,368824.1972000000,757339.1999062001,757339.1999062001,1,SRM-USDT
2020-08-27 11:00:00,1598497200000,2.0430000000,2.0550000000,2.0300000000,2.0350000000,270711.8812000000,552704.5217225000,552704.5217225000,1,SRM-USDT
2020-08-27 12:00:00,1598500800000,2.0340000000,2.0970000000,2.0330000000,2.0930000000,350677.0429000000,728230.8754821999,728230.8754821999,1,SRM-USDT
2020-08-27 13:00:00,1598504400000,2.0920000000,2.1860000000,2.0910000000,2.1790000000,529357.0952000000,1132435.6862973000,1132435.6862973000,1,SRM-USDT
2020-08-27 14:00:00,1598508000000,2.1770000000,2.3980000000,2.1680000000,2.3310000000,1185422.1466999999,2711823.2331150002,2711823.2331150002,1,SRM-USDT
2020-08-27 15:00:00,1598511600000,2.3270000000,2.4450000000,2.2920000000,2.3770000000,853707.1087000000,2032984.2510277000,2032984.2510277000,1,SRM-USDT
2020-08-27 16:00:00,1598515200000,2.3810000000,2.4490000000,2.3000000000,2.4320000000,626045.4833000000,1476519.4034227000,1476519.4034227000,1,SRM-USDT
2020-08-27 17:00:00,1598518800000,2.4270000000,2.6000000000,2.3900000000,2.5290000000,1084298.0160999999,2726439.2347018002,2726439.2347018002,1,SRM-USDT
2020-08-27 18:00:00,1598522400000,2.5300000000,2.5530000000,2.3420000000,2.4680000000,1020861.8406999999,2500608.8871129998,2500608.8871129998,1,SRM-USDT
2020-08-27 19:00:00,1598526000000,2.4670000000,2.4670000000,2.1400000000,2.2470000000,1692456.9517000001,3904913.8523566001,3904913.8523566001,1,SRM-USDT
2020-08-27 20:00:00,1598529600000,2.2440000000,2.3960000000,2.2420000000,2.3470000000,1117215.6972000001,2583522.6734169000,2583522.6734169000,1,SRM-USDT
2020-08-27 21:00:00,1598533200000,2.3530000000,2.6050000000,2.3200000000,2.5160000000,1321059.3206000000,3284767.7894497998,3284767.7894497998,1,SRM-USDT
2020-08-27 22:00:00,1598536800000,2.5170000000,2.5230000000,2.3350000000,2.4310000000,964423.1274000000,2337864.9215378999,2337864.9215378999,1,SRM-USDT
2020-08-27 23:00:00,1598540400000,2.4220000000,2.4880000000,2.3910000000,2.4430000000,550021.6592000000,1339043.1274053999,1339043.1274053999,1,SRM-USDT
2020-08-28 00:00:00,1598544000000,2.4430000000,2.5550000000,2.2490000000,2.2830000000,1042559.4059000000,2508221.9760051002,2508221.9760051002,1,SRM-USDT
2020-08-28 01:00:00,1598547600000,2.2800000000,2.3380000000,2.1780000000,2.2550000000,1162321.2526000000,2620670.5556361000,2620670.5556361000,1,SRM-USDT
2020-08-28 02:00:00,1598551200000,2.2510000000,2.3700000000,2.2350000000,2.3660000000,742250.9125000000,1705869.7433660999,1705869.7433660999,1,SRM-USDT
2020-08-28 03:00:00,1598554800000,2.3640000000,2.3920000000,2.3330000000,2.3600000000,309955.1656000000,731382.0484918000,731382.0484918000,1,SRM-USDT
2020-08-28 04:00:00,1598558400000,2.3600000000,2.4480000000,2.3010000000,2.4100000000,562389.6898000001,1337769.8365008000,1337769.8365008000,1,SRM-USDT
2020-08-28 05:00:00,1598562000000,2.4090000000,2.4970000000,2.4090000000,2.4510000000,451819.2147000000,1110103.2986798000,1110103.2986798000,1,SRM-USDT
2020-08-28 06:00:00,1598565600000,2.4480000000,2.4560000000,2.3500000000,2.3520000000,388838.1673000000,933217.1427849000,933217.1427849000,1,SRM-USDT
2020-08-28 07:00:00,1598569200000,2.3520000000,2.5760000000,2.3520000000,2.5420000000,645188.2357000000,1593665.6872064001,1593665.6872064001,1,SRM-USDT
2020-08-28 08:00:00,1598572800000,2.5420000000,2.7000000000,2.5290000000,2.5920000000,1303070.6747000001,3397639.2445846000,3397639.2445846000,1,SRM-USDT
2020-08-28 09:00:00,1598576400000,2.5900000000,2.7590000000,2.5740000000,2.7100000000,813090.0211000000,2167178.0562614002,2167178.0562614002,1,SRM-USDT
2020-08-28 10:00:00,1598580000000,2.7110000000,2.7820000000,2.6650000000,2.7820000000,601753.0307000000,1636206.3720724999,1636206.3720724999,1,SRM-USDT
2020-08-28 11:00:00,1598583600000,2.7830000000,2.8000000000,2.6500000000,2.6980000000,367848.8654000000,1011015.5545094000,1011015.5545094000,1,SRM-USDT
2020-08-28 12:00:00,1598587200000,2.6960000000,2.7060000000,2.5950000000,2.6250000000,73389.2938000000,195317.8100411000,195317.8100411000,1,SRM-USDT
2020-08-28 13:00:00,1598590800000,2.6250000000,2.7670000000,2.6250000000,2.7320000000,50552.9583000000,136522.6351173000,136522.6351173000,1,SRM-USDT
2020-08-28 14:00:00,1598594400000,2.7730000000,2.7790000000,2.7200000000,2.7590000000,190276.9325000000,525460.0056797001,525460.0056797001,1,SRM-USDT
2020-08-28 15:00:00,1598598000000,2.7620000000,2.7620000000,2.6200000000,2.6700000000,678061.7584000000,1821562.9877531000,1821562.9877531000,1,SRM-USDT
2020-08-28 16:00:00,1598601600000,2.6690000000,2.6690000000,2.4900000000,2.5710000000,706570.8573000000,1833674.0939879999,1833674.0939879999,1,SRM-USDT
2020-08-28 17:00:00,1598605200000,2.5770000000,2.6280000000,2.4620000000,2.4850000000,754387.9562000000,1925218.8768942000,1925218.8768942000,1,SRM-USDT
2020-08-28 18:00:00,1598608800000,2.4820000000,2.6350000000,2.3970000000,2.6010000000,837912.1394000000,2089678.9888957001,2089678.9888957001,1,SRM-USDT
2020-08-28 19:00:00,1598612400000,2.6010000000,2.6190000000,2.5220000000,2.5820000000,902011.2271000000,2314244.3032867000,2314244.3032867000,1,SRM-USDT
2020-08-28 20:00:00,1598616000000,2.5850000000,2.5850000000,2.4440000000,2.5030000000,543046.3172000000,1361672.2068966001,1361672.2068966001,1,SRM-USDT
2020-08-28 21:00:00,1598619600000,2.5010000000,2.5060000000,2.4450000000,2.4930000000,384234.1744000000,952064.5696823000,952064.5696823000,1,SRM-USDT
2020-08-28 22:00:00,1598623200000,2.4950000000,2.5860000000,2.3030000000,2.4080000000,1020289.6687000000,2495313.0892396001,2495313.0892396001,1,SRM-USDT
2020-08-28 23:00:00,1598626800000,2.4060000000,2.4430000000,2.3280000000,2.4250000000,762362.1559000000,1822712.5466978000,1822712.5466978000,1,SRM-USDT
2020-08-29 00:00:00,1598630400000,2.4300000000,2.5000000000,2.3620000000,2.4860000000,678994.0887000000,1655698.9884977001,1655698.9884977001,1,SRM-USDT
2020-08-29 01:00:00,1598634000000,2.4830000000,2.4910000000,2.4230000000,2.4840000000,368700.2515000000,910339.5431212001,910339.5431212001,1,SRM-USDT
2020-08-29 02:00:00,1598637600000,2.4870000000,2.4920000000,2.4490000000,2.4760000000,279694.2890000000,691775.3892170000,691775.3892170000,1,SRM-USDT
2020-08-29 03:00:00,1598641200000,2.4760000000,2.4890000000,2.4550000000,2.4720000000,252277.0609000000,624775.3764415000,624775.3764415000,1,SRM-USDT
2020-08-29 04:00:00,1598644800000,2.4740000000,2.4780000000,2.4100000000,2.4200000000,329698.6586000000,804553.7244107000,804553.7244107000,1,SRM-USDT
2020-08-29 05:00:00,1598648400000,2.4170000000,2.4760000000,2.4140000000,2.4710000000,322148.2661000000,788424.8273157000,788424.8273157000,1,SRM-USDT
2020-08-29 06:00:00,1598652000000,2.4700000000,2.4750000000,2.3800000000,2.4150000000,336175.9122000000,814417.9502004000,814417.9502004000,1,SRM-USDT
2020-08-29 07:00:00,1598655600000,2.4180000000,2.4400000000,2.4110000000,2.4140000000,280144.5111000000,680119.9483984000,680119.9483984000,1,SRM-USDT
2020-08-29 08:00:00,1598659200000,2.4140000000,2.4270000000,2.3010000000,2.3590000000,440250.6475000000,1048113.5192305000,1048113.5192305000,1,SRM-USDT
2020-08-29 09:00:00,1598662800000,2.3580000000,2.3610000000,2.2800000000,2.3330000000,550075.1437000000,1278902.3429769001,1278902.3429769001,1,SRM-USDT
2020-08-29 10:00:00,1598666400000,2.3340000000,2.3850000000,2.3340000000,2.3760000000,191660.9474000000,452516.9666489000,452516.9666489000,1,SRM-USDT
2020-08-29 11:00:00,1598670000000,2.3750000000,2.4700000000,2.3400000000,2.4570000000,446435.0982000000,1074999.6463955001,1074999.6463955001,1,SRM-USDT
2020-08-29 12:00:00,1598673600000,2.4540000000,2.4670000000,2.4030000000,2.4080000000,287209.5124000000,699311.8561441000,699311.8561441000,1,SRM-USDT
2020-08-29 13:00:00,1598677200000,2.4080000000,2.4100000000,2.3500000000,2.3780000000,344953.3292000000,822671.9343891999,822671.9343891999,1,SRM-USDT
2020-08-29 14:00:00,1598680800000,2.3840000000,2.4270000000,2.3720000000,2.4200000000,249993.1797000000,601166.3300011000,601166.3300011000,1,SRM-USDT
2020-08-29 15:00:00,1598684400000,2.4210000000,2.4220000000,2.3790000000,2.3980000000,145601.6303000000,349986.4072151000,349986.4072151000,1,SRM-USDT
2020-08-29 16:00:00,1598688000000,2.4000000000,2.6000000000,2.3990000000,2.5740000000,621347.3983999999,1557267.5158150999,1557267.5158150999,1,SRM-USDT
2020-08-29 17:00:00,1598691600000,2.5640000000,2.7540000000,2.5590000000,2.6690000000,831737.1439000000,2217356.1185443001,2217356.1185443001,1,SRM-USDT
2020-08-29 18:00:00,1598695200000,2.6680000000,2.6740000000,2.5690000000,2.5740000000,375181.9872000000,985261.7213332000,985261.7213332000,1,SRM-USDT
2020-08-29 19:00:00,1598698800000,2.5740000000,2.6470000000,2.5590000000,2.6430000000,384843.5812000000,1002169.3997575000,1002169.3997575000,1,SRM-USDT
2020-08-29 20:00:00,1598702400000,2.6450000000,2.6870000000,2.6110000000,2.6590000000,379232.4522000000,1004863.0260878000,1004863.0260878000,1,SRM-USDT
2020-08-29 21:00:00,1598706000000,2.6580000000,2.7070000000,2.6510000000,2.6680000000,384660.0002000000,1029705.5229687000,1029705.5229687000,1,SRM-USDT
2020-08-29 22:00:00,1598709600000,2.6650000000,2.7420000000,2.6440000000,2.6700000000,331499.6062000000,882887.9123271001,882887.9123271001,1,SRM-USDT
2020-08-29 23:00:00,1598713200000,2.6690000000,2.7710000000,2.6680000000,2.7020000000,468168.8824000000,1276132.2525893000,1276132.2525893000,1,SRM-USDT
2020-08-30 00:00:00,1598716800000,2.7000000000,2.7000000000,2.5900000000,2.6050000000,466145.6517000000,1244517.4137025999,1244517.4137025999,1,SRM-USDT
2020-08-30 01:00:00,1598720400000,2.6070000000,2.7660000000,2.6020000000,2.6750000000,621035.9545000000,1662440.6949384999,1662440.6949384999,1,SRM-USDT
2020-08-30 02:00:00,1598724000000,2.6730000000,2.8530000000,2.6720000000,2.8490000000,442086.2314000000,1219759.6748402000,1219759.6748402000,1,SRM-USDT
2020-08-30 03:00:00,1598727600000,2.8490000000,2.9440000000,2.8240000000,2.8520000000,626670.4905000000,1806762.3518980001,1806762.3518980001,1,SRM-USDT
2020-08-30 04:00:00,1598731200000,2.8530000000,2.8580000000,2.8010000000,2.8270000000,415048.1160000000,1173080.7515928999,1173080.7515928999,1,SRM-USDT
2020-08-30 05:00:00,1598734800000,2.8280000000,2.9030000000,2.8240000000,2.9000000000,249354.3406000000,712938.8280720999,712938.8280720999,1,SRM-USDT
2020-08-30 06:00:00,1598738400000,2.9000000000,2.9650000000,2.8040000000,2.8160000000,585420.5638000000,1691921.6401986000,1691921.6401986000,1,SRM-USDT
2020-08-30 07:00:00,1598742000000,2.8140000000,2.9230000000,2.8130000000,2.8270000000,443590.2451000000,1268782.7951315001,1268782.7951315001,1,SRM-USDT
2020-08-30 08:00:00,1598745600000,2.8300000000,2.8870000000,2.8190000000,2.8390000000,263910.1787000000,750489.1139316000,750489.1139316000,1,SRM-USDT
2020-08-30 09:00:00,1598749200000,2.8370000000,2.8370000000,2.7400000000,2.8130000000,370686.8694000000,1037377.8770123000,1037377.8770123000,1,SRM-USDT
2020-08-30 10:00:00,1598752800000,2.8130000000,2.8260000000,2.7110000000,2.7900000000,467090.1479000000,1287242.1421797001,1287242.1421797001,1,SRM-USDT
2020-08-30 11:00:00,1598756400000,2.7910000000,2.8550000000,2.7700000000,2.7870000000,360069.8183000000,1013470.7039950000,1013470.7039950000,1,SRM-USDT
2020-08-30 12:00:00,1598760000000,2.7940000000,2.8020000000,2.6500000000,2.7470000000,540800.3140000000,1469505.3081153999,1469505.3081153999,1,SRM-USDT
2020-08-30 13:00:00,1598763600000,2.7460000000,2.7470000000,2.6920000000,2.7040000000,408943.9858000000,1111829.5696608999,1111829.5696608999,1,SRM-USDT
2020-08-30 14:00:00,1598767200000,2.7050000000,2.7300000000,2.6740000000,2.7090000000,475577.7495000000,1284442.6006936000,1284442.6006936000,1,SRM-USDT
2020-08-30 15:00:00,1598770800000,2.7100000000,2.7660000000,2.6960000000,2.7540000000,224495.9373000000,613922.8522435999,613922.8522435999,1,SRM-USDT
2020-08-30 16:00:00,1598774400000,2.7540000000,2.7580000000,2.7110000000,2.7460000000,259625.2432000000,710078.1542612000,710078.1542612000,1,SRM-USDT
2020-08-30 17:00:00,1598778000000,2.7460000000,2.8530000000,2.7420000000,2.8110000000,460478.9504000000,1294306.8024939999,1294306.8024939999,1,SRM-USDT
2020-08-30 18:00:00,1598781600000,2.8080000000,2.9330000000,2.7720000000,2.9200000000,430960.5948000000,1233299.8997446999,1233299.8997446999,1,SRM-USDT
2020-08-30 19:00:00,1598785200000,2.9230000000,2.9240000000,2.8470000000,2.9070000000,413010.8050000000,1192979.4250437000,1192979.4250437000,1,SRM-USDT
2020-08-30 20:00:00,1598788800000,2.9080000000,2.9420000000,2.6500000000,2.7470000000,849449.3728000000,2377165.8334492999,2377165.8334492999,1,SRM-USDT
2020-08-30 21:00:00,1598792400000,2.7470000000,2.8680000000,2.6730000000,2.6790000000,799188.0021000000,2198219.3119113999,2198219.3119113999,1,SRM-USDT
2020-08-30 22:00:00,1598796000000,2.6770000000,2.7590000000,2.6770000000,2.7120000000,446958.2407000000,1220213.8058865000,1220213.8058865000,1,SRM-USDT
2020-08-30 23:00:00,1598799600000,2.7090000000,2.9240000000,2.6970000000,2.8760000000,937531.6206000000,2658721.8789455998,2658721.8789455998,1,SRM-USDT
2020-08-31 00:00:00,1598803200000,2.8760000000,2.9160000000,2.8040000000,2.9080000000,536703.3887000000,1530131.3675663001,1530131.3675663001,1,SRM-USDT
2020-08-31 01:00:00,1598806800000,2.9110000000,2.9200000000,2.8760000000,2.8960000000,256820.0280000000,744562.7571736000,744562.7571736000,1,SRM-USDT
2020-08-31 02:00:00,1598810400000,2.9080000000,2.9260000000,2.8740000000,2.9240000000,255437.9911000000,739973.7842576000,739973.7842576000,1,SRM-USDT
2020-08-31 03:00:00,1598814000000,2.9240000000,2.9540000000,2.8950000000,2.8980000000,255277.4896000000,747755.9275401999,747755.9275401999,1,SRM-USDT
2020-08-31 04:00:00,1598817600000,2.8990000000,2.9470000000,2.8460000000,2.9210000000,387774.6372000000,1123822.9374104999,1123822.9374104999,1,SRM-USDT
2020-08-31 05:00:00,1598821200000,2.9240000000,2.9680000000,2.9090000000,2.9140000000,322787.5615000000,947584.6276556000,947584.6276556000,1,SRM-USDT
2020-08-31 06:00:00,1598824800000,2.9150000000,2.9310000000,2.8650000000,2.8810000000,258967.5049000000,751386.3914079000,751386.3914079000,1,SRM-USDT
2020-08-31 07:00:00,1598828400000,2.8770000000,2.8950000000,2.8340000000,2.8820000000,294064.4531000000,842754.7930399000,842754.7930399000,1,SRM-USDT
2020-08-31 08:00:00,1598832000000,2.8850000000,2.8850000000,2.7570000000,2.8000000000,381864.4231000000,1078608.5812967999,1078608.5812967999,1,SRM-USDT
2020-08-31 09:00:00,1598835600000,2.7980000000,2.8420000000,2.7680000000,2.8080000000,410388.1944000000,1150890.2217618001,1150890.2217618001,1,SRM-USDT
2020-08-31 10:00:00,1598839200000,2.8090000000,2.8100000000,2.7340000000,2.7380000000,253199.7935000000,703227.9672807000,703227.9672807000,1,SRM-USDT
2020-08-31 11:00:00,1598842800000,2.7370000000,2.7730000000,2.7230000000,2.7570000000,253929.4173000000,699793.9812268000,699793.9812268000,1,SRM-USDT
2020-08-31 12:00:00,1598846400000,2.7620000000,2.7720000000,2.7340000000,2.7380000000,170834.1257000000,470138.3560064000,470138.3560064000,1,SRM-USDT
2020-08-31 13:00:00,1598850000000,2.7380000000,2.7590000000,2.7260000000,2.7440000000,130724.5489000000,358483.0638281000,358483.0638281000,1,SRM-USDT
2020-08-31 14:00:00,1598853600000,2.7450000000,2.7460000000,2.6600000000,2.6800000000,220546.5799000000,597095.2982557000,597095.2982557000,1,SRM-USDT
2020-08-31 15:00:00,1598857200000,2.6840000000,2.7170000000,2.6530000000,2.6580000000,190891.8640000000,513295.2913116000,513295.2913116000,1,SRM-USDT
2020-08-31 16:00:00,1598860800000,2.6580000000,2.7200000000,2.6520000000,2.6960000000,265961.6112000000,717151.4380975000,717151.4380975000,1,SRM-USDT
2020-08-31 17:00:00,1598864400000,2.6960000000,2.6990000000,2.6300000000,2.6740000000,283916.1230000000,757971.5781914000,757971.5781914000,1,SRM-USDT
2020-08-31 18:00:00,1598868000000,2.6810000000,2.7590000000,2.6590000000,2.6670000000,425310.2287000000,1149173.0535680000,1149173.0535680000,1,SRM-USDT
2020-08-31 19:00:00,1598871600000,2.6690000000,2.7090000000,2.6400000000,2.6910000000,314511.3564000000,844250.0452594000,844250.0452594000,1,SRM-USDT
2020-08-31 20:00:00,1598875200000,2.6920000000,2.7220000000,2.6780000000,2.6950000000,218542.5653000000,590667.4427018000,590667.4427018000,1,SRM-USDT
2020-08-31 21:00:00,1598878800000,2.6950000000,2.7010000000,2.6340000000,2.6410000000,200886.1146000000,537116.1594806000,537116.1594806000,1,SRM-USDT
2020-08-31 22:00:00,1598882400000,2.6400000000,2.6720000000,2.6170000000,2.6620000000,213237.8424000000,565129.2998830000,565129.2998830000,1,SRM-USDT
2020-08-31 23:00:00,1598886000000,2.6620000000,2.6720000000,2.6390000000,2.6500000000,222219.0251000000,590086.1897957000,590086.1897957000,1,SRM-USDT
2020-09-01 00:00:00,1598889600000,2.6540000000,2.7160000000,2.6410000000,2.7010000000,299033.3786000000,799266.9632194000,799266.9632194000,1,SRM-USDT
2020-09-01 01:00:00,1598893200000,2.7020000000,2.9000000000,2.6940000000,2.8750000000,550001.4324000000,1533278.1913368001,1533278.1913368001,1,SRM-USDT
2020-09-01 02:00:00,1598896800000,2.8640000000,3.1960000000,2.8500000000,3.1270000000,1065139.9365000001,3221117.1108654998,3221117.1108654998,1,SRM-USDT
2020-09-01 03:00:00,1598900400000,3.1330000000,3.3250000000,3.0790000000,3.2990000000,1102879.8232000000,3534990.1171149998,3534990.1171149998,1,SRM-USDT
2020-09-01 04:00:00,1598904000000,3.3030000000,3.5870000000,3.2620000000,3.4150000000,1320872.4304000000,4491959.3883795999,4491959.3883795999,1,SRM-USDT
2020-09-01 05:00:00,1598907600000,3.4140000000,3.5020000000,3.3120000000,3.4690000000,981526.4757000000,3326890.1904234001,3326890.1904234001,1,SRM-USDT
2020-09-01 06:00:00,1598911200000,3.4700000000,3.5950000000,3.3620000000,3.3920000000,921916.4444000000,3221484.8334661000,3221484.8334661000,1,SRM-USDT
2020-09-01 07:00:00,1598914800000,3.3890000000,3.4950000000,3.2910000000,3.3000000000,778424.4370000000,2642662.3707980998,2642662.3707980998,1,SRM-USDT
2020-09-01 08:00:00,1598918400000,3.3160000000,3.5160000000,3.2520000000,3.4110000000,713837.0028000000,2389256.0274418001,2389256.0274418001,1,SRM-USDT
2020-09-01 09:00:00,1598922000000,3.4100000000,3.5860000000,3.3920000000,3.5450000000,732291.6694000000,2550210.4108610000,2550210.4108610000,1,SRM-USDT
2020-09-01 10:00:00,1598925600000,3.5450000000,3.5550000000,3.3990000000,3.4020000000,531627.3519000000,1847613.3083327000,1847613.3083327000,1,SRM-USDT
2020-09-01 11:00:00,1598929200000,3.4080000000,3.5160000000,3.3860000000,3.4120000000,509565.0971000000,1755491.2883454000,1755491.2883454000,1,SRM-USDT
2020-09-01 12:00:00,1598932800000,3.4130000000,3.5490000000,3.4130000000,3.4980000000,467927.4728000000,1632504.6211693999,1632504.6211693999,1,SRM-USDT
2020-09-01 13:00:00,1598936400000,3.4960000000,3.7750000000,3.4830000000,3.7050000000,922831.4983000000,3378351.9927774998,3378351.9927774998,1,SRM-USDT
2020-09-01 14:00:00,1598940000000,3.7060000000,3.7150000000,3.4520000000,3.5050000000,661553.0076000000,2405935.1886231001,2405935.1886231001,1,SRM-USDT
2020-09-01 15:00:00,1598943600000,3.5030000000,3.5760000000,3.3590000000,3.5750000000,192621.5197000000,676471.6551518000,676471.6551518000,1,SRM-USDT
2020-09-01 16:00:00,1598947200000,3.5820000000,3.6810000000,3.5230000000,3.5380000000,848891.0256000001,3049051.7678514002,3049051.7678514002,1,SRM-USDT
2020-09-01 17:00:00,1598950800000,3.5390000000,3.5510000000,3.4400000000,3.4760000000,415295.2056000000,1457915.5763656001,1457915.5763656001,1,SRM-USDT
2020-09-01 18:00:00,1598954400000,3.4800000000,3.4820000000,3.3600000000,3.3990000000,447585.6484000000,1534573.8742595001,1534573.8742595001,1,SRM-USDT
2020-09-01 19:00:00,1598958000000,3.3990000000,3.4020000000,3.2840000000,3.3170000000,580912.3199999999,1936764.0438542999,1936764.0438542999,1,SRM-USDT
2020-09-01 20:00:00,1598961600000,3.3120000000,3.4600000000,3.3000000000,3.3510000000,507780.5397000000,1719135.3083990000,1719135.3083990000,1,SRM-USDT
2020-09-01 21:00:00,1598965200000,3.3430000000,3.3590000000,3.3120000000,3.3450000000,347226.2374000000,1160392.4959253001,1160392.4959253001,1,SRM-USDT
2020-09-01 22:00:00,1598968800000,3.3440000000,3.3500000000,3.2830000000,3.3130000000,237718.7628000000,788132.5331694999,788132.5331694999,1,SRM-USDT
2020-09-01 23:00:00,1598972400000,3.3130000000,3.5260000000,3.3060000000,3.3250000000,801049.4090000000,2716723.0332777998,2716723.0332777998,1,SRM-USDT
2020-09-02 00:00:00,1598976000000,3.3420000000,3.3580000000,3.2380000000,3.3440000000,766128.7993000000,2529475.6270654001,2529475.6270654001,1,SRM-USDT
2020-09-02 01:00:00,1598979600000,3.3460000000,3.4050000000,3.3210000000,3.4050000000,361384.4756000000,1213511.2449717000,1213511.2449717000,1,SRM-USDT
2020-09-02 02:00:00,1598983200000,3.4010000000,3.4310000000,3.3050000000,3.3520000000,462298.4623000000,1554699.2225233000,1554699.2225233000,1,SRM-USDT
2020-09-02 03:00:00,1598986800000,3.3540000000,3.3600000000,3.1990000000,3.2160000000,345677.3762000000,1134357.4006695000,1134357.4006695000,1,SRM-USDT
2020-09-02 04:00:00,1598990400000,3.2160000000,3.2250000000,3.1370000000,3.1400000000,213815.2998000000,677752.2325989000,677752.2325989000,1,SRM-USDT
2020-09-02 05:00:00,1598994000000,3.1400000000,3.2550000000,3.1400000000,3.2180000000,244933.0397000000,786176.8861376001,786176.8861376001,1,SRM-USDT
2020-09-02 06:00:00,1598997600000,3.2170000000,3.2340000000,3.1670000000,3.1760000000,240009.2181000000,770424.9417443000,770424.9417443000,1,SRM-USDT
2020-09-02 07:00:00,1599001200000,3.1750000000,3.1760000000,3.1200000000,3.1270000000,210688.1548000000,664001.7932773000,664001.7932773000,1,SRM-USDT
2020-09-02 08:00:00,1599004800000,3.1240000000,3.2010000000,2.9820000000,3.1610000000,544669.0096000000,1691799.9249362999,1691799.9249362999,1,SRM-USDT
2020-09-02 09:00:00,1599008400000,3.1590000000,3.2320000000,3.0490000000,3.2180000000,579470.0925000000,1813465.1977627999,1813465.1977627999,1,SRM-USDT
2020-09-02 10:00:00,1599012000000,3.2160000000,3.3100000000,3.1580000000,3.3070000000,516670.6838000000,1660038.1119178999,1660038.1119178999,1,SRM-USDT
2020-09-02 11:00:00,1599015600000,3.3070000000,3.3070000000,3.2110000000,3.2410000000,336359.9198000000,1093214.4079094001,1093214.4079094001,1,SRM-USDT
2020-09-02 12:00:00,1599019200000,3.2430000000,3.3530000000,3.2370000000,3.3220000000,136942.7188000000,451367.1415226000,451367.1415226000,1,SRM-USDT
2020-09-02 13:00:00,1599022800000,3.3220000000,3.3220000000,3.2080000000,3.2220000000,171867.2173000000,560808.2993838000,560808.2993838000,1,SRM-USDT
2020-09-02 14:00:00,1599026400000,3.2220000000,3.2400000000,3.0800000000,3.1140000000,277562.3248000000,875077.4121708000,875077.4121708000,1,SRM-USDT
2020-09-02 15:00:00,1599030000000,3.1100000000,3.2020000000,3.1090000000,3.1650000000,153910.5597000000,487258.1039026000,487258.1039026000,1,SRM-USDT
2020-09-02 16:00:00,1599033600000,3.1660000000,3.2670000000,3.0840000000,3.2460000000,201311.4966000000,639688.0763783000,639688.0763783000,1,SRM-USDT
2020-09-02 17:00:00,1599037200000,3.2450000000,3.3110000000,3.2140000000,3.2190000000,177152.7715000000,579672.4507429000,579672.4507429000,1,SRM-USDT
2020-09-02 18:00:00,1599040800000,3.2210000000,3.2650000000,3.0790000000,3.0870000000,315892.5184000000,993301.1946811000,993301.1946811000,1,SRM-USDT
2020-09-02 19:00:00,1599044400000,3.0870000000,3.1170000000,2.7130000000,3.0470000000,721894.1412000000,2113618.6930571999,2113618.6930571999,1,SRM-USDT
2020-09-02 20:00:00,1599048000000,3.0370000000,3.1960000000,2.9370000000,3.1750000000,533110.2843000001,1637361.2575884000,1637361.2575884000,1,SRM-USDT
2020-09-02 21:00:00,1599051600000,3.1750000000,3.3260000000,3.1300000000,3.2660000000,469266.9078000000,1510046.9984355001,1510046.9984355001,1,SRM-USDT
2020-09-02 22:00:00,1599055200000,3.2660000000,3.6520000000,3.2310000000,3.5920000000,1137186.6329999999,3960460.6386622000,3960460.6386622000,1,SRM-USDT
2020-09-02 23:00:00,1599058800000,3.6010000000,3.6340000000,3.4200000000,3.5050000000,705498.7163000000,2481941.3252122998,2481941.3252122998,1,SRM-USDT
2020-09-03 00:00:00,1599062400000,3.5050000000,3.6450000000,3.3330000000,3.3970000000,412077.6159000000,1409070.1393206001,1409070.1393206001,1,SRM-USDT
2020-09-03 01:00:00,1599066000000,3.3940000000,3.5500000000,3.3540000000,3.4750000000,340568.1907000000,1184281.2548753000,1184281.2548753000,1,SRM-USDT
2020-09-03 02:00:00,1599069600000,3.4750000000,3.5020000000,3.4250000000,3.4840000000,155151.2759000000,537230.9203366000,537230.9203366000,1,SRM-USDT
2020-09-03 03:00:00,1599073200000,3.4870000000,3.5480000000,3.4610000000,3.4730000000,186778.9252000000,654499.3020768000,654499.3020768000,1,SRM-USDT
2020-09-03 04:00:00,1599076800000,3.4710000000,3.5310000000,3.4290000000,3.5140000000,142851.7699000000,497848.8388459000,497848.8388459000,1,SRM-USDT
2020-09-03 05:00:00,1599080400000,3.5140000000,3.5310000000,3.4480000000,3.4700000000,81898.8169000000,286101.5336693000,286101.5336693000,1,SRM-USDT
2020-09-03 06:00:00,1599084000000,3.4680000000,3.6290000000,3.4670000000,3.6230000000,245486.3550000000,874742.8521347000,874742.8521347000,1,SRM-USDT
2020-09-03 07:00:00,1599087600000,3.6230000000,3.6490000000,3.5500000000,3.5880000000,216893.4879000000,781957.5769192000,781957.5769192000,1,SRM-USDT
2020-09-03 08:00:00,1599091200000,3.5870000000,3.6060000000,3.4880000000,3.5170000000,170038.5513000000,600500.7838597000,600500.7838597000,1,SRM-USDT
2020-09-03 09:00:00,1599094800000,3.5160000000,3.5180000000,3.4070000000,3.4610000000,177874.2018000000,614443.1734984000,614443.1734984000,1,SRM-USDT
2020-09-03 10:00:00,1599098400000,3.4610000000,3.5250000000,3.4400000000,3.4680000000,124647.0057000000,434448.8397128000,434448.8397128000,1,SRM-USDT
2020-09-03 11:00:00,1599102000000,3.4720000000,3.4730000000,3.3290000000,3.3970000000,196083.0195000000,666599.3206327000,666599.3206327000,1,SRM-USDT
2020-09-03 12:00:00,1599105600000,3.3970000000,3.4610000000,3.3620000000,3.3690000000,256964.7582000000,878894.3875724000,878894.3875724000,1,SRM-USDT
2020-09-03 13:00:00,1599109200000,3.3640000000,3.4130000000,3.2000000000,3.2690000000,353060.7599000000,1168832.7074209000,1168832.7074209000,1,SRM-USDT
2020-09-03 14:00:00,1599112800000,3.2670000000,3.3190000000,3.2660000000,3.2910000000,107412.6024000000,353892.1080785000,353892.1080785000,1,SRM-USDT
2020-09-03 15:00:00,1599116400000,3.2880000000,3.4970000000,3.2500000000,3.4630000000,230575.8564000000,784511.8192083000,784511.8192083000,1,SRM-USDT
2020-09-03 16:00:00,1599120000000,3.4610000000,3.4740000000,3.3340000000,3.3950000000,163439.6833000000,560516.8084554001,560516.8084554001,1,SRM-USDT
2020-09-03 17:00:00,1599123600000,3.3950000000,3.4610000000,3.3620000000,3.4530000000,85153.6967000000,290752.7193684000,290752.7193684000,1,SRM-USDT
2020-09-03 18:00:00,1599127200000,3.4550000000,3.5020000000,3.2720000000,3.3140000000,274570.8890000000,937698.4092411000,937698.4092411000,1,SRM-USDT
2020-09-03 19:00:00,1599130800000,3.3150000000,3.3920000000,3.2290000000,3.2830000000,284767.8395000000,939146.1808627000,939146.1808627000,1,SRM-USDT
2020-09-03 20:00:00,1599134400000,3.2830000000,3.3630000000,3.0100000000,3.3250000000,937880.0432000000,2970370.7426605001,2970370.7426605001,1,SRM-USDT
2020-09-03 21:00:00,1599138000000,3.3250000000,3.5000000000,3.2950000000,3.4740000000,926343.9415000000,3151831.9172584000,3151831.9172584000,1,SRM-USDT
2020-09-03 22:00:00,1599141600000,3.4740000000,3.4740000000,3.2630000000,3.3730000000,380731.7912000000,1281300.0340040999,1281300.0340040999,1,SRM-USDT
2020-09-03 23:00:00,1599145200000,3.3740000000,3.3780000000,3.1030000000,3.2280000000,514679.3657000000,1655486.1797770001,1655486.1797770001,1,SRM-USDT
2020-09-04 00:00:00,1599148800000,3.2280000000,3.3190000000,3.2140000000,3.2220000000,306351.2390000000,999163.1275584000,999163.1275584000,1,SRM-USDT
2020-09-04 01:00:00,1599152400000,3.2220000000,3.3670000000,3.2120000000,3.2630000000,202905.4204000000,670409.7641116000,670409.7641116000,1,SRM-USDT
2020-09-04 02:00:00,1599156000000,3.2620000000,3.2820000000,3.1790000000,3.1820000000,93004.2513000000,300617.2783525000,300617.2783525000,1,SRM-USDT
2020-09-04 03:00:00,1599159600000,3.1810000000,3.2270000000,3.1430000000,3.2250000000,90204.4932000000,287300.1124602000,287300.1124602000,1,SRM-USDT
2020-09-04 04:00:00,1599163200000,3.2240000000,3.2510000000,3.2120000000,3.2200000000,40084.5449000000,129530.3187200000,129530.3187200000,1,SRM-USDT
2020-09-04 05:00:00,1599166800000,3.2200000000,3.2220000000,3.1130000000,3.1360000000,53279.0011000000,168805.1269928000,168805.1269928000,1,SRM-USDT
2020-09-04 06:00:00,1599170400000,3.1340000000,3.1650000000,3.0890000000,3.0970000000,90562.8253000000,282940.2462569000,282940.2462569000,1,SRM-USDT
2020-09-04 07:00:00,1599174000000,3.0970000000,3.0990000000,2.8500000000,2.8950000000,439936.8655000000,1294435.0709295999,1294435.0709295999,1,SRM-USDT
2020-09-04 08:00:00,1599177600000,2.9020000000,3.1120000000,2.8110000000,2.9970000000,415799.2993000000,1235534.3435388999,1235534.3435388999,1,SRM-USDT
2020-09-04 09:00:00,1599181200000,2.9930000000,3.0310000000,2.9450000000,2.9950000000,144810.7498000000,432487.1907177000,432487.1907177000,1,SRM-USDT
2020-09-04 10:00:00,1599184800000,2.9930000000,2.9950000000,2.8700000000,2.9340000000,219887.3584000000,637667.7656280000,637667.7656280000,1,SRM-USDT
2020-09-04 11:00:00,1599188400000,2.9340000000,3.0870000000,2.9270000000,2.9860000000,204759.9309000000,616691.2112793000,616691.2112793000,1,SRM-USDT
2020-09-04 12:00:00,1599192000000,2.9860000000,3.0900000000,2.9670000000,2.9860000000,153138.3934000000,460947.7575323000,460947.7575323000,1,SRM-USDT
2020-09-04 13:00:00,1599195600000,2.9870000000,3.0100000000,2.9520000000,2.9740000000,80568.6829000000,240228.6521388000,240228.6521388000,1,SRM-USDT
2020-09-04 14:00:00,1599199200000,2.9720000000,3.0340000000,2.9190000000,2.9270000000,109902.5776000000,327032.2138621000,327032.2138621000,1,SRM-USDT
2020-09-04 15:00:00,1599202800000,2.9280000000,3.0200000000,2.8870000000,2.9800000000,283338.7591000000,840074.8436984000,840074.8436984000,1,SRM-USDT
2020-09-04 16:00:00,1599206400000,2.9810000000,3.2660000000,2.9760000000,3.1900000000,355845.1170000000,1116358.0335589999,1116358.0335589999,1,SRM-USDT
2020-09-04 17:00:00,1599210000000,3.1910000000,3.2120000000,3.1370000000,3.1690000000,105623.4546000000,335363.5054485000,335363.5054485000,1,SRM-USDT
2020-09-04 18:00:00,1599213600000,3.1740000000,3.1740000000,3.0750000000,3.0770000000,141117.9297000000,441050.6212650000,441050.6212650000,1,SRM-USDT
2020-09-04 19:00:00,1599217200000,3.0800000000,3.0810000000,2.9670000000,2.9870000000,195327.3016000000,588277.1772712000,588277.1772712000,1,SRM-USDT
2020-09-04 20:00:00,1599220800000,2.9880000000,3.0460000000,2.9240000000,2.9670000000,189435.3137000000,566049.9906445000,566049.9906445000,1,SRM-USDT
2020-09-04 21:00:00,1599224400000,2.9750000000,2.9930000000,2.8880000000,2.8930000000,186004.6879000000,548226.8506521001,548226.8506521001,1,SRM-USDT
2020-09-04 22:00:00,1599228000000,2.8930000000,2.9150000000,2.4820000000,2.7920000000,745213.3962000000,2020472.1139253001,2020472.1139253001,1,SRM-USDT
2020-09-04 23:00:00,1599231600000,2.7890000000,2.8160000000,2.6060000000,2.7830000000,497976.4128000000,1342193.7415366999,1342193.7415366999,1,SRM-USDT
2020-09-05 00:00:00,1599235200000,2.7860000000,2.8730000000,2.7420000000,2.8530000000,251410.1665000000,705155.9232517000,705155.9232517000,1,SRM-USDT
2020-09-05 01:00:00,1599238800000,2.8560000000,2.8570000000,2.8030000000,2.8320000000,90973.6713000000,257743.5811434000,257743.5811434000,1,SRM-USDT
2020-09-05 02:00:00,1599242400000,2.8310000000,2.8380000000,2.7780000000,2.8270000000,73274.6931000000,205495.5890255000,205495.5890255000,1,SRM-USDT
2020-09-05 03:00:00,1599246000000,2.8260000000,2.9900000000,2.8260000000,2.9110000000,91869.3125000000,263773.7340445000,263773.7340445000,1,SRM-USDT
2020-09-05 04:00:00,1599249600000,2.9100000000,2.9280000000,2.8680000000,2.8680000000,135857.8964000000,394189.5285715000,394189.5285715000,1,SRM-USDT
2020-09-05 05:00:00,1599253200000,2.8730000000,2.9010000000,2.8730000000,2.8900000000,38250.2721000000,110484.4912724000,110484.4912724000,1,SRM-USDT
2020-09-05 06:00:00,1599256800000,2.8920000000,2.9190000000,2.8560000000,2.9110000000,62825.2289000000,181460.0102808000,181460.0102808000,1,SRM-USDT
2020-09-05 07:00:00,1599260400000,2.9100000000,2.9140000000,2.8490000000,2.8910000000,57746.4511000000,166000.2264496000,166000.2264496000,1,SRM-USDT
2020-09-05 08:00:00,1599264000000,2.8890000000,2.9760000000,2.8840000000,2.9380000000,75230.7472000000,220948.8828184000,220948.8828184000,1,SRM-USDT
2020-09-05 09:00:00,1599267600000,2.9380000000,3.0270000000,2.9370000000,3.0180000000,142680.0014000000,425859.5771737000,425859.5771737000,1,SRM-USDT
2020-09-05 10:00:00,1599271200000,3.0180000000,3.1460000000,3.0150000000,3.0580000000,225516.6676000000,694812.8784669000,694812.8784669000,1,SRM-USDT
2020-09-05 11:00:00,1599274800000,3.0600000000,3.0900000000,2.9670000000,2.9730000000,170334.9266000000,515386.9845647000,515386.9845647000,1,SRM-USDT
2020-09-05 12:00:00,1599278400000,2.9740000000,3.0300000000,2.9370000000,2.9620000000,130088.2564000000,386560.9982896000,386560.9982896000,1,SRM-USDT
2020-09-05 13:00:00,1599282000000,2.9640000000,2.9910000000,2.9030000000,2.9610000000,84393.0148000000,248954.6536670000,248954.6536670000,1,SRM-USDT
2020-09-05 14:00:00,1599285600000,2.9610000000,2.9670000000,2.8760000000,2.9400000000,111932.1768000000,325609.0387794000,325609.0387794000,1,SRM-USDT
2020-09-05 15:00:00,1599289200000,2.9370000000,2.9420000000,2.8500000000,2.8650000000,122924.4230000000,354584.9594779000,354584.9594779000,1,SRM-USDT
2020-09-05 16:00:00,1599292800000,2.8650000000,2.8720000000,2.6980000000,2.7370000000,296422.1354000000,824384.8470845000,824384.8470845000,1,SRM-USDT
2020-09-05 17:00:00,1599296400000,2.7350000000,2.7370000000,2.6110000000,2.6310000000,302744.0866000000,811229.5413438000,811229.5413438000,1,SRM-USDT
2020-09-05 18:00:00,1599300000000,2.6320000000,2.7020000000,2.5470000000,2.5480000000,323388.5769000000,844658.9844349000,844658.9844349000,1,SRM-USDT
2020-09-05 19:00:00,1599303600000,2.5500000000,2.5600000000,2.3150000000,2.4930000000,875844.0906000000,2110604.1165384999,2110604.1165384999,1,SRM-USDT
2020-09-05 20:00:00,1599307200000,2.5020000000,2.5030000000,2.0870000000,2.2110000000,864502.6246000000,1951927.5955236999,1951927.5955236999,1,SRM-USDT
2020-09-05 21:00:00,1599310800000,2.2150000000,2.4180000000,2.2090000000,2.4180000000,678772.3949000000,1578210.3184613001,1578210.3184613001,1,SRM-USDT
2020-09-05 22:00:00,1599314400000,2.4140000000,2.4570000000,2.3020000000,2.3850000000,370973.9487000000,882573.5213989000,882573.5213989000,1,SRM-USDT
2020-09-05 23:00:00,1599318000000,2.3860000000,2.4670000000,2.3580000000,2.3670000000,284779.3085000000,688555.4125406001,688555.4125406001,1,SRM-USDT
2020-09-06 00:00:00,1599321600000,2.3620000000,2.4210000000,2.2060000000,2.2920000000,293725.2188000000,681377.0183123000,681377.0183123000,1,SRM-USDT
2020-09-06 01:00:00,1599325200000,2.2930000000,2.3160000000,2.1600000000,2.1870000000,223800.6884000000,500685.6842178000,500685.6842178000,1,SRM-USDT
2020-09-06 02:00:00,1599328800000,2.1890000000,2.2070000000,1.9710000000,2.1310000000,473888.3068000000,983622.5277438000,983622.5277438000,1,SRM-USDT
2020-09-06 03:00:00,1599332400000,2.1330000000,2.2090000000,1.9730000000,2.0670000000,442685.4924000000,920287.7864791000,920287.7864791000,1,SRM-USDT
2020-09-06 04:00:00,1599336000000,2.0600000000,2.2350000000,2.0490000000,2.1650000000,291628.4676000000,628366.9711003000,628366.9711003000,1,SRM-USDT
2020-09-06 05:00:00,1599339600000,2.1660000000,2.2110000000,2.1330000000,2.1980000000,107314.7371000000,232848.6968116000,232848.6968116000,1,SRM-USDT
2020-09-06 06:00:00,1599343200000,2.1980000000,2.2570000000,2.1170000000,2.1310000000,150640.0390000000,332010.4593400000,332010.4593400000,1,SRM-USDT
2020-09-06 07:00:00,1599346800000,2.1320000000,2.2140000000,2.1180000000,2.2060000000,83628.6527000000,182135.9826580000,182135.9826580000,1,SRM-USDT
2020-09-06 08:00:00,1599350400000,2.2050000000,2.3300000000,2.1870000000,2.3250000000,226197.4403000000,512614.1872403000,512614.1872403000,1,SRM-USDT
2020-09-06 09:00:00,1599354000000,2.3300000000,2.3560000000,2.1080000000,2.1180000000,279026.9290000000,627440.7479912000,627440.7479912000,1,SRM-USDT
2020-09-06 10:00:00,1599357600000,2.1190000000,2.1650000000,2.0570000000,2.1170000000,266489.6963000000,561759.9027506000,561759.9027506000,1,SRM-USDT
2020-09-06 11:00:00,1599361200000,2.1170000000,2.1210000000,2.0680000000,2.0770000000,96392.4477000000,201711.2998669000,201711.2998669000,1,SRM-USDT
2020-09-06 12:00:00,1599364800000,2.0780000000,2.1110000000,1.9580000000,2.0640000000,287176.1298000000,581962.3257234000,581962.3257234000,1,SRM-USDT
2020-09-06 13:00:00,1599368400000,2.0680000000,2.1680000000,2.0270000000,2.1400000000,429611.9685000000,898249.4940863000,898249.4940863000,1,SRM-USDT
2020-09-06 14:00:00,1599372000000,2.1390000000,2.2290000000,2.0740000000,2.2290000000,230539.7473000000,491659.7709543000,491659.7709543000,1,SRM-USDT
2020-09-06 15:00:00,1599375600000,2.2280000000,2.6400000000,2.1530000000,2.6110000000,1129520.8537000001,2724964.9321387000,2724964.9321387000,1,SRM-USDT
2020-09-06 16:00:00,1599379200000,2.6100000000,2.6690000000,2.4000000000,2.5260000000,949887.0852000000,2370334.3507825001,2370334.3507825001,1,SRM-USDT
2020-09-06 17:00:00,1599382800000,2.5300000000,2.5960000000,2.4070000000,2.4560000000,429498.0062000000,1073817.0513542001,1073817.0513542001,1,SRM-USDT
2020-09-06 18:00:00,1599386400000,2.4580000000,2.5660000000,2.4200000000,2.5300000000,220076.9398000000,546165.4348338000,546165.4348338000,1,SRM-USDT
2020-09-06 19:00:00,1599390000000,2.5300000000,2.6450000000,2.4700000000,2.6250000000,356644.9030000000,913535.9784297000,913535.9784297000,1,SRM-USDT
2020-09-06 20:00:00,1599393600000,2.6240000000,2.6460000000,2.5580000000,2.5730000000,223683.1294000000,582460.1361605000,582460.1361605000,1,SRM-USDT
2020-09-06 21:00:00,1599397200000,2.5680000000,2.5850000000,2.4500000000,2.5780000000,274873.5866000000,692582.2059226000,692582.2059226000,1,SRM-USDT
2020-09-06 22:00:00,1599400800000,2.5770000000,2.5930000000,2.3990000000,2.4790000000,260317.0126000000,646726.7842914000,646726.7842914000,1,SRM-USDT
2020-09-06 23:00:00,1599404400000,2.4810000000,2.4920000000,2.3570000000,2.3890000000,201536.8503000000,487309.1864594000,487309.1864594000,1,SRM-USDT
2020-09-07 00:00:00,1599408000000,2.3870000000,2.4980000000,2.3550000000,2.4760000000,215286.3984000000,523349.2879725000,523349.2879725000,1,SRM-USDT
2020-09-07 01:00:00,1599411600000,2.4760000000,2.4810000000,2.4460000000,2.4620000000,62887.9856000000,154950.9833408000,154950.9833408000,1,SRM-USDT
2020-09-07 02:00:00,1599415200000,2.4630000000,2.5200000000,2.4310000000,2.5200000000,123148.6126000000,305873.7677432000,305873.7677432000,1,SRM-USDT
2020-09-07 03:00:00,1599418800000,2.5200000000,2.5610000000,2.4970000000,2.5440000000,146484.4894000000,371190.2394015000,371190.2394015000,1,SRM-USDT
2020-09-07 04:00:00,1599422400000,2.5450000000,2.5520000000,2.5000000000,2.5140000000,106182.4495000000,268038.0061661000,268038.0061661000,1,SRM-USDT
2020-09-07 05:00:00,1599426000000,2.5140000000,2.7060000000,2.5110000000,2.6330000000,294767.4766000000,773501.5105269999,773501.5105269999,1,SRM-USDT
2020-09-07 06:00:00,1599429600000,2.6360000000,2.6370000000,2.4940000000,2.5280000000,162892.5829000000,418671.6699024000,418671.6699024000,1,SRM-USDT
2020-09-07 07:00:00,1599433200000,2.5310000000,2.6240000000,2.5220000000,2.5990000000,74778.3653000000,193079.6590309000,193079.6590309000,1,SRM-USDT
2020-09-07 08:00:00,1599436800000,2.6010000000,2.7000000000,2.5900000000,2.6730000000,205821.2014000000,547772.9703401000,547772.9703401000,1,SRM-USDT
2020-09-07 09:00:00,1599440400000,2.6740000000,2.6890000000,2.6050000000,2.6640000000,145317.3278000000,383725.7060708000,383725.7060708000,1,SRM-USDT
2020-09-07 10:00:00,1599444000000,2.6620000000,2.6660000000,2.5510000000,2.5640000000,154115.6487000000,401723.9593466000,401723.9593466000,1,SRM-USDT
2020-09-07 11:00:00,1599447600000,2.5620000000,2.6080000000,2.5090000000,2.5250000000,201267.7208000000,513469.1319212000,513469.1319212000,1,SRM-USDT
2020-09-07 12:00:00,1599451200000,2.5250000000,2.5520000000,2.4920000000,2.5070000000,98780.1462000000,249298.3799446000,249298.3799446000,1,SRM-USDT
2020-09-07 13:00:00,1599454800000,2.5070000000,2.5080000000,2.3980000000,2.4050000000,181124.9720000000,444143.5788115000,444143.5788115000,1,SRM-USDT
2020-09-07 14:00:00,1599458400000,2.4040000000,2.4220000000,2.3670000000,2.3750000000,127589.1781000000,305606.6249076000,305606.6249076000,1,SRM-USDT
2020-09-07 15:00:00,1599462000000,2.3750000000,2.4450000000,2.3500000000,2.4250000000,145389.4827000000,348595.7471438000,348595.7471438000,1,SRM-USDT
2020-09-07 16:00:00,1599465600000,2.4260000000,2.5170000000,2.3950000000,2.4250000000,138493.7968000000,340715.4933922000,340715.4933922000,1,SRM-USDT
2020-09-07 17:00:00,1599469200000,2.4260000000,2.4300000000,2.3660000000,2.3790000000,121385.7523000000,291228.9030608000,291228.9030608000,1,SRM-USDT
2020-09-07 18:00:00,1599472800000,2.3790000000,2.4100000000,2.2690000000,2.2820000000,247268.4700000000,576147.8066464000,576147.8066464000,1,SRM-USDT
2020-09-07 19:00:00,1599476400000,2.2840000000,2.3890000000,2.1860000000,2.1920000000,468288.6526000000,1066496.2479272000,1066496.2479272000,1,SRM-USDT
2020-09-07 20:00:00,1599480000000,2.1920000000,2.2350000000,2.0750000000,2.1580000000,625537.9996000000,1347296.9679624999,1347296.9679624999,1,SRM-USDT
2020-09-07 21:00:00,1599483600000,2.1560000000,2.3270000000,2.0810000000,2.2990000000,718321.0807000000,1586417.2008608000,1586417.2008608000,1,SRM-USDT
2020-09-07 22:00:00,1599487200000,2.2990000000,2.3650000000,2.2140000000,2.2350000000,403743.8290000000,922039.0385598000,922039.0385598000,1,SRM-USDT
2020-09-07 23:00:00,1599490800000,2.2350000000,2.3640000000,2.1950000000,2.3530000000,412801.2527000000,949483.7400822000,949483.7400822000,1,SRM-USDT
2020-09-08 00:00:00,1599494400000,2.3530000000,2.4430000000,2.3330000000,2.3630000000,313501.4307000000,750439.7967028000,750439.7967028000,1,SRM-USDT
2020-09-08 01:00:00,1599498000000,2.3630000000,2.3840000000,2.3080000000,2.3460000000,186580.2462000000,437649.1154523000,437649.1154523000,1,SRM-USDT
2020-09-08 02:00:00,1599501600000,2.3460000000,2.3660000000,2.3120000000,2.3340000000,51424.5220000000,120384.1810708000,120384.1810708000,1,SRM-USDT
2020-09-08 03:00:00,1599505200000,2.3310000000,2.3730000000,2.3180000000,2.3210000000,29581.8704000000,69467.5332792000,69467.5332792000,1,SRM-USDT
2020-09-08 04:00:00,1599508800000,2.3230000000,2.3270000000,2.2860000000,2.3080000000,50168.2882000000,115343.2162812000,115343.2162812000,1,SRM-USDT
2020-09-08 05:00:00,1599512400000,2.3080000000,2.3390000000,2.3080000000,2.3150000000,38592.0624000000,89585.7749102000,89585.7749102000,1,SRM-USDT
2020-09-08 06:00:00,1599516000000,2.3150000000,2.4210000000,2.3130000000,2.4180000000,120609.9071000000,287293.9298878000,287293.9298878000,1,SRM-USDT
2020-09-08 07:00:00,1599519600000,2.4150000000,2.4480000000,2.4000000000,2.4370000000,119847.1282000000,290924.0047795000,290924.0047795000,1,SRM-USDT
2020-09-08 08:00:00,1599523200000,2.4370000000,2.4740000000,2.3900000000,2.3930000000,160986.2356000000,391954.5345465000,391954.5345465000,1,SRM-USDT
2020-09-08 09:00:00,1599526800000,2.3930000000,2.4240000000,2.3750000000,2.3820000000,62416.6614000000,149903.9341356000,149903.9341356000,1,SRM-USDT
2020-09-08 10:00:00,1599530400000,2.3820000000,2.4520000000,2.3770000000,2.4210000000,107718.9763000000,260359.6641247000,260359.6641247000,1,SRM-USDT
2020-09-08 11:00:00,1599534000000,2.4210000000,2.4340000000,2.3950000000,2.4000000000,57299.9297000000,138218.5414805000,138218.5414805000,1,SRM-USDT
2020-09-08 12:00:00,1599537600000,2.3990000000,2.4090000000,2.3380000000,2.3520000000,98696.8815000000,234271.4558325000,234271.4558325000,1,SRM-USDT
2020-09-08 13:00:00,1599541200000,2.3500000000,2.4000000000,2.3430000000,2.3460000000,129454.2270000000,306982.5848552000,306982.5848552000,1,SRM-USDT
2020-09-08 14:00:00,1599544800000,2.3470000000,2.4210000000,2.3400000000,2.4100000000,87296.2583000000,208470.9820862000,208470.9820862000,1,SRM-USDT
2020-09-08 15:00:00,1599548400000,2.4110000000,2.4150000000,2.3650000000,2.3860000000,55852.8900000000,133757.5687904000,133757.5687904000,1,SRM-USDT
2020-09-08 16:00:00,1599552000000,2.3840000000,2.4420000000,2.3390000000,2.3430000000,190649.0193000000,455593.8907138000,455593.8907138000,1,SRM-USDT
2020-09-08 17:00:00,1599555600000,2.3450000000,2.3600000000,2.1800000000,2.1840000000,421751.5878000000,955691.1545215000,955691.1545215000,1,SRM-USDT
2020-09-08 18:00:00,1599559200000,2.1810000000,2.2420000000,2.1710000000,2.2400000000,318537.6187000000,703973.9237523000,703973.9237523000,1,SRM-USDT
2020-09-08 19:00:00,1599562800000,2.2430000000,2.2610000000,2.1600000000,2.1980000000,290422.0497000000,642502.9946204000,642502.9946204000,1,SRM-USDT
2020-09-08 20:00:00,1599566400000,2.1950000000,2.2220000000,2.1460000000,2.1680000000,746415.7635000000,1620295.2247369001,1620295.2247369001,1,SRM-USDT
2020-09-08 21:00:00,1599570000000,2.1630000000,2.1820000000,2.0800000000,2.1340000000,853400.2597000001,1810601.1677540001,1810601.1677540001,1,SRM-USDT
2020-09-08 22:00:00,1599573600000,2.1400000000,2.2580000000,2.1270000000,2.2010000000,446504.3264000000,986097.7713992000,986097.7713992000,1,SRM-USDT
2020-09-08 23:00:00,1599577200000,2.2020000000,2.2020000000,2.1520000000,2.1760000000,368286.1271000000,803391.6185253999,803391.6185253999,1,SRM-USDT
2020-09-09 00:00:00,1599580800000,2.1760000000,2.2280000000,2.1670000000,2.2050000000,184392.1097000000,406112.9172770000,406112.9172770000,1,SRM-USDT
2020-09-09 01:00:00,1599584400000,2.2070000000,2.2380000000,2.2000000000,2.2380000000,92791.9102000000,205483.9520251000,205483.9520251000,1,SRM-USDT
2020-09-09 02:00:00,1599588000000,2.2360000000,2.2420000000,2.1360000000,2.1530000000,177616.3994000000,386842.5311351000,386842.5311351000,1,SRM-USDT
2020-09-09 03:00:00,1599591600000,2.1510000000,2.1610000000,2.1170000000,2.1180000000,187529.3231000000,400637.2113478000,400637.2113478000,1,SRM-USDT
2020-09-09 04:00:00,1599595200000,2.1180000000,2.1350000000,2.0830000000,2.1200000000,189359.0106000000,399191.6529213000,399191.6529213000,1,SRM-USDT
2020-09-09 05:00:00,1599598800000,2.1210000000,2.1270000000,2.0920000000,2.1270000000,76084.0617000000,160223.9919804000,160223.9919804000,1,SRM-USDT
2020-09-09 06:00:00,1599602400000,2.1250000000,2.1570000000,2.0720000000,2.1410000000,294130.2721000000,621406.7183071000,621406.7183071000,1,SRM-USDT
2020-09-09 07:00:00,1599606000000,2.1410000000,2.1660000000,2.1190000000,2.1310000000,115029.0473000000,246092.6721911000,246092.6721911000,1,SRM-USDT
2020-09-09 08:00:00,1599609600000,2.1310000000,2.1620000000,2.1060000000,2.1440000000,122675.3020000000,261714.3876073000,261714.3876073000,1,SRM-USDT
2020-09-09 09:00:00,1599613200000,2.1440000000,2.1950000000,2.1430000000,2.1940000000,131392.9666000000,284302.9990302000,284302.9990302000,1,SRM-USDT
2020-09-09 10:00:00,1599616800000,2.1930000000,2.2000000000,2.1010000000,2.1110000000,249257.9735000000,536369.9616835000,536369.9616835000,1,SRM-USDT
2020-09-09 11:00:00,1599620400000,2.1070000000,2.1460000000,2.0730000000,2.1130000000,247531.2855000000,521273.1280283000,521273.1280283000,1,SRM-USDT
2020-09-09 12:00:00,1599624000000,2.1130000000,2.1550000000,2.0950000000,2.1050000000,149609.2208000000,317685.1432681000,317685.1432681000,1,SRM-USDT
2020-09-09 13:00:00,1599627600000,2.1060000000,2.1790000000,2.1060000000,2.1610000000,197186.8014000000,422349.1328403000,422349.1328403000,1,SRM-USDT
2020-09-09 14:00:00,1599631200000,2.1600000000,2.1690000000,2.1290000000,2.1420000000,83460.3070000000,179233.7580283000,179233.7580283000,1,SRM-USDT
2020-09-09 15:00:00,1599634800000,2.1430000000,2.1770000000,2.1370000000,2.1680000000,186909.8231000000,402992.4911802000,402992.4911802000,1,SRM-USDT
2020-09-09 16:00:00,1599638400000,2.1690000000,2.2220000000,2.1440000000,2.1990000000,255836.9877000000,555757.9307538000,555757.9307538000,1,SRM-USDT
2020-09-09 17:00:00,1599642000000,2.1950000000,2.2670000000,2.1810000000,2.2640000000,337315.5433000000,752887.8629928000,752887.8629928000,1,SRM-USDT
2020-09-09 18:00:00,1599645600000,2.2650000000,2.3100000000,2.2100000000,2.2340000000,346367.1847000000,781880.7522926000,781880.7522926000,1,SRM-USDT
2020-09-09 19:00:00,1599649200000,2.2340000000,2.3030000000,2.2250000000,2.2470000000,455965.7148000000,1031541.5463962000,1031541.5463962000,1,SRM-USDT
2020-09-09 20:00:00,1599652800000,2.2470000000,2.3090000000,2.2380000000,2.3090000000,294257.7392000000,665937.2165721999,665937.2165721999,1,SRM-USDT
2020-09-09 21:00:00,1599656400000,2.3080000000,2.3790000000,2.2900000000,2.3050000000,537573.8981000000,1253587.9791498000,1253587.9791498000,1,SRM-USDT
2020-09-09 22:00:00,1599660000000,2.3020000000,2.5880000000,2.3020000000,2.5080000000,1134576.6986000000,2802831.1880586999,2802831.1880586999,1,SRM-USDT
2020-09-09 23:00:00,1599663600000,2.5090000000,2.5480000000,2.4420000000,2.4580000000,990991.3582000000,2472214.2635170999,2472214.2635170999,1,SRM-USDT
2020-09-10 00:00:00,1599667200000,2.4600000000,2.5070000000,2.4210000000,2.4630000000,380323.1247000000,936991.1392172000,936991.1392172000,1,SRM-USDT
2020-09-10 01:00:00,1599670800000,2.4630000000,2.4710000000,2.4300000000,2.4660000000,179906.9006000000,441566.1704064000,441566.1704064000,1,SRM-USDT
2020-09-10 02:00:00,1599674400000,2.4650000000,2.5580000000,2.4590000000,2.5450000000,215177.2589000000,543109.7375982000,543109.7375982000,1,SRM-USDT
2020-09-10 03:00:00,1599678000000,2.5460000000,2.5540000000,2.4920000000,2.4950000000,202263.0751000000,509796.5178509000,509796.5178509000,1,SRM-USDT
2020-09-10 04:00:00,1599681600000,2.4860000000,2.5210000000,2.4710000000,2.4910000000,226415.1689000000,565486.2525686000,565486.2525686000,1,SRM-USDT
2020-09-10 05:00:00,1599685200000,2.4910000000,2.5150000000,2.4730000000,2.4880000000,145489.0680000000,363133.3831368000,363133.3831368000,1,SRM-USDT
2020-09-10 06:00:00,1599688800000,2.4900000000,2.5050000000,2.4790000000,2.5020000000,92856.9799000000,231721.9704910000,231721.9704910000,1,SRM-USDT
2020-09-10 07:00:00,1599692400000,2.5020000000,2.5440000000,2.4200000000,2.4590000000,288645.5833000000,716565.5221495000,716565.5221495000,1,SRM-USDT
2020-09-10 08:00:00,1599696000000,2.4570000000,2.5100000000,2.4570000000,2.4860000000,218309.9320000000,543182.8034899000,543182.8034899000,1,SRM-USDT
2020-09-10 09:00:00,1599699600000,2.4860000000,2.5580000000,2.4790000000,2.5550000000,293930.3007000000,743050.9051632000,743050.9051632000,1,SRM-USDT
2020-09-10 10:00:00,1599703200000,2.5540000000,2.5710000000,2.5280000000,2.5280000000,200219.6725000000,511213.6128522000,511213.6128522000,1,SRM-USDT
2020-09-10 11:00:00,1599706800000,2.5270000000,2.5370000000,2.4990000000,2.5200000000,151163.2854000000,380304.7577592000,380304.7577592000,1,SRM-USDT
2020-09-10 12:00:00,1599710400000,2.5200000000,2.5350000000,2.4950000000,2.5310000000,102175.3998000000,257265.1252201000,257265.1252201000,1,SRM-USDT
2020-09-10 13:00:00,1599714000000,2.5300000000,2.5500000000,2.4870000000,2.5450000000,275874.2300000000,694012.8455969000,694012.8455969000,1,SRM-USDT
2020-09-10 14:00:00,1599717600000,2.5450000000,2.5470000000,2.4910000000,2.5040000000,179342.9668000000,450940.5541315000,450940.5541315000,1,SRM-USDT
2020-09-10 15:00:00,1599721200000,2.5030000000,2.5260000000,2.4000000000,2.4260000000,291765.5737000000,718993.0386822000,718993.0386822000,1,SRM-USDT
2020-09-10 16:00:00,1599724800000,2.4270000000,2.4270000000,2.3840000000,2.4100000000,340862.5370000000,818585.2508465000,818585.2508465000,1,SRM-USDT
2020-09-10 17:00:00,1599728400000,2.4120000000,2.4320000000,2.3580000000,2.4090000000,150912.1181000000,361620.1557412000,361620.1557412000,1,SRM-USDT
2020-09-10 18:00:00,1599732000000,2.4090000000,2.4750000000,2.4070000000,2.4280000000,265147.7644000000,650239.8749706000,650239.8749706000,1,SRM-USDT
2020-09-10 19:00:00,1599735600000,2.4280000000,2.4560000000,2.4090000000,2.4290000000,64614.1522000000,157202.2329515000,157202.2329515000,1,SRM-USDT
2020-09-10 20:00:00,1599739200000,2.4310000000,2.4710000000,2.4270000000,2.4650000000,223490.7474000000,547777.2399367000,547777.2399367000,1,SRM-USDT
2020-09-10 21:00:00,1599742800000,2.4680000000,2.5120000000,2.4640000000,2.4940000000,209767.8694000000,521439.4332922000,521439.4332922000,1,SRM-USDT
2020-09-10 22:00:00,1599746400000,2.4950000000,2.5040000000,2.3870000000,2.4180000000,296890.6755000000,726530.8067511000,726530.8067511000,1,SRM-USDT
2020-09-10 23:00:00,1599750000000,2.4200000000,2.4300000000,2.4030000000,2.4190000000,117028.4870000000,282715.8439662000,282715.8439662000,1,SRM-USDT
2020-09-11 00:00:00,1599753600000,2.4200000000,2.4290000000,2.3040000000,2.3510000000,218365.6818000000,516033.7099058000,516033.7099058000,1,SRM-USDT
2020-09-11 01:00:00,1599757200000,2.3500000000,2.3940000000,2.3430000000,2.3720000000,124874.6737000000,296829.6221681000,296829.6221681000,1,SRM-USDT
2020-09-11 02:00:00,1599760800000,2.3720000000,2.3820000000,2.3290000000,2.3410000000,77184.8882000000,181219.1619362000,181219.1619362000,1,SRM-USDT
2020-09-11 03:00:00,1599764400000,2.3420000000,2.3510000000,2.2580000000,2.2990000000,177389.6918000000,407577.6549988000,407577.6549988000,1,SRM-USDT
2020-09-11 04:00:00,1599768000000,2.2990000000,2.3490000000,2.2990000000,2.3110000000,151426.9042000000,351972.5531366000,351972.5531366000,1,SRM-USDT
2020-09-11 05:00:00,1599771600000,2.3090000000,2.3290000000,2.2960000000,2.3240000000,87238.8267000000,201073.1271449000,201073.1271449000,1,SRM-USDT
2020-09-11 06:00:00,1599775200000,2.3220000000,2.3480000000,2.3210000000,2.3330000000,45097.1903000000,105143.0740701000,105143.0740701000,1,SRM-USDT
2020-09-11 07:00:00,1599778800000,2.3320000000,2.3330000000,2.2780000000,2.2900000000,88891.4395000000,204216.4684374000,204216.4684374000,1,SRM-USDT
2020-09-11 08:00:00,1599782400000,2.2900000000,2.3170000000,2.2900000000,2.3080000000,106867.0779000000,246238.1239443000,246238.1239443000,1,SRM-USDT
2020-09-11 09:00:00,1599786000000,2.3090000000,2.3180000000,2.2950000000,2.2980000000,105167.6489000000,242574.1933819000,242574.1933819000,1,SRM-USDT
2020-09-11 10:00:00,1599789600000,2.3020000000,2.3180000000,2.2500000000,2.2550000000,129426.7196000000,296719.6441669000,296719.6441669000,1,SRM-USDT
2020-09-11 11:00:00,1599793200000,2.2560000000,2.2700000000,2.1810000000,2.1890000000,276693.4053000000,616279.4738179001,616279.4738179001,1,SRM-USDT
2020-09-11 12:00:00,1599796800000,2.1880000000,2.2290000000,2.1820000000,2.1990000000,188316.4847000000,415630.3985642000,415630.3985642000,1,SRM-USDT
2020-09-11 13:00:00,1599800400000,2.1990000000,2.2490000000,2.1980000000,2.2470000000,105612.8575000000,234816.0472189000,234816.0472189000,1,SRM-USDT
2020-09-11 14:00:00,1599804000000,2.2450000000,2.2450000000,2.2210000000,2.2340000000,138794.8015000000,309890.1166921000,309890.1166921000,1,SRM-USDT
2020-09-11 15:00:00,1599807600000,2.2330000000,2.2850000000,2.2210000000,2.2350000000,137319.4183000000,309282.1587884000,309282.1587884000,1,SRM-USDT
2020-09-11 16:00:00,1599811200000,2.2340000000,2.2740000000,2.2290000000,2.2610000000,84476.5509000000,190685.5916544000,190685.5916544000,1,SRM-USDT
2020-09-11 17:00:00,1599814800000,2.2630000000,2.3000000000,2.2600000000,2.2890000000,140612.6857000000,320801.0451772000,320801.0451772000,1,SRM-USDT
2020-09-11 18:00:00,1599818400000,2.2900000000,2.2990000000,2.2520000000,2.2690000000,127596.8765000000,290837.6566359000,290837.6566359000,1,SRM-USDT
2020-09-11 19:00:00,1599822000000,2.2690000000,2.2940000000,2.2430000000,2.2520000000,128386.5082000000,291522.7659032000,291522.7659032000,1,SRM-USDT
2020-09-11 20:00:00,1599825600000,2.2510000000,2.2620000000,2.2310000000,2.2480000000,64236.0631000000,144196.0219857000,144196.0219857000,1,SRM-USDT
2020-09-11 21:00:00,1599829200000,2.2480000000,2.3350000000,2.2400000000,2.2860000000,169582.2705000000,387328.3120168000,387328.3120168000,1,SRM-USDT
2020-09-11 22:00:00,1599832800000,2.2860000000,2.2880000000,2.2560000000,2.2830000000,84161.3464000000,191332.0816392000,191332.0816392000,1,SRM-USDT
2020-09-11 23:00:00,1599836400000,2.2830000000,2.3610000000,2.2830000000,2.3110000000,182747.8929000000,425331.3541864000,425331.3541864000,1,SRM-USDT
2020-09-12 00:00:00,1599840000000,2.3180000000,2.3420000000,2.3030000000,2.3160000000,135018.4843000000,313751.3300500000,313751.3300500000,1,SRM-USDT
2020-09-12 01:00:00,1599843600000,2.3190000000,2.3240000000,2.2550000000,2.2810000000,102785.8689000000,234815.2980889000,234815.2980889000,1,SRM-USDT
2020-09-12 02:00:00,1599847200000,2.2820000000,2.3100000000,2.2780000000,2.3020000000,44743.1789000000,102799.9196235000,102799.9196235000,1,SRM-USDT
2020-09-12 03:00:00,1599850800000,2.3020000000,2.3060000000,2.2850000000,2.3030000000,40884.9240000000,93902.7874325000,93902.7874325000,1,SRM-USDT
2020-09-12 04:00:00,1599854400000,2.3010000000,2.3060000000,2.2800000000,2.3010000000,36565.9318000000,84015.5857934000,84015.5857934000,1,SRM-USDT
2020-09-12 05:00:00,1599858000000,2.2950000000,2.3300000000,2.2950000000,2.3180000000,58685.2652000000,135537.7577436000,135537.7577436000,1,SRM-USDT
2020-09-12 06:00:00,1599861600000,2.3160000000,2.3890000000,2.3160000000,2.3870000000,156862.0715000000,368226.9972112000,368226.9972112000,1,SRM-USDT
2020-09-12 07:00:00,1599865200000,2.3850000000,2.4120000000,2.3530000000,2.3880000000,144377.2372000000,342833.2024959000,342833.2024959000,1,SRM-USDT
2020-09-12 08:00:00,1599868800000,2.3890000000,2.3930000000,2.3210000000,2.3500000000,169642.5724000000,398843.6300680000,398843.6300680000,1,SRM-USDT
2020-09-12 09:00:00,1599872400000,2.3440000000,2.4000000000,2.3440000000,2.3830000000,128707.6204000000,306137.9866289000,306137.9866289000,1,SRM-USDT
2020-09-12 10:00:00,1599876000000,2.3810000000,2.3850000000,2.3340000000,2.3460000000,120243.9930000000,283023.0236252000,283023.0236252000,1,SRM-USDT
2020-09-12 11:00:00,1599879600000,2.3440000000,2.3510000000,2.3330000000,2.3450000000,33797.9818000000,79174.0926884000,79174.0926884000,1,SRM-USDT
2020-09-12 12:00:00,1599883200000,2.3410000000,2.3490000000,2.3330000000,2.3340000000,63621.0982000000,148832.0687380000,148832.0687380000,1,SRM-USDT
2020-09-12 13:00:00,1599886800000,2.3340000000,2.3410000000,2.3260000000,2.3390000000,52048.4864000000,121614.2762152000,121614.2762152000,1,SRM-USDT
2020-09-12 14:00:00,1599890400000,2.3390000000,2.3400000000,2.2780000000,2.2970000000,106418.9176000000,245982.0280406000,245982.0280406000,1,SRM-USDT
2020-09-12 15:00:00,1599894000000,2.2940000000,2.3150000000,2.2800000000,2.3120000000,56501.0526000000,130043.6564215000,130043.6564215000,1,SRM-USDT
2020-09-12 16:00:00,1599897600000,2.3140000000,2.3140000000,2.2520000000,2.2550000000,107361.4635000000,243589.5063213000,243589.5063213000,1,SRM-USDT
2020-09-12 17:00:00,1599901200000,2.2540000000,2.3340000000,2.2530000000,2.3290000000,88855.5096000000,203426.9504746000,203426.9504746000,1,SRM-USDT
2020-09-12 18:00:00,1599904800000,2.3300000000,2.3310000000,2.3000000000,2.3250000000,182033.6628000000,422428.1008426000,422428.1008426000,1,SRM-USDT
2020-09-12 19:00:00,1599908400000,2.3230000000,2.4000000000,2.3220000000,2.3760000000,204072.6778000000,482480.1933691000,482480.1933691000,1,SRM-USDT
2020-09-12 20:00:00,1599912000000,2.3750000000,2.3790000000,2.3100000000,2.3290000000,119941.1504000000,280171.0474544000,280171.0474544000,1,SRM-USDT
2020-09-12 21:00:00,1599915600000,2.3290000000,2.3590000000,2.2620000000,2.2810000000,165044.0839000000,379751.7888839000,379751.7888839000,1,SRM-USDT
2020-09-12 22:00:00,1599919200000,2.2810000000,2.3560000000,2.2650000000,2.3460000000,139326.8764000000,324280.8600906000,324280.8600906000,1,SRM-USDT
2020-09-12 23:00:00,1599922800000,2.3460000000,2.3630000000,2.3270000000,2.3480000000,103536.7321000000,242490.5067469000,242490.5067469000,1,SRM-USDT
2020-09-13 00:00:00,1599926400000,2.3460000000,2.3760000000,2.3430000000,2.3610000000,127069.9629000000,300646.9477557000,300646.9477557000,1,SRM-USDT
2020-09-13 01:00:00,1599930000000,2.3650000000,2.4420000000,2.3590000000,2.4310000000,213179.8761000000,511712.1066761000,511712.1066761000,1,SRM-USDT
2020-09-13 02:00:00,1599933600000,2.4300000000,2.4580000000,2.4170000000,2.4560000000,210611.7739000000,514283.3165148000,514283.3165148000,1,SRM-USDT
2020-09-13 03:00:00,1599937200000,2.4560000000,2.4850000000,2.4220000000,2.4450000000,177491.0199000000,436437.7211777000,436437.7211777000,1,SRM-USDT
2020-09-13 04:00:00,1599940800000,2.4440000000,2.4630000000,2.3760000000,2.3870000000,112725.1756000000,272933.6725881000,272933.6725881000,1,SRM-USDT
2020-09-13 05:00:00,1599944400000,2.3920000000,2.4140000000,2.3830000000,2.4080000000,75709.1948000000,181846.3009012000,181846.3009012000,1,SRM-USDT
2020-09-13 06:00:00,1599948000000,2.4090000000,2.4170000000,2.3840000000,2.4040000000,71427.9288000000,171473.2695272000,171473.2695272000,1,SRM-USDT
2020-09-13 07:00:00,1599951600000,2.4050000000,2.4140000000,2.3860000000,2.4090000000,68395.6206000000,164217.6271722000,164217.6271722000,1,SRM-USDT
2020-09-13 08:00:00,1599955200000,2.4090000000,2.4120000000,2.3220000000,2.3520000000,250823.6088000000,589624.4565700000,589624.4565700000,1,SRM-USDT
2020-09-13 09:00:00,1599958800000,2.3520000000,2.3620000000,2.2950000000,2.3170000000,193030.7776000000,448848.4402289000,448848.4402289000,1,SRM-USDT
2020-09-13 10:00:00,1599962400000,2.3190000000,2.3510000000,2.3120000000,2.3170000000,64288.8259000000,150191.2551491000,150191.2551491000,1,SRM-USDT
2020-09-13 11:00:00,1599966000000,2.3190000000,2.3500000000,2.3120000000,2.3390000000,96398.2028000000,224640.6343933000,224640.6343933000,1,SRM-USDT
2020-09-13 12:00:00,1599969600000,2.3400000000,2.4110000000,2.3280000000,2.4110000000,241088.4449000000,571341.9085689000,571341.9085689000,1,SRM-USDT
2020-09-13 13:00:00,1599973200000,2.4080000000,2.4400000000,2.3770000000,2.4230000000,219241.6753000000,529000.5955834000,529000.5955834000,1,SRM-USDT
2020-09-13 14:00:00,1599976800000,2.4230000000,2.4270000000,2.3820000000,2.4060000000,115784.3124000000,278514.3491598000,278514.3491598000,1,SRM-USDT
2020-09-13 15:00:00,1599980400000,2.4040000000,2.4620000000,2.3910000000,2.4530000000,160933.0928000000,390097.5123769000,390097.5123769000,1,SRM-USDT
2020-09-13 16:00:00,1599984000000,2.4500000000,2.5490000000,2.4330000000,2.5360000000,447506.8658000000,1111267.0105808000,1111267.0105808000,1,SRM-USDT
2020-09-13 17:00:00,1599987600000,2.5390000000,2.6470000000,2.4960000000,2.5530000000,813432.5317000001,2092960.3948615999,2092960.3948615999,1,SRM-USDT
2020-09-13 18:00:00,1599991200000,2.5540000000,2.5550000000,2.4430000000,2.5130000000,717902.6470999999,1799669.0363399000,1799669.0363399000,1,SRM-USDT
2020-09-13 19:00:00,1599994800000,2.5170000000,2.5770000000,2.3980000000,2.4110000000,600053.2964000000,1486666.7499901999,1486666.7499901999,1,SRM-USDT
2020-09-13 20:00:00,1599998400000,2.4090000000,2.4410000000,2.3470000000,2.3510000000,476222.1469000000,1140462.9788615999,1140462.9788615999,1,SRM-USDT
2020-09-13 21:00:00,1600002000000,2.3510000000,2.4080000000,2.3280000000,2.4020000000,314647.9443000000,745063.5193108000,745063.5193108000,1,SRM-USDT
2020-09-13 22:00:00,1600005600000,2.4000000000,2.4180000000,2.3600000000,2.4090000000,172741.3130000000,412477.8745862000,412477.8745862000,1,SRM-USDT
2020-09-13 23:00:00,1600009200000,2.4090000000,2.4240000000,2.2670000000,2.2950000000,333323.3448000000,784947.0073626000,784947.0073626000,1,SRM-USDT
2020-09-14 00:00:00,1600012800000,2.2890000000,2.3000000000,2.2150000000,2.2630000000,397667.6359000000,896830.7631259999,896830.7631259999,1,SRM-USDT
2020-09-14 01:00:00,1600016400000,2.2620000000,2.2750000000,2.2100000000,2.2660000000,195052.8043000000,437085.9438988000,437085.9438988000,1,SRM-USDT
2020-09-14 02:00:00,1600020000000,2.2660000000,2.2810000000,2.2390000000,2.2740000000,111953.4488000000,252996.8030888000,252996.8030888000,1,SRM-USDT
2020-09-14 03:00:00,1600023600000,2.2680000000,2.2990000000,2.2530000000,2.2810000000,157335.9954000000,358580.4825062000,358580.4825062000,1,SRM-USDT
2020-09-14 04:00:00,1600027200000,2.2820000000,2.2940000000,2.2460000000,2.2820000000,106440.2759000000,241467.8583551000,241467.8583551000,1,SRM-USDT
2020-09-14 05:00:00,1600030800000,2.2850000000,2.2900000000,2.2490000000,2.2530000000,80036.7929000000,182120.7073241000,182120.7073241000,1,SRM-USDT
2020-09-14 06:00:00,1600034400000,2.2580000000,2.3160000000,2.2580000000,2.3120000000,80076.8791000000,182852.2183418000,182852.2183418000,1,SRM-USDT
2020-09-14 07:00:00,1600038000000,2.3130000000,2.3800000000,2.3010000000,2.3800000000,114795.9977000000,267612.0130937000,267612.0130937000,1,SRM-USDT
2020-09-14 08:00:00,1600041600000,2.3790000000,2.3790000000,2.2380000000,2.2660000000,238787.5833000000,545408.0707675000,545408.0707675000,1,SRM-USDT
2020-09-14 09:00:00,1600045200000,2.2660000000,2.3080000000,2.2660000000,2.3070000000,63262.6381000000,144896.0368454000,144896.0368454000,1,SRM-USDT
2020-09-14 10:00:00,1600048800000,2.3080000000,2.3470000000,2.2870000000,2.3090000000,126471.7919000000,293800.9648196000,293800.9648196000,1,SRM-USDT
2020-09-14 11:00:00,1600052400000,2.3050000000,2.3250000000,2.2870000000,2.2940000000,79429.6486000000,183482.5990234000,183482.5990234000,1,SRM-USDT
2020-09-14 12:00:00,1600056000000,2.2930000000,2.3730000000,2.2520000000,2.3280000000,348522.2204000000,806746.5442410000,806746.5442410000,1,SRM-USDT
2020-09-14 13:00:00,1600059600000,2.3300000000,2.3450000000,2.3060000000,2.3400000000,167730.1996000000,389918.7655590000,389918.7655590000,1,SRM-USDT
2020-09-14 14:00:00,1600063200000,2.3420000000,2.3890000000,2.3410000000,2.3680000000,172728.8068000000,408719.7047435000,408719.7047435000,1,SRM-USDT
2020-09-14 15:00:00,1600066800000,2.3680000000,2.4300000000,2.3540000000,2.4280000000,248341.8540000000,593986.6065684000,593986.6065684000,1,SRM-USDT
2020-09-14 16:00:00,1600070400000,2.4270000000,2.4560000000,2.3440000000,2.3570000000,296903.4126000000,715058.9280726000,715058.9280726000,1,SRM-USDT
2020-09-14 17:00:00,1600074000000,2.3720000000,2.3930000000,2.3420000000,2.3900000000,88532.1573000000,209398.2017400000,209398.2017400000,1,SRM-USDT
2020-09-14 18:00:00,1600077600000,2.3830000000,2.4170000000,2.3780000000,2.4110000000,118912.0314000000,285411.8051011000,285411.8051011000,1,SRM-USDT
2020-09-14 19:00:00,1600081200000,2.4140000000,2.4330000000,2.3990000000,2.4300000000,93312.0528000000,225444.9578584000,225444.9578584000,1,SRM-USDT
2020-09-14 20:00:00,1600084800000,2.4310000000,2.4460000000,2.3820000000,2.4210000000,194445.2864000000,469953.9561314000,469953.9561314000,1,SRM-USDT
2020-09-14 21:00:00,1600088400000,2.4220000000,2.4340000000,2.4040000000,2.4270000000,140168.3535000000,339143.8930085000,339143.8930085000,1,SRM-USDT
2020-09-14 22:00:00,1600092000000,2.4270000000,2.4290000000,2.3850000000,2.3860000000,198729.1911000000,477880.1583247000,477880.1583247000,1,SRM-USDT
2020-09-14 23:00:00,1600095600000,2.3870000000,2.4820000000,2.3840000000,2.4780000000,327214.0532000000,798667.6195040999,798667.6195040999,1,SRM-USDT
2020-09-15 00:00:00,1600099200000,2.4790000000,2.5430000000,2.4340000000,2.4960000000,590058.6412000000,1469339.6708060999,1469339.6708060999,1,SRM-USDT
2020-09-15 01:00:00,1600102800000,2.4960000000,2.5030000000,2.4370000000,2.4560000000,215432.5069000000,530132.8929701000,530132.8929701000,1,SRM-USDT
2020-09-15 02:00:00,1600106400000,2.4560000000,2.5070000000,2.4540000000,2.4750000000,168682.5663000000,419113.8405767000,419113.8405767000,1,SRM-USDT
2020-09-15 03:00:00,1600110000000,2.4750000000,2.4990000000,2.4530000000,2.4890000000,67859.6384000000,168185.6207659000,168185.6207659000,1,SRM-USDT
2020-09-15 04:00:00,1600113600000,2.4900000000,2.5050000000,2.4730000000,2.4790000000,92134.4760000000,229573.6867835000,229573.6867835000,1,SRM-USDT
2020-09-15 05:00:00,1600117200000,2.4800000000,2.4850000000,2.4340000000,2.4620000000,111578.6486000000,273633.3827662000,273633.3827662000,1,SRM-USDT
2020-09-15 06:00:00,1600120800000,2.4610000000,2.4700000000,2.4020000000,2.4080000000,105754.1984000000,256648.4454650000,256648.4454650000,1,SRM-USDT
2020-09-15 07:00:00,1600124400000,2.4060000000,2.4100000000,2.3440000000,2.3980000000,277409.1068000000,656407.5868379000,656407.5868379000,1,SRM-USDT
2020-09-15 08:00:00,1600128000000,2.3980000000,2.4430000000,2.3720000000,2.4430000000,147268.4114000000,354045.4275505000,354045.4275505000,1,SRM-USDT
2020-09-15 09:00:00,1600131600000,2.4430000000,2.4740000000,2.4010000000,2.4700000000,199878.5277000000,486757.1706353000,486757.1706353000,1,SRM-USDT
2020-09-15 10:00:00,1600135200000,2.4680000000,2.4980000000,2.4260000000,2.4690000000,166678.8889000000,410199.8627487000,410199.8627487000,1,SRM-USDT
2020-09-15 11:00:00,1600138800000,2.4710000000,2.5130000000,2.4630000000,2.4730000000,257176.0307000000,641684.5119220000,641684.5119220000,1,SRM-USDT
2020-09-15 12:00:00,1600142400000,2.4780000000,2.4800000000,2.4360000000,2.4440000000,117545.0767000000,288293.4377646000,288293.4377646000,1,SRM-USDT
2020-09-15 13:00:00,1600146000000,2.4470000000,2.4490000000,2.4230000000,2.4300000000,99994.6062000000,243732.2085566000,243732.2085566000,1,SRM-USDT
2020-09-15 14:00:00,1600149600000,2.4300000000,2.4300000000,2.3930000000,2.4220000000,136368.2832000000,328307.8134978000,328307.8134978000,1,SRM-USDT
2020-09-15 15:00:00,1600153200000,2.4200000000,2.4270000000,2.3610000000,2.3670000000,174043.0641000000,416632.6448229000,416632.6448229000,1,SRM-USDT
2020-09-15 16:00:00,1600156800000,2.3680000000,2.3740000000,2.2820000000,2.3240000000,402232.4806000000,933036.4838624001,933036.4838624001,1,SRM-USDT
2020-09-15 17:00:00,1600160400000,2.3220000000,2.3630000000,2.2980000000,2.3620000000,149413.3161000000,348682.9844182000,348682.9844182000,1,SRM-USDT
2020-09-15 18:00:00,1600164000000,2.3610000000,2.3880000000,2.3430000000,2.3790000000,107862.3699000000,254502.6217267000,254502.6217267000,1,SRM-USDT
2020-09-15 19:00:00,1600167600000,2.3820000000,2.3890000000,2.3280000000,2.3400000000,184229.9313000000,434305.3838885000,434305.3838885000,1,SRM-USDT
2020-09-15 20:00:00,1600171200000,2.3400000000,2.3860000000,2.3400000000,2.3560000000,158277.6204000000,373897.9548655000,373897.9548655000,1,SRM-USDT
2020-09-15 21:00:00,1600174800000,2.3550000000,2.3560000000,2.2680000000,2.2760000000,184847.7266000000,427758.2208541000,427758.2208541000,1,SRM-USDT
2020-09-15 22:00:00,1600178400000,2.2760000000,2.2930000000,2.1210000000,2.1610000000,562953.5177000000,1249954.9619250000,1249954.9619250000,1,SRM-USDT
2020-09-15 23:00:00,1600182000000,2.1640000000,2.1980000000,2.1340000000,2.1810000000,281234.1085000000,610852.3226048000,610852.3226048000,1,SRM-USDT
2020-09-16 00:00:00,1600185600000,2.1790000000,2.1930000000,2.1540000000,2.1830000000,212114.1631000000,461838.0058793000,461838.0058793000,1,SRM-USDT
2020-09-16 01:00:00,1600189200000,2.1810000000,2.1890000000,2.1460000000,2.1810000000,147018.1085000000,318047.6846008000,318047.6846008000,1,SRM-USDT
2020-09-16 02:00:00,1600192800000,2.1830000000,2.1830000000,2.1340000000,2.1360000000,128418.8762000000,276062.9961620000,276062.9961620000,1,SRM-USDT
2020-09-16 03:00:00,1600196400000,2.1370000000,2.1370000000,2.0790000000,2.1140000000,222584.0708000000,467816.1332973000,467816.1332973000,1,SRM-USDT
2020-09-16 04:00:00,1600200000000,2.1140000000,2.1350000000,2.0970000000,2.0970000000,162084.7337000000,342482.4580553000,342482.4580553000,1,SRM-USDT
2020-09-16 05:00:00,1600203600000,2.0970000000,2.1270000000,2.0930000000,2.1130000000,104327.7718000000,219474.9065885000,219474.9065885000,1,SRM-USDT
2020-09-16 06:00:00,1600207200000,2.1140000000,2.1190000000,2.0820000000,2.0880000000,76158.5714000000,160604.7467901000,160604.7467901000,1,SRM-USDT
2020-09-16 07:00:00,1600210800000,2.0890000000,2.0900000000,2.0020000000,2.0370000000,299569.7727000000,610483.3046946001,610483.3046946001,1,SRM-USDT
2020-09-16 08:00:00,1600214400000,2.0380000000,2.0380000000,1.8540000000,1.9240000000,544059.3059000000,1048432.7090773000,1048432.7090773000,1,SRM-USDT
2020-09-16 09:00:00,1600218000000,1.9240000000,1.9960000000,1.9120000000,1.9810000000,212598.3173000000,415109.0919099000,415109.0919099000,1,SRM-USDT
2020-09-16 10:00:00,1600221600000,1.9800000000,1.9810000000,1.9180000000,1.9290000000,204667.0631000000,397825.7048624000,397825.7048624000,1,SRM-USDT
2020-09-16 11:00:00,1600225200000,1.9310000000,1.9340000000,1.9000000000,1.9150000000,154116.4493000000,294972.2534933000,294972.2534933000,1,SRM-USDT
2020-09-16 12:00:00,1600228800000,1.9160000000,1.9770000000,1.9070000000,1.9570000000,153145.7874000000,298042.8528563000,298042.8528563000,1,SRM-USDT
2020-09-16 13:00:00,1600232400000,1.9560000000,1.9980000000,1.9530000000,1.9650000000,172359.2203000000,341065.0592625000,341065.0592625000,1,SRM-USDT
2020-09-16 14:00:00,1600236000000,1.9670000000,2.0220000000,1.9470000000,2.0220000000,126579.8801000000,250492.0719415000,250492.0719415000,1,SRM-USDT
2020-09-16 15:00:00,1600239600000,2.0220000000,2.0320000000,1.9980000000,2.0130000000,112484.9582000000,226889.5015508000,226889.5015508000,1,SRM-USDT
2020-09-16 16:00:00,1600243200000,2.0140000000,2.0160000000,1.9730000000,1.9870000000,107146.8409000000,213919.4171980000,213919.4171980000,1,SRM-USDT
2020-09-16 17:00:00,1600246800000,1.9860000000,1.9860000000,1.9410000000,1.9780000000,167630.2608000000,328891.2962033000,328891.2962033000,1,SRM-USDT
2020-09-16 18:00:00,1600250400000,1.9780000000,1.9930000000,1.9100000000,1.9330000000,189421.6122000000,368951.6262296000,368951.6262296000,1,SRM-USDT
2020-09-16 19:00:00,1600254000000,1.9310000000,1.9640000000,1.9150000000,1.9350000000,187361.8680000000,362259.2078529000,362259.2078529000,1,SRM-USDT
2020-09-16 20:00:00,1600257600000,1.9360000000,1.9640000000,1.9150000000,1.9540000000,177318.3801000000,344796.7595803000,344796.7595803000,1,SRM-USDT
2020-09-16 21:00:00,1600261200000,1.9550000000,1.9600000000,1.9390000000,1.9390000000,133778.1290000000,260352.8520025000,260352.8520025000,1,SRM-USDT
2020-09-16 22:00:00,1600264800000,1.9390000000,1.9480000000,1.9000000000,1.9190000000,145207.3808000000,280769.0175573000,280769.0175573000,1,SRM-USDT
2020-09-16 23:00:00,1600268400000,1.9210000000,1.9660000000,1.9150000000,1.9480000000,185619.9943000000,361435.6136066000,361435.6136066000,1,SRM-USDT
2020-09-17 00:00:00,1600272000000,1.9490000000,1.9560000000,1.8990000000,1.9170000000,186375.6835000000,359354.1949589000,359354.1949589000,1,SRM-USDT
2020-09-17 01:00:00,1600275600000,1.9150000000,1.9200000000,1.8280000000,1.8520000000,323474.9456000000,604403.8101598000,604403.8101598000,1,SRM-USDT
2020-09-17 02:00:00,1600279200000,1.8530000000,1.8570000000,1.7900000000,1.8060000000,343341.3343000000,625010.0424690000,625010.0424690000,1,SRM-USDT
2020-09-17 03:00:00,1600282800000,1.8070000000,1.8150000000,1.7770000000,1.7880000000,165666.8377000000,296955.7500982000,296955.7500982000,1,SRM-USDT
2020-09-17 04:00:00,1600286400000,1.7920000000,1.7930000000,1.7510000000,1.7590000000,178796.5354000000,315676.2736090000,315676.2736090000,1,SRM-USDT
2020-09-17 05:00:00,1600290000000,1.7580000000,1.8130000000,1.7560000000,1.8130000000,115854.7428000000,207019.5949804000,207019.5949804000,1,SRM-USDT
2020-09-17 06:00:00,1600293600000,1.8140000000,1.8550000000,1.8020000000,1.8550000000,141194.4630000000,258710.8907945000,258710.8907945000,1,SRM-USDT
2020-09-17 07:00:00,1600297200000,1.8520000000,1.8580000000,1.8030000000,1.8280000000,118270.3594000000,216282.5451243000,216282.5451243000,1,SRM-USDT
2020-09-17 08:00:00,1600300800000,1.8270000000,1.9490000000,1.8000000000,1.9210000000,286643.1310000000,542363.5877845000,542363.5877845000,1,SRM-USDT
2020-09-17 09:00:00,1600304400000,1.9220000000,1.9880000000,1.9040000000,1.9180000000,233147.7432000000,453910.2348583000,453910.2348583000,1,SRM-USDT
2020-09-17 10:00:00,1600308000000,1.9190000000,1.9270000000,1.8690000000,1.8920000000,158963.0193000000,301812.6611942000,301812.6611942000,1,SRM-USDT
2020-09-17 11:00:00,1600311600000,1.8930000000,1.8970000000,1.8410000000,1.8450000000,116451.2883000000,217209.6379425000,217209.6379425000,1,SRM-USDT
2020-09-17 12:00:00,1600315200000,1.8450000000,1.8630000000,1.8290000000,1.8600000000,137260.1034000000,253454.6905119000,253454.6905119000,1,SRM-USDT
2020-09-17 13:00:00,1600318800000,1.8590000000,1.8940000000,1.8470000000,1.8900000000,108468.5553000000,203460.0447924000,203460.0447924000,1,SRM-USDT
2020-09-17 14:00:00,1600322400000,1.8900000000,1.8940000000,1.8570000000,1.8890000000,189607.5997000000,356017.3879995000,356017.3879995000,1,SRM-USDT
2020-09-17 15:00:00,1600326000000,1.8880000000,1.9240000000,1.8820000000,1.8910000000,196305.1048000000,374642.3332496000,374642.3332496000,1,SRM-USDT
2020-09-17 16:00:00,1600329600000,1.8870000000,1.8940000000,1.8310000000,1.8360000000,85667.2132000000,159226.1306183000,159226.1306183000,1,SRM-USDT
2020-09-17 17:00:00,1600333200000,1.8340000000,1.9400000000,1.8070000000,1.9380000000,368936.6587000000,694024.8047502000,694024.8047502000,1,SRM-USDT
2020-09-17 18:00:00,1600336800000,1.9340000000,1.9750000000,1.9090000000,1.9660000000,259490.3882000000,501767.4878122000,501767.4878122000,1,SRM-USDT
2020-09-17 19:00:00,1600340400000,1.9660000000,1.9730000000,1.9440000000,1.9490000000,134456.9201000000,263457.8055301000,263457.8055301000,1,SRM-USDT
2020-09-17 20:00:00,1600344000000,1.9490000000,1.9520000000,1.8870000000,1.8910000000,96897.2694000000,186345.1206166000,186345.1206166000,1,SRM-USDT
2020-09-17 21:00:00,1600347600000,1.8920000000,1.9120000000,1.8720000000,1.8880000000,164152.1999000000,310315.7217882000,310315.7217882000,1,SRM-USDT
2020-09-17 22:00:00,1600351200000,1.8860000000,1.9080000000,1.8620000000,1.8860000000,98278.5612000000,185553.3828937000,185553.3828937000,1,SRM-USDT
2020-09-17 23:00:00,1600354800000,1.8860000000,1.9060000000,1.8730000000,1.8730000000,108693.5032000000,205949.4588903000,205949.4588903000,1,SRM-USDT
2020-09-18 00:00:00,1600358400000,1.8730000000,1.8910000000,1.8460000000,1.8890000000,112031.2651000000,209129.6780291000,209129.6780291000,1,SRM-USDT
2020-09-18 01:00:00,1600362000000,1.8880000000,1.9390000000,1.8870000000,1.9280000000,82092.9179000000,156884.4889232000,156884.4889232000,1,SRM-USDT
2020-09-18 02:00:00,1600365600000,1.9280000000,1.9400000000,1.9200000000,1.9280000000,114280.8647000000,220658.2231901000,220658.2231901000,1,SRM-USDT
2020-09-18 03:00:00,1600369200000,1.9300000000,1.9770000000,1.9170000000,1.9610000000,108126.7125000000,209772.8107743000,209772.8107743000,1,SRM-USDT
2020-09-18 04:00:00,1600372800000,1.9610000000,1.9700000000,1.9480000000,1.9540000000,66697.8123000000,130531.2229952000,130531.2229952000,1,SRM-USDT
2020-09-18 05:00:00,1600376400000,1.9550000000,1.9620000000,1.9340000000,1.9500000000,86638.9552000000,169053.3587033000,169053.3587033000,1,SRM-USDT
2020-09-18 06:00:00,1600380000000,1.9510000000,1.9520000000,1.8970000000,1.8980000000,113074.0353000000,217806.8965000000,217806.8965000000,1,SRM-USDT
2020-09-18 07:00:00,1600383600000,1.8990000000,1.9400000000,1.8990000000,1.9390000000,140629.4804000000,270170.5740094000,270170.5740094000,1,SRM-USDT
2020-09-18 08:00:00,1600387200000,1.9380000000,1.9600000000,1.9240000000,1.9340000000,126927.2692000000,246790.0523649000,246790.0523649000,1,SRM-USDT
2020-09-18 09:00:00,1600390800000,1.9340000000,1.9390000000,1.9080000000,1.9230000000,99090.8245000000,190275.5579415000,190275.5579415000,1,SRM-USDT
2020-09-18 10:00:00,1600394400000,1.9240000000,1.9600000000,1.9210000000,1.9430000000,77937.6965000000,151101.3091896000,151101.3091896000,1,SRM-USDT
2020-09-18 11:00:00,1600398000000,1.9440000000,1.9620000000,1.9270000000,1.9610000000,67359.1281000000,131000.8021783000,131000.8021783000,1,SRM-USDT
2020-09-18 12:00:00,1600401600000,1.9610000000,1.9630000000,1.9070000000,1.9120000000,235633.1379000000,457207.8720833000,457207.8720833000,1,SRM-USDT
2020-09-18 13:00:00,1600405200000,1.9130000000,1.9320000000,1.9040000000,1.9320000000,90387.3098000000,173104.6575959000,173104.6575959000,1,SRM-USDT
2020-09-18 14:00:00,1600408800000,1.9320000000,2.0660000000,1.9130000000,2.0480000000,329818.0862000000,659432.6676829000,659432.6676829000,1,SRM-USDT
2020-09-18 15:00:00,1600412400000,2.0470000000,2.0780000000,2.0130000000,2.0250000000,318309.3658000000,651811.1651735000,651811.1651735000,1,SRM-USDT
2020-09-18 16:00:00,1600416000000,2.0250000000,2.1210000000,2.0240000000,2.1160000000,468975.4094000000,977435.7029724000,977435.7029724000,1,SRM-USDT
2020-09-18 17:00:00,1600419600000,2.1110000000,2.1140000000,2.0690000000,2.1010000000,303483.6710000000,634980.5670097000,634980.5670097000,1,SRM-USDT
2020-09-18 18:00:00,1600423200000,2.0990000000,2.1390000000,2.0940000000,2.1100000000,192493.5493000000,407046.2305331000,407046.2305331000,1,SRM-USDT
2020-09-18 19:00:00,1600426800000,2.1090000000,2.1150000000,2.0720000000,2.1070000000,225152.4349000000,472524.4729432000,472524.4729432000,1,SRM-USDT
2020-09-18 20:00:00,1600430400000,2.1090000000,2.1110000000,2.0770000000,2.0970000000,90681.8865000000,189868.6392861000,189868.6392861000,1,SRM-USDT
2020-09-18 21:00:00,1600434000000,2.0960000000,2.1610000000,2.0860000000,2.0970000000,250297.5286000000,530079.5859699000,530079.5859699000,1,SRM-USDT
2020-09-18 22:00:00,1600437600000,2.0940000000,2.1540000000,2.0890000000,2.1390000000,165467.2814000000,351392.0156657000,351392.0156657000,1,SRM-USDT
2020-09-18 23:00:00,1600441200000,2.1370000000,2.2790000000,2.1060000000,2.2550000000,617173.3995000001,1343800.0927124999,1343800.0927124999,1,SRM-USDT
2020-09-19 00:00:00,1600444800000,2.2540000000,2.2540000000,2.1470000000,2.1510000000,346387.9729000000,759110.7522396001,759110.7522396001,1,SRM-USDT
2020-09-19 01:00:00,1600448400000,2.1490000000,2.1490000000,2.0180000000,2.0390000000,466307.2659000000,968352.7319192000,968352.7319192000,1,SRM-USDT
2020-09-19 02:00:00,1600452000000,2.0410000000,2.0420000000,1.9580000000,2.0260000000,315552.1155000000,630698.9866100000,630698.9866100000,1,SRM-USDT
2020-09-19 03:00:00,1600455600000,2.0250000000,2.0290000000,1.9900000000,2.0280000000,109139.5829000000,219788.9909989000,219788.9909989000,1,SRM-USDT
2020-09-19 04:00:00,1600459200000,2.0280000000,2.0700000000,2.0000000000,2.0400000000,151427.6844000000,309550.2798192000,309550.2798192000,1,SRM-USDT
2020-09-19 05:00:00,1600462800000,2.0390000000,2.0680000000,2.0390000000,2.0680000000,63805.6475000000,130787.4648801000,130787.4648801000,1,SRM-USDT
2020-09-19 06:00:00,1600466400000,2.0680000000,2.1100000000,2.0610000000,2.1060000000,138097.1092000000,288812.6261639000,288812.6261639000,1,SRM-USDT
2020-09-19 07:00:00,1600470000000,2.1080000000,2.1090000000,2.0160000000,2.1080000000,204561.8264000000,420482.8356543000,420482.8356543000,1,SRM-USDT
2020-09-19 08:00:00,1600473600000,2.1050000000,2.1070000000,2.0520000000,2.0550000000,59562.5156000000,123357.4779349000,123357.4779349000,1,SRM-USDT
2020-09-19 09:00:00,1600477200000,2.0550000000,2.0880000000,2.0330000000,2.0860000000,82102.1095000000,169281.1527239000,169281.1527239000,1,SRM-USDT
2020-09-19 10:00:00,1600480800000,2.0840000000,2.1080000000,2.0760000000,2.1070000000,99823.3666000000,209070.7927953000,209070.7927953000,1,SRM-USDT
2020-09-19 11:00:00,1600484400000,2.1050000000,2.1450000000,2.0910000000,2.1140000000,168132.3698000000,356388.8334279000,356388.8334279000,1,SRM-USDT
2020-09-19 12:00:00,1600488000000,2.1140000000,2.1230000000,2.0530000000,2.0850000000,94044.5818000000,196247.3884846000,196247.3884846000,1,SRM-USDT
2020-09-19 13:00:00,1600491600000,2.0860000000,2.0870000000,2.0380000000,2.0380000000,86997.4009000000,179209.7873245000,179209.7873245000,1,SRM-USDT
2020-09-19 14:00:00,1600495200000,2.0380000000,2.0740000000,2.0380000000,2.0730000000,79154.9120000000,162943.5295349000,162943.5295349000,1,SRM-USDT
2020-09-19 15:00:00,1600498800000,2.0720000000,2.0780000000,2.0000000000,2.0030000000,129278.8113000000,263803.3081763000,263803.3081763000,1,SRM-USDT
2020-09-19 16:00:00,1600502400000,2.0010000000,2.0330000000,1.9860000000,2.0160000000,112016.3221000000,224635.4260237000,224635.4260237000,1,SRM-USDT
2020-09-19 17:00:00,1600506000000,2.0160000000,2.0290000000,1.9800000000,1.9930000000,103872.0903000000,208913.3060505000,208913.3060505000,1,SRM-USDT
2020-09-19 18:00:00,1600509600000,1.9960000000,2.0050000000,1.9520000000,1.9700000000,122470.4071000000,242216.0605328000,242216.0605328000,1,SRM-USDT
2020-09-19 19:00:00,1600513200000,1.9710000000,2.0150000000,1.9710000000,2.0120000000,136502.5796000000,272849.4847595000,272849.4847595000,1,SRM-USDT
2020-09-19 20:00:00,1600516800000,2.0110000000,2.0170000000,1.9710000000,1.9810000000,93210.5684000000,185748.6982468000,185748.6982468000,1,SRM-USDT
2020-09-19 21:00:00,1600520400000,1.9800000000,2.0130000000,1.9800000000,1.9980000000,82136.6873000000,164269.7141116000,164269.7141116000,1,SRM-USDT
2020-09-19 22:00:00,1600524000000,1.9980000000,2.0280000000,1.9850000000,2.0250000000,98165.8951000000,196538.1972158000,196538.1972158000,1,SRM-USDT
2020-09-19 23:00:00,1600527600000,2.0250000000,2.0270000000,2.0020000000,2.0070000000,60312.8945000000,121539.3203662000,121539.3203662000,1,SRM-USDT
2020-09-20 00:00:00,1600531200000,2.0070000000,2.1220000000,2.0000000000,2.0630000000,438489.8606000000,910040.0284674000,910040.0284674000,1,SRM-USDT
2020-09-20 01:00:00,1600534800000,2.0650000000,2.0710000000,2.0470000000,2.0550000000,69266.8704000000,142800.3281995000,142800.3281995000,1,SRM-USDT
2020-09-20 02:00:00,1600538400000,2.0550000000,2.0660000000,2.0170000000,2.0420000000,109145.7767000000,222820.4038286000,222820.4038286000,1,SRM-USDT
2020-09-20 03:00:00,1600542000000,2.0420000000,2.0420000000,2.0080000000,2.0310000000,52495.7909000000,106418.8597609000,106418.8597609000,1,SRM-USDT
2020-09-20 04:00:00,1600545600000,2.0310000000,2.0430000000,2.0250000000,2.0390000000,28591.6351000000,58100.2665353000,58100.2665353000,1,SRM-USDT
2020-09-20 05:00:00,1600549200000,2.0410000000,2.0410000000,2.0220000000,2.0270000000,27178.8949000000,55237.0111121000,55237.0111121000,1,SRM-USDT
2020-09-20 06:00:00,1600552800000,2.0280000000,2.0320000000,2.0050000000,2.0250000000,26692.3635000000,53969.9055447000,53969.9055447000,1,SRM-USDT
2020-09-20 07:00:00,1600556400000,2.0270000000,2.0280000000,2.0070000000,2.0110000000,39564.8587000000,79667.2656961000,79667.2656961000,1,SRM-USDT
2020-09-20 08:00:00,1600560000000,2.0120000000,2.0140000000,1.9820000000,1.9920000000,120407.0765000000,240193.9003942000,240193.9003942000,1,SRM-USDT
2020-09-20 09:00:00,1600563600000,1.9920000000,1.9920000000,1.9290000000,1.9550000000,196254.3149000000,383406.0879317000,383406.0879317000,1,SRM-USDT
2020-09-20 10:00:00,1600567200000,1.9530000000,1.9690000000,1.9410000000,1.9600000000,107839.2153000000,211401.3473450000,211401.3473450000,1,SRM-USDT
2020-09-20 11:00:00,1600570800000,1.9590000000,1.9590000000,1.9370000000,1.9560000000,123434.4731000000,240472.6255117000,240472.6255117000,1,SRM-USDT
2020-09-20 12:00:00,1600574400000,1.9560000000,1.9580000000,1.9250000000,1.9470000000,108463.6394000000,210665.5990344000,210665.5990344000,1,SRM-USDT
2020-09-20 13:00:00,1600578000000,1.9430000000,1.9680000000,1.9420000000,1.9660000000,54001.0498000000,105414.4207165000,105414.4207165000,1,SRM-USDT
2020-09-20 14:00:00,1600581600000,1.9670000000,1.9970000000,1.9360000000,1.9830000000,165524.6761000000,324918.5844295000,324918.5844295000,1,SRM-USDT
2020-09-20 15:00:00,1600585200000,1.9820000000,2.0000000000,1.9640000000,1.9690000000,102041.4014000000,202722.5676630000,202722.5676630000,1,SRM-USDT
2020-09-20 16:00:00,1600588800000,1.9680000000,1.9820000000,1.9610000000,1.9660000000,44733.3055000000,88220.2814705000,88220.2814705000,1,SRM-USDT
2020-09-20 17:00:00,1600592400000,1.9660000000,1.9820000000,1.9500000000,1.9710000000,100501.5896000000,197605.9316907000,197605.9316907000,1,SRM-USDT
2020-09-20 18:00:00,1600596000000,1.9710000000,1.9730000000,1.9530000000,1.9690000000,54697.1120000000,107419.9131072000,107419.9131072000,1,SRM-USDT
2020-09-20 19:00:00,1600599600000,1.9680000000,1.9710000000,1.9560000000,1.9580000000,35062.5743000000,68824.7521465000,68824.7521465000,1,SRM-USDT
2020-09-20 20:00:00,1600603200000,1.9580000000,1.9580000000,1.9090000000,1.9140000000,131664.0558000000,253206.3171226000,253206.3171226000,1,SRM-USDT
2020-09-20 21:00:00,1600606800000,1.9130000000,1.9150000000,1.8450000000,1.9140000000,201635.1018000000,380245.8828847000,380245.8828847000,1,SRM-USDT
2020-09-20 22:00:00,1600610400000,1.9130000000,1.9150000000,1.8620000000,1.8690000000,78934.0606000000,149107.8559835000,149107.8559835000,1,SRM-USDT
2020-09-20 23:00:00,1600614000000,1.8690000000,1.8890000000,1.8520000000,1.8560000000,76897.0972000000,143633.5873940000,143633.5873940000,1,SRM-USDT
2020-09-21 00:00:00,1600617600000,1.8550000000,1.8730000000,1.8030000000,1.8710000000,214984.7222000000,394637.5494094000,394637.5494094000,1,SRM-USDT
2020-09-21 01:00:00,1600621200000,1.8690000000,1.8890000000,1.8530000000,1.8790000000,74876.5481000000,140116.8230952000,140116.8230952000,1,SRM-USDT
2020-09-21 02:00:00,1600624800000,1.8800000000,1.8850000000,1.8600000000,1.8690000000,27430.3048000000,51323.9458099000,51323.9458099000,1,SRM-USDT
2020-09-21 03:00:00,1600628400000,1.8690000000,1.8800000000,1.8680000000,1.8700000000,14378.0871000000,26968.9309909000,26968.9309909000,1,SRM-USDT
2020-09-21 04:00:00,1600632000000,1.8710000000,1.8720000000,1.8540000000,1.8540000000,18598.3168000000,34671.8842145000,34671.8842145000,1,SRM-USDT
2020-09-21 05:00:00,1600635600000,1.8540000000,1.8550000000,1.8210000000,1.8360000000,28194.9163000000,51798.8267668000,51798.8267668000,1,SRM-USDT
2020-09-21 06:00:00,1600639200000,1.8370000000,1.8440000000,1.8150000000,1.8350000000,40333.0364000000,73659.4320500000,73659.4320500000,1,SRM-USDT
2020-09-21 07:00:00,1600642800000,1.8390000000,1.8890000000,1.8390000000,1.8870000000,77683.9489000000,145343.0196749000,145343.0196749000,1,SRM-USDT
2020-09-21 08:00:00,1600646400000,1.8860000000,1.8960000000,1.8630000000,1.8940000000,70716.6624000000,132955.4823620000,132955.4823620000,1,SRM-USDT
2020-09-21 09:00:00,1600650000000,1.8940000000,1.9270000000,1.8890000000,1.8890000000,118048.2783000000,225977.8116778000,225977.8116778000,1,SRM-USDT
2020-09-21 10:00:00,1600653600000,1.8910000000,1.8920000000,1.8750000000,1.8810000000,46428.9468000000,87386.2570649000,87386.2570649000,1,SRM-USDT
2020-09-21 11:00:00,1600657200000,1.8810000000,1.8960000000,1.8610000000,1.8950000000,104387.9022000000,195708.9970522000,195708.9970522000,1,SRM-USDT
2020-09-21 12:00:00,1600660800000,1.8950000000,1.9250000000,1.8900000000,1.9010000000,151334.7094000000,288643.6881784000,288643.6881784000,1,SRM-USDT
2020-09-21 13:00:00,1600664400000,1.9000000000,1.9060000000,1.8650000000,1.8770000000,142456.6586000000,267462.6747741000,267462.6747741000,1,SRM-USDT
2020-09-21 14:00:00,1600668000000,1.8790000000,1.8910000000,1.8640000000,1.8690000000,46302.6000000000,87000.0651974000,87000.0651974000,1,SRM-USDT
2020-09-21 15:00:00,1600671600000,1.8720000000,1.9390000000,1.8460000000,1.8470000000,265824.8316000000,501719.7396835000,501719.7396835000,1,SRM-USDT
2020-09-21 16:00:00,1600675200000,1.8470000000,1.8580000000,1.7000000000,1.7850000000,512360.4732000000,912608.6696858000,912608.6696858000,1,SRM-USDT
2020-09-21 17:00:00,1600678800000,1.7850000000,1.7920000000,1.6670000000,1.6790000000,437837.7377000000,758952.7268087000,758952.7268087000,1,SRM-USDT
2020-09-21 18:00:00,1600682400000,1.6750000000,1.7530000000,1.6510000000,1.7480000000,386029.7462000000,654360.6416724999,654360.6416724999,1,SRM-USDT
2020-09-21 19:00:00,1600686000000,1.7430000000,1.7560000000,1.6660000000,1.6980000000,278883.4314000000,476406.6763604000,476406.6763604000,1,SRM-USDT
2020-09-21 20:00:00,1600689600000,1.7010000000,1.7400000000,1.6440000000,1.7370000000,400736.0841000000,673859.7097949000,673859.7097949000,1,SRM-USDT
2020-09-21 21:00:00,1600693200000,1.7380000000,1.7660000000,1.7100000000,1.7280000000,212992.8145000000,369942.6476385000,369942.6476385000,1,SRM-USDT
2020-09-21 22:00:00,1600696800000,1.7270000000,1.7310000000,1.6150000000,1.6860000000,410141.6345000000,684002.7376238999,684002.7376238999,1,SRM-USDT
2020-09-21 23:00:00,1600700400000,1.6900000000,1.7560000000,1.6650000000,1.7220000000,289866.5143000000,495006.5193984000,495006.5193984000,1,SRM-USDT
2020-09-22 00:00:00,1600704000000,1.7220000000,1.7240000000,1.6930000000,1.7150000000,120311.6537000000,206090.9434189000,206090.9434189000,1,SRM-USDT
2020-09-22 01:00:00,1600707600000,1.7160000000,1.7410000000,1.7120000000,1.7350000000,71810.3348000000,124293.5393924000,124293.5393924000,1,SRM-USDT
2020-09-22 02:00:00,1600711200000,1.7350000000,1.7480000000,1.7270000000,1.7440000000,55775.0459000000,97040.4922113000,97040.4922113000,1,SRM-USDT
2020-09-22 03:00:00,1600714800000,1.7440000000,1.7740000000,1.7420000000,1.7740000000,66626.2285000000,117422.8801810000,117422.8801810000,1,SRM-USDT
2020-09-22 04:00:00,1600718400000,1.7760000000,1.8080000000,1.7600000000,1.7600000000,119476.3672000000,214005.4931146000,214005.4931146000,1,SRM-USDT
2020-09-22 05:00:00,1600722000000,1.7600000000,1.7800000000,1.7470000000,1.7600000000,120526.1460000000,212088.5091282000,212088.5091282000,1,SRM-USDT
2020-09-22 06:00:00,1600725600000,1.7610000000,1.7710000000,1.7150000000,1.7330000000,117373.8396000000,204143.8191287000,204143.8191287000,1,SRM-USDT
2020-09-22 07:00:00,1600729200000,1.7310000000,1.7700000000,1.7290000000,1.7340000000,98302.8178000000,172042.3417806000,172042.3417806000,1,SRM-USDT
2020-09-22 08:00:00,1600732800000,1.7360000000,1.7790000000,1.7190000000,1.7570000000,108274.7808000000,190184.1600747000,190184.1600747000,1,SRM-USDT
2020-09-22 09:00:00,1600736400000,1.7570000000,1.7630000000,1.7220000000,1.7510000000,51092.8779000000,88939.4779059000,88939.4779059000,1,SRM-USDT
2020-09-22 10:00:00,1600740000000,1.7500000000,1.7960000000,1.7320000000,1.7910000000,97134.4942000000,170716.6512296000,170716.6512296000,1,SRM-USDT
2020-09-22 11:00:00,1600743600000,1.7880000000,1.7960000000,1.7630000000,1.7640000000,108827.0340000000,194127.1644025000,194127.1644025000,1,SRM-USDT
2020-09-22 12:00:00,1600747200000,1.7650000000,1.8050000000,1.7650000000,1.7760000000,77884.2053000000,138998.5900772000,138998.5900772000,1,SRM-USDT
2020-09-22 13:00:00,1600750800000,1.7770000000,1.7860000000,1.7600000000,1.7720000000,49737.4648000000,87951.2510279000,87951.2510279000,1,SRM-USDT
2020-09-22 14:00:00,1600754400000,1.7710000000,1.7830000000,1.7240000000,1.7280000000,96915.6168000000,169562.2113239000,169562.2113239000,1,SRM-USDT
2020-09-22 15:00:00,1600758000000,1.7280000000,1.7350000000,1.6650000000,1.6750000000,156551.7129000000,265965.8151531000,265965.8151531000,1,SRM-USDT
2020-09-22 16:00:00,1600761600000,1.6750000000,1.7280000000,1.6750000000,1.7030000000,125211.8141000000,212370.6543412000,212370.6543412000,1,SRM-USDT
2020-09-22 17:00:00,1600765200000,1.7020000000,1.7130000000,1.6840000000,1.7130000000,74832.6837000000,126880.6889422000,126880.6889422000,1,SRM-USDT
2020-09-22 18:00:00,1600768800000,1.7120000000,1.7940000000,1.6990000000,1.7560000000,199916.2312000000,347862.0820684000,347862.0820684000,1,SRM-USDT
2020-09-22 19:00:00,1600772400000,1.7530000000,1.7690000000,1.7370000000,1.7390000000,75375.9620000000,132078.8518267000,132078.8518267000,1,SRM-USDT
2020-09-22 20:00:00,1600776000000,1.7390000000,1.7640000000,1.7190000000,1.7620000000,67306.9576000000,117272.2300493000,117272.2300493000,1,SRM-USDT
2020-09-22 21:00:00,1600779600000,1.7610000000,1.8000000000,1.7590000000,1.7820000000,176652.5054000000,313720.7598970000,313720.7598970000,1,SRM-USDT
2020-09-22 22:00:00,1600783200000,1.7810000000,1.8390000000,1.7800000000,1.8140000000,212247.6662000000,384127.7763614000,384127.7763614000,1,SRM-USDT
2020-09-22 23:00:00,1600786800000,1.8110000000,1.8160000000,1.7840000000,1.7840000000,113546.9668000000,203602.1753063000,203602.1753063000,1,SRM-USDT
2020-09-23 00:00:00,1600790400000,1.7880000000,1.8640000000,1.7880000000,1.8260000000,226630.5303000000,416141.8596275000,416141.8596275000,1,SRM-USDT
2020-09-23 01:00:00,1600794000000,1.8250000000,1.8430000000,1.8210000000,1.8420000000,59347.3491000000,108532.8487470000,108532.8487470000,1,SRM-USDT
2020-09-23 02:00:00,1600797600000,1.8430000000,1.8460000000,1.8230000000,1.8340000000,47041.9116000000,86241.8759978000,86241.8759978000,1,SRM-USDT
2020-09-23 03:00:00,1600801200000,1.8340000000,1.8470000000,1.8260000000,1.8460000000,40424.6750000000,74288.4223445000,74288.4223445000,1,SRM-USDT
2020-09-23 04:00:00,1600804800000,1.8450000000,1.8710000000,1.8440000000,1.8710000000,68253.8133000000,126723.3508080000,126723.3508080000,1,SRM-USDT
2020-09-23 05:00:00,1600808400000,1.8710000000,1.8770000000,1.8520000000,1.8760000000,73437.3872000000,137087.7432152000,137087.7432152000,1,SRM-USDT
2020-09-23 06:00:00,1600812000000,1.8770000000,1.8790000000,1.8430000000,1.8540000000,65438.4763000000,121993.0734266000,121993.0734266000,1,SRM-USDT
2020-09-23 07:00:00,1600815600000,1.8540000000,1.8660000000,1.8520000000,1.8610000000,47220.9930000000,87740.5859867000,87740.5859867000,1,SRM-USDT
2020-09-23 08:00:00,1600819200000,1.8610000000,1.8640000000,1.8500000000,1.8530000000,94929.8719000000,176208.9788237000,176208.9788237000,1,SRM-USDT
2020-09-23 09:00:00,1600822800000,1.8530000000,1.8530000000,1.8370000000,1.8390000000,77318.7144000000,142727.6848165000,142727.6848165000,1,SRM-USDT
2020-09-23 10:00:00,1600826400000,1.8380000000,1.8450000000,1.8350000000,1.8370000000,51146.5799000000,94128.8338374000,94128.8338374000,1,SRM-USDT
2020-09-23 11:00:00,1600830000000,1.8360000000,1.8380000000,1.7750000000,1.7800000000,117721.3377000000,212460.4556651000,212460.4556651000,1,SRM-USDT
2020-09-23 12:00:00,1600833600000,1.7800000000,1.7910000000,1.7560000000,1.7670000000,151184.1499000000,268178.4445373000,268178.4445373000,1,SRM-USDT
2020-09-23 13:00:00,1600837200000,1.7680000000,1.7800000000,1.7490000000,1.7760000000,97957.2233000000,172863.8368849000,172863.8368849000,1,SRM-USDT
2020-09-23 14:00:00,1600840800000,1.7760000000,1.7860000000,1.7460000000,1.7670000000,129133.9858000000,228531.6343868000,228531.6343868000,1,SRM-USDT
2020-09-23 15:00:00,1600844400000,1.7670000000,1.7780000000,1.7450000000,1.7560000000,158181.5231000000,277836.6012731000,277836.6012731000,1,SRM-USDT
2020-09-23 16:00:00,1600848000000,1.7560000000,1.7700000000,1.7400000000,1.7670000000,89340.5909000000,157414.6952935000,157414.6952935000,1,SRM-USDT
2020-09-23 17:00:00,1600851600000,1.7670000000,1.7890000000,1.7670000000,1.7780000000,120248.9583000000,213286.0363896000,213286.0363896000,1,SRM-USDT
2020-09-23 18:00:00,1600855200000,1.7780000000,1.8380000000,1.7680000000,1.8300000000,341209.1987000000,616973.7617863000,616973.7617863000,1,SRM-USDT
2020-09-23 19:00:00,1600858800000,1.8310000000,1.8670000000,1.8290000000,1.8520000000,195643.4786000000,361428.2054410000,361428.2054410000,1,SRM-USDT
2020-09-23 20:00:00,1600862400000,1.8520000000,1.8960000000,1.8350000000,1.8710000000,264002.6988000000,493408.0027141000,493408.0027141000,1,SRM-USDT
2020-09-23 21:00:00,1600866000000,1.8710000000,1.8870000000,1.8430000000,1.8430000000,121055.1992000000,226630.5000947000,226630.5000947000,1,SRM-USDT
2020-09-23 22:00:00,1600869600000,1.8450000000,1.8550000000,1.8160000000,1.8240000000,221658.5374000000,406073.4838905000,406073.4838905000,1,SRM-USDT
2020-09-23 23:00:00,1600873200000,1.8270000000,1.8550000000,1.8270000000,1.8460000000,100077.5729000000,184395.5671116000,184395.5671116000,1,SRM-USDT
2020-09-24 00:00:00,1600876800000,1.8470000000,1.8830000000,1.8450000000,1.8770000000,167060.7921000000,312503.5189881000,312503.5189881000,1,SRM-USDT
2020-09-24 01:00:00,1600880400000,1.8780000000,1.8980000000,1.8780000000,1.8820000000,102621.4650000000,193711.5687958000,193711.5687958000,1,SRM-USDT
2020-09-24 02:00:00,1600884000000,1.8800000000,1.8800000000,1.8300000000,1.8300000000,178026.3900000000,331644.8323604000,331644.8323604000,1,SRM-USDT
2020-09-24 03:00:00,1600887600000,1.8290000000,1.8330000000,1.7640000000,1.7800000000,190257.6288000000,339931.1596727000,339931.1596727000,1,SRM-USDT
2020-09-24 04:00:00,1600891200000,1.7800000000,1.8080000000,1.7470000000,1.7950000000,168196.9548000000,297988.1535539000,297988.1535539000,1,SRM-USDT
2020-09-24 05:00:00,1600894800000,1.7970000000,1.8250000000,1.7730000000,1.7840000000,96214.5918000000,172992.6612421000,172992.6612421000,1,SRM-USDT
2020-09-24 06:00:00,1600898400000,1.7820000000,1.7900000000,1.7470000000,1.7610000000,72802.7500000000,128080.8265148000,128080.8265148000,1,SRM-USDT
2020-09-24 07:00:00,1600902000000,1.7630000000,1.7630000000,1.7390000000,1.7480000000,138268.9013000000,242568.3569156000,242568.3569156000,1,SRM-USDT
2020-09-24 08:00:00,1600905600000,1.7490000000,1.7890000000,1.7380000000,1.7890000000,97869.0865000000,172429.0587170000,172429.0587170000,1,SRM-USDT
2020-09-24 09:00:00,1600909200000,1.7890000000,1.8120000000,1.7840000000,1.7880000000,111430.4588000000,200139.1228718000,200139.1228718000,1,SRM-USDT
2020-09-24 10:00:00,1600912800000,1.7880000000,1.8290000000,1.7830000000,1.8140000000,121971.5532000000,220931.3635437000,220931.3635437000,1,SRM-USDT
2020-09-24 11:00:00,1600916400000,1.8130000000,1.8410000000,1.8130000000,1.8290000000,81156.0352000000,148651.5316022000,148651.5316022000,1,SRM-USDT
2020-09-24 12:00:00,1600920000000,1.8290000000,1.8410000000,1.7870000000,1.7890000000,104558.2967000000,189544.1518460000,189544.1518460000,1,SRM-USDT
2020-09-24 13:00:00,1600923600000,1.7890000000,1.7980000000,1.7770000000,1.7860000000,108547.4510000000,193695.8930507000,193695.8930507000,1,SRM-USDT
2020-09-24 14:00:00,1600927200000,1.7860000000,1.8000000000,1.7680000000,1.7700000000,83459.1981000000,149229.9699295000,149229.9699295000,1,SRM-USDT
2020-09-24 15:00:00,1600930800000,1.7710000000,1.8160000000,1.7660000000,1.8130000000,166791.4997000000,298457.1353076000,298457.1353076000,1,SRM-USDT
2020-09-24 16:00:00,1600934400000,1.8120000000,1.8160000000,1.7800000000,1.7820000000,90358.1713000000,162506.1200680000,162506.1200680000,1,SRM-USDT
2020-09-24 17:00:00,1600938000000,1.7820000000,1.7940000000,1.7640000000,1.7940000000,96152.5535000000,171040.4989926000,171040.4989926000,1,SRM-USDT
2020-09-24 18:00:00,1600941600000,1.7940000000,1.8160000000,1.7810000000,1.8130000000,88743.8261000000,159521.3112484000,159521.3112484000,1,SRM-USDT
2020-09-24 19:00:00,1600945200000,1.8140000000,1.8370000000,1.8090000000,1.8360000000,172522.7396000000,314879.2851817000,314879.2851817000,1,SRM-USDT
2020-09-24 20:00:00,1600948800000,1.8370000000,1.8400000000,1.7910000000,1.8010000000,147344.3563000000,268223.8163708000,268223.8163708000,1,SRM-USDT
2020-09-24 21:00:00,1600952400000,1.8020000000,1.8070000000,1.7850000000,1.8020000000,106966.8932000000,192473.6279578000,192473.6279578000,1,SRM-USDT
2020-09-24 22:00:00,1600956000000,1.8030000000,1.8230000000,1.8030000000,1.8230000000,62292.5330000000,113070.0153749000,113070.0153749000,1,SRM-USDT
2020-09-24 23:00:00,1600959600000,1.8240000000,1.8450000000,1.8220000000,1.8410000000,125735.9114000000,230624.5408989000,230624.5408989000,1,SRM-USDT
2020-09-25 00:00:00,1600963200000,1.8380000000,1.8790000000,1.8380000000,1.8780000000,217317.6802000000,404877.2970115000,404877.2970115000,1,SRM-USDT
2020-09-25 01:00:00,1600966800000,1.8790000000,1.9440000000,1.8780000000,1.9060000000,210758.3412000000,402919.3340824000,402919.3340824000,1,SRM-USDT
2020-09-25 02:00:00,1600970400000,1.9060000000,1.9150000000,1.8870000000,1.8960000000,123293.2214000000,234558.9249065000,234558.9249065000,1,SRM-USDT
2020-09-25 03:00:00,1600974000000,1.8990000000,1.9190000000,1.8950000000,1.9150000000,82397.5735000000,157222.6400755000,157222.6400755000,1,SRM-USDT
2020-09-25 04:00:00,1600977600000,1.9180000000,1.9330000000,1.9030000000,1.9110000000,144598.4798000000,277903.3415726000,277903.3415726000,1,SRM-USDT
2020-09-25 05:00:00,1600981200000,1.9110000000,1.9140000000,1.8810000000,1.8950000000,59233.2465000000,112428.7775065000,112428.7775065000,1,SRM-USDT
2020-09-25 06:00:00,1600984800000,1.8960000000,1.9630000000,1.8940000000,1.9550000000,173397.5519000000,335295.6779235000,335295.6779235000,1,SRM-USDT
2020-09-25 07:00:00,1600988400000,1.9570000000,1.9920000000,1.9430000000,1.9770000000,149209.3046000000,293965.4588937000,293965.4588937000,1,SRM-USDT
2020-09-25 08:00:00,1600992000000,1.9770000000,1.9900000000,1.9510000000,1.9550000000,121894.0714000000,239453.2351621000,239453.2351621000,1,SRM-USDT
2020-09-25 09:00:00,1600995600000,1.9550000000,1.9680000000,1.8660000000,1.8740000000,266607.4748000000,511385.5691046000,511385.5691046000,1,SRM-USDT
2020-09-25 10:00:00,1600999200000,1.8750000000,1.9010000000,1.8610000000,1.8740000000,161761.9680000000,303552.9657866000,303552.9657866000,1,SRM-USDT
2020-09-25 11:00:00,1601002800000,1.8720000000,1.9040000000,1.8690000000,1.8820000000,152252.6588000000,287646.1200119000,287646.1200119000,1,SRM-USDT
2020-09-25 12:00:00,1601006400000,1.8810000000,1.8950000000,1.8770000000,1.8880000000,73766.4745000000,139280.2734858000,139280.2734858000,1,SRM-USDT
2020-09-25 13:00:00,1601010000000,1.8870000000,1.8880000000,1.8400000000,1.8400000000,128193.9505000000,239501.0333760000,239501.0333760000,1,SRM-USDT
2020-09-25 14:00:00,1601013600000,1.8420000000,1.8780000000,1.8300000000,1.8700000000,127517.6925000000,235581.8890300000,235581.8890300000,1,SRM-USDT
2020-09-25 15:00:00,1601017200000,1.8790000000,1.9000000000,1.8700000000,1.8940000000,75208.3679000000,141869.7068650000,141869.7068650000,1,SRM-USDT
2020-09-25 16:00:00,1601020800000,1.8940000000,1.8940000000,1.8360000000,1.8420000000,117440.1321000000,218730.8495446000,218730.8495446000,1,SRM-USDT
2020-09-25 17:00:00,1601024400000,1.8420000000,1.8880000000,1.8390000000,1.8810000000,263569.7377000000,491219.6979875000,491219.6979875000,1,SRM-USDT
2020-09-25 18:00:00,1601028000000,1.8800000000,2.0460000000,1.8760000000,2.0140000000,777749.5368000000,1548296.1246336999,1548296.1246336999,1,SRM-USDT
2020-09-25 19:00:00,1601031600000,2.0150000000,2.0390000000,1.9400000000,1.9750000000,529898.2435000000,1051115.5481544000,1051115.5481544000,1,SRM-USDT
2020-09-25 20:00:00,1601035200000,1.9760000000,2.0060000000,1.9740000000,1.9960000000,120926.4022000000,240696.1196686000,240696.1196686000,1,SRM-USDT
2020-09-25 21:00:00,1601038800000,1.9960000000,2.0190000000,1.9620000000,1.9760000000,165033.5418000000,330068.2424347000,330068.2424347000,1,SRM-USDT
2020-09-25 22:00:00,1601042400000,1.9760000000,1.9820000000,1.9270000000,1.9710000000,152423.0733000000,298542.8384099000,298542.8384099000,1,SRM-USDT
2020-09-25 23:00:00,1601046000000,1.9700000000,2.0000000000,1.9500000000,1.9650000000,233879.9726000000,462104.3286740000,462104.3286740000,1,SRM-USDT
2020-09-26 00:00:00,1601049600000,1.9690000000,1.9800000000,1.9420000000,1.9610000000,118186.8555000000,231312.3393207000,231312.3393207000,1,SRM-USDT
2020-09-26 01:00:00,1601053200000,1.9620000000,1.9980000000,1.9590000000,1.9880000000,119145.4907000000,235324.2108441000,235324.2108441000,1,SRM-USDT
2020-09-26 02:00:00,1601056800000,1.9880000000,2.0000000000,1.9750000000,1.9960000000,158199.5262000000,315158.4122546000,315158.4122546000,1,SRM-USDT
2020-09-26 03:00:00,1601060400000,1.9960000000,1.9990000000,1.9800000000,1.9900000000,109025.9965000000,216905.3330192000,216905.3330192000,1,SRM-USDT
2020-09-26 04:00:00,1601064000000,1.9900000000,2.0250000000,1.9760000000,1.9850000000,126787.6255000000,253809.8353761000,253809.8353761000,1,SRM-USDT
2020-09-26 05:00:00,1601067600000,1.9840000000,2.0040000000,1.9670000000,2.0020000000,66023.1574000000,131384.0821106000,131384.0821106000,1,SRM-USDT
2020-09-26 06:00:00,1601071200000,2.0040000000,2.0080000000,1.9600000000,1.9670000000,59374.6533000000,117652.2273409000,117652.2273409000,1,SRM-USDT
2020-09-26 07:00:00,1601074800000,1.9700000000,1.9800000000,1.9580000000,1.9670000000,72828.0188000000,143465.1269246000,143465.1269246000,1,SRM-USDT
2020-09-26 08:00:00,1601078400000,1.9660000000,1.9900000000,1.9640000000,1.9670000000,85849.9001000000,169349.8741858000,169349.8741858000,1,SRM-USDT
2020-09-26 09:00:00,1601082000000,1.9660000000,1.9840000000,1.9600000000,1.9780000000,77138.6352000000,152258.4809759000,152258.4809759000,1,SRM-USDT
2020-09-26 10:00:00,1601085600000,1.9780000000,1.9810000000,1.9700000000,1.9770000000,27973.0683000000,55299.7380155000,55299.7380155000,1,SRM-USDT
2020-09-26 11:00:00,1601089200000,1.9770000000,1.9950000000,1.9770000000,1.9850000000,40396.9971000000,80314.7065830000,80314.7065830000,1,SRM-USDT
2020-09-26 12:00:00,1601092800000,1.9880000000,1.9930000000,1.9720000000,1.9890000000,30681.7555000000,60789.2064040000,60789.2064040000,1,SRM-USDT
2020-09-26 13:00:00,1601096400000,1.9900000000,2.0080000000,1.9720000000,1.9730000000,101706.1091000000,202241.0935272000,202241.0935272000,1,SRM-USDT
2020-09-26 14:00:00,1601100000000,1.9730000000,1.9900000000,1.9660000000,1.9710000000,86682.8806000000,171336.0596159000,171336.0596159000,1,SRM-USDT
2020-09-26 15:00:00,1601103600000,1.9700000000,1.9710000000,1.9110000000,1.9270000000,169620.2631000000,328234.7078679000,328234.7078679000,1,SRM-USDT
2020-09-26 16:00:00,1601107200000,1.9270000000,1.9370000000,1.9160000000,1.9200000000,129681.7403000000,250214.8050039000,250214.8050039000,1,SRM-USDT
2020-09-26 17:00:00,1601110800000,1.9210000000,1.9430000000,1.9190000000,1.9290000000,46904.2234000000,90570.1957109000,90570.1957109000,1,SRM-USDT
2020-09-26 18:00:00,1601114400000,1.9290000000,1.9310000000,1.8900000000,1.9100000000,107991.2745000000,205740.1435987000,205740.1435987000,1,SRM-USDT
2020-09-26 19:00:00,1601118000000,1.9100000000,1.9300000000,1.9030000000,1.9280000000,59680.4517000000,114404.8274919000,114404.8274919000,1,SRM-USDT
2020-09-26 20:00:00,1601121600000,1.9280000000,1.9300000000,1.8620000000,1.8800000000,161211.8640000000,305431.7308606000,305431.7308606000,1,SRM-USDT
2020-09-26 21:00:00,1601125200000,1.8800000000,1.8820000000,1.8610000000,1.8630000000,115739.4486000000,216652.0117132000,216652.0117132000,1,SRM-USDT
2020-09-26 22:00:00,1601128800000,1.8620000000,1.9050000000,1.8500000000,1.9030000000,116477.6135000000,219708.1784473000,219708.1784473000,1,SRM-USDT
2020-09-26 23:00:00,1601132400000,1.9040000000,1.9230000000,1.8860000000,1.9130000000,63975.9514000000,121894.0788497000,121894.0788497000,1,SRM-USDT
2020-09-27 00:00:00,1601136000000,1.9130000000,1.9140000000,1.8880000000,1.9080000000,115049.9432000000,218753.0707389000,218753.0707389000,1,SRM-USDT
2020-09-27 01:00:00,1601139600000,1.9080000000,1.9120000000,1.9000000000,1.9110000000,60920.4747000000,116193.4593657000,116193.4593657000,1,SRM-USDT
2020-09-27 02:00:00,1601143200000,1.9120000000,1.9190000000,1.8620000000,1.8720000000,112564.7096000000,212524.9042450000,212524.9042450000,1,SRM-USDT
2020-09-27 03:00:00,1601146800000,1.8760000000,1.8810000000,1.8580000000,1.8630000000,75020.0801000000,139996.2932482000,139996.2932482000,1,SRM-USDT
2020-09-27 04:00:00,1601150400000,1.8630000000,1.8750000000,1.8610000000,1.8720000000,30840.4920000000,57563.7863507000,57563.7863507000,1,SRM-USDT
2020-09-27 05:00:00,1601154000000,1.8730000000,1.8890000000,1.8680000000,1.8680000000,37021.6959000000,69632.4689968000,69632.4689968000,1,SRM-USDT
2020-09-27 06:00:00,1601157600000,1.8680000000,1.8860000000,1.8620000000,1.8820000000,52525.9061000000,98458.4157778000,98458.4157778000,1,SRM-USDT
2020-09-27 07:00:00,1601161200000,1.8840000000,1.9060000000,1.8840000000,1.8950000000,46180.1320000000,87660.3846704000,87660.3846704000,1,SRM-USDT
2020-09-27 08:00:00,1601164800000,1.8950000000,1.9070000000,1.8900000000,1.9000000000,33597.9769000000,63746.0314113000,63746.0314113000,1,SRM-USDT
2020-09-27 09:00:00,1601168400000,1.9020000000,1.9170000000,1.9010000000,1.9130000000,80035.7424000000,152721.1193991000,152721.1193991000,1,SRM-USDT
2020-09-27 10:00:00,1601172000000,1.9130000000,1.9170000000,1.9060000000,1.9140000000,32336.0499000000,61836.3027104000,61836.3027104000,1,SRM-USDT
2020-09-27 11:00:00,1601175600000,1.9140000000,1.9150000000,1.9030000000,1.9050000000,40452.1748000000,77154.2245940000,77154.2245940000,1,SRM-USDT
2020-09-27 12:00:00,1601179200000,1.9060000000,1.9140000000,1.9020000000,1.9130000000,30971.3460000000,59039.4468953000,59039.4468953000,1,SRM-USDT
2020-09-27 13:00:00,1601182800000,1.9130000000,1.9230000000,1.9040000000,1.9190000000,53933.5812000000,103306.0134006000,103306.0134006000,1,SRM-USDT
2020-09-27 14:00:00,1601186400000,1.9220000000,1.9240000000,1.8490000000,1.8540000000,173885.7683000000,326092.6774811000,326092.6774811000,1,SRM-USDT
2020-09-27 15:00:00,1601190000000,1.8540000000,1.8620000000,1.8480000000,1.8550000000,90719.6123000000,168153.7059229000,168153.7059229000,1,SRM-USDT
2020-09-27 16:00:00,1601193600000,1.8550000000,1.8920000000,1.8160000000,1.8440000000,219454.1419000000,405241.5194203000,405241.5194203000,1,SRM-USDT
2020-09-27 17:00:00,1601197200000,1.8420000000,1.8420000000,1.8100000000,1.8130000000,52682.0185000000,96172.9374057000,96172.9374057000,1,SRM-USDT
2020-09-27 18:00:00,1601200800000,1.8120000000,1.8480000000,1.8110000000,1.8420000000,42794.9973000000,78344.5972488000,78344.5972488000,1,SRM-USDT
2020-09-27 19:00:00,1601204400000,1.8420000000,1.8440000000,1.8160000000,1.8170000000,37281.0717000000,68407.8449451000,68407.8449451000,1,SRM-USDT
2020-09-27 20:00:00,1601208000000,1.8170000000,1.8410000000,1.8110000000,1.8390000000,59593.7539000000,109096.1664139000,109096.1664139000,1,SRM-USDT
2020-09-27 21:00:00,1601211600000,1.8390000000,1.8550000000,1.8370000000,1.8520000000,32219.5869000000,59489.8414302000,59489.8414302000,1,SRM-USDT
2020-09-27 22:00:00,1601215200000,1.8510000000,1.8580000000,1.8410000000,1.8480000000,17652.2368000000,32594.5267725000,32594.5267725000,1,SRM-USDT
2020-09-27 23:00:00,1601218800000,1.8480000000,1.8710000000,1.8340000000,1.8670000000,61791.3017000000,114476.0691515000,114476.0691515000,1,SRM-USDT
2020-09-28 00:00:00,1601222400000,1.8660000000,1.8720000000,1.8590000000,1.8710000000,61801.8166000000,115455.8574569000,115455.8574569000,1,SRM-USDT
2020-09-28 01:00:00,1601226000000,1.8690000000,1.8830000000,1.8670000000,1.8760000000,32446.8083000000,60791.4195333000,60791.4195333000,1,SRM-USDT
2020-09-28 02:00:00,1601229600000,1.8770000000,1.8830000000,1.8540000000,1.8550000000,40916.5889000000,76605.3329241000,76605.3329241000,1,SRM-USDT
2020-09-28 03:00:00,1601233200000,1.8560000000,1.8600000000,1.8470000000,1.8590000000,20802.6861000000,38535.7057142000,38535.7057142000,1,SRM-USDT
2020-09-28 04:00:00,1601236800000,1.8600000000,1.8600000000,1.8550000000,1.8550000000,8324.2596000000,15464.7033263000,15464.7033263000,1,SRM-USDT
2020-09-28 05:00:00,1601240400000,1.8550000000,1.8560000000,1.8370000000,1.8370000000,29670.1340000000,54724.3198348000,54724.3198348000,1,SRM-USDT
2020-09-28 06:00:00,1601244000000,1.8400000000,1.8620000000,1.8400000000,1.8620000000,20604.7013000000,38223.0787548000,38223.0787548000,1,SRM-USDT
2020-09-28 07:00:00,1601247600000,1.8620000000,1.8830000000,1.8560000000,1.8820000000,27859.2686000000,52107.7087244000,52107.7087244000,1,SRM-USDT
2020-09-28 08:00:00,1601251200000,1.8820000000,1.8930000000,1.8760000000,1.8800000000,55599.3401000000,104888.2636570000,104888.2636570000,1,SRM-USDT
2020-09-28 09:00:00,1601254800000,1.8820000000,1.8890000000,1.8750000000,1.8770000000,31614.6473000000,59434.6414329000,59434.6414329000,1,SRM-USDT
2020-09-28 10:00:00,1601258400000,1.8770000000,1.8780000000,1.8630000000,1.8640000000,50484.1773000000,94478.0330123000,94478.0330123000,1,SRM-USDT
2020-09-28 11:00:00,1601262000000,1.8660000000,1.8720000000,1.8560000000,1.8650000000,55625.8326000000,103585.6121927000,103585.6121927000,1,SRM-USDT
2020-09-28 12:00:00,1601265600000,1.8660000000,1.8750000000,1.8660000000,1.8740000000,31734.0397000000,59367.0932737000,59367.0932737000,1,SRM-USDT
2020-09-28 13:00:00,1601269200000,1.8740000000,1.8850000000,1.8640000000,1.8690000000,49776.7080000000,93373.0676137000,93373.0676137000,1,SRM-USDT
2020-09-28 14:00:00,1601272800000,1.8690000000,1.8700000000,1.8350000000,1.8370000000,58846.6570000000,109216.9485220000,109216.9485220000,1,SRM-USDT
2020-09-28 15:00:00,1601276400000,1.8380000000,1.8380000000,1.8140000000,1.8260000000,140421.8676000000,256431.3384816000,256431.3384816000,1,SRM-USDT
2020-09-28 16:00:00,1601280000000,1.8270000000,1.8440000000,1.8210000000,1.8380000000,73614.2550000000,135008.6303385000,135008.6303385000,1,SRM-USDT
2020-09-28 17:00:00,1601283600000,1.8380000000,1.8490000000,1.8380000000,1.8430000000,61692.4031000000,113901.6053458000,113901.6053458000,1,SRM-USDT
2020-09-28 18:00:00,1601287200000,1.8430000000,1.8550000000,1.8390000000,1.8530000000,73479.1388000000,135998.3460628000,135998.3460628000,1,SRM-USDT
2020-09-28 19:00:00,1601290800000,1.8520000000,1.8550000000,1.8300000000,1.8370000000,51367.9871000000,94759.3392876000,94759.3392876000,1,SRM-USDT
2020-09-28 20:00:00,1601294400000,1.8370000000,1.8660000000,1.8280000000,1.8410000000,80579.7436000000,148518.9050578000,148518.9050578000,1,SRM-USDT
2020-09-28 21:00:00,1601298000000,1.8420000000,1.8420000000,1.8160000000,1.8180000000,114016.6252000000,207919.1421231000,207919.1421231000,1,SRM-USDT
2020-09-28 22:00:00,1601301600000,1.8180000000,1.8340000000,1.8170000000,1.8250000000,49084.0454000000,89727.8889829000,89727.8889829000,1,SRM-USDT
2020-09-28 23:00:00,1601305200000,1.8240000000,1.8510000000,1.8230000000,1.8470000000,59158.5461000000,108860.2158532000,108860.2158532000,1,SRM-USDT
2020-09-29 00:00:00,1601308800000,1.8470000000,1.8590000000,1.8380000000,1.8570000000,58808.6368000000,108759.7848011000,108759.7848011000,1,SRM-USDT
2020-09-29 01:00:00,1601312400000,1.8570000000,1.8650000000,1.8550000000,1.8650000000,55562.9235000000,103269.5465096000,103269.5465096000,1,SRM-USDT
2020-09-29 02:00:00,1601316000000,1.8640000000,1.8650000000,1.8510000000,1.8550000000,31360.5246000000,58219.1193381000,58219.1193381000,1,SRM-USDT
2020-09-29 03:00:00,1601319600000,1.8540000000,1.8570000000,1.8320000000,1.8410000000,57362.7840000000,105656.1267224000,105656.1267224000,1,SRM-USDT
2020-09-29 04:00:00,1601323200000,1.8430000000,1.8450000000,1.8370000000,1.8390000000,12100.9458000000,22284.7426296000,22284.7426296000,1,SRM-USDT
2020-09-29 05:00:00,1601326800000,1.8390000000,1.8400000000,1.8230000000,1.8390000000,23142.1429000000,42446.7184613000,42446.7184613000,1,SRM-USDT
2020-09-29 06:00:00,1601330400000,1.8390000000,1.8450000000,1.8280000000,1.8300000000,19790.7426000000,36365.5830371000,36365.5830371000,1,SRM-USDT
2020-09-29 07:00:00,1601334000000,1.8300000000,1.8380000000,1.7650000000,1.7820000000,147154.4427000000,264030.4086198000,264030.4086198000,1,SRM-USDT
2020-09-29 08:00:00,1601337600000,1.7820000000,1.8010000000,1.7660000000,1.8000000000,56944.1483000000,101919.4660007000,101919.4660007000,1,SRM-USDT
2020-09-29 09:00:00,1601341200000,1.8000000000,1.8070000000,1.7710000000,1.7730000000,74612.3682000000,133330.8188537000,133330.8188537000,1,SRM-USDT
2020-09-29 10:00:00,1601344800000,1.7730000000,1.7900000000,1.7720000000,1.7740000000,50331.4441000000,89566.0825390000,89566.0825390000,1,SRM-USDT
2020-09-29 11:00:00,1601348400000,1.7740000000,1.7890000000,1.7740000000,1.7810000000,31777.8513000000,56536.0982309000,56536.0982309000,1,SRM-USDT
2020-09-29 12:00:00,1601352000000,1.7810000000,1.7900000000,1.7800000000,1.7850000000,36424.9018000000,65050.4885359000,65050.4885359000,1,SRM-USDT
2020-09-29 13:00:00,1601355600000,1.7840000000,1.7840000000,1.7720000000,1.7800000000,34851.5184000000,61988.6704299000,61988.6704299000,1,SRM-USDT
2020-09-29 14:00:00,1601359200000,1.7790000000,1.8060000000,1.7740000000,1.8050000000,43551.3281000000,77884.3871936000,77884.3871936000,1,SRM-USDT
2020-09-29 15:00:00,1601362800000,1.8060000000,1.8070000000,1.7880000000,1.7930000000,21780.9551000000,39165.9138704000,39165.9138704000,1,SRM-USDT
2020-09-29 16:00:00,1601366400000,1.7930000000,1.7930000000,1.7760000000,1.7790000000,7915.9160000000,14155.9963366000,14155.9963366000,1,SRM-USDT
2020-09-29 17:00:00,1601370000000,1.7860000000,1.7860000000,1.7750000000,1.7790000000,55432.5796000000,98588.9019082000,98588.9019082000,1,SRM-USDT
2020-09-29 18:00:00,1601373600000,1.7790000000,1.7930000000,1.7760000000,1.7920000000,26676.4322000000,47654.3460776000,47654.3460776000,1,SRM-USDT
2020-09-29 19:00:00,1601377200000,1.7910000000,1.8020000000,1.7910000000,1.7970000000,67919.2157000000,121933.0779697000,121933.0779697000,1,SRM-USDT
2020-09-29 20:00:00,1601380800000,1.7970000000,1.7980000000,1.7850000000,1.7900000000,49963.4369000000,89478.2311511000,89478.2311511000,1,SRM-USDT
2020-09-29 21:00:00,1601384400000,1.7910000000,1.7910000000,1.7300000000,1.7610000000,138079.0926000000,241594.2224952000,241594.2224952000,1,SRM-USDT
2020-09-29 22:00:00,1601388000000,1.7610000000,1.7840000000,1.7610000000,1.7720000000,37994.6231000000,67361.2447635000,67361.2447635000,1,SRM-USDT
2020-09-29 23:00:00,1601391600000,1.7710000000,1.7840000000,1.7610000000,1.7620000000,55060.7245000000,97646.6044011000,97646.6044011000,1,SRM-USDT
2020-09-30 00:00:00,1601395200000,1.7620000000,1.7630000000,1.7360000000,1.7430000000,124655.9126000000,217316.6746735000,217316.6746735000,1,SRM-USDT
2020-09-30 01:00:00,1601398800000,1.7440000000,1.7450000000,1.7170000000,1.7370000000,90853.1802000000,156984.1417339000,156984.1417339000,1,SRM-USDT
2020-09-30 02:00:00,1601402400000,1.7370000000,1.7480000000,1.7360000000,1.7460000000,63412.8290000000,110441.5324355000,110441.5324355000,1,SRM-USDT
2020-09-30 03:00:00,1601406000000,1.7470000000,1.7480000000,1.7360000000,1.7370000000,29474.3642000000,51345.8989441000,51345.8989441000,1,SRM-USDT
2020-09-30 04:00:00,1601409600000,1.7380000000,1.7490000000,1.7380000000,1.7440000000,9083.6985000000,15854.8192402000,15854.8192402000,1,SRM-USDT
2020-09-30 05:00:00,1601413200000,1.7450000000,1.7470000000,1.7420000000,1.7470000000,26906.0837000000,46930.8267488000,46930.8267488000,1,SRM-USDT
2020-09-30 06:00:00,1601416800000,1.7470000000,1.7550000000,1.7460000000,1.7530000000,33109.0072000000,57925.8014752000,57925.8014752000,1,SRM-USDT
2020-09-30 07:00:00,1601420400000,1.7540000000,1.7910000000,1.7540000000,1.7790000000,68679.9904000000,122215.9313232000,122215.9313232000,1,SRM-USDT
2020-09-30 08:00:00,1601424000000,1.7790000000,1.7800000000,1.7640000000,1.7640000000,26740.5673000000,47403.4221459000,47403.4221459000,1,SRM-USDT
2020-09-30 09:00:00,1601427600000,1.7640000000,1.7640000000,1.7420000000,1.7480000000,37344.0692000000,65416.0941720000,65416.0941720000,1,SRM-USDT
2020-09-30 10:00:00,1601431200000,1.7480000000,1.7560000000,1.7470000000,1.7500000000,26320.3006000000,46104.4132892000,46104.4132892000,1,SRM-USDT
2020-09-30 11:00:00,1601434800000,1.7500000000,1.7600000000,1.7260000000,1.7270000000,74112.0905000000,129158.2876969000,129158.2876969000,1,SRM-USDT
2020-09-30 12:00:00,1601438400000,1.7260000000,1.7280000000,1.6970000000,1.7150000000,132851.3128000000,227135.3124597000,227135.3124597000,1,SRM-USDT
2020-09-30 13:00:00,1601442000000,1.7150000000,1.7250000000,1.6800000000,1.6800000000,118631.3273000000,202030.6862312000,202030.6862312000,1,SRM-USDT
2020-09-30 14:00:00,1601445600000,1.6790000000,1.7490000000,1.6760000000,1.7170000000,100478.0121000000,172533.1452696000,172533.1452696000,1,SRM-USDT
2020-09-30 15:00:00,1601449200000,1.7160000000,1.7490000000,1.7120000000,1.7370000000,66664.3605000000,115689.6026885000,115689.6026885000,1,SRM-USDT
2020-09-30 16:00:00,1601452800000,1.7370000000,1.7700000000,1.7330000000,1.7650000000,79586.9871000000,139612.4749626000,139612.4749626000,1,SRM-USDT
2020-09-30 17:00:00,1601456400000,1.7650000000,1.7650000000,1.7380000000,1.7490000000,50263.0832000000,87888.4861973000,87888.4861973000,1,SRM-USDT
2020-09-30 18:00:00,1601460000000,1.7490000000,1.7590000000,1.7440000000,1.7550000000,36932.2459000000,64634.5295478000,64634.5295478000,1,SRM-USDT
2020-09-30 19:00:00,1601463600000,1.7550000000,1.7580000000,1.7340000000,1.7340000000,43981.6283000000,76705.7202988000,76705.7202988000,1,SRM-USDT
2020-09-30 20:00:00,1601467200000,1.7340000000,1.7470000000,1.7260000000,1.7400000000,54606.8488000000,94984.8800633000,94984.8800633000,1,SRM-USDT
2020-09-30 21:00:00,1601470800000,1.7400000000,1.7540000000,1.7290000000,1.7520000000,60577.7042000000,105486.5776990000,105486.5776990000,1,SRM-USDT
2020-09-30 22:00:00,1601474400000,1.7520000000,1.7670000000,1.7520000000,1.7570000000,35170.9660000000,61835.7619163000,61835.7619163000,1,SRM-USDT
2020-09-30 23:00:00,1601478000000,1.7560000000,1.7670000000,1.7560000000,1.7630000000,56428.1820000000,99455.5068214000,99455.5068214000,1,SRM-USDT
2020-10-01 00:00:00,1601481600000,1.7630000000,1.7660000000,1.7530000000,1.7560000000,30436.4462000000,53457.1976978000,53457.1976978000,1,SRM-USDT
2020-10-01 01:00:00,1601485200000,1.7570000000,1.7610000000,1.7420000000,1.7470000000,19593.9535000000,34298.2323643000,34298.2323643000,1,SRM-USDT
2020-10-01 02:00:00,1601488800000,1.7470000000,1.7520000000,1.7340000000,1.7490000000,41111.5358000000,71791.6411806000,71791.6411806000,1,SRM-USDT
2020-10-01 03:00:00,1601492400000,1.7480000000,1.7500000000,1.7330000000,1.7450000000,18414.0408000000,32058.7745618000,32058.7745618000,1,SRM-USDT
2020-10-01 04:00:00,1601496000000,1.7460000000,1.8320000000,1.7460000000,1.8210000000,511853.1232000000,925014.0035146000,925014.0035146000,1,SRM-USDT
2020-10-01 05:00:00,1601499600000,1.8200000000,1.8350000000,1.8180000000,1.8260000000,80674.8765000000,147227.2883978000,147227.2883978000,1,SRM-USDT
2020-10-01 06:00:00,1601503200000,1.8250000000,1.8850000000,1.8240000000,1.8430000000,147292.2102000000,273799.9616593000,273799.9616593000,1,SRM-USDT
2020-10-01 07:00:00,1601506800000,1.8430000000,1.8500000000,1.8430000000,1.8450000000,57434.8746000000,106076.2708936000,106076.2708936000,1,SRM-USDT
2020-10-01 08:00:00,1601510400000,1.8450000000,1.8820000000,1.8380000000,1.8700000000,221865.0661000000,412977.4814102000,412977.4814102000,1,SRM-USDT
2020-10-01 09:00:00,1601514000000,1.8710000000,1.8850000000,1.8710000000,1.8800000000,100745.2107000000,189210.2596704000,189210.2596704000,1,SRM-USDT
2020-10-01 10:00:00,1601517600000,1.8810000000,1.8860000000,1.8440000000,1.8640000000,155026.4432000000,288943.1590090000,288943.1590090000,1,SRM-USDT
2020-10-01 11:00:00,1601521200000,1.8640000000,1.8700000000,1.8360000000,1.8420000000,53651.7731000000,99105.3388522000,99105.3388522000,1,SRM-USDT
2020-10-01 12:00:00,1601524800000,1.8430000000,1.8560000000,1.8420000000,1.8490000000,61710.2113000000,114190.5589099000,114190.5589099000,1,SRM-USDT
2020-10-01 13:00:00,1601528400000,1.8490000000,1.8580000000,1.8480000000,1.8580000000,33030.4851000000,61179.0219007000,61179.0219007000,1,SRM-USDT
2020-10-01 14:00:00,1601532000000,1.8600000000,1.8630000000,1.8570000000,1.8580000000,39574.0166000000,73590.2023255000,73590.2023255000,1,SRM-USDT
2020-10-01 15:00:00,1601535600000,1.8580000000,1.8600000000,1.8480000000,1.8570000000,57641.0187000000,106909.3130754000,106909.3130754000,1,SRM-USDT
2020-10-01 16:00:00,1601539200000,1.8580000000,1.8730000000,1.8490000000,1.8700000000,73204.9916000000,136370.6517740000,136370.6517740000,1,SRM-USDT
2020-10-01 17:00:00,1601542800000,1.8710000000,1.9200000000,1.8700000000,1.9100000000,288977.2018000000,547757.2317371001,547757.2317371001,1,SRM-USDT
2020-10-01 18:00:00,1601546400000,1.9110000000,1.9140000000,1.8910000000,1.8950000000,89034.4377000000,169128.4910931000,169128.4910931000,1,SRM-USDT
2020-10-01 19:00:00,1601550000000,1.8940000000,1.8980000000,1.8840000000,1.8980000000,77585.2410000000,146712.4060021000,146712.4060021000,1,SRM-USDT
2020-10-01 20:00:00,1601553600000,1.8980000000,1.8980000000,1.8650000000,1.8660000000,75311.1961000000,141336.6457824000,141336.6457824000,1,SRM-USDT
2020-10-01 21:00:00,1601557200000,1.8660000000,1.8660000000,1.8360000000,1.8510000000,145877.2297000000,269818.3068857000,269818.3068857000,1,SRM-USDT
2020-10-01 22:00:00,1601560800000,1.8510000000,1.8530000000,1.8220000000,1.8340000000,100165.7076000000,183643.2952490000,183643.2952490000,1,SRM-USDT
2020-10-01 23:00:00,1601564400000,1.8340000000,1.8540000000,1.7740000000,1.7810000000,216085.1236000000,391417.3957758000,391417.3957758000,1,SRM-USDT
2020-10-02 00:00:00,1601568000000,1.7830000000,1.7830000000,1.6640000000,1.7130000000,585352.0869000000,1009570.2599484000,1009570.2599484000,1,SRM-USDT
2020-10-02 01:00:00,1601571600000,1.7110000000,1.7180000000,1.6930000000,1.6990000000,157167.3939000000,268262.6930299000,268262.6930299000,1,SRM-USDT
2020-10-02 02:00:00,1601575200000,1.6950000000,1.8080000000,1.6850000000,1.7770000000,255095.2034000000,447808.6560388000,447808.6560388000,1,SRM-USDT
2020-10-02 03:00:00,1601578800000,1.7780000000,1.8070000000,1.7650000000,1.7950000000,118814.7574000000,211925.9773814000,211925.9773814000,1,SRM-USDT
2020-10-02 04:00:00,1601582400000,1.7950000000,1.7950000000,1.7620000000,1.7740000000,53054.1308000000,93984.1836630000,93984.1836630000,1,SRM-USDT
2020-10-02 05:00:00,1601586000000,1.7730000000,1.7890000000,1.7710000000,1.7730000000,28107.2986000000,50000.5668428000,50000.5668428000,1,SRM-USDT
2020-10-02 06:00:00,1601589600000,1.7710000000,1.7890000000,1.7660000000,1.7810000000,19103.4213000000,33970.5809337000,33970.5809337000,1,SRM-USDT
2020-10-02 07:00:00,1601593200000,1.7810000000,1.7850000000,1.7740000000,1.7820000000,42737.1336000000,76045.5831459000,76045.5831459000,1,SRM-USDT
2020-10-02 08:00:00,1601596800000,1.7820000000,1.7820000000,1.7500000000,1.7550000000,68155.1320000000,120149.4912891000,120149.4912891000,1,SRM-USDT
2020-10-02 09:00:00,1601600400000,1.7560000000,1.7840000000,1.7540000000,1.7580000000,53464.1409000000,94457.8722673000,94457.8722673000,1,SRM-USDT
2020-10-02 10:00:00,1601604000000,1.7590000000,1.7690000000,1.7550000000,1.7570000000,20014.3965000000,35281.2265576000,35281.2265576000,1,SRM-USDT
2020-10-02 11:00:00,1601607600000,1.7560000000,1.7750000000,1.7560000000,1.7740000000,57751.9518000000,102063.2604375000,102063.2604375000,1,SRM-USDT
2020-10-02 12:00:00,1601611200000,1.7750000000,1.7800000000,1.7550000000,1.7550000000,46939.8544000000,82957.4108125000,82957.4108125000,1,SRM-USDT
2020-10-02 13:00:00,1601614800000,1.7560000000,1.7630000000,1.6650000000,1.6740000000,460876.2421000000,784059.0064603999,784059.0064603999,1,SRM-USDT
2020-10-02 14:00:00,1601618400000,1.6740000000,1.7190000000,1.6510000000,1.7120000000,190552.6316000000,320006.3456724000,320006.3456724000,1,SRM-USDT
2020-10-02 15:00:00,1601622000000,1.7110000000,1.7120000000,1.6730000000,1.6820000000,101037.3545000000,170648.4837099000,170648.4837099000,1,SRM-USDT
2020-10-02 16:00:00,1601625600000,1.6820000000,1.6820000000,1.6060000000,1.6370000000,249182.3791000000,409109.7124184000,409109.7124184000,1,SRM-USDT
2020-10-02 17:00:00,1601629200000,1.6360000000,1.6540000000,1.5860000000,1.5980000000,265555.2292000000,427886.6782285000,427886.6782285000,1,SRM-USDT
2020-10-02 18:00:00,1601632800000,1.5970000000,1.6170000000,1.5620000000,1.6010000000,168106.9143000000,266931.4165464000,266931.4165464000,1,SRM-USDT
2020-10-02 19:00:00,1601636400000,1.6020000000,1.6180000000,1.6010000000,1.6030000000,77333.6795000000,124398.6678071000,124398.6678071000,1,SRM-USDT
2020-10-02 20:00:00,1601640000000,1.6020000000,1.6380000000,1.6010000000,1.6270000000,111441.8091000000,181046.4557396000,181046.4557396000,1,SRM-USDT
2020-10-02 21:00:00,1601643600000,1.6290000000,1.6570000000,1.5980000000,1.6380000000,141607.9113000000,230750.9268121000,230750.9268121000,1,SRM-USDT
2020-10-02 22:00:00,1601647200000,1.6390000000,1.6720000000,1.6390000000,1.6610000000,57923.9740000000,95985.8291706000,95985.8291706000,1,SRM-USDT
2020-10-02 23:00:00,1601650800000,1.6600000000,1.6640000000,1.6230000000,1.6300000000,46545.8795000000,77023.6806337000,77023.6806337000,1,SRM-USDT
2020-10-03 00:00:00,1601654400000,1.6300000000,1.6560000000,1.6120000000,1.6490000000,71160.0277000000,116682.3858237000,116682.3858237000,1,SRM-USDT
2020-10-03 01:00:00,1601658000000,1.6490000000,1.6530000000,1.6390000000,1.6420000000,31387.1618000000,51727.8483661000,51727.8483661000,1,SRM-USDT
2020-10-03 02:00:00,1601661600000,1.6420000000,1.6490000000,1.6170000000,1.6370000000,32911.4766000000,53861.6323061000,53861.6323061000,1,SRM-USDT
2020-10-03 03:00:00,1601665200000,1.6370000000,1.6370000000,1.6180000000,1.6180000000,33307.8807000000,54097.1747531000,54097.1747531000,1,SRM-USDT
2020-10-03 04:00:00,1601668800000,1.6180000000,1.6330000000,1.6160000000,1.6260000000,13873.6471000000,22552.9223788000,22552.9223788000,1,SRM-USDT
2020-10-03 05:00:00,1601672400000,1.6310000000,1.6340000000,1.5900000000,1.5990000000,48113.9290000000,77303.2685216000,77303.2685216000,1,SRM-USDT
2020-10-03 06:00:00,1601676000000,1.6030000000,1.6330000000,1.6020000000,1.6280000000,32614.8969000000,52829.4374912000,52829.4374912000,1,SRM-USDT
2020-10-03 07:00:00,1601679600000,1.6290000000,1.6550000000,1.6280000000,1.6530000000,60265.9866000000,98767.6048035000,98767.6048035000,1,SRM-USDT
2020-10-03 08:00:00,1601683200000,1.6520000000,1.6580000000,1.6360000000,1.6550000000,51021.2979000000,84079.4928534000,84079.4928534000,1,SRM-USDT
2020-10-03 09:00:00,1601686800000,1.6570000000,1.6730000000,1.6560000000,1.6640000000,50782.1218000000,84556.1888934000,84556.1888934000,1,SRM-USDT
2020-10-03 10:00:00,1601690400000,1.6650000000,1.6680000000,1.6530000000,1.6580000000,25302.4965000000,41974.0694036000,41974.0694036000,1,SRM-USDT
2020-10-03 11:00:00,1601694000000,1.6580000000,1.6580000000,1.6450000000,1.6570000000,59228.1703000000,97785.5701465000,97785.5701465000,1,SRM-USDT
2020-10-03 12:00:00,1601697600000,1.6570000000,1.6570000000,1.6520000000,1.6560000000,22849.8800000000,37812.5073495000,37812.5073495000,1,SRM-USDT
2020-10-03 13:00:00,1601701200000,1.6570000000,1.6570000000,1.6310000000,1.6440000000,67999.6211000000,111533.6650942000,111533.6650942000,1,SRM-USDT
2020-10-03 14:00:00,1601704800000,1.6430000000,1.6470000000,1.6400000000,1.6460000000,51645.3222000000,84862.1837153000,84862.1837153000,1,SRM-USDT
2020-10-03 15:00:00,1601708400000,1.6460000000,1.6570000000,1.6410000000,1.6510000000,33375.7488000000,54952.6503597000,54952.6503597000,1,SRM-USDT
2020-10-03 16:00:00,1601712000000,1.6510000000,1.6530000000,1.6320000000,1.6410000000,25106.9772000000,41222.3759232000,41222.3759232000,1,SRM-USDT
2020-10-03 17:00:00,1601715600000,1.6400000000,1.6480000000,1.6300000000,1.6400000000,47782.2903000000,78327.7899820000,78327.7899820000,1,SRM-USDT
2020-10-03 18:00:00,1601719200000,1.6420000000,1.6530000000,1.6400000000,1.6480000000,48608.0682000000,80068.4763122000,80068.4763122000,1,SRM-USDT
2020-10-03 19:00:00,1601722800000,1.6470000000,1.6560000000,1.6440000000,1.6540000000,20973.3614000000,34565.8642005000,34565.8642005000,1,SRM-USDT
2020-10-03 20:00:00,1601726400000,1.6550000000,1.6550000000,1.6320000000,1.6390000000,31896.8853000000,52418.3193432000,52418.3193432000,1,SRM-USDT
2020-10-03 21:00:00,1601730000000,1.6390000000,1.6460000000,1.6380000000,1.6420000000,37107.9370000000,60939.7087627000,60939.7087627000,1,SRM-USDT
2020-10-03 22:00:00,1601733600000,1.6410000000,1.6470000000,1.6310000000,1.6310000000,54685.6115000000,89755.5898561000,89755.5898561000,1,SRM-USDT
2020-10-03 23:00:00,1601737200000,1.6310000000,1.6380000000,1.6310000000,1.6370000000,53481.8048000000,87301.9448631000,87301.9448631000,1,SRM-USDT
2020-10-04 00:00:00,1601740800000,1.6370000000,1.6480000000,1.6330000000,1.6440000000,42890.8200000000,70194.1623142000,70194.1623142000,1,SRM-USDT
2020-10-04 01:00:00,1601744400000,1.6440000000,1.6450000000,1.6380000000,1.6410000000,18805.8245000000,30884.8006985000,30884.8006985000,1,SRM-USDT
2020-10-04 02:00:00,1601748000000,1.6410000000,1.6510000000,1.6410000000,1.6470000000,27439.5623000000,45190.6800972000,45190.6800972000,1,SRM-USDT
2020-10-04 03:00:00,1601751600000,1.6470000000,1.6490000000,1.6450000000,1.6470000000,16948.7715000000,27921.3570773000,27921.3570773000,1,SRM-USDT
2020-10-04 04:00:00,1601755200000,1.6460000000,1.6480000000,1.6340000000,1.6350000000,18560.4138000000,30409.1051369000,30409.1051369000,1,SRM-USDT
2020-10-04 05:00:00,1601758800000,1.6330000000,1.6350000000,1.6300000000,1.6320000000,36118.5586000000,58966.2436688000,58966.2436688000,1,SRM-USDT
2020-10-04 06:00:00,1601762400000,1.6320000000,1.6320000000,1.6090000000,1.6200000000,101371.1845000000,163690.1549502000,163690.1549502000,1,SRM-USDT
2020-10-04 07:00:00,1601766000000,1.6190000000,1.6200000000,1.5790000000,1.5840000000,67806.8302000000,108522.8616679000,108522.8616679000,1,SRM-USDT
2020-10-04 08:00:00,1601769600000,1.5840000000,1.6000000000,1.5740000000,1.5970000000,58928.5306000000,93696.1663885000,93696.1663885000,1,SRM-USDT
2020-10-04 09:00:00,1601773200000,1.5950000000,1.5960000000,1.5480000000,1.5500000000,179392.5534000000,280020.4914106000,280020.4914106000,1,SRM-USDT
2020-10-04 10:00:00,1601776800000,1.5500000000,1.5640000000,1.5210000000,1.5630000000,162857.0426000000,251355.1369812000,251355.1369812000,1,SRM-USDT
2020-10-04 11:00:00,1601780400000,1.5630000000,1.5730000000,1.5580000000,1.5590000000,40512.7419000000,63413.9512487000,63413.9512487000,1,SRM-USDT
2020-10-04 12:00:00,1601784000000,1.5600000000,1.5740000000,1.5600000000,1.5720000000,26233.6635000000,41130.1456198000,41130.1456198000,1,SRM-USDT
2020-10-04 13:00:00,1601787600000,1.5720000000,1.5740000000,1.5300000000,1.5610000000,88487.3424000000,137388.7805802000,137388.7805802000,1,SRM-USDT
2020-10-04 14:00:00,1601791200000,1.5620000000,1.5880000000,1.5600000000,1.5880000000,60583.8288000000,95482.6980479000,95482.6980479000,1,SRM-USDT
2020-10-04 15:00:00,1601794800000,1.5880000000,1.5930000000,1.5830000000,1.5920000000,32229.7752000000,51138.9786422000,51138.9786422000,1,SRM-USDT
2020-10-04 16:00:00,1601798400000,1.5920000000,1.6190000000,1.5920000000,1.6000000000,112284.7426000000,180590.2763709000,180590.2763709000,1,SRM-USDT
2020-10-04 17:00:00,1601802000000,1.6000000000,1.6000000000,1.5800000000,1.5820000000,26039.4070000000,41299.0294213000,41299.0294213000,1,SRM-USDT
2020-10-04 18:00:00,1601805600000,1.5810000000,1.5810000000,1.5660000000,1.5710000000,32126.6635000000,50534.4027939000,50534.4027939000,1,SRM-USDT
2020-10-04 19:00:00,1601809200000,1.5710000000,1.5820000000,1.5690000000,1.5810000000,21933.4919000000,34537.7712417000,34537.7712417000,1,SRM-USDT
2020-10-04 20:00:00,1601812800000,1.5810000000,1.5810000000,1.5610000000,1.5750000000,34161.0734000000,53626.7953216000,53626.7953216000,1,SRM-USDT
2020-10-04 21:00:00,1601816400000,1.5750000000,1.5900000000,1.5740000000,1.5760000000,57947.3578000000,91502.7588668000,91502.7588668000,1,SRM-USDT
2020-10-04 22:00:00,1601820000000,1.5760000000,1.5790000000,1.5680000000,1.5710000000,42642.5414000000,67096.4228061000,67096.4228061000,1,SRM-USDT
2020-10-04 23:00:00,1601823600000,1.5710000000,1.5730000000,1.5490000000,1.5510000000,54407.9229000000,85101.0600319000,85101.0600319000,1,SRM-USDT
2020-10-05 00:00:00,1601827200000,1.5510000000,1.5590000000,1.5420000000,1.5540000000,44136.0980000000,68535.1306419000,68535.1306419000,1,SRM-USDT
2020-10-05 01:00:00,1601830800000,1.5560000000,1.5690000000,1.5560000000,1.5630000000,19630.4653000000,30689.4448463000,30689.4448463000,1,SRM-USDT
2020-10-05 02:00:00,1601834400000,1.5640000000,1.5840000000,1.5640000000,1.5720000000,28823.0089000000,45406.3925791000,45406.3925791000,1,SRM-USDT
2020-10-05 03:00:00,1601838000000,1.5760000000,1.5870000000,1.5760000000,1.5820000000,21174.4296000000,33471.3433572000,33471.3433572000,1,SRM-USDT
2020-10-05 04:00:00,1601841600000,1.5850000000,1.5900000000,1.5800000000,1.5810000000,31199.8865000000,49450.3417646000,49450.3417646000,1,SRM-USDT
2020-10-05 05:00:00,1601845200000,1.5810000000,1.5880000000,1.5810000000,1.5850000000,13724.8060000000,21764.1586481000,21764.1586481000,1,SRM-USDT
2020-10-05 06:00:00,1601848800000,1.5840000000,1.5930000000,1.5790000000,1.5820000000,31033.9502000000,49245.4726640000,49245.4726640000,1,SRM-USDT
2020-10-05 07:00:00,1601852400000,1.5820000000,1.5920000000,1.5810000000,1.5860000000,15305.9616000000,24293.6040350000,24293.6040350000,1,SRM-USDT
2020-10-05 08:00:00,1601856000000,1.5870000000,1.6920000000,1.5870000000,1.6180000000,197921.5723000000,320095.6310167000,320095.6310167000,1,SRM-USDT
2020-10-05 09:00:00,1601859600000,1.6180000000,1.6320000000,1.6180000000,1.6250000000,37804.9596000000,61505.8068057000,61505.8068057000,1,SRM-USDT
2020-10-05 10:00:00,1601863200000,1.6230000000,1.6330000000,1.6190000000,1.6280000000,35637.0156000000,57920.4225988000,57920.4225988000,1,SRM-USDT
2020-10-05 11:00:00,1601866800000,1.6280000000,1.6290000000,1.6030000000,1.6060000000,54105.7041000000,87167.0359387000,87167.0359387000,1,SRM-USDT
2020-10-05 12:00:00,1601870400000,1.6060000000,1.6060000000,1.5790000000,1.5790000000,62542.0805000000,99503.7597141000,99503.7597141000,1,SRM-USDT
2020-10-05 13:00:00,1601874000000,1.5800000000,1.5840000000,1.5780000000,1.5840000000,16528.0143000000,26147.4236616000,26147.4236616000,1,SRM-USDT
2020-10-05 14:00:00,1601877600000,1.5840000000,1.5840000000,1.5530000000,1.5590000000,51925.3455000000,81237.6158601000,81237.6158601000,1,SRM-USDT
2020-10-05 15:00:00,1601881200000,1.5590000000,1.5620000000,1.5490000000,1.5580000000,70247.2721000000,109398.7836444000,109398.7836444000,1,SRM-USDT
2020-10-05 16:00:00,1601884800000,1.5580000000,1.5590000000,1.5390000000,1.5390000000,50546.9524000000,78353.9402968000,78353.9402968000,1,SRM-USDT
2020-10-05 17:00:00,1601888400000,1.5400000000,1.5470000000,1.5260000000,1.5430000000,60437.3760000000,93057.4014481000,93057.4014481000,1,SRM-USDT
2020-10-05 18:00:00,1601892000000,1.5430000000,1.5530000000,1.5390000000,1.5510000000,38811.1274000000,59996.0301404000,59996.0301404000,1,SRM-USDT
2020-10-05 19:00:00,1601895600000,1.5500000000,1.5650000000,1.5500000000,1.5620000000,45050.7295000000,70304.1073362000,70304.1073362000,1,SRM-USDT
2020-10-05 20:00:00,1601899200000,1.5610000000,1.5830000000,1.5580000000,1.5820000000,99187.1715000000,156131.6252656000,156131.6252656000,1,SRM-USDT
2020-10-05 21:00:00,1601902800000,1.5830000000,1.5990000000,1.5810000000,1.5920000000,121129.1094000000,192184.4921321000,192184.4921321000,1,SRM-USDT
2020-10-05 22:00:00,1601906400000,1.5950000000,1.5990000000,1.5830000000,1.5830000000,42755.2739000000,67923.1191577000,67923.1191577000,1,SRM-USDT
2020-10-05 23:00:00,1601910000000,1.5830000000,1.5880000000,1.5770000000,1.5880000000,43312.6436000000,68469.3906869000,68469.3906869000,1,SRM-USDT
2020-10-06 00:00:00,1601913600000,1.5870000000,1.6010000000,1.5820000000,1.5910000000,60186.7165000000,95846.2737294000,95846.2737294000,1,SRM-USDT
2020-10-06 01:00:00,1601917200000,1.5900000000,1.5910000000,1.5570000000,1.5570000000,53607.0404000000,84397.5284851000,84397.5284851000,1,SRM-USDT
2020-10-06 02:00:00,1601920800000,1.5570000000,1.5620000000,1.5420000000,1.5470000000,27883.6113000000,43284.0308335000,43284.0308335000,1,SRM-USDT
2020-10-06 03:00:00,1601924400000,1.5470000000,1.5530000000,1.5370000000,1.5380000000,34629.8934000000,53492.5102244000,53492.5102244000,1,SRM-USDT
2020-10-06 04:00:00,1601928000000,1.5380000000,1.5390000000,1.5030000000,1.5170000000,90284.1775000000,137476.1996083000,137476.1996083000,1,SRM-USDT
2020-10-06 05:00:00,1601931600000,1.5180000000,1.5270000000,1.5170000000,1.5270000000,52577.3217000000,80037.4300992000,80037.4300992000,1,SRM-USDT
2020-10-06 06:00:00,1601935200000,1.5280000000,1.5320000000,1.5250000000,1.5250000000,22822.8734000000,34910.6477537000,34910.6477537000,1,SRM-USDT
2020-10-06 07:00:00,1601938800000,1.5250000000,1.5600000000,1.5230000000,1.5510000000,56398.4454000000,86903.1991327000,86903.1991327000,1,SRM-USDT
2020-10-06 08:00:00,1601942400000,1.5510000000,1.5550000000,1.5380000000,1.5380000000,19163.2297000000,29617.1588069000,29617.1588069000,1,SRM-USDT
2020-10-06 09:00:00,1601946000000,1.5390000000,1.5420000000,1.5240000000,1.5290000000,22716.3495000000,34814.6110702000,34814.6110702000,1,SRM-USDT
2020-10-06 10:00:00,1601949600000,1.5310000000,1.5680000000,1.5290000000,1.5510000000,65597.8642000000,101669.0984371000,101669.0984371000,1,SRM-USDT
2020-10-06 11:00:00,1601953200000,1.5510000000,1.5510000000,1.5390000000,1.5410000000,34454.5987000000,53198.0828642000,53198.0828642000,1,SRM-USDT
2020-10-06 12:00:00,1601956800000,1.5410000000,1.5480000000,1.5290000000,1.5290000000,30805.9609000000,47448.4013927000,47448.4013927000,1,SRM-USDT
2020-10-06 13:00:00,1601960400000,1.5290000000,1.5310000000,1.5080000000,1.5170000000,79482.6908000000,120533.2352663000,120533.2352663000,1,SRM-USDT
2020-10-06 14:00:00,1601964000000,1.5160000000,1.5360000000,1.5120000000,1.5320000000,62684.0446000000,95473.7900721000,95473.7900721000,1,SRM-USDT
2020-10-06 15:00:00,1601967600000,1.5340000000,1.5420000000,1.5120000000,1.5180000000,31362.3566000000,47885.8389671000,47885.8389671000,1,SRM-USDT
2020-10-06 16:00:00,1601971200000,1.5170000000,1.5170000000,1.4680000000,1.4680000000,227399.2495000000,339647.0634160000,339647.0634160000,1,SRM-USDT
2020-10-06 17:00:00,1601974800000,1.4670000000,1.4850000000,1.4480000000,1.4700000000,240917.1830000000,353395.8216673000,353395.8216673000,1,SRM-USDT
2020-10-06 18:00:00,1601978400000,1.4700000000,1.4720000000,1.4090000000,1.4100000000,234224.6147000000,336530.0015640000,336530.0015640000,1,SRM-USDT
2020-10-06 19:00:00,1601982000000,1.4080000000,1.4080000000,1.3320000000,1.3660000000,445048.9969000000,608690.4767773000,608690.4767773000,1,SRM-USDT
2020-10-06 20:00:00,1601985600000,1.3660000000,1.3700000000,1.3480000000,1.3550000000,157856.7005000000,214440.6347993000,214440.6347993000,1,SRM-USDT
2020-10-06 21:00:00,1601989200000,1.3540000000,1.3740000000,1.3420000000,1.3600000000,115616.1291000000,157656.5466719000,157656.5466719000,1,SRM-USDT
2020-10-06 22:00:00,1601992800000,1.3580000000,1.3700000000,1.3320000000,1.3320000000,103614.6748000000,140195.5374157000,140195.5374157000,1,SRM-USDT
2020-10-06 23:00:00,1601996400000,1.3320000000,1.3610000000,1.2930000000,1.3540000000,503885.8121000000,665803.9176929001,665803.9176929001,1,SRM-USDT
2020-10-07 00:00:00,1602000000000,1.3540000000,1.3540000000,1.3210000000,1.3230000000,191814.5212000000,255444.8986293000,255444.8986293000,1,SRM-USDT
2020-10-07 01:00:00,1602003600000,1.3230000000,1.3260000000,1.3070000000,1.3090000000,98194.3370000000,129129.2801908000,129129.2801908000,1,SRM-USDT
2020-10-07 02:00:00,1602007200000,1.3090000000,1.3250000000,1.2620000000,1.2740000000,155939.1053000000,201975.7289868000,201975.7289868000,1,SRM-USDT
2020-10-07 03:00:00,1602010800000,1.2720000000,1.2740000000,1.2460000000,1.2490000000,240517.4541000000,302110.0966612000,302110.0966612000,1,SRM-USDT
2020-10-07 04:00:00,1602014400000,1.2470000000,1.2530000000,1.1970000000,1.2030000000,197650.9408000000,242960.6586681000,242960.6586681000,1,SRM-USDT
2020-10-07 05:00:00,1602018000000,1.2040000000,1.2070000000,1.1750000000,1.1930000000,261134.9775000000,312644.9459751000,312644.9459751000,1,SRM-USDT
2020-10-07 06:00:00,1602021600000,1.1920000000,1.2030000000,1.1740000000,1.1760000000,132232.9331000000,157396.4757032000,157396.4757032000,1,SRM-USDT
2020-10-07 07:00:00,1602025200000,1.1770000000,1.1770000000,1.1460000000,1.1550000000,313533.0692000000,363068.0757858000,363068.0757858000,1,SRM-USDT
2020-10-07 08:00:00,1602028800000,1.1560000000,1.1690000000,1.0890000000,1.1670000000,923505.3398000000,1038513.7621187000,1038513.7621187000,1,SRM-USDT
2020-10-07 09:00:00,1602032400000,1.1680000000,1.2540000000,1.1660000000,1.2450000000,495634.7930000000,602640.0611524000,602640.0611524000,1,SRM-USDT
2020-10-07 10:00:00,1602036000000,1.2450000000,1.2870000000,1.2250000000,1.2480000000,390023.8268000000,487777.5975789000,487777.5975789000,1,SRM-USDT
2020-10-07 11:00:00,1602039600000,1.2500000000,1.3710000000,1.2500000000,1.3360000000,795711.9444000000,1043020.2733688999,1043020.2733688999,1,SRM-USDT
2020-10-07 12:00:00,1602043200000,1.3350000000,1.3360000000,1.2800000000,1.2860000000,218938.8904000000,284805.6546168000,284805.6546168000,1,SRM-USDT
2020-10-07 13:00:00,1602046800000,1.2860000000,1.3080000000,1.2710000000,1.2750000000,305925.2577000000,393591.7889294000,393591.7889294000,1,SRM-USDT
2020-10-07 14:00:00,1602050400000,1.2750000000,1.3150000000,1.2720000000,1.3060000000,151668.4247000000,195980.8741190000,195980.8741190000,1,SRM-USDT
2020-10-07 15:00:00,1602054000000,1.3060000000,1.3070000000,1.2380000000,1.2510000000,260119.7369000000,330517.0203405000,330517.0203405000,1,SRM-USDT
2020-10-07 16:00:00,1602057600000,1.2530000000,1.2550000000,1.2330000000,1.2540000000,96664.2136000000,120056.6833495000,120056.6833495000,1,SRM-USDT
2020-10-07 17:00:00,1602061200000,1.2540000000,1.2870000000,1.2190000000,1.2400000000,377379.2720000000,472263.7201920000,472263.7201920000,1,SRM-USDT
2020-10-07 18:00:00,1602064800000,1.2390000000,1.2510000000,1.2050000000,1.2150000000,130749.5009000000,160035.4747105000,160035.4747105000,1,SRM-USDT
2020-10-07 19:00:00,1602068400000,1.2150000000,1.2170000000,1.1810000000,1.1940000000,215303.2956000000,257528.2775760000,257528.2775760000,1,SRM-USDT
2020-10-07 20:00:00,1602072000000,1.1940000000,1.2600000000,1.1940000000,1.2490000000,238076.5088000000,293121.7803857000,293121.7803857000,1,SRM-USDT
2020-10-07 21:00:00,1602075600000,1.2500000000,1.2560000000,1.2360000000,1.2390000000,114465.9680000000,142290.6539710000,142290.6539710000,1,SRM-USDT
2020-10-07 22:00:00,1602079200000,1.2370000000,1.2480000000,1.2150000000,1.2430000000,157868.7049000000,194314.8784937000,194314.8784937000,1,SRM-USDT
2020-10-07 23:00:00,1602082800000,1.2450000000,1.2570000000,1.2080000000,1.2090000000,210017.6075000000,258642.4905912000,258642.4905912000,1,SRM-USDT
2020-10-08 00:00:00,1602086400000,1.2090000000,1.2190000000,1.1880000000,1.1980000000,124512.1292000000,149607.4190551000,149607.4190551000,1,SRM-USDT
2020-10-08 01:00:00,1602090000000,1.2010000000,1.2180000000,1.1810000000,1.2110000000,83523.1734000000,100251.3389119000,100251.3389119000,1,SRM-USDT
2020-10-08 02:00:00,1602093600000,1.2110000000,1.2460000000,1.2100000000,1.2410000000,96203.2596000000,118479.7086603000,118479.7086603000,1,SRM-USDT
2020-10-08 03:00:00,1602097200000,1.2410000000,1.2480000000,1.2350000000,1.2380000000,63762.0616000000,79139.1255189000,79139.1255189000,1,SRM-USDT
2020-10-08 04:00:00,1602100800000,1.2390000000,1.2540000000,1.2340000000,1.2490000000,40827.3512000000,50667.0666412000,50667.0666412000,1,SRM-USDT
2020-10-08 05:00:00,1602104400000,1.2470000000,1.2520000000,1.2370000000,1.2400000000,29238.2687000000,36348.0443103000,36348.0443103000,1,SRM-USDT
2020-10-08 06:00:00,1602108000000,1.2400000000,1.2400000000,1.2190000000,1.2230000000,60008.7432000000,73787.2499242000,73787.2499242000,1,SRM-USDT
2020-10-08 07:00:00,1602111600000,1.2220000000,1.2480000000,1.2220000000,1.2470000000,95465.0678000000,118148.9275841000,118148.9275841000,1,SRM-USDT
2020-10-08 08:00:00,1602115200000,1.2470000000,1.2470000000,1.2120000000,1.2200000000,117524.3022000000,144143.0172565000,144143.0172565000,1,SRM-USDT
2020-10-08 09:00:00,1602118800000,1.2210000000,1.2240000000,1.2110000000,1.2210000000,86842.6200000000,105794.3521374000,105794.3521374000,1,SRM-USDT
2020-10-08 10:00:00,1602122400000,1.2210000000,1.2210000000,1.2090000000,1.2110000000,56800.9260000000,69050.5986846000,69050.5986846000,1,SRM-USDT
2020-10-08 11:00:00,1602126000000,1.2120000000,1.2160000000,1.2010000000,1.2020000000,57197.3301000000,69106.6062072000,69106.6062072000,1,SRM-USDT
2020-10-08 12:00:00,1602129600000,1.2000000000,1.2060000000,1.1940000000,1.2000000000,68036.3717000000,81640.5048592000,81640.5048592000,1,SRM-USDT
2020-10-08 13:00:00,1602133200000,1.1990000000,1.1990000000,1.1730000000,1.1750000000,136884.5156000000,161874.5239557000,161874.5239557000,1,SRM-USDT
2020-10-08 14:00:00,1602136800000,1.1760000000,1.1840000000,1.1320000000,1.1570000000,221965.8438000000,257866.1596862000,257866.1596862000,1,SRM-USDT
2020-10-08 15:00:00,1602140400000,1.1560000000,1.1580000000,1.1120000000,1.1500000000,235667.0100000000,268531.9405055000,268531.9405055000,1,SRM-USDT
2020-10-08 16:00:00,1602144000000,1.1470000000,1.1890000000,1.1410000000,1.1630000000,266214.5597000000,310802.2404593000,310802.2404593000,1,SRM-USDT
2020-10-08 17:00:00,1602147600000,1.1640000000,1.1920000000,1.1500000000,1.1790000000,164463.8473000000,193592.3105894000,193592.3105894000,1,SRM-USDT
2020-10-08 18:00:00,1602151200000,1.1780000000,1.1870000000,1.1740000000,1.1820000000,80673.1542000000,95120.2702039000,95120.2702039000,1,SRM-USDT
2020-10-08 19:00:00,1602154800000,1.1820000000,1.1820000000,1.1700000000,1.1720000000,40649.0301000000,47791.7541160000,47791.7541160000,1,SRM-USDT
2020-10-08 20:00:00,1602158400000,1.1720000000,1.2080000000,1.1660000000,1.2060000000,104823.0291000000,124740.6350332000,124740.6350332000,1,SRM-USDT
2020-10-08 21:00:00,1602162000000,1.2080000000,1.2490000000,1.1960000000,1.2260000000,341002.6093000000,416713.2717976000,416713.2717976000,1,SRM-USDT
2020-10-08 22:00:00,1602165600000,1.2280000000,1.2930000000,1.2250000000,1.2850000000,305319.6776000000,386507.7878971000,386507.7878971000,1,SRM-USDT
2020-10-08 23:00:00,1602169200000,1.2840000000,1.2950000000,1.2480000000,1.2520000000,277027.9496000000,351006.1352244000,351006.1352244000,1,SRM-USDT
2020-10-09 00:00:00,1602172800000,1.2530000000,1.2790000000,1.2440000000,1.2600000000,168605.0046000000,213209.0068492000,213209.0068492000,1,SRM-USDT
2020-10-09 01:00:00,1602176400000,1.2620000000,1.2760000000,1.2510000000,1.2600000000,80152.2972000000,101035.5249909000,101035.5249909000,1,SRM-USDT
2020-10-09 02:00:00,1602180000000,1.2610000000,1.2730000000,1.2480000000,1.2720000000,62709.8080000000,79284.5455931000,79284.5455931000,1,SRM-USDT
2020-10-09 03:00:00,1602183600000,1.2710000000,1.2770000000,1.2530000000,1.2570000000,112375.6926000000,142294.8755276000,142294.8755276000,1,SRM-USDT
2020-10-09 04:00:00,1602187200000,1.2570000000,1.2740000000,1.2540000000,1.2720000000,63630.3430000000,80479.6690710000,80479.6690710000,1,SRM-USDT
2020-10-09 05:00:00,1602190800000,1.2720000000,1.3100000000,1.2700000000,1.2820000000,175083.2764000000,225887.0734681000,225887.0734681000,1,SRM-USDT
2020-10-09 06:00:00,1602194400000,1.2830000000,1.2970000000,1.2770000000,1.2820000000,99916.1413000000,128609.7517027000,128609.7517027000,1,SRM-USDT
2020-10-09 07:00:00,1602198000000,1.2810000000,1.2810000000,1.2530000000,1.2630000000,103840.5846000000,131074.3527075000,131074.3527075000,1,SRM-USDT
2020-10-09 08:00:00,1602201600000,1.2630000000,1.2790000000,1.2310000000,1.2420000000,168808.6792000000,211660.1446952000,211660.1446952000,1,SRM-USDT
2020-10-09 09:00:00,1602205200000,1.2400000000,1.2480000000,1.2390000000,1.2480000000,55520.1285000000,69095.0774679000,69095.0774679000,1,SRM-USDT
2020-10-09 10:00:00,1602208800000,1.2480000000,1.2610000000,1.2430000000,1.2580000000,64815.1146000000,81114.0383736000,81114.0383736000,1,SRM-USDT
2020-10-09 11:00:00,1602212400000,1.2590000000,1.2630000000,1.2500000000,1.2570000000,112714.4057000000,141616.9182975000,141616.9182975000,1,SRM-USDT
2020-10-09 12:00:00,1602216000000,1.2580000000,1.2650000000,1.2520000000,1.2570000000,44038.1351000000,55380.8663493000,55380.8663493000,1,SRM-USDT
2020-10-09 13:00:00,1602219600000,1.2560000000,1.2740000000,1.2460000000,1.2460000000,143460.2980000000,180201.0911945000,180201.0911945000,1,SRM-USDT
2020-10-09 14:00:00,1602223200000,1.2470000000,1.2590000000,1.2360000000,1.2480000000,64539.9647000000,80443.2657954000,80443.2657954000,1,SRM-USDT
2020-10-09 15:00:00,1602226800000,1.2480000000,1.2940000000,1.2480000000,1.2920000000,157680.0832000000,200879.4444529000,200879.4444529000,1,SRM-USDT
2020-10-09 16:00:00,1602230400000,1.2920000000,1.3150000000,1.2800000000,1.3150000000,218018.9048000000,282823.1326288000,282823.1326288000,1,SRM-USDT
2020-10-09 17:00:00,1602234000000,1.3150000000,1.3170000000,1.2890000000,1.2980000000,130121.9928000000,169419.6195131000,169419.6195131000,1,SRM-USDT
2020-10-09 18:00:00,1602237600000,1.2980000000,1.3660000000,1.2890000000,1.3550000000,307051.6046000000,410147.8073642000,410147.8073642000,1,SRM-USDT
2020-10-09 19:00:00,1602241200000,1.3530000000,1.3760000000,1.3310000000,1.3370000000,310093.0276000000,419973.9480953000,419973.9480953000,1,SRM-USDT
2020-10-09 20:00:00,1602244800000,1.3400000000,1.4480000000,1.3310000000,1.3880000000,586783.6543000001,820321.9425179000,820321.9425179000,1,SRM-USDT
2020-10-09 21:00:00,1602248400000,1.3880000000,1.3930000000,1.3660000000,1.3810000000,154158.4355000000,212644.7805533000,212644.7805533000,1,SRM-USDT
2020-10-09 22:00:00,1602252000000,1.3810000000,1.3950000000,1.3710000000,1.3730000000,130225.4759000000,180116.7616406000,180116.7616406000,1,SRM-USDT
2020-10-09 23:00:00,1602255600000,1.3730000000,1.3910000000,1.3610000000,1.3800000000,106266.1136000000,145830.1981986000,145830.1981986000,1,SRM-USDT
2020-10-10 00:00:00,1602259200000,1.3810000000,1.3880000000,1.3600000000,1.3740000000,95950.2333000000,131664.5534226000,131664.5534226000,1,SRM-USDT
2020-10-10 01:00:00,1602262800000,1.3740000000,1.3740000000,1.3670000000,1.3680000000,32605.3107000000,44692.2421852000,44692.2421852000,1,SRM-USDT
2020-10-10 02:00:00,1602266400000,1.3680000000,1.3680000000,1.3350000000,1.3460000000,77069.4748000000,103769.0588382000,103769.0588382000,1,SRM-USDT
2020-10-10 03:00:00,1602270000000,1.3450000000,1.3450000000,1.3220000000,1.3300000000,42685.8760000000,56891.2969676000,56891.2969676000,1,SRM-USDT
2020-10-10 04:00:00,1602273600000,1.3310000000,1.3400000000,1.3280000000,1.3350000000,32620.4031000000,43494.8497990000,43494.8497990000,1,SRM-USDT
2020-10-10 05:00:00,1602277200000,1.3340000000,1.3520000000,1.3300000000,1.3520000000,32483.7134000000,43506.1358079000,43506.1358079000,1,SRM-USDT
2020-10-10 06:00:00,1602280800000,1.3520000000,1.3640000000,1.3500000000,1.3630000000,38992.3726000000,53029.2932874000,53029.2932874000,1,SRM-USDT
2020-10-10 07:00:00,1602284400000,1.3640000000,1.3770000000,1.3570000000,1.3650000000,67722.6301000000,92562.4989492000,92562.4989492000,1,SRM-USDT
2020-10-10 08:00:00,1602288000000,1.3650000000,1.3710000000,1.3520000000,1.3660000000,117598.0629000000,159798.9449214000,159798.9449214000,1,SRM-USDT
2020-10-10 09:00:00,1602291600000,1.3640000000,1.3720000000,1.3490000000,1.3660000000,45370.4165000000,61860.2514942000,61860.2514942000,1,SRM-USDT
2020-10-10 10:00:00,1602295200000,1.3660000000,1.4010000000,1.3640000000,1.3850000000,132990.2533000000,184182.7015483000,184182.7015483000,1,SRM-USDT
2020-10-10 11:00:00,1602298800000,1.3850000000,1.3970000000,1.3780000000,1.3860000000,65333.0806000000,90545.4961834000,90545.4961834000,1,SRM-USDT
2020-10-10 12:00:00,1602302400000,1.3880000000,1.3970000000,1.3790000000,1.3830000000,70825.9525000000,98166.7740727000,98166.7740727000,1,SRM-USDT
2020-10-10 13:00:00,1602306000000,1.3830000000,1.3830000000,1.3620000000,1.3640000000,78017.7245000000,107002.9198829000,107002.9198829000,1,SRM-USDT
2020-10-10 14:00:00,1602309600000,1.3640000000,1.3740000000,1.3620000000,1.3660000000,36685.1678000000,50168.9422679000,50168.9422679000,1,SRM-USDT
2020-10-10 15:00:00,1602313200000,1.3660000000,1.3900000000,1.3660000000,1.3870000000,66237.7015000000,91417.4302984000,91417.4302984000,1,SRM-USDT
2020-10-10 16:00:00,1602316800000,1.3870000000,1.3890000000,1.3790000000,1.3820000000,27934.6498000000,38637.5390650000,38637.5390650000,1,SRM-USDT
2020-10-10 17:00:00,1602320400000,1.3820000000,1.3870000000,1.3570000000,1.3670000000,57020.7760000000,78261.7945547000,78261.7945547000,1,SRM-USDT
2020-10-10 18:00:00,1602324000000,1.3670000000,1.3670000000,1.2980000000,1.3110000000,213158.8058000000,282885.4884787000,282885.4884787000,1,SRM-USDT
2020-10-10 19:00:00,1602327600000,1.3110000000,1.3230000000,1.2900000000,1.3100000000,99490.3851000000,129672.7377962000,129672.7377962000,1,SRM-USDT
2020-10-10 20:00:00,1602331200000,1.3090000000,1.3200000000,1.2990000000,1.3190000000,77982.6029000000,102337.0457248000,102337.0457248000,1,SRM-USDT
2020-10-10 21:00:00,1602334800000,1.3190000000,1.3290000000,1.3090000000,1.3220000000,41959.5827000000,55429.2348353000,55429.2348353000,1,SRM-USDT
2020-10-10 22:00:00,1602338400000,1.3230000000,1.3260000000,1.3140000000,1.3200000000,30658.7451000000,40476.1991750000,40476.1991750000,1,SRM-USDT
2020-10-10 23:00:00,1602342000000,1.3200000000,1.3330000000,1.3060000000,1.3120000000,53326.7123000000,70323.3308731000,70323.3308731000,1,SRM-USDT
2020-10-11 00:00:00,1602345600000,1.3120000000,1.3220000000,1.2840000000,1.2970000000,102930.3341000000,133430.0418826000,133430.0418826000,1,SRM-USDT
2020-10-11 01:00:00,1602349200000,1.2970000000,1.3090000000,1.2890000000,1.2960000000,17417.3354000000,22593.7311238000,22593.7311238000,1,SRM-USDT
2020-10-11 02:00:00,1602352800000,1.2960000000,1.3050000000,1.2910000000,1.3040000000,17314.2124000000,22493.5748984000,22493.5748984000,1,SRM-USDT
2020-10-11 03:00:00,1602356400000,1.3040000000,1.3080000000,1.2990000000,1.3020000000,14592.8505000000,19024.6221275000,19024.6221275000,1,SRM-USDT
2020-10-11 04:00:00,1602360000000,1.3000000000,1.3030000000,1.2950000000,1.2990000000,8864.2940000000,11517.9571350000,11517.9571350000,1,SRM-USDT
2020-10-11 05:00:00,1602363600000,1.2980000000,1.2990000000,1.2750000000,1.2930000000,49382.3901000000,63458.1386013000,63458.1386013000,1,SRM-USDT
2020-10-11 06:00:00,1602367200000,1.2930000000,1.3060000000,1.2880000000,1.3050000000,25580.2918000000,33187.6788765000,33187.6788765000,1,SRM-USDT
2020-10-11 07:00:00,1602370800000,1.3030000000,1.3030000000,1.2530000000,1.2590000000,77208.7057000000,98116.4417322000,98116.4417322000,1,SRM-USDT
2020-10-11 08:00:00,1602374400000,1.2580000000,1.2650000000,1.2320000000,1.2350000000,153447.1566000000,191737.4933431000,191737.4933431000,1,SRM-USDT
2020-10-11 09:00:00,1602378000000,1.2360000000,1.2560000000,1.2360000000,1.2550000000,74229.1244000000,92530.1942473000,92530.1942473000,1,SRM-USDT
2020-10-11 10:00:00,1602381600000,1.2550000000,1.2590000000,1.2480000000,1.2530000000,38251.0579000000,48031.7798069000,48031.7798069000,1,SRM-USDT
2020-10-11 11:00:00,1602385200000,1.2540000000,1.2550000000,1.2360000000,1.2390000000,46691.1547000000,58272.2941718000,58272.2941718000,1,SRM-USDT
2020-10-11 12:00:00,1602388800000,1.2400000000,1.2490000000,1.2100000000,1.2320000000,141789.3241000000,175026.1562722000,175026.1562722000,1,SRM-USDT
2020-10-11 13:00:00,1602392400000,1.2310000000,1.2360000000,1.2170000000,1.2320000000,65689.3126000000,80567.5054932000,80567.5054932000,1,SRM-USDT
2020-10-11 14:00:00,1602396000000,1.2310000000,1.2550000000,1.2310000000,1.2550000000,68070.9211000000,84740.2931143000,84740.2931143000,1,SRM-USDT
2020-10-11 15:00:00,1602399600000,1.2550000000,1.2600000000,1.2510000000,1.2580000000,76149.9985000000,95744.7893573000,95744.7893573000,1,SRM-USDT
2020-10-11 16:00:00,1602403200000,1.2580000000,1.2710000000,1.2520000000,1.2680000000,68264.2747000000,86146.0750008000,86146.0750008000,1,SRM-USDT
2020-10-11 17:00:00,1602406800000,1.2690000000,1.2720000000,1.2580000000,1.2680000000,85891.9885000000,108811.6759615000,108811.6759615000,1,SRM-USDT
2020-10-11 18:00:00,1602410400000,1.2680000000,1.3500000000,1.2650000000,1.3300000000,145958.2053000000,190091.9528852000,190091.9528852000,1,SRM-USDT
2020-10-11 19:00:00,1602414000000,1.3290000000,1.3380000000,1.2830000000,1.2970000000,163987.8090000000,213856.1783987000,213856.1783987000,1,SRM-USDT
2020-10-11 20:00:00,1602417600000,1.2960000000,1.3110000000,1.2760000000,1.2820000000,98965.0812000000,127936.1489440000,127936.1489440000,1,SRM-USDT
2020-10-11 21:00:00,1602421200000,1.2840000000,1.3000000000,1.2700000000,1.2950000000,41494.4138000000,53394.1230426000,53394.1230426000,1,SRM-USDT
2020-10-11 22:00:00,1602424800000,1.2950000000,1.3070000000,1.2810000000,1.2850000000,80674.5634000000,104168.1844365000,104168.1844365000,1,SRM-USDT
2020-10-11 23:00:00,1602428400000,1.2860000000,1.2970000000,1.2760000000,1.2810000000,66135.4945000000,84899.2365555000,84899.2365555000,1,SRM-USDT
2020-10-12 00:00:00,1602432000000,1.2810000000,1.3040000000,1.2740000000,1.3010000000,64560.7859000000,83506.1292481000,83506.1292481000,1,SRM-USDT
2020-10-12 01:00:00,1602435600000,1.3040000000,1.3100000000,1.3010000000,1.3100000000,39112.2626000000,51113.7739344000,51113.7739344000,1,SRM-USDT
2020-10-12 02:00:00,1602439200000,1.3090000000,1.3100000000,1.2960000000,1.2980000000,24298.4783000000,31713.3261740000,31713.3261740000,1,SRM-USDT
2020-10-12 03:00:00,1602442800000,1.2990000000,1.3020000000,1.2760000000,1.2780000000,40220.4962000000,51596.4353688000,51596.4353688000,1,SRM-USDT
2020-10-12 04:00:00,1602446400000,1.2790000000,1.2820000000,1.2700000000,1.2700000000,28835.5286000000,36831.4213309000,36831.4213309000,1,SRM-USDT
2020-10-12 05:00:00,1602450000000,1.2710000000,1.2760000000,1.2640000000,1.2740000000,24040.1703000000,30551.8930339000,30551.8930339000,1,SRM-USDT
2020-10-12 06:00:00,1602453600000,1.2740000000,1.2790000000,1.2610000000,1.2770000000,32554.9461000000,41351.2358548000,41351.2358548000,1,SRM-USDT
2020-10-12 07:00:00,1602457200000,1.2760000000,1.2950000000,1.2730000000,1.2870000000,33227.4475000000,42600.9714381000,42600.9714381000,1,SRM-USDT
2020-10-12 08:00:00,1602460800000,1.2870000000,1.2950000000,1.2780000000,1.2920000000,50341.5775000000,64836.0517815000,64836.0517815000,1,SRM-USDT
2020-10-12 09:00:00,1602464400000,1.2910000000,1.2910000000,1.2810000000,1.2890000000,24247.9947000000,31232.3171937000,31232.3171937000,1,SRM-USDT
2020-10-12 10:00:00,1602468000000,1.2890000000,1.3680000000,1.2800000000,1.3450000000,176579.3589000000,234570.3860017000,234570.3860017000,1,SRM-USDT
2020-10-12 11:00:00,1602471600000,1.3450000000,1.3540000000,1.3230000000,1.3390000000,153728.5681000000,205293.8987843000,205293.8987843000,1,SRM-USDT
2020-10-12 12:00:00,1602475200000,1.3390000000,1.3390000000,1.3200000000,1.3300000000,92128.8570000000,122406.8249560000,122406.8249560000,1,SRM-USDT
2020-10-12 13:00:00,1602478800000,1.3300000000,1.3540000000,1.3270000000,1.3520000000,118499.8898000000,159064.7888763000,159064.7888763000,1,SRM-USDT
2020-10-12 14:00:00,1602482400000,1.3520000000,1.3530000000,1.3250000000,1.3290000000,112437.8685000000,150002.2883334000,150002.2883334000,1,SRM-USDT
2020-10-12 15:00:00,1602486000000,1.3300000000,1.3540000000,1.3240000000,1.3410000000,63621.7402000000,85207.9108415000,85207.9108415000,1,SRM-USDT
2020-10-12 16:00:00,1602489600000,1.3400000000,1.3470000000,1.3370000000,1.3390000000,49178.5057000000,65900.3653459000,65900.3653459000,1,SRM-USDT
2020-10-12 17:00:00,1602493200000,1.3390000000,1.3440000000,1.2910000000,1.3080000000,121623.5457000000,159808.5980637000,159808.5980637000,1,SRM-USDT
2020-10-12 18:00:00,1602496800000,1.3080000000,1.3160000000,1.2870000000,1.3030000000,120006.4815000000,155828.9020597000,155828.9020597000,1,SRM-USDT
2020-10-12 19:00:00,1602500400000,1.3020000000,1.3030000000,1.2830000000,1.2910000000,106405.8104000000,137540.3382547000,137540.3382547000,1,SRM-USDT
2020-10-12 20:00:00,1602504000000,1.2900000000,1.3000000000,1.2840000000,1.2970000000,103003.4592000000,132965.7631517000,132965.7631517000,1,SRM-USDT
2020-10-12 21:00:00,1602507600000,1.2980000000,1.3330000000,1.2860000000,1.3330000000,108923.0132000000,142965.3255988000,142965.3255988000,1,SRM-USDT
2020-10-12 22:00:00,1602511200000,1.3340000000,1.3370000000,1.3110000000,1.3210000000,84606.8646000000,112303.0546329000,112303.0546329000,1,SRM-USDT
2020-10-12 23:00:00,1602514800000,1.3210000000,1.3360000000,1.3140000000,1.3200000000,60951.7554000000,80678.2638492000,80678.2638492000,1,SRM-USDT
2020-10-13 00:00:00,1602518400000,1.3200000000,1.3340000000,1.3140000000,1.3330000000,44521.8413000000,59031.0340628000,59031.0340628000,1,SRM-USDT
2020-10-13 01:00:00,1602522000000,1.3320000000,1.3470000000,1.3280000000,1.3320000000,43968.2334000000,58781.2229144000,58781.2229144000,1,SRM-USDT
2020-10-13 02:00:00,1602525600000,1.3320000000,1.3350000000,1.3220000000,1.3250000000,28637.4657000000,38112.0526226000,38112.0526226000,1,SRM-USDT
2020-10-13 03:00:00,1602529200000,1.3250000000,1.3310000000,1.3220000000,1.3240000000,25654.4840000000,34015.3962045000,34015.3962045000,1,SRM-USDT
2020-10-13 04:00:00,1602532800000,1.3250000000,1.3340000000,1.3230000000,1.3290000000,20900.7248000000,27779.8410565000,27779.8410565000,1,SRM-USDT
2020-10-13 05:00:00,1602536400000,1.3290000000,1.3450000000,1.3290000000,1.3390000000,41504.1496000000,55526.7707459000,55526.7707459000,1,SRM-USDT
2020-10-13 06:00:00,1602540000000,1.3390000000,1.3480000000,1.3340000000,1.3370000000,32376.4131000000,43372.0714820000,43372.0714820000,1,SRM-USDT
2020-10-13 07:00:00,1602543600000,1.3380000000,1.3380000000,1.3060000000,1.3110000000,78290.6813000000,103536.3408223000,103536.3408223000,1,SRM-USDT
2020-10-13 08:00:00,1602547200000,1.3110000000,1.3190000000,1.3020000000,1.3190000000,52260.0258000000,68524.8184243000,68524.8184243000,1,SRM-USDT
2020-10-13 09:00:00,1602550800000,1.3170000000,1.3240000000,1.3100000000,1.3240000000,25722.8560000000,33892.9176233000,33892.9176233000,1,SRM-USDT
2020-10-13 10:00:00,1602554400000,1.3240000000,1.3270000000,1.3200000000,1.3200000000,39576.0986000000,52354.8785323000,52354.8785323000,1,SRM-USDT
2020-10-13 11:00:00,1602558000000,1.3200000000,1.3240000000,1.3140000000,1.3170000000,54100.8716000000,71357.9283001000,71357.9283001000,1,SRM-USDT
2020-10-13 12:00:00,1602561600000,1.3170000000,1.3330000000,1.3170000000,1.3330000000,18662.3351000000,24712.1915955000,24712.1915955000,1,SRM-USDT
2020-10-13 13:00:00,1602565200000,1.3330000000,1.3490000000,1.3330000000,1.3480000000,78565.5039000000,105612.1271889000,105612.1271889000,1,SRM-USDT
2020-10-13 14:00:00,1602568800000,1.3480000000,1.3480000000,1.3270000000,1.3280000000,57111.3547000000,76247.5344772000,76247.5344772000,1,SRM-USDT
2020-10-13 15:00:00,1602572400000,1.3280000000,1.3280000000,1.3170000000,1.3200000000,43350.1674000000,57333.4427867000,57333.4427867000,1,SRM-USDT
2020-10-13 16:00:00,1602576000000,1.3190000000,1.3220000000,1.3150000000,1.3180000000,55986.6974000000,73765.7499031000,73765.7499031000,1,SRM-USDT
2020-10-13 17:00:00,1602579600000,1.3170000000,1.3190000000,1.3140000000,1.3170000000,21770.2288000000,28681.0107357000,28681.0107357000,1,SRM-USDT
2020-10-13 18:00:00,1602583200000,1.3160000000,1.3230000000,1.3010000000,1.3210000000,84419.3792000000,110848.4398769000,110848.4398769000,1,SRM-USDT
2020-10-13 19:00:00,1602586800000,1.3200000000,1.3300000000,1.3180000000,1.3210000000,45824.4928000000,60641.8860795000,60641.8860795000,1,SRM-USDT
2020-10-13 20:00:00,1602590400000,1.3200000000,1.3270000000,1.3190000000,1.3210000000,43594.0836000000,57688.0314056000,57688.0314056000,1,SRM-USDT
2020-10-13 21:00:00,1602594000000,1.3200000000,1.3210000000,1.2770000000,1.2820000000,120225.4745000000,156440.8367121000,156440.8367121000,1,SRM-USDT
2020-10-13 22:00:00,1602597600000,1.2810000000,1.2930000000,1.2770000000,1.2920000000,89744.0041000000,115236.9209262000,115236.9209262000,1,SRM-USDT
2020-10-13 23:00:00,1602601200000,1.2910000000,1.2950000000,1.2830000000,1.2840000000,56677.1759000000,73008.4059093000,73008.4059093000,1,SRM-USDT
2020-10-14 00:00:00,1602604800000,1.2840000000,1.2900000000,1.2780000000,1.2880000000,34423.2234000000,44174.2716221000,44174.2716221000,1,SRM-USDT
2020-10-14 01:00:00,1602608400000,1.2860000000,1.2880000000,1.2590000000,1.2650000000,46091.2166000000,58658.4628306000,58658.4628306000,1,SRM-USDT
2020-10-14 02:00:00,1602612000000,1.2640000000,1.2720000000,1.2550000000,1.2640000000,50975.9972000000,64453.3348451000,64453.3348451000,1,SRM-USDT
2020-10-14 03:00:00,1602615600000,1.2630000000,1.2780000000,1.2630000000,1.2740000000,51745.2715000000,65830.2738239000,65830.2738239000,1,SRM-USDT
2020-10-14 04:00:00,1602619200000,1.2730000000,1.3090000000,1.2700000000,1.3050000000,46502.2385000000,59829.3755140000,59829.3755140000,1,SRM-USDT
2020-10-14 05:00:00,1602622800000,1.3050000000,1.3110000000,1.3020000000,1.3060000000,25997.7667000000,33978.3367889000,33978.3367889000,1,SRM-USDT
2020-10-14 06:00:00,1602626400000,1.3070000000,1.3570000000,1.3040000000,1.3450000000,152479.6893000000,204546.1536193000,204546.1536193000,1,SRM-USDT
2020-10-14 07:00:00,1602630000000,1.3460000000,1.3460000000,1.3210000000,1.3250000000,56591.7928000000,75596.2424233000,75596.2424233000,1,SRM-USDT
2020-10-14 08:00:00,1602633600000,1.3250000000,1.3320000000,1.3180000000,1.3260000000,40541.7622000000,53762.9520406000,53762.9520406000,1,SRM-USDT
2020-10-14 09:00:00,1602637200000,1.3260000000,1.3320000000,1.3170000000,1.3320000000,39509.3293000000,52343.1080216000,52343.1080216000,1,SRM-USDT
2020-10-14 10:00:00,1602640800000,1.3320000000,1.3330000000,1.3200000000,1.3310000000,32686.8125000000,43450.4142770000,43450.4142770000,1,SRM-USDT
2020-10-14 11:00:00,1602644400000,1.3310000000,1.3400000000,1.3310000000,1.3370000000,25360.3431000000,33877.5251652000,33877.5251652000,1,SRM-USDT
2020-10-14 12:00:00,1602648000000,1.3380000000,1.3690000000,1.3370000000,1.3580000000,208050.3608000000,282190.2619042000,282190.2619042000,1,SRM-USDT
2020-10-14 13:00:00,1602651600000,1.3580000000,1.3640000000,1.3470000000,1.3490000000,75341.9640000000,102031.2011794000,102031.2011794000,1,SRM-USDT
2020-10-14 14:00:00,1602655200000,1.3490000000,1.3510000000,1.3230000000,1.3310000000,51570.5813000000,68999.9062568000,68999.9062568000,1,SRM-USDT
2020-10-14 15:00:00,1602658800000,1.3310000000,1.3310000000,1.3210000000,1.3220000000,65168.5452000000,86361.8142964000,86361.8142964000,1,SRM-USDT
2020-10-14 16:00:00,1602662400000,1.3230000000,1.3500000000,1.3220000000,1.3350000000,88418.1666000000,118080.5055068000,118080.5055068000,1,SRM-USDT
2020-10-14 17:00:00,1602666000000,1.3350000000,1.3380000000,1.3250000000,1.3260000000,39426.0844000000,52488.0340863000,52488.0340863000,1,SRM-USDT
2020-10-14 18:00:00,1602669600000,1.3270000000,1.3340000000,1.3080000000,1.3130000000,66611.6207000000,87920.0154459000,87920.0154459000,1,SRM-USDT
2020-10-14 19:00:00,1602673200000,1.3120000000,1.3140000000,1.3090000000,1.3090000000,29241.6105000000,38346.9655918000,38346.9655918000,1,SRM-USDT
2020-10-14 20:00:00,1602676800000,1.3080000000,1.3780000000,1.3070000000,1.3740000000,219432.6643000000,294664.8684614000,294664.8684614000,1,SRM-USDT
2020-10-14 21:00:00,1602680400000,1.3750000000,1.3790000000,1.3570000000,1.3680000000,182404.3647000000,250149.0662580000,250149.0662580000,1,SRM-USDT
2020-10-14 22:00:00,1602684000000,1.3690000000,1.3700000000,1.3410000000,1.3430000000,75466.2378000000,102365.4720113000,102365.4720113000,1,SRM-USDT
2020-10-14 23:00:00,1602687600000,1.3430000000,1.3660000000,1.3330000000,1.3350000000,100050.8083000000,135414.5125213000,135414.5125213000,1,SRM-USDT
2020-10-15 00:00:00,1602691200000,1.3340000000,1.3340000000,1.3140000000,1.3160000000,114447.9116000000,151598.4237523000,151598.4237523000,1,SRM-USDT
2020-10-15 01:00:00,1602694800000,1.3160000000,1.3380000000,1.3160000000,1.3300000000,51847.4100000000,69001.3298539000,69001.3298539000,1,SRM-USDT
2020-10-15 02:00:00,1602698400000,1.3300000000,1.3370000000,1.3220000000,1.3270000000,39397.1369000000,52420.7460528000,52420.7460528000,1,SRM-USDT
2020-10-15 03:00:00,1602702000000,1.3270000000,1.3350000000,1.3270000000,1.3310000000,45876.5730000000,61094.3926167000,61094.3926167000,1,SRM-USDT
2020-10-15 04:00:00,1602705600000,1.3300000000,1.3470000000,1.3290000000,1.3450000000,28353.3995000000,37891.4606103000,37891.4606103000,1,SRM-USDT
2020-10-15 05:00:00,1602709200000,1.3460000000,1.3640000000,1.3440000000,1.3620000000,48851.8432000000,66208.9085667000,66208.9085667000,1,SRM-USDT
2020-10-15 06:00:00,1602712800000,1.3620000000,1.3790000000,1.3600000000,1.3650000000,146669.8852000000,200718.8933287000,200718.8933287000,1,SRM-USDT
2020-10-15 07:00:00,1602716400000,1.3650000000,1.3750000000,1.3640000000,1.3680000000,75565.9001000000,103436.7864117000,103436.7864117000,1,SRM-USDT
2020-10-15 08:00:00,1602720000000,1.3690000000,1.3720000000,1.3430000000,1.3450000000,66717.9960000000,90605.6619028000,90605.6619028000,1,SRM-USDT
2020-10-15 09:00:00,1602723600000,1.3460000000,1.3620000000,1.3330000000,1.3460000000,106684.0231000000,143800.9708357000,143800.9708357000,1,SRM-USDT
2020-10-15 10:00:00,1602727200000,1.3460000000,1.3460000000,1.3230000000,1.3340000000,149797.1254000000,199691.3236229000,199691.3236229000,1,SRM-USDT
2020-10-15 11:00:00,1602730800000,1.3330000000,1.3510000000,1.3330000000,1.3510000000,54376.7378000000,72953.1840007000,72953.1840007000,1,SRM-USDT
2020-10-15 12:00:00,1602734400000,1.3490000000,1.3830000000,1.3490000000,1.3700000000,164040.8998000000,224897.6287752000,224897.6287752000,1,SRM-USDT
2020-10-15 13:00:00,1602738000000,1.3700000000,1.3880000000,1.3540000000,1.3600000000,112835.9885000000,155159.9948360000,155159.9948360000,1,SRM-USDT
2020-10-15 14:00:00,1602741600000,1.3610000000,1.3940000000,1.3610000000,1.3830000000,83459.4029000000,115201.2710898000,115201.2710898000,1,SRM-USDT
2020-10-15 15:00:00,1602745200000,1.3830000000,1.7200000000,1.3750000000,1.4490000000,1495545.8467999999,2281987.5054040998,2281987.5054040998,1,SRM-USDT
2020-10-15 16:00:00,1602748800000,1.4500000000,1.4610000000,1.4180000000,1.4400000000,388435.5607000000,557822.9398760000,557822.9398760000,1,SRM-USDT
2020-10-15 17:00:00,1602752400000,1.4390000000,1.4390000000,1.3850000000,1.4010000000,321346.7979000000,450528.1420554000,450528.1420554000,1,SRM-USDT
2020-10-15 18:00:00,1602756000000,1.4000000000,1.4160000000,1.3960000000,1.4080000000,153972.3456000000,216616.9795649000,216616.9795649000,1,SRM-USDT
2020-10-15 19:00:00,1602759600000,1.4090000000,1.4330000000,1.4010000000,1.4200000000,201744.2937000000,285521.6492237000,285521.6492237000,1,SRM-USDT
2020-10-15 20:00:00,1602763200000,1.4210000000,1.4530000000,1.3990000000,1.4300000000,149817.0855000000,213613.4540075000,213613.4540075000,1,SRM-USDT
2020-10-15 21:00:00,1602766800000,1.4290000000,1.4480000000,1.4190000000,1.4480000000,142724.5485000000,204533.8506361000,204533.8506361000,1,SRM-USDT
2020-10-15 22:00:00,1602770400000,1.4470000000,1.4700000000,1.4430000000,1.4530000000,170598.8147000000,248427.2929680000,248427.2929680000,1,SRM-USDT
2020-10-15 23:00:00,1602774000000,1.4540000000,1.4540000000,1.4310000000,1.4430000000,104527.3836000000,150597.3235411000,150597.3235411000,1,SRM-USDT
2020-10-16 00:00:00,1602777600000,1.4450000000,1.4610000000,1.4320000000,1.4370000000,94342.0463000000,136686.0158021000,136686.0158021000,1,SRM-USDT
2020-10-16 01:00:00,1602781200000,1.4370000000,1.4510000000,1.4310000000,1.4450000000,44764.3681000000,64405.5915250000,64405.5915250000,1,SRM-USDT
2020-10-16 02:00:00,1602784800000,1.4460000000,1.4480000000,1.4390000000,1.4410000000,32483.0461000000,46845.2903712000,46845.2903712000,1,SRM-USDT
2020-10-16 03:00:00,1602788400000,1.4420000000,1.4630000000,1.4420000000,1.4600000000,69581.4666000000,101180.2470738000,101180.2470738000,1,SRM-USDT
2020-10-16 04:00:00,1602792000000,1.4600000000,1.4640000000,1.4200000000,1.4250000000,85096.5592000000,122899.9953760000,122899.9953760000,1,SRM-USDT
2020-10-16 05:00:00,1602795600000,1.4260000000,1.4280000000,1.4040000000,1.4080000000,55408.1731000000,78269.7068930000,78269.7068930000,1,SRM-USDT
2020-10-16 06:00:00,1602799200000,1.4090000000,1.4100000000,1.3870000000,1.3890000000,68279.3106000000,95711.0466289000,95711.0466289000,1,SRM-USDT
2020-10-16 07:00:00,1602802800000,1.3890000000,1.4030000000,1.3870000000,1.4010000000,49986.2953000000,69792.5064497000,69792.5064497000,1,SRM-USDT
2020-10-16 08:00:00,1602806400000,1.4010000000,1.4010000000,1.3690000000,1.3860000000,108956.8080000000,150402.0703197000,150402.0703197000,1,SRM-USDT
2020-10-16 09:00:00,1602810000000,1.3860000000,1.4070000000,1.3860000000,1.3980000000,55712.4842000000,77857.9126103000,77857.9126103000,1,SRM-USDT
2020-10-16 10:00:00,1602813600000,1.3990000000,1.4000000000,1.3840000000,1.3860000000,36814.1803000000,51158.0925188000,51158.0925188000,1,SRM-USDT
2020-10-16 11:00:00,1602817200000,1.3860000000,1.3890000000,1.3760000000,1.3830000000,66518.6594000000,91949.5425022000,91949.5425022000,1,SRM-USDT
2020-10-16 12:00:00,1602820800000,1.3800000000,1.3800000000,1.3110000000,1.3250000000,272574.5286000000,362647.3357484000,362647.3357484000,1,SRM-USDT
2020-10-16 13:00:00,1602824400000,1.3270000000,1.3450000000,1.3200000000,1.3440000000,120144.5651000000,160344.8469535000,160344.8469535000,1,SRM-USDT
2020-10-16 14:00:00,1602828000000,1.3410000000,1.3440000000,1.3330000000,1.3340000000,52652.8501000000,70525.4668158000,70525.4668158000,1,SRM-USDT
2020-10-16 15:00:00,1602831600000,1.3370000000,1.3430000000,1.3290000000,1.3310000000,76599.7752000000,102556.7696226000,102556.7696226000,1,SRM-USDT
2020-10-16 16:00:00,1602835200000,1.3300000000,1.3380000000,1.3230000000,1.3240000000,60988.6486000000,81218.8617038000,81218.8617038000,1,SRM-USDT
2020-10-16 17:00:00,1602838800000,1.3220000000,1.3250000000,1.2770000000,1.2900000000,181042.7001000000,234913.8059657000,234913.8059657000,1,SRM-USDT
2020-10-16 18:00:00,1602842400000,1.2890000000,1.3100000000,1.2870000000,1.3030000000,52362.3578000000,68099.3832632000,68099.3832632000,1,SRM-USDT
2020-10-16 19:00:00,1602846000000,1.3050000000,1.3240000000,1.2990000000,1.3230000000,62372.4050000000,81679.3750513000,81679.3750513000,1,SRM-USDT
2020-10-16 20:00:00,1602849600000,1.3260000000,1.3280000000,1.3120000000,1.3160000000,65686.3367000000,86529.8544978000,86529.8544978000,1,SRM-USDT
2020-10-16 21:00:00,1602853200000,1.3190000000,1.3190000000,1.3030000000,1.3100000000,41458.4839000000,54274.2475366000,54274.2475366000,1,SRM-USDT
2020-10-16 22:00:00,1602856800000,1.3120000000,1.3240000000,1.3080000000,1.3100000000,47953.7402000000,63067.9021865000,63067.9021865000,1,SRM-USDT
2020-10-16 23:00:00,1602860400000,1.3090000000,1.3110000000,1.3010000000,1.3090000000,37784.7173000000,49378.8109842000,49378.8109842000,1,SRM-USDT
2020-10-17 00:00:00,1602864000000,1.3090000000,1.3180000000,1.3030000000,1.3060000000,49849.7428000000,65269.5268061000,65269.5268061000,1,SRM-USDT
2020-10-17 01:00:00,1602867600000,1.3050000000,1.3060000000,1.2870000000,1.2910000000,43866.3449000000,56946.1872215000,56946.1872215000,1,SRM-USDT
2020-10-17 02:00:00,1602871200000,1.2890000000,1.2960000000,1.2880000000,1.2900000000,46862.9637000000,60513.2135728000,60513.2135728000,1,SRM-USDT
2020-10-17 03:00:00,1602874800000,1.2910000000,1.2930000000,1.2710000000,1.2720000000,53170.7791000000,68180.4935029000,68180.4935029000,1,SRM-USDT
2020-10-17 04:00:00,1602878400000,1.2720000000,1.2730000000,1.2610000000,1.2690000000,36089.0021000000,45760.5350905000,45760.5350905000,1,SRM-USDT
2020-10-17 05:00:00,1602882000000,1.2690000000,1.2750000000,1.2640000000,1.2740000000,28147.2830000000,35705.9623236000,35705.9623236000,1,SRM-USDT
2020-10-17 06:00:00,1602885600000,1.2750000000,1.2830000000,1.2720000000,1.2780000000,42634.2172000000,54488.6627020000,54488.6627020000,1,SRM-USDT
2020-10-17 07:00:00,1602889200000,1.2790000000,1.2820000000,1.2720000000,1.2750000000,38909.5794000000,49767.0094092000,49767.0094092000,1,SRM-USDT
2020-10-17 08:00:00,1602892800000,1.2770000000,1.2770000000,1.2380000000,1.2480000000,116066.6727000000,145254.4883310000,145254.4883310000,1,SRM-USDT
2020-10-17 09:00:00,1602896400000,1.2480000000,1.2660000000,1.2480000000,1.2620000000,46720.1164000000,58592.5708316000,58592.5708316000,1,SRM-USDT
2020-10-17 10:00:00,1602900000000,1.2640000000,1.2640000000,1.2520000000,1.2550000000,31750.6680000000,39934.3970819000,39934.3970819000,1,SRM-USDT
2020-10-17 11:00:00,1602903600000,1.2550000000,1.2740000000,1.2510000000,1.2740000000,39830.7275000000,50119.8296789000,50119.8296789000,1,SRM-USDT
2020-10-17 12:00:00,1602907200000,1.2740000000,1.2800000000,1.2650000000,1.2790000000,31492.3889000000,40024.0590954000,40024.0590954000,1,SRM-USDT
2020-10-17 13:00:00,1602910800000,1.2800000000,1.2880000000,1.2800000000,1.2860000000,31092.4078000000,39939.5267498000,39939.5267498000,1,SRM-USDT
2020-10-17 14:00:00,1602914400000,1.2850000000,1.2980000000,1.2840000000,1.2900000000,35784.0273000000,46167.2636596000,46167.2636596000,1,SRM-USDT
2020-10-17 15:00:00,1602918000000,1.2900000000,1.2930000000,1.2870000000,1.2910000000,40673.5370000000,52489.3344481000,52489.3344481000,1,SRM-USDT
2020-10-17 16:00:00,1602921600000,1.2880000000,1.3020000000,1.2880000000,1.2940000000,44889.3725000000,58114.7233278000,58114.7233278000,1,SRM-USDT
2020-10-17 17:00:00,1602925200000,1.2930000000,1.2990000000,1.2870000000,1.2970000000,45090.3171000000,58218.1438513000,58218.1438513000,1,SRM-USDT
2020-10-17 18:00:00,1602928800000,1.2980000000,1.3140000000,1.2980000000,1.3140000000,58596.7848000000,76623.1029364000,76623.1029364000,1,SRM-USDT
2020-10-17 19:00:00,1602932400000,1.3130000000,1.3170000000,1.2990000000,1.2990000000,63133.4129000000,82496.7383056000,82496.7383056000,1,SRM-USDT
2020-10-17 20:00:00,1602936000000,1.2990000000,1.2990000000,1.2870000000,1.2950000000,34572.1977000000,44672.5783605000,44672.5783605000,1,SRM-USDT
2020-10-17 21:00:00,1602939600000,1.2950000000,1.2980000000,1.2740000000,1.2760000000,80270.4955000000,102968.4917930000,102968.4917930000,1,SRM-USDT
2020-10-17 22:00:00,1602943200000,1.2740000000,1.2880000000,1.2660000000,1.2860000000,73003.7646000000,93127.1050918000,93127.1050918000,1,SRM-USDT
2020-10-17 23:00:00,1602946800000,1.2870000000,1.2960000000,1.2790000000,1.2820000000,46074.0629000000,59214.7569786000,59214.7569786000,1,SRM-USDT
2020-10-18 00:00:00,1602950400000,1.2810000000,1.2820000000,1.2730000000,1.2770000000,29028.8034000000,37065.0076910000,37065.0076910000,1,SRM-USDT
2020-10-18 01:00:00,1602954000000,1.2770000000,1.2850000000,1.2770000000,1.2830000000,23724.6429000000,30381.1065905000,30381.1065905000,1,SRM-USDT
2020-10-18 02:00:00,1602957600000,1.2830000000,1.2830000000,1.2790000000,1.2810000000,16811.6140000000,21536.7658185000,21536.7658185000,1,SRM-USDT
2020-10-18 03:00:00,1602961200000,1.2810000000,1.2840000000,1.2520000000,1.2700000000,68090.8273000000,86234.1350338000,86234.1350338000,1,SRM-USDT
2020-10-18 04:00:00,1602964800000,1.2720000000,1.2810000000,1.2690000000,1.2790000000,50299.9509000000,64122.5191262000,64122.5191262000,1,SRM-USDT
2020-10-18 05:00:00,1602968400000,1.2790000000,1.2840000000,1.2780000000,1.2800000000,10119.0582000000,12958.6175092000,12958.6175092000,1,SRM-USDT
2020-10-18 06:00:00,1602972000000,1.2810000000,1.2830000000,1.2750000000,1.2780000000,25715.1026000000,32900.8273228000,32900.8273228000,1,SRM-USDT
2020-10-18 07:00:00,1602975600000,1.2790000000,1.2850000000,1.2790000000,1.2850000000,21738.1239000000,27885.0631615000,27885.0631615000,1,SRM-USDT
2020-10-18 08:00:00,1602979200000,1.2820000000,1.2840000000,1.2760000000,1.2790000000,27654.2409000000,35407.7704690000,35407.7704690000,1,SRM-USDT
2020-10-18 09:00:00,1602982800000,1.2790000000,1.2830000000,1.2760000000,1.2820000000,25046.1652000000,32071.4839766000,32071.4839766000,1,SRM-USDT
2020-10-18 10:00:00,1602986400000,1.2810000000,1.2810000000,1.2750000000,1.2770000000,18231.4409000000,23300.4728375000,23300.4728375000,1,SRM-USDT
2020-10-18 11:00:00,1602990000000,1.2780000000,1.2780000000,1.2740000000,1.2740000000,12993.3795000000,16587.4089983000,16587.4089983000,1,SRM-USDT
2020-10-18 12:00:00,1602993600000,1.2740000000,1.2820000000,1.2740000000,1.2810000000,42429.7677000000,54297.0186936000,54297.0186936000,1,SRM-USDT
2020-10-18 13:00:00,1602997200000,1.2810000000,1.2890000000,1.2790000000,1.2880000000,24907.7759000000,31946.7590731000,31946.7590731000,1,SRM-USDT
2020-10-18 14:00:00,1603000800000,1.2900000000,1.3080000000,1.2850000000,1.3030000000,65703.0975000000,84969.1490309000,84969.1490309000,1,SRM-USDT
2020-10-18 15:00:00,1603004400000,1.3030000000,1.3090000000,1.3020000000,1.3090000000,52385.8352000000,68354.3629672000,68354.3629672000,1,SRM-USDT
2020-10-18 16:00:00,1603008000000,1.3100000000,1.3130000000,1.2900000000,1.3000000000,69764.2682000000,90757.0570354000,90757.0570354000,1,SRM-USDT
2020-10-18 17:00:00,1603011600000,1.3000000000,1.3000000000,1.2880000000,1.2890000000,31872.5648000000,41287.3876595000,41287.3876595000,1,SRM-USDT
2020-10-18 18:00:00,1603015200000,1.2890000000,1.2980000000,1.2890000000,1.2980000000,37787.2740000000,48900.0121646000,48900.0121646000,1,SRM-USDT
2020-10-18 19:00:00,1603018800000,1.2990000000,1.2990000000,1.2920000000,1.2940000000,27420.4878000000,35527.8801574000,35527.8801574000,1,SRM-USDT
2020-10-18 20:00:00,1603022400000,1.2940000000,1.2980000000,1.2920000000,1.2930000000,17654.1240000000,22865.8586233000,22865.8586233000,1,SRM-USDT
2020-10-18 21:00:00,1603026000000,1.2940000000,1.3050000000,1.2930000000,1.3050000000,20934.4314000000,27231.3375373000,27231.3375373000,1,SRM-USDT
2020-10-18 22:00:00,1603029600000,1.3050000000,1.3180000000,1.2990000000,1.3020000000,94150.7671000000,123138.9903388000,123138.9903388000,1,SRM-USDT
2020-10-18 23:00:00,1603033200000,1.3030000000,1.3040000000,1.2960000000,1.2970000000,19698.2948000000,25622.1652947000,25622.1652947000,1,SRM-USDT
2020-10-19 00:00:00,1603036800000,1.2990000000,1.3030000000,1.2960000000,1.3000000000,30193.3343000000,39192.4803736000,39192.4803736000,1,SRM-USDT
2020-10-19 01:00:00,1603040400000,1.3010000000,1.3010000000,1.2920000000,1.2970000000,14097.3867000000,18314.0938029000,18314.0938029000,1,SRM-USDT
2020-10-19 02:00:00,1603044000000,1.2970000000,1.3010000000,1.2930000000,1.2940000000,27065.8850000000,35103.3843771000,35103.3843771000,1,SRM-USDT
2020-10-19 03:00:00,1603047600000,1.2940000000,1.2940000000,1.2860000000,1.2860000000,5406.0869000000,6972.8109044000,6972.8109044000,1,SRM-USDT
2020-10-19 04:00:00,1603051200000,1.2860000000,1.2880000000,1.2810000000,1.2860000000,19641.3597000000,25234.8575023000,25234.8575023000,1,SRM-USDT
2020-10-19 05:00:00,1603054800000,1.2850000000,1.2900000000,1.2830000000,1.2870000000,11059.9321000000,14216.5754813000,14216.5754813000,1,SRM-USDT
2020-10-19 06:00:00,1603058400000,1.2860000000,1.2910000000,1.2860000000,1.2880000000,14461.2790000000,18618.6601568000,18618.6601568000,1,SRM-USDT
2020-10-19 07:00:00,1603062000000,1.2860000000,1.2940000000,1.2860000000,1.2920000000,19391.9777000000,25002.8715857000,25002.8715857000,1,SRM-USDT
2020-10-19 08:00:00,1603065600000,1.2940000000,1.3000000000,1.2820000000,1.2840000000,31038.5877000000,39990.0976473000,39990.0976473000,1,SRM-USDT
2020-10-19 09:00:00,1603069200000,1.2840000000,1.2840000000,1.2690000000,1.2700000000,57518.1390000000,73337.3822235000,73337.3822235000,1,SRM-USDT
2020-10-19 10:00:00,1603072800000,1.2700000000,1.2730000000,1.2600000000,1.2620000000,29936.4239000000,37880.1945443000,37880.1945443000,1,SRM-USDT
2020-10-19 11:00:00,1603076400000,1.2630000000,1.2660000000,1.2460000000,1.2500000000,48282.6165000000,60593.7065179000,60593.7065179000,1,SRM-USDT
2020-10-19 12:00:00,1603080000000,1.2490000000,1.2510000000,1.2450000000,1.2490000000,33247.2799000000,41529.1444984000,41529.1444984000,1,SRM-USDT
2020-10-19 13:00:00,1603083600000,1.2490000000,1.2520000000,1.2480000000,1.2510000000,21368.7605000000,26721.3789085000,26721.3789085000,1,SRM-USDT
2020-10-19 14:00:00,1603087200000,1.2510000000,1.2570000000,1.2480000000,1.2560000000,18712.3865000000,23437.1418052000,23437.1418052000,1,SRM-USDT
2020-10-19 15:00:00,1603090800000,1.2560000000,1.2570000000,1.2510000000,1.2530000000,18928.8617000000,23758.0848643000,23758.0848643000,1,SRM-USDT
2020-10-19 16:00:00,1603094400000,1.2530000000,1.2530000000,1.2420000000,1.2440000000,34806.2259000000,43397.1547462000,43397.1547462000,1,SRM-USDT
2020-10-19 17:00:00,1603098000000,1.2430000000,1.2470000000,1.2400000000,1.2420000000,23528.6063000000,29280.9854210000,29280.9854210000,1,SRM-USDT
2020-10-19 18:00:00,1603101600000,1.2430000000,1.2470000000,1.2420000000,1.2460000000,25312.6796000000,31526.7475098000,31526.7475098000,1,SRM-USDT
2020-10-19 19:00:00,1603105200000,1.2460000000,1.2480000000,1.2400000000,1.2450000000,30437.8488000000,37900.5041838000,37900.5041838000,1,SRM-USDT
2020-10-19 20:00:00,1603108800000,1.2450000000,1.2490000000,1.2350000000,1.2480000000,50097.4554000000,62402.3572780000,62402.3572780000,1,SRM-USDT
2020-10-19 21:00:00,1603112400000,1.2490000000,1.2660000000,1.2440000000,1.2600000000,121790.8735000000,152995.0322437000,152995.0322437000,1,SRM-USDT
2020-10-19 22:00:00,1603116000000,1.2590000000,1.2600000000,1.2520000000,1.2580000000,32368.3592000000,40665.4700914000,40665.4700914000,1,SRM-USDT
2020-10-19 23:00:00,1603119600000,1.2580000000,1.2670000000,1.2570000000,1.2640000000,62362.4349000000,78685.1648584000,78685.1648584000,1,SRM-USDT
2020-10-20 00:00:00,1603123200000,1.2640000000,1.2670000000,1.2480000000,1.2540000000,120955.1070000000,151827.6561236000,151827.6561236000,1,SRM-USDT
2020-10-20 01:00:00,1603126800000,1.2530000000,1.2600000000,1.2510000000,1.2540000000,13704.3276000000,17209.1844167000,17209.1844167000,1,SRM-USDT
2020-10-20 02:00:00,1603130400000,1.2550000000,1.2560000000,1.2470000000,1.2480000000,21090.1204000000,26393.9756362000,26393.9756362000,1,SRM-USDT
2020-10-20 03:00:00,1603134000000,1.2480000000,1.2540000000,1.2430000000,1.2450000000,98216.4819000000,122601.5103250000,122601.5103250000,1,SRM-USDT
2020-10-20 04:00:00,1603137600000,1.2440000000,1.2450000000,1.2300000000,1.2330000000,44086.1081000000,54456.6684332000,54456.6684332000,1,SRM-USDT
2020-10-20 05:00:00,1603141200000,1.2320000000,1.2330000000,1.2030000000,1.2090000000,67551.1985000000,82216.2847238000,82216.2847238000,1,SRM-USDT
2020-10-20 06:00:00,1603144800000,1.2080000000,1.2080000000,1.1910000000,1.1950000000,67339.7208000000,80853.8559479000,80853.8559479000,1,SRM-USDT
2020-10-20 07:00:00,1603148400000,1.1940000000,1.1960000000,1.1800000000,1.1870000000,77147.0148000000,91719.4910737000,91719.4910737000,1,SRM-USDT
2020-10-20 08:00:00,1603152000000,1.1870000000,1.1920000000,1.1820000000,1.1890000000,51181.4079000000,60723.5683151000,60723.5683151000,1,SRM-USDT
2020-10-20 09:00:00,1603155600000,1.1910000000,1.1970000000,1.1880000000,1.1880000000,46906.9626000000,55929.6759978000,55929.6759978000,1,SRM-USDT
2020-10-20 10:00:00,1603159200000,1.1870000000,1.1910000000,1.1850000000,1.1880000000,35980.0737000000,42780.3954332000,42780.3954332000,1,SRM-USDT
2020-10-20 11:00:00,1603162800000,1.1890000000,1.1890000000,1.1830000000,1.1880000000,17372.2295000000,20633.2283339000,20633.2283339000,1,SRM-USDT
2020-10-20 12:00:00,1603166400000,1.1870000000,1.1870000000,1.1540000000,1.1550000000,53025.4813000000,62244.1842840000,62244.1842840000,1,SRM-USDT
2020-10-20 13:00:00,1603170000000,1.1550000000,1.1660000000,1.1530000000,1.1600000000,64794.0932000000,75033.4286715000,75033.4286715000,1,SRM-USDT
2020-10-20 14:00:00,1603173600000,1.1600000000,1.1620000000,1.1570000000,1.1580000000,37004.5339000000,42895.1832542000,42895.1832542000,1,SRM-USDT
2020-10-20 15:00:00,1603177200000,1.1580000000,1.1580000000,1.1380000000,1.1390000000,41729.6006000000,47997.4366139000,47997.4366139000,1,SRM-USDT
2020-10-20 16:00:00,1603180800000,1.1390000000,1.1610000000,1.1350000000,1.1580000000,57373.0845000000,65868.9212130000,65868.9212130000,1,SRM-USDT
2020-10-20 17:00:00,1603184400000,1.1590000000,1.1710000000,1.1580000000,1.1680000000,41798.2761000000,48792.9290620000,48792.9290620000,1,SRM-USDT
2020-10-20 18:00:00,1603188000000,1.1690000000,1.1690000000,1.1510000000,1.1510000000,50079.4502000000,57991.3435311000,57991.3435311000,1,SRM-USDT
2020-10-20 19:00:00,1603191600000,1.1510000000,1.1540000000,1.1170000000,1.1180000000,76003.4908000000,85936.9628181000,85936.9628181000,1,SRM-USDT
2020-10-20 20:00:00,1603195200000,1.1180000000,1.1310000000,1.1140000000,1.1260000000,72091.2685000000,81123.3006552000,81123.3006552000,1,SRM-USDT
2020-10-20 21:00:00,1603198800000,1.1270000000,1.1270000000,1.1090000000,1.1210000000,35503.7428000000,39597.8508768000,39597.8508768000,1,SRM-USDT
2020-10-20 22:00:00,1603202400000,1.1210000000,1.1220000000,1.1070000000,1.1090000000,38540.2837000000,43111.7367155000,43111.7367155000,1,SRM-USDT
2020-10-20 23:00:00,1603206000000,1.1090000000,1.1090000000,1.0830000000,1.0880000000,123778.9113000000,135364.9630217000,135364.9630217000,1,SRM-USDT
2020-10-21 00:00:00,1603209600000,1.0880000000,1.0910000000,1.0600000000,1.0630000000,107076.8691000000,115172.2464968000,115172.2464968000,1,SRM-USDT
2020-10-21 01:00:00,1603213200000,1.0630000000,1.0680000000,1.0600000000,1.0600000000,34248.9151000000,36433.9671999000,36433.9671999000,1,SRM-USDT
2020-10-21 02:00:00,1603216800000,1.0600000000,1.0630000000,1.0400000000,1.0620000000,144381.5019000000,151458.7648537000,151458.7648537000,1,SRM-USDT
2020-10-21 03:00:00,1603220400000,1.0620000000,1.0640000000,1.0470000000,1.0500000000,29527.1675000000,31135.1244931000,31135.1244931000,1,SRM-USDT
2020-10-21 04:00:00,1603224000000,1.0480000000,1.0650000000,1.0470000000,1.0650000000,41004.3692000000,43304.7090777000,43304.7090777000,1,SRM-USDT
2020-10-21 05:00:00,1603227600000,1.0640000000,1.0660000000,1.0420000000,1.0430000000,121150.1941000000,127961.3911143000,127961.3911143000,1,SRM-USDT
2020-10-21 06:00:00,1603231200000,1.0480000000,1.0500000000,1.0420000000,1.0450000000,26708.3182000000,27939.2940102000,27939.2940102000,1,SRM-USDT
2020-10-21 07:00:00,1603234800000,1.0450000000,1.0480000000,1.0350000000,1.0390000000,60303.7119000000,62728.9430027000,62728.9430027000,1,SRM-USDT
2020-10-21 08:00:00,1603238400000,1.0400000000,1.0780000000,1.0340000000,1.0760000000,142870.4917000000,150024.5947345000,150024.5947345000,1,SRM-USDT
2020-10-21 09:00:00,1603242000000,1.0760000000,1.0760000000,1.0570000000,1.0580000000,42697.3779000000,45569.0207198000,45569.0207198000,1,SRM-USDT
2020-10-21 10:00:00,1603245600000,1.0580000000,1.0730000000,1.0580000000,1.0650000000,48499.5365000000,51851.4598813000,51851.4598813000,1,SRM-USDT
2020-10-21 11:00:00,1603249200000,1.0650000000,1.0960000000,1.0550000000,1.0910000000,116184.8653000000,124877.1288901000,124877.1288901000,1,SRM-USDT
2020-10-21 12:00:00,1603252800000,1.0920000000,1.0980000000,1.0880000000,1.0970000000,55442.9366000000,60574.3754014000,60574.3754014000,1,SRM-USDT
2020-10-21 13:00:00,1603256400000,1.0970000000,1.1030000000,1.0790000000,1.0800000000,63011.6577000000,68870.4082166000,68870.4082166000,1,SRM-USDT
2020-10-21 14:00:00,1603260000000,1.0800000000,1.0860000000,1.0780000000,1.0810000000,21664.4221000000,23445.2605652000,23445.2605652000,1,SRM-USDT
2020-10-21 15:00:00,1603263600000,1.0810000000,1.0860000000,1.0650000000,1.0810000000,66959.0297000000,71850.9911904000,71850.9911904000,1,SRM-USDT
2020-10-21 16:00:00,1603267200000,1.0830000000,1.0860000000,1.0430000000,1.0620000000,93407.5173000000,99885.6893605000,99885.6893605000,1,SRM-USDT
2020-10-21 17:00:00,1603270800000,1.0620000000,1.0710000000,1.0600000000,1.0670000000,13556.2251000000,14435.9970035000,14435.9970035000,1,SRM-USDT
2020-10-21 18:00:00,1603274400000,1.0670000000,1.0710000000,1.0620000000,1.0650000000,33497.6483000000,35714.2450758000,35714.2450758000,1,SRM-USDT
2020-10-21 19:00:00,1603278000000,1.0650000000,1.0720000000,1.0640000000,1.0660000000,30138.9998000000,32140.3276795000,32140.3276795000,1,SRM-USDT
2020-10-21 20:00:00,1603281600000,1.0660000000,1.0680000000,1.0590000000,1.0590000000,24530.4053000000,26117.5871135000,26117.5871135000,1,SRM-USDT
2020-10-21 21:00:00,1603285200000,1.0590000000,1.0710000000,1.0570000000,1.0690000000,71425.3877000000,76074.0995831000,76074.0995831000,1,SRM-USDT
2020-10-21 22:00:00,1603288800000,1.0700000000,1.1040000000,1.0670000000,1.1010000000,171019.7539000000,185758.1697061000,185758.1697061000,1,SRM-USDT
2020-10-21 23:00:00,1603292400000,1.1020000000,1.1290000000,1.1000000000,1.1170000000,187072.5715000000,209335.0993675000,209335.0993675000,1,SRM-USDT
2020-10-22 00:00:00,1603296000000,1.1160000000,1.1350000000,1.1160000000,1.1200000000,102977.8016000000,115841.4847295000,115841.4847295000,1,SRM-USDT
2020-10-22 01:00:00,1603299600000,1.1210000000,1.1300000000,1.1180000000,1.1260000000,25397.4928000000,28580.2869580000,28580.2869580000,1,SRM-USDT
2020-10-22 02:00:00,1603303200000,1.1260000000,1.1490000000,1.1260000000,1.1440000000,124746.8022000000,142504.1662208000,142504.1662208000,1,SRM-USDT
2020-10-22 03:00:00,1603306800000,1.1450000000,1.1490000000,1.1310000000,1.1320000000,27900.7457000000,31795.7961867000,31795.7961867000,1,SRM-USDT
2020-10-22 04:00:00,1603310400000,1.1310000000,1.1400000000,1.1270000000,1.1370000000,27602.9782000000,31359.0075106000,31359.0075106000,1,SRM-USDT
2020-10-22 05:00:00,1603314000000,1.1370000000,1.1380000000,1.1210000000,1.1230000000,34566.3870000000,38961.2768252000,38961.2768252000,1,SRM-USDT
2020-10-22 06:00:00,1603317600000,1.1220000000,1.1270000000,1.1170000000,1.1170000000,46320.8559000000,51909.2951484000,51909.2951484000,1,SRM-USDT
2020-10-22 07:00:00,1603321200000,1.1190000000,1.1200000000,1.0900000000,1.0930000000,88978.3362000000,97710.3012056000,97710.3012056000,1,SRM-USDT
2020-10-22 08:00:00,1603324800000,1.0920000000,1.1060000000,1.0920000000,1.1020000000,66325.4605000000,73039.9464100000,73039.9464100000,1,SRM-USDT
2020-10-22 09:00:00,1603328400000,1.1010000000,1.1020000000,1.0970000000,1.0990000000,32082.8668000000,35248.4121070000,35248.4121070000,1,SRM-USDT
2020-10-22 10:00:00,1603332000000,1.0990000000,1.0990000000,1.0890000000,1.0910000000,26744.7957000000,29274.4074401000,29274.4074401000,1,SRM-USDT
2020-10-22 11:00:00,1603335600000,1.0910000000,1.1000000000,1.0900000000,1.0930000000,39212.7704000000,42935.5868524000,42935.5868524000,1,SRM-USDT
2020-10-22 12:00:00,1603339200000,1.0920000000,1.0960000000,1.0900000000,1.0960000000,23556.0101000000,25738.1683677000,25738.1683677000,1,SRM-USDT
2020-10-22 13:00:00,1603342800000,1.0950000000,1.1130000000,1.0950000000,1.1120000000,46821.7106000000,51739.9481663000,51739.9481663000,1,SRM-USDT
2020-10-22 14:00:00,1603346400000,1.1130000000,1.1150000000,1.1110000000,1.1140000000,27869.8492000000,31021.1893911000,31021.1893911000,1,SRM-USDT
2020-10-22 15:00:00,1603350000000,1.1140000000,1.1180000000,1.1110000000,1.1150000000,21947.5152000000,24456.0074752000,24456.0074752000,1,SRM-USDT
2020-10-22 16:00:00,1603353600000,1.1160000000,1.1370000000,1.1160000000,1.1300000000,63591.4033000000,71564.2384773000,71564.2384773000,1,SRM-USDT
2020-10-22 17:00:00,1603357200000,1.1290000000,1.1290000000,1.1150000000,1.1190000000,36610.4777000000,40992.5888766000,40992.5888766000,1,SRM-USDT
2020-10-22 18:00:00,1603360800000,1.1190000000,1.1390000000,1.1180000000,1.1390000000,80475.6340000000,90858.6273276000,90858.6273276000,1,SRM-USDT
2020-10-22 19:00:00,1603364400000,1.1390000000,1.1510000000,1.1380000000,1.1500000000,111014.5481000000,126906.1606809000,126906.1606809000,1,SRM-USDT
2020-10-22 20:00:00,1603368000000,1.1510000000,1.1510000000,1.1300000000,1.1340000000,67778.7176000000,77211.8491757000,77211.8491757000,1,SRM-USDT
2020-10-22 21:00:00,1603371600000,1.1340000000,1.1450000000,1.1340000000,1.1410000000,37901.5538000000,43215.6787891000,43215.6787891000,1,SRM-USDT
2020-10-22 22:00:00,1603375200000,1.1410000000,1.1410000000,1.1300000000,1.1330000000,41267.2451000000,46755.7907435000,46755.7907435000,1,SRM-USDT
2020-10-22 23:00:00,1603378800000,1.1330000000,1.1400000000,1.1320000000,1.1370000000,38437.5895000000,43663.2050764000,43663.2050764000,1,SRM-USDT
2020-10-23 00:00:00,1603382400000,1.1380000000,1.1520000000,1.1330000000,1.1360000000,45425.9550000000,51871.7278951000,51871.7278951000,1,SRM-USDT
2020-10-23 01:00:00,1603386000000,1.1370000000,1.1390000000,1.1320000000,1.1370000000,28148.7827000000,31983.5051292000,31983.5051292000,1,SRM-USDT
2020-10-23 02:00:00,1603389600000,1.1370000000,1.1450000000,1.1360000000,1.1410000000,31039.9132000000,35361.4492660000,35361.4492660000,1,SRM-USDT
2020-10-23 03:00:00,1603393200000,1.1410000000,1.1420000000,1.1350000000,1.1350000000,15609.0420000000,17788.7493274000,17788.7493274000,1,SRM-USDT
2020-10-23 04:00:00,1603396800000,1.1340000000,1.1390000000,1.1330000000,1.1360000000,28913.6470000000,32813.8190375000,32813.8190375000,1,SRM-USDT
2020-10-23 05:00:00,1603400400000,1.1340000000,1.1350000000,1.1070000000,1.1210000000,41306.8262000000,46450.9001620000,46450.9001620000,1,SRM-USDT
2020-10-23 06:00:00,1603404000000,1.1210000000,1.1250000000,1.1130000000,1.1130000000,61453.7548000000,68953.9845910000,68953.9845910000,1,SRM-USDT
2020-10-23 07:00:00,1603407600000,1.1120000000,1.1140000000,1.1020000000,1.1090000000,48577.8817000000,53831.3280682000,53831.3280682000,1,SRM-USDT
2020-10-23 08:00:00,1603411200000,1.1090000000,1.1090000000,1.0950000000,1.1020000000,40812.7907000000,44957.1048053000,44957.1048053000,1,SRM-USDT
2020-10-23 09:00:00,1603414800000,1.1020000000,1.1150000000,1.1020000000,1.1070000000,38222.4063000000,42360.3383566000,42360.3383566000,1,SRM-USDT
2020-10-23 10:00:00,1603418400000,1.1090000000,1.1180000000,1.1080000000,1.1110000000,26561.9234000000,29547.0645799000,29547.0645799000,1,SRM-USDT
2020-10-23 11:00:00,1603422000000,1.1110000000,1.1140000000,1.1070000000,1.1090000000,21767.0680000000,24185.4839910000,24185.4839910000,1,SRM-USDT
2020-10-23 12:00:00,1603425600000,1.1090000000,1.1110000000,1.1060000000,1.1100000000,33303.7745000000,36936.2814536000,36936.2814536000,1,SRM-USDT
2020-10-23 13:00:00,1603429200000,1.1100000000,1.1170000000,1.1090000000,1.1160000000,23754.4139000000,26448.9009575000,26448.9009575000,1,SRM-USDT
2020-10-23 14:00:00,1603432800000,1.1160000000,1.1160000000,1.0970000000,1.0980000000,50830.2281000000,56143.5699813000,56143.5699813000,1,SRM-USDT
2020-10-23 15:00:00,1603436400000,1.0970000000,1.1010000000,1.0950000000,1.0960000000,51533.8716000000,56595.1872068000,56595.1872068000,1,SRM-USDT
2020-10-23 16:00:00,1603440000000,1.0960000000,1.1030000000,1.0890000000,1.0990000000,48485.2946000000,53191.6551762000,53191.6551762000,1,SRM-USDT
2020-10-23 17:00:00,1603443600000,1.0970000000,1.1040000000,1.0970000000,1.1030000000,34604.4661000000,38133.9224545000,38133.9224545000,1,SRM-USDT
2020-10-23 18:00:00,1603447200000,1.1030000000,1.1130000000,1.1030000000,1.1120000000,33720.4079000000,37374.6047401000,37374.6047401000,1,SRM-USDT
2020-10-23 19:00:00,1603450800000,1.1120000000,1.1200000000,1.1100000000,1.1160000000,59066.3770000000,65862.8242918000,65862.8242918000,1,SRM-USDT
2020-10-23 20:00:00,1603454400000,1.1150000000,1.1190000000,1.1120000000,1.1190000000,17217.2484000000,19204.9151391000,19204.9151391000,1,SRM-USDT
2020-10-23 21:00:00,1603458000000,1.1190000000,1.1270000000,1.1170000000,1.1190000000,46644.5243000000,52362.7160152000,52362.7160152000,1,SRM-USDT
2020-10-23 22:00:00,1603461600000,1.1190000000,1.1190000000,1.1110000000,1.1140000000,43312.9304000000,48315.7554968000,48315.7554968000,1,SRM-USDT
2020-10-23 23:00:00,1603465200000,1.1130000000,1.1170000000,1.1020000000,1.1070000000,53229.7773000000,59101.8357355000,59101.8357355000,1,SRM-USDT
2020-10-24 00:00:00,1603468800000,1.1060000000,1.1090000000,1.0380000000,1.0540000000,218360.5927000000,232064.0454301000,232064.0454301000,1,SRM-USDT
2020-10-24 01:00:00,1603472400000,1.0530000000,1.0640000000,1.0470000000,1.0610000000,102001.8516000000,107674.0240446000,107674.0240446000,1,SRM-USDT
2020-10-24 02:00:00,1603476000000,1.0610000000,1.0640000000,1.0600000000,1.0630000000,54964.7783000000,58384.9377494000,58384.9377494000,1,SRM-USDT
2020-10-24 03:00:00,1603479600000,1.0630000000,1.0860000000,1.0620000000,1.0720000000,57779.0246000000,61584.7627697000,61584.7627697000,1,SRM-USDT
2020-10-24 04:00:00,1603483200000,1.0730000000,1.0730000000,1.0630000000,1.0630000000,62625.7458000000,66706.9392274000,66706.9392274000,1,SRM-USDT
2020-10-24 05:00:00,1603486800000,1.0620000000,1.0630000000,1.0510000000,1.0600000000,63117.6128000000,66816.0821343000,66816.0821343000,1,SRM-USDT
2020-10-24 06:00:00,1603490400000,1.0590000000,1.0620000000,1.0530000000,1.0540000000,38799.4231000000,41072.6251406000,41072.6251406000,1,SRM-USDT
2020-10-24 07:00:00,1603494000000,1.0550000000,1.0630000000,1.0540000000,1.0610000000,24480.1268000000,25888.8620737000,25888.8620737000,1,SRM-USDT
2020-10-24 08:00:00,1603497600000,1.0620000000,1.0620000000,1.0570000000,1.0580000000,41583.8547000000,44093.2948998000,44093.2948998000,1,SRM-USDT
2020-10-24 09:00:00,1603501200000,1.0590000000,1.0790000000,1.0590000000,1.0770000000,57562.1518000000,61638.9286229000,61638.9286229000,1,SRM-USDT
2020-10-24 10:00:00,1603504800000,1.0770000000,1.0860000000,1.0760000000,1.0830000000,26978.0393000000,29196.4854813000,29196.4854813000,1,SRM-USDT
2020-10-24 11:00:00,1603508400000,1.0830000000,1.0910000000,1.0810000000,1.0850000000,39029.5883000000,42416.9664761000,42416.9664761000,1,SRM-USDT
2020-10-24 12:00:00,1603512000000,1.0880000000,1.0980000000,1.0850000000,1.0920000000,24783.4299000000,27082.2470451000,27082.2470451000,1,SRM-USDT
2020-10-24 13:00:00,1603515600000,1.0920000000,1.0920000000,1.0750000000,1.0760000000,70428.6590000000,76115.9342349000,76115.9342349000,1,SRM-USDT
2020-10-24 14:00:00,1603519200000,1.0760000000,1.0770000000,1.0750000000,1.0750000000,38923.9622000000,41872.2837441000,41872.2837441000,1,SRM-USDT
2020-10-24 15:00:00,1603522800000,1.0750000000,1.0820000000,1.0750000000,1.0770000000,24137.9292000000,25981.3176675000,25981.3176675000,1,SRM-USDT
2020-10-24 16:00:00,1603526400000,1.0750000000,1.0770000000,1.0710000000,1.0710000000,25863.7093000000,27785.5250078000,27785.5250078000,1,SRM-USDT
2020-10-24 17:00:00,1603530000000,1.0700000000,1.0710000000,1.0650000000,1.0700000000,10691.0915000000,11423.1228387000,11423.1228387000,1,SRM-USDT
2020-10-24 18:00:00,1603533600000,1.0700000000,1.0810000000,1.0700000000,1.0810000000,13565.4263000000,14581.2010890000,14581.2010890000,1,SRM-USDT
2020-10-24 19:00:00,1603537200000,1.0810000000,1.0820000000,1.0790000000,1.0810000000,10401.3773000000,11238.3935141000,11238.3935141000,1,SRM-USDT
2020-10-24 20:00:00,1603540800000,1.0820000000,1.0820000000,1.0700000000,1.0760000000,32077.4196000000,34571.6305332000,34571.6305332000,1,SRM-USDT
2020-10-24 21:00:00,1603544400000,1.0760000000,1.0880000000,1.0760000000,1.0880000000,31744.1727000000,34338.7460865000,34338.7460865000,1,SRM-USDT
2020-10-24 22:00:00,1603548000000,1.0870000000,1.0930000000,1.0730000000,1.0820000000,43017.4167000000,46573.6717029000,46573.6717029000,1,SRM-USDT
2020-10-24 23:00:00,1603551600000,1.0790000000,1.0860000000,1.0700000000,1.0700000000,61850.8455000000,66702.5588967000,66702.5588967000,1,SRM-USDT
2020-10-25 00:00:00,1603555200000,1.0690000000,1.0690000000,1.0600000000,1.0670000000,25478.0016000000,27134.1865157000,27134.1865157000,1,SRM-USDT
2020-10-25 01:00:00,1603558800000,1.0640000000,1.0700000000,1.0640000000,1.0690000000,42339.0537000000,45193.6188336000,45193.6188336000,1,SRM-USDT
2020-10-25 02:00:00,1603562400000,1.0710000000,1.0740000000,1.0690000000,1.0690000000,34582.9185000000,37051.7101835000,37051.7101835000,1,SRM-USDT
2020-10-25 03:00:00,1603566000000,1.0690000000,1.0700000000,1.0680000000,1.0680000000,9965.3708000000,10660.2221848000,10660.2221848000,1,SRM-USDT
2020-10-25 04:00:00,1603569600000,1.0680000000,1.0690000000,1.0650000000,1.0650000000,13780.7075000000,14705.4809637000,14705.4809637000,1,SRM-USDT
2020-10-25 05:00:00,1603573200000,1.0650000000,1.0680000000,1.0500000000,1.0500000000,83874.4086000000,88391.5724907000,88391.5724907000,1,SRM-USDT
2020-10-25 06:00:00,1603576800000,1.0500000000,1.0500000000,1.0440000000,1.0460000000,78236.6537000000,81947.0880382000,81947.0880382000,1,SRM-USDT
2020-10-25 07:00:00,1603580400000,1.0460000000,1.0970000000,1.0460000000,1.0560000000,24468.1233000000,25821.1137236000,25821.1137236000,1,SRM-USDT
2020-10-25 08:00:00,1603584000000,1.0560000000,1.0560000000,1.0430000000,1.0530000000,24284.4212000000,25512.7389163000,25512.7389163000,1,SRM-USDT
2020-10-25 09:00:00,1603587600000,1.0530000000,1.0750000000,1.0520000000,1.0750000000,98132.9338000000,104575.0607857000,104575.0607857000,1,SRM-USDT
2020-10-25 10:00:00,1603591200000,1.0750000000,1.0900000000,1.0700000000,1.0900000000,75793.6380000000,81966.5680912000,81966.5680912000,1,SRM-USDT
2020-10-25 11:00:00,1603594800000,1.0890000000,1.0930000000,1.0830000000,1.0870000000,106297.6287000000,115668.8687060000,115668.8687060000,1,SRM-USDT
2020-10-25 12:00:00,1603598400000,1.0860000000,1.0900000000,1.0840000000,1.0880000000,64878.0802000000,70455.4431320000,70455.4431320000,1,SRM-USDT
2020-10-25 13:00:00,1603602000000,1.0880000000,1.0880000000,1.0490000000,1.0510000000,84782.8228000000,90577.9989219000,90577.9989219000,1,SRM-USDT
2020-10-25 14:00:00,1603605600000,1.0520000000,1.1150000000,1.0500000000,1.1140000000,185240.1031000000,202248.9272039000,202248.9272039000,1,SRM-USDT
2020-10-25 15:00:00,1603609200000,1.1140000000,1.1310000000,1.1140000000,1.1250000000,163762.3285000000,184016.9195851000,184016.9195851000,1,SRM-USDT
2020-10-25 16:00:00,1603612800000,1.1240000000,1.1240000000,1.1070000000,1.1190000000,114151.8350000000,127305.6316143000,127305.6316143000,1,SRM-USDT
2020-10-25 17:00:00,1603616400000,1.1190000000,1.1270000000,1.1130000000,1.1250000000,76371.2814000000,85289.9989742000,85289.9989742000,1,SRM-USDT
2020-10-25 18:00:00,1603620000000,1.1250000000,1.1260000000,1.0980000000,1.1000000000,96991.8000000000,107787.2845320000,107787.2845320000,1,SRM-USDT
2020-10-25 19:00:00,1603623600000,1.1000000000,1.1010000000,1.0700000000,1.0820000000,101682.6132000000,110135.7336875000,110135.7336875000,1,SRM-USDT
2020-10-25 20:00:00,1603627200000,1.0810000000,1.1000000000,1.0770000000,1.0950000000,77341.5073000000,84313.3022733000,84313.3022733000,1,SRM-USDT
2020-10-25 21:00:00,1603630800000,1.0940000000,1.1000000000,1.0880000000,1.0940000000,64217.1136000000,70228.8925844000,70228.8925844000,1,SRM-USDT
2020-10-25 22:00:00,1603634400000,1.0940000000,1.0950000000,1.0860000000,1.0870000000,69435.4310000000,75634.5222770000,75634.5222770000,1,SRM-USDT
2020-10-25 23:00:00,1603638000000,1.0880000000,1.0890000000,1.0690000000,1.0710000000,51897.6794000000,55973.2539608000,55973.2539608000,1,SRM-USDT
2020-10-26 00:00:00,1603641600000,1.0710000000,1.0900000000,1.0570000000,1.0860000000,66773.0326000000,72036.7323643000,72036.7323643000,1,SRM-USDT
2020-10-26 01:00:00,1603645200000,1.0860000000,1.1000000000,1.0860000000,1.0950000000,49275.3303000000,53945.4519909000,53945.4519909000,1,SRM-USDT
2020-10-26 02:00:00,1603648800000,1.0950000000,1.0970000000,1.0910000000,1.0920000000,30461.9234000000,33286.1744574000,33286.1744574000,1,SRM-USDT
2020-10-26 03:00:00,1603652400000,1.0920000000,1.0920000000,1.0840000000,1.0870000000,65225.8316000000,70950.7521010000,70950.7521010000,1,SRM-USDT
2020-10-26 04:00:00,1603656000000,1.0860000000,1.1100000000,1.0860000000,1.1000000000,78139.1975000000,85757.8987506000,85757.8987506000,1,SRM-USDT
2020-10-26 05:00:00,1603659600000,1.1000000000,1.1030000000,1.0940000000,1.1010000000,50458.4318000000,55450.6364283000,55450.6364283000,1,SRM-USDT
2020-10-26 06:00:00,1603663200000,1.1010000000,1.1020000000,1.0840000000,1.0890000000,36805.8819000000,40203.3988967000,40203.3988967000,1,SRM-USDT
2020-10-26 07:00:00,1603666800000,1.0890000000,1.0980000000,1.0880000000,1.0920000000,34073.3103000000,37249.3893398000,37249.3893398000,1,SRM-USDT
2020-10-26 08:00:00,1603670400000,1.0930000000,1.0930000000,1.0750000000,1.0910000000,30924.5063000000,33494.5732828000,33494.5732828000,1,SRM-USDT
2020-10-26 09:00:00,1603674000000,1.0930000000,1.0950000000,1.0850000000,1.0910000000,26149.9111000000,28456.5718543000,28456.5718543000,1,SRM-USDT
2020-10-26 10:00:00,1603677600000,1.0910000000,1.0910000000,1.0870000000,1.0870000000,6768.5746000000,7380.2417964000,7380.2417964000,1,SRM-USDT
2020-10-26 11:00:00,1603681200000,1.0870000000,1.0930000000,1.0830000000,1.0910000000,28196.6328000000,30748.1427949000,30748.1427949000,1,SRM-USDT
2020-10-26 12:00:00,1603684800000,1.0910000000,1.0910000000,1.0800000000,1.0840000000,45730.9316000000,49701.4702578000,49701.4702578000,1,SRM-USDT
2020-10-26 13:00:00,1603688400000,1.0840000000,1.0880000000,1.0830000000,1.0880000000,27076.9016000000,29378.8165298000,29378.8165298000,1,SRM-USDT
2020-10-26 14:00:00,1603692000000,1.0890000000,1.1220000000,1.0860000000,1.1220000000,137895.5012000000,153190.1400436000,153190.1400436000,1,SRM-USDT
2020-10-26 15:00:00,1603695600000,1.1220000000,1.1250000000,1.1050000000,1.1050000000,190094.3251000000,211476.3746495000,211476.3746495000,1,SRM-USDT
2020-10-26 16:00:00,1603699200000,1.1050000000,1.1080000000,1.0830000000,1.1040000000,75259.0150000000,82627.6826172000,82627.6826172000,1,SRM-USDT
2020-10-26 17:00:00,1603702800000,1.1040000000,1.1040000000,1.1020000000,1.1030000000,42576.8444000000,46963.5791573000,46963.5791573000,1,SRM-USDT
2020-10-26 18:00:00,1603706400000,1.1030000000,1.1030000000,1.0940000000,1.0980000000,46055.7353000000,50505.9877887000,50505.9877887000,1,SRM-USDT
2020-10-26 19:00:00,1603710000000,1.0990000000,1.1040000000,1.0960000000,1.0960000000,46471.5748000000,51175.0974629000,51175.0974629000,1,SRM-USDT
2020-10-26 20:00:00,1603713600000,1.0960000000,1.0990000000,1.0810000000,1.0850000000,112473.1081000000,122806.8428504000,122806.8428504000,1,SRM-USDT
2020-10-26 21:00:00,1603717200000,1.0840000000,1.0960000000,1.0810000000,1.0930000000,37401.1654000000,40793.9518013000,40793.9518013000,1,SRM-USDT
2020-10-26 22:00:00,1603720800000,1.0930000000,1.0960000000,1.0850000000,1.0870000000,53491.4631000000,58311.7080875000,58311.7080875000,1,SRM-USDT
2020-10-26 23:00:00,1603724400000,1.0860000000,1.0860000000,1.0100000000,1.0260000000,272349.9242000000,285874.1920726000,285874.1920726000,1,SRM-USDT
2020-10-27 00:00:00,1603728000000,1.0260000000,1.0300000000,0.9500000000,0.9720000000,500102.0542000000,492462.8541867000,492462.8541867000,1,SRM-USDT
2020-10-27 01:00:00,1603731600000,0.9720000000,0.9810000000,0.9210000000,0.9500000000,457831.3293000000,436477.3961919000,436477.3961919000,1,SRM-USDT
2020-10-27 02:00:00,1603735200000,0.9490000000,0.9610000000,0.9430000000,0.9580000000,84896.1973000000,80934.6994574000,80934.6994574000,1,SRM-USDT
2020-10-27 03:00:00,1603738800000,0.9570000000,0.9800000000,0.9510000000,0.9780000000,85841.6056000000,82709.3072447000,82709.3072447000,1,SRM-USDT
2020-10-27 04:00:00,1603742400000,0.9780000000,0.9830000000,0.9630000000,0.9810000000,113149.7952000000,110383.7828085000,110383.7828085000,1,SRM-USDT
2020-10-27 05:00:00,1603746000000,0.9810000000,1.0320000000,0.9810000000,1.0290000000,210935.1701000000,212880.0008052000,212880.0008052000,1,SRM-USDT
2020-10-27 06:00:00,1603749600000,1.0290000000,1.0440000000,1.0260000000,1.0350000000,200223.2324000000,207416.7625867000,207416.7625867000,1,SRM-USDT
2020-10-27 07:00:00,1603753200000,1.0330000000,1.0390000000,1.0220000000,1.0280000000,150320.7589000000,154936.2168535000,154936.2168535000,1,SRM-USDT
2020-10-27 08:00:00,1603756800000,1.0280000000,1.0450000000,1.0260000000,1.0380000000,76143.2951000000,78967.0880155000,78967.0880155000,1,SRM-USDT
2020-10-27 09:00:00,1603760400000,1.0390000000,1.0390000000,1.0210000000,1.0240000000,59119.6595000000,60866.5776573000,60866.5776573000,1,SRM-USDT
2020-10-27 10:00:00,1603764000000,1.0240000000,1.0330000000,1.0010000000,1.0050000000,103843.9960000000,105422.0224233000,105422.0224233000,1,SRM-USDT
2020-10-27 11:00:00,1603767600000,1.0040000000,1.0060000000,0.9950000000,1.0000000000,69861.8408000000,69904.7222802000,69904.7222802000,1,SRM-USDT
2020-10-27 12:00:00,1603771200000,1.0000000000,1.0100000000,0.9880000000,1.0100000000,102271.2184000000,102220.4696247000,102220.4696247000,1,SRM-USDT
2020-10-27 13:00:00,1603774800000,1.0100000000,1.0100000000,0.9940000000,1.0040000000,57458.2350000000,57701.5512807000,57701.5512807000,1,SRM-USDT
2020-10-27 14:00:00,1603778400000,1.0030000000,1.0060000000,0.9950000000,1.0000000000,49581.3522000000,49523.4296059000,49523.4296059000,1,SRM-USDT
2020-10-27 15:00:00,1603782000000,1.0000000000,1.0420000000,0.9990000000,1.0350000000,128280.8521000000,131330.7425018000,131330.7425018000,1,SRM-USDT
2020-10-27 16:00:00,1603785600000,1.0350000000,1.0350000000,1.0040000000,1.0060000000,97071.8919000000,98766.1646291000,98766.1646291000,1,SRM-USDT
2020-10-27 17:00:00,1603789200000,1.0060000000,1.0290000000,0.9990000000,1.0210000000,112500.7984000000,113485.1305931000,113485.1305931000,1,SRM-USDT
2020-10-27 18:00:00,1603792800000,1.0200000000,1.0240000000,1.0090000000,1.0130000000,60589.7531000000,61491.5915637000,61491.5915637000,1,SRM-USDT
2020-10-27 19:00:00,1603796400000,1.0130000000,1.0310000000,1.0100000000,1.0220000000,97797.0068000000,99555.3910749000,99555.3910749000,1,SRM-USDT
2020-10-27 20:00:00,1603800000000,1.0210000000,1.0530000000,1.0190000000,1.0490000000,164839.2636000000,171176.3948597000,171176.3948597000,1,SRM-USDT
2020-10-27 21:00:00,1603803600000,1.0490000000,1.0650000000,1.0480000000,1.0530000000,142607.6395000000,150619.6819694000,150619.6819694000,1,SRM-USDT
2020-10-27 22:00:00,1603807200000,1.0550000000,1.1570000000,1.0530000000,1.1480000000,562510.9409000000,623989.1169701000,623989.1169701000,1,SRM-USDT
2020-10-27 23:00:00,1603810800000,1.1470000000,1.2290000000,1.1350000000,1.1410000000,823032.9631000001,968606.0045328001,968606.0045328001,1,SRM-USDT
2020-10-28 00:00:00,1603814400000,1.1410000000,1.1640000000,1.1410000000,1.1580000000,288783.4512000000,333183.4837861000,333183.4837861000,1,SRM-USDT
2020-10-28 01:00:00,1603818000000,1.1570000000,1.1600000000,1.1270000000,1.1290000000,186697.9830000000,212869.9409188000,212869.9409188000,1,SRM-USDT
2020-10-28 02:00:00,1603821600000,1.1310000000,1.1360000000,1.1030000000,1.1200000000,171036.5904000000,191784.4795116000,191784.4795116000,1,SRM-USDT
2020-10-28 03:00:00,1603825200000,1.1190000000,1.1330000000,1.1140000000,1.1210000000,143073.7402000000,160910.3220009000,160910.3220009000,1,SRM-USDT
2020-10-28 04:00:00,1603828800000,1.1200000000,1.1200000000,1.0900000000,1.0940000000,94388.8993000000,104291.4597779000,104291.4597779000,1,SRM-USDT
2020-10-28 05:00:00,1603832400000,1.0930000000,1.0980000000,1.0710000000,1.0750000000,117530.8700000000,127120.0063955000,127120.0063955000,1,SRM-USDT
2020-10-28 06:00:00,1603836000000,1.0730000000,1.1110000000,1.0690000000,1.1080000000,197052.9320000000,213598.5031469000,213598.5031469000,1,SRM-USDT
2020-10-28 07:00:00,1603839600000,1.1050000000,1.1110000000,1.0890000000,1.0990000000,100532.4996000000,110611.8741492000,110611.8741492000,1,SRM-USDT
2020-10-28 08:00:00,1603843200000,1.1000000000,1.1290000000,1.0910000000,1.1260000000,166322.0373000000,184878.3519185000,184878.3519185000,1,SRM-USDT
2020-10-28 09:00:00,1603846800000,1.1250000000,1.1260000000,1.1150000000,1.1200000000,48295.0981000000,54183.8877915000,54183.8877915000,1,SRM-USDT
2020-10-28 10:00:00,1603850400000,1.1200000000,1.1730000000,1.1170000000,1.1550000000,270960.5512000000,311047.7119725000,311047.7119725000,1,SRM-USDT
2020-10-28 11:00:00,1603854000000,1.1570000000,1.1570000000,1.1150000000,1.1270000000,152281.5634000000,172844.0937018000,172844.0937018000,1,SRM-USDT
2020-10-28 12:00:00,1603857600000,1.1290000000,1.1320000000,1.1130000000,1.1180000000,101442.9525000000,113795.0802062000,113795.0802062000,1,SRM-USDT
2020-10-28 13:00:00,1603861200000,1.1180000000,1.1310000000,1.1110000000,1.1140000000,126258.3606000000,140999.9088571000,140999.9088571000,1,SRM-USDT
2020-10-28 14:00:00,1603864800000,1.1130000000,1.1150000000,1.0930000000,1.0940000000,61175.0688000000,67454.0112576000,67454.0112576000,1,SRM-USDT
2020-10-28 15:00:00,1603868400000,1.0940000000,1.0950000000,1.0580000000,1.0680000000,282244.9103000000,303369.6969495000,303369.6969495000,1,SRM-USDT
2020-10-28 16:00:00,1603872000000,1.0690000000,1.0700000000,1.0230000000,1.0480000000,473311.5750000000,492071.2558751000,492071.2558751000,1,SRM-USDT
2020-10-28 17:00:00,1603875600000,1.0480000000,1.0560000000,1.0330000000,1.0350000000,167224.8992000000,173849.9118233000,173849.9118233000,1,SRM-USDT
2020-10-28 18:00:00,1603879200000,1.0360000000,1.0550000000,0.9650000000,1.0440000000,302160.4041000000,310307.9141920000,310307.9141920000,1,SRM-USDT
2020-10-28 19:00:00,1603882800000,1.0480000000,1.0550000000,1.0060000000,1.0330000000,278156.2309000000,286365.7360107000,286365.7360107000,1,SRM-USDT
2020-10-28 20:00:00,1603886400000,1.0330000000,1.0580000000,1.0320000000,1.0520000000,209306.8456000000,219113.1766543000,219113.1766543000,1,SRM-USDT
2020-10-28 21:00:00,1603890000000,1.0510000000,1.0700000000,1.0190000000,1.0230000000,203089.3616000000,211352.1298902000,211352.1298902000,1,SRM-USDT
2020-10-28 22:00:00,1603893600000,1.0210000000,1.0400000000,1.0000000000,1.0260000000,229264.4851000000,235374.3314303000,235374.3314303000,1,SRM-USDT
2020-10-28 23:00:00,1603897200000,1.0260000000,1.0370000000,1.0120000000,1.0320000000,117331.9902000000,120431.1096897000,120431.1096897000,1,SRM-USDT
2020-10-29 00:00:00,1603900800000,1.0310000000,1.0310000000,0.9940000000,1.0000000000,258786.3468000000,260093.5985579000,260093.5985579000,1,SRM-USDT
2020-10-29 01:00:00,1603904400000,1.0000000000,1.0000000000,0.9780000000,0.9880000000,168382.0866000000,166114.2600093000,166114.2600093000,1,SRM-USDT
2020-10-29 02:00:00,1603908000000,0.9880000000,0.9990000000,0.9880000000,0.9960000000,81517.7308000000,81174.9756003000,81174.9756003000,1,SRM-USDT
2020-10-29 03:00:00,1603911600000,0.9960000000,0.9980000000,0.9670000000,0.9880000000,135359.1564000000,133711.9731313000,133711.9731313000,1,SRM-USDT
2020-10-29 04:00:00,1603915200000,0.9890000000,0.9930000000,0.9710000000,0.9760000000,92483.1573000000,90813.2749994000,90813.2749994000,1,SRM-USDT
2020-10-29 05:00:00,1603918800000,0.9770000000,0.9810000000,0.9670000000,0.9800000000,48199.7303000000,46842.6443580000,46842.6443580000,1,SRM-USDT
2020-10-29 06:00:00,1603922400000,0.9800000000,1.0140000000,0.9800000000,0.9980000000,159859.9934000000,159895.7566304000,159895.7566304000,1,SRM-USDT
2020-10-29 07:00:00,1603926000000,0.9950000000,1.0010000000,0.9940000000,0.9990000000,46394.2822000000,46245.7082162000,46245.7082162000,1,SRM-USDT
2020-10-29 08:00:00,1603929600000,0.9960000000,1.0170000000,0.9950000000,1.0090000000,79450.3083000000,79932.5517272000,79932.5517272000,1,SRM-USDT
2020-10-29 09:00:00,1603933200000,1.0090000000,1.0240000000,1.0070000000,1.0230000000,84191.4975000000,85513.3965458000,85513.3965458000,1,SRM-USDT
2020-10-29 10:00:00,1603936800000,1.0230000000,1.0230000000,1.0080000000,1.0100000000,54790.6977000000,55536.5812108000,55536.5812108000,1,SRM-USDT
2020-10-29 11:00:00,1603940400000,1.0080000000,1.0160000000,1.0040000000,1.0140000000,51097.7519000000,51594.0292761000,51594.0292761000,1,SRM-USDT
2020-10-29 12:00:00,1603944000000,1.0140000000,1.0140000000,0.9890000000,0.9910000000,110129.7963000000,109889.3938036000,109889.3938036000,1,SRM-USDT
2020-10-29 13:00:00,1603947600000,0.9910000000,0.9970000000,0.9880000000,0.9970000000,76202.5962000000,75636.6936945000,75636.6936945000,1,SRM-USDT
2020-10-29 14:00:00,1603951200000,0.9960000000,1.0040000000,0.9930000000,0.9980000000,103255.9918000000,102805.3709551000,102805.3709551000,1,SRM-USDT
2020-10-29 15:00:00,1603954800000,0.9980000000,1.0080000000,0.9780000000,0.9780000000,132059.5707000000,130393.4342740000,130393.4342740000,1,SRM-USDT
2020-10-29 16:00:00,1603958400000,0.9800000000,0.9900000000,0.9700000000,0.9750000000,137643.8882000000,134901.3083607000,134901.3083607000,1,SRM-USDT
2020-10-29 17:00:00,1603962000000,0.9760000000,0.9860000000,0.9700000000,0.9740000000,113091.2567000000,110644.0983585000,110644.0983585000,1,SRM-USDT
2020-10-29 18:00:00,1603965600000,0.9750000000,0.9760000000,0.9490000000,0.9600000000,137889.0016000000,132381.8224560000,132381.8224560000,1,SRM-USDT
2020-10-29 19:00:00,1603969200000,0.9600000000,0.9640000000,0.9420000000,0.9420000000,105599.0364000000,100880.3793145000,100880.3793145000,1,SRM-USDT
2020-10-29 20:00:00,1603972800000,0.9420000000,1.0070000000,0.9350000000,0.9890000000,372865.9627000000,361377.5252113000,361377.5252113000,1,SRM-USDT
2020-10-29 21:00:00,1603976400000,0.9890000000,1.0050000000,0.9810000000,0.9950000000,129220.0064000000,128080.9855243000,128080.9855243000,1,SRM-USDT
2020-10-29 22:00:00,1603980000000,0.9940000000,1.0110000000,0.9930000000,1.0050000000,125524.8295000000,125992.0763999000,125992.0763999000,1,SRM-USDT
2020-10-29 23:00:00,1603983600000,1.0050000000,1.0110000000,1.0010000000,1.0040000000,65054.7777000000,65424.3339323000,65424.3339323000,1,SRM-USDT
2020-10-30 00:00:00,1603987200000,1.0030000000,1.0120000000,0.9930000000,1.0100000000,47472.3385000000,47662.9566250000,47662.9566250000,1,SRM-USDT
2020-10-30 01:00:00,1603990800000,1.0100000000,1.0650000000,0.9980000000,1.0450000000,503109.8723000000,523272.3268229000,523272.3268229000,1,SRM-USDT
2020-10-30 02:00:00,1603994400000,1.0450000000,1.0490000000,1.0300000000,1.0320000000,106910.5705000000,111087.2244077000,111087.2244077000,1,SRM-USDT
2020-10-30 03:00:00,1603998000000,1.0330000000,1.0330000000,1.0230000000,1.0230000000,46342.7100000000,47722.3965669000,47722.3965669000,1,SRM-USDT
2020-10-30 04:00:00,1604001600000,1.0220000000,1.0370000000,1.0200000000,1.0350000000,38772.6080000000,39942.4588890000,39942.4588890000,1,SRM-USDT
2020-10-30 05:00:00,1604005200000,1.0330000000,1.0440000000,1.0310000000,1.0430000000,49568.4376000000,51472.2885310000,51472.2885310000,1,SRM-USDT
2020-10-30 06:00:00,1604008800000,1.0440000000,1.0440000000,1.0020000000,1.0030000000,67771.1798000000,69586.6448582000,69586.6448582000,1,SRM-USDT
2020-10-30 07:00:00,1604012400000,1.0030000000,1.0270000000,1.0030000000,1.0190000000,49236.5686000000,50214.6755511000,50214.6755511000,1,SRM-USDT
2020-10-30 08:00:00,1604016000000,1.0190000000,1.0220000000,1.0010000000,1.0200000000,51198.9394000000,51813.0963459000,51813.0963459000,1,SRM-USDT
2020-10-30 09:00:00,1604019600000,1.0210000000,1.0210000000,1.0070000000,1.0090000000,30383.9370000000,30829.6791850000,30829.6791850000,1,SRM-USDT
2020-10-30 10:00:00,1604023200000,1.0070000000,1.0100000000,0.9870000000,0.9900000000,51560.8316000000,51450.3277384000,51450.3277384000,1,SRM-USDT
2020-10-30 11:00:00,1604026800000,0.9900000000,0.9980000000,0.9820000000,0.9850000000,49213.7842000000,48862.3304792000,48862.3304792000,1,SRM-USDT
2020-10-30 12:00:00,1604030400000,0.9860000000,0.9950000000,0.9790000000,0.9870000000,33614.4497000000,33202.5332577000,33202.5332577000,1,SRM-USDT
2020-10-30 13:00:00,1604034000000,0.9860000000,1.0040000000,0.9710000000,0.9840000000,68354.3204000000,67277.1562528000,67277.1562528000,1,SRM-USDT
2020-10-30 14:00:00,1604037600000,0.9830000000,0.9880000000,0.9710000000,0.9830000000,59036.5101000000,57925.6900370000,57925.6900370000,1,SRM-USDT
2020-10-30 15:00:00,1604041200000,0.9830000000,0.9830000000,0.9530000000,0.9600000000,88963.6083000000,85882.6727904000,85882.6727904000,1,SRM-USDT
2020-10-30 16:00:00,1604044800000,0.9590000000,0.9730000000,0.9540000000,0.9580000000,62727.9954000000,60400.0853552000,60400.0853552000,1,SRM-USDT
2020-10-30 17:00:00,1604048400000,0.9570000000,0.9590000000,0.9400000000,0.9570000000,65751.3810000000,62534.1829518000,62534.1829518000,1,SRM-USDT
2020-10-30 18:00:00,1604052000000,0.9570000000,0.9720000000,0.9560000000,0.9720000000,48108.6912000000,46487.0930842000,46487.0930842000,1,SRM-USDT
2020-10-30 19:00:00,1604055600000,0.9720000000,0.9850000000,0.9690000000,0.9790000000,62032.0310000000,60517.6578478000,60517.6578478000,1,SRM-USDT
2020-10-30 20:00:00,1604059200000,0.9800000000,0.9940000000,0.9660000000,0.9920000000,88106.5802000000,86238.3837359000,86238.3837359000,1,SRM-USDT
2020-10-30 21:00:00,1604062800000,0.9930000000,0.9940000000,0.9690000000,0.9810000000,68630.5789000000,67298.1103012000,67298.1103012000,1,SRM-USDT
2020-10-30 22:00:00,1604066400000,0.9800000000,0.9920000000,0.9740000000,0.9750000000,49384.3845000000,48569.9215255000,48569.9215255000,1,SRM-USDT
2020-10-30 23:00:00,1604070000000,0.9760000000,0.9940000000,0.9760000000,0.9900000000,72785.9842000000,71697.9420873000,71697.9420873000,1,SRM-USDT
2020-10-31 00:00:00,1604073600000,0.9890000000,0.9940000000,0.9800000000,0.9910000000,50198.9929000000,49564.1247668000,49564.1247668000,1,SRM-USDT
2020-10-31 01:00:00,1604077200000,0.9920000000,0.9990000000,0.9900000000,0.9900000000,25024.7217000000,24872.5246371000,24872.5246371000,1,SRM-USDT
2020-10-31 02:00:00,1604080800000,0.9910000000,0.9940000000,0.9840000000,0.9870000000,41290.2240000000,40816.0874902000,40816.0874902000,1,SRM-USDT
2020-10-31 03:00:00,1604084400000,0.9870000000,0.9880000000,0.9790000000,0.9870000000,32308.4712000000,31782.9025212000,31782.9025212000,1,SRM-USDT
2020-10-31 04:00:00,1604088000000,0.9870000000,1.0100000000,0.9860000000,0.9940000000,40498.1368000000,40424.3788086000,40424.3788086000,1,SRM-USDT
2020-10-31 05:00:00,1604091600000,0.9940000000,0.9940000000,0.9850000000,0.9920000000,30421.5223000000,30124.7159043000,30124.7159043000,1,SRM-USDT
2020-10-31 06:00:00,1604095200000,0.9920000000,0.9940000000,0.9890000000,0.9930000000,17477.0563000000,17347.6312366000,17347.6312366000,1,SRM-USDT
2020-10-31 07:00:00,1604098800000,0.9910000000,0.9930000000,0.9820000000,0.9820000000,12684.5237000000,12529.5029485000,12529.5029485000,1,SRM-USDT
2020-10-31 08:00:00,1604102400000,0.9840000000,0.9840000000,0.9730000000,0.9810000000,36248.0321000000,35506.5436407000,35506.5436407000,1,SRM-USDT
2020-10-31 09:00:00,1604106000000,0.9810000000,0.9880000000,0.9800000000,0.9840000000,36817.3469000000,36206.5174942000,36206.5174942000,1,SRM-USDT
2020-10-31 10:00:00,1604109600000,0.9840000000,0.9880000000,0.9730000000,0.9780000000,63521.8727000000,62243.5843209000,62243.5843209000,1,SRM-USDT
2020-10-31 11:00:00,1604113200000,0.9780000000,0.9780000000,0.9650000000,0.9700000000,36105.5051000000,35012.0110944000,35012.0110944000,1,SRM-USDT
2020-10-31 12:00:00,1604116800000,0.9710000000,0.9740000000,0.9710000000,0.9730000000,16012.1917000000,15570.9731081000,15570.9731081000,1,SRM-USDT
2020-10-31 13:00:00,1604120400000,0.9730000000,0.9810000000,0.9710000000,0.9740000000,29272.4735000000,28564.3337267000,28564.3337267000,1,SRM-USDT
2020-10-31 14:00:00,1604124000000,0.9750000000,0.9820000000,0.9670000000,0.9790000000,55571.7344000000,54185.0166547000,54185.0166547000,1,SRM-USDT
2020-10-31 15:00:00,1604127600000,0.9780000000,0.9790000000,0.9730000000,0.9780000000,37762.3129000000,36884.9326828000,36884.9326828000,1,SRM-USDT
2020-10-31 16:00:00,1604131200000,0.9780000000,0.9820000000,0.9750000000,0.9820000000,59485.6473000000,58155.1294508000,58155.1294508000,1,SRM-USDT
2020-10-31 17:00:00,1604134800000,0.9820000000,0.9880000000,0.9800000000,0.9860000000,30686.3119000000,30225.6515267000,30225.6515267000,1,SRM-USDT
2020-10-31 18:00:00,1604138400000,0.9870000000,0.9890000000,0.9800000000,0.9840000000,74256.1061000000,73160.3704355000,73160.3704355000,1,SRM-USDT
2020-10-31 19:00:00,1604142000000,0.9850000000,1.0050000000,0.9850000000,0.9960000000,52546.8551000000,52365.8657456000,52365.8657456000,1,SRM-USDT
2020-10-31 20:00:00,1604145600000,0.9960000000,1.0050000000,0.9930000000,0.9950000000,26139.2703000000,26119.6470138000,26119.6470138000,1,SRM-USDT
2020-10-31 21:00:00,1604149200000,0.9940000000,0.9970000000,0.9850000000,0.9940000000,67493.3472000000,66893.3847363000,66893.3847363000,1,SRM-USDT
2020-10-31 22:00:00,1604152800000,0.9940000000,0.9940000000,0.9840000000,0.9850000000,21029.9727000000,20812.8922137000,20812.8922137000,1,SRM-USDT
2020-10-31 23:00:00,1604156400000,0.9860000000,0.9860000000,0.9790000000,0.9840000000,8830.7908000000,8671.8757615000,8671.8757615000,1,SRM-USDT
2020-11-01 00:00:00,1604160000000,0.9850000000,0.9880000000,0.9820000000,0.9870000000,15353.5193000000,15125.1981486000,15125.1981486000,1,SRM-USDT
2020-11-01 01:00:00,1604163600000,0.9870000000,0.9870000000,0.9790000000,0.9790000000,31974.1735000000,31421.8136822000,31421.8136822000,1,SRM-USDT
2020-11-01 02:00:00,1604167200000,0.9800000000,0.9800000000,0.9740000000,0.9740000000,16145.6203000000,15766.6040891000,15766.6040891000,1,SRM-USDT
2020-11-01 03:00:00,1604170800000,0.9750000000,0.9760000000,0.9740000000,0.9750000000,2281.8311000000,2224.7104443000,2224.7104443000,1,SRM-USDT
2020-11-01 04:00:00,1604174400000,0.9750000000,0.9770000000,0.9750000000,0.9760000000,7651.6680000000,7466.4568634000,7466.4568634000,1,SRM-USDT
2020-11-01 05:00:00,1604178000000,0.9760000000,0.9760000000,0.9740000000,0.9760000000,4882.6508000000,4760.5894762000,4760.5894762000,1,SRM-USDT
2020-11-01 06:00:00,1604181600000,0.9750000000,0.9770000000,0.9740000000,0.9760000000,5665.9144000000,5525.2886676000,5525.2886676000,1,SRM-USDT
2020-11-01 07:00:00,1604185200000,0.9740000000,0.9740000000,0.9580000000,0.9610000000,27766.2802000000,26740.6516920000,26740.6516920000,1,SRM-USDT
2020-11-01 08:00:00,1604188800000,0.9610000000,0.9770000000,0.9600000000,0.9720000000,59237.3155000000,57400.6331022000,57400.6331022000,1,SRM-USDT
2020-11-01 09:00:00,1604192400000,0.9730000000,0.9750000000,0.9710000000,0.9720000000,36131.2984000000,35143.6331568000,35143.6331568000,1,SRM-USDT
2020-11-01 10:00:00,1604196000000,0.9750000000,0.9750000000,0.9730000000,0.9730000000,17127.1433000000,16665.4323148000,16665.4323148000,1,SRM-USDT
2020-11-01 11:00:00,1604199600000,0.9730000000,0.9800000000,0.9710000000,0.9780000000,40323.5428000000,39289.8930167000,39289.8930167000,1,SRM-USDT
2020-11-01 12:00:00,1604203200000,0.9790000000,0.9790000000,0.9670000000,0.9710000000,45114.8967000000,43917.9103973000,43917.9103973000,1,SRM-USDT
2020-11-01 13:00:00,1604206800000,0.9690000000,0.9710000000,0.9540000000,0.9550000000,24007.6909000000,23115.1122468000,23115.1122468000,1,SRM-USDT
2020-11-01 14:00:00,1604210400000,0.9540000000,0.9550000000,0.9440000000,0.9450000000,28180.6916000000,26749.7376789000,26749.7376789000,1,SRM-USDT
2020-11-01 15:00:00,1604214000000,0.9450000000,0.9540000000,0.9440000000,0.9530000000,30236.6717000000,28685.9415706000,28685.9415706000,1,SRM-USDT
2020-11-01 16:00:00,1604217600000,0.9530000000,0.9590000000,0.9510000000,0.9550000000,22020.5703000000,21047.9339639000,21047.9339639000,1,SRM-USDT
2020-11-01 17:00:00,1604221200000,0.9550000000,0.9570000000,0.9530000000,0.9530000000,23880.1180000000,22788.1290737000,22788.1290737000,1,SRM-USDT
2020-11-01 18:00:00,1604224800000,0.9530000000,0.9780000000,0.9530000000,0.9710000000,78840.4086000000,75980.0627969000,75980.0627969000,1,SRM-USDT
2020-11-01 19:00:00,1604228400000,0.9740000000,0.9750000000,0.9620000000,0.9650000000,26849.0461000000,26060.9794339000,26060.9794339000,1,SRM-USDT
2020-11-01 20:00:00,1604232000000,0.9650000000,0.9650000000,0.9580000000,0.9600000000,31414.2649000000,30232.9955223000,30232.9955223000,1,SRM-USDT
2020-11-01 21:00:00,1604235600000,0.9600000000,0.9640000000,0.9590000000,0.9640000000,22604.4690000000,21734.4930371000,21734.4930371000,1,SRM-USDT
2020-11-01 22:00:00,1604239200000,0.9630000000,0.9640000000,0.9600000000,0.9620000000,7394.0341000000,7117.9470904000,7117.9470904000,1,SRM-USDT
2020-11-01 23:00:00,1604242800000,0.9630000000,0.9850000000,0.9630000000,0.9820000000,45526.4674000000,44522.0705898000,44522.0705898000,1,SRM-USDT
2020-11-02 00:00:00,1604246400000,0.9820000000,0.9850000000,0.9820000000,0.9830000000,19654.2532000000,19341.0272142000,19341.0272142000,1,SRM-USDT
2020-11-02 01:00:00,1604250000000,0.9830000000,0.9830000000,0.9790000000,0.9820000000,24542.8458000000,24055.5677048000,24055.5677048000,1,SRM-USDT
2020-11-02 02:00:00,1604253600000,0.9820000000,0.9870000000,0.9810000000,0.9870000000,25774.2092000000,25339.2166274000,25339.2166274000,1,SRM-USDT
2020-11-02 03:00:00,1604257200000,0.9880000000,0.9910000000,0.9870000000,0.9910000000,11858.2454000000,11726.9492125000,11726.9492125000,1,SRM-USDT
2020-11-02 04:00:00,1604260800000,0.9920000000,0.9960000000,0.9910000000,0.9920000000,8684.0647000000,8619.8409897000,8619.8409897000,1,SRM-USDT
2020-11-02 05:00:00,1604264400000,0.9930000000,0.9990000000,0.9930000000,0.9950000000,42558.3733000000,42382.7462129000,42382.7462129000,1,SRM-USDT
2020-11-02 06:00:00,1604268000000,0.9970000000,0.9980000000,0.9800000000,0.9800000000,43701.1294000000,43304.6661706000,43304.6661706000,1,SRM-USDT
2020-11-02 07:00:00,1604271600000,0.9820000000,0.9840000000,0.9690000000,0.9720000000,34345.8051000000,33452.8851106000,33452.8851106000,1,SRM-USDT
2020-11-02 08:00:00,1604275200000,0.9720000000,0.9880000000,0.9700000000,0.9880000000,98564.6402000000,96713.6659038000,96713.6659038000,1,SRM-USDT
2020-11-02 09:00:00,1604278800000,0.9880000000,0.9940000000,0.9840000000,0.9940000000,39300.7613000000,38807.4179404000,38807.4179404000,1,SRM-USDT
2020-11-02 10:00:00,1604282400000,0.9940000000,0.9970000000,0.9830000000,0.9860000000,42238.9131000000,41773.1815299000,41773.1815299000,1,SRM-USDT
2020-11-02 11:00:00,1604286000000,0.9860000000,0.9860000000,0.9710000000,0.9770000000,73473.7071000000,71961.5840014000,71961.5840014000,1,SRM-USDT
2020-11-02 12:00:00,1604289600000,0.9720000000,0.9770000000,0.9700000000,0.9720000000,20923.8649000000,20352.7914738000,20352.7914738000,1,SRM-USDT
2020-11-02 13:00:00,1604293200000,0.9720000000,0.9720000000,0.9690000000,0.9690000000,11323.4990000000,10996.2173307000,10996.2173307000,1,SRM-USDT
2020-11-02 14:00:00,1604296800000,0.9700000000,0.9790000000,0.9690000000,0.9790000000,17656.4374000000,17167.1456672000,17167.1456672000,1,SRM-USDT
2020-11-02 15:00:00,1604300400000,0.9780000000,0.9880000000,0.9780000000,0.9860000000,37566.6898000000,36896.0297477000,36896.0297477000,1,SRM-USDT
2020-11-02 16:00:00,1604304000000,0.9860000000,0.9910000000,0.9580000000,0.9580000000,100006.5496000000,97299.0630844000,97299.0630844000,1,SRM-USDT
2020-11-02 17:00:00,1604307600000,0.9570000000,0.9640000000,0.9570000000,0.9610000000,32299.3135000000,31065.9368479000,31065.9368479000,1,SRM-USDT
2020-11-02 18:00:00,1604311200000,0.9610000000,0.9620000000,0.9460000000,0.9460000000,48405.3728000000,46183.7101317000,46183.7101317000,1,SRM-USDT
2020-11-02 19:00:00,1604314800000,0.9460000000,0.9500000000,0.9450000000,0.9490000000,29941.9469000000,28373.4633598000,28373.4633598000,1,SRM-USDT
2020-11-02 20:00:00,1604318400000,0.9490000000,0.9540000000,0.9410000000,0.9430000000,47931.3519000000,45339.9049398000,45339.9049398000,1,SRM-USDT
2020-11-02 21:00:00,1604322000000,0.9420000000,0.9460000000,0.9420000000,0.9440000000,19904.6241000000,18789.0742198000,18789.0742198000,1,SRM-USDT
2020-11-02 22:00:00,1604325600000,0.9440000000,0.9440000000,0.9300000000,0.9360000000,49938.6783000000,46664.4620333000,46664.4620333000,1,SRM-USDT
2020-11-02 23:00:00,1604329200000,0.9350000000,0.9370000000,0.9320000000,0.9370000000,20054.4107000000,18737.3272565000,18737.3272565000,1,SRM-USDT
2020-11-03 00:00:00,1604332800000,0.9370000000,0.9480000000,0.9360000000,0.9450000000,40563.5567000000,38337.2881071000,38337.2881071000,1,SRM-USDT
2020-11-03 01:00:00,1604336400000,0.9420000000,0.9460000000,0.9420000000,0.9450000000,18016.2371000000,17024.8307005000,17024.8307005000,1,SRM-USDT
2020-11-03 02:00:00,1604340000000,0.9450000000,0.9450000000,0.9420000000,0.9440000000,6477.0748000000,6114.4662697000,6114.4662697000,1,SRM-USDT
2020-11-03 03:00:00,1604343600000,0.9440000000,0.9480000000,0.9420000000,0.9460000000,7299.3558000000,6888.8240048000,6888.8240048000,1,SRM-USDT
2020-11-03 04:00:00,1604347200000,0.9470000000,0.9530000000,0.9460000000,0.9460000000,14350.2591000000,13620.4176058000,13620.4176058000,1,SRM-USDT
2020-11-03 05:00:00,1604350800000,0.9460000000,0.9490000000,0.9450000000,0.9450000000,4951.5314000000,4684.1207873000,4684.1207873000,1,SRM-USDT
2020-11-03 06:00:00,1604354400000,0.9470000000,0.9470000000,0.9370000000,0.9400000000,11237.3677000000,10590.8392292000,10590.8392292000,1,SRM-USDT
2020-11-03 07:00:00,1604358000000,0.9420000000,0.9420000000,0.9240000000,0.9270000000,29909.6479000000,27761.9608282000,27761.9608282000,1,SRM-USDT
2020-11-03 08:00:00,1604361600000,0.9270000000,0.9270000000,0.9190000000,0.9250000000,37440.0322000000,34507.3351278000,34507.3351278000,1,SRM-USDT
2020-11-03 09:00:00,1604365200000,0.9260000000,0.9260000000,0.9220000000,0.9240000000,28086.1898000000,25932.9339968000,25932.9339968000,1,SRM-USDT
2020-11-03 10:00:00,1604368800000,0.9250000000,0.9250000000,0.8890000000,0.8930000000,64070.2625000000,57758.4212804000,57758.4212804000,1,SRM-USDT
2020-11-03 11:00:00,1604372400000,0.8930000000,0.8950000000,0.8560000000,0.8570000000,101286.5782000000,89145.8843443000,89145.8843443000,1,SRM-USDT
2020-11-03 12:00:00,1604376000000,0.8560000000,0.8590000000,0.8470000000,0.8570000000,31088.2142000000,26596.2508512000,26596.2508512000,1,SRM-USDT
2020-11-03 13:00:00,1604379600000,0.8580000000,0.8740000000,0.8580000000,0.8610000000,48412.2681000000,41916.2042833000,41916.2042833000,1,SRM-USDT
2020-11-03 14:00:00,1604383200000,0.8610000000,0.8640000000,0.8560000000,0.8580000000,49427.4832000000,42530.5637109000,42530.5637109000,1,SRM-USDT
2020-11-03 15:00:00,1604386800000,0.8570000000,0.8590000000,0.8550000000,0.8590000000,6617.2077000000,5675.1013960000,5675.1013960000,1,SRM-USDT
2020-11-03 16:00:00,1604390400000,0.8600000000,0.8600000000,0.8530000000,0.8570000000,27820.2031000000,23859.6795187000,23859.6795187000,1,SRM-USDT
2020-11-03 17:00:00,1604394000000,0.8580000000,0.8780000000,0.8580000000,0.8730000000,79622.2441000000,69345.8383415000,69345.8383415000,1,SRM-USDT
2020-11-03 18:00:00,1604397600000,0.8740000000,0.8760000000,0.8600000000,0.8680000000,54820.0786000000,47546.7950126000,47546.7950126000,1,SRM-USDT
2020-11-03 19:00:00,1604401200000,0.8680000000,0.8740000000,0.8650000000,0.8730000000,33739.7707000000,29366.9992128000,29366.9992128000,1,SRM-USDT
2020-11-03 20:00:00,1604404800000,0.8730000000,0.8730000000,0.8530000000,0.8540000000,99501.2536000000,85570.0955660000,85570.0955660000,1,SRM-USDT
2020-11-03 21:00:00,1604408400000,0.8540000000,0.8590000000,0.8470000000,0.8580000000,103936.7737000000,88971.3536917000,88971.3536917000,1,SRM-USDT
2020-11-03 22:00:00,1604412000000,0.8590000000,0.8730000000,0.8560000000,0.8620000000,42778.6320000000,36870.0926321000,36870.0926321000,1,SRM-USDT
2020-11-03 23:00:00,1604415600000,0.8630000000,0.8630000000,0.8460000000,0.8460000000,69255.4486000000,59100.0982602000,59100.0982602000,1,SRM-USDT
2020-11-04 00:00:00,1604419200000,0.8460000000,0.8470000000,0.8390000000,0.8450000000,55833.3588000000,47033.8107560000,47033.8107560000,1,SRM-USDT
2020-11-04 01:00:00,1604422800000,0.8450000000,0.8450000000,0.8400000000,0.8420000000,38429.1834000000,32354.9724679000,32354.9724679000,1,SRM-USDT
2020-11-04 02:00:00,1604426400000,0.8430000000,0.8440000000,0.8400000000,0.8410000000,19467.3373000000,16403.0287971000,16403.0287971000,1,SRM-USDT
2020-11-04 03:00:00,1604430000000,0.8400000000,0.8430000000,0.8400000000,0.8430000000,10193.0637000000,8580.2800065000,8580.2800065000,1,SRM-USDT
2020-11-04 04:00:00,1604433600000,0.8460000000,0.8570000000,0.8460000000,0.8520000000,23967.3846000000,20401.9152177000,20401.9152177000,1,SRM-USDT
2020-11-04 05:00:00,1604437200000,0.8530000000,0.8530000000,0.8450000000,0.8490000000,14350.4969000000,12208.9594511000,12208.9594511000,1,SRM-USDT
2020-11-04 06:00:00,1604440800000,0.8490000000,0.8500000000,0.8430000000,0.8470000000,35110.6232000000,29755.9914400000,29755.9914400000,1,SRM-USDT
2020-11-04 07:00:00,1604444400000,0.8470000000,0.8500000000,0.8450000000,0.8450000000,34742.6806000000,29446.5710629000,29446.5710629000,1,SRM-USDT
2020-11-04 08:00:00,1604448000000,0.8450000000,0.8480000000,0.8410000000,0.8410000000,46009.8546000000,38857.9434345000,38857.9434345000,1,SRM-USDT
2020-11-04 09:00:00,1604451600000,0.8420000000,0.8420000000,0.8290000000,0.8350000000,54017.2191000000,45275.2498605000,45275.2498605000,1,SRM-USDT
2020-11-04 10:00:00,1604455200000,0.8370000000,0.8370000000,0.8320000000,0.8330000000,15901.4591000000,13265.6438557000,13265.6438557000,1,SRM-USDT
2020-11-04 11:00:00,1604458800000,0.8330000000,0.8370000000,0.8320000000,0.8340000000,51994.3877000000,43420.0718912000,43420.0718912000,1,SRM-USDT
2020-11-04 12:00:00,1604462400000,0.8340000000,0.8410000000,0.8330000000,0.8400000000,20136.9644000000,16865.7498716000,16865.7498716000,1,SRM-USDT
2020-11-04 13:00:00,1604466000000,0.8410000000,0.8460000000,0.8390000000,0.8390000000,50190.9713000000,42287.3863047000,42287.3863047000,1,SRM-USDT
2020-11-04 14:00:00,1604469600000,0.8400000000,0.8400000000,0.8380000000,0.8390000000,7428.9173000000,6235.7553346000,6235.7553346000,1,SRM-USDT
2020-11-04 15:00:00,1604473200000,0.8390000000,0.8400000000,0.8180000000,0.8200000000,56285.6991000000,46627.8825705000,46627.8825705000,1,SRM-USDT
2020-11-04 16:00:00,1604476800000,0.8190000000,0.8230000000,0.8160000000,0.8220000000,49025.0334000000,40210.1705607000,40210.1705607000,1,SRM-USDT
2020-11-04 17:00:00,1604480400000,0.8210000000,0.8240000000,0.8160000000,0.8160000000,45697.1439000000,37526.4394518000,37526.4394518000,1,SRM-USDT
2020-11-04 18:00:00,1604484000000,0.8170000000,0.8190000000,0.8030000000,0.8030000000,52071.2849000000,42408.2548270000,42408.2548270000,1,SRM-USDT
2020-11-04 19:00:00,1604487600000,0.8040000000,0.8260000000,0.7980000000,0.8120000000,71876.4572000000,58362.0437944000,58362.0437944000,1,SRM-USDT
2020-11-04 20:00:00,1604491200000,0.8120000000,0.8130000000,0.8100000000,0.8110000000,16610.4834000000,13485.2119981000,13485.2119981000,1,SRM-USDT
2020-11-04 21:00:00,1604494800000,0.8110000000,0.8120000000,0.8030000000,0.8120000000,50508.7762000000,40893.9243828000,40893.9243828000,1,SRM-USDT
2020-11-04 22:00:00,1604498400000,0.8120000000,0.8130000000,0.7970000000,0.7970000000,62792.6405000000,50543.1255553000,50543.1255553000,1,SRM-USDT
2020-11-04 23:00:00,1604502000000,0.7970000000,0.7980000000,0.7910000000,0.7910000000,51778.1921000000,41096.6740885000,41096.6740885000,1,SRM-USDT
2020-11-05 00:00:00,1604505600000,0.7910000000,0.8310000000,0.7900000000,0.8240000000,143395.3463000000,117376.9458025000,117376.9458025000,1,SRM-USDT
2020-11-05 01:00:00,1604509200000,0.8240000000,0.8330000000,0.8210000000,0.8300000000,64230.0783000000,53136.0244978000,53136.0244978000,1,SRM-USDT
2020-11-05 02:00:00,1604512800000,0.8290000000,0.8410000000,0.8280000000,0.8380000000,30507.2852000000,25440.2452545000,25440.2452545000,1,SRM-USDT
2020-11-05 03:00:00,1604516400000,0.8400000000,0.8420000000,0.8390000000,0.8410000000,26672.0550000000,22421.7299354000,22421.7299354000,1,SRM-USDT
2020-11-05 04:00:00,1604520000000,0.8410000000,0.8440000000,0.8380000000,0.8410000000,50526.8137000000,42418.1335721000,42418.1335721000,1,SRM-USDT
2020-11-05 05:00:00,1604523600000,0.8410000000,0.8410000000,0.8370000000,0.8370000000,23863.6310000000,20015.7020164000,20015.7020164000,1,SRM-USDT
2020-11-05 06:00:00,1604527200000,0.8370000000,0.8390000000,0.8290000000,0.8290000000,24909.6826000000,20805.4376513000,20805.4376513000,1,SRM-USDT
2020-11-05 07:00:00,1604530800000,0.8290000000,0.8300000000,0.8210000000,0.8230000000,39121.6878000000,32283.1953995000,32283.1953995000,1,SRM-USDT
2020-11-05 08:00:00,1604534400000,0.8240000000,0.8340000000,0.8230000000,0.8340000000,25134.6332000000,20770.8946711000,20770.8946711000,1,SRM-USDT
2020-11-05 09:00:00,1604538000000,0.8310000000,0.8450000000,0.8310000000,0.8440000000,50436.4774000000,42350.4890907000,42350.4890907000,1,SRM-USDT
2020-11-05 10:00:00,1604541600000,0.8440000000,0.8530000000,0.8430000000,0.8430000000,98550.5721000000,83508.3998049000,83508.3998049000,1,SRM-USDT
2020-11-05 11:00:00,1604545200000,0.8440000000,0.8500000000,0.8440000000,0.8480000000,32764.9443000000,27766.8647061000,27766.8647061000,1,SRM-USDT
2020-11-05 12:00:00,1604548800000,0.8470000000,0.8500000000,0.8450000000,0.8460000000,39060.0773000000,33129.1418167000,33129.1418167000,1,SRM-USDT
2020-11-05 13:00:00,1604552400000,0.8460000000,0.8470000000,0.8400000000,0.8410000000,24385.8328000000,20546.4392509000,20546.4392509000,1,SRM-USDT
2020-11-05 14:00:00,1604556000000,0.8410000000,0.8460000000,0.8380000000,0.8380000000,27476.8614000000,23172.3331545000,23172.3331545000,1,SRM-USDT
2020-11-05 15:00:00,1604559600000,0.8380000000,0.8390000000,0.8310000000,0.8310000000,41665.5078000000,34757.8716016000,34757.8716016000,1,SRM-USDT
2020-11-05 16:00:00,1604563200000,0.8320000000,0.8370000000,0.8280000000,0.8290000000,48089.0960000000,40028.0042441000,40028.0042441000,1,SRM-USDT
2020-11-05 17:00:00,1604566800000,0.8280000000,0.8290000000,0.8240000000,0.8260000000,18612.9406000000,15387.7655092000,15387.7655092000,1,SRM-USDT
2020-11-05 18:00:00,1604570400000,0.8260000000,0.8260000000,0.8180000000,0.8210000000,38753.7479000000,31836.8248710000,31836.8248710000,1,SRM-USDT
2020-11-05 19:00:00,1604574000000,0.8230000000,0.8230000000,0.8170000000,0.8210000000,33746.0959000000,27672.9019596000,27672.9019596000,1,SRM-USDT
2020-11-05 20:00:00,1604577600000,0.8210000000,0.8210000000,0.7990000000,0.8090000000,38195.3817000000,31021.2592693000,31021.2592693000,1,SRM-USDT
2020-11-05 21:00:00,1604581200000,0.8050000000,0.8250000000,0.7990000000,0.8200000000,111728.0667000000,90515.2951996000,90515.2951996000,1,SRM-USDT
2020-11-05 22:00:00,1604584800000,0.8200000000,0.8540000000,0.8200000000,0.8540000000,154752.3242000000,130720.9598751000,130720.9598751000,1,SRM-USDT
2020-11-05 23:00:00,1604588400000,0.8540000000,0.8770000000,0.8520000000,0.8620000000,162048.0093000000,140369.8788179000,140369.8788179000,1,SRM-USDT
2020-11-06 00:00:00,1604592000000,0.8620000000,0.8660000000,0.8500000000,0.8540000000,138808.5718000000,118983.2419722000,118983.2419722000,1,SRM-USDT
2020-11-06 01:00:00,1604595600000,0.8560000000,0.8610000000,0.8450000000,0.8540000000,43728.2509000000,37355.5759305000,37355.5759305000,1,SRM-USDT
2020-11-06 02:00:00,1604599200000,0.8540000000,0.8570000000,0.8530000000,0.8560000000,30019.7234000000,25657.1961593000,25657.1961593000,1,SRM-USDT
2020-11-06 03:00:00,1604602800000,0.8560000000,0.8590000000,0.8530000000,0.8570000000,22643.8413000000,19371.1992485000,19371.1992485000,1,SRM-USDT
2020-11-06 04:00:00,1604606400000,0.8570000000,0.8600000000,0.8570000000,0.8600000000,17541.3000000000,15065.7903384000,15065.7903384000,1,SRM-USDT
2020-11-06 05:00:00,1604610000000,0.8610000000,0.8610000000,0.8550000000,0.8560000000,16221.7033000000,13932.2728521000,13932.2728521000,1,SRM-USDT
2020-11-06 06:00:00,1604613600000,0.8570000000,0.8600000000,0.8550000000,0.8600000000,24392.0246000000,20901.9764875000,20901.9764875000,1,SRM-USDT
2020-11-06 07:00:00,1604617200000,0.8590000000,0.8610000000,0.8570000000,0.8580000000,15968.7429000000,13723.8851180000,13723.8851180000,1,SRM-USDT
2020-11-06 08:00:00,1604620800000,0.8590000000,0.8740000000,0.8580000000,0.8700000000,67285.5831000000,58336.6038890000,58336.6038890000,1,SRM-USDT
2020-11-06 09:00:00,1604624400000,0.8690000000,0.8950000000,0.8690000000,0.8930000000,86612.2463000000,76321.4358067000,76321.4358067000,1,SRM-USDT
2020-11-06 10:00:00,1604628000000,0.8930000000,0.8970000000,0.8850000000,0.8870000000,130609.4497000000,116350.0474784000,116350.0474784000,1,SRM-USDT
2020-11-06 11:00:00,1604631600000,0.8870000000,0.8870000000,0.8760000000,0.8760000000,45700.9613000000,40317.0852063000,40317.0852063000,1,SRM-USDT
2020-11-06 12:00:00,1604635200000,0.8750000000,0.8870000000,0.8740000000,0.8850000000,35933.0267000000,31717.1544394000,31717.1544394000,1,SRM-USDT
2020-11-06 13:00:00,1604638800000,0.8850000000,0.8920000000,0.8850000000,0.8890000000,27769.4469000000,24708.0522918000,24708.0522918000,1,SRM-USDT
2020-11-06 14:00:00,1604642400000,0.8890000000,0.9130000000,0.8890000000,0.9120000000,79665.3261000000,71943.5783035000,71943.5783035000,1,SRM-USDT
2020-11-06 15:00:00,1604646000000,0.9120000000,0.9180000000,0.9120000000,0.9160000000,68924.9823000000,63090.6575895000,63090.6575895000,1,SRM-USDT
2020-11-06 16:00:00,1604649600000,0.9160000000,0.9180000000,0.9070000000,0.9080000000,36704.7151000000,33495.2188312000,33495.2188312000,1,SRM-USDT
2020-11-06 17:00:00,1604653200000,0.9080000000,0.9080000000,0.8950000000,0.9000000000,51061.6461000000,45958.3158679000,45958.3158679000,1,SRM-USDT
2020-11-06 18:00:00,1604656800000,0.8990000000,0.9550000000,0.8990000000,0.9540000000,144483.6787000000,135008.5593307000,135008.5593307000,1,SRM-USDT
2020-11-06 19:00:00,1604660400000,0.9540000000,0.9640000000,0.9490000000,0.9570000000,63177.9690000000,60368.6785861000,60368.6785861000,1,SRM-USDT
2020-11-06 20:00:00,1604664000000,0.9570000000,0.9570000000,0.9420000000,0.9440000000,38662.3829000000,36635.5333019000,36635.5333019000,1,SRM-USDT
2020-11-06 21:00:00,1604667600000,0.9440000000,0.9660000000,0.9440000000,0.9630000000,48694.7801000000,46556.9927263000,46556.9927263000,1,SRM-USDT
2020-11-06 22:00:00,1604671200000,0.9630000000,0.9770000000,0.9340000000,0.9390000000,119878.5249000000,114546.5450210000,114546.5450210000,1,SRM-USDT
2020-11-06 23:00:00,1604674800000,0.9390000000,0.9420000000,0.9250000000,0.9250000000,88089.4057000000,82235.1700997000,82235.1700997000,1,SRM-USDT
2020-11-07 00:00:00,1604678400000,0.9240000000,0.9440000000,0.9240000000,0.9430000000,58804.7002000000,55165.0804786000,55165.0804786000,1,SRM-USDT
2020-11-07 01:00:00,1604682000000,0.9430000000,0.9570000000,0.9430000000,0.9540000000,35550.5740000000,33815.9467963000,33815.9467963000,1,SRM-USDT
2020-11-07 02:00:00,1604685600000,0.9550000000,0.9660000000,0.9550000000,0.9630000000,54245.0891000000,52137.0643255000,52137.0643255000,1,SRM-USDT
2020-11-07 03:00:00,1604689200000,0.9630000000,0.9700000000,0.9470000000,0.9480000000,23441.9465000000,22528.1377083000,22528.1377083000,1,SRM-USDT
2020-11-07 04:00:00,1604692800000,0.9480000000,0.9640000000,0.9410000000,0.9640000000,56755.3004000000,53950.3247597000,53950.3247597000,1,SRM-USDT
2020-11-07 05:00:00,1604696400000,0.9640000000,0.9790000000,0.9640000000,0.9690000000,87516.0041000000,85291.6635055000,85291.6635055000,1,SRM-USDT
2020-11-07 06:00:00,1604700000000,0.9680000000,0.9890000000,0.9640000000,0.9880000000,61140.8754000000,59779.9614662000,59779.9614662000,1,SRM-USDT
2020-11-07 07:00:00,1604703600000,0.9880000000,1.0020000000,0.9880000000,0.9930000000,64973.7578000000,64573.9516721000,64573.9516721000,1,SRM-USDT
2020-11-07 08:00:00,1604707200000,0.9930000000,1.0450000000,0.9930000000,1.0420000000,133049.5674000000,136547.7719807000,136547.7719807000,1,SRM-USDT
2020-11-07 09:00:00,1604710800000,1.0420000000,1.1010000000,1.0380000000,1.0990000000,194559.6409000000,207368.7830282000,207368.7830282000,1,SRM-USDT
2020-11-07 10:00:00,1604714400000,1.0990000000,1.1410000000,1.0610000000,1.0690000000,400371.3540000000,441874.6025858000,441874.6025858000,1,SRM-USDT
2020-11-07 11:00:00,1604718000000,1.0680000000,1.0980000000,1.0470000000,1.0640000000,146670.3649000000,157574.9697557000,157574.9697557000,1,SRM-USDT
2020-11-07 12:00:00,1604721600000,1.0640000000,1.0820000000,1.0550000000,1.0690000000,99281.3757000000,106213.7385912000,106213.7385912000,1,SRM-USDT
2020-11-07 13:00:00,1604725200000,1.0690000000,1.0910000000,1.0630000000,1.0910000000,76673.4915000000,82573.8676954000,82573.8676954000,1,SRM-USDT
2020-11-07 14:00:00,1604728800000,1.0920000000,1.0970000000,1.0710000000,1.0960000000,87639.1409000000,95181.0934889000,95181.0934889000,1,SRM-USDT
2020-11-07 15:00:00,1604732400000,1.0960000000,1.1210000000,1.0950000000,1.1040000000,113305.1071000000,125285.3538858000,125285.3538858000,1,SRM-USDT
2020-11-07 16:00:00,1604736000000,1.1030000000,1.1070000000,1.0740000000,1.0990000000,146836.0505000000,160042.9412942000,160042.9412942000,1,SRM-USDT
2020-11-07 17:00:00,1604739600000,1.0990000000,1.1240000000,1.0990000000,1.1030000000,76855.5081000000,85337.3310290000,85337.3310290000,1,SRM-USDT
2020-11-07 18:00:00,1604743200000,1.1030000000,1.1270000000,1.1010000000,1.1270000000,91286.1230000000,101866.1289473000,101866.1289473000,1,SRM-USDT
2020-11-07 19:00:00,1604746800000,1.1270000000,1.1610000000,1.1260000000,1.1590000000,140638.4480000000,160460.2672260000,160460.2672260000,1,SRM-USDT
2020-11-07 20:00:00,1604750400000,1.1590000000,1.1980000000,1.1560000000,1.1960000000,289090.2544000000,340710.4147222000,340710.4147222000,1,SRM-USDT
2020-11-07 21:00:00,1604754000000,1.1960000000,1.1970000000,1.1460000000,1.1680000000,177422.3157000000,207434.8558352000,207434.8558352000,1,SRM-USDT
2020-11-07 22:00:00,1604757600000,1.1690000000,1.1690000000,1.0810000000,1.0840000000,348508.2235000000,397404.1032297000,397404.1032297000,1,SRM-USDT
2020-11-07 23:00:00,1604761200000,1.0830000000,1.1830000000,1.0810000000,1.1620000000,473899.7404000000,532374.4188319000,532374.4188319000,1,SRM-USDT
2020-11-08 00:00:00,1604764800000,1.1610000000,1.1640000000,1.0970000000,1.1390000000,175136.8916000000,198037.1825517000,198037.1825517000,1,SRM-USDT
2020-11-08 01:00:00,1604768400000,1.1390000000,1.1400000000,1.0940000000,1.0940000000,109416.5220000000,121979.6277653000,121979.6277653000,1,SRM-USDT
2020-11-08 02:00:00,1604772000000,1.0940000000,1.1060000000,1.0370000000,1.0490000000,171195.3308000000,182756.5336384000,182756.5336384000,1,SRM-USDT
2020-11-08 03:00:00,1604775600000,1.0490000000,1.0760000000,1.0250000000,1.0460000000,220248.7921000000,231429.5710938000,231429.5710938000,1,SRM-USDT
2020-11-08 04:00:00,1604779200000,1.0440000000,1.0700000000,1.0270000000,1.0660000000,117252.5624000000,123692.9600723000,123692.9600723000,1,SRM-USDT
2020-11-08 05:00:00,1604782800000,1.0660000000,1.0810000000,1.0530000000,1.0570000000,61752.7817000000,65962.1400480000,65962.1400480000,1,SRM-USDT
2020-11-08 06:00:00,1604786400000,1.0570000000,1.0620000000,1.0460000000,1.0590000000,36109.9967000000,38060.8173260000,38060.8173260000,1,SRM-USDT
2020-11-08 07:00:00,1604790000000,1.0590000000,1.0780000000,1.0590000000,1.0740000000,50323.9276000000,53972.8726975000,53972.8726975000,1,SRM-USDT
2020-11-08 08:00:00,1604793600000,1.0730000000,1.1180000000,1.0660000000,1.1150000000,180186.0879000000,197887.8021895000,197887.8021895000,1,SRM-USDT
2020-11-08 09:00:00,1604797200000,1.1150000000,1.1150000000,1.0770000000,1.0970000000,89103.5919000000,97148.3385475000,97148.3385475000,1,SRM-USDT
2020-11-08 10:00:00,1604800800000,1.0970000000,1.0990000000,1.0830000000,1.0840000000,57450.1270000000,62813.2963124000,62813.2963124000,1,SRM-USDT
2020-11-08 11:00:00,1604804400000,1.0840000000,1.0880000000,1.0820000000,1.0840000000,26504.0437000000,28737.8464574000,28737.8464574000,1,SRM-USDT
2020-11-08 12:00:00,1604808000000,1.0830000000,1.0850000000,1.0530000000,1.0550000000,79087.6914000000,84836.8993401000,84836.8993401000,1,SRM-USDT
2020-11-08 13:00:00,1604811600000,1.0550000000,1.0610000000,1.0440000000,1.0510000000,70868.6734000000,74464.3517797000,74464.3517797000,1,SRM-USDT
2020-11-08 14:00:00,1604815200000,1.0510000000,1.0540000000,1.0370000000,1.0420000000,52734.0218000000,55147.6515125000,55147.6515125000,1,SRM-USDT
2020-11-08 15:00:00,1604818800000,1.0410000000,1.0430000000,1.0290000000,1.0340000000,36781.2663000000,38184.5953658000,38184.5953658000,1,SRM-USDT
2020-11-08 16:00:00,1604822400000,1.0340000000,1.0410000000,1.0290000000,1.0300000000,29484.0301000000,30462.8160946000,30462.8160946000,1,SRM-USDT
2020-11-08 17:00:00,1604826000000,1.0310000000,1.0490000000,1.0310000000,1.0490000000,32662.0622000000,33871.0803392000,33871.0803392000,1,SRM-USDT
2020-11-08 18:00:00,1604829600000,1.0490000000,1.0880000000,1.0430000000,1.0800000000,133973.4600000000,143401.5180762000,143401.5180762000,1,SRM-USDT
2020-11-08 19:00:00,1604833200000,1.0800000000,1.0840000000,1.0690000000,1.0770000000,79857.3700000000,85788.2054403000,85788.2054403000,1,SRM-USDT
2020-11-08 20:00:00,1604836800000,1.0780000000,1.0860000000,1.0650000000,1.0710000000,34898.3450000000,37456.9543000000,37456.9543000000,1,SRM-USDT
2020-11-08 21:00:00,1604840400000,1.0710000000,1.0730000000,1.0510000000,1.0630000000,40414.9327000000,42867.3836581000,42867.3836581000,1,SRM-USDT
2020-11-08 22:00:00,1604844000000,1.0630000000,1.1080000000,1.0610000000,1.1080000000,96719.8161000000,104552.7532306000,104552.7532306000,1,SRM-USDT
2020-11-08 23:00:00,1604847600000,1.1080000000,1.1270000000,1.1080000000,1.1250000000,225920.1102000000,252977.9923229000,252977.9923229000,1,SRM-USDT
2020-11-09 00:00:00,1604851200000,1.1250000000,1.1380000000,1.1140000000,1.1260000000,113202.8466000000,127348.4679555000,127348.4679555000,1,SRM-USDT
2020-11-09 01:00:00,1604854800000,1.1260000000,1.1280000000,1.1120000000,1.1220000000,46880.9207000000,52607.1218099000,52607.1218099000,1,SRM-USDT
2020-11-09 02:00:00,1604858400000,1.1220000000,1.1310000000,1.1190000000,1.1270000000,37289.0733000000,41979.3074489000,41979.3074489000,1,SRM-USDT
2020-11-09 03:00:00,1604862000000,1.1280000000,1.1310000000,1.1120000000,1.1130000000,20803.8686000000,23289.0249446000,23289.0249446000,1,SRM-USDT
2020-11-09 04:00:00,1604865600000,1.1150000000,1.1230000000,1.1090000000,1.1130000000,30884.7393000000,34435.7271814000,34435.7271814000,1,SRM-USDT
2020-11-09 05:00:00,1604869200000,1.1130000000,1.1140000000,1.0890000000,1.0960000000,23715.5830000000,26022.4580230000,26022.4580230000,1,SRM-USDT
2020-11-09 06:00:00,1604872800000,1.0970000000,1.1130000000,1.0960000000,1.1120000000,18807.0321000000,20801.1174088000,20801.1174088000,1,SRM-USDT
2020-11-09 07:00:00,1604876400000,1.1110000000,1.1230000000,1.1060000000,1.1140000000,55180.0979000000,61618.8710111000,61618.8710111000,1,SRM-USDT
2020-11-09 08:00:00,1604880000000,1.1140000000,1.1270000000,1.0990000000,1.1250000000,76589.4789000000,85456.4667178000,85456.4667178000,1,SRM-USDT
2020-11-09 09:00:00,1604883600000,1.1250000000,1.1250000000,1.1080000000,1.1080000000,47007.6590000000,52536.4370106000,52536.4370106000,1,SRM-USDT
2020-11-09 10:00:00,1604887200000,1.1080000000,1.1120000000,1.0970000000,1.1010000000,34174.2083000000,37816.7816774000,37816.7816774000,1,SRM-USDT
2020-11-09 11:00:00,1604890800000,1.1010000000,1.1010000000,1.0780000000,1.0780000000,48245.9531000000,52554.3874789000,52554.3874789000,1,SRM-USDT
2020-11-09 12:00:00,1604894400000,1.0790000000,1.0790000000,1.0580000000,1.0640000000,88286.0201000000,94406.1632748000,94406.1632748000,1,SRM-USDT
2020-11-09 13:00:00,1604898000000,1.0640000000,1.0870000000,1.0570000000,1.0870000000,61793.7786000000,66091.1954508000,66091.1954508000,1,SRM-USDT
2020-11-09 14:00:00,1604901600000,1.0870000000,1.0870000000,1.0710000000,1.0740000000,15921.6466000000,17139.4445143000,17139.4445143000,1,SRM-USDT
2020-11-09 15:00:00,1604905200000,1.0740000000,1.0810000000,1.0520000000,1.0560000000,36222.9402000000,38849.5177640000,38849.5177640000,1,SRM-USDT
2020-11-09 16:00:00,1604908800000,1.0560000000,1.0690000000,1.0400000000,1.0660000000,54899.7226000000,57714.4675449000,57714.4675449000,1,SRM-USDT
2020-11-09 17:00:00,1604912400000,1.0650000000,1.0690000000,1.0640000000,1.0660000000,26520.6808000000,28304.4179534000,28304.4179534000,1,SRM-USDT
2020-11-09 18:00:00,1604916000000,1.0690000000,1.1020000000,1.0690000000,1.0980000000,43024.0564000000,46703.8331299000,46703.8331299000,1,SRM-USDT
2020-11-09 19:00:00,1604919600000,1.0990000000,1.1000000000,1.0870000000,1.0980000000,50752.8547000000,55580.4853679000,55580.4853679000,1,SRM-USDT
2020-11-09 20:00:00,1604923200000,1.0980000000,1.0980000000,1.0740000000,1.0780000000,46474.3361000000,50265.9850415000,50265.9850415000,1,SRM-USDT
2020-11-09 21:00:00,1604926800000,1.0780000000,1.0780000000,1.0550000000,1.0670000000,65641.0418000000,69828.9317680000,69828.9317680000,1,SRM-USDT
2020-11-09 22:00:00,1604930400000,1.0660000000,1.0690000000,1.0530000000,1.0530000000,38582.4544000000,40977.2414470000,40977.2414470000,1,SRM-USDT
2020-11-09 23:00:00,1604934000000,1.0530000000,1.0560000000,1.0160000000,1.0180000000,132416.3415000000,136541.4519067000,136541.4519067000,1,SRM-USDT
2020-11-10 00:00:00,1604937600000,1.0170000000,1.0310000000,1.0050000000,1.0310000000,118448.7084000000,120242.8123132000,120242.8123132000,1,SRM-USDT
2020-11-10 01:00:00,1604941200000,1.0300000000,1.0370000000,1.0270000000,1.0370000000,35949.9256000000,37066.0107740000,37066.0107740000,1,SRM-USDT
2020-11-10 02:00:00,1604944800000,1.0360000000,1.0370000000,1.0280000000,1.0290000000,24617.4280000000,25373.3144591000,25373.3144591000,1,SRM-USDT
2020-11-10 03:00:00,1604948400000,1.0290000000,1.0310000000,1.0260000000,1.0300000000,12412.8727000000,12777.1106501000,12777.1106501000,1,SRM-USDT
2020-11-10 04:00:00,1604952000000,1.0300000000,1.0400000000,1.0300000000,1.0350000000,28304.9259000000,29304.5373998000,29304.5373998000,1,SRM-USDT
2020-11-10 05:00:00,1604955600000,1.0360000000,1.0470000000,1.0360000000,1.0370000000,26927.2681000000,28049.1002915000,28049.1002915000,1,SRM-USDT
2020-11-10 06:00:00,1604959200000,1.0360000000,1.0370000000,1.0220000000,1.0240000000,25926.5819000000,26691.5226677000,26691.5226677000,1,SRM-USDT
2020-11-10 07:00:00,1604962800000,1.0240000000,1.0320000000,1.0210000000,1.0300000000,40053.5917000000,41173.7276812000,41173.7276812000,1,SRM-USDT
2020-11-10 08:00:00,1604966400000,1.0300000000,1.0310000000,1.0170000000,1.0210000000,44910.5305000000,45841.3775175000,45841.3775175000,1,SRM-USDT
2020-11-10 09:00:00,1604970000000,1.0220000000,1.0570000000,1.0220000000,1.0560000000,112683.7518000000,118294.3970724000,118294.3970724000,1,SRM-USDT
2020-11-10 10:00:00,1604973600000,1.0560000000,1.0830000000,1.0560000000,1.0820000000,64488.6097000000,69006.0393595000,69006.0393595000,1,SRM-USDT
2020-11-10 11:00:00,1604977200000,1.0830000000,1.0900000000,1.0590000000,1.0860000000,129132.3288000000,138870.8453433000,138870.8453433000,1,SRM-USDT
2020-11-10 12:00:00,1604980800000,1.0860000000,1.1190000000,1.0860000000,1.1120000000,132733.9182000000,147165.5580078000,147165.5580078000,1,SRM-USDT
2020-11-10 13:00:00,1604984400000,1.1120000000,1.1240000000,1.1120000000,1.1170000000,71657.7460000000,80157.0315103000,80157.0315103000,1,SRM-USDT
2020-11-10 14:00:00,1604988000000,1.1190000000,1.1220000000,1.0850000000,1.0880000000,118396.3993000000,130313.9953826000,130313.9953826000,1,SRM-USDT
2020-11-10 15:00:00,1604991600000,1.0880000000,1.1400000000,1.0880000000,1.1310000000,165020.0150000000,183994.5117825000,183994.5117825000,1,SRM-USDT
2020-11-10 16:00:00,1604995200000,1.1300000000,1.1520000000,1.1300000000,1.1480000000,54437.0650000000,62065.0142738000,62065.0142738000,1,SRM-USDT
2020-11-10 17:00:00,1604998800000,1.1350000000,1.1410000000,1.1170000000,1.1380000000,70610.9894000000,79916.3762620000,79916.3762620000,1,SRM-USDT
2020-11-10 18:00:00,1605002400000,1.1380000000,1.1480000000,1.1130000000,1.1150000000,154111.9472000000,173685.1997731000,173685.1997731000,1,SRM-USDT
2020-11-10 19:00:00,1605006000000,1.1150000000,1.1380000000,1.1130000000,1.1360000000,58709.0479000000,65828.1822948000,65828.1822948000,1,SRM-USDT
2020-11-10 20:00:00,1605009600000,1.1370000000,1.1490000000,1.1170000000,1.1240000000,94636.2077000000,107292.4728822000,107292.4728822000,1,SRM-USDT
2020-11-10 21:00:00,1605013200000,1.1270000000,1.1280000000,1.1090000000,1.1210000000,92021.0136000000,102628.8758306000,102628.8758306000,1,SRM-USDT
2020-11-10 22:00:00,1605016800000,1.1220000000,1.1230000000,1.1050000000,1.1060000000,61760.7830000000,68889.0780913000,68889.0780913000,1,SRM-USDT
2020-11-10 23:00:00,1605020400000,1.1050000000,1.1170000000,1.1020000000,1.1110000000,102229.3421000000,113438.6064461000,113438.6064461000,1,SRM-USDT
2020-11-11 00:00:00,1605024000000,1.1120000000,1.1570000000,1.1120000000,1.1510000000,178270.3807000000,203366.2324105000,203366.2324105000,1,SRM-USDT
2020-11-11 01:00:00,1605027600000,1.1500000000,1.1840000000,1.1500000000,1.1680000000,163089.1051000000,190872.3882173000,190872.3882173000,1,SRM-USDT
2020-11-11 02:00:00,1605031200000,1.1680000000,1.1810000000,1.1630000000,1.1790000000,60873.8646000000,71369.7599476000,71369.7599476000,1,SRM-USDT
2020-11-11 03:00:00,1605034800000,1.1770000000,1.1910000000,1.1750000000,1.1910000000,60341.4412000000,71252.0794571000,71252.0794571000,1,SRM-USDT
2020-11-11 04:00:00,1605038400000,1.1910000000,1.1990000000,1.1690000000,1.1740000000,99266.2128000000,118050.6775047000,118050.6775047000,1,SRM-USDT
2020-11-11 05:00:00,1605042000000,1.1710000000,1.1840000000,1.1710000000,1.1820000000,24131.1874000000,28477.3959427000,28477.3959427000,1,SRM-USDT
2020-11-11 06:00:00,1605045600000,1.1820000000,1.2190000000,1.1820000000,1.2110000000,122195.0195000000,147206.6751863000,147206.6751863000,1,SRM-USDT
2020-11-11 07:00:00,1605049200000,1.2120000000,1.2160000000,1.1690000000,1.1710000000,102720.9029000000,122621.2594124000,122621.2594124000,1,SRM-USDT
2020-11-11 08:00:00,1605052800000,1.1710000000,1.1940000000,1.1710000000,1.1810000000,90806.0960000000,107316.9764470000,107316.9764470000,1,SRM-USDT
2020-11-11 09:00:00,1605056400000,1.1830000000,1.1860000000,1.1750000000,1.1860000000,48128.1738000000,56857.5889439000,56857.5889439000,1,SRM-USDT
2020-11-11 10:00:00,1605060000000,1.1860000000,1.2000000000,1.1720000000,1.1830000000,89789.4001000000,106477.7931152000,106477.7931152000,1,SRM-USDT
2020-11-11 11:00:00,1605063600000,1.1840000000,1.1930000000,1.1820000000,1.1930000000,33347.9213000000,39584.9871487000,39584.9871487000,1,SRM-USDT
2020-11-11 12:00:00,1605067200000,1.1930000000,1.1960000000,1.1610000000,1.1650000000,95893.1117000000,112946.1328030000,112946.1328030000,1,SRM-USDT
2020-11-11 13:00:00,1605070800000,1.1630000000,1.1820000000,1.1440000000,1.1530000000,98247.6112000000,113537.9836253000,113537.9836253000,1,SRM-USDT
2020-11-11 14:00:00,1605074400000,1.1520000000,1.1790000000,1.1520000000,1.1590000000,74805.2537000000,87189.0154190000,87189.0154190000,1,SRM-USDT
2020-11-11 15:00:00,1605078000000,1.1600000000,1.1790000000,1.1590000000,1.1780000000,53684.8412000000,63007.9642576000,63007.9642576000,1,SRM-USDT
2020-11-11 16:00:00,1605081600000,1.1770000000,1.1800000000,1.1510000000,1.1530000000,73470.6730000000,85189.8273246000,85189.8273246000,1,SRM-USDT
2020-11-11 17:00:00,1605085200000,1.1530000000,1.1650000000,1.1150000000,1.1500000000,105090.0984000000,119637.3334954000,119637.3334954000,1,SRM-USDT
2020-11-11 18:00:00,1605088800000,1.1500000000,1.1530000000,1.1310000000,1.1470000000,133117.3025000000,152490.6561553000,152490.6561553000,1,SRM-USDT
2020-11-11 19:00:00,1605092400000,1.1460000000,1.1470000000,1.1170000000,1.1200000000,85810.8005000000,97570.0193101000,97570.0193101000,1,SRM-USDT
2020-11-11 20:00:00,1605096000000,1.1200000000,1.1600000000,1.1160000000,1.1380000000,129290.5763000000,147577.0418024000,147577.0418024000,1,SRM-USDT
2020-11-11 21:00:00,1605099600000,1.1390000000,1.1390000000,1.1180000000,1.1200000000,55668.4266000000,62747.9282122000,62747.9282122000,1,SRM-USDT
2020-11-11 22:00:00,1605103200000,1.1190000000,1.1380000000,1.1180000000,1.1360000000,46708.7691000000,52690.7923432000,52690.7923432000,1,SRM-USDT
2020-11-11 23:00:00,1605106800000,1.1360000000,1.1410000000,1.1320000000,1.1340000000,22541.8816000000,25614.5723797000,25614.5723797000,1,SRM-USDT
2020-11-12 00:00:00,1605110400000,1.1360000000,1.1550000000,1.1360000000,1.1430000000,87766.0138000000,100484.3646547000,100484.3646547000,1,SRM-USDT
2020-11-12 01:00:00,1605114000000,1.1440000000,1.1550000000,1.1290000000,1.1310000000,59141.0654000000,67375.4300988000,67375.4300988000,1,SRM-USDT
2020-11-12 02:00:00,1605117600000,1.1320000000,1.1320000000,1.1250000000,1.1280000000,28327.6472000000,31973.7723209000,31973.7723209000,1,SRM-USDT
2020-11-12 03:00:00,1605121200000,1.1290000000,1.1330000000,1.1250000000,1.1280000000,28627.3994000000,32290.6772092000,32290.6772092000,1,SRM-USDT
2020-11-12 04:00:00,1605124800000,1.1280000000,1.1280000000,1.0950000000,1.1180000000,83475.4936000000,92882.0531441000,92882.0531441000,1,SRM-USDT
2020-11-12 05:00:00,1605128400000,1.1180000000,1.1180000000,1.1000000000,1.1090000000,38900.2360000000,43145.6853483000,43145.6853483000,1,SRM-USDT
2020-11-12 06:00:00,1605132000000,1.1110000000,1.1110000000,1.1060000000,1.1110000000,23507.4174000000,26087.4364094000,26087.4364094000,1,SRM-USDT
2020-11-12 07:00:00,1605135600000,1.1110000000,1.1110000000,1.0780000000,1.0910000000,79526.4814000000,86977.5859042000,86977.5859042000,1,SRM-USDT
2020-11-12 08:00:00,1605139200000,1.0920000000,1.0920000000,1.0510000000,1.0740000000,145368.3579000000,155713.5852662000,155713.5852662000,1,SRM-USDT
2020-11-12 09:00:00,1605142800000,1.0740000000,1.0820000000,1.0680000000,1.0750000000,25227.4045000000,27135.1726862000,27135.1726862000,1,SRM-USDT
2020-11-12 10:00:00,1605146400000,1.0750000000,1.1040000000,1.0670000000,1.0950000000,66150.6728000000,72051.8438779000,72051.8438779000,1,SRM-USDT
2020-11-12 11:00:00,1605150000000,1.0990000000,1.1050000000,1.0930000000,1.0980000000,27685.7969000000,30421.2773064000,30421.2773064000,1,SRM-USDT
2020-11-12 12:00:00,1605153600000,1.0990000000,1.1010000000,1.0870000000,1.0990000000,44653.4265000000,48951.5688163000,48951.5688163000,1,SRM-USDT
2020-11-12 13:00:00,1605157200000,1.0990000000,1.1060000000,1.0970000000,1.0980000000,28359.2662000000,31215.8055833000,31215.8055833000,1,SRM-USDT
2020-11-12 14:00:00,1605160800000,1.0970000000,1.1090000000,1.0970000000,1.1070000000,18717.4097000000,20678.4115106000,20678.4115106000,1,SRM-USDT
2020-11-12 15:00:00,1605164400000,1.1080000000,1.1140000000,1.1070000000,1.1140000000,43084.2272000000,47854.3634016000,47854.3634016000,1,SRM-USDT
2020-11-12 16:00:00,1605168000000,1.1140000000,1.1190000000,1.0870000000,1.0890000000,116529.3055000000,128416.3784206000,128416.3784206000,1,SRM-USDT
2020-11-12 17:00:00,1605171600000,1.0890000000,1.0920000000,1.0790000000,1.0810000000,55965.9775000000,60751.0279227000,60751.0279227000,1,SRM-USDT
2020-11-12 18:00:00,1605175200000,1.0810000000,1.0920000000,1.0510000000,1.0550000000,139908.6975000000,150351.3234558000,150351.3234558000,1,SRM-USDT
2020-11-12 19:00:00,1605178800000,1.0540000000,1.0810000000,1.0500000000,1.0620000000,98271.6822000000,104459.5854831000,104459.5854831000,1,SRM-USDT
2020-11-12 20:00:00,1605182400000,1.0620000000,1.0740000000,1.0610000000,1.0710000000,21348.0078000000,22807.6245123000,22807.6245123000,1,SRM-USDT
2020-11-12 21:00:00,1605186000000,1.0700000000,1.0700000000,1.0520000000,1.0560000000,58642.3855000000,62260.3528555000,62260.3528555000,1,SRM-USDT
2020-11-12 22:00:00,1605189600000,1.0560000000,1.0620000000,1.0430000000,1.0500000000,78941.1720000000,83059.3744107000,83059.3744107000,1,SRM-USDT
2020-11-12 23:00:00,1605193200000,1.0510000000,1.0560000000,1.0500000000,1.0500000000,48576.6591000000,51132.9345503000,51132.9345503000,1,SRM-USDT
2020-11-13 00:00:00,1605196800000,1.0510000000,1.0510000000,1.0280000000,1.0280000000,98193.4483000000,101759.0450692000,101759.0450692000,1,SRM-USDT
2020-11-13 01:00:00,1605200400000,1.0280000000,1.0290000000,1.0120000000,1.0120000000,69910.0778000000,71399.4807509000,71399.4807509000,1,SRM-USDT
2020-11-13 02:00:00,1605204000000,1.0110000000,1.0260000000,1.0070000000,1.0150000000,90677.7394000000,91908.1154282000,91908.1154282000,1,SRM-USDT
2020-11-13 03:00:00,1605207600000,1.0150000000,1.0190000000,1.0080000000,1.0170000000,26968.9687000000,27348.5512856000,27348.5512856000,1,SRM-USDT
2020-11-13 04:00:00,1605211200000,1.0170000000,1.0310000000,1.0170000000,1.0280000000,22345.4455000000,22891.4715631000,22891.4715631000,1,SRM-USDT
2020-11-13 05:00:00,1605214800000,1.0260000000,1.0270000000,1.0170000000,1.0170000000,25709.4555000000,26315.4413753000,26315.4413753000,1,SRM-USDT
2020-11-13 06:00:00,1605218400000,1.0210000000,1.0300000000,1.0190000000,1.0260000000,22012.1919000000,22598.2051085000,22598.2051085000,1,SRM-USDT
2020-11-13 07:00:00,1605222000000,1.0260000000,1.0310000000,1.0230000000,1.0290000000,20776.1449000000,21337.5692117000,21337.5692117000,1,SRM-USDT
2020-11-13 08:00:00,1605225600000,1.0280000000,1.0410000000,1.0260000000,1.0390000000,51401.9702000000,52965.4721261000,52965.4721261000,1,SRM-USDT
2020-11-13 09:00:00,1605229200000,1.0380000000,1.0630000000,1.0380000000,1.0580000000,91858.8746000000,96933.2393641000,96933.2393641000,1,SRM-USDT
2020-11-13 10:00:00,1605232800000,1.0580000000,1.0590000000,1.0470000000,1.0540000000,17404.8466000000,18300.2449711000,18300.2449711000,1,SRM-USDT
2020-11-13 11:00:00,1605236400000,1.0550000000,1.0820000000,1.0550000000,1.0610000000,104977.6719000000,112170.7856716000,112170.7856716000,1,SRM-USDT
2020-11-13 12:00:00,1605240000000,1.0600000000,1.0650000000,1.0550000000,1.0570000000,30521.2527000000,32284.9633064000,32284.9633064000,1,SRM-USDT
2020-11-13 13:00:00,1605243600000,1.0570000000,1.0570000000,1.0440000000,1.0530000000,30516.4785000000,32076.6647225000,32076.6647225000,1,SRM-USDT
2020-11-13 14:00:00,1605247200000,1.0540000000,1.0670000000,1.0350000000,1.0530000000,48227.2573000000,50895.9062261000,50895.9062261000,1,SRM-USDT
2020-11-13 15:00:00,1605250800000,1.0530000000,1.0560000000,1.0390000000,1.0540000000,41632.1046000000,43537.2898644000,43537.2898644000,1,SRM-USDT
2020-11-13 16:00:00,1605254400000,1.0540000000,1.0780000000,1.0510000000,1.0700000000,58299.3052000000,62257.8362890000,62257.8362890000,1,SRM-USDT
2020-11-13 17:00:00,1605258000000,1.0720000000,1.0840000000,1.0640000000,1.0690000000,45329.1071000000,48759.3136339000,48759.3136339000,1,SRM-USDT
2020-11-13 18:00:00,1605261600000,1.0700000000,1.0730000000,1.0610000000,1.0700000000,31228.5184000000,33322.4079171000,33322.4079171000,1,SRM-USDT
2020-11-13 19:00:00,1605265200000,1.0720000000,1.0720000000,1.0640000000,1.0690000000,15764.4409000000,16845.2043121000,16845.2043121000,1,SRM-USDT
2020-11-13 20:00:00,1605268800000,1.0710000000,1.0780000000,1.0680000000,1.0690000000,47166.9077000000,50567.5850211000,50567.5850211000,1,SRM-USDT
2020-11-13 21:00:00,1605272400000,1.0690000000,1.0840000000,1.0660000000,1.0800000000,36273.3834000000,39117.5949964000,39117.5949964000,1,SRM-USDT
2020-11-13 22:00:00,1605276000000,1.0810000000,1.0890000000,1.0700000000,1.0780000000,68165.7760000000,73707.9293690000,73707.9293690000,1,SRM-USDT
2020-11-13 23:00:00,1605279600000,1.0780000000,1.0810000000,1.0670000000,1.0680000000,38940.5767000000,41740.1980863000,41740.1980863000,1,SRM-USDT
2020-11-14 00:00:00,1605283200000,1.0670000000,1.0860000000,1.0530000000,1.0710000000,87675.3796000000,93889.0769126000,93889.0769126000,1,SRM-USDT
2020-11-14 01:00:00,1605286800000,1.0710000000,1.0900000000,1.0670000000,1.0850000000,55865.9341000000,60314.7549654000,60314.7549654000,1,SRM-USDT
2020-11-14 02:00:00,1605290400000,1.0880000000,1.0920000000,1.0790000000,1.0790000000,68751.1729000000,74790.0137160000,74790.0137160000,1,SRM-USDT
2020-11-14 03:00:00,1605294000000,1.0790000000,1.0810000000,1.0640000000,1.0790000000,102030.3493000000,109312.5499201000,109312.5499201000,1,SRM-USDT
2020-11-14 04:00:00,1605297600000,1.0790000000,1.0790000000,1.0580000000,1.0580000000,101176.1685000000,107746.9505000000,107746.9505000000,1,SRM-USDT
2020-11-14 05:00:00,1605301200000,1.0590000000,1.0630000000,1.0530000000,1.0580000000,52525.7140000000,55653.0054196000,55653.0054196000,1,SRM-USDT
2020-11-14 06:00:00,1605304800000,1.0580000000,1.0650000000,1.0490000000,1.0630000000,94179.9942000000,99530.6497148000,99530.6497148000,1,SRM-USDT
2020-11-14 07:00:00,1605308400000,1.0630000000,1.0750000000,1.0560000000,1.0640000000,109060.2580000000,115978.6516881000,115978.6516881000,1,SRM-USDT
2020-11-14 08:00:00,1605312000000,1.0690000000,1.0730000000,1.0580000000,1.0660000000,91396.1633000000,97298.3815633000,97298.3815633000,1,SRM-USDT
2020-11-14 09:00:00,1605315600000,1.0670000000,1.0690000000,1.0570000000,1.0620000000,55486.4974000000,58953.7350992000,58953.7350992000,1,SRM-USDT
2020-11-14 10:00:00,1605319200000,1.0620000000,1.0770000000,1.0590000000,1.0620000000,54102.6239000000,57650.1619356000,57650.1619356000,1,SRM-USDT
2020-11-14 11:00:00,1605322800000,1.0630000000,1.0670000000,1.0520000000,1.0600000000,36903.5200000000,39113.3380475000,39113.3380475000,1,SRM-USDT
2020-11-14 12:00:00,1605326400000,1.0600000000,1.0600000000,1.0330000000,1.0380000000,98845.6177000000,103118.2215430000,103118.2215430000,1,SRM-USDT
2020-11-14 13:00:00,1605330000000,1.0370000000,1.0540000000,1.0280000000,1.0400000000,100831.7288000000,104574.1347916000,104574.1347916000,1,SRM-USDT
2020-11-14 14:00:00,1605333600000,1.0400000000,1.0460000000,1.0340000000,1.0380000000,24700.0248000000,25715.8382351000,25715.8382351000,1,SRM-USDT
2020-11-14 15:00:00,1605337200000,1.0380000000,1.0420000000,1.0270000000,1.0360000000,46128.5455000000,47660.2582497000,47660.2582497000,1,SRM-USDT
2020-11-14 16:00:00,1605340800000,1.0310000000,1.0400000000,1.0100000000,1.0260000000,80056.2141000000,81832.5841109000,81832.5841109000,1,SRM-USDT
2020-11-14 17:00:00,1605344400000,1.0250000000,1.0250000000,1.0070000000,1.0090000000,103435.7506000000,104918.5014527000,104918.5014527000,1,SRM-USDT
2020-11-14 18:00:00,1605348000000,1.0090000000,1.0210000000,0.9980000000,1.0010000000,115802.4556000000,116456.2376343000,116456.2376343000,1,SRM-USDT
2020-11-14 19:00:00,1605351600000,1.0000000000,1.0220000000,0.9990000000,1.0120000000,92369.8963000000,93382.3408925000,93382.3408925000,1,SRM-USDT
2020-11-14 20:00:00,1605355200000,1.0130000000,1.0230000000,1.0060000000,1.0200000000,44708.3990000000,45413.2599032000,45413.2599032000,1,SRM-USDT
2020-11-14 21:00:00,1605358800000,1.0190000000,1.0190000000,1.0100000000,1.0120000000,43647.1779000000,44287.3885859000,44287.3885859000,1,SRM-USDT
2020-11-14 22:00:00,1605362400000,1.0130000000,1.0230000000,1.0090000000,1.0220000000,56091.2676000000,57009.9830224000,57009.9830224000,1,SRM-USDT
2020-11-14 23:00:00,1605366000000,1.0220000000,1.0220000000,1.0060000000,1.0090000000,29399.1860000000,29739.1214056000,29739.1214056000,1,SRM-USDT
2020-11-15 00:00:00,1605369600000,1.0070000000,1.0250000000,1.0030000000,1.0110000000,89021.7143000000,90379.4488125000,90379.4488125000,1,SRM-USDT
2020-11-15 01:00:00,1605373200000,1.0130000000,1.0220000000,0.9950000000,1.0190000000,109883.1684000000,110645.5303543000,110645.5303543000,1,SRM-USDT
2020-11-15 02:00:00,1605376800000,1.0200000000,1.0260000000,1.0140000000,1.0230000000,33724.5648000000,34406.7460340000,34406.7460340000,1,SRM-USDT
2020-11-15 03:00:00,1605380400000,1.0240000000,1.0400000000,1.0220000000,1.0310000000,106106.0612000000,109643.3677000000,109643.3677000000,1,SRM-USDT
2020-11-15 04:00:00,1605384000000,1.0330000000,1.0390000000,1.0290000000,1.0370000000,60734.8100000000,62846.2185405000,62846.2185405000,1,SRM-USDT
2020-11-15 05:00:00,1605387600000,1.0360000000,1.0370000000,1.0310000000,1.0310000000,12028.6552000000,12424.4218072000,12424.4218072000,1,SRM-USDT
2020-11-15 06:00:00,1605391200000,1.0340000000,1.0410000000,1.0280000000,1.0340000000,18556.8310000000,19189.2075929000,19189.2075929000,1,SRM-USDT
2020-11-15 07:00:00,1605394800000,1.0360000000,1.0380000000,1.0270000000,1.0270000000,50405.2883000000,51977.9335485000,51977.9335485000,1,SRM-USDT
2020-11-15 08:00:00,1605398400000,1.0270000000,1.0470000000,1.0260000000,1.0460000000,58438.2978000000,60580.8689125000,60580.8689125000,1,SRM-USDT
2020-11-15 09:00:00,1605402000000,1.0460000000,1.0540000000,1.0400000000,1.0460000000,49945.5647000000,52286.7869077000,52286.7869077000,1,SRM-USDT
2020-11-15 10:00:00,1605405600000,1.0490000000,1.0540000000,1.0390000000,1.0460000000,58049.2930000000,60769.9248817000,60769.9248817000,1,SRM-USDT
2020-11-15 11:00:00,1605409200000,1.0460000000,1.0460000000,1.0290000000,1.0450000000,40025.6180000000,41653.0808613000,41653.0808613000,1,SRM-USDT
2020-11-15 12:00:00,1605412800000,1.0440000000,1.0480000000,1.0410000000,1.0440000000,41314.1596000000,43169.5363667000,43169.5363667000,1,SRM-USDT
2020-11-15 13:00:00,1605416400000,1.0450000000,1.0640000000,1.0450000000,1.0630000000,84604.3509000000,89155.5340418000,89155.5340418000,1,SRM-USDT
2020-11-15 14:00:00,1605420000000,1.0630000000,1.0810000000,1.0610000000,1.0740000000,134594.6272000000,143979.1435760000,143979.1435760000,1,SRM-USDT
2020-11-15 15:00:00,1605423600000,1.0730000000,1.0900000000,1.0720000000,1.0890000000,111901.8392000000,120956.5507115000,120956.5507115000,1,SRM-USDT
2020-11-15 16:00:00,1605427200000,1.0890000000,1.1160000000,1.0890000000,1.1020000000,237448.6893000000,262728.7842800000,262728.7842800000,1,SRM-USDT
2020-11-15 17:00:00,1605430800000,1.1020000000,1.1070000000,1.0850000000,1.0960000000,83784.7974000000,92199.6248492000,92199.6248492000,1,SRM-USDT
2020-11-15 18:00:00,1605434400000,1.0960000000,1.1040000000,1.0840000000,1.0870000000,82907.3061000000,90488.5415389000,90488.5415389000,1,SRM-USDT
2020-11-15 19:00:00,1605438000000,1.0870000000,1.0980000000,1.0720000000,1.0760000000,109071.8268000000,118467.7291894000,118467.7291894000,1,SRM-USDT
2020-11-15 20:00:00,1605441600000,1.0740000000,1.0960000000,1.0670000000,1.0890000000,113526.1114000000,122990.2045817000,122990.2045817000,1,SRM-USDT
2020-11-15 21:00:00,1605445200000,1.0900000000,1.1040000000,1.0890000000,1.0980000000,48070.7129000000,52699.9783379000,52699.9783379000,1,SRM-USDT
2020-11-15 22:00:00,1605448800000,1.0980000000,1.1040000000,1.0870000000,1.1030000000,71065.2285000000,77951.4904968000,77951.4904968000,1,SRM-USDT
2020-11-15 23:00:00,1605452400000,1.1030000000,1.1670000000,1.1030000000,1.1670000000,390908.3632000000,445890.6195255000,445890.6195255000,1,SRM-USDT
2020-11-16 00:00:00,1605456000000,1.1670000000,1.1800000000,1.1480000000,1.1770000000,360885.3587000000,421346.9108354000,421346.9108354000,1,SRM-USDT
2020-11-16 01:00:00,1605459600000,1.1760000000,1.1870000000,1.1150000000,1.1250000000,316590.8411000000,362593.2860665000,362593.2860665000,1,SRM-USDT
2020-11-16 02:00:00,1605463200000,1.1280000000,1.1370000000,1.1130000000,1.1280000000,135370.0203000000,152121.8654281000,152121.8654281000,1,SRM-USDT
2020-11-16 03:00:00,1605466800000,1.1270000000,1.1370000000,1.1170000000,1.1280000000,58096.7669000000,65516.5425404000,65516.5425404000,1,SRM-USDT
2020-11-16 04:00:00,1605470400000,1.1270000000,1.1540000000,1.1220000000,1.1510000000,130083.1866000000,147645.6057668000,147645.6057668000,1,SRM-USDT
2020-11-16 05:00:00,1605474000000,1.1490000000,1.1680000000,1.1420000000,1.1520000000,111043.5851000000,128216.1894322000,128216.1894322000,1,SRM-USDT
2020-11-16 06:00:00,1605477600000,1.1510000000,1.1530000000,1.1100000000,1.1500000000,140178.2910000000,159253.2688173000,159253.2688173000,1,SRM-USDT
2020-11-16 07:00:00,1605481200000,1.1460000000,1.1920000000,1.1460000000,1.1820000000,180939.1020000000,211693.4719079000,211693.4719079000,1,SRM-USDT
2020-11-16 08:00:00,1605484800000,1.1820000000,1.1860000000,1.1560000000,1.1810000000,218104.4863000000,255106.0230056000,255106.0230056000,1,SRM-USDT
2020-11-16 09:00:00,1605488400000,1.1810000000,1.2440000000,1.1790000000,1.1910000000,374631.8637000000,453533.2302339000,453533.2302339000,1,SRM-USDT
2020-11-16 10:00:00,1605492000000,1.1910000000,1.2100000000,1.1830000000,1.1980000000,194115.3247000000,232014.4830626000,232014.4830626000,1,SRM-USDT
2020-11-16 11:00:00,1605495600000,1.1990000000,1.2430000000,1.1990000000,1.2370000000,202041.6081000000,247529.6959438000,247529.6959438000,1,SRM-USDT
2020-11-16 12:00:00,1605499200000,1.2360000000,1.3310000000,1.2360000000,1.3020000000,796481.9913000000,1032853.0778149000,1032853.0778149000,1,SRM-USDT
2020-11-16 13:00:00,1605502800000,1.3020000000,1.3360000000,1.2900000000,1.3260000000,282931.4915000000,370998.2475642000,370998.2475642000,1,SRM-USDT
2020-11-16 14:00:00,1605506400000,1.3260000000,1.3330000000,1.2820000000,1.2900000000,245253.4551000000,321165.2230908000,321165.2230908000,1,SRM-USDT
2020-11-16 15:00:00,1605510000000,1.2900000000,1.3070000000,1.2810000000,1.2820000000,169983.4277000000,219895.5471541000,219895.5471541000,1,SRM-USDT
2020-11-16 16:00:00,1605513600000,1.2830000000,1.2990000000,1.2540000000,1.2890000000,246086.8943000000,314866.3683689000,314866.3683689000,1,SRM-USDT
2020-11-16 17:00:00,1605517200000,1.2880000000,1.2970000000,1.2530000000,1.2730000000,169924.8467000000,215921.6360330000,215921.6360330000,1,SRM-USDT
2020-11-16 18:00:00,1605520800000,1.2760000000,1.2880000000,1.2640000000,1.2760000000,137077.2782000000,174987.4420063000,174987.4420063000,1,SRM-USDT
2020-11-16 19:00:00,1605524400000,1.2750000000,1.2980000000,1.2630000000,1.2730000000,129858.0581000000,166361.9297749000,166361.9297749000,1,SRM-USDT
2020-11-16 20:00:00,1605528000000,1.2720000000,1.2990000000,1.2670000000,1.2910000000,110456.2348000000,141761.0741881000,141761.0741881000,1,SRM-USDT
2020-11-16 21:00:00,1605531600000,1.2900000000,1.2960000000,1.2570000000,1.2640000000,130482.4736000000,166031.1520397000,166031.1520397000,1,SRM-USDT
2020-11-16 22:00:00,1605535200000,1.2660000000,1.2790000000,1.2430000000,1.2450000000,217602.5387000000,274049.3551201000,274049.3551201000,1,SRM-USDT
2020-11-16 23:00:00,1605538800000,1.2450000000,1.2610000000,1.2450000000,1.2540000000,96603.8466000000,121069.5769682000,121069.5769682000,1,SRM-USDT
2020-11-17 00:00:00,1605542400000,1.2560000000,1.2600000000,1.2190000000,1.2320000000,226059.5179000000,278679.5752676000,278679.5752676000,1,SRM-USDT
2020-11-17 01:00:00,1605546000000,1.2320000000,1.2500000000,1.2320000000,1.2470000000,61881.9975000000,76958.8249833000,76958.8249833000,1,SRM-USDT
2020-11-17 02:00:00,1605549600000,1.2470000000,1.2740000000,1.2330000000,1.2360000000,105830.6184000000,132727.7569008000,132727.7569008000,1,SRM-USDT
2020-11-17 03:00:00,1605553200000,1.2430000000,1.2430000000,1.2240000000,1.2360000000,50216.3829000000,61897.7637402000,61897.7637402000,1,SRM-USDT
2020-11-17 04:00:00,1605556800000,1.2340000000,1.2580000000,1.2320000000,1.2570000000,58419.1577000000,72692.4912386000,72692.4912386000,1,SRM-USDT
2020-11-17 05:00:00,1605560400000,1.2570000000,1.2650000000,1.2350000000,1.2440000000,115039.5429000000,144250.7734334000,144250.7734334000,1,SRM-USDT
2020-11-17 06:00:00,1605564000000,1.2490000000,1.2770000000,1.2490000000,1.2770000000,89465.2104000000,113054.3991737000,113054.3991737000,1,SRM-USDT
2020-11-17 07:00:00,1605567600000,1.2770000000,1.2860000000,1.2520000000,1.2530000000,75648.2371000000,95989.8731522000,95989.8731522000,1,SRM-USDT
2020-11-17 08:00:00,1605571200000,1.2540000000,1.2730000000,1.2470000000,1.2590000000,163418.2724000000,205362.2943993000,205362.2943993000,1,SRM-USDT
2020-11-17 09:00:00,1605574800000,1.2580000000,1.2590000000,1.2430000000,1.2490000000,80023.3350000000,100017.0764721000,100017.0764721000,1,SRM-USDT
2020-11-17 10:00:00,1605578400000,1.2480000000,1.2770000000,1.2470000000,1.2770000000,124747.2021000000,157483.6304302000,157483.6304302000,1,SRM-USDT
2020-11-17 11:00:00,1605582000000,1.2780000000,1.2840000000,1.2680000000,1.2730000000,108753.1057000000,138640.6378383000,138640.6378383000,1,SRM-USDT
2020-11-17 12:00:00,1605585600000,1.2720000000,1.2980000000,1.2670000000,1.2960000000,91904.7555000000,118433.4922374000,118433.4922374000,1,SRM-USDT
2020-11-17 13:00:00,1605589200000,1.2960000000,1.2980000000,1.2470000000,1.2550000000,133996.5914000000,170146.3204673000,170146.3204673000,1,SRM-USDT
2020-11-17 14:00:00,1605592800000,1.2570000000,1.2690000000,1.2470000000,1.2510000000,100763.5321000000,126460.3450541000,126460.3450541000,1,SRM-USDT
2020-11-17 15:00:00,1605596400000,1.2510000000,1.2580000000,1.2370000000,1.2390000000,126173.7199000000,157211.6995739000,157211.6995739000,1,SRM-USDT
2020-11-17 16:00:00,1605600000000,1.2390000000,1.2440000000,1.2340000000,1.2390000000,76368.6711000000,94578.9376667000,94578.9376667000,1,SRM-USDT
2020-11-17 17:00:00,1605603600000,1.2420000000,1.2610000000,1.1960000000,1.2020000000,253726.4698000000,309171.0616254000,309171.0616254000,1,SRM-USDT
2020-11-17 18:00:00,1605607200000,1.2010000000,1.2210000000,1.2000000000,1.2190000000,102578.6616000000,124181.6036837000,124181.6036837000,1,SRM-USDT
2020-11-17 19:00:00,1605610800000,1.2190000000,1.2210000000,1.1880000000,1.2040000000,142299.2000000000,170487.2410883000,170487.2410883000,1,SRM-USDT
2020-11-17 20:00:00,1605614400000,1.2050000000,1.2180000000,1.1940000000,1.2130000000,110108.7882000000,132571.8330140000,132571.8330140000,1,SRM-USDT
2020-11-17 21:00:00,1605618000000,1.2140000000,1.2170000000,1.1950000000,1.1960000000,114454.9041000000,138317.4137382000,138317.4137382000,1,SRM-USDT
2020-11-17 22:00:00,1605621600000,1.1950000000,1.2160000000,1.1940000000,1.2060000000,85767.0118000000,103575.4214303000,103575.4214303000,1,SRM-USDT
2020-11-17 23:00:00,1605625200000,1.2060000000,1.2110000000,1.1500000000,1.1650000000,374168.9623000000,441534.4330440000,441534.4330440000,1,SRM-USDT
2020-11-18 00:00:00,1605628800000,1.1670000000,1.1940000000,1.1600000000,1.1820000000,125798.1787000000,147885.4047085000,147885.4047085000,1,SRM-USDT
2020-11-18 01:00:00,1605632400000,1.1820000000,1.1950000000,1.1720000000,1.1780000000,110229.6465000000,130242.7663425000,130242.7663425000,1,SRM-USDT
2020-11-18 02:00:00,1605636000000,1.1830000000,1.1890000000,1.1750000000,1.1860000000,35428.8881000000,41834.7442729000,41834.7442729000,1,SRM-USDT
2020-11-18 03:00:00,1605639600000,1.1850000000,1.2080000000,1.1830000000,1.2080000000,80332.7919000000,96122.3919571000,96122.3919571000,1,SRM-USDT
2020-11-18 04:00:00,1605643200000,1.2080000000,1.2340000000,1.2060000000,1.2330000000,80030.9285000000,97842.0527527000,97842.0527527000,1,SRM-USDT
2020-11-18 05:00:00,1605646800000,1.2330000000,1.2360000000,1.2130000000,1.2130000000,65992.0812000000,80657.5231479000,80657.5231479000,1,SRM-USDT
2020-11-18 06:00:00,1605650400000,1.2130000000,1.2290000000,1.2030000000,1.2250000000,26912.8564000000,32677.7270778000,32677.7270778000,1,SRM-USDT
2020-11-18 07:00:00,1605654000000,1.2260000000,1.2430000000,1.2180000000,1.2370000000,78605.7606000000,96947.8609055000,96947.8609055000,1,SRM-USDT
2020-11-18 08:00:00,1605657600000,1.2370000000,1.2560000000,1.2370000000,1.2510000000,256728.9753000000,320220.5591577000,320220.5591577000,1,SRM-USDT
2020-11-18 09:00:00,1605661200000,1.2510000000,1.2520000000,1.2340000000,1.2400000000,79391.5600000000,98811.4105804000,98811.4105804000,1,SRM-USDT
2020-11-18 10:00:00,1605664800000,1.2380000000,1.2390000000,1.2010000000,1.2090000000,102566.9178000000,124578.2199074000,124578.2199074000,1,SRM-USDT
2020-11-18 11:00:00,1605668400000,1.2100000000,1.2280000000,1.2070000000,1.2200000000,75787.1731000000,92336.5996238000,92336.5996238000,1,SRM-USDT
2020-11-18 12:00:00,1605672000000,1.2200000000,1.2280000000,1.1760000000,1.1900000000,158028.5712000000,190632.7821354000,190632.7821354000,1,SRM-USDT
2020-11-18 13:00:00,1605675600000,1.1890000000,1.2020000000,1.1100000000,1.1320000000,218761.5111000000,253485.6933501000,253485.6933501000,1,SRM-USDT
2020-11-18 14:00:00,1605679200000,1.1320000000,1.1550000000,1.1310000000,1.1460000000,166842.7204000000,190967.5542755000,190967.5542755000,1,SRM-USDT
2020-11-18 15:00:00,1605682800000,1.1460000000,1.1540000000,1.1410000000,1.1500000000,56278.7389000000,64599.0473982000,64599.0473982000,1,SRM-USDT
2020-11-18 16:00:00,1605686400000,1.1510000000,1.1710000000,1.1460000000,1.1650000000,91366.9579000000,106114.7701120000,106114.7701120000,1,SRM-USDT
2020-11-18 17:00:00,1605690000000,1.1630000000,1.1650000000,1.1450000000,1.1620000000,93688.6880000000,108095.9842594000,108095.9842594000,1,SRM-USDT
2020-11-18 18:00:00,1605693600000,1.1600000000,1.1680000000,1.1520000000,1.1650000000,81657.1416000000,94750.4674530000,94750.4674530000,1,SRM-USDT
2020-11-18 19:00:00,1605697200000,1.1670000000,1.1670000000,1.1360000000,1.1370000000,69606.3687000000,80176.1784192000,80176.1784192000,1,SRM-USDT
2020-11-18 20:00:00,1605700800000,1.1380000000,1.1380000000,1.1150000000,1.1210000000,153415.5960000000,172833.6551241000,172833.6551241000,1,SRM-USDT
2020-11-18 21:00:00,1605704400000,1.1210000000,1.1330000000,1.0990000000,1.1070000000,98295.5249000000,109642.2699273000,109642.2699273000,1,SRM-USDT
2020-11-18 22:00:00,1605708000000,1.1080000000,1.1130000000,1.0890000000,1.0900000000,123742.8536000000,136182.4338939000,136182.4338939000,1,SRM-USDT
2020-11-18 23:00:00,1605711600000,1.0860000000,1.1090000000,1.0780000000,1.1020000000,179628.9630000000,196397.0851840000,196397.0851840000,1,SRM-USDT
2020-11-19 00:00:00,1605715200000,1.1010000000,1.1120000000,1.0900000000,1.1090000000,138116.0617000000,152062.9394170000,152062.9394170000,1,SRM-USDT
2020-11-19 01:00:00,1605718800000,1.1080000000,1.1220000000,1.1040000000,1.1180000000,44823.2898000000,49915.5359948000,49915.5359948000,1,SRM-USDT
2020-11-19 02:00:00,1605722400000,1.1180000000,1.1210000000,1.1070000000,1.1140000000,25303.9156000000,28188.6905702000,28188.6905702000,1,SRM-USDT
2020-11-19 03:00:00,1605726000000,1.1160000000,1.1250000000,1.1030000000,1.1050000000,46636.6538000000,51983.8959214000,51983.8959214000,1,SRM-USDT
2020-11-19 04:00:00,1605729600000,1.1070000000,1.1080000000,1.0930000000,1.1050000000,46818.4412000000,51528.5906399000,51528.5906399000,1,SRM-USDT
2020-11-19 05:00:00,1605733200000,1.1030000000,1.1150000000,1.1010000000,1.1150000000,41050.0843000000,45482.7131355000,45482.7131355000,1,SRM-USDT
2020-11-19 06:00:00,1605736800000,1.1140000000,1.1300000000,1.1140000000,1.1270000000,59958.2487000000,67367.7832261000,67367.7832261000,1,SRM-USDT
2020-11-19 07:00:00,1605740400000,1.1260000000,1.1300000000,1.1190000000,1.1230000000,47490.1716000000,53410.9499829000,53410.9499829000,1,SRM-USDT
2020-11-19 08:00:00,1605744000000,1.1250000000,1.1300000000,1.1100000000,1.1220000000,70653.1564000000,79110.7872497000,79110.7872497000,1,SRM-USDT
2020-11-19 09:00:00,1605747600000,1.1230000000,1.1410000000,1.1160000000,1.1380000000,49590.0905000000,55995.5959029000,55995.5959029000,1,SRM-USDT
2020-11-19 10:00:00,1605751200000,1.1390000000,1.1400000000,1.1120000000,1.1200000000,131588.2713000000,147553.8899849000,147553.8899849000,1,SRM-USDT
2020-11-19 11:00:00,1605754800000,1.1230000000,1.1240000000,1.1060000000,1.1090000000,82580.6678000000,92087.6933042000,92087.6933042000,1,SRM-USDT
2020-11-19 12:00:00,1605758400000,1.1100000000,1.1130000000,1.0980000000,1.1020000000,54657.5544000000,60346.9142077000,60346.9142077000,1,SRM-USDT
2020-11-19 13:00:00,1605762000000,1.1020000000,1.1060000000,1.0950000000,1.1050000000,56742.1983000000,62487.3993585000,62487.3993585000,1,SRM-USDT
2020-11-19 14:00:00,1605765600000,1.1050000000,1.1070000000,1.0930000000,1.0970000000,76799.0048000000,84460.6703297000,84460.6703297000,1,SRM-USDT
2020-11-19 15:00:00,1605769200000,1.0960000000,1.0980000000,1.0820000000,1.0850000000,83732.6318000000,91167.5717316000,91167.5717316000,1,SRM-USDT
2020-11-19 16:00:00,1605772800000,1.0850000000,1.0890000000,1.0650000000,1.0690000000,92643.9528000000,99715.7810817000,99715.7810817000,1,SRM-USDT
2020-11-19 17:00:00,1605776400000,1.0690000000,1.0940000000,1.0690000000,1.0880000000,85412.3414000000,92951.7134920000,92951.7134920000,1,SRM-USDT
2020-11-19 18:00:00,1605780000000,1.0890000000,1.0990000000,1.0830000000,1.0930000000,144903.8391000000,157762.5917675000,157762.5917675000,1,SRM-USDT
2020-11-19 19:00:00,1605783600000,1.0930000000,1.1150000000,1.0880000000,1.1100000000,96378.5277000000,106469.0984778000,106469.0984778000,1,SRM-USDT
2020-11-19 20:00:00,1605787200000,1.1120000000,1.1300000000,1.1080000000,1.1270000000,94973.7232000000,106044.7326713000,106044.7326713000,1,SRM-USDT
2020-11-19 21:00:00,1605790800000,1.1260000000,1.1490000000,1.1260000000,1.1410000000,167968.0606000000,191469.0096278000,191469.0096278000,1,SRM-USDT
2020-11-19 22:00:00,1605794400000,1.1400000000,1.1460000000,1.1290000000,1.1430000000,108927.5245000000,123981.6232682000,123981.6232682000,1,SRM-USDT
2020-11-19 23:00:00,1605798000000,1.1430000000,1.1500000000,1.1320000000,1.1490000000,118170.0636000000,134687.8443872000,134687.8443872000,1,SRM-USDT
2020-11-20 00:00:00,1605801600000,1.1480000000,1.1660000000,1.1360000000,1.1610000000,119184.6232000000,137801.0777021000,137801.0777021000,1,SRM-USDT
2020-11-20 01:00:00,1605805200000,1.1620000000,1.1660000000,1.1450000000,1.1560000000,84727.7022000000,97806.3913505000,97806.3913505000,1,SRM-USDT
2020-11-20 02:00:00,1605808800000,1.1600000000,1.1680000000,1.1530000000,1.1610000000,63267.4122000000,73484.1623539000,73484.1623539000,1,SRM-USDT
2020-11-20 03:00:00,1605812400000,1.1600000000,1.1620000000,1.1350000000,1.1390000000,59528.9071000000,68265.5167067000,68265.5167067000,1,SRM-USDT
2020-11-20 04:00:00,1605816000000,1.1380000000,1.1440000000,1.1360000000,1.1430000000,22174.4948000000,25299.0571606000,25299.0571606000,1,SRM-USDT
2020-11-20 05:00:00,1605819600000,1.1430000000,1.1470000000,1.1170000000,1.1240000000,54299.4410000000,61464.4548631000,61464.4548631000,1,SRM-USDT
2020-11-20 06:00:00,1605823200000,1.1250000000,1.1280000000,1.1100000000,1.1110000000,55246.4169000000,61862.1253880000,61862.1253880000,1,SRM-USDT
2020-11-20 07:00:00,1605826800000,1.1120000000,1.1210000000,1.1000000000,1.1160000000,92018.8275000000,101922.8544044000,101922.8544044000,1,SRM-USDT
2020-11-20 08:00:00,1605830400000,1.1160000000,1.1270000000,1.1140000000,1.1190000000,87266.2706000000,97771.0613435000,97771.0613435000,1,SRM-USDT
2020-11-20 09:00:00,1605834000000,1.1180000000,1.1360000000,1.1160000000,1.1350000000,93911.4349000000,105821.2935256000,105821.2935256000,1,SRM-USDT
2020-11-20 10:00:00,1605837600000,1.1360000000,1.1470000000,1.1340000000,1.1470000000,93440.3224000000,106544.1833993000,106544.1833993000,1,SRM-USDT
2020-11-20 11:00:00,1605841200000,1.1470000000,1.1580000000,1.1460000000,1.1550000000,84512.4748000000,97454.2685256000,97454.2685256000,1,SRM-USDT
2020-11-20 12:00:00,1605844800000,1.1560000000,1.1650000000,1.1480000000,1.1520000000,95792.8414000000,110907.8726135000,110907.8726135000,1,SRM-USDT
2020-11-20 13:00:00,1605848400000,1.1510000000,1.1510000000,1.1380000000,1.1450000000,86001.9739000000,98276.4144646000,98276.4144646000,1,SRM-USDT
2020-11-20 14:00:00,1605852000000,1.1450000000,1.1700000000,1.1450000000,1.1680000000,78842.5226000000,91491.7711645000,91491.7711645000,1,SRM-USDT
2020-11-20 15:00:00,1605855600000,1.1680000000,1.1870000000,1.1600000000,1.1850000000,227520.5155000000,267157.3754526000,267157.3754526000,1,SRM-USDT
2020-11-20 16:00:00,1605859200000,1.1860000000,1.2040000000,1.1800000000,1.2020000000,136115.8067000000,161722.8258769000,161722.8258769000,1,SRM-USDT
2020-11-20 17:00:00,1605862800000,1.2020000000,1.2040000000,1.1750000000,1.1820000000,133505.8801000000,158093.0061881000,158093.0061881000,1,SRM-USDT
2020-11-20 18:00:00,1605866400000,1.1820000000,1.1960000000,1.1820000000,1.1930000000,87050.1850000000,103687.9987291000,103687.9987291000,1,SRM-USDT
2020-11-20 19:00:00,1605870000000,1.1940000000,1.1940000000,1.1840000000,1.1900000000,85961.1124000000,102105.7061431000,102105.7061431000,1,SRM-USDT
2020-11-20 20:00:00,1605873600000,1.1900000000,1.2080000000,1.1880000000,1.2070000000,93400.2176000000,111690.5742160000,111690.5742160000,1,SRM-USDT
2020-11-20 21:00:00,1605877200000,1.2060000000,1.2170000000,1.1990000000,1.2020000000,150141.2519000000,181425.1506575000,181425.1506575000,1,SRM-USDT
2020-11-20 22:00:00,1605880800000,1.2010000000,1.2180000000,1.1730000000,1.1820000000,165814.7168000000,197798.9409486000,197798.9409486000,1,SRM-USDT
2020-11-20 23:00:00,1605884400000,1.1820000000,1.1830000000,1.1610000000,1.1660000000,122680.5397000000,143302.8445256000,143302.8445256000,1,SRM-USDT
2020-11-21 00:00:00,1605888000000,1.1640000000,1.1740000000,1.1500000000,1.1630000000,112107.5009000000,130096.7640625000,130096.7640625000,1,SRM-USDT
2020-11-21 01:00:00,1605891600000,1.1640000000,1.1860000000,1.1630000000,1.1690000000,36001.4777000000,42018.5667005000,42018.5667005000,1,SRM-USDT
2020-11-21 02:00:00,1605895200000,1.1710000000,1.1730000000,1.1560000000,1.1570000000,87986.2265000000,102233.1705462000,102233.1705462000,1,SRM-USDT
2020-11-21 03:00:00,1605898800000,1.1580000000,1.1590000000,1.1490000000,1.1570000000,41883.7044000000,48380.6895430000,48380.6895430000,1,SRM-USDT
2020-11-21 04:00:00,1605902400000,1.1580000000,1.1610000000,1.1440000000,1.1530000000,53190.2436000000,61407.3869268000,61407.3869268000,1,SRM-USDT
2020-11-21 05:00:00,1605906000000,1.1520000000,1.1540000000,1.1340000000,1.1400000000,75653.3622000000,86250.4964073000,86250.4964073000,1,SRM-USDT
2020-11-21 06:00:00,1605909600000,1.1410000000,1.1460000000,1.1280000000,1.1460000000,88370.9520000000,100443.7116647000,100443.7116647000,1,SRM-USDT
2020-11-21 07:00:00,1605913200000,1.1480000000,1.1480000000,1.1330000000,1.1400000000,77405.2188000000,88263.3196335000,88263.3196335000,1,SRM-USDT
2020-11-21 08:00:00,1605916800000,1.1400000000,1.1570000000,1.1380000000,1.1500000000,74304.7625000000,85158.7986546000,85158.7986546000,1,SRM-USDT
2020-11-21 09:00:00,1605920400000,1.1480000000,1.1610000000,1.1470000000,1.1530000000,113911.0142000000,131561.4629983000,131561.4629983000,1,SRM-USDT
2020-11-21 10:00:00,1605924000000,1.1510000000,1.1580000000,1.1270000000,1.1320000000,135561.9807000000,154977.7067018000,154977.7067018000,1,SRM-USDT
2020-11-21 11:00:00,1605927600000,1.1310000000,1.1430000000,1.1310000000,1.1370000000,59036.6036000000,67108.2612567000,67108.2612567000,1,SRM-USDT
2020-11-21 12:00:00,1605931200000,1.1370000000,1.1400000000,1.1220000000,1.1260000000,68190.1621000000,76925.5405517000,76925.5405517000,1,SRM-USDT
2020-11-21 13:00:00,1605934800000,1.1270000000,1.1470000000,1.1260000000,1.1390000000,60814.3984000000,69144.0354674000,69144.0354674000,1,SRM-USDT
2020-11-21 14:00:00,1605938400000,1.1390000000,1.1530000000,1.1380000000,1.1520000000,76539.9236000000,87878.1827320000,87878.1827320000,1,SRM-USDT
2020-11-21 15:00:00,1605942000000,1.1520000000,1.1630000000,1.1480000000,1.1620000000,84202.6751000000,97223.5775163000,97223.5775163000,1,SRM-USDT
2020-11-21 16:00:00,1605945600000,1.1620000000,1.2030000000,1.1620000000,1.2020000000,171562.1496000000,203324.3289842000,203324.3289842000,1,SRM-USDT
2020-11-21 17:00:00,1605949200000,1.2020000000,1.2060000000,1.1910000000,1.1940000000,149014.0599000000,178611.3934952000,178611.3934952000,1,SRM-USDT
2020-11-21 18:00:00,1605952800000,1.1940000000,1.2080000000,1.1880000000,1.1900000000,134438.6204000000,161007.9502403000,161007.9502403000,1,SRM-USDT
2020-11-21 19:00:00,1605956400000,1.1900000000,1.1950000000,1.1550000000,1.1610000000,132923.3264000000,156532.7631938000,156532.7631938000,1,SRM-USDT
2020-11-21 20:00:00,1605960000000,1.1600000000,1.1760000000,1.1410000000,1.1710000000,110780.2355000000,128969.3789098000,128969.3789098000,1,SRM-USDT
2020-11-21 21:00:00,1605963600000,1.1720000000,1.1830000000,1.1700000000,1.1790000000,86729.8120000000,102121.7200546000,102121.7200546000,1,SRM-USDT
2020-11-21 22:00:00,1605967200000,1.1800000000,1.2280000000,1.1780000000,1.2260000000,182658.9893000000,219758.4664701000,219758.4664701000,1,SRM-USDT
2020-11-21 23:00:00,1605970800000,1.2270000000,1.2370000000,1.2170000000,1.2320000000,216583.5058000000,266181.6277822000,266181.6277822000,1,SRM-USDT
2020-11-22 00:00:00,1605974400000,1.2310000000,1.2380000000,1.2010000000,1.2140000000,192853.7402000000,236316.0001714000,236316.0001714000,1,SRM-USDT
2020-11-22 01:00:00,1605978000000,1.2150000000,1.2220000000,1.1890000000,1.2050000000,149532.0912000000,180024.2700360000,180024.2700360000,1,SRM-USDT
2020-11-22 02:00:00,1605981600000,1.2060000000,1.2470000000,1.2060000000,1.2470000000,173919.8352000000,212675.6451126000,212675.6451126000,1,SRM-USDT
2020-11-22 03:00:00,1605985200000,1.2480000000,1.2740000000,1.2480000000,1.2660000000,299896.4406000000,378872.6051915000,378872.6051915000,1,SRM-USDT
2020-11-22 04:00:00,1605988800000,1.2650000000,1.2660000000,1.2350000000,1.2400000000,88924.9994000000,110694.2893181000,110694.2893181000,1,SRM-USDT
2020-11-22 05:00:00,1605992400000,1.2400000000,1.2460000000,1.2250000000,1.2460000000,59298.6306000000,73330.7461478000,73330.7461478000,1,SRM-USDT
2020-11-22 06:00:00,1605996000000,1.2470000000,1.2470000000,1.2170000000,1.2370000000,83071.3053000000,102049.0090346000,102049.0090346000,1,SRM-USDT
2020-11-22 07:00:00,1605999600000,1.2370000000,1.2590000000,1.2330000000,1.2560000000,70351.9546000000,87441.5069196000,87441.5069196000,1,SRM-USDT
2020-11-22 08:00:00,1606003200000,1.2570000000,1.2670000000,1.2200000000,1.2240000000,126571.9205000000,158318.6841120000,158318.6841120000,1,SRM-USDT
2020-11-22 09:00:00,1606006800000,1.2240000000,1.2310000000,1.1780000000,1.2020000000,254438.8224000000,306523.4412164000,306523.4412164000,1,SRM-USDT
2020-11-22 10:00:00,1606010400000,1.2020000000,1.2130000000,1.1960000000,1.2100000000,116421.9277000000,140231.5925381000,140231.5925381000,1,SRM-USDT
2020-11-22 11:00:00,1606014000000,1.2110000000,1.2120000000,1.1930000000,1.2110000000,36630.3617000000,44058.0478092000,44058.0478092000,1,SRM-USDT
2020-11-22 12:00:00,1606017600000,1.2120000000,1.2200000000,1.1950000000,1.2150000000,49983.5989000000,60319.7825534000,60319.7825534000,1,SRM-USDT
2020-11-22 13:00:00,1606021200000,1.2160000000,1.2180000000,1.1850000000,1.1880000000,68694.1027000000,82398.1622708000,82398.1622708000,1,SRM-USDT
2020-11-22 14:00:00,1606024800000,1.1880000000,1.1920000000,1.1650000000,1.1870000000,138289.5880000000,162994.1107853000,162994.1107853000,1,SRM-USDT
2020-11-22 15:00:00,1606028400000,1.1860000000,1.1870000000,1.1410000000,1.1700000000,102433.8954000000,119053.4300788000,119053.4300788000,1,SRM-USDT
2020-11-22 16:00:00,1606032000000,1.1710000000,1.1710000000,1.1520000000,1.1570000000,109874.1655000000,127393.2828963000,127393.2828963000,1,SRM-USDT
2020-11-22 17:00:00,1606035600000,1.1570000000,1.2090000000,1.1500000000,1.2080000000,152541.6720000000,180937.7656582000,180937.7656582000,1,SRM-USDT
2020-11-22 18:00:00,1606039200000,1.2080000000,1.2080000000,1.1810000000,1.1930000000,114599.8224000000,136939.6906172000,136939.6906172000,1,SRM-USDT
2020-11-22 19:00:00,1606042800000,1.1940000000,1.1980000000,1.1220000000,1.1430000000,252627.8408000000,293944.5622958000,293944.5622958000,1,SRM-USDT
2020-11-22 20:00:00,1606046400000,1.1440000000,1.1680000000,1.1380000000,1.1650000000,157704.9745000000,181832.9330588000,181832.9330588000,1,SRM-USDT
2020-11-22 21:00:00,1606050000000,1.1660000000,1.1790000000,1.1610000000,1.1760000000,132015.6451000000,154767.9926503000,154767.9926503000,1,SRM-USDT
2020-11-22 22:00:00,1606053600000,1.1750000000,1.1880000000,1.1670000000,1.1710000000,112766.9195000000,132647.7030481000,132647.7030481000,1,SRM-USDT
2020-11-22 23:00:00,1606057200000,1.1740000000,1.1890000000,1.1730000000,1.1890000000,95506.8965000000,112768.0347373000,112768.0347373000,1,SRM-USDT
2020-11-23 00:00:00,1606060800000,1.1870000000,1.2100000000,1.1790000000,1.2090000000,108144.7800000000,129441.4943656000,129441.4943656000,1,SRM-USDT
2020-11-23 01:00:00,1606064400000,1.2070000000,1.2070000000,1.1940000000,1.1980000000,58438.2560000000,70076.7107733000,70076.7107733000,1,SRM-USDT
2020-11-23 02:00:00,1606068000000,1.1980000000,1.2160000000,1.1980000000,1.2110000000,78667.8512000000,95210.1550197000,95210.1550197000,1,SRM-USDT
2020-11-23 03:00:00,1606071600000,1.2130000000,1.2170000000,1.2010000000,1.2080000000,134790.4038000000,163009.7126535000,163009.7126535000,1,SRM-USDT
2020-11-23 04:00:00,1606075200000,1.2090000000,1.2440000000,1.2090000000,1.2220000000,197896.5611000000,243472.0401256000,243472.0401256000,1,SRM-USDT
2020-11-23 05:00:00,1606078800000,1.2220000000,1.2310000000,1.2160000000,1.2250000000,69941.2244000000,85659.2215452000,85659.2215452000,1,SRM-USDT
2020-11-23 06:00:00,1606082400000,1.2260000000,1.2380000000,1.2220000000,1.2250000000,66366.4509000000,81607.8237591000,81607.8237591000,1,SRM-USDT
2020-11-23 07:00:00,1606086000000,1.2260000000,1.2260000000,1.1830000000,1.1870000000,116238.8300000000,139202.1663835000,139202.1663835000,1,SRM-USDT
2020-11-23 08:00:00,1606089600000,1.1870000000,1.2000000000,1.1660000000,1.1690000000,120765.4822000000,142868.8241012000,142868.8241012000,1,SRM-USDT
2020-11-23 09:00:00,1606093200000,1.1690000000,1.1880000000,1.1650000000,1.1880000000,77104.4676000000,90911.0689467000,90911.0689467000,1,SRM-USDT
2020-11-23 10:00:00,1606096800000,1.1890000000,1.1940000000,1.1840000000,1.1870000000,71889.0683000000,85523.1301716000,85523.1301716000,1,SRM-USDT
2020-11-23 11:00:00,1606100400000,1.1850000000,1.2030000000,1.1820000000,1.1990000000,76004.7555000000,90453.8994861000,90453.8994861000,1,SRM-USDT
2020-11-23 12:00:00,1606104000000,1.1980000000,1.2140000000,1.1970000000,1.2030000000,112009.2631000000,135012.4933528000,135012.4933528000,1,SRM-USDT
2020-11-23 13:00:00,1606107600000,1.2030000000,1.2340000000,1.2030000000,1.2310000000,112500.1080000000,137611.4831217000,137611.4831217000,1,SRM-USDT
2020-11-23 14:00:00,1606111200000,1.2300000000,1.2310000000,1.2170000000,1.2290000000,121648.6969000000,148939.6566631000,148939.6566631000,1,SRM-USDT
2020-11-23 15:00:00,1606114800000,1.2290000000,1.2340000000,1.2230000000,1.2330000000,79431.2799000000,97634.4993781000,97634.4993781000,1,SRM-USDT
2020-11-23 16:00:00,1606118400000,1.2340000000,1.2770000000,1.2330000000,1.2690000000,211550.4007000000,265468.5838979000,265468.5838979000,1,SRM-USDT
2020-11-23 17:00:00,1606122000000,1.2680000000,1.3040000000,1.2660000000,1.3010000000,280973.0996000000,362143.2129191000,362143.2129191000,1,SRM-USDT
2020-11-23 18:00:00,1606125600000,1.3010000000,1.3060000000,1.2770000000,1.2820000000,256518.0484000000,330490.4312403000,330490.4312403000,1,SRM-USDT
2020-11-23 19:00:00,1606129200000,1.2830000000,1.2900000000,1.2670000000,1.2750000000,145948.0958000000,186761.0101889000,186761.0101889000,1,SRM-USDT
2020-11-23 20:00:00,1606132800000,1.2760000000,1.3450000000,1.2680000000,1.3390000000,377293.3293000000,496919.2471447000,496919.2471447000,1,SRM-USDT
2020-11-23 21:00:00,1606136400000,1.3400000000,1.3590000000,1.3010000000,1.3580000000,391967.6837000000,520879.6106917000,520879.6106917000,1,SRM-USDT
2020-11-23 22:00:00,1606140000000,1.3570000000,1.3600000000,1.3220000000,1.3290000000,164926.7763000000,221418.5702316000,221418.5702316000,1,SRM-USDT
2020-11-23 23:00:00,1606143600000,1.3300000000,1.3300000000,1.2760000000,1.2810000000,235969.6671000000,305789.5367908000,305789.5367908000,1,SRM-USDT
2020-11-24 00:00:00,1606147200000,1.2810000000,1.2910000000,1.2470000000,1.2750000000,186834.8467000000,237753.2852923000,237753.2852923000,1,SRM-USDT
2020-11-24 01:00:00,1606150800000,1.2750000000,1.2840000000,1.2720000000,1.2750000000,123834.7424000000,158431.6807948000,158431.6807948000,1,SRM-USDT
2020-11-24 02:00:00,1606154400000,1.2730000000,1.2750000000,1.2640000000,1.2660000000,75652.6836000000,96021.8054211000,96021.8054211000,1,SRM-USDT
2020-11-24 03:00:00,1606158000000,1.2660000000,1.2740000000,1.2540000000,1.2740000000,55641.2345000000,70424.2989933000,70424.2989933000,1,SRM-USDT
2020-11-24 04:00:00,1606161600000,1.2740000000,1.2750000000,1.2670000000,1.2730000000,44500.4033000000,56530.8779018000,56530.8779018000,1,SRM-USDT
2020-11-24 05:00:00,1606165200000,1.2720000000,1.3000000000,1.2670000000,1.2970000000,71719.0449000000,92209.2309673000,92209.2309673000,1,SRM-USDT
2020-11-24 06:00:00,1606168800000,1.2970000000,1.2990000000,1.2910000000,1.2950000000,43916.2691000000,56860.2780670000,56860.2780670000,1,SRM-USDT
2020-11-24 07:00:00,1606172400000,1.2950000000,1.2950000000,1.2690000000,1.2800000000,112486.9129000000,143534.6031362000,143534.6031362000,1,SRM-USDT
2020-11-24 08:00:00,1606176000000,1.2800000000,1.2860000000,1.2510000000,1.2850000000,114022.2197000000,144921.3256295000,144921.3256295000,1,SRM-USDT
2020-11-24 09:00:00,1606179600000,1.2850000000,1.3020000000,1.2810000000,1.2940000000,140154.6650000000,181172.3798260000,181172.3798260000,1,SRM-USDT
2020-11-24 10:00:00,1606183200000,1.2940000000,1.3150000000,1.2840000000,1.2850000000,142626.5885000000,184890.5811276000,184890.5811276000,1,SRM-USDT
2020-11-24 11:00:00,1606186800000,1.2850000000,1.3090000000,1.2850000000,1.3010000000,115923.4363000000,150821.1070526000,150821.1070526000,1,SRM-USDT
2020-11-24 12:00:00,1606190400000,1.3010000000,1.3140000000,1.2950000000,1.3000000000,136501.1659000000,177943.9520174000,177943.9520174000,1,SRM-USDT
2020-11-24 13:00:00,1606194000000,1.3000000000,1.3000000000,1.2830000000,1.2830000000,190911.6830000000,247207.5370729000,247207.5370729000,1,SRM-USDT
2020-11-24 14:00:00,1606197600000,1.2830000000,1.2850000000,1.2060000000,1.2480000000,406683.0827000000,504448.1826764000,504448.1826764000,1,SRM-USDT
2020-11-24 15:00:00,1606201200000,1.2480000000,1.2700000000,1.2470000000,1.2630000000,151295.7723000000,190649.8601950000,190649.8601950000,1,SRM-USDT
2020-11-24 16:00:00,1606204800000,1.2630000000,1.3370000000,1.2630000000,1.3220000000,216955.6232000000,281146.4064749000,281146.4064749000,1,SRM-USDT
2020-11-24 17:00:00,1606208400000,1.3220000000,1.3230000000,1.2570000000,1.2650000000,341612.7558000000,438431.1482018000,438431.1482018000,1,SRM-USDT
2020-11-24 18:00:00,1606212000000,1.2680000000,1.2680000000,1.1920000000,1.2570000000,244815.4519000000,303207.2441953000,303207.2441953000,1,SRM-USDT
2020-11-24 19:00:00,1606215600000,1.2580000000,1.2580000000,1.2250000000,1.2300000000,169724.6337000000,210688.6729541000,210688.6729541000,1,SRM-USDT
2020-11-24 20:00:00,1606219200000,1.2290000000,1.2300000000,1.1940000000,1.2020000000,222630.0253000000,270020.2150335000,270020.2150335000,1,SRM-USDT
2020-11-24 21:00:00,1606222800000,1.2030000000,1.2420000000,1.2030000000,1.2380000000,139744.1367000000,171624.4512024000,171624.4512024000,1,SRM-USDT
2020-11-24 22:00:00,1606226400000,1.2390000000,1.2450000000,1.2190000000,1.2240000000,78861.7612000000,97226.3579913000,97226.3579913000,1,SRM-USDT
2020-11-24 23:00:00,1606230000000,1.2240000000,1.2380000000,1.2110000000,1.2380000000,86775.8290000000,106306.1223473000,106306.1223473000,1,SRM-USDT
2020-11-25 00:00:00,1606233600000,1.2380000000,1.2440000000,1.2210000000,1.2270000000,151025.4889000000,186183.0927764000,186183.0927764000,1,SRM-USDT
2020-11-25 01:00:00,1606237200000,1.2270000000,1.2360000000,1.2230000000,1.2270000000,157165.3773000000,193089.7362076000,193089.7362076000,1,SRM-USDT
2020-11-25 02:00:00,1606240800000,1.2260000000,1.2380000000,1.2230000000,1.2340000000,49461.5654000000,60828.0630091000,60828.0630091000,1,SRM-USDT
2020-11-25 03:00:00,1606244400000,1.2340000000,1.2430000000,1.2330000000,1.2370000000,66213.0954000000,81972.1845882000,81972.1845882000,1,SRM-USDT
2020-11-25 04:00:00,1606248000000,1.2360000000,1.2370000000,1.2180000000,1.2220000000,142262.8640000000,174308.3839252000,174308.3839252000,1,SRM-USDT
2020-11-25 05:00:00,1606251600000,1.2220000000,1.2250000000,1.1960000000,1.2050000000,103109.5330000000,124919.1565696000,124919.1565696000,1,SRM-USDT
2020-11-25 06:00:00,1606255200000,1.2040000000,1.2120000000,1.2000000000,1.2090000000,37221.3044000000,44916.6896052000,44916.6896052000,1,SRM-USDT
2020-11-25 07:00:00,1606258800000,1.2090000000,1.2310000000,1.2080000000,1.2290000000,41124.9008000000,50125.4326348000,50125.4326348000,1,SRM-USDT
2020-11-25 08:00:00,1606262400000,1.2300000000,1.2390000000,1.2220000000,1.2330000000,108059.7339000000,133049.8220193000,133049.8220193000,1,SRM-USDT
2020-11-25 09:00:00,1606266000000,1.2330000000,1.2490000000,1.2330000000,1.2490000000,101363.5483000000,125805.6432557000,125805.6432557000,1,SRM-USDT
2020-11-25 10:00:00,1606269600000,1.2490000000,1.2490000000,1.2060000000,1.2100000000,161397.4675000000,198355.9699604000,198355.9699604000,1,SRM-USDT
2020-11-25 11:00:00,1606273200000,1.2100000000,1.2100000000,1.1730000000,1.1800000000,148254.4299000000,177355.9612631000,177355.9612631000,1,SRM-USDT
2020-11-25 12:00:00,1606276800000,1.1780000000,1.1940000000,1.1720000000,1.1720000000,145546.4654000000,172333.6153848000,172333.6153848000,1,SRM-USDT
2020-11-25 13:00:00,1606280400000,1.1720000000,1.1860000000,1.1650000000,1.1830000000,127874.7067000000,150202.9411633000,150202.9411633000,1,SRM-USDT
2020-11-25 14:00:00,1606284000000,1.1830000000,1.1930000000,1.1810000000,1.1870000000,74537.3451000000,88429.3006839000,88429.3006839000,1,SRM-USDT
2020-11-25 15:00:00,1606287600000,1.1880000000,1.1940000000,1.1830000000,1.1920000000,100150.3059000000,119301.2367372000,119301.2367372000,1,SRM-USDT
2020-11-25 16:00:00,1606291200000,1.1930000000,1.1960000000,1.1790000000,1.1950000000,103025.9723000000,122558.2244879000,122558.2244879000,1,SRM-USDT
2020-11-25 17:00:00,1606294800000,1.1950000000,1.2070000000,1.1910000000,1.2050000000,101260.8091000000,121538.7681313000,121538.7681313000,1,SRM-USDT
2020-11-25 18:00:00,1606298400000,1.2050000000,1.2130000000,1.2020000000,1.2120000000,100709.8776000000,121597.9180319000,121597.9180319000,1,SRM-USDT
2020-11-25 19:00:00,1606302000000,1.2120000000,1.2170000000,1.2100000000,1.2170000000,95439.1552000000,115820.6379668000,115820.6379668000,1,SRM-USDT
2020-11-25 20:00:00,1606305600000,1.2170000000,1.2350000000,1.2130000000,1.2350000000,101943.0889000000,124347.3812167000,124347.3812167000,1,SRM-USDT
2020-11-25 21:00:00,1606309200000,1.2350000000,1.2690000000,1.2140000000,1.2230000000,303844.4992000000,377497.7318162000,377497.7318162000,1,SRM-USDT
2020-11-25 22:00:00,1606312800000,1.2230000000,1.2390000000,1.2190000000,1.2380000000,104611.4773000000,128359.5334713000,128359.5334713000,1,SRM-USDT
2020-11-25 23:00:00,1606316400000,1.2370000000,1.2380000000,1.2200000000,1.2360000000,151623.2909000000,186529.8131118000,186529.8131118000,1,SRM-USDT
2020-11-26 00:00:00,1606320000000,1.2390000000,1.2480000000,1.2160000000,1.2200000000,134926.4355000000,166423.2392626000,166423.2392626000,1,SRM-USDT
2020-11-26 01:00:00,1606323600000,1.2200000000,1.2330000000,1.2140000000,1.2310000000,84602.3661000000,103477.9308456000,103477.9308456000,1,SRM-USDT
2020-11-26 02:00:00,1606327200000,1.2320000000,1.2390000000,1.2290000000,1.2340000000,31533.5908000000,38911.3425357000,38911.3425357000,1,SRM-USDT
2020-11-26 03:00:00,1606330800000,1.2340000000,1.2420000000,1.2180000000,1.2260000000,67075.5648000000,82758.5074627000,82758.5074627000,1,SRM-USDT
2020-11-26 04:00:00,1606334400000,1.2260000000,1.2310000000,1.1790000000,1.1950000000,193047.5416000000,231808.8901265000,231808.8901265000,1,SRM-USDT
2020-11-26 05:00:00,1606338000000,1.1950000000,1.1990000000,1.1710000000,1.1780000000,111816.8909000000,132686.6351176000,132686.6351176000,1,SRM-USDT
2020-11-26 06:00:00,1606341600000,1.1780000000,1.1810000000,1.1440000000,1.1620000000,134103.9837000000,155960.2803126000,155960.2803126000,1,SRM-USDT
2020-11-26 07:00:00,1606345200000,1.1590000000,1.1620000000,1.1220000000,1.1560000000,244125.1352000000,278908.6124735000,278908.6124735000,1,SRM-USDT
2020-11-26 08:00:00,1606348800000,1.1550000000,1.1660000000,1.1460000000,1.1630000000,113818.7586000000,131932.5280168000,131932.5280168000,1,SRM-USDT
2020-11-26 09:00:00,1606352400000,1.1620000000,1.1760000000,1.1520000000,1.1600000000,106368.1598000000,123755.3916738000,123755.3916738000,1,SRM-USDT
2020-11-26 10:00:00,1606356000000,1.1570000000,1.1570000000,1.1070000000,1.1130000000,201059.1186000000,227293.8311229000,227293.8311229000,1,SRM-USDT
2020-11-26 11:00:00,1606359600000,1.1130000000,1.1130000000,0.9800000000,1.0240000000,579838.4353000000,601270.1419640000,601270.1419640000,1,SRM-USDT
2020-11-26 12:00:00,1606363200000,1.0230000000,1.0280000000,0.9850000000,1.0050000000,249831.4608000000,251895.3276056000,251895.3276056000,1,SRM-USDT
2020-11-26 13:00:00,1606366800000,1.0040000000,1.0160000000,0.9940000000,1.0070000000,124947.4209000000,125550.3623382000,125550.3623382000,1,SRM-USDT
2020-11-26 14:00:00,1606370400000,1.0060000000,1.0200000000,0.9970000000,1.0110000000,173549.2510000000,174860.0787751000,174860.0787751000,1,SRM-USDT
2020-11-26 15:00:00,1606374000000,1.0110000000,1.0120000000,0.9790000000,0.9820000000,220412.0640000000,218788.1146137000,218788.1146137000,1,SRM-USDT
2020-11-26 16:00:00,1606377600000,0.9820000000,0.9820000000,0.9280000000,0.9650000000,438733.8130000000,418486.8332114000,418486.8332114000,1,SRM-USDT
2020-11-26 17:00:00,1606381200000,0.9650000000,0.9890000000,0.9640000000,0.9880000000,317141.0418000000,309626.3265120000,309626.3265120000,1,SRM-USDT
2020-11-26 18:00:00,1606384800000,0.9880000000,1.0170000000,0.9840000000,1.0130000000,138208.5624000000,138012.8540513000,138012.8540513000,1,SRM-USDT
2020-11-26 19:00:00,1606388400000,1.0130000000,1.0290000000,1.0030000000,1.0120000000,120150.8024000000,122106.0903665000,122106.0903665000,1,SRM-USDT
2020-11-26 20:00:00,1606392000000,1.0110000000,1.0360000000,1.0050000000,1.0300000000,82308.6348000000,84339.7776059000,84339.7776059000,1,SRM-USDT
2020-11-26 21:00:00,1606395600000,1.0290000000,1.0300000000,1.0050000000,1.0050000000,87882.6587000000,89708.8256051000,89708.8256051000,1,SRM-USDT
2020-11-26 22:00:00,1606399200000,1.0040000000,1.0180000000,0.9950000000,0.9950000000,145931.1162000000,146948.6813623000,146948.6813623000,1,SRM-USDT
2020-11-26 23:00:00,1606402800000,0.9960000000,1.0170000000,0.9910000000,1.0050000000,104424.4085000000,105068.4234369000,105068.4234369000,1,SRM-USDT
2020-11-27 00:00:00,1606406400000,1.0040000000,1.0110000000,0.9820000000,0.9860000000,133682.9377000000,132989.3658994000,132989.3658994000,1,SRM-USDT
2020-11-27 01:00:00,1606410000000,0.9860000000,0.9860000000,0.9500000000,0.9780000000,181997.8856000000,176389.8649243000,176389.8649243000,1,SRM-USDT
2020-11-27 02:00:00,1606413600000,0.9780000000,0.9960000000,0.9740000000,0.9830000000,51170.7586000000,50350.0918615000,50350.0918615000,1,SRM-USDT
2020-11-27 03:00:00,1606417200000,0.9830000000,1.0010000000,0.9700000000,0.9960000000,78884.2838000000,77573.7121626000,77573.7121626000,1,SRM-USDT
2020-11-27 04:00:00,1606420800000,0.9970000000,1.0180000000,0.9970000000,1.0150000000,116642.8236000000,117828.7719548000,117828.7719548000,1,SRM-USDT
2020-11-27 05:00:00,1606424400000,1.0170000000,1.0260000000,1.0080000000,1.0100000000,93259.1726000000,94991.5873262000,94991.5873262000,1,SRM-USDT
2020-11-27 06:00:00,1606428000000,1.0110000000,1.0270000000,1.0100000000,1.0250000000,40034.4279000000,40843.0156634000,40843.0156634000,1,SRM-USDT
2020-11-27 07:00:00,1606431600000,1.0250000000,1.0290000000,1.0050000000,1.0280000000,52668.4399000000,53683.5684766000,53683.5684766000,1,SRM-USDT
2020-11-27 08:00:00,1606435200000,1.0280000000,1.0440000000,1.0170000000,1.0390000000,127387.5108000000,131296.4757209000,131296.4757209000,1,SRM-USDT
2020-11-27 09:00:00,1606438800000,1.0410000000,1.0410000000,1.0210000000,1.0240000000,97217.9295000000,100302.0820118000,100302.0820118000,1,SRM-USDT
2020-11-27 10:00:00,1606442400000,1.0240000000,1.0270000000,1.0050000000,1.0050000000,97048.9002000000,98495.8659878000,98495.8659878000,1,SRM-USDT
2020-11-27 11:00:00,1606446000000,1.0060000000,1.0170000000,1.0050000000,1.0090000000,76737.6228000000,77629.9369770000,77629.9369770000,1,SRM-USDT
2020-11-27 12:00:00,1606449600000,1.0090000000,1.0220000000,1.0090000000,1.0150000000,42919.0570000000,43654.3201818000,43654.3201818000,1,SRM-USDT
2020-11-27 13:00:00,1606453200000,1.0150000000,1.0420000000,1.0150000000,1.0360000000,59518.0770000000,61284.7265998000,61284.7265998000,1,SRM-USDT
2020-11-27 14:00:00,1606456800000,1.0350000000,1.0370000000,1.0300000000,1.0360000000,35635.6409000000,36845.7358222000,36845.7358222000,1,SRM-USDT
2020-11-27 15:00:00,1606460400000,1.0360000000,1.0380000000,1.0110000000,1.0150000000,103326.6309000000,106009.5090357000,106009.5090357000,1,SRM-USDT
2020-11-27 16:00:00,1606464000000,1.0150000000,1.0170000000,0.9740000000,0.9790000000,115604.4789000000,114209.5460673000,114209.5460673000,1,SRM-USDT
2020-11-27 17:00:00,1606467600000,0.9790000000,0.9910000000,0.9700000000,0.9730000000,117495.4630000000,115072.8213569000,115072.8213569000,1,SRM-USDT
2020-11-27 18:00:00,1606471200000,0.9730000000,0.9870000000,0.9730000000,0.9870000000,52471.4011000000,51440.6248456000,51440.6248456000,1,SRM-USDT
2020-11-27 19:00:00,1606474800000,0.9860000000,0.9860000000,0.9680000000,0.9700000000,58531.1231000000,57084.6493480000,57084.6493480000,1,SRM-USDT
2020-11-27 20:00:00,1606478400000,0.9700000000,0.9880000000,0.9700000000,0.9870000000,61228.3955000000,60039.4528301000,60039.4528301000,1,SRM-USDT
2020-11-27 21:00:00,1606482000000,0.9870000000,0.9920000000,0.9840000000,0.9850000000,89035.8852000000,87913.1576821000,87913.1576821000,1,SRM-USDT
2020-11-27 22:00:00,1606485600000,0.9840000000,0.9930000000,0.9770000000,0.9820000000,92566.7090000000,91033.4233768000,91033.4233768000,1,SRM-USDT
2020-11-27 23:00:00,1606489200000,0.9830000000,0.9840000000,0.9620000000,0.9630000000,107651.6986000000,104636.1630083000,104636.1630083000,1,SRM-USDT
2020-11-28 00:00:00,1606492800000,0.9630000000,0.9810000000,0.9580000000,0.9800000000,90160.6360000000,87190.7028649000,87190.7028649000,1,SRM-USDT
2020-11-28 01:00:00,1606496400000,0.9810000000,0.9810000000,0.9740000000,0.9790000000,36821.4431000000,36032.7687364000,36032.7687364000,1,SRM-USDT
2020-11-28 02:00:00,1606500000000,0.9790000000,0.9860000000,0.9780000000,0.9830000000,16872.7490000000,16597.0842758000,16597.0842758000,1,SRM-USDT
2020-11-28 03:00:00,1606503600000,0.9830000000,0.9830000000,0.9760000000,0.9790000000,30571.1602000000,29962.0168001000,29962.0168001000,1,SRM-USDT
2020-11-28 04:00:00,1606507200000,0.9780000000,0.9920000000,0.9770000000,0.9910000000,35724.8925000000,35289.3205803000,35289.3205803000,1,SRM-USDT
2020-11-28 05:00:00,1606510800000,0.9910000000,0.9950000000,0.9810000000,0.9870000000,51737.6214000000,51072.8291987000,51072.8291987000,1,SRM-USDT
2020-11-28 06:00:00,1606514400000,0.9900000000,0.9900000000,0.9790000000,0.9800000000,26910.4482000000,26476.8469030000,26476.8469030000,1,SRM-USDT
2020-11-28 07:00:00,1606518000000,0.9810000000,0.9980000000,0.9810000000,0.9980000000,33287.4269000000,33007.2627761000,33007.2627761000,1,SRM-USDT
2020-11-28 08:00:00,1606521600000,0.9980000000,1.0000000000,0.9830000000,0.9860000000,89668.1191000000,88734.1001068000,88734.1001068000,1,SRM-USDT
2020-11-28 09:00:00,1606525200000,0.9860000000,0.9930000000,0.9830000000,0.9890000000,39197.0663000000,38753.2235077000,38753.2235077000,1,SRM-USDT
2020-11-28 10:00:00,1606528800000,0.9890000000,0.9890000000,0.9800000000,0.9810000000,34674.5936000000,34136.4477833000,34136.4477833000,1,SRM-USDT
2020-11-28 11:00:00,1606532400000,0.9810000000,0.9810000000,0.9760000000,0.9780000000,42032.9331000000,41113.9339721000,41113.9339721000,1,SRM-USDT
2020-11-28 12:00:00,1606536000000,0.9790000000,0.9830000000,0.9680000000,0.9730000000,35277.0072000000,34333.7554851000,34333.7554851000,1,SRM-USDT
2020-11-28 13:00:00,1606539600000,0.9730000000,0.9770000000,0.9690000000,0.9730000000,37396.5736000000,36427.8137222000,36427.8137222000,1,SRM-USDT
2020-11-28 14:00:00,1606543200000,0.9730000000,0.9760000000,0.9690000000,0.9740000000,25953.3293000000,25253.4841132000,25253.4841132000,1,SRM-USDT
2020-11-28 15:00:00,1606546800000,0.9750000000,0.9770000000,0.9740000000,0.9760000000,15041.6324000000,14669.1708765000,14669.1708765000,1,SRM-USDT
2020-11-28 16:00:00,1606550400000,0.9760000000,0.9770000000,0.9630000000,0.9630000000,53954.7592000000,52377.3782638000,52377.3782638000,1,SRM-USDT
2020-11-28 17:00:00,1606554000000,0.9640000000,0.9720000000,0.9640000000,0.9700000000,30545.3673000000,29588.5338305000,29588.5338305000,1,SRM-USDT
2020-11-28 18:00:00,1606557600000,0.9710000000,0.9920000000,0.9710000000,0.9910000000,51648.2965000000,50850.9561793000,50850.9561793000,1,SRM-USDT
2020-11-28 19:00:00,1606561200000,0.9920000000,0.9990000000,0.9900000000,0.9940000000,33108.4578000000,32879.5556330000,32879.5556330000,1,SRM-USDT
2020-11-28 20:00:00,1606564800000,0.9950000000,1.0060000000,0.9940000000,0.9970000000,52984.3882000000,52922.5195400000,52922.5195400000,1,SRM-USDT
2020-11-28 21:00:00,1606568400000,0.9980000000,1.0170000000,0.9950000000,1.0120000000,57301.5365000000,57722.3474048000,57722.3474048000,1,SRM-USDT
2020-11-28 22:00:00,1606572000000,1.0120000000,1.0190000000,1.0110000000,1.0170000000,56848.1973000000,57667.7953838000,57667.7953838000,1,SRM-USDT
2020-11-28 23:00:00,1606575600000,1.0170000000,1.0270000000,1.0140000000,1.0270000000,67596.8985000000,69032.1494586000,69032.1494586000,1,SRM-USDT
2020-11-29 00:00:00,1606579200000,1.0270000000,1.0350000000,1.0210000000,1.0240000000,118883.7369000000,122036.0270926000,122036.0270926000,1,SRM-USDT
2020-11-29 01:00:00,1606582800000,1.0240000000,1.0260000000,1.0130000000,1.0240000000,46606.0767000000,47584.7005389000,47584.7005389000,1,SRM-USDT
2020-11-29 02:00:00,1606586400000,1.0240000000,1.0300000000,1.0230000000,1.0280000000,24813.9085000000,25460.7232365000,25460.7232365000,1,SRM-USDT
2020-11-29 03:00:00,1606590000000,1.0280000000,1.0280000000,1.0190000000,1.0230000000,41771.2177000000,42725.9994003000,42725.9994003000,1,SRM-USDT
2020-11-29 04:00:00,1606593600000,1.0230000000,1.0250000000,1.0080000000,1.0090000000,62486.4956000000,63622.0833482000,63622.0833482000,1,SRM-USDT
2020-11-29 05:00:00,1606597200000,1.0090000000,1.0180000000,1.0090000000,1.0180000000,33725.5078000000,34228.2571116000,34228.2571116000,1,SRM-USDT
2020-11-29 06:00:00,1606600800000,1.0180000000,1.0210000000,1.0140000000,1.0180000000,10496.1008000000,10688.5206356000,10688.5206356000,1,SRM-USDT
2020-11-29 07:00:00,1606604400000,1.0180000000,1.0260000000,1.0120000000,1.0130000000,39816.0796000000,40607.2956592000,40607.2956592000,1,SRM-USDT
2020-11-29 08:00:00,1606608000000,1.0140000000,1.0180000000,1.0000000000,1.0040000000,43089.9013000000,43341.5585223000,43341.5585223000,1,SRM-USDT
2020-11-29 09:00:00,1606611600000,1.0040000000,1.0070000000,0.9950000000,0.9990000000,33110.8828000000,33124.8588755000,33124.8588755000,1,SRM-USDT
2020-11-29 10:00:00,1606615200000,0.9990000000,1.0070000000,0.9980000000,1.0070000000,31840.6068000000,31929.9398780000,31929.9398780000,1,SRM-USDT
2020-11-29 11:00:00,1606618800000,1.0060000000,1.0130000000,1.0060000000,1.0130000000,41686.0834000000,42066.9227058000,42066.9227058000,1,SRM-USDT
2020-11-29 12:00:00,1606622400000,1.0120000000,1.0150000000,1.0070000000,1.0080000000,25057.9076000000,25342.0759457000,25342.0759457000,1,SRM-USDT
2020-11-29 13:00:00,1606626000000,1.0080000000,1.0140000000,1.0080000000,1.0110000000,12669.2652000000,12817.9017642000,12817.9017642000,1,SRM-USDT
2020-11-29 14:00:00,1606629600000,1.0090000000,1.0110000000,1.0030000000,1.0060000000,26641.2077000000,26794.2865724000,26794.2865724000,1,SRM-USDT
2020-11-29 15:00:00,1606633200000,1.0060000000,1.0260000000,1.0010000000,1.0250000000,36030.6144000000,36530.1321276000,36530.1321276000,1,SRM-USDT
2020-11-29 16:00:00,1606636800000,1.0250000000,1.0300000000,1.0250000000,1.0290000000,33145.0871000000,34082.6006281000,34082.6006281000,1,SRM-USDT
2020-11-29 17:00:00,1606640400000,1.0290000000,1.0350000000,1.0270000000,1.0310000000,37820.8702000000,39004.3110608000,39004.3110608000,1,SRM-USDT
2020-11-29 18:00:00,1606644000000,1.0310000000,1.0350000000,1.0270000000,1.0350000000,40633.6894000000,41908.4538157000,41908.4538157000,1,SRM-USDT
2020-11-29 19:00:00,1606647600000,1.0350000000,1.0360000000,1.0140000000,1.0170000000,47650.8903000000,48921.3914468000,48921.3914468000,1,SRM-USDT
2020-11-29 20:00:00,1606651200000,1.0170000000,1.0170000000,1.0080000000,1.0130000000,31433.4939000000,31824.9036143000,31824.9036143000,1,SRM-USDT
2020-11-29 21:00:00,1606654800000,1.0130000000,1.0260000000,1.0130000000,1.0240000000,33228.4765000000,33859.3426927000,33859.3426927000,1,SRM-USDT
2020-11-29 22:00:00,1606658400000,1.0240000000,1.0310000000,1.0230000000,1.0230000000,25076.7862000000,25726.7256281000,25726.7256281000,1,SRM-USDT
2020-11-29 23:00:00,1606662000000,1.0230000000,1.0300000000,1.0170000000,1.0270000000,19165.2017000000,19607.1390228000,19607.1390228000,1,SRM-USDT
2020-11-30 00:00:00,1606665600000,1.0270000000,1.0290000000,1.0070000000,1.0140000000,58044.6434000000,58917.9590717000,58917.9590717000,1,SRM-USDT
2020-11-30 01:00:00,1606669200000,1.0140000000,1.0190000000,1.0120000000,1.0160000000,26372.9580000000,26794.1588017000,26794.1588017000,1,SRM-USDT
2020-11-30 02:00:00,1606672800000,1.0160000000,1.0160000000,1.0060000000,1.0080000000,19799.2263000000,19964.3993264000,19964.3993264000,1,SRM-USDT
2020-11-30 03:00:00,1606676400000,1.0090000000,1.0100000000,0.9980000000,0.9990000000,21968.7350000000,22036.3749206000,22036.3749206000,1,SRM-USDT
2020-11-30 04:00:00,1606680000000,1.0000000000,1.0080000000,1.0000000000,1.0080000000,20255.5218000000,20371.9179389000,20371.9179389000,1,SRM-USDT
2020-11-30 05:00:00,1606683600000,1.0080000000,1.0200000000,1.0080000000,1.0170000000,40010.4410000000,40605.1735645000,40605.1735645000,1,SRM-USDT
2020-11-30 06:00:00,1606687200000,1.0180000000,1.0190000000,1.0110000000,1.0150000000,26594.6120000000,26986.3757068000,26986.3757068000,1,SRM-USDT
2020-11-30 07:00:00,1606690800000,1.0160000000,1.0340000000,1.0160000000,1.0320000000,24385.4809000000,24948.1429112000,24948.1429112000,1,SRM-USDT
2020-11-30 08:00:00,1606694400000,1.0320000000,1.0660000000,1.0320000000,1.0630000000,109718.1894000000,115007.9821259000,115007.9821259000,1,SRM-USDT
2020-11-30 09:00:00,1606698000000,1.0630000000,1.0680000000,1.0550000000,1.0580000000,80646.9348000000,85546.9507669000,85546.9507669000,1,SRM-USDT
2020-11-30 10:00:00,1606701600000,1.0580000000,1.0580000000,1.0430000000,1.0540000000,104171.9262000000,109668.3980481000,109668.3980481000,1,SRM-USDT
2020-11-30 11:00:00,1606705200000,1.0540000000,1.0590000000,1.0520000000,1.0570000000,29948.0397000000,31632.6571688000,31632.6571688000,1,SRM-USDT
2020-11-30 12:00:00,1606708800000,1.0570000000,1.0570000000,1.0440000000,1.0470000000,42922.8541000000,44933.1987224000,44933.1987224000,1,SRM-USDT
2020-11-30 13:00:00,1606712400000,1.0480000000,1.0510000000,1.0390000000,1.0390000000,18883.5391000000,19755.5279361000,19755.5279361000,1,SRM-USDT
2020-11-30 14:00:00,1606716000000,1.0390000000,1.0390000000,1.0300000000,1.0380000000,83990.0276000000,86967.3651190000,86967.3651190000,1,SRM-USDT
2020-11-30 15:00:00,1606719600000,1.0380000000,1.0410000000,1.0300000000,1.0340000000,41739.7644000000,43298.1621638000,43298.1621638000,1,SRM-USDT
2020-11-30 16:00:00,1606723200000,1.0340000000,1.0350000000,1.0150000000,1.0270000000,86015.8987000000,88144.1299791000,88144.1299791000,1,SRM-USDT
2020-11-30 17:00:00,1606726800000,1.0270000000,1.0280000000,1.0130000000,1.0280000000,49438.5646000000,50439.4084593000,50439.4084593000,1,SRM-USDT
2020-11-30 18:00:00,1606730400000,1.0280000000,1.0330000000,1.0230000000,1.0270000000,37091.6926000000,38167.0017640000,38167.0017640000,1,SRM-USDT
2020-11-30 19:00:00,1606734000000,1.0270000000,1.0370000000,1.0270000000,1.0360000000,51881.1437000000,53615.3027717000,53615.3027717000,1,SRM-USDT
2020-11-30 20:00:00,1606737600000,1.0360000000,1.0440000000,1.0360000000,1.0400000000,75375.6647000000,78355.5574648000,78355.5574648000,1,SRM-USDT
2020-11-30 21:00:00,1606741200000,1.0400000000,1.0440000000,1.0280000000,1.0440000000,86764.7007000000,89732.3288405000,89732.3288405000,1,SRM-USDT
2020-11-30 22:00:00,1606744800000,1.0440000000,1.0760000000,1.0440000000,1.0640000000,303397.8288000000,322260.9889264000,322260.9889264000,1,SRM-USDT
2020-11-30 23:00:00,1606748400000,1.0640000000,1.0880000000,1.0490000000,1.0550000000,182580.6109000000,195340.8961823000,195340.8961823000,1,SRM-USDT
2020-12-01 00:00:00,1606752000000,1.0550000000,1.0740000000,1.0540000000,1.0620000000,90954.8936000000,96922.5859630000,96922.5859630000,1,SRM-USDT
2020-12-01 01:00:00,1606755600000,1.0620000000,1.0670000000,1.0560000000,1.0650000000,50479.1516000000,53645.7947587000,53645.7947587000,1,SRM-USDT
2020-12-01 02:00:00,1606759200000,1.0650000000,1.0760000000,1.0630000000,1.0640000000,55001.0500000000,58863.4556433000,58863.4556433000,1,SRM-USDT
2020-12-01 03:00:00,1606762800000,1.0640000000,1.0680000000,1.0600000000,1.0640000000,41588.3038000000,44270.3404504000,44270.3404504000,1,SRM-USDT
2020-12-01 04:00:00,1606766400000,1.0630000000,1.0670000000,1.0580000000,1.0640000000,30404.7404000000,32347.6330572000,32347.6330572000,1,SRM-USDT
2020-12-01 05:00:00,1606770000000,1.0650000000,1.0800000000,1.0640000000,1.0670000000,36977.0035000000,39648.5977397000,39648.5977397000,1,SRM-USDT
2020-12-01 06:00:00,1606773600000,1.0670000000,1.0680000000,1.0570000000,1.0660000000,32703.2488000000,34757.0852064000,34757.0852064000,1,SRM-USDT
2020-12-01 07:00:00,1606777200000,1.0660000000,1.0710000000,1.0580000000,1.0630000000,57822.2317000000,61559.3791626000,61559.3791626000,1,SRM-USDT
2020-12-01 08:00:00,1606780800000,1.0630000000,1.0720000000,1.0580000000,1.0630000000,61698.0009000000,65666.9294252000,65666.9294252000,1,SRM-USDT
2020-12-01 09:00:00,1606784400000,1.0630000000,1.0710000000,1.0570000000,1.0710000000,28969.7946000000,30821.7597084000,30821.7597084000,1,SRM-USDT
2020-12-01 10:00:00,1606788000000,1.0710000000,1.0990000000,1.0710000000,1.0960000000,142708.8090000000,155432.3408123000,155432.3408123000,1,SRM-USDT
2020-12-01 11:00:00,1606791600000,1.0960000000,1.0970000000,1.0850000000,1.0850000000,87308.8206000000,95224.6490999000,95224.6490999000,1,SRM-USDT
2020-12-01 12:00:00,1606795200000,1.0840000000,1.0970000000,1.0830000000,1.0890000000,68696.4827000000,74847.1806479000,74847.1806479000,1,SRM-USDT
2020-12-01 13:00:00,1606798800000,1.0890000000,1.1650000000,1.0890000000,1.1620000000,428337.5195000000,487460.6138061000,487460.6138061000,1,SRM-USDT
2020-12-01 14:00:00,1606802400000,1.1620000000,1.2370000000,1.1560000000,1.2160000000,521384.4643000000,625476.9834256000,625476.9834256000,1,SRM-USDT
2020-12-01 15:00:00,1606806000000,1.2160000000,1.2160000000,1.1930000000,1.2000000000,275962.9820000000,332727.9777604000,332727.9777604000,1,SRM-USDT
2020-12-01 16:00:00,1606809600000,1.1990000000,1.2080000000,1.1800000000,1.1850000000,216699.9699000000,258385.1998764000,258385.1998764000,1,SRM-USDT
2020-12-01 17:00:00,1606813200000,1.1850000000,1.2120000000,1.1840000000,1.2070000000,138216.3835000000,165630.9787534000,165630.9787534000,1,SRM-USDT
2020-12-01 18:00:00,1606816800000,1.2080000000,1.2080000000,1.1810000000,1.1840000000,154561.5648000000,183902.4845543000,183902.4845543000,1,SRM-USDT
2020-12-01 19:00:00,1606820400000,1.1840000000,1.1930000000,1.1520000000,1.1570000000,332520.4480000000,389534.7387189000,389534.7387189000,1,SRM-USDT
2020-12-01 20:00:00,1606824000000,1.1570000000,1.1630000000,1.0800000000,1.1030000000,449680.9177000000,505710.4851410000,505710.4851410000,1,SRM-USDT
2020-12-01 21:00:00,1606827600000,1.1050000000,1.1300000000,1.0870000000,1.1220000000,331071.9871000000,367519.9681736000,367519.9681736000,1,SRM-USDT
2020-12-01 22:00:00,1606831200000,1.1220000000,1.1630000000,1.1120000000,1.1550000000,183155.9638000000,209118.1765058000,209118.1765058000,1,SRM-USDT
2020-12-01 23:00:00,1606834800000,1.1550000000,1.3520000000,1.1500000000,1.2570000000,1677883.3226999999,2169827.4959018002,2169827.4959018002,1,SRM-USDT
2020-12-02 00:00:00,1606838400000,1.2550000000,1.2650000000,1.2010000000,1.2100000000,569417.4832000000,698105.5010787999,698105.5010787999,1,SRM-USDT
2020-12-02 01:00:00,1606842000000,1.2110000000,1.2250000000,1.1800000000,1.2220000000,323479.9215000000,388239.2933169000,388239.2933169000,1,SRM-USDT
2020-12-02 02:00:00,1606845600000,1.2220000000,1.2230000000,1.1770000000,1.1820000000,243063.7954000000,291080.9468918000,291080.9468918000,1,SRM-USDT
2020-12-02 03:00:00,1606849200000,1.1820000000,1.2260000000,1.1820000000,1.2210000000,120506.8134000000,146086.2291114000,146086.2291114000,1,SRM-USDT
2020-12-02 04:00:00,1606852800000,1.2200000000,1.2360000000,1.2080000000,1.2160000000,91708.5650000000,112455.1720218000,112455.1720218000,1,SRM-USDT
2020-12-02 05:00:00,1606856400000,1.2160000000,1.2520000000,1.2050000000,1.2410000000,95634.8454000000,117632.0081815000,117632.0081815000,1,SRM-USDT
2020-12-02 06:00:00,1606860000000,1.2420000000,1.2570000000,1.2140000000,1.2170000000,99302.8333000000,122553.6181432000,122553.6181432000,1,SRM-USDT
2020-12-02 07:00:00,1606863600000,1.2160000000,1.2180000000,1.1850000000,1.2020000000,177367.9733000000,213092.8895507000,213092.8895507000,1,SRM-USDT
2020-12-02 08:00:00,1606867200000,1.2020000000,1.2550000000,1.1820000000,1.2520000000,294145.4614000000,359938.0512086000,359938.0512086000,1,SRM-USDT
2020-12-02 09:00:00,1606870800000,1.2500000000,1.2830000000,1.2390000000,1.2740000000,281195.5604000000,354557.5734441000,354557.5734441000,1,SRM-USDT
2020-12-02 10:00:00,1606874400000,1.2740000000,1.2760000000,1.2180000000,1.2180000000,167567.2430000000,209195.5697269000,209195.5697269000,1,SRM-USDT
2020-12-02 11:00:00,1606878000000,1.2170000000,1.2320000000,1.2050000000,1.2100000000,175179.8328000000,212942.9360660000,212942.9360660000,1,SRM-USDT
2020-12-02 12:00:00,1606881600000,1.2100000000,1.2200000000,1.1860000000,1.2050000000,175529.1399000000,210305.6676944000,210305.6676944000,1,SRM-USDT
2020-12-02 13:00:00,1606885200000,1.2050000000,1.2110000000,1.1720000000,1.1870000000,153480.4958000000,181801.3779633000,181801.3779633000,1,SRM-USDT
2020-12-02 14:00:00,1606888800000,1.1870000000,1.1960000000,1.1840000000,1.1900000000,88672.7129000000,105635.9736156000,105635.9736156000,1,SRM-USDT
2020-12-02 15:00:00,1606892400000,1.1900000000,1.2180000000,1.1900000000,1.2140000000,135925.3145000000,164251.5828864000,164251.5828864000,1,SRM-USDT
2020-12-02 16:00:00,1606896000000,1.2140000000,1.2170000000,1.2020000000,1.2030000000,111956.2274000000,135422.9382892000,135422.9382892000,1,SRM-USDT
2020-12-02 17:00:00,1606899600000,1.2040000000,1.2170000000,1.1960000000,1.1970000000,102202.3959000000,123292.6142394000,123292.6142394000,1,SRM-USDT
2020-12-02 18:00:00,1606903200000,1.1970000000,1.2210000000,1.1900000000,1.2190000000,128832.3706000000,155209.7963624000,155209.7963624000,1,SRM-USDT
2020-12-02 19:00:00,1606906800000,1.2190000000,1.2300000000,1.2080000000,1.2180000000,146388.5135000000,178592.1846026000,178592.1846026000,1,SRM-USDT
2020-12-02 20:00:00,1606910400000,1.2180000000,1.2180000000,1.1870000000,1.1960000000,211960.6884000000,253419.1249366000,253419.1249366000,1,SRM-USDT
2020-12-02 21:00:00,1606914000000,1.1960000000,1.2450000000,1.1950000000,1.2370000000,224018.3522000000,273816.3254529000,273816.3254529000,1,SRM-USDT
2020-12-02 22:00:00,1606917600000,1.2360000000,1.2540000000,1.2210000000,1.2310000000,196968.8702000000,243806.5392020000,243806.5392020000,1,SRM-USDT
2020-12-02 23:00:00,1606921200000,1.2300000000,1.2300000000,1.2000000000,1.2070000000,157963.0450000000,191256.9905887000,191256.9905887000,1,SRM-USDT
2020-12-03 00:00:00,1606924800000,1.2070000000,1.2140000000,1.1910000000,1.1960000000,113324.7129000000,136501.6301501000,136501.6301501000,1,SRM-USDT
2020-12-03 01:00:00,1606928400000,1.1960000000,1.2210000000,1.1960000000,1.2180000000,53992.6985000000,65280.5838257000,65280.5838257000,1,SRM-USDT
2020-12-03 02:00:00,1606932000000,1.2180000000,1.2460000000,1.2130000000,1.2340000000,123740.6611000000,152543.6741526000,152543.6741526000,1,SRM-USDT
2020-12-03 03:00:00,1606935600000,1.2350000000,1.2400000000,1.2250000000,1.2310000000,52442.8825000000,64696.0055506000,64696.0055506000,1,SRM-USDT
2020-12-03 04:00:00,1606939200000,1.2320000000,1.2320000000,1.2200000000,1.2240000000,35543.5014000000,43489.8454123000,43489.8454123000,1,SRM-USDT
2020-12-03 05:00:00,1606942800000,1.2240000000,1.2350000000,1.2230000000,1.2330000000,38996.2492000000,47895.2962916000,47895.2962916000,1,SRM-USDT
2020-12-03 06:00:00,1606946400000,1.2330000000,1.2520000000,1.2190000000,1.2330000000,90692.6158000000,112543.7030560000,112543.7030560000,1,SRM-USDT
2020-12-03 07:00:00,1606950000000,1.2330000000,1.2350000000,1.2040000000,1.2130000000,129083.6707000000,156909.4715163000,156909.4715163000,1,SRM-USDT
2020-12-03 08:00:00,1606953600000,1.2130000000,1.2200000000,1.1980000000,1.2030000000,120660.1504000000,145895.0070662000,145895.0070662000,1,SRM-USDT
2020-12-03 09:00:00,1606957200000,1.2030000000,1.2050000000,1.1830000000,1.1960000000,96105.6788000000,114855.5324671000,114855.5324671000,1,SRM-USDT
2020-12-03 10:00:00,1606960800000,1.1970000000,1.2240000000,1.1960000000,1.2220000000,89656.6203000000,108970.3074245000,108970.3074245000,1,SRM-USDT
2020-12-03 11:00:00,1606964400000,1.2220000000,1.2340000000,1.2180000000,1.2210000000,80444.4080000000,98600.1551828000,98600.1551828000,1,SRM-USDT
2020-12-03 12:00:00,1606968000000,1.2210000000,1.2250000000,1.2120000000,1.2170000000,33320.6420000000,40691.4499575000,40691.4499575000,1,SRM-USDT
2020-12-03 13:00:00,1606971600000,1.2170000000,1.2250000000,1.1960000000,1.2050000000,112298.1626000000,136050.9514446000,136050.9514446000,1,SRM-USDT
2020-12-03 14:00:00,1606975200000,1.2050000000,1.2150000000,1.2020000000,1.2040000000,72197.5838000000,87104.0242457000,87104.0242457000,1,SRM-USDT
2020-12-03 15:00:00,1606978800000,1.2040000000,1.2090000000,1.1890000000,1.2080000000,82927.0741000000,99618.1443367000,99618.1443367000,1,SRM-USDT
2020-12-03 16:00:00,1606982400000,1.2080000000,1.2250000000,1.2060000000,1.2220000000,74559.5047000000,90690.9504989000,90690.9504989000,1,SRM-USDT
2020-12-03 17:00:00,1606986000000,1.2220000000,1.2440000000,1.2170000000,1.2240000000,95126.7069000000,116849.3490102000,116849.3490102000,1,SRM-USDT
2020-12-03 18:00:00,1606989600000,1.2250000000,1.2450000000,1.2190000000,1.2440000000,52109.0611000000,64081.4156265000,64081.4156265000,1,SRM-USDT
2020-12-03 19:00:00,1606993200000,1.2440000000,1.2500000000,1.2270000000,1.2320000000,104983.6410000000,129909.5826066000,129909.5826066000,1,SRM-USDT
2020-12-03 20:00:00,1606996800000,1.2310000000,1.2370000000,1.2110000000,1.2170000000,81298.2359000000,99364.5833155000,99364.5833155000,1,SRM-USDT
2020-12-03 21:00:00,1607000400000,1.2180000000,1.2240000000,1.2150000000,1.2160000000,46948.1334000000,57243.3960657000,57243.3960657000,1,SRM-USDT
2020-12-03 22:00:00,1607004000000,1.2160000000,1.2370000000,1.2160000000,1.2270000000,65216.7750000000,80089.5465790000,80089.5465790000,1,SRM-USDT
2020-12-03 23:00:00,1607007600000,1.2270000000,1.2600000000,1.2260000000,1.2500000000,127932.9674000000,159587.3204136000,159587.3204136000,1,SRM-USDT
2020-12-04 00:00:00,1607011200000,1.2500000000,1.2680000000,1.2230000000,1.2360000000,219840.2882000000,272584.5694932000,272584.5694932000,1,SRM-USDT
2020-12-04 01:00:00,1607014800000,1.2350000000,1.2400000000,1.2170000000,1.2270000000,59123.4463000000,72551.1240670000,72551.1240670000,1,SRM-USDT
2020-12-04 02:00:00,1607018400000,1.2280000000,1.2320000000,1.2280000000,1.2320000000,25538.1479000000,31424.6215485000,31424.6215485000,1,SRM-USDT
2020-12-04 03:00:00,1607022000000,1.2320000000,1.2320000000,1.2220000000,1.2260000000,48205.4981000000,59164.7980500000,59164.7980500000,1,SRM-USDT
2020-12-04 04:00:00,1607025600000,1.2260000000,1.2360000000,1.2190000000,1.2250000000,73695.0320000000,90386.8675252000,90386.8675252000,1,SRM-USDT
2020-12-04 05:00:00,1607029200000,1.2250000000,1.2300000000,1.2230000000,1.2280000000,16245.4659000000,19926.6729066000,19926.6729066000,1,SRM-USDT
2020-12-04 06:00:00,1607032800000,1.2280000000,1.2310000000,1.2280000000,1.2300000000,13850.8681000000,17021.6656640000,17021.6656640000,1,SRM-USDT
2020-12-04 07:00:00,1607036400000,1.2310000000,1.2530000000,1.2290000000,1.2450000000,155628.3127000000,193552.7396194000,193552.7396194000,1,SRM-USDT
2020-12-04 08:00:00,1607040000000,1.2450000000,1.2570000000,1.2440000000,1.2540000000,66794.5636000000,83601.5245979000,83601.5245979000,1,SRM-USDT
2020-12-04 09:00:00,1607043600000,1.2560000000,1.2560000000,1.2310000000,1.2330000000,83687.6776000000,103953.4428506000,103953.4428506000,1,SRM-USDT
2020-12-04 10:00:00,1607047200000,1.2330000000,1.2340000000,1.2020000000,1.2020000000,165071.7328000000,201136.3446941000,201136.3446941000,1,SRM-USDT
2020-12-04 11:00:00,1607050800000,1.2010000000,1.2030000000,1.1610000000,1.1770000000,242428.4123000000,288003.9575490000,288003.9575490000,1,SRM-USDT
2020-12-04 12:00:00,1607054400000,1.1770000000,1.1930000000,1.1730000000,1.1930000000,63344.4478000000,75241.8977268000,75241.8977268000,1,SRM-USDT
2020-12-04 13:00:00,1607058000000,1.1930000000,1.1950000000,1.1750000000,1.1770000000,47203.7252000000,56065.6039907000,56065.6039907000,1,SRM-USDT
2020-12-04 14:00:00,1607061600000,1.1760000000,1.1770000000,1.1710000000,1.1720000000,42507.8173000000,49919.7444641000,49919.7444641000,1,SRM-USDT
2020-12-04 15:00:00,1607065200000,1.1710000000,1.1840000000,1.1640000000,1.1690000000,66739.3121000000,78306.1392205000,78306.1392205000,1,SRM-USDT
2020-12-04 16:00:00,1607068800000,1.1670000000,1.1810000000,1.1670000000,1.1750000000,59720.0192000000,70115.9444559000,70115.9444559000,1,SRM-USDT
2020-12-04 17:00:00,1607072400000,1.1740000000,1.1760000000,1.1650000000,1.1660000000,43280.6410000000,50642.4738138000,50642.4738138000,1,SRM-USDT
2020-12-04 18:00:00,1607076000000,1.1660000000,1.1670000000,1.1160000000,1.1320000000,270849.9412000000,308844.8623132000,308844.8623132000,1,SRM-USDT
2020-12-04 19:00:00,1607079600000,1.1330000000,1.1380000000,1.1090000000,1.1100000000,83535.9650000000,94292.9609414000,94292.9609414000,1,SRM-USDT
2020-12-04 20:00:00,1607083200000,1.1080000000,1.1280000000,1.1030000000,1.1280000000,147284.2338000000,164542.0494940000,164542.0494940000,1,SRM-USDT
2020-12-04 21:00:00,1607086800000,1.1280000000,1.1290000000,1.1190000000,1.1250000000,62037.6350000000,69777.7537077000,69777.7537077000,1,SRM-USDT
2020-12-04 22:00:00,1607090400000,1.1250000000,1.1440000000,1.1200000000,1.1420000000,67131.3094000000,76019.3857501000,76019.3857501000,1,SRM-USDT
2020-12-04 23:00:00,1607094000000,1.1430000000,1.1460000000,1.1360000000,1.1390000000,49874.7954000000,56923.9873006000,56923.9873006000,1,SRM-USDT
2020-12-05 00:00:00,1607097600000,1.1380000000,1.1390000000,1.1210000000,1.1390000000,99162.4243000000,112159.5353344000,112159.5353344000,1,SRM-USDT
2020-12-05 01:00:00,1607101200000,1.1390000000,1.1430000000,1.1370000000,1.1420000000,22905.3915000000,26128.1716452000,26128.1716452000,1,SRM-USDT
2020-12-05 02:00:00,1607104800000,1.1400000000,1.1600000000,1.1400000000,1.1600000000,56358.4051000000,64714.5669217000,64714.5669217000,1,SRM-USDT
2020-12-05 03:00:00,1607108400000,1.1600000000,1.1680000000,1.1570000000,1.1670000000,32654.9093000000,37977.7092907000,37977.7092907000,1,SRM-USDT
2020-12-05 04:00:00,1607112000000,1.1670000000,1.1670000000,1.1510000000,1.1600000000,43662.3352000000,50588.0167351000,50588.0167351000,1,SRM-USDT
2020-12-05 05:00:00,1607115600000,1.1600000000,1.1620000000,1.1390000000,1.1460000000,55585.9882000000,64029.6682266000,64029.6682266000,1,SRM-USDT
2020-12-05 06:00:00,1607119200000,1.1460000000,1.1470000000,1.1100000000,1.1150000000,78423.6062000000,88353.4127640000,88353.4127640000,1,SRM-USDT
2020-12-05 07:00:00,1607122800000,1.1150000000,1.1340000000,1.1130000000,1.1160000000,54928.4855000000,61772.6464032000,61772.6464032000,1,SRM-USDT
2020-12-05 08:00:00,1607126400000,1.1160000000,1.1280000000,1.0990000000,1.1250000000,116339.1699000000,129353.5562549000,129353.5562549000,1,SRM-USDT
2020-12-05 09:00:00,1607130000000,1.1250000000,1.1250000000,1.1110000000,1.1130000000,40319.7896000000,45167.2121656000,45167.2121656000,1,SRM-USDT
2020-12-05 10:00:00,1607133600000,1.1130000000,1.1280000000,1.1130000000,1.1220000000,28945.4123000000,32457.0029613000,32457.0029613000,1,SRM-USDT
2020-12-05 11:00:00,1607137200000,1.1220000000,1.1290000000,1.1170000000,1.1240000000,24436.5048000000,27445.3491168000,27445.3491168000,1,SRM-USDT
2020-12-05 12:00:00,1607140800000,1.1240000000,1.1300000000,1.1240000000,1.1280000000,40273.6003000000,45429.9575866000,45429.9575866000,1,SRM-USDT
2020-12-05 13:00:00,1607144400000,1.1280000000,1.1390000000,1.1280000000,1.1360000000,42812.0234000000,48477.0736156000,48477.0736156000,1,SRM-USDT
2020-12-05 14:00:00,1607148000000,1.1360000000,1.1480000000,1.1360000000,1.1480000000,39206.3051000000,44792.9648218000,44792.9648218000,1,SRM-USDT
2020-12-05 15:00:00,1607151600000,1.1480000000,1.1540000000,1.1430000000,1.1480000000,48494.3528000000,55586.1988880000,55586.1988880000,1,SRM-USDT
2020-12-05 16:00:00,1607155200000,1.1490000000,1.1630000000,1.1490000000,1.1620000000,70550.5529000000,81714.6023201000,81714.6023201000,1,SRM-USDT
2020-12-05 17:00:00,1607158800000,1.1620000000,1.1650000000,1.1530000000,1.1650000000,40218.3563000000,46672.8276357000,46672.8276357000,1,SRM-USDT
2020-12-05 18:00:00,1607162400000,1.1650000000,1.1800000000,1.1630000000,1.1760000000,45978.3412000000,53775.2816830000,53775.2816830000,1,SRM-USDT
2020-12-05 19:00:00,1607166000000,1.1770000000,1.1770000000,1.1690000000,1.1720000000,49748.0368000000,58301.5765590000,58301.5765590000,1,SRM-USDT
2020-12-05 20:00:00,1607169600000,1.1720000000,1.1770000000,1.1700000000,1.1700000000,43458.0342000000,50944.3517130000,50944.3517130000,1,SRM-USDT
2020-12-05 21:00:00,1607173200000,1.1700000000,1.1700000000,1.1570000000,1.1630000000,48164.4714000000,56060.4916922000,56060.4916922000,1,SRM-USDT
2020-12-05 22:00:00,1607176800000,1.1630000000,1.1930000000,1.1630000000,1.1890000000,148610.0578000000,174844.2716105000,174844.2716105000,1,SRM-USDT
2020-12-05 23:00:00,1607180400000,1.1890000000,1.1960000000,1.1810000000,1.1850000000,86605.2365000000,102851.8641017000,102851.8641017000,1,SRM-USDT
2020-12-06 00:00:00,1607184000000,1.1850000000,1.1890000000,1.1690000000,1.1830000000,54265.1219000000,64138.0563209000,64138.0563209000,1,SRM-USDT
2020-12-06 01:00:00,1607187600000,1.1840000000,1.1840000000,1.1750000000,1.1840000000,42951.6394000000,50725.7969259000,50725.7969259000,1,SRM-USDT
2020-12-06 02:00:00,1607191200000,1.1840000000,1.1850000000,1.1820000000,1.1820000000,31449.8108000000,37232.7931023000,37232.7931023000,1,SRM-USDT
2020-12-06 03:00:00,1607194800000,1.1820000000,1.1830000000,1.1770000000,1.1790000000,12384.4020000000,14612.1349339000,14612.1349339000,1,SRM-USDT
2020-12-06 04:00:00,1607198400000,1.1800000000,1.1840000000,1.1690000000,1.1720000000,37443.9061000000,44024.7115398000,44024.7115398000,1,SRM-USDT
2020-12-06 05:00:00,1607202000000,1.1730000000,1.1810000000,1.1670000000,1.1670000000,57668.9057000000,67841.2281840000,67841.2281840000,1,SRM-USDT
2020-12-06 06:00:00,1607205600000,1.1670000000,1.1730000000,1.1670000000,1.1700000000,24400.7344000000,28554.5482288000,28554.5482288000,1,SRM-USDT
2020-12-06 07:00:00,1607209200000,1.1700000000,1.1790000000,1.1700000000,1.1780000000,28305.0872000000,33256.1744722000,33256.1744722000,1,SRM-USDT
2020-12-06 08:00:00,1607212800000,1.1760000000,1.1840000000,1.1750000000,1.1800000000,89325.4598000000,105320.5527911000,105320.5527911000,1,SRM-USDT
2020-12-06 09:00:00,1607216400000,1.1790000000,1.1810000000,1.1730000000,1.1750000000,28366.1063000000,33394.8982805000,33394.8982805000,1,SRM-USDT
2020-12-06 10:00:00,1607220000000,1.1740000000,1.1740000000,1.1660000000,1.1690000000,71586.2068000000,83811.7010275000,83811.7010275000,1,SRM-USDT
2020-12-06 11:00:00,1607223600000,1.1690000000,1.1690000000,1.1550000000,1.1600000000,49500.0964000000,57507.8479856000,57507.8479856000,1,SRM-USDT
2020-12-06 12:00:00,1607227200000,1.1600000000,1.1610000000,1.1540000000,1.1540000000,27312.5612000000,31614.1538700000,31614.1538700000,1,SRM-USDT
2020-12-06 13:00:00,1607230800000,1.1540000000,1.1560000000,1.1450000000,1.1510000000,21652.6395000000,24916.6087006000,24916.6087006000,1,SRM-USDT
2020-12-06 14:00:00,1607234400000,1.1490000000,1.1540000000,1.1480000000,1.1490000000,33365.6868000000,38400.9963511000,38400.9963511000,1,SRM-USDT
2020-12-06 15:00:00,1607238000000,1.1500000000,1.1530000000,1.1490000000,1.1530000000,21245.3899000000,24453.3660120000,24453.3660120000,1,SRM-USDT
2020-12-06 16:00:00,1607241600000,1.1530000000,1.1530000000,1.1230000000,1.1280000000,53230.4840000000,60641.6459549000,60641.6459549000,1,SRM-USDT
2020-12-06 17:00:00,1607245200000,1.1280000000,1.1360000000,1.1140000000,1.1280000000,91293.3750000000,102862.9496038000,102862.9496038000,1,SRM-USDT
2020-12-06 18:00:00,1607248800000,1.1280000000,1.1460000000,1.1260000000,1.1320000000,82208.5085000000,93099.2501787000,93099.2501787000,1,SRM-USDT
2020-12-06 19:00:00,1607252400000,1.1310000000,1.1400000000,1.1240000000,1.1380000000,47117.6965000000,53282.8992858000,53282.8992858000,1,SRM-USDT
2020-12-06 20:00:00,1607256000000,1.1390000000,1.1390000000,1.1230000000,1.1240000000,23266.7195000000,26335.5905660000,26335.5905660000,1,SRM-USDT
2020-12-06 21:00:00,1607259600000,1.1240000000,1.1310000000,1.1140000000,1.1240000000,41336.3938000000,46355.4941246000,46355.4941246000,1,SRM-USDT
2020-12-06 22:00:00,1607263200000,1.1230000000,1.1410000000,1.1210000000,1.1400000000,52221.9822000000,59209.5689744000,59209.5689744000,1,SRM-USDT
2020-12-06 23:00:00,1607266800000,1.1400000000,1.1460000000,1.1400000000,1.1460000000,30617.0914000000,34973.7686948000,34973.7686948000,1,SRM-USDT
2020-12-07 00:00:00,1607270400000,1.1450000000,1.1490000000,1.1390000000,1.1450000000,37154.7026000000,42489.8407167000,42489.8407167000,1,SRM-USDT
2020-12-07 01:00:00,1607274000000,1.1450000000,1.1510000000,1.1420000000,1.1430000000,21536.7875000000,24684.6428006000,24684.6428006000,1,SRM-USDT
2020-12-07 02:00:00,1607277600000,1.1430000000,1.1480000000,1.1390000000,1.1440000000,11240.8469000000,12875.7363195000,12875.7363195000,1,SRM-USDT
2020-12-07 03:00:00,1607281200000,1.1440000000,1.1510000000,1.1370000000,1.1500000000,32529.3549000000,37282.1277218000,37282.1277218000,1,SRM-USDT
2020-12-07 04:00:00,1607284800000,1.1500000000,1.1500000000,1.1460000000,1.1490000000,15420.0022000000,17705.8271597000,17705.8271597000,1,SRM-USDT
2020-12-07 05:00:00,1607288400000,1.1480000000,1.1480000000,1.1420000000,1.1450000000,34647.4292000000,39664.8908629000,39664.8908629000,1,SRM-USDT
2020-12-07 06:00:00,1607292000000,1.1450000000,1.1540000000,1.1360000000,1.1420000000,38400.0411000000,43986.1089631000,43986.1089631000,1,SRM-USDT
2020-12-07 07:00:00,1607295600000,1.1420000000,1.1520000000,1.1410000000,1.1510000000,31417.2225000000,36040.8136772000,36040.8136772000,1,SRM-USDT
2020-12-07 08:00:00,1607299200000,1.1510000000,1.1530000000,1.1470000000,1.1520000000,29979.8467000000,34507.0996310000,34507.0996310000,1,SRM-USDT
2020-12-07 09:00:00,1607302800000,1.1520000000,1.1530000000,1.1340000000,1.1370000000,32799.4727000000,37532.7392842000,37532.7392842000,1,SRM-USDT
2020-12-07 10:00:00,1607306400000,1.1380000000,1.1380000000,1.1300000000,1.1340000000,29589.0863000000,33617.6992333000,33617.6992333000,1,SRM-USDT
2020-12-07 11:00:00,1607310000000,1.1330000000,1.1340000000,1.1310000000,1.1330000000,25114.5512000000,28441.0889296000,28441.0889296000,1,SRM-USDT
2020-12-07 12:00:00,1607313600000,1.1320000000,1.1320000000,1.1230000000,1.1260000000,29344.1771000000,33051.3530238000,33051.3530238000,1,SRM-USDT
2020-12-07 13:00:00,1607317200000,1.1260000000,1.1320000000,1.1250000000,1.1300000000,50070.7062000000,56498.8716715000,56498.8716715000,1,SRM-USDT
2020-12-07 14:00:00,1607320800000,1.1300000000,1.1320000000,1.1280000000,1.1320000000,32913.8072000000,37204.4694596000,37204.4694596000,1,SRM-USDT
2020-12-07 15:00:00,1607324400000,1.1320000000,1.1340000000,1.1320000000,1.1330000000,18538.5295000000,21004.1707119000,21004.1707119000,1,SRM-USDT
2020-12-07 16:00:00,1607328000000,1.1330000000,1.1330000000,1.1240000000,1.1270000000,31840.9238000000,35920.2748519000,35920.2748519000,1,SRM-USDT
2020-12-07 17:00:00,1607331600000,1.1270000000,1.1310000000,1.1250000000,1.1260000000,21132.7723000000,23831.8022038000,23831.8022038000,1,SRM-USDT
2020-12-07 18:00:00,1607335200000,1.1260000000,1.1410000000,1.1170000000,1.1360000000,90625.0603000000,102609.3544020000,102609.3544020000,1,SRM-USDT
2020-12-07 19:00:00,1607338800000,1.1360000000,1.1420000000,1.1350000000,1.1360000000,48995.3512000000,55840.4397026000,55840.4397026000,1,SRM-USDT
2020-12-07 20:00:00,1607342400000,1.1360000000,1.1710000000,1.1360000000,1.1700000000,98876.8506000000,114096.4248049000,114096.4248049000,1,SRM-USDT
2020-12-07 21:00:00,1607346000000,1.1700000000,1.1730000000,1.1570000000,1.1650000000,139319.5239000000,162345.1331622000,162345.1331622000,1,SRM-USDT
2020-12-07 22:00:00,1607349600000,1.1650000000,1.1940000000,1.1580000000,1.1850000000,137394.7309000000,161613.1914555000,161613.1914555000,1,SRM-USDT
2020-12-07 23:00:00,1607353200000,1.1850000000,1.1960000000,1.1820000000,1.1940000000,110515.5878000000,131620.8800013000,131620.8800013000,1,SRM-USDT
2020-12-08 00:00:00,1607356800000,1.1940000000,1.1970000000,1.1820000000,1.1840000000,87436.5851000000,104066.6757567000,104066.6757567000,1,SRM-USDT
2020-12-08 01:00:00,1607360400000,1.1850000000,1.1950000000,1.1830000000,1.1910000000,70478.6348000000,83876.4658288000,83876.4658288000,1,SRM-USDT
2020-12-08 02:00:00,1607364000000,1.1910000000,1.1920000000,1.1630000000,1.1690000000,92161.9322000000,108595.5417718000,108595.5417718000,1,SRM-USDT
2020-12-08 03:00:00,1607367600000,1.1690000000,1.1720000000,1.1610000000,1.1680000000,47122.7568000000,55051.8085490000,55051.8085490000,1,SRM-USDT
2020-12-08 04:00:00,1607371200000,1.1680000000,1.1760000000,1.1640000000,1.1740000000,40361.2830000000,47186.9108294000,47186.9108294000,1,SRM-USDT
2020-12-08 05:00:00,1607374800000,1.1730000000,1.1800000000,1.1710000000,1.1780000000,53949.2808000000,63430.8287019000,63430.8287019000,1,SRM-USDT
2020-12-08 06:00:00,1607378400000,1.1800000000,1.1890000000,1.1790000000,1.1830000000,39865.6059000000,47219.2335167000,47219.2335167000,1,SRM-USDT
2020-12-08 07:00:00,1607382000000,1.1830000000,1.1860000000,1.1780000000,1.1840000000,32036.3200000000,37887.8896000000,37887.8896000000,1,SRM-USDT
2020-12-08 08:00:00,1607385600000,1.1840000000,1.1850000000,1.1750000000,1.1840000000,53065.7666000000,62702.2480983000,62702.2480983000,1,SRM-USDT
2020-12-08 09:00:00,1607389200000,1.1840000000,1.1850000000,1.1750000000,1.1830000000,43606.0174000000,51475.3658845000,51475.3658845000,1,SRM-USDT
2020-12-08 10:00:00,1607392800000,1.1830000000,1.1860000000,1.1800000000,1.1820000000,63525.2610000000,75259.4007620000,75259.4007620000,1,SRM-USDT
2020-12-08 11:00:00,1607396400000,1.1840000000,1.1860000000,1.1770000000,1.1790000000,53542.1850000000,63163.1192129000,63163.1192129000,1,SRM-USDT
2020-12-08 12:00:00,1607400000000,1.1780000000,1.1950000000,1.1760000000,1.1950000000,90817.6941000000,107839.5896171000,107839.5896171000,1,SRM-USDT
2020-12-08 13:00:00,1607403600000,1.1950000000,1.2200000000,1.1950000000,1.2170000000,185614.2155000000,223879.0571838000,223879.0571838000,1,SRM-USDT
2020-12-08 14:00:00,1607407200000,1.2180000000,1.2320000000,1.1980000000,1.2310000000,188939.4035000000,230296.3820470000,230296.3820470000,1,SRM-USDT
2020-12-08 15:00:00,1607410800000,1.2310000000,1.2330000000,1.2020000000,1.2150000000,156607.1560000000,191276.7739929000,191276.7739929000,1,SRM-USDT
2020-12-08 16:00:00,1607414400000,1.2160000000,1.2200000000,1.1690000000,1.1760000000,257577.2665000000,306634.7024879000,306634.7024879000,1,SRM-USDT
2020-12-08 17:00:00,1607418000000,1.1760000000,1.1790000000,1.1160000000,1.1190000000,265676.5803000000,303152.4666536000,303152.4666536000,1,SRM-USDT
2020-12-08 18:00:00,1607421600000,1.1190000000,1.1330000000,1.0990000000,1.1220000000,220670.4854000000,246828.0372663000,246828.0372663000,1,SRM-USDT
2020-12-08 19:00:00,1607425200000,1.1210000000,1.1300000000,1.1090000000,1.1150000000,153586.8599000000,171949.3831684000,171949.3831684000,1,SRM-USDT
2020-12-08 20:00:00,1607428800000,1.1150000000,1.1250000000,1.0990000000,1.1090000000,257103.3160000000,285732.4474416000,285732.4474416000,1,SRM-USDT
2020-12-08 21:00:00,1607432400000,1.1100000000,1.1280000000,1.1090000000,1.1280000000,78899.9790000000,88570.9691714000,88570.9691714000,1,SRM-USDT
2020-12-08 22:00:00,1607436000000,1.1290000000,1.1380000000,1.1250000000,1.1300000000,68516.8941000000,77533.4489634000,77533.4489634000,1,SRM-USDT
2020-12-08 23:00:00,1607439600000,1.1300000000,1.1320000000,1.1200000000,1.1230000000,52443.2470000000,59074.3466623000,59074.3466623000,1,SRM-USDT
2020-12-09 00:00:00,1607443200000,1.1220000000,1.1390000000,1.1140000000,1.1260000000,98329.5006000000,110651.5488945000,110651.5488945000,1,SRM-USDT
2020-12-09 01:00:00,1607446800000,1.1260000000,1.1330000000,1.1210000000,1.1330000000,47286.3502000000,53309.6293233000,53309.6293233000,1,SRM-USDT
2020-12-09 02:00:00,1607450400000,1.1310000000,1.1430000000,1.1260000000,1.1340000000,331787.7524000000,376903.5374214000,376903.5374214000,1,SRM-USDT
2020-12-09 03:00:00,1607454000000,1.1330000000,1.1460000000,1.1300000000,1.1340000000,37972.0067000000,43260.8256975000,43260.8256975000,1,SRM-USDT
2020-12-09 04:00:00,1607457600000,1.1340000000,1.1360000000,1.1080000000,1.1110000000,68179.4203000000,76514.2062975000,76514.2062975000,1,SRM-USDT
2020-12-09 05:00:00,1607461200000,1.1110000000,1.1250000000,1.1070000000,1.1190000000,78769.4777000000,87839.4649337000,87839.4649337000,1,SRM-USDT
2020-12-09 06:00:00,1607464800000,1.1190000000,1.1260000000,1.0700000000,1.0700000000,102878.9909000000,113061.0920444000,113061.0920444000,1,SRM-USDT
2020-12-09 07:00:00,1607468400000,1.0670000000,1.0890000000,1.0620000000,1.0740000000,232841.0554000000,251139.9624299000,251139.9624299000,1,SRM-USDT
2020-12-09 08:00:00,1607472000000,1.0730000000,1.0830000000,1.0590000000,1.0610000000,146692.0489000000,157130.7624844000,157130.7624844000,1,SRM-USDT
2020-12-09 09:00:00,1607475600000,1.0600000000,1.0770000000,1.0460000000,1.0690000000,205078.8268000000,218263.4556875000,218263.4556875000,1,SRM-USDT
2020-12-09 10:00:00,1607479200000,1.0690000000,1.0850000000,1.0670000000,1.0830000000,159256.6297000000,170997.9211619000,170997.9211619000,1,SRM-USDT
2020-12-09 11:00:00,1607482800000,1.0830000000,1.0930000000,1.0810000000,1.0920000000,48373.7228000000,52492.1073764000,52492.1073764000,1,SRM-USDT
2020-12-09 12:00:00,1607486400000,1.0920000000,1.0950000000,1.0690000000,1.0710000000,105937.3722000000,114675.8144221000,114675.8144221000,1,SRM-USDT
2020-12-09 13:00:00,1607490000000,1.0710000000,1.0790000000,1.0700000000,1.0730000000,72772.7257000000,78189.9924519000,78189.9924519000,1,SRM-USDT
2020-12-09 14:00:00,1607493600000,1.0740000000,1.0840000000,1.0730000000,1.0820000000,49987.1664000000,53878.4615346000,53878.4615346000,1,SRM-USDT
2020-12-09 15:00:00,1607497200000,1.0820000000,1.0880000000,1.0510000000,1.0530000000,93675.9628000000,99989.1299729000,99989.1299729000,1,SRM-USDT
2020-12-09 16:00:00,1607500800000,1.0520000000,1.0600000000,1.0360000000,1.0550000000,154024.2514000000,161301.0911666000,161301.0911666000,1,SRM-USDT
2020-12-09 17:00:00,1607504400000,1.0550000000,1.0820000000,1.0540000000,1.0790000000,62549.4172000000,66803.9542256000,66803.9542256000,1,SRM-USDT
2020-12-09 18:00:00,1607508000000,1.0790000000,1.0860000000,1.0740000000,1.0860000000,103336.8977000000,111492.4212645000,111492.4212645000,1,SRM-USDT
2020-12-09 19:00:00,1607511600000,1.0860000000,1.0940000000,1.0820000000,1.0880000000,90264.2611000000,98254.9087082000,98254.9087082000,1,SRM-USDT
2020-12-09 20:00:00,1607515200000,1.0880000000,1.0960000000,1.0750000000,1.0820000000,174215.8325000000,189043.0524146000,189043.0524146000,1,SRM-USDT
2020-12-09 21:00:00,1607518800000,1.0830000000,1.0950000000,1.0700000000,1.0930000000,192494.3552000000,208355.4047950000,208355.4047950000,1,SRM-USDT
2020-12-09 22:00:00,1607522400000,1.0940000000,1.1020000000,1.0780000000,1.1010000000,113544.9458000000,123788.8064652000,123788.8064652000,1,SRM-USDT
2020-12-09 23:00:00,1607526000000,1.1020000000,1.1020000000,1.0870000000,1.0930000000,184475.5590000000,202045.6494993000,202045.6494993000,1,SRM-USDT
2020-12-10 00:00:00,1607529600000,1.0930000000,1.1000000000,1.0880000000,1.0990000000,67373.9050000000,73780.7962658000,73780.7962658000,1,SRM-USDT
2020-12-10 01:00:00,1607533200000,1.0990000000,1.1040000000,1.0870000000,1.0960000000,32067.7822000000,35203.3280671000,35203.3280671000,1,SRM-USDT
2020-12-10 02:00:00,1607536800000,1.0980000000,1.1010000000,1.0910000000,1.0930000000,30433.1890000000,33379.0314848000,33379.0314848000,1,SRM-USDT
2020-12-10 03:00:00,1607540400000,1.0920000000,1.0980000000,1.0900000000,1.0910000000,52404.6848000000,57247.5901646000,57247.5901646000,1,SRM-USDT
2020-12-10 04:00:00,1607544000000,1.0920000000,1.0990000000,1.0890000000,1.0970000000,36189.6195000000,39549.2832671000,39549.2832671000,1,SRM-USDT
2020-12-10 05:00:00,1607547600000,1.0960000000,1.1040000000,1.0940000000,1.0950000000,79296.3367000000,87100.8553240000,87100.8553240000,1,SRM-USDT
2020-12-10 06:00:00,1607551200000,1.0950000000,1.1030000000,1.0950000000,1.1020000000,25140.4373000000,27602.8198300000,27602.8198300000,1,SRM-USDT
2020-12-10 07:00:00,1607554800000,1.1020000000,1.1040000000,1.0950000000,1.0980000000,18868.6058000000,20760.5730261000,20760.5730261000,1,SRM-USDT
2020-12-10 08:00:00,1607558400000,1.0990000000,1.1030000000,1.0890000000,1.0930000000,33477.4645000000,36631.5241752000,36631.5241752000,1,SRM-USDT
2020-12-10 09:00:00,1607562000000,1.0910000000,1.0960000000,1.0880000000,1.0960000000,59577.6821000000,65107.7070663000,65107.7070663000,1,SRM-USDT
2020-12-10 10:00:00,1607565600000,1.0960000000,1.1020000000,1.0910000000,1.0930000000,26541.3312000000,29134.8977371000,29134.8977371000,1,SRM-USDT
2020-12-10 11:00:00,1607569200000,1.0930000000,1.0990000000,1.0900000000,1.0920000000,20113.3872000000,22027.6717585000,22027.6717585000,1,SRM-USDT
2020-12-10 12:00:00,1607572800000,1.0920000000,1.0980000000,1.0870000000,1.0870000000,47346.4317000000,51751.2478833000,51751.2478833000,1,SRM-USDT
2020-12-10 13:00:00,1607576400000,1.0890000000,1.0900000000,1.0800000000,1.0830000000,36893.6548000000,40018.4253938000,40018.4253938000,1,SRM-USDT
2020-12-10 14:00:00,1607580000000,1.0850000000,1.0860000000,1.0720000000,1.0750000000,82187.8381000000,88520.8882474000,88520.8882474000,1,SRM-USDT
2020-12-10 15:00:00,1607583600000,1.0740000000,1.0870000000,1.0730000000,1.0830000000,32108.8123000000,34747.8559356000,34747.8559356000,1,SRM-USDT
2020-12-10 16:00:00,1607587200000,1.0820000000,1.0890000000,1.0820000000,1.0870000000,48410.1201000000,52620.1663109000,52620.1663109000,1,SRM-USDT
2020-12-10 17:00:00,1607590800000,1.0870000000,1.0890000000,1.0730000000,1.0740000000,44711.3121000000,48401.6513885000,48401.6513885000,1,SRM-USDT
2020-12-10 18:00:00,1607594400000,1.0730000000,1.0780000000,1.0510000000,1.0510000000,6013.4200000000,6412.2381739000,6412.2381739000,1,SRM-USDT
2020-12-10 19:00:00,1607598000000,1.0510000000,1.0590000000,1.0450000000,1.0480000000,52553.5698000000,55185.2182605000,55185.2182605000,1,SRM-USDT
2020-12-10 20:00:00,1607601600000,1.0480000000,1.0570000000,1.0440000000,1.0470000000,45347.5983000000,47628.5731345000,47628.5731345000,1,SRM-USDT
2020-12-10 21:00:00,1607605200000,1.0480000000,1.0490000000,1.0270000000,1.0490000000,113134.1827000000,117324.9714087000,117324.9714087000,1,SRM-USDT
2020-12-10 22:00:00,1607608800000,1.0490000000,1.0510000000,1.0290000000,1.0310000000,73258.4525000000,76050.2040715000,76050.2040715000,1,SRM-USDT
2020-12-10 23:00:00,1607612400000,1.0320000000,1.0450000000,1.0190000000,1.0440000000,73948.4895000000,76187.4705220000,76187.4705220000,1,SRM-USDT
2020-12-11 00:00:00,1607616000000,1.0440000000,1.0480000000,1.0380000000,1.0470000000,29103.6407000000,30364.7626222000,30364.7626222000,1,SRM-USDT
2020-12-11 01:00:00,1607619600000,1.0470000000,1.0470000000,1.0330000000,1.0400000000,73548.6879000000,76449.8265777000,76449.8265777000,1,SRM-USDT
2020-12-11 02:00:00,1607623200000,1.0400000000,1.0420000000,1.0370000000,1.0410000000,18300.7625000000,19016.2987366000,19016.2987366000,1,SRM-USDT
2020-12-11 03:00:00,1607626800000,1.0400000000,1.0470000000,1.0370000000,1.0470000000,20937.1558000000,21791.0241723000,21791.0241723000,1,SRM-USDT
2020-12-11 04:00:00,1607630400000,1.0480000000,1.0530000000,1.0480000000,1.0520000000,22912.8751000000,24062.5947260000,24062.5947260000,1,SRM-USDT
2020-12-11 05:00:00,1607634000000,1.0530000000,1.0540000000,1.0470000000,1.0490000000,35230.2965000000,37046.8185475000,37046.8185475000,1,SRM-USDT
2020-12-11 06:00:00,1607637600000,1.0510000000,1.0540000000,1.0470000000,1.0530000000,21719.4630000000,22844.7834732000,22844.7834732000,1,SRM-USDT
2020-12-11 07:00:00,1607641200000,1.0530000000,1.0560000000,1.0470000000,1.0490000000,38522.0073000000,40514.4414567000,40514.4414567000,1,SRM-USDT
2020-12-11 08:00:00,1607644800000,1.0500000000,1.0520000000,1.0140000000,1.0200000000,68916.7671000000,71225.7166935000,71225.7166935000,1,SRM-USDT
2020-12-11 09:00:00,1607648400000,1.0200000000,1.0240000000,1.0070000000,1.0120000000,95254.0681000000,96603.5424320000,96603.5424320000,1,SRM-USDT
2020-12-11 10:00:00,1607652000000,1.0120000000,1.0180000000,1.0040000000,1.0050000000,39284.7932000000,39635.6306322000,39635.6306322000,1,SRM-USDT
2020-12-11 11:00:00,1607655600000,1.0050000000,1.0150000000,0.9980000000,1.0150000000,83926.6745000000,84441.6282174000,84441.6282174000,1,SRM-USDT
2020-12-11 12:00:00,1607659200000,1.0100000000,1.0140000000,1.0060000000,1.0090000000,44086.5963000000,44532.2203789000,44532.2203789000,1,SRM-USDT
2020-12-11 13:00:00,1607662800000,1.0080000000,1.0150000000,1.0000000000,1.0040000000,32451.4753000000,32674.9644370000,32674.9644370000,1,SRM-USDT
2020-12-11 14:00:00,1607666400000,1.0040000000,1.0080000000,0.9830000000,0.9930000000,158994.4674000000,157411.0747116000,157411.0747116000,1,SRM-USDT
2020-12-11 15:00:00,1607670000000,0.9930000000,0.9940000000,0.9810000000,0.9910000000,49613.9777000000,48952.4631911000,48952.4631911000,1,SRM-USDT
2020-12-11 16:00:00,1607673600000,0.9910000000,1.0120000000,0.9910000000,1.0010000000,74563.9004000000,74848.2107147000,74848.2107147000,1,SRM-USDT
2020-12-11 17:00:00,1607677200000,1.0020000000,1.0020000000,0.9850000000,0.9910000000,58814.4823000000,58348.2731772000,58348.2731772000,1,SRM-USDT
2020-12-11 18:00:00,1607680800000,0.9910000000,1.0000000000,0.9810000000,0.9900000000,78809.4226000000,78127.2132634000,78127.2132634000,1,SRM-USDT
2020-12-11 19:00:00,1607684400000,0.9900000000,0.9920000000,0.9780000000,0.9890000000,96426.2340000000,94991.9828642000,94991.9828642000,1,SRM-USDT
2020-12-11 20:00:00,1607688000000,0.9890000000,1.0040000000,0.9810000000,1.0000000000,67930.0673000000,67685.3771603000,67685.3771603000,1,SRM-USDT
2020-12-11 21:00:00,1607691600000,0.9990000000,1.0070000000,0.9970000000,1.0050000000,98547.1070000000,98727.7089656000,98727.7089656000,1,SRM-USDT
2020-12-11 22:00:00,1607695200000,1.0050000000,1.0140000000,1.0030000000,1.0140000000,68385.5784000000,68892.1804592000,68892.1804592000,1,SRM-USDT
2020-12-11 23:00:00,1607698800000,1.0140000000,1.0470000000,1.0120000000,1.0300000000,166937.8361000000,171856.2083703000,171856.2083703000,1,SRM-USDT
2020-12-12 00:00:00,1607702400000,1.0300000000,1.0300000000,1.0250000000,1.0260000000,40909.8275000000,42070.3872182000,42070.3872182000,1,SRM-USDT
2020-12-12 01:00:00,1607706000000,1.0260000000,1.0330000000,1.0190000000,1.0320000000,32564.7789000000,33345.6869761000,33345.6869761000,1,SRM-USDT
2020-12-12 02:00:00,1607709600000,1.0320000000,1.0320000000,1.0240000000,1.0310000000,19742.8292000000,20311.5167647000,20311.5167647000,1,SRM-USDT
2020-12-12 03:00:00,1607713200000,1.0300000000,1.0370000000,1.0300000000,1.0310000000,20776.3536000000,21474.8591728000,21474.8591728000,1,SRM-USDT
2020-12-12 04:00:00,1607716800000,1.0320000000,1.0410000000,1.0270000000,1.0340000000,27421.4137000000,28336.8096401000,28336.8096401000,1,SRM-USDT
2020-12-12 05:00:00,1607720400000,1.0330000000,1.0390000000,1.0330000000,1.0380000000,12939.1162000000,13400.7955881000,13400.7955881000,1,SRM-USDT
2020-12-12 06:00:00,1607724000000,1.0380000000,1.0430000000,1.0320000000,1.0380000000,51803.9070000000,53891.5680396000,53891.5680396000,1,SRM-USDT
2020-12-12 07:00:00,1607727600000,1.0380000000,1.0380000000,1.0200000000,1.0200000000,61727.2684000000,63543.3894932000,63543.3894932000,1,SRM-USDT
2020-12-12 08:00:00,1607731200000,1.0200000000,1.0580000000,1.0180000000,1.0580000000,149206.8678000000,155557.3755606000,155557.3755606000,1,SRM-USDT
2020-12-12 09:00:00,1607734800000,1.0590000000,1.0600000000,1.0550000000,1.0560000000,81769.6001000000,86506.9526389000,86506.9526389000,1,SRM-USDT
2020-12-12 10:00:00,1607738400000,1.0560000000,1.0610000000,1.0560000000,1.0600000000,29376.6767000000,31105.6354549000,31105.6354549000,1,SRM-USDT
2020-12-12 11:00:00,1607742000000,1.0590000000,1.0660000000,1.0560000000,1.0580000000,36276.2416000000,38468.1985132000,38468.1985132000,1,SRM-USDT
2020-12-12 12:00:00,1607745600000,1.0590000000,1.0660000000,1.0580000000,1.0660000000,19940.1468000000,21178.9228736000,21178.9228736000,1,SRM-USDT
2020-12-12 13:00:00,1607749200000,1.0660000000,1.0680000000,1.0590000000,1.0600000000,23009.5028000000,24466.2512626000,24466.2512626000,1,SRM-USDT
2020-12-12 14:00:00,1607752800000,1.0600000000,1.0640000000,1.0560000000,1.0590000000,30782.2703000000,32666.8273736000,32666.8273736000,1,SRM-USDT
2020-12-12 15:00:00,1607756400000,1.0600000000,1.0690000000,1.0590000000,1.0680000000,49609.7755000000,52723.7984171000,52723.7984171000,1,SRM-USDT
2020-12-12 16:00:00,1607760000000,1.0680000000,1.0690000000,1.0590000000,1.0630000000,34625.2306000000,36789.5256860000,36789.5256860000,1,SRM-USDT
2020-12-12 17:00:00,1607763600000,1.0640000000,1.0680000000,1.0610000000,1.0620000000,21243.9826000000,22628.2019059000,22628.2019059000,1,SRM-USDT
2020-12-12 18:00:00,1607767200000,1.0630000000,1.0630000000,1.0530000000,1.0570000000,30797.3845000000,32565.3642537000,32565.3642537000,1,SRM-USDT
2020-12-12 19:00:00,1607770800000,1.0560000000,1.0660000000,1.0560000000,1.0650000000,18819.8412000000,19975.1529541000,19975.1529541000,1,SRM-USDT
2020-12-12 20:00:00,1607774400000,1.0640000000,1.0650000000,1.0560000000,1.0570000000,30578.4304000000,32440.8020455000,32440.8020455000,1,SRM-USDT
2020-12-12 21:00:00,1607778000000,1.0590000000,1.0590000000,1.0440000000,1.0470000000,39537.9000000000,41500.7366212000,41500.7366212000,1,SRM-USDT
2020-12-12 22:00:00,1607781600000,1.0470000000,1.0510000000,1.0380000000,1.0400000000,59264.4279000000,61842.4156739000,61842.4156739000,1,SRM-USDT
2020-12-12 23:00:00,1607785200000,1.0400000000,1.0420000000,1.0310000000,1.0410000000,43847.2511000000,45525.7554467000,45525.7554467000,1,SRM-USDT
2020-12-13 00:00:00,1607788800000,1.0410000000,1.0450000000,1.0390000000,1.0410000000,19372.7886000000,20182.6749764000,20182.6749764000,1,SRM-USDT
2020-12-13 01:00:00,1607792400000,1.0420000000,1.0420000000,1.0320000000,1.0410000000,70502.7309000000,73056.2097444000,73056.2097444000,1,SRM-USDT
2020-12-13 02:00:00,1607796000000,1.0410000000,1.0490000000,1.0410000000,1.0480000000,33569.5271000000,35045.1915974000,35045.1915974000,1,SRM-USDT
2020-12-13 03:00:00,1607799600000,1.0490000000,1.0530000000,1.0480000000,1.0500000000,15145.0398000000,15905.9700084000,15905.9700084000,1,SRM-USDT
2020-12-13 04:00:00,1607803200000,1.0520000000,1.0550000000,1.0490000000,1.0540000000,20226.1915000000,21273.2519181000,21273.2519181000,1,SRM-USDT
2020-12-13 05:00:00,1607806800000,1.0540000000,1.0580000000,1.0520000000,1.0570000000,17855.8881000000,18842.3316897000,18842.3316897000,1,SRM-USDT
2020-12-13 06:00:00,1607810400000,1.0570000000,1.0620000000,1.0510000000,1.0570000000,39842.4902000000,42113.0305275000,42113.0305275000,1,SRM-USDT
2020-12-13 07:00:00,1607814000000,1.0570000000,1.0570000000,1.0500000000,1.0510000000,11328.8401000000,11930.6179588000,11930.6179588000,1,SRM-USDT
2020-12-13 08:00:00,1607817600000,1.0510000000,1.0570000000,1.0420000000,1.0430000000,41267.1262000000,43283.7428071000,43283.7428071000,1,SRM-USDT
2020-12-13 09:00:00,1607821200000,1.0430000000,1.0460000000,1.0420000000,1.0420000000,30207.2545000000,31513.5397880000,31513.5397880000,1,SRM-USDT
2020-12-13 10:00:00,1607824800000,1.0420000000,1.0420000000,1.0370000000,1.0400000000,22475.6600000000,23367.8243444000,23367.8243444000,1,SRM-USDT
2020-12-13 11:00:00,1607828400000,1.0390000000,1.0390000000,1.0320000000,1.0330000000,30811.2901000000,31961.9174943000,31961.9174943000,1,SRM-USDT
2020-12-13 12:00:00,1607832000000,1.0330000000,1.0370000000,1.0330000000,1.0360000000,10857.8528000000,11244.7900179000,11244.7900179000,1,SRM-USDT
2020-12-13 13:00:00,1607835600000,1.0360000000,1.0400000000,1.0330000000,1.0350000000,33029.8724000000,34225.7458967000,34225.7458967000,1,SRM-USDT
2020-12-13 14:00:00,1607839200000,1.0350000000,1.0420000000,1.0350000000,1.0420000000,21751.5845000000,22612.2496181000,22612.2496181000,1,SRM-USDT
2020-12-13 15:00:00,1607842800000,1.0420000000,1.0540000000,1.0380000000,1.0530000000,70291.7128000000,73475.9161826000,73475.9161826000,1,SRM-USDT
2020-12-13 16:00:00,1607846400000,1.0540000000,1.0620000000,1.0530000000,1.0610000000,60341.3603000000,63782.5367030000,63782.5367030000,1,SRM-USDT
2020-12-13 17:00:00,1607850000000,1.0610000000,1.0630000000,1.0580000000,1.0620000000,32540.8212000000,34503.5437480000,34503.5437480000,1,SRM-USDT
2020-12-13 18:00:00,1607853600000,1.0620000000,1.0770000000,1.0620000000,1.0760000000,62184.6595000000,66652.9921145000,66652.9921145000,1,SRM-USDT
2020-12-13 19:00:00,1607857200000,1.0760000000,1.0780000000,1.0710000000,1.0780000000,44767.5007000000,48149.6474296000,48149.6474296000,1,SRM-USDT
2020-12-13 20:00:00,1607860800000,1.0780000000,1.0830000000,1.0740000000,1.0780000000,58176.7601000000,62693.7144882000,62693.7144882000,1,SRM-USDT
2020-12-13 21:00:00,1607864400000,1.0780000000,1.0830000000,1.0760000000,1.0770000000,27513.4564000000,29681.1066138000,29681.1066138000,1,SRM-USDT
2020-12-13 22:00:00,1607868000000,1.0770000000,1.0790000000,1.0730000000,1.0770000000,31863.1948000000,34293.4474722000,34293.4474722000,1,SRM-USDT
2020-12-13 23:00:00,1607871600000,1.0760000000,1.0780000000,1.0600000000,1.0670000000,61564.5994000000,65725.5158713000,65725.5158713000,1,SRM-USDT
2020-12-14 00:00:00,1607875200000,1.0670000000,1.0910000000,1.0670000000,1.0900000000,74111.4748000000,80086.9742193000,80086.9742193000,1,SRM-USDT
2020-12-14 01:00:00,1607878800000,1.0900000000,1.0910000000,1.0850000000,1.0880000000,57335.1533000000,62314.9940263000,62314.9940263000,1,SRM-USDT
2020-12-14 02:00:00,1607882400000,1.0880000000,1.0890000000,1.0850000000,1.0880000000,17058.1452000000,18547.0565408000,18547.0565408000,1,SRM-USDT
2020-12-14 03:00:00,1607886000000,1.0890000000,1.0890000000,1.0860000000,1.0860000000,13779.0607000000,14973.4718799000,14973.4718799000,1,SRM-USDT
2020-12-14 04:00:00,1607889600000,1.0860000000,1.0860000000,1.0760000000,1.0790000000,14000.3144000000,15126.5302743000,15126.5302743000,1,SRM-USDT
2020-12-14 05:00:00,1607893200000,1.0790000000,1.0820000000,1.0790000000,1.0820000000,3324.1786000000,3593.3867056000,3593.3867056000,1,SRM-USDT
2020-12-14 06:00:00,1607896800000,1.0820000000,1.0820000000,1.0670000000,1.0700000000,16431.6194000000,17642.4658096000,17642.4658096000,1,SRM-USDT
2020-12-14 07:00:00,1607900400000,1.0690000000,1.0720000000,1.0670000000,1.0710000000,17891.8142000000,19163.8875597000,19163.8875597000,1,SRM-USDT
2020-12-14 08:00:00,1607904000000,1.0710000000,1.0740000000,1.0520000000,1.0580000000,57246.5796000000,60842.3581074000,60842.3581074000,1,SRM-USDT
2020-12-14 09:00:00,1607907600000,1.0570000000,1.0600000000,1.0560000000,1.0590000000,15191.3444000000,16072.2415282000,16072.2415282000,1,SRM-USDT
2020-12-14 10:00:00,1607911200000,1.0590000000,1.0630000000,1.0580000000,1.0620000000,14127.2267000000,14998.5763248000,14998.5763248000,1,SRM-USDT
2020-12-14 11:00:00,1607914800000,1.0620000000,1.0650000000,1.0610000000,1.0620000000,12536.8060000000,13325.9271008000,13325.9271008000,1,SRM-USDT
2020-12-14 12:00:00,1607918400000,1.0620000000,1.0640000000,1.0500000000,1.0530000000,24150.4990000000,25533.3106418000,25533.3106418000,1,SRM-USDT
2020-12-14 13:00:00,1607922000000,1.0520000000,1.0550000000,1.0510000000,1.0510000000,16095.6581000000,16933.7296654000,16933.7296654000,1,SRM-USDT
2020-12-14 14:00:00,1607925600000,1.0520000000,1.0550000000,1.0510000000,1.0550000000,8622.4449000000,9078.6332705000,9078.6332705000,1,SRM-USDT
2020-12-14 15:00:00,1607929200000,1.0550000000,1.0600000000,1.0520000000,1.0560000000,34497.8233000000,36408.6587146000,36408.6587146000,1,SRM-USDT
2020-12-14 16:00:00,1607932800000,1.0550000000,1.0600000000,1.0550000000,1.0580000000,14607.8123000000,15450.2630782000,15450.2630782000,1,SRM-USDT
2020-12-14 17:00:00,1607936400000,1.0590000000,1.0620000000,1.0550000000,1.0600000000,20371.5898000000,21560.1910181000,21560.1910181000,1,SRM-USDT
2020-12-14 18:00:00,1607940000000,1.0590000000,1.0670000000,1.0480000000,1.0480000000,69280.0350000000,73241.7477590000,73241.7477590000,1,SRM-USDT
2020-12-14 19:00:00,1607943600000,1.0480000000,1.0510000000,1.0410000000,1.0460000000,23738.8821000000,24832.1706380000,24832.1706380000,1,SRM-USDT
2020-12-14 20:00:00,1607947200000,1.0470000000,1.0540000000,1.0410000000,1.0410000000,65654.1265000000,68613.6239305000,68613.6239305000,1,SRM-USDT
2020-12-14 21:00:00,1607950800000,1.0420000000,1.0430000000,1.0340000000,1.0410000000,99165.5738000000,102952.5804830000,102952.5804830000,1,SRM-USDT
2020-12-14 22:00:00,1607954400000,1.0410000000,1.0410000000,1.0340000000,1.0380000000,48364.2799000000,50149.8226578000,50149.8226578000,1,SRM-USDT
2020-12-14 23:00:00,1607958000000,1.0400000000,1.0480000000,1.0400000000,1.0460000000,100135.8067000000,104582.4612524000,104582.4612524000,1,SRM-USDT
2020-12-15 00:00:00,1607961600000,1.0460000000,1.0470000000,1.0400000000,1.0430000000,31158.6953000000,32537.4106707000,32537.4106707000,1,SRM-USDT
2020-12-15 01:00:00,1607965200000,1.0430000000,1.0450000000,1.0400000000,1.0440000000,24837.4428000000,25911.3805368000,25911.3805368000,1,SRM-USDT
2020-12-15 02:00:00,1607968800000,1.0450000000,1.0490000000,1.0450000000,1.0490000000,40750.2208000000,42665.0464876000,42665.0464876000,1,SRM-USDT
2020-12-15 03:00:00,1607972400000,1.0490000000,1.0500000000,1.0470000000,1.0470000000,37993.4689000000,39809.5408430000,39809.5408430000,1,SRM-USDT
2020-12-15 04:00:00,1607976000000,1.0470000000,1.0480000000,1.0430000000,1.0470000000,14901.8047000000,15590.2815655000,15590.2815655000,1,SRM-USDT
2020-12-15 05:00:00,1607979600000,1.0470000000,1.0530000000,1.0440000000,1.0480000000,52623.9417000000,55145.3555610000,55145.3555610000,1,SRM-USDT
2020-12-15 06:00:00,1607983200000,1.0480000000,1.0580000000,1.0480000000,1.0580000000,29388.7521000000,30926.7256996000,30926.7256996000,1,SRM-USDT
2020-12-15 07:00:00,1607986800000,1.0580000000,1.0590000000,1.0520000000,1.0590000000,59463.5656000000,62782.2169591000,62782.2169591000,1,SRM-USDT
2020-12-15 08:00:00,1607990400000,1.0590000000,1.0690000000,1.0590000000,1.0660000000,43775.1892000000,46575.7322961000,46575.7322961000,1,SRM-USDT
2020-12-15 09:00:00,1607994000000,1.0670000000,1.0720000000,1.0650000000,1.0690000000,70474.7170000000,75339.2195439000,75339.2195439000,1,SRM-USDT
2020-12-15 10:00:00,1607997600000,1.0690000000,1.0780000000,1.0680000000,1.0730000000,92253.4988000000,99095.8141617000,99095.8141617000,1,SRM-USDT
2020-12-15 11:00:00,1608001200000,1.0730000000,1.0860000000,1.0710000000,1.0850000000,135722.4622000000,146716.9489143000,146716.9489143000,1,SRM-USDT
2020-12-15 12:00:00,1608004800000,1.0850000000,1.0850000000,1.0690000000,1.0690000000,84614.3419000000,91356.5477412000,91356.5477412000,1,SRM-USDT
2020-12-15 13:00:00,1608008400000,1.0700000000,1.0750000000,1.0570000000,1.0600000000,160504.9890000000,170861.3833855000,170861.3833855000,1,SRM-USDT
2020-12-15 14:00:00,1608012000000,1.0600000000,1.0640000000,1.0590000000,1.0640000000,51337.2629000000,54498.8704238000,54498.8704238000,1,SRM-USDT
2020-12-15 15:00:00,1608015600000,1.0640000000,1.0690000000,1.0610000000,1.0680000000,39969.0703000000,42557.2705904000,42557.2705904000,1,SRM-USDT
2020-12-15 16:00:00,1608019200000,1.0680000000,1.0690000000,1.0620000000,1.0650000000,113383.0542000000,120812.0418666000,120812.0418666000,1,SRM-USDT
2020-12-15 17:00:00,1608022800000,1.0670000000,1.0720000000,1.0570000000,1.0720000000,50187.5097000000,53523.0661667000,53523.0661667000,1,SRM-USDT
2020-12-15 18:00:00,1608026400000,1.0720000000,1.0890000000,1.0690000000,1.0870000000,74711.4935000000,80509.4611768000,80509.4611768000,1,SRM-USDT
2020-12-15 19:00:00,1608030000000,1.0870000000,1.0930000000,1.0810000000,1.0920000000,69784.9794000000,75908.0945686000,75908.0945686000,1,SRM-USDT
2020-12-15 20:00:00,1608033600000,1.0920000000,1.1020000000,1.0850000000,1.0900000000,163878.7496000000,179580.9246254000,179580.9246254000,1,SRM-USDT
2020-12-15 21:00:00,1608037200000,1.0900000000,1.0940000000,1.0860000000,1.0930000000,48352.1739000000,52740.2257225000,52740.2257225000,1,SRM-USDT
2020-12-15 22:00:00,1608040800000,1.0930000000,1.0970000000,1.0820000000,1.0840000000,67365.9244000000,73271.5547565000,73271.5547565000,1,SRM-USDT
2020-12-15 23:00:00,1608044400000,1.0840000000,1.0930000000,1.0800000000,1.0930000000,107671.0639000000,116893.3874680000,116893.3874680000,1,SRM-USDT
2020-12-16 00:00:00,1608048000000,1.0920000000,1.1020000000,1.0870000000,1.0970000000,80470.8671000000,88164.7646362000,88164.7646362000,1,SRM-USDT
2020-12-16 01:00:00,1608051600000,1.0970000000,1.1110000000,1.0960000000,1.1110000000,102356.5769000000,113019.1691217000,113019.1691217000,1,SRM-USDT
2020-12-16 02:00:00,1608055200000,1.1110000000,1.1180000000,1.1060000000,1.1080000000,93611.2288000000,104078.4643087000,104078.4643087000,1,SRM-USDT
2020-12-16 03:00:00,1608058800000,1.1100000000,1.1260000000,1.1070000000,1.1250000000,84328.9633000000,94091.2945400000,94091.2945400000,1,SRM-USDT
2020-12-16 04:00:00,1608062400000,1.1250000000,1.1350000000,1.1230000000,1.1300000000,225356.8474000000,254125.1782741000,254125.1782741000,1,SRM-USDT
2020-12-16 05:00:00,1608066000000,1.1310000000,1.1340000000,1.1130000000,1.1190000000,94532.1685000000,106249.6961007000,106249.6961007000,1,SRM-USDT
2020-12-16 06:00:00,1608069600000,1.1200000000,1.1230000000,1.1140000000,1.1160000000,35684.6699000000,39972.6625926000,39972.6625926000,1,SRM-USDT
2020-12-16 07:00:00,1608073200000,1.1160000000,1.1280000000,1.1080000000,1.1260000000,97219.8103000000,108710.7004620000,108710.7004620000,1,SRM-USDT
2020-12-16 08:00:00,1608076800000,1.1290000000,1.1320000000,1.1080000000,1.1150000000,163751.2707000000,183276.0657129000,183276.0657129000,1,SRM-USDT
2020-12-16 09:00:00,1608080400000,1.1150000000,1.1150000000,1.0890000000,1.1040000000,151291.7081000000,166608.9369488000,166608.9369488000,1,SRM-USDT
2020-12-16 10:00:00,1608084000000,1.1040000000,1.1110000000,1.1040000000,1.1100000000,111231.9181000000,123340.4380191000,123340.4380191000,1,SRM-USDT
2020-12-16 11:00:00,1608087600000,1.1080000000,1.1100000000,1.0960000000,1.1090000000,65334.1430000000,72260.4586380000,72260.4586380000,1,SRM-USDT
2020-12-16 12:00:00,1608091200000,1.1090000000,1.1130000000,1.1040000000,1.1110000000,121324.9056000000,134597.6145448000,134597.6145448000,1,SRM-USDT
2020-12-16 13:00:00,1608094800000,1.1110000000,1.1380000000,1.1110000000,1.1350000000,201548.9602000000,228081.9004976000,228081.9004976000,1,SRM-USDT
2020-12-16 14:00:00,1608098400000,1.1350000000,1.1630000000,1.1340000000,1.1580000000,279373.6807000000,320919.9113480000,320919.9113480000,1,SRM-USDT
2020-12-16 15:00:00,1608102000000,1.1580000000,1.1660000000,1.1580000000,1.1620000000,299157.1277000000,347558.6088400000,347558.6088400000,1,SRM-USDT
2020-12-16 16:00:00,1608105600000,1.1640000000,1.1800000000,1.1560000000,1.1790000000,259002.7258000000,302074.5477332000,302074.5477332000,1,SRM-USDT
2020-12-16 17:00:00,1608109200000,1.1790000000,1.1960000000,1.1750000000,1.1920000000,404785.1009000000,479539.1705613000,479539.1705613000,1,SRM-USDT
2020-12-16 18:00:00,1608112800000,1.1920000000,1.1920000000,1.1640000000,1.1660000000,264382.8163000000,310892.3684616000,310892.3684616000,1,SRM-USDT
2020-12-16 19:00:00,1608116400000,1.1650000000,1.1660000000,1.1450000000,1.1500000000,280614.1857000000,323406.7393093000,323406.7393093000,1,SRM-USDT
2020-12-16 20:00:00,1608120000000,1.1500000000,1.1510000000,1.1200000000,1.1250000000,208511.2400000000,236636.9518656000,236636.9518656000,1,SRM-USDT
2020-12-16 21:00:00,1608123600000,1.1250000000,1.1380000000,1.1140000000,1.1370000000,186215.3348000000,209821.0314618000,209821.0314618000,1,SRM-USDT
2020-12-16 22:00:00,1608127200000,1.1380000000,1.1600000000,1.1320000000,1.1580000000,202678.6705000000,232082.4028843000,232082.4028843000,1,SRM-USDT
2020-12-16 23:00:00,1608130800000,1.1580000000,1.1910000000,1.1560000000,1.1910000000,265162.7345000000,310575.7930204000,310575.7930204000,1,SRM-USDT
2020-12-17 00:00:00,1608134400000,1.1910000000,1.2020000000,1.1820000000,1.1830000000,321933.9561000000,383517.9016508000,383517.9016508000,1,SRM-USDT
2020-12-17 01:00:00,1608138000000,1.1830000000,1.1850000000,1.1680000000,1.1780000000,135835.1789000000,160116.8280688000,160116.8280688000,1,SRM-USDT
2020-12-17 02:00:00,1608141600000,1.1810000000,1.1840000000,1.1670000000,1.1720000000,80082.5176000000,94228.8746312000,94228.8746312000,1,SRM-USDT
2020-12-17 03:00:00,1608145200000,1.1730000000,1.1890000000,1.1700000000,1.1850000000,49592.1391000000,58418.4411537000,58418.4411537000,1,SRM-USDT
2020-12-17 04:00:00,1608148800000,1.1870000000,1.1990000000,1.1780000000,1.1830000000,194891.4847000000,232131.8056377000,232131.8056377000,1,SRM-USDT
2020-12-17 05:00:00,1608152400000,1.1830000000,1.1860000000,1.1690000000,1.1770000000,135472.9708000000,159337.1878010000,159337.1878010000,1,SRM-USDT
2020-12-17 06:00:00,1608156000000,1.1770000000,1.1840000000,1.1730000000,1.1830000000,106905.3435000000,126020.1500987000,126020.1500987000,1,SRM-USDT
2020-12-17 07:00:00,1608159600000,1.1830000000,1.1860000000,1.1730000000,1.1860000000,205249.2310000000,241692.8808558000,241692.8808558000,1,SRM-USDT
2020-12-17 08:00:00,1608163200000,1.1860000000,1.2080000000,1.1860000000,1.2040000000,173591.0558000000,208277.3280382000,208277.3280382000,1,SRM-USDT
2020-12-17 09:00:00,1608166800000,1.2050000000,1.2100000000,1.1910000000,1.1930000000,140868.1222000000,169310.0276056000,169310.0276056000,1,SRM-USDT
2020-12-17 10:00:00,1608170400000,1.1920000000,1.1960000000,1.1810000000,1.1820000000,222667.2061000000,264330.0447240000,264330.0447240000,1,SRM-USDT
2020-12-17 11:00:00,1608174000000,1.1830000000,1.1830000000,1.1430000000,1.1490000000,263717.9773000000,305621.9940618000,305621.9940618000,1,SRM-USDT
2020-12-17 12:00:00,1608177600000,1.1490000000,1.1620000000,1.1450000000,1.1480000000,145867.9523000000,168287.4611936000,168287.4611936000,1,SRM-USDT
2020-12-17 13:00:00,1608181200000,1.1480000000,1.1600000000,1.1480000000,1.1550000000,103361.9772000000,119374.5982363000,119374.5982363000,1,SRM-USDT
2020-12-17 14:00:00,1608184800000,1.1550000000,1.1600000000,1.1480000000,1.1550000000,137397.8062000000,158734.8026999000,158734.8026999000,1,SRM-USDT
2020-12-17 15:00:00,1608188400000,1.1550000000,1.1690000000,1.1500000000,1.1660000000,145026.7076000000,168399.7568934000,168399.7568934000,1,SRM-USDT
2020-12-17 16:00:00,1608192000000,1.1660000000,1.1670000000,1.1450000000,1.1500000000,121622.1440000000,140778.0511306000,140778.0511306000,1,SRM-USDT
2020-12-17 17:00:00,1608195600000,1.1500000000,1.1520000000,1.1240000000,1.1310000000,297066.5110000000,337221.3737724000,337221.3737724000,1,SRM-USDT
2020-12-17 18:00:00,1608199200000,1.1310000000,1.1770000000,1.1290000000,1.1670000000,353631.1736000000,407375.1650612000,407375.1650612000,1,SRM-USDT
2020-12-17 19:00:00,1608202800000,1.1670000000,1.1690000000,1.1580000000,1.1610000000,60324.5723000000,70247.2241995000,70247.2241995000,1,SRM-USDT
2020-12-17 20:00:00,1608206400000,1.1630000000,1.1670000000,1.1530000000,1.1580000000,88838.9282000000,103009.1862444000,103009.1862444000,1,SRM-USDT
2020-12-17 21:00:00,1608210000000,1.1580000000,1.1760000000,1.1580000000,1.1610000000,145017.2857000000,169248.6248234000,169248.6248234000,1,SRM-USDT
2020-12-17 22:00:00,1608213600000,1.1610000000,1.1820000000,1.1600000000,1.1800000000,202281.6154000000,237580.8696028000,237580.8696028000,1,SRM-USDT
2020-12-17 23:00:00,1608217200000,1.1800000000,1.1930000000,1.1780000000,1.1910000000,183341.8789000000,217057.3857258000,217057.3857258000,1,SRM-USDT
2020-12-18 00:00:00,1608220800000,1.1910000000,1.2000000000,1.1820000000,1.1840000000,163328.6374000000,194582.2168713000,194582.2168713000,1,SRM-USDT
2020-12-18 01:00:00,1608224400000,1.1830000000,1.1860000000,1.1590000000,1.1590000000,83619.9295000000,98535.0692762000,98535.0692762000,1,SRM-USDT
2020-12-18 02:00:00,1608228000000,1.1580000000,1.1650000000,1.1360000000,1.1520000000,175918.0325000000,201908.6063899000,201908.6063899000,1,SRM-USDT
2020-12-18 03:00:00,1608231600000,1.1520000000,1.1570000000,1.1440000000,1.1450000000,132552.0505000000,152555.7083019000,152555.7083019000,1,SRM-USDT
2020-12-18 04:00:00,1608235200000,1.1460000000,1.1550000000,1.1290000000,1.1440000000,68678.0030000000,78516.5673941000,78516.5673941000,1,SRM-USDT
2020-12-18 05:00:00,1608238800000,1.1430000000,1.1440000000,1.1190000000,1.1340000000,106696.9986000000,120557.1471892000,120557.1471892000,1,SRM-USDT
2020-12-18 06:00:00,1608242400000,1.1350000000,1.1480000000,1.1310000000,1.1410000000,82125.3417000000,93650.9972720000,93650.9972720000,1,SRM-USDT
2020-12-18 07:00:00,1608246000000,1.1410000000,1.1440000000,1.1290000000,1.1400000000,59090.1641000000,67218.4990875000,67218.4990875000,1,SRM-USDT
2020-12-18 08:00:00,1608249600000,1.1390000000,1.1390000000,1.1110000000,1.1240000000,125986.7638000000,141356.9427950000,141356.9427950000,1,SRM-USDT
2020-12-18 09:00:00,1608253200000,1.1230000000,1.1360000000,1.1180000000,1.1310000000,92578.7501000000,104613.1743516000,104613.1743516000,1,SRM-USDT
2020-12-18 10:00:00,1608256800000,1.1300000000,1.1410000000,1.1300000000,1.1400000000,101017.8582000000,114787.0000379000,114787.0000379000,1,SRM-USDT
2020-12-18 11:00:00,1608260400000,1.1400000000,1.1400000000,1.1230000000,1.1280000000,73172.3500000000,82948.3877473000,82948.3877473000,1,SRM-USDT
2020-12-18 12:00:00,1608264000000,1.1260000000,1.1300000000,1.1190000000,1.1200000000,63502.3055000000,71298.9942605000,71298.9942605000,1,SRM-USDT
2020-12-18 13:00:00,1608267600000,1.1190000000,1.1270000000,1.1180000000,1.1270000000,25230.2452000000,28301.6775875000,28301.6775875000,1,SRM-USDT
2020-12-18 14:00:00,1608271200000,1.1260000000,1.1320000000,1.1220000000,1.1290000000,64142.7574000000,72294.8735481000,72294.8735481000,1,SRM-USDT
2020-12-18 15:00:00,1608274800000,1.1280000000,1.1570000000,1.1260000000,1.1510000000,120499.7806000000,137420.2497594000,137420.2497594000,1,SRM-USDT
2020-12-18 16:00:00,1608278400000,1.1520000000,1.1670000000,1.1490000000,1.1670000000,174521.1095000000,202205.1649523000,202205.1649523000,1,SRM-USDT
2020-12-18 17:00:00,1608282000000,1.1660000000,1.1780000000,1.1620000000,1.1730000000,240621.4268000000,281988.6664377000,281988.6664377000,1,SRM-USDT
2020-12-18 18:00:00,1608285600000,1.1730000000,1.1760000000,1.1610000000,1.1660000000,173179.5219000000,202238.3465867000,202238.3465867000,1,SRM-USDT
2020-12-18 19:00:00,1608289200000,1.1650000000,1.1660000000,1.1510000000,1.1580000000,140476.3674000000,162612.1577543000,162612.1577543000,1,SRM-USDT
2020-12-18 20:00:00,1608292800000,1.1580000000,1.1600000000,1.1450000000,1.1590000000,143181.6564000000,165189.2810443000,165189.2810443000,1,SRM-USDT
2020-12-18 21:00:00,1608296400000,1.1590000000,1.1640000000,1.1450000000,1.1450000000,101478.8385000000,117233.4625943000,117233.4625943000,1,SRM-USDT
2020-12-18 22:00:00,1608300000000,1.1440000000,1.1480000000,1.1370000000,1.1460000000,88455.5654000000,101104.7621193000,101104.7621193000,1,SRM-USDT
2020-12-18 23:00:00,1608303600000,1.1460000000,1.1500000000,1.1380000000,1.1450000000,65473.4526000000,74883.7536999000,74883.7536999000,1,SRM-USDT
2020-12-19 00:00:00,1608307200000,1.1460000000,1.1490000000,1.1350000000,1.1480000000,49868.7115000000,57096.8575896000,57096.8575896000,1,SRM-USDT
2020-12-19 01:00:00,1608310800000,1.1490000000,1.1650000000,1.1490000000,1.1610000000,69422.4373000000,80122.6727501000,80122.6727501000,1,SRM-USDT
2020-12-19 02:00:00,1608314400000,1.1610000000,1.1730000000,1.1600000000,1.1670000000,44236.4328000000,51581.4599137000,51581.4599137000,1,SRM-USDT
2020-12-19 03:00:00,1608318000000,1.1670000000,1.1730000000,1.1570000000,1.1610000000,55967.6831000000,65063.5475154000,65063.5475154000,1,SRM-USDT
2020-12-19 04:00:00,1608321600000,1.1610000000,1.1710000000,1.1540000000,1.1610000000,75587.2388000000,88065.3127391000,88065.3127391000,1,SRM-USDT
2020-12-19 05:00:00,1608325200000,1.1620000000,1.1660000000,1.1560000000,1.1630000000,82501.1090000000,95880.7426259000,95880.7426259000,1,SRM-USDT
2020-12-19 06:00:00,1608328800000,1.1630000000,1.1650000000,1.1570000000,1.1580000000,73703.7364000000,85519.5465474000,85519.5465474000,1,SRM-USDT
2020-12-19 07:00:00,1608332400000,1.1580000000,1.1590000000,1.1530000000,1.1580000000,96927.2481000000,112062.1720596000,112062.1720596000,1,SRM-USDT
2020-12-19 08:00:00,1608336000000,1.1580000000,1.1580000000,1.1510000000,1.1520000000,28549.3393000000,32951.5939099000,32951.5939099000,1,SRM-USDT
2020-12-19 09:00:00,1608339600000,1.1520000000,1.1590000000,1.1500000000,1.1590000000,55948.8418000000,64539.9507388000,64539.9507388000,1,SRM-USDT
2020-12-19 10:00:00,1608343200000,1.1580000000,1.1780000000,1.1580000000,1.1770000000,66626.1932000000,77884.3956311000,77884.3956311000,1,SRM-USDT
2020-12-19 11:00:00,1608346800000,1.1770000000,1.1860000000,1.1750000000,1.1840000000,137626.7853000000,162606.0867993000,162606.0867993000,1,SRM-USDT
2020-12-19 12:00:00,1608350400000,1.1820000000,1.2020000000,1.1800000000,1.2000000000,206495.3351000000,246371.1862110000,246371.1862110000,1,SRM-USDT
2020-12-19 13:00:00,1608354000000,1.2000000000,1.2050000000,1.1880000000,1.1890000000,155715.3598000000,186119.3135167000,186119.3135167000,1,SRM-USDT
2020-12-19 14:00:00,1608357600000,1.1890000000,1.1900000000,1.1790000000,1.1820000000,99244.6700000000,117490.7866564000,117490.7866564000,1,SRM-USDT
2020-12-19 15:00:00,1608361200000,1.1820000000,1.1900000000,1.1820000000,1.1860000000,64579.9133000000,76620.9780851000,76620.9780851000,1,SRM-USDT
2020-12-19 16:00:00,1608364800000,1.1860000000,1.1950000000,1.1850000000,1.1930000000,83033.3045000000,98670.0645457000,98670.0645457000,1,SRM-USDT
2020-12-19 17:00:00,1608368400000,1.1930000000,1.2060000000,1.1930000000,1.2000000000,179123.0726000000,214757.6338329000,214757.6338329000,1,SRM-USDT
2020-12-19 18:00:00,1608372000000,1.2000000000,1.2410000000,1.1990000000,1.2400000000,374655.6380000000,458195.8489081000,458195.8489081000,1,SRM-USDT
2020-12-19 19:00:00,1608375600000,1.2400000000,1.2450000000,1.2150000000,1.2180000000,201554.7537000000,248294.6367044000,248294.6367044000,1,SRM-USDT
2020-12-19 20:00:00,1608379200000,1.2190000000,1.2340000000,1.1720000000,1.2150000000,443949.4798000000,536297.1529680000,536297.1529680000,1,SRM-USDT
2020-12-19 21:00:00,1608382800000,1.2150000000,1.2330000000,1.2010000000,1.2240000000,149400.2283000000,181806.0016004000,181806.0016004000,1,SRM-USDT
2020-12-19 22:00:00,1608386400000,1.2240000000,1.2280000000,1.2000000000,1.2080000000,155405.2228000000,188514.0720789000,188514.0720789000,1,SRM-USDT
2020-12-19 23:00:00,1608390000000,1.2080000000,1.2130000000,1.2010000000,1.2100000000,84091.8579000000,101394.4009022000,101394.4009022000,1,SRM-USDT
2020-12-20 00:00:00,1608393600000,1.2110000000,1.2200000000,1.1910000000,1.1960000000,186772.4063000000,224460.2844158000,224460.2844158000,1,SRM-USDT
2020-12-20 01:00:00,1608397200000,1.1970000000,1.2070000000,1.1960000000,1.1970000000,108310.0616000000,129983.4515181000,129983.4515181000,1,SRM-USDT
2020-12-20 02:00:00,1608400800000,1.1970000000,1.2150000000,1.1970000000,1.2090000000,240679.7287000000,290630.1904405000,290630.1904405000,1,SRM-USDT
2020-12-20 03:00:00,1608404400000,1.2100000000,1.2500000000,1.2050000000,1.2490000000,393427.7535000000,484207.4911825000,484207.4911825000,1,SRM-USDT
2020-12-20 04:00:00,1608408000000,1.2490000000,1.2580000000,1.2410000000,1.2440000000,191287.6938000000,238839.4692631000,238839.4692631000,1,SRM-USDT
2020-12-20 05:00:00,1608411600000,1.2440000000,1.2480000000,1.2400000000,1.2450000000,64155.8436000000,79847.3937091000,79847.3937091000,1,SRM-USDT
2020-12-20 06:00:00,1608415200000,1.2450000000,1.2450000000,1.2280000000,1.2280000000,130419.5986000000,161673.6916183000,161673.6916183000,1,SRM-USDT
2020-12-20 07:00:00,1608418800000,1.2290000000,1.2290000000,1.2090000000,1.2130000000,71502.2595000000,87081.2113489000,87081.2113489000,1,SRM-USDT
2020-12-20 08:00:00,1608422400000,1.2130000000,1.2130000000,1.1720000000,1.1820000000,148452.5426000000,176770.6296551000,176770.6296551000,1,SRM-USDT
2020-12-20 09:00:00,1608426000000,1.1820000000,1.1860000000,1.1750000000,1.1800000000,163994.4380000000,193480.0999525000,193480.0999525000,1,SRM-USDT
2020-12-20 10:00:00,1608429600000,1.1800000000,1.1890000000,1.1800000000,1.1800000000,85641.1480000000,101235.4065602000,101235.4065602000,1,SRM-USDT
2020-12-20 11:00:00,1608433200000,1.1800000000,1.1880000000,1.1770000000,1.1780000000,61912.7808000000,73168.4004245000,73168.4004245000,1,SRM-USDT
2020-12-20 12:00:00,1608436800000,1.1770000000,1.1770000000,1.1490000000,1.1590000000,244577.7342000000,283470.0322291000,283470.0322291000,1,SRM-USDT
2020-12-20 13:00:00,1608440400000,1.1590000000,1.1680000000,1.1590000000,1.1680000000,36493.8688000000,42494.3140084000,42494.3140084000,1,SRM-USDT
2020-12-20 14:00:00,1608444000000,1.1670000000,1.1690000000,1.1630000000,1.1690000000,36921.2842000000,43062.1307451000,43062.1307451000,1,SRM-USDT
2020-12-20 15:00:00,1608447600000,1.1690000000,1.1840000000,1.1690000000,1.1820000000,67347.9751000000,79204.4946747000,79204.4946747000,1,SRM-USDT
2020-12-20 16:00:00,1608451200000,1.1830000000,1.1900000000,1.1810000000,1.1880000000,80815.8185000000,95874.2858082000,95874.2858082000,1,SRM-USDT
2020-12-20 17:00:00,1608454800000,1.1880000000,1.1960000000,1.1850000000,1.1880000000,100762.6697000000,119754.8818990000,119754.8818990000,1,SRM-USDT
2020-12-20 18:00:00,1608458400000,1.1890000000,1.1960000000,1.1620000000,1.1620000000,193526.1983000000,228355.6686338000,228355.6686338000,1,SRM-USDT
2020-12-20 19:00:00,1608462000000,1.1620000000,1.1700000000,1.1620000000,1.1670000000,55416.5870000000,64602.9390022000,64602.9390022000,1,SRM-USDT
2020-12-20 20:00:00,1608465600000,1.1660000000,1.1680000000,1.1530000000,1.1560000000,84994.4877000000,98520.7811972000,98520.7811972000,1,SRM-USDT
2020-12-20 21:00:00,1608469200000,1.1580000000,1.1720000000,1.1500000000,1.1720000000,137279.9958000000,158935.1000100000,158935.1000100000,1,SRM-USDT
2020-12-20 22:00:00,1608472800000,1.1690000000,1.1880000000,1.1690000000,1.1870000000,88545.1697000000,104338.0452932000,104338.0452932000,1,SRM-USDT
2020-12-20 23:00:00,1608476400000,1.1870000000,1.1890000000,1.1810000000,1.1850000000,85972.9115000000,101841.1952107000,101841.1952107000,1,SRM-USDT
2020-12-21 00:00:00,1608480000000,1.1850000000,1.1880000000,1.1820000000,1.1860000000,36145.1930000000,42842.9819813000,42842.9819813000,1,SRM-USDT
2020-12-21 01:00:00,1608483600000,1.1860000000,1.1940000000,1.1690000000,1.1720000000,130379.5663000000,154301.2789673000,154301.2789673000,1,SRM-USDT
2020-12-21 02:00:00,1608487200000,1.1720000000,1.1760000000,1.1640000000,1.1710000000,41494.5676000000,48561.4261960000,48561.4261960000,1,SRM-USDT
2020-12-21 03:00:00,1608490800000,1.1710000000,1.1710000000,1.1630000000,1.1650000000,37261.8173000000,43426.4068764000,43426.4068764000,1,SRM-USDT
2020-12-21 04:00:00,1608494400000,1.1660000000,1.1750000000,1.1540000000,1.1700000000,131999.8066000000,153748.0478139000,153748.0478139000,1,SRM-USDT
2020-12-21 05:00:00,1608498000000,1.1700000000,1.1730000000,1.1400000000,1.1400000000,222560.4960000000,256078.6081984000,256078.6081984000,1,SRM-USDT
2020-12-21 06:00:00,1608501600000,1.1400000000,1.1400000000,1.1180000000,1.1290000000,147154.7742000000,165840.6041763000,165840.6041763000,1,SRM-USDT
2020-12-21 07:00:00,1608505200000,1.1300000000,1.1380000000,1.1300000000,1.1350000000,59839.4055000000,67877.8757066000,67877.8757066000,1,SRM-USDT
2020-12-21 08:00:00,1608508800000,1.1340000000,1.1540000000,1.1240000000,1.1520000000,83700.5541000000,95686.1943333000,95686.1943333000,1,SRM-USDT
2020-12-21 09:00:00,1608512400000,1.1520000000,1.1630000000,1.1510000000,1.1610000000,44812.3942000000,51833.7614716000,51833.7614716000,1,SRM-USDT
2020-12-21 10:00:00,1608516000000,1.1610000000,1.1640000000,1.1520000000,1.1530000000,62299.0533000000,72035.5845175000,72035.5845175000,1,SRM-USDT
2020-12-21 11:00:00,1608519600000,1.1520000000,1.1570000000,1.1520000000,1.1540000000,62807.7623000000,72538.2330708000,72538.2330708000,1,SRM-USDT
2020-12-21 12:00:00,1608523200000,1.1540000000,1.1580000000,1.1500000000,1.1500000000,66565.3763000000,76910.7193288000,76910.7193288000,1,SRM-USDT
2020-12-21 13:00:00,1608526800000,1.1500000000,1.1560000000,1.1460000000,1.1550000000,56100.1112000000,64486.0795581000,64486.0795581000,1,SRM-USDT
2020-12-21 14:00:00,1608530400000,1.1550000000,1.1570000000,1.1490000000,1.1560000000,76755.5460000000,88571.5620332000,88571.5620332000,1,SRM-USDT
2020-12-21 15:00:00,1608534000000,1.1560000000,1.1660000000,1.1560000000,1.1600000000,100326.5657000000,116403.6945031000,116403.6945031000,1,SRM-USDT
2020-12-21 16:00:00,1608537600000,1.1610000000,1.1630000000,1.1220000000,1.1290000000,135916.7594000000,155489.1473154000,155489.1473154000,1,SRM-USDT
2020-12-21 17:00:00,1608541200000,1.1290000000,1.1320000000,1.0960000000,1.1010000000,192028.6394000000,213497.6472692000,213497.6472692000,1,SRM-USDT
2020-12-21 18:00:00,1608544800000,1.1010000000,1.1030000000,1.0530000000,1.0730000000,372597.2094000000,401518.7736293000,401518.7736293000,1,SRM-USDT
2020-12-21 19:00:00,1608548400000,1.0720000000,1.0790000000,1.0660000000,1.0660000000,188724.7742000000,202943.1751962000,202943.1751962000,1,SRM-USDT
2020-12-21 20:00:00,1608552000000,1.0650000000,1.0650000000,1.0500000000,1.0640000000,201010.5459000000,213079.3056739000,213079.3056739000,1,SRM-USDT
2020-12-21 21:00:00,1608555600000,1.0640000000,1.0770000000,1.0630000000,1.0740000000,223716.9512000000,240065.2074548000,240065.2074548000,1,SRM-USDT
2020-12-21 22:00:00,1608559200000,1.0740000000,1.0820000000,1.0650000000,1.0790000000,230234.4947000000,246811.1123678000,246811.1123678000,1,SRM-USDT
2020-12-21 23:00:00,1608562800000,1.0790000000,1.0800000000,1.0660000000,1.0720000000,278700.4574000000,299059.4484936000,299059.4484936000,1,SRM-USDT
2020-12-22 00:00:00,1608566400000,1.0710000000,1.0780000000,1.0610000000,1.0750000000,407502.4812000000,436550.0014912000,436550.0014912000,1,SRM-USDT
2020-12-22 01:00:00,1608570000000,1.0770000000,1.0820000000,1.0600000000,1.0630000000,341148.6017000000,363734.1777395000,363734.1777395000,1,SRM-USDT
2020-12-22 02:00:00,1608573600000,1.0620000000,1.0790000000,1.0600000000,1.0760000000,70858.9494000000,75772.8154601000,75772.8154601000,1,SRM-USDT
2020-12-22 03:00:00,1608577200000,1.0790000000,1.0830000000,1.0750000000,1.0760000000,36596.7990000000,39484.7331870000,39484.7331870000,1,SRM-USDT
2020-12-22 04:00:00,1608580800000,1.0760000000,1.0810000000,1.0730000000,1.0770000000,67156.7371000000,72309.6517978000,72309.6517978000,1,SRM-USDT
2020-12-22 05:00:00,1608584400000,1.0760000000,1.0840000000,1.0730000000,1.0830000000,85673.7872000000,92634.7006904000,92634.7006904000,1,SRM-USDT
2020-12-22 06:00:00,1608588000000,1.0840000000,1.0850000000,1.0780000000,1.0810000000,67852.4199000000,73389.0827913000,73389.0827913000,1,SRM-USDT
2020-12-22 07:00:00,1608591600000,1.0810000000,1.0820000000,1.0660000000,1.0660000000,39710.4330000000,42666.9742255000,42666.9742255000,1,SRM-USDT
2020-12-22 08:00:00,1608595200000,1.0660000000,1.0740000000,1.0610000000,1.0620000000,113651.7711000000,121301.5956652000,121301.5956652000,1,SRM-USDT
2020-12-22 09:00:00,1608598800000,1.0620000000,1.1530000000,1.0510000000,1.1170000000,459910.6310000000,501154.3565414000,501154.3565414000,1,SRM-USDT
2020-12-22 10:00:00,1608602400000,1.1170000000,1.1620000000,1.1170000000,1.1560000000,637014.8697000000,726174.9397040000,726174.9397040000,1,SRM-USDT
2020-12-22 11:00:00,1608606000000,1.1540000000,1.1550000000,1.1390000000,1.1420000000,140685.2756000000,161229.9948544000,161229.9948544000,1,SRM-USDT
2020-12-22 12:00:00,1608609600000,1.1430000000,1.1730000000,1.1430000000,1.1630000000,181369.5387000000,211090.4988431000,211090.4988431000,1,SRM-USDT
2020-12-22 13:00:00,1608613200000,1.1630000000,1.1640000000,1.1160000000,1.1170000000,245849.9461000000,280324.9578773000,280324.9578773000,1,SRM-USDT
2020-12-22 14:00:00,1608616800000,1.1170000000,1.1190000000,1.1000000000,1.1020000000,199463.3284000000,221202.7280252000,221202.7280252000,1,SRM-USDT
2020-12-22 15:00:00,1608620400000,1.1030000000,1.1110000000,1.0890000000,1.0960000000,142491.6149000000,156766.9382771000,156766.9382771000,1,SRM-USDT
2020-12-22 16:00:00,1608624000000,1.0950000000,1.1020000000,1.0570000000,1.0820000000,273616.2400000000,294882.3906938000,294882.3906938000,1,SRM-USDT
2020-12-22 17:00:00,1608627600000,1.0820000000,1.0940000000,1.0810000000,1.0930000000,158381.4607000000,172107.6130421000,172107.6130421000,1,SRM-USDT
2020-12-22 18:00:00,1608631200000,1.0930000000,1.0980000000,1.0870000000,1.0920000000,76851.2570000000,83981.9249448000,83981.9249448000,1,SRM-USDT
2020-12-22 19:00:00,1608634800000,1.0920000000,1.1320000000,1.0890000000,1.1200000000,311017.9321000000,346358.5851365000,346358.5851365000,1,SRM-USDT
2020-12-22 20:00:00,1608638400000,1.1200000000,1.1480000000,1.1140000000,1.1470000000,264573.2045000000,298837.0081362000,298837.0081362000,1,SRM-USDT
2020-12-22 21:00:00,1608642000000,1.1470000000,1.2270000000,1.1280000000,1.1680000000,595340.7531000000,691639.8235128000,691639.8235128000,1,SRM-USDT
2020-12-22 22:00:00,1608645600000,1.1680000000,1.1680000000,1.1390000000,1.1400000000,154496.2300000000,178093.0337729000,178093.0337729000,1,SRM-USDT
2020-12-22 23:00:00,1608649200000,1.1410000000,1.1450000000,1.1340000000,1.1340000000,169224.4886000000,192834.7706910000,192834.7706910000,1,SRM-USDT
2020-12-23 00:00:00,1608652800000,1.1350000000,1.1460000000,1.1260000000,1.1320000000,64598.4111000000,73335.9662740000,73335.9662740000,1,SRM-USDT
2020-12-23 01:00:00,1608656400000,1.1310000000,1.1340000000,1.1240000000,1.1270000000,34432.3500000000,38926.0992050000,38926.0992050000,1,SRM-USDT
2020-12-23 02:00:00,1608660000000,1.1270000000,1.1340000000,1.1270000000,1.1320000000,68488.2109000000,77328.6567730000,77328.6567730000,1,SRM-USDT
2020-12-23 03:00:00,1608663600000,1.1320000000,1.1360000000,1.1250000000,1.1320000000,56601.4436000000,63952.9953609000,63952.9953609000,1,SRM-USDT
2020-12-23 04:00:00,1608667200000,1.1340000000,1.1360000000,1.1150000000,1.1200000000,48303.3327000000,54301.5830630000,54301.5830630000,1,SRM-USDT
2020-12-23 05:00:00,1608670800000,1.1200000000,1.1240000000,1.1060000000,1.1110000000,70816.2887000000,79045.8517914000,79045.8517914000,1,SRM-USDT
2020-12-23 06:00:00,1608674400000,1.1110000000,1.1120000000,1.1040000000,1.1100000000,53039.2295000000,58738.7412891000,58738.7412891000,1,SRM-USDT
2020-12-23 07:00:00,1608678000000,1.1100000000,1.1200000000,1.1060000000,1.1140000000,105652.1143000000,117781.8550991000,117781.8550991000,1,SRM-USDT
2020-12-23 08:00:00,1608681600000,1.1140000000,1.1250000000,1.1100000000,1.1250000000,165361.1141000000,184868.3932548000,184868.3932548000,1,SRM-USDT
2020-12-23 09:00:00,1608685200000,1.1240000000,1.1250000000,1.0990000000,1.1040000000,70773.7562000000,78574.4244249000,78574.4244249000,1,SRM-USDT
2020-12-23 10:00:00,1608688800000,1.1020000000,1.1050000000,1.0870000000,1.0940000000,72850.6779000000,79620.8781571000,79620.8781571000,1,SRM-USDT
2020-12-23 11:00:00,1608692400000,1.0940000000,1.0990000000,1.0900000000,1.0960000000,88169.1517000000,96482.8909257000,96482.8909257000,1,SRM-USDT
2020-12-23 12:00:00,1608696000000,1.0960000000,1.0960000000,1.0750000000,1.0770000000,77332.7742000000,84065.0531021000,84065.0531021000,1,SRM-USDT
2020-12-23 13:00:00,1608699600000,1.0770000000,1.0780000000,1.0330000000,1.0500000000,294625.2765000000,309713.0261833000,309713.0261833000,1,SRM-USDT
2020-12-23 14:00:00,1608703200000,1.0500000000,1.0550000000,1.0460000000,1.0470000000,58788.5430000000,61809.8660261000,61809.8660261000,1,SRM-USDT
2020-12-23 15:00:00,1608706800000,1.0470000000,1.0690000000,1.0390000000,1.0630000000,101123.4481000000,106734.5693900000,106734.5693900000,1,SRM-USDT
2020-12-23 16:00:00,1608710400000,1.0620000000,1.0780000000,1.0590000000,1.0630000000,161593.7432000000,173095.3462069000,173095.3462069000,1,SRM-USDT
2020-12-23 17:00:00,1608714000000,1.0650000000,1.0650000000,1.0450000000,1.0550000000,100985.1986000000,106517.7534180000,106517.7534180000,1,SRM-USDT
2020-12-23 18:00:00,1608717600000,1.0550000000,1.0550000000,1.0260000000,1.0310000000,131081.6080000000,136074.1201142000,136074.1201142000,1,SRM-USDT
2020-12-23 19:00:00,1608721200000,1.0310000000,1.0310000000,0.9980000000,1.0140000000,280662.6177000000,283667.6388809000,283667.6388809000,1,SRM-USDT
2020-12-23 20:00:00,1608724800000,1.0130000000,1.0450000000,1.0090000000,1.0390000000,177261.1807000000,181625.2004378000,181625.2004378000,1,SRM-USDT
2020-12-23 21:00:00,1608728400000,1.0380000000,1.0390000000,1.0130000000,1.0160000000,129640.1390000000,133749.1508631000,133749.1508631000,1,SRM-USDT
2020-12-23 22:00:00,1608732000000,1.0170000000,1.0390000000,1.0070000000,1.0390000000,138958.1587000000,142191.5148879000,142191.5148879000,1,SRM-USDT
2020-12-23 23:00:00,1608735600000,1.0390000000,1.0420000000,1.0120000000,1.0140000000,106014.6021000000,109238.9273591000,109238.9273591000,1,SRM-USDT
2020-12-24 00:00:00,1608739200000,1.0150000000,1.0260000000,1.0000000000,1.0010000000,142445.2055000000,143971.4668986000,143971.4668986000,1,SRM-USDT
2020-12-24 01:00:00,1608742800000,1.0030000000,1.0140000000,1.0030000000,1.0130000000,79679.8490000000,80474.9958855000,80474.9958855000,1,SRM-USDT
2020-12-24 02:00:00,1608746400000,1.0130000000,1.0190000000,1.0120000000,1.0150000000,34024.5487000000,34542.4226656000,34542.4226656000,1,SRM-USDT
2020-12-24 03:00:00,1608750000000,1.0140000000,1.0140000000,1.0050000000,1.0110000000,60936.5667000000,61490.8494993000,61490.8494993000,1,SRM-USDT
2020-12-24 04:00:00,1608753600000,1.0120000000,1.0130000000,0.9630000000,0.9640000000,432443.3107000000,426073.7734119000,426073.7734119000,1,SRM-USDT
2020-12-24 05:00:00,1608757200000,0.9640000000,0.9650000000,0.9510000000,0.9570000000,213870.6389000000,204774.3929798000,204774.3929798000,1,SRM-USDT
2020-12-24 06:00:00,1608760800000,0.9570000000,1.0300000000,0.8710000000,0.9530000000,556421.4497999999,517878.0199204000,517878.0199204000,1,SRM-USDT
2020-12-24 07:00:00,1608764400000,0.9550000000,1.0080000000,0.9530000000,0.9800000000,328842.0655000000,324152.5090206000,324152.5090206000,1,SRM-USDT
2020-12-24 08:00:00,1608768000000,0.9820000000,0.9830000000,0.9470000000,0.9660000000,332546.0541000000,320637.4355265000,320637.4355265000,1,SRM-USDT
2020-12-24 09:00:00,1608771600000,0.9670000000,0.9910000000,0.9600000000,0.9900000000,107886.2841000000,105194.5172977000,105194.5172977000,1,SRM-USDT
2020-12-24 10:00:00,1608775200000,0.9890000000,0.9900000000,0.9580000000,0.9610000000,141798.2143000000,137958.9821462000,137958.9821462000,1,SRM-USDT
2020-12-24 11:00:00,1608778800000,0.9610000000,0.9660000000,0.9510000000,0.9570000000,128775.0883000000,123365.1655827000,123365.1655827000,1,SRM-USDT
2020-12-24 12:00:00,1608782400000,0.9570000000,0.9700000000,0.9490000000,0.9670000000,85460.8882000000,81933.4817418000,81933.4817418000,1,SRM-USDT
2020-12-24 13:00:00,1608786000000,0.9660000000,0.9760000000,0.9580000000,0.9740000000,76772.3892000000,74389.4768676000,74389.4768676000,1,SRM-USDT
2020-12-24 14:00:00,1608789600000,0.9750000000,0.9810000000,0.9480000000,0.9550000000,108368.0697000000,104194.0264114000,104194.0264114000,1,SRM-USDT
2020-12-24 15:00:00,1608793200000,0.9550000000,0.9800000000,0.9500000000,0.9740000000,98576.8120000000,95136.3062625000,95136.3062625000,1,SRM-USDT
2020-12-24 16:00:00,1608796800000,0.9750000000,0.9870000000,0.9640000000,0.9830000000,106896.8387000000,104380.0207001000,104380.0207001000,1,SRM-USDT
2020-12-24 17:00:00,1608800400000,0.9830000000,0.9980000000,0.9820000000,0.9970000000,57433.2864000000,56817.9843223000,56817.9843223000,1,SRM-USDT
2020-12-24 18:00:00,1608804000000,0.9970000000,0.9980000000,0.9810000000,0.9830000000,61699.3426000000,60971.1992645000,60971.1992645000,1,SRM-USDT
2020-12-24 19:00:00,1608807600000,0.9840000000,1.0030000000,0.9740000000,1.0000000000,62557.6803000000,61937.6068576000,61937.6068576000,1,SRM-USDT
2020-12-24 20:00:00,1608811200000,0.9990000000,1.0110000000,0.9870000000,1.0040000000,109334.2281000000,109208.9369240000,109208.9369240000,1,SRM-USDT
2020-12-24 21:00:00,1608814800000,1.0040000000,1.0360000000,1.0030000000,1.0300000000,115193.9766000000,117498.4075964000,117498.4075964000,1,SRM-USDT
2020-12-24 22:00:00,1608818400000,1.0290000000,1.0340000000,1.0130000000,1.0180000000,75520.4981000000,77229.1082520000,77229.1082520000,1,SRM-USDT
2020-12-24 23:00:00,1608822000000,1.0190000000,1.0260000000,1.0110000000,1.0230000000,43864.5592000000,44681.8758328000,44681.8758328000,1,SRM-USDT
2020-12-25 00:00:00,1608825600000,1.0230000000,1.0290000000,1.0130000000,1.0160000000,37664.7207000000,38406.6574309000,38406.6574309000,1,SRM-USDT
2020-12-25 01:00:00,1608829200000,1.0160000000,1.0220000000,1.0070000000,1.0220000000,28660.3461000000,29055.2075271000,29055.2075271000,1,SRM-USDT
2020-12-25 02:00:00,1608832800000,1.0210000000,1.0240000000,1.0170000000,1.0210000000,25399.0319000000,25909.1868176000,25909.1868176000,1,SRM-USDT
2020-12-25 03:00:00,1608836400000,1.0220000000,1.0250000000,1.0110000000,1.0120000000,34597.2558000000,35131.7529846000,35131.7529846000,1,SRM-USDT
2020-12-25 04:00:00,1608840000000,1.0140000000,1.0170000000,1.0060000000,1.0170000000,27181.2170000000,27468.0999241000,27468.0999241000,1,SRM-USDT
2020-12-25 05:00:00,1608843600000,1.0180000000,1.0450000000,1.0180000000,1.0400000000,55394.1624000000,57286.3504596000,57286.3504596000,1,SRM-USDT
2020-12-25 06:00:00,1608847200000,1.0380000000,1.0470000000,1.0380000000,1.0470000000,113923.5079000000,118805.5681997000,118805.5681997000,1,SRM-USDT
2020-12-25 07:00:00,1608850800000,1.0450000000,1.0470000000,1.0380000000,1.0450000000,70068.1747000000,73067.9028004000,73067.9028004000,1,SRM-USDT
2020-12-25 08:00:00,1608854400000,1.0430000000,1.0470000000,1.0320000000,1.0450000000,77051.6867000000,80103.7256375000,80103.7256375000,1,SRM-USDT
2020-12-25 09:00:00,1608858000000,1.0440000000,1.0460000000,1.0350000000,1.0420000000,74289.1807000000,77280.4046881000,77280.4046881000,1,SRM-USDT
2020-12-25 10:00:00,1608861600000,1.0410000000,1.0420000000,1.0390000000,1.0420000000,96237.5280000000,100169.6807622000,100169.6807622000,1,SRM-USDT
2020-12-25 11:00:00,1608865200000,1.0410000000,1.0410000000,1.0320000000,1.0350000000,57733.3778000000,59896.1576473000,59896.1576473000,1,SRM-USDT
2020-12-25 12:00:00,1608868800000,1.0340000000,1.0400000000,1.0340000000,1.0400000000,29523.7099000000,30651.5083874000,30651.5083874000,1,SRM-USDT
2020-12-25 13:00:00,1608872400000,1.0400000000,1.0400000000,1.0310000000,1.0380000000,44404.4168000000,46039.2710350000,46039.2710350000,1,SRM-USDT
2020-12-25 14:00:00,1608876000000,1.0380000000,1.0540000000,1.0360000000,1.0530000000,47144.4111000000,49363.6981340000,49363.6981340000,1,SRM-USDT
2020-12-25 15:00:00,1608879600000,1.0540000000,1.0540000000,1.0440000000,1.0510000000,29500.7977000000,30886.4965761000,30886.4965761000,1,SRM-USDT
2020-12-25 16:00:00,1608883200000,1.0500000000,1.0580000000,1.0500000000,1.0500000000,50240.0117000000,52969.5643947000,52969.5643947000,1,SRM-USDT
2020-12-25 17:00:00,1608886800000,1.0500000000,1.0590000000,1.0500000000,1.0560000000,39969.6799000000,42119.9770333000,42119.9770333000,1,SRM-USDT
2020-12-25 18:00:00,1608890400000,1.0570000000,1.0630000000,1.0490000000,1.0540000000,116956.2831000000,123674.1292560000,123674.1292560000,1,SRM-USDT
2020-12-25 19:00:00,1608894000000,1.0540000000,1.0630000000,1.0480000000,1.0530000000,88677.3260000000,93423.6593726000,93423.6593726000,1,SRM-USDT
2020-12-25 20:00:00,1608897600000,1.0530000000,1.0610000000,1.0440000000,1.0450000000,80255.2127000000,84647.9994501000,84647.9994501000,1,SRM-USDT
2020-12-25 21:00:00,1608901200000,1.0440000000,1.0510000000,1.0440000000,1.0490000000,29275.4935000000,30653.7441448000,30653.7441448000,1,SRM-USDT
2020-12-25 22:00:00,1608904800000,1.0490000000,1.0520000000,1.0280000000,1.0320000000,108347.5827000000,112299.8952559000,112299.8952559000,1,SRM-USDT
2020-12-25 23:00:00,1608908400000,1.0330000000,1.0370000000,1.0220000000,1.0270000000,53264.3959000000,54983.5219089000,54983.5219089000,1,SRM-USDT
2020-12-26 00:00:00,1608912000000,1.0270000000,1.0350000000,1.0060000000,1.0100000000,106339.9401000000,108395.3304296000,108395.3304296000,1,SRM-USDT
2020-12-26 01:00:00,1608915600000,1.0100000000,1.0110000000,0.9990000000,1.0070000000,128865.1153000000,129432.7428221000,129432.7428221000,1,SRM-USDT
2020-12-26 02:00:00,1608919200000,1.0040000000,1.0100000000,1.0000000000,1.0080000000,32848.0610000000,32972.2981349000,32972.2981349000,1,SRM-USDT
2020-12-26 03:00:00,1608922800000,1.0080000000,1.0220000000,1.0030000000,1.0210000000,69548.4549000000,70477.5087812000,70477.5087812000,1,SRM-USDT
2020-12-26 04:00:00,1608926400000,1.0210000000,1.0230000000,1.0160000000,1.0210000000,42695.0611000000,43527.6895673000,43527.6895673000,1,SRM-USDT
2020-12-26 05:00:00,1608930000000,1.0220000000,1.0250000000,1.0190000000,1.0230000000,15129.9787000000,15461.3132369000,15461.3132369000,1,SRM-USDT
2020-12-26 06:00:00,1608933600000,1.0220000000,1.0240000000,1.0200000000,1.0240000000,42276.2105000000,43188.0716156000,43188.0716156000,1,SRM-USDT
2020-12-26 07:00:00,1608937200000,1.0250000000,1.0350000000,1.0220000000,1.0320000000,23156.0793000000,23813.2782110000,23813.2782110000,1,SRM-USDT
2020-12-26 08:00:00,1608940800000,1.0320000000,1.0330000000,1.0220000000,1.0250000000,65962.6357000000,67667.9280562000,67667.9280562000,1,SRM-USDT
2020-12-26 09:00:00,1608944400000,1.0240000000,1.0270000000,1.0190000000,1.0240000000,19701.2324000000,20136.4224412000,20136.4224412000,1,SRM-USDT
2020-12-26 10:00:00,1608948000000,1.0240000000,1.0250000000,1.0180000000,1.0190000000,18282.4269000000,18663.2749913000,18663.2749913000,1,SRM-USDT
2020-12-26 11:00:00,1608951600000,1.0190000000,1.0310000000,1.0190000000,1.0300000000,26828.6707000000,27563.3930743000,27563.3930743000,1,SRM-USDT
2020-12-26 12:00:00,1608955200000,1.0280000000,1.0280000000,1.0180000000,1.0190000000,37555.6081000000,38410.7997028000,38410.7997028000,1,SRM-USDT
2020-12-26 13:00:00,1608958800000,1.0190000000,1.0200000000,1.0070000000,1.0090000000,35731.3966000000,36169.6610867000,36169.6610867000,1,SRM-USDT
2020-12-26 14:00:00,1608962400000,1.0090000000,1.0100000000,1.0050000000,1.0100000000,19230.9475000000,19366.5330715000,19366.5330715000,1,SRM-USDT
2020-12-26 15:00:00,1608966000000,1.0100000000,1.0110000000,0.9980000000,1.0030000000,46685.9380000000,46924.7096930000,46924.7096930000,1,SRM-USDT
2020-12-26 16:00:00,1608969600000,1.0030000000,1.0130000000,1.0020000000,1.0070000000,58766.6134000000,59277.3174821000,59277.3174821000,1,SRM-USDT
2020-12-26 17:00:00,1608973200000,1.0060000000,1.0080000000,0.9910000000,0.9960000000,38601.8348000000,38564.1014145000,38564.1014145000,1,SRM-USDT
2020-12-26 18:00:00,1608976800000,0.9960000000,0.9980000000,0.9770000000,0.9830000000,66652.1639000000,65749.9791995000,65749.9791995000,1,SRM-USDT
2020-12-26 19:00:00,1608980400000,0.9820000000,1.0040000000,0.9750000000,1.0030000000,74528.5740000000,73680.6989800000,73680.6989800000,1,SRM-USDT
2020-12-26 20:00:00,1608984000000,1.0020000000,1.0070000000,0.9970000000,1.0050000000,32143.8558000000,32226.1565977000,32226.1565977000,1,SRM-USDT
2020-12-26 21:00:00,1608987600000,1.0030000000,1.0070000000,0.9970000000,0.9980000000,22461.1845000000,22500.6663324000,22500.6663324000,1,SRM-USDT
2020-12-26 22:00:00,1608991200000,0.9990000000,1.0060000000,0.9960000000,1.0010000000,52585.4632000000,52613.9428596000,52613.9428596000,1,SRM-USDT
2020-12-26 23:00:00,1608994800000,1.0010000000,1.0010000000,0.9750000000,0.9780000000,154385.3245000000,152137.9381107000,152137.9381107000,1,SRM-USDT
2020-12-27 00:00:00,1608998400000,0.9780000000,1.0130000000,0.9750000000,1.0060000000,161328.1846000000,161228.9525530000,161228.9525530000,1,SRM-USDT
2020-12-27 01:00:00,1609002000000,1.0070000000,1.0070000000,0.9950000000,1.0020000000,38087.1968000000,38126.8612188000,38126.8612188000,1,SRM-USDT
2020-12-27 02:00:00,1609005600000,1.0010000000,1.0080000000,0.9980000000,1.0000000000,31803.3434000000,31903.1243790000,31903.1243790000,1,SRM-USDT
2020-12-27 03:00:00,1609009200000,1.0000000000,1.0010000000,0.9950000000,0.9970000000,21158.3506000000,21139.1182973000,21139.1182973000,1,SRM-USDT
2020-12-27 04:00:00,1609012800000,0.9970000000,1.0020000000,0.9930000000,1.0000000000,28556.8326000000,28461.9522181000,28461.9522181000,1,SRM-USDT
2020-12-27 05:00:00,1609016400000,0.9990000000,0.9990000000,0.9910000000,0.9910000000,100723.2346000000,100205.2165937000,100205.2165937000,1,SRM-USDT
2020-12-27 06:00:00,1609020000000,0.9920000000,0.9920000000,0.9750000000,0.9790000000,95312.8148000000,93738.8661364000,93738.8661364000,1,SRM-USDT
2020-12-27 07:00:00,1609023600000,0.9810000000,0.9860000000,0.9790000000,0.9840000000,47983.6466000000,47141.5372335000,47141.5372335000,1,SRM-USDT
2020-12-27 08:00:00,1609027200000,0.9830000000,0.9920000000,0.9800000000,0.9840000000,56780.5503000000,56018.5396620000,56018.5396620000,1,SRM-USDT
2020-12-27 09:00:00,1609030800000,0.9840000000,0.9910000000,0.9820000000,0.9880000000,71423.9589000000,70484.6797109000,70484.6797109000,1,SRM-USDT
2020-12-27 10:00:00,1609034400000,0.9880000000,1.0060000000,0.9880000000,0.9960000000,77210.5730000000,77048.7172369000,77048.7172369000,1,SRM-USDT
2020-12-27 11:00:00,1609038000000,0.9960000000,1.0000000000,0.9930000000,0.9970000000,23343.5560000000,23263.9528428000,23263.9528428000,1,SRM-USDT
2020-12-27 12:00:00,1609041600000,0.9970000000,0.9970000000,0.9910000000,0.9920000000,33481.1921000000,33296.3448224000,33296.3448224000,1,SRM-USDT
2020-12-27 13:00:00,1609045200000,0.9930000000,0.9960000000,0.9910000000,0.9920000000,25859.3001000000,25684.3076214000,25684.3076214000,1,SRM-USDT
2020-12-27 14:00:00,1609048800000,0.9920000000,0.9960000000,0.9840000000,0.9860000000,66704.4273000000,65894.1956185000,65894.1956185000,1,SRM-USDT
2020-12-27 15:00:00,1609052400000,0.9860000000,0.9990000000,0.9850000000,0.9950000000,75672.6919000000,75210.4167928000,75210.4167928000,1,SRM-USDT
2020-12-27 16:00:00,1609056000000,0.9960000000,0.9990000000,0.9770000000,0.9770000000,124473.1676000000,123300.1468393000,123300.1468393000,1,SRM-USDT
2020-12-27 17:00:00,1609059600000,0.9770000000,0.9890000000,0.9740000000,0.9770000000,51997.0765000000,50950.7332708000,50950.7332708000,1,SRM-USDT
2020-12-27 18:00:00,1609063200000,0.9770000000,0.9770000000,0.9650000000,0.9690000000,150870.2466000000,146552.1949293000,146552.1949293000,1,SRM-USDT
2020-12-27 19:00:00,1609066800000,0.9680000000,0.9740000000,0.9520000000,0.9670000000,135606.4927000000,130634.1680669000,130634.1680669000,1,SRM-USDT
2020-12-27 20:00:00,1609070400000,0.9650000000,0.9650000000,0.9430000000,0.9590000000,119946.6951000000,114549.2492736000,114549.2492736000,1,SRM-USDT
2020-12-27 21:00:00,1609074000000,0.9610000000,0.9710000000,0.9530000000,0.9710000000,57554.5953000000,55454.2393252000,55454.2393252000,1,SRM-USDT
2020-12-27 22:00:00,1609077600000,0.9690000000,1.0030000000,0.9680000000,1.0000000000,264616.3972000000,261417.8710814000,261417.8710814000,1,SRM-USDT
2020-12-27 23:00:00,1609081200000,1.0000000000,1.0170000000,0.9960000000,1.0150000000,188095.4650000000,189499.6846315000,189499.6846315000,1,SRM-USDT
2020-12-28 00:00:00,1609084800000,1.0150000000,1.0280000000,1.0050000000,1.0150000000,184731.0519000000,188077.1760054000,188077.1760054000,1,SRM-USDT
2020-12-28 01:00:00,1609088400000,1.0150000000,1.0150000000,1.0030000000,1.0090000000,55500.8120000000,55979.3364446000,55979.3364446000,1,SRM-USDT
2020-12-28 02:00:00,1609092000000,1.0100000000,1.0140000000,1.0070000000,1.0120000000,26554.3343000000,26871.8424391000,26871.8424391000,1,SRM-USDT
2020-12-28 03:00:00,1609095600000,1.0140000000,1.0290000000,1.0120000000,1.0290000000,32614.6143000000,33335.0655727000,33335.0655727000,1,SRM-USDT
2020-12-28 04:00:00,1609099200000,1.0290000000,1.0290000000,0.9920000000,0.9920000000,67944.2308000000,68427.6864445000,68427.6864445000,1,SRM-USDT
2020-12-28 05:00:00,1609102800000,0.9930000000,0.9990000000,0.9800000000,0.9960000000,59777.6395000000,59202.3790852000,59202.3790852000,1,SRM-USDT
2020-12-28 06:00:00,1609106400000,0.9980000000,1.0010000000,0.9900000000,1.0010000000,40740.5188000000,40533.2202232000,40533.2202232000,1,SRM-USDT
2020-12-28 07:00:00,1609110000000,1.0010000000,1.0080000000,0.9960000000,1.0000000000,63861.1110000000,64052.1142486000,64052.1142486000,1,SRM-USDT
2020-12-28 08:00:00,1609113600000,1.0000000000,1.0940000000,1.0000000000,1.0420000000,687370.5974000000,718987.4507346000,718987.4507346000,1,SRM-USDT
2020-12-28 09:00:00,1609117200000,1.0400000000,1.0430000000,1.0220000000,1.0300000000,107825.2789000000,111413.5196539000,111413.5196539000,1,SRM-USDT
2020-12-28 10:00:00,1609120800000,1.0300000000,1.0320000000,1.0210000000,1.0240000000,111086.7383000000,113986.6266094000,113986.6266094000,1,SRM-USDT
2020-12-28 11:00:00,1609124400000,1.0240000000,1.0260000000,1.0190000000,1.0210000000,41617.2250000000,42530.8052554000,42530.8052554000,1,SRM-USDT
2020-12-28 12:00:00,1609128000000,1.0200000000,1.0220000000,1.0150000000,1.0180000000,29762.5666000000,30294.7680877000,30294.7680877000,1,SRM-USDT
2020-12-28 13:00:00,1609131600000,1.0180000000,1.0300000000,1.0180000000,1.0260000000,40457.5662000000,41491.2483127000,41491.2483127000,1,SRM-USDT
2020-12-28 14:00:00,1609135200000,1.0250000000,1.0300000000,1.0230000000,1.0290000000,52991.5554000000,54405.1146056000,54405.1146056000,1,SRM-USDT
2020-12-28 15:00:00,1609138800000,1.0290000000,1.0510000000,1.0290000000,1.0490000000,136898.0487000000,142851.5173706000,142851.5173706000,1,SRM-USDT
2020-12-28 16:00:00,1609142400000,1.0490000000,1.0530000000,1.0340000000,1.0510000000,90897.9725000000,95005.5404210000,95005.5404210000,1,SRM-USDT
2020-12-28 17:00:00,1609146000000,1.0510000000,1.0540000000,1.0430000000,1.0530000000,143788.6438000000,150973.4047678000,150973.4047678000,1,SRM-USDT
2020-12-28 18:00:00,1609149600000,1.0530000000,1.0540000000,1.0380000000,1.0440000000,96472.1893000000,101033.3179848000,101033.3179848000,1,SRM-USDT
2020-12-28 19:00:00,1609153200000,1.0450000000,1.0480000000,1.0380000000,1.0430000000,64259.0649000000,67056.2460232000,67056.2460232000,1,SRM-USDT
2020-12-28 20:00:00,1609156800000,1.0440000000,1.0460000000,1.0190000000,1.0260000000,72250.8100000000,74357.4947897000,74357.4947897000,1,SRM-USDT
2020-12-28 21:00:00,1609160400000,1.0250000000,1.0300000000,1.0140000000,1.0290000000,59575.9073000000,60938.6164622000,60938.6164622000,1,SRM-USDT
2020-12-28 22:00:00,1609164000000,1.0280000000,1.0310000000,1.0200000000,1.0230000000,58000.1305000000,59539.5318047000,59539.5318047000,1,SRM-USDT
2020-12-28 23:00:00,1609167600000,1.0230000000,1.0240000000,1.0130000000,1.0170000000,134368.1994000000,137028.6787736000,137028.6787736000,1,SRM-USDT
2020-12-29 00:00:00,1609171200000,1.0170000000,1.0270000000,1.0130000000,1.0210000000,103607.4662000000,105635.1427841000,105635.1427841000,1,SRM-USDT
2020-12-29 01:00:00,1609174800000,1.0200000000,1.0280000000,1.0180000000,1.0260000000,33368.8018000000,34120.1399853000,34120.1399853000,1,SRM-USDT
2020-12-29 02:00:00,1609178400000,1.0260000000,1.0280000000,1.0150000000,1.0170000000,64233.0772000000,65684.6178448000,65684.6178448000,1,SRM-USDT
2020-12-29 03:00:00,1609182000000,1.0180000000,1.0230000000,1.0180000000,1.0190000000,99885.5829000000,101930.2925688000,101930.2925688000,1,SRM-USDT
2020-12-29 04:00:00,1609185600000,1.0190000000,1.0220000000,1.0020000000,1.0070000000,54721.2225000000,55326.5824673000,55326.5824673000,1,SRM-USDT
2020-12-29 05:00:00,1609189200000,1.0070000000,1.0210000000,1.0060000000,1.0110000000,53097.3018000000,53734.4253691000,53734.4253691000,1,SRM-USDT
2020-12-29 06:00:00,1609192800000,1.0110000000,1.0240000000,0.9960000000,1.0040000000,153414.3492000000,154640.0867017000,154640.0867017000,1,SRM-USDT
2020-12-29 07:00:00,1609196400000,1.0040000000,1.0160000000,0.9990000000,1.0140000000,68254.8173000000,68679.6852483000,68679.6852483000,1,SRM-USDT
2020-12-29 08:00:00,1609200000000,1.0150000000,1.1500000000,1.0150000000,1.0500000000,1388856.3363999999,1517034.3107646999,1517034.3107646999,1,SRM-USDT
2020-12-29 09:00:00,1609203600000,1.0490000000,1.0650000000,1.0390000000,1.0640000000,172884.2664000000,181892.6584998000,181892.6584998000,1,SRM-USDT
2020-12-29 10:00:00,1609207200000,1.0630000000,1.0890000000,1.0600000000,1.0820000000,184342.4043000000,198168.3955696000,198168.3955696000,1,SRM-USDT
2020-12-29 11:00:00,1609210800000,1.0820000000,1.0830000000,1.0430000000,1.0430000000,148399.4677000000,157158.8373199000,157158.8373199000,1,SRM-USDT
2020-12-29 12:00:00,1609214400000,1.0420000000,1.0510000000,1.0260000000,1.0500000000,165643.8551000000,172513.9966243000,172513.9966243000,1,SRM-USDT
2020-12-29 13:00:00,1609218000000,1.0510000000,1.0510000000,1.0250000000,1.0460000000,172797.2113000000,179836.8698219000,179836.8698219000,1,SRM-USDT
2020-12-29 14:00:00,1609221600000,1.0460000000,1.0730000000,1.0390000000,1.0630000000,143961.4986000000,151954.9229066000,151954.9229066000,1,SRM-USDT
2020-12-29 15:00:00,1609225200000,1.0620000000,1.0690000000,1.0480000000,1.0570000000,106147.1964000000,112414.3953007000,112414.3953007000,1,SRM-USDT
2020-12-29 16:00:00,1609228800000,1.0580000000,1.0710000000,1.0560000000,1.0680000000,133391.9215000000,141723.9587538000,141723.9587538000,1,SRM-USDT
2020-12-29 17:00:00,1609232400000,1.0680000000,1.1040000000,1.0620000000,1.1020000000,210122.1974000000,228562.0672125000,228562.0672125000,1,SRM-USDT
2020-12-29 18:00:00,1609236000000,1.1030000000,1.1040000000,1.0860000000,1.0880000000,105992.3839000000,115811.3204691000,115811.3204691000,1,SRM-USDT
2020-12-29 19:00:00,1609239600000,1.0890000000,1.0920000000,1.0640000000,1.0790000000,93016.5062000000,100262.7300194000,100262.7300194000,1,SRM-USDT
2020-12-29 20:00:00,1609243200000,1.0790000000,1.0910000000,1.0660000000,1.0690000000,137146.0667000000,147847.2571983000,147847.2571983000,1,SRM-USDT
2020-12-29 21:00:00,1609246800000,1.0700000000,1.0850000000,1.0670000000,1.0830000000,68190.2369000000,73303.5148593000,73303.5148593000,1,SRM-USDT
2020-12-29 22:00:00,1609250400000,1.0840000000,1.0840000000,1.0710000000,1.0770000000,89030.3816000000,96011.6086903000,96011.6086903000,1,SRM-USDT
2020-12-29 23:00:00,1609254000000,1.0780000000,1.0880000000,1.0630000000,1.0650000000,84896.3675000000,91263.1411218000,91263.1411218000,1,SRM-USDT
2020-12-30 00:00:00,1609257600000,1.0650000000,1.0650000000,1.0330000000,1.0360000000,243921.5053000000,254314.2839610000,254314.2839610000,1,SRM-USDT
2020-12-30 01:00:00,1609261200000,1.0360000000,1.0390000000,1.0280000000,1.0380000000,110538.5352000000,114241.2059462000,114241.2059462000,1,SRM-USDT
2020-12-30 02:00:00,1609264800000,1.0370000000,1.0530000000,1.0340000000,1.0500000000,47518.8131000000,49533.4734049000,49533.4734049000,1,SRM-USDT
2020-12-30 03:00:00,1609268400000,1.0490000000,1.0820000000,1.0490000000,1.0800000000,83474.6303000000,89275.0636166000,89275.0636166000,1,SRM-USDT
2020-12-30 04:00:00,1609272000000,1.0800000000,1.0810000000,1.0540000000,1.0560000000,162236.0821000000,173158.4807045000,173158.4807045000,1,SRM-USDT
2020-12-30 05:00:00,1609275600000,1.0570000000,1.0690000000,1.0570000000,1.0590000000,106078.1534000000,112507.5846614000,112507.5846614000,1,SRM-USDT
2020-12-30 06:00:00,1609279200000,1.0580000000,1.0640000000,1.0560000000,1.0590000000,129354.4970000000,137003.5417585000,137003.5417585000,1,SRM-USDT
2020-12-30 07:00:00,1609282800000,1.0600000000,1.0930000000,1.0580000000,1.0800000000,247063.5017000000,266467.5794137000,266467.5794137000,1,SRM-USDT
2020-12-30 08:00:00,1609286400000,1.0830000000,1.0900000000,1.0590000000,1.0610000000,193443.1231000000,206531.0362650000,206531.0362650000,1,SRM-USDT
2020-12-30 09:00:00,1609290000000,1.0600000000,1.0610000000,1.0530000000,1.0580000000,112379.6930000000,118881.8797611000,118881.8797611000,1,SRM-USDT
2020-12-30 10:00:00,1609293600000,1.0580000000,1.0580000000,1.0410000000,1.0450000000,111151.0096000000,116234.7076935000,116234.7076935000,1,SRM-USDT
2020-12-30 11:00:00,1609297200000,1.0450000000,1.0580000000,1.0420000000,1.0470000000,88220.9472000000,92687.4921595000,92687.4921595000,1,SRM-USDT
2020-12-30 12:00:00,1609300800000,1.0450000000,1.0470000000,1.0350000000,1.0370000000,48625.5890000000,50605.6793862000,50605.6793862000,1,SRM-USDT
2020-12-30 13:00:00,1609304400000,1.0370000000,1.0420000000,1.0340000000,1.0400000000,53222.4995000000,55268.9695727000,55268.9695727000,1,SRM-USDT
2020-12-30 14:00:00,1609308000000,1.0410000000,1.0430000000,1.0350000000,1.0360000000,70623.1770000000,73399.8125204000,73399.8125204000,1,SRM-USDT
2020-12-30 15:00:00,1609311600000,1.0370000000,1.0440000000,1.0340000000,1.0360000000,46911.5680000000,48712.2022931000,48712.2022931000,1,SRM-USDT
2020-12-30 16:00:00,1609315200000,1.0360000000,1.0390000000,1.0260000000,1.0280000000,102487.1628000000,105819.8978651000,105819.8978651000,1,SRM-USDT
2020-12-30 17:00:00,1609318800000,1.0280000000,1.0320000000,1.0190000000,1.0290000000,50954.5064000000,52379.2731122000,52379.2731122000,1,SRM-USDT
2020-12-30 18:00:00,1609322400000,1.0290000000,1.0400000000,1.0290000000,1.0400000000,44171.0960000000,45706.2775840000,45706.2775840000,1,SRM-USDT
2020-12-30 19:00:00,1609326000000,1.0400000000,1.0440000000,1.0300000000,1.0380000000,85112.5021000000,88353.3592106000,88353.3592106000,1,SRM-USDT
2020-12-30 20:00:00,1609329600000,1.0380000000,1.0390000000,1.0200000000,1.0370000000,71911.7488000000,73919.3332485000,73919.3332485000,1,SRM-USDT
2020-12-30 21:00:00,1609333200000,1.0360000000,1.0410000000,1.0340000000,1.0390000000,72425.4889000000,75227.0894197000,75227.0894197000,1,SRM-USDT
2020-12-30 22:00:00,1609336800000,1.0390000000,1.0530000000,1.0370000000,1.0510000000,32776.1171000000,34335.6428184000,34335.6428184000,1,SRM-USDT
2020-12-30 23:00:00,1609340400000,1.0510000000,1.0510000000,1.0440000000,1.0460000000,45251.9709000000,47356.5890672000,47356.5890672000,1,SRM-USDT
2020-12-31 00:00:00,1609344000000,1.0480000000,1.0550000000,1.0400000000,1.0540000000,64531.4167000000,67725.6424233000,67725.6424233000,1,SRM-USDT
2020-12-31 01:00:00,1609347600000,1.0530000000,1.0560000000,1.0450000000,1.0450000000,50515.0710000000,52956.3954947000,52956.3954947000,1,SRM-USDT
2020-12-31 02:00:00,1609351200000,1.0450000000,1.0460000000,1.0290000000,1.0350000000,63375.1005000000,65765.8764467000,65765.8764467000,1,SRM-USDT
2020-12-31 03:00:00,1609354800000,1.0360000000,1.0470000000,1.0310000000,1.0420000000,34255.5638000000,35586.4398740000,35586.4398740000,1,SRM-USDT
2020-12-31 04:00:00,1609358400000,1.0420000000,1.0430000000,1.0360000000,1.0420000000,18154.7947000000,18855.2642386000,18855.2642386000,1,SRM-USDT
2020-12-31 05:00:00,1609362000000,1.0420000000,1.0440000000,1.0330000000,1.0390000000,52324.6629000000,54445.8670056000,54445.8670056000,1,SRM-USDT
2020-12-31 06:00:00,1609365600000,1.0390000000,1.0450000000,1.0340000000,1.0340000000,36112.6615000000,37597.4923671000,37597.4923671000,1,SRM-USDT
2020-12-31 07:00:00,1609369200000,1.0340000000,1.0380000000,1.0250000000,1.0350000000,61866.3492000000,63964.4899927000,63964.4899927000,1,SRM-USDT
2020-12-31 08:00:00,1609372800000,1.0350000000,1.0370000000,1.0210000000,1.0220000000,67148.7712000000,68996.8904619000,68996.8904619000,1,SRM-USDT
2020-12-31 09:00:00,1609376400000,1.0220000000,1.0220000000,1.0050000000,1.0080000000,91160.6313000000,92203.0763916000,92203.0763916000,1,SRM-USDT
2020-12-31 10:00:00,1609380000000,1.0080000000,1.0110000000,0.9980000000,1.0100000000,74014.0853000000,74534.6515315000,74534.6515315000,1,SRM-USDT
2020-12-31 11:00:00,1609383600000,1.0080000000,1.0150000000,1.0050000000,1.0130000000,46779.0394000000,47231.0797713000,47231.0797713000,1,SRM-USDT
2020-12-31 12:00:00,1609387200000,1.0110000000,1.0220000000,1.0090000000,1.0170000000,60839.5683000000,61762.7528910000,61762.7528910000,1,SRM-USDT
2020-12-31 13:00:00,1609390800000,1.0180000000,1.0200000000,1.0130000000,1.0160000000,26955.4262000000,27422.7257195000,27422.7257195000,1,SRM-USDT
2020-12-31 14:00:00,1609394400000,1.0180000000,1.0260000000,1.0170000000,1.0230000000,86844.6915000000,88684.9416701000,88684.9416701000,1,SRM-USDT
2020-12-31 15:00:00,1609398000000,1.0240000000,1.0310000000,1.0190000000,1.0220000000,81600.5773000000,83724.9992582000,83724.9992582000,1,SRM-USDT
2020-12-31 16:00:00,1609401600000,1.0210000000,1.0210000000,1.0040000000,1.0090000000,100169.5615000000,101382.8231280000,101382.8231280000,1,SRM-USDT
2020-12-31 17:00:00,1609405200000,1.0110000000,1.0180000000,1.0040000000,1.0130000000,87408.5243000000,88489.0378677000,88489.0378677000,1,SRM-USDT
2020-12-31 18:00:00,1609408800000,1.0130000000,1.0240000000,1.0130000000,1.0210000000,34032.2169000000,34609.2055992000,34609.2055992000,1,SRM-USDT
2020-12-31 19:00:00,1609412400000,1.0220000000,1.0250000000,1.0160000000,1.0190000000,52847.0209000000,53847.9467203000,53847.9467203000,1,SRM-USDT
2020-12-31 20:00:00,1609416000000,1.0190000000,1.0240000000,1.0020000000,1.0060000000,118033.8210000000,119437.6209457000,119437.6209457000,1,SRM-USDT
2020-12-31 21:00:00,1609419600000,1.0050000000,1.0130000000,0.9880000000,1.0030000000,153037.7561000000,153273.3033132000,153273.3033132000,1,SRM-USDT
2020-12-31 22:00:00,1609423200000,1.0050000000,1.0050000000,0.9900000000,0.9990000000,95124.3156000000,94791.4763954000,94791.4763954000,1,SRM-USDT
2020-12-31 23:00:00,1609426800000,0.9990000000,1.0330000000,0.9990000000,1.0100000000,308030.2819000000,311776.6993727000,311776.6993727000,1,SRM-USDT
2021-01-01 00:00:00,1609430400000,1.0120000000,1.0460000000,1.0090000000,1.0200000000,223999.1729000000,230371.0844115000,230371.0844115000,1,SRM-USDT
2021-01-01 01:00:00,1609434000000,1.0210000000,1.0390000000,1.0190000000,1.0240000000,145963.3817000000,150135.2950723000,150135.2950723000,1,SRM-USDT
2021-01-01 02:00:00,1609437600000,1.0250000000,1.0300000000,1.0240000000,1.0280000000,29851.5303000000,30654.4755552000,30654.4755552000,1,SRM-USDT
2021-01-01 03:00:00,1609441200000,1.0290000000,1.0350000000,1.0250000000,1.0310000000,78067.0741000000,80496.9847749000,80496.9847749000,1,SRM-USDT
2021-01-01 04:00:00,1609444800000,1.0320000000,1.0340000000,1.0290000000,1.0310000000,37402.1446000000,38619.1955643000,38619.1955643000,1,SRM-USDT
2021-01-01 05:00:00,1609448400000,1.0310000000,1.0310000000,1.0240000000,1.0250000000,23783.9490000000,24427.1149071000,24427.1149071000,1,SRM-USDT
2021-01-01 06:00:00,1609452000000,1.0260000000,1.0370000000,1.0260000000,1.0310000000,37709.4601000000,38901.5122406000,38901.5122406000,1,SRM-USDT
2021-01-01 07:00:00,1609455600000,1.0310000000,1.0440000000,1.0270000000,1.0420000000,120482.7361000000,124842.2485679000,124842.2485679000,1,SRM-USDT
2021-01-01 08:00:00,1609459200000,1.0420000000,1.0440000000,1.0240000000,1.0410000000,115804.8330000000,119777.5881746000,119777.5881746000,1,SRM-USDT
2021-01-01 09:00:00,1609462800000,1.0430000000,1.0500000000,1.0410000000,1.0490000000,131716.2533000000,137698.9137400000,137698.9137400000,1,SRM-USDT
2021-01-01 10:00:00,1609466400000,1.0490000000,1.0720000000,1.0450000000,1.0710000000,138080.2899000000,145764.6972806000,145764.6972806000,1,SRM-USDT
2021-01-01 11:00:00,1609470000000,1.0700000000,1.0740000000,1.0660000000,1.0700000000,91300.4339000000,97607.5346966000,97607.5346966000,1,SRM-USDT
2021-01-01 12:00:00,1609473600000,1.0700000000,1.0700000000,1.0600000000,1.0620000000,77052.0858000000,82014.8142018000,82014.8142018000,1,SRM-USDT
2021-01-01 13:00:00,1609477200000,1.0630000000,1.0670000000,1.0620000000,1.0650000000,61721.2452000000,65703.2591556000,65703.2591556000,1,SRM-USDT
2021-01-01 14:00:00,1609480800000,1.0670000000,1.0740000000,1.0620000000,1.0630000000,73570.7613000000,78605.3494561000,78605.3494561000,1,SRM-USDT
2021-01-01 15:00:00,1609484400000,1.0630000000,1.0650000000,1.0520000000,1.0580000000,44665.8768000000,47195.5181855000,47195.5181855000,1,SRM-USDT
2021-01-01 16:00:00,1609488000000,1.0570000000,1.0590000000,1.0370000000,1.0440000000,102778.0575000000,107389.8477172000,107389.8477172000,1,SRM-USDT
2021-01-01 17:00:00,1609491600000,1.0420000000,1.0660000000,1.0410000000,1.0640000000,133067.2357000000,140718.8779527000,140718.8779527000,1,SRM-USDT
2021-01-01 18:00:00,1609495200000,1.0660000000,1.0790000000,1.0660000000,1.0750000000,139807.4921000000,150168.5199591000,150168.5199591000,1,SRM-USDT
2021-01-01 19:00:00,1609498800000,1.0750000000,1.0790000000,1.0720000000,1.0760000000,121331.9691000000,130588.3001279000,130588.3001279000,1,SRM-USDT
2021-01-01 20:00:00,1609502400000,1.0770000000,1.0810000000,1.0490000000,1.0520000000,215498.0256000000,229863.3000462000,229863.3000462000,1,SRM-USDT
2021-01-01 21:00:00,1609506000000,1.0520000000,1.0650000000,1.0510000000,1.0630000000,122230.1191000000,129298.0941475000,129298.0941475000,1,SRM-USDT
2021-01-01 22:00:00,1609509600000,1.0640000000,1.0820000000,1.0600000000,1.0790000000,116091.8949000000,124917.0666094000,124917.0666094000,1,SRM-USDT
2021-01-01 23:00:00,1609513200000,1.0790000000,1.0880000000,1.0720000000,1.0840000000,182293.7335000000,197275.4532300000,197275.4532300000,1,SRM-USDT
2021-01-02 00:00:00,1609516800000,1.0870000000,1.0960000000,1.0820000000,1.0940000000,124597.2617000000,135764.8189213000,135764.8189213000,1,SRM-USDT
2021-01-02 01:00:00,1609520400000,1.0950000000,1.1030000000,1.0590000000,1.0690000000,252914.2933000000,275692.1796927000,275692.1796927000,1,SRM-USDT
2021-01-02 02:00:00,1609524000000,1.0690000000,1.0950000000,1.0420000000,1.0600000000,415513.6574000000,444757.3896852000,444757.3896852000,1,SRM-USDT
2021-01-02 03:00:00,1609527600000,1.0590000000,1.0950000000,1.0560000000,1.0890000000,220019.1576000000,237845.1864834000,237845.1864834000,1,SRM-USDT
2021-01-02 04:00:00,1609531200000,1.0870000000,1.1070000000,1.0840000000,1.0970000000,136955.2547000000,150373.9305342000,150373.9305342000,1,SRM-USDT
2021-01-02 05:00:00,1609534800000,1.0970000000,1.1110000000,1.0920000000,1.1010000000,76735.9046000000,84433.8896335000,84433.8896335000,1,SRM-USDT
2021-01-02 06:00:00,1609538400000,1.1020000000,1.1210000000,1.0970000000,1.1180000000,136536.6570000000,151989.2028137000,151989.2028137000,1,SRM-USDT
2021-01-02 07:00:00,1609542000000,1.1180000000,1.1320000000,1.1120000000,1.1280000000,209073.7963000000,234155.4411461000,234155.4411461000,1,SRM-USDT
2021-01-02 08:00:00,1609545600000,1.1270000000,1.1300000000,1.0680000000,1.0850000000,287753.5192000000,315125.4388836000,315125.4388836000,1,SRM-USDT
2021-01-02 09:00:00,1609549200000,1.0830000000,1.1180000000,1.0750000000,1.1180000000,162082.5398000000,177585.8448988000,177585.8448988000,1,SRM-USDT
2021-01-02 10:00:00,1609552800000,1.1160000000,1.1310000000,1.1100000000,1.1130000000,125339.8029000000,140689.6179224000,140689.6179224000,1,SRM-USDT
2021-01-02 11:00:00,1609556400000,1.1120000000,1.1300000000,1.1030000000,1.1290000000,93821.2047000000,104476.5761039000,104476.5761039000,1,SRM-USDT
2021-01-02 12:00:00,1609560000000,1.1290000000,1.1450000000,1.1180000000,1.1440000000,194082.0981000000,219214.7947302000,219214.7947302000,1,SRM-USDT
2021-01-02 13:00:00,1609563600000,1.1440000000,1.1610000000,1.1370000000,1.1390000000,170540.2451000000,195873.9756241000,195873.9756241000,1,SRM-USDT
2021-01-02 14:00:00,1609567200000,1.1390000000,1.1410000000,1.1210000000,1.1380000000,113637.3127000000,128451.3700579000,128451.3700579000,1,SRM-USDT
2021-01-02 15:00:00,1609570800000,1.1380000000,1.1410000000,1.1010000000,1.1010000000,136400.0212000000,152567.5938735000,152567.5938735000,1,SRM-USDT
2021-01-02 16:00:00,1609574400000,1.1020000000,1.1040000000,1.0900000000,1.1000000000,91851.7956000000,100869.5739636000,100869.5739636000,1,SRM-USDT
2021-01-02 17:00:00,1609578000000,1.1000000000,1.1050000000,1.0730000000,1.0760000000,119204.6761000000,130165.6843136000,130165.6843136000,1,SRM-USDT
2021-01-02 18:00:00,1609581600000,1.0760000000,1.0850000000,1.0700000000,1.0780000000,105976.7954000000,114245.0888901000,114245.0888901000,1,SRM-USDT
2021-01-02 19:00:00,1609585200000,1.0790000000,1.0800000000,1.0740000000,1.0780000000,80341.6783000000,86593.9561973000,86593.9561973000,1,SRM-USDT
2021-01-02 20:00:00,1609588800000,1.0790000000,1.0850000000,1.0640000000,1.0840000000,135264.7588000000,145868.1716334000,145868.1716334000,1,SRM-USDT
2021-01-02 21:00:00,1609592400000,1.0850000000,1.0930000000,1.0790000000,1.0810000000,176745.4184000000,192370.1833205000,192370.1833205000,1,SRM-USDT
2021-01-02 22:00:00,1609596000000,1.0810000000,1.0830000000,1.0650000000,1.0780000000,170629.9476000000,183149.8300290000,183149.8300290000,1,SRM-USDT
2021-01-02 23:00:00,1609599600000,1.0770000000,1.0810000000,1.0640000000,1.0700000000,125033.8046000000,134229.5789126000,134229.5789126000,1,SRM-USDT
2021-01-03 00:00:00,1609603200000,1.0700000000,1.0790000000,1.0600000000,1.0780000000,148797.6809000000,158701.3733321000,158701.3733321000,1,SRM-USDT
2021-01-03 01:00:00,1609606800000,1.0770000000,1.0880000000,1.0760000000,1.0800000000,98614.5413000000,106670.9133962000,106670.9133962000,1,SRM-USDT
2021-01-03 02:00:00,1609610400000,1.0810000000,1.0900000000,1.0780000000,1.0820000000,75403.7882000000,81742.8000281000,81742.8000281000,1,SRM-USDT
2021-01-03 03:00:00,1609614000000,1.0810000000,1.0890000000,1.0790000000,1.0840000000,62261.0559000000,67562.6797350000,67562.6797350000,1,SRM-USDT
2021-01-03 04:00:00,1609617600000,1.0830000000,1.0840000000,1.0440000000,1.0520000000,147598.2965000000,157223.0371380000,157223.0371380000,1,SRM-USDT
2021-01-03 05:00:00,1609621200000,1.0530000000,1.0630000000,1.0400000000,1.0500000000,121040.8806000000,127247.0389846000,127247.0389846000,1,SRM-USDT
2021-01-03 06:00:00,1609624800000,1.0500000000,1.0570000000,1.0440000000,1.0520000000,69518.7863000000,72951.5094205000,72951.5094205000,1,SRM-USDT
2021-01-03 07:00:00,1609628400000,1.0530000000,1.0620000000,1.0440000000,1.0590000000,112310.9391000000,118320.3964733000,118320.3964733000,1,SRM-USDT
2021-01-03 08:00:00,1609632000000,1.0600000000,1.0610000000,1.0540000000,1.0560000000,80169.1404000000,84806.2173964000,84806.2173964000,1,SRM-USDT
2021-01-03 09:00:00,1609635600000,1.0560000000,1.0600000000,1.0450000000,1.0480000000,55616.7742000000,58565.8502127000,58565.8502127000,1,SRM-USDT
2021-01-03 10:00:00,1609639200000,1.0480000000,1.0480000000,1.0340000000,1.0450000000,105130.7634000000,109445.8310603000,109445.8310603000,1,SRM-USDT
2021-01-03 11:00:00,1609642800000,1.0460000000,1.0500000000,1.0440000000,1.0500000000,53281.0361000000,55852.0472368000,55852.0472368000,1,SRM-USDT
2021-01-03 12:00:00,1609646400000,1.0490000000,1.0510000000,1.0470000000,1.0490000000,36995.9620000000,38848.5585239000,38848.5585239000,1,SRM-USDT
2021-01-03 13:00:00,1609650000000,1.0500000000,1.0560000000,1.0490000000,1.0540000000,84118.8443000000,88535.8248682000,88535.8248682000,1,SRM-USDT
2021-01-03 14:00:00,1609653600000,1.0550000000,1.0580000000,1.0520000000,1.0570000000,61566.9528000000,64964.1635615000,64964.1635615000,1,SRM-USDT
2021-01-03 15:00:00,1609657200000,1.0570000000,1.0570000000,1.0520000000,1.0530000000,75458.2345000000,79577.1343133000,79577.1343133000,1,SRM-USDT
2021-01-03 16:00:00,1609660800000,1.0530000000,1.0690000000,1.0450000000,1.0670000000,103001.4928000000,108496.7065971000,108496.7065971000,1,SRM-USDT
2021-01-03 17:00:00,1609664400000,1.0680000000,1.0770000000,1.0660000000,1.0700000000,246450.1767000000,264271.0503701000,264271.0503701000,1,SRM-USDT
2021-01-03 18:00:00,1609668000000,1.0700000000,1.0800000000,1.0620000000,1.0770000000,175515.0866000000,187984.5050289000,187984.5050289000,1,SRM-USDT
2021-01-03 19:00:00,1609671600000,1.0760000000,1.1090000000,1.0760000000,1.1070000000,274242.5744000000,300446.8578054000,300446.8578054000,1,SRM-USDT
2021-01-03 20:00:00,1609675200000,1.1060000000,1.1170000000,1.1010000000,1.1120000000,236373.3711000000,262382.4182623000,262382.4182623000,1,SRM-USDT
2021-01-03 21:00:00,1609678800000,1.1140000000,1.1360000000,1.1040000000,1.1250000000,221527.6336000000,247936.3214029000,247936.3214029000,1,SRM-USDT
2021-01-03 22:00:00,1609682400000,1.1250000000,1.1550000000,1.1170000000,1.1340000000,324829.1133000000,369272.3314868000,369272.3314868000,1,SRM-USDT
2021-01-03 23:00:00,1609686000000,1.1360000000,1.1550000000,1.0900000000,1.1090000000,309996.4074000000,345955.3464317000,345955.3464317000,1,SRM-USDT
2021-01-04 00:00:00,1609689600000,1.1100000000,1.1460000000,1.1100000000,1.1150000000,226964.7255000000,255517.4713218000,255517.4713218000,1,SRM-USDT
2021-01-04 01:00:00,1609693200000,1.1140000000,1.1350000000,1.1090000000,1.1270000000,231615.7607000000,259541.8577817000,259541.8577817000,1,SRM-USDT
2021-01-04 02:00:00,1609696800000,1.1290000000,1.1340000000,1.1110000000,1.1210000000,105923.3424000000,119158.5940934000,119158.5940934000,1,SRM-USDT
2021-01-04 03:00:00,1609700400000,1.1200000000,1.1260000000,1.1150000000,1.1250000000,34322.7968000000,38438.1594782000,38438.1594782000,1,SRM-USDT
2021-01-04 04:00:00,1609704000000,1.1240000000,1.1530000000,1.1240000000,1.1500000000,143775.8307000000,164612.9197194000,164612.9197194000,1,SRM-USDT
2021-01-04 05:00:00,1609707600000,1.1500000000,1.1550000000,1.1430000000,1.1460000000,70761.2537000000,81302.7926776000,81302.7926776000,1,SRM-USDT
2021-01-04 06:00:00,1609711200000,1.1460000000,1.1580000000,1.1360000000,1.1570000000,98898.0161000000,113307.1902216000,113307.1902216000,1,SRM-USDT
2021-01-04 07:00:00,1609714800000,1.1570000000,1.1980000000,1.1530000000,1.1800000000,292251.0372000000,343995.9839748000,343995.9839748000,1,SRM-USDT
2021-01-04 08:00:00,1609718400000,1.1790000000,1.1890000000,1.1530000000,1.1730000000,230992.2615000000,270270.9070038000,270270.9070038000,1,SRM-USDT
2021-01-04 09:00:00,1609722000000,1.1730000000,1.2050000000,1.1700000000,1.2010000000,205198.7446000000,243397.3877045000,243397.3877045000,1,SRM-USDT
2021-01-04 10:00:00,1609725600000,1.2010000000,1.2300000000,1.1900000000,1.1900000000,356642.4082000000,430274.4997583000,430274.4997583000,1,SRM-USDT
2021-01-04 11:00:00,1609729200000,1.1900000000,1.1910000000,1.1590000000,1.1630000000,918679.9719000000,1078216.1497364000,1078216.1497364000,1,SRM-USDT
2021-01-04 12:00:00,1609732800000,1.1630000000,1.1810000000,1.1430000000,1.1770000000,627925.8488000000,726938.1878784000,726938.1878784000,1,SRM-USDT
2021-01-04 13:00:00,1609736400000,1.1770000000,1.2300000000,1.1720000000,1.2230000000,399903.8975000000,481916.9996949000,481916.9996949000,1,SRM-USDT
2021-01-04 14:00:00,1609740000000,1.2220000000,1.2360000000,1.2030000000,1.2040000000,344893.2819000000,421258.0734784000,421258.0734784000,1,SRM-USDT
2021-01-04 15:00:00,1609743600000,1.2040000000,1.2100000000,1.1240000000,1.1400000000,566119.6104000000,655470.6236000000,655470.6236000000,1,SRM-USDT
2021-01-04 16:00:00,1609747200000,1.1420000000,1.1710000000,1.1180000000,1.1430000000,260826.4695000000,299972.2144748000,299972.2144748000,1,SRM-USDT
2021-01-04 17:00:00,1609750800000,1.1410000000,1.1570000000,1.0670000000,1.0980000000,380735.5092000000,422145.5527347000,422145.5527347000,1,SRM-USDT
2021-01-04 18:00:00,1609754400000,1.0980000000,1.1060000000,1.0400000000,1.0940000000,497078.6835000000,530832.2281542000,530832.2281542000,1,SRM-USDT
2021-01-04 19:00:00,1609758000000,1.0940000000,1.0970000000,1.0630000000,1.0880000000,257809.6744000000,279705.2316468000,279705.2316468000,1,SRM-USDT
2021-01-04 20:00:00,1609761600000,1.0880000000,1.1180000000,1.0880000000,1.1130000000,152025.6288000000,167121.7777123000,167121.7777123000,1,SRM-USDT
2021-01-04 21:00:00,1609765200000,1.1140000000,1.1140000000,1.0810000000,1.0990000000,207163.2748000000,227106.6131060000,227106.6131060000,1,SRM-USDT
2021-01-04 22:00:00,1609768800000,1.1000000000,1.1270000000,1.0970000000,1.1250000000,137741.4889000000,152539.1471008000,152539.1471008000,1,SRM-USDT
2021-01-04 23:00:00,1609772400000,1.1260000000,1.1450000000,1.1160000000,1.1400000000,174402.6489000000,198037.8041305000,198037.8041305000,1,SRM-USDT
2021-01-05 00:00:00,1609776000000,1.1400000000,1.1470000000,1.0960000000,1.1290000000,190753.7599000000,212947.2870272000,212947.2870272000,1,SRM-USDT
2021-01-05 01:00:00,1609779600000,1.1300000000,1.1820000000,1.1300000000,1.1690000000,489365.5463000000,567519.4496007001,567519.4496007001,1,SRM-USDT
2021-01-05 02:00:00,1609783200000,1.1700000000,1.2340000000,1.1690000000,1.2340000000,440170.4115000000,527918.4145075000,527918.4145075000,1,SRM-USDT
2021-01-05 03:00:00,1609786800000,1.2320000000,1.2540000000,1.2150000000,1.2510000000,502329.3092000000,622644.3120600000,622644.3120600000,1,SRM-USDT
2021-01-05 04:00:00,1609790400000,1.2510000000,1.3360000000,1.2240000000,1.3100000000,645183.0153000000,827723.7412739000,827723.7412739000,1,SRM-USDT
2021-01-05 05:00:00,1609794000000,1.3090000000,1.3090000000,1.2400000000,1.2540000000,564462.5488000000,716712.0732069000,716712.0732069000,1,SRM-USDT
2021-01-05 06:00:00,1609797600000,1.2530000000,1.2800000000,1.2470000000,1.2790000000,258384.6293000000,326089.5151147000,326089.5151147000,1,SRM-USDT
2021-01-05 07:00:00,1609801200000,1.2780000000,1.3190000000,1.2660000000,1.3150000000,223445.6858000000,287300.5888563000,287300.5888563000,1,SRM-USDT
2021-01-05 08:00:00,1609804800000,1.3150000000,1.3370000000,1.2630000000,1.3030000000,504699.8171000000,655429.2845848000,655429.2845848000,1,SRM-USDT
2021-01-05 09:00:00,1609808400000,1.3040000000,1.3200000000,1.2800000000,1.3150000000,232832.2952000000,301753.2902069000,301753.2902069000,1,SRM-USDT
2021-01-05 10:00:00,1609812000000,1.3150000000,1.3510000000,1.2870000000,1.2940000000,440180.6449000000,581980.0828414001,581980.0828414001,1,SRM-USDT
2021-01-05 11:00:00,1609815600000,1.2930000000,1.3190000000,1.1880000000,1.1980000000,571531.8602000000,711646.1330612000,711646.1330612000,1,SRM-USDT
2021-01-05 12:00:00,1609819200000,1.1960000000,1.2370000000,1.1730000000,1.2060000000,515251.7864000000,617629.8993854000,617629.8993854000,1,SRM-USDT
2021-01-05 13:00:00,1609822800000,1.2070000000,1.2270000000,1.1690000000,1.1770000000,323213.0913000000,387275.5044659000,387275.5044659000,1,SRM-USDT
2021-01-05 14:00:00,1609826400000,1.1800000000,1.2220000000,1.1660000000,1.2070000000,247297.0146000000,295249.2790342000,295249.2790342000,1,SRM-USDT
2021-01-05 15:00:00,1609830000000,1.2080000000,1.2200000000,1.1930000000,1.1930000000,188066.7479000000,226059.2055890000,226059.2055890000,1,SRM-USDT
2021-01-05 16:00:00,1609833600000,1.1940000000,1.2410000000,1.1940000000,1.2390000000,215667.4206000000,264403.8331612000,264403.8331612000,1,SRM-USDT
2021-01-05 17:00:00,1609837200000,1.2390000000,1.2550000000,1.2300000000,1.2320000000,148895.0642000000,185176.8445031000,185176.8445031000,1,SRM-USDT
2021-01-05 18:00:00,1609840800000,1.2330000000,1.3480000000,1.2280000000,1.3290000000,581877.2585999999,757830.6848050000,757830.6848050000,1,SRM-USDT
2021-01-05 19:00:00,1609844400000,1.3320000000,1.4560000000,1.3170000000,1.4130000000,1416849.2272999999,1982859.8577966001,1982859.8577966001,1,SRM-USDT
2021-01-05 20:00:00,1609848000000,1.4120000000,1.4710000000,1.3850000000,1.4190000000,828177.0354000001,1182268.0926587000,1182268.0926587000,1,SRM-USDT
2021-01-05 21:00:00,1609851600000,1.4190000000,1.4440000000,1.3760000000,1.3910000000,546881.4353000000,776597.1576187999,776597.1576187999,1,SRM-USDT
2021-01-05 22:00:00,1609855200000,1.3890000000,1.4500000000,1.3490000000,1.4450000000,712846.5854000000,993323.1176507000,993323.1176507000,1,SRM-USDT
2021-01-05 23:00:00,1609858800000,1.4440000000,1.5450000000,1.4260000000,1.5200000000,1175628.9901000001,1764394.5045141999,1764394.5045141999,1,SRM-USDT
2021-01-06 00:00:00,1609862400000,1.5210000000,1.5700000000,1.4760000000,1.5530000000,699612.9757000000,1058441.0981894999,1058441.0981894999,1,SRM-USDT
2021-01-06 01:00:00,1609866000000,1.5510000000,1.6170000000,1.5100000000,1.5900000000,479493.9147000000,750565.4617554999,750565.4617554999,1,SRM-USDT
2021-01-06 02:00:00,1609869600000,1.5890000000,1.6010000000,1.5100000000,1.5210000000,395588.2531000000,611797.6572928000,611797.6572928000,1,SRM-USDT
2021-01-06 03:00:00,1609873200000,1.5210000000,1.5370000000,1.4570000000,1.5270000000,534266.6165000000,799447.5876859000,799447.5876859000,1,SRM-USDT
2021-01-06 04:00:00,1609876800000,1.5320000000,1.5520000000,1.5170000000,1.5310000000,264205.8687000000,405556.7527745000,405556.7527745000,1,SRM-USDT
2021-01-06 05:00:00,1609880400000,1.5330000000,1.5500000000,1.4950000000,1.4950000000,295120.2652000000,448809.5581227000,448809.5581227000,1,SRM-USDT
2021-01-06 06:00:00,1609884000000,1.4950000000,1.5210000000,1.4700000000,1.4740000000,562641.5011000000,838461.7399025999,838461.7399025999,1,SRM-USDT
2021-01-06 07:00:00,1609887600000,1.4730000000,1.4880000000,1.4590000000,1.4770000000,194006.7626000000,286418.2320972000,286418.2320972000,1,SRM-USDT
2021-01-06 08:00:00,1609891200000,1.4780000000,1.4920000000,1.4250000000,1.4290000000,335101.4585000000,485950.4639577000,485950.4639577000,1,SRM-USDT
2021-01-06 09:00:00,1609894800000,1.4290000000,1.4370000000,1.4110000000,1.4260000000,245275.6531000000,348977.5230794000,348977.5230794000,1,SRM-USDT
2021-01-06 10:00:00,1609898400000,1.4260000000,1.4770000000,1.4240000000,1.4680000000,241224.2474000000,350618.0214974000,350618.0214974000,1,SRM-USDT
2021-01-06 11:00:00,1609902000000,1.4680000000,1.4830000000,1.4400000000,1.4480000000,220605.4053000000,322503.9091803000,322503.9091803000,1,SRM-USDT
2021-01-06 12:00:00,1609905600000,1.4480000000,1.4880000000,1.4430000000,1.4660000000,222719.1622000000,326139.8425841000,326139.8425841000,1,SRM-USDT
2021-01-06 13:00:00,1609909200000,1.4660000000,1.4720000000,1.4280000000,1.4440000000,271199.8865000000,393360.1994089000,393360.1994089000,1,SRM-USDT
2021-01-06 14:00:00,1609912800000,1.4440000000,1.4990000000,1.4360000000,1.4770000000,358980.7686000000,526785.6733082000,526785.6733082000,1,SRM-USDT
2021-01-06 15:00:00,1609916400000,1.4760000000,1.4980000000,1.4540000000,1.4960000000,446431.1312000000,656887.7236279000,656887.7236279000,1,SRM-USDT
2021-01-06 16:00:00,1609920000000,1.4960000000,1.5830000000,1.4960000000,1.5640000000,692229.5106000000,1066465.1512050999,1066465.1512050999,1,SRM-USDT
2021-01-06 17:00:00,1609923600000,1.5620000000,1.5700000000,1.4960000000,1.5190000000,591617.5293000001,901550.6840068999,901550.6840068999,1,SRM-USDT
2021-01-06 18:00:00,1609927200000,1.5190000000,1.5500000000,1.5170000000,1.5400000000,308204.6209000000,471120.1021502000,471120.1021502000,1,SRM-USDT
2021-01-06 19:00:00,1609930800000,1.5380000000,1.5500000000,1.5170000000,1.5370000000,272047.0461000000,416540.0941588000,416540.0941588000,1,SRM-USDT
2021-01-06 20:00:00,1609934400000,1.5360000000,1.5620000000,1.4800000000,1.4950000000,421342.9962000000,635859.7342929000,635859.7342929000,1,SRM-USDT
2021-01-06 21:00:00,1609938000000,1.4970000000,1.5120000000,1.4910000000,1.4990000000,268871.3028000000,403833.3194640000,403833.3194640000,1,SRM-USDT
2021-01-06 22:00:00,1609941600000,1.4990000000,1.5120000000,1.4300000000,1.4410000000,432449.3648000000,635721.8870053000,635721.8870053000,1,SRM-USDT
2021-01-06 23:00:00,1609945200000,1.4430000000,1.4800000000,1.4420000000,1.4600000000,232460.0754000000,340624.8668510000,340624.8668510000,1,SRM-USDT
2021-01-07 00:00:00,1609948800000,1.4590000000,1.5120000000,1.4590000000,1.4890000000,307832.4046000000,458944.5663718000,458944.5663718000,1,SRM-USDT
2021-01-07 01:00:00,1609952400000,1.4900000000,1.5310000000,1.4890000000,1.5310000000,254853.0383000000,385342.9575564000,385342.9575564000,1,SRM-USDT
2021-01-07 02:00:00,1609956000000,1.5310000000,1.5380000000,1.5020000000,1.5220000000,270556.8129000000,412258.1762499000,412258.1762499000,1,SRM-USDT
2021-01-07 03:00:00,1609959600000,1.5230000000,1.5510000000,1.4250000000,1.4290000000,516292.9857000000,773680.2073548000,773680.2073548000,1,SRM-USDT
2021-01-07 04:00:00,1609963200000,1.4260000000,1.4550000000,1.3610000000,1.4320000000,402320.5254000000,565889.9618004001,565889.9618004001,1,SRM-USDT
2021-01-07 05:00:00,1609966800000,1.4350000000,1.4390000000,1.4010000000,1.4070000000,259588.1166000000,368432.2238354000,368432.2238354000,1,SRM-USDT
2021-01-07 06:00:00,1609970400000,1.4060000000,1.4360000000,1.4020000000,1.4340000000,150030.9522000000,213276.1365555000,213276.1365555000,1,SRM-USDT
2021-01-07 07:00:00,1609974000000,1.4360000000,1.4530000000,1.4310000000,1.4410000000,170863.1148000000,245990.2498647000,245990.2498647000,1,SRM-USDT
2021-01-07 08:00:00,1609977600000,1.4440000000,1.4820000000,1.4170000000,1.4530000000,325071.7309000000,472672.9487285000,472672.9487285000,1,SRM-USDT
2021-01-07 09:00:00,1609981200000,1.4570000000,1.4600000000,1.4240000000,1.4430000000,324813.0361000000,469045.9005837000,469045.9005837000,1,SRM-USDT
2021-01-07 10:00:00,1609984800000,1.4450000000,1.4520000000,1.4250000000,1.4500000000,130725.1642000000,188725.4199335000,188725.4199335000,1,SRM-USDT
2021-01-07 11:00:00,1609988400000,1.4490000000,1.4840000000,1.4410000000,1.4760000000,250380.2720000000,367070.1033801000,367070.1033801000,1,SRM-USDT
2021-01-07 12:00:00,1609992000000,1.4770000000,1.4770000000,1.4390000000,1.4410000000,176120.8497000000,256839.5674817000,256839.5674817000,1,SRM-USDT
2021-01-07 13:00:00,1609995600000,1.4400000000,1.4870000000,1.4360000000,1.4790000000,193553.7295000000,282860.3782712000,282860.3782712000,1,SRM-USDT
2021-01-07 14:00:00,1609999200000,1.4810000000,1.4900000000,1.4420000000,1.4820000000,162269.5028000000,238900.3904266000,238900.3904266000,1,SRM-USDT
2021-01-07 15:00:00,1610002800000,1.4830000000,1.4980000000,1.4690000000,1.4790000000,196632.6183000000,291878.3263833000,291878.3263833000,1,SRM-USDT
2021-01-07 16:00:00,1610006400000,1.4800000000,1.4890000000,1.3890000000,1.4610000000,540491.7976000000,771860.4269436999,771860.4269436999,1,SRM-USDT
2021-01-07 17:00:00,1610010000000,1.4600000000,1.4650000000,1.4300000000,1.4510000000,181672.7374000000,262933.0949106000,262933.0949106000,1,SRM-USDT
2021-01-07 18:00:00,1610013600000,1.4510000000,1.4530000000,1.4260000000,1.4290000000,127395.9795000000,183765.7847946000,183765.7847946000,1,SRM-USDT
2021-01-07 19:00:00,1610017200000,1.4290000000,1.4650000000,1.4290000000,1.4550000000,156562.6569000000,227331.0337808000,227331.0337808000,1,SRM-USDT
2021-01-07 20:00:00,1610020800000,1.4550000000,1.5680000000,1.4430000000,1.5670000000,532658.9753000000,810747.1695006000,810747.1695006000,1,SRM-USDT
2021-01-07 21:00:00,1610024400000,1.5660000000,1.5680000000,1.5210000000,1.5320000000,388106.7802000000,598933.0732265000,598933.0732265000,1,SRM-USDT
2021-01-07 22:00:00,1610028000000,1.5350000000,1.5520000000,1.5040000000,1.5390000000,387679.8114000000,588404.2296643000,588404.2296643000,1,SRM-USDT
2021-01-07 23:00:00,1610031600000,1.5390000000,1.5580000000,1.5130000000,1.5420000000,276120.1550000000,424431.0532817000,424431.0532817000,1,SRM-USDT
2021-01-08 00:00:00,1610035200000,1.5450000000,1.5580000000,1.4970000000,1.5120000000,340278.0235000000,519716.6143963000,519716.6143963000,1,SRM-USDT
2021-01-08 01:00:00,1610038800000,1.5120000000,1.5190000000,1.4750000000,1.5030000000,253733.5303000000,380115.4401198000,380115.4401198000,1,SRM-USDT
2021-01-08 02:00:00,1610042400000,1.5020000000,1.5060000000,1.3230000000,1.4100000000,1681199.5649000001,2349618.0677260999,2349618.0677260999,1,SRM-USDT
2021-01-08 03:00:00,1610046000000,1.4110000000,1.4640000000,1.3880000000,1.4480000000,687268.4891000000,973611.4405489000,973611.4405489000,1,SRM-USDT
2021-01-08 04:00:00,1610049600000,1.4470000000,1.4530000000,1.4180000000,1.4380000000,174729.9741000000,250608.7677660000,250608.7677660000,1,SRM-USDT
2021-01-08 05:00:00,1610053200000,1.4390000000,1.4510000000,1.4180000000,1.4410000000,150733.1237000000,216685.0133472000,216685.0133472000,1,SRM-USDT
2021-01-08 06:00:00,1610056800000,1.4400000000,1.4470000000,1.4150000000,1.4200000000,137883.7572000000,197656.1574740000,197656.1574740000,1,SRM-USDT
2021-01-08 07:00:00,1610060400000,1.4230000000,1.4230000000,1.3760000000,1.4000000000,222002.6258000000,309198.3759722000,309198.3759722000,1,SRM-USDT
2021-01-08 08:00:00,1610064000000,1.4000000000,1.4170000000,1.3520000000,1.3530000000,168647.8556000000,235204.2359588000,235204.2359588000,1,SRM-USDT
2021-01-08 09:00:00,1610067600000,1.3530000000,1.3690000000,1.3150000000,1.3390000000,298935.5240000000,400723.2153711000,400723.2153711000,1,SRM-USDT
2021-01-08 10:00:00,1610071200000,1.3390000000,1.3400000000,1.2500000000,1.2860000000,356167.6005000000,460300.0849919000,460300.0849919000,1,SRM-USDT
2021-01-08 11:00:00,1610074800000,1.2850000000,1.3190000000,1.2800000000,1.3050000000,164643.2982000000,214938.6310459000,214938.6310459000,1,SRM-USDT
2021-01-08 12:00:00,1610078400000,1.3050000000,1.3330000000,1.2980000000,1.3280000000,181848.6475000000,239388.3933970000,239388.3933970000,1,SRM-USDT
2021-01-08 13:00:00,1610082000000,1.3280000000,1.3280000000,1.2920000000,1.2970000000,158583.7177000000,207046.6483535000,207046.6483535000,1,SRM-USDT
2021-01-08 14:00:00,1610085600000,1.2960000000,1.3380000000,1.2750000000,1.3190000000,208642.7409000000,273262.3208053000,273262.3208053000,1,SRM-USDT
2021-01-08 15:00:00,1610089200000,1.3190000000,1.3620000000,1.2920000000,1.3560000000,356266.9126000000,470911.2475259000,470911.2475259000,1,SRM-USDT
2021-01-08 16:00:00,1610092800000,1.3590000000,1.3610000000,1.3320000000,1.3480000000,208297.1232000000,279679.8938648000,279679.8938648000,1,SRM-USDT
2021-01-08 17:00:00,1610096400000,1.3470000000,1.3990000000,1.3300000000,1.3900000000,257072.9565000000,350609.9431822000,350609.9431822000,1,SRM-USDT
2021-01-08 18:00:00,1610100000000,1.3910000000,1.4990000000,1.3840000000,1.4800000000,1110417.1776000001,1621609.1352388000,1621609.1352388000,1,SRM-USDT
2021-01-08 19:00:00,1610103600000,1.4820000000,1.5210000000,1.4720000000,1.5070000000,640576.0827000000,955987.7246870000,955987.7246870000,1,SRM-USDT
2021-01-08 20:00:00,1610107200000,1.5070000000,1.6800000000,1.4940000000,1.6750000000,1233224.7038000000,1929002.1606212000,1929002.1606212000,1,SRM-USDT
2021-01-08 21:00:00,1610110800000,1.6770000000,1.9000000000,1.5850000000,1.8070000000,3211298.3243999998,5749389.4858507998,5749389.4858507998,1,SRM-USDT
2021-01-08 22:00:00,1610114400000,1.8100000000,1.8410000000,1.7050000000,1.7410000000,1246196.6978000000,2218641.9819891001,2218641.9819891001,1,SRM-USDT
2021-01-08 23:00:00,1610118000000,1.7410000000,1.8070000000,1.6430000000,1.7090000000,774789.0177000000,1345694.0466805999,1345694.0466805999,1,SRM-USDT
2021-01-09 00:00:00,1610121600000,1.7100000000,1.7520000000,1.6630000000,1.6950000000,641053.2855000000,1092751.2550598001,1092751.2550598001,1,SRM-USDT
2021-01-09 01:00:00,1610125200000,1.6970000000,1.7180000000,1.6710000000,1.6760000000,240231.2613000000,406709.2308473000,406709.2308473000,1,SRM-USDT
2021-01-09 02:00:00,1610128800000,1.6780000000,1.6920000000,1.5850000000,1.5950000000,621296.8969000001,1008324.6266230000,1008324.6266230000,1,SRM-USDT
2021-01-09 03:00:00,1610132400000,1.5940000000,1.6440000000,1.5930000000,1.5990000000,290083.5153000000,469031.8609146000,469031.8609146000,1,SRM-USDT
2021-01-09 04:00:00,1610136000000,1.5990000000,1.6000000000,1.5320000000,1.5460000000,522653.4292000000,816363.1215228999,816363.1215228999,1,SRM-USDT
2021-01-09 05:00:00,1610139600000,1.5420000000,1.6090000000,1.5180000000,1.6010000000,381490.7452000000,596100.1506982000,596100.1506982000,1,SRM-USDT
2021-01-09 06:00:00,1610143200000,1.5980000000,1.6690000000,1.5730000000,1.6620000000,286674.8601000000,465517.5260152000,465517.5260152000,1,SRM-USDT
2021-01-09 07:00:00,1610146800000,1.6630000000,1.6950000000,1.6290000000,1.6380000000,534270.4172000000,886474.0177216000,886474.0177216000,1,SRM-USDT
2021-01-09 08:00:00,1610150400000,1.6370000000,1.6400000000,1.5200000000,1.5500000000,777476.1361999999,1226900.3484459999,1226900.3484459999,1,SRM-USDT
2021-01-09 09:00:00,1610154000000,1.5450000000,1.5550000000,1.5030000000,1.5360000000,554716.5336000000,846401.7007934999,846401.7007934999,1,SRM-USDT
2021-01-09 10:00:00,1610157600000,1.5370000000,1.5850000000,1.5080000000,1.5350000000,627419.6037000000,963163.2166051000,963163.2166051000,1,SRM-USDT
2021-01-09 11:00:00,1610161200000,1.5370000000,1.6450000000,1.5330000000,1.6000000000,582836.8401000000,930856.5711718000,930856.5711718000,1,SRM-USDT
2021-01-09 12:00:00,1610164800000,1.6020000000,1.6150000000,1.5580000000,1.6140000000,454922.0982000000,723438.2292248000,723438.2292248000,1,SRM-USDT
2021-01-09 13:00:00,1610168400000,1.6130000000,1.6130000000,1.5200000000,1.5310000000,385641.8674000000,598648.0737424000,598648.0737424000,1,SRM-USDT
2021-01-09 14:00:00,1610172000000,1.5330000000,1.5590000000,1.5200000000,1.5230000000,353163.8418000000,544431.1502486001,544431.1502486001,1,SRM-USDT
2021-01-09 15:00:00,1610175600000,1.5260000000,1.5670000000,1.5120000000,1.5520000000,285382.9118000000,438986.5004162000,438986.5004162000,1,SRM-USDT
2021-01-09 16:00:00,1610179200000,1.5540000000,1.6470000000,1.5410000000,1.6370000000,609201.8921000001,978905.2823538000,978905.2823538000,1,SRM-USDT
2021-01-09 17:00:00,1610182800000,1.6380000000,1.6440000000,1.5790000000,1.5830000000,444124.9945000000,712288.3696406001,712288.3696406001,1,SRM-USDT
2021-01-09 18:00:00,1610186400000,1.5840000000,1.6180000000,1.5640000000,1.5740000000,315641.3449000000,501772.0681318000,501772.0681318000,1,SRM-USDT
2021-01-09 19:00:00,1610190000000,1.5740000000,1.6190000000,1.5660000000,1.5990000000,323392.7515000000,515024.6138784000,515024.6138784000,1,SRM-USDT
2021-01-09 20:00:00,1610193600000,1.6000000000,1.6830000000,1.5990000000,1.6690000000,424706.1443000000,695734.4133511001,695734.4133511001,1,SRM-USDT
2021-01-09 21:00:00,1610197200000,1.6690000000,1.7600000000,1.6620000000,1.6790000000,873432.5097000001,1488712.5492618999,1488712.5492618999,1,SRM-USDT
2021-01-09 22:00:00,1610200800000,1.6770000000,1.7330000000,1.6500000000,1.6790000000,568510.4702000000,961834.0562145000,961834.0562145000,1,SRM-USDT
2021-01-09 23:00:00,1610204400000,1.6810000000,1.7020000000,1.6100000000,1.6420000000,382548.8788000000,630875.2651810000,630875.2651810000,1,SRM-USDT
2021-01-10 00:00:00,1610208000000,1.6420000000,1.6450000000,1.6000000000,1.6070000000,301553.1619000000,487553.2115982000,487553.2115982000,1,SRM-USDT
2021-01-10 01:00:00,1610211600000,1.6070000000,1.6460000000,1.6010000000,1.6340000000,209357.0219000000,340221.3389238000,340221.3389238000,1,SRM-USDT
2021-01-10 02:00:00,1610215200000,1.6350000000,1.6990000000,1.6280000000,1.6980000000,250279.0160000000,416166.4360806000,416166.4360806000,1,SRM-USDT
2021-01-10 03:00:00,1610218800000,1.6990000000,1.7430000000,1.6790000000,1.7390000000,249101.1325000000,426301.2923281000,426301.2923281000,1,SRM-USDT
2021-01-10 04:00:00,1610222400000,1.7410000000,1.7780000000,1.6670000000,1.7730000000,446466.2623000000,769509.0257621000,769509.0257621000,1,SRM-USDT
2021-01-10 05:00:00,1610226000000,1.7710000000,1.7780000000,1.6940000000,1.7170000000,240713.8397000000,415848.8559267000,415848.8559267000,1,SRM-USDT
2021-01-10 06:00:00,1610229600000,1.7170000000,1.7680000000,1.7000000000,1.7570000000,386491.1701000000,675847.3149170000,675847.3149170000,1,SRM-USDT
2021-01-10 07:00:00,1610233200000,1.7570000000,1.7630000000,1.7090000000,1.7320000000,372782.5969000000,644712.9629165001,644712.9629165001,1,SRM-USDT
2021-01-10 08:00:00,1610236800000,1.7330000000,1.7550000000,1.7200000000,1.7240000000,237888.4922000000,412477.2278431000,412477.2278431000,1,SRM-USDT
2021-01-10 09:00:00,1610240400000,1.7220000000,1.7670000000,1.7100000000,1.7620000000,206057.0742000000,359705.9645683000,359705.9645683000,1,SRM-USDT
2021-01-10 10:00:00,1610244000000,1.7620000000,1.7650000000,1.7460000000,1.7520000000,158954.2729000000,278930.0366900000,278930.0366900000,1,SRM-USDT
2021-01-10 11:00:00,1610247600000,1.7510000000,1.7710000000,1.7190000000,1.7190000000,223851.5303000000,390369.4634785000,390369.4634785000,1,SRM-USDT
2021-01-10 12:00:00,1610251200000,1.7200000000,1.8000000000,1.7190000000,1.7980000000,356296.2197000000,628047.5248287000,628047.5248287000,1,SRM-USDT
2021-01-10 13:00:00,1610254800000,1.7970000000,1.8660000000,1.7650000000,1.8050000000,746251.7449000000,1361380.0362149000,1361380.0362149000,1,SRM-USDT
2021-01-10 14:00:00,1610258400000,1.8050000000,1.8580000000,1.7750000000,1.8480000000,346132.1354000000,626414.5841716001,626414.5841716001,1,SRM-USDT
2021-01-10 15:00:00,1610262000000,1.8490000000,1.8860000000,1.8310000000,1.8380000000,299650.6572000000,555569.6198841000,555569.6198841000,1,SRM-USDT
2021-01-10 16:00:00,1610265600000,1.8390000000,1.8880000000,1.8320000000,1.8880000000,275113.1081000000,513237.5919404000,513237.5919404000,1,SRM-USDT
2021-01-10 17:00:00,1610269200000,1.8880000000,1.9280000000,1.8690000000,1.8770000000,519936.0295000000,986838.3905824000,986838.3905824000,1,SRM-USDT
2021-01-10 18:00:00,1610272800000,1.8770000000,1.8790000000,1.7000000000,1.7730000000,793913.6453000000,1428971.3014054000,1428971.3014054000,1,SRM-USDT
2021-01-10 19:00:00,1610276400000,1.7720000000,1.7720000000,1.6480000000,1.6580000000,786744.4550000000,1331807.4641275001,1331807.4641275001,1,SRM-USDT
2021-01-10 20:00:00,1610280000000,1.6560000000,1.7090000000,1.5670000000,1.6960000000,776267.2778000000,1281936.4674173000,1281936.4674173000,1,SRM-USDT
2021-01-10 21:00:00,1610283600000,1.6980000000,1.7580000000,1.6890000000,1.7290000000,360628.2635000000,624213.0206356000,624213.0206356000,1,SRM-USDT
2021-01-10 22:00:00,1610287200000,1.7290000000,1.7290000000,1.6220000000,1.6370000000,416657.6097000000,699946.2282047000,699946.2282047000,1,SRM-USDT
2021-01-10 23:00:00,1610290800000,1.6350000000,1.6920000000,1.6100000000,1.6750000000,298362.1385000000,495231.3044266000,495231.3044266000,1,SRM-USDT
2021-01-11 00:00:00,1610294400000,1.6750000000,1.6960000000,1.6180000000,1.6370000000,288853.7704000000,477467.7576735000,477467.7576735000,1,SRM-USDT
2021-01-11 01:00:00,1610298000000,1.6370000000,1.6480000000,1.5260000000,1.6040000000,666999.3049000000,1054790.8626716000,1054790.8626716000,1,SRM-USDT
2021-01-11 02:00:00,1610301600000,1.6030000000,1.6150000000,1.5750000000,1.5930000000,482917.9206000000,768859.8324011000,768859.8324011000,1,SRM-USDT
2021-01-11 03:00:00,1610305200000,1.5920000000,1.6230000000,1.5460000000,1.5640000000,340154.0442000000,538253.5711440000,538253.5711440000,1,SRM-USDT
2021-01-11 04:00:00,1610308800000,1.5640000000,1.6080000000,1.4910000000,1.6050000000,523705.9839000000,807396.7542570001,807396.7542570001,1,SRM-USDT
2021-01-11 05:00:00,1610312400000,1.6060000000,1.6420000000,1.5830000000,1.6420000000,307193.6386000000,493898.1975978000,493898.1975978000,1,SRM-USDT
2021-01-11 06:00:00,1610316000000,1.6420000000,1.6600000000,1.6190000000,1.6280000000,244995.9489000000,401886.3884456000,401886.3884456000,1,SRM-USDT
2021-01-11 07:00:00,1610319600000,1.6280000000,1.6420000000,1.6050000000,1.6190000000,172905.9420000000,281034.0719825000,281034.0719825000,1,SRM-USDT
2021-01-11 08:00:00,1610323200000,1.6200000000,1.6210000000,1.5550000000,1.5780000000,336824.5510000000,533007.0423834000,533007.0423834000,1,SRM-USDT
2021-01-11 09:00:00,1610326800000,1.5810000000,1.5910000000,1.5380000000,1.5580000000,217044.0808000000,340549.7106832000,340549.7106832000,1,SRM-USDT
2021-01-11 10:00:00,1610330400000,1.5570000000,1.5670000000,1.4970000000,1.5140000000,313589.5615000000,477442.9383977000,477442.9383977000,1,SRM-USDT
2021-01-11 11:00:00,1610334000000,1.5130000000,1.5220000000,1.3240000000,1.4120000000,857563.6810000000,1206756.4526726999,1206756.4526726999,1,SRM-USDT
2021-01-11 12:00:00,1610337600000,1.4200000000,1.4520000000,1.3500000000,1.4190000000,478854.5783000000,671458.8683237000,671458.8683237000,1,SRM-USDT
2021-01-11 13:00:00,1610341200000,1.4200000000,1.4480000000,1.3930000000,1.4040000000,319237.2235000000,454123.5472275000,454123.5472275000,1,SRM-USDT
2021-01-11 14:00:00,1610344800000,1.4040000000,1.4100000000,1.3150000000,1.3210000000,536285.0601999999,728370.6208857000,728370.6208857000,1,SRM-USDT
2021-01-11 15:00:00,1610348400000,1.3230000000,1.4180000000,1.3060000000,1.4150000000,487784.8005000000,666308.3198939000,666308.3198939000,1,SRM-USDT
2021-01-11 16:00:00,1610352000000,1.4140000000,1.4730000000,1.3880000000,1.4600000000,248586.2704000000,357422.9188143000,357422.9188143000,1,SRM-USDT
2021-01-11 17:00:00,1610355600000,1.4570000000,1.4950000000,1.4460000000,1.4940000000,309343.1547000000,452455.3431634000,452455.3431634000,1,SRM-USDT
2021-01-11 18:00:00,1610359200000,1.4920000000,1.5220000000,1.4640000000,1.4650000000,262900.2765000000,392609.2617516000,392609.2617516000,1,SRM-USDT
2021-01-11 19:00:00,1610362800000,1.4620000000,1.4740000000,1.4010000000,1.4120000000,261870.6734000000,378942.7662889000,378942.7662889000,1,SRM-USDT
2021-01-11 20:00:00,1610366400000,1.4120000000,1.4540000000,1.3770000000,1.4170000000,392761.1337000000,559074.4604938000,559074.4604938000,1,SRM-USDT
2021-01-11 21:00:00,1610370000000,1.4170000000,1.4240000000,1.3720000000,1.3740000000,315136.4697000000,441275.1981904000,441275.1981904000,1,SRM-USDT
2021-01-11 22:00:00,1610373600000,1.3760000000,1.3850000000,1.2800000000,1.3720000000,514748.5910000000,690392.8451466000,690392.8451466000,1,SRM-USDT
2021-01-11 23:00:00,1610377200000,1.3720000000,1.3900000000,1.2950000000,1.2960000000,374203.6510000000,499225.3419263000,499225.3419263000,1,SRM-USDT
2021-01-12 00:00:00,1610380800000,1.2960000000,1.3170000000,1.2160000000,1.2690000000,760709.7693000000,961156.5921195000,961156.5921195000,1,SRM-USDT
2021-01-12 01:00:00,1610384400000,1.2730000000,1.3440000000,1.2520000000,1.3330000000,363099.8333000000,473362.9914700000,473362.9914700000,1,SRM-USDT
2021-01-12 02:00:00,1610388000000,1.3330000000,1.3770000000,1.3210000000,1.3440000000,245517.2277000000,331362.9590754000,331362.9590754000,1,SRM-USDT
2021-01-12 03:00:00,1610391600000,1.3400000000,1.3520000000,1.2460000000,1.2880000000,391123.9340000000,504660.1382577000,504660.1382577000,1,SRM-USDT
2021-01-12 04:00:00,1610395200000,1.2890000000,1.3230000000,1.2580000000,1.3220000000,323140.5119000000,414802.3290569000,414802.3290569000,1,SRM-USDT
2021-01-12 05:00:00,1610398800000,1.3220000000,1.3820000000,1.3100000000,1.3560000000,216943.3627000000,291164.7805024000,291164.7805024000,1,SRM-USDT
2021-01-12 06:00:00,1610402400000,1.3550000000,1.3990000000,1.3380000000,1.3860000000,205758.4652000000,283684.1226031000,283684.1226031000,1,SRM-USDT
2021-01-12 07:00:00,1610406000000,1.3910000000,1.4200000000,1.3840000000,1.4130000000,224112.0116000000,313980.1212949000,313980.1212949000,1,SRM-USDT
2021-01-12 08:00:00,1610409600000,1.4120000000,1.4180000000,1.3500000000,1.3920000000,338588.6270000000,468175.0932098000,468175.0932098000,1,SRM-USDT
2021-01-12 09:00:00,1610413200000,1.3930000000,1.4240000000,1.3630000000,1.3720000000,210455.5259000000,293893.1468392000,293893.1468392000,1,SRM-USDT
2021-01-12 10:00:00,1610416800000,1.3730000000,1.4250000000,1.3660000000,1.4220000000,186364.0082000000,259886.8038871000,259886.8038871000,1,SRM-USDT
2021-01-12 11:00:00,1610420400000,1.4200000000,1.4620000000,1.4200000000,1.4600000000,195804.0340000000,282506.2044910000,282506.2044910000,1,SRM-USDT
2021-01-12 12:00:00,1610424000000,1.4590000000,1.4780000000,1.4320000000,1.4630000000,194197.0191000000,282024.0760629000,282024.0760629000,1,SRM-USDT
2021-01-12 13:00:00,1610427600000,1.4650000000,1.5020000000,1.4440000000,1.4960000000,238124.3661000000,350622.9390384000,350622.9390384000,1,SRM-USDT
2021-01-12 14:00:00,1610431200000,1.4970000000,1.5850000000,1.4960000000,1.5460000000,459218.8128000000,708762.3555650000,708762.3555650000,1,SRM-USDT
2021-01-12 15:00:00,1610434800000,1.5460000000,1.5540000000,1.5130000000,1.5500000000,217343.0371000000,333204.6163264000,333204.6163264000,1,SRM-USDT
2021-01-12 16:00:00,1610438400000,1.5510000000,1.5560000000,1.4740000000,1.4990000000,378152.8843000000,572498.4734562000,572498.4734562000,1,SRM-USDT
2021-01-12 17:00:00,1610442000000,1.5000000000,1.5140000000,1.4750000000,1.4900000000,179119.9102000000,267006.1900974000,267006.1900974000,1,SRM-USDT
2021-01-12 18:00:00,1610445600000,1.4890000000,1.5020000000,1.4380000000,1.4580000000,222627.6837000000,324990.3347136000,324990.3347136000,1,SRM-USDT
2021-01-12 19:00:00,1610449200000,1.4620000000,1.4890000000,1.4570000000,1.4710000000,147803.2964000000,218089.6892035000,218089.6892035000,1,SRM-USDT
2021-01-12 20:00:00,1610452800000,1.4710000000,1.5110000000,1.4480000000,1.4490000000,196754.6400000000,291067.9394930000,291067.9394930000,1,SRM-USDT
2021-01-12 21:00:00,1610456400000,1.4480000000,1.4650000000,1.3420000000,1.3460000000,464474.3234000000,647772.5444956000,647772.5444956000,1,SRM-USDT
2021-01-12 22:00:00,1610460000000,1.3470000000,1.3850000000,1.3000000000,1.3480000000,552796.8554999999,741101.8900795000,741101.8900795000,1,SRM-USDT
2021-01-12 23:00:00,1610463600000,1.3500000000,1.4270000000,1.3500000000,1.4120000000,481655.2301000000,674727.7197213999,674727.7197213999,1,SRM-USDT
2021-01-13 00:00:00,1610467200000,1.4120000000,1.4620000000,1.4120000000,1.4600000000,243610.5849000000,350848.2730580000,350848.2730580000,1,SRM-USDT
2021-01-13 01:00:00,1610470800000,1.4600000000,1.4980000000,1.4390000000,1.4830000000,233578.4219000000,342281.5415346000,342281.5415346000,1,SRM-USDT
2021-01-13 02:00:00,1610474400000,1.4830000000,1.5370000000,1.4750000000,1.5180000000,389862.0249000000,583957.2856129000,583957.2856129000,1,SRM-USDT
2021-01-13 03:00:00,1610478000000,1.5200000000,1.5200000000,1.4730000000,1.5010000000,300455.5286000000,450216.8968959000,450216.8968959000,1,SRM-USDT
2021-01-13 04:00:00,1610481600000,1.5010000000,1.5460000000,1.4870000000,1.5450000000,307756.4392000000,465748.9953308000,465748.9953308000,1,SRM-USDT
2021-01-13 05:00:00,1610485200000,1.5430000000,1.5480000000,1.4690000000,1.5030000000,257616.8622000000,389774.1272066000,389774.1272066000,1,SRM-USDT
2021-01-13 06:00:00,1610488800000,1.5030000000,1.5130000000,1.4320000000,1.4420000000,205514.1976000000,302225.1788279000,302225.1788279000,1,SRM-USDT
2021-01-13 07:00:00,1610492400000,1.4420000000,1.4600000000,1.4230000000,1.4460000000,220286.9209000000,316189.6077278000,316189.6077278000,1,SRM-USDT
2021-01-13 08:00:00,1610496000000,1.4450000000,1.4450000000,1.3760000000,1.3780000000,172725.0685000000,242370.3316074000,242370.3316074000,1,SRM-USDT
2021-01-13 09:00:00,1610499600000,1.3770000000,1.4120000000,1.3770000000,1.4100000000,185395.6560000000,258889.5445326000,258889.5445326000,1,SRM-USDT
2021-01-13 10:00:00,1610503200000,1.4040000000,1.4250000000,1.3870000000,1.4080000000,266388.7649000000,374485.5061904000,374485.5061904000,1,SRM-USDT
2021-01-13 11:00:00,1610506800000,1.4070000000,1.4400000000,1.4070000000,1.4350000000,170718.3417000000,243803.0120811000,243803.0120811000,1,SRM-USDT
2021-01-13 12:00:00,1610510400000,1.4330000000,1.4350000000,1.4050000000,1.4140000000,104950.7763000000,149142.2511631000,149142.2511631000,1,SRM-USDT
2021-01-13 13:00:00,1610514000000,1.4160000000,1.4280000000,1.3940000000,1.4140000000,121837.9894000000,171749.0558637000,171749.0558637000,1,SRM-USDT
2021-01-13 14:00:00,1610517600000,1.4160000000,1.4360000000,1.4040000000,1.4280000000,100392.7451000000,142650.8709780000,142650.8709780000,1,SRM-USDT
2021-01-13 15:00:00,1610521200000,1.4300000000,1.4880000000,1.4260000000,1.4870000000,168279.0294000000,245966.4106217000,245966.4106217000,1,SRM-USDT
2021-01-13 16:00:00,1610524800000,1.4870000000,1.4920000000,1.4710000000,1.4850000000,187637.7221000000,277652.0375151000,277652.0375151000,1,SRM-USDT
2021-01-13 17:00:00,1610528400000,1.4860000000,1.5220000000,1.4840000000,1.4950000000,270712.1050000000,408251.4917962000,408251.4917962000,1,SRM-USDT
2021-01-13 18:00:00,1610532000000,1.4970000000,1.5360000000,1.4970000000,1.5330000000,192357.4116000000,293110.0275425000,293110.0275425000,1,SRM-USDT
2021-01-13 19:00:00,1610535600000,1.5330000000,1.5740000000,1.4970000000,1.5100000000,340468.9762000000,523179.1522666000,523179.1522666000,1,SRM-USDT
2021-01-13 20:00:00,1610539200000,1.5100000000,1.5460000000,1.4760000000,1.5440000000,366823.1313000000,551919.4961105000,551919.4961105000,1,SRM-USDT
2021-01-13 21:00:00,1610542800000,1.5460000000,1.5590000000,1.5180000000,1.5470000000,235303.8047000000,362949.5724536000,362949.5724536000,1,SRM-USDT
2021-01-13 22:00:00,1610546400000,1.5470000000,1.5570000000,1.5110000000,1.5130000000,272566.4353000000,421743.6907052000,421743.6907052000,1,SRM-USDT
2021-01-13 23:00:00,1610550000000,1.5120000000,1.5330000000,1.5040000000,1.5320000000,162449.5867000000,247349.6070405000,247349.6070405000,1,SRM-USDT
2021-01-14 00:00:00,1610553600000,1.5330000000,1.6170000000,1.5290000000,1.6100000000,775420.5069000000,1225835.3065953001,1225835.3065953001,1,SRM-USDT
2021-01-14 01:00:00,1610557200000,1.6110000000,1.6860000000,1.6110000000,1.6490000000,638091.7831999999,1055945.6582873000,1055945.6582873000,1,SRM-USDT
2021-01-14 02:00:00,1610560800000,1.6490000000,1.6780000000,1.6360000000,1.6420000000,212748.0324000000,351560.2603511000,351560.2603511000,1,SRM-USDT
2021-01-14 03:00:00,1610564400000,1.6420000000,1.6740000000,1.6200000000,1.6260000000,265930.9926000000,437955.2917664000,437955.2917664000,1,SRM-USDT
2021-01-14 04:00:00,1610568000000,1.6240000000,1.6740000000,1.6240000000,1.6650000000,181563.0118000000,299749.6725433000,299749.6725433000,1,SRM-USDT
2021-01-14 05:00:00,1610571600000,1.6660000000,1.6730000000,1.6290000000,1.6510000000,143365.9610000000,236756.3011044000,236756.3011044000,1,SRM-USDT
2021-01-14 06:00:00,1610575200000,1.6490000000,1.6570000000,1.6170000000,1.6180000000,163579.6262000000,268214.7458745000,268214.7458745000,1,SRM-USDT
2021-01-14 07:00:00,1610578800000,1.6210000000,1.6580000000,1.5990000000,1.6560000000,248440.0702000000,404362.2693067000,404362.2693067000,1,SRM-USDT
2021-01-14 08:00:00,1610582400000,1.6570000000,1.6960000000,1.6250000000,1.6330000000,401664.5736000000,669313.5510145000,669313.5510145000,1,SRM-USDT
2021-01-14 09:00:00,1610586000000,1.6320000000,1.6320000000,1.5980000000,1.6030000000,211509.0483000000,341050.4846591000,341050.4846591000,1,SRM-USDT
2021-01-14 10:00:00,1610589600000,1.6030000000,1.6250000000,1.5840000000,1.6150000000,257934.8863000000,414168.0477801000,414168.0477801000,1,SRM-USDT
2021-01-14 11:00:00,1610593200000,1.6170000000,1.6170000000,1.5760000000,1.5780000000,153001.9620000000,245086.2534492000,245086.2534492000,1,SRM-USDT
2021-01-14 12:00:00,1610596800000,1.5770000000,1.5940000000,1.5670000000,1.5930000000,221886.3236000000,350059.5136814000,350059.5136814000,1,SRM-USDT
2021-01-14 13:00:00,1610600400000,1.5950000000,1.6120000000,1.5890000000,1.6030000000,164451.4406000000,263844.3775977000,263844.3775977000,1,SRM-USDT
2021-01-14 14:00:00,1610604000000,1.6040000000,1.6350000000,1.6040000000,1.6270000000,130461.0124000000,211248.6324235000,211248.6324235000,1,SRM-USDT
2021-01-14 15:00:00,1610607600000,1.6300000000,1.6500000000,1.6210000000,1.6410000000,176500.2597000000,289164.2840008000,289164.2840008000,1,SRM-USDT
2021-01-14 16:00:00,1610611200000,1.6410000000,1.6480000000,1.6150000000,1.6260000000,134972.3911000000,220203.1308209000,220203.1308209000,1,SRM-USDT
2021-01-14 17:00:00,1610614800000,1.6270000000,1.6290000000,1.5910000000,1.5960000000,131688.9402000000,212092.2706440000,212092.2706440000,1,SRM-USDT
2021-01-14 18:00:00,1610618400000,1.5940000000,1.6210000000,1.5910000000,1.6150000000,245404.2875000000,395343.0632478000,395343.0632478000,1,SRM-USDT
2021-01-14 19:00:00,1610622000000,1.6140000000,1.6400000000,1.6060000000,1.6080000000,154419.8817000000,250504.9555853000,250504.9555853000,1,SRM-USDT
2021-01-14 20:00:00,1610625600000,1.6090000000,1.6130000000,1.5780000000,1.6040000000,253025.1096000000,402359.3503074000,402359.3503074000,1,SRM-USDT
2021-01-14 21:00:00,1610629200000,1.6080000000,1.6660000000,1.6040000000,1.6650000000,202769.1681000000,332803.5102912000,332803.5102912000,1,SRM-USDT
2021-01-14 22:00:00,1610632800000,1.6660000000,1.6810000000,1.6470000000,1.6610000000,212198.7663000000,353275.5239590000,353275.5239590000,1,SRM-USDT
2021-01-14 23:00:00,1610636400000,1.6610000000,1.7290000000,1.6390000000,1.7050000000,387129.6354000000,652550.5419901001,652550.5419901001,1,SRM-USDT
2021-01-15 00:00:00,1610640000000,1.7060000000,1.7200000000,1.6700000000,1.6700000000,177024.6106000000,299525.1240909000,299525.1240909000,1,SRM-USDT
2021-01-15 01:00:00,1610643600000,1.6700000000,1.7190000000,1.6700000000,1.6830000000,123577.5648000000,209049.6384732000,209049.6384732000,1,SRM-USDT
2021-01-15 02:00:00,1610647200000,1.6820000000,1.6990000000,1.6680000000,1.6690000000,127619.0764000000,214639.3879260000,214639.3879260000,1,SRM-USDT
2021-01-15 03:00:00,1610650800000,1.6690000000,1.6770000000,1.6580000000,1.6690000000,122611.4088000000,204808.6802951000,204808.6802951000,1,SRM-USDT
2021-01-15 04:00:00,1610654400000,1.6720000000,1.6800000000,1.6420000000,1.6430000000,103617.9316000000,172734.9913273000,172734.9913273000,1,SRM-USDT
2021-01-15 05:00:00,1610658000000,1.6420000000,1.6520000000,1.5800000000,1.6130000000,310679.9760000000,498655.0106522000,498655.0106522000,1,SRM-USDT
2021-01-15 06:00:00,1610661600000,1.6140000000,1.6510000000,1.6100000000,1.6430000000,120856.3151000000,196686.7226828000,196686.7226828000,1,SRM-USDT
2021-01-15 07:00:00,1610665200000,1.6440000000,1.6990000000,1.6440000000,1.6970000000,161818.2254000000,271302.9002805000,271302.9002805000,1,SRM-USDT
2021-01-15 08:00:00,1610668800000,1.6980000000,1.7060000000,1.6620000000,1.6740000000,186855.4474000000,315479.1640445000,315479.1640445000,1,SRM-USDT
2021-01-15 09:00:00,1610672400000,1.6740000000,1.7000000000,1.6680000000,1.6820000000,235362.6751000000,398206.6245584000,398206.6245584000,1,SRM-USDT
2021-01-15 10:00:00,1610676000000,1.6830000000,1.7160000000,1.6640000000,1.7030000000,157198.3915000000,266692.3313499000,266692.3313499000,1,SRM-USDT
2021-01-15 11:00:00,1610679600000,1.7030000000,1.7040000000,1.6350000000,1.6460000000,182557.7865000000,302776.0145577000,302776.0145577000,1,SRM-USDT
2021-01-15 12:00:00,1610683200000,1.6480000000,1.6490000000,1.6210000000,1.6350000000,97097.6063000000,158832.9875740000,158832.9875740000,1,SRM-USDT
2021-01-15 13:00:00,1610686800000,1.6350000000,1.6680000000,1.5890000000,1.5890000000,337914.0918000000,550185.3081367000,550185.3081367000,1,SRM-USDT
2021-01-15 14:00:00,1610690400000,1.5880000000,1.6020000000,1.5610000000,1.5820000000,522063.9477000000,822324.4617942000,822324.4617942000,1,SRM-USDT
2021-01-15 15:00:00,1610694000000,1.5820000000,1.6210000000,1.5700000000,1.6200000000,180995.6605000000,290670.4549107000,290670.4549107000,1,SRM-USDT
2021-01-15 16:00:00,1610697600000,1.6200000000,1.6340000000,1.5980000000,1.6200000000,194749.0424000000,314474.7446981000,314474.7446981000,1,SRM-USDT
2021-01-15 17:00:00,1610701200000,1.6200000000,1.7100000000,1.6070000000,1.7100000000,317676.9544000000,526698.3871190000,526698.3871190000,1,SRM-USDT
2021-01-15 18:00:00,1610704800000,1.7110000000,1.7550000000,1.6880000000,1.7280000000,706417.1699000000,1216816.9444718999,1216816.9444718999,1,SRM-USDT
2021-01-15 19:00:00,1610708400000,1.7270000000,1.7330000000,1.6840000000,1.7110000000,229922.2717000000,392871.2244491000,392871.2244491000,1,SRM-USDT
2021-01-15 20:00:00,1610712000000,1.7110000000,1.7200000000,1.6130000000,1.6600000000,373178.4812000000,617651.7819917999,617651.7819917999,1,SRM-USDT
2021-01-15 21:00:00,1610715600000,1.6580000000,1.7120000000,1.6390000000,1.7120000000,353397.3014000000,590670.0860040000,590670.0860040000,1,SRM-USDT
2021-01-15 22:00:00,1610719200000,1.7130000000,1.7320000000,1.6160000000,1.6410000000,334034.8568000000,556511.5005219000,556511.5005219000,1,SRM-USDT
2021-01-15 23:00:00,1610722800000,1.6390000000,1.6600000000,1.5220000000,1.5340000000,430121.8360000000,686915.4601306000,686915.4601306000,1,SRM-USDT
2021-01-16 00:00:00,1610726400000,1.5320000000,1.6000000000,1.4950000000,1.6000000000,694363.2260000000,1078677.4331109000,1078677.4331109000,1,SRM-USDT
2021-01-16 01:00:00,1610730000000,1.6010000000,1.6040000000,1.5740000000,1.5980000000,221010.3639000000,352267.3313254000,352267.3313254000,1,SRM-USDT
2021-01-16 02:00:00,1610733600000,1.5970000000,1.6420000000,1.5840000000,1.5910000000,235481.9159000000,378768.5848505000,378768.5848505000,1,SRM-USDT
2021-01-16 03:00:00,1610737200000,1.5920000000,1.6500000000,1.5880000000,1.6130000000,189229.6328000000,306779.7954925000,306779.7954925000,1,SRM-USDT
2021-01-16 04:00:00,1610740800000,1.6130000000,1.6390000000,1.5890000000,1.6320000000,144959.3132000000,233857.1190491000,233857.1190491000,1,SRM-USDT
2021-01-16 05:00:00,1610744400000,1.6310000000,1.6790000000,1.6250000000,1.6760000000,177536.4894000000,292944.2858631000,292944.2858631000,1,SRM-USDT
2021-01-16 06:00:00,1610748000000,1.6760000000,1.6970000000,1.6540000000,1.6910000000,163950.5650000000,275080.3700313000,275080.3700313000,1,SRM-USDT
2021-01-16 07:00:00,1610751600000,1.6910000000,1.7120000000,1.6730000000,1.7100000000,181544.3083000000,307502.7810923000,307502.7810923000,1,SRM-USDT
2021-01-16 08:00:00,1610755200000,1.7100000000,1.7310000000,1.7020000000,1.7310000000,228246.5136000000,391427.1038611000,391427.1038611000,1,SRM-USDT
2021-01-16 09:00:00,1610758800000,1.7330000000,1.7590000000,1.7100000000,1.7200000000,358623.8306000000,624351.5932899000,624351.5932899000,1,SRM-USDT
2021-01-16 10:00:00,1610762400000,1.7150000000,1.7430000000,1.6990000000,1.7050000000,207455.8760000000,357266.1649776000,357266.1649776000,1,SRM-USDT
2021-01-16 11:00:00,1610766000000,1.7040000000,1.7640000000,1.7030000000,1.7500000000,195291.4289000000,340440.6043783000,340440.6043783000,1,SRM-USDT
2021-01-16 12:00:00,1610769600000,1.7530000000,1.7970000000,1.7410000000,1.7880000000,230077.8172000000,406811.3838863000,406811.3838863000,1,SRM-USDT
2021-01-16 13:00:00,1610773200000,1.7890000000,1.7890000000,1.7060000000,1.7410000000,217177.0403000000,378128.3188377000,378128.3188377000,1,SRM-USDT
2021-01-16 14:00:00,1610776800000,1.7420000000,1.8390000000,1.7380000000,1.8350000000,439103.8244000000,791249.7428066999,791249.7428066999,1,SRM-USDT
2021-01-16 15:00:00,1610780400000,1.8360000000,1.8440000000,1.7910000000,1.8180000000,324809.4497000000,589180.5030397000,589180.5030397000,1,SRM-USDT
2021-01-16 16:00:00,1610784000000,1.8170000000,1.8630000000,1.8170000000,1.8340000000,236594.2595000000,435911.8747909000,435911.8747909000,1,SRM-USDT
2021-01-16 17:00:00,1610787600000,1.8330000000,1.8380000000,1.7950000000,1.8360000000,161086.4918000000,291409.3241483000,291409.3241483000,1,SRM-USDT
2021-01-16 18:00:00,1610791200000,1.8390000000,1.8580000000,1.8320000000,1.8440000000,222510.4101000000,410635.7650385000,410635.7650385000,1,SRM-USDT
2021-01-16 19:00:00,1610794800000,1.8440000000,1.8940000000,1.8330000000,1.8930000000,216238.0238000000,402329.4594015000,402329.4594015000,1,SRM-USDT
2021-01-16 20:00:00,1610798400000,1.8940000000,1.8960000000,1.7950000000,1.8390000000,289595.5269000000,534756.0997932000,534756.0997932000,1,SRM-USDT
2021-01-16 21:00:00,1610802000000,1.8390000000,1.8490000000,1.7960000000,1.7980000000,228963.2477000000,417202.5677318000,417202.5677318000,1,SRM-USDT
2021-01-16 22:00:00,1610805600000,1.7970000000,1.8530000000,1.7820000000,1.8400000000,225182.5036000000,407847.1396288000,407847.1396288000,1,SRM-USDT
2021-01-16 23:00:00,1610809200000,1.8410000000,1.9660000000,1.8280000000,1.9460000000,398963.2907000000,752789.3231262000,752789.3231262000,1,SRM-USDT
2021-01-17 00:00:00,1610812800000,1.9460000000,1.9660000000,1.8430000000,1.8570000000,491382.9585000000,935880.5015184000,935880.5015184000,1,SRM-USDT
2021-01-17 01:00:00,1610816400000,1.8560000000,1.8830000000,1.8190000000,1.8360000000,218515.0327000000,403096.4975891000,403096.4975891000,1,SRM-USDT
2021-01-17 02:00:00,1610820000000,1.8380000000,1.8650000000,1.7860000000,1.7940000000,206399.0981000000,379207.9327671000,379207.9327671000,1,SRM-USDT
2021-01-17 03:00:00,1610823600000,1.7900000000,1.8080000000,1.7420000000,1.8000000000,467741.7973000000,828543.4468452000,828543.4468452000,1,SRM-USDT
2021-01-17 04:00:00,1610827200000,1.7970000000,1.8440000000,1.7950000000,1.8400000000,176852.3437000000,321045.9010609000,321045.9010609000,1,SRM-USDT
2021-01-17 05:00:00,1610830800000,1.8440000000,1.8440000000,1.7300000000,1.7520000000,311293.0116000000,553517.3823028000,553517.3823028000,1,SRM-USDT
2021-01-17 06:00:00,1610834400000,1.7550000000,1.7700000000,1.7090000000,1.7690000000,195645.0765000000,342230.3639259000,342230.3639259000,1,SRM-USDT
2021-01-17 07:00:00,1610838000000,1.7680000000,1.8000000000,1.7330000000,1.7760000000,269340.7339000000,476414.7399273000,476414.7399273000,1,SRM-USDT
2021-01-17 08:00:00,1610841600000,1.7740000000,1.7880000000,1.6950000000,1.7830000000,363362.0847000000,631987.2409327000,631987.2409327000,1,SRM-USDT
2021-01-17 09:00:00,1610845200000,1.7840000000,1.7840000000,1.7320000000,1.7620000000,193844.7454000000,340358.4406601000,340358.4406601000,1,SRM-USDT
2021-01-17 10:00:00,1610848800000,1.7620000000,1.7880000000,1.7530000000,1.7680000000,238641.2084000000,422970.5805330000,422970.5805330000,1,SRM-USDT
2021-01-17 11:00:00,1610852400000,1.7690000000,1.8030000000,1.7520000000,1.8000000000,228646.7645000000,407852.4813097000,407852.4813097000,1,SRM-USDT
2021-01-17 12:00:00,1610856000000,1.8000000000,1.8290000000,1.7420000000,1.7420000000,286330.2031000000,513761.2821498000,513761.2821498000,1,SRM-USDT
2021-01-17 13:00:00,1610859600000,1.7410000000,1.7510000000,1.6970000000,1.7000000000,315381.4688000000,543474.0417100000,543474.0417100000,1,SRM-USDT
2021-01-17 14:00:00,1610863200000,1.7000000000,1.7210000000,1.6780000000,1.7030000000,226937.8135000000,384313.9484180000,384313.9484180000,1,SRM-USDT
2021-01-17 15:00:00,1610866800000,1.7030000000,1.7190000000,1.6300000000,1.6500000000,330989.3330000000,551882.2735266000,551882.2735266000,1,SRM-USDT
2021-01-17 16:00:00,1610870400000,1.6500000000,1.6590000000,1.6130000000,1.6510000000,245965.1323000000,403435.1882797000,403435.1882797000,1,SRM-USDT
2021-01-17 17:00:00,1610874000000,1.6520000000,1.6810000000,1.6020000000,1.6100000000,318230.5817000000,522503.2630627000,522503.2630627000,1,SRM-USDT
2021-01-17 18:00:00,1610877600000,1.6110000000,1.6740000000,1.6010000000,1.6690000000,226772.6361000000,372100.1708612000,372100.1708612000,1,SRM-USDT
2021-01-17 19:00:00,1610881200000,1.6680000000,1.7030000000,1.6630000000,1.7000000000,210050.8790000000,353499.9829474000,353499.9829474000,1,SRM-USDT
2021-01-17 20:00:00,1610884800000,1.7020000000,1.7210000000,1.6730000000,1.6820000000,290149.9393000000,493093.3298260000,493093.3298260000,1,SRM-USDT
2021-01-17 21:00:00,1610888400000,1.6820000000,1.7170000000,1.6600000000,1.6620000000,251363.1889000000,426081.5994010000,426081.5994010000,1,SRM-USDT
2021-01-17 22:00:00,1610892000000,1.6630000000,1.7010000000,1.6510000000,1.6830000000,243984.8520000000,407511.1425480000,407511.1425480000,1,SRM-USDT
2021-01-17 23:00:00,1610895600000,1.6800000000,1.7480000000,1.6800000000,1.7390000000,292401.8717000000,503896.2319640000,503896.2319640000,1,SRM-USDT
2021-01-18 00:00:00,1610899200000,1.7420000000,1.7690000000,1.7210000000,1.7570000000,247700.1383000000,432776.1850060000,432776.1850060000,1,SRM-USDT
2021-01-18 01:00:00,1610902800000,1.7590000000,1.7740000000,1.7340000000,1.7700000000,160393.4403000000,281750.5127190000,281750.5127190000,1,SRM-USDT
2021-01-18 02:00:00,1610906400000,1.7760000000,1.8140000000,1.7690000000,1.8070000000,268118.1943000000,481332.3049822000,481332.3049822000,1,SRM-USDT
2021-01-18 03:00:00,1610910000000,1.8080000000,1.8340000000,1.7580000000,1.7810000000,232123.3243000000,420911.9592833000,420911.9592833000,1,SRM-USDT
2021-01-18 04:00:00,1610913600000,1.7830000000,1.8020000000,1.7720000000,1.7900000000,140971.6977000000,252216.2433738000,252216.2433738000,1,SRM-USDT
2021-01-18 05:00:00,1610917200000,1.7930000000,1.8280000000,1.7810000000,1.8230000000,160245.0929000000,288484.8267412000,288484.8267412000,1,SRM-USDT
2021-01-18 06:00:00,1610920800000,1.8240000000,1.8350000000,1.8020000000,1.8230000000,170308.8638000000,310654.9507015000,310654.9507015000,1,SRM-USDT
2021-01-18 07:00:00,1610924400000,1.8220000000,1.8470000000,1.8020000000,1.8180000000,231182.4846000000,423255.6231927000,423255.6231927000,1,SRM-USDT
2021-01-18 08:00:00,1610928000000,1.8210000000,1.8350000000,1.8060000000,1.8110000000,157704.2900000000,287154.6772876000,287154.6772876000,1,SRM-USDT
2021-01-18 09:00:00,1610931600000,1.8110000000,1.8180000000,1.7780000000,1.7850000000,167980.3521000000,301694.6473982000,301694.6473982000,1,SRM-USDT
2021-01-18 10:00:00,1610935200000,1.7860000000,1.9360000000,1.7860000000,1.8880000000,406172.0313000000,764519.4760070000,764519.4760070000,1,SRM-USDT
2021-01-18 11:00:00,1610938800000,1.8900000000,1.8980000000,1.8030000000,1.8170000000,254621.2026000000,470025.8614992000,470025.8614992000,1,SRM-USDT
2021-01-18 12:00:00,1610942400000,1.8140000000,1.8580000000,1.8130000000,1.8190000000,138845.2469000000,254681.3401097000,254681.3401097000,1,SRM-USDT
2021-01-18 13:00:00,1610946000000,1.8200000000,1.8510000000,1.8100000000,1.8450000000,182484.2572000000,334819.9703038000,334819.9703038000,1,SRM-USDT
2021-01-18 14:00:00,1610949600000,1.8460000000,1.8560000000,1.8260000000,1.8360000000,126654.8779000000,233114.3387954000,233114.3387954000,1,SRM-USDT
2021-01-18 15:00:00,1610953200000,1.8380000000,1.9330000000,1.8360000000,1.9180000000,250303.5233000000,476239.3508792000,476239.3508792000,1,SRM-USDT
2021-01-18 16:00:00,1610956800000,1.9180000000,2.0070000000,1.9160000000,2.0070000000,623470.2802000000,1228536.9985307001,1228536.9985307001,1,SRM-USDT
2021-01-18 17:00:00,1610960400000,2.0060000000,2.0450000000,1.9600000000,1.9850000000,570031.9321000000,1140034.1201752999,1140034.1201752999,1,SRM-USDT
2021-01-18 18:00:00,1610964000000,1.9840000000,1.9880000000,1.9300000000,1.9380000000,351856.6901000000,686818.5108633999,686818.5108633999,1,SRM-USDT
2021-01-18 19:00:00,1610967600000,1.9370000000,1.9390000000,1.8860000000,1.9080000000,439429.5191000000,839643.4492569000,839643.4492569000,1,SRM-USDT
2021-01-18 20:00:00,1610971200000,1.9070000000,1.9540000000,1.8800000000,1.8930000000,235522.1014000000,452173.4112542000,452173.4112542000,1,SRM-USDT
2021-01-18 21:00:00,1610974800000,1.8930000000,1.9150000000,1.8620000000,1.8690000000,279788.5960000000,527997.6909413000,527997.6909413000,1,SRM-USDT
2021-01-18 22:00:00,1610978400000,1.8690000000,1.8980000000,1.8490000000,1.8820000000,166064.5409000000,311249.1025560000,311249.1025560000,1,SRM-USDT
2021-01-18 23:00:00,1610982000000,1.8840000000,1.9360000000,1.8830000000,1.9310000000,83557.4812000000,159939.4577191000,159939.4577191000,1,SRM-USDT
2021-01-19 00:00:00,1610985600000,1.9310000000,1.9410000000,1.8760000000,1.8940000000,206756.0563000000,393744.5730154000,393744.5730154000,1,SRM-USDT
2021-01-19 01:00:00,1610989200000,1.8990000000,1.9040000000,1.8600000000,1.8820000000,111692.0647000000,210418.1606804000,210418.1606804000,1,SRM-USDT
2021-01-19 02:00:00,1610992800000,1.8830000000,1.9120000000,1.8760000000,1.8950000000,72042.2569000000,136654.4440261000,136654.4440261000,1,SRM-USDT
2021-01-19 03:00:00,1610996400000,1.8940000000,1.9160000000,1.8870000000,1.8960000000,104929.5573000000,199372.4909621000,199372.4909621000,1,SRM-USDT
2021-01-19 04:00:00,1611000000000,1.9000000000,1.9150000000,1.8840000000,1.9140000000,124596.6474000000,236435.9870425000,236435.9870425000,1,SRM-USDT
2021-01-19 05:00:00,1611003600000,1.9140000000,1.9410000000,1.9020000000,1.9130000000,97790.7632000000,187790.9205144000,187790.9205144000,1,SRM-USDT
2021-01-19 06:00:00,1611007200000,1.9130000000,1.9150000000,1.8570000000,1.8740000000,148859.5651000000,281024.2587443000,281024.2587443000,1,SRM-USDT
2021-01-19 07:00:00,1611010800000,1.8740000000,1.9240000000,1.8730000000,1.9100000000,133846.9933000000,254700.2095993000,254700.2095993000,1,SRM-USDT
2021-01-19 08:00:00,1611014400000,1.9110000000,1.9230000000,1.8930000000,1.9090000000,177428.9987000000,338160.1768619000,338160.1768619000,1,SRM-USDT
2021-01-19 09:00:00,1611018000000,1.9100000000,1.9570000000,1.9100000000,1.9410000000,200217.5170000000,387940.5922644000,387940.5922644000,1,SRM-USDT
2021-01-19 10:00:00,1611021600000,1.9420000000,1.9770000000,1.9270000000,1.9720000000,157884.2015000000,308010.5897688000,308010.5897688000,1,SRM-USDT
2021-01-19 11:00:00,1611025200000,1.9730000000,1.9730000000,1.9540000000,1.9570000000,85192.4773000000,167105.4720463000,167105.4720463000,1,SRM-USDT
2021-01-19 12:00:00,1611028800000,1.9560000000,1.9830000000,1.9480000000,1.9510000000,116908.6104000000,229540.3069753000,229540.3069753000,1,SRM-USDT
2021-01-19 13:00:00,1611032400000,1.9490000000,1.9580000000,1.9210000000,1.9270000000,92216.1849000000,179748.0140460000,179748.0140460000,1,SRM-USDT
2021-01-19 14:00:00,1611036000000,1.9250000000,1.9440000000,1.9180000000,1.9280000000,130367.3070000000,251796.3425715000,251796.3425715000,1,SRM-USDT
2021-01-19 15:00:00,1611039600000,1.9260000000,1.9310000000,1.9110000000,1.9200000000,204063.1967000000,392148.3759294000,392148.3759294000,1,SRM-USDT
2021-01-19 16:00:00,1611043200000,1.9190000000,1.9420000000,1.9190000000,1.9300000000,112137.2717000000,216524.3156140000,216524.3156140000,1,SRM-USDT
2021-01-19 17:00:00,1611046800000,1.9330000000,1.9640000000,1.9310000000,1.9620000000,160927.9955000000,313330.7740062000,313330.7740062000,1,SRM-USDT
2021-01-19 18:00:00,1611050400000,1.9620000000,1.9840000000,1.9560000000,1.9790000000,207920.9163000000,409650.3560029000,409650.3560029000,1,SRM-USDT
2021-01-19 19:00:00,1611054000000,1.9790000000,2.0100000000,1.9700000000,2.0030000000,245567.5541000000,489038.8765705000,489038.8765705000,1,SRM-USDT
2021-01-19 20:00:00,1611057600000,2.0040000000,2.0060000000,1.9470000000,1.9550000000,243297.3439000000,483246.4988808000,483246.4988808000,1,SRM-USDT
2021-01-19 21:00:00,1611061200000,1.9550000000,1.9800000000,1.9530000000,1.9750000000,103559.1845000000,203399.4216943000,203399.4216943000,1,SRM-USDT
2021-01-19 22:00:00,1611064800000,1.9750000000,1.9830000000,1.9630000000,1.9670000000,114284.5492000000,225103.9653379000,225103.9653379000,1,SRM-USDT
2021-01-19 23:00:00,1611068400000,1.9660000000,1.9680000000,1.9380000000,1.9560000000,174640.9973000000,341361.8226951000,341361.8226951000,1,SRM-USDT
2021-01-20 00:00:00,1611072000000,1.9560000000,1.9590000000,1.9040000000,1.9140000000,370293.1328000000,713808.9465514000,713808.9465514000,1,SRM-USDT
2021-01-20 01:00:00,1611075600000,1.9140000000,1.9230000000,1.9010000000,1.9030000000,124893.2516000000,238910.9298934000,238910.9298934000,1,SRM-USDT
2021-01-20 02:00:00,1611079200000,1.9000000000,1.9030000000,1.8150000000,1.8220000000,225520.5626000000,421649.0799175000,421649.0799175000,1,SRM-USDT
2021-01-20 03:00:00,1611082800000,1.8220000000,1.8420000000,1.7680000000,1.8020000000,241213.0423000000,435649.8844833000,435649.8844833000,1,SRM-USDT
2021-01-20 04:00:00,1611086400000,1.8040000000,1.8320000000,1.7970000000,1.8280000000,160369.6933000000,291608.9125730000,291608.9125730000,1,SRM-USDT
2021-01-20 05:00:00,1611090000000,1.8290000000,1.8560000000,1.8270000000,1.8430000000,125395.1251000000,231280.3197984000,231280.3197984000,1,SRM-USDT
2021-01-20 06:00:00,1611093600000,1.8420000000,1.8570000000,1.8310000000,1.8450000000,83987.0070000000,154850.3458025000,154850.3458025000,1,SRM-USDT
2021-01-20 07:00:00,1611097200000,1.8460000000,1.8490000000,1.7980000000,1.7990000000,139837.4555000000,254864.4997639000,254864.4997639000,1,SRM-USDT
2021-01-20 08:00:00,1611100800000,1.7990000000,1.8550000000,1.7820000000,1.8550000000,128891.8411000000,234958.2808550000,234958.2808550000,1,SRM-USDT
2021-01-20 09:00:00,1611104400000,1.8520000000,1.8610000000,1.8120000000,1.8320000000,169124.2863000000,310602.6579326000,310602.6579326000,1,SRM-USDT
2021-01-20 10:00:00,1611108000000,1.8330000000,1.8830000000,1.8010000000,1.8800000000,212755.8717000000,391141.5291273000,391141.5291273000,1,SRM-USDT
2021-01-20 11:00:00,1611111600000,1.8810000000,1.8880000000,1.7660000000,1.7760000000,256051.9457000000,469109.3671022000,469109.3671022000,1,SRM-USDT
2021-01-20 12:00:00,1611115200000,1.7770000000,1.7900000000,1.7500000000,1.7830000000,325368.5228000000,576683.1007857000,576683.1007857000,1,SRM-USDT
2021-01-20 13:00:00,1611118800000,1.7840000000,1.8150000000,1.7820000000,1.8050000000,156225.3069000000,280529.9209394000,280529.9209394000,1,SRM-USDT
2021-01-20 14:00:00,1611122400000,1.8060000000,1.8220000000,1.7880000000,1.7910000000,117922.7545000000,213258.9958520000,213258.9958520000,1,SRM-USDT
2021-01-20 15:00:00,1611126000000,1.7940000000,1.8310000000,1.7920000000,1.8260000000,74477.6330000000,135350.0960083000,135350.0960083000,1,SRM-USDT
2021-01-20 16:00:00,1611129600000,1.8230000000,1.8320000000,1.7980000000,1.8180000000,89080.8603000000,161840.6657276000,161840.6657276000,1,SRM-USDT
2021-01-20 17:00:00,1611133200000,1.8180000000,1.8240000000,1.7210000000,1.7290000000,236951.7852000000,419020.0618048000,419020.0618048000,1,SRM-USDT
2021-01-20 18:00:00,1611136800000,1.7280000000,1.7290000000,1.6950000000,1.7160000000,248249.7511000000,424886.0320846000,424886.0320846000,1,SRM-USDT
2021-01-20 19:00:00,1611140400000,1.7160000000,1.7270000000,1.6530000000,1.6800000000,332835.5868000000,558000.1795644000,558000.1795644000,1,SRM-USDT
2021-01-20 20:00:00,1611144000000,1.6740000000,1.7150000000,1.6500000000,1.7130000000,215381.6813000000,363764.6660458000,363764.6660458000,1,SRM-USDT
2021-01-20 21:00:00,1611147600000,1.7120000000,1.7510000000,1.6630000000,1.7500000000,201585.5022000000,343721.7800222000,343721.7800222000,1,SRM-USDT
2021-01-20 22:00:00,1611151200000,1.7490000000,1.7580000000,1.7340000000,1.7380000000,143418.4171000000,250835.0253184000,250835.0253184000,1,SRM-USDT
2021-01-20 23:00:00,1611154800000,1.7370000000,1.7510000000,1.6820000000,1.6890000000,191261.1350000000,329027.9434741000,329027.9434741000,1,SRM-USDT
2021-01-21 00:00:00,1611158400000,1.6870000000,1.7460000000,1.6520000000,1.7430000000,307421.7569000000,522908.0025941000,522908.0025941000,1,SRM-USDT
2021-01-21 01:00:00,1611162000000,1.7430000000,1.7810000000,1.7190000000,1.7590000000,405475.9690000000,711435.6152786000,711435.6152786000,1,SRM-USDT
2021-01-21 02:00:00,1611165600000,1.7600000000,1.7790000000,1.7520000000,1.7780000000,68036.2184000000,120078.6149906000,120078.6149906000,1,SRM-USDT
2021-01-21 03:00:00,1611169200000,1.7770000000,1.8090000000,1.7700000000,1.8090000000,269872.2202000000,483077.4349789000,483077.4349789000,1,SRM-USDT
2021-01-21 04:00:00,1611172800000,1.8100000000,1.8150000000,1.7700000000,1.7930000000,117740.2762000000,211607.9211418000,211607.9211418000,1,SRM-USDT
2021-01-21 05:00:00,1611176400000,1.7950000000,1.7980000000,1.7480000000,1.7800000000,111353.6044000000,196927.7191422000,196927.7191422000,1,SRM-USDT
2021-01-21 06:00:00,1611180000000,1.7800000000,1.7970000000,1.7700000000,1.7920000000,69619.4661000000,124267.2810594000,124267.2810594000,1,SRM-USDT
2021-01-21 07:00:00,1611183600000,1.7920000000,1.8330000000,1.7780000000,1.8310000000,120229.2445000000,218203.6660394000,218203.6660394000,1,SRM-USDT
2021-01-21 08:00:00,1611187200000,1.8300000000,1.8380000000,1.7810000000,1.8010000000,149193.3980000000,269648.3364336000,269648.3364336000,1,SRM-USDT
2021-01-21 09:00:00,1611190800000,1.8030000000,1.8080000000,1.7520000000,1.7610000000,189542.7767000000,336983.3381606000,336983.3381606000,1,SRM-USDT
2021-01-21 10:00:00,1611194400000,1.7630000000,1.7650000000,1.7330000000,1.7440000000,128811.7828000000,225145.6258873000,225145.6258873000,1,SRM-USDT
2021-01-21 11:00:00,1611198000000,1.7440000000,1.7640000000,1.7250000000,1.7380000000,57600.2952000000,100414.9921311000,100414.9921311000,1,SRM-USDT
2021-01-21 12:00:00,1611201600000,1.7360000000,1.7560000000,1.6880000000,1.6930000000,117199.1952000000,201908.1657272000,201908.1657272000,1,SRM-USDT
2021-01-21 13:00:00,1611205200000,1.6940000000,1.7290000000,1.6820000000,1.7280000000,110993.4220000000,189052.9191533000,189052.9191533000,1,SRM-USDT
2021-01-21 14:00:00,1611208800000,1.7270000000,1.7630000000,1.7270000000,1.7620000000,132233.0051000000,230981.1363697000,230981.1363697000,1,SRM-USDT
2021-01-21 15:00:00,1611212400000,1.7610000000,1.7680000000,1.7450000000,1.7480000000,106735.1195000000,187518.8988496000,187518.8988496000,1,SRM-USDT
2021-01-21 16:00:00,1611216000000,1.7480000000,1.7510000000,1.6520000000,1.6540000000,328541.6369000000,552066.4864840000,552066.4864840000,1,SRM-USDT
2021-01-21 17:00:00,1611219600000,1.6510000000,1.6650000000,1.6110000000,1.6470000000,389239.2193000000,638884.4139734000,638884.4139734000,1,SRM-USDT
2021-01-21 18:00:00,1611223200000,1.6450000000,1.6630000000,1.6070000000,1.6500000000,202185.4620000000,331347.7726824000,331347.7726824000,1,SRM-USDT
2021-01-21 19:00:00,1611226800000,1.6470000000,1.6530000000,1.6210000000,1.6230000000,135860.2585000000,222298.8699006000,222298.8699006000,1,SRM-USDT
2021-01-21 20:00:00,1611230400000,1.6210000000,1.6470000000,1.5500000000,1.6410000000,404570.9962000000,644370.7720860000,644370.7720860000,1,SRM-USDT
2021-01-21 21:00:00,1611234000000,1.6410000000,1.6530000000,1.6070000000,1.6120000000,236903.9893000000,385843.1319867000,385843.1319867000,1,SRM-USDT
2021-01-21 22:00:00,1611237600000,1.6110000000,1.6220000000,1.5620000000,1.5800000000,226135.4993000000,359311.7161779000,359311.7161779000,1,SRM-USDT
2021-01-21 23:00:00,1611241200000,1.5780000000,1.6130000000,1.5750000000,1.5840000000,216627.3248000000,344981.1034879000,344981.1034879000,1,SRM-USDT
2021-01-22 00:00:00,1611244800000,1.5830000000,1.6190000000,1.5550000000,1.5550000000,226263.9380000000,360671.2967305000,360671.2967305000,1,SRM-USDT
2021-01-22 01:00:00,1611248400000,1.5540000000,1.5910000000,1.5520000000,1.5850000000,154701.5546000000,243102.6823437000,243102.6823437000,1,SRM-USDT
2021-01-22 02:00:00,1611252000000,1.5860000000,1.5910000000,1.5620000000,1.5800000000,181731.6688000000,285981.2557921000,285981.2557921000,1,SRM-USDT
2021-01-22 03:00:00,1611255600000,1.5770000000,1.6230000000,1.5720000000,1.6220000000,108058.8238000000,173094.6134441000,173094.6134441000,1,SRM-USDT
2021-01-22 04:00:00,1611259200000,1.6200000000,1.6220000000,1.5820000000,1.5820000000,85582.6820000000,137450.9122470000,137450.9122470000,1,SRM-USDT
2021-01-22 05:00:00,1611262800000,1.5830000000,1.6010000000,1.5520000000,1.5540000000,149582.9906000000,235519.1439977000,235519.1439977000,1,SRM-USDT
2021-01-22 06:00:00,1611266400000,1.5540000000,1.5550000000,1.5040000000,1.5420000000,430493.9670000000,656759.2153045000,656759.2153045000,1,SRM-USDT
2021-01-22 07:00:00,1611270000000,1.5410000000,1.5670000000,1.5290000000,1.5380000000,178554.9769000000,276320.5686189000,276320.5686189000,1,SRM-USDT
2021-01-22 08:00:00,1611273600000,1.5370000000,1.5420000000,1.4350000000,1.4580000000,526505.5654000000,776886.1351055000,776886.1351055000,1,SRM-USDT
2021-01-22 09:00:00,1611277200000,1.4540000000,1.5110000000,1.4210000000,1.5100000000,297699.5018000000,436421.3682852000,436421.3682852000,1,SRM-USDT
2021-01-22 10:00:00,1611280800000,1.5100000000,1.5440000000,1.4890000000,1.5410000000,186086.5304000000,283453.1582714000,283453.1582714000,1,SRM-USDT
2021-01-22 11:00:00,1611284400000,1.5430000000,1.5600000000,1.5090000000,1.5560000000,161379.3315000000,247521.4577754000,247521.4577754000,1,SRM-USDT
2021-01-22 12:00:00,1611288000000,1.5560000000,1.5930000000,1.5550000000,1.5610000000,159906.8556000000,251517.9521415000,251517.9521415000,1,SRM-USDT
2021-01-22 13:00:00,1611291600000,1.5620000000,1.6050000000,1.5410000000,1.5980000000,118988.3289000000,188273.4240490000,188273.4240490000,1,SRM-USDT
2021-01-22 14:00:00,1611295200000,1.5990000000,1.6030000000,1.5810000000,1.5910000000,78790.4054000000,125527.6769597000,125527.6769597000,1,SRM-USDT
2021-01-22 15:00:00,1611298800000,1.5870000000,1.6080000000,1.5450000000,1.5550000000,104815.5962000000,164501.2418077000,164501.2418077000,1,SRM-USDT
2021-01-22 16:00:00,1611302400000,1.5560000000,1.5830000000,1.5420000000,1.5820000000,84767.8303000000,132205.2868664000,132205.2868664000,1,SRM-USDT
2021-01-22 17:00:00,1611306000000,1.5840000000,1.6040000000,1.5740000000,1.5970000000,98849.5280000000,157448.2770197000,157448.2770197000,1,SRM-USDT
2021-01-22 18:00:00,1611309600000,1.6000000000,1.6170000000,1.5870000000,1.6160000000,95374.5487000000,152806.2203841000,152806.2203841000,1,SRM-USDT
2021-01-22 19:00:00,1611313200000,1.6170000000,1.6310000000,1.6090000000,1.6220000000,122394.6162000000,198670.5805022000,198670.5805022000,1,SRM-USDT
2021-01-22 20:00:00,1611316800000,1.6240000000,1.6560000000,1.6240000000,1.6530000000,180357.1665000000,296147.9090426000,296147.9090426000,1,SRM-USDT
2021-01-22 21:00:00,1611320400000,1.6560000000,1.6810000000,1.6480000000,1.6730000000,193151.9370000000,321822.9542930000,321822.9542930000,1,SRM-USDT
2021-01-22 22:00:00,1611324000000,1.6720000000,1.6990000000,1.6700000000,1.6770000000,155537.2099000000,261537.8844128000,261537.8844128000,1,SRM-USDT
2021-01-22 23:00:00,1611327600000,1.6770000000,1.6930000000,1.6660000000,1.6800000000,143086.6602000000,239652.7769292000,239652.7769292000,1,SRM-USDT
2021-01-23 00:00:00,1611331200000,1.6840000000,1.6920000000,1.6410000000,1.6700000000,212748.8679000000,356134.1405488000,356134.1405488000,1,SRM-USDT
2021-01-23 01:00:00,1611334800000,1.6720000000,1.6770000000,1.6400000000,1.6560000000,112274.4315000000,186092.9571289000,186092.9571289000,1,SRM-USDT
2021-01-23 02:00:00,1611338400000,1.6560000000,1.6830000000,1.6470000000,1.6830000000,120022.8040000000,200339.7545890000,200339.7545890000,1,SRM-USDT
2021-01-23 03:00:00,1611342000000,1.6840000000,1.6850000000,1.6750000000,1.6830000000,103933.3149000000,174620.3516294000,174620.3516294000,1,SRM-USDT
2021-01-23 04:00:00,1611345600000,1.6850000000,1.6860000000,1.6550000000,1.6560000000,74764.3866000000,125050.9993245000,125050.9993245000,1,SRM-USDT
2021-01-23 05:00:00,1611349200000,1.6570000000,1.6720000000,1.6540000000,1.6630000000,65646.2885000000,109117.0846953000,109117.0846953000,1,SRM-USDT
2021-01-23 06:00:00,1611352800000,1.6610000000,1.6770000000,1.6340000000,1.6370000000,66468.4515000000,110241.1221222000,110241.1221222000,1,SRM-USDT
2021-01-23 07:00:00,1611356400000,1.6370000000,1.6790000000,1.6320000000,1.6710000000,148748.1477000000,245506.6395466000,245506.6395466000,1,SRM-USDT
2021-01-23 08:00:00,1611360000000,1.6750000000,1.7840000000,1.6750000000,1.7180000000,1006069.6989000000,1734347.7949198999,1734347.7949198999,1,SRM-USDT
2021-01-23 09:00:00,1611363600000,1.7170000000,1.7290000000,1.6890000000,1.7150000000,133466.0307000000,228323.3037986000,228323.3037986000,1,SRM-USDT
2021-01-23 10:00:00,1611367200000,1.7130000000,1.7240000000,1.6840000000,1.6860000000,105728.6140000000,179841.6932590000,179841.6932590000,1,SRM-USDT
2021-01-23 11:00:00,1611370800000,1.6870000000,1.7190000000,1.6860000000,1.7160000000,85214.6891000000,145207.0815255000,145207.0815255000,1,SRM-USDT
2021-01-23 12:00:00,1611374400000,1.7140000000,1.7440000000,1.7120000000,1.7370000000,154638.7218000000,268269.1685439000,268269.1685439000,1,SRM-USDT
2021-01-23 13:00:00,1611378000000,1.7340000000,1.7530000000,1.7260000000,1.7530000000,88510.8503000000,153973.7708172000,153973.7708172000,1,SRM-USDT
2021-01-23 14:00:00,1611381600000,1.7520000000,1.7670000000,1.7340000000,1.7380000000,130626.6602000000,228890.2862624000,228890.2862624000,1,SRM-USDT
2021-01-23 15:00:00,1611385200000,1.7390000000,1.7630000000,1.7290000000,1.7470000000,104081.7267000000,181899.7593546000,181899.7593546000,1,SRM-USDT
2021-01-23 16:00:00,1611388800000,1.7470000000,1.7560000000,1.7300000000,1.7500000000,69880.3031000000,121968.2369785000,121968.2369785000,1,SRM-USDT
2021-01-23 17:00:00,1611392400000,1.7490000000,1.7560000000,1.7240000000,1.7290000000,108656.5910000000,188671.9914634000,188671.9914634000,1,SRM-USDT
2021-01-23 18:00:00,1611396000000,1.7300000000,1.7330000000,1.6860000000,1.6980000000,184853.8299000000,315856.4936511000,315856.4936511000,1,SRM-USDT
2021-01-23 19:00:00,1611399600000,1.6980000000,1.7040000000,1.6490000000,1.6540000000,158312.5583000000,264403.3687879000,264403.3687879000,1,SRM-USDT
2021-01-23 20:00:00,1611403200000,1.6530000000,1.6760000000,1.6500000000,1.6540000000,133044.9941000000,221402.8674306000,221402.8674306000,1,SRM-USDT
2021-01-23 21:00:00,1611406800000,1.6540000000,1.6870000000,1.6340000000,1.6700000000,226191.8111000000,375921.6458157000,375921.6458157000,1,SRM-USDT
2021-01-23 22:00:00,1611410400000,1.6700000000,1.6750000000,1.6450000000,1.6540000000,181594.1951000000,300753.0682684000,300753.0682684000,1,SRM-USDT
2021-01-23 23:00:00,1611414000000,1.6550000000,1.6930000000,1.6500000000,1.6840000000,189147.7561000000,317590.8749128000,317590.8749128000,1,SRM-USDT
2021-01-24 00:00:00,1611417600000,1.6830000000,1.7160000000,1.6670000000,1.7130000000,216952.1556000000,369109.9592783000,369109.9592783000,1,SRM-USDT
2021-01-24 01:00:00,1611421200000,1.7140000000,1.7140000000,1.6950000000,1.6960000000,91739.1684000000,156304.8806099000,156304.8806099000,1,SRM-USDT
2021-01-24 02:00:00,1611424800000,1.6990000000,1.7840000000,1.6930000000,1.7820000000,257879.5230000000,449086.3137452000,449086.3137452000,1,SRM-USDT
2021-01-24 03:00:00,1611428400000,1.7820000000,1.7950000000,1.7730000000,1.7910000000,113779.5233000000,203198.7726818000,203198.7726818000,1,SRM-USDT
2021-01-24 04:00:00,1611432000000,1.7900000000,1.7910000000,1.7570000000,1.7640000000,96178.5627000000,169846.5499351000,169846.5499351000,1,SRM-USDT
2021-01-24 05:00:00,1611435600000,1.7650000000,1.7900000000,1.7450000000,1.7710000000,153931.5797000000,271996.4840857000,271996.4840857000,1,SRM-USDT
2021-01-24 06:00:00,1611439200000,1.7730000000,1.7760000000,1.7470000000,1.7560000000,60647.6888000000,106695.9663409000,106695.9663409000,1,SRM-USDT
2021-01-24 07:00:00,1611442800000,1.7610000000,1.7650000000,1.7430000000,1.7600000000,86652.7560000000,152313.1788907000,152313.1788907000,1,SRM-USDT
2021-01-24 08:00:00,1611446400000,1.7600000000,1.7630000000,1.7230000000,1.7320000000,138587.8353000000,240856.1125322000,240856.1125322000,1,SRM-USDT
2021-01-24 09:00:00,1611450000000,1.7310000000,1.7550000000,1.7260000000,1.7380000000,64748.2706000000,112921.3829779000,112921.3829779000,1,SRM-USDT
2021-01-24 10:00:00,1611453600000,1.7370000000,1.7690000000,1.7350000000,1.7630000000,87592.9012000000,153412.5909670000,153412.5909670000,1,SRM-USDT
2021-01-24 11:00:00,1611457200000,1.7630000000,1.7720000000,1.7530000000,1.7710000000,71346.8458000000,125755.7629548000,125755.7629548000,1,SRM-USDT
2021-01-24 12:00:00,1611460800000,1.7710000000,1.8030000000,1.7710000000,1.8000000000,175809.0534000000,314750.6347585000,314750.6347585000,1,SRM-USDT
2021-01-24 13:00:00,1611464400000,1.8000000000,1.8150000000,1.7870000000,1.7900000000,160580.2658000000,288925.6186786000,288925.6186786000,1,SRM-USDT
2021-01-24 14:00:00,1611468000000,1.7920000000,1.7960000000,1.7860000000,1.7940000000,78408.5449000000,140328.8605583000,140328.8605583000,1,SRM-USDT
2021-01-24 15:00:00,1611471600000,1.7950000000,1.8170000000,1.7870000000,1.8130000000,92810.9168000000,167024.9162940000,167024.9162940000,1,SRM-USDT
2021-01-24 16:00:00,1611475200000,1.8130000000,1.8320000000,1.8130000000,1.8270000000,125002.4834000000,227963.8703129000,227963.8703129000,1,SRM-USDT
2021-01-24 17:00:00,1611478800000,1.8270000000,1.8420000000,1.8150000000,1.8400000000,129355.7178000000,236871.9415385000,236871.9415385000,1,SRM-USDT
2021-01-24 18:00:00,1611482400000,1.8410000000,1.8440000000,1.8050000000,1.8250000000,123272.5724000000,224807.8226437000,224807.8226437000,1,SRM-USDT
2021-01-24 19:00:00,1611486000000,1.8270000000,1.8360000000,1.8200000000,1.8340000000,90118.7359000000,164747.9980905000,164747.9980905000,1,SRM-USDT
2021-01-24 20:00:00,1611489600000,1.8340000000,1.8390000000,1.7590000000,1.7740000000,266476.3859000000,479457.9158597000,479457.9158597000,1,SRM-USDT
2021-01-24 21:00:00,1611493200000,1.7730000000,1.7910000000,1.7620000000,1.7780000000,84330.2303000000,149951.7892801000,149951.7892801000,1,SRM-USDT
2021-01-24 22:00:00,1611496800000,1.7780000000,1.7960000000,1.7710000000,1.7790000000,129807.7334000000,231672.2091959000,231672.2091959000,1,SRM-USDT
2021-01-24 23:00:00,1611500400000,1.7790000000,1.7930000000,1.7610000000,1.7770000000,124603.0918000000,221765.1750980000,221765.1750980000,1,SRM-USDT
2021-01-25 00:00:00,1611504000000,1.7770000000,1.8290000000,1.7360000000,1.8220000000,338199.7084000000,603938.4345302000,603938.4345302000,1,SRM-USDT
2021-01-25 01:00:00,1611507600000,1.8200000000,1.8650000000,1.8010000000,1.8630000000,323696.2222000000,597185.0795128000,597185.0795128000,1,SRM-USDT
2021-01-25 02:00:00,1611511200000,1.8630000000,1.8800000000,1.8460000000,1.8760000000,196610.2045000000,366999.7112286000,366999.7112286000,1,SRM-USDT
2021-01-25 03:00:00,1611514800000,1.8740000000,1.8780000000,1.7940000000,1.8260000000,259639.2833000000,476565.3688250000,476565.3688250000,1,SRM-USDT
2021-01-25 04:00:00,1611518400000,1.8260000000,1.9090000000,1.8230000000,1.9060000000,256616.3921000000,482408.9884930000,482408.9884930000,1,SRM-USDT
2021-01-25 05:00:00,1611522000000,1.9040000000,1.9560000000,1.9000000000,1.9210000000,273486.4368000000,528843.2672425000,528843.2672425000,1,SRM-USDT
2021-01-25 06:00:00,1611525600000,1.9210000000,1.9740000000,1.9130000000,1.9640000000,207096.0135000000,402403.7402318000,402403.7402318000,1,SRM-USDT
2021-01-25 07:00:00,1611529200000,1.9650000000,1.9720000000,1.9490000000,1.9710000000,197926.7399000000,387971.1200834000,387971.1200834000,1,SRM-USDT
2021-01-25 08:00:00,1611532800000,1.9710000000,2.0770000000,1.9690000000,2.0420000000,389963.6992000000,791371.5044945000,791371.5044945000,1,SRM-USDT
2021-01-25 09:00:00,1611536400000,2.0450000000,2.1510000000,2.0320000000,2.1150000000,571258.0394000000,1197878.5884435000,1197878.5884435000,1,SRM-USDT
2021-01-25 10:00:00,1611540000000,2.1160000000,2.1220000000,2.0790000000,2.0950000000,325322.6006000000,681721.8688857000,681721.8688857000,1,SRM-USDT
2021-01-25 11:00:00,1611543600000,2.0980000000,2.1260000000,2.0360000000,2.0520000000,290239.4425000000,601479.4869864000,601479.4869864000,1,SRM-USDT
2021-01-25 12:00:00,1611547200000,2.0560000000,2.0790000000,2.0410000000,2.0570000000,194239.1781000000,400329.1829031000,400329.1829031000,1,SRM-USDT
2021-01-25 13:00:00,1611550800000,2.0570000000,2.1430000000,2.0530000000,2.1240000000,314706.2284000000,664376.2136233000,664376.2136233000,1,SRM-USDT
2021-01-25 14:00:00,1611554400000,2.1230000000,2.1790000000,2.1060000000,2.1490000000,308419.3809000000,659597.0095682000,659597.0095682000,1,SRM-USDT
2021-01-25 15:00:00,1611558000000,2.1490000000,2.1740000000,2.1070000000,2.1580000000,226555.4965000000,483310.7793181000,483310.7793181000,1,SRM-USDT
2021-01-25 16:00:00,1611561600000,2.1580000000,2.1660000000,2.1360000000,2.1430000000,274686.0033000000,590656.4465924000,590656.4465924000,1,SRM-USDT
2021-01-25 17:00:00,1611565200000,2.1440000000,2.1690000000,2.0550000000,2.0620000000,343241.7272000000,722732.6300187000,722732.6300187000,1,SRM-USDT
2021-01-25 18:00:00,1611568800000,2.0600000000,2.1030000000,2.0570000000,2.0970000000,176130.2549000000,366952.6559844000,366952.6559844000,1,SRM-USDT
2021-01-25 19:00:00,1611572400000,2.1000000000,2.1060000000,2.0690000000,2.1030000000,173963.1214000000,363173.6184856000,363173.6184856000,1,SRM-USDT
2021-01-25 20:00:00,1611576000000,2.1030000000,2.1580000000,2.0990000000,2.1520000000,258845.2987000000,550133.8198111000,550133.8198111000,1,SRM-USDT
2021-01-25 21:00:00,1611579600000,2.1520000000,2.1570000000,2.0680000000,2.0940000000,261157.9255000000,548147.7777344000,548147.7777344000,1,SRM-USDT
2021-01-25 22:00:00,1611583200000,2.0930000000,2.1050000000,2.0280000000,2.0360000000,291000.7136000000,602065.0473890000,602065.0473890000,1,SRM-USDT
2021-01-25 23:00:00,1611586800000,2.0360000000,2.0860000000,2.0360000000,2.0810000000,139564.6119000000,288200.9048977000,288200.9048977000,1,SRM-USDT
2021-01-26 00:00:00,1611590400000,2.0800000000,2.0940000000,1.9910000000,2.0120000000,287711.2305000000,582391.5608294000,582391.5608294000,1,SRM-USDT
2021-01-26 01:00:00,1611594000000,2.0110000000,2.0310000000,1.9860000000,2.0300000000,224497.8352000000,451878.5094051000,451878.5094051000,1,SRM-USDT
2021-01-26 02:00:00,1611597600000,2.0290000000,2.0490000000,1.9920000000,2.0130000000,203273.9104000000,412391.9016557000,412391.9016557000,1,SRM-USDT
2021-01-26 03:00:00,1611601200000,2.0090000000,2.0260000000,1.9970000000,1.9980000000,178290.6747000000,358202.8362761000,358202.8362761000,1,SRM-USDT
2021-01-26 04:00:00,1611604800000,1.9970000000,2.0000000000,1.9520000000,1.9640000000,205273.8871000000,404786.4506608000,404786.4506608000,1,SRM-USDT
2021-01-26 05:00:00,1611608400000,1.9630000000,1.9630000000,1.8900000000,1.9450000000,323360.0026000000,622288.8303404000,622288.8303404000,1,SRM-USDT
2021-01-26 06:00:00,1611612000000,1.9460000000,1.9460000000,1.8660000000,1.9200000000,221476.3231000000,420959.3711535000,420959.3711535000,1,SRM-USDT
2021-01-26 07:00:00,1611615600000,1.9190000000,1.9300000000,1.8910000000,1.8980000000,179163.4248000000,343224.0285640000,343224.0285640000,1,SRM-USDT
2021-01-26 08:00:00,1611619200000,1.8980000000,2.0070000000,1.8770000000,1.9870000000,383737.4342000000,753144.2681676000,753144.2681676000,1,SRM-USDT
2021-01-26 09:00:00,1611622800000,1.9850000000,2.0160000000,1.9570000000,2.0160000000,194577.6270000000,385945.0062366000,385945.0062366000,1,SRM-USDT
2021-01-26 10:00:00,1611626400000,2.0160000000,2.0160000000,1.9620000000,1.9720000000,123994.6260000000,247090.4664433000,247090.4664433000,1,SRM-USDT
2021-01-26 11:00:00,1611630000000,1.9710000000,1.9790000000,1.8940000000,1.9070000000,350483.9131000000,675121.9309850000,675121.9309850000,1,SRM-USDT
2021-01-26 12:00:00,1611633600000,1.8980000000,1.9510000000,1.8980000000,1.9460000000,121459.0471000000,233364.6707322000,233364.6707322000,1,SRM-USDT
2021-01-26 13:00:00,1611637200000,1.9430000000,1.9570000000,1.9200000000,1.9320000000,118231.0639000000,229201.3654025000,229201.3654025000,1,SRM-USDT
2021-01-26 14:00:00,1611640800000,1.9340000000,1.9350000000,1.8810000000,1.8970000000,169910.7629000000,324051.2904667000,324051.2904667000,1,SRM-USDT
2021-01-26 15:00:00,1611644400000,1.8950000000,1.9050000000,1.8670000000,1.8980000000,185954.5768000000,350550.8022284000,350550.8022284000,1,SRM-USDT
2021-01-26 16:00:00,1611648000000,1.8970000000,2.0290000000,1.8960000000,2.0250000000,575728.7004000000,1130968.3519301999,1130968.3519301999,1,SRM-USDT
2021-01-26 17:00:00,1611651600000,2.0260000000,2.0300000000,1.9620000000,1.9800000000,304118.7888000000,606456.2692626000,606456.2692626000,1,SRM-USDT
2021-01-26 18:00:00,1611655200000,1.9820000000,2.0450000000,1.9820000000,2.0330000000,232631.1696000000,470177.0399207000,470177.0399207000,1,SRM-USDT
2021-01-26 19:00:00,1611658800000,2.0340000000,2.0670000000,2.0020000000,2.0350000000,232699.5361000000,473703.3812588000,473703.3812588000,1,SRM-USDT
2021-01-26 20:00:00,1611662400000,2.0300000000,2.0380000000,1.9230000000,1.9390000000,315470.5994000000,627278.1826736000,627278.1826736000,1,SRM-USDT
2021-01-26 21:00:00,1611666000000,1.9330000000,1.9540000000,1.9180000000,1.9370000000,219636.4108000000,425324.3330913000,425324.3330913000,1,SRM-USDT
2021-01-26 22:00:00,1611669600000,1.9420000000,1.9460000000,1.8730000000,1.9020000000,251102.3545000000,477496.1775212000,477496.1775212000,1,SRM-USDT
2021-01-26 23:00:00,1611673200000,1.9000000000,1.9810000000,1.8990000000,1.9550000000,203350.7015000000,395046.8039776000,395046.8039776000,1,SRM-USDT
2021-01-27 00:00:00,1611676800000,1.9560000000,2.0280000000,1.9200000000,2.0280000000,357830.9784000000,709218.0949461000,709218.0949461000,1,SRM-USDT
2021-01-27 01:00:00,1611680400000,2.0280000000,2.0960000000,2.0210000000,2.0930000000,454494.2169000000,936891.0330772999,936891.0330772999,1,SRM-USDT
2021-01-27 02:00:00,1611684000000,2.0920000000,2.1070000000,2.0460000000,2.0910000000,249097.7814000000,517769.2924991000,517769.2924991000,1,SRM-USDT
2021-01-27 03:00:00,1611687600000,2.1030000000,2.1340000000,2.0890000000,2.1200000000,225660.9112000000,476854.8367825000,476854.8367825000,1,SRM-USDT
2021-01-27 04:00:00,1611691200000,2.1210000000,2.1630000000,2.0720000000,2.0910000000,307388.8743000000,652140.9559251000,652140.9559251000,1,SRM-USDT
2021-01-27 05:00:00,1611694800000,2.0930000000,2.1330000000,2.0760000000,2.1000000000,152584.8276000000,321365.7192580000,321365.7192580000,1,SRM-USDT
2021-01-27 06:00:00,1611698400000,2.1010000000,2.1940000000,2.0870000000,2.1890000000,214391.7007000000,458269.9897063000,458269.9897063000,1,SRM-USDT
2021-01-27 07:00:00,1611702000000,2.1910000000,2.3010000000,2.1000000000,2.2250000000,415345.8346000000,915056.9465228000,915056.9465228000,1,SRM-USDT
2021-01-27 08:00:00,1611705600000,2.2230000000,2.2250000000,2.1120000000,2.1390000000,283268.0444000000,611489.4911690000,611489.4911690000,1,SRM-USDT
2021-01-27 09:00:00,1611709200000,2.1420000000,2.1420000000,2.0780000000,2.0860000000,208898.2859000000,440646.5000669000,440646.5000669000,1,SRM-USDT
2021-01-27 10:00:00,1611712800000,2.0840000000,2.1050000000,2.0560000000,2.0570000000,126488.0876000000,263719.1170763000,263719.1170763000,1,SRM-USDT
2021-01-27 11:00:00,1611716400000,2.0550000000,2.0920000000,2.0540000000,2.0670000000,189559.6882000000,393211.4148123000,393211.4148123000,1,SRM-USDT
2021-01-27 12:00:00,1611720000000,2.0670000000,2.0930000000,2.0280000000,2.0850000000,206429.8325000000,425212.3319333000,425212.3319333000,1,SRM-USDT
2021-01-27 13:00:00,1611723600000,2.0840000000,2.0960000000,2.0320000000,2.0330000000,149660.0929000000,308223.3250718000,308223.3250718000,1,SRM-USDT
2021-01-27 14:00:00,1611727200000,2.0330000000,2.0740000000,2.0250000000,2.0730000000,169862.8159000000,347446.6510752000,347446.6510752000,1,SRM-USDT
2021-01-27 15:00:00,1611730800000,2.0710000000,2.1140000000,2.0670000000,2.0920000000,142799.9659000000,299362.0447971000,299362.0447971000,1,SRM-USDT
2021-01-27 16:00:00,1611734400000,2.0900000000,2.0900000000,1.9650000000,1.9670000000,364505.6496000000,738367.1715539000,738367.1715539000,1,SRM-USDT
2021-01-27 17:00:00,1611738000000,1.9680000000,1.9880000000,1.9350000000,1.9690000000,394926.9796000000,774268.6819736999,774268.6819736999,1,SRM-USDT
2021-01-27 18:00:00,1611741600000,1.9680000000,1.9840000000,1.9500000000,1.9690000000,212716.4270000000,418556.1632346000,418556.1632346000,1,SRM-USDT
2021-01-27 19:00:00,1611745200000,1.9720000000,2.0310000000,1.9290000000,1.9320000000,352016.4027000000,701762.6528981000,701762.6528981000,1,SRM-USDT
2021-01-27 20:00:00,1611748800000,1.9310000000,1.9610000000,1.9210000000,1.9560000000,218959.7021000000,424700.7580048000,424700.7580048000,1,SRM-USDT
2021-01-27 21:00:00,1611752400000,1.9520000000,1.9740000000,1.8780000000,1.8780000000,297352.0479000000,573944.0907582000,573944.0907582000,1,SRM-USDT
2021-01-27 22:00:00,1611756000000,1.8770000000,1.8910000000,1.7970000000,1.8300000000,676290.7415000000,1247464.7322094000,1247464.7322094000,1,SRM-USDT
2021-01-27 23:00:00,1611759600000,1.8280000000,1.9250000000,1.8170000000,1.9170000000,431187.8190000000,806854.1523348000,806854.1523348000,1,SRM-USDT
2021-01-28 00:00:00,1611763200000,1.9160000000,1.9650000000,1.9020000000,1.9090000000,294939.1605000000,570824.8006803000,570824.8006803000,1,SRM-USDT
2021-01-28 01:00:00,1611766800000,1.9060000000,1.9270000000,1.8850000000,1.9040000000,176190.3184000000,335683.3109064000,335683.3109064000,1,SRM-USDT
2021-01-28 02:00:00,1611770400000,1.9050000000,1.9110000000,1.8430000000,1.8450000000,260098.3426000000,486265.1362016000,486265.1362016000,1,SRM-USDT
2021-01-28 03:00:00,1611774000000,1.8460000000,1.9220000000,1.8460000000,1.9130000000,202216.8193000000,382109.5810463000,382109.5810463000,1,SRM-USDT
2021-01-28 04:00:00,1611777600000,1.9100000000,1.9560000000,1.8990000000,1.9300000000,189926.2066000000,366475.8387496000,366475.8387496000,1,SRM-USDT
2021-01-28 05:00:00,1611781200000,1.9320000000,1.9500000000,1.9120000000,1.9250000000,119144.6503000000,230113.1772778000,230113.1772778000,1,SRM-USDT
2021-01-28 06:00:00,1611784800000,1.9280000000,1.9500000000,1.8820000000,1.9010000000,157840.3719000000,302784.0915604000,302784.0915604000,1,SRM-USDT
2021-01-28 07:00:00,1611788400000,1.9020000000,1.9090000000,1.8810000000,1.8860000000,71279.2703000000,134735.2500417000,134735.2500417000,1,SRM-USDT
2021-01-28 08:00:00,1611792000000,1.8850000000,1.8980000000,1.8230000000,1.8920000000,151183.0366000000,281598.2982123000,281598.2982123000,1,SRM-USDT
2021-01-28 09:00:00,1611795600000,1.8910000000,1.9040000000,1.8750000000,1.9040000000,79566.4028000000,150222.3289384000,150222.3289384000,1,SRM-USDT
2021-01-28 10:00:00,1611799200000,1.9050000000,1.9210000000,1.8990000000,1.9170000000,85487.7245000000,163464.5865386000,163464.5865386000,1,SRM-USDT
2021-01-28 11:00:00,1611802800000,1.9180000000,1.9590000000,1.9120000000,1.9560000000,144040.2289000000,278732.6679653000,278732.6679653000,1,SRM-USDT
2021-01-28 12:00:00,1611806400000,1.9570000000,1.9590000000,1.9200000000,1.9460000000,131585.7815000000,255271.3743049000,255271.3743049000,1,SRM-USDT
2021-01-28 13:00:00,1611810000000,1.9450000000,1.9950000000,1.9350000000,1.9910000000,164357.2385000000,322283.2519867000,322283.2519867000,1,SRM-USDT
2021-01-28 14:00:00,1611813600000,1.9950000000,2.0340000000,1.9900000000,1.9900000000,217479.1725000000,436557.4028935000,436557.4028935000,1,SRM-USDT
2021-01-28 15:00:00,1611817200000,1.9900000000,1.9950000000,1.9700000000,1.9750000000,111011.7767000000,219928.0135733000,219928.0135733000,1,SRM-USDT
2021-01-28 16:00:00,1611820800000,1.9750000000,1.9890000000,1.9500000000,1.9580000000,124833.8241000000,245991.5383236000,245991.5383236000,1,SRM-USDT
2021-01-28 17:00:00,1611824400000,1.9560000000,1.9600000000,1.9240000000,1.9530000000,145987.9745000000,283329.8990806000,283329.8990806000,1,SRM-USDT
2021-01-28 18:00:00,1611828000000,1.9540000000,1.9790000000,1.9400000000,1.9750000000,115040.8887000000,225131.9066870000,225131.9066870000,1,SRM-USDT
2021-01-28 19:00:00,1611831600000,1.9750000000,1.9800000000,1.9430000000,1.9620000000,135926.8124000000,266694.5425963000,266694.5425963000,1,SRM-USDT
2021-01-28 20:00:00,1611835200000,1.9630000000,2.0050000000,1.9460000000,1.9980000000,139224.0924000000,276640.0815175000,276640.0815175000,1,SRM-USDT
2021-01-28 21:00:00,1611838800000,1.9980000000,2.0440000000,1.9830000000,2.0430000000,196580.0890000000,395846.7756052000,395846.7756052000,1,SRM-USDT
2021-01-28 22:00:00,1611842400000,2.0420000000,2.0450000000,1.9950000000,2.0000000000,217298.3616000000,438635.5441740000,438635.5441740000,1,SRM-USDT
2021-01-28 23:00:00,1611846000000,2.0000000000,2.0260000000,1.9610000000,2.0260000000,432143.7176000000,860125.2134354000,860125.2134354000,1,SRM-USDT
2021-01-29 00:00:00,1611849600000,2.0260000000,2.0380000000,1.9860000000,2.0290000000,223009.0834000000,447310.3463930000,447310.3463930000,1,SRM-USDT
2021-01-29 01:00:00,1611853200000,2.0320000000,2.0530000000,2.0050000000,2.0080000000,196695.5311000000,397719.6788780000,397719.6788780000,1,SRM-USDT
2021-01-29 02:00:00,1611856800000,2.0080000000,2.0240000000,1.9620000000,1.9710000000,285335.5659000000,567691.4884598000,567691.4884598000,1,SRM-USDT
2021-01-29 03:00:00,1611860400000,1.9710000000,1.9730000000,1.9320000000,1.9420000000,292475.5255000000,567653.7558029999,567653.7558029999,1,SRM-USDT
2021-01-29 04:00:00,1611864000000,1.9420000000,1.9460000000,1.9140000000,1.9200000000,127292.8657000000,245522.2486757000,245522.2486757000,1,SRM-USDT
2021-01-29 05:00:00,1611867600000,1.9190000000,1.9270000000,1.9090000000,1.9100000000,97829.9325000000,187485.0823037000,187485.0823037000,1,SRM-USDT
2021-01-29 06:00:00,1611871200000,1.9110000000,1.9620000000,1.9110000000,1.9450000000,197857.5617000000,383095.8020868000,383095.8020868000,1,SRM-USDT
2021-01-29 07:00:00,1611874800000,1.9510000000,1.9580000000,1.9130000000,1.9220000000,309590.4057000000,600645.9538649000,600645.9538649000,1,SRM-USDT
2021-01-29 08:00:00,1611878400000,1.9210000000,1.9290000000,1.8850000000,1.9050000000,384528.2513000000,730691.2863586000,730691.2863586000,1,SRM-USDT
2021-01-29 09:00:00,1611882000000,1.9060000000,1.9180000000,1.8900000000,1.9120000000,162034.6275000000,308251.7327003000,308251.7327003000,1,SRM-USDT
2021-01-29 10:00:00,1611885600000,1.9110000000,1.9280000000,1.9030000000,1.9060000000,135758.1070000000,260169.0746436000,260169.0746436000,1,SRM-USDT
2021-01-29 11:00:00,1611889200000,1.9060000000,1.9160000000,1.8300000000,1.8350000000,366782.1274000000,683816.6563043999,683816.6563043999,1,SRM-USDT
2021-01-29 12:00:00,1611892800000,1.8370000000,1.8440000000,1.8060000000,1.8400000000,280351.5686000000,513440.5988172000,513440.5988172000,1,SRM-USDT
2021-01-29 13:00:00,1611896400000,1.8400000000,1.8560000000,1.8330000000,1.8500000000,200492.2718000000,370535.3206059000,370535.3206059000,1,SRM-USDT
2021-01-29 14:00:00,1611900000000,1.8510000000,1.8540000000,1.8280000000,1.8350000000,143766.2248000000,264693.3792740000,264693.3792740000,1,SRM-USDT
2021-01-29 15:00:00,1611903600000,1.8350000000,1.8650000000,1.8120000000,1.8600000000,160941.6519000000,295915.5135000000,295915.5135000000,1,SRM-USDT
2021-01-29 16:00:00,1611907200000,1.8600000000,1.9040000000,1.8440000000,1.8990000000,298049.1094000000,560309.8686723000,560309.8686723000,1,SRM-USDT
2021-01-29 17:00:00,1611910800000,1.9000000000,1.9200000000,1.8190000000,1.8670000000,447157.9633000000,835723.9154129000,835723.9154129000,1,SRM-USDT
2021-01-29 18:00:00,1611914400000,1.8650000000,1.8760000000,1.8430000000,1.8570000000,156620.9585000000,291500.1152355000,291500.1152355000,1,SRM-USDT
2021-01-29 19:00:00,1611918000000,1.8560000000,1.9260000000,1.8560000000,1.9020000000,260699.5128000000,495836.2171829000,495836.2171829000,1,SRM-USDT
2021-01-29 20:00:00,1611921600000,1.9080000000,1.9120000000,1.8880000000,1.8920000000,125874.4057000000,239103.7429671000,239103.7429671000,1,SRM-USDT
2021-01-29 21:00:00,1611925200000,1.8930000000,1.8980000000,1.8820000000,1.8930000000,147147.7315000000,278139.8036412000,278139.8036412000,1,SRM-USDT
2021-01-29 22:00:00,1611928800000,1.8910000000,1.8980000000,1.8470000000,1.8690000000,270736.5685000000,508319.7409067000,508319.7409067000,1,SRM-USDT
2021-01-29 23:00:00,1611932400000,1.8690000000,1.8880000000,1.8590000000,1.8650000000,161857.2208000000,303434.0707505000,303434.0707505000,1,SRM-USDT
2021-01-30 00:00:00,1611936000000,1.8670000000,1.8720000000,1.8340000000,1.8510000000,145157.5457000000,269721.5692572000,269721.5692572000,1,SRM-USDT
2021-01-30 01:00:00,1611939600000,1.8500000000,1.8630000000,1.8330000000,1.8490000000,101517.2853000000,187957.9963727000,187957.9963727000,1,SRM-USDT
2021-01-30 02:00:00,1611943200000,1.8520000000,1.8540000000,1.8230000000,1.8360000000,63757.3258000000,117165.8626948000,117165.8626948000,1,SRM-USDT
2021-01-30 03:00:00,1611946800000,1.8330000000,1.8410000000,1.8040000000,1.8240000000,102284.3289000000,185973.2140601000,185973.2140601000,1,SRM-USDT
2021-01-30 04:00:00,1611950400000,1.8270000000,1.8470000000,1.8180000000,1.8400000000,84404.0209000000,154699.3571354000,154699.3571354000,1,SRM-USDT
2021-01-30 05:00:00,1611954000000,1.8400000000,1.8570000000,1.8350000000,1.8490000000,122551.5878000000,226302.6986890000,226302.6986890000,1,SRM-USDT
2021-01-30 06:00:00,1611957600000,1.8490000000,1.8820000000,1.8490000000,1.8750000000,92297.2917000000,172189.2083721000,172189.2083721000,1,SRM-USDT
2021-01-30 07:00:00,1611961200000,1.8760000000,1.8910000000,1.8630000000,1.8850000000,128843.2894000000,241371.4413204000,241371.4413204000,1,SRM-USDT
2021-01-30 08:00:00,1611964800000,1.8850000000,1.9000000000,1.8730000000,1.8740000000,81041.5932000000,152882.8907796000,152882.8907796000,1,SRM-USDT
2021-01-30 09:00:00,1611968400000,1.8730000000,1.8910000000,1.8660000000,1.8660000000,89334.5022000000,167664.0276395000,167664.0276395000,1,SRM-USDT
2021-01-30 10:00:00,1611972000000,1.8660000000,1.8660000000,1.8380000000,1.8380000000,98795.6642000000,182947.8376709000,182947.8376709000,1,SRM-USDT
2021-01-30 11:00:00,1611975600000,1.8370000000,1.8440000000,1.8050000000,1.8180000000,106778.1681000000,194896.0303608000,194896.0303608000,1,SRM-USDT
2021-01-30 12:00:00,1611979200000,1.8170000000,1.8300000000,1.8100000000,1.8270000000,71963.8431000000,131140.9926126000,131140.9926126000,1,SRM-USDT
2021-01-30 13:00:00,1611982800000,1.8280000000,1.8410000000,1.8140000000,1.8320000000,103441.5320000000,189077.5978631000,189077.5978631000,1,SRM-USDT
2021-01-30 14:00:00,1611986400000,1.8330000000,1.8520000000,1.8230000000,1.8470000000,81693.4101000000,150483.7675772000,150483.7675772000,1,SRM-USDT
2021-01-30 15:00:00,1611990000000,1.8470000000,1.8700000000,1.8420000000,1.8470000000,149745.7377000000,277797.5211303000,277797.5211303000,1,SRM-USDT
2021-01-30 16:00:00,1611993600000,1.8450000000,1.8490000000,1.8250000000,1.8270000000,179509.9683000000,330028.7195866000,330028.7195866000,1,SRM-USDT
2021-01-30 17:00:00,1611997200000,1.8280000000,1.8780000000,1.8280000000,1.8670000000,162218.2496000000,301239.5256867000,301239.5256867000,1,SRM-USDT
2021-01-30 18:00:00,1612000800000,1.8670000000,1.9370000000,1.8670000000,1.9060000000,450294.1088000000,858900.7045716000,858900.7045716000,1,SRM-USDT
2021-01-30 19:00:00,1612004400000,1.9070000000,1.9180000000,1.9050000000,1.9110000000,120910.6741000000,231085.6023145000,231085.6023145000,1,SRM-USDT
2021-01-30 20:00:00,1612008000000,1.9110000000,1.9270000000,1.8920000000,1.9030000000,172114.7200000000,327813.8234156000,327813.8234156000,1,SRM-USDT
2021-01-30 21:00:00,1612011600000,1.9030000000,1.9630000000,1.9010000000,1.9400000000,412875.0700000000,798550.1078291000,798550.1078291000,1,SRM-USDT
2021-01-30 22:00:00,1612015200000,1.9430000000,1.9500000000,1.9210000000,1.9270000000,212136.0749000000,411177.7556539000,411177.7556539000,1,SRM-USDT
2021-01-30 23:00:00,1612018800000,1.9280000000,1.9310000000,1.9130000000,1.9170000000,221792.3875000000,426507.6673870000,426507.6673870000,1,SRM-USDT
2021-01-31 00:00:00,1612022400000,1.9180000000,2.0170000000,1.8860000000,2.0170000000,631054.1141000000,1231830.6965516999,1231830.6965516999,1,SRM-USDT
2021-01-31 01:00:00,1612026000000,2.0130000000,2.0780000000,1.9810000000,2.0360000000,545433.0139000000,1109087.1803810999,1109087.1803810999,1,SRM-USDT
2021-01-31 02:00:00,1612029600000,2.0370000000,2.0750000000,1.9890000000,2.0610000000,295253.8951000000,596816.3491735000,596816.3491735000,1,SRM-USDT
2021-01-31 03:00:00,1612033200000,2.0610000000,2.1040000000,2.0290000000,2.0770000000,413870.8350000000,857898.4056189000,857898.4056189000,1,SRM-USDT
2021-01-31 04:00:00,1612036800000,2.0730000000,2.1230000000,2.0560000000,2.0730000000,361368.2329000000,758508.4533450000,758508.4533450000,1,SRM-USDT
2021-01-31 05:00:00,1612040400000,2.0740000000,2.0760000000,2.0380000000,2.0530000000,183045.2479000000,376659.0196581000,376659.0196581000,1,SRM-USDT
2021-01-31 06:00:00,1612044000000,2.0510000000,2.0900000000,2.0410000000,2.0840000000,215652.6308000000,446000.1885107000,446000.1885107000,1,SRM-USDT
2021-01-31 07:00:00,1612047600000,2.0830000000,2.0890000000,2.0290000000,2.0640000000,205066.0235000000,420622.0712873000,420622.0712873000,1,SRM-USDT
2021-01-31 08:00:00,1612051200000,2.0630000000,2.1310000000,2.0450000000,2.0680000000,245076.1005000000,510928.6115324000,510928.6115324000,1,SRM-USDT
2021-01-31 09:00:00,1612054800000,2.0670000000,2.1040000000,2.0490000000,2.0930000000,157449.4587000000,326538.3125982000,326538.3125982000,1,SRM-USDT
2021-01-31 10:00:00,1612058400000,2.0940000000,2.0950000000,2.0600000000,2.0750000000,102127.7033000000,212188.1523277000,212188.1523277000,1,SRM-USDT
2021-01-31 11:00:00,1612062000000,2.0760000000,2.1230000000,2.0640000000,2.1190000000,240887.9980000000,505183.2248145000,505183.2248145000,1,SRM-USDT
2021-01-31 12:00:00,1612065600000,2.1210000000,2.1250000000,2.0850000000,2.1030000000,198433.1642000000,418530.3484278000,418530.3484278000,1,SRM-USDT
2021-01-31 13:00:00,1612069200000,2.1040000000,2.1120000000,2.0300000000,2.0480000000,211501.7047000000,436368.9840492000,436368.9840492000,1,SRM-USDT
2021-01-31 14:00:00,1612072800000,2.0460000000,2.1190000000,2.0350000000,2.1180000000,261045.6645000000,541977.6422293000,541977.6422293000,1,SRM-USDT
2021-01-31 15:00:00,1612076400000,2.1180000000,2.1430000000,2.0850000000,2.0930000000,258796.1276000000,546914.7395897000,546914.7395897000,1,SRM-USDT
2021-01-31 16:00:00,1612080000000,2.0920000000,2.1560000000,2.0530000000,2.1560000000,349147.8289000000,736541.9043643000,736541.9043643000,1,SRM-USDT
2021-01-31 17:00:00,1612083600000,2.1560000000,2.2790000000,2.1540000000,2.1710000000,1188845.6941000000,2629951.4238849999,2629951.4238849999,1,SRM-USDT
2021-01-31 18:00:00,1612087200000,2.1710000000,2.2210000000,2.1550000000,2.2070000000,355868.4316000000,782355.3499774000,782355.3499774000,1,SRM-USDT
2021-01-31 19:00:00,1612090800000,2.2090000000,2.3000000000,2.1810000000,2.2750000000,515518.3742000000,1163284.0242933000,1163284.0242933000,1,SRM-USDT
2021-01-31 20:00:00,1612094400000,2.2760000000,2.3400000000,2.2440000000,2.2990000000,379954.9350000000,869549.4260510000,869549.4260510000,1,SRM-USDT
2021-01-31 21:00:00,1612098000000,2.3010000000,2.3380000000,2.2470000000,2.2700000000,456029.6037000000,1051798.5213992000,1051798.5213992000,1,SRM-USDT
2021-01-31 22:00:00,1612101600000,2.2720000000,2.2720000000,2.2080000000,2.2150000000,355920.5548000000,797830.6918412000,797830.6918412000,1,SRM-USDT
2021-01-31 23:00:00,1612105200000,2.2110000000,2.2230000000,2.0570000000,2.1250000000,769195.5917000000,1635031.3931431000,1635031.3931431000,1,SRM-USDT
2021-02-01 00:00:00,1612108800000,2.1250000000,2.1630000000,2.0800000000,2.1130000000,296084.0239000000,632676.7725540000,632676.7725540000,1,SRM-USDT
2021-02-01 01:00:00,1612112400000,2.1140000000,2.1460000000,2.0920000000,2.1080000000,328878.5646000000,695862.3733280000,695862.3733280000,1,SRM-USDT
2021-02-01 02:00:00,1612116000000,2.1060000000,2.1740000000,2.0750000000,2.1150000000,293063.2322000000,623856.9228342000,623856.9228342000,1,SRM-USDT
2021-02-01 03:00:00,1612119600000,2.1130000000,2.1810000000,2.1130000000,2.1430000000,161253.3067000000,346110.6877912000,346110.6877912000,1,SRM-USDT
2021-02-01 04:00:00,1612123200000,2.1400000000,2.2600000000,2.1210000000,2.2460000000,344898.9295000000,761536.5229507000,761536.5229507000,1,SRM-USDT
2021-02-01 05:00:00,1612126800000,2.2390000000,2.3830000000,2.2130000000,2.3370000000,702454.8927000000,1637622.4324322001,1637622.4324322001,1,SRM-USDT
2021-02-01 06:00:00,1612130400000,2.3380000000,2.3870000000,2.3060000000,2.3590000000,375383.1889000000,880471.0735615999,880471.0735615999,1,SRM-USDT
2021-02-01 07:00:00,1612134000000,2.3600000000,2.4860000000,2.3400000000,2.4850000000,428842.6029000000,1035765.6188414000,1035765.6188414000,1,SRM-USDT
2021-02-01 08:00:00,1612137600000,2.4800000000,2.4840000000,2.2470000000,2.3390000000,728896.7148000000,1706588.9133039999,1706588.9133039999,1,SRM-USDT
2021-02-01 09:00:00,1612141200000,2.3390000000,2.4460000000,2.3150000000,2.4310000000,382291.6031000000,912320.3806862000,912320.3806862000,1,SRM-USDT
2021-02-01 10:00:00,1612144800000,2.4310000000,2.4390000000,2.3820000000,2.4110000000,216915.7740000000,522630.1074433000,522630.1074433000,1,SRM-USDT
2021-02-01 11:00:00,1612148400000,2.4120000000,2.4200000000,2.3340000000,2.3510000000,326453.9692000000,771703.9443793000,771703.9443793000,1,SRM-USDT
2021-02-01 12:00:00,1612152000000,2.3500000000,2.4170000000,2.3180000000,2.3710000000,293751.1855000000,692554.6396650000,692554.6396650000,1,SRM-USDT
2021-02-01 13:00:00,1612155600000,2.3710000000,2.4180000000,2.3520000000,2.3930000000,168135.6935000000,401759.2984017000,401759.2984017000,1,SRM-USDT
2021-02-01 14:00:00,1612159200000,2.3920000000,2.4420000000,2.3730000000,2.3900000000,245797.2499000000,592312.2063823000,592312.2063823000,1,SRM-USDT
2021-02-01 15:00:00,1612162800000,2.3930000000,2.4470000000,2.3710000000,2.4060000000,177353.0056000000,429205.9270851000,429205.9270851000,1,SRM-USDT
2021-02-01 16:00:00,1612166400000,2.4080000000,2.4340000000,2.3550000000,2.3790000000,311951.2971000000,744289.6906845000,744289.6906845000,1,SRM-USDT
2021-02-01 17:00:00,1612170000000,2.3800000000,2.4280000000,2.3620000000,2.4250000000,188609.1171000000,450052.1578814000,450052.1578814000,1,SRM-USDT
2021-02-01 18:00:00,1612173600000,2.4270000000,2.5640000000,2.4240000000,2.5620000000,492254.7281000000,1222369.8783221000,1222369.8783221000,1,SRM-USDT
2021-02-01 19:00:00,1612177200000,2.5610000000,2.6590000000,2.5050000000,2.5970000000,551222.1397000001,1423331.3147024000,1423331.3147024000,1,SRM-USDT
2021-02-01 20:00:00,1612180800000,2.5930000000,2.6780000000,2.5640000000,2.6660000000,544970.6822000000,1427887.0346816001,1427887.0346816001,1,SRM-USDT
2021-02-01 21:00:00,1612184400000,2.6780000000,2.7330000000,2.5660000000,2.5950000000,712228.4770000000,1881525.9394171000,1881525.9394171000,1,SRM-USDT
2021-02-01 22:00:00,1612188000000,2.5940000000,2.5940000000,2.5010000000,2.5880000000,348827.0009000000,887409.7756132000,887409.7756132000,1,SRM-USDT
2021-02-01 23:00:00,1612191600000,2.5880000000,2.6510000000,2.5810000000,2.5920000000,363953.4150000000,951581.8762900000,951581.8762900000,1,SRM-USDT
2021-02-02 00:00:00,1612195200000,2.5930000000,2.6510000000,2.5670000000,2.6050000000,247067.5562000000,644373.5334492000,644373.5334492000,1,SRM-USDT
2021-02-02 01:00:00,1612198800000,2.6080000000,2.7450000000,2.6040000000,2.7400000000,278618.2674000000,747734.0756278000,747734.0756278000,1,SRM-USDT
2021-02-02 02:00:00,1612202400000,2.7410000000,2.8240000000,2.7170000000,2.7740000000,419083.4023000000,1161886.4801948001,1161886.4801948001,1,SRM-USDT
2021-02-02 03:00:00,1612206000000,2.7700000000,2.8630000000,2.7650000000,2.8610000000,276906.3404000000,778482.1780078000,778482.1780078000,1,SRM-USDT
2021-02-02 04:00:00,1612209600000,2.8600000000,2.8630000000,2.7350000000,2.7910000000,361305.8116000000,1001377.9703870000,1001377.9703870000,1,SRM-USDT
2021-02-02 05:00:00,1612213200000,2.7820000000,2.8120000000,2.7550000000,2.8030000000,159428.4903000000,443243.1814885000,443243.1814885000,1,SRM-USDT
2021-02-02 06:00:00,1612216800000,2.8010000000,2.8690000000,2.7880000000,2.8140000000,242602.2739000000,687216.1379116999,687216.1379116999,1,SRM-USDT
2021-02-02 07:00:00,1612220400000,2.8160000000,2.8940000000,2.8160000000,2.8510000000,275515.9798000000,789730.0662109000,789730.0662109000,1,SRM-USDT
2021-02-02 08:00:00,1612224000000,2.8520000000,2.8530000000,2.7280000000,2.7520000000,293325.0139000000,823479.1875326000,823479.1875326000,1,SRM-USDT
2021-02-02 09:00:00,1612227600000,2.7530000000,2.7530000000,2.6630000000,2.7470000000,432024.7710000000,1170926.9042954000,1170926.9042954000,1,SRM-USDT
2021-02-02 10:00:00,1612231200000,2.7490000000,2.7790000000,2.7160000000,2.7570000000,217464.5942000000,598027.1412497000,598027.1412497000,1,SRM-USDT
2021-02-02 11:00:00,1612234800000,2.7610000000,2.7700000000,2.7260000000,2.7290000000,130762.4851000000,358808.4940449000,358808.4940449000,1,SRM-USDT
2021-02-02 12:00:00,1612238400000,2.7310000000,2.7780000000,2.7250000000,2.7310000000,127774.2037000000,351912.5768854000,351912.5768854000,1,SRM-USDT
2021-02-02 13:00:00,1612242000000,2.7310000000,2.7850000000,2.7300000000,2.7730000000,163684.7820000000,452640.2843331000,452640.2843331000,1,SRM-USDT
2021-02-02 14:00:00,1612245600000,2.7750000000,2.7840000000,2.7460000000,2.7480000000,149059.0057000000,410993.8786358000,410993.8786358000,1,SRM-USDT
2021-02-02 15:00:00,1612249200000,2.7450000000,2.8580000000,2.7450000000,2.8280000000,256863.8292000000,720605.3870678000,720605.3870678000,1,SRM-USDT
2021-02-02 16:00:00,1612252800000,2.8270000000,2.9280000000,2.7900000000,2.9250000000,241989.4248000000,691150.7111870000,691150.7111870000,1,SRM-USDT
2021-02-02 17:00:00,1612256400000,2.9230000000,2.9230000000,2.7670000000,2.7720000000,249285.1769000000,706523.6817244000,706523.6817244000,1,SRM-USDT
2021-02-02 18:00:00,1612260000000,2.7750000000,2.7890000000,2.7400000000,2.7720000000,246862.6674000000,681905.3531705000,681905.3531705000,1,SRM-USDT
2021-02-02 19:00:00,1612263600000,2.7730000000,2.8570000000,2.7730000000,2.8190000000,282899.4914000000,797203.1930214000,797203.1930214000,1,SRM-USDT
2021-02-02 20:00:00,1612267200000,2.8180000000,2.8940000000,2.7960000000,2.8800000000,234904.4709000000,666691.9874514000,666691.9874514000,1,SRM-USDT
2021-02-02 21:00:00,1612270800000,2.8820000000,2.8820000000,2.8120000000,2.8430000000,223298.0916000000,634984.8045422001,634984.8045422001,1,SRM-USDT
2021-02-02 22:00:00,1612274400000,2.8420000000,2.8750000000,2.8180000000,2.8340000000,172008.8402000000,489070.2358896000,489070.2358896000,1,SRM-USDT
2021-02-02 23:00:00,1612278000000,2.8370000000,2.8590000000,2.7560000000,2.7990000000,472874.1346000000,1324320.2773603001,1324320.2773603001,1,SRM-USDT
2021-02-03 00:00:00,1612281600000,2.8000000000,2.8540000000,2.7740000000,2.8320000000,296401.9965000000,836514.4235669000,836514.4235669000,1,SRM-USDT
2021-02-03 01:00:00,1612285200000,2.8330000000,2.8830000000,2.8270000000,2.8340000000,149926.4683000000,426672.5637775000,426672.5637775000,1,SRM-USDT
2021-02-03 02:00:00,1612288800000,2.8340000000,2.8610000000,2.8200000000,2.8330000000,113476.4825000000,321954.7071004000,321954.7071004000,1,SRM-USDT
2021-02-03 03:00:00,1612292400000,2.8320000000,2.9160000000,2.8310000000,2.9090000000,182132.6150000000,523529.0432456000,523529.0432456000,1,SRM-USDT
2021-02-03 04:00:00,1612296000000,2.9110000000,2.9380000000,2.8500000000,2.8650000000,174642.9698000000,506337.7213872000,506337.7213872000,1,SRM-USDT
2021-02-03 05:00:00,1612299600000,2.8670000000,2.9550000000,2.8600000000,2.9410000000,207125.6584000000,603768.6210507000,603768.6210507000,1,SRM-USDT
2021-02-03 06:00:00,1612303200000,2.9410000000,3.0450000000,2.9350000000,3.0170000000,265078.8459000000,794076.0449585000,794076.0449585000,1,SRM-USDT
2021-02-03 07:00:00,1612306800000,3.0180000000,3.0210000000,2.9650000000,2.9650000000,182908.5458000000,547301.1201613999,547301.1201613999,1,SRM-USDT
2021-02-03 08:00:00,1612310400000,2.9620000000,2.9840000000,2.8990000000,2.9060000000,198028.5782000000,582798.4819536000,582798.4819536000,1,SRM-USDT
2021-02-03 09:00:00,1612314000000,2.9050000000,2.9290000000,2.8940000000,2.9150000000,133381.6914000000,388651.8895195000,388651.8895195000,1,SRM-USDT
2021-02-03 10:00:00,1612317600000,2.9120000000,2.9790000000,2.9000000000,2.9790000000,201362.4147000000,592497.3601163001,592497.3601163001,1,SRM-USDT
2021-02-03 11:00:00,1612321200000,2.9790000000,2.9810000000,2.9300000000,2.9430000000,131784.7805000000,389849.7138115000,389849.7138115000,1,SRM-USDT
2021-02-03 12:00:00,1612324800000,2.9410000000,2.9470000000,2.9120000000,2.9220000000,198640.1361000000,580875.9048169000,580875.9048169000,1,SRM-USDT
2021-02-03 13:00:00,1612328400000,2.9230000000,2.9260000000,2.8700000000,2.8880000000,140200.0151000000,405960.7876134000,405960.7876134000,1,SRM-USDT
2021-02-03 14:00:00,1612332000000,2.8860000000,2.8920000000,2.8640000000,2.8850000000,123365.0978000000,355281.7040167000,355281.7040167000,1,SRM-USDT
2021-02-03 15:00:00,1612335600000,2.8850000000,2.8930000000,2.7440000000,2.7930000000,380791.5024000000,1065013.9475743000,1065013.9475743000,1,SRM-USDT
2021-02-03 16:00:00,1612339200000,2.7930000000,2.8030000000,2.7190000000,2.7830000000,320955.9932000000,885219.6872077000,885219.6872077000,1,SRM-USDT
2021-02-03 17:00:00,1612342800000,2.7850000000,2.8000000000,2.7590000000,2.7610000000,169099.6025000000,469707.9512965000,469707.9512965000,1,SRM-USDT
2021-02-03 18:00:00,1612346400000,2.7620000000,2.7810000000,2.7380000000,2.7490000000,149253.8123000000,412498.3386646000,412498.3386646000,1,SRM-USDT
2021-02-03 19:00:00,1612350000000,2.7500000000,2.8110000000,2.7500000000,2.7900000000,189555.2780000000,529478.8593209001,529478.8593209001,1,SRM-USDT
2021-02-03 20:00:00,1612353600000,2.7870000000,2.8460000000,2.7580000000,2.8290000000,291358.2051000000,819861.3036560999,819861.3036560999,1,SRM-USDT
2021-02-03 21:00:00,1612357200000,2.8280000000,2.8290000000,2.7970000000,2.7990000000,153791.5878000000,432261.1425045000,432261.1425045000,1,SRM-USDT
2021-02-03 22:00:00,1612360800000,2.8010000000,2.8130000000,2.7960000000,2.7970000000,112965.6740000000,316494.6133157000,316494.6133157000,1,SRM-USDT
2021-02-03 23:00:00,1612364400000,2.7950000000,2.8560000000,2.7760000000,2.8450000000,230551.3468000000,649735.6288177000,649735.6288177000,1,SRM-USDT
2021-02-04 00:00:00,1612368000000,2.8450000000,2.8590000000,2.7930000000,2.8250000000,191278.8163000000,538839.8919528000,538839.8919528000,1,SRM-USDT
2021-02-04 01:00:00,1612371600000,2.8260000000,2.8500000000,2.8060000000,2.8490000000,106655.3690000000,301773.1467610000,301773.1467610000,1,SRM-USDT
2021-02-04 02:00:00,1612375200000,2.8480000000,2.8490000000,2.7880000000,2.8110000000,239710.3844000000,673562.6537471000,673562.6537471000,1,SRM-USDT
2021-02-04 03:00:00,1612378800000,2.8110000000,2.8300000000,2.7890000000,2.7920000000,112561.4075000000,316185.2222844000,316185.2222844000,1,SRM-USDT
2021-02-04 04:00:00,1612382400000,2.7940000000,2.7990000000,2.7720000000,2.7930000000,137415.7077000000,382852.0874091000,382852.0874091000,1,SRM-USDT
2021-02-04 05:00:00,1612386000000,2.7960000000,2.7980000000,2.7640000000,2.7790000000,162463.3073000000,452217.0781473000,452217.0781473000,1,SRM-USDT
2021-02-04 06:00:00,1612389600000,2.7760000000,2.8560000000,2.7750000000,2.8560000000,205523.2781000000,577472.4003173000,577472.4003173000,1,SRM-USDT
2021-02-04 07:00:00,1612393200000,2.8560000000,2.8580000000,2.8170000000,2.8440000000,151438.3869000000,429688.9059474000,429688.9059474000,1,SRM-USDT
2021-02-04 08:00:00,1612396800000,2.8460000000,2.8660000000,2.7870000000,2.7950000000,221003.7769000000,622963.4266425000,622963.4266425000,1,SRM-USDT
2021-02-04 09:00:00,1612400400000,2.7940000000,2.8120000000,2.7760000000,2.7910000000,168090.6996000000,469366.5292798000,469366.5292798000,1,SRM-USDT
2021-02-04 10:00:00,1612404000000,2.7910000000,2.8220000000,2.7560000000,2.7910000000,282344.8473000000,785982.7692367000,785982.7692367000,1,SRM-USDT
2021-02-04 11:00:00,1612407600000,2.7920000000,2.8340000000,2.7770000000,2.8020000000,335347.3890000000,941854.0062827000,941854.0062827000,1,SRM-USDT
2021-02-04 12:00:00,1612411200000,2.8010000000,2.8390000000,2.7800000000,2.8370000000,109119.4878000000,307304.7918010000,307304.7918010000,1,SRM-USDT
2021-02-04 13:00:00,1612414800000,2.8370000000,2.8400000000,2.8020000000,2.8030000000,185352.8235000000,523412.5746860000,523412.5746860000,1,SRM-USDT
2021-02-04 14:00:00,1612418400000,2.8020000000,2.8290000000,2.7880000000,2.8210000000,127999.3748000000,359834.2198230000,359834.2198230000,1,SRM-USDT
2021-02-04 15:00:00,1612422000000,2.8190000000,2.8230000000,2.7740000000,2.7750000000,130485.8462000000,365986.4865051000,365986.4865051000,1,SRM-USDT
2021-02-04 16:00:00,1612425600000,2.7770000000,2.8020000000,2.7320000000,2.7330000000,201688.0249000000,560762.6783032001,560762.6783032001,1,SRM-USDT
2021-02-04 17:00:00,1612429200000,2.7330000000,2.7360000000,2.6010000000,2.7130000000,374553.8393000000,1003845.5850427001,1003845.5850427001,1,SRM-USDT
2021-02-04 18:00:00,1612432800000,2.7170000000,2.7360000000,2.6920000000,2.7090000000,156512.9420000000,425394.3667920000,425394.3667920000,1,SRM-USDT
2021-02-04 19:00:00,1612436400000,2.7040000000,2.7070000000,2.6560000000,2.6670000000,162770.6303000000,437841.2526199000,437841.2526199000,1,SRM-USDT
2021-02-04 20:00:00,1612440000000,2.6630000000,2.7210000000,2.6540000000,2.7190000000,209202.4324000000,562768.5655467000,562768.5655467000,1,SRM-USDT
2021-02-04 21:00:00,1612443600000,2.7200000000,2.7410000000,2.7040000000,2.7390000000,178670.9358000000,486246.1405753000,486246.1405753000,1,SRM-USDT
2021-02-04 22:00:00,1612447200000,2.7400000000,2.7680000000,2.6800000000,2.6900000000,229024.8811000000,626986.8149594000,626986.8149594000,1,SRM-USDT
2021-02-04 23:00:00,1612450800000,2.6910000000,2.7170000000,2.6500000000,2.6970000000,191679.5307000000,512616.2285566000,512616.2285566000,1,SRM-USDT
2021-02-05 00:00:00,1612454400000,2.6880000000,2.7660000000,2.6700000000,2.7590000000,172046.4750000000,466261.2741876000,466261.2741876000,1,SRM-USDT
2021-02-05 01:00:00,1612458000000,2.7600000000,2.8280000000,2.7580000000,2.7930000000,235485.8836000000,656767.2651161000,656767.2651161000,1,SRM-USDT
2021-02-05 02:00:00,1612461600000,2.7920000000,2.8330000000,2.7740000000,2.8160000000,124858.0089000000,351026.6965712000,351026.6965712000,1,SRM-USDT
2021-02-05 03:00:00,1612465200000,2.8150000000,2.9650000000,2.8020000000,2.9600000000,198339.5594000000,570386.6832810000,570386.6832810000,1,SRM-USDT
2021-02-05 04:00:00,1612468800000,2.9550000000,3.0290000000,2.8980000000,2.9620000000,298698.5907000000,882449.9129662000,882449.9129662000,1,SRM-USDT
2021-02-05 05:00:00,1612472400000,2.9630000000,2.9690000000,2.9080000000,2.9510000000,170570.2791000000,500166.2498417000,500166.2498417000,1,SRM-USDT
2021-02-05 06:00:00,1612476000000,2.9520000000,2.9550000000,2.8170000000,2.8940000000,208898.2571000000,602610.5265902000,602610.5265902000,1,SRM-USDT
2021-02-05 07:00:00,1612479600000,2.8950000000,2.9290000000,2.8550000000,2.8730000000,124317.4054000000,360191.2040475000,360191.2040475000,1,SRM-USDT
2021-02-05 08:00:00,1612483200000,2.8710000000,3.0960000000,2.8710000000,3.0750000000,478711.4896000000,1441715.0934254001,1441715.0934254001,1,SRM-USDT
2021-02-05 09:00:00,1612486800000,3.0750000000,3.0910000000,3.0160000000,3.0720000000,187675.4301000000,573300.7391864000,573300.7391864000,1,SRM-USDT
2021-02-05 10:00:00,1612490400000,3.0740000000,3.1300000000,3.0720000000,3.1300000000,211205.0347000000,654823.9953470000,654823.9953470000,1,SRM-USDT
2021-02-05 11:00:00,1612494000000,3.1280000000,3.1540000000,3.0770000000,3.0870000000,329152.3738000000,1027423.4249228000,1027423.4249228000,1,SRM-USDT
2021-02-05 12:00:00,1612497600000,3.0850000000,3.1140000000,3.0740000000,3.0840000000,150797.5639000000,466776.0724325000,466776.0724325000,1,SRM-USDT
2021-02-05 13:00:00,1612501200000,3.0850000000,3.1440000000,3.0790000000,3.1050000000,168009.2881000000,522289.9736791000,522289.9736791000,1,SRM-USDT
2021-02-05 14:00:00,1612504800000,3.1060000000,3.2000000000,3.0790000000,3.1770000000,253214.9101000000,796613.2080289000,796613.2080289000,1,SRM-USDT
2021-02-05 15:00:00,1612508400000,3.1770000000,3.2330000000,3.1510000000,3.2140000000,261318.4147000000,835899.5163114000,835899.5163114000,1,SRM-USDT
2021-02-05 16:00:00,1612512000000,3.2150000000,3.2500000000,3.1600000000,3.2450000000,188566.2671000000,604350.2864522000,604350.2864522000,1,SRM-USDT
2021-02-05 17:00:00,1612515600000,3.2440000000,3.2780000000,3.2160000000,3.2530000000,189137.9669000000,614417.3564609000,614417.3564609000,1,SRM-USDT
2021-02-05 18:00:00,1612519200000,3.2450000000,3.2660000000,3.1850000000,3.1850000000,157245.1575000000,507003.5529942000,507003.5529942000,1,SRM-USDT
2021-02-05 19:00:00,1612522800000,3.1880000000,3.2710000000,3.1870000000,3.2590000000,115949.8101000000,373354.9597676000,373354.9597676000,1,SRM-USDT
2021-02-05 20:00:00,1612526400000,3.2600000000,3.3270000000,3.2510000000,3.2660000000,258745.5436000000,852654.7735330000,852654.7735330000,1,SRM-USDT
2021-02-05 21:00:00,1612530000000,3.2670000000,3.3170000000,3.2450000000,3.3050000000,176959.7134000000,580419.2516082000,580419.2516082000,1,SRM-USDT
2021-02-05 22:00:00,1612533600000,3.3040000000,3.3960000000,3.2960000000,3.3920000000,220325.7770000000,738302.2923368000,738302.2923368000,1,SRM-USDT
2021-02-05 23:00:00,1612537200000,3.3920000000,3.4710000000,3.3340000000,3.4110000000,349266.0926000000,1192797.4162109001,1192797.4162109001,1,SRM-USDT
2021-02-06 00:00:00,1612540800000,3.4090000000,3.4520000000,3.2900000000,3.3080000000,354276.7229000000,1198688.4552891001,1198688.4552891001,1,SRM-USDT
2021-02-06 01:00:00,1612544400000,3.3080000000,3.3610000000,3.2130000000,3.2740000000,279801.8610000000,913511.5116612000,913511.5116612000,1,SRM-USDT
2021-02-06 02:00:00,1612548000000,3.2730000000,3.2990000000,3.0980000000,3.0990000000,293970.2065000000,940099.1802458999,940099.1802458999,1,SRM-USDT
2021-02-06 03:00:00,1612551600000,3.0990000000,3.2070000000,3.0740000000,3.1850000000,194399.7574000000,615414.3900167000,615414.3900167000,1,SRM-USDT
2021-02-06 04:00:00,1612555200000,3.1870000000,3.2310000000,3.1720000000,3.2090000000,103301.8410000000,330348.4398887000,330348.4398887000,1,SRM-USDT
2021-02-06 05:00:00,1612558800000,3.2030000000,3.2160000000,3.1570000000,3.1870000000,72781.5951000000,232209.1805976000,232209.1805976000,1,SRM-USDT
2021-02-06 06:00:00,1612562400000,3.1870000000,3.1880000000,3.1480000000,3.1600000000,105553.6559000000,334513.7346160000,334513.7346160000,1,SRM-USDT
2021-02-06 07:00:00,1612566000000,3.1580000000,3.1830000000,3.1110000000,3.1330000000,136604.1029000000,430691.9301583000,430691.9301583000,1,SRM-USDT
2021-02-06 08:00:00,1612569600000,3.1350000000,3.5460000000,3.1340000000,3.2410000000,763458.2424000000,2548819.0004353998,2548819.0004353998,1,SRM-USDT
2021-02-06 09:00:00,1612573200000,3.2410000000,3.2790000000,2.8010000000,2.9470000000,743127.7996000000,2234362.2899222001,2234362.2899222001,1,SRM-USDT
2021-02-06 10:00:00,1612576800000,2.9450000000,3.0630000000,2.9230000000,2.9730000000,441961.3552000000,1329560.3867849000,1329560.3867849000,1,SRM-USDT
2021-02-06 11:00:00,1612580400000,2.9720000000,2.9760000000,2.8860000000,2.9720000000,247191.9468000000,724613.7291940000,724613.7291940000,1,SRM-USDT
2021-02-06 12:00:00,1612584000000,2.9720000000,2.9720000000,2.8750000000,2.8920000000,182466.1577000000,529527.6631228999,529527.6631228999,1,SRM-USDT
2021-02-06 13:00:00,1612587600000,2.8910000000,2.9180000000,2.8500000000,2.9090000000,193554.7959000000,560384.9864376000,560384.9864376000,1,SRM-USDT
2021-02-06 14:00:00,1612591200000,2.9080000000,2.9550000000,2.9010000000,2.9460000000,127542.2189000000,374368.2640172000,374368.2640172000,1,SRM-USDT
2021-02-06 15:00:00,1612594800000,2.9450000000,2.9710000000,2.9230000000,2.9580000000,81767.2284000000,240527.7397588000,240527.7397588000,1,SRM-USDT
2021-02-06 16:00:00,1612598400000,2.9580000000,3.0490000000,2.9540000000,3.0480000000,235568.4057000000,708650.1953460000,708650.1953460000,1,SRM-USDT
2021-02-06 17:00:00,1612602000000,3.0460000000,3.0550000000,2.9760000000,2.9870000000,149728.3307000000,451748.4933645000,451748.4933645000,1,SRM-USDT
2021-02-06 18:00:00,1612605600000,2.9860000000,2.9860000000,2.9100000000,2.9170000000,198702.1672000000,584663.1624404000,584663.1624404000,1,SRM-USDT
2021-02-06 19:00:00,1612609200000,2.9120000000,2.9180000000,2.8150000000,2.8550000000,349133.4655000000,999249.5205281000,999249.5205281000,1,SRM-USDT
2021-02-06 20:00:00,1612612800000,2.8540000000,2.9100000000,2.8310000000,2.8880000000,148882.5645000000,425647.4302309000,425647.4302309000,1,SRM-USDT
2021-02-06 21:00:00,1612616400000,2.8880000000,2.9040000000,2.8680000000,2.8740000000,112196.2207000000,323590.5758882000,323590.5758882000,1,SRM-USDT
2021-02-06 22:00:00,1612620000000,2.8740000000,2.9320000000,2.8700000000,2.9140000000,190818.4998000000,553060.7692560001,553060.7692560001,1,SRM-USDT
2021-02-06 23:00:00,1612623600000,2.9120000000,2.9170000000,2.8280000000,2.8300000000,226195.8717000000,654145.7511070000,654145.7511070000,1,SRM-USDT
2021-02-07 00:00:00,1612627200000,2.8280000000,2.9070000000,2.8270000000,2.9000000000,147939.2235000000,423352.5025145000,423352.5025145000,1,SRM-USDT
2021-02-07 01:00:00,1612630800000,2.9010000000,2.9420000000,2.8890000000,2.9360000000,111106.2751000000,323989.4262380000,323989.4262380000,1,SRM-USDT
2021-02-07 02:00:00,1612634400000,2.9350000000,2.9680000000,2.9230000000,2.9520000000,117641.0417000000,346600.1785650000,346600.1785650000,1,SRM-USDT
2021-02-07 03:00:00,1612638000000,2.9510000000,2.9840000000,2.9450000000,2.9810000000,86879.6924000000,257369.1330660000,257369.1330660000,1,SRM-USDT
2021-02-07 04:00:00,1612641600000,2.9790000000,2.9820000000,2.9410000000,2.9540000000,71185.3857000000,210615.2938981000,210615.2938981000,1,SRM-USDT
2021-02-07 05:00:00,1612645200000,2.9530000000,3.0530000000,2.9510000000,3.0260000000,228582.2129000000,690027.9350651000,690027.9350651000,1,SRM-USDT
2021-02-07 06:00:00,1612648800000,3.0280000000,3.0360000000,2.9200000000,2.9340000000,147085.2598000000,438869.9577362000,438869.9577362000,1,SRM-USDT
2021-02-07 07:00:00,1612652400000,2.9350000000,2.9350000000,2.8880000000,2.8990000000,100923.2839000000,293487.1459186000,293487.1459186000,1,SRM-USDT
2021-02-07 08:00:00,1612656000000,2.9070000000,2.9920000000,2.8960000000,2.9470000000,158350.4126000000,467729.3583081000,467729.3583081000,1,SRM-USDT
2021-02-07 09:00:00,1612659600000,2.9490000000,2.9490000000,2.8050000000,2.8190000000,151387.6825000000,434473.8630504000,434473.8630504000,1,SRM-USDT
2021-02-07 10:00:00,1612663200000,2.8180000000,2.8320000000,2.7420000000,2.7850000000,264008.6582000000,735273.5631789000,735273.5631789000,1,SRM-USDT
2021-02-07 11:00:00,1612666800000,2.7790000000,2.7870000000,2.7380000000,2.7580000000,148058.5189000000,408827.3010352000,408827.3010352000,1,SRM-USDT
2021-02-07 12:00:00,1612670400000,2.7500000000,2.7620000000,2.6500000000,2.6790000000,228518.4637000000,614851.6665613001,614851.6665613001,1,SRM-USDT
2021-02-07 13:00:00,1612674000000,2.6770000000,2.7340000000,2.6760000000,2.7250000000,184339.1967000000,500354.4683809000,500354.4683809000,1,SRM-USDT
2021-02-07 14:00:00,1612677600000,2.7220000000,2.7360000000,2.6960000000,2.7060000000,131287.8572000000,356675.9988989000,356675.9988989000,1,SRM-USDT
2021-02-07 15:00:00,1612681200000,2.7050000000,2.7490000000,2.6940000000,2.7460000000,120092.3911000000,327899.8576294000,327899.8576294000,1,SRM-USDT
2021-02-07 16:00:00,1612684800000,2.7440000000,2.8330000000,2.7420000000,2.8250000000,165841.8786000000,463651.4039059000,463651.4039059000,1,SRM-USDT
2021-02-07 17:00:00,1612688400000,2.8230000000,2.8510000000,2.7990000000,2.8100000000,164981.5689000000,466782.0659317000,466782.0659317000,1,SRM-USDT
2021-02-07 18:00:00,1612692000000,2.8100000000,2.9000000000,2.8070000000,2.8740000000,181671.7154000000,521728.7003889000,521728.7003889000,1,SRM-USDT
2021-02-07 19:00:00,1612695600000,2.8760000000,2.8880000000,2.8330000000,2.8840000000,160886.4979000000,459858.1927708000,459858.1927708000,1,SRM-USDT
2021-02-07 20:00:00,1612699200000,2.8850000000,2.9070000000,2.8180000000,2.8600000000,175610.0334000000,502634.5428430000,502634.5428430000,1,SRM-USDT
2021-02-07 21:00:00,1612702800000,2.8610000000,2.8890000000,2.7930000000,2.7940000000,210178.4104000000,597216.0563908000,597216.0563908000,1,SRM-USDT
2021-02-07 22:00:00,1612706400000,2.7950000000,2.8760000000,2.7280000000,2.8410000000,412844.0565000000,1166749.7412731000,1166749.7412731000,1,SRM-USDT
2021-02-07 23:00:00,1612710000000,2.8400000000,2.8650000000,2.7010000000,2.7240000000,253892.2298000000,702390.0119331999,702390.0119331999,1,SRM-USDT
2021-02-08 00:00:00,1612713600000,2.7240000000,2.7530000000,2.6220000000,2.7460000000,288151.2982000000,770839.9616760000,770839.9616760000,1,SRM-USDT
2021-02-08 01:00:00,1612717200000,2.7450000000,2.7770000000,2.6900000000,2.7180000000,169927.6492000000,466113.5062883000,466113.5062883000,1,SRM-USDT
2021-02-08 02:00:00,1612720800000,2.7190000000,2.8090000000,2.7160000000,2.8070000000,114848.7548000000,318044.2525053000,318044.2525053000,1,SRM-USDT
2021-02-08 03:00:00,1612724400000,2.8080000000,2.8190000000,2.7400000000,2.7510000000,100504.6980000000,279980.6229848000,279980.6229848000,1,SRM-USDT
2021-02-08 04:00:00,1612728000000,2.7520000000,2.8040000000,2.7130000000,2.7990000000,154514.6206000000,426082.5060995000,426082.5060995000,1,SRM-USDT
2021-02-08 05:00:00,1612731600000,2.8030000000,2.8200000000,2.7860000000,2.8130000000,49443.7335000000,138472.9819251000,138472.9819251000,1,SRM-USDT
2021-02-08 06:00:00,1612735200000,2.8100000000,2.8200000000,2.7570000000,2.7970000000,146131.0494000000,407657.3384829000,407657.3384829000,1,SRM-USDT
2021-02-08 07:00:00,1612738800000,2.7970000000,2.9020000000,2.7910000000,2.8900000000,165234.1734000000,470866.4475145000,470866.4475145000,1,SRM-USDT
2021-02-08 08:00:00,1612742400000,2.8790000000,2.8850000000,2.8030000000,2.8140000000,134434.8300000000,383494.4956974000,383494.4956974000,1,SRM-USDT
2021-02-08 09:00:00,1612746000000,2.8110000000,2.8360000000,2.7900000000,2.8300000000,90385.5136000000,254014.0594579000,254014.0594579000,1,SRM-USDT
2021-02-08 10:00:00,1612749600000,2.8300000000,2.8610000000,2.7960000000,2.7990000000,127479.8609000000,360585.7810328000,360585.7810328000,1,SRM-USDT
2021-02-08 11:00:00,1612753200000,2.7960000000,2.8220000000,2.7790000000,2.7790000000,113940.7625000000,318793.3173878000,318793.3173878000,1,SRM-USDT
2021-02-08 12:00:00,1612756800000,2.7850000000,2.8680000000,2.7740000000,2.8370000000,114644.8813000000,324405.1595250000,324405.1595250000,1,SRM-USDT
2021-02-08 13:00:00,1612760400000,2.8400000000,2.8970000000,2.8240000000,2.8970000000,111404.8032000000,319033.9506297000,319033.9506297000,1,SRM-USDT
2021-02-08 14:00:00,1612764000000,2.8980000000,2.9980000000,2.8840000000,2.9780000000,222164.7148000000,656632.6208173000,656632.6208173000,1,SRM-USDT
2021-02-08 15:00:00,1612767600000,2.9790000000,3.0520000000,2.9570000000,3.0500000000,272709.3620000000,817821.7605706000,817821.7605706000,1,SRM-USDT
2021-02-08 16:00:00,1612771200000,3.0500000000,3.0700000000,3.0160000000,3.0450000000,233915.6188000000,710553.3679058000,710553.3679058000,1,SRM-USDT
2021-02-08 17:00:00,1612774800000,3.0450000000,3.2520000000,3.0420000000,3.2050000000,537152.1215000000,1686663.7216928999,1686663.7216928999,1,SRM-USDT
2021-02-08 18:00:00,1612778400000,3.2050000000,3.5000000000,3.2050000000,3.2720000000,1016229.9986000000,3339108.9861283000,3339108.9861283000,1,SRM-USDT
2021-02-08 19:00:00,1612782000000,3.2660000000,3.3000000000,3.2210000000,3.2340000000,220850.6165000000,719911.5257950000,719911.5257950000,1,SRM-USDT
2021-02-08 20:00:00,1612785600000,3.2350000000,3.2820000000,3.1640000000,3.1920000000,271441.5769000000,872121.8110816000,872121.8110816000,1,SRM-USDT
2021-02-08 21:00:00,1612789200000,3.1930000000,3.2020000000,2.9650000000,3.1070000000,377585.9730000000,1164527.1033892999,1164527.1033892999,1,SRM-USDT
2021-02-08 22:00:00,1612792800000,3.1090000000,3.2340000000,3.1030000000,3.1680000000,401368.5063000000,1270439.9515086999,1270439.9515086999,1,SRM-USDT
2021-02-08 23:00:00,1612796400000,3.1710000000,3.1800000000,3.1390000000,3.1470000000,173143.7263000000,547624.4806485000,547624.4806485000,1,SRM-USDT
2021-02-09 00:00:00,1612800000000,3.1460000000,3.2120000000,3.0760000000,3.1310000000,439323.8270000000,1381467.7551034000,1381467.7551034000,1,SRM-USDT
2021-02-09 01:00:00,1612803600000,3.1300000000,3.1670000000,3.0970000000,3.1520000000,189219.4104000000,594213.7077786000,594213.7077786000,1,SRM-USDT
2021-02-09 02:00:00,1612807200000,3.1580000000,3.1590000000,3.0720000000,3.0810000000,173595.3872000000,538281.9561500000,538281.9561500000,1,SRM-USDT
2021-02-09 03:00:00,1612810800000,3.0820000000,3.1560000000,3.0720000000,3.1280000000,313088.5519000000,974297.5021587000,974297.5021587000,1,SRM-USDT
2021-02-09 04:00:00,1612814400000,3.1300000000,3.2120000000,3.1240000000,3.1550000000,273782.1267000000,864089.7672500000,864089.7672500000,1,SRM-USDT
2021-02-09 05:00:00,1612818000000,3.1550000000,3.1760000000,3.1290000000,3.1320000000,103003.1115000000,325041.0267155000,325041.0267155000,1,SRM-USDT
2021-02-09 06:00:00,1612821600000,3.1330000000,3.1690000000,3.1240000000,3.1300000000,137093.3871000000,431018.9469262000,431018.9469262000,1,SRM-USDT
2021-02-09 07:00:00,1612825200000,3.1320000000,3.1420000000,3.1010000000,3.1250000000,218369.8624000000,680886.7934302000,680886.7934302000,1,SRM-USDT
2021-02-09 08:00:00,1612828800000,3.1240000000,3.1410000000,3.0630000000,3.1300000000,202137.7446000000,628709.6694346000,628709.6694346000,1,SRM-USDT
2021-02-09 09:00:00,1612832400000,3.1340000000,3.1570000000,3.0970000000,3.1470000000,255722.4884000000,800837.4364089000,800837.4364089000,1,SRM-USDT
2021-02-09 10:00:00,1612836000000,3.1440000000,3.1470000000,3.0830000000,3.1450000000,171897.3439000000,536758.5286741999,536758.5286741999,1,SRM-USDT
2021-02-09 11:00:00,1612839600000,3.1450000000,3.1680000000,3.1330000000,3.1600000000,184343.8163000000,580869.9593979000,580869.9593979000,1,SRM-USDT
2021-02-09 12:00:00,1612843200000,3.1620000000,3.1740000000,3.1370000000,3.1450000000,183242.8955000000,578257.8490016999,578257.8490016999,1,SRM-USDT
2021-02-09 13:00:00,1612846800000,3.1440000000,3.1610000000,3.1310000000,3.1520000000,152640.0069000000,481011.7237595000,481011.7237595000,1,SRM-USDT
2021-02-09 14:00:00,1612850400000,3.1500000000,3.1590000000,3.1190000000,3.1270000000,292079.7431000000,917156.0068046000,917156.0068046000,1,SRM-USDT
2021-02-09 15:00:00,1612854000000,3.1250000000,3.1410000000,3.0980000000,3.1040000000,160807.2016000000,500607.0746277000,500607.0746277000,1,SRM-USDT
2021-02-09 16:00:00,1612857600000,3.1070000000,3.1690000000,3.1070000000,3.1450000000,214130.2799000000,672973.8695208000,672973.8695208000,1,SRM-USDT
2021-02-09 17:00:00,1612861200000,3.1420000000,3.2260000000,3.1120000000,3.1450000000,312853.7608000000,989180.1598121000,989180.1598121000,1,SRM-USDT
2021-02-09 18:00:00,1612864800000,3.1450000000,3.1770000000,3.0670000000,3.0710000000,402990.9287000000,1264452.2466786001,1264452.2466786001,1,SRM-USDT
2021-02-09 19:00:00,1612868400000,3.0700000000,3.1690000000,3.0700000000,3.1490000000,296053.4658000000,929842.8076908001,929842.8076908001,1,SRM-USDT
2021-02-09 20:00:00,1612872000000,3.1500000000,3.1600000000,3.0830000000,3.0880000000,115996.7347000000,362605.4037857000,362605.4037857000,1,SRM-USDT
2021-02-09 21:00:00,1612875600000,3.0870000000,3.1730000000,3.0600000000,3.1720000000,254262.4996000000,793017.9468677000,793017.9468677000,1,SRM-USDT
2021-02-09 22:00:00,1612879200000,3.1770000000,3.2910000000,3.1680000000,3.2820000000,407074.0889000000,1317282.2879834999,1317282.2879834999,1,SRM-USDT
2021-02-09 23:00:00,1612882800000,3.2820000000,3.4160000000,3.2270000000,3.3970000000,527597.3319000000,1758852.8213070000,1758852.8213070000,1,SRM-USDT
2021-02-10 00:00:00,1612886400000,3.4050000000,3.4160000000,3.2630000000,3.3130000000,405898.8410000000,1354806.7359350000,1354806.7359350000,1,SRM-USDT
2021-02-10 01:00:00,1612890000000,3.3130000000,3.3540000000,3.3040000000,3.3250000000,173433.1302000000,577210.4593164000,577210.4593164000,1,SRM-USDT
2021-02-10 02:00:00,1612893600000,3.3260000000,3.3710000000,3.3120000000,3.3400000000,257961.9705000000,858667.3393020000,858667.3393020000,1,SRM-USDT
2021-02-10 03:00:00,1612897200000,3.3320000000,3.3760000000,3.3050000000,3.3730000000,202486.6894000000,676250.8998114000,676250.8998114000,1,SRM-USDT
2021-02-10 04:00:00,1612900800000,3.3730000000,3.4610000000,3.3610000000,3.4390000000,450888.5205000000,1540904.2784173000,1540904.2784173000,1,SRM-USDT
2021-02-10 05:00:00,1612904400000,3.4390000000,3.5000000000,3.4110000000,3.4950000000,455204.9841000000,1567424.4209214000,1567424.4209214000,1,SRM-USDT
2021-02-10 06:00:00,1612908000000,3.4950000000,3.5120000000,3.4250000000,3.4440000000,268780.0948000000,929849.4107323000,929849.4107323000,1,SRM-USDT
2021-02-10 07:00:00,1612911600000,3.4480000000,3.4570000000,3.3540000000,3.3590000000,186432.5359000000,632646.4442892000,632646.4442892000,1,SRM-USDT
2021-02-10 08:00:00,1612915200000,3.3600000000,3.4010000000,3.3330000000,3.3690000000,182889.3743000000,615861.1363491000,615861.1363491000,1,SRM-USDT
2021-02-10 09:00:00,1612918800000,3.3660000000,3.5140000000,3.3660000000,3.5090000000,269503.5019000000,929862.1464795000,929862.1464795000,1,SRM-USDT
2021-02-10 10:00:00,1612922400000,3.5110000000,3.5990000000,3.5110000000,3.5960000000,267793.7613000000,950999.6592639000,950999.6592639000,1,SRM-USDT
2021-02-10 11:00:00,1612926000000,3.5960000000,3.6550000000,3.5610000000,3.6390000000,227401.6478000000,822407.4996254999,822407.4996254999,1,SRM-USDT
2021-02-10 12:00:00,1612929600000,3.6380000000,3.6380000000,3.4380000000,3.4510000000,260583.8379000000,908852.3671542000,908852.3671542000,1,SRM-USDT
2021-02-10 13:00:00,1612933200000,3.4520000000,3.6000000000,3.4180000000,3.5740000000,194847.9922000000,683743.0000139000,683743.0000139000,1,SRM-USDT
2021-02-10 14:00:00,1612936800000,3.5730000000,3.6050000000,3.5150000000,3.5220000000,224700.1622000000,802608.7060236000,802608.7060236000,1,SRM-USDT
2021-02-10 15:00:00,1612940400000,3.5210000000,3.5620000000,3.5000000000,3.5230000000,130635.3822000000,462337.7927337000,462337.7927337000,1,SRM-USDT
2021-02-10 16:00:00,1612944000000,3.5240000000,3.5640000000,3.4610000000,3.4820000000,265932.8745000000,933959.1956564999,933959.1956564999,1,SRM-USDT
2021-02-10 17:00:00,1612947600000,3.4840000000,3.5400000000,3.4760000000,3.4950000000,162175.4745000000,567852.8984832000,567852.8984832000,1,SRM-USDT
2021-02-10 18:00:00,1612951200000,3.4880000000,3.4880000000,3.4360000000,3.4630000000,196136.3074000000,677640.0569479000,677640.0569479000,1,SRM-USDT
2021-02-10 19:00:00,1612954800000,3.4610000000,3.4750000000,3.3880000000,3.4710000000,233543.5644000000,802951.6341523000,802951.6341523000,1,SRM-USDT
2021-02-10 20:00:00,1612958400000,3.4670000000,3.4760000000,3.0500000000,3.2460000000,514936.5197000000,1683479.4585033001,1683479.4585033001,1,SRM-USDT
2021-02-10 21:00:00,1612962000000,3.2460000000,3.2820000000,3.1880000000,3.2650000000,337992.0748000000,1092165.5298266001,1092165.5298266001,1,SRM-USDT
2021-02-10 22:00:00,1612965600000,3.2690000000,3.3140000000,3.1560000000,3.1690000000,230710.2345000000,747108.3173756000,747108.3173756000,1,SRM-USDT
2021-02-10 23:00:00,1612969200000,3.1690000000,3.2100000000,3.0500000000,3.1560000000,583707.0250000000,1818035.1011634001,1818035.1011634001,1,SRM-USDT
2021-02-11 00:00:00,1612972800000,3.1580000000,3.4600000000,3.1070000000,3.4440000000,419563.8730000000,1374276.7201387000,1374276.7201387000,1,SRM-USDT
2021-02-11 01:00:00,1612976400000,3.4440000000,3.7770000000,3.4000000000,3.7210000000,886529.9242000000,3221958.4250496998,3221958.4250496998,1,SRM-USDT
2021-02-11 02:00:00,1612980000000,3.7200000000,4.0800000000,3.6670000000,4.0800000000,1214908.5780000000,4733524.1468297001,4733524.1468297001,1,SRM-USDT
2021-02-11 03:00:00,1612983600000,4.0850000000,4.0850000000,3.8020000000,4.0620000000,982896.6519000001,3874381.5923905000,3874381.5923905000,1,SRM-USDT
2021-02-11 04:00:00,1612987200000,4.0580000000,4.1770000000,3.8290000000,3.8420000000,440003.2008000000,1766731.4026494999,1766731.4026494999,1,SRM-USDT
2021-02-11 05:00:00,1612990800000,3.8530000000,4.1030000000,3.8530000000,4.0880000000,349035.2108000000,1379361.7410060000,1379361.7410060000,1,SRM-USDT
2021-02-11 06:00:00,1612994400000,4.0870000000,4.4700000000,4.0840000000,4.4350000000,585343.5004000000,2515142.7563954000,2515142.7563954000,1,SRM-USDT
2021-02-11 07:00:00,1612998000000,4.4370000000,4.4560000000,4.1800000000,4.2190000000,431404.9887000000,1846940.7305908999,1846940.7305908999,1,SRM-USDT
2021-02-11 08:00:00,1613001600000,4.2220000000,4.2530000000,3.9450000000,4.0140000000,376780.4077000000,1543861.8767943000,1543861.8767943000,1,SRM-USDT
2021-02-11 09:00:00,1613005200000,4.0140000000,4.1280000000,4.0020000000,4.0570000000,235449.1920000000,959753.1268912000,959753.1268912000,1,SRM-USDT
2021-02-11 10:00:00,1613008800000,4.0710000000,4.0980000000,4.0470000000,4.0960000000,122089.5313000000,498428.4304549000,498428.4304549000,1,SRM-USDT
2021-02-11 11:00:00,1613012400000,4.0950000000,4.1590000000,4.0910000000,4.1480000000,359583.8487000000,1482430.7189960999,1482430.7189960999,1,SRM-USDT
2021-02-11 12:00:00,1613016000000,4.1510000000,4.1620000000,4.0660000000,4.0670000000,442297.3254000000,1816425.4478776001,1816425.4478776001,1,SRM-USDT
2021-02-11 13:00:00,1613019600000,4.0700000000,4.2350000000,4.0560000000,4.2240000000,247936.5827000000,1026868.9660141000,1026868.9660141000,1,SRM-USDT
2021-02-11 14:00:00,1613023200000,4.2260000000,4.2680000000,4.1090000000,4.1350000000,195183.4483000000,817510.2405694000,817510.2405694000,1,SRM-USDT
2021-02-11 15:00:00,1613026800000,4.1320000000,4.2930000000,4.1240000000,4.2570000000,243421.1822000000,1025346.8593036000,1025346.8593036000,1,SRM-USDT
2021-02-11 16:00:00,1613030400000,4.2570000000,4.3350000000,4.2130000000,4.3320000000,285213.9946000000,1218083.4887716000,1218083.4887716000,1,SRM-USDT
2021-02-11 17:00:00,1613034000000,4.3340000000,4.3440000000,4.2410000000,4.2660000000,141947.8033000000,607018.5071431000,607018.5071431000,1,SRM-USDT
2021-02-11 18:00:00,1613037600000,4.2640000000,4.2920000000,4.2090000000,4.2510000000,214088.2570000000,910022.8553123000,910022.8553123000,1,SRM-USDT
2021-02-11 19:00:00,1613041200000,4.2550000000,4.3140000000,4.2060000000,4.2150000000,228592.6880000000,973701.1533744000,973701.1533744000,1,SRM-USDT
2021-02-11 20:00:00,1613044800000,4.2070000000,4.2970000000,4.2070000000,4.2530000000,206006.6173000000,878279.2177970000,878279.2177970000,1,SRM-USDT
2021-02-11 21:00:00,1613048400000,4.2550000000,4.3150000000,4.2080000000,4.2570000000,235934.0025000000,1002290.4036535000,1002290.4036535000,1,SRM-USDT
2021-02-11 22:00:00,1613052000000,4.2530000000,4.4800000000,4.2470000000,4.4540000000,258599.1043000000,1126456.9594845001,1126456.9594845001,1,SRM-USDT
2021-02-11 23:00:00,1613055600000,4.4540000000,4.4680000000,4.3670000000,4.4300000000,192743.5868000000,851471.3091731000,851471.3091731000,1,SRM-USDT
2021-02-12 00:00:00,1613059200000,4.4330000000,4.5230000000,4.2960000000,4.3200000000,280479.4919000000,1240445.5580084000,1240445.5580084000,1,SRM-USDT
2021-02-12 01:00:00,1613062800000,4.3130000000,4.3180000000,4.1660000000,4.2540000000,315016.5332000000,1336062.5629962999,1336062.5629962999,1,SRM-USDT
2021-02-12 02:00:00,1613066400000,4.2570000000,4.2770000000,4.2020000000,4.2400000000,130662.2352000000,553371.6213220000,553371.6213220000,1,SRM-USDT
2021-02-12 03:00:00,1613070000000,4.2410000000,4.2410000000,4.1430000000,4.1660000000,161123.4190000000,674073.1165692999,674073.1165692999,1,SRM-USDT
2021-02-12 04:00:00,1613073600000,4.1700000000,4.2150000000,4.0440000000,4.0610000000,204086.6815000000,845739.7073845000,845739.7073845000,1,SRM-USDT
2021-02-12 05:00:00,1613077200000,4.0730000000,4.1300000000,3.9430000000,4.0920000000,287637.3850000000,1161718.8209098999,1161718.8209098999,1,SRM-USDT
2021-02-12 06:00:00,1613080800000,4.0960000000,4.1560000000,4.0800000000,4.1330000000,154045.6980000000,634702.2259751000,634702.2259751000,1,SRM-USDT
2021-02-12 07:00:00,1613084400000,4.1370000000,4.1790000000,4.0690000000,4.1210000000,164944.7483000000,680171.4881173000,680171.4881173000,1,SRM-USDT
2021-02-12 08:00:00,1613088000000,4.1210000000,4.1680000000,4.0660000000,4.1430000000,203766.3376000000,840204.1045012000,840204.1045012000,1,SRM-USDT
2021-02-12 09:00:00,1613091600000,4.1430000000,4.1820000000,4.1100000000,4.1650000000,93479.0167000000,387806.9640965000,387806.9640965000,1,SRM-USDT
2021-02-12 10:00:00,1613095200000,4.1570000000,4.1640000000,4.0480000000,4.0720000000,121573.2643000000,499476.5940814000,499476.5940814000,1,SRM-USDT
2021-02-12 11:00:00,1613098800000,4.0730000000,4.0850000000,3.9820000000,3.9950000000,181244.0309000000,730624.1916229000,730624.1916229000,1,SRM-USDT
2021-02-12 12:00:00,1613102400000,3.9910000000,4.0820000000,3.9490000000,4.0200000000,198236.0883000000,792871.3117295000,792871.3117295000,1,SRM-USDT
2021-02-12 13:00:00,1613106000000,4.0190000000,4.1030000000,3.9980000000,4.0810000000,114345.1629000000,464019.5108980000,464019.5108980000,1,SRM-USDT
2021-02-12 14:00:00,1613109600000,4.0820000000,4.1890000000,4.0480000000,4.1660000000,171297.0126000000,705226.4955454000,705226.4955454000,1,SRM-USDT
2021-02-12 15:00:00,1613113200000,4.1570000000,4.1880000000,4.1220000000,4.1740000000,132901.8430000000,553098.8896739000,553098.8896739000,1,SRM-USDT
2021-02-12 16:00:00,1613116800000,4.1740000000,4.1980000000,4.1490000000,4.1710000000,153476.3083000000,640611.3056851000,640611.3056851000,1,SRM-USDT
2021-02-12 17:00:00,1613120400000,4.1710000000,4.2090000000,4.1600000000,4.2050000000,85966.8721000000,359772.0004339000,359772.0004339000,1,SRM-USDT
2021-02-12 18:00:00,1613124000000,4.2070000000,4.2270000000,4.1880000000,4.2210000000,115977.9660000000,487977.3017402000,487977.3017402000,1,SRM-USDT
2021-02-12 19:00:00,1613127600000,4.2210000000,4.3460000000,4.2180000000,4.3410000000,211017.0756000000,905982.0984123000,905982.0984123000,1,SRM-USDT
2021-02-12 20:00:00,1613131200000,4.3390000000,4.3670000000,4.2630000000,4.3110000000,168821.2404000000,728572.8633068000,728572.8633068000,1,SRM-USDT
2021-02-12 21:00:00,1613134800000,4.3020000000,4.3200000000,4.2630000000,4.2640000000,103646.0317000000,445720.4160236000,445720.4160236000,1,SRM-USDT
2021-02-12 22:00:00,1613138400000,4.2770000000,4.2770000000,4.0540000000,4.1050000000,353250.1148000000,1467626.3950269001,1467626.3950269001,1,SRM-USDT
2021-02-12 23:00:00,1613142000000,4.1080000000,4.2210000000,4.1080000000,4.2070000000,242423.5101000000,1009674.0180707000,1009674.0180707000,1,SRM-USDT
2021-02-13 00:00:00,1613145600000,4.2080000000,4.2320000000,4.1570000000,4.1850000000,249705.7505000000,1049678.4348877999,1049678.4348877999,1,SRM-USDT
2021-02-13 01:00:00,1613149200000,4.1840000000,4.2340000000,4.1640000000,4.2270000000,139251.0986000000,583653.4809648000,583653.4809648000,1,SRM-USDT
2021-02-13 02:00:00,1613152800000,4.2270000000,4.2420000000,4.1350000000,4.1540000000,136632.0548000000,573108.6468038000,573108.6468038000,1,SRM-USDT
2021-02-13 03:00:00,1613156400000,4.1550000000,4.2440000000,4.1550000000,4.2340000000,106685.7736000000,448598.0488480000,448598.0488480000,1,SRM-USDT
2021-02-13 04:00:00,1613160000000,4.2370000000,4.2680000000,4.2040000000,4.2090000000,125949.3287000000,533784.8090530999,533784.8090530999,1,SRM-USDT
2021-02-13 05:00:00,1613163600000,4.2070000000,4.2210000000,4.1740000000,4.1900000000,89441.3821000000,375036.7140439000,375036.7140439000,1,SRM-USDT
2021-02-13 06:00:00,1613167200000,4.1910000000,4.1980000000,4.1680000000,4.1830000000,91974.7494000000,384856.0762611000,384856.0762611000,1,SRM-USDT
2021-02-13 07:00:00,1613170800000,4.1870000000,4.1990000000,4.1430000000,4.1600000000,79822.4214000000,332634.4322616000,332634.4322616000,1,SRM-USDT
2021-02-13 08:00:00,1613174400000,4.1570000000,4.2240000000,4.1520000000,4.2190000000,123941.6175000000,518984.5617684000,518984.5617684000,1,SRM-USDT
2021-02-13 09:00:00,1613178000000,4.2180000000,4.2820000000,4.2180000000,4.2320000000,135710.9052000000,576790.4509401000,576790.4509401000,1,SRM-USDT
2021-02-13 10:00:00,1613181600000,4.2320000000,4.2320000000,4.1810000000,4.2070000000,75772.3530000000,319015.2920774000,319015.2920774000,1,SRM-USDT
2021-02-13 11:00:00,1613185200000,4.2060000000,4.2890000000,4.1780000000,4.2630000000,133323.9098000000,562908.6716632000,562908.6716632000,1,SRM-USDT
2021-02-13 12:00:00,1613188800000,4.2610000000,4.4720000000,4.2570000000,4.4680000000,242011.6617000000,1052724.2046348001,1052724.2046348001,1,SRM-USDT
2021-02-13 13:00:00,1613192400000,4.4710000000,4.4930000000,4.3040000000,4.4540000000,202920.4147000000,895578.4234723001,895578.4234723001,1,SRM-USDT
2021-02-13 14:00:00,1613196000000,4.4510000000,4.4560000000,4.3470000000,4.3880000000,142859.8062000000,626267.3465208000,626267.3465208000,1,SRM-USDT
2021-02-13 15:00:00,1613199600000,4.3880000000,4.4200000000,4.2250000000,4.2310000000,186768.0994000000,807520.2924230000,807520.2924230000,1,SRM-USDT
2021-02-13 16:00:00,1613203200000,4.2320000000,4.3260000000,4.1510000000,4.3160000000,168986.4023000000,719679.2929020000,719679.2929020000,1,SRM-USDT
2021-02-13 17:00:00,1613206800000,4.3150000000,4.3410000000,4.2900000000,4.2940000000,181790.3779000000,784233.9039699000,784233.9039699000,1,SRM-USDT
2021-02-13 18:00:00,1613210400000,4.2960000000,4.2960000000,3.9150000000,3.9160000000,443863.8313000000,1810348.0172145001,1810348.0172145001,1,SRM-USDT
2021-02-13 19:00:00,1613214000000,3.9170000000,4.0400000000,3.7880000000,3.9410000000,575089.4594000001,2245882.9475777000,2245882.9475777000,1,SRM-USDT
2021-02-13 20:00:00,1613217600000,3.9300000000,4.0510000000,3.8800000000,4.0290000000,250369.8041000000,1000103.0514831000,1000103.0514831000,1,SRM-USDT
2021-02-13 21:00:00,1613221200000,4.0230000000,4.1120000000,3.9860000000,4.0970000000,169694.7444000000,686610.2940121000,686610.2940121000,1,SRM-USDT
2021-02-13 22:00:00,1613224800000,4.0910000000,4.0970000000,4.0310000000,4.0960000000,164922.3241000000,670120.3559641000,670120.3559641000,1,SRM-USDT
2021-02-13 23:00:00,1613228400000,4.0950000000,4.1610000000,4.0510000000,4.0780000000,245817.4644000000,1006885.6490542000,1006885.6490542000,1,SRM-USDT
2021-02-14 00:00:00,1613232000000,4.0810000000,4.1580000000,4.0520000000,4.0940000000,157510.7577000000,646772.9914348000,646772.9914348000,1,SRM-USDT
2021-02-14 01:00:00,1613235600000,4.0920000000,4.0920000000,3.9520000000,3.9810000000,203343.0204000000,819917.1923348000,819917.1923348000,1,SRM-USDT
2021-02-14 02:00:00,1613239200000,3.9740000000,4.0210000000,3.9610000000,4.0110000000,157088.0400000000,627583.6441309000,627583.6441309000,1,SRM-USDT
2021-02-14 03:00:00,1613242800000,4.0120000000,4.1100000000,3.9900000000,4.0420000000,140086.5688000000,566090.9556741000,566090.9556741000,1,SRM-USDT
2021-02-14 04:00:00,1613246400000,4.0390000000,4.0540000000,3.9810000000,4.0080000000,84919.6262000000,341101.9866602000,341101.9866602000,1,SRM-USDT
2021-02-14 05:00:00,1613250000000,4.0060000000,4.0230000000,3.9690000000,3.9970000000,141226.1216000000,564310.2310186001,564310.2310186001,1,SRM-USDT
2021-02-14 06:00:00,1613253600000,3.9980000000,4.0980000000,3.9970000000,4.0900000000,117217.5002000000,474424.5298209000,474424.5298209000,1,SRM-USDT
2021-02-14 07:00:00,1613257200000,4.0940000000,4.1630000000,4.0880000000,4.1190000000,146936.8811000000,606246.1373433000,606246.1373433000,1,SRM-USDT
2021-02-14 08:00:00,1613260800000,4.1180000000,4.1620000000,4.0880000000,4.1010000000,133405.6238000000,549976.5158734000,549976.5158734000,1,SRM-USDT
2021-02-14 09:00:00,1613264400000,4.1020000000,4.1090000000,4.0570000000,4.0760000000,82073.0032000000,334989.9560299000,334989.9560299000,1,SRM-USDT
2021-02-14 10:00:00,1613268000000,4.0800000000,4.1090000000,4.0740000000,4.0760000000,65029.4912000000,265904.3911540000,265904.3911540000,1,SRM-USDT
2021-02-14 11:00:00,1613271600000,4.0760000000,4.0940000000,3.9220000000,3.9220000000,120206.8307000000,482355.5967105000,482355.5967105000,1,SRM-USDT
2021-02-14 12:00:00,1613275200000,3.9310000000,3.9890000000,3.8670000000,3.9270000000,128911.9718000000,505132.3293948000,505132.3293948000,1,SRM-USDT
2021-02-14 13:00:00,1613278800000,3.9290000000,3.9340000000,3.8270000000,3.8630000000,215565.1544000000,835362.7798855000,835362.7798855000,1,SRM-USDT
2021-02-14 14:00:00,1613282400000,3.8650000000,3.9200000000,3.8400000000,3.9170000000,142965.1126000000,555762.8264144000,555762.8264144000,1,SRM-USDT
2021-02-14 15:00:00,1613286000000,3.9190000000,3.9310000000,3.9010000000,3.9020000000,77459.7528000000,303577.2633736000,303577.2633736000,1,SRM-USDT
2021-02-14 16:00:00,1613289600000,3.9030000000,3.9580000000,3.9030000000,3.9230000000,133928.7400000000,526873.5475530000,526873.5475530000,1,SRM-USDT
2021-02-14 17:00:00,1613293200000,3.9240000000,3.9610000000,3.9240000000,3.9480000000,73645.0254000000,290605.9910048000,290605.9910048000,1,SRM-USDT
2021-02-14 18:00:00,1613296800000,3.9480000000,3.9590000000,3.9100000000,3.9240000000,118411.0186000000,466387.7891326000,466387.7891326000,1,SRM-USDT
2021-02-14 19:00:00,1613300400000,3.9240000000,3.9250000000,3.8740000000,3.8890000000,169474.8387000000,661358.6731758000,661358.6731758000,1,SRM-USDT
2021-02-14 20:00:00,1613304000000,3.8890000000,3.9550000000,3.8710000000,3.8960000000,105807.8702000000,414776.9862318000,414776.9862318000,1,SRM-USDT
2021-02-14 21:00:00,1613307600000,3.8900000000,3.8960000000,3.7270000000,3.7470000000,207321.5028000000,788125.9435520000,788125.9435520000,1,SRM-USDT
2021-02-14 22:00:00,1613311200000,3.7350000000,3.8230000000,3.6500000000,3.6920000000,253512.8311000000,942361.7839089000,942361.7839089000,1,SRM-USDT
2021-02-14 23:00:00,1613314800000,3.6880000000,3.7540000000,3.6500000000,3.7490000000,231634.1995000000,857796.7957046001,857796.7957046001,1,SRM-USDT
2021-02-15 00:00:00,1613318400000,3.7510000000,3.8510000000,3.7260000000,3.8510000000,161658.7140000000,614832.2930714000,614832.2930714000,1,SRM-USDT
2021-02-15 01:00:00,1613322000000,3.8520000000,3.8800000000,3.8300000000,3.8570000000,185241.7621000000,713383.3210293000,713383.3210293000,1,SRM-USDT
2021-02-15 02:00:00,1613325600000,3.8460000000,3.8480000000,3.7510000000,3.8120000000,132866.5810000000,505742.1301963000,505742.1301963000,1,SRM-USDT
2021-02-15 03:00:00,1613329200000,3.8110000000,3.8500000000,3.7860000000,3.8150000000,84371.6004000000,322007.7253883000,322007.7253883000,1,SRM-USDT
2021-02-15 04:00:00,1613332800000,3.8200000000,3.9540000000,3.7960000000,3.9320000000,133927.3620000000,521165.6522939000,521165.6522939000,1,SRM-USDT
2021-02-15 05:00:00,1613336400000,3.9310000000,3.9680000000,3.8930000000,3.9620000000,101443.5485000000,400018.4347560000,400018.4347560000,1,SRM-USDT
2021-02-15 06:00:00,1613340000000,3.9600000000,3.9920000000,3.9480000000,3.9770000000,93140.3555000000,370098.5471189000,370098.5471189000,1,SRM-USDT
2021-02-15 07:00:00,1613343600000,3.9750000000,3.9780000000,3.8170000000,3.8230000000,123673.4031000000,482521.7200749000,482521.7200749000,1,SRM-USDT
2021-02-15 08:00:00,1613347200000,3.8310000000,3.8850000000,3.8240000000,3.8530000000,71570.8368000000,276168.2471645000,276168.2471645000,1,SRM-USDT
2021-02-15 09:00:00,1613350800000,3.8530000000,3.8590000000,3.5190000000,3.5570000000,346091.9350000000,1256390.4740162001,1256390.4740162001,1,SRM-USDT
2021-02-15 10:00:00,1613354400000,3.5510000000,3.6070000000,3.2500000000,3.4420000000,555816.6094000000,1884020.4323839000,1884020.4323839000,1,SRM-USDT
2021-02-15 11:00:00,1613358000000,3.4420000000,3.4970000000,3.3320000000,3.4630000000,296459.1744000000,1013535.7292634000,1013535.7292634000,1,SRM-USDT
2021-02-15 12:00:00,1613361600000,3.4630000000,3.4630000000,3.2760000000,3.4390000000,290584.0543000000,978330.5609890000,978330.5609890000,1,SRM-USDT
2021-02-15 13:00:00,1613365200000,3.4450000000,3.4500000000,3.3420000000,3.4340000000,131220.1955000000,445781.3491139000,445781.3491139000,1,SRM-USDT
2021-02-15 14:00:00,1613368800000,3.4330000000,3.5380000000,3.4270000000,3.4870000000,302179.9798000000,1057004.1280123999,1057004.1280123999,1,SRM-USDT
2021-02-15 15:00:00,1613372400000,3.4830000000,3.5830000000,3.4720000000,3.5500000000,417118.4650000000,1464036.2139568001,1464036.2139568001,1,SRM-USDT
2021-02-15 16:00:00,1613376000000,3.5500000000,3.6530000000,3.5110000000,3.6200000000,167812.9809000000,602364.6120890999,602364.6120890999,1,SRM-USDT
2021-02-15 17:00:00,1613379600000,3.6220000000,3.6250000000,3.5160000000,3.5530000000,145113.8995000000,517226.7726310000,517226.7726310000,1,SRM-USDT
2021-02-15 18:00:00,1613383200000,3.5520000000,3.6230000000,3.5210000000,3.6130000000,125321.2479000000,447392.1432631000,447392.1432631000,1,SRM-USDT
2021-02-15 19:00:00,1613386800000,3.6130000000,3.7240000000,3.5940000000,3.6880000000,194861.8103000000,714109.1173974000,714109.1173974000,1,SRM-USDT
2021-02-15 20:00:00,1613390400000,3.7030000000,3.7350000000,3.6240000000,3.7230000000,137298.9742000000,504673.1446213000,504673.1446213000,1,SRM-USDT
2021-02-15 21:00:00,1613394000000,3.7230000000,3.7470000000,3.7020000000,3.7360000000,96521.2335000000,359342.0784765000,359342.0784765000,1,SRM-USDT
2021-02-15 22:00:00,1613397600000,3.7370000000,3.8180000000,3.7340000000,3.7450000000,165932.6105000000,626375.5503155000,626375.5503155000,1,SRM-USDT
2021-02-15 23:00:00,1613401200000,3.7460000000,3.7850000000,3.7450000000,3.7810000000,149116.9540000000,561232.6928150000,561232.6928150000,1,SRM-USDT
2021-02-16 00:00:00,1613404800000,3.7850000000,3.9420000000,3.7850000000,3.9110000000,283603.3058000000,1102478.7757160000,1102478.7757160000,1,SRM-USDT
2021-02-16 01:00:00,1613408400000,3.9130000000,3.9980000000,3.8990000000,3.9360000000,193758.4683000000,765742.7245623000,765742.7245623000,1,SRM-USDT
2021-02-16 02:00:00,1613412000000,3.9430000000,3.9700000000,3.8930000000,3.8930000000,107902.3685000000,424904.1468008000,424904.1468008000,1,SRM-USDT
2021-02-16 03:00:00,1613415600000,3.8960000000,3.9470000000,3.8940000000,3.9170000000,72166.2850000000,283063.0621045000,283063.0621045000,1,SRM-USDT
2021-02-16 04:00:00,1613419200000,3.9110000000,4.0340000000,3.9110000000,3.9600000000,133711.4580000000,531490.9540543000,531490.9540543000,1,SRM-USDT
2021-02-16 05:00:00,1613422800000,3.9550000000,4.0290000000,3.6670000000,3.6690000000,228074.5528000000,877449.6838784000,877449.6838784000,1,SRM-USDT
2021-02-16 06:00:00,1613426400000,3.6710000000,3.7700000000,3.5150000000,3.7680000000,289871.6847000000,1062938.7470728999,1062938.7470728999,1,SRM-USDT
2021-02-16 07:00:00,1613430000000,3.7590000000,3.7880000000,3.5970000000,3.6460000000,194799.3191000000,719881.8369193000,719881.8369193000,1,SRM-USDT
2021-02-16 08:00:00,1613433600000,3.6600000000,3.7450000000,3.4870000000,3.7070000000,370428.3753000000,1328588.4097535999,1328588.4097535999,1,SRM-USDT
2021-02-16 09:00:00,1613437200000,3.7140000000,3.8690000000,3.7110000000,3.8200000000,225867.8470000000,856885.8837605000,856885.8837605000,1,SRM-USDT
2021-02-16 10:00:00,1613440800000,3.8210000000,3.8220000000,3.7860000000,3.8030000000,105837.0386000000,402295.8103785000,402295.8103785000,1,SRM-USDT
2021-02-16 11:00:00,1613444400000,3.8030000000,3.8510000000,3.7800000000,3.8050000000,100679.8680000000,383909.3203513000,383909.3203513000,1,SRM-USDT
2021-02-16 12:00:00,1613448000000,3.8100000000,3.8100000000,3.7390000000,3.7550000000,167890.6664000000,632935.5828546000,632935.5828546000,1,SRM-USDT
2021-02-16 13:00:00,1613451600000,3.7550000000,3.7610000000,3.7210000000,3.7610000000,67888.8516000000,253969.0559941000,253969.0559941000,1,SRM-USDT
2021-02-16 14:00:00,1613455200000,3.7570000000,3.7800000000,3.6920000000,3.7700000000,105661.3701000000,395226.6832485000,395226.6832485000,1,SRM-USDT
2021-02-16 15:00:00,1613458800000,3.7670000000,3.7960000000,3.7260000000,3.7930000000,70370.6005000000,264434.3778491000,264434.3778491000,1,SRM-USDT
2021-02-16 16:00:00,1613462400000,3.7930000000,3.8950000000,3.7550000000,3.8950000000,155896.5634000000,596815.9990036000,596815.9990036000,1,SRM-USDT
2021-02-16 17:00:00,1613466000000,3.8950000000,3.9240000000,3.8180000000,3.9130000000,138001.0877000000,533850.3656998000,533850.3656998000,1,SRM-USDT
2021-02-16 18:00:00,1613469600000,3.9130000000,3.9930000000,3.8360000000,3.8770000000,194851.9331000000,764709.6904351000,764709.6904351000,1,SRM-USDT
2021-02-16 19:00:00,1613473200000,3.8820000000,3.8820000000,3.7900000000,3.7950000000,134693.9999000000,516148.5222957000,516148.5222957000,1,SRM-USDT
2021-02-16 20:00:00,1613476800000,3.7930000000,3.9060000000,3.7450000000,3.7960000000,284047.5765000000,1086591.9915895001,1086591.9915895001,1,SRM-USDT
2021-02-16 21:00:00,1613480400000,3.7990000000,3.8460000000,3.7050000000,3.7060000000,140208.6054000000,530707.3239993000,530707.3239993000,1,SRM-USDT
2021-02-16 22:00:00,1613484000000,3.7140000000,3.8330000000,3.6370000000,3.7120000000,154068.1995000000,567878.0270700000,567878.0270700000,1,SRM-USDT
2021-02-16 23:00:00,1613487600000,3.7100000000,3.7450000000,3.6740000000,3.6760000000,95477.9089000000,355006.0107320000,355006.0107320000,1,SRM-USDT
2021-02-17 00:00:00,1613491200000,3.6830000000,3.7090000000,3.4710000000,3.4790000000,354811.8689000000,1273124.2199670000,1273124.2199670000,1,SRM-USDT
2021-02-17 01:00:00,1613494800000,3.4770000000,3.5830000000,3.4770000000,3.5210000000,254280.6674000000,901116.1347868000,901116.1347868000,1,SRM-USDT
2021-02-17 02:00:00,1613498400000,3.5220000000,3.5670000000,3.4100000000,3.5590000000,333407.1523000000,1164314.2210867000,1164314.2210867000,1,SRM-USDT
2021-02-17 03:00:00,1613502000000,3.5570000000,3.5620000000,3.4920000000,3.4930000000,123849.9775000000,436841.3948601000,436841.3948601000,1,SRM-USDT
2021-02-17 04:00:00,1613505600000,3.4950000000,3.5190000000,3.4360000000,3.5130000000,114510.7725000000,396593.0053457000,396593.0053457000,1,SRM-USDT
2021-02-17 05:00:00,1613509200000,3.5150000000,3.5290000000,3.4600000000,3.5240000000,147839.6395000000,516020.9922777000,516020.9922777000,1,SRM-USDT
2021-02-17 06:00:00,1613512800000,3.5230000000,3.5760000000,3.5080000000,3.5700000000,62487.5574000000,221147.8716112000,221147.8716112000,1,SRM-USDT
2021-02-17 07:00:00,1613516400000,3.5700000000,3.6220000000,3.5450000000,3.6180000000,120227.4902000000,429643.6511604000,429643.6511604000,1,SRM-USDT
2021-02-17 08:00:00,1613520000000,3.6170000000,3.6320000000,3.5160000000,3.5210000000,89906.6223000000,321805.7185785000,321805.7185785000,1,SRM-USDT
2021-02-17 09:00:00,1613523600000,3.5210000000,3.5790000000,3.4830000000,3.4840000000,100429.3841000000,353011.1883595000,353011.1883595000,1,SRM-USDT
2021-02-17 10:00:00,1613527200000,3.4850000000,3.5230000000,3.4710000000,3.5120000000,131064.6733000000,457630.9899774000,457630.9899774000,1,SRM-USDT
2021-02-17 11:00:00,1613530800000,3.5080000000,3.5100000000,3.3600000000,3.3630000000,179796.0573000000,615566.7230170000,615566.7230170000,1,SRM-USDT
2021-02-17 12:00:00,1613534400000,3.3640000000,3.3980000000,3.2900000000,3.2980000000,312207.2735000000,1038791.9051884999,1038791.9051884999,1,SRM-USDT
2021-02-17 13:00:00,1613538000000,3.2950000000,3.3690000000,3.2560000000,3.3200000000,253749.8354000000,840691.1051355000,840691.1051355000,1,SRM-USDT
2021-02-17 14:00:00,1613541600000,3.3180000000,3.4080000000,3.3140000000,3.3540000000,285541.5507000000,959309.3566028000,959309.3566028000,1,SRM-USDT
2021-02-17 15:00:00,1613545200000,3.3560000000,3.5070000000,3.3410000000,3.4710000000,263399.4387000000,904366.7466980000,904366.7466980000,1,SRM-USDT
2021-02-17 16:00:00,1613548800000,3.4610000000,3.4860000000,3.4320000000,3.4510000000,223814.7043000000,773601.7086412000,773601.7086412000,1,SRM-USDT
2021-02-17 17:00:00,1613552400000,3.4510000000,3.4670000000,3.4320000000,3.4440000000,136603.2350000000,470802.0908793000,470802.0908793000,1,SRM-USDT
2021-02-17 18:00:00,1613556000000,3.4440000000,3.5290000000,3.4440000000,3.5250000000,182093.1410000000,638462.2016730000,638462.2016730000,1,SRM-USDT
2021-02-17 19:00:00,1613559600000,3.5250000000,3.5610000000,3.5010000000,3.5460000000,163114.7165000000,574707.3531054000,574707.3531054000,1,SRM-USDT
2021-02-17 20:00:00,1613563200000,3.5440000000,3.7190000000,3.5440000000,3.6970000000,387354.9691000000,1416171.1171150000,1416171.1171150000,1,SRM-USDT
2021-02-17 21:00:00,1613566800000,3.6970000000,3.7780000000,3.6780000000,3.6970000000,564494.9513000000,2105751.3722760002,2105751.3722760002,1,SRM-USDT
2021-02-17 22:00:00,1613570400000,3.6990000000,3.8060000000,3.6930000000,3.7770000000,249841.8069000000,938615.3650000000,938615.3650000000,1,SRM-USDT
2021-02-17 23:00:00,1613574000000,3.7780000000,3.7910000000,3.7140000000,3.7290000000,168598.4762000000,632539.8910675000,632539.8910675000,1,SRM-USDT
2021-02-18 00:00:00,1613577600000,3.7350000000,3.7890000000,3.6860000000,3.7520000000,164412.5164000000,613417.2053248000,613417.2053248000,1,SRM-USDT
2021-02-18 01:00:00,1613581200000,3.7500000000,3.9210000000,3.7400000000,3.9150000000,395381.6090000000,1520080.9232598001,1520080.9232598001,1,SRM-USDT
2021-02-18 02:00:00,1613584800000,3.9140000000,3.9380000000,3.8520000000,3.9240000000,214912.1611000000,837315.8485017000,837315.8485017000,1,SRM-USDT
2021-02-18 03:00:00,1613588400000,3.9250000000,4.0120000000,3.8880000000,3.9030000000,328178.1240000000,1297982.9320712001,1297982.9320712001,1,SRM-USDT
2021-02-18 04:00:00,1613592000000,3.9020000000,3.9020000000,3.8350000000,3.8810000000,227761.0459000000,881009.3273672001,881009.3273672001,1,SRM-USDT
2021-02-18 05:00:00,1613595600000,3.8810000000,3.8810000000,3.7980000000,3.8350000000,131698.3953000000,505877.7392407000,505877.7392407000,1,SRM-USDT
2021-02-18 06:00:00,1613599200000,3.8350000000,3.8540000000,3.7760000000,3.8160000000,91508.2610000000,349445.6707932000,349445.6707932000,1,SRM-USDT
2021-02-18 07:00:00,1613602800000,3.8140000000,3.8310000000,3.7730000000,3.8290000000,87140.8679000000,330996.6408099000,330996.6408099000,1,SRM-USDT
2021-02-18 08:00:00,1613606400000,3.8330000000,3.8750000000,3.8090000000,3.8460000000,112781.3112000000,432683.6857144000,432683.6857144000,1,SRM-USDT
2021-02-18 09:00:00,1613610000000,3.8460000000,3.9180000000,3.8370000000,3.9090000000,142738.2115000000,555555.0368763000,555555.0368763000,1,SRM-USDT
2021-02-18 10:00:00,1613613600000,3.9060000000,3.9490000000,3.8970000000,3.9050000000,103696.5988000000,406935.6131926000,406935.6131926000,1,SRM-USDT
2021-02-18 11:00:00,1613617200000,3.9060000000,3.9760000000,3.8910000000,3.9470000000,110238.2190000000,433683.0421128000,433683.0421128000,1,SRM-USDT
2021-02-18 12:00:00,1613620800000,3.9480000000,4.0270000000,3.9010000000,3.9890000000,182228.2784000000,724599.7809447000,724599.7809447000,1,SRM-USDT
2021-02-18 13:00:00,1613624400000,3.9920000000,4.0230000000,3.9630000000,3.9910000000,135231.5407000000,540298.3783642000,540298.3783642000,1,SRM-USDT
2021-02-18 14:00:00,1613628000000,3.9850000000,3.9950000000,3.9360000000,3.9500000000,68136.4666000000,270288.2742044000,270288.2742044000,1,SRM-USDT
2021-02-18 15:00:00,1613631600000,3.9500000000,3.9500000000,3.8270000000,3.9220000000,255836.9387000000,1000682.1408755000,1000682.1408755000,1,SRM-USDT
2021-02-18 16:00:00,1613635200000,3.9250000000,3.9550000000,3.8480000000,3.8660000000,122069.6206000000,475411.2251219000,475411.2251219000,1,SRM-USDT
2021-02-18 17:00:00,1613638800000,3.8690000000,3.9470000000,3.8600000000,3.9340000000,110224.1546000000,429900.4282456000,429900.4282456000,1,SRM-USDT
2021-02-18 18:00:00,1613642400000,3.9360000000,3.9810000000,3.9290000000,3.9710000000,88429.5876000000,349548.7087407000,349548.7087407000,1,SRM-USDT
2021-02-18 19:00:00,1613646000000,3.9730000000,3.9800000000,3.8160000000,3.8570000000,121486.4430000000,473269.5241336000,473269.5241336000,1,SRM-USDT
2021-02-18 20:00:00,1613649600000,3.8610000000,3.8730000000,3.7290000000,3.8200000000,364135.3277000000,1380264.7796757999,1380264.7796757999,1,SRM-USDT
2021-02-18 21:00:00,1613653200000,3.8200000000,3.8560000000,3.8000000000,3.8440000000,171188.5397000000,656358.5703761000,656358.5703761000,1,SRM-USDT
2021-02-18 22:00:00,1613656800000,3.8440000000,3.9190000000,3.8310000000,3.8740000000,137003.3090000000,530597.3097723000,530597.3097723000,1,SRM-USDT
2021-02-18 23:00:00,1613660400000,3.8840000000,3.8860000000,3.8030000000,3.8050000000,168059.5123000000,645315.2953616000,645315.2953616000,1,SRM-USDT
2021-02-19 00:00:00,1613664000000,3.8050000000,3.9010000000,3.8050000000,3.8790000000,190014.4337000000,736570.4815544999,736570.4815544999,1,SRM-USDT
2021-02-19 01:00:00,1613667600000,3.8810000000,3.8810000000,3.7790000000,3.7840000000,145609.3401000000,556358.5537728000,556358.5537728000,1,SRM-USDT
2021-02-19 02:00:00,1613671200000,3.7840000000,3.8820000000,3.7780000000,3.8300000000,96959.3539000000,372520.2413368000,372520.2413368000,1,SRM-USDT
2021-02-19 03:00:00,1613674800000,3.8330000000,3.9150000000,3.8330000000,3.8650000000,167826.6502000000,652062.3769500999,652062.3769500999,1,SRM-USDT
2021-02-19 04:00:00,1613678400000,3.8610000000,3.9010000000,3.8370000000,3.8900000000,149175.3402000000,579125.0115186000,579125.0115186000,1,SRM-USDT
2021-02-19 05:00:00,1613682000000,3.8940000000,4.0050000000,3.8910000000,3.9970000000,199734.8350000000,789433.8740108000,789433.8740108000,1,SRM-USDT
2021-02-19 06:00:00,1613685600000,3.9950000000,4.0630000000,3.9150000000,3.9170000000,192185.5493000000,769930.5693656000,769930.5693656000,1,SRM-USDT
2021-02-19 07:00:00,1613689200000,3.9190000000,4.0040000000,3.8720000000,3.9800000000,124229.2150000000,490211.4612934000,490211.4612934000,1,SRM-USDT
2021-02-19 08:00:00,1613692800000,3.9800000000,4.0410000000,3.9530000000,3.9640000000,174212.6670000000,694826.0247557000,694826.0247557000,1,SRM-USDT
2021-02-19 09:00:00,1613696400000,3.9630000000,3.9630000000,3.8500000000,3.8630000000,183673.4722000000,719101.2501857000,719101.2501857000,1,SRM-USDT
2021-02-19 10:00:00,1613700000000,3.8620000000,3.8630000000,3.7070000000,3.8370000000,261385.9284000000,991715.9230618000,991715.9230618000,1,SRM-USDT
2021-02-19 11:00:00,1613703600000,3.8270000000,3.8610000000,3.7950000000,3.7960000000,153956.3620000000,588620.7911011000,588620.7911011000,1,SRM-USDT
2021-02-19 12:00:00,1613707200000,3.7950000000,3.8340000000,3.7410000000,3.7590000000,227596.0211000000,860188.6670496000,860188.6670496000,1,SRM-USDT
2021-02-19 13:00:00,1613710800000,3.7590000000,3.8030000000,3.7530000000,3.7790000000,169431.2884000000,640677.9411057000,640677.9411057000,1,SRM-USDT
2021-02-19 14:00:00,1613714400000,3.7890000000,3.8710000000,3.7720000000,3.8680000000,133735.9562000000,510646.5992709000,510646.5992709000,1,SRM-USDT
2021-02-19 15:00:00,1613718000000,3.8680000000,3.8880000000,3.8540000000,3.8720000000,129504.4614000000,501811.1021690000,501811.1021690000,1,SRM-USDT
2021-02-19 16:00:00,1613721600000,3.8720000000,3.8830000000,3.8080000000,3.8240000000,217519.2534000000,835491.9905660000,835491.9905660000,1,SRM-USDT
2021-02-19 17:00:00,1613725200000,3.8270000000,3.8410000000,3.8060000000,3.8370000000,133909.3070000000,512239.4257995000,512239.4257995000,1,SRM-USDT
2021-02-19 18:00:00,1613728800000,3.8370000000,3.9100000000,3.8360000000,3.8950000000,141891.2623000000,551086.9510505000,551086.9510505000,1,SRM-USDT
2021-02-19 19:00:00,1613732400000,3.8950000000,4.1420000000,3.8880000000,4.1380000000,299059.9872000000,1204067.9921532001,1204067.9921532001,1,SRM-USDT
2021-02-19 20:00:00,1613736000000,4.1420000000,4.3420000000,4.1420000000,4.2980000000,547959.1947000000,2314341.8441295000,2314341.8441295000,1,SRM-USDT
2021-02-19 21:00:00,1613739600000,4.2980000000,4.3710000000,4.1840000000,4.2100000000,482797.5874000000,2061403.8741677999,2061403.8741677999,1,SRM-USDT
2021-02-19 22:00:00,1613743200000,4.2130000000,4.6000000000,4.2070000000,4.6000000000,509194.4543000000,2240017.7248887001,2240017.7248887001,1,SRM-USDT
2021-02-19 23:00:00,1613746800000,4.6130000000,4.8600000000,4.4300000000,4.5450000000,920728.3003000000,4252308.5629548002,4252308.5629548002,1,SRM-USDT
2021-02-20 00:00:00,1613750400000,4.5470000000,4.8850000000,4.5460000000,4.6530000000,624957.2289000000,2934865.1685584998,2934865.1685584998,1,SRM-USDT
2021-02-20 01:00:00,1613754000000,4.6540000000,4.9660000000,4.6510000000,4.8900000000,436334.0080000000,2099853.2717861002,2099853.2717861002,1,SRM-USDT
2021-02-20 02:00:00,1613757600000,4.8910000000,4.9500000000,4.8250000000,4.8590000000,165667.6511000000,810767.6903655000,810767.6903655000,1,SRM-USDT
2021-02-20 03:00:00,1613761200000,4.8710000000,4.8770000000,4.6720000000,4.7280000000,254429.0106000000,1206395.4196273000,1206395.4196273000,1,SRM-USDT
2021-02-20 04:00:00,1613764800000,4.7310000000,4.7970000000,4.6010000000,4.6860000000,338414.7378000000,1588987.7364840000,1588987.7364840000,1,SRM-USDT
2021-02-20 05:00:00,1613768400000,4.6860000000,4.7000000000,4.5900000000,4.6570000000,276651.2660000000,1286366.1518407001,1286366.1518407001,1,SRM-USDT
2021-02-20 06:00:00,1613772000000,4.6550000000,4.8880000000,4.5750000000,4.8680000000,293822.0988000000,1397828.5951795999,1397828.5951795999,1,SRM-USDT
2021-02-20 07:00:00,1613775600000,4.8670000000,5.2280000000,4.8670000000,5.0940000000,819501.6968000000,4143898.4799044998,4143898.4799044998,1,SRM-USDT
2021-02-20 08:00:00,1613779200000,5.0920000000,5.1130000000,4.7850000000,4.8080000000,514771.5048000000,2526445.7188450000,2526445.7188450000,1,SRM-USDT
2021-02-20 09:00:00,1613782800000,4.8060000000,4.8380000000,4.6320000000,4.6930000000,364494.6244000000,1731527.9309853001,1731527.9309853001,1,SRM-USDT
2021-02-20 10:00:00,1613786400000,4.6780000000,4.9120000000,4.6600000000,4.8280000000,299394.0148000000,1438602.9512147999,1438602.9512147999,1,SRM-USDT
2021-02-20 11:00:00,1613790000000,4.8280000000,4.8750000000,4.7400000000,4.8280000000,217206.7989000000,1049806.4564233001,1049806.4564233001,1,SRM-USDT
2021-02-20 12:00:00,1613793600000,4.8290000000,4.9280000000,4.7150000000,4.8650000000,196118.2524000000,946060.3402886000,946060.3402886000,1,SRM-USDT
2021-02-20 13:00:00,1613797200000,4.8650000000,5.0690000000,4.8250000000,4.9950000000,284748.2722000000,1406404.1729510999,1406404.1729510999,1,SRM-USDT
2021-02-20 14:00:00,1613800800000,4.9960000000,5.2470000000,4.9770000000,5.2470000000,377238.8651000000,1939706.0977721000,1939706.0977721000,1,SRM-USDT
2021-02-20 15:00:00,1613804400000,5.2400000000,5.3120000000,4.9180000000,4.9200000000,630389.8683000000,3251447.0665969001,3251447.0665969001,1,SRM-USDT
2021-02-20 16:00:00,1613808000000,4.9230000000,5.0960000000,4.9230000000,5.0070000000,234065.0057000000,1178777.9162291000,1178777.9162291000,1,SRM-USDT
2021-02-20 17:00:00,1613811600000,5.0090000000,5.0490000000,4.9210000000,4.9840000000,185097.7765000000,923619.6821338000,923619.6821338000,1,SRM-USDT
2021-02-20 18:00:00,1613815200000,4.9870000000,5.0460000000,4.9690000000,5.0170000000,203031.5896000000,1015383.9439915000,1015383.9439915000,1,SRM-USDT
2021-02-20 19:00:00,1613818800000,5.0180000000,5.0200000000,4.9200000000,4.9870000000,325088.4723000000,1617933.6357380000,1617933.6357380000,1,SRM-USDT
2021-02-20 20:00:00,1613822400000,4.9850000000,5.2120000000,4.9840000000,5.1620000000,336450.1628000000,1717928.6085683000,1717928.6085683000,1,SRM-USDT
2021-02-20 21:00:00,1613826000000,5.1630000000,5.2500000000,5.1050000000,5.1050000000,234463.0440000000,1214591.2855976000,1214591.2855976000,1,SRM-USDT
2021-02-20 22:00:00,1613829600000,5.1050000000,5.1170000000,4.8830000000,4.9250000000,317242.7551000000,1587583.8236819000,1587583.8236819000,1,SRM-USDT
2021-02-20 23:00:00,1613833200000,4.9160000000,5.0050000000,4.6800000000,4.7250000000,367497.7761000000,1767730.7343895000,1767730.7343895000,1,SRM-USDT
2021-02-21 00:00:00,1613836800000,4.7250000000,4.9030000000,4.7250000000,4.8890000000,239295.7377000000,1151898.7148307001,1151898.7148307001,1,SRM-USDT
2021-02-21 01:00:00,1613840400000,4.8870000000,4.9370000000,4.8000000000,4.8840000000,240083.1794000000,1172914.2339433001,1172914.2339433001,1,SRM-USDT
2021-02-21 02:00:00,1613844000000,4.8860000000,4.9170000000,4.7960000000,4.8360000000,149580.8001000000,724705.7008439000,724705.7008439000,1,SRM-USDT
2021-02-21 03:00:00,1613847600000,4.8380000000,4.8830000000,4.7190000000,4.7640000000,163401.1985000000,781025.8321020000,781025.8321020000,1,SRM-USDT
2021-02-21 04:00:00,1613851200000,4.7590000000,4.7590000000,4.6610000000,4.6880000000,152710.0767000000,717114.9443489000,717114.9443489000,1,SRM-USDT
2021-02-21 05:00:00,1613854800000,4.6870000000,4.6870000000,4.5530000000,4.5750000000,195017.2499000000,897709.9959158000,897709.9959158000,1,SRM-USDT
2021-02-21 06:00:00,1613858400000,4.5740000000,4.5740000000,4.2000000000,4.4200000000,435899.6173000000,1922176.2831520999,1922176.2831520999,1,SRM-USDT
2021-02-21 07:00:00,1613862000000,4.4210000000,4.6160000000,4.4050000000,4.5710000000,353986.5618000000,1597893.2965410999,1597893.2965410999,1,SRM-USDT
2021-02-21 08:00:00,1613865600000,4.5590000000,4.5940000000,4.3930000000,4.5450000000,367756.8670000000,1662986.0036824001,1662986.0036824001,1,SRM-USDT
2021-02-21 09:00:00,1613869200000,4.5360000000,4.7380000000,4.5020000000,4.7150000000,409788.2010000000,1907791.0816701001,1907791.0816701001,1,SRM-USDT
2021-02-21 10:00:00,1613872800000,4.7140000000,4.7140000000,4.6330000000,4.6400000000,106425.7497000000,497974.4344807000,497974.4344807000,1,SRM-USDT
2021-02-21 11:00:00,1613876400000,4.6380000000,4.6650000000,4.6050000000,4.6140000000,49680.3733000000,230413.8782092000,230413.8782092000,1,SRM-USDT
2021-02-21 12:00:00,1613880000000,4.6130000000,4.7120000000,4.5700000000,4.6430000000,146224.8781000000,675855.8386582000,675855.8386582000,1,SRM-USDT
2021-02-21 13:00:00,1613883600000,4.6450000000,4.6590000000,4.5990000000,4.6360000000,58807.5947000000,272169.1417340000,272169.1417340000,1,SRM-USDT
2021-02-21 14:00:00,1613887200000,4.6360000000,4.6780000000,4.5590000000,4.6130000000,153547.1203000000,710555.6907046000,710555.6907046000,1,SRM-USDT
2021-02-21 15:00:00,1613890800000,4.6070000000,4.6530000000,4.5060000000,4.5130000000,113280.4247000000,517784.3172709000,517784.3172709000,1,SRM-USDT
2021-02-21 16:00:00,1613894400000,4.5140000000,4.6560000000,4.5060000000,4.6320000000,168814.1385000000,775838.3557047000,775838.3557047000,1,SRM-USDT
2021-02-21 17:00:00,1613898000000,4.6330000000,4.7160000000,4.6180000000,4.7130000000,142238.3035000000,663647.1783219000,663647.1783219000,1,SRM-USDT
2021-02-21 18:00:00,1613901600000,4.7010000000,4.9360000000,4.6990000000,4.9360000000,214357.6130000000,1028528.6669077000,1028528.6669077000,1,SRM-USDT
2021-02-21 19:00:00,1613905200000,4.9450000000,4.9600000000,4.8160000000,4.8980000000,271981.1538000000,1326187.4575179999,1326187.4575179999,1,SRM-USDT
2021-02-21 20:00:00,1613908800000,4.9100000000,4.9200000000,4.7420000000,4.7820000000,187968.1239000000,908902.2800382000,908902.2800382000,1,SRM-USDT
2021-02-21 21:00:00,1613912400000,4.7760000000,4.9190000000,4.7760000000,4.9050000000,176368.2593000000,856371.9314158000,856371.9314158000,1,SRM-USDT
2021-02-21 22:00:00,1613916000000,4.9030000000,5.1480000000,4.9000000000,5.0730000000,252505.5047000000,1262455.3687513999,1262455.3687513999,1,SRM-USDT
2021-02-21 23:00:00,1613919600000,5.0710000000,5.0710000000,4.8960000000,4.9180000000,229838.8665000000,1141609.0400658001,1141609.0400658001,1,SRM-USDT
2021-02-22 00:00:00,1613923200000,4.9140000000,4.9440000000,4.8420000000,4.8730000000,154583.2132000000,757171.0858904000,757171.0858904000,1,SRM-USDT
2021-02-22 01:00:00,1613926800000,4.8680000000,4.9080000000,4.8190000000,4.8270000000,138851.8583000000,673598.7460299000,673598.7460299000,1,SRM-USDT
2021-02-22 02:00:00,1613930400000,4.8250000000,4.9740000000,4.8210000000,4.9320000000,185557.8150000000,909345.3746698000,909345.3746698000,1,SRM-USDT
2021-02-22 03:00:00,1613934000000,4.9300000000,5.0230000000,4.9300000000,4.9850000000,94170.9692000000,469584.0255829000,469584.0255829000,1,SRM-USDT
2021-02-22 04:00:00,1613937600000,4.9820000000,4.9840000000,4.7560000000,4.7900000000,148573.8454000000,724508.8478819000,724508.8478819000,1,SRM-USDT
2021-02-22 05:00:00,1613941200000,4.7910000000,4.8690000000,4.7050000000,4.7580000000,145818.2392000000,693708.0890692000,693708.0890692000,1,SRM-USDT
2021-02-22 06:00:00,1613944800000,4.7560000000,4.8020000000,4.6880000000,4.7570000000,85141.0174000000,403616.2297835000,403616.2297835000,1,SRM-USDT
2021-02-22 07:00:00,1613948400000,4.7500000000,4.8240000000,4.7430000000,4.8210000000,81952.9550000000,392145.0736762000,392145.0736762000,1,SRM-USDT
2021-02-22 08:00:00,1613952000000,4.8200000000,4.8480000000,4.5800000000,4.5800000000,154290.8519000000,724236.0752566000,724236.0752566000,1,SRM-USDT
2021-02-22 09:00:00,1613955600000,4.5800000000,4.7120000000,4.4980000000,4.6930000000,314210.4894000000,1453854.8237888999,1453854.8237888999,1,SRM-USDT
2021-02-22 10:00:00,1613959200000,4.6900000000,4.6950000000,4.6260000000,4.6330000000,109501.2842000000,510853.5992278000,510853.5992278000,1,SRM-USDT
2021-02-22 11:00:00,1613962800000,4.6340000000,4.6760000000,4.5020000000,4.5060000000,139730.0097000000,640363.5063316000,640363.5063316000,1,SRM-USDT
2021-02-22 12:00:00,1613966400000,4.5070000000,4.5520000000,4.3760000000,4.4490000000,268524.8833000000,1198808.1942785999,1198808.1942785999,1,SRM-USDT
2021-02-22 13:00:00,1613970000000,4.4500000000,4.5440000000,4.4270000000,4.4270000000,155787.4731000000,698935.8663645000,698935.8663645000,1,SRM-USDT
2021-02-22 14:00:00,1613973600000,4.4330000000,4.6320000000,4.4210000000,4.6110000000,187566.5623000000,856430.3935060001,856430.3935060001,1,SRM-USDT
2021-02-22 15:00:00,1613977200000,4.6120000000,4.7000000000,4.5400000000,4.6970000000,161032.3092000000,745555.3958587000,745555.3958587000,1,SRM-USDT
2021-02-22 16:00:00,1613980800000,4.6950000000,4.7090000000,4.5480000000,4.5520000000,123625.9535000000,574388.6335388999,574388.6335388999,1,SRM-USDT
2021-02-22 17:00:00,1613984400000,4.5560000000,4.6530000000,4.4110000000,4.4200000000,197956.4692000000,904277.0972726000,904277.0972726000,1,SRM-USDT
2021-02-22 18:00:00,1613988000000,4.4220000000,4.5100000000,4.3000000000,4.3990000000,430538.2452000000,1886756.7330010999,1886756.7330010999,1,SRM-USDT
2021-02-22 19:00:00,1613991600000,4.4030000000,4.4760000000,4.3770000000,4.4210000000,209163.9493000000,928143.1899652000,928143.1899652000,1,SRM-USDT
2021-02-22 20:00:00,1613995200000,4.4190000000,4.4360000000,4.0870000000,4.2860000000,487747.2210000000,2075849.4266696000,2075849.4266696000,1,SRM-USDT
2021-02-22 21:00:00,1613998800000,4.2840000000,4.5060000000,4.2660000000,4.3350000000,361736.4755000000,1583919.4681322000,1583919.4681322000,1,SRM-USDT
2021-02-22 22:00:00,1614002400000,4.3320000000,4.5670000000,3.9290000000,4.4850000000,606210.9391000000,2588805.7476527002,2588805.7476527002,1,SRM-USDT
2021-02-22 23:00:00,1614006000000,4.4850000000,4.5970000000,4.2950000000,4.5250000000,374492.2919000000,1655671.0407089000,1655671.0407089000,1,SRM-USDT
2021-02-23 00:00:00,1614009600000,4.5220000000,4.8630000000,4.4630000000,4.8020000000,407427.4088000000,1922506.8971985001,1922506.8971985001,1,SRM-USDT
2021-02-23 01:00:00,1614013200000,4.8010000000,5.6430000000,4.7070000000,5.2840000000,1862798.8291000000,9779049.4809431005,9779049.4809431005,1,SRM-USDT
2021-02-23 02:00:00,1614016800000,5.2870000000,5.4170000000,5.0870000000,5.3970000000,1019254.9989000000,5357888.5725175003,5357888.5725175003,1,SRM-USDT
2021-02-23 03:00:00,1614020400000,5.4080000000,6.0880000000,5.3260000000,5.9370000000,1178616.2438000001,6857778.8566124002,6857778.8566124002,1,SRM-USDT
2021-02-23 04:00:00,1614024000000,5.9200000000,5.9890000000,5.7600000000,5.7800000000,465420.6483000000,2747854.5931135998,2747854.5931135998,1,SRM-USDT
2021-02-23 05:00:00,1614027600000,5.7770000000,5.9800000000,5.6580000000,5.6640000000,416544.3606000000,2433510.9359855000,2433510.9359855000,1,SRM-USDT
2021-02-23 06:00:00,1614031200000,5.6490000000,5.7290000000,5.4650000000,5.5910000000,306154.6711000000,1709597.2481859999,1709597.2481859999,1,SRM-USDT
2021-02-23 07:00:00,1614034800000,5.5940000000,5.7540000000,5.4090000000,5.7380000000,300339.1920000000,1681642.0984405000,1681642.0984405000,1,SRM-USDT
2021-02-23 08:00:00,1614038400000,5.7190000000,5.9270000000,5.4550000000,5.7190000000,509526.9092000000,2887163.9471160001,2887163.9471160001,1,SRM-USDT
2021-02-23 09:00:00,1614042000000,5.7180000000,6.7410000000,5.7180000000,6.1410000000,2763175.9602000001,17365547.5872319005,17365547.5872319005,1,SRM-USDT
2021-02-23 10:00:00,1614045600000,6.1410000000,6.4750000000,5.7460000000,5.8110000000,1569892.1979000000,9623567.1997675002,9623567.1997675002,1,SRM-USDT
2021-02-23 11:00:00,1614049200000,5.8140000000,6.1200000000,5.7450000000,5.8120000000,783290.0061999999,4647693.8897906998,4647693.8897906998,1,SRM-USDT
2021-02-23 12:00:00,1614052800000,5.8150000000,5.8680000000,5.3710000000,5.5790000000,732625.6634000000,4119016.7331555001,4119016.7331555001,1,SRM-USDT
2021-02-23 13:00:00,1614056400000,5.5940000000,5.6890000000,5.0500000000,5.5590000000,1095249.9875000000,5878897.2459175996,5878897.2459175996,1,SRM-USDT
2021-02-23 14:00:00,1614060000000,5.5610000000,6.1240000000,5.4320000000,5.5720000000,1500828.9114999999,8737129.1778079998,8737129.1778079998,1,SRM-USDT
2021-02-23 15:00:00,1614063600000,5.5740000000,5.8110000000,5.5080000000,5.6930000000,880752.2491000000,5007215.2989840005,5007215.2989840005,1,SRM-USDT
2021-02-23 16:00:00,1614067200000,5.6800000000,5.7440000000,4.9290000000,4.9290000000,1255498.3898000000,6686784.6382600004,6686784.6382600004,1,SRM-USDT
2021-02-23 17:00:00,1614070800000,4.9610000000,5.3870000000,4.6250000000,5.2850000000,906088.5339000000,4619035.9935523998,4619035.9935523998,1,SRM-USDT
2021-02-23 18:00:00,1614074400000,5.2630000000,6.3730000000,5.2610000000,6.3630000000,1659879.8052999999,9761387.3148555011,9761387.3148555011,1,SRM-USDT
2021-02-23 19:00:00,1614078000000,6.3700000000,6.5970000000,5.7600000000,6.2350000000,1953949.3226000001,12102704.9077365007,12102704.9077365007,1,SRM-USDT
2021-02-23 20:00:00,1614081600000,6.2320000000,6.5000000000,5.8400000000,6.3720000000,1427817.0186000001,8880232.7949049976,8880232.7949049976,1,SRM-USDT
2021-02-23 21:00:00,1614085200000,6.3670000000,7.5500000000,6.2890000000,7.4380000000,2238930.5384999998,15755872.2666641995,15755872.2666641995,1,SRM-USDT
2021-02-23 22:00:00,1614088800000,7.4560000000,7.5280000000,6.5130000000,6.8500000000,1991584.9985000000,13962132.0219794009,13962132.0219794009,1,SRM-USDT
2021-02-23 23:00:00,1614092400000,6.8500000000,7.1670000000,6.7790000000,6.9730000000,1300795.6015000001,9127582.3121929001,9127582.3121929001,1,SRM-USDT
2021-02-24 00:00:00,1614096000000,6.9610000000,7.2890000000,6.7060000000,6.7410000000,904189.2662000000,6329531.7461802997,6329531.7461802997,1,SRM-USDT
2021-02-24 01:00:00,1614099600000,6.7430000000,6.9370000000,6.5460000000,6.5690000000,489041.5594000000,3299477.0331249000,3299477.0331249000,1,SRM-USDT
2021-02-24 02:00:00,1614103200000,6.5800000000,6.8060000000,6.3840000000,6.4630000000,595955.3213000000,3924120.1274851002,3924120.1274851002,1,SRM-USDT
2021-02-24 03:00:00,1614106800000,6.4640000000,6.4780000000,5.8370000000,5.8370000000,754462.4666000000,4638402.9007540001,4638402.9007540001,1,SRM-USDT
2021-02-24 04:00:00,1614110400000,5.8530000000,6.3320000000,5.7830000000,6.3190000000,743621.4721000000,4513468.9960692003,4513468.9960692003,1,SRM-USDT
2021-02-24 05:00:00,1614114000000,6.3200000000,6.4790000000,6.1870000000,6.3000000000,385993.6934000000,2448960.2315177000,2448960.2315177000,1,SRM-USDT
2021-02-24 06:00:00,1614117600000,6.3050000000,6.6880000000,6.3050000000,6.6270000000,288548.1994000000,1883407.5686758000,1883407.5686758000,1,SRM-USDT
2021-02-24 07:00:00,1614121200000,6.6180000000,6.9560000000,6.6130000000,6.9370000000,428394.6172000000,2921211.0035981000,2921211.0035981000,1,SRM-USDT
2021-02-24 08:00:00,1614124800000,6.9410000000,7.0330000000,6.3320000000,6.6450000000,966292.4344000000,6445676.6348540997,6445676.6348540997,1,SRM-USDT
2021-02-24 09:00:00,1614128400000,6.6580000000,6.7190000000,6.5110000000,6.6900000000,695576.3710000000,4615280.5810452001,4615280.5810452001,1,SRM-USDT
2021-02-24 10:00:00,1614132000000,6.7030000000,7.0470000000,6.6400000000,6.8520000000,467055.7256000000,3178853.0700039999,3178853.0700039999,1,SRM-USDT
2021-02-24 11:00:00,1614135600000,6.8520000000,6.9760000000,6.7860000000,6.9160000000,430012.5512000000,2959299.7082018000,2959299.7082018000,1,SRM-USDT
2021-02-24 12:00:00,1614139200000,6.9130000000,7.1150000000,6.7470000000,6.8470000000,511034.6346000000,3531929.9387770998,3531929.9387770998,1,SRM-USDT
2021-02-24 13:00:00,1614142800000,6.8480000000,6.8980000000,6.5660000000,6.5680000000,421801.7217000000,2827069.8441297999,2827069.8441297999,1,SRM-USDT
2021-02-24 14:00:00,1614146400000,6.5670000000,6.6340000000,6.3570000000,6.4570000000,474099.2784000000,3059804.9225503001,3059804.9225503001,1,SRM-USDT
2021-02-24 15:00:00,1614150000000,6.4620000000,6.5250000000,6.2550000000,6.4800000000,350531.6701000000,2239282.6458967002,2239282.6458967002,1,SRM-USDT
2021-02-24 16:00:00,1614153600000,6.4790000000,6.6770000000,6.4290000000,6.5870000000,408013.0379000000,2687968.0040862001,2687968.0040862001,1,SRM-USDT
2021-02-24 17:00:00,1614157200000,6.5870000000,6.7920000000,6.5400000000,6.7120000000,234687.4760000000,1567945.3258462001,1567945.3258462001,1,SRM-USDT
2021-02-24 18:00:00,1614160800000,6.7160000000,6.8140000000,6.5090000000,6.5280000000,193643.7769000000,1294146.6449098000,1294146.6449098000,1,SRM-USDT
2021-02-24 19:00:00,1614164400000,6.5290000000,6.6860000000,6.5290000000,6.6080000000,198930.8739000000,1317602.0176230001,1317602.0176230001,1,SRM-USDT
2021-02-24 20:00:00,1614168000000,6.6010000000,7.3190000000,6.6010000000,7.2500000000,633250.0485000000,4477708.6228871997,4477708.6228871997,1,SRM-USDT
2021-02-24 21:00:00,1614171600000,7.2500000000,7.3150000000,6.5530000000,6.7660000000,791463.4612000000,5403849.1274629999,5403849.1274629999,1,SRM-USDT
2021-02-24 22:00:00,1614175200000,6.7660000000,6.9300000000,6.4230000000,6.6410000000,628007.2729000000,4181075.7960260999,4181075.7960260999,1,SRM-USDT
2021-02-24 23:00:00,1614178800000,6.6320000000,6.7230000000,6.2150000000,6.6250000000,506882.7481000000,3295641.2791789998,3295641.2791789998,1,SRM-USDT
2021-02-25 00:00:00,1614182400000,6.6500000000,6.7220000000,6.5780000000,6.6090000000,215431.6684000000,1434466.7557963000,1434466.7557963000,1,SRM-USDT
2021-02-25 01:00:00,1614186000000,6.6080000000,6.7810000000,6.5760000000,6.7520000000,205756.9506000000,1372546.1595367000,1372546.1595367000,1,SRM-USDT
2021-02-25 02:00:00,1614189600000,6.7570000000,7.1730000000,6.6800000000,7.0450000000,490642.1510000000,3409970.0019361000,3409970.0019361000,1,SRM-USDT
2021-02-25 03:00:00,1614193200000,7.0400000000,7.1790000000,6.6660000000,6.6930000000,490809.1878000000,3411760.1300495998,3411760.1300495998,1,SRM-USDT
2021-02-25 04:00:00,1614196800000,6.6850000000,6.8370000000,6.5170000000,6.7400000000,396844.1479000000,2643185.2148376000,2643185.2148376000,1,SRM-USDT
2021-02-25 05:00:00,1614200400000,6.7280000000,6.7870000000,6.4120000000,6.6570000000,248288.7594000000,1634035.4994637000,1634035.4994637000,1,SRM-USDT
2021-02-25 06:00:00,1614204000000,6.6390000000,6.6480000000,6.4090000000,6.6170000000,170581.7533000000,1115985.1814864001,1115985.1814864001,1,SRM-USDT
2021-02-25 07:00:00,1614207600000,6.6200000000,7.0220000000,6.5970000000,6.9980000000,256074.1092000000,1741823.6741190001,1741823.6741190001,1,SRM-USDT
2021-02-25 08:00:00,1614211200000,7.0030000000,7.0320000000,6.7850000000,6.8780000000,405532.9578000000,2802999.4755271999,2802999.4755271999,1,SRM-USDT
2021-02-25 09:00:00,1614214800000,6.8760000000,7.3200000000,6.8340000000,7.1290000000,411062.5239000000,2926113.7096116999,2926113.7096116999,1,SRM-USDT
2021-02-25 10:00:00,1614218400000,7.1140000000,7.4280000000,6.9720000000,7.3600000000,483075.3762000000,3476222.6135418001,3476222.6135418001,1,SRM-USDT
2021-02-25 11:00:00,1614222000000,7.3530000000,7.8580000000,7.3150000000,7.8180000000,804170.6607000000,6058732.9231366999,6058732.9231366999,1,SRM-USDT
2021-02-25 12:00:00,1614225600000,7.8310000000,7.9560000000,7.5300000000,7.5760000000,640674.2321000000,4936081.1045549996,4936081.1045549996,1,SRM-USDT
2021-02-25 13:00:00,1614229200000,7.5920000000,7.9780000000,7.5920000000,7.9760000000,435146.6302000000,3381538.3781355000,3381538.3781355000,1,SRM-USDT
2021-02-25 14:00:00,1614232800000,7.9770000000,8.1190000000,7.8210000000,7.9130000000,573077.1400000000,4571448.2035958003,4571448.2035958003,1,SRM-USDT
2021-02-25 15:00:00,1614236400000,7.9150000000,7.9320000000,7.5760000000,7.6770000000,335968.3104000000,2591383.3527289000,2591383.3527289000,1,SRM-USDT
2021-02-25 16:00:00,1614240000000,7.6730000000,7.7370000000,7.3110000000,7.3730000000,390912.3577000000,2923078.3797980999,2923078.3797980999,1,SRM-USDT
2021-02-25 17:00:00,1614243600000,7.3750000000,7.5370000000,7.1500000000,7.4330000000,463272.2498000000,3394804.4354734002,3394804.4354734002,1,SRM-USDT
2021-02-25 18:00:00,1614247200000,7.4320000000,7.6430000000,7.3960000000,7.5850000000,296341.4603000000,2227349.9528509998,2227349.9528509998,1,SRM-USDT
2021-02-25 19:00:00,1614250800000,7.5850000000,7.7400000000,7.5720000000,7.5960000000,229581.3042000000,1757045.8017543000,1757045.8017543000,1,SRM-USDT
2021-02-25 20:00:00,1614254400000,7.6160000000,7.7260000000,7.4290000000,7.6580000000,316520.6682000000,2403232.8040895001,2403232.8040895001,1,SRM-USDT
2021-02-25 21:00:00,1614258000000,7.6550000000,7.7380000000,7.5250000000,7.7230000000,294815.8871000000,2253058.7406064998,2253058.7406064998,1,SRM-USDT
2021-02-25 22:00:00,1614261600000,7.7140000000,7.9370000000,7.6400000000,7.6400000000,424958.6946000000,3303748.2350979000,3303748.2350979000,1,SRM-USDT
2021-02-25 23:00:00,1614265200000,7.6400000000,7.6950000000,7.4910000000,7.5700000000,241413.5468000000,1830935.3202750001,1830935.3202750001,1,SRM-USDT
2021-02-26 00:00:00,1614268800000,7.5760000000,7.7110000000,7.4700000000,7.4850000000,178525.7249000000,1354336.8181169000,1354336.8181169000,1,SRM-USDT
2021-02-26 01:00:00,1614272400000,7.4880000000,7.4880000000,7.0920000000,7.1340000000,323653.8090000000,2344191.0276698000,2344191.0276698000,1,SRM-USDT
2021-02-26 02:00:00,1614276000000,7.1230000000,7.2130000000,6.9110000000,6.9420000000,273602.3392000000,1936300.7423085000,1936300.7423085000,1,SRM-USDT
2021-02-26 03:00:00,1614279600000,6.9390000000,7.0370000000,6.8780000000,6.9490000000,189439.6439000000,1323556.9417548999,1323556.9417548999,1,SRM-USDT
2021-02-26 04:00:00,1614283200000,6.9530000000,6.9570000000,6.7900000000,6.8670000000,277378.0298000000,1899653.6849678999,1899653.6849678999,1,SRM-USDT
2021-02-26 05:00:00,1614286800000,6.8620000000,6.8620000000,6.4460000000,6.4570000000,318387.9729000000,2105022.3277519001,2105022.3277519001,1,SRM-USDT
2021-02-26 06:00:00,1614290400000,6.4530000000,6.5370000000,6.2470000000,6.2760000000,422732.9858000000,2696773.3772852998,2696773.3772852998,1,SRM-USDT
2021-02-26 07:00:00,1614294000000,6.2750000000,6.3860000000,5.9170000000,5.9730000000,475018.1798000000,2922244.7613268001,2922244.7613268001,1,SRM-USDT
2021-02-26 08:00:00,1614297600000,5.9760000000,6.0690000000,5.6820000000,5.8230000000,808308.8728000000,4730979.7761666002,4730979.7761666002,1,SRM-USDT
2021-02-26 09:00:00,1614301200000,5.8110000000,6.0750000000,5.7370000000,5.7690000000,590635.0306000001,3504991.7840744001,3504991.7840744001,1,SRM-USDT
2021-02-26 10:00:00,1614304800000,5.7740000000,6.0580000000,5.7050000000,6.0090000000,593824.3382000000,3536368.7066115998,3536368.7066115998,1,SRM-USDT
2021-02-26 11:00:00,1614308400000,6.0090000000,6.1620000000,5.9850000000,6.1560000000,312166.6117000000,1898693.3646815000,1898693.3646815000,1,SRM-USDT
2021-02-26 12:00:00,1614312000000,6.1590000000,6.1980000000,5.9490000000,5.9830000000,282246.5179000000,1728584.0688102001,1728584.0688102001,1,SRM-USDT
2021-02-26 13:00:00,1614315600000,5.9840000000,6.0190000000,5.6420000000,5.6590000000,487444.3429000000,2840207.8846232998,2840207.8846232998,1,SRM-USDT
2021-02-26 14:00:00,1614319200000,5.6520000000,5.8570000000,5.6520000000,5.7360000000,416680.0337000000,2397140.1537041999,2397140.1537041999,1,SRM-USDT
2021-02-26 15:00:00,1614322800000,5.7360000000,5.7870000000,5.5030000000,5.6170000000,604703.2568000000,3394314.5166985001,3394314.5166985001,1,SRM-USDT
2021-02-26 16:00:00,1614326400000,5.6380000000,5.8930000000,5.6330000000,5.7700000000,369385.4267000000,2137961.2868122999,2137961.2868122999,1,SRM-USDT
2021-02-26 17:00:00,1614330000000,5.7740000000,6.0170000000,5.7070000000,5.9860000000,314677.6042000000,1858940.1345858001,1858940.1345858001,1,SRM-USDT
2021-02-26 18:00:00,1614333600000,5.9860000000,6.0590000000,5.9040000000,6.0590000000,204039.2788000000,1221142.9166840001,1221142.9166840001,1,SRM-USDT
2021-02-26 19:00:00,1614337200000,6.0540000000,6.1530000000,5.7820000000,5.9040000000,252720.7998000000,1507669.5142834999,1507669.5142834999,1,SRM-USDT
2021-02-26 20:00:00,1614340800000,5.9090000000,6.0930000000,5.9030000000,6.0010000000,177473.0190000000,1064839.4199920001,1064839.4199920001,1,SRM-USDT
2021-02-26 21:00:00,1614344400000,6.0080000000,6.0250000000,5.8000000000,5.8230000000,264761.0345000000,1556448.8091110999,1556448.8091110999,1,SRM-USDT
2021-02-26 22:00:00,1614348000000,5.8260000000,6.1090000000,5.8030000000,6.0940000000,302665.8634000000,1808030.7393014999,1808030.7393014999,1,SRM-USDT
2021-02-26 23:00:00,1614351600000,6.0940000000,6.1650000000,5.9830000000,6.0720000000,186487.2421000000,1132074.4764058001,1132074.4764058001,1,SRM-USDT
2021-02-27 00:00:00,1614355200000,6.0670000000,6.3260000000,6.0180000000,6.3190000000,485681.9060000000,2987487.4074935000,2987487.4074935000,1,SRM-USDT
2021-02-27 01:00:00,1614358800000,6.3200000000,6.4060000000,6.2250000000,6.2750000000,413903.5311000000,2615295.7032853002,2615295.7032853002,1,SRM-USDT
2021-02-27 02:00:00,1614362400000,6.2790000000,6.3200000000,6.1840000000,6.1930000000,178168.4511000000,1116293.5708920001,1116293.5708920001,1,SRM-USDT
2021-02-27 03:00:00,1614366000000,6.1870000000,6.2180000000,5.8810000000,5.8980000000,352013.5102000000,2131339.8949909001,2131339.8949909001,1,SRM-USDT
2021-02-27 04:00:00,1614369600000,5.9040000000,5.9760000000,5.6400000000,5.6770000000,265588.3335000000,1537734.2609909000,1537734.2609909000,1,SRM-USDT
2021-02-27 05:00:00,1614373200000,5.6610000000,5.6620000000,5.3300000000,5.3570000000,708168.1239000000,3908245.9845877001,3908245.9845877001,1,SRM-USDT
2021-02-27 06:00:00,1614376800000,5.3530000000,5.4420000000,5.2900000000,5.3140000000,366398.6059000000,1962209.1452679001,1962209.1452679001,1,SRM-USDT
2021-02-27 07:00:00,1614380400000,5.3130000000,5.4880000000,5.2850000000,5.4760000000,190331.1705000000,1031640.6934065000,1031640.6934065000,1,SRM-USDT
2021-02-27 08:00:00,1614384000000,5.4760000000,5.7580000000,5.4620000000,5.7560000000,292810.7043000000,1643916.5182189001,1643916.5182189001,1,SRM-USDT
2021-02-27 09:00:00,1614387600000,5.7560000000,5.7750000000,5.6280000000,5.6930000000,253899.7985000000,1443254.2462261000,1443254.2462261000,1,SRM-USDT
2021-02-27 10:00:00,1614391200000,5.6870000000,5.6880000000,5.4590000000,5.4860000000,321122.4027000000,1792115.4435568999,1792115.4435568999,1,SRM-USDT
2021-02-27 11:00:00,1614394800000,5.4900000000,5.5890000000,5.4570000000,5.5690000000,216591.2051000000,1201480.6610729999,1201480.6610729999,1,SRM-USDT
2021-02-27 12:00:00,1614398400000,5.5690000000,5.5920000000,5.4660000000,5.5450000000,184486.8202000000,1016785.6168947000,1016785.6168947000,1,SRM-USDT
2021-02-27 13:00:00,1614402000000,5.5530000000,5.6380000000,5.5020000000,5.6260000000,190481.7789000000,1059876.3227939999,1059876.3227939999,1,SRM-USDT
2021-02-27 14:00:00,1614405600000,5.6300000000,5.7110000000,5.5860000000,5.6510000000,238556.3666000000,1348759.6731058001,1348759.6731058001,1,SRM-USDT
2021-02-27 15:00:00,1614409200000,5.6440000000,5.6520000000,5.4310000000,5.4890000000,239494.0593000000,1318200.5302279000,1318200.5302279000,1,SRM-USDT
2021-02-27 16:00:00,1614412800000,5.4880000000,5.5350000000,5.3880000000,5.4220000000,196424.8384000000,1072364.1920304000,1072364.1920304000,1,SRM-USDT
2021-02-27 17:00:00,1614416400000,5.4250000000,5.4250000000,5.2940000000,5.3930000000,201150.6196000000,1078441.9698121001,1078441.9698121001,1,SRM-USDT
2021-02-27 18:00:00,1614420000000,5.3930000000,5.5830000000,5.3890000000,5.5540000000,205835.4573000000,1134640.5609513000,1134640.5609513000,1,SRM-USDT
2021-02-27 19:00:00,1614423600000,5.5550000000,5.6250000000,5.5230000000,5.5860000000,207321.5929000000,1158091.6039723000,1158091.6039723000,1,SRM-USDT
2021-02-27 20:00:00,1614427200000,5.5840000000,5.6880000000,5.5000000000,5.6830000000,241890.7750000000,1355494.2361163001,1355494.2361163001,1,SRM-USDT
2021-02-27 21:00:00,1614430800000,5.6860000000,5.6950000000,5.5670000000,5.6420000000,175356.5351000000,993375.4147132999,993375.4147132999,1,SRM-USDT
2021-02-27 22:00:00,1614434400000,5.6430000000,5.6460000000,5.4220000000,5.4840000000,208658.6663000000,1152774.3512496999,1152774.3512496999,1,SRM-USDT
2021-02-27 23:00:00,1614438000000,5.4910000000,5.5580000000,5.3510000000,5.3860000000,146787.3748000000,799993.4855209000,799993.4855209000,1,SRM-USDT
2021-02-28 00:00:00,1614441600000,5.3850000000,5.4750000000,5.3430000000,5.4080000000,109204.3201000000,592556.1801225001,592556.1801225001,1,SRM-USDT
2021-02-28 01:00:00,1614445200000,5.4120000000,5.5240000000,5.4120000000,5.5180000000,91142.0972000000,498420.3175735000,498420.3175735000,1,SRM-USDT
2021-02-28 02:00:00,1614448800000,5.5230000000,5.5500000000,5.5180000000,5.5480000000,49198.8299000000,272399.7314346000,272399.7314346000,1,SRM-USDT
2021-02-28 03:00:00,1614452400000,5.5440000000,5.6010000000,5.5270000000,5.5960000000,78734.3019000000,437058.3524733000,437058.3524733000,1,SRM-USDT
2021-02-28 04:00:00,1614456000000,5.6000000000,5.6150000000,5.5600000000,5.5760000000,130305.9196000000,729004.9844500000,729004.9844500000,1,SRM-USDT
2021-02-28 05:00:00,1614459600000,5.5740000000,5.6050000000,5.4520000000,5.4850000000,199314.3850000000,1106365.7230705000,1106365.7230705000,1,SRM-USDT
2021-02-28 06:00:00,1614463200000,5.4860000000,5.4890000000,5.4640000000,5.4660000000,20354.0875000000,111402.5076542000,111402.5076542000,1,SRM-USDT
2021-02-28 07:00:00,1614466800000,5.4660000000,5.4810000000,5.1440000000,5.2710000000,319487.2688000000,1672040.4821742000,1672040.4821742000,1,SRM-USDT
2021-02-28 08:00:00,1614470400000,5.2680000000,5.3040000000,5.1770000000,5.2310000000,159755.3219000000,836813.3096369000,836813.3096369000,1,SRM-USDT
2021-02-28 09:00:00,1614474000000,5.2300000000,5.2830000000,5.1470000000,5.1920000000,146023.8016000000,762066.8346579000,762066.8346579000,1,SRM-USDT
2021-02-28 10:00:00,1614477600000,5.1930000000,5.1930000000,4.9650000000,4.9900000000,322808.9748000000,1630623.1585577000,1630623.1585577000,1,SRM-USDT
2021-02-28 11:00:00,1614481200000,4.9900000000,5.0190000000,4.7690000000,4.7760000000,369471.7067000000,1805042.9829233000,1805042.9829233000,1,SRM-USDT
2021-02-28 12:00:00,1614484800000,4.7780000000,4.9040000000,4.7550000000,4.7550000000,241703.6735000000,1165695.6037921000,1165695.6037921000,1,SRM-USDT
2021-02-28 13:00:00,1614488400000,4.7520000000,4.8860000000,4.7200000000,4.7700000000,234536.9670000000,1129713.2527699000,1129713.2527699000,1,SRM-USDT
2021-02-28 14:00:00,1614492000000,4.7620000000,4.8230000000,4.6040000000,4.6690000000,389628.7003000000,1834883.5669857000,1834883.5669857000,1,SRM-USDT
2021-02-28 15:00:00,1614495600000,4.6590000000,4.7850000000,4.6380000000,4.7390000000,211186.0368000000,993557.7040597000,993557.7040597000,1,SRM-USDT
2021-02-28 16:00:00,1614499200000,4.7270000000,4.8790000000,4.7260000000,4.8350000000,212113.7059000000,1024110.5520884000,1024110.5520884000,1,SRM-USDT
2021-02-28 17:00:00,1614502800000,4.8180000000,4.9150000000,4.8110000000,4.8590000000,135667.7980000000,660220.7442946000,660220.7442946000,1,SRM-USDT
2021-02-28 18:00:00,1614506400000,4.8600000000,4.9280000000,4.8120000000,4.8610000000,127060.4436000000,618560.0274424000,618560.0274424000,1,SRM-USDT
2021-02-28 19:00:00,1614510000000,4.8620000000,4.8830000000,4.8280000000,4.8450000000,151943.4842000000,737797.6245874000,737797.6245874000,1,SRM-USDT
2021-02-28 20:00:00,1614513600000,4.8480000000,4.8600000000,4.6210000000,4.6680000000,345840.2330000000,1638588.1786535000,1638588.1786535000,1,SRM-USDT
2021-02-28 21:00:00,1614517200000,4.6670000000,4.7090000000,4.5560000000,4.5580000000,322877.1826000000,1484906.9500155000,1484906.9500155000,1,SRM-USDT
2021-02-28 22:00:00,1614520800000,4.5590000000,4.5590000000,4.3570000000,4.5150000000,458594.2729000000,2047062.0501586001,2047062.0501586001,1,SRM-USDT
2021-02-28 23:00:00,1614524400000,4.5220000000,4.5340000000,4.2740000000,4.2980000000,405218.8302000000,1759286.4212466001,1759286.4212466001,1,SRM-USDT
2021-03-01 00:00:00,1614528000000,4.2980000000,4.4630000000,4.2370000000,4.4000000000,306319.4315000000,1337516.2046244000,1337516.2046244000,1,SRM-USDT
2021-03-01 01:00:00,1614531600000,4.3970000000,4.4780000000,4.3580000000,4.3790000000,152620.9713000000,675493.3214921000,675493.3214921000,1,SRM-USDT
2021-03-01 02:00:00,1614535200000,4.3660000000,4.5110000000,4.3620000000,4.5060000000,173498.3064000000,775409.3829764000,775409.3829764000,1,SRM-USDT
2021-03-01 03:00:00,1614538800000,4.5080000000,4.8010000000,4.4770000000,4.7920000000,284595.4779000000,1320530.9382321001,1320530.9382321001,1,SRM-USDT
2021-03-01 04:00:00,1614542400000,4.7930000000,4.9490000000,4.7310000000,4.9150000000,517381.5297000000,2505850.8440518999,2505850.8440518999,1,SRM-USDT
2021-03-01 05:00:00,1614546000000,4.9140000000,5.0410000000,4.8990000000,4.9930000000,219725.7658000000,1093645.0419429000,1093645.0419429000,1,SRM-USDT
2021-03-01 06:00:00,1614549600000,4.9880000000,4.9880000000,4.8300000000,4.9460000000,176032.2403000000,867082.1424192000,867082.1424192000,1,SRM-USDT
2021-03-01 07:00:00,1614553200000,4.9650000000,5.1900000000,4.9150000000,4.9620000000,191674.0751000000,974007.8723115000,974007.8723115000,1,SRM-USDT
2021-03-01 08:00:00,1614556800000,4.9820000000,5.1770000000,4.9120000000,5.1330000000,274613.3962000000,1391600.8126739999,1391600.8126739999,1,SRM-USDT
2021-03-01 09:00:00,1614560400000,5.1310000000,5.1670000000,5.0320000000,5.0870000000,191977.7574000000,977933.3089208000,977933.3089208000,1,SRM-USDT
2021-03-01 10:00:00,1614564000000,5.0880000000,5.1900000000,5.0710000000,5.1330000000,172805.8494000000,889252.8503858000,889252.8503858000,1,SRM-USDT
2021-03-01 11:00:00,1614567600000,5.1330000000,5.2430000000,5.1180000000,5.1460000000,188968.3525000000,977726.7497513000,977726.7497513000,1,SRM-USDT
2021-03-01 12:00:00,1614571200000,5.1430000000,5.1950000000,4.9770000000,5.0900000000,237409.2096000000,1205107.3544660001,1205107.3544660001,1,SRM-USDT
2021-03-01 13:00:00,1614574800000,5.0860000000,5.2230000000,5.0800000000,5.2210000000,196945.7586000000,1014581.6765284000,1014581.6765284000,1,SRM-USDT
2021-03-01 14:00:00,1614578400000,5.2230000000,5.2850000000,5.1000000000,5.1340000000,225010.5645000000,1169402.0212329000,1169402.0212329000,1,SRM-USDT
2021-03-01 15:00:00,1614582000000,5.1340000000,5.2750000000,5.1340000000,5.2610000000,218312.5561000000,1138347.0341568000,1138347.0341568000,1,SRM-USDT
2021-03-01 16:00:00,1614585600000,5.2630000000,5.4190000000,5.2630000000,5.3440000000,416237.6997000000,2219579.1725741001,2219579.1725741001,1,SRM-USDT
2021-03-01 17:00:00,1614589200000,5.3440000000,5.4730000000,5.3230000000,5.4600000000,164076.0991000000,890020.7562163000,890020.7562163000,1,SRM-USDT
2021-03-01 18:00:00,1614592800000,5.4590000000,5.5400000000,5.3420000000,5.5180000000,224744.3021000000,1225038.0139557000,1225038.0139557000,1,SRM-USDT
2021-03-01 19:00:00,1614596400000,5.5160000000,5.5820000000,5.4810000000,5.5000000000,211456.9079000000,1170031.6699608001,1170031.6699608001,1,SRM-USDT
2021-03-01 20:00:00,1614600000000,5.4970000000,5.5220000000,5.3970000000,5.4250000000,178543.7935000000,973911.5658374000,973911.5658374000,1,SRM-USDT
2021-03-01 21:00:00,1614603600000,5.4290000000,5.4720000000,5.3270000000,5.3270000000,278433.0161000000,1506988.9232510999,1506988.9232510999,1,SRM-USDT
2021-03-01 22:00:00,1614607200000,5.3260000000,5.5580000000,5.2770000000,5.5460000000,350595.1991000000,1896015.1274406000,1896015.1274406000,1,SRM-USDT
2021-03-01 23:00:00,1614610800000,5.5470000000,5.9730000000,5.5370000000,5.9080000000,807134.2960000000,4639472.1199094001,4639472.1199094001,1,SRM-USDT
2021-03-02 00:00:00,1614614400000,5.9090000000,5.9240000000,5.5570000000,5.6420000000,415017.8965000000,2382600.5793383000,2382600.5793383000,1,SRM-USDT
2021-03-02 01:00:00,1614618000000,5.6430000000,5.6670000000,5.4930000000,5.4930000000,155723.0696000000,871162.4536700000,871162.4536700000,1,SRM-USDT
2021-03-02 02:00:00,1614621600000,5.5010000000,5.6480000000,5.4830000000,5.6250000000,333798.6677000000,1859126.4104090000,1859126.4104090000,1,SRM-USDT
2021-03-02 03:00:00,1614625200000,5.6290000000,5.6290000000,5.4410000000,5.4990000000,136616.5087000000,758839.5508585999,758839.5508585999,1,SRM-USDT
2021-03-02 04:00:00,1614628800000,5.5070000000,5.6190000000,5.4620000000,5.4930000000,166711.4739000000,919630.4494209000,919630.4494209000,1,SRM-USDT
2021-03-02 05:00:00,1614632400000,5.4930000000,5.5290000000,5.4680000000,5.5240000000,131538.6829000000,722801.8316850000,722801.8316850000,1,SRM-USDT
2021-03-02 06:00:00,1614636000000,5.5260000000,5.5690000000,5.4710000000,5.5660000000,128407.4163000000,708845.4268526000,708845.4268526000,1,SRM-USDT
2021-03-02 07:00:00,1614639600000,5.5690000000,5.6770000000,5.5550000000,5.6670000000,145594.7537000000,818169.3388978000,818169.3388978000,1,SRM-USDT
2021-03-02 08:00:00,1614643200000,5.6660000000,5.8340000000,5.6250000000,5.6370000000,363637.5215000000,2086617.8128392999,2086617.8128392999,1,SRM-USDT
2021-03-02 09:00:00,1614646800000,5.6350000000,5.6440000000,5.5020000000,5.5540000000,169246.8132000000,939100.3385953000,939100.3385953000,1,SRM-USDT
2021-03-02 10:00:00,1614650400000,5.5400000000,5.6720000000,5.5180000000,5.5750000000,268647.0461000000,1503934.3460760000,1503934.3460760000,1,SRM-USDT
2021-03-02 11:00:00,1614654000000,5.5790000000,5.6270000000,5.4510000000,5.4830000000,200723.0887000000,1109747.1025322999,1109747.1025322999,1,SRM-USDT
2021-03-02 12:00:00,1614657600000,5.4830000000,5.5310000000,5.4480000000,5.5060000000,167219.2340000000,917999.7846137000,917999.7846137000,1,SRM-USDT
2021-03-02 13:00:00,1614661200000,5.5090000000,5.5640000000,5.4670000000,5.4710000000,182344.1145000000,1006382.6924607001,1006382.6924607001,1,SRM-USDT
2021-03-02 14:00:00,1614664800000,5.4720000000,5.4740000000,5.2880000000,5.3220000000,292482.8628000000,1564348.3095978999,1564348.3095978999,1,SRM-USDT
2021-03-02 15:00:00,1614668400000,5.3230000000,5.3290000000,5.2510000000,5.2640000000,106781.8808000000,564981.5302768000,564981.5302768000,1,SRM-USDT
2021-03-02 16:00:00,1614672000000,5.2660000000,5.4530000000,5.2620000000,5.4400000000,135488.5334000000,728628.8087056000,728628.8087056000,1,SRM-USDT
2021-03-02 17:00:00,1614675600000,5.4400000000,5.6140000000,5.4400000000,5.5720000000,235266.6797000000,1306178.5524893000,1306178.5524893000,1,SRM-USDT
2021-03-02 18:00:00,1614679200000,5.5710000000,5.6190000000,5.4820000000,5.5100000000,440967.3373000000,2463564.7307157000,2463564.7307157000,1,SRM-USDT
2021-03-02 19:00:00,1614682800000,5.5160000000,5.5330000000,5.4550000000,5.5160000000,136106.2091000000,748612.5043565000,748612.5043565000,1,SRM-USDT
2021-03-02 20:00:00,1614686400000,5.5170000000,5.5780000000,5.4960000000,5.5730000000,164138.3194000000,907556.1504865000,907556.1504865000,1,SRM-USDT
2021-03-02 21:00:00,1614690000000,5.5730000000,5.6960000000,5.5600000000,5.6590000000,181625.7771000000,1024449.1135311000,1024449.1135311000,1,SRM-USDT
2021-03-02 22:00:00,1614693600000,5.6630000000,5.7880000000,5.6220000000,5.6320000000,218420.4779000000,1246739.2907519999,1246739.2907519999,1,SRM-USDT
2021-03-02 23:00:00,1614697200000,5.6290000000,5.6610000000,5.4660000000,5.4960000000,188055.8271000000,1043038.2354759000,1043038.2354759000,1,SRM-USDT
2021-03-03 00:00:00,1614700800000,5.4980000000,5.5540000000,5.1290000000,5.1640000000,456240.5982000000,2450526.9378515002,2450526.9378515002,1,SRM-USDT
2021-03-03 01:00:00,1614704400000,5.1560000000,5.2650000000,5.1140000000,5.1650000000,600187.5636000000,3112494.3903454999,3112494.3903454999,1,SRM-USDT
2021-03-03 02:00:00,1614708000000,5.1620000000,5.2120000000,5.1110000000,5.1410000000,223937.8190000000,1154380.8867498999,1154380.8867498999,1,SRM-USDT
2021-03-03 03:00:00,1614711600000,5.1330000000,5.1610000000,5.0140000000,5.0340000000,271689.8173000000,1383203.7939565999,1383203.7939565999,1,SRM-USDT
2021-03-03 04:00:00,1614715200000,5.0420000000,5.0450000000,4.8730000000,4.9290000000,249577.8163000000,1238311.4947484999,1238311.4947484999,1,SRM-USDT
2021-03-03 05:00:00,1614718800000,4.9340000000,5.0360000000,4.9140000000,4.9450000000,207130.8387000000,1029376.3474416001,1029376.3474416001,1,SRM-USDT
2021-03-03 06:00:00,1614722400000,4.9490000000,5.1200000000,4.9350000000,5.1120000000,166541.9798000000,840204.6569491000,840204.6569491000,1,SRM-USDT
2021-03-03 07:00:00,1614726000000,5.1110000000,5.3180000000,5.1110000000,5.2810000000,188799.1895000000,984793.5993955000,984793.5993955000,1,SRM-USDT
2021-03-03 08:00:00,1614729600000,5.2860000000,5.3290000000,5.1740000000,5.2860000000,196449.7378000000,1035928.7365823000,1035928.7365823000,1,SRM-USDT
2021-03-03 09:00:00,1614733200000,5.2850000000,5.4650000000,5.2680000000,5.4130000000,185814.3763000000,1000122.4096631000,1000122.4096631000,1,SRM-USDT
2021-03-03 10:00:00,1614736800000,5.4230000000,5.4380000000,5.3330000000,5.3470000000,126911.2152000000,682638.2132882000,682638.2132882000,1,SRM-USDT
2021-03-03 11:00:00,1614740400000,5.3430000000,5.3610000000,5.2770000000,5.3170000000,184362.4681000000,981754.1244381000,981754.1244381000,1,SRM-USDT
2021-03-03 12:00:00,1614744000000,5.3140000000,5.4110000000,5.3110000000,5.3780000000,190802.2553000000,1027431.7065610000,1027431.7065610000,1,SRM-USDT
2021-03-03 13:00:00,1614747600000,5.3810000000,5.4720000000,5.3470000000,5.3740000000,226583.4005000000,1226449.3108975999,1226449.3108975999,1,SRM-USDT
2021-03-03 14:00:00,1614751200000,5.3740000000,5.4870000000,5.3740000000,5.4690000000,141869.6962000000,769981.4401403000,769981.4401403000,1,SRM-USDT
2021-03-03 15:00:00,1614754800000,5.4670000000,5.5170000000,5.4460000000,5.4670000000,181765.5936000000,997025.6639613000,997025.6639613000,1,SRM-USDT
2021-03-03 16:00:00,1614758400000,5.4670000000,5.5780000000,5.4670000000,5.4970000000,276126.1858000000,1523828.8682319000,1523828.8682319000,1,SRM-USDT
2021-03-03 17:00:00,1614762000000,5.4960000000,5.5950000000,5.4650000000,5.5660000000,198422.4719000000,1095622.2878944001,1095622.2878944001,1,SRM-USDT
2021-03-03 18:00:00,1614765600000,5.5670000000,5.5830000000,5.4820000000,5.5040000000,180745.3056000000,999518.9829101000,999518.9829101000,1,SRM-USDT
2021-03-03 19:00:00,1614769200000,5.5060000000,5.5530000000,5.4370000000,5.5040000000,170051.3944000000,935822.7656368000,935822.7656368000,1,SRM-USDT
2021-03-03 20:00:00,1614772800000,5.5060000000,5.5540000000,5.4130000000,5.5390000000,212898.3920000000,1171002.4302621000,1171002.4302621000,1,SRM-USDT
2021-03-03 21:00:00,1614776400000,5.5410000000,5.5480000000,5.3280000000,5.3610000000,201023.7735000000,1086626.8487310000,1086626.8487310000,1,SRM-USDT
2021-03-03 22:00:00,1614780000000,5.3670000000,5.3670000000,5.2000000000,5.2890000000,272957.7127000000,1440692.7241264000,1440692.7241264000,1,SRM-USDT
2021-03-03 23:00:00,1614783600000,5.2900000000,5.3520000000,5.2730000000,5.3410000000,137499.7678000000,731045.2703936000,731045.2703936000,1,SRM-USDT
2021-03-04 00:00:00,1614787200000,5.3360000000,5.4550000000,5.3360000000,5.4420000000,166251.5594000000,898919.2062364999,898919.2062364999,1,SRM-USDT
2021-03-04 01:00:00,1614790800000,5.4410000000,5.5690000000,5.4060000000,5.5650000000,240059.2914000000,1318157.6054738001,1318157.6054738001,1,SRM-USDT
2021-03-04 02:00:00,1614794400000,5.5680000000,5.6950000000,5.5610000000,5.6120000000,309974.6148000000,1744902.4278694000,1744902.4278694000,1,SRM-USDT
2021-03-04 03:00:00,1614798000000,5.6100000000,5.6250000000,5.4120000000,5.5010000000,264906.6037000000,1456011.7710924000,1456011.7710924000,1,SRM-USDT
2021-03-04 04:00:00,1614801600000,5.5000000000,5.5100000000,5.3680000000,5.3860000000,134727.9495000000,734120.1995395001,734120.1995395001,1,SRM-USDT
2021-03-04 05:00:00,1614805200000,5.3920000000,5.4750000000,5.3670000000,5.4610000000,123940.3339000000,671860.2231333000,671860.2231333000,1,SRM-USDT
2021-03-04 06:00:00,1614808800000,5.4620000000,5.5070000000,5.3900000000,5.4130000000,106545.1390000000,581646.4576064000,581646.4576064000,1,SRM-USDT
2021-03-04 07:00:00,1614812400000,5.4100000000,5.4710000000,5.3220000000,5.3310000000,164969.1623000000,891747.1114655000,891747.1114655000,1,SRM-USDT
2021-03-04 08:00:00,1614816000000,5.3280000000,5.4320000000,5.2350000000,5.4320000000,257439.9941000000,1370429.5317394999,1370429.5317394999,1,SRM-USDT
2021-03-04 09:00:00,1614819600000,5.4240000000,5.5210000000,5.4020000000,5.5040000000,136109.8382000000,745139.3380728000,745139.3380728000,1,SRM-USDT
2021-03-04 10:00:00,1614823200000,5.4990000000,5.5940000000,5.4480000000,5.4540000000,118184.3118000000,652282.4247806000,652282.4247806000,1,SRM-USDT
2021-03-04 11:00:00,1614826800000,5.4510000000,5.5010000000,5.1610000000,5.1780000000,170380.2453000000,905570.9628754000,905570.9628754000,1,SRM-USDT
2021-03-04 12:00:00,1614830400000,5.1890000000,5.2480000000,5.1120000000,5.1180000000,222585.2123000000,1153481.6332848000,1153481.6332848000,1,SRM-USDT
2021-03-04 13:00:00,1614834000000,5.1200000000,5.2040000000,5.1050000000,5.2020000000,219870.8986000000,1131669.8631317001,1131669.8631317001,1,SRM-USDT
2021-03-04 14:00:00,1614837600000,5.2030000000,5.2300000000,5.1290000000,5.1480000000,127032.2792000000,658978.2259757000,658978.2259757000,1,SRM-USDT
2021-03-04 15:00:00,1614841200000,5.1440000000,5.2410000000,5.1440000000,5.2410000000,105814.5661000000,551267.4706602000,551267.4706602000,1,SRM-USDT
2021-03-04 16:00:00,1614844800000,5.2430000000,5.3310000000,5.2410000000,5.2660000000,122394.9869000000,648493.8222780999,648493.8222780999,1,SRM-USDT
2021-03-04 17:00:00,1614848400000,5.2680000000,5.3320000000,5.0990000000,5.1550000000,282953.8037000000,1468124.9636025000,1468124.9636025000,1,SRM-USDT
2021-03-04 18:00:00,1614852000000,5.1490000000,5.2130000000,5.1190000000,5.1510000000,167880.2206000000,866756.0271512000,866756.0271512000,1,SRM-USDT
2021-03-04 19:00:00,1614855600000,5.1520000000,5.1670000000,5.0930000000,5.1460000000,125173.8295000000,642825.8711445000,642825.8711445000,1,SRM-USDT
2021-03-04 20:00:00,1614859200000,5.1520000000,5.2200000000,5.1310000000,5.1800000000,130044.8707000000,674190.7479273000,674190.7479273000,1,SRM-USDT
2021-03-04 21:00:00,1614862800000,5.1820000000,5.1870000000,5.0820000000,5.1770000000,187421.3628000000,963630.0260602999,963630.0260602999,1,SRM-USDT
2021-03-04 22:00:00,1614866400000,5.1750000000,5.2920000000,5.1500000000,5.1820000000,140660.2272000000,734057.8268092000,734057.8268092000,1,SRM-USDT
2021-03-04 23:00:00,1614870000000,5.1760000000,5.1830000000,5.0980000000,5.1290000000,228144.7571000000,1170217.3111864000,1170217.3111864000,1,SRM-USDT
2021-03-05 00:00:00,1614873600000,5.1310000000,5.1820000000,5.1160000000,5.1650000000,113578.4431000000,584946.7916932000,584946.7916932000,1,SRM-USDT
2021-03-05 01:00:00,1614877200000,5.1660000000,5.2100000000,5.0090000000,5.0220000000,193060.8822000000,986310.6474168000,986310.6474168000,1,SRM-USDT
2021-03-05 02:00:00,1614880800000,5.0230000000,5.0230000000,4.7240000000,4.7400000000,358825.9240000000,1755539.3888605000,1755539.3888605000,1,SRM-USDT
2021-03-05 03:00:00,1614884400000,4.7390000000,4.8490000000,4.7220000000,4.7830000000,328064.8547000000,1571655.9533877999,1571655.9533877999,1,SRM-USDT
2021-03-05 04:00:00,1614888000000,4.7820000000,4.8820000000,4.7100000000,4.8780000000,213663.8042000000,1022010.1439605000,1022010.1439605000,1,SRM-USDT
2021-03-05 05:00:00,1614891600000,4.8790000000,4.9120000000,4.8270000000,4.8560000000,140930.3904000000,687231.7666581000,687231.7666581000,1,SRM-USDT
2021-03-05 06:00:00,1614895200000,4.8480000000,4.9490000000,4.8420000000,4.9380000000,115495.8227000000,564730.4283100000,564730.4283100000,1,SRM-USDT
2021-03-05 07:00:00,1614898800000,4.9430000000,4.9960000000,4.9080000000,4.9660000000,160822.6597000000,796910.2185767000,796910.2185767000,1,SRM-USDT
2021-03-05 08:00:00,1614902400000,4.9720000000,4.9720000000,4.5770000000,4.6190000000,348429.0043000000,1639658.9767437000,1639658.9767437000,1,SRM-USDT
2021-03-05 09:00:00,1614906000000,4.6210000000,4.6570000000,4.5390000000,4.6510000000,265424.2554000000,1221183.2801407001,1221183.2801407001,1,SRM-USDT
2021-03-05 10:00:00,1614909600000,4.6490000000,4.7180000000,4.5800000000,4.7010000000,185095.9683000000,862523.3002378000,862523.3002378000,1,SRM-USDT
2021-03-05 11:00:00,1614913200000,4.6960000000,4.7170000000,4.6530000000,4.7050000000,135788.4980000000,637791.2832951000,637791.2832951000,1,SRM-USDT
2021-03-05 12:00:00,1614916800000,4.7090000000,4.7100000000,4.6160000000,4.6160000000,104420.9795000000,487987.1619038000,487987.1619038000,1,SRM-USDT
2021-03-05 13:00:00,1614920400000,4.6250000000,4.7250000000,4.6220000000,4.7010000000,146569.0105000000,686446.6054640000,686446.6054640000,1,SRM-USDT
2021-03-05 14:00:00,1614924000000,4.7010000000,4.7210000000,4.6700000000,4.7010000000,75100.7174000000,352954.5002899000,352954.5002899000,1,SRM-USDT
2021-03-05 15:00:00,1614927600000,4.7020000000,4.7400000000,4.6860000000,4.7370000000,80921.5876000000,381337.5762496000,381337.5762496000,1,SRM-USDT
2021-03-05 16:00:00,1614931200000,4.7380000000,4.7380000000,4.5310000000,4.5760000000,217654.5598000000,1000924.6166693000,1000924.6166693000,1,SRM-USDT
2021-03-05 17:00:00,1614934800000,4.5720000000,4.6190000000,4.5630000000,4.6100000000,99196.7482000000,455653.4947302000,455653.4947302000,1,SRM-USDT
2021-03-05 18:00:00,1614938400000,4.6150000000,4.6660000000,4.6050000000,4.6470000000,105529.6160000000,489421.7014832000,489421.7014832000,1,SRM-USDT
2021-03-05 19:00:00,1614942000000,4.6510000000,4.6840000000,4.6510000000,4.6820000000,87208.2334000000,407202.2432116000,407202.2432116000,1,SRM-USDT
2021-03-05 20:00:00,1614945600000,4.6820000000,4.7130000000,4.6120000000,4.6970000000,186956.5219000000,874509.7542889999,874509.7542889999,1,SRM-USDT
2021-03-05 21:00:00,1614949200000,4.7040000000,4.8790000000,4.7040000000,4.8710000000,295653.0202000000,1412767.0729312000,1412767.0729312000,1,SRM-USDT
2021-03-05 22:00:00,1614952800000,4.8720000000,4.9320000000,4.8170000000,4.8380000000,275242.3579000000,1345430.5360659000,1345430.5360659000,1,SRM-USDT
2021-03-05 23:00:00,1614956400000,4.8400000000,4.8880000000,4.7650000000,4.7810000000,168886.7792000000,816699.6952313000,816699.6952313000,1,SRM-USDT
2021-03-06 00:00:00,1614960000000,4.7810000000,4.7810000000,4.5940000000,4.7190000000,258224.0469000000,1215094.0189493001,1215094.0189493001,1,SRM-USDT
2021-03-06 01:00:00,1614963600000,4.7280000000,4.8240000000,4.7080000000,4.8160000000,122447.2336000000,584526.2569162000,584526.2569162000,1,SRM-USDT
2021-03-06 02:00:00,1614967200000,4.8250000000,4.9760000000,4.8080000000,4.9630000000,156108.7318000000,763025.7478158000,763025.7478158000,1,SRM-USDT
2021-03-06 03:00:00,1614970800000,4.9650000000,4.9800000000,4.8700000000,4.9640000000,138323.0983000000,680745.2720213000,680745.2720213000,1,SRM-USDT
2021-03-06 04:00:00,1614974400000,4.9720000000,4.9880000000,4.9080000000,4.9210000000,135532.0621000000,670349.6150430000,670349.6150430000,1,SRM-USDT
2021-03-06 05:00:00,1614978000000,4.9220000000,4.9600000000,4.8950000000,4.9170000000,78207.6156000000,385261.2292690000,385261.2292690000,1,SRM-USDT
2021-03-06 06:00:00,1614981600000,4.9240000000,5.0160000000,4.9030000000,4.9700000000,126701.4507000000,629221.4180639000,629221.4180639000,1,SRM-USDT
2021-03-06 07:00:00,1614985200000,4.9640000000,4.9760000000,4.8290000000,4.8360000000,178459.6660000000,869000.1762789000,869000.1762789000,1,SRM-USDT
2021-03-06 08:00:00,1614988800000,4.8380000000,4.9150000000,4.8280000000,4.8880000000,117733.9235000000,575726.1942808999,575726.1942808999,1,SRM-USDT
2021-03-06 09:00:00,1614992400000,4.8830000000,4.8950000000,4.8330000000,4.8520000000,66892.2290000000,325132.2249684000,325132.2249684000,1,SRM-USDT
2021-03-06 10:00:00,1614996000000,4.8490000000,4.8660000000,4.8320000000,4.8620000000,196265.0726000000,952797.4399041000,952797.4399041000,1,SRM-USDT
2021-03-06 11:00:00,1614999600000,4.8600000000,4.8740000000,4.8260000000,4.8640000000,167154.6284000000,811640.9625874000,811640.9625874000,1,SRM-USDT
2021-03-06 12:00:00,1615003200000,4.8650000000,4.8670000000,4.7690000000,4.8120000000,107944.8317000000,518506.2391930000,518506.2391930000,1,SRM-USDT
2021-03-06 13:00:00,1615006800000,4.8040000000,4.9050000000,4.7650000000,4.8990000000,130699.7306000000,631862.7043048000,631862.7043048000,1,SRM-USDT
2021-03-06 14:00:00,1615010400000,4.9050000000,4.9630000000,4.9040000000,4.9560000000,88199.2289000000,436169.3446764000,436169.3446764000,1,SRM-USDT
2021-03-06 15:00:00,1615014000000,4.9580000000,5.0620000000,4.9460000000,5.0270000000,130657.1485000000,656116.0264444000,656116.0264444000,1,SRM-USDT
2021-03-06 16:00:00,1615017600000,5.0310000000,5.0570000000,4.9580000000,4.9580000000,130131.4089000000,652704.9128611000,652704.9128611000,1,SRM-USDT
2021-03-06 17:00:00,1615021200000,4.9540000000,4.9890000000,4.9080000000,4.9130000000,88780.3901000000,439003.8469453000,439003.8469453000,1,SRM-USDT
2021-03-06 18:00:00,1615024800000,4.9120000000,5.0130000000,4.9080000000,4.9470000000,138927.6263000000,689935.6843479000,689935.6843479000,1,SRM-USDT
2021-03-06 19:00:00,1615028400000,4.9450000000,4.9900000000,4.9420000000,4.9570000000,129424.9354000000,642765.8246357000,642765.8246357000,1,SRM-USDT
2021-03-06 20:00:00,1615032000000,4.9610000000,4.9730000000,4.7890000000,4.8190000000,206653.1090000000,1006332.5025074000,1006332.5025074000,1,SRM-USDT
2021-03-06 21:00:00,1615035600000,4.8190000000,4.8330000000,4.7070000000,4.7440000000,218730.6914000000,1041027.1090542000,1041027.1090542000,1,SRM-USDT
2021-03-06 22:00:00,1615039200000,4.7470000000,4.8010000000,4.7170000000,4.7840000000,131184.8761000000,625707.8225450000,625707.8225450000,1,SRM-USDT
2021-03-06 23:00:00,1615042800000,4.7840000000,4.8200000000,4.7670000000,4.7680000000,111338.7973000000,533722.4401973000,533722.4401973000,1,SRM-USDT
2021-03-07 00:00:00,1615046400000,4.7670000000,4.8900000000,4.7440000000,4.8620000000,168504.9018000000,815929.6274394999,815929.6274394999,1,SRM-USDT
2021-03-07 01:00:00,1615050000000,4.8570000000,4.9400000000,4.8530000000,4.9330000000,89266.5707000000,437797.1076044000,437797.1076044000,1,SRM-USDT
2021-03-07 02:00:00,1615053600000,4.9410000000,5.2670000000,4.9070000000,5.2240000000,335064.5765000000,1698165.3678218999,1698165.3678218999,1,SRM-USDT
2021-03-07 03:00:00,1615057200000,5.2250000000,5.2500000000,5.1410000000,5.2130000000,249854.6513000000,1299589.1392949999,1299589.1392949999,1,SRM-USDT
2021-03-07 04:00:00,1615060800000,5.2130000000,5.4440000000,5.2090000000,5.3650000000,440989.5997000000,2352133.6049907999,2352133.6049907999,1,SRM-USDT
2021-03-07 05:00:00,1615064400000,5.3670000000,5.3800000000,5.2460000000,5.3000000000,248723.5761000000,1317216.6814971999,1317216.6814971999,1,SRM-USDT
2021-03-07 06:00:00,1615068000000,5.3000000000,5.3730000000,5.2730000000,5.3210000000,228133.9162000000,1214801.2811707000,1214801.2811707000,1,SRM-USDT
2021-03-07 07:00:00,1615071600000,5.3170000000,5.3610000000,5.2690000000,5.3230000000,285725.1654000000,1520079.0506251999,1520079.0506251999,1,SRM-USDT
2021-03-07 08:00:00,1615075200000,5.3230000000,5.5070000000,5.3230000000,5.4520000000,404969.7714000000,2200524.5730685000,2200524.5730685000,1,SRM-USDT
2021-03-07 09:00:00,1615078800000,5.4550000000,5.4790000000,5.3390000000,5.3720000000,180114.9808000000,976773.4278741000,976773.4278741000,1,SRM-USDT
2021-03-07 10:00:00,1615082400000,5.3750000000,5.4490000000,5.3470000000,5.4470000000,259414.3198000000,1403249.0714449000,1403249.0714449000,1,SRM-USDT
2021-03-07 11:00:00,1615086000000,5.4580000000,5.5300000000,5.4420000000,5.4790000000,269784.0647000000,1481600.1379245999,1481600.1379245999,1,SRM-USDT
2021-03-07 12:00:00,1615089600000,5.4780000000,5.5000000000,5.4440000000,5.4810000000,131080.6745000000,718034.0747394999,718034.0747394999,1,SRM-USDT
2021-03-07 13:00:00,1615093200000,5.4800000000,5.5500000000,5.4550000000,5.5360000000,213346.8080000000,1175053.5794937001,1175053.5794937001,1,SRM-USDT
2021-03-07 14:00:00,1615096800000,5.5400000000,5.5420000000,5.3820000000,5.3920000000,205974.3433000000,1119777.9275283001,1119777.9275283001,1,SRM-USDT
2021-03-07 15:00:00,1615100400000,5.4000000000,5.4330000000,5.3820000000,5.4300000000,115054.3466000000,621397.8073186000,621397.8073186000,1,SRM-USDT
2021-03-07 16:00:00,1615104000000,5.4170000000,5.4800000000,5.4060000000,5.4110000000,130927.0068000000,711328.4373618000,711328.4373618000,1,SRM-USDT
2021-03-07 17:00:00,1615107600000,5.4070000000,5.5280000000,5.4070000000,5.5280000000,324695.2539000000,1774952.7190670001,1774952.7190670001,1,SRM-USDT
2021-03-07 18:00:00,1615111200000,5.5250000000,5.5330000000,5.4800000000,5.4880000000,257239.2267000000,1415929.4748968999,1415929.4748968999,1,SRM-USDT
2021-03-07 19:00:00,1615114800000,5.4850000000,5.7940000000,5.4720000000,5.7670000000,786449.7188000000,4408257.7111889003,4408257.7111889003,1,SRM-USDT
2021-03-07 20:00:00,1615118400000,5.7600000000,6.4930000000,5.7590000000,6.4530000000,1780295.4713999999,10928343.4964202996,10928343.4964202996,1,SRM-USDT
2021-03-07 21:00:00,1615122000000,6.4480000000,6.5440000000,6.1410000000,6.2770000000,1173388.8658000000,7352553.2456449987,7352553.2456449987,1,SRM-USDT
2021-03-07 22:00:00,1615125600000,6.2790000000,6.2790000000,5.9500000000,6.2220000000,754647.7454000000,4614097.7064306997,4614097.7064306997,1,SRM-USDT
2021-03-07 23:00:00,1615129200000,6.2230000000,6.2420000000,6.0730000000,6.2050000000,569613.7632000000,3516190.0596047002,3516190.0596047002,1,SRM-USDT
2021-03-08 00:00:00,1615132800000,6.2080000000,6.2320000000,6.0520000000,6.0890000000,342625.5046000000,2099180.3946346999,2099180.3946346999,1,SRM-USDT
2021-03-08 01:00:00,1615136400000,6.0880000000,6.1210000000,5.9200000000,5.9760000000,354268.6137000000,2129843.2601712001,2129843.2601712001,1,SRM-USDT
2021-03-08 02:00:00,1615140000000,5.9810000000,5.9860000000,5.7720000000,5.7720000000,305349.5076000000,1797055.1122268001,1797055.1122268001,1,SRM-USDT
2021-03-08 03:00:00,1615143600000,5.7770000000,5.8730000000,5.7460000000,5.7800000000,292697.5040000000,1699880.7407412999,1699880.7407412999,1,SRM-USDT
2021-03-08 04:00:00,1615147200000,5.7790000000,5.7790000000,5.6380000000,5.7290000000,438229.0934000000,2487758.6169544002,2487758.6169544002,1,SRM-USDT
2021-03-08 05:00:00,1615150800000,5.7260000000,5.8400000000,5.7020000000,5.8310000000,218436.6414000000,1263514.6346378999,1263514.6346378999,1,SRM-USDT
2021-03-08 06:00:00,1615154400000,5.8320000000,6.0030000000,5.8190000000,5.8850000000,231393.6773000000,1372979.0821952999,1372979.0821952999,1,SRM-USDT
2021-03-08 07:00:00,1615158000000,5.8880000000,6.0620000000,5.8880000000,6.0160000000,262705.9427000000,1569112.8907272001,1569112.8907272001,1,SRM-USDT
2021-03-08 08:00:00,1615161600000,6.0170000000,6.0880000000,5.9030000000,5.9170000000,249256.4801000000,1492129.2549761001,1492129.2549761001,1,SRM-USDT
2021-03-08 09:00:00,1615165200000,5.9180000000,5.9580000000,5.8500000000,5.8850000000,137588.7575000000,814683.1190260000,814683.1190260000,1,SRM-USDT
2021-03-08 10:00:00,1615168800000,5.8750000000,5.8780000000,5.7450000000,5.7680000000,215398.9331000000,1247519.1367152000,1247519.1367152000,1,SRM-USDT
2021-03-08 11:00:00,1615172400000,5.7680000000,5.8630000000,5.7380000000,5.8460000000,118067.0914000000,681800.0399312000,681800.0399312000,1,SRM-USDT
2021-03-08 12:00:00,1615176000000,5.8480000000,5.9630000000,5.7870000000,5.9400000000,166484.2574000000,978557.5174300000,978557.5174300000,1,SRM-USDT
2021-03-08 13:00:00,1615179600000,5.9380000000,6.0660000000,5.9370000000,6.0400000000,210052.6101000000,1262777.7874485999,1262777.7874485999,1,SRM-USDT
2021-03-08 14:00:00,1615183200000,6.0420000000,6.1500000000,5.9210000000,5.9340000000,255267.4856000000,1540093.7077373001,1540093.7077373001,1,SRM-USDT
2021-03-08 15:00:00,1615186800000,5.9270000000,5.9360000000,5.7400000000,5.8030000000,319554.7373000000,1862820.0537032001,1862820.0537032001,1,SRM-USDT
2021-03-08 16:00:00,1615190400000,5.8030000000,5.8050000000,5.6700000000,5.7640000000,192033.6862000000,1099879.5706765000,1099879.5706765000,1,SRM-USDT
2021-03-08 17:00:00,1615194000000,5.7570000000,5.7970000000,5.6610000000,5.7400000000,184352.5109000000,1053475.3045029000,1053475.3045029000,1,SRM-USDT
2021-03-08 18:00:00,1615197600000,5.7360000000,5.8380000000,5.6800000000,5.8060000000,200914.8427000000,1159521.8020577000,1159521.8020577000,1,SRM-USDT
2021-03-08 19:00:00,1615201200000,5.8010000000,5.8650000000,5.7780000000,5.8640000000,105006.4691000000,611686.8251434000,611686.8251434000,1,SRM-USDT
2021-03-08 20:00:00,1615204800000,5.8710000000,5.8790000000,5.7570000000,5.7700000000,126353.6443000000,735015.3123645000,735015.3123645000,1,SRM-USDT
2021-03-08 21:00:00,1615208400000,5.7690000000,5.8800000000,5.7680000000,5.8780000000,146087.6725000000,849726.4346929000,849726.4346929000,1,SRM-USDT
2021-03-08 22:00:00,1615212000000,5.8770000000,5.9000000000,5.7360000000,5.8200000000,500235.1936000000,2927573.9960031002,2927573.9960031002,1,SRM-USDT
2021-03-08 23:00:00,1615215600000,5.8210000000,5.8840000000,5.7740000000,5.8620000000,230563.5320000000,1345318.4928752000,1345318.4928752000,1,SRM-USDT
2021-03-09 00:00:00,1615219200000,5.8600000000,5.8710000000,5.7770000000,5.8140000000,95685.0750000000,557006.0048334000,557006.0048334000,1,SRM-USDT
2021-03-09 01:00:00,1615222800000,5.8120000000,5.8470000000,5.7910000000,5.8320000000,54239.0502000000,315549.8914244000,315549.8914244000,1,SRM-USDT
2021-03-09 02:00:00,1615226400000,5.8400000000,6.1240000000,5.8380000000,6.0810000000,322649.5178000000,1938263.1806957000,1938263.1806957000,1,SRM-USDT
2021-03-09 03:00:00,1615230000000,6.0850000000,6.1400000000,6.0740000000,6.1220000000,126755.8115000000,773863.2801335000,773863.2801335000,1,SRM-USDT
2021-03-09 04:00:00,1615233600000,6.1240000000,6.1330000000,5.9290000000,5.9440000000,144337.2919000000,867422.4959605000,867422.4959605000,1,SRM-USDT
2021-03-09 05:00:00,1615237200000,5.9470000000,6.0270000000,5.9360000000,6.0070000000,88895.5745000000,530931.8328290000,530931.8328290000,1,SRM-USDT
2021-03-09 06:00:00,1615240800000,6.0090000000,6.0430000000,5.9250000000,5.9580000000,95026.2605000000,568314.6555102000,568314.6555102000,1,SRM-USDT
2021-03-09 07:00:00,1615244400000,5.9470000000,6.0950000000,5.9400000000,6.0650000000,149459.6629000000,903847.7521043000,903847.7521043000,1,SRM-USDT
2021-03-09 08:00:00,1615248000000,6.0620000000,6.0890000000,5.9470000000,5.9630000000,157247.4111000000,949022.3606504000,949022.3606504000,1,SRM-USDT
2021-03-09 09:00:00,1615251600000,5.9620000000,6.1790000000,5.9620000000,6.0830000000,213468.5583000000,1293046.8541850999,1293046.8541850999,1,SRM-USDT
2021-03-09 10:00:00,1615255200000,6.0800000000,6.2180000000,6.0310000000,6.2180000000,237015.1096000000,1453052.3299934999,1453052.3299934999,1,SRM-USDT
2021-03-09 11:00:00,1615258800000,6.2130000000,6.3020000000,6.1730000000,6.2730000000,283314.0082000000,1770499.3691831999,1770499.3691831999,1,SRM-USDT
2021-03-09 12:00:00,1615262400000,6.2700000000,6.3130000000,6.1870000000,6.2640000000,159260.5821000000,995679.6704154999,995679.6704154999,1,SRM-USDT
2021-03-09 13:00:00,1615266000000,6.2590000000,6.3100000000,6.1820000000,6.2010000000,130293.8732000000,815448.4393303000,815448.4393303000,1,SRM-USDT
2021-03-09 14:00:00,1615269600000,6.2040000000,6.2150000000,6.1110000000,6.1370000000,112144.1133000000,691781.2873778000,691781.2873778000,1,SRM-USDT
2021-03-09 15:00:00,1615273200000,6.1300000000,6.1830000000,6.0610000000,6.0830000000,148059.4936000000,907582.6917991000,907582.6917991000,1,SRM-USDT
2021-03-09 16:00:00,1615276800000,6.0820000000,6.2430000000,6.0800000000,6.2260000000,181211.9374000000,1118538.5972310000,1118538.5972310000,1,SRM-USDT
2021-03-09 17:00:00,1615280400000,6.2290000000,6.2460000000,6.1690000000,6.1710000000,113047.4042000000,701929.4805791000,701929.4805791000,1,SRM-USDT
2021-03-09 18:00:00,1615284000000,6.1690000000,6.1800000000,6.0750000000,6.1350000000,151725.3537000000,931844.3269013000,931844.3269013000,1,SRM-USDT
2021-03-09 19:00:00,1615287600000,6.1380000000,6.4540000000,6.0810000000,6.3640000000,323936.4107000000,2041165.5868452999,2041165.5868452999,1,SRM-USDT
2021-03-09 20:00:00,1615291200000,6.3660000000,6.4080000000,6.2330000000,6.2710000000,276126.0107000000,1746954.0943709000,1746954.0943709000,1,SRM-USDT
2021-03-09 21:00:00,1615294800000,6.2690000000,6.4980000000,6.2500000000,6.4640000000,243113.3211000000,1555351.2416095000,1555351.2416095000,1,SRM-USDT
2021-03-09 22:00:00,1615298400000,6.4620000000,6.5650000000,6.4000000000,6.4840000000,258858.4690000000,1680532.3009281000,1680532.3009281000,1,SRM-USDT
2021-03-09 23:00:00,1615302000000,6.4840000000,6.5020000000,6.3430000000,6.3670000000,173365.5853000000,1111337.8994434001,1111337.8994434001,1,SRM-USDT
2021-03-10 00:00:00,1615305600000,6.3660000000,6.4310000000,6.3040000000,6.3630000000,202016.7328000000,1285430.0078777999,1285430.0078777999,1,SRM-USDT
2021-03-10 01:00:00,1615309200000,6.3560000000,6.3640000000,6.2830000000,6.2850000000,72563.8840000000,459238.8366539000,459238.8366539000,1,SRM-USDT
2021-03-10 02:00:00,1615312800000,6.2770000000,6.2980000000,6.2260000000,6.2920000000,102186.0891000000,640403.6603853001,640403.6603853001,1,SRM-USDT
2021-03-10 03:00:00,1615316400000,6.2920000000,6.3340000000,6.2580000000,6.3220000000,70837.6709000000,446603.8282461000,446603.8282461000,1,SRM-USDT
2021-03-10 04:00:00,1615320000000,6.3270000000,6.4550000000,6.3190000000,6.4500000000,88131.6787000000,561754.1623667000,561754.1623667000,1,SRM-USDT
2021-03-10 05:00:00,1615323600000,6.4500000000,6.4590000000,6.3100000000,6.3660000000,95660.7858000000,611699.7484311000,611699.7484311000,1,SRM-USDT
2021-03-10 06:00:00,1615327200000,6.3610000000,6.4490000000,6.3510000000,6.4430000000,91373.4672000000,585114.9586270000,585114.9586270000,1,SRM-USDT
2021-03-10 07:00:00,1615330800000,6.4450000000,6.4560000000,6.3930000000,6.4230000000,106448.2044000000,684632.9723154000,684632.9723154000,1,SRM-USDT
2021-03-10 08:00:00,1615334400000,6.4310000000,6.4460000000,6.3590000000,6.3710000000,109412.7222000000,700812.1760799000,700812.1760799000,1,SRM-USDT
2021-03-10 09:00:00,1615338000000,6.3820000000,6.3820000000,6.0120000000,6.0730000000,240765.8427000000,1474697.2066196001,1474697.2066196001,1,SRM-USDT
2021-03-10 10:00:00,1615341600000,6.0730000000,6.0730000000,5.7820000000,5.9390000000,320805.3663000000,1894633.1746879001,1894633.1746879001,1,SRM-USDT
2021-03-10 11:00:00,1615345200000,5.9410000000,5.9570000000,5.7500000000,5.8290000000,183675.5379000000,1076820.4269538000,1076820.4269538000,1,SRM-USDT
2021-03-10 12:00:00,1615348800000,5.8240000000,5.9500000000,5.7940000000,5.9410000000,129432.3597000000,762733.5624955000,762733.5624955000,1,SRM-USDT
2021-03-10 13:00:00,1615352400000,5.9410000000,5.9770000000,5.8730000000,5.9730000000,75212.8206000000,446085.9284964000,446085.9284964000,1,SRM-USDT
2021-03-10 14:00:00,1615356000000,5.9780000000,6.0140000000,5.9430000000,5.9850000000,113057.7388000000,675757.8361797000,675757.8361797000,1,SRM-USDT
2021-03-10 15:00:00,1615359600000,5.9910000000,6.0490000000,5.9790000000,6.0230000000,84939.3376000000,511150.6785803000,511150.6785803000,1,SRM-USDT
2021-03-10 16:00:00,1615363200000,6.0240000000,6.0550000000,5.9720000000,6.0520000000,100877.3065000000,607129.8163331000,607129.8163331000,1,SRM-USDT
2021-03-10 17:00:00,1615366800000,6.0500000000,6.1040000000,6.0320000000,6.0450000000,93038.1428000000,564668.4292381000,564668.4292381000,1,SRM-USDT
2021-03-10 18:00:00,1615370400000,6.0450000000,6.0470000000,5.9210000000,5.9280000000,1393044.3447000000,8332445.4814764988,8332445.4814764988,1,SRM-USDT
2021-03-10 19:00:00,1615374000000,5.9330000000,5.9550000000,5.8700000000,5.9400000000,89628.9144000000,530850.6338038000,530850.6338038000,1,SRM-USDT
2021-03-10 20:00:00,1615377600000,5.9440000000,6.0320000000,5.9430000000,6.0170000000,80262.9054000000,481358.5896573000,481358.5896573000,1,SRM-USDT
2021-03-10 21:00:00,1615381200000,6.0210000000,6.1220000000,6.0020000000,6.1220000000,115141.8843000000,697736.3585086000,697736.3585086000,1,SRM-USDT
2021-03-10 22:00:00,1615384800000,6.1240000000,6.1370000000,6.0270000000,6.0650000000,102123.7232000000,619640.4096116000,619640.4096116000,1,SRM-USDT
2021-03-10 23:00:00,1615388400000,6.0630000000,6.0900000000,5.9860000000,6.0250000000,86807.0782000000,524569.7843125000,524569.7843125000,1,SRM-USDT
2021-03-11 00:00:00,1615392000000,6.0260000000,6.0520000000,5.9800000000,6.0100000000,85676.3968000000,515412.9591566000,515412.9591566000,1,SRM-USDT
2021-03-11 01:00:00,1615395600000,6.0150000000,6.1160000000,6.0060000000,6.0360000000,88397.3856000000,534990.8482488000,534990.8482488000,1,SRM-USDT
2021-03-11 02:00:00,1615399200000,6.0380000000,6.0600000000,5.9990000000,6.0190000000,56520.6927000000,340736.4013048000,340736.4013048000,1,SRM-USDT
2021-03-11 03:00:00,1615402800000,6.0150000000,6.0600000000,5.9900000000,5.9930000000,73458.6326000000,442974.0423544000,442974.0423544000,1,SRM-USDT
2021-03-11 04:00:00,1615406400000,5.9920000000,6.0000000000,5.8200000000,5.8620000000,122815.3921000000,725505.8478765000,725505.8478765000,1,SRM-USDT
2021-03-11 05:00:00,1615410000000,5.8470000000,5.9520000000,5.7630000000,5.9300000000,103505.5642000000,605030.0348493000,605030.0348493000,1,SRM-USDT
2021-03-11 06:00:00,1615413600000,5.9250000000,5.9650000000,5.9180000000,5.9620000000,42969.9794000000,255317.3021083000,255317.3021083000,1,SRM-USDT
2021-03-11 07:00:00,1615417200000,5.9620000000,5.9700000000,5.8230000000,5.8560000000,72999.4468000000,430065.9172134000,430065.9172134000,1,SRM-USDT
2021-03-11 08:00:00,1615420800000,5.8670000000,5.9190000000,5.7450000000,5.7510000000,77747.3582000000,453526.1804448000,453526.1804448000,1,SRM-USDT
2021-03-11 09:00:00,1615424400000,5.7530000000,5.7890000000,5.7000000000,5.7860000000,96133.4133000000,552073.3700883000,552073.3700883000,1,SRM-USDT
2021-03-11 10:00:00,1615428000000,5.7780000000,5.8410000000,5.7680000000,5.8390000000,58505.9181000000,340209.5205685000,340209.5205685000,1,SRM-USDT
2021-03-11 11:00:00,1615431600000,5.8410000000,5.8630000000,5.7850000000,5.8390000000,54406.1847000000,316989.4467579000,316989.4467579000,1,SRM-USDT
2021-03-11 12:00:00,1615435200000,5.8340000000,5.8650000000,5.7840000000,5.8330000000,140372.0171000000,817077.2003493001,817077.2003493001,1,SRM-USDT
2021-03-11 13:00:00,1615438800000,5.8270000000,5.8290000000,5.7240000000,5.7380000000,94777.5938000000,545800.6930346000,545800.6930346000,1,SRM-USDT
2021-03-11 14:00:00,1615442400000,5.7310000000,5.8150000000,5.7150000000,5.8000000000,94539.9210000000,545765.7298378000,545765.7298378000,1,SRM-USDT
2021-03-11 15:00:00,1615446000000,5.7960000000,5.8020000000,5.7050000000,5.7050000000,95683.0837000000,552449.1113613000,552449.1113613000,1,SRM-USDT
2021-03-11 16:00:00,1615449600000,5.7080000000,5.7110000000,5.5430000000,5.6550000000,185203.9388000000,1039480.8283162999,1039480.8283162999,1,SRM-USDT
2021-03-11 17:00:00,1615453200000,5.6510000000,5.6550000000,5.5780000000,5.6070000000,85315.8027000000,479155.1174750000,479155.1174750000,1,SRM-USDT
2021-03-11 18:00:00,1615456800000,5.5960000000,5.7110000000,5.5940000000,5.7090000000,156156.3260000000,880598.1570320000,880598.1570320000,1,SRM-USDT
2021-03-11 19:00:00,1615460400000,5.7090000000,5.8700000000,5.7030000000,5.8660000000,126203.4811000000,726680.4894471000,726680.4894471000,1,SRM-USDT
2021-03-11 20:00:00,1615464000000,5.8570000000,5.8630000000,5.7640000000,5.8040000000,184119.2935000000,1069683.8878825000,1069683.8878825000,1,SRM-USDT
2021-03-11 21:00:00,1615467600000,5.8060000000,5.9500000000,5.8010000000,5.9290000000,169660.7473000000,1000373.5230006000,1000373.5230006000,1,SRM-USDT
2021-03-11 22:00:00,1615471200000,5.9310000000,5.9500000000,5.8480000000,5.9060000000,173153.5901000000,1021753.8320868000,1021753.8320868000,1,SRM-USDT
2021-03-11 23:00:00,1615474800000,5.9070000000,5.9430000000,5.7800000000,5.8020000000,108258.8396000000,635198.7920980999,635198.7920980999,1,SRM-USDT
2021-03-12 00:00:00,1615478400000,5.8060000000,5.8700000000,5.7990000000,5.8460000000,106163.8022000000,619256.1548392000,619256.1548392000,1,SRM-USDT
2021-03-12 01:00:00,1615482000000,5.8530000000,6.0680000000,5.8380000000,6.0460000000,196851.2318000000,1172913.4839061999,1172913.4839061999,1,SRM-USDT
2021-03-12 02:00:00,1615485600000,6.0440000000,6.1910000000,6.0440000000,6.0970000000,191349.4225000000,1170441.1995421001,1170441.1995421001,1,SRM-USDT
2021-03-12 03:00:00,1615489200000,6.1060000000,6.1780000000,5.9850000000,6.0120000000,91628.0255000000,558223.2967729000,558223.2967729000,1,SRM-USDT
2021-03-12 04:00:00,1615492800000,6.0090000000,6.0840000000,6.0030000000,6.0220000000,106268.3002000000,642479.4120082000,642479.4120082000,1,SRM-USDT
2021-03-12 05:00:00,1615496400000,6.0280000000,6.0700000000,5.8860000000,5.8990000000,107802.0440000000,645150.3341878999,645150.3341878999,1,SRM-USDT
2021-03-12 06:00:00,1615500000000,5.8960000000,5.9130000000,5.7850000000,5.8290000000,87799.7360000000,514236.5232527000,514236.5232527000,1,SRM-USDT
2021-03-12 07:00:00,1615503600000,5.8210000000,5.8620000000,5.8130000000,5.8330000000,59511.6234000000,346971.0119226000,346971.0119226000,1,SRM-USDT
2021-03-12 08:00:00,1615507200000,5.8360000000,5.8670000000,5.7470000000,5.8040000000,162488.5602000000,943065.0937664000,943065.0937664000,1,SRM-USDT
2021-03-12 09:00:00,1615510800000,5.8010000000,5.8440000000,5.7780000000,5.8340000000,93990.0230000000,545270.1414118001,545270.1414118001,1,SRM-USDT
2021-03-12 10:00:00,1615514400000,5.8320000000,5.9380000000,5.8120000000,5.9360000000,97444.9717000000,573291.5624843000,573291.5624843000,1,SRM-USDT
2021-03-12 11:00:00,1615518000000,5.9370000000,5.9700000000,5.9080000000,5.9240000000,80229.2034000000,476538.1058898000,476538.1058898000,1,SRM-USDT
2021-03-12 12:00:00,1615521600000,5.9260000000,5.9490000000,5.7750000000,5.8350000000,76164.3549000000,445429.6503914000,445429.6503914000,1,SRM-USDT
2021-03-12 13:00:00,1615525200000,5.8330000000,5.8930000000,5.7910000000,5.8920000000,100255.1728000000,586332.7678088000,586332.7678088000,1,SRM-USDT
2021-03-12 14:00:00,1615528800000,5.8920000000,5.9120000000,5.8590000000,5.8770000000,85104.5828000000,501227.2192197000,501227.2192197000,1,SRM-USDT
2021-03-12 15:00:00,1615532400000,5.8790000000,5.8790000000,5.7760000000,5.8140000000,82324.7392000000,478251.9926562000,478251.9926562000,1,SRM-USDT
2021-03-12 16:00:00,1615536000000,5.8050000000,5.8290000000,5.7730000000,5.8210000000,96681.1781000000,561106.9887579000,561106.9887579000,1,SRM-USDT
2021-03-12 17:00:00,1615539600000,5.8160000000,5.8540000000,5.7830000000,5.8220000000,120968.1377000000,704750.2612478000,704750.2612478000,1,SRM-USDT
2021-03-12 18:00:00,1615543200000,5.8220000000,5.8220000000,5.5800000000,5.7300000000,235617.1965000000,1338762.1690642999,1338762.1690642999,1,SRM-USDT
2021-03-12 19:00:00,1615546800000,5.7230000000,5.7700000000,5.6300000000,5.6670000000,92998.5866000000,530429.5399641000,530429.5399641000,1,SRM-USDT
2021-03-12 20:00:00,1615550400000,5.6710000000,5.6870000000,5.5940000000,5.6040000000,92048.6690000000,518177.2314990000,518177.2314990000,1,SRM-USDT
2021-03-12 21:00:00,1615554000000,5.6000000000,5.6000000000,5.3010000000,5.4420000000,306115.3097000000,1658841.5742263000,1658841.5742263000,1,SRM-USDT
2021-03-12 22:00:00,1615557600000,5.4450000000,5.4980000000,5.3890000000,5.4690000000,148240.1096000000,805412.8868410001,805412.8868410001,1,SRM-USDT
2021-03-12 23:00:00,1615561200000,5.4730000000,5.5980000000,5.4400000000,5.5890000000,111370.5181000000,614633.3828608000,614633.3828608000,1,SRM-USDT
2021-03-13 00:00:00,1615564800000,5.5880000000,5.6280000000,5.5740000000,5.5950000000,91260.8257000000,511912.3192451000,511912.3192451000,1,SRM-USDT
2021-03-13 01:00:00,1615568400000,5.5970000000,5.6190000000,5.5250000000,5.5420000000,56629.0673000000,316316.3016940000,316316.3016940000,1,SRM-USDT
2021-03-13 02:00:00,1615572000000,5.5390000000,5.5960000000,5.5120000000,5.5300000000,75436.0563000000,418543.2795092000,418543.2795092000,1,SRM-USDT
2021-03-13 03:00:00,1615575600000,5.5400000000,5.5710000000,5.4360000000,5.4590000000,64821.3820000000,356545.1188483000,356545.1188483000,1,SRM-USDT
2021-03-13 04:00:00,1615579200000,5.4580000000,5.4940000000,5.3160000000,5.3460000000,122170.5998000000,656844.6186737000,656844.6186737000,1,SRM-USDT
2021-03-13 05:00:00,1615582800000,5.3440000000,5.4080000000,5.3010000000,5.3710000000,102746.7286000000,550571.0036736000,550571.0036736000,1,SRM-USDT
2021-03-13 06:00:00,1615586400000,5.3690000000,5.4770000000,5.3380000000,5.4720000000,162990.0801000000,877101.3857922000,877101.3857922000,1,SRM-USDT
2021-03-13 07:00:00,1615590000000,5.4710000000,5.5020000000,5.4320000000,5.4820000000,143231.0295000000,782836.5549445000,782836.5549445000,1,SRM-USDT
2021-03-13 08:00:00,1615593600000,5.4820000000,5.4870000000,5.3900000000,5.4040000000,175306.4744000000,949870.6312831000,949870.6312831000,1,SRM-USDT
2021-03-13 09:00:00,1615597200000,5.3970000000,5.3990000000,5.2100000000,5.2540000000,159797.5196000000,845318.6650956000,845318.6650956000,1,SRM-USDT
2021-03-13 10:00:00,1615600800000,5.2590000000,5.3560000000,5.2320000000,5.3530000000,62124.3690000000,328458.9691741000,328458.9691741000,1,SRM-USDT
2021-03-13 11:00:00,1615604400000,5.3520000000,5.3890000000,5.3320000000,5.3540000000,67043.7200000000,359043.2146607000,359043.2146607000,1,SRM-USDT
2021-03-13 12:00:00,1615608000000,5.3530000000,5.4050000000,5.3080000000,5.4030000000,57125.8758000000,305602.0169268000,305602.0169268000,1,SRM-USDT
2021-03-13 13:00:00,1615611600000,5.4110000000,5.4710000000,5.4030000000,5.4650000000,72319.1834000000,393995.5266955000,393995.5266955000,1,SRM-USDT
2021-03-13 14:00:00,1615615200000,5.4610000000,5.5200000000,5.4350000000,5.5160000000,83316.2726000000,456133.1313055000,456133.1313055000,1,SRM-USDT
2021-03-13 15:00:00,1615618800000,5.5200000000,5.5770000000,5.5070000000,5.5650000000,69452.6626000000,384445.7316946000,384445.7316946000,1,SRM-USDT
2021-03-13 16:00:00,1615622400000,5.5680000000,5.6220000000,5.5680000000,5.6200000000,88180.6976000000,494281.6413371000,494281.6413371000,1,SRM-USDT
2021-03-13 17:00:00,1615626000000,5.6210000000,5.6490000000,5.5850000000,5.5940000000,72316.1813000000,405549.8890633000,405549.8890633000,1,SRM-USDT
2021-03-13 18:00:00,1615629600000,5.5940000000,5.7670000000,5.5870000000,5.6440000000,268692.3164000000,1528675.7623034001,1528675.7623034001,1,SRM-USDT
2021-03-13 19:00:00,1615633200000,5.6510000000,5.7540000000,5.6370000000,5.7140000000,161424.9235000000,919609.9914942000,919609.9914942000,1,SRM-USDT
2021-03-13 20:00:00,1615636800000,5.7180000000,5.7490000000,5.6780000000,5.7190000000,177454.2389000000,1014615.4716432000,1014615.4716432000,1,SRM-USDT
2021-03-13 21:00:00,1615640400000,5.7160000000,5.7770000000,5.6110000000,5.6820000000,162483.9166000000,921185.1557787000,921185.1557787000,1,SRM-USDT
2021-03-13 22:00:00,1615644000000,5.6840000000,5.7240000000,5.6610000000,5.7020000000,68021.6610000000,386565.0300622000,386565.0300622000,1,SRM-USDT
2021-03-13 23:00:00,1615647600000,5.7040000000,5.8040000000,5.6380000000,5.6950000000,115141.2555000000,658813.1841075000,658813.1841075000,1,SRM-USDT
2021-03-14 00:00:00,1615651200000,5.7010000000,5.7530000000,5.6700000000,5.7450000000,79219.3015000000,452874.2939861000,452874.2939861000,1,SRM-USDT
2021-03-14 01:00:00,1615654800000,5.7440000000,6.1760000000,5.7440000000,6.1260000000,388902.8093000000,2342654.3414087002,2342654.3414087002,1,SRM-USDT
2021-03-14 02:00:00,1615658400000,6.1270000000,6.1580000000,6.0110000000,6.1140000000,318071.4646000000,1933084.2962801000,1933084.2962801000,1,SRM-USDT
2021-03-14 03:00:00,1615662000000,6.1140000000,6.1290000000,6.0070000000,6.0220000000,141227.9865000000,858102.9563759000,858102.9563759000,1,SRM-USDT
2021-03-14 04:00:00,1615665600000,6.0220000000,6.1020000000,6.0030000000,6.0760000000,112008.8444000000,678755.2019255999,678755.2019255999,1,SRM-USDT
2021-03-14 05:00:00,1615669200000,6.0730000000,6.0880000000,5.9430000000,6.0030000000,190782.1162000000,1146695.5418852000,1146695.5418852000,1,SRM-USDT
2021-03-14 06:00:00,1615672800000,6.0030000000,6.0690000000,5.9740000000,6.0460000000,81716.2506000000,492257.1586004000,492257.1586004000,1,SRM-USDT
2021-03-14 07:00:00,1615676400000,6.0480000000,6.1440000000,6.0400000000,6.0490000000,129434.4608000000,788417.5559064000,788417.5559064000,1,SRM-USDT
2021-03-14 08:00:00,1615680000000,6.0530000000,6.0580000000,5.8740000000,5.8760000000,163604.8588000000,972974.2688002000,972974.2688002000,1,SRM-USDT
2021-03-14 09:00:00,1615683600000,5.8750000000,5.8870000000,5.7560000000,5.8430000000,134272.8748000000,782736.2084732000,782736.2084732000,1,SRM-USDT
2021-03-14 10:00:00,1615687200000,5.8440000000,5.9140000000,5.8220000000,5.8590000000,68558.1528000000,402404.1800812000,402404.1800812000,1,SRM-USDT
2021-03-14 11:00:00,1615690800000,5.8580000000,5.9010000000,5.8260000000,5.8600000000,65606.7744000000,385246.8075441000,385246.8075441000,1,SRM-USDT
2021-03-14 12:00:00,1615694400000,5.8600000000,5.8660000000,5.7450000000,5.7630000000,87676.4723000000,507165.2502409000,507165.2502409000,1,SRM-USDT
2021-03-14 13:00:00,1615698000000,5.7570000000,5.8040000000,5.7070000000,5.7910000000,103786.0921000000,597631.7624503000,597631.7624503000,1,SRM-USDT
2021-03-14 14:00:00,1615701600000,5.7880000000,5.7880000000,5.7030000000,5.7640000000,82459.0188000000,473347.0727823000,473347.0727823000,1,SRM-USDT
2021-03-14 15:00:00,1615705200000,5.7650000000,6.0000000000,5.7170000000,5.8850000000,211771.7048000000,1248042.5981013000,1248042.5981013000,1,SRM-USDT
2021-03-14 16:00:00,1615708800000,5.8880000000,5.9830000000,5.8780000000,5.9500000000,181612.1702000000,1078809.8765706001,1078809.8765706001,1,SRM-USDT
2021-03-14 17:00:00,1615712400000,5.9560000000,6.2760000000,5.9540000000,6.2520000000,339972.7805000000,2085988.4207935999,2085988.4207935999,1,SRM-USDT
2021-03-14 18:00:00,1615716000000,6.2550000000,6.3530000000,6.1150000000,6.1490000000,332019.5142000000,2073761.9947303000,2073761.9947303000,1,SRM-USDT
2021-03-14 19:00:00,1615719600000,6.1400000000,6.4210000000,5.8920000000,6.3720000000,502224.9440000000,3107882.0217917999,3107882.0217917999,1,SRM-USDT
2021-03-14 20:00:00,1615723200000,6.3660000000,6.4650000000,6.2870000000,6.3470000000,274226.2390000000,1749799.4639330001,1749799.4639330001,1,SRM-USDT
2021-03-14 21:00:00,1615726800000,6.3490000000,6.3620000000,6.1310000000,6.2100000000,274585.6269000000,1711759.4990401000,1711759.4990401000,1,SRM-USDT
2021-03-14 22:00:00,1615730400000,6.2070000000,6.3560000000,6.2030000000,6.2980000000,193608.7019000000,1217027.9375731000,1217027.9375731000,1,SRM-USDT
2021-03-14 23:00:00,1615734000000,6.2950000000,6.3000000000,6.1970000000,6.2600000000,231863.4966000000,1449504.5585055000,1449504.5585055000,1,SRM-USDT
2021-03-15 00:00:00,1615737600000,6.2620000000,6.2870000000,6.1190000000,6.1650000000,214239.4167000000,1325908.5209796999,1325908.5209796999,1,SRM-USDT
2021-03-15 01:00:00,1615741200000,6.1610000000,6.3010000000,6.1610000000,6.2350000000,153944.8164000000,961308.3691319000,961308.3691319000,1,SRM-USDT
2021-03-15 02:00:00,1615744800000,6.2360000000,6.5410000000,6.2360000000,6.5190000000,244245.2524000000,1565099.1248995000,1565099.1248995000,1,SRM-USDT
2021-03-15 03:00:00,1615748400000,6.5230000000,6.6310000000,6.4690000000,6.5800000000,344795.2869000000,2259566.2370467000,2259566.2370467000,1,SRM-USDT
2021-03-15 04:00:00,1615752000000,6.5770000000,6.7190000000,6.5060000000,6.6920000000,259993.0021000000,1717740.4268191999,1717740.4268191999,1,SRM-USDT
2021-03-15 05:00:00,1615755600000,6.6860000000,6.7060000000,6.4280000000,6.4690000000,191177.3182000000,1255985.0111690999,1255985.0111690999,1,SRM-USDT
2021-03-15 06:00:00,1615759200000,6.4730000000,6.5270000000,6.4070000000,6.5220000000,118571.8071000000,766227.8811756000,766227.8811756000,1,SRM-USDT
2021-03-15 07:00:00,1615762800000,6.5200000000,6.5320000000,6.2020000000,6.2020000000,131927.6478000000,846074.5939189000,846074.5939189000,1,SRM-USDT
2021-03-15 08:00:00,1615766400000,6.2100000000,6.4120000000,6.1860000000,6.3120000000,200698.4657000000,1268848.8413358000,1268848.8413358000,1,SRM-USDT
2021-03-15 09:00:00,1615770000000,6.3170000000,6.3460000000,6.2380000000,6.3440000000,125351.1724000000,789726.6008787000,789726.6008787000,1,SRM-USDT
2021-03-15 10:00:00,1615773600000,6.3460000000,6.3890000000,6.3360000000,6.3440000000,79230.3858000000,504359.5891701000,504359.5891701000,1,SRM-USDT
2021-03-15 11:00:00,1615777200000,6.3480000000,6.3560000000,6.3040000000,6.3210000000,64004.7915000000,404726.9075301000,404726.9075301000,1,SRM-USDT
2021-03-15 12:00:00,1615780800000,6.3190000000,6.3680000000,6.1020000000,6.1370000000,168930.0644000000,1051144.5809201000,1051144.5809201000,1,SRM-USDT
2021-03-15 13:00:00,1615784400000,6.1340000000,6.1480000000,5.9350000000,5.9550000000,230527.1167000000,1395166.1107566999,1395166.1107566999,1,SRM-USDT
2021-03-15 14:00:00,1615788000000,5.9560000000,6.0440000000,5.8760000000,5.9170000000,203179.7543000000,1212077.9754063000,1212077.9754063000,1,SRM-USDT
2021-03-15 15:00:00,1615791600000,5.9160000000,5.9210000000,5.7000000000,5.8470000000,345458.4993000000,2008463.7604610000,2008463.7604610000,1,SRM-USDT
2021-03-15 16:00:00,1615795200000,5.8510000000,5.8940000000,5.7570000000,5.7860000000,189348.7697000000,1106981.9602198000,1106981.9602198000,1,SRM-USDT
2021-03-15 17:00:00,1615798800000,5.7750000000,5.8270000000,5.5370000000,5.7010000000,305206.9068000000,1727348.3624221999,1727348.3624221999,1,SRM-USDT
2021-03-15 18:00:00,1615802400000,5.6940000000,5.8240000000,5.6830000000,5.8240000000,145919.1946000000,840550.6673453000,840550.6673453000,1,SRM-USDT
2021-03-15 19:00:00,1615806000000,5.8210000000,5.8570000000,5.7340000000,5.8120000000,187515.0515000000,1086661.6279694000,1086661.6279694000,1,SRM-USDT
2021-03-15 20:00:00,1615809600000,5.8120000000,5.8320000000,5.6600000000,5.8190000000,159970.2512000000,923660.2522081000,923660.2522081000,1,SRM-USDT
2021-03-15 21:00:00,1615813200000,5.8180000000,5.8530000000,5.7940000000,5.8510000000,116200.4698000000,677622.7778761000,677622.7778761000,1,SRM-USDT
2021-03-15 22:00:00,1615816800000,5.8500000000,5.8840000000,5.7500000000,5.7650000000,147132.4102000000,860497.0658540000,860497.0658540000,1,SRM-USDT
2021-03-15 23:00:00,1615820400000,5.7650000000,5.8240000000,5.7250000000,5.7390000000,126225.9761000000,728918.6854420000,728918.6854420000,1,SRM-USDT
2021-03-16 00:00:00,1615824000000,5.7410000000,5.7900000000,5.6800000000,5.7380000000,116459.4404000000,668264.8207305000,668264.8207305000,1,SRM-USDT
2021-03-16 01:00:00,1615827600000,5.7380000000,5.7510000000,5.6670000000,5.7130000000,101868.1377000000,581226.2496245001,581226.2496245001,1,SRM-USDT
2021-03-16 02:00:00,1615831200000,5.7170000000,5.7630000000,5.7090000000,5.7370000000,63516.5563000000,364409.8516410000,364409.8516410000,1,SRM-USDT
2021-03-16 03:00:00,1615834800000,5.7380000000,5.8050000000,5.7050000000,5.7990000000,136808.2283000000,786791.8166535000,786791.8166535000,1,SRM-USDT
2021-03-16 04:00:00,1615838400000,5.7980000000,5.8030000000,5.6760000000,5.6970000000,128286.3528000000,739008.7770614000,739008.7770614000,1,SRM-USDT
2021-03-16 05:00:00,1615842000000,5.6970000000,5.7870000000,5.6930000000,5.7450000000,112837.3265000000,647299.3961335000,647299.3961335000,1,SRM-USDT
2021-03-16 06:00:00,1615845600000,5.7490000000,5.7920000000,5.6320000000,5.6690000000,125984.5538000000,717176.1238844000,717176.1238844000,1,SRM-USDT
2021-03-16 07:00:00,1615849200000,5.6640000000,5.7400000000,5.6250000000,5.6350000000,106107.0753000000,603562.8448405000,603562.8448405000,1,SRM-USDT
2021-03-16 08:00:00,1615852800000,5.6370000000,5.6590000000,5.4000000000,5.4020000000,224133.1574000000,1235913.1593203000,1235913.1593203000,1,SRM-USDT
2021-03-16 09:00:00,1615856400000,5.4000000000,5.4640000000,5.2950000000,5.4500000000,225076.5927000000,1210071.4562214999,1210071.4562214999,1,SRM-USDT
2021-03-16 10:00:00,1615860000000,5.4520000000,5.5010000000,5.3880000000,5.4320000000,139870.6938000000,760786.5227590000,760786.5227590000,1,SRM-USDT
2021-03-16 11:00:00,1615863600000,5.4350000000,5.4620000000,5.3550000000,5.3740000000,93341.9543000000,504103.3896915000,504103.3896915000,1,SRM-USDT
2021-03-16 12:00:00,1615867200000,5.3770000000,5.4560000000,5.3430000000,5.3970000000,85314.3133000000,460953.2564606000,460953.2564606000,1,SRM-USDT
2021-03-16 13:00:00,1615870800000,5.3940000000,5.4110000000,5.3050000000,5.3550000000,98051.0213000000,525262.3107265000,525262.3107265000,1,SRM-USDT
2021-03-16 14:00:00,1615874400000,5.3580000000,5.3870000000,5.1370000000,5.3550000000,241833.3578000000,1269307.6719154001,1269307.6719154001,1,SRM-USDT
2021-03-16 15:00:00,1615878000000,5.3570000000,5.4630000000,5.3520000000,5.4420000000,145737.9876000000,788237.6499507000,788237.6499507000,1,SRM-USDT
2021-03-16 16:00:00,1615881600000,5.4440000000,5.5210000000,5.4360000000,5.4660000000,109056.7550000000,597889.2556830000,597889.2556830000,1,SRM-USDT
2021-03-16 17:00:00,1615885200000,5.4630000000,5.5110000000,5.4550000000,5.4880000000,128273.3713000000,703008.2215197000,703008.2215197000,1,SRM-USDT
2021-03-16 18:00:00,1615888800000,5.4870000000,5.5460000000,5.3990000000,5.4100000000,133480.7793000000,729059.7097817000,729059.7097817000,1,SRM-USDT
2021-03-16 19:00:00,1615892400000,5.4110000000,5.4210000000,5.2510000000,5.3020000000,182064.7914000000,969396.8281468000,969396.8281468000,1,SRM-USDT
2021-03-16 20:00:00,1615896000000,5.3010000000,5.3150000000,5.2150000000,5.2750000000,143848.5802000000,757749.1919142000,757749.1919142000,1,SRM-USDT
2021-03-16 21:00:00,1615899600000,5.2740000000,5.3580000000,5.2710000000,5.2920000000,133923.3847000000,711790.5875590000,711790.5875590000,1,SRM-USDT
2021-03-16 22:00:00,1615903200000,5.2910000000,5.3870000000,5.2490000000,5.3820000000,110124.9043000000,585520.5917621000,585520.5917621000,1,SRM-USDT
2021-03-16 23:00:00,1615906800000,5.3810000000,5.4320000000,5.3500000000,5.4260000000,125842.2080000000,678909.3730913000,678909.3730913000,1,SRM-USDT
2021-03-17 00:00:00,1615910400000,5.4290000000,5.4530000000,5.3670000000,5.3780000000,128668.8710000000,695711.8528660000,695711.8528660000,1,SRM-USDT
2021-03-17 01:00:00,1615914000000,5.3750000000,5.4050000000,5.1690000000,5.2730000000,176709.8093000000,928998.4019484000,928998.4019484000,1,SRM-USDT
2021-03-17 02:00:00,1615917600000,5.2730000000,5.3200000000,5.2340000000,5.2790000000,105119.1497000000,554559.6008039000,554559.6008039000,1,SRM-USDT
2021-03-17 03:00:00,1615921200000,5.2820000000,5.3210000000,5.2610000000,5.3070000000,58887.0264000000,311492.5079941000,311492.5079941000,1,SRM-USDT
2021-03-17 04:00:00,1615924800000,5.3100000000,5.3460000000,5.2890000000,5.3220000000,80831.3461000000,430412.6649416000,430412.6649416000,1,SRM-USDT
2021-03-17 05:00:00,1615928400000,5.3200000000,5.3540000000,5.3150000000,5.3310000000,69263.0687000000,369450.4809109000,369450.4809109000,1,SRM-USDT
2021-03-17 06:00:00,1615932000000,5.3260000000,5.3640000000,5.3000000000,5.3280000000,69211.0968000000,369124.1837704000,369124.1837704000,1,SRM-USDT
2021-03-17 07:00:00,1615935600000,5.3290000000,5.3760000000,5.3210000000,5.3760000000,81986.0022000000,438497.7186490000,438497.7186490000,1,SRM-USDT
2021-03-17 08:00:00,1615939200000,5.3730000000,5.4050000000,5.2900000000,5.3060000000,128602.2713000000,687054.7449267000,687054.7449267000,1,SRM-USDT
2021-03-17 09:00:00,1615942800000,5.3070000000,5.3300000000,5.2880000000,5.3190000000,99487.0417000000,528402.7714229000,528402.7714229000,1,SRM-USDT
2021-03-17 10:00:00,1615946400000,5.3190000000,5.3230000000,5.2490000000,5.2960000000,109794.3617000000,580496.3024286000,580496.3024286000,1,SRM-USDT
2021-03-17 11:00:00,1615950000000,5.2900000000,5.3070000000,5.2480000000,5.2690000000,72774.8699000000,384332.4216713000,384332.4216713000,1,SRM-USDT
2021-03-17 12:00:00,1615953600000,5.2720000000,5.2910000000,5.2420000000,5.2510000000,78331.4856000000,412464.6567993000,412464.6567993000,1,SRM-USDT
2021-03-17 13:00:00,1615957200000,5.2500000000,5.2750000000,5.2220000000,5.2750000000,55398.2220000000,290395.2073533000,290395.2073533000,1,SRM-USDT
2021-03-17 14:00:00,1615960800000,5.2720000000,5.2910000000,5.2640000000,5.2690000000,61868.4764000000,326422.4907203000,326422.4907203000,1,SRM-USDT
2021-03-17 15:00:00,1615964400000,5.2680000000,5.2760000000,5.1790000000,5.2070000000,100621.6038000000,525292.8998929000,525292.8998929000,1,SRM-USDT
2021-03-17 16:00:00,1615968000000,5.2070000000,5.2520000000,5.1820000000,5.2130000000,97792.1072000000,509705.4107916000,509705.4107916000,1,SRM-USDT
2021-03-17 17:00:00,1615971600000,5.2090000000,5.2190000000,4.9230000000,5.0040000000,261010.0925000000,1319209.9276351000,1319209.9276351000,1,SRM-USDT
2021-03-17 18:00:00,1615975200000,4.9960000000,5.0620000000,4.9890000000,5.0560000000,123669.8497000000,623139.6581495000,623139.6581495000,1,SRM-USDT
2021-03-17 19:00:00,1615978800000,5.0550000000,5.0650000000,4.9610000000,4.9760000000,114044.7112000000,571098.1643414000,571098.1643414000,1,SRM-USDT
2021-03-17 20:00:00,1615982400000,4.9760000000,5.0280000000,4.8990000000,5.0190000000,146761.1213000000,730288.4849052000,730288.4849052000,1,SRM-USDT
2021-03-17 21:00:00,1615986000000,5.0160000000,5.0520000000,5.0080000000,5.0350000000,91707.3316000000,461404.0509271000,461404.0509271000,1,SRM-USDT
2021-03-17 22:00:00,1615989600000,5.0330000000,5.0410000000,5.0000000000,5.0030000000,140063.2596000000,702917.9685121001,702917.9685121001,1,SRM-USDT
2021-03-17 23:00:00,1615993200000,5.0050000000,5.0620000000,4.9900000000,5.0290000000,112584.2039000000,565757.5347534000,565757.5347534000,1,SRM-USDT
2021-03-18 00:00:00,1615996800000,5.0290000000,5.2100000000,5.0110000000,5.1420000000,215149.0925000000,1104609.9416622999,1104609.9416622999,1,SRM-USDT
2021-03-18 01:00:00,1616000400000,5.1430000000,5.1580000000,5.1150000000,5.1220000000,75016.0573000000,385137.8264303000,385137.8264303000,1,SRM-USDT
2021-03-18 02:00:00,1616004000000,5.1220000000,5.3470000000,5.1220000000,5.2590000000,175745.4986000000,922876.9102291000,922876.9102291000,1,SRM-USDT
2021-03-18 03:00:00,1616007600000,5.2600000000,5.2910000000,5.2550000000,5.2640000000,66138.9522000000,348823.3108875000,348823.3108875000,1,SRM-USDT
2021-03-18 04:00:00,1616011200000,5.2660000000,5.3070000000,5.2160000000,5.2160000000,90218.8981000000,475338.4896674000,475338.4896674000,1,SRM-USDT
2021-03-18 05:00:00,1616014800000,5.2140000000,5.2190000000,5.1550000000,5.2170000000,80799.2196000000,419720.9447964000,419720.9447964000,1,SRM-USDT
2021-03-18 06:00:00,1616018400000,5.2160000000,5.2490000000,5.2020000000,5.2400000000,94536.6456000000,494161.8382959000,494161.8382959000,1,SRM-USDT
2021-03-18 07:00:00,1616022000000,5.2340000000,5.2990000000,5.2340000000,5.2830000000,84322.4237000000,443494.3756237000,443494.3756237000,1,SRM-USDT
2021-03-18 08:00:00,1616025600000,5.2900000000,5.3610000000,5.2750000000,5.2860000000,126971.4557000000,674513.1971877000,674513.1971877000,1,SRM-USDT
2021-03-18 09:00:00,1616029200000,5.2900000000,5.3700000000,5.2820000000,5.3480000000,83694.1102000000,446257.6533472000,446257.6533472000,1,SRM-USDT
2021-03-18 10:00:00,1616032800000,5.3550000000,5.3800000000,5.3470000000,5.3570000000,75650.7244000000,405798.5374008000,405798.5374008000,1,SRM-USDT
2021-03-18 11:00:00,1616036400000,5.3550000000,5.3920000000,5.3060000000,5.3090000000,81583.0811000000,436874.6336549000,436874.6336549000,1,SRM-USDT
2021-03-18 12:00:00,1616040000000,5.3050000000,5.3070000000,5.2470000000,5.2490000000,97451.2459000000,514417.2982207000,514417.2982207000,1,SRM-USDT
2021-03-18 13:00:00,1616043600000,5.2520000000,5.2660000000,5.2280000000,5.2520000000,67891.0376000000,356307.5722734000,356307.5722734000,1,SRM-USDT
2021-03-18 14:00:00,1616047200000,5.2520000000,5.2780000000,5.2340000000,5.2610000000,90662.5238000000,476382.2088515000,476382.2088515000,1,SRM-USDT
2021-03-18 15:00:00,1616050800000,5.2650000000,5.2670000000,5.1400000000,5.1770000000,94378.5093000000,491721.0751679000,491721.0751679000,1,SRM-USDT
2021-03-18 16:00:00,1616054400000,5.1820000000,5.2040000000,5.1550000000,5.1700000000,116461.3312000000,603101.4512123000,603101.4512123000,1,SRM-USDT
2021-03-18 17:00:00,1616058000000,5.1670000000,5.2350000000,5.1640000000,5.2310000000,56478.4551000000,294302.4152726000,294302.4152726000,1,SRM-USDT
2021-03-18 18:00:00,1616061600000,5.2300000000,5.2580000000,5.2170000000,5.2580000000,88247.9352000000,461808.2979476000,461808.2979476000,1,SRM-USDT
2021-03-18 19:00:00,1616065200000,5.2590000000,5.2730000000,5.1890000000,5.2020000000,117579.5603000000,615852.5907105000,615852.5907105000,1,SRM-USDT
2021-03-18 20:00:00,1616068800000,5.1960000000,5.2200000000,5.1180000000,5.2010000000,121830.1340000000,630471.2513382999,630471.2513382999,1,SRM-USDT
2021-03-18 21:00:00,1616072400000,5.2030000000,5.2180000000,5.1690000000,5.1900000000,89915.6774000000,467138.3913219000,467138.3913219000,1,SRM-USDT
2021-03-18 22:00:00,1616076000000,5.1900000000,5.2160000000,5.1250000000,5.1850000000,117295.7560000000,606525.9678571000,606525.9678571000,1,SRM-USDT
2021-03-18 23:00:00,1616079600000,5.1820000000,5.3040000000,5.1710000000,5.2860000000,171733.5265000000,900520.7493812999,900520.7493812999,1,SRM-USDT
2021-03-19 00:00:00,1616083200000,5.2840000000,5.3080000000,5.2280000000,5.2290000000,119338.4509000000,627884.7713764000,627884.7713764000,1,SRM-USDT
2021-03-19 01:00:00,1616086800000,5.2290000000,5.5050000000,5.2210000000,5.4580000000,494582.9068000000,2678435.1992326002,2678435.1992326002,1,SRM-USDT
2021-03-19 02:00:00,1616090400000,5.4560000000,5.4960000000,5.3500000000,5.3710000000,289138.7835000000,1569090.9296174999,1569090.9296174999,1,SRM-USDT
2021-03-19 03:00:00,1616094000000,5.3620000000,5.3860000000,5.1640000000,5.2050000000,190174.7594000000,1005449.8516552000,1005449.8516552000,1,SRM-USDT
2021-03-19 04:00:00,1616097600000,5.2000000000,5.2640000000,5.1610000000,5.2420000000,137008.0859000000,716162.5736016000,716162.5736016000,1,SRM-USDT
2021-03-19 05:00:00,1616101200000,5.2450000000,5.3220000000,5.2430000000,5.3210000000,100832.9795000000,532806.4728809000,532806.4728809000,1,SRM-USDT
2021-03-19 06:00:00,1616104800000,5.3170000000,5.3580000000,5.2700000000,5.2790000000,103365.7953000000,548887.2447492999,548887.2447492999,1,SRM-USDT
2021-03-19 07:00:00,1616108400000,5.2790000000,5.2900000000,5.1810000000,5.1940000000,93010.6275000000,485553.1586353000,485553.1586353000,1,SRM-USDT
2021-03-19 08:00:00,1616112000000,5.2030000000,5.2060000000,5.0030000000,5.0850000000,158904.5045000000,809477.2436793000,809477.2436793000,1,SRM-USDT
2021-03-19 09:00:00,1616115600000,5.0880000000,5.1540000000,5.0680000000,5.1470000000,65195.4098000000,332985.2501508000,332985.2501508000,1,SRM-USDT
2021-03-19 10:00:00,1616119200000,5.1480000000,5.1660000000,5.1170000000,5.1520000000,66646.5247000000,342641.7978528000,342641.7978528000,1,SRM-USDT
2021-03-19 11:00:00,1616122800000,5.1540000000,5.1950000000,5.1390000000,5.1950000000,51457.0866000000,265931.4088340000,265931.4088340000,1,SRM-USDT
2021-03-19 12:00:00,1616126400000,5.1910000000,5.2450000000,5.1790000000,5.1990000000,96506.7442000000,503187.8165864000,503187.8165864000,1,SRM-USDT
2021-03-19 13:00:00,1616130000000,5.2040000000,5.2640000000,5.1870000000,5.2620000000,69402.8797000000,362529.9107059000,362529.9107059000,1,SRM-USDT
2021-03-19 14:00:00,1616133600000,5.2620000000,5.2820000000,5.2380000000,5.2800000000,66239.7499000000,348263.5681865000,348263.5681865000,1,SRM-USDT
2021-03-19 15:00:00,1616137200000,5.2810000000,5.2980000000,5.2430000000,5.2530000000,104956.3985000000,554057.3238763000,554057.3238763000,1,SRM-USDT
2021-03-19 16:00:00,1616140800000,5.2580000000,5.3150000000,5.2410000000,5.2980000000,101111.3711000000,533807.4125195000,533807.4125195000,1,SRM-USDT
2021-03-19 17:00:00,1616144400000,5.3000000000,5.4580000000,5.3000000000,5.4060000000,352593.5710000000,1907473.6705088001,1907473.6705088001,1,SRM-USDT
2021-03-19 18:00:00,1616148000000,5.4100000000,5.4370000000,5.4000000000,5.4210000000,188135.5936000000,1018615.3178412000,1018615.3178412000,1,SRM-USDT
2021-03-19 19:00:00,1616151600000,5.4310000000,5.4660000000,5.4090000000,5.4550000000,126271.9378000000,686320.9485309999,686320.9485309999,1,SRM-USDT
2021-03-19 20:00:00,1616155200000,5.4630000000,5.4660000000,5.4040000000,5.4580000000,98909.6616000000,537683.6183324000,537683.6183324000,1,SRM-USDT
2021-03-19 21:00:00,1616158800000,5.4630000000,5.4630000000,5.3190000000,5.3460000000,147981.7339000000,795341.7194073000,795341.7194073000,1,SRM-USDT
2021-03-19 22:00:00,1616162400000,5.3450000000,5.3700000000,5.3070000000,5.3670000000,150152.6384000000,802606.5085418000,802606.5085418000,1,SRM-USDT
2021-03-19 23:00:00,1616166000000,5.3690000000,5.4150000000,5.3630000000,5.3920000000,118757.1115000000,640197.3963462000,640197.3963462000,1,SRM-USDT
2021-03-20 00:00:00,1616169600000,5.3910000000,5.4080000000,5.3000000000,5.3140000000,224752.2803000000,1202449.6041714000,1202449.6041714000,1,SRM-USDT
2021-03-20 01:00:00,1616173200000,5.3130000000,5.3200000000,5.2890000000,5.3120000000,101194.8610000000,536909.4965130000,536909.4965130000,1,SRM-USDT
2021-03-20 02:00:00,1616176800000,5.3150000000,5.3270000000,5.2710000000,5.2820000000,102639.8657000000,543647.3204880001,543647.3204880001,1,SRM-USDT
2021-03-20 03:00:00,1616180400000,5.2810000000,5.3200000000,5.2700000000,5.3090000000,101826.6815000000,539603.4300237000,539603.4300237000,1,SRM-USDT
2021-03-20 04:00:00,1616184000000,5.3080000000,5.3330000000,5.2630000000,5.2890000000,111029.5646000000,588020.2666055000,588020.2666055000,1,SRM-USDT
2021-03-20 05:00:00,1616187600000,5.2850000000,5.3020000000,5.2730000000,5.2890000000,74826.4158000000,395682.3751848000,395682.3751848000,1,SRM-USDT
2021-03-20 06:00:00,1616191200000,5.2870000000,5.2960000000,5.2530000000,5.2860000000,71199.6156000000,375579.1661046000,375579.1661046000,1,SRM-USDT
2021-03-20 07:00:00,1616194800000,5.2870000000,5.2870000000,5.2430000000,5.2520000000,86040.0921000000,453091.7312193000,453091.7312193000,1,SRM-USDT
2021-03-20 08:00:00,1616198400000,5.2530000000,5.2800000000,5.2200000000,5.2780000000,60240.7054000000,316693.7108902000,316693.7108902000,1,SRM-USDT
2021-03-20 09:00:00,1616202000000,5.2750000000,5.3330000000,5.2660000000,5.3300000000,79430.4151000000,420672.7568206000,420672.7568206000,1,SRM-USDT
2021-03-20 10:00:00,1616205600000,5.3240000000,5.3450000000,5.2910000000,5.3170000000,107380.8082000000,570873.7792593000,570873.7792593000,1,SRM-USDT
2021-03-20 11:00:00,1616209200000,5.3200000000,5.3470000000,5.1710000000,5.2190000000,301459.1919000000,1571483.9817544001,1571483.9817544001,1,SRM-USDT
2021-03-20 12:00:00,1616212800000,5.2200000000,5.2300000000,5.1960000000,5.2180000000,110630.4871000000,576976.9474634000,576976.9474634000,1,SRM-USDT
2021-03-20 13:00:00,1616216400000,5.2190000000,5.2670000000,5.2130000000,5.2590000000,84400.8552000000,442078.0996319000,442078.0996319000,1,SRM-USDT
2021-03-20 14:00:00,1616220000000,5.2540000000,5.3030000000,5.2450000000,5.2840000000,128667.5536000000,679161.1839291001,679161.1839291001,1,SRM-USDT
2021-03-20 15:00:00,1616223600000,5.2830000000,5.3200000000,5.2640000000,5.3100000000,134480.3492000000,711765.4566128000,711765.4566128000,1,SRM-USDT
2021-03-20 16:00:00,1616227200000,5.3080000000,5.3430000000,5.3000000000,5.3220000000,159147.8452000000,847218.8452358000,847218.8452358000,1,SRM-USDT
2021-03-20 17:00:00,1616230800000,5.3220000000,5.3790000000,5.3210000000,5.3760000000,111231.7103000000,595186.5197693000,595186.5197693000,1,SRM-USDT
2021-03-20 18:00:00,1616234400000,5.3760000000,5.4540000000,5.3580000000,5.4300000000,193365.6356000000,1043241.1795139000,1043241.1795139000,1,SRM-USDT
2021-03-20 19:00:00,1616238000000,5.4310000000,5.5230000000,5.4120000000,5.4830000000,238869.0789000000,1307334.8841387001,1307334.8841387001,1,SRM-USDT
2021-03-20 20:00:00,1616241600000,5.4770000000,5.4770000000,5.3970000000,5.4430000000,108044.5665000000,587086.0272823001,587086.0272823001,1,SRM-USDT
2021-03-20 21:00:00,1616245200000,5.4460000000,5.4590000000,5.3590000000,5.3650000000,120063.2303000000,650708.3553764001,650708.3553764001,1,SRM-USDT
2021-03-20 22:00:00,1616248800000,5.3650000000,5.3830000000,5.3020000000,5.3320000000,126644.1612000000,676054.9979930000,676054.9979930000,1,SRM-USDT
2021-03-20 23:00:00,1616252400000,5.3340000000,5.3700000000,5.3030000000,5.3700000000,60929.9794000000,324952.4921898000,324952.4921898000,1,SRM-USDT
2021-03-21 00:00:00,1616256000000,5.3660000000,5.4050000000,5.2620000000,5.2960000000,131612.3258000000,701406.1216875000,701406.1216875000,1,SRM-USDT
2021-03-21 01:00:00,1616259600000,5.3020000000,5.3150000000,5.2440000000,5.2510000000,89030.4676000000,470236.7849919000,470236.7849919000,1,SRM-USDT
2021-03-21 02:00:00,1616263200000,5.2540000000,5.2790000000,5.2370000000,5.2480000000,71801.4823000000,377539.3803387000,377539.3803387000,1,SRM-USDT
2021-03-21 03:00:00,1616266800000,5.2550000000,5.2950000000,5.2450000000,5.2800000000,82070.7733000000,432424.0913364000,432424.0913364000,1,SRM-USDT
2021-03-21 04:00:00,1616270400000,5.2830000000,5.2870000000,5.1430000000,5.1800000000,152463.8422000000,791322.9836740000,791322.9836740000,1,SRM-USDT
2021-03-21 05:00:00,1616274000000,5.1820000000,5.2110000000,5.1720000000,5.1830000000,65976.9124000000,342550.9682193000,342550.9682193000,1,SRM-USDT
2021-03-21 06:00:00,1616277600000,5.1830000000,5.2090000000,5.1230000000,5.1610000000,72553.5205000000,375246.2140058000,375246.2140058000,1,SRM-USDT
2021-03-21 07:00:00,1616281200000,5.1610000000,5.1610000000,5.0370000000,5.0530000000,111065.3165000000,565446.1271958000,565446.1271958000,1,SRM-USDT
2021-03-21 08:00:00,1616284800000,5.0530000000,5.0900000000,4.9330000000,5.0560000000,261894.1705000000,1316110.6475525000,1316110.6475525000,1,SRM-USDT
2021-03-21 09:00:00,1616288400000,5.0580000000,5.0880000000,5.0000000000,5.0720000000,84599.7223000000,427275.8732987000,427275.8732987000,1,SRM-USDT
2021-03-21 10:00:00,1616292000000,5.0690000000,5.0710000000,4.9300000000,4.9730000000,97556.7495000000,485665.9685916000,485665.9685916000,1,SRM-USDT
2021-03-21 11:00:00,1616295600000,4.9690000000,5.0380000000,4.9630000000,5.0300000000,77681.8543000000,389114.5274690000,389114.5274690000,1,SRM-USDT
2021-03-21 12:00:00,1616299200000,5.0270000000,5.0350000000,4.9380000000,4.9510000000,69157.7671000000,344597.0172758000,344597.0172758000,1,SRM-USDT
2021-03-21 13:00:00,1616302800000,4.9490000000,5.0000000000,4.9440000000,4.9700000000,75422.1776000000,375194.0591503000,375194.0591503000,1,SRM-USDT
2021-03-21 14:00:00,1616306400000,4.9680000000,5.0320000000,4.9430000000,5.0010000000,103862.6481000000,519663.7838952000,519663.7838952000,1,SRM-USDT
2021-03-21 15:00:00,1616310000000,5.0020000000,5.0640000000,5.0000000000,5.0190000000,67313.1522000000,338853.8572831000,338853.8572831000,1,SRM-USDT
2021-03-21 16:00:00,1616313600000,5.0160000000,5.0850000000,5.0100000000,5.0840000000,99922.2235000000,505511.7330209000,505511.7330209000,1,SRM-USDT
2021-03-21 17:00:00,1616317200000,5.0830000000,5.0880000000,4.9370000000,4.9830000000,98186.0145000000,492075.3608734000,492075.3608734000,1,SRM-USDT
2021-03-21 18:00:00,1616320800000,4.9710000000,5.0150000000,4.9530000000,4.9800000000,97554.1189000000,486803.9561333000,486803.9561333000,1,SRM-USDT
2021-03-21 19:00:00,1616324400000,4.9780000000,4.9940000000,4.9140000000,4.9600000000,100401.2892000000,497765.1026238000,497765.1026238000,1,SRM-USDT
2021-03-21 20:00:00,1616328000000,4.9600000000,4.9600000000,4.8590000000,4.9040000000,128865.8613000000,631558.4940018000,631558.4940018000,1,SRM-USDT
2021-03-21 21:00:00,1616331600000,4.9010000000,5.0100000000,4.9000000000,4.9970000000,94003.2629000000,467407.3190504000,467407.3190504000,1,SRM-USDT
2021-03-21 22:00:00,1616335200000,4.9960000000,5.0320000000,4.9890000000,5.0220000000,75622.0525000000,379426.4579673000,379426.4579673000,1,SRM-USDT
2021-03-21 23:00:00,1616338800000,5.0190000000,5.0450000000,5.0010000000,5.0220000000,77726.1803000000,390462.7859439000,390462.7859439000,1,SRM-USDT
2021-03-22 00:00:00,1616342400000,5.0200000000,5.0510000000,4.9830000000,5.0030000000,71604.6589000000,358675.9080811000,358675.9080811000,1,SRM-USDT
2021-03-22 01:00:00,1616346000000,5.0030000000,5.0470000000,5.0000000000,5.0410000000,54429.3860000000,273495.3647332000,273495.3647332000,1,SRM-USDT
2021-03-22 02:00:00,1616349600000,5.0470000000,5.1020000000,5.0300000000,5.0610000000,70742.5923000000,357963.5878212000,357963.5878212000,1,SRM-USDT
2021-03-22 03:00:00,1616353200000,5.0620000000,5.0810000000,5.0260000000,5.0570000000,62859.7488000000,317668.6253736000,317668.6253736000,1,SRM-USDT
2021-03-22 04:00:00,1616356800000,5.0570000000,5.0610000000,5.0240000000,5.0370000000,67162.8990000000,338115.8831782000,338115.8831782000,1,SRM-USDT
2021-03-22 05:00:00,1616360400000,5.0410000000,5.0710000000,5.0260000000,5.0670000000,23275.7217000000,117294.9276285000,117294.9276285000,1,SRM-USDT
2021-03-22 06:00:00,1616364000000,5.0680000000,5.0710000000,5.0260000000,5.0350000000,29175.8333000000,147062.5424809000,147062.5424809000,1,SRM-USDT
2021-03-22 07:00:00,1616367600000,5.0290000000,5.0500000000,4.9980000000,5.0310000000,51772.8837000000,259755.9777118000,259755.9777118000,1,SRM-USDT
2021-03-22 08:00:00,1616371200000,5.0320000000,5.0390000000,4.9090000000,4.9100000000,88952.5997000000,442378.0793384000,442378.0793384000,1,SRM-USDT
2021-03-22 09:00:00,1616374800000,4.9120000000,4.9290000000,4.8860000000,4.9140000000,148053.8017000000,727110.7438579000,727110.7438579000,1,SRM-USDT
2021-03-22 10:00:00,1616378400000,4.9140000000,5.0760000000,4.8990000000,5.0630000000,100859.5776000000,503024.7499705000,503024.7499705000,1,SRM-USDT
2021-03-22 11:00:00,1616382000000,5.0590000000,5.1240000000,5.0560000000,5.1080000000,91318.1897000000,464748.8809484000,464748.8809484000,1,SRM-USDT
2021-03-22 12:00:00,1616385600000,5.1090000000,5.1940000000,5.1010000000,5.1820000000,150044.4634000000,772862.9072921000,772862.9072921000,1,SRM-USDT
2021-03-22 13:00:00,1616389200000,5.1780000000,5.2950000000,5.1580000000,5.2910000000,182910.4355000000,953662.0990251000,953662.0990251000,1,SRM-USDT
2021-03-22 14:00:00,1616392800000,5.2890000000,5.4460000000,5.2820000000,5.4090000000,354266.5901000000,1905562.1467180001,1905562.1467180001,1,SRM-USDT
2021-03-22 15:00:00,1616396400000,5.4080000000,5.4820000000,5.3200000000,5.4530000000,264955.4682000000,1438115.4210856000,1438115.4210856000,1,SRM-USDT
2021-03-22 16:00:00,1616400000000,5.4530000000,5.4580000000,5.2590000000,5.2830000000,233118.8150000000,1247184.3742957001,1247184.3742957001,1,SRM-USDT
2021-03-22 17:00:00,1616403600000,5.2840000000,5.4340000000,5.2500000000,5.4320000000,175027.1581000000,932487.4587358000,932487.4587358000,1,SRM-USDT
2021-03-22 18:00:00,1616407200000,5.4320000000,5.4950000000,5.4120000000,5.4780000000,180984.4641000000,988876.4278583000,988876.4278583000,1,SRM-USDT
2021-03-22 19:00:00,1616410800000,5.4700000000,5.5800000000,5.4480000000,5.5770000000,213244.6503000000,1174905.4118879000,1174905.4118879000,1,SRM-USDT
2021-03-22 20:00:00,1616414400000,5.5770000000,5.5830000000,5.3520000000,5.4000000000,216188.5831000000,1180551.5344912999,1180551.5344912999,1,SRM-USDT
2021-03-22 21:00:00,1616418000000,5.3970000000,5.4100000000,5.2690000000,5.3550000000,167909.9787000000,898449.4235871000,898449.4235871000,1,SRM-USDT
2021-03-22 22:00:00,1616421600000,5.3480000000,5.4200000000,5.3350000000,5.4060000000,144960.3560000000,780035.6014127000,780035.6014127000,1,SRM-USDT
2021-03-22 23:00:00,1616425200000,5.4020000000,5.4160000000,5.3120000000,5.3250000000,104023.3386000000,558190.7695191000,558190.7695191000,1,SRM-USDT
2021-03-23 00:00:00,1616428800000,5.3220000000,5.3550000000,5.2150000000,5.2830000000,117266.7004000000,618476.3447491000,618476.3447491000,1,SRM-USDT
2021-03-23 01:00:00,1616432400000,5.2830000000,5.2980000000,5.2460000000,5.2760000000,93247.2301000000,492176.4862289000,492176.4862289000,1,SRM-USDT
2021-03-23 02:00:00,1616436000000,5.2800000000,5.2940000000,5.1650000000,5.2130000000,115992.9937000000,607159.4186730999,607159.4186730999,1,SRM-USDT
2021-03-23 03:00:00,1616439600000,5.2110000000,5.2120000000,5.0670000000,5.0800000000,144671.8289000000,740621.0910164000,740621.0910164000,1,SRM-USDT
2021-03-23 04:00:00,1616443200000,5.0740000000,5.1400000000,4.8360000000,4.8770000000,268585.6714000000,1334675.3527684000,1334675.3527684000,1,SRM-USDT
2021-03-23 05:00:00,1616446800000,4.8800000000,4.9420000000,4.8340000000,4.8780000000,167696.6129000000,820615.7105577000,820615.7105577000,1,SRM-USDT
2021-03-23 06:00:00,1616450400000,4.8760000000,4.9070000000,4.7830000000,4.9040000000,159384.8423000000,773248.4623553000,773248.4623553000,1,SRM-USDT
2021-03-23 07:00:00,1616454000000,4.9070000000,4.9410000000,4.8350000000,4.8460000000,115773.0325000000,565964.9900371000,565964.9900371000,1,SRM-USDT
2021-03-23 08:00:00,1616457600000,4.8470000000,4.9180000000,4.7940000000,4.9080000000,148209.0409000000,722610.6810611000,722610.6810611000,1,SRM-USDT
2021-03-23 09:00:00,1616461200000,4.9050000000,5.0050000000,4.8750000000,4.9990000000,157196.1077000000,777814.4457661000,777814.4457661000,1,SRM-USDT
2021-03-23 10:00:00,1616464800000,4.9980000000,5.0040000000,4.9150000000,4.9340000000,106455.6057000000,529162.5611596000,529162.5611596000,1,SRM-USDT
2021-03-23 11:00:00,1616468400000,4.9370000000,4.9500000000,4.8700000000,4.9180000000,97504.8500000000,478596.3896244000,478596.3896244000,1,SRM-USDT
2021-03-23 12:00:00,1616472000000,4.9170000000,4.9430000000,4.8480000000,4.8990000000,104086.7989000000,509480.8638680000,509480.8638680000,1,SRM-USDT
2021-03-23 13:00:00,1616475600000,4.9000000000,4.9080000000,4.7560000000,4.8010000000,153090.9893000000,738114.4180773000,738114.4180773000,1,SRM-USDT
2021-03-23 14:00:00,1616479200000,4.8050000000,4.8050000000,4.5890000000,4.6300000000,284316.5797000000,1326467.4140955000,1326467.4140955000,1,SRM-USDT
2021-03-23 15:00:00,1616482800000,4.6380000000,4.7920000000,4.6380000000,4.7740000000,110850.6681000000,523825.4845488000,523825.4845488000,1,SRM-USDT
2021-03-23 16:00:00,1616486400000,4.7720000000,4.8220000000,4.7230000000,4.8080000000,102604.5310000000,490596.5068736000,490596.5068736000,1,SRM-USDT
2021-03-23 17:00:00,1616490000000,4.8090000000,4.8310000000,4.7730000000,4.8270000000,64686.8854000000,310572.7690231000,310572.7690231000,1,SRM-USDT
2021-03-23 18:00:00,1616493600000,4.8220000000,4.8400000000,4.7880000000,4.7940000000,70611.2077000000,340023.5189762000,340023.5189762000,1,SRM-USDT
2021-03-23 19:00:00,1616497200000,4.7970000000,4.8290000000,4.7070000000,4.7440000000,105354.8881000000,502753.2573450000,502753.2573450000,1,SRM-USDT
2021-03-23 20:00:00,1616500800000,4.7400000000,4.8680000000,4.7400000000,4.8190000000,117785.4575000000,567802.3407986000,567802.3407986000,1,SRM-USDT
2021-03-23 21:00:00,1616504400000,4.8220000000,4.8640000000,4.8080000000,4.8280000000,93397.1841000000,451966.9681387000,451966.9681387000,1,SRM-USDT
2021-03-23 22:00:00,1616508000000,4.8260000000,4.8420000000,4.7940000000,4.8280000000,96156.4363000000,463568.8469943000,463568.8469943000,1,SRM-USDT
2021-03-23 23:00:00,1616511600000,4.8380000000,4.8890000000,4.8240000000,4.8750000000,135041.0914000000,656628.1065139000,656628.1065139000,1,SRM-USDT
2021-03-24 00:00:00,1616515200000,4.8720000000,4.9120000000,4.8180000000,4.8830000000,165161.5553000000,803927.2251049000,803927.2251049000,1,SRM-USDT
2021-03-24 01:00:00,1616518800000,4.8850000000,4.9270000000,4.8600000000,4.8930000000,113281.8510000000,554032.0671225000,554032.0671225000,1,SRM-USDT
2021-03-24 02:00:00,1616522400000,4.8960000000,4.9780000000,4.8540000000,4.8620000000,101556.7411000000,500374.9550619000,500374.9550619000,1,SRM-USDT
2021-03-24 03:00:00,1616526000000,4.8590000000,4.8740000000,4.7870000000,4.8150000000,85710.9867000000,413896.9119074000,413896.9119074000,1,SRM-USDT
2021-03-24 04:00:00,1616529600000,4.8160000000,4.8190000000,4.6900000000,4.7100000000,90661.3399000000,432359.1319275000,432359.1319275000,1,SRM-USDT
2021-03-24 05:00:00,1616533200000,4.7130000000,4.7450000000,4.6400000000,4.7010000000,107802.5245000000,504883.0715031000,504883.0715031000,1,SRM-USDT
2021-03-24 06:00:00,1616536800000,4.6980000000,4.7480000000,4.6770000000,4.6840000000,86070.8108000000,405868.2214627000,405868.2214627000,1,SRM-USDT
2021-03-24 07:00:00,1616540400000,4.6840000000,4.7420000000,4.6820000000,4.6850000000,70802.9128000000,333351.0735746000,333351.0735746000,1,SRM-USDT
2021-03-24 08:00:00,1616544000000,4.6890000000,4.7360000000,4.5920000000,4.6590000000,152272.4503000000,709655.7190775000,709655.7190775000,1,SRM-USDT
2021-03-24 09:00:00,1616547600000,4.6550000000,4.7470000000,4.6400000000,4.7340000000,80815.1852000000,379826.6243771000,379826.6243771000,1,SRM-USDT
2021-03-24 10:00:00,1616551200000,4.7310000000,4.7800000000,4.7150000000,4.7650000000,58173.6014000000,276419.1400643000,276419.1400643000,1,SRM-USDT
2021-03-24 11:00:00,1616554800000,4.7640000000,4.8060000000,4.7380000000,4.7870000000,55054.0199000000,262846.3112658000,262846.3112658000,1,SRM-USDT
2021-03-24 12:00:00,1616558400000,4.7800000000,4.8230000000,4.7410000000,4.7580000000,56747.3371000000,271942.3443924000,271942.3443924000,1,SRM-USDT
2021-03-24 13:00:00,1616562000000,4.7490000000,4.7970000000,4.7360000000,4.7940000000,66643.6127000000,317867.3714991000,317867.3714991000,1,SRM-USDT
2021-03-24 14:00:00,1616565600000,4.7910000000,4.8610000000,4.7440000000,4.8530000000,119311.7538000000,573815.3813024000,573815.3813024000,1,SRM-USDT
2021-03-24 15:00:00,1616569200000,4.8550000000,4.9010000000,4.8540000000,4.8950000000,100790.0325000000,491491.5851702000,491491.5851702000,1,SRM-USDT
2021-03-24 16:00:00,1616572800000,4.8920000000,4.9860000000,4.8920000000,4.9350000000,146199.9937000000,723158.9227272000,723158.9227272000,1,SRM-USDT
2021-03-24 17:00:00,1616576400000,4.9400000000,4.9440000000,4.9070000000,4.9260000000,82119.9817000000,404678.2134114000,404678.2134114000,1,SRM-USDT
2021-03-24 18:00:00,1616580000000,4.9310000000,4.9350000000,4.8900000000,4.9040000000,59079.3101000000,290217.2147221000,290217.2147221000,1,SRM-USDT
2021-03-24 19:00:00,1616583600000,4.9030000000,4.9190000000,4.8780000000,4.9190000000,83770.9391000000,410546.4982581000,410546.4982581000,1,SRM-USDT
2021-03-24 20:00:00,1616587200000,4.9130000000,4.9820000000,4.9130000000,4.9620000000,58263.0338000000,288736.0008665000,288736.0008665000,1,SRM-USDT
2021-03-24 21:00:00,1616590800000,4.9640000000,4.9710000000,4.8750000000,4.8900000000,83073.2454000000,409161.6851513000,409161.6851513000,1,SRM-USDT
2021-03-24 22:00:00,1616594400000,4.8890000000,4.9150000000,4.8590000000,4.8640000000,103388.5526000000,504727.3312024000,504727.3312024000,1,SRM-USDT
2021-03-24 23:00:00,1616598000000,4.8630000000,4.8790000000,4.8330000000,4.8550000000,104118.1560000000,505177.6583011000,505177.6583011000,1,SRM-USDT
2021-03-25 00:00:00,1616601600000,4.8610000000,4.8700000000,4.7840000000,4.7850000000,88220.7826000000,425728.7133630000,425728.7133630000,1,SRM-USDT
2021-03-25 01:00:00,1616605200000,4.7830000000,4.8960000000,4.7820000000,4.8810000000,216825.5551000000,1054258.0969875001,1054258.0969875001,1,SRM-USDT
2021-03-25 02:00:00,1616608800000,4.8810000000,4.9250000000,4.7810000000,4.7890000000,100240.7175000000,486548.1322511000,486548.1322511000,1,SRM-USDT
2021-03-25 03:00:00,1616612400000,4.7880000000,4.8080000000,4.6330000000,4.6630000000,168509.5608000000,791467.6175273000,791467.6175273000,1,SRM-USDT
2021-03-25 04:00:00,1616616000000,4.6550000000,4.6640000000,4.5210000000,4.6000000000,254858.0252000000,1169134.8462612999,1169134.8462612999,1,SRM-USDT
2021-03-25 05:00:00,1616619600000,4.6010000000,4.6270000000,4.4800000000,4.4980000000,185508.3437000000,843464.0781803000,843464.0781803000,1,SRM-USDT
2021-03-25 06:00:00,1616623200000,4.4980000000,4.5000000000,4.1330000000,4.2550000000,378833.1492000000,1625949.0903642001,1625949.0903642001,1,SRM-USDT
2021-03-25 07:00:00,1616626800000,4.2540000000,4.3070000000,4.2030000000,4.2350000000,158442.0674000000,673534.4579127000,673534.4579127000,1,SRM-USDT
2021-03-25 08:00:00,1616630400000,4.2340000000,4.3010000000,4.1670000000,4.2090000000,240669.6421000000,1016767.6682878000,1016767.6682878000,1,SRM-USDT
2021-03-25 09:00:00,1616634000000,4.2060000000,4.2230000000,3.9930000000,3.9980000000,260881.8594000000,1066173.1109654999,1066173.1109654999,1,SRM-USDT
2021-03-25 10:00:00,1616637600000,3.9950000000,4.1720000000,3.9760000000,4.1180000000,160528.0682000000,656769.8051313000,656769.8051313000,1,SRM-USDT
2021-03-25 11:00:00,1616641200000,4.1190000000,4.1560000000,4.0540000000,4.1320000000,102273.7862000000,419711.3166825000,419711.3166825000,1,SRM-USDT
2021-03-25 12:00:00,1616644800000,4.1320000000,4.1710000000,4.0770000000,4.1560000000,83661.5993000000,346145.1849810000,346145.1849810000,1,SRM-USDT
2021-03-25 13:00:00,1616648400000,4.1580000000,4.2340000000,4.1520000000,4.2200000000,69178.7275000000,291093.6120699000,291093.6120699000,1,SRM-USDT
2021-03-25 14:00:00,1616652000000,4.2200000000,4.2620000000,4.2020000000,4.2430000000,79510.1706000000,336865.7173288000,336865.7173288000,1,SRM-USDT
2021-03-25 15:00:00,1616655600000,4.2450000000,4.2590000000,4.1080000000,4.1120000000,84369.4270000000,353205.5417673000,353205.5417673000,1,SRM-USDT
2021-03-25 16:00:00,1616659200000,4.1160000000,4.1990000000,4.0980000000,4.1750000000,72167.7740000000,299738.2876492000,299738.2876492000,1,SRM-USDT
2021-03-25 17:00:00,1616662800000,4.1750000000,4.2020000000,4.1470000000,4.1940000000,55130.0500000000,230570.1844564000,230570.1844564000,1,SRM-USDT
2021-03-25 18:00:00,1616666400000,4.1950000000,4.2570000000,4.1450000000,4.2560000000,82211.8549000000,345468.5302548000,345468.5302548000,1,SRM-USDT
2021-03-25 19:00:00,1616670000000,4.2550000000,4.2690000000,4.1300000000,4.1360000000,90816.9065000000,382353.1616102000,382353.1616102000,1,SRM-USDT
2021-03-25 20:00:00,1616673600000,4.1400000000,4.1700000000,3.8780000000,3.9620000000,556309.6581999999,2201370.2234735000,2201370.2234735000,1,SRM-USDT
2021-03-25 21:00:00,1616677200000,3.9600000000,4.0560000000,3.8860000000,4.0210000000,173134.3272000000,689160.3530028000,689160.3530028000,1,SRM-USDT
2021-03-25 22:00:00,1616680800000,4.0250000000,4.0900000000,3.9870000000,4.0090000000,151082.7859000000,609768.7783964000,609768.7783964000,1,SRM-USDT
2021-03-25 23:00:00,1616684400000,4.0110000000,4.0660000000,3.9370000000,3.9830000000,140772.4148000000,562001.1372865000,562001.1372865000,1,SRM-USDT
2021-03-26 00:00:00,1616688000000,3.9830000000,4.0440000000,3.9050000000,3.9850000000,214927.9688000000,854639.5739335000,854639.5739335000,1,SRM-USDT
2021-03-26 01:00:00,1616691600000,3.9920000000,4.0740000000,3.9730000000,4.0720000000,97582.0413000000,393594.9297482000,393594.9297482000,1,SRM-USDT
2021-03-26 02:00:00,1616695200000,4.0730000000,4.1530000000,4.0610000000,4.1340000000,82293.4089000000,338595.9457892000,338595.9457892000,1,SRM-USDT
2021-03-26 03:00:00,1616698800000,4.1340000000,4.1420000000,4.0710000000,4.0840000000,64421.7434000000,264241.7062949000,264241.7062949000,1,SRM-USDT
2021-03-26 04:00:00,1616702400000,4.0830000000,4.1280000000,4.0740000000,4.0980000000,91412.6397000000,375422.4734980000,375422.4734980000,1,SRM-USDT
2021-03-26 05:00:00,1616706000000,4.1000000000,4.1270000000,4.0900000000,4.1050000000,66338.0066000000,272483.0680429000,272483.0680429000,1,SRM-USDT
2021-03-26 06:00:00,1616709600000,4.1050000000,4.1450000000,4.0160000000,4.0390000000,82291.6868000000,336125.5631890000,336125.5631890000,1,SRM-USDT
2021-03-26 07:00:00,1616713200000,4.0390000000,4.0830000000,4.0210000000,4.0450000000,57015.6395000000,231138.7273828000,231138.7273828000,1,SRM-USDT
2021-03-26 08:00:00,1616716800000,4.0450000000,4.1740000000,4.0450000000,4.1610000000,99830.6734000000,412767.2574210000,412767.2574210000,1,SRM-USDT
2021-03-26 09:00:00,1616720400000,4.1620000000,4.1980000000,4.1540000000,4.1930000000,41208.1564000000,172295.1681160000,172295.1681160000,1,SRM-USDT
2021-03-26 10:00:00,1616724000000,4.1950000000,4.1980000000,4.0870000000,4.1020000000,70477.5297000000,291431.3391060000,291431.3391060000,1,SRM-USDT
2021-03-26 11:00:00,1616727600000,4.1070000000,4.2030000000,4.1070000000,4.1910000000,77156.8136000000,321732.7325416000,321732.7325416000,1,SRM-USDT
2021-03-26 12:00:00,1616731200000,4.1910000000,4.2150000000,4.1590000000,4.2100000000,50886.1517000000,213096.2613618000,213096.2613618000,1,SRM-USDT
2021-03-26 13:00:00,1616734800000,4.2150000000,4.2990000000,4.2090000000,4.2850000000,134428.9726000000,572987.0457989000,572987.0457989000,1,SRM-USDT
2021-03-26 14:00:00,1616738400000,4.2850000000,4.3220000000,4.2580000000,4.2770000000,52139.9278000000,223406.5799439000,223406.5799439000,1,SRM-USDT
2021-03-26 15:00:00,1616742000000,4.2760000000,4.4100000000,4.2530000000,4.4020000000,146066.0754000000,633641.3345753000,633641.3345753000,1,SRM-USDT
2021-03-26 16:00:00,1616745600000,4.4030000000,4.4160000000,4.3410000000,4.3570000000,148331.2895000000,648178.5899920000,648178.5899920000,1,SRM-USDT
2021-03-26 17:00:00,1616749200000,4.3580000000,4.3850000000,4.3260000000,4.3300000000,123017.8457000000,535779.8067158000,535779.8067158000,1,SRM-USDT
2021-03-26 18:00:00,1616752800000,4.3300000000,4.3600000000,4.3170000000,4.3310000000,88512.4744000000,384050.7911136000,384050.7911136000,1,SRM-USDT
2021-03-26 19:00:00,1616756400000,4.3330000000,4.3410000000,4.2630000000,4.2960000000,91593.2055000000,393740.4366558000,393740.4366558000,1,SRM-USDT
2021-03-26 20:00:00,1616760000000,4.2960000000,4.3720000000,4.2750000000,4.3630000000,103193.2238000000,447905.5959889000,447905.5959889000,1,SRM-USDT
2021-03-26 21:00:00,1616763600000,4.3670000000,4.3810000000,4.3350000000,4.3720000000,62799.6433000000,273841.6917258000,273841.6917258000,1,SRM-USDT
2021-03-26 22:00:00,1616767200000,4.3750000000,4.4170000000,4.3660000000,4.3850000000,70324.8469000000,308882.5289257000,308882.5289257000,1,SRM-USDT
2021-03-26 23:00:00,1616770800000,4.3890000000,4.4020000000,4.3660000000,4.3740000000,55224.1778000000,241964.7045476000,241964.7045476000,1,SRM-USDT
2021-03-27 00:00:00,1616774400000,4.3790000000,4.4640000000,4.3330000000,4.4580000000,118977.5171000000,526320.7847938000,526320.7847938000,1,SRM-USDT
2021-03-27 01:00:00,1616778000000,4.4590000000,4.4750000000,4.4180000000,4.4610000000,57005.6254000000,253241.9227370000,253241.9227370000,1,SRM-USDT
2021-03-27 02:00:00,1616781600000,4.4710000000,4.4710000000,4.4110000000,4.4150000000,66718.1636000000,295560.7428302000,295560.7428302000,1,SRM-USDT
2021-03-27 03:00:00,1616785200000,4.4150000000,4.4380000000,4.3830000000,4.4310000000,55028.3981000000,242674.4750957000,242674.4750957000,1,SRM-USDT
2021-03-27 04:00:00,1616788800000,4.4350000000,4.4920000000,4.4320000000,4.4600000000,49427.8181000000,220854.2143039000,220854.2143039000,1,SRM-USDT
2021-03-27 05:00:00,1616792400000,4.4600000000,4.4860000000,4.4180000000,4.4840000000,50017.7758000000,222833.8658127000,222833.8658127000,1,SRM-USDT
2021-03-27 06:00:00,1616796000000,4.4880000000,4.5950000000,4.4750000000,4.5780000000,132852.3146000000,603745.1046236000,603745.1046236000,1,SRM-USDT
2021-03-27 07:00:00,1616799600000,4.5760000000,4.6520000000,4.5660000000,4.5920000000,145651.5496000000,669385.7869351000,669385.7869351000,1,SRM-USDT
2021-03-27 08:00:00,1616803200000,4.5900000000,4.6240000000,4.5110000000,4.5150000000,104576.1803000000,478726.3132729000,478726.3132729000,1,SRM-USDT
2021-03-27 09:00:00,1616806800000,4.5130000000,4.5510000000,4.4950000000,4.5090000000,57413.0660000000,259653.5526708000,259653.5526708000,1,SRM-USDT
2021-03-27 10:00:00,1616810400000,4.5070000000,4.5390000000,4.4850000000,4.5300000000,51751.4758000000,233938.2690637000,233938.2690637000,1,SRM-USDT
2021-03-27 11:00:00,1616814000000,4.5320000000,4.5390000000,4.4940000000,4.5140000000,50726.8053000000,229283.6134520000,229283.6134520000,1,SRM-USDT
2021-03-27 12:00:00,1616817600000,4.5150000000,4.5560000000,4.4990000000,4.5530000000,38359.8106000000,173835.1679718000,173835.1679718000,1,SRM-USDT
2021-03-27 13:00:00,1616821200000,4.5550000000,4.5770000000,4.5360000000,4.5730000000,44831.2771000000,204248.7295760000,204248.7295760000,1,SRM-USDT
2021-03-27 14:00:00,1616824800000,4.5740000000,4.5840000000,4.5460000000,4.5820000000,64633.0472000000,295030.3667126000,295030.3667126000,1,SRM-USDT
2021-03-27 15:00:00,1616828400000,4.5840000000,4.5890000000,4.4980000000,4.5150000000,73124.0679000000,331603.1193184000,331603.1193184000,1,SRM-USDT
2021-03-27 16:00:00,1616832000000,4.5150000000,4.5690000000,4.4870000000,4.5450000000,85388.9935000000,385603.9120003000,385603.9120003000,1,SRM-USDT
2021-03-27 17:00:00,1616835600000,4.5430000000,4.5500000000,4.4920000000,4.4980000000,65278.1600000000,294471.5846975000,294471.5846975000,1,SRM-USDT
2021-03-27 18:00:00,1616839200000,4.4970000000,4.5010000000,4.4530000000,4.4540000000,98955.3400000000,443655.4027908000,443655.4027908000,1,SRM-USDT
2021-03-27 19:00:00,1616842800000,4.4540000000,4.4680000000,4.3920000000,4.4140000000,96536.8593000000,426827.6406151000,426827.6406151000,1,SRM-USDT
2021-03-27 20:00:00,1616846400000,4.4080000000,4.4310000000,4.3350000000,4.3900000000,106134.6948000000,463294.9595823000,463294.9595823000,1,SRM-USDT
2021-03-27 21:00:00,1616850000000,4.3930000000,4.4500000000,4.3700000000,4.4310000000,49044.7233000000,216036.2856455000,216036.2856455000,1,SRM-USDT
2021-03-27 22:00:00,1616853600000,4.4240000000,4.4250000000,4.3820000000,4.3980000000,81489.8211000000,358592.4687751000,358592.4687751000,1,SRM-USDT
2021-03-27 23:00:00,1616857200000,4.3970000000,4.4400000000,4.3910000000,4.4360000000,60004.3219000000,265427.2229306000,265427.2229306000,1,SRM-USDT
2021-03-28 00:00:00,1616860800000,4.4370000000,4.6110000000,4.4360000000,4.5950000000,192204.2438000000,877120.7941551000,877120.7941551000,1,SRM-USDT
2021-03-28 01:00:00,1616864400000,4.5920000000,4.6310000000,4.5730000000,4.6170000000,104121.1660000000,479167.8426936000,479167.8426936000,1,SRM-USDT
2021-03-28 02:00:00,1616868000000,4.6160000000,4.6280000000,4.5830000000,4.5830000000,61512.2309000000,283289.4580990000,283289.4580990000,1,SRM-USDT
2021-03-28 03:00:00,1616871600000,4.5850000000,4.6480000000,4.5720000000,4.6250000000,54851.3469000000,253196.7544637000,253196.7544637000,1,SRM-USDT
2021-03-28 04:00:00,1616875200000,4.6310000000,4.6890000000,4.6300000000,4.6550000000,62862.9800000000,293074.5750272000,293074.5750272000,1,SRM-USDT
2021-03-28 05:00:00,1616878800000,4.6540000000,4.6840000000,4.6090000000,4.6640000000,60271.2561000000,279706.5228414000,279706.5228414000,1,SRM-USDT
2021-03-28 06:00:00,1616882400000,4.6750000000,4.6980000000,4.6160000000,4.6740000000,66120.7682000000,307623.6169599000,307623.6169599000,1,SRM-USDT
2021-03-28 07:00:00,1616886000000,4.6750000000,4.6820000000,4.6100000000,4.6400000000,89127.6097000000,414190.6002918000,414190.6002918000,1,SRM-USDT
2021-03-28 08:00:00,1616889600000,4.6390000000,4.6670000000,4.5740000000,4.6220000000,66710.8914000000,307944.3705375000,307944.3705375000,1,SRM-USDT
2021-03-28 09:00:00,1616893200000,4.6240000000,4.8730000000,4.6140000000,4.8680000000,153471.5483000000,730245.8442489000,730245.8442489000,1,SRM-USDT
2021-03-28 10:00:00,1616896800000,4.8670000000,4.8880000000,4.7900000000,4.8030000000,160210.6700000000,775321.2438751000,775321.2438751000,1,SRM-USDT
2021-03-28 11:00:00,1616900400000,4.8070000000,4.8480000000,4.7990000000,4.8080000000,58468.3155000000,281999.0326311000,281999.0326311000,1,SRM-USDT
2021-03-28 12:00:00,1616904000000,4.8080000000,4.8100000000,4.7740000000,4.7910000000,57875.7268000000,277299.5261263000,277299.5261263000,1,SRM-USDT
2021-03-28 13:00:00,1616907600000,4.7910000000,4.8160000000,4.7820000000,4.8150000000,63992.7676000000,306932.2136311000,306932.2136311000,1,SRM-USDT
2021-03-28 14:00:00,1616911200000,4.8180000000,4.8210000000,4.7500000000,4.7750000000,72601.9966000000,347667.2474024000,347667.2474024000,1,SRM-USDT
2021-03-28 15:00:00,1616914800000,4.7700000000,4.8690000000,4.7680000000,4.8640000000,52625.4787000000,254258.1384776000,254258.1384776000,1,SRM-USDT
2021-03-28 16:00:00,1616918400000,4.8650000000,4.8780000000,4.7970000000,4.8470000000,62122.7066000000,300297.0393161000,300297.0393161000,1,SRM-USDT
2021-03-28 17:00:00,1616922000000,4.8480000000,4.9250000000,4.8130000000,4.8160000000,94042.7526000000,459027.8084910000,459027.8084910000,1,SRM-USDT
2021-03-28 18:00:00,1616925600000,4.8160000000,4.8710000000,4.7580000000,4.8360000000,148640.4706000000,714619.6088692000,714619.6088692000,1,SRM-USDT
2021-03-28 19:00:00,1616929200000,4.8330000000,4.8610000000,4.7990000000,4.8490000000,88877.8116000000,429388.3559676000,429388.3559676000,1,SRM-USDT
2021-03-28 20:00:00,1616932800000,4.8450000000,4.8590000000,4.7040000000,4.7610000000,185564.9922000000,885626.1413752000,885626.1413752000,1,SRM-USDT
2021-03-28 21:00:00,1616936400000,4.7590000000,4.9550000000,4.7520000000,4.8990000000,194341.4077000000,947724.4212852000,947724.4212852000,1,SRM-USDT
2021-03-28 22:00:00,1616940000000,4.9010000000,5.1950000000,4.8860000000,5.1250000000,433594.8307000000,2201308.1036260002,2201308.1036260002,1,SRM-USDT
2021-03-28 23:00:00,1616943600000,5.1230000000,5.1620000000,5.0460000000,5.0570000000,213516.6671000000,1085608.0539412999,1085608.0539412999,1,SRM-USDT
2021-03-29 00:00:00,1616947200000,5.0590000000,5.0770000000,4.9910000000,5.0100000000,164359.1382000000,825947.3392015001,825947.3392015001,1,SRM-USDT
2021-03-29 01:00:00,1616950800000,5.0110000000,5.0380000000,4.9760000000,5.0280000000,112195.4352000000,561516.8648160000,561516.8648160000,1,SRM-USDT
2021-03-29 02:00:00,1616954400000,5.0330000000,5.0580000000,4.8310000000,4.8330000000,173950.7696000000,857101.7340346000,857101.7340346000,1,SRM-USDT
2021-03-29 03:00:00,1616958000000,4.8330000000,4.8880000000,4.7470000000,4.8750000000,155284.1906000000,748879.1069312000,748879.1069312000,1,SRM-USDT
2021-03-29 04:00:00,1616961600000,4.8670000000,4.8900000000,4.8140000000,4.8510000000,90036.8806000000,436978.6249956000,436978.6249956000,1,SRM-USDT
2021-03-29 05:00:00,1616965200000,4.8500000000,4.9440000000,4.8500000000,4.9310000000,64894.7376000000,317637.6211232000,317637.6211232000,1,SRM-USDT
2021-03-29 06:00:00,1616968800000,4.9360000000,4.9720000000,4.8910000000,4.9590000000,60188.4722000000,296422.4712814000,296422.4712814000,1,SRM-USDT
2021-03-29 07:00:00,1616972400000,4.9600000000,4.9770000000,4.8920000000,4.9180000000,69977.8912000000,345503.2884556000,345503.2884556000,1,SRM-USDT
2021-03-29 08:00:00,1616976000000,4.9180000000,4.9670000000,4.8620000000,4.8710000000,71350.0227000000,350318.9502820000,350318.9502820000,1,SRM-USDT
2021-03-29 09:00:00,1616979600000,4.8810000000,4.8950000000,4.8220000000,4.8360000000,88327.4027000000,428480.5937797000,428480.5937797000,1,SRM-USDT
2021-03-29 10:00:00,1616983200000,4.8350000000,4.8860000000,4.8260000000,4.8770000000,62744.7309000000,304954.5066356000,304954.5066356000,1,SRM-USDT
2021-03-29 11:00:00,1616986800000,4.8810000000,4.9030000000,4.8690000000,4.8850000000,46661.8862000000,227869.4461307000,227869.4461307000,1,SRM-USDT
2021-03-29 12:00:00,1616990400000,4.8930000000,4.9030000000,4.8660000000,4.8810000000,53449.2010000000,260875.7381501000,260875.7381501000,1,SRM-USDT
2021-03-29 13:00:00,1616994000000,4.8830000000,4.8940000000,4.8040000000,4.8190000000,80697.4259000000,389940.5542369000,389940.5542369000,1,SRM-USDT
2021-03-29 14:00:00,1616997600000,4.8180000000,4.8830000000,4.8180000000,4.8810000000,33807.2726000000,164046.5498551000,164046.5498551000,1,SRM-USDT
2021-03-29 15:00:00,1617001200000,4.8830000000,5.0250000000,4.8760000000,5.0130000000,76310.4763000000,379043.3109600000,379043.3109600000,1,SRM-USDT
2021-03-29 16:00:00,1617004800000,5.0160000000,5.0850000000,4.9970000000,5.0580000000,98954.4794000000,497591.2829885000,497591.2829885000,1,SRM-USDT
2021-03-29 17:00:00,1617008400000,5.0540000000,5.1100000000,5.0360000000,5.0920000000,131809.6017000000,667356.8203974999,667356.8203974999,1,SRM-USDT
2021-03-29 18:00:00,1617012000000,5.0960000000,5.1040000000,5.0320000000,5.0860000000,104789.9760000000,531211.9674318000,531211.9674318000,1,SRM-USDT
2021-03-29 19:00:00,1617015600000,5.0900000000,5.1030000000,5.0540000000,5.0880000000,71768.6111000000,364863.4833708000,364863.4833708000,1,SRM-USDT
2021-03-29 20:00:00,1617019200000,5.0980000000,5.1750000000,5.0900000000,5.1060000000,86638.9899000000,443878.3249421000,443878.3249421000,1,SRM-USDT
2021-03-29 21:00:00,1617022800000,5.1030000000,5.1550000000,5.0760000000,5.1480000000,135376.4139000000,690924.4392735000,690924.4392735000,1,SRM-USDT
2021-03-29 22:00:00,1617026400000,5.1500000000,5.1650000000,5.0930000000,5.1170000000,137018.8223000000,703380.7652482000,703380.7652482000,1,SRM-USDT
2021-03-29 23:00:00,1617030000000,5.1160000000,5.1220000000,5.0040000000,5.0490000000,136638.4232000000,691735.1961655000,691735.1961655000,1,SRM-USDT
2021-03-30 00:00:00,1617033600000,5.0510000000,5.0660000000,5.0070000000,5.0510000000,82967.5848000000,418334.1824844000,418334.1824844000,1,SRM-USDT
2021-03-30 01:00:00,1617037200000,5.0500000000,5.1410000000,5.0430000000,5.1380000000,134057.7920000000,685100.6632575000,685100.6632575000,1,SRM-USDT
2021-03-30 02:00:00,1617040800000,5.1390000000,5.1410000000,5.0810000000,5.0950000000,66249.2989000000,337950.6858560000,337950.6858560000,1,SRM-USDT
2021-03-30 03:00:00,1617044400000,5.0970000000,5.2430000000,5.0950000000,5.1500000000,153163.2137000000,794541.5006856000,794541.5006856000,1,SRM-USDT
2021-03-30 04:00:00,1617048000000,5.1500000000,5.1580000000,5.0910000000,5.1120000000,75561.5871000000,386964.0874446000,386964.0874446000,1,SRM-USDT
2021-03-30 05:00:00,1617051600000,5.1120000000,5.1450000000,5.0990000000,5.1200000000,60693.2300000000,310686.2798390000,310686.2798390000,1,SRM-USDT
2021-03-30 06:00:00,1617055200000,5.1200000000,5.1990000000,5.1100000000,5.1730000000,64799.6079000000,334277.5794146000,334277.5794146000,1,SRM-USDT
2021-03-30 07:00:00,1617058800000,5.1750000000,5.2420000000,5.1580000000,5.2170000000,71152.3230000000,369881.4042366000,369881.4042366000,1,SRM-USDT
2021-03-30 08:00:00,1617062400000,5.2190000000,5.3490000000,5.2140000000,5.3300000000,124035.0956000000,655516.7230584000,655516.7230584000,1,SRM-USDT
2021-03-30 09:00:00,1617066000000,5.3240000000,5.3260000000,5.2570000000,5.3150000000,88472.6850000000,468289.8431345000,468289.8431345000,1,SRM-USDT
2021-03-30 10:00:00,1617069600000,5.3100000000,5.3100000000,5.2340000000,5.2620000000,49433.5563000000,259871.6578383000,259871.6578383000,1,SRM-USDT
2021-03-30 11:00:00,1617073200000,5.2570000000,5.3350000000,5.2420000000,5.3210000000,67287.5554000000,355056.9526559000,355056.9526559000,1,SRM-USDT
2021-03-30 12:00:00,1617076800000,5.3130000000,5.3510000000,5.2410000000,5.3360000000,54393.8917000000,287988.3816364000,287988.3816364000,1,SRM-USDT
2021-03-30 13:00:00,1617080400000,5.3370000000,5.4580000000,5.3210000000,5.4540000000,132767.3145000000,715705.2393780000,715705.2393780000,1,SRM-USDT
2021-03-30 14:00:00,1617084000000,5.4510000000,5.4800000000,5.4110000000,5.4230000000,152152.5043000000,829028.3763491000,829028.3763491000,1,SRM-USDT
2021-03-30 15:00:00,1617087600000,5.4200000000,5.4770000000,5.3960000000,5.4750000000,110238.3054000000,598372.7495517000,598372.7495517000,1,SRM-USDT
2021-03-30 16:00:00,1617091200000,5.4770000000,5.4950000000,5.3630000000,5.3740000000,97658.4135000000,530241.6930026000,530241.6930026000,1,SRM-USDT
2021-03-30 17:00:00,1617094800000,5.3710000000,5.4460000000,5.3570000000,5.4380000000,112931.3005000000,609048.3394339000,609048.3394339000,1,SRM-USDT
2021-03-30 18:00:00,1617098400000,5.4410000000,5.6220000000,5.4250000000,5.5900000000,336340.2419000000,1868825.0682556999,1868825.0682556999,1,SRM-USDT
2021-03-30 19:00:00,1617102000000,5.5930000000,5.7510000000,5.5800000000,5.5940000000,356840.6012000000,2016996.7345298999,2016996.7345298999,1,SRM-USDT
2021-03-30 20:00:00,1617105600000,5.5940000000,5.6150000000,5.4860000000,5.5080000000,184338.1468000000,1022673.3975627000,1022673.3975627000,1,SRM-USDT
2021-03-30 21:00:00,1617109200000,5.5080000000,5.5510000000,5.4340000000,5.4470000000,176428.8914000000,968872.9221884001,968872.9221884001,1,SRM-USDT
2021-03-30 22:00:00,1617112800000,5.4450000000,5.4850000000,5.3870000000,5.4710000000,101860.0873000000,554143.9043795000,554143.9043795000,1,SRM-USDT
2021-03-30 23:00:00,1617116400000,5.4700000000,5.5890000000,5.3600000000,5.3620000000,285369.5954000000,1568542.3495346000,1568542.3495346000,1,SRM-USDT
2021-03-31 00:00:00,1617120000000,5.3760000000,5.4850000000,5.3750000000,5.4740000000,71177.7026000000,386262.2405865000,386262.2405865000,1,SRM-USDT
2021-03-31 01:00:00,1617123600000,5.4680000000,5.5010000000,5.3920000000,5.3980000000,74981.6429000000,408678.4947286000,408678.4947286000,1,SRM-USDT
2021-03-31 02:00:00,1617127200000,5.3980000000,5.4530000000,5.3960000000,5.4180000000,62072.5679000000,336560.5626955000,336560.5626955000,1,SRM-USDT
2021-03-31 03:00:00,1617130800000,5.4200000000,5.4330000000,5.3700000000,5.3810000000,61133.0949000000,330407.7320230000,330407.7320230000,1,SRM-USDT
2021-03-31 04:00:00,1617134400000,5.3840000000,5.3890000000,5.2730000000,5.3190000000,111382.1079000000,592345.3717357001,592345.3717357001,1,SRM-USDT
2021-03-31 05:00:00,1617138000000,5.3230000000,5.3660000000,5.3200000000,5.3550000000,37823.0997000000,202168.9672766000,202168.9672766000,1,SRM-USDT
2021-03-31 06:00:00,1617141600000,5.3570000000,5.3920000000,5.3360000000,5.3830000000,45592.3903000000,244354.6541718000,244354.6541718000,1,SRM-USDT
2021-03-31 07:00:00,1617145200000,5.3810000000,5.4330000000,5.3550000000,5.4040000000,35534.8300000000,191738.2017514000,191738.2017514000,1,SRM-USDT
2021-03-31 08:00:00,1617148800000,5.4030000000,5.4560000000,5.3350000000,5.3970000000,74578.8074000000,401998.3590659000,401998.3590659000,1,SRM-USDT
2021-03-31 09:00:00,1617152400000,5.3970000000,5.3990000000,5.3180000000,5.3270000000,54266.8391000000,291069.2544962000,291069.2544962000,1,SRM-USDT
2021-03-31 10:00:00,1617156000000,5.3240000000,5.3270000000,5.2840000000,5.2870000000,61582.8491000000,326693.5420131000,326693.5420131000,1,SRM-USDT
2021-03-31 11:00:00,1617159600000,5.2860000000,5.2860000000,5.1060000000,5.1850000000,222907.5039000000,1158014.0167463000,1158014.0167463000,1,SRM-USDT
2021-03-31 12:00:00,1617163200000,5.1790000000,5.2170000000,5.1480000000,5.2030000000,74666.4933000000,387475.8905114000,387475.8905114000,1,SRM-USDT
2021-03-31 13:00:00,1617166800000,5.2030000000,5.2380000000,5.1780000000,5.2380000000,51941.4739000000,270547.9575585000,270547.9575585000,1,SRM-USDT
2021-03-31 14:00:00,1617170400000,5.2360000000,5.3410000000,5.2280000000,5.3380000000,96271.1175000000,510234.2091802000,510234.2091802000,1,SRM-USDT
2021-03-31 15:00:00,1617174000000,5.3380000000,5.3690000000,5.1370000000,5.1960000000,101191.0076000000,533605.1024893000,533605.1024893000,1,SRM-USDT
2021-03-31 16:00:00,1617177600000,5.1990000000,5.2290000000,4.9680000000,5.1970000000,263080.8963000000,1350036.2967600999,1350036.2967600999,1,SRM-USDT
2021-03-31 17:00:00,1617181200000,5.1980000000,5.2160000000,5.1400000000,5.1640000000,118257.0579000000,613294.1092163000,613294.1092163000,1,SRM-USDT
2021-03-31 18:00:00,1617184800000,5.1700000000,5.1920000000,5.0080000000,5.0830000000,157219.6915000000,799903.7163651000,799903.7163651000,1,SRM-USDT
2021-03-31 19:00:00,1617188400000,5.0850000000,5.1650000000,5.0720000000,5.1500000000,125169.7624000000,639732.5405991999,639732.5405991999,1,SRM-USDT
2021-03-31 20:00:00,1617192000000,5.1480000000,5.3280000000,5.0620000000,5.2260000000,226627.1605000000,1181555.8363828000,1181555.8363828000,1,SRM-USDT
2021-03-31 21:00:00,1617195600000,5.2260000000,5.2540000000,5.1940000000,5.2270000000,84962.5829000000,443771.8329647000,443771.8329647000,1,SRM-USDT
2021-03-31 22:00:00,1617199200000,5.2300000000,5.2630000000,5.2160000000,5.2570000000,48443.4290000000,253975.9322138000,253975.9322138000,1,SRM-USDT
2021-03-31 23:00:00,1617202800000,5.2570000000,5.3200000000,5.2260000000,5.2770000000,93567.9931000000,492758.2399326000,492758.2399326000,1,SRM-USDT
2021-04-01 00:00:00,1617206400000,5.2780000000,5.2980000000,5.1300000000,5.1720000000,87375.5396000000,455009.4215668000,455009.4215668000,1,SRM-USDT
2021-04-01 01:00:00,1617210000000,5.1750000000,5.2520000000,5.1540000000,5.2280000000,87696.6312000000,455715.2261061000,455715.2261061000,1,SRM-USDT
2021-04-01 02:00:00,1617213600000,5.2310000000,5.2840000000,5.1770000000,5.2690000000,89403.4969000000,468166.2134098000,468166.2134098000,1,SRM-USDT
2021-04-01 03:00:00,1617217200000,5.2720000000,5.4330000000,5.2710000000,5.2960000000,124591.0327000000,666682.6651029000,666682.6651029000,1,SRM-USDT
2021-04-01 04:00:00,1617220800000,5.2980000000,5.3660000000,5.2770000000,5.3660000000,76036.4099000000,404092.9806003000,404092.9806003000,1,SRM-USDT
2021-04-01 05:00:00,1617224400000,5.3660000000,5.4540000000,5.3630000000,5.4280000000,81918.3659000000,443746.4293139000,443746.4293139000,1,SRM-USDT
2021-04-01 06:00:00,1617228000000,5.4300000000,5.5310000000,5.3750000000,5.4840000000,198170.4985000000,1081134.4289637001,1081134.4289637001,1,SRM-USDT
2021-04-01 07:00:00,1617231600000,5.4830000000,5.5670000000,5.4800000000,5.5080000000,115493.7961000000,636975.1002152000,636975.1002152000,1,SRM-USDT
2021-04-01 08:00:00,1617235200000,5.5080000000,5.5680000000,5.4770000000,5.4920000000,90169.1281000000,496338.9523729000,496338.9523729000,1,SRM-USDT
2021-04-01 09:00:00,1617238800000,5.4870000000,5.5050000000,5.3900000000,5.4140000000,120615.3794000000,656048.6395656000,656048.6395656000,1,SRM-USDT
2021-04-01 10:00:00,1617242400000,5.4120000000,5.4300000000,5.3510000000,5.3610000000,73507.8543000000,395690.2432491000,395690.2432491000,1,SRM-USDT
2021-04-01 11:00:00,1617246000000,5.3620000000,5.3670000000,5.2910000000,5.3090000000,117698.8946000000,626320.1768680000,626320.1768680000,1,SRM-USDT
2021-04-01 12:00:00,1617249600000,5.3070000000,5.3140000000,5.2350000000,5.2920000000,87729.2357000000,463643.1868569000,463643.1868569000,1,SRM-USDT
2021-04-01 13:00:00,1617253200000,5.2910000000,5.3290000000,5.2720000000,5.3000000000,76922.7719000000,407999.6396049000,407999.6396049000,1,SRM-USDT
2021-04-01 14:00:00,1617256800000,5.3010000000,5.3720000000,5.3010000000,5.3450000000,67243.9947000000,359550.6402558000,359550.6402558000,1,SRM-USDT
2021-04-01 15:00:00,1617260400000,5.3400000000,5.4100000000,5.3000000000,5.3930000000,90509.4249000000,485574.1691093000,485574.1691093000,1,SRM-USDT
2021-04-01 16:00:00,1617264000000,5.3940000000,5.4680000000,5.3380000000,5.4190000000,91265.4734000000,495089.7104480000,495089.7104480000,1,SRM-USDT
2021-04-01 17:00:00,1617267600000,5.4200000000,5.4450000000,5.3760000000,5.4040000000,78422.1302000000,424392.9556020000,424392.9556020000,1,SRM-USDT
2021-04-01 18:00:00,1617271200000,5.4000000000,5.4350000000,5.3190000000,5.3210000000,96676.7799000000,520040.3216355000,520040.3216355000,1,SRM-USDT
2021-04-01 19:00:00,1617274800000,5.3200000000,5.3220000000,5.2070000000,5.2670000000,117067.1129000000,615137.9545075000,615137.9545075000,1,SRM-USDT
2021-04-01 20:00:00,1617278400000,5.2620000000,5.3010000000,5.2470000000,5.2800000000,84442.0200000000,446283.6110420000,446283.6110420000,1,SRM-USDT
2021-04-01 21:00:00,1617282000000,5.2780000000,5.3260000000,5.2780000000,5.3090000000,86050.6277000000,456450.7947187000,456450.7947187000,1,SRM-USDT
2021-04-01 22:00:00,1617285600000,5.3080000000,5.4410000000,5.3040000000,5.3750000000,122266.0723000000,658322.1849374000,658322.1849374000,1,SRM-USDT
2021-04-01 23:00:00,1617289200000,5.3710000000,5.4340000000,5.3670000000,5.3930000000,96023.4378000000,518505.4503346000,518505.4503346000,1,SRM-USDT
2021-04-02 00:00:00,1617292800000,5.3950000000,5.4620000000,5.3540000000,5.3850000000,126633.9248000000,683251.5966293000,683251.5966293000,1,SRM-USDT
2021-04-02 01:00:00,1617296400000,5.3850000000,5.3990000000,5.1760000000,5.2290000000,123410.2266000000,654954.3940445000,654954.3940445000,1,SRM-USDT
2021-04-02 02:00:00,1617300000000,5.2270000000,5.2950000000,5.1200000000,5.2720000000,120533.1930000000,629435.5527869000,629435.5527869000,1,SRM-USDT
2021-04-02 03:00:00,1617303600000,5.2770000000,5.3100000000,5.2620000000,5.2920000000,71942.0126000000,380164.8393472000,380164.8393472000,1,SRM-USDT
2021-04-02 04:00:00,1617307200000,5.2940000000,5.3200000000,5.2780000000,5.3030000000,65236.8236000000,345888.2047477000,345888.2047477000,1,SRM-USDT
2021-04-02 05:00:00,1617310800000,5.3030000000,5.3060000000,5.2300000000,5.2610000000,59172.0125000000,311581.7179787000,311581.7179787000,1,SRM-USDT
2021-04-02 06:00:00,1617314400000,5.2580000000,5.2850000000,5.2360000000,5.2780000000,43339.0835000000,228040.2202015000,228040.2202015000,1,SRM-USDT
2021-04-02 07:00:00,1617318000000,5.2800000000,5.2950000000,5.2580000000,5.2620000000,69264.4033000000,365722.7426521000,365722.7426521000,1,SRM-USDT
2021-04-02 08:00:00,1617321600000,5.2650000000,5.3040000000,5.2240000000,5.2370000000,93235.5439000000,490465.5205149000,490465.5205149000,1,SRM-USDT
2021-04-02 09:00:00,1617325200000,5.2380000000,5.2600000000,5.1860000000,5.2270000000,132341.2644000000,689390.3222124000,689390.3222124000,1,SRM-USDT
2021-04-02 10:00:00,1617328800000,5.2260000000,5.2540000000,5.2060000000,5.2290000000,72850.0485000000,381348.0903814000,381348.0903814000,1,SRM-USDT
2021-04-02 11:00:00,1617332400000,5.2300000000,5.3440000000,5.2300000000,5.3360000000,87998.2772000000,465420.6034337000,465420.6034337000,1,SRM-USDT
2021-04-02 12:00:00,1617336000000,5.3360000000,5.4000000000,5.3090000000,5.3950000000,81035.7645000000,433273.0273986000,433273.0273986000,1,SRM-USDT
2021-04-02 13:00:00,1617339600000,5.3950000000,5.5740000000,5.3930000000,5.5350000000,274610.2096000000,1509114.4311555999,1509114.4311555999,1,SRM-USDT
2021-04-02 14:00:00,1617343200000,5.5370000000,5.5600000000,5.4330000000,5.4570000000,163536.2187000000,898188.8340039999,898188.8340039999,1,SRM-USDT
2021-04-02 15:00:00,1617346800000,5.4620000000,5.5400000000,5.4600000000,5.4630000000,131405.1171000000,722678.6629109000,722678.6629109000,1,SRM-USDT
2021-04-02 16:00:00,1617350400000,5.4600000000,5.5360000000,5.4440000000,5.5330000000,92990.0863000000,510168.4183856000,510168.4183856000,1,SRM-USDT
2021-04-02 17:00:00,1617354000000,5.5340000000,5.6000000000,5.5300000000,5.5990000000,136048.9800000000,756182.8498951000,756182.8498951000,1,SRM-USDT
2021-04-02 18:00:00,1617357600000,5.6000000000,5.6800000000,5.5640000000,5.6540000000,193563.9084000000,1090718.1924876999,1090718.1924876999,1,SRM-USDT
2021-04-02 19:00:00,1617361200000,5.6540000000,5.7480000000,5.6320000000,5.7140000000,207934.5098000000,1183874.1484457001,1183874.1484457001,1,SRM-USDT
2021-04-02 20:00:00,1617364800000,5.7160000000,5.8480000000,5.7160000000,5.7440000000,344158.5627000000,1985238.0090335000,1985238.0090335000,1,SRM-USDT
2021-04-02 21:00:00,1617368400000,5.7400000000,5.7500000000,5.5820000000,5.6680000000,238710.6558000000,1349100.0691931001,1349100.0691931001,1,SRM-USDT
2021-04-02 22:00:00,1617372000000,5.6680000000,5.7830000000,5.6610000000,5.7830000000,128865.7412000000,736600.3517781000,736600.3517781000,1,SRM-USDT
2021-04-02 23:00:00,1617375600000,5.7820000000,5.8540000000,5.7390000000,5.7640000000,140930.6895000000,818602.9119269000,818602.9119269000,1,SRM-USDT
2021-04-03 00:00:00,1617379200000,5.7700000000,5.8150000000,5.7130000000,5.7530000000,135959.6310000000,784964.4775585000,784964.4775585000,1,SRM-USDT
2021-04-03 01:00:00,1617382800000,5.7570000000,5.7870000000,5.6830000000,5.7060000000,112906.9392000000,647664.9248988000,647664.9248988000,1,SRM-USDT
2021-04-03 02:00:00,1617386400000,5.7050000000,5.7620000000,5.6780000000,5.6890000000,81282.5079000000,465279.5675348000,465279.5675348000,1,SRM-USDT
2021-04-03 03:00:00,1617390000000,5.6910000000,5.6970000000,5.6040000000,5.6830000000,120640.7155000000,682351.3824931000,682351.3824931000,1,SRM-USDT
2021-04-03 04:00:00,1617393600000,5.6840000000,5.7730000000,5.6770000000,5.7720000000,71030.8214000000,406296.6872770000,406296.6872770000,1,SRM-USDT
2021-04-03 05:00:00,1617397200000,5.7710000000,5.7800000000,5.6900000000,5.7670000000,68953.7464000000,395824.4634311000,395824.4634311000,1,SRM-USDT
2021-04-03 06:00:00,1617400800000,5.7680000000,5.8210000000,5.7680000000,5.8150000000,75520.5573000000,437951.0953196000,437951.0953196000,1,SRM-USDT
2021-04-03 07:00:00,1617404400000,5.8200000000,5.9630000000,5.8180000000,5.9310000000,165852.3331000000,979743.6808569001,979743.6808569001,1,SRM-USDT
2021-04-03 08:00:00,1617408000000,5.9290000000,5.9870000000,5.7880000000,5.8570000000,135834.2233000000,796361.4944425001,796361.4944425001,1,SRM-USDT
2021-04-03 09:00:00,1617411600000,5.8550000000,5.8620000000,5.6730000000,5.7180000000,140573.2624000000,811366.4803622999,811366.4803622999,1,SRM-USDT
2021-04-03 10:00:00,1617415200000,5.7210000000,5.7210000000,5.6680000000,5.7160000000,78508.3285000000,446601.8395125000,446601.8395125000,1,SRM-USDT
2021-04-03 11:00:00,1617418800000,5.7120000000,5.7150000000,5.6180000000,5.6230000000,91149.3761000000,515605.5054033000,515605.5054033000,1,SRM-USDT
2021-04-03 12:00:00,1617422400000,5.6210000000,5.6360000000,5.5710000000,5.6320000000,90804.3278000000,507995.9558285000,507995.9558285000,1,SRM-USDT
2021-04-03 13:00:00,1617426000000,5.6310000000,5.7240000000,5.6310000000,5.7240000000,94617.8906000000,536384.3575108000,536384.3575108000,1,SRM-USDT
2021-04-03 14:00:00,1617429600000,5.7260000000,5.7910000000,5.7060000000,5.7830000000,93890.0376000000,538830.6033074000,538830.6033074000,1,SRM-USDT
2021-04-03 15:00:00,1617433200000,5.7880000000,5.7930000000,5.6920000000,5.7070000000,88354.7625000000,506335.7539406000,506335.7539406000,1,SRM-USDT
2021-04-03 16:00:00,1617436800000,5.7020000000,5.7510000000,5.5910000000,5.6400000000,89363.1918000000,508189.5987606000,508189.5987606000,1,SRM-USDT
2021-04-03 17:00:00,1617440400000,5.6360000000,6.0540000000,5.6170000000,6.0150000000,829606.6734000000,4900416.8364647003,4900416.8364647003,1,SRM-USDT
2021-04-03 18:00:00,1617444000000,6.0160000000,6.1190000000,5.9840000000,6.0230000000,587157.1555000000,3551909.4918026999,3551909.4918026999,1,SRM-USDT
2021-04-03 19:00:00,1617447600000,6.0190000000,6.1850000000,6.0190000000,6.1760000000,303357.3100000000,1859563.1515651001,1859563.1515651001,1,SRM-USDT
2021-04-03 20:00:00,1617451200000,6.1780000000,6.1880000000,6.0360000000,6.0750000000,217651.7810000000,1327109.5253691999,1327109.5253691999,1,SRM-USDT
2021-04-03 21:00:00,1617454800000,6.0790000000,6.4140000000,6.0750000000,6.2750000000,773948.2818999999,4881372.5245450996,4881372.5245450996,1,SRM-USDT
2021-04-03 22:00:00,1617458400000,6.2770000000,6.3890000000,6.1310000000,6.1310000000,259290.4512000000,1623074.1159510999,1623074.1159510999,1,SRM-USDT
2021-04-03 23:00:00,1617462000000,6.1340000000,6.1600000000,5.9050000000,5.9060000000,299116.6273000000,1813521.2915652001,1813521.2915652001,1,SRM-USDT
2021-04-04 00:00:00,1617465600000,5.9080000000,6.0780000000,5.8340000000,5.9230000000,217037.3601000000,1298009.9987995001,1298009.9987995001,1,SRM-USDT
2021-04-04 01:00:00,1617469200000,5.9340000000,5.9340000000,5.7500000000,5.7630000000,231512.0731000000,1347274.2910320000,1347274.2910320000,1,SRM-USDT
2021-04-04 02:00:00,1617472800000,5.7560000000,6.1210000000,5.5600000000,6.1140000000,554573.7349000000,3271164.3093678001,3271164.3093678001,1,SRM-USDT
2021-04-04 03:00:00,1617476400000,6.1150000000,6.2340000000,6.0480000000,6.1420000000,488930.1736000000,3005387.6808964000,3005387.6808964000,1,SRM-USDT
2021-04-04 04:00:00,1617480000000,6.1410000000,6.1410000000,5.8480000000,5.9160000000,318148.3156000000,1904338.5820237999,1904338.5820237999,1,SRM-USDT
2021-04-04 05:00:00,1617483600000,5.9090000000,6.0030000000,5.7740000000,5.7990000000,351322.9474000000,2074557.3739614999,2074557.3739614999,1,SRM-USDT
2021-04-04 06:00:00,1617487200000,5.8040000000,5.8120000000,5.6790000000,5.7630000000,256359.4234000000,1472641.9086949001,1472641.9086949001,1,SRM-USDT
2021-04-04 07:00:00,1617490800000,5.7620000000,5.8200000000,5.6710000000,5.6890000000,168063.9129000000,965220.3448402000,965220.3448402000,1,SRM-USDT
2021-04-04 08:00:00,1617494400000,5.6870000000,5.8870000000,5.5660000000,5.8160000000,198471.0272000000,1142988.6499574999,1142988.6499574999,1,SRM-USDT
2021-04-04 09:00:00,1617498000000,5.8110000000,5.9070000000,5.7350000000,5.8830000000,151370.6180000000,880149.9102387000,880149.9102387000,1,SRM-USDT
2021-04-04 10:00:00,1617501600000,5.8820000000,6.0130000000,5.8820000000,6.0070000000,118005.9265000000,702754.6714183000,702754.6714183000,1,SRM-USDT
2021-04-04 11:00:00,1617505200000,6.0040000000,6.0450000000,5.9110000000,5.9900000000,106389.5819000000,634197.6462546000,634197.6462546000,1,SRM-USDT
2021-04-04 12:00:00,1617508800000,5.9870000000,6.1230000000,5.9510000000,6.0640000000,127952.0160000000,774260.8864631000,774260.8864631000,1,SRM-USDT
2021-04-04 13:00:00,1617512400000,6.0650000000,6.2190000000,6.0010000000,6.0610000000,285704.2406000000,1744903.0230610000,1744903.0230610000,1,SRM-USDT
2021-04-04 14:00:00,1617516000000,6.0480000000,6.3500000000,5.9680000000,6.2900000000,306265.1214000000,1890476.7108289001,1890476.7108289001,1,SRM-USDT
2021-04-04 15:00:00,1617519600000,6.2930000000,6.3970000000,6.1960000000,6.3070000000,309913.5054000000,1955504.7671012001,1955504.7671012001,1,SRM-USDT
2021-04-04 16:00:00,1617523200000,6.3070000000,6.3440000000,6.2310000000,6.3110000000,161439.8037000000,1013784.2773629000,1013784.2773629000,1,SRM-USDT
2021-04-04 17:00:00,1617526800000,6.3050000000,6.5000000000,6.3050000000,6.4030000000,557264.8207000000,3591865.4589300002,3591865.4589300002,1,SRM-USDT
2021-04-04 18:00:00,1617530400000,6.4030000000,6.4910000000,6.3320000000,6.4410000000,172335.9174000000,1103820.0960603000,1103820.0960603000,1,SRM-USDT
2021-04-04 19:00:00,1617534000000,6.4430000000,6.4450000000,6.2430000000,6.2610000000,170337.1120000000,1082438.5692550000,1082438.5692550000,1,SRM-USDT
2021-04-04 20:00:00,1617537600000,6.2660000000,6.3640000000,6.1780000000,6.3390000000,192072.8953000000,1207573.4006850000,1207573.4006850000,1,SRM-USDT
2021-04-04 21:00:00,1617541200000,6.3400000000,6.5450000000,6.3290000000,6.5010000000,237602.8848000000,1536969.8840492000,1536969.8840492000,1,SRM-USDT
2021-04-04 22:00:00,1617544800000,6.5020000000,6.5520000000,6.3700000000,6.4190000000,227184.2435000000,1464198.7104936000,1464198.7104936000,1,SRM-USDT
2021-04-04 23:00:00,1617548400000,6.4150000000,6.4970000000,6.4090000000,6.4160000000,167991.1211000000,1083182.2491850001,1083182.2491850001,1,SRM-USDT
2021-04-05 00:00:00,1617552000000,6.4160000000,6.4740000000,6.3590000000,6.4720000000,184237.4182000000,1183383.3670367999,1183383.3670367999,1,SRM-USDT
2021-04-05 01:00:00,1617555600000,6.4700000000,6.5120000000,6.4220000000,6.4430000000,128050.8268000000,828821.7612734000,828821.7612734000,1,SRM-USDT
2021-04-05 02:00:00,1617559200000,6.4450000000,6.5950000000,6.4450000000,6.5270000000,223159.1509000000,1454688.7947968999,1454688.7947968999,1,SRM-USDT
2021-04-05 03:00:00,1617562800000,6.5240000000,6.5650000000,6.3850000000,6.5560000000,174289.9507000000,1127579.2711374001,1127579.2711374001,1,SRM-USDT
2021-04-05 04:00:00,1617566400000,6.5580000000,6.7230000000,6.5580000000,6.6360000000,415528.7981000000,2762079.6956508998,2762079.6956508998,1,SRM-USDT
2021-04-05 05:00:00,1617570000000,6.6350000000,6.6370000000,6.5270000000,6.6280000000,110475.6319000000,727934.3539527000,727934.3539527000,1,SRM-USDT
2021-04-05 06:00:00,1617573600000,6.6230000000,6.6290000000,6.5510000000,6.5540000000,99729.6459000000,658136.7651358000,658136.7651358000,1,SRM-USDT
2021-04-05 07:00:00,1617577200000,6.5530000000,6.6570000000,6.5390000000,6.5400000000,117543.0330000000,774085.5847479000,774085.5847479000,1,SRM-USDT
2021-04-05 08:00:00,1617580800000,6.5350000000,6.5840000000,6.3680000000,6.3700000000,203583.9121000000,1320099.6834350999,1320099.6834350999,1,SRM-USDT
2021-04-05 09:00:00,1617584400000,6.3720000000,6.4620000000,6.3100000000,6.4370000000,149173.2394000000,952042.4799648999,952042.4799648999,1,SRM-USDT
2021-04-05 10:00:00,1617588000000,6.4370000000,6.4380000000,6.3290000000,6.3310000000,151857.9453000000,969779.7554100000,969779.7554100000,1,SRM-USDT
2021-04-05 11:00:00,1617591600000,6.3310000000,6.4160000000,6.3040000000,6.3290000000,120369.5667000000,764990.9781099000,764990.9781099000,1,SRM-USDT
2021-04-05 12:00:00,1617595200000,6.3270000000,6.3760000000,6.2350000000,6.2370000000,181916.3268000000,1145562.9041956000,1145562.9041956000,1,SRM-USDT
2021-04-05 13:00:00,1617598800000,6.2340000000,6.2540000000,6.0660000000,6.0880000000,233701.9139000000,1445098.6597933001,1445098.6597933001,1,SRM-USDT
2021-04-05 14:00:00,1617602400000,6.0830000000,6.2340000000,6.0460000000,6.1580000000,258147.3155000000,1583375.2747442001,1583375.2747442001,1,SRM-USDT
2021-04-05 15:00:00,1617606000000,6.1550000000,6.2770000000,6.0470000000,6.2310000000,346723.4334000000,2129187.1522746002,2129187.1522746002,1,SRM-USDT
2021-04-05 16:00:00,1617609600000,6.2340000000,6.3020000000,6.0960000000,6.1820000000,192926.8721000000,1193279.6822225000,1193279.6822225000,1,SRM-USDT
2021-04-05 17:00:00,1617613200000,6.1820000000,6.3320000000,6.1280000000,6.3240000000,114416.3761000000,711099.3080350000,711099.3080350000,1,SRM-USDT
2021-04-05 18:00:00,1617616800000,6.3220000000,6.4150000000,6.2870000000,6.4050000000,156833.4759000000,995862.9411500000,995862.9411500000,1,SRM-USDT
2021-04-05 19:00:00,1617620400000,6.4100000000,6.5170000000,6.4080000000,6.4590000000,185831.3514000000,1200481.8753118999,1200481.8753118999,1,SRM-USDT
2021-04-05 20:00:00,1617624000000,6.4560000000,6.5000000000,6.3780000000,6.3790000000,114137.6148000000,733190.2731625000,733190.2731625000,1,SRM-USDT
2021-04-05 21:00:00,1617627600000,6.3790000000,6.4490000000,6.3410000000,6.4160000000,123298.1986000000,788467.8617399000,788467.8617399000,1,SRM-USDT
2021-04-05 22:00:00,1617631200000,6.4140000000,6.6090000000,6.4120000000,6.5950000000,146125.9081000000,950340.4484583000,950340.4484583000,1,SRM-USDT
2021-04-05 23:00:00,1617634800000,6.5940000000,6.6040000000,6.4150000000,6.4270000000,173056.4444000000,1121107.2142411999,1121107.2142411999,1,SRM-USDT
2021-04-06 00:00:00,1617638400000,6.4360000000,6.4670000000,6.3610000000,6.4150000000,133047.5589000000,853955.4409681000,853955.4409681000,1,SRM-USDT
2021-04-06 01:00:00,1617642000000,6.4190000000,6.4420000000,6.3220000000,6.3700000000,123768.3215000000,790848.8617563000,790848.8617563000,1,SRM-USDT
2021-04-06 02:00:00,1617645600000,6.3760000000,6.4000000000,6.3270000000,6.3450000000,65725.7961000000,417906.9805783000,417906.9805783000,1,SRM-USDT
2021-04-06 03:00:00,1617649200000,6.3530000000,6.3820000000,6.2830000000,6.3000000000,86421.7626000000,547689.1676911000,547689.1676911000,1,SRM-USDT
2021-04-06 04:00:00,1617652800000,6.2990000000,6.3930000000,6.2980000000,6.3760000000,71546.4887000000,454567.5913615000,454567.5913615000,1,SRM-USDT
2021-04-06 05:00:00,1617656400000,6.3760000000,6.4000000000,6.2140000000,6.2490000000,113616.6600000000,713445.5884099000,713445.5884099000,1,SRM-USDT
2021-04-06 06:00:00,1617660000000,6.2500000000,6.2840000000,6.1600000000,6.1740000000,106724.5406000000,661860.7375238000,661860.7375238000,1,SRM-USDT
2021-04-06 07:00:00,1617663600000,6.1700000000,6.1720000000,6.0730000000,6.1010000000,127390.9348000000,777920.1121588000,777920.1121588000,1,SRM-USDT
2021-04-06 08:00:00,1617667200000,6.0990000000,6.2420000000,6.0990000000,6.1930000000,167717.4003000000,1033292.0208545000,1033292.0208545000,1,SRM-USDT
2021-04-06 09:00:00,1617670800000,6.1890000000,6.1960000000,6.0160000000,6.0490000000,193791.1958000000,1179874.8669673000,1179874.8669673000,1,SRM-USDT
2021-04-06 10:00:00,1617674400000,6.0480000000,6.0520000000,5.9790000000,6.0280000000,143749.3665000000,863728.2781418000,863728.2781418000,1,SRM-USDT
2021-04-06 11:00:00,1617678000000,6.0270000000,6.0520000000,5.9790000000,5.9900000000,84834.0380000000,511498.4337787000,511498.4337787000,1,SRM-USDT
2021-04-06 12:00:00,1617681600000,5.9890000000,6.0720000000,5.9880000000,6.0650000000,62418.9274000000,376993.3336109000,376993.3336109000,1,SRM-USDT
2021-04-06 13:00:00,1617685200000,6.0650000000,6.1240000000,6.0630000000,6.1220000000,72364.6394000000,441224.6229798000,441224.6229798000,1,SRM-USDT
2021-04-06 14:00:00,1617688800000,6.1170000000,6.2030000000,6.0430000000,6.2000000000,81352.4369000000,498561.5473777000,498561.5473777000,1,SRM-USDT
2021-04-06 15:00:00,1617692400000,6.1930000000,6.1950000000,6.0220000000,6.0720000000,129399.5477000000,793479.6722342999,793479.6722342999,1,SRM-USDT
2021-04-06 16:00:00,1617696000000,6.0820000000,6.1830000000,6.0280000000,6.0300000000,200346.7654000000,1224528.1340318001,1224528.1340318001,1,SRM-USDT
2021-04-06 17:00:00,1617699600000,6.0290000000,6.1200000000,6.0110000000,6.0920000000,122070.7664000000,741703.3492257000,741703.3492257000,1,SRM-USDT
2021-04-06 18:00:00,1617703200000,6.0890000000,6.0960000000,5.7620000000,5.7920000000,234585.3668000000,1398496.8138210000,1398496.8138210000,1,SRM-USDT
2021-04-06 19:00:00,1617706800000,5.7930000000,5.9790000000,5.7930000000,5.9790000000,207780.7026000000,1223527.2637310000,1223527.2637310000,1,SRM-USDT
2021-04-06 20:00:00,1617710400000,5.9820000000,6.1180000000,5.9700000000,6.0420000000,183420.8309000000,1109675.2166633001,1109675.2166633001,1,SRM-USDT
2021-04-06 21:00:00,1617714000000,6.0440000000,6.1600000000,6.0140000000,6.0250000000,146554.7667000000,892939.0598793000,892939.0598793000,1,SRM-USDT
2021-04-06 22:00:00,1617717600000,6.0230000000,6.0240000000,5.6580000000,5.9010000000,304239.0419000000,1765148.5586971000,1765148.5586971000,1,SRM-USDT
2021-04-06 23:00:00,1617721200000,5.8990000000,5.9220000000,5.7450000000,5.8320000000,229783.0579000000,1341301.8763714000,1341301.8763714000,1,SRM-USDT
2021-04-07 00:00:00,1617724800000,5.8390000000,5.9680000000,5.8240000000,5.9550000000,120243.2271000000,709301.9324093000,709301.9324093000,1,SRM-USDT
2021-04-07 01:00:00,1617728400000,5.9540000000,6.1420000000,5.9180000000,6.1110000000,236080.8431000000,1429317.7345580000,1429317.7345580000,1,SRM-USDT
2021-04-07 02:00:00,1617732000000,6.1110000000,6.3180000000,6.0690000000,6.3070000000,790795.3907000000,4926575.6270607002,4926575.6270607002,1,SRM-USDT
2021-04-07 03:00:00,1617735600000,6.3040000000,6.3300000000,6.2480000000,6.2910000000,222318.7584000000,1399271.3691088001,1399271.3691088001,1,SRM-USDT
2021-04-07 04:00:00,1617739200000,6.2910000000,6.3030000000,6.2010000000,6.2330000000,116525.2258000000,726834.6275697000,726834.6275697000,1,SRM-USDT
2021-04-07 05:00:00,1617742800000,6.2370000000,6.2820000000,6.0330000000,6.1330000000,199039.7234000000,1217463.1695210999,1217463.1695210999,1,SRM-USDT
2021-04-07 06:00:00,1617746400000,6.1370000000,6.2710000000,6.0650000000,6.2460000000,133740.0992000000,825364.9534336000,825364.9534336000,1,SRM-USDT
2021-04-07 07:00:00,1617750000000,6.2420000000,6.3660000000,6.2000000000,6.3520000000,135389.4396000000,852525.6403591000,852525.6403591000,1,SRM-USDT
2021-04-07 08:00:00,1617753600000,6.3530000000,6.4400000000,6.1990000000,6.2510000000,344923.5692000000,2181853.1661675000,2181853.1661675000,1,SRM-USDT
2021-04-07 09:00:00,1617757200000,6.2540000000,6.3730000000,6.1580000000,6.3630000000,209806.8242000000,1310216.3091151000,1310216.3091151000,1,SRM-USDT
2021-04-07 10:00:00,1617760800000,6.3620000000,6.3950000000,6.3130000000,6.3500000000,120852.5619000000,768580.2392846000,768580.2392846000,1,SRM-USDT
2021-04-07 11:00:00,1617764400000,6.3550000000,6.4030000000,6.3120000000,6.3510000000,150284.4836000000,955856.8461427999,955856.8461427999,1,SRM-USDT
2021-04-07 12:00:00,1617768000000,6.3560000000,6.3910000000,6.1530000000,6.2510000000,183433.1286000000,1147174.8791894000,1147174.8791894000,1,SRM-USDT
2021-04-07 13:00:00,1617771600000,6.2580000000,6.4220000000,6.2110000000,6.4180000000,169222.3289000000,1069454.3489020001,1069454.3489020001,1,SRM-USDT
2021-04-07 14:00:00,1617775200000,6.4160000000,6.4480000000,6.1430000000,6.1670000000,224679.8904000000,1416084.9864389000,1416084.9864389000,1,SRM-USDT
2021-04-07 15:00:00,1617778800000,6.1650000000,6.1650000000,5.9530000000,5.9740000000,344385.8732000000,2071135.6851617000,2071135.6851617000,1,SRM-USDT
2021-04-07 16:00:00,1617782400000,5.9740000000,6.0090000000,5.8500000000,5.8800000000,299557.4372000000,1772666.7113228000,1772666.7113228000,1,SRM-USDT
2021-04-07 17:00:00,1617786000000,5.8800000000,5.9110000000,5.6850000000,5.8470000000,280633.4684000000,1627915.3297917999,1627915.3297917999,1,SRM-USDT
2021-04-07 18:00:00,1617789600000,5.8380000000,5.8790000000,5.6000000000,5.6400000000,281630.1269000000,1622823.7187415001,1622823.7187415001,1,SRM-USDT
2021-04-07 19:00:00,1617793200000,5.6380000000,5.7600000000,5.3710000000,5.6400000000,381487.2348000000,2121161.2690289998,2121161.2690289998,1,SRM-USDT
2021-04-07 20:00:00,1617796800000,5.6400000000,5.7150000000,5.4080000000,5.7020000000,333802.6752000000,1854580.7915735999,1854580.7915735999,1,SRM-USDT
2021-04-07 21:00:00,1617800400000,5.7010000000,5.8040000000,5.6640000000,5.7700000000,281763.4565000000,1620221.9546258000,1620221.9546258000,1,SRM-USDT
2021-04-07 22:00:00,1617804000000,5.7670000000,5.8670000000,5.7220000000,5.7720000000,274389.9917000000,1590874.9500736000,1590874.9500736000,1,SRM-USDT
2021-04-07 23:00:00,1617807600000,5.7750000000,6.0890000000,5.7690000000,5.8120000000,434283.6503000000,2565463.3702050000,2565463.3702050000,1,SRM-USDT
2021-04-08 00:00:00,1617811200000,5.8100000000,5.9570000000,5.7400000000,5.9040000000,384242.1002000000,2248640.0212359000,2248640.0212359000,1,SRM-USDT
2021-04-08 01:00:00,1617814800000,5.9050000000,5.9090000000,5.6250000000,5.6510000000,273536.3102000000,1567091.1495803001,1567091.1495803001,1,SRM-USDT
2021-04-08 02:00:00,1617818400000,5.6500000000,5.8310000000,5.5990000000,5.6030000000,355970.7440000000,2036964.3712297000,2036964.3712297000,1,SRM-USDT
2021-04-08 03:00:00,1617822000000,5.6000000000,5.6880000000,5.4650000000,5.6810000000,261471.7532000000,1459341.5828976000,1459341.5828976000,1,SRM-USDT
2021-04-08 04:00:00,1617825600000,5.6800000000,5.7430000000,5.5780000000,5.7310000000,195112.5893000000,1106855.7722378001,1106855.7722378001,1,SRM-USDT
2021-04-08 05:00:00,1617829200000,5.7290000000,5.7650000000,5.6860000000,5.7370000000,87408.0248000000,500952.8790256000,500952.8790256000,1,SRM-USDT
2021-04-08 06:00:00,1617832800000,5.7350000000,5.8230000000,5.6940000000,5.8210000000,84632.7484000000,488674.2572156000,488674.2572156000,1,SRM-USDT
2021-04-08 07:00:00,1617836400000,5.8210000000,5.9050000000,5.6680000000,5.6780000000,173618.0822000000,1007160.0719059000,1007160.0719059000,1,SRM-USDT
2021-04-08 08:00:00,1617840000000,5.6750000000,5.8040000000,5.6370000000,5.7730000000,249717.2445000000,1430885.7066416000,1430885.7066416000,1,SRM-USDT
2021-04-08 09:00:00,1617843600000,5.7730000000,5.8150000000,5.7140000000,5.7630000000,253408.4735000000,1466704.1988349999,1466704.1988349999,1,SRM-USDT
2021-04-08 10:00:00,1617847200000,5.7620000000,5.7890000000,5.7160000000,5.7390000000,181731.7747000000,1045411.7205837000,1045411.7205837000,1,SRM-USDT
2021-04-08 11:00:00,1617850800000,5.7410000000,5.7570000000,5.6390000000,5.6850000000,234644.7599000000,1335837.6225199001,1335837.6225199001,1,SRM-USDT
2021-04-08 12:00:00,1617854400000,5.6900000000,5.8660000000,5.6790000000,5.8400000000,202269.7391000000,1170574.9498155999,1170574.9498155999,1,SRM-USDT
2021-04-08 13:00:00,1617858000000,5.8440000000,5.8670000000,5.8050000000,5.8350000000,123658.0792000000,721896.1934721000,721896.1934721000,1,SRM-USDT
2021-04-08 14:00:00,1617861600000,5.8380000000,5.8760000000,5.8120000000,5.8400000000,205541.1080000000,1202175.0921562000,1202175.0921562000,1,SRM-USDT
2021-04-08 15:00:00,1617865200000,5.8400000000,5.9200000000,5.8260000000,5.9100000000,168566.3473000000,989788.5175990000,989788.5175990000,1,SRM-USDT
2021-04-08 16:00:00,1617868800000,5.9170000000,5.9590000000,5.7880000000,5.8260000000,219080.7384000000,1289781.8913358999,1289781.8913358999,1,SRM-USDT
2021-04-08 17:00:00,1617872400000,5.8200000000,5.8700000000,5.6940000000,5.7120000000,160518.4167000000,926641.5834719000,926641.5834719000,1,SRM-USDT
2021-04-08 18:00:00,1617876000000,5.7100000000,5.7830000000,5.6470000000,5.7740000000,206530.3457000000,1179742.7240267999,1179742.7240267999,1,SRM-USDT
2021-04-08 19:00:00,1617879600000,5.7680000000,5.8060000000,5.6920000000,5.7290000000,146559.4645000000,841849.1577643000,841849.1577643000,1,SRM-USDT
2021-04-08 20:00:00,1617883200000,5.7270000000,5.8960000000,5.7060000000,5.8860000000,138573.0999000000,808185.0828600000,808185.0828600000,1,SRM-USDT
2021-04-08 21:00:00,1617886800000,5.8850000000,5.9750000000,5.8500000000,5.9530000000,179806.0310000000,1063956.0139637999,1063956.0139637999,1,SRM-USDT
2021-04-08 22:00:00,1617890400000,5.9580000000,6.0290000000,5.9090000000,5.9300000000,156963.7437000000,935503.4158802000,935503.4158802000,1,SRM-USDT
2021-04-08 23:00:00,1617894000000,5.9290000000,5.9350000000,5.8760000000,5.9350000000,124450.7520000000,735507.6120009000,735507.6120009000,1,SRM-USDT
2021-04-09 00:00:00,1617897600000,5.9360000000,6.0650000000,5.9360000000,6.0420000000,125577.9970000000,752901.7088715000,752901.7088715000,1,SRM-USDT
2021-04-09 01:00:00,1617901200000,6.0420000000,6.0450000000,5.9450000000,6.0000000000,93635.9315000000,561843.0831377000,561843.0831377000,1,SRM-USDT
2021-04-09 02:00:00,1617904800000,6.0000000000,6.0460000000,5.9790000000,6.0180000000,87586.7076000000,527096.7625130001,527096.7625130001,1,SRM-USDT
2021-04-09 03:00:00,1617908400000,6.0150000000,6.0270000000,5.9040000000,5.9220000000,98688.1639000000,587485.3518704000,587485.3518704000,1,SRM-USDT
2021-04-09 04:00:00,1617912000000,5.9260000000,5.9540000000,5.8580000000,5.8860000000,133824.9358000000,790379.1355116999,790379.1355116999,1,SRM-USDT
2021-04-09 05:00:00,1617915600000,5.8860000000,5.9190000000,5.8370000000,5.9160000000,66461.0555000000,390883.4542501000,390883.4542501000,1,SRM-USDT
2021-04-09 06:00:00,1617919200000,5.9130000000,6.0220000000,5.9060000000,6.0220000000,88005.3525000000,523948.5280218000,523948.5280218000,1,SRM-USDT
2021-04-09 07:00:00,1617922800000,6.0190000000,6.1010000000,5.9610000000,6.0720000000,115704.9620000000,697615.2998958000,697615.2998958000,1,SRM-USDT
2021-04-09 08:00:00,1617926400000,6.0680000000,6.0910000000,5.9880000000,5.9970000000,146020.9781000000,882173.0406159000,882173.0406159000,1,SRM-USDT
2021-04-09 09:00:00,1617930000000,6.0010000000,6.0090000000,5.9230000000,5.9390000000,116872.9886000000,697955.0657077000,697955.0657077000,1,SRM-USDT
2021-04-09 10:00:00,1617933600000,5.9300000000,6.0410000000,5.9300000000,5.9860000000,103656.7940000000,620646.3671477000,620646.3671477000,1,SRM-USDT
2021-04-09 11:00:00,1617937200000,5.9880000000,6.0270000000,5.9340000000,5.9430000000,69896.4595000000,418171.5765699000,418171.5765699000,1,SRM-USDT
2021-04-09 12:00:00,1617940800000,5.9410000000,5.9810000000,5.9410000000,5.9760000000,52756.9718000000,314471.2529798000,314471.2529798000,1,SRM-USDT
2021-04-09 13:00:00,1617944400000,5.9810000000,6.0540000000,5.9610000000,5.9670000000,79807.6431000000,479899.9010715000,479899.9010715000,1,SRM-USDT
2021-04-09 14:00:00,1617948000000,5.9630000000,5.9910000000,5.9210000000,5.9220000000,73511.9366000000,438671.9318690000,438671.9318690000,1,SRM-USDT
2021-04-09 15:00:00,1617951600000,5.9250000000,5.9790000000,5.8790000000,5.9770000000,118228.9661000000,700052.2150372000,700052.2150372000,1,SRM-USDT
2021-04-09 16:00:00,1617955200000,5.9770000000,6.2760000000,5.9620000000,6.2420000000,350645.4298000000,2144652.7951219999,2144652.7951219999,1,SRM-USDT
2021-04-09 17:00:00,1617958800000,6.2430000000,6.4310000000,6.2320000000,6.4260000000,328343.6179000000,2084537.6143220000,2084537.6143220000,1,SRM-USDT
2021-04-09 18:00:00,1617962400000,6.4310000000,6.4980000000,6.3690000000,6.4560000000,260174.1755000000,1674775.9641996999,1674775.9641996999,1,SRM-USDT
2021-04-09 19:00:00,1617966000000,6.4540000000,6.7640000000,6.4470000000,6.5380000000,398697.4421000000,2631498.5520231002,2631498.5520231002,1,SRM-USDT
2021-04-09 20:00:00,1617969600000,6.5400000000,6.6920000000,6.4960000000,6.5510000000,293395.0124000000,1928831.6484502000,1928831.6484502000,1,SRM-USDT
2021-04-09 21:00:00,1617973200000,6.5530000000,6.5990000000,6.4340000000,6.4820000000,195023.6757000000,1270943.0841107999,1270943.0841107999,1,SRM-USDT
2021-04-09 22:00:00,1617976800000,6.4780000000,6.5750000000,6.3660000000,6.5230000000,202554.3073000000,1313649.1805709000,1313649.1805709000,1,SRM-USDT
2021-04-09 23:00:00,1617980400000,6.5240000000,6.8580000000,6.4930000000,6.8380000000,498319.6770000000,3339916.1568483999,3339916.1568483999,1,SRM-USDT
2021-04-10 00:00:00,1617984000000,6.8370000000,7.1770000000,6.7740000000,7.0530000000,1836624.5589000001,12820840.7237879001,12820840.7237879001,1,SRM-USDT
2021-04-10 01:00:00,1617987600000,7.0520000000,7.2330000000,6.9420000000,7.1580000000,735236.6578000000,5232004.4058157001,5232004.4058157001,1,SRM-USDT
2021-04-10 02:00:00,1617991200000,7.1640000000,7.2760000000,7.0420000000,7.1080000000,455216.6311000000,3257689.8392508999,3257689.8392508999,1,SRM-USDT
2021-04-10 03:00:00,1617994800000,7.1080000000,7.2450000000,6.9960000000,7.2420000000,285265.9201000000,2024695.4692134000,2024695.4692134000,1,SRM-USDT
2021-04-10 04:00:00,1617998400000,7.2480000000,7.3060000000,7.0280000000,7.0720000000,324931.3587000000,2325177.7260635998,2325177.7260635998,1,SRM-USDT
2021-04-10 05:00:00,1618002000000,7.0700000000,7.1910000000,7.0120000000,7.0220000000,228048.0044000000,1609137.4076141000,1609137.4076141000,1,SRM-USDT
2021-04-10 06:00:00,1618005600000,7.0210000000,7.0230000000,6.8680000000,6.8720000000,204119.4334000000,1414637.6778086999,1414637.6778086999,1,SRM-USDT
2021-04-10 07:00:00,1618009200000,6.8660000000,7.0270000000,6.7910000000,7.0270000000,211378.0173000000,1456952.9966655001,1456952.9966655001,1,SRM-USDT
2021-04-10 08:00:00,1618012800000,7.0230000000,7.3490000000,7.0230000000,7.0940000000,572939.2752000000,4108447.1307422998,4108447.1307422998,1,SRM-USDT
2021-04-10 09:00:00,1618016400000,7.0960000000,7.3960000000,7.0540000000,7.3920000000,348602.1717000000,2531737.6987215001,2531737.6987215001,1,SRM-USDT
2021-04-10 10:00:00,1618020000000,7.3860000000,7.4400000000,7.2770000000,7.4030000000,173958.5825000000,1281133.0489300999,1281133.0489300999,1,SRM-USDT
2021-04-10 11:00:00,1618023600000,7.4040000000,7.4460000000,7.2760000000,7.3230000000,151023.4902000000,1108085.1970931001,1108085.1970931001,1,SRM-USDT
2021-04-10 12:00:00,1618027200000,7.3190000000,7.4100000000,7.0820000000,7.0890000000,355845.4168000000,2567626.3889692998,2567626.3889692998,1,SRM-USDT
2021-04-10 13:00:00,1618030800000,7.1010000000,7.1790000000,7.0310000000,7.0570000000,204367.0751000000,1448869.4856801000,1448869.4856801000,1,SRM-USDT
2021-04-10 14:00:00,1618034400000,7.0610000000,7.1250000000,7.0000000000,7.0430000000,160528.3151000000,1133719.6350614000,1133719.6350614000,1,SRM-USDT
2021-04-10 15:00:00,1618038000000,7.0430000000,7.0430000000,6.8540000000,6.9810000000,273774.8851000000,1900702.2570789999,1900702.2570789999,1,SRM-USDT
2021-04-10 16:00:00,1618041600000,6.9800000000,7.0920000000,6.9140000000,6.9260000000,198145.7323000000,1389518.2872313999,1389518.2872313999,1,SRM-USDT
2021-04-10 17:00:00,1618045200000,6.9330000000,7.0370000000,6.8850000000,7.0350000000,149812.3461000000,1040411.8133529000,1040411.8133529000,1,SRM-USDT
2021-04-10 18:00:00,1618048800000,7.0350000000,7.1990000000,7.0350000000,7.1190000000,239832.0635000000,1710737.7776762999,1710737.7776762999,1,SRM-USDT
2021-04-10 19:00:00,1618052400000,7.1190000000,7.2560000000,7.0340000000,7.1490000000,288575.1544000000,2068987.2386175001,2068987.2386175001,1,SRM-USDT
2021-04-10 20:00:00,1618056000000,7.1500000000,7.1950000000,6.9350000000,6.9920000000,222260.3456000000,1571731.2248658000,1571731.2248658000,1,SRM-USDT
2021-04-10 21:00:00,1618059600000,6.9950000000,7.0180000000,6.8610000000,6.9650000000,180649.9351000000,1253663.0418147000,1253663.0418147000,1,SRM-USDT
2021-04-10 22:00:00,1618063200000,6.9650000000,7.0860000000,6.9020000000,6.9070000000,229856.1131000000,1606229.8996474000,1606229.8996474000,1,SRM-USDT
2021-04-10 23:00:00,1618066800000,6.9060000000,6.9190000000,6.7870000000,6.8450000000,172430.8011000000,1181306.2230181000,1181306.2230181000,1,SRM-USDT
2021-04-11 00:00:00,1618070400000,6.8480000000,6.9170000000,6.7540000000,6.7840000000,195082.9400000000,1330744.8382003999,1330744.8382003999,1,SRM-USDT
2021-04-11 01:00:00,1618074000000,6.7780000000,6.8450000000,6.7360000000,6.8410000000,169839.8049000000,1152998.1754782000,1152998.1754782000,1,SRM-USDT
2021-04-11 02:00:00,1618077600000,6.8350000000,6.8350000000,6.6670000000,6.8250000000,176136.3702000000,1190711.6457122001,1190711.6457122001,1,SRM-USDT
2021-04-11 03:00:00,1618081200000,6.8210000000,6.9930000000,6.7750000000,6.9840000000,104133.0186000000,714961.1038679000,714961.1038679000,1,SRM-USDT
2021-04-11 04:00:00,1618084800000,6.9770000000,6.9810000000,6.5950000000,6.6430000000,328554.2056000000,2215221.3946898002,2215221.3946898002,1,SRM-USDT
2021-04-11 05:00:00,1618088400000,6.6340000000,6.7990000000,6.6180000000,6.7960000000,141040.1659000000,948112.7310145000,948112.7310145000,1,SRM-USDT
2021-04-11 06:00:00,1618092000000,6.7940000000,6.8670000000,6.7410000000,6.7410000000,55147.4868000000,375737.7589547000,375737.7589547000,1,SRM-USDT
2021-04-11 07:00:00,1618095600000,6.7450000000,7.0560000000,6.7410000000,7.0460000000,150281.6534000000,1040640.9624610000,1040640.9624610000,1,SRM-USDT
2021-04-11 08:00:00,1618099200000,7.0450000000,7.1160000000,6.8790000000,6.9090000000,228138.1448000000,1598097.0114434001,1598097.0114434001,1,SRM-USDT
2021-04-11 09:00:00,1618102800000,6.9080000000,7.0150000000,6.8530000000,6.9330000000,138758.0711000000,962296.0668330000,962296.0668330000,1,SRM-USDT
2021-04-11 10:00:00,1618106400000,6.9360000000,7.0780000000,6.9250000000,7.0050000000,71026.3152000000,497376.3616916000,497376.3616916000,1,SRM-USDT
2021-04-11 11:00:00,1618110000000,7.0040000000,7.1220000000,6.9630000000,6.9800000000,99872.3350000000,704260.9601368000,704260.9601368000,1,SRM-USDT
2021-04-11 12:00:00,1618113600000,6.9840000000,6.9900000000,6.8260000000,6.8460000000,182036.0543000000,1252361.9864284999,1252361.9864284999,1,SRM-USDT
2021-04-11 13:00:00,1618117200000,6.8430000000,6.8700000000,6.7630000000,6.7800000000,100084.0522000000,682453.9850054000,682453.9850054000,1,SRM-USDT
2021-04-11 14:00:00,1618120800000,6.7860000000,6.8450000000,6.6900000000,6.7140000000,261179.8896000000,1768450.1909373000,1768450.1909373000,1,SRM-USDT
2021-04-11 15:00:00,1618124400000,6.7240000000,6.7930000000,6.6780000000,6.7790000000,95060.8703000000,641002.5117325000,641002.5117325000,1,SRM-USDT
2021-04-11 16:00:00,1618128000000,6.7820000000,6.8490000000,6.7750000000,6.8450000000,98603.9659000000,671890.0990114000,671890.0990114000,1,SRM-USDT
2021-04-11 17:00:00,1618131600000,6.8480000000,6.8790000000,6.7620000000,6.7740000000,124017.2444000000,846197.3017626000,846197.3017626000,1,SRM-USDT
2021-04-11 18:00:00,1618135200000,6.7740000000,6.8470000000,6.7400000000,6.8170000000,116060.0076000000,789394.1508520000,789394.1508520000,1,SRM-USDT
2021-04-11 19:00:00,1618138800000,6.8190000000,6.9360000000,6.8000000000,6.8740000000,150775.8674000000,1037887.8565749000,1037887.8565749000,1,SRM-USDT
2021-04-11 20:00:00,1618142400000,6.8840000000,6.9770000000,6.8840000000,6.9240000000,147515.8787000000,1022286.4055901000,1022286.4055901000,1,SRM-USDT
2021-04-11 21:00:00,1618146000000,6.9230000000,7.0680000000,6.8600000000,6.9240000000,253256.9985000000,1764584.1004306001,1764584.1004306001,1,SRM-USDT
2021-04-11 22:00:00,1618149600000,6.9270000000,7.3700000000,6.9150000000,7.2770000000,643584.2437000000,4650216.1284624999,4650216.1284624999,1,SRM-USDT
2021-04-11 23:00:00,1618153200000,7.2810000000,7.9740000000,7.2240000000,7.7850000000,1653118.9697000000,12699908.3344393000,12699908.3344393000,1,SRM-USDT
2021-04-12 00:00:00,1618156800000,7.7860000000,7.9480000000,7.5660000000,7.6280000000,1077730.0242000001,8333960.1056658002,8333960.1056658002,1,SRM-USDT
2021-04-12 01:00:00,1618160400000,7.6270000000,7.7940000000,7.5480000000,7.6670000000,390337.5237000000,2994144.0652231001,2994144.0652231001,1,SRM-USDT
2021-04-12 02:00:00,1618164000000,7.6690000000,7.9060000000,7.6650000000,7.8530000000,323802.1407000000,2526336.6516489000,2526336.6516489000,1,SRM-USDT
2021-04-12 03:00:00,1618167600000,7.8550000000,7.8630000000,7.5750000000,7.6930000000,219438.7322000000,1691589.4060903001,1691589.4060903001,1,SRM-USDT
2021-04-12 04:00:00,1618171200000,7.7050000000,7.7550000000,7.6510000000,7.7520000000,130666.5934000000,1006317.8471393000,1006317.8471393000,1,SRM-USDT
2021-04-12 05:00:00,1618174800000,7.7490000000,7.9140000000,7.7240000000,7.7990000000,259736.0121000000,2035116.5910242000,2035116.5910242000,1,SRM-USDT
2021-04-12 06:00:00,1618178400000,7.7970000000,7.9050000000,7.7040000000,7.8080000000,212241.7526000000,1658392.1886243999,1658392.1886243999,1,SRM-USDT
2021-04-12 07:00:00,1618182000000,7.8100000000,8.1010000000,7.8040000000,8.1010000000,286851.1885000000,2277563.7934063999,2277563.7934063999,1,SRM-USDT
2021-04-12 08:00:00,1618185600000,8.0880000000,8.2250000000,7.6310000000,7.6900000000,701052.9967000000,5560576.5361145996,5560576.5361145996,1,SRM-USDT
2021-04-12 09:00:00,1618189200000,7.6900000000,7.7680000000,7.6020000000,7.7570000000,172643.2148000000,1326573.8293751001,1326573.8293751001,1,SRM-USDT
2021-04-12 10:00:00,1618192800000,7.7610000000,7.8830000000,7.5550000000,7.6130000000,232856.1076000000,1798410.6815655001,1798410.6815655001,1,SRM-USDT
2021-04-12 11:00:00,1618196400000,7.6140000000,7.7480000000,7.5790000000,7.5980000000,90342.9393000000,691605.1240984000,691605.1240984000,1,SRM-USDT
2021-04-12 12:00:00,1618200000000,7.6000000000,7.6260000000,7.5120000000,7.5140000000,132481.3158000000,1001989.3385845000,1001989.3385845000,1,SRM-USDT
2021-04-12 13:00:00,1618203600000,7.5170000000,7.6370000000,7.4360000000,7.5630000000,219298.6637000000,1654408.8359493001,1654408.8359493001,1,SRM-USDT
2021-04-12 14:00:00,1618207200000,7.5650000000,7.8150000000,7.4800000000,7.7450000000,167902.7075000000,1281431.5345189001,1281431.5345189001,1,SRM-USDT
2021-04-12 15:00:00,1618210800000,7.7490000000,7.7500000000,7.5240000000,7.5700000000,162670.4522000000,1237996.1445635001,1237996.1445635001,1,SRM-USDT
2021-04-12 16:00:00,1618214400000,7.5670000000,7.6190000000,7.4990000000,7.5210000000,69948.0512000000,528435.6279220000,528435.6279220000,1,SRM-USDT
2021-04-12 17:00:00,1618218000000,7.5200000000,7.5960000000,7.2690000000,7.3360000000,258083.6258000000,1923005.8422161001,1923005.8422161001,1,SRM-USDT
2021-04-12 18:00:00,1618221600000,7.3300000000,7.4630000000,7.1880000000,7.3470000000,318552.0213000000,2336068.6022716998,2336068.6022716998,1,SRM-USDT
2021-04-12 19:00:00,1618225200000,7.3500000000,7.5370000000,7.3200000000,7.4950000000,199391.5442000000,1481651.8673521001,1481651.8673521001,1,SRM-USDT
2021-04-12 20:00:00,1618228800000,7.4910000000,7.5280000000,7.4200000000,7.5120000000,135252.2549000000,1011128.4628099001,1011128.4628099001,1,SRM-USDT
2021-04-12 21:00:00,1618232400000,7.5140000000,7.6370000000,7.4930000000,7.5860000000,150144.5801000000,1136279.0914394001,1136279.0914394001,1,SRM-USDT
2021-04-12 22:00:00,1618236000000,7.5830000000,7.5830000000,7.2850000000,7.2890000000,167080.7894000000,1245920.1546622000,1245920.1546622000,1,SRM-USDT
2021-04-12 23:00:00,1618239600000,7.2860000000,7.3540000000,7.1960000000,7.2750000000,229581.3188000000,1669880.1481321000,1669880.1481321000,1,SRM-USDT
2021-04-13 00:00:00,1618243200000,7.2760000000,7.3780000000,7.1010000000,7.3600000000,195112.6620000000,1415444.8639552000,1415444.8639552000,1,SRM-USDT
2021-04-13 01:00:00,1618246800000,7.3600000000,7.4150000000,7.3040000000,7.3330000000,112485.3707000000,829265.3256882000,829265.3256882000,1,SRM-USDT
2021-04-13 02:00:00,1618250400000,7.3300000000,7.5130000000,7.2850000000,7.5020000000,121854.5646000000,902437.8785132000,902437.8785132000,1,SRM-USDT
2021-04-13 03:00:00,1618254000000,7.4980000000,7.5760000000,7.4340000000,7.4870000000,183420.7744000000,1377223.7766513000,1377223.7766513000,1,SRM-USDT
2021-04-13 04:00:00,1618257600000,7.4900000000,7.5220000000,7.4070000000,7.4480000000,95587.3227000000,712215.7451185000,712215.7451185000,1,SRM-USDT
2021-04-13 05:00:00,1618261200000,7.4530000000,7.5170000000,7.3850000000,7.4910000000,94566.7106000000,703808.6435963000,703808.6435963000,1,SRM-USDT
2021-04-13 06:00:00,1618264800000,7.4930000000,7.4930000000,7.4100000000,7.4280000000,76425.4312000000,568695.9073253000,568695.9073253000,1,SRM-USDT
2021-04-13 07:00:00,1618268400000,7.4310000000,7.4630000000,7.3330000000,7.4500000000,98379.6001000000,728074.7911620000,728074.7911620000,1,SRM-USDT
2021-04-13 08:00:00,1618272000000,7.4490000000,7.6060000000,7.3960000000,7.4050000000,213839.6077000000,1604923.8557289999,1604923.8557289999,1,SRM-USDT
2021-04-13 09:00:00,1618275600000,7.4050000000,7.4310000000,7.3020000000,7.3080000000,123926.2541000000,914169.2805360000,914169.2805360000,1,SRM-USDT
2021-04-13 10:00:00,1618279200000,7.3200000000,7.3270000000,7.2200000000,7.2350000000,98476.0621000000,715667.4160338000,715667.4160338000,1,SRM-USDT
2021-04-13 11:00:00,1618282800000,7.2380000000,7.2770000000,7.1920000000,7.1970000000,102999.1097000000,744435.5841752000,744435.5841752000,1,SRM-USDT
2021-04-13 12:00:00,1618286400000,7.1980000000,7.2500000000,7.1870000000,7.1970000000,90917.6183000000,656524.4424735000,656524.4424735000,1,SRM-USDT
2021-04-13 13:00:00,1618290000000,7.1990000000,7.1990000000,7.0430000000,7.0670000000,161556.5320000000,1151922.7098693000,1151922.7098693000,1,SRM-USDT
2021-04-13 14:00:00,1618293600000,7.0770000000,7.1090000000,6.9110000000,6.9340000000,218814.1695000000,1532863.3705634000,1532863.3705634000,1,SRM-USDT
2021-04-13 15:00:00,1618297200000,6.9440000000,6.9930000000,6.8980000000,6.9350000000,157190.2033000000,1090832.2978504000,1090832.2978504000,1,SRM-USDT
2021-04-13 16:00:00,1618300800000,6.9380000000,7.0210000000,6.7740000000,6.9610000000,368603.8647000000,2538932.7048368002,2538932.7048368002,1,SRM-USDT
2021-04-13 17:00:00,1618304400000,6.9650000000,7.0100000000,6.9020000000,6.9840000000,137348.0267000000,954968.2065882999,954968.2065882999,1,SRM-USDT
2021-04-13 18:00:00,1618308000000,6.9830000000,7.0840000000,6.9640000000,7.0500000000,164446.2735000000,1158051.1066276999,1158051.1066276999,1,SRM-USDT
2021-04-13 19:00:00,1618311600000,7.0490000000,7.0930000000,7.0070000000,7.0890000000,73416.6493000000,517385.0568038000,517385.0568038000,1,SRM-USDT
2021-04-13 20:00:00,1618315200000,7.0880000000,7.1640000000,7.0570000000,7.1260000000,128837.7093000000,916671.2821317000,916671.2821317000,1,SRM-USDT
2021-04-13 21:00:00,1618318800000,7.1230000000,7.1530000000,7.0730000000,7.1050000000,77322.9625000000,549187.3814096000,549187.3814096000,1,SRM-USDT
2021-04-13 22:00:00,1618322400000,7.1010000000,7.2630000000,7.0680000000,7.2490000000,108260.7406000000,773548.5798861000,773548.5798861000,1,SRM-USDT
2021-04-13 23:00:00,1618326000000,7.2570000000,7.2670000000,7.0990000000,7.2200000000,161287.5618000000,1160023.1293202001,1160023.1293202001,1,SRM-USDT
2021-04-14 00:00:00,1618329600000,7.2210000000,7.3000000000,7.1290000000,7.1590000000,121867.5375000000,876108.0443835000,876108.0443835000,1,SRM-USDT
2021-04-14 01:00:00,1618333200000,7.1590000000,7.3180000000,7.1510000000,7.3100000000,151935.4443000000,1098008.5832384999,1098008.5832384999,1,SRM-USDT
2021-04-14 02:00:00,1618336800000,7.2980000000,7.3900000000,6.9990000000,7.0620000000,167005.2312000000,1210366.1975165999,1210366.1975165999,1,SRM-USDT
2021-04-14 03:00:00,1618340400000,7.0640000000,7.2680000000,7.0600000000,7.2310000000,143031.9827000000,1021361.5853617000,1021361.5853617000,1,SRM-USDT
2021-04-14 04:00:00,1618344000000,7.2410000000,7.2700000000,7.1650000000,7.2630000000,91031.9477000000,656215.6734524000,656215.6734524000,1,SRM-USDT
2021-04-14 05:00:00,1618347600000,7.2630000000,7.3660000000,7.1670000000,7.3470000000,109586.6951000000,796080.6318493000,796080.6318493000,1,SRM-USDT
2021-04-14 06:00:00,1618351200000,7.3530000000,7.3830000000,7.1850000000,7.2450000000,98435.1596000000,715810.3525660000,715810.3525660000,1,SRM-USDT
2021-04-14 07:00:00,1618354800000,7.2390000000,7.3460000000,7.2390000000,7.2930000000,103259.7081000000,753632.8735040000,753632.8735040000,1,SRM-USDT
2021-04-14 08:00:00,1618358400000,7.2930000000,7.3700000000,7.0370000000,7.0540000000,207786.0900000000,1492305.9145434001,1492305.9145434001,1,SRM-USDT
2021-04-14 09:00:00,1618362000000,7.0580000000,7.0580000000,6.9170000000,6.9880000000,155787.2280000000,1087026.6696937999,1087026.6696937999,1,SRM-USDT
2021-04-14 10:00:00,1618365600000,6.9870000000,7.1110000000,6.9520000000,6.9980000000,223147.3590000000,1567797.8949210001,1567797.8949210001,1,SRM-USDT
2021-04-14 11:00:00,1618369200000,7.0020000000,7.1100000000,6.9730000000,7.0970000000,142456.8261000000,1005643.9076380000,1005643.9076380000,1,SRM-USDT
2021-04-14 12:00:00,1618372800000,7.0950000000,7.1120000000,7.0100000000,7.0350000000,145603.3779000000,1028165.0533501999,1028165.0533501999,1,SRM-USDT
2021-04-14 13:00:00,1618376400000,7.0350000000,7.0590000000,6.8910000000,6.9320000000,177747.2916000000,1245822.7320385999,1245822.7320385999,1,SRM-USDT
2021-04-14 14:00:00,1618380000000,6.9330000000,6.9970000000,6.8920000000,6.9100000000,138061.6650000000,956199.3960641000,956199.3960641000,1,SRM-USDT
2021-04-14 15:00:00,1618383600000,6.9100000000,7.0350000000,6.8870000000,6.9680000000,106900.1427000000,745068.8141901999,745068.8141901999,1,SRM-USDT
2021-04-14 16:00:00,1618387200000,6.9710000000,7.0710000000,6.7740000000,6.8200000000,211129.4319000000,1461591.8369942000,1461591.8369942000,1,SRM-USDT
2021-04-14 17:00:00,1618390800000,6.8240000000,6.9080000000,6.5050000000,6.7770000000,424005.7886000000,2835408.1719096000,2835408.1719096000,1,SRM-USDT
2021-04-14 18:00:00,1618394400000,6.7760000000,6.8760000000,6.7250000000,6.8760000000,174686.4323000000,1189659.3367463001,1189659.3367463001,1,SRM-USDT
2021-04-14 19:00:00,1618398000000,6.8750000000,6.9470000000,6.8550000000,6.8910000000,126606.0461000000,873474.9335054000,873474.9335054000,1,SRM-USDT
2021-04-14 20:00:00,1618401600000,6.8930000000,6.9030000000,6.6740000000,6.7150000000,150911.8137000000,1027209.2585435000,1027209.2585435000,1,SRM-USDT
2021-04-14 21:00:00,1618405200000,6.7190000000,6.8860000000,6.6310000000,6.6570000000,215997.4540000000,1459889.7039377999,1459889.7039377999,1,SRM-USDT
2021-04-14 22:00:00,1618408800000,6.6560000000,6.7190000000,6.3620000000,6.6590000000,326881.9828000000,2142337.2732484001,2142337.2732484001,1,SRM-USDT
2021-04-14 23:00:00,1618412400000,6.6510000000,6.8880000000,6.5780000000,6.8450000000,324626.3216000000,2193064.5841132002,2193064.5841132002,1,SRM-USDT
2021-04-15 00:00:00,1618416000000,6.8490000000,7.0960000000,6.7340000000,7.0180000000,312283.1217000000,2167770.2614207999,2167770.2614207999,1,SRM-USDT
2021-04-15 01:00:00,1618419600000,7.0200000000,7.2090000000,6.7840000000,6.8460000000,362641.8691000000,2540932.0752977999,2540932.0752977999,1,SRM-USDT
2021-04-15 02:00:00,1618423200000,6.8460000000,7.0070000000,6.6650000000,6.8560000000,318908.2936000000,2178770.8562750001,2178770.8562750001,1,SRM-USDT
2021-04-15 03:00:00,1618426800000,6.8500000000,6.9530000000,6.6600000000,6.9360000000,294344.6435000000,2005583.6509086001,2005583.6509086001,1,SRM-USDT
2021-04-15 04:00:00,1618430400000,6.9340000000,7.1810000000,6.8290000000,7.1460000000,238542.2380000000,1673934.8495793999,1673934.8495793999,1,SRM-USDT
2021-04-15 05:00:00,1618434000000,7.1440000000,7.2350000000,7.0710000000,7.1130000000,163419.6352000000,1166301.4825083001,1166301.4825083001,1,SRM-USDT
2021-04-15 06:00:00,1618437600000,7.1120000000,7.2760000000,7.0630000000,7.1690000000,175706.2925000000,1262167.7219006999,1262167.7219006999,1,SRM-USDT
2021-04-15 07:00:00,1618441200000,7.1630000000,7.3450000000,7.1530000000,7.3380000000,121793.2152000000,882129.2627888001,882129.2627888001,1,SRM-USDT
2021-04-15 08:00:00,1618444800000,7.3400000000,7.3770000000,7.0620000000,7.1070000000,231566.1934000000,1664485.4242062999,1664485.4242062999,1,SRM-USDT
2021-04-15 09:00:00,1618448400000,7.1080000000,7.1720000000,7.0510000000,7.0950000000,95740.5552000000,680968.9742665000,680968.9742665000,1,SRM-USDT
2021-04-15 10:00:00,1618452000000,7.0900000000,7.2030000000,7.0340000000,7.1190000000,104768.3563000000,745628.2873574001,745628.2873574001,1,SRM-USDT
2021-04-15 11:00:00,1618455600000,7.1100000000,7.2100000000,7.0520000000,7.2050000000,71628.3159000000,511893.0779462000,511893.0779462000,1,SRM-USDT
2021-04-15 12:00:00,1618459200000,7.2120000000,7.3680000000,7.1960000000,7.2380000000,126717.5080000000,924432.6135243000,924432.6135243000,1,SRM-USDT
2021-04-15 13:00:00,1618462800000,7.2340000000,7.3490000000,7.1640000000,7.3490000000,85973.1081000000,623114.4962252000,623114.4962252000,1,SRM-USDT
2021-04-15 14:00:00,1618466400000,7.3490000000,7.4300000000,7.2730000000,7.4130000000,148840.3777000000,1094058.9527777999,1094058.9527777999,1,SRM-USDT
2021-04-15 15:00:00,1618470000000,7.4160000000,7.4390000000,7.2940000000,7.3250000000,125126.0457000000,922832.8395341000,922832.8395341000,1,SRM-USDT
2021-04-15 16:00:00,1618473600000,7.3320000000,7.4320000000,7.1540000000,7.1600000000,151507.5958000000,1103048.5774457001,1103048.5774457001,1,SRM-USDT
2021-04-15 17:00:00,1618477200000,7.1650000000,7.2870000000,7.1650000000,7.2140000000,106875.4971000000,772523.1529598000,772523.1529598000,1,SRM-USDT
2021-04-15 18:00:00,1618480800000,7.2190000000,7.2960000000,7.0130000000,7.0210000000,145593.6017000000,1042012.8770922000,1042012.8770922000,1,SRM-USDT
2021-04-15 19:00:00,1618484400000,7.0280000000,7.1630000000,7.0010000000,7.1200000000,125958.1984000000,892950.1983934999,892950.1983934999,1,SRM-USDT
2021-04-15 20:00:00,1618488000000,7.1190000000,7.2450000000,7.1160000000,7.2430000000,110641.4220000000,796880.8540347000,796880.8540347000,1,SRM-USDT
2021-04-15 21:00:00,1618491600000,7.2430000000,7.4280000000,7.2200000000,7.4240000000,120572.2109000000,878249.0748963000,878249.0748963000,1,SRM-USDT
2021-04-15 22:00:00,1618495200000,7.4250000000,7.4980000000,7.3330000000,7.4370000000,260145.8596000000,1936279.8742112000,1936279.8742112000,1,SRM-USDT
2021-04-15 23:00:00,1618498800000,7.4370000000,7.5900000000,7.3120000000,7.3290000000,191375.8262000000,1422593.0440342000,1422593.0440342000,1,SRM-USDT
2021-04-16 00:00:00,1618502400000,7.3260000000,7.4200000000,7.3260000000,7.3570000000,88037.6034000000,649526.7047196000,649526.7047196000,1,SRM-USDT
2021-04-16 01:00:00,1618506000000,7.3600000000,7.4070000000,7.1830000000,7.2800000000,145389.5519000000,1056523.9052557000,1056523.9052557000,1,SRM-USDT
2021-04-16 02:00:00,1618509600000,7.2840000000,7.3340000000,7.2520000000,7.3100000000,69329.7647000000,505921.2856546000,505921.2856546000,1,SRM-USDT
2021-04-16 03:00:00,1618513200000,7.3110000000,7.3810000000,7.2380000000,7.3810000000,66373.0999000000,483922.5835432000,483922.5835432000,1,SRM-USDT
2021-04-16 04:00:00,1618516800000,7.3830000000,7.4940000000,7.3260000000,7.4940000000,102596.3868000000,759511.0592717000,759511.0592717000,1,SRM-USDT
2021-04-16 05:00:00,1618520400000,7.4940000000,7.5600000000,7.4150000000,7.5480000000,93125.9972000000,698458.1320404999,698458.1320404999,1,SRM-USDT
2021-04-16 06:00:00,1618524000000,7.5490000000,7.5630000000,7.4350000000,7.4480000000,66069.3200000000,495072.1676972000,495072.1676972000,1,SRM-USDT
2021-04-16 07:00:00,1618527600000,7.4420000000,7.4730000000,7.3620000000,7.3660000000,76734.8872000000,569178.1278645000,569178.1278645000,1,SRM-USDT
2021-04-16 08:00:00,1618531200000,7.3750000000,7.4830000000,7.3520000000,7.3520000000,126087.0671000000,935069.3973074000,935069.3973074000,1,SRM-USDT
2021-04-16 09:00:00,1618534800000,7.3530000000,7.3780000000,6.9850000000,7.1110000000,232966.1786000000,1665227.5298591000,1665227.5298591000,1,SRM-USDT
2021-04-16 10:00:00,1618538400000,7.1100000000,7.1470000000,6.9790000000,7.0030000000,135997.6432000000,963699.6763674000,963699.6763674000,1,SRM-USDT
2021-04-16 11:00:00,1618542000000,7.0050000000,7.1000000000,6.9370000000,7.0920000000,145786.3497000000,1027186.1630345000,1027186.1630345000,1,SRM-USDT
2021-04-16 12:00:00,1618545600000,7.0910000000,7.0970000000,6.8630000000,6.8810000000,140518.3524000000,982421.1957974000,982421.1957974000,1,SRM-USDT
2021-04-16 13:00:00,1618549200000,6.8790000000,7.0350000000,6.8400000000,6.9730000000,188426.2697000000,1312720.1906109001,1312720.1906109001,1,SRM-USDT
2021-04-16 14:00:00,1618552800000,6.9710000000,6.9710000000,6.7980000000,6.9200000000,158651.0572000000,1087654.7371048999,1087654.7371048999,1,SRM-USDT
2021-04-16 15:00:00,1618556400000,6.9160000000,7.0130000000,6.8650000000,6.9300000000,113462.9257000000,786140.8087873000,786140.8087873000,1,SRM-USDT
2021-04-16 16:00:00,1618560000000,6.9350000000,7.0070000000,6.8990000000,6.9200000000,100428.0539000000,698970.3970618000,698970.3970618000,1,SRM-USDT
2021-04-16 17:00:00,1618563600000,6.9160000000,6.9300000000,6.6930000000,6.7620000000,202420.3675000000,1373653.9364298000,1373653.9364298000,1,SRM-USDT
2021-04-16 18:00:00,1618567200000,6.7540000000,6.8490000000,6.6110000000,6.6230000000,154957.3860000000,1045747.2134375999,1045747.2134375999,1,SRM-USDT
2021-04-16 19:00:00,1618570800000,6.6120000000,6.8410000000,6.4940000000,6.8100000000,196503.2174000000,1308920.4767386001,1308920.4767386001,1,SRM-USDT
2021-04-16 20:00:00,1618574400000,6.8070000000,6.8460000000,6.7420000000,6.7540000000,123948.5345000000,842153.7430368999,842153.7430368999,1,SRM-USDT
2021-04-16 21:00:00,1618578000000,6.7440000000,6.7790000000,6.4080000000,6.5170000000,275984.1073000000,1834634.6165078999,1834634.6165078999,1,SRM-USDT
2021-04-16 22:00:00,1618581600000,6.5150000000,6.7910000000,6.5100000000,6.7720000000,142517.3929000000,955257.1594875000,955257.1594875000,1,SRM-USDT
2021-04-16 23:00:00,1618585200000,6.7720000000,6.8990000000,6.7290000000,6.8960000000,122869.8809000000,834830.1377526000,834830.1377526000,1,SRM-USDT
2021-04-17 00:00:00,1618588800000,6.8960000000,6.9240000000,6.7570000000,6.8640000000,144977.3087000000,989278.1657505000,989278.1657505000,1,SRM-USDT
2021-04-17 01:00:00,1618592400000,6.8670000000,6.9420000000,6.8100000000,6.8290000000,134345.0155000000,924574.7830422000,924574.7830422000,1,SRM-USDT
2021-04-17 02:00:00,1618596000000,6.8270000000,6.8490000000,6.7430000000,6.8150000000,105024.9025000000,712660.1152667000,712660.1152667000,1,SRM-USDT
2021-04-17 03:00:00,1618599600000,6.8120000000,6.8430000000,6.6730000000,6.7540000000,71326.9689000000,481430.3523196000,481430.3523196000,1,SRM-USDT
2021-04-17 04:00:00,1618603200000,6.7620000000,6.8380000000,6.7350000000,6.8290000000,71805.2468000000,488009.7679703000,488009.7679703000,1,SRM-USDT
2021-04-17 05:00:00,1618606800000,6.8360000000,6.9270000000,6.7970000000,6.8840000000,86692.5086000000,596059.9635025000,596059.9635025000,1,SRM-USDT
2021-04-17 06:00:00,1618610400000,6.8880000000,6.9150000000,6.7370000000,6.7390000000,88312.7446000000,604107.3025823000,604107.3025823000,1,SRM-USDT
2021-04-17 07:00:00,1618614000000,6.7350000000,6.7850000000,6.6460000000,6.6560000000,126004.9144000000,845333.7022552000,845333.7022552000,1,SRM-USDT
2021-04-17 08:00:00,1618617600000,6.6600000000,6.9090000000,6.6600000000,6.8290000000,236547.6308000000,1613134.9231410001,1613134.9231410001,1,SRM-USDT
2021-04-17 09:00:00,1618621200000,6.8300000000,6.9620000000,6.8300000000,6.8700000000,156413.8376000000,1081135.4349318000,1081135.4349318000,1,SRM-USDT
2021-04-17 10:00:00,1618624800000,6.8760000000,6.9280000000,6.8490000000,6.9050000000,66536.3643000000,458019.5422089000,458019.5422089000,1,SRM-USDT
2021-04-17 11:00:00,1618628400000,6.9090000000,6.9620000000,6.8350000000,6.9370000000,97551.8128000000,673713.6488245000,673713.6488245000,1,SRM-USDT
2021-04-17 12:00:00,1618632000000,6.9470000000,6.9750000000,6.9010000000,6.9400000000,79156.3871000000,549602.2633975000,549602.2633975000,1,SRM-USDT
2021-04-17 13:00:00,1618635600000,6.9420000000,6.9990000000,6.8550000000,6.8730000000,92752.5073000000,641262.6043509000,641262.6043509000,1,SRM-USDT
2021-04-17 14:00:00,1618639200000,6.8780000000,6.8840000000,6.8250000000,6.8560000000,64071.6268000000,439185.3088450000,439185.3088450000,1,SRM-USDT
2021-04-17 15:00:00,1618642800000,6.8550000000,6.8990000000,6.8000000000,6.8640000000,51945.2891000000,356147.0733349000,356147.0733349000,1,SRM-USDT
2021-04-17 16:00:00,1618646400000,6.8660000000,7.2150000000,6.8660000000,7.1970000000,384765.9672000000,2725098.1450246000,2725098.1450246000,1,SRM-USDT
2021-04-17 17:00:00,1618650000000,7.2010000000,7.2110000000,6.9940000000,7.0270000000,236224.2615000000,1671234.3822492999,1671234.3822492999,1,SRM-USDT
2021-04-17 18:00:00,1618653600000,7.0340000000,7.0980000000,6.9280000000,6.9430000000,149180.5862000000,1047571.9665322000,1047571.9665322000,1,SRM-USDT
2021-04-17 19:00:00,1618657200000,6.9390000000,6.9390000000,6.7180000000,6.8040000000,124407.8901000000,851193.8249930000,851193.8249930000,1,SRM-USDT
2021-04-17 20:00:00,1618660800000,6.8040000000,6.8730000000,6.7280000000,6.8660000000,110221.6503000000,751565.7493975000,751565.7493975000,1,SRM-USDT
2021-04-17 21:00:00,1618664400000,6.8680000000,6.8780000000,6.7660000000,6.8510000000,83961.0843000000,574003.8614105000,574003.8614105000,1,SRM-USDT
2021-04-17 22:00:00,1618668000000,6.8470000000,6.9290000000,6.8140000000,6.8200000000,86298.8157000000,594165.5262465000,594165.5262465000,1,SRM-USDT
2021-04-17 23:00:00,1618671600000,6.8240000000,6.8320000000,6.7110000000,6.7350000000,156762.3187000000,1060206.6871120001,1060206.6871120001,1,SRM-USDT
2021-04-18 00:00:00,1618675200000,6.7360000000,6.8360000000,6.6680000000,6.8070000000,159590.7237000000,1080407.1138683001,1080407.1138683001,1,SRM-USDT
2021-04-18 01:00:00,1618678800000,6.8100000000,6.8270000000,6.5500000000,6.5720000000,129477.0066000000,868324.1699027000,868324.1699027000,1,SRM-USDT
2021-04-18 02:00:00,1618682400000,6.5590000000,6.7250000000,6.5560000000,6.6800000000,105794.7463000000,704166.5792218000,704166.5792218000,1,SRM-USDT
2021-04-18 03:00:00,1618686000000,6.6810000000,6.7450000000,6.6750000000,6.7260000000,78545.2009000000,527134.6306303000,527134.6306303000,1,SRM-USDT
2021-04-18 04:00:00,1618689600000,6.7290000000,6.7910000000,6.6860000000,6.7860000000,41841.4104000000,281812.7599365000,281812.7599365000,1,SRM-USDT
2021-04-18 05:00:00,1618693200000,6.7810000000,6.7840000000,6.7140000000,6.7220000000,51209.6592000000,345632.9067530000,345632.9067530000,1,SRM-USDT
2021-04-18 06:00:00,1618696800000,6.7190000000,6.7210000000,6.6370000000,6.6560000000,74207.8133000000,495994.6933940000,495994.6933940000,1,SRM-USDT
2021-04-18 07:00:00,1618700400000,6.6540000000,6.6880000000,6.4960000000,6.5000000000,99710.5981000000,655943.3842392000,655943.3842392000,1,SRM-USDT
2021-04-18 08:00:00,1618704000000,6.5050000000,6.5500000000,6.2230000000,6.2250000000,314820.9905000000,2004625.1671009001,2004625.1671009001,1,SRM-USDT
2021-04-18 09:00:00,1618707600000,6.2280000000,6.2860000000,6.1040000000,6.2430000000,259050.3145000000,1607879.8859455001,1607879.8859455001,1,SRM-USDT
2021-04-18 10:00:00,1618711200000,6.2330000000,6.2710000000,6.0340000000,6.0380000000,212613.4322000000,1304788.1887163001,1304788.1887163001,1,SRM-USDT
2021-04-18 11:00:00,1618714800000,6.0420000000,6.0980000000,5.0060000000,5.5000000000,678320.0064000000,3728842.7553029000,3728842.7553029000,1,SRM-USDT
2021-04-18 12:00:00,1618718400000,5.5090000000,5.7560000000,5.4590000000,5.5720000000,418444.0765000000,2345710.1523385001,2345710.1523385001,1,SRM-USDT
2021-04-18 13:00:00,1618722000000,5.5710000000,5.6980000000,5.5260000000,5.6980000000,295364.5979000000,1657249.3595111000,1657249.3595111000,1,SRM-USDT
2021-04-18 14:00:00,1618725600000,5.6940000000,5.7260000000,5.4280000000,5.6040000000,375528.8710000000,2088520.1297067001,2088520.1297067001,1,SRM-USDT
2021-04-18 15:00:00,1618729200000,5.6010000000,6.0110000000,5.6000000000,5.9560000000,333828.3095000000,1950228.0167237001,1950228.0167237001,1,SRM-USDT
2021-04-18 16:00:00,1618732800000,5.9600000000,6.0140000000,5.5800000000,5.6320000000,371779.3077000000,2146505.3267287998,2146505.3267287998,1,SRM-USDT
2021-04-18 17:00:00,1618736400000,5.6320000000,5.6810000000,5.4220000000,5.5580000000,337442.9688000000,1871322.3605573000,1871322.3605573000,1,SRM-USDT
2021-04-18 18:00:00,1618740000000,5.5510000000,5.6100000000,5.4820000000,5.5080000000,242579.6433000000,1345151.7329128000,1345151.7329128000,1,SRM-USDT
2021-04-18 19:00:00,1618743600000,5.5160000000,5.6240000000,5.1150000000,5.1560000000,358338.1859000000,1920774.8455482000,1920774.8455482000,1,SRM-USDT
2021-04-18 20:00:00,1618747200000,5.1430000000,5.4410000000,5.1410000000,5.4400000000,328015.3203000000,1743019.1396301000,1743019.1396301000,1,SRM-USDT
2021-04-18 21:00:00,1618750800000,5.4400000000,5.5430000000,5.3830000000,5.5020000000,216330.5132000000,1187223.2197304000,1187223.2197304000,1,SRM-USDT
2021-04-18 22:00:00,1618754400000,5.4970000000,5.7470000000,5.4890000000,5.6400000000,203905.0522000000,1148806.5728195000,1148806.5728195000,1,SRM-USDT
2021-04-18 23:00:00,1618758000000,5.6410000000,5.9100000000,5.5890000000,5.7310000000,335619.3677000000,1920814.9257501999,1920814.9257501999,1,SRM-USDT
2021-04-19 00:00:00,1618761600000,5.7370000000,5.9380000000,5.7070000000,5.7640000000,343110.5346000000,2002224.8780626000,2002224.8780626000,1,SRM-USDT
2021-04-19 01:00:00,1618765200000,5.7690000000,5.8220000000,5.6460000000,5.6960000000,205149.9593000000,1180302.4654322001,1180302.4654322001,1,SRM-USDT
2021-04-19 02:00:00,1618768800000,5.6990000000,5.9760000000,5.6980000000,5.9080000000,203821.8982000000,1184215.7623070001,1184215.7623070001,1,SRM-USDT
2021-04-19 03:00:00,1618772400000,5.9190000000,6.0380000000,5.8790000000,5.9910000000,317564.7099000000,1888837.7928728000,1888837.7928728000,1,SRM-USDT
2021-04-19 04:00:00,1618776000000,5.9930000000,6.1070000000,5.9420000000,6.0670000000,279198.8271000000,1688488.8890617001,1688488.8890617001,1,SRM-USDT
2021-04-19 05:00:00,1618779600000,6.0790000000,6.0850000000,5.8670000000,5.9840000000,164150.8622000000,979523.8520634000,979523.8520634000,1,SRM-USDT
2021-04-19 06:00:00,1618783200000,5.9870000000,6.1720000000,5.9510000000,6.1490000000,171581.0734000000,1042072.4310151000,1042072.4310151000,1,SRM-USDT
2021-04-19 07:00:00,1618786800000,6.1500000000,6.3360000000,6.0950000000,6.2350000000,281501.4241000000,1753441.5634870999,1753441.5634870999,1,SRM-USDT
2021-04-19 08:00:00,1618790400000,6.2380000000,6.2680000000,6.0670000000,6.1250000000,312990.7466000000,1921813.1347004001,1921813.1347004001,1,SRM-USDT
2021-04-19 09:00:00,1618794000000,6.1360000000,6.3090000000,6.1120000000,6.1140000000,238600.2014000000,1478338.8979571001,1478338.8979571001,1,SRM-USDT
2021-04-19 10:00:00,1618797600000,6.1270000000,6.2140000000,6.0910000000,6.2070000000,125805.9469000000,772894.7505926000,772894.7505926000,1,SRM-USDT
2021-04-19 11:00:00,1618801200000,6.1980000000,6.3540000000,6.1660000000,6.3460000000,152987.6841000000,955223.0967516000,955223.0967516000,1,SRM-USDT
2021-04-19 12:00:00,1618804800000,6.3550000000,6.4180000000,6.2940000000,6.3240000000,147659.3252000000,938917.7045577000,938917.7045577000,1,SRM-USDT
2021-04-19 13:00:00,1618808400000,6.3230000000,6.3580000000,6.1710000000,6.1800000000,120098.6672000000,749421.2438507000,749421.2438507000,1,SRM-USDT
2021-04-19 14:00:00,1618812000000,6.1790000000,6.2560000000,6.1620000000,6.2410000000,90762.3136000000,564170.6775378000,564170.6775378000,1,SRM-USDT
2021-04-19 15:00:00,1618815600000,6.2380000000,6.3050000000,6.1930000000,6.2640000000,116790.8095000000,728656.0327087000,728656.0327087000,1,SRM-USDT
2021-04-19 16:00:00,1618819200000,6.2700000000,6.2870000000,6.0770000000,6.0810000000,114635.8129000000,705444.2904856000,705444.2904856000,1,SRM-USDT
2021-04-19 17:00:00,1618822800000,6.0770000000,6.1040000000,6.0020000000,6.0190000000,155528.9151000000,941375.1106184000,941375.1106184000,1,SRM-USDT
2021-04-19 18:00:00,1618826400000,6.0160000000,6.0250000000,5.7520000000,5.8940000000,273994.3022000000,1605433.8460119001,1605433.8460119001,1,SRM-USDT
2021-04-19 19:00:00,1618830000000,5.8940000000,6.4590000000,5.8850000000,6.4420000000,560465.7707000000,3480615.4297023001,3480615.4297023001,1,SRM-USDT
2021-04-19 20:00:00,1618833600000,6.4410000000,6.5740000000,6.2970000000,6.3630000000,483390.0239000000,3110498.9621067001,3110498.9621067001,1,SRM-USDT
2021-04-19 21:00:00,1618837200000,6.3600000000,6.6760000000,6.3460000000,6.6170000000,697786.9958000000,4556571.6324151997,4556571.6324151997,1,SRM-USDT
2021-04-19 22:00:00,1618840800000,6.6090000000,6.6140000000,5.9370000000,6.0780000000,697945.1573000000,4334969.4002425000,4334969.4002425000,1,SRM-USDT
2021-04-19 23:00:00,1618844400000,6.0780000000,6.0820000000,5.6580000000,5.7240000000,612309.0999000000,3607706.4207307999,3607706.4207307999,1,SRM-USDT
2021-04-20 00:00:00,1618848000000,5.7280000000,5.9970000000,5.6670000000,5.7870000000,403145.4547000000,2363552.3444075999,2363552.3444075999,1,SRM-USDT
2021-04-20 01:00:00,1618851600000,5.7810000000,6.1380000000,5.7070000000,6.1380000000,267115.9941000000,1580574.1360361001,1580574.1360361001,1,SRM-USDT
2021-04-20 02:00:00,1618855200000,6.1280000000,6.3230000000,6.0310000000,6.2730000000,364051.3669000000,2247946.4161634999,2247946.4161634999,1,SRM-USDT
2021-04-20 03:00:00,1618858800000,6.2740000000,6.3720000000,6.1480000000,6.1900000000,252814.4861000000,1581049.1315190999,1581049.1315190999,1,SRM-USDT
2021-04-20 04:00:00,1618862400000,6.1920000000,6.2300000000,6.0980000000,6.1260000000,188524.1032000000,1161144.5015062999,1161144.5015062999,1,SRM-USDT
2021-04-20 05:00:00,1618866000000,6.1190000000,6.1580000000,5.9620000000,6.0380000000,217125.5495000000,1320939.1880743001,1320939.1880743001,1,SRM-USDT
2021-04-20 06:00:00,1618869600000,6.0420000000,6.0480000000,5.8910000000,5.9370000000,181186.3229000000,1081107.4043471999,1081107.4043471999,1,SRM-USDT
2021-04-20 07:00:00,1618873200000,5.9310000000,5.9320000000,5.7440000000,5.7590000000,211477.7600000000,1229758.1722126000,1229758.1722126000,1,SRM-USDT
2021-04-20 08:00:00,1618876800000,5.7560000000,5.8070000000,5.2470000000,5.3350000000,581913.6060000000,3188976.8158903001,3188976.8158903001,1,SRM-USDT
2021-04-20 09:00:00,1618880400000,5.3320000000,5.5270000000,5.2980000000,5.3490000000,336866.8423000000,1829616.0429095000,1829616.0429095000,1,SRM-USDT
2021-04-20 10:00:00,1618884000000,5.3520000000,5.3960000000,5.1430000000,5.2500000000,717718.4774000000,3737358.4316035998,3737358.4316035998,1,SRM-USDT
2021-04-20 11:00:00,1618887600000,5.2520000000,5.3500000000,5.2200000000,5.3230000000,777487.6142000000,4105340.5741717000,4105340.5741717000,1,SRM-USDT
2021-04-20 12:00:00,1618891200000,5.3180000000,5.5190000000,5.2980000000,5.5100000000,352620.2681000000,1889304.5326248000,1889304.5326248000,1,SRM-USDT
2021-04-20 13:00:00,1618894800000,5.5050000000,5.5320000000,5.4160000000,5.4550000000,230443.9100000000,1259814.5549154000,1259814.5549154000,1,SRM-USDT
2021-04-20 14:00:00,1618898400000,5.4570000000,5.5040000000,5.0710000000,5.1170000000,320250.8943000000,1687419.5987980999,1687419.5987980999,1,SRM-USDT
2021-04-20 15:00:00,1618902000000,5.1120000000,5.3270000000,5.0610000000,5.2880000000,296498.1318000000,1535016.4164914000,1535016.4164914000,1,SRM-USDT
2021-04-20 16:00:00,1618905600000,5.2990000000,5.4990000000,5.2720000000,5.4820000000,297688.4156000000,1608529.2184732000,1608529.2184732000,1,SRM-USDT
2021-04-20 17:00:00,1618909200000,5.4810000000,5.5710000000,5.4220000000,5.4490000000,176865.2297660000,971848.6791038680,971848.6791038680,1,SRM-USDT
2021-04-20 18:00:00,1618912800000,5.4440000000,5.7500000000,5.4310000000,5.6600000000,250499.8060150000,1407731.1280062019,1407731.1280062019,1,SRM-USDT
2021-04-20 19:00:00,1618916400000,5.6560000000,5.7580000000,5.5860000000,5.7420000000,215634.6860760000,1221900.0203548919,1221900.0203548919,1,SRM-USDT
2021-04-20 20:00:00,1618920000000,5.7430000000,5.7500000000,5.6240000000,5.6730000000,126948.3684830000,721782.7854495080,721782.7854495080,1,SRM-USDT
2021-04-20 21:00:00,1618923600000,5.6710000000,5.7520000000,5.6670000000,5.7070000000,130886.1958270000,746752.5047460460,746752.5047460460,1,SRM-USDT
2021-04-20 22:00:00,1618927200000,5.7160000000,6.1090000000,5.7130000000,5.8070000000,861745.5164160000,5093981.2114780648,5093981.2114780648,1,SRM-USDT
2021-04-20 23:00:00,1618930800000,5.8040000000,5.8350000000,5.5060000000,5.6700000000,385815.4139470000,2179563.4173813728,2179563.4173813728,1,SRM-USDT
2021-04-21 00:00:00,1618934400000,5.6690000000,5.8430000000,5.5730000000,5.8230000000,237044.9276610000,1344860.7426622559,1344860.7426622559,1,SRM-USDT
2021-04-21 01:00:00,1618938000000,5.8280000000,5.8720000000,5.7500000000,5.8450000000,188368.5318170000,1094452.1833577950,1094452.1833577950,1,SRM-USDT
2021-04-21 02:00:00,1618941600000,5.8440000000,5.9840000000,5.7940000000,5.9530000000,237603.4686660000,1402194.8447057791,1402194.8447057791,1,SRM-USDT
2021-04-21 03:00:00,1618945200000,5.9540000000,6.0260000000,5.9160000000,5.9730000000,176872.8460350000,1057531.5401833421,1057531.5401833421,1,SRM-USDT
2021-04-21 04:00:00,1618948800000,5.9770000000,6.0540000000,5.8770000000,5.9150000000,307991.2377210000,1844647.7410622879,1844647.7410622879,1,SRM-USDT
2021-04-21 05:00:00,1618952400000,5.9130000000,6.0060000000,5.8610000000,5.9740000000,193487.2361940000,1148999.6845337071,1148999.6845337071,1,SRM-USDT
2021-04-21 06:00:00,1618956000000,5.9820000000,6.0030000000,5.8200000000,5.8930000000,168352.2758070000,999903.6958549200,999903.6958549200,1,SRM-USDT
2021-04-21 07:00:00,1618959600000,5.9040000000,6.0030000000,5.8700000000,5.9230000000,182951.9497300000,1085476.1500363669,1085476.1500363669,1,SRM-USDT
2021-04-21 08:00:00,1618963200000,5.9270000000,6.1120000000,5.8090000000,5.8350000000,249505.7640750000,1485346.7981396413,1485346.7981396413,1,SRM-USDT
2021-04-21 09:00:00,1618966800000,5.8330000000,5.9970000000,5.8020000000,5.9670000000,183774.9132820000,1087612.9429516869,1087612.9429516869,1,SRM-USDT
2021-04-21 10:00:00,1618970400000,5.9710000000,6.1270000000,5.9530000000,6.0850000000,137035.5359960000,828077.0236336720,828077.0236336720,1,SRM-USDT
2021-04-21 11:00:00,1618974000000,6.0870000000,6.2070000000,6.0040000000,6.0040000000,196515.0459400000,1202422.0411156451,1202422.0411156451,1,SRM-USDT
2021-04-21 12:00:00,1618977600000,6.0070000000,6.0950000000,5.9390000000,6.0380000000,174993.3274740000,1052523.0611678851,1052523.0611678851,1,SRM-USDT
2021-04-21 13:00:00,1618981200000,6.0400000000,6.1180000000,5.9590000000,6.0680000000,186499.8142800000,1123587.5923774659,1123587.5923774659,1,SRM-USDT
2021-04-21 14:00:00,1618984800000,6.0610000000,6.0610000000,5.9580000000,6.0120000000,122547.3832320000,736349.9540260190,736349.9540260190,1,SRM-USDT
2021-04-21 15:00:00,1618988400000,6.0130000000,6.0160000000,5.9030000000,5.9310000000,135647.7902750000,806760.8370814900,806760.8370814900,1,SRM-USDT
2021-04-21 16:00:00,1618992000000,5.9310000000,6.1240000000,5.8420000000,6.0950000000,280653.0168290000,1681823.3963910269,1681823.3963910269,1,SRM-USDT
2021-04-21 17:00:00,1618995600000,6.0860000000,6.2580000000,6.0570000000,6.1690000000,233731.5933370000,1443592.0923008060,1443592.0923008060,1,SRM-USDT
2021-04-21 18:00:00,1618999200000,6.1700000000,6.1840000000,5.9170000000,5.9400000000,253775.4747030000,1534947.3169341080,1534947.3169341080,1,SRM-USDT
2021-04-21 19:00:00,1619002800000,5.9430000000,6.0300000000,5.7270000000,5.7980000000,449504.5519060000,2640888.6582027166,2640888.6582027166,1,SRM-USDT
2021-04-21 20:00:00,1619006400000,5.7920000000,6.1320000000,5.7430000000,6.1090000000,289734.8518820000,1712376.1995528699,1712376.1995528699,1,SRM-USDT
2021-04-21 21:00:00,1619010000000,6.1170000000,6.2330000000,6.0390000000,6.1200000000,227936.3030790000,1399515.6493021310,1399515.6493021310,1,SRM-USDT
2021-04-21 22:00:00,1619013600000,6.1240000000,6.4390000000,6.1240000000,6.3640000000,591412.6727210000,3734442.9698765678,3734442.9698765678,1,SRM-USDT
2021-04-21 23:00:00,1619017200000,6.3720000000,6.4320000000,6.2630000000,6.4320000000,278736.1650850000,1769087.2979767269,1769087.2979767269,1,SRM-USDT
2021-04-22 00:00:00,1619020800000,6.4310000000,6.4750000000,6.3400000000,6.3820000000,239518.1276890000,1536165.0238836927,1536165.0238836927,1,SRM-USDT
2021-04-22 01:00:00,1619024400000,6.3830000000,6.5290000000,6.3080000000,6.3510000000,231041.5850130000,1480728.4862839840,1480728.4862839840,1,SRM-USDT
2021-04-22 02:00:00,1619028000000,6.3570000000,6.4020000000,6.2370000000,6.2460000000,121234.4964390000,764434.4707969850,764434.4707969850,1,SRM-USDT
2021-04-22 03:00:00,1619031600000,6.2540000000,6.4490000000,6.2540000000,6.4070000000,127914.4119620000,813030.7335044220,813030.7335044220,1,SRM-USDT
2021-04-22 04:00:00,1619035200000,6.4170000000,6.4410000000,6.1700000000,6.1910000000,238234.9974500000,1495596.1994998441,1495596.1994998441,1,SRM-USDT
2021-04-22 05:00:00,1619038800000,6.2000000000,6.2550000000,6.1060000000,6.1060000000,123008.5632010000,760012.8807230700,760012.8807230700,1,SRM-USDT
2021-04-22 06:00:00,1619042400000,6.1060000000,6.2670000000,5.9300000000,5.9830000000,196743.6102850000,1196454.7298112819,1196454.7298112819,1,SRM-USDT
2021-04-22 07:00:00,1619046000000,5.9830000000,6.0450000000,5.8890000000,5.9300000000,208433.7773510000,1241755.8355952853,1241755.8355952853,1,SRM-USDT
2021-04-22 08:00:00,1619049600000,5.9330000000,6.0600000000,5.8060000000,6.0370000000,216913.1259530000,1284317.2810575259,1284317.2810575259,1,SRM-USDT
2021-04-22 09:00:00,1619053200000,6.0280000000,6.4190000000,6.0270000000,6.1850000000,296527.2097490000,1843637.9333922949,1843637.9333922949,1,SRM-USDT
2021-04-22 10:00:00,1619056800000,6.1850000000,6.2080000000,5.9710000000,6.1540000000,296714.9822620000,1809777.1466556047,1809777.1466556047,1,SRM-USDT
2021-04-22 11:00:00,1619060400000,6.1520000000,6.2700000000,6.0310000000,6.0950000000,215171.6190870000,1325931.4991984800,1325931.4991984800,1,SRM-USDT
2021-04-22 12:00:00,1619064000000,6.0940000000,6.3760000000,6.0940000000,6.3570000000,259780.5163570000,1622970.4353930927,1622970.4353930927,1,SRM-USDT
2021-04-22 13:00:00,1619067600000,6.3650000000,6.3820000000,6.2030000000,6.3130000000,215547.7812280000,1353264.1053449991,1353264.1053449991,1,SRM-USDT
2021-04-22 14:00:00,1619071200000,6.3240000000,6.5590000000,6.3150000000,6.4680000000,252895.9494490000,1630497.0526782020,1630497.0526782020,1,SRM-USDT
2021-04-22 15:00:00,1619074800000,6.4700000000,6.8870000000,6.4680000000,6.8560000000,680315.1719680000,4548702.5417740643,4548702.5417740643,1,SRM-USDT
2021-04-22 16:00:00,1619078400000,6.8540000000,6.8800000000,6.5200000000,6.8050000000,518737.2202950000,3459097.1788875791,3459097.1788875791,1,SRM-USDT
2021-04-22 17:00:00,1619082000000,6.8000000000,7.0210000000,6.7260000000,6.9020000000,717703.6327880000,4952243.6675626729,4952243.6675626729,1,SRM-USDT
2021-04-22 18:00:00,1619085600000,6.9060000000,6.9680000000,6.7500000000,6.8510000000,371743.2130000000,2540034.5152294529,2540034.5152294529,1,SRM-USDT
2021-04-22 19:00:00,1619089200000,6.8530000000,7.0660000000,6.8130000000,6.8730000000,453073.9029850000,3142740.4664476081,3142740.4664476081,1,SRM-USDT
2021-04-22 20:00:00,1619092800000,6.8810000000,7.0480000000,6.8420000000,6.8500000000,281347.3262770000,1951762.9688359620,1951762.9688359620,1,SRM-USDT
2021-04-22 21:00:00,1619096400000,6.8480000000,6.9410000000,6.7160000000,6.7380000000,211532.1077770000,1444182.8105109369,1444182.8105109369,1,SRM-USDT
2021-04-22 22:00:00,1619100000000,6.7490000000,6.9000000000,6.7420000000,6.8800000000,170421.6731490000,1165659.3217985630,1165659.3217985630,1,SRM-USDT
2021-04-22 23:00:00,1619103600000,6.8830000000,7.4350000000,6.8760000000,7.2210000000,1132970.6958470000,8186153.1956470078,8186153.1956470078,1,SRM-USDT
2021-04-23 00:00:00,1619107200000,7.2300000000,7.3680000000,7.1900000000,7.2450000000,444710.5387480000,3236299.9693198148,3236299.9693198148,1,SRM-USDT
2021-04-23 01:00:00,1619110800000,7.2540000000,7.2930000000,6.8250000000,6.8620000000,399531.9614150000,2824019.0142139308,2824019.0142139308,1,SRM-USDT
2021-04-23 02:00:00,1619114400000,6.8550000000,7.1050000000,6.8110000000,7.0350000000,389665.3450160000,2719060.8807756021,2719060.8807756021,1,SRM-USDT
2021-04-23 03:00:00,1619118000000,7.0190000000,7.0190000000,6.7500000000,6.9280000000,341058.1295850000,2347468.5177501002,2347468.5177501002,1,SRM-USDT
2021-04-23 04:00:00,1619121600000,6.9190000000,6.9240000000,6.4970000000,6.5500000000,439693.9484590000,2941894.0074418709,2941894.0074418709,1,SRM-USDT
2021-04-23 05:00:00,1619125200000,6.5470000000,6.7590000000,6.1690000000,6.6980000000,677654.4551690000,4403427.1944969771,4403427.1944969771,1,SRM-USDT
2021-04-23 06:00:00,1619128800000,6.7040000000,6.8230000000,6.3640000000,6.5140000000,510585.4364060000,3380336.9879281786,3380336.9879281786,1,SRM-USDT
2021-04-23 07:00:00,1619132400000,6.5170000000,6.7300000000,6.4600000000,6.5050000000,373538.3985090000,2469688.8300448586,2469688.8300448586,1,SRM-USDT
2021-04-23 08:00:00,1619136000000,6.5050000000,6.7920000000,6.3890000000,6.4530000000,604613.2898400000,4003918.0311208097,4003918.0311208097,1,SRM-USDT
2021-04-23 09:00:00,1619139600000,6.4540000000,6.5050000000,5.7580000000,6.0380000000,688339.6453500000,4228011.9992832998,4228011.9992832998,1,SRM-USDT
2021-04-23 10:00:00,1619143200000,6.0270000000,6.1010000000,5.4190000000,5.7980000000,749215.7622510000,4272961.6009275457,4272961.6009275457,1,SRM-USDT
2021-04-23 11:00:00,1619146800000,5.8050000000,6.0570000000,5.7460000000,6.0250000000,427749.8886780000,2510832.9896940282,2510832.9896940282,1,SRM-USDT
2021-04-23 12:00:00,1619150400000,6.0100000000,6.0220000000,5.5300000000,5.5460000000,399678.2600120000,2306724.6069894210,2306724.6069894210,1,SRM-USDT
2021-04-23 13:00:00,1619154000000,5.5470000000,5.7450000000,5.3660000000,5.6850000000,393717.9260840000,2186781.6969945962,2186781.6969945962,1,SRM-USDT
2021-04-23 14:00:00,1619157600000,5.6840000000,5.6880000000,5.4190000000,5.5390000000,310510.3938310000,1722986.2047142249,1722986.2047142249,1,SRM-USDT
2021-04-23 15:00:00,1619161200000,5.5470000000,5.6020000000,5.1390000000,5.1990000000,574977.9183960001,3084491.9841251727,3084491.9841251727,1,SRM-USDT
2021-04-23 16:00:00,1619164800000,5.1940000000,5.4440000000,5.1030000000,5.4400000000,446175.2579540000,2353395.7507330608,2353395.7507330608,1,SRM-USDT
2021-04-23 17:00:00,1619168400000,5.4400000000,5.4400000000,5.2530000000,5.3360000000,237388.9614620000,1268273.7078839587,1268273.7078839587,1,SRM-USDT
2021-04-23 18:00:00,1619172000000,5.3310000000,5.6510000000,5.3210000000,5.6130000000,353682.7741670000,1956921.0112803287,1956921.0112803287,1,SRM-USDT
2021-04-23 19:00:00,1619175600000,5.6120000000,5.8180000000,5.5840000000,5.6940000000,362235.2486140000,2059482.4475693060,2059482.4475693060,1,SRM-USDT
2021-04-23 20:00:00,1619179200000,5.6910000000,5.7120000000,5.3900000000,5.3980000000,349929.8327810000,1939528.0760953100,1939528.0760953100,1,SRM-USDT
2021-04-23 21:00:00,1619182800000,5.3940000000,5.4580000000,5.2310000000,5.3950000000,320018.3449880000,1709262.2720951473,1709262.2720951473,1,SRM-USDT
2021-04-23 22:00:00,1619186400000,5.4010000000,5.6180000000,5.3280000000,5.5970000000,280078.1116500000,1539016.2616073340,1539016.2616073340,1,SRM-USDT
2021-04-23 23:00:00,1619190000000,5.6070000000,5.6360000000,5.4190000000,5.6130000000,270214.5077620000,1495345.5099368987,1495345.5099368987,1,SRM-USDT
2021-04-24 00:00:00,1619193600000,5.6110000000,5.6550000000,5.4840000000,5.5750000000,220945.0312800000,1230093.1641733861,1230093.1641733861,1,SRM-USDT
2021-04-24 01:00:00,1619197200000,5.5850000000,5.6150000000,5.4530000000,5.5320000000,154935.9684030000,855280.4821522060,855280.4821522060,1,SRM-USDT
2021-04-24 02:00:00,1619200800000,5.5320000000,5.6780000000,5.4620000000,5.6610000000,117935.5978840000,656217.9129226200,656217.9129226200,1,SRM-USDT
2021-04-24 03:00:00,1619204400000,5.6670000000,5.7110000000,5.5880000000,5.6950000000,77502.6079500000,437203.4334976950,437203.4334976950,1,SRM-USDT
2021-04-24 04:00:00,1619208000000,5.7010000000,5.7980000000,5.5610000000,5.5830000000,233020.7240520000,1330683.7052454129,1330683.7052454129,1,SRM-USDT
2021-04-24 05:00:00,1619211600000,5.5840000000,5.7120000000,5.5280000000,5.5300000000,91574.2419160000,513572.3884199220,513572.3884199220,1,SRM-USDT
2021-04-24 06:00:00,1619215200000,5.5310000000,5.5910000000,5.4840000000,5.5780000000,226635.3252130000,1256968.0851587460,1256968.0851587460,1,SRM-USDT
2021-04-24 07:00:00,1619218800000,5.5830000000,5.7960000000,5.5820000000,5.7890000000,324709.2918770000,1852786.9818714128,1852786.9818714128,1,SRM-USDT
2021-04-24 08:00:00,1619222400000,5.7910000000,5.8010000000,5.3800000000,5.4080000000,300346.3170400000,1672963.3641055760,1672963.3641055760,1,SRM-USDT
2021-04-24 09:00:00,1619226000000,5.4070000000,5.5110000000,5.3920000000,5.4470000000,134021.0454430000,732554.6875132360,732554.6875132360,1,SRM-USDT
2021-04-24 10:00:00,1619229600000,5.4430000000,5.4790000000,5.3020000000,5.4260000000,194205.7262550000,1047144.1335910610,1047144.1335910610,1,SRM-USDT
2021-04-24 11:00:00,1619233200000,5.4300000000,5.5940000000,5.4300000000,5.5490000000,137663.6293920000,761695.9692281591,761695.9692281591,1,SRM-USDT
2021-04-24 12:00:00,1619236800000,5.5480000000,5.6010000000,5.4700000000,5.5320000000,143302.2451950000,795112.8551202680,795112.8551202680,1,SRM-USDT
2021-04-24 13:00:00,1619240400000,5.5340000000,5.6630000000,5.5180000000,5.6400000000,111159.3366670000,621581.7259236630,621581.7259236630,1,SRM-USDT
2021-04-24 14:00:00,1619244000000,5.6410000000,5.6490000000,5.5340000000,5.5660000000,122930.0699590000,686750.4187796790,686750.4187796790,1,SRM-USDT
2021-04-24 15:00:00,1619247600000,5.5660000000,5.5660000000,5.4020000000,5.4250000000,143350.8888440000,780284.4858063000,780284.4858063000,1,SRM-USDT
2021-04-24 16:00:00,1619251200000,5.4290000000,5.5840000000,5.4110000000,5.4290000000,142384.8067500000,785230.9169114210,785230.9169114210,1,SRM-USDT
2021-04-24 17:00:00,1619254800000,5.4300000000,5.4790000000,5.3660000000,5.4170000000,154108.4496810000,833764.9982919690,833764.9982919690,1,SRM-USDT
2021-04-24 18:00:00,1619258400000,5.4210000000,5.4210000000,5.1520000000,5.1520000000,305924.8069150000,1610951.4763117020,1610951.4763117020,1,SRM-USDT
2021-04-24 19:00:00,1619262000000,5.1520000000,5.2500000000,5.0310000000,5.0820000000,319122.0860520000,1631286.6714041061,1631286.6714041061,1,SRM-USDT
2021-04-24 20:00:00,1619265600000,5.0810000000,5.2550000000,5.0690000000,5.2300000000,202227.9121420000,1044031.1964933450,1044031.1964933450,1,SRM-USDT
2021-04-24 21:00:00,1619269200000,5.2310000000,5.2990000000,5.1780000000,5.2350000000,180321.4415310000,945523.8837453490,945523.8837453490,1,SRM-USDT
2021-04-24 22:00:00,1619272800000,5.2350000000,5.2350000000,5.1300000000,5.1570000000,157573.5746760000,815138.3645641740,815138.3645641740,1,SRM-USDT
2021-04-24 23:00:00,1619276400000,5.1590000000,5.6010000000,5.0660000000,5.5830000000,656521.5625250000,3557231.9878704394,3557231.9878704394,1,SRM-USDT
2021-04-25 00:00:00,1619280000000,5.5790000000,5.6790000000,5.4310000000,5.5640000000,350321.3431570000,1950442.6725041235,1950442.6725041235,1,SRM-USDT
2021-04-25 01:00:00,1619283600000,5.5580000000,5.7920000000,5.4500000000,5.7360000000,333549.7661810000,1868407.9101110159,1868407.9101110159,1,SRM-USDT
2021-04-25 02:00:00,1619287200000,5.7390000000,5.9430000000,5.7130000000,5.9100000000,236137.6034310000,1367721.0954571380,1367721.0954571380,1,SRM-USDT
2021-04-25 03:00:00,1619290800000,5.9130000000,6.0710000000,5.8410000000,6.0260000000,351456.9229550000,2100679.7215291909,2100679.7215291909,1,SRM-USDT
2021-04-25 04:00:00,1619294400000,6.0240000000,6.1360000000,5.9100000000,6.1240000000,282958.0063740000,1705213.6558816740,1705213.6558816740,1,SRM-USDT
2021-04-25 05:00:00,1619298000000,6.1270000000,6.1270000000,5.9540000000,6.0640000000,253301.0751350000,1526671.6775355130,1526671.6775355130,1,SRM-USDT
2021-04-25 06:00:00,1619301600000,6.0690000000,6.0910000000,5.8180000000,5.8310000000,303245.7428970000,1804946.9007701168,1804946.9007701168,1,SRM-USDT
2021-04-25 07:00:00,1619305200000,5.8320000000,5.9490000000,5.7230000000,5.7830000000,225364.3815270000,1320469.5616270921,1320469.5616270921,1,SRM-USDT
2021-04-25 08:00:00,1619308800000,5.7820000000,5.9930000000,5.7320000000,5.7550000000,255605.1490880000,1493392.5979557540,1493392.5979557540,1,SRM-USDT
2021-04-25 09:00:00,1619312400000,5.7640000000,6.1010000000,5.7610000000,6.0630000000,252588.4610570000,1503272.8058397050,1503272.8058397050,1,SRM-USDT
2021-04-25 10:00:00,1619316000000,6.0610000000,6.3110000000,6.0070000000,6.3020000000,391608.8718780000,2421725.4463347360,2421725.4463347360,1,SRM-USDT
2021-04-25 11:00:00,1619319600000,6.3030000000,6.3030000000,5.9300000000,5.9430000000,338580.0920200000,2069569.4262415937,2069569.4262415937,1,SRM-USDT
2021-04-25 12:00:00,1619323200000,5.9400000000,6.0010000000,5.9380000000,5.9570000000,296902.9608170000,1771633.3215915633,1771633.3215915633,1,SRM-USDT
2021-04-25 13:00:00,1619326800000,5.9560000000,6.0640000000,5.9530000000,6.0570000000,417473.4696100000,2508421.4839108498,2508421.4839108498,1,SRM-USDT
2021-04-25 14:00:00,1619330400000,6.0570000000,6.1150000000,5.9090000000,5.9430000000,688183.6485660000,4136015.7342242855,4136015.7342242855,1,SRM-USDT
2021-04-25 15:00:00,1619334000000,5.9430000000,5.9670000000,5.8560000000,5.9510000000,694464.8730930000,4108960.0941750128,4108960.0941750128,1,SRM-USDT
2021-04-25 16:00:00,1619337600000,5.9530000000,6.1910000000,5.9030000000,6.1770000000,625642.6831140000,3744106.0658784551,3744106.0658784551,1,SRM-USDT
2021-04-25 17:00:00,1619341200000,6.1810000000,6.2650000000,6.0000000000,6.2080000000,437723.0434050000,2683415.1937471880,2683415.1937471880,1,SRM-USDT
2021-04-25 18:00:00,1619344800000,6.2020000000,6.2790000000,6.0990000000,6.2250000000,268877.7581960000,1671633.2153869721,1671633.2153869721,1,SRM-USDT
2021-04-25 19:00:00,1619348400000,6.2210000000,6.4340000000,6.1950000000,6.4340000000,410949.4392470000,2614114.1569043100,2614114.1569043100,1,SRM-USDT
2021-04-25 20:00:00,1619352000000,6.4320000000,6.5080000000,6.3800000000,6.4940000000,399008.2060810000,2576563.7680832967,2576563.7680832967,1,SRM-USDT
2021-04-25 21:00:00,1619355600000,6.4900000000,6.6700000000,6.4720000000,6.6470000000,482351.1150650000,3181903.6917550368,3181903.6917550368,1,SRM-USDT
2021-04-25 22:00:00,1619359200000,6.6510000000,7.2720000000,6.6490000000,7.0140000000,2357490.6235900000,16618054.2652791683,16618054.2652791683,1,SRM-USDT
2021-04-25 23:00:00,1619362800000,7.0210000000,7.0800000000,6.8880000000,7.0020000000,774181.5651570000,5410802.5041587465,5410802.5041587465,1,SRM-USDT
2021-04-26 00:00:00,1619366400000,7.0090000000,7.0850000000,6.8670000000,6.9840000000,619775.9495050000,4309511.9265356548,4309511.9265356548,1,SRM-USDT
2021-04-26 01:00:00,1619370000000,6.9860000000,7.0900000000,6.8600000000,7.0720000000,427087.6152830000,2971232.5435914290,2971232.5435914290,1,SRM-USDT
2021-04-26 02:00:00,1619373600000,7.0680000000,7.0830000000,6.7170000000,6.8210000000,412837.3928520000,2819263.6041891528,2819263.6041891528,1,SRM-USDT
2021-04-26 03:00:00,1619377200000,6.8220000000,6.9460000000,6.6670000000,6.6920000000,328972.9268860000,2240680.2000192930,2240680.2000192930,1,SRM-USDT
2021-04-26 04:00:00,1619380800000,6.6880000000,6.8320000000,6.4650000000,6.5090000000,466902.9277490000,3104636.6554530626,3104636.6554530626,1,SRM-USDT
2021-04-26 05:00:00,1619384400000,6.4880000000,6.6870000000,6.3020000000,6.5310000000,622709.9178929999,4040444.4012891320,4040444.4012891320,1,SRM-USDT
2021-04-26 06:00:00,1619388000000,6.5300000000,7.1740000000,6.5010000000,7.1390000000,803706.7332910000,5565103.8122367291,5565103.8122367291,1,SRM-USDT
2021-04-26 07:00:00,1619391600000,7.1410000000,7.5990000000,7.0130000000,7.4720000000,1355808.3429630001,10017181.0892818365,10017181.0892818365,1,SRM-USDT
2021-04-26 08:00:00,1619395200000,7.4660000000,7.9100000000,7.2280000000,7.8760000000,1232592.3559930001,9392204.8465699367,9392204.8465699367,1,SRM-USDT
2021-04-26 09:00:00,1619398800000,7.8810000000,7.9340000000,7.7070000000,7.7310000000,542595.3241420001,4240496.9675319232,4240496.9675319232,1,SRM-USDT
2021-04-26 10:00:00,1619402400000,7.7370000000,7.8200000000,7.5740000000,7.6880000000,473076.8358450000,3627520.0076602399,3627520.0076602399,1,SRM-USDT
2021-04-26 11:00:00,1619406000000,7.6840000000,7.9540000000,7.6840000000,7.8360000000,408073.9356930000,3194722.2961412529,3194722.2961412529,1,SRM-USDT
2021-04-26 12:00:00,1619409600000,7.8360000000,8.4590000000,7.8200000000,8.4140000000,1038828.2736020000,8455620.1865714509,8455620.1865714509,1,SRM-USDT
2021-04-26 13:00:00,1619413200000,8.4210000000,8.7000000000,8.3030000000,8.5510000000,1137024.0957460001,9647895.9219905473,9647895.9219905473,1,SRM-USDT
2021-04-26 14:00:00,1619416800000,8.5580000000,9.0820000000,8.4280000000,9.0580000000,1145191.2875790000,10041989.1757041905,10041989.1757041905,1,SRM-USDT
2021-04-26 15:00:00,1619420400000,9.0570000000,10.2930000000,9.0320000000,9.7330000000,4705132.2105259998,46051997.2130401507,46051997.2130401507,1,SRM-USDT
2021-04-26 16:00:00,1619424000000,9.7270000000,10.1860000000,9.4000000000,10.1500000000,1885861.4303280001,18240987.9053345360,18240987.9053345360,1,SRM-USDT
2021-04-26 17:00:00,1619427600000,10.1680000000,10.1840000000,9.5920000000,9.8940000000,1307535.3547020000,12876334.1757206600,12876334.1757206600,1,SRM-USDT
2021-04-26 18:00:00,1619431200000,9.8950000000,11.1770000000,9.7900000000,10.5710000000,2896592.5401269998,30661294.6930035613,30661294.6930035613,1,SRM-USDT
2021-04-26 19:00:00,1619434800000,10.5680000000,10.7170000000,10.0440000000,10.1670000000,1485747.5194190000,15418149.2229561061,15418149.2229561061,1,SRM-USDT
2021-04-26 20:00:00,1619438400000,10.1700000000,10.2880000000,9.6500000000,9.7020000000,1745383.7978260000,17429520.5276139863,17429520.5276139863,1,SRM-USDT
2021-04-26 21:00:00,1619442000000,9.7090000000,10.0400000000,9.5810000000,9.7200000000,1269122.4814950000,12434817.6892812755,12434817.6892812755,1,SRM-USDT
2021-04-26 22:00:00,1619445600000,9.7200000000,10.1290000000,9.6610000000,9.8530000000,1076575.3503930001,10661584.0315682199,10661584.0315682199,1,SRM-USDT
2021-04-26 23:00:00,1619449200000,9.8500000000,9.9710000000,9.7090000000,9.9060000000,499400.0923090000,4912229.1535218591,4912229.1535218591,1,SRM-USDT
2021-04-27 00:00:00,1619452800000,9.9020000000,10.0380000000,9.2340000000,9.3920000000,932406.5783020000,8926413.8417485431,8926413.8417485431,1,SRM-USDT
2021-04-27 01:00:00,1619456400000,9.3810000000,9.6740000000,9.3320000000,9.4250000000,494195.6171310000,4706179.8937778799,4706179.8937778799,1,SRM-USDT
2021-04-27 02:00:00,1619460000000,9.4270000000,9.4670000000,9.2760000000,9.2940000000,365113.7332870000,3412702.4719769610,3412702.4719769610,1,SRM-USDT
2021-04-27 03:00:00,1619463600000,9.2940000000,9.6780000000,9.2330000000,9.5190000000,506568.1280260000,4775868.5130142095,4775868.5130142095,1,SRM-USDT
2021-04-27 04:00:00,1619467200000,9.5160000000,9.6470000000,9.0950000000,9.1060000000,524444.4603120000,4929941.9861148270,4929941.9861148270,1,SRM-USDT
2021-04-27 05:00:00,1619470800000,9.1070000000,9.1300000000,8.8840000000,9.0580000000,781024.8874989999,7033639.7997584911,7033639.7997584911,1,SRM-USDT
2021-04-27 06:00:00,1619474400000,9.0560000000,9.3570000000,8.9230000000,9.1490000000,489636.2654490000,4480865.2061471920,4480865.2061471920,1,SRM-USDT
2021-04-27 07:00:00,1619478000000,9.1450000000,9.6290000000,9.0740000000,9.5120000000,576202.4694609999,5426052.4269807553,5426052.4269807553,1,SRM-USDT
2021-04-27 08:00:00,1619481600000,9.5200000000,11.3060000000,9.5020000000,11.0530000000,3291862.2247899999,35050298.9408545792,35050298.9408545792,1,SRM-USDT
2021-04-27 09:00:00,1619485200000,11.0640000000,11.0970000000,10.4900000000,10.6710000000,1154706.5707070001,12395700.6536371280,12395700.6536371280,1,SRM-USDT
2021-04-27 10:00:00,1619488800000,10.6600000000,10.9770000000,10.3890000000,10.4590000000,727876.0133230001,7747729.2011374561,7747729.2011374561,1,SRM-USDT
2021-04-27 11:00:00,1619492400000,10.4590000000,10.6180000000,10.1310000000,10.5250000000,578116.0093700000,6008086.5557428468,6008086.5557428468,1,SRM-USDT
2021-04-27 12:00:00,1619496000000,10.5190000000,10.5560000000,10.2940000000,10.4380000000,281217.8753380000,2926223.6469764188,2926223.6469764188,1,SRM-USDT
2021-04-27 13:00:00,1619499600000,10.4310000000,10.8640000000,10.4190000000,10.8280000000,575297.9212730000,6114438.7749126591,6114438.7749126591,1,SRM-USDT
2021-04-27 14:00:00,1619503200000,10.8480000000,10.8570000000,10.4520000000,10.5470000000,470744.4045270000,5008038.5158880632,5008038.5158880632,1,SRM-USDT
2021-04-27 15:00:00,1619506800000,10.5460000000,10.7250000000,10.4150000000,10.4920000000,465601.2780180000,4915980.4415741116,4915980.4415741116,1,SRM-USDT
2021-04-27 16:00:00,1619510400000,10.4930000000,11.1470000000,10.4540000000,11.0570000000,645975.3014610000,6975033.1560656084,6975033.1560656084,1,SRM-USDT
2021-04-27 17:00:00,1619514000000,11.0730000000,11.3720000000,10.7070000000,10.9560000000,587558.3808800000,6524421.6368110180,6524421.6368110180,1,SRM-USDT
2021-04-27 18:00:00,1619517600000,10.9590000000,11.0330000000,10.6370000000,10.7130000000,495766.1552110000,5363995.1456649518,5363995.1456649518,1,SRM-USDT
2021-04-27 19:00:00,1619521200000,10.7110000000,10.8070000000,10.4560000000,10.6170000000,490298.2740260000,5197439.2782069352,5197439.2782069352,1,SRM-USDT
2021-04-27 20:00:00,1619524800000,10.6190000000,10.6260000000,10.1690000000,10.1810000000,624949.9618760000,6476757.3277956489,6476757.3277956489,1,SRM-USDT
2021-04-27 21:00:00,1619528400000,10.1790000000,10.3390000000,9.8640000000,10.0790000000,668027.8219360000,6750517.4775785469,6750517.4775785469,1,SRM-USDT
2021-04-27 22:00:00,1619532000000,10.0920000000,10.2660000000,9.6800000000,10.2480000000,708590.2347820000,7091666.2274841843,7091666.2274841843,1,SRM-USDT
2021-04-27 23:00:00,1619535600000,10.2370000000,10.3280000000,10.0790000000,10.2030000000,445585.2614570000,4548499.8530801404,4548499.8530801404,1,SRM-USDT
2021-04-28 00:00:00,1619539200000,10.1940000000,10.2400000000,9.7070000000,9.8610000000,496029.5727080000,4926513.7736838637,4926513.7736838637,1,SRM-USDT
2021-04-28 01:00:00,1619542800000,9.8430000000,9.9390000000,9.6660000000,9.9210000000,266950.5955610000,2617612.8455679538,2617612.8455679538,1,SRM-USDT
2021-04-28 02:00:00,1619546400000,9.9390000000,9.9960000000,9.8660000000,9.9870000000,246894.4044950000,2446079.2157664727,2446079.2157664727,1,SRM-USDT
2021-04-28 03:00:00,1619550000000,9.9910000000,10.0320000000,9.6800000000,9.9750000000,185680.3202340000,1828500.5918988071,1828500.5918988071,1,SRM-USDT
2021-04-28 04:00:00,1619553600000,10.0010000000,10.3910000000,9.9450000000,10.2930000000,394930.6951410000,4028661.0215997519,4028661.0215997519,1,SRM-USDT
2021-04-28 05:00:00,1619557200000,10.2950000000,10.5470000000,10.2020000000,10.5140000000,212718.3491840000,2211537.1213670401,2211537.1213670401,1,SRM-USDT
2021-04-28 06:00:00,1619560800000,10.5090000000,10.5130000000,10.1400000000,10.1980000000,224340.4900910000,2310054.7856630431,2310054.7856630431,1,SRM-USDT
2021-04-28 07:00:00,1619564400000,10.1950000000,10.4570000000,10.0520000000,10.3740000000,322935.0411920000,3297666.2119197650,3297666.2119197650,1,SRM-USDT
2021-04-28 08:00:00,1619568000000,10.3730000000,10.4240000000,9.8350000000,9.9840000000,667228.5290560001,6743249.5805388819,6743249.5805388819,1,SRM-USDT
2021-04-28 09:00:00,1619571600000,9.9850000000,10.1360000000,9.8950000000,9.8970000000,248401.5408220000,2493783.1826007930,2493783.1826007930,1,SRM-USDT
2021-04-28 10:00:00,1619575200000,9.9000000000,9.9300000000,9.6810000000,9.6920000000,215991.9886250000,2124722.4760354534,2124722.4760354534,1,SRM-USDT
2021-04-28 11:00:00,1619578800000,9.6920000000,9.7720000000,9.4510000000,9.4600000000,332084.7476830000,3190733.7465815446,3190733.7465815446,1,SRM-USDT
2021-04-28 12:00:00,1619582400000,9.4590000000,9.6530000000,9.4570000000,9.5500000000,160196.2763530000,1532403.8600797090,1532403.8600797090,1,SRM-USDT
2021-04-28 13:00:00,1619586000000,9.5460000000,9.6450000000,9.2570000000,9.3550000000,341002.5339530000,3203065.8014482129,3203065.8014482129,1,SRM-USDT
2021-04-28 14:00:00,1619589600000,9.3670000000,9.3810000000,8.9640000000,9.2590000000,565285.5709850000,5180897.8594024433,5180897.8594024433,1,SRM-USDT
2021-04-28 15:00:00,1619593200000,9.2640000000,9.5160000000,9.2130000000,9.4280000000,289508.9903420000,2722467.0856677182,2722467.0856677182,1,SRM-USDT
2021-04-28 16:00:00,1619596800000,9.4310000000,9.6030000000,9.1890000000,9.1950000000,243141.9281830000,2291168.3020703122,2291168.3020703122,1,SRM-USDT
2021-04-28 17:00:00,1619600400000,9.1840000000,9.4150000000,9.0770000000,9.3240000000,352188.9520380000,3266899.0621624910,3266899.0621624910,1,SRM-USDT
2021-04-28 18:00:00,1619604000000,9.3260000000,9.4310000000,9.2360000000,9.4110000000,175770.5313820000,1644958.4559445833,1644958.4559445833,1,SRM-USDT
2021-04-28 19:00:00,1619607600000,9.4070000000,9.8340000000,9.3950000000,9.7170000000,361254.7740780000,3488847.9944115849,3488847.9944115849,1,SRM-USDT
2021-04-28 20:00:00,1619611200000,9.7290000000,9.8610000000,9.5400000000,9.6070000000,504793.4227520000,4892385.4239985691,4892385.4239985691,1,SRM-USDT
2021-04-28 21:00:00,1619614800000,9.6080000000,9.6300000000,9.2700000000,9.5000000000,482458.1351440000,4542552.6470487984,4542552.6470487984,1,SRM-USDT
2021-04-28 22:00:00,1619618400000,9.4970000000,9.5900000000,9.2570000000,9.2570000000,504434.4009680000,4748341.4840419115,4748341.4840419115,1,SRM-USDT
2021-04-28 23:00:00,1619622000000,9.2570000000,9.5960000000,9.1170000000,9.5100000000,448014.4319630000,4187883.9915491641,4187883.9915491641,1,SRM-USDT
2021-04-29 00:00:00,1619625600000,9.5070000000,9.6350000000,9.2800000000,9.5890000000,462286.1336880000,4377104.6676186156,4377104.6676186156,1,SRM-USDT
2021-04-29 01:00:00,1619629200000,9.5900000000,9.7000000000,9.4820000000,9.6860000000,273963.6897030000,2627493.7237052908,2627493.7237052908,1,SRM-USDT
2021-04-29 02:00:00,1619632800000,9.6930000000,9.8280000000,9.5490000000,9.8160000000,197290.2497420000,1915113.1254699617,1915113.1254699617,1,SRM-USDT
2021-04-29 03:00:00,1619636400000,9.8010000000,9.9350000000,9.7090000000,9.8070000000,319799.1271120000,3134531.9270887631,3134531.9270887631,1,SRM-USDT
2021-04-29 04:00:00,1619640000000,9.8080000000,9.8300000000,9.3050000000,9.3670000000,325693.4474110000,3080497.7217864720,3080497.7217864720,1,SRM-USDT
2021-04-29 05:00:00,1619643600000,9.3620000000,9.6610000000,9.2520000000,9.6340000000,178040.1302650000,1683375.6817904529,1683375.6817904529,1,SRM-USDT
2021-04-29 06:00:00,1619647200000,9.6350000000,9.6630000000,9.3930000000,9.4200000000,127101.8187150000,1207950.6061223440,1207950.6061223440,1,SRM-USDT
2021-04-29 07:00:00,1619650800000,9.4330000000,9.6630000000,9.4120000000,9.6370000000,125531.8368440000,1197564.9526082927,1197564.9526082927,1,SRM-USDT
2021-04-29 08:00:00,1619654400000,9.6410000000,9.6420000000,9.3340000000,9.3470000000,231446.2113180000,2188816.6070764810,2188816.6070764810,1,SRM-USDT
2021-04-29 09:00:00,1619658000000,9.3690000000,9.3890000000,9.1170000000,9.1240000000,317991.8653030000,2928788.8220951641,2928788.8220951641,1,SRM-USDT
2021-04-29 10:00:00,1619661600000,9.1310000000,9.2840000000,9.1000000000,9.1950000000,257263.0239840000,2362516.8047825950,2362516.8047825950,1,SRM-USDT
2021-04-29 11:00:00,1619665200000,9.1930000000,9.2490000000,8.9810000000,9.0790000000,197377.1872440000,1798760.8982474939,1798760.8982474939,1,SRM-USDT
2021-04-29 12:00:00,1619668800000,9.0760000000,9.1440000000,8.8700000000,8.9680000000,290310.6538990000,2605788.9067004821,2605788.9067004821,1,SRM-USDT
2021-04-29 13:00:00,1619672400000,8.9540000000,9.1430000000,8.9380000000,9.1380000000,164143.2939040000,1486765.4193941590,1486765.4193941590,1,SRM-USDT
2021-04-29 14:00:00,1619676000000,9.1400000000,9.3390000000,9.0830000000,9.2740000000,192469.3160670000,1770378.2279117301,1770378.2279117301,1,SRM-USDT
2021-04-29 15:00:00,1619679600000,9.2870000000,9.3400000000,9.2080000000,9.2780000000,130606.8601930000,1209555.6967555487,1209555.6967555487,1,SRM-USDT
2021-04-29 16:00:00,1619683200000,9.2760000000,9.2820000000,9.0590000000,9.2010000000,150261.5699010000,1378043.6655423760,1378043.6655423760,1,SRM-USDT
2021-04-29 17:00:00,1619686800000,9.2030000000,9.6780000000,9.1230000000,9.6000000000,352878.9522420000,3342710.6680548722,3342710.6680548722,1,SRM-USDT
2021-04-29 18:00:00,1619690400000,9.5990000000,9.7360000000,9.5050000000,9.5520000000,426894.2842700000,4100547.2629540535,4100547.2629540535,1,SRM-USDT
2021-04-29 19:00:00,1619694000000,9.5550000000,9.5580000000,9.3480000000,9.4400000000,140259.3083720000,1323223.1273836670,1323223.1273836670,1,SRM-USDT
2021-04-29 20:00:00,1619697600000,9.4530000000,9.5030000000,9.3560000000,9.3740000000,219550.0719120000,2065092.7814624752,2065092.7814624752,1,SRM-USDT
2021-04-29 21:00:00,1619701200000,9.3690000000,9.3980000000,9.1300000000,9.1350000000,237901.6973170000,2199844.9082378312,2199844.9082378312,1,SRM-USDT
2021-04-29 22:00:00,1619704800000,9.1300000000,9.2800000000,9.1040000000,9.1580000000,130339.5570490000,1200837.6747534850,1200837.6747534850,1,SRM-USDT
2021-04-29 23:00:00,1619708400000,9.1460000000,9.2280000000,9.0560000000,9.1770000000,206488.0932480000,1893248.3959563875,1893248.3959563875,1,SRM-USDT
2021-04-30 00:00:00,1619712000000,9.1770000000,9.2110000000,8.6310000000,8.6340000000,317081.2395090000,2830384.0389050250,2830384.0389050250,1,SRM-USDT
2021-04-30 01:00:00,1619715600000,8.6480000000,8.8900000000,8.5310000000,8.6850000000,362617.7004480000,3169946.1951694670,3169946.1951694670,1,SRM-USDT
2021-04-30 02:00:00,1619719200000,8.6850000000,8.8040000000,8.5860000000,8.7930000000,227594.1349430000,1976555.8029732071,1976555.8029732071,1,SRM-USDT
2021-04-30 03:00:00,1619722800000,8.7930000000,9.0090000000,8.7740000000,8.8640000000,265584.6103420000,2362781.1989012170,2362781.1989012170,1,SRM-USDT
2021-04-30 04:00:00,1619726400000,8.8590000000,9.0710000000,8.6710000000,8.9390000000,265843.5908670000,2365582.5899645681,2365582.5899645681,1,SRM-USDT
2021-04-30 05:00:00,1619730000000,8.9400000000,9.0910000000,8.8940000000,9.0910000000,93278.6438520000,836450.1193429230,836450.1193429230,1,SRM-USDT
2021-04-30 06:00:00,1619733600000,9.0840000000,9.1900000000,9.0500000000,9.1800000000,187181.5734280000,1707186.0587101807,1707186.0587101807,1,SRM-USDT
2021-04-30 07:00:00,1619737200000,9.1760000000,9.2480000000,9.1370000000,9.2280000000,110186.9136400000,1011954.3618158300,1011954.3618158300,1,SRM-USDT
2021-04-30 08:00:00,1619740800000,9.2290000000,9.2460000000,8.8640000000,8.9650000000,225051.5053240000,2030325.7467143687,2030325.7467143687,1,SRM-USDT
2021-04-30 09:00:00,1619744400000,8.9640000000,9.1470000000,8.9120000000,9.1350000000,168820.2563520000,1522057.9630762001,1522057.9630762001,1,SRM-USDT
2021-04-30 10:00:00,1619748000000,9.1340000000,9.2350000000,9.0350000000,9.0410000000,260147.5788770000,2372567.4997744574,2372567.4997744574,1,SRM-USDT
2021-04-30 11:00:00,1619751600000,9.0360000000,9.1820000000,9.0220000000,9.0580000000,105707.4658690000,961133.0807070428,961133.0807070428,1,SRM-USDT
2021-04-30 12:00:00,1619755200000,9.0600000000,9.2420000000,9.0590000000,9.2270000000,143902.7378470000,1316188.6777393250,1316188.6777393250,1,SRM-USDT
2021-04-30 13:00:00,1619758800000,9.2330000000,9.2820000000,9.1580000000,9.2450000000,159969.2684050000,1475319.9273193227,1475319.9273193227,1,SRM-USDT
2021-04-30 14:00:00,1619762400000,9.2450000000,9.6250000000,9.2360000000,9.5770000000,325843.0168710000,3091517.0086163869,3091517.0086163869,1,SRM-USDT
2021-04-30 15:00:00,1619766000000,9.5700000000,9.5890000000,9.4150000000,9.4230000000,182007.8280630000,1728785.0033390459,1728785.0033390459,1,SRM-USDT
2021-04-30 16:00:00,1619769600000,9.4230000000,9.9420000000,9.4210000000,9.8960000000,413678.3953510000,4033893.1434092247,4033893.1434092247,1,SRM-USDT
2021-04-30 17:00:00,1619773200000,9.9030000000,9.9800000000,9.6520000000,9.6870000000,326041.6595350000,3208444.3762923661,3208444.3762923661,1,SRM-USDT
2021-04-30 18:00:00,1619776800000,9.6880000000,9.7240000000,9.4590000000,9.4810000000,251712.2653640000,2421132.1720279511,2421132.1720279511,1,SRM-USDT
2021-04-30 19:00:00,1619780400000,9.4950000000,9.5500000000,9.3640000000,9.3780000000,183261.3226290000,1733370.7568335070,1733370.7568335070,1,SRM-USDT
2021-04-30 20:00:00,1619784000000,9.3780000000,9.4990000000,9.3600000000,9.4970000000,191682.2608060000,1808162.7862419249,1808162.7862419249,1,SRM-USDT
2021-04-30 21:00:00,1619787600000,9.4960000000,9.4960000000,9.3040000000,9.3320000000,201894.2119410000,1896508.6633237167,1896508.6633237167,1,SRM-USDT
2021-04-30 22:00:00,1619791200000,9.3270000000,9.4620000000,9.2450000000,9.4180000000,219986.1886350000,2061809.4984811635,2061809.4984811635,1,SRM-USDT
2021-04-30 23:00:00,1619794800000,9.4300000000,9.6130000000,9.4220000000,9.5640000000,290485.4981770000,2772326.8745787810,2772326.8745787810,1,SRM-USDT
2021-05-01 00:00:00,1619798400000,9.5490000000,9.7460000000,9.5240000000,9.6600000000,208641.4149490000,2009717.8985749839,2009717.8985749839,1,SRM-USDT
2021-05-01 01:00:00,1619802000000,9.6600000000,9.6700000000,9.4770000000,9.5430000000,151822.5958880000,1451618.8229403810,1451618.8229403810,1,SRM-USDT
2021-05-01 02:00:00,1619805600000,9.5450000000,9.6820000000,9.5310000000,9.6290000000,161430.4532830000,1547914.5371789420,1547914.5371789420,1,SRM-USDT
2021-05-01 03:00:00,1619809200000,9.6330000000,9.8190000000,9.6090000000,9.7080000000,161740.1302100000,1573645.5727549139,1573645.5727549139,1,SRM-USDT
2021-05-01 04:00:00,1619812800000,9.7100000000,9.7800000000,9.5280000000,9.5440000000,147020.6857780000,1414527.4169702930,1414527.4169702930,1,SRM-USDT
2021-05-01 05:00:00,1619816400000,9.5570000000,9.6010000000,9.4750000000,9.4900000000,117449.2404260000,1120269.1275225093,1120269.1275225093,1,SRM-USDT
2021-05-01 06:00:00,1619820000000,9.4920000000,9.4940000000,9.3810000000,9.4360000000,120053.3073970000,1134236.6333903479,1134236.6333903479,1,SRM-USDT
2021-05-01 07:00:00,1619823600000,9.4420000000,9.6170000000,9.4310000000,9.5910000000,122709.5196830000,1168612.9645550989,1168612.9645550989,1,SRM-USDT
2021-05-01 08:00:00,1619827200000,9.5830000000,9.5850000000,9.3080000000,9.3640000000,174868.6734680000,1650480.8279915520,1650480.8279915520,1,SRM-USDT
2021-05-01 09:00:00,1619830800000,9.3520000000,9.4680000000,9.2500000000,9.4680000000,163077.8123360000,1524399.5624981010,1524399.5624981010,1,SRM-USDT
2021-05-01 10:00:00,1619834400000,9.4690000000,9.5490000000,9.4490000000,9.4790000000,84815.2220870000,806265.1128699230,806265.1128699230,1,SRM-USDT
2021-05-01 11:00:00,1619838000000,9.4780000000,9.5750000000,9.4770000000,9.5260000000,83540.9166000000,795725.1164366560,795725.1164366560,1,SRM-USDT
2021-05-01 12:00:00,1619841600000,9.5260000000,9.5960000000,9.4380000000,9.4650000000,111810.7398910000,1065798.0725339367,1065798.0725339367,1,SRM-USDT
2021-05-01 13:00:00,1619845200000,9.4620000000,9.4680000000,9.2560000000,9.3670000000,407411.2616810000,3807924.5976810176,3807924.5976810176,1,SRM-USDT
2021-05-01 14:00:00,1619848800000,9.3700000000,9.4310000000,9.3280000000,9.3410000000,74704.3524910000,701538.2689148320,701538.2689148320,1,SRM-USDT
2021-05-01 15:00:00,1619852400000,9.3440000000,9.3980000000,9.2880000000,9.3090000000,86401.1231710000,806954.7860767751,806954.7860767751,1,SRM-USDT
2021-05-01 16:00:00,1619856000000,9.3170000000,9.3510000000,9.1700000000,9.1770000000,160234.6182390000,1487229.8325259960,1487229.8325259960,1,SRM-USDT
2021-05-01 17:00:00,1619859600000,9.1760000000,9.3290000000,9.1000000000,9.2650000000,214271.5135500000,1970523.3693976861,1970523.3693976861,1,SRM-USDT
2021-05-01 18:00:00,1619863200000,9.2660000000,9.3940000000,9.2290000000,9.3660000000,101045.2705070000,941123.8211228760,941123.8211228760,1,SRM-USDT
2021-05-01 19:00:00,1619866800000,9.3710000000,9.4560000000,9.3230000000,9.4450000000,149716.4266920000,1407632.6831738520,1407632.6831738520,1,SRM-USDT
2021-05-01 20:00:00,1619870400000,9.4470000000,9.5280000000,9.3170000000,9.3360000000,173110.9143770000,1631193.5411751771,1631193.5411751771,1,SRM-USDT
2021-05-01 21:00:00,1619874000000,9.3410000000,9.3750000000,9.2250000000,9.3100000000,152978.5750620000,1422641.0619722507,1422641.0619722507,1,SRM-USDT
2021-05-01 22:00:00,1619877600000,9.3180000000,9.8550000000,9.1890000000,9.8550000000,472401.8101000000,4530837.1459736517,4530837.1459736517,1,SRM-USDT
2021-05-01 23:00:00,1619881200000,9.8340000000,10.3990000000,9.6340000000,10.1970000000,966179.4788020001,9679128.3282689415,9679128.3282689415,1,SRM-USDT
2021-05-02 00:00:00,1619884800000,10.2000000000,10.4160000000,10.1010000000,10.2580000000,559094.7165240000,5736775.8164928611,5736775.8164928611,1,SRM-USDT
2021-05-02 01:00:00,1619888400000,10.2600000000,10.4440000000,10.1650000000,10.4440000000,255543.9286070000,2632355.4627984730,2632355.4627984730,1,SRM-USDT
2021-05-02 02:00:00,1619892000000,10.4430000000,10.5170000000,10.1950000000,10.4660000000,262493.9683050000,2721888.5004839320,2721888.5004839320,1,SRM-USDT
2021-05-02 03:00:00,1619895600000,10.4580000000,10.5380000000,10.2530000000,10.3400000000,168796.7705970000,1749837.3855676660,1749837.3855676660,1,SRM-USDT
2021-05-02 04:00:00,1619899200000,10.3460000000,10.4200000000,10.2870000000,10.3750000000,137975.0615870000,1429087.8872206791,1429087.8872206791,1,SRM-USDT
2021-05-02 05:00:00,1619902800000,10.3760000000,10.3890000000,10.0100000000,10.0910000000,225096.8987140000,2288051.2519313609,2288051.2519313609,1,SRM-USDT
2021-05-02 06:00:00,1619906400000,10.0920000000,10.4300000000,10.0880000000,10.4230000000,118282.9608790000,1212704.3534863661,1212704.3534863661,1,SRM-USDT
2021-05-02 07:00:00,1619910000000,10.4210000000,10.5760000000,10.3630000000,10.5480000000,262414.7248000000,2748604.3535808208,2748604.3535808208,1,SRM-USDT
2021-05-02 08:00:00,1619913600000,10.5510000000,10.5810000000,10.1030000000,10.1810000000,259582.5464230000,2669107.6746601574,2669107.6746601574,1,SRM-USDT
2021-05-02 09:00:00,1619917200000,10.1650000000,10.2520000000,10.0660000000,10.1790000000,139754.6403830000,1418571.2947095821,1418571.2947095821,1,SRM-USDT
2021-05-02 10:00:00,1619920800000,10.1820000000,10.2470000000,10.1340000000,10.2080000000,152357.0695920000,1552248.7693543420,1552248.7693543420,1,SRM-USDT
2021-05-02 11:00:00,1619924400000,10.2110000000,10.2410000000,9.6870000000,9.7310000000,230273.6832860000,2278634.6717310529,2278634.6717310529,1,SRM-USDT
2021-05-02 12:00:00,1619928000000,9.7230000000,9.9820000000,9.5020000000,9.9550000000,310117.8242440000,3020038.0425045686,3020038.0425045686,1,SRM-USDT
2021-05-02 13:00:00,1619931600000,9.9570000000,10.4950000000,9.8140000000,10.4370000000,371292.3630220000,3763375.6247743457,3763375.6247743457,1,SRM-USDT
2021-05-02 14:00:00,1619935200000,10.4510000000,10.7450000000,10.3210000000,10.3370000000,479415.4615780000,5054172.9041144233,5054172.9041144233,1,SRM-USDT
2021-05-02 15:00:00,1619938800000,10.3520000000,10.4650000000,10.0860000000,10.2980000000,199974.6768610000,2056907.3017694177,2056907.3017694177,1,SRM-USDT
2021-05-02 16:00:00,1619942400000,10.3000000000,10.3380000000,10.0330000000,10.1610000000,204255.2835880000,2070992.7567128567,2070992.7567128567,1,SRM-USDT
2021-05-02 17:00:00,1619946000000,10.1630000000,10.2800000000,10.0100000000,10.2420000000,180517.1182830000,1830750.2896134141,1830750.2896134141,1,SRM-USDT
2021-05-02 18:00:00,1619949600000,10.2370000000,10.3870000000,10.2040000000,10.3240000000,162232.5751070000,1672777.2214331720,1672777.2214331720,1,SRM-USDT
2021-05-02 19:00:00,1619953200000,10.3330000000,10.3510000000,10.1250000000,10.2000000000,197726.0308760000,2019910.0764617289,2019910.0764617289,1,SRM-USDT
2021-05-02 20:00:00,1619956800000,10.1940000000,10.2560000000,10.1500000000,10.2340000000,146437.8697080000,1495018.8832749829,1495018.8832749829,1,SRM-USDT
2021-05-02 21:00:00,1619960400000,10.2390000000,10.4200000000,10.1310000000,10.2780000000,229905.1573740000,2356644.6239046399,2356644.6239046399,1,SRM-USDT
2021-05-02 22:00:00,1619964000000,10.2730000000,10.4140000000,10.2290000000,10.3540000000,165343.8023900000,1702504.1106338620,1702504.1106338620,1,SRM-USDT
2021-05-02 23:00:00,1619967600000,10.3520000000,10.9480000000,10.2910000000,10.7660000000,688547.4805080000,7390703.8308066828,7390703.8308066828,1,SRM-USDT
2021-05-03 00:00:00,1619971200000,10.7710000000,11.0000000000,10.6290000000,10.7290000000,353502.6454230000,3819689.4856067151,3819689.4856067151,1,SRM-USDT
2021-05-03 01:00:00,1619974800000,10.7250000000,10.8630000000,10.6800000000,10.8500000000,143550.7458320000,1542654.9049476699,1542654.9049476699,1,SRM-USDT
2021-05-03 02:00:00,1619978400000,10.8410000000,11.0720000000,10.8130000000,11.0050000000,193521.7432310000,2122595.8349798890,2122595.8349798890,1,SRM-USDT
2021-05-03 03:00:00,1619982000000,11.0010000000,11.1810000000,10.8850000000,10.9420000000,206525.6158750000,2282368.4619303951,2282368.4619303951,1,SRM-USDT
2021-05-03 04:00:00,1619985600000,10.9350000000,11.0220000000,10.7490000000,10.9030000000,149500.3972750000,1627368.5076189700,1627368.5076189700,1,SRM-USDT
2021-05-03 05:00:00,1619989200000,10.8970000000,10.9150000000,10.7210000000,10.7330000000,112596.1779560000,1216741.8312239230,1216741.8312239230,1,SRM-USDT
2021-05-03 06:00:00,1619992800000,10.7380000000,10.8320000000,10.4500000000,10.5630000000,149427.8515330000,1587438.2355456273,1587438.2355456273,1,SRM-USDT
2021-05-03 07:00:00,1619996400000,10.5680000000,10.7510000000,10.5570000000,10.6940000000,113182.1381540000,1203136.1376686180,1203136.1376686180,1,SRM-USDT
2021-05-03 08:00:00,1620000000000,10.6930000000,11.4970000000,10.6930000000,11.2720000000,753292.1494020000,8466614.0141254328,8466614.0141254328,1,SRM-USDT
2021-05-03 09:00:00,1620003600000,11.2710000000,11.2960000000,11.1130000000,11.2890000000,216541.6229600000,2423953.1735646599,2423953.1735646599,1,SRM-USDT
2021-05-03 10:00:00,1620007200000,11.2890000000,11.5470000000,11.1600000000,11.5470000000,254212.8331370000,2877977.4792174166,2877977.4792174166,1,SRM-USDT
2021-05-03 11:00:00,1620010800000,11.5480000000,11.8990000000,11.4220000000,11.6470000000,510025.7703060000,5976086.1402138406,5976086.1402138406,1,SRM-USDT
2021-05-03 12:00:00,1620014400000,11.6640000000,11.8240000000,11.5730000000,11.7840000000,207618.7506840000,2425021.8725956599,2425021.8725956599,1,SRM-USDT
2021-05-03 13:00:00,1620018000000,11.7890000000,12.0420000000,11.7420000000,11.8280000000,478430.9058310000,5716753.0496886959,5716753.0496886959,1,SRM-USDT
2021-05-03 14:00:00,1620021600000,11.8310000000,11.9130000000,11.7360000000,11.8830000000,163847.6680780000,1937303.4853384127,1937303.4853384127,1,SRM-USDT
2021-05-03 15:00:00,1620025200000,11.8820000000,11.8940000000,11.6230000000,11.6480000000,216304.2448570000,2540057.2807179042,2540057.2807179042,1,SRM-USDT
2021-05-03 16:00:00,1620028800000,11.6690000000,11.8290000000,11.6320000000,11.7570000000,191416.0943280000,2242179.9349717810,2242179.9349717810,1,SRM-USDT
2021-05-03 17:00:00,1620032400000,11.7540000000,11.7970000000,11.4400000000,11.4400000000,203567.9904110000,2356512.3739942969,2356512.3739942969,1,SRM-USDT
2021-05-03 18:00:00,1620036000000,11.4500000000,12.9760000000,11.3410000000,12.6090000000,1073890.5049109999,13015972.0283076707,13015972.0283076707,1,SRM-USDT
2021-05-03 19:00:00,1620039600000,12.6100000000,12.6470000000,12.2620000000,12.4740000000,727293.2944380000,9050964.8137729801,9050964.8137729801,1,SRM-USDT
2021-05-03 20:00:00,1620043200000,12.4860000000,12.5680000000,12.0550000000,12.2530000000,368906.6049010000,4528667.1451479644,4528667.1451479644,1,SRM-USDT
2021-05-03 21:00:00,1620046800000,12.2580000000,12.2600000000,11.7790000000,11.9420000000,352057.7901280000,4233764.8810330927,4233764.8810330927,1,SRM-USDT
2021-05-03 22:00:00,1620050400000,11.9330000000,12.1970000000,11.8000000000,12.0700000000,280968.7305090000,3379283.3202221901,3379283.3202221901,1,SRM-USDT
2021-05-03 23:00:00,1620054000000,12.0690000000,12.0890000000,11.8570000000,11.8840000000,196173.1467900000,2352535.9430559860,2352535.9430559860,1,SRM-USDT
2021-05-04 00:00:00,1620057600000,11.9000000000,12.3190000000,11.7180000000,12.1220000000,276068.6202180000,3314842.1462835511,3314842.1462835511,1,SRM-USDT
2021-05-04 01:00:00,1620061200000,12.1210000000,12.3940000000,12.0490000000,12.2450000000,273898.1109590000,3358833.3125841087,3358833.3125841087,1,SRM-USDT
2021-05-04 02:00:00,1620064800000,12.2440000000,12.2760000000,12.0250000000,12.0430000000,177870.7371650000,2160829.2873179480,2160829.2873179480,1,SRM-USDT
2021-05-04 03:00:00,1620068400000,12.0370000000,12.0770000000,11.7900000000,11.8920000000,210669.9029660000,2511762.2447438580,2511762.2447438580,1,SRM-USDT
2021-05-04 04:00:00,1620072000000,11.8980000000,11.8980000000,11.5420000000,11.6580000000,229442.5997310000,2683841.0646120762,2683841.0646120762,1,SRM-USDT
2021-05-04 05:00:00,1620075600000,11.6430000000,11.8640000000,11.4790000000,11.7910000000,157163.1242740000,1828027.5662231820,1828027.5662231820,1,SRM-USDT
2021-05-04 06:00:00,1620079200000,11.7890000000,11.9450000000,11.6590000000,11.8400000000,174683.1709650000,2058458.8844940737,2058458.8844940737,1,SRM-USDT
2021-05-04 07:00:00,1620082800000,11.8350000000,11.8510000000,11.6920000000,11.7180000000,133255.8043100000,1570319.3815792941,1570319.3815792941,1,SRM-USDT
2021-05-04 08:00:00,1620086400000,11.7130000000,11.9590000000,10.7780000000,11.0610000000,762489.0771620000,8766596.3731775992,8766596.3731775992,1,SRM-USDT
2021-05-04 09:00:00,1620090000000,11.0360000000,11.6090000000,11.0000000000,11.3880000000,369456.2381580000,4192707.3393821856,4192707.3393821856,1,SRM-USDT
2021-05-04 10:00:00,1620093600000,11.3940000000,11.5290000000,10.9420000000,10.9990000000,328677.0201450000,3675122.3010255047,3675122.3010255047,1,SRM-USDT
2021-05-04 11:00:00,1620097200000,10.9970000000,11.1630000000,10.8500000000,11.0510000000,279416.0770470000,3077094.4540027040,3077094.4540027040,1,SRM-USDT
2021-05-04 12:00:00,1620100800000,11.0480000000,11.3060000000,10.9820000000,11.2730000000,164362.7666790000,1839638.8416315329,1839638.8416315329,1,SRM-USDT
2021-05-04 13:00:00,1620104400000,11.2730000000,11.4440000000,11.2500000000,11.3570000000,175726.4126250000,1993558.3990728599,1993558.3990728599,1,SRM-USDT
2021-05-04 14:00:00,1620108000000,11.3660000000,12.5220000000,11.3660000000,12.1130000000,860876.9004100000,10400930.9045565072,10400930.9045565072,1,SRM-USDT
2021-05-04 15:00:00,1620111600000,12.1380000000,12.2410000000,11.6240000000,11.6430000000,416928.5127750000,4985574.7201042799,4985574.7201042799,1,SRM-USDT
2021-05-04 16:00:00,1620115200000,11.6450000000,11.8950000000,11.5010000000,11.7150000000,305432.6513100000,3569952.8757714289,3569952.8757714289,1,SRM-USDT
2021-05-04 17:00:00,1620118800000,11.7200000000,11.9800000000,11.7200000000,11.8400000000,186007.9195840000,2203765.8798231832,2203765.8798231832,1,SRM-USDT
2021-05-04 18:00:00,1620122400000,11.8640000000,12.2370000000,11.8600000000,12.0790000000,317330.7199610000,3839744.0888130791,3839744.0888130791,1,SRM-USDT
2021-05-04 19:00:00,1620126000000,12.0750000000,12.1140000000,11.8820000000,11.9830000000,205403.3134190000,2466634.0933266841,2466634.0933266841,1,SRM-USDT
2021-05-04 20:00:00,1620129600000,11.9920000000,12.0350000000,11.5950000000,11.6460000000,275234.1225170000,3232669.5085321511,3232669.5085321511,1,SRM-USDT
2021-05-04 21:00:00,1620133200000,11.6460000000,11.6480000000,11.1000000000,11.3070000000,304659.2699230000,3476614.7435277281,3476614.7435277281,1,SRM-USDT
2021-05-04 22:00:00,1620136800000,11.3050000000,11.3720000000,10.8730000000,11.0310000000,388556.9428500000,4321436.8394534951,4321436.8394534951,1,SRM-USDT
2021-05-04 23:00:00,1620140400000,11.0180000000,11.0720000000,10.4540000000,10.6460000000,505109.6339050000,5438075.4557964150,5438075.4557964150,1,SRM-USDT
2021-05-05 00:00:00,1620144000000,10.6540000000,10.9230000000,10.2530000000,10.6200000000,387932.0065530000,4115932.9064572304,4115932.9064572304,1,SRM-USDT
2021-05-05 01:00:00,1620147600000,10.6200000000,10.8620000000,10.5760000000,10.8020000000,280587.2874360000,3018190.4260661760,3018190.4260661760,1,SRM-USDT
2021-05-05 02:00:00,1620151200000,10.8020000000,10.9340000000,10.7290000000,10.7840000000,221301.5682100000,2399518.0225533447,2399518.0225533447,1,SRM-USDT
2021-05-05 03:00:00,1620154800000,10.7850000000,10.9490000000,10.7550000000,10.9190000000,106181.0758390000,1151324.9389537589,1151324.9389537589,1,SRM-USDT
2021-05-05 04:00:00,1620158400000,10.9190000000,11.0700000000,10.7250000000,10.9620000000,115401.1464770000,1259305.6604999960,1259305.6604999960,1,SRM-USDT
2021-05-05 05:00:00,1620162000000,10.9850000000,10.9850000000,10.6540000000,10.6660000000,104951.7637990000,1137472.8341390810,1137472.8341390810,1,SRM-USDT
2021-05-05 06:00:00,1620165600000,10.6740000000,10.7180000000,10.3680000000,10.6150000000,188821.4310570000,1990129.8248673121,1990129.8248673121,1,SRM-USDT
2021-05-05 07:00:00,1620169200000,10.6120000000,10.6120000000,10.2080000000,10.2730000000,253140.4083820000,2632647.9433424287,2632647.9433424287,1,SRM-USDT
2021-05-05 08:00:00,1620172800000,10.2760000000,10.7770000000,10.0580000000,10.7370000000,450343.7082090000,4710397.3016623762,4710397.3016623762,1,SRM-USDT
2021-05-05 09:00:00,1620176400000,10.7470000000,11.0230000000,10.6670000000,10.7350000000,223198.1205590000,2413031.5822795350,2413031.5822795350,1,SRM-USDT
2021-05-05 10:00:00,1620180000000,10.7360000000,10.8210000000,10.6470000000,10.6950000000,146824.3427440000,1576405.9021465641,1576405.9021465641,1,SRM-USDT
2021-05-05 11:00:00,1620183600000,10.6900000000,10.7030000000,10.4700000000,10.5330000000,143970.3364200000,1521209.6001387360,1521209.6001387360,1,SRM-USDT
2021-05-05 12:00:00,1620187200000,10.5310000000,10.6090000000,10.3500000000,10.3960000000,132727.9019190000,1396444.7689951600,1396444.7689951600,1,SRM-USDT
2021-05-05 13:00:00,1620190800000,10.4040000000,10.6710000000,10.3330000000,10.5950000000,124505.0459600000,1311067.1090596530,1311067.1090596530,1,SRM-USDT
2021-05-05 14:00:00,1620194400000,10.6040000000,10.6540000000,10.3750000000,10.4950000000,120605.8681030000,1266589.2090342627,1266589.2090342627,1,SRM-USDT
2021-05-05 15:00:00,1620198000000,10.5060000000,10.7940000000,10.4330000000,10.7840000000,155372.2633240000,1647146.6846213730,1647146.6846213730,1,SRM-USDT
2021-05-05 16:00:00,1620201600000,10.7870000000,10.9620000000,10.7440000000,10.9040000000,167979.1189670000,1823918.0104457841,1823918.0104457841,1,SRM-USDT
2021-05-05 17:00:00,1620205200000,10.9040000000,10.9040000000,10.7160000000,10.8560000000,120297.4032150000,1301143.0482496787,1301143.0482496787,1,SRM-USDT
2021-05-05 18:00:00,1620208800000,10.8590000000,10.9750000000,10.7940000000,10.8760000000,129817.5221610000,1413496.8169402250,1413496.8169402250,1,SRM-USDT
2021-05-05 19:00:00,1620212400000,10.8730000000,11.3000000000,10.8590000000,11.1310000000,297919.3728150000,3316055.0438350849,3316055.0438350849,1,SRM-USDT
2021-05-05 20:00:00,1620216000000,11.1290000000,11.3310000000,11.0750000000,11.1140000000,168790.2392330000,1887105.8736205520,1887105.8736205520,1,SRM-USDT
2021-05-05 21:00:00,1620219600000,11.1180000000,11.5000000000,11.0540000000,11.3350000000,234062.7974910000,2644559.8657119400,2644559.8657119400,1,SRM-USDT
2021-05-05 22:00:00,1620223200000,11.3590000000,11.3590000000,11.0300000000,11.2440000000,140867.0221440000,1574545.4949798670,1574545.4949798670,1,SRM-USDT
2021-05-05 23:00:00,1620226800000,11.2560000000,11.3030000000,11.0880000000,11.0940000000,140962.2658170000,1577165.0634736919,1577165.0634736919,1,SRM-USDT
2021-05-06 00:00:00,1620230400000,11.0830000000,11.2970000000,10.9630000000,11.2860000000,198005.1186330000,2200941.0562530160,2200941.0562530160,1,SRM-USDT
2021-05-06 01:00:00,1620234000000,11.2760000000,11.3440000000,11.1590000000,11.1690000000,131618.7542650000,1480315.3028233110,1480315.3028233110,1,SRM-USDT
2021-05-06 02:00:00,1620237600000,11.1740000000,11.2590000000,11.1190000000,11.1750000000,107885.3034040000,1206614.1555461381,1206614.1555461381,1,SRM-USDT
2021-05-06 03:00:00,1620241200000,11.1740000000,11.2650000000,11.1480000000,11.2380000000,81330.5450200000,911113.9007867220,911113.9007867220,1,SRM-USDT
2021-05-06 04:00:00,1620244800000,11.2360000000,11.2670000000,10.9490000000,11.0180000000,169456.6396180000,1871609.1380003807,1871609.1380003807,1,SRM-USDT
2021-05-06 05:00:00,1620248400000,11.0180000000,11.0360000000,10.8610000000,10.9100000000,76998.6430780000,843509.6890986540,843509.6890986540,1,SRM-USDT
2021-05-06 06:00:00,1620252000000,10.9160000000,11.1570000000,10.8920000000,11.0960000000,104087.0801640000,1149794.5421252500,1149794.5421252500,1,SRM-USDT
2021-05-06 07:00:00,1620255600000,11.1060000000,11.1830000000,10.9750000000,11.1600000000,98461.4691640000,1091258.2746762347,1091258.2746762347,1,SRM-USDT
2021-05-06 08:00:00,1620259200000,11.1550000000,11.1860000000,10.6160000000,10.7230000000,329619.1968400000,3589279.9811802688,3589279.9811802688,1,SRM-USDT
2021-05-06 09:00:00,1620262800000,10.7190000000,10.7770000000,10.5740000000,10.6570000000,110960.8892060000,1184466.2226287159,1184466.2226287159,1,SRM-USDT
2021-05-06 10:00:00,1620266400000,10.6670000000,10.6910000000,10.5680000000,10.6580000000,106167.4544310000,1129693.7949661119,1129693.7949661119,1,SRM-USDT
2021-05-06 11:00:00,1620270000000,10.6580000000,10.6830000000,10.5350000000,10.6800000000,106934.8746730000,1133635.2429718799,1133635.2429718799,1,SRM-USDT
2021-05-06 12:00:00,1620273600000,10.6780000000,10.7510000000,10.5940000000,10.6170000000,129558.3974320000,1385398.9708489061,1385398.9708489061,1,SRM-USDT
2021-05-06 13:00:00,1620277200000,10.6220000000,10.7020000000,10.5390000000,10.6670000000,82937.9064170000,882016.6191022320,882016.6191022320,1,SRM-USDT
2021-05-06 14:00:00,1620280800000,10.6620000000,10.6670000000,10.3760000000,10.4270000000,127523.8012660000,1339706.9464474921,1339706.9464474921,1,SRM-USDT
2021-05-06 15:00:00,1620284400000,10.4280000000,10.5780000000,10.3590000000,10.5150000000,106207.8014960000,1115377.7896593660,1115377.7896593660,1,SRM-USDT
2021-05-06 16:00:00,1620288000000,10.5230000000,10.6440000000,10.5230000000,10.5770000000,92910.1483750000,985007.4680955170,985007.4680955170,1,SRM-USDT
2021-05-06 17:00:00,1620291600000,10.5800000000,10.6860000000,10.5260000000,10.6370000000,101556.9083720000,1080240.9138171207,1080240.9138171207,1,SRM-USDT
2021-05-06 18:00:00,1620295200000,10.6350000000,10.8200000000,10.5540000000,10.6630000000,109852.4729600000,1174952.8139353993,1174952.8139353993,1,SRM-USDT
2021-05-06 19:00:00,1620298800000,10.6700000000,10.9740000000,10.6020000000,10.9230000000,130336.7351420000,1408923.6345922120,1408923.6345922120,1,SRM-USDT
2021-05-06 20:00:00,1620302400000,10.9250000000,10.9250000000,10.6060000000,10.6620000000,107331.4036090000,1153167.2200912179,1153167.2200912179,1,SRM-USDT
2021-05-06 21:00:00,1620306000000,10.6630000000,10.6930000000,10.5270000000,10.6640000000,143043.5932420000,1516439.7247754040,1516439.7247754040,1,SRM-USDT
2021-05-06 22:00:00,1620309600000,10.6690000000,10.7870000000,10.5870000000,10.7040000000,102084.2888190000,1092141.0594552611,1092141.0594552611,1,SRM-USDT
2021-05-06 23:00:00,1620313200000,10.7030000000,10.8320000000,10.5720000000,10.6600000000,102121.9399790000,1094324.5515488540,1094324.5515488540,1,SRM-USDT
2021-05-07 00:00:00,1620316800000,10.6620000000,10.7450000000,10.5580000000,10.6110000000,112563.9966330000,1200886.1299691971,1200886.1299691971,1,SRM-USDT
2021-05-07 01:00:00,1620320400000,10.6150000000,10.7200000000,10.5790000000,10.5820000000,87124.7178230000,926655.5263222628,926655.5263222628,1,SRM-USDT
2021-05-07 02:00:00,1620324000000,10.5810000000,10.6410000000,10.0500000000,10.2000000000,238557.5696460000,2446335.0837533232,2446335.0837533232,1,SRM-USDT
2021-05-07 03:00:00,1620327600000,10.1970000000,10.4010000000,10.0800000000,10.3910000000,153754.4307230000,1572490.4927623910,1572490.4927623910,1,SRM-USDT
2021-05-07 04:00:00,1620331200000,10.3970000000,10.4050000000,10.1810000000,10.2900000000,90055.5790720000,924923.5780433459,924923.5780433459,1,SRM-USDT
2021-05-07 05:00:00,1620334800000,10.2910000000,10.4810000000,10.2710000000,10.4550000000,74217.7716010000,768385.8255763371,768385.8255763371,1,SRM-USDT
2021-05-07 06:00:00,1620338400000,10.4520000000,10.4950000000,10.3640000000,10.4330000000,83592.0025660000,870643.2249296040,870643.2249296040,1,SRM-USDT
2021-05-07 07:00:00,1620342000000,10.4330000000,10.4360000000,10.2520000000,10.3230000000,74156.7919640000,767175.8021601840,767175.8021601840,1,SRM-USDT
2021-05-07 08:00:00,1620345600000,10.3300000000,10.3560000000,10.1310000000,10.1990000000,173822.2454780000,1782968.6324654827,1782968.6324654827,1,SRM-USDT
2021-05-07 09:00:00,1620349200000,10.2000000000,10.2470000000,10.0000000000,10.0150000000,198909.6379520000,2008922.3398367709,2008922.3398367709,1,SRM-USDT
2021-05-07 10:00:00,1620352800000,10.0110000000,10.1120000000,9.6420000000,9.7890000000,290495.1634230000,2871778.8960677902,2871778.8960677902,1,SRM-USDT
2021-05-07 11:00:00,1620356400000,9.7850000000,9.8900000000,9.6140000000,9.8380000000,183371.2592470000,1793083.7154039440,1793083.7154039440,1,SRM-USDT
2021-05-07 12:00:00,1620360000000,9.8270000000,9.8270000000,9.5730000000,9.7290000000,145829.0525330000,1411944.2363012601,1411944.2363012601,1,SRM-USDT
2021-05-07 13:00:00,1620363600000,9.7310000000,9.9140000000,9.7040000000,9.8960000000,112786.7709330000,1106666.7118542730,1106666.7118542730,1,SRM-USDT
2021-05-07 14:00:00,1620367200000,9.8880000000,10.2430000000,9.8790000000,10.2350000000,113332.6711340000,1141528.4507593319,1141528.4507593319,1,SRM-USDT
2021-05-07 15:00:00,1620370800000,10.2270000000,10.2270000000,10.0260000000,10.0780000000,78740.7854820000,797817.4671666900,797817.4671666900,1,SRM-USDT
2021-05-07 16:00:00,1620374400000,10.0740000000,10.1830000000,10.0040000000,10.1010000000,86463.8550360000,872502.7233190280,872502.7233190280,1,SRM-USDT
2021-05-07 17:00:00,1620378000000,10.0970000000,10.1660000000,10.0970000000,10.1290000000,44725.3222450000,453391.8752300710,453391.8752300710,1,SRM-USDT
2021-05-07 18:00:00,1620381600000,10.1280000000,10.2590000000,10.1280000000,10.2130000000,74714.7164930000,761965.6122001740,761965.6122001740,1,SRM-USDT
2021-05-07 19:00:00,1620385200000,10.2060000000,10.4210000000,10.1610000000,10.2550000000,179412.0968640000,1845608.8021609469,1845608.8021609469,1,SRM-USDT
2021-05-07 20:00:00,1620388800000,10.2600000000,10.7030000000,10.2050000000,10.6540000000,205209.3854470000,2152312.0227462188,2152312.0227462188,1,SRM-USDT
2021-05-07 21:00:00,1620392400000,10.6570000000,10.6740000000,10.4210000000,10.4320000000,138095.0755870000,1455569.7501944527,1455569.7501944527,1,SRM-USDT
2021-05-07 22:00:00,1620396000000,10.4450000000,10.4670000000,10.2980000000,10.4320000000,77425.9499180000,803666.6542941950,803666.6542941950,1,SRM-USDT
2021-05-07 23:00:00,1620399600000,10.4390000000,10.6060000000,10.3490000000,10.6060000000,77493.4194430000,809000.9692603319,809000.9692603319,1,SRM-USDT
2021-05-08 00:00:00,1620403200000,10.6100000000,10.7740000000,10.5360000000,10.6560000000,223245.2617670000,2384287.9220622079,2384287.9220622079,1,SRM-USDT
2021-05-08 01:00:00,1620406800000,10.6680000000,10.7000000000,10.4970000000,10.5070000000,93337.7751800000,988529.0501043900,988529.0501043900,1,SRM-USDT
2021-05-08 02:00:00,1620410400000,10.5040000000,10.5080000000,10.2510000000,10.3280000000,91877.9544290000,949894.4906069180,949894.4906069180,1,SRM-USDT
2021-05-08 03:00:00,1620414000000,10.3300000000,10.3440000000,10.1930000000,10.2470000000,80234.3718310000,822650.4064244370,822650.4064244370,1,SRM-USDT
2021-05-08 04:00:00,1620417600000,10.2330000000,10.4280000000,10.2320000000,10.3320000000,75046.5161660000,777191.2164450750,777191.2164450750,1,SRM-USDT
2021-05-08 05:00:00,1620421200000,10.3370000000,10.3370000000,10.0540000000,10.1070000000,83701.7797110000,850203.8376688150,850203.8376688150,1,SRM-USDT
2021-05-08 06:00:00,1620424800000,10.1090000000,10.1870000000,9.8570000000,9.9480000000,101056.9366320000,1009017.8126523820,1009017.8126523820,1,SRM-USDT
2021-05-08 07:00:00,1620428400000,9.9550000000,10.1560000000,9.9440000000,10.1380000000,88377.4030120000,888198.0391126990,888198.0391126990,1,SRM-USDT
2021-05-08 08:00:00,1620432000000,10.1400000000,10.4090000000,9.9520000000,10.3700000000,232536.6791870000,2379852.2740610046,2379852.2740610046,1,SRM-USDT
2021-05-08 09:00:00,1620435600000,10.3670000000,10.4150000000,10.2670000000,10.2890000000,61098.5125720000,631674.6731963099,631674.6731963099,1,SRM-USDT
2021-05-08 10:00:00,1620439200000,10.3010000000,10.4160000000,10.2750000000,10.3380000000,60203.4859640000,622639.6334198910,622639.6334198910,1,SRM-USDT
2021-05-08 11:00:00,1620442800000,10.3410000000,10.4190000000,10.3160000000,10.3200000000,60531.8272740000,627110.4822969170,627110.4822969170,1,SRM-USDT
2021-05-08 12:00:00,1620446400000,10.3170000000,10.4020000000,10.2610000000,10.2860000000,75472.4159590000,779251.8627481570,779251.8627481570,1,SRM-USDT
2021-05-08 13:00:00,1620450000000,10.2870000000,10.2900000000,10.2000000000,10.2300000000,56581.4868540000,578834.9816348091,578834.9816348091,1,SRM-USDT
2021-05-08 14:00:00,1620453600000,10.2270000000,10.2470000000,10.1440000000,10.1710000000,49540.6224440000,504923.9029409310,504923.9029409310,1,SRM-USDT
2021-05-08 15:00:00,1620457200000,10.1650000000,10.3600000000,10.1010000000,10.3100000000,57237.2454140000,587469.9444391570,587469.9444391570,1,SRM-USDT
2021-05-08 16:00:00,1620460800000,10.3140000000,10.6050000000,10.3140000000,10.4620000000,145601.4553980000,1529124.7583098570,1529124.7583098570,1,SRM-USDT
2021-05-08 17:00:00,1620464400000,10.4620000000,10.5110000000,10.3970000000,10.4600000000,69856.5558090000,730464.8963834310,730464.8963834310,1,SRM-USDT
2021-05-08 18:00:00,1620468000000,10.4490000000,10.6270000000,10.3950000000,10.4370000000,70835.3034260000,744403.2994525350,744403.2994525350,1,SRM-USDT
2021-05-08 19:00:00,1620471600000,10.4360000000,10.4590000000,10.3500000000,10.3620000000,41167.7282170000,428447.6404140140,428447.6404140140,1,SRM-USDT
2021-05-08 20:00:00,1620475200000,10.3630000000,10.3980000000,10.2780000000,10.3400000000,55242.7434620000,571035.1892852280,571035.1892852280,1,SRM-USDT
2021-05-08 21:00:00,1620478800000,10.3440000000,10.5430000000,10.3080000000,10.4700000000,90412.8590560000,940620.1829776200,940620.1829776200,1,SRM-USDT
2021-05-08 22:00:00,1620482400000,10.4720000000,11.0000000000,10.4580000000,10.8780000000,255462.0423030000,2748527.6190007930,2748527.6190007930,1,SRM-USDT
2021-05-08 23:00:00,1620486000000,10.8980000000,10.9230000000,10.4610000000,10.5020000000,232274.9694040000,2487691.0281151510,2487691.0281151510,1,SRM-USDT
2021-05-09 00:00:00,1620489600000,10.4990000000,11.3900000000,10.4930000000,10.9490000000,727650.8985400000,8062139.9501616349,8062139.9501616349,1,SRM-USDT
2021-05-09 01:00:00,1620493200000,10.9290000000,11.0980000000,10.7980000000,11.0390000000,242658.6677250000,2656256.7378141708,2656256.7378141708,1,SRM-USDT
2021-05-09 02:00:00,1620496800000,11.0350000000,11.0870000000,10.8490000000,10.9880000000,133638.8312310000,1462543.4101787161,1462543.4101787161,1,SRM-USDT
2021-05-09 03:00:00,1620500400000,10.9850000000,11.0170000000,10.8320000000,10.9620000000,91088.3099580000,994568.8428668468,994568.8428668468,1,SRM-USDT
2021-05-09 04:00:00,1620504000000,10.9560000000,10.9610000000,10.7410000000,10.9400000000,120252.6862200000,1304661.6975338710,1304661.6975338710,1,SRM-USDT
2021-05-09 05:00:00,1620507600000,10.9460000000,10.9460000000,10.7880000000,10.7990000000,96152.1923820000,1043375.9283335980,1043375.9283335980,1,SRM-USDT
2021-05-09 06:00:00,1620511200000,10.8240000000,11.0920000000,10.8170000000,10.9560000000,124754.5425470000,1366780.2763297660,1366780.2763297660,1,SRM-USDT
2021-05-09 07:00:00,1620514800000,10.9560000000,11.0230000000,10.7000000000,10.8180000000,82418.5355280000,891921.0471010340,891921.0471010340,1,SRM-USDT
2021-05-09 08:00:00,1620518400000,10.8200000000,10.8350000000,10.5710000000,10.6030000000,182087.6636420000,1947791.2945270808,1947791.2945270808,1,SRM-USDT
2021-05-09 09:00:00,1620522000000,10.5900000000,10.6530000000,10.5270000000,10.6000000000,130286.3348590000,1380558.6119425227,1380558.6119425227,1,SRM-USDT
2021-05-09 10:00:00,1620525600000,10.5950000000,10.6160000000,10.5190000000,10.5540000000,62201.9745490000,657323.3460900059,657323.3460900059,1,SRM-USDT
2021-05-09 11:00:00,1620529200000,10.5500000000,10.6490000000,10.2300000000,10.2810000000,120901.1582040000,1272752.3818252231,1272752.3818252231,1,SRM-USDT
2021-05-09 12:00:00,1620532800000,10.2770000000,10.3850000000,10.0120000000,10.2720000000,261619.2334020000,2674752.5890817321,2674752.5890817321,1,SRM-USDT
2021-05-09 13:00:00,1620536400000,10.2720000000,10.3860000000,10.2140000000,10.3610000000,86605.1937510000,894296.5302260830,894296.5302260830,1,SRM-USDT
2021-05-09 14:00:00,1620540000000,10.3680000000,10.3690000000,10.2790000000,10.3280000000,67687.4289980000,697790.0834729250,697790.0834729250,1,SRM-USDT
2021-05-09 15:00:00,1620543600000,10.3340000000,10.3460000000,10.1960000000,10.2430000000,65913.7102450000,678944.4090771060,678944.4090771060,1,SRM-USDT
2021-05-09 16:00:00,1620547200000,10.2400000000,10.3900000000,10.2200000000,10.3470000000,61344.6949880000,633232.1948321670,633232.1948321670,1,SRM-USDT
2021-05-09 17:00:00,1620550800000,10.3370000000,10.4250000000,10.2090000000,10.3180000000,68002.9502340000,703002.4883083480,703002.4883083480,1,SRM-USDT
2021-05-09 18:00:00,1620554400000,10.3090000000,10.3620000000,10.1670000000,10.3490000000,83767.2732340000,859501.4669601710,859501.4669601710,1,SRM-USDT
2021-05-09 19:00:00,1620558000000,10.3520000000,10.4240000000,10.1910000000,10.1930000000,64232.0136770000,661725.1707471940,661725.1707471940,1,SRM-USDT
2021-05-09 20:00:00,1620561600000,10.1980000000,10.2230000000,9.8050000000,9.8500000000,213554.2634290000,2138195.8623280730,2138195.8623280730,1,SRM-USDT
2021-05-09 21:00:00,1620565200000,9.8530000000,10.0740000000,9.8500000000,10.0680000000,87899.5393170000,876834.7842230790,876834.7842230790,1,SRM-USDT
2021-05-09 22:00:00,1620568800000,10.0630000000,10.1150000000,9.9960000000,10.0680000000,72035.5950780000,724976.7988128799,724976.7988128799,1,SRM-USDT
2021-05-09 23:00:00,1620572400000,10.0690000000,10.2170000000,10.0230000000,10.2010000000,58093.1837330000,588069.3777766681,588069.3777766681,1,SRM-USDT
2021-05-10 00:00:00,1620576000000,10.1950000000,10.3330000000,10.1880000000,10.2940000000,87735.0256890000,900370.2688298810,900370.2688298810,1,SRM-USDT
2021-05-10 01:00:00,1620579600000,10.3030000000,10.3560000000,10.2290000000,10.2420000000,91589.3108540000,940789.9417036760,940789.9417036760,1,SRM-USDT
2021-05-10 02:00:00,1620583200000,10.2480000000,10.3050000000,10.1340000000,10.2040000000,49775.6346730000,508455.7981809940,508455.7981809940,1,SRM-USDT
2021-05-10 03:00:00,1620586800000,10.2060000000,10.2150000000,10.0250000000,10.0980000000,62086.9151390000,627501.2385353500,627501.2385353500,1,SRM-USDT
2021-05-10 04:00:00,1620590400000,10.0830000000,10.1970000000,10.0670000000,10.1730000000,46721.0798290000,473922.2931032290,473922.2931032290,1,SRM-USDT
2021-05-10 05:00:00,1620594000000,10.1800000000,10.2230000000,10.1680000000,10.2050000000,38009.2278230000,387471.0573774390,387471.0573774390,1,SRM-USDT
2021-05-10 06:00:00,1620597600000,10.2080000000,10.2410000000,10.0860000000,10.1390000000,56835.5178140000,577716.3740847160,577716.3740847160,1,SRM-USDT
2021-05-10 07:00:00,1620601200000,10.1510000000,10.2990000000,10.1510000000,10.2840000000,55082.2010570000,563476.5923486250,563476.5923486250,1,SRM-USDT
2021-05-10 08:00:00,1620604800000,10.2870000000,10.3240000000,10.1850000000,10.3240000000,94018.6460710000,963085.8826489900,963085.8826489900,1,SRM-USDT
2021-05-10 09:00:00,1620608400000,10.3000000000,10.3960000000,10.2620000000,10.3540000000,51874.8682480000,536239.3122318120,536239.3122318120,1,SRM-USDT
2021-05-10 10:00:00,1620612000000,10.3640000000,10.3800000000,10.2800000000,10.3120000000,39225.1267740000,405012.9358497320,405012.9358497320,1,SRM-USDT
2021-05-10 11:00:00,1620615600000,10.3200000000,10.5850000000,10.3070000000,10.5380000000,97864.8075360000,1025085.2737253490,1025085.2737253490,1,SRM-USDT
2021-05-10 12:00:00,1620619200000,10.5580000000,10.5580000000,10.4130000000,10.4810000000,54206.7446070000,567494.1780167650,567494.1780167650,1,SRM-USDT
2021-05-10 13:00:00,1620622800000,10.4890000000,10.5990000000,10.3630000000,10.4320000000,79391.6733110000,830784.0693464910,830784.0693464910,1,SRM-USDT
2021-05-10 14:00:00,1620626400000,10.4330000000,10.5570000000,10.4030000000,10.4590000000,42181.2291770000,441963.3712534110,441963.3712534110,1,SRM-USDT
2021-05-10 15:00:00,1620630000000,10.4610000000,10.4990000000,10.3350000000,10.3360000000,46845.3999970000,487862.8232429860,487862.8232429860,1,SRM-USDT
2021-05-10 16:00:00,1620633600000,10.3330000000,10.4240000000,10.2240000000,10.3900000000,104314.1067050000,1074977.9312963211,1074977.9312963211,1,SRM-USDT
2021-05-10 17:00:00,1620637200000,10.3910000000,10.4130000000,10.1850000000,10.2370000000,92925.6456680000,954562.1487212670,954562.1487212670,1,SRM-USDT
2021-05-10 18:00:00,1620640800000,10.2550000000,10.3500000000,10.0230000000,10.1120000000,84462.1179040000,863573.3379979130,863573.3379979130,1,SRM-USDT
2021-05-10 19:00:00,1620644400000,10.1090000000,10.1800000000,9.9590000000,10.1290000000,130279.5371560000,1314188.9465785867,1314188.9465785867,1,SRM-USDT
2021-05-10 20:00:00,1620648000000,10.1260000000,10.3560000000,10.0590000000,10.1270000000,126620.9199280000,1291342.4600743309,1291342.4600743309,1,SRM-USDT
2021-05-10 21:00:00,1620651600000,10.1390000000,10.2130000000,10.0320000000,10.0870000000,98175.2607130000,995714.2793609740,995714.2793609740,1,SRM-USDT
2021-05-10 22:00:00,1620655200000,10.0790000000,10.0800000000,9.7800000000,9.7810000000,169319.1154240000,1682672.4369550913,1682672.4369550913,1,SRM-USDT
2021-05-10 23:00:00,1620658800000,9.7800000000,10.1950000000,9.7770000000,10.1390000000,108344.3677850000,1078266.5743923180,1078266.5743923180,1,SRM-USDT
2021-05-11 00:00:00,1620662400000,10.1380000000,10.1780000000,9.9710000000,9.9860000000,90750.4557690000,911366.7439978900,911366.7439978900,1,SRM-USDT
2021-05-11 01:00:00,1620666000000,9.9810000000,10.0330000000,9.7800000000,9.8060000000,85712.3378990000,848581.9150423150,848581.9150423150,1,SRM-USDT
2021-05-11 02:00:00,1620669600000,9.8080000000,9.8920000000,9.6730000000,9.7560000000,179874.4418030000,1757024.8482949780,1757024.8482949780,1,SRM-USDT
2021-05-11 03:00:00,1620673200000,9.7580000000,9.8310000000,9.2200000000,9.3220000000,207125.0072690000,1975037.3555147760,1975037.3555147760,1,SRM-USDT
2021-05-11 04:00:00,1620676800000,9.3200000000,9.3220000000,8.7210000000,9.1800000000,314955.8974650000,2866769.5616416000,2866769.5616416000,1,SRM-USDT
2021-05-11 05:00:00,1620680400000,9.1770000000,9.3870000000,9.1310000000,9.3420000000,128257.5609840000,1190992.6725526559,1190992.6725526559,1,SRM-USDT
2021-05-11 06:00:00,1620684000000,9.3420000000,9.4720000000,9.2370000000,9.4270000000,116801.3854530000,1092850.9963058969,1092850.9963058969,1,SRM-USDT
2021-05-11 07:00:00,1620687600000,9.4170000000,9.4220000000,9.1250000000,9.1610000000,98293.2608170000,909370.4841103510,909370.4841103510,1,SRM-USDT
2021-05-11 08:00:00,1620691200000,9.1560000000,9.3620000000,8.9780000000,8.9840000000,176080.6587970000,1615488.2071818300,1615488.2071818300,1,SRM-USDT
2021-05-11 09:00:00,1620694800000,8.9810000000,9.1050000000,8.8730000000,9.0730000000,104220.3240150000,938519.4342058870,938519.4342058870,1,SRM-USDT
2021-05-11 10:00:00,1620698400000,9.0790000000,9.1420000000,8.7710000000,8.8010000000,98035.5401520000,880790.4407618940,880790.4407618940,1,SRM-USDT
2021-05-11 11:00:00,1620702000000,8.8070000000,8.9520000000,8.7280000000,8.9220000000,116006.6699970000,1026338.6131821490,1026338.6131821490,1,SRM-USDT
2021-05-11 12:00:00,1620705600000,8.9200000000,9.0480000000,8.8700000000,9.0250000000,68139.0443650000,613026.6635010730,613026.6635010730,1,SRM-USDT
2021-05-11 13:00:00,1620709200000,9.0340000000,9.0970000000,8.8050000000,8.8920000000,95753.7877300000,859589.0898492140,859589.0898492140,1,SRM-USDT
2021-05-11 14:00:00,1620712800000,8.9030000000,9.1920000000,8.8830000000,9.1770000000,73584.3478150000,666546.3373100230,666546.3373100230,1,SRM-USDT
2021-05-11 15:00:00,1620716400000,9.1770000000,9.2300000000,9.1310000000,9.2240000000,87674.2932760000,803805.0103113540,803805.0103113540,1,SRM-USDT
2021-05-11 16:00:00,1620720000000,9.2230000000,9.2610000000,9.0560000000,9.0980000000,83019.9556930000,759913.8822393999,759913.8822393999,1,SRM-USDT
2021-05-11 17:00:00,1620723600000,9.1080000000,9.3140000000,9.1000000000,9.3140000000,86315.1097930000,794168.7831061860,794168.7831061860,1,SRM-USDT
2021-05-11 18:00:00,1620727200000,9.3180000000,9.4610000000,9.2820000000,9.3180000000,87360.0123680000,818300.1724455210,818300.1724455210,1,SRM-USDT
2021-05-11 19:00:00,1620730800000,9.3210000000,9.6380000000,9.2850000000,9.3130000000,289085.2220560000,2739873.4159199242,2739873.4159199242,1,SRM-USDT
2021-05-11 20:00:00,1620734400000,9.3240000000,9.3250000000,9.0060000000,9.1600000000,168475.4341010000,1545470.3210341360,1545470.3210341360,1,SRM-USDT
2021-05-11 21:00:00,1620738000000,9.1630000000,9.3280000000,9.0310000000,9.3050000000,136151.4497050000,1249083.9890494733,1249083.9890494733,1,SRM-USDT
2021-05-11 22:00:00,1620741600000,9.3060000000,9.3240000000,9.2060000000,9.2820000000,64381.8942720000,596808.5731638280,596808.5731638280,1,SRM-USDT
2021-05-11 23:00:00,1620745200000,9.2810000000,9.3800000000,9.2260000000,9.3800000000,79674.5049460000,741812.9243996870,741812.9243996870,1,SRM-USDT
2021-05-12 00:00:00,1620748800000,9.3780000000,9.5260000000,9.3260000000,9.3760000000,89093.8245430000,840389.7862021530,840389.7862021530,1,SRM-USDT
2021-05-12 01:00:00,1620752400000,9.3720000000,9.4850000000,9.3510000000,9.4350000000,59891.1133200000,564917.1438145780,564917.1438145780,1,SRM-USDT
2021-05-12 02:00:00,1620756000000,9.4660000000,9.5720000000,9.4310000000,9.4400000000,55942.3002820000,531218.5456575850,531218.5456575850,1,SRM-USDT
2021-05-12 03:00:00,1620759600000,9.4390000000,9.5900000000,9.4340000000,9.5900000000,91820.2123270000,874181.7092270800,874181.7092270800,1,SRM-USDT
2021-05-12 04:00:00,1620763200000,9.5880000000,9.6480000000,9.5310000000,9.6380000000,113784.4903340000,1093580.8929340700,1093580.8929340700,1,SRM-USDT
2021-05-12 05:00:00,1620766800000,9.6380000000,9.6970000000,9.5480000000,9.5890000000,73074.6165020000,705004.7740693260,705004.7740693260,1,SRM-USDT
2021-05-12 06:00:00,1620770400000,9.5890000000,9.7030000000,9.5800000000,9.6160000000,68827.7993090000,664679.6475818340,664679.6475818340,1,SRM-USDT
2021-05-12 07:00:00,1620774000000,9.6080000000,9.7530000000,9.5880000000,9.7520000000,72314.8459110000,698957.1615051910,698957.1615051910,1,SRM-USDT
2021-05-12 08:00:00,1620777600000,9.7520000000,9.9340000000,9.6880000000,9.9230000000,144810.3845500000,1423757.0968205500,1423757.0968205500,1,SRM-USDT
2021-05-12 09:00:00,1620781200000,9.9200000000,10.1000000000,9.8920000000,10.0310000000,113552.8554580000,1133101.8411170361,1133101.8411170361,1,SRM-USDT
2021-05-12 10:00:00,1620784800000,10.0280000000,10.1160000000,9.9210000000,10.1160000000,73375.1854200000,736055.5326697910,736055.5326697910,1,SRM-USDT
2021-05-12 11:00:00,1620788400000,10.1180000000,10.1900000000,10.0700000000,10.1420000000,62850.7985600000,636336.1856064600,636336.1856064600,1,SRM-USDT
2021-05-12 12:00:00,1620792000000,10.1670000000,10.1880000000,9.9800000000,10.0060000000,68980.9877770000,696853.9728911170,696853.9728911170,1,SRM-USDT
2021-05-12 13:00:00,1620795600000,10.0110000000,10.1590000000,9.9890000000,10.0970000000,71692.2543750000,722257.7739903170,722257.7739903170,1,SRM-USDT
2021-05-12 14:00:00,1620799200000,10.1030000000,10.1670000000,9.9250000000,9.9710000000,80099.2406630000,804994.3707000921,804994.3707000921,1,SRM-USDT
2021-05-12 15:00:00,1620802800000,9.9720000000,10.0450000000,9.8990000000,9.9240000000,83850.4228660000,837351.9249918180,837351.9249918180,1,SRM-USDT
2021-05-12 16:00:00,1620806400000,9.9230000000,10.0280000000,9.8660000000,10.0140000000,70753.3448830000,703584.3955888480,703584.3955888480,1,SRM-USDT
2021-05-12 17:00:00,1620810000000,10.0140000000,10.1000000000,9.9590000000,10.0110000000,67888.8729580000,681855.2524703060,681855.2524703060,1,SRM-USDT
2021-05-12 18:00:00,1620813600000,10.0150000000,10.0150000000,9.5980000000,9.6200000000,118971.1491270000,1164444.2217172980,1164444.2217172980,1,SRM-USDT
2021-05-12 19:00:00,1620817200000,9.6240000000,9.7880000000,9.6140000000,9.7730000000,64959.9214520000,631186.3068274210,631186.3068274210,1,SRM-USDT
2021-05-12 20:00:00,1620820800000,9.7770000000,9.8690000000,9.7280000000,9.7890000000,86763.0413560000,850044.4764812920,850044.4764812920,1,SRM-USDT
2021-05-12 21:00:00,1620824400000,9.7840000000,9.8540000000,9.5140000000,9.8410000000,129862.7354210000,1254172.6635670720,1254172.6635670720,1,SRM-USDT
2021-05-12 22:00:00,1620828000000,9.8610000000,9.9040000000,9.7040000000,9.7420000000,102656.4135000000,1006744.6257885500,1006744.6257885500,1,SRM-USDT
2021-05-12 23:00:00,1620831600000,9.7440000000,9.7440000000,9.3490000000,9.4080000000,158069.0504870000,1507196.9399526340,1507196.9399526340,1,SRM-USDT
2021-05-13 00:00:00,1620835200000,9.4100000000,9.4780000000,9.0440000000,9.3090000000,184926.3894340000,1716309.8147372860,1716309.8147372860,1,SRM-USDT
2021-05-13 01:00:00,1620838800000,9.3040000000,9.4200000000,9.2390000000,9.2880000000,151540.8411690000,1411790.0709692701,1411790.0709692701,1,SRM-USDT
2021-05-13 02:00:00,1620842400000,9.2920000000,9.3660000000,8.8410000000,9.0760000000,162099.3872180000,1469391.5744984313,1469391.5744984313,1,SRM-USDT
2021-05-13 03:00:00,1620846000000,9.0690000000,9.1850000000,8.7970000000,9.1620000000,175483.7191750000,1575670.2318607680,1575670.2318607680,1,SRM-USDT
2021-05-13 04:00:00,1620849600000,9.1610000000,9.2410000000,9.0310000000,9.2020000000,76583.3156090000,699755.5077510300,699755.5077510300,1,SRM-USDT
2021-05-13 05:00:00,1620853200000,9.1980000000,9.4160000000,9.1790000000,9.4160000000,72525.2132870000,673963.0324055291,673963.0324055291,1,SRM-USDT
2021-05-13 06:00:00,1620856800000,9.4130000000,9.4720000000,8.7670000000,9.2480000000,300117.6700110000,2728339.7630390832,2728339.7630390832,1,SRM-USDT
2021-05-13 07:00:00,1620860400000,9.2490000000,9.2730000000,8.3450000000,8.4170000000,379431.9518340000,3360047.2369346740,3360047.2369346740,1,SRM-USDT
2021-05-13 08:00:00,1620864000000,8.4540000000,8.9970000000,8.0500000000,8.8200000000,416686.4308710000,3564160.4512707358,3564160.4512707358,1,SRM-USDT
2021-05-13 09:00:00,1620867600000,8.8150000000,8.9980000000,8.7440000000,8.9410000000,155376.3196750000,1380307.2275374599,1380307.2275374599,1,SRM-USDT
2021-05-13 10:00:00,1620871200000,8.9370000000,9.0660000000,8.8590000000,8.9350000000,134580.5251690000,1207044.1538845310,1207044.1538845310,1,SRM-USDT
2021-05-13 11:00:00,1620874800000,8.9310000000,8.9310000000,8.6420000000,8.8280000000,203218.2827410000,1780437.0170279359,1780437.0170279359,1,SRM-USDT
2021-05-13 12:00:00,1620878400000,8.8310000000,8.9350000000,8.7820000000,8.8630000000,97051.9636780000,859480.4822980900,859480.4822980900,1,SRM-USDT
2021-05-13 13:00:00,1620882000000,8.8700000000,9.0570000000,8.8660000000,9.0100000000,71173.6518820000,638040.2051591780,638040.2051591780,1,SRM-USDT
2021-05-13 14:00:00,1620885600000,9.0190000000,9.2200000000,8.9240000000,9.1160000000,175141.5675290000,1585430.5176589929,1585430.5176589929,1,SRM-USDT
2021-05-13 15:00:00,1620889200000,9.1240000000,9.1360000000,8.9090000000,8.9300000000,122200.1496350000,1102602.2209428351,1102602.2209428351,1,SRM-USDT
2021-05-13 16:00:00,1620892800000,8.9410000000,8.9630000000,8.5320000000,8.5600000000,106709.0530420000,935536.9696430980,935536.9696430980,1,SRM-USDT
2021-05-13 17:00:00,1620896400000,8.5650000000,8.6750000000,8.0220000000,8.1550000000,282104.5866540000,2353180.7749360679,2353180.7749360679,1,SRM-USDT
2021-05-13 18:00:00,1620900000000,8.1560000000,8.4470000000,8.0000000000,8.0570000000,235955.9151550000,1943820.3976155648,1943820.3976155648,1,SRM-USDT
2021-05-13 19:00:00,1620903600000,8.0640000000,8.2480000000,7.7980000000,8.1870000000,346775.1677300000,2788336.6925229081,2788336.6925229081,1,SRM-USDT
2021-05-13 20:00:00,1620907200000,8.1880000000,8.4250000000,8.1110000000,8.3480000000,253213.8850620000,2104135.7136356770,2104135.7136356770,1,SRM-USDT
2021-05-13 21:00:00,1620910800000,8.3620000000,8.5600000000,8.2890000000,8.5210000000,137038.8811050000,1156427.3010022519,1156427.3010022519,1,SRM-USDT
2021-05-13 22:00:00,1620914400000,8.5200000000,8.6220000000,8.4770000000,8.4970000000,116929.1775980000,1000871.1261149000,1000871.1261149000,1,SRM-USDT
2021-05-13 23:00:00,1620918000000,8.4990000000,8.5180000000,8.1810000000,8.2210000000,105218.2025060000,877398.8285382260,877398.8285382260,1,SRM-USDT
2021-05-14 00:00:00,1620921600000,8.2180000000,8.5260000000,7.9940000000,8.0210000000,180101.3949850000,1487405.9333803090,1487405.9333803090,1,SRM-USDT
2021-05-14 01:00:00,1620925200000,8.0250000000,8.0630000000,7.5620000000,7.9470000000,383645.9178690000,3005900.8127216329,3005900.8127216329,1,SRM-USDT
2021-05-14 02:00:00,1620928800000,7.9360000000,8.0220000000,7.6590000000,7.6870000000,242803.3444430000,1903731.9901481369,1903731.9901481369,1,SRM-USDT
2021-05-14 03:00:00,1620932400000,7.6800000000,7.9440000000,7.6800000000,7.7390000000,133582.2539470000,1046394.7878362640,1046394.7878362640,1,SRM-USDT
2021-05-14 04:00:00,1620936000000,7.7350000000,8.0440000000,7.7080000000,8.0350000000,135789.9978910000,1071439.5279218550,1071439.5279218550,1,SRM-USDT
2021-05-14 05:00:00,1620939600000,8.0340000000,8.1370000000,7.9670000000,8.1280000000,107798.2216020000,870273.6707526990,870273.6707526990,1,SRM-USDT
2021-05-14 06:00:00,1620943200000,8.1250000000,8.1830000000,7.9120000000,7.9140000000,103204.3381740000,830465.8988129820,830465.8988129820,1,SRM-USDT
2021-05-14 07:00:00,1620946800000,7.9070000000,8.2620000000,7.7630000000,8.2350000000,150953.0525010000,1208532.2183128253,1208532.2183128253,1,SRM-USDT
2021-05-14 08:00:00,1620950400000,8.2370000000,8.4050000000,8.1520000000,8.3540000000,157269.6834130000,1301202.9465864140,1301202.9465864140,1,SRM-USDT
2021-05-14 09:00:00,1620954000000,8.3640000000,8.4730000000,8.2950000000,8.3960000000,87002.4782800000,730635.4804739000,730635.4804739000,1,SRM-USDT
2021-05-14 10:00:00,1620957600000,8.4020000000,8.4160000000,8.1240000000,8.1360000000,103712.9702180000,856617.4619730930,856617.4619730930,1,SRM-USDT
2021-05-14 11:00:00,1620961200000,8.1340000000,8.2740000000,8.1140000000,8.1870000000,57319.6641430000,469312.8827760600,469312.8827760600,1,SRM-USDT
2021-05-14 12:00:00,1620964800000,8.1870000000,8.2800000000,8.0950000000,8.1980000000,80235.8580810000,657814.4122771290,657814.4122771290,1,SRM-USDT
2021-05-14 13:00:00,1620968400000,8.2020000000,8.3490000000,8.1590000000,8.3260000000,50074.1423380000,413407.6170395960,413407.6170395960,1,SRM-USDT
2021-05-14 14:00:00,1620972000000,8.3190000000,8.3420000000,8.0230000000,8.0780000000,67955.8581130000,552946.4500538470,552946.4500538470,1,SRM-USDT
2021-05-14 15:00:00,1620975600000,8.0860000000,8.4180000000,8.0840000000,8.4110000000,58543.3979600000,485661.7213740190,485661.7213740190,1,SRM-USDT
2021-05-14 16:00:00,1620979200000,8.4120000000,8.6940000000,8.3470000000,8.6870000000,128875.3419470000,1099732.3368380300,1099732.3368380300,1,SRM-USDT
2021-05-14 17:00:00,1620982800000,8.6720000000,8.7340000000,8.6090000000,8.6570000000,102008.1442920000,884487.1357161830,884487.1357161830,1,SRM-USDT
2021-05-14 18:00:00,1620986400000,8.6650000000,8.8280000000,8.6550000000,8.8230000000,78421.6990780000,684311.9960877360,684311.9960877360,1,SRM-USDT
2021-05-14 19:00:00,1620990000000,8.8200000000,9.0160000000,8.7690000000,8.9860000000,150273.1137350000,1336241.4714207330,1336241.4714207330,1,SRM-USDT
2021-05-14 20:00:00,1620993600000,8.9830000000,9.0350000000,8.7960000000,8.9180000000,149879.0178280000,1334772.2607254700,1334772.2607254700,1,SRM-USDT
2021-05-14 21:00:00,1620997200000,8.9180000000,8.9900000000,8.7320000000,8.9540000000,141082.0787100000,1251803.6652807940,1251803.6652807940,1,SRM-USDT
2021-05-14 22:00:00,1621000800000,8.9610000000,8.9700000000,8.8120000000,8.9450000000,91122.8083650000,809742.3481584740,809742.3481584740,1,SRM-USDT
2021-05-14 23:00:00,1621004400000,8.9450000000,9.1740000000,8.9320000000,9.0760000000,104161.8712230000,944379.6883875390,944379.6883875390,1,SRM-USDT
2021-05-15 00:00:00,1621008000000,9.0810000000,9.1910000000,8.8730000000,8.9950000000,97938.0979580000,886542.3152037620,886542.3152037620,1,SRM-USDT
2021-05-15 01:00:00,1621011600000,8.9780000000,9.0600000000,8.8750000000,8.9020000000,62524.6792290000,561675.7355673590,561675.7355673590,1,SRM-USDT
2021-05-15 02:00:00,1621015200000,8.9030000000,8.9440000000,8.8450000000,8.9040000000,80225.8128760000,714324.8076877031,714324.8076877031,1,SRM-USDT
2021-05-15 03:00:00,1621018800000,8.8900000000,8.8920000000,8.6670000000,8.6780000000,78786.1324150000,689863.5703199010,689863.5703199010,1,SRM-USDT
2021-05-15 04:00:00,1621022400000,8.6650000000,8.7200000000,8.4670000000,8.4780000000,110053.0062550000,944686.1101331700,944686.1101331700,1,SRM-USDT
2021-05-15 05:00:00,1621026000000,8.4730000000,8.6600000000,8.4430000000,8.6520000000,77288.3134900000,663383.8564632010,663383.8564632010,1,SRM-USDT
2021-05-15 06:00:00,1621029600000,8.6580000000,8.7550000000,8.6210000000,8.6850000000,59880.7610620000,519991.6871644930,519991.6871644930,1,SRM-USDT
2021-05-15 07:00:00,1621033200000,8.6870000000,8.7660000000,8.6760000000,8.7420000000,41017.7738500000,358203.6751622890,358203.6751622890,1,SRM-USDT
2021-05-15 08:00:00,1621036800000,8.7370000000,8.8760000000,8.6500000000,8.6700000000,122146.0317240000,1071490.3402082201,1071490.3402082201,1,SRM-USDT
2021-05-15 09:00:00,1621040400000,8.6760000000,8.9130000000,8.6580000000,8.8950000000,56349.7470820000,497457.9774646120,497457.9774646120,1,SRM-USDT
2021-05-15 10:00:00,1621044000000,8.8990000000,8.9030000000,8.8150000000,8.8180000000,47113.4850720000,417869.2935519180,417869.2935519180,1,SRM-USDT
2021-05-15 11:00:00,1621047600000,8.8180000000,8.8210000000,8.6950000000,8.7050000000,56715.0965500000,496143.1403518930,496143.1403518930,1,SRM-USDT
2021-05-15 12:00:00,1621051200000,8.7110000000,8.8050000000,8.6420000000,8.6660000000,57924.4271650000,505573.6262560670,505573.6262560670,1,SRM-USDT
2021-05-15 13:00:00,1621054800000,8.6880000000,8.6910000000,8.4910000000,8.5990000000,94094.7779640000,807259.9059580920,807259.9059580920,1,SRM-USDT
2021-05-15 14:00:00,1621058400000,8.5880000000,8.6020000000,8.3200000000,8.3820000000,87028.5217210000,736551.2035007190,736551.2035007190,1,SRM-USDT
2021-05-15 15:00:00,1621062000000,8.3810000000,8.3870000000,8.2200000000,8.2220000000,154486.0067740000,1282689.5370780453,1282689.5370780453,1,SRM-USDT
2021-05-15 16:00:00,1621065600000,8.2300000000,8.3670000000,8.1940000000,8.3230000000,125287.4296470000,1037285.0852002160,1037285.0852002160,1,SRM-USDT
2021-05-15 17:00:00,1621069200000,8.3330000000,8.4210000000,8.2000000000,8.2920000000,82349.8929200000,683675.3301271331,683675.3301271331,1,SRM-USDT
2021-05-15 18:00:00,1621072800000,8.2840000000,8.2840000000,8.0460000000,8.1630000000,143279.2757950000,1167284.2662163221,1167284.2662163221,1,SRM-USDT
2021-05-15 19:00:00,1621076400000,8.1720000000,8.2920000000,8.1680000000,8.2790000000,70458.7078260000,580846.2883244311,580846.2883244311,1,SRM-USDT
2021-05-15 20:00:00,1621080000000,8.2940000000,8.4000000000,8.2210000000,8.3530000000,97403.3695030000,811421.8589045270,811421.8589045270,1,SRM-USDT
2021-05-15 21:00:00,1621083600000,8.3520000000,8.3990000000,8.2640000000,8.2970000000,78817.5884330000,656861.7112201330,656861.7112201330,1,SRM-USDT
2021-05-15 22:00:00,1621087200000,8.2970000000,8.4350000000,8.2610000000,8.4050000000,93398.2719990000,779900.2328220480,779900.2328220480,1,SRM-USDT
2021-05-15 23:00:00,1621090800000,8.4090000000,8.4380000000,8.2860000000,8.2920000000,99682.7938810000,833608.0020128870,833608.0020128870,1,SRM-USDT
2021-05-16 00:00:00,1621094400000,8.2960000000,8.2960000000,7.8770000000,7.9740000000,336700.2919060000,2691426.6250898112,2691426.6250898112,1,SRM-USDT
2021-05-16 01:00:00,1621098000000,7.9860000000,8.0220000000,7.8310000000,7.9550000000,155905.4034220000,1235387.5097060499,1235387.5097060499,1,SRM-USDT
2021-05-16 02:00:00,1621101600000,7.9600000000,8.0510000000,7.9270000000,8.0050000000,108647.4809640000,869744.6048133090,869744.6048133090,1,SRM-USDT
2021-05-16 03:00:00,1621105200000,8.0110000000,8.0330000000,7.7980000000,8.0200000000,123820.8221970000,979226.3281926010,979226.3281926010,1,SRM-USDT
2021-05-16 04:00:00,1621108800000,8.0210000000,8.1320000000,7.9980000000,8.0620000000,97771.4713190000,789216.2206041730,789216.2206041730,1,SRM-USDT
2021-05-16 05:00:00,1621112400000,8.0740000000,8.2020000000,8.0710000000,8.1700000000,96431.5122560000,785479.7105875710,785479.7105875710,1,SRM-USDT
2021-05-16 06:00:00,1621116000000,8.1710000000,8.1930000000,7.9710000000,8.1350000000,90663.3358800000,733899.4896679280,733899.4896679280,1,SRM-USDT
2021-05-16 07:00:00,1621119600000,8.1350000000,8.1560000000,7.8140000000,7.8870000000,193948.0961980000,1540722.3499281539,1540722.3499281539,1,SRM-USDT
2021-05-16 08:00:00,1621123200000,7.8770000000,8.1200000000,7.8240000000,7.9760000000,186929.8273580000,1493454.6092377920,1493454.6092377920,1,SRM-USDT
2021-05-16 09:00:00,1621126800000,7.9910000000,8.2630000000,7.9910000000,8.2430000000,126410.9141390000,1029133.3840529301,1029133.3840529301,1,SRM-USDT
2021-05-16 10:00:00,1621130400000,8.2440000000,8.3620000000,8.2110000000,8.3340000000,92642.1796850000,766865.4918499540,766865.4918499540,1,SRM-USDT
2021-05-16 11:00:00,1621134000000,8.3370000000,8.3700000000,8.2170000000,8.3640000000,91265.4308800000,757502.2531669030,757502.2531669030,1,SRM-USDT
2021-05-16 12:00:00,1621137600000,8.3620000000,8.3930000000,8.2740000000,8.2860000000,101837.3191090000,850351.9306926160,850351.9306926160,1,SRM-USDT
2021-05-16 13:00:00,1621141200000,8.2850000000,8.3670000000,8.2840000000,8.3220000000,69947.5503550000,582171.3948082580,582171.3948082580,1,SRM-USDT
2021-05-16 14:00:00,1621144800000,8.3290000000,8.6020000000,8.3040000000,8.5720000000,144721.2879770000,1225437.6773113960,1225437.6773113960,1,SRM-USDT
2021-05-16 15:00:00,1621148400000,8.5750000000,8.6480000000,8.4870000000,8.6480000000,97641.5208730000,833679.1337321550,833679.1337321550,1,SRM-USDT
2021-05-16 16:00:00,1621152000000,8.6360000000,8.6820000000,8.5270000000,8.5970000000,141077.0775100000,1212662.9623303681,1212662.9623303681,1,SRM-USDT
2021-05-16 17:00:00,1621155600000,8.6000000000,9.0000000000,8.5900000000,8.9750000000,291979.0394290000,2579659.6269879150,2579659.6269879150,1,SRM-USDT
2021-05-16 18:00:00,1621159200000,8.9820000000,9.1400000000,8.9200000000,9.0540000000,280343.4260350000,2532880.7752141086,2532880.7752141086,1,SRM-USDT
2021-05-16 19:00:00,1621162800000,9.0640000000,9.1090000000,8.8770000000,8.9950000000,199613.5595620000,1795698.3605641711,1795698.3605641711,1,SRM-USDT
2021-05-16 20:00:00,1621166400000,8.9980000000,9.7270000000,8.9930000000,9.7120000000,1102716.9645710001,10464729.1886089221,10464729.1886089221,1,SRM-USDT
2021-05-16 21:00:00,1621170000000,9.7120000000,10.5470000000,9.5610000000,10.4340000000,1916613.6675710001,19201404.3134571686,19201404.3134571686,1,SRM-USDT
2021-05-16 22:00:00,1621173600000,10.4340000000,10.4570000000,9.8150000000,9.9720000000,985169.8185750000,9958883.8675008193,9958883.8675008193,1,SRM-USDT
2021-05-16 23:00:00,1621177200000,9.9500000000,10.0840000000,9.6930000000,9.8290000000,764350.6658390000,7549667.2250179267,7549667.2250179267,1,SRM-USDT
2021-05-17 00:00:00,1621180800000,9.8340000000,10.2180000000,9.6680000000,9.8170000000,629671.4948530000,6236386.3265515249,6236386.3265515249,1,SRM-USDT
2021-05-17 01:00:00,1621184400000,9.8100000000,9.8750000000,9.2770000000,9.5960000000,551606.2026730001,5259603.7008051928,5259603.7008051928,1,SRM-USDT
2021-05-17 02:00:00,1621188000000,9.6080000000,9.7150000000,9.0810000000,9.1100000000,452157.1393340000,4235597.2034961740,4235597.2034961740,1,SRM-USDT
2021-05-17 03:00:00,1621191600000,9.0990000000,9.3610000000,8.8130000000,9.1730000000,570635.2864140000,5193295.4269821038,5193295.4269821038,1,SRM-USDT
2021-05-17 04:00:00,1621195200000,9.1540000000,9.3880000000,8.9490000000,9.1280000000,547561.0722910000,5036572.0497999517,5036572.0497999517,1,SRM-USDT
2021-05-17 05:00:00,1621198800000,9.1370000000,9.7730000000,9.1200000000,9.5990000000,558649.1625010000,5270104.2591630332,5270104.2591630332,1,SRM-USDT
2021-05-17 06:00:00,1621202400000,9.6040000000,10.1750000000,9.6040000000,9.7950000000,578288.2289380000,5728370.6382476650,5728370.6382476650,1,SRM-USDT
2021-05-17 07:00:00,1621206000000,9.7980000000,10.0200000000,9.6370000000,9.7130000000,327048.8661050000,3204411.0768001047,3204411.0768001047,1,SRM-USDT
2021-05-17 08:00:00,1621209600000,9.7110000000,10.8510000000,9.7110000000,10.4140000000,1853157.1022659999,19318919.3820560835,19318919.3820560835,1,SRM-USDT
2021-05-17 09:00:00,1621213200000,10.3970000000,10.6860000000,10.1130000000,10.3860000000,892795.8312590000,9256714.9041954055,9256714.9041954055,1,SRM-USDT
2021-05-17 10:00:00,1621216800000,10.4000000000,10.5000000000,10.1170000000,10.2080000000,391004.3402100000,4032344.0791432606,4032344.0791432606,1,SRM-USDT
2021-05-17 11:00:00,1621220400000,10.2080000000,10.2440000000,9.5110000000,9.5940000000,427771.5137240000,4205580.5248699822,4205580.5248699822,1,SRM-USDT
2021-05-17 12:00:00,1621224000000,9.5990000000,10.3630000000,9.2090000000,10.3040000000,718403.4058070000,7177514.9496652251,7177514.9496652251,1,SRM-USDT
2021-05-17 13:00:00,1621227600000,10.2930000000,10.4320000000,9.7550000000,10.1990000000,565321.8019260000,5664837.3166797934,5664837.3166797934,1,SRM-USDT
2021-05-17 14:00:00,1621231200000,10.2110000000,10.5140000000,10.1010000000,10.2160000000,632219.3398470000,6508049.4366829516,6508049.4366829516,1,SRM-USDT
2021-05-17 15:00:00,1621234800000,10.2160000000,10.9410000000,10.1810000000,10.5200000000,874368.8801149999,9308945.5156943183,9308945.5156943183,1,SRM-USDT
2021-05-17 16:00:00,1621238400000,10.5300000000,10.7600000000,10.4040000000,10.5510000000,428555.0373820000,4537543.6873875819,4537543.6873875819,1,SRM-USDT
2021-05-17 17:00:00,1621242000000,10.5400000000,10.6290000000,10.3140000000,10.3410000000,373342.8681290000,3891964.6667406247,3891964.6667406247,1,SRM-USDT
2021-05-17 18:00:00,1621245600000,10.3460000000,10.3670000000,9.9040000000,9.9850000000,302226.8335880000,3069086.0105443806,3069086.0105443806,1,SRM-USDT
2021-05-17 19:00:00,1621249200000,9.9950000000,10.4000000000,9.9210000000,10.3520000000,277899.5548900000,2842263.7071987246,2842263.7071987246,1,SRM-USDT
2021-05-17 20:00:00,1621252800000,10.3480000000,10.3480000000,10.0130000000,10.0970000000,215555.1565830000,2191767.6075992729,2191767.6075992729,1,SRM-USDT
2021-05-17 21:00:00,1621256400000,10.1020000000,10.1370000000,9.7970000000,9.8480000000,361643.5599180000,3587846.8239695127,3587846.8239695127,1,SRM-USDT
2021-05-17 22:00:00,1621260000000,9.8610000000,9.8840000000,9.5470000000,9.6990000000,348696.5334850000,3369318.5194860469,3369318.5194860469,1,SRM-USDT
2021-05-17 23:00:00,1621263600000,9.7010000000,9.7530000000,9.2170000000,9.3660000000,299666.0169670000,2832829.9991812748,2832829.9991812748,1,SRM-USDT
2021-05-18 00:00:00,1621267200000,9.3430000000,9.5080000000,9.2140000000,9.3360000000,265145.0063410000,2482243.1069465047,2482243.1069465047,1,SRM-USDT
2021-05-18 01:00:00,1621270800000,9.3350000000,9.5070000000,9.0720000000,9.2590000000,239821.7519460000,2227136.0689354460,2227136.0689354460,1,SRM-USDT
2021-05-18 02:00:00,1621274400000,9.2680000000,9.5550000000,9.1490000000,9.4610000000,117537.1669610000,1107242.9267748240,1107242.9267748240,1,SRM-USDT
2021-05-18 03:00:00,1621278000000,9.4650000000,9.6780000000,9.4640000000,9.5410000000,213055.6296300000,2046957.0706621727,2046957.0706621727,1,SRM-USDT
2021-05-18 04:00:00,1621281600000,9.5470000000,9.9170000000,9.4980000000,9.8460000000,251959.1482990000,2461250.0825493862,2461250.0825493862,1,SRM-USDT
2021-05-18 05:00:00,1621285200000,9.8490000000,9.8620000000,9.2770000000,9.3300000000,175346.7158140000,1681516.6636336581,1681516.6636336581,1,SRM-USDT
2021-05-18 06:00:00,1621288800000,9.3260000000,9.5380000000,9.0860000000,9.1800000000,233497.6840480000,2165039.6026269351,2165039.6026269351,1,SRM-USDT
2021-05-18 07:00:00,1621292400000,9.1720000000,9.3830000000,9.1000000000,9.2310000000,140857.7916950000,1302462.5385513620,1302462.5385513620,1,SRM-USDT
2021-05-18 08:00:00,1621296000000,9.2430000000,9.4690000000,9.0720000000,9.3520000000,304137.1688750000,2830399.4037974318,2830399.4037974318,1,SRM-USDT
2021-05-18 09:00:00,1621299600000,9.3620000000,9.4430000000,9.2730000000,9.2750000000,164350.7644300000,1536484.4661677079,1536484.4661677079,1,SRM-USDT
2021-05-18 10:00:00,1621303200000,9.2810000000,9.3220000000,9.1230000000,9.3150000000,103585.1342730000,955433.2464207420,955433.2464207420,1,SRM-USDT
2021-05-18 11:00:00,1621306800000,9.3130000000,9.3600000000,9.2290000000,9.3450000000,141113.8452470000,1311870.1604505160,1311870.1604505160,1,SRM-USDT
2021-05-18 12:00:00,1621310400000,9.3450000000,9.7000000000,9.3360000000,9.6130000000,213758.8657880000,2037781.2507936128,2037781.2507936128,1,SRM-USDT
2021-05-18 13:00:00,1621314000000,9.6200000000,9.8120000000,9.5770000000,9.7280000000,205237.6462180000,1980709.7934493152,1980709.7934493152,1,SRM-USDT
2021-05-18 14:00:00,1621317600000,9.7140000000,9.7660000000,9.4550000000,9.4690000000,192437.2062080000,1852933.4853556480,1852933.4853556480,1,SRM-USDT
2021-05-18 15:00:00,1621321200000,9.4790000000,9.6740000000,9.4720000000,9.6540000000,166098.1531170000,1586680.6172634440,1586680.6172634440,1,SRM-USDT
2021-05-18 16:00:00,1621324800000,9.6580000000,9.9830000000,9.6320000000,9.6810000000,277237.6627590000,2724789.5713226190,2724789.5713226190,1,SRM-USDT
2021-05-18 17:00:00,1621328400000,9.6960000000,9.8500000000,9.5440000000,9.8070000000,167878.4209800000,1622214.8046306670,1622214.8046306670,1,SRM-USDT
2021-05-18 18:00:00,1621332000000,9.8050000000,10.2530000000,9.6800000000,10.2400000000,615035.2249550000,6182499.2936886717,6182499.2936886717,1,SRM-USDT
2021-05-18 19:00:00,1621335600000,10.2420000000,10.3770000000,10.1210000000,10.1660000000,840622.4359020001,8609897.0007140916,8609897.0007140916,1,SRM-USDT
2021-05-18 20:00:00,1621339200000,10.1660000000,10.1920000000,9.5690000000,9.7080000000,489381.6644880000,4866511.1891532121,4866511.1891532121,1,SRM-USDT
2021-05-18 21:00:00,1621342800000,9.7020000000,9.7430000000,9.3960000000,9.4780000000,421997.8839730000,4034522.1578761968,4034522.1578761968,1,SRM-USDT
2021-05-18 22:00:00,1621346400000,9.4620000000,9.4620000000,9.0700000000,9.2360000000,475122.8137070000,4397276.0929979011,4397276.0929979011,1,SRM-USDT
2021-05-18 23:00:00,1621350000000,9.2220000000,9.4300000000,9.1080000000,9.3290000000,258491.5498410000,2403168.6943490538,2403168.6943490538,1,SRM-USDT
2021-05-19 00:00:00,1621353600000,9.3220000000,9.7730000000,9.2160000000,9.7130000000,349623.0163110000,3335146.2302054614,3335146.2302054614,1,SRM-USDT
2021-05-19 01:00:00,1621357200000,9.7200000000,9.8380000000,9.5500000000,9.6160000000,263866.1831330000,2561071.5830374239,2561071.5830374239,1,SRM-USDT
2021-05-19 02:00:00,1621360800000,9.6200000000,9.6200000000,9.3210000000,9.4380000000,189824.4875090000,1794868.1644575051,1794868.1644575051,1,SRM-USDT
2021-05-19 03:00:00,1621364400000,9.4420000000,9.6230000000,9.3300000000,9.5530000000,113185.3645620000,1073363.2597809811,1073363.2597809811,1,SRM-USDT
2021-05-19 04:00:00,1621368000000,9.5520000000,9.7090000000,9.4020000000,9.6460000000,108567.3884340000,1038480.8449728520,1038480.8449728520,1,SRM-USDT
2021-05-19 05:00:00,1621371600000,9.6590000000,9.7800000000,9.5190000000,9.5640000000,97320.1482860000,939334.1238466220,939334.1238466220,1,SRM-USDT
2021-05-19 06:00:00,1621375200000,9.5690000000,9.7300000000,9.4520000000,9.6120000000,136413.6595700000,1314152.6954617647,1314152.6954617647,1,SRM-USDT
2021-05-19 07:00:00,1621378800000,9.6000000000,9.6560000000,9.3910000000,9.5970000000,119830.2230660000,1141183.5431375310,1141183.5431375310,1,SRM-USDT
2021-05-19 08:00:00,1621382400000,9.6080000000,9.7640000000,9.5050000000,9.5250000000,168002.2422190000,1618983.1061902919,1618983.1061902919,1,SRM-USDT
2021-05-19 09:00:00,1621386000000,9.5110000000,9.5230000000,8.7310000000,8.9290000000,551405.9434330000,5004205.4456597911,5004205.4456597911,1,SRM-USDT
2021-05-19 10:00:00,1621389600000,8.9290000000,9.0860000000,8.5720000000,8.5770000000,347195.1762950000,3068791.9989193319,3068791.9989193319,1,SRM-USDT
2021-05-19 11:00:00,1621393200000,8.5710000000,8.7320000000,8.3500000000,8.5430000000,271651.3724130000,2330222.0315934489,2330222.0315934489,1,SRM-USDT
2021-05-19 12:00:00,1621396800000,8.5400000000,8.6060000000,7.6330000000,7.9620000000,663058.8443780000,5347904.3084471421,5347904.3084471421,1,SRM-USDT
2021-05-19 13:00:00,1621400400000,7.9570000000,8.2660000000,7.9260000000,8.0250000000,370093.7177650000,2997013.2045069272,2997013.2045069272,1,SRM-USDT
2021-05-19 14:00:00,1621404000000,8.0250000000,8.2350000000,7.9270000000,7.9860000000,186157.4716070000,1504510.1739267420,1504510.1739267420,1,SRM-USDT
2021-05-19 15:00:00,1621407600000,7.9990000000,8.2410000000,7.7250000000,8.2060000000,296753.1921860000,2375423.7168671610,2375423.7168671610,1,SRM-USDT
2021-05-19 16:00:00,1621411200000,8.2020000000,8.2470000000,7.9650000000,8.1880000000,228167.6030480000,1853611.8370111741,1853611.8370111741,1,SRM-USDT
2021-05-19 17:00:00,1621414800000,8.1890000000,8.3160000000,8.0350000000,8.1920000000,209751.8706040000,1716484.7063355553,1716484.7063355553,1,SRM-USDT
2021-05-19 18:00:00,1621418400000,8.1960000000,8.2350000000,7.7890000000,7.8650000000,368838.8617390000,2937495.4549370441,2937495.4549370441,1,SRM-USDT
2021-05-19 19:00:00,1621422000000,7.8790000000,7.9010000000,6.6290000000,7.1190000000,790904.4381980000,5673664.8866259940,5673664.8866259940,1,SRM-USDT
2021-05-19 20:00:00,1621425600000,7.1110000000,7.2360000000,4.9640000000,5.8280000000,724928.7833100000,4741726.5990240416,4741726.5990240416,1,SRM-USDT
2021-05-19 21:00:00,1621429200000,5.6220000000,6.5380000000,5.2250000000,6.2270000000,722748.2270530000,4246139.1737121707,4246139.1737121707,1,SRM-USDT
2021-05-19 22:00:00,1621432800000,6.2030000000,6.3270000000,5.6320000000,6.3190000000,608186.9607650000,3608664.9992567119,3608664.9992567119,1,SRM-USDT
2021-05-19 23:00:00,1621436400000,6.3330000000,6.7730000000,6.0730000000,6.6780000000,614230.3936390000,3968362.7575451718,3968362.7575451718,1,SRM-USDT
2021-05-20 00:00:00,1621440000000,6.6760000000,6.9040000000,6.2350000000,6.8030000000,742222.3888740001,4931200.8239334896,4931200.8239334896,1,SRM-USDT
2021-05-20 01:00:00,1621443600000,6.8020000000,6.9900000000,6.4670000000,6.4960000000,450727.5218060000,3037616.9657396968,3037616.9657396968,1,SRM-USDT
2021-05-20 02:00:00,1621447200000,6.4950000000,6.6940000000,6.0000000000,6.1090000000,538578.0209220001,3356049.1566199968,3356049.1566199968,1,SRM-USDT
2021-05-20 03:00:00,1621450800000,6.0980000000,6.2800000000,5.8760000000,6.0530000000,550345.2403309999,3330575.5431232490,3330575.5431232490,1,SRM-USDT
2021-05-20 04:00:00,1621454400000,6.0450000000,6.2140000000,5.7700000000,5.8020000000,410998.4246340000,2472343.2582744360,2472343.2582744360,1,SRM-USDT
2021-05-20 05:00:00,1621458000000,5.8010000000,5.9910000000,5.5140000000,5.8660000000,354632.6641490000,2051802.6620903511,2051802.6620903511,1,SRM-USDT
2021-05-20 06:00:00,1621461600000,5.8670000000,6.0820000000,5.7880000000,5.9560000000,339657.2564380000,2026498.5047852728,2026498.5047852728,1,SRM-USDT
2021-05-20 07:00:00,1621465200000,5.9550000000,6.0150000000,5.4310000000,5.4310000000,375643.3770460000,2143920.7796157361,2143920.7796157361,1,SRM-USDT
2021-05-20 08:00:00,1621468800000,5.4270000000,5.6830000000,4.7220000000,4.9320000000,919902.9540630000,4760292.2162779691,4760292.2162779691,1,SRM-USDT
2021-05-20 09:00:00,1621472400000,4.9430000000,5.0750000000,4.6820000000,5.0140000000,764076.1331580000,3777371.2955267038,3777371.2955267038,1,SRM-USDT
2021-05-20 10:00:00,1621476000000,5.0130000000,5.3650000000,4.9800000000,5.3400000000,387307.3230570000,2023948.1267038980,2023948.1267038980,1,SRM-USDT
2021-05-20 11:00:00,1621479600000,5.3340000000,5.4130000000,5.1360000000,5.2560000000,338256.5995200000,1774684.3889841479,1774684.3889841479,1,SRM-USDT
2021-05-20 12:00:00,1621483200000,5.2520000000,5.6900000000,5.2290000000,5.6600000000,494508.1982430000,2746900.5639009359,2746900.5639009359,1,SRM-USDT
2021-05-20 13:00:00,1621486800000,5.6490000000,5.8680000000,5.6120000000,5.8680000000,311128.0671450000,1782994.7854797130,1782994.7854797130,1,SRM-USDT
2021-05-20 14:00:00,1621490400000,5.8690000000,6.1940000000,5.6930000000,6.0850000000,438767.3974380000,2587873.7052232041,2587873.7052232041,1,SRM-USDT
2021-05-20 15:00:00,1621494000000,6.0750000000,6.3700000000,6.0630000000,6.1380000000,351906.1101630000,2182774.3210757049,2182774.3210757049,1,SRM-USDT
2021-05-20 16:00:00,1621497600000,6.1350000000,6.2070000000,5.9160000000,6.0560000000,334189.3038730000,2013521.9816113960,2013521.9816113960,1,SRM-USDT
2021-05-20 17:00:00,1621501200000,6.0580000000,6.0760000000,5.7290000000,5.9580000000,247431.9987670000,1458195.7909889470,1458195.7909889470,1,SRM-USDT
2021-05-20 18:00:00,1621504800000,5.9610000000,6.0970000000,5.8680000000,6.0950000000,246484.1528680000,1472854.6178912609,1472854.6178912609,1,SRM-USDT
2021-05-20 19:00:00,1621508400000,6.0950000000,6.1700000000,5.9370000000,6.1350000000,358019.6416460000,2168902.9349009618,2168902.9349009618,1,SRM-USDT
2021-05-20 20:00:00,1621512000000,6.1350000000,6.5010000000,6.0360000000,6.4530000000,302965.7906830000,1918539.3185966900,1918539.3185966900,1,SRM-USDT
2021-05-20 21:00:00,1621515600000,6.4580000000,6.6830000000,6.2900000000,6.4170000000,438343.2102410000,2849856.6066183378,2849856.6066183378,1,SRM-USDT
2021-05-20 22:00:00,1621519200000,6.4230000000,6.6160000000,6.3800000000,6.4680000000,294139.8180370000,1911315.5163362720,1911315.5163362720,1,SRM-USDT
2021-05-20 23:00:00,1621522800000,6.4700000000,6.6350000000,6.3930000000,6.4480000000,205862.4068550000,1341353.4318401970,1341353.4318401970,1,SRM-USDT
2021-05-21 00:00:00,1621526400000,6.4370000000,6.4370000000,5.7350000000,5.9810000000,537426.0123150001,3224293.1201705607,3224293.1201705607,1,SRM-USDT
2021-05-21 01:00:00,1621530000000,5.9510000000,6.4570000000,5.9380000000,6.3730000000,576993.0382599999,3600635.4858013229,3600635.4858013229,1,SRM-USDT
2021-05-21 02:00:00,1621533600000,6.3670000000,6.4610000000,6.2220000000,6.3950000000,197613.8634810000,1253237.0165311841,1253237.0165311841,1,SRM-USDT
2021-05-21 03:00:00,1621537200000,6.3990000000,6.5690000000,6.3510000000,6.4510000000,175520.8863360000,1131266.5700513090,1131266.5700513090,1,SRM-USDT
2021-05-21 04:00:00,1621540800000,6.4440000000,6.5850000000,6.3490000000,6.3840000000,165177.4165050000,1064246.7166262651,1064246.7166262651,1,SRM-USDT
2021-05-21 05:00:00,1621544400000,6.3850000000,6.6210000000,6.3390000000,6.5610000000,102500.5596310000,665572.5277125940,665572.5277125940,1,SRM-USDT
2021-05-21 06:00:00,1621548000000,6.5690000000,6.6020000000,6.2460000000,6.5530000000,186408.0701340000,1196842.9700641930,1196842.9700641930,1,SRM-USDT
2021-05-21 07:00:00,1621551600000,6.5530000000,6.6010000000,6.3890000000,6.5280000000,341231.3420740000,2216466.0115816318,2216466.0115816318,1,SRM-USDT
2021-05-21 08:00:00,1621555200000,6.5260000000,6.8620000000,6.5200000000,6.8480000000,421263.2363260000,2818536.6832747301,2818536.6832747301,1,SRM-USDT
2021-05-21 09:00:00,1621558800000,6.8580000000,6.9800000000,6.8210000000,6.9580000000,301560.8744640000,2075804.1261767272,2075804.1261767272,1,SRM-USDT
2021-05-21 10:00:00,1621562400000,6.9540000000,7.0030000000,6.8230000000,6.8850000000,165610.7616840000,1144057.4140442107,1144057.4140442107,1,SRM-USDT
2021-05-21 11:00:00,1621566000000,6.8790000000,6.8860000000,6.6540000000,6.7570000000,189256.7451640000,1279471.2814316379,1279471.2814316379,1,SRM-USDT
2021-05-21 12:00:00,1621569600000,6.7490000000,6.7760000000,6.4010000000,6.4980000000,239691.1836860000,1569225.4748929250,1569225.4748929250,1,SRM-USDT
2021-05-21 13:00:00,1621573200000,6.5040000000,6.6000000000,6.3090000000,6.3240000000,292058.0256780000,1871024.9396302900,1871024.9396302900,1,SRM-USDT
2021-05-21 14:00:00,1621576800000,6.3330000000,6.3330000000,6.1410000000,6.2920000000,328544.5730460000,2048130.1549707607,2048130.1549707607,1,SRM-USDT
2021-05-21 15:00:00,1621580400000,6.2910000000,6.3080000000,6.0950000000,6.1490000000,210371.3852590000,1299573.8783471610,1299573.8783471610,1,SRM-USDT
2021-05-21 16:00:00,1621584000000,6.1500000000,6.1910000000,5.9820000000,6.1060000000,401004.8614840000,2431794.7109270040,2431794.7109270040,1,SRM-USDT
2021-05-21 17:00:00,1621587600000,6.1060000000,6.3310000000,6.1040000000,6.2830000000,294066.9416310000,1833858.7802620817,1833858.7802620817,1,SRM-USDT
2021-05-21 18:00:00,1621591200000,6.2860000000,6.3000000000,6.1210000000,6.1420000000,122837.8805530000,766422.3505379260,766422.3505379260,1,SRM-USDT
2021-05-21 19:00:00,1621594800000,6.1410000000,6.1960000000,6.0060000000,6.1660000000,263447.2965490000,1600667.2146942730,1600667.2146942730,1,SRM-USDT
2021-05-21 20:00:00,1621598400000,6.1680000000,6.2090000000,6.0100000000,6.0170000000,207150.4437550000,1267205.7933745750,1267205.7933745750,1,SRM-USDT
2021-05-21 21:00:00,1621602000000,6.0170000000,6.2620000000,5.9820000000,6.2600000000,182828.2140260000,1124907.1606303579,1124907.1606303579,1,SRM-USDT
2021-05-21 22:00:00,1621605600000,6.2600000000,6.3490000000,5.1680000000,5.5690000000,1268754.8242460000,7144882.1479112618,7144882.1479112618,1,SRM-USDT
2021-05-21 23:00:00,1621609200000,5.5660000000,5.7060000000,5.2650000000,5.3880000000,660797.0250950000,3631299.4517534729,3631299.4517534729,1,SRM-USDT
2021-05-22 00:00:00,1621612800000,5.3860000000,5.6010000000,5.2800000000,5.4660000000,380208.9539460000,2082584.5411527809,2082584.5411527809,1,SRM-USDT
2021-05-22 01:00:00,1621616400000,5.4700000000,5.5660000000,5.3570000000,5.5290000000,386430.7411830000,2105333.7743387320,2105333.7743387320,1,SRM-USDT
2021-05-22 02:00:00,1621620000000,5.5300000000,5.5300000000,5.2460000000,5.4460000000,298777.9330450000,1605972.1125377519,1605972.1125377519,1,SRM-USDT
2021-05-22 03:00:00,1621623600000,5.4470000000,5.4470000000,5.1080000000,5.2090000000,395169.2508700000,2075087.4698222519,2075087.4698222519,1,SRM-USDT
2021-05-22 04:00:00,1621627200000,5.2130000000,5.2770000000,4.9470000000,4.9550000000,460011.9927410000,2338239.1745249229,2338239.1745249229,1,SRM-USDT
2021-05-22 05:00:00,1621630800000,4.9530000000,5.2730000000,4.6810000000,5.2710000000,479772.5229880000,2365980.3029110911,2365980.3029110911,1,SRM-USDT
2021-05-22 06:00:00,1621634400000,5.2620000000,5.5070000000,5.2070000000,5.3690000000,268695.4756410000,1442188.7765225561,1442188.7765225561,1,SRM-USDT
2021-05-22 07:00:00,1621638000000,5.3620000000,5.5590000000,5.2960000000,5.5570000000,200991.7559430000,1089019.6506179750,1089019.6506179750,1,SRM-USDT
2021-05-22 08:00:00,1621641600000,5.5490000000,5.5870000000,5.3100000000,5.4960000000,232865.7183190000,1262928.8682044370,1262928.8682044370,1,SRM-USDT
2021-05-22 09:00:00,1621645200000,5.4880000000,5.5130000000,5.3450000000,5.4170000000,128777.8896240000,700283.9836613931,700283.9836613931,1,SRM-USDT
2021-05-22 10:00:00,1621648800000,5.4210000000,5.5580000000,5.2650000000,5.2740000000,139278.6201890000,751896.8733109951,751896.8733109951,1,SRM-USDT
2021-05-22 11:00:00,1621652400000,5.2890000000,5.3470000000,5.0790000000,5.1620000000,200637.3713220000,1037727.4166217500,1037727.4166217500,1,SRM-USDT
2021-05-22 12:00:00,1621656000000,5.1550000000,5.2130000000,4.8730000000,4.9620000000,243435.6780000000,1220734.3884637950,1220734.3884637950,1,SRM-USDT
2021-05-22 13:00:00,1621659600000,4.9710000000,5.0070000000,4.6510000000,4.8620000000,457767.5733520000,2207788.3210736602,2207788.3210736602,1,SRM-USDT
2021-05-22 14:00:00,1621663200000,4.8650000000,4.8910000000,4.6700000000,4.8420000000,291378.2576850000,1389160.6138544667,1389160.6138544667,1,SRM-USDT
2021-05-22 15:00:00,1621666800000,4.8410000000,4.8410000000,4.6250000000,4.8090000000,205150.4582660000,971052.4379177360,971052.4379177360,1,SRM-USDT
2021-05-22 16:00:00,1621670400000,4.8080000000,5.0610000000,4.8040000000,4.9820000000,212392.6622300000,1051521.1202856579,1051521.1202856579,1,SRM-USDT
2021-05-22 17:00:00,1621674000000,4.9820000000,5.0750000000,4.8650000000,5.0250000000,151453.8794750000,754186.3882344780,754186.3882344780,1,SRM-USDT
2021-05-22 18:00:00,1621677600000,5.0240000000,5.2570000000,4.9410000000,5.1960000000,210522.7488930000,1076529.1794453829,1076529.1794453829,1,SRM-USDT
2021-05-22 19:00:00,1621681200000,5.1960000000,5.2220000000,5.0260000000,5.0930000000,140445.5909310000,719036.9004944800,719036.9004944800,1,SRM-USDT
2021-05-22 20:00:00,1621684800000,5.1020000000,5.1870000000,4.9930000000,5.0470000000,213960.3109800000,1092101.9081786880,1092101.9081786880,1,SRM-USDT
2021-05-22 21:00:00,1621688400000,5.0490000000,5.4010000000,5.0340000000,5.1910000000,292351.8885640000,1534769.3299346019,1534769.3299346019,1,SRM-USDT
2021-05-22 22:00:00,1621692000000,5.1980000000,5.2240000000,4.9180000000,5.0210000000,227199.2248430000,1145272.4120430399,1145272.4120430399,1,SRM-USDT
2021-05-22 23:00:00,1621695600000,5.0200000000,5.0650000000,4.8690000000,5.0280000000,230949.1381930000,1147194.5654985420,1147194.5654985420,1,SRM-USDT
2021-05-23 00:00:00,1621699200000,5.0280000000,5.0570000000,4.9080000000,4.9620000000,213421.2886900000,1065658.2562711367,1065658.2562711367,1,SRM-USDT
2021-05-23 01:00:00,1621702800000,4.9580000000,4.9990000000,4.7490000000,4.8040000000,221579.0882470000,1079883.8262346161,1079883.8262346161,1,SRM-USDT
2021-05-23 02:00:00,1621706400000,4.8040000000,4.8400000000,4.6960000000,4.7890000000,176019.6769230000,838503.9683096360,838503.9683096360,1,SRM-USDT
2021-05-23 03:00:00,1621710000000,4.7860000000,4.8320000000,4.6560000000,4.6810000000,126099.6088790000,599617.2738705690,599617.2738705690,1,SRM-USDT
2021-05-23 04:00:00,1621713600000,4.6810000000,4.8770000000,4.6810000000,4.8600000000,111248.2418910000,534762.1341632330,534762.1341632330,1,SRM-USDT
2021-05-23 05:00:00,1621717200000,4.8550000000,4.9470000000,4.8260000000,4.9270000000,77226.5957580000,376553.7699569250,376553.7699569250,1,SRM-USDT
2021-05-23 06:00:00,1621720800000,4.9270000000,4.9600000000,4.7940000000,4.8460000000,181711.1125690000,883875.2212527480,883875.2212527480,1,SRM-USDT
2021-05-23 07:00:00,1621724400000,4.8440000000,4.9490000000,4.8050000000,4.8170000000,147538.2294940000,718130.0971878980,718130.0971878980,1,SRM-USDT
2021-05-23 08:00:00,1621728000000,4.8210000000,4.9850000000,4.6780000000,4.9790000000,369617.3570410000,1797118.3346335460,1797118.3346335460,1,SRM-USDT
2021-05-23 09:00:00,1621731600000,4.9810000000,4.9810000000,4.8390000000,4.8430000000,89577.7968140000,441988.3212189550,441988.3212189550,1,SRM-USDT
2021-05-23 10:00:00,1621735200000,4.8450000000,4.8680000000,4.6820000000,4.7110000000,97827.2952930000,464828.0551367370,464828.0551367370,1,SRM-USDT
2021-05-23 11:00:00,1621738800000,4.7030000000,4.8680000000,4.6750000000,4.7710000000,169682.1146320000,811258.8506362940,811258.8506362940,1,SRM-USDT
2021-05-23 12:00:00,1621742400000,4.7690000000,4.7690000000,4.6350000000,4.6940000000,136100.8065460000,637305.9457283440,637305.9457283440,1,SRM-USDT
2021-05-23 13:00:00,1621746000000,4.6850000000,4.6850000000,4.5380000000,4.6200000000,145164.1591260000,668066.6290044599,668066.6290044599,1,SRM-USDT
2021-05-23 14:00:00,1621749600000,4.6110000000,4.6460000000,4.4210000000,4.4820000000,214346.3812630000,965044.9314327020,965044.9314327020,1,SRM-USDT
2021-05-23 15:00:00,1621753200000,4.4830000000,4.5070000000,4.1550000000,4.2310000000,432910.8432180000,1861408.3626965389,1861408.3626965389,1,SRM-USDT
2021-05-23 16:00:00,1621756800000,4.2280000000,4.2280000000,3.8180000000,3.9220000000,655750.1279889999,2636453.9010981908,2636453.9010981908,1,SRM-USDT
2021-05-23 17:00:00,1621760400000,3.9180000000,3.9830000000,3.7590000000,3.7790000000,616619.7734240000,2390522.9563936568,2390522.9563936568,1,SRM-USDT
2021-05-23 18:00:00,1621764000000,3.7810000000,4.0920000000,3.7690000000,3.9690000000,546784.2228430000,2178164.0700681792,2178164.0700681792,1,SRM-USDT
2021-05-23 19:00:00,1621767600000,3.9660000000,4.0350000000,3.8680000000,3.8930000000,254879.7678290000,1004920.5768652100,1004920.5768652100,1,SRM-USDT
2021-05-23 20:00:00,1621771200000,3.8840000000,3.9190000000,3.4500000000,3.5210000000,737120.7615110000,2704306.0844773501,2704306.0844773501,1,SRM-USDT
2021-05-23 21:00:00,1621774800000,3.5250000000,3.5560000000,3.3500000000,3.5220000000,756646.1557090000,2613277.8465257478,2613277.8465257478,1,SRM-USDT
2021-05-23 22:00:00,1621778400000,3.5220000000,3.5850000000,3.4140000000,3.5430000000,384293.6250950000,1342538.6536637740,1342538.6536637740,1,SRM-USDT
2021-05-23 23:00:00,1621782000000,3.5400000000,3.5530000000,3.3970000000,3.4310000000,254818.7419280000,884642.8590813620,884642.8590813620,1,SRM-USDT
2021-05-24 00:00:00,1621785600000,3.4290000000,3.4950000000,3.0360000000,3.2220000000,921605.6909179999,2969767.9513913686,2969767.9513913686,1,SRM-USDT
2021-05-24 01:00:00,1621789200000,3.2170000000,3.4590000000,3.2110000000,3.3550000000,580514.4689990000,1956590.5172389608,1956590.5172389608,1,SRM-USDT
2021-05-24 02:00:00,1621792800000,3.3600000000,3.4260000000,3.2070000000,3.3070000000,391335.9626710000,1299358.9360245741,1299358.9360245741,1,SRM-USDT
2021-05-24 03:00:00,1621796400000,3.3020000000,3.4570000000,3.2470000000,3.4560000000,345362.2517990000,1165933.4428026313,1165933.4428026313,1,SRM-USDT
2021-05-24 04:00:00,1621800000000,3.4540000000,3.6840000000,3.4540000000,3.6430000000,377775.4607250000,1357175.5719763190,1357175.5719763190,1,SRM-USDT
2021-05-24 05:00:00,1621803600000,3.6420000000,3.8080000000,3.6240000000,3.7600000000,233654.2691500000,866966.2274405540,866966.2274405540,1,SRM-USDT
2021-05-24 06:00:00,1621807200000,3.7610000000,3.8680000000,3.6370000000,3.6830000000,253847.7302520000,956153.8043460540,956153.8043460540,1,SRM-USDT
2021-05-24 07:00:00,1621810800000,3.6880000000,3.8740000000,3.6880000000,3.8240000000,224369.3780720000,849989.0365705830,849989.0365705830,1,SRM-USDT
2021-05-24 08:00:00,1621814400000,3.8250000000,3.9940000000,3.7690000000,3.7990000000,387670.3509280000,1508650.7266893047,1508650.7266893047,1,SRM-USDT
2021-05-24 09:00:00,1621818000000,3.8090000000,3.8270000000,3.6480000000,3.7390000000,257242.7694620000,958696.5033145300,958696.5033145300,1,SRM-USDT
2021-05-24 10:00:00,1621821600000,3.7430000000,3.8350000000,3.6890000000,3.8240000000,148960.2674100000,560819.0160888670,560819.0160888670,1,SRM-USDT
2021-05-24 11:00:00,1621825200000,3.8240000000,3.9510000000,3.8020000000,3.8610000000,188685.5361980000,733295.6513201230,733295.6513201230,1,SRM-USDT
2021-05-24 12:00:00,1621828800000,3.8640000000,3.9160000000,3.7380000000,3.7950000000,222707.2272030000,852800.1302461510,852800.1302461510,1,SRM-USDT
2021-05-24 13:00:00,1621832400000,3.7960000000,3.9310000000,3.7950000000,3.9240000000,220720.4403240000,854114.0750046410,854114.0750046410,1,SRM-USDT
2021-05-24 14:00:00,1621836000000,3.9230000000,4.1620000000,3.8740000000,4.1490000000,308686.2293760000,1248074.9375099081,1248074.9375099081,1,SRM-USDT
2021-05-24 15:00:00,1621839600000,4.1530000000,4.3490000000,4.1400000000,4.3380000000,352072.9608420000,1497166.4950087790,1497166.4950087790,1,SRM-USDT
2021-05-24 16:00:00,1621843200000,4.3440000000,4.4460000000,4.2290000000,4.3540000000,403509.3117530000,1753623.3244035221,1753623.3244035221,1,SRM-USDT
2021-05-24 17:00:00,1621846800000,4.3470000000,4.3470000000,4.1210000000,4.1350000000,303919.6005390000,1286791.5036898707,1286791.5036898707,1,SRM-USDT
2021-05-24 18:00:00,1621850400000,4.1360000000,4.2630000000,4.0880000000,4.1950000000,300501.6640340000,1256358.6804006379,1256358.6804006379,1,SRM-USDT
2021-05-24 19:00:00,1621854000000,4.1940000000,4.4030000000,4.1920000000,4.3770000000,379611.7623470000,1640842.8583213219,1640842.8583213219,1,SRM-USDT
2021-05-24 20:00:00,1621857600000,4.3740000000,4.5540000000,4.3260000000,4.4010000000,455673.5130810000,2024461.2665682049,2024461.2665682049,1,SRM-USDT
2021-05-24 21:00:00,1621861200000,4.4010000000,4.4330000000,4.2310000000,4.2770000000,397411.0017810000,1716705.4050583730,1716705.4050583730,1,SRM-USDT
2021-05-24 22:00:00,1621864800000,4.2830000000,4.4350000000,4.2820000000,4.3630000000,248281.8151170000,1084269.3316364030,1084269.3316364030,1,SRM-USDT
2021-05-24 23:00:00,1621868400000,4.3650000000,4.4880000000,4.2740000000,4.4270000000,318489.8377770000,1403521.8092087470,1403521.8092087470,1,SRM-USDT
2021-05-25 00:00:00,1621872000000,4.4280000000,4.5060000000,4.2170000000,4.3340000000,311971.3472210000,1347684.2650906320,1347684.2650906320,1,SRM-USDT
2021-05-25 01:00:00,1621875600000,4.3300000000,4.4980000000,4.2800000000,4.4980000000,181143.6968210000,792974.6292336000,792974.6292336000,1,SRM-USDT
2021-05-25 02:00:00,1621879200000,4.4960000000,4.5890000000,4.4620000000,4.5580000000,223199.3394910000,1010849.5726257440,1010849.5726257440,1,SRM-USDT
2021-05-25 03:00:00,1621882800000,4.5520000000,4.7900000000,4.4710000000,4.7340000000,366976.5735980000,1693429.7090068450,1693429.7090068450,1,SRM-USDT
2021-05-25 04:00:00,1621886400000,4.7510000000,4.8020000000,4.6040000000,4.7190000000,245731.8902720000,1157349.2230762760,1157349.2230762760,1,SRM-USDT
2021-05-25 05:00:00,1621890000000,4.7160000000,4.7680000000,4.5710000000,4.5850000000,168584.3024820000,787881.9489110700,787881.9489110700,1,SRM-USDT
2021-05-25 06:00:00,1621893600000,4.5850000000,4.6650000000,4.4950000000,4.5610000000,163718.1260780000,749739.8993976000,749739.8993976000,1,SRM-USDT
2021-05-25 07:00:00,1621897200000,4.5560000000,4.7470000000,4.5460000000,4.7440000000,158069.2666870000,732968.2188074170,732968.2188074170,1,SRM-USDT
2021-05-25 08:00:00,1621900800000,4.7480000000,4.9100000000,4.6590000000,4.8060000000,292416.0630650000,1404276.6145466501,1404276.6145466501,1,SRM-USDT
2021-05-25 09:00:00,1621904400000,4.8070000000,4.8980000000,4.6160000000,4.6920000000,241440.2370440000,1146669.4945049407,1146669.4945049407,1,SRM-USDT
2021-05-25 10:00:00,1621908000000,4.6850000000,4.7220000000,4.4950000000,4.5250000000,220796.4584480000,1015066.8580195500,1015066.8580195500,1,SRM-USDT
2021-05-25 11:00:00,1621911600000,4.5140000000,4.5280000000,4.4050000000,4.5140000000,235319.6282660000,1051625.8311358190,1051625.8311358190,1,SRM-USDT
2021-05-25 12:00:00,1621915200000,4.5120000000,4.5900000000,4.4000000000,4.5340000000,228394.3388800000,1023781.5450782970,1023781.5450782970,1,SRM-USDT
2021-05-25 13:00:00,1621918800000,4.5410000000,4.5590000000,4.4050000000,4.5060000000,209797.9634910000,938792.1246433110,938792.1246433110,1,SRM-USDT
2021-05-25 14:00:00,1621922400000,4.5050000000,4.7740000000,4.4600000000,4.7320000000,245226.9907020000,1140550.5254354610,1140550.5254354610,1,SRM-USDT
2021-05-25 15:00:00,1621926000000,4.7340000000,4.7820000000,4.6650000000,4.7390000000,149087.7953590000,704167.5825289560,704167.5825289560,1,SRM-USDT
2021-05-25 16:00:00,1621929600000,4.7410000000,4.7820000000,4.5020000000,4.5430000000,349109.9157210000,1627404.6151594473,1627404.6151594473,1,SRM-USDT
2021-05-25 17:00:00,1621933200000,4.5430000000,4.5530000000,4.4120000000,4.4230000000,133673.3896290000,597479.7464858220,597479.7464858220,1,SRM-USDT
2021-05-25 18:00:00,1621936800000,4.4180000000,4.4180000000,4.1090000000,4.2180000000,358639.3723620000,1518465.8023104039,1518465.8023104039,1,SRM-USDT
2021-05-25 19:00:00,1621940400000,4.2290000000,4.3120000000,4.1190000000,4.1360000000,256580.4506190000,1084085.4557817390,1084085.4557817390,1,SRM-USDT
2021-05-25 20:00:00,1621944000000,4.1360000000,4.2580000000,4.1210000000,4.2430000000,265004.3558620000,1110849.5035248159,1110849.5035248159,1,SRM-USDT
2021-05-25 21:00:00,1621947600000,4.2410000000,4.4250000000,4.2300000000,4.3540000000,236030.3998750000,1022195.0205158280,1022195.0205158280,1,SRM-USDT
2021-05-25 22:00:00,1621951200000,4.3530000000,4.5470000000,4.3400000000,4.4700000000,335689.3951310000,1505035.5646951040,1505035.5646951040,1,SRM-USDT
2021-05-25 23:00:00,1621954800000,4.4620000000,4.5400000000,4.3640000000,4.5140000000,432129.9152020000,1931065.8757209328,1931065.8757209328,1,SRM-USDT
2021-05-26 00:00:00,1621958400000,4.5160000000,4.5200000000,4.3880000000,4.4390000000,212781.0423830000,950561.9440501360,950561.9440501360,1,SRM-USDT
2021-05-26 01:00:00,1621962000000,4.4380000000,4.4940000000,4.3630000000,4.4890000000,152942.6022460000,677621.1188963560,677621.1188963560,1,SRM-USDT
2021-05-26 02:00:00,1621965600000,4.4890000000,4.5260000000,4.4300000000,4.4520000000,141457.5809610000,633800.7126797790,633800.7126797790,1,SRM-USDT
2021-05-26 03:00:00,1621969200000,4.4530000000,4.4660000000,4.2300000000,4.2770000000,244581.4100380000,1064706.1666166319,1064706.1666166319,1,SRM-USDT
2021-05-26 04:00:00,1621972800000,4.2750000000,4.3950000000,4.2670000000,4.3590000000,130791.4506370000,566434.0327551340,566434.0327551340,1,SRM-USDT
2021-05-26 05:00:00,1621976400000,4.3590000000,4.4830000000,4.3270000000,4.4600000000,60016.4901100000,264075.4298441580,264075.4298441580,1,SRM-USDT
2021-05-26 06:00:00,1621980000000,4.4630000000,4.6480000000,4.4630000000,4.6260000000,164647.1987530000,752183.0874264720,752183.0874264720,1,SRM-USDT
2021-05-26 07:00:00,1621983600000,4.6270000000,4.6590000000,4.5680000000,4.6100000000,206273.7180260000,951718.8264327321,951718.8264327321,1,SRM-USDT
2021-05-26 08:00:00,1621987200000,4.6090000000,4.6330000000,4.4730000000,4.5200000000,251011.3516700000,1139915.9232921870,1139915.9232921870,1,SRM-USDT
2021-05-26 09:00:00,1621990800000,4.5270000000,4.6610000000,4.5270000000,4.6410000000,196108.1335190000,901283.5294912030,901283.5294912030,1,SRM-USDT
2021-05-26 10:00:00,1621994400000,4.6400000000,4.7720000000,4.6120000000,4.6720000000,333991.7248450000,1567740.4243906301,1567740.4243906301,1,SRM-USDT
2021-05-26 11:00:00,1621998000000,4.6750000000,4.7780000000,4.6280000000,4.7730000000,280973.2084610000,1318264.1016449721,1318264.1016449721,1,SRM-USDT
2021-05-26 12:00:00,1622001600000,4.7780000000,4.7960000000,4.6470000000,4.7100000000,230868.3685220000,1083800.6790102399,1083800.6790102399,1,SRM-USDT
2021-05-26 13:00:00,1622005200000,4.7080000000,4.8910000000,4.7030000000,4.8220000000,279551.7812490000,1343709.1396019573,1343709.1396019573,1,SRM-USDT
2021-05-26 14:00:00,1622008800000,4.8240000000,5.1240000000,4.8000000000,5.1150000000,529805.6636850000,2656588.3910886608,2656588.3910886608,1,SRM-USDT
2021-05-26 15:00:00,1622012400000,5.1190000000,5.2950000000,5.0810000000,5.2620000000,488315.3657190000,2533051.5906638610,2533051.5906638610,1,SRM-USDT
2021-05-26 16:00:00,1622016000000,5.2610000000,5.2770000000,5.0070000000,5.1300000000,412115.7663590000,2105747.2678343630,2105747.2678343630,1,SRM-USDT
2021-05-26 17:00:00,1622019600000,5.1280000000,5.2450000000,5.0910000000,5.1920000000,208331.2208760000,1076935.4053698750,1076935.4053698750,1,SRM-USDT
2021-05-26 18:00:00,1622023200000,5.1900000000,5.4150000000,5.1240000000,5.3750000000,465126.3386940000,2465995.6255784398,2465995.6255784398,1,SRM-USDT
2021-05-26 19:00:00,1622026800000,5.3790000000,5.3890000000,5.2230000000,5.3660000000,214872.2902900000,1137364.1110101270,1137364.1110101270,1,SRM-USDT
2021-05-26 20:00:00,1622030400000,5.3620000000,5.5550000000,5.3390000000,5.4260000000,293319.0620160000,1594849.8284052319,1594849.8284052319,1,SRM-USDT
2021-05-26 21:00:00,1622034000000,5.4180000000,5.4190000000,5.0200000000,5.0800000000,472173.0012980000,2460318.1500183162,2460318.1500183162,1,SRM-USDT
2021-05-26 22:00:00,1622037600000,5.0800000000,5.2180000000,5.0460000000,5.1760000000,364404.8284750000,1877710.4653706008,1877710.4653706008,1,SRM-USDT
2021-05-26 23:00:00,1622041200000,5.1780000000,5.2190000000,5.0420000000,5.1170000000,424968.8196540000,2169440.2394482978,2169440.2394482978,1,SRM-USDT
2021-05-27 00:00:00,1622044800000,5.1180000000,5.2170000000,5.0840000000,5.1120000000,360171.4123900000,1854434.3693655061,1854434.3693655061,1,SRM-USDT
2021-05-27 01:00:00,1622048400000,5.1070000000,5.1840000000,5.0210000000,5.1770000000,254843.7984570000,1298757.7640780120,1298757.7640780120,1,SRM-USDT
2021-05-27 02:00:00,1622052000000,5.1700000000,5.2290000000,5.0890000000,5.1990000000,171809.0336170000,884130.2380906260,884130.2380906260,1,SRM-USDT
2021-05-27 03:00:00,1622055600000,5.1950000000,5.1980000000,5.0360000000,5.1700000000,238150.8602570000,1217577.3750067139,1217577.3750067139,1,SRM-USDT
2021-05-27 04:00:00,1622059200000,5.1760000000,5.3570000000,5.1350000000,5.3290000000,198239.9798870000,1042457.4266542200,1042457.4266542200,1,SRM-USDT
2021-05-27 05:00:00,1622062800000,5.3260000000,5.3670000000,5.2270000000,5.3060000000,153962.5738520000,814924.8969258860,814924.8969258860,1,SRM-USDT
2021-05-27 06:00:00,1622066400000,5.3120000000,5.4020000000,5.2730000000,5.4020000000,149630.4492120000,799292.5065023920,799292.5065023920,1,SRM-USDT
2021-05-27 07:00:00,1622070000000,5.3980000000,5.4850000000,5.3280000000,5.4740000000,122301.9241990000,660412.4619936440,660412.4619936440,1,SRM-USDT
2021-05-27 08:00:00,1622073600000,5.4760000000,5.4830000000,5.2600000000,5.3810000000,229107.5349420000,1228104.0462617059,1228104.0462617059,1,SRM-USDT
2021-05-27 09:00:00,1622077200000,5.3780000000,5.4150000000,4.9350000000,5.0170000000,491425.2990670000,2517815.4021720458,2517815.4021720458,1,SRM-USDT
2021-05-27 10:00:00,1622080800000,5.0150000000,5.0490000000,4.9360000000,4.9980000000,193620.8942030000,967268.5538640990,967268.5538640990,1,SRM-USDT
2021-05-27 11:00:00,1622084400000,4.9930000000,4.9930000000,4.8540000000,4.9550000000,292898.4279650000,1440116.9573569719,1440116.9573569719,1,SRM-USDT
2021-05-27 12:00:00,1622088000000,4.9580000000,5.0090000000,4.8890000000,4.9980000000,182815.1995680000,903975.7156279330,903975.7156279330,1,SRM-USDT
2021-05-27 13:00:00,1622091600000,5.0020000000,5.1100000000,4.9220000000,5.0960000000,121050.8998120000,603963.1314903779,603963.1314903779,1,SRM-USDT
2021-05-27 14:00:00,1622095200000,5.0950000000,5.1570000000,5.0370000000,5.1370000000,98228.5897260000,500654.1477075180,500654.1477075180,1,SRM-USDT
2021-05-27 15:00:00,1622098800000,5.1380000000,5.1740000000,5.0680000000,5.0980000000,77019.5181960000,393863.4705376530,393863.4705376530,1,SRM-USDT
2021-05-27 16:00:00,1622102400000,5.1030000000,5.2610000000,5.0240000000,5.2290000000,179581.9255230000,926487.2280742410,926487.2280742410,1,SRM-USDT
2021-05-27 17:00:00,1622106000000,5.2280000000,5.3290000000,5.2120000000,5.2950000000,120354.7179380000,635888.5889503050,635888.5889503050,1,SRM-USDT
2021-05-27 18:00:00,1622109600000,5.3010000000,5.3520000000,5.2500000000,5.2700000000,109793.8058780000,581890.2145898840,581890.2145898840,1,SRM-USDT
2021-05-27 19:00:00,1622113200000,5.2750000000,5.3590000000,5.2750000000,5.2980000000,108758.4769250000,578535.4165072310,578535.4165072310,1,SRM-USDT
2021-05-27 20:00:00,1622116800000,5.2940000000,5.3150000000,5.1580000000,5.1610000000,187483.1238670000,981478.1052685539,981478.1052685539,1,SRM-USDT
2021-05-27 21:00:00,1622120400000,5.1640000000,5.3320000000,5.1640000000,5.2550000000,194002.5480550000,1018554.3066462490,1018554.3066462490,1,SRM-USDT
2021-05-27 22:00:00,1622124000000,5.2510000000,5.3420000000,5.2510000000,5.2840000000,168929.6834120000,893775.6133123270,893775.6133123270,1,SRM-USDT
2021-05-27 23:00:00,1622127600000,5.2920000000,5.3190000000,5.1560000000,5.2340000000,148964.7808190000,779871.2360453000,779871.2360453000,1,SRM-USDT
2021-05-28 00:00:00,1622131200000,5.2350000000,5.2640000000,5.0550000000,5.0910000000,227986.8238130000,1167846.6019926060,1167846.6019926060,1,SRM-USDT
2021-05-28 01:00:00,1622134800000,5.0920000000,5.1930000000,5.0740000000,5.1670000000,85342.3693320000,438126.6630459040,438126.6630459040,1,SRM-USDT
2021-05-28 02:00:00,1622138400000,5.1680000000,5.2090000000,5.1270000000,5.1970000000,112063.3936990000,580058.9054502890,580058.9054502890,1,SRM-USDT
2021-05-28 03:00:00,1622142000000,5.1970000000,5.2000000000,5.0460000000,5.1440000000,89958.0293310000,460429.7054774030,460429.7054774030,1,SRM-USDT
2021-05-28 04:00:00,1622145600000,5.1370000000,5.1370000000,5.0090000000,5.0110000000,117386.7295510000,596185.6356961670,596185.6356961670,1,SRM-USDT
2021-05-28 05:00:00,1622149200000,5.0230000000,5.2240000000,4.9660000000,5.2200000000,162578.8906950000,821981.1336392839,821981.1336392839,1,SRM-USDT
2021-05-28 06:00:00,1622152800000,5.2260000000,5.2400000000,5.0740000000,5.0920000000,73794.3541240000,380404.2063329480,380404.2063329480,1,SRM-USDT
2021-05-28 07:00:00,1622156400000,5.1050000000,5.1520000000,5.0080000000,5.0750000000,93174.8764620000,472155.8157137580,472155.8157137580,1,SRM-USDT
2021-05-28 08:00:00,1622160000000,5.0780000000,5.1510000000,4.9500000000,4.9840000000,179177.7814380000,900938.7736387020,900938.7736387020,1,SRM-USDT
2021-05-28 09:00:00,1622163600000,4.9830000000,5.0490000000,4.9560000000,5.0180000000,146298.2260210000,730450.5357366320,730450.5357366320,1,SRM-USDT
2021-05-28 10:00:00,1622167200000,5.0260000000,5.0520000000,5.0000000000,5.0430000000,114957.3611570000,578372.9111869200,578372.9111869200,1,SRM-USDT
2021-05-28 11:00:00,1622170800000,5.0430000000,5.0720000000,4.9790000000,5.0450000000,122020.4456550000,613487.0388391240,613487.0388391240,1,SRM-USDT
2021-05-28 12:00:00,1622174400000,5.0470000000,5.0470000000,4.7960000000,4.8140000000,198158.9477850000,965591.7861813740,965591.7861813740,1,SRM-USDT
2021-05-28 13:00:00,1622178000000,4.8110000000,4.8810000000,4.6510000000,4.7000000000,251970.5450540000,1202064.5236326959,1202064.5236326959,1,SRM-USDT
2021-05-28 14:00:00,1622181600000,4.6950000000,4.7280000000,4.5180000000,4.6240000000,306611.3140570000,1414294.7621878639,1414294.7621878639,1,SRM-USDT
2021-05-28 15:00:00,1622185200000,4.6130000000,4.7110000000,4.5420000000,4.6590000000,199857.6294350000,925589.0360120670,925589.0360120670,1,SRM-USDT
2021-05-28 16:00:00,1622188800000,4.6490000000,4.7100000000,4.4570000000,4.5080000000,248604.3512210000,1147578.4621234480,1147578.4621234480,1,SRM-USDT
2021-05-28 17:00:00,1622192400000,4.5150000000,4.5150000000,4.2820000000,4.4020000000,535047.1480880000,2344198.8268374074,2344198.8268374074,1,SRM-USDT
2021-05-28 18:00:00,1622196000000,4.3950000000,4.4480000000,4.3370000000,4.3890000000,161126.0313120000,708379.1487575170,708379.1487575170,1,SRM-USDT
2021-05-28 19:00:00,1622199600000,4.3860000000,4.4310000000,4.2270000000,4.2760000000,209597.1140950000,904667.4050081430,904667.4050081430,1,SRM-USDT
2021-05-28 20:00:00,1622203200000,4.2610000000,4.5400000000,4.2360000000,4.5250000000,226417.3199150000,1004789.4408498150,1004789.4408498150,1,SRM-USDT
2021-05-28 21:00:00,1622206800000,4.5250000000,4.6560000000,4.5250000000,4.6240000000,192710.4960480000,887840.7139281580,887840.7139281580,1,SRM-USDT
2021-05-28 22:00:00,1622210400000,4.6250000000,4.6310000000,4.5090000000,4.5140000000,187071.8031970000,853958.0925457790,853958.0925457790,1,SRM-USDT
2021-05-28 23:00:00,1622214000000,4.5160000000,4.6070000000,4.4850000000,4.5490000000,146434.4068710000,665334.7429144330,665334.7429144330,1,SRM-USDT
2021-05-29 00:00:00,1622217600000,4.5500000000,4.5630000000,4.3840000000,4.3840000000,217109.1109750000,967857.1579267021,967857.1579267021,1,SRM-USDT
2021-05-29 01:00:00,1622221200000,4.3800000000,4.4750000000,4.3650000000,4.4700000000,147494.4868990000,653318.2496683300,653318.2496683300,1,SRM-USDT
2021-05-29 02:00:00,1622224800000,4.4750000000,4.5070000000,4.3900000000,4.4860000000,97716.5140620000,434266.2724306210,434266.2724306210,1,SRM-USDT
2021-05-29 03:00:00,1622228400000,4.4840000000,4.5350000000,4.4020000000,4.4240000000,124388.4481960000,554886.1102384520,554886.1102384520,1,SRM-USDT
2021-05-29 04:00:00,1622232000000,4.4250000000,4.4960000000,4.2700000000,4.2970000000,126450.4254590000,557041.2415804950,557041.2415804950,1,SRM-USDT
2021-05-29 05:00:00,1622235600000,4.2960000000,4.3400000000,4.1450000000,4.1950000000,182754.8924760000,772592.4788770720,772592.4788770720,1,SRM-USDT
2021-05-29 06:00:00,1622239200000,4.1970000000,4.3260000000,4.1970000000,4.2550000000,108721.9926590000,463146.4986344080,463146.4986344080,1,SRM-USDT
2021-05-29 07:00:00,1622242800000,4.2510000000,4.3540000000,4.2370000000,4.3460000000,127411.3301590000,546674.3492952730,546674.3492952730,1,SRM-USDT
2021-05-29 08:00:00,1622246400000,4.3460000000,4.4520000000,4.3240000000,4.4420000000,171755.8796040000,752660.5350851530,752660.5350851530,1,SRM-USDT
2021-05-29 09:00:00,1622250000000,4.4440000000,4.5330000000,4.4290000000,4.4630000000,150985.6282530000,675699.7418177810,675699.7418177810,1,SRM-USDT
2021-05-29 10:00:00,1622253600000,4.4690000000,4.5050000000,4.4170000000,4.4520000000,102252.6131680000,456436.4177756770,456436.4177756770,1,SRM-USDT
2021-05-29 11:00:00,1622257200000,4.4510000000,4.4940000000,4.4300000000,4.4800000000,92649.3140000000,413182.0444657520,413182.0444657520,1,SRM-USDT
2021-05-29 12:00:00,1622260800000,4.4850000000,4.5050000000,4.3390000000,4.3540000000,100973.3067480000,448337.1154806070,448337.1154806070,1,SRM-USDT
2021-05-29 13:00:00,1622264400000,4.3610000000,4.5540000000,4.3600000000,4.5060000000,138628.1645510000,620083.3637110570,620083.3637110570,1,SRM-USDT
2021-05-29 14:00:00,1622268000000,4.5060000000,4.5470000000,4.4860000000,4.4970000000,81722.7508660000,369411.5718626850,369411.5718626850,1,SRM-USDT
2021-05-29 15:00:00,1622271600000,4.4940000000,4.5140000000,4.4250000000,4.4380000000,109223.7717990000,488883.7860445630,488883.7860445630,1,SRM-USDT
2021-05-29 16:00:00,1622275200000,4.4330000000,4.4630000000,4.3730000000,4.3860000000,113974.1697410000,503228.0961134230,503228.0961134230,1,SRM-USDT
2021-05-29 17:00:00,1622278800000,4.3820000000,4.4110000000,4.2580000000,4.3030000000,193245.6363010000,832603.4387157430,832603.4387157430,1,SRM-USDT
2021-05-29 18:00:00,1622282400000,4.2970000000,4.3200000000,4.2520000000,4.2610000000,96718.5437660000,413951.4400506450,413951.4400506450,1,SRM-USDT
2021-05-29 19:00:00,1622286000000,4.2660000000,4.3340000000,4.1670000000,4.3120000000,142412.3294430000,606301.3183634740,606301.3183634740,1,SRM-USDT
2021-05-29 20:00:00,1622289600000,4.3020000000,4.3020000000,4.1870000000,4.2170000000,113985.4825970000,483475.7847553140,483475.7847553140,1,SRM-USDT
2021-05-29 21:00:00,1622293200000,4.2060000000,4.2360000000,4.1000000000,4.1610000000,268694.7770610000,1112550.7077029161,1112550.7077029161,1,SRM-USDT
2021-05-29 22:00:00,1622296800000,4.1610000000,4.2020000000,4.0470000000,4.0800000000,194143.7883400000,798189.0078942230,798189.0078942230,1,SRM-USDT
2021-05-29 23:00:00,1622300400000,4.0760000000,4.0760000000,3.9530000000,4.0280000000,342666.9626150000,1375318.2027397079,1375318.2027397079,1,SRM-USDT
2021-05-30 00:00:00,1622304000000,4.0250000000,4.1120000000,3.9650000000,4.1030000000,235199.2116400000,947044.6854618940,947044.6854618940,1,SRM-USDT
2021-05-30 01:00:00,1622307600000,4.0960000000,4.0960000000,3.9410000000,3.9710000000,206687.8807590000,827208.3056156830,827208.3056156830,1,SRM-USDT
2021-05-30 02:00:00,1622311200000,3.9670000000,3.9820000000,3.9070000000,3.9600000000,100986.8120090000,398293.8194005310,398293.8194005310,1,SRM-USDT
2021-05-30 03:00:00,1622314800000,3.9620000000,3.9620000000,3.8720000000,3.9350000000,126193.6013080000,494089.2640070140,494089.2640070140,1,SRM-USDT
2021-05-30 04:00:00,1622318400000,3.9420000000,3.9880000000,3.8700000000,3.9200000000,109997.3859580000,430531.0390344020,430531.0390344020,1,SRM-USDT
2021-05-30 05:00:00,1622322000000,3.9240000000,4.0750000000,3.9170000000,4.0500000000,120584.7829110000,485445.4173319680,485445.4173319680,1,SRM-USDT
2021-05-30 06:00:00,1622325600000,4.0470000000,4.0610000000,3.9880000000,4.0430000000,98480.8015680000,397170.6495342970,397170.6495342970,1,SRM-USDT
2021-05-30 07:00:00,1622329200000,4.0430000000,4.1170000000,3.9970000000,4.0600000000,121806.4467730000,494795.0284380010,494795.0284380010,1,SRM-USDT
2021-05-30 08:00:00,1622332800000,4.0640000000,4.0670000000,3.8360000000,3.9010000000,229905.9753530000,903538.1795519690,903538.1795519690,1,SRM-USDT
2021-05-30 09:00:00,1622336400000,3.8950000000,3.9300000000,3.8270000000,3.8760000000,159668.6061260000,618244.0615832190,618244.0615832190,1,SRM-USDT
2021-05-30 10:00:00,1622340000000,3.8690000000,3.9800000000,3.8410000000,3.9690000000,70867.9782090000,277899.7347690200,277899.7347690200,1,SRM-USDT
2021-05-30 11:00:00,1622343600000,3.9740000000,4.0690000000,3.9610000000,4.0610000000,97039.0668580000,389433.9792320940,389433.9792320940,1,SRM-USDT
2021-05-30 12:00:00,1622347200000,4.0680000000,4.1160000000,4.0400000000,4.0720000000,54434.7508180000,222091.2820872950,222091.2820872950,1,SRM-USDT
2021-05-30 13:00:00,1622350800000,4.0900000000,4.2480000000,4.0870000000,4.2420000000,92995.9161300000,388199.4282975040,388199.4282975040,1,SRM-USDT
2021-05-30 14:00:00,1622354400000,4.2470000000,4.3560000000,4.2410000000,4.3400000000,128754.0276810000,555498.8174037710,555498.8174037710,1,SRM-USDT
2021-05-30 15:00:00,1622358000000,4.3510000000,4.4170000000,4.3260000000,4.4160000000,184730.6016270000,808136.7125954570,808136.7125954570,1,SRM-USDT
2021-05-30 16:00:00,1622361600000,4.4200000000,4.4380000000,4.2970000000,4.3070000000,113630.6370180000,494107.1043374760,494107.1043374760,1,SRM-USDT
2021-05-30 17:00:00,1622365200000,4.3100000000,4.3560000000,4.3100000000,4.3410000000,44015.9342620000,190907.1137646940,190907.1137646940,1,SRM-USDT
2021-05-30 18:00:00,1622368800000,4.3500000000,4.3650000000,4.3030000000,4.3110000000,46146.4005550000,200071.6958302090,200071.6958302090,1,SRM-USDT
2021-05-30 19:00:00,1622372400000,4.3210000000,4.4210000000,4.3130000000,4.4150000000,63391.6410970000,276560.3452953630,276560.3452953630,1,SRM-USDT
2021-05-30 20:00:00,1622376000000,4.4120000000,4.4340000000,4.2590000000,4.3030000000,113422.2193750000,491899.4020063660,491899.4020063660,1,SRM-USDT
2021-05-30 21:00:00,1622379600000,4.2970000000,4.3400000000,4.2620000000,4.3260000000,54990.0752330000,236845.1329710980,236845.1329710980,1,SRM-USDT
2021-05-30 22:00:00,1622383200000,4.3260000000,4.3330000000,4.1990000000,4.2100000000,97167.8553120000,414035.0892101410,414035.0892101410,1,SRM-USDT
2021-05-30 23:00:00,1622386800000,4.2080000000,4.2400000000,4.1670000000,4.2400000000,62820.5053530000,264173.1028394610,264173.1028394610,1,SRM-USDT
2021-05-31 00:00:00,1622390400000,4.2490000000,4.2910000000,4.1820000000,4.2650000000,55275.8182710000,235121.4269963680,235121.4269963680,1,SRM-USDT
2021-05-31 01:00:00,1622394000000,4.2640000000,4.3350000000,4.2620000000,4.3240000000,91598.1285370000,394367.6820640800,394367.6820640800,1,SRM-USDT
2021-05-31 02:00:00,1622397600000,4.3240000000,4.4050000000,4.3240000000,4.3850000000,82606.4462570000,361171.3240236060,361171.3240236060,1,SRM-USDT
2021-05-31 03:00:00,1622401200000,4.3930000000,4.4210000000,4.3480000000,4.3490000000,34660.0818240000,152173.9577375690,152173.9577375690,1,SRM-USDT
2021-05-31 04:00:00,1622404800000,4.3480000000,4.4150000000,4.3180000000,4.3730000000,71265.4231380000,310951.7850019430,310951.7850019430,1,SRM-USDT
2021-05-31 05:00:00,1622408400000,4.3630000000,4.3640000000,4.3150000000,4.3270000000,34097.5160580000,147974.8712688550,147974.8712688550,1,SRM-USDT
2021-05-31 06:00:00,1622412000000,4.3260000000,4.3640000000,4.2880000000,4.3040000000,80743.1259500000,348903.3005169420,348903.3005169420,1,SRM-USDT
2021-05-31 07:00:00,1622415600000,4.3010000000,4.3300000000,4.2670000000,4.3070000000,85783.7752930000,367999.1425334810,367999.1425334810,1,SRM-USDT
2021-05-31 08:00:00,1622419200000,4.3040000000,4.3780000000,4.2160000000,4.2230000000,113641.6126860000,485266.1278680580,485266.1278680580,1,SRM-USDT
2021-05-31 09:00:00,1622422800000,4.2160000000,4.2460000000,4.1130000000,4.1250000000,104201.1376960000,434482.1895081620,434482.1895081620,1,SRM-USDT
2021-05-31 10:00:00,1622426400000,4.1230000000,4.1640000000,4.0740000000,4.1240000000,95459.0978860000,393036.4875823420,393036.4875823420,1,SRM-USDT
2021-05-31 11:00:00,1622430000000,4.1240000000,4.1340000000,4.0580000000,4.1180000000,91894.6238470000,376840.4563735140,376840.4563735140,1,SRM-USDT
2021-05-31 12:00:00,1622433600000,4.1090000000,4.1440000000,4.0790000000,4.1350000000,92076.9092880000,377843.1128855260,377843.1128855260,1,SRM-USDT
2021-05-31 13:00:00,1622437200000,4.1320000000,4.1920000000,4.1070000000,4.1580000000,49566.5422130000,206151.2529006510,206151.2529006510,1,SRM-USDT
2021-05-31 14:00:00,1622440800000,4.1620000000,4.3750000000,4.1620000000,4.3720000000,223372.5881580000,957523.8099932360,957523.8099932360,1,SRM-USDT
2021-05-31 15:00:00,1622444400000,4.3730000000,4.5060000000,4.3670000000,4.4540000000,139662.5795340000,622007.0761468890,622007.0761468890,1,SRM-USDT
2021-05-31 16:00:00,1622448000000,4.4560000000,4.5490000000,4.4110000000,4.5390000000,155379.0252200000,697671.3578588320,697671.3578588320,1,SRM-USDT
2021-05-31 17:00:00,1622451600000,4.5380000000,4.5880000000,4.4860000000,4.4900000000,144065.4139630000,654623.4800290160,654623.4800290160,1,SRM-USDT
2021-05-31 18:00:00,1622455200000,4.4940000000,4.6910000000,4.4940000000,4.6760000000,157188.1494060000,722169.3538312090,722169.3538312090,1,SRM-USDT
2021-05-31 19:00:00,1622458800000,4.6830000000,4.7050000000,4.5580000000,4.5620000000,222701.5794070000,1028608.7034544800,1028608.7034544800,1,SRM-USDT
2021-05-31 20:00:00,1622462400000,4.5630000000,4.6160000000,4.4890000000,4.5120000000,119816.4634630000,543912.1576852740,543912.1576852740,1,SRM-USDT
2021-05-31 21:00:00,1622466000000,4.5230000000,4.5740000000,4.4960000000,4.5140000000,85783.5829440000,388995.3248693230,388995.3248693230,1,SRM-USDT
2021-05-31 22:00:00,1622469600000,4.5200000000,4.5280000000,4.4450000000,4.4670000000,55677.5527670000,249108.9416011260,249108.9416011260,1,SRM-USDT
2021-05-31 23:00:00,1622473200000,4.4700000000,4.6440000000,4.4690000000,4.6410000000,103428.6226100000,474556.7576331890,474556.7576331890,1,SRM-USDT
2021-06-01 00:00:00,1622476800000,4.6410000000,4.7470000000,4.6180000000,4.7440000000,173216.7253620000,813856.0977430870,813856.0977430870,1,SRM-USDT
2021-06-01 01:00:00,1622480400000,4.7480000000,4.7480000000,4.6370000000,4.6760000000,85367.5543590000,399563.4799137100,399563.4799137100,1,SRM-USDT
2021-06-01 02:00:00,1622484000000,4.6800000000,4.6800000000,4.5820000000,4.6030000000,68683.9700020000,318414.9986736910,318414.9986736910,1,SRM-USDT
2021-06-01 03:00:00,1622487600000,4.6020000000,4.6770000000,4.5980000000,4.6770000000,34545.6746810000,159992.5966241530,159992.5966241530,1,SRM-USDT
2021-06-01 04:00:00,1622491200000,4.6800000000,4.7070000000,4.6250000000,4.6310000000,37361.9976230000,174197.4327302840,174197.4327302840,1,SRM-USDT
2021-06-01 05:00:00,1622494800000,4.6320000000,4.6790000000,4.6220000000,4.6590000000,36589.9317220000,169995.7226578600,169995.7226578600,1,SRM-USDT
2021-06-01 06:00:00,1622498400000,4.6540000000,4.7080000000,4.6490000000,4.6630000000,48180.7255190000,225507.6761638390,225507.6761638390,1,SRM-USDT
2021-06-01 07:00:00,1622502000000,4.6640000000,4.7950000000,4.6590000000,4.7570000000,72331.7608670000,342483.0660774670,342483.0660774670,1,SRM-USDT
2021-06-01 08:00:00,1622505600000,4.7560000000,4.8990000000,4.7370000000,4.8280000000,105913.5074240000,508334.9081305020,508334.9081305020,1,SRM-USDT
2021-06-01 09:00:00,1622509200000,4.8290000000,4.8300000000,4.6480000000,4.6650000000,122729.8348930000,579377.8392454670,579377.8392454670,1,SRM-USDT
2021-06-01 10:00:00,1622512800000,4.6630000000,4.7030000000,4.5960000000,4.6640000000,108930.6476310000,506986.4769425840,506986.4769425840,1,SRM-USDT
2021-06-01 11:00:00,1622516400000,4.6580000000,4.6980000000,4.6050000000,4.6400000000,103182.5969900000,480815.5699467860,480815.5699467860,1,SRM-USDT
2021-06-01 12:00:00,1622520000000,4.6360000000,4.6960000000,4.6160000000,4.6510000000,244935.0728210000,1143901.9386756560,1143901.9386756560,1,SRM-USDT
2021-06-01 13:00:00,1622523600000,4.6490000000,4.7830000000,4.6460000000,4.7680000000,550120.8279790001,2597611.9880230026,2597611.9880230026,1,SRM-USDT
2021-06-01 14:00:00,1622527200000,4.7660000000,4.8050000000,4.6830000000,4.7090000000,519439.8054040000,2465080.1267554690,2465080.1267554690,1,SRM-USDT
2021-06-01 15:00:00,1622530800000,4.7140000000,4.7360000000,4.6260000000,4.6770000000,68317.2788550000,319434.3856908520,319434.3856908520,1,SRM-USDT
2021-06-01 16:00:00,1622534400000,4.6730000000,4.7090000000,4.4630000000,4.5310000000,203227.8590230000,927485.5734585100,927485.5734585100,1,SRM-USDT
2021-06-01 17:00:00,1622538000000,4.5280000000,4.5670000000,4.4830000000,4.5470000000,84922.6239790000,384638.7492223020,384638.7492223020,1,SRM-USDT
2021-06-01 18:00:00,1622541600000,4.5420000000,4.6210000000,4.5260000000,4.6160000000,106382.9548750000,487455.1885108590,487455.1885108590,1,SRM-USDT
2021-06-01 19:00:00,1622545200000,4.6190000000,4.6700000000,4.5860000000,4.6390000000,76768.1908560000,355818.6634847990,355818.6634847990,1,SRM-USDT
2021-06-01 20:00:00,1622548800000,4.6330000000,4.6340000000,4.5240000000,4.5290000000,94498.7996730000,431324.7949304080,431324.7949304080,1,SRM-USDT
2021-06-01 21:00:00,1622552400000,4.5380000000,4.6560000000,4.4590000000,4.6430000000,200537.1215270000,914144.2593823010,914144.2593823010,1,SRM-USDT
2021-06-01 22:00:00,1622556000000,4.6490000000,4.6870000000,4.5610000000,4.5920000000,132150.3703180000,612587.1601908871,612587.1601908871,1,SRM-USDT
2021-06-01 23:00:00,1622559600000,4.5890000000,4.5890000000,4.4740000000,4.5000000000,127426.8921960000,574990.7788892280,574990.7788892280,1,SRM-USDT
2021-06-02 00:00:00,1622563200000,4.5010000000,4.5400000000,4.4480000000,4.4740000000,138436.3903020000,622018.2604926330,622018.2604926330,1,SRM-USDT
2021-06-02 01:00:00,1622566800000,4.4700000000,4.5330000000,4.4500000000,4.5170000000,102454.1836420000,459946.4088777560,459946.4088777560,1,SRM-USDT
2021-06-02 02:00:00,1622570400000,4.5160000000,4.5650000000,4.5070000000,4.5390000000,56178.5901090000,254803.6441936450,254803.6441936450,1,SRM-USDT
2021-06-02 03:00:00,1622574000000,4.5350000000,4.5350000000,4.3980000000,4.4240000000,88731.0860450000,396857.9362470520,396857.9362470520,1,SRM-USDT
2021-06-02 04:00:00,1622577600000,4.4250000000,4.5150000000,4.4210000000,4.5140000000,51151.5208390000,228373.0665757190,228373.0665757190,1,SRM-USDT
2021-06-02 05:00:00,1622581200000,4.5150000000,4.5550000000,4.4790000000,4.5550000000,49057.6279350000,221329.0911386760,221329.0911386760,1,SRM-USDT
2021-06-02 06:00:00,1622584800000,4.5600000000,4.5600000000,4.4940000000,4.5280000000,39554.4649080000,178972.7370920930,178972.7370920930,1,SRM-USDT
2021-06-02 07:00:00,1622588400000,4.5290000000,4.6240000000,4.5290000000,4.5860000000,68573.7060030000,313533.4904947610,313533.4904947610,1,SRM-USDT
2021-06-02 08:00:00,1622592000000,4.5870000000,4.6050000000,4.4800000000,4.4930000000,77150.5890240000,349468.9819354810,349468.9819354810,1,SRM-USDT
2021-06-02 09:00:00,1622595600000,4.4940000000,4.5140000000,4.4220000000,4.4890000000,77398.1397490000,345112.7920514160,345112.7920514160,1,SRM-USDT
2021-06-02 10:00:00,1622599200000,4.4930000000,4.5450000000,4.4770000000,4.5120000000,40656.9128740000,183831.5012748150,183831.5012748150,1,SRM-USDT
2021-06-02 11:00:00,1622602800000,4.5190000000,4.5890000000,4.5180000000,4.5410000000,51730.6474240000,235521.8853732960,235521.8853732960,1,SRM-USDT
2021-06-02 12:00:00,1622606400000,4.5440000000,4.5690000000,4.5240000000,4.5270000000,43181.3931880000,196487.2197524620,196487.2197524620,1,SRM-USDT
2021-06-02 13:00:00,1622610000000,4.5290000000,4.5620000000,4.5160000000,4.5590000000,58390.1453620000,264905.5706583160,264905.5706583160,1,SRM-USDT
2021-06-02 14:00:00,1622613600000,4.5610000000,4.5850000000,4.5270000000,4.5290000000,40904.0714060000,186185.4474316770,186185.4474316770,1,SRM-USDT
2021-06-02 15:00:00,1622617200000,4.5330000000,4.6360000000,4.5330000000,4.6150000000,87715.8324120000,402739.3070432070,402739.3070432070,1,SRM-USDT
2021-06-02 16:00:00,1622620800000,4.6250000000,4.7430000000,4.5790000000,4.7170000000,189529.3902920000,886813.2293652110,886813.2293652110,1,SRM-USDT
2021-06-02 17:00:00,1622624400000,4.7210000000,4.7650000000,4.6950000000,4.6950000000,113582.1875470000,536806.0167227871,536806.0167227871,1,SRM-USDT
2021-06-02 18:00:00,1622628000000,4.6970000000,4.7260000000,4.6550000000,4.6560000000,105745.6550120000,495788.2052925980,495788.2052925980,1,SRM-USDT
2021-06-02 19:00:00,1622631600000,4.6540000000,4.7310000000,4.6260000000,4.6800000000,126685.3561810000,591279.7928171880,591279.7928171880,1,SRM-USDT
2021-06-02 20:00:00,1622635200000,4.6820000000,4.8190000000,4.6780000000,4.8110000000,121603.8445380000,577614.6462425810,577614.6462425810,1,SRM-USDT
2021-06-02 21:00:00,1622638800000,4.8080000000,5.1090000000,4.7660000000,5.0600000000,612199.7817040000,3039838.8887080741,3039838.8887080741,1,SRM-USDT
2021-06-02 22:00:00,1622642400000,5.0700000000,5.1570000000,4.9800000000,5.0430000000,374734.7301500000,1900869.2089823072,1900869.2089823072,1,SRM-USDT
2021-06-02 23:00:00,1622646000000,5.0440000000,5.0630000000,4.9560000000,4.9660000000,161630.4840250000,811203.4422790230,811203.4422790230,1,SRM-USDT
2021-06-03 00:00:00,1622649600000,4.9780000000,5.0180000000,4.9110000000,4.9470000000,131557.3147580000,653590.1004816670,653590.1004816670,1,SRM-USDT
2021-06-03 01:00:00,1622653200000,4.9510000000,4.9690000000,4.9000000000,4.9400000000,39460.0448750000,194714.1365703180,194714.1365703180,1,SRM-USDT
2021-06-03 02:00:00,1622656800000,4.9400000000,4.9610000000,4.8930000000,4.9310000000,58462.4008930000,287671.4457576390,287671.4457576390,1,SRM-USDT
2021-06-03 03:00:00,1622660400000,4.9330000000,4.9850000000,4.9080000000,4.9550000000,45753.4727270000,226542.6515561860,226542.6515561860,1,SRM-USDT
2021-06-03 04:00:00,1622664000000,4.9480000000,4.9550000000,4.8390000000,4.8730000000,78301.0608590000,381656.5088428190,381656.5088428190,1,SRM-USDT
2021-06-03 05:00:00,1622667600000,4.8710000000,4.9140000000,4.8640000000,4.8920000000,45290.3587890000,221786.5339659490,221786.5339659490,1,SRM-USDT
2021-06-03 06:00:00,1622671200000,4.8900000000,4.9050000000,4.7850000000,4.8500000000,51521.7755210000,249954.5558332890,249954.5558332890,1,SRM-USDT
2021-06-03 07:00:00,1622674800000,4.8430000000,4.9290000000,4.8300000000,4.8940000000,51721.3075800000,252950.7332679220,252950.7332679220,1,SRM-USDT
2021-06-03 08:00:00,1622678400000,4.8900000000,4.9230000000,4.8210000000,4.8670000000,88017.0439440000,428323.3085989600,428323.3085989600,1,SRM-USDT
2021-06-03 09:00:00,1622682000000,4.8640000000,4.9100000000,4.7610000000,4.7700000000,61795.4683860000,298982.7065764560,298982.7065764560,1,SRM-USDT
2021-06-03 10:00:00,1622685600000,4.7640000000,4.8270000000,4.7500000000,4.8160000000,179125.8882010000,859301.8657563740,859301.8657563740,1,SRM-USDT
2021-06-03 11:00:00,1622689200000,4.8150000000,4.9480000000,4.7950000000,4.9400000000,125357.9166050000,610779.8806035870,610779.8806035870,1,SRM-USDT
2021-06-03 12:00:00,1622692800000,4.9410000000,5.1310000000,4.9360000000,5.1270000000,202210.6059650000,1018478.8444926461,1018478.8444926461,1,SRM-USDT
2021-06-03 13:00:00,1622696400000,5.1300000000,5.2300000000,5.0630000000,5.1940000000,180202.6304420000,927288.2343640230,927288.2343640230,1,SRM-USDT
2021-06-03 14:00:00,1622700000000,5.2000000000,5.2220000000,5.1330000000,5.1990000000,119504.6223850000,618322.1113708389,618322.1113708389,1,SRM-USDT
2021-06-03 15:00:00,1622703600000,5.2010000000,5.2030000000,5.0320000000,5.1160000000,147828.0179250000,754548.3391465450,754548.3391465450,1,SRM-USDT
2021-06-03 16:00:00,1622707200000,5.1160000000,5.2410000000,5.0960000000,5.2030000000,91190.6571350000,472264.4824503720,472264.4824503720,1,SRM-USDT
2021-06-03 17:00:00,1622710800000,5.2060000000,5.2880000000,5.1980000000,5.2350000000,156229.4113520000,820907.8010959800,820907.8010959800,1,SRM-USDT
2021-06-03 18:00:00,1622714400000,5.2410000000,5.2600000000,5.1860000000,5.2040000000,133523.9429610000,698808.6688492351,698808.6688492351,1,SRM-USDT
2021-06-03 19:00:00,1622718000000,5.2120000000,5.2310000000,5.0580000000,5.0710000000,143247.1676330000,733683.9894246480,733683.9894246480,1,SRM-USDT
2021-06-03 20:00:00,1622721600000,5.0760000000,5.1470000000,5.0200000000,5.1430000000,124037.9178500000,630349.8023306570,630349.8023306570,1,SRM-USDT
2021-06-03 21:00:00,1622725200000,5.1440000000,5.2490000000,5.0060000000,5.0420000000,318335.7116370000,1626905.1078511840,1626905.1078511840,1,SRM-USDT
2021-06-03 22:00:00,1622728800000,5.0440000000,5.0960000000,5.0050000000,5.0500000000,121393.5093820000,612475.3221934820,612475.3221934820,1,SRM-USDT
2021-06-03 23:00:00,1622732400000,5.0520000000,5.0840000000,5.0120000000,5.0600000000,97661.8374720000,494123.7627012050,494123.7627012050,1,SRM-USDT
2021-06-04 00:00:00,1622736000000,5.0580000000,5.2490000000,5.0310000000,5.2070000000,187659.9061170000,970382.6362078870,970382.6362078870,1,SRM-USDT
2021-06-04 01:00:00,1622739600000,5.2070000000,5.2280000000,5.1360000000,5.1550000000,95093.7454770000,493224.0040960480,493224.0040960480,1,SRM-USDT
2021-06-04 02:00:00,1622743200000,5.1430000000,5.1650000000,5.0460000000,5.0600000000,118994.6419550000,606853.6953000980,606853.6953000980,1,SRM-USDT
2021-06-04 03:00:00,1622746800000,5.0580000000,5.0940000000,5.0420000000,5.0870000000,60253.3869170000,305478.8659273540,305478.8659273540,1,SRM-USDT
2021-06-04 04:00:00,1622750400000,5.0830000000,5.2310000000,5.0730000000,5.2250000000,107013.3674830000,551793.3391088420,551793.3391088420,1,SRM-USDT
2021-06-04 05:00:00,1622754000000,5.2210000000,5.2830000000,5.1580000000,5.2020000000,140116.6260680000,734778.8464047660,734778.8464047660,1,SRM-USDT
2021-06-04 06:00:00,1622757600000,5.2010000000,5.2630000000,5.1950000000,5.2400000000,62526.4611420000,327021.1211389580,327021.1211389580,1,SRM-USDT
2021-06-04 07:00:00,1622761200000,5.2340000000,5.3720000000,5.1960000000,5.2930000000,215133.7765210000,1142536.9458300271,1142536.9458300271,1,SRM-USDT
2021-06-04 08:00:00,1622764800000,5.3000000000,5.3310000000,5.0900000000,5.1170000000,455206.8208200000,2380623.4190656408,2380623.4190656408,1,SRM-USDT
2021-06-04 09:00:00,1622768400000,5.1150000000,5.1150000000,4.8250000000,4.9000000000,358282.6142360000,1775013.7593791487,1775013.7593791487,1,SRM-USDT
2021-06-04 10:00:00,1622772000000,4.9020000000,4.9610000000,4.7950000000,4.9610000000,320169.7990950000,1561880.5833324690,1561880.5833324690,1,SRM-USDT
2021-06-04 11:00:00,1622775600000,4.9620000000,5.0220000000,4.8960000000,4.9880000000,110347.6535770000,548258.8492838710,548258.8492838710,1,SRM-USDT
2021-06-04 12:00:00,1622779200000,4.9870000000,5.0000000000,4.8930000000,4.9100000000,84209.7104970000,416270.5942699060,416270.5942699060,1,SRM-USDT
2021-06-04 13:00:00,1622782800000,4.9120000000,4.9620000000,4.7080000000,4.7140000000,251257.4505710000,1208292.3190088100,1208292.3190088100,1,SRM-USDT
2021-06-04 14:00:00,1622786400000,4.7030000000,4.8130000000,4.6670000000,4.7250000000,222980.0517950000,1060369.7700778299,1060369.7700778299,1,SRM-USDT
2021-06-04 15:00:00,1622790000000,4.7220000000,4.7250000000,4.5630000000,4.6730000000,207834.2505240000,963114.7537325692,963114.7537325692,1,SRM-USDT
2021-06-04 16:00:00,1622793600000,4.6670000000,4.7190000000,4.5880000000,4.6690000000,153104.7357940000,714436.1350811550,714436.1350811550,1,SRM-USDT
2021-06-04 17:00:00,1622797200000,4.6700000000,4.7420000000,4.6170000000,4.7410000000,121885.7745370000,570622.8853205330,570622.8853205330,1,SRM-USDT
2021-06-04 18:00:00,1622800800000,4.7400000000,4.7710000000,4.6340000000,4.6380000000,137700.7775500000,645865.2250024400,645865.2250024400,1,SRM-USDT
2021-06-04 19:00:00,1622804400000,4.6330000000,4.6820000000,4.5560000000,4.6020000000,99098.7683960000,458018.8611575640,458018.8611575640,1,SRM-USDT
2021-06-04 20:00:00,1622808000000,4.6050000000,4.7140000000,4.4670000000,4.6860000000,335785.3026380000,1533289.0192605359,1533289.0192605359,1,SRM-USDT
2021-06-04 21:00:00,1622811600000,4.6990000000,4.7300000000,4.6560000000,4.7170000000,119351.3409520000,560715.5536033100,560715.5536033100,1,SRM-USDT
2021-06-04 22:00:00,1622815200000,4.7240000000,4.7400000000,4.6260000000,4.6890000000,171677.8546410000,802187.6173208290,802187.6173208290,1,SRM-USDT
2021-06-04 23:00:00,1622818800000,4.6960000000,4.7680000000,4.6670000000,4.7650000000,80598.0476360000,379951.5985739280,379951.5985739280,1,SRM-USDT
2021-06-05 00:00:00,1622822400000,4.7590000000,4.8020000000,4.7110000000,4.7210000000,173619.6349070000,824162.1296148420,824162.1296148420,1,SRM-USDT
2021-06-05 01:00:00,1622826000000,4.7200000000,4.8360000000,4.7100000000,4.7670000000,95840.7692050000,458051.2677241680,458051.2677241680,1,SRM-USDT
2021-06-05 02:00:00,1622829600000,4.7730000000,4.8040000000,4.7410000000,4.7770000000,36791.3438830000,175526.1654881750,175526.1654881750,1,SRM-USDT
2021-06-05 03:00:00,1622833200000,4.7830000000,4.7960000000,4.6980000000,4.7320000000,63649.7690210000,301927.5281732600,301927.5281732600,1,SRM-USDT
2021-06-05 04:00:00,1622836800000,4.7260000000,4.8020000000,4.7260000000,4.7860000000,50697.1565560000,241457.7091854940,241457.7091854940,1,SRM-USDT
2021-06-05 05:00:00,1622840400000,4.7930000000,4.8370000000,4.7870000000,4.8110000000,45956.2773280000,221126.5729598670,221126.5729598670,1,SRM-USDT
2021-06-05 06:00:00,1622844000000,4.8120000000,4.8260000000,4.7650000000,4.8080000000,37225.2748430000,178553.8595705070,178553.8595705070,1,SRM-USDT
2021-06-05 07:00:00,1622847600000,4.8040000000,4.8190000000,4.6510000000,4.7170000000,108219.9408360000,509850.1147956590,509850.1147956590,1,SRM-USDT
2021-06-05 08:00:00,1622851200000,4.7230000000,4.8570000000,4.6710000000,4.8380000000,136321.6902960000,652190.1630795780,652190.1630795780,1,SRM-USDT
2021-06-05 09:00:00,1622854800000,4.8450000000,4.8930000000,4.8130000000,4.8820000000,87646.3123090000,425348.0686458760,425348.0686458760,1,SRM-USDT
2021-06-05 10:00:00,1622858400000,4.8850000000,5.0280000000,4.8640000000,4.9940000000,157705.3404330000,779638.0758315860,779638.0758315860,1,SRM-USDT
2021-06-05 11:00:00,1622862000000,4.9910000000,5.0510000000,4.9710000000,5.0230000000,139981.2550360000,701645.8960225000,701645.8960225000,1,SRM-USDT
2021-06-05 12:00:00,1622865600000,5.0300000000,5.0540000000,4.9450000000,4.9770000000,93842.4066100000,469192.3288694380,469192.3288694380,1,SRM-USDT
2021-06-05 13:00:00,1622869200000,4.9770000000,5.0520000000,4.9590000000,5.0360000000,97464.9852520000,487995.9297284710,487995.9297284710,1,SRM-USDT
2021-06-05 14:00:00,1622872800000,5.0360000000,5.0810000000,4.9930000000,5.0180000000,83708.7403400000,422359.1682902000,422359.1682902000,1,SRM-USDT
2021-06-05 15:00:00,1622876400000,5.0160000000,5.0590000000,4.9700000000,4.9750000000,72092.4653080000,361129.9861760100,361129.9861760100,1,SRM-USDT
2021-06-05 16:00:00,1622880000000,4.9740000000,5.0220000000,4.9510000000,4.9890000000,56328.0971820000,280885.5771154460,280885.5771154460,1,SRM-USDT
2021-06-05 17:00:00,1622883600000,4.9940000000,5.0130000000,4.7150000000,4.7690000000,209718.9226330000,1018204.1091129710,1018204.1091129710,1,SRM-USDT
2021-06-05 18:00:00,1622887200000,4.7690000000,4.8270000000,4.7130000000,4.7500000000,176515.8284090000,841886.4198646360,841886.4198646360,1,SRM-USDT
2021-06-05 19:00:00,1622890800000,4.7470000000,4.7640000000,4.6040000000,4.6560000000,209911.4357770000,982001.7469900040,982001.7469900040,1,SRM-USDT
2021-06-05 20:00:00,1622894400000,4.6400000000,4.6980000000,4.5470000000,4.6400000000,236517.1878070000,1095292.1370218061,1095292.1370218061,1,SRM-USDT
2021-06-05 21:00:00,1622898000000,4.6390000000,4.6570000000,4.5760000000,4.5780000000,101881.9162970000,470345.0337345330,470345.0337345330,1,SRM-USDT
2021-06-05 22:00:00,1622901600000,4.5700000000,4.6480000000,4.5570000000,4.5760000000,100434.7968310000,461774.7467729430,461774.7467729430,1,SRM-USDT
2021-06-05 23:00:00,1622905200000,4.5760000000,4.6720000000,4.5610000000,4.6660000000,103416.6999920000,477065.9238833520,477065.9238833520,1,SRM-USDT
2021-06-06 00:00:00,1622908800000,4.6740000000,4.6740000000,4.5870000000,4.6010000000,62596.8169710000,289688.4046691610,289688.4046691610,1,SRM-USDT
2021-06-06 01:00:00,1622912400000,4.5960000000,4.6390000000,4.5690000000,4.5770000000,55667.3890250000,255884.3631883010,255884.3631883010,1,SRM-USDT
2021-06-06 02:00:00,1622916000000,4.5760000000,4.6370000000,4.5720000000,4.6140000000,37468.8893590000,172739.8692659990,172739.8692659990,1,SRM-USDT
2021-06-06 03:00:00,1622919600000,4.6070000000,4.6500000000,4.5670000000,4.5710000000,33234.3632190000,153192.1576675440,153192.1576675440,1,SRM-USDT
2021-06-06 04:00:00,1622923200000,4.5750000000,4.6360000000,4.5590000000,4.6240000000,57454.8097250000,264557.2619525860,264557.2619525860,1,SRM-USDT
2021-06-06 05:00:00,1622926800000,4.6240000000,4.6240000000,4.4240000000,4.4500000000,78523.0256820000,352619.7253195150,352619.7253195150,1,SRM-USDT
2021-06-06 06:00:00,1622930400000,4.4500000000,4.5310000000,4.4360000000,4.5030000000,58525.8794420000,263320.7007627180,263320.7007627180,1,SRM-USDT
2021-06-06 07:00:00,1622934000000,4.5080000000,4.6090000000,4.5080000000,4.6010000000,42512.2713520000,193836.5883802480,193836.5883802480,1,SRM-USDT
2021-06-06 08:00:00,1622937600000,4.6010000000,4.6110000000,4.5640000000,4.5920000000,52516.4062160000,241009.1529754540,241009.1529754540,1,SRM-USDT
2021-06-06 09:00:00,1622941200000,4.5910000000,4.6960000000,4.5910000000,4.6880000000,54218.7888730000,251688.9609968460,251688.9609968460,1,SRM-USDT
2021-06-06 10:00:00,1622944800000,4.6870000000,4.7290000000,4.6700000000,4.6880000000,43444.9242980000,204336.2279950050,204336.2279950050,1,SRM-USDT
2021-06-06 11:00:00,1622948400000,4.6850000000,4.7100000000,4.6150000000,4.6410000000,74614.5478370000,346822.6895786340,346822.6895786340,1,SRM-USDT
2021-06-06 12:00:00,1622952000000,4.6380000000,4.6550000000,4.6030000000,4.6310000000,37410.3332590000,173280.9237370020,173280.9237370020,1,SRM-USDT
2021-06-06 13:00:00,1622955600000,4.6340000000,4.6980000000,4.6310000000,4.6930000000,25903.5224820000,120759.3091577780,120759.3091577780,1,SRM-USDT
2021-06-06 14:00:00,1622959200000,4.6920000000,4.7130000000,4.5790000000,4.6090000000,71409.8925990000,330988.9909844860,330988.9909844860,1,SRM-USDT
2021-06-06 15:00:00,1622962800000,4.6120000000,4.6670000000,4.6120000000,4.6600000000,46188.8031920000,214924.1883191120,214924.1883191120,1,SRM-USDT
2021-06-06 16:00:00,1622966400000,4.6610000000,4.7450000000,4.6590000000,4.7410000000,67945.5183140000,318537.9663143910,318537.9663143910,1,SRM-USDT
2021-06-06 17:00:00,1622970000000,4.7400000000,4.7870000000,4.7100000000,4.7430000000,45468.4723680000,215439.1399900510,215439.1399900510,1,SRM-USDT
2021-06-06 18:00:00,1622973600000,4.7430000000,4.7590000000,4.6650000000,4.6910000000,52837.4723290000,247936.3014601260,247936.3014601260,1,SRM-USDT
2021-06-06 19:00:00,1622977200000,4.6920000000,4.7070000000,4.6400000000,4.6560000000,37236.0358940000,173690.4404328980,173690.4404328980,1,SRM-USDT
2021-06-06 20:00:00,1622980800000,4.6600000000,4.7390000000,4.6520000000,4.6830000000,41619.6009080000,195571.1703678010,195571.1703678010,1,SRM-USDT
2021-06-06 21:00:00,1622984400000,4.6830000000,4.7260000000,4.6360000000,4.6580000000,61649.2230780000,288536.9482096350,288536.9482096350,1,SRM-USDT
2021-06-06 22:00:00,1622988000000,4.6550000000,4.7770000000,4.6040000000,4.6990000000,152942.8095420000,717771.7293341570,717771.7293341570,1,SRM-USDT
2021-06-06 23:00:00,1622991600000,4.6990000000,4.7410000000,4.6990000000,4.7350000000,57162.9547010000,270023.9418934500,270023.9418934500,1,SRM-USDT
2021-06-07 00:00:00,1622995200000,4.7330000000,4.8040000000,4.7330000000,4.7830000000,69683.5963410000,332403.5952426370,332403.5952426370,1,SRM-USDT
2021-06-07 01:00:00,1622998800000,4.7830000000,4.7830000000,4.7180000000,4.7610000000,52840.3508180000,251082.7648713150,251082.7648713150,1,SRM-USDT
2021-06-07 02:00:00,1623002400000,4.7600000000,4.7600000000,4.6770000000,4.6960000000,64316.7443080000,302292.0087090540,302292.0087090540,1,SRM-USDT
2021-06-07 03:00:00,1623006000000,4.6960000000,4.6960000000,4.6550000000,4.6710000000,31724.8021370000,148301.1091366960,148301.1091366960,1,SRM-USDT
2021-06-07 04:00:00,1623009600000,4.6670000000,4.7560000000,4.6550000000,4.7520000000,59268.4513910000,278446.2053440900,278446.2053440900,1,SRM-USDT
2021-06-07 05:00:00,1623013200000,4.7520000000,4.8240000000,4.7340000000,4.8090000000,79753.2707880000,381172.4835437080,381172.4835437080,1,SRM-USDT
2021-06-07 06:00:00,1623016800000,4.8080000000,4.8080000000,4.6810000000,4.7660000000,96080.2124250000,455365.5452832350,455365.5452832350,1,SRM-USDT
2021-06-07 07:00:00,1623020400000,4.7600000000,4.8090000000,4.7420000000,4.7960000000,57068.4145360000,272782.6997309560,272782.6997309560,1,SRM-USDT
2021-06-07 08:00:00,1623024000000,4.8010000000,4.8540000000,4.7320000000,4.8540000000,96456.7913840000,462573.0387461630,462573.0387461630,1,SRM-USDT
2021-06-07 09:00:00,1623027600000,4.8570000000,5.0080000000,4.8570000000,5.0040000000,103167.7854140000,508463.5482097670,508463.5482097670,1,SRM-USDT
2021-06-07 10:00:00,1623031200000,5.0050000000,5.0130000000,4.9300000000,4.9340000000,172252.7283410000,853585.4346351470,853585.4346351470,1,SRM-USDT
2021-06-07 11:00:00,1623034800000,4.9340000000,4.9750000000,4.8790000000,4.9090000000,121186.3619620000,597121.9933784360,597121.9933784360,1,SRM-USDT
2021-06-07 12:00:00,1623038400000,4.9100000000,4.9480000000,4.8540000000,4.8650000000,66691.7421440000,327235.0765980270,327235.0765980270,1,SRM-USDT
2021-06-07 13:00:00,1623042000000,4.8760000000,4.9470000000,4.8670000000,4.9150000000,58913.7303910000,288521.3347568980,288521.3347568980,1,SRM-USDT
2021-06-07 14:00:00,1623045600000,4.9150000000,4.9360000000,4.8950000000,4.9220000000,46214.7894500000,227237.4964641120,227237.4964641120,1,SRM-USDT
2021-06-07 15:00:00,1623049200000,4.9090000000,5.0250000000,4.8600000000,4.9560000000,122917.3201940000,607597.5157010440,607597.5157010440,1,SRM-USDT
2021-06-07 16:00:00,1623052800000,4.9560000000,5.1560000000,4.9250000000,5.0780000000,374351.0046520000,1895993.6663467928,1895993.6663467928,1,SRM-USDT
2021-06-07 17:00:00,1623056400000,5.0790000000,5.2070000000,5.0580000000,5.1690000000,350856.3529530000,1806199.8066265101,1806199.8066265101,1,SRM-USDT
2021-06-07 18:00:00,1623060000000,5.1650000000,5.2630000000,5.1570000000,5.2000000000,144323.8803080000,753381.5755326319,753381.5755326319,1,SRM-USDT
2021-06-07 19:00:00,1623063600000,5.2060000000,5.2060000000,5.1300000000,5.1430000000,176795.1152490000,912938.7638193700,912938.7638193700,1,SRM-USDT
2021-06-07 20:00:00,1623067200000,5.1470000000,5.2600000000,5.1110000000,5.2400000000,172399.7661690000,894986.3195336640,894986.3195336640,1,SRM-USDT
2021-06-07 21:00:00,1623070800000,5.2420000000,5.2710000000,5.1600000000,5.1770000000,137845.9939510000,718558.4200638470,718558.4200638470,1,SRM-USDT
2021-06-07 22:00:00,1623074400000,5.1690000000,5.1690000000,5.0180000000,5.0830000000,280963.3914340000,1431626.8311557409,1431626.8311557409,1,SRM-USDT
2021-06-07 23:00:00,1623078000000,5.0780000000,5.1140000000,5.0450000000,5.1060000000,79780.1551780000,405066.2824687800,405066.2824687800,1,SRM-USDT
2021-06-08 00:00:00,1623081600000,5.1080000000,5.1960000000,5.0780000000,5.0840000000,221728.3537230000,1141282.1077045060,1141282.1077045060,1,SRM-USDT
2021-06-08 01:00:00,1623085200000,5.0710000000,5.0790000000,4.9870000000,5.0090000000,181726.6376870000,913690.1367080450,913690.1367080450,1,SRM-USDT
2021-06-08 02:00:00,1623088800000,5.0070000000,5.0280000000,4.9090000000,4.9410000000,156659.6552750000,777715.5991146980,777715.5991146980,1,SRM-USDT
2021-06-08 03:00:00,1623092400000,4.9400000000,5.0000000000,4.9150000000,4.9830000000,133786.9028620000,664861.0935983050,664861.0935983050,1,SRM-USDT
2021-06-08 04:00:00,1623096000000,4.9810000000,5.0030000000,4.7170000000,4.7600000000,200871.0318100000,974974.9564910399,974974.9564910399,1,SRM-USDT
2021-06-08 05:00:00,1623099600000,4.7600000000,4.7670000000,4.5650000000,4.6520000000,285947.5171850000,1331261.0142628753,1331261.0142628753,1,SRM-USDT
2021-06-08 06:00:00,1623103200000,4.6470000000,4.6970000000,4.5980000000,4.6330000000,93340.6793480000,432861.0018135940,432861.0018135940,1,SRM-USDT
2021-06-08 07:00:00,1623106800000,4.6280000000,4.6290000000,4.4220000000,4.4670000000,205508.2979350000,927878.0514742550,927878.0514742550,1,SRM-USDT
2021-06-08 08:00:00,1623110400000,4.4660000000,4.5250000000,4.3060000000,4.3580000000,404022.4497700000,1780546.9361462630,1780546.9361462630,1,SRM-USDT
2021-06-08 09:00:00,1623114000000,4.3620000000,4.4320000000,4.3240000000,4.4030000000,93475.7029780000,410148.9074404460,410148.9074404460,1,SRM-USDT
2021-06-08 10:00:00,1623117600000,4.4020000000,4.4070000000,4.1320000000,4.1900000000,234316.2863900000,1001208.1838574570,1001208.1838574570,1,SRM-USDT
2021-06-08 11:00:00,1623121200000,4.1800000000,4.2050000000,4.0810000000,4.1970000000,211988.3682720000,878462.0883806610,878462.0883806610,1,SRM-USDT
2021-06-08 12:00:00,1623124800000,4.1970000000,4.2740000000,4.1820000000,4.2490000000,162375.0024350000,688694.2272447690,688694.2272447690,1,SRM-USDT
2021-06-08 13:00:00,1623128400000,4.2450000000,4.2640000000,4.1150000000,4.1970000000,152994.4499950000,637924.5427505670,637924.5427505670,1,SRM-USDT
2021-06-08 14:00:00,1623132000000,4.1980000000,4.2180000000,4.1020000000,4.1160000000,119430.4620650000,495605.8905590850,495605.8905590850,1,SRM-USDT
2021-06-08 15:00:00,1623135600000,4.1150000000,4.2610000000,4.0540000000,4.2340000000,213606.2030400000,890294.3759613381,890294.3759613381,1,SRM-USDT
2021-06-08 16:00:00,1623139200000,4.2350000000,4.2980000000,4.2260000000,4.2280000000,155507.4236720000,663161.1993480970,663161.1993480970,1,SRM-USDT
2021-06-08 17:00:00,1623142800000,4.2280000000,4.2340000000,4.1390000000,4.1510000000,125952.9550720000,526823.3954291560,526823.3954291560,1,SRM-USDT
2021-06-08 18:00:00,1623146400000,4.1530000000,4.2270000000,4.1230000000,4.1530000000,79211.8717070000,330182.5029558710,330182.5029558710,1,SRM-USDT
2021-06-08 19:00:00,1623150000000,4.1510000000,4.2670000000,4.1250000000,4.2620000000,116513.0107930000,490664.4095808950,490664.4095808950,1,SRM-USDT
2021-06-08 20:00:00,1623153600000,4.2670000000,4.2830000000,4.1430000000,4.1480000000,64191.9575460000,269170.0846275840,269170.0846275840,1,SRM-USDT
2021-06-08 21:00:00,1623157200000,4.1450000000,4.1710000000,4.0200000000,4.0220000000,142163.5562880000,579658.2231310341,579658.2231310341,1,SRM-USDT
2021-06-08 22:00:00,1623160800000,4.0210000000,4.0530000000,3.8780000000,3.9240000000,277803.1472550000,1099956.7795795109,1099956.7795795109,1,SRM-USDT
2021-06-08 23:00:00,1623164400000,3.9270000000,3.9890000000,3.8060000000,3.9830000000,246632.2469380000,959613.3534895940,959613.3534895940,1,SRM-USDT
2021-06-09 00:00:00,1623168000000,3.9790000000,4.0880000000,3.9410000000,4.0610000000,161573.0898990000,653177.7463677240,653177.7463677240,1,SRM-USDT
2021-06-09 01:00:00,1623171600000,4.0640000000,4.0950000000,3.9910000000,4.0930000000,79024.7673100000,319450.4703315680,319450.4703315680,1,SRM-USDT
2021-06-09 02:00:00,1623175200000,4.1020000000,4.2110000000,4.0870000000,4.2040000000,102635.9094780000,425833.6390405220,425833.6390405220,1,SRM-USDT
2021-06-09 03:00:00,1623178800000,4.2090000000,4.2160000000,4.1550000000,4.2020000000,64177.9473980000,268787.5517138760,268787.5517138760,1,SRM-USDT
2021-06-09 04:00:00,1623182400000,4.2000000000,4.3220000000,4.1890000000,4.2940000000,117056.5730410000,497916.4496953280,497916.4496953280,1,SRM-USDT
2021-06-09 05:00:00,1623186000000,4.2990000000,4.3160000000,4.2350000000,4.2700000000,91651.0122320000,392928.5795587790,392928.5795587790,1,SRM-USDT
2021-06-09 06:00:00,1623189600000,4.2590000000,4.3470000000,4.2590000000,4.2750000000,55858.3344680000,240028.3700744000,240028.3700744000,1,SRM-USDT
2021-06-09 07:00:00,1623193200000,4.2800000000,4.3380000000,4.2650000000,4.2710000000,30913.4228240000,132729.0401935810,132729.0401935810,1,SRM-USDT
2021-06-09 08:00:00,1623196800000,4.2750000000,4.2950000000,4.1400000000,4.1530000000,119855.5524480000,504371.8990463840,504371.8990463840,1,SRM-USDT
2021-06-09 09:00:00,1623200400000,4.1520000000,4.1940000000,4.0760000000,4.0850000000,75844.0429820000,313624.1702272090,313624.1702272090,1,SRM-USDT
2021-06-09 10:00:00,1623204000000,4.0980000000,4.1870000000,4.0400000000,4.1200000000,125582.1275900000,516382.4133108610,516382.4133108610,1,SRM-USDT
2021-06-09 11:00:00,1623207600000,4.1260000000,4.1800000000,4.0750000000,4.1570000000,78989.2860640000,326498.0197326430,326498.0197326430,1,SRM-USDT
2021-06-09 12:00:00,1623211200000,4.1580000000,4.1630000000,4.0580000000,4.1530000000,786239.9808209999,3229230.0619696486,3229230.0619696486,1,SRM-USDT
2021-06-09 13:00:00,1623214800000,4.1540000000,4.2610000000,4.1490000000,4.2050000000,665599.2878730000,2802476.9713224741,2802476.9713224741,1,SRM-USDT
2021-06-09 14:00:00,1623218400000,4.2030000000,4.3600000000,4.1840000000,4.3560000000,564488.1556130000,2401483.6386210830,2401483.6386210830,1,SRM-USDT
2021-06-09 15:00:00,1623222000000,4.3620000000,4.4170000000,4.3390000000,4.3690000000,229331.8916360000,1005591.5665785150,1005591.5665785150,1,SRM-USDT
2021-06-09 16:00:00,1623225600000,4.3690000000,4.5380000000,4.2890000000,4.4630000000,374821.5626180000,1663385.2766357311,1663385.2766357311,1,SRM-USDT
2021-06-09 17:00:00,1623229200000,4.4600000000,4.4920000000,4.3890000000,4.4010000000,193182.9070630000,859414.0983489680,859414.0983489680,1,SRM-USDT
2021-06-09 18:00:00,1623232800000,4.4010000000,4.5120000000,4.3700000000,4.4600000000,102305.4521190000,453997.9913426180,453997.9913426180,1,SRM-USDT
2021-06-09 19:00:00,1623236400000,4.4690000000,4.5110000000,4.4030000000,4.4990000000,129614.5729400000,578520.3184696980,578520.3184696980,1,SRM-USDT
2021-06-09 20:00:00,1623240000000,4.4990000000,4.5570000000,4.4450000000,4.4650000000,135264.1923570000,608628.2244063700,608628.2244063700,1,SRM-USDT
2021-06-09 21:00:00,1623243600000,4.4640000000,4.4900000000,4.3890000000,4.4370000000,73893.6367030000,328511.1790584120,328511.1790584120,1,SRM-USDT
2021-06-09 22:00:00,1623247200000,4.4430000000,4.5050000000,4.3350000000,4.3400000000,101475.0869440000,449337.0224744450,449337.0224744450,1,SRM-USDT
2021-06-09 23:00:00,1623250800000,4.3500000000,4.5420000000,4.3500000000,4.5090000000,170522.8139210000,764668.0361291310,764668.0361291310,1,SRM-USDT
2021-06-10 00:00:00,1623254400000,4.5180000000,4.5500000000,4.4500000000,4.5040000000,106230.8986910000,478789.8614264760,478789.8614264760,1,SRM-USDT
2021-06-10 01:00:00,1623258000000,4.5060000000,4.5580000000,4.4710000000,4.4870000000,138382.1399830000,623765.5882798410,623765.5882798410,1,SRM-USDT
2021-06-10 02:00:00,1623261600000,4.4890000000,4.5200000000,4.3930000000,4.4140000000,115458.4478620000,512883.1058786630,512883.1058786630,1,SRM-USDT
2021-06-10 03:00:00,1623265200000,4.4190000000,4.4370000000,4.3680000000,4.3990000000,94423.1920440000,414726.6351785920,414726.6351785920,1,SRM-USDT
2021-06-10 04:00:00,1623268800000,4.4020000000,4.4130000000,4.3680000000,4.3710000000,76056.7730760000,333305.3824069100,333305.3824069100,1,SRM-USDT
2021-06-10 05:00:00,1623272400000,4.3700000000,4.4240000000,4.3560000000,4.3970000000,82886.3812930000,363205.1878564980,363205.1878564980,1,SRM-USDT
2021-06-10 06:00:00,1623276000000,4.3950000000,4.5020000000,4.3860000000,4.4710000000,141266.9897230000,628972.9993460390,628972.9993460390,1,SRM-USDT
2021-06-10 07:00:00,1623279600000,4.4670000000,4.5040000000,4.4370000000,4.4970000000,72969.0458680000,325738.1342032250,325738.1342032250,1,SRM-USDT
2021-06-10 08:00:00,1623283200000,4.5000000000,4.5190000000,4.3990000000,4.4030000000,92650.7437610000,411068.8085170030,411068.8085170030,1,SRM-USDT
2021-06-10 09:00:00,1623286800000,4.4130000000,4.5100000000,4.4080000000,4.4110000000,50161.4427600000,224000.6066045780,224000.6066045780,1,SRM-USDT
2021-06-10 10:00:00,1623290400000,4.4110000000,4.4710000000,4.3910000000,4.4510000000,35299.1945770000,156516.7128664960,156516.7128664960,1,SRM-USDT
2021-06-10 11:00:00,1623294000000,4.4500000000,4.5000000000,4.3960000000,4.3960000000,46626.1951260000,207597.2621803310,207597.2621803310,1,SRM-USDT
2021-06-10 12:00:00,1623297600000,4.3980000000,4.4400000000,4.3700000000,4.4250000000,52611.2130690000,231817.4756853100,231817.4756853100,1,SRM-USDT
2021-06-10 13:00:00,1623301200000,4.4170000000,4.4370000000,4.3710000000,4.4130000000,45369.5593520000,199520.9634168890,199520.9634168890,1,SRM-USDT
2021-06-10 14:00:00,1623304800000,4.4080000000,4.4620000000,4.3610000000,4.4110000000,66052.9672570000,291330.2358585190,291330.2358585190,1,SRM-USDT
2021-06-10 15:00:00,1623308400000,4.4210000000,4.4840000000,4.3990000000,4.4640000000,41741.0406280000,185862.6012667500,185862.6012667500,1,SRM-USDT
2021-06-10 16:00:00,1623312000000,4.4570000000,4.4830000000,4.3290000000,4.3570000000,84659.2337230000,372955.5999229440,372955.5999229440,1,SRM-USDT
2021-06-10 17:00:00,1623315600000,4.3560000000,4.4780000000,4.2950000000,4.4700000000,103204.3314930000,450716.2346076680,450716.2346076680,1,SRM-USDT
2021-06-10 18:00:00,1623319200000,4.4700000000,4.5850000000,4.4530000000,4.5170000000,158012.4620020000,715247.0050227171,715247.0050227171,1,SRM-USDT
2021-06-10 19:00:00,1623322800000,4.5170000000,4.5480000000,4.4400000000,4.4510000000,67699.8652200000,304146.4779637720,304146.4779637720,1,SRM-USDT
2021-06-10 20:00:00,1623326400000,4.4490000000,4.4690000000,4.3680000000,4.4030000000,83618.6614010000,368916.2895649630,368916.2895649630,1,SRM-USDT
2021-06-10 21:00:00,1623330000000,4.4030000000,4.4180000000,4.3360000000,4.3900000000,86279.3462610000,376453.5276296710,376453.5276296710,1,SRM-USDT
2021-06-10 22:00:00,1623333600000,4.3920000000,4.4180000000,4.2670000000,4.2960000000,120238.7782340000,519699.8632582470,519699.8632582470,1,SRM-USDT
2021-06-10 23:00:00,1623337200000,4.2960000000,4.3230000000,4.2350000000,4.2850000000,77806.2994920000,332627.3182150960,332627.3182150960,1,SRM-USDT
2021-06-11 00:00:00,1623340800000,4.2850000000,4.3160000000,4.2260000000,4.2510000000,79883.6779510000,341041.0228507630,341041.0228507630,1,SRM-USDT
2021-06-11 01:00:00,1623344400000,4.2520000000,4.2800000000,4.1730000000,4.2270000000,110226.0585660000,465322.8417647420,465322.8417647420,1,SRM-USDT
2021-06-11 02:00:00,1623348000000,4.2230000000,4.2540000000,4.2110000000,4.2500000000,58406.6682480000,247490.6289840700,247490.6289840700,1,SRM-USDT
2021-06-11 03:00:00,1623351600000,4.2530000000,4.2600000000,4.1730000000,4.2000000000,113016.9681120000,475002.3022951450,475002.3022951450,1,SRM-USDT
2021-06-11 04:00:00,1623355200000,4.2010000000,4.2300000000,4.1270000000,4.2270000000,89229.5975850000,371544.5603856070,371544.5603856070,1,SRM-USDT
2021-06-11 05:00:00,1623358800000,4.2280000000,4.2320000000,4.1800000000,4.2090000000,57826.2579950000,243073.7697901300,243073.7697901300,1,SRM-USDT
2021-06-11 06:00:00,1623362400000,4.2070000000,4.2540000000,4.1960000000,4.2460000000,49403.0551370000,208885.6539195750,208885.6539195750,1,SRM-USDT
2021-06-11 07:00:00,1623366000000,4.2460000000,4.2490000000,4.1840000000,4.1970000000,58166.9713410000,245545.3801751740,245545.3801751740,1,SRM-USDT
2021-06-11 08:00:00,1623369600000,4.2030000000,4.2630000000,4.1490000000,4.1560000000,81609.1857260000,342199.2320086690,342199.2320086690,1,SRM-USDT
2021-06-11 09:00:00,1623373200000,4.1490000000,4.1770000000,4.1130000000,4.1650000000,40167.0597240000,166448.1280715240,166448.1280715240,1,SRM-USDT
2021-06-11 10:00:00,1623376800000,4.1650000000,4.1850000000,4.1160000000,4.1810000000,34277.1254760000,142318.0045859500,142318.0045859500,1,SRM-USDT
2021-06-11 11:00:00,1623380400000,4.1860000000,4.2340000000,4.1860000000,4.2000000000,41535.8471910000,174998.2305483190,174998.2305483190,1,SRM-USDT
2021-06-11 12:00:00,1623384000000,4.1980000000,4.2530000000,4.1950000000,4.2480000000,41651.0143210000,175883.2004295330,175883.2004295330,1,SRM-USDT
2021-06-11 13:00:00,1623387600000,4.2430000000,4.2680000000,4.2260000000,4.2410000000,36730.0721790000,156096.0973785330,156096.0973785330,1,SRM-USDT
2021-06-11 14:00:00,1623391200000,4.2430000000,4.2430000000,4.1520000000,4.1540000000,84973.1990170000,357073.1238137830,357073.1238137830,1,SRM-USDT
2021-06-11 15:00:00,1623394800000,4.1510000000,4.1780000000,4.1220000000,4.1460000000,168380.1838900000,697809.4652098930,697809.4652098930,1,SRM-USDT
2021-06-11 16:00:00,1623398400000,4.1450000000,4.1780000000,4.1090000000,4.1180000000,104457.4413340000,432608.1086475130,432608.1086475130,1,SRM-USDT
2021-06-11 17:00:00,1623402000000,4.1200000000,4.1720000000,4.1090000000,4.1180000000,157654.1973690000,652305.6429731040,652305.6429731040,1,SRM-USDT
2021-06-11 18:00:00,1623405600000,4.1190000000,4.2120000000,4.1190000000,4.2030000000,74224.5801530000,309775.9462440960,309775.9462440960,1,SRM-USDT
2021-06-11 19:00:00,1623409200000,4.2040000000,4.2050000000,4.0850000000,4.1030000000,122337.8223400000,504167.3711635800,504167.3711635800,1,SRM-USDT
2021-06-11 20:00:00,1623412800000,4.1080000000,4.1160000000,4.0530000000,4.0720000000,62625.6969610000,255595.1353440110,255595.1353440110,1,SRM-USDT
2021-06-11 21:00:00,1623416400000,4.0750000000,4.1440000000,4.0750000000,4.1220000000,59005.2217370000,242650.5122158850,242650.5122158850,1,SRM-USDT
2021-06-11 22:00:00,1623420000000,4.1230000000,4.1330000000,4.0560000000,4.0580000000,48800.5125530000,199077.9424978410,199077.9424978410,1,SRM-USDT
2021-06-11 23:00:00,1623423600000,4.0590000000,4.0590000000,3.9710000000,3.9850000000,104586.1716730000,419187.7111101320,419187.7111101320,1,SRM-USDT
2021-06-12 00:00:00,1623427200000,3.9830000000,4.0180000000,3.9280000000,3.9280000000,174357.6147950000,694032.5060862870,694032.5060862870,1,SRM-USDT
2021-06-12 01:00:00,1623430800000,3.9270000000,3.9740000000,3.9180000000,3.9620000000,60222.6847060000,237780.0371702190,237780.0371702190,1,SRM-USDT
2021-06-12 02:00:00,1623434400000,3.9650000000,4.0030000000,3.8990000000,3.9970000000,126271.5183930000,496386.6301270660,496386.6301270660,1,SRM-USDT
2021-06-12 03:00:00,1623438000000,4.0020000000,4.0030000000,3.9510000000,3.9560000000,48672.5995120000,193924.5070389830,193924.5070389830,1,SRM-USDT
2021-06-12 04:00:00,1623441600000,3.9540000000,3.9810000000,3.8990000000,3.9080000000,64927.6243660000,255952.6387629690,255952.6387629690,1,SRM-USDT
2021-06-12 05:00:00,1623445200000,3.9080000000,3.9370000000,3.8340000000,3.8490000000,63114.8313430000,244537.2035162200,244537.2035162200,1,SRM-USDT
2021-06-12 06:00:00,1623448800000,3.8550000000,3.9540000000,3.8460000000,3.8580000000,112432.5765190000,438735.7678809360,438735.7678809360,1,SRM-USDT
2021-06-12 07:00:00,1623452400000,3.8540000000,3.8720000000,3.7880000000,3.8620000000,100515.2833570000,384113.2418503630,384113.2418503630,1,SRM-USDT
2021-06-12 08:00:00,1623456000000,3.8600000000,3.8640000000,3.7490000000,3.7960000000,133743.4601760000,507574.8908007580,507574.8908007580,1,SRM-USDT
2021-06-12 09:00:00,1623459600000,3.7950000000,3.8100000000,3.6320000000,3.6370000000,209229.2132440000,777733.7655117220,777733.7655117220,1,SRM-USDT
2021-06-12 10:00:00,1623463200000,3.6340000000,3.6490000000,3.4950000000,3.5070000000,252610.0690840000,897678.6290810360,897678.6290810360,1,SRM-USDT
2021-06-12 11:00:00,1623466800000,3.5070000000,3.6230000000,3.5070000000,3.6070000000,142709.0995130000,509817.9360319280,509817.9360319280,1,SRM-USDT
2021-06-12 12:00:00,1623470400000,3.6020000000,3.6150000000,3.4920000000,3.5150000000,70015.5374680000,248828.1572622210,248828.1572622210,1,SRM-USDT
2021-06-12 13:00:00,1623474000000,3.5160000000,3.5810000000,3.4800000000,3.5140000000,94163.2308050000,332877.0727533390,332877.0727533390,1,SRM-USDT
2021-06-12 14:00:00,1623477600000,3.5150000000,3.5660000000,3.5010000000,3.5630000000,109821.1618390000,388914.4249896320,388914.4249896320,1,SRM-USDT
2021-06-12 15:00:00,1623481200000,3.5630000000,3.6150000000,3.5630000000,3.5850000000,84352.8341190000,303012.7830365840,303012.7830365840,1,SRM-USDT
2021-06-12 16:00:00,1623484800000,3.5840000000,3.6160000000,3.5350000000,3.5530000000,92690.7773310000,331601.1951528780,331601.1951528780,1,SRM-USDT
2021-06-12 17:00:00,1623488400000,3.5540000000,3.6250000000,3.5430000000,3.5800000000,109162.7507580000,391480.7515004650,391480.7515004650,1,SRM-USDT
2021-06-12 18:00:00,1623492000000,3.5830000000,3.6780000000,3.5060000000,3.6670000000,197002.4684750000,707470.9293008629,707470.9293008629,1,SRM-USDT
2021-06-12 19:00:00,1623495600000,3.6670000000,3.6760000000,3.5950000000,3.6430000000,72750.5023670000,263694.4922401060,263694.4922401060,1,SRM-USDT
2021-06-12 20:00:00,1623499200000,3.6490000000,3.7260000000,3.6290000000,3.7060000000,100768.4318940000,371546.7607683200,371546.7607683200,1,SRM-USDT
2021-06-12 21:00:00,1623502800000,3.7070000000,3.7410000000,3.6840000000,3.7090000000,58132.0091300000,215700.7237203370,215700.7237203370,1,SRM-USDT
2021-06-12 22:00:00,1623506400000,3.7070000000,3.7130000000,3.6380000000,3.6600000000,49074.1971870000,179883.3918238610,179883.3918238610,1,SRM-USDT
2021-06-12 23:00:00,1623510000000,3.6690000000,3.6990000000,3.6310000000,3.6670000000,43343.4497720000,158871.6101567290,158871.6101567290,1,SRM-USDT
2021-06-13 00:00:00,1623513600000,3.6590000000,3.6970000000,3.6290000000,3.6470000000,40437.3380670000,148205.2081993710,148205.2081993710,1,SRM-USDT
2021-06-13 01:00:00,1623517200000,3.6440000000,3.6900000000,3.6290000000,3.6650000000,43101.7240540000,157862.6494361560,157862.6494361560,1,SRM-USDT
2021-06-13 02:00:00,1623520800000,3.6690000000,3.7580000000,3.6540000000,3.7440000000,81395.6306010000,301075.4009193300,301075.4009193300,1,SRM-USDT
2021-06-13 03:00:00,1623524400000,3.7440000000,3.7840000000,3.7260000000,3.7300000000,80752.6295960000,302605.4045147930,302605.4045147930,1,SRM-USDT
2021-06-13 04:00:00,1623528000000,3.7320000000,3.7810000000,3.7230000000,3.7270000000,72947.8171600000,273834.9246733890,273834.9246733890,1,SRM-USDT
2021-06-13 05:00:00,1623531600000,3.7320000000,3.7720000000,3.6940000000,3.7440000000,54079.6358500000,202087.7744447130,202087.7744447130,1,SRM-USDT
2021-06-13 06:00:00,1623535200000,3.7420000000,3.7730000000,3.6790000000,3.7040000000,63811.6357070000,237257.8348391900,237257.8348391900,1,SRM-USDT
2021-06-13 07:00:00,1623538800000,3.7030000000,3.7240000000,3.6430000000,3.6600000000,42553.7700550000,156413.5711385030,156413.5711385030,1,SRM-USDT
2021-06-13 08:00:00,1623542400000,3.6650000000,3.7420000000,3.6320000000,3.7350000000,72891.6652630000,268229.4568450080,268229.4568450080,1,SRM-USDT
2021-06-13 09:00:00,1623546000000,3.7310000000,3.7650000000,3.7140000000,3.7310000000,36372.5906420000,135962.8355962580,135962.8355962580,1,SRM-USDT
2021-06-13 10:00:00,1623549600000,3.7380000000,3.7440000000,3.6680000000,3.6810000000,37409.6783600000,138327.1093601210,138327.1093601210,1,SRM-USDT
2021-06-13 11:00:00,1623553200000,3.6790000000,3.6790000000,3.5920000000,3.6090000000,91147.1484720000,331459.4332539540,331459.4332539540,1,SRM-USDT
2021-06-13 12:00:00,1623556800000,3.6050000000,3.6440000000,3.5980000000,3.6210000000,34146.7079520000,123755.6945008070,123755.6945008070,1,SRM-USDT
2021-06-13 13:00:00,1623560400000,3.6230000000,3.6300000000,3.5770000000,3.5940000000,41439.2903240000,149470.5986564830,149470.5986564830,1,SRM-USDT
2021-06-13 14:00:00,1623564000000,3.5980000000,3.6420000000,3.5830000000,3.6420000000,37800.0884340000,136705.1880883540,136705.1880883540,1,SRM-USDT
2021-06-13 15:00:00,1623567600000,3.6320000000,3.6400000000,3.5940000000,3.6070000000,23692.2144970000,85671.0595382800,85671.0595382800,1,SRM-USDT
2021-06-13 16:00:00,1623571200000,3.6030000000,3.6850000000,3.5950000000,3.6440000000,83654.2133650000,304348.0084675070,304348.0084675070,1,SRM-USDT
2021-06-13 17:00:00,1623574800000,3.6440000000,3.6690000000,3.6190000000,3.6690000000,68516.9646320000,249523.9336946740,249523.9336946740,1,SRM-USDT
2021-06-13 18:00:00,1623578400000,3.6670000000,3.6760000000,3.6450000000,3.6730000000,37914.9175120000,138801.9044244140,138801.9044244140,1,SRM-USDT
2021-06-13 19:00:00,1623582000000,3.6740000000,3.6890000000,3.6410000000,3.6600000000,58316.1677220000,214049.2569027170,214049.2569027170,1,SRM-USDT
2021-06-13 20:00:00,1623585600000,3.6600000000,3.7020000000,3.6460000000,3.6630000000,42195.3218270000,154772.9928917620,154772.9928917620,1,SRM-USDT
2021-06-13 21:00:00,1623589200000,3.6580000000,3.6840000000,3.6370000000,3.6630000000,25986.0647770000,95174.5275857240,95174.5275857240,1,SRM-USDT
2021-06-13 22:00:00,1623592800000,3.6620000000,3.7360000000,3.6120000000,3.6140000000,119721.4048510000,439689.1490280120,439689.1490280120,1,SRM-USDT
2021-06-13 23:00:00,1623596400000,3.6140000000,3.6580000000,3.6120000000,3.6400000000,46583.8103680000,169266.7066058430,169266.7066058430,1,SRM-USDT
2021-06-14 00:00:00,1623600000000,3.6400000000,3.7270000000,3.6400000000,3.7240000000,67888.6873180000,251454.0092599310,251454.0092599310,1,SRM-USDT
2021-06-14 01:00:00,1623603600000,3.7320000000,3.8150000000,3.7140000000,3.8090000000,84308.0131270000,316846.4839402430,316846.4839402430,1,SRM-USDT
2021-06-14 02:00:00,1623607200000,3.8110000000,3.8850000000,3.8100000000,3.8720000000,102437.8691840000,394452.2954190930,394452.2954190930,1,SRM-USDT
2021-06-14 03:00:00,1623610800000,3.8700000000,3.8760000000,3.8210000000,3.8420000000,43595.4501420000,167720.7374016330,167720.7374016330,1,SRM-USDT
2021-06-14 04:00:00,1623614400000,3.8440000000,4.0060000000,3.8430000000,3.9990000000,174289.0658370000,683784.4171603370,683784.4171603370,1,SRM-USDT
2021-06-14 05:00:00,1623618000000,4.0010000000,4.0460000000,3.9780000000,3.9920000000,146117.1334690000,585149.2803723180,585149.2803723180,1,SRM-USDT
2021-06-14 06:00:00,1623621600000,3.9910000000,4.0130000000,3.9290000000,3.9410000000,72216.6077530000,286224.3039961870,286224.3039961870,1,SRM-USDT
2021-06-14 07:00:00,1623625200000,3.9420000000,3.9710000000,3.9190000000,3.9630000000,41865.6030730000,164975.7614017640,164975.7614017640,1,SRM-USDT
2021-06-14 08:00:00,1623628800000,3.9630000000,3.9880000000,3.8820000000,3.9600000000,97175.5405550000,382944.9140694360,382944.9140694360,1,SRM-USDT
2021-06-14 09:00:00,1623632400000,3.9610000000,3.9860000000,3.9190000000,3.9740000000,110006.6501350000,436026.9590929960,436026.9590929960,1,SRM-USDT
2021-06-14 10:00:00,1623636000000,3.9760000000,3.9880000000,3.9500000000,3.9600000000,31742.3566860000,125962.4085580650,125962.4085580650,1,SRM-USDT
2021-06-14 11:00:00,1623639600000,3.9630000000,3.9720000000,3.9260000000,3.9600000000,39358.4683740000,155497.4633341420,155497.4633341420,1,SRM-USDT
2021-06-14 12:00:00,1623643200000,3.9570000000,4.0200000000,3.9270000000,4.0120000000,77039.6534260000,306420.6872816390,306420.6872816390,1,SRM-USDT
2021-06-14 13:00:00,1623646800000,4.0150000000,4.0820000000,3.9950000000,4.0540000000,92192.0779210000,372127.7306852320,372127.7306852320,1,SRM-USDT
2021-06-14 14:00:00,1623650400000,4.0530000000,4.0650000000,4.0190000000,4.0650000000,56174.5150800000,227025.0957246710,227025.0957246710,1,SRM-USDT
2021-06-14 15:00:00,1623654000000,4.0630000000,4.0800000000,4.0210000000,4.0420000000,50346.6163890000,203989.6055837320,203989.6055837320,1,SRM-USDT
2021-06-14 16:00:00,1623657600000,4.0430000000,4.0480000000,3.9540000000,3.9800000000,86326.3474810000,344334.9703565160,344334.9703565160,1,SRM-USDT
2021-06-14 17:00:00,1623661200000,3.9810000000,4.0260000000,3.9630000000,3.9780000000,43257.0158740000,172768.7908563330,172768.7908563330,1,SRM-USDT
2021-06-14 18:00:00,1623664800000,3.9760000000,4.0270000000,3.9610000000,4.0210000000,38495.4361040000,154073.5939971840,154073.5939971840,1,SRM-USDT
2021-06-14 19:00:00,1623668400000,4.0200000000,4.0220000000,3.9790000000,3.9800000000,29378.4077010000,117445.5980094520,117445.5980094520,1,SRM-USDT
2021-06-14 20:00:00,1623672000000,3.9770000000,4.0550000000,3.9470000000,4.0500000000,88714.5049270000,355775.8071422400,355775.8071422400,1,SRM-USDT
2021-06-14 21:00:00,1623675600000,4.0500000000,4.1570000000,4.0350000000,4.1460000000,146506.9336040000,602734.5077877720,602734.5077877720,1,SRM-USDT
2021-06-14 22:00:00,1623679200000,4.1460000000,4.2100000000,4.1170000000,4.1430000000,109831.7890350000,457602.4112426280,457602.4112426280,1,SRM-USDT
2021-06-14 23:00:00,1623682800000,4.1470000000,4.1850000000,4.1120000000,4.1830000000,72097.1559760000,298833.2854772100,298833.2854772100,1,SRM-USDT
2021-06-15 00:00:00,1623686400000,4.1810000000,4.2080000000,4.1070000000,4.1680000000,122661.5470860000,511401.0411901070,511401.0411901070,1,SRM-USDT
2021-06-15 01:00:00,1623690000000,4.1680000000,4.2440000000,4.1200000000,4.2040000000,114602.1124620000,479083.2533427890,479083.2533427890,1,SRM-USDT
2021-06-15 02:00:00,1623693600000,4.2020000000,4.2150000000,4.1060000000,4.1590000000,115744.8394410000,479715.8121575180,479715.8121575180,1,SRM-USDT
2021-06-15 03:00:00,1623697200000,4.1590000000,4.1990000000,4.1250000000,4.1790000000,62107.5243030000,258854.9994465790,258854.9994465790,1,SRM-USDT
2021-06-15 04:00:00,1623700800000,4.1730000000,4.2190000000,4.1430000000,4.2000000000,76801.1006490000,320876.3282305050,320876.3282305050,1,SRM-USDT
2021-06-15 05:00:00,1623704400000,4.2020000000,4.2750000000,4.1880000000,4.2290000000,97659.7959950000,413169.4066485920,413169.4066485920,1,SRM-USDT
2021-06-15 06:00:00,1623708000000,4.2300000000,4.2310000000,4.1750000000,4.2070000000,52105.4107140000,218909.3025259770,218909.3025259770,1,SRM-USDT
2021-06-15 07:00:00,1623711600000,4.2070000000,4.2490000000,4.1990000000,4.2300000000,36584.8986050000,154820.2390558040,154820.2390558040,1,SRM-USDT
2021-06-15 08:00:00,1623715200000,4.2370000000,4.2670000000,4.1750000000,4.1760000000,115129.5360150000,486301.8931578940,486301.8931578940,1,SRM-USDT
2021-06-15 09:00:00,1623718800000,4.1770000000,4.1830000000,4.1150000000,4.1170000000,53199.6937760000,220843.6899243920,220843.6899243920,1,SRM-USDT
2021-06-15 10:00:00,1623722400000,4.1220000000,4.1700000000,4.1220000000,4.1510000000,36767.9245990000,152517.3137892050,152517.3137892050,1,SRM-USDT
2021-06-15 11:00:00,1623726000000,4.1550000000,4.1990000000,4.1550000000,4.1790000000,28592.8492770000,119579.2121281520,119579.2121281520,1,SRM-USDT
2021-06-15 12:00:00,1623729600000,4.1770000000,4.2930000000,4.1560000000,4.2650000000,87202.6049630000,370228.8641024790,370228.8641024790,1,SRM-USDT
2021-06-15 13:00:00,1623733200000,4.2750000000,4.2810000000,4.1930000000,4.2100000000,106360.6899600000,448620.8256492510,448620.8256492510,1,SRM-USDT
2021-06-15 14:00:00,1623736800000,4.2120000000,4.2990000000,4.2000000000,4.2280000000,94067.3320330000,399644.3233529670,399644.3233529670,1,SRM-USDT
2021-06-15 15:00:00,1623740400000,4.2260000000,4.2600000000,4.1900000000,4.2560000000,64255.9983160000,271157.3003020570,271157.3003020570,1,SRM-USDT
2021-06-15 16:00:00,1623744000000,4.2590000000,4.2910000000,4.1480000000,4.1880000000,127232.6140720000,537651.2896945280,537651.2896945280,1,SRM-USDT
2021-06-15 17:00:00,1623747600000,4.1840000000,4.2670000000,4.1530000000,4.2620000000,86755.8547980000,365585.6827412680,365585.6827412680,1,SRM-USDT
2021-06-15 18:00:00,1623751200000,4.2520000000,4.2790000000,4.2100000000,4.2270000000,69117.1726020000,293677.2252960930,293677.2252960930,1,SRM-USDT
2021-06-15 19:00:00,1623754800000,4.2270000000,4.2840000000,4.1850000000,4.2400000000,94148.0204400000,398217.7987148020,398217.7987148020,1,SRM-USDT
2021-06-15 20:00:00,1623758400000,4.2400000000,4.2850000000,4.2000000000,4.2800000000,92192.3002000000,391425.6179993880,391425.6179993880,1,SRM-USDT
2021-06-15 21:00:00,1623762000000,4.2810000000,4.3470000000,4.2260000000,4.3210000000,145631.8868180000,627005.4053435880,627005.4053435880,1,SRM-USDT
2021-06-15 22:00:00,1623765600000,4.3180000000,4.3300000000,4.1600000000,4.1960000000,130611.8662970000,551569.7180210740,551569.7180210740,1,SRM-USDT
2021-06-15 23:00:00,1623769200000,4.1950000000,4.2050000000,4.1450000000,4.1940000000,121173.6950450000,506177.9538313590,506177.9538313590,1,SRM-USDT
2021-06-16 00:00:00,1623772800000,4.1920000000,4.3340000000,4.1870000000,4.3240000000,182545.4915930000,779310.6764960530,779310.6764960530,1,SRM-USDT
2021-06-16 01:00:00,1623776400000,4.3220000000,4.3650000000,4.2910000000,4.3550000000,114996.0781090000,497067.6674282860,497067.6674282860,1,SRM-USDT
2021-06-16 02:00:00,1623780000000,4.3600000000,4.3990000000,4.3170000000,4.3520000000,145184.6661170000,634709.5714764569,634709.5714764569,1,SRM-USDT
2021-06-16 03:00:00,1623783600000,4.3440000000,4.3690000000,4.2450000000,4.2550000000,156371.0275980000,672242.9836632330,672242.9836632330,1,SRM-USDT
2021-06-16 04:00:00,1623787200000,4.2550000000,4.3020000000,4.2060000000,4.2430000000,111567.9202440000,473359.2075326950,473359.2075326950,1,SRM-USDT
2021-06-16 05:00:00,1623790800000,4.2430000000,4.3420000000,4.2320000000,4.3210000000,106316.7377040000,456807.2028026280,456807.2028026280,1,SRM-USDT
2021-06-16 06:00:00,1623794400000,4.3190000000,4.3880000000,4.3060000000,4.3800000000,74115.7045260000,321798.1267815170,321798.1267815170,1,SRM-USDT
2021-06-16 07:00:00,1623798000000,4.3810000000,4.3870000000,4.3410000000,4.3410000000,56103.2697970000,244561.2649031680,244561.2649031680,1,SRM-USDT
2021-06-16 08:00:00,1623801600000,4.3410000000,4.3530000000,4.2570000000,4.2690000000,86256.4010430000,370553.1357889160,370553.1357889160,1,SRM-USDT
2021-06-16 09:00:00,1623805200000,4.2670000000,4.2730000000,4.2220000000,4.2690000000,69834.4114820000,296659.0236521510,296659.0236521510,1,SRM-USDT
2021-06-16 10:00:00,1623808800000,4.2710000000,4.3140000000,4.2570000000,4.2910000000,72388.1064170000,310457.4545737390,310457.4545737390,1,SRM-USDT
2021-06-16 11:00:00,1623812400000,4.2900000000,4.3010000000,4.2370000000,4.2470000000,95493.6697100000,407501.1146894690,407501.1146894690,1,SRM-USDT
2021-06-16 12:00:00,1623816000000,4.2480000000,4.2920000000,4.2370000000,4.2550000000,71486.5825190000,304886.3183105720,304886.3183105720,1,SRM-USDT
2021-06-16 13:00:00,1623819600000,4.2560000000,4.4370000000,4.2560000000,4.4130000000,233672.1787370000,1021224.9762531532,1021224.9762531532,1,SRM-USDT
2021-06-16 14:00:00,1623823200000,4.4160000000,4.4290000000,4.3630000000,4.3740000000,108232.8871510000,475114.1791044090,475114.1791044090,1,SRM-USDT
2021-06-16 15:00:00,1623826800000,4.3740000000,4.5470000000,4.3740000000,4.4730000000,262201.2479150000,1177393.8768629821,1177393.8768629821,1,SRM-USDT
2021-06-16 16:00:00,1623830400000,4.4720000000,4.5110000000,4.4020000000,4.4100000000,140243.4092840000,624107.9323670360,624107.9323670360,1,SRM-USDT
2021-06-16 17:00:00,1623834000000,4.4090000000,4.4240000000,4.3550000000,4.3880000000,156844.8479430000,688490.4450803020,688490.4450803020,1,SRM-USDT
2021-06-16 18:00:00,1623837600000,4.3810000000,4.4080000000,4.2850000000,4.3030000000,170792.9589700000,742519.3211164511,742519.3211164511,1,SRM-USDT
2021-06-16 19:00:00,1623841200000,4.3000000000,4.3030000000,4.1700000000,4.1990000000,269453.9370700000,1138180.6215591580,1138180.6215591580,1,SRM-USDT
2021-06-16 20:00:00,1623844800000,4.1970000000,4.2370000000,4.1550000000,4.1740000000,172896.3275210000,723715.3138675130,723715.3138675130,1,SRM-USDT
2021-06-16 21:00:00,1623848400000,4.1690000000,4.2410000000,4.1660000000,4.2100000000,124266.8222900000,521506.4108992960,521506.4108992960,1,SRM-USDT
2021-06-16 22:00:00,1623852000000,4.2090000000,4.2140000000,4.1380000000,4.1640000000,118967.9863450000,498182.8830067490,498182.8830067490,1,SRM-USDT
2021-06-16 23:00:00,1623855600000,4.1530000000,4.1890000000,4.1220000000,4.1520000000,100578.2040950000,417843.4852735120,417843.4852735120,1,SRM-USDT
2021-06-17 00:00:00,1623859200000,4.1490000000,4.3220000000,4.1250000000,4.1600000000,281561.8454180000,1188783.2741806060,1188783.2741806060,1,SRM-USDT
2021-06-17 01:00:00,1623862800000,4.1530000000,4.2090000000,4.1320000000,4.2010000000,95386.0926090000,397936.9180967330,397936.9180967330,1,SRM-USDT
2021-06-17 02:00:00,1623866400000,4.1990000000,4.2750000000,4.1040000000,4.1610000000,373343.3649240000,1556596.6963818930,1556596.6963818930,1,SRM-USDT
2021-06-17 03:00:00,1623870000000,4.1550000000,4.1940000000,4.1480000000,4.1560000000,107537.0541320000,448784.1030633230,448784.1030633230,1,SRM-USDT
2021-06-17 04:00:00,1623873600000,4.1570000000,4.1630000000,4.0960000000,4.1080000000,130340.2056090000,538105.7018971300,538105.7018971300,1,SRM-USDT
2021-06-17 05:00:00,1623877200000,4.1080000000,4.1790000000,4.0940000000,4.1710000000,45420.0310670000,187298.6438675390,187298.6438675390,1,SRM-USDT
2021-06-17 06:00:00,1623880800000,4.1710000000,4.1830000000,4.1130000000,4.1160000000,55021.3288300000,228332.3784887610,228332.3784887610,1,SRM-USDT
2021-06-17 07:00:00,1623884400000,4.1140000000,4.1280000000,4.0520000000,4.1260000000,90298.8987240000,369497.7338427160,369497.7338427160,1,SRM-USDT
2021-06-17 08:00:00,1623888000000,4.1310000000,4.1750000000,4.0930000000,4.1530000000,101911.3706220000,422046.5261120330,422046.5261120330,1,SRM-USDT
2021-06-17 09:00:00,1623891600000,4.1580000000,4.1970000000,4.1500000000,4.1960000000,60114.1739420000,251117.4501186030,251117.4501186030,1,SRM-USDT
2021-06-17 10:00:00,1623895200000,4.1980000000,4.2190000000,4.1750000000,4.1900000000,43645.7500660000,183292.7237282230,183292.7237282230,1,SRM-USDT
2021-06-17 11:00:00,1623898800000,4.1990000000,4.2340000000,4.1990000000,4.2050000000,47527.6722460000,200523.4722385890,200523.4722385890,1,SRM-USDT
2021-06-17 12:00:00,1623902400000,4.2080000000,4.2400000000,4.1880000000,4.1910000000,47258.9295750000,199327.5330043010,199327.5330043010,1,SRM-USDT
2021-06-17 13:00:00,1623906000000,4.1970000000,4.2090000000,4.1640000000,4.1860000000,38388.7715400000,160870.5895346710,160870.5895346710,1,SRM-USDT
2021-06-17 14:00:00,1623909600000,4.1910000000,4.2750000000,4.1910000000,4.2660000000,79458.5937230000,336906.5427296610,336906.5427296610,1,SRM-USDT
2021-06-17 15:00:00,1623913200000,4.2680000000,4.3030000000,4.2260000000,4.2270000000,91381.7453640000,389914.6745632750,389914.6745632750,1,SRM-USDT
2021-06-17 16:00:00,1623916800000,4.2290000000,4.2680000000,4.2200000000,4.2680000000,67810.3539560000,287725.8942071970,287725.8942071970,1,SRM-USDT
2021-06-17 17:00:00,1623920400000,4.2740000000,4.2850000000,4.2260000000,4.2620000000,54383.8272620000,231331.3425423680,231331.3425423680,1,SRM-USDT
2021-06-17 18:00:00,1623924000000,4.2650000000,4.2850000000,4.2420000000,4.2530000000,28721.9268240000,122569.5073120970,122569.5073120970,1,SRM-USDT
2021-06-17 19:00:00,1623927600000,4.2580000000,4.2900000000,4.2080000000,4.2100000000,53843.1740100000,228469.2146682520,228469.2146682520,1,SRM-USDT
2021-06-17 20:00:00,1623931200000,4.2120000000,4.2130000000,4.1330000000,4.1390000000,92827.4350980000,386626.7172871880,386626.7172871880,1,SRM-USDT
2021-06-17 21:00:00,1623934800000,4.1510000000,4.1560000000,4.1090000000,4.1290000000,61020.5024450000,251806.7708449970,251806.7708449970,1,SRM-USDT
2021-06-17 22:00:00,1623938400000,4.1270000000,4.1770000000,4.1040000000,4.1600000000,65562.4302070000,271522.5900603820,271522.5900603820,1,SRM-USDT
2021-06-17 23:00:00,1623942000000,4.1630000000,4.2140000000,4.1590000000,4.1870000000,79852.2353920000,333985.1646011670,333985.1646011670,1,SRM-USDT
2021-06-18 00:00:00,1623945600000,4.1900000000,4.1950000000,4.0820000000,4.1000000000,66652.5780530000,275510.7217289350,275510.7217289350,1,SRM-USDT
2021-06-18 01:00:00,1623949200000,4.0970000000,4.1100000000,4.0060000000,4.0060000000,152168.1419310000,615326.5145771560,615326.5145771560,1,SRM-USDT
2021-06-18 02:00:00,1623952800000,4.0030000000,4.0330000000,3.9740000000,4.0220000000,81420.9886860000,325786.9934214150,325786.9934214150,1,SRM-USDT
2021-06-18 03:00:00,1623956400000,4.0130000000,4.0560000000,4.0090000000,4.0400000000,29429.8253390000,118630.3413749590,118630.3413749590,1,SRM-USDT
2021-06-18 04:00:00,1623960000000,4.0360000000,4.0870000000,4.0040000000,4.0740000000,56287.7390310000,227830.6991418160,227830.6991418160,1,SRM-USDT
2021-06-18 05:00:00,1623963600000,4.0760000000,4.0760000000,4.0370000000,4.0450000000,40653.5904510000,164678.8786145580,164678.8786145580,1,SRM-USDT
2021-06-18 06:00:00,1623967200000,4.0450000000,4.0730000000,4.0310000000,4.0580000000,40456.8822830000,163849.5839455710,163849.5839455710,1,SRM-USDT
2021-06-18 07:00:00,1623970800000,4.0540000000,4.0910000000,4.0490000000,4.0700000000,37433.3195260000,152291.5631038530,152291.5631038530,1,SRM-USDT
2021-06-18 08:00:00,1623974400000,4.0700000000,4.0720000000,3.9770000000,3.9890000000,55926.1628680000,225506.7856597320,225506.7856597320,1,SRM-USDT
2021-06-18 09:00:00,1623978000000,3.9880000000,4.0020000000,3.9280000000,3.9510000000,83410.5737970000,330198.9271290230,330198.9271290230,1,SRM-USDT
2021-06-18 10:00:00,1623981600000,3.9510000000,3.9620000000,3.9050000000,3.9410000000,102723.1108310000,404071.9310946420,404071.9310946420,1,SRM-USDT
2021-06-18 11:00:00,1623985200000,3.9410000000,3.9600000000,3.9310000000,3.9450000000,33382.9996370000,131688.6479541100,131688.6479541100,1,SRM-USDT
2021-06-18 12:00:00,1623988800000,3.9510000000,3.9910000000,3.9480000000,3.9810000000,30646.6049110000,121668.9547063610,121668.9547063610,1,SRM-USDT
2021-06-18 13:00:00,1623992400000,3.9810000000,4.0270000000,3.9530000000,3.9650000000,72953.4383910000,291910.2850414280,291910.2850414280,1,SRM-USDT
2021-06-18 14:00:00,1623996000000,3.9630000000,3.9790000000,3.9230000000,3.9340000000,41196.6960560000,162709.0948234420,162709.0948234420,1,SRM-USDT
2021-06-18 15:00:00,1623999600000,3.9370000000,4.0000000000,3.9370000000,3.9960000000,41589.0042920000,165362.3746271510,165362.3746271510,1,SRM-USDT
2021-06-18 16:00:00,1624003200000,3.9970000000,4.0170000000,3.9740000000,3.9800000000,43610.6221710000,174525.9365297340,174525.9365297340,1,SRM-USDT
2021-06-18 17:00:00,1624006800000,3.9830000000,3.9890000000,3.9050000000,3.9100000000,55657.7168200000,219555.3619901760,219555.3619901760,1,SRM-USDT
2021-06-18 18:00:00,1624010400000,3.9150000000,3.9790000000,3.8570000000,3.9760000000,130173.6130530000,509311.2756458990,509311.2756458990,1,SRM-USDT
2021-06-18 19:00:00,1624014000000,3.9810000000,3.9850000000,3.9260000000,3.9570000000,46386.2094460000,183416.3176619470,183416.3176619470,1,SRM-USDT
2021-06-18 20:00:00,1624017600000,3.9580000000,3.9700000000,3.8570000000,3.8600000000,76353.9971120000,298023.1025743550,298023.1025743550,1,SRM-USDT
2021-06-18 21:00:00,1624021200000,3.8630000000,3.9020000000,3.8510000000,3.8820000000,79879.9768720000,310065.0714767090,310065.0714767090,1,SRM-USDT
2021-06-18 22:00:00,1624024800000,3.8810000000,3.9010000000,3.8040000000,3.8440000000,117522.9917010000,450807.8024143210,450807.8024143210,1,SRM-USDT
2021-06-18 23:00:00,1624028400000,3.8420000000,3.8630000000,3.7640000000,3.7710000000,117381.7856270000,446319.8449338670,446319.8449338670,1,SRM-USDT
2021-06-19 00:00:00,1624032000000,3.7710000000,3.8440000000,3.7660000000,3.8200000000,77233.2691480000,294505.4342876600,294505.4342876600,1,SRM-USDT
2021-06-19 01:00:00,1624035600000,3.8220000000,3.8220000000,3.7650000000,3.7840000000,38783.6565780000,147109.6962000290,147109.6962000290,1,SRM-USDT
2021-06-19 02:00:00,1624039200000,3.7840000000,3.7930000000,3.6670000000,3.6860000000,138858.4271430000,515770.4191222830,515770.4191222830,1,SRM-USDT
2021-06-19 03:00:00,1624042800000,3.6890000000,3.7320000000,3.6680000000,3.6800000000,155985.1693740000,576880.2480629770,576880.2480629770,1,SRM-USDT
2021-06-19 04:00:00,1624046400000,3.6790000000,3.7870000000,3.6720000000,3.7660000000,127392.1560430000,478441.2654291760,478441.2654291760,1,SRM-USDT
2021-06-19 05:00:00,1624050000000,3.7620000000,3.8300000000,3.7590000000,3.8300000000,56024.7583540000,212444.1648664280,212444.1648664280,1,SRM-USDT
2021-06-19 06:00:00,1624053600000,3.8270000000,3.8300000000,3.7640000000,3.8110000000,37854.2943390000,143696.7175852240,143696.7175852240,1,SRM-USDT
2021-06-19 07:00:00,1624057200000,3.8060000000,3.8470000000,3.7690000000,3.8450000000,56271.5015970000,214537.4948102560,214537.4948102560,1,SRM-USDT
2021-06-19 08:00:00,1624060800000,3.8430000000,3.8720000000,3.8220000000,3.8410000000,52574.1391530000,202095.3484345120,202095.3484345120,1,SRM-USDT
2021-06-19 09:00:00,1624064400000,3.8400000000,3.8710000000,3.8390000000,3.8570000000,29249.5908090000,112745.5906945760,112745.5906945760,1,SRM-USDT
2021-06-19 10:00:00,1624068000000,3.8560000000,3.8660000000,3.7780000000,3.7840000000,44204.5139050000,168600.6645948590,168600.6645948590,1,SRM-USDT
2021-06-19 11:00:00,1624071600000,3.7860000000,3.7920000000,3.7020000000,3.7320000000,98077.9847470000,367072.3994664380,367072.3994664380,1,SRM-USDT
2021-06-19 12:00:00,1624075200000,3.7350000000,3.7690000000,3.7090000000,3.7370000000,53386.6371220000,199230.5727388060,199230.5727388060,1,SRM-USDT
2021-06-19 13:00:00,1624078800000,3.7420000000,3.7800000000,3.7360000000,3.7760000000,32963.9432470000,124027.5720284370,124027.5720284370,1,SRM-USDT
2021-06-19 14:00:00,1624082400000,3.7780000000,3.8210000000,3.7750000000,3.8020000000,34828.9557530000,132502.3375780170,132502.3375780170,1,SRM-USDT
2021-06-19 15:00:00,1624086000000,3.8050000000,3.8330000000,3.7780000000,3.8300000000,36135.6711410000,137530.1662181010,137530.1662181010,1,SRM-USDT
2021-06-19 16:00:00,1624089600000,3.8330000000,3.8740000000,3.8240000000,3.8590000000,71963.0398840000,277313.0289438910,277313.0289438910,1,SRM-USDT
2021-06-19 17:00:00,1624093200000,3.8610000000,3.8750000000,3.8290000000,3.8360000000,30658.4375890000,118274.4338313660,118274.4338313660,1,SRM-USDT
2021-06-19 18:00:00,1624096800000,3.8420000000,3.8570000000,3.8160000000,3.8160000000,41217.6212570000,158273.8674553700,158273.8674553700,1,SRM-USDT
2021-06-19 19:00:00,1624100400000,3.8170000000,3.8550000000,3.8170000000,3.8460000000,26888.1347380000,103346.6731715930,103346.6731715930,1,SRM-USDT
2021-06-19 20:00:00,1624104000000,3.8420000000,3.9160000000,3.8370000000,3.8500000000,86886.4182800000,336451.3070019070,336451.3070019070,1,SRM-USDT
2021-06-19 21:00:00,1624107600000,3.8490000000,3.8820000000,3.8330000000,3.8380000000,43084.0062370000,165914.1874480820,165914.1874480820,1,SRM-USDT
2021-06-19 22:00:00,1624111200000,3.8410000000,3.9270000000,3.8410000000,3.8950000000,59361.3509270000,230995.5921607990,230995.5921607990,1,SRM-USDT
2021-06-19 23:00:00,1624114800000,3.8920000000,3.9170000000,3.8720000000,3.8980000000,33337.0712470000,129858.7636689470,129858.7636689470,1,SRM-USDT
2021-06-20 00:00:00,1624118400000,3.9010000000,3.9010000000,3.8340000000,3.8530000000,39274.2525310000,151557.2531502090,151557.2531502090,1,SRM-USDT
2021-06-20 01:00:00,1624122000000,3.8540000000,3.8550000000,3.8280000000,3.8330000000,24878.1256110000,95406.5086531270,95406.5086531270,1,SRM-USDT
2021-06-20 02:00:00,1624125600000,3.8340000000,3.8340000000,3.7710000000,3.8080000000,68340.5718200000,259543.7573855860,259543.7573855860,1,SRM-USDT
2021-06-20 03:00:00,1624129200000,3.8040000000,3.8330000000,3.7860000000,3.8080000000,41318.6330620000,157458.2542134530,157458.2542134530,1,SRM-USDT
2021-06-20 04:00:00,1624132800000,3.8080000000,3.8190000000,3.7770000000,3.8140000000,18608.8604880000,70724.9446749510,70724.9446749510,1,SRM-USDT
2021-06-20 05:00:00,1624136400000,3.8120000000,3.8240000000,3.7920000000,3.8100000000,11640.8359880000,44379.9399895190,44379.9399895190,1,SRM-USDT
2021-06-20 06:00:00,1624140000000,3.8030000000,3.8060000000,3.7440000000,3.7590000000,21512.2887060000,81008.9508657800,81008.9508657800,1,SRM-USDT
2021-06-20 07:00:00,1624143600000,3.7550000000,3.7730000000,3.7170000000,3.7220000000,29015.9361480000,108624.1108177890,108624.1108177890,1,SRM-USDT
2021-06-20 08:00:00,1624147200000,3.7210000000,3.7350000000,3.6690000000,3.6920000000,48056.4430190000,177823.6311772830,177823.6311772830,1,SRM-USDT
2021-06-20 09:00:00,1624150800000,3.6900000000,3.7390000000,3.6900000000,3.7320000000,28484.8317900000,105958.9456907010,105958.9456907010,1,SRM-USDT
2021-06-20 10:00:00,1624154400000,3.7330000000,3.7330000000,3.6730000000,3.7110000000,21898.4901150000,80828.7655677040,80828.7655677040,1,SRM-USDT
2021-06-20 11:00:00,1624158000000,3.7030000000,3.7230000000,3.6880000000,3.7110000000,11822.1397220000,43827.0187562170,43827.0187562170,1,SRM-USDT
2021-06-20 12:00:00,1624161600000,3.7050000000,3.7550000000,3.7000000000,3.7540000000,8773.6463290000,32776.4536089450,32776.4536089450,1,SRM-USDT
2021-06-20 13:00:00,1624165200000,3.7520000000,3.7810000000,3.7520000000,3.7730000000,13219.1694570000,49832.3995221300,49832.3995221300,1,SRM-USDT
2021-06-20 14:00:00,1624168800000,3.7750000000,3.7840000000,3.7580000000,3.7610000000,19482.2850080000,73441.4114280690,73441.4114280690,1,SRM-USDT
2021-06-20 15:00:00,1624172400000,3.7630000000,3.7680000000,3.6930000000,3.7130000000,31764.6942550000,118201.2702876140,118201.2702876140,1,SRM-USDT
2021-06-20 16:00:00,1624176000000,3.7140000000,3.7250000000,3.6560000000,3.6640000000,57544.7126490000,212122.8088309140,212122.8088309140,1,SRM-USDT
2021-06-20 17:00:00,1624179600000,3.6580000000,3.6670000000,3.6130000000,3.6250000000,51846.9069820000,188875.0175898640,188875.0175898640,1,SRM-USDT
2021-06-20 18:00:00,1624183200000,3.6230000000,3.6270000000,3.5190000000,3.5270000000,210950.1708440000,752147.1959180280,752147.1959180280,1,SRM-USDT
2021-06-20 19:00:00,1624186800000,3.5260000000,3.5420000000,3.4810000000,3.5050000000,125351.0908740000,439931.2117739970,439931.2117739970,1,SRM-USDT
2021-06-20 20:00:00,1624190400000,3.5010000000,3.5280000000,3.4460000000,3.5100000000,144760.5800270000,505070.9111732360,505070.9111732360,1,SRM-USDT
2021-06-20 21:00:00,1624194000000,3.5150000000,3.5450000000,3.5050000000,3.5200000000,42577.1268400000,150114.4576660650,150114.4576660650,1,SRM-USDT
2021-06-20 22:00:00,1624197600000,3.5200000000,3.5590000000,3.4970000000,3.5590000000,28359.4505830000,100149.5258904060,100149.5258904060,1,SRM-USDT
2021-06-20 23:00:00,1624201200000,3.5700000000,3.5960000000,3.5540000000,3.5830000000,37015.9778160000,132258.8109642220,132258.8109642220,1,SRM-USDT
2021-06-21 00:00:00,1624204800000,3.5770000000,3.6070000000,3.5610000000,3.5740000000,46850.5613190000,167812.5855357050,167812.5855357050,1,SRM-USDT
2021-06-21 01:00:00,1624208400000,3.5750000000,3.6000000000,3.5640000000,3.5830000000,28371.9965750000,101710.9464831380,101710.9464831380,1,SRM-USDT
2021-06-21 02:00:00,1624212000000,3.5910000000,3.6320000000,3.5840000000,3.6240000000,21446.5578210000,77402.9373890330,77402.9373890330,1,SRM-USDT
2021-06-21 03:00:00,1624215600000,3.6290000000,3.7060000000,3.6220000000,3.7040000000,70451.8528070000,258681.2810520830,258681.2810520830,1,SRM-USDT
2021-06-21 04:00:00,1624219200000,3.7080000000,3.7640000000,3.6960000000,3.7550000000,63133.6431430000,235807.0998020730,235807.0998020730,1,SRM-USDT
2021-06-21 05:00:00,1624222800000,3.7610000000,3.7700000000,3.7210000000,3.7300000000,33145.5076950000,124226.9795048750,124226.9795048750,1,SRM-USDT
2021-06-21 06:00:00,1624226400000,3.7300000000,3.7690000000,3.7290000000,3.7560000000,29789.6648550000,111713.0376690850,111713.0376690850,1,SRM-USDT
2021-06-21 07:00:00,1624230000000,3.7550000000,3.7700000000,3.7330000000,3.7620000000,32454.4767570000,121871.6398077720,121871.6398077720,1,SRM-USDT
2021-06-21 08:00:00,1624233600000,3.7630000000,3.7850000000,3.7130000000,3.7390000000,37507.6751540000,140246.4034024720,140246.4034024720,1,SRM-USDT
2021-06-21 09:00:00,1624237200000,3.7410000000,3.7430000000,3.6600000000,3.6650000000,22854.6768850000,84614.0648479860,84614.0648479860,1,SRM-USDT
2021-06-21 10:00:00,1624240800000,3.6640000000,3.6850000000,3.5830000000,3.6100000000,59307.5916930000,214776.3171175690,214776.3171175690,1,SRM-USDT
2021-06-21 11:00:00,1624244400000,3.6080000000,3.6090000000,3.5520000000,3.5540000000,44297.7420140000,158499.0754449850,158499.0754449850,1,SRM-USDT
2021-06-21 12:00:00,1624248000000,3.5560000000,3.5570000000,3.4280000000,3.5000000000,167609.5578490000,586274.9496736859,586274.9496736859,1,SRM-USDT
2021-06-21 13:00:00,1624251600000,3.4990000000,3.5370000000,3.4690000000,3.5350000000,79058.9515070000,277154.9909819920,277154.9909819920,1,SRM-USDT
2021-06-21 14:00:00,1624255200000,3.5330000000,3.5550000000,3.3030000000,3.3470000000,307740.5635820000,1045179.6234854200,1045179.6234854200,1,SRM-USDT
2021-06-21 15:00:00,1624258800000,3.3430000000,3.3970000000,3.3040000000,3.3420000000,140600.9636390000,469989.8284343070,469989.8284343070,1,SRM-USDT
2021-06-21 16:00:00,1624262400000,3.3420000000,3.3790000000,3.3040000000,3.3340000000,84385.1514560000,281858.6490078080,281858.6490078080,1,SRM-USDT
2021-06-21 17:00:00,1624266000000,3.3290000000,3.3900000000,3.2590000000,3.3070000000,279233.3311350000,923175.1543781250,923175.1543781250,1,SRM-USDT
2021-06-21 18:00:00,1624269600000,3.3050000000,3.3110000000,3.1850000000,3.1950000000,146112.9398310000,475345.9985536920,475345.9985536920,1,SRM-USDT
2021-06-21 19:00:00,1624273200000,3.1970000000,3.2360000000,3.0930000000,3.2060000000,443700.2750260000,1397937.7863112199,1397937.7863112199,1,SRM-USDT
2021-06-21 20:00:00,1624276800000,3.2060000000,3.2280000000,3.1280000000,3.1450000000,137411.5537490000,437714.5529058830,437714.5529058830,1,SRM-USDT
2021-06-21 21:00:00,1624280400000,3.1450000000,3.2850000000,3.0960000000,3.2840000000,184261.0797620000,583996.1220048210,583996.1220048210,1,SRM-USDT
2021-06-21 22:00:00,1624284000000,3.2860000000,3.2860000000,3.2100000000,3.2490000000,63404.9708840000,205982.5011290020,205982.5011290020,1,SRM-USDT
2021-06-21 23:00:00,1624287600000,3.2450000000,3.2570000000,3.1620000000,3.2120000000,78506.0132220000,252025.7073823680,252025.7073823680,1,SRM-USDT
2021-06-22 00:00:00,1624291200000,3.2040000000,3.2300000000,3.0850000000,3.0920000000,181841.4971020000,571287.7532655220,571287.7532655220,1,SRM-USDT
2021-06-22 01:00:00,1624294800000,3.0950000000,3.1500000000,3.0620000000,3.0670000000,109448.9395830000,340637.4310018900,340637.4310018900,1,SRM-USDT
2021-06-22 02:00:00,1624298400000,3.0670000000,3.1560000000,3.0620000000,3.1390000000,103220.6567610000,320643.0952728020,320643.0952728020,1,SRM-USDT
2021-06-22 03:00:00,1624302000000,3.1410000000,3.1450000000,3.0590000000,3.1160000000,52846.1388040000,163704.2580885950,163704.2580885950,1,SRM-USDT
2021-06-22 04:00:00,1624305600000,3.1180000000,3.1420000000,3.1000000000,3.1010000000,48227.0894210000,150500.7226097400,150500.7226097400,1,SRM-USDT
2021-06-22 05:00:00,1624309200000,3.1010000000,3.1010000000,2.9500000000,2.9520000000,208725.1116520000,630865.9678343930,630865.9678343930,1,SRM-USDT
2021-06-22 06:00:00,1624312800000,2.9560000000,3.0190000000,2.9000000000,2.9000000000,152763.0335030000,449454.4244381970,449454.4244381970,1,SRM-USDT
2021-06-22 07:00:00,1624316400000,2.9010000000,3.0350000000,2.9010000000,2.9340000000,162934.2417760000,486166.5172167370,486166.5172167370,1,SRM-USDT
2021-06-22 08:00:00,1624320000000,2.9350000000,2.9590000000,2.8360000000,2.9190000000,239874.8319360000,692589.5382090140,692589.5382090140,1,SRM-USDT
2021-06-22 09:00:00,1624323600000,2.9240000000,3.0430000000,2.9220000000,2.9980000000,69982.4057300000,209284.1352130890,209284.1352130890,1,SRM-USDT
2021-06-22 10:00:00,1624327200000,2.9980000000,3.0360000000,2.9460000000,3.0340000000,85930.6202370000,255918.1779132040,255918.1779132040,1,SRM-USDT
2021-06-22 11:00:00,1624330800000,3.0360000000,3.0820000000,2.9970000000,3.0730000000,121164.4560380000,369933.4729868340,369933.4729868340,1,SRM-USDT
2021-06-22 12:00:00,1624334400000,3.0750000000,3.0930000000,3.0470000000,3.0720000000,81500.9350310000,250101.9853141360,250101.9853141360,1,SRM-USDT
2021-06-22 13:00:00,1624338000000,3.0730000000,3.0870000000,2.9630000000,2.9720000000,88237.1092180000,265807.6318472580,265807.6318472580,1,SRM-USDT
2021-06-22 14:00:00,1624341600000,2.9720000000,3.0070000000,2.9400000000,2.9910000000,85543.7420540000,254502.2402059280,254502.2402059280,1,SRM-USDT
2021-06-22 15:00:00,1624345200000,2.9900000000,3.0070000000,2.9430000000,2.9660000000,62438.4779970000,185786.9218630100,185786.9218630100,1,SRM-USDT
2021-06-22 16:00:00,1624348800000,2.9650000000,2.9650000000,2.8160000000,2.8270000000,191129.8625760000,546748.8715049390,546748.8715049390,1,SRM-USDT
2021-06-22 17:00:00,1624352400000,2.8320000000,2.8540000000,2.7540000000,2.8000000000,117035.9019580000,327768.2273162850,327768.2273162850,1,SRM-USDT
2021-06-22 18:00:00,1624356000000,2.7910000000,2.8560000000,2.7000000000,2.7960000000,252181.7354970000,699796.7482976960,699796.7482976960,1,SRM-USDT
2021-06-22 19:00:00,1624359600000,2.7960000000,2.8140000000,2.6780000000,2.6960000000,202432.1205330000,552664.8168495230,552664.8168495230,1,SRM-USDT
2021-06-22 20:00:00,1624363200000,2.6910000000,2.7010000000,2.5050000000,2.5510000000,411607.6227990000,1064997.7698653289,1064997.7698653289,1,SRM-USDT
2021-06-22 21:00:00,1624366800000,2.5500000000,2.5890000000,2.3990000000,2.4350000000,357548.6410640000,893479.7592451900,893479.7592451900,1,SRM-USDT
2021-06-22 22:00:00,1624370400000,2.4380000000,2.6150000000,2.4080000000,2.5850000000,256283.1380960000,639425.0953346500,639425.0953346500,1,SRM-USDT
2021-06-22 23:00:00,1624374000000,2.5870000000,2.7090000000,2.5490000000,2.6990000000,272305.7478730000,720754.9507786380,720754.9507786380,1,SRM-USDT
2021-06-23 00:00:00,1624377600000,2.6980000000,2.7840000000,2.6890000000,2.7830000000,175806.6843290000,483015.2100216170,483015.2100216170,1,SRM-USDT
2021-06-23 01:00:00,1624381200000,2.7860000000,2.8130000000,2.7550000000,2.7930000000,183265.9627590000,509860.8057593510,509860.8057593510,1,SRM-USDT
2021-06-23 02:00:00,1624384800000,2.7920000000,2.8370000000,2.7540000000,2.8060000000,109458.7403940000,305804.5560727030,305804.5560727030,1,SRM-USDT
2021-06-23 03:00:00,1624388400000,2.8070000000,2.8120000000,2.7230000000,2.7260000000,86835.6322080000,239955.8243992000,239955.8243992000,1,SRM-USDT
2021-06-23 04:00:00,1624392000000,2.7230000000,2.8070000000,2.7220000000,2.7950000000,124327.7355780000,343097.9820443380,343097.9820443380,1,SRM-USDT
2021-06-23 05:00:00,1624395600000,2.7970000000,2.8040000000,2.6900000000,2.7160000000,129087.8117190000,352234.5685702120,352234.5685702120,1,SRM-USDT
2021-06-23 06:00:00,1624399200000,2.7150000000,2.7640000000,2.6900000000,2.7430000000,95374.2784800000,259291.5602414220,259291.5602414220,1,SRM-USDT
2021-06-23 07:00:00,1624402800000,2.7420000000,2.7600000000,2.6850000000,2.7370000000,132738.6728350000,360128.9775139260,360128.9775139260,1,SRM-USDT
2021-06-23 08:00:00,1624406400000,2.7360000000,2.8420000000,2.6360000000,2.8280000000,366182.7157030000,998266.6416662360,998266.6416662360,1,SRM-USDT
2021-06-23 09:00:00,1624410000000,2.8290000000,2.9010000000,2.8130000000,2.8960000000,188921.9550630000,540787.7108460281,540787.7108460281,1,SRM-USDT
2021-06-23 10:00:00,1624413600000,2.8950000000,2.9520000000,2.8890000000,2.9110000000,162685.8602900000,474275.8092547750,474275.8092547750,1,SRM-USDT
2021-06-23 11:00:00,1624417200000,2.9120000000,2.9280000000,2.8950000000,2.9230000000,66514.5777820000,193506.3920905170,193506.3920905170,1,SRM-USDT
2021-06-23 12:00:00,1624420800000,2.9240000000,2.9450000000,2.8830000000,2.8980000000,61118.9136090000,178080.1654880160,178080.1654880160,1,SRM-USDT
2021-06-23 13:00:00,1624424400000,2.9030000000,2.9660000000,2.8760000000,2.9630000000,97101.9555660000,283753.7023828130,283753.7023828130,1,SRM-USDT
2021-06-23 14:00:00,1624428000000,2.9640000000,2.9670000000,2.9030000000,2.9080000000,72516.7376890000,212416.9890822340,212416.9890822340,1,SRM-USDT
2021-06-23 15:00:00,1624431600000,2.9080000000,2.9510000000,2.9010000000,2.9310000000,55540.1511820000,162758.5735876520,162758.5735876520,1,SRM-USDT
2021-06-23 16:00:00,1624435200000,2.9390000000,2.9990000000,2.9050000000,2.9050000000,115807.8010270000,342709.0612550010,342709.0612550010,1,SRM-USDT
2021-06-23 17:00:00,1624438800000,2.9050000000,2.9580000000,2.8970000000,2.9220000000,61694.7950750000,180738.2307241820,180738.2307241820,1,SRM-USDT
2021-06-23 18:00:00,1624442400000,2.9280000000,2.9790000000,2.9160000000,2.9750000000,78559.8470700000,231953.8278367290,231953.8278367290,1,SRM-USDT
2021-06-23 19:00:00,1624446000000,2.9800000000,3.0080000000,2.9350000000,2.9510000000,74987.2080860000,222817.2027965380,222817.2027965380,1,SRM-USDT
2021-06-23 20:00:00,1624449600000,2.9490000000,3.0290000000,2.9400000000,3.0270000000,104306.0429630000,311724.6683303850,311724.6683303850,1,SRM-USDT
2021-06-23 21:00:00,1624453200000,3.0260000000,3.0890000000,2.9750000000,2.9840000000,189676.4360360000,577262.4797962790,577262.4797962790,1,SRM-USDT
2021-06-23 22:00:00,1624456800000,2.9750000000,3.0250000000,2.9610000000,3.0030000000,127413.6351030000,380464.6608691570,380464.6608691570,1,SRM-USDT
2021-06-23 23:00:00,1624460400000,3.0020000000,3.0050000000,2.8870000000,2.8960000000,145423.9303670000,426269.4722648690,426269.4722648690,1,SRM-USDT
2021-06-24 00:00:00,1624464000000,2.9050000000,2.9680000000,2.8780000000,2.9390000000,129076.1645340000,377713.2783674350,377713.2783674350,1,SRM-USDT
2021-06-24 01:00:00,1624467600000,2.9380000000,2.9500000000,2.8930000000,2.9150000000,60787.8533320000,177696.8743875200,177696.8743875200,1,SRM-USDT
2021-06-24 02:00:00,1624471200000,2.9050000000,2.9070000000,2.8360000000,2.8570000000,132656.4288120000,380812.8986020010,380812.8986020010,1,SRM-USDT
2021-06-24 03:00:00,1624474800000,2.8640000000,2.9000000000,2.8050000000,2.8100000000,72987.6528640000,208919.4858574420,208919.4858574420,1,SRM-USDT
2021-06-24 04:00:00,1624478400000,2.8090000000,2.8680000000,2.7880000000,2.8110000000,203652.4733120000,578116.7651902700,578116.7651902700,1,SRM-USDT
2021-06-24 05:00:00,1624482000000,2.8070000000,2.8760000000,2.7990000000,2.8360000000,211074.7403790000,598195.7451968460,598195.7451968460,1,SRM-USDT
2021-06-24 06:00:00,1624485600000,2.8300000000,2.8340000000,2.7980000000,2.8210000000,191505.6817960000,539820.0075625890,539820.0075625890,1,SRM-USDT
2021-06-24 07:00:00,1624489200000,2.8230000000,2.8870000000,2.7940000000,2.8850000000,117817.1337150000,334619.4405784410,334619.4405784410,1,SRM-USDT
2021-06-24 08:00:00,1624492800000,2.8870000000,2.9100000000,2.8230000000,2.8250000000,153776.7924810000,442396.7947942150,442396.7947942150,1,SRM-USDT
2021-06-24 09:00:00,1624496400000,2.8240000000,2.8500000000,2.7550000000,2.7700000000,134789.3204460000,376950.3011970410,376950.3011970410,1,SRM-USDT
2021-06-24 10:00:00,1624500000000,2.7700000000,2.7950000000,2.7540000000,2.7790000000,82790.5181890000,229548.8651223620,229548.8651223620,1,SRM-USDT
2021-06-24 11:00:00,1624503600000,2.7680000000,2.8340000000,2.7680000000,2.8180000000,124337.6582980000,348427.6032209910,348427.6032209910,1,SRM-USDT
2021-06-24 12:00:00,1624507200000,2.8160000000,2.8430000000,2.7760000000,2.8030000000,77238.2341550000,217010.4261742790,217010.4261742790,1,SRM-USDT
2021-06-24 13:00:00,1624510800000,2.7970000000,2.8730000000,2.7910000000,2.8690000000,74187.0866410000,210502.8349861450,210502.8349861450,1,SRM-USDT
2021-06-24 14:00:00,1624514400000,2.8730000000,2.8730000000,2.8280000000,2.8390000000,85566.1549870000,243498.0235776500,243498.0235776500,1,SRM-USDT
2021-06-24 15:00:00,1624518000000,2.8390000000,2.8610000000,2.8130000000,2.8300000000,102740.9214460000,290860.5547537620,290860.5547537620,1,SRM-USDT
2021-06-24 16:00:00,1624521600000,2.8300000000,2.8840000000,2.8290000000,2.8820000000,64220.3600260000,183327.8196104090,183327.8196104090,1,SRM-USDT
2021-06-24 17:00:00,1624525200000,2.8850000000,2.8910000000,2.8350000000,2.8540000000,77006.6518300000,220438.0800341150,220438.0800341150,1,SRM-USDT
2021-06-24 18:00:00,1624528800000,2.8570000000,2.8690000000,2.8420000000,2.8530000000,93804.9538810000,268011.8117349680,268011.8117349680,1,SRM-USDT
2021-06-24 19:00:00,1624532400000,2.8530000000,2.9210000000,2.8530000000,2.9140000000,108344.3468070000,313833.3300893670,313833.3300893670,1,SRM-USDT
2021-06-24 20:00:00,1624536000000,2.9190000000,2.9570000000,2.9110000000,2.9330000000,93513.3150400000,274296.4734385410,274296.4734385410,1,SRM-USDT
2021-06-24 21:00:00,1624539600000,2.9380000000,2.9410000000,2.8990000000,2.9390000000,59582.9319170000,174221.3745441970,174221.3745441970,1,SRM-USDT
2021-06-24 22:00:00,1624543200000,2.9390000000,2.9450000000,2.9160000000,2.9420000000,38671.5603810000,113333.7223186610,113333.7223186610,1,SRM-USDT
2021-06-24 23:00:00,1624546800000,2.9450000000,2.9930000000,2.9310000000,2.9470000000,157731.0256720000,466979.7462575320,466979.7462575320,1,SRM-USDT
2021-06-25 00:00:00,1624550400000,2.9390000000,3.0280000000,2.9180000000,3.0250000000,76886.5788370000,228717.6181646130,228717.6181646130,1,SRM-USDT
2021-06-25 01:00:00,1624554000000,3.0230000000,3.0420000000,2.9910000000,3.0130000000,114246.6382860000,344807.3569771730,344807.3569771730,1,SRM-USDT
2021-06-25 02:00:00,1624557600000,3.0130000000,3.0470000000,3.0130000000,3.0260000000,79458.0817330000,240542.8294989260,240542.8294989260,1,SRM-USDT
2021-06-25 03:00:00,1624561200000,3.0280000000,3.0290000000,2.9850000000,3.0000000000,41441.1475060000,124636.9768182730,124636.9768182730,1,SRM-USDT
2021-06-25 04:00:00,1624564800000,3.0040000000,3.0190000000,2.9760000000,3.0050000000,34085.0946210000,102215.8610572230,102215.8610572230,1,SRM-USDT
2021-06-25 05:00:00,1624568400000,3.0010000000,3.0010000000,2.9720000000,2.9800000000,32035.2166820000,95584.0731467090,95584.0731467090,1,SRM-USDT
2021-06-25 06:00:00,1624572000000,2.9820000000,2.9860000000,2.9490000000,2.9740000000,34034.2014600000,100927.1718533550,100927.1718533550,1,SRM-USDT
2021-06-25 07:00:00,1624575600000,2.9680000000,2.9940000000,2.9480000000,2.9830000000,54570.3417910000,162225.4141202930,162225.4141202930,1,SRM-USDT
2021-06-25 08:00:00,1624579200000,2.9840000000,3.0330000000,2.9630000000,2.9630000000,87738.6314280000,263706.1363895540,263706.1363895540,1,SRM-USDT
2021-06-25 09:00:00,1624582800000,2.9630000000,2.9970000000,2.9290000000,2.9970000000,57622.5636420000,170065.1146591320,170065.1146591320,1,SRM-USDT
2021-06-25 10:00:00,1624586400000,2.9940000000,3.0550000000,2.9900000000,3.0340000000,67709.7021920000,204917.8615152340,204917.8615152340,1,SRM-USDT
2021-06-25 11:00:00,1624590000000,3.0290000000,3.0340000000,2.9940000000,3.0220000000,48748.5418380000,146804.7007658420,146804.7007658420,1,SRM-USDT
2021-06-25 12:00:00,1624593600000,3.0150000000,3.0190000000,2.9700000000,2.9770000000,32072.3367830000,95798.5663678280,95798.5663678280,1,SRM-USDT
2021-06-25 13:00:00,1624597200000,2.9840000000,2.9960000000,2.9240000000,2.9460000000,44981.3407250000,132755.9881735670,132755.9881735670,1,SRM-USDT
2021-06-25 14:00:00,1624600800000,2.9440000000,2.9600000000,2.9120000000,2.9440000000,31941.3803410000,93807.5486512110,93807.5486512110,1,SRM-USDT
2021-06-25 15:00:00,1624604400000,2.9350000000,2.9380000000,2.8710000000,2.9000000000,85317.0456980000,247219.4606523810,247219.4606523810,1,SRM-USDT
2021-06-25 16:00:00,1624608000000,2.8980000000,2.8990000000,2.8490000000,2.8880000000,61242.6618400000,175942.9110684810,175942.9110684810,1,SRM-USDT
2021-06-25 17:00:00,1624611600000,2.8790000000,2.9040000000,2.8270000000,2.8300000000,50516.9803690000,144850.1044165590,144850.1044165590,1,SRM-USDT
2021-06-25 18:00:00,1624615200000,2.8280000000,2.8450000000,2.7910000000,2.8250000000,75770.7974800000,213360.4512162730,213360.4512162730,1,SRM-USDT
2021-06-25 19:00:00,1624618800000,2.8220000000,2.8310000000,2.7580000000,2.7680000000,120684.5241730000,336121.0490504350,336121.0490504350,1,SRM-USDT
2021-06-25 20:00:00,1624622400000,2.7690000000,2.8330000000,2.7410000000,2.7720000000,150723.0453200000,418516.3969109800,418516.3969109800,1,SRM-USDT
2021-06-25 21:00:00,1624626000000,2.7730000000,2.8080000000,2.7330000000,2.7870000000,91937.0218310000,255327.1242447570,255327.1242447570,1,SRM-USDT
2021-06-25 22:00:00,1624629600000,2.7830000000,2.8280000000,2.7200000000,2.7400000000,127309.3068200000,353124.6065788590,353124.6065788590,1,SRM-USDT
2021-06-25 23:00:00,1624633200000,2.7420000000,2.7630000000,2.7050000000,2.7280000000,131744.8809360000,360862.3390045950,360862.3390045950,1,SRM-USDT
2021-06-26 00:00:00,1624636800000,2.7250000000,2.7530000000,2.6690000000,2.6970000000,188197.1735000000,508648.8598769990,508648.8598769990,1,SRM-USDT
2021-06-26 01:00:00,1624640400000,2.6960000000,2.7310000000,2.6500000000,2.6790000000,213205.0355590000,571510.2191687700,571510.2191687700,1,SRM-USDT
2021-06-26 02:00:00,1624644000000,2.6790000000,2.7430000000,2.6640000000,2.7170000000,67538.8462830000,183674.6010894410,183674.6010894410,1,SRM-USDT
2021-06-26 03:00:00,1624647600000,2.7180000000,2.7660000000,2.6900000000,2.7510000000,43501.1334810000,119192.0445311490,119192.0445311490,1,SRM-USDT
2021-06-26 04:00:00,1624651200000,2.7480000000,2.7660000000,2.7230000000,2.7630000000,40350.5197960000,110757.7833560810,110757.7833560810,1,SRM-USDT
2021-06-26 05:00:00,1624654800000,2.7580000000,2.7590000000,2.7130000000,2.7300000000,35681.6601620000,97502.1693952330,97502.1693952330,1,SRM-USDT
2021-06-26 06:00:00,1624658400000,2.7370000000,2.7540000000,2.6750000000,2.6780000000,101905.2745530000,276850.9782924280,276850.9782924280,1,SRM-USDT
2021-06-26 07:00:00,1624662000000,2.6820000000,2.7280000000,2.6750000000,2.6810000000,49164.7783680000,132661.7291468120,132661.7291468120,1,SRM-USDT
2021-06-26 08:00:00,1624665600000,2.6760000000,2.7600000000,2.6580000000,2.7430000000,137655.0130100000,374968.6969442900,374968.6969442900,1,SRM-USDT
2021-06-26 09:00:00,1624669200000,2.7510000000,2.7510000000,2.6480000000,2.7020000000,101880.2969620000,273326.5838984080,273326.5838984080,1,SRM-USDT
2021-06-26 10:00:00,1624672800000,2.7030000000,2.7180000000,2.6550000000,2.7030000000,40799.3509620000,109892.0523579200,109892.0523579200,1,SRM-USDT
2021-06-26 11:00:00,1624676400000,2.7060000000,2.7220000000,2.6840000000,2.6970000000,30502.4663800000,82475.9844233660,82475.9844233660,1,SRM-USDT
2021-06-26 12:00:00,1624680000000,2.7050000000,2.7350000000,2.6920000000,2.7320000000,17331.4738130000,46962.8911576100,46962.8911576100,1,SRM-USDT
2021-06-26 13:00:00,1624683600000,2.7340000000,2.7640000000,2.7190000000,2.7280000000,68996.6277690000,189388.2358450340,189388.2358450340,1,SRM-USDT
2021-06-26 14:00:00,1624687200000,2.7330000000,2.7490000000,2.6660000000,2.6700000000,64606.4653510000,174117.4824379740,174117.4824379740,1,SRM-USDT
2021-06-26 15:00:00,1624690800000,2.6680000000,2.6740000000,2.5720000000,2.5880000000,211096.0321710000,551504.9837129040,551504.9837129040,1,SRM-USDT
2021-06-26 16:00:00,1624694400000,2.5870000000,2.5970000000,2.5210000000,2.5380000000,155823.2258050000,397567.1231265380,397567.1231265380,1,SRM-USDT
2021-06-26 17:00:00,1624698000000,2.5380000000,2.5980000000,2.5190000000,2.5900000000,102809.7537050000,263037.5352468170,263037.5352468170,1,SRM-USDT
2021-06-26 18:00:00,1624701600000,2.5890000000,2.6010000000,2.5580000000,2.5940000000,57483.9252330000,148191.8897687100,148191.8897687100,1,SRM-USDT
2021-06-26 19:00:00,1624705200000,2.5980000000,2.6590000000,2.5980000000,2.6480000000,97801.9602790000,257001.8889088500,257001.8889088500,1,SRM-USDT
2021-06-26 20:00:00,1624708800000,2.6490000000,2.6670000000,2.6250000000,2.6270000000,53265.0385080000,140943.9252818270,140943.9252818270,1,SRM-USDT
2021-06-26 21:00:00,1624712400000,2.6300000000,2.6510000000,2.5650000000,2.5700000000,91432.2013360000,238803.0833885050,238803.0833885050,1,SRM-USDT
2021-06-26 22:00:00,1624716000000,2.5780000000,2.6220000000,2.5380000000,2.6130000000,104257.3675500000,268767.6579376040,268767.6579376040,1,SRM-USDT
2021-06-26 23:00:00,1624719600000,2.6150000000,2.6260000000,2.5800000000,2.6160000000,60710.3125170000,157979.1044811820,157979.1044811820,1,SRM-USDT
2021-06-27 00:00:00,1624723200000,2.6160000000,2.6160000000,2.5500000000,2.6010000000,63064.8706000000,163128.8386714660,163128.8386714660,1,SRM-USDT
2021-06-27 01:00:00,1624726800000,2.6030000000,2.6440000000,2.5770000000,2.6390000000,45470.9005700000,118403.7811437720,118403.7811437720,1,SRM-USDT
2021-06-27 02:00:00,1624730400000,2.6430000000,2.6540000000,2.6120000000,2.6250000000,41803.3025550000,109848.3667327680,109848.3667327680,1,SRM-USDT
2021-06-27 03:00:00,1624734000000,2.6240000000,2.6360000000,2.6010000000,2.6360000000,47677.3449470000,124940.9763748860,124940.9763748860,1,SRM-USDT
2021-06-27 04:00:00,1624737600000,2.6360000000,2.6380000000,2.5960000000,2.6030000000,35293.9189440000,92159.7674873080,92159.7674873080,1,SRM-USDT
2021-06-27 05:00:00,1624741200000,2.6040000000,2.6250000000,2.5710000000,2.6240000000,26077.4886270000,67614.6712467830,67614.6712467830,1,SRM-USDT
2021-06-27 06:00:00,1624744800000,2.6230000000,2.6480000000,2.6230000000,2.6460000000,22291.9708270000,58686.6455507120,58686.6455507120,1,SRM-USDT
2021-06-27 07:00:00,1624748400000,2.6470000000,2.6920000000,2.6380000000,2.6910000000,51446.3394090000,136758.8371755480,136758.8371755480,1,SRM-USDT
2021-06-27 08:00:00,1624752000000,2.6890000000,2.7160000000,2.6660000000,2.7140000000,55692.6584230000,150249.4261177430,150249.4261177430,1,SRM-USDT
2021-06-27 09:00:00,1624755600000,2.7070000000,2.7510000000,2.7070000000,2.7420000000,89217.7260040000,243904.4723018220,243904.4723018220,1,SRM-USDT
2021-06-27 10:00:00,1624759200000,2.7440000000,2.7810000000,2.7420000000,2.7700000000,53314.8541010000,147227.0219565380,147227.0219565380,1,SRM-USDT
2021-06-27 11:00:00,1624762800000,2.7710000000,2.7720000000,2.7430000000,2.7630000000,39449.2646820000,108905.8101928830,108905.8101928830,1,SRM-USDT
2021-06-27 12:00:00,1624766400000,2.7690000000,2.7820000000,2.7360000000,2.7490000000,31955.9275970000,87976.2844026050,87976.2844026050,1,SRM-USDT
2021-06-27 13:00:00,1624770000000,2.7530000000,2.7620000000,2.7050000000,2.7170000000,45687.9964410000,124762.5197640300,124762.5197640300,1,SRM-USDT
2021-06-27 14:00:00,1624773600000,2.7170000000,2.7440000000,2.7060000000,2.7190000000,23553.4907100000,64147.1724570570,64147.1724570570,1,SRM-USDT
2021-06-27 15:00:00,1624777200000,2.7210000000,2.7480000000,2.7200000000,2.7430000000,36025.8418590000,98639.1722109350,98639.1722109350,1,SRM-USDT
2021-06-27 16:00:00,1624780800000,2.7430000000,2.7490000000,2.7150000000,2.7150000000,26900.0894760000,73580.1783600910,73580.1783600910,1,SRM-USDT
2021-06-27 17:00:00,1624784400000,2.7130000000,2.7250000000,2.6730000000,2.6810000000,40083.7016130000,108003.2826873980,108003.2826873980,1,SRM-USDT
2021-06-27 18:00:00,1624788000000,2.6750000000,2.7630000000,2.6650000000,2.7320000000,88682.2163590000,239584.1240981680,239584.1240981680,1,SRM-USDT
2021-06-27 19:00:00,1624791600000,2.7330000000,2.7570000000,2.6620000000,2.6870000000,219350.2470750000,592512.2028769710,592512.2028769710,1,SRM-USDT
2021-06-27 20:00:00,1624795200000,2.6910000000,2.7430000000,2.6810000000,2.7280000000,83505.3088750000,227014.2622981870,227014.2622981870,1,SRM-USDT
2021-06-27 21:00:00,1624798800000,2.7270000000,2.7300000000,2.6890000000,2.7080000000,45618.2569690000,123545.0403658470,123545.0403658470,1,SRM-USDT
2021-06-27 22:00:00,1624802400000,2.7060000000,2.7060000000,2.6850000000,2.6990000000,72628.9963770000,195739.5585612890,195739.5585612890,1,SRM-USDT
2021-06-27 23:00:00,1624806000000,2.6950000000,2.6980000000,2.6640000000,2.6900000000,38543.8010110000,103429.6018420430,103429.6018420430,1,SRM-USDT
2021-06-28 00:00:00,1624809600000,2.6910000000,2.7040000000,2.6600000000,2.6750000000,78822.1583210000,210870.5733682600,210870.5733682600,1,SRM-USDT
2021-06-28 01:00:00,1624813200000,2.6770000000,2.6940000000,2.6650000000,2.6910000000,27833.1131300000,74660.0186037700,74660.0186037700,1,SRM-USDT
2021-06-28 02:00:00,1624816800000,2.6860000000,2.6860000000,2.6360000000,2.6820000000,73756.6605250000,196253.4631341530,196253.4631341530,1,SRM-USDT
2021-06-28 03:00:00,1624820400000,2.6810000000,2.6830000000,2.6500000000,2.6720000000,32923.1268920000,87807.8473345790,87807.8473345790,1,SRM-USDT
2021-06-28 04:00:00,1624824000000,2.6700000000,2.6770000000,2.6440000000,2.6460000000,26523.1389730000,70576.4089572290,70576.4089572290,1,SRM-USDT
2021-06-28 05:00:00,1624827600000,2.6440000000,2.6950000000,2.6410000000,2.6920000000,57447.7148970000,153238.3816011730,153238.3816011730,1,SRM-USDT
2021-06-28 06:00:00,1624831200000,2.6930000000,2.8320000000,2.6920000000,2.8210000000,182914.4027730000,505518.0230234230,505518.0230234230,1,SRM-USDT
2021-06-28 07:00:00,1624834800000,2.8280000000,2.8670000000,2.8070000000,2.8640000000,54144.0520290000,153607.0890971340,153607.0890971340,1,SRM-USDT
2021-06-28 08:00:00,1624838400000,2.8660000000,2.8740000000,2.8260000000,2.8490000000,71482.5440260000,203754.2898751150,203754.2898751150,1,SRM-USDT
2021-06-28 09:00:00,1624842000000,2.8500000000,2.8610000000,2.8180000000,2.8220000000,49018.4283000000,138989.2481009070,138989.2481009070,1,SRM-USDT
2021-06-28 10:00:00,1624845600000,2.8210000000,2.8370000000,2.8120000000,2.8150000000,22932.4560040000,64762.9402057090,64762.9402057090,1,SRM-USDT
2021-06-28 11:00:00,1624849200000,2.8150000000,2.8240000000,2.7990000000,2.8160000000,41259.1704590000,116068.2534995340,116068.2534995340,1,SRM-USDT
2021-06-28 12:00:00,1624852800000,2.8160000000,2.8310000000,2.8030000000,2.8130000000,29123.0788190000,81988.9837271800,81988.9837271800,1,SRM-USDT
2021-06-28 13:00:00,1624856400000,2.8140000000,2.8320000000,2.8140000000,2.8300000000,36396.6853890000,102866.4227681090,102866.4227681090,1,SRM-USDT
2021-06-28 14:00:00,1624860000000,2.8260000000,2.8470000000,2.8220000000,2.8470000000,23064.7867940000,65319.6587277110,65319.6587277110,1,SRM-USDT
2021-06-28 15:00:00,1624863600000,2.8470000000,2.9320000000,2.8460000000,2.9270000000,83359.7475240000,241946.4189815390,241946.4189815390,1,SRM-USDT
2021-06-28 16:00:00,1624867200000,2.9310000000,2.9430000000,2.9100000000,2.9300000000,79464.6945910000,232486.1115521140,232486.1115521140,1,SRM-USDT
2021-06-28 17:00:00,1624870800000,2.9280000000,2.9480000000,2.8820000000,2.8880000000,60078.1897820000,175138.0462023280,175138.0462023280,1,SRM-USDT
2021-06-28 18:00:00,1624874400000,2.8890000000,2.8980000000,2.8230000000,2.8410000000,62445.3033380000,178544.0886431830,178544.0886431830,1,SRM-USDT
2021-06-28 19:00:00,1624878000000,2.8420000000,2.8500000000,2.8220000000,2.8360000000,42622.5936070000,120939.6956962370,120939.6956962370,1,SRM-USDT
2021-06-28 20:00:00,1624881600000,2.8410000000,2.8870000000,2.8260000000,2.8860000000,61085.0200630000,174576.8790377210,174576.8790377210,1,SRM-USDT
2021-06-28 21:00:00,1624885200000,2.8890000000,2.8980000000,2.8710000000,2.8900000000,46106.1852920000,133027.7147771270,133027.7147771270,1,SRM-USDT
2021-06-28 22:00:00,1624888800000,2.8860000000,2.9470000000,2.8790000000,2.9450000000,58837.8282130000,171344.4605558120,171344.4605558120,1,SRM-USDT
2021-06-28 23:00:00,1624892400000,2.9440000000,3.0290000000,2.9400000000,3.0290000000,104582.6055530000,311883.7420703240,311883.7420703240,1,SRM-USDT
2021-06-29 00:00:00,1624896000000,3.0290000000,3.0760000000,2.9900000000,3.0650000000,181710.1262570000,552525.4364999150,552525.4364999150,1,SRM-USDT
2021-06-29 01:00:00,1624899600000,3.0650000000,3.0650000000,2.9700000000,2.9960000000,160863.5045020000,483598.5793719760,483598.5793719760,1,SRM-USDT
2021-06-29 02:00:00,1624903200000,2.9910000000,3.0120000000,2.9740000000,2.9880000000,83452.4626870000,249908.9001881010,249908.9001881010,1,SRM-USDT
2021-06-29 03:00:00,1624906800000,2.9880000000,3.0330000000,2.9820000000,3.0150000000,89944.2311410000,270896.0062049700,270896.0062049700,1,SRM-USDT
2021-06-29 04:00:00,1624910400000,3.0140000000,3.0460000000,2.9860000000,3.0390000000,69861.7015690000,210485.3278865350,210485.3278865350,1,SRM-USDT
2021-06-29 05:00:00,1624914000000,3.0370000000,3.1130000000,3.0300000000,3.1000000000,132094.7728190000,404592.4521409330,404592.4521409330,1,SRM-USDT
2021-06-29 06:00:00,1624917600000,3.0990000000,3.0990000000,3.0100000000,3.0340000000,136184.2409980000,413748.6195076040,413748.6195076040,1,SRM-USDT
2021-06-29 07:00:00,1624921200000,3.0360000000,3.0630000000,2.9970000000,3.0590000000,74304.5147640000,225590.1494364130,225590.1494364130,1,SRM-USDT
2021-06-29 08:00:00,1624924800000,3.0600000000,3.1480000000,3.0450000000,3.1440000000,133137.2320010000,411990.4151193540,411990.4151193540,1,SRM-USDT
2021-06-29 09:00:00,1624928400000,3.1410000000,3.1570000000,3.0920000000,3.1150000000,92486.3730820000,288502.5321731080,288502.5321731080,1,SRM-USDT
2021-06-29 10:00:00,1624932000000,3.1150000000,3.1720000000,3.1050000000,3.1360000000,139033.5215880000,437326.8693009280,437326.8693009280,1,SRM-USDT
2021-06-29 11:00:00,1624935600000,3.1350000000,3.1900000000,3.1250000000,3.1850000000,90664.3979020000,287000.0009726510,287000.0009726510,1,SRM-USDT
2021-06-29 12:00:00,1624939200000,3.1820000000,3.2180000000,3.1410000000,3.1480000000,121619.0949400000,385920.2885553170,385920.2885553170,1,SRM-USDT
2021-06-29 13:00:00,1624942800000,3.1490000000,3.1670000000,3.1230000000,3.1620000000,63653.1191510000,200071.7808732840,200071.7808732840,1,SRM-USDT
2021-06-29 14:00:00,1624946400000,3.1670000000,3.2470000000,3.1530000000,3.2250000000,73705.6022040000,235634.1634296990,235634.1634296990,1,SRM-USDT
2021-06-29 15:00:00,1624950000000,3.2350000000,3.2460000000,3.1800000000,3.1830000000,155407.6745680000,500046.0956147560,500046.0956147560,1,SRM-USDT
2021-06-29 16:00:00,1624953600000,3.1820000000,3.2150000000,3.1380000000,3.1910000000,125812.0005410000,400298.3933718360,400298.3933718360,1,SRM-USDT
2021-06-29 17:00:00,1624957200000,3.1870000000,3.2220000000,3.1660000000,3.2050000000,73954.8316570000,235947.2610439350,235947.2610439350,1,SRM-USDT
2021-06-29 18:00:00,1624960800000,3.2090000000,3.2410000000,3.1710000000,3.2400000000,91043.0729900000,291992.4917254180,291992.4917254180,1,SRM-USDT
2021-06-29 19:00:00,1624964400000,3.2420000000,3.2740000000,3.2160000000,3.2400000000,120141.4624340000,390367.8392039680,390367.8392039680,1,SRM-USDT
2021-06-29 20:00:00,1624968000000,3.2380000000,3.2840000000,3.2120000000,3.2800000000,137637.1412340000,448406.8700721310,448406.8700721310,1,SRM-USDT
2021-06-29 21:00:00,1624971600000,3.2780000000,3.3590000000,3.2620000000,3.3460000000,95974.1059730000,318757.8128132650,318757.8128132650,1,SRM-USDT
2021-06-29 22:00:00,1624975200000,3.3480000000,3.4170000000,3.3120000000,3.3680000000,167673.3182750000,564391.0596944590,564391.0596944590,1,SRM-USDT
2021-06-29 23:00:00,1624978800000,3.3710000000,3.3720000000,3.2730000000,3.3310000000,160741.4365330000,532879.4744976580,532879.4744976580,1,SRM-USDT
2021-06-30 00:00:00,1624982400000,3.3300000000,3.3520000000,3.2710000000,3.3250000000,104484.9328780000,346409.8546625680,346409.8546625680,1,SRM-USDT
2021-06-30 01:00:00,1624986000000,3.3260000000,3.3550000000,3.2940000000,3.3170000000,64430.6855010000,214048.9149096090,214048.9149096090,1,SRM-USDT
2021-06-30 02:00:00,1624989600000,3.3160000000,3.3210000000,3.2760000000,3.3000000000,87484.7233350000,288342.5304005180,288342.5304005180,1,SRM-USDT
2021-06-30 03:00:00,1624993200000,3.3030000000,3.3570000000,3.2830000000,3.3420000000,125016.8206250000,414913.0590635770,414913.0590635770,1,SRM-USDT
2021-06-30 04:00:00,1624996800000,3.3430000000,3.3560000000,3.2600000000,3.2760000000,108973.0569190000,361263.8460481450,361263.8460481450,1,SRM-USDT
2021-06-30 05:00:00,1625000400000,3.2720000000,3.2980000000,3.2480000000,3.2910000000,71382.4271640000,233527.3140329920,233527.3140329920,1,SRM-USDT
2021-06-30 06:00:00,1625004000000,3.2950000000,3.2950000000,3.2330000000,3.2400000000,93884.7473250000,305910.8343261140,305910.8343261140,1,SRM-USDT
2021-06-30 07:00:00,1625007600000,3.2400000000,3.2840000000,3.2180000000,3.2520000000,75598.5858040000,245601.2598564380,245601.2598564380,1,SRM-USDT
2021-06-30 08:00:00,1625011200000,3.2580000000,3.3300000000,3.1830000000,3.3090000000,199304.4571440000,652540.0940692510,652540.0940692510,1,SRM-USDT
2021-06-30 09:00:00,1625014800000,3.3090000000,3.3320000000,3.2720000000,3.3280000000,124268.1485400000,410143.6017447680,410143.6017447680,1,SRM-USDT
2021-06-30 10:00:00,1625018400000,3.3280000000,3.4090000000,3.2920000000,3.3950000000,139892.1149630000,470508.6224033300,470508.6224033300,1,SRM-USDT
2021-06-30 11:00:00,1625022000000,3.3910000000,3.3920000000,3.2750000000,3.2800000000,116231.0088850000,385927.4528850800,385927.4528850800,1,SRM-USDT
2021-06-30 12:00:00,1625025600000,3.2810000000,3.3430000000,3.2240000000,3.2280000000,97283.1232530000,320493.1608454090,320493.1608454090,1,SRM-USDT
2021-06-30 13:00:00,1625029200000,3.2270000000,3.2830000000,3.2200000000,3.2620000000,79996.4706260000,260377.6109893310,260377.6109893310,1,SRM-USDT
2021-06-30 14:00:00,1625032800000,3.2590000000,3.3140000000,3.2520000000,3.2990000000,61840.9089060000,203721.1861192940,203721.1861192940,1,SRM-USDT
2021-06-30 15:00:00,1625036400000,3.3040000000,3.3440000000,3.2610000000,3.3410000000,76861.5056930000,253869.1100848780,253869.1100848780,1,SRM-USDT
2021-06-30 16:00:00,1625040000000,3.3400000000,3.3520000000,3.2580000000,3.2600000000,73015.8720160000,242357.1253391980,242357.1253391980,1,SRM-USDT
2021-06-30 17:00:00,1625043600000,3.2590000000,3.3000000000,3.2320000000,3.2630000000,89947.1153730000,294254.7039025570,294254.7039025570,1,SRM-USDT
2021-06-30 18:00:00,1625047200000,3.2620000000,3.3200000000,3.2620000000,3.2800000000,88051.8604210000,289672.2019651630,289672.2019651630,1,SRM-USDT
2021-06-30 19:00:00,1625050800000,3.2790000000,3.3080000000,3.2550000000,3.3020000000,66908.1773790000,220056.4204548780,220056.4204548780,1,SRM-USDT
2021-06-30 20:00:00,1625054400000,3.2960000000,3.3620000000,3.2940000000,3.3060000000,116234.9505260000,387676.9544837320,387676.9544837320,1,SRM-USDT
2021-06-30 21:00:00,1625058000000,3.3070000000,3.3140000000,3.2200000000,3.2710000000,136282.2417340000,442295.9627179000,442295.9627179000,1,SRM-USDT
2021-06-30 22:00:00,1625061600000,3.2700000000,3.2980000000,3.2400000000,3.2480000000,86721.6283640000,283921.3967961770,283921.3967961770,1,SRM-USDT
2021-06-30 23:00:00,1625065200000,3.2480000000,3.2590000000,3.1620000000,3.1700000000,93264.0498510000,297578.2936809750,297578.2936809750,1,SRM-USDT
2021-07-01 00:00:00,1625068800000,3.1720000000,3.1940000000,3.1470000000,3.1480000000,83307.9120710000,264140.4910877580,264140.4910877580,1,SRM-USDT
2021-07-01 01:00:00,1625072400000,3.1490000000,3.2150000000,3.1450000000,3.2130000000,47821.2452890000,152443.6096358120,152443.6096358120,1,SRM-USDT
2021-07-01 02:00:00,1625076000000,3.2150000000,3.2800000000,3.2110000000,3.2770000000,68056.0322050000,220042.8138089650,220042.8138089650,1,SRM-USDT
2021-07-01 03:00:00,1625079600000,3.2790000000,3.3720000000,3.2720000000,3.3720000000,61107.7792140000,202941.7400629210,202941.7400629210,1,SRM-USDT
2021-07-01 04:00:00,1625083200000,3.3730000000,3.4710000000,3.3730000000,3.4250000000,163300.0931960000,559721.4643902991,559721.4643902991,1,SRM-USDT
2021-07-01 05:00:00,1625086800000,3.4260000000,3.5130000000,3.4250000000,3.4970000000,167471.5061530000,582461.5156065950,582461.5156065950,1,SRM-USDT
2021-07-01 06:00:00,1625090400000,3.4980000000,3.5370000000,3.4600000000,3.5320000000,108960.1483800000,381782.5934652960,381782.5934652960,1,SRM-USDT
2021-07-01 07:00:00,1625094000000,3.5350000000,3.5880000000,3.5160000000,3.5420000000,122189.0197540000,433292.3027222780,433292.3027222780,1,SRM-USDT
2021-07-01 08:00:00,1625097600000,3.5460000000,3.5470000000,3.4470000000,3.4490000000,142902.4360980000,498101.8289848660,498101.8289848660,1,SRM-USDT
2021-07-01 09:00:00,1625101200000,3.4480000000,3.4940000000,3.4470000000,3.4690000000,61502.3802530000,213761.1358638770,213761.1358638770,1,SRM-USDT
2021-07-01 10:00:00,1625104800000,3.4700000000,3.4700000000,3.3790000000,3.3790000000,76949.0274840000,262230.6265587050,262230.6265587050,1,SRM-USDT
2021-07-01 11:00:00,1625108400000,3.3790000000,3.3970000000,3.3050000000,3.3050000000,145212.9981360000,486795.9066692020,486795.9066692020,1,SRM-USDT
2021-07-01 12:00:00,1625112000000,3.3050000000,3.3470000000,3.3000000000,3.3470000000,57793.1331970000,192083.3599035440,192083.3599035440,1,SRM-USDT
2021-07-01 13:00:00,1625115600000,3.3490000000,3.3720000000,3.3100000000,3.3680000000,61005.8907570000,203628.1378800280,203628.1378800280,1,SRM-USDT
2021-07-01 14:00:00,1625119200000,3.3660000000,3.4000000000,3.2540000000,3.2670000000,126953.7020080000,421104.1267581630,421104.1267581630,1,SRM-USDT
2021-07-01 15:00:00,1625122800000,3.2610000000,3.2800000000,3.2250000000,3.2270000000,83562.9850050000,272039.3882930870,272039.3882930870,1,SRM-USDT
2021-07-01 16:00:00,1625126400000,3.2270000000,3.2550000000,3.1980000000,3.2350000000,88449.2127380000,286000.1972084240,286000.1972084240,1,SRM-USDT
2021-07-01 17:00:00,1625130000000,3.2330000000,3.2380000000,3.1590000000,3.1830000000,81884.3456890000,262469.3939145580,262469.3939145580,1,SRM-USDT
2021-07-01 18:00:00,1625133600000,3.1840000000,3.2030000000,3.1570000000,3.1820000000,71681.2407490000,228207.6016755250,228207.6016755250,1,SRM-USDT
2021-07-01 19:00:00,1625137200000,3.1820000000,3.2480000000,3.1810000000,3.2370000000,67181.5868520000,216659.3244693550,216659.3244693550,1,SRM-USDT
2021-07-01 20:00:00,1625140800000,3.2420000000,3.2680000000,3.2070000000,3.2500000000,101505.7564900000,328804.2715078460,328804.2715078460,1,SRM-USDT
2021-07-01 21:00:00,1625144400000,3.2510000000,3.2690000000,3.2080000000,3.2080000000,65002.0675370000,210851.0878902680,210851.0878902680,1,SRM-USDT
2021-07-01 22:00:00,1625148000000,3.2040000000,3.2500000000,3.1900000000,3.1990000000,84714.7374810000,272366.9237176610,272366.9237176610,1,SRM-USDT
2021-07-01 23:00:00,1625151600000,3.1980000000,3.2750000000,3.1930000000,3.2530000000,98971.5516620000,321017.0467622520,321017.0467622520,1,SRM-USDT
2021-07-02 00:00:00,1625155200000,3.2520000000,3.2580000000,3.1890000000,3.1920000000,98452.0111670000,317014.7765855680,317014.7765855680,1,SRM-USDT
2021-07-02 01:00:00,1625158800000,3.1920000000,3.2660000000,3.1860000000,3.2650000000,73275.6167980000,236221.6672594960,236221.6672594960,1,SRM-USDT
2021-07-02 02:00:00,1625162400000,3.2640000000,3.2690000000,3.2290000000,3.2300000000,53139.3505720000,172708.3998863860,172708.3998863860,1,SRM-USDT
2021-07-02 03:00:00,1625166000000,3.2330000000,3.2400000000,3.1650000000,3.2020000000,110558.5579670000,353030.6340257420,353030.6340257420,1,SRM-USDT
2021-07-02 04:00:00,1625169600000,3.2040000000,3.2440000000,3.2040000000,3.2360000000,36269.5225890000,117136.1659259700,117136.1659259700,1,SRM-USDT
2021-07-02 05:00:00,1625173200000,3.2350000000,3.2670000000,3.2170000000,3.2510000000,48798.7336230000,158374.9031381160,158374.9031381160,1,SRM-USDT
2021-07-02 06:00:00,1625176800000,3.2530000000,3.3370000000,3.2460000000,3.3170000000,94905.0555370000,311788.9742527150,311788.9742527150,1,SRM-USDT
2021-07-02 07:00:00,1625180400000,3.3170000000,3.3190000000,3.2290000000,3.2590000000,183233.3051500000,597628.1944535470,597628.1944535470,1,SRM-USDT
2021-07-02 08:00:00,1625184000000,3.2570000000,3.3020000000,3.2400000000,3.2880000000,87287.9102330000,286232.8327943860,286232.8327943860,1,SRM-USDT
2021-07-02 09:00:00,1625187600000,3.2880000000,3.2910000000,3.1850000000,3.1910000000,90597.7579080000,293010.7617276630,293010.7617276630,1,SRM-USDT
2021-07-02 10:00:00,1625191200000,3.1890000000,3.2050000000,3.1760000000,3.2030000000,53236.2045340000,169789.8719766920,169789.8719766920,1,SRM-USDT
2021-07-02 11:00:00,1625194800000,3.2050000000,3.2070000000,3.1070000000,3.1120000000,96450.8232260000,303883.9294498690,303883.9294498690,1,SRM-USDT
2021-07-02 12:00:00,1625198400000,3.1100000000,3.1390000000,3.1000000000,3.1190000000,84697.9541180000,264121.5768814000,264121.5768814000,1,SRM-USDT
2021-07-02 13:00:00,1625202000000,3.1210000000,3.1350000000,3.0900000000,3.0990000000,89431.4051870000,278004.8602610820,278004.8602610820,1,SRM-USDT
2021-07-02 14:00:00,1625205600000,3.0970000000,3.1230000000,3.0630000000,3.0850000000,69759.0755480000,215509.1587004340,215509.1587004340,1,SRM-USDT
2021-07-02 15:00:00,1625209200000,3.0840000000,3.1280000000,3.0750000000,3.1170000000,46287.9298370000,143664.5239516550,143664.5239516550,1,SRM-USDT
2021-07-02 16:00:00,1625212800000,3.1160000000,3.1420000000,3.1020000000,3.1290000000,85868.9937020000,268313.3520949550,268313.3520949550,1,SRM-USDT
2021-07-02 17:00:00,1625216400000,3.1290000000,3.1290000000,3.0500000000,3.0590000000,83203.6885190000,256192.9928705380,256192.9928705380,1,SRM-USDT
2021-07-02 18:00:00,1625220000000,3.0560000000,3.0820000000,3.0430000000,3.0790000000,43104.5828710000,132024.1054948360,132024.1054948360,1,SRM-USDT
2021-07-02 19:00:00,1625223600000,3.0820000000,3.1130000000,3.0650000000,3.0930000000,49652.2495880000,153409.1759306380,153409.1759306380,1,SRM-USDT
2021-07-02 20:00:00,1625227200000,3.0900000000,3.1270000000,3.0800000000,3.1210000000,48616.5242220000,150818.4927783500,150818.4927783500,1,SRM-USDT
2021-07-02 21:00:00,1625230800000,3.1250000000,3.1570000000,3.1130000000,3.1430000000,78225.0007340000,245843.2973113440,245843.2973113440,1,SRM-USDT
2021-07-02 22:00:00,1625234400000,3.1470000000,3.1750000000,3.1240000000,3.1750000000,96082.8911820000,303290.5366312750,303290.5366312750,1,SRM-USDT
2021-07-02 23:00:00,1625238000000,3.1750000000,3.1870000000,3.1360000000,3.1870000000,62394.1659520000,196973.3395846500,196973.3395846500,1,SRM-USDT
2021-07-03 00:00:00,1625241600000,3.1880000000,3.2040000000,3.1720000000,3.2040000000,79941.4185940000,255014.3539911290,255014.3539911290,1,SRM-USDT
2021-07-03 01:00:00,1625245200000,3.2030000000,3.2250000000,3.1360000000,3.1550000000,153107.8494170000,484770.4750034090,484770.4750034090,1,SRM-USDT
2021-07-03 02:00:00,1625248800000,3.1590000000,3.1770000000,3.1350000000,3.1590000000,67311.7350460000,212376.0638234570,212376.0638234570,1,SRM-USDT
2021-07-03 03:00:00,1625252400000,3.1570000000,3.1770000000,3.1310000000,3.1750000000,64689.1660370000,203783.6545239600,203783.6545239600,1,SRM-USDT
2021-07-03 04:00:00,1625256000000,3.1730000000,3.1730000000,3.1060000000,3.1200000000,54739.9112340000,171754.7965028210,171754.7965028210,1,SRM-USDT
2021-07-03 05:00:00,1625259600000,3.1200000000,3.1690000000,3.1200000000,3.1690000000,34958.0846720000,110017.2771745420,110017.2771745420,1,SRM-USDT
2021-07-03 06:00:00,1625263200000,3.1700000000,3.2300000000,3.1660000000,3.2300000000,36738.0794140000,117221.9972736310,117221.9972736310,1,SRM-USDT
2021-07-03 07:00:00,1625266800000,3.2280000000,3.2520000000,3.2200000000,3.2520000000,53081.4228550000,171805.9526805660,171805.9526805660,1,SRM-USDT
2021-07-03 08:00:00,1625270400000,3.2500000000,3.2680000000,3.1980000000,3.2050000000,73557.5845750000,237698.4148642440,237698.4148642440,1,SRM-USDT
2021-07-03 09:00:00,1625274000000,3.2040000000,3.2900000000,3.2040000000,3.2800000000,148735.2648970000,485065.7125166880,485065.7125166880,1,SRM-USDT
2021-07-03 10:00:00,1625277600000,3.2810000000,3.2830000000,3.2540000000,3.2570000000,40110.1621010000,131050.8085219290,131050.8085219290,1,SRM-USDT
2021-07-03 11:00:00,1625281200000,3.2560000000,3.2570000000,3.2160000000,3.2430000000,23394.7120750000,75689.4587908090,75689.4587908090,1,SRM-USDT
2021-07-03 12:00:00,1625284800000,3.2420000000,3.2730000000,3.2420000000,3.2670000000,35424.4674790000,115570.4437720140,115570.4437720140,1,SRM-USDT
2021-07-03 13:00:00,1625288400000,3.2680000000,3.3080000000,3.2540000000,3.3040000000,43122.0310150000,141729.7647728930,141729.7647728930,1,SRM-USDT
2021-07-03 14:00:00,1625292000000,3.3030000000,3.3160000000,3.2820000000,3.2840000000,31204.1034730000,103094.3876724000,103094.3876724000,1,SRM-USDT
2021-07-03 15:00:00,1625295600000,3.2820000000,3.3690000000,3.2740000000,3.3450000000,65529.3902600000,218559.6643808060,218559.6643808060,1,SRM-USDT
2021-07-03 16:00:00,1625299200000,3.3470000000,3.3800000000,3.3360000000,3.3620000000,65753.7535750000,221154.1394582670,221154.1394582670,1,SRM-USDT
2021-07-03 17:00:00,1625302800000,3.3620000000,3.4130000000,3.3600000000,3.3900000000,90945.9341680000,308231.9498003960,308231.9498003960,1,SRM-USDT
2021-07-03 18:00:00,1625306400000,3.3910000000,3.4550000000,3.3750000000,3.4420000000,134308.1225540000,458949.4092591060,458949.4092591060,1,SRM-USDT
2021-07-03 19:00:00,1625310000000,3.4450000000,3.4460000000,3.3930000000,3.3970000000,93257.9335670000,317673.0547348620,317673.0547348620,1,SRM-USDT
2021-07-03 20:00:00,1625313600000,3.3980000000,3.4130000000,3.3790000000,3.3880000000,67993.4852060000,230811.0070138490,230811.0070138490,1,SRM-USDT
2021-07-03 21:00:00,1625317200000,3.3900000000,3.4090000000,3.3790000000,3.4090000000,43481.8121160000,147512.5062586150,147512.5062586150,1,SRM-USDT
2021-07-03 22:00:00,1625320800000,3.4110000000,3.4220000000,3.3980000000,3.4200000000,40785.0256820000,139172.6140066050,139172.6140066050,1,SRM-USDT
2021-07-03 23:00:00,1625324400000,3.4190000000,3.4310000000,3.3550000000,3.3620000000,79716.2057000000,269930.7420614490,269930.7420614490,1,SRM-USDT
2021-07-04 00:00:00,1625328000000,3.3630000000,3.3650000000,3.3390000000,3.3580000000,38843.9191620000,130228.7484629360,130228.7484629360,1,SRM-USDT
2021-07-04 01:00:00,1625331600000,3.3580000000,3.4160000000,3.3580000000,3.3800000000,47291.3206300000,160176.3846604920,160176.3846604920,1,SRM-USDT
2021-07-04 02:00:00,1625335200000,3.3830000000,3.3830000000,3.3510000000,3.3590000000,28339.0204850000,95439.9391040380,95439.9391040380,1,SRM-USDT
2021-07-04 03:00:00,1625338800000,3.3600000000,3.4150000000,3.3520000000,3.4100000000,44720.1554920000,151841.1348519730,151841.1348519730,1,SRM-USDT
2021-07-04 04:00:00,1625342400000,3.4090000000,3.4320000000,3.3920000000,3.4010000000,56174.8296430000,191740.4556557350,191740.4556557350,1,SRM-USDT
2021-07-04 05:00:00,1625346000000,3.4010000000,3.4240000000,3.3600000000,3.3600000000,37119.6238090000,125950.4970830710,125950.4970830710,1,SRM-USDT
2021-07-04 06:00:00,1625349600000,3.3620000000,3.3840000000,3.3390000000,3.3710000000,68794.5394060000,231226.1539679160,231226.1539679160,1,SRM-USDT
2021-07-04 07:00:00,1625353200000,3.3670000000,3.4000000000,3.3400000000,3.3980000000,48885.6593590000,164538.8846183770,164538.8846183770,1,SRM-USDT
2021-07-04 08:00:00,1625356800000,3.3970000000,3.4030000000,3.3170000000,3.3190000000,67649.8905820000,227445.6806295920,227445.6806295920,1,SRM-USDT
2021-07-04 09:00:00,1625360400000,3.3180000000,3.3210000000,3.2690000000,3.2690000000,62685.7602650000,206383.6538862180,206383.6538862180,1,SRM-USDT
2021-07-04 10:00:00,1625364000000,3.2640000000,3.2840000000,3.2210000000,3.2810000000,148311.1575850000,481440.6376832310,481440.6376832310,1,SRM-USDT
2021-07-04 11:00:00,1625367600000,3.2800000000,3.3040000000,3.2760000000,3.2860000000,46390.4938800000,152685.6432000480,152685.6432000480,1,SRM-USDT
2021-07-04 12:00:00,1625371200000,3.2840000000,3.3180000000,3.2810000000,3.3160000000,26542.5567590000,87629.3695997520,87629.3695997520,1,SRM-USDT
2021-07-04 13:00:00,1625374800000,3.3160000000,3.3720000000,3.3130000000,3.3640000000,51454.5950940000,171760.7169392240,171760.7169392240,1,SRM-USDT
2021-07-04 14:00:00,1625378400000,3.3660000000,3.4000000000,3.3460000000,3.3960000000,61549.1183600000,207842.2512913220,207842.2512913220,1,SRM-USDT
2021-07-04 15:00:00,1625382000000,3.3990000000,3.4660000000,3.3930000000,3.4530000000,90940.1842290000,312060.7921942250,312060.7921942250,1,SRM-USDT
2021-07-04 16:00:00,1625385600000,3.4550000000,3.4660000000,3.4100000000,3.4240000000,53711.4749040000,184184.0366547140,184184.0366547140,1,SRM-USDT
2021-07-04 17:00:00,1625389200000,3.4230000000,3.4240000000,3.3920000000,3.4130000000,41905.8619550000,142627.7027197150,142627.7027197150,1,SRM-USDT
2021-07-04 18:00:00,1625392800000,3.4130000000,3.4270000000,3.4070000000,3.4230000000,22483.6345680000,76814.9303801110,76814.9303801110,1,SRM-USDT
2021-07-04 19:00:00,1625396400000,3.4220000000,3.4580000000,3.4140000000,3.4420000000,31125.6631920000,106840.3558296100,106840.3558296100,1,SRM-USDT
2021-07-04 20:00:00,1625400000000,3.4430000000,3.4450000000,3.3680000000,3.3690000000,54956.0712580000,187412.3093422620,187412.3093422620,1,SRM-USDT
2021-07-04 21:00:00,1625403600000,3.3750000000,3.4060000000,3.3730000000,3.3850000000,32912.9150660000,111503.6047700090,111503.6047700090,1,SRM-USDT
2021-07-04 22:00:00,1625407200000,3.3860000000,3.4090000000,3.3750000000,3.4040000000,31272.7286640000,106006.2882377700,106006.2882377700,1,SRM-USDT
2021-07-04 23:00:00,1625410800000,3.4020000000,3.4550000000,3.4000000000,3.4510000000,41134.2908920000,140784.0359873020,140784.0359873020,1,SRM-USDT
2021-07-05 00:00:00,1625414400000,3.4560000000,3.4850000000,3.4290000000,3.4600000000,66324.7078240000,229644.8249659820,229644.8249659820,1,SRM-USDT
2021-07-05 01:00:00,1625418000000,3.4600000000,3.4960000000,3.4440000000,3.4950000000,44434.1356130000,154297.4603203460,154297.4603203460,1,SRM-USDT
2021-07-05 02:00:00,1625421600000,3.4950000000,3.5070000000,3.4720000000,3.5070000000,44041.1293240000,153843.4858191910,153843.4858191910,1,SRM-USDT
2021-07-05 03:00:00,1625425200000,3.5070000000,3.5150000000,3.5000000000,3.5070000000,48158.3811150000,168913.7498545660,168913.7498545660,1,SRM-USDT
2021-07-05 04:00:00,1625428800000,3.5060000000,3.5060000000,3.4750000000,3.4920000000,28805.6957040000,100543.6025786990,100543.6025786990,1,SRM-USDT
2021-07-05 05:00:00,1625432400000,3.4920000000,3.5590000000,3.4860000000,3.5540000000,46310.2734690000,163547.7682290770,163547.7682290770,1,SRM-USDT
2021-07-05 06:00:00,1625436000000,3.5550000000,3.5620000000,3.4360000000,3.4380000000,101994.5801050000,357481.3871001530,357481.3871001530,1,SRM-USDT
2021-07-05 07:00:00,1625439600000,3.4330000000,3.4860000000,3.4150000000,3.4610000000,60773.8862990000,209773.6971641340,209773.6971641340,1,SRM-USDT
2021-07-05 08:00:00,1625443200000,3.4600000000,3.4600000000,3.4070000000,3.4100000000,78551.4045480000,269646.3239768870,269646.3239768870,1,SRM-USDT
2021-07-05 09:00:00,1625446800000,3.4100000000,3.4400000000,3.3420000000,3.3520000000,125170.4522710000,424290.0530548230,424290.0530548230,1,SRM-USDT
2021-07-05 10:00:00,1625450400000,3.3510000000,3.3810000000,3.3180000000,3.3380000000,73820.2399930000,247537.1883155180,247537.1883155180,1,SRM-USDT
2021-07-05 11:00:00,1625454000000,3.3320000000,3.3580000000,3.2980000000,3.3230000000,69553.8988700000,231269.6396864600,231269.6396864600,1,SRM-USDT
2021-07-05 12:00:00,1625457600000,3.3230000000,3.3450000000,3.2800000000,3.3080000000,51897.7194770000,172024.3003614960,172024.3003614960,1,SRM-USDT
2021-07-05 13:00:00,1625461200000,3.3100000000,3.3430000000,3.2920000000,3.3430000000,34851.2432700000,115652.7666935260,115652.7666935260,1,SRM-USDT
2021-07-05 14:00:00,1625464800000,3.3430000000,3.3740000000,3.3160000000,3.3610000000,77869.5796710000,260816.4696713290,260816.4696713290,1,SRM-USDT
2021-07-05 15:00:00,1625468400000,3.3590000000,3.3600000000,3.2970000000,3.3350000000,32805.7987650000,109119.6381428730,109119.6381428730,1,SRM-USDT
2021-07-05 16:00:00,1625472000000,3.3350000000,3.3440000000,3.3120000000,3.3390000000,30620.9512720000,101878.6777103270,101878.6777103270,1,SRM-USDT
2021-07-05 17:00:00,1625475600000,3.3390000000,3.3690000000,3.3390000000,3.3510000000,29187.0675670000,97822.9171592540,97822.9171592540,1,SRM-USDT
2021-07-05 18:00:00,1625479200000,3.3520000000,3.4200000000,3.3490000000,3.4030000000,149769.6206690000,509718.3337751710,509718.3337751710,1,SRM-USDT
2021-07-05 19:00:00,1625482800000,3.4030000000,3.4040000000,3.2220000000,3.2510000000,341261.6145930000,1124139.5314695470,1124139.5314695470,1,SRM-USDT
2021-07-05 20:00:00,1625486400000,3.2520000000,3.2750000000,3.2390000000,3.2390000000,93435.3207210000,303977.9727640450,303977.9727640450,1,SRM-USDT
2021-07-05 21:00:00,1625490000000,3.2390000000,3.2700000000,3.2360000000,3.2580000000,70203.6623160000,228769.1180462430,228769.1180462430,1,SRM-USDT
2021-07-05 22:00:00,1625493600000,3.2580000000,3.2810000000,3.2430000000,3.2770000000,49914.9252460000,162898.2351082470,162898.2351082470,1,SRM-USDT
2021-07-05 23:00:00,1625497200000,3.2770000000,3.2830000000,3.2270000000,3.2270000000,69241.4894260000,225252.0435351210,225252.0435351210,1,SRM-USDT
2021-07-06 00:00:00,1625500800000,3.2260000000,3.2540000000,3.2170000000,3.2410000000,41370.3683600000,134098.6030082130,134098.6030082130,1,SRM-USDT
2021-07-06 01:00:00,1625504400000,3.2450000000,3.2600000000,3.1890000000,3.2530000000,94755.0486870000,305621.3040603700,305621.3040603700,1,SRM-USDT
2021-07-06 02:00:00,1625508000000,3.2560000000,3.2930000000,3.2560000000,3.2770000000,85520.4231870000,279988.2539037940,279988.2539037940,1,SRM-USDT
2021-07-06 03:00:00,1625511600000,3.2760000000,3.3050000000,3.2760000000,3.3000000000,49551.6976830000,163249.7045174960,163249.7045174960,1,SRM-USDT
2021-07-06 04:00:00,1625515200000,3.3040000000,3.3080000000,3.2610000000,3.2840000000,44489.9045390000,146278.8512594060,146278.8512594060,1,SRM-USDT
2021-07-06 05:00:00,1625518800000,3.2830000000,3.3220000000,3.2830000000,3.3190000000,32974.1534830000,109183.5739096610,109183.5739096610,1,SRM-USDT
2021-07-06 06:00:00,1625522400000,3.3230000000,3.3300000000,3.3040000000,3.3040000000,25685.4760340000,85156.8235382760,85156.8235382760,1,SRM-USDT
2021-07-06 07:00:00,1625526000000,3.3100000000,3.3830000000,3.2940000000,3.3090000000,87488.0855730000,291896.1962645150,291896.1962645150,1,SRM-USDT
2021-07-06 08:00:00,1625529600000,3.3090000000,3.3700000000,3.3020000000,3.3570000000,79997.1636500000,267116.0391390490,267116.0391390490,1,SRM-USDT
2021-07-06 09:00:00,1625533200000,3.3570000000,3.3640000000,3.2860000000,3.2860000000,55394.9280710000,183958.2340713900,183958.2340713900,1,SRM-USDT
2021-07-06 10:00:00,1625536800000,3.2860000000,3.3110000000,3.2670000000,3.3110000000,48857.9338140000,160399.4102598460,160399.4102598460,1,SRM-USDT
2021-07-06 11:00:00,1625540400000,3.3080000000,3.3540000000,3.3050000000,3.3520000000,35904.5387370000,119429.6814521300,119429.6814521300,1,SRM-USDT
2021-07-06 12:00:00,1625544000000,3.3530000000,3.5120000000,3.3530000000,3.4860000000,175232.1486190000,605514.9734999030,605514.9734999030,1,SRM-USDT
2021-07-06 13:00:00,1625547600000,3.4860000000,3.5400000000,3.4800000000,3.5040000000,69597.8802830000,244236.1311445250,244236.1311445250,1,SRM-USDT
2021-07-06 14:00:00,1625551200000,3.5070000000,3.5190000000,3.4720000000,3.4750000000,54775.4558900000,191307.7815255210,191307.7815255210,1,SRM-USDT
2021-07-06 15:00:00,1625554800000,3.4780000000,3.5120000000,3.4770000000,3.4980000000,39183.1765940000,136868.4860301780,136868.4860301780,1,SRM-USDT
2021-07-06 16:00:00,1625558400000,3.5000000000,3.6130000000,3.4760000000,3.5820000000,126573.6568820000,448875.7364190330,448875.7364190330,1,SRM-USDT
2021-07-06 17:00:00,1625562000000,3.5830000000,3.5870000000,3.4300000000,3.4930000000,232391.7620140000,811626.0543105080,811626.0543105080,1,SRM-USDT
2021-07-06 18:00:00,1625565600000,3.4950000000,3.4950000000,3.3680000000,3.4030000000,148685.4174910000,506399.3649238300,506399.3649238300,1,SRM-USDT
2021-07-06 19:00:00,1625569200000,3.4010000000,3.4710000000,3.3690000000,3.4450000000,95412.2329090000,327119.7234185580,327119.7234185580,1,SRM-USDT
2021-07-06 20:00:00,1625572800000,3.4390000000,3.5390000000,3.4160000000,3.5340000000,144329.9221490000,502465.5533896640,502465.5533896640,1,SRM-USDT
2021-07-06 21:00:00,1625576400000,3.5350000000,3.5500000000,3.4590000000,3.4880000000,148091.4587510000,518545.7244292180,518545.7244292180,1,SRM-USDT
2021-07-06 22:00:00,1625580000000,3.4840000000,3.5180000000,3.4560000000,3.5070000000,66439.9537370000,231602.9875114860,231602.9875114860,1,SRM-USDT
2021-07-06 23:00:00,1625583600000,3.5040000000,3.5040000000,3.4530000000,3.4740000000,72106.4982710000,250524.3933667570,250524.3933667570,1,SRM-USDT
2021-07-07 00:00:00,1625587200000,3.4730000000,3.5060000000,3.4100000000,3.4660000000,127698.1617930000,440454.1086339300,440454.1086339300,1,SRM-USDT
2021-07-07 01:00:00,1625590800000,3.4680000000,3.4830000000,3.4120000000,3.4790000000,80057.8938020000,275963.4887518480,275963.4887518480,1,SRM-USDT
2021-07-07 02:00:00,1625594400000,3.4800000000,3.5760000000,3.4690000000,3.5340000000,148864.2273490000,526334.4170577429,526334.4170577429,1,SRM-USDT
2021-07-07 03:00:00,1625598000000,3.5340000000,3.6100000000,3.5230000000,3.6000000000,212212.2213210000,759649.9928916690,759649.9928916690,1,SRM-USDT
2021-07-07 04:00:00,1625601600000,3.5970000000,3.6350000000,3.5180000000,3.5410000000,260811.1156110000,932237.7632691310,932237.7632691310,1,SRM-USDT
2021-07-07 05:00:00,1625605200000,3.5400000000,3.5790000000,3.4760000000,3.5090000000,129636.4157850000,458489.5779124260,458489.5779124260,1,SRM-USDT
2021-07-07 06:00:00,1625608800000,3.5100000000,3.6830000000,3.5020000000,3.6780000000,316326.6038280000,1147548.5857246921,1147548.5857246921,1,SRM-USDT
2021-07-07 07:00:00,1625612400000,3.6750000000,3.7700000000,3.6370000000,3.7470000000,243862.1047080000,904288.1096476212,904288.1096476212,1,SRM-USDT
2021-07-07 08:00:00,1625616000000,3.7440000000,3.7450000000,3.6150000000,3.6930000000,260231.8647000000,957848.3853873000,957848.3853873000,1,SRM-USDT
2021-07-07 09:00:00,1625619600000,3.6940000000,3.7350000000,3.6640000000,3.6930000000,164146.4246990000,608018.1845926690,608018.1845926690,1,SRM-USDT
2021-07-07 10:00:00,1625623200000,3.7100000000,3.7220000000,3.6310000000,3.7170000000,153446.9636700000,563779.9170821230,563779.9170821230,1,SRM-USDT
2021-07-07 11:00:00,1625626800000,3.7210000000,3.7960000000,3.7050000000,3.7630000000,163394.8767700000,613132.2189561850,613132.2189561850,1,SRM-USDT
2021-07-07 12:00:00,1625630400000,3.7650000000,3.8640000000,3.7470000000,3.8460000000,145849.2885550000,556503.7945471130,556503.7945471130,1,SRM-USDT
2021-07-07 13:00:00,1625634000000,3.8480000000,3.8900000000,3.8410000000,3.8580000000,179320.0765650000,692641.4735139010,692641.4735139010,1,SRM-USDT
2021-07-07 14:00:00,1625637600000,3.8650000000,3.8670000000,3.8190000000,3.8450000000,128959.7063650000,495942.3383947920,495942.3383947920,1,SRM-USDT
2021-07-07 15:00:00,1625641200000,3.8460000000,3.9110000000,3.8060000000,3.8310000000,187661.2261720000,726611.3629331450,726611.3629331450,1,SRM-USDT
2021-07-07 16:00:00,1625644800000,3.8330000000,3.8850000000,3.8210000000,3.8470000000,140223.6329360000,539765.7604150600,539765.7604150600,1,SRM-USDT
2021-07-07 17:00:00,1625648400000,3.8480000000,3.8910000000,3.7820000000,3.8530000000,125689.9174560000,481975.4200585940,481975.4200585940,1,SRM-USDT
2021-07-07 18:00:00,1625652000000,3.8550000000,3.8660000000,3.7800000000,3.8110000000,82979.7985340000,316046.3026972290,316046.3026972290,1,SRM-USDT
2021-07-07 19:00:00,1625655600000,3.8100000000,3.8890000000,3.7950000000,3.8830000000,104325.7746360000,402848.0758724080,402848.0758724080,1,SRM-USDT
2021-07-07 20:00:00,1625659200000,3.8840000000,3.9160000000,3.8050000000,3.8290000000,171151.8650940000,662929.8292900100,662929.8292900100,1,SRM-USDT
2021-07-07 21:00:00,1625662800000,3.8300000000,3.8610000000,3.7970000000,3.8540000000,62652.0305140000,239855.8165947480,239855.8165947480,1,SRM-USDT
2021-07-07 22:00:00,1625666400000,3.8550000000,3.8660000000,3.7410000000,3.7530000000,129992.4427210000,494875.2258767240,494875.2258767240,1,SRM-USDT
2021-07-07 23:00:00,1625670000000,3.7520000000,3.7710000000,3.7040000000,3.7270000000,109275.2814890000,408404.7316216610,408404.7316216610,1,SRM-USDT
2021-07-08 00:00:00,1625673600000,3.7270000000,3.7530000000,3.6940000000,3.7360000000,70502.6195540000,262880.0704859910,262880.0704859910,1,SRM-USDT
2021-07-08 01:00:00,1625677200000,3.7310000000,3.7770000000,3.7100000000,3.7640000000,65856.1265740000,246618.0246640240,246618.0246640240,1,SRM-USDT
2021-07-08 02:00:00,1625680800000,3.7610000000,3.7940000000,3.7460000000,3.7920000000,54254.8409620000,205017.0751109050,205017.0751109050,1,SRM-USDT
2021-07-08 03:00:00,1625684400000,3.7930000000,3.8000000000,3.7570000000,3.7910000000,28034.3059750000,105941.2918655380,105941.2918655380,1,SRM-USDT
2021-07-08 04:00:00,1625688000000,3.7870000000,3.7900000000,3.7440000000,3.7790000000,58579.3568530000,220873.0234769710,220873.0234769710,1,SRM-USDT
2021-07-08 05:00:00,1625691600000,3.7660000000,3.7660000000,3.6740000000,3.7080000000,124181.5905370000,461564.9578166090,461564.9578166090,1,SRM-USDT
2021-07-08 06:00:00,1625695200000,3.7060000000,3.7160000000,3.5690000000,3.6030000000,269139.8018130000,978662.2496565790,978662.2496565790,1,SRM-USDT
2021-07-08 07:00:00,1625698800000,3.6030000000,3.6100000000,3.5490000000,3.5940000000,223264.5018890000,799516.1385517870,799516.1385517870,1,SRM-USDT
2021-07-08 08:00:00,1625702400000,3.5960000000,3.6050000000,3.4660000000,3.4800000000,180298.4522190000,636002.3155422790,636002.3155422790,1,SRM-USDT
2021-07-08 09:00:00,1625706000000,3.4760000000,3.5340000000,3.4740000000,3.5110000000,79421.9103950000,279193.4167133890,279193.4167133890,1,SRM-USDT
2021-07-08 10:00:00,1625709600000,3.5050000000,3.6070000000,3.4930000000,3.5510000000,103281.1632680000,367431.3948963400,367431.3948963400,1,SRM-USDT
2021-07-08 11:00:00,1625713200000,3.5500000000,3.5500000000,3.4570000000,3.4980000000,119778.1411820000,419549.5173172570,419549.5173172570,1,SRM-USDT
2021-07-08 12:00:00,1625716800000,3.4970000000,3.4970000000,3.4280000000,3.4680000000,74818.3473490000,259001.6688533260,259001.6688533260,1,SRM-USDT
2021-07-08 13:00:00,1625720400000,3.4660000000,3.4880000000,3.4000000000,3.4010000000,76898.5953830000,264437.4134999480,264437.4134999480,1,SRM-USDT
2021-07-08 14:00:00,1625724000000,3.4010000000,3.4860000000,3.3850000000,3.3940000000,131811.1643800000,450911.6101219210,450911.6101219210,1,SRM-USDT
2021-07-08 15:00:00,1625727600000,3.3940000000,3.4230000000,3.2950000000,3.3430000000,179350.3317500000,601804.1549657671,601804.1549657671,1,SRM-USDT
2021-07-08 16:00:00,1625731200000,3.3400000000,3.3560000000,3.2950000000,3.3510000000,81386.9988920000,271133.4285593360,271133.4285593360,1,SRM-USDT
2021-07-08 17:00:00,1625734800000,3.3520000000,3.3670000000,3.3080000000,3.3450000000,86431.9771250000,289146.4626736690,289146.4626736690,1,SRM-USDT
2021-07-08 18:00:00,1625738400000,3.3430000000,3.3810000000,3.3160000000,3.3160000000,65138.2698580000,218274.9121392500,218274.9121392500,1,SRM-USDT
2021-07-08 19:00:00,1625742000000,3.3120000000,3.3570000000,3.2600000000,3.3530000000,123389.3601970000,408064.6497898060,408064.6497898060,1,SRM-USDT
2021-07-08 20:00:00,1625745600000,3.3460000000,3.3780000000,3.3170000000,3.3390000000,90483.5270070000,302335.8049548850,302335.8049548850,1,SRM-USDT
2021-07-08 21:00:00,1625749200000,3.3400000000,3.3400000000,3.2730000000,3.2760000000,68096.8813720000,224886.4387396330,224886.4387396330,1,SRM-USDT
2021-07-08 22:00:00,1625752800000,3.2790000000,3.3150000000,3.2790000000,3.3100000000,60094.7478370000,198236.3061469080,198236.3061469080,1,SRM-USDT
2021-07-08 23:00:00,1625756400000,3.3070000000,3.3210000000,3.2870000000,3.3180000000,49964.2922570000,165085.7070054790,165085.7070054790,1,SRM-USDT
2021-07-09 00:00:00,1625760000000,3.3180000000,3.3310000000,3.2720000000,3.2970000000,72922.2809340000,240381.1948514490,240381.1948514490,1,SRM-USDT
2021-07-09 01:00:00,1625763600000,3.2980000000,3.3240000000,3.2850000000,3.2860000000,44023.6499280000,145236.8821257900,145236.8821257900,1,SRM-USDT
2021-07-09 02:00:00,1625767200000,3.2900000000,3.2970000000,3.2500000000,3.2770000000,101361.4898620000,331074.2985825060,331074.2985825060,1,SRM-USDT
2021-07-09 03:00:00,1625770800000,3.2760000000,3.3270000000,3.2500000000,3.2850000000,114547.6121520000,376386.4639969640,376386.4639969640,1,SRM-USDT
2021-07-09 04:00:00,1625774400000,3.2850000000,3.2850000000,3.2000000000,3.2100000000,133883.0236570000,433072.5183490390,433072.5183490390,1,SRM-USDT
2021-07-09 05:00:00,1625778000000,3.2090000000,3.2410000000,3.1650000000,3.1660000000,90180.2707470000,288992.4485785550,288992.4485785550,1,SRM-USDT
2021-07-09 06:00:00,1625781600000,3.1640000000,3.1830000000,3.1260000000,3.1430000000,90761.6512610000,286066.8320784520,286066.8320784520,1,SRM-USDT
2021-07-09 07:00:00,1625785200000,3.1430000000,3.2120000000,3.1430000000,3.1900000000,66769.4918980000,212808.3144430290,212808.3144430290,1,SRM-USDT
2021-07-09 08:00:00,1625788800000,3.1940000000,3.2000000000,3.0920000000,3.1020000000,160084.3155030000,500766.7951355760,500766.7951355760,1,SRM-USDT
2021-07-09 09:00:00,1625792400000,3.1020000000,3.1180000000,3.0550000000,3.0940000000,65642.6855410000,202709.9009942710,202709.9009942710,1,SRM-USDT
2021-07-09 10:00:00,1625796000000,3.1010000000,3.1390000000,3.0540000000,3.1320000000,76603.0735590000,236793.4869897550,236793.4869897550,1,SRM-USDT
2021-07-09 11:00:00,1625799600000,3.1310000000,3.1840000000,3.1230000000,3.1660000000,71077.9299490000,224454.3341710210,224454.3341710210,1,SRM-USDT
2021-07-09 12:00:00,1625803200000,3.1680000000,3.1850000000,3.1560000000,3.1770000000,33000.6444370000,104659.1902113710,104659.1902113710,1,SRM-USDT
2021-07-09 13:00:00,1625806800000,3.1800000000,3.2030000000,3.1740000000,3.1740000000,40063.0126360000,127760.4567377810,127760.4567377810,1,SRM-USDT
2021-07-09 14:00:00,1625810400000,3.1710000000,3.1840000000,3.1360000000,3.1520000000,43129.0734140000,136206.6656356930,136206.6656356930,1,SRM-USDT
2021-07-09 15:00:00,1625814000000,3.1500000000,3.1720000000,3.1180000000,3.1360000000,38632.6476550000,121631.9845396760,121631.9845396760,1,SRM-USDT
2021-07-09 16:00:00,1625817600000,3.1360000000,3.1370000000,3.0780000000,3.0780000000,104515.6978090000,324382.1771841710,324382.1771841710,1,SRM-USDT
2021-07-09 17:00:00,1625821200000,3.0780000000,3.1260000000,3.0750000000,3.1130000000,56165.2841920000,173904.3814348590,173904.3814348590,1,SRM-USDT
2021-07-09 18:00:00,1625824800000,3.1110000000,3.1350000000,3.0910000000,3.1150000000,45022.6970000000,140229.1100673060,140229.1100673060,1,SRM-USDT
2021-07-09 19:00:00,1625828400000,3.1130000000,3.1130000000,3.0580000000,3.0710000000,49489.2630130000,152250.4200092090,152250.4200092090,1,SRM-USDT
2021-07-09 20:00:00,1625832000000,3.0720000000,3.1500000000,3.0490000000,3.1500000000,61014.6972890000,188606.3829063320,188606.3829063320,1,SRM-USDT
2021-07-09 21:00:00,1625835600000,3.1480000000,3.1940000000,3.1390000000,3.1770000000,114946.7943860000,364713.1340817130,364713.1340817130,1,SRM-USDT
2021-07-09 22:00:00,1625839200000,3.1790000000,3.2290000000,3.1610000000,3.2210000000,99781.3737930000,319628.8414893540,319628.8414893540,1,SRM-USDT
2021-07-09 23:00:00,1625842800000,3.2220000000,3.2420000000,3.2010000000,3.2290000000,93925.5592030000,302791.8653036830,302791.8653036830,1,SRM-USDT
2021-07-10 00:00:00,1625846400000,3.2310000000,3.2490000000,3.1890000000,3.1950000000,71958.5835110000,231336.7638789200,231336.7638789200,1,SRM-USDT
2021-07-10 01:00:00,1625850000000,3.1940000000,3.2050000000,3.1680000000,3.1700000000,48516.8796630000,154497.9869577430,154497.9869577430,1,SRM-USDT
2021-07-10 02:00:00,1625853600000,3.1710000000,3.1750000000,3.1270000000,3.1310000000,55386.2627340000,174582.2766269850,174582.2766269850,1,SRM-USDT
2021-07-10 03:00:00,1625857200000,3.1310000000,3.1490000000,3.1150000000,3.1460000000,26778.4404060000,83928.9956873300,83928.9956873300,1,SRM-USDT
2021-07-10 04:00:00,1625860800000,3.1480000000,3.1680000000,3.1350000000,3.1580000000,26601.8988190000,83903.4631109910,83903.4631109910,1,SRM-USDT
2021-07-10 05:00:00,1625864400000,3.1550000000,3.2020000000,3.1450000000,3.1830000000,49953.0468450000,158748.3374553020,158748.3374553020,1,SRM-USDT
2021-07-10 06:00:00,1625868000000,3.1850000000,3.2180000000,3.1850000000,3.2180000000,70927.3020760000,226742.0494624600,226742.0494624600,1,SRM-USDT
2021-07-10 07:00:00,1625871600000,3.2180000000,3.2220000000,3.1910000000,3.1950000000,70431.7180820000,225793.8420602800,225793.8420602800,1,SRM-USDT
2021-07-10 08:00:00,1625875200000,3.1960000000,3.2530000000,3.1920000000,3.2140000000,79967.9086140000,258162.0890934000,258162.0890934000,1,SRM-USDT
2021-07-10 09:00:00,1625878800000,3.2140000000,3.2250000000,3.1720000000,3.1720000000,47116.4779180000,150669.6685038070,150669.6685038070,1,SRM-USDT
2021-07-10 10:00:00,1625882400000,3.1710000000,3.1710000000,3.1300000000,3.1580000000,84953.8263770000,267794.2523698910,267794.2523698910,1,SRM-USDT
2021-07-10 11:00:00,1625886000000,3.1570000000,3.1720000000,3.1210000000,3.1350000000,35599.9107910000,111981.5698563280,111981.5698563280,1,SRM-USDT
2021-07-10 12:00:00,1625889600000,3.1340000000,3.1490000000,3.1080000000,3.1150000000,67886.2864940000,212405.0352751320,212405.0352751320,1,SRM-USDT
2021-07-10 13:00:00,1625893200000,3.1160000000,3.1390000000,3.0910000000,3.1290000000,64979.6723390000,202689.4084298460,202689.4084298460,1,SRM-USDT
2021-07-10 14:00:00,1625896800000,3.1240000000,3.1490000000,3.1090000000,3.1420000000,54017.7115390000,169018.4227061680,169018.4227061680,1,SRM-USDT
2021-07-10 15:00:00,1625900400000,3.1440000000,3.1450000000,3.1060000000,3.1330000000,27555.0243180000,86128.9946761760,86128.9946761760,1,SRM-USDT
2021-07-10 16:00:00,1625904000000,3.1320000000,3.1520000000,3.1130000000,3.1330000000,62281.5704800000,194975.3915877190,194975.3915877190,1,SRM-USDT
2021-07-10 17:00:00,1625907600000,3.1300000000,3.1640000000,3.1270000000,3.1300000000,40371.1950330000,127040.0842883820,127040.0842883820,1,SRM-USDT
2021-07-10 18:00:00,1625911200000,3.1300000000,3.1550000000,3.1030000000,3.1050000000,53310.2229970000,166842.8905554900,166842.8905554900,1,SRM-USDT
2021-07-10 19:00:00,1625914800000,3.1040000000,3.1450000000,3.0980000000,3.1250000000,33131.0287750000,103420.0009270670,103420.0009270670,1,SRM-USDT
2021-07-10 20:00:00,1625918400000,3.1240000000,3.1430000000,3.1100000000,3.1250000000,38370.9881090000,119860.5824346140,119860.5824346140,1,SRM-USDT
2021-07-10 21:00:00,1625922000000,3.1240000000,3.1490000000,3.0990000000,3.1080000000,45499.2167530000,141915.6397448940,141915.6397448940,1,SRM-USDT
2021-07-10 22:00:00,1625925600000,3.1090000000,3.1250000000,3.0970000000,3.1160000000,33757.4396610000,105108.9013438350,105108.9013438350,1,SRM-USDT
2021-07-10 23:00:00,1625929200000,3.1180000000,3.1440000000,3.1140000000,3.1310000000,30655.7775620000,95971.7526572650,95971.7526572650,1,SRM-USDT
2021-07-11 00:00:00,1625932800000,3.1270000000,3.1810000000,3.1240000000,3.1670000000,55037.8699020000,173904.2634848740,173904.2634848740,1,SRM-USDT
2021-07-11 01:00:00,1625936400000,3.1650000000,3.1650000000,3.0630000000,3.0800000000,94084.6823090000,291919.7906971460,291919.7906971460,1,SRM-USDT
2021-07-11 02:00:00,1625940000000,3.0760000000,3.1010000000,3.0710000000,3.0980000000,26498.7894700000,81757.6249759820,81757.6249759820,1,SRM-USDT
2021-07-11 03:00:00,1625943600000,3.0970000000,3.1090000000,3.0760000000,3.0830000000,41508.1023300000,128279.1415780720,128279.1415780720,1,SRM-USDT
2021-07-11 04:00:00,1625947200000,3.0830000000,3.0970000000,3.0590000000,3.0930000000,63850.0086540000,196758.6389748820,196758.6389748820,1,SRM-USDT
2021-07-11 05:00:00,1625950800000,3.0940000000,3.1180000000,3.0840000000,3.1080000000,40456.5077860000,125329.6799373370,125329.6799373370,1,SRM-USDT
2021-07-11 06:00:00,1625954400000,3.1090000000,3.1500000000,3.1090000000,3.1420000000,41151.7348920000,128693.6435432880,128693.6435432880,1,SRM-USDT
2021-07-11 07:00:00,1625958000000,3.1460000000,3.1550000000,3.1330000000,3.1350000000,40630.0818860000,127769.1192731700,127769.1192731700,1,SRM-USDT
2021-07-11 08:00:00,1625961600000,3.1360000000,3.1590000000,3.1080000000,3.1330000000,37080.8928550000,116169.5166289920,116169.5166289920,1,SRM-USDT
2021-07-11 09:00:00,1625965200000,3.1290000000,3.1530000000,3.1070000000,3.1420000000,64440.2638020000,201504.0956967980,201504.0956967980,1,SRM-USDT
2021-07-11 10:00:00,1625968800000,3.1420000000,3.1670000000,3.0960000000,3.0980000000,65533.1394580000,205262.4023310490,205262.4023310490,1,SRM-USDT
2021-07-11 11:00:00,1625972400000,3.0980000000,3.1080000000,3.0770000000,3.0850000000,32282.0620230000,99859.8169120210,99859.8169120210,1,SRM-USDT
2021-07-11 12:00:00,1625976000000,3.0850000000,3.0970000000,3.0600000000,3.0910000000,38688.9635720000,119170.8176893950,119170.8176893950,1,SRM-USDT
2021-07-11 13:00:00,1625979600000,3.0920000000,3.1220000000,3.0860000000,3.1170000000,29629.9512610000,91982.1110590990,91982.1110590990,1,SRM-USDT
2021-07-11 14:00:00,1625983200000,3.1180000000,3.1380000000,3.0860000000,3.0980000000,74495.6875090000,231511.5814612810,231511.5814612810,1,SRM-USDT
2021-07-11 15:00:00,1625986800000,3.0940000000,3.1330000000,3.0870000000,3.1290000000,35587.3304300000,110659.0990830570,110659.0990830570,1,SRM-USDT
2021-07-11 16:00:00,1625990400000,3.1320000000,3.1580000000,3.1050000000,3.1520000000,48124.5614010000,150967.3381524910,150967.3381524910,1,SRM-USDT
2021-07-11 17:00:00,1625994000000,3.1560000000,3.1650000000,3.1360000000,3.1410000000,32080.9933910000,101071.1606345710,101071.1606345710,1,SRM-USDT
2021-07-11 18:00:00,1625997600000,3.1430000000,3.1920000000,3.1430000000,3.1790000000,77245.9953980000,245224.0507440170,245224.0507440170,1,SRM-USDT
2021-07-11 19:00:00,1626001200000,3.1850000000,3.2010000000,3.1590000000,3.1730000000,39130.0346140000,124453.9712624410,124453.9712624410,1,SRM-USDT
2021-07-11 20:00:00,1626004800000,3.1740000000,3.1800000000,3.1490000000,3.1660000000,36461.2390790000,115423.8667167060,115423.8667167060,1,SRM-USDT
2021-07-11 21:00:00,1626008400000,3.1690000000,3.1930000000,3.1520000000,3.1880000000,25537.1869060000,81004.3810990170,81004.3810990170,1,SRM-USDT
2021-07-11 22:00:00,1626012000000,3.1910000000,3.2260000000,3.1730000000,3.2180000000,69796.7462180000,223290.8713758960,223290.8713758960,1,SRM-USDT
2021-07-11 23:00:00,1626015600000,3.2190000000,3.2300000000,3.2040000000,3.2230000000,71404.1719480000,229748.1338405440,229748.1338405440,1,SRM-USDT
2021-07-12 00:00:00,1626019200000,3.2250000000,3.2310000000,3.1880000000,3.2110000000,63608.7706390000,204293.3907214650,204293.3907214650,1,SRM-USDT
2021-07-12 01:00:00,1626022800000,3.2140000000,3.2140000000,3.1860000000,3.1870000000,35200.0913570000,112512.1648877800,112512.1648877800,1,SRM-USDT
2021-07-12 02:00:00,1626026400000,3.1900000000,3.2000000000,3.1800000000,3.1840000000,39523.4348220000,126003.0160335630,126003.0160335630,1,SRM-USDT
2021-07-12 03:00:00,1626030000000,3.1880000000,3.1910000000,3.1670000000,3.1790000000,25409.1840560000,80735.5160774560,80735.5160774560,1,SRM-USDT
2021-07-12 04:00:00,1626033600000,3.1790000000,3.1930000000,3.1680000000,3.1680000000,47185.4108070000,149933.7816132650,149933.7816132650,1,SRM-USDT
2021-07-12 05:00:00,1626037200000,3.1690000000,3.2520000000,3.1560000000,3.2280000000,96635.9223940000,310754.9481584980,310754.9481584980,1,SRM-USDT
2021-07-12 06:00:00,1626040800000,3.2280000000,3.2460000000,3.1960000000,3.2000000000,56758.6124310000,182841.7268436420,182841.7268436420,1,SRM-USDT
2021-07-12 07:00:00,1626044400000,3.2010000000,3.2060000000,3.1700000000,3.2060000000,60544.9881090000,193079.1597917050,193079.1597917050,1,SRM-USDT
2021-07-12 08:00:00,1626048000000,3.2100000000,3.2530000000,3.1600000000,3.2190000000,125234.8345640000,402500.5492277710,402500.5492277710,1,SRM-USDT
2021-07-12 09:00:00,1626051600000,3.2190000000,3.2600000000,3.1930000000,3.2550000000,78515.9336730000,253753.7192351590,253753.7192351590,1,SRM-USDT
2021-07-12 10:00:00,1626055200000,3.2520000000,3.2790000000,3.2450000000,3.2760000000,40335.8369780000,131530.5263538390,131530.5263538390,1,SRM-USDT
2021-07-12 11:00:00,1626058800000,3.2780000000,3.3090000000,3.2750000000,3.2980000000,40660.7380290000,133945.5143630900,133945.5143630900,1,SRM-USDT
2021-07-12 12:00:00,1626062400000,3.2990000000,3.3150000000,3.2620000000,3.2650000000,60335.9701920000,199011.4624434910,199011.4624434910,1,SRM-USDT
2021-07-12 13:00:00,1626066000000,3.2720000000,3.2950000000,3.2460000000,3.2950000000,49004.6822320000,160177.0613224450,160177.0613224450,1,SRM-USDT
2021-07-12 14:00:00,1626069600000,3.2940000000,3.3140000000,3.2700000000,3.3070000000,27272.0986630000,89756.7343194960,89756.7343194960,1,SRM-USDT
2021-07-12 15:00:00,1626073200000,3.3070000000,3.3160000000,3.2700000000,3.2700000000,37313.8218280000,123105.7238626510,123105.7238626510,1,SRM-USDT
2021-07-12 16:00:00,1626076800000,3.2700000000,3.2910000000,3.2610000000,3.2740000000,42713.8463430000,140080.4889008190,140080.4889008190,1,SRM-USDT
2021-07-12 17:00:00,1626080400000,3.2700000000,3.3050000000,3.2640000000,3.2910000000,65888.1704810000,216469.7960023460,216469.7960023460,1,SRM-USDT
2021-07-12 18:00:00,1626084000000,3.2840000000,3.2840000000,3.2080000000,3.2250000000,117518.8434050000,380187.8267844980,380187.8267844980,1,SRM-USDT
2021-07-12 19:00:00,1626087600000,3.2210000000,3.2330000000,3.1940000000,3.1940000000,54466.9110960000,174855.4484488160,174855.4484488160,1,SRM-USDT
2021-07-12 20:00:00,1626091200000,3.1940000000,3.2530000000,3.1880000000,3.2460000000,86611.7278170000,279347.1129138890,279347.1129138890,1,SRM-USDT
2021-07-12 21:00:00,1626094800000,3.2410000000,3.2810000000,3.2290000000,3.2680000000,68355.6102570000,221958.7303811880,221958.7303811880,1,SRM-USDT
2021-07-12 22:00:00,1626098400000,3.2660000000,3.2660000000,3.2390000000,3.2460000000,56761.7032890000,184622.5222904470,184622.5222904470,1,SRM-USDT
2021-07-12 23:00:00,1626102000000,3.2450000000,3.2710000000,3.2300000000,3.2370000000,67318.2246270000,218858.6543488200,218858.6543488200,1,SRM-USDT
2021-07-13 00:00:00,1626105600000,3.2330000000,3.2540000000,3.1740000000,3.1860000000,88346.5868750000,283274.2846404300,283274.2846404300,1,SRM-USDT
2021-07-13 01:00:00,1626109200000,3.1850000000,3.2000000000,3.1610000000,3.1640000000,51418.4424600000,163399.6456243130,163399.6456243130,1,SRM-USDT
2021-07-13 02:00:00,1626112800000,3.1640000000,3.1830000000,3.1270000000,3.1460000000,50061.5030570000,158528.0808482080,158528.0808482080,1,SRM-USDT
2021-07-13 03:00:00,1626116400000,3.1400000000,3.1860000000,3.1040000000,3.1170000000,114634.5776280000,359282.2762494790,359282.2762494790,1,SRM-USDT
2021-07-13 04:00:00,1626120000000,3.1160000000,3.1410000000,3.0960000000,3.1340000000,62152.4906010000,193891.0002245300,193891.0002245300,1,SRM-USDT
2021-07-13 05:00:00,1626123600000,3.1330000000,3.1410000000,3.1250000000,3.1290000000,27322.8875180000,85573.5683840070,85573.5683840070,1,SRM-USDT
2021-07-13 06:00:00,1626127200000,3.1300000000,3.1680000000,3.1240000000,3.1660000000,37697.8031910000,118775.4414035040,118775.4414035040,1,SRM-USDT
2021-07-13 07:00:00,1626130800000,3.1660000000,3.2160000000,3.1620000000,3.2090000000,83195.0163230000,264986.0949194610,264986.0949194610,1,SRM-USDT
2021-07-13 08:00:00,1626134400000,3.2050000000,3.2180000000,3.1560000000,3.1920000000,73687.0622950000,234903.3982683450,234903.3982683450,1,SRM-USDT
2021-07-13 09:00:00,1626138000000,3.1870000000,3.2140000000,3.1710000000,3.2100000000,32285.5959360000,102984.5620885030,102984.5620885030,1,SRM-USDT
2021-07-13 10:00:00,1626141600000,3.2070000000,3.2270000000,3.1950000000,3.2000000000,41249.3495660000,132375.4930194170,132375.4930194170,1,SRM-USDT
2021-07-13 11:00:00,1626145200000,3.2010000000,3.2270000000,3.1940000000,3.1940000000,41451.7546540000,133121.7245240590,133121.7245240590,1,SRM-USDT
2021-07-13 12:00:00,1626148800000,3.1950000000,3.2090000000,3.1830000000,3.1870000000,43407.2236390000,138731.4478861230,138731.4478861230,1,SRM-USDT
2021-07-13 13:00:00,1626152400000,3.1890000000,3.1940000000,3.0860000000,3.0860000000,87764.0842510000,274244.9800260710,274244.9800260710,1,SRM-USDT
2021-07-13 14:00:00,1626156000000,3.0910000000,3.1410000000,3.0910000000,3.1190000000,36999.7375510000,115415.8423438260,115415.8423438260,1,SRM-USDT
2021-07-13 15:00:00,1626159600000,3.1240000000,3.1740000000,3.1240000000,3.1600000000,47153.2835010000,148901.4789730410,148901.4789730410,1,SRM-USDT
2021-07-13 16:00:00,1626163200000,3.1690000000,3.1840000000,3.1570000000,3.1840000000,25808.2491040000,81856.4402946900,81856.4402946900,1,SRM-USDT
2021-07-13 17:00:00,1626166800000,3.1840000000,3.1970000000,3.1580000000,3.1970000000,37771.3372300000,120001.5361241000,120001.5361241000,1,SRM-USDT
2021-07-13 18:00:00,1626170400000,3.1960000000,3.2070000000,3.1560000000,3.1680000000,35461.2179800000,112893.6738114080,112893.6738114080,1,SRM-USDT
2021-07-13 19:00:00,1626174000000,3.1710000000,3.1780000000,3.1300000000,3.1440000000,45726.3504630000,144001.9222177690,144001.9222177690,1,SRM-USDT
2021-07-13 20:00:00,1626177600000,3.1400000000,3.1400000000,3.0670000000,3.0760000000,106311.1882470000,329602.9465512580,329602.9465512580,1,SRM-USDT
2021-07-13 21:00:00,1626181200000,3.0690000000,3.1060000000,3.0640000000,3.0880000000,50445.6981960000,155826.6256991970,155826.6256991970,1,SRM-USDT
2021-07-13 22:00:00,1626184800000,3.0860000000,3.0950000000,3.0670000000,3.0870000000,44369.5077550000,136637.0890830050,136637.0890830050,1,SRM-USDT
2021-07-13 23:00:00,1626188400000,3.0920000000,3.1270000000,3.0830000000,3.1100000000,32706.6691850000,101702.3000544060,101702.3000544060,1,SRM-USDT
2021-07-14 00:00:00,1626192000000,3.1100000000,3.1220000000,3.0930000000,3.1110000000,47847.5596130000,148553.1727690480,148553.1727690480,1,SRM-USDT
2021-07-14 01:00:00,1626195600000,3.1110000000,3.1260000000,3.0990000000,3.1060000000,24418.5845070000,75938.8252663010,75938.8252663010,1,SRM-USDT
2021-07-14 02:00:00,1626199200000,3.1020000000,3.1020000000,3.0600000000,3.0600000000,39878.0315620000,122812.3476668710,122812.3476668710,1,SRM-USDT
2021-07-14 03:00:00,1626202800000,3.0600000000,3.0660000000,2.9900000000,3.0000000000,132489.6749680000,399989.6313542970,399989.6313542970,1,SRM-USDT
2021-07-14 04:00:00,1626206400000,2.9970000000,3.0080000000,2.9700000000,3.0060000000,79021.1543060000,236040.8175712490,236040.8175712490,1,SRM-USDT
2021-07-14 05:00:00,1626210000000,3.0030000000,3.0350000000,3.0010000000,3.0340000000,51420.8978370000,155194.5540217830,155194.5540217830,1,SRM-USDT
2021-07-14 06:00:00,1626213600000,3.0340000000,3.0580000000,3.0110000000,3.0400000000,48516.4106690000,147378.9624592720,147378.9624592720,1,SRM-USDT
2021-07-14 07:00:00,1626217200000,3.0380000000,3.0780000000,3.0290000000,3.0670000000,74248.3768410000,227130.6824656540,227130.6824656540,1,SRM-USDT
2021-07-14 08:00:00,1626220800000,3.0660000000,3.0670000000,2.9500000000,2.9610000000,102109.9240650000,306087.3125303270,306087.3125303270,1,SRM-USDT
2021-07-14 09:00:00,1626224400000,2.9560000000,2.9900000000,2.9500000000,2.9680000000,74254.4580760000,220069.3438835790,220069.3438835790,1,SRM-USDT
2021-07-14 10:00:00,1626228000000,2.9680000000,2.9890000000,2.9610000000,2.9830000000,31243.0885270000,92990.4321955800,92990.4321955800,1,SRM-USDT
2021-07-14 11:00:00,1626231600000,2.9890000000,2.9890000000,2.8920000000,2.9010000000,133662.7865600000,391249.5529412990,391249.5529412990,1,SRM-USDT
2021-07-14 12:00:00,1626235200000,2.9010000000,2.9390000000,2.8960000000,2.9210000000,54633.9830020000,159379.6713135210,159379.6713135210,1,SRM-USDT
2021-07-14 13:00:00,1626238800000,2.9240000000,2.9240000000,2.8620000000,2.8680000000,83693.3555510000,241601.8593425330,241601.8593425330,1,SRM-USDT
2021-07-14 14:00:00,1626242400000,2.8690000000,2.8830000000,2.8460000000,2.8500000000,63440.6316370000,181471.1738765840,181471.1738765840,1,SRM-USDT
2021-07-14 15:00:00,1626246000000,2.8500000000,2.8890000000,2.8500000000,2.8830000000,41928.8507750000,120423.8199880290,120423.8199880290,1,SRM-USDT
2021-07-14 16:00:00,1626249600000,2.8830000000,2.8840000000,2.8390000000,2.8410000000,45034.9417680000,128886.3438005590,128886.3438005590,1,SRM-USDT
2021-07-14 17:00:00,1626253200000,2.8370000000,2.9660000000,2.8280000000,2.9390000000,122381.1222710000,357319.6556708430,357319.6556708430,1,SRM-USDT
2021-07-14 18:00:00,1626256800000,2.9420000000,2.9820000000,2.9310000000,2.9500000000,57836.2724640000,170967.0265519610,170967.0265519610,1,SRM-USDT
2021-07-14 19:00:00,1626260400000,2.9540000000,2.9630000000,2.9410000000,2.9520000000,41499.2988700000,122516.2784815440,122516.2784815440,1,SRM-USDT
2021-07-14 20:00:00,1626264000000,2.9590000000,2.9680000000,2.9400000000,2.9400000000,40040.5175920000,118188.0193502990,118188.0193502990,1,SRM-USDT
2021-07-14 21:00:00,1626267600000,2.9440000000,3.0250000000,2.9440000000,3.0180000000,111358.8242040000,333767.2906222330,333767.2906222330,1,SRM-USDT
2021-07-14 22:00:00,1626271200000,3.0200000000,3.0350000000,3.0140000000,3.0340000000,71040.0094200000,214845.9379783720,214845.9379783720,1,SRM-USDT
2021-07-14 23:00:00,1626274800000,3.0340000000,3.0340000000,2.9940000000,3.0020000000,33406.7145960000,100780.3447823750,100780.3447823750,1,SRM-USDT
2021-07-15 00:00:00,1626278400000,3.0030000000,3.0140000000,2.9800000000,2.9880000000,66971.9579820000,200643.3135067060,200643.3135067060,1,SRM-USDT
2021-07-15 01:00:00,1626282000000,2.9910000000,2.9940000000,2.9730000000,2.9840000000,31774.1802560000,94741.9351594440,94741.9351594440,1,SRM-USDT
2021-07-15 02:00:00,1626285600000,2.9860000000,3.0060000000,2.9620000000,2.9710000000,62265.4666590000,185636.1142330940,185636.1142330940,1,SRM-USDT
2021-07-15 03:00:00,1626289200000,2.9700000000,2.9730000000,2.9410000000,2.9490000000,48491.1760060000,143601.1345954430,143601.1345954430,1,SRM-USDT
2021-07-15 04:00:00,1626292800000,2.9470000000,2.9600000000,2.9440000000,2.9500000000,38749.3372870000,114422.5502539920,114422.5502539920,1,SRM-USDT
2021-07-15 05:00:00,1626296400000,2.9500000000,2.9770000000,2.9500000000,2.9680000000,70983.8561930000,210437.7284095600,210437.7284095600,1,SRM-USDT
2021-07-15 06:00:00,1626300000000,2.9690000000,2.9980000000,2.9570000000,2.9880000000,41757.0020480000,124464.3514688190,124464.3514688190,1,SRM-USDT
2021-07-15 07:00:00,1626303600000,2.9860000000,3.0020000000,2.9600000000,3.0010000000,68690.6385290000,204745.0139212890,204745.0139212890,1,SRM-USDT
2021-07-15 08:00:00,1626307200000,3.0010000000,3.0080000000,2.9390000000,3.0020000000,66552.8749750000,198111.1910905560,198111.1910905560,1,SRM-USDT
2021-07-15 09:00:00,1626310800000,3.0050000000,3.0420000000,2.9860000000,2.9910000000,73432.0595330000,221688.8829355380,221688.8829355380,1,SRM-USDT
2021-07-15 10:00:00,1626314400000,2.9930000000,3.0140000000,2.9830000000,2.9850000000,36665.8279190000,109901.7086313200,109901.7086313200,1,SRM-USDT
2021-07-15 11:00:00,1626318000000,2.9810000000,2.9860000000,2.9600000000,2.9680000000,42184.1643440000,125596.0948406380,125596.0948406380,1,SRM-USDT
2021-07-15 12:00:00,1626321600000,2.9670000000,2.9760000000,2.9410000000,2.9550000000,58187.9288680000,171938.5073648090,171938.5073648090,1,SRM-USDT
2021-07-15 13:00:00,1626325200000,2.9550000000,2.9550000000,2.9180000000,2.9340000000,48288.0094440000,141823.8485165980,141823.8485165980,1,SRM-USDT
2021-07-15 14:00:00,1626328800000,2.9310000000,2.9380000000,2.8990000000,2.9250000000,44897.6987220000,131207.5732429490,131207.5732429490,1,SRM-USDT
2021-07-15 15:00:00,1626332400000,2.9150000000,2.9520000000,2.9070000000,2.9380000000,48955.2357480000,143571.1193313650,143571.1193313650,1,SRM-USDT
2021-07-15 16:00:00,1626336000000,2.9340000000,2.9540000000,2.9120000000,2.9350000000,63656.6243820000,186699.4544269070,186699.4544269070,1,SRM-USDT
2021-07-15 17:00:00,1626339600000,2.9330000000,2.9690000000,2.9290000000,2.9520000000,29064.7747220000,85741.6305107800,85741.6305107800,1,SRM-USDT
2021-07-15 18:00:00,1626343200000,2.9570000000,2.9670000000,2.8660000000,2.8790000000,81494.3482390000,237220.5729867790,237220.5729867790,1,SRM-USDT
2021-07-15 19:00:00,1626346800000,2.8790000000,2.8900000000,2.8530000000,2.8730000000,69271.9850670000,198771.9678799010,198771.9678799010,1,SRM-USDT
2021-07-15 20:00:00,1626350400000,2.8690000000,2.8960000000,2.8270000000,2.8420000000,123314.7617470000,352184.4058156160,352184.4058156160,1,SRM-USDT
2021-07-15 21:00:00,1626354000000,2.8340000000,2.8660000000,2.8150000000,2.8590000000,83273.8755900000,236530.4809666480,236530.4809666480,1,SRM-USDT
2021-07-15 22:00:00,1626357600000,2.8580000000,2.8800000000,2.8510000000,2.8550000000,34793.3867840000,99693.2473206440,99693.2473206440,1,SRM-USDT
2021-07-15 23:00:00,1626361200000,2.8540000000,2.8610000000,2.8360000000,2.8380000000,39096.3982090000,111432.2169335260,111432.2169335260,1,SRM-USDT
2021-07-16 00:00:00,1626364800000,2.8330000000,2.8490000000,2.8000000000,2.8100000000,97502.5431490000,274718.8678847470,274718.8678847470,1,SRM-USDT
2021-07-16 01:00:00,1626368400000,2.8150000000,2.8150000000,2.7790000000,2.7900000000,79897.9344770000,223292.0242200710,223292.0242200710,1,SRM-USDT
2021-07-16 02:00:00,1626372000000,2.7930000000,2.8630000000,2.7880000000,2.8190000000,205343.3694460000,579924.2295532910,579924.2295532910,1,SRM-USDT
2021-07-16 03:00:00,1626375600000,2.8200000000,2.8490000000,2.8030000000,2.8260000000,72771.5417450000,205330.3970567530,205330.3970567530,1,SRM-USDT
2021-07-16 04:00:00,1626379200000,2.8260000000,2.8720000000,2.8240000000,2.8710000000,58468.0037790000,166274.6417308250,166274.6417308250,1,SRM-USDT
2021-07-16 05:00:00,1626382800000,2.8720000000,2.8730000000,2.8540000000,2.8680000000,46008.0096390000,131802.1707907760,131802.1707907760,1,SRM-USDT
2021-07-16 06:00:00,1626386400000,2.8610000000,2.8620000000,2.8420000000,2.8470000000,35889.0466630000,102406.4116540160,102406.4116540160,1,SRM-USDT
2021-07-16 07:00:00,1626390000000,2.8500000000,2.8560000000,2.8070000000,2.8450000000,74465.4252720000,211039.7201736870,211039.7201736870,1,SRM-USDT
2021-07-16 08:00:00,1626393600000,2.8450000000,2.8580000000,2.7940000000,2.8230000000,83806.1617360000,236495.8714493430,236495.8714493430,1,SRM-USDT
2021-07-16 09:00:00,1626397200000,2.8280000000,2.8550000000,2.8230000000,2.8460000000,48985.5234730000,139114.7642619910,139114.7642619910,1,SRM-USDT
2021-07-16 10:00:00,1626400800000,2.8500000000,2.8940000000,2.8490000000,2.8820000000,34719.3904300000,99918.7454481380,99918.7454481380,1,SRM-USDT
2021-07-16 11:00:00,1626404400000,2.8850000000,2.8960000000,2.8730000000,2.8780000000,27789.3254540000,80186.3530649260,80186.3530649260,1,SRM-USDT
2021-07-16 12:00:00,1626408000000,2.8780000000,2.8990000000,2.8640000000,2.8650000000,22973.4098090000,66092.1555283230,66092.1555283230,1,SRM-USDT
2021-07-16 13:00:00,1626411600000,2.8690000000,2.8740000000,2.8300000000,2.8460000000,48244.3666670000,137501.0132190650,137501.0132190650,1,SRM-USDT
2021-07-16 14:00:00,1626415200000,2.8400000000,2.8450000000,2.7860000000,2.7920000000,42636.4310160000,119590.7695746200,119590.7695746200,1,SRM-USDT
2021-07-16 15:00:00,1626418800000,2.7920000000,2.8060000000,2.7660000000,2.7890000000,40146.9846790000,111907.0085701270,111907.0085701270,1,SRM-USDT
2021-07-16 16:00:00,1626422400000,2.7910000000,2.7910000000,2.7150000000,2.7320000000,95404.9371030000,262126.1671116490,262126.1671116490,1,SRM-USDT
2021-07-16 17:00:00,1626426000000,2.7300000000,2.7430000000,2.7040000000,2.7060000000,43686.5555150000,118856.8032221680,118856.8032221680,1,SRM-USDT
2021-07-16 18:00:00,1626429600000,2.7060000000,2.7140000000,2.6550000000,2.6720000000,140195.0842140000,374923.5292483200,374923.5292483200,1,SRM-USDT
2021-07-16 19:00:00,1626433200000,2.6720000000,2.6880000000,2.6520000000,2.6620000000,58409.9627570000,155868.9957836190,155868.9957836190,1,SRM-USDT
2021-07-16 20:00:00,1626436800000,2.6640000000,2.7280000000,2.6630000000,2.7220000000,91612.4917240000,246918.5985226010,246918.5985226010,1,SRM-USDT
2021-07-16 21:00:00,1626440400000,2.7220000000,2.7620000000,2.7220000000,2.7350000000,80886.6769870000,221848.6186457950,221848.6186457950,1,SRM-USDT
2021-07-16 22:00:00,1626444000000,2.7380000000,2.7460000000,2.7220000000,2.7340000000,51231.7572310000,139891.4721979240,139891.4721979240,1,SRM-USDT
2021-07-16 23:00:00,1626447600000,2.7350000000,2.7850000000,2.7350000000,2.7850000000,50366.4468870000,138772.7313676780,138772.7313676780,1,SRM-USDT
2021-07-17 00:00:00,1626451200000,2.7860000000,2.7890000000,2.7450000000,2.7770000000,48251.1095350000,133682.7178082370,133682.7178082370,1,SRM-USDT
2021-07-17 01:00:00,1626454800000,2.7760000000,2.7850000000,2.7510000000,2.7710000000,17421.4636800000,48228.8487228030,48228.8487228030,1,SRM-USDT
2021-07-17 02:00:00,1626458400000,2.7750000000,2.7750000000,2.7540000000,2.7610000000,49599.6206690000,137187.1014389800,137187.1014389800,1,SRM-USDT
2021-07-17 03:00:00,1626462000000,2.7610000000,2.7810000000,2.7410000000,2.7510000000,31719.7596350000,87517.4398891870,87517.4398891870,1,SRM-USDT
2021-07-17 04:00:00,1626465600000,2.7490000000,2.7640000000,2.7270000000,2.7320000000,26573.9011870000,72923.1120952420,72923.1120952420,1,SRM-USDT
2021-07-17 05:00:00,1626469200000,2.7290000000,2.7460000000,2.7210000000,2.7320000000,38825.0251550000,106109.9016015260,106109.9016015260,1,SRM-USDT
2021-07-17 06:00:00,1626472800000,2.7330000000,2.7490000000,2.6940000000,2.6960000000,26386.1026820000,71697.6979515910,71697.6979515910,1,SRM-USDT
2021-07-17 07:00:00,1626476400000,2.6960000000,2.7060000000,2.6620000000,2.6660000000,55357.2947210000,148297.5333589220,148297.5333589220,1,SRM-USDT
2021-07-17 08:00:00,1626480000000,2.6660000000,2.7130000000,2.6530000000,2.7130000000,78626.0716230000,210389.7307297460,210389.7307297460,1,SRM-USDT
2021-07-17 09:00:00,1626483600000,2.7160000000,2.7160000000,2.6500000000,2.6650000000,74164.4347600000,198263.6051460780,198263.6051460780,1,SRM-USDT
2021-07-17 10:00:00,1626487200000,2.6630000000,2.6640000000,2.6220000000,2.6400000000,89622.9692480000,237005.9789122590,237005.9789122590,1,SRM-USDT
2021-07-17 11:00:00,1626490800000,2.6370000000,2.6750000000,2.6280000000,2.6530000000,51623.5071990000,137047.1928231650,137047.1928231650,1,SRM-USDT
2021-07-17 12:00:00,1626494400000,2.6540000000,2.6690000000,2.6360000000,2.6600000000,44163.8509440000,117295.4516500170,117295.4516500170,1,SRM-USDT
2021-07-17 13:00:00,1626498000000,2.6590000000,2.6850000000,2.6560000000,2.6710000000,31382.9622040000,83800.6586627460,83800.6586627460,1,SRM-USDT
2021-07-17 14:00:00,1626501600000,2.6720000000,2.7230000000,2.6610000000,2.7090000000,55494.3605130000,149757.2582919880,149757.2582919880,1,SRM-USDT
2021-07-17 15:00:00,1626505200000,2.7090000000,2.7090000000,2.6800000000,2.6970000000,19876.2753120000,53561.3113142010,53561.3113142010,1,SRM-USDT
2021-07-17 16:00:00,1626508800000,2.6970000000,2.7160000000,2.6550000000,2.6950000000,68536.6145430000,184056.3515797430,184056.3515797430,1,SRM-USDT
2021-07-17 17:00:00,1626512400000,2.6990000000,2.7080000000,2.6800000000,2.6850000000,46504.0218640000,125099.6949246290,125099.6949246290,1,SRM-USDT
2021-07-17 18:00:00,1626516000000,2.6820000000,2.6820000000,2.6240000000,2.6240000000,46782.6984840000,124042.0327837670,124042.0327837670,1,SRM-USDT
2021-07-17 19:00:00,1626519600000,2.6200000000,2.6550000000,2.6200000000,2.6470000000,32363.2108920000,85343.3520792710,85343.3520792710,1,SRM-USDT
2021-07-17 20:00:00,1626523200000,2.6470000000,2.6730000000,2.6430000000,2.6610000000,30367.2874590000,80715.2452149860,80715.2452149860,1,SRM-USDT
2021-07-17 21:00:00,1626526800000,2.6600000000,2.6840000000,2.6400000000,2.6700000000,56162.6476500000,149712.3794059290,149712.3794059290,1,SRM-USDT
2021-07-17 22:00:00,1626530400000,2.6720000000,2.6870000000,2.6680000000,2.6760000000,19394.4939330000,51979.9787027310,51979.9787027310,1,SRM-USDT
2021-07-17 23:00:00,1626534000000,2.6770000000,2.6800000000,2.6540000000,2.6780000000,30507.1450670000,81407.3488900360,81407.3488900360,1,SRM-USDT
2021-07-18 00:00:00,1626537600000,2.6790000000,2.7050000000,2.6690000000,2.6860000000,33520.8884810000,90172.1366176450,90172.1366176450,1,SRM-USDT
2021-07-18 01:00:00,1626541200000,2.6930000000,2.6950000000,2.6710000000,2.6950000000,12202.0949510000,32749.0019905900,32749.0019905900,1,SRM-USDT
2021-07-18 02:00:00,1626544800000,2.6960000000,2.7080000000,2.6850000000,2.6900000000,19522.9551700000,52643.5559739510,52643.5559739510,1,SRM-USDT
2021-07-18 03:00:00,1626548400000,2.6930000000,2.7260000000,2.6910000000,2.7220000000,26502.8463130000,71654.9426313200,71654.9426313200,1,SRM-USDT
2021-07-18 04:00:00,1626552000000,2.7260000000,2.7380000000,2.7060000000,2.7080000000,47045.1321430000,128244.5397060950,128244.5397060950,1,SRM-USDT
2021-07-18 05:00:00,1626555600000,2.7070000000,2.7280000000,2.6970000000,2.7080000000,32753.1283020000,88977.4573764590,88977.4573764590,1,SRM-USDT
2021-07-18 06:00:00,1626559200000,2.7080000000,2.7140000000,2.6910000000,2.6990000000,27964.6129590000,75484.7658667420,75484.7658667420,1,SRM-USDT
2021-07-18 07:00:00,1626562800000,2.6920000000,2.6980000000,2.6840000000,2.6880000000,39055.8794360000,105121.9216438830,105121.9216438830,1,SRM-USDT
2021-07-18 08:00:00,1626566400000,2.6900000000,2.7750000000,2.6860000000,2.7650000000,88379.8459770000,241737.1114334140,241737.1114334140,1,SRM-USDT
2021-07-18 09:00:00,1626570000000,2.7690000000,2.8910000000,2.7690000000,2.8860000000,183450.9067120000,524043.0873470140,524043.0873470140,1,SRM-USDT
2021-07-18 10:00:00,1626573600000,2.8880000000,2.9050000000,2.8790000000,2.8930000000,83513.3906300000,241336.7394564740,241336.7394564740,1,SRM-USDT
2021-07-18 11:00:00,1626577200000,2.8930000000,2.9150000000,2.8810000000,2.8930000000,57383.1903850000,166349.7224263960,166349.7224263960,1,SRM-USDT
2021-07-18 12:00:00,1626580800000,2.8950000000,2.9000000000,2.8570000000,2.8640000000,47905.2345590000,137639.1359621600,137639.1359621600,1,SRM-USDT
2021-07-18 13:00:00,1626584400000,2.8650000000,2.8800000000,2.8610000000,2.8640000000,32992.7055110000,94741.1149317500,94741.1149317500,1,SRM-USDT
2021-07-18 14:00:00,1626588000000,2.8680000000,2.8700000000,2.8320000000,2.8390000000,46276.0825890000,131885.3113245360,131885.3113245360,1,SRM-USDT
2021-07-18 15:00:00,1626591600000,2.8410000000,2.8460000000,2.8230000000,2.8370000000,31113.0072000000,88154.0053685010,88154.0053685010,1,SRM-USDT
2021-07-18 16:00:00,1626595200000,2.8370000000,2.8780000000,2.8270000000,2.8760000000,47988.6980700000,136560.6505368600,136560.6505368600,1,SRM-USDT
2021-07-18 17:00:00,1626598800000,2.8750000000,2.9580000000,2.8620000000,2.9290000000,130907.7943100000,382921.6649689730,382921.6649689730,1,SRM-USDT
2021-07-18 18:00:00,1626602400000,2.9290000000,2.9290000000,2.8830000000,2.9150000000,97245.7081710000,282219.0031737030,282219.0031737030,1,SRM-USDT
2021-07-18 19:00:00,1626606000000,2.9150000000,3.1040000000,2.9090000000,3.0490000000,841239.2226560001,2554828.4518236541,2554828.4518236541,1,SRM-USDT
2021-07-18 20:00:00,1626609600000,3.0480000000,3.1670000000,3.0250000000,3.1460000000,367841.4492900000,1134162.2092794001,1134162.2092794001,1,SRM-USDT
2021-07-18 21:00:00,1626613200000,3.1490000000,3.1690000000,3.0710000000,3.0960000000,397948.0503140000,1240592.6086108319,1240592.6086108319,1,SRM-USDT
2021-07-18 22:00:00,1626616800000,3.0950000000,3.0990000000,2.9750000000,2.9870000000,521164.7927440000,1579467.0769384259,1579467.0769384259,1,SRM-USDT
2021-07-18 23:00:00,1626620400000,2.9810000000,3.0130000000,2.9250000000,2.9460000000,170988.8130170000,508721.2881239800,508721.2881239800,1,SRM-USDT
2021-07-19 00:00:00,1626624000000,2.9450000000,3.0090000000,2.9370000000,2.9770000000,209897.6049020000,624716.8513120580,624716.8513120580,1,SRM-USDT
2021-07-19 01:00:00,1626627600000,2.9770000000,2.9900000000,2.9560000000,2.9680000000,85020.0134510000,252720.4534818450,252720.4534818450,1,SRM-USDT
2021-07-19 02:00:00,1626631200000,2.9650000000,3.0300000000,2.9560000000,2.9900000000,114664.1560170000,343039.4764379330,343039.4764379330,1,SRM-USDT
2021-07-19 03:00:00,1626634800000,2.9890000000,3.0100000000,2.9720000000,2.9880000000,69856.9536020000,208861.5597863330,208861.5597863330,1,SRM-USDT
2021-07-19 04:00:00,1626638400000,2.9870000000,3.0360000000,2.9820000000,2.9970000000,96483.4406440000,290083.0638661210,290083.0638661210,1,SRM-USDT
2021-07-19 05:00:00,1626642000000,2.9950000000,3.0310000000,2.9810000000,3.0130000000,115707.4585860000,348584.8083578100,348584.8083578100,1,SRM-USDT
2021-07-19 06:00:00,1626645600000,3.0140000000,3.0250000000,2.9270000000,2.9290000000,163914.3646920000,486537.1174737260,486537.1174737260,1,SRM-USDT
2021-07-19 07:00:00,1626649200000,2.9230000000,2.9320000000,2.8980000000,2.9090000000,161804.7966060000,471620.7278464360,471620.7278464360,1,SRM-USDT
2021-07-19 08:00:00,1626652800000,2.9070000000,3.0670000000,2.8600000000,2.8720000000,651782.9125410001,1925357.7813936912,1925357.7813936912,1,SRM-USDT
2021-07-19 09:00:00,1626656400000,2.8690000000,2.8750000000,2.8120000000,2.8190000000,150578.3284620000,426797.5895322880,426797.5895322880,1,SRM-USDT
2021-07-19 10:00:00,1626660000000,2.8180000000,2.8450000000,2.8120000000,2.8120000000,96323.2750100000,272899.5464261240,272899.5464261240,1,SRM-USDT
2021-07-19 11:00:00,1626663600000,2.8090000000,2.8110000000,2.7820000000,2.7930000000,132316.7805780000,370252.9601921160,370252.9601921160,1,SRM-USDT
2021-07-19 12:00:00,1626667200000,2.7950000000,2.8210000000,2.7880000000,2.8190000000,31514.0237070000,88319.4937207770,88319.4937207770,1,SRM-USDT
2021-07-19 13:00:00,1626670800000,2.8180000000,2.9010000000,2.8130000000,2.8940000000,250107.1584030000,713231.3286670460,713231.3286670460,1,SRM-USDT
2021-07-19 14:00:00,1626674400000,2.9000000000,2.9050000000,2.8260000000,2.8570000000,149931.7909200000,427322.3407007910,427322.3407007910,1,SRM-USDT
2021-07-19 15:00:00,1626678000000,2.8560000000,2.8620000000,2.8010000000,2.8040000000,69612.2454460000,196954.0388004670,196954.0388004670,1,SRM-USDT
2021-07-19 16:00:00,1626681600000,2.8030000000,2.8210000000,2.7850000000,2.7870000000,46147.9835270000,129471.5711767990,129471.5711767990,1,SRM-USDT
2021-07-19 17:00:00,1626685200000,2.7860000000,2.7950000000,2.7530000000,2.7620000000,107413.8524300000,297768.7871677540,297768.7871677540,1,SRM-USDT
2021-07-19 18:00:00,1626688800000,2.7600000000,2.7870000000,2.7510000000,2.7510000000,74607.4037860000,206852.1502211680,206852.1502211680,1,SRM-USDT
2021-07-19 19:00:00,1626692400000,2.7500000000,2.7860000000,2.7310000000,2.7320000000,71837.0067210000,197742.0209880140,197742.0209880140,1,SRM-USDT
2021-07-19 20:00:00,1626696000000,2.7320000000,2.7470000000,2.6530000000,2.6560000000,131091.0677960000,352852.8720886960,352852.8720886960,1,SRM-USDT
2021-07-19 21:00:00,1626699600000,2.6510000000,2.6800000000,2.6330000000,2.6380000000,179260.4224780000,475812.8664173640,475812.8664173640,1,SRM-USDT
2021-07-19 22:00:00,1626703200000,2.6360000000,2.6870000000,2.6360000000,2.6790000000,98338.1832840000,262004.2674703230,262004.2674703230,1,SRM-USDT
2021-07-19 23:00:00,1626706800000,2.6780000000,2.6940000000,2.6580000000,2.6610000000,81457.9242150000,218101.0265583430,218101.0265583430,1,SRM-USDT
2021-07-20 00:00:00,1626710400000,2.6610000000,2.6780000000,2.6390000000,2.6650000000,111523.6581670000,296516.4457191470,296516.4457191470,1,SRM-USDT
2021-07-20 01:00:00,1626714000000,2.6650000000,2.6820000000,2.6540000000,2.6750000000,65515.6244010000,175002.8183372650,175002.8183372650,1,SRM-USDT
2021-07-20 02:00:00,1626717600000,2.6780000000,2.6810000000,2.6460000000,2.6580000000,45501.0429770000,121196.4016710000,121196.4016710000,1,SRM-USDT
2021-07-20 03:00:00,1626721200000,2.6590000000,2.6810000000,2.6540000000,2.6770000000,54768.7822140000,146112.7591536670,146112.7591536670,1,SRM-USDT
2021-07-20 04:00:00,1626724800000,2.6800000000,2.6910000000,2.6630000000,2.6720000000,38426.2701560000,102736.2408687560,102736.2408687560,1,SRM-USDT
2021-07-20 05:00:00,1626728400000,2.6720000000,2.6960000000,2.6680000000,2.6780000000,30177.7493500000,81005.8915245970,81005.8915245970,1,SRM-USDT
2021-07-20 06:00:00,1626732000000,2.6780000000,2.7150000000,2.6670000000,2.6910000000,117860.9022540000,317781.4752647800,317781.4752647800,1,SRM-USDT
2021-07-20 07:00:00,1626735600000,2.6920000000,2.7170000000,2.6570000000,2.6610000000,68928.4470180000,185221.9540255340,185221.9540255340,1,SRM-USDT
2021-07-20 08:00:00,1626739200000,2.6610000000,2.7220000000,2.6120000000,2.6140000000,178116.9280000000,476891.0112381090,476891.0112381090,1,SRM-USDT
2021-07-20 09:00:00,1626742800000,2.6150000000,2.6170000000,2.5190000000,2.5250000000,152713.8312200000,392315.3102824880,392315.3102824880,1,SRM-USDT
2021-07-20 10:00:00,1626746400000,2.5240000000,2.5390000000,2.4670000000,2.4690000000,184755.7308710000,462895.6520119050,462895.6520119050,1,SRM-USDT
2021-07-20 11:00:00,1626750000000,2.4690000000,2.4840000000,2.4150000000,2.4280000000,109369.0728710000,266916.3311478720,266916.3311478720,1,SRM-USDT
2021-07-20 12:00:00,1626753600000,2.4280000000,2.4710000000,2.4270000000,2.4320000000,94701.7520860000,231392.6276924480,231392.6276924480,1,SRM-USDT
2021-07-20 13:00:00,1626757200000,2.4320000000,2.4550000000,2.4240000000,2.4370000000,63733.4837890000,155262.0333376940,155262.0333376940,1,SRM-USDT
2021-07-20 14:00:00,1626760800000,2.4370000000,2.4650000000,2.4230000000,2.4510000000,128555.8668140000,313736.0888000670,313736.0888000670,1,SRM-USDT
2021-07-20 15:00:00,1626764400000,2.4520000000,2.4800000000,2.4500000000,2.4760000000,51281.7172130000,126438.8927183730,126438.8927183730,1,SRM-USDT
2021-07-20 16:00:00,1626768000000,2.4710000000,2.4790000000,2.4300000000,2.4300000000,55803.8534370000,136785.9074939360,136785.9074939360,1,SRM-USDT
2021-07-20 17:00:00,1626771600000,2.4310000000,2.4560000000,2.3820000000,2.4080000000,102260.3618370000,246567.4632079450,246567.4632079450,1,SRM-USDT
2021-07-20 18:00:00,1626775200000,2.4080000000,2.4510000000,2.3940000000,2.4450000000,89984.4501510000,217944.5196005800,217944.5196005800,1,SRM-USDT
2021-07-20 19:00:00,1626778800000,2.4460000000,2.4600000000,2.4260000000,2.4520000000,149145.2844410000,364469.8146670860,364469.8146670860,1,SRM-USDT
2021-07-20 20:00:00,1626782400000,2.4540000000,2.4700000000,2.4520000000,2.4580000000,25920.8752940000,63806.5779213950,63806.5779213950,1,SRM-USDT
2021-07-20 21:00:00,1626786000000,2.4580000000,2.4590000000,2.4100000000,2.4220000000,60934.8365760000,147819.9416720180,147819.9416720180,1,SRM-USDT
2021-07-20 22:00:00,1626789600000,2.4220000000,2.4580000000,2.4080000000,2.4500000000,56663.3271520000,138194.9854122460,138194.9854122460,1,SRM-USDT
2021-07-20 23:00:00,1626793200000,2.4530000000,2.5060000000,2.4470000000,2.5050000000,92747.4255510000,229735.0582340670,229735.0582340670,1,SRM-USDT
2021-07-21 00:00:00,1626796800000,2.5040000000,2.5100000000,2.4500000000,2.4500000000,31585.7154840000,78525.5187468060,78525.5187468060,1,SRM-USDT
2021-07-21 01:00:00,1626800400000,2.4540000000,2.4950000000,2.4530000000,2.4580000000,32148.4025210000,79550.0302067060,79550.0302067060,1,SRM-USDT
2021-07-21 02:00:00,1626804000000,2.4630000000,2.4850000000,2.4600000000,2.4840000000,13119.7454340000,32436.3532079610,32436.3532079610,1,SRM-USDT
2021-07-21 03:00:00,1626807600000,2.4860000000,2.5070000000,2.4770000000,2.5000000000,24688.4049740000,61415.9898240790,61415.9898240790,1,SRM-USDT
2021-07-21 04:00:00,1626811200000,2.5010000000,2.5290000000,2.5010000000,2.5190000000,36857.8350740000,92821.4390366280,92821.4390366280,1,SRM-USDT
2021-07-21 05:00:00,1626814800000,2.5180000000,2.5190000000,2.4820000000,2.4860000000,32726.4911310000,81743.8073830410,81743.8073830410,1,SRM-USDT
2021-07-21 06:00:00,1626818400000,2.4870000000,2.5020000000,2.4590000000,2.4630000000,22417.8547030000,55585.5934335630,55585.5934335630,1,SRM-USDT
2021-07-21 07:00:00,1626822000000,2.4640000000,2.4790000000,2.4600000000,2.4640000000,31461.1541130000,77634.7902166900,77634.7902166900,1,SRM-USDT
2021-07-21 08:00:00,1626825600000,2.4650000000,2.4750000000,2.4140000000,2.4180000000,62693.1748990000,153127.3213455300,153127.3213455300,1,SRM-USDT
2021-07-21 09:00:00,1626829200000,2.4180000000,2.4370000000,2.3970000000,2.4350000000,47770.6809040000,115569.2292485620,115569.2292485620,1,SRM-USDT
2021-07-21 10:00:00,1626832800000,2.4350000000,2.4760000000,2.4350000000,2.4710000000,50638.7384760000,124540.6023302240,124540.6023302240,1,SRM-USDT
2021-07-21 11:00:00,1626836400000,2.4690000000,2.4890000000,2.4650000000,2.4800000000,23480.7205150000,58131.0685427900,58131.0685427900,1,SRM-USDT
2021-07-21 12:00:00,1626840000000,2.4780000000,2.5690000000,2.4780000000,2.5640000000,101433.5899900000,257999.0423434390,257999.0423434390,1,SRM-USDT
2021-07-21 13:00:00,1626843600000,2.5660000000,2.5830000000,2.5550000000,2.5560000000,44139.5358640000,113322.1129588660,113322.1129588660,1,SRM-USDT
2021-07-21 14:00:00,1626847200000,2.5560000000,2.5880000000,2.5440000000,2.5880000000,45025.4769640000,115470.9809050920,115470.9809050920,1,SRM-USDT
2021-07-21 15:00:00,1626850800000,2.5910000000,2.5920000000,2.5660000000,2.5760000000,56811.4218300000,146439.0862196230,146439.0862196230,1,SRM-USDT
2021-07-21 16:00:00,1626854400000,2.5800000000,2.5800000000,2.5480000000,2.5600000000,43950.5047730000,112389.6164995130,112389.6164995130,1,SRM-USDT
2021-07-21 17:00:00,1626858000000,2.5630000000,2.6320000000,2.5620000000,2.6290000000,87756.2416800000,228091.6613434200,228091.6613434200,1,SRM-USDT
2021-07-21 18:00:00,1626861600000,2.6270000000,2.6390000000,2.6030000000,2.6380000000,76397.7697320000,200425.6027956250,200425.6027956250,1,SRM-USDT
2021-07-21 19:00:00,1626865200000,2.6390000000,2.6510000000,2.6280000000,2.6440000000,51751.7659170000,136531.5792159160,136531.5792159160,1,SRM-USDT
2021-07-21 20:00:00,1626868800000,2.6440000000,2.6490000000,2.6180000000,2.6250000000,64985.6223390000,171299.6091452240,171299.6091452240,1,SRM-USDT
2021-07-21 21:00:00,1626872400000,2.6250000000,2.6410000000,2.6210000000,2.6310000000,35043.4975520000,92262.9099571640,92262.9099571640,1,SRM-USDT
2021-07-21 22:00:00,1626876000000,2.6320000000,2.6750000000,2.6320000000,2.6690000000,76610.2753890000,203231.2088573640,203231.2088573640,1,SRM-USDT
2021-07-21 23:00:00,1626879600000,2.6700000000,2.7940000000,2.6470000000,2.7340000000,223965.5476160000,609157.8569936230,609157.8569936230,1,SRM-USDT
2021-07-22 00:00:00,1626883200000,2.7340000000,2.7800000000,2.7210000000,2.7400000000,151737.5041900000,417287.9562672770,417287.9562672770,1,SRM-USDT
2021-07-22 01:00:00,1626886800000,2.7360000000,2.7360000000,2.6910000000,2.7140000000,85832.9540820000,232638.2280809200,232638.2280809200,1,SRM-USDT
2021-07-22 02:00:00,1626890400000,2.7160000000,2.7620000000,2.6740000000,2.6830000000,161989.2805000000,442387.3413968630,442387.3413968630,1,SRM-USDT
2021-07-22 03:00:00,1626894000000,2.6820000000,2.6860000000,2.6380000000,2.6610000000,91578.5117600000,243864.4533249710,243864.4533249710,1,SRM-USDT
2021-07-22 04:00:00,1626897600000,2.6600000000,2.6640000000,2.6340000000,2.6570000000,46338.6842970000,122895.8634855050,122895.8634855050,1,SRM-USDT
2021-07-22 05:00:00,1626901200000,2.6590000000,2.6590000000,2.6120000000,2.6440000000,170209.0886660000,447896.8470061510,447896.8470061510,1,SRM-USDT
2021-07-22 06:00:00,1626904800000,2.6440000000,2.7130000000,2.6440000000,2.7130000000,70325.1092110000,189100.7822403900,189100.7822403900,1,SRM-USDT
2021-07-22 07:00:00,1626908400000,2.7130000000,2.7200000000,2.6950000000,2.7180000000,28913.3300260000,78419.6704602110,78419.6704602110,1,SRM-USDT
2021-07-22 08:00:00,1626912000000,2.7170000000,2.7610000000,2.6770000000,2.7070000000,97403.8984410000,265829.4950327980,265829.4950327980,1,SRM-USDT
2021-07-22 09:00:00,1626915600000,2.7050000000,2.7270000000,2.6790000000,2.7240000000,67524.7952910000,182552.7784164150,182552.7784164150,1,SRM-USDT
2021-07-22 10:00:00,1626919200000,2.7230000000,2.7240000000,2.6840000000,2.6910000000,45230.5462580000,122274.7581712740,122274.7581712740,1,SRM-USDT
2021-07-22 11:00:00,1626922800000,2.6890000000,2.7560000000,2.6890000000,2.7400000000,74060.6421860000,201923.0204335640,201923.0204335640,1,SRM-USDT
2021-07-22 12:00:00,1626926400000,2.7390000000,2.8450000000,2.7310000000,2.7900000000,315581.7044710000,885276.8799530370,885276.8799530370,1,SRM-USDT
2021-07-22 13:00:00,1626930000000,2.7920000000,2.8020000000,2.7480000000,2.7610000000,85107.4758270000,235952.7008276240,235952.7008276240,1,SRM-USDT
2021-07-22 14:00:00,1626933600000,2.7620000000,2.7910000000,2.7570000000,2.7650000000,60084.7915920000,166619.1701292890,166619.1701292890,1,SRM-USDT
2021-07-22 15:00:00,1626937200000,2.7670000000,2.7930000000,2.7610000000,2.7800000000,54488.8084130000,151373.0494439890,151373.0494439890,1,SRM-USDT
2021-07-22 16:00:00,1626940800000,2.7810000000,2.8020000000,2.7530000000,2.7670000000,89829.0541530000,249083.5796358090,249083.5796358090,1,SRM-USDT
2021-07-22 17:00:00,1626944400000,2.7650000000,2.7890000000,2.7120000000,2.7280000000,90363.7210270000,247967.0463092420,247967.0463092420,1,SRM-USDT
2021-07-22 18:00:00,1626948000000,2.7290000000,2.7660000000,2.7170000000,2.7320000000,74268.6495490000,203992.5023188490,203992.5023188490,1,SRM-USDT
2021-07-22 19:00:00,1626951600000,2.7330000000,2.7460000000,2.7170000000,2.7230000000,70513.3817100000,192492.6879993360,192492.6879993360,1,SRM-USDT
2021-07-22 20:00:00,1626955200000,2.7230000000,2.7410000000,2.6780000000,2.7370000000,99876.1846880000,270436.2971829270,270436.2971829270,1,SRM-USDT
2021-07-22 21:00:00,1626958800000,2.7370000000,2.7570000000,2.7210000000,2.7250000000,47233.1937310000,129255.2166599160,129255.2166599160,1,SRM-USDT
2021-07-22 22:00:00,1626962400000,2.7240000000,2.7410000000,2.7060000000,2.7260000000,167741.6426220000,456402.2048847110,456402.2048847110,1,SRM-USDT
2021-07-22 23:00:00,1626966000000,2.7280000000,2.7870000000,2.7250000000,2.7790000000,149079.7387230000,412248.5540880290,412248.5540880290,1,SRM-USDT
2021-07-23 00:00:00,1626969600000,2.7790000000,2.8070000000,2.7660000000,2.7710000000,57148.2854820000,159020.1985423770,159020.1985423770,1,SRM-USDT
2021-07-23 01:00:00,1626973200000,2.7710000000,2.7820000000,2.7660000000,2.7750000000,27862.8749120000,77293.4431556770,77293.4431556770,1,SRM-USDT
2021-07-23 02:00:00,1626976800000,2.7800000000,2.7800000000,2.7380000000,2.7540000000,61331.8364360000,168913.7543107410,168913.7543107410,1,SRM-USDT
2021-07-23 03:00:00,1626980400000,2.7530000000,2.7620000000,2.7440000000,2.7560000000,12632.0901570000,34785.6750838970,34785.6750838970,1,SRM-USDT
2021-07-23 04:00:00,1626984000000,2.7550000000,2.7560000000,2.7320000000,2.7380000000,25758.3696480000,70598.9021107680,70598.9021107680,1,SRM-USDT
2021-07-23 05:00:00,1626987600000,2.7350000000,2.7700000000,2.7270000000,2.7310000000,33304.9369130000,91474.1361172950,91474.1361172950,1,SRM-USDT
2021-07-23 06:00:00,1626991200000,2.7290000000,2.7400000000,2.7170000000,2.7260000000,60193.7347900000,164268.7079804920,164268.7079804920,1,SRM-USDT
2021-07-23 07:00:00,1626994800000,2.7220000000,2.7600000000,2.7180000000,2.7510000000,65593.0385770000,179988.6882190620,179988.6882190620,1,SRM-USDT
2021-07-23 08:00:00,1626998400000,2.7500000000,2.8370000000,2.7360000000,2.7960000000,254802.4964580000,712830.8663124200,712830.8663124200,1,SRM-USDT
2021-07-23 09:00:00,1627002000000,2.7960000000,2.8300000000,2.7850000000,2.8300000000,64854.0337750000,182225.6322808790,182225.6322808790,1,SRM-USDT
2021-07-23 10:00:00,1627005600000,2.8310000000,2.8450000000,2.8080000000,2.8290000000,55752.5437150000,157785.2064036240,157785.2064036240,1,SRM-USDT
2021-07-23 11:00:00,1627009200000,2.8310000000,2.8340000000,2.7890000000,2.8000000000,25735.5573120000,72232.3816245830,72232.3816245830,1,SRM-USDT
2021-07-23 12:00:00,1627012800000,2.8020000000,2.8230000000,2.7930000000,2.8010000000,34226.8960670000,96077.0546039870,96077.0546039870,1,SRM-USDT
2021-07-23 13:00:00,1627016400000,2.8010000000,2.8870000000,2.8010000000,2.8510000000,181142.3425460000,516405.4755001400,516405.4755001400,1,SRM-USDT
2021-07-23 14:00:00,1627020000000,2.8500000000,2.8600000000,2.7900000000,2.8010000000,140120.0080650000,394885.1510806890,394885.1510806890,1,SRM-USDT
2021-07-23 15:00:00,1627023600000,2.8010000000,2.8040000000,2.7540000000,2.7800000000,51741.1447920000,143622.1038967830,143622.1038967830,1,SRM-USDT
2021-07-23 16:00:00,1627027200000,2.7810000000,2.7840000000,2.7100000000,2.7170000000,71589.5484500000,196532.5971163070,196532.5971163070,1,SRM-USDT
2021-07-23 17:00:00,1627030800000,2.7160000000,2.7420000000,2.7110000000,2.7220000000,57726.1607240000,157596.5585235910,157596.5585235910,1,SRM-USDT
2021-07-23 18:00:00,1627034400000,2.7210000000,2.7260000000,2.7050000000,2.7160000000,39232.2504440000,106468.5416724500,106468.5416724500,1,SRM-USDT
2021-07-23 19:00:00,1627038000000,2.7160000000,2.7560000000,2.6990000000,2.7010000000,92633.1079880000,252600.8542029270,252600.8542029270,1,SRM-USDT
2021-07-23 20:00:00,1627041600000,2.7020000000,2.7260000000,2.6930000000,2.7250000000,64852.8897700000,175720.9257521800,175720.9257521800,1,SRM-USDT
2021-07-23 21:00:00,1627045200000,2.7240000000,2.7390000000,2.7140000000,2.7360000000,38924.1093690000,106145.2224035510,106145.2224035510,1,SRM-USDT
2021-07-23 22:00:00,1627048800000,2.7350000000,2.7390000000,2.7190000000,2.7250000000,35079.8865340000,95827.8926400620,95827.8926400620,1,SRM-USDT
2021-07-23 23:00:00,1627052400000,2.7270000000,2.7280000000,2.6850000000,2.6890000000,43147.0218630000,116650.0367417430,116650.0367417430,1,SRM-USDT
2021-07-24 00:00:00,1627056000000,2.6900000000,2.6900000000,2.6340000000,2.6410000000,101282.9452620000,269076.4739105130,269076.4739105130,1,SRM-USDT
2021-07-24 01:00:00,1627059600000,2.6370000000,2.6560000000,2.6320000000,2.6540000000,38116.6317400000,100752.9688682150,100752.9688682150,1,SRM-USDT
2021-07-24 02:00:00,1627063200000,2.6530000000,2.6640000000,2.6410000000,2.6500000000,27016.7939540000,71654.3869338570,71654.3869338570,1,SRM-USDT
2021-07-24 03:00:00,1627066800000,2.6500000000,2.6560000000,2.6280000000,2.6480000000,37458.8628240000,99063.3256043190,99063.3256043190,1,SRM-USDT
2021-07-24 04:00:00,1627070400000,2.6480000000,2.6840000000,2.6430000000,2.6830000000,45612.2377110000,121528.3839234120,121528.3839234120,1,SRM-USDT
2021-07-24 05:00:00,1627074000000,2.6830000000,2.7070000000,2.6780000000,2.7070000000,49522.1224270000,133299.4052973730,133299.4052973730,1,SRM-USDT
2021-07-24 06:00:00,1627077600000,2.7080000000,2.7600000000,2.6980000000,2.7600000000,116428.8065690000,318175.1616802840,318175.1616802840,1,SRM-USDT
2021-07-24 07:00:00,1627081200000,2.7600000000,2.8020000000,2.7460000000,2.7990000000,80334.2606790000,222872.1758941110,222872.1758941110,1,SRM-USDT
2021-07-24 08:00:00,1627084800000,2.8030000000,2.8410000000,2.7780000000,2.8210000000,137220.1447760000,386360.9120196990,386360.9120196990,1,SRM-USDT
2021-07-24 09:00:00,1627088400000,2.8200000000,2.8670000000,2.8070000000,2.8630000000,126922.8687330000,359785.0099192690,359785.0099192690,1,SRM-USDT
2021-07-24 10:00:00,1627092000000,2.8630000000,2.8680000000,2.8420000000,2.8540000000,64836.4196300000,184929.0610297120,184929.0610297120,1,SRM-USDT
2021-07-24 11:00:00,1627095600000,2.8550000000,2.8550000000,2.8260000000,2.8430000000,44562.3790100000,126576.2601963750,126576.2601963750,1,SRM-USDT
2021-07-24 12:00:00,1627099200000,2.8460000000,2.8750000000,2.8220000000,2.8600000000,79664.8261350000,227544.7707608020,227544.7707608020,1,SRM-USDT
2021-07-24 13:00:00,1627102800000,2.8620000000,2.9070000000,2.8550000000,2.8920000000,123106.7308650000,355622.4576531020,355622.4576531020,1,SRM-USDT
2021-07-24 14:00:00,1627106400000,2.8910000000,2.9410000000,2.8830000000,2.9350000000,98778.2033740000,287140.0103782740,287140.0103782740,1,SRM-USDT
2021-07-24 15:00:00,1627110000000,2.9350000000,2.9600000000,2.8910000000,2.9300000000,123213.2239660000,359930.5405529030,359930.5405529030,1,SRM-USDT
2021-07-24 16:00:00,1627113600000,2.9310000000,2.9310000000,2.8760000000,2.8890000000,86359.2625870000,250449.2831901190,250449.2831901190,1,SRM-USDT
2021-07-24 17:00:00,1627117200000,2.8880000000,2.9180000000,2.8660000000,2.9050000000,173628.5885300000,500912.7540755870,500912.7540755870,1,SRM-USDT
2021-07-24 18:00:00,1627120800000,2.9040000000,2.9070000000,2.8690000000,2.8880000000,78685.2442480000,227156.4906816070,227156.4906816070,1,SRM-USDT
2021-07-24 19:00:00,1627124400000,2.8900000000,2.9070000000,2.8640000000,2.9010000000,74265.6485130000,214540.3494085810,214540.3494085810,1,SRM-USDT
2021-07-24 20:00:00,1627128000000,2.9000000000,2.9000000000,2.8670000000,2.8790000000,71803.7636370000,207010.9394025640,207010.9394025640,1,SRM-USDT
2021-07-24 21:00:00,1627131600000,2.8790000000,2.8980000000,2.8610000000,2.8720000000,67744.6317150000,194937.9407847540,194937.9407847540,1,SRM-USDT
2021-07-24 22:00:00,1627135200000,2.8710000000,2.9020000000,2.8490000000,2.8810000000,62742.8821770000,180132.3891630820,180132.3891630820,1,SRM-USDT
2021-07-24 23:00:00,1627138800000,2.8830000000,2.8930000000,2.8490000000,2.8490000000,46237.2356690000,132787.4015548310,132787.4015548310,1,SRM-USDT
2021-07-25 00:00:00,1627142400000,2.8490000000,2.9280000000,2.8490000000,2.9230000000,87262.4101010000,253229.3231149610,253229.3231149610,1,SRM-USDT
2021-07-25 01:00:00,1627146000000,2.9230000000,2.9690000000,2.9050000000,2.9130000000,100264.6690070000,294706.0817334620,294706.0817334620,1,SRM-USDT
2021-07-25 02:00:00,1627149600000,2.9130000000,2.9190000000,2.8690000000,2.8750000000,75878.3750720000,219618.7883797850,219618.7883797850,1,SRM-USDT
2021-07-25 03:00:00,1627153200000,2.8720000000,2.8770000000,2.8340000000,2.8560000000,109241.5763270000,312117.7740108480,312117.7740108480,1,SRM-USDT
2021-07-25 04:00:00,1627156800000,2.8480000000,2.8610000000,2.8120000000,2.8230000000,87193.4367770000,247016.2743446600,247016.2743446600,1,SRM-USDT
2021-07-25 05:00:00,1627160400000,2.8230000000,2.8620000000,2.8080000000,2.8570000000,56949.1170240000,161434.0917915660,161434.0917915660,1,SRM-USDT
2021-07-25 06:00:00,1627164000000,2.8560000000,2.8950000000,2.8440000000,2.8850000000,53476.1240300000,153282.4627061410,153282.4627061410,1,SRM-USDT
2021-07-25 07:00:00,1627167600000,2.8840000000,2.8880000000,2.8530000000,2.8810000000,71132.1972950000,204528.0477287470,204528.0477287470,1,SRM-USDT
2021-07-25 08:00:00,1627171200000,2.8810000000,2.8960000000,2.8090000000,2.8280000000,102032.7330880000,292050.0723633600,292050.0723633600,1,SRM-USDT
2021-07-25 09:00:00,1627174800000,2.8270000000,2.8750000000,2.8130000000,2.8430000000,95935.8135400000,273349.3292251890,273349.3292251890,1,SRM-USDT
2021-07-25 10:00:00,1627178400000,2.8410000000,2.8600000000,2.8160000000,2.8550000000,48392.7259750000,137349.5171965730,137349.5171965730,1,SRM-USDT
2021-07-25 11:00:00,1627182000000,2.8490000000,2.9680000000,2.8490000000,2.9380000000,193095.7044170000,564937.3753086210,564937.3753086210,1,SRM-USDT
2021-07-25 12:00:00,1627185600000,2.9370000000,2.9810000000,2.9250000000,2.9690000000,93948.1001020000,278204.2858993280,278204.2858993280,1,SRM-USDT
2021-07-25 13:00:00,1627189200000,2.9700000000,3.0550000000,2.9590000000,2.9630000000,142243.2714920000,427032.2079307190,427032.2079307190,1,SRM-USDT
2021-07-25 14:00:00,1627192800000,2.9580000000,2.9820000000,2.9490000000,2.9600000000,44155.4923740000,130881.1789532940,130881.1789532940,1,SRM-USDT
2021-07-25 15:00:00,1627196400000,2.9580000000,2.9970000000,2.9530000000,2.9820000000,46237.9702940000,137704.8691753120,137704.8691753120,1,SRM-USDT
2021-07-25 16:00:00,1627200000000,2.9820000000,3.0170000000,2.9720000000,2.9810000000,65909.5185030000,197434.4782177230,197434.4782177230,1,SRM-USDT
2021-07-25 17:00:00,1627203600000,2.9840000000,2.9960000000,2.9490000000,2.9630000000,50515.5240050000,149906.6435538320,149906.6435538320,1,SRM-USDT
2021-07-25 18:00:00,1627207200000,2.9660000000,2.9850000000,2.9390000000,2.9420000000,53430.1701360000,157978.5126632210,157978.5126632210,1,SRM-USDT
2021-07-25 19:00:00,1627210800000,2.9380000000,2.9730000000,2.9270000000,2.9310000000,62151.6546060000,183152.1352959040,183152.1352959040,1,SRM-USDT
2021-07-25 20:00:00,1627214400000,2.9300000000,2.9300000000,2.9050000000,2.9220000000,87441.4724660000,254971.3919895450,254971.3919895450,1,SRM-USDT
2021-07-25 21:00:00,1627218000000,2.9200000000,2.9280000000,2.8560000000,2.8610000000,109289.7235870000,314761.4327764640,314761.4327764640,1,SRM-USDT
2021-07-25 22:00:00,1627221600000,2.8590000000,2.8640000000,2.8170000000,2.8390000000,91572.8717590000,260365.1569422070,260365.1569422070,1,SRM-USDT
2021-07-25 23:00:00,1627225200000,2.8370000000,2.8570000000,2.8230000000,2.8420000000,58289.6875330000,165589.6618345460,165589.6618345460,1,SRM-USDT
2021-07-26 00:00:00,1627228800000,2.8430000000,2.8640000000,2.8300000000,2.8520000000,57534.9137230000,163720.4539699070,163720.4539699070,1,SRM-USDT
2021-07-26 01:00:00,1627232400000,2.8540000000,2.8970000000,2.8430000000,2.8970000000,45264.9957740000,130115.5589503950,130115.5589503950,1,SRM-USDT
2021-07-26 02:00:00,1627236000000,2.8970000000,2.9100000000,2.8830000000,2.8950000000,46865.9645820000,135748.1355467510,135748.1355467510,1,SRM-USDT
2021-07-26 03:00:00,1627239600000,2.8950000000,2.9070000000,2.8770000000,2.8880000000,55080.7227220000,159055.6871836310,159055.6871836310,1,SRM-USDT
2021-07-26 04:00:00,1627243200000,2.8850000000,2.9380000000,2.8730000000,2.9330000000,71945.7591250000,209443.5196850260,209443.5196850260,1,SRM-USDT
2021-07-26 05:00:00,1627246800000,2.9330000000,2.9380000000,2.9120000000,2.9140000000,40621.8368500000,118905.4733452960,118905.4733452960,1,SRM-USDT
2021-07-26 06:00:00,1627250400000,2.9150000000,2.9600000000,2.9110000000,2.9510000000,84721.4469080000,248657.1297892690,248657.1297892690,1,SRM-USDT
2021-07-26 07:00:00,1627254000000,2.9520000000,2.9770000000,2.9430000000,2.9770000000,110035.5485930000,325852.5962250960,325852.5962250960,1,SRM-USDT
2021-07-26 08:00:00,1627257600000,2.9750000000,3.0590000000,2.9530000000,3.0580000000,132334.7663460000,397240.0495670790,397240.0495670790,1,SRM-USDT
2021-07-26 09:00:00,1627261200000,3.0610000000,3.2010000000,3.0310000000,3.1900000000,527193.9780620000,1632150.7251840699,1632150.7251840699,1,SRM-USDT
2021-07-26 10:00:00,1627264800000,3.1900000000,3.2030000000,3.0860000000,3.1060000000,162864.8441110000,511298.8416613650,511298.8416613650,1,SRM-USDT
2021-07-26 11:00:00,1627268400000,3.1060000000,3.1610000000,3.1060000000,3.1550000000,124029.0518160000,388295.7037580630,388295.7037580630,1,SRM-USDT
2021-07-26 12:00:00,1627272000000,3.1560000000,3.1710000000,3.1260000000,3.1380000000,116021.2190470000,365073.5932373170,365073.5932373170,1,SRM-USDT
2021-07-26 13:00:00,1627275600000,3.1380000000,3.3040000000,3.1330000000,3.2860000000,316376.4901250000,1020083.3624318379,1020083.3624318379,1,SRM-USDT
2021-07-26 14:00:00,1627279200000,3.2850000000,3.3460000000,3.2770000000,3.3380000000,414067.6224310000,1372642.1588380979,1372642.1588380979,1,SRM-USDT
2021-07-26 15:00:00,1627282800000,3.3420000000,3.3960000000,3.2210000000,3.2600000000,556472.2874470000,1846160.3208835381,1846160.3208835381,1,SRM-USDT
2021-07-26 16:00:00,1627286400000,3.2620000000,3.2890000000,3.2040000000,3.2400000000,183104.0805740000,593353.6293778870,593353.6293778870,1,SRM-USDT
2021-07-26 17:00:00,1627290000000,3.2420000000,3.2750000000,3.2310000000,3.2530000000,108281.0553170000,352507.1008261890,352507.1008261890,1,SRM-USDT
2021-07-26 18:00:00,1627293600000,3.2580000000,3.3810000000,3.2420000000,3.3770000000,211097.7663730000,698483.1247601960,698483.1247601960,1,SRM-USDT
2021-07-26 19:00:00,1627297200000,3.3760000000,3.4180000000,3.2980000000,3.4070000000,394892.2433460000,1321200.3447589979,1321200.3447589979,1,SRM-USDT
2021-07-26 20:00:00,1627300800000,3.4070000000,3.4440000000,3.3180000000,3.3560000000,255770.8323860000,860546.7128850271,860546.7128850271,1,SRM-USDT
2021-07-26 21:00:00,1627304400000,3.3580000000,3.3630000000,3.2150000000,3.2580000000,241367.6880670000,788492.7103323831,788492.7103323831,1,SRM-USDT
2021-07-26 22:00:00,1627308000000,3.2550000000,3.2890000000,3.2140000000,3.2190000000,141529.9559590000,460239.6384505810,460239.6384505810,1,SRM-USDT
2021-07-26 23:00:00,1627311600000,3.2170000000,3.3050000000,3.2140000000,3.2860000000,311634.8279210000,1021401.8482471619,1021401.8482471619,1,SRM-USDT
2021-07-27 00:00:00,1627315200000,3.2810000000,3.3140000000,3.2570000000,3.3040000000,164319.8727780000,540186.1165970321,540186.1165970321,1,SRM-USDT
2021-07-27 01:00:00,1627318800000,3.3060000000,3.3110000000,3.2290000000,3.2770000000,156434.2980980000,510855.1850196530,510855.1850196530,1,SRM-USDT
2021-07-27 02:00:00,1627322400000,3.2770000000,3.2970000000,3.2500000000,3.2800000000,94814.7727850000,310370.1517055810,310370.1517055810,1,SRM-USDT
2021-07-27 03:00:00,1627326000000,3.2820000000,3.3330000000,3.2070000000,3.2130000000,175171.0700970000,574677.3783119370,574677.3783119370,1,SRM-USDT
2021-07-27 04:00:00,1627329600000,3.2080000000,3.2240000000,3.0650000000,3.1090000000,312631.8655320000,980882.8034979380,980882.8034979380,1,SRM-USDT
2021-07-27 05:00:00,1627333200000,3.1080000000,3.1130000000,3.0080000000,3.0730000000,211950.9309550000,649653.1778032810,649653.1778032810,1,SRM-USDT
2021-07-27 06:00:00,1627336800000,3.0720000000,3.0880000000,3.0380000000,3.0760000000,101970.9672750000,312353.4688572950,312353.4688572950,1,SRM-USDT
2021-07-27 07:00:00,1627340400000,3.0750000000,3.0920000000,3.0420000000,3.0510000000,86573.9083090000,265562.1060161960,265562.1060161960,1,SRM-USDT
2021-07-27 08:00:00,1627344000000,3.0490000000,3.1160000000,3.0150000000,3.1160000000,224342.2280350000,688035.0456665090,688035.0456665090,1,SRM-USDT
2021-07-27 09:00:00,1627347600000,3.1150000000,3.1260000000,3.0160000000,3.0540000000,251320.3962700000,772414.8092597530,772414.8092597530,1,SRM-USDT
2021-07-27 10:00:00,1627351200000,3.0530000000,3.0850000000,2.9940000000,2.9940000000,118000.0215580000,358958.5931615250,358958.5931615250,1,SRM-USDT
2021-07-27 11:00:00,1627354800000,2.9960000000,3.0310000000,2.9500000000,3.0290000000,141816.3049370000,422512.3146628670,422512.3146628670,1,SRM-USDT
2021-07-27 12:00:00,1627358400000,3.0280000000,3.0730000000,3.0150000000,3.0640000000,103048.0040920000,313779.0510326930,313779.0510326930,1,SRM-USDT
2021-07-27 13:00:00,1627362000000,3.0630000000,3.0930000000,3.0560000000,3.0850000000,67388.8102360000,207137.6154670550,207137.6154670550,1,SRM-USDT
2021-07-27 14:00:00,1627365600000,3.0840000000,3.1290000000,3.0820000000,3.0860000000,93746.5014940000,291084.4459174840,291084.4459174840,1,SRM-USDT
2021-07-27 15:00:00,1627369200000,3.0870000000,3.1290000000,3.0740000000,3.0940000000,85847.0237250000,266228.8981662160,266228.8981662160,1,SRM-USDT
2021-07-27 16:00:00,1627372800000,3.0910000000,3.1720000000,3.0750000000,3.1430000000,84405.9733170000,264914.9338897410,264914.9338897410,1,SRM-USDT
2021-07-27 17:00:00,1627376400000,3.1460000000,3.1990000000,3.1290000000,3.1870000000,88057.3493880000,278171.9648786790,278171.9648786790,1,SRM-USDT
2021-07-27 18:00:00,1627380000000,3.1870000000,3.2400000000,3.1610000000,3.2310000000,117922.0867060000,377489.7065998530,377489.7065998530,1,SRM-USDT
2021-07-27 19:00:00,1627383600000,3.2340000000,3.2410000000,3.1960000000,3.2210000000,77850.4931510000,250799.0920220840,250799.0920220840,1,SRM-USDT
2021-07-27 20:00:00,1627387200000,3.2200000000,3.2830000000,3.2090000000,3.2720000000,100760.4120130000,326576.2533132780,326576.2533132780,1,SRM-USDT
2021-07-27 21:00:00,1627390800000,3.2740000000,3.2770000000,3.2090000000,3.2120000000,83396.6408310000,269689.4316376130,269689.4316376130,1,SRM-USDT
2021-07-27 22:00:00,1627394400000,3.2100000000,3.2260000000,3.1190000000,3.1580000000,171445.1831310000,542180.8682649920,542180.8682649920,1,SRM-USDT
2021-07-27 23:00:00,1627398000000,3.1630000000,3.1770000000,3.1250000000,3.1450000000,44518.8405350000,140342.9250245580,140342.9250245580,1,SRM-USDT
2021-07-28 00:00:00,1627401600000,3.1440000000,3.1510000000,3.0210000000,3.0240000000,181186.3678030000,554386.5783282780,554386.5783282780,1,SRM-USDT
2021-07-28 01:00:00,1627405200000,3.0260000000,3.0500000000,3.0160000000,3.0420000000,66827.7443620000,202696.7233104190,202696.7233104190,1,SRM-USDT
2021-07-28 02:00:00,1627408800000,3.0420000000,3.0670000000,3.0060000000,3.0590000000,54858.6305230000,166901.3041784300,166901.3041784300,1,SRM-USDT
2021-07-28 03:00:00,1627412400000,3.0600000000,3.0750000000,3.0470000000,3.0540000000,47304.7171420000,144798.4776604540,144798.4776604540,1,SRM-USDT
2021-07-28 04:00:00,1627416000000,3.0540000000,3.0970000000,3.0540000000,3.0920000000,46439.6367720000,142908.2925135540,142908.2925135540,1,SRM-USDT
2021-07-28 05:00:00,1627419600000,3.0950000000,3.1290000000,3.0920000000,3.1200000000,41562.1497280000,129256.2461280800,129256.2461280800,1,SRM-USDT
2021-07-28 06:00:00,1627423200000,3.1190000000,3.1610000000,3.0950000000,3.1540000000,63133.6062100000,197822.5104097050,197822.5104097050,1,SRM-USDT
2021-07-28 07:00:00,1627426800000,3.1540000000,3.1890000000,3.1210000000,3.1850000000,67874.2316440000,213816.3442234790,213816.3442234790,1,SRM-USDT
2021-07-28 08:00:00,1627430400000,3.1840000000,3.1920000000,3.1000000000,3.1050000000,71866.3528380000,225612.6083513140,225612.6083513140,1,SRM-USDT
2021-07-28 09:00:00,1627434000000,3.1020000000,3.1710000000,3.0840000000,3.1710000000,50948.4460710000,159414.8636850030,159414.8636850030,1,SRM-USDT
2021-07-28 10:00:00,1627437600000,3.1700000000,3.1930000000,3.1250000000,3.1320000000,87922.1454260000,278550.2924048240,278550.2924048240,1,SRM-USDT
2021-07-28 11:00:00,1627441200000,3.1350000000,3.1610000000,3.1020000000,3.1460000000,71662.0479800000,224288.7967224280,224288.7967224280,1,SRM-USDT
2021-07-28 12:00:00,1627444800000,3.1410000000,3.1470000000,3.0980000000,3.0990000000,57304.6261780000,178780.4773559480,178780.4773559480,1,SRM-USDT
2021-07-28 13:00:00,1627448400000,3.0950000000,3.2350000000,3.0930000000,3.2050000000,144102.4309580000,456735.4520240460,456735.4520240460,1,SRM-USDT
2021-07-28 14:00:00,1627452000000,3.2050000000,3.2060000000,3.1010000000,3.1110000000,99550.3895560000,314189.7470774080,314189.7470774080,1,SRM-USDT
2021-07-28 15:00:00,1627455600000,3.1110000000,3.2010000000,3.1110000000,3.1600000000,78424.4071310000,247587.8705679280,247587.8705679280,1,SRM-USDT
2021-07-28 16:00:00,1627459200000,3.1620000000,3.2270000000,3.1360000000,3.1640000000,80306.8311720000,255355.1469245880,255355.1469245880,1,SRM-USDT
2021-07-28 17:00:00,1627462800000,3.1630000000,3.2390000000,3.1480000000,3.2200000000,105373.8309350000,338515.4633801790,338515.4633801790,1,SRM-USDT
2021-07-28 18:00:00,1627466400000,3.2210000000,3.2740000000,3.1970000000,3.2550000000,119460.1128100000,385601.7349762910,385601.7349762910,1,SRM-USDT
2021-07-28 19:00:00,1627470000000,3.2570000000,3.2880000000,3.2340000000,3.2570000000,129671.2774030000,423643.8685993620,423643.8685993620,1,SRM-USDT
2021-07-28 20:00:00,1627473600000,3.2570000000,3.2790000000,3.1640000000,3.1730000000,215695.0012980000,693005.2734944130,693005.2734944130,1,SRM-USDT
2021-07-28 21:00:00,1627477200000,3.1730000000,3.2180000000,3.1630000000,3.1780000000,102408.2063900000,326737.7077384730,326737.7077384730,1,SRM-USDT
2021-07-28 22:00:00,1627480800000,3.1770000000,3.2140000000,3.1580000000,3.1990000000,74573.6809180000,237844.3949834410,237844.3949834410,1,SRM-USDT
2021-07-28 23:00:00,1627484400000,3.2020000000,3.2360000000,3.1720000000,3.2280000000,53751.4040570000,172142.7846103110,172142.7846103110,1,SRM-USDT
2021-07-29 00:00:00,1627488000000,3.2350000000,3.2590000000,3.2130000000,3.2440000000,51406.6849110000,166352.6996903820,166352.6996903820,1,SRM-USDT
2021-07-29 01:00:00,1627491600000,3.2430000000,3.2930000000,3.1370000000,3.1460000000,224205.4059880000,723097.7176348720,723097.7176348720,1,SRM-USDT
2021-07-29 02:00:00,1627495200000,3.1470000000,3.2840000000,3.1360000000,3.2590000000,223485.3455450000,722775.6403340240,722775.6403340240,1,SRM-USDT
2021-07-29 03:00:00,1627498800000,3.2570000000,3.2680000000,3.2120000000,3.2360000000,97551.7489930000,316258.1749293400,316258.1749293400,1,SRM-USDT
2021-07-29 04:00:00,1627502400000,3.2370000000,3.2430000000,3.1930000000,3.2080000000,62078.4360450000,199410.1768960020,199410.1768960020,1,SRM-USDT
2021-07-29 05:00:00,1627506000000,3.2090000000,3.2310000000,3.2000000000,3.2140000000,32811.4872460000,105437.0445099150,105437.0445099150,1,SRM-USDT
2021-07-29 06:00:00,1627509600000,3.2120000000,3.2350000000,3.1690000000,3.1950000000,70991.4144460000,227414.1453757360,227414.1453757360,1,SRM-USDT
2021-07-29 07:00:00,1627513200000,3.1950000000,3.2490000000,3.1860000000,3.2460000000,87786.8051040000,282501.4320235950,282501.4320235950,1,SRM-USDT
2021-07-29 08:00:00,1627516800000,3.2460000000,3.2460000000,3.1560000000,3.1560000000,66758.6247130000,213326.5632529770,213326.5632529770,1,SRM-USDT
2021-07-29 09:00:00,1627520400000,3.1550000000,3.2000000000,3.1490000000,3.1810000000,54182.6600100000,171698.7498202510,171698.7498202510,1,SRM-USDT
2021-07-29 10:00:00,1627524000000,3.1820000000,3.2240000000,3.1750000000,3.2070000000,51780.8740140000,165975.3228555790,165975.3228555790,1,SRM-USDT
2021-07-29 11:00:00,1627527600000,3.2050000000,3.2550000000,3.1800000000,3.2020000000,105709.6373900000,341086.5391076210,341086.5391076210,1,SRM-USDT
2021-07-29 12:00:00,1627531200000,3.2010000000,3.2750000000,3.1850000000,3.2530000000,67761.1869440000,219778.4053340200,219778.4053340200,1,SRM-USDT
2021-07-29 13:00:00,1627534800000,3.2540000000,3.3050000000,3.2410000000,3.3000000000,85229.8653700000,279122.4229105020,279122.4229105020,1,SRM-USDT
2021-07-29 14:00:00,1627538400000,3.3030000000,3.4300000000,3.2800000000,3.3640000000,357119.6889510000,1201603.0264350907,1201603.0264350907,1,SRM-USDT
2021-07-29 15:00:00,1627542000000,3.3650000000,3.4760000000,3.3590000000,3.4740000000,420795.6006530000,1440429.1969371047,1440429.1969371047,1,SRM-USDT
2021-07-29 16:00:00,1627545600000,3.4770000000,3.4960000000,3.4060000000,3.4120000000,202198.9584600000,697257.2925818440,697257.2925818440,1,SRM-USDT
2021-07-29 17:00:00,1627549200000,3.4170000000,3.4470000000,3.3900000000,3.4190000000,182886.9750820000,625059.5386099820,625059.5386099820,1,SRM-USDT
2021-07-29 18:00:00,1627552800000,3.4210000000,3.4290000000,3.3310000000,3.3770000000,254604.4517730000,856992.5929877430,856992.5929877430,1,SRM-USDT
2021-07-29 19:00:00,1627556400000,3.3770000000,3.4110000000,3.3310000000,3.3390000000,208216.7089240000,700958.4489446030,700958.4489446030,1,SRM-USDT
2021-07-29 20:00:00,1627560000000,3.3400000000,3.3510000000,3.3040000000,3.3280000000,112873.2725880000,374968.8479993940,374968.8479993940,1,SRM-USDT
2021-07-29 21:00:00,1627563600000,3.3310000000,3.4550000000,3.3240000000,3.4210000000,234093.9716410000,798848.9297162429,798848.9297162429,1,SRM-USDT
2021-07-29 22:00:00,1627567200000,3.4220000000,3.5190000000,3.3720000000,3.5060000000,173963.9002410000,599179.8168677490,599179.8168677490,1,SRM-USDT
2021-07-29 23:00:00,1627570800000,3.5060000000,3.5550000000,3.4830000000,3.5380000000,214341.2823690000,755355.6591166030,755355.6591166030,1,SRM-USDT
2021-07-30 00:00:00,1627574400000,3.5380000000,3.7180000000,3.5320000000,3.5740000000,523454.4286000000,1881709.1798596089,1881709.1798596089,1,SRM-USDT
2021-07-30 01:00:00,1627578000000,3.5740000000,3.5980000000,3.5040000000,3.5190000000,209082.5133600000,740899.3474179170,740899.3474179170,1,SRM-USDT
2021-07-30 02:00:00,1627581600000,3.5170000000,3.5460000000,3.4710000000,3.4870000000,70374.2860290000,246274.4910365570,246274.4910365570,1,SRM-USDT
2021-07-30 03:00:00,1627585200000,3.4870000000,3.5180000000,3.4610000000,3.4820000000,139160.0921810000,485245.5127094880,485245.5127094880,1,SRM-USDT
2021-07-30 04:00:00,1627588800000,3.4820000000,3.5640000000,3.4820000000,3.5020000000,85632.3451950000,301114.6119952260,301114.6119952260,1,SRM-USDT
2021-07-30 05:00:00,1627592400000,3.5070000000,3.5170000000,3.4630000000,3.4720000000,56738.3611290000,197776.7399523240,197776.7399523240,1,SRM-USDT
2021-07-30 06:00:00,1627596000000,3.4730000000,3.5240000000,3.4660000000,3.5140000000,40416.2465070000,141693.0358427150,141693.0358427150,1,SRM-USDT
2021-07-30 07:00:00,1627599600000,3.5140000000,3.5940000000,3.5140000000,3.5870000000,128064.6133060000,457181.7108800780,457181.7108800780,1,SRM-USDT
2021-07-30 08:00:00,1627603200000,3.5870000000,3.6510000000,3.5100000000,3.5810000000,210557.1318130000,755176.4498256160,755176.4498256160,1,SRM-USDT
2021-07-30 09:00:00,1627606800000,3.5840000000,3.6440000000,3.5790000000,3.6410000000,66154.9761640000,238522.0445095230,238522.0445095230,1,SRM-USDT
2021-07-30 10:00:00,1627610400000,3.6410000000,3.7470000000,3.6410000000,3.7410000000,254900.4068030000,944613.2482015030,944613.2482015030,1,SRM-USDT
2021-07-30 11:00:00,1627614000000,3.7430000000,3.8050000000,3.7270000000,3.7910000000,267932.8991340000,1009148.8810530580,1009148.8810530580,1,SRM-USDT
2021-07-30 12:00:00,1627617600000,3.7940000000,3.8730000000,3.7500000000,3.7630000000,308753.3820550000,1176170.8459196093,1176170.8459196093,1,SRM-USDT
2021-07-30 13:00:00,1627621200000,3.7640000000,3.7740000000,3.7030000000,3.7210000000,211179.4149310000,790202.1627857269,790202.1627857269,1,SRM-USDT
2021-07-30 14:00:00,1627624800000,3.7240000000,3.7880000000,3.6860000000,3.7740000000,193753.8740280000,723704.7819208390,723704.7819208390,1,SRM-USDT
2021-07-30 15:00:00,1627628400000,3.7730000000,3.7740000000,3.6410000000,3.6640000000,249079.9292310000,920326.1905759260,920326.1905759260,1,SRM-USDT
2021-07-30 16:00:00,1627632000000,3.6630000000,3.6670000000,3.4360000000,3.5000000000,296816.7304060000,1053470.4107472347,1053470.4107472347,1,SRM-USDT
2021-07-30 17:00:00,1627635600000,3.4970000000,3.5030000000,3.4160000000,3.4730000000,227018.1855820000,784721.1097363150,784721.1097363150,1,SRM-USDT
2021-07-30 18:00:00,1627639200000,3.4700000000,3.4840000000,3.4150000000,3.4730000000,99380.4811230000,342586.8375153980,342586.8375153980,1,SRM-USDT
2021-07-30 19:00:00,1627642800000,3.4680000000,3.4740000000,3.4180000000,3.4200000000,109138.0421260000,376149.5285812440,376149.5285812440,1,SRM-USDT
2021-07-30 20:00:00,1627646400000,3.4170000000,3.4650000000,3.3930000000,3.4190000000,119872.1000570000,410843.4589266370,410843.4589266370,1,SRM-USDT
2021-07-30 21:00:00,1627650000000,3.4200000000,3.4530000000,3.4060000000,3.4340000000,69117.7849980000,237254.0834834540,237254.0834834540,1,SRM-USDT
2021-07-30 22:00:00,1627653600000,3.4330000000,3.4820000000,3.4310000000,3.4710000000,79004.2334960000,273160.7129165480,273160.7129165480,1,SRM-USDT
2021-07-30 23:00:00,1627657200000,3.4680000000,3.5120000000,3.4420000000,3.5120000000,91906.3011220000,319692.6282198580,319692.6282198580,1,SRM-USDT
2021-07-31 00:00:00,1627660800000,3.5120000000,3.5410000000,3.4780000000,3.4780000000,163719.3790180000,574345.8858615970,574345.8858615970,1,SRM-USDT
2021-07-31 01:00:00,1627664400000,3.4780000000,3.5680000000,3.4780000000,3.5580000000,111687.7348580000,393894.7094223480,393894.7094223480,1,SRM-USDT
2021-07-31 02:00:00,1627668000000,3.5590000000,3.5700000000,3.5260000000,3.5630000000,43348.2605540000,153872.0176369870,153872.0176369870,1,SRM-USDT
2021-07-31 03:00:00,1627671600000,3.5630000000,3.6090000000,3.5290000000,3.6090000000,78337.0496990000,280068.1935182030,280068.1935182030,1,SRM-USDT
2021-07-31 04:00:00,1627675200000,3.6070000000,3.7000000000,3.6070000000,3.6700000000,165548.8747610000,604254.8309091020,604254.8309091020,1,SRM-USDT
2021-07-31 05:00:00,1627678800000,3.6710000000,3.7130000000,3.6630000000,3.7120000000,98814.7084290000,364830.2293506640,364830.2293506640,1,SRM-USDT
2021-07-31 06:00:00,1627682400000,3.7140000000,3.8440000000,3.7090000000,3.8400000000,111236.0861180000,417971.2195022060,417971.2195022060,1,SRM-USDT
2021-07-31 07:00:00,1627686000000,3.8410000000,3.9050000000,3.8290000000,3.8950000000,160296.9529860000,618490.5428538460,618490.5428538460,1,SRM-USDT
2021-07-31 08:00:00,1627689600000,3.8990000000,3.9030000000,3.7640000000,3.8510000000,201200.6240250000,769889.8441979310,769889.8441979310,1,SRM-USDT
2021-07-31 09:00:00,1627693200000,3.8530000000,3.8810000000,3.8140000000,3.8520000000,85452.5859770000,328955.4413341040,328955.4413341040,1,SRM-USDT
2021-07-31 10:00:00,1627696800000,3.8520000000,3.9240000000,3.8350000000,3.9170000000,170740.7632490000,663551.2625460390,663551.2625460390,1,SRM-USDT
2021-07-31 11:00:00,1627700400000,3.9200000000,3.9630000000,3.8630000000,3.9080000000,122166.4568760000,478606.0981212210,478606.0981212210,1,SRM-USDT
2021-07-31 12:00:00,1627704000000,3.9070000000,3.9260000000,3.8500000000,3.8920000000,79032.8910440000,306603.6911769150,306603.6911769150,1,SRM-USDT
2021-07-31 13:00:00,1627707600000,3.8920000000,3.8960000000,3.7800000000,3.8440000000,149563.0089630000,573105.0234471241,573105.0234471241,1,SRM-USDT
2021-07-31 14:00:00,1627711200000,3.8400000000,3.8530000000,3.7910000000,3.8290000000,87391.7060420000,333684.6737016170,333684.6737016170,1,SRM-USDT
2021-07-31 15:00:00,1627714800000,3.8280000000,3.8660000000,3.8270000000,3.8370000000,59517.4677440000,229047.2026177810,229047.2026177810,1,SRM-USDT
2021-07-31 16:00:00,1627718400000,3.8390000000,3.9280000000,3.8330000000,3.9160000000,89778.0273060000,348081.4059280670,348081.4059280670,1,SRM-USDT
2021-07-31 17:00:00,1627722000000,3.9130000000,3.9280000000,3.8560000000,3.8680000000,76784.3994690000,299051.4573137990,299051.4573137990,1,SRM-USDT
2021-07-31 18:00:00,1627725600000,3.8690000000,3.9170000000,3.8470000000,3.9020000000,87415.2092070000,339379.2118245770,339379.2118245770,1,SRM-USDT
2021-07-31 19:00:00,1627729200000,3.9020000000,3.9500000000,3.8560000000,3.9300000000,182686.1150870000,715394.9351088250,715394.9351088250,1,SRM-USDT
2021-07-31 20:00:00,1627732800000,3.9270000000,4.2170000000,3.9040000000,4.1950000000,552964.8513070000,2254259.6929689818,2254259.6929689818,1,SRM-USDT
2021-07-31 21:00:00,1627736400000,4.1910000000,4.2250000000,4.0820000000,4.1150000000,318977.8140970000,1321358.8132365360,1321358.8132365360,1,SRM-USDT
2021-07-31 22:00:00,1627740000000,4.1140000000,4.1180000000,4.0140000000,4.0470000000,178200.5530980000,724606.8010153760,724606.8010153760,1,SRM-USDT
2021-07-31 23:00:00,1627743600000,4.0460000000,4.0820000000,4.0290000000,4.0670000000,130518.4551330000,528968.3107986409,528968.3107986409,1,SRM-USDT
2021-08-01 00:00:00,1627747200000,4.0680000000,4.0830000000,3.9620000000,3.9710000000,129828.4718650000,522086.4496801570,522086.4496801570,1,SRM-USDT
2021-08-01 01:00:00,1627750800000,3.9660000000,4.0060000000,3.9180000000,3.9320000000,120269.6990450000,475836.6705186820,475836.6705186820,1,SRM-USDT
2021-08-01 02:00:00,1627754400000,3.9290000000,3.9910000000,3.9290000000,3.9840000000,67946.9906440000,269762.0333810920,269762.0333810920,1,SRM-USDT
2021-08-01 03:00:00,1627758000000,3.9810000000,3.9900000000,3.9460000000,3.9660000000,82620.0086700000,327792.7737019560,327792.7737019560,1,SRM-USDT
2021-08-01 04:00:00,1627761600000,3.9640000000,4.0730000000,3.9390000000,4.0440000000,138648.7316140000,557234.6029910930,557234.6029910930,1,SRM-USDT
2021-08-01 05:00:00,1627765200000,4.0410000000,4.1330000000,4.0390000000,4.0760000000,112156.2129260000,458852.4396608900,458852.4396608900,1,SRM-USDT
2021-08-01 06:00:00,1627768800000,4.0760000000,4.0760000000,4.0100000000,4.0330000000,78079.9974800000,314998.5043085890,314998.5043085890,1,SRM-USDT
2021-08-01 07:00:00,1627772400000,4.0340000000,4.0680000000,4.0160000000,4.0360000000,52793.5523660000,213339.1659314690,213339.1659314690,1,SRM-USDT
2021-08-01 08:00:00,1627776000000,4.0330000000,4.2820000000,3.9680000000,4.1990000000,402873.0310030000,1679773.7017860969,1679773.7017860969,1,SRM-USDT
2021-08-01 09:00:00,1627779600000,4.2080000000,4.2420000000,4.1630000000,4.1750000000,104107.8602600000,437346.7818549950,437346.7818549950,1,SRM-USDT
2021-08-01 10:00:00,1627783200000,4.1790000000,4.1960000000,4.1290000000,4.1630000000,124947.0289680000,520725.3734243100,520725.3734243100,1,SRM-USDT
2021-08-01 11:00:00,1627786800000,4.1630000000,4.2240000000,4.1430000000,4.1990000000,86063.0660400000,360170.5391278740,360170.5391278740,1,SRM-USDT
2021-08-01 12:00:00,1627790400000,4.1990000000,4.2640000000,4.1760000000,4.2020000000,114066.2642350000,480207.0615381290,480207.0615381290,1,SRM-USDT
2021-08-01 13:00:00,1627794000000,4.2020000000,4.2130000000,4.1060000000,4.1220000000,189474.3690760000,786089.3873785420,786089.3873785420,1,SRM-USDT
2021-08-01 14:00:00,1627797600000,4.1260000000,4.1290000000,4.0630000000,4.0670000000,101125.1198160000,413511.8195312710,413511.8195312710,1,SRM-USDT
2021-08-01 15:00:00,1627801200000,4.0670000000,4.0920000000,4.0270000000,4.0470000000,55817.3428870000,226777.3119456030,226777.3119456030,1,SRM-USDT
2021-08-01 16:00:00,1627804800000,4.0490000000,4.0790000000,4.0310000000,4.0570000000,78963.3939220000,320638.0730296570,320638.0730296570,1,SRM-USDT
2021-08-01 17:00:00,1627808400000,4.0590000000,4.1390000000,4.0570000000,4.1310000000,67810.3298900000,277958.5285112930,277958.5285112930,1,SRM-USDT
2021-08-01 18:00:00,1627812000000,4.1270000000,4.2160000000,4.0440000000,4.0780000000,308224.4590680000,1278580.8005438200,1278580.8005438200,1,SRM-USDT
2021-08-01 19:00:00,1627815600000,4.0690000000,4.1080000000,3.9690000000,4.0210000000,165940.1457150000,666673.0378129510,666673.0378129510,1,SRM-USDT
2021-08-01 20:00:00,1627819200000,4.0170000000,4.0880000000,4.0050000000,4.0270000000,70662.7016260000,286834.6005265020,286834.6005265020,1,SRM-USDT
2021-08-01 21:00:00,1627822800000,4.0220000000,4.0470000000,3.9470000000,3.9680000000,143957.8702140000,573805.4481389720,573805.4481389720,1,SRM-USDT
2021-08-01 22:00:00,1627826400000,3.9660000000,3.9900000000,3.9280000000,3.9450000000,121861.5841240000,481865.7824378630,481865.7824378630,1,SRM-USDT
2021-08-01 23:00:00,1627830000000,3.9390000000,4.0090000000,3.9340000000,3.9640000000,74675.1072360000,296602.9011029080,296602.9011029080,1,SRM-USDT
2021-08-02 00:00:00,1627833600000,3.9640000000,3.9650000000,3.8510000000,3.9410000000,137543.0566590000,537741.5194411180,537741.5194411180,1,SRM-USDT
2021-08-02 01:00:00,1627837200000,3.9370000000,3.9680000000,3.8620000000,3.8730000000,106133.8280010000,414870.6082840140,414870.6082840140,1,SRM-USDT
2021-08-02 02:00:00,1627840800000,3.8740000000,3.8870000000,3.8520000000,3.8710000000,108802.0496320000,421165.0783248630,421165.0783248630,1,SRM-USDT
2021-08-02 03:00:00,1627844400000,3.8720000000,3.9230000000,3.8150000000,3.9050000000,102636.0099970000,396966.8671653190,396966.8671653190,1,SRM-USDT
2021-08-02 04:00:00,1627848000000,3.9100000000,3.9700000000,3.9070000000,3.9400000000,121424.9768020000,478912.0725454510,478912.0725454510,1,SRM-USDT
2021-08-02 05:00:00,1627851600000,3.9400000000,3.9400000000,3.8940000000,3.9130000000,51346.1954470000,200877.6369393340,200877.6369393340,1,SRM-USDT
2021-08-02 06:00:00,1627855200000,3.9140000000,3.9330000000,3.7870000000,3.8150000000,92665.4916460000,356541.9854044050,356541.9854044050,1,SRM-USDT
2021-08-02 07:00:00,1627858800000,3.8100000000,3.8840000000,3.6980000000,3.7630000000,308989.6174080000,1172583.0967821919,1172583.0967821919,1,SRM-USDT
2021-08-02 08:00:00,1627862400000,3.7660000000,3.8300000000,3.7080000000,3.7170000000,164922.4186400000,622027.8754483560,622027.8754483560,1,SRM-USDT
2021-08-02 09:00:00,1627866000000,3.7150000000,3.8130000000,3.6940000000,3.7940000000,131876.9898190000,496404.4671526530,496404.4671526530,1,SRM-USDT
2021-08-02 10:00:00,1627869600000,3.7940000000,3.8830000000,3.7830000000,3.8790000000,92096.0092670000,353424.8200203180,353424.8200203180,1,SRM-USDT
2021-08-02 11:00:00,1627873200000,3.8780000000,3.8860000000,3.8360000000,3.8700000000,87267.3338370000,337469.3128362900,337469.3128362900,1,SRM-USDT
2021-08-02 12:00:00,1627876800000,3.8700000000,3.8970000000,3.8350000000,3.8410000000,94128.1960870000,363415.3430832600,363415.3430832600,1,SRM-USDT
2021-08-02 13:00:00,1627880400000,3.8390000000,3.9160000000,3.8360000000,3.8840000000,80340.5185980000,311667.3935880220,311667.3935880220,1,SRM-USDT
2021-08-02 14:00:00,1627884000000,3.8860000000,4.0050000000,3.8780000000,3.9889000000,140217.4149430000,553182.5536419725,553182.5536419725,1,SRM-USDT
2021-08-02 15:00:00,1627887600000,3.9939000000,4.0230000000,3.9606000000,3.9951000000,91103.1322750000,363617.3401131456,363617.3401131456,1,SRM-USDT
2021-08-02 16:00:00,1627891200000,3.9979000000,4.0066000000,3.8464000000,3.8609000000,167231.6747140000,651564.9355692797,651564.9355692797,1,SRM-USDT
2021-08-02 17:00:00,1627894800000,3.8570000000,3.8919000000,3.8120000000,3.8742000000,114698.0679000000,442245.3496299628,442245.3496299628,1,SRM-USDT
2021-08-02 18:00:00,1627898400000,3.8740000000,3.9094000000,3.8519000000,3.9000000000,81432.6650040000,316056.1172592908,316056.1172592908,1,SRM-USDT
2021-08-02 19:00:00,1627902000000,3.9052000000,3.9052000000,3.8595000000,3.8923000000,41815.7819080000,162215.0516209373,162215.0516209373,1,SRM-USDT
2021-08-02 20:00:00,1627905600000,3.8988000000,3.9250000000,3.8145000000,3.8900000000,96619.5787020000,374108.8863712256,374108.8863712256,1,SRM-USDT
2021-08-02 21:00:00,1627909200000,3.8930000000,3.9922000000,3.8690000000,3.9859000000,93240.2001290000,367068.1131910408,367068.1131910408,1,SRM-USDT
2021-08-02 22:00:00,1627912800000,3.9884000000,4.1296000000,3.9560000000,4.1028000000,280418.8412880000,1137752.5226930657,1137752.5226930657,1,SRM-USDT
2021-08-02 23:00:00,1627916400000,4.1028000000,4.1270000000,4.0445000000,4.0550000000,110798.6940950000,452394.4432358548,452394.4432358548,1,SRM-USDT
2021-08-03 00:00:00,1627920000000,4.0510000000,4.0859000000,3.9988000000,4.0151000000,118394.9413820000,478653.9308179108,478653.9308179108,1,SRM-USDT
2021-08-03 01:00:00,1627923600000,4.0122000000,4.0390000000,3.9883000000,3.9972000000,40911.0469670000,164264.6883244626,164264.6883244626,1,SRM-USDT
2021-08-03 02:00:00,1627927200000,3.9996000000,4.0270000000,3.9750000000,3.9919000000,90613.7017980000,362744.4974209041,362744.4974209041,1,SRM-USDT
2021-08-03 03:00:00,1627930800000,3.9949000000,4.0130000000,3.9240000000,3.9360000000,67217.0345620000,266369.0573740685,266369.0573740685,1,SRM-USDT
2021-08-03 04:00:00,1627934400000,3.9347000000,3.9549000000,3.8590000000,3.8825000000,92619.5672500000,360762.2609969631,360762.2609969631,1,SRM-USDT
2021-08-03 05:00:00,1627938000000,3.8814000000,3.9125000000,3.8744000000,3.9000000000,47737.4924920000,185942.2837064893,185942.2837064893,1,SRM-USDT
2021-08-03 06:00:00,1627941600000,3.8989000000,3.9632000000,3.8852000000,3.9548000000,37331.9009670000,146640.0275387893,146640.0275387893,1,SRM-USDT
2021-08-03 07:00:00,1627945200000,3.9550000000,3.9759000000,3.9140000000,3.9355000000,88731.5334230000,350544.8457976126,350544.8457976126,1,SRM-USDT
2021-08-03 08:00:00,1627948800000,3.9359000000,4.0712000000,3.9300000000,4.0216000000,366281.9985700000,1468223.5419261414,1468223.5419261414,1,SRM-USDT
2021-08-03 09:00:00,1627952400000,4.0167000000,4.0240000000,3.8842000000,3.8888000000,105685.5446170000,416755.8741910560,416755.8741910560,1,SRM-USDT
2021-08-03 10:00:00,1627956000000,3.8883000000,3.9489000000,3.8746000000,3.9047000000,76908.1080510000,301900.3628295595,301900.3628295595,1,SRM-USDT
2021-08-03 11:00:00,1627959600000,3.9046000000,3.9265000000,3.8442000000,3.8671000000,63829.8450960000,247609.2486279501,247609.2486279501,1,SRM-USDT
2021-08-03 12:00:00,1627963200000,3.8680000000,3.9066000000,3.8053000000,3.8092000000,52203.0366550000,201652.6482039915,201652.6482039915,1,SRM-USDT
2021-08-03 13:00:00,1627966800000,3.8052000000,3.8052000000,3.7422000000,3.7867000000,79855.4025330000,301445.9300188829,301445.9300188829,1,SRM-USDT
2021-08-03 14:00:00,1627970400000,3.7730000000,3.8156000000,3.7613000000,3.7987000000,37604.7159190000,142839.8482977889,142839.8482977889,1,SRM-USDT
2021-08-03 15:00:00,1627974000000,3.7950000000,3.8460000000,3.7708000000,3.8334000000,33626.4193720000,128394.6065788815,128394.6065788815,1,SRM-USDT
2021-08-03 16:00:00,1627977600000,3.8345000000,3.8449000000,3.8020000000,3.8144000000,34640.8343530000,132516.4321943730,132516.4321943730,1,SRM-USDT
2021-08-03 17:00:00,1627981200000,3.8135000000,3.8258000000,3.7795000000,3.8200000000,34216.9039560000,130178.7913459595,130178.7913459595,1,SRM-USDT
2021-08-03 18:00:00,1627984800000,3.8210000000,3.8737000000,3.8143000000,3.8496000000,46458.8303660000,178579.5480801231,178579.5480801231,1,SRM-USDT
2021-08-03 19:00:00,1627988400000,3.8505000000,3.8532000000,3.8069000000,3.8205000000,30895.2510160000,118232.3089431491,118232.3089431491,1,SRM-USDT
2021-08-03 20:00:00,1627992000000,3.8183000000,3.8769000000,3.7435000000,3.8724000000,122663.3770890000,467343.9923102411,467343.9923102411,1,SRM-USDT
2021-08-03 21:00:00,1627995600000,3.8689000000,4.0530000000,3.8689000000,3.9983000000,324413.0111990000,1294046.4319793519,1294046.4319793519,1,SRM-USDT
2021-08-03 22:00:00,1627999200000,3.9961000000,4.1002000000,3.9599000000,3.9817000000,192293.9824890000,776586.3103250540,776586.3103250540,1,SRM-USDT
2021-08-03 23:00:00,1628002800000,3.9800000000,4.0207000000,3.9141000000,3.9751000000,140409.1992020000,555933.0210670125,555933.0210670125,1,SRM-USDT
2021-08-04 00:00:00,1628006400000,3.9787000000,4.0274000000,3.9518000000,4.0160000000,70773.2936400000,282487.0855231474,282487.0855231474,1,SRM-USDT
2021-08-04 01:00:00,1628010000000,4.0170000000,4.0735000000,3.9349000000,3.9433000000,164014.1059970000,655775.6700086979,655775.6700086979,1,SRM-USDT
2021-08-04 02:00:00,1628013600000,3.9465000000,4.0156000000,3.8910000000,3.9983000000,118610.4147970000,468593.8966108412,468593.8966108412,1,SRM-USDT
2021-08-04 03:00:00,1628017200000,3.9979000000,4.0616000000,3.9581000000,3.9731000000,92524.2998880000,370667.6729249218,370667.6729249218,1,SRM-USDT
2021-08-04 04:00:00,1628020800000,3.9749000000,4.0098000000,3.9253000000,4.0043000000,99479.6858310000,395717.3431549822,395717.3431549822,1,SRM-USDT
2021-08-04 05:00:00,1628024400000,4.0060000000,4.0917000000,4.0060000000,4.0424000000,106759.3501370000,432235.4204828701,432235.4204828701,1,SRM-USDT
2021-08-04 06:00:00,1628028000000,4.0450000000,4.2188000000,4.0391000000,4.2154000000,299755.7431870000,1239885.3078789082,1239885.3078789082,1,SRM-USDT
2021-08-04 07:00:00,1628031600000,4.2175000000,4.5178000000,4.1830000000,4.5178000000,714393.9541280000,3104348.4945261250,3104348.4945261250,1,SRM-USDT
2021-08-04 08:00:00,1628035200000,4.5182000000,4.5345000000,4.2394000000,4.3154000000,546789.1807170000,2377126.3061787426,2377126.3061787426,1,SRM-USDT
2021-08-04 09:00:00,1628038800000,4.3217000000,4.3859000000,4.2950000000,4.3626000000,149061.1529850000,648259.3200859714,648259.3200859714,1,SRM-USDT
2021-08-04 10:00:00,1628042400000,4.3686000000,4.3880000000,4.2586000000,4.2940000000,150416.1509030000,647504.9056290661,647504.9056290661,1,SRM-USDT
2021-08-04 11:00:00,1628046000000,4.2913000000,4.3031000000,4.2263000000,4.2514000000,131367.6858170000,560050.4626383251,560050.4626383251,1,SRM-USDT
2021-08-04 12:00:00,1628049600000,4.2514000000,4.2960000000,4.2300000000,4.2540000000,96366.0142620000,410547.4877225860,410547.4877225860,1,SRM-USDT
2021-08-04 13:00:00,1628053200000,4.2551000000,4.3296000000,4.2551000000,4.2673000000,122331.2354620000,525804.1204981530,525804.1204981530,1,SRM-USDT
2021-08-04 14:00:00,1628056800000,4.2632000000,4.3540000000,4.2568000000,4.2840000000,144226.4967790000,619445.3696559164,619445.3696559164,1,SRM-USDT
2021-08-04 15:00:00,1628060400000,4.2853000000,4.3137000000,4.1451000000,4.1920000000,261434.5532060000,1101007.2751598884,1101007.2751598884,1,SRM-USDT
2021-08-04 16:00:00,1628064000000,4.1941000000,4.2105000000,4.1378000000,4.1711000000,123213.7737730000,514603.1505243562,514603.1505243562,1,SRM-USDT
2021-08-04 17:00:00,1628067600000,4.1708000000,4.2315000000,4.1470000000,4.2110000000,187263.8868580000,785046.2857340282,785046.2857340282,1,SRM-USDT
2021-08-04 18:00:00,1628071200000,4.2094000000,4.2536000000,4.1671000000,4.2448000000,121245.5044160000,511333.7082947188,511333.7082947188,1,SRM-USDT
2021-08-04 19:00:00,1628074800000,4.2473000000,4.2881000000,4.2421000000,4.2772000000,84837.9499140000,361779.6065297383,361779.6065297383,1,SRM-USDT
2021-08-04 20:00:00,1628078400000,4.2790000000,4.3715000000,4.2790000000,4.3715000000,156881.3083490000,678927.4879710440,678927.4879710440,1,SRM-USDT
2021-08-04 21:00:00,1628082000000,4.3715000000,4.4052000000,4.3351000000,4.3845000000,130586.1181810000,571233.8725140854,571233.8725140854,1,SRM-USDT
2021-08-04 22:00:00,1628085600000,4.3860000000,4.4068000000,4.3462000000,4.3879000000,79097.4933690000,346303.5538998425,346303.5538998425,1,SRM-USDT
2021-08-04 23:00:00,1628089200000,4.3950000000,4.4839000000,4.3850000000,4.4345000000,140186.4161860000,623640.5365746657,623640.5365746657,1,SRM-USDT
2021-08-05 00:00:00,1628092800000,4.4346000000,4.4751000000,4.4010000000,4.4749000000,97008.7613390000,431041.0651400819,431041.0651400819,1,SRM-USDT
2021-08-05 01:00:00,1628096400000,4.4758000000,4.4767000000,4.3692000000,4.3809000000,123759.1425780000,545801.1836553528,545801.1836553528,1,SRM-USDT
2021-08-05 02:00:00,1628100000000,4.3807000000,4.4365000000,4.3791000000,4.4079000000,59349.6904360000,261814.3352705298,261814.3352705298,1,SRM-USDT
2021-08-05 03:00:00,1628103600000,4.4110000000,4.4445000000,4.3700000000,4.3965000000,120145.4930020000,528893.9476827489,528893.9476827489,1,SRM-USDT
2021-08-05 04:00:00,1628107200000,4.3982000000,4.4603000000,4.3910000000,4.4601000000,84501.0276420000,373393.1158095983,373393.1158095983,1,SRM-USDT
2021-08-05 05:00:00,1628110800000,4.4595000000,4.6163000000,4.4470000000,4.5429000000,308670.6976940000,1402692.7739954554,1402692.7739954554,1,SRM-USDT
2021-08-05 06:00:00,1628114400000,4.5385000000,4.6060000000,4.5120000000,4.5417000000,115448.3787880000,526491.4232295470,526491.4232295470,1,SRM-USDT
2021-08-05 07:00:00,1628118000000,4.5410000000,4.5996000000,4.5177000000,4.5618000000,115157.4107610000,523389.5903686124,523389.5903686124,1,SRM-USDT
2021-08-05 08:00:00,1628121600000,4.5552000000,4.5898000000,4.3861000000,4.3879000000,245283.1830130000,1093465.0051092608,1093465.0051092608,1,SRM-USDT
2021-08-05 09:00:00,1628125200000,4.3874000000,4.4019000000,4.3345000000,4.3787000000,86393.5998190000,377321.7025510593,377321.7025510593,1,SRM-USDT
2021-08-05 10:00:00,1628128800000,4.3752000000,4.3891000000,4.3242000000,4.3595000000,119402.1977450000,519626.6185743338,519626.6185743338,1,SRM-USDT
2021-08-05 11:00:00,1628132400000,4.3558000000,4.3961000000,4.3440000000,4.3884000000,51707.0518650000,226072.4162711181,226072.4162711181,1,SRM-USDT
2021-08-05 12:00:00,1628136000000,4.3883000000,4.4108000000,4.3670000000,4.3803000000,57303.8184540000,251759.0238233019,251759.0238233019,1,SRM-USDT
2021-08-05 13:00:00,1628139600000,4.3756000000,4.4134000000,4.3665000000,4.4086000000,47046.3309240000,207051.4592281731,207051.4592281731,1,SRM-USDT
2021-08-05 14:00:00,1628143200000,4.4070000000,4.4072000000,4.3240000000,4.3395000000,69737.0281630000,303752.1408324920,303752.1408324920,1,SRM-USDT
2021-08-05 15:00:00,1628146800000,4.3379000000,4.3640000000,4.3149000000,4.3528000000,80622.9077290000,349766.7838514437,349766.7838514437,1,SRM-USDT
2021-08-05 16:00:00,1628150400000,4.3528000000,4.4070000000,4.3036000000,4.3054000000,148754.0713030000,646278.7197389090,646278.7197389090,1,SRM-USDT
2021-08-05 17:00:00,1628154000000,4.3081000000,4.3468000000,4.2497000000,4.2662000000,141952.9411310000,609210.3722291721,609210.3722291721,1,SRM-USDT
2021-08-05 18:00:00,1628157600000,4.2660000000,4.3470000000,4.2573000000,4.3020000000,97957.8729160000,421941.7763774217,421941.7763774217,1,SRM-USDT
2021-08-05 19:00:00,1628161200000,4.2899000000,4.3534000000,4.2862000000,4.3281000000,42360.4387810000,183372.7707393766,183372.7707393766,1,SRM-USDT
2021-08-05 20:00:00,1628164800000,4.3234000000,4.3479000000,4.2105000000,4.3046000000,91939.4558240000,392856.6372801059,392856.6372801059,1,SRM-USDT
2021-08-05 21:00:00,1628168400000,4.3030000000,4.3470000000,4.2842000000,4.3421000000,79835.1692480000,344857.9747582997,344857.9747582997,1,SRM-USDT
2021-08-05 22:00:00,1628172000000,4.3428000000,4.4715000000,4.3206000000,4.4468000000,243072.1959810000,1073551.7283779611,1073551.7283779611,1,SRM-USDT
2021-08-05 23:00:00,1628175600000,4.4450000000,4.4800000000,4.3657000000,4.3785000000,111037.1242230000,491117.2361126348,491117.2361126348,1,SRM-USDT
2021-08-06 00:00:00,1628179200000,4.3829000000,4.4318000000,4.3700000000,4.4002000000,55118.0981170000,242537.8758827218,242537.8758827218,1,SRM-USDT
2021-08-06 01:00:00,1628182800000,4.4011000000,4.4571000000,4.3949000000,4.4424000000,43934.9267400000,194685.9608987423,194685.9608987423,1,SRM-USDT
2021-08-06 02:00:00,1628186400000,4.4463000000,4.4623000000,4.4008000000,4.4225000000,48070.9596590000,212947.3350769673,212947.3350769673,1,SRM-USDT
2021-08-06 03:00:00,1628190000000,4.4230000000,4.4940000000,4.4214000000,4.4402000000,64730.9714070000,288945.1609198171,288945.1609198171,1,SRM-USDT
2021-08-06 04:00:00,1628193600000,4.4550000000,4.4768000000,4.4414000000,4.4662000000,36300.8915750000,161820.2450324702,161820.2450324702,1,SRM-USDT
2021-08-06 05:00:00,1628197200000,4.4692000000,4.5016000000,4.4289000000,4.4549000000,40182.5123140000,179240.4419391461,179240.4419391461,1,SRM-USDT
2021-08-06 06:00:00,1628200800000,4.4580000000,4.4754000000,4.4418000000,4.4421000000,51638.3907050000,230204.7259635821,230204.7259635821,1,SRM-USDT
2021-08-06 07:00:00,1628204400000,4.4404000000,4.4588000000,4.4274000000,4.4557000000,62116.0750340000,275937.2547056256,275937.2547056256,1,SRM-USDT
2021-08-06 08:00:00,1628208000000,4.4552000000,4.4735000000,4.3541000000,4.3609000000,96389.8425490000,425037.4860038856,425037.4860038856,1,SRM-USDT
2021-08-06 09:00:00,1628211600000,4.3680000000,4.3938000000,4.3512000000,4.3879000000,47042.5946530000,205743.7423051170,205743.7423051170,1,SRM-USDT
2021-08-06 10:00:00,1628215200000,4.3849000000,4.4025000000,4.3364000000,4.3516000000,39236.5402470000,171407.4241773941,171407.4241773941,1,SRM-USDT
2021-08-06 11:00:00,1628218800000,4.3404000000,4.3828000000,4.3270000000,4.3353000000,34060.0670850000,148465.8595473406,148465.8595473406,1,SRM-USDT
2021-08-06 12:00:00,1628222400000,4.3340000000,4.3503000000,4.3132000000,4.3290000000,36812.1667310000,159311.7855473505,159311.7855473505,1,SRM-USDT
2021-08-06 13:00:00,1628226000000,4.3309000000,4.3687000000,4.3276000000,4.3657000000,28902.1411550000,125798.9937866220,125798.9937866220,1,SRM-USDT
2021-08-06 14:00:00,1628229600000,4.3649000000,4.4040000000,4.3550000000,4.3888000000,41542.0947540000,182110.8306340005,182110.8306340005,1,SRM-USDT
2021-08-06 15:00:00,1628233200000,4.3902000000,4.3986000000,4.3633000000,4.3876000000,41383.3778630000,181275.8802466956,181275.8802466956,1,SRM-USDT
2021-08-06 16:00:00,1628236800000,4.3839000000,4.3947000000,4.3587000000,4.3872000000,42725.6441470000,187054.6058549661,187054.6058549661,1,SRM-USDT
2021-08-06 17:00:00,1628240400000,4.3839000000,4.3890000000,4.3431000000,4.3449000000,41183.3578080000,179986.3657546747,179986.3657546747,1,SRM-USDT
2021-08-06 18:00:00,1628244000000,4.3442000000,4.3742000000,4.3310000000,4.3622000000,28087.1036980000,122227.4174110455,122227.4174110455,1,SRM-USDT
2021-08-06 19:00:00,1628247600000,4.3622000000,4.3790000000,4.3434000000,4.3451000000,27538.0455370000,119912.4468444931,119912.4468444931,1,SRM-USDT
2021-08-06 20:00:00,1628251200000,4.3468000000,4.4416000000,4.3302000000,4.4023000000,59539.2128230000,261652.8536546659,261652.8536546659,1,SRM-USDT
2021-08-06 21:00:00,1628254800000,4.4043000000,4.4357000000,4.3921000000,4.4085000000,57657.1870170000,254821.4125352112,254821.4125352112,1,SRM-USDT
2021-08-06 22:00:00,1628258400000,4.4077000000,4.4880000000,4.3802000000,4.4625000000,106796.2407130000,473579.3821288634,473579.3821288634,1,SRM-USDT
2021-08-06 23:00:00,1628262000000,4.4643000000,4.5629000000,4.4623000000,4.5574000000,142862.0838040000,645522.7768566061,645522.7768566061,1,SRM-USDT
2021-08-07 00:00:00,1628265600000,4.5582000000,4.5776000000,4.5022000000,4.5292000000,176528.9548320000,800939.7555086844,800939.7555086844,1,SRM-USDT
2021-08-07 01:00:00,1628269200000,4.5274000000,4.6366000000,4.5274000000,4.6094000000,128227.7192340000,590080.2447530548,590080.2447530548,1,SRM-USDT
2021-08-07 02:00:00,1628272800000,4.6070000000,4.6127000000,4.5516000000,4.5516000000,121074.7144270000,553228.5748661553,553228.5748661553,1,SRM-USDT
2021-08-07 03:00:00,1628276400000,4.5530000000,4.5747000000,4.5129000000,4.5277000000,107225.7933950000,486827.2668916599,486827.2668916599,1,SRM-USDT
2021-08-07 04:00:00,1628280000000,4.5293000000,4.5405000000,4.4674000000,4.4841000000,51269.0937720000,230489.6839327610,230489.6839327610,1,SRM-USDT
2021-08-07 05:00:00,1628283600000,4.4868000000,4.5045000000,4.4327000000,4.4370000000,64423.5660630000,287417.3296072707,287417.3296072707,1,SRM-USDT
2021-08-07 06:00:00,1628287200000,4.4380000000,4.5080000000,4.4379000000,4.4980000000,51059.7682550000,228182.5296227405,228182.5296227405,1,SRM-USDT
2021-08-07 07:00:00,1628290800000,4.4970000000,4.5600000000,4.4590000000,4.5406000000,144686.1106480000,655233.1231407237,655233.1231407237,1,SRM-USDT
2021-08-07 08:00:00,1628294400000,4.5434000000,4.6112000000,4.4525000000,4.5937000000,216370.2538960000,981286.2681016908,981286.2681016908,1,SRM-USDT
2021-08-07 09:00:00,1628298000000,4.5872000000,4.5939000000,4.5286000000,4.5678000000,127978.3692120000,583212.7778326166,583212.7778326166,1,SRM-USDT
2021-08-07 10:00:00,1628301600000,4.5640000000,4.6262000000,4.5471000000,4.6262000000,91192.6763780000,418396.4593566635,418396.4593566635,1,SRM-USDT
2021-08-07 11:00:00,1628305200000,4.6288000000,4.6974000000,4.5883000000,4.6471000000,82017.1204030000,381148.8982248993,381148.8982248993,1,SRM-USDT
2021-08-07 12:00:00,1628308800000,4.6504000000,4.7092000000,4.6345000000,4.6345000000,80254.1622930000,375024.8706834874,375024.8706834874,1,SRM-USDT
2021-08-07 13:00:00,1628312400000,4.6362000000,4.6899000000,4.6339000000,4.6700000000,54341.7579460000,253626.2962667780,253626.2962667780,1,SRM-USDT
2021-08-07 14:00:00,1628316000000,4.6750000000,4.6750000000,4.5608000000,4.6032000000,108813.8635980000,502348.0742762360,502348.0742762360,1,SRM-USDT
2021-08-07 15:00:00,1628319600000,4.5954000000,4.6365000000,4.5712000000,4.6002000000,68513.7104700000,315296.2452730760,315296.2452730760,1,SRM-USDT
2021-08-07 16:00:00,1628323200000,4.6026000000,4.6950000000,4.5822000000,4.6770000000,53868.4232970000,250244.6793800376,250244.6793800376,1,SRM-USDT
2021-08-07 17:00:00,1628326800000,4.6774000000,4.7368000000,4.6630000000,4.7214000000,110465.5711100000,520631.4261359135,520631.4261359135,1,SRM-USDT
2021-08-07 18:00:00,1628330400000,4.7162000000,4.7578000000,4.6724000000,4.6927000000,91498.6503230000,430906.6127523638,430906.6127523638,1,SRM-USDT
2021-08-07 19:00:00,1628334000000,4.6991000000,4.7309000000,4.6624000000,4.7109000000,58354.5188150000,274079.7060473201,274079.7060473201,1,SRM-USDT
2021-08-07 20:00:00,1628337600000,4.7068000000,4.7458000000,4.5231000000,4.5501000000,183783.9015610000,854482.5925173647,854482.5925173647,1,SRM-USDT
2021-08-07 21:00:00,1628341200000,4.5518000000,4.5994000000,4.4689000000,4.4752000000,109459.5258920000,495521.5761732020,495521.5761732020,1,SRM-USDT
2021-08-07 22:00:00,1628344800000,4.4791000000,4.6069000000,4.4791000000,4.5966000000,74359.9819860000,338538.1993733104,338538.1993733104,1,SRM-USDT
2021-08-07 23:00:00,1628348400000,4.5990000000,4.6091000000,4.5117000000,4.5321000000,79194.0018390000,362171.8925776643,362171.8925776643,1,SRM-USDT
2021-08-08 00:00:00,1628352000000,4.5347000000,4.5481000000,4.3822000000,4.5436000000,179606.5964230000,801949.8968952877,801949.8968952877,1,SRM-USDT
2021-08-08 01:00:00,1628355600000,4.5422000000,4.5442000000,4.4395000000,4.4743000000,74982.9964020000,336359.3036517100,336359.3036517100,1,SRM-USDT
2021-08-08 02:00:00,1628359200000,4.4750000000,4.5164000000,4.4263000000,4.4891000000,82411.7055650000,368640.4877443427,368640.4877443427,1,SRM-USDT
2021-08-08 03:00:00,1628362800000,4.4883000000,4.5471000000,4.4790000000,4.5331000000,44438.1669800000,200474.4683889863,200474.4683889863,1,SRM-USDT
2021-08-08 04:00:00,1628366400000,4.5302000000,4.5593000000,4.4988000000,4.5542000000,50056.8972160000,226824.1327373917,226824.1327373917,1,SRM-USDT
2021-08-08 05:00:00,1628370000000,4.5520000000,4.5957000000,4.4878000000,4.5076000000,48940.8400250000,223008.5401447121,223008.5401447121,1,SRM-USDT
2021-08-08 06:00:00,1628373600000,4.5059000000,4.5517000000,4.5002000000,4.5147000000,130391.4159510000,589330.6690198455,589330.6690198455,1,SRM-USDT
2021-08-08 07:00:00,1628377200000,4.5173000000,4.5990000000,4.5173000000,4.5965000000,50812.4811980000,232408.9408704588,232408.9408704588,1,SRM-USDT
2021-08-08 08:00:00,1628380800000,4.5926000000,4.6386000000,4.5249000000,4.5589000000,107874.5086950000,493549.9604281480,493549.9604281480,1,SRM-USDT
2021-08-08 09:00:00,1628384400000,4.5557000000,4.5557000000,4.4354000000,4.4504000000,84790.6568450000,379410.2119286756,379410.2119286756,1,SRM-USDT
2021-08-08 10:00:00,1628388000000,4.4493000000,4.4652000000,4.4134000000,4.4479000000,57386.5164490000,254670.4007829110,254670.4007829110,1,SRM-USDT
2021-08-08 11:00:00,1628391600000,4.4430000000,4.4911000000,4.4370000000,4.4885000000,74904.1216560000,334138.7505626466,334138.7505626466,1,SRM-USDT
2021-08-08 12:00:00,1628395200000,4.4924000000,4.5087000000,4.4497000000,4.4578000000,36213.2380920000,162087.2633628975,162087.2633628975,1,SRM-USDT
2021-08-08 13:00:00,1628398800000,4.4596000000,4.4962000000,4.4340000000,4.4884000000,83331.1635570000,371706.9781156315,371706.9781156315,1,SRM-USDT
2021-08-08 14:00:00,1628402400000,4.4918000000,4.5481000000,4.4785000000,4.5438000000,60178.2724160000,271626.0867800197,271626.0867800197,1,SRM-USDT
2021-08-08 15:00:00,1628406000000,4.5470000000,4.5486000000,4.4889000000,4.4947000000,50815.3948860000,229893.5772485023,229893.5772485023,1,SRM-USDT
2021-08-08 16:00:00,1628409600000,4.4942000000,4.5550000000,4.4488000000,4.4493000000,68115.2084310000,306526.5342743786,306526.5342743786,1,SRM-USDT
2021-08-08 17:00:00,1628413200000,4.4515000000,4.5053000000,4.4510000000,4.4690000000,25598.1764430000,114703.1709134838,114703.1709134838,1,SRM-USDT
2021-08-08 18:00:00,1628416800000,4.4769000000,4.4909000000,4.4000000000,4.4189000000,107000.8825270000,473248.6757244703,473248.6757244703,1,SRM-USDT
2021-08-08 19:00:00,1628420400000,4.4178000000,4.4667000000,4.4152000000,4.4360000000,64291.9055120000,285449.7551913913,285449.7551913913,1,SRM-USDT
2021-08-08 20:00:00,1628424000000,4.4309000000,4.4781000000,4.4141000000,4.4664000000,105737.5361230000,468790.9817662451,468790.9817662451,1,SRM-USDT
2021-08-08 21:00:00,1628427600000,4.4689000000,4.4801000000,4.4104000000,4.4284000000,58015.1613130000,258103.7921508537,258103.7921508537,1,SRM-USDT
2021-08-08 22:00:00,1628431200000,4.4249000000,4.4405000000,4.2696000000,4.2776000000,147047.7463660000,638540.4073088269,638540.4073088269,1,SRM-USDT
2021-08-08 23:00:00,1628434800000,4.2793000000,4.3166000000,4.2696000000,4.2925000000,118761.9015760000,509757.8897979276,509757.8897979276,1,SRM-USDT
2021-08-09 00:00:00,1628438400000,4.2918000000,4.3245000000,4.2222000000,4.2330000000,124663.8945570000,532973.1934304129,532973.1934304129,1,SRM-USDT
2021-08-09 01:00:00,1628442000000,4.2287000000,4.2515000000,4.1716000000,4.1980000000,84528.4108720000,355151.0152353848,355151.0152353848,1,SRM-USDT
2021-08-09 02:00:00,1628445600000,4.1936000000,4.2322000000,4.1730000000,4.1853000000,67130.9131230000,281922.0996983903,281922.0996983903,1,SRM-USDT
2021-08-09 03:00:00,1628449200000,4.1809000000,4.2227000000,4.1449000000,4.1895000000,57071.1033100000,238234.2733178550,238234.2733178550,1,SRM-USDT
2021-08-09 04:00:00,1628452800000,4.1904000000,4.2338000000,4.1465000000,4.2139000000,81737.7553480000,342703.6270773406,342703.6270773406,1,SRM-USDT
2021-08-09 05:00:00,1628456400000,4.2151000000,4.2930000000,4.2000000000,4.2889000000,64934.3421650000,276405.0977245505,276405.0977245505,1,SRM-USDT
2021-08-09 06:00:00,1628460000000,4.2892000000,4.3113000000,4.2787000000,4.2804000000,43850.6035180000,188338.9511128727,188338.9511128727,1,SRM-USDT
2021-08-09 07:00:00,1628463600000,4.2807000000,4.3119000000,4.2293000000,4.2537000000,59961.2187270000,256052.1223352558,256052.1223352558,1,SRM-USDT
2021-08-09 08:00:00,1628467200000,4.2538000000,4.2676000000,4.0854000000,4.0888000000,119354.7410840000,496052.9340409623,496052.9340409623,1,SRM-USDT
2021-08-09 09:00:00,1628470800000,4.0875000000,4.1058000000,4.0278000000,4.0798000000,101892.5917820000,414714.4006562733,414714.4006562733,1,SRM-USDT
2021-08-09 10:00:00,1628474400000,4.0768000000,4.1381000000,4.0763000000,4.1301000000,36556.1164530000,150256.7033340133,150256.7033340133,1,SRM-USDT
2021-08-09 11:00:00,1628478000000,4.1295000000,4.1779000000,4.1184000000,4.1677000000,56768.8367200000,235154.0201980172,235154.0201980172,1,SRM-USDT
2021-08-09 12:00:00,1628481600000,4.1682000000,4.1813000000,4.1106000000,4.1810000000,45808.5159940000,190276.8952080325,190276.8952080325,1,SRM-USDT
2021-08-09 13:00:00,1628485200000,4.1777000000,4.1921000000,4.1560000000,4.1767000000,29114.3577870000,121663.4846030556,121663.4846030556,1,SRM-USDT
2021-08-09 14:00:00,1628488800000,4.1854000000,4.1960000000,4.1190000000,4.1602000000,38766.2612630000,160892.5234246817,160892.5234246817,1,SRM-USDT
2021-08-09 15:00:00,1628492400000,4.1593000000,4.2306000000,4.1593000000,4.2306000000,40262.9158830000,168632.3233650585,168632.3233650585,1,SRM-USDT
2021-08-09 16:00:00,1628496000000,4.2252000000,4.4190000000,4.2209000000,4.3976000000,253034.2393660000,1094466.3040390422,1094466.3040390422,1,SRM-USDT
2021-08-09 17:00:00,1628499600000,4.4043000000,4.5005000000,4.4030000000,4.4860000000,136122.6038450000,606592.3105109101,606592.3105109101,1,SRM-USDT
2021-08-09 18:00:00,1628503200000,4.4832000000,4.5404000000,4.4450000000,4.5327000000,145089.4606810000,650623.8044797345,650623.8044797345,1,SRM-USDT
2021-08-09 19:00:00,1628506800000,4.5364000000,4.5712000000,4.5088000000,4.5423000000,85976.7882970000,390224.7299474731,390224.7299474731,1,SRM-USDT
2021-08-09 20:00:00,1628510400000,4.5459000000,4.5567000000,4.4852000000,4.5425000000,64102.7295660000,289545.0475485104,289545.0475485104,1,SRM-USDT
2021-08-09 21:00:00,1628514000000,4.5426000000,4.6240000000,4.5001000000,4.5175000000,114175.7257680000,521556.8697571675,521556.8697571675,1,SRM-USDT
2021-08-09 22:00:00,1628517600000,4.5147000000,4.5875000000,4.5102000000,4.5184000000,78313.7392760000,355919.9761607689,355919.9761607689,1,SRM-USDT
2021-08-09 23:00:00,1628521200000,4.5203000000,4.6555000000,4.5203000000,4.5857000000,177803.6123450000,816766.9328501516,816766.9328501516,1,SRM-USDT
2021-08-10 00:00:00,1628524800000,4.5869000000,4.6027000000,4.5329000000,4.5567000000,50201.6320330000,229309.8400696118,229309.8400696118,1,SRM-USDT
2021-08-10 01:00:00,1628528400000,4.5619000000,4.5700000000,4.5292000000,4.5407000000,47858.1759400000,217466.0123821993,217466.0123821993,1,SRM-USDT
2021-08-10 02:00:00,1628532000000,4.5453000000,4.5788000000,4.5345000000,4.5444000000,59833.0070900000,272409.0777797246,272409.0777797246,1,SRM-USDT
2021-08-10 03:00:00,1628535600000,4.5428000000,4.5547000000,4.4612000000,4.4783000000,156481.8767270000,705731.6378035169,705731.6378035169,1,SRM-USDT
2021-08-10 04:00:00,1628539200000,4.4799000000,4.5029000000,4.4088000000,4.4130000000,87669.2472840000,389394.3309496170,389394.3309496170,1,SRM-USDT
2021-08-10 05:00:00,1628542800000,4.4155000000,4.4605000000,4.3740000000,4.4599000000,50099.4265120000,221750.2547683045,221750.2547683045,1,SRM-USDT
2021-08-10 06:00:00,1628546400000,4.4610000000,4.5726000000,4.4468000000,4.5620000000,30064.3038420000,135704.9677737406,135704.9677737406,1,SRM-USDT
2021-08-10 07:00:00,1628550000000,4.5623000000,4.6144000000,4.5518000000,4.5771000000,54745.9605760000,250940.6050833062,250940.6050833062,1,SRM-USDT
2021-08-10 08:00:00,1628553600000,4.5759000000,4.6076000000,4.4612000000,4.4881000000,71209.8517520000,322717.7239505002,322717.7239505002,1,SRM-USDT
2021-08-10 09:00:00,1628557200000,4.4870000000,4.5128000000,4.4402000000,4.5128000000,86374.8956020000,387142.8165975008,387142.8165975008,1,SRM-USDT
2021-08-10 10:00:00,1628560800000,4.5104000000,4.8977000000,4.5073000000,4.8631000000,392767.5162570000,1860702.6020456911,1860702.6020456911,1,SRM-USDT
2021-08-10 11:00:00,1628564400000,4.8596000000,5.0954000000,4.8039000000,4.8140000000,511686.5883850000,2515936.7004778003,2515936.7004778003,1,SRM-USDT
2021-08-10 12:00:00,1628568000000,4.8125000000,4.8700000000,4.7809000000,4.8537000000,124915.2383390000,601484.8938797802,601484.8938797802,1,SRM-USDT
2021-08-10 13:00:00,1628571600000,4.8523000000,5.0000000000,4.8405000000,4.8716000000,165184.7772710000,810648.7985540438,810648.7985540438,1,SRM-USDT
2021-08-10 14:00:00,1628575200000,4.8666000000,4.9308000000,4.8365000000,4.8994000000,147213.6057000000,718396.1936915912,718396.1936915912,1,SRM-USDT
2021-08-10 15:00:00,1628578800000,4.8984000000,4.8984000000,4.8005000000,4.8440000000,103406.3071660000,500431.5949225254,500431.5949225254,1,SRM-USDT
2021-08-10 16:00:00,1628582400000,4.8452000000,4.9361000000,4.8411000000,4.8780000000,87509.4439540000,427132.6509663234,427132.6509663234,1,SRM-USDT
2021-08-10 17:00:00,1628586000000,4.8803000000,4.9593000000,4.8562000000,4.8778000000,99713.9453510000,489258.2257919028,489258.2257919028,1,SRM-USDT
2021-08-10 18:00:00,1628589600000,4.8822000000,4.9161000000,4.7507000000,4.7601000000,111850.9058700000,537249.1601247955,537249.1601247955,1,SRM-USDT
2021-08-10 19:00:00,1628593200000,4.7647000000,4.7951000000,4.7207000000,4.7567000000,145941.8437210000,694518.2481924889,694518.2481924889,1,SRM-USDT
2021-08-10 20:00:00,1628596800000,4.7583000000,4.8290000000,4.7372000000,4.8245000000,56711.9696400000,272005.9991646414,272005.9991646414,1,SRM-USDT
2021-08-10 21:00:00,1628600400000,4.8272000000,4.8512000000,4.7186000000,4.7221000000,84683.4705820000,407203.9655951951,407203.9655951951,1,SRM-USDT
2021-08-10 22:00:00,1628604000000,4.7266000000,4.7266000000,4.6182000000,4.6635000000,126371.6926440000,591336.8908510335,591336.8908510335,1,SRM-USDT
2021-08-10 23:00:00,1628607600000,4.6625000000,4.6676000000,4.5738000000,4.6133000000,91187.7076760000,422162.1150462159,422162.1150462159,1,SRM-USDT
2021-08-11 00:00:00,1628611200000,4.6110000000,4.6293000000,4.5006000000,4.5293000000,110037.5087060000,501430.9865625007,501430.9865625007,1,SRM-USDT
2021-08-11 01:00:00,1628614800000,4.5304000000,4.6349000000,4.5304000000,4.6140000000,61444.9557210000,281952.5413644489,281952.5413644489,1,SRM-USDT
2021-08-11 02:00:00,1628618400000,4.6172000000,4.6488000000,4.5867000000,4.6384000000,64220.4493420000,297177.6931573491,297177.6931573491,1,SRM-USDT
2021-08-11 03:00:00,1628622000000,4.6404000000,4.6606000000,4.6235000000,4.6371000000,33876.5703940000,157420.1496709485,157420.1496709485,1,SRM-USDT
2021-08-11 04:00:00,1628625600000,4.6383000000,4.6853000000,4.6306000000,4.6699000000,69343.2512740000,323751.0206580652,323751.0206580652,1,SRM-USDT
2021-08-11 05:00:00,1628629200000,4.6687000000,4.6995000000,4.6489000000,4.6708000000,44985.9272450000,210186.4010269625,210186.4010269625,1,SRM-USDT
2021-08-11 06:00:00,1628632800000,4.6695000000,4.6996000000,4.6512000000,4.6652000000,51848.7188320000,242602.5947151722,242602.5947151722,1,SRM-USDT
2021-08-11 07:00:00,1628636400000,4.6606000000,4.6888000000,4.6206000000,4.6414000000,39123.4908910000,182112.2845757793,182112.2845757793,1,SRM-USDT
2021-08-11 08:00:00,1628640000000,4.6410000000,4.6894000000,4.6253000000,4.6611000000,87860.6181720000,408904.2367802963,408904.2367802963,1,SRM-USDT
2021-08-11 09:00:00,1628643600000,4.6608000000,4.7678000000,4.6405000000,4.7397000000,103003.7333970000,485931.8769143859,485931.8769143859,1,SRM-USDT
2021-08-11 10:00:00,1628647200000,4.7427000000,4.7823000000,4.6890000000,4.7250000000,135449.2526220000,642629.7270853275,642629.7270853275,1,SRM-USDT
2021-08-11 11:00:00,1628650800000,4.7247000000,4.7714000000,4.7000000000,4.7434000000,53404.1712770000,252653.4108448425,252653.4108448425,1,SRM-USDT
2021-08-11 12:00:00,1628654400000,4.7471000000,4.8757000000,4.7327000000,4.8351000000,139668.9775000000,671640.6681827650,671640.6681827650,1,SRM-USDT
2021-08-11 13:00:00,1628658000000,4.8341000000,5.0820000000,4.8182000000,5.0820000000,189093.0680940000,935858.6831666944,935858.6831666944,1,SRM-USDT
2021-08-11 14:00:00,1628661600000,5.0803000000,5.0999000000,4.9130000000,4.9558000000,270950.6439870000,1352074.5209918334,1352074.5209918334,1,SRM-USDT
2021-08-11 15:00:00,1628665200000,4.9566000000,4.9800000000,4.8933000000,4.9162000000,121782.0235350000,602319.0926680755,602319.0926680755,1,SRM-USDT
2021-08-11 16:00:00,1628668800000,4.9198000000,4.9649000000,4.8903000000,4.9633000000,76869.7559570000,379272.7741061519,379272.7741061519,1,SRM-USDT
2021-08-11 17:00:00,1628672400000,4.9631000000,5.0485000000,4.9497000000,5.0345000000,159886.0319140000,800660.2081876858,800660.2081876858,1,SRM-USDT
2021-08-11 18:00:00,1628676000000,5.0336000000,5.0789000000,4.9733000000,5.0711000000,151877.7451670000,762569.8324798881,762569.8324798881,1,SRM-USDT
2021-08-11 19:00:00,1628679600000,5.0718000000,5.1697000000,5.0227000000,5.0375000000,219555.0325420000,1118838.4542110581,1118838.4542110581,1,SRM-USDT
2021-08-11 20:00:00,1628683200000,5.0377000000,5.2490000000,4.9783000000,5.1426000000,411446.3487370000,2107673.7722979742,2107673.7722979742,1,SRM-USDT
2021-08-11 21:00:00,1628686800000,5.1428000000,5.2037000000,5.1050000000,5.1703000000,154660.8540900000,795447.5832428860,795447.5832428860,1,SRM-USDT
2021-08-11 22:00:00,1628690400000,5.1732000000,5.1843000000,5.1190000000,5.1257000000,101508.7125730000,522220.7200096382,522220.7200096382,1,SRM-USDT
2021-08-11 23:00:00,1628694000000,5.1243000000,5.1444000000,5.0417000000,5.0572000000,120703.4504740000,616053.8451737929,616053.8451737929,1,SRM-USDT
2021-08-12 00:00:00,1628697600000,5.0587000000,5.1480000000,5.0309000000,5.1000000000,87166.2120850000,444394.0711858522,444394.0711858522,1,SRM-USDT
2021-08-12 01:00:00,1628701200000,5.0994000000,5.1451000000,5.0823000000,5.1262000000,50766.4173140000,259187.3566443738,259187.3566443738,1,SRM-USDT
2021-08-12 02:00:00,1628704800000,5.1240000000,5.1432000000,5.0747000000,5.1423000000,43909.9534100000,224250.9585507152,224250.9585507152,1,SRM-USDT
2021-08-12 03:00:00,1628708400000,5.1414000000,5.1809000000,5.1137000000,5.1299000000,95539.9573890000,490906.1748411434,490906.1748411434,1,SRM-USDT
2021-08-12 04:00:00,1628712000000,5.1282000000,5.1562000000,5.0920000000,5.0935000000,67027.9252320000,343942.0918371701,343942.0918371701,1,SRM-USDT
2021-08-12 05:00:00,1628715600000,5.0952000000,5.0952000000,4.9094000000,4.9960000000,181469.5398440000,905037.4898767804,905037.4898767804,1,SRM-USDT
2021-08-12 06:00:00,1628719200000,4.9929000000,4.9929000000,4.8167000000,4.8449000000,231783.4842350000,1127312.8291293413,1127312.8291293413,1,SRM-USDT
2021-08-12 07:00:00,1628722800000,4.8456000000,4.8753000000,4.8198000000,4.8442000000,100631.4990470000,488004.5400907588,488004.5400907588,1,SRM-USDT
2021-08-12 08:00:00,1628726400000,4.8395000000,4.9409000000,4.8173000000,4.9404000000,109152.8936440000,533836.0098720759,533836.0098720759,1,SRM-USDT
2021-08-12 09:00:00,1628730000000,4.9299000000,5.0221000000,4.9107000000,5.0150000000,97398.9507030000,484237.0620282877,484237.0620282877,1,SRM-USDT
2021-08-12 10:00:00,1628733600000,5.0130000000,5.1050000000,5.0130000000,5.0992000000,58015.6594530000,293015.1673140164,293015.1673140164,1,SRM-USDT
2021-08-12 11:00:00,1628737200000,5.0943000000,5.1225000000,5.0288000000,5.0341000000,56937.6356880000,290055.2076195713,290055.2076195713,1,SRM-USDT
2021-08-12 12:00:00,1628740800000,5.0369000000,5.1067000000,4.9177000000,4.9332000000,143861.9681490000,717117.0196999155,717117.0196999155,1,SRM-USDT
2021-08-12 13:00:00,1628744400000,4.9324000000,4.9343000000,4.6635000000,4.7493000000,286760.4163040000,1371189.6854922569,1371189.6854922569,1,SRM-USDT
2021-08-12 14:00:00,1628748000000,4.7419000000,4.7701000000,4.6774000000,4.7572000000,75175.0353000000,354937.3646785719,354937.3646785719,1,SRM-USDT
2021-08-12 15:00:00,1628751600000,4.7572000000,4.8294000000,4.7256000000,4.8234000000,61115.8757280000,292702.3643571512,292702.3643571512,1,SRM-USDT
2021-08-12 16:00:00,1628755200000,4.8232000000,4.8388000000,4.7822000000,4.8064000000,42067.6419250000,202655.0489383368,202655.0489383368,1,SRM-USDT
2021-08-12 17:00:00,1628758800000,4.8014000000,4.8600000000,4.7065000000,4.8161000000,113425.9034940000,544050.1176876192,544050.1176876192,1,SRM-USDT
2021-08-12 18:00:00,1628762400000,4.8172000000,4.8670000000,4.8139000000,4.8315000000,90086.5666930000,436483.1633196047,436483.1633196047,1,SRM-USDT
2021-08-12 19:00:00,1628766000000,4.8291000000,4.8484000000,4.6963000000,4.6963000000,147523.1820240000,704955.8629098416,704955.8629098416,1,SRM-USDT
2021-08-12 20:00:00,1628769600000,4.7000000000,4.7359000000,4.6215000000,4.6853000000,111312.0710270000,520223.6102582902,520223.6102582902,1,SRM-USDT
2021-08-12 21:00:00,1628773200000,4.6786000000,4.7092000000,4.6533000000,4.6732000000,68911.9862630000,322997.1389257229,322997.1389257229,1,SRM-USDT
2021-08-12 22:00:00,1628776800000,4.6729000000,4.6729000000,4.4808000000,4.5212000000,183263.0881430000,839823.2213938262,839823.2213938262,1,SRM-USDT
2021-08-12 23:00:00,1628780400000,4.5170000000,4.5931000000,4.5116000000,4.5524000000,91015.6391090000,414321.7800544852,414321.7800544852,1,SRM-USDT
2021-08-13 00:00:00,1628784000000,4.5533000000,4.5749000000,4.4487000000,4.5020000000,119656.6625140000,538212.2096731254,538212.2096731254,1,SRM-USDT
2021-08-13 01:00:00,1628787600000,4.5031000000,4.6301000000,4.4886000000,4.5691000000,105077.3073820000,481159.5686461917,481159.5686461917,1,SRM-USDT
2021-08-13 02:00:00,1628791200000,4.5708000000,4.6660000000,4.5708000000,4.6608000000,56147.4750700000,260245.7734759355,260245.7734759355,1,SRM-USDT
2021-08-13 03:00:00,1628794800000,4.6608000000,4.6646000000,4.6265000000,4.6329000000,32604.9174680000,151480.3750165976,151480.3750165976,1,SRM-USDT
2021-08-13 04:00:00,1628798400000,4.6431000000,4.6924000000,4.5903000000,4.6549000000,59020.8361170000,275085.0474788531,275085.0474788531,1,SRM-USDT
2021-08-13 05:00:00,1628802000000,4.6518000000,4.7163000000,4.6018000000,4.6668000000,67198.5518210000,312247.4040312150,312247.4040312150,1,SRM-USDT
2021-08-13 06:00:00,1628805600000,4.6501000000,4.6780000000,4.5191000000,4.5462000000,53211.1100550000,243222.2237726051,243222.2237726051,1,SRM-USDT
2021-08-13 07:00:00,1628809200000,4.5452000000,4.7023000000,4.5410000000,4.6944000000,84197.8244160000,390233.9248253827,390233.9248253827,1,SRM-USDT
2021-08-13 08:00:00,1628812800000,4.6951000000,4.7610000000,4.6419000000,4.7386000000,128661.4071450000,606614.5398392228,606614.5398392228,1,SRM-USDT
2021-08-13 09:00:00,1628816400000,4.7416000000,4.8316000000,4.7153000000,4.7974000000,118046.7381610000,564585.7086470315,564585.7086470315,1,SRM-USDT
2021-08-13 10:00:00,1628820000000,4.7940000000,4.8244000000,4.7826000000,4.8042000000,202755.4420580000,974038.3518110454,974038.3518110454,1,SRM-USDT
2021-08-13 11:00:00,1628823600000,4.8047000000,4.8120000000,4.7620000000,4.7677000000,282140.1930560000,1350974.3331133444,1350974.3331133444,1,SRM-USDT
2021-08-13 12:00:00,1628827200000,4.7723000000,4.7780000000,4.7235000000,4.7604000000,383640.6907150000,1823693.6086252041,1823693.6086252041,1,SRM-USDT
2021-08-13 13:00:00,1628830800000,4.7621000000,4.8197000000,4.7523000000,4.8049000000,305160.0764660000,1462174.1064781109,1462174.1064781109,1,SRM-USDT
2021-08-13 14:00:00,1628834400000,4.8048000000,4.8679000000,4.7818000000,4.8645000000,348555.9029070000,1678971.4045791463,1678971.4045791463,1,SRM-USDT
2021-08-13 15:00:00,1628838000000,4.8646000000,4.9497000000,4.8646000000,4.9266000000,113556.8654100000,557543.6465559066,557543.6465559066,1,SRM-USDT
2021-08-13 16:00:00,1628841600000,4.9314000000,4.9790000000,4.8932000000,4.9769000000,59932.3711320000,296218.7006258673,296218.7006258673,1,SRM-USDT
2021-08-13 17:00:00,1628845200000,4.9791000000,4.9968000000,4.9353000000,4.9471000000,81179.0789160000,403598.5864795248,403598.5864795248,1,SRM-USDT
2021-08-13 18:00:00,1628848800000,4.9556000000,4.9658000000,4.9221000000,4.9221000000,51917.9866870000,256582.5418883794,256582.5418883794,1,SRM-USDT
2021-08-13 19:00:00,1628852400000,4.9252000000,4.9882000000,4.8813000000,4.8823000000,94369.0105230000,467947.2289629819,467947.2289629819,1,SRM-USDT
2021-08-13 20:00:00,1628856000000,4.8949000000,5.0115000000,4.8932000000,4.9778000000,118225.5435180000,587366.5697296985,587366.5697296985,1,SRM-USDT
2021-08-13 21:00:00,1628859600000,4.9788000000,5.0263000000,4.9601000000,5.0086000000,70357.8224800000,351373.7137551099,351373.7137551099,1,SRM-USDT
2021-08-13 22:00:00,1628863200000,5.0110000000,5.0243000000,4.9060000000,4.9362000000,69067.5262150000,342006.0328081756,342006.0328081756,1,SRM-USDT
2021-08-13 23:00:00,1628866800000,4.9429000000,4.9629000000,4.8122000000,4.8752000000,115038.5555110000,559641.8845074777,559641.8845074777,1,SRM-USDT
2021-08-14 00:00:00,1628870400000,4.8750000000,4.8971000000,4.8361000000,4.8811000000,54511.6463980000,265478.3736435579,265478.3736435579,1,SRM-USDT
2021-08-14 01:00:00,1628874000000,4.8788000000,4.9083000000,4.8421000000,4.8980000000,31385.4725510000,152841.6855948266,152841.6855948266,1,SRM-USDT
2021-08-14 02:00:00,1628877600000,4.8912000000,4.9119000000,4.8607000000,4.8881000000,39249.9731430000,191725.0883141539,191725.0883141539,1,SRM-USDT
2021-08-14 03:00:00,1628881200000,4.8874000000,4.8874000000,4.8061000000,4.8234000000,57969.1521200000,280855.6573357809,280855.6573357809,1,SRM-USDT
2021-08-14 04:00:00,1628884800000,4.8254000000,5.1088000000,4.8106000000,5.1058000000,333620.0053850000,1674989.6678255913,1674989.6678255913,1,SRM-USDT
2021-08-14 05:00:00,1628888400000,5.1056000000,5.2757000000,5.1005000000,5.2757000000,286364.3541750000,1484088.3089064003,1484088.3089064003,1,SRM-USDT
2021-08-14 06:00:00,1628892000000,5.2710000000,5.2808000000,5.1452000000,5.1651000000,216461.5878280000,1125740.3954570957,1125740.3954570957,1,SRM-USDT
2021-08-14 07:00:00,1628895600000,5.1644000000,5.2254000000,5.1632000000,5.2251000000,101754.9997150000,528118.6088982339,528118.6088982339,1,SRM-USDT
2021-08-14 08:00:00,1628899200000,5.2240000000,5.2296000000,5.0850000000,5.0970000000,159326.0371990000,820347.7728043101,820347.7728043101,1,SRM-USDT
2021-08-14 09:00:00,1628902800000,5.1028000000,5.1615000000,5.0912000000,5.0933000000,64425.8100660000,330568.2595870555,330568.2595870555,1,SRM-USDT
2021-08-14 10:00:00,1628906400000,5.0911000000,5.1133000000,5.0562000000,5.0926000000,54440.4714780000,276789.0236791820,276789.0236791820,1,SRM-USDT
2021-08-14 11:00:00,1628910000000,5.0911000000,5.1143000000,5.0626000000,5.0861000000,33605.7425920000,170870.2753317896,170870.2753317896,1,SRM-USDT
2021-08-14 12:00:00,1628913600000,5.0864000000,5.1205000000,5.0431000000,5.0552000000,57396.5087500000,291965.8231433811,291965.8231433811,1,SRM-USDT
2021-08-14 13:00:00,1628917200000,5.0583000000,5.1098000000,5.0511000000,5.1052000000,47826.8009810000,243508.9265984104,243508.9265984104,1,SRM-USDT
2021-08-14 14:00:00,1628920800000,5.1042000000,5.1615000000,5.0899000000,5.1370000000,77435.2659230000,397420.9622187911,397420.9622187911,1,SRM-USDT
2021-08-14 15:00:00,1628924400000,5.1381000000,5.1790000000,5.1226000000,5.1376000000,88301.4379360000,455129.8142685768,455129.8142685768,1,SRM-USDT
2021-08-14 16:00:00,1628928000000,5.1415000000,5.1657000000,5.1097000000,5.1225000000,45614.1512190000,234420.8364561143,234420.8364561143,1,SRM-USDT
2021-08-14 17:00:00,1628931600000,5.1246000000,5.1898000000,4.9567000000,4.9974000000,213540.2379560000,1085244.3198622924,1085244.3198622924,1,SRM-USDT
2021-08-14 18:00:00,1628935200000,5.0026000000,5.0557000000,4.8705000000,4.9411000000,311118.5023050000,1547049.8155410497,1547049.8155410497,1,SRM-USDT
2021-08-14 19:00:00,1628938800000,4.9386000000,5.0450000000,4.8859000000,5.0415000000,119814.4497060000,595153.5250834047,595153.5250834047,1,SRM-USDT
2021-08-14 20:00:00,1628942400000,5.0435000000,5.0636000000,4.9654000000,4.9654000000,115194.1650050000,578618.3075175527,578618.3075175527,1,SRM-USDT
2021-08-14 21:00:00,1628946000000,4.9620000000,5.0130000000,4.9353000000,4.9980000000,80327.8970450000,399499.8853348930,399499.8853348930,1,SRM-USDT
2021-08-14 22:00:00,1628949600000,4.9986000000,5.1393000000,4.9811000000,5.1261000000,116873.2382530000,593328.0730680758,593328.0730680758,1,SRM-USDT
2021-08-14 23:00:00,1628953200000,5.1268000000,5.1268000000,5.0302000000,5.1032000000,55817.8033460000,284174.4620461317,284174.4620461317,1,SRM-USDT
2021-08-15 00:00:00,1628956800000,5.1038000000,5.1106000000,5.0343000000,5.0681000000,38816.4064650000,196884.6901723996,196884.6901723996,1,SRM-USDT
2021-08-15 01:00:00,1628960400000,5.0663000000,5.0693000000,4.9995000000,5.0313000000,54541.3616500000,274462.3113828744,274462.3113828744,1,SRM-USDT
2021-08-15 02:00:00,1628964000000,5.0215000000,5.0668000000,5.0060000000,5.0497000000,60432.9644740000,304426.5855360811,304426.5855360811,1,SRM-USDT
2021-08-15 03:00:00,1628967600000,5.0461000000,5.1487000000,5.0252000000,5.1255000000,110151.6546600000,559753.6894496963,559753.6894496963,1,SRM-USDT
2021-08-15 04:00:00,1628971200000,5.1201000000,5.1360000000,5.0045000000,5.1253000000,110027.1389120000,557386.3429299025,557386.3429299025,1,SRM-USDT
2021-08-15 05:00:00,1628974800000,5.1235000000,5.2605000000,5.1227000000,5.2107000000,155784.7587560000,808924.2109251181,808924.2109251181,1,SRM-USDT
2021-08-15 06:00:00,1628978400000,5.2116000000,5.2195000000,5.1536000000,5.1927000000,70322.2952200000,365011.0321042147,365011.0321042147,1,SRM-USDT
2021-08-15 07:00:00,1628982000000,5.1969000000,5.2576000000,5.1937000000,5.2391000000,62523.4171720000,326998.6821198638,326998.6821198638,1,SRM-USDT
2021-08-15 08:00:00,1628985600000,5.2343000000,5.2683000000,5.1154000000,5.1919000000,91514.0032860000,475957.9999274503,475957.9999274503,1,SRM-USDT
2021-08-15 09:00:00,1628989200000,5.1898000000,5.2439000000,5.1704000000,5.1883000000,78918.7143540000,410652.9325963836,410652.9325963836,1,SRM-USDT
2021-08-15 10:00:00,1628992800000,5.1905000000,5.2335000000,5.1834000000,5.2141000000,38528.8109550000,200843.7058352283,200843.7058352283,1,SRM-USDT
2021-08-15 11:00:00,1628996400000,5.2116000000,5.2348000000,5.1120000000,5.1193000000,96644.3598400000,500573.1598994945,500573.1598994945,1,SRM-USDT
2021-08-15 12:00:00,1629000000000,5.1147000000,5.1501000000,5.0415000000,5.1407000000,88706.5545750000,451375.2297112892,451375.2297112892,1,SRM-USDT
2021-08-15 13:00:00,1629003600000,5.1388000000,5.1817000000,5.1075000000,5.1268000000,52900.7450210000,272279.2792571542,272279.2792571542,1,SRM-USDT
2021-08-15 14:00:00,1629007200000,5.1252000000,5.3003000000,5.0868000000,5.2661000000,182611.5177010000,954735.6431200934,954735.6431200934,1,SRM-USDT
2021-08-15 15:00:00,1629010800000,5.2682000000,5.3900000000,5.1091000000,5.1475000000,365987.3585630000,1928691.9487459187,1928691.9487459187,1,SRM-USDT
2021-08-15 16:00:00,1629014400000,5.1476000000,5.1806000000,5.0823000000,5.1177000000,134588.9599880000,690768.2293839348,690768.2293839348,1,SRM-USDT
2021-08-15 17:00:00,1629018000000,5.1049000000,5.3230000000,5.0865000000,5.3017000000,175948.5782080000,920834.8701089404,920834.8701089404,1,SRM-USDT
2021-08-15 18:00:00,1629021600000,5.2973000000,5.3479000000,5.2177000000,5.2746000000,104217.0849100000,550156.2846944496,550156.2846944496,1,SRM-USDT
2021-08-15 19:00:00,1629025200000,5.2609000000,5.3139000000,5.1751000000,5.2928000000,131782.7630340000,692763.4691031924,692763.4691031924,1,SRM-USDT
2021-08-15 20:00:00,1629028800000,5.2915000000,5.4087000000,5.2494000000,5.3535000000,196866.8309350000,1053075.3346682948,1053075.3346682948,1,SRM-USDT
2021-08-15 21:00:00,1629032400000,5.3480000000,5.7153000000,5.3295000000,5.7153000000,934612.6538210000,5184581.6794319684,5184581.6794319684,1,SRM-USDT
2021-08-15 22:00:00,1629036000000,5.7107000000,5.7296000000,5.5020000000,5.5370000000,606072.2565650000,3400251.6806633854,3400251.6806633854,1,SRM-USDT
2021-08-15 23:00:00,1629039600000,5.5302000000,5.6753000000,5.5240000000,5.6652000000,275160.7185480000,1541772.9062598485,1541772.9062598485,1,SRM-USDT
2021-08-16 00:00:00,1629043200000,5.6662000000,5.7122000000,5.5659000000,5.6393000000,231353.5165480000,1303491.4254859346,1303491.4254859346,1,SRM-USDT
2021-08-16 01:00:00,1629046800000,5.6383000000,5.8467000000,5.5337000000,5.8217000000,388094.9353880000,2204319.0191522604,2204319.0191522604,1,SRM-USDT
2021-08-16 02:00:00,1629050400000,5.8208000000,5.8650000000,5.7002000000,5.7449000000,560914.0271590000,3240296.6957548242,3240296.6957548242,1,SRM-USDT
2021-08-16 03:00:00,1629054000000,5.7445000000,5.8142000000,5.7001000000,5.7846000000,163114.9059830000,938261.2187597376,938261.2187597376,1,SRM-USDT
2021-08-16 04:00:00,1629057600000,5.7846000000,5.8030000000,5.7185000000,5.7550000000,169430.3060330000,974794.9156013060,974794.9156013060,1,SRM-USDT
2021-08-16 05:00:00,1629061200000,5.7575000000,5.8525000000,5.7248000000,5.7604000000,212272.0709690000,1225502.3084002670,1225502.3084002670,1,SRM-USDT
2021-08-16 06:00:00,1629064800000,5.7596000000,5.9113000000,5.7596000000,5.8639000000,163867.9257270000,955836.5897987403,955836.5897987403,1,SRM-USDT
2021-08-16 07:00:00,1629068400000,5.8640000000,6.1968000000,5.8640000000,6.1786000000,419044.8590060000,2525071.0535045480,2525071.0535045480,1,SRM-USDT
2021-08-16 08:00:00,1629072000000,6.1754000000,6.4170000000,5.9594000000,6.0099000000,688596.7475940000,4230411.7946155807,4230411.7946155807,1,SRM-USDT
2021-08-16 09:00:00,1629075600000,6.0145000000,6.1786000000,6.0145000000,6.1224000000,214804.0879140000,1312429.2897698453,1312429.2897698453,1,SRM-USDT
2021-08-16 10:00:00,1629079200000,6.1225000000,6.2593000000,6.0818000000,6.1532000000,190957.9136420000,1179642.2814742839,1179642.2814742839,1,SRM-USDT
2021-08-16 11:00:00,1629082800000,6.1594000000,6.1594000000,6.0439000000,6.1065000000,149110.7084220000,908325.8924578956,908325.8924578956,1,SRM-USDT
2021-08-16 12:00:00,1629086400000,6.1127000000,7.4054000000,6.1127000000,7.2779000000,2432610.5872650002,17088840.1699923389,17088840.1699923389,1,SRM-USDT
2021-08-16 13:00:00,1629090000000,7.2935000000,7.4537000000,6.9358000000,7.0659000000,1586614.9372030001,11415696.9127340075,11415696.9127340075,1,SRM-USDT
2021-08-16 14:00:00,1629093600000,7.0631000000,7.1196000000,6.9048000000,7.0350000000,663395.8745510000,4650187.0122033358,4650187.0122033358,1,SRM-USDT
2021-08-16 15:00:00,1629097200000,7.0360000000,7.1775000000,6.9535000000,6.9619000000,439337.4831550000,3105552.9117174395,3105552.9117174395,1,SRM-USDT
2021-08-16 16:00:00,1629100800000,6.9646000000,7.0352000000,6.8656000000,6.8868000000,336583.3031090000,2335466.4232182121,2335466.4232182121,1,SRM-USDT
2021-08-16 17:00:00,1629104400000,6.8867000000,6.9522000000,6.8270000000,6.9090000000,295619.5066380000,2038957.2079723529,2038957.2079723529,1,SRM-USDT
2021-08-16 18:00:00,1629108000000,6.9127000000,6.9697000000,6.8594000000,6.8754000000,233677.7152990000,1615677.8421684375,1615677.8421684375,1,SRM-USDT
2021-08-16 19:00:00,1629111600000,6.8747000000,6.8860000000,6.7513000000,6.8541000000,205295.6855530000,1401153.7468921670,1401153.7468921670,1,SRM-USDT
2021-08-16 20:00:00,1629115200000,6.8539000000,6.8604000000,6.7200000000,6.8192000000,250202.5026580000,1698232.2831750121,1698232.2831750121,1,SRM-USDT
2021-08-16 21:00:00,1629118800000,6.8203000000,6.9481000000,6.6195000000,6.6831000000,703057.5658820000,4772110.2436166285,4772110.2436166285,1,SRM-USDT
2021-08-16 22:00:00,1629122400000,6.6829000000,7.5722000000,6.6683000000,7.2540000000,2075287.1298499999,15059941.1255883463,15059941.1255883463,1,SRM-USDT
2021-08-16 23:00:00,1629126000000,7.2509000000,7.2886000000,7.0053000000,7.0927000000,701571.2746440000,4998796.7910203692,4998796.7910203692,1,SRM-USDT
2021-08-17 00:00:00,1629129600000,7.0916000000,7.1064000000,6.9418000000,7.0121000000,320652.3490070000,2252483.8612460662,2252483.8612460662,1,SRM-USDT
2021-08-17 01:00:00,1629133200000,7.0148000000,7.0148000000,6.8176000000,6.8517000000,268541.4744290000,1849312.9169372104,1849312.9169372104,1,SRM-USDT
2021-08-17 02:00:00,1629136800000,6.8609000000,6.8609000000,6.7309000000,6.8195000000,247061.9605610000,1679014.5608896231,1679014.5608896231,1,SRM-USDT
2021-08-17 03:00:00,1629140400000,6.8205000000,6.8981000000,6.6638000000,6.6832000000,453738.0668770000,3070739.0699846200,3070739.0699846200,1,SRM-USDT
2021-08-17 04:00:00,1629144000000,6.6799000000,6.7264000000,6.3194000000,6.7145000000,1074394.4185670000,7027932.6602898063,7027932.6602898063,1,SRM-USDT
2021-08-17 05:00:00,1629147600000,6.7132000000,7.0073000000,6.6832000000,6.8178000000,638866.3957500000,4380241.4089059252,4380241.4089059252,1,SRM-USDT
2021-08-17 06:00:00,1629151200000,6.8169000000,6.8897000000,6.7644000000,6.8218000000,282700.6143550000,1928458.9857497041,1928458.9857497041,1,SRM-USDT
2021-08-17 07:00:00,1629154800000,6.8198000000,6.8276000000,6.5597000000,6.7532000000,363613.1633930000,2431109.9888987155,2431109.9888987155,1,SRM-USDT
2021-08-17 08:00:00,1629158400000,6.7707000000,6.7812000000,6.3249000000,6.4648000000,563964.3634830000,3653104.0039699520,3653104.0039699520,1,SRM-USDT
2021-08-17 09:00:00,1629162000000,6.4591000000,7.1418000000,6.4092000000,7.0081000000,700355.1322430000,4813322.6338189756,4813322.6338189756,1,SRM-USDT
2021-08-17 10:00:00,1629165600000,7.0154000000,7.3112000000,6.9615000000,7.3112000000,599353.5443320000,4259363.7700225832,4259363.7700225832,1,SRM-USDT
2021-08-17 11:00:00,1629169200000,7.2938000000,7.3231000000,6.9619000000,6.9826000000,509045.4650650000,3604184.4457976506,3604184.4457976506,1,SRM-USDT
2021-08-17 12:00:00,1629172800000,6.9875000000,7.0435000000,6.8205000000,6.8721000000,318285.4515250000,2207835.1869746330,2207835.1869746330,1,SRM-USDT
2021-08-17 13:00:00,1629176400000,6.8813000000,6.9206000000,6.7444000000,6.7751000000,209930.6347070000,1437992.5832364629,1437992.5832364629,1,SRM-USDT
2021-08-17 14:00:00,1629180000000,6.7779000000,6.8650000000,6.7109000000,6.7765000000,306342.3824230000,2076817.1647354241,2076817.1647354241,1,SRM-USDT
2021-08-17 15:00:00,1629183600000,6.7869000000,7.1536000000,6.7813000000,7.0641000000,563272.3141129999,3933372.8504878585,3933372.8504878585,1,SRM-USDT
2021-08-17 16:00:00,1629187200000,7.0691000000,7.1889000000,7.0038000000,7.0694000000,298465.7436940000,2111549.2887168163,2111549.2887168163,1,SRM-USDT
2021-08-17 17:00:00,1629190800000,7.0733000000,7.2815000000,7.0567000000,7.1308000000,489111.8069070000,3509881.4341430208,3509881.4341430208,1,SRM-USDT
2021-08-17 18:00:00,1629194400000,7.1322000000,7.1738000000,6.9138000000,6.9360000000,302394.1420410000,2135413.6508432962,2135413.6508432962,1,SRM-USDT
2021-08-17 19:00:00,1629198000000,6.9431000000,7.0761000000,6.8833000000,6.9957000000,350743.8157090000,2444558.8921683915,2444558.8921683915,1,SRM-USDT
2021-08-17 20:00:00,1629201600000,6.9966000000,7.1314000000,6.8972000000,6.8986000000,358026.2574840000,2512499.7984849727,2512499.7984849727,1,SRM-USDT
2021-08-17 21:00:00,1629205200000,6.9011000000,7.0310000000,6.8252000000,6.9229000000,237517.7426390000,1648307.1023308835,1648307.1023308835,1,SRM-USDT
2021-08-17 22:00:00,1629208800000,6.9224000000,6.9550000000,6.7904000000,6.8468000000,264984.4625560000,1819746.8629027803,1819746.8629027803,1,SRM-USDT
2021-08-17 23:00:00,1629212400000,6.8451000000,6.8945000000,6.7300000000,6.7697000000,192773.8885240000,1310750.5837436088,1310750.5837436088,1,SRM-USDT
2021-08-18 00:00:00,1629216000000,6.7708000000,6.8123000000,6.5810000000,6.6245000000,277070.2847290000,1853138.6103856284,1853138.6103856284,1,SRM-USDT
2021-08-18 01:00:00,1629219600000,6.6283000000,6.7477000000,6.6085000000,6.7137000000,152831.3166080000,1020311.6583145212,1020311.6583145212,1,SRM-USDT
2021-08-18 02:00:00,1629223200000,6.7125000000,6.8734000000,6.6732000000,6.7451000000,177784.3805060000,1205453.8690340894,1205453.8690340894,1,SRM-USDT
2021-08-18 03:00:00,1629226800000,6.7534000000,6.7543000000,6.4940000000,6.5604000000,225455.1881930000,1485295.4029801739,1485295.4029801739,1,SRM-USDT
2021-08-18 04:00:00,1629230400000,6.5646000000,6.5957000000,6.1633000000,6.5468000000,526890.2950920000,3371214.8756632945,3371214.8756632945,1,SRM-USDT
2021-08-18 05:00:00,1629234000000,6.5401000000,6.5410000000,6.3006000000,6.3371000000,281625.6430170000,1799086.1262204675,1799086.1262204675,1,SRM-USDT
2021-08-18 06:00:00,1629237600000,6.3334000000,6.4946000000,6.1320000000,6.4940000000,290238.1168790000,1834583.1674509039,1834583.1674509039,1,SRM-USDT
2021-08-18 07:00:00,1629241200000,6.4815000000,6.4822000000,6.2221000000,6.2862000000,206764.8045490000,1314333.6817746586,1314333.6817746586,1,SRM-USDT
2021-08-18 08:00:00,1629244800000,6.2898000000,6.4635000000,6.0349000000,6.1545000000,407215.1223290000,2539314.8579486613,2539314.8579486613,1,SRM-USDT
2021-08-18 09:00:00,1629248400000,6.1516000000,6.2682000000,5.8045000000,6.2680000000,526552.4335170001,3183035.6526225032,3183035.6526225032,1,SRM-USDT
2021-08-18 10:00:00,1629252000000,6.2611000000,7.1147000000,6.1408000000,6.8934000000,1651243.5931780001,11251587.6462499928,11251587.6462499928,1,SRM-USDT
2021-08-18 11:00:00,1629255600000,6.9053000000,6.9608000000,6.6102000000,6.7553000000,740447.8999200000,5001551.1882772194,5001551.1882772194,1,SRM-USDT
2021-08-18 12:00:00,1629259200000,6.7596000000,6.8766000000,6.5301000000,6.6347000000,398202.9819340000,2665533.0846777167,2665533.0846777167,1,SRM-USDT
2021-08-18 13:00:00,1629262800000,6.6226000000,6.9465000000,6.5994000000,6.9387000000,452356.2497060000,3068003.1582545461,3068003.1582545461,1,SRM-USDT
2021-08-18 14:00:00,1629266400000,6.9399000000,7.2951000000,6.8263000000,7.1392000000,788550.3001490000,5613575.4960963409,5613575.4960963409,1,SRM-USDT
2021-08-18 15:00:00,1629270000000,7.1448000000,7.4957000000,7.1000000000,7.1865000000,962239.0483940000,7040336.1847200375,7040336.1847200375,1,SRM-USDT
2021-08-18 16:00:00,1629273600000,7.1800000000,7.5200000000,7.1386000000,7.4833000000,734498.2355599999,5346320.0761348084,5346320.0761348084,1,SRM-USDT
2021-08-18 17:00:00,1629277200000,7.4732000000,7.6724000000,7.1715000000,7.2711000000,1789337.5924380000,13303477.7033683788,13303477.7033683788,1,SRM-USDT
2021-08-18 18:00:00,1629280800000,7.2717000000,7.3209000000,7.1124000000,7.1226000000,567395.9103650000,4093054.1079067858,4093054.1079067858,1,SRM-USDT
2021-08-18 19:00:00,1629284400000,7.1313000000,7.4170000000,7.0937000000,7.2728000000,868860.3836580000,6292741.4903705092,6292741.4903705092,1,SRM-USDT
2021-08-18 20:00:00,1629288000000,7.2716000000,7.7526000000,7.2213000000,7.5779000000,1309700.1946449999,9863063.2644003648,9863063.2644003648,1,SRM-USDT
2021-08-18 21:00:00,1629291600000,7.5789000000,7.9965000000,7.4933000000,7.8476000000,1265331.1948330000,9839162.0126024727,9839162.0126024727,1,SRM-USDT
2021-08-18 22:00:00,1629295200000,7.8439000000,8.2480000000,7.7839000000,7.8758000000,1612926.6730710000,12956638.5584231634,12956638.5584231634,1,SRM-USDT
2021-08-18 23:00:00,1629298800000,7.8768000000,7.8801000000,7.6347000000,7.7204000000,858241.5675710000,6667063.1278351378,6667063.1278351378,1,SRM-USDT
2021-08-19 00:00:00,1629302400000,7.7258000000,7.9661000000,7.6023000000,7.7928000000,602335.6606149999,4680583.8595368564,4680583.8595368564,1,SRM-USDT
2021-08-19 01:00:00,1629306000000,7.7961000000,7.7961000000,7.6089000000,7.6356000000,167438.6160310000,1287054.2672866890,1287054.2672866890,1,SRM-USDT
2021-08-19 02:00:00,1629309600000,7.6456000000,7.6745000000,7.5094000000,7.5167000000,255409.3956660000,1933942.6768326664,1933942.6768326664,1,SRM-USDT
2021-08-19 03:00:00,1629313200000,7.5131000000,7.5804000000,7.3282000000,7.3863000000,213628.6852040000,1588704.1396815178,1588704.1396815178,1,SRM-USDT
2021-08-19 04:00:00,1629316800000,7.3852000000,7.5237000000,7.2944000000,7.3101000000,283153.0156680000,2092182.9551646560,2092182.9551646560,1,SRM-USDT
2021-08-19 05:00:00,1629320400000,7.3127000000,7.4223000000,7.2410000000,7.2748000000,293964.4598260000,2149845.9537150925,2149845.9537150925,1,SRM-USDT
2021-08-19 06:00:00,1629324000000,7.2648000000,7.6814000000,7.2451000000,7.6407000000,552125.8052980000,4159094.3563903430,4159094.3563903430,1,SRM-USDT
2021-08-19 07:00:00,1629327600000,7.6365000000,7.9000000000,7.5830000000,7.8075000000,597996.7123390000,4634012.8592291530,4634012.8592291530,1,SRM-USDT
2021-08-19 08:00:00,1629331200000,7.7947000000,7.9607000000,7.4234000000,7.6998000000,1013093.7393930000,7793398.2569046626,7793398.2569046626,1,SRM-USDT
2021-08-19 09:00:00,1629334800000,7.6988000000,8.1188000000,7.5718000000,8.0951000000,807106.9211880000,6367752.6516198432,6367752.6516198432,1,SRM-USDT
2021-08-19 10:00:00,1629338400000,8.0949000000,8.3980000000,8.0175000000,8.2473000000,1299930.4822660000,10627983.1498584785,10627983.1498584785,1,SRM-USDT
2021-08-19 11:00:00,1629342000000,8.2473000000,8.3269000000,7.9361000000,8.0648000000,735955.2375890000,5970979.6134723844,5970979.6134723844,1,SRM-USDT
2021-08-19 12:00:00,1629345600000,8.0412000000,8.5417000000,7.9956000000,8.2987000000,964056.5980100000,8029199.1303319940,8029199.1303319940,1,SRM-USDT
2021-08-19 13:00:00,1629349200000,8.3041000000,8.6181000000,8.2483000000,8.4360000000,708146.6011420001,5976705.6427693646,5976705.6427693646,1,SRM-USDT
2021-08-19 14:00:00,1629352800000,8.4383000000,8.4526000000,8.2861000000,8.3688000000,369851.2036820000,3093180.0631781686,3093180.0631781686,1,SRM-USDT
2021-08-19 15:00:00,1629356400000,8.3677000000,8.3711000000,7.9049000000,8.0446000000,466477.7235910000,3781538.6891961759,3781538.6891961759,1,SRM-USDT
2021-08-19 16:00:00,1629360000000,8.0493000000,8.2243000000,7.8653000000,8.1104000000,348440.1285350000,2807457.3192959256,2807457.3192959256,1,SRM-USDT
2021-08-19 17:00:00,1629363600000,8.1033000000,8.1946000000,7.9817000000,8.0131000000,196200.6326290000,1582480.5996793348,1582480.5996793348,1,SRM-USDT
2021-08-19 18:00:00,1629367200000,8.0018000000,8.0917000000,7.6609000000,7.7599000000,365682.5191230000,2871387.9025562881,2871387.9025562881,1,SRM-USDT
2021-08-19 19:00:00,1629370800000,7.7561000000,7.8596000000,7.6139000000,7.6198000000,245697.5615500000,1907030.5827745141,1907030.5827745141,1,SRM-USDT
2021-08-19 20:00:00,1629374400000,7.6124000000,7.7300000000,7.5180000000,7.7040000000,295285.4231840000,2248352.3565340266,2248352.3565340266,1,SRM-USDT
2021-08-19 21:00:00,1629378000000,7.7095000000,7.9510000000,7.6787000000,7.8820000000,485199.6335260000,3800411.1560833934,3800411.1560833934,1,SRM-USDT
2021-08-19 22:00:00,1629381600000,7.8825000000,8.0333000000,7.7313000000,7.7902000000,524061.9985680000,4138511.3539222279,4138511.3539222279,1,SRM-USDT
2021-08-19 23:00:00,1629385200000,7.7898000000,7.8751000000,7.7109000000,7.8028000000,342893.4292980000,2673707.6720815231,2673707.6720815231,1,SRM-USDT
2021-08-20 00:00:00,1629388800000,7.8013000000,7.8482000000,7.6490000000,7.6490000000,199483.8209640000,1545187.7361936162,1545187.7361936162,1,SRM-USDT
2021-08-20 01:00:00,1629392400000,7.6600000000,7.7494000000,7.5840000000,7.6371000000,117395.3126070000,899442.3319312208,899442.3319312208,1,SRM-USDT
2021-08-20 02:00:00,1629396000000,7.6389000000,7.8332000000,7.6069000000,7.8236000000,346434.6247140000,2673775.6747219530,2673775.6747219530,1,SRM-USDT
2021-08-20 03:00:00,1629399600000,7.8275000000,7.9720000000,7.7526000000,7.8641000000,286136.6736530000,2250426.6347624534,2250426.6347624534,1,SRM-USDT
2021-08-20 04:00:00,1629403200000,7.8657000000,7.9904000000,7.7552000000,7.8615000000,171073.4648060000,1344065.8445349771,1344065.8445349771,1,SRM-USDT
2021-08-20 05:00:00,1629406800000,7.8704000000,7.9609000000,7.8115000000,7.9209000000,167387.8587730000,1321055.9390354934,1321055.9390354934,1,SRM-USDT
2021-08-20 06:00:00,1629410400000,7.9206000000,7.9830000000,7.7840000000,7.8856000000,118627.5788040000,934502.3852444236,934502.3852444236,1,SRM-USDT
2021-08-20 07:00:00,1629414000000,7.8942000000,7.9503000000,7.8191000000,7.8945000000,80421.6824900000,633915.6251527895,633915.6251527895,1,SRM-USDT
2021-08-20 08:00:00,1629417600000,7.8972000000,7.9071000000,7.7000000000,7.7065000000,223152.8339120000,1734630.5095874234,1734630.5095874234,1,SRM-USDT
2021-08-20 09:00:00,1629421200000,7.7087000000,7.7885000000,7.6897000000,7.7681000000,153917.8566230000,1192139.5212523686,1192139.5212523686,1,SRM-USDT
2021-08-20 10:00:00,1629424800000,7.7714000000,7.7714000000,7.6699000000,7.7170000000,78547.0416670000,605535.9210220797,605535.9210220797,1,SRM-USDT
2021-08-20 11:00:00,1629428400000,7.7160000000,7.7601000000,7.6742000000,7.7136000000,112094.4196200000,865081.7294012238,865081.7294012238,1,SRM-USDT
2021-08-20 12:00:00,1629432000000,7.7129000000,7.7775000000,7.6639000000,7.6826000000,98354.7078580000,759186.4299502848,759186.4299502848,1,SRM-USDT
2021-08-20 13:00:00,1629435600000,7.6811000000,7.7045000000,7.6283000000,7.7029000000,122891.5428030000,942121.7534446656,942121.7534446656,1,SRM-USDT
2021-08-20 14:00:00,1629439200000,7.7024000000,7.7328000000,7.6531000000,7.6975000000,107445.8905970000,827123.7521198970,827123.7521198970,1,SRM-USDT
2021-08-20 15:00:00,1629442800000,7.6972000000,7.7028000000,7.5858000000,7.6258000000,177058.4039690000,1352628.8083731974,1352628.8083731974,1,SRM-USDT
2021-08-20 16:00:00,1629446400000,7.6283000000,7.6888000000,7.5825000000,7.6428000000,106070.1814530000,809561.3662411483,809561.3662411483,1,SRM-USDT
2021-08-20 17:00:00,1629450000000,7.6461000000,7.8706000000,7.6309000000,7.8432000000,194515.7592380000,1503957.3117675979,1503957.3117675979,1,SRM-USDT
2021-08-20 18:00:00,1629453600000,7.8513000000,7.8880000000,7.7233000000,7.7413000000,183376.8479410000,1433562.0029753528,1433562.0029753528,1,SRM-USDT
2021-08-20 19:00:00,1629457200000,7.7456000000,7.7610000000,7.6666000000,7.7005000000,110506.3879360000,852803.3036007371,852803.3036007371,1,SRM-USDT
2021-08-20 20:00:00,1629460800000,7.6998000000,7.8021000000,7.6946000000,7.7596000000,122584.3375410000,950456.7295803000,950456.7295803000,1,SRM-USDT
2021-08-20 21:00:00,1629464400000,7.7569000000,7.8831000000,7.7345000000,7.8731000000,151504.9922970000,1180911.0648088930,1180911.0648088930,1,SRM-USDT
2021-08-20 22:00:00,1629468000000,7.8786000000,7.9417000000,7.8092000000,7.9068000000,235982.8023520000,1860820.8103521841,1860820.8103521841,1,SRM-USDT
2021-08-20 23:00:00,1629471600000,7.9052000000,7.9052000000,7.7907000000,7.8359000000,223406.4906610000,1750217.3853995109,1750217.3853995109,1,SRM-USDT
2021-08-21 00:00:00,1629475200000,7.8387000000,7.9311000000,7.7620000000,7.8256000000,181198.4834360000,1423082.2131454656,1423082.2131454656,1,SRM-USDT
2021-08-21 01:00:00,1629478800000,7.8267000000,7.8902000000,7.7553000000,7.7820000000,164531.5252480000,1288404.2815947621,1288404.2815947621,1,SRM-USDT
2021-08-21 02:00:00,1629482400000,7.7845000000,7.8337000000,7.6405000000,7.7037000000,123507.1788130000,953347.8094617850,953347.8094617850,1,SRM-USDT
2021-08-21 03:00:00,1629486000000,7.7059000000,7.8135000000,7.7059000000,7.8104000000,44338.0194950000,343971.5249726484,343971.5249726484,1,SRM-USDT
2021-08-21 04:00:00,1629489600000,7.8141000000,7.8518000000,7.7639000000,7.8086000000,76420.2747600000,596476.2554509122,596476.2554509122,1,SRM-USDT
2021-08-21 05:00:00,1629493200000,7.8110000000,7.9140000000,7.7976000000,7.9081000000,111307.1680280000,874427.8151041906,874427.8151041906,1,SRM-USDT
2021-08-21 06:00:00,1629496800000,7.9070000000,7.9138000000,7.7731000000,7.8837000000,127313.6310690000,1001835.9602339658,1001835.9602339658,1,SRM-USDT
2021-08-21 07:00:00,1629500400000,7.8869000000,7.9347000000,7.8157000000,7.8847000000,80383.0151970000,633166.6698875780,633166.6698875780,1,SRM-USDT
2021-08-21 08:00:00,1629504000000,7.8891000000,7.9011000000,7.6167000000,7.6682000000,158585.3658000000,1224662.9906078051,1224662.9906078051,1,SRM-USDT
2021-08-21 09:00:00,1629507600000,7.6684000000,7.7183000000,7.6446000000,7.6818000000,72315.3971870000,555355.3809464668,555355.3809464668,1,SRM-USDT
2021-08-21 10:00:00,1629511200000,7.6781000000,7.8384000000,7.6697000000,7.6895000000,204390.6962830000,1588064.7262257384,1588064.7262257384,1,SRM-USDT
2021-08-21 11:00:00,1629514800000,7.6892000000,7.7711000000,7.6829000000,7.7631000000,52121.0950690000,402788.4968920926,402788.4968920926,1,SRM-USDT
2021-08-21 12:00:00,1629518400000,7.7647000000,7.7681000000,7.6609000000,7.7144000000,73325.4288300000,564788.1949802215,564788.1949802215,1,SRM-USDT
2021-08-21 13:00:00,1629522000000,7.7095000000,7.7829000000,7.7095000000,7.7592000000,46161.1536310000,357917.5187522070,357917.5187522070,1,SRM-USDT
2021-08-21 14:00:00,1629525600000,7.7616000000,7.8014000000,7.7213000000,7.7471000000,77994.7652850000,605884.7345604936,605884.7345604936,1,SRM-USDT
2021-08-21 15:00:00,1629529200000,7.7525000000,7.8314000000,7.6820000000,7.7546000000,140139.8041760000,1089082.5664045054,1089082.5664045054,1,SRM-USDT
2021-08-21 16:00:00,1629532800000,7.7549000000,7.8158000000,7.7188000000,7.7839000000,136832.2787500000,1062291.5134681263,1062291.5134681263,1,SRM-USDT
2021-08-21 17:00:00,1629536400000,7.7820000000,7.8996000000,7.7400000000,7.8078000000,105303.7825640000,822846.9990948258,822846.9990948258,1,SRM-USDT
2021-08-21 18:00:00,1629540000000,7.8098000000,8.1916000000,7.8038000000,8.1541000000,550485.4211480001,4406646.0137486840,4406646.0137486840,1,SRM-USDT
2021-08-21 19:00:00,1629543600000,8.1522000000,8.1522000000,7.6193000000,7.7689000000,574075.5305060000,4474835.2764040604,4474835.2764040604,1,SRM-USDT
2021-08-21 20:00:00,1629547200000,7.7676000000,7.9464000000,7.7629000000,7.9203000000,215839.5867220000,1697241.9657060327,1697241.9657060327,1,SRM-USDT
2021-08-21 21:00:00,1629550800000,7.9213000000,7.9737000000,7.8424000000,7.8999000000,157334.8179690000,1245575.4601292724,1245575.4601292724,1,SRM-USDT
2021-08-21 22:00:00,1629554400000,7.8997000000,8.0381000000,7.7687000000,7.8162000000,231169.1892110000,1826726.8214381265,1826726.8214381265,1,SRM-USDT
2021-08-21 23:00:00,1629558000000,7.8184000000,7.8891000000,7.7457000000,7.8495000000,115091.4319360000,898763.1839826327,898763.1839826327,1,SRM-USDT
2021-08-22 00:00:00,1629561600000,7.8512000000,7.9202000000,7.7752000000,7.8860000000,75148.4066520000,590192.5255857321,590192.5255857321,1,SRM-USDT
2021-08-22 01:00:00,1629565200000,7.8872000000,7.9056000000,7.7646000000,7.8284000000,111830.0584770000,878738.3629731771,878738.3629731771,1,SRM-USDT
2021-08-22 02:00:00,1629568800000,7.8300000000,7.8309000000,7.6200000000,7.7073000000,189110.9595760000,1454064.5764208834,1454064.5764208834,1,SRM-USDT
2021-08-22 03:00:00,1629572400000,7.7038000000,7.7145000000,7.5498000000,7.6024000000,187440.7841980000,1427059.6278769064,1427059.6278769064,1,SRM-USDT
2021-08-22 04:00:00,1629576000000,7.5973000000,7.6647000000,7.5540000000,7.6647000000,125079.4014360000,952619.0451260436,952619.0451260436,1,SRM-USDT
2021-08-22 05:00:00,1629579600000,7.6677000000,7.7323000000,7.6300000000,7.7266000000,85993.9175690000,661313.6354209787,661313.6354209787,1,SRM-USDT
2021-08-22 06:00:00,1629583200000,7.7241000000,7.7968000000,7.6735000000,7.7308000000,68634.6500770000,531266.8669324229,531266.8669324229,1,SRM-USDT
2021-08-22 07:00:00,1629586800000,7.7349000000,7.7568000000,7.6460000000,7.6563000000,43196.6509100000,332855.2920558010,332855.2920558010,1,SRM-USDT
2021-08-22 08:00:00,1629590400000,7.6591000000,7.7889000000,7.5342000000,7.7688000000,274995.3701180000,2099174.0367217050,2099174.0367217050,1,SRM-USDT
2021-08-22 09:00:00,1629594000000,7.7710000000,7.8165000000,7.7030000000,7.7799000000,107577.9644510000,835615.5894452262,835615.5894452262,1,SRM-USDT
2021-08-22 10:00:00,1629597600000,7.7761000000,7.7819000000,7.6482000000,7.6881000000,75948.9020610000,586512.7857583549,586512.7857583549,1,SRM-USDT
2021-08-22 11:00:00,1629601200000,7.6837000000,7.7248000000,7.6231000000,7.6775000000,56571.3337030000,433937.2741903521,433937.2741903521,1,SRM-USDT
2021-08-22 12:00:00,1629604800000,7.6693000000,7.7306000000,7.6517000000,7.7168000000,71688.5727450000,551348.6685293498,551348.6685293498,1,SRM-USDT
2021-08-22 13:00:00,1629608400000,7.7165000000,7.7463000000,7.6474000000,7.7280000000,46180.1569360000,355259.2115976680,355259.2115976680,1,SRM-USDT
2021-08-22 14:00:00,1629612000000,7.7301000000,7.7307000000,7.6528000000,7.7128000000,70456.3259700000,541808.6570533010,541808.6570533010,1,SRM-USDT
2021-08-22 15:00:00,1629615600000,7.7204000000,7.7436000000,7.6905000000,7.7340000000,48833.2731800000,376827.2652359931,376827.2652359931,1,SRM-USDT
2021-08-22 16:00:00,1629619200000,7.7367000000,7.7629000000,7.6847000000,7.7008000000,60102.2620300000,464542.9684076886,464542.9684076886,1,SRM-USDT
2021-08-22 17:00:00,1629622800000,7.7060000000,7.7652000000,7.6991000000,7.7427000000,61170.8700300000,473323.1983086147,473323.1983086147,1,SRM-USDT
2021-08-22 18:00:00,1629626400000,7.7432000000,7.7754000000,7.6738000000,7.6906000000,89607.0846340000,692831.0781474118,692831.0781474118,1,SRM-USDT
2021-08-22 19:00:00,1629630000000,7.6877000000,7.7632000000,7.6854000000,7.7546000000,39261.6040160000,302895.8173499219,302895.8173499219,1,SRM-USDT
2021-08-22 20:00:00,1629633600000,7.7517000000,7.7517000000,7.6275000000,7.6275000000,141330.0898580000,1083289.9319355660,1083289.9319355660,1,SRM-USDT
2021-08-22 21:00:00,1629637200000,7.6242000000,7.6502000000,7.5707000000,7.5861000000,70022.7264430000,532763.4096975592,532763.4096975592,1,SRM-USDT
2021-08-22 22:00:00,1629640800000,7.5819000000,7.6005000000,7.2558000000,7.2921000000,328896.2532050000,2442424.7662218879,2442424.7662218879,1,SRM-USDT
2021-08-22 23:00:00,1629644400000,7.2930000000,7.4444000000,7.2726000000,7.3944000000,289601.0398350000,2140202.2659050617,2140202.2659050617,1,SRM-USDT
2021-08-23 00:00:00,1629648000000,7.3967000000,7.4608000000,7.3160000000,7.3611000000,117465.6827640000,867586.5507982834,867586.5507982834,1,SRM-USDT
2021-08-23 01:00:00,1629651600000,7.3695000000,7.4205000000,7.3117000000,7.3545000000,96262.8450740000,709406.0130722872,709406.0130722872,1,SRM-USDT
2021-08-23 02:00:00,1629655200000,7.3466000000,7.3483000000,7.2300000000,7.2537000000,156318.2147660000,1136583.3691985356,1136583.3691985356,1,SRM-USDT
2021-08-23 03:00:00,1629658800000,7.2457000000,7.3299000000,7.2342000000,7.3120000000,83687.0805150000,609514.1620093059,609514.1620093059,1,SRM-USDT
2021-08-23 04:00:00,1629662400000,7.3091000000,7.3091000000,7.2024000000,7.2237000000,91077.3151780000,659178.3946333538,659178.3946333538,1,SRM-USDT
2021-08-23 05:00:00,1629666000000,7.2191000000,7.3674000000,7.2026000000,7.3251000000,65028.5237510000,472851.8650398162,472851.8650398162,1,SRM-USDT
2021-08-23 06:00:00,1629669600000,7.3133000000,7.4569000000,7.2890000000,7.4503000000,141013.1944580000,1039533.6412641306,1039533.6412641306,1,SRM-USDT
2021-08-23 07:00:00,1629673200000,7.4466000000,7.5378000000,7.4380000000,7.4969000000,84201.4444440000,630035.5042968125,630035.5042968125,1,SRM-USDT
2021-08-23 08:00:00,1629676800000,7.4972000000,7.8572000000,7.4972000000,7.6812000000,478074.7886470000,3690876.1730470192,3690876.1730470192,1,SRM-USDT
2021-08-23 09:00:00,1629680400000,7.6802000000,7.6900000000,7.5506000000,7.6061000000,155232.0774990000,1180937.7921535743,1180937.7921535743,1,SRM-USDT
2021-08-23 10:00:00,1629684000000,7.6046000000,7.6168000000,7.5000000000,7.5523000000,184608.9948810000,1392487.5349142060,1392487.5349142060,1,SRM-USDT
2021-08-23 11:00:00,1629687600000,7.5538000000,7.6347000000,7.4114000000,7.4621000000,286243.6373060000,2144830.7122200872,2144830.7122200872,1,SRM-USDT
2021-08-23 12:00:00,1629691200000,7.4627000000,7.5180000000,7.4424000000,7.4795000000,97863.5680720000,731559.9677429905,731559.9677429905,1,SRM-USDT
2021-08-23 13:00:00,1629694800000,7.4811000000,7.5032000000,7.4393000000,7.4461000000,56011.9702950000,418627.8351122033,418627.8351122033,1,SRM-USDT
2021-08-23 14:00:00,1629698400000,7.4513000000,7.4740000000,7.4056000000,7.4350000000,67577.5957620000,502900.2843219188,502900.2843219188,1,SRM-USDT
2021-08-23 15:00:00,1629702000000,7.4372000000,7.4531000000,7.4042000000,7.4501000000,49534.3977010000,368014.9192588530,368014.9192588530,1,SRM-USDT
2021-08-23 16:00:00,1629705600000,7.4523000000,7.5007000000,7.4311000000,7.4776000000,101034.7152100000,753876.7088463693,753876.7088463693,1,SRM-USDT
2021-08-23 17:00:00,1629709200000,7.4810000000,7.5428000000,7.4648000000,7.5284000000,59040.3990940000,443560.5991237939,443560.5991237939,1,SRM-USDT
2021-08-23 18:00:00,1629712800000,7.5315000000,7.5388000000,7.3762000000,7.4314000000,176159.5413840000,1309422.8584303183,1309422.8584303183,1,SRM-USDT
2021-08-23 19:00:00,1629716400000,7.4293000000,7.5078000000,7.4246000000,7.4924000000,59896.8173870000,447081.7603519148,447081.7603519148,1,SRM-USDT
2021-08-23 20:00:00,1629720000000,7.4896000000,7.5254000000,7.4645000000,7.4906000000,70833.1303350000,531273.7296743128,531273.7296743128,1,SRM-USDT
2021-08-23 21:00:00,1629723600000,7.4919000000,7.6764000000,7.4372000000,7.4821000000,154663.2858540000,1165983.2977116364,1165983.2977116364,1,SRM-USDT
2021-08-23 22:00:00,1629727200000,7.4828000000,7.6098000000,7.3715000000,7.3971000000,171670.6600200000,1279714.6334798988,1279714.6334798988,1,SRM-USDT
2021-08-23 23:00:00,1629730800000,7.3974000000,7.4614000000,7.3685000000,7.4154000000,60489.3642710000,449150.2365872336,449150.2365872336,1,SRM-USDT
2021-08-24 00:00:00,1629734400000,7.4164000000,7.4664000000,7.3908000000,7.4444000000,60787.5565470000,451218.5780678979,451218.5780678979,1,SRM-USDT
2021-08-24 01:00:00,1629738000000,7.4412000000,7.4512000000,7.4051000000,7.4079000000,49228.5051830000,365632.6276106569,365632.6276106569,1,SRM-USDT
2021-08-24 02:00:00,1629741600000,7.4083000000,7.4788000000,7.4039000000,7.4314000000,41020.9797570000,304919.4750356832,304919.4750356832,1,SRM-USDT
2021-08-24 03:00:00,1629745200000,7.4377000000,7.4377000000,7.3676000000,7.3879000000,56810.6178110000,420062.3088864509,420062.3088864509,1,SRM-USDT
2021-08-24 04:00:00,1629748800000,7.3799000000,7.4707000000,7.3435000000,7.4666000000,56671.2100430000,419841.9553602045,419841.9553602045,1,SRM-USDT
2021-08-24 05:00:00,1629752400000,7.4693000000,7.5695000000,7.4607000000,7.5659000000,61170.6281330000,459155.7849597856,459155.7849597856,1,SRM-USDT
2021-08-24 06:00:00,1629756000000,7.5643000000,7.5762000000,7.5168000000,7.5592000000,76425.5375150000,577372.4668810356,577372.4668810356,1,SRM-USDT
2021-08-24 07:00:00,1629759600000,7.5545000000,7.5932000000,7.5376000000,7.5689000000,39667.6425570000,300158.9689841183,300158.9689841183,1,SRM-USDT
2021-08-24 08:00:00,1629763200000,7.5682000000,7.5682000000,7.2710000000,7.3348000000,186476.8414030000,1379971.0326316557,1379971.0326316557,1,SRM-USDT
2021-08-24 09:00:00,1629766800000,7.3324000000,7.3535000000,7.2624000000,7.3183000000,67455.6347360000,493060.1370538579,493060.1370538579,1,SRM-USDT
2021-08-24 10:00:00,1629770400000,7.3112000000,7.3887000000,7.2931000000,7.3623000000,48351.7829360000,355216.6488919048,355216.6488919048,1,SRM-USDT
2021-08-24 11:00:00,1629774000000,7.3628000000,7.4819000000,7.3628000000,7.4325000000,107744.0041360000,800118.0305329582,800118.0305329582,1,SRM-USDT
2021-08-24 12:00:00,1629777600000,7.4308000000,7.4577000000,7.3694000000,7.4406000000,77965.3206240000,578514.5779229513,578514.5779229513,1,SRM-USDT
2021-08-24 13:00:00,1629781200000,7.4344000000,7.4662000000,7.3967000000,7.4589000000,76999.0491320000,573021.1742806835,573021.1742806835,1,SRM-USDT
2021-08-24 14:00:00,1629784800000,7.4567000000,7.6241000000,7.4167000000,7.6094000000,205318.6357930000,1545478.6700678335,1545478.6700678335,1,SRM-USDT
2021-08-24 15:00:00,1629788400000,7.6110000000,7.6652000000,7.5337000000,7.5942000000,272529.5400930000,2070915.6343855287,2070915.6343855287,1,SRM-USDT
2021-08-24 16:00:00,1629792000000,7.5947000000,7.7410000000,7.5903000000,7.6336000000,393390.2077500000,3023359.7931422712,3023359.7931422712,1,SRM-USDT
2021-08-24 17:00:00,1629795600000,7.6312000000,7.6473000000,7.4946000000,7.5949000000,121318.0972720000,918817.5742560672,918817.5742560672,1,SRM-USDT
2021-08-24 18:00:00,1629799200000,7.6136000000,7.6267000000,7.4134000000,7.4260000000,109829.4396780000,822048.1851040678,822048.1851040678,1,SRM-USDT
2021-08-24 19:00:00,1629802800000,7.4253000000,7.4460000000,7.3477000000,7.4419000000,144378.1774780000,1069373.7017064155,1069373.7017064155,1,SRM-USDT
2021-08-24 20:00:00,1629806400000,7.4393000000,7.4396000000,7.3148000000,7.3807000000,132426.5999430000,975409.9134479932,975409.9134479932,1,SRM-USDT
2021-08-24 21:00:00,1629810000000,7.3801000000,7.3923000000,6.9643000000,7.1400000000,414919.1338170000,2963959.6589043662,2963959.6589043662,1,SRM-USDT
2021-08-24 22:00:00,1629813600000,7.1306000000,7.1343000000,6.8980000000,7.0385000000,259661.1807150000,1830152.8001552057,1830152.8001552057,1,SRM-USDT
2021-08-24 23:00:00,1629817200000,7.0292000000,7.0989000000,6.9057000000,6.9243000000,176042.9301400000,1231407.6804313981,1231407.6804313981,1,SRM-USDT
2021-08-25 00:00:00,1629820800000,6.9303000000,6.9781000000,6.5613000000,6.7706000000,499013.6528760000,3375175.6392444195,3375175.6392444195,1,SRM-USDT
2021-08-25 01:00:00,1629824400000,6.7639000000,6.9088000000,6.7387000000,6.8171000000,214583.3510870000,1468268.4243457210,1468268.4243457210,1,SRM-USDT
2021-08-25 02:00:00,1629828000000,6.8107000000,6.8792000000,6.7803000000,6.8756000000,135172.6590450000,922474.8107492406,922474.8107492406,1,SRM-USDT
2021-08-25 03:00:00,1629831600000,6.8739000000,6.9265000000,6.7851000000,6.8989000000,123435.7266930000,845109.9195284570,845109.9195284570,1,SRM-USDT
2021-08-25 04:00:00,1629835200000,6.8956000000,6.9588000000,6.8442000000,6.9045000000,136896.8648830000,945511.7128116488,945511.7128116488,1,SRM-USDT
2021-08-25 05:00:00,1629838800000,6.9003000000,6.9230000000,6.7616000000,6.8128000000,148403.1997510000,1014492.2093961732,1014492.2093961732,1,SRM-USDT
2021-08-25 06:00:00,1629842400000,6.8077000000,6.9059000000,6.7979000000,6.9008000000,89996.9152490000,616538.1940687780,616538.1940687780,1,SRM-USDT
2021-08-25 07:00:00,1629846000000,6.9060000000,6.9453000000,6.7191000000,6.7653000000,134628.4341730000,919033.7239276709,919033.7239276709,1,SRM-USDT
2021-08-25 08:00:00,1629849600000,6.7571000000,6.8550000000,6.6880000000,6.8419000000,156105.1669160000,1056408.0429316815,1056408.0429316815,1,SRM-USDT
2021-08-25 09:00:00,1629853200000,6.8421000000,6.8421000000,6.6958000000,6.8213000000,150673.6614610000,1018703.9565861328,1018703.9565861328,1,SRM-USDT
2021-08-25 10:00:00,1629856800000,6.8250000000,6.9328000000,6.8030000000,6.8755000000,125711.2924550000,862328.2709598425,862328.2709598425,1,SRM-USDT
2021-08-25 11:00:00,1629860400000,6.8730000000,6.8924000000,6.7521000000,6.7542000000,85442.2104210000,583292.7295964867,583292.7295964867,1,SRM-USDT
2021-08-25 12:00:00,1629864000000,6.7449000000,6.8113000000,6.6679000000,6.7004000000,125012.9084750000,842325.1592661616,842325.1592661616,1,SRM-USDT
2021-08-25 13:00:00,1629867600000,6.7127000000,6.8469000000,6.7108000000,6.8443000000,160641.8090050000,1088583.5168588485,1088583.5168588485,1,SRM-USDT
2021-08-25 14:00:00,1629871200000,6.8455000000,6.8627000000,6.7679000000,6.8064000000,148797.5134770000,1014028.3396449994,1014028.3396449994,1,SRM-USDT
2021-08-25 15:00:00,1629874800000,6.8101000000,6.8811000000,6.7454000000,6.7564000000,143207.7367960000,975041.2491586688,975041.2491586688,1,SRM-USDT
2021-08-25 16:00:00,1629878400000,6.7566000000,6.7686000000,6.3702000000,6.3765000000,386945.9119960000,2532093.6634627795,2532093.6634627795,1,SRM-USDT
2021-08-25 17:00:00,1629882000000,6.3846000000,6.5138000000,6.3380000000,6.4063000000,247988.4119760000,1593863.7347406722,1593863.7347406722,1,SRM-USDT
2021-08-25 18:00:00,1629885600000,6.4061000000,6.5238000000,6.3886000000,6.4979000000,98977.1520320000,639899.1908567018,639899.1908567018,1,SRM-USDT
2021-08-25 19:00:00,1629889200000,6.4976000000,6.5564000000,6.4326000000,6.5391000000,83095.5335270000,539955.4688663767,539955.4688663767,1,SRM-USDT
2021-08-25 20:00:00,1629892800000,6.5403000000,6.6174000000,6.4962000000,6.5927000000,94071.8201300000,617512.8185986581,617512.8185986581,1,SRM-USDT
2021-08-25 21:00:00,1629896400000,6.5932000000,6.6495000000,6.5289000000,6.5416000000,103812.6226550000,685741.2321331986,685741.2321331986,1,SRM-USDT
2021-08-25 22:00:00,1629900000000,6.5420000000,6.7452000000,6.4256000000,6.7243000000,294623.9445410000,1949861.9652058245,1949861.9652058245,1,SRM-USDT
2021-08-25 23:00:00,1629903600000,6.7296000000,6.8445000000,6.6567000000,6.8229000000,207101.0062530000,1400342.0331157225,1400342.0331157225,1,SRM-USDT
2021-08-26 00:00:00,1629907200000,6.8234000000,6.8243000000,6.7661000000,6.7897000000,92455.6787550000,628697.6168055051,628697.6168055051,1,SRM-USDT
2021-08-26 01:00:00,1629910800000,6.7893000000,6.8869000000,6.7006000000,6.8444000000,120430.5512630000,818752.8595779196,818752.8595779196,1,SRM-USDT
2021-08-26 02:00:00,1629914400000,6.8482000000,6.9416000000,6.8240000000,6.8830000000,182993.1469960000,1263270.9221197334,1263270.9221197334,1,SRM-USDT
2021-08-26 03:00:00,1629918000000,6.8838000000,6.9205000000,6.7662000000,6.8031000000,92439.3757870000,633183.4716081456,633183.4716081456,1,SRM-USDT
2021-08-26 04:00:00,1629921600000,6.8047000000,6.8689000000,6.7712000000,6.7925000000,65473.4561560000,446730.9260898468,446730.9260898468,1,SRM-USDT
2021-08-26 05:00:00,1629925200000,6.7774000000,6.9273000000,6.7774000000,6.9273000000,55864.9396900000,382880.2019796280,382880.2019796280,1,SRM-USDT
2021-08-26 06:00:00,1629928800000,6.9300000000,6.9559000000,6.8285000000,6.8761000000,65514.1609500000,450123.0659448111,450123.0659448111,1,SRM-USDT
2021-08-26 07:00:00,1629932400000,6.8778000000,7.0463000000,6.8527000000,6.9962000000,126950.1190100000,883394.8886052460,883394.8886052460,1,SRM-USDT
2021-08-26 08:00:00,1629936000000,7.0007000000,7.0007000000,6.8309000000,6.9561000000,107743.1824010000,743363.6620364450,743363.6620364450,1,SRM-USDT
2021-08-26 09:00:00,1629939600000,6.9606000000,6.9780000000,6.7828000000,6.7984000000,103696.2462660000,712264.2609424818,712264.2609424818,1,SRM-USDT
2021-08-26 10:00:00,1629943200000,6.7872000000,6.8153000000,6.7549000000,6.7729000000,80936.6081020000,549541.2578557167,549541.2578557167,1,SRM-USDT
2021-08-26 11:00:00,1629946800000,6.7763000000,6.7763000000,6.5024000000,6.5368000000,322451.6076560000,2125664.1502247006,2125664.1502247006,1,SRM-USDT
2021-08-26 12:00:00,1629950400000,6.5233000000,6.5902000000,6.4634000000,6.5847000000,141224.1496880000,923946.3008595224,923946.3008595224,1,SRM-USDT
2021-08-26 13:00:00,1629954000000,6.5813000000,6.6291000000,6.3462000000,6.4282000000,218332.5354550000,1407297.7133249675,1407297.7133249675,1,SRM-USDT
2021-08-26 14:00:00,1629957600000,6.4243000000,6.4849000000,6.3089000000,6.3221000000,211403.1610300000,1351284.5867012378,1351284.5867012378,1,SRM-USDT
2021-08-26 15:00:00,1629961200000,6.3209000000,6.4085000000,6.2464000000,6.3559000000,227243.4449020000,1438489.4473367480,1438489.4473367480,1,SRM-USDT
2021-08-26 16:00:00,1629964800000,6.3594000000,6.4489000000,6.3112000000,6.3791000000,164680.3093840000,1048760.2442023880,1048760.2442023880,1,SRM-USDT
2021-08-26 17:00:00,1629968400000,6.3871000000,6.4151000000,6.3151000000,6.3198000000,65241.7405410000,415085.1975239115,415085.1975239115,1,SRM-USDT
2021-08-26 18:00:00,1629972000000,6.3170000000,6.4136000000,6.3018000000,6.4090000000,64602.4826170000,411861.0974143562,411861.0974143562,1,SRM-USDT
2021-08-26 19:00:00,1629975600000,6.4090000000,6.4864000000,6.3802000000,6.3809000000,63814.5080720000,410797.8565179549,410797.8565179549,1,SRM-USDT
2021-08-26 20:00:00,1629979200000,6.3788000000,6.5124000000,6.2252000000,6.3910000000,301359.0642810000,1920658.9726036084,1920658.9726036084,1,SRM-USDT
2021-08-26 21:00:00,1629982800000,6.3917000000,6.5544000000,6.3867000000,6.5445000000,104705.4776250000,676760.9195634231,676760.9195634231,1,SRM-USDT
2021-08-26 22:00:00,1629986400000,6.5430000000,6.9900000000,6.5372000000,6.5948000000,693122.1853620000,4685374.7565097408,4685374.7565097408,1,SRM-USDT
2021-08-26 23:00:00,1629990000000,6.5962000000,6.6819000000,6.4383000000,6.4697000000,299187.6526220000,1961325.0884250260,1961325.0884250260,1,SRM-USDT
2021-08-27 00:00:00,1629993600000,6.4795000000,6.5501000000,6.2967000000,6.4213000000,299183.8914140000,1911046.0011967588,1911046.0011967588,1,SRM-USDT
2021-08-27 01:00:00,1629997200000,6.4215000000,6.5136000000,6.4215000000,6.4347000000,70707.1091590000,456807.7414906478,456807.7414906478,1,SRM-USDT
2021-08-27 02:00:00,1630000800000,6.4345000000,6.4658000000,6.3113000000,6.4014000000,95615.4055310000,609398.0317650958,609398.0317650958,1,SRM-USDT
2021-08-27 03:00:00,1630004400000,6.3988000000,6.4099000000,6.2612000000,6.3331000000,131526.1413750000,832210.2369478433,832210.2369478433,1,SRM-USDT
2021-08-27 04:00:00,1630008000000,6.3300000000,6.4154000000,6.3117000000,6.4024000000,87454.8884230000,556460.8689569475,556460.8689569475,1,SRM-USDT
2021-08-27 05:00:00,1630011600000,6.4039000000,6.4947000000,6.4022000000,6.4733000000,67494.1652870000,435981.7657363821,435981.7657363821,1,SRM-USDT
2021-08-27 06:00:00,1630015200000,6.4822000000,6.5970000000,6.4289000000,6.5386000000,212383.8441250000,1385568.8845219016,1385568.8845219016,1,SRM-USDT
2021-08-27 07:00:00,1630018800000,6.5399000000,6.5524000000,6.3733000000,6.3841000000,117217.8410520000,757678.0306542475,757678.0306542475,1,SRM-USDT
2021-08-27 08:00:00,1630022400000,6.3810000000,6.8133000000,6.1664000000,6.7746000000,623788.2668580000,4044505.9763849950,4044505.9763849950,1,SRM-USDT
2021-08-27 09:00:00,1630026000000,6.7679000000,7.0804000000,6.6600000000,6.6987000000,1151634.7724430000,7878489.2371858703,7878489.2371858703,1,SRM-USDT
2021-08-27 10:00:00,1630029600000,6.6996000000,7.1936000000,6.6996000000,7.1216000000,914160.2181370000,6391567.7979028048,6391567.7979028048,1,SRM-USDT
2021-08-27 11:00:00,1630033200000,7.1215000000,7.2000000000,6.9886000000,7.0378000000,683724.8616210000,4845788.4560509603,4845788.4560509603,1,SRM-USDT
2021-08-27 12:00:00,1630036800000,7.0424000000,7.1031000000,6.7906000000,6.9976000000,447189.6244760000,3098428.0645974344,3098428.0645974344,1,SRM-USDT
2021-08-27 13:00:00,1630040400000,6.9997000000,7.2361000000,6.9179000000,7.1768000000,839868.5955140000,5983911.8200788805,5983911.8200788805,1,SRM-USDT
2021-08-27 14:00:00,1630044000000,7.1772000000,7.2206000000,7.0195000000,7.0456000000,497413.8072200000,3543942.9802636090,3543942.9802636090,1,SRM-USDT
2021-08-27 15:00:00,1630047600000,7.0502000000,7.1201000000,6.9269000000,7.0887000000,470542.7993930000,3308974.1629909431,3308974.1629909431,1,SRM-USDT
2021-08-27 16:00:00,1630051200000,7.0897000000,7.2492000000,7.0449000000,7.0914000000,615966.9353050000,4400628.9034147020,4400628.9034147020,1,SRM-USDT
2021-08-27 17:00:00,1630054800000,7.0874000000,7.3335000000,7.0690000000,7.2247000000,607356.9638730000,4362078.7280526273,4362078.7280526273,1,SRM-USDT
2021-08-27 18:00:00,1630058400000,7.2246000000,7.5351000000,7.2080000000,7.3944000000,891015.6816840000,6592520.3806625037,6592520.3806625037,1,SRM-USDT
2021-08-27 19:00:00,1630062000000,7.3963000000,7.4874000000,7.2525000000,7.3251000000,627221.8988210000,4618519.1043136315,4618519.1043136315,1,SRM-USDT
2021-08-27 20:00:00,1630065600000,7.3237000000,7.3445000000,7.1255000000,7.1630000000,409365.9437670000,2955758.6025202721,2955758.6025202721,1,SRM-USDT
2021-08-27 21:00:00,1630069200000,7.1609000000,7.1771000000,7.0490000000,7.1271000000,340909.1272410000,2423151.1531110001,2423151.1531110001,1,SRM-USDT
2021-08-27 22:00:00,1630072800000,7.1281000000,7.2295000000,7.0446000000,7.1260000000,705797.4153680000,5033598.0180603610,5033598.0180603610,1,SRM-USDT
2021-08-27 23:00:00,1630076400000,7.1287000000,7.3514000000,7.1260000000,7.1711000000,482038.4813490000,3474110.6322523765,3474110.6322523765,1,SRM-USDT
2021-08-28 00:00:00,1630080000000,7.1720000000,7.2387000000,7.0727000000,7.1621000000,302029.3311690000,2164079.0917742960,2164079.0917742960,1,SRM-USDT
2021-08-28 01:00:00,1630083600000,7.1622000000,7.2263000000,7.1414000000,7.2240000000,137657.9549260000,987063.4081161780,987063.4081161780,1,SRM-USDT
2021-08-28 02:00:00,1630087200000,7.2236000000,7.4341000000,7.2236000000,7.3966000000,407503.7452220000,2988590.0159629984,2988590.0159629984,1,SRM-USDT
2021-08-28 03:00:00,1630090800000,7.3954000000,7.3954000000,7.2180000000,7.2334000000,239358.9025960000,1754684.1816040876,1754684.1816040876,1,SRM-USDT
2021-08-28 04:00:00,1630094400000,7.2263000000,7.4140000000,7.1830000000,7.3268000000,219163.3860750000,1598910.0047899378,1598910.0047899378,1,SRM-USDT
2021-08-28 05:00:00,1630098000000,7.3406000000,7.3912000000,7.2735000000,7.3730000000,185223.4609910000,1356663.7985567988,1356663.7985567988,1,SRM-USDT
2021-08-28 06:00:00,1630101600000,7.3764000000,7.5325000000,7.3540000000,7.4618000000,360345.3526770000,2691064.2745744828,2691064.2745744828,1,SRM-USDT
2021-08-28 07:00:00,1630105200000,7.4668000000,7.4999000000,7.3806000000,7.4935000000,264471.0033480000,1968675.5690361515,1968675.5690361515,1,SRM-USDT
2021-08-28 08:00:00,1630108800000,7.4920000000,7.6000000000,7.3132000000,7.4136000000,423238.4970760000,3163075.5010294542,3163075.5010294542,1,SRM-USDT
2021-08-28 09:00:00,1630112400000,7.4131000000,7.5240000000,7.2990000000,7.5134000000,234284.2374440000,1726477.4524675901,1726477.4524675901,1,SRM-USDT
2021-08-28 10:00:00,1630116000000,7.5129000000,7.7999000000,7.4969000000,7.5837000000,586957.0683050000,4496970.4103009589,4496970.4103009589,1,SRM-USDT
2021-08-28 11:00:00,1630119600000,7.5827000000,7.5894000000,7.4494000000,7.4886000000,147737.6547430000,1109727.2328609831,1109727.2328609831,1,SRM-USDT
2021-08-28 12:00:00,1630123200000,7.5001000000,7.6408000000,7.4906000000,7.5571000000,164512.5249810000,1243363.2777341520,1243363.2777341520,1,SRM-USDT
2021-08-28 13:00:00,1630126800000,7.5504000000,7.6455000000,7.4210000000,7.4677000000,191366.4426980000,1443073.3081723717,1443073.3081723717,1,SRM-USDT
2021-08-28 14:00:00,1630130400000,7.4671000000,7.5302000000,7.3575000000,7.5088000000,260218.3050440000,1939608.8277297483,1939608.8277297483,1,SRM-USDT
2021-08-28 15:00:00,1630134000000,7.5066000000,7.6537000000,7.4817000000,7.5985000000,273076.0636000000,2067522.5423720195,2067522.5423720195,1,SRM-USDT
2021-08-28 16:00:00,1630137600000,7.5984000000,7.7190000000,7.5727000000,7.6319000000,304647.4358470000,2327417.9772287733,2327417.9772287733,1,SRM-USDT
2021-08-28 17:00:00,1630141200000,7.6258000000,7.6801000000,7.5587000000,7.6367000000,255381.2696220000,1945034.1902652537,1945034.1902652537,1,SRM-USDT
2021-08-28 18:00:00,1630144800000,7.6421000000,7.7842000000,7.6153000000,7.6505000000,280660.0238690000,2165490.0731997201,2165490.0731997201,1,SRM-USDT
2021-08-28 19:00:00,1630148400000,7.6446000000,7.7391000000,7.6411000000,7.7068000000,309116.7192750000,2377379.6104330588,2377379.6104330588,1,SRM-USDT
2021-08-28 20:00:00,1630152000000,7.7047000000,8.4210000000,7.7044000000,8.1680000000,1631604.0104020000,13237395.8487279527,13237395.8487279527,1,SRM-USDT
2021-08-28 21:00:00,1630155600000,8.1699000000,8.3388000000,8.0650000000,8.1693000000,616419.0631920000,5053664.3670871165,5053664.3670871165,1,SRM-USDT
2021-08-28 22:00:00,1630159200000,8.1699000000,8.1803000000,7.9681000000,8.1803000000,645368.7113129999,5212424.6056957953,5212424.6056957953,1,SRM-USDT
2021-08-28 23:00:00,1630162800000,8.1762000000,8.6475000000,8.1055000000,8.5319000000,1354149.2076049999,11433240.8808409758,11433240.8808409758,1,SRM-USDT
2021-08-29 00:00:00,1630166400000,8.5313000000,8.7877000000,8.4000000000,8.6126000000,1010218.5071900000,8686920.0187504776,8686920.0187504776,1,SRM-USDT
2021-08-29 01:00:00,1630170000000,8.6097000000,8.7202000000,8.4280000000,8.4386000000,459586.0850330000,3942251.3225353626,3942251.3225353626,1,SRM-USDT
2021-08-29 02:00:00,1630173600000,8.4405000000,8.5572000000,8.3640000000,8.3786000000,535147.3373090000,4534961.9645006564,4534961.9645006564,1,SRM-USDT
2021-08-29 03:00:00,1630177200000,8.3721000000,8.4035000000,8.2661000000,8.3479000000,447939.7668060000,3733525.3645611000,3733525.3645611000,1,SRM-USDT
2021-08-29 04:00:00,1630180800000,8.3436000000,8.5939000000,8.2975000000,8.5939000000,352351.1048890000,2963900.8279400943,2963900.8279400943,1,SRM-USDT
2021-08-29 05:00:00,1630184400000,8.5794000000,8.5896000000,8.4021000000,8.4036000000,221881.8183880000,1881294.0013788715,1881294.0013788715,1,SRM-USDT
2021-08-29 06:00:00,1630188000000,8.4055000000,8.4389000000,8.1859000000,8.2256000000,291890.6972580000,2414555.2402009438,2414555.2402009438,1,SRM-USDT
2021-08-29 07:00:00,1630191600000,8.2250000000,8.2958000000,8.1147000000,8.2440000000,326436.1104610000,2676721.5731967427,2676721.5731967427,1,SRM-USDT
2021-08-29 08:00:00,1630195200000,8.2493000000,8.2676000000,7.8989000000,8.0757000000,638675.3470550000,5130313.2605355605,5130313.2605355605,1,SRM-USDT
2021-08-29 09:00:00,1630198800000,8.0851000000,8.1700000000,7.9780000000,8.0325000000,213373.5390500000,1715316.2565708722,1715316.2565708722,1,SRM-USDT
2021-08-29 10:00:00,1630202400000,8.0417000000,8.2154000000,7.8884000000,7.9322000000,454592.3018510000,3654475.6603609328,3654475.6603609328,1,SRM-USDT
2021-08-29 11:00:00,1630206000000,7.9323000000,7.9578000000,7.7328000000,7.8402000000,471047.7661520000,3707547.2647224017,3707547.2647224017,1,SRM-USDT
2021-08-29 12:00:00,1630209600000,7.8398000000,7.9382000000,7.6673000000,7.8034000000,325865.7767980000,2547143.8198129367,2547143.8198129367,1,SRM-USDT
2021-08-29 13:00:00,1630213200000,7.8015000000,8.0900000000,7.7844000000,8.0083000000,385538.4372970000,3067324.9269472552,3067324.9269472552,1,SRM-USDT
2021-08-29 14:00:00,1630216800000,8.0077000000,8.0405000000,7.9414000000,7.9538000000,153935.2227000000,1228341.4239801224,1228341.4239801224,1,SRM-USDT
2021-08-29 15:00:00,1630220400000,7.9518000000,8.0277000000,7.9026000000,7.9572000000,115192.7481600000,917311.9498383498,917311.9498383498,1,SRM-USDT
2021-08-29 16:00:00,1630224000000,7.9485000000,8.0200000000,7.8020000000,7.8999000000,341690.6480150000,2699514.5120616471,2699514.5120616471,1,SRM-USDT
2021-08-29 17:00:00,1630227600000,7.9007000000,7.9443000000,7.8126000000,7.9439000000,193502.2130570000,1522667.3117234702,1522667.3117234702,1,SRM-USDT
2021-08-29 18:00:00,1630231200000,7.9411000000,7.9761000000,7.8728000000,7.9136000000,131612.9661540000,1042965.8464165888,1042965.8464165888,1,SRM-USDT
2021-08-29 19:00:00,1630234800000,7.9131000000,7.9452000000,7.8146000000,7.8435000000,132531.5950460000,1042431.9888478066,1042431.9888478066,1,SRM-USDT
2021-08-29 20:00:00,1630238400000,7.8359000000,7.9595000000,7.8072000000,7.9218000000,191972.7806940000,1519219.7980143998,1519219.7980143998,1,SRM-USDT
2021-08-29 21:00:00,1630242000000,7.9208000000,8.0740000000,7.8885000000,7.9344000000,240587.7569210000,1924089.1570779216,1924089.1570779216,1,SRM-USDT
2021-08-29 22:00:00,1630245600000,7.9296000000,7.9907000000,7.7738000000,7.7819000000,207024.8013730000,1629237.7706913289,1629237.7706913289,1,SRM-USDT
2021-08-29 23:00:00,1630249200000,7.7824000000,7.8572000000,7.7482000000,7.8394000000,180319.5196880000,1408013.8272631553,1408013.8272631553,1,SRM-USDT
2021-08-30 00:00:00,1630252800000,7.8419000000,7.8980000000,7.7530000000,7.8638000000,173910.9369870000,1357234.6806694192,1357234.6806694192,1,SRM-USDT
2021-08-30 01:00:00,1630256400000,7.8612000000,7.8650000000,7.7935000000,7.8336000000,105369.9188550000,825336.5812888670,825336.5812888670,1,SRM-USDT
2021-08-30 02:00:00,1630260000000,7.8295000000,7.8932000000,7.8158000000,7.8874000000,79777.2867880000,626342.9745322588,626342.9745322588,1,SRM-USDT
2021-08-30 03:00:00,1630263600000,7.8832000000,7.9820000000,7.8832000000,7.9481000000,88892.4911060000,705206.0222636400,705206.0222636400,1,SRM-USDT
2021-08-30 04:00:00,1630267200000,7.9507000000,8.0243000000,7.9197000000,7.9604000000,148174.5627460000,1181172.3798401880,1181172.3798401880,1,SRM-USDT
2021-08-30 05:00:00,1630270800000,7.9638000000,8.0221000000,7.8471000000,7.9633000000,121546.7431230000,967644.3677578114,967644.3677578114,1,SRM-USDT
2021-08-30 06:00:00,1630274400000,7.9662000000,8.0223000000,7.9120000000,7.9264000000,151289.6215340000,1207057.1904932118,1207057.1904932118,1,SRM-USDT
2021-08-30 07:00:00,1630278000000,7.9285000000,7.9728000000,7.8311000000,7.8674000000,84583.5006550000,669586.7402014839,669586.7402014839,1,SRM-USDT
2021-08-30 08:00:00,1630281600000,7.8715000000,8.2937000000,7.7547000000,8.1708000000,706207.6865720000,5632007.9502485422,5632007.9502485422,1,SRM-USDT
2021-08-30 09:00:00,1630285200000,8.1717000000,8.4293000000,8.0669000000,8.0884000000,766232.5748890000,6317362.3257993637,6317362.3257993637,1,SRM-USDT
2021-08-30 10:00:00,1630288800000,8.0779000000,8.4000000000,8.0505000000,8.3916000000,414941.0899350000,3410573.5778432447,3410573.5778432447,1,SRM-USDT
2021-08-30 11:00:00,1630292400000,8.3865000000,8.4828000000,8.0809000000,8.1794000000,789825.9444990000,6544660.8932803348,6544660.8932803348,1,SRM-USDT
2021-08-30 12:00:00,1630296000000,8.1760000000,8.1760000000,7.9040000000,7.9856000000,530542.8978540000,4258995.0732157230,4258995.0732157230,1,SRM-USDT
2021-08-30 13:00:00,1630299600000,7.9853000000,8.0539000000,7.8695000000,7.9988000000,302932.2716120000,2419543.7810529126,2419543.7810529126,1,SRM-USDT
2021-08-30 14:00:00,1630303200000,7.9721000000,8.1322000000,7.8559000000,8.0993000000,371825.1327400000,2972404.4020003346,2972404.4020003346,1,SRM-USDT
2021-08-30 15:00:00,1630306800000,8.0947000000,8.2677000000,7.9839000000,8.2598000000,388034.7669640000,3168113.1106922338,3168113.1106922338,1,SRM-USDT
2021-08-30 16:00:00,1630310400000,8.2599000000,8.3372000000,8.1423000000,8.2042000000,357271.8744320000,2946316.7745891241,2946316.7745891241,1,SRM-USDT
2021-08-30 17:00:00,1630314000000,8.1986000000,8.3902000000,8.1488000000,8.3083000000,398781.5449020000,3303784.6675918638,3303784.6675918638,1,SRM-USDT
2021-08-30 18:00:00,1630317600000,8.3057000000,8.6736000000,8.2892000000,8.4138000000,748026.1866600000,6331637.7781083276,6331637.7781083276,1,SRM-USDT
2021-08-30 19:00:00,1630321200000,8.4180000000,8.4180000000,8.1580000000,8.2750000000,434238.6731720000,3590138.6926143607,3590138.6926143607,1,SRM-USDT
2021-08-30 20:00:00,1630324800000,8.2765000000,8.2819000000,8.0083000000,8.0912000000,399676.1781710000,3234888.3225778034,3234888.3225778034,1,SRM-USDT
2021-08-30 21:00:00,1630328400000,8.0834000000,8.1153000000,7.8965000000,8.0375000000,356874.2007360000,2857806.8522414481,2857806.8522414481,1,SRM-USDT
2021-08-30 22:00:00,1630332000000,8.0378000000,8.2283000000,8.0164000000,8.1060000000,319339.3285550000,2596543.9837974869,2596543.9837974869,1,SRM-USDT
2021-08-30 23:00:00,1630335600000,8.1080000000,8.5513000000,8.0947000000,8.4978000000,738729.5344920000,6179303.2479368998,6179303.2479368998,1,SRM-USDT
2021-08-31 00:00:00,1630339200000,8.4912000000,8.5330000000,8.2939000000,8.4624000000,422506.4892460000,3540427.9254374625,3540427.9254374625,1,SRM-USDT
2021-08-31 01:00:00,1630342800000,8.4605000000,8.5013000000,8.3601000000,8.3924000000,294115.5277950000,2481645.9742502044,2481645.9742502044,1,SRM-USDT
2021-08-31 02:00:00,1630346400000,8.3906000000,8.9245000000,8.3260000000,8.8846000000,703285.2991450001,6080102.3733250331,6080102.3733250331,1,SRM-USDT
2021-08-31 03:00:00,1630350000000,8.8856000000,9.0100000000,8.6316000000,8.8122000000,803300.9475400000,7075053.1514888452,7075053.1514888452,1,SRM-USDT
2021-08-31 04:00:00,1630353600000,8.8070000000,8.8242000000,8.6294000000,8.6514000000,353520.0407510000,3084929.9937379155,3084929.9937379155,1,SRM-USDT
2021-08-31 05:00:00,1630357200000,8.6512000000,8.8318000000,8.6282000000,8.7949000000,257709.4560390000,2249996.7177762082,2249996.7177762082,1,SRM-USDT
2021-08-31 06:00:00,1630360800000,8.7935000000,8.8923000000,8.4055000000,8.4365000000,442044.3777730000,3793625.3387511377,3793625.3387511377,1,SRM-USDT
2021-08-31 07:00:00,1630364400000,8.4267000000,8.4268000000,8.0570000000,8.2008000000,574712.7142810000,4727628.9284573067,4727628.9284573067,1,SRM-USDT
2021-08-31 08:00:00,1630368000000,8.1979000000,8.5402000000,8.0339000000,8.2069000000,929052.9372210000,7683359.0992303807,7683359.0992303807,1,SRM-USDT
2021-08-31 09:00:00,1630371600000,8.1930000000,8.4737000000,8.1439000000,8.3605000000,429487.5150870000,3589175.8680409128,3589175.8680409128,1,SRM-USDT
2021-08-31 10:00:00,1630375200000,8.3527000000,8.4205000000,8.2141000000,8.3499000000,340184.2907680000,2830176.6164594842,2830176.6164594842,1,SRM-USDT
2021-08-31 11:00:00,1630378800000,8.3455000000,8.4064000000,8.2370000000,8.3185000000,229414.0390990000,1906817.3327642125,1906817.3327642125,1,SRM-USDT
2021-08-31 12:00:00,1630382400000,8.3149000000,8.4605000000,8.2803000000,8.3597000000,262395.5950330000,2202230.1750632222,2202230.1750632222,1,SRM-USDT
2021-08-31 13:00:00,1630386000000,8.3568000000,8.6386000000,8.3496000000,8.5011000000,542212.6763990000,4629949.8052448537,4629949.8052448537,1,SRM-USDT
2021-08-31 14:00:00,1630389600000,8.4991000000,8.5646000000,8.3223000000,8.3737000000,236251.5436980000,1990609.9476341519,1990609.9476341519,1,SRM-USDT
2021-08-31 15:00:00,1630393200000,8.3723000000,8.6440000000,8.2241000000,8.5926000000,510671.7542540000,4307276.8774044365,4307276.8774044365,1,SRM-USDT
2021-08-31 16:00:00,1630396800000,8.5917000000,8.8782000000,8.5178000000,8.8017000000,440424.9562210000,3838870.9438774753,3838870.9438774753,1,SRM-USDT
2021-08-31 17:00:00,1630400400000,8.8139000000,8.8426000000,8.6471000000,8.7707000000,283138.8562570000,2473316.3972020079,2473316.3972020079,1,SRM-USDT
2021-08-31 18:00:00,1630404000000,8.7716000000,8.9317000000,8.5955000000,8.9125000000,453685.4751420000,3985257.1011865400,3985257.1011865400,1,SRM-USDT
2021-08-31 19:00:00,1630407600000,8.9197000000,9.4312000000,8.8247000000,9.4025000000,1099918.9641750001,10065862.8046180923,10065862.8046180923,1,SRM-USDT
2021-08-31 20:00:00,1630411200000,9.4092000000,10.1429000000,9.2428000000,9.5787000000,2109024.5423380001,20434062.1787075773,20434062.1787075773,1,SRM-USDT
2021-08-31 21:00:00,1630414800000,9.5976000000,9.9214000000,9.5079000000,9.5776000000,894193.2083640000,8652734.5529257562,8652734.5529257562,1,SRM-USDT
2021-08-31 22:00:00,1630418400000,9.5800000000,9.6723000000,8.9425000000,9.0300000000,973798.1408720000,9026441.7467407864,9026441.7467407864,1,SRM-USDT
2021-08-31 23:00:00,1630422000000,9.0246000000,9.1693000000,8.8466000000,8.8910000000,568698.8577850000,5120677.5053079454,5120677.5053079454,1,SRM-USDT
2021-09-01 00:00:00,1630425600000,8.8941000000,8.9576000000,8.6125000000,8.6693000000,532651.7362600000,4674387.8538197028,4674387.8538197028,1,SRM-USDT
2021-09-01 01:00:00,1630429200000,8.6710000000,8.7059000000,8.4191000000,8.5535000000,543382.4353970001,4649692.4109184444,4649692.4109184444,1,SRM-USDT
2021-09-01 02:00:00,1630432800000,8.5497000000,8.6375000000,8.4294000000,8.6005000000,360550.9383730000,3082817.5543104210,3082817.5543104210,1,SRM-USDT
2021-09-01 03:00:00,1630436400000,8.6003000000,8.6541000000,8.4728000000,8.5562000000,333830.5711540000,2859606.9548129006,2859606.9548129006,1,SRM-USDT
2021-09-01 04:00:00,1630440000000,8.5530000000,8.5578000000,8.3015000000,8.3717000000,347857.3132930000,2931369.4116756562,2931369.4116756562,1,SRM-USDT
2021-09-01 05:00:00,1630443600000,8.3715000000,8.4099000000,8.1931000000,8.2728000000,453512.6905650000,3766398.0173438159,3766398.0173438159,1,SRM-USDT
2021-09-01 06:00:00,1630447200000,8.2728000000,8.3636000000,8.0448000000,8.2130000000,467014.6715770000,3814565.5164966392,3814565.5164966392,1,SRM-USDT
2021-09-01 07:00:00,1630450800000,8.2051000000,8.4240000000,8.1567000000,8.3511000000,243803.5270410000,2032418.3486039520,2032418.3486039520,1,SRM-USDT
2021-09-01 08:00:00,1630454400000,8.3537000000,8.5875000000,8.1554000000,8.1862000000,426149.9041870000,3555283.3287528246,3555283.3287528246,1,SRM-USDT
2021-09-01 09:00:00,1630458000000,8.1792000000,8.5180000000,8.0761000000,8.4132000000,476094.1182830000,3935069.8192665456,3935069.8192665456,1,SRM-USDT
2021-09-01 10:00:00,1630461600000,8.4109000000,8.5690000000,8.3154000000,8.4267000000,252028.5841900000,2131523.9826911041,2131523.9826911041,1,SRM-USDT
2021-09-01 11:00:00,1630465200000,8.4283000000,8.5630000000,8.3785000000,8.5538000000,253557.3734150000,2143898.2454666388,2143898.2454666388,1,SRM-USDT
2021-09-01 12:00:00,1630468800000,8.5516000000,8.6903000000,8.5156000000,8.6443000000,279247.2912260000,2407135.6103268489,2407135.6103268489,1,SRM-USDT
2021-09-01 13:00:00,1630472400000,8.6464000000,9.0024000000,8.6350000000,8.9587000000,463967.0429280000,4082241.8996699792,4082241.8996699792,1,SRM-USDT
2021-09-01 14:00:00,1630476000000,8.9579000000,8.9663000000,8.6047000000,8.6870000000,305165.3061610000,2670954.7944558063,2670954.7944558063,1,SRM-USDT
2021-09-01 15:00:00,1630479600000,8.6814000000,8.7597000000,8.5305000000,8.6853000000,256235.3209390000,2209054.4943946558,2209054.4943946558,1,SRM-USDT
2021-09-01 16:00:00,1630483200000,8.6819000000,8.7987000000,8.6051000000,8.7197000000,201825.8580350000,1758347.3286158666,1758347.3286158666,1,SRM-USDT
2021-09-01 17:00:00,1630486800000,8.7135000000,8.7886000000,8.5557000000,8.5898000000,233095.4374230000,2018720.5154942449,2018720.5154942449,1,SRM-USDT
2021-09-01 18:00:00,1630490400000,8.5902000000,8.6521000000,8.4344000000,8.4858000000,272707.2791130000,2324267.7621663194,2324267.7621663194,1,SRM-USDT
2021-09-01 19:00:00,1630494000000,8.4934000000,8.6334000000,8.4822000000,8.6019000000,183977.0341850000,1576747.2610133712,1576747.2610133712,1,SRM-USDT
2021-09-01 20:00:00,1630497600000,8.6037000000,8.6982000000,8.5372000000,8.5925000000,294761.1263550000,2543847.5376285831,2543847.5376285831,1,SRM-USDT
2021-09-01 21:00:00,1630501200000,8.6043000000,8.6335000000,8.4760000000,8.5374000000,151196.2655670000,1290807.9545904123,1290807.9545904123,1,SRM-USDT
2021-09-01 22:00:00,1630504800000,8.5463000000,8.6407000000,8.4645000000,8.4858000000,193654.7849390000,1656960.3133738537,1656960.3133738537,1,SRM-USDT
2021-09-01 23:00:00,1630508400000,8.4812000000,8.7464000000,8.4785000000,8.7360000000,256791.3631430000,2215358.2181235710,2215358.2181235710,1,SRM-USDT
2021-09-02 00:00:00,1630512000000,8.7266000000,9.0155000000,8.7254000000,8.9175000000,669905.8822160000,5949844.1848817589,5949844.1848817589,1,SRM-USDT
2021-09-02 01:00:00,1630515600000,8.9165000000,8.9939000000,8.7682000000,8.8022000000,247072.3380870000,2196827.0686257039,2196827.0686257039,1,SRM-USDT
2021-09-02 02:00:00,1630519200000,8.8056000000,8.8383000000,8.7117000000,8.7276000000,188255.9009280000,1653530.6014210710,1653530.6014210710,1,SRM-USDT
2021-09-02 03:00:00,1630522800000,8.7296000000,8.7406000000,8.6427000000,8.7011000000,110584.2629410000,962719.6651179156,962719.6651179156,1,SRM-USDT
2021-09-02 04:00:00,1630526400000,8.6981000000,8.8040000000,8.6862000000,8.7193000000,122236.0011560000,1068491.7493219711,1068491.7493219711,1,SRM-USDT
2021-09-02 05:00:00,1630530000000,8.7137000000,8.7900000000,8.6771000000,8.7871000000,126045.9797310000,1100445.7529314151,1100445.7529314151,1,SRM-USDT
2021-09-02 06:00:00,1630533600000,8.7881000000,8.7881000000,8.6267000000,8.6435000000,110932.8831860000,964728.9381210420,964728.9381210420,1,SRM-USDT
2021-09-02 07:00:00,1630537200000,8.6372000000,8.7447000000,8.6330000000,8.7077000000,96055.3084220000,834099.5405707161,834099.5405707161,1,SRM-USDT
2021-09-02 08:00:00,1630540800000,8.7079000000,8.7169000000,8.5572000000,8.5728000000,169704.6207030000,1467107.8525434968,1467107.8525434968,1,SRM-USDT
2021-09-02 09:00:00,1630544400000,8.5600000000,8.7219000000,8.5331000000,8.5902000000,186415.3846250000,1604135.9004392547,1604135.9004392547,1,SRM-USDT
2021-09-02 10:00:00,1630548000000,8.5942000000,8.6315000000,8.5402000000,8.5402000000,115681.4852810000,991992.6659364176,991992.6659364176,1,SRM-USDT
2021-09-02 11:00:00,1630551600000,8.5404000000,8.6996000000,8.5403000000,8.6842000000,108684.6163470000,936418.4315174944,936418.4315174944,1,SRM-USDT
2021-09-02 12:00:00,1630555200000,8.6865000000,8.9657000000,8.6210000000,8.8966000000,247474.2404200000,2183450.8865111638,2183450.8865111638,1,SRM-USDT
2021-09-02 13:00:00,1630558800000,8.8982000000,9.2656000000,8.8662000000,9.1166000000,468899.7608230000,4271856.9357770178,4271856.9357770178,1,SRM-USDT
2021-09-02 14:00:00,1630562400000,9.1262000000,9.2029000000,8.9576000000,9.0485000000,320635.8778470000,2903493.7172580850,2903493.7172580850,1,SRM-USDT
2021-09-02 15:00:00,1630566000000,9.0469000000,9.2104000000,8.8933000000,8.9329000000,286049.5183860000,2592187.7101947642,2592187.7101947642,1,SRM-USDT
2021-09-02 16:00:00,1630569600000,8.9276000000,9.1100000000,8.9060000000,9.0048000000,161030.0261800000,1451946.1152296264,1451946.1152296264,1,SRM-USDT
2021-09-02 17:00:00,1630573200000,9.0056000000,9.0118000000,8.9013000000,8.9237000000,135596.6791400000,1214094.2468298853,1214094.2468298853,1,SRM-USDT
2021-09-02 18:00:00,1630576800000,8.9217000000,8.9485000000,8.8546000000,8.9472000000,148329.8681580000,1317129.6016124671,1317129.6016124671,1,SRM-USDT
2021-09-02 19:00:00,1630580400000,8.9479000000,8.9949000000,8.9004000000,8.9504000000,165247.7043340000,1476999.0795374608,1476999.0795374608,1,SRM-USDT
2021-09-02 20:00:00,1630584000000,8.9565000000,9.0041000000,8.8164000000,8.8519000000,166369.8641130000,1483531.3285187604,1483531.3285187604,1,SRM-USDT
2021-09-02 21:00:00,1630587600000,8.8507000000,8.9143000000,8.8302000000,8.8637000000,107654.0233030000,955339.5048750212,955339.5048750212,1,SRM-USDT
2021-09-02 22:00:00,1630591200000,8.8627000000,8.8722000000,8.6510000000,8.6685000000,225304.0974130000,1976328.7500053705,1976328.7500053705,1,SRM-USDT
2021-09-02 23:00:00,1630594800000,8.6700000000,8.9661000000,8.6285000000,8.8795000000,236675.2132820000,2084047.5406293897,2084047.5406293897,1,SRM-USDT
2021-09-03 00:00:00,1630598400000,8.8797000000,8.9726000000,8.8083000000,8.9353000000,180258.9250790000,1606431.6130715460,1606431.6130715460,1,SRM-USDT
2021-09-03 01:00:00,1630602000000,8.9379000000,9.1166000000,8.7944000000,9.0940000000,347175.3879370000,3116318.0736431284,3116318.0736431284,1,SRM-USDT
2021-09-03 02:00:00,1630605600000,9.0825000000,9.2171000000,8.9309000000,9.0360000000,277824.5704370000,2513985.2035133289,2513985.2035133289,1,SRM-USDT
2021-09-03 03:00:00,1630609200000,9.0415000000,9.0415000000,8.8721000000,8.9058000000,144510.4589520000,1290740.2927082400,1290740.2927082400,1,SRM-USDT
2021-09-03 04:00:00,1630612800000,8.9068000000,8.9928000000,8.8477000000,8.9225000000,111053.8588200000,990886.5952196696,990886.5952196696,1,SRM-USDT
2021-09-03 05:00:00,1630616400000,8.9292000000,9.0824000000,8.9112000000,9.0007000000,136328.2849660000,1227776.5720890292,1227776.5720890292,1,SRM-USDT
2021-09-03 06:00:00,1630620000000,9.0008000000,9.0544000000,8.9256000000,8.9313000000,108751.0832010000,977089.0224485800,977089.0224485800,1,SRM-USDT
2021-09-03 07:00:00,1630623600000,8.9283000000,8.9283000000,8.7968000000,8.8305000000,108289.4823130000,957123.0056565650,957123.0056565650,1,SRM-USDT
2021-09-03 08:00:00,1630627200000,8.8323000000,9.3306000000,8.8323000000,9.1763000000,736075.2289280000,6709923.9081845647,6709923.9081845647,1,SRM-USDT
2021-09-03 09:00:00,1630630800000,9.1651000000,9.5185000000,9.1241000000,9.3032000000,791393.4065920000,7409443.5382619677,7409443.5382619677,1,SRM-USDT
2021-09-03 10:00:00,1630634400000,9.2980000000,9.5882000000,9.2458000000,9.5795000000,362708.4609850000,3403875.2718880232,3403875.2718880232,1,SRM-USDT
2021-09-03 11:00:00,1630638000000,9.5825000000,9.6236000000,9.4050000000,9.4378000000,491681.8157350000,4672824.2746473048,4672824.2746473048,1,SRM-USDT
2021-09-03 12:00:00,1630641600000,9.4387000000,9.4494000000,9.2688000000,9.3585000000,205802.4281690000,1922376.0645929496,1922376.0645929496,1,SRM-USDT
2021-09-03 13:00:00,1630645200000,9.3546000000,9.5014000000,9.2417000000,9.4427000000,292062.2258410000,2742665.1349928216,2742665.1349928216,1,SRM-USDT
2021-09-03 14:00:00,1630648800000,9.4391000000,9.7139000000,9.3483000000,9.5077000000,446787.4942870000,4273719.9832728067,4273719.9832728067,1,SRM-USDT
2021-09-03 15:00:00,1630652400000,9.5094000000,9.8256000000,9.4238000000,9.7056000000,606605.6687910000,5864400.7900325228,5864400.7900325228,1,SRM-USDT
2021-09-03 16:00:00,1630656000000,9.7112000000,9.7703000000,9.5339000000,9.6356000000,351736.1265600000,3388955.9732386209,3388955.9732386209,1,SRM-USDT
2021-09-03 17:00:00,1630659600000,9.6509000000,9.7313000000,9.5390000000,9.6038000000,227872.9859630000,2198716.0054858322,2198716.0054858322,1,SRM-USDT
2021-09-03 18:00:00,1630663200000,9.6013000000,9.6043000000,9.3393000000,9.4125000000,238422.8076500000,2261738.6157736038,2261738.6157736038,1,SRM-USDT
2021-09-03 19:00:00,1630666800000,9.4167000000,9.4602000000,9.2896000000,9.4504000000,274546.4972010000,2570781.3400716595,2570781.3400716595,1,SRM-USDT
2021-09-03 20:00:00,1630670400000,9.4507000000,9.5890000000,9.3393000000,9.5268000000,215996.5062450000,2042419.8444893961,2042419.8444893961,1,SRM-USDT
2021-09-03 21:00:00,1630674000000,9.5308000000,9.5465000000,9.4160000000,9.4423000000,186597.9080230000,1769596.7041466834,1769596.7041466834,1,SRM-USDT
2021-09-03 22:00:00,1630677600000,9.4444000000,9.4578000000,9.2145000000,9.2942000000,280343.4759760000,2619741.4725231617,2619741.4725231617,1,SRM-USDT
2021-09-03 23:00:00,1630681200000,9.2951000000,9.3294000000,9.2250000000,9.2875000000,171819.1347080000,1594179.6454302410,1594179.6454302410,1,SRM-USDT
2021-09-04 00:00:00,1630684800000,9.2903000000,9.3523000000,9.2437000000,9.3125000000,125587.3414490000,1167458.5105813793,1167458.5105813793,1,SRM-USDT
2021-09-04 01:00:00,1630688400000,9.3149000000,9.3747000000,9.2614000000,9.3513000000,88622.9419270000,825425.6632378685,825425.6632378685,1,SRM-USDT
2021-09-04 02:00:00,1630692000000,9.3509000000,9.3897000000,9.2699000000,9.3579000000,81049.8679790000,755149.9307495108,755149.9307495108,1,SRM-USDT
2021-09-04 03:00:00,1630695600000,9.3614000000,9.3765000000,9.3043000000,9.3645000000,140681.2506250000,1313507.6894235499,1313507.6894235499,1,SRM-USDT
2021-09-04 04:00:00,1630699200000,9.3639000000,9.4022000000,9.2372000000,9.3051000000,100269.6718820000,933592.9941912624,933592.9941912624,1,SRM-USDT
2021-09-04 05:00:00,1630702800000,9.3012000000,9.4247000000,9.3012000000,9.4165000000,62256.7710650000,582850.7513782777,582850.7513782777,1,SRM-USDT
2021-09-04 06:00:00,1630706400000,9.4172000000,9.4234000000,9.0816000000,9.1205000000,196099.3443020000,1805916.2703318591,1805916.2703318591,1,SRM-USDT
2021-09-04 07:00:00,1630710000000,9.1192000000,9.3208000000,9.0995000000,9.2399000000,171857.1838560000,1580429.5670055321,1580429.5670055321,1,SRM-USDT
2021-09-04 08:00:00,1630713600000,9.2431000000,9.3144000000,9.0837000000,9.1603000000,156075.5654390000,1431995.8008234252,1431995.8008234252,1,SRM-USDT
2021-09-04 09:00:00,1630717200000,9.1515000000,9.1543000000,8.9187000000,8.9268000000,347844.3818370000,3143204.0551163312,3143204.0551163312,1,SRM-USDT
2021-09-04 10:00:00,1630720800000,8.9326000000,9.0551000000,8.9028000000,9.0335000000,327348.7783950000,2944220.5769806551,2944220.5769806551,1,SRM-USDT
2021-09-04 11:00:00,1630724400000,9.0286000000,9.1290000000,8.8920000000,9.0170000000,959005.1286100000,8602143.0088822413,8602143.0088822413,1,SRM-USDT
2021-09-04 12:00:00,1630728000000,9.0132000000,9.0611000000,8.9805000000,9.0236000000,159808.7102790000,1441466.6213630938,1441466.6213630938,1,SRM-USDT
2021-09-04 13:00:00,1630731600000,9.0207000000,9.0555000000,8.9576000000,9.0324000000,146600.0986180000,1320985.4921313885,1320985.4921313885,1,SRM-USDT
2021-09-04 14:00:00,1630735200000,9.0341000000,9.1389000000,9.0104000000,9.1132000000,141313.1838420000,1282756.8037486775,1282756.8037486775,1,SRM-USDT
2021-09-04 15:00:00,1630738800000,9.1116000000,9.1473000000,9.0265000000,9.0367000000,114381.2667860000,1039278.3886510524,1039278.3886510524,1,SRM-USDT
2021-09-04 16:00:00,1630742400000,9.0399000000,9.1326000000,9.0198000000,9.0834000000,111598.7322560000,1012628.3524159072,1012628.3524159072,1,SRM-USDT
2021-09-04 17:00:00,1630746000000,9.0845000000,9.1202000000,9.0199000000,9.0736000000,92268.0384130000,837191.4183425542,837191.4183425542,1,SRM-USDT
2021-09-04 18:00:00,1630749600000,9.0747000000,9.1239000000,8.8691000000,8.8996000000,189956.8272040000,1714841.9889009723,1714841.9889009723,1,SRM-USDT
2021-09-04 19:00:00,1630753200000,8.9026000000,8.9949000000,8.8737000000,8.9578000000,152784.7097080000,1366683.5179758421,1366683.5179758421,1,SRM-USDT
2021-09-04 20:00:00,1630756800000,8.9590000000,9.0558000000,8.9404000000,9.0272000000,129265.7237590000,1164707.6095226032,1164707.6095226032,1,SRM-USDT
2021-09-04 21:00:00,1630760400000,9.0257000000,9.1104000000,8.9964000000,9.0346000000,200464.7252760000,1816185.4443589279,1816185.4443589279,1,SRM-USDT
2021-09-04 22:00:00,1630764000000,9.0342000000,9.0388000000,8.9497000000,8.9676000000,145365.9497090000,1306982.6864941565,1306982.6864941565,1,SRM-USDT
2021-09-04 23:00:00,1630767600000,8.9664000000,9.0337000000,8.9660000000,8.9744000000,134866.8479480000,1212787.0275457688,1212787.0275457688,1,SRM-USDT
2021-09-05 00:00:00,1630771200000,8.9760000000,8.9988000000,8.8806000000,8.8806000000,162651.4994510000,1453811.4766915033,1453811.4766915033,1,SRM-USDT
2021-09-05 01:00:00,1630774800000,8.8788000000,8.8948000000,8.6187000000,8.7920000000,654292.0789410000,5709763.1821428044,5709763.1821428044,1,SRM-USDT
2021-09-05 02:00:00,1630778400000,8.7940000000,8.8093000000,8.7506000000,8.7601000000,202314.4240310000,1775920.6719007471,1775920.6719007471,1,SRM-USDT
2021-09-05 03:00:00,1630782000000,8.7635000000,8.7635000000,8.6427000000,8.7166000000,190049.9223110000,1652016.4463044698,1652016.4463044698,1,SRM-USDT
2021-09-05 04:00:00,1630785600000,8.7149000000,8.8197000000,8.7110000000,8.8069000000,104588.2412850000,918251.7845490340,918251.7845490340,1,SRM-USDT
2021-09-05 05:00:00,1630789200000,8.8100000000,8.8685000000,8.7893000000,8.8500000000,105599.4335020000,932509.7530069436,932509.7530069436,1,SRM-USDT
2021-09-05 06:00:00,1630792800000,8.8504000000,8.9029000000,8.7827000000,8.8346000000,167688.6569320000,1483133.6093948004,1483133.6093948004,1,SRM-USDT
2021-09-05 07:00:00,1630796400000,8.8333000000,8.8516000000,8.7346000000,8.8100000000,148916.2090480000,1308780.2714576039,1308780.2714576039,1,SRM-USDT
2021-09-05 08:00:00,1630800000000,8.8111000000,8.8127000000,8.5914000000,8.7034000000,214272.4809090000,1860929.7030753361,1860929.7030753361,1,SRM-USDT
2021-09-05 09:00:00,1630803600000,8.7095000000,8.7513000000,8.5500000000,8.6436000000,172466.9469190000,1492576.8933908611,1492576.8933908611,1,SRM-USDT
2021-09-05 10:00:00,1630807200000,8.6443000000,8.7238000000,8.6434000000,8.6805000000,86609.0360270000,752455.8117971461,752455.8117971461,1,SRM-USDT
2021-09-05 11:00:00,1630810800000,8.6826000000,8.6975000000,8.5522000000,8.5612000000,69655.8127690000,599555.0785322574,599555.0785322574,1,SRM-USDT
2021-09-05 12:00:00,1630814400000,8.5626000000,8.6457000000,8.5523000000,8.6239000000,63421.2166010000,545767.9642267054,545767.9642267054,1,SRM-USDT
2021-09-05 13:00:00,1630818000000,8.6241000000,8.6484000000,8.5952000000,8.5989000000,70325.2133770000,606108.6807915407,606108.6807915407,1,SRM-USDT
2021-09-05 14:00:00,1630821600000,8.6022000000,8.6861000000,8.5418000000,8.6740000000,91597.7582090000,787903.2960569800,787903.2960569800,1,SRM-USDT
2021-09-05 15:00:00,1630825200000,8.6843000000,8.7304000000,8.6541000000,8.6687000000,97759.8635800000,850274.2407656902,850274.2407656902,1,SRM-USDT
2021-09-05 16:00:00,1630828800000,8.6655000000,8.7796000000,8.6655000000,8.7744000000,70165.5617300000,611787.2707459305,611787.2707459305,1,SRM-USDT
2021-09-05 17:00:00,1630832400000,8.7717000000,8.7861000000,8.6955000000,8.6969000000,87399.7363970000,763631.6940439537,763631.6940439537,1,SRM-USDT
2021-09-05 18:00:00,1630836000000,8.7007000000,8.7659000000,8.6673000000,8.6733000000,88785.0512230000,773704.4795413800,773704.4795413800,1,SRM-USDT
2021-09-05 19:00:00,1630839600000,8.6757000000,8.7336000000,8.6521000000,8.7073000000,109080.0593890000,949053.2985416212,949053.2985416212,1,SRM-USDT
2021-09-05 20:00:00,1630843200000,8.7128000000,8.7230000000,8.6578000000,8.7230000000,98775.7342880000,858210.0483013506,858210.0483013506,1,SRM-USDT
2021-09-05 21:00:00,1630846800000,8.7237000000,8.7304000000,8.6696000000,8.6922000000,119642.4056670000,1040138.7375780896,1040138.7375780896,1,SRM-USDT
2021-09-05 22:00:00,1630850400000,8.6922000000,8.7859000000,8.6627000000,8.7201000000,100853.0412560000,879767.3641715792,879767.3641715792,1,SRM-USDT
2021-09-05 23:00:00,1630854000000,8.7157000000,8.7172000000,8.3721000000,8.5209000000,353027.8307060000,3013477.5315342918,3013477.5315342918,1,SRM-USDT
2021-09-06 00:00:00,1630857600000,8.5225000000,8.6109000000,8.5025000000,8.5757000000,101572.5397900000,870484.3922856890,870484.3922856890,1,SRM-USDT
2021-09-06 01:00:00,1630861200000,8.5800000000,8.5970000000,8.5400000000,8.5790000000,79132.7980180000,678144.2461494113,678144.2461494113,1,SRM-USDT
2021-09-06 02:00:00,1630864800000,8.5790000000,8.5821000000,8.5201000000,8.5212000000,85303.9676850000,729740.1392087376,729740.1392087376,1,SRM-USDT
2021-09-06 03:00:00,1630868400000,8.5218000000,8.6275000000,8.5164000000,8.5825000000,125477.2349210000,1075082.2600419412,1075082.2600419412,1,SRM-USDT
2021-09-06 04:00:00,1630872000000,8.5856000000,8.6566000000,8.5726000000,8.6506000000,71338.8529150000,613506.1388373048,613506.1388373048,1,SRM-USDT
2021-09-06 05:00:00,1630875600000,8.6536000000,8.7463000000,8.6103000000,8.6850000000,155300.0919520000,1348942.3599738674,1348942.3599738674,1,SRM-USDT
2021-09-06 06:00:00,1630879200000,8.6848000000,8.7536000000,8.6775000000,8.6974000000,97307.1303320000,847791.1741877549,847791.1741877549,1,SRM-USDT
2021-09-06 07:00:00,1630882800000,8.7036000000,8.7314000000,8.6270000000,8.7231000000,106552.7173740000,926750.0990736296,926750.0990736296,1,SRM-USDT
2021-09-06 08:00:00,1630886400000,8.7248000000,8.7525000000,8.5372000000,8.5858000000,140511.4937210000,1213517.5273893022,1213517.5273893022,1,SRM-USDT
2021-09-06 09:00:00,1630890000000,8.5841000000,8.6129000000,8.5172000000,8.5696000000,107100.4664220000,917485.5406816894,917485.5406816894,1,SRM-USDT
2021-09-06 10:00:00,1630893600000,8.5703000000,8.6004000000,8.5322000000,8.5413000000,55870.8187210000,478014.2625288206,478014.2625288206,1,SRM-USDT
2021-09-06 11:00:00,1630897200000,8.5421000000,8.5976000000,8.5394000000,8.5851000000,84407.7349840000,723420.8105314547,723420.8105314547,1,SRM-USDT
2021-09-06 12:00:00,1630900800000,8.5813000000,8.7251000000,8.5713000000,8.6469000000,163555.2264650000,1412177.4134177433,1412177.4134177433,1,SRM-USDT
2021-09-06 13:00:00,1630904400000,8.6449000000,8.7250000000,8.6171000000,8.7059000000,136782.8657010000,1185806.6018885172,1185806.6018885172,1,SRM-USDT
2021-09-06 14:00:00,1630908000000,8.7056000000,8.8666000000,8.7021000000,8.8288000000,216686.3580300000,1908952.9595472184,1908952.9595472184,1,SRM-USDT
2021-09-06 15:00:00,1630911600000,8.8272000000,8.8812000000,8.7727000000,8.8133000000,180169.3017360000,1592152.1817100651,1592152.1817100651,1,SRM-USDT
2021-09-06 16:00:00,1630915200000,8.8140000000,8.8838000000,8.7468000000,8.8138000000,217079.7028780000,1914679.0295578009,1914679.0295578009,1,SRM-USDT
2021-09-06 17:00:00,1630918800000,8.8138000000,8.9480000000,8.7821000000,8.9343000000,242638.1281540000,2152758.1756183165,2152758.1756183165,1,SRM-USDT
2021-09-06 18:00:00,1630922400000,8.9413000000,8.9413000000,8.8381000000,8.8786000000,214906.7226250000,1906650.1612129835,1906650.1612129835,1,SRM-USDT
2021-09-06 19:00:00,1630926000000,8.8767000000,8.8867000000,8.5444000000,8.6130000000,337903.1670310000,2940986.3549585170,2940986.3549585170,1,SRM-USDT
2021-09-06 20:00:00,1630929600000,8.6253000000,8.6253000000,7.7611000000,8.3060000000,1291865.5440829999,10593295.7031363994,10593295.7031363994,1,SRM-USDT
2021-09-06 21:00:00,1630933200000,8.3109000000,8.4549000000,8.2595000000,8.4326000000,306212.3635000000,2552283.6300993487,2552283.6300993487,1,SRM-USDT
2021-09-06 22:00:00,1630936800000,8.4380000000,8.4849000000,8.3946000000,8.4634000000,176912.9596320000,1493890.5117419241,1493890.5117419241,1,SRM-USDT
2021-09-06 23:00:00,1630940400000,8.4521000000,8.6246000000,8.4028000000,8.5949000000,218798.3900350000,1860364.4637450275,1860364.4637450275,1,SRM-USDT
2021-09-07 00:00:00,1630944000000,8.5968000000,8.9095000000,8.5942000000,8.7262000000,656438.1123180001,5761554.0630617710,5761554.0630617710,1,SRM-USDT
2021-09-07 01:00:00,1630947600000,8.7272000000,8.8404000000,8.7195000000,8.7980000000,196698.8841400000,1726869.8559304662,1726869.8559304662,1,SRM-USDT
2021-09-07 02:00:00,1630951200000,8.7998000000,8.8768000000,8.7230000000,8.7885000000,164157.4963350000,1444403.4156790648,1444403.4156790648,1,SRM-USDT
2021-09-07 03:00:00,1630954800000,8.8038000000,8.9160000000,8.7565000000,8.8434000000,259605.8197260000,2294760.7922207038,2294760.7922207038,1,SRM-USDT
2021-09-07 04:00:00,1630958400000,8.8438000000,8.8817000000,8.7434000000,8.8779000000,144815.7309970000,1275280.7339064821,1275280.7339064821,1,SRM-USDT
2021-09-07 05:00:00,1630962000000,8.8765000000,8.9354000000,8.7988000000,8.8586000000,182945.3095200000,1620643.9450237353,1620643.9450237353,1,SRM-USDT
2021-09-07 06:00:00,1630965600000,8.8698000000,9.2188000000,8.8685000000,9.1945000000,405629.1080640000,3673833.0578233246,3673833.0578233246,1,SRM-USDT
2021-09-07 07:00:00,1630969200000,9.2042000000,9.2287000000,8.9550000000,9.0651000000,372531.5376360000,3375503.5083091054,3375503.5083091054,1,SRM-USDT
2021-09-07 08:00:00,1630972800000,9.0650000000,9.3439000000,8.7646000000,8.9841000000,799854.4162470000,7210177.4221117375,7210177.4221117375,1,SRM-USDT
2021-09-07 09:00:00,1630976400000,8.9815000000,9.1885000000,8.9244000000,9.1816000000,372985.4582660000,3378231.5548200682,3378231.5548200682,1,SRM-USDT
2021-09-07 10:00:00,1630980000000,9.1847000000,9.8692000000,9.1847000000,9.8306000000,907395.8242300000,8644784.9803105760,8644784.9803105760,1,SRM-USDT
2021-09-07 11:00:00,1630983600000,9.8245000000,10.1342000000,9.5395000000,9.6755000000,1817609.7467030000,17920194.0532487854,17920194.0532487854,1,SRM-USDT
2021-09-07 12:00:00,1630987200000,9.6755000000,9.9372000000,9.5000000000,9.5792000000,1192296.7010470000,11580838.2241951246,11580838.2241951246,1,SRM-USDT
2021-09-07 13:00:00,1630990800000,9.5735000000,10.2940000000,9.5648000000,10.1235000000,1322092.2650170000,13250028.9592216518,13250028.9592216518,1,SRM-USDT
2021-09-07 14:00:00,1630994400000,10.1194000000,10.6361000000,9.9397000000,10.1182000000,1652170.1934380000,16958629.7070155106,16958629.7070155106,1,SRM-USDT
2021-09-07 15:00:00,1630998000000,10.1185000000,10.2498000000,9.7585000000,10.0876000000,1328098.3720370000,13314082.3402906992,13314082.3402906992,1,SRM-USDT
2021-09-07 16:00:00,1631001600000,10.1068000000,10.1198000000,9.3213000000,9.6059000000,1302947.9455850001,12606325.2258058600,12606325.2258058600,1,SRM-USDT
2021-09-07 17:00:00,1631005200000,9.6020000000,9.8214000000,9.2389000000,9.4548000000,972971.4235730000,9308232.1709512323,9308232.1709512323,1,SRM-USDT
2021-09-07 18:00:00,1631008800000,9.4552000000,9.7871000000,9.3207000000,9.7066000000,611447.1805059999,5848084.6888739858,5848084.6888739858,1,SRM-USDT
2021-09-07 19:00:00,1631012400000,9.7068000000,9.9039000000,9.5596000000,9.5899000000,353761.2484820000,3439828.8222879241,3439828.8222879241,1,SRM-USDT
2021-09-07 20:00:00,1631016000000,9.5898000000,9.7448000000,9.4366000000,9.6337000000,633549.0916840000,6073900.4365058681,6073900.4365058681,1,SRM-USDT
2021-09-07 21:00:00,1631019600000,9.6381000000,9.7855000000,9.4085000000,9.4146000000,455471.6150170000,4384491.1422981843,4384491.1422981843,1,SRM-USDT
2021-09-07 22:00:00,1631023200000,9.3999000000,9.5558000000,7.7911000000,7.9092000000,1782260.1131859999,15895610.3348631561,15895610.3348631561,1,SRM-USDT
2021-09-07 23:00:00,1631026800000,7.9092000000,8.3676000000,7.0000000000,8.3201000000,1209627.4924770000,9703901.2069961745,9703901.2069961745,1,SRM-USDT
2021-09-08 00:00:00,1631030400000,8.3199000000,9.3857000000,8.2044000000,9.0650000000,1460167.4984860001,12883192.6564663276,12883192.6564663276,1,SRM-USDT
2021-09-08 01:00:00,1631034000000,9.0688000000,9.1557000000,8.4438000000,8.4601000000,1256131.7949760000,11013046.8780304231,11013046.8780304231,1,SRM-USDT
2021-09-08 02:00:00,1631037600000,8.4557000000,8.6329000000,8.0653000000,8.2996000000,918219.6112510000,7679120.8532474628,7679120.8532474628,1,SRM-USDT
2021-09-08 03:00:00,1631041200000,8.3013000000,8.4613000000,8.0628000000,8.0930000000,509905.4954520000,4211386.6987495609,4211386.6987495609,1,SRM-USDT
2021-09-08 04:00:00,1631044800000,8.0797000000,8.3388000000,7.9420000000,8.0706000000,481303.9344710000,3904506.2256906047,3904506.2256906047,1,SRM-USDT
2021-09-08 05:00:00,1631048400000,8.0707000000,8.1387000000,7.8007000000,7.9718000000,491663.8274030000,3896497.1681657271,3896497.1681657271,1,SRM-USDT
2021-09-08 06:00:00,1631052000000,7.9639000000,8.2399000000,7.8166000000,8.1389000000,935080.3680080000,7532637.3331073187,7532637.3331073187,1,SRM-USDT
2021-09-08 07:00:00,1631055600000,8.1418000000,8.4121000000,8.0016000000,8.3213000000,469358.1265950000,3858673.7546577696,3858673.7546577696,1,SRM-USDT
2021-09-08 08:00:00,1631059200000,8.3222000000,8.5896000000,7.9942000000,8.5627000000,618458.0147860000,5142251.4483047919,5142251.4483047919,1,SRM-USDT
2021-09-08 09:00:00,1631062800000,8.5575000000,8.7932000000,8.3249000000,8.7622000000,404680.8840190000,3437338.0533678229,3437338.0533678229,1,SRM-USDT
2021-09-08 10:00:00,1631066400000,8.7574000000,8.7945000000,8.5088000000,8.5582000000,400514.1086280000,3474032.0971728167,3474032.0971728167,1,SRM-USDT
2021-09-08 11:00:00,1631070000000,8.5612000000,8.5913000000,8.2030000000,8.3097000000,426636.4093650000,3562843.6110700271,3562843.6110700271,1,SRM-USDT
2021-09-08 12:00:00,1631073600000,8.3109000000,8.4558000000,8.1980000000,8.3199000000,343401.6031660000,2870120.2997194552,2870120.2997194552,1,SRM-USDT
2021-09-08 13:00:00,1631077200000,8.3276000000,8.4443000000,8.0356000000,8.0811000000,522320.7772310000,4327837.4699329128,4327837.4699329128,1,SRM-USDT
2021-09-08 14:00:00,1631080800000,8.0683000000,8.1834000000,7.5369000000,7.6356000000,960334.5100900000,7515502.7819323456,7515502.7819323456,1,SRM-USDT
2021-09-08 15:00:00,1631084400000,7.6260000000,7.7917000000,7.3996000000,7.4164000000,801475.5091460000,6087503.0889086016,6087503.0889086016,1,SRM-USDT
2021-09-08 16:00:00,1631088000000,7.4192000000,7.7697000000,7.2188000000,7.7697000000,808668.7747890000,6063237.4762670416,6063237.4762670416,1,SRM-USDT
2021-09-08 17:00:00,1631091600000,7.7694000000,7.9031000000,7.7012000000,7.8694000000,508991.6159470000,3976695.1640818897,3976695.1640818897,1,SRM-USDT
2021-09-08 18:00:00,1631095200000,7.8786000000,7.8823000000,7.5529000000,7.7410000000,340277.3471410000,2623264.9991272888,2623264.9991272888,1,SRM-USDT
2021-09-08 19:00:00,1631098800000,7.7372000000,7.8617000000,7.6793000000,7.6994000000,301721.4374120000,2342112.3404547949,2342112.3404547949,1,SRM-USDT
2021-09-08 20:00:00,1631102400000,7.7009000000,7.9662000000,7.6997000000,7.7303000000,397335.7373350000,3108140.7593391105,3108140.7593391105,1,SRM-USDT
2021-09-08 21:00:00,1631106000000,7.7342000000,7.8393000000,7.6099000000,7.7372000000,410291.3227700000,3173154.9248740221,3173154.9248740221,1,SRM-USDT
2021-09-08 22:00:00,1631109600000,7.7409000000,7.7626000000,7.5978000000,7.6700000000,386440.1445430000,2967718.2531709722,2967718.2531709722,1,SRM-USDT
2021-09-08 23:00:00,1631113200000,7.6700000000,7.9346000000,7.6604000000,7.8559000000,482435.7801430000,3774116.6337563242,3774116.6337563242,1,SRM-USDT
2021-09-09 00:00:00,1631116800000,7.8584000000,8.0646000000,7.7695000000,8.0204000000,377316.5510140000,2989676.2429029802,2989676.2429029802,1,SRM-USDT
2021-09-09 01:00:00,1631120400000,8.0156000000,8.0747000000,7.8476000000,7.9443000000,247421.6623140000,1964069.8913447461,1964069.8913447461,1,SRM-USDT
2021-09-09 02:00:00,1631124000000,7.9428000000,8.2369000000,7.9105000000,8.2193000000,325775.0606420000,2627992.9251632662,2627992.9251632662,1,SRM-USDT
2021-09-09 03:00:00,1631127600000,8.2236000000,8.7802000000,8.1765000000,8.6939000000,781053.3984240000,6631906.0608922420,6631906.0608922420,1,SRM-USDT
2021-09-09 04:00:00,1631131200000,8.6948000000,8.7610000000,8.3803000000,8.4723000000,607950.3100730000,5192027.9107062500,5192027.9107062500,1,SRM-USDT
2021-09-09 05:00:00,1631134800000,8.4787000000,8.9398000000,8.4782000000,8.7630000000,596390.2388670000,5197777.3110288205,5197777.3110288205,1,SRM-USDT
2021-09-09 06:00:00,1631138400000,8.7612000000,9.2331000000,8.7009000000,9.0041000000,984310.4605540000,8877812.3325255662,8877812.3325255662,1,SRM-USDT
2021-09-09 07:00:00,1631142000000,9.0102000000,9.1286000000,8.7331000000,8.8578000000,736039.5525230000,6571307.6905610710,6571307.6905610710,1,SRM-USDT
2021-09-09 08:00:00,1631145600000,8.8654000000,9.4900000000,8.5942000000,9.4804000000,1341146.8734700000,12233223.1983389314,12233223.1983389314,1,SRM-USDT
2021-09-09 09:00:00,1631149200000,9.4855000000,9.4855000000,9.0752000000,9.4061000000,897300.0659810000,8307661.9239570657,8307661.9239570657,1,SRM-USDT
2021-09-09 10:00:00,1631152800000,9.4035000000,9.6734000000,9.1958000000,9.3870000000,766347.2899250000,7217835.8358927108,7217835.8358927108,1,SRM-USDT
2021-09-09 11:00:00,1631156400000,9.3871000000,9.6616000000,9.2515000000,9.5261000000,544620.1093150000,5180548.3794428026,5180548.3794428026,1,SRM-USDT
2021-09-09 12:00:00,1631160000000,9.5287000000,9.8805000000,9.4428000000,9.8023000000,521734.8042870000,5050643.6441367110,5050643.6441367110,1,SRM-USDT
2021-09-09 13:00:00,1631163600000,9.8034000000,10.3845000000,9.6275000000,10.3427000000,1009563.8611460000,10085889.2377135623,10085889.2377135623,1,SRM-USDT
2021-09-09 14:00:00,1631167200000,10.3566000000,10.4798000000,9.9287000000,10.1444000000,952086.0148379999,9695354.1692157593,9695354.1692157593,1,SRM-USDT
2021-09-09 15:00:00,1631170800000,10.1378000000,10.7760000000,9.9136000000,10.7042000000,1238685.2202490000,12808747.1152520236,12808747.1152520236,1,SRM-USDT
2021-09-09 16:00:00,1631174400000,10.6889000000,10.9354000000,10.4350000000,10.8443000000,1312263.9813630001,13970102.1931334268,13970102.1931334268,1,SRM-USDT
2021-09-09 17:00:00,1631178000000,10.8401000000,12.1604000000,10.7064000000,12.0031000000,2551044.9633360002,29220077.9852662086,29220077.9852662086,1,SRM-USDT
2021-09-09 18:00:00,1631181600000,12.0050000000,12.0050000000,10.9591000000,11.2233000000,2441846.1178640001,27741104.6244794577,27741104.6244794577,1,SRM-USDT
2021-09-09 19:00:00,1631185200000,11.2185000000,11.8100000000,11.1095000000,11.4690000000,1692002.3873630001,19356751.1457036808,19356751.1457036808,1,SRM-USDT
2021-09-09 20:00:00,1631188800000,11.4690000000,11.6571000000,10.5201000000,11.1231000000,2973924.5082700001,32758478.4355472885,32758478.4355472885,1,SRM-USDT
2021-09-09 21:00:00,1631192400000,11.1300000000,11.3722000000,10.8220000000,11.1096000000,1317985.3943950001,14636147.1303009838,14636147.1303009838,1,SRM-USDT
2021-09-09 22:00:00,1631196000000,11.1165000000,11.5296000000,10.9228000000,11.3516000000,1059446.1626670000,11883880.1813626960,11883880.1813626960,1,SRM-USDT
2021-09-09 23:00:00,1631199600000,11.3569000000,11.6828000000,11.1984000000,11.5128000000,1048592.5634359999,11967637.6616294049,11967637.6616294049,1,SRM-USDT
2021-09-10 00:00:00,1631203200000,11.5211000000,11.5761000000,11.0810000000,11.2848000000,669895.3675000001,7537598.5916334596,7537598.5916334596,1,SRM-USDT
2021-09-10 01:00:00,1631206800000,11.2778000000,11.3260000000,10.7225000000,10.7960000000,505778.5803700000,5539623.0358730815,5539623.0358730815,1,SRM-USDT
2021-09-10 02:00:00,1631210400000,10.7983000000,10.8970000000,10.5599000000,10.6242000000,507220.6723010000,5425249.2384948405,5425249.2384948405,1,SRM-USDT
2021-09-10 03:00:00,1631214000000,10.6556000000,10.8374000000,10.3077000000,10.8105000000,777654.3363320000,8225488.0483931778,8225488.0483931778,1,SRM-USDT
2021-09-10 04:00:00,1631217600000,10.8057000000,10.8734000000,10.3980000000,10.4303000000,563509.4843710000,5976508.0242743418,5976508.0242743418,1,SRM-USDT
2021-09-10 05:00:00,1631221200000,10.4179000000,10.9918000000,10.3633000000,10.9547000000,611136.4521810000,6535449.3449965725,6535449.3449965725,1,SRM-USDT
2021-09-10 06:00:00,1631224800000,10.9681000000,11.0501000000,10.6655000000,10.9686000000,561295.5387940001,6112633.8581527499,6112633.8581527499,1,SRM-USDT
2021-09-10 07:00:00,1631228400000,10.9600000000,11.2797000000,10.7061000000,10.7862000000,636217.1321690000,7016221.4387113657,7016221.4387113657,1,SRM-USDT
2021-09-10 08:00:00,1631232000000,10.7923000000,11.4271000000,10.7910000000,10.8744000000,1052447.5952200000,11626833.5421227049,11626833.5421227049,1,SRM-USDT
2021-09-10 09:00:00,1631235600000,10.8757000000,10.9099000000,10.3067000000,10.5246000000,741479.1191760000,7828486.8737412943,7828486.8737412943,1,SRM-USDT
2021-09-10 10:00:00,1631239200000,10.5259000000,10.8490000000,10.4347000000,10.7094000000,454542.9515520000,4864594.3573144246,4864594.3573144246,1,SRM-USDT
2021-09-10 11:00:00,1631242800000,10.7141000000,10.7774000000,10.5400000000,10.7576000000,235758.0121710000,2511308.3512578006,2511308.3512578006,1,SRM-USDT
2021-09-10 12:00:00,1631246400000,10.7537000000,11.2966000000,10.7311000000,10.9216000000,626984.5324550000,6913588.6797398617,6913588.6797398617,1,SRM-USDT
2021-09-10 13:00:00,1631250000000,10.9224000000,10.9239000000,10.6123000000,10.8287000000,384637.5231820000,4141696.4365870762,4141696.4365870762,1,SRM-USDT
2021-09-10 14:00:00,1631253600000,10.8308000000,10.9124000000,10.5039000000,10.5122000000,292890.7258840000,3122821.7613364304,3122821.7613364304,1,SRM-USDT
2021-09-10 15:00:00,1631257200000,10.5018000000,10.5578000000,10.0064000000,10.1801000000,1068370.3263999999,10966703.0136806238,10966703.0136806238,1,SRM-USDT
2021-09-10 16:00:00,1631260800000,10.1983000000,10.3039000000,9.8591000000,10.2064000000,776907.7196550000,7864828.4089880828,7864828.4089880828,1,SRM-USDT
2021-09-10 17:00:00,1631264400000,10.2092000000,10.6063000000,10.0190000000,10.3455000000,503671.6618080000,5198698.6161620496,5198698.6161620496,1,SRM-USDT
2021-09-10 18:00:00,1631268000000,10.3415000000,10.4352000000,10.2440000000,10.3234000000,253699.6851570000,2621992.5989907128,2621992.5989907128,1,SRM-USDT
2021-09-10 19:00:00,1631271600000,10.3286000000,10.3816000000,10.1123000000,10.3426000000,344223.4642670000,3520578.5961951730,3520578.5961951730,1,SRM-USDT
2021-09-10 20:00:00,1631275200000,10.3478000000,10.4480000000,10.1068000000,10.1257000000,399709.5375540000,4104082.4534807215,4104082.4534807215,1,SRM-USDT
2021-09-10 21:00:00,1631278800000,10.1212000000,10.2270000000,9.8522000000,10.0371000000,518437.2239150000,5207969.4416876789,5207969.4416876789,1,SRM-USDT
2021-09-10 22:00:00,1631282400000,10.0326000000,10.1120000000,9.4799000000,9.6413000000,1007460.2138120000,9813663.5758480877,9813663.5758480877,1,SRM-USDT
2021-09-10 23:00:00,1631286000000,9.6589000000,10.1550000000,9.5294000000,10.1066000000,596030.1727500000,5866103.1942118313,5866103.1942118313,1,SRM-USDT
2021-09-11 00:00:00,1631289600000,10.1075000000,10.2713000000,9.9530000000,10.0740000000,564647.8675300000,5719283.8549182611,5719283.8549182611,1,SRM-USDT
2021-09-11 01:00:00,1631293200000,10.0768000000,10.9900000000,9.9700000000,10.9663000000,956204.0130060000,10076486.7681519240,10076486.7681519240,1,SRM-USDT
2021-09-11 02:00:00,1631296800000,10.9670000000,11.2000000000,10.7876000000,11.1533000000,774584.9322330001,8514008.0502465628,8514008.0502465628,1,SRM-USDT
2021-09-11 03:00:00,1631300400000,11.1611000000,11.7459000000,11.0151000000,11.4126000000,1371817.3480620000,15623677.4010186121,15623677.4010186121,1,SRM-USDT
2021-09-11 04:00:00,1631304000000,11.4142000000,11.5651000000,10.7188000000,10.7550000000,911609.3809990000,10157873.6575642582,10157873.6575642582,1,SRM-USDT
2021-09-11 05:00:00,1631307600000,10.7501000000,10.9613000000,10.2406000000,10.6028000000,860937.1350780000,9128402.4189527705,9128402.4189527705,1,SRM-USDT
2021-09-11 06:00:00,1631311200000,10.6022000000,10.7554000000,10.3620000000,10.4890000000,517023.3044330000,5488799.9069153871,5488799.9069153871,1,SRM-USDT
2021-09-11 07:00:00,1631314800000,10.4854000000,11.4907000000,10.3605000000,11.4410000000,633694.4352449999,6902861.9310684586,6902861.9310684586,1,SRM-USDT
2021-09-11 08:00:00,1631318400000,11.4458000000,12.8499000000,11.2586000000,12.8091000000,2869350.8731180001,35191403.9407140315,35191403.9407140315,1,SRM-USDT
2021-09-11 09:00:00,1631322000000,12.7925000000,12.8576000000,12.3260000000,12.6614000000,1014299.6741160000,12763749.3632421754,12763749.3632421754,1,SRM-USDT
2021-09-11 10:00:00,1631325600000,12.6550000000,13.7533000000,12.6503000000,13.3908000000,1913188.4748450001,25548246.6580623612,25548246.6580623612,1,SRM-USDT
2021-09-11 11:00:00,1631329200000,13.3898000000,13.4554000000,12.7904000000,13.2738000000,1011953.1610860000,13319449.4096594360,13319449.4096594360,1,SRM-USDT
2021-09-11 12:00:00,1631332800000,13.2970000000,13.5325000000,12.7309000000,12.8541000000,671022.5899560000,8826807.4245816693,8826807.4245816693,1,SRM-USDT
2021-09-11 13:00:00,1631336400000,12.8659000000,13.0562000000,12.4480000000,13.0448000000,875098.8115780000,11159344.1786837541,11159344.1786837541,1,SRM-USDT
2021-09-11 14:00:00,1631340000000,13.0399000000,13.1482000000,12.5993000000,12.7192000000,533922.7885199999,6878918.3589182682,6878918.3589182682,1,SRM-USDT
2021-09-11 15:00:00,1631343600000,12.7279000000,13.5282000000,12.6189000000,13.2526000000,1274836.6989330000,16707246.0437563062,16707246.0437563062,1,SRM-USDT
2021-09-11 16:00:00,1631347200000,13.2650000000,13.3104000000,12.8291000000,13.2625000000,677068.9328230000,8842394.3662694320,8842394.3662694320,1,SRM-USDT
2021-09-11 17:00:00,1631350800000,13.2671000000,13.5455000000,12.8482000000,13.5099000000,786295.8578170000,10415749.4693828207,10415749.4693828207,1,SRM-USDT
2021-09-11 18:00:00,1631354400000,13.5058000000,13.5523000000,13.0068000000,13.2635000000,564738.5811970000,7478627.3698827373,7478627.3698827373,1,SRM-USDT
2021-09-11 19:00:00,1631358000000,13.2742000000,13.3065000000,12.6613000000,12.7217000000,622949.4050700000,8025790.7571338657,8025790.7571338657,1,SRM-USDT
2021-09-11 20:00:00,1631361600000,12.7435000000,12.8397000000,12.4772000000,12.6120000000,635784.1732700000,8070941.6480044732,8070941.6480044732,1,SRM-USDT
2021-09-11 21:00:00,1631365200000,12.6111000000,12.9561000000,12.5843000000,12.6782000000,502519.8800710000,6401452.6042623436,6401452.6042623436,1,SRM-USDT
2021-09-11 22:00:00,1631368800000,12.6760000000,12.9210000000,12.5991000000,12.7751000000,320411.9675660000,4090228.8116472126,4090228.8116472126,1,SRM-USDT
2021-09-11 23:00:00,1631372400000,12.7784000000,12.8013000000,12.3070000000,12.3721000000,452701.4281630000,5662580.3864798304,5662580.3864798304,1,SRM-USDT
2021-09-12 00:00:00,1631376000000,12.3708000000,12.5062000000,12.1424000000,12.4458000000,501060.4148130000,6177423.4898479423,6177423.4898479423,1,SRM-USDT
2021-09-12 01:00:00,1631379600000,12.4324000000,12.7366000000,12.3126000000,12.5946000000,413415.4732090000,5196692.6499085268,5196692.6499085268,1,SRM-USDT
2021-09-12 02:00:00,1631383200000,12.5910000000,12.7331000000,12.4473000000,12.5290000000,219809.2665960000,2759585.5382171250,2759585.5382171250,1,SRM-USDT
2021-09-12 03:00:00,1631386800000,12.5300000000,12.5939000000,12.1679000000,12.1731000000,308796.1548540000,3815501.8516602488,3815501.8516602488,1,SRM-USDT
2021-09-12 04:00:00,1631390400000,12.1665000000,12.2218000000,11.8752000000,12.1248000000,506753.7820010000,6106703.1651294529,6106703.1651294529,1,SRM-USDT
2021-09-12 05:00:00,1631394000000,12.1214000000,12.2556000000,12.0703000000,12.0851000000,213797.8208620000,2601691.2000862369,2601691.2000862369,1,SRM-USDT
2021-09-12 06:00:00,1631397600000,12.0765000000,12.0818000000,11.7929000000,11.8470000000,297981.2774810000,3552394.5335855456,3552394.5335855456,1,SRM-USDT
2021-09-12 07:00:00,1631401200000,11.8338000000,11.9651000000,11.6711000000,11.8295000000,299487.4158220000,3533074.8146124217,3533074.8146124217,1,SRM-USDT
2021-09-12 08:00:00,1631404800000,11.8414000000,12.4392000000,11.6859000000,12.1047000000,1375454.5664870001,16672406.6799670551,16672406.6799670551,1,SRM-USDT
2021-09-12 09:00:00,1631408400000,12.1206000000,12.9871000000,11.9729000000,12.8301000000,1017932.9455800001,12733975.5095934961,12733975.5095934961,1,SRM-USDT
2021-09-12 10:00:00,1631412000000,12.8231000000,12.8231000000,12.4482000000,12.5516000000,472032.4821030000,5970584.4799209964,5970584.4799209964,1,SRM-USDT
2021-09-12 11:00:00,1631415600000,12.5532000000,12.5532000000,12.3380000000,12.5030000000,342607.0490250000,4265352.1392018748,4265352.1392018748,1,SRM-USDT
2021-09-12 12:00:00,1631419200000,12.5100000000,12.5100000000,12.2397000000,12.2816000000,213491.5780600000,2634611.2225374025,2634611.2225374025,1,SRM-USDT
2021-09-12 13:00:00,1631422800000,12.2757000000,12.4498000000,12.2125000000,12.3131000000,189892.7776630000,2344016.5130807287,2344016.5130807287,1,SRM-USDT
2021-09-12 14:00:00,1631426400000,12.3136000000,12.3885000000,12.0116000000,12.0371000000,331960.9475150000,4039055.8514056695,4039055.8514056695,1,SRM-USDT
2021-09-12 15:00:00,1631430000000,12.0368000000,12.4530000000,12.0222000000,12.4157000000,371502.5963190000,4545420.8555630585,4545420.8555630585,1,SRM-USDT
2021-09-12 16:00:00,1631433600000,12.4145000000,12.7359000000,12.3323000000,12.6435000000,543790.0100610000,6838600.2632198157,6838600.2632198157,1,SRM-USDT
2021-09-12 17:00:00,1631437200000,12.6580000000,12.6829000000,12.3230000000,12.3230000000,311737.9822680000,3905912.0939755854,3905912.0939755854,1,SRM-USDT
2021-09-12 18:00:00,1631440800000,12.3237000000,12.5334000000,12.2626000000,12.5040000000,232925.8377560000,2884945.7137195584,2884945.7137195584,1,SRM-USDT
2021-09-12 19:00:00,1631444400000,12.5002000000,12.5587000000,12.2722000000,12.4175000000,238917.1260410000,2965954.1099519096,2965954.1099519096,1,SRM-USDT
2021-09-12 20:00:00,1631448000000,12.4305000000,12.5037000000,12.1246000000,12.2595000000,599487.0756719999,7335688.7241906989,7335688.7241906989,1,SRM-USDT
2021-09-12 21:00:00,1631451600000,12.2542000000,12.2682000000,11.9812000000,12.1603000000,621326.0661960000,7518868.9350770675,7518868.9350770675,1,SRM-USDT
2021-09-12 22:00:00,1631455200000,12.1655000000,12.2227000000,12.0429000000,12.0623000000,257907.0660030000,3130568.2306125038,3130568.2306125038,1,SRM-USDT
2021-09-12 23:00:00,1631458800000,12.0629000000,12.3299000000,12.0376000000,12.2520000000,291004.2826750000,3538881.1912719202,3538881.1912719202,1,SRM-USDT
2021-09-13 00:00:00,1631462400000,12.2520000000,12.3026000000,12.0840000000,12.1193000000,228646.5199430000,2789625.1078741774,2789625.1078741774,1,SRM-USDT
2021-09-13 01:00:00,1631466000000,12.1187000000,12.4971000000,12.0772000000,12.4971000000,273437.3019180000,3369206.9084071522,3369206.9084071522,1,SRM-USDT
2021-09-13 02:00:00,1631469600000,12.5000000000,12.6070000000,12.2012000000,12.2716000000,278789.9644590000,3455951.2019200195,3455951.2019200195,1,SRM-USDT
2021-09-13 03:00:00,1631473200000,12.2730000000,12.4212000000,12.1276000000,12.4073000000,151768.0900120000,1866601.8533811041,1866601.8533811041,1,SRM-USDT
2021-09-13 04:00:00,1631476800000,12.4064000000,12.5758000000,11.5754000000,11.7447000000,761957.4298690000,9162502.6830035914,9162502.6830035914,1,SRM-USDT
2021-09-13 05:00:00,1631480400000,11.7445000000,12.0643000000,11.5204000000,12.0551000000,602297.6527070000,7087608.3723299550,7087608.3723299550,1,SRM-USDT
2021-09-13 06:00:00,1631484000000,12.0393000000,12.1874000000,11.9983000000,12.1744000000,326529.8158280000,3940041.6953607714,3940041.6953607714,1,SRM-USDT
2021-09-13 07:00:00,1631487600000,12.1901000000,12.6690000000,12.1126000000,12.4743000000,485407.9853350000,6036060.9277906939,6036060.9277906939,1,SRM-USDT
2021-09-13 08:00:00,1631491200000,12.4824000000,12.6960000000,11.8700000000,11.9838000000,504864.6775230000,6215702.7901629852,6215702.7901629852,1,SRM-USDT
2021-09-13 09:00:00,1631494800000,11.9820000000,12.0831000000,11.6451000000,11.7871000000,435559.2292130000,5134058.6348602260,5134058.6348602260,1,SRM-USDT
2021-09-13 10:00:00,1631498400000,11.7775000000,11.8223000000,11.1142000000,11.3220000000,818558.2222850000,9320705.3696698211,9320705.3696698211,1,SRM-USDT
2021-09-13 11:00:00,1631502000000,11.3240000000,11.3620000000,10.8664000000,10.9232000000,538358.8677030000,6020485.6480257995,6020485.6480257995,1,SRM-USDT
2021-09-13 12:00:00,1631505600000,10.9221000000,11.1940000000,10.8716000000,11.1940000000,403522.1542900000,4453362.0763621517,4453362.0763621517,1,SRM-USDT
2021-09-13 13:00:00,1631509200000,11.1857000000,11.2752000000,10.9261000000,11.1514000000,513204.4033980000,5704613.6251451643,5704613.6251451643,1,SRM-USDT
2021-09-13 14:00:00,1631512800000,11.1396000000,11.3321000000,11.0520000000,11.2887000000,295851.3164020000,3305149.5062190401,3305149.5062190401,1,SRM-USDT
2021-09-13 15:00:00,1631516400000,11.2762000000,11.3263000000,10.5767000000,10.7563000000,639543.3722810000,6940260.2250482207,6940260.2250482207,1,SRM-USDT
2021-09-13 16:00:00,1631520000000,10.7628000000,10.8082000000,10.3875000000,10.6417000000,650229.2149900000,6877608.4796518181,6877608.4796518181,1,SRM-USDT
2021-09-13 17:00:00,1631523600000,10.6397000000,10.8896000000,10.6367000000,10.8170000000,291323.2241910000,3139378.2816549642,3139378.2816549642,1,SRM-USDT
2021-09-13 18:00:00,1631527200000,10.8093000000,11.0991000000,10.7651000000,10.9535000000,335098.6975730000,3671042.7381642098,3671042.7381642098,1,SRM-USDT
2021-09-13 19:00:00,1631530800000,10.9525000000,11.1483000000,10.6728000000,11.1305000000,299999.0583380000,3276373.4568608766,3276373.4568608766,1,SRM-USDT
2021-09-13 20:00:00,1631534400000,11.1343000000,11.1989000000,10.9296000000,10.9534000000,338219.2260570000,3746645.2960034800,3746645.2960034800,1,SRM-USDT
2021-09-13 21:00:00,1631538000000,10.9502000000,11.5763000000,10.9258000000,11.1478000000,573507.3545880000,6474502.9961549295,6474502.9961549295,1,SRM-USDT
2021-09-13 22:00:00,1631541600000,11.1490000000,11.2024000000,10.0280000000,10.5048000000,1161338.8443450001,12213050.5183703117,12213050.5183703117,1,SRM-USDT
2021-09-13 23:00:00,1631545200000,10.5068000000,10.9967000000,10.4749000000,10.8165000000,334238.3111410000,3607104.2058818494,3607104.2058818494,1,SRM-USDT
2021-09-14 00:00:00,1631548800000,10.8124000000,10.8622000000,10.6556000000,10.8164000000,217607.9625460000,2340792.9834378781,2340792.9834378781,1,SRM-USDT
2021-09-14 01:00:00,1631552400000,10.8158000000,10.8685000000,10.7287000000,10.8382000000,141442.4647980000,1527567.3691337495,1527567.3691337495,1,SRM-USDT
2021-09-14 02:00:00,1631556000000,10.8364000000,10.9599000000,10.7840000000,10.9169000000,129403.1856600000,1408567.5263554726,1408567.5263554726,1,SRM-USDT
2021-09-14 03:00:00,1631559600000,10.9194000000,10.9391000000,10.8125000000,10.8724000000,90506.3560130000,984075.5614997284,984075.5614997284,1,SRM-USDT
2021-09-14 04:00:00,1631563200000,10.8804000000,11.2500000000,10.8804000000,11.2339000000,241764.8443000000,2683247.3455656120,2683247.3455656120,1,SRM-USDT
2021-09-14 05:00:00,1631566800000,11.2335000000,11.2810000000,11.1116000000,11.2151000000,178326.9806500000,1996152.5826500161,1996152.5826500161,1,SRM-USDT
2021-09-14 06:00:00,1631570400000,11.2100000000,11.2310000000,11.0320000000,11.1530000000,140387.6246450000,1561678.2765920991,1561678.2765920991,1,SRM-USDT
2021-09-14 07:00:00,1631574000000,11.1649000000,11.4782000000,11.1413000000,11.2322000000,257514.1512000000,2919699.7490468696,2919699.7490468696,1,SRM-USDT
2021-09-14 08:00:00,1631577600000,11.2298000000,11.2790000000,10.7817000000,10.9931000000,486393.1924970000,5343666.9196040351,5343666.9196040351,1,SRM-USDT
2021-09-14 09:00:00,1631581200000,11.0025000000,11.0312000000,10.6948000000,10.7151000000,234888.6546100000,2547336.1995447762,2547336.1995447762,1,SRM-USDT
2021-09-14 10:00:00,1631584800000,10.7189000000,10.7649000000,10.5745000000,10.7196000000,342541.4815040000,3657752.2492757686,3657752.2492757686,1,SRM-USDT
2021-09-14 11:00:00,1631588400000,10.7178000000,10.9616000000,10.7143000000,10.8676000000,203701.9713510000,2210221.0565362093,2210221.0565362093,1,SRM-USDT
2021-09-14 12:00:00,1631592000000,10.8712000000,11.0610000000,10.7201000000,10.7508000000,185280.3546280000,2022589.2381343555,2022589.2381343555,1,SRM-USDT
2021-09-14 13:00:00,1631595600000,10.7577000000,10.8565000000,10.7437000000,10.8143000000,133007.4354460000,1435907.0679476587,1435907.0679476587,1,SRM-USDT
2021-09-14 14:00:00,1631599200000,10.8164000000,10.8728000000,10.6619000000,10.8667000000,185839.4676130000,1996420.7584421367,1996420.7584421367,1,SRM-USDT
2021-09-14 15:00:00,1631602800000,10.8689000000,10.9124000000,10.7775000000,10.8012000000,157412.9820380000,1706020.7777474171,1706020.7777474171,1,SRM-USDT
2021-09-14 16:00:00,1631606400000,10.8020000000,10.9102000000,10.7429000000,10.8034000000,332171.0399710000,3587255.4770006505,3587255.4770006505,1,SRM-USDT
2021-09-14 17:00:00,1631610000000,10.8018000000,10.9199000000,10.6623000000,10.6880000000,244040.6097730000,2626442.7008082685,2626442.7008082685,1,SRM-USDT
2021-09-14 18:00:00,1631613600000,10.6886000000,10.7435000000,10.6416000000,10.7296000000,187019.3126710000,2001229.1014240920,2001229.1014240920,1,SRM-USDT
2021-09-14 19:00:00,1631617200000,10.7317000000,10.7335000000,10.5364000000,10.6032000000,189485.9139630000,2014005.1166511253,2014005.1166511253,1,SRM-USDT
2021-09-14 20:00:00,1631620800000,10.6038000000,10.8000000000,10.4000000000,10.7262000000,476470.9714600000,5074001.0746621024,5074001.0746621024,1,SRM-USDT
2021-09-14 21:00:00,1631624400000,10.7281000000,10.7665000000,10.4800000000,10.5277000000,267063.5221030000,2843681.6855517542,2843681.6855517542,1,SRM-USDT
2021-09-14 22:00:00,1631628000000,10.5220000000,10.5908000000,10.3454000000,10.5332000000,338158.9311870000,3544685.1029563555,3544685.1029563555,1,SRM-USDT
2021-09-14 23:00:00,1631631600000,10.5407000000,10.6856000000,10.5019000000,10.5571000000,382026.2061960000,4045617.5956770489,4045617.5956770489,1,SRM-USDT
2021-09-15 00:00:00,1631635200000,10.5614000000,10.5673000000,10.4085000000,10.4570000000,256286.8447200000,2682549.9908235003,2682549.9908235003,1,SRM-USDT
2021-09-15 01:00:00,1631638800000,10.4556000000,10.4939000000,10.3844000000,10.4188000000,111439.0200570000,1161728.9902512529,1161728.9902512529,1,SRM-USDT
2021-09-15 02:00:00,1631642400000,10.4185000000,10.4370000000,10.1010000000,10.1533000000,390212.8482120000,3986560.1318854257,3986560.1318854257,1,SRM-USDT
2021-09-15 03:00:00,1631646000000,10.1519000000,10.2601000000,10.0851000000,10.0948000000,264896.8505360000,2699223.9898995785,2699223.9898995785,1,SRM-USDT
2021-09-15 04:00:00,1631649600000,10.0972000000,10.1802000000,10.0813000000,10.1147000000,285285.8137230000,2885917.4834222002,2885917.4834222002,1,SRM-USDT
2021-09-15 05:00:00,1631653200000,10.1100000000,10.1526000000,9.8446000000,10.0484000000,592476.7189830000,5913403.7106822571,5913403.7106822571,1,SRM-USDT
2021-09-15 06:00:00,1631656800000,10.0428000000,10.2532000000,10.0265000000,10.2281000000,503298.3314290000,5098885.4031018633,5098885.4031018633,1,SRM-USDT
2021-09-15 07:00:00,1631660400000,10.2338000000,10.4764000000,10.1964000000,10.4737000000,292227.7400930000,3023345.3171201427,3023345.3171201427,1,SRM-USDT
2021-09-15 08:00:00,1631664000000,10.4732000000,10.7749000000,10.2440000000,10.6719000000,448090.1086660000,4699300.5494130636,4699300.5494130636,1,SRM-USDT
2021-09-15 09:00:00,1631667600000,10.6889000000,11.0370000000,10.5334000000,10.6146000000,432696.4635600000,4669450.4414353957,4669450.4414353957,1,SRM-USDT
2021-09-15 10:00:00,1631671200000,10.6162000000,10.6226000000,10.4402000000,10.4992000000,182509.0605820000,1916773.9679517737,1916773.9679517737,1,SRM-USDT
2021-09-15 11:00:00,1631674800000,10.5007000000,10.5009000000,10.2786000000,10.3259000000,229448.6708020000,2377640.5510391723,2377640.5510391723,1,SRM-USDT
2021-09-15 12:00:00,1631678400000,10.3272000000,10.3283000000,10.1303000000,10.1470000000,178143.1382240000,1820453.8170701235,1820453.8170701235,1,SRM-USDT
2021-09-15 13:00:00,1631682000000,10.1473000000,10.7280000000,10.1182000000,10.7270000000,418203.9152500000,4371843.8302521370,4371843.8302521370,1,SRM-USDT
2021-09-15 14:00:00,1631685600000,10.7297000000,10.9096000000,10.5555000000,10.7038000000,543893.6845640000,5836460.4918765277,5836460.4918765277,1,SRM-USDT
2021-09-15 15:00:00,1631689200000,10.7016000000,10.7526000000,10.5677000000,10.7155000000,208043.7308580000,2218289.4618921820,2218289.4618921820,1,SRM-USDT
2021-09-15 16:00:00,1631692800000,10.7101000000,10.7290000000,10.5827000000,10.5827000000,133441.0682940000,1421447.0216838189,1421447.0216838189,1,SRM-USDT
2021-09-15 17:00:00,1631696400000,10.5800000000,10.6340000000,10.4209000000,10.5108000000,131172.7131330000,1382109.5383612793,1382109.5383612793,1,SRM-USDT
2021-09-15 18:00:00,1631700000000,10.5067000000,10.6362000000,10.5013000000,10.6226000000,160205.1208080000,1693874.4104744738,1693874.4104744738,1,SRM-USDT
2021-09-15 19:00:00,1631703600000,10.6177000000,10.7232000000,10.5799000000,10.6109000000,154182.3164150000,1637926.1264015478,1637926.1264015478,1,SRM-USDT
2021-09-15 20:00:00,1631707200000,10.6169000000,10.6959000000,10.4622000000,10.4826000000,139503.9081990000,1477269.0714915458,1477269.0714915458,1,SRM-USDT
2021-09-15 21:00:00,1631710800000,10.4817000000,10.5833000000,10.4517000000,10.5580000000,133354.5361470000,1402498.2862819394,1402498.2862819394,1,SRM-USDT
2021-09-15 22:00:00,1631714400000,10.5601000000,10.7955000000,10.5567000000,10.5980000000,229920.4395730000,2450120.1123238718,2450120.1123238718,1,SRM-USDT
2021-09-15 23:00:00,1631718000000,10.5952000000,10.8975000000,10.5759000000,10.8100000000,250790.2437980000,2702937.8312100000,2702937.8312100000,1,SRM-USDT
2021-09-16 00:00:00,1631721600000,10.8100000000,11.0960000000,10.7737000000,10.7741000000,389257.2953280000,4269189.1036906084,4269189.1036906084,1,SRM-USDT
2021-09-16 01:00:00,1631725200000,10.7737000000,10.8825000000,10.7737000000,10.7888000000,125985.8350400000,1363888.5339083732,1363888.5339083732,1,SRM-USDT
2021-09-16 02:00:00,1631728800000,10.7961000000,10.8294000000,10.6666000000,10.7395000000,94584.8505300000,1015500.5137592062,1015500.5137592062,1,SRM-USDT
2021-09-16 03:00:00,1631732400000,10.7346000000,10.7600000000,10.6095000000,10.6556000000,75864.9464710000,809193.7898800900,809193.7898800900,1,SRM-USDT
2021-09-16 04:00:00,1631736000000,10.6574000000,10.7038000000,10.5570000000,10.5641000000,107854.1613220000,1146256.3535427516,1146256.3535427516,1,SRM-USDT
2021-09-16 05:00:00,1631739600000,10.5578000000,10.7266000000,10.5559000000,10.6693000000,99543.0503210000,1058748.0531826259,1058748.0531826259,1,SRM-USDT
2021-09-16 06:00:00,1631743200000,10.6732000000,10.7698000000,10.6463000000,10.7456000000,84500.1665400000,904068.9835861148,904068.9835861148,1,SRM-USDT
2021-09-16 07:00:00,1631746800000,10.7522000000,10.7959000000,10.6538000000,10.6919000000,96006.5586740000,1029672.2048714494,1029672.2048714494,1,SRM-USDT
2021-09-16 08:00:00,1631750400000,10.6870000000,10.7591000000,10.2610000000,10.3083000000,401403.0839710000,4178337.4542845641,4178337.4542845641,1,SRM-USDT
2021-09-16 09:00:00,1631754000000,10.3003000000,10.3927000000,10.2927000000,10.3369000000,224976.3822640000,2326775.1497979881,2326775.1497979881,1,SRM-USDT
2021-09-16 10:00:00,1631757600000,10.3388000000,10.3601000000,10.2176000000,10.3331000000,225354.8182580000,2317943.6867891056,2317943.6867891056,1,SRM-USDT
2021-09-16 11:00:00,1631761200000,10.3319000000,10.3498000000,10.0697000000,10.2132000000,207819.7423500000,2119658.1535948366,2119658.1535948366,1,SRM-USDT
2021-09-16 12:00:00,1631764800000,10.2147000000,10.4473000000,10.1923000000,10.4401000000,215889.6451310000,2237505.7888503689,2237505.7888503689,1,SRM-USDT
2021-09-16 13:00:00,1631768400000,10.4461000000,10.6820000000,10.4409000000,10.5352000000,271984.0506120000,2875830.5224487381,2875830.5224487381,1,SRM-USDT
2021-09-16 14:00:00,1631772000000,10.5380000000,10.6220000000,10.4887000000,10.6161000000,145491.8731580000,1533663.3979108837,1533663.3979108837,1,SRM-USDT
2021-09-16 15:00:00,1631775600000,10.6161000000,10.7725000000,10.6093000000,10.6603000000,241521.8861910000,2584744.2758353464,2584744.2758353464,1,SRM-USDT
2021-09-16 16:00:00,1631779200000,10.6575000000,10.7396000000,10.5080000000,10.5807000000,180805.3972720000,1919034.9610350635,1919034.9610350635,1,SRM-USDT
2021-09-16 17:00:00,1631782800000,10.5793000000,10.6445000000,10.5000000000,10.5239000000,103689.9213510000,1096871.9483954392,1096871.9483954392,1,SRM-USDT
2021-09-16 18:00:00,1631786400000,10.5183000000,10.5739000000,10.4011000000,10.4680000000,177788.1847740000,1863675.7889639209,1863675.7889639209,1,SRM-USDT
2021-09-16 19:00:00,1631790000000,10.4680000000,10.5859000000,10.4299000000,10.5004000000,78363.9572760000,824352.1051937772,824352.1051937772,1,SRM-USDT
2021-09-16 20:00:00,1631793600000,10.4975000000,10.7340000000,10.4674000000,10.6464000000,221435.9649870000,2348966.6815382168,2348966.6815382168,1,SRM-USDT
2021-09-16 21:00:00,1631797200000,10.6490000000,10.9452000000,10.4707000000,10.4839000000,583012.4404960000,6246257.8269451698,6246257.8269451698,1,SRM-USDT
2021-09-16 22:00:00,1631800800000,10.4849000000,10.5642000000,10.1712000000,10.3943000000,453727.3322040000,4698643.5492785564,4698643.5492785564,1,SRM-USDT
2021-09-16 23:00:00,1631804400000,10.3935000000,10.5652000000,10.2808000000,10.4721000000,195751.2710360000,2044912.5820145607,2044912.5820145607,1,SRM-USDT
2021-09-17 00:00:00,1631808000000,10.4622000000,10.6891000000,10.4571000000,10.5017000000,151828.1340850000,1604855.3264662579,1604855.3264662579,1,SRM-USDT
2021-09-17 01:00:00,1631811600000,10.5077000000,10.5921000000,10.2823000000,10.3155000000,149138.0063800000,1554323.9267218888,1554323.9267218888,1,SRM-USDT
2021-09-17 02:00:00,1631815200000,10.3079000000,10.3774000000,10.2172000000,10.3233000000,181455.7637600000,1866435.4137561163,1866435.4137561163,1,SRM-USDT
2021-09-17 03:00:00,1631818800000,10.3239000000,10.3579000000,10.2240000000,10.2254000000,120276.0110200000,1237188.6108596297,1237188.6108596297,1,SRM-USDT
2021-09-17 04:00:00,1631822400000,10.2244000000,10.2808000000,9.9700000000,10.0462000000,233558.0498440000,2366548.8130292450,2366548.8130292450,1,SRM-USDT
2021-09-17 05:00:00,1631826000000,10.0389000000,10.2343000000,10.0184000000,10.2285000000,117873.8649680000,1194780.6682107791,1194780.6682107791,1,SRM-USDT
2021-09-17 06:00:00,1631829600000,10.2217000000,10.2582000000,10.1834000000,10.2147000000,96972.6059890000,990612.4746005964,990612.4746005964,1,SRM-USDT
2021-09-17 07:00:00,1631833200000,10.2169000000,10.2739000000,10.1764000000,10.2398000000,85887.1168290000,878570.5437784299,878570.5437784299,1,SRM-USDT
2021-09-17 08:00:00,1631836800000,10.2400000000,10.4877000000,10.1630000000,10.1630000000,252580.5105160000,2605684.8561935672,2605684.8561935672,1,SRM-USDT
2021-09-17 09:00:00,1631840400000,10.1641000000,10.3078000000,10.1300000000,10.2941000000,212551.6720810000,2174316.3816272020,2174316.3816272020,1,SRM-USDT
2021-09-17 10:00:00,1631844000000,10.3076000000,10.3184000000,10.0876000000,10.1112000000,107721.5027790000,1095670.8797937343,1095670.8797937343,1,SRM-USDT
2021-09-17 11:00:00,1631847600000,10.1112000000,10.1434000000,9.9953000000,10.1026000000,285192.7031040000,2870312.2634308622,2870312.2634308622,1,SRM-USDT
2021-09-17 12:00:00,1631851200000,10.1053000000,10.1447000000,9.9871000000,10.1320000000,91395.0911350000,917761.4517181190,917761.4517181190,1,SRM-USDT
2021-09-17 13:00:00,1631854800000,10.1501000000,10.1548000000,10.0475000000,10.0829000000,108209.7493700000,1092512.0896575116,1092512.0896575116,1,SRM-USDT
2021-09-17 14:00:00,1631858400000,10.0842000000,10.1122000000,9.8463000000,9.9320000000,332015.4474970000,3297483.4562889966,3297483.4562889966,1,SRM-USDT
2021-09-17 15:00:00,1631862000000,9.9408000000,9.9827000000,9.7202000000,9.7803000000,300948.6435830000,2954111.6139601483,2954111.6139601483,1,SRM-USDT
2021-09-17 16:00:00,1631865600000,9.7700000000,9.9473000000,9.7200000000,9.9245000000,208045.1817610000,2045771.8363982281,2045771.8363982281,1,SRM-USDT
2021-09-17 17:00:00,1631869200000,9.9287000000,9.9962000000,9.6659000000,9.7005000000,295312.1168940000,2903215.3804094428,2903215.3804094428,1,SRM-USDT
2021-09-17 18:00:00,1631872800000,9.6911000000,9.7626000000,9.4941000000,9.6040000000,436305.1243650000,4187947.9155297056,4187947.9155297056,1,SRM-USDT
2021-09-17 19:00:00,1631876400000,9.6052000000,9.7141000000,9.5274000000,9.5736000000,178138.7674450000,1713607.1559327762,1713607.1559327762,1,SRM-USDT
2021-09-17 20:00:00,1631880000000,9.5689000000,9.7691000000,9.4944000000,9.6965000000,189729.5041630000,1830309.4448926807,1830309.4448926807,1,SRM-USDT
2021-09-17 21:00:00,1631883600000,9.7039000000,9.7311000000,9.6078000000,9.6272000000,120451.1235590000,1164359.4788168017,1164359.4788168017,1,SRM-USDT
2021-09-17 22:00:00,1631887200000,9.6228000000,9.8766000000,9.6221000000,9.7037000000,225060.6619450000,2193252.4696207158,2193252.4696207158,1,SRM-USDT
2021-09-17 23:00:00,1631890800000,9.7022000000,9.9142000000,9.6524000000,9.8528000000,193643.8780290000,1900455.2553618201,1900455.2553618201,1,SRM-USDT
2021-09-18 00:00:00,1631894400000,9.8508000000,9.8842000000,9.7012000000,9.8324000000,108258.5803050000,1061405.3704480375,1061405.3704480375,1,SRM-USDT
2021-09-18 01:00:00,1631898000000,9.8360000000,9.8690000000,9.6014000000,9.6439000000,121921.3648950000,1186826.3134872082,1186826.3134872082,1,SRM-USDT
2021-09-18 02:00:00,1631901600000,9.6388000000,9.6700000000,9.4785000000,9.6118000000,149761.7699110000,1433414.0067484698,1433414.0067484698,1,SRM-USDT
2021-09-18 03:00:00,1631905200000,9.6120000000,9.7589000000,9.5789000000,9.7489000000,83639.1117440000,807339.1123845872,807339.1123845872,1,SRM-USDT
2021-09-18 04:00:00,1631908800000,9.7503000000,9.7751000000,9.5268000000,9.5324000000,91563.9895630000,881961.3155347469,881961.3155347469,1,SRM-USDT
2021-09-18 05:00:00,1631912400000,9.5269000000,9.6347000000,9.3951000000,9.6260000000,184348.7455010000,1747306.5410201617,1747306.5410201617,1,SRM-USDT
2021-09-18 06:00:00,1631916000000,9.6322000000,9.6988000000,9.4778000000,9.5041000000,109840.9414640000,1055604.2064900394,1055604.2064900394,1,SRM-USDT
2021-09-18 07:00:00,1631919600000,9.5061000000,9.7085000000,9.4781000000,9.6819000000,122405.3990110000,1175758.5104194495,1175758.5104194495,1,SRM-USDT
2021-09-18 08:00:00,1631923200000,9.6917000000,9.6938000000,9.4088000000,9.6540000000,181406.5520940000,1733338.6180207292,1733338.6180207292,1,SRM-USDT
2021-09-18 09:00:00,1631926800000,9.6496000000,9.8803000000,9.6051000000,9.8772000000,194200.0766150000,1900368.7634707089,1900368.7634707089,1,SRM-USDT
2021-09-18 10:00:00,1631930400000,9.8718000000,9.9332000000,9.8022000000,9.8412000000,107042.7788100000,1056462.7653247821,1056462.7653247821,1,SRM-USDT
2021-09-18 11:00:00,1631934000000,9.8511000000,9.9201000000,9.8333000000,9.8783000000,76720.8028440000,758009.0805593630,758009.0805593630,1,SRM-USDT
2021-09-18 12:00:00,1631937600000,9.8759000000,10.1018000000,9.8706000000,10.0768000000,198441.7403840000,1983662.4359230220,1983662.4359230220,1,SRM-USDT
2021-09-18 13:00:00,1631941200000,10.0742000000,10.1659000000,10.0046000000,10.1228000000,201470.4659050000,2035132.4570109656,2035132.4570109656,1,SRM-USDT
2021-09-18 14:00:00,1631944800000,10.1368000000,10.5018000000,10.0527000000,10.4600000000,493461.1875970000,5079422.2354417276,5079422.2354417276,1,SRM-USDT
2021-09-18 15:00:00,1631948400000,10.4669000000,10.6862000000,10.3814000000,10.6278000000,610753.3178480000,6452773.4727664692,6452773.4727664692,1,SRM-USDT
2021-09-18 16:00:00,1631952000000,10.6260000000,10.8065000000,10.5305000000,10.5981000000,747636.2637540000,7985374.0253384626,7985374.0253384626,1,SRM-USDT
2021-09-18 17:00:00,1631955600000,10.6049000000,10.6854000000,10.4730000000,10.4921000000,386447.9859510000,4085362.9499743199,4085362.9499743199,1,SRM-USDT
2021-09-18 18:00:00,1631959200000,10.4922000000,10.6062000000,10.4922000000,10.5139000000,187240.8385130000,1972533.9844948004,1972533.9844948004,1,SRM-USDT
2021-09-18 19:00:00,1631962800000,10.5122000000,10.7158000000,10.3347000000,10.3737000000,375720.1094680000,3966094.4240242639,3966094.4240242639,1,SRM-USDT
2021-09-18 20:00:00,1631966400000,10.3842000000,10.5220000000,10.2594000000,10.2653000000,276538.5689260000,2882314.7526953239,2882314.7526953239,1,SRM-USDT
2021-09-18 21:00:00,1631970000000,10.2634000000,10.4559000000,10.2634000000,10.4199000000,154362.0350990000,1594784.3116058323,1594784.3116058323,1,SRM-USDT
2021-09-18 22:00:00,1631973600000,10.4279000000,10.4960000000,10.2842000000,10.3549000000,189700.2136560000,1965940.9404207105,1965940.9404207105,1,SRM-USDT
2021-09-18 23:00:00,1631977200000,10.3592000000,10.3762000000,10.2211000000,10.2858000000,141370.9899230000,1457607.9083353833,1457607.9083353833,1,SRM-USDT
2021-09-19 00:00:00,1631980800000,10.2969000000,10.4057000000,10.2529000000,10.3845000000,140767.6321810000,1453472.2883372460,1453472.2883372460,1,SRM-USDT
2021-09-19 01:00:00,1631984400000,10.3627000000,10.4972000000,10.2213000000,10.4898000000,225503.7986940000,2333853.6433589333,2333853.6433589333,1,SRM-USDT
2021-09-19 02:00:00,1631988000000,10.4862000000,10.4939000000,10.3011000000,10.4286000000,167193.5387630000,1739941.7899140248,1739941.7899140248,1,SRM-USDT
2021-09-19 03:00:00,1631991600000,10.4276000000,10.6133000000,10.4089000000,10.5400000000,323136.7117700000,3402218.0437406446,3402218.0437406446,1,SRM-USDT
2021-09-19 04:00:00,1631995200000,10.5382000000,10.5400000000,10.1352000000,10.2812000000,320556.6291490000,3295485.4045793847,3295485.4045793847,1,SRM-USDT
2021-09-19 05:00:00,1631998800000,10.2636000000,10.3436000000,10.2251000000,10.2524000000,97681.5823060000,1005563.4155113942,1005563.4155113942,1,SRM-USDT
2021-09-19 06:00:00,1632002400000,10.2440000000,10.5730000000,10.2396000000,10.4326000000,259260.1542400000,2711375.3892905889,2711375.3892905889,1,SRM-USDT
2021-09-19 07:00:00,1632006000000,10.4311000000,10.7834000000,10.3802000000,10.7294000000,361317.9098160000,3836503.0292418119,3836503.0292418119,1,SRM-USDT
2021-09-19 08:00:00,1632009600000,10.7274000000,11.1801000000,10.5913000000,10.7768000000,1106083.6059840000,12095638.4769717753,12095638.4769717753,1,SRM-USDT
2021-09-19 09:00:00,1632013200000,10.7877000000,11.0624000000,10.6411000000,11.0365000000,515428.9476290000,5583968.2379407054,5583968.2379407054,1,SRM-USDT
2021-09-19 10:00:00,1632016800000,11.0397000000,11.0397000000,10.7020000000,10.7517000000,305575.4604710000,3304314.9710880173,3304314.9710880173,1,SRM-USDT
2021-09-19 11:00:00,1632020400000,10.7520000000,10.7765000000,10.5729000000,10.6203000000,157915.1371800000,1688383.4506499376,1688383.4506499376,1,SRM-USDT
2021-09-19 12:00:00,1632024000000,10.6133000000,10.6890000000,10.4287000000,10.4714000000,126686.1018650000,1338478.9530647623,1338478.9530647623,1,SRM-USDT
2021-09-19 13:00:00,1632027600000,10.4713000000,10.5511000000,10.4469000000,10.5356000000,135584.1660350000,1425078.4676414807,1425078.4676414807,1,SRM-USDT
2021-09-19 14:00:00,1632031200000,10.5423000000,10.5768000000,10.3718000000,10.4435000000,197729.1960020000,2067773.0868342009,2067773.0868342009,1,SRM-USDT
2021-09-19 15:00:00,1632034800000,10.4477000000,10.4789000000,10.3734000000,10.4626000000,245335.9529720000,2557854.2371606487,2557854.2371606487,1,SRM-USDT
2021-09-19 16:00:00,1632038400000,10.4602000000,10.5344000000,10.4017000000,10.4982000000,144409.6741740000,1513993.9911811673,1513993.9911811673,1,SRM-USDT
2021-09-19 17:00:00,1632042000000,10.5012000000,10.5100000000,10.3894000000,10.4117000000,113401.1767110000,1183421.1783375803,1183421.1783375803,1,SRM-USDT
2021-09-19 18:00:00,1632045600000,10.4137000000,10.4401000000,10.2924000000,10.2994000000,116621.4833100000,1208262.8585514347,1208262.8585514347,1,SRM-USDT
2021-09-19 19:00:00,1632049200000,10.2985000000,10.3457000000,9.9220000000,10.0044000000,457641.7260700000,4624370.3419494163,4624370.3419494163,1,SRM-USDT
2021-09-19 20:00:00,1632052800000,10.0096000000,10.1300000000,9.9394000000,10.1120000000,231852.8253120000,2328154.8660472934,2328154.8660472934,1,SRM-USDT
2021-09-19 21:00:00,1632056400000,10.1111000000,10.1729000000,10.0487000000,10.1384000000,145891.7518380000,1477663.2042326073,1477663.2042326073,1,SRM-USDT
2021-09-19 22:00:00,1632060000000,10.1345000000,10.2475000000,10.0982000000,10.1710000000,181197.5828160000,1844899.1013419740,1844899.1013419740,1,SRM-USDT
2021-09-19 23:00:00,1632063600000,10.1654000000,10.3109000000,10.1526000000,10.1594000000,259908.6900680000,2663797.2653509239,2663797.2653509239,1,SRM-USDT
2021-09-20 00:00:00,1632067200000,10.1566000000,10.1979000000,10.0722000000,10.1289000000,209776.9448970000,2124816.5377349807,2124816.5377349807,1,SRM-USDT
2021-09-20 01:00:00,1632070800000,10.1256000000,10.1988000000,10.0198000000,10.0721000000,188242.1841340000,1900038.1431923327,1900038.1431923327,1,SRM-USDT
2021-09-20 02:00:00,1632074400000,10.0663000000,10.1728000000,10.0279000000,10.1168000000,102037.0430530000,1031276.8307056430,1031276.8307056430,1,SRM-USDT
2021-09-20 03:00:00,1632078000000,10.1066000000,10.1359000000,9.9550000000,9.9859000000,143998.7046820000,1447655.0221574276,1447655.0221574276,1,SRM-USDT
2021-09-20 04:00:00,1632081600000,9.9869000000,10.0941000000,9.9333000000,10.0753000000,129383.6574890000,1296625.8258525941,1296625.8258525941,1,SRM-USDT
2021-09-20 05:00:00,1632085200000,10.0747000000,10.1070000000,9.9737000000,10.0302000000,65090.0716740000,653864.1598733633,653864.1598733633,1,SRM-USDT
2021-09-20 06:00:00,1632088800000,10.0288000000,10.0564000000,9.6898000000,9.7424000000,334432.1452270000,3280652.2315379870,3280652.2315379870,1,SRM-USDT
2021-09-20 07:00:00,1632092400000,9.7298000000,9.8937000000,9.7210000000,9.8919000000,145055.0218710000,1424309.4784755330,1424309.4784755330,1,SRM-USDT
2021-09-20 08:00:00,1632096000000,9.8924000000,9.9381000000,9.4938000000,9.5875000000,257121.0047850000,2479579.3555094912,2479579.3555094912,1,SRM-USDT
2021-09-20 09:00:00,1632099600000,9.5807000000,9.6500000000,9.5459000000,9.6061000000,143179.7169030000,1374263.2173593207,1374263.2173593207,1,SRM-USDT
2021-09-20 10:00:00,1632103200000,9.6081000000,9.6345000000,9.0866000000,9.1357000000,588593.9487100000,5451517.3950158162,5451517.3950158162,1,SRM-USDT
2021-09-20 11:00:00,1632106800000,9.1255000000,9.1663000000,8.8931000000,9.0695000000,553747.4098920000,5010005.5239377078,5010005.5239377078,1,SRM-USDT
2021-09-20 12:00:00,1632110400000,9.0660000000,9.1517000000,8.9192000000,9.0984000000,264719.5146230000,2393690.8911813642,2393690.8911813642,1,SRM-USDT
2021-09-20 13:00:00,1632114000000,9.0900000000,9.1445000000,8.9814000000,9.0257000000,75004.1471610000,680459.5971568205,680459.5971568205,1,SRM-USDT
2021-09-20 14:00:00,1632117600000,9.0295000000,9.0717000000,8.8397000000,8.9222000000,656669.7811040001,5867815.8050097916,5867815.8050097916,1,SRM-USDT
2021-09-20 15:00:00,1632121200000,8.9223000000,9.0042000000,8.4954000000,8.5914000000,1193638.5943519999,10406543.9885324780,10406543.9885324780,1,SRM-USDT
2021-09-20 16:00:00,1632124800000,8.5889000000,8.7987000000,8.5221000000,8.7605000000,679656.5166040000,5904083.9580629887,5904083.9580629887,1,SRM-USDT
2021-09-20 17:00:00,1632128400000,8.7613000000,8.8218000000,8.6088000000,8.6295000000,281232.8094660000,2446893.6679351148,2446893.6679351148,1,SRM-USDT
2021-09-20 18:00:00,1632132000000,8.6384000000,8.7724000000,8.4971000000,8.5688000000,442177.4229190000,3809571.0235501728,3809571.0235501728,1,SRM-USDT
2021-09-20 19:00:00,1632135600000,8.5632000000,8.5830000000,8.1077000000,8.2715000000,766061.4738150000,6379085.6668308415,6379085.6668308415,1,SRM-USDT
2021-09-20 20:00:00,1632139200000,8.2608000000,8.4148000000,7.8792000000,8.3784000000,825052.0668199999,6757035.3817606587,6757035.3817606587,1,SRM-USDT
2021-09-20 21:00:00,1632142800000,8.3804000000,8.6305000000,8.2157000000,8.6073000000,717855.3738560000,6045661.6058029989,6045661.6058029989,1,SRM-USDT
2021-09-20 22:00:00,1632146400000,8.6048000000,8.6104000000,8.3842000000,8.4727000000,346319.8974140000,2937500.6570126014,2937500.6570126014,1,SRM-USDT
2021-09-20 23:00:00,1632150000000,8.4660000000,8.5880000000,8.3242000000,8.4632000000,217336.8013610000,1836015.7627359915,1836015.7627359915,1,SRM-USDT
2021-09-21 00:00:00,1632153600000,8.4631000000,8.6084000000,8.3541000000,8.4769000000,176928.3103530000,1504367.1185913575,1504367.1185913575,1,SRM-USDT
2021-09-21 01:00:00,1632157200000,8.4847000000,8.5460000000,8.4155000000,8.5104000000,132843.0637350000,1127029.3422262224,1127029.3422262224,1,SRM-USDT
2021-09-21 02:00:00,1632160800000,8.5107000000,8.5402000000,8.1154000000,8.1582000000,342189.3674100000,2835203.2510044654,2835203.2510044654,1,SRM-USDT
2021-09-21 03:00:00,1632164400000,8.1582000000,8.2474000000,7.9601000000,8.2309000000,399130.7248520000,3237245.8685699068,3237245.8685699068,1,SRM-USDT
2021-09-21 04:00:00,1632168000000,8.2256000000,8.2713000000,8.0170000000,8.1391000000,274060.4278640000,2229696.3484436995,2229696.3484436995,1,SRM-USDT
2021-09-21 05:00:00,1632171600000,8.1387000000,8.2965000000,8.0796000000,8.1916000000,112882.8203730000,924173.1857549844,924173.1857549844,1,SRM-USDT
2021-09-21 06:00:00,1632175200000,8.1966000000,8.3462000000,8.0500000000,8.1325000000,219720.0663390000,1805569.4102599164,1805569.4102599164,1,SRM-USDT
2021-09-21 07:00:00,1632178800000,8.1358000000,8.3177000000,7.9440000000,8.0458000000,453797.4991770000,3652748.8473270526,3652748.8473270526,1,SRM-USDT
2021-09-21 08:00:00,1632182400000,8.0480000000,8.0525000000,7.4464000000,7.6290000000,1490993.4134229999,11410708.8896373436,11410708.8896373436,1,SRM-USDT
2021-09-21 09:00:00,1632186000000,7.6344000000,8.1719000000,7.6138000000,8.1372000000,487386.1653730000,3872594.1134961401,3872594.1134961401,1,SRM-USDT
2021-09-21 10:00:00,1632189600000,8.1218000000,8.2308000000,8.0789000000,8.1532000000,255646.9451500000,2084913.2651880684,2084913.2651880684,1,SRM-USDT
2021-09-21 11:00:00,1632193200000,8.1453000000,8.1873000000,7.9652000000,7.9878000000,192067.7845550000,1552600.0208345924,1552600.0208345924,1,SRM-USDT
2021-09-21 12:00:00,1632196800000,7.9975000000,8.0619000000,7.8206000000,7.8496000000,227568.7545730000,1799562.1172893399,1799562.1172893399,1,SRM-USDT
2021-09-21 13:00:00,1632200400000,7.8556000000,7.8927000000,7.7231000000,7.8481000000,256959.3213940000,2005320.1198220432,2005320.1198220432,1,SRM-USDT
2021-09-21 14:00:00,1632204000000,7.8472000000,8.0600000000,7.8413000000,8.0161000000,262388.7507160000,2092235.9762762520,2092235.9762762520,1,SRM-USDT
2021-09-21 15:00:00,1632207600000,8.0189000000,8.2135000000,7.9925000000,8.2135000000,274674.0814660000,2221568.3298268686,2221568.3298268686,1,SRM-USDT
2021-09-21 16:00:00,1632211200000,8.2140000000,8.3463000000,8.1076000000,8.2505000000,314529.1574420000,2587468.3720102487,2587468.3720102487,1,SRM-USDT
2021-09-21 17:00:00,1632214800000,8.2527000000,8.2966000000,8.0660000000,8.0959000000,296129.1989370000,2422121.9096699231,2422121.9096699231,1,SRM-USDT
2021-09-21 18:00:00,1632218400000,8.0956000000,8.2506000000,8.0459000000,8.2126000000,221851.9762530000,1807053.9303035364,1807053.9303035364,1,SRM-USDT
2021-09-21 19:00:00,1632222000000,8.2195000000,8.2401000000,8.1050000000,8.1193000000,278585.3110320000,2272910.2345156288,2272910.2345156288,1,SRM-USDT
2021-09-21 20:00:00,1632225600000,8.1212000000,8.2640000000,8.0562000000,8.0562000000,411756.6938190000,3362061.2867843485,3362061.2867843485,1,SRM-USDT
2021-09-21 21:00:00,1632229200000,8.0577000000,8.0699000000,7.9088000000,7.9942000000,315520.6254270000,2522410.7590805893,2522410.7590805893,1,SRM-USDT
2021-09-21 22:00:00,1632232800000,7.9999000000,8.0195000000,7.7311000000,7.7813000000,409927.1000560000,3222617.0408416921,3222617.0408416921,1,SRM-USDT
2021-09-21 23:00:00,1632236400000,7.7771000000,7.9625000000,7.7192000000,7.9351000000,242435.8397370000,1900266.1430663064,1900266.1430663064,1,SRM-USDT
2021-09-22 00:00:00,1632240000000,7.9333000000,7.9708000000,7.6619000000,7.6750000000,325511.3565510000,2537604.3090851041,2537604.3090851041,1,SRM-USDT
2021-09-22 01:00:00,1632243600000,7.6796000000,7.7012000000,7.4737000000,7.5173000000,431541.5345710000,3264707.1734601306,3264707.1734601306,1,SRM-USDT
2021-09-22 02:00:00,1632247200000,7.5145000000,7.6739000000,7.5000000000,7.5667000000,309185.0701920000,2345796.8422926287,2345796.8422926287,1,SRM-USDT
2021-09-22 03:00:00,1632250800000,7.5616000000,7.5995000000,7.4401000000,7.4517000000,270882.9546380000,2031199.3642646901,2031199.3642646901,1,SRM-USDT
2021-09-22 04:00:00,1632254400000,7.4489000000,7.4721000000,7.0849000000,7.1373000000,558036.5309740000,4049438.7746024760,4049438.7746024760,1,SRM-USDT
2021-09-22 05:00:00,1632258000000,7.1441000000,7.3208000000,6.8401000000,7.2668000000,593266.3119950000,4217704.5614798432,4217704.5614798432,1,SRM-USDT
2021-09-22 06:00:00,1632261600000,7.2615000000,7.3409000000,7.0139000000,7.0307000000,428298.7555130000,3090942.6085840487,3090942.6085840487,1,SRM-USDT
2021-09-22 07:00:00,1632265200000,7.0277000000,7.1401000000,6.9791000000,7.1069000000,316743.5230060000,2234975.7385138590,2234975.7385138590,1,SRM-USDT
2021-09-22 08:00:00,1632268800000,7.1069000000,7.2669000000,6.8607000000,6.9823000000,467532.4128280000,3296186.9626950696,3296186.9626950696,1,SRM-USDT
2021-09-22 09:00:00,1632272400000,6.9866000000,7.5006000000,6.9191000000,7.3683000000,471453.0796050000,3423712.1400716654,3423712.1400716654,1,SRM-USDT
2021-09-22 10:00:00,1632276000000,7.3693000000,7.5310000000,7.3186000000,7.3937000000,257086.3969260000,1904589.9779611377,1904589.9779611377,1,SRM-USDT
2021-09-22 11:00:00,1632279600000,7.3921000000,7.5694000000,7.3824000000,7.4387000000,223941.8693580000,1676530.7992875762,1676530.7992875762,1,SRM-USDT
2021-09-22 12:00:00,1632283200000,7.4428000000,7.4571000000,7.2509000000,7.2617000000,238825.6370910000,1755212.5099527554,1755212.5099527554,1,SRM-USDT
2021-09-22 13:00:00,1632286800000,7.2656000000,7.4257000000,7.2656000000,7.3599000000,154662.5308630000,1135868.4593813876,1135868.4593813876,1,SRM-USDT
2021-09-22 14:00:00,1632290400000,7.3619000000,7.5160000000,7.2800000000,7.5156000000,283221.3462780000,2101111.3198372265,2101111.3198372265,1,SRM-USDT
2021-09-22 15:00:00,1632294000000,7.5163000000,7.7011000000,7.4604000000,7.6677000000,396734.7332810000,3005344.1076412862,3005344.1076412862,1,SRM-USDT
2021-09-22 16:00:00,1632297600000,7.6669000000,7.7086000000,7.4770000000,7.5451000000,233328.8249250000,1774142.0362970862,1774142.0362970862,1,SRM-USDT
2021-09-22 17:00:00,1632301200000,7.5543000000,7.6099000000,7.4651000000,7.5972000000,223601.8692660000,1682527.6242443349,1682527.6242443349,1,SRM-USDT
2021-09-22 18:00:00,1632304800000,7.6018000000,7.6166000000,7.3717000000,7.4462000000,187122.7618100000,1397392.1504506248,1397392.1504506248,1,SRM-USDT
2021-09-22 19:00:00,1632308400000,7.4448000000,7.4859000000,7.2706000000,7.3184000000,235590.6626530000,1734425.5612200140,1734425.5612200140,1,SRM-USDT
2021-09-22 20:00:00,1632312000000,7.3315000000,7.4510000000,7.3034000000,7.4303000000,143341.6622500000,1057074.4831787767,1057074.4831787767,1,SRM-USDT
2021-09-22 21:00:00,1632315600000,7.4331000000,7.5430000000,7.3657000000,7.4734000000,203287.2371920000,1514214.2880122769,1514214.2880122769,1,SRM-USDT
2021-09-22 22:00:00,1632319200000,7.4785000000,7.6547000000,7.4453000000,7.6133000000,231002.4065710000,1748762.6081317144,1748762.6081317144,1,SRM-USDT
2021-09-22 23:00:00,1632322800000,7.6160000000,8.0297000000,7.6160000000,8.0035000000,487109.7509660000,3839719.0558245098,3839719.0558245098,1,SRM-USDT
2021-09-23 00:00:00,1632326400000,8.0055000000,8.0139000000,7.8745000000,7.9894000000,342625.1743510000,2719346.8792898669,2719346.8792898669,1,SRM-USDT
2021-09-23 01:00:00,1632330000000,7.9848000000,8.0227000000,7.7897000000,7.8956000000,210951.7609350000,1664612.4314102607,1664612.4314102607,1,SRM-USDT
2021-09-23 02:00:00,1632333600000,7.8961000000,8.2327000000,7.8338000000,7.9562000000,698587.2163280000,5664510.4004737167,5664510.4004737167,1,SRM-USDT
2021-09-23 03:00:00,1632337200000,7.9537000000,8.1750000000,7.9188000000,8.0878000000,250141.7850930000,2021205.9173065529,2021205.9173065529,1,SRM-USDT
2021-09-23 04:00:00,1632340800000,8.0866000000,8.2447000000,8.0361000000,8.2196000000,258823.4370560000,2106889.7555876998,2106889.7555876998,1,SRM-USDT
2021-09-23 05:00:00,1632344400000,8.2130000000,8.2478000000,8.0672000000,8.1563000000,205311.6988980000,1678186.3796639084,1678186.3796639084,1,SRM-USDT
2021-09-23 06:00:00,1632348000000,8.1543000000,8.3456000000,8.0700000000,8.2756000000,220990.8658440000,1814599.5170807133,1814599.5170807133,1,SRM-USDT
2021-09-23 07:00:00,1632351600000,8.2783000000,8.3279000000,8.2235000000,8.3104000000,118232.7389260000,978860.1853437674,978860.1853437674,1,SRM-USDT
2021-09-23 08:00:00,1632355200000,8.3128000000,8.4960000000,8.1450000000,8.1634000000,363432.9652170000,3015944.8823942966,3015944.8823942966,1,SRM-USDT
2021-09-23 09:00:00,1632358800000,8.1628000000,8.2892000000,8.0643000000,8.2456000000,121985.0928950000,997419.2558084460,997419.2558084460,1,SRM-USDT
2021-09-23 10:00:00,1632362400000,8.2529000000,8.2811000000,8.1818000000,8.2437000000,120966.9742920000,996041.1290546876,996041.1290546876,1,SRM-USDT
2021-09-23 11:00:00,1632366000000,8.2441000000,8.4966000000,8.1812000000,8.4701000000,289563.3051360000,2427157.5901841200,2427157.5901841200,1,SRM-USDT
2021-09-23 12:00:00,1632369600000,8.4686000000,8.5176000000,8.3934000000,8.3990000000,241450.7779930000,2040901.4305187743,2040901.4305187743,1,SRM-USDT
2021-09-23 13:00:00,1632373200000,8.3978000000,8.4696000000,8.2580000000,8.3017000000,223544.8990510000,1865595.9637416664,1865595.9637416664,1,SRM-USDT
2021-09-23 14:00:00,1632376800000,8.3109000000,8.3984000000,8.2374000000,8.3846000000,102777.8888720000,854431.5893927977,854431.5893927977,1,SRM-USDT
2021-09-23 15:00:00,1632380400000,8.3846000000,8.4574000000,8.3172000000,8.4405000000,106461.7925910000,891021.0355532622,891021.0355532622,1,SRM-USDT
2021-09-23 16:00:00,1632384000000,8.4375000000,8.4671000000,8.2701000000,8.2701000000,163429.9077160000,1364874.9160721616,1364874.9160721616,1,SRM-USDT
2021-09-23 17:00:00,1632387600000,8.2704000000,8.3277000000,8.2111000000,8.2337000000,111297.4982530000,920326.2952134018,920326.2952134018,1,SRM-USDT
2021-09-23 18:00:00,1632391200000,8.2320000000,8.2766000000,7.9860000000,8.0920000000,378762.1139570000,3071148.8676757948,3071148.8676757948,1,SRM-USDT
2021-09-23 19:00:00,1632394800000,8.0903000000,8.1040000000,7.8871000000,7.9691000000,166925.1527270000,1335049.6604490413,1335049.6604490413,1,SRM-USDT
2021-09-23 20:00:00,1632398400000,7.9667000000,8.0554000000,7.9034000000,7.9700000000,161446.1324550000,1286962.4800422059,1286962.4800422059,1,SRM-USDT
2021-09-23 21:00:00,1632402000000,7.9680000000,8.2618000000,7.9353000000,8.2221000000,205676.1864580000,1664890.6699368006,1664890.6699368006,1,SRM-USDT
2021-09-23 22:00:00,1632405600000,8.2255000000,8.2900000000,8.1840000000,8.2600000000,152740.4224240000,1259627.0416842662,1259627.0416842662,1,SRM-USDT
2021-09-23 23:00:00,1632409200000,8.2602000000,8.3329000000,8.1040000000,8.1260000000,204417.2071870000,1682026.2810026598,1682026.2810026598,1,SRM-USDT
2021-09-24 00:00:00,1632412800000,8.1262000000,8.2436000000,8.1050000000,8.2263000000,104262.2281820000,853353.5016169687,853353.5016169687,1,SRM-USDT
2021-09-24 01:00:00,1632416400000,8.2300000000,8.6736000000,8.2300000000,8.6427000000,650002.1337930000,5540187.4602887370,5540187.4602887370,1,SRM-USDT
2021-09-24 02:00:00,1632420000000,8.6427000000,8.6676000000,8.5172000000,8.6393000000,255018.6206160000,2190580.8045421969,2190580.8045421969,1,SRM-USDT
2021-09-24 03:00:00,1632423600000,8.6420000000,8.7200000000,8.5827000000,8.7000000000,173531.2356660000,1504827.7013885805,1504827.7013885805,1,SRM-USDT
2021-09-24 04:00:00,1632427200000,8.7020000000,8.7198000000,8.5220000000,8.6285000000,135356.7615210000,1166418.1304672044,1166418.1304672044,1,SRM-USDT
2021-09-24 05:00:00,1632430800000,8.6285000000,8.6440000000,8.5310000000,8.5820000000,157970.5475050000,1358004.1595792412,1358004.1595792412,1,SRM-USDT
2021-09-24 06:00:00,1632434400000,8.5836000000,8.6427000000,8.4559000000,8.5431000000,121927.5780290000,1042820.4186715876,1042820.4186715876,1,SRM-USDT
2021-09-24 07:00:00,1632438000000,8.5428000000,8.6338000000,8.4861000000,8.6256000000,86138.5092220000,738832.5243880388,738832.5243880388,1,SRM-USDT
2021-09-24 08:00:00,1632441600000,8.6240000000,8.6320000000,8.4223000000,8.4520000000,136298.4288400000,1162357.6196460959,1162357.6196460959,1,SRM-USDT
2021-09-24 09:00:00,1632445200000,8.4535000000,8.4892000000,8.3383000000,8.3565000000,89386.0289340000,752478.5281228445,752478.5281228445,1,SRM-USDT
2021-09-24 10:00:00,1632448800000,8.3619000000,8.3860000000,8.2720000000,8.3244000000,129176.7297990000,1074973.3174355433,1074973.3174355433,1,SRM-USDT
2021-09-24 11:00:00,1632452400000,8.3300000000,8.3819000000,8.2173000000,8.2440000000,78747.7366000000,655129.3917524182,655129.3917524182,1,SRM-USDT
2021-09-24 12:00:00,1632456000000,8.2432000000,8.2901000000,8.1622000000,8.2460000000,116446.2016150000,957512.3904148638,957512.3904148638,1,SRM-USDT
2021-09-24 13:00:00,1632459600000,8.2443000000,8.2443000000,8.0459000000,8.1780000000,138521.5922280000,1125698.3491962738,1125698.3491962738,1,SRM-USDT
2021-09-24 14:00:00,1632463200000,8.1800000000,8.3060000000,8.1359000000,8.1400000000,109139.8283240000,897777.8050181606,897777.8050181606,1,SRM-USDT
2021-09-24 15:00:00,1632466800000,8.1403000000,8.3401000000,8.1340000000,8.2740000000,180419.3730240000,1491566.7368585153,1491566.7368585153,1,SRM-USDT
2021-09-24 16:00:00,1632470400000,8.2731000000,8.3740000000,8.1423000000,8.1640000000,150948.9764910000,1250202.5474022657,1250202.5474022657,1,SRM-USDT
2021-09-24 17:00:00,1632474000000,8.1656000000,8.1700000000,7.5320000000,7.5379000000,1062625.7701399999,8276564.0824743491,8276564.0824743491,1,SRM-USDT
2021-09-24 18:00:00,1632477600000,7.5360000000,7.6887000000,7.4460000000,7.5177000000,416257.5324320000,3144577.9943916458,3144577.9943916458,1,SRM-USDT
2021-09-24 19:00:00,1632481200000,7.5148000000,7.5668000000,7.1952000000,7.4780000000,579292.1814940000,4287025.8751087124,4287025.8751087124,1,SRM-USDT
2021-09-24 20:00:00,1632484800000,7.4760000000,7.5160000000,7.3280000000,7.3880000000,407052.0371940000,3025478.0123219229,3025478.0123219229,1,SRM-USDT
2021-09-24 21:00:00,1632488400000,7.3860000000,7.6220000000,7.3140000000,7.6094000000,320534.8343490000,2387200.5320124160,2387200.5320124160,1,SRM-USDT
2021-09-24 22:00:00,1632492000000,7.6120000000,7.8714000000,7.5880000000,7.7771000000,297521.1595430000,2305223.9636388747,2305223.9636388747,1,SRM-USDT
2021-09-24 23:00:00,1632495600000,7.7740000000,7.7800000000,7.5460000000,7.6767000000,239453.8999510000,1832383.3529867376,1832383.3529867376,1,SRM-USDT
2021-09-25 00:00:00,1632499200000,7.6740000000,7.7592000000,7.6260000000,7.7245000000,181454.3869450000,1397469.1129468663,1397469.1129468663,1,SRM-USDT
2021-09-25 01:00:00,1632502800000,7.7238000000,7.7238000000,7.5681000000,7.6554000000,111642.6359830000,852882.2043796033,852882.2043796033,1,SRM-USDT
2021-09-25 02:00:00,1632506400000,7.6533000000,7.7214000000,7.6264000000,7.6719000000,88663.9340510000,681296.8625774167,681296.8625774167,1,SRM-USDT
2021-09-25 03:00:00,1632510000000,7.6680000000,7.7626000000,7.6593000000,7.7212000000,83640.6522150000,644421.5526064096,644421.5526064096,1,SRM-USDT
2021-09-25 04:00:00,1632513600000,7.7220000000,7.9159000000,7.7200000000,7.8992000000,183557.3796740000,1437092.9803523172,1437092.9803523172,1,SRM-USDT
2021-09-25 05:00:00,1632517200000,7.8993000000,7.9565000000,7.8580000000,7.8720000000,119121.5256230000,941593.7019634920,941593.7019634920,1,SRM-USDT
2021-09-25 06:00:00,1632520800000,7.8732000000,7.9079000000,7.8056000000,7.8817000000,129304.3628040000,1014886.9356766160,1014886.9356766160,1,SRM-USDT
2021-09-25 07:00:00,1632524400000,7.8818000000,7.8979000000,7.7212000000,7.8341000000,102818.5530820000,802984.5768074685,802984.5768074685,1,SRM-USDT
2021-09-25 08:00:00,1632528000000,7.8380000000,7.9158000000,7.7318000000,7.8468000000,193542.9962670000,1513273.9946189171,1513273.9946189171,1,SRM-USDT
2021-09-25 09:00:00,1632531600000,7.8500000000,7.8599000000,7.5586000000,7.6900000000,241960.0190040000,1855772.9927490912,1855772.9927490912,1,SRM-USDT
2021-09-25 10:00:00,1632535200000,7.6913000000,7.7379000000,7.5880000000,7.6014000000,110866.0874850000,851564.0928160170,851564.0928160170,1,SRM-USDT
2021-09-25 11:00:00,1632538800000,7.6040000000,7.7020000000,7.5960000000,7.6540000000,93072.6779020000,712491.1135022430,712491.1135022430,1,SRM-USDT
2021-09-25 12:00:00,1632542400000,7.6560000000,7.8097000000,7.6560000000,7.7245000000,101225.8315800000,785542.3437585329,785542.3437585329,1,SRM-USDT
2021-09-25 13:00:00,1632546000000,7.7280000000,7.7689000000,7.5869000000,7.5952000000,145926.1206130000,1115479.5058439842,1115479.5058439842,1,SRM-USDT
2021-09-25 14:00:00,1632549600000,7.5940000000,7.6991000000,7.5885000000,7.6880000000,111923.3817770000,857163.1366356983,857163.1366356983,1,SRM-USDT
2021-09-25 15:00:00,1632553200000,7.6885000000,7.6960000000,7.5000000000,7.5180000000,173207.5195750000,1311715.2095769681,1311715.2095769681,1,SRM-USDT
2021-09-25 16:00:00,1632556800000,7.5162000000,7.5720000000,7.3260000000,7.5292000000,470921.4694830000,3499150.2867876678,3499150.2867876678,1,SRM-USDT
2021-09-25 17:00:00,1632560400000,7.5320000000,7.6640000000,7.5080000000,7.6127000000,173174.5802190000,1314355.5050358155,1314355.5050358155,1,SRM-USDT
2021-09-25 18:00:00,1632564000000,7.6109000000,7.6941000000,7.6104000000,7.6380000000,127075.8670880000,973516.7512811758,973516.7512811758,1,SRM-USDT
2021-09-25 19:00:00,1632567600000,7.6400000000,7.6414000000,7.5161000000,7.5760000000,84846.1481150000,641259.3044997262,641259.3044997262,1,SRM-USDT
2021-09-25 20:00:00,1632571200000,7.5779000000,7.6180000000,7.5320000000,7.5460000000,77589.3280280000,586616.7792685617,586616.7792685617,1,SRM-USDT
2021-09-25 21:00:00,1632574800000,7.5448000000,7.6278000000,7.5080000000,7.6040000000,152769.5862020000,1159579.1918855249,1159579.1918855249,1,SRM-USDT
2021-09-25 22:00:00,1632578400000,7.6041000000,7.6045000000,7.4421000000,7.4802000000,167220.9714810000,1254950.4589960184,1254950.4589960184,1,SRM-USDT
2021-09-25 23:00:00,1632582000000,7.4800000000,7.5760000000,7.4306000000,7.5400000000,162139.8030280000,1216939.5300630806,1216939.5300630806,1,SRM-USDT
2021-09-26 00:00:00,1632585600000,7.5380000000,7.5660000000,7.4381000000,7.5318000000,104422.2844180000,782071.3572473075,782071.3572473075,1,SRM-USDT
2021-09-26 01:00:00,1632589200000,7.5296000000,7.5581000000,7.4920000000,7.4935000000,52955.1101700000,398107.4951925694,398107.4951925694,1,SRM-USDT
2021-09-26 02:00:00,1632592800000,7.4945000000,7.5580000000,7.4451000000,7.4760000000,83247.2905130000,623391.5215241387,623391.5215241387,1,SRM-USDT
2021-09-26 03:00:00,1632596400000,7.4780000000,7.5540000000,7.4560000000,7.5376000000,64657.6345320000,486001.7842891118,486001.7842891118,1,SRM-USDT
2021-09-26 04:00:00,1632600000000,7.5381000000,7.5699000000,7.4602000000,7.5135000000,71284.7056940000,536096.8469146919,536096.8469146919,1,SRM-USDT
2021-09-26 05:00:00,1632603600000,7.5140000000,7.5200000000,7.4224000000,7.5164000000,72959.6791040000,544467.2708819271,544467.2708819271,1,SRM-USDT
2021-09-26 06:00:00,1632607200000,7.5180000000,7.6079000000,7.5020000000,7.5840000000,81420.3974750000,616458.6800927583,616458.6800927583,1,SRM-USDT
2021-09-26 07:00:00,1632610800000,7.5852000000,7.6060000000,7.4980000000,7.5440000000,54939.3092500000,414663.0360201418,414663.0360201418,1,SRM-USDT
2021-09-26 08:00:00,1632614400000,7.5420000000,7.5500000000,7.2640000000,7.3537000000,227557.0814830000,1685092.9171681106,1685092.9171681106,1,SRM-USDT
2021-09-26 09:00:00,1632618000000,7.3536000000,7.3637000000,7.2007000000,7.2500000000,233278.1669740000,1698232.9717785672,1698232.9717785672,1,SRM-USDT
2021-09-26 10:00:00,1632621600000,7.2480000000,7.2556000000,7.1300000000,7.2080000000,132032.9047460000,949160.3486016352,949160.3486016352,1,SRM-USDT
2021-09-26 11:00:00,1632625200000,7.2060000000,7.2780000000,7.1660000000,7.2305000000,68396.0581640000,494488.2248463776,494488.2248463776,1,SRM-USDT
2021-09-26 12:00:00,1632628800000,7.2316000000,7.2316000000,7.1400000000,7.2236000000,60599.9921310000,435485.1703423765,435485.1703423765,1,SRM-USDT
2021-09-26 13:00:00,1632632400000,7.2240000000,7.2740000000,7.1480000000,7.1656000000,114331.9500180000,823113.1652471382,823113.1652471382,1,SRM-USDT
2021-09-26 14:00:00,1632636000000,7.1654000000,7.2080000000,7.1000000000,7.1080000000,99937.0753870000,715005.8045042921,715005.8045042921,1,SRM-USDT
2021-09-26 15:00:00,1632639600000,7.1060000000,7.1360000000,6.7969000000,6.9017000000,369077.4700050000,2565653.4999435358,2565653.4999435358,1,SRM-USDT
2021-09-26 16:00:00,1632643200000,6.8942000000,6.9830000000,6.8287000000,6.9285000000,240938.1944550000,1662149.3120913340,1662149.3120913340,1,SRM-USDT
2021-09-26 17:00:00,1632646800000,6.9272000000,7.8930000000,6.9135000000,7.6830000000,986083.6954310000,7415141.7702646973,7415141.7702646973,1,SRM-USDT
2021-09-26 18:00:00,1632650400000,7.6823000000,7.8140000000,7.5948000000,7.7100000000,340656.4810370000,2623725.6299165781,2623725.6299165781,1,SRM-USDT
2021-09-26 19:00:00,1632654000000,7.7080000000,7.7920000000,7.6815000000,7.7551000000,165292.1945670000,1280153.8353724792,1280153.8353724792,1,SRM-USDT
2021-09-26 20:00:00,1632657600000,7.7580000000,8.1540000000,7.7580000000,8.0620000000,442240.9087370000,3537395.3936208701,3537395.3936208701,1,SRM-USDT
2021-09-26 21:00:00,1632661200000,8.0623000000,8.1684000000,7.9522000000,8.0448000000,333110.5586980000,2689774.6311769281,2689774.6311769281,1,SRM-USDT
2021-09-26 22:00:00,1632664800000,8.0441000000,8.0520000000,7.9120000000,7.9325000000,186498.6412570000,1484016.2971676381,1484016.2971676381,1,SRM-USDT
2021-09-26 23:00:00,1632668400000,7.9360000000,7.9503000000,7.8063000000,7.9070000000,277572.9392490000,2181547.0115925209,2181547.0115925209,1,SRM-USDT
2021-09-27 00:00:00,1632672000000,7.9071000000,7.9353000000,7.7080000000,7.7420000000,257324.5273500000,2008049.0721969644,2008049.0721969644,1,SRM-USDT
2021-09-27 01:00:00,1632675600000,7.7401000000,7.7888000000,7.7100000000,7.7280000000,94057.8141060000,729178.0660038573,729178.0660038573,1,SRM-USDT
2021-09-27 02:00:00,1632679200000,7.7283000000,7.7546000000,7.6627000000,7.6767000000,110918.4474840000,854468.7986798965,854468.7986798965,1,SRM-USDT
2021-09-27 03:00:00,1632682800000,7.6758000000,7.6973000000,7.6125000000,7.6597000000,75178.4562460000,575589.5179832366,575589.5179832366,1,SRM-USDT
2021-09-27 04:00:00,1632686400000,7.6600000000,7.8079000000,7.6600000000,7.7914000000,116097.3972270000,897662.5183741403,897662.5183741403,1,SRM-USDT
2021-09-27 05:00:00,1632690000000,7.7940000000,7.8380000000,7.7390000000,7.7753000000,110169.5794670000,858214.3981247213,858214.3981247213,1,SRM-USDT
2021-09-27 06:00:00,1632693600000,7.7770000000,7.8278000000,7.5241000000,7.5680000000,164775.7100330000,1268835.7571480568,1268835.7571480568,1,SRM-USDT
2021-09-27 07:00:00,1632697200000,7.5700000000,7.6280000000,7.4638000000,7.6120000000,214237.4545140000,1614133.2996171748,1614133.2996171748,1,SRM-USDT
2021-09-27 08:00:00,1632700800000,7.6100000000,7.7318000000,7.4393000000,7.7080000000,254006.7781330000,1911375.6150472097,1911375.6150472097,1,SRM-USDT
2021-09-27 09:00:00,1632704400000,7.7100000000,7.8953000000,7.6460000000,7.8389000000,199813.3580710000,1559179.5154192781,1559179.5154192781,1,SRM-USDT
2021-09-27 10:00:00,1632708000000,7.8384000000,7.8549000000,7.6997000000,7.7560000000,184626.3459320000,1433617.5211019961,1433617.5211019961,1,SRM-USDT
2021-09-27 11:00:00,1632711600000,7.7540000000,7.7997000000,7.6422000000,7.6840000000,100740.9087270000,778938.9250583790,778938.9250583790,1,SRM-USDT
2021-09-27 12:00:00,1632715200000,7.6859000000,7.7292000000,7.6441000000,7.6660000000,83152.8984040000,638669.7095685897,638669.7095685897,1,SRM-USDT
2021-09-27 13:00:00,1632718800000,7.6641000000,7.7546000000,7.6640000000,7.7300000000,100455.2469620000,775409.8730182149,775409.8730182149,1,SRM-USDT
2021-09-27 14:00:00,1632722400000,7.7318000000,7.7748000000,7.5920000000,7.5982000000,167851.0409030000,1294363.7196928875,1294363.7196928875,1,SRM-USDT
2021-09-27 15:00:00,1632726000000,7.5960000000,7.6587000000,7.5814000000,7.5900000000,122530.6829360000,932984.5351970616,932984.5351970616,1,SRM-USDT
2021-09-27 16:00:00,1632729600000,7.5883000000,7.7012000000,7.5603000000,7.7011000000,132972.4131310000,1014163.3591103124,1014163.3591103124,1,SRM-USDT
2021-09-27 17:00:00,1632733200000,7.7011000000,8.1560000000,7.6664000000,7.9594000000,768316.5514790000,6118900.1581711816,6118900.1581711816,1,SRM-USDT
2021-09-27 18:00:00,1632736800000,7.9620000000,8.1968000000,7.9480000000,8.0840000000,393275.2520580000,3186120.9869442154,3186120.9869442154,1,SRM-USDT
2021-09-27 19:00:00,1632740400000,8.0860000000,8.1236000000,7.9840000000,8.0260000000,231776.7583250000,1862610.6391537136,1862610.6391537136,1,SRM-USDT
2021-09-27 20:00:00,1632744000000,8.0262000000,8.0457000000,7.8294000000,7.9043000000,265608.7187970000,2101947.4205108071,2101947.4205108071,1,SRM-USDT
2021-09-27 21:00:00,1632747600000,7.9044000000,7.9240000000,7.7900000000,7.8508000000,150433.9341210000,1182475.7261412465,1182475.7261412465,1,SRM-USDT
2021-09-27 22:00:00,1632751200000,7.8500000000,8.0000000000,7.7293000000,7.7840000000,296891.3993030000,2325355.9440570106,2325355.9440570106,1,SRM-USDT
2021-09-27 23:00:00,1632754800000,7.7840000000,7.8560000000,7.6892000000,7.8113000000,241088.8082700000,1876484.2225985427,1876484.2225985427,1,SRM-USDT
2021-09-28 00:00:00,1632758400000,7.8117000000,7.8260000000,7.5671000000,7.6880000000,185839.5325800000,1429864.0908760391,1429864.0908760391,1,SRM-USDT
2021-09-28 01:00:00,1632762000000,7.6860000000,7.7240000000,7.6260000000,7.6784000000,92728.2552330000,712299.8469631331,712299.8469631331,1,SRM-USDT
2021-09-28 02:00:00,1632765600000,7.6788000000,7.7720000000,7.6539000000,7.7000000000,128856.6800860000,993456.2739226408,993456.2739226408,1,SRM-USDT
2021-09-28 03:00:00,1632769200000,7.6980000000,7.7397000000,7.6586000000,7.6825000000,124664.4798040000,959255.1256219642,959255.1256219642,1,SRM-USDT
2021-09-28 04:00:00,1632772800000,7.6815000000,7.6815000000,7.5073000000,7.5240000000,218186.0833010000,1655644.6341027473,1655644.6341027473,1,SRM-USDT
2021-09-28 05:00:00,1632776400000,7.5220000000,7.6123000000,7.4776000000,7.6097000000,213356.2756720000,1605518.6253164315,1605518.6253164315,1,SRM-USDT
2021-09-28 06:00:00,1632780000000,7.6119000000,7.7180000000,7.5844000000,7.6520000000,144865.0503170000,1108631.5033642417,1108631.5033642417,1,SRM-USDT
2021-09-28 07:00:00,1632783600000,7.6539000000,7.6857000000,7.4340000000,7.4540000000,190679.8226950000,1436760.4719665009,1436760.4719665009,1,SRM-USDT
2021-09-28 08:00:00,1632787200000,7.4520000000,7.5496000000,7.3735000000,7.4923000000,206219.4215820000,1540230.2024523262,1540230.2024523262,1,SRM-USDT
2021-09-28 09:00:00,1632790800000,7.4923000000,7.5442000000,7.3600000000,7.5215000000,161290.0123830000,1199832.2504307637,1199832.2504307637,1,SRM-USDT
2021-09-28 10:00:00,1632794400000,7.5213000000,7.5778000000,7.4400000000,7.4860000000,87554.0236690000,658166.4835771924,658166.4835771924,1,SRM-USDT
2021-09-28 11:00:00,1632798000000,7.4854000000,7.5320000000,7.4610000000,7.5238000000,45678.2195570000,342730.8032764475,342730.8032764475,1,SRM-USDT
2021-09-28 12:00:00,1632801600000,7.5260000000,7.5780000000,7.4927000000,7.5080000000,66569.1050310000,502057.3658530873,502057.3658530873,1,SRM-USDT
2021-09-28 13:00:00,1632805200000,7.5093000000,7.5414000000,7.4078000000,7.4180000000,104169.8536090000,775906.5368399781,775906.5368399781,1,SRM-USDT
2021-09-28 14:00:00,1632808800000,7.4187000000,7.4428000000,7.2654000000,7.3560000000,162273.4771020000,1193201.1056295196,1193201.1056295196,1,SRM-USDT
2021-09-28 15:00:00,1632812400000,7.3580000000,7.3818000000,7.1740000000,7.2613000000,270924.4818810000,1962103.4680403897,1962103.4680403897,1,SRM-USDT
2021-09-28 16:00:00,1632816000000,7.2620000000,7.3540000000,7.2132000000,7.3137000000,190823.9218550000,1390689.9023343844,1390689.9023343844,1,SRM-USDT
2021-09-28 17:00:00,1632819600000,7.3125000000,7.4040000000,7.2699000000,7.3334000000,158106.5664590000,1160529.1922960109,1160529.1922960109,1,SRM-USDT
2021-09-28 18:00:00,1632823200000,7.3340000000,7.3398000000,7.2252000000,7.2820000000,187111.8757900000,1360214.8177556212,1360214.8177556212,1,SRM-USDT
2021-09-28 19:00:00,1632826800000,7.2860000000,7.4480000000,7.2432000000,7.3980000000,167107.1754930000,1233424.6660634340,1233424.6660634340,1,SRM-USDT
2021-09-28 20:00:00,1632830400000,7.3976000000,7.4306000000,7.2500000000,7.2700000000,173614.2347320000,1273964.3003081148,1273964.3003081148,1,SRM-USDT
2021-09-28 21:00:00,1632834000000,7.2680000000,7.4259000000,7.2460000000,7.2980000000,255056.1145270000,1868465.9670740960,1868465.9670740960,1,SRM-USDT
2021-09-28 22:00:00,1632837600000,7.2960000000,7.2960000000,7.1298000000,7.1701000000,225390.4097360000,1620492.7637191594,1620492.7637191594,1,SRM-USDT
2021-09-28 23:00:00,1632841200000,7.1680000000,7.1818000000,7.0720000000,7.0780000000,152563.5969130000,1085836.9788222518,1085836.9788222518,1,SRM-USDT
2021-09-29 00:00:00,1632844800000,7.0761000000,7.1279000000,7.0000000000,7.0093000000,114937.8996360000,811548.2674693380,811548.2674693380,1,SRM-USDT
2021-09-29 01:00:00,1632848400000,7.0120000000,7.0300000000,6.9446000000,6.9858000000,158938.6593300000,1111217.9648812672,1111217.9648812672,1,SRM-USDT
2021-09-29 02:00:00,1632852000000,6.9807000000,7.0740000000,6.9360000000,7.0362000000,109427.7274400000,766568.2463422073,766568.2463422073,1,SRM-USDT
2021-09-29 03:00:00,1632855600000,7.0360000000,7.0845000000,6.9589000000,7.0103000000,84384.0369460000,592498.6540891125,592498.6540891125,1,SRM-USDT
2021-09-29 04:00:00,1632859200000,7.0140000000,7.0986000000,7.0120000000,7.0686000000,89191.6598420000,630224.6268894498,630224.6268894498,1,SRM-USDT
2021-09-29 05:00:00,1632862800000,7.0700000000,7.1378000000,7.0698000000,7.1179000000,59606.6731210000,423940.2305744352,423940.2305744352,1,SRM-USDT
2021-09-29 06:00:00,1632866400000,7.1155000000,7.1175000000,6.9975000000,7.0038000000,43334.5159160000,305370.3918853916,305370.3918853916,1,SRM-USDT
2021-09-29 07:00:00,1632870000000,7.0060000000,7.0423000000,6.9018000000,6.9441000000,117797.0009790000,820028.9349811299,820028.9349811299,1,SRM-USDT
2021-09-29 08:00:00,1632873600000,6.9397000000,7.1080000000,6.8799000000,7.0562000000,281972.7790700000,1973232.8822894075,1973232.8822894075,1,SRM-USDT
2021-09-29 09:00:00,1632877200000,7.0600000000,7.1760000000,7.0080000000,7.0640000000,159571.9700740000,1132872.7148676424,1132872.7148676424,1,SRM-USDT
2021-09-29 10:00:00,1632880800000,7.0660000000,7.1667000000,7.0607000000,7.1039000000,88118.1697760000,627257.1499956298,627257.1499956298,1,SRM-USDT
2021-09-29 11:00:00,1632884400000,7.1052000000,7.2186000000,7.0780000000,7.2009000000,139760.7973630000,999648.7773398452,999648.7773398452,1,SRM-USDT
2021-09-29 12:00:00,1632888000000,7.2009000000,7.2580000000,7.1748000000,7.2060000000,136017.9963270000,982550.6569285202,982550.6569285202,1,SRM-USDT
2021-09-29 13:00:00,1632891600000,7.2044000000,7.2120000000,7.1380000000,7.1940000000,90828.5377690000,651797.1603335434,651797.1603335434,1,SRM-USDT
2021-09-29 14:00:00,1632895200000,7.1952000000,7.2460000000,7.1682000000,7.2429000000,82437.9787640000,593984.9258178381,593984.9258178381,1,SRM-USDT
2021-09-29 15:00:00,1632898800000,7.2400000000,7.2422000000,7.1905000000,7.2150000000,146254.3702620000,1054671.5326692159,1054671.5326692159,1,SRM-USDT
2021-09-29 16:00:00,1632902400000,7.2152000000,7.2536000000,7.2124000000,7.2220000000,256437.2947860000,1853765.9814607280,1853765.9814607280,1,SRM-USDT
2021-09-29 17:00:00,1632906000000,7.2220000000,7.2459000000,7.1769000000,7.2034000000,131015.7793020000,943622.8646793592,943622.8646793592,1,SRM-USDT
2021-09-29 18:00:00,1632909600000,7.2043000000,7.4280000000,7.1990000000,7.3844000000,268495.6164700000,1965689.5539316239,1965689.5539316239,1,SRM-USDT
2021-09-29 19:00:00,1632913200000,7.3841000000,7.3980000000,7.2998000000,7.3480000000,145170.6274380000,1065149.7651669355,1065149.7651669355,1,SRM-USDT
2021-09-29 20:00:00,1632916800000,7.3500000000,7.3937000000,7.1880000000,7.2260000000,223444.0623640000,1624013.1802955964,1624013.1802955964,1,SRM-USDT
2021-09-29 21:00:00,1632920400000,7.2277000000,7.2660000000,7.1476000000,7.2160000000,219853.1908290000,1585224.0860323126,1585224.0860323126,1,SRM-USDT
2021-09-29 22:00:00,1632924000000,7.2180000000,7.2715000000,7.1846000000,7.2240000000,111227.9419570000,803558.7088364036,803558.7088364036,1,SRM-USDT
2021-09-29 23:00:00,1632927600000,7.2260000000,7.2555000000,7.0640000000,7.0960000000,149490.4015190000,1069339.6062271576,1069339.6062271576,1,SRM-USDT
2021-09-30 00:00:00,1632931200000,7.0971000000,7.1184000000,7.0171000000,7.0360000000,177080.5617420000,1250808.4561169641,1250808.4561169641,1,SRM-USDT
2021-09-30 01:00:00,1632934800000,7.0340000000,7.0694000000,6.9390000000,6.9486000000,144832.3275440000,1015291.3711166236,1015291.3711166236,1,SRM-USDT
2021-09-30 02:00:00,1632938400000,6.9447000000,7.0060000000,6.9175000000,6.9741000000,126458.4876830000,880358.1275870373,880358.1275870373,1,SRM-USDT
2021-09-30 03:00:00,1632942000000,6.9724000000,7.0005000000,6.9148000000,6.9312000000,108614.6007210000,755112.1697049699,755112.1697049699,1,SRM-USDT
2021-09-30 04:00:00,1632945600000,6.9294000000,6.9450000000,6.8075000000,6.8821000000,239870.4787530000,1645796.8436891341,1645796.8436891341,1,SRM-USDT
2021-09-30 05:00:00,1632949200000,6.8782000000,6.9205000000,6.8367000000,6.9103000000,77633.6181150000,533947.1653313113,533947.1653313113,1,SRM-USDT
2021-09-30 06:00:00,1632952800000,6.9116000000,6.9371000000,6.8519000000,6.9230000000,75830.8070860000,522763.0873418461,522763.0873418461,1,SRM-USDT
2021-09-30 07:00:00,1632956400000,6.9220000000,7.0216000000,6.9040000000,7.0012000000,65640.0931140000,456907.2031475809,456907.2031475809,1,SRM-USDT
2021-09-30 08:00:00,1632960000000,6.9945000000,7.2005000000,6.9345000000,7.1828000000,153239.7265240000,1085589.6325391701,1085589.6325391701,1,SRM-USDT
2021-09-30 09:00:00,1632963600000,7.1888000000,7.3076000000,7.1572000000,7.2392000000,194487.5984590000,1406884.0889676886,1406884.0889676886,1,SRM-USDT
2021-09-30 10:00:00,1632967200000,7.2477000000,7.2731000000,7.1895000000,7.2631000000,122982.3995850000,888521.6598412090,888521.6598412090,1,SRM-USDT
2021-09-30 11:00:00,1632970800000,7.2734000000,7.3133000000,7.2048000000,7.3107000000,160194.8269870000,1162308.2610344051,1162308.2610344051,1,SRM-USDT
2021-09-30 12:00:00,1632974400000,7.3132000000,7.3369000000,7.2135000000,7.2272000000,147914.3275810000,1076425.0831751940,1076425.0831751940,1,SRM-USDT
2021-09-30 13:00:00,1632978000000,7.2279000000,7.2611000000,7.2107000000,7.2372000000,92415.9660420000,668469.5317809146,668469.5317809146,1,SRM-USDT
2021-09-30 14:00:00,1632981600000,7.2391000000,7.2874000000,7.1919000000,7.1995000000,118053.4200040000,856138.9488993172,856138.9488993172,1,SRM-USDT
2021-09-30 15:00:00,1632985200000,7.1993000000,7.2256000000,7.1438000000,7.1713000000,119520.3110540000,857295.0703131903,857295.0703131903,1,SRM-USDT
2021-09-30 16:00:00,1632988800000,7.1705000000,7.1995000000,6.9981000000,7.0702000000,276879.4172430000,1959803.9759936405,1959803.9759936405,1,SRM-USDT
2021-09-30 17:00:00,1632992400000,7.0705000000,7.1020000000,7.0175000000,7.0795000000,173671.8398800000,1227926.9720664851,1227926.9720664851,1,SRM-USDT
2021-09-30 18:00:00,1632996000000,7.0800000000,7.2257000000,7.0387000000,7.0600000000,243170.3153130000,1735895.9062235334,1735895.9062235334,1,SRM-USDT
2021-09-30 19:00:00,1632999600000,7.0620000000,7.1616000000,7.0500000000,7.1214000000,175306.8824670000,1248394.8354653560,1248394.8354653560,1,SRM-USDT
2021-09-30 20:00:00,1633003200000,7.1220000000,7.2600000000,7.1156000000,7.1860000000,149466.3992540000,1073259.2166369208,1073259.2166369208,1,SRM-USDT
2021-09-30 21:00:00,1633006800000,7.1880000000,7.2300000000,7.1175000000,7.1322000000,162383.3326050000,1165398.0574532012,1165398.0574532012,1,SRM-USDT
2021-09-30 22:00:00,1633010400000,7.1300000000,7.1470000000,7.0881000000,7.1320000000,111721.8995360000,795335.2822711790,795335.2822711790,1,SRM-USDT
2021-09-30 23:00:00,1633014000000,7.1340000000,7.2298000000,7.1133000000,7.1760000000,125164.6909930000,898837.2542208642,898837.2542208642,1,SRM-USDT
2021-10-01 00:00:00,1633017600000,7.1780000000,7.1892000000,7.0780000000,7.1300000000,125285.9110480000,893166.8228551029,893166.8228551029,1,SRM-USDT
2021-10-01 01:00:00,1633021200000,7.1307000000,7.2059000000,7.1240000000,7.1907000000,120605.4457670000,865146.5299769925,865146.5299769925,1,SRM-USDT
2021-10-01 02:00:00,1633024800000,7.1888000000,7.3616000000,7.1803000000,7.3500000000,174038.9752730000,1265211.9329557037,1265211.9329557037,1,SRM-USDT
2021-10-01 03:00:00,1633028400000,7.3511000000,7.3700000000,7.2423000000,7.2458000000,147018.1228720000,1073845.8918589407,1073845.8918589407,1,SRM-USDT
2021-10-01 04:00:00,1633032000000,7.2455000000,7.3074000000,7.1979000000,7.2431000000,126273.9015980000,916733.9385254300,916733.9385254300,1,SRM-USDT
2021-10-01 05:00:00,1633035600000,7.2428000000,7.3691000000,7.2340000000,7.3646000000,83471.7360620000,609969.2495843515,609969.2495843515,1,SRM-USDT
2021-10-01 06:00:00,1633039200000,7.3647000000,7.4860000000,7.3647000000,7.4429000000,189897.0174580000,1409657.0532150753,1409657.0532150753,1,SRM-USDT
2021-10-01 07:00:00,1633042800000,7.4440000000,7.4860000000,7.3927000000,7.4636000000,92595.5317440000,688715.4506256646,688715.4506256646,1,SRM-USDT
2021-10-01 08:00:00,1633046400000,7.4665000000,7.5808000000,7.4381000000,7.5020000000,272662.5905190000,2051353.1379075344,2051353.1379075344,1,SRM-USDT
2021-10-01 09:00:00,1633050000000,7.5000000000,7.5020000000,7.4050000000,7.4561000000,130416.1440180000,970897.4464510912,970897.4464510912,1,SRM-USDT
2021-10-01 10:00:00,1633053600000,7.4598000000,7.4839000000,7.3663000000,7.3993000000,116056.6233970000,862100.6643101803,862100.6643101803,1,SRM-USDT
2021-10-01 11:00:00,1633057200000,7.4000000000,7.4460000000,7.3820000000,7.4241000000,74678.2569440000,553610.8731105826,553610.8731105826,1,SRM-USDT
2021-10-01 12:00:00,1633060800000,7.4256000000,7.5080000000,7.4158000000,7.4826000000,102593.9761880000,766393.6961368243,766393.6961368243,1,SRM-USDT
2021-10-01 13:00:00,1633064400000,7.4840000000,7.5320000000,7.4393000000,7.5290000000,105889.1814700000,792753.6777520898,792753.6777520898,1,SRM-USDT
2021-10-01 14:00:00,1633068000000,7.5280000000,7.5456000000,7.4840000000,7.5311000000,114439.4573970000,859881.2067823916,859881.2067823916,1,SRM-USDT
2021-10-01 15:00:00,1633071600000,7.5323000000,7.7004000000,7.4737000000,7.6797000000,515471.7087330000,3929686.9044203977,3929686.9044203977,1,SRM-USDT
2021-10-01 16:00:00,1633075200000,7.6793000000,7.8418000000,7.6592000000,7.8400000000,288189.6764770000,2222201.5515961610,2222201.5515961610,1,SRM-USDT
2021-10-01 17:00:00,1633078800000,7.8420000000,7.8849000000,7.7160000000,7.7600000000,273894.7187830000,2132322.8631567890,2132322.8631567890,1,SRM-USDT
2021-10-01 18:00:00,1633082400000,7.7620000000,7.9320000000,7.6863000000,7.8171000000,582938.6450380000,4567255.9319378389,4567255.9319378389,1,SRM-USDT
2021-10-01 19:00:00,1633086000000,7.8201000000,8.0860000000,7.7804000000,8.0141000000,533777.4110680000,4249733.9384939764,4249733.9384939764,1,SRM-USDT
2021-10-01 20:00:00,1633089600000,8.0160000000,8.0472000000,7.8287000000,7.8376000000,371031.4191300000,2948644.1922914693,2948644.1922914693,1,SRM-USDT
2021-10-01 21:00:00,1633093200000,7.8400000000,7.8939000000,7.7140000000,7.7168000000,289431.8676360000,2264711.5443942486,2264711.5443942486,1,SRM-USDT
2021-10-01 22:00:00,1633096800000,7.7142000000,7.8479000000,7.7074000000,7.8420000000,282163.3460010000,2199412.4907505708,2199412.4907505708,1,SRM-USDT
2021-10-01 23:00:00,1633100400000,7.8437000000,8.3157000000,7.8420000000,8.2300000000,657091.2238230000,5340192.4794917041,5340192.4794917041,1,SRM-USDT
2021-10-02 00:00:00,1633104000000,8.2320000000,8.2960000000,8.1495000000,8.2440000000,258252.6418420000,2121553.9719877224,2121553.9719877224,1,SRM-USDT
2021-10-02 01:00:00,1633107600000,8.2450000000,8.3240000000,8.1740000000,8.3053000000,174073.4270400000,1436436.2282561893,1436436.2282561893,1,SRM-USDT
2021-10-02 02:00:00,1633111200000,8.3048000000,8.3420000000,8.2060000000,8.2800000000,184236.4746650000,1525784.3435397833,1525784.3435397833,1,SRM-USDT
2021-10-02 03:00:00,1633114800000,8.2817000000,8.3153000000,8.2460000000,8.2820000000,77182.8872220000,638739.3994840051,638739.3994840051,1,SRM-USDT
2021-10-02 04:00:00,1633118400000,8.2815000000,8.2815000000,8.1120000000,8.2000000000,188326.5836650000,1539669.4570816583,1539669.4570816583,1,SRM-USDT
2021-10-02 05:00:00,1633122000000,8.2000000000,8.3387000000,8.1910000000,8.3325000000,153220.6039320000,1268438.9089859102,1268438.9089859102,1,SRM-USDT
2021-10-02 06:00:00,1633125600000,8.3328000000,8.3388000000,8.0270000000,8.1160000000,297669.4954680000,2427136.8440822829,2427136.8440822829,1,SRM-USDT
2021-10-02 07:00:00,1633129200000,8.1180000000,8.2563000000,8.1140000000,8.2441000000,95667.4636870000,783917.7286099632,783917.7286099632,1,SRM-USDT
2021-10-02 08:00:00,1633132800000,8.2469000000,8.5139000000,8.0659000000,8.4480000000,507024.9827370000,4223604.4345214069,4223604.4345214069,1,SRM-USDT
2021-10-02 09:00:00,1633136400000,8.4480000000,8.5317000000,8.3126000000,8.3280000000,218636.4981310000,1843515.9133896595,1843515.9133896595,1,SRM-USDT
2021-10-02 10:00:00,1633140000000,8.3260000000,8.3540000000,8.2520000000,8.3060000000,86706.3093210000,720417.6522909669,720417.6522909669,1,SRM-USDT
2021-10-02 11:00:00,1633143600000,8.3067000000,8.3365000000,8.1195000000,8.1716000000,136515.7059200000,1122585.4802619650,1122585.4802619650,1,SRM-USDT
2021-10-02 12:00:00,1633147200000,8.1680000000,8.2240000000,8.1299000000,8.2200000000,67788.7991270000,554297.0040247249,554297.0040247249,1,SRM-USDT
2021-10-02 13:00:00,1633150800000,8.2201000000,8.2920000000,8.1859000000,8.2427000000,95808.5941600000,790591.0144315575,790591.0144315575,1,SRM-USDT
2021-10-02 14:00:00,1633154400000,8.2422000000,8.3365000000,8.2057000000,8.3060000000,65893.4864390000,545510.9703144529,545510.9703144529,1,SRM-USDT
2021-10-02 15:00:00,1633158000000,8.3040000000,8.3778000000,8.2673000000,8.3292000000,86277.6475800000,717500.3138587890,717500.3138587890,1,SRM-USDT
2021-10-02 16:00:00,1633161600000,8.3295000000,8.3656000000,8.2290000000,8.2984000000,89572.6299900000,742625.0433865658,742625.0433865658,1,SRM-USDT
2021-10-02 17:00:00,1633165200000,8.2988000000,8.3640000000,8.2988000000,8.3421000000,81404.0703070000,678357.2784504970,678357.2784504970,1,SRM-USDT
2021-10-02 18:00:00,1633168800000,8.3400000000,8.4843000000,8.2909000000,8.4667000000,227224.8159030000,1912824.2072867488,1912824.2072867488,1,SRM-USDT
2021-10-02 19:00:00,1633172400000,8.4696000000,8.4758000000,8.3693000000,8.4758000000,94475.5030020000,796738.7646932405,796738.7646932405,1,SRM-USDT
2021-10-02 20:00:00,1633176000000,8.4756000000,8.6820000000,8.4720000000,8.6800000000,382999.6882330000,3284754.0685057589,3284754.0685057589,1,SRM-USDT
2021-10-02 21:00:00,1633179600000,8.6802000000,9.0659000000,8.6620000000,8.8799000000,983861.3935130000,8742997.6588588245,8742997.6588588245,1,SRM-USDT
2021-10-02 22:00:00,1633183200000,8.8780000000,8.9412000000,8.7519000000,8.8420000000,338893.8525400000,2997813.3394539403,2997813.3394539403,1,SRM-USDT
2021-10-02 23:00:00,1633186800000,8.8420000000,8.8740000000,8.7395000000,8.7452000000,133126.5262030000,1171464.7660608832,1171464.7660608832,1,SRM-USDT
2021-10-03 00:00:00,1633190400000,8.7459000000,8.8512000000,8.7259000000,8.8247000000,170068.1826860000,1496697.0048637623,1496697.0048637623,1,SRM-USDT
2021-10-03 01:00:00,1633194000000,8.8222000000,8.8310000000,8.7420000000,8.8040000000,95901.8333800000,843121.1188985332,843121.1188985332,1,SRM-USDT
2021-10-03 02:00:00,1633197600000,8.8020000000,8.8520000000,8.7813000000,8.8174000000,90780.0278130000,799791.0924883143,799791.0924883143,1,SRM-USDT
2021-10-03 03:00:00,1633201200000,8.8200000000,8.9800000000,8.8180000000,8.9200000000,148538.1408350000,1322778.1274417113,1322778.1274417113,1,SRM-USDT
2021-10-03 04:00:00,1633204800000,8.9215000000,8.9215000000,8.7612000000,8.7639000000,107507.9357150000,950234.1518556935,950234.1518556935,1,SRM-USDT
2021-10-03 05:00:00,1633208400000,8.7645000000,8.8400000000,8.7645000000,8.8271000000,47554.9090620000,418609.7074490710,418609.7074490710,1,SRM-USDT
2021-10-03 06:00:00,1633212000000,8.8281000000,8.9165000000,8.7813000000,8.8491000000,141374.3038710000,1251164.3291387197,1251164.3291387197,1,SRM-USDT
2021-10-03 07:00:00,1633215600000,8.8479000000,9.0084000000,8.5440000000,8.6100000000,490723.7199440000,4285230.6919848761,4285230.6919848761,1,SRM-USDT
2021-10-03 08:00:00,1633219200000,8.6107000000,9.1611000000,8.6107000000,9.0231000000,836165.2006690000,7464264.7917690771,7464264.7917690771,1,SRM-USDT
2021-10-03 09:00:00,1633222800000,9.0237000000,9.3618000000,8.9820000000,9.2097000000,693481.0930130000,6384647.8833888890,6384647.8833888890,1,SRM-USDT
2021-10-03 10:00:00,1633226400000,9.2056000000,9.3204000000,9.1303000000,9.1405000000,201260.7329910000,1854782.9843688672,1854782.9843688672,1,SRM-USDT
2021-10-03 11:00:00,1633230000000,9.1378000000,9.3920000000,9.1227000000,9.2392000000,364433.7298880000,3378816.0787159777,3378816.0787159777,1,SRM-USDT
2021-10-03 12:00:00,1633233600000,9.2493000000,9.2796000000,9.1184000000,9.1216000000,118566.2361900000,1091448.8357842644,1091448.8357842644,1,SRM-USDT
2021-10-03 13:00:00,1633237200000,9.1141000000,9.1874000000,9.0574000000,9.1466000000,171975.0829330000,1567465.2560146225,1567465.2560146225,1,SRM-USDT
2021-10-03 14:00:00,1633240800000,9.1462000000,9.2288000000,9.0812000000,9.2010000000,117641.8914170000,1077842.3429615195,1077842.3429615195,1,SRM-USDT
2021-10-03 15:00:00,1633244400000,9.1971000000,9.1971000000,9.0800000000,9.1033000000,92044.0077500000,839318.1631120669,839318.1631120669,1,SRM-USDT
2021-10-03 16:00:00,1633248000000,9.1025000000,9.2225000000,9.0970000000,9.1330000000,100848.9947820000,924631.2494584696,924631.2494584696,1,SRM-USDT
2021-10-03 17:00:00,1633251600000,9.1245000000,9.3940000000,8.9700000000,9.3716000000,520455.2308380000,4775746.7967441808,4775746.7967441808,1,SRM-USDT
2021-10-03 18:00:00,1633255200000,9.3784000000,9.4122000000,9.1346000000,9.1682000000,168732.8834730000,1564133.8413096033,1564133.8413096033,1,SRM-USDT
2021-10-03 19:00:00,1633258800000,9.1710000000,9.2288000000,9.0957000000,9.1804000000,163157.5375900000,1494247.8027932097,1494247.8027932097,1,SRM-USDT
2021-10-03 20:00:00,1633262400000,9.1810000000,9.2349000000,9.1194000000,9.1699000000,143528.6449850000,1316445.8510450884,1316445.8510450884,1,SRM-USDT
2021-10-03 21:00:00,1633266000000,9.1671000000,9.2184000000,9.1219000000,9.1924000000,187798.4396720000,1721062.8468217305,1721062.8468217305,1,SRM-USDT
2021-10-03 22:00:00,1633269600000,9.1920000000,9.2088000000,9.1292000000,9.1451000000,140509.9344990000,1287185.6532019775,1287185.6532019775,1,SRM-USDT
2021-10-03 23:00:00,1633273200000,9.1508000000,9.2079000000,8.9060000000,8.9690000000,246542.1995280000,2230050.8292828454,2230050.8292828454,1,SRM-USDT
2021-10-04 00:00:00,1633276800000,8.9699000000,9.0403000000,8.9373000000,8.9885000000,123095.6817220000,1107007.9394933006,1107007.9394933006,1,SRM-USDT
2021-10-04 01:00:00,1633280400000,8.9900000000,9.0343000000,8.8040000000,9.0178000000,237058.3649370000,2117082.3934676847,2117082.3934676847,1,SRM-USDT
2021-10-04 02:00:00,1633284000000,9.0183000000,9.1460000000,8.9660000000,9.1250000000,238100.6383340000,2158697.9501070962,2158697.9501070962,1,SRM-USDT
2021-10-04 03:00:00,1633287600000,9.1129000000,9.1360000000,9.0331000000,9.0424000000,89670.3314850000,815446.6997924857,815446.6997924857,1,SRM-USDT
2021-10-04 04:00:00,1633291200000,9.0456000000,9.0688000000,8.9281000000,8.9302000000,73451.2940640000,660666.1785743082,660666.1785743082,1,SRM-USDT
2021-10-04 05:00:00,1633294800000,8.9306000000,8.9360000000,8.7440000000,8.7550000000,159840.5285530000,1411821.2752120709,1411821.2752120709,1,SRM-USDT
2021-10-04 06:00:00,1633298400000,8.7543000000,8.9360000000,8.7460000000,8.8916000000,149067.3334440000,1323127.0450838814,1323127.0450838814,1,SRM-USDT
2021-10-04 07:00:00,1633302000000,8.8920000000,8.9956000000,8.8500000000,8.9940000000,130302.4848960000,1164056.8452251062,1164056.8452251062,1,SRM-USDT
2021-10-04 08:00:00,1633305600000,8.9948000000,9.1091000000,8.7540000000,8.7638000000,277155.2667440000,2481139.3985465625,2481139.3985465625,1,SRM-USDT
2021-10-04 09:00:00,1633309200000,8.7620000000,8.8020000000,8.6169000000,8.7120000000,197162.2183020000,1718628.1029003251,1718628.1029003251,1,SRM-USDT
2021-10-04 10:00:00,1633312800000,8.7107000000,8.7111000000,8.5460000000,8.5800000000,147578.1317970000,1273636.0528155374,1273636.0528155374,1,SRM-USDT
2021-10-04 11:00:00,1633316400000,8.5780000000,8.6306000000,8.4500000000,8.5003000000,266293.1845780000,2268348.7820416526,2268348.7820416526,1,SRM-USDT
2021-10-04 12:00:00,1633320000000,8.4980000000,8.5621000000,8.3479000000,8.5550000000,257193.1675220000,2173936.5973592582,2173936.5973592582,1,SRM-USDT
2021-10-04 13:00:00,1633323600000,8.5545000000,8.6396000000,8.5545000000,8.5743000000,133888.3305470000,1150136.4006887190,1150136.4006887190,1,SRM-USDT
2021-10-04 14:00:00,1633327200000,8.5720000000,8.5726000000,8.4520000000,8.5250000000,133178.5899120000,1133351.2817514215,1133351.2817514215,1,SRM-USDT
2021-10-04 15:00:00,1633330800000,8.5260000000,8.7308000000,8.4803000000,8.7020000000,194024.6285090000,1668054.8719600069,1668054.8719600069,1,SRM-USDT
2021-10-04 16:00:00,1633334400000,8.7003000000,8.7278000000,8.5015000000,8.5468000000,169815.7757670000,1460578.4537140841,1460578.4537140841,1,SRM-USDT
2021-10-04 17:00:00,1633338000000,8.5426000000,8.6840000000,8.5339000000,8.6426000000,144677.4774730000,1245592.3714840296,1245592.3714840296,1,SRM-USDT
2021-10-04 18:00:00,1633341600000,8.6439000000,8.6540000000,8.5041000000,8.5660000000,101518.2916540000,870083.1822549012,870083.1822549012,1,SRM-USDT
2021-10-04 19:00:00,1633345200000,8.5680000000,8.5782000000,8.4109000000,8.4800000000,115074.7392110000,975698.2880534816,975698.2880534816,1,SRM-USDT
2021-10-04 20:00:00,1633348800000,8.4820000000,8.6340000000,8.3980000000,8.6140000000,253468.7160380000,2153881.5797585701,2153881.5797585701,1,SRM-USDT
2021-10-04 21:00:00,1633352400000,8.6124000000,8.7998000000,8.6004000000,8.7819000000,250035.0767360000,2175145.3104235115,2175145.3104235115,1,SRM-USDT
2021-10-04 22:00:00,1633356000000,8.7819000000,8.8403000000,8.3920000000,8.4840000000,343611.1953450000,2954542.9857783453,2954542.9857783453,1,SRM-USDT
2021-10-04 23:00:00,1633359600000,8.4820000000,8.5065000000,8.2120000000,8.4884000000,400824.4763300000,3348918.9404523456,3348918.9404523456,1,SRM-USDT
2021-10-05 00:00:00,1633363200000,8.4889000000,8.6966000000,8.4626000000,8.5620000000,243551.6256470000,2093660.7773149700,2093660.7773149700,1,SRM-USDT
2021-10-05 01:00:00,1633366800000,8.5640000000,8.6740000000,8.4699000000,8.6580000000,166965.3122660000,1432082.5981213839,1432082.5981213839,1,SRM-USDT
2021-10-05 02:00:00,1633370400000,8.6619000000,8.7336000000,8.6320000000,8.6996000000,135275.8871110000,1175563.7975962022,1175563.7975962022,1,SRM-USDT
2021-10-05 03:00:00,1633374000000,8.7020000000,8.7736000000,8.6040000000,8.6580000000,146560.3291950000,1272573.9778663788,1272573.9778663788,1,SRM-USDT
2021-10-05 04:00:00,1633377600000,8.6600000000,8.6740000000,8.4919000000,8.5120000000,173190.5500690000,1481500.8185395494,1481500.8185395494,1,SRM-USDT
2021-10-05 05:00:00,1633381200000,8.5100000000,8.5580000000,8.4640000000,8.5360000000,45574.1207570000,387836.7142779312,387836.7142779312,1,SRM-USDT
2021-10-05 06:00:00,1633384800000,8.5339000000,8.5540000000,8.4416000000,8.5040000000,92937.6384960000,790785.7438276574,790785.7438276574,1,SRM-USDT
2021-10-05 07:00:00,1633388400000,8.5035000000,8.6174000000,8.4869000000,8.5600000000,128604.8585570000,1100682.6134731341,1100682.6134731341,1,SRM-USDT
2021-10-05 08:00:00,1633392000000,8.5615000000,8.7002000000,8.4575000000,8.6660000000,247213.6387460000,2128395.3992223898,2128395.3992223898,1,SRM-USDT
2021-10-05 09:00:00,1633395600000,8.6640000000,8.6944000000,8.5200000000,8.5656000000,84252.0952370000,724954.8180451186,724954.8180451186,1,SRM-USDT
2021-10-05 10:00:00,1633399200000,8.5677000000,8.5860000000,8.4880000000,8.5440000000,60530.1747140000,515918.7024136629,515918.7024136629,1,SRM-USDT
2021-10-05 11:00:00,1633402800000,8.5440000000,8.6009000000,8.4994000000,8.5620000000,105471.5536290000,902344.0198747340,902344.0198747340,1,SRM-USDT
2021-10-05 12:00:00,1633406400000,8.5622000000,8.5830000000,8.4418000000,8.4620000000,75429.3567610000,642144.1086496257,642144.1086496257,1,SRM-USDT
2021-10-05 13:00:00,1633410000000,8.4599000000,8.5459000000,8.4520000000,8.5054000000,83723.5590080000,710862.0590138838,710862.0590138838,1,SRM-USDT
2021-10-05 14:00:00,1633413600000,8.5070000000,8.5680000000,8.4940000000,8.5163000000,74409.6908080000,635105.5928582477,635105.5928582477,1,SRM-USDT
2021-10-05 15:00:00,1633417200000,8.5190000000,8.5780000000,8.5120000000,8.5360000000,80448.0797700000,688166.5622181875,688166.5622181875,1,SRM-USDT
2021-10-05 16:00:00,1633420800000,8.5360000000,8.5800000000,8.4880000000,8.5662000000,104189.0253080000,889151.7141082095,889151.7141082095,1,SRM-USDT
2021-10-05 17:00:00,1633424400000,8.5673000000,8.6820000000,8.4800000000,8.6740000000,198617.3789600000,1699727.0996299791,1699727.0996299791,1,SRM-USDT
2021-10-05 18:00:00,1633428000000,8.6760000000,8.7000000000,8.5600000000,8.6127000000,184029.1613510000,1590133.1843355494,1590133.1843355494,1,SRM-USDT
2021-10-05 19:00:00,1633431600000,8.6111000000,8.6860000000,8.5860000000,8.5940000000,186684.0897980000,1610960.4795098051,1610960.4795098051,1,SRM-USDT
2021-10-05 20:00:00,1633435200000,8.5960000000,8.6129000000,8.4060000000,8.4160000000,300935.7369740000,2551959.4600867550,2551959.4600867550,1,SRM-USDT
2021-10-05 21:00:00,1633438800000,8.4170000000,8.4674000000,8.3702000000,8.4364000000,179693.6346170000,1513688.1153568004,1513688.1153568004,1,SRM-USDT
2021-10-05 22:00:00,1633442400000,8.4359000000,8.4560000000,8.1576000000,8.2460000000,360449.0929470000,2988042.3516884129,2988042.3516884129,1,SRM-USDT
2021-10-05 23:00:00,1633446000000,8.2459000000,8.2982000000,8.1977000000,8.2258000000,155167.3177350000,1278875.2260438122,1278875.2260438122,1,SRM-USDT
2021-10-06 00:00:00,1633449600000,8.2220000000,8.2780000000,8.1860000000,8.2489000000,124448.7496920000,1023942.5761594560,1023942.5761594560,1,SRM-USDT
2021-10-06 01:00:00,1633453200000,8.2488000000,8.3039000000,8.2082000000,8.2860000000,75906.8990110000,627524.2685627198,627524.2685627198,1,SRM-USDT
2021-10-06 02:00:00,1633456800000,8.2878000000,8.3300000000,8.2755000000,8.3146000000,97205.6027050000,807079.6751563183,807079.6751563183,1,SRM-USDT
2021-10-06 03:00:00,1633460400000,8.3132000000,8.3500000000,8.2820000000,8.3066000000,103124.8186780000,857701.3804792627,857701.3804792627,1,SRM-USDT
2021-10-06 04:00:00,1633464000000,8.3080000000,8.4643000000,8.3080000000,8.4260000000,250134.0798570000,2105899.3115344094,2105899.3115344094,1,SRM-USDT
2021-10-06 05:00:00,1633467600000,8.4281000000,8.4995000000,8.4220000000,8.4520000000,102224.6997400000,865093.0475694354,865093.0475694354,1,SRM-USDT
2021-10-06 06:00:00,1633471200000,8.4500000000,8.5014000000,8.4480000000,8.4589000000,96989.0849470000,822651.3222112447,822651.3222112447,1,SRM-USDT
2021-10-06 07:00:00,1633474800000,8.4620000000,8.5602000000,8.4500000000,8.4780000000,135378.6075550000,1153524.5120355680,1153524.5120355680,1,SRM-USDT
2021-10-06 08:00:00,1633478400000,8.4769000000,8.4856000000,8.3057000000,8.3320000000,211281.9234080000,1773858.2667240736,1773858.2667240736,1,SRM-USDT
2021-10-06 09:00:00,1633482000000,8.3340000000,8.3340000000,8.2060000000,8.3159000000,146953.8150580000,1216094.3450195033,1216094.3450195033,1,SRM-USDT
2021-10-06 10:00:00,1633485600000,8.3140000000,8.3360000000,8.2295000000,8.2312000000,76795.3016830000,634778.5691517956,634778.5691517956,1,SRM-USDT
2021-10-06 11:00:00,1633489200000,8.2302000000,8.2462000000,8.1603000000,8.1803000000,87651.5161700000,718669.1509048773,718669.1509048773,1,SRM-USDT
2021-10-06 12:00:00,1633492800000,8.1791000000,8.1838000000,8.0734000000,8.1299000000,243562.6562620000,1974825.7366351441,1974825.7366351441,1,SRM-USDT
2021-10-06 13:00:00,1633496400000,8.1299000000,8.1680000000,8.0900000000,8.1304000000,118341.3092430000,960887.9211537694,960887.9211537694,1,SRM-USDT
2021-10-06 14:00:00,1633500000000,8.1299000000,8.2000000000,8.1000000000,8.1005000000,137689.7027310000,1122978.4968019032,1122978.4968019032,1,SRM-USDT
2021-10-06 15:00:00,1633503600000,8.1016000000,8.1300000000,7.9179000000,7.9957000000,253433.4925880000,2033183.3449656281,2033183.3449656281,1,SRM-USDT
2021-10-06 16:00:00,1633507200000,7.9972000000,8.0220000000,7.6140000000,7.7741000000,481401.4399260000,3750498.5241428078,3750498.5241428078,1,SRM-USDT
2021-10-06 17:00:00,1633510800000,7.7740000000,7.8380000000,7.7223000000,7.8181000000,206475.9975160000,1605405.7055125041,1605405.7055125041,1,SRM-USDT
2021-10-06 18:00:00,1633514400000,7.8171000000,7.9503000000,7.7908000000,7.8843000000,199532.2840230000,1572669.1628292955,1572669.1628292955,1,SRM-USDT
2021-10-06 19:00:00,1633518000000,7.8833000000,7.9345000000,7.8180000000,7.8268000000,103446.6425570000,815308.7437525282,815308.7437525282,1,SRM-USDT
2021-10-06 20:00:00,1633521600000,7.8267000000,8.1051000000,7.8111000000,8.1038000000,216718.8489430000,1724331.5251457966,1724331.5251457966,1,SRM-USDT
2021-10-06 21:00:00,1633525200000,8.1051000000,8.3117000000,8.0120000000,8.1840000000,512670.0800060000,4183039.9414362656,4183039.9414362656,1,SRM-USDT
2021-10-06 22:00:00,1633528800000,8.1932000000,8.3220000000,8.1360000000,8.3084000000,200204.2713960000,1648789.4716495867,1648789.4716495867,1,SRM-USDT
2021-10-06 23:00:00,1633532400000,8.3100000000,8.3560000000,8.2458000000,8.2576000000,200897.2094080000,1665365.7130278407,1665365.7130278407,1,SRM-USDT
2021-10-07 00:00:00,1633536000000,8.2571000000,8.3388000000,8.2099000000,8.3079000000,133481.5698900000,1103138.7672556881,1103138.7672556881,1,SRM-USDT
2021-10-07 01:00:00,1633539600000,8.3063000000,8.3580000000,8.2679000000,8.3071000000,133021.7616150000,1104550.1750731731,1104550.1750731731,1,SRM-USDT
2021-10-07 02:00:00,1633543200000,8.3100000000,8.4060000000,8.2920000000,8.3477000000,122006.1508010000,1017779.6372779777,1017779.6372779777,1,SRM-USDT
2021-10-07 03:00:00,1633546800000,8.3460000000,8.3678000000,8.3105000000,8.3161000000,90077.6007940000,751888.1050391154,751888.1050391154,1,SRM-USDT
2021-10-07 04:00:00,1633550400000,8.3159000000,8.3280000000,8.1380000000,8.1520000000,129774.7060130000,1065926.2252890577,1065926.2252890577,1,SRM-USDT
2021-10-07 05:00:00,1633554000000,8.1540000000,8.1991000000,8.1300000000,8.1676000000,99791.4845280000,814611.3996572234,814611.3996572234,1,SRM-USDT
2021-10-07 06:00:00,1633557600000,8.1668000000,8.1865000000,8.1268000000,8.1620000000,74002.0488030000,603376.5678578371,603376.5678578371,1,SRM-USDT
2021-10-07 07:00:00,1633561200000,8.1621000000,8.2100000000,8.1200000000,8.1770000000,105195.5109540000,858818.8825267665,858818.8825267665,1,SRM-USDT
2021-10-07 08:00:00,1633564800000,8.1786000000,8.1829000000,7.9180000000,7.9900000000,242235.4210750000,1948879.4584834301,1948879.4584834301,1,SRM-USDT
2021-10-07 09:00:00,1633568400000,7.9880000000,8.0147000000,7.8640000000,7.9600000000,134607.3431830000,1066300.0360837164,1066300.0360837164,1,SRM-USDT
2021-10-07 10:00:00,1633572000000,7.9584000000,8.0280000000,7.9412000000,7.9640000000,76591.4990760000,611615.2441310131,611615.2441310131,1,SRM-USDT
2021-10-07 11:00:00,1633575600000,7.9649000000,7.9920000000,7.8873000000,7.9180000000,58419.7123210000,463474.1160408193,463474.1160408193,1,SRM-USDT
2021-10-07 12:00:00,1633579200000,7.9180000000,8.0812000000,7.9020000000,8.0658000000,87295.7330870000,699419.8187399007,699419.8187399007,1,SRM-USDT
2021-10-07 13:00:00,1633582800000,8.0620000000,8.0620000000,7.9530000000,8.0389000000,77434.6002060000,619856.3551251082,619856.3551251082,1,SRM-USDT
2021-10-07 14:00:00,1633586400000,8.0380000000,8.0740000000,7.9660000000,7.9928000000,76345.0895260000,613092.8568490909,613092.8568490909,1,SRM-USDT
2021-10-07 15:00:00,1633590000000,7.9902000000,8.1939000000,7.9560000000,8.1839000000,141503.1319510000,1142438.4610349201,1142438.4610349201,1,SRM-USDT
2021-10-07 16:00:00,1633593600000,8.1825000000,8.4180000000,8.1820000000,8.3620000000,332097.3810210000,2755614.4241123069,2755614.4241123069,1,SRM-USDT
2021-10-07 17:00:00,1633597200000,8.3602000000,8.3862000000,8.1117000000,8.2780000000,311519.4798320000,2572947.8525141622,2572947.8525141622,1,SRM-USDT
2021-10-07 18:00:00,1633600800000,8.2776000000,8.2952000000,8.1520000000,8.1805000000,137687.4373390000,1131992.0554282877,1131992.0554282877,1,SRM-USDT
2021-10-07 19:00:00,1633604400000,8.1820000000,8.2600000000,8.1440000000,8.2328000000,107224.2369760000,879006.2285986484,879006.2285986484,1,SRM-USDT
2021-10-07 20:00:00,1633608000000,8.2347000000,8.2629000000,8.1553000000,8.1954000000,149962.6239770000,1231563.3368873659,1231563.3368873659,1,SRM-USDT
2021-10-07 21:00:00,1633611600000,8.1936000000,8.2820000000,8.1340000000,8.2771000000,129559.6884570000,1063870.2594294129,1063870.2594294129,1,SRM-USDT
2021-10-07 22:00:00,1633615200000,8.2774000000,8.2844000000,7.9920000000,8.0659000000,288138.6467400000,2334375.4887171201,2334375.4887171201,1,SRM-USDT
2021-10-07 23:00:00,1633618800000,8.0640000000,8.1711000000,8.0360000000,8.1178000000,155558.2626980000,1260039.3514443347,1260039.3514443347,1,SRM-USDT
2021-10-08 00:00:00,1633622400000,8.1166000000,8.1440000000,8.0019000000,8.0974000000,141755.2335790000,1145817.8514685980,1145817.8514685980,1,SRM-USDT
2021-10-08 01:00:00,1633626000000,8.0940000000,8.1507000000,8.0763000000,8.0841000000,87748.3089130000,711954.8425339316,711954.8425339316,1,SRM-USDT
2021-10-08 02:00:00,1633629600000,8.0846000000,8.1294000000,8.0544000000,8.0916000000,70689.3742510000,571497.5462954573,571497.5462954573,1,SRM-USDT
2021-10-08 03:00:00,1633633200000,8.0912000000,8.1642000000,8.0912000000,8.1451000000,53265.7765920000,433166.3316359611,433166.3316359611,1,SRM-USDT
2021-10-08 04:00:00,1633636800000,8.1480000000,8.1972000000,8.1260000000,8.1679000000,54544.9074110000,445442.7945974592,445442.7945974592,1,SRM-USDT
2021-10-08 05:00:00,1633640400000,8.1695000000,8.2420000000,8.1640000000,8.2061000000,39616.6659990000,325216.9364434257,325216.9364434257,1,SRM-USDT
2021-10-08 06:00:00,1633644000000,8.2071000000,8.2071000000,8.0970000000,8.1420000000,78809.6638950000,641647.1520391511,641647.1520391511,1,SRM-USDT
2021-10-08 07:00:00,1633647600000,8.1417000000,8.1640000000,8.0866000000,8.1292000000,59945.8149000000,487339.7279426470,487339.7279426470,1,SRM-USDT
2021-10-08 08:00:00,1633651200000,8.1292000000,8.1920000000,8.0933000000,8.1680000000,64586.6789580000,526380.4308792043,526380.4308792043,1,SRM-USDT
2021-10-08 09:00:00,1633654800000,8.1700000000,8.2013000000,8.0620000000,8.1000000000,70657.0856820000,573521.5223850834,573521.5223850834,1,SRM-USDT
2021-10-08 10:00:00,1633658400000,8.0995000000,8.1184000000,7.9102000000,7.9213000000,211783.6130170000,1694321.6442219799,1694321.6442219799,1,SRM-USDT
2021-10-08 11:00:00,1633662000000,7.9200000000,7.9350000000,7.8266000000,7.8707000000,120495.8872460000,948389.9813868996,948389.9813868996,1,SRM-USDT
2021-10-08 12:00:00,1633665600000,7.8680000000,7.9594000000,7.8542000000,7.9317000000,93303.4406230000,739065.4232912997,739065.4232912997,1,SRM-USDT
2021-10-08 13:00:00,1633669200000,7.9300000000,7.9754000000,7.8600000000,7.9705000000,73811.9716760000,584372.4372910549,584372.4372910549,1,SRM-USDT
2021-10-08 14:00:00,1633672800000,7.9705000000,8.0058000000,7.9360000000,8.0045000000,61070.6975100000,486894.8350951361,486894.8350951361,1,SRM-USDT
2021-10-08 15:00:00,1633676400000,8.0041000000,8.0469000000,7.9631000000,8.0469000000,136122.3601970000,1089853.8339284670,1089853.8339284670,1,SRM-USDT
2021-10-08 16:00:00,1633680000000,8.0486000000,8.1640000000,8.0260000000,8.1424000000,208156.9920120000,1682435.3431109430,1682435.3431109430,1,SRM-USDT
2021-10-08 17:00:00,1633683600000,8.1460000000,8.1507000000,8.0120000000,8.0157000000,145414.3135970000,1173637.2737922473,1173637.2737922473,1,SRM-USDT
2021-10-08 18:00:00,1633687200000,8.0140000000,8.1776000000,7.9780000000,8.1540000000,200040.6089700000,1614279.8238700037,1614279.8238700037,1,SRM-USDT
2021-10-08 19:00:00,1633690800000,8.1561000000,8.2117000000,8.0666000000,8.0840000000,169702.1612730000,1381287.6496683811,1381287.6496683811,1,SRM-USDT
2021-10-08 20:00:00,1633694400000,8.0860000000,8.1192000000,7.9696000000,8.0089000000,198634.4173570000,1594911.0604342774,1594911.0604342774,1,SRM-USDT
2021-10-08 21:00:00,1633698000000,8.0080000000,8.0176000000,7.9336000000,7.9904000000,143756.1922490000,1146261.5141506279,1146261.5141506279,1,SRM-USDT
2021-10-08 22:00:00,1633701600000,7.9849000000,8.1244000000,7.9796000000,8.1160000000,144714.1897540000,1168116.8624687579,1168116.8624687579,1,SRM-USDT
2021-10-08 23:00:00,1633705200000,8.1177000000,8.1880000000,7.9946000000,8.0367000000,266663.7406440000,2160256.2844427638,2160256.2844427638,1,SRM-USDT
2021-10-09 00:00:00,1633708800000,8.0393000000,8.0664000000,7.9908000000,8.0631000000,142779.9408100000,1147533.3128697672,1147533.3128697672,1,SRM-USDT
2021-10-09 01:00:00,1633712400000,8.0639000000,8.0662000000,7.9806000000,8.0158000000,85720.1470540000,686947.8646196499,686947.8646196499,1,SRM-USDT
2021-10-09 02:00:00,1633716000000,8.0140000000,8.0689000000,8.0019000000,8.0492000000,102914.9767880000,828609.2573032567,828609.2573032567,1,SRM-USDT
2021-10-09 03:00:00,1633719600000,8.0480000000,8.0733000000,7.9828000000,8.0140000000,66200.8161970000,531769.9085871167,531769.9085871167,1,SRM-USDT
2021-10-09 04:00:00,1633723200000,8.0120000000,8.0160000000,7.8540000000,7.8880000000,129957.9791730000,1031813.5084121360,1031813.5084121360,1,SRM-USDT
2021-10-09 05:00:00,1633726800000,7.8860000000,7.9335000000,7.8622000000,7.9203000000,69913.8929670000,552548.0073156827,552548.0073156827,1,SRM-USDT
2021-10-09 06:00:00,1633730400000,7.9191000000,7.9745000000,7.8983000000,7.9370000000,41401.4908570000,328426.0989660473,328426.0989660473,1,SRM-USDT
2021-10-09 07:00:00,1633734000000,7.9323000000,7.9323000000,7.8623000000,7.9156000000,74190.1328230000,585171.8795054024,585171.8795054024,1,SRM-USDT
2021-10-09 08:00:00,1633737600000,7.9180000000,7.9325000000,7.7760000000,7.8680000000,178055.2308850000,1397336.4515143975,1397336.4515143975,1,SRM-USDT
2021-10-09 09:00:00,1633741200000,7.8700000000,7.8800000000,7.7737000000,7.8199000000,88740.0583120000,693860.5010740930,693860.5010740930,1,SRM-USDT
2021-10-09 10:00:00,1633744800000,7.8163000000,7.9242000000,7.7980000000,7.9080000000,59798.5385790000,470850.4358935743,470850.4358935743,1,SRM-USDT
2021-10-09 11:00:00,1633748400000,7.9060000000,7.9823000000,7.8769000000,7.9700000000,69349.1535020000,549957.9044341863,549957.9044341863,1,SRM-USDT
2021-10-09 12:00:00,1633752000000,7.9698000000,7.9950000000,7.9369000000,7.9900000000,63062.5379600000,502132.5756697669,502132.5756697669,1,SRM-USDT
2021-10-09 13:00:00,1633755600000,7.9920000000,8.0260000000,7.9180000000,7.9420000000,52393.2273240000,417360.3987796537,417360.3987796537,1,SRM-USDT
2021-10-09 14:00:00,1633759200000,7.9440000000,7.9834000000,7.9134000000,7.9500000000,76008.0139850000,604501.5012113542,604501.5012113542,1,SRM-USDT
2021-10-09 15:00:00,1633762800000,7.9520000000,7.9662000000,7.9188000000,7.9420000000,49116.1141770000,390039.5169849401,390039.5169849401,1,SRM-USDT
2021-10-09 16:00:00,1633766400000,7.9420000000,7.9553000000,7.8469000000,7.8834000000,60141.2543400000,475269.5089924925,475269.5089924925,1,SRM-USDT
2021-10-09 17:00:00,1633770000000,7.8860000000,7.9456000000,7.8660000000,7.9431000000,57806.2613310000,456640.8703925212,456640.8703925212,1,SRM-USDT
2021-10-09 18:00:00,1633773600000,7.9460000000,8.1399000000,7.8920000000,8.1380000000,197554.6972130000,1584292.6499507539,1584292.6499507539,1,SRM-USDT
2021-10-09 19:00:00,1633777200000,8.1369000000,8.1640000000,7.9800000000,8.0237000000,269546.6007960000,2173923.0452109161,2173923.0452109161,1,SRM-USDT
2021-10-09 20:00:00,1633780800000,8.0260000000,8.0943000000,8.0249000000,8.0501000000,92251.4572790000,743115.8364243672,743115.8364243672,1,SRM-USDT
2021-10-09 21:00:00,1633784400000,8.0520000000,8.1440000000,8.0520000000,8.1180000000,142317.6656690000,1153706.8065035753,1153706.8065035753,1,SRM-USDT
2021-10-09 22:00:00,1633788000000,8.1200000000,8.1493000000,8.0760000000,8.1101000000,89334.9727970000,723945.1790056707,723945.1790056707,1,SRM-USDT
2021-10-09 23:00:00,1633791600000,8.1120000000,8.2082000000,8.0777000000,8.1280000000,147162.2075050000,1200086.7214907545,1200086.7214907545,1,SRM-USDT
2021-10-10 00:00:00,1633795200000,8.1268000000,8.1520000000,8.0299000000,8.0527000000,117365.4296870000,949462.2759934824,949462.2759934824,1,SRM-USDT
2021-10-10 01:00:00,1633798800000,8.0580000000,8.1333000000,8.0420000000,8.0964000000,106753.6261590000,863479.2483490814,863479.2483490814,1,SRM-USDT
2021-10-10 02:00:00,1633802400000,8.0963000000,8.1304000000,8.0717000000,8.1000000000,58342.4714950000,472691.6164163070,472691.6164163070,1,SRM-USDT
2021-10-10 03:00:00,1633806000000,8.1000000000,8.1260000000,8.0280000000,8.0403000000,49293.1181750000,397831.3692770363,397831.3692770363,1,SRM-USDT
2021-10-10 04:00:00,1633809600000,8.0380000000,8.0660000000,7.9780000000,8.0610000000,73553.2988230000,589710.5274922713,589710.5274922713,1,SRM-USDT
2021-10-10 05:00:00,1633813200000,8.0600000000,8.0939000000,8.0299000000,8.0638000000,44679.4092910000,360319.1233806990,360319.1233806990,1,SRM-USDT
2021-10-10 06:00:00,1633816800000,8.0635000000,8.0700000000,8.0222000000,8.0601000000,61997.2493380000,498995.7379595432,498995.7379595432,1,SRM-USDT
2021-10-10 07:00:00,1633820400000,8.0638000000,8.1020000000,8.0487000000,8.0880000000,60988.6171160000,492184.7710033044,492184.7710033044,1,SRM-USDT
2021-10-10 08:00:00,1633824000000,8.0914000000,8.0921000000,7.8559000000,7.8839000000,241264.2751240000,1915068.4050601639,1915068.4050601639,1,SRM-USDT
2021-10-10 09:00:00,1633827600000,7.8820000000,7.9052000000,7.8219000000,7.8682000000,152240.2437680000,1196196.9859117449,1196196.9859117449,1,SRM-USDT
2021-10-10 10:00:00,1633831200000,7.8641000000,7.9339000000,7.8174000000,7.9192000000,66369.5676530000,523454.9220353635,523454.9220353635,1,SRM-USDT
2021-10-10 11:00:00,1633834800000,7.9123000000,7.9400000000,7.8962000000,7.9171000000,92345.8872690000,731430.7377280433,731430.7377280433,1,SRM-USDT
2021-10-10 12:00:00,1633838400000,7.9180000000,7.9654000000,7.8749000000,7.9579000000,75195.1166000000,595861.1384852817,595861.1384852817,1,SRM-USDT
2021-10-10 13:00:00,1633842000000,7.9620000000,7.9620000000,7.9207000000,7.9291000000,60569.1078940000,480899.9383675795,480899.9383675795,1,SRM-USDT
2021-10-10 14:00:00,1633845600000,7.9321000000,7.9673000000,7.9280000000,7.9576000000,56851.8985200000,451750.5181811893,451750.5181811893,1,SRM-USDT
2021-10-10 15:00:00,1633849200000,7.9600000000,7.9709000000,7.9220000000,7.9471000000,47402.2705290000,376472.8433730272,376472.8433730272,1,SRM-USDT
2021-10-10 16:00:00,1633852800000,7.9445000000,8.0199000000,7.9299000000,8.0075000000,74595.7194260000,594896.4471164180,594896.4471164180,1,SRM-USDT
2021-10-10 17:00:00,1633856400000,8.0100000000,8.0130000000,7.8800000000,7.9188000000,121760.4676250000,965897.2121815686,965897.2121815686,1,SRM-USDT
2021-10-10 18:00:00,1633860000000,7.9131000000,7.9144000000,7.8640000000,7.8801000000,48114.4959610000,379453.0695931066,379453.0695931066,1,SRM-USDT
2021-10-10 19:00:00,1633863600000,7.8768000000,7.8840000000,7.8440000000,7.8649000000,59357.8991220000,466815.0632727415,466815.0632727415,1,SRM-USDT
2021-10-10 20:00:00,1633867200000,7.8660000000,7.8872000000,7.8168000000,7.8549000000,75894.0199780000,595920.1987365938,595920.1987365938,1,SRM-USDT
2021-10-10 21:00:00,1633870800000,7.8581000000,7.8860000000,7.8160000000,7.8531000000,53805.6320470000,422646.1170101732,422646.1170101732,1,SRM-USDT
2021-10-10 22:00:00,1633874400000,7.8514000000,7.8828000000,7.8387000000,7.8460000000,35721.3230920000,280727.4925478453,280727.4925478453,1,SRM-USDT
2021-10-10 23:00:00,1633878000000,7.8430000000,7.8795000000,7.8163000000,7.8709000000,37918.0200070000,297553.4625094684,297553.4625094684,1,SRM-USDT
2021-10-11 00:00:00,1633881600000,7.8726000000,7.8780000000,7.7959000000,7.8150000000,60687.7850940000,474808.3930603816,474808.3930603816,1,SRM-USDT
2021-10-11 01:00:00,1633885200000,7.8165000000,7.8165000000,7.6785000000,7.7360000000,172478.5177070000,1332369.0428222516,1332369.0428222516,1,SRM-USDT
2021-10-11 02:00:00,1633888800000,7.7260000000,7.7388000000,7.6838000000,7.7260000000,66313.2982430000,511521.9438278231,511521.9438278231,1,SRM-USDT
2021-10-11 03:00:00,1633892400000,7.7266000000,7.7592000000,7.7075000000,7.7087000000,50934.0838280000,394085.1131686921,394085.1131686921,1,SRM-USDT
2021-10-11 04:00:00,1633896000000,7.7060000000,7.7860000000,7.6583000000,7.6661000000,108038.0604360000,834761.6067635175,834761.6067635175,1,SRM-USDT
2021-10-11 05:00:00,1633899600000,7.6612000000,7.6623000000,7.4020000000,7.5292000000,313312.1106910000,2357222.5579429087,2357222.5579429087,1,SRM-USDT
2021-10-11 06:00:00,1633903200000,7.5288000000,7.5720000000,7.4740000000,7.5643000000,66512.0302370000,499359.5962242013,499359.5962242013,1,SRM-USDT
2021-10-11 07:00:00,1633906800000,7.5640000000,7.5885000000,7.4218000000,7.4540000000,90129.0670010000,676413.0950354713,676413.0950354713,1,SRM-USDT
2021-10-11 08:00:00,1633910400000,7.4519000000,7.5000000000,7.3335000000,7.4860000000,178444.3967780000,1325229.7250675517,1325229.7250675517,1,SRM-USDT
2021-10-11 09:00:00,1633914000000,7.4841000000,7.5763000000,7.4601000000,7.5420000000,79040.8852490000,596085.5312758650,596085.5312758650,1,SRM-USDT
2021-10-11 10:00:00,1633917600000,7.5400000000,7.5620000000,7.5180000000,7.5514000000,32155.8745420000,242373.5930143809,242373.5930143809,1,SRM-USDT
2021-10-11 11:00:00,1633921200000,7.5494000000,7.6301000000,7.5140000000,7.6280000000,149618.8633340000,1135968.8752885915,1135968.8752885915,1,SRM-USDT
2021-10-11 12:00:00,1633924800000,7.6271000000,7.6500000000,7.6009000000,7.6042000000,79541.1800620000,606970.4336213541,606970.4336213541,1,SRM-USDT
2021-10-11 13:00:00,1633928400000,7.6053000000,7.6178000000,7.5405000000,7.5644000000,71506.5219460000,541793.3737526356,541793.3737526356,1,SRM-USDT
2021-10-11 14:00:00,1633932000000,7.5679000000,7.5892000000,7.5582000000,7.5747000000,53706.9645280000,406756.3553371239,406756.3553371239,1,SRM-USDT
2021-10-11 15:00:00,1633935600000,7.5722000000,7.6644000000,7.5499000000,7.6639000000,70850.8111070000,539011.7876970868,539011.7876970868,1,SRM-USDT
2021-10-11 16:00:00,1633939200000,7.6630000000,7.7073000000,7.6295000000,7.6616000000,82871.3392230000,635894.5822671837,635894.5822671837,1,SRM-USDT
2021-10-11 17:00:00,1633942800000,7.6620000000,7.6760000000,7.6046000000,7.6294000000,42251.3390990000,322814.2853051451,322814.2853051451,1,SRM-USDT
2021-10-11 18:00:00,1633946400000,7.6320000000,7.6460000000,7.5180000000,7.5215000000,75947.2858530000,575963.9554040354,575963.9554040354,1,SRM-USDT
2021-10-11 19:00:00,1633950000000,7.5220000000,7.5475000000,7.4440000000,7.4944000000,88157.2986710000,660636.2801411097,660636.2801411097,1,SRM-USDT
2021-10-11 20:00:00,1633953600000,7.4979000000,7.5589000000,7.4820000000,7.5420000000,59070.5472750000,444166.8847725156,444166.8847725156,1,SRM-USDT
2021-10-11 21:00:00,1633957200000,7.5425000000,7.5720000000,7.4987000000,7.5396000000,52247.7604680000,393772.5524131860,393772.5524131860,1,SRM-USDT
2021-10-11 22:00:00,1633960800000,7.5420000000,7.5559000000,7.4814000000,7.5303000000,102209.6420010000,768538.4686620625,768538.4686620625,1,SRM-USDT
2021-10-11 23:00:00,1633964400000,7.5285000000,7.5629000000,7.4860000000,7.4956000000,46853.1524330000,352251.8290651044,352251.8290651044,1,SRM-USDT
2021-10-12 00:00:00,1633968000000,7.4989000000,7.5141000000,7.4443000000,7.4485000000,60705.0537290000,453972.4957727433,453972.4957727433,1,SRM-USDT
2021-10-12 01:00:00,1633971600000,7.4466000000,7.4750000000,7.3945000000,7.4195000000,55025.0262050000,409606.5099436780,409606.5099436780,1,SRM-USDT
2021-10-12 02:00:00,1633975200000,7.4211000000,7.4257000000,7.3436000000,7.3654000000,97157.7982100000,717395.9623665870,717395.9623665870,1,SRM-USDT
2021-10-12 03:00:00,1633978800000,7.3626000000,7.4007000000,7.2860000000,7.2929000000,152632.3561660000,1120659.3512833407,1120659.3512833407,1,SRM-USDT
2021-10-12 04:00:00,1633982400000,7.2882000000,7.3098000000,7.2154000000,7.2246000000,127883.0743230000,928177.2891727400,928177.2891727400,1,SRM-USDT
2021-10-12 05:00:00,1633986000000,7.2240000000,7.2956000000,7.2060000000,7.2880000000,52759.5711960000,382340.9194351217,382340.9194351217,1,SRM-USDT
2021-10-12 06:00:00,1633989600000,7.2860000000,7.3363000000,7.2655000000,7.3100000000,44228.2670960000,323311.8637765094,323311.8637765094,1,SRM-USDT
2021-10-12 07:00:00,1633993200000,7.3105000000,7.3478000000,7.2840000000,7.3420000000,39164.2697320000,286155.3537481757,286155.3537481757,1,SRM-USDT
2021-10-12 08:00:00,1633996800000,7.3400000000,7.3418000000,7.1420000000,7.2260000000,99505.2498250000,718797.7639020579,718797.7639020579,1,SRM-USDT
2021-10-12 09:00:00,1634000400000,7.2240000000,7.3143000000,7.1716000000,7.2825000000,57208.5490610000,414896.7185391702,414896.7185391702,1,SRM-USDT
2021-10-12 10:00:00,1634004000000,7.2820000000,7.2940000000,7.1483000000,7.2015000000,64420.4332850000,465318.3010007065,465318.3010007065,1,SRM-USDT
2021-10-12 11:00:00,1634007600000,7.1980000000,7.1988000000,7.0840000000,7.1506000000,95901.9401250000,685073.8291310839,685073.8291310839,1,SRM-USDT
2021-10-12 12:00:00,1634011200000,7.1500000000,7.2554000000,7.1261000000,7.2497000000,65161.9919840000,469990.1846636527,469990.1846636527,1,SRM-USDT
2021-10-12 13:00:00,1634014800000,7.2525000000,7.2820000000,7.1620000000,7.2720000000,79232.1944440000,572939.1356277264,572939.1356277264,1,SRM-USDT
2021-10-12 14:00:00,1634018400000,7.2739000000,7.2898000000,7.2040000000,7.2040000000,77946.0534350000,565005.8642506846,565005.8642506846,1,SRM-USDT
2021-10-12 15:00:00,1634022000000,7.2109000000,7.2848000000,7.1859000000,7.2720000000,65080.2392850000,471868.9646512970,471868.9646512970,1,SRM-USDT
2021-10-12 16:00:00,1634025600000,7.2719000000,7.2979000000,7.2186000000,7.2297000000,50812.2361210000,369524.7701477977,369524.7701477977,1,SRM-USDT
2021-10-12 17:00:00,1634029200000,7.2311000000,7.2311000000,7.0780000000,7.0924000000,130756.7990930000,934652.0749725584,934652.0749725584,1,SRM-USDT
2021-10-12 18:00:00,1634032800000,7.0969000000,7.1214000000,7.0351000000,7.1140000000,131825.2577910000,932003.8703805158,932003.8703805158,1,SRM-USDT
2021-10-12 19:00:00,1634036400000,7.1141000000,7.1881000000,7.0660000000,7.1430000000,77192.7838840000,549368.6424345318,549368.6424345318,1,SRM-USDT
2021-10-12 20:00:00,1634040000000,7.1442000000,7.1520000000,6.9837000000,7.0180000000,103023.1718790000,726875.3216638278,726875.3216638278,1,SRM-USDT
2021-10-12 21:00:00,1634043600000,7.0163000000,7.2240000000,7.0078000000,7.2200000000,212463.9491360000,1513251.6726435437,1513251.6726435437,1,SRM-USDT
2021-10-12 22:00:00,1634047200000,7.2180000000,7.2805000000,7.1200000000,7.1587000000,120380.0153120000,868382.0628638440,868382.0628638440,1,SRM-USDT
2021-10-12 23:00:00,1634050800000,7.1620000000,7.2188000000,7.0840000000,7.2067000000,111130.2512760000,795363.2436080425,795363.2436080425,1,SRM-USDT
2021-10-13 00:00:00,1634054400000,7.2040000000,7.4011000000,7.1618000000,7.3760000000,151075.1509850000,1099730.3650292873,1099730.3650292873,1,SRM-USDT
2021-10-13 01:00:00,1634058000000,7.3741000000,7.4328000000,7.2483000000,7.3423000000,266788.7677350000,1957155.2031101647,1957155.2031101647,1,SRM-USDT
2021-10-13 02:00:00,1634061600000,7.3400000000,7.3611000000,7.3001000000,7.3180000000,77712.4434300000,570120.1469916690,570120.1469916690,1,SRM-USDT
2021-10-13 03:00:00,1634065200000,7.3120000000,7.3992000000,7.3040000000,7.3200000000,92381.6804150000,679310.6354987139,679310.6354987139,1,SRM-USDT
2021-10-13 04:00:00,1634068800000,7.3180000000,7.3620000000,7.2363000000,7.3384000000,190975.5849780000,1394821.2610189803,1394821.2610189803,1,SRM-USDT
2021-10-13 05:00:00,1634072400000,7.3438000000,7.3790000000,7.3240000000,7.3427000000,77966.0802210000,573097.7172005411,573097.7172005411,1,SRM-USDT
2021-10-13 06:00:00,1634076000000,7.3385000000,7.4858000000,7.3279000000,7.4690000000,226087.6858360000,1677152.1466468896,1677152.1466468896,1,SRM-USDT
2021-10-13 07:00:00,1634079600000,7.4661000000,7.5040000000,7.4300000000,7.4980000000,187411.5882160000,1401702.3992141634,1401702.3992141634,1,SRM-USDT
2021-10-13 08:00:00,1634083200000,7.4981000000,7.5273000000,7.3900000000,7.5217000000,104540.8911940000,781861.4500954796,781861.4500954796,1,SRM-USDT
2021-10-13 09:00:00,1634086800000,7.5180000000,7.5618000000,7.4520000000,7.4620000000,91679.3412620000,688743.9254502009,688743.9254502009,1,SRM-USDT
2021-10-13 10:00:00,1634090400000,7.4607000000,7.5716000000,7.4500000000,7.5702000000,74976.1206970000,563282.6786625198,563282.6786625198,1,SRM-USDT
2021-10-13 11:00:00,1634094000000,7.5708000000,7.5719000000,7.4554000000,7.4768000000,78261.5178420000,587250.2905399243,587250.2905399243,1,SRM-USDT
2021-10-13 12:00:00,1634097600000,7.4751000000,7.5310000000,7.4560000000,7.5061000000,53376.0110510000,400374.2178313341,400374.2178313341,1,SRM-USDT
2021-10-13 13:00:00,1634101200000,7.5088000000,7.5620000000,7.3220000000,7.3220000000,228590.8466500000,1701967.9426315743,1701967.9426315743,1,SRM-USDT
2021-10-13 14:00:00,1634104800000,7.3180000000,7.3800000000,7.2855000000,7.3235000000,132306.4455360000,969518.6800591788,969518.6800591788,1,SRM-USDT
2021-10-13 15:00:00,1634108400000,7.3220000000,7.3500000000,7.2300000000,7.2435000000,86755.7299970000,631986.8605790790,631986.8605790790,1,SRM-USDT
2021-10-13 16:00:00,1634112000000,7.2429000000,7.3672000000,7.2342000000,7.2720000000,106199.7166020000,776070.5697174192,776070.5697174192,1,SRM-USDT
2021-10-13 17:00:00,1634115600000,7.2720000000,7.3425000000,7.2374000000,7.3254000000,79088.3008490000,576149.5982297958,576149.5982297958,1,SRM-USDT
2021-10-13 18:00:00,1634119200000,7.3230000000,7.3553000000,7.2640000000,7.2907000000,73816.8359880000,539932.2021339021,539932.2021339021,1,SRM-USDT
2021-10-13 19:00:00,1634122800000,7.2915000000,7.3560000000,7.2758000000,7.3332000000,48510.7667290000,354738.7846010814,354738.7846010814,1,SRM-USDT
2021-10-13 20:00:00,1634126400000,7.3323000000,7.3610000000,7.3134000000,7.3511000000,61255.6492620000,449655.8372989126,449655.8372989126,1,SRM-USDT
2021-10-13 21:00:00,1634130000000,7.3492000000,7.3697000000,7.2770000000,7.2941000000,70635.4518290000,517747.2660943891,517747.2660943891,1,SRM-USDT
2021-10-13 22:00:00,1634133600000,7.2940000000,7.3720000000,7.2480000000,7.3324000000,135586.6840720000,992871.0888168355,992871.0888168355,1,SRM-USDT
2021-10-13 23:00:00,1634137200000,7.3440000000,7.4100000000,7.3360000000,7.3641000000,94605.0570630000,697894.2497644030,697894.2497644030,1,SRM-USDT
2021-10-14 00:00:00,1634140800000,7.3657000000,7.3938000000,7.3413000000,7.3686000000,87288.8884410000,642933.9045723784,642933.9045723784,1,SRM-USDT
2021-10-14 01:00:00,1634144400000,7.3731000000,7.4452000000,7.3580000000,7.3981000000,59011.7301750000,436898.6202467954,436898.6202467954,1,SRM-USDT
2021-10-14 02:00:00,1634148000000,7.3991000000,7.4660000000,7.3722000000,7.3826000000,83956.8965470000,623676.5541122527,623676.5541122527,1,SRM-USDT
2021-10-14 03:00:00,1634151600000,7.3848000000,7.4316000000,7.3769000000,7.4250000000,70563.9076060000,522339.5195740326,522339.5195740326,1,SRM-USDT
2021-10-14 04:00:00,1634155200000,7.4280000000,7.4900000000,7.4020000000,7.4560000000,77189.4514160000,574850.2277363614,574850.2277363614,1,SRM-USDT
2021-10-14 05:00:00,1634158800000,7.4580000000,7.5346000000,7.4435000000,7.4862000000,61687.4092730000,462173.8373063016,462173.8373063016,1,SRM-USDT
2021-10-14 06:00:00,1634162400000,7.4896000000,7.5840000000,7.4896000000,7.5777000000,82715.0567190000,623278.3394594728,623278.3394594728,1,SRM-USDT
2021-10-14 07:00:00,1634166000000,7.5800000000,7.5894000000,7.5300000000,7.5623000000,69963.0305750000,528882.3781773802,528882.3781773802,1,SRM-USDT
2021-10-14 08:00:00,1634169600000,7.5627000000,7.6480000000,7.5060000000,7.5257000000,173374.0963250000,1316061.0971936430,1316061.0971936430,1,SRM-USDT
2021-10-14 09:00:00,1634173200000,7.5300000000,7.5720000000,7.5062000000,7.5642000000,89977.0771940000,678378.3622974666,678378.3622974666,1,SRM-USDT
2021-10-14 10:00:00,1634176800000,7.5680000000,7.5834000000,7.5280000000,7.5554000000,35160.5294770000,265882.2095902803,265882.2095902803,1,SRM-USDT
2021-10-14 11:00:00,1634180400000,7.5529000000,7.6039000000,7.5529000000,7.5782000000,44908.8425810000,340820.5047483246,340820.5047483246,1,SRM-USDT
2021-10-14 12:00:00,1634184000000,7.5801000000,7.6100000000,7.5564000000,7.5944000000,67256.2892260000,509760.1363976095,509760.1363976095,1,SRM-USDT
2021-10-14 13:00:00,1634187600000,7.5940000000,7.6398000000,7.5901000000,7.6360000000,64111.8452710000,488413.8137310564,488413.8137310564,1,SRM-USDT
2021-10-14 14:00:00,1634191200000,7.6340000000,7.6952000000,7.5940000000,7.6440000000,195157.7601360000,1492982.1590944296,1492982.1590944296,1,SRM-USDT
2021-10-14 15:00:00,1634194800000,7.6480000000,7.6840000000,7.5979000000,7.6000000000,87562.1456750000,669553.9979238987,669553.9979238987,1,SRM-USDT
2021-10-14 16:00:00,1634198400000,7.5987000000,7.7677000000,7.5987000000,7.7080000000,167962.7692780000,1293323.9565264217,1293323.9565264217,1,SRM-USDT
2021-10-14 17:00:00,1634202000000,7.7090000000,7.7337000000,7.6503000000,7.6960000000,74997.9552090000,577190.3889279111,577190.3889279111,1,SRM-USDT
2021-10-14 18:00:00,1634205600000,7.6950000000,7.7364000000,7.6706000000,7.7323000000,62925.9056490000,485141.3612068427,485141.3612068427,1,SRM-USDT
2021-10-14 19:00:00,1634209200000,7.7320000000,7.8745000000,7.7220000000,7.8400000000,136741.9314180000,1068222.5858324266,1068222.5858324266,1,SRM-USDT
2021-10-14 20:00:00,1634212800000,7.8380000000,7.8388000000,7.7488000000,7.7524000000,97562.8587590000,761067.6662673422,761067.6662673422,1,SRM-USDT
2021-10-14 21:00:00,1634216400000,7.7560000000,7.8186000000,7.7332000000,7.7660000000,65735.6165840000,511300.7000088731,511300.7000088731,1,SRM-USDT
2021-10-14 22:00:00,1634220000000,7.7671000000,7.8220000000,7.7140000000,7.7560000000,130970.8826610000,1016635.4022642126,1016635.4022642126,1,SRM-USDT
2021-10-14 23:00:00,1634223600000,7.7580000000,7.7958000000,7.6800000000,7.7100000000,111735.5207500000,863542.6985415766,863542.6985415766,1,SRM-USDT
2021-10-15 00:00:00,1634227200000,7.7120000000,7.7319000000,7.6080000000,7.6360000000,71593.8367860000,548279.3684011662,548279.3684011662,1,SRM-USDT
2021-10-15 01:00:00,1634230800000,7.6340000000,7.6760000000,7.6260000000,7.6540000000,59247.4079000000,454020.3422325965,454020.3422325965,1,SRM-USDT
2021-10-15 02:00:00,1634234400000,7.6521000000,7.6802000000,7.6062000000,7.6600000000,92165.6642060000,705069.0198446999,705069.0198446999,1,SRM-USDT
2021-10-15 03:00:00,1634238000000,7.6580000000,7.6794000000,7.5680000000,7.6376000000,50856.1788510000,387654.5752062588,387654.5752062588,1,SRM-USDT
2021-10-15 04:00:00,1634241600000,7.6340000000,7.6403000000,7.5740000000,7.5988000000,35558.6672680000,270041.9056171105,270041.9056171105,1,SRM-USDT
2021-10-15 05:00:00,1634245200000,7.6000000000,7.6559000000,7.6000000000,7.6500000000,41875.5087300000,319491.9137660409,319491.9137660409,1,SRM-USDT
2021-10-15 06:00:00,1634248800000,7.6496000000,7.6580000000,7.6099000000,7.6481000000,36455.8396260000,278388.9403873537,278388.9403873537,1,SRM-USDT
2021-10-15 07:00:00,1634252400000,7.6481000000,7.6680000000,7.6041000000,7.6400000000,36678.4216630000,280223.4446123580,280223.4446123580,1,SRM-USDT
2021-10-15 08:00:00,1634256000000,7.6417000000,7.6430000000,7.4423000000,7.4814000000,137809.4779910000,1035271.4248582023,1035271.4248582023,1,SRM-USDT
2021-10-15 09:00:00,1634259600000,7.4870000000,7.5109000000,7.4201000000,7.4624000000,34792.5424640000,259520.7595057473,259520.7595057473,1,SRM-USDT
2021-10-15 10:00:00,1634263200000,7.4603000000,7.5784000000,7.4261000000,7.5680000000,102731.7904360000,771219.7293989613,771219.7293989613,1,SRM-USDT
2021-10-15 11:00:00,1634266800000,7.5661000000,7.5797000000,7.5373000000,7.5540000000,67363.3623070000,509446.3867415554,509446.3867415554,1,SRM-USDT
2021-10-15 12:00:00,1634270400000,7.5560000000,8.0129000000,7.5560000000,7.9166000000,601079.6417580000,4721353.0056911167,4721353.0056911167,1,SRM-USDT
2021-10-15 13:00:00,1634274000000,7.9160000000,8.0007000000,7.8750000000,7.9772000000,235970.2138710000,1873119.9940293944,1873119.9940293944,1,SRM-USDT
2021-10-15 14:00:00,1634277600000,7.9758000000,8.1700000000,7.7110000000,7.7323000000,567760.8764350000,4492962.5591319725,4492962.5591319725,1,SRM-USDT
2021-10-15 15:00:00,1634281200000,7.7324000000,7.8360000000,7.6871000000,7.7180000000,235689.6387290000,1823905.7635714456,1823905.7635714456,1,SRM-USDT
2021-10-15 16:00:00,1634284800000,7.7200000000,7.7517000000,7.4432000000,7.4480000000,418679.0165970000,3170303.5984721580,3170303.5984721580,1,SRM-USDT
2021-10-15 17:00:00,1634288400000,7.4440000000,7.4602000000,7.3279000000,7.4435000000,240643.8184250000,1785491.6016168194,1785491.6016168194,1,SRM-USDT
2021-10-15 18:00:00,1634292000000,7.4423000000,7.4423000000,7.3580000000,7.4358000000,125963.5840400000,931990.9658858100,931990.9658858100,1,SRM-USDT
2021-10-15 19:00:00,1634295600000,7.4355000000,7.4917000000,7.4120000000,7.4360000000,82531.7869320000,613670.9697052207,613670.9697052207,1,SRM-USDT
2021-10-15 20:00:00,1634299200000,7.4340000000,7.4630000000,7.3936000000,7.3946000000,50344.1455090000,374101.5020132912,374101.5020132912,1,SRM-USDT
2021-10-15 21:00:00,1634302800000,7.3932000000,7.4612000000,7.3803000000,7.4260000000,121487.3664870000,900545.5644083705,900545.5644083705,1,SRM-USDT
2021-10-15 22:00:00,1634306400000,7.4244000000,7.4970000000,7.3960000000,7.4094000000,127589.1692090000,948944.4784571272,948944.4784571272,1,SRM-USDT
2021-10-15 23:00:00,1634310000000,7.4120000000,7.4540000000,7.3760000000,7.4093000000,105877.3151270000,784277.9357188584,784277.9357188584,1,SRM-USDT
2021-10-16 00:00:00,1634313600000,7.4095000000,7.4764000000,7.3624000000,7.4669000000,127387.2035830000,944593.1063912396,944593.1063912396,1,SRM-USDT
2021-10-16 01:00:00,1634317200000,7.4680000000,7.5448000000,7.4527000000,7.4994000000,151758.7036500000,1138196.7643755162,1138196.7643755162,1,SRM-USDT
2021-10-16 02:00:00,1634320800000,7.4991000000,7.5904000000,7.4991000000,7.5673000000,89614.6064730000,676241.4809849528,676241.4809849528,1,SRM-USDT
2021-10-16 03:00:00,1634324400000,7.5661000000,7.6520000000,7.5633000000,7.5742000000,113139.0002400000,860049.4722007642,860049.4722007642,1,SRM-USDT
2021-10-16 04:00:00,1634328000000,7.5720000000,7.6761000000,7.5353000000,7.6373000000,215569.0683390000,1638667.5864823067,1638667.5864823067,1,SRM-USDT
2021-10-16 05:00:00,1634331600000,7.6380000000,7.6550000000,7.4987000000,7.5014000000,104430.9675550000,791797.8921609252,791797.8921609252,1,SRM-USDT
2021-10-16 06:00:00,1634335200000,7.5020000000,7.5566000000,7.4665000000,7.4860000000,69961.1865530000,524887.4224035682,524887.4224035682,1,SRM-USDT
2021-10-16 07:00:00,1634338800000,7.4878000000,7.5158000000,7.4620000000,7.4892000000,99187.3952400000,741977.0984906162,741977.0984906162,1,SRM-USDT
2021-10-16 08:00:00,1634342400000,7.4889000000,7.5159000000,7.4343000000,7.4660000000,94682.9623640000,707155.9282354845,707155.9282354845,1,SRM-USDT
2021-10-16 09:00:00,1634346000000,7.4641000000,7.4820000000,7.3820000000,7.4214000000,169338.6781990000,1257297.2167958871,1257297.2167958871,1,SRM-USDT
2021-10-16 10:00:00,1634349600000,7.4214000000,7.4900000000,7.3940000000,7.4816000000,63977.9458000000,476535.6538990318,476535.6538990318,1,SRM-USDT
2021-10-16 11:00:00,1634353200000,7.4803000000,7.4820000000,7.3920000000,7.4120000000,89437.2727330000,664956.9717188403,664956.9717188403,1,SRM-USDT
2021-10-16 12:00:00,1634356800000,7.4118000000,7.4337000000,7.3900000000,7.4081000000,80018.5640900000,593190.4593735044,593190.4593735044,1,SRM-USDT
2021-10-16 13:00:00,1634360400000,7.4100000000,7.4700000000,7.4052000000,7.4421000000,81050.2047860000,603344.7529507949,603344.7529507949,1,SRM-USDT
2021-10-16 14:00:00,1634364000000,7.4420000000,7.4837000000,7.4359000000,7.4551000000,76743.2572510000,572161.0628471213,572161.0628471213,1,SRM-USDT
2021-10-16 15:00:00,1634367600000,7.4533000000,7.4540000000,7.4040000000,7.4451000000,119740.2339300000,889270.7558486640,889270.7558486640,1,SRM-USDT
2021-10-16 16:00:00,1634371200000,7.4423000000,7.5458000000,7.4320000000,7.5402000000,118416.1162290000,887287.9485424309,887287.9485424309,1,SRM-USDT
2021-10-16 17:00:00,1634374800000,7.5411000000,7.5780000000,7.4907000000,7.5339000000,97788.5266650000,736980.9972109760,736980.9972109760,1,SRM-USDT
2021-10-16 18:00:00,1634378400000,7.5373000000,7.5752000000,7.5181000000,7.5307000000,77910.2536830000,588645.5799564956,588645.5799564956,1,SRM-USDT
2021-10-16 19:00:00,1634382000000,7.5311000000,7.5929000000,7.5048000000,7.5520000000,124653.0453300000,942028.7316778993,942028.7316778993,1,SRM-USDT
2021-10-16 20:00:00,1634385600000,7.5524000000,7.5723000000,7.3215000000,7.3381000000,318521.3360980000,2358940.5355718620,2358940.5355718620,1,SRM-USDT
2021-10-16 21:00:00,1634389200000,7.3364000000,7.4476000000,7.3279000000,7.4403000000,121077.7597350000,894096.1497148196,894096.1497148196,1,SRM-USDT
2021-10-16 22:00:00,1634392800000,7.4400000000,7.4453000000,7.3700000000,7.3838000000,79439.7189210000,588487.3830373702,588487.3830373702,1,SRM-USDT
2021-10-16 23:00:00,1634396400000,7.3819000000,7.3999000000,7.3496000000,7.3884000000,55720.3778440000,411100.3825293755,411100.3825293755,1,SRM-USDT
2021-10-17 00:00:00,1634400000000,7.3909000000,7.4230000000,7.3641000000,7.4051000000,43006.0100970000,317881.5316354269,317881.5316354269,1,SRM-USDT
2021-10-17 01:00:00,1634403600000,7.4053000000,7.4053000000,7.3053000000,7.3550000000,79231.6481730000,581767.3686465200,581767.3686465200,1,SRM-USDT
2021-10-17 02:00:00,1634407200000,7.3569000000,7.3843000000,7.3362000000,7.3486000000,39831.5968360000,293153.8015474683,293153.8015474683,1,SRM-USDT
2021-10-17 03:00:00,1634410800000,7.3483000000,7.3696000000,7.3136000000,7.3230000000,49975.3243820000,366751.7018728854,366751.7018728854,1,SRM-USDT
2021-10-17 04:00:00,1634414400000,7.3235000000,7.3481000000,7.2843000000,7.3384000000,75500.8827490000,552473.6111522065,552473.6111522065,1,SRM-USDT
2021-10-17 05:00:00,1634418000000,7.3427000000,7.3492000000,7.2918000000,7.2927000000,36555.6579680000,267824.1563775268,267824.1563775268,1,SRM-USDT
2021-10-17 06:00:00,1634421600000,7.2914000000,7.3352000000,7.2774000000,7.3236000000,47391.2216810000,346035.4538930588,346035.4538930588,1,SRM-USDT
2021-10-17 07:00:00,1634425200000,7.3285000000,7.3471000000,7.3008000000,7.3076000000,55906.5450760000,409432.4935063481,409432.4935063481,1,SRM-USDT
2021-10-17 08:00:00,1634428800000,7.3073000000,7.3257000000,7.2428000000,7.3052000000,103071.9000590000,750687.8013895780,750687.8013895780,1,SRM-USDT
2021-10-17 09:00:00,1634432400000,7.3041000000,7.3622000000,7.2942000000,7.3514000000,42965.1887190000,315433.3476868924,315433.3476868924,1,SRM-USDT
2021-10-17 10:00:00,1634436000000,7.3543000000,7.3654000000,7.3134000000,7.3355000000,35451.3152810000,260107.2792385207,260107.2792385207,1,SRM-USDT
2021-10-17 11:00:00,1634439600000,7.3345000000,7.3640000000,7.3221000000,7.3545000000,34442.4896440000,252832.0657785823,252832.0657785823,1,SRM-USDT
2021-10-17 12:00:00,1634443200000,7.3571000000,7.3917000000,7.3279000000,7.3320000000,54845.4159020000,403999.2470764238,403999.2470764238,1,SRM-USDT
2021-10-17 13:00:00,1634446800000,7.3305000000,7.3394000000,7.2962000000,7.3088000000,50868.3246100000,371936.4627267733,371936.4627267733,1,SRM-USDT
2021-10-17 14:00:00,1634450400000,7.3112000000,7.3738000000,7.3105000000,7.3307000000,60326.7541900000,442881.4982222423,442881.4982222423,1,SRM-USDT
2021-10-17 15:00:00,1634454000000,7.3387000000,7.4000000000,7.3094000000,7.3094000000,62496.3736630000,459831.2226445113,459831.2226445113,1,SRM-USDT
2021-10-17 16:00:00,1634457600000,7.3113000000,7.4145000000,7.3092000000,7.3630000000,127481.6366550000,941203.0526928843,941203.0526928843,1,SRM-USDT
2021-10-17 17:00:00,1634461200000,7.3643000000,7.4005000000,7.3478000000,7.3749000000,107207.9015660000,790591.8870976698,790591.8870976698,1,SRM-USDT
2021-10-17 18:00:00,1634464800000,7.3743000000,7.3774000000,7.3308000000,7.3488000000,64990.4112860000,477709.5306009834,477709.5306009834,1,SRM-USDT
2021-10-17 19:00:00,1634468400000,7.3519000000,7.3625000000,7.3062000000,7.3127000000,62874.0817630000,460666.3361436367,460666.3361436367,1,SRM-USDT
2021-10-17 20:00:00,1634472000000,7.3125000000,7.3279000000,7.2905000000,7.3217000000,55933.2803950000,408760.0403106776,408760.0403106776,1,SRM-USDT
2021-10-17 21:00:00,1634475600000,7.3234000000,7.3483000000,7.2988000000,7.3322000000,46623.3576510000,341350.7485709680,341350.7485709680,1,SRM-USDT
2021-10-17 22:00:00,1634479200000,7.3342000000,7.3379000000,7.2792000000,7.3123000000,47594.0463850000,347880.9063492997,347880.9063492997,1,SRM-USDT
2021-10-17 23:00:00,1634482800000,7.3093000000,7.3192000000,7.1133000000,7.1334000000,272058.2480910000,1952018.4031403048,1952018.4031403048,1,SRM-USDT
2021-10-18 00:00:00,1634486400000,7.1303000000,7.1755000000,7.1253000000,7.1450000000,116163.5694010000,830396.6741849642,830396.6741849642,1,SRM-USDT
2021-10-18 01:00:00,1634490000000,7.1416000000,7.1679000000,7.1397000000,7.1679000000,50927.4115310000,364273.4660503839,364273.4660503839,1,SRM-USDT
2021-10-18 02:00:00,1634493600000,7.1654000000,7.2062000000,7.1599000000,7.2042000000,58035.7737630000,417096.5006521638,417096.5006521638,1,SRM-USDT
2021-10-18 03:00:00,1634497200000,7.2034000000,7.2034000000,7.0800000000,7.1364000000,67870.7529450000,483803.8796629227,483803.8796629227,1,SRM-USDT
2021-10-18 04:00:00,1634500800000,7.1350000000,7.1350000000,6.8893000000,6.9649000000,244964.1837730000,1714944.2104874901,1714944.2104874901,1,SRM-USDT
2021-10-18 05:00:00,1634504400000,6.9660000000,7.0872000000,6.9503000000,7.0835000000,87197.3052010000,612123.4307933933,612123.4307933933,1,SRM-USDT
2021-10-18 06:00:00,1634508000000,7.0817000000,7.1619000000,7.0774000000,7.1537000000,110280.8257360000,785986.0699040659,785986.0699040659,1,SRM-USDT
2021-10-18 07:00:00,1634511600000,7.1511000000,7.1921000000,7.1268000000,7.1698000000,84197.3806190000,602504.0178167629,602504.0178167629,1,SRM-USDT
2021-10-18 08:00:00,1634515200000,7.1731000000,7.2751000000,7.1603000000,7.2080000000,139144.7022870000,1005077.7729434620,1005077.7729434620,1,SRM-USDT
2021-10-18 09:00:00,1634518800000,7.2077000000,7.2410000000,7.1764000000,7.1968000000,80377.4437910000,579516.0459921755,579516.0459921755,1,SRM-USDT
2021-10-18 10:00:00,1634522400000,7.1997000000,7.2267000000,7.1522000000,7.1613000000,49356.6971920000,354482.7649420477,354482.7649420477,1,SRM-USDT
2021-10-18 11:00:00,1634526000000,7.1576000000,7.1640000000,7.0945000000,7.1257000000,51254.2161230000,365654.2132358351,365654.2132358351,1,SRM-USDT
2021-10-18 12:00:00,1634529600000,7.1239000000,7.1548000000,7.1034000000,7.1444000000,95110.2373990000,677494.5440226645,677494.5440226645,1,SRM-USDT
2021-10-18 13:00:00,1634533200000,7.1501000000,7.1583000000,7.1128000000,7.1500000000,46495.0952950000,331680.2822813206,331680.2822813206,1,SRM-USDT
2021-10-18 14:00:00,1634536800000,7.1472000000,7.1640000000,7.1039000000,7.1273000000,56036.6706270000,399575.7027019998,399575.7027019998,1,SRM-USDT
2021-10-18 15:00:00,1634540400000,7.1268000000,7.1824000000,7.0923000000,7.1044000000,81999.4306690000,585963.2282677548,585963.2282677548,1,SRM-USDT
2021-10-18 16:00:00,1634544000000,7.1028000000,7.1372000000,7.0600000000,7.0720000000,110817.5655200000,785923.1824540023,785923.1824540023,1,SRM-USDT
2021-10-18 17:00:00,1634547600000,7.0700000000,7.1140000000,6.9940000000,7.0440000000,113799.5111060000,802766.3444341539,802766.3444341539,1,SRM-USDT
2021-10-18 18:00:00,1634551200000,7.0423000000,7.0680000000,6.9810000000,7.0466000000,83993.4949490000,590110.4020527391,590110.4020527391,1,SRM-USDT
2021-10-18 19:00:00,1634554800000,7.0460000000,7.0545000000,6.9540000000,7.0000000000,89063.5056090000,624295.6429767977,624295.6429767977,1,SRM-USDT
2021-10-18 20:00:00,1634558400000,7.0014000000,7.0334000000,6.9662000000,6.9986000000,89875.4551480000,629165.4844953388,629165.4844953388,1,SRM-USDT
2021-10-18 21:00:00,1634562000000,6.9960000000,7.0954000000,6.9220000000,7.0855000000,160597.3301270000,1123855.6486097858,1123855.6486097858,1,SRM-USDT
2021-10-18 22:00:00,1634565600000,7.0880000000,7.1038000000,6.9740000000,6.9880000000,182256.6911650000,1281372.1936975154,1281372.1936975154,1,SRM-USDT
2021-10-18 23:00:00,1634569200000,6.9888000000,6.9956000000,6.9260000000,6.9602000000,109898.0171920000,765027.1079044797,765027.1079044797,1,SRM-USDT
2021-10-19 00:00:00,1634572800000,6.9609000000,6.9866000000,6.9140000000,6.9609000000,127372.4194980000,886451.2776708592,886451.2776708592,1,SRM-USDT
2021-10-19 01:00:00,1634576400000,6.9600000000,6.9989000000,6.9353000000,6.9367000000,69629.2115880000,485001.6240903767,485001.6240903767,1,SRM-USDT
2021-10-19 02:00:00,1634580000000,6.9340000000,7.0194000000,6.9280000000,6.9980000000,47642.2805790000,332617.1062700300,332617.1062700300,1,SRM-USDT
2021-10-19 03:00:00,1634583600000,6.9965000000,7.0344000000,6.9510000000,7.0198000000,72832.0829080000,508940.8043132367,508940.8043132367,1,SRM-USDT
2021-10-19 04:00:00,1634587200000,7.0170000000,7.0460000000,6.9922000000,7.0022000000,45246.8443330000,317631.8408769291,317631.8408769291,1,SRM-USDT
2021-10-19 05:00:00,1634590800000,7.0027000000,7.0295000000,6.9948000000,6.9995000000,36100.6330550000,253109.7325493987,253109.7325493987,1,SRM-USDT
2021-10-19 06:00:00,1634594400000,6.9993000000,7.0133000000,6.9453000000,7.0000000000,39256.7577570000,273718.6086097888,273718.6086097888,1,SRM-USDT
2021-10-19 07:00:00,1634598000000,7.0020000000,7.0254000000,6.9883000000,7.0080000000,28353.3239840000,198621.4422765086,198621.4422765086,1,SRM-USDT
2021-10-19 08:00:00,1634601600000,7.0097000000,7.0440000000,6.9700000000,6.9840000000,49931.8116900000,350100.5805531370,350100.5805531370,1,SRM-USDT
2021-10-19 09:00:00,1634605200000,6.9860000000,7.0420000000,6.9800000000,7.0335000000,44668.5821090000,313396.1239833936,313396.1239833936,1,SRM-USDT
2021-10-19 10:00:00,1634608800000,7.0360000000,7.0428000000,7.0179000000,7.0362000000,42638.5343450000,299895.8100538297,299895.8100538297,1,SRM-USDT
2021-10-19 11:00:00,1634612400000,7.0380000000,7.1139000000,7.0308000000,7.1046000000,78034.8684200000,552226.8962103289,552226.8962103289,1,SRM-USDT
2021-10-19 12:00:00,1634616000000,7.1060000000,7.1366000000,7.0840000000,7.0845000000,60879.5353600000,433237.8792910660,433237.8792910660,1,SRM-USDT
2021-10-19 13:00:00,1634619600000,7.0878000000,7.1255000000,7.0721000000,7.1120000000,42012.6203460000,298109.5690126076,298109.5690126076,1,SRM-USDT
2021-10-19 14:00:00,1634623200000,7.1101000000,7.1280000000,7.0417000000,7.0460000000,45414.5568630000,321487.0022637232,321487.0022637232,1,SRM-USDT
2021-10-19 15:00:00,1634626800000,7.0480000000,7.0898000000,7.0286000000,7.0732000000,44875.6985630000,316717.8095917523,316717.8095917523,1,SRM-USDT
2021-10-19 16:00:00,1634630400000,7.0725000000,7.0867000000,7.0015000000,7.0760000000,89505.1552760000,630975.1843156239,630975.1843156239,1,SRM-USDT
2021-10-19 17:00:00,1634634000000,7.0740000000,7.0779000000,7.0260000000,7.0657000000,55579.2798570000,391968.4562220464,391968.4562220464,1,SRM-USDT
2021-10-19 18:00:00,1634637600000,7.0630000000,7.0886000000,7.0488000000,7.0704000000,93552.8470380000,661295.6676607186,661295.6676607186,1,SRM-USDT
2021-10-19 19:00:00,1634641200000,7.0707000000,7.1440000000,7.0672000000,7.1220000000,73651.5598770000,523890.5029937686,523890.5029937686,1,SRM-USDT
2021-10-19 20:00:00,1634644800000,7.1200000000,7.1498000000,7.0940000000,7.1061000000,78816.6914730000,561278.5184830695,561278.5184830695,1,SRM-USDT
2021-10-19 21:00:00,1634648400000,7.1067000000,7.1340000000,7.0368000000,7.0400000000,97711.6865950000,692340.1455395340,692340.1455395340,1,SRM-USDT
2021-10-19 22:00:00,1634652000000,7.0404000000,7.0570000000,6.9440000000,7.0282000000,120836.6780470000,845417.6194081596,845417.6194081596,1,SRM-USDT
2021-10-19 23:00:00,1634655600000,7.0290000000,7.0417000000,6.9931000000,6.9931000000,56844.4758040000,399192.4290454998,399192.4290454998,1,SRM-USDT
2021-10-20 00:00:00,1634659200000,6.9948000000,7.0284000000,6.9780000000,7.0102000000,60366.5775590000,422703.6194701615,422703.6194701615,1,SRM-USDT
2021-10-20 01:00:00,1634662800000,7.0105000000,7.0360000000,7.0022000000,7.0231000000,93259.9487820000,654401.6847898846,654401.6847898846,1,SRM-USDT
2021-10-20 02:00:00,1634666400000,7.0238000000,7.0400000000,6.9905000000,7.0060000000,56295.7583160000,394705.1476563032,394705.1476563032,1,SRM-USDT
2021-10-20 03:00:00,1634670000000,7.0071000000,7.0321000000,6.9703000000,6.9780000000,61922.6530500000,434081.2761560811,434081.2761560811,1,SRM-USDT
2021-10-20 04:00:00,1634673600000,6.9760000000,7.0860000000,6.9483000000,6.9757000000,113665.8609480000,797115.6999733534,797115.6999733534,1,SRM-USDT
2021-10-20 05:00:00,1634677200000,6.9780000000,7.0398000000,6.9673000000,7.0120000000,53574.7956130000,375300.6011152811,375300.6011152811,1,SRM-USDT
2021-10-20 06:00:00,1634680800000,7.0100000000,7.1000000000,7.0080000000,7.0960000000,78816.0901250000,556925.0407562890,556925.0407562890,1,SRM-USDT
2021-10-20 07:00:00,1634684400000,7.0955000000,7.1680000000,7.0874000000,7.1069000000,107135.9168170000,762711.2647352325,762711.2647352325,1,SRM-USDT
2021-10-20 08:00:00,1634688000000,7.1081000000,7.1189000000,7.0311000000,7.0320000000,101264.0370260000,716628.9250521797,716628.9250521797,1,SRM-USDT
2021-10-20 09:00:00,1634691600000,7.0336000000,7.0740000000,7.0144000000,7.0326000000,63139.3761250000,444939.9106672296,444939.9106672296,1,SRM-USDT
2021-10-20 10:00:00,1634695200000,7.0340000000,7.0451000000,7.0020000000,7.0181000000,44974.0484050000,315672.0729122636,315672.0729122636,1,SRM-USDT
2021-10-20 11:00:00,1634698800000,7.0220000000,7.0394000000,7.0100000000,7.0244000000,36816.6515020000,258632.2860328748,258632.2860328748,1,SRM-USDT
2021-10-20 12:00:00,1634702400000,7.0221000000,7.0562000000,7.0120000000,7.0371000000,48652.2353130000,342294.9696905303,342294.9696905303,1,SRM-USDT
2021-10-20 13:00:00,1634706000000,7.0380000000,7.0629000000,7.0222000000,7.0449000000,48560.1959170000,341973.1990898231,341973.1990898231,1,SRM-USDT
2021-10-20 14:00:00,1634709600000,7.0449000000,7.0765000000,7.0380000000,7.0580000000,66124.8605720000,466597.2048530702,466597.2048530702,1,SRM-USDT
2021-10-20 15:00:00,1634713200000,7.0574000000,7.1140000000,7.0542000000,7.0960000000,63535.1748460000,450361.4144211450,450361.4144211450,1,SRM-USDT
2021-10-20 16:00:00,1634716800000,7.0965000000,7.2939000000,7.0943000000,7.2557000000,462192.1726130000,3342916.1857091123,3342916.1857091123,1,SRM-USDT
2021-10-20 17:00:00,1634720400000,7.2523000000,7.3908000000,7.2300000000,7.2997000000,248130.1387480000,1812536.8331791423,1812536.8331791423,1,SRM-USDT
2021-10-20 18:00:00,1634724000000,7.3000000000,7.3278000000,7.2015000000,7.2641000000,132637.3108210000,963912.9394238566,963912.9394238566,1,SRM-USDT
2021-10-20 19:00:00,1634727600000,7.2640000000,7.2861000000,7.2230000000,7.2749000000,83716.8262640000,606683.0532621295,606683.0532621295,1,SRM-USDT
2021-10-20 20:00:00,1634731200000,7.2780000000,7.3683000000,7.2680000000,7.3620000000,145238.5485090000,1062891.1188829399,1062891.1188829399,1,SRM-USDT
2021-10-20 21:00:00,1634734800000,7.3640000000,7.4205000000,7.2940000000,7.3250000000,338789.7023170000,2490873.9916667626,2490873.9916667626,1,SRM-USDT
2021-10-20 22:00:00,1634738400000,7.3280000000,7.4557000000,7.3057000000,7.3925000000,212687.3592640000,1571571.9932353301,1571571.9932353301,1,SRM-USDT
2021-10-20 23:00:00,1634742000000,7.3960000000,7.4760000000,7.3820000000,7.4753000000,289333.1491330000,2152899.3941450883,2152899.3941450883,1,SRM-USDT
2021-10-21 00:00:00,1634745600000,7.4750000000,7.5906000000,7.4418000000,7.5880000000,282043.6278570000,2120650.2258155416,2120650.2258155416,1,SRM-USDT
2021-10-21 01:00:00,1634749200000,7.5885000000,7.5983000000,7.4517000000,7.5056000000,163758.1122260000,1232608.4033564106,1232608.4033564106,1,SRM-USDT
2021-10-21 02:00:00,1634752800000,7.5035000000,7.5920000000,7.4979000000,7.5751000000,83836.5884520000,633091.2496754488,633091.2496754488,1,SRM-USDT
2021-10-21 03:00:00,1634756400000,7.5730000000,7.6280000000,7.5620000000,7.5680000000,146507.6750440000,1112199.2918489850,1112199.2918489850,1,SRM-USDT
2021-10-21 04:00:00,1634760000000,7.5670000000,7.5940000000,7.4580000000,7.5420000000,131129.1295170000,986294.4233516022,986294.4233516022,1,SRM-USDT
2021-10-21 05:00:00,1634763600000,7.5438000000,7.5879000000,7.5164000000,7.5520000000,64486.9864430000,486923.0911784934,486923.0911784934,1,SRM-USDT
2021-10-21 06:00:00,1634767200000,7.5500000000,7.5625000000,7.5079000000,7.5365000000,89657.3778420000,675541.0012066771,675541.0012066771,1,SRM-USDT
2021-10-21 07:00:00,1634770800000,7.5384000000,7.6074000000,7.5148000000,7.6074000000,103670.2716600000,784491.8426600843,784491.8426600843,1,SRM-USDT
2021-10-21 08:00:00,1634774400000,7.6078000000,7.8220000000,7.5690000000,7.7871000000,430413.4698900000,3318857.9790453995,3318857.9790453995,1,SRM-USDT
2021-10-21 09:00:00,1634778000000,7.7860000000,7.8319000000,7.6186000000,7.6751000000,336996.5749360000,2615528.8388636680,2615528.8388636680,1,SRM-USDT
2021-10-21 10:00:00,1634781600000,7.6760000000,7.7003000000,7.5481000000,7.6400000000,267860.1016680000,2040100.9417109897,2040100.9417109897,1,SRM-USDT
2021-10-21 11:00:00,1634785200000,7.6399000000,7.6440000000,7.5326000000,7.5757000000,119727.6864290000,907652.8560251396,907652.8560251396,1,SRM-USDT
2021-10-21 12:00:00,1634788800000,7.5771000000,7.5800000000,7.4744000000,7.5483000000,62383.2132430000,470860.0596014090,470860.0596014090,1,SRM-USDT
2021-10-21 13:00:00,1634792400000,7.5497000000,7.5739000000,7.5184000000,7.5460000000,106837.6489760000,806718.3129792338,806718.3129792338,1,SRM-USDT
2021-10-21 14:00:00,1634796000000,7.5480000000,7.5709000000,7.4188000000,7.4960000000,134221.5959640000,1006380.1672626808,1006380.1672626808,1,SRM-USDT
2021-10-21 15:00:00,1634799600000,7.4951000000,7.6060000000,7.4603000000,7.5946000000,134908.1800190000,1018285.3324321104,1018285.3324321104,1,SRM-USDT
2021-10-21 16:00:00,1634803200000,7.5960000000,7.7572000000,7.5940000000,7.7486000000,198819.4450660000,1525630.1841970079,1525630.1841970079,1,SRM-USDT
2021-10-21 17:00:00,1634806800000,7.7480000000,7.8202000000,7.7419000000,7.7909000000,245974.5306520000,1913402.7429023625,1913402.7429023625,1,SRM-USDT
2021-10-21 18:00:00,1634810400000,7.7885000000,7.8655000000,7.7601000000,7.8177000000,178320.0064500000,1393648.4553887767,1393648.4553887767,1,SRM-USDT
2021-10-21 19:00:00,1634814000000,7.8172000000,7.8399000000,7.5060000000,7.5511000000,376937.5612970000,2894248.8221183722,2894248.8221183722,1,SRM-USDT
2021-10-21 20:00:00,1634817600000,7.5504000000,7.6478000000,7.4412000000,7.6343000000,221238.7563000000,1672238.2697237798,1672238.2697237798,1,SRM-USDT
2021-10-21 21:00:00,1634821200000,7.6360000000,7.7499000000,7.5402000000,7.6910000000,190810.4098720000,1463425.4501773808,1463425.4501773808,1,SRM-USDT
2021-10-21 22:00:00,1634824800000,7.6899000000,7.7360000000,7.4577000000,7.4722000000,351823.4540410000,2670015.6807592567,2670015.6807592567,1,SRM-USDT
2021-10-21 23:00:00,1634828400000,7.4735000000,7.5240000000,7.2743000000,7.3900000000,357397.1359880000,2637824.3338323510,2637824.3338323510,1,SRM-USDT
2021-10-22 00:00:00,1634832000000,7.3888000000,7.4599000000,7.3560000000,7.3780000000,133234.1357310000,989248.5816929592,989248.5816929592,1,SRM-USDT
2021-10-22 01:00:00,1634835600000,7.3769000000,7.4360000000,7.3220000000,7.3230000000,56289.4281880000,415760.0020092303,415760.0020092303,1,SRM-USDT
2021-10-22 02:00:00,1634839200000,7.3260000000,7.4375000000,7.3237000000,7.3922000000,87070.6797970000,644183.3157772853,644183.3157772853,1,SRM-USDT
2021-10-22 03:00:00,1634842800000,7.3900000000,7.4711000000,7.3134000000,7.3297000000,148478.6826840000,1099600.5453835190,1099600.5453835190,1,SRM-USDT
2021-10-22 04:00:00,1634846400000,7.3292000000,7.3558000000,7.2681000000,7.3278000000,123391.3981180000,901389.1017765760,901389.1017765760,1,SRM-USDT
2021-10-22 05:00:00,1634850000000,7.3280000000,7.4029000000,7.3247000000,7.3860000000,53102.7058630000,391368.1901019041,391368.1901019041,1,SRM-USDT
2021-10-22 06:00:00,1634853600000,7.3869000000,7.4278000000,7.3064000000,7.3140000000,45321.0131220000,334528.3060598463,334528.3060598463,1,SRM-USDT
2021-10-22 07:00:00,1634857200000,7.3120000000,7.3875000000,7.3000000000,7.3760000000,76017.1313550000,559146.3226981483,559146.3226981483,1,SRM-USDT
2021-10-22 08:00:00,1634860800000,7.3770000000,7.6646000000,7.3425000000,7.6500000000,313046.2744930000,2354351.4777580174,2354351.4777580174,1,SRM-USDT
2021-10-22 09:00:00,1634864400000,7.6520000000,7.7299000000,7.6272000000,7.6316000000,226195.6219780000,1737859.1451664935,1737859.1451664935,1,SRM-USDT
2021-10-22 10:00:00,1634868000000,7.6304000000,7.7179000000,7.6122000000,7.6700000000,182028.3331480000,1396566.1999604334,1396566.1999604334,1,SRM-USDT
2021-10-22 11:00:00,1634871600000,7.6720000000,7.8950000000,7.6720000000,7.8700000000,315402.7749330000,2465870.5834234520,2465870.5834234520,1,SRM-USDT
2021-10-22 12:00:00,1634875200000,7.8720000000,7.8864000000,7.7080000000,7.7566000000,197883.4301080000,1541104.5006235854,1541104.5006235854,1,SRM-USDT
2021-10-22 13:00:00,1634878800000,7.7563000000,7.9380000000,7.7290000000,7.8881000000,319417.1354520000,2509045.1465634657,2509045.1465634657,1,SRM-USDT
2021-10-22 14:00:00,1634882400000,7.8883000000,7.8920000000,7.6930000000,7.7396000000,170883.5335600000,1328350.6835237818,1328350.6835237818,1,SRM-USDT
2021-10-22 15:00:00,1634886000000,7.7360000000,7.7846000000,7.7045000000,7.7465000000,131727.4323980000,1019613.5260511598,1019613.5260511598,1,SRM-USDT
2021-10-22 16:00:00,1634889600000,7.7481000000,8.0180000000,7.7101000000,7.9385000000,712784.9741760000,5630597.8949056268,5630597.8949056268,1,SRM-USDT
2021-10-22 17:00:00,1634893200000,7.9420000000,8.0842000000,7.9200000000,8.0348000000,409180.5827200000,3277385.4181201998,3277385.4181201998,1,SRM-USDT
2021-10-22 18:00:00,1634896800000,8.0368000000,8.1466000000,8.0274000000,8.0947000000,594690.2017910000,4809719.0371251432,4809719.0371251432,1,SRM-USDT
2021-10-22 19:00:00,1634900400000,8.0932000000,8.1631000000,8.0472000000,8.1199000000,336965.1840420000,2731435.1548270490,2731435.1548270490,1,SRM-USDT
2021-10-22 20:00:00,1634904000000,8.1208000000,8.1852000000,8.0089000000,8.1845000000,407750.1616160000,3298708.4264465319,3298708.4264465319,1,SRM-USDT
2021-10-22 21:00:00,1634907600000,8.1849000000,8.1855000000,7.9081000000,7.9516000000,575411.0809190000,4651604.7957628425,4651604.7957628425,1,SRM-USDT
2021-10-22 22:00:00,1634911200000,7.9480000000,8.0133000000,7.7601000000,8.0102000000,654537.4132020000,5147387.5653453534,5147387.5653453534,1,SRM-USDT
2021-10-22 23:00:00,1634914800000,8.0102000000,8.1349000000,7.8704000000,7.9000000000,537647.6458050000,4285186.2247763677,4285186.2247763677,1,SRM-USDT
2021-10-23 00:00:00,1634918400000,7.8998000000,8.0083000000,7.7218000000,7.9579000000,824811.5055780000,6491900.9900744492,6491900.9900744492,1,SRM-USDT
2021-10-23 01:00:00,1634922000000,7.9560000000,7.9677000000,7.8065000000,7.8065000000,156817.6215730000,1234498.5674375461,1234498.5674375461,1,SRM-USDT
2021-10-23 02:00:00,1634925600000,7.8080000000,7.9566000000,7.7935000000,7.9160000000,103874.1662710000,817472.3021900021,817472.3021900021,1,SRM-USDT
2021-10-23 03:00:00,1634929200000,7.9140000000,7.9360000000,7.8269000000,7.9340000000,118573.1987160000,934772.9379152280,934772.9379152280,1,SRM-USDT
2021-10-23 04:00:00,1634932800000,7.9348000000,7.9734000000,7.8910000000,7.9000000000,91662.1438150000,727817.9007773005,727817.9007773005,1,SRM-USDT
2021-10-23 05:00:00,1634936400000,7.8980000000,7.9320000000,7.7780000000,7.7896000000,98069.8183250000,769492.5871700404,769492.5871700404,1,SRM-USDT
2021-10-23 06:00:00,1634940000000,7.7880000000,7.9656000000,7.7600000000,7.9655000000,148011.7746180000,1164109.9446232840,1164109.9446232840,1,SRM-USDT
2021-10-23 07:00:00,1634943600000,7.9636000000,7.9999000000,7.9098000000,7.9474000000,106373.7537680000,847329.6190055469,847329.6190055469,1,SRM-USDT
2021-10-23 08:00:00,1634947200000,7.9473000000,7.9751000000,7.7460000000,7.8610000000,202159.6608690000,1583182.3937346968,1583182.3937346968,1,SRM-USDT
2021-10-23 09:00:00,1634950800000,7.8605000000,7.8941000000,7.7815000000,7.8837000000,218360.4371520000,1711188.1220638033,1711188.1220638033,1,SRM-USDT
2021-10-23 10:00:00,1634954400000,7.8860000000,7.9923000000,7.8804000000,7.9723000000,118233.6086530000,939070.5879649672,939070.5879649672,1,SRM-USDT
2021-10-23 11:00:00,1634958000000,7.9704000000,8.0930000000,7.9695000000,8.0366000000,188279.4167390000,1512489.8113284593,1512489.8113284593,1,SRM-USDT
2021-10-23 12:00:00,1634961600000,8.0402000000,8.1166000000,8.0000000000,8.0173000000,167054.9242680000,1346991.4456871881,1346991.4456871881,1,SRM-USDT
2021-10-23 13:00:00,1634965200000,8.0205000000,8.0381000000,7.9188000000,7.9200000000,112751.6797050000,898710.8998866959,898710.8998866959,1,SRM-USDT
2021-10-23 14:00:00,1634968800000,7.9199000000,7.9459000000,7.8749000000,7.9216000000,110562.8559760000,873825.4451051253,873825.4451051253,1,SRM-USDT
2021-10-23 15:00:00,1634972400000,7.9210000000,7.9339000000,7.8514000000,7.8865000000,70231.1352880000,554246.3476942392,554246.3476942392,1,SRM-USDT
2021-10-23 16:00:00,1634976000000,7.8882000000,7.9502000000,7.8862000000,7.9262000000,100252.2955960000,794749.1275399659,794749.1275399659,1,SRM-USDT
2021-10-23 17:00:00,1634979600000,7.9300000000,7.9460000000,7.7820000000,7.8360000000,121631.5912930000,953651.6718838280,953651.6718838280,1,SRM-USDT
2021-10-23 18:00:00,1634983200000,7.8380000000,7.8629000000,7.7300000000,7.7300000000,129721.4382460000,1011393.0073840080,1011393.0073840080,1,SRM-USDT
2021-10-23 19:00:00,1634986800000,7.7300000000,7.8794000000,7.6609000000,7.8660000000,222926.4506690000,1735548.0965593148,1735548.0965593148,1,SRM-USDT
2021-10-23 20:00:00,1634990400000,7.8680000000,7.8836000000,7.8160000000,7.8570000000,67406.6598340000,529435.6447015887,529435.6447015887,1,SRM-USDT
2021-10-23 21:00:00,1634994000000,7.8560000000,7.8600000000,7.7721000000,7.7896000000,97196.4574950000,758707.8463631975,758707.8463631975,1,SRM-USDT
2021-10-23 22:00:00,1634997600000,7.7888000000,7.8077000000,7.7472000000,7.7600000000,58553.9862740000,455410.3716770402,455410.3716770402,1,SRM-USDT
2021-10-23 23:00:00,1635001200000,7.7584000000,7.8520000000,7.7584000000,7.8380000000,105125.2747280000,821493.5480855876,821493.5480855876,1,SRM-USDT
2021-10-24 00:00:00,1635004800000,7.8391000000,7.8680000000,7.7520000000,7.7584000000,129728.5621660000,1013633.9581303550,1013633.9581303550,1,SRM-USDT
2021-10-24 01:00:00,1635008400000,7.7585000000,7.7800000000,7.7180000000,7.7402000000,109854.5313970000,851428.3503936830,851428.3503936830,1,SRM-USDT
2021-10-24 02:00:00,1635012000000,7.7387000000,7.7807000000,7.7040000000,7.7217000000,59759.9077610000,462725.4396237426,462725.4396237426,1,SRM-USDT
2021-10-24 03:00:00,1635015600000,7.7215000000,7.7355000000,7.6807000000,7.7121000000,66357.3824640000,511180.4749531152,511180.4749531152,1,SRM-USDT
2021-10-24 04:00:00,1635019200000,7.7120000000,7.7796000000,7.7040000000,7.7781000000,57954.0775050000,448324.9435089888,448324.9435089888,1,SRM-USDT
2021-10-24 05:00:00,1635022800000,7.7770000000,7.7800000000,7.7270000000,7.7425000000,30675.6425690000,237774.4121245113,237774.4121245113,1,SRM-USDT
2021-10-24 06:00:00,1635026400000,7.7420000000,7.7915000000,7.7360000000,7.7577000000,48404.8541900000,375996.6130171124,375996.6130171124,1,SRM-USDT
2021-10-24 07:00:00,1635030000000,7.7588000000,7.8140000000,7.7387000000,7.7998000000,48218.1309080000,375184.5667151033,375184.5667151033,1,SRM-USDT
2021-10-24 08:00:00,1635033600000,7.7993000000,7.8184000000,7.7400000000,7.7540000000,59253.8908150000,460888.9087159197,460888.9087159197,1,SRM-USDT
2021-10-24 09:00:00,1635037200000,7.7523000000,7.7738000000,7.7280000000,7.7439000000,38228.3161460000,296520.1810693502,296520.1810693502,1,SRM-USDT
2021-10-24 10:00:00,1635040800000,7.7414000000,7.7599000000,7.6880000000,7.7298000000,81252.1846810000,627330.1882871818,627330.1882871818,1,SRM-USDT
2021-10-24 11:00:00,1635044400000,7.7298000000,7.7437000000,7.7013000000,7.7220000000,53298.0657890000,411750.3598552829,411750.3598552829,1,SRM-USDT
2021-10-24 12:00:00,1635048000000,7.7220000000,7.7240000000,7.6741000000,7.6934000000,59427.0687040000,457197.0516180166,457197.0516180166,1,SRM-USDT
2021-10-24 13:00:00,1635051600000,7.6927000000,7.7114000000,7.6762000000,7.6800000000,44437.4455710000,341901.5838419645,341901.5838419645,1,SRM-USDT
2021-10-24 14:00:00,1635055200000,7.6787000000,7.7040000000,7.6280000000,7.6443000000,104066.2233110000,798155.5316092921,798155.5316092921,1,SRM-USDT
2021-10-24 15:00:00,1635058800000,7.6420000000,7.6779000000,7.6096000000,7.6718000000,66284.6339010000,506759.4630790210,506759.4630790210,1,SRM-USDT
2021-10-24 16:00:00,1635062400000,7.6733000000,7.6798000000,7.6041000000,7.6068000000,69898.9004440000,533811.9970353032,533811.9970353032,1,SRM-USDT
2021-10-24 17:00:00,1635066000000,7.6060000000,7.7140000000,7.5987000000,7.6500000000,132704.4086250000,1018404.4320569304,1018404.4320569304,1,SRM-USDT
2021-10-24 18:00:00,1635069600000,7.6496000000,7.6580000000,7.5994000000,7.6015000000,119916.4627700000,914792.2423704868,914792.2423704868,1,SRM-USDT
2021-10-24 19:00:00,1635073200000,7.6007000000,7.6120000000,7.4415000000,7.4740000000,219599.0711000000,1651397.3103530209,1651397.3103530209,1,SRM-USDT
2021-10-24 20:00:00,1635076800000,7.4723000000,7.5138000000,7.4020000000,7.4920000000,208902.3348000000,1556822.2841363349,1556822.2841363349,1,SRM-USDT
2021-10-24 21:00:00,1635080400000,7.4928000000,7.5400000000,7.4709000000,7.4720000000,89418.8070800000,671062.2533099402,671062.2533099402,1,SRM-USDT
2021-10-24 22:00:00,1635084000000,7.4709000000,7.4860000000,7.4020000000,7.4227000000,69291.4744750000,516110.3784159344,516110.3784159344,1,SRM-USDT
2021-10-24 23:00:00,1635087600000,7.4260000000,7.4345000000,7.3308000000,7.3602000000,150870.6372330000,1114496.4022731220,1114496.4022731220,1,SRM-USDT
2021-10-25 00:00:00,1635091200000,7.3600000000,7.4157000000,7.2844000000,7.4086000000,130567.4335100000,960846.9779019256,960846.9779019256,1,SRM-USDT
2021-10-25 01:00:00,1635094800000,7.4086000000,7.4318000000,7.3822000000,7.3949000000,48403.1730560000,358440.7776604521,358440.7776604521,1,SRM-USDT
2021-10-25 02:00:00,1635098400000,7.3940000000,7.3940000000,7.2304000000,7.2900000000,180298.0545280000,1315779.3896122354,1315779.3896122354,1,SRM-USDT
2021-10-25 03:00:00,1635102000000,7.2916000000,7.3819000000,7.2900000000,7.3740000000,68694.1072420000,504114.9118069339,504114.9118069339,1,SRM-USDT
2021-10-25 04:00:00,1635105600000,7.3760000000,7.4320000000,7.3562000000,7.4287000000,78794.9795890000,582719.1023576303,582719.1023576303,1,SRM-USDT
2021-10-25 05:00:00,1635109200000,7.4320000000,7.4715000000,7.4196000000,7.4554000000,76922.2199820000,573386.9857882665,573386.9857882665,1,SRM-USDT
2021-10-25 06:00:00,1635112800000,7.4557000000,7.5219000000,7.4460000000,7.4725000000,155715.9764120000,1165024.8549910921,1165024.8549910921,1,SRM-USDT
2021-10-25 07:00:00,1635116400000,7.4728000000,7.5299000000,7.4501000000,7.4745000000,102842.1070800000,770136.9183793704,770136.9183793704,1,SRM-USDT
2021-10-25 08:00:00,1635120000000,7.4747000000,7.5420000000,7.4113000000,7.5420000000,110309.5420640000,824941.5412572518,824941.5412572518,1,SRM-USDT
2021-10-25 09:00:00,1635123600000,7.5440000000,7.5593000000,7.4940000000,7.5240000000,85964.0510330000,646923.3592986739,646923.3592986739,1,SRM-USDT
2021-10-25 10:00:00,1635127200000,7.5260000000,7.5399000000,7.4840000000,7.5147000000,45331.0698340000,340103.5185006066,340103.5185006066,1,SRM-USDT
2021-10-25 11:00:00,1635130800000,7.5160000000,7.6000000000,7.5139000000,7.5594000000,101907.0519330000,770805.4705827419,770805.4705827419,1,SRM-USDT
2021-10-25 12:00:00,1635134400000,7.5620000000,7.5960000000,7.5370000000,7.5920000000,92037.0094570000,696637.2909408746,696637.2909408746,1,SRM-USDT
2021-10-25 13:00:00,1635138000000,7.5921000000,7.6179000000,7.5700000000,7.6108000000,126184.0746930000,958441.8860575624,958441.8860575624,1,SRM-USDT
2021-10-25 14:00:00,1635141600000,7.6120000000,7.6721000000,7.6047000000,7.6651000000,131529.0825610000,1004958.8192137572,1004958.8192137572,1,SRM-USDT
2021-10-25 15:00:00,1635145200000,7.6678000000,7.7200000000,7.6481000000,7.6900000000,126738.9125300000,974395.5293207280,974395.5293207280,1,SRM-USDT
2021-10-25 16:00:00,1635148800000,7.6880000000,7.8059000000,7.6858000000,7.7980000000,134666.4422480000,1043375.6693229388,1043375.6693229388,1,SRM-USDT
2021-10-25 17:00:00,1635152400000,7.7985000000,7.8160000000,7.6781000000,7.6905000000,165548.7675130000,1281414.5109609207,1281414.5109609207,1,SRM-USDT
2021-10-25 18:00:00,1635156000000,7.6922000000,7.7106000000,7.5869000000,7.6525000000,117197.1594540000,896249.2262502777,896249.2262502777,1,SRM-USDT
2021-10-25 19:00:00,1635159600000,7.6509000000,7.7103000000,7.6350000000,7.6610000000,92512.9629950000,710733.2053356885,710733.2053356885,1,SRM-USDT
2021-10-25 20:00:00,1635163200000,7.6640000000,7.7480000000,7.6575000000,7.6791000000,110399.2873860000,850238.5764930388,850238.5764930388,1,SRM-USDT
2021-10-25 21:00:00,1635166800000,7.6766000000,7.7066000000,7.6228000000,7.6998000000,116372.4885470000,892497.5462120137,892497.5462120137,1,SRM-USDT
2021-10-25 22:00:00,1635170400000,7.7020000000,7.7560000000,7.6608000000,7.7428000000,98874.8462190000,762003.3970745960,762003.3970745960,1,SRM-USDT
2021-10-25 23:00:00,1635174000000,7.7438000000,7.9015000000,7.7435000000,7.8998000000,285731.9797870000,2240624.1529375529,2240624.1529375529,1,SRM-USDT
2021-10-26 00:00:00,1635177600000,7.8994000000,7.9020000000,7.7964000000,7.8383000000,132756.2545100000,1041991.8352864624,1041991.8352864624,1,SRM-USDT
2021-10-26 01:00:00,1635181200000,7.8361000000,7.8492000000,7.7514000000,7.7840000000,118311.3608580000,920717.4291582512,920717.4291582512,1,SRM-USDT
2021-10-26 02:00:00,1635184800000,7.7834000000,7.7916000000,7.7140000000,7.7638000000,71089.0942930000,550992.5019723527,550992.5019723527,1,SRM-USDT
2021-10-26 03:00:00,1635188400000,7.7631000000,7.7767000000,7.7100000000,7.7180000000,44772.2042950000,346787.7505412737,346787.7505412737,1,SRM-USDT
2021-10-26 04:00:00,1635192000000,7.7200000000,7.7467000000,7.7107000000,7.7150000000,35660.7380500000,275547.7906814110,275547.7906814110,1,SRM-USDT
2021-10-26 05:00:00,1635195600000,7.7149000000,7.7580000000,7.6834000000,7.6860000000,42010.0958690000,324490.7902294559,324490.7902294559,1,SRM-USDT
2021-10-26 06:00:00,1635199200000,7.6859000000,7.7304000000,7.6684000000,7.7148000000,52539.4480170000,404786.6216958641,404786.6216958641,1,SRM-USDT
2021-10-26 07:00:00,1635202800000,7.7140000000,7.7736000000,7.7063000000,7.7322000000,92929.4034280000,719108.7224645311,719108.7224645311,1,SRM-USDT
2021-10-26 08:00:00,1635206400000,7.7323000000,7.8579000000,7.6946000000,7.8540000000,98642.0656620000,768282.3336766276,768282.3336766276,1,SRM-USDT
2021-10-26 09:00:00,1635210000000,7.8560000000,7.8563000000,7.7584000000,7.7699000000,67033.6336010000,523541.8100554780,523541.8100554780,1,SRM-USDT
2021-10-26 10:00:00,1635213600000,7.7700000000,7.8549000000,7.7584000000,7.8472000000,78682.3429010000,615426.7540000661,615426.7540000661,1,SRM-USDT
2021-10-26 11:00:00,1635217200000,7.8473000000,7.8572000000,7.7935000000,7.8070000000,58486.8415780000,457882.1608694649,457882.1608694649,1,SRM-USDT
2021-10-26 12:00:00,1635220800000,7.8080000000,7.8256000000,7.7041000000,7.7584000000,107414.9718480000,833034.0217008076,833034.0217008076,1,SRM-USDT
2021-10-26 13:00:00,1635224400000,7.7603000000,7.7700000000,7.7413000000,7.7500000000,53571.6428060000,415620.8651266971,415620.8651266971,1,SRM-USDT
2021-10-26 14:00:00,1635228000000,7.7509000000,7.8143000000,7.7258000000,7.7955000000,84978.0233970000,659696.9308177965,659696.9308177965,1,SRM-USDT
2021-10-26 15:00:00,1635231600000,7.7955000000,7.8903000000,7.7853000000,7.8768000000,97442.4474690000,762552.5962986903,762552.5962986903,1,SRM-USDT
2021-10-26 16:00:00,1635235200000,7.8778000000,7.9737000000,7.8770000000,7.9130000000,133801.1754100000,1060753.3661665281,1060753.3661665281,1,SRM-USDT
2021-10-26 17:00:00,1635238800000,7.9121000000,7.9144000000,7.8358000000,7.8736000000,77535.2524090000,609107.4431688258,609107.4431688258,1,SRM-USDT
2021-10-26 18:00:00,1635242400000,7.8730000000,7.9040000000,7.8379000000,7.8745000000,75864.7205470000,597679.4747653180,597679.4747653180,1,SRM-USDT
2021-10-26 19:00:00,1635246000000,7.8766000000,7.8891000000,7.7980000000,7.8060000000,111211.3122580000,870409.5527958144,870409.5527958144,1,SRM-USDT
2021-10-26 20:00:00,1635249600000,7.8080000000,7.8440000000,7.7860000000,7.8218000000,63935.2962880000,499378.6641328605,499378.6641328605,1,SRM-USDT
2021-10-26 21:00:00,1635253200000,7.8200000000,7.8574000000,7.7496000000,7.7520000000,79107.3939560000,617269.7430080397,617269.7430080397,1,SRM-USDT
2021-10-26 22:00:00,1635256800000,7.7540000000,7.7557000000,7.6140000000,7.6722000000,194202.0553650000,1489450.5811704197,1489450.5811704197,1,SRM-USDT
2021-10-26 23:00:00,1635260400000,7.6732000000,7.7557000000,7.6559000000,7.7347000000,107690.3218190000,829604.5537965157,829604.5537965157,1,SRM-USDT
2021-10-27 00:00:00,1635264000000,7.7336000000,7.7589000000,7.6336000000,7.6730000000,122522.1463190000,944427.7409484702,944427.7409484702,1,SRM-USDT
2021-10-27 01:00:00,1635267600000,7.6729000000,7.7698000000,7.6544000000,7.7698000000,65141.3450220000,503372.8127041116,503372.8127041116,1,SRM-USDT
2021-10-27 02:00:00,1635271200000,7.7700000000,7.7857000000,7.7481000000,7.7663000000,61796.1193420000,480115.7189643956,480115.7189643956,1,SRM-USDT
2021-10-27 03:00:00,1635274800000,7.7680000000,7.9073000000,7.7680000000,7.8644000000,155829.3635970000,1222850.9752628801,1222850.9752628801,1,SRM-USDT
2021-10-27 04:00:00,1635278400000,7.8654000000,7.9797000000,7.8380000000,7.9797000000,107682.0902110000,853022.6575944487,853022.6575944487,1,SRM-USDT
2021-10-27 05:00:00,1635282000000,7.9789000000,8.0052000000,7.7420000000,7.7673000000,187174.9680370000,1482078.4475216579,1482078.4475216579,1,SRM-USDT
2021-10-27 06:00:00,1635285600000,7.7671000000,7.8038000000,7.5092000000,7.5700000000,224151.7815760000,1716452.5309568753,1716452.5309568753,1,SRM-USDT
2021-10-27 07:00:00,1635289200000,7.5674000000,7.6468000000,7.5409000000,7.6320000000,69105.4234360000,525846.1847771653,525846.1847771653,1,SRM-USDT
2021-10-27 08:00:00,1635292800000,7.6328000000,7.6592000000,7.5540000000,7.6370000000,80479.7098310000,613170.4004135038,613170.4004135038,1,SRM-USDT
2021-10-27 09:00:00,1635296400000,7.6374000000,7.6775000000,7.5640000000,7.5698000000,131224.8445470000,1000027.5208405942,1000027.5208405942,1,SRM-USDT
2021-10-27 10:00:00,1635300000000,7.5700000000,7.5900000000,7.5553000000,7.5600000000,52394.0263090000,396756.7908866000,396756.7908866000,1,SRM-USDT
2021-10-27 11:00:00,1635303600000,7.5588000000,7.6416000000,7.5560000000,7.6265000000,39651.1531520000,301511.6030585254,301511.6030585254,1,SRM-USDT
2021-10-27 12:00:00,1635307200000,7.6258000000,7.6980000000,7.6003000000,7.6610000000,83854.9471280000,641909.3716718089,641909.3716718089,1,SRM-USDT
2021-10-27 13:00:00,1635310800000,7.6599000000,7.7020000000,7.5960000000,7.6119000000,61310.5574730000,468979.8715592600,468979.8715592600,1,SRM-USDT
2021-10-27 14:00:00,1635314400000,7.6119000000,7.6397000000,7.4566000000,7.4673000000,128732.2574880000,968979.9938492734,968979.9938492734,1,SRM-USDT
2021-10-27 15:00:00,1635318000000,7.4690000000,7.4717000000,7.2244000000,7.2256000000,210216.7190250000,1544738.3404984826,1544738.3404984826,1,SRM-USDT
2021-10-27 16:00:00,1635321600000,7.2268000000,7.2268000000,6.3838000000,6.8459000000,1646409.3347250000,11138837.8277835269,11138837.8277835269,1,SRM-USDT
2021-10-27 17:00:00,1635325200000,6.8404000000,6.8646000000,6.6335000000,6.8132000000,373114.7721980000,2523875.3071907661,2523875.3071907661,1,SRM-USDT
2021-10-27 18:00:00,1635328800000,6.8157000000,6.8854000000,6.7112000000,6.8703000000,283133.0421650000,1924660.0044916056,1924660.0044916056,1,SRM-USDT
2021-10-27 19:00:00,1635332400000,6.8715000000,6.9367000000,6.7814000000,6.8019000000,159593.9706810000,1096549.2302810517,1096549.2302810517,1,SRM-USDT
2021-10-27 20:00:00,1635336000000,6.8000000000,6.8837000000,6.7312000000,6.8792000000,129686.3669970000,884379.2579139814,884379.2579139814,1,SRM-USDT
2021-10-27 21:00:00,1635339600000,6.8766000000,6.9099000000,6.8049000000,6.8180000000,132497.1861310000,908635.4831810888,908635.4831810888,1,SRM-USDT
2021-10-27 22:00:00,1635343200000,6.8160000000,6.9149000000,6.7600000000,6.8900000000,119239.5311610000,814083.6245020617,814083.6245020617,1,SRM-USDT
2021-10-27 23:00:00,1635346800000,6.8880000000,6.9110000000,6.7920000000,6.8060000000,118088.8373780000,808074.7597690047,808074.7597690047,1,SRM-USDT
2021-10-28 00:00:00,1635350400000,6.8043000000,6.8400000000,6.7184000000,6.8069000000,140798.0396540000,955317.3313307712,955317.3313307712,1,SRM-USDT
2021-10-28 01:00:00,1635354000000,6.8060000000,6.8579000000,6.7800000000,6.7928000000,146201.0497870000,997129.8686422510,997129.8686422510,1,SRM-USDT
2021-10-28 02:00:00,1635357600000,6.8039000000,6.8552000000,6.7949000000,6.7973000000,134573.4066910000,918097.8454646816,918097.8454646816,1,SRM-USDT
2021-10-28 03:00:00,1635361200000,6.7970000000,6.8107000000,6.6529000000,6.7814000000,187317.6140470000,1260798.9897007805,1260798.9897007805,1,SRM-USDT
2021-10-28 04:00:00,1635364800000,6.7791000000,6.8246000000,6.7140000000,6.7380000000,90700.1243490000,613746.4960440031,613746.4960440031,1,SRM-USDT
2021-10-28 05:00:00,1635368400000,6.7400000000,6.8046000000,6.7397000000,6.7854000000,72078.2873300000,488505.4232576551,488505.4232576551,1,SRM-USDT
2021-10-28 06:00:00,1635372000000,6.7860000000,6.7880000000,6.6759000000,6.7260000000,91421.5320480000,614369.9894869782,614369.9894869782,1,SRM-USDT
2021-10-28 07:00:00,1635375600000,6.7244000000,6.7580000000,6.6067000000,6.6320000000,116698.3609570000,777760.8464493881,777760.8464493881,1,SRM-USDT
2021-10-28 08:00:00,1635379200000,6.6340000000,6.7317000000,6.5220000000,6.5293000000,149301.4797040000,990354.7438406741,990354.7438406741,1,SRM-USDT
2021-10-28 09:00:00,1635382800000,6.5292000000,6.6860000000,6.5119000000,6.6860000000,138965.1249750000,917112.3958210732,917112.3958210732,1,SRM-USDT
2021-10-28 10:00:00,1635386400000,6.6854000000,6.6926000000,6.6140000000,6.6820000000,86958.1805830000,579079.6739180232,579079.6739180232,1,SRM-USDT
2021-10-28 11:00:00,1635390000000,6.6840000000,6.7120000000,6.6275000000,6.6540000000,69305.2686830000,461855.6775008713,461855.6775008713,1,SRM-USDT
2021-10-28 12:00:00,1635393600000,6.6560000000,6.6942000000,6.6276000000,6.6480000000,68317.8152660000,454994.9201917194,454994.9201917194,1,SRM-USDT
2021-10-28 13:00:00,1635397200000,6.6477000000,6.7323000000,6.6434000000,6.7280000000,79449.5417940000,531682.9560728832,531682.9560728832,1,SRM-USDT
2021-10-28 14:00:00,1635400800000,6.7274000000,6.7406000000,6.5680000000,6.6880000000,213760.2381590000,1417767.2800690806,1417767.2800690806,1,SRM-USDT
2021-10-28 15:00:00,1635404400000,6.6880000000,6.7076000000,6.6480000000,6.6612000000,83682.6099560000,558520.6063696496,558520.6063696496,1,SRM-USDT
2021-10-28 16:00:00,1635408000000,6.6637000000,6.9695000000,6.6629000000,6.9540000000,185700.0752350000,1272766.7476862222,1272766.7476862222,1,SRM-USDT
2021-10-28 17:00:00,1635411600000,6.9560000000,6.9840000000,6.8680000000,6.9838000000,134925.1291160000,935461.3999732452,935461.3999732452,1,SRM-USDT
2021-10-28 18:00:00,1635415200000,6.9840000000,6.9880000000,6.9260000000,6.9460000000,80585.0694650000,561048.1645603514,561048.1645603514,1,SRM-USDT
2021-10-28 19:00:00,1635418800000,6.9468000000,6.9660000000,6.8960000000,6.9279000000,89176.9104880000,617358.9475070887,617358.9475070887,1,SRM-USDT
2021-10-28 20:00:00,1635422400000,6.9280000000,7.1362000000,6.9280000000,7.0414000000,339948.8275240000,2393146.8135874667,2393146.8135874667,1,SRM-USDT
2021-10-28 21:00:00,1635426000000,7.0408000000,7.0564000000,6.9884000000,7.0098000000,154904.9626880000,1086462.4569688605,1086462.4569688605,1,SRM-USDT
2021-10-28 22:00:00,1635429600000,7.0093000000,7.0200000000,6.9200000000,6.9939000000,107112.3614860000,747245.1484333500,747245.1484333500,1,SRM-USDT
2021-10-28 23:00:00,1635433200000,6.9940000000,7.0100000000,6.9341000000,6.9420000000,73413.9238910000,511616.9098285121,511616.9098285121,1,SRM-USDT
2021-10-29 00:00:00,1635436800000,6.9440000000,7.0659000000,6.9313000000,6.9660000000,168156.1733180000,1178066.0850065481,1178066.0850065481,1,SRM-USDT
2021-10-29 01:00:00,1635440400000,6.9640000000,7.0405000000,6.9354000000,6.9800000000,96706.2158780000,674964.0406224970,674964.0406224970,1,SRM-USDT
2021-10-29 02:00:00,1635444000000,6.9805000000,7.0152000000,6.7120000000,6.8454000000,442283.1457770000,3025576.6632725606,3025576.6632725606,1,SRM-USDT
2021-10-29 03:00:00,1635447600000,6.8429000000,6.9535000000,6.7780000000,6.9420000000,126790.2460020000,869592.8891751420,869592.8891751420,1,SRM-USDT
2021-10-29 04:00:00,1635451200000,6.9400000000,6.9900000000,6.9064000000,6.9166000000,103728.1418000000,721617.5804975810,721617.5804975810,1,SRM-USDT
2021-10-29 05:00:00,1635454800000,6.9169000000,6.9212000000,6.8355000000,6.8820000000,55201.5019740000,379554.4176277735,379554.4176277735,1,SRM-USDT
2021-10-29 06:00:00,1635458400000,6.8806000000,6.9380000000,6.8760000000,6.9065000000,49129.0995340000,339339.9882353369,339339.9882353369,1,SRM-USDT
2021-10-29 07:00:00,1635462000000,6.9100000000,6.9480000000,6.8723000000,6.9456000000,96531.5780730000,667235.6922082212,667235.6922082212,1,SRM-USDT
2021-10-29 08:00:00,1635465600000,6.9480000000,7.0960000000,6.9083000000,7.0942000000,93861.8866480000,656333.9713899686,656333.9713899686,1,SRM-USDT
2021-10-29 09:00:00,1635469200000,7.0962000000,7.2022000000,7.0646000000,7.1477000000,106517.2617070000,761901.2271790497,761901.2271790497,1,SRM-USDT
2021-10-29 10:00:00,1635472800000,7.1448000000,7.2035000000,7.1357000000,7.1397000000,50438.3483670000,361208.8455851129,361208.8455851129,1,SRM-USDT
2021-10-29 11:00:00,1635476400000,7.1446000000,7.1963000000,7.1118000000,7.1820000000,62520.9942350000,447418.5118722312,447418.5118722312,1,SRM-USDT
2021-10-29 12:00:00,1635480000000,7.1800000000,7.1960000000,7.1141000000,7.1486000000,54014.0387570000,386517.6168707403,386517.6168707403,1,SRM-USDT
2021-10-29 13:00:00,1635483600000,7.1483000000,7.1676000000,7.0120000000,7.0656000000,57174.6952000000,404307.8870021879,404307.8870021879,1,SRM-USDT
2021-10-29 14:00:00,1635487200000,7.0660000000,7.1253000000,7.0324000000,7.1020000000,47276.7523900000,335167.1506872763,335167.1506872763,1,SRM-USDT
2021-10-29 15:00:00,1635490800000,7.1000000000,7.1040000000,6.9813000000,6.9991000000,82250.6063860000,578158.1231173399,578158.1231173399,1,SRM-USDT
2021-10-29 16:00:00,1635494400000,6.9998000000,7.0603000000,6.9674000000,7.0540000000,79519.7145230000,558562.8437569565,558562.8437569565,1,SRM-USDT
2021-10-29 17:00:00,1635498000000,7.0520000000,7.0960000000,7.0273000000,7.0505000000,57303.1258690000,404833.4804623722,404833.4804623722,1,SRM-USDT
2021-10-29 18:00:00,1635501600000,7.0486000000,7.0636000000,6.9949000000,7.0384000000,63183.9530920000,444511.3184197732,444511.3184197732,1,SRM-USDT
2021-10-29 19:00:00,1635505200000,7.0364000000,7.0757000000,6.9791000000,7.0449000000,63243.9185990000,444735.7002264792,444735.7002264792,1,SRM-USDT
2021-10-29 20:00:00,1635508800000,7.0457000000,7.0984000000,7.0095000000,7.0367000000,96350.4112700000,680183.4177059405,680183.4177059405,1,SRM-USDT
2021-10-29 21:00:00,1635512400000,7.0351000000,7.0756000000,6.9910000000,7.0649000000,99390.2208060000,699289.9558834247,699289.9558834247,1,SRM-USDT
2021-10-29 22:00:00,1635516000000,7.0672000000,7.0796000000,7.0060000000,7.0140000000,83004.4496890000,584430.2728452010,584430.2728452010,1,SRM-USDT
2021-10-29 23:00:00,1635519600000,7.0127000000,7.1679000000,7.0061000000,7.1560000000,105694.1600280000,749312.2141569660,749312.2141569660,1,SRM-USDT
2021-10-30 00:00:00,1635523200000,7.1575000000,7.2192000000,7.1564000000,7.1740000000,145149.1365040000,1044133.2361997832,1044133.2361997832,1,SRM-USDT
2021-10-30 01:00:00,1635526800000,7.1727000000,7.2050000000,7.1520000000,7.1574000000,73257.4441820000,526227.7230160373,526227.7230160373,1,SRM-USDT
2021-10-30 02:00:00,1635530400000,7.1594000000,7.2078000000,7.1240000000,7.1426000000,81391.7337620000,583349.5541100985,583349.5541100985,1,SRM-USDT
2021-10-30 03:00:00,1635534000000,7.1439000000,7.1700000000,7.1127000000,7.1558000000,40647.4812120000,290093.7899222932,290093.7899222932,1,SRM-USDT
2021-10-30 04:00:00,1635537600000,7.1580000000,7.1740000000,7.1307000000,7.1580000000,44951.4135990000,321593.2567565574,321593.2567565574,1,SRM-USDT
2021-10-30 05:00:00,1635541200000,7.1560000000,7.1871000000,7.1459000000,7.1843000000,36512.5120420000,261583.8391709523,261583.8391709523,1,SRM-USDT
2021-10-30 06:00:00,1635544800000,7.1860000000,7.3409000000,7.1700000000,7.2966000000,158107.5153900000,1149593.9936789789,1149593.9936789789,1,SRM-USDT
2021-10-30 07:00:00,1635548400000,7.2957000000,7.4000000000,7.2566000000,7.3812000000,148948.8484030000,1094228.5980926000,1094228.5980926000,1,SRM-USDT
2021-10-30 08:00:00,1635552000000,7.3837000000,7.3886000000,7.2340000000,7.2808000000,176771.5265280000,1290520.7703429267,1290520.7703429267,1,SRM-USDT
2021-10-30 09:00:00,1635555600000,7.2800000000,7.3101000000,7.2520000000,7.2740000000,78352.1907120000,571163.4587773114,571163.4587773114,1,SRM-USDT
2021-10-30 10:00:00,1635559200000,7.2720000000,7.2853000000,7.2300000000,7.2306000000,97479.2466790000,706600.0391517595,706600.0391517595,1,SRM-USDT
2021-10-30 11:00:00,1635562800000,7.2300000000,7.2645000000,7.1274000000,7.1580000000,72143.2442900000,517454.6303754878,517454.6303754878,1,SRM-USDT
2021-10-30 12:00:00,1635566400000,7.1571000000,7.2155000000,7.1540000000,7.1831000000,32097.8924980000,230750.0502563639,230750.0502563639,1,SRM-USDT
2021-10-30 13:00:00,1635570000000,7.1820000000,7.2059000000,7.1694000000,7.1842000000,74687.1124510000,536626.3056431323,536626.3056431323,1,SRM-USDT
2021-10-30 14:00:00,1635573600000,7.1840000000,7.2429000000,7.1641000000,7.2400000000,56454.4992370000,406756.1300723277,406756.1300723277,1,SRM-USDT
2021-10-30 15:00:00,1635577200000,7.2380000000,7.2877000000,7.2154000000,7.2500000000,71569.3341660000,519970.4705276942,519970.4705276942,1,SRM-USDT
2021-10-30 16:00:00,1635580800000,7.2520000000,7.3017000000,7.1694000000,7.2140000000,92919.2179560000,672728.8280160165,672728.8280160165,1,SRM-USDT
2021-10-30 17:00:00,1635584400000,7.2139000000,7.3561000000,7.1940000000,7.3100000000,115223.3593590000,840376.1026950642,840376.1026950642,1,SRM-USDT
2021-10-30 18:00:00,1635588000000,7.3150000000,7.4670000000,7.2920000000,7.4154000000,164952.4821060000,1217445.7950682030,1217445.7950682030,1,SRM-USDT
2021-10-30 19:00:00,1635591600000,7.4169000000,7.4321000000,7.3534000000,7.3882000000,101552.3553330000,750050.9042255066,750050.9042255066,1,SRM-USDT
2021-10-30 20:00:00,1635595200000,7.3869000000,7.3869000000,7.2753000000,7.2911000000,108514.7245530000,794364.3387645952,794364.3387645952,1,SRM-USDT
2021-10-30 21:00:00,1635598800000,7.2884000000,7.3063000000,7.1979000000,7.2540000000,141348.3152900000,1025390.2237337260,1025390.2237337260,1,SRM-USDT
2021-10-30 22:00:00,1635602400000,7.2522000000,7.2740000000,7.0640000000,7.1520000000,191252.9381200000,1369357.4695591533,1369357.4695591533,1,SRM-USDT
2021-10-30 23:00:00,1635606000000,7.1500000000,7.2523000000,7.1500000000,7.2300000000,125218.3895440000,902864.5999290860,902864.5999290860,1,SRM-USDT
2021-10-31 00:00:00,1635609600000,7.2282000000,7.2477000000,7.1694000000,7.2240000000,80970.3798360000,583871.1073175797,583871.1073175797,1,SRM-USDT
2021-10-31 01:00:00,1635613200000,7.2220000000,7.3953000000,7.2060000000,7.3873000000,131565.1588820000,957601.6373920540,957601.6373920540,1,SRM-USDT
2021-10-31 02:00:00,1635616800000,7.3919000000,7.5484000000,7.3534000000,7.5484000000,260458.7293650000,1939122.1473354681,1939122.1473354681,1,SRM-USDT
2021-10-31 03:00:00,1635620400000,7.5484000000,7.6485000000,7.5366000000,7.5986000000,243324.4940330000,1847301.6198248528,1847301.6198248528,1,SRM-USDT
2021-10-31 04:00:00,1635624000000,7.5991000000,7.6220000000,7.4996000000,7.5067000000,78942.5573490000,596158.5212827092,596158.5212827092,1,SRM-USDT
2021-10-31 05:00:00,1635627600000,7.4996000000,7.5324000000,7.4319000000,7.4946000000,84936.5557230000,635337.6779440216,635337.6779440216,1,SRM-USDT
2021-10-31 06:00:00,1635631200000,7.4847000000,7.5009000000,7.0753000000,7.2503000000,233304.8406320000,1700451.4030885459,1700451.4030885459,1,SRM-USDT
2021-10-31 07:00:00,1635634800000,7.2519000000,7.3688000000,7.1775000000,7.2916000000,217500.8910460000,1584469.5687501680,1584469.5687501680,1,SRM-USDT
2021-10-31 08:00:00,1635638400000,7.2913000000,7.3897000000,7.2640000000,7.3609000000,98052.7200550000,719581.1660964659,719581.1660964659,1,SRM-USDT
2021-10-31 09:00:00,1635642000000,7.3601000000,7.3744000000,7.1972000000,7.2043000000,109704.7717330000,796940.0612092362,796940.0612092362,1,SRM-USDT
2021-10-31 10:00:00,1635645600000,7.2060000000,7.2905000000,7.2060000000,7.2220000000,76635.5887310000,555484.4900838210,555484.4900838210,1,SRM-USDT
2021-10-31 11:00:00,1635649200000,7.2207000000,7.2860000000,7.2080000000,7.2220000000,77746.0666830000,563000.5983984974,563000.5983984974,1,SRM-USDT
2021-10-31 12:00:00,1635652800000,7.2240000000,7.2554000000,7.1780000000,7.2486000000,69941.8311210000,504351.0042726395,504351.0042726395,1,SRM-USDT
2021-10-31 13:00:00,1635656400000,7.2505000000,7.2604000000,7.1552000000,7.2080000000,70810.6702880000,509895.0631559342,509895.0631559342,1,SRM-USDT
2021-10-31 14:00:00,1635660000000,7.2094000000,7.2373000000,7.1600000000,7.1971000000,74061.2499170000,533155.4889569378,533155.4889569378,1,SRM-USDT
2021-10-31 15:00:00,1635663600000,7.2020000000,7.2271000000,7.1664000000,7.2240000000,98371.1856320000,707098.9908315646,707098.9908315646,1,SRM-USDT
2021-10-31 16:00:00,1635667200000,7.2250000000,7.2254000000,7.0464000000,7.0904000000,130461.5763870000,928274.2269005768,928274.2269005768,1,SRM-USDT
2021-10-31 17:00:00,1635670800000,7.0900000000,7.1227000000,7.0432000000,7.1180000000,61243.3056610000,433945.1339181009,433945.1339181009,1,SRM-USDT
2021-10-31 18:00:00,1635674400000,7.1160000000,7.1260000000,7.0120000000,7.0880000000,86152.7930200000,609436.5014239952,609436.5014239952,1,SRM-USDT
2021-10-31 19:00:00,1635678000000,7.0886000000,7.1140000000,7.0053000000,7.0318000000,100338.9355360000,707547.0897336402,707547.0897336402,1,SRM-USDT
2021-10-31 20:00:00,1635681600000,7.0300000000,7.1175000000,6.9927000000,7.0220000000,145664.3384090000,1028635.6892166784,1028635.6892166784,1,SRM-USDT
2021-10-31 21:00:00,1635685200000,7.0200000000,7.0836000000,6.9060000000,7.0100000000,117863.2234910000,824042.6778819227,824042.6778819227,1,SRM-USDT
2021-10-31 22:00:00,1635688800000,7.0080000000,7.0709000000,6.9678000000,7.0591000000,99924.0149610000,702707.9325894511,702707.9325894511,1,SRM-USDT
2021-10-31 23:00:00,1635692400000,7.0580000000,7.1976000000,7.0381000000,7.0976000000,176511.3195020000,1260911.4129316043,1260911.4129316043,1,SRM-USDT
2021-11-01 00:00:00,1635696000000,7.0941000000,7.1693000000,7.0520000000,7.1460000000,89344.8792260000,636199.5853142010,636199.5853142010,1,SRM-USDT
2021-11-01 01:00:00,1635699600000,7.1480000000,7.1738000000,7.1019000000,7.1290000000,117528.7570500000,838373.9404554790,838373.9404554790,1,SRM-USDT
2021-11-01 02:00:00,1635703200000,7.1292000000,7.1438000000,7.0799000000,7.1317000000,71358.0080330000,507007.2268693593,507007.2268693593,1,SRM-USDT
2021-11-01 03:00:00,1635706800000,7.1320000000,7.1645000000,7.1052000000,7.1141000000,48473.9280560000,346043.1732348724,346043.1732348724,1,SRM-USDT
2021-11-01 04:00:00,1635710400000,7.1127000000,7.1710000000,7.0845000000,7.1710000000,68768.2912630000,490378.0285033570,490378.0285033570,1,SRM-USDT
2021-11-01 05:00:00,1635714000000,7.1710000000,7.2479000000,7.1665000000,7.2428000000,65742.3689930000,473985.6594385232,473985.6594385232,1,SRM-USDT
2021-11-01 06:00:00,1635717600000,7.2460000000,7.2490000000,7.2080000000,7.2280000000,44970.6552820000,324985.4295466738,324985.4295466738,1,SRM-USDT
2021-11-01 07:00:00,1635721200000,7.2270000000,7.2555000000,7.1894000000,7.2440000000,47654.9326370000,344101.2345465176,344101.2345465176,1,SRM-USDT
2021-11-01 08:00:00,1635724800000,7.2445000000,7.4444000000,7.2240000000,7.4397000000,187691.8150010000,1379553.9871603609,1379553.9871603609,1,SRM-USDT
2021-11-01 09:00:00,1635728400000,7.4414000000,7.4763000000,7.3131000000,7.3159000000,112310.3615400000,829867.4746597242,829867.4746597242,1,SRM-USDT
2021-11-01 10:00:00,1635732000000,7.3171000000,7.3731000000,7.0980000000,7.1940000000,224863.1458460000,1619673.9176970143,1619673.9176970143,1,SRM-USDT
2021-11-01 11:00:00,1635735600000,7.1960000000,7.2220000000,7.0265000000,7.0357000000,84946.3970530000,602785.8776876379,602785.8776876379,1,SRM-USDT
2021-11-01 12:00:00,1635739200000,7.0340000000,7.1239000000,6.9400000000,7.0969000000,124802.8171030000,877309.1338972657,877309.1338972657,1,SRM-USDT
2021-11-01 13:00:00,1635742800000,7.0960000000,7.1602000000,7.0860000000,7.1180000000,45889.4360850000,327026.8802901108,327026.8802901108,1,SRM-USDT
2021-11-01 14:00:00,1635746400000,7.1160000000,7.1860000000,7.0840000000,7.1859000000,63777.7612850000,455295.5742491605,455295.5742491605,1,SRM-USDT
2021-11-01 15:00:00,1635750000000,7.1859000000,7.5132000000,7.1852000000,7.5076000000,262350.2069160000,1930110.7180732635,1930110.7180732635,1,SRM-USDT
2021-11-01 16:00:00,1635753600000,7.5068000000,7.5450000000,7.3852000000,7.4730000000,386866.3503690000,2890466.4757078760,2890466.4757078760,1,SRM-USDT
2021-11-01 17:00:00,1635757200000,7.4760000000,7.5797000000,7.4571000000,7.5457000000,247178.5751500000,1863461.5002785381,1863461.5002785381,1,SRM-USDT
2021-11-01 18:00:00,1635760800000,7.5465000000,7.6235000000,7.4420000000,7.4460000000,222444.0933850000,1673638.0722239879,1673638.0722239879,1,SRM-USDT
2021-11-01 19:00:00,1635764400000,7.4480000000,7.4778000000,7.3200000000,7.3320000000,137789.9554510000,1019268.5849265876,1019268.5849265876,1,SRM-USDT
2021-11-01 20:00:00,1635768000000,7.3340000000,7.4297000000,7.3340000000,7.3531000000,164896.6414940000,1218580.9076562915,1218580.9076562915,1,SRM-USDT
2021-11-01 21:00:00,1635771600000,7.3560000000,7.4400000000,7.3290000000,7.4260000000,95065.9842800000,702247.5766177711,702247.5766177711,1,SRM-USDT
2021-11-01 22:00:00,1635775200000,7.4279000000,7.4367000000,7.2980000000,7.3480000000,112652.4289530000,830871.5396543054,830871.5396543054,1,SRM-USDT
2021-11-01 23:00:00,1635778800000,7.3473000000,7.5431000000,7.3469000000,7.5431000000,270072.4992180000,2012891.7482279160,2012891.7482279160,1,SRM-USDT
2021-11-02 00:00:00,1635782400000,7.5489000000,7.5495000000,7.3460000000,7.3541000000,164103.6106510000,1218032.1335688392,1218032.1335688392,1,SRM-USDT
2021-11-02 01:00:00,1635786000000,7.3580000000,7.3700000000,7.2875000000,7.3191000000,111624.1936810000,817269.6334398245,817269.6334398245,1,SRM-USDT
2021-11-02 02:00:00,1635789600000,7.3184000000,7.3192000000,7.2220000000,7.2462000000,140131.5560250000,1015490.3321921360,1015490.3321921360,1,SRM-USDT
2021-11-02 03:00:00,1635793200000,7.2449000000,7.7907000000,7.2189000000,7.7568000000,1279858.6777870001,9787177.5410720725,9787177.5410720725,1,SRM-USDT
2021-11-02 04:00:00,1635796800000,7.7556000000,7.7560000000,7.5547000000,7.6187000000,329710.1594340000,2521706.6646073521,2521706.6646073521,1,SRM-USDT
2021-11-02 05:00:00,1635800400000,7.6229000000,7.6229000000,7.4564000000,7.4676000000,153190.8160110000,1149166.1567528462,1149166.1567528462,1,SRM-USDT
2021-11-02 06:00:00,1635804000000,7.4649000000,7.5797000000,7.4636000000,7.5197000000,83726.8796610000,630549.1785217085,630549.1785217085,1,SRM-USDT
2021-11-02 07:00:00,1635807600000,7.5119000000,7.5566000000,7.5034000000,7.5222000000,49488.2969900000,372452.5289106707,372452.5289106707,1,SRM-USDT
2021-11-02 08:00:00,1635811200000,7.5230000000,7.5270000000,7.3420000000,7.3900000000,155770.4605170000,1156649.7311062419,1156649.7311062419,1,SRM-USDT
2021-11-02 09:00:00,1635814800000,7.3920000000,7.4642000000,7.3560000000,7.3738000000,136345.7111560000,1010887.2295394562,1010887.2295394562,1,SRM-USDT
2021-11-02 10:00:00,1635818400000,7.3749000000,7.4391000000,7.3742000000,7.3894000000,64842.2178760000,480173.6219331887,480173.6219331887,1,SRM-USDT
2021-11-02 11:00:00,1635822000000,7.3920000000,7.4620000000,7.3728000000,7.4541000000,83451.7819980000,619536.9319911860,619536.9319911860,1,SRM-USDT
2021-11-02 12:00:00,1635825600000,7.4536000000,7.4651000000,7.3920000000,7.4385000000,101339.5283360000,752567.1141050525,752567.1141050525,1,SRM-USDT
2021-11-02 13:00:00,1635829200000,7.4414000000,7.4420000000,7.4100000000,7.4317000000,99844.8078540000,741165.4849577292,741165.4849577292,1,SRM-USDT
2021-11-02 14:00:00,1635832800000,7.4311000000,7.4460000000,7.4101000000,7.4240000000,75227.9002480000,558657.0794827781,558657.0794827781,1,SRM-USDT
2021-11-02 15:00:00,1635836400000,7.4257000000,7.4374000000,7.3664000000,7.3740000000,80115.5440190000,592809.6557048484,592809.6557048484,1,SRM-USDT
2021-11-02 16:00:00,1635840000000,7.3752000000,7.4294000000,7.3700000000,7.4220000000,92233.6944160000,682704.2010661446,682704.2010661446,1,SRM-USDT
2021-11-02 17:00:00,1635843600000,7.4200000000,7.5598000000,7.4152000000,7.5422000000,160300.6090270000,1201451.3476082843,1201451.3476082843,1,SRM-USDT
2021-11-02 18:00:00,1635847200000,7.5465000000,7.5944000000,7.5159000000,7.5575000000,181371.6535460000,1369694.8522226769,1369694.8522226769,1,SRM-USDT
2021-11-02 19:00:00,1635850800000,7.5592000000,7.6331000000,7.5256000000,7.5256000000,114186.2197630000,866434.4746361084,866434.4746361084,1,SRM-USDT
2021-11-02 20:00:00,1635854400000,7.5274000000,7.5913000000,7.5019000000,7.5030000000,130792.1122850000,987461.1237460852,987461.1237460852,1,SRM-USDT
2021-11-02 21:00:00,1635858000000,7.5107000000,7.5899000000,7.5107000000,7.5760000000,123330.3902480000,932754.8956162276,932754.8956162276,1,SRM-USDT
2021-11-02 22:00:00,1635861600000,7.5785000000,7.5921000000,7.5223000000,7.5367000000,113635.9064130000,858561.9876255360,858561.9876255360,1,SRM-USDT
2021-11-02 23:00:00,1635865200000,7.5378000000,7.5901000000,7.5262000000,7.5867000000,141351.3817680000,1067783.1966744333,1067783.1966744333,1,SRM-USDT
2021-11-03 00:00:00,1635868800000,7.5871000000,7.6553000000,7.5038000000,7.6453000000,174453.3355730000,1321202.1077780894,1321202.1077780894,1,SRM-USDT
2021-11-03 01:00:00,1635872400000,7.6456000000,7.6900000000,7.5963000000,7.6468000000,157682.2448310000,1205295.3465092552,1205295.3465092552,1,SRM-USDT
2021-11-03 02:00:00,1635876000000,7.6480000000,7.7592000000,7.5558000000,7.5751000000,229681.2470340000,1758538.5819884313,1758538.5819884313,1,SRM-USDT
2021-11-03 03:00:00,1635879600000,7.5762000000,7.6698000000,7.5630000000,7.6564000000,100609.3470550000,765930.7064365991,765930.7064365991,1,SRM-USDT
2021-11-03 04:00:00,1635883200000,7.6541000000,7.7187000000,7.5882000000,7.5928000000,147399.5111060000,1128263.8165154716,1128263.8165154716,1,SRM-USDT
2021-11-03 05:00:00,1635886800000,7.5905000000,7.6614000000,7.5455000000,7.5973000000,87443.8468590000,664262.2989709291,664262.2989709291,1,SRM-USDT
2021-11-03 06:00:00,1635890400000,7.5977000000,7.6900000000,7.5752000000,7.6777000000,119557.6319080000,911087.2448383770,911087.2448383770,1,SRM-USDT
2021-11-03 07:00:00,1635894000000,7.6729000000,7.7499000000,7.5866000000,7.7459000000,162589.1102690000,1249546.2434819266,1249546.2434819266,1,SRM-USDT
2021-11-03 08:00:00,1635897600000,7.7439000000,7.7464000000,7.5709000000,7.6851000000,130736.0713860000,997885.7118998432,997885.7118998432,1,SRM-USDT
2021-11-03 09:00:00,1635901200000,7.6832000000,7.8903000000,7.6610000000,7.8000000000,260533.4747480000,2031963.2976176247,2031963.2976176247,1,SRM-USDT
2021-11-03 10:00:00,1635904800000,7.7980000000,7.9401000000,7.7381000000,7.9394000000,289422.0066370000,2277593.2059376542,2277593.2059376542,1,SRM-USDT
2021-11-03 11:00:00,1635908400000,7.9382000000,7.9821000000,7.8332000000,7.9722000000,227066.5381440000,1798447.6908080990,1798447.6908080990,1,SRM-USDT
2021-11-03 12:00:00,1635912000000,7.9736000000,7.9781000000,7.6321000000,7.6678000000,280796.0944180000,2198962.1374659566,2198962.1374659566,1,SRM-USDT
2021-11-03 13:00:00,1635915600000,7.6635000000,7.8846000000,7.6581000000,7.8447000000,159125.7612770000,1238314.4130532830,1238314.4130532830,1,SRM-USDT
2021-11-03 14:00:00,1635919200000,7.8449000000,7.8868000000,7.7721000000,7.8429000000,140454.2857040000,1098199.8338943103,1098199.8338943103,1,SRM-USDT
2021-11-03 15:00:00,1635922800000,7.8445000000,8.0139000000,7.8320000000,8.0036000000,161235.5253600000,1278939.0022309639,1278939.0022309639,1,SRM-USDT
2021-11-03 16:00:00,1635926400000,8.0077000000,8.0146000000,7.8236000000,7.8920000000,206256.8916820000,1632524.7413419562,1632524.7413419562,1,SRM-USDT
2021-11-03 17:00:00,1635930000000,7.8929000000,8.2283000000,7.8768000000,8.2223000000,544561.6065840001,4399162.6814529374,4399162.6814529374,1,SRM-USDT
2021-11-03 18:00:00,1635933600000,8.2184000000,8.3354000000,8.1730000000,8.2269000000,601088.7609750000,4964503.5683173966,4964503.5683173966,1,SRM-USDT
2021-11-03 19:00:00,1635937200000,8.2267000000,8.3800000000,8.1500000000,8.2945000000,599679.6539339999,4959627.5321081700,4959627.5321081700,1,SRM-USDT
2021-11-03 20:00:00,1635940800000,8.2932000000,8.3002000000,7.8747000000,7.9901000000,599130.9448520000,4847760.9373513628,4847760.9373513628,1,SRM-USDT
2021-11-03 21:00:00,1635944400000,7.9876000000,8.1660000000,7.9150000000,8.0460000000,448433.2105670000,3614692.4349414418,3614692.4349414418,1,SRM-USDT
2021-11-03 22:00:00,1635948000000,8.0502000000,8.5435000000,7.9725000000,8.3377000000,1030540.4856450000,8599559.0094886646,8599559.0094886646,1,SRM-USDT
2021-11-03 23:00:00,1635951600000,8.3404000000,8.5147000000,8.2551000000,8.4129000000,502575.9517220000,4200335.5549258525,4200335.5549258525,1,SRM-USDT
2021-11-04 00:00:00,1635955200000,8.4160000000,8.5263000000,8.1230000000,8.1849000000,431567.0248600000,3598151.2404234721,3598151.2404234721,1,SRM-USDT
2021-11-04 01:00:00,1635958800000,8.1798000000,8.2399000000,8.0849000000,8.2054000000,270150.2141100000,2207546.6889052694,2207546.6889052694,1,SRM-USDT
2021-11-04 02:00:00,1635962400000,8.2018000000,8.4459000000,8.0958000000,8.4419000000,516806.9196730000,4280135.0908870725,4280135.0908870725,1,SRM-USDT
2021-11-04 03:00:00,1635966000000,8.4420000000,8.5139000000,8.3580000000,8.4691000000,360641.6142190000,3048679.1227917885,3048679.1227917885,1,SRM-USDT
2021-11-04 04:00:00,1635969600000,8.4669000000,8.5600000000,8.3241000000,8.5115000000,296248.0967610000,2512467.1335695586,2512467.1335695586,1,SRM-USDT
2021-11-04 05:00:00,1635973200000,8.5190000000,8.6000000000,8.4625000000,8.5157000000,248674.0931270000,2124319.3077813755,2124319.3077813755,1,SRM-USDT
2021-11-04 06:00:00,1635976800000,8.5112000000,8.8401000000,8.4591000000,8.6499000000,542283.3479210000,4700026.5675078817,4700026.5675078817,1,SRM-USDT
2021-11-04 07:00:00,1635980400000,8.6641000000,8.7880000000,8.5381000000,8.6944000000,307396.8982150000,2666240.6970417374,2666240.6970417374,1,SRM-USDT
2021-11-04 08:00:00,1635984000000,8.7068000000,8.9189000000,8.3511000000,8.4865000000,599851.7300370000,5171778.2635293724,5171778.2635293724,1,SRM-USDT
2021-11-04 09:00:00,1635987600000,8.4896000000,8.5048000000,8.3810000000,8.3974000000,162113.9168110000,1365616.2552308517,1365616.2552308517,1,SRM-USDT
2021-11-04 10:00:00,1635991200000,8.4009000000,8.4495000000,8.2520000000,8.2721000000,200082.3473660000,1670031.6163128666,1670031.6163128666,1,SRM-USDT
2021-11-04 11:00:00,1635994800000,8.2684000000,8.3128000000,8.2214000000,8.2704000000,108713.1706810000,898774.7844250654,898774.7844250654,1,SRM-USDT
2021-11-04 12:00:00,1635998400000,8.2734000000,8.4242000000,8.2734000000,8.3946000000,94116.5315040000,787269.5593521101,787269.5593521101,1,SRM-USDT
2021-11-04 13:00:00,1636002000000,8.3974000000,8.3979000000,8.2224000000,8.2308000000,130825.0718260000,1085992.4152318374,1085992.4152318374,1,SRM-USDT
2021-11-04 14:00:00,1636005600000,8.2300000000,8.3768000000,8.2227000000,8.3726000000,142985.0213190000,1185160.8948895051,1185160.8948895051,1,SRM-USDT
2021-11-04 15:00:00,1636009200000,8.3733000000,8.3886000000,8.0631000000,8.0796000000,208836.0260940000,1712624.4372506570,1712624.4372506570,1,SRM-USDT
2021-11-04 16:00:00,1636012800000,8.0838000000,8.2144000000,8.0796000000,8.1092000000,206191.8721300000,1677410.3691579525,1677410.3691579525,1,SRM-USDT
2021-11-04 17:00:00,1636016400000,8.1122000000,8.1806000000,8.0299000000,8.1570000000,170899.2265870000,1386974.4006469967,1386974.4006469967,1,SRM-USDT
2021-11-04 18:00:00,1636020000000,8.1578000000,8.1937000000,8.0842000000,8.1626000000,118779.5535150000,966857.7271916388,966857.7271916388,1,SRM-USDT
2021-11-04 19:00:00,1636023600000,8.1621000000,8.1689000000,8.0096000000,8.0561000000,136410.3671090000,1104114.6786887243,1104114.6786887243,1,SRM-USDT
2021-11-04 20:00:00,1636027200000,8.0551000000,8.1637000000,8.0300000000,8.1496000000,174476.5450090000,1415303.6853257073,1415303.6853257073,1,SRM-USDT
2021-11-04 21:00:00,1636030800000,8.1491000000,8.1814000000,8.0502000000,8.1814000000,229282.9655080000,1863181.5072317207,1863181.5072317207,1,SRM-USDT
2021-11-04 22:00:00,1636034400000,8.1726000000,8.2132000000,8.0900000000,8.1026000000,247823.8501670000,2020269.1288529497,2020269.1288529497,1,SRM-USDT
2021-11-04 23:00:00,1636038000000,8.0968000000,8.1128000000,7.7943000000,7.8693000000,542369.6698410000,4288685.9472946683,4288685.9472946683,1,SRM-USDT
2021-11-05 00:00:00,1636041600000,7.8730000000,7.9662000000,7.7626000000,7.9524000000,256041.4166830000,2015236.0130232444,2015236.0130232444,1,SRM-USDT
2021-11-05 01:00:00,1636045200000,7.9524000000,7.9922000000,7.8640000000,7.8749000000,115727.2914440000,916438.6051272688,916438.6051272688,1,SRM-USDT
2021-11-05 02:00:00,1636048800000,7.8750000000,7.9979000000,7.8519000000,7.8713000000,176764.6041310000,1405305.8727238958,1405305.8727238958,1,SRM-USDT
2021-11-05 03:00:00,1636052400000,7.8663000000,8.0000000000,7.8630000000,7.9863000000,77657.0885600000,617915.4437274215,617915.4437274215,1,SRM-USDT
2021-11-05 04:00:00,1636056000000,7.9877000000,8.0779000000,7.9242000000,8.0688000000,127192.5878150000,1019435.3378820800,1019435.3378820800,1,SRM-USDT
2021-11-05 05:00:00,1636059600000,8.0632000000,8.0934000000,8.0365000000,8.0699000000,81990.6294650000,661034.0938435245,661034.0938435245,1,SRM-USDT
2021-11-05 06:00:00,1636063200000,8.0693000000,8.1294000000,8.0213000000,8.0778000000,130480.0890810000,1055751.8025816688,1055751.8025816688,1,SRM-USDT
2021-11-05 07:00:00,1636066800000,8.0853000000,8.1391000000,8.0619000000,8.1177000000,76098.3364740000,616171.7383329637,616171.7383329637,1,SRM-USDT
2021-11-05 08:00:00,1636070400000,8.1161000000,8.1196000000,7.8593000000,7.8697000000,197859.6338650000,1580617.3210456592,1580617.3210456592,1,SRM-USDT
2021-11-05 09:00:00,1636074000000,7.8694000000,7.9255000000,7.8386000000,7.9255000000,127235.2288840000,1003828.4910809888,1003828.4910809888,1,SRM-USDT
2021-11-05 10:00:00,1636077600000,7.9249000000,7.9380000000,7.8549000000,7.8660000000,86558.1166040000,684058.9942153371,684058.9942153371,1,SRM-USDT
2021-11-05 11:00:00,1636081200000,7.8690000000,7.9593000000,7.8690000000,7.9321000000,78113.4061390000,618913.7663771639,618913.7663771639,1,SRM-USDT
2021-11-05 12:00:00,1636084800000,7.9314000000,7.9704000000,7.9142000000,7.9266000000,67538.2654440000,536126.9630266828,536126.9630266828,1,SRM-USDT
2021-11-05 13:00:00,1636088400000,7.9241000000,7.9387000000,7.8732000000,7.9184000000,85416.5217990000,675157.9380485974,675157.9380485974,1,SRM-USDT
2021-11-05 14:00:00,1636092000000,7.9185000000,7.9595000000,7.8792000000,7.8932000000,93128.0056760000,737674.4400520277,737674.4400520277,1,SRM-USDT
2021-11-05 15:00:00,1636095600000,7.8940000000,7.9429000000,7.8932000000,7.8979000000,115586.8287610000,914959.4358559102,914959.4358559102,1,SRM-USDT
2021-11-05 16:00:00,1636099200000,7.8977000000,7.9321000000,7.8451000000,7.9248000000,100485.9822470000,792255.9634697209,792255.9634697209,1,SRM-USDT
2021-11-05 17:00:00,1636102800000,7.9252000000,7.9306000000,7.7755000000,7.8241000000,121385.1998330000,951846.7834068160,951846.7834068160,1,SRM-USDT
2021-11-05 18:00:00,1636106400000,7.8241000000,7.8620000000,7.7021000000,7.7549000000,147836.5658870000,1149658.7459709560,1149658.7459709560,1,SRM-USDT
2021-11-05 19:00:00,1636110000000,7.7585000000,7.8088000000,7.7208000000,7.7276000000,130744.5075070000,1014213.3822653280,1014213.3822653280,1,SRM-USDT
2021-11-05 20:00:00,1636113600000,7.7233000000,7.7935000000,7.7210000000,7.7870000000,79861.8146120000,620250.4870942486,620250.4870942486,1,SRM-USDT
2021-11-05 21:00:00,1636117200000,7.7880000000,7.8468000000,7.7812000000,7.8059000000,167640.5127200000,1309776.4553420595,1309776.4553420595,1,SRM-USDT
2021-11-05 22:00:00,1636120800000,7.8093000000,7.8254000000,7.7005000000,7.7069000000,124317.2423360000,965786.0420060474,965786.0420060474,1,SRM-USDT
2021-11-05 23:00:00,1636124400000,7.7072000000,7.7167000000,7.6181000000,7.6725000000,184384.1130230000,1413806.8001089967,1413806.8001089967,1,SRM-USDT
2021-11-06 00:00:00,1636128000000,7.6724000000,7.7438000000,7.6586000000,7.7395000000,111030.5394550000,856394.7090466327,856394.7090466327,1,SRM-USDT
2021-11-06 01:00:00,1636131600000,7.7394000000,7.7507000000,7.6803000000,7.7394000000,71255.1648980000,550227.3596917319,550227.3596917319,1,SRM-USDT
2021-11-06 02:00:00,1636135200000,7.7334000000,7.7874000000,7.7333000000,7.7600000000,68491.0489210000,531057.4970168258,531057.4970168258,1,SRM-USDT
2021-11-06 03:00:00,1636138800000,7.7610000000,7.7620000000,7.6766000000,7.7181000000,94982.3595230000,733398.0226000450,733398.0226000450,1,SRM-USDT
2021-11-06 04:00:00,1636142400000,7.7134000000,7.7134000000,7.5142000000,7.5318000000,254858.0398540000,1934624.5651610657,1934624.5651610657,1,SRM-USDT
2021-11-06 05:00:00,1636146000000,7.5289000000,7.6227000000,7.5197000000,7.6032000000,98599.2651530000,747475.5349117024,747475.5349117024,1,SRM-USDT
2021-11-06 06:00:00,1636149600000,7.6030000000,7.6583000000,7.5964000000,7.6436000000,76759.1259090000,586458.7312445553,586458.7312445553,1,SRM-USDT
2021-11-06 07:00:00,1636153200000,7.6414000000,7.6540000000,7.5822000000,7.6263000000,74022.9512220000,564266.4713187040,564266.4713187040,1,SRM-USDT
2021-11-06 08:00:00,1636156800000,7.6225000000,7.7065000000,7.5581000000,7.6822000000,133322.0524730000,1019036.2370712964,1019036.2370712964,1,SRM-USDT
2021-11-06 09:00:00,1636160400000,7.6872000000,7.7335000000,7.6376000000,7.7000000000,103358.9912290000,794513.1799991227,794513.1799991227,1,SRM-USDT
2021-11-06 10:00:00,1636164000000,7.7001000000,7.7144000000,7.6305000000,7.6622000000,48742.9551740000,373529.5705696243,373529.5705696243,1,SRM-USDT
2021-11-06 11:00:00,1636167600000,7.6592000000,7.6922000000,7.6285000000,7.6731000000,44873.4600330000,343795.6014841771,343795.6014841771,1,SRM-USDT
2021-11-06 12:00:00,1636171200000,7.6722000000,7.7611000000,7.6567000000,7.7533000000,106318.3091870000,820267.9586943958,820267.9586943958,1,SRM-USDT
2021-11-06 13:00:00,1636174800000,7.7538000000,7.8102000000,7.7388000000,7.8000000000,127697.6646740000,993392.4839946337,993392.4839946337,1,SRM-USDT
2021-11-06 14:00:00,1636178400000,7.8017000000,7.8362000000,7.7628000000,7.8034000000,90800.1991640000,707984.3462218794,707984.3462218794,1,SRM-USDT
2021-11-06 15:00:00,1636182000000,7.8043000000,7.8210000000,7.6555000000,7.7278000000,111879.6953980000,864599.6974267617,864599.6974267617,1,SRM-USDT
2021-11-06 16:00:00,1636185600000,7.7264000000,7.8496000000,7.7035000000,7.7815000000,159752.7604950000,1244814.2196495661,1244814.2196495661,1,SRM-USDT
2021-11-06 17:00:00,1636189200000,7.7842000000,7.8245000000,7.7517000000,7.7517000000,54563.4205650000,424999.4871429607,424999.4871429607,1,SRM-USDT
2021-11-06 18:00:00,1636192800000,7.7522000000,7.7666000000,7.5531000000,7.5796000000,128732.7645050000,987567.3017011912,987567.3017011912,1,SRM-USDT
2021-11-06 19:00:00,1636196400000,7.5792000000,7.5792000000,7.3770000000,7.4730000000,274569.9882550000,2051137.1637156296,2051137.1637156296,1,SRM-USDT
2021-11-06 20:00:00,1636200000000,7.4736000000,7.4965000000,7.3509000000,7.4261000000,191799.2332140000,1424311.2308789154,1424311.2308789154,1,SRM-USDT
2021-11-06 21:00:00,1636203600000,7.4290000000,7.5197000000,7.4262000000,7.5156000000,85093.3029400000,637080.6548091054,637080.6548091054,1,SRM-USDT
2021-11-06 22:00:00,1636207200000,7.5181000000,7.5687000000,7.4723000000,7.5429000000,69801.9909310000,524999.7749632277,524999.7749632277,1,SRM-USDT
2021-11-06 23:00:00,1636210800000,7.5417000000,7.7462000000,7.5408000000,7.7024000000,239966.3519030000,1842548.0037597609,1842548.0037597609,1,SRM-USDT
2021-11-07 00:00:00,1636214400000,7.7026000000,7.7860000000,7.6055000000,7.6664000000,211360.0506630000,1626034.4350200340,1626034.4350200340,1,SRM-USDT
2021-11-07 01:00:00,1636218000000,7.6641000000,7.7317000000,7.6584000000,7.6974000000,111725.1307700000,859885.1578700801,859885.1578700801,1,SRM-USDT
2021-11-07 02:00:00,1636221600000,7.6898000000,7.7462000000,7.6545000000,7.6912000000,79845.6504250000,615031.8483209937,615031.8483209937,1,SRM-USDT
2021-11-07 03:00:00,1636225200000,7.6920000000,7.7472000000,7.6706000000,7.7470000000,68296.5832420000,526017.0416514347,526017.0416514347,1,SRM-USDT
2021-11-07 04:00:00,1636228800000,7.7463000000,7.8004000000,7.7334000000,7.7564000000,131694.2342660000,1022421.1055746544,1022421.1055746544,1,SRM-USDT
2021-11-07 05:00:00,1636232400000,7.7552000000,7.8864000000,7.7552000000,7.8313000000,196669.3571460000,1539574.3582323354,1539574.3582323354,1,SRM-USDT
2021-11-07 06:00:00,1636236000000,7.8353000000,7.8707000000,7.7995000000,7.8197000000,73290.4978930000,574250.6846179622,574250.6846179622,1,SRM-USDT
2021-11-07 07:00:00,1636239600000,7.8237000000,7.8579000000,7.8083000000,7.8351000000,96572.7620740000,756655.4695625202,756655.4695625202,1,SRM-USDT
2021-11-07 08:00:00,1636243200000,7.8335000000,7.8340000000,7.7198000000,7.7860000000,181442.2654030000,1409281.6686769894,1409281.6686769894,1,SRM-USDT
2021-11-07 09:00:00,1636246800000,7.7917000000,7.8564000000,7.7478000000,7.7498000000,178077.4335590000,1391964.6484560233,1391964.6484560233,1,SRM-USDT
2021-11-07 10:00:00,1636250400000,7.7485000000,7.7746000000,7.7284000000,7.7680000000,69519.4765270000,538979.9476834872,538979.9476834872,1,SRM-USDT
2021-11-07 11:00:00,1636254000000,7.7715000000,7.8526000000,7.7601000000,7.8402000000,84814.1757270000,662114.6949308829,662114.6949308829,1,SRM-USDT
2021-11-07 12:00:00,1636257600000,7.8504000000,7.8683000000,7.7626000000,7.8161000000,98253.5300600000,767454.3069438778,767454.3069438778,1,SRM-USDT
2021-11-07 13:00:00,1636261200000,7.8147000000,7.9258000000,7.7603000000,7.8641000000,138083.4540180000,1083613.8929965210,1083613.8929965210,1,SRM-USDT
2021-11-07 14:00:00,1636264800000,7.8657000000,7.8734000000,7.7722000000,7.7722000000,65146.7829930000,510203.6776786991,510203.6776786991,1,SRM-USDT
2021-11-07 15:00:00,1636268400000,7.7710000000,7.8399000000,7.7603000000,7.8083000000,91976.0456210000,717844.7804802444,717844.7804802444,1,SRM-USDT
2021-11-07 16:00:00,1636272000000,7.8008000000,7.8091000000,7.7262000000,7.7518000000,74165.1787170000,575797.8232973613,575797.8232973613,1,SRM-USDT
2021-11-07 17:00:00,1636275600000,7.7546000000,7.7610000000,7.6707000000,7.7442000000,127647.6115760000,983033.2110619647,983033.2110619647,1,SRM-USDT
2021-11-07 18:00:00,1636279200000,7.7424000000,7.7638000000,7.6919000000,7.7433000000,65089.5439350000,503415.5850387974,503415.5850387974,1,SRM-USDT
2021-11-07 19:00:00,1636282800000,7.7454000000,7.7515000000,7.7021000000,7.7163000000,64690.2367730000,499508.1765934649,499508.1765934649,1,SRM-USDT
2021-11-07 20:00:00,1636286400000,7.7212000000,7.7657000000,7.7049000000,7.7381000000,77764.2031980000,601881.3678398503,601881.3678398503,1,SRM-USDT
2021-11-07 21:00:00,1636290000000,7.7537000000,7.7683000000,7.7117000000,7.7248000000,95455.8488790000,738981.4996105977,738981.4996105977,1,SRM-USDT
2021-11-07 22:00:00,1636293600000,7.7219000000,7.7583000000,7.6441000000,7.6582000000,105218.3770650000,811468.6233164091,811468.6233164091,1,SRM-USDT
2021-11-07 23:00:00,1636297200000,7.6589000000,7.7148000000,7.6585000000,7.7125000000,74866.6627430000,576093.8291808428,576093.8291808428,1,SRM-USDT
2021-11-08 00:00:00,1636300800000,7.7140000000,7.7688000000,7.6956000000,7.7588000000,118916.9529180000,920947.8399663268,920947.8399663268,1,SRM-USDT
2021-11-08 01:00:00,1636304400000,7.7600000000,7.7775000000,7.7034000000,7.7076000000,88504.3779980000,685844.7204107399,685844.7204107399,1,SRM-USDT
2021-11-08 02:00:00,1636308000000,7.7091000000,7.7164000000,7.6721000000,7.6978000000,49533.2240470000,381169.0149709600,381169.0149709600,1,SRM-USDT
2021-11-08 03:00:00,1636311600000,7.6975000000,7.7275000000,7.6968000000,7.7132000000,58925.7210950000,454468.7850315207,454468.7850315207,1,SRM-USDT
2021-11-08 04:00:00,1636315200000,7.7150000000,7.7525000000,7.6936000000,7.7490000000,71407.2504360000,551301.3484460982,551301.3484460982,1,SRM-USDT
2021-11-08 05:00:00,1636318800000,7.7495000000,7.7729000000,7.7442000000,7.7677000000,66955.8903110000,519525.2631357205,519525.2631357205,1,SRM-USDT
2021-11-08 06:00:00,1636322400000,7.7657000000,7.7701000000,7.7191000000,7.7275000000,48249.4139850000,373525.5458135078,373525.5458135078,1,SRM-USDT
2021-11-08 07:00:00,1636326000000,7.7298000000,7.7383000000,7.6834000000,7.7222000000,58332.7905980000,449289.4137240523,449289.4137240523,1,SRM-USDT
2021-11-08 08:00:00,1636329600000,7.7207000000,7.7314000000,7.5477000000,7.6279000000,335551.7766570000,2559185.0980501650,2559185.0980501650,1,SRM-USDT
2021-11-08 09:00:00,1636333200000,7.6265000000,7.6325000000,7.5247000000,7.5293000000,134092.9610640000,1016217.2440784294,1016217.2440784294,1,SRM-USDT
2021-11-08 10:00:00,1636336800000,7.5326000000,7.5758000000,7.5230000000,7.5468000000,65111.3926200000,491469.2625587547,491469.2625587547,1,SRM-USDT
2021-11-08 11:00:00,1636340400000,7.5489000000,7.6008000000,7.5401000000,7.5863000000,71068.5789440000,538920.0535985115,538920.0535985115,1,SRM-USDT
2021-11-08 12:00:00,1636344000000,7.5870000000,7.6143000000,7.5686000000,7.6016000000,76870.7412670000,583677.3379638338,583677.3379638338,1,SRM-USDT
2021-11-08 13:00:00,1636347600000,7.6008000000,7.6059000000,7.5520000000,7.5785000000,93417.8934680000,708194.6617072778,708194.6617072778,1,SRM-USDT
2021-11-08 14:00:00,1636351200000,7.5786000000,7.6300000000,7.5462000000,7.6209000000,136407.0621880000,1034403.1018731416,1034403.1018731416,1,SRM-USDT
2021-11-08 15:00:00,1636354800000,7.6201000000,7.6371000000,7.5582000000,7.5844000000,100733.2804430000,765648.7973214982,765648.7973214982,1,SRM-USDT
2021-11-08 16:00:00,1636358400000,7.5860000000,7.6027000000,7.5346000000,7.5620000000,82074.0626750000,621040.2424584286,621040.2424584286,1,SRM-USDT
2021-11-08 17:00:00,1636362000000,7.5623000000,7.6088000000,7.5510000000,7.5710000000,134302.5699910000,1017113.3375466641,1017113.3375466641,1,SRM-USDT
2021-11-08 18:00:00,1636365600000,7.5697000000,7.6400000000,7.5697000000,7.5990000000,113222.3238640000,861669.3966951929,861669.3966951929,1,SRM-USDT
2021-11-08 19:00:00,1636369200000,7.6023000000,7.6407000000,7.5888000000,7.6367000000,118943.3650590000,905976.2607062288,905976.2607062288,1,SRM-USDT
2021-11-08 20:00:00,1636372800000,7.6390000000,7.6662000000,7.6127000000,7.6632000000,92321.1754760000,704998.2775367995,704998.2775367995,1,SRM-USDT
2021-11-08 21:00:00,1636376400000,7.6637000000,7.7158000000,7.5838000000,7.5963000000,126865.4981080000,971190.2494026872,971190.2494026872,1,SRM-USDT
2021-11-08 22:00:00,1636380000000,7.5953000000,7.6756000000,7.5904000000,7.6682000000,86792.0826740000,661936.9343025055,661936.9343025055,1,SRM-USDT
2021-11-08 23:00:00,1636383600000,7.6683000000,7.7807000000,7.6444000000,7.7805000000,132590.2725230000,1022247.1914795812,1022247.1914795812,1,SRM-USDT
2021-11-09 00:00:00,1636387200000,7.7784000000,7.8040000000,7.7013000000,7.7091000000,156299.8824630000,1210081.8257335497,1210081.8257335497,1,SRM-USDT
2021-11-09 01:00:00,1636390800000,7.7069000000,7.7768000000,7.6809000000,7.7727000000,106633.3629880000,823547.7331140249,823547.7331140249,1,SRM-USDT
2021-11-09 02:00:00,1636394400000,7.7729000000,7.8707000000,7.7729000000,7.8122000000,232177.6029890000,1818778.9565408544,1818778.9565408544,1,SRM-USDT
2021-11-09 03:00:00,1636398000000,7.8143000000,7.8550000000,7.7657000000,7.8036000000,88137.7568550000,689380.4933197416,689380.4933197416,1,SRM-USDT
2021-11-09 04:00:00,1636401600000,7.8036000000,7.8042000000,7.7244000000,7.7437000000,96249.0476150000,746364.9362577145,746364.9362577145,1,SRM-USDT
2021-11-09 05:00:00,1636405200000,7.7447000000,7.7888000000,7.7369000000,7.7659000000,60502.0197100000,470208.5779500021,470208.5779500021,1,SRM-USDT
2021-11-09 06:00:00,1636408800000,7.7704000000,7.7743000000,7.7284000000,7.7596000000,63544.7488270000,492386.5706449004,492386.5706449004,1,SRM-USDT
2021-11-09 07:00:00,1636412400000,7.7601000000,7.8738000000,7.7573000000,7.8391000000,129424.0672880000,1012653.3016309348,1012653.3016309348,1,SRM-USDT
2021-11-09 08:00:00,1636416000000,7.8384000000,7.9648000000,7.7899000000,7.8143000000,235071.0765190000,1847722.1694042841,1847722.1694042841,1,SRM-USDT
2021-11-09 09:00:00,1636419600000,7.8087000000,7.8123000000,7.7196000000,7.7261000000,103899.4585020000,808203.2982659379,808203.2982659379,1,SRM-USDT
2021-11-09 10:00:00,1636423200000,7.7243000000,7.7583000000,7.6937000000,7.7162000000,72876.9952600000,562970.9252436213,562970.9252436213,1,SRM-USDT
2021-11-09 11:00:00,1636426800000,7.7181000000,7.7640000000,7.7175000000,7.7442000000,64194.4404880000,496869.1348332541,496869.1348332541,1,SRM-USDT
2021-11-09 12:00:00,1636430400000,7.7486000000,7.7517000000,7.7036000000,7.7126000000,80430.9788130000,621420.4064706927,621420.4064706927,1,SRM-USDT
2021-11-09 13:00:00,1636434000000,7.7081000000,7.7436000000,7.7012000000,7.7325000000,61009.8375140000,471226.6571908760,471226.6571908760,1,SRM-USDT
2021-11-09 14:00:00,1636437600000,7.7314000000,7.7419000000,7.7063000000,7.7386000000,50060.7200060000,386748.1510670920,386748.1510670920,1,SRM-USDT
2021-11-09 15:00:00,1636441200000,7.7393000000,7.7720000000,7.7041000000,7.7137000000,86161.2308350000,666639.6498480228,666639.6498480228,1,SRM-USDT
2021-11-09 16:00:00,1636444800000,7.7103000000,7.7742000000,7.7014000000,7.7695000000,71773.6933590000,555449.5322228023,555449.5322228023,1,SRM-USDT
2021-11-09 17:00:00,1636448400000,7.7718000000,7.8006000000,7.7600000000,7.7732000000,96009.6741710000,746660.6148239560,746660.6148239560,1,SRM-USDT
2021-11-09 18:00:00,1636452000000,7.7739000000,7.7897000000,7.7081000000,7.7104000000,98870.8815290000,766595.1542520258,766595.1542520258,1,SRM-USDT
2021-11-09 19:00:00,1636455600000,7.7092000000,7.7273000000,7.5426000000,7.6352000000,249174.2783270000,1904413.6901869329,1904413.6901869329,1,SRM-USDT
2021-11-09 20:00:00,1636459200000,7.6358000000,7.6518000000,7.5519000000,7.6082000000,155287.8374520000,1182386.0958955926,1182386.0958955926,1,SRM-USDT
2021-11-09 21:00:00,1636462800000,7.6078000000,7.6520000000,7.5904000000,7.6507000000,136445.1167320000,1040935.1177981548,1040935.1177981548,1,SRM-USDT
2021-11-09 22:00:00,1636466400000,7.6503000000,7.6706000000,7.6012000000,7.6055000000,118626.1536640000,906744.0968972524,906744.0968972524,1,SRM-USDT
2021-11-09 23:00:00,1636470000000,7.6059000000,7.6213000000,7.4407000000,7.5431000000,232029.1815720000,1750215.3327550767,1750215.3327550767,1,SRM-USDT
2021-11-10 00:00:00,1636473600000,7.5461000000,7.5746000000,7.4669000000,7.5317000000,108984.9262850000,820101.4796540475,820101.4796540475,1,SRM-USDT
2021-11-10 01:00:00,1636477200000,7.5330000000,7.5743000000,7.4750000000,7.5661000000,82538.7247630000,621343.2138703354,621343.2138703354,1,SRM-USDT
2021-11-10 02:00:00,1636480800000,7.5622000000,7.5773000000,7.4949000000,7.4960000000,58019.7084020000,437721.1510978821,437721.1510978821,1,SRM-USDT
2021-11-10 03:00:00,1636484400000,7.4972000000,7.5239000000,7.4611000000,7.5165000000,54307.9464810000,406816.8191600407,406816.8191600407,1,SRM-USDT
2021-11-10 04:00:00,1636488000000,7.5140000000,7.5495000000,7.4825000000,7.5405000000,66561.8464550000,500421.7693257500,500421.7693257500,1,SRM-USDT
2021-11-10 05:00:00,1636491600000,7.5413000000,7.5796000000,7.5106000000,7.5696000000,61967.7469250000,467168.3788886932,467168.3788886932,1,SRM-USDT
2021-11-10 06:00:00,1636495200000,7.5665000000,7.5759000000,7.5110000000,7.5376000000,53707.9140210000,405294.0704931707,405294.0704931707,1,SRM-USDT
2021-11-10 07:00:00,1636498800000,7.5481000000,7.5585000000,7.4977000000,7.5044000000,50284.4975870000,378496.4812116906,378496.4812116906,1,SRM-USDT
2021-11-10 08:00:00,1636502400000,7.5082000000,7.5605000000,7.4436000000,7.4636000000,82102.0852110000,615427.5590936739,615427.5590936739,1,SRM-USDT
2021-11-10 09:00:00,1636506000000,7.4586000000,7.4969000000,7.4339000000,7.4705000000,59298.1488320000,443068.8417943266,443068.8417943266,1,SRM-USDT
2021-11-10 10:00:00,1636509600000,7.4785000000,7.5026000000,7.4637000000,7.4942000000,46804.9934260000,350442.4864667750,350442.4864667750,1,SRM-USDT
2021-11-10 11:00:00,1636513200000,7.4941000000,7.4941000000,7.3797000000,7.3935000000,101177.6634290000,750768.4354172786,750768.4354172786,1,SRM-USDT
2021-11-10 12:00:00,1636516800000,7.3953000000,7.4453000000,7.3608000000,7.4427000000,64011.4230430000,473750.8734964848,473750.8734964848,1,SRM-USDT
2021-11-10 13:00:00,1636520400000,7.4413000000,7.4437000000,7.3915000000,7.3966000000,51799.8492230000,383723.9175018862,383723.9175018862,1,SRM-USDT
2021-11-10 14:00:00,1636524000000,7.3988000000,7.4809000000,7.3909000000,7.4673000000,64152.4421670000,477370.2107141871,477370.2107141871,1,SRM-USDT
2021-11-10 15:00:00,1636527600000,7.4685000000,7.4836000000,7.4505000000,7.4626000000,60350.3295090000,450620.2475683273,450620.2475683273,1,SRM-USDT
2021-11-10 16:00:00,1636531200000,7.4618000000,7.5000000000,7.4527000000,7.4817000000,69462.1692430000,519392.0264532308,519392.0264532308,1,SRM-USDT
2021-11-10 17:00:00,1636534800000,7.4880000000,7.4986000000,7.4575000000,7.4775000000,49475.9684450000,370155.8621956320,370155.8621956320,1,SRM-USDT
2021-11-10 18:00:00,1636538400000,7.4786000000,7.5720000000,7.4741000000,7.5631000000,78895.9249750000,594459.1312889644,594459.1312889644,1,SRM-USDT
2021-11-10 19:00:00,1636542000000,7.5649000000,7.5737000000,7.5104000000,7.5123000000,66615.5655460000,502032.7609532086,502032.7609532086,1,SRM-USDT
2021-11-10 20:00:00,1636545600000,7.5116000000,7.5340000000,7.4115000000,7.4278000000,90176.6858890000,675065.0562888758,675065.0562888758,1,SRM-USDT
2021-11-10 21:00:00,1636549200000,7.4248000000,7.5098000000,7.3786000000,7.5062000000,155474.5689300000,1157882.3739043574,1157882.3739043574,1,SRM-USDT
2021-11-10 22:00:00,1636552800000,7.5073000000,7.5789000000,7.5002000000,7.5335000000,136020.9182840000,1025260.6503217391,1025260.6503217391,1,SRM-USDT
2021-11-10 23:00:00,1636556400000,7.5395000000,7.6094000000,7.5372000000,7.6019000000,97637.1754410000,740299.0134914247,740299.0134914247,1,SRM-USDT
2021-11-11 00:00:00,1636560000000,7.6063000000,7.6188000000,7.5707000000,7.5924000000,77832.6794000000,590983.3179132181,590983.3179132181,1,SRM-USDT
2021-11-11 01:00:00,1636563600000,7.5922000000,7.6013000000,7.5287000000,7.5563000000,96572.2268020000,730868.5629185133,730868.5629185133,1,SRM-USDT
2021-11-11 02:00:00,1636567200000,7.5556000000,7.5705000000,7.4352000000,7.4386000000,116509.0809420000,873392.9609016866,873392.9609016866,1,SRM-USDT
2021-11-11 03:00:00,1636570800000,7.4382000000,7.4789000000,7.2260000000,7.2285000000,307616.7569110000,2260821.5903942185,2260821.5903942185,1,SRM-USDT
2021-11-11 04:00:00,1636574400000,7.2370000000,7.2827000000,7.0031000000,7.1012000000,624303.5863820000,4474916.9947808580,4474916.9947808580,1,SRM-USDT
2021-11-11 05:00:00,1636578000000,7.1011000000,7.1609000000,6.6766000000,6.8479000000,1013528.2948300000,6960428.0297618201,6960428.0297618201,1,SRM-USDT
2021-11-11 06:00:00,1636581600000,6.8438000000,7.0057000000,6.7881000000,6.9993000000,258429.4378590000,1784392.2565936488,1784392.2565936488,1,SRM-USDT
2021-11-11 07:00:00,1636585200000,6.9956000000,6.9984000000,6.9113000000,6.9802000000,128407.1552060000,893032.7916190655,893032.7916190655,1,SRM-USDT
2021-11-11 08:00:00,1636588800000,6.9804000000,7.0141000000,6.8773000000,7.0141000000,170129.3650930000,1181416.7890924828,1181416.7890924828,1,SRM-USDT
2021-11-11 09:00:00,1636592400000,7.0113000000,7.0474000000,6.9866000000,7.0372000000,94618.6625700000,664191.4013003678,664191.4013003678,1,SRM-USDT
2021-11-11 10:00:00,1636596000000,7.0285000000,7.0285000000,6.9412000000,7.0143000000,108105.1363490000,755230.4953358077,755230.4953358077,1,SRM-USDT
2021-11-11 11:00:00,1636599600000,7.0143000000,7.0612000000,6.9994000000,7.0576000000,90344.0954950000,635377.2669596366,635377.2669596366,1,SRM-USDT
2021-11-11 12:00:00,1636603200000,7.0507000000,7.0920000000,7.0342000000,7.0833000000,85199.8830810000,601915.6073313324,601915.6073313324,1,SRM-USDT
2021-11-11 13:00:00,1636606800000,7.0856000000,7.1544000000,7.0812000000,7.1514000000,97061.1773430000,690976.6952923185,690976.6952923185,1,SRM-USDT
2021-11-11 14:00:00,1636610400000,7.1552000000,7.1918000000,7.1104000000,7.1893000000,119809.8771260000,857679.0001445875,857679.0001445875,1,SRM-USDT
2021-11-11 15:00:00,1636614000000,7.1902000000,7.2145000000,7.1663000000,7.1814000000,112249.6438500000,807129.6094588432,807129.6094588432,1,SRM-USDT
2021-11-11 16:00:00,1636617600000,7.1819000000,7.2155000000,7.0585000000,7.1822000000,180327.8340380000,1284576.4631424907,1284576.4631424907,1,SRM-USDT
2021-11-11 17:00:00,1636621200000,7.1811000000,7.2018000000,7.1464000000,7.1997000000,68055.8113450000,488003.8678664985,488003.8678664985,1,SRM-USDT
2021-11-11 18:00:00,1636624800000,7.2020000000,7.2049000000,7.1288000000,7.1316000000,49983.3672750000,357609.6754930503,357609.6754930503,1,SRM-USDT
2021-11-11 19:00:00,1636628400000,7.1352000000,7.2156000000,7.1202000000,7.1949000000,97347.9209240000,698555.4050472595,698555.4050472595,1,SRM-USDT
2021-11-11 20:00:00,1636632000000,7.1910000000,7.2175000000,7.0785000000,7.1394000000,105562.7156850000,752009.3122930479,752009.3122930479,1,SRM-USDT
2021-11-11 21:00:00,1636635600000,7.1400000000,7.1571000000,7.0884000000,7.0943000000,71246.4972510000,506704.2765127342,506704.2765127342,1,SRM-USDT
2021-11-11 22:00:00,1636639200000,7.0977000000,7.1469000000,7.0272000000,7.1223000000,108665.8199020000,771760.2419023199,771760.2419023199,1,SRM-USDT
2021-11-11 23:00:00,1636642800000,7.1189000000,7.1269000000,7.0570000000,7.0932000000,55980.3414120000,396943.5840591500,396943.5840591500,1,SRM-USDT
2021-11-12 00:00:00,1636646400000,7.0912000000,7.1452000000,7.0705000000,7.1422000000,47782.4692780000,339905.2375378528,339905.2375378528,1,SRM-USDT
2021-11-12 01:00:00,1636650000000,7.1426000000,7.1536000000,7.1004000000,7.1029000000,51363.4708500000,366168.5976890762,366168.5976890762,1,SRM-USDT
2021-11-12 02:00:00,1636653600000,7.1012000000,7.1090000000,7.0323000000,7.0591000000,81097.7852240000,572925.2898216308,572925.2898216308,1,SRM-USDT
2021-11-12 03:00:00,1636657200000,7.0616000000,7.1126000000,7.0616000000,7.1100000000,39759.6230470000,282060.4695611734,282060.4695611734,1,SRM-USDT
2021-11-12 04:00:00,1636660800000,7.1120000000,7.1291000000,7.0400000000,7.0441000000,51605.5288550000,364817.2570085456,364817.2570085456,1,SRM-USDT
2021-11-12 05:00:00,1636664400000,7.0413000000,7.1021000000,7.0352000000,7.0980000000,41111.6628600000,291004.2710489431,291004.2710489431,1,SRM-USDT
2021-11-12 06:00:00,1636668000000,7.0997000000,7.1260000000,7.0648000000,7.1202000000,47526.0980060000,337527.4671379306,337527.4671379306,1,SRM-USDT
2021-11-12 07:00:00,1636671600000,7.1224000000,7.1224000000,7.0621000000,7.0621000000,58209.1263850000,412630.8309574665,412630.8309574665,1,SRM-USDT
2021-11-12 08:00:00,1636675200000,7.0573000000,7.0754000000,6.9939000000,7.0398000000,71622.6661220000,503929.1266935192,503929.1266935192,1,SRM-USDT
2021-11-12 09:00:00,1636678800000,7.0409000000,7.0820000000,6.9314000000,7.0620000000,112155.2963340000,785952.6954506139,785952.6954506139,1,SRM-USDT
2021-11-12 10:00:00,1636682400000,7.0577000000,7.1469000000,7.0559000000,7.1064000000,50200.1273720000,357196.8076467817,357196.8076467817,1,SRM-USDT
2021-11-12 11:00:00,1636686000000,7.1094000000,7.1192000000,7.0360000000,7.0865000000,52340.0018370000,369998.8040341197,369998.8040341197,1,SRM-USDT
2021-11-12 12:00:00,1636689600000,7.0883000000,7.1616000000,7.0847000000,7.1360000000,50719.4666840000,361267.0088510939,361267.0088510939,1,SRM-USDT
2021-11-12 13:00:00,1636693200000,7.1447000000,7.1969000000,7.0924000000,7.0938000000,65125.5076890000,465086.9116967302,465086.9116967302,1,SRM-USDT
2021-11-12 14:00:00,1636696800000,7.0953000000,7.1360000000,7.0383000000,7.0527000000,71246.9554730000,505825.2163945052,505825.2163945052,1,SRM-USDT
2021-11-12 15:00:00,1636700400000,7.0496000000,7.0845000000,7.0032000000,7.0422000000,52454.7468800000,369236.0857096151,369236.0857096151,1,SRM-USDT
2021-11-12 16:00:00,1636704000000,7.0422000000,7.1350000000,7.0127000000,7.1222000000,76527.1640460000,542185.0437018116,542185.0437018116,1,SRM-USDT
2021-11-12 17:00:00,1636707600000,7.1151000000,7.1416000000,6.8625000000,6.8885000000,193135.8774620000,1347121.2520837509,1347121.2520837509,1,SRM-USDT
2021-11-12 18:00:00,1636711200000,6.8764000000,6.9802000000,6.8627000000,6.9089000000,139085.1320270000,962801.6863056788,962801.6863056788,1,SRM-USDT
2021-11-12 19:00:00,1636714800000,6.9051000000,6.9697000000,6.8628000000,6.9002000000,124193.1624890000,859668.0279324832,859668.0279324832,1,SRM-USDT
2021-11-12 20:00:00,1636718400000,6.8985000000,6.9839000000,6.8628000000,6.9589000000,92552.7044960000,641912.8090394541,641912.8090394541,1,SRM-USDT
2021-11-12 21:00:00,1636722000000,6.9528000000,6.9826000000,6.8883000000,6.9521000000,99212.3363500000,687720.3521299362,687720.3521299362,1,SRM-USDT
2021-11-12 22:00:00,1636725600000,6.9461000000,6.9581000000,6.8901000000,6.8920000000,54494.9485610000,377315.2643826134,377315.2643826134,1,SRM-USDT
2021-11-12 23:00:00,1636729200000,6.8949000000,6.9148000000,6.8114000000,6.8490000000,82835.3568290000,568136.4228219289,568136.4228219289,1,SRM-USDT
2021-11-13 00:00:00,1636732800000,6.8480000000,6.8953000000,6.7274000000,6.8588000000,147478.7845370000,1002484.1356611374,1002484.1356611374,1,SRM-USDT
2021-11-13 01:00:00,1636736400000,6.8581000000,6.9542000000,6.8374000000,6.9520000000,95987.8823110000,662412.4293004134,662412.4293004134,1,SRM-USDT
2021-11-13 02:00:00,1636740000000,6.9483000000,6.9720000000,6.9162000000,6.9312000000,55344.5964110000,384537.6313046038,384537.6313046038,1,SRM-USDT
2021-11-13 03:00:00,1636743600000,6.9378000000,6.9447000000,6.8790000000,6.9244000000,53100.7036600000,366815.3568283614,366815.3568283614,1,SRM-USDT
2021-11-13 04:00:00,1636747200000,6.9191000000,6.9795000000,6.9191000000,6.9606000000,38221.4801860000,265804.3772428134,265804.3772428134,1,SRM-USDT
2021-11-13 05:00:00,1636750800000,6.9621000000,6.9845000000,6.9378000000,6.9475000000,56282.7508160000,392076.0672849019,392076.0672849019,1,SRM-USDT
2021-11-13 06:00:00,1636754400000,6.9499000000,6.9727000000,6.9227000000,6.9385000000,29940.5346900000,208105.3335927791,208105.3335927791,1,SRM-USDT
2021-11-13 07:00:00,1636758000000,6.9452000000,6.9800000000,6.9365000000,6.9539000000,37428.1016240000,260360.3051117851,260360.3051117851,1,SRM-USDT
2021-11-13 08:00:00,1636761600000,6.9507000000,7.0368000000,6.9507000000,7.0101000000,108544.1360930000,760924.8441230751,760924.8441230751,1,SRM-USDT
2021-11-13 09:00:00,1636765200000,7.0166000000,7.0210000000,6.9276000000,6.9300000000,49481.0527080000,345128.6943884485,345128.6943884485,1,SRM-USDT
2021-11-13 10:00:00,1636768800000,6.9308000000,6.9718000000,6.9205000000,6.9243000000,59009.6986390000,410093.2798706120,410093.2798706120,1,SRM-USDT
2021-11-13 11:00:00,1636772400000,6.9254000000,6.9628000000,6.9210000000,6.9435000000,27312.7969390000,189564.5669592465,189564.5669592465,1,SRM-USDT
2021-11-13 12:00:00,1636776000000,6.9400000000,6.9728000000,6.9123000000,6.9441000000,41299.5621140000,286942.0212617779,286942.0212617779,1,SRM-USDT
2021-11-13 13:00:00,1636779600000,6.9458000000,6.9656000000,6.9239000000,6.9464000000,40311.6604280000,279862.9526016766,279862.9526016766,1,SRM-USDT
2021-11-13 14:00:00,1636783200000,6.9454000000,7.0269000000,6.9449000000,7.0135000000,73369.2917520000,513181.7029534217,513181.7029534217,1,SRM-USDT
2021-11-13 15:00:00,1636786800000,7.0151000000,7.0182000000,6.9612000000,7.0013000000,38259.8174810000,267538.3301106720,267538.3301106720,1,SRM-USDT
2021-11-13 16:00:00,1636790400000,7.0002000000,7.0342000000,6.9926000000,6.9933000000,45579.1132660000,319532.1795103902,319532.1795103902,1,SRM-USDT
2021-11-13 17:00:00,1636794000000,6.9953000000,7.0028000000,6.9395000000,6.9446000000,54666.2065410000,381017.6698320398,381017.6698320398,1,SRM-USDT
2021-11-13 18:00:00,1636797600000,6.9448000000,7.0081000000,6.9349000000,7.0030000000,57447.6067180000,400649.2809516910,400649.2809516910,1,SRM-USDT
2021-11-13 19:00:00,1636801200000,7.0044000000,7.0195000000,6.9652000000,6.9799000000,51018.9005630000,356821.1781291771,356821.1781291771,1,SRM-USDT
2021-11-13 20:00:00,1636804800000,6.9786000000,7.0200000000,6.9388000000,6.9954000000,103489.1894240000,722779.8928560971,722779.8928560971,1,SRM-USDT
2021-11-13 21:00:00,1636808400000,6.9951000000,7.0564000000,6.9896000000,7.0563000000,86768.5902240000,609356.7342564759,609356.7342564759,1,SRM-USDT
2021-11-13 22:00:00,1636812000000,7.0564000000,7.1633000000,7.0464000000,7.1440000000,241489.2711950000,1715209.0351784034,1715209.0351784034,1,SRM-USDT
2021-11-13 23:00:00,1636815600000,7.1502000000,7.1826000000,7.0511000000,7.0885000000,117360.3881810000,836309.7003097996,836309.7003097996,1,SRM-USDT
2021-11-14 00:00:00,1636819200000,7.0884000000,7.1366000000,7.0841000000,7.0987000000,63596.9280310000,452298.9461533294,452298.9461533294,1,SRM-USDT
2021-11-14 01:00:00,1636822800000,7.0992000000,7.1194000000,7.0369000000,7.0909000000,89046.8856310000,630125.9270540345,630125.9270540345,1,SRM-USDT
2021-11-14 02:00:00,1636826400000,7.0907000000,7.0944000000,6.9768000000,7.0190000000,70324.7670600000,494343.3940909616,494343.3940909616,1,SRM-USDT
2021-11-14 03:00:00,1636830000000,7.0201000000,7.0460000000,6.9889000000,7.0222000000,47430.8318910000,333080.2584375795,333080.2584375795,1,SRM-USDT
2021-11-14 04:00:00,1636833600000,7.0231000000,7.0944000000,7.0168000000,7.0924000000,51561.3944580000,363945.6169188894,363945.6169188894,1,SRM-USDT
2021-11-14 05:00:00,1636837200000,7.0921000000,7.1025000000,7.0510000000,7.0712000000,56569.6081520000,400321.9955792323,400321.9955792323,1,SRM-USDT
2021-11-14 06:00:00,1636840800000,7.0720000000,7.1202000000,7.0669000000,7.1027000000,51755.5263200000,367236.2707024118,367236.2707024118,1,SRM-USDT
2021-11-14 07:00:00,1636844400000,7.1040000000,7.1427000000,7.0986000000,7.1104000000,63470.2361850000,451934.4176225806,451934.4176225806,1,SRM-USDT
2021-11-14 08:00:00,1636848000000,7.1104000000,7.1581000000,7.0710000000,7.1148000000,92816.8944780000,660989.0462413031,660989.0462413031,1,SRM-USDT
2021-11-14 09:00:00,1636851600000,7.1156000000,7.1552000000,7.0987000000,7.1108000000,50954.8215060000,363037.4266261524,363037.4266261524,1,SRM-USDT
2021-11-14 10:00:00,1636855200000,7.1090000000,7.1551000000,7.1090000000,7.1388000000,60839.5071940000,434303.5913721086,434303.5913721086,1,SRM-USDT
2021-11-14 11:00:00,1636858800000,7.1388000000,7.1585000000,7.0987000000,7.1008000000,78225.3848380000,557586.9591862917,557586.9591862917,1,SRM-USDT
2021-11-14 12:00:00,1636862400000,7.1013000000,7.1260000000,7.0890000000,7.0908000000,39361.0581220000,279739.1369295649,279739.1369295649,1,SRM-USDT
2021-11-14 13:00:00,1636866000000,7.0980000000,7.1078000000,7.0744000000,7.0887000000,29303.1986800000,207776.2270828354,207776.2270828354,1,SRM-USDT
2021-11-14 14:00:00,1636869600000,7.0932000000,7.1031000000,7.0726000000,7.0774000000,58013.0771280000,411057.6789998322,411057.6789998322,1,SRM-USDT
2021-11-14 15:00:00,1636873200000,7.0731000000,7.0832000000,7.0362000000,7.0511000000,48717.0004490000,343902.5087811352,343902.5087811352,1,SRM-USDT
2021-11-14 16:00:00,1636876800000,7.0520000000,7.0614000000,7.0005000000,7.0348000000,45738.1521960000,321479.6083637505,321479.6083637505,1,SRM-USDT
2021-11-14 17:00:00,1636880400000,7.0284000000,7.0561000000,7.0127000000,7.0294000000,40523.6332740000,284997.0189289810,284997.0189289810,1,SRM-USDT
2021-11-14 18:00:00,1636884000000,7.0271000000,7.0748000000,7.0182000000,7.0578000000,53073.9215300000,374592.0058311134,374592.0058311134,1,SRM-USDT
2021-11-14 19:00:00,1636887600000,7.0570000000,7.0649000000,7.0302000000,7.0559000000,47641.9121710000,335576.6403111478,335576.6403111478,1,SRM-USDT
2021-11-14 20:00:00,1636891200000,7.0597000000,7.0797000000,7.0284000000,7.0639000000,58781.4721100000,414234.8410290313,414234.8410290313,1,SRM-USDT
2021-11-14 21:00:00,1636894800000,7.0649000000,7.0884000000,7.0437000000,7.0811000000,42607.2726770000,301305.8139578379,301305.8139578379,1,SRM-USDT
2021-11-14 22:00:00,1636898400000,7.0817000000,7.1210000000,7.0200000000,7.0286000000,98904.6781350000,698725.7951004584,698725.7951004584,1,SRM-USDT
2021-11-14 23:00:00,1636902000000,7.0249000000,7.0288000000,7.0007000000,7.0068000000,59323.9544340000,416082.4703320292,416082.4703320292,1,SRM-USDT
2021-11-15 00:00:00,1636905600000,7.0029000000,7.0157000000,6.9098000000,6.9239000000,85605.6075860000,596857.0323371299,596857.0323371299,1,SRM-USDT
2021-11-15 01:00:00,1636909200000,6.9200000000,6.9649000000,6.9000000000,6.9535000000,60216.7864130000,416794.0233695200,416794.0233695200,1,SRM-USDT
2021-11-15 02:00:00,1636912800000,6.9589000000,6.9820000000,6.9097000000,6.9287000000,55910.3469400000,387885.1048192442,387885.1048192442,1,SRM-USDT
2021-11-15 03:00:00,1636916400000,6.9299000000,6.9424000000,6.8883000000,6.9369000000,45667.8384400000,315847.2146041069,315847.2146041069,1,SRM-USDT
2021-11-15 04:00:00,1636920000000,6.9439000000,6.9762000000,6.9324000000,6.9690000000,54794.6004230000,381400.3199531205,381400.3199531205,1,SRM-USDT
2021-11-15 05:00:00,1636923600000,6.9682000000,6.9925000000,6.9520000000,6.9781000000,39803.0587610000,277553.9309739212,277553.9309739212,1,SRM-USDT
2021-11-15 06:00:00,1636927200000,6.9758000000,7.0109000000,6.9713000000,6.9956000000,35275.8339290000,246791.1856479591,246791.1856479591,1,SRM-USDT
2021-11-15 07:00:00,1636930800000,6.9968000000,7.0284000000,6.9779000000,7.0278000000,35269.9223500000,247083.9981768514,247083.9981768514,1,SRM-USDT
2021-11-15 08:00:00,1636934400000,7.0283000000,7.0971000000,7.0182000000,7.0756000000,134614.9725890000,948713.7137348162,948713.7137348162,1,SRM-USDT
2021-11-15 09:00:00,1636938000000,7.0813000000,7.0983000000,7.0252000000,7.0743000000,78516.5948560000,554006.0181910704,554006.0181910704,1,SRM-USDT
2021-11-15 10:00:00,1636941600000,7.0722000000,7.0791000000,7.0344000000,7.0681000000,37355.6503970000,263755.3035371843,263755.3035371843,1,SRM-USDT
2021-11-15 11:00:00,1636945200000,7.0706000000,7.0891000000,7.0492000000,7.0753000000,50290.2418640000,355402.8933548303,355402.8933548303,1,SRM-USDT
2021-11-15 12:00:00,1636948800000,7.0762000000,7.1145000000,7.0738000000,7.1096000000,39931.5325700000,283196.0707030949,283196.0707030949,1,SRM-USDT
2021-11-15 13:00:00,1636952400000,7.1076000000,7.1205000000,7.0999000000,7.1042000000,43420.7155850000,308727.5576774696,308727.5576774696,1,SRM-USDT
2021-11-15 14:00:00,1636956000000,7.1069000000,7.1257000000,7.0908000000,7.1108000000,39108.5705770000,277959.4314826657,277959.4314826657,1,SRM-USDT
2021-11-15 15:00:00,1636959600000,7.1094000000,7.1178000000,7.0723000000,7.0933000000,44084.8689220000,312684.9073117458,312684.9073117458,1,SRM-USDT
2021-11-15 16:00:00,1636963200000,7.0903000000,7.1031000000,7.0377000000,7.0705000000,70459.6001040000,498072.1428464266,498072.1428464266,1,SRM-USDT
2021-11-15 17:00:00,1636966800000,7.0694000000,7.1221000000,7.0649000000,7.0841000000,61610.5498910000,437033.5007501810,437033.5007501810,1,SRM-USDT
2021-11-15 18:00:00,1636970400000,7.0818000000,7.0944000000,7.0648000000,7.0874000000,36196.7513070000,256419.2767308300,256419.2767308300,1,SRM-USDT
2021-11-15 19:00:00,1636974000000,7.0869000000,7.0984000000,7.0649000000,7.0762000000,47806.1474230000,338629.4654551974,338629.4654551974,1,SRM-USDT
2021-11-15 20:00:00,1636977600000,7.0744000000,7.1525000000,7.0736000000,7.1127000000,73084.3327860000,520273.5689077339,520273.5689077339,1,SRM-USDT
2021-11-15 21:00:00,1636981200000,7.1142000000,7.1410000000,7.0756000000,7.0994000000,34476.7130720000,245086.0358620336,245086.0358620336,1,SRM-USDT
2021-11-15 22:00:00,1636984800000,7.1009000000,7.1009000000,7.0319000000,7.0451000000,64910.2498670000,458215.2486638924,458215.2486638924,1,SRM-USDT
2021-11-15 23:00:00,1636988400000,7.0470000000,7.0500000000,6.9925000000,7.0211000000,106403.7133290000,747155.3658379792,747155.3658379792,1,SRM-USDT
2021-11-16 00:00:00,1636992000000,7.0210000000,7.0535000000,6.9720000000,6.9941000000,65238.6282840000,457087.5689297705,457087.5689297705,1,SRM-USDT
2021-11-16 01:00:00,1636995600000,6.9973000000,7.0026000000,6.9664000000,6.9679000000,61992.9832390000,433138.7873517502,433138.7873517502,1,SRM-USDT
2021-11-16 02:00:00,1636999200000,6.9677000000,6.9758000000,6.9041000000,6.9175000000,93384.2992640000,648008.2571816338,648008.2571816338,1,SRM-USDT
2021-11-16 03:00:00,1637002800000,6.9176000000,6.9664000000,6.9021000000,6.9574000000,37953.7748760000,263239.3066740424,263239.3066740424,1,SRM-USDT
2021-11-16 04:00:00,1637006400000,6.9543000000,6.9553000000,6.9025000000,6.9100000000,61742.0414520000,427033.1072728002,427033.1072728002,1,SRM-USDT
2021-11-16 05:00:00,1637010000000,6.9096000000,6.9313000000,6.8800000000,6.9068000000,111170.1448460000,767415.7997384345,767415.7997384345,1,SRM-USDT
2021-11-16 06:00:00,1637013600000,6.9034000000,6.9208000000,6.8821000000,6.9181000000,70854.1803630000,488923.3242242701,488923.3242242701,1,SRM-USDT
2021-11-16 07:00:00,1637017200000,6.9185000000,6.9245000000,6.8808000000,6.8971000000,72631.8064900000,501228.7801182201,501228.7801182201,1,SRM-USDT
2021-11-16 08:00:00,1637020800000,6.8987000000,6.8992000000,6.7270000000,6.7289000000,236950.3472480000,1609139.5107097311,1609139.5107097311,1,SRM-USDT
2021-11-16 09:00:00,1637024400000,6.7271000000,6.7437000000,6.5211000000,6.6790000000,433800.3743830000,2870686.2584278546,2870686.2584278546,1,SRM-USDT
2021-11-16 10:00:00,1637028000000,6.6771000000,6.7947000000,6.6333000000,6.6456000000,172893.9394390000,1159699.1423790653,1159699.1423790653,1,SRM-USDT
2021-11-16 11:00:00,1637031600000,6.6405000000,6.6735000000,6.4728000000,6.5563000000,218613.1167140000,1436953.5957798867,1436953.5957798867,1,SRM-USDT
2021-11-16 12:00:00,1637035200000,6.5561000000,6.6147000000,6.5032000000,6.6050000000,153453.3863370000,1008125.7970840459,1008125.7970840459,1,SRM-USDT
2021-11-16 13:00:00,1637038800000,6.5972000000,6.6325000000,6.5743000000,6.5818000000,72083.8777130000,475742.3291072003,475742.3291072003,1,SRM-USDT
2021-11-16 14:00:00,1637042400000,6.5819000000,6.6287000000,6.5444000000,6.6139000000,74321.6904690000,488996.1801397868,488996.1801397868,1,SRM-USDT
2021-11-16 15:00:00,1637046000000,6.6133000000,6.6391000000,6.5653000000,6.6076000000,60150.7308250000,396925.5905724073,396925.5905724073,1,SRM-USDT
2021-11-16 16:00:00,1637049600000,6.6078000000,6.6340000000,6.5765000000,6.6332000000,104307.3045630000,688756.3229302802,688756.3229302802,1,SRM-USDT
2021-11-16 17:00:00,1637053200000,6.6329000000,6.6521000000,6.4740000000,6.4756000000,114733.4344310000,751683.4288514488,751683.4288514488,1,SRM-USDT
2021-11-16 18:00:00,1637056800000,6.4730000000,6.4820000000,6.1025000000,6.3402000000,861801.0432540000,5373255.4367252840,5373255.4367252840,1,SRM-USDT
2021-11-16 19:00:00,1637060400000,6.3402000000,6.4140000000,6.3305000000,6.3810000000,140459.6514660000,895789.3144114005,895789.3144114005,1,SRM-USDT
2021-11-16 20:00:00,1637064000000,6.3739000000,6.3992000000,6.3224000000,6.3326000000,99649.6570820000,634757.5495820689,634757.5495820689,1,SRM-USDT
2021-11-16 21:00:00,1637067600000,6.3341000000,6.4142000000,6.3341000000,6.3903000000,98333.5360070000,627694.3502038587,627694.3502038587,1,SRM-USDT
2021-11-16 22:00:00,1637071200000,6.3904000000,6.5301000000,6.3856000000,6.4779000000,136827.3448350000,885944.3277496441,885944.3277496441,1,SRM-USDT
2021-11-16 23:00:00,1637074800000,6.4874000000,6.4977000000,6.4219000000,6.4344000000,68854.0037160000,445274.7611736479,445274.7611736479,1,SRM-USDT
2021-11-17 00:00:00,1637078400000,6.4335000000,6.4739000000,6.4170000000,6.4434000000,58776.4813660000,378729.8176663255,378729.8176663255,1,SRM-USDT
2021-11-17 01:00:00,1637082000000,6.4445000000,6.4651000000,6.4063000000,6.4348000000,56977.5779500000,366887.7090944281,366887.7090944281,1,SRM-USDT
2021-11-17 02:00:00,1637085600000,6.4306000000,6.4578000000,6.3633000000,6.3633000000,63701.3244450000,409270.1882272913,409270.1882272913,1,SRM-USDT
2021-11-17 03:00:00,1637089200000,6.3595000000,6.4258000000,6.3212000000,6.3717000000,91451.9101420000,583710.0593402380,583710.0593402380,1,SRM-USDT
2021-11-17 04:00:00,1637092800000,6.3709000000,6.3752000000,6.2099000000,6.2669000000,113072.5138480000,710466.9848056044,710466.9848056044,1,SRM-USDT
2021-11-17 05:00:00,1637096400000,6.2688000000,6.3743000000,6.2635000000,6.3445000000,76019.0231520000,481942.2057660301,481942.2057660301,1,SRM-USDT
2021-11-17 06:00:00,1637100000000,6.3493000000,6.3799000000,6.3451000000,6.3639000000,53266.4332240000,338994.6074624019,338994.6074624019,1,SRM-USDT
2021-11-17 07:00:00,1637103600000,6.3695000000,6.3738000000,6.3056000000,6.3097000000,53771.9224290000,340921.6883203167,340921.6883203167,1,SRM-USDT
2021-11-17 08:00:00,1637107200000,6.3100000000,6.3498000000,6.2531000000,6.2658000000,78390.1798360000,494069.3522352098,494069.3522352098,1,SRM-USDT
2021-11-17 09:00:00,1637110800000,6.2656000000,6.3464000000,6.1974000000,6.2044000000,169307.4848370000,1061990.6738664729,1061990.6738664729,1,SRM-USDT
2021-11-17 10:00:00,1637114400000,6.2009000000,6.2416000000,6.1628000000,6.1817000000,101810.4265810000,631124.7094408881,631124.7094408881,1,SRM-USDT
2021-11-17 11:00:00,1637118000000,6.1835000000,6.2226000000,6.0729000000,6.1083000000,155964.4673690000,960315.6917810672,960315.6917810672,1,SRM-USDT
2021-11-17 12:00:00,1637121600000,6.1129000000,6.1767000000,6.0639000000,6.1414000000,124879.2428520000,764433.0229652931,764433.0229652931,1,SRM-USDT
2021-11-17 13:00:00,1637125200000,6.1422000000,6.1846000000,6.1274000000,6.1634000000,88252.6633630000,543453.4174409448,543453.4174409448,1,SRM-USDT
2021-11-17 14:00:00,1637128800000,6.1612000000,6.1748000000,6.0865000000,6.1274000000,82582.0451810000,505547.9459123661,505547.9459123661,1,SRM-USDT
2021-11-17 15:00:00,1637132400000,6.1284000000,6.2177000000,6.0906000000,6.1817000000,106244.9682930000,653934.0753401372,653934.0753401372,1,SRM-USDT
2021-11-17 16:00:00,1637136000000,6.1856000000,6.2260000000,6.1642000000,6.1658000000,61523.7442760000,381087.1552685791,381087.1552685791,1,SRM-USDT
2021-11-17 17:00:00,1637139600000,6.1629000000,6.1659000000,6.0816000000,6.1020000000,74516.1529920000,456323.5755939216,456323.5755939216,1,SRM-USDT
2021-11-17 18:00:00,1637143200000,6.1002000000,6.2548000000,6.0557000000,6.2427000000,228916.8802020000,1406932.0277451975,1406932.0277451975,1,SRM-USDT
2021-11-17 19:00:00,1637146800000,6.2479000000,6.2954000000,6.2165000000,6.2941000000,101405.5009150000,634107.6108230390,634107.6108230390,1,SRM-USDT
2021-11-17 20:00:00,1637150400000,6.2937000000,6.3484000000,6.2750000000,6.2756000000,105545.5006130000,665903.7386377258,665903.7386377258,1,SRM-USDT
2021-11-17 21:00:00,1637154000000,6.2748000000,6.3122000000,6.2637000000,6.2760000000,58691.1406760000,368976.1233785017,368976.1233785017,1,SRM-USDT
2021-11-17 22:00:00,1637157600000,6.2766000000,6.3098000000,6.2265000000,6.2281000000,82551.3346590000,518425.1281354952,518425.1281354952,1,SRM-USDT
2021-11-17 23:00:00,1637161200000,6.2398000000,6.2541000000,6.1819000000,6.2458000000,60628.8635170000,377098.5958493581,377098.5958493581,1,SRM-USDT
2021-11-18 00:00:00,1637164800000,6.2466000000,6.2905000000,6.1855000000,6.2813000000,69031.2938440000,431860.8524488325,431860.8524488325,1,SRM-USDT
2021-11-18 01:00:00,1637168400000,6.2815000000,6.2836000000,6.2131000000,6.2315000000,83733.0164740000,522426.1592245299,522426.1592245299,1,SRM-USDT
2021-11-18 02:00:00,1637172000000,6.2419000000,6.2665000000,6.2264000000,6.2526000000,71555.0141540000,446776.0368036155,446776.0368036155,1,SRM-USDT
2021-11-18 03:00:00,1637175600000,6.2477000000,6.2689000000,6.1879000000,6.2268000000,73878.9450390000,459769.1567129957,459769.1567129957,1,SRM-USDT
2021-11-18 04:00:00,1637179200000,6.2252000000,6.2914000000,6.2006000000,6.2866000000,68621.5330190000,428590.7450871272,428590.7450871272,1,SRM-USDT
2021-11-18 05:00:00,1637182800000,6.2880000000,6.2880000000,6.1878000000,6.2417000000,84711.6734150000,527427.8375077058,527427.8375077058,1,SRM-USDT
2021-11-18 06:00:00,1637186400000,6.2428000000,6.2484000000,6.2000000000,6.2353000000,55786.3290430000,347266.6816234943,347266.6816234943,1,SRM-USDT
2021-11-18 07:00:00,1637190000000,6.2341000000,6.3090000000,6.2094000000,6.3065000000,86240.6718680000,539980.0879021935,539980.0879021935,1,SRM-USDT
2021-11-18 08:00:00,1637193600000,6.3074000000,6.3558000000,6.2654000000,6.3345000000,110168.7880390000,694753.3642861611,694753.3642861611,1,SRM-USDT
2021-11-18 09:00:00,1637197200000,6.3345000000,6.3429000000,6.2605000000,6.3072000000,70887.3557820000,447032.7195451187,447032.7195451187,1,SRM-USDT
2021-11-18 10:00:00,1637200800000,6.3063000000,6.3366000000,6.2800000000,6.3156000000,50340.1605590000,317492.8755612323,317492.8755612323,1,SRM-USDT
2021-11-18 11:00:00,1637204400000,6.3154000000,6.3181000000,6.2511000000,6.2511000000,74809.3120780000,469968.5833769193,469968.5833769193,1,SRM-USDT
2021-11-18 12:00:00,1637208000000,6.2512000000,6.3402000000,6.1467000000,6.1467000000,241681.6973110000,1506647.1487846288,1506647.1487846288,1,SRM-USDT
2021-11-18 13:00:00,1637211600000,6.1463000000,6.1562000000,6.1141000000,6.1290000000,96023.3211770000,589149.4163938150,589149.4163938150,1,SRM-USDT
2021-11-18 14:00:00,1637215200000,6.1245000000,6.1343000000,6.0873000000,6.1100000000,87196.3775580000,533020.2869195233,533020.2869195233,1,SRM-USDT
2021-11-18 15:00:00,1637218800000,6.1116000000,6.1302000000,6.0662000000,6.1296000000,62057.5711320000,378361.5397793975,378361.5397793975,1,SRM-USDT
2021-11-18 16:00:00,1637222400000,6.1344000000,6.1494000000,6.0927000000,6.1284000000,48248.2611030000,295379.6447828576,295379.6447828576,1,SRM-USDT
2021-11-18 17:00:00,1637226000000,6.1254000000,6.1376000000,5.9711000000,6.0316000000,200842.2516880000,1207462.2585558530,1207462.2585558530,1,SRM-USDT
2021-11-18 18:00:00,1637229600000,6.0226000000,6.1070000000,6.0000000000,6.1046000000,98258.4924410000,594691.3705208425,594691.3705208425,1,SRM-USDT
2021-11-18 19:00:00,1637233200000,6.1032000000,6.1097000000,5.9918000000,5.9920000000,75868.1414890000,459136.6360803782,459136.6360803782,1,SRM-USDT
2021-11-18 20:00:00,1637236800000,5.9944000000,6.0683000000,5.9637000000,5.9967000000,93846.0340860000,564189.0433259002,564189.0433259002,1,SRM-USDT
2021-11-18 21:00:00,1637240400000,5.9977000000,6.0228000000,5.9110000000,5.9714000000,146419.7197590000,874448.6436251923,874448.6436251923,1,SRM-USDT
2021-11-18 22:00:00,1637244000000,5.9616000000,5.9827000000,5.8521000000,5.8581000000,119605.6727800000,705181.3423526112,705181.3423526112,1,SRM-USDT
2021-11-18 23:00:00,1637247600000,5.8593000000,5.8865000000,5.6568000000,5.7245000000,483521.3297170000,2795831.9964773566,2795831.9964773566,1,SRM-USDT
2021-11-19 00:00:00,1637251200000,5.7290000000,5.7763000000,5.6219000000,5.6365000000,257977.2396450000,1468228.0286651722,1468228.0286651722,1,SRM-USDT
2021-11-19 01:00:00,1637254800000,5.6395000000,5.7531000000,5.4948000000,5.6843000000,302768.9751640000,1707391.1835874638,1707391.1835874638,1,SRM-USDT
2021-11-19 02:00:00,1637258400000,5.6858000000,5.7424000000,5.6819000000,5.7381000000,60362.3649010000,345121.2516057412,345121.2516057412,1,SRM-USDT
2021-11-19 03:00:00,1637262000000,5.7362000000,5.7855000000,5.7226000000,5.7578000000,50106.0132720000,288091.8200742810,288091.8200742810,1,SRM-USDT
2021-11-19 04:00:00,1637265600000,5.7583000000,5.7840000000,5.7016000000,5.7381000000,62481.9707730000,358451.7024501654,358451.7024501654,1,SRM-USDT
2021-11-19 05:00:00,1637269200000,5.7424000000,5.7670000000,5.6778000000,5.6897000000,72400.4679030000,413690.7735187811,413690.7735187811,1,SRM-USDT
2021-11-19 06:00:00,1637272800000,5.6881000000,5.6999000000,5.6143000000,5.6217000000,123764.5434330000,699430.6544225538,699430.6544225538,1,SRM-USDT
2021-11-19 07:00:00,1637276400000,5.6252000000,5.6716000000,5.6022000000,5.6398000000,96283.9347430000,542193.9116858027,542193.9116858027,1,SRM-USDT
2021-11-19 08:00:00,1637280000000,5.6384000000,5.7330000000,5.5818000000,5.7302000000,153448.0514460000,869693.8937932698,869693.8937932698,1,SRM-USDT
2021-11-19 09:00:00,1637283600000,5.7334000000,5.7351000000,5.6103000000,5.6103000000,56542.5406420000,320956.3021244138,320956.3021244138,1,SRM-USDT
2021-11-19 10:00:00,1637287200000,5.6101000000,5.6801000000,5.5377000000,5.5561000000,65199.3548010000,365727.2283695431,365727.2283695431,1,SRM-USDT
2021-11-19 11:00:00,1637290800000,5.5605000000,5.5902000000,5.5072000000,5.5517000000,55425.7040790000,307141.8603139647,307141.8603139647,1,SRM-USDT
2021-11-19 12:00:00,1637294400000,5.5511000000,5.6473000000,5.5435000000,5.6436000000,90912.2886350000,510124.2864958554,510124.2864958554,1,SRM-USDT
2021-11-19 13:00:00,1637298000000,5.6433000000,5.7024000000,5.6213000000,5.6908000000,81496.1382490000,461049.0070984928,461049.0070984928,1,SRM-USDT
2021-11-19 14:00:00,1637301600000,5.6922000000,5.7135000000,5.6584000000,5.6753000000,63680.3679730000,362276.3757556594,362276.3757556594,1,SRM-USDT
2021-11-19 15:00:00,1637305200000,5.6738000000,5.7004000000,5.6326000000,5.6650000000,50580.0907500000,286392.6415043275,286392.6415043275,1,SRM-USDT
2021-11-19 16:00:00,1637308800000,5.6628000000,5.8014000000,5.6628000000,5.7830000000,101555.5791470000,584472.3096600960,584472.3096600960,1,SRM-USDT
2021-11-19 17:00:00,1637312400000,5.7835000000,5.8198000000,5.7754000000,5.8117000000,70854.0657420000,411107.2919266395,411107.2919266395,1,SRM-USDT
2021-11-19 18:00:00,1637316000000,5.8091000000,5.8246000000,5.7733000000,5.8032000000,62487.1819240000,362263.6365905512,362263.6365905512,1,SRM-USDT
2021-11-19 19:00:00,1637319600000,5.8057000000,5.8257000000,5.7465000000,5.7838000000,59419.1225080000,343307.5460319307,343307.5460319307,1,SRM-USDT
2021-11-19 20:00:00,1637323200000,5.7836000000,5.8237000000,5.7716000000,5.7831000000,66284.5072080000,384747.9223096437,384747.9223096437,1,SRM-USDT
2021-11-19 21:00:00,1637326800000,5.7850000000,5.8505000000,5.7609000000,5.8450000000,109653.3946990000,638346.3549034208,638346.3549034208,1,SRM-USDT
2021-11-19 22:00:00,1637330400000,5.8461000000,5.9230000000,5.8461000000,5.9224000000,162775.2459710000,957362.8872067014,957362.8872067014,1,SRM-USDT
2021-11-19 23:00:00,1637334000000,5.9242000000,5.9416000000,5.8624000000,5.8853000000,141073.3603970000,832186.9521980258,832186.9521980258,1,SRM-USDT
2021-11-20 00:00:00,1637337600000,5.8846000000,5.9211000000,5.8693000000,5.9187000000,121064.4221740000,714029.3260508461,714029.3260508461,1,SRM-USDT
2021-11-20 01:00:00,1637341200000,5.9201000000,5.9367000000,5.8778000000,5.8778000000,134226.1163750000,793804.0503157764,793804.0503157764,1,SRM-USDT
2021-11-20 02:00:00,1637344800000,5.8778000000,5.9021000000,5.8461000000,5.8764000000,102195.8238230000,600353.1421640904,600353.1421640904,1,SRM-USDT
2021-11-20 03:00:00,1637348400000,5.8759000000,5.9008000000,5.8656000000,5.8966000000,68843.0887310000,405259.0382744568,405259.0382744568,1,SRM-USDT
2021-11-20 04:00:00,1637352000000,5.8985000000,5.9178000000,5.8620000000,5.8658000000,62940.5963950000,370505.7727756760,370505.7727756760,1,SRM-USDT
2021-11-20 05:00:00,1637355600000,5.8629000000,5.8917000000,5.8523000000,5.8800000000,78826.0435680000,463180.2461932749,463180.2461932749,1,SRM-USDT
2021-11-20 06:00:00,1637359200000,5.8804000000,5.8975000000,5.8625000000,5.8794000000,51035.0713340000,300240.8979879002,300240.8979879002,1,SRM-USDT
2021-11-20 07:00:00,1637362800000,5.8791000000,5.9050000000,5.8573000000,5.8952000000,39405.0810090000,231633.9935290672,231633.9935290672,1,SRM-USDT
2021-11-20 08:00:00,1637366400000,5.8972000000,5.9355000000,5.8582000000,5.9027000000,135771.1014860000,801720.7908117508,801720.7908117508,1,SRM-USDT
2021-11-20 09:00:00,1637370000000,5.9030000000,5.9929000000,5.8942000000,5.9828000000,123029.7374710000,733730.4291602754,733730.4291602754,1,SRM-USDT
2021-11-20 10:00:00,1637373600000,5.9812000000,6.0015000000,5.9455000000,5.9455000000,62562.1155160000,373963.1566103345,373963.1566103345,1,SRM-USDT
2021-11-20 11:00:00,1637377200000,5.9462000000,5.9516000000,5.9169000000,5.9306000000,33588.8431620000,199295.5445887055,199295.5445887055,1,SRM-USDT
2021-11-20 12:00:00,1637380800000,5.9316000000,5.9464000000,5.9095000000,5.9416000000,47014.3578780000,278673.9729642546,278673.9729642546,1,SRM-USDT
2021-11-20 13:00:00,1637384400000,5.9395000000,5.9502000000,5.9096000000,5.9371000000,58409.5493610000,346632.3673104271,346632.3673104271,1,SRM-USDT
2021-11-20 14:00:00,1637388000000,5.9369000000,5.9821000000,5.9330000000,5.9680000000,76547.8522720000,456230.3385720844,456230.3385720844,1,SRM-USDT
2021-11-20 15:00:00,1637391600000,5.9666000000,5.9786000000,5.9137000000,5.9195000000,60990.8090280000,362930.6919260825,362930.6919260825,1,SRM-USDT
2021-11-20 16:00:00,1637395200000,5.9181000000,5.9579000000,5.8942000000,5.9516000000,127419.8957730000,754779.7448466583,754779.7448466583,1,SRM-USDT
2021-11-20 17:00:00,1637398800000,5.9529000000,5.9827000000,5.9515000000,5.9692000000,76008.2297150000,453680.2745409028,453680.2745409028,1,SRM-USDT
2021-11-20 18:00:00,1637402400000,5.9716000000,6.0102000000,5.9499000000,5.9952000000,85035.6042620000,509184.2902273877,509184.2902273877,1,SRM-USDT
2021-11-20 19:00:00,1637406000000,5.9998000000,6.0146000000,5.9658000000,5.9953000000,73864.8522360000,442611.5770933183,442611.5770933183,1,SRM-USDT
2021-11-20 20:00:00,1637409600000,5.9973000000,6.0126000000,5.9704000000,5.9973000000,63766.9373250000,382313.7556658529,382313.7556658529,1,SRM-USDT
2021-11-20 21:00:00,1637413200000,5.9999000000,6.0699000000,5.9926000000,6.0153000000,92160.9696590000,555777.2795781000,555777.2795781000,1,SRM-USDT
2021-11-20 22:00:00,1637416800000,6.0126000000,6.1896000000,5.9885000000,6.1212000000,196451.5441240000,1196547.8785108102,1196547.8785108102,1,SRM-USDT
2021-11-20 23:00:00,1637420400000,6.1196000000,6.1554000000,5.8056000000,5.8104000000,315135.6847610000,1868379.8509048240,1868379.8509048240,1,SRM-USDT
2021-11-21 00:00:00,1637424000000,5.8084000000,5.9091000000,5.7439000000,5.9069000000,143582.8980800000,835017.5396183289,835017.5396183289,1,SRM-USDT
2021-11-21 01:00:00,1637427600000,5.9070000000,5.9940000000,5.9033000000,5.9623000000,142637.7281220000,848554.5921158164,848554.5921158164,1,SRM-USDT
2021-11-21 02:00:00,1637431200000,5.9638000000,6.0864000000,5.9433000000,6.0649000000,110152.9023800000,665527.5292610967,665527.5292610967,1,SRM-USDT
2021-11-21 03:00:00,1637434800000,6.0653000000,6.0808000000,6.0409000000,6.0532000000,85209.0917330000,516056.4017353438,516056.4017353438,1,SRM-USDT
2021-11-21 04:00:00,1637438400000,6.0569000000,6.0732000000,6.0460000000,6.0616000000,53718.2138550000,325668.0235747290,325668.0235747290,1,SRM-USDT
2021-11-21 05:00:00,1637442000000,6.0638000000,6.0992000000,6.0582000000,6.0957000000,46899.5544240000,285153.0726282546,285153.0726282546,1,SRM-USDT
2021-11-21 06:00:00,1637445600000,6.0983000000,6.1034000000,6.0773000000,6.0861000000,49772.3328630000,303337.3769861188,303337.3769861188,1,SRM-USDT
2021-11-21 07:00:00,1637449200000,6.0853000000,6.0916000000,6.0605000000,6.0756000000,45551.3677300000,276502.8699037555,276502.8699037555,1,SRM-USDT
2021-11-21 08:00:00,1637452800000,6.0748000000,6.0849000000,6.0225000000,6.0389000000,48435.7726700000,293061.3000312358,293061.3000312358,1,SRM-USDT
2021-11-21 09:00:00,1637456400000,6.0410000000,6.0522000000,6.0288000000,6.0372000000,22020.0998210000,132990.4797576295,132990.4797576295,1,SRM-USDT
2021-11-21 10:00:00,1637460000000,6.0360000000,6.0382000000,5.9553000000,5.9993000000,53950.6975370000,323209.2595359475,323209.2595359475,1,SRM-USDT
2021-11-21 11:00:00,1637463600000,5.9977000000,6.0167000000,5.9482000000,5.9594000000,30281.7551540000,181242.6862788869,181242.6862788869,1,SRM-USDT
2021-11-21 12:00:00,1637467200000,5.9576000000,5.9989000000,5.9451000000,5.9519000000,26178.3189280000,156345.9648698741,156345.9648698741,1,SRM-USDT
2021-11-21 13:00:00,1637470800000,5.9474000000,5.9900000000,5.9474000000,5.9899000000,32089.3077760000,191771.0595230412,191771.0595230412,1,SRM-USDT
2021-11-21 14:00:00,1637474400000,5.9892000000,6.0001000000,5.9589000000,5.9980000000,38757.2776180000,231787.4976537878,231787.4976537878,1,SRM-USDT
2021-11-21 15:00:00,1637478000000,5.9985000000,6.0249000000,5.9838000000,5.9965000000,42019.8721650000,252255.2585096893,252255.2585096893,1,SRM-USDT
2021-11-21 16:00:00,1637481600000,5.9955000000,6.0201000000,5.9632000000,5.9694000000,64210.7134100000,384346.6424682758,384346.6424682758,1,SRM-USDT
2021-11-21 17:00:00,1637485200000,5.9631000000,6.0064000000,5.9578000000,5.9943000000,52875.8712930000,316427.9231973948,316427.9231973948,1,SRM-USDT
2021-11-21 18:00:00,1637488800000,5.9947000000,6.0014000000,5.9115000000,5.9484000000,95295.1749800000,567664.3809473813,567664.3809473813,1,SRM-USDT
2021-11-21 19:00:00,1637492400000,5.9462000000,5.9976000000,5.9138000000,5.9552000000,57562.8655370000,342810.9233908380,342810.9233908380,1,SRM-USDT
2021-11-21 20:00:00,1637496000000,5.9532000000,5.9927000000,5.9321000000,5.9681000000,49647.9356300000,296162.5055167843,296162.5055167843,1,SRM-USDT
2021-11-21 21:00:00,1637499600000,5.9688000000,5.9805000000,5.9158000000,5.9226000000,54418.6693560000,323572.8596543139,323572.8596543139,1,SRM-USDT
2021-11-21 22:00:00,1637503200000,5.9228000000,5.9472000000,5.8948000000,5.9260000000,65750.3794280000,389394.3634419248,389394.3634419248,1,SRM-USDT
2021-11-21 23:00:00,1637506800000,5.9263000000,5.9981000000,5.9029000000,5.9981000000,77854.5827650000,462757.7364791637,462757.7364791637,1,SRM-USDT
2021-11-22 00:00:00,1637510400000,5.9933000000,6.0397000000,5.9689000000,6.0334000000,98013.5115910000,588999.6338583017,588999.6338583017,1,SRM-USDT
2021-11-22 01:00:00,1637514000000,6.0343000000,6.1576000000,6.0014000000,6.1168000000,212168.6175030000,1291763.6380977875,1291763.6380977875,1,SRM-USDT
2021-11-22 02:00:00,1637517600000,6.1207000000,6.2302000000,6.1144000000,6.2063000000,179944.0656480000,1110551.8670031221,1110551.8670031221,1,SRM-USDT
2021-11-22 03:00:00,1637521200000,6.2060000000,6.2251000000,6.0787000000,6.0949000000,125585.5525220000,769717.0007237031,769717.0007237031,1,SRM-USDT
2021-11-22 04:00:00,1637524800000,6.0939000000,6.2180000000,6.0939000000,6.1789000000,94716.5834040000,584720.5852634076,584720.5852634076,1,SRM-USDT
2021-11-22 05:00:00,1637528400000,6.1816000000,6.2324000000,6.1670000000,6.2195000000,88294.0681320000,547726.6315249208,547726.6315249208,1,SRM-USDT
2021-11-22 06:00:00,1637532000000,6.2217000000,6.2416000000,6.1604000000,6.1957000000,124602.7107060000,773000.2013462838,773000.2013462838,1,SRM-USDT
2021-11-22 07:00:00,1637535600000,6.1934000000,6.2538000000,6.1208000000,6.1630000000,134015.9063210000,831639.7189601604,831639.7189601604,1,SRM-USDT
2021-11-22 08:00:00,1637539200000,6.1669000000,6.1874000000,5.9461000000,5.9606000000,299259.5408210000,1808708.9051732747,1808708.9051732747,1,SRM-USDT
2021-11-22 09:00:00,1637542800000,5.9565000000,5.9880000000,5.8787000000,5.9504000000,70962.3017580000,421467.0291198975,421467.0291198975,1,SRM-USDT
2021-11-22 10:00:00,1637546400000,5.9487000000,5.9657000000,5.8558000000,5.8669000000,87445.8240510000,515395.8471067402,515395.8471067402,1,SRM-USDT
2021-11-22 11:00:00,1637550000000,5.8624000000,5.8893000000,5.8105000000,5.8360000000,88340.1524460000,516543.5868330755,516543.5868330755,1,SRM-USDT
2021-11-22 12:00:00,1637553600000,5.8307000000,5.8607000000,5.7694000000,5.7812000000,96705.8043970000,562543.5464728377,562543.5464728377,1,SRM-USDT
2021-11-22 13:00:00,1637557200000,5.7798000000,5.8455000000,5.7316000000,5.8455000000,64838.5842730000,375536.1903500741,375536.1903500741,1,SRM-USDT
2021-11-22 14:00:00,1637560800000,5.8496000000,5.8712000000,5.8113000000,5.8611000000,71833.4356440000,419675.1453243001,419675.1453243001,1,SRM-USDT
2021-11-22 15:00:00,1637564400000,5.8583000000,5.9128000000,5.8399000000,5.8417000000,74176.1408220000,436669.3057858729,436669.3057858729,1,SRM-USDT
2021-11-22 16:00:00,1637568000000,5.8390000000,5.8877000000,5.8390000000,5.8700000000,59841.8490450000,351239.0995004845,351239.0995004845,1,SRM-USDT
2021-11-22 17:00:00,1637571600000,5.8705000000,5.9276000000,5.8605000000,5.8626000000,46294.0309260000,273270.7999195715,273270.7999195715,1,SRM-USDT
2021-11-22 18:00:00,1637575200000,5.8691000000,5.9147000000,5.8446000000,5.9131000000,44990.8837290000,264770.5728648208,264770.5728648208,1,SRM-USDT
2021-11-22 19:00:00,1637578800000,5.9129000000,5.9301000000,5.8710000000,5.8727000000,62013.9748930000,366156.7859780980,366156.7859780980,1,SRM-USDT
2021-11-22 20:00:00,1637582400000,5.8757000000,5.9540000000,5.8555000000,5.8804000000,79445.4338620000,468348.4040354275,468348.4040354275,1,SRM-USDT
2021-11-22 21:00:00,1637586000000,5.8836000000,6.0071000000,5.7886000000,5.9428000000,111334.5369500000,654992.1210603541,654992.1210603541,1,SRM-USDT
2021-11-22 22:00:00,1637589600000,5.9453000000,5.9625000000,5.8886000000,5.9013000000,72077.9019920000,427020.7737480474,427020.7737480474,1,SRM-USDT
2021-11-22 23:00:00,1637593200000,5.9059000000,5.9328000000,5.8804000000,5.8913000000,73661.5793100000,434610.4345315862,434610.4345315862,1,SRM-USDT
2021-11-23 00:00:00,1637596800000,5.8932000000,5.9129000000,5.8515000000,5.8996000000,60056.8802470000,353565.4647254913,353565.4647254913,1,SRM-USDT
2021-11-23 01:00:00,1637600400000,5.9028000000,5.9076000000,5.8519000000,5.8693000000,48780.5120910000,286608.5772127517,286608.5772127517,1,SRM-USDT
2021-11-23 02:00:00,1637604000000,5.8645000000,5.8714000000,5.7742000000,5.7766000000,54833.3648850000,319381.1246689613,319381.1246689613,1,SRM-USDT
2021-11-23 03:00:00,1637607600000,5.7740000000,5.8455000000,5.7006000000,5.7129000000,115643.8209360000,665278.4114984737,665278.4114984737,1,SRM-USDT
2021-11-23 04:00:00,1637611200000,5.7131000000,5.7577000000,5.6928000000,5.7137000000,68896.3999830000,394248.1822902555,394248.1822902555,1,SRM-USDT
2021-11-23 05:00:00,1637614800000,5.7112000000,5.7498000000,5.6800000000,5.7459000000,83449.4113230000,476191.9182372098,476191.9182372098,1,SRM-USDT
2021-11-23 06:00:00,1637618400000,5.7448000000,5.7958000000,5.7340000000,5.7928000000,29157.4083520000,168071.4950660363,168071.4950660363,1,SRM-USDT
2021-11-23 07:00:00,1637622000000,5.7940000000,5.7975000000,5.7274000000,5.7493000000,52106.1049110000,299897.8512648901,299897.8512648901,1,SRM-USDT
2021-11-23 08:00:00,1637625600000,5.7485000000,5.8025000000,5.7031000000,5.7645000000,55224.8327780000,317811.7582021721,317811.7582021721,1,SRM-USDT
2021-11-23 09:00:00,1637629200000,5.7683000000,5.7892000000,5.7407000000,5.7631000000,59037.8643800000,340219.6071274544,340219.6071274544,1,SRM-USDT
2021-11-23 10:00:00,1637632800000,5.7687000000,5.7835000000,5.7444000000,5.7809000000,28171.2171530000,162332.7945855337,162332.7945855337,1,SRM-USDT
2021-11-23 11:00:00,1637636400000,5.7788000000,5.7975000000,5.7640000000,5.7781000000,25583.6089870000,147841.2035163655,147841.2035163655,1,SRM-USDT
2021-11-23 12:00:00,1637640000000,5.7790000000,5.8038000000,5.7597000000,5.7862000000,50454.1380250000,291851.7700482739,291851.7700482739,1,SRM-USDT
2021-11-23 13:00:00,1637643600000,5.7933000000,5.7942000000,5.7322000000,5.7484000000,52040.4943730000,299684.5659120600,299684.5659120600,1,SRM-USDT
2021-11-23 14:00:00,1637647200000,5.7552000000,5.7552000000,5.7051000000,5.7263000000,39002.4014160000,223272.5483722777,223272.5483722777,1,SRM-USDT
2021-11-23 15:00:00,1637650800000,5.7267000000,5.7268000000,5.6597000000,5.6822000000,32025.9008510000,182081.3410758908,182081.3410758908,1,SRM-USDT
2021-11-23 16:00:00,1637654400000,5.6797000000,5.7065000000,5.6327000000,5.6943000000,42791.4691350000,242722.1756020923,242722.1756020923,1,SRM-USDT
2021-11-23 17:00:00,1637658000000,5.6987000000,5.7330000000,5.5871000000,5.6779000000,103153.0878070000,584526.7744127662,584526.7744127662,1,SRM-USDT
2021-11-23 18:00:00,1637661600000,5.6798000000,5.7616000000,5.6390000000,5.6700000000,89509.6597830000,511850.3102301716,511850.3102301716,1,SRM-USDT
2021-11-23 19:00:00,1637665200000,5.6712000000,5.6981000000,5.6505000000,5.6648000000,36075.5969150000,204483.7777126157,204483.7777126157,1,SRM-USDT
2021-11-23 20:00:00,1637668800000,5.6669000000,5.6981000000,5.6469000000,5.6667000000,37364.0036680000,211885.0128968923,211885.0128968923,1,SRM-USDT
2021-11-23 21:00:00,1637672400000,5.6660000000,5.7256000000,5.6660000000,5.7162000000,56061.8162100000,320030.6375520204,320030.6375520204,1,SRM-USDT
2021-11-23 22:00:00,1637676000000,5.7163000000,5.7914000000,5.7006000000,5.7825000000,102715.2032600000,589818.7533722272,589818.7533722272,1,SRM-USDT
2021-11-23 23:00:00,1637679600000,5.7844000000,5.7881000000,5.7182000000,5.7228000000,82181.6057060000,473383.9361165257,473383.9361165257,1,SRM-USDT
2021-11-24 00:00:00,1637683200000,5.7241000000,5.7767000000,5.7130000000,5.7690000000,59309.2968950000,340886.2253661955,340886.2253661955,1,SRM-USDT
2021-11-24 01:00:00,1637686800000,5.7703000000,5.7802000000,5.7277000000,5.7319000000,51415.5004480000,295592.8570313855,295592.8570313855,1,SRM-USDT
2021-11-24 02:00:00,1637690400000,5.7304000000,5.7536000000,5.7152000000,5.7419000000,37491.1099610000,214993.9808761349,214993.9808761349,1,SRM-USDT
2021-11-24 03:00:00,1637694000000,5.7431000000,5.7910000000,5.7234000000,5.7889000000,54708.5410990000,314638.9723893661,314638.9723893661,1,SRM-USDT
2021-11-24 04:00:00,1637697600000,5.7910000000,5.8027000000,5.7694000000,5.7986000000,60179.4714340000,348076.6832696551,348076.6832696551,1,SRM-USDT
2021-11-24 05:00:00,1637701200000,5.8010000000,5.8503000000,5.7816000000,5.8081000000,135866.1104840000,789803.9402356783,789803.9402356783,1,SRM-USDT
2021-11-24 06:00:00,1637704800000,5.8074000000,5.8196000000,5.7516000000,5.7742000000,41117.8968420000,238229.3879604680,238229.3879604680,1,SRM-USDT
2021-11-24 07:00:00,1637708400000,5.7743000000,5.7924000000,5.7579000000,5.7606000000,68946.8241430000,398045.4408538585,398045.4408538585,1,SRM-USDT
2021-11-24 08:00:00,1637712000000,5.7629000000,5.7851000000,5.7536000000,5.7675000000,43288.0865390000,249884.4126144422,249884.4126144422,1,SRM-USDT
2021-11-24 09:00:00,1637715600000,5.7654000000,5.7835000000,5.7395000000,5.7486000000,43912.6610030000,253062.9954336178,253062.9954336178,1,SRM-USDT
2021-11-24 10:00:00,1637719200000,5.7484000000,5.7600000000,5.6462000000,5.6647000000,83111.6073490000,474156.9653085447,474156.9653085447,1,SRM-USDT
2021-11-24 11:00:00,1637722800000,5.6611000000,5.6861000000,5.6552000000,5.6641000000,60410.8092870000,342700.9191306469,342700.9191306469,1,SRM-USDT
2021-11-24 12:00:00,1637726400000,5.6629000000,5.7084000000,5.6615000000,5.6871000000,80349.6887600000,456808.9659825012,456808.9659825012,1,SRM-USDT
2021-11-24 13:00:00,1637730000000,5.6873000000,5.7150000000,5.6818000000,5.6935000000,53777.0637200000,306489.3047956152,306489.3047956152,1,SRM-USDT
2021-11-24 14:00:00,1637733600000,5.6921000000,5.6985000000,5.6312000000,5.6675000000,69467.2357890000,393026.4525563373,393026.4525563373,1,SRM-USDT
2021-11-24 15:00:00,1637737200000,5.6655000000,5.6938000000,5.6552000000,5.6867000000,57335.6489600000,325271.3484933177,325271.3484933177,1,SRM-USDT
2021-11-24 16:00:00,1637740800000,5.6848000000,5.7457000000,5.6724000000,5.6941000000,83153.4542190000,474107.8084298831,474107.8084298831,1,SRM-USDT
2021-11-24 17:00:00,1637744400000,5.6959000000,5.7083000000,5.6657000000,5.6762000000,95616.4886600000,543917.5218271029,543917.5218271029,1,SRM-USDT
2021-11-24 18:00:00,1637748000000,5.6759000000,5.6876000000,5.6329000000,5.6364000000,77166.9642370000,437002.6804182114,437002.6804182114,1,SRM-USDT
2021-11-24 19:00:00,1637751600000,5.6343000000,5.6742000000,5.6343000000,5.6501000000,60705.9727310000,343108.3769062837,343108.3769062837,1,SRM-USDT
2021-11-24 20:00:00,1637755200000,5.6500000000,5.6736000000,5.6302000000,5.6335000000,71848.3747300000,405988.5984859254,405988.5984859254,1,SRM-USDT
2021-11-24 21:00:00,1637758800000,5.6373000000,5.6564000000,5.5409000000,5.5413000000,111268.6030120000,624097.4586817320,624097.4586817320,1,SRM-USDT
2021-11-24 22:00:00,1637762400000,5.5407000000,5.5651000000,5.4675000000,5.5159000000,107106.9551970000,590163.6825587478,590163.6825587478,1,SRM-USDT
2021-11-24 23:00:00,1637766000000,5.5071000000,5.5960000000,5.5055000000,5.5693000000,115987.8106640000,643435.5123239248,643435.5123239248,1,SRM-USDT
2021-11-25 00:00:00,1637769600000,5.5686000000,5.5836000000,5.5104000000,5.5197000000,83062.3809470000,460427.1156405681,460427.1156405681,1,SRM-USDT
2021-11-25 01:00:00,1637773200000,5.5184000000,5.5409000000,5.4602000000,5.4673000000,66650.9224540000,366878.6485326706,366878.6485326706,1,SRM-USDT
2021-11-25 02:00:00,1637776800000,5.4724000000,5.5371000000,5.4707000000,5.5201000000,97632.6743980000,538089.0591223482,538089.0591223482,1,SRM-USDT
2021-11-25 03:00:00,1637780400000,5.5192000000,5.5252000000,5.4631000000,5.4988000000,107469.2819850000,589102.8252033620,589102.8252033620,1,SRM-USDT
2021-11-25 04:00:00,1637784000000,5.4968000000,5.5456000000,5.4682000000,5.5364000000,66607.9004030000,367709.1872300346,367709.1872300346,1,SRM-USDT
2021-11-25 05:00:00,1637787600000,5.5355000000,5.5596000000,5.5138000000,5.5496000000,52857.5388350000,292800.0857031658,292800.0857031658,1,SRM-USDT
2021-11-25 06:00:00,1637791200000,5.5522000000,5.5688000000,5.5331000000,5.5406000000,38733.7615710000,214957.1599783788,214957.1599783788,1,SRM-USDT
2021-11-25 07:00:00,1637794800000,5.5421000000,5.5607000000,5.5180000000,5.5422000000,33597.8582410000,186182.1420534183,186182.1420534183,1,SRM-USDT
2021-11-25 08:00:00,1637798400000,5.5409000000,5.5832000000,5.4990000000,5.5658000000,119954.0035970000,664406.5076123714,664406.5076123714,1,SRM-USDT
2021-11-25 09:00:00,1637802000000,5.5717000000,5.6265000000,5.5717000000,5.6131000000,67544.6205990000,378324.7172649249,378324.7172649249,1,SRM-USDT
2021-11-25 10:00:00,1637805600000,5.6113000000,5.6265000000,5.5919000000,5.6193000000,29480.1589990000,165435.3732857708,165435.3732857708,1,SRM-USDT
2021-11-25 11:00:00,1637809200000,5.6206000000,5.6401000000,5.6008000000,5.6337000000,33748.8485410000,189903.0028608516,189903.0028608516,1,SRM-USDT
2021-11-25 12:00:00,1637812800000,5.6356000000,5.6415000000,5.5887000000,5.5996000000,31260.7777580000,175282.5789909406,175282.5789909406,1,SRM-USDT
2021-11-25 13:00:00,1637816400000,5.5981000000,5.6006000000,5.5346000000,5.5482000000,41251.6338740000,229765.1712233135,229765.1712233135,1,SRM-USDT
2021-11-25 14:00:00,1637820000000,5.5483000000,5.5854000000,5.5465000000,5.5646000000,56463.2020220000,314285.1592980986,314285.1592980986,1,SRM-USDT
2021-11-25 15:00:00,1637823600000,5.5670000000,5.5960000000,5.5642000000,5.5883000000,67249.9857530000,375246.7367479601,375246.7367479601,1,SRM-USDT
2021-11-25 16:00:00,1637827200000,5.5909000000,5.6226000000,5.5831000000,5.5870000000,55075.2685370000,308766.2622519849,308766.2622519849,1,SRM-USDT
2021-11-25 17:00:00,1637830800000,5.5829000000,5.6003000000,5.5471000000,5.5978000000,25170.3559290000,140470.3785078553,140470.3785078553,1,SRM-USDT
2021-11-25 18:00:00,1637834400000,5.5960000000,5.6437000000,5.5787000000,5.6097000000,137344.1275270000,771484.1170272687,771484.1170272687,1,SRM-USDT
2021-11-25 19:00:00,1637838000000,5.6085000000,5.6484000000,5.5939000000,5.6429000000,60965.0301220000,342936.0252595846,342936.0252595846,1,SRM-USDT
2021-11-25 20:00:00,1637841600000,5.6439000000,5.7494000000,5.6413000000,5.7261000000,187231.8211850000,1067622.1170203032,1067622.1170203032,1,SRM-USDT
2021-11-25 21:00:00,1637845200000,5.7259000000,5.7727000000,5.7259000000,5.7625000000,109657.0516100000,630781.9083500988,630781.9083500988,1,SRM-USDT
2021-11-25 22:00:00,1637848800000,5.7630000000,5.7923000000,5.7422000000,5.7833000000,81640.4398170000,470681.7063975158,470681.7063975158,1,SRM-USDT
2021-11-25 23:00:00,1637852400000,5.7908000000,5.8556000000,5.7898000000,5.8526000000,167113.9148320000,972422.6088921936,972422.6088921936,1,SRM-USDT
2021-11-26 00:00:00,1637856000000,5.8523000000,5.8736000000,5.7810000000,5.8075000000,130970.2702750000,764036.6542115632,764036.6542115632,1,SRM-USDT
2021-11-26 01:00:00,1637859600000,5.8093000000,5.8393000000,5.7660000000,5.8372000000,102794.7248740000,596082.0000320238,596082.0000320238,1,SRM-USDT
2021-11-26 02:00:00,1637863200000,5.8383000000,5.9066000000,5.8110000000,5.8997000000,134380.8549260000,788723.8797571323,788723.8797571323,1,SRM-USDT
2021-11-26 03:00:00,1637866800000,5.9027000000,5.9308000000,5.8390000000,5.8480000000,96276.5270880000,565962.6646227130,565962.6646227130,1,SRM-USDT
2021-11-26 04:00:00,1637870400000,5.8480000000,5.8697000000,5.8392000000,5.8541000000,49639.7418530000,290791.3039905903,290791.3039905903,1,SRM-USDT
2021-11-26 05:00:00,1637874000000,5.8538000000,5.8596000000,5.7559000000,5.8079000000,82952.6246790000,481664.9262286776,481664.9262286776,1,SRM-USDT
2021-11-26 06:00:00,1637877600000,5.8097000000,5.8328000000,5.7928000000,5.8229000000,44622.2565460000,259792.2043461646,259792.2043461646,1,SRM-USDT
2021-11-26 07:00:00,1637881200000,5.8228000000,5.8558000000,5.7982000000,5.8196000000,66656.3270320000,388610.3079599062,388610.3079599062,1,SRM-USDT
2021-11-26 08:00:00,1637884800000,5.8172000000,5.8540000000,5.7721000000,5.7822000000,88543.0592910000,514605.7763081461,514605.7763081461,1,SRM-USDT
2021-11-26 09:00:00,1637888400000,5.7788000000,5.8195000000,5.7708000000,5.7935000000,54907.7692710000,318350.0971974939,318350.0971974939,1,SRM-USDT
2021-11-26 10:00:00,1637892000000,5.7938000000,5.8050000000,5.7319000000,5.7392000000,89661.2296430000,517549.1314251207,517549.1314251207,1,SRM-USDT
2021-11-26 11:00:00,1637895600000,5.7373000000,5.7577000000,5.6918000000,5.6993000000,84800.5493000000,485415.7802080844,485415.7802080844,1,SRM-USDT
2021-11-26 12:00:00,1637899200000,5.6959000000,5.7144000000,5.6667000000,5.6725000000,68523.2168220000,389908.9989187789,389908.9989187789,1,SRM-USDT
2021-11-26 13:00:00,1637902800000,5.6745000000,5.6836000000,5.6257000000,5.6701000000,66851.0485500000,378521.9002146928,378521.9002146928,1,SRM-USDT
2021-11-26 14:00:00,1637906400000,5.6700000000,5.6831000000,5.6328000000,5.6736000000,85022.0486940000,480944.6830297775,480944.6830297775,1,SRM-USDT
2021-11-26 15:00:00,1637910000000,5.6722000000,5.6722000000,5.4990000000,5.5530000000,161500.2500600000,900244.1455831822,900244.1455831822,1,SRM-USDT
2021-11-26 16:00:00,1637913600000,5.5532000000,5.5537000000,5.0947000000,5.2117000000,957623.3492820000,5021448.2209408442,5021448.2209408442,1,SRM-USDT
2021-11-26 17:00:00,1637917200000,5.2106000000,5.2558000000,5.1445000000,5.1846000000,359910.3589880000,1872354.3425039968,1872354.3425039968,1,SRM-USDT
2021-11-26 18:00:00,1637920800000,5.1837000000,5.1837000000,5.1157000000,5.1557000000,88738.8375850000,456168.4297629829,456168.4297629829,1,SRM-USDT
2021-11-26 19:00:00,1637924400000,5.1519000000,5.1568000000,5.0616000000,5.0695000000,103711.8402220000,529212.8057680537,529212.8057680537,1,SRM-USDT
2021-11-26 20:00:00,1637928000000,5.0699000000,5.1725000000,5.0161000000,5.1725000000,178491.9841310000,911420.1996867365,911420.1996867365,1,SRM-USDT
2021-11-26 21:00:00,1637931600000,5.1720000000,5.2359000000,5.1327000000,5.2279000000,136448.7252330000,706456.2649679821,706456.2649679821,1,SRM-USDT
2021-11-26 22:00:00,1637935200000,5.2291000000,5.2663000000,5.2040000000,5.2308000000,104239.7303820000,545654.4814287369,545654.4814287369,1,SRM-USDT
2021-11-26 23:00:00,1637938800000,5.2302000000,5.2302000000,5.1542000000,5.1834000000,99611.7035550000,516684.0786305745,516684.0786305745,1,SRM-USDT
2021-11-27 00:00:00,1637942400000,5.1864000000,5.2230000000,5.1339000000,5.1934000000,128992.1807160000,668808.6949883024,668808.6949883024,1,SRM-USDT
2021-11-27 01:00:00,1637946000000,5.1942000000,5.2302000000,5.1736000000,5.1773000000,84022.0042730000,437033.6722124999,437033.6722124999,1,SRM-USDT
2021-11-27 02:00:00,1637949600000,5.1755000000,5.1884000000,5.1352000000,5.1643000000,83790.0238710000,432905.1955945730,432905.1955945730,1,SRM-USDT
2021-11-27 03:00:00,1637953200000,5.1632000000,5.2135000000,5.1527000000,5.2032000000,97951.5331500000,508700.7232577835,508700.7232577835,1,SRM-USDT
2021-11-27 04:00:00,1637956800000,5.1999000000,5.2247000000,5.1691000000,5.2183000000,59679.0865290000,310264.3323530419,310264.3323530419,1,SRM-USDT
2021-11-27 05:00:00,1637960400000,5.2176000000,5.2302000000,5.1430000000,5.1442000000,81508.6501840000,422838.2979192584,422838.2979192584,1,SRM-USDT
2021-11-27 06:00:00,1637964000000,5.1467000000,5.2371000000,5.1270000000,5.1572000000,145323.9214310000,753601.5727096674,753601.5727096674,1,SRM-USDT
2021-11-27 07:00:00,1637967600000,5.1580000000,5.1917000000,5.1059000000,5.1380000000,106592.3001410000,548359.9894876827,548359.9894876827,1,SRM-USDT
2021-11-27 08:00:00,1637971200000,5.1366000000,5.2239000000,5.1195000000,5.1612000000,120562.3350000000,623899.5377986592,623899.5377986592,1,SRM-USDT
2021-11-27 09:00:00,1637974800000,5.1642000000,5.2143000000,5.1419000000,5.2075000000,79769.6712460000,413119.7895170510,413119.7895170510,1,SRM-USDT
2021-11-27 10:00:00,1637978400000,5.2069000000,5.2290000000,5.1839000000,5.2250000000,73462.2288100000,383061.8599431894,383061.8599431894,1,SRM-USDT
2021-11-27 11:00:00,1637982000000,5.2227000000,5.2825000000,5.1994000000,5.2521000000,121502.2149750000,636633.9926494797,636633.9926494797,1,SRM-USDT
2021-11-27 12:00:00,1637985600000,5.2524000000,5.2726000000,5.2249000000,5.2628000000,59340.9766020000,311531.4297532330,311531.4297532330,1,SRM-USDT
2021-11-27 13:00:00,1637989200000,5.2630000000,5.2672000000,5.1895000000,5.1923000000,67478.5948400000,352574.3887845471,352574.3887845471,1,SRM-USDT
2021-11-27 14:00:00,1637992800000,5.1892000000,5.2189000000,5.1742000000,5.1797000000,47837.9702800000,248811.2012832242,248811.2012832242,1,SRM-USDT
2021-11-27 15:00:00,1637996400000,5.1806000000,5.1896000000,5.1424000000,5.1779000000,99531.6411350000,514550.8386933922,514550.8386933922,1,SRM-USDT
2021-11-27 16:00:00,1638000000000,5.1794000000,5.2831000000,5.1780000000,5.2542000000,156043.9815530000,818496.4911214566,818496.4911214566,1,SRM-USDT
2021-11-27 17:00:00,1638003600000,5.2566000000,5.2740000000,5.2090000000,5.2185000000,74191.8570330000,388804.5635380296,388804.5635380296,1,SRM-USDT
2021-11-27 18:00:00,1638007200000,5.2181000000,5.2635000000,5.1879000000,5.2568000000,83039.1123560000,434558.3856916005,434558.3856916005,1,SRM-USDT
2021-11-27 19:00:00,1638010800000,5.2562000000,5.2650000000,5.2156000000,5.2261000000,45839.5559030000,240328.1213158205,240328.1213158205,1,SRM-USDT
2021-11-27 20:00:00,1638014400000,5.2274000000,5.2475000000,5.2136000000,5.2345000000,38706.6774930000,202568.1466018066,202568.1466018066,1,SRM-USDT
2021-11-27 21:00:00,1638018000000,5.2347000000,5.2643000000,5.2211000000,5.2500000000,60283.7564660000,316452.7552634718,316452.7552634718,1,SRM-USDT
2021-11-27 22:00:00,1638021600000,5.2489000000,5.2672000000,5.2039000000,5.2073000000,41212.0583330000,215734.6457049348,215734.6457049348,1,SRM-USDT
2021-11-27 23:00:00,1638025200000,5.2090000000,5.2449000000,5.1978000000,5.2254000000,62078.1818240000,324665.4651852316,324665.4651852316,1,SRM-USDT
2021-11-28 00:00:00,1638028800000,5.2285000000,5.2620000000,5.2170000000,5.2273000000,73778.1281400000,386859.7118285954,386859.7118285954,1,SRM-USDT
2021-11-28 01:00:00,1638032400000,5.2275000000,5.2555000000,5.1710000000,5.1846000000,80267.0223570000,418334.4130265121,418334.4130265121,1,SRM-USDT
2021-11-28 02:00:00,1638036000000,5.1837000000,5.1914000000,5.1457000000,5.1723000000,67669.8896350000,349414.6005268710,349414.6005268710,1,SRM-USDT
2021-11-28 03:00:00,1638039600000,5.1710000000,5.1807000000,5.1547000000,5.1675000000,42657.4232890000,220510.2793876375,220510.2793876375,1,SRM-USDT
2021-11-28 04:00:00,1638043200000,5.1671000000,5.1907000000,5.0761000000,5.0879000000,99221.5919720000,509643.5878645032,509643.5878645032,1,SRM-USDT
2021-11-28 05:00:00,1638046800000,5.0844000000,5.1261000000,5.0563000000,5.1093000000,67498.7576240000,343190.1820825242,343190.1820825242,1,SRM-USDT
2021-11-28 06:00:00,1638050400000,5.1080000000,5.1576000000,5.1016000000,5.1435000000,51778.0617330000,265526.7107883259,265526.7107883259,1,SRM-USDT
2021-11-28 07:00:00,1638054000000,5.1410000000,5.1455000000,5.0929000000,5.1369000000,49921.2251240000,255440.1138028846,255440.1138028846,1,SRM-USDT
2021-11-28 08:00:00,1638057600000,5.1355000000,5.1501000000,5.0508000000,5.1146000000,69560.7773950000,354780.5275932218,354780.5275932218,1,SRM-USDT
2021-11-28 09:00:00,1638061200000,5.1091000000,5.1225000000,4.9930000000,5.0118000000,112280.1574060000,565965.5502282010,565965.5502282010,1,SRM-USDT
2021-11-28 10:00:00,1638064800000,5.0096000000,5.0469000000,4.9126000000,4.9935000000,173599.9755790000,863058.9736158247,863058.9736158247,1,SRM-USDT
2021-11-28 11:00:00,1638068400000,4.9954000000,5.0050000000,4.9437000000,4.9623000000,72148.8448560000,358837.8035575246,358837.8035575246,1,SRM-USDT
2021-11-28 12:00:00,1638072000000,4.9606000000,4.9849000000,4.9080000000,4.9216000000,99826.3247210000,494167.5407198648,494167.5407198648,1,SRM-USDT
2021-11-28 13:00:00,1638075600000,4.9232000000,5.0254000000,4.9090000000,5.0050000000,87648.7602980000,435659.4535129693,435659.4535129693,1,SRM-USDT
2021-11-28 14:00:00,1638079200000,5.0053000000,5.0245000000,4.9599000000,5.0123000000,51794.1415990000,258552.0936660069,258552.0936660069,1,SRM-USDT
2021-11-28 15:00:00,1638082800000,5.0134000000,5.0249000000,5.0004000000,5.0199000000,35215.5659140000,176481.1774476863,176481.1774476863,1,SRM-USDT
2021-11-28 16:00:00,1638086400000,5.0180000000,5.0330000000,4.9823000000,4.9999000000,60287.1811810000,301936.9273976645,301936.9273976645,1,SRM-USDT
2021-11-28 17:00:00,1638090000000,4.9999000000,5.0140000000,4.9519000000,5.0085000000,110738.2454080000,552025.0099311593,552025.0099311593,1,SRM-USDT
2021-11-28 18:00:00,1638093600000,5.0064000000,5.0444000000,4.9785000000,5.0254000000,89850.5432280000,451010.0108533505,451010.0108533505,1,SRM-USDT
2021-11-28 19:00:00,1638097200000,5.0305000000,5.0452000000,5.0033000000,5.0138000000,70789.9692980000,355484.1944385270,355484.1944385270,1,SRM-USDT
2021-11-28 20:00:00,1638100800000,5.0170000000,5.0373000000,4.9890000000,5.0237000000,73791.9924880000,369973.8753796147,369973.8753796147,1,SRM-USDT
2021-11-28 21:00:00,1638104400000,5.0245000000,5.0355000000,5.0025000000,5.0226000000,37753.7877770000,189404.0123442383,189404.0123442383,1,SRM-USDT
2021-11-28 22:00:00,1638108000000,5.0221000000,5.0359000000,4.9562000000,4.9984000000,84568.6244710000,422051.1912209461,422051.1912209461,1,SRM-USDT
2021-11-28 23:00:00,1638111600000,4.9968000000,5.0086000000,4.9685000000,4.9744000000,71871.9455780000,358920.2628033294,358920.2628033294,1,SRM-USDT
2021-11-29 00:00:00,1638115200000,4.9742000000,4.9805000000,4.8782000000,4.9088000000,143305.2807220000,704617.8205200814,704617.8205200814,1,SRM-USDT
2021-11-29 01:00:00,1638118800000,4.9105000000,4.9332000000,4.8353000000,4.8554000000,141279.4493230000,688560.4184567241,688560.4184567241,1,SRM-USDT
2021-11-29 02:00:00,1638122400000,4.8546000000,4.9057000000,4.7894000000,4.8994000000,235434.4424840000,1140059.7256891511,1140059.7256891511,1,SRM-USDT
2021-11-29 03:00:00,1638126000000,4.9050000000,4.9691000000,4.8910000000,4.9462000000,103057.1925560000,509209.4838083036,509209.4838083036,1,SRM-USDT
2021-11-29 04:00:00,1638129600000,4.9480000000,4.9935000000,4.9325000000,4.9843000000,130538.5427180000,648257.9189395198,648257.9189395198,1,SRM-USDT
2021-11-29 05:00:00,1638133200000,4.9855000000,5.1124000000,4.9797000000,5.0991000000,136690.8578590000,690267.2248627403,690267.2248627403,1,SRM-USDT
2021-11-29 06:00:00,1638136800000,5.0978000000,5.1318000000,5.0712000000,5.0716000000,141090.4594460000,720423.0364071120,720423.0364071120,1,SRM-USDT
2021-11-29 07:00:00,1638140400000,5.0762000000,5.2201000000,5.0745000000,5.1999000000,236923.5681420000,1225848.3990822127,1225848.3990822127,1,SRM-USDT
2021-11-29 08:00:00,1638144000000,5.1965000000,5.2158000000,5.1476000000,5.2026000000,116765.8630500000,605510.5045642144,605510.5045642144,1,SRM-USDT
2021-11-29 09:00:00,1638147600000,5.2025000000,5.2280000000,5.1758000000,5.1868000000,85895.0892760000,446672.7347411423,446672.7347411423,1,SRM-USDT
2021-11-29 10:00:00,1638151200000,5.1867000000,5.1923000000,5.1536000000,5.1570000000,59119.9022020000,306162.1928991888,306162.1928991888,1,SRM-USDT
2021-11-29 11:00:00,1638154800000,5.1569000000,5.1685000000,5.1477000000,5.1613000000,55933.1744760000,288500.9620779109,288500.9620779109,1,SRM-USDT
2021-11-29 12:00:00,1638158400000,5.1642000000,5.1835000000,5.1598000000,5.1636000000,42040.2971590000,217469.1807626724,217469.1807626724,1,SRM-USDT
2021-11-29 13:00:00,1638162000000,5.1679000000,5.1804000000,5.1591000000,5.1724000000,48498.9977220000,250695.5380639787,250695.5380639787,1,SRM-USDT
2021-11-29 14:00:00,1638165600000,5.1755000000,5.2316000000,5.1755000000,5.2280000000,103352.1446440000,538865.7605076027,538865.7605076027,1,SRM-USDT
2021-11-29 15:00:00,1638169200000,5.2207000000,5.2919000000,5.2207000000,5.2919000000,116385.9935510000,611802.0930670113,611802.0930670113,1,SRM-USDT
2021-11-29 16:00:00,1638172800000,5.2908000000,5.3152000000,5.2684000000,5.2865000000,167050.4256670000,884688.8655477187,884688.8655477187,1,SRM-USDT
2021-11-29 17:00:00,1638176400000,5.2839000000,5.5728000000,5.2802000000,5.4082000000,878474.6738810000,4795832.4946131948,4795832.4946131948,1,SRM-USDT
2021-11-29 18:00:00,1638180000000,5.4072000000,5.5130000000,5.3999000000,5.4878000000,216866.4381690000,1184372.6548767595,1184372.6548767595,1,SRM-USDT
2021-11-29 19:00:00,1638183600000,5.4871000000,5.5207000000,5.3901000000,5.3937000000,169653.9509840000,924465.8299751328,924465.8299751328,1,SRM-USDT
2021-11-29 20:00:00,1638187200000,5.3952000000,5.4790000000,5.3737000000,5.4172000000,152142.8746350000,823858.4958003894,823858.4958003894,1,SRM-USDT
2021-11-29 21:00:00,1638190800000,5.4146000000,5.4757000000,5.4102000000,5.4579000000,179381.1657620000,976019.4746851098,976019.4746851098,1,SRM-USDT
2021-11-29 22:00:00,1638194400000,5.4583000000,5.4879000000,5.4170000000,5.4179000000,113440.4133510000,617934.7883616862,617934.7883616862,1,SRM-USDT
2021-11-29 23:00:00,1638198000000,5.4173000000,5.4263000000,5.3715000000,5.4168000000,114029.5207000000,615382.5212658364,615382.5212658364,1,SRM-USDT
2021-11-30 00:00:00,1638201600000,5.4195000000,5.4747000000,5.4171000000,5.4728000000,172801.8761920000,941277.5791675613,941277.5791675613,1,SRM-USDT
2021-11-30 01:00:00,1638205200000,5.4737000000,5.5292000000,5.4613000000,5.4908000000,170841.9990790000,939798.9943021216,939798.9943021216,1,SRM-USDT
2021-11-30 02:00:00,1638208800000,5.4943000000,5.5490000000,5.4747000000,5.5415000000,99701.8253100000,550399.0536038271,550399.0536038271,1,SRM-USDT
2021-11-30 03:00:00,1638212400000,5.5426000000,5.5494000000,5.4580000000,5.4686000000,141775.2050540000,778875.2695846843,778875.2695846843,1,SRM-USDT
2021-11-30 04:00:00,1638216000000,5.4706000000,5.5438000000,5.4627000000,5.5251000000,105014.7069160000,579067.7495613120,579067.7495613120,1,SRM-USDT
2021-11-30 05:00:00,1638219600000,5.5257000000,5.5711000000,5.5221000000,5.5521000000,84440.2368690000,468614.0183466019,468614.0183466019,1,SRM-USDT
2021-11-30 06:00:00,1638223200000,5.5535000000,5.5597000000,5.5212000000,5.5597000000,76438.7046580000,423440.9126041107,423440.9126041107,1,SRM-USDT
2021-11-30 07:00:00,1638226800000,5.5597000000,5.6296000000,5.5271000000,5.5710000000,243810.9715020000,1364007.3547504109,1364007.3547504109,1,SRM-USDT
2021-11-30 08:00:00,1638230400000,5.5723000000,5.6188000000,5.5142000000,5.5705000000,162723.6010120000,906025.7291103128,906025.7291103128,1,SRM-USDT
2021-11-30 09:00:00,1638234000000,5.5698000000,5.5708000000,5.4096000000,5.4646000000,198915.1485200000,1089279.2867484137,1089279.2867484137,1,SRM-USDT
2021-11-30 10:00:00,1638237600000,5.4622000000,5.4977000000,5.4598000000,5.4851000000,68313.0675990000,374584.3628113733,374584.3628113733,1,SRM-USDT
2021-11-30 11:00:00,1638241200000,5.4862000000,5.4957000000,5.3849000000,5.4331000000,111517.3708220000,606853.9527903267,606853.9527903267,1,SRM-USDT
2021-11-30 12:00:00,1638244800000,5.4363000000,5.4564000000,5.3977000000,5.4412000000,53606.2560750000,290938.4789535410,290938.4789535410,1,SRM-USDT
2021-11-30 13:00:00,1638248400000,5.4397000000,5.4789000000,5.3802000000,5.3824000000,73254.3477130000,398081.7824448720,398081.7824448720,1,SRM-USDT
2021-11-30 14:00:00,1638252000000,5.3807000000,5.4043000000,5.3343000000,5.3994000000,113808.6409570000,611131.5723621375,611131.5723621375,1,SRM-USDT
2021-11-30 15:00:00,1638255600000,5.3942000000,5.4149000000,5.3578000000,5.3899000000,100497.3081020000,541387.0450251600,541387.0450251600,1,SRM-USDT
2021-11-30 16:00:00,1638259200000,5.3915000000,5.4475000000,5.3447000000,5.4102000000,133511.5439050000,720642.1658638053,720642.1658638053,1,SRM-USDT
2021-11-30 17:00:00,1638262800000,5.4062000000,5.4222000000,5.3465000000,5.3847000000,107823.8079020000,580102.9652078474,580102.9652078474,1,SRM-USDT
2021-11-30 18:00:00,1638266400000,5.3835000000,5.4143000000,5.3692000000,5.4077000000,78767.6285650000,424428.6787493323,424428.6787493323,1,SRM-USDT
2021-11-30 19:00:00,1638270000000,5.4097000000,5.5065000000,5.3827000000,5.5014000000,106400.1264200000,579400.9852616938,579400.9852616938,1,SRM-USDT
2021-11-30 20:00:00,1638273600000,5.5072000000,5.7549000000,5.5003000000,5.6962000000,408031.9793770000,2297378.7541800942,2297378.7541800942,1,SRM-USDT
2021-11-30 21:00:00,1638277200000,5.6962000000,5.7390000000,5.6519000000,5.7323000000,273306.6275070000,1558963.8258396981,1558963.8258396981,1,SRM-USDT
2021-11-30 22:00:00,1638280800000,5.7308000000,5.8855000000,5.6958000000,5.8564000000,761554.9831440001,4416701.4839156810,4416701.4839156810,1,SRM-USDT
2021-11-30 23:00:00,1638284400000,5.8581000000,5.9040000000,5.7155000000,5.7339000000,375924.9662590000,2196184.2463133042,2196184.2463133042,1,SRM-USDT
2021-12-01 00:00:00,1638288000000,5.7330000000,5.8100000000,5.6666000000,5.7240000000,467918.2506670000,2686379.2895327206,2686379.2895327206,1,SRM-USDT
2021-12-01 01:00:00,1638291600000,5.7250000000,5.8034000000,5.6557000000,5.7790000000,264568.5240890000,1518851.1293103818,1518851.1293103818,1,SRM-USDT
2021-12-01 02:00:00,1638295200000,5.7837000000,5.8033000000,5.7500000000,5.7861000000,106241.4796080000,614592.3734356596,614592.3734356596,1,SRM-USDT
2021-12-01 03:00:00,1638298800000,5.7887000000,5.8026000000,5.6716000000,5.6840000000,176057.2913520000,1007495.4130073142,1007495.4130073142,1,SRM-USDT
2021-12-01 04:00:00,1638302400000,5.6844000000,5.6927000000,5.6380000000,5.6566000000,128799.0777950000,729948.9108265204,729948.9108265204,1,SRM-USDT
2021-12-01 05:00:00,1638306000000,5.6629000000,5.6863000000,5.6268000000,5.6746000000,72097.4380600000,407947.4748780225,407947.4748780225,1,SRM-USDT
2021-12-01 06:00:00,1638309600000,5.6712000000,5.6938000000,5.6292000000,5.6411000000,87506.6946790000,494634.3270566876,494634.3270566876,1,SRM-USDT
2021-12-01 07:00:00,1638313200000,5.6425000000,5.6738000000,5.6295000000,5.6485000000,88885.0732330000,502001.5017425755,502001.5017425755,1,SRM-USDT
2021-12-01 08:00:00,1638316800000,5.6521000000,5.7492000000,5.6088000000,5.7283000000,165659.5651000000,944674.9819622284,944674.9819622284,1,SRM-USDT
2021-12-01 09:00:00,1638320400000,5.7293000000,5.7568000000,5.7011000000,5.7375000000,90308.2363570000,517889.4466443283,517889.4466443283,1,SRM-USDT
2021-12-01 10:00:00,1638324000000,5.7345000000,5.7840000000,5.7036000000,5.7770000000,104869.8360750000,603133.8007118313,603133.8007118313,1,SRM-USDT
2021-12-01 11:00:00,1638327600000,5.7760000000,5.7954000000,5.7579000000,5.7827000000,105737.2042670000,611105.2939283754,611105.2939283754,1,SRM-USDT
2021-12-01 12:00:00,1638331200000,5.7824000000,5.7824000000,5.7255000000,5.7364000000,71194.2272580000,408869.3169770443,408869.3169770443,1,SRM-USDT
2021-12-01 13:00:00,1638334800000,5.7356000000,5.7598000000,5.7051000000,5.7064000000,73715.5420870000,422898.3068242243,422898.3068242243,1,SRM-USDT
2021-12-01 14:00:00,1638338400000,5.7102000000,5.7546000000,5.6926000000,5.7347000000,65385.5144640000,374505.6218591393,374505.6218591393,1,SRM-USDT
2021-12-01 15:00:00,1638342000000,5.7352000000,5.7865000000,5.7263000000,5.7675000000,91512.2763260000,527704.6642774642,527704.6642774642,1,SRM-USDT
2021-12-01 16:00:00,1638345600000,5.7687000000,5.9448000000,5.7213000000,5.7623000000,545408.8246340000,3170356.5987675232,3170356.5987675232,1,SRM-USDT
2021-12-01 17:00:00,1638349200000,5.7617000000,5.8895000000,5.7484000000,5.8834000000,163869.6683220000,955471.7176430397,955471.7176430397,1,SRM-USDT
2021-12-01 18:00:00,1638352800000,5.8812000000,5.8931000000,5.8041000000,5.8671000000,147777.0852860000,865019.5700104889,865019.5700104889,1,SRM-USDT
2021-12-01 19:00:00,1638356400000,5.8684000000,5.8818000000,5.7990000000,5.8213000000,127838.2753940000,746785.1005433552,746785.1005433552,1,SRM-USDT
2021-12-01 20:00:00,1638360000000,5.8263000000,5.8564000000,5.7726000000,5.7785000000,101968.8938670000,593607.7360864845,593607.7360864845,1,SRM-USDT
2021-12-01 21:00:00,1638363600000,5.7776000000,5.8363000000,5.7766000000,5.8090000000,105932.9607530000,615682.0367370972,615682.0367370972,1,SRM-USDT
2021-12-01 22:00:00,1638367200000,5.8112000000,5.9159000000,5.8077000000,5.9113000000,175759.1421270000,1031002.4083066439,1031002.4083066439,1,SRM-USDT
2021-12-01 23:00:00,1638370800000,5.9131000000,5.9304000000,5.8741000000,5.9230000000,123747.3771090000,730550.5700902366,730550.5700902366,1,SRM-USDT
2021-12-02 00:00:00,1638374400000,5.9240000000,5.9375000000,5.8539000000,5.8661000000,120692.2933460000,710659.0019962494,710659.0019962494,1,SRM-USDT
2021-12-02 01:00:00,1638378000000,5.8664000000,5.8972000000,5.8278000000,5.8316000000,71317.7027040000,418728.0343598458,418728.0343598458,1,SRM-USDT
2021-12-02 02:00:00,1638381600000,5.8307000000,5.8503000000,5.7842000000,5.7897000000,66024.0033040000,384137.3218475904,384137.3218475904,1,SRM-USDT
2021-12-02 03:00:00,1638385200000,5.7897000000,5.8332000000,5.7329000000,5.8150000000,166454.7268770000,961425.0620768608,961425.0620768608,1,SRM-USDT
2021-12-02 04:00:00,1638388800000,5.8157000000,5.8174000000,5.6744000000,5.6848000000,176775.8255740000,1010971.3106543460,1010971.3106543460,1,SRM-USDT
2021-12-02 05:00:00,1638392400000,5.6842000000,5.6905000000,5.5877000000,5.6385000000,199076.8118820000,1123583.2721267843,1123583.2721267843,1,SRM-USDT
2021-12-02 06:00:00,1638396000000,5.6397000000,5.6547000000,5.6025000000,5.6411000000,86612.6106990000,487804.1343704657,487804.1343704657,1,SRM-USDT
2021-12-02 07:00:00,1638399600000,5.6403000000,5.6992000000,5.6354000000,5.6926000000,90981.2518480000,516515.3757108144,516515.3757108144,1,SRM-USDT
2021-12-02 08:00:00,1638403200000,5.6920000000,5.6928000000,5.5407000000,5.6009000000,238770.0649260000,1336628.8156573472,1336628.8156573472,1,SRM-USDT
2021-12-02 09:00:00,1638406800000,5.6012000000,5.7175000000,5.5733000000,5.7128000000,115452.2652050000,652817.9814186150,652817.9814186150,1,SRM-USDT
2021-12-02 10:00:00,1638410400000,5.7125000000,5.7158000000,5.6117000000,5.6330000000,77749.0351390000,439159.2658467698,439159.2658467698,1,SRM-USDT
2021-12-02 11:00:00,1638414000000,5.6332000000,5.6332000000,5.4740000000,5.5778000000,142837.2054220000,791661.4227337559,791661.4227337559,1,SRM-USDT
2021-12-02 12:00:00,1638417600000,5.5772000000,5.6233000000,5.5644000000,5.5905000000,102993.1869230000,576252.9410232184,576252.9410232184,1,SRM-USDT
2021-12-02 13:00:00,1638421200000,5.5912000000,5.6333000000,5.5837000000,5.6206000000,51442.0643440000,288795.7455502232,288795.7455502232,1,SRM-USDT
2021-12-02 14:00:00,1638424800000,5.6153000000,5.6268000000,5.5707000000,5.5835000000,55932.7901800000,312854.0790831645,312854.0790831645,1,SRM-USDT
2021-12-02 15:00:00,1638428400000,5.5833000000,5.6118000000,5.5775000000,5.5937000000,51390.6157330000,287508.5368477416,287508.5368477416,1,SRM-USDT
2021-12-02 16:00:00,1638432000000,5.5926000000,5.6616000000,5.5856000000,5.6501000000,60487.7556320000,340645.2710740356,340645.2710740356,1,SRM-USDT
2021-12-02 17:00:00,1638435600000,5.6504000000,5.6543000000,5.5869000000,5.6104000000,32643.6418820000,183181.8747096152,183181.8747096152,1,SRM-USDT
2021-12-02 18:00:00,1638439200000,5.6117000000,5.6229000000,5.5765000000,5.5795000000,53900.3929880000,301575.1388897492,301575.1388897492,1,SRM-USDT
2021-12-02 19:00:00,1638442800000,5.5823000000,5.5925000000,5.5270000000,5.5916000000,74984.9099800000,417121.7482759757,417121.7482759757,1,SRM-USDT
2021-12-02 20:00:00,1638446400000,5.5838000000,5.5879000000,5.5323000000,5.5615000000,55575.7985700000,309046.4113427190,309046.4113427190,1,SRM-USDT
2021-12-02 21:00:00,1638450000000,5.5701000000,5.5764000000,5.5043000000,5.5322000000,58972.8766160000,326549.2361188430,326549.2361188430,1,SRM-USDT
2021-12-02 22:00:00,1638453600000,5.5305000000,5.6133000000,5.5191000000,5.6051000000,94641.7076530000,527468.3250020576,527468.3250020576,1,SRM-USDT
2021-12-02 23:00:00,1638457200000,5.6060000000,5.6485000000,5.5140000000,5.5665000000,116722.7670230000,650232.6049990961,650232.6049990961,1,SRM-USDT
2021-12-03 00:00:00,1638460800000,5.5662000000,5.5941000000,5.4835000000,5.5145000000,106995.4506360000,591786.1332281042,591786.1332281042,1,SRM-USDT
2021-12-03 01:00:00,1638464400000,5.5139000000,5.5430000000,5.5029000000,5.5321000000,67558.6352500000,373047.4820170069,373047.4820170069,1,SRM-USDT
2021-12-03 02:00:00,1638468000000,5.5324000000,5.5473000000,5.4888000000,5.5447000000,48225.2597370000,266016.9528679135,266016.9528679135,1,SRM-USDT
2021-12-03 03:00:00,1638471600000,5.5436000000,5.5650000000,5.5170000000,5.5405000000,51912.4886670000,287965.6855746598,287965.6855746598,1,SRM-USDT
2021-12-03 04:00:00,1638475200000,5.5405000000,5.5786000000,5.5258000000,5.5735000000,45784.9081660000,254248.6013682043,254248.6013682043,1,SRM-USDT
2021-12-03 05:00:00,1638478800000,5.5763000000,5.6333000000,5.5507000000,5.6148000000,53486.3240750000,299191.5817992732,299191.5817992732,1,SRM-USDT
2021-12-03 06:00:00,1638482400000,5.6103000000,5.6195000000,5.5792000000,5.5992000000,44134.2772470000,246957.4878844029,246957.4878844029,1,SRM-USDT
2021-12-03 07:00:00,1638486000000,5.5993000000,5.5993000000,5.5449000000,5.5615000000,45532.8205940000,253550.0048803634,253550.0048803634,1,SRM-USDT
2021-12-03 08:00:00,1638489600000,5.5618000000,5.5782000000,5.5354000000,5.5583000000,59706.8370630000,331842.9981862468,331842.9981862468,1,SRM-USDT
2021-12-03 09:00:00,1638493200000,5.5555000000,5.5858000000,5.5118000000,5.5320000000,59065.1086730000,327989.9948919470,327989.9948919470,1,SRM-USDT
2021-12-03 10:00:00,1638496800000,5.5259000000,5.5356000000,5.4278000000,5.4366000000,57156.3775320000,312897.3528947508,312897.3528947508,1,SRM-USDT
2021-12-03 11:00:00,1638500400000,5.4387000000,5.4687000000,5.4233000000,5.4621000000,43042.6459200000,234721.9806617591,234721.9806617591,1,SRM-USDT
2021-12-03 12:00:00,1638504000000,5.4620000000,5.4879000000,5.4400000000,5.4805000000,48944.2851400000,267972.2346938454,267972.2346938454,1,SRM-USDT
2021-12-03 13:00:00,1638507600000,5.4826000000,5.5166000000,5.4610000000,5.5103000000,40295.3407390000,221250.8758335080,221250.8758335080,1,SRM-USDT
2021-12-03 14:00:00,1638511200000,5.5098000000,5.5278000000,5.5079000000,5.5182000000,42496.4136570000,234464.5803092324,234464.5803092324,1,SRM-USDT
2021-12-03 15:00:00,1638514800000,5.5186000000,5.5189000000,5.4808000000,5.5086000000,43832.4490990000,241032.7322171765,241032.7322171765,1,SRM-USDT
2021-12-03 16:00:00,1638518400000,5.5075000000,5.5107000000,5.4770000000,5.4877000000,31698.1731120000,174029.9475690398,174029.9475690398,1,SRM-USDT
2021-12-03 17:00:00,1638522000000,5.4868000000,5.5066000000,5.4662000000,5.5003000000,42365.4318690000,232425.6575252053,232425.6575252053,1,SRM-USDT
2021-12-03 18:00:00,1638525600000,5.5039000000,5.5540000000,5.5036000000,5.5243000000,84017.7482820000,464687.4416458774,464687.4416458774,1,SRM-USDT
2021-12-03 19:00:00,1638529200000,5.5254000000,5.5577000000,5.5254000000,5.5392000000,57426.6948590000,318490.0651964124,318490.0651964124,1,SRM-USDT
2021-12-03 20:00:00,1638532800000,5.5402000000,5.5562000000,5.4964000000,5.4967000000,50784.8337570000,280934.1368494612,280934.1368494612,1,SRM-USDT
2021-12-03 21:00:00,1638536400000,5.5026000000,5.5530000000,5.4999000000,5.5233000000,63643.8010510000,351649.7841310664,351649.7841310664,1,SRM-USDT
2021-12-03 22:00:00,1638540000000,5.5249000000,5.5285000000,5.4108000000,5.4219000000,74003.7110880000,405135.6205510495,405135.6205510495,1,SRM-USDT
2021-12-03 23:00:00,1638543600000,5.4196000000,5.4287000000,5.3405000000,5.3544000000,150830.6476970000,813686.0528320887,813686.0528320887,1,SRM-USDT
2021-12-04 00:00:00,1638547200000,5.3516000000,5.3538000000,5.2202000000,5.2459000000,188097.4607330000,994076.3125649124,994076.3125649124,1,SRM-USDT
2021-12-04 01:00:00,1638550800000,5.2456000000,5.2977000000,5.2195000000,5.2628000000,94261.2317620000,496504.4323184809,496504.4323184809,1,SRM-USDT
2021-12-04 02:00:00,1638554400000,5.2620000000,5.2781000000,5.2206000000,5.2586000000,57432.8888770000,301566.8403493273,301566.8403493273,1,SRM-USDT
2021-12-04 03:00:00,1638558000000,5.2580000000,5.2631000000,5.1255000000,5.1450000000,212625.3729090000,1102354.4656414730,1102354.4656414730,1,SRM-USDT
2021-12-04 04:00:00,1638561600000,5.1388000000,5.1811000000,4.9737000000,5.1673000000,338323.0613090000,1719028.4045255941,1719028.4045255941,1,SRM-USDT
2021-12-04 05:00:00,1638565200000,5.1646000000,5.2068000000,5.1470000000,5.1525000000,81347.2215920000,420722.3268851138,420722.3268851138,1,SRM-USDT
2021-12-04 06:00:00,1638568800000,5.1469000000,5.1577000000,5.1096000000,5.1119000000,53229.1010030000,273454.6457346873,273454.6457346873,1,SRM-USDT
2021-12-04 07:00:00,1638572400000,5.1102000000,5.1619000000,5.1080000000,5.1458000000,65179.8502500000,335094.9856441381,335094.9856441381,1,SRM-USDT
2021-12-04 08:00:00,1638576000000,5.1428000000,5.1435000000,4.9955000000,5.0021000000,112461.5841240000,569346.8191251179,569346.8191251179,1,SRM-USDT
2021-12-04 09:00:00,1638579600000,4.9962000000,5.0080000000,4.9303000000,4.9768000000,175703.1957870000,873183.0268809015,873183.0268809015,1,SRM-USDT
2021-12-04 10:00:00,1638583200000,4.9789000000,4.9889000000,4.9210000000,4.9727000000,76654.0077380000,379778.9288057891,379778.9288057891,1,SRM-USDT
2021-12-04 11:00:00,1638586800000,4.9716000000,4.9736000000,4.8044000000,4.8045000000,122233.0263850000,597545.4273686301,597545.4273686301,1,SRM-USDT
2021-12-04 12:00:00,1638590400000,4.8078000000,4.8909000000,4.5000000000,4.5642000000,648982.8223070001,3022795.9522102424,3022795.9522102424,1,SRM-USDT
2021-12-04 13:00:00,1638594000000,4.5642000000,4.5904000000,3.9305000000,4.2531000000,1340491.0676360000,5679631.9422933934,5679631.9422933934,1,SRM-USDT
2021-12-04 14:00:00,1638597600000,4.2481000000,4.3434000000,4.1984000000,4.2803000000,561253.7143740000,2404611.9499071017,2404611.9499071017,1,SRM-USDT
2021-12-04 15:00:00,1638601200000,4.2810000000,4.2810000000,4.1704000000,4.2218000000,334466.9613090000,1410852.5705856627,1410852.5705856627,1,SRM-USDT
2021-12-04 16:00:00,1638604800000,4.2245000000,4.2836000000,4.2023000000,4.2362000000,178900.4921720000,760097.7829178356,760097.7829178356,1,SRM-USDT
2021-12-04 17:00:00,1638608400000,4.2347000000,4.2627000000,4.1938000000,4.2290000000,177623.7945690000,749421.5298028142,749421.5298028142,1,SRM-USDT
2021-12-04 18:00:00,1638612000000,4.2310000000,4.2526000000,4.1452000000,4.2272000000,294670.8603040000,1237375.5282614722,1237375.5282614722,1,SRM-USDT
2021-12-04 19:00:00,1638615600000,4.2275000000,4.2347000000,4.0541000000,4.1037000000,257986.2465130000,1065696.7339578313,1065696.7339578313,1,SRM-USDT
2021-12-04 20:00:00,1638619200000,4.1062000000,4.1947000000,4.1062000000,4.1389000000,147052.5358650000,609868.9744586837,609868.9744586837,1,SRM-USDT
2021-12-04 21:00:00,1638622800000,4.1370000000,4.1904000000,4.1006000000,4.1807000000,165355.2104450000,685329.4095645676,685329.4095645676,1,SRM-USDT
2021-12-04 22:00:00,1638626400000,4.1740000000,4.2732000000,4.1687000000,4.2655000000,126626.8863720000,534040.3066813796,534040.3066813796,1,SRM-USDT
2021-12-04 23:00:00,1638630000000,4.2674000000,4.3137000000,4.2583000000,4.2784000000,126096.5866870000,540638.6288498046,540638.6288498046,1,SRM-USDT
2021-12-05 00:00:00,1638633600000,4.2756000000,4.2815000000,4.1989000000,4.2086000000,126514.3764680000,537188.7387742056,537188.7387742056,1,SRM-USDT
2021-12-05 01:00:00,1638637200000,4.2108000000,4.2596000000,4.2001000000,4.2523000000,90834.4063630000,383607.7133702601,383607.7133702601,1,SRM-USDT
2021-12-05 02:00:00,1638640800000,4.2509000000,4.2741000000,4.2431000000,4.2674000000,54922.5052270000,233855.9223122678,233855.9223122678,1,SRM-USDT
2021-12-05 03:00:00,1638644400000,4.2674000000,4.3278000000,4.2519000000,4.3141000000,117059.6242670000,503066.2877972109,503066.2877972109,1,SRM-USDT
2021-12-05 04:00:00,1638648000000,4.3149000000,4.3377000000,4.2829000000,4.3066000000,95481.1453360000,411819.7655637175,411819.7655637175,1,SRM-USDT
2021-12-05 05:00:00,1638651600000,4.3057000000,4.3118000000,4.2280000000,4.2547000000,82385.9796590000,351485.9419125028,351485.9419125028,1,SRM-USDT
2021-12-05 06:00:00,1638655200000,4.2554000000,4.3227000000,4.2498000000,4.3072000000,97799.1311060000,419285.7622548164,419285.7622548164,1,SRM-USDT
2021-12-05 07:00:00,1638658800000,4.3072000000,4.3414000000,4.2786000000,4.3161000000,93627.3102670000,403292.9360338724,403292.9360338724,1,SRM-USDT
2021-12-05 08:00:00,1638662400000,4.3156000000,4.3822000000,4.1985000000,4.2499000000,232909.7902060000,996766.2237317848,996766.2237317848,1,SRM-USDT
2021-12-05 09:00:00,1638666000000,4.2370000000,4.2873000000,4.2211000000,4.2660000000,54228.2531940000,230459.5882273577,230459.5882273577,1,SRM-USDT
2021-12-05 10:00:00,1638669600000,4.2647000000,4.2847000000,4.2382000000,4.2556000000,40227.3614260000,171341.2568578229,171341.2568578229,1,SRM-USDT
2021-12-05 11:00:00,1638673200000,4.2573000000,4.3245000000,4.2338000000,4.3135000000,60598.2567780000,259255.1136562345,259255.1136562345,1,SRM-USDT
2021-12-05 12:00:00,1638676800000,4.3128000000,4.3228000000,4.2752000000,4.2880000000,39935.5503130000,171454.2785917936,171454.2785917936,1,SRM-USDT
2021-12-05 13:00:00,1638680400000,4.2882000000,4.3334000000,4.2758000000,4.3280000000,69806.6460570000,300631.4246213526,300631.4246213526,1,SRM-USDT
2021-12-05 14:00:00,1638684000000,4.3292000000,4.3394000000,4.3060000000,4.3339000000,51707.1704880000,223645.9432606605,223645.9432606605,1,SRM-USDT
2021-12-05 15:00:00,1638687600000,4.3340000000,4.3464000000,4.2576000000,4.2736000000,69857.4453090000,300431.0908702655,300431.0908702655,1,SRM-USDT
2021-12-05 16:00:00,1638691200000,4.2738000000,4.2982000000,4.2447000000,4.2907000000,70337.2123890000,300907.8876355472,300907.8876355472,1,SRM-USDT
2021-12-05 17:00:00,1638694800000,4.2898000000,4.2927000000,4.2070000000,4.2214000000,140166.2457350000,593477.0719099804,593477.0719099804,1,SRM-USDT
2021-12-05 18:00:00,1638698400000,4.2251000000,4.2644000000,4.2155000000,4.2309000000,84451.2061470000,358073.1868833459,358073.1868833459,1,SRM-USDT
2021-12-05 19:00:00,1638702000000,4.2307000000,4.2491000000,4.1983000000,4.2183000000,84452.1333490000,356599.3144573110,356599.3144573110,1,SRM-USDT
2021-12-05 20:00:00,1638705600000,4.2194000000,4.2545000000,4.1864000000,4.2224000000,102558.4235800000,433315.5935477446,433315.5935477446,1,SRM-USDT
2021-12-05 21:00:00,1638709200000,4.2189000000,4.2213000000,4.1800000000,4.1900000000,105491.5279510000,442798.3917824886,442798.3917824886,1,SRM-USDT
2021-12-05 22:00:00,1638712800000,4.1900000000,4.1941000000,4.0870000000,4.0949000000,223993.6721790000,923109.8699087944,923109.8699087944,1,SRM-USDT
2021-12-05 23:00:00,1638716400000,4.0919000000,4.1154000000,3.9383000000,3.9668000000,543578.3323460000,2172705.4260494024,2172705.4260494024,1,SRM-USDT
2021-12-06 00:00:00,1638720000000,3.9624000000,4.0318000000,3.9567000000,3.9764000000,241445.7219120000,964138.8570932898,964138.8570932898,1,SRM-USDT
2021-12-06 01:00:00,1638723600000,3.9774000000,4.0335000000,3.9518000000,4.0241000000,115557.5222090000,462247.0119833891,462247.0119833891,1,SRM-USDT
2021-12-06 02:00:00,1638727200000,4.0220000000,4.0980000000,3.9880000000,4.0489000000,113484.1863380000,458601.9478679002,458601.9478679002,1,SRM-USDT
2021-12-06 03:00:00,1638730800000,4.0485000000,4.0564000000,3.9720000000,4.0239000000,157067.8074170000,628880.3115040479,628880.3115040479,1,SRM-USDT
2021-12-06 04:00:00,1638734400000,4.0259000000,4.0547000000,3.9851000000,4.0170000000,70153.7717640000,282463.3200199118,282463.3200199118,1,SRM-USDT
2021-12-06 05:00:00,1638738000000,4.0160000000,4.0344000000,3.9230000000,3.9930000000,222325.7752150000,882481.1568612915,882481.1568612915,1,SRM-USDT
2021-12-06 06:00:00,1638741600000,3.9945000000,4.0078000000,3.9560000000,4.0078000000,65116.9206250000,258962.6558069815,258962.6558069815,1,SRM-USDT
2021-12-06 07:00:00,1638745200000,4.0077000000,4.0534000000,3.9920000000,4.0414000000,77527.7317960000,312293.0161576954,312293.0161576954,1,SRM-USDT
2021-12-06 08:00:00,1638748800000,4.0439000000,4.0448000000,3.8670000000,3.9026000000,467719.8845750000,1826577.1627775792,1826577.1627775792,1,SRM-USDT
2021-12-06 09:00:00,1638752400000,3.9038000000,3.9599000000,3.8831000000,3.9432000000,142857.7365880000,560999.3739270055,560999.3739270055,1,SRM-USDT
2021-12-06 10:00:00,1638756000000,3.9442000000,3.9647000000,3.9299000000,3.9300000000,74404.1476240000,294011.0190063541,294011.0190063541,1,SRM-USDT
2021-12-06 11:00:00,1638759600000,3.9305000000,3.9720000000,3.9284000000,3.9535000000,44437.9984200000,175611.5202829801,175611.5202829801,1,SRM-USDT
2021-12-06 12:00:00,1638763200000,3.9545000000,3.9842000000,3.9508000000,3.9531000000,56719.3497200000,225138.8199842921,225138.8199842921,1,SRM-USDT
2021-12-06 13:00:00,1638766800000,3.9536000000,3.9661000000,3.8931000000,3.8931000000,103233.0548590000,404356.4583300301,404356.4583300301,1,SRM-USDT
2021-12-06 14:00:00,1638770400000,3.8937000000,3.9240000000,3.8433000000,3.8517000000,125119.5452210000,485266.0707342460,485266.0707342460,1,SRM-USDT
2021-12-06 15:00:00,1638774000000,3.8482000000,3.8675000000,3.7758000000,3.8208000000,163191.5231860000,623908.5244010807,623908.5244010807,1,SRM-USDT
2021-12-06 16:00:00,1638777600000,3.8193000000,3.8989000000,3.7412000000,3.8056000000,272178.9848260000,1041254.0154265984,1041254.0154265984,1,SRM-USDT
2021-12-06 17:00:00,1638781200000,3.8029000000,3.8160000000,3.6537000000,3.6629000000,342985.6476520000,1272713.4601039351,1272713.4601039351,1,SRM-USDT
2021-12-06 18:00:00,1638784800000,3.6610000000,3.7526000000,3.6532000000,3.6857000000,224808.5164630000,832482.6554594338,832482.6554594338,1,SRM-USDT
2021-12-06 19:00:00,1638788400000,3.6870000000,3.8477000000,3.6233000000,3.8243000000,488370.3887310000,1824038.6879700760,1824038.6879700760,1,SRM-USDT
2021-12-06 20:00:00,1638792000000,3.8248000000,3.8698000000,3.7833000000,3.8388000000,179268.0559400000,688042.5606636695,688042.5606636695,1,SRM-USDT
2021-12-06 21:00:00,1638795600000,3.8400000000,3.8856000000,3.8000000000,3.8259000000,195495.1032290000,751483.3824504483,751483.3824504483,1,SRM-USDT
2021-12-06 22:00:00,1638799200000,3.8243000000,3.8783000000,3.7928000000,3.8304000000,156181.0500670000,598745.4714594820,598745.4714594820,1,SRM-USDT
2021-12-06 23:00:00,1638802800000,3.8321000000,3.9523000000,3.8145000000,3.9520000000,172826.8493270000,671182.8632967082,671182.8632967082,1,SRM-USDT
2021-12-07 00:00:00,1638806400000,3.9506000000,3.9933000000,3.9383000000,3.9628000000,197225.5751870000,781237.3139355651,781237.3139355651,1,SRM-USDT
2021-12-07 01:00:00,1638810000000,3.9652000000,3.9880000000,3.9325000000,3.9372000000,90269.0316370000,357258.4043045900,357258.4043045900,1,SRM-USDT
2021-12-07 02:00:00,1638813600000,3.9407000000,3.9556000000,3.9154000000,3.9519000000,48416.0013090000,190701.7496006395,190701.7496006395,1,SRM-USDT
2021-12-07 03:00:00,1638817200000,3.9514000000,3.9696000000,3.9423000000,3.9452000000,76126.7274620000,301210.1162740445,301210.1162740445,1,SRM-USDT
2021-12-07 04:00:00,1638820800000,3.9463000000,3.9818000000,3.9410000000,3.9424000000,72611.9014780000,287447.4346680632,287447.4346680632,1,SRM-USDT
2021-12-07 05:00:00,1638824400000,3.9456000000,4.0786000000,3.9443000000,4.0534000000,133979.6292290000,538822.7740201860,538822.7740201860,1,SRM-USDT
2021-12-07 06:00:00,1638828000000,4.0541000000,4.1298000000,4.0541000000,4.1167000000,128350.6755670000,526383.9955199548,526383.9955199548,1,SRM-USDT
2021-12-07 07:00:00,1638831600000,4.1191000000,4.1318000000,4.0880000000,4.0923000000,85853.8674300000,352798.0709961629,352798.0709961629,1,SRM-USDT
2021-12-07 08:00:00,1638835200000,4.0891000000,4.1404000000,4.0578000000,4.1098000000,171445.1087020000,703570.3681542774,703570.3681542774,1,SRM-USDT
2021-12-07 09:00:00,1638838800000,4.1136000000,4.1406000000,4.0531000000,4.0843000000,115969.5843480000,475342.7338984068,475342.7338984068,1,SRM-USDT
2021-12-07 10:00:00,1638842400000,4.0841000000,4.0946000000,4.0698000000,4.0790000000,46386.0245200000,189360.4932073144,189360.4932073144,1,SRM-USDT
2021-12-07 11:00:00,1638846000000,4.0779000000,4.1124000000,4.0776000000,4.1100000000,42908.5197470000,175826.5379106571,175826.5379106571,1,SRM-USDT
2021-12-07 12:00:00,1638849600000,4.1121000000,4.1402000000,4.0995000000,4.1192000000,82379.4175240000,339797.8404884555,339797.8404884555,1,SRM-USDT
2021-12-07 13:00:00,1638853200000,4.1203000000,4.1394000000,4.1167000000,4.1217000000,63888.7246640000,263634.3988254982,263634.3988254982,1,SRM-USDT
2021-12-07 14:00:00,1638856800000,4.1236000000,4.1601000000,4.1236000000,4.1593000000,75639.0855380000,313361.0725402226,313361.0725402226,1,SRM-USDT
2021-12-07 15:00:00,1638860400000,4.1575000000,4.1743000000,4.1337000000,4.1518000000,73106.0851520000,303822.4117208472,303822.4117208472,1,SRM-USDT
2021-12-07 16:00:00,1638864000000,4.1474000000,4.2000000000,4.1391000000,4.1906000000,87189.2545800000,363775.5647979755,363775.5647979755,1,SRM-USDT
2021-12-07 17:00:00,1638867600000,4.1915000000,4.2170000000,4.1793000000,4.1911000000,119523.4314540000,501705.6548844208,501705.6548844208,1,SRM-USDT
2021-12-07 18:00:00,1638871200000,4.1973000000,4.1983000000,4.1111000000,4.1732000000,133501.3423940000,555366.9510542694,555366.9510542694,1,SRM-USDT
2021-12-07 19:00:00,1638874800000,4.1717000000,4.2040000000,4.1682000000,4.2023000000,130658.6742530000,547469.8878180453,547469.8878180453,1,SRM-USDT
2021-12-07 20:00:00,1638878400000,4.2051000000,4.2086000000,4.0599000000,4.1193000000,187955.4980420000,772220.9580494399,772220.9580494399,1,SRM-USDT
2021-12-07 21:00:00,1638882000000,4.1149000000,4.1430000000,4.1011000000,4.1239000000,71598.7891510000,295364.1130080378,295364.1130080378,1,SRM-USDT
2021-12-07 22:00:00,1638885600000,4.1206000000,4.1823000000,4.1155000000,4.1747000000,71068.9967210000,294830.4168730969,294830.4168730969,1,SRM-USDT
2021-12-07 23:00:00,1638889200000,4.1820000000,4.2043000000,4.1667000000,4.1904000000,107051.7772220000,448253.0998593671,448253.0998593671,1,SRM-USDT
2021-12-08 00:00:00,1638892800000,4.1907000000,4.2553000000,4.1487000000,4.1743000000,143499.8242700000,603233.1149625133,603233.1149625133,1,SRM-USDT
2021-12-08 01:00:00,1638896400000,4.1721000000,4.2115000000,4.1585000000,4.1969000000,90841.2576770000,380389.4409600467,380389.4409600467,1,SRM-USDT
2021-12-08 02:00:00,1638900000000,4.1962000000,4.2340000000,4.1813000000,4.2241000000,123232.5440710000,519273.0858472891,519273.0858472891,1,SRM-USDT
2021-12-08 03:00:00,1638903600000,4.2255000000,4.2661000000,4.1687000000,4.2577000000,178233.0575670000,752170.7410605032,752170.7410605032,1,SRM-USDT
2021-12-08 04:00:00,1638907200000,4.2570000000,4.2666000000,4.1568000000,4.1736000000,102704.8973350000,432968.0983796461,432968.0983796461,1,SRM-USDT
2021-12-08 05:00:00,1638910800000,4.1787000000,4.2220000000,4.1637000000,4.1713000000,60469.3604840000,254133.0301574941,254133.0301574941,1,SRM-USDT
2021-12-08 06:00:00,1638914400000,4.1649000000,4.2044000000,4.1387000000,4.1528000000,53569.4503030000,222993.3209886314,222993.3209886314,1,SRM-USDT
2021-12-08 07:00:00,1638918000000,4.1531000000,4.2452000000,4.1484000000,4.2387000000,71272.0699160000,299726.8807093225,299726.8807093225,1,SRM-USDT
2021-12-08 08:00:00,1638921600000,4.2389000000,4.3291000000,4.2264000000,4.3264000000,441537.5290600000,1892631.6472012000,1892631.6472012000,1,SRM-USDT
2021-12-08 09:00:00,1638925200000,4.3263000000,4.3442000000,4.2671000000,4.2686000000,104825.9337960000,451162.5589195754,451162.5589195754,1,SRM-USDT
2021-12-08 10:00:00,1638928800000,4.2676000000,4.3623000000,4.2676000000,4.2934000000,148906.3159240000,643856.7825764497,643856.7825764497,1,SRM-USDT
2021-12-08 11:00:00,1638932400000,4.2952000000,4.3533000000,4.2655000000,4.2736000000,144658.2393800000,625928.7050515690,625928.7050515690,1,SRM-USDT
2021-12-08 12:00:00,1638936000000,4.2722000000,4.3181000000,4.2720000000,4.2922000000,88660.8642920000,380948.1946492178,380948.1946492178,1,SRM-USDT
2021-12-08 13:00:00,1638939600000,4.2969000000,4.3143000000,4.2589000000,4.2673000000,94629.6535800000,405548.7765648053,405548.7765648053,1,SRM-USDT
2021-12-08 14:00:00,1638943200000,4.2710000000,4.3372000000,4.2677000000,4.3305000000,70367.0891790000,303181.3060625336,303181.3060625336,1,SRM-USDT
2021-12-08 15:00:00,1638946800000,4.3307000000,4.3513000000,4.3036000000,4.3482000000,63534.7444130000,274934.2821688768,274934.2821688768,1,SRM-USDT
2021-12-08 16:00:00,1638950400000,4.3468000000,4.3649000000,4.3156000000,4.3423000000,75971.2358220000,329757.6668376310,329757.6668376310,1,SRM-USDT
2021-12-08 17:00:00,1638954000000,4.3489000000,4.3665000000,4.2704000000,4.2742000000,169583.1456570000,730417.2846294307,730417.2846294307,1,SRM-USDT
2021-12-08 18:00:00,1638957600000,4.2765000000,4.3154000000,4.1232000000,4.1259000000,277576.1154620000,1165915.5598839668,1165915.5598839668,1,SRM-USDT
2021-12-08 19:00:00,1638961200000,4.1241000000,4.1628000000,4.0809000000,4.1273000000,260936.0573510000,1073865.4046314638,1073865.4046314638,1,SRM-USDT
2021-12-08 20:00:00,1638964800000,4.1245000000,4.1850000000,4.0879000000,4.1798000000,86626.3518900000,357731.9640138285,357731.9640138285,1,SRM-USDT
2021-12-08 21:00:00,1638968400000,4.1796000000,4.1941000000,4.1400000000,4.1527000000,127200.5486030000,530104.7481252416,530104.7481252416,1,SRM-USDT
2021-12-08 22:00:00,1638972000000,4.1527000000,4.2912000000,4.1385000000,4.2689000000,172130.7775130000,730737.3631650500,730737.3631650500,1,SRM-USDT
2021-12-08 23:00:00,1638975600000,4.2706000000,4.3256000000,4.2425000000,4.2613000000,106661.8877420000,457097.8562911824,457097.8562911824,1,SRM-USDT
2021-12-09 00:00:00,1638979200000,4.2587000000,4.2805000000,4.1934000000,4.2304000000,138761.5159030000,587011.2256813616,587011.2256813616,1,SRM-USDT
2021-12-09 01:00:00,1638982800000,4.2325000000,4.2454000000,4.2159000000,4.2298000000,43740.2929150000,185016.1793603043,185016.1793603043,1,SRM-USDT
2021-12-09 02:00:00,1638986400000,4.2295000000,4.2974000000,4.2096000000,4.2791000000,88018.8972380000,374700.9757702455,374700.9757702455,1,SRM-USDT
2021-12-09 03:00:00,1638990000000,4.2789000000,4.2988000000,4.2593000000,4.2709000000,49072.0865740000,209951.5885591930,209951.5885591930,1,SRM-USDT
2021-12-09 04:00:00,1638993600000,4.2686000000,4.2967000000,4.2608000000,4.2873000000,48204.7086270000,206262.1283501056,206262.1283501056,1,SRM-USDT
2021-12-09 05:00:00,1638997200000,4.2811000000,4.2936000000,4.2646000000,4.2834000000,36467.8723280000,156127.7189453082,156127.7189453082,1,SRM-USDT
2021-12-09 06:00:00,1639000800000,4.2877000000,4.3217000000,4.2545000000,4.2733000000,44860.3258930000,192589.3453298214,192589.3453298214,1,SRM-USDT
2021-12-09 07:00:00,1639004400000,4.2786000000,4.3761000000,4.2704000000,4.3609000000,224379.6352430000,972953.9595676748,972953.9595676748,1,SRM-USDT
2021-12-09 08:00:00,1639008000000,4.3602000000,4.3841000000,4.3037000000,4.3084000000,109992.1083680000,478843.1655458914,478843.1655458914,1,SRM-USDT
2021-12-09 09:00:00,1639011600000,4.3067000000,4.4182000000,4.2678000000,4.2773000000,123914.1164070000,532724.4445597879,532724.4445597879,1,SRM-USDT
2021-12-09 10:00:00,1639015200000,4.2793000000,4.2835000000,4.2053000000,4.2124000000,94279.8544960000,399433.0558073451,399433.0558073451,1,SRM-USDT
2021-12-09 11:00:00,1639018800000,4.2113000000,4.2142000000,4.1576000000,4.1741000000,108553.2101840000,454664.3716201503,454664.3716201503,1,SRM-USDT
2021-12-09 12:00:00,1639022400000,4.1718000000,4.2292000000,4.1608000000,4.2288000000,50410.3824340000,211905.1216416176,211905.1216416176,1,SRM-USDT
2021-12-09 13:00:00,1639026000000,4.2268000000,4.2312000000,4.2053000000,4.2062000000,38236.8673360000,161249.7084715736,161249.7084715736,1,SRM-USDT
2021-12-09 14:00:00,1639029600000,4.2053000000,4.2161000000,4.1595000000,4.1795000000,75099.3339200000,314237.7618020006,314237.7618020006,1,SRM-USDT
2021-12-09 15:00:00,1639033200000,4.1819000000,4.2183000000,4.1276000000,4.1980000000,111228.9575880000,463719.6556201423,463719.6556201423,1,SRM-USDT
2021-12-09 16:00:00,1639036800000,4.1977000000,4.1985000000,4.1296000000,4.1751000000,115916.3254480000,482760.2943488348,482760.2943488348,1,SRM-USDT
2021-12-09 17:00:00,1639040400000,4.1748000000,4.1805000000,4.1078000000,4.1462000000,171200.7053760000,708491.1468044217,708491.1468044217,1,SRM-USDT
2021-12-09 18:00:00,1639044000000,4.1475000000,4.1843000000,4.1138000000,4.1655000000,113253.7934500000,469233.9330956198,469233.9330956198,1,SRM-USDT
2021-12-09 19:00:00,1639047600000,4.1645000000,4.1684000000,4.1254000000,4.1449000000,46359.4328930000,192239.7382722094,192239.7382722094,1,SRM-USDT
2021-12-09 20:00:00,1639051200000,4.1419000000,4.1665000000,4.1152000000,4.1441000000,86429.6859180000,357990.1868143136,357990.1868143136,1,SRM-USDT
2021-12-09 21:00:00,1639054800000,4.1438000000,4.1775000000,4.1159000000,4.1609000000,82899.0407580000,343703.0131142501,343703.0131142501,1,SRM-USDT
2021-12-09 22:00:00,1639058400000,4.1628000000,4.1800000000,4.0488000000,4.0905000000,242462.5682310000,995075.1370406901,995075.1370406901,1,SRM-USDT
2021-12-09 23:00:00,1639062000000,4.0884000000,4.1277000000,4.0237000000,4.1053000000,236154.8947390000,965072.5527636424,965072.5527636424,1,SRM-USDT
2021-12-10 00:00:00,1639065600000,4.1057000000,4.1193000000,4.0727000000,4.0736000000,152930.2337440000,626085.6511768259,626085.6511768259,1,SRM-USDT
2021-12-10 01:00:00,1639069200000,4.0728000000,4.0934000000,4.0275000000,4.0304000000,64798.8466320000,263352.2425859244,263352.2425859244,1,SRM-USDT
2021-12-10 02:00:00,1639072800000,4.0311000000,4.0570000000,3.9298000000,3.9600000000,122833.7889570000,487942.7238063265,487942.7238063265,1,SRM-USDT
2021-12-10 03:00:00,1639076400000,3.9619000000,3.9896000000,3.9492000000,3.9560000000,60496.8720260000,240150.7001610512,240150.7001610512,1,SRM-USDT
2021-12-10 04:00:00,1639080000000,3.9533000000,3.9669000000,3.9078000000,3.9308000000,139782.4579550000,549449.3339840330,549449.3339840330,1,SRM-USDT
2021-12-10 05:00:00,1639083600000,3.9278000000,3.9779000000,3.9168000000,3.9630000000,59402.0142540000,234423.9872521376,234423.9872521376,1,SRM-USDT
2021-12-10 06:00:00,1639087200000,3.9631000000,3.9917000000,3.9436000000,3.9681000000,68211.3897590000,271283.0357705608,271283.0357705608,1,SRM-USDT
2021-12-10 07:00:00,1639090800000,3.9681000000,3.9984000000,3.9154000000,3.9236000000,73537.8747740000,291466.3444519153,291466.3444519153,1,SRM-USDT
2021-12-10 08:00:00,1639094400000,3.9222000000,4.0304000000,3.9164000000,3.9433000000,190762.8970280000,756970.2193488067,756970.2193488067,1,SRM-USDT
2021-12-10 09:00:00,1639098000000,3.9441000000,3.9666000000,3.8908000000,3.9474000000,54756.4216470000,216377.5155328305,216377.5155328305,1,SRM-USDT
2021-12-10 10:00:00,1639101600000,3.9462000000,3.9753000000,3.9272000000,3.9575000000,49893.9051360000,197455.6819586965,197455.6819586965,1,SRM-USDT
2021-12-10 11:00:00,1639105200000,3.9586000000,3.9605000000,3.9268000000,3.9353000000,25320.8899340000,99755.2868859976,99755.2868859976,1,SRM-USDT
2021-12-10 12:00:00,1639108800000,3.9336000000,3.9652000000,3.9064000000,3.9160000000,215412.1745850000,847889.2217968686,847889.2217968686,1,SRM-USDT
2021-12-10 13:00:00,1639112400000,3.9186000000,3.9386000000,3.8875000000,3.9096000000,40163.3915380000,157022.8970637214,157022.8970637214,1,SRM-USDT
2021-12-10 14:00:00,1639116000000,3.9126000000,3.9341000000,3.8594000000,3.8682000000,65583.3107260000,255553.3952296065,255553.3952296065,1,SRM-USDT
2021-12-10 15:00:00,1639119600000,3.8684000000,3.8735000000,3.8106000000,3.8273000000,116899.9009110000,449455.7222860199,449455.7222860199,1,SRM-USDT
2021-12-10 16:00:00,1639123200000,3.8273000000,3.8670000000,3.8221000000,3.8516000000,125800.9966430000,483939.7779380584,483939.7779380584,1,SRM-USDT
2021-12-10 17:00:00,1639126800000,3.8483000000,3.8804000000,3.8180000000,3.8704000000,57366.9407700000,220947.6705615933,220947.6705615933,1,SRM-USDT
2021-12-10 18:00:00,1639130400000,3.8669000000,3.8920000000,3.8608000000,3.8672000000,67800.9625850000,262704.6420184036,262704.6420184036,1,SRM-USDT
2021-12-10 19:00:00,1639134000000,3.8727000000,3.9203000000,3.8689000000,3.9156000000,41124.3470170000,160349.5673212710,160349.5673212710,1,SRM-USDT
2021-12-10 20:00:00,1639137600000,3.9150000000,3.9600000000,3.9109000000,3.9531000000,88670.2557360000,349810.5648943634,349810.5648943634,1,SRM-USDT
2021-12-10 21:00:00,1639141200000,3.9548000000,4.0091000000,3.9154000000,3.9807000000,66088.4683800000,261638.2147111279,261638.2147111279,1,SRM-USDT
2021-12-10 22:00:00,1639144800000,3.9845000000,4.0021000000,3.7987000000,3.8142000000,99984.3956070000,392968.2333343289,392968.2333343289,1,SRM-USDT
2021-12-10 23:00:00,1639148400000,3.8138000000,3.8621000000,3.7759000000,3.7929000000,141445.5471680000,538039.1718800025,538039.1718800025,1,SRM-USDT
2021-12-11 00:00:00,1639152000000,3.7947000000,3.7947000000,3.7290000000,3.7557000000,164601.5862880000,619505.2364416580,619505.2364416580,1,SRM-USDT
2021-12-11 01:00:00,1639155600000,3.7552000000,3.7910000000,3.7358000000,3.7860000000,68085.5336540000,256065.1380349482,256065.1380349482,1,SRM-USDT
2021-12-11 02:00:00,1639159200000,3.7838000000,3.8347000000,3.7803000000,3.7900000000,120194.0860130000,458035.0949993594,458035.0949993594,1,SRM-USDT
2021-12-11 03:00:00,1639162800000,3.7897000000,3.8220000000,3.7817000000,3.8075000000,31505.1925050000,119924.2510881923,119924.2510881923,1,SRM-USDT
2021-12-11 04:00:00,1639166400000,3.8091000000,3.8283000000,3.6803000000,3.7042000000,260095.4923950000,974737.7733488384,974737.7733488384,1,SRM-USDT
2021-12-11 05:00:00,1639170000000,3.7046000000,3.7351000000,3.6866000000,3.6938000000,128113.9630020000,476093.2093643086,476093.2093643086,1,SRM-USDT
2021-12-11 06:00:00,1639173600000,3.6942000000,3.7156000000,3.6587000000,3.6663000000,107722.1735480000,397862.9000582082,397862.9000582082,1,SRM-USDT
2021-12-11 07:00:00,1639177200000,3.6665000000,3.7050000000,3.5981000000,3.6113000000,187425.5853690000,683687.8881252332,683687.8881252332,1,SRM-USDT
2021-12-11 08:00:00,1639180800000,3.6104000000,3.6444000000,3.4789000000,3.5802000000,522787.1099160000,1855670.6365014056,1855670.6365014056,1,SRM-USDT
2021-12-11 09:00:00,1639184400000,3.5789000000,3.6651000000,3.5753000000,3.6246000000,173241.3190890000,628115.6758830093,628115.6758830093,1,SRM-USDT
2021-12-11 10:00:00,1639188000000,3.6224000000,3.6433000000,3.6066000000,3.6370000000,67002.9209560000,243018.7900719100,243018.7900719100,1,SRM-USDT
2021-12-11 11:00:00,1639191600000,3.6395000000,3.6760000000,3.6324000000,3.6498000000,87796.0484850000,321126.5080038702,321126.5080038702,1,SRM-USDT
2021-12-11 12:00:00,1639195200000,3.6521000000,3.6754000000,3.6475000000,3.6704000000,74768.1080820000,273889.9344034696,273889.9344034696,1,SRM-USDT
2021-12-11 13:00:00,1639198800000,3.6732000000,3.6906000000,3.6477000000,3.6543000000,66493.4009760000,243917.6452840021,243917.6452840021,1,SRM-USDT
2021-12-11 14:00:00,1639202400000,3.6534000000,3.7135000000,3.6236000000,3.6279000000,99943.4511570000,366071.2402592956,366071.2402592956,1,SRM-USDT
2021-12-11 15:00:00,1639206000000,3.6260000000,3.6645000000,3.6178000000,3.6445000000,62483.2053410000,227440.3003090499,227440.3003090499,1,SRM-USDT
2021-12-11 16:00:00,1639209600000,3.6441000000,3.7209000000,3.6299000000,3.6772000000,206790.5571080000,763617.0906287358,763617.0906287358,1,SRM-USDT
2021-12-11 17:00:00,1639213200000,3.6781000000,3.7042000000,3.6550000000,3.6983000000,56093.0829070000,206583.3116201740,206583.3116201740,1,SRM-USDT
2021-12-11 18:00:00,1639216800000,3.6981000000,3.7061000000,3.6819000000,3.6946000000,48481.8349220000,179253.8421333251,179253.8421333251,1,SRM-USDT
2021-12-11 19:00:00,1639220400000,3.6951000000,3.6999000000,3.6609000000,3.6731000000,73043.7184860000,268624.5809373730,268624.5809373730,1,SRM-USDT
2021-12-11 20:00:00,1639224000000,3.6765000000,3.7023000000,3.6663000000,3.6970000000,37192.6406400000,137279.2762988889,137279.2762988889,1,SRM-USDT
2021-12-11 21:00:00,1639227600000,3.6999000000,3.7147000000,3.6638000000,3.6742000000,58243.8771100000,214863.9952931347,214863.9952931347,1,SRM-USDT
2021-12-11 22:00:00,1639231200000,3.6736000000,3.7101000000,3.6596000000,3.7003000000,113094.5828660000,417451.2194224696,417451.2194224696,1,SRM-USDT
2021-12-11 23:00:00,1639234800000,3.7016000000,3.7261000000,3.6971000000,3.7259000000,43428.4195510000,161200.9209535473,161200.9209535473,1,SRM-USDT
2021-12-12 00:00:00,1639238400000,3.7260000000,3.7615000000,3.7227000000,3.7477000000,83723.3921370000,313228.6489562894,313228.6489562894,1,SRM-USDT
2021-12-12 01:00:00,1639242000000,3.7471000000,3.7477000000,3.7116000000,3.7235000000,49726.9063770000,185348.4486780260,185348.4486780260,1,SRM-USDT
2021-12-12 02:00:00,1639245600000,3.7231000000,3.7436000000,3.7166000000,3.7217000000,45916.8071580000,171272.1367075468,171272.1367075468,1,SRM-USDT
2021-12-12 03:00:00,1639249200000,3.7247000000,3.7297000000,3.7005000000,3.7062000000,38454.7239350000,142924.7180181419,142924.7180181419,1,SRM-USDT
2021-12-12 04:00:00,1639252800000,3.7062000000,3.7497000000,3.7055000000,3.7360000000,49201.9010070000,183429.2558950528,183429.2558950528,1,SRM-USDT
2021-12-12 05:00:00,1639256400000,3.7379000000,3.7504000000,3.7151000000,3.7455000000,38150.5663780000,142380.6727513732,142380.6727513732,1,SRM-USDT
2021-12-12 06:00:00,1639260000000,3.7441000000,3.7509000000,3.7256000000,3.7371000000,32843.5984560000,122759.2603307172,122759.2603307172,1,SRM-USDT
2021-12-12 07:00:00,1639263600000,3.7368000000,3.7722000000,3.7340000000,3.7635000000,57205.3874390000,214719.1898212552,214719.1898212552,1,SRM-USDT
2021-12-12 08:00:00,1639267200000,3.7632000000,3.7687000000,3.7144000000,3.7286000000,71016.6177380000,265685.1929185552,265685.1929185552,1,SRM-USDT
2021-12-12 09:00:00,1639270800000,3.7287000000,3.7371000000,3.6858000000,3.6909000000,62897.5639570000,233685.6723073231,233685.6723073231,1,SRM-USDT
2021-12-12 10:00:00,1639274400000,3.6904000000,3.7030000000,3.6786000000,3.6794000000,51694.6816330000,190843.0506797865,190843.0506797865,1,SRM-USDT
2021-12-12 11:00:00,1639278000000,3.6798000000,3.7002000000,3.6794000000,3.6939000000,54456.9802170000,200951.9098383633,200951.9098383633,1,SRM-USDT
2021-12-12 12:00:00,1639281600000,3.6951000000,3.6963000000,3.6355000000,3.6460000000,64836.9402990000,237517.2810923499,237517.2810923499,1,SRM-USDT
2021-12-12 13:00:00,1639285200000,3.6406000000,3.6660000000,3.6406000000,3.6525000000,55760.8129550000,203882.5824975449,203882.5824975449,1,SRM-USDT
2021-12-12 14:00:00,1639288800000,3.6526000000,3.6840000000,3.6500000000,3.6830000000,56712.9345310000,208376.2492670535,208376.2492670535,1,SRM-USDT
2021-12-12 15:00:00,1639292400000,3.6822000000,3.7027000000,3.6732000000,3.6959000000,48518.3744190000,179030.0474773668,179030.0474773668,1,SRM-USDT
2021-12-12 16:00:00,1639296000000,3.6960000000,3.7009000000,3.6456000000,3.6571000000,48075.8906550000,176537.5325236770,176537.5325236770,1,SRM-USDT
2021-12-12 17:00:00,1639299600000,3.6504000000,3.6768000000,3.6313000000,3.6323000000,71959.0719700000,262765.0748924965,262765.0748924965,1,SRM-USDT
2021-12-12 18:00:00,1639303200000,3.6324000000,3.6543000000,3.6185000000,3.6454000000,50456.2112230000,183594.4613674719,183594.4613674719,1,SRM-USDT
2021-12-12 19:00:00,1639306800000,3.6449000000,3.6787000000,3.6365000000,3.6679000000,46258.1217910000,169257.9978212709,169257.9978212709,1,SRM-USDT
2021-12-12 20:00:00,1639310400000,3.6700000000,3.7828000000,3.6583000000,3.7017000000,206724.7656500000,769710.7860285761,769710.7860285761,1,SRM-USDT
2021-12-12 21:00:00,1639314000000,3.7037000000,3.7545000000,3.6991000000,3.7490000000,91222.4354200000,339856.0129152766,339856.0129152766,1,SRM-USDT
2021-12-12 22:00:00,1639317600000,3.7477000000,3.7565000000,3.7236000000,3.7458000000,40861.1704090000,152875.0852219338,152875.0852219338,1,SRM-USDT
2021-12-12 23:00:00,1639321200000,3.7491000000,3.7531000000,3.6745000000,3.6835000000,110153.9573140000,407644.1991326831,407644.1991326831,1,SRM-USDT
2021-12-13 00:00:00,1639324800000,3.6841000000,3.7163000000,3.6774000000,3.7143000000,44363.3767900000,164075.3082089714,164075.3082089714,1,SRM-USDT
2021-12-13 01:00:00,1639328400000,3.7181000000,3.7991000000,3.7181000000,3.7944000000,230006.3058910000,867534.5809624671,867534.5809624671,1,SRM-USDT
2021-12-13 02:00:00,1639332000000,3.7961000000,3.8322000000,3.7961000000,3.8194000000,124840.8965110000,476678.5118809313,476678.5118809313,1,SRM-USDT
2021-12-13 03:00:00,1639335600000,3.8231000000,3.8331000000,3.8100000000,3.8188000000,42954.7629440000,164187.2103192139,164187.2103192139,1,SRM-USDT
2021-12-13 04:00:00,1639339200000,3.8208000000,3.8457000000,3.8160000000,3.8328000000,49181.8441720000,188659.8276183049,188659.8276183049,1,SRM-USDT
2021-12-13 05:00:00,1639342800000,3.8341000000,3.8420000000,3.8099000000,3.8106000000,38710.8861700000,148040.0844627571,148040.0844627571,1,SRM-USDT
2021-12-13 06:00:00,1639346400000,3.8116000000,3.8211000000,3.8045000000,3.8169000000,30726.6172500000,117129.9973002716,117129.9973002716,1,SRM-USDT
2021-12-13 07:00:00,1639350000000,3.8147000000,3.8287000000,3.7932000000,3.8019000000,37194.9295560000,141886.0199278278,141886.0199278278,1,SRM-USDT
2021-12-13 08:00:00,1639353600000,3.7994000000,3.8773000000,3.7585000000,3.7934000000,188999.3849920000,721450.9475159789,721450.9475159789,1,SRM-USDT
2021-12-13 09:00:00,1639357200000,3.7916000000,3.7920000000,3.6696000000,3.6699000000,91566.0839160000,340869.6601057258,340869.6601057258,1,SRM-USDT
2021-12-13 10:00:00,1639360800000,3.6696000000,3.6924000000,3.6436000000,3.6580000000,111443.4780500000,408763.4076033150,408763.4076033150,1,SRM-USDT
2021-12-13 11:00:00,1639364400000,3.6541000000,3.6779000000,3.6477000000,3.6649000000,48618.8247980000,178012.8864417450,178012.8864417450,1,SRM-USDT
2021-12-13 12:00:00,1639368000000,3.6634000000,3.6804000000,3.6485000000,3.6755000000,34588.2062190000,126811.4834572385,126811.4834572385,1,SRM-USDT
2021-12-13 13:00:00,1639371600000,3.6735000000,3.6865000000,3.6423000000,3.6845000000,66019.2384060000,241527.2417616942,241527.2417616942,1,SRM-USDT
2021-12-13 14:00:00,1639375200000,3.6859000000,3.6862000000,3.6189000000,3.6208000000,110879.4720690000,404605.0539948553,404605.0539948553,1,SRM-USDT
2021-12-13 15:00:00,1639378800000,3.6199000000,3.6253000000,3.5929000000,3.6047000000,86343.2224750000,311328.2529586851,311328.2529586851,1,SRM-USDT
2021-12-13 16:00:00,1639382400000,3.6046000000,3.6816000000,3.5826000000,3.6544000000,140566.5257960000,511148.7933499111,511148.7933499111,1,SRM-USDT
2021-12-13 17:00:00,1639386000000,3.6522000000,3.6543000000,3.6227000000,3.6372000000,49566.1001980000,180186.6851087444,180186.6851087444,1,SRM-USDT
2021-12-13 18:00:00,1639389600000,3.6374000000,3.6462000000,3.5969000000,3.6216000000,169244.1773460000,611359.8602417728,611359.8602417728,1,SRM-USDT
2021-12-13 19:00:00,1639393200000,3.6181000000,3.6400000000,3.6140000000,3.6351000000,34721.1591120000,126063.8758592147,126063.8758592147,1,SRM-USDT
2021-12-13 20:00:00,1639396800000,3.6342000000,3.6466000000,3.6033000000,3.6117000000,82426.9542960000,298730.0006747390,298730.0006747390,1,SRM-USDT
2021-12-13 21:00:00,1639400400000,3.6084000000,3.6135000000,3.5709000000,3.5970000000,85220.2868760000,306321.3735974375,306321.3735974375,1,SRM-USDT
2021-12-13 22:00:00,1639404000000,3.5942000000,3.5942000000,3.5000000000,3.5229000000,152091.5195880000,537635.6721074003,537635.6721074003,1,SRM-USDT
2021-12-13 23:00:00,1639407600000,3.5241000000,3.5281000000,3.4173000000,3.4504000000,174112.0466850000,603955.2102173029,603955.2102173029,1,SRM-USDT
2021-12-14 00:00:00,1639411200000,3.4515000000,3.4807000000,3.4165000000,3.4478000000,154470.5069960000,532931.8104038468,532931.8104038468,1,SRM-USDT
2021-12-14 01:00:00,1639414800000,3.4452000000,3.4969000000,3.4411000000,3.4615000000,81278.2136790000,282016.6311762169,282016.6311762169,1,SRM-USDT
2021-12-14 02:00:00,1639418400000,3.4647000000,3.4692000000,3.4229000000,3.4405000000,74436.3781700000,256189.9020478397,256189.9020478397,1,SRM-USDT
2021-12-14 03:00:00,1639422000000,3.4355000000,3.4360000000,3.3159000000,3.3543000000,398701.4692880000,1342123.6007469010,1342123.6007469010,1,SRM-USDT
2021-12-14 04:00:00,1639425600000,3.3530000000,3.3763000000,3.3170000000,3.3373000000,90386.0713460000,302548.9465866527,302548.9465866527,1,SRM-USDT
2021-12-14 05:00:00,1639429200000,3.3395000000,3.3748000000,3.3166000000,3.3626000000,83759.7939470000,280079.2620026108,280079.2620026108,1,SRM-USDT
2021-12-14 06:00:00,1639432800000,3.3603000000,3.4129000000,3.3544000000,3.4009000000,61966.0285420000,209996.1741882638,209996.1741882638,1,SRM-USDT
2021-12-14 07:00:00,1639436400000,3.4002000000,3.4140000000,3.3421000000,3.3481000000,142159.7818960000,478510.3386056545,478510.3386056545,1,SRM-USDT
2021-12-14 08:00:00,1639440000000,3.3472000000,3.4248000000,3.3137000000,3.3941000000,151408.4444330000,510150.7845842968,510150.7845842968,1,SRM-USDT
2021-12-14 09:00:00,1639443600000,3.3941000000,3.3962000000,3.3472000000,3.3784000000,71534.4473050000,240982.1704353437,240982.1704353437,1,SRM-USDT
2021-12-14 10:00:00,1639447200000,3.3809000000,3.3872000000,3.3470000000,3.3818000000,60934.8262660000,205204.1117061405,205204.1117061405,1,SRM-USDT
2021-12-14 11:00:00,1639450800000,3.3810000000,3.3899000000,3.3423000000,3.3661000000,70730.0224520000,238081.3136965798,238081.3136965798,1,SRM-USDT
2021-12-14 12:00:00,1639454400000,3.3665000000,3.3921000000,3.3360000000,3.3489000000,126671.1380120000,426885.9555331467,426885.9555331467,1,SRM-USDT
2021-12-14 13:00:00,1639458000000,3.3485000000,3.3847000000,3.3107000000,3.3198000000,133280.7155590000,446887.3033345098,446887.3033345098,1,SRM-USDT
2021-12-14 14:00:00,1639461600000,3.3206000000,3.3417000000,3.2804000000,3.3375000000,115065.5214800000,380634.9806285648,380634.9806285648,1,SRM-USDT
2021-12-14 15:00:00,1639465200000,3.3388000000,3.3790000000,3.3334000000,3.3723000000,73829.3001490000,247705.4984214164,247705.4984214164,1,SRM-USDT
2021-12-14 16:00:00,1639468800000,3.3754000000,3.3979000000,3.3628000000,3.3941000000,104169.6559800000,352074.4595105395,352074.4595105395,1,SRM-USDT
2021-12-14 17:00:00,1639472400000,3.3955000000,3.3955000000,3.3296000000,3.3312000000,86191.1898260000,289480.8286902087,289480.8286902087,1,SRM-USDT
2021-12-14 18:00:00,1639476000000,3.3308000000,3.4002000000,3.3303000000,3.3877000000,215642.4002470000,725348.9620296496,725348.9620296496,1,SRM-USDT
2021-12-14 19:00:00,1639479600000,3.3882000000,3.4334000000,3.3685000000,3.4244000000,88469.9708660000,300404.4183510551,300404.4183510551,1,SRM-USDT
2021-12-14 20:00:00,1639483200000,3.4270000000,3.5439000000,3.4270000000,3.4349000000,249882.5735330000,866687.9526670082,866687.9526670082,1,SRM-USDT
2021-12-14 21:00:00,1639486800000,3.4364000000,3.4668000000,3.3880000000,3.4141000000,94803.5358970000,325087.3645414971,325087.3645414971,1,SRM-USDT
2021-12-14 22:00:00,1639490400000,3.4082000000,3.4338000000,3.3806000000,3.4159000000,99205.9955760000,337663.2400457487,337663.2400457487,1,SRM-USDT
2021-12-14 23:00:00,1639494000000,3.4165000000,3.4714000000,3.3271000000,3.3530000000,201451.4442730000,686809.5772682042,686809.5772682042,1,SRM-USDT
2021-12-15 00:00:00,1639497600000,3.3525000000,3.3870000000,3.3263000000,3.3386000000,131080.0182310000,440487.5203897203,440487.5203897203,1,SRM-USDT
2021-12-15 01:00:00,1639501200000,3.3415000000,3.3799000000,3.3193000000,3.3265000000,56064.5591260000,188033.9293346326,188033.9293346326,1,SRM-USDT
2021-12-15 02:00:00,1639504800000,3.3253000000,3.3567000000,3.2734000000,3.3082000000,111661.0432060000,369228.7948233873,369228.7948233873,1,SRM-USDT
2021-12-15 03:00:00,1639508400000,3.3070000000,3.3336000000,3.2863000000,3.3052000000,90912.6803130000,301734.4723898582,301734.4723898582,1,SRM-USDT
2021-12-15 04:00:00,1639512000000,3.3084000000,3.3806000000,3.3083000000,3.3628000000,149912.0342410000,501452.4400320619,501452.4400320619,1,SRM-USDT
2021-12-15 05:00:00,1639515600000,3.3613000000,3.4772000000,3.3592000000,3.4390000000,166313.2471560000,570805.9618695885,570805.9618695885,1,SRM-USDT
2021-12-15 06:00:00,1639519200000,3.4346000000,3.4477000000,3.4170000000,3.4283000000,51987.3974260000,178415.4335129315,178415.4335129315,1,SRM-USDT
2021-12-15 07:00:00,1639522800000,3.4239000000,3.4450000000,3.4193000000,3.4345000000,110007.3360720000,377460.8261410311,377460.8261410311,1,SRM-USDT
2021-12-15 08:00:00,1639526400000,3.4342000000,3.4651000000,3.4184000000,3.4234000000,56373.5637400000,193860.9573837661,193860.9573837661,1,SRM-USDT
2021-12-15 09:00:00,1639530000000,3.4220000000,3.4272000000,3.4049000000,3.4121000000,49666.2898020000,169591.9617287373,169591.9617287373,1,SRM-USDT
2021-12-15 10:00:00,1639533600000,3.4131000000,3.4148000000,3.3855000000,3.4067000000,41170.1050850000,139902.4272614517,139902.4272614517,1,SRM-USDT
2021-12-15 11:00:00,1639537200000,3.4081000000,3.4142000000,3.3988000000,3.4127000000,40475.5330400000,137862.2456382206,137862.2456382206,1,SRM-USDT
2021-12-15 12:00:00,1639540800000,3.4152000000,3.4547000000,3.3891000000,3.4094000000,93259.8263650000,318620.5861135446,318620.5861135446,1,SRM-USDT
2021-12-15 13:00:00,1639544400000,3.4114000000,3.4249000000,3.3845000000,3.4013000000,55567.9766060000,189141.1315800887,189141.1315800887,1,SRM-USDT
2021-12-15 14:00:00,1639548000000,3.4010000000,3.4506000000,3.3999000000,3.4118000000,163331.3977400000,559604.9283727604,559604.9283727604,1,SRM-USDT
2021-12-15 15:00:00,1639551600000,3.4138000000,3.4480000000,3.4008000000,3.4420000000,91418.1786780000,313337.9404849053,313337.9404849053,1,SRM-USDT
2021-12-15 16:00:00,1639555200000,3.4423000000,3.4816000000,3.4423000000,3.4648000000,123128.4984370000,426508.4501605097,426508.4501605097,1,SRM-USDT
2021-12-15 17:00:00,1639558800000,3.4651000000,3.4755000000,3.4526000000,3.4718000000,43489.9565280000,150603.8543039075,150603.8543039075,1,SRM-USDT
2021-12-15 18:00:00,1639562400000,3.4692000000,3.4762000000,3.4443000000,3.4542000000,42544.8807850000,147153.4195095188,147153.4195095188,1,SRM-USDT
2021-12-15 19:00:00,1639566000000,3.4569000000,3.4796000000,3.4411000000,3.4670000000,169117.0392310000,584331.6910066786,584331.6910066786,1,SRM-USDT
2021-12-15 20:00:00,1639569600000,3.4641000000,3.4874000000,3.3734000000,3.3734000000,236802.8665270000,807018.9142601081,807018.9142601081,1,SRM-USDT
2021-12-15 21:00:00,1639573200000,3.3751000000,3.4087000000,3.3733000000,3.3911000000,57030.0415640000,193493.0689449082,193493.0689449082,1,SRM-USDT
2021-12-15 22:00:00,1639576800000,3.3868000000,3.4072000000,3.3384000000,3.3480000000,84972.3765810000,286363.5461302380,286363.5461302380,1,SRM-USDT
2021-12-15 23:00:00,1639580400000,3.3451000000,3.3569000000,3.2864000000,3.2870000000,197472.5966280000,653920.4016464840,653920.4016464840,1,SRM-USDT
2021-12-16 00:00:00,1639584000000,3.2873000000,3.3169000000,3.2723000000,3.2960000000,118023.6548830000,388925.6074082682,388925.6074082682,1,SRM-USDT
2021-12-16 01:00:00,1639587600000,3.2956000000,3.3324000000,3.2865000000,3.3166000000,73393.7253160000,242804.8188368112,242804.8188368112,1,SRM-USDT
2021-12-16 02:00:00,1639591200000,3.3161000000,3.3987000000,3.3064000000,3.3643000000,151972.4422260000,510646.8227334951,510646.8227334951,1,SRM-USDT
2021-12-16 03:00:00,1639594800000,3.3624000000,3.4852000000,3.3196000000,3.4710000000,491275.0803190000,1691053.4049565757,1691053.4049565757,1,SRM-USDT
2021-12-16 04:00:00,1639598400000,3.4718000000,3.5925000000,3.4661000000,3.5803000000,240904.7853360000,853141.7008729305,853141.7008729305,1,SRM-USDT
2021-12-16 05:00:00,1639602000000,3.5784000000,3.6658000000,3.5784000000,3.6079000000,203374.4638720000,735346.8628985906,735346.8628985906,1,SRM-USDT
2021-12-16 06:00:00,1639605600000,3.6106000000,3.6193000000,3.5539000000,3.5578000000,89194.0784960000,319341.7060239919,319341.7060239919,1,SRM-USDT
2021-12-16 07:00:00,1639609200000,3.5583000000,3.5700000000,3.5356000000,3.5603000000,124535.8544130000,442615.9986982660,442615.9986982660,1,SRM-USDT
2021-12-16 08:00:00,1639612800000,3.5621000000,3.6042000000,3.5456000000,3.5947000000,93529.9965960000,334538.0017906489,334538.0017906489,1,SRM-USDT
2021-12-16 09:00:00,1639616400000,3.5954000000,3.5966000000,3.5691000000,3.5764000000,78252.6805950000,280230.3819488288,280230.3819488288,1,SRM-USDT
2021-12-16 10:00:00,1639620000000,3.5767000000,3.5868000000,3.5651000000,3.5831000000,67739.4372480000,242271.2571193611,242271.2571193611,1,SRM-USDT
2021-12-16 11:00:00,1639623600000,3.5819000000,3.6402000000,3.5745000000,3.6057000000,269524.1905420000,975536.6251615020,975536.6251615020,1,SRM-USDT
2021-12-16 12:00:00,1639627200000,3.6069000000,3.6104000000,3.5741000000,3.5858000000,83704.3490930000,300259.9343698739,300259.9343698739,1,SRM-USDT
2021-12-16 13:00:00,1639630800000,3.5873000000,3.5990000000,3.5594000000,3.5597000000,47629.0453350000,170778.9548611772,170778.9548611772,1,SRM-USDT
2021-12-16 14:00:00,1639634400000,3.5599000000,3.5845000000,3.5265000000,3.5843000000,177785.3030440000,630380.8726358711,630380.8726358711,1,SRM-USDT
2021-12-16 15:00:00,1639638000000,3.5839000000,3.6156000000,3.5801000000,3.5957000000,95989.6415880000,345708.4065601607,345708.4065601607,1,SRM-USDT
2021-12-16 16:00:00,1639641600000,3.5936000000,3.6370000000,3.5897000000,3.6045000000,78807.6435890000,284392.7834677633,284392.7834677633,1,SRM-USDT
2021-12-16 17:00:00,1639645200000,3.6168000000,3.6200000000,3.6031000000,3.6183000000,22737.8765800000,82164.4174982748,82164.4174982748,1,SRM-USDT
2021-12-16 18:00:00,1639648800000,3.6164000000,3.6458000000,3.6131000000,3.6435000000,68417.7720050000,248435.5177027209,248435.5177027209,1,SRM-USDT
2021-12-16 19:00:00,1639652400000,3.6443000000,3.6646000000,3.6264000000,3.6545000000,71744.6758620000,261761.5525785060,261761.5525785060,1,SRM-USDT
2021-12-16 20:00:00,1639656000000,3.6545000000,3.6694000000,3.5870000000,3.5928000000,116214.5973020000,421892.5804306531,421892.5804306531,1,SRM-USDT
2021-12-16 21:00:00,1639659600000,3.5960000000,3.6825000000,3.5753000000,3.6646000000,108304.2064870000,392666.0333688952,392666.0333688952,1,SRM-USDT
2021-12-16 22:00:00,1639663200000,3.6638000000,3.6638000000,3.6331000000,3.6331000000,70819.8879630000,258406.6368233112,258406.6368233112,1,SRM-USDT
2021-12-16 23:00:00,1639666800000,3.6331000000,3.6475000000,3.5939000000,3.6349000000,110861.6416330000,401791.3534560227,401791.3534560227,1,SRM-USDT
2021-12-17 00:00:00,1639670400000,3.6361000000,3.6481000000,3.6153000000,3.6258000000,81250.6915960000,295081.4082198901,295081.4082198901,1,SRM-USDT
2021-12-17 01:00:00,1639674000000,3.6256000000,3.6260000000,3.5851000000,3.5942000000,51409.2078830000,185094.5079563014,185094.5079563014,1,SRM-USDT
2021-12-17 02:00:00,1639677600000,3.5881000000,3.6105000000,3.5622000000,3.5828000000,61518.2954580000,220596.1125169590,220596.1125169590,1,SRM-USDT
2021-12-17 03:00:00,1639681200000,3.5814000000,3.6092000000,3.5397000000,3.5563000000,89670.7582010000,320538.1625705641,320538.1625705641,1,SRM-USDT
2021-12-17 04:00:00,1639684800000,3.5554000000,3.5969000000,3.5545000000,3.5636000000,64263.9412570000,230039.6675752182,230039.6675752182,1,SRM-USDT
2021-12-17 05:00:00,1639688400000,3.5635000000,3.5769000000,3.5483000000,3.5613000000,54171.2057600000,192912.7495613759,192912.7495613759,1,SRM-USDT
2021-12-17 06:00:00,1639692000000,3.5607000000,3.5658000000,3.5035000000,3.5286000000,145426.0023970000,512611.2371036705,512611.2371036705,1,SRM-USDT
2021-12-17 07:00:00,1639695600000,3.5202000000,3.5217000000,3.4598000000,3.4712000000,117092.6227480000,408475.6425029027,408475.6425029027,1,SRM-USDT
2021-12-17 08:00:00,1639699200000,3.4706000000,3.5144000000,3.4556000000,3.5034000000,102528.3785080000,357996.4281468953,357996.4281468953,1,SRM-USDT
2021-12-17 09:00:00,1639702800000,3.5033000000,3.5153000000,3.4707000000,3.4812000000,43630.0703960000,152472.7566251495,152472.7566251495,1,SRM-USDT
2021-12-17 10:00:00,1639706400000,3.4812000000,3.4812000000,3.4409000000,3.4662000000,81119.0405840000,280054.3856836410,280054.3856836410,1,SRM-USDT
2021-12-17 11:00:00,1639710000000,3.4649000000,3.4890000000,3.4459000000,3.4723000000,61202.7554740000,212346.6189210647,212346.6189210647,1,SRM-USDT
2021-12-17 12:00:00,1639713600000,3.4709000000,3.4929000000,3.4709000000,3.4832000000,49449.6945080000,172242.8938829028,172242.8938829028,1,SRM-USDT
2021-12-17 13:00:00,1639717200000,3.4823000000,3.5038000000,3.4715000000,3.4796000000,44245.6300360000,154150.5935207611,154150.5935207611,1,SRM-USDT
2021-12-17 14:00:00,1639720800000,3.4813000000,3.4828000000,3.4446000000,3.4446000000,46382.9002350000,160921.4562776960,160921.4562776960,1,SRM-USDT
2021-12-17 15:00:00,1639724400000,3.4466000000,3.4474000000,3.3603000000,3.3939000000,211486.1968980000,717421.7606607195,717421.7606607195,1,SRM-USDT
2021-12-17 16:00:00,1639728000000,3.3920000000,3.4135000000,3.3809000000,3.4071000000,69075.0326110000,234614.3486611129,234614.3486611129,1,SRM-USDT
2021-12-17 17:00:00,1639731600000,3.4072000000,3.4120000000,3.3815000000,3.4068000000,44276.3954260000,150590.2070308317,150590.2070308317,1,SRM-USDT
2021-12-17 18:00:00,1639735200000,3.4068000000,3.4068000000,3.3545000000,3.3701000000,83033.7604040000,280406.0839903719,280406.0839903719,1,SRM-USDT
2021-12-17 19:00:00,1639738800000,3.3680000000,3.3918000000,3.3553000000,3.3677000000,54537.4379080000,184045.6525772917,184045.6525772917,1,SRM-USDT
2021-12-17 20:00:00,1639742400000,3.3710000000,3.3813000000,3.3331000000,3.3635000000,74077.1075940000,249200.0921319318,249200.0921319318,1,SRM-USDT
2021-12-17 21:00:00,1639746000000,3.3629000000,3.3924000000,3.3477000000,3.3502000000,74044.1400050000,249469.5427062830,249469.5427062830,1,SRM-USDT
2021-12-17 22:00:00,1639749600000,3.3492000000,3.3559000000,3.2650000000,3.3194000000,168461.5549160000,558146.5240702962,558146.5240702962,1,SRM-USDT
2021-12-17 23:00:00,1639753200000,3.3192000000,3.3985000000,3.2664000000,3.3862000000,190874.3153540000,638465.5664788075,638465.5664788075,1,SRM-USDT
2021-12-18 00:00:00,1639756800000,3.3833000000,3.4463000000,3.3715000000,3.4094000000,142396.2525190000,484955.6773052888,484955.6773052888,1,SRM-USDT
2021-12-18 01:00:00,1639760400000,3.4082000000,3.4082000000,3.3377000000,3.3441000000,82473.4750370000,277958.9459499165,277958.9459499165,1,SRM-USDT
2021-12-18 02:00:00,1639764000000,3.3423000000,3.3762000000,3.3397000000,3.3677000000,85825.2557320000,288276.9102631203,288276.9102631203,1,SRM-USDT
2021-12-18 03:00:00,1639767600000,3.3693000000,3.3787000000,3.3464000000,3.3530000000,49997.3696530000,168164.2967735932,168164.2967735932,1,SRM-USDT
2021-12-18 04:00:00,1639771200000,3.3511000000,3.3562000000,3.2931000000,3.3075000000,144823.5318970000,480403.6360957739,480403.6360957739,1,SRM-USDT
2021-12-18 05:00:00,1639774800000,3.3063000000,3.3972000000,3.2971000000,3.3823000000,103454.4891100000,347895.5002976642,347895.5002976642,1,SRM-USDT
2021-12-18 06:00:00,1639778400000,3.3824000000,3.3883000000,3.2860000000,3.3760000000,118988.2959450000,397469.1799579329,397469.1799579329,1,SRM-USDT
2021-12-18 07:00:00,1639782000000,3.3768000000,3.3768000000,3.3257000000,3.3429000000,74663.8570150000,250356.4968407545,250356.4968407545,1,SRM-USDT
2021-12-18 08:00:00,1639785600000,3.3423000000,3.3739000000,3.2949000000,3.3727000000,134405.6271010000,447304.4770951177,447304.4770951177,1,SRM-USDT
2021-12-18 09:00:00,1639789200000,3.3733000000,3.3792000000,3.2864000000,3.3012000000,90399.3525650000,299580.9867178169,299580.9867178169,1,SRM-USDT
2021-12-18 10:00:00,1639792800000,3.2997000000,3.3325000000,3.2767000000,3.2942000000,80279.8707000000,265721.7787026887,265721.7787026887,1,SRM-USDT
2021-12-18 11:00:00,1639796400000,3.2959000000,3.3766000000,3.2925000000,3.3484000000,77700.4756740000,259675.0785596790,259675.0785596790,1,SRM-USDT
2021-12-18 12:00:00,1639800000000,3.3495000000,3.3743000000,3.3263000000,3.3681000000,72719.4448120000,243932.5004363342,243932.5004363342,1,SRM-USDT
2021-12-18 13:00:00,1639803600000,3.3695000000,3.4205000000,3.3544000000,3.4006000000,118233.6000730000,401105.7446538456,401105.7446538456,1,SRM-USDT
2021-12-18 14:00:00,1639807200000,3.4009000000,3.4207000000,3.3809000000,3.3834000000,80892.9841610000,274891.3328500118,274891.3328500118,1,SRM-USDT
2021-12-18 15:00:00,1639810800000,3.3828000000,3.4128000000,3.3816000000,3.4066000000,53593.7324310000,182186.2341597956,182186.2341597956,1,SRM-USDT
2021-12-18 16:00:00,1639814400000,3.4056000000,3.4299000000,3.3918000000,3.3987000000,122868.4773730000,419549.8316031790,419549.8316031790,1,SRM-USDT
2021-12-18 17:00:00,1639818000000,3.3989000000,3.4380000000,3.3989000000,3.4360000000,45562.8903690000,155817.5189765194,155817.5189765194,1,SRM-USDT
2021-12-18 18:00:00,1639821600000,3.4367000000,3.4485000000,3.4177000000,3.4441000000,73021.0541170000,250937.7101324776,250937.7101324776,1,SRM-USDT
2021-12-18 19:00:00,1639825200000,3.4445000000,3.4988000000,3.4192000000,3.4807000000,262688.4154190000,911640.8708137340,911640.8708137340,1,SRM-USDT
2021-12-18 20:00:00,1639828800000,3.4818000000,3.4987000000,3.4576000000,3.4743000000,128353.2465000000,446672.6696027139,446672.6696027139,1,SRM-USDT
2021-12-18 21:00:00,1639832400000,3.4716000000,3.4851000000,3.4486000000,3.4505000000,119766.4561750000,415058.5531669592,415058.5531669592,1,SRM-USDT
2021-12-18 22:00:00,1639836000000,3.4499000000,3.5012000000,3.4499000000,3.4939000000,81796.5875010000,284539.2768507875,284539.2768507875,1,SRM-USDT
2021-12-18 23:00:00,1639839600000,3.4944000000,3.5117000000,3.4834000000,3.4874000000,75188.2194040000,263136.4089490302,263136.4089490302,1,SRM-USDT
2021-12-19 00:00:00,1639843200000,3.4854000000,3.5003000000,3.4752000000,3.4808000000,74404.4113770000,259406.6408691558,259406.6408691558,1,SRM-USDT
2021-12-19 01:00:00,1639846800000,3.4805000000,3.5008000000,3.4754000000,3.4834000000,51634.0833440000,180041.6407811972,180041.6407811972,1,SRM-USDT
2021-12-19 02:00:00,1639850400000,3.4817000000,3.5023000000,3.4816000000,3.4914000000,51708.8835940000,180647.8233655542,180647.8233655542,1,SRM-USDT
2021-12-19 03:00:00,1639854000000,3.4961000000,3.4961000000,3.4350000000,3.4839000000,122791.0447370000,427061.2417627914,427061.2417627914,1,SRM-USDT
2021-12-19 04:00:00,1639857600000,3.4848000000,3.4977000000,3.4766000000,3.4956000000,67258.1944450000,234533.7330706222,234533.7330706222,1,SRM-USDT
2021-12-19 05:00:00,1639861200000,3.4955000000,3.5068000000,3.4857000000,3.5068000000,36953.9871240000,129182.7683709696,129182.7683709696,1,SRM-USDT
2021-12-19 06:00:00,1639864800000,3.5052000000,3.5184000000,3.4997000000,3.5018000000,55297.3627690000,194101.2553038701,194101.2553038701,1,SRM-USDT
2021-12-19 07:00:00,1639868400000,3.5033000000,3.5033000000,3.4746000000,3.4872000000,40513.9447210000,141172.9350741190,141172.9350741190,1,SRM-USDT
2021-12-19 08:00:00,1639872000000,3.4884000000,3.4887000000,3.4545000000,3.4605000000,69209.2766250000,240415.6222383557,240415.6222383557,1,SRM-USDT
2021-12-19 09:00:00,1639875600000,3.4606000000,3.4742000000,3.4307000000,3.4366000000,49263.7500790000,169966.7629842857,169966.7629842857,1,SRM-USDT
2021-12-19 10:00:00,1639879200000,3.4379000000,3.4869000000,3.4375000000,3.4710000000,34824.0938670000,120472.6961069421,120472.6961069421,1,SRM-USDT
2021-12-19 11:00:00,1639882800000,3.4706000000,3.5324000000,3.4694000000,3.5051000000,138062.7834260000,483904.9323551424,483904.9323551424,1,SRM-USDT
2021-12-19 12:00:00,1639886400000,3.5056000000,3.5429000000,3.5056000000,3.5246000000,69018.4576320000,243334.9949028371,243334.9949028371,1,SRM-USDT
2021-12-19 13:00:00,1639890000000,3.5245000000,3.5390000000,3.5014000000,3.5068000000,44183.7571370000,155753.0013509650,155753.0013509650,1,SRM-USDT
2021-12-19 14:00:00,1639893600000,3.5078000000,3.5149000000,3.5001000000,3.5103000000,32832.5723150000,115226.3112861547,115226.3112861547,1,SRM-USDT
2021-12-19 15:00:00,1639897200000,3.5099000000,3.5260000000,3.5041000000,3.5069000000,52372.7770930000,184204.3168891453,184204.3168891453,1,SRM-USDT
2021-12-19 16:00:00,1639900800000,3.5102000000,3.5188000000,3.4976000000,3.5010000000,34594.8277330000,121359.9796225668,121359.9796225668,1,SRM-USDT
2021-12-19 17:00:00,1639904400000,3.5010000000,3.5061000000,3.4663000000,3.4745000000,53208.1687670000,185101.7652959090,185101.7652959090,1,SRM-USDT
2021-12-19 18:00:00,1639908000000,3.4707000000,3.4751000000,3.4363000000,3.4615000000,46664.9057990000,161371.9623694679,161371.9623694679,1,SRM-USDT
2021-12-19 19:00:00,1639911600000,3.4638000000,3.4700000000,3.4456000000,3.4661000000,44727.9432790000,154863.6591921522,154863.6591921522,1,SRM-USDT
2021-12-19 20:00:00,1639915200000,3.4663000000,3.4716000000,3.4420000000,3.4701000000,35832.8156920000,123925.9020769114,123925.9020769114,1,SRM-USDT
2021-12-19 21:00:00,1639918800000,3.4697000000,3.4895000000,3.4263000000,3.4793000000,82843.6277180000,286361.3201598905,286361.3201598905,1,SRM-USDT
2021-12-19 22:00:00,1639922400000,3.4811000000,3.5113000000,3.4421000000,3.4783000000,171352.9646780000,596010.3742285889,596010.3742285889,1,SRM-USDT
2021-12-19 23:00:00,1639926000000,3.4799000000,3.4832000000,3.4560000000,3.4747000000,32986.5172880000,114391.1722552683,114391.1722552683,1,SRM-USDT
2021-12-20 00:00:00,1639929600000,3.4751000000,3.5002000000,3.4672000000,3.4734000000,28821.8221680000,100419.0790627485,100419.0790627485,1,SRM-USDT
2021-12-20 01:00:00,1639933200000,3.4694000000,3.4761000000,3.4546000000,3.4650000000,25568.1797940000,88531.7038766240,88531.7038766240,1,SRM-USDT
2021-12-20 02:00:00,1639936800000,3.4648000000,3.4665000000,3.4142000000,3.4414000000,143149.9382980000,492326.4637813152,492326.4637813152,1,SRM-USDT
2021-12-20 03:00:00,1639940400000,3.4420000000,3.4420000000,3.3880000000,3.4013000000,258414.5549490000,880198.4204946306,880198.4204946306,1,SRM-USDT
2021-12-20 04:00:00,1639944000000,3.3993000000,3.4093000000,3.3823000000,3.3946000000,51568.7988350000,175239.7543974462,175239.7543974462,1,SRM-USDT
2021-12-20 05:00:00,1639947600000,3.3935000000,3.4112000000,3.3757000000,3.3855000000,56387.3244920000,191553.0428273976,191553.0428273976,1,SRM-USDT
2021-12-20 06:00:00,1639951200000,3.3866000000,3.4346000000,3.3808000000,3.4271000000,43241.7687620000,147359.1867376520,147359.1867376520,1,SRM-USDT
2021-12-20 07:00:00,1639954800000,3.4303000000,3.4335000000,3.3764000000,3.3845000000,31361.8656480000,106943.1778056942,106943.1778056942,1,SRM-USDT
2021-12-20 08:00:00,1639958400000,3.3833000000,3.3961000000,3.3407000000,3.3961000000,115558.0506760000,388767.4310377382,388767.4310377382,1,SRM-USDT
2021-12-20 09:00:00,1639962000000,3.3939000000,3.4195000000,3.3610000000,3.3788000000,66400.2633410000,225422.5835506323,225422.5835506323,1,SRM-USDT
2021-12-20 10:00:00,1639965600000,3.3776000000,3.3969000000,3.3594000000,3.3794000000,34073.8026300000,115124.7299512249,115124.7299512249,1,SRM-USDT
2021-12-20 11:00:00,1639969200000,3.3788000000,3.3886000000,3.3539000000,3.3639000000,43541.3343980000,146613.2645099080,146613.2645099080,1,SRM-USDT
2021-12-20 12:00:00,1639972800000,3.3634000000,3.3866000000,3.3634000000,3.3850000000,24763.4307550000,83561.4729776435,83561.4729776435,1,SRM-USDT
2021-12-20 13:00:00,1639976400000,3.3846000000,3.3913000000,3.3160000000,3.3200000000,57105.3163290000,190933.7589518112,190933.7589518112,1,SRM-USDT
2021-12-20 14:00:00,1639980000000,3.3198000000,3.3393000000,3.3110000000,3.3332000000,76101.8504270000,253049.2692230384,253049.2692230384,1,SRM-USDT
2021-12-20 15:00:00,1639983600000,3.3260000000,3.3459000000,3.3152000000,3.3382000000,67373.6263770000,224410.0669559967,224410.0669559967,1,SRM-USDT
2021-12-20 16:00:00,1639987200000,3.3351000000,3.3507000000,3.3130000000,3.3155000000,45212.5353430000,150666.1155944682,150666.1155944682,1,SRM-USDT
2021-12-20 17:00:00,1639990800000,3.3145000000,3.3195000000,3.2708000000,3.2747000000,127105.5892690000,417872.8690153667,417872.8690153667,1,SRM-USDT
2021-12-20 18:00:00,1639994400000,3.2734000000,3.2996000000,3.2679000000,3.2790000000,84545.3504610000,277666.4366034814,277666.4366034814,1,SRM-USDT
2021-12-20 19:00:00,1639998000000,3.2759000000,3.3014000000,3.2753000000,3.2898000000,32665.2147110000,107522.7439103445,107522.7439103445,1,SRM-USDT
2021-12-20 20:00:00,1640001600000,3.2901000000,3.2905000000,3.2356000000,3.2546000000,102690.6741030000,334115.6149863934,334115.6149863934,1,SRM-USDT
2021-12-20 21:00:00,1640005200000,3.2545000000,3.2688000000,3.2382000000,3.2408000000,62116.1990780000,201999.2963321107,201999.2963321107,1,SRM-USDT
2021-12-20 22:00:00,1640008800000,3.2436000000,3.3044000000,3.2042000000,3.3033000000,166245.5017070000,540713.0670396112,540713.0670396112,1,SRM-USDT
2021-12-20 23:00:00,1640012400000,3.3054000000,3.3115000000,3.2414000000,3.2458000000,94808.6899000000,310701.5829587069,310701.5829587069,1,SRM-USDT
2021-12-21 00:00:00,1640016000000,3.2458000000,3.3062000000,3.2342000000,3.2990000000,47130.6802130000,153990.8204670184,153990.8204670184,1,SRM-USDT
2021-12-21 01:00:00,1640019600000,3.2968000000,3.3115000000,3.2642000000,3.2674000000,51915.8863690000,170655.0036360105,170655.0036360105,1,SRM-USDT
2021-12-21 02:00:00,1640023200000,3.2686000000,3.2996000000,3.2611000000,3.2966000000,51727.4336860000,169415.1775243424,169415.1775243424,1,SRM-USDT
2021-12-21 03:00:00,1640026800000,3.2986000000,3.3184000000,3.2916000000,3.3113000000,90282.7219280000,298440.6725573718,298440.6725573718,1,SRM-USDT
2021-12-21 04:00:00,1640030400000,3.3138000000,3.3435000000,3.3129000000,3.3372000000,83056.2153200000,276359.6484855249,276359.6484855249,1,SRM-USDT
2021-12-21 05:00:00,1640034000000,3.3384000000,3.3648000000,3.3236000000,3.3248000000,64938.8462710000,217038.9140369372,217038.9140369372,1,SRM-USDT
2021-12-21 06:00:00,1640037600000,3.3246000000,3.3373000000,3.3146000000,3.3162000000,34660.4632900000,115159.7986165199,115159.7986165199,1,SRM-USDT
2021-12-21 07:00:00,1640041200000,3.3150000000,3.3463000000,3.3150000000,3.3381000000,48476.5053430000,161643.1816939634,161643.1816939634,1,SRM-USDT
2021-12-21 08:00:00,1640044800000,3.3387000000,3.3529000000,3.3196000000,3.3197000000,57241.2182290000,191021.6038352783,191021.6038352783,1,SRM-USDT
2021-12-21 09:00:00,1640048400000,3.3282000000,3.3307000000,3.3110000000,3.3246000000,51549.8409680000,171231.2147578791,171231.2147578791,1,SRM-USDT
2021-12-21 10:00:00,1640052000000,3.3251000000,3.3372000000,3.3134000000,3.3222000000,27011.0437620000,89788.7992597382,89788.7992597382,1,SRM-USDT
2021-12-21 11:00:00,1640055600000,3.3225000000,3.4004000000,3.3204000000,3.3916000000,84376.9777680000,283569.3892190417,283569.3892190417,1,SRM-USDT
2021-12-21 12:00:00,1640059200000,3.3948000000,3.4682000000,3.3947000000,3.4485000000,167255.0662970000,575047.7347697625,575047.7347697625,1,SRM-USDT
2021-12-21 13:00:00,1640062800000,3.4484000000,3.4623000000,3.4369000000,3.4454000000,83224.9364080000,287057.2356139793,287057.2356139793,1,SRM-USDT
2021-12-21 14:00:00,1640066400000,3.4437000000,3.4554000000,3.4318000000,3.4537000000,48291.8956450000,166158.3221231648,166158.3221231648,1,SRM-USDT
2021-12-21 15:00:00,1640070000000,3.4531000000,3.4622000000,3.4431000000,3.4581000000,67550.0065130000,233232.4055628678,233232.4055628678,1,SRM-USDT
2021-12-21 16:00:00,1640073600000,3.4585000000,3.4821000000,3.4478000000,3.4522000000,91138.8947160000,315783.3628748214,315783.3628748214,1,SRM-USDT
2021-12-21 17:00:00,1640077200000,3.4543000000,3.4626000000,3.4424000000,3.4535000000,37407.4383760000,129139.3551685250,129139.3551685250,1,SRM-USDT
2021-12-21 18:00:00,1640080800000,3.4541000000,3.4711000000,3.4500000000,3.4587000000,50489.8570120000,174822.7467209551,174822.7467209551,1,SRM-USDT
2021-12-21 19:00:00,1640084400000,3.4565000000,3.4679000000,3.4555000000,3.4613000000,24004.8743490000,83088.8160709157,83088.8160709157,1,SRM-USDT
2021-12-21 20:00:00,1640088000000,3.4619000000,3.4901000000,3.4468000000,3.4557000000,102880.0517780000,356833.9629676683,356833.9629676683,1,SRM-USDT
2021-12-21 21:00:00,1640091600000,3.4565000000,3.4712000000,3.4424000000,3.4711000000,43080.4919170000,148956.2755069998,148956.2755069998,1,SRM-USDT
2021-12-21 22:00:00,1640095200000,3.4701000000,3.4731000000,3.4146000000,3.4229000000,50399.7691590000,173366.0500739980,173366.0500739980,1,SRM-USDT
2021-12-21 23:00:00,1640098800000,3.4238000000,3.4324000000,3.3878000000,3.4079000000,79632.5237510000,271447.7504017923,271447.7504017923,1,SRM-USDT
2021-12-22 00:00:00,1640102400000,3.4106000000,3.4394000000,3.4087000000,3.4320000000,81920.9338640000,280718.4229244080,280718.4229244080,1,SRM-USDT
2021-12-22 01:00:00,1640106000000,3.4323000000,3.4394000000,3.4152000000,3.4209000000,37303.4743500000,127838.4170432805,127838.4170432805,1,SRM-USDT
2021-12-22 02:00:00,1640109600000,3.4186000000,3.4397000000,3.4141000000,3.4305000000,35611.3321870000,122061.4053820916,122061.4053820916,1,SRM-USDT
2021-12-22 03:00:00,1640113200000,3.4281000000,3.4523000000,3.4239000000,3.4517000000,46952.6488160000,161269.9731612928,161269.9731612928,1,SRM-USDT
2021-12-22 04:00:00,1640116800000,3.4534000000,3.4747000000,3.4429000000,3.4516000000,38895.8250760000,134504.9292616690,134504.9292616690,1,SRM-USDT
2021-12-22 05:00:00,1640120400000,3.4510000000,3.4797000000,3.4464000000,3.4700000000,48907.1286140000,169471.1867742578,169471.1867742578,1,SRM-USDT
2021-12-22 06:00:00,1640124000000,3.4715000000,3.4897000000,3.4600000000,3.4891000000,63963.5055330000,221851.2334233026,221851.2334233026,1,SRM-USDT
2021-12-22 07:00:00,1640127600000,3.4897000000,3.5556000000,3.4786000000,3.5305000000,213067.1123570000,750416.7453035798,750416.7453035798,1,SRM-USDT
2021-12-22 08:00:00,1640131200000,3.5313000000,3.5416000000,3.5088000000,3.5092000000,97073.4059030000,342250.9634915710,342250.9634915710,1,SRM-USDT
2021-12-22 09:00:00,1640134800000,3.5099000000,3.5362000000,3.5084000000,3.5225000000,44292.2163620000,156056.3693093082,156056.3693093082,1,SRM-USDT
2021-12-22 10:00:00,1640138400000,3.5223000000,3.5665000000,3.5181000000,3.5409000000,64909.6999330000,230236.6135778646,230236.6135778646,1,SRM-USDT
2021-12-22 11:00:00,1640142000000,3.5404000000,3.5494000000,3.5305000000,3.5386000000,58698.5892610000,207703.0369208346,207703.0369208346,1,SRM-USDT
2021-12-22 12:00:00,1640145600000,3.5386000000,3.5672000000,3.5285000000,3.5671000000,62775.7251990000,222920.0461524349,222920.0461524349,1,SRM-USDT
2021-12-22 13:00:00,1640149200000,3.5672000000,3.5727000000,3.5437000000,3.5501000000,47064.6088990000,167429.9012176972,167429.9012176972,1,SRM-USDT
2021-12-22 14:00:00,1640152800000,3.5497000000,3.5751000000,3.5465000000,3.5649000000,48112.8336610000,171545.8828474164,171545.8828474164,1,SRM-USDT
2021-12-22 15:00:00,1640156400000,3.5643000000,3.5900000000,3.5643000000,3.5813000000,74666.2979700000,267227.9462273936,267227.9462273936,1,SRM-USDT
2021-12-22 16:00:00,1640160000000,3.5815000000,3.6070000000,3.5743000000,3.5879000000,65074.2089720000,233694.2392380704,233694.2392380704,1,SRM-USDT
2021-12-22 17:00:00,1640163600000,3.5884000000,3.5911000000,3.5352000000,3.5451000000,73972.7106540000,263585.1082392719,263585.1082392719,1,SRM-USDT
2021-12-22 18:00:00,1640167200000,3.5443000000,3.5792000000,3.5412000000,3.5761000000,50934.0661530000,181275.5202917972,181275.5202917972,1,SRM-USDT
2021-12-22 19:00:00,1640170800000,3.5745000000,3.8252000000,3.5745000000,3.6916000000,628111.1444290000,2335247.7815328664,2335247.7815328664,1,SRM-USDT
2021-12-22 20:00:00,1640174400000,3.6911000000,3.7127000000,3.5785000000,3.6082000000,204262.0396310000,742816.4511742531,742816.4511742531,1,SRM-USDT
2021-12-22 21:00:00,1640178000000,3.6098000000,3.6461000000,3.6082000000,3.6412000000,96516.5029570000,350189.5200257702,350189.5200257702,1,SRM-USDT
2021-12-22 22:00:00,1640181600000,3.6414000000,3.7542000000,3.6414000000,3.7483000000,211277.2389960000,780187.6772960728,780187.6772960728,1,SRM-USDT
2021-12-22 23:00:00,1640185200000,3.7480000000,3.7787000000,3.6999000000,3.7465000000,197605.2943990000,739626.6235555118,739626.6235555118,1,SRM-USDT
2021-12-23 00:00:00,1640188800000,3.7465000000,3.7854000000,3.7247000000,3.7353000000,144457.0772730000,543400.8680974091,543400.8680974091,1,SRM-USDT
2021-12-23 01:00:00,1640192400000,3.7344000000,3.7461000000,3.6918000000,3.7022000000,80719.6623360000,300208.4626324379,300208.4626324379,1,SRM-USDT
2021-12-23 02:00:00,1640196000000,3.6998000000,3.7540000000,3.6993000000,3.7202000000,80144.3000640000,299208.9371602907,299208.9371602907,1,SRM-USDT
2021-12-23 03:00:00,1640199600000,3.7192000000,3.7493000000,3.7083000000,3.7341000000,45680.2529190000,170584.9273881778,170584.9273881778,1,SRM-USDT
2021-12-23 04:00:00,1640203200000,3.7325000000,3.7518000000,3.7279000000,3.7382000000,52893.3119690000,197971.1939993075,197971.1939993075,1,SRM-USDT
2021-12-23 05:00:00,1640206800000,3.7352000000,3.7432000000,3.7146000000,3.7359000000,67192.7315310000,250390.7733345623,250390.7733345623,1,SRM-USDT
2021-12-23 06:00:00,1640210400000,3.7355000000,3.7665000000,3.7173000000,3.7400000000,74605.4706930000,279083.1765225547,279083.1765225547,1,SRM-USDT
2021-12-23 07:00:00,1640214000000,3.7377000000,3.7416000000,3.6417000000,3.6643000000,112203.4935440000,413295.1032858860,413295.1032858860,1,SRM-USDT
2021-12-23 08:00:00,1640217600000,3.6648000000,3.6818000000,3.5950000000,3.6288000000,151737.5693420000,550568.4496748197,550568.4496748197,1,SRM-USDT
2021-12-23 09:00:00,1640221200000,3.6260000000,3.6801000000,3.6159000000,3.6795000000,57377.5586680000,209049.3304947032,209049.3304947032,1,SRM-USDT
2021-12-23 10:00:00,1640224800000,3.6780000000,3.7261000000,3.6658000000,3.6907000000,66214.3122400000,245180.8101109973,245180.8101109973,1,SRM-USDT
2021-12-23 11:00:00,1640228400000,3.6948000000,3.6948000000,3.6514000000,3.6915000000,44790.4434940000,164704.5145223454,164704.5145223454,1,SRM-USDT
2021-12-23 12:00:00,1640232000000,3.6917000000,3.6941000000,3.6425000000,3.6500000000,57387.2268170000,210918.8096511934,210918.8096511934,1,SRM-USDT
2021-12-23 13:00:00,1640235600000,3.6498000000,3.6612000000,3.6258000000,3.6332000000,71317.5957550000,260147.4664890789,260147.4664890789,1,SRM-USDT
2021-12-23 14:00:00,1640239200000,3.6332000000,3.6585000000,3.6289000000,3.6547000000,59401.0288690000,216624.2100304187,216624.2100304187,1,SRM-USDT
2021-12-23 15:00:00,1640242800000,3.6541000000,3.7080000000,3.5903000000,3.6021000000,176900.9130630000,645817.6227591005,645817.6227591005,1,SRM-USDT
2021-12-23 16:00:00,1640246400000,3.6013000000,3.6306000000,3.5837000000,3.6297000000,101385.0814400000,366344.1215072543,366344.1215072543,1,SRM-USDT
2021-12-23 17:00:00,1640250000000,3.6301000000,3.6302000000,3.6051000000,3.6198000000,55618.0842620000,201280.7174834558,201280.7174834558,1,SRM-USDT
2021-12-23 18:00:00,1640253600000,3.6209000000,3.6418000000,3.6089000000,3.6340000000,70131.3925160000,254199.7720015767,254199.7720015767,1,SRM-USDT
2021-12-23 19:00:00,1640257200000,3.6357000000,3.6511000000,3.6190000000,3.6339000000,65544.7948970000,238400.3939629124,238400.3939629124,1,SRM-USDT
2021-12-23 20:00:00,1640260800000,3.6327000000,3.6769000000,3.6185000000,3.6616000000,122582.0876840000,448478.1817744750,448478.1817744750,1,SRM-USDT
2021-12-23 21:00:00,1640264400000,3.6621000000,3.7109000000,3.6621000000,3.6980000000,110067.9520530000,406692.2060127773,406692.2060127773,1,SRM-USDT
2021-12-23 22:00:00,1640268000000,3.7028000000,3.7199000000,3.6922000000,3.7156000000,108556.4604360000,402327.8939005630,402327.8939005630,1,SRM-USDT
2021-12-23 23:00:00,1640271600000,3.7155000000,3.7687000000,3.7155000000,3.7682000000,139453.5845020000,522600.3432509553,522600.3432509553,1,SRM-USDT
2021-12-24 00:00:00,1640275200000,3.7684000000,3.8078000000,3.7456000000,3.7818000000,119463.2591140000,450666.3868849082,450666.3868849082,1,SRM-USDT
2021-12-24 01:00:00,1640278800000,3.7827000000,3.8489000000,3.7665000000,3.8483000000,184583.8731350000,705358.9117397896,705358.9117397896,1,SRM-USDT
2021-12-24 02:00:00,1640282400000,3.8476000000,3.8980000000,3.8428000000,3.8754000000,249590.0935600000,967148.7843411044,967148.7843411044,1,SRM-USDT
2021-12-24 03:00:00,1640286000000,3.8754000000,3.9440000000,3.8754000000,3.9052000000,130351.8319800000,509574.4129557097,509574.4129557097,1,SRM-USDT
2021-12-24 04:00:00,1640289600000,3.9074000000,3.9184000000,3.8768000000,3.8857000000,102567.0480150000,399666.1681109650,399666.1681109650,1,SRM-USDT
2021-12-24 05:00:00,1640293200000,3.8869000000,3.8889000000,3.8435000000,3.8697000000,70538.4799560000,273068.9517466640,273068.9517466640,1,SRM-USDT
2021-12-24 06:00:00,1640296800000,3.8713000000,3.8871000000,3.8650000000,3.8766000000,62869.4996980000,243936.1111527104,243936.1111527104,1,SRM-USDT
2021-12-24 07:00:00,1640300400000,3.8794000000,3.8870000000,3.8584000000,3.8870000000,51698.2508680000,200167.4666178770,200167.4666178770,1,SRM-USDT
2021-12-24 08:00:00,1640304000000,3.8870000000,3.9439000000,3.8535000000,3.9285000000,99679.5357190000,389720.3607550749,389720.3607550749,1,SRM-USDT
2021-12-24 09:00:00,1640307600000,3.9264000000,3.9590000000,3.9264000000,3.9504000000,119511.8000220000,471232.0740649633,471232.0740649633,1,SRM-USDT
2021-12-24 10:00:00,1640311200000,3.9507000000,3.9600000000,3.9101000000,3.9600000000,94822.5524190000,373913.4482835851,373913.4482835851,1,SRM-USDT
2021-12-24 11:00:00,1640314800000,3.9601000000,3.9773000000,3.9284000000,3.9578000000,201353.9138810000,797884.4041986413,797884.4041986413,1,SRM-USDT
2021-12-24 12:00:00,1640318400000,3.9576000000,4.0100000000,3.9356000000,3.9667000000,260007.3315270000,1030712.1915048084,1030712.1915048084,1,SRM-USDT
2021-12-24 13:00:00,1640322000000,3.9666000000,3.9666000000,3.9052000000,3.9242000000,175607.8266320000,691876.4757047163,691876.4757047163,1,SRM-USDT
2021-12-24 14:00:00,1640325600000,3.9241000000,3.9263000000,3.8968000000,3.9150000000,71075.7862140000,277990.3153593755,277990.3153593755,1,SRM-USDT
2021-12-24 15:00:00,1640329200000,3.9128000000,3.9533000000,3.9081000000,3.9470000000,74694.4894270000,294315.2595950666,294315.2595950666,1,SRM-USDT
2021-12-24 16:00:00,1640332800000,3.9518000000,4.1046000000,3.9497000000,4.0097000000,302472.6711900000,1219040.5179274073,1219040.5179274073,1,SRM-USDT
2021-12-24 17:00:00,1640336400000,4.0101000000,4.1301000000,4.0089000000,4.1253000000,310854.2134310000,1272043.6582079448,1272043.6582079448,1,SRM-USDT
2021-12-24 18:00:00,1640340000000,4.1215000000,4.1251000000,4.1021000000,4.1127000000,129632.5752840000,533284.3171377151,533284.3171377151,1,SRM-USDT
2021-12-24 19:00:00,1640343600000,4.1120000000,4.1120000000,4.0402000000,4.0602000000,127223.5544600000,519524.0825115267,519524.0825115267,1,SRM-USDT
2021-12-24 20:00:00,1640347200000,4.0561000000,4.0784000000,4.0240000000,4.0781000000,145940.2708630000,590424.2735994672,590424.2735994672,1,SRM-USDT
2021-12-24 21:00:00,1640350800000,4.0795000000,4.1251000000,4.0759000000,4.1247000000,156768.2428560000,642715.0760294280,642715.0760294280,1,SRM-USDT
2021-12-24 22:00:00,1640354400000,4.1193000000,4.2053000000,4.0613000000,4.0714000000,469839.7788960000,1948085.1158462365,1948085.1158462365,1,SRM-USDT
2021-12-24 23:00:00,1640358000000,4.0724000000,4.1883000000,3.9691000000,4.1719000000,449785.2562750000,1836295.6203305493,1836295.6203305493,1,SRM-USDT
2021-12-25 00:00:00,1640361600000,4.1713000000,4.2016000000,4.0944000000,4.1468000000,227977.3672070000,947283.0400051252,947283.0400051252,1,SRM-USDT
2021-12-25 01:00:00,1640365200000,4.1439000000,4.1592000000,4.0926000000,4.1423000000,93825.0769300000,386775.8748295793,386775.8748295793,1,SRM-USDT
2021-12-25 02:00:00,1640368800000,4.1399000000,4.1675000000,4.1250000000,4.1564000000,98142.3553640000,406602.2761395360,406602.2761395360,1,SRM-USDT
2021-12-25 03:00:00,1640372400000,4.1586000000,4.1633000000,4.0661000000,4.0734000000,130972.9115820000,540082.9470928160,540082.9470928160,1,SRM-USDT
2021-12-25 04:00:00,1640376000000,4.0751000000,4.1446000000,4.0344000000,4.1353000000,124455.3294550000,509972.4287925349,509972.4287925349,1,SRM-USDT
2021-12-25 05:00:00,1640379600000,4.1360000000,4.1415000000,4.1025000000,4.1106000000,55090.9655240000,226892.8507772108,226892.8507772108,1,SRM-USDT
2021-12-25 06:00:00,1640383200000,4.1133000000,4.1143000000,4.0019000000,4.0231000000,105742.9583160000,427084.2599813081,427084.2599813081,1,SRM-USDT
2021-12-25 07:00:00,1640386800000,4.0203000000,4.0556000000,3.9600000000,4.0375000000,129766.8623200000,520360.9431037783,520360.9431037783,1,SRM-USDT
2021-12-25 08:00:00,1640390400000,4.0387000000,4.0926000000,4.0024000000,4.0816000000,112002.1473140000,454740.0837059693,454740.0837059693,1,SRM-USDT
2021-12-25 09:00:00,1640394000000,4.0816000000,4.0821000000,4.0183000000,4.0604000000,64254.6502960000,260070.6877333022,260070.6877333022,1,SRM-USDT
2021-12-25 10:00:00,1640397600000,4.0612000000,4.0847000000,4.0159000000,4.0181000000,102455.6112190000,416336.3651482543,416336.3651482543,1,SRM-USDT
2021-12-25 11:00:00,1640401200000,4.0161000000,4.0298000000,3.9865000000,3.9902000000,117456.6640610000,471278.7660437602,471278.7660437602,1,SRM-USDT
2021-12-25 12:00:00,1640404800000,3.9918000000,4.0384000000,3.9886000000,4.0211000000,42846.0713680000,172240.3437954700,172240.3437954700,1,SRM-USDT
2021-12-25 13:00:00,1640408400000,4.0220000000,4.0466000000,4.0180000000,4.0220000000,51015.3633540000,205690.8998868890,205690.8998868890,1,SRM-USDT
2021-12-25 14:00:00,1640412000000,4.0220000000,4.0584000000,3.9954000000,4.0545000000,79524.1739530000,320052.0913187138,320052.0913187138,1,SRM-USDT
2021-12-25 15:00:00,1640415600000,4.0558000000,4.0626000000,4.0167000000,4.0532000000,71635.9895570000,288994.1753942876,288994.1753942876,1,SRM-USDT
2021-12-25 16:00:00,1640419200000,4.0528000000,4.0709000000,4.0271000000,4.0608000000,92592.1282490000,375007.5167044635,375007.5167044635,1,SRM-USDT
2021-12-25 17:00:00,1640422800000,4.0616000000,4.0905000000,4.0423000000,4.0477000000,63737.9098430000,258930.9011137251,258930.9011137251,1,SRM-USDT
2021-12-25 18:00:00,1640426400000,4.0493000000,4.0521000000,3.9905000000,3.9951000000,95659.1763560000,385145.2174638636,385145.2174638636,1,SRM-USDT
2021-12-25 19:00:00,1640430000000,3.9923000000,4.0290000000,3.9824000000,3.9964000000,93853.9331510000,376157.0468542590,376157.0468542590,1,SRM-USDT
2021-12-25 20:00:00,1640433600000,3.9997000000,4.0396000000,3.9997000000,4.0244000000,96880.0130030000,389493.7954903593,389493.7954903593,1,SRM-USDT
2021-12-25 21:00:00,1640437200000,4.0246000000,4.0363000000,4.0029000000,4.0355000000,41235.9572320000,165714.8189043876,165714.8189043876,1,SRM-USDT
2021-12-25 22:00:00,1640440800000,4.0364000000,4.0364000000,4.0149000000,4.0207000000,31840.5086740000,128109.7954037622,128109.7954037622,1,SRM-USDT
2021-12-25 23:00:00,1640444400000,4.0211000000,4.0540000000,4.0187000000,4.0467000000,53395.6625650000,215541.8074456283,215541.8074456283,1,SRM-USDT
2021-12-26 00:00:00,1640448000000,4.0469000000,4.0691000000,4.0193000000,4.0444000000,91329.1165330000,369872.8082953000,369872.8082953000,1,SRM-USDT
2021-12-26 01:00:00,1640451600000,4.0440000000,4.0497000000,3.9801000000,4.0349000000,87051.5537570000,348814.6814807814,348814.6814807814,1,SRM-USDT
2021-12-26 02:00:00,1640455200000,4.0330000000,4.0562000000,4.0184000000,4.0415000000,57479.2929120000,232035.0267754646,232035.0267754646,1,SRM-USDT
2021-12-26 03:00:00,1640458800000,4.0483000000,4.0541000000,4.0253000000,4.0258000000,24112.0694550000,97455.5341847613,97455.5341847613,1,SRM-USDT
2021-12-26 04:00:00,1640462400000,4.0285000000,4.0559000000,4.0168000000,4.0523000000,38474.5195470000,155271.5884151173,155271.5884151173,1,SRM-USDT
2021-12-26 05:00:00,1640466000000,4.0547000000,4.0994000000,4.0514000000,4.0791000000,66203.7677600000,270154.1120500987,270154.1120500987,1,SRM-USDT
2021-12-26 06:00:00,1640469600000,4.0796000000,4.0805000000,4.0426000000,4.0672000000,39069.2542930000,158569.1100454795,158569.1100454795,1,SRM-USDT
2021-12-26 07:00:00,1640473200000,4.0645000000,4.1282000000,4.0429000000,4.1062000000,153246.5085510000,627648.2522371411,627648.2522371411,1,SRM-USDT
2021-12-26 08:00:00,1640476800000,4.1069000000,4.1547000000,4.0608000000,4.1466000000,234462.1136610000,964053.6249262692,964053.6249262692,1,SRM-USDT
2021-12-26 09:00:00,1640480400000,4.1441000000,4.2053000000,4.1302000000,4.1677000000,210560.0974600000,879972.8779241624,879972.8779241624,1,SRM-USDT
2021-12-26 10:00:00,1640484000000,4.1675000000,4.1762000000,4.0645000000,4.0787000000,139646.7259720000,573685.1276094763,573685.1276094763,1,SRM-USDT
2021-12-26 11:00:00,1640487600000,4.0792000000,4.0792000000,3.9078000000,3.9194000000,455079.4397210000,1807855.9665708912,1807855.9665708912,1,SRM-USDT
2021-12-26 12:00:00,1640491200000,3.9157000000,3.9361000000,3.9003000000,3.9339000000,196904.9123830000,772402.1006014863,772402.1006014863,1,SRM-USDT
2021-12-26 13:00:00,1640494800000,3.9317000000,3.9331000000,3.8865000000,3.8985000000,134575.6745350000,526441.6817713953,526441.6817713953,1,SRM-USDT
2021-12-26 14:00:00,1640498400000,3.8973000000,3.9435000000,3.8871000000,3.9260000000,88247.2218330000,346028.9187954214,346028.9187954214,1,SRM-USDT
2021-12-26 15:00:00,1640502000000,3.9219000000,3.9598000000,3.9130000000,3.9581000000,46186.7571900000,181759.5215129757,181759.5215129757,1,SRM-USDT
2021-12-26 16:00:00,1640505600000,3.9578000000,3.9816000000,3.9363000000,3.9451000000,53855.8188310000,213273.5119447573,213273.5119447573,1,SRM-USDT
2021-12-26 17:00:00,1640509200000,3.9461000000,3.9917000000,3.9445000000,3.9811000000,91712.8021070000,364346.3999150548,364346.3999150548,1,SRM-USDT
2021-12-26 18:00:00,1640512800000,3.9830000000,4.0109000000,3.9795000000,4.0064000000,77252.8425830000,308478.3592286925,308478.3592286925,1,SRM-USDT
2021-12-26 19:00:00,1640516400000,4.0090000000,4.0288000000,3.9759000000,4.0101000000,211883.6821530000,848512.3415185281,848512.3415185281,1,SRM-USDT
2021-12-26 20:00:00,1640520000000,4.0082000000,4.0632000000,3.9922000000,4.0511000000,106755.4104300000,430972.2800546847,430972.2800546847,1,SRM-USDT
2021-12-26 21:00:00,1640523600000,4.0593000000,4.0632000000,4.0148000000,4.0334000000,63539.5509660000,256416.6917528769,256416.6917528769,1,SRM-USDT
2021-12-26 22:00:00,1640527200000,4.0327000000,4.0368000000,4.0082000000,4.0304000000,78724.5251640000,316791.6149243818,316791.6149243818,1,SRM-USDT
2021-12-26 23:00:00,1640530800000,4.0316000000,4.0492000000,4.0060000000,4.0373000000,95896.5320400000,386650.4079066000,386650.4079066000,1,SRM-USDT
2021-12-27 00:00:00,1640534400000,4.0401000000,4.0596000000,4.0240000000,4.0511000000,95382.7986990000,385314.2292555617,385314.2292555617,1,SRM-USDT
2021-12-27 01:00:00,1640538000000,4.0546000000,4.0754000000,4.0506000000,4.0623000000,42143.5642560000,171014.9928385962,171014.9928385962,1,SRM-USDT
2021-12-27 02:00:00,1640541600000,4.0619000000,4.0710000000,4.0459000000,4.0629000000,53719.3538590000,217967.5376316924,217967.5376316924,1,SRM-USDT
2021-12-27 03:00:00,1640545200000,4.0636000000,4.0694000000,4.0485000000,4.0535000000,53772.2724710000,218317.1701121412,218317.1701121412,1,SRM-USDT
2021-12-27 04:00:00,1640548800000,4.0557000000,4.0614000000,4.0321000000,4.0321000000,64008.6694100000,259008.1960728457,259008.1960728457,1,SRM-USDT
2021-12-27 05:00:00,1640552400000,4.0321000000,4.0549000000,3.9867000000,4.0392000000,166172.5918680000,667996.8793798801,667996.8793798801,1,SRM-USDT
2021-12-27 06:00:00,1640556000000,4.0370000000,4.0598000000,4.0370000000,4.0503000000,110962.2278070000,449853.8078356316,449853.8078356316,1,SRM-USDT
2021-12-27 07:00:00,1640559600000,4.0504000000,4.0565000000,4.0248000000,4.0340000000,43800.7665250000,176929.5312665403,176929.5312665403,1,SRM-USDT
2021-12-27 08:00:00,1640563200000,4.0359000000,4.0635000000,4.0321000000,4.0455000000,71740.6154790000,290439.4851452805,290439.4851452805,1,SRM-USDT
2021-12-27 09:00:00,1640566800000,4.0450000000,4.0456000000,4.0248000000,4.0312000000,37097.2491750000,149611.7094869618,149611.7094869618,1,SRM-USDT
2021-12-27 10:00:00,1640570400000,4.0312000000,4.0411000000,4.0243000000,4.0308000000,53900.8699210000,217381.7351780868,217381.7351780868,1,SRM-USDT
2021-12-27 11:00:00,1640574000000,4.0272000000,4.0529000000,4.0252000000,4.0529000000,70131.0786910000,283127.6482872178,283127.6482872178,1,SRM-USDT
2021-12-27 12:00:00,1640577600000,4.0545000000,4.0688000000,4.0422000000,4.0524000000,37360.4855930000,151364.6180251386,151364.6180251386,1,SRM-USDT
2021-12-27 13:00:00,1640581200000,4.0528000000,4.0548000000,4.0408000000,4.0418000000,31650.7209030000,128126.3174319079,128126.3174319079,1,SRM-USDT
2021-12-27 14:00:00,1640584800000,4.0418000000,4.0481000000,4.0310000000,4.0447000000,43779.6538200000,177030.3128297244,177030.3128297244,1,SRM-USDT
2021-12-27 15:00:00,1640588400000,4.0447000000,4.0700000000,4.0424000000,4.0456000000,76041.8086030000,308533.5573182873,308533.5573182873,1,SRM-USDT
2021-12-27 16:00:00,1640592000000,4.0460000000,4.0810000000,4.0100000000,4.0114000000,159254.5652850000,645487.0984076828,645487.0984076828,1,SRM-USDT
2021-12-27 17:00:00,1640595600000,4.0100000000,4.0398000000,4.0002000000,4.0391000000,86348.1433500000,347180.0186139766,347180.0186139766,1,SRM-USDT
2021-12-27 18:00:00,1640599200000,4.0385000000,4.0949000000,4.0363000000,4.0909000000,111336.8373230000,452798.4751198152,452798.4751198152,1,SRM-USDT
2021-12-27 19:00:00,1640602800000,4.0906000000,4.1371000000,4.0906000000,4.1299000000,179551.8246990000,739755.6541138361,739755.6541138361,1,SRM-USDT
2021-12-27 20:00:00,1640606400000,4.1294000000,4.1483000000,4.0789000000,4.1130000000,141430.7335560000,582388.7060389726,582388.7060389726,1,SRM-USDT
2021-12-27 21:00:00,1640610000000,4.1132000000,4.1800000000,4.1132000000,4.1689000000,142381.8951940000,590837.1031813971,590837.1031813971,1,SRM-USDT
2021-12-27 22:00:00,1640613600000,4.1685000000,4.2648000000,4.1567000000,4.2092000000,243820.1896730000,1024080.1331598444,1024080.1331598444,1,SRM-USDT
2021-12-27 23:00:00,1640617200000,4.2105000000,4.2243000000,4.1670000000,4.1868000000,99800.0078120000,419051.1866621646,419051.1866621646,1,SRM-USDT
2021-12-28 00:00:00,1640620800000,4.1871000000,4.2402000000,4.1717000000,4.2278000000,113384.9188550000,476397.4565214669,476397.4565214669,1,SRM-USDT
2021-12-28 01:00:00,1640624400000,4.2290000000,4.2781000000,4.2108000000,4.2392000000,169734.7786750000,719794.8524239413,719794.8524239413,1,SRM-USDT
2021-12-28 02:00:00,1640628000000,4.2416000000,4.2512000000,4.2002000000,4.2132000000,112549.4965350000,475907.8379802724,475907.8379802724,1,SRM-USDT
2021-12-28 03:00:00,1640631600000,4.2134000000,4.2305000000,4.1817000000,4.1844000000,75715.3851920000,318503.8511097361,318503.8511097361,1,SRM-USDT
2021-12-28 04:00:00,1640635200000,4.1809000000,4.2050000000,4.1460000000,4.1797000000,106095.0679860000,442645.1920803570,442645.1920803570,1,SRM-USDT
2021-12-28 05:00:00,1640638800000,4.1798000000,4.1840000000,4.1055000000,4.1161000000,88589.1691140000,367344.1682165654,367344.1682165654,1,SRM-USDT
2021-12-28 06:00:00,1640642400000,4.1183000000,4.1375000000,4.0453000000,4.0984000000,100925.8697850000,413714.5897485221,413714.5897485221,1,SRM-USDT
2021-12-28 07:00:00,1640646000000,4.0948000000,4.1088000000,4.0485000000,4.0580000000,100113.1350620000,407622.0690810061,407622.0690810061,1,SRM-USDT
2021-12-28 08:00:00,1640649600000,4.0563000000,4.0563000000,3.9442000000,3.9904000000,199818.9510230000,796240.8605050483,796240.8605050483,1,SRM-USDT
2021-12-28 09:00:00,1640653200000,3.9864000000,3.9864000000,3.8737000000,3.9098000000,214160.3845650000,840120.3489809633,840120.3489809633,1,SRM-USDT
2021-12-28 10:00:00,1640656800000,3.9041000000,3.9262000000,3.8746000000,3.8886000000,100537.2880710000,391416.6111821641,391416.6111821641,1,SRM-USDT
2021-12-28 11:00:00,1640660400000,3.8899000000,3.8902000000,3.8078000000,3.8692000000,211962.0970640000,814928.6236087665,814928.6236087665,1,SRM-USDT
2021-12-28 12:00:00,1640664000000,3.8688000000,3.8688000000,3.7399000000,3.7972000000,235318.4195830000,890698.3485203082,890698.3485203082,1,SRM-USDT
2021-12-28 13:00:00,1640667600000,3.7941000000,3.8426000000,3.7867000000,3.8400000000,95249.2594480000,363375.7297010227,363375.7297010227,1,SRM-USDT
2021-12-28 14:00:00,1640671200000,3.8376000000,3.8540000000,3.8166000000,3.8338000000,68990.0589740000,264582.5276186434,264582.5276186434,1,SRM-USDT
2021-12-28 15:00:00,1640674800000,3.8336000000,3.8655000000,3.8045000000,3.8289000000,129341.3101340000,496175.9743288676,496175.9743288676,1,SRM-USDT
2021-12-28 16:00:00,1640678400000,3.8283000000,3.8600000000,3.8014000000,3.8431000000,95551.8646750000,367043.6812217961,367043.6812217961,1,SRM-USDT
2021-12-28 17:00:00,1640682000000,3.8417000000,3.8580000000,3.7969000000,3.8070000000,121859.5029210000,466911.4360115551,466911.4360115551,1,SRM-USDT
2021-12-28 18:00:00,1640685600000,3.8119000000,3.8390000000,3.7915000000,3.8325000000,40428.0623340000,154615.6392283650,154615.6392283650,1,SRM-USDT
2021-12-28 19:00:00,1640689200000,3.8334000000,3.8963000000,3.8112000000,3.8860000000,125363.1132440000,484276.7079016309,484276.7079016309,1,SRM-USDT
2021-12-28 20:00:00,1640692800000,3.8838000000,3.8993000000,3.8436000000,3.8461000000,111684.2684850000,432227.2166037831,432227.2166037831,1,SRM-USDT
2021-12-28 21:00:00,1640696400000,3.8428000000,3.8689000000,3.8274000000,3.8333000000,126721.9442600000,488355.3505620630,488355.3505620630,1,SRM-USDT
2021-12-28 22:00:00,1640700000000,3.8329000000,3.8704000000,3.7300000000,3.8209000000,254546.0000370000,969710.6743274276,969710.6743274276,1,SRM-USDT
2021-12-28 23:00:00,1640703600000,3.8208000000,3.8426000000,3.7931000000,3.8011000000,72799.2323450000,277683.7110164560,277683.7110164560,1,SRM-USDT
2021-12-29 00:00:00,1640707200000,3.8001000000,3.8021000000,3.7041000000,3.7877000000,192251.7561010000,721089.2610869807,721089.2610869807,1,SRM-USDT
2021-12-29 01:00:00,1640710800000,3.7870000000,3.7870000000,3.6553000000,3.7223000000,162940.1169550000,604184.8207098924,604184.8207098924,1,SRM-USDT
2021-12-29 02:00:00,1640714400000,3.7233000000,3.7479000000,3.6777000000,3.7099000000,100028.4289350000,371140.9891110965,371140.9891110965,1,SRM-USDT
2021-12-29 03:00:00,1640718000000,3.7105000000,3.7105000000,3.6500000000,3.6971000000,142571.9413020000,523795.3968225250,523795.3968225250,1,SRM-USDT
2021-12-29 04:00:00,1640721600000,3.6957000000,3.7288000000,3.6734000000,3.7019000000,97432.7438510000,360502.5598031339,360502.5598031339,1,SRM-USDT
2021-12-29 05:00:00,1640725200000,3.7029000000,3.7082000000,3.6501000000,3.6571000000,72725.4767980000,267308.8291874058,267308.8291874058,1,SRM-USDT
2021-12-29 06:00:00,1640728800000,3.6550000000,3.6837000000,3.6335000000,3.6837000000,66713.0941630000,243866.2941446442,243866.2941446442,1,SRM-USDT
2021-12-29 07:00:00,1640732400000,3.6823000000,3.6881000000,3.6367000000,3.6367000000,55817.1743370000,205011.0348634597,205011.0348634597,1,SRM-USDT
2021-12-29 08:00:00,1640736000000,3.6405000000,3.6966000000,3.6186000000,3.6632000000,83479.0168660000,304787.7483458696,304787.7483458696,1,SRM-USDT
2021-12-29 09:00:00,1640739600000,3.6642000000,3.6946000000,3.6305000000,3.6503000000,61192.6010710000,224149.2548844360,224149.2548844360,1,SRM-USDT
2021-12-29 10:00:00,1640743200000,3.6465000000,3.6753000000,3.6448000000,3.6592000000,43500.6249800000,159295.2944165642,159295.2944165642,1,SRM-USDT
2021-12-29 11:00:00,1640746800000,3.6579000000,3.6818000000,3.6491000000,3.6561000000,53385.4490280000,195676.0807670237,195676.0807670237,1,SRM-USDT
2021-12-29 12:00:00,1640750400000,3.6590000000,3.6726000000,3.6186000000,3.6214000000,64640.6747450000,235374.6527273185,235374.6527273185,1,SRM-USDT
2021-12-29 13:00:00,1640754000000,3.6208000000,3.6385000000,3.5768000000,3.6053000000,123898.5122280000,446824.2803203286,446824.2803203286,1,SRM-USDT
2021-12-29 14:00:00,1640757600000,3.6046000000,3.6254000000,3.5776000000,3.5967000000,66408.0325610000,239382.4328556264,239382.4328556264,1,SRM-USDT
2021-12-29 15:00:00,1640761200000,3.5965000000,3.6071000000,3.5621000000,3.5813000000,63516.8860580000,227670.5040541875,227670.5040541875,1,SRM-USDT
2021-12-29 16:00:00,1640764800000,3.5810000000,3.6291000000,3.5736000000,3.6175000000,66739.3829280000,240839.5115336861,240839.5115336861,1,SRM-USDT
2021-12-29 17:00:00,1640768400000,3.6148000000,3.6302000000,3.5539000000,3.6147000000,90927.8317940000,326925.0441415451,326925.0441415451,1,SRM-USDT
2021-12-29 18:00:00,1640772000000,3.6145000000,3.6280000000,3.5707000000,3.5865000000,54398.7528690000,195666.3526487576,195666.3526487576,1,SRM-USDT
2021-12-29 19:00:00,1640775600000,3.5835000000,3.5965000000,3.5514000000,3.5723000000,48181.5222510000,172052.0087308661,172052.0087308661,1,SRM-USDT
2021-12-29 20:00:00,1640779200000,3.5735000000,3.5780000000,3.4828000000,3.4983000000,259932.5166870000,913042.8231093608,913042.8231093608,1,SRM-USDT
2021-12-29 21:00:00,1640782800000,3.4974000000,3.5371000000,3.4500000000,3.5248000000,205869.4875910000,715506.3868110281,715506.3868110281,1,SRM-USDT
2021-12-29 22:00:00,1640786400000,3.5262000000,3.6090000000,3.5143000000,3.5928000000,112116.6260490000,398841.0244377641,398841.0244377641,1,SRM-USDT
2021-12-29 23:00:00,1640790000000,3.5962000000,3.5962000000,3.5485000000,3.5744000000,117017.7354020000,418262.5070063251,418262.5070063251,1,SRM-USDT
2021-12-30 00:00:00,1640793600000,3.5747000000,3.5762000000,3.4876000000,3.5124000000,87675.9865410000,308683.0462111882,308683.0462111882,1,SRM-USDT
2021-12-30 01:00:00,1640797200000,3.5128000000,3.5128000000,3.4618000000,3.4739000000,87730.6864640000,305743.2691169492,305743.2691169492,1,SRM-USDT
2021-12-30 02:00:00,1640800800000,3.4726000000,3.5376000000,3.4707000000,3.5053000000,86447.1172880000,303224.8351584755,303224.8351584755,1,SRM-USDT
2021-12-30 03:00:00,1640804400000,3.5006000000,3.5045000000,3.4343000000,3.4621000000,108098.8720740000,374475.5217141654,374475.5217141654,1,SRM-USDT
2021-12-30 04:00:00,1640808000000,3.4601000000,3.5075000000,3.4510000000,3.4719000000,64891.2404780000,225879.7754796983,225879.7754796983,1,SRM-USDT
2021-12-30 05:00:00,1640811600000,3.4728000000,3.4736000000,3.4417000000,3.4672000000,75132.4316140000,259957.8260524690,259957.8260524690,1,SRM-USDT
2021-12-30 06:00:00,1640815200000,3.4639000000,3.4940000000,3.4512000000,3.4706000000,68951.4759680000,239274.0851054915,239274.0851054915,1,SRM-USDT
2021-12-30 07:00:00,1640818800000,3.4695000000,3.4821000000,3.3680000000,3.4060000000,246461.0835610000,838577.4313694887,838577.4313694887,1,SRM-USDT
2021-12-30 08:00:00,1640822400000,3.4048000000,3.4202000000,3.3168000000,3.4083000000,205283.0947890000,692731.5996704581,692731.5996704581,1,SRM-USDT
2021-12-30 09:00:00,1640826000000,3.4108000000,3.4125000000,3.3675000000,3.3949000000,94278.4987740000,319803.0492464816,319803.0492464816,1,SRM-USDT
2021-12-30 10:00:00,1640829600000,3.3946000000,3.3997000000,3.3650000000,3.3944000000,63927.5833210000,216296.5649495269,216296.5649495269,1,SRM-USDT
2021-12-30 11:00:00,1640833200000,3.3944000000,3.4031000000,3.3536000000,3.3768000000,64926.6675280000,219721.3481221708,219721.3481221708,1,SRM-USDT
2021-12-30 12:00:00,1640836800000,3.3745000000,3.4069000000,3.3737000000,3.3816000000,63444.4089230000,215234.4181816918,215234.4181816918,1,SRM-USDT
2021-12-30 13:00:00,1640840400000,3.3808000000,3.4029000000,3.3685000000,3.3994000000,78068.7019430000,264280.2224990547,264280.2224990547,1,SRM-USDT
2021-12-30 14:00:00,1640844000000,3.3945000000,3.4267000000,3.3772000000,3.4230000000,73946.8346830000,251271.6467002139,251271.6467002139,1,SRM-USDT
2021-12-30 15:00:00,1640847600000,3.4216000000,3.4827000000,3.4154000000,3.4751000000,126155.0759830000,436409.0444920241,436409.0444920241,1,SRM-USDT
2021-12-30 16:00:00,1640851200000,3.4715000000,3.4968000000,3.4486000000,3.4503000000,101642.3516100000,352662.1456473539,352662.1456473539,1,SRM-USDT
2021-12-30 17:00:00,1640854800000,3.4523000000,3.4805000000,3.4450000000,3.4502000000,35996.4262440000,124530.0683831430,124530.0683831430,1,SRM-USDT
2021-12-30 18:00:00,1640858400000,3.4514000000,3.4676000000,3.4384000000,3.4586000000,54064.2260920000,186635.1352874644,186635.1352874644,1,SRM-USDT
2021-12-30 19:00:00,1640862000000,3.4570000000,3.5680000000,3.4570000000,3.5447000000,229961.8313760000,809036.9834457733,809036.9834457733,1,SRM-USDT
2021-12-30 20:00:00,1640865600000,3.5435000000,3.5590000000,3.5197000000,3.5326000000,110957.0220180000,393013.3960988151,393013.3960988151,1,SRM-USDT
2021-12-30 21:00:00,1640869200000,3.5327000000,3.6257000000,3.4929000000,3.5001000000,286753.9292690000,1014558.6091950848,1014558.6091950848,1,SRM-USDT
2021-12-30 22:00:00,1640872800000,3.5019000000,3.5301000000,3.4872000000,3.5265000000,77240.0813830000,270798.8253879418,270798.8253879418,1,SRM-USDT
2021-12-30 23:00:00,1640876400000,3.5253000000,3.5426000000,3.4933000000,3.4959000000,79656.9268710000,280693.1861701819,280693.1861701819,1,SRM-USDT
2021-12-31 00:00:00,1640880000000,3.4982000000,3.5329000000,3.4845000000,3.5268000000,78616.4446140000,276298.5518912824,276298.5518912824,1,SRM-USDT
2021-12-31 01:00:00,1640883600000,3.5267000000,3.5328000000,3.5044000000,3.5114000000,68491.6959700000,240857.5293216628,240857.5293216628,1,SRM-USDT
2021-12-31 02:00:00,1640887200000,3.5114000000,3.5150000000,3.4739000000,3.5077000000,148094.8165360000,517071.9606181623,517071.9606181623,1,SRM-USDT
2021-12-31 03:00:00,1640890800000,3.5096000000,3.5199000000,3.4906000000,3.4985000000,54423.0564360000,190909.7157675762,190909.7157675762,1,SRM-USDT
2021-12-31 04:00:00,1640894400000,3.4966000000,3.5395000000,3.4542000000,3.4736000000,90785.7065900000,317539.2275249822,317539.2275249822,1,SRM-USDT
2021-12-31 05:00:00,1640898000000,3.4762000000,3.5113000000,3.4537000000,3.5004000000,47210.4978900000,164456.6966540440,164456.6966540440,1,SRM-USDT
2021-12-31 06:00:00,1640901600000,3.5039000000,3.5094000000,3.4397000000,3.4759000000,33178.4838170000,115310.2838832594,115310.2838832594,1,SRM-USDT
2021-12-31 07:00:00,1640905200000,3.4762000000,3.4865000000,3.4529000000,3.4762000000,51121.2857270000,177441.6019744595,177441.6019744595,1,SRM-USDT
2021-12-31 08:00:00,1640908800000,3.4762000000,3.5076000000,3.4452000000,3.4763000000,85286.7237940000,296520.7782167291,296520.7782167291,1,SRM-USDT
2021-12-31 09:00:00,1640912400000,3.4753000000,3.5189000000,3.4321000000,3.4731000000,115909.6456460000,403241.3443099632,403241.3443099632,1,SRM-USDT
2021-12-31 10:00:00,1640916000000,3.4649000000,3.4902000000,3.4443000000,3.4562000000,64621.6857430000,223902.4623967001,223902.4623967001,1,SRM-USDT
2021-12-31 11:00:00,1640919600000,3.4565000000,3.4929000000,3.4416000000,3.4715000000,127533.5402620000,442662.8758494147,442662.8758494147,1,SRM-USDT
2021-12-31 12:00:00,1640923200000,3.4701000000,3.5069000000,3.4701000000,3.4868000000,148331.7037580000,518127.2988174658,518127.2988174658,1,SRM-USDT
2021-12-31 13:00:00,1640926800000,3.4862000000,3.4966000000,3.4595000000,3.4616000000,86531.1651400000,300931.2813983654,300931.2813983654,1,SRM-USDT
2021-12-31 14:00:00,1640930400000,3.4584000000,3.4779000000,3.4458000000,3.4716000000,43172.9874540000,149325.2184572564,149325.2184572564,1,SRM-USDT
2021-12-31 15:00:00,1640934000000,3.4734000000,3.4765000000,3.4177000000,3.4576000000,43913.8020790000,150884.2833711747,150884.2833711747,1,SRM-USDT
2021-12-31 16:00:00,1640937600000,3.4585000000,3.5797000000,3.4476000000,3.5643000000,139214.4930620000,491195.8730616130,491195.8730616130,1,SRM-USDT
2021-12-31 17:00:00,1640941200000,3.5653000000,3.6024000000,3.5407000000,3.5423000000,125126.7176950000,446441.1289516481,446441.1289516481,1,SRM-USDT
2021-12-31 18:00:00,1640944800000,3.5451000000,3.5536000000,3.5090000000,3.5158000000,47764.7662300000,169104.0153591780,169104.0153591780,1,SRM-USDT
2021-12-31 19:00:00,1640948400000,3.5170000000,3.5395000000,3.5081000000,3.5142000000,46078.6999160000,162446.1005746641,162446.1005746641,1,SRM-USDT
2021-12-31 20:00:00,1640952000000,3.5172000000,3.5346000000,3.5102000000,3.5264000000,63099.4063990000,222293.7549520877,222293.7549520877,1,SRM-USDT
2021-12-31 21:00:00,1640955600000,3.5256000000,3.5326000000,3.5162000000,3.5216000000,45396.9295000000,159961.3717174991,159961.3717174991,1,SRM-USDT
2021-12-31 22:00:00,1640959200000,3.5211000000,3.5445000000,3.5157000000,3.5293000000,62417.5999010000,220073.0112258307,220073.0112258307,1,SRM-USDT
2021-12-31 23:00:00,1640962800000,3.5297000000,3.5459000000,3.5210000000,3.5359000000,79846.2848960000,282199.2464903811,282199.2464903811,1,SRM-USDT
2022-01-01 00:00:00,1640966400000,3.5359000000,3.5492000000,3.4586000000,3.4622000000,118441.2960360000,416678.7195186906,416678.7195186906,1,SRM-USDT
2022-01-01 01:00:00,1640970000000,3.4627000000,3.4723000000,3.4073000000,3.4342000000,110681.0397840000,380766.8430199947,380766.8430199947,1,SRM-USDT
2022-01-01 02:00:00,1640973600000,3.4365000000,3.4442000000,3.4054000000,3.4249000000,62744.0904580000,215040.7422261319,215040.7422261319,1,SRM-USDT
2022-01-01 03:00:00,1640977200000,3.4253000000,3.4266000000,3.3254000000,3.3338000000,160520.0293310000,539150.0346432903,539150.0346432903,1,SRM-USDT
2022-01-01 04:00:00,1640980800000,3.3331000000,3.3752000000,3.3142000000,3.3230000000,71805.8375260000,240114.4856435918,240114.4856435918,1,SRM-USDT
2022-01-01 05:00:00,1640984400000,3.3225000000,3.4072000000,3.3225000000,3.4050000000,71017.1371370000,239701.5098081399,239701.5098081399,1,SRM-USDT
2022-01-01 06:00:00,1640988000000,3.4047000000,3.4485000000,3.4039000000,3.4250000000,134989.7350760000,462645.3056570036,462645.3056570036,1,SRM-USDT
2022-01-01 07:00:00,1640991600000,3.4221000000,3.4415000000,3.4070000000,3.4150000000,64688.1065240000,221665.0865936271,221665.0865936271,1,SRM-USDT
2022-01-01 08:00:00,1640995200000,3.4125000000,3.4782000000,3.4125000000,3.4747000000,77943.0589740000,268557.7794198188,268557.7794198188,1,SRM-USDT
2022-01-01 09:00:00,1640998800000,3.4745000000,3.5013000000,3.4626000000,3.4759000000,65355.5610800000,227887.8921102339,227887.8921102339,1,SRM-USDT
2022-01-01 10:00:00,1641002400000,3.4819000000,3.4958000000,3.4782000000,3.4881000000,62366.9379150000,217536.1453682207,217536.1453682207,1,SRM-USDT
2022-01-01 11:00:00,1641006000000,3.4886000000,3.4941000000,3.4825000000,3.4834000000,40093.9122640000,139826.0683593257,139826.0683593257,1,SRM-USDT
2022-01-01 12:00:00,1641009600000,3.4834000000,3.4887000000,3.4503000000,3.4583000000,37908.1544460000,131375.4493573472,131375.4493573472,1,SRM-USDT
2022-01-01 13:00:00,1641013200000,3.4581000000,3.5309000000,3.4559000000,3.5211000000,78185.6330210000,274068.4468017743,274068.4468017743,1,SRM-USDT
2022-01-01 14:00:00,1641016800000,3.5212000000,3.5278000000,3.4955000000,3.5022000000,44654.8273550000,156842.8059486827,156842.8059486827,1,SRM-USDT
2022-01-01 15:00:00,1641020400000,3.5020000000,3.5231000000,3.4904000000,3.5079000000,62148.4517010000,217753.1454780150,217753.1454780150,1,SRM-USDT
2022-01-01 16:00:00,1641024000000,3.5066000000,3.5211000000,3.5001000000,3.5098000000,40929.7626580000,143683.5037348666,143683.5037348666,1,SRM-USDT
2022-01-01 17:00:00,1641027600000,3.5126000000,3.5333000000,3.5069000000,3.5275000000,59675.3215960000,210134.0724529382,210134.0724529382,1,SRM-USDT
2022-01-01 18:00:00,1641031200000,3.5271000000,3.5395000000,3.4752000000,3.4933000000,72891.4499730000,255477.2930351811,255477.2930351811,1,SRM-USDT
2022-01-01 19:00:00,1641034800000,3.4934000000,3.5113000000,3.4755000000,3.4755000000,42566.0723360000,148626.1699325613,148626.1699325613,1,SRM-USDT
2022-01-01 20:00:00,1641038400000,3.4761000000,3.5106000000,3.4753000000,3.5069000000,28422.7141700000,99297.1724772333,99297.1724772333,1,SRM-USDT
2022-01-01 21:00:00,1641042000000,3.5100000000,3.5158000000,3.5006000000,3.5084000000,23933.6523490000,83957.2463136103,83957.2463136103,1,SRM-USDT
2022-01-01 22:00:00,1641045600000,3.5103000000,3.5433000000,3.4945000000,3.5307000000,59704.6846370000,210250.2000849908,210250.2000849908,1,SRM-USDT
2022-01-01 23:00:00,1641049200000,3.5304000000,3.5744000000,3.5239000000,3.5496000000,88893.5351060000,315335.2488252687,315335.2488252687,1,SRM-USDT
2022-01-02 00:00:00,1641052800000,3.5514000000,3.5721000000,3.5382000000,3.5406000000,82596.7306650000,293884.1587093676,293884.1587093676,1,SRM-USDT
2022-01-02 01:00:00,1641056400000,3.5442000000,3.5996000000,3.5389000000,3.5964000000,76095.1989120000,272331.7533858031,272331.7533858031,1,SRM-USDT
2022-01-02 02:00:00,1641060000000,3.5999000000,3.6216000000,3.5919000000,3.6211000000,129638.7065260000,467855.6725095717,467855.6725095717,1,SRM-USDT
2022-01-02 03:00:00,1641063600000,3.6228000000,3.6442000000,3.6094000000,3.6217000000,69723.0776490000,252577.2009797446,252577.2009797446,1,SRM-USDT
2022-01-02 04:00:00,1641067200000,3.6246000000,3.6529000000,3.6226000000,3.6309000000,115758.1914790000,420982.2922432147,420982.2922432147,1,SRM-USDT
2022-01-02 05:00:00,1641070800000,3.6327000000,3.6420000000,3.6219000000,3.6346000000,71472.6515200000,259604.1542520959,259604.1542520959,1,SRM-USDT
2022-01-02 06:00:00,1641074400000,3.6371000000,3.6401000000,3.6312000000,3.6350000000,39173.6106770000,142476.4764267739,142476.4764267739,1,SRM-USDT
2022-01-02 07:00:00,1641078000000,3.6363000000,3.6751000000,3.6203000000,3.6697000000,62459.3403800000,227749.6931370181,227749.6931370181,1,SRM-USDT
2022-01-02 08:00:00,1641081600000,3.6698000000,3.6732000000,3.6324000000,3.6570000000,58536.3192760000,214125.9596882555,214125.9596882555,1,SRM-USDT
2022-01-02 09:00:00,1641085200000,3.6556000000,3.6695000000,3.6432000000,3.6567000000,46321.7921150000,169393.3018058784,169393.3018058784,1,SRM-USDT
2022-01-02 10:00:00,1641088800000,3.6559000000,3.6559000000,3.6363000000,3.6520000000,33045.1824410000,120474.5592723911,120474.5592723911,1,SRM-USDT
2022-01-02 11:00:00,1641092400000,3.6523000000,3.6581000000,3.6363000000,3.6425000000,27057.6649420000,98699.5586865340,98699.5586865340,1,SRM-USDT
2022-01-02 12:00:00,1641096000000,3.6432000000,3.6706000000,3.5897000000,3.6198000000,100005.0986820000,362404.7676380505,362404.7676380505,1,SRM-USDT
2022-01-02 13:00:00,1641099600000,3.6173000000,3.6397000000,3.6135000000,3.6382000000,46936.2350570000,170289.0218209103,170289.0218209103,1,SRM-USDT
2022-01-02 14:00:00,1641103200000,3.6369000000,3.6514000000,3.6262000000,3.6415000000,44298.3977530000,161228.2150408650,161228.2150408650,1,SRM-USDT
2022-01-02 15:00:00,1641106800000,3.6397000000,3.6442000000,3.6243000000,3.6332000000,17325.8676780000,62991.3756736409,62991.3756736409,1,SRM-USDT
2022-01-02 16:00:00,1641110400000,3.6310000000,3.6800000000,3.6022000000,3.6750000000,96560.6978550000,352422.0255253439,352422.0255253439,1,SRM-USDT
2022-01-02 17:00:00,1641114000000,3.6759000000,3.7417000000,3.6723000000,3.7112000000,137160.8166890000,508079.1845542068,508079.1845542068,1,SRM-USDT
2022-01-02 18:00:00,1641117600000,3.7116000000,3.7241000000,3.7042000000,3.7096000000,109511.8667960000,406989.0233714058,406989.0233714058,1,SRM-USDT
2022-01-02 19:00:00,1641121200000,3.7091000000,3.7389000000,3.7087000000,3.7303000000,88797.5546580000,330992.9795306390,330992.9795306390,1,SRM-USDT
2022-01-02 20:00:00,1641124800000,3.7313000000,3.7491000000,3.7122000000,3.7216000000,121125.1086030000,451737.2575669250,451737.2575669250,1,SRM-USDT
2022-01-02 21:00:00,1641128400000,3.7223000000,3.7231000000,3.6871000000,3.7022000000,57522.3422610000,213001.7273717785,213001.7273717785,1,SRM-USDT
2022-01-02 22:00:00,1641132000000,3.6999000000,3.7513000000,3.6992000000,3.7501000000,148366.2069490000,554483.1166553018,554483.1166553018,1,SRM-USDT
2022-01-02 23:00:00,1641135600000,3.7492000000,3.8035000000,3.7479000000,3.7698000000,179748.2326970000,677978.9983718550,677978.9983718550,1,SRM-USDT
2022-01-03 00:00:00,1641139200000,3.7711000000,3.8502000000,3.7711000000,3.8371000000,152406.9215240000,582029.5887428201,582029.5887428201,1,SRM-USDT
2022-01-03 01:00:00,1641142800000,3.8382000000,3.8544000000,3.8220000000,3.8448000000,136122.7825130000,522983.4997937855,522983.4997937855,1,SRM-USDT
2022-01-03 02:00:00,1641146400000,3.8444000000,3.8449000000,3.7279000000,3.7823000000,157948.8792110000,597582.0813711813,597582.0813711813,1,SRM-USDT
2022-01-03 03:00:00,1641150000000,3.7823000000,3.8093000000,3.7670000000,3.7765000000,109416.2905280000,414217.7846720029,414217.7846720029,1,SRM-USDT
2022-01-03 04:00:00,1641153600000,3.7711000000,3.8101000000,3.7711000000,3.8021000000,76068.4068890000,288687.6696725979,288687.6696725979,1,SRM-USDT
2022-01-03 05:00:00,1641157200000,3.8006000000,3.8373000000,3.7825000000,3.8300000000,101567.5269600000,387663.8687763326,387663.8687763326,1,SRM-USDT
2022-01-03 06:00:00,1641160800000,3.8299000000,3.8744000000,3.8123000000,3.8135000000,149979.5141890000,577694.8541803133,577694.8541803133,1,SRM-USDT
2022-01-03 07:00:00,1641164400000,3.8164000000,3.8231000000,3.7922000000,3.8006000000,62559.4784580000,238066.4603965609,238066.4603965609,1,SRM-USDT
2022-01-03 08:00:00,1641168000000,3.8000000000,3.8120000000,3.7665000000,3.7665000000,88576.0602860000,335380.4284933517,335380.4284933517,1,SRM-USDT
2022-01-03 09:00:00,1641171600000,3.7643000000,3.7782000000,3.7401000000,3.7524000000,86821.2647820000,325956.1261840189,325956.1261840189,1,SRM-USDT
2022-01-03 10:00:00,1641175200000,3.7517000000,3.7517000000,3.7191000000,3.7394000000,95340.5792440000,356275.9488398758,356275.9488398758,1,SRM-USDT
2022-01-03 11:00:00,1641178800000,3.7405000000,3.7597000000,3.7301000000,3.7396000000,57879.0041240000,216633.3842732171,216633.3842732171,1,SRM-USDT
2022-01-03 12:00:00,1641182400000,3.7405000000,3.7440000000,3.7227000000,3.7229000000,41250.5874450000,154177.1863942325,154177.1863942325,1,SRM-USDT
2022-01-03 13:00:00,1641186000000,3.7231000000,3.7493000000,3.7109000000,3.7424000000,69591.0453090000,259305.6376199556,259305.6376199556,1,SRM-USDT
2022-01-03 14:00:00,1641189600000,3.7418000000,3.7418000000,3.6971000000,3.7046000000,38075.2789760000,141696.0054408069,141696.0054408069,1,SRM-USDT
2022-01-03 15:00:00,1641193200000,3.7045000000,3.7119000000,3.6950000000,3.7061000000,63643.4016070000,235712.8824637622,235712.8824637622,1,SRM-USDT
2022-01-03 16:00:00,1641196800000,3.7067000000,3.7214000000,3.7042000000,3.7060000000,39870.2845050000,148032.9334646246,148032.9334646246,1,SRM-USDT
2022-01-03 17:00:00,1641200400000,3.7068000000,3.7217000000,3.6923000000,3.7177000000,61851.8641190000,229453.4482776613,229453.4482776613,1,SRM-USDT
2022-01-03 18:00:00,1641204000000,3.7178000000,3.7378000000,3.7178000000,3.7255000000,42954.4547950000,160109.1999641452,160109.1999641452,1,SRM-USDT
2022-01-03 19:00:00,1641207600000,3.7263000000,3.7739000000,3.7263000000,3.7685000000,86849.1444320000,326087.5753692156,326087.5753692156,1,SRM-USDT
2022-01-03 20:00:00,1641211200000,3.7733000000,3.7944000000,3.7216000000,3.7281000000,164722.7581950000,618419.1393353179,618419.1393353179,1,SRM-USDT
2022-01-03 21:00:00,1641214800000,3.7275000000,3.7535000000,3.7257000000,3.7433000000,70890.3395470000,265166.2266960480,265166.2266960480,1,SRM-USDT
2022-01-03 22:00:00,1641218400000,3.7441000000,3.7608000000,3.7042000000,3.7053000000,68378.4698110000,255089.6377083096,255089.6377083096,1,SRM-USDT
2022-01-03 23:00:00,1641222000000,3.7038000000,3.7139000000,3.6561000000,3.6689000000,123214.0259430000,455070.0919678262,455070.0919678262,1,SRM-USDT
2022-01-04 00:00:00,1641225600000,3.6702000000,3.6842000000,3.5828000000,3.6329000000,149779.3580970000,543571.7510483318,543571.7510483318,1,SRM-USDT
2022-01-04 01:00:00,1641229200000,3.6325000000,3.6788000000,3.6256000000,3.6708000000,86614.5968360000,316460.2549363415,316460.2549363415,1,SRM-USDT
2022-01-04 02:00:00,1641232800000,3.6724000000,3.6858000000,3.6579000000,3.6614000000,84028.9182430000,308908.8599689042,308908.8599689042,1,SRM-USDT
2022-01-04 03:00:00,1641236400000,3.6634000000,3.6716000000,3.6333000000,3.6333000000,30323.5781570000,110968.3685173870,110968.3685173870,1,SRM-USDT
2022-01-04 04:00:00,1641240000000,3.6331000000,3.6373000000,3.5504000000,3.5807000000,119799.4181880000,428926.1235711963,428926.1235711963,1,SRM-USDT
2022-01-04 05:00:00,1641243600000,3.5803000000,3.6313000000,3.5681000000,3.5985000000,110402.1360100000,398394.1894425356,398394.1894425356,1,SRM-USDT
2022-01-04 06:00:00,1641247200000,3.5979000000,3.6513000000,3.5949000000,3.6342000000,66698.0163970000,241546.1418186309,241546.1418186309,1,SRM-USDT
2022-01-04 07:00:00,1641250800000,3.6327000000,3.6664000000,3.6198000000,3.6470000000,94028.3462630000,342972.7989214588,342972.7989214588,1,SRM-USDT
2022-01-04 08:00:00,1641254400000,3.6498000000,3.6587000000,3.5776000000,3.5888000000,138099.6169410000,500181.8866820791,500181.8866820791,1,SRM-USDT
2022-01-04 09:00:00,1641258000000,3.5863000000,3.6177000000,3.5558000000,3.5596000000,69895.9846700000,250474.8911051843,250474.8911051843,1,SRM-USDT
2022-01-04 10:00:00,1641261600000,3.5622000000,3.5765000000,3.5295000000,3.5423000000,72550.6762630000,257774.3431641395,257774.3431641395,1,SRM-USDT
2022-01-04 11:00:00,1641265200000,3.5404000000,3.5646000000,3.5260000000,3.5525000000,50813.6787830000,180163.2662761952,180163.2662761952,1,SRM-USDT
2022-01-04 12:00:00,1641268800000,3.5497000000,3.5641000000,3.5124000000,3.5177000000,109497.7806820000,386953.0016741104,386953.0016741104,1,SRM-USDT
2022-01-04 13:00:00,1641272400000,3.5174000000,3.5513000000,3.5148000000,3.5409000000,49221.0495220000,173846.9528691676,173846.9528691676,1,SRM-USDT
2022-01-04 14:00:00,1641276000000,3.5428000000,3.5778000000,3.5286000000,3.5706000000,91195.3794080000,323706.9524534904,323706.9524534904,1,SRM-USDT
2022-01-04 15:00:00,1641279600000,3.5714000000,3.5895000000,3.5610000000,3.5895000000,72826.8903730000,260074.0457679235,260074.0457679235,1,SRM-USDT
2022-01-04 16:00:00,1641283200000,3.5892000000,3.5936000000,3.5667000000,3.5712000000,69213.5082010000,247964.8848531532,247964.8848531532,1,SRM-USDT
2022-01-04 17:00:00,1641286800000,3.5706000000,3.5813000000,3.5550000000,3.5631000000,53066.9530450000,189195.7555782065,189195.7555782065,1,SRM-USDT
2022-01-04 18:00:00,1641290400000,3.5651000000,3.6074000000,3.5590000000,3.5870000000,74979.0930210000,268884.2179171325,268884.2179171325,1,SRM-USDT
2022-01-04 19:00:00,1641294000000,3.5896000000,3.6666000000,3.5857000000,3.6593000000,185596.2036690000,675120.5313799434,675120.5313799434,1,SRM-USDT
2022-01-04 20:00:00,1641297600000,3.6603000000,3.6831000000,3.6241000000,3.6490000000,112569.5231700000,410708.5412753531,410708.5412753531,1,SRM-USDT
2022-01-04 21:00:00,1641301200000,3.6485000000,3.6693000000,3.6113000000,3.6548000000,104859.9636690000,382228.6803649232,382228.6803649232,1,SRM-USDT
2022-01-04 22:00:00,1641304800000,3.6568000000,3.6970000000,3.6568000000,3.6877000000,174058.1461760000,639981.1090609512,639981.1090609512,1,SRM-USDT
2022-01-04 23:00:00,1641308400000,3.6890000000,3.7213000000,3.6709000000,3.6841000000,155381.4739370000,574780.8819576052,574780.8819576052,1,SRM-USDT
2022-01-05 00:00:00,1641312000000,3.6878000000,3.6878000000,3.6452000000,3.6716000000,123067.7664490000,451520.6232416160,451520.6232416160,1,SRM-USDT
2022-01-05 01:00:00,1641315600000,3.6715000000,3.7101000000,3.6641000000,3.6805000000,194245.2009440000,717433.0625546559,717433.0625546559,1,SRM-USDT
2022-01-05 02:00:00,1641319200000,3.6830000000,3.6990000000,3.5848000000,3.6175000000,229500.2187980000,833106.0773602600,833106.0773602600,1,SRM-USDT
2022-01-05 03:00:00,1641322800000,3.6178000000,3.6844000000,3.5842000000,3.6412000000,139242.9200560000,507714.3545932991,507714.3545932991,1,SRM-USDT
2022-01-05 04:00:00,1641326400000,3.6408000000,3.6893000000,3.6370000000,3.6590000000,114671.9830200000,420764.3619272939,420764.3619272939,1,SRM-USDT
2022-01-05 05:00:00,1641330000000,3.6604000000,3.6709000000,3.6379000000,3.6551000000,39340.7511400000,143815.1889346376,143815.1889346376,1,SRM-USDT
2022-01-05 06:00:00,1641333600000,3.6567000000,3.6694000000,3.6487000000,3.6617000000,96472.8893390000,352799.8326077484,352799.8326077484,1,SRM-USDT
2022-01-05 07:00:00,1641337200000,3.6616000000,3.6616000000,3.5881000000,3.6030000000,128471.2570950000,465933.4706959189,465933.4706959189,1,SRM-USDT
2022-01-05 08:00:00,1641340800000,3.6050000000,3.6475000000,3.5846000000,3.6445000000,97623.8201330000,353418.3363711770,353418.3363711770,1,SRM-USDT
2022-01-05 09:00:00,1641344400000,3.6445000000,3.6583000000,3.6191000000,3.6299000000,68817.0629120000,250227.8214733279,250227.8214733279,1,SRM-USDT
2022-01-05 10:00:00,1641348000000,3.6285000000,3.6588000000,3.6285000000,3.6504000000,63209.4366460000,230556.2787282086,230556.2787282086,1,SRM-USDT
2022-01-05 11:00:00,1641351600000,3.6481000000,3.6863000000,3.6481000000,3.6723000000,61124.7142180000,224492.4449543989,224492.4449543989,1,SRM-USDT
2022-01-05 12:00:00,1641355200000,3.6727000000,3.6898000000,3.6649000000,3.6878000000,59945.1302160000,220630.7715500545,220630.7715500545,1,SRM-USDT
2022-01-05 13:00:00,1641358800000,3.6852000000,3.6874000000,3.6667000000,3.6821000000,45743.5432500000,168083.9893759038,168083.9893759038,1,SRM-USDT
2022-01-05 14:00:00,1641362400000,3.6795000000,3.7405000000,3.6675000000,3.7383000000,91062.9688470000,337633.9673390508,337633.9673390508,1,SRM-USDT
2022-01-05 15:00:00,1641366000000,3.7373000000,3.7988000000,3.7292000000,3.7934000000,234248.6260420000,884056.2551551186,884056.2551551186,1,SRM-USDT
2022-01-05 16:00:00,1641369600000,3.7942000000,3.8225000000,3.7891000000,3.8021000000,231306.8897160000,879965.5394022845,879965.5394022845,1,SRM-USDT
2022-01-05 17:00:00,1641373200000,3.7996000000,3.8323000000,3.7988000000,3.8308000000,110540.2397900000,421821.7723198398,421821.7723198398,1,SRM-USDT
2022-01-05 18:00:00,1641376800000,3.8327000000,3.9066000000,3.8115000000,3.9023000000,227199.7346780000,878414.7105981237,878414.7105981237,1,SRM-USDT
2022-01-05 19:00:00,1641380400000,3.9029000000,3.9235000000,3.8331000000,3.8629000000,253713.6850430000,982483.6066789160,982483.6066789160,1,SRM-USDT
2022-01-05 20:00:00,1641384000000,3.8609000000,3.8735000000,3.7817000000,3.8437000000,208692.2565420000,798492.1996166289,798492.1996166289,1,SRM-USDT
2022-01-05 21:00:00,1641387600000,3.8435000000,3.8943000000,3.8299000000,3.8686000000,170687.2681630000,660122.0406585941,660122.0406585941,1,SRM-USDT
2022-01-05 22:00:00,1641391200000,3.8674000000,3.8850000000,3.8193000000,3.8577000000,161719.0163970000,623283.5557914017,623283.5557914017,1,SRM-USDT
2022-01-05 23:00:00,1641394800000,3.8586000000,3.8667000000,3.8077000000,3.8402000000,124438.7879620000,477307.2736336032,477307.2736336032,1,SRM-USDT
2022-01-06 00:00:00,1641398400000,3.8414000000,3.8425000000,3.8003000000,3.8149000000,109259.1504330000,417681.9453511631,417681.9453511631,1,SRM-USDT
2022-01-06 01:00:00,1641402000000,3.8129000000,3.8312000000,3.7114000000,3.7114000000,143284.7382570000,541134.3507674437,541134.3507674437,1,SRM-USDT
2022-01-06 02:00:00,1641405600000,3.7192000000,3.7614000000,3.6706000000,3.7073000000,231312.0407770000,859175.7251013349,859175.7251013349,1,SRM-USDT
2022-01-06 03:00:00,1641409200000,3.7073000000,3.7165000000,3.5200000000,3.5589000000,370462.4974850000,1335116.2652936713,1335116.2652936713,1,SRM-USDT
2022-01-06 04:00:00,1641412800000,3.5596000000,3.6086000000,3.4100000000,3.4783000000,595822.6738010000,2092132.3538261564,2092132.3538261564,1,SRM-USDT
2022-01-06 05:00:00,1641416400000,3.4781000000,3.5335000000,3.4210000000,3.4445000000,255236.0448210000,887442.5997580863,887442.5997580863,1,SRM-USDT
2022-01-06 06:00:00,1641420000000,3.4421000000,3.4679000000,3.2475000000,3.4220000000,504634.4877820000,1699902.3656894534,1699902.3656894534,1,SRM-USDT
2022-01-06 07:00:00,1641423600000,3.4232000000,3.4485000000,3.3778000000,3.3883000000,264269.3525520000,901880.3011394300,901880.3011394300,1,SRM-USDT
2022-01-06 08:00:00,1641427200000,3.3904000000,3.4482000000,3.3612000000,3.4251000000,240149.7241600000,818231.5693568044,818231.5693568044,1,SRM-USDT
2022-01-06 09:00:00,1641430800000,3.4277000000,3.4336000000,3.3000000000,3.3400000000,127601.4414510000,428868.6218325997,428868.6218325997,1,SRM-USDT
2022-01-06 10:00:00,1641434400000,3.3334000000,3.3497000000,3.3037000000,3.3151000000,123447.3549920000,410738.5585550181,410738.5585550181,1,SRM-USDT
2022-01-06 11:00:00,1641438000000,3.3141000000,3.3325000000,3.2719000000,3.2719000000,133993.6331200000,442959.2357610705,442959.2357610705,1,SRM-USDT
2022-01-06 12:00:00,1641441600000,3.2747000000,3.3482000000,3.2594000000,3.3311000000,136881.4189970000,451935.8338443079,451935.8338443079,1,SRM-USDT
2022-01-06 13:00:00,1641445200000,3.3303000000,3.3561000000,3.2985000000,3.3129000000,126082.1750200000,419566.8890800207,419566.8890800207,1,SRM-USDT
2022-01-06 14:00:00,1641448800000,3.3130000000,3.3396000000,3.2945000000,3.3164000000,67412.7713520000,223350.9354177412,223350.9354177412,1,SRM-USDT
2022-01-06 15:00:00,1641452400000,3.3161000000,3.3370000000,3.2976000000,3.3279000000,79757.3467050000,264987.7716122609,264987.7716122609,1,SRM-USDT
2022-01-06 16:00:00,1641456000000,3.3326000000,3.3326000000,3.2504000000,3.2858000000,99934.7404790000,328728.2165502017,328728.2165502017,1,SRM-USDT
2022-01-06 17:00:00,1641459600000,3.2866000000,3.2896000000,3.2135000000,3.2307000000,180604.4023530000,586575.5050360094,586575.5050360094,1,SRM-USDT
2022-01-06 18:00:00,1641463200000,3.2338000000,3.2631000000,3.1812000000,3.2006000000,348295.9348870000,1118419.1352788252,1118419.1352788252,1,SRM-USDT
2022-01-06 19:00:00,1641466800000,3.2053000000,3.2256000000,3.1788000000,3.2017000000,84737.9053470000,271577.1302284845,271577.1302284845,1,SRM-USDT
2022-01-06 20:00:00,1641470400000,3.2016000000,3.2381000000,3.1649000000,3.2381000000,87768.8953660000,280746.4560021125,280746.4560021125,1,SRM-USDT
2022-01-06 21:00:00,1641474000000,3.2397000000,3.2658000000,3.2187000000,3.2602000000,180579.5891080000,585104.7880975647,585104.7880975647,1,SRM-USDT
2022-01-06 22:00:00,1641477600000,3.2603000000,3.2829000000,3.2155000000,3.2220000000,157481.5597670000,511444.4497491378,511444.4497491378,1,SRM-USDT
2022-01-06 23:00:00,1641481200000,3.2244000000,3.2432000000,3.1852000000,3.2308000000,135297.6954700000,435334.4431497694,435334.4431497694,1,SRM-USDT
2022-01-07 00:00:00,1641484800000,3.2324000000,3.2575000000,3.2212000000,3.2495000000,111927.6720040000,361988.6142446652,361988.6142446652,1,SRM-USDT
2022-01-07 01:00:00,1641488400000,3.2509000000,3.2742000000,3.2407000000,3.2546000000,56241.9427840000,183348.3621817115,183348.3621817115,1,SRM-USDT
2022-01-07 02:00:00,1641492000000,3.2541000000,3.2852000000,3.2488000000,3.2820000000,61162.9488460000,199867.4989131315,199867.4989131315,1,SRM-USDT
2022-01-07 03:00:00,1641495600000,3.2820000000,3.2839000000,3.2577000000,3.2747000000,76462.2022350000,250304.8497505810,250304.8497505810,1,SRM-USDT
2022-01-07 04:00:00,1641499200000,3.2747000000,3.2884000000,3.2409000000,3.2562000000,80838.3954800000,263940.5360587262,263940.5360587262,1,SRM-USDT
2022-01-07 05:00:00,1641502800000,3.2571000000,3.2625000000,3.2409000000,3.2554000000,46043.1884310000,149792.3295739214,149792.3295739214,1,SRM-USDT
2022-01-07 06:00:00,1641506400000,3.2554000000,3.2805000000,3.2480000000,3.2776000000,71603.1785640000,233793.3926562698,233793.3926562698,1,SRM-USDT
2022-01-07 07:00:00,1641510000000,3.2765000000,3.2787000000,3.2537000000,3.2640000000,65673.2383720000,214516.3071977195,214516.3071977195,1,SRM-USDT
2022-01-07 08:00:00,1641513600000,3.2631000000,3.2755000000,3.2040000000,3.2120000000,118121.8030380000,381447.1809493342,381447.1809493342,1,SRM-USDT
2022-01-07 09:00:00,1641517200000,3.2110000000,3.2458000000,3.2007000000,3.2358000000,102099.8021570000,329719.9865554226,329719.9865554226,1,SRM-USDT
2022-01-07 10:00:00,1641520800000,3.2338000000,3.2411000000,3.2019000000,3.2025000000,41907.4392640000,134846.8620468866,134846.8620468866,1,SRM-USDT
2022-01-07 11:00:00,1641524400000,3.2071000000,3.2123000000,3.0500000000,3.0774000000,280136.6341730000,875551.8879431261,875551.8879431261,1,SRM-USDT
2022-01-07 12:00:00,1641528000000,3.0781000000,3.0986000000,2.9798000000,3.0809000000,322955.9575530000,982347.8015932266,982347.8015932266,1,SRM-USDT
2022-01-07 13:00:00,1641531600000,3.0821000000,3.1010000000,3.0575000000,3.0927000000,144531.7643050000,444991.0708091657,444991.0708091657,1,SRM-USDT
2022-01-07 14:00:00,1641535200000,3.0943000000,3.1022000000,3.0230000000,3.0457000000,145763.9920930000,446342.9109389881,446342.9109389881,1,SRM-USDT
2022-01-07 15:00:00,1641538800000,3.0431000000,3.0797000000,3.0033000000,3.0797000000,126847.6523840000,386353.8236047212,386353.8236047212,1,SRM-USDT
2022-01-07 16:00:00,1641542400000,3.0779000000,3.1428000000,3.0655000000,3.1059000000,181429.3454660000,564707.7811789879,564707.7811789879,1,SRM-USDT
2022-01-07 17:00:00,1641546000000,3.1054000000,3.1529000000,3.1042000000,3.1323000000,93428.7211280000,293079.6053601227,293079.6053601227,1,SRM-USDT
2022-01-07 18:00:00,1641549600000,3.1387000000,3.1475000000,3.1024000000,3.1032000000,147577.3827840000,460336.4532184785,460336.4532184785,1,SRM-USDT
2022-01-07 19:00:00,1641553200000,3.1040000000,3.1248000000,3.0962000000,3.1038000000,75747.0872780000,235505.0815284329,235505.0815284329,1,SRM-USDT
2022-01-07 20:00:00,1641556800000,3.1047000000,3.1329000000,3.1047000000,3.1294000000,63216.3718880000,197128.4802387675,197128.4802387675,1,SRM-USDT
2022-01-07 21:00:00,1641560400000,3.1312000000,3.4966000000,3.0312000000,3.0861000000,2232982.7562429998,7231174.5114650112,7231174.5114650112,1,SRM-USDT
2022-01-07 22:00:00,1641564000000,3.0880000000,3.1749000000,3.0821000000,3.1634000000,283673.8765300000,886735.0423602135,886735.0423602135,1,SRM-USDT
2022-01-07 23:00:00,1641567600000,3.1634000000,3.1654000000,3.0253000000,3.0849000000,258478.2093990000,800915.8082424878,800915.8082424878,1,SRM-USDT
2022-01-08 00:00:00,1641571200000,3.0810000000,3.1807000000,3.0359000000,3.1671000000,412502.3443320000,1277503.0485357065,1277503.0485357065,1,SRM-USDT
2022-01-08 01:00:00,1641574800000,3.1666000000,3.1895000000,3.1447000000,3.1882000000,81964.2336160000,259352.0858138343,259352.0858138343,1,SRM-USDT
2022-01-08 02:00:00,1641578400000,3.1840000000,3.1883000000,3.0940000000,3.1190000000,82727.0837400000,259830.3062062364,259830.3062062364,1,SRM-USDT
2022-01-08 03:00:00,1641582000000,3.1192000000,3.1464000000,3.1028000000,3.1357000000,67635.2722590000,211596.9541380938,211596.9541380938,1,SRM-USDT
2022-01-08 04:00:00,1641585600000,3.1368000000,3.1496000000,3.0954000000,3.1343000000,106173.7382560000,332225.2773468270,332225.2773468270,1,SRM-USDT
2022-01-08 05:00:00,1641589200000,3.1355000000,3.1521000000,3.1257000000,3.1329000000,67260.7061690000,210822.8766697867,210822.8766697867,1,SRM-USDT
2022-01-08 06:00:00,1641592800000,3.1320000000,3.1320000000,3.0635000000,3.0768000000,113068.1406390000,349226.1837829958,349226.1837829958,1,SRM-USDT
2022-01-08 07:00:00,1641596400000,3.0782000000,3.1120000000,3.0657000000,3.1019000000,60375.6571300000,186408.0891272735,186408.0891272735,1,SRM-USDT
2022-01-08 08:00:00,1641600000000,3.1040000000,3.1706000000,3.0770000000,3.1594000000,102902.5870650000,321568.3497330965,321568.3497330965,1,SRM-USDT
2022-01-08 09:00:00,1641603600000,3.1617000000,3.1809000000,3.1393000000,3.1457000000,120122.2570140000,379511.8278031718,379511.8278031718,1,SRM-USDT
2022-01-08 10:00:00,1641607200000,3.1426000000,3.1508000000,3.1214000000,3.1508000000,39460.7751070000,123752.7721697979,123752.7721697979,1,SRM-USDT
2022-01-08 11:00:00,1641610800000,3.1527000000,3.1527000000,3.1069000000,3.1438000000,72031.3733030000,225454.6727500030,225454.6727500030,1,SRM-USDT
2022-01-08 12:00:00,1641614400000,3.1481000000,3.1583000000,3.1358000000,3.1387000000,53233.0559110000,167502.7480618558,167502.7480618558,1,SRM-USDT
2022-01-08 13:00:00,1641618000000,3.1401000000,3.1571000000,3.1304000000,3.1531000000,66226.7937800000,208254.2253819665,208254.2253819665,1,SRM-USDT
2022-01-08 14:00:00,1641621600000,3.1542000000,3.1569000000,3.1227000000,3.1301000000,86197.8763930000,270346.7471897287,270346.7471897287,1,SRM-USDT
2022-01-08 15:00:00,1641625200000,3.1311000000,3.1421000000,3.1211000000,3.1341000000,85038.3017450000,266308.3920730582,266308.3920730582,1,SRM-USDT
2022-01-08 16:00:00,1641628800000,3.1331000000,3.1600000000,3.1331000000,3.1425000000,65893.8732310000,207337.4992266766,207337.4992266766,1,SRM-USDT
2022-01-08 17:00:00,1641632400000,3.1463000000,3.1606000000,3.1411000000,3.1552000000,112022.4808010000,352953.4794353873,352953.4794353873,1,SRM-USDT
2022-01-08 18:00:00,1641636000000,3.1566000000,3.1602000000,3.1185000000,3.1265000000,110394.8994750000,346990.2519645436,346990.2519645436,1,SRM-USDT
2022-01-08 19:00:00,1641639600000,3.1300000000,3.1302000000,3.1044000000,3.1212000000,117784.9314300000,367226.3732559557,367226.3732559557,1,SRM-USDT
2022-01-08 20:00:00,1641643200000,3.1221000000,3.1330000000,3.0940000000,3.1110000000,66034.9161110000,205921.3744784275,205921.3744784275,1,SRM-USDT
2022-01-08 21:00:00,1641646800000,3.1110000000,3.1251000000,3.0883000000,3.1055000000,49699.9123530000,154251.4097525392,154251.4097525392,1,SRM-USDT
2022-01-08 22:00:00,1641650400000,3.1097000000,3.1192000000,3.0727000000,3.0742000000,59601.7487310000,184753.4104185281,184753.4104185281,1,SRM-USDT
2022-01-08 23:00:00,1641654000000,3.0765000000,3.0820000000,3.0371000000,3.0545000000,119202.1838360000,364370.3333352806,364370.3333352806,1,SRM-USDT
2022-01-09 00:00:00,1641657600000,3.0571000000,3.0925000000,2.9962000000,3.0073000000,154446.2944340000,469509.8645467952,469509.8645467952,1,SRM-USDT
2022-01-09 01:00:00,1641661200000,3.0073000000,3.0173000000,2.9278000000,2.9349000000,251725.6159450000,747469.9839959957,747469.9839959957,1,SRM-USDT
2022-01-09 02:00:00,1641664800000,2.9317000000,2.9867000000,2.8823000000,2.8930000000,276018.9062360000,807388.4436758747,807388.4436758747,1,SRM-USDT
2022-01-09 03:00:00,1641668400000,2.8962000000,2.9525000000,2.8849000000,2.9268000000,154886.6300830000,451623.4630146169,451623.4630146169,1,SRM-USDT
2022-01-09 04:00:00,1641672000000,2.9256000000,2.9571000000,2.8953000000,2.9245000000,89296.9090390000,261046.6018875906,261046.6018875906,1,SRM-USDT
2022-01-09 05:00:00,1641675600000,2.9247000000,3.0112000000,2.9193000000,2.9974000000,94460.3743620000,280941.4449768333,280941.4449768333,1,SRM-USDT
2022-01-09 06:00:00,1641679200000,2.9948000000,3.0374000000,2.9898000000,3.0079000000,72159.5441820000,217678.9421235112,217678.9421235112,1,SRM-USDT
2022-01-09 07:00:00,1641682800000,3.0065000000,3.0094000000,2.9654000000,2.9717000000,51959.4355110000,155211.7578146539,155211.7578146539,1,SRM-USDT
2022-01-09 08:00:00,1641686400000,2.9705000000,3.0112000000,2.9478000000,3.0025000000,116995.6994290000,347965.8041743478,347965.8041743478,1,SRM-USDT
2022-01-09 09:00:00,1641690000000,3.0035000000,3.0182000000,2.9881000000,3.0048000000,78554.8655650000,235587.6651682973,235587.6651682973,1,SRM-USDT
2022-01-09 10:00:00,1641693600000,3.0047000000,3.0508000000,3.0030000000,3.0451000000,97198.4598630000,294493.0650403270,294493.0650403270,1,SRM-USDT
2022-01-09 11:00:00,1641697200000,3.0420000000,3.0438000000,3.0147000000,3.0182000000,53616.2275060000,162523.9626285907,162523.9626285907,1,SRM-USDT
2022-01-09 12:00:00,1641700800000,3.0147000000,3.0486000000,3.0147000000,3.0455000000,33822.0805180000,102586.8776320483,102586.8776320483,1,SRM-USDT
2022-01-09 13:00:00,1641704400000,3.0469000000,3.0473000000,3.0054000000,3.0118000000,35869.8576660000,108596.9335009348,108596.9335009348,1,SRM-USDT
2022-01-09 14:00:00,1641708000000,3.0134000000,3.0269000000,3.0062000000,3.0177000000,66015.8661400000,199213.5458992416,199213.5458992416,1,SRM-USDT
2022-01-09 15:00:00,1641711600000,3.0246000000,3.0266000000,3.0000000000,3.0000000000,40275.7155820000,121489.0540439195,121489.0540439195,1,SRM-USDT
2022-01-09 16:00:00,1641715200000,3.0059000000,3.0249000000,2.9841000000,2.9958000000,63652.9566140000,191250.4603236556,191250.4603236556,1,SRM-USDT
2022-01-09 17:00:00,1641718800000,2.9947000000,3.0038000000,2.9621000000,2.9640000000,55801.4445940000,166491.7359007885,166491.7359007885,1,SRM-USDT
2022-01-09 18:00:00,1641722400000,2.9660000000,3.0044000000,2.9517000000,2.9881000000,54946.4213220000,163472.6242179411,163472.6242179411,1,SRM-USDT
2022-01-09 19:00:00,1641726000000,2.9905000000,3.0258000000,2.9905000000,3.0189000000,41021.9224660000,123605.6607551745,123605.6607551745,1,SRM-USDT
2022-01-09 20:00:00,1641729600000,3.0188000000,3.0284000000,2.9985000000,3.0109000000,32976.8606660000,99346.7316956113,99346.7316956113,1,SRM-USDT
2022-01-09 21:00:00,1641733200000,3.0108000000,3.0331000000,2.9673000000,2.9673000000,51306.8174480000,153608.9988015166,153608.9988015166,1,SRM-USDT
2022-01-09 22:00:00,1641736800000,2.9688000000,3.0055000000,2.9688000000,2.9875000000,35675.6867570000,106607.1231692536,106607.1231692536,1,SRM-USDT
2022-01-09 23:00:00,1641740400000,2.9856000000,3.0037000000,2.9468000000,3.0025000000,91147.2796610000,271651.4893308680,271651.4893308680,1,SRM-USDT
2022-01-10 00:00:00,1641744000000,2.9982000000,3.0509000000,2.9967000000,3.0509000000,79612.5097510000,240271.1223874394,240271.1223874394,1,SRM-USDT
2022-01-10 01:00:00,1641747600000,3.0511000000,3.0609000000,3.0315000000,3.0481000000,87413.0184180000,266208.3683909323,266208.3683909323,1,SRM-USDT
2022-01-10 02:00:00,1641751200000,3.0512000000,3.0695000000,3.0363000000,3.0408000000,83433.1291560000,254599.3126961151,254599.3126961151,1,SRM-USDT
2022-01-10 03:00:00,1641754800000,3.0426000000,3.0928000000,3.0387000000,3.0869000000,98485.4340470000,302458.2106092351,302458.2106092351,1,SRM-USDT
2022-01-10 04:00:00,1641758400000,3.0867000000,3.0935000000,3.0621000000,3.0674000000,54391.8278030000,167277.3498608231,167277.3498608231,1,SRM-USDT
2022-01-10 05:00:00,1641762000000,3.0667000000,3.0767000000,3.0513000000,3.0571000000,60488.5866050000,185255.0093486743,185255.0093486743,1,SRM-USDT
2022-01-10 06:00:00,1641765600000,3.0571000000,3.0726000000,3.0452000000,3.0473000000,62469.6078910000,190827.3064027067,190827.3064027067,1,SRM-USDT
2022-01-10 07:00:00,1641769200000,3.0474000000,3.0525000000,3.0154000000,3.0286000000,54370.2272390000,164654.5592122524,164654.5592122524,1,SRM-USDT
2022-01-10 08:00:00,1641772800000,3.0305000000,3.0528000000,2.9985000000,2.9994000000,38487.4931510000,116521.0179499051,116521.0179499051,1,SRM-USDT
2022-01-10 09:00:00,1641776400000,3.0000000000,3.0207000000,2.9947000000,3.0188000000,46536.7859990000,140008.1999767777,140008.1999767777,1,SRM-USDT
2022-01-10 10:00:00,1641780000000,3.0207000000,3.0252000000,2.9787000000,3.0193000000,76733.7181130000,230170.1900822635,230170.1900822635,1,SRM-USDT
2022-01-10 11:00:00,1641783600000,3.0167000000,3.0170000000,3.0011000000,3.0122000000,30095.8645450000,90588.2186072609,90588.2186072609,1,SRM-USDT
2022-01-10 12:00:00,1641787200000,3.0140000000,3.0475000000,3.0046000000,3.0425000000,29442.3402950000,89202.7639180328,89202.7639180328,1,SRM-USDT
2022-01-10 13:00:00,1641790800000,3.0437000000,3.0500000000,3.0297000000,3.0400000000,28149.8294380000,85532.0654549753,85532.0654549753,1,SRM-USDT
2022-01-10 14:00:00,1641794400000,3.0402000000,3.0421000000,3.0200000000,3.0303000000,35255.5444100000,106760.6328715129,106760.6328715129,1,SRM-USDT
2022-01-10 15:00:00,1641798000000,3.0288000000,3.0438000000,3.0200000000,3.0401000000,37074.9598620000,112239.7254792553,112239.7254792553,1,SRM-USDT
2022-01-10 16:00:00,1641801600000,3.0383000000,3.0450000000,3.0032000000,3.0087000000,60789.4878010000,183359.7080919931,183359.7080919931,1,SRM-USDT
2022-01-10 17:00:00,1641805200000,3.0081000000,3.0166000000,2.9981000000,2.9992000000,41869.9423840000,125917.7807304498,125917.7807304498,1,SRM-USDT
2022-01-10 18:00:00,1641808800000,2.9967000000,3.0132000000,2.9800000000,2.9800000000,21205.7094710000,63513.4835717070,63513.4835717070,1,SRM-USDT
2022-01-10 19:00:00,1641812400000,2.9797000000,2.9808000000,2.9402000000,2.9471000000,81438.8584230000,241618.7265826286,241618.7265826286,1,SRM-USDT
2022-01-10 20:00:00,1641816000000,2.9493000000,2.9554000000,2.8954000000,2.9019000000,73986.8868190000,215939.4754903007,215939.4754903007,1,SRM-USDT
2022-01-10 21:00:00,1641819600000,2.9009000000,2.9186000000,2.8766000000,2.8816000000,105791.7757790000,306696.4258913249,306696.4258913249,1,SRM-USDT
2022-01-10 22:00:00,1641823200000,2.8805000000,2.8863000000,2.7862000000,2.8579000000,393724.6857030000,1113212.7558991532,1113212.7558991532,1,SRM-USDT
2022-01-10 23:00:00,1641826800000,2.8571000000,2.8843000000,2.8149000000,2.8612000000,111447.5016510000,317099.2525323766,317099.2525323766,1,SRM-USDT
2022-01-11 00:00:00,1641830400000,2.8584000000,2.9339000000,2.8450000000,2.9279000000,135660.6449020000,394524.1848546241,394524.1848546241,1,SRM-USDT
2022-01-11 01:00:00,1641834000000,2.9310000000,2.9392000000,2.8272000000,2.8581000000,144851.7528130000,415794.2850675768,415794.2850675768,1,SRM-USDT
2022-01-11 02:00:00,1641837600000,2.8591000000,2.8901000000,2.8485000000,2.8764000000,60346.2238400000,173118.9127413472,173118.9127413472,1,SRM-USDT
2022-01-11 03:00:00,1641841200000,2.8769000000,2.8884000000,2.8499000000,2.8592000000,48805.4845590000,140305.9811759384,140305.9811759384,1,SRM-USDT
2022-01-11 04:00:00,1641844800000,2.8612000000,2.9018000000,2.8448000000,2.8992000000,87484.3095280000,251358.4520031393,251358.4520031393,1,SRM-USDT
2022-01-11 05:00:00,1641848400000,2.8986000000,2.9099000000,2.8773000000,2.8914000000,33551.5581960000,97177.7076860403,97177.7076860403,1,SRM-USDT
2022-01-11 06:00:00,1641852000000,2.8931000000,2.9045000000,2.8815000000,2.8878000000,23660.0643450000,68407.1972728664,68407.1972728664,1,SRM-USDT
2022-01-11 07:00:00,1641855600000,2.8900000000,2.9074000000,2.8808000000,2.9033000000,31341.2740020000,90825.9469522654,90825.9469522654,1,SRM-USDT
2022-01-11 08:00:00,1641859200000,2.9002000000,2.9168000000,2.8882000000,2.8992000000,75686.6390100000,219776.4076877794,219776.4076877794,1,SRM-USDT
2022-01-11 09:00:00,1641862800000,2.9000000000,2.9228000000,2.8836000000,2.9155000000,57526.9248770000,167149.0748100931,167149.0748100931,1,SRM-USDT
2022-01-11 10:00:00,1641866400000,2.9192000000,2.9535000000,2.9143000000,2.9405000000,70826.5350140000,207970.9091289060,207970.9091289060,1,SRM-USDT
2022-01-11 11:00:00,1641870000000,2.9442000000,2.9547000000,2.9331000000,2.9527000000,58427.4475790000,172301.2248280807,172301.2248280807,1,SRM-USDT
2022-01-11 12:00:00,1641873600000,2.9546000000,2.9600000000,2.9354000000,2.9424000000,27221.0272780000,80231.6858216629,80231.6858216629,1,SRM-USDT
2022-01-11 13:00:00,1641877200000,2.9404000000,2.9416000000,2.9194000000,2.9324000000,37478.5203710000,109788.6786816074,109788.6786816074,1,SRM-USDT
2022-01-11 14:00:00,1641880800000,2.9376000000,2.9472000000,2.9210000000,2.9412000000,44314.9435770000,130051.0276224558,130051.0276224558,1,SRM-USDT
2022-01-11 15:00:00,1641884400000,2.9413000000,2.9694000000,2.9320000000,2.9675000000,60875.3495570000,179613.4287175110,179613.4287175110,1,SRM-USDT
2022-01-11 16:00:00,1641888000000,2.9667000000,3.0111000000,2.9601000000,2.9726000000,148517.3807720000,443790.6653716285,443790.6653716285,1,SRM-USDT
2022-01-11 17:00:00,1641891600000,2.9775000000,2.9816000000,2.9508000000,2.9534000000,58436.2767770000,173260.1206293815,173260.1206293815,1,SRM-USDT
2022-01-11 18:00:00,1641895200000,2.9552000000,2.9701000000,2.9187000000,2.9232000000,98986.6193880000,290852.5409418658,290852.5409418658,1,SRM-USDT
2022-01-11 19:00:00,1641898800000,2.9223000000,2.9568000000,2.9219000000,2.9481000000,64868.4975340000,190615.3620444725,190615.3620444725,1,SRM-USDT
2022-01-11 20:00:00,1641902400000,2.9473000000,2.9665000000,2.9387000000,2.9553000000,52929.7239980000,156417.2803574332,156417.2803574332,1,SRM-USDT
2022-01-11 21:00:00,1641906000000,2.9549000000,2.9699000000,2.9300000000,2.9555000000,52745.9576170000,155792.7647617191,155792.7647617191,1,SRM-USDT
2022-01-11 22:00:00,1641909600000,2.9503000000,2.9629000000,2.9027000000,2.9346000000,96140.0186430000,281889.4627602995,281889.4627602995,1,SRM-USDT
2022-01-11 23:00:00,1641913200000,2.9329000000,2.9713000000,2.9272000000,2.9595000000,60385.1277980000,178413.8518668049,178413.8518668049,1,SRM-USDT
2022-01-12 00:00:00,1641916800000,2.9615000000,3.0372000000,2.9557000000,3.0338000000,156539.3341740000,470347.0864943407,470347.0864943407,1,SRM-USDT
2022-01-12 01:00:00,1641920400000,3.0349000000,3.0825000000,3.0137000000,3.0430000000,210235.8452750000,641330.2763792207,641330.2763792207,1,SRM-USDT
2022-01-12 02:00:00,1641924000000,3.0409000000,3.0512000000,3.0270000000,3.0391000000,54931.3396860000,167057.7984156918,167057.7984156918,1,SRM-USDT
2022-01-12 03:00:00,1641927600000,3.0392000000,3.0450000000,3.0201000000,3.0358000000,90387.0314520000,274052.2841101966,274052.2841101966,1,SRM-USDT
2022-01-12 04:00:00,1641931200000,3.0405000000,3.0484000000,3.0321000000,3.0409000000,58543.6980520000,177943.8527973717,177943.8527973717,1,SRM-USDT
2022-01-12 05:00:00,1641934800000,3.0415000000,3.0415000000,3.0173000000,3.0186000000,63385.2067450000,191882.9028582168,191882.9028582168,1,SRM-USDT
2022-01-12 06:00:00,1641938400000,3.0187000000,3.0259000000,3.0153000000,3.0224000000,33349.4433540000,100752.2484267682,100752.2484267682,1,SRM-USDT
2022-01-12 07:00:00,1641942000000,3.0225000000,3.0341000000,3.0153000000,3.0250000000,43788.2012200000,132497.6594489715,132497.6594489715,1,SRM-USDT
2022-01-12 08:00:00,1641945600000,3.0258000000,3.0511000000,3.0241000000,3.0330000000,63809.1041350000,193791.1626633497,193791.1626633497,1,SRM-USDT
2022-01-12 09:00:00,1641949200000,3.0309000000,3.0441000000,3.0192000000,3.0426000000,39476.8220360000,119831.6494335833,119831.6494335833,1,SRM-USDT
2022-01-12 10:00:00,1641952800000,3.0395000000,3.0491000000,3.0330000000,3.0429000000,42755.4140580000,130039.2393525590,130039.2393525590,1,SRM-USDT
2022-01-12 11:00:00,1641956400000,3.0417000000,3.0478000000,3.0352000000,3.0454000000,22885.0962690000,69661.0865903232,69661.0865903232,1,SRM-USDT
2022-01-12 12:00:00,1641960000000,3.0468000000,3.0690000000,3.0401000000,3.0667000000,55257.6895680000,168888.1042482836,168888.1042482836,1,SRM-USDT
2022-01-12 13:00:00,1641963600000,3.0659000000,3.0687000000,3.0542000000,3.0680000000,54248.9813970000,166037.5299100979,166037.5299100979,1,SRM-USDT
2022-01-12 14:00:00,1641967200000,3.0666000000,3.0750000000,3.0452000000,3.0603000000,98497.9248590000,301499.1497155853,301499.1497155853,1,SRM-USDT
2022-01-12 15:00:00,1641970800000,3.0585000000,3.0585000000,3.0272000000,3.0449000000,83150.0279150000,252940.9829831257,252940.9829831257,1,SRM-USDT
2022-01-12 16:00:00,1641974400000,3.0445000000,3.1018000000,3.0407000000,3.0963000000,205705.7911630000,632752.7527568950,632752.7527568950,1,SRM-USDT
2022-01-12 17:00:00,1641978000000,3.0927000000,3.1457000000,3.0886000000,3.1197000000,129058.6760120000,402120.6233070478,402120.6233070478,1,SRM-USDT
2022-01-12 18:00:00,1641981600000,3.1206000000,3.1296000000,3.1074000000,3.1084000000,43210.3183800000,134758.2934974021,134758.2934974021,1,SRM-USDT
2022-01-12 19:00:00,1641985200000,3.1114000000,3.1490000000,3.0981000000,3.1311000000,115312.5162200000,360145.2631066566,360145.2631066566,1,SRM-USDT
2022-01-12 20:00:00,1641988800000,3.1303000000,3.1790000000,3.1295000000,3.1759000000,135699.7331940000,429006.4580249699,429006.4580249699,1,SRM-USDT
2022-01-12 21:00:00,1641992400000,3.1761000000,3.2250000000,3.1724000000,3.2172000000,302356.1655190000,967388.9486197575,967388.9486197575,1,SRM-USDT
2022-01-12 22:00:00,1641996000000,3.2178000000,3.2211000000,3.1867000000,3.2060000000,94649.1223020000,303284.5724284450,303284.5724284450,1,SRM-USDT
2022-01-12 23:00:00,1641999600000,3.2016000000,3.2132000000,3.1574000000,3.1700000000,93776.5574710000,298594.1862501362,298594.1862501362,1,SRM-USDT
2022-01-13 00:00:00,1642003200000,3.1680000000,3.1952000000,3.1572000000,3.1914000000,82733.4724720000,262794.0228385103,262794.0228385103,1,SRM-USDT
2022-01-13 01:00:00,1642006800000,3.1897000000,3.1926000000,3.1694000000,3.1778000000,39205.2143370000,124762.9157358077,124762.9157358077,1,SRM-USDT
2022-01-13 02:00:00,1642010400000,3.1804000000,3.1828000000,3.1613000000,3.1644000000,53960.8673730000,171159.4322574725,171159.4322574725,1,SRM-USDT
2022-01-13 03:00:00,1642014000000,3.1635000000,3.1807000000,3.1547000000,3.1783000000,67169.1043050000,212688.3731947605,212688.3731947605,1,SRM-USDT
2022-01-13 04:00:00,1642017600000,3.1796000000,3.1874000000,3.1649000000,3.1709000000,44950.2645970000,142698.7329426012,142698.7329426012,1,SRM-USDT
2022-01-13 05:00:00,1642021200000,3.1723000000,3.2000000000,3.1630000000,3.1674000000,67765.6491690000,215391.4947486844,215391.4947486844,1,SRM-USDT
2022-01-13 06:00:00,1642024800000,3.1700000000,3.1868000000,3.1621000000,3.1651000000,61594.1091680000,195530.7067511667,195530.7067511667,1,SRM-USDT
2022-01-13 07:00:00,1642028400000,3.1649000000,3.1760000000,3.1629000000,3.1683000000,41642.5947090000,132021.1402376970,132021.1402376970,1,SRM-USDT
2022-01-13 08:00:00,1642032000000,3.1686000000,3.1727000000,3.1270000000,3.1338000000,49386.4010050000,156127.1074203650,156127.1074203650,1,SRM-USDT
2022-01-13 09:00:00,1642035600000,3.1352000000,3.1638000000,3.1309000000,3.1414000000,86901.3330400000,273250.9055744427,273250.9055744427,1,SRM-USDT
2022-01-13 10:00:00,1642039200000,3.1456000000,3.1709000000,3.1439000000,3.1677000000,102989.8737040000,325451.8117994000,325451.8117994000,1,SRM-USDT
2022-01-13 11:00:00,1642042800000,3.1679000000,3.1752000000,3.1357000000,3.1596000000,74701.4879480000,235958.2473738871,235958.2473738871,1,SRM-USDT
2022-01-13 12:00:00,1642046400000,3.1597000000,3.1712000000,3.1535000000,3.1645000000,35469.9161240000,112234.0648032412,112234.0648032412,1,SRM-USDT
2022-01-13 13:00:00,1642050000000,3.1638000000,3.1877000000,3.1622000000,3.1844000000,50056.0390900000,158905.0985669301,158905.0985669301,1,SRM-USDT
2022-01-13 14:00:00,1642053600000,3.1827000000,3.2066000000,3.1813000000,3.2011000000,49052.3436870000,156695.1770602141,156695.1770602141,1,SRM-USDT
2022-01-13 15:00:00,1642057200000,3.2009000000,3.2143000000,3.1955000000,3.2076000000,53782.2658020000,172293.9016027159,172293.9016027159,1,SRM-USDT
2022-01-13 16:00:00,1642060800000,3.2081000000,3.2358000000,3.2058000000,3.2295000000,66088.2509090000,213084.9787913765,213084.9787913765,1,SRM-USDT
2022-01-13 17:00:00,1642064400000,3.2326000000,3.2343000000,3.2094000000,3.2210000000,38597.2817860000,124407.5815407735,124407.5815407735,1,SRM-USDT
2022-01-13 18:00:00,1642068000000,3.2234000000,3.2348000000,3.2053000000,3.2060000000,55517.0743720000,179124.9341493887,179124.9341493887,1,SRM-USDT
2022-01-13 19:00:00,1642071600000,3.2079000000,3.2121000000,3.1582000000,3.1651000000,68116.7873390000,216632.1855628965,216632.1855628965,1,SRM-USDT
2022-01-13 20:00:00,1642075200000,3.1731000000,3.2065000000,3.1725000000,3.2065000000,60785.5020720000,193756.8390339096,193756.8390339096,1,SRM-USDT
2022-01-13 21:00:00,1642078800000,3.2049000000,3.2260000000,3.1991000000,3.2112000000,74254.5332180000,238627.2527641199,238627.2527641199,1,SRM-USDT
2022-01-13 22:00:00,1642082400000,3.2115000000,3.2642000000,3.2001000000,3.2463000000,132862.5123870000,430384.6384150867,430384.6384150867,1,SRM-USDT
2022-01-13 23:00:00,1642086000000,3.2476000000,3.2494000000,3.0945000000,3.1358000000,381903.0163770000,1196009.4138095535,1196009.4138095535,1,SRM-USDT
2022-01-14 00:00:00,1642089600000,3.1319000000,3.1623000000,3.1229000000,3.1323000000,72183.6511580000,226655.5298981327,226655.5298981327,1,SRM-USDT
2022-01-14 01:00:00,1642093200000,3.1325000000,3.1325000000,3.0855000000,3.1099000000,131764.5693600000,408994.4435479986,408994.4435479986,1,SRM-USDT
2022-01-14 02:00:00,1642096800000,3.1109000000,3.1249000000,3.0953000000,3.1089000000,54805.0037440000,170372.7072994991,170372.7072994991,1,SRM-USDT
2022-01-14 03:00:00,1642100400000,3.1085000000,3.1247000000,3.0717000000,3.0890000000,46628.9170110000,144384.0693493314,144384.0693493314,1,SRM-USDT
2022-01-14 04:00:00,1642104000000,3.0886000000,3.1068000000,3.0637000000,3.1068000000,54390.6708540000,167639.1331082350,167639.1331082350,1,SRM-USDT
2022-01-14 05:00:00,1642107600000,3.1068000000,3.1232000000,3.0975000000,3.1175000000,59196.2750470000,184297.0063623740,184297.0063623740,1,SRM-USDT
2022-01-14 06:00:00,1642111200000,3.1175000000,3.1211000000,3.0949000000,3.1028000000,79071.2429960000,245997.9674614120,245997.9674614120,1,SRM-USDT
2022-01-14 07:00:00,1642114800000,3.1019000000,3.1118000000,3.0732000000,3.0787000000,55039.7413620000,170346.8267489533,170346.8267489533,1,SRM-USDT
2022-01-14 08:00:00,1642118400000,3.0819000000,3.1068000000,3.0599000000,3.1028000000,73010.8752160000,225703.0458253450,225703.0458253450,1,SRM-USDT
2022-01-14 09:00:00,1642122000000,3.1038000000,3.1038000000,3.0821000000,3.0925000000,39471.6805480000,121983.1033805530,121983.1033805530,1,SRM-USDT
2022-01-14 10:00:00,1642125600000,3.0919000000,3.1085000000,3.0702000000,3.1002000000,39170.0639720000,120987.3731697943,120987.3731697943,1,SRM-USDT
2022-01-14 11:00:00,1642129200000,3.1023000000,3.1112000000,3.0952000000,3.1058000000,16830.0560540000,52200.3797941172,52200.3797941172,1,SRM-USDT
2022-01-14 12:00:00,1642132800000,3.1047000000,3.1225000000,3.1044000000,3.1044000000,40763.0473990000,126823.2937655129,126823.2937655129,1,SRM-USDT
2022-01-14 13:00:00,1642136400000,3.1069000000,3.1616000000,3.1042000000,3.1580000000,80668.2019740000,253070.7170890854,253070.7170890854,1,SRM-USDT
2022-01-14 14:00:00,1642140000000,3.1581000000,3.1783000000,3.1446000000,3.1509000000,96268.5999920000,304282.3125104548,304282.3125104548,1,SRM-USDT
2022-01-14 15:00:00,1642143600000,3.1453000000,3.1605000000,3.1121000000,3.1198000000,104020.2850850000,325816.7646708491,325816.7646708491,1,SRM-USDT
2022-01-14 16:00:00,1642147200000,3.1202000000,3.1222000000,3.0759000000,3.1002000000,64721.6890970000,200715.4427643420,200715.4427643420,1,SRM-USDT
2022-01-14 17:00:00,1642150800000,3.1066000000,3.1187000000,3.1007000000,3.1027000000,25463.1678780000,79265.3985773321,79265.3985773321,1,SRM-USDT
2022-01-14 18:00:00,1642154400000,3.1020000000,3.1113000000,3.0405000000,3.0514000000,111188.5051480000,341356.4636471087,341356.4636471087,1,SRM-USDT
2022-01-14 19:00:00,1642158000000,3.0491000000,3.0588000000,3.0293000000,3.0494000000,106183.0439710000,323414.9850162490,323414.9850162490,1,SRM-USDT
2022-01-14 20:00:00,1642161600000,3.0471000000,3.0690000000,3.0246000000,3.0515000000,53258.0484460000,162601.8026778510,162601.8026778510,1,SRM-USDT
2022-01-14 21:00:00,1642165200000,3.0516000000,3.0733000000,3.0184000000,3.0254000000,89155.9034380000,271746.4082626004,271746.4082626004,1,SRM-USDT
2022-01-14 22:00:00,1642168800000,3.0231000000,3.1035000000,3.0185000000,3.0876000000,81572.4547260000,249747.0877118625,249747.0877118625,1,SRM-USDT
2022-01-14 23:00:00,1642172400000,3.0903000000,3.1232000000,3.0821000000,3.1106000000,45454.4862760000,141030.8513571320,141030.8513571320,1,SRM-USDT
2022-01-15 00:00:00,1642176000000,3.1107000000,3.1213000000,3.0896000000,3.1176000000,54469.8629040000,169241.5695671160,169241.5695671160,1,SRM-USDT
2022-01-15 01:00:00,1642179600000,3.1174000000,3.1338000000,3.0950000000,3.1066000000,54965.0680810000,170823.3740838145,170823.3740838145,1,SRM-USDT
2022-01-15 02:00:00,1642183200000,3.1008000000,3.1209000000,3.0988000000,3.1168000000,22819.6288970000,70914.8099438074,70914.8099438074,1,SRM-USDT
2022-01-15 03:00:00,1642186800000,3.1165000000,3.1634000000,3.1124000000,3.1384000000,68288.0411080000,214725.6137884858,214725.6137884858,1,SRM-USDT
2022-01-15 04:00:00,1642190400000,3.1381000000,3.1567000000,3.1347000000,3.1516000000,37221.0595680000,117121.8380938325,117121.8380938325,1,SRM-USDT
2022-01-15 05:00:00,1642194000000,3.1515000000,3.1953000000,3.1431000000,3.1796000000,78461.3562510000,248670.5660236592,248670.5660236592,1,SRM-USDT
2022-01-15 06:00:00,1642197600000,3.1779000000,3.1851000000,3.1686000000,3.1757000000,35484.3524220000,112798.5841780076,112798.5841780076,1,SRM-USDT
2022-01-15 07:00:00,1642201200000,3.1724000000,3.1809000000,3.1588000000,3.1680000000,42969.7006440000,136105.4087178424,136105.4087178424,1,SRM-USDT
2022-01-15 08:00:00,1642204800000,3.1675000000,3.1801000000,3.1476000000,3.1772000000,73321.3582940000,231869.0457348957,231869.0457348957,1,SRM-USDT
2022-01-15 09:00:00,1642208400000,3.1770000000,3.1863000000,3.1597000000,3.1842000000,52623.2997510000,167220.9501159935,167220.9501159935,1,SRM-USDT
2022-01-15 10:00:00,1642212000000,3.1853000000,3.1931000000,3.1770000000,3.1929000000,38020.2392170000,121044.6197387205,121044.6197387205,1,SRM-USDT
2022-01-15 11:00:00,1642215600000,3.1953000000,3.2051000000,3.1787000000,3.1803000000,70230.5075880000,224419.7514339937,224419.7514339937,1,SRM-USDT
2022-01-15 12:00:00,1642219200000,3.1811000000,3.1884000000,3.1536000000,3.1690000000,51218.6000210000,162247.3329419248,162247.3329419248,1,SRM-USDT
2022-01-15 13:00:00,1642222800000,3.1689000000,3.1953000000,3.1653000000,3.1810000000,51558.9121450000,163911.4917927853,163911.4917927853,1,SRM-USDT
2022-01-15 14:00:00,1642226400000,3.1811000000,3.1928000000,3.1692000000,3.1909000000,22834.0151230000,72606.6684379309,72606.6684379309,1,SRM-USDT
2022-01-15 15:00:00,1642230000000,3.1901000000,3.1955000000,3.1837000000,3.1953000000,33098.5386500000,105565.9990403881,105565.9990403881,1,SRM-USDT
2022-01-15 16:00:00,1642233600000,3.1955000000,3.1955000000,3.1813000000,3.1823000000,39961.4602520000,127401.5328045692,127401.5328045692,1,SRM-USDT
2022-01-15 17:00:00,1642237200000,3.1809000000,3.1882000000,3.1663000000,3.1853000000,43237.8890670000,137362.0363583441,137362.0363583441,1,SRM-USDT
2022-01-15 18:00:00,1642240800000,3.1811000000,3.1919000000,3.1745000000,3.1845000000,52677.8082900000,167806.2402655372,167806.2402655372,1,SRM-USDT
2022-01-15 19:00:00,1642244400000,3.1843000000,3.1876000000,3.1725000000,3.1796000000,19101.9473900000,60761.7756420926,60761.7756420926,1,SRM-USDT
2022-01-15 20:00:00,1642248000000,3.1809000000,3.1888000000,3.1325000000,3.1525000000,121947.8207300000,386302.9324134855,386302.9324134855,1,SRM-USDT
2022-01-15 21:00:00,1642251600000,3.1524000000,3.1681000000,3.1434000000,3.1669000000,39394.6947670000,124393.3976211767,124393.3976211767,1,SRM-USDT
2022-01-15 22:00:00,1642255200000,3.1633000000,3.1972000000,3.1534000000,3.1896000000,81998.5119790000,260217.6168425235,260217.6168425235,1,SRM-USDT
2022-01-15 23:00:00,1642258800000,3.1901000000,3.2364000000,3.1871000000,3.2364000000,81435.4354590000,261170.8596070768,261170.8596070768,1,SRM-USDT
2022-01-16 00:00:00,1642262400000,3.2353000000,3.2937000000,3.2308000000,3.2703000000,215526.8580250000,705484.8410891453,705484.8410891453,1,SRM-USDT
2022-01-16 01:00:00,1642266000000,3.2690000000,3.2879000000,3.2643000000,3.2753000000,65633.4493890000,215112.2971791162,215112.2971791162,1,SRM-USDT
2022-01-16 02:00:00,1642269600000,3.2766000000,3.2780000000,3.2548000000,3.2553000000,49728.9991050000,162364.3748229844,162364.3748229844,1,SRM-USDT
2022-01-16 03:00:00,1642273200000,3.2552000000,3.2852000000,3.2540000000,3.2849000000,44622.8339880000,146014.0926877258,146014.0926877258,1,SRM-USDT
2022-01-16 04:00:00,1642276800000,3.2860000000,3.2906000000,3.2635000000,3.2661000000,36834.9201890000,120706.5485918938,120706.5485918938,1,SRM-USDT
2022-01-16 05:00:00,1642280400000,3.2627000000,3.2705000000,3.2518000000,3.2569000000,61856.7926950000,201461.5559480844,201461.5559480844,1,SRM-USDT
2022-01-16 06:00:00,1642284000000,3.2578000000,3.2698000000,3.2314000000,3.2349000000,56788.9273910000,184225.4693562261,184225.4693562261,1,SRM-USDT
2022-01-16 07:00:00,1642287600000,3.2356000000,3.2441000000,3.2129000000,3.2129000000,33420.3042710000,107901.3889177211,107901.3889177211,1,SRM-USDT
2022-01-16 08:00:00,1642291200000,3.2134000000,3.2200000000,3.1971000000,3.2154000000,51698.2767120000,165905.9626295617,165905.9626295617,1,SRM-USDT
2022-01-16 09:00:00,1642294800000,3.2154000000,3.2245000000,3.2097000000,3.2103000000,24777.5637370000,79736.9735774733,79736.9735774733,1,SRM-USDT
2022-01-16 10:00:00,1642298400000,3.2094000000,3.2194000000,3.1572000000,3.1661000000,66804.1751600000,213110.7048970507,213110.7048970507,1,SRM-USDT
2022-01-16 11:00:00,1642302000000,3.1635000000,3.1889000000,3.1607000000,3.1831000000,51807.2031750000,164625.5264378248,164625.5264378248,1,SRM-USDT
2022-01-16 12:00:00,1642305600000,3.1826000000,3.1937000000,3.1745000000,3.1798000000,29202.0669320000,93012.4300033542,93012.4300033542,1,SRM-USDT
2022-01-16 13:00:00,1642309200000,3.1806000000,3.1915000000,3.1732000000,3.1732000000,20284.0165950000,64587.4548375716,64587.4548375716,1,SRM-USDT
2022-01-16 14:00:00,1642312800000,3.1744000000,3.2022000000,3.1712000000,3.1997000000,37143.3862910000,118511.2303192061,118511.2303192061,1,SRM-USDT
2022-01-16 15:00:00,1642316400000,3.1990000000,3.2080000000,3.1950000000,3.2038000000,23865.8002760000,76406.9586066369,76406.9586066369,1,SRM-USDT
2022-01-16 16:00:00,1642320000000,3.2048000000,3.2154000000,3.1968000000,3.1968000000,51244.2020830000,164309.3136646195,164309.3136646195,1,SRM-USDT
2022-01-16 17:00:00,1642323600000,3.1967000000,3.2098000000,3.1955000000,3.1992000000,30095.6962140000,96414.3415289031,96414.3415289031,1,SRM-USDT
2022-01-16 18:00:00,1642327200000,3.2000000000,3.2144000000,3.1675000000,3.1675000000,42326.0895410000,135420.9874131064,135420.9874131064,1,SRM-USDT
2022-01-16 19:00:00,1642330800000,3.1669000000,3.1807000000,3.1548000000,3.1735000000,37060.2878310000,117403.0973461336,117403.0973461336,1,SRM-USDT
2022-01-16 20:00:00,1642334400000,3.1730000000,3.1975000000,3.1719000000,3.1928000000,49714.3051440000,158476.5164000055,158476.5164000055,1,SRM-USDT
2022-01-16 21:00:00,1642338000000,3.1890000000,3.1952000000,3.1324000000,3.1849000000,78456.1671820000,247977.6474994807,247977.6474994807,1,SRM-USDT
2022-01-16 22:00:00,1642341600000,3.1857000000,3.2082000000,3.1763000000,3.1988000000,27206.7782750000,86888.7676818797,86888.7676818797,1,SRM-USDT
2022-01-16 23:00:00,1642345200000,3.2016000000,3.2039000000,3.1732000000,3.1769000000,34293.4990600000,109310.6643568719,109310.6643568719,1,SRM-USDT
2022-01-17 00:00:00,1642348800000,3.1823000000,3.2054000000,3.1746000000,3.1942000000,37466.2935970000,119587.0987160460,119587.0987160460,1,SRM-USDT
2022-01-17 01:00:00,1642352400000,3.1997000000,3.1999000000,3.1749000000,3.1749000000,48394.2130150000,154151.4970363118,154151.4970363118,1,SRM-USDT
2022-01-17 02:00:00,1642356000000,3.1768000000,3.1826000000,3.1675000000,3.1766000000,61504.4126190000,195253.1838273337,195253.1838273337,1,SRM-USDT
2022-01-17 03:00:00,1642359600000,3.1797000000,3.1797000000,3.1528000000,3.1579000000,32538.3121020000,103046.0466251529,103046.0466251529,1,SRM-USDT
2022-01-17 04:00:00,1642363200000,3.1570000000,3.1736000000,3.1519000000,3.1645000000,42037.4912570000,132909.0431683702,132909.0431683702,1,SRM-USDT
2022-01-17 05:00:00,1642366800000,3.1677000000,3.1719000000,3.1446000000,3.1515000000,32484.8468810000,102370.7013848099,102370.7013848099,1,SRM-USDT
2022-01-17 06:00:00,1642370400000,3.1517000000,3.1695000000,3.1517000000,3.1636000000,37829.7810390000,119707.4635697548,119707.4635697548,1,SRM-USDT
2022-01-17 07:00:00,1642374000000,3.1652000000,3.1774000000,3.1584000000,3.1742000000,56236.2972810000,178380.6019288126,178380.6019288126,1,SRM-USDT
2022-01-17 08:00:00,1642377600000,3.1757000000,3.1809000000,3.1387000000,3.1397000000,47708.0175920000,150769.1019894227,150769.1019894227,1,SRM-USDT
2022-01-17 09:00:00,1642381200000,3.1385000000,3.1447000000,3.1145000000,3.1263000000,41132.0511010000,128713.5981661216,128713.5981661216,1,SRM-USDT
2022-01-17 10:00:00,1642384800000,3.1266000000,3.1336000000,3.1062000000,3.1109000000,34834.9894040000,108558.0006836877,108558.0006836877,1,SRM-USDT
2022-01-17 11:00:00,1642388400000,3.1092000000,3.1188000000,3.0642000000,3.0642000000,77274.6428040000,238849.2732741500,238849.2732741500,1,SRM-USDT
2022-01-17 12:00:00,1642392000000,3.0644000000,3.0723000000,3.0529000000,3.0554000000,35042.4501470000,107286.9319665142,107286.9319665142,1,SRM-USDT
2022-01-17 13:00:00,1642395600000,3.0513000000,3.0573000000,3.0275000000,3.0573000000,52224.3507060000,158896.0568739297,158896.0568739297,1,SRM-USDT
2022-01-17 14:00:00,1642399200000,3.0573000000,3.0695000000,3.0554000000,3.0624000000,72079.4681210000,220827.6571477870,220827.6571477870,1,SRM-USDT
2022-01-17 15:00:00,1642402800000,3.0625000000,3.0797000000,3.0606000000,3.0671000000,32989.1055640000,101392.2226577032,101392.2226577032,1,SRM-USDT
2022-01-17 16:00:00,1642406400000,3.0707000000,3.0782000000,3.0488000000,3.0724000000,53237.1271850000,163282.3110781228,163282.3110781228,1,SRM-USDT
2022-01-17 17:00:00,1642410000000,3.0730000000,3.0869000000,3.0677000000,3.0840000000,27707.3016110000,85256.7249705234,85256.7249705234,1,SRM-USDT
2022-01-17 18:00:00,1642413600000,3.0828000000,3.0863000000,3.0647000000,3.0785000000,28656.6077130000,88153.1731656474,88153.1731656474,1,SRM-USDT
2022-01-17 19:00:00,1642417200000,3.0740000000,3.0839000000,3.0608000000,3.0624000000,40540.8094580000,124552.6959438969,124552.6959438969,1,SRM-USDT
2022-01-17 20:00:00,1642420800000,3.0604000000,3.0619000000,3.0082000000,3.0283000000,94023.0472390000,285245.8403515351,285245.8403515351,1,SRM-USDT
2022-01-17 21:00:00,1642424400000,3.0279000000,3.0450000000,3.0225000000,3.0447000000,27112.2441460000,82271.5903450977,82271.5903450977,1,SRM-USDT
2022-01-17 22:00:00,1642428000000,3.0436000000,3.0475000000,3.0221000000,3.0273000000,35704.0738570000,108362.9492586003,108362.9492586003,1,SRM-USDT
2022-01-17 23:00:00,1642431600000,3.0280000000,3.0357000000,2.9940000000,3.0031000000,76771.8526210000,230850.6086875815,230850.6086875815,1,SRM-USDT
2022-01-18 00:00:00,1642435200000,3.0019000000,3.0136000000,2.9642000000,2.9896000000,54247.8409850000,161951.6195325865,161951.6195325865,1,SRM-USDT
2022-01-18 01:00:00,1642438800000,2.9880000000,2.9958000000,2.9647000000,2.9780000000,89132.1296210000,265681.2858690907,265681.2858690907,1,SRM-USDT
2022-01-18 02:00:00,1642442400000,2.9784000000,2.9966000000,2.9641000000,2.9949000000,86850.6995150000,258625.4470945220,258625.4470945220,1,SRM-USDT
2022-01-18 03:00:00,1642446000000,2.9941000000,3.0008000000,2.9852000000,2.9942000000,24855.6151500000,74356.6525751051,74356.6525751051,1,SRM-USDT
2022-01-18 04:00:00,1642449600000,2.9928000000,2.9986000000,2.9851000000,2.9904000000,18193.2602940000,54434.8137096687,54434.8137096687,1,SRM-USDT
2022-01-18 05:00:00,1642453200000,2.9902000000,2.9946000000,2.9489000000,2.9685000000,45866.0605040000,135890.9752262985,135890.9752262985,1,SRM-USDT
2022-01-18 06:00:00,1642456800000,2.9649000000,3.0139000000,2.9595000000,2.9874000000,20228.2712820000,60250.4258124720,60250.4258124720,1,SRM-USDT
2022-01-18 07:00:00,1642460400000,2.9893000000,3.0099000000,2.9868000000,3.0060000000,41123.8734120000,123341.3360799894,123341.3360799894,1,SRM-USDT
2022-01-18 08:00:00,1642464000000,3.0060000000,3.0279000000,2.9728000000,3.0274000000,48495.0814030000,146069.2153688681,146069.2153688681,1,SRM-USDT
2022-01-18 09:00:00,1642467600000,3.0304000000,3.0349000000,3.0204000000,3.0273000000,35139.4290620000,106392.9599362039,106392.9599362039,1,SRM-USDT
2022-01-18 10:00:00,1642471200000,3.0265000000,3.0265000000,3.0087000000,3.0148000000,23599.3996610000,71159.9296075719,71159.9296075719,1,SRM-USDT
2022-01-18 11:00:00,1642474800000,3.0168000000,3.0169000000,2.9681000000,2.9787000000,59938.0820910000,179371.0414926857,179371.0414926857,1,SRM-USDT
2022-01-18 12:00:00,1642478400000,2.9762000000,2.9813000000,2.9426000000,2.9605000000,51777.9967910000,153108.1365966093,153108.1365966093,1,SRM-USDT
2022-01-18 13:00:00,1642482000000,2.9610000000,2.9740000000,2.9520000000,2.9684000000,34355.5878780000,101804.8086103766,101804.8086103766,1,SRM-USDT
2022-01-18 14:00:00,1642485600000,2.9632000000,3.0061000000,2.9632000000,3.0007000000,64922.7239990000,194063.3811676943,194063.3811676943,1,SRM-USDT
2022-01-18 15:00:00,1642489200000,3.0036000000,3.0078000000,2.9750000000,2.9830000000,27781.6461300000,82980.5527250092,82980.5527250092,1,SRM-USDT
2022-01-18 16:00:00,1642492800000,2.9822000000,2.9822000000,2.9312000000,2.9320000000,79033.7868510000,232853.8174788948,232853.8174788948,1,SRM-USDT
2022-01-18 17:00:00,1642496400000,2.9326000000,2.9556000000,2.8924000000,2.9297000000,145407.1655660000,425421.9026307318,425421.9026307318,1,SRM-USDT
2022-01-18 18:00:00,1642500000000,2.9288000000,2.9713000000,2.9204000000,2.9410000000,74681.4919870000,220367.4875850310,220367.4875850310,1,SRM-USDT
2022-01-18 19:00:00,1642503600000,2.9409000000,2.9589000000,2.9378000000,2.9563000000,34043.8083850000,100301.7648988962,100301.7648988962,1,SRM-USDT
2022-01-18 20:00:00,1642507200000,2.9556000000,2.9701000000,2.9274000000,2.9527000000,44659.5273330000,131470.7640411669,131470.7640411669,1,SRM-USDT
2022-01-18 21:00:00,1642510800000,2.9517000000,2.9517000000,2.8936000000,2.9237000000,135195.9534660000,392924.0242494164,392924.0242494164,1,SRM-USDT
2022-01-18 22:00:00,1642514400000,2.9249000000,2.9279000000,2.8900000000,2.9239000000,62624.3222040000,182002.4613377401,182002.4613377401,1,SRM-USDT
2022-01-18 23:00:00,1642518000000,2.9231000000,2.9449000000,2.9146000000,2.9177000000,60075.0771870000,176128.3513203679,176128.3513203679,1,SRM-USDT
2022-01-19 00:00:00,1642521600000,2.9177000000,2.9419000000,2.9037000000,2.9316000000,59004.6778720000,172569.3678803831,172569.3678803831,1,SRM-USDT
2022-01-19 01:00:00,1642525200000,2.9318000000,2.9365000000,2.9085000000,2.9156000000,66201.0077050000,193512.4845891542,193512.4845891542,1,SRM-USDT
2022-01-19 02:00:00,1642528800000,2.9149000000,2.9306000000,2.9050000000,2.9224000000,31090.1013280000,90616.6891955315,90616.6891955315,1,SRM-USDT
2022-01-19 03:00:00,1642532400000,2.9258000000,2.9567000000,2.9220000000,2.9525000000,52275.9595770000,153902.9351533475,153902.9351533475,1,SRM-USDT
2022-01-19 04:00:00,1642536000000,2.9509000000,2.9549000000,2.9314000000,2.9488000000,41046.0621590000,120811.9880931347,120811.9880931347,1,SRM-USDT
2022-01-19 05:00:00,1642539600000,2.9487000000,3.0212000000,2.9464000000,3.0141000000,75750.4726480000,226937.4204590776,226937.4204590776,1,SRM-USDT
2022-01-19 06:00:00,1642543200000,3.0143000000,3.0206000000,2.9971000000,3.0060000000,58224.2656570000,175092.0715253744,175092.0715253744,1,SRM-USDT
2022-01-19 07:00:00,1642546800000,3.0045000000,3.0146000000,2.9877000000,2.9921000000,48534.0934930000,145721.4811262586,145721.4811262586,1,SRM-USDT
2022-01-19 08:00:00,1642550400000,2.9919000000,3.0024000000,2.9753000000,2.9786000000,32821.4611830000,98033.9656476412,98033.9656476412,1,SRM-USDT
2022-01-19 09:00:00,1642554000000,2.9791000000,2.9980000000,2.9767000000,2.9973000000,20160.9738650000,60172.2752628053,60172.2752628053,1,SRM-USDT
2022-01-19 10:00:00,1642557600000,2.9986000000,3.0001000000,2.9876000000,2.9928000000,28107.8542470000,84155.8556644206,84155.8556644206,1,SRM-USDT
2022-01-19 11:00:00,1642561200000,2.9940000000,2.9944000000,2.9257000000,2.9432000000,87644.2839200000,258658.4577195099,258658.4577195099,1,SRM-USDT
2022-01-19 12:00:00,1642564800000,2.9444000000,2.9590000000,2.9263000000,2.9547000000,45269.0408550000,133185.6825968533,133185.6825968533,1,SRM-USDT
2022-01-19 13:00:00,1642568400000,2.9473000000,2.9543000000,2.9332000000,2.9395000000,22969.4860330000,67647.6964688092,67647.6964688092,1,SRM-USDT
2022-01-19 14:00:00,1642572000000,2.9386000000,2.9428000000,2.9225000000,2.9225000000,34543.7576700000,101320.9871138116,101320.9871138116,1,SRM-USDT
2022-01-19 15:00:00,1642575600000,2.9200000000,2.9213000000,2.8595000000,2.8742000000,88661.7808320000,255361.8158499974,255361.8158499974,1,SRM-USDT
2022-01-19 16:00:00,1642579200000,2.8758000000,2.8761000000,2.8500000000,2.8629000000,70252.2959580000,201113.3458274795,201113.3458274795,1,SRM-USDT
2022-01-19 17:00:00,1642582800000,2.8615000000,2.8966000000,2.8605000000,2.8939000000,44071.0077820000,127105.5433109288,127105.5433109288,1,SRM-USDT
2022-01-19 18:00:00,1642586400000,2.8948000000,2.8975000000,2.8672000000,2.8890000000,33560.6010900000,96702.0472439835,96702.0472439835,1,SRM-USDT
2022-01-19 19:00:00,1642590000000,2.8871000000,2.9227000000,2.8870000000,2.9135000000,70515.0492190000,204983.9784348809,204983.9784348809,1,SRM-USDT
2022-01-19 20:00:00,1642593600000,2.9144000000,2.9251000000,2.9058000000,2.9111000000,36515.5020730000,106527.9380198177,106527.9380198177,1,SRM-USDT
2022-01-19 21:00:00,1642597200000,2.9113000000,2.9479000000,2.9095000000,2.9442000000,71279.6010230000,209186.4311175691,209186.4311175691,1,SRM-USDT
2022-01-19 22:00:00,1642600800000,2.9450000000,2.9665000000,2.9328000000,2.9563000000,42497.5598430000,125471.5985849174,125471.5985849174,1,SRM-USDT
2022-01-19 23:00:00,1642604400000,2.9593000000,2.9593000000,2.9083000000,2.9243000000,71893.0596520000,210998.9565944742,210998.9565944742,1,SRM-USDT
2022-01-20 00:00:00,1642608000000,2.9243000000,2.9310000000,2.8938000000,2.9173000000,60861.3833560000,176932.1559713803,176932.1559713803,1,SRM-USDT
2022-01-20 01:00:00,1642611600000,2.9192000000,2.9468000000,2.9192000000,2.9398000000,64781.7670230000,190392.4201372112,190392.4201372112,1,SRM-USDT
2022-01-20 02:00:00,1642615200000,2.9351000000,2.9425000000,2.9217000000,2.9292000000,23432.5966620000,68720.9821283880,68720.9821283880,1,SRM-USDT
2022-01-20 03:00:00,1642618800000,2.9274000000,2.9351000000,2.9150000000,2.9260000000,26413.4681480000,77252.2458748346,77252.2458748346,1,SRM-USDT
2022-01-20 04:00:00,1642622400000,2.9262000000,2.9310000000,2.9055000000,2.9093000000,15932.9188320000,46453.0350650007,46453.0350650007,1,SRM-USDT
2022-01-20 05:00:00,1642626000000,2.9098000000,2.9251000000,2.9098000000,2.9110000000,18707.9079430000,54566.5914866977,54566.5914866977,1,SRM-USDT
2022-01-20 06:00:00,1642629600000,2.9077000000,2.9220000000,2.9000000000,2.9177000000,38947.6858560000,113503.9930940978,113503.9930940978,1,SRM-USDT
2022-01-20 07:00:00,1642633200000,2.9180000000,2.9181000000,2.8862000000,2.8873000000,23966.0752640000,69556.5412580299,69556.5412580299,1,SRM-USDT
2022-01-20 08:00:00,1642636800000,2.8912000000,2.9066000000,2.8860000000,2.9008000000,26346.6232990000,76318.8745956578,76318.8745956578,1,SRM-USDT
2022-01-20 09:00:00,1642640400000,2.9028000000,2.9065000000,2.8528000000,2.8711000000,63620.9515430000,182580.4763430255,182580.4763430255,1,SRM-USDT
2022-01-20 10:00:00,1642644000000,2.8722000000,2.8990000000,2.8722000000,2.8929000000,34446.4156290000,99477.5029464759,99477.5029464759,1,SRM-USDT
2022-01-20 11:00:00,1642647600000,2.8903000000,2.9034000000,2.8871000000,2.9034000000,14926.4129940000,43228.2958860064,43228.2958860064,1,SRM-USDT
2022-01-20 12:00:00,1642651200000,2.9033000000,2.9097000000,2.8946000000,2.9066000000,23515.9326570000,68264.4296536442,68264.4296536442,1,SRM-USDT
2022-01-20 13:00:00,1642654800000,2.9072000000,2.9126000000,2.8961000000,2.9079000000,33955.0679050000,98646.8064644452,98646.8064644452,1,SRM-USDT
2022-01-20 14:00:00,1642658400000,2.9105000000,2.9253000000,2.9098000000,2.9203000000,43290.2761660000,126434.1861673663,126434.1861673663,1,SRM-USDT
2022-01-20 15:00:00,1642662000000,2.9222000000,2.9271000000,2.9109000000,2.9262000000,28673.2193710000,83719.5356691620,83719.5356691620,1,SRM-USDT
2022-01-20 16:00:00,1642665600000,2.9268000000,2.9582000000,2.9149000000,2.9534000000,84295.6492080000,247167.0343004008,247167.0343004008,1,SRM-USDT
2022-01-20 17:00:00,1642669200000,2.9543000000,2.9548000000,2.9194000000,2.9427000000,65553.9701120000,192538.0309226192,192538.0309226192,1,SRM-USDT
2022-01-20 18:00:00,1642672800000,2.9429000000,2.9495000000,2.9315000000,2.9385000000,29845.4064940000,87813.7915763446,87813.7915763446,1,SRM-USDT
2022-01-20 19:00:00,1642676400000,2.9409000000,2.9534000000,2.9406000000,2.9475000000,42466.5932810000,125160.4282978940,125160.4282978940,1,SRM-USDT
2022-01-20 20:00:00,1642680000000,2.9456000000,2.9456000000,2.9188000000,2.9280000000,64163.5208950000,187912.1029816064,187912.1029816064,1,SRM-USDT
2022-01-20 21:00:00,1642683600000,2.9268000000,2.9645000000,2.9164000000,2.9589000000,54777.6167360000,161280.0678067211,161280.0678067211,1,SRM-USDT
2022-01-20 22:00:00,1642687200000,2.9619000000,2.9954000000,2.9591000000,2.9927000000,96184.4301820000,286528.9203512565,286528.9203512565,1,SRM-USDT
2022-01-20 23:00:00,1642690800000,2.9935000000,3.0182000000,2.9901000000,3.0125000000,176152.4784830000,529577.8439384495,529577.8439384495,1,SRM-USDT
2022-01-21 00:00:00,1642694400000,3.0143000000,3.0143000000,2.9942000000,3.0072000000,146492.8375160000,440157.2205503214,440157.2205503214,1,SRM-USDT
2022-01-21 01:00:00,1642698000000,3.0084000000,3.0084000000,2.9787000000,2.9837000000,58425.4473200000,174817.6505611323,174817.6505611323,1,SRM-USDT
2022-01-21 02:00:00,1642701600000,2.9828000000,2.9841000000,2.9690000000,2.9702000000,68032.2504330000,202427.7017466284,202427.7017466284,1,SRM-USDT
2022-01-21 03:00:00,1642705200000,2.9685000000,2.9845000000,2.9576000000,2.9639000000,73470.1374530000,218045.3198665706,218045.3198665706,1,SRM-USDT
2022-01-21 04:00:00,1642708800000,2.9636000000,2.9697000000,2.9388000000,2.9462000000,36009.5095290000,106334.4410725012,106334.4410725012,1,SRM-USDT
2022-01-21 05:00:00,1642712400000,2.9481000000,2.9481000000,2.8035000000,2.8045000000,258556.3782620000,743851.7921974791,743851.7921974791,1,SRM-USDT
2022-01-21 06:00:00,1642716000000,2.8020000000,2.8499000000,2.7784000000,2.7983000000,237465.6134970000,665861.0077568199,665861.0077568199,1,SRM-USDT
2022-01-21 07:00:00,1642719600000,2.7980000000,2.7980000000,2.7444000000,2.7634000000,111994.6282440000,309680.5705158647,309680.5705158647,1,SRM-USDT
2022-01-21 08:00:00,1642723200000,2.7604000000,2.7836000000,2.7312000000,2.7769000000,143779.5685390000,397193.7708645986,397193.7708645986,1,SRM-USDT
2022-01-21 09:00:00,1642726800000,2.7783000000,2.7793000000,2.6579000000,2.6584000000,195335.0550530000,528408.0122494345,528408.0122494345,1,SRM-USDT
2022-01-21 10:00:00,1642730400000,2.6573000000,2.7401000000,2.6500000000,2.6898000000,183735.5737420000,493470.3283691559,493470.3283691559,1,SRM-USDT
2022-01-21 11:00:00,1642734000000,2.6894000000,2.6996000000,2.6199000000,2.6446000000,256914.3674330000,682347.0103542740,682347.0103542740,1,SRM-USDT
2022-01-21 12:00:00,1642737600000,2.6441000000,2.6805000000,2.6441000000,2.6653000000,90574.7752700000,241737.7173280385,241737.7173280385,1,SRM-USDT
2022-01-21 13:00:00,1642741200000,2.6642000000,2.6856000000,2.6522000000,2.6735000000,67792.1675150000,180933.0670904072,180933.0670904072,1,SRM-USDT
2022-01-21 14:00:00,1642744800000,2.6737000000,2.6772000000,2.6328000000,2.6362000000,73134.6499660000,194295.8946041257,194295.8946041257,1,SRM-USDT
2022-01-21 15:00:00,1642748400000,2.6355000000,2.6734000000,2.6258000000,2.6608000000,56860.7301850000,150586.2297635815,150586.2297635815,1,SRM-USDT
2022-01-21 16:00:00,1642752000000,2.6603000000,2.6725000000,2.6518000000,2.6663000000,45762.1434780000,121929.6299658250,121929.6299658250,1,SRM-USDT
2022-01-21 17:00:00,1642755600000,2.6680000000,2.6680000000,2.6436000000,2.6436000000,61527.4175570000,163221.4000863261,163221.4000863261,1,SRM-USDT
2022-01-21 18:00:00,1642759200000,2.6435000000,2.6592000000,2.6375000000,2.6475000000,55664.6019400000,147471.2208354232,147471.2208354232,1,SRM-USDT
2022-01-21 19:00:00,1642762800000,2.6456000000,2.6508000000,2.6186000000,2.6345000000,59925.5206160000,157636.6106334092,157636.6106334092,1,SRM-USDT
2022-01-21 20:00:00,1642766400000,2.6384000000,2.6419000000,2.5083000000,2.5627000000,334175.6949590000,854305.9313290563,854305.9313290563,1,SRM-USDT
2022-01-21 21:00:00,1642770000000,2.5626000000,2.5929000000,2.5424000000,2.5760000000,88594.6980250000,227771.9070540251,227771.9070540251,1,SRM-USDT
2022-01-21 22:00:00,1642773600000,2.5780000000,2.6070000000,2.5568000000,2.5762000000,92469.0466210000,238734.7835626265,238734.7835626265,1,SRM-USDT
2022-01-21 23:00:00,1642777200000,2.5744000000,2.6207000000,2.5475000000,2.5995000000,137798.5619390000,356941.9988703050,356941.9988703050,1,SRM-USDT
2022-01-22 00:00:00,1642780800000,2.5995000000,2.6196000000,2.5744000000,2.5958000000,149746.0251490000,389213.5318851660,389213.5318851660,1,SRM-USDT
2022-01-22 01:00:00,1642784400000,2.5940000000,2.6003000000,2.5649000000,2.5956000000,123313.6127690000,318913.2420108660,318913.2420108660,1,SRM-USDT
2022-01-22 02:00:00,1642788000000,2.5947000000,2.6199000000,2.5400000000,2.5538000000,171677.3678030000,443228.3912222455,443228.3912222455,1,SRM-USDT
2022-01-22 03:00:00,1642791600000,2.5543000000,2.5746000000,2.5256000000,2.5257000000,145986.0313180000,371912.0762816415,371912.0762816415,1,SRM-USDT
2022-01-22 04:00:00,1642795200000,2.5264000000,2.5577000000,2.4987000000,2.5424000000,242170.8851730000,610566.0519544682,610566.0519544682,1,SRM-USDT
2022-01-22 05:00:00,1642798800000,2.5435000000,2.5618000000,2.3856000000,2.4319000000,474567.2580220000,1165332.8674260117,1165332.8674260117,1,SRM-USDT
2022-01-22 06:00:00,1642802400000,2.4318000000,2.4620000000,2.3523000000,2.4101000000,348403.7126420000,842425.7600825374,842425.7600825374,1,SRM-USDT
2022-01-22 07:00:00,1642806000000,2.4076000000,2.4583000000,2.3662000000,2.4463000000,261309.2921220000,633612.0573900408,633612.0573900408,1,SRM-USDT
2022-01-22 08:00:00,1642809600000,2.4457000000,2.4817000000,2.3875000000,2.4184000000,175190.9055220000,426860.0371225171,426860.0371225171,1,SRM-USDT
2022-01-22 09:00:00,1642813200000,2.4191000000,2.5005000000,2.3983000000,2.4988000000,321712.9610410000,783076.0269761968,783076.0269761968,1,SRM-USDT
2022-01-22 10:00:00,1642816800000,2.4985000000,2.5006000000,2.4171000000,2.4349000000,165294.0356900000,404598.9463209801,404598.9463209801,1,SRM-USDT
2022-01-22 11:00:00,1642820400000,2.4350000000,2.4882000000,2.4076000000,2.4364000000,198028.0373260000,486990.1996914397,486990.1996914397,1,SRM-USDT
2022-01-22 12:00:00,1642824000000,2.4352000000,2.4465000000,2.3949000000,2.4075000000,97553.3451340000,235864.4374326568,235864.4374326568,1,SRM-USDT
2022-01-22 13:00:00,1642827600000,2.4034000000,2.4076000000,2.2941000000,2.3202000000,384716.7081380000,903539.8069772036,903539.8069772036,1,SRM-USDT
2022-01-22 14:00:00,1642831200000,2.3202000000,2.3460000000,2.2568000000,2.2987000000,317602.0285450000,734310.7059413966,734310.7059413966,1,SRM-USDT
2022-01-22 15:00:00,1642834800000,2.2995000000,2.3259000000,2.2230000000,2.2360000000,261550.9755130000,593774.2417863583,593774.2417863583,1,SRM-USDT
2022-01-22 16:00:00,1642838400000,2.2352000000,2.3137000000,2.2352000000,2.2518000000,303686.1978140000,692859.3818386345,692859.3818386345,1,SRM-USDT
2022-01-22 17:00:00,1642842000000,2.2528000000,2.2810000000,2.1362000000,2.1522000000,429295.4832660000,946014.6850305937,946014.6850305937,1,SRM-USDT
2022-01-22 18:00:00,1642845600000,2.1520000000,2.2300000000,2.0500000000,2.2008000000,802073.9638240000,1706755.9469532785,1706755.9469532785,1,SRM-USDT
2022-01-22 19:00:00,1642849200000,2.2006000000,2.2273000000,2.1518000000,2.1990000000,341620.9268790000,748997.2802899726,748997.2802899726,1,SRM-USDT
2022-01-22 20:00:00,1642852800000,2.2014000000,2.2732000000,2.1879000000,2.2640000000,239758.3764520000,535126.9188157528,535126.9188157528,1,SRM-USDT
2022-01-22 21:00:00,1642856400000,2.2622000000,2.2885000000,2.2222000000,2.2288000000,158982.6639840000,358919.5200848089,358919.5200848089,1,SRM-USDT
2022-01-22 22:00:00,1642860000000,2.2274000000,2.2326000000,2.1752000000,2.1768000000,169871.0243560000,375561.8938980186,375561.8938980186,1,SRM-USDT
2022-01-22 23:00:00,1642863600000,2.1776000000,2.1890000000,2.1519000000,2.1608000000,124421.1559570000,269450.6699802320,269450.6699802320,1,SRM-USDT
2022-01-23 00:00:00,1642867200000,2.1603000000,2.2612000000,2.1303000000,2.2034000000,253858.0124330000,560468.1830668485,560468.1830668485,1,SRM-USDT
2022-01-23 01:00:00,1642870800000,2.2100000000,2.2224000000,2.1502000000,2.1664000000,156292.4905730000,340650.5264494302,340650.5264494302,1,SRM-USDT
2022-01-23 02:00:00,1642874400000,2.1694000000,2.1753000000,2.1166000000,2.1191000000,282161.4344260000,605130.3181977338,605130.3181977338,1,SRM-USDT
2022-01-23 03:00:00,1642878000000,2.1221000000,2.1783000000,2.1107000000,2.1404000000,140541.7022870000,301339.3280332230,301339.3280332230,1,SRM-USDT
2022-01-23 04:00:00,1642881600000,2.1409000000,2.2510000000,2.1251000000,2.2214000000,188680.2419090000,415724.7172878632,415724.7172878632,1,SRM-USDT
2022-01-23 05:00:00,1642885200000,2.2219000000,2.2377000000,2.1973000000,2.2216000000,149042.1804630000,330222.8203015642,330222.8203015642,1,SRM-USDT
2022-01-23 06:00:00,1642888800000,2.2153000000,2.2231000000,2.1657000000,2.1754000000,64471.2013340000,141499.4858639389,141499.4858639389,1,SRM-USDT
2022-01-23 07:00:00,1642892400000,2.1730000000,2.2138000000,2.1685000000,2.2106000000,59728.8383630000,130930.6813943473,130930.6813943473,1,SRM-USDT
2022-01-23 08:00:00,1642896000000,2.2105000000,2.2637000000,2.1892000000,2.2574000000,138800.5551580000,310594.0050152669,310594.0050152669,1,SRM-USDT
2022-01-23 09:00:00,1642899600000,2.2527000000,2.2587000000,2.2360000000,2.2385000000,83103.1130730000,186551.9068398480,186551.9068398480,1,SRM-USDT
2022-01-23 10:00:00,1642903200000,2.2352000000,2.2415000000,2.1877000000,2.1895000000,140876.7822150000,310939.5534597893,310939.5534597893,1,SRM-USDT
2022-01-23 11:00:00,1642906800000,2.1915000000,2.2110000000,2.1876000000,2.2066000000,73899.8831650000,162620.2059969797,162620.2059969797,1,SRM-USDT
2022-01-23 12:00:00,1642910400000,2.2079000000,2.2383000000,2.1950000000,2.2142000000,112566.5767180000,250104.0279384366,250104.0279384366,1,SRM-USDT
2022-01-23 13:00:00,1642914000000,2.2169000000,2.2434000000,2.1825000000,2.2377000000,127694.6096590000,282605.2740732041,282605.2740732041,1,SRM-USDT
2022-01-23 14:00:00,1642917600000,2.2375000000,2.2420000000,2.1995000000,2.2098000000,164402.9176270000,364456.0719541946,364456.0719541946,1,SRM-USDT
2022-01-23 15:00:00,1642921200000,2.2100000000,2.2561000000,2.2098000000,2.2453000000,129522.1524300000,290551.7205718694,290551.7205718694,1,SRM-USDT
2022-01-23 16:00:00,1642924800000,2.2430000000,2.2660000000,2.2338000000,2.2606000000,214348.4425210000,481747.3615810830,481747.3615810830,1,SRM-USDT
2022-01-23 17:00:00,1642928400000,2.2623000000,2.2924000000,2.2546000000,2.2745000000,273440.3717780000,621655.3593640262,621655.3593640262,1,SRM-USDT
2022-01-23 18:00:00,1642932000000,2.2769000000,2.2778000000,2.2535000000,2.2753000000,148265.0833410000,335646.1968980184,335646.1968980184,1,SRM-USDT
2022-01-23 19:00:00,1642935600000,2.2744000000,2.2744000000,2.2345000000,2.2483000000,116427.5014610000,262302.2452471606,262302.2452471606,1,SRM-USDT
2022-01-23 20:00:00,1642939200000,2.2479000000,2.2546000000,2.2302000000,2.2483000000,93067.8471470000,208609.6677115131,208609.6677115131,1,SRM-USDT
2022-01-23 21:00:00,1642942800000,2.2440000000,2.2726000000,2.2386000000,2.2682000000,54905.4633330000,123639.4713260180,123639.4713260180,1,SRM-USDT
2022-01-23 22:00:00,1642946400000,2.2676000000,2.2741000000,2.1703000000,2.2102000000,135088.5921000000,299981.6740447863,299981.6740447863,1,SRM-USDT
2022-01-23 23:00:00,1642950000000,2.2099000000,2.2212000000,2.1873000000,2.2176000000,100070.0845260000,220597.5973754728,220597.5973754728,1,SRM-USDT
2022-01-24 00:00:00,1642953600000,2.2209000000,2.2398000000,2.1848000000,2.1889000000,100581.8723720000,222172.7785066786,222172.7785066786,1,SRM-USDT
2022-01-24 01:00:00,1642957200000,2.1906000000,2.2127000000,2.1865000000,2.2016000000,53301.4236840000,117525.3456750291,117525.3456750291,1,SRM-USDT
2022-01-24 02:00:00,1642960800000,2.2024000000,2.2108000000,2.1543000000,2.1685000000,143211.1721940000,312233.9878605287,312233.9878605287,1,SRM-USDT
2022-01-24 03:00:00,1642964400000,2.1657000000,2.1862000000,2.1384000000,2.1526000000,113490.9899600000,245162.0239254214,245162.0239254214,1,SRM-USDT
2022-01-24 04:00:00,1642968000000,2.1500000000,2.1897000000,2.1388000000,2.1737000000,89058.9848460000,193110.8378654011,193110.8378654011,1,SRM-USDT
2022-01-24 05:00:00,1642971600000,2.1724000000,2.1912000000,2.1534000000,2.1684000000,67585.5988540000,146674.1832675656,146674.1832675656,1,SRM-USDT
2022-01-24 06:00:00,1642975200000,2.1663000000,2.1930000000,2.1638000000,2.1876000000,56832.4133400000,123778.4827924163,123778.4827924163,1,SRM-USDT
2022-01-24 07:00:00,1642978800000,2.1902000000,2.2647000000,2.1827000000,2.2611000000,206312.3089720000,462777.6757384455,462777.6757384455,1,SRM-USDT
2022-01-24 08:00:00,1642982400000,2.2608000000,2.2611000000,2.2082000000,2.2144000000,133108.9959620000,295990.7729499691,295990.7729499691,1,SRM-USDT
2022-01-24 09:00:00,1642986000000,2.2130000000,2.2311000000,2.1912000000,2.1951000000,78764.9932590000,174310.2664289792,174310.2664289792,1,SRM-USDT
2022-01-24 10:00:00,1642989600000,2.1984000000,2.1984000000,2.1605000000,2.1633000000,90833.1519730000,198151.6698117879,198151.6698117879,1,SRM-USDT
2022-01-24 11:00:00,1642993200000,2.1646000000,2.1741000000,2.1602000000,2.1682000000,45327.4074600000,98278.9968303742,98278.9968303742,1,SRM-USDT
2022-01-24 12:00:00,1642996800000,2.1684000000,2.1797000000,2.1242000000,2.1296000000,110307.7491480000,236848.9182201182,236848.9182201182,1,SRM-USDT
2022-01-24 13:00:00,1643000400000,2.1305000000,2.1305000000,2.1004000000,2.1158000000,132061.2907790000,279253.9554418778,279253.9554418778,1,SRM-USDT
2022-01-24 14:00:00,1643004000000,2.1142000000,2.1297000000,2.0967000000,2.1133000000,92104.9381660000,194813.9808608889,194813.9808608889,1,SRM-USDT
2022-01-24 15:00:00,1643007600000,2.1116000000,2.1120000000,2.0787000000,2.0851000000,108478.4919800000,227428.5769637888,227428.5769637888,1,SRM-USDT
2022-01-24 16:00:00,1643011200000,2.0860000000,2.1177000000,2.0548000000,2.0812000000,226292.3044480000,472668.8712920466,472668.8712920466,1,SRM-USDT
2022-01-24 17:00:00,1643014800000,2.0785000000,2.0938000000,2.0200000000,2.0297000000,276290.3453300000,565174.4560699817,565174.4560699817,1,SRM-USDT
2022-01-24 18:00:00,1643018400000,2.0335000000,2.0375000000,1.9615000000,1.9669000000,396040.9549030000,789502.9662275383,789502.9662275383,1,SRM-USDT
2022-01-24 19:00:00,1643022000000,1.9667000000,2.0162000000,1.9541000000,1.9735000000,212588.2179140000,422383.1598903422,422383.1598903422,1,SRM-USDT
2022-01-24 20:00:00,1643025600000,1.9747000000,1.9947000000,1.9239000000,1.9619000000,252141.3290130000,494340.0331016067,494340.0331016067,1,SRM-USDT
2022-01-24 21:00:00,1643029200000,1.9628000000,2.0004000000,1.9490000000,1.9525000000,308057.6214580000,607334.4705479146,607334.4705479146,1,SRM-USDT
2022-01-24 22:00:00,1643032800000,1.9513000000,2.0263000000,1.9234000000,1.9708000000,330228.3672370000,651162.0690407647,651162.0690407647,1,SRM-USDT
2022-01-24 23:00:00,1643036400000,1.9707000000,2.0219000000,1.9319000000,2.0088000000,323969.5515730000,641194.9291064447,641194.9291064447,1,SRM-USDT
2022-01-25 00:00:00,1643040000000,2.0108000000,2.0332000000,1.9674000000,1.9977000000,196517.8450240000,393768.0356832173,393768.0356832173,1,SRM-USDT
2022-01-25 01:00:00,1643043600000,1.9976000000,2.0646000000,1.9572000000,2.0529000000,205671.6160450000,414469.3369477827,414469.3369477827,1,SRM-USDT
2022-01-25 02:00:00,1643047200000,2.0538000000,2.1049000000,2.0393000000,2.0857000000,315663.0568050000,656350.3170526889,656350.3170526889,1,SRM-USDT
2022-01-25 03:00:00,1643050800000,2.0866000000,2.1016000000,2.0709000000,2.0925000000,173483.6582570000,361528.6063252678,361528.6063252678,1,SRM-USDT
2022-01-25 04:00:00,1643054400000,2.0908000000,2.1557000000,2.0870000000,2.1413000000,226026.2435810000,478530.2636690614,478530.2636690614,1,SRM-USDT
2022-01-25 05:00:00,1643058000000,2.1385000000,2.1396000000,2.1128000000,2.1209000000,110675.0763260000,235120.5748266963,235120.5748266963,1,SRM-USDT
2022-01-25 06:00:00,1643061600000,2.1204000000,2.1253000000,2.0970000000,2.1022000000,65843.8126980000,139147.0924724730,139147.0924724730,1,SRM-USDT
2022-01-25 07:00:00,1643065200000,2.1037000000,2.1211000000,2.0913000000,2.1176000000,82036.0894940000,172998.5370743926,172998.5370743926,1,SRM-USDT
2022-01-25 08:00:00,1643068800000,2.1165000000,2.1198000000,2.0756000000,2.0816000000,128085.3175000000,268799.3594443608,268799.3594443608,1,SRM-USDT
2022-01-25 09:00:00,1643072400000,2.0816000000,2.0942000000,2.0738000000,2.0871000000,94571.0105860000,197060.1420882570,197060.1420882570,1,SRM-USDT
2022-01-25 10:00:00,1643076000000,2.0870000000,2.1211000000,2.0790000000,2.1184000000,90044.0437190000,189234.1006508634,189234.1006508634,1,SRM-USDT
2022-01-25 11:00:00,1643079600000,2.1162000000,2.1175000000,2.0910000000,2.1068000000,69033.7540370000,145283.9535362429,145283.9535362429,1,SRM-USDT
2022-01-25 12:00:00,1643083200000,2.1098000000,2.1122000000,2.0636000000,2.0685000000,92302.7521110000,192667.5606252375,192667.5606252375,1,SRM-USDT
2022-01-25 13:00:00,1643086800000,2.0669000000,2.0819000000,2.0622000000,2.0815000000,63852.2297620000,132261.5099434781,132261.5099434781,1,SRM-USDT
2022-01-25 14:00:00,1643090400000,2.0854000000,2.0862000000,2.0682000000,2.0682000000,45488.8011880000,94506.7931586127,94506.7931586127,1,SRM-USDT
2022-01-25 15:00:00,1643094000000,2.0696000000,2.0910000000,2.0619000000,2.0898000000,73900.2851310000,153388.1087292713,153388.1087292713,1,SRM-USDT
2022-01-25 16:00:00,1643097600000,2.0890000000,2.1120000000,2.0804000000,2.0858000000,113040.9349940000,237057.9587199095,237057.9587199095,1,SRM-USDT
2022-01-25 17:00:00,1643101200000,2.0861000000,2.1146000000,2.0780000000,2.1079000000,126388.7784040000,265014.9750900148,265014.9750900148,1,SRM-USDT
2022-01-25 18:00:00,1643104800000,2.1095000000,2.1416000000,2.1004000000,2.1115000000,105791.2652640000,224319.5634024234,224319.5634024234,1,SRM-USDT
2022-01-25 19:00:00,1643108400000,2.1096000000,2.1197000000,2.0763000000,2.0822000000,134223.8164090000,281015.0907287173,281015.0907287173,1,SRM-USDT
2022-01-25 20:00:00,1643112000000,2.0841000000,2.1105000000,2.0725000000,2.0898000000,162043.0183170000,338516.4202320491,338516.4202320491,1,SRM-USDT
2022-01-25 21:00:00,1643115600000,2.0900000000,2.0933000000,2.0471000000,2.0639000000,129169.2163610000,266312.7539516792,266312.7539516792,1,SRM-USDT
2022-01-25 22:00:00,1643119200000,2.0633000000,2.1292000000,2.0561000000,2.0690000000,173286.7553170000,363191.4082911223,363191.4082911223,1,SRM-USDT
2022-01-25 23:00:00,1643122800000,2.0689000000,2.1083000000,2.0452000000,2.0903000000,157583.1792250000,328128.4855835460,328128.4855835460,1,SRM-USDT
2022-01-26 00:00:00,1643126400000,2.0888000000,2.1154000000,2.0842000000,2.1024000000,134753.7692740000,283363.5761662608,283363.5761662608,1,SRM-USDT
2022-01-26 01:00:00,1643130000000,2.1000000000,2.1465000000,2.0968000000,2.1339000000,146023.8263930000,310514.7308932446,310514.7308932446,1,SRM-USDT
2022-01-26 02:00:00,1643133600000,2.1366000000,2.1534000000,2.1232000000,2.1532000000,124066.4997950000,265428.5253995716,265428.5253995716,1,SRM-USDT
2022-01-26 03:00:00,1643137200000,2.1483000000,2.1501000000,2.0970000000,2.1076000000,103951.5512210000,220671.7048979388,220671.7048979388,1,SRM-USDT
2022-01-26 04:00:00,1643140800000,2.1070000000,2.1105000000,2.0839000000,2.0863000000,101448.8983680000,212707.5844196127,212707.5844196127,1,SRM-USDT
2022-01-26 05:00:00,1643144400000,2.0820000000,2.0858000000,2.0575000000,2.0664000000,78265.5799830000,162064.3661866923,162064.3661866923,1,SRM-USDT
2022-01-26 06:00:00,1643148000000,2.0664000000,2.0962000000,2.0638000000,2.0956000000,41327.3726290000,85816.1571026087,85816.1571026087,1,SRM-USDT
2022-01-26 07:00:00,1643151600000,2.0953000000,2.1158000000,2.0869000000,2.1030000000,76366.4972510000,160629.2189225823,160629.2189225823,1,SRM-USDT
2022-01-26 08:00:00,1643155200000,2.1030000000,2.1044000000,2.0755000000,2.0870000000,158596.6826000000,331184.2084849417,331184.2084849417,1,SRM-USDT
2022-01-26 09:00:00,1643158800000,2.0899000000,2.1103000000,2.0861000000,2.1042000000,81231.5609370000,170610.4387435190,170610.4387435190,1,SRM-USDT
2022-01-26 10:00:00,1643162400000,2.1021000000,2.1243000000,2.0928000000,2.0928000000,44892.8822090000,94766.7730655269,94766.7730655269,1,SRM-USDT
2022-01-26 11:00:00,1643166000000,2.0940000000,2.1641000000,2.0940000000,2.1607000000,151822.5848320000,324578.4841737862,324578.4841737862,1,SRM-USDT
2022-01-26 12:00:00,1643169600000,2.1596000000,2.2086000000,2.1580000000,2.1952000000,187669.4924110000,409267.0967536690,409267.0967536690,1,SRM-USDT
2022-01-26 13:00:00,1643173200000,2.1971000000,2.2011000000,2.1781000000,2.1874000000,62974.5897670000,137727.0254019403,137727.0254019403,1,SRM-USDT
2022-01-26 14:00:00,1643176800000,2.1872000000,2.1903000000,2.1597000000,2.1634000000,78256.1133620000,170165.4427739094,170165.4427739094,1,SRM-USDT
2022-01-26 15:00:00,1643180400000,2.1634000000,2.1730000000,2.1509000000,2.1692000000,83107.2582530000,179775.9353432017,179775.9353432017,1,SRM-USDT
2022-01-26 16:00:00,1643184000000,2.1694000000,2.1920000000,2.1694000000,2.1847000000,75484.0920870000,164840.9366065558,164840.9366065558,1,SRM-USDT
2022-01-26 17:00:00,1643187600000,2.1847000000,2.2014000000,2.1772000000,2.1904000000,106059.8624260000,232218.2645191286,232218.2645191286,1,SRM-USDT
2022-01-26 18:00:00,1643191200000,2.1846000000,2.2162000000,2.1801000000,2.2047000000,49055.2512560000,107874.8024924613,107874.8024924613,1,SRM-USDT
2022-01-26 19:00:00,1643194800000,2.2065000000,2.2161000000,2.1881000000,2.2058000000,67403.1872030000,148256.1740685962,148256.1740685962,1,SRM-USDT
2022-01-26 20:00:00,1643198400000,2.2025000000,2.2025000000,2.1861000000,2.1875000000,101700.0420800000,223346.9272362462,223346.9272362462,1,SRM-USDT
2022-01-26 21:00:00,1643202000000,2.1867000000,2.2409000000,2.1838000000,2.2332000000,125678.1415230000,278000.6673472536,278000.6673472536,1,SRM-USDT
2022-01-26 22:00:00,1643205600000,2.2291000000,2.2552000000,2.2164000000,2.2287000000,155224.5352320000,347267.9694291497,347267.9694291497,1,SRM-USDT
2022-01-26 23:00:00,1643209200000,2.2272000000,2.2387000000,2.1898000000,2.2032000000,147584.2489140000,326280.7535429254,326280.7535429254,1,SRM-USDT
2022-01-27 00:00:00,1643212800000,2.2032000000,2.2188000000,2.1971000000,2.2093000000,68513.7392950000,151367.6359296699,151367.6359296699,1,SRM-USDT
2022-01-27 01:00:00,1643216400000,2.2111000000,2.2175000000,2.1876000000,2.1937000000,67990.2404430000,149713.1338335388,149713.1338335388,1,SRM-USDT
2022-01-27 02:00:00,1643220000000,2.1928000000,2.2050000000,2.1531000000,2.1898000000,174145.5872710000,378341.1963081664,378341.1963081664,1,SRM-USDT
2022-01-27 03:00:00,1643223600000,2.1879000000,2.2888000000,2.1810000000,2.1884000000,478921.2261620000,1067931.9026692354,1067931.9026692354,1,SRM-USDT
2022-01-27 04:00:00,1643227200000,2.1881000000,2.1888000000,2.1178000000,2.1404000000,246486.9090680000,528219.6936127741,528219.6936127741,1,SRM-USDT
2022-01-27 05:00:00,1643230800000,2.1416000000,2.1546000000,2.0828000000,2.0901000000,153463.4232020000,324628.6463920775,324628.6463920775,1,SRM-USDT
2022-01-27 06:00:00,1643234400000,2.0880000000,2.1059000000,2.0791000000,2.0976000000,110019.6921640000,229971.8664307130,229971.8664307130,1,SRM-USDT
2022-01-27 07:00:00,1643238000000,2.1010000000,2.1228000000,2.0942000000,2.1154000000,130636.2616510000,276020.3148055759,276020.3148055759,1,SRM-USDT
2022-01-27 08:00:00,1643241600000,2.1168000000,2.1358000000,2.1038000000,2.1235000000,123420.0435160000,261943.0337952839,261943.0337952839,1,SRM-USDT
2022-01-27 09:00:00,1643245200000,2.1229000000,2.1229000000,2.0590000000,2.0640000000,204293.1860110000,424703.2745483323,424703.2745483323,1,SRM-USDT
2022-01-27 10:00:00,1643248800000,2.0612000000,2.0620000000,2.0410000000,2.0590000000,109151.9292890000,223956.6185626443,223956.6185626443,1,SRM-USDT
2022-01-27 11:00:00,1643252400000,2.0596000000,2.0736000000,2.0309000000,2.0456000000,113686.8706830000,233084.8769867484,233084.8769867484,1,SRM-USDT
2022-01-27 12:00:00,1643256000000,2.0425000000,2.0582000000,2.0359000000,2.0480000000,91778.6106960000,187793.3031333000,187793.3031333000,1,SRM-USDT
2022-01-27 13:00:00,1643259600000,2.0460000000,2.0597000000,2.0371000000,2.0403000000,82001.1973260000,167847.4097449962,167847.4097449962,1,SRM-USDT
2022-01-27 14:00:00,1643263200000,2.0390000000,2.0534000000,2.0357000000,2.0476000000,63775.2370540000,130351.0722143071,130351.0722143071,1,SRM-USDT
2022-01-27 15:00:00,1643266800000,2.0479000000,2.0652000000,2.0367000000,2.0527000000,90116.2886260000,185282.4825775732,185282.4825775732,1,SRM-USDT
2022-01-27 16:00:00,1643270400000,2.0538000000,2.0804000000,2.0366000000,2.0768000000,140356.2835380000,288544.2376298314,288544.2376298314,1,SRM-USDT
2022-01-27 17:00:00,1643274000000,2.0795000000,2.0888000000,2.0712000000,2.0806000000,93387.3189310000,194512.9588695302,194512.9588695302,1,SRM-USDT
2022-01-27 18:00:00,1643277600000,2.0813000000,2.0881000000,2.0715000000,2.0763000000,145923.6704540000,303627.3312923781,303627.3312923781,1,SRM-USDT
2022-01-27 19:00:00,1643281200000,2.0805000000,2.1180000000,2.0778000000,2.1174000000,84592.8372370000,177306.8616979949,177306.8616979949,1,SRM-USDT
2022-01-27 20:00:00,1643284800000,2.1183000000,2.1330000000,2.1135000000,2.1165000000,82240.6549870000,174574.8576273658,174574.8576273658,1,SRM-USDT
2022-01-27 21:00:00,1643288400000,2.1171000000,2.1346000000,2.1105000000,2.1337000000,73255.0444170000,155804.7201973202,155804.7201973202,1,SRM-USDT
2022-01-27 22:00:00,1643292000000,2.1345000000,2.1717000000,2.1298000000,2.1509000000,173145.4319380000,372346.0857658711,372346.0857658711,1,SRM-USDT
2022-01-27 23:00:00,1643295600000,2.1487000000,2.1589000000,2.1243000000,2.1434000000,109248.9062110000,234197.7414157386,234197.7414157386,1,SRM-USDT
2022-01-28 00:00:00,1643299200000,2.1441000000,2.1569000000,2.1203000000,2.1412000000,105451.9619080000,225724.7268428617,225724.7268428617,1,SRM-USDT
2022-01-28 01:00:00,1643302800000,2.1388000000,2.1452000000,2.1074000000,2.1334000000,72105.7518490000,152986.1886708621,152986.1886708621,1,SRM-USDT
2022-01-28 02:00:00,1643306400000,2.1328000000,2.1401000000,2.1000000000,2.1158000000,112794.7712540000,238414.6610107036,238414.6610107036,1,SRM-USDT
2022-01-28 03:00:00,1643310000000,2.1161000000,2.1295000000,2.0827000000,2.0962000000,76894.3596070000,161982.8209148066,161982.8209148066,1,SRM-USDT
2022-01-28 04:00:00,1643313600000,2.0950000000,2.1154000000,2.0483000000,2.0518000000,147807.3339030000,306559.7053441170,306559.7053441170,1,SRM-USDT
2022-01-28 05:00:00,1643317200000,2.0530000000,2.0777000000,2.0419000000,2.0716000000,152402.8713810000,313576.4961404898,313576.4961404898,1,SRM-USDT
2022-01-28 06:00:00,1643320800000,2.0723000000,2.1102000000,2.0471000000,2.0874000000,150595.2094270000,312194.6222990808,312194.6222990808,1,SRM-USDT
2022-01-28 07:00:00,1643324400000,2.0879000000,2.1235000000,2.0863000000,2.1224000000,116867.4662670000,246194.7516284404,246194.7516284404,1,SRM-USDT
2022-01-28 08:00:00,1643328000000,2.1207000000,2.1349000000,2.1012000000,2.1338000000,131407.5116460000,278293.8918157436,278293.8918157436,1,SRM-USDT
2022-01-28 09:00:00,1643331600000,2.1343000000,2.1676000000,2.1018000000,2.1155000000,180707.1583560000,386496.1719336797,386496.1719336797,1,SRM-USDT
2022-01-28 10:00:00,1643335200000,2.1159000000,2.1361000000,2.0858000000,2.1307000000,135551.8233490000,285719.2483136596,285719.2483136596,1,SRM-USDT
2022-01-28 11:00:00,1643338800000,2.1296000000,2.1627000000,2.1277000000,2.1568000000,98303.1705700000,211379.4923604986,211379.4923604986,1,SRM-USDT
2022-01-28 12:00:00,1643342400000,2.1602000000,2.1652000000,2.1280000000,2.1405000000,57835.7716500000,124131.2998702760,124131.2998702760,1,SRM-USDT
2022-01-28 13:00:00,1643346000000,2.1390000000,2.1573000000,2.1319000000,2.1517000000,66230.6717320000,142182.8577767474,142182.8577767474,1,SRM-USDT
2022-01-28 14:00:00,1643349600000,2.1529000000,2.1768000000,2.1365000000,2.1381000000,94942.3853710000,205131.6206948567,205131.6206948567,1,SRM-USDT
2022-01-28 15:00:00,1643353200000,2.1359000000,2.1529000000,2.1228000000,2.1255000000,96956.4581400000,206923.6677825792,206923.6677825792,1,SRM-USDT
2022-01-28 16:00:00,1643356800000,2.1244000000,2.1903000000,2.1193000000,2.1586000000,310793.5294400000,668174.3705775890,668174.3705775890,1,SRM-USDT
2022-01-28 17:00:00,1643360400000,2.1582000000,2.1603000000,2.1236000000,2.1275000000,111293.7938090000,238513.2852072853,238513.2852072853,1,SRM-USDT
2022-01-28 18:00:00,1643364000000,2.1274000000,2.1332000000,2.1107000000,2.1308000000,95950.2524370000,203941.2130902306,203941.2130902306,1,SRM-USDT
2022-01-28 19:00:00,1643367600000,2.1282000000,2.1329000000,2.0909000000,2.1199000000,106509.2452850000,224630.2626365295,224630.2626365295,1,SRM-USDT
2022-01-28 20:00:00,1643371200000,2.1199000000,2.1244000000,2.0869000000,2.0995000000,45015.1104060000,94684.3518295269,94684.3518295269,1,SRM-USDT
2022-01-28 21:00:00,1643374800000,2.0997000000,2.1392000000,2.0939000000,2.1343000000,94801.3166590000,200867.2821470887,200867.2821470887,1,SRM-USDT
2022-01-28 22:00:00,1643378400000,2.1365000000,2.1571000000,2.1117000000,2.1252000000,85990.9254820000,183687.3947945817,183687.3947945817,1,SRM-USDT
2022-01-28 23:00:00,1643382000000,2.1244000000,2.1675000000,2.1139000000,2.1613000000,86727.2809410000,186061.7354650557,186061.7354650557,1,SRM-USDT
2022-01-29 00:00:00,1643385600000,2.1620000000,2.1861000000,2.1561000000,2.1576000000,95919.1303040000,208278.2221081269,208278.2221081269,1,SRM-USDT
2022-01-29 01:00:00,1643389200000,2.1574000000,2.1709000000,2.1381000000,2.1407000000,86853.9989770000,186985.8663579299,186985.8663579299,1,SRM-USDT
2022-01-29 02:00:00,1643392800000,2.1398000000,2.1891000000,2.1395000000,2.1793000000,93745.2546080000,203391.2810079547,203391.2810079547,1,SRM-USDT
2022-01-29 03:00:00,1643396400000,2.1792000000,2.1844000000,2.1508000000,2.1712000000,91046.0152430000,197394.4977452333,197394.4977452333,1,SRM-USDT
2022-01-29 04:00:00,1643400000000,2.1707000000,2.2015000000,2.1609000000,2.1909000000,142895.0779940000,311547.8613679451,311547.8613679451,1,SRM-USDT
2022-01-29 05:00:00,1643403600000,2.1916000000,2.2146000000,2.1916000000,2.1969000000,66678.5952110000,146979.8013240420,146979.8013240420,1,SRM-USDT
2022-01-29 06:00:00,1643407200000,2.1982000000,2.2041000000,2.1855000000,2.1869000000,52062.0753450000,114414.0228089656,114414.0228089656,1,SRM-USDT
2022-01-29 07:00:00,1643410800000,2.1876000000,2.2066000000,2.1876000000,2.1987000000,31484.3078620000,69251.9493493136,69251.9493493136,1,SRM-USDT
2022-01-29 08:00:00,1643414400000,2.1980000000,2.2278000000,2.1945000000,2.2247000000,105865.7304070000,234521.1259723724,234521.1259723724,1,SRM-USDT
2022-01-29 09:00:00,1643418000000,2.2245000000,2.2378000000,2.2001000000,2.2093000000,76023.9453900000,168780.7593280661,168780.7593280661,1,SRM-USDT
2022-01-29 10:00:00,1643421600000,2.2092000000,2.2225000000,2.2063000000,2.2120000000,52593.7554160000,116535.3644902152,116535.3644902152,1,SRM-USDT
2022-01-29 11:00:00,1643425200000,2.2135000000,2.2359000000,2.2129000000,2.2331000000,77227.2183580000,172004.4478198022,172004.4478198022,1,SRM-USDT
2022-01-29 12:00:00,1643428800000,2.2326000000,2.2447000000,2.2320000000,2.2418000000,31524.4711150000,70528.4171877898,70528.4171877898,1,SRM-USDT
2022-01-29 13:00:00,1643432400000,2.2375000000,2.2387000000,2.2317000000,2.2370000000,25398.2262880000,56755.6065699938,56755.6065699938,1,SRM-USDT
2022-01-29 14:00:00,1643436000000,2.2380000000,2.2488000000,2.2370000000,2.2431000000,38844.0688930000,87054.4799388291,87054.4799388291,1,SRM-USDT
2022-01-29 15:00:00,1643439600000,2.2422000000,2.2646000000,2.2405000000,2.2646000000,39126.9934200000,88210.1482096866,88210.1482096866,1,SRM-USDT
2022-01-29 16:00:00,1643443200000,2.2645000000,2.2692000000,2.2421000000,2.2456000000,37650.6282000000,84808.3741050207,84808.3741050207,1,SRM-USDT
2022-01-29 17:00:00,1643446800000,2.2468000000,2.2472000000,2.2191000000,2.2472000000,59395.9325860000,132524.7673508448,132524.7673508448,1,SRM-USDT
2022-01-29 18:00:00,1643450400000,2.2461000000,2.2541000000,2.2306000000,2.2505000000,32659.9834330000,73190.8665122467,73190.8665122467,1,SRM-USDT
2022-01-29 19:00:00,1643454000000,2.2497000000,2.2651000000,2.2387000000,2.2637000000,70613.5620280000,159058.1531138065,159058.1531138065,1,SRM-USDT
2022-01-29 20:00:00,1643457600000,2.2637000000,2.2938000000,2.2629000000,2.2742000000,117818.5190340000,268825.1366777762,268825.1366777762,1,SRM-USDT
2022-01-29 21:00:00,1643461200000,2.2743000000,2.2969000000,2.2583000000,2.2950000000,61742.9698570000,140677.3369499335,140677.3369499335,1,SRM-USDT
2022-01-29 22:00:00,1643464800000,2.2956000000,2.2962000000,2.2389000000,2.2468000000,92191.1242640000,209741.7946820159,209741.7946820159,1,SRM-USDT
2022-01-29 23:00:00,1643468400000,2.2419000000,2.2562000000,2.2198000000,2.2359000000,94708.8590290000,212193.6297186244,212193.6297186244,1,SRM-USDT
2022-01-30 00:00:00,1643472000000,2.2367000000,2.2399000000,2.2106000000,2.2336000000,91417.7774410000,203326.9182580278,203326.9182580278,1,SRM-USDT
2022-01-30 01:00:00,1643475600000,2.2342000000,2.2411000000,2.2206000000,2.2251000000,89388.6794510000,199469.3601319973,199469.3601319973,1,SRM-USDT
2022-01-30 02:00:00,1643479200000,2.2271000000,2.2683000000,2.2198000000,2.2547000000,94165.7359390000,211430.9763821588,211430.9763821588,1,SRM-USDT
2022-01-30 03:00:00,1643482800000,2.2568000000,2.2662000000,2.2506000000,2.2624000000,72888.5257380000,164657.6161912601,164657.6161912601,1,SRM-USDT
2022-01-30 04:00:00,1643486400000,2.2622000000,2.2989000000,2.2514000000,2.2602000000,152897.0352560000,347805.8201380950,347805.8201380950,1,SRM-USDT
2022-01-30 05:00:00,1643490000000,2.2613000000,2.2875000000,2.2557000000,2.2738000000,105155.7897970000,239346.1870883332,239346.1870883332,1,SRM-USDT
2022-01-30 06:00:00,1643493600000,2.2743000000,2.2842000000,2.2606000000,2.2644000000,47303.9945410000,107403.6898972241,107403.6898972241,1,SRM-USDT
2022-01-30 07:00:00,1643497200000,2.2644000000,2.2644000000,2.2434000000,2.2571000000,170600.7370720000,384525.2702975772,384525.2702975772,1,SRM-USDT
2022-01-30 08:00:00,1643500800000,2.2587000000,2.2684000000,2.2183000000,2.2254000000,95338.6068330000,213549.4510731895,213549.4510731895,1,SRM-USDT
2022-01-30 09:00:00,1643504400000,2.2234000000,2.2417000000,2.2224000000,2.2383000000,66976.9682760000,149616.5451318998,149616.5451318998,1,SRM-USDT
2022-01-30 10:00:00,1643508000000,2.2383000000,2.2647000000,2.2344000000,2.2637000000,127637.8664740000,287363.4833275332,287363.4833275332,1,SRM-USDT
2022-01-30 11:00:00,1643511600000,2.2659000000,2.2782000000,2.2645000000,2.2690000000,80202.3755310000,182257.9793807453,182257.9793807453,1,SRM-USDT
2022-01-30 12:00:00,1643515200000,2.2687000000,2.3035000000,2.2687000000,2.3003000000,92536.8908020000,211870.0953389986,211870.0953389986,1,SRM-USDT
2022-01-30 13:00:00,1643518800000,2.3027000000,2.3168000000,2.2982000000,2.3103000000,74123.1376800000,170971.1718761392,170971.1718761392,1,SRM-USDT
2022-01-30 14:00:00,1643522400000,2.3100000000,2.3212000000,2.3028000000,2.3211000000,81779.0831970000,189087.4185524327,189087.4185524327,1,SRM-USDT
2022-01-30 15:00:00,1643526000000,2.3208000000,2.3332000000,2.3156000000,2.3274000000,80969.1529260000,188051.6893313519,188051.6893313519,1,SRM-USDT
2022-01-30 16:00:00,1643529600000,2.3266000000,2.3330000000,2.2828000000,2.2871000000,94484.3470580000,217837.1098562142,217837.1098562142,1,SRM-USDT
2022-01-30 17:00:00,1643533200000,2.2879000000,2.2969000000,2.2761000000,2.2837000000,63102.3045480000,144188.3048095776,144188.3048095776,1,SRM-USDT
2022-01-30 18:00:00,1643536800000,2.2815000000,2.3400000000,2.2762000000,2.3226000000,90221.6625600000,208292.0156833332,208292.0156833332,1,SRM-USDT
2022-01-30 19:00:00,1643540400000,2.3221000000,2.3679000000,2.3059000000,2.3511000000,248360.8333630000,581622.1271400845,581622.1271400845,1,SRM-USDT
2022-01-30 20:00:00,1643544000000,2.3518000000,2.3618000000,2.3195000000,2.3239000000,235103.3518450000,550904.3889372265,550904.3889372265,1,SRM-USDT
2022-01-30 21:00:00,1643547600000,2.3235000000,2.3254000000,2.3028000000,2.3183000000,97175.7565150000,224881.6436233770,224881.6436233770,1,SRM-USDT
2022-01-30 22:00:00,1643551200000,2.3166000000,2.3189000000,2.2714000000,2.3042000000,142261.7249040000,325922.4913036077,325922.4913036077,1,SRM-USDT
2022-01-30 23:00:00,1643554800000,2.3042000000,2.3482000000,2.2926000000,2.3314000000,175867.3443210000,408782.4655622896,408782.4655622896,1,SRM-USDT
2022-01-31 00:00:00,1643558400000,2.3326000000,2.3373000000,2.3051000000,2.3111000000,100475.2195140000,233420.5800078270,233420.5800078270,1,SRM-USDT
2022-01-31 01:00:00,1643562000000,2.3101000000,2.3258000000,2.3016000000,2.3168000000,99205.5222390000,229591.1840709594,229591.1840709594,1,SRM-USDT
2022-01-31 02:00:00,1643565600000,2.3174000000,2.3174000000,2.2987000000,2.3037000000,65898.6718130000,152022.0771110466,152022.0771110466,1,SRM-USDT
2022-01-31 03:00:00,1643569200000,2.3038000000,2.3038000000,2.2516000000,2.2658000000,135334.5734450000,307286.8063257234,307286.8063257234,1,SRM-USDT
2022-01-31 04:00:00,1643572800000,2.2643000000,2.2847000000,2.2506000000,2.2727000000,70631.0420270000,160447.9181081342,160447.9181081342,1,SRM-USDT
2022-01-31 05:00:00,1643576400000,2.2740000000,2.2758000000,2.2558000000,2.2687000000,51689.1996460000,117069.5666792933,117069.5666792933,1,SRM-USDT
2022-01-31 06:00:00,1643580000000,2.2698000000,2.3136000000,2.2572000000,2.3006000000,69297.3658090000,158020.4087543534,158020.4087543534,1,SRM-USDT
2022-01-31 07:00:00,1643583600000,2.3024000000,2.3350000000,2.2974000000,2.3060000000,141881.1858450000,328384.3603277164,328384.3603277164,1,SRM-USDT
2022-01-31 08:00:00,1643587200000,2.3051000000,2.3103000000,2.2193000000,2.2222000000,194354.4862160000,438857.5691740163,438857.5691740163,1,SRM-USDT
2022-01-31 09:00:00,1643590800000,2.2209000000,2.2335000000,2.2119000000,2.2122000000,116855.3766580000,259676.4785215418,259676.4785215418,1,SRM-USDT
2022-01-31 10:00:00,1643594400000,2.2119000000,2.2338000000,2.1810000000,2.2273000000,122352.8106980000,270746.9425321551,270746.9425321551,1,SRM-USDT
2022-01-31 11:00:00,1643598000000,2.2270000000,2.2373000000,2.2193000000,2.2263000000,83391.3640660000,185873.4073902568,185873.4073902568,1,SRM-USDT
2022-01-31 12:00:00,1643601600000,2.2259000000,2.2259000000,2.1903000000,2.2023000000,64709.9936640000,142981.6766124946,142981.6766124946,1,SRM-USDT
2022-01-31 13:00:00,1643605200000,2.2017000000,2.2096000000,2.1971000000,2.2058000000,40449.9027080000,89170.6834542599,89170.6834542599,1,SRM-USDT
2022-01-31 14:00:00,1643608800000,2.2074000000,2.2177000000,2.2028000000,2.2107000000,49028.6054850000,108395.6141170007,108395.6141170007,1,SRM-USDT
2022-01-31 15:00:00,1643612400000,2.2096000000,2.2260000000,2.2083000000,2.2260000000,62948.7213860000,139722.1292748129,139722.1292748129,1,SRM-USDT
2022-01-31 16:00:00,1643616000000,2.2240000000,2.2336000000,2.2210000000,2.2301000000,57490.0703010000,128044.7524017756,128044.7524017756,1,SRM-USDT
2022-01-31 17:00:00,1643619600000,2.2306000000,2.2381000000,2.2186000000,2.2361000000,45961.9411690000,102389.4360059366,102389.4360059366,1,SRM-USDT
2022-01-31 18:00:00,1643623200000,2.2351000000,2.2417000000,2.2277000000,2.2393000000,62504.7655850000,139548.3908572644,139548.3908572644,1,SRM-USDT
2022-01-31 19:00:00,1643626800000,2.2382000000,2.2429000000,2.2030000000,2.2308000000,72147.9968430000,160658.9920014682,160658.9920014682,1,SRM-USDT
2022-01-31 20:00:00,1643630400000,2.2297000000,2.2400000000,2.2024000000,2.2221000000,107765.5353230000,238919.6504218604,238919.6504218604,1,SRM-USDT
2022-01-31 21:00:00,1643634000000,2.2213000000,2.2322000000,2.2047000000,2.2305000000,56463.3787530000,125451.3726981942,125451.3726981942,1,SRM-USDT
2022-01-31 22:00:00,1643637600000,2.2300000000,2.2425000000,2.2173000000,2.2423000000,124456.9203630000,277407.7875675470,277407.7875675470,1,SRM-USDT
2022-01-31 23:00:00,1643641200000,2.2415000000,2.2816000000,2.2415000000,2.2616000000,164368.6377310000,371537.7284346644,371537.7284346644,1,SRM-USDT
2022-02-01 00:00:00,1643644800000,2.2627000000,2.3012000000,2.2564000000,2.2945000000,239598.6525520000,546664.9367095447,546664.9367095447,1,SRM-USDT
2022-02-01 01:00:00,1643648400000,2.2943000000,2.3003000000,2.2803000000,2.2951000000,209804.8688400000,480713.1484847293,480713.1484847293,1,SRM-USDT
2022-02-01 02:00:00,1643652000000,2.2956000000,2.3043000000,2.2798000000,2.2813000000,120315.0548800000,275566.2195877672,275566.2195877672,1,SRM-USDT
2022-02-01 03:00:00,1643655600000,2.2826000000,2.2993000000,2.2781000000,2.2859000000,110446.2658670000,252764.1269459748,252764.1269459748,1,SRM-USDT
2022-02-01 04:00:00,1643659200000,2.2865000000,2.2954000000,2.2706000000,2.2881000000,142651.3998370000,325880.7680918488,325880.7680918488,1,SRM-USDT
2022-02-01 05:00:00,1643662800000,2.2870000000,2.2980000000,2.2817000000,2.2911000000,100040.4846330000,229252.4970439513,229252.4970439513,1,SRM-USDT
2022-02-01 06:00:00,1643666400000,2.2905000000,2.3046000000,2.2889000000,2.3036000000,114277.6673950000,262678.1930489797,262678.1930489797,1,SRM-USDT
2022-02-01 07:00:00,1643670000000,2.3033000000,2.3181000000,2.3012000000,2.3126000000,55141.4964570000,127346.9178946104,127346.9178946104,1,SRM-USDT
2022-02-01 08:00:00,1643673600000,2.3116000000,2.3294000000,2.2982000000,2.3020000000,77671.3238780000,179450.3320699982,179450.3320699982,1,SRM-USDT
2022-02-01 09:00:00,1643677200000,2.3015000000,2.3250000000,2.2989000000,2.3129000000,57523.3332470000,132973.6154692521,132973.6154692521,1,SRM-USDT
2022-02-01 10:00:00,1643680800000,2.3141000000,2.3652000000,2.3110000000,2.3514000000,227373.6656750000,533144.3412708660,533144.3412708660,1,SRM-USDT
2022-02-01 11:00:00,1643684400000,2.3521000000,2.4069000000,2.3449000000,2.3980000000,200911.8381610000,478596.8708194428,478596.8708194428,1,SRM-USDT
2022-02-01 12:00:00,1643688000000,2.3982000000,2.3982000000,2.3638000000,2.3797000000,148845.4558950000,354093.8600387042,354093.8600387042,1,SRM-USDT
2022-02-01 13:00:00,1643691600000,2.3836000000,2.3849000000,2.3639000000,2.3639000000,46974.3901240000,111568.5338049741,111568.5338049741,1,SRM-USDT
2022-02-01 14:00:00,1643695200000,2.3638000000,2.3672000000,2.3487000000,2.3545000000,81994.4156250000,193363.5080469110,193363.5080469110,1,SRM-USDT
2022-02-01 15:00:00,1643698800000,2.3554000000,2.3623000000,2.3552000000,2.3619000000,62384.6266720000,147126.4134519439,147126.4134519439,1,SRM-USDT
2022-02-01 16:00:00,1643702400000,2.3590000000,2.4020000000,2.3566000000,2.3938000000,116160.5421300000,276969.9354427162,276969.9354427162,1,SRM-USDT
2022-02-01 17:00:00,1643706000000,2.3905000000,2.4092000000,2.3346000000,2.3459000000,171145.3403130000,406195.0400601958,406195.0400601958,1,SRM-USDT
2022-02-01 18:00:00,1643709600000,2.3450000000,2.3618000000,2.3370000000,2.3539000000,69837.7175330000,164199.2958083608,164199.2958083608,1,SRM-USDT
2022-02-01 19:00:00,1643713200000,2.3568000000,2.3721000000,2.3513000000,2.3661000000,32634.6263210000,77181.2027196488,77181.2027196488,1,SRM-USDT
2022-02-01 20:00:00,1643716800000,2.3662000000,2.3747000000,2.3595000000,2.3732000000,67062.5787510000,158743.1244210032,158743.1244210032,1,SRM-USDT
2022-02-01 21:00:00,1643720400000,2.3727000000,2.3828000000,2.3463000000,2.3740000000,116433.3242060000,275752.2678236915,275752.2678236915,1,SRM-USDT
2022-02-01 22:00:00,1643724000000,2.3724000000,2.4040000000,2.3429000000,2.3614000000,174608.8530900000,414309.0814122335,414309.0814122335,1,SRM-USDT
2022-02-01 23:00:00,1643727600000,2.3594000000,2.3598000000,2.3349000000,2.3580000000,130214.6721960000,305772.9660834540,305772.9660834540,1,SRM-USDT
2022-02-02 00:00:00,1643731200000,2.3581000000,2.4106000000,2.3543000000,2.4003000000,158363.1722050000,377171.0988255223,377171.0988255223,1,SRM-USDT
2022-02-02 01:00:00,1643734800000,2.4014000000,2.4014000000,2.3644000000,2.3758000000,93531.0708740000,222619.9664023839,222619.9664023839,1,SRM-USDT
2022-02-02 02:00:00,1643738400000,2.3759000000,2.3876000000,2.3573000000,2.3612000000,81302.8758010000,193193.8378057813,193193.8378057813,1,SRM-USDT
2022-02-02 03:00:00,1643742000000,2.3611000000,2.3676000000,2.3341000000,2.3368000000,78226.7293570000,183916.0994806151,183916.0994806151,1,SRM-USDT
2022-02-02 04:00:00,1643745600000,2.3365000000,2.3629000000,2.3365000000,2.3451000000,112700.0066230000,265304.1361886537,265304.1361886537,1,SRM-USDT
2022-02-02 05:00:00,1643749200000,2.3446000000,2.3797000000,2.3446000000,2.3797000000,74315.9598680000,175628.8899442009,175628.8899442009,1,SRM-USDT
2022-02-02 06:00:00,1643752800000,2.3765000000,2.3851000000,2.3560000000,2.3684000000,81400.7126180000,193061.6353953921,193061.6353953921,1,SRM-USDT
2022-02-02 07:00:00,1643756400000,2.3692000000,2.3815000000,2.3576000000,2.3652000000,97049.2950330000,230072.2851034732,230072.2851034732,1,SRM-USDT
2022-02-02 08:00:00,1643760000000,2.3659000000,2.3780000000,2.3455000000,2.3565000000,104024.3476630000,245680.2622918980,245680.2622918980,1,SRM-USDT
2022-02-02 09:00:00,1643763600000,2.3564000000,2.3667000000,2.3225000000,2.3322000000,75051.3310050000,175745.9907751264,175745.9907751264,1,SRM-USDT
2022-02-02 10:00:00,1643767200000,2.3341000000,2.3581000000,2.3297000000,2.3554000000,63661.4434040000,149524.2915119361,149524.2915119361,1,SRM-USDT
2022-02-02 11:00:00,1643770800000,2.3553000000,2.3738000000,2.3548000000,2.3694000000,54756.4983220000,129588.9868994758,129588.9868994758,1,SRM-USDT
2022-02-02 12:00:00,1643774400000,2.3675000000,2.3856000000,2.3560000000,2.3780000000,89509.2637510000,212069.8580783312,212069.8580783312,1,SRM-USDT
2022-02-02 13:00:00,1643778000000,2.3766000000,2.3791000000,2.3695000000,2.3759000000,35586.9891030000,84491.7811459124,84491.7811459124,1,SRM-USDT
2022-02-02 14:00:00,1643781600000,2.3766000000,2.3887000000,2.3525000000,2.3709000000,75371.2615210000,178907.6696347820,178907.6696347820,1,SRM-USDT
2022-02-02 15:00:00,1643785200000,2.3705000000,2.3895000000,2.3621000000,2.3732000000,63276.7950130000,150543.4619554561,150543.4619554561,1,SRM-USDT
2022-02-02 16:00:00,1643788800000,2.3689000000,2.4116000000,2.3639000000,2.4116000000,152977.1165610000,365759.8878857848,365759.8878857848,1,SRM-USDT
2022-02-02 17:00:00,1643792400000,2.4117000000,2.4634000000,2.4117000000,2.4251000000,249214.3155930000,606440.1400587828,606440.1400587828,1,SRM-USDT
2022-02-02 18:00:00,1643796000000,2.4215000000,2.4225000000,2.4052000000,2.4131000000,66237.2261360000,159855.3912371849,159855.3912371849,1,SRM-USDT
2022-02-02 19:00:00,1643799600000,2.4123000000,2.4160000000,2.4087000000,2.4126000000,43538.3923630000,105044.6399458506,105044.6399458506,1,SRM-USDT
2022-02-02 20:00:00,1643803200000,2.4118000000,2.4372000000,2.4094000000,2.4307000000,81746.9504880000,198312.7873068184,198312.7873068184,1,SRM-USDT
2022-02-02 21:00:00,1643806800000,2.4324000000,2.4497000000,2.4085000000,2.4105000000,110422.8631320000,268682.8528399737,268682.8528399737,1,SRM-USDT
2022-02-02 22:00:00,1643810400000,2.4106000000,2.4182000000,2.3036000000,2.3216000000,318774.6481810000,751794.9780176188,751794.9780176188,1,SRM-USDT
2022-02-02 23:00:00,1643814000000,2.3216000000,2.3358000000,2.2935000000,2.2962000000,281708.0608000000,652777.9987457626,652777.9987457626,1,SRM-USDT
2022-02-03 00:00:00,1643817600000,2.2951000000,2.3020000000,2.2626000000,2.2977000000,195873.3154790000,447230.2451903059,447230.2451903059,1,SRM-USDT
2022-02-03 01:00:00,1643821200000,2.2948000000,2.3087000000,2.2881000000,2.3087000000,96255.2680760000,221099.7881238539,221099.7881238539,1,SRM-USDT
2022-02-03 02:00:00,1643824800000,2.3098000000,2.3243000000,2.3023000000,2.3243000000,81967.1939760000,189330.8913266596,189330.8913266596,1,SRM-USDT
2022-02-03 03:00:00,1643828400000,2.3248000000,2.3479000000,2.3202000000,2.3421000000,88746.2730380000,207472.3013675800,207472.3013675800,1,SRM-USDT
2022-02-03 04:00:00,1643832000000,2.3418000000,2.3418000000,2.3061000000,2.3286000000,113201.2483200000,263066.8345637882,263066.8345637882,1,SRM-USDT
2022-02-03 05:00:00,1643835600000,2.3292000000,2.3336000000,2.2338000000,2.2661000000,192609.1539450000,438051.5207934744,438051.5207934744,1,SRM-USDT
2022-02-03 06:00:00,1643839200000,2.2657000000,2.2873000000,2.2460000000,2.2634000000,109146.9283340000,247325.3470825984,247325.3470825984,1,SRM-USDT
2022-02-03 07:00:00,1643842800000,2.2655000000,2.2792000000,2.2497000000,2.2578000000,106975.0685340000,241999.4556248080,241999.4556248080,1,SRM-USDT
2022-02-03 08:00:00,1643846400000,2.2595000000,2.2704000000,2.2423000000,2.2492000000,107662.6721310000,243024.1448804160,243024.1448804160,1,SRM-USDT
2022-02-03 09:00:00,1643850000000,2.2510000000,2.2590000000,2.2074000000,2.2240000000,68831.0158990000,153962.6025098534,153962.6025098534,1,SRM-USDT
2022-02-03 10:00:00,1643853600000,2.2204000000,2.2417000000,2.2131000000,2.2380000000,58065.5172870000,129260.2036226807,129260.2036226807,1,SRM-USDT
2022-02-03 11:00:00,1643857200000,2.2378000000,2.2400000000,2.2130000000,2.2188000000,57046.0713850000,126983.9369213029,126983.9369213029,1,SRM-USDT
2022-02-03 12:00:00,1643860800000,2.2167000000,2.2344000000,2.2141000000,2.2304000000,41778.1454950000,93035.1094178600,93035.1094178600,1,SRM-USDT
2022-02-03 13:00:00,1643864400000,2.2306000000,2.2478000000,2.2208000000,2.2412000000,87078.3617810000,194633.0567547024,194633.0567547024,1,SRM-USDT
2022-02-03 14:00:00,1643868000000,2.2375000000,2.2392000000,2.2233000000,2.2307000000,62719.1757520000,140034.2793288024,140034.2793288024,1,SRM-USDT
2022-02-03 15:00:00,1643871600000,2.2281000000,2.2461000000,2.2281000000,2.2429000000,37384.0149150000,83728.9634407036,83728.9634407036,1,SRM-USDT
2022-02-03 16:00:00,1643875200000,2.2424000000,2.2527000000,2.2398000000,2.2475000000,69580.2163370000,156373.8751158028,156373.8751158028,1,SRM-USDT
2022-02-03 17:00:00,1643878800000,2.2475000000,2.2481000000,2.1957000000,2.1989000000,83499.5563110000,186071.8389110126,186071.8389110126,1,SRM-USDT
2022-02-03 18:00:00,1643882400000,2.1984000000,2.2004000000,2.1634000000,2.1888000000,190414.5525040000,415670.9449618086,415670.9449618086,1,SRM-USDT
2022-02-03 19:00:00,1643886000000,2.1890000000,2.2193000000,2.1831000000,2.2177000000,98721.8478560000,217504.5061390173,217504.5061390173,1,SRM-USDT
2022-02-03 20:00:00,1643889600000,2.2180000000,2.2180000000,2.1722000000,2.2090000000,124627.7628270000,273409.1032639201,273409.1032639201,1,SRM-USDT
2022-02-03 21:00:00,1643893200000,2.2064000000,2.2104000000,2.1843000000,2.1991000000,84656.6611020000,186274.5197343091,186274.5197343091,1,SRM-USDT
2022-02-03 22:00:00,1643896800000,2.2003000000,2.2141000000,2.1927000000,2.2024000000,117900.2832710000,259850.4224269708,259850.4224269708,1,SRM-USDT
2022-02-03 23:00:00,1643900400000,2.2011000000,2.2386000000,2.2009000000,2.2276000000,85572.4801430000,190246.2512985543,190246.2512985543,1,SRM-USDT
2022-02-04 00:00:00,1643904000000,2.2248000000,2.2426000000,2.2030000000,2.2032000000,65293.2252290000,145285.1602673805,145285.1602673805,1,SRM-USDT
2022-02-04 01:00:00,1643907600000,2.2030000000,2.2117000000,2.1880000000,2.2117000000,64197.3623650000,141215.5387090617,141215.5387090617,1,SRM-USDT
2022-02-04 02:00:00,1643911200000,2.2092000000,2.2096000000,2.1970000000,2.1980000000,43385.0278740000,95509.9553612462,95509.9553612462,1,SRM-USDT
2022-02-04 03:00:00,1643914800000,2.1997000000,2.2051000000,2.1766000000,2.1883000000,84134.8847940000,184048.7855621669,184048.7855621669,1,SRM-USDT
2022-02-04 04:00:00,1643918400000,2.1880000000,2.1999000000,2.1756000000,2.1868000000,48612.1520980000,106331.9962466130,106331.9962466130,1,SRM-USDT
2022-02-04 05:00:00,1643922000000,2.1912000000,2.2449000000,2.1912000000,2.2340000000,120945.4571150000,269023.8899557158,269023.8899557158,1,SRM-USDT
2022-02-04 06:00:00,1643925600000,2.2341000000,2.2455000000,2.2287000000,2.2370000000,46370.8665620000,103689.4238419956,103689.4238419956,1,SRM-USDT
2022-02-04 07:00:00,1643929200000,2.2347000000,2.2668000000,2.2315000000,2.2658000000,91339.1479630000,205063.5630257134,205063.5630257134,1,SRM-USDT
2022-02-04 08:00:00,1643932800000,2.2646000000,2.2648000000,2.2313000000,2.2379000000,83728.4648140000,187632.4158643837,187632.4158643837,1,SRM-USDT
2022-02-04 09:00:00,1643936400000,2.2364000000,2.2430000000,2.2301000000,2.2352000000,66746.3187590000,149274.3092039041,149274.3092039041,1,SRM-USDT
2022-02-04 10:00:00,1643940000000,2.2353000000,2.2533000000,2.2344000000,2.2479000000,66353.5491200000,148895.5972280544,148895.5972280544,1,SRM-USDT
2022-02-04 11:00:00,1643943600000,2.2473000000,2.2527000000,2.2449000000,2.2489000000,58464.4258420000,131516.7495019691,131516.7495019691,1,SRM-USDT
2022-02-04 12:00:00,1643947200000,2.2489000000,2.2514000000,2.2393000000,2.2437000000,31623.8371750000,70949.7521304253,70949.7521304253,1,SRM-USDT
2022-02-04 13:00:00,1643950800000,2.2438000000,2.2861000000,2.2420000000,2.2770000000,100312.5569990000,227718.2095516084,227718.2095516084,1,SRM-USDT
2022-02-04 14:00:00,1643954400000,2.2752000000,2.3023000000,2.2745000000,2.3010000000,65638.2655070000,150393.7185832218,150393.7185832218,1,SRM-USDT
2022-02-04 15:00:00,1643958000000,2.3011000000,2.3161000000,2.2950000000,2.3135000000,141479.7857930000,326510.1453443634,326510.1453443634,1,SRM-USDT
2022-02-04 16:00:00,1643961600000,2.3144000000,2.3306000000,2.3132000000,2.3264000000,75800.7594540000,176005.6188694678,176005.6188694678,1,SRM-USDT
2022-02-04 17:00:00,1643965200000,2.3275000000,2.3345000000,2.3184000000,2.3301000000,49850.0735610000,116025.6548932905,116025.6548932905,1,SRM-USDT
2022-02-04 18:00:00,1643968800000,2.3286000000,2.3378000000,2.3100000000,2.3182000000,66992.1612240000,155506.8902543864,155506.8902543864,1,SRM-USDT
2022-02-04 19:00:00,1643972400000,2.3157000000,2.3214000000,2.3129000000,2.3129000000,41787.1064990000,96833.6708185099,96833.6708185099,1,SRM-USDT
2022-02-04 20:00:00,1643976000000,2.3126000000,2.3212000000,2.3118000000,2.3139000000,70476.9054270000,163314.9672802289,163314.9672802289,1,SRM-USDT
2022-02-04 21:00:00,1643979600000,2.3157000000,2.3212000000,2.2660000000,2.2715000000,122394.4387660000,279806.1634385874,279806.1634385874,1,SRM-USDT
2022-02-04 22:00:00,1643983200000,2.2737000000,2.3053000000,2.2654000000,2.2917000000,89866.0641540000,205232.8531815716,205232.8531815716,1,SRM-USDT
2022-02-04 23:00:00,1643986800000,2.2935000000,2.3692000000,2.2928000000,2.3423000000,218075.7661990000,509224.8187011884,509224.8187011884,1,SRM-USDT
2022-02-05 00:00:00,1643990400000,2.3416000000,2.3780000000,2.3392000000,2.3607000000,281247.1501770000,664844.1467543798,664844.1467543798,1,SRM-USDT
2022-02-05 01:00:00,1643994000000,2.3626000000,2.3715000000,2.3546000000,2.3688000000,125311.8300840000,296206.7482981962,296206.7482981962,1,SRM-USDT
2022-02-05 02:00:00,1643997600000,2.3697000000,2.3752000000,2.3552000000,2.3630000000,83736.0332150000,197909.2129938116,197909.2129938116,1,SRM-USDT
2022-02-05 03:00:00,1644001200000,2.3636000000,2.3773000000,2.3552000000,2.3734000000,136263.1945690000,322251.9705302142,322251.9705302142,1,SRM-USDT
2022-02-05 04:00:00,1644004800000,2.3743000000,2.3825000000,2.3676000000,2.3726000000,88894.1321750000,211120.9670911874,211120.9670911874,1,SRM-USDT
2022-02-05 05:00:00,1644008400000,2.3707000000,2.4019000000,2.3683000000,2.3955000000,128501.0886630000,306267.0280791344,306267.0280791344,1,SRM-USDT
2022-02-05 06:00:00,1644012000000,2.3965000000,2.4005000000,2.3886000000,2.3985000000,83462.4976170000,199956.5984555587,199956.5984555587,1,SRM-USDT
2022-02-05 07:00:00,1644015600000,2.3985000000,2.4415000000,2.3957000000,2.4335000000,138870.1624760000,335723.7451270707,335723.7451270707,1,SRM-USDT
2022-02-05 08:00:00,1644019200000,2.4331000000,2.4735000000,2.4100000000,2.4439000000,264219.7015820000,645560.6347690364,645560.6347690364,1,SRM-USDT
2022-02-05 09:00:00,1644022800000,2.4421000000,2.4579000000,2.4280000000,2.4574000000,144796.8750600000,354177.5230243650,354177.5230243650,1,SRM-USDT
2022-02-05 10:00:00,1644026400000,2.4574000000,2.5095000000,2.4573000000,2.5095000000,194890.2125910000,484306.0516172083,484306.0516172083,1,SRM-USDT
2022-02-05 11:00:00,1644030000000,2.5098000000,2.5675000000,2.5098000000,2.5364000000,231716.9331870000,587499.2568840540,587499.2568840540,1,SRM-USDT
2022-02-05 12:00:00,1644033600000,2.5366000000,2.5580000000,2.5312000000,2.5463000000,145330.1171680000,369918.7483814560,369918.7483814560,1,SRM-USDT
2022-02-05 13:00:00,1644037200000,2.5462000000,2.5664000000,2.5411000000,2.5536000000,117590.2842070000,300391.1590920421,300391.1590920421,1,SRM-USDT
2022-02-05 14:00:00,1644040800000,2.5545000000,2.5693000000,2.5328000000,2.5390000000,196515.9412680000,502132.4592843424,502132.4592843424,1,SRM-USDT
2022-02-05 15:00:00,1644044400000,2.5376000000,2.5405000000,2.5071000000,2.5142000000,148450.9507710000,373920.2069188810,373920.2069188810,1,SRM-USDT
2022-02-05 16:00:00,1644048000000,2.5154000000,2.5385000000,2.5143000000,2.5310000000,122949.8753730000,310447.3814744550,310447.3814744550,1,SRM-USDT
2022-02-05 17:00:00,1644051600000,2.5306000000,2.5361000000,2.5129000000,2.5336000000,123073.8843800000,311260.3571702022,311260.3571702022,1,SRM-USDT
2022-02-05 18:00:00,1644055200000,2.5338000000,2.5435000000,2.5234000000,2.5435000000,105956.7134760000,268363.2960608984,268363.2960608984,1,SRM-USDT
2022-02-05 19:00:00,1644058800000,2.5428000000,2.5490000000,2.5278000000,2.5427000000,46898.1628610000,119189.5294689550,119189.5294689550,1,SRM-USDT
2022-02-05 20:00:00,1644062400000,2.5430000000,2.6065000000,2.5347000000,2.5736000000,231591.1344130000,594403.9808438731,594403.9808438731,1,SRM-USDT
2022-02-05 21:00:00,1644066000000,2.5722000000,2.5772000000,2.5590000000,2.5624000000,81670.9501960000,209663.2400173106,209663.2400173106,1,SRM-USDT
2022-02-05 22:00:00,1644069600000,2.5622000000,2.5886000000,2.5513000000,2.5656000000,85399.3958110000,219179.7427616398,219179.7427616398,1,SRM-USDT
2022-02-05 23:00:00,1644073200000,2.5660000000,2.5842000000,2.5465000000,2.5700000000,143844.2844980000,369757.6359596646,369757.6359596646,1,SRM-USDT
2022-02-06 00:00:00,1644076800000,2.5692000000,2.5751000000,2.5143000000,2.5180000000,131453.7139340000,334073.6316090488,334073.6316090488,1,SRM-USDT
2022-02-06 01:00:00,1644080400000,2.5188000000,2.5215000000,2.4682000000,2.5101000000,248779.4877240000,619823.4478882793,619823.4478882793,1,SRM-USDT
2022-02-06 02:00:00,1644084000000,2.5118000000,2.5175000000,2.4950000000,2.5057000000,83355.9216260000,208828.2076104527,208828.2076104527,1,SRM-USDT
2022-02-06 03:00:00,1644087600000,2.5052000000,2.5095000000,2.4888000000,2.5048000000,40689.7440550000,101788.8100055006,101788.8100055006,1,SRM-USDT
2022-02-06 04:00:00,1644091200000,2.5058000000,2.5247000000,2.4945000000,2.5247000000,39268.6438270000,98521.1558401006,98521.1558401006,1,SRM-USDT
2022-02-06 05:00:00,1644094800000,2.5249000000,2.5310000000,2.5198000000,2.5262000000,39500.6215680000,99806.3999349065,99806.3999349065,1,SRM-USDT
2022-02-06 06:00:00,1644098400000,2.5255000000,2.5420000000,2.5252000000,2.5367000000,59809.5334250000,151703.9216524713,151703.9216524713,1,SRM-USDT
2022-02-06 07:00:00,1644102000000,2.5371000000,2.5419000000,2.5277000000,2.5289000000,69403.9782780000,175907.2019774352,175907.2019774352,1,SRM-USDT
2022-02-06 08:00:00,1644105600000,2.5288000000,2.5667000000,2.5279000000,2.5598000000,122607.2835550000,312397.9455329109,312397.9455329109,1,SRM-USDT
2022-02-06 09:00:00,1644109200000,2.5594000000,2.6055000000,2.5594000000,2.5963000000,120941.0465090000,311929.6691937628,311929.6691937628,1,SRM-USDT
2022-02-06 10:00:00,1644112800000,2.5967000000,2.6066000000,2.5639000000,2.5746000000,145180.8694890000,376728.0963425105,376728.0963425105,1,SRM-USDT
2022-02-06 11:00:00,1644116400000,2.5741000000,2.5956000000,2.5731000000,2.5731000000,60724.7274750000,157004.6442051668,157004.6442051668,1,SRM-USDT
2022-02-06 12:00:00,1644120000000,2.5726000000,2.5794000000,2.4950000000,2.5321000000,167908.0021420000,423675.2760291059,423675.2760291059,1,SRM-USDT
2022-02-06 13:00:00,1644123600000,2.5316000000,2.5494000000,2.5244000000,2.5360000000,83154.1561350000,210946.1970524157,210946.1970524157,1,SRM-USDT
2022-02-06 14:00:00,1644127200000,2.5355000000,2.5355000000,2.5012000000,2.5077000000,71284.0017800000,179702.2468911935,179702.2468911935,1,SRM-USDT
2022-02-06 15:00:00,1644130800000,2.5093000000,2.5343000000,2.5020000000,2.5295000000,66991.4568260000,168674.6472262901,168674.6472262901,1,SRM-USDT
2022-02-06 16:00:00,1644134400000,2.5290000000,2.5359000000,2.5117000000,2.5298000000,123872.4210190000,312714.8018099197,312714.8018099197,1,SRM-USDT
2022-02-06 17:00:00,1644138000000,2.5289000000,2.5434000000,2.5253000000,2.5430000000,125770.2391130000,318759.9564768055,318759.9564768055,1,SRM-USDT
2022-02-06 18:00:00,1644141600000,2.5432000000,2.5475000000,2.5249000000,2.5304000000,84281.2607080000,213871.5350720495,213871.5350720495,1,SRM-USDT
2022-02-06 19:00:00,1644145200000,2.5304000000,2.5368000000,2.5136000000,2.5175000000,77533.9229800000,195657.8599201875,195657.8599201875,1,SRM-USDT
2022-02-06 20:00:00,1644148800000,2.5187000000,2.5330000000,2.5096000000,2.5186000000,72030.2498070000,181622.3094956488,181622.3094956488,1,SRM-USDT
2022-02-06 21:00:00,1644152400000,2.5187000000,2.5345000000,2.5122000000,2.5248000000,90988.8332130000,229473.6854542625,229473.6854542625,1,SRM-USDT
2022-02-06 22:00:00,1644156000000,2.5262000000,2.5599000000,2.4533000000,2.4589000000,397185.5585220000,993837.6501997449,993837.6501997449,1,SRM-USDT
2022-02-06 23:00:00,1644159600000,2.4581000000,2.4817000000,2.4388000000,2.4761000000,213487.3837250000,526293.8971911996,526293.8971911996,1,SRM-USDT
2022-02-07 00:00:00,1644163200000,2.4768000000,2.4892000000,2.4709000000,2.4860000000,101017.5879680000,250532.4076143638,250532.4076143638,1,SRM-USDT
2022-02-07 01:00:00,1644166800000,2.4875000000,2.4939000000,2.4772000000,2.4802000000,72535.2176170000,180473.2662415054,180473.2662415054,1,SRM-USDT
2022-02-07 02:00:00,1644170400000,2.4809000000,2.4834000000,2.4692000000,2.4717000000,81425.0232720000,201738.0373548085,201738.0373548085,1,SRM-USDT
2022-02-07 03:00:00,1644174000000,2.4715000000,2.4900000000,2.4692000000,2.4884000000,48729.2838920000,121023.1755799619,121023.1755799619,1,SRM-USDT
2022-02-07 04:00:00,1644177600000,2.4895000000,2.4978000000,2.4721000000,2.4835000000,80284.9398600000,199845.4217380657,199845.4217380657,1,SRM-USDT
2022-02-07 05:00:00,1644181200000,2.4842000000,2.4990000000,2.4787000000,2.4913000000,50423.2127730000,125572.5143478209,125572.5143478209,1,SRM-USDT
2022-02-07 06:00:00,1644184800000,2.4919000000,2.5007000000,2.4852000000,2.4878000000,104361.8890380000,260289.8089871009,260289.8089871009,1,SRM-USDT
2022-02-07 07:00:00,1644188400000,2.4884000000,2.5706000000,2.4851000000,2.5611000000,276002.5091220000,700406.2539604933,700406.2539604933,1,SRM-USDT
2022-02-07 08:00:00,1644192000000,2.5613000000,2.5729000000,2.4972000000,2.5127000000,134064.8590610000,339197.0174269684,339197.0174269684,1,SRM-USDT
2022-02-07 09:00:00,1644195600000,2.5127000000,2.5318000000,2.5025000000,2.5256000000,92416.7867290000,232706.1779522353,232706.1779522353,1,SRM-USDT
2022-02-07 10:00:00,1644199200000,2.5266000000,2.5562000000,2.5235000000,2.5379000000,123533.4514300000,313782.1303140954,313782.1303140954,1,SRM-USDT
2022-02-07 11:00:00,1644202800000,2.5377000000,2.6163000000,2.5377000000,2.6119000000,209269.8840630000,539747.4142036868,539747.4142036868,1,SRM-USDT
2022-02-07 12:00:00,1644206400000,2.6105000000,2.6785000000,2.6105000000,2.6496000000,322391.0224150000,854118.3859664506,854118.3859664506,1,SRM-USDT
2022-02-07 13:00:00,1644210000000,2.6498000000,2.6597000000,2.6169000000,2.6279000000,294048.5102120000,776512.8579859766,776512.8579859766,1,SRM-USDT
2022-02-07 14:00:00,1644213600000,2.6281000000,2.6612000000,2.6182000000,2.6405000000,150136.1713040000,396090.4294494875,396090.4294494875,1,SRM-USDT
2022-02-07 15:00:00,1644217200000,2.6403000000,2.6601000000,2.6091000000,2.6320000000,183294.9104760000,484271.2849077109,484271.2849077109,1,SRM-USDT
2022-02-07 16:00:00,1644220800000,2.6319000000,2.6374000000,2.6166000000,2.6297000000,75839.0850940000,199226.6728837025,199226.6728837025,1,SRM-USDT
2022-02-07 17:00:00,1644224400000,2.6300000000,2.6303000000,2.5817000000,2.6010000000,131699.9161950000,342126.9267987332,342126.9267987332,1,SRM-USDT
2022-02-07 18:00:00,1644228000000,2.6026000000,2.6218000000,2.5961000000,2.6140000000,84559.1450010000,220752.4631349635,220752.4631349635,1,SRM-USDT
2022-02-07 19:00:00,1644231600000,2.6140000000,2.6306000000,2.6139000000,2.6258000000,61427.7251630000,161102.0000688526,161102.0000688526,1,SRM-USDT
2022-02-07 20:00:00,1644235200000,2.6254000000,2.6326000000,2.6035000000,2.6291000000,94306.3081870000,246906.4880485247,246906.4880485247,1,SRM-USDT
2022-02-07 21:00:00,1644238800000,2.6282000000,2.6717000000,2.6267000000,2.6565000000,134417.8432750000,356463.4478763194,356463.4478763194,1,SRM-USDT
2022-02-07 22:00:00,1644242400000,2.6565000000,2.7580000000,2.6513000000,2.7320000000,396301.6888300000,1073171.1663399313,1073171.1663399313,1,SRM-USDT
2022-02-07 23:00:00,1644246000000,2.7324000000,2.7388000000,2.6874000000,2.7133000000,369088.7455530000,1001919.4504494724,1001919.4504494724,1,SRM-USDT
2022-02-08 00:00:00,1644249600000,2.7126000000,2.7290000000,2.6846000000,2.6974000000,169135.5239830000,457558.6285595128,457558.6285595128,1,SRM-USDT
2022-02-08 01:00:00,1644253200000,2.6969000000,2.7167000000,2.6841000000,2.7143000000,135381.0568620000,365579.5083824131,365579.5083824131,1,SRM-USDT
2022-02-08 02:00:00,1644256800000,2.7146000000,2.7230000000,2.6842000000,2.7021000000,209433.3298750000,566447.0323532481,566447.0323532481,1,SRM-USDT
2022-02-08 03:00:00,1644260400000,2.7018000000,2.7162000000,2.6950000000,2.7004000000,132117.9985950000,357459.7489940039,357459.7489940039,1,SRM-USDT
2022-02-08 04:00:00,1644264000000,2.7002000000,2.7126000000,2.6744000000,2.7000000000,145679.9633500000,392685.9291586112,392685.9291586112,1,SRM-USDT
2022-02-08 05:00:00,1644267600000,2.6986000000,2.7007000000,2.6740000000,2.6884000000,79498.8431530000,213674.5973319448,213674.5973319448,1,SRM-USDT
2022-02-08 06:00:00,1644271200000,2.6895000000,2.7128000000,2.6870000000,2.7117000000,89394.3194850000,241770.5619586287,241770.5619586287,1,SRM-USDT
2022-02-08 07:00:00,1644274800000,2.7118000000,2.7158000000,2.6831000000,2.6914000000,109825.7076320000,296168.8799036591,296168.8799036591,1,SRM-USDT
2022-02-08 08:00:00,1644278400000,2.6918000000,2.6992000000,2.6241000000,2.6718000000,273862.3382420000,729522.8448857215,729522.8448857215,1,SRM-USDT
2022-02-08 09:00:00,1644282000000,2.6718000000,2.6829000000,2.6469000000,2.6813000000,362935.1251350000,966133.2532460960,966133.2532460960,1,SRM-USDT
2022-02-08 10:00:00,1644285600000,2.6808000000,2.6831000000,2.6437000000,2.6527000000,374904.0959180000,996715.8573433958,996715.8573433958,1,SRM-USDT
2022-02-08 11:00:00,1644289200000,2.6526000000,2.6590000000,2.6381000000,2.6502000000,279412.4540360000,740695.5886891641,740695.5886891641,1,SRM-USDT
2022-02-08 12:00:00,1644292800000,2.6511000000,2.6559000000,2.6345000000,2.6445000000,161606.6813190000,427329.9506519359,427329.9506519359,1,SRM-USDT
2022-02-08 13:00:00,1644296400000,2.6458000000,2.6573000000,2.6350000000,2.6512000000,157861.3442710000,417387.2951440585,417387.2951440585,1,SRM-USDT
2022-02-08 14:00:00,1644300000000,2.6506000000,2.6918000000,2.6138000000,2.6354000000,305684.0249380000,810788.2716705654,810788.2716705654,1,SRM-USDT
2022-02-08 15:00:00,1644303600000,2.6358000000,2.6358000000,2.6066000000,2.6187000000,165171.3213290000,432334.5456470269,432334.5456470269,1,SRM-USDT
2022-02-08 16:00:00,1644307200000,2.6196000000,2.6216000000,2.5307000000,2.5389000000,378875.1330240000,968922.1141057436,968922.1141057436,1,SRM-USDT
2022-02-08 17:00:00,1644310800000,2.5364000000,2.5472000000,2.5130000000,2.5269000000,265419.6997790000,672436.0385715144,672436.0385715144,1,SRM-USDT
2022-02-08 18:00:00,1644314400000,2.5253000000,2.5341000000,2.5159000000,2.5301000000,91045.2225600000,230078.2063879387,230078.2063879387,1,SRM-USDT
2022-02-08 19:00:00,1644318000000,2.5293000000,2.5494000000,2.5261000000,2.5480000000,91434.3644830000,232033.5682539614,232033.5682539614,1,SRM-USDT
2022-02-08 20:00:00,1644321600000,2.5475000000,2.5504000000,2.4808000000,2.5070000000,234886.9716440000,588067.4129469717,588067.4129469717,1,SRM-USDT
2022-02-08 21:00:00,1644325200000,2.5063000000,2.5163000000,2.4940000000,2.5163000000,78064.2157890000,195877.3075446578,195877.3075446578,1,SRM-USDT
2022-02-08 22:00:00,1644328800000,2.5146000000,2.5307000000,2.5108000000,2.5136000000,130743.2154600000,329314.9577049815,329314.9577049815,1,SRM-USDT
2022-02-08 23:00:00,1644332400000,2.5114000000,2.5142000000,2.4540000000,2.4808000000,230245.9024840000,569627.6165538080,569627.6165538080,1,SRM-USDT
2022-02-09 00:00:00,1644336000000,2.4816000000,2.4949000000,2.4609000000,2.4657000000,96812.4991530000,240102.5853868816,240102.5853868816,1,SRM-USDT
2022-02-09 01:00:00,1644339600000,2.4658000000,2.4787000000,2.4559000000,2.4723000000,97240.9970090000,240116.0379447772,240116.0379447772,1,SRM-USDT
2022-02-09 02:00:00,1644343200000,2.4724000000,2.4936000000,2.4696000000,2.4796000000,72380.5694620000,179575.2846242460,179575.2846242460,1,SRM-USDT
2022-02-09 03:00:00,1644346800000,2.4781000000,2.4815000000,2.4570000000,2.4667000000,64098.5137000000,158158.4026187332,158158.4026187332,1,SRM-USDT
2022-02-09 04:00:00,1644350400000,2.4638000000,2.5121000000,2.4624000000,2.5102000000,168388.2927970000,420019.4258779932,420019.4258779932,1,SRM-USDT
2022-02-09 05:00:00,1644354000000,2.5098000000,2.5233000000,2.4982000000,2.5198000000,162861.9788740000,409074.3492441379,409074.3492441379,1,SRM-USDT
2022-02-09 06:00:00,1644357600000,2.5190000000,2.5419000000,2.5141000000,2.5419000000,102679.3805530000,259385.3542198047,259385.3542198047,1,SRM-USDT
2022-02-09 07:00:00,1644361200000,2.5419000000,2.5641000000,2.5411000000,2.5538000000,99011.2519170000,252790.2056375292,252790.2056375292,1,SRM-USDT
2022-02-09 08:00:00,1644364800000,2.5549000000,2.5743000000,2.5436000000,2.5645000000,174859.4497710000,447677.0957300189,447677.0957300189,1,SRM-USDT
2022-02-09 09:00:00,1644368400000,2.5647000000,2.5665000000,2.5414000000,2.5430000000,70756.4302010000,180746.5765282331,180746.5765282331,1,SRM-USDT
2022-02-09 10:00:00,1644372000000,2.5427000000,2.5451000000,2.4966000000,2.5047000000,121092.7728930000,303973.6975426930,303973.6975426930,1,SRM-USDT
2022-02-09 11:00:00,1644375600000,2.5046000000,2.5122000000,2.4963000000,2.4988000000,58229.1979110000,145867.6823580006,145867.6823580006,1,SRM-USDT
2022-02-09 12:00:00,1644379200000,2.4990000000,2.5154000000,2.4984000000,2.5071000000,52141.5795710000,130667.0151818013,130667.0151818013,1,SRM-USDT
2022-02-09 13:00:00,1644382800000,2.5071000000,2.5184000000,2.4808000000,2.5054000000,95343.8984740000,238475.8526837100,238475.8526837100,1,SRM-USDT
2022-02-09 14:00:00,1644386400000,2.5061000000,2.5255000000,2.5044000000,2.5248000000,49285.7775920000,124020.2764047460,124020.2764047460,1,SRM-USDT
2022-02-09 15:00:00,1644390000000,2.5259000000,2.5339000000,2.5052000000,2.5253000000,69107.6553610000,173825.4914996528,173825.4914996528,1,SRM-USDT
2022-02-09 16:00:00,1644393600000,2.5235000000,2.5263000000,2.4913000000,2.5008000000,61215.2458710000,153449.7410824371,153449.7410824371,1,SRM-USDT
2022-02-09 17:00:00,1644397200000,2.5011000000,2.5240000000,2.5011000000,2.5111000000,51609.2034140000,129698.6298948123,129698.6298948123,1,SRM-USDT
2022-02-09 18:00:00,1644400800000,2.5111000000,2.5341000000,2.5015000000,2.5341000000,86073.3336490000,216669.6026731287,216669.6026731287,1,SRM-USDT
2022-02-09 19:00:00,1644404400000,2.5310000000,2.5529000000,2.5282000000,2.5443000000,183896.7106820000,467173.7528573107,467173.7528573107,1,SRM-USDT
2022-02-09 20:00:00,1644408000000,2.5463000000,2.5840000000,2.5414000000,2.5707000000,119137.7145470000,305413.3945676849,305413.3945676849,1,SRM-USDT
2022-02-09 21:00:00,1644411600000,2.5730000000,2.6174000000,2.5675000000,2.5799000000,156110.8609210000,404972.5143259972,404972.5143259972,1,SRM-USDT
2022-02-09 22:00:00,1644415200000,2.5800000000,2.6053000000,2.5618000000,2.5936000000,68219.6356930000,176702.8877488393,176702.8877488393,1,SRM-USDT
2022-02-09 23:00:00,1644418800000,2.5940000000,2.6172000000,2.5853000000,2.6011000000,117818.2448930000,306412.7003032877,306412.7003032877,1,SRM-USDT
2022-02-10 00:00:00,1644422400000,2.6023000000,2.6191000000,2.5878000000,2.6187000000,114074.9927250000,297386.0396551747,297386.0396551747,1,SRM-USDT
2022-02-10 01:00:00,1644426000000,2.6181000000,2.6323000000,2.6163000000,2.6244000000,88008.9910010000,230948.0124637100,230948.0124637100,1,SRM-USDT
2022-02-10 02:00:00,1644429600000,2.6223000000,2.6288000000,2.6143000000,2.6260000000,53165.9579880000,139415.4296280476,139415.4296280476,1,SRM-USDT
2022-02-10 03:00:00,1644433200000,2.6261000000,2.6551000000,2.6182000000,2.6450000000,188692.7519830000,496978.3722225058,496978.3722225058,1,SRM-USDT
2022-02-10 04:00:00,1644436800000,2.6445000000,2.6798000000,2.6443000000,2.6641000000,119490.4889710000,318615.1574724499,318615.1574724499,1,SRM-USDT
2022-02-10 05:00:00,1644440400000,2.6637000000,2.6688000000,2.6447000000,2.6470000000,76869.2360120000,204216.6067526536,204216.6067526536,1,SRM-USDT
2022-02-10 06:00:00,1644444000000,2.6468000000,2.6626000000,2.6468000000,2.6566000000,67633.1388700000,179490.7280516112,179490.7280516112,1,SRM-USDT
2022-02-10 07:00:00,1644447600000,2.6576000000,2.6594000000,2.6369000000,2.6426000000,101914.3486990000,270022.9062172832,270022.9062172832,1,SRM-USDT
2022-02-10 08:00:00,1644451200000,2.6432000000,2.6474000000,2.6011000000,2.6059000000,140363.5198230000,367216.9216937117,367216.9216937117,1,SRM-USDT
2022-02-10 09:00:00,1644454800000,2.6042000000,2.6083000000,2.5895000000,2.6045000000,68811.4730150000,178840.4390849178,178840.4390849178,1,SRM-USDT
2022-02-10 10:00:00,1644458400000,2.6044000000,2.6166000000,2.5658000000,2.5685000000,76696.8846350000,198684.7480668919,198684.7480668919,1,SRM-USDT
2022-02-10 11:00:00,1644462000000,2.5663000000,2.5740000000,2.5485000000,2.5665000000,131793.6000470000,337966.7597607393,337966.7597607393,1,SRM-USDT
2022-02-10 12:00:00,1644465600000,2.5667000000,2.5818000000,2.5618000000,2.5754000000,60441.3932020000,155375.6596788458,155375.6596788458,1,SRM-USDT
2022-02-10 13:00:00,1644469200000,2.5712000000,2.5876000000,2.5682000000,2.5853000000,51107.8051570000,131633.0017637157,131633.0017637157,1,SRM-USDT
2022-02-10 14:00:00,1644472800000,2.5864000000,2.6009000000,2.5684000000,2.5941000000,109448.7573990000,282938.3540801955,282938.3540801955,1,SRM-USDT
2022-02-10 15:00:00,1644476400000,2.5929000000,2.6201000000,2.5916000000,2.6100000000,118734.9203070000,309221.1083324411,309221.1083324411,1,SRM-USDT
2022-02-10 16:00:00,1644480000000,2.6088000000,2.6206000000,2.6019000000,2.6077000000,64641.0952380000,168770.6169446745,168770.6169446745,1,SRM-USDT
2022-02-10 17:00:00,1644483600000,2.6094000000,2.7203000000,2.5982000000,2.6823000000,382973.4806740000,1021551.0170586216,1021551.0170586216,1,SRM-USDT
2022-02-10 18:00:00,1644487200000,2.6818000000,2.6937000000,2.6627000000,2.6758000000,213477.6992400000,572346.2916458691,572346.2916458691,1,SRM-USDT
2022-02-10 19:00:00,1644490800000,2.6746000000,2.6972000000,2.6633000000,2.6708000000,173428.0578730000,464783.5422197646,464783.5422197646,1,SRM-USDT
2022-02-10 20:00:00,1644494400000,2.6701000000,2.6856000000,2.6407000000,2.6623000000,150887.1738260000,402130.8302646677,402130.8302646677,1,SRM-USDT
2022-02-10 21:00:00,1644498000000,2.6629000000,2.6711000000,2.5119000000,2.5427000000,534277.6719460000,1376869.7646277640,1376869.7646277640,1,SRM-USDT
2022-02-10 22:00:00,1644501600000,2.5426000000,2.5625000000,2.4894000000,2.5622000000,257947.9926480000,651144.5714056466,651144.5714056466,1,SRM-USDT
2022-02-10 23:00:00,1644505200000,2.5625000000,2.6332000000,2.5510000000,2.6107000000,392671.5893110000,1022101.8901869052,1022101.8901869052,1,SRM-USDT
2022-02-11 00:00:00,1644508800000,2.6101000000,2.6216000000,2.5801000000,2.6017000000,144576.6070580000,375852.5276255568,375852.5276255568,1,SRM-USDT
2022-02-11 01:00:00,1644512400000,2.6010000000,2.6322000000,2.5739000000,2.5824000000,236385.3197790000,616305.5441038617,616305.5441038617,1,SRM-USDT
2022-02-11 02:00:00,1644516000000,2.5822000000,2.5831000000,2.5520000000,2.5575000000,103231.1235930000,265055.0566242607,265055.0566242607,1,SRM-USDT
2022-02-11 03:00:00,1644519600000,2.5574000000,2.5597000000,2.5200000000,2.5222000000,94221.9603290000,238871.1576455778,238871.1576455778,1,SRM-USDT
2022-02-11 04:00:00,1644523200000,2.5219000000,2.5308000000,2.4922000000,2.5070000000,106469.9622050000,267374.3702156243,267374.3702156243,1,SRM-USDT
2022-02-11 05:00:00,1644526800000,2.5091000000,2.5188000000,2.4913000000,2.5043000000,103833.8674970000,260164.7313970751,260164.7313970751,1,SRM-USDT
2022-02-11 06:00:00,1644530400000,2.5046000000,2.5179000000,2.4973000000,2.5121000000,79056.7920420000,198545.9628280815,198545.9628280815,1,SRM-USDT
2022-02-11 07:00:00,1644534000000,2.5121000000,2.5207000000,2.4722000000,2.4875000000,137709.8419930000,343301.8858306436,343301.8858306436,1,SRM-USDT
2022-02-11 08:00:00,1644537600000,2.4876000000,2.4883000000,2.4061000000,2.4373000000,295835.1730070000,721383.5949523597,721383.5949523597,1,SRM-USDT
2022-02-11 09:00:00,1644541200000,2.4377000000,2.4897000000,2.4322000000,2.4572000000,172170.2094080000,424707.1609090518,424707.1609090518,1,SRM-USDT
2022-02-11 10:00:00,1644544800000,2.4581000000,2.4603000000,2.4377000000,2.4487000000,88055.2469370000,215562.7011987741,215562.7011987741,1,SRM-USDT
2022-02-11 11:00:00,1644548400000,2.4485000000,2.4624000000,2.4442000000,2.4572000000,83153.7937590000,204025.3619792470,204025.3619792470,1,SRM-USDT
2022-02-11 12:00:00,1644552000000,2.4571000000,2.4682000000,2.4508000000,2.4681000000,65240.3550560000,160346.6093716805,160346.6093716805,1,SRM-USDT
2022-02-11 13:00:00,1644555600000,2.4673000000,2.4673000000,2.4431000000,2.4431000000,43647.1182770000,107172.7696870978,107172.7696870978,1,SRM-USDT
2022-02-11 14:00:00,1644559200000,2.4426000000,2.4740000000,2.4417000000,2.4660000000,117799.9279040000,290316.5663982419,290316.5663982419,1,SRM-USDT
2022-02-11 15:00:00,1644562800000,2.4650000000,2.4900000000,2.4650000000,2.4900000000,53051.7908660000,131384.9036528770,131384.9036528770,1,SRM-USDT
2022-02-11 16:00:00,1644566400000,2.4890000000,2.5030000000,2.4650000000,2.4650000000,76402.7964840000,190278.7019892020,190278.7019892020,1,SRM-USDT
2022-02-11 17:00:00,1644570000000,2.4660000000,2.5050000000,2.4630000000,2.5040000000,143715.8838270000,357756.3161402220,357756.3161402220,1,SRM-USDT
2022-02-11 18:00:00,1644573600000,2.5030000000,2.5040000000,2.4850000000,2.4910000000,86122.7038650000,215227.3995526840,215227.3995526840,1,SRM-USDT
2022-02-11 19:00:00,1644577200000,2.4910000000,2.5160000000,2.4880000000,2.5030000000,110698.0063460000,276922.1745429830,276922.1745429830,1,SRM-USDT
2022-02-11 20:00:00,1644580800000,2.5030000000,2.5490000000,2.4950000000,2.5290000000,137836.7628040000,347857.5083656920,347857.5083656920,1,SRM-USDT
2022-02-11 21:00:00,1644584400000,2.5280000000,2.5420000000,2.5220000000,2.5400000000,116554.2824040000,295064.1096361710,295064.1096361710,1,SRM-USDT
2022-02-11 22:00:00,1644588000000,2.5400000000,2.5450000000,2.5010000000,2.5100000000,116049.6642300000,292852.0600182020,292852.0600182020,1,SRM-USDT
2022-02-11 23:00:00,1644591600000,2.5110000000,2.5250000000,2.5090000000,2.5140000000,53758.2432470000,135250.4072360620,135250.4072360620,1,SRM-USDT
2022-02-12 00:00:00,1644595200000,2.5130000000,2.5180000000,2.4790000000,2.4940000000,86914.7651580000,216876.1824007750,216876.1824007750,1,SRM-USDT
2022-02-12 01:00:00,1644598800000,2.4930000000,2.5000000000,2.4810000000,2.4920000000,37897.6034680000,94424.2917271350,94424.2917271350,1,SRM-USDT
2022-02-12 02:00:00,1644602400000,2.4920000000,2.5030000000,2.4190000000,2.4200000000,98015.8606060000,240191.8188091710,240191.8188091710,1,SRM-USDT
2022-02-12 03:00:00,1644606000000,2.4180000000,2.4310000000,2.3790000000,2.3950000000,210825.9456150000,507357.4477050350,507357.4477050350,1,SRM-USDT
2022-02-12 04:00:00,1644609600000,2.3950000000,2.4050000000,2.3370000000,2.3560000000,164601.4738100000,388978.5612747570,388978.5612747570,1,SRM-USDT
2022-02-12 05:00:00,1644613200000,2.3570000000,2.3750000000,2.3490000000,2.3570000000,94622.7265230000,223045.2495747440,223045.2495747440,1,SRM-USDT
2022-02-12 06:00:00,1644616800000,2.3560000000,2.3600000000,2.2940000000,2.3060000000,205128.8474550000,476404.1384228820,476404.1384228820,1,SRM-USDT
2022-02-12 07:00:00,1644620400000,2.3050000000,2.3380000000,2.2980000000,2.3340000000,78577.6973110000,182218.7172927670,182218.7172927670,1,SRM-USDT
2022-02-12 08:00:00,1644624000000,2.3330000000,2.3340000000,2.3050000000,2.3240000000,42674.5469110000,98931.3641439950,98931.3641439950,1,SRM-USDT
2022-02-12 09:00:00,1644627600000,2.3230000000,2.3400000000,2.3180000000,2.3400000000,57529.3692130000,134233.2476039000,134233.2476039000,1,SRM-USDT
2022-02-12 10:00:00,1644631200000,2.3390000000,2.3490000000,2.3340000000,2.3460000000,33320.1364940000,78044.0384820150,78044.0384820150,1,SRM-USDT
2022-02-12 11:00:00,1644634800000,2.3450000000,2.3450000000,2.3140000000,2.3190000000,36936.2337380000,85903.6072169140,85903.6072169140,1,SRM-USDT
2022-02-12 12:00:00,1644638400000,2.3200000000,2.3370000000,2.3170000000,2.3230000000,33013.6571570000,76882.3011915620,76882.3011915620,1,SRM-USDT
2022-02-12 13:00:00,1644642000000,2.3240000000,2.3310000000,2.3040000000,2.3080000000,30493.9873860000,70723.7990814510,70723.7990814510,1,SRM-USDT
2022-02-12 14:00:00,1644645600000,2.3100000000,2.3110000000,2.2320000000,2.2710000000,171331.5859640000,388140.5117839890,388140.5117839890,1,SRM-USDT
2022-02-12 15:00:00,1644649200000,2.2690000000,2.2790000000,2.2370000000,2.2620000000,176267.4863500000,398227.9830248610,398227.9830248610,1,SRM-USDT
2022-02-12 16:00:00,1644652800000,2.2610000000,2.2980000000,2.2610000000,2.2940000000,78373.7005470000,179172.8717008350,179172.8717008350,1,SRM-USDT
2022-02-12 17:00:00,1644656400000,2.2940000000,2.3040000000,2.2910000000,2.2990000000,48557.9632170000,111562.0646063660,111562.0646063660,1,SRM-USDT
2022-02-12 18:00:00,1644660000000,2.2980000000,2.2990000000,2.2660000000,2.2830000000,52608.2564110000,119756.1687200600,119756.1687200600,1,SRM-USDT
2022-02-12 19:00:00,1644663600000,2.2850000000,2.2880000000,2.2440000000,2.2870000000,94133.9693600000,213733.4548164780,213733.4548164780,1,SRM-USDT
2022-02-12 20:00:00,1644667200000,2.2880000000,2.2900000000,2.2580000000,2.2690000000,93387.1465330000,211588.2498116630,211588.2498116630,1,SRM-USDT
2022-02-12 21:00:00,1644670800000,2.2710000000,2.2740000000,2.2470000000,2.2490000000,47644.6148470000,107739.0871125340,107739.0871125340,1,SRM-USDT
2022-02-12 22:00:00,1644674400000,2.2490000000,2.2590000000,2.2230000000,2.2530000000,80850.8532960000,181246.4152867140,181246.4152867140,1,SRM-USDT
2022-02-12 23:00:00,1644678000000,2.2550000000,2.2590000000,2.2290000000,2.2480000000,53378.7674610000,119841.9395482210,119841.9395482210,1,SRM-USDT
2022-02-13 00:00:00,1644681600000,2.2490000000,2.3080000000,2.2420000000,2.3020000000,125249.1199870000,285646.2861879360,285646.2861879360,1,SRM-USDT
2022-02-13 01:00:00,1644685200000,2.3010000000,2.3140000000,2.3010000000,2.3120000000,34853.2294300000,80464.9222425170,80464.9222425170,1,SRM-USDT
2022-02-13 02:00:00,1644688800000,2.3150000000,2.3390000000,2.3150000000,2.3280000000,41141.3165580000,95815.6931939290,95815.6931939290,1,SRM-USDT
2022-02-13 03:00:00,1644692400000,2.3280000000,2.3400000000,2.3090000000,2.3100000000,53063.4232320000,123439.2185199630,123439.2185199630,1,SRM-USDT
2022-02-13 04:00:00,1644696000000,2.3100000000,2.3230000000,2.3010000000,2.3180000000,45933.5876660000,106325.8613536020,106325.8613536020,1,SRM-USDT
2022-02-13 05:00:00,1644699600000,2.3180000000,2.3180000000,2.2490000000,2.2600000000,88818.5736980000,202278.2241535550,202278.2241535550,1,SRM-USDT
2022-02-13 06:00:00,1644703200000,2.2590000000,2.2930000000,2.2580000000,2.2910000000,63418.7671830000,144545.8044020380,144545.8044020380,1,SRM-USDT
2022-02-13 07:00:00,1644706800000,2.2900000000,2.2970000000,2.2690000000,2.2870000000,42264.9954200000,96428.5956130170,96428.5956130170,1,SRM-USDT
2022-02-13 08:00:00,1644710400000,2.2880000000,2.3090000000,2.2590000000,2.3030000000,93848.8642320000,214610.8450092350,214610.8450092350,1,SRM-USDT
2022-02-13 09:00:00,1644714000000,2.2990000000,2.3040000000,2.2750000000,2.2770000000,32703.3548080000,75033.2038206850,75033.2038206850,1,SRM-USDT
2022-02-13 10:00:00,1644717600000,2.2810000000,2.2850000000,2.2590000000,2.2730000000,56975.9761460000,129130.4138397980,129130.4138397980,1,SRM-USDT
2022-02-13 11:00:00,1644721200000,2.2710000000,2.2760000000,2.2640000000,2.2650000000,27837.8669470000,63232.7805278620,63232.7805278620,1,SRM-USDT
2022-02-13 12:00:00,1644724800000,2.2670000000,2.2740000000,2.2520000000,2.2580000000,32874.8122170000,74458.0368883970,74458.0368883970,1,SRM-USDT
2022-02-13 13:00:00,1644728400000,2.2580000000,2.2740000000,2.2520000000,2.2720000000,26487.8323940000,59946.7253186590,59946.7253186590,1,SRM-USDT
2022-02-13 14:00:00,1644732000000,2.2690000000,2.2900000000,2.2690000000,2.2890000000,26386.7794340000,60028.6842777960,60028.6842777960,1,SRM-USDT
2022-02-13 15:00:00,1644735600000,2.2870000000,2.2890000000,2.2780000000,2.2820000000,14615.3085990000,33368.8196346430,33368.8196346430,1,SRM-USDT
2022-02-13 16:00:00,1644739200000,2.2820000000,2.2940000000,2.2730000000,2.2920000000,25018.5840080000,57156.7152812070,57156.7152812070,1,SRM-USDT
2022-02-13 17:00:00,1644742800000,2.2950000000,2.2950000000,2.2780000000,2.2810000000,28029.5986300000,64044.4285326310,64044.4285326310,1,SRM-USDT
2022-02-13 18:00:00,1644746400000,2.2800000000,2.3040000000,2.2720000000,2.3010000000,55821.5978060000,127713.8471254220,127713.8471254220,1,SRM-USDT
2022-02-13 19:00:00,1644750000000,2.3020000000,2.3090000000,2.2940000000,2.2970000000,32071.8032640000,73813.2245751540,73813.2245751540,1,SRM-USDT
2022-02-13 20:00:00,1644753600000,2.2970000000,2.3100000000,2.2900000000,2.3020000000,28782.4928230000,66253.0059844570,66253.0059844570,1,SRM-USDT
2022-02-13 21:00:00,1644757200000,2.3010000000,2.3310000000,2.2970000000,2.3170000000,80401.3209840000,186229.2478074840,186229.2478074840,1,SRM-USDT
2022-02-13 22:00:00,1644760800000,2.3150000000,2.3340000000,2.2830000000,2.3050000000,82025.0070950000,189401.3987198610,189401.3987198610,1,SRM-USDT
2022-02-13 23:00:00,1644764400000,2.3040000000,2.3050000000,2.2900000000,2.2900000000,40536.5737880000,93179.9304629530,93179.9304629530,1,SRM-USDT
2022-02-14 00:00:00,1644768000000,2.2900000000,2.2900000000,2.2580000000,2.2660000000,86788.5899250000,197070.1888311810,197070.1888311810,1,SRM-USDT
2022-02-14 01:00:00,1644771600000,2.2640000000,2.2640000000,2.2390000000,2.2540000000,70525.0860930000,158718.6415007020,158718.6415007020,1,SRM-USDT
2022-02-14 02:00:00,1644775200000,2.2530000000,2.2610000000,2.2120000000,2.2150000000,72406.2160850000,161476.1925300220,161476.1925300220,1,SRM-USDT
2022-02-14 03:00:00,1644778800000,2.2140000000,2.2330000000,2.2040000000,2.2170000000,120230.4747160000,266361.3875787390,266361.3875787390,1,SRM-USDT
2022-02-14 04:00:00,1644782400000,2.2190000000,2.2700000000,2.2130000000,2.2700000000,85790.1869050000,192556.2253487150,192556.2253487150,1,SRM-USDT
2022-02-14 05:00:00,1644786000000,2.2720000000,2.2780000000,2.2540000000,2.2560000000,45157.9372840000,102275.7310491570,102275.7310491570,1,SRM-USDT
2022-02-14 06:00:00,1644789600000,2.2560000000,2.2730000000,2.2560000000,2.2700000000,42803.8898020000,96945.1055640850,96945.1055640850,1,SRM-USDT
2022-02-14 07:00:00,1644793200000,2.2710000000,2.2710000000,2.2470000000,2.2530000000,77018.1670130000,173619.4361858420,173619.4361858420,1,SRM-USDT
2022-02-14 08:00:00,1644796800000,2.2530000000,2.2640000000,2.2300000000,2.2400000000,58607.2086340000,131628.7817620260,131628.7817620260,1,SRM-USDT
2022-02-14 09:00:00,1644800400000,2.2420000000,2.2440000000,2.1940000000,2.1940000000,121417.2250260000,268000.0312003640,268000.0312003640,1,SRM-USDT
2022-02-14 10:00:00,1644804000000,2.1930000000,2.2110000000,2.1890000000,2.1950000000,61606.3022950000,135647.6489363220,135647.6489363220,1,SRM-USDT
2022-02-14 11:00:00,1644807600000,2.1960000000,2.2230000000,2.1880000000,2.2220000000,42311.4756880000,93538.3579167860,93538.3579167860,1,SRM-USDT
2022-02-14 12:00:00,1644811200000,2.2220000000,2.2230000000,2.2110000000,2.2230000000,33162.0502020000,73563.9307265930,73563.9307265930,1,SRM-USDT
2022-02-14 13:00:00,1644814800000,2.2230000000,2.2250000000,2.2030000000,2.2030000000,22256.1005860000,49330.6787051430,49330.6787051430,1,SRM-USDT
2022-02-14 14:00:00,1644818400000,2.2010000000,2.2340000000,2.1970000000,2.2310000000,50754.1625600000,112432.8594083300,112432.8594083300,1,SRM-USDT
2022-02-14 15:00:00,1644822000000,2.2310000000,2.2380000000,2.2230000000,2.2380000000,57477.8710500000,128167.7474832140,128167.7474832140,1,SRM-USDT
2022-02-14 16:00:00,1644825600000,2.2380000000,2.2410000000,2.2120000000,2.2120000000,59281.3446630000,132159.2490769380,132159.2490769380,1,SRM-USDT
2022-02-14 17:00:00,1644829200000,2.2110000000,2.2190000000,2.2030000000,2.2060000000,52089.6563370000,115081.8392122460,115081.8392122460,1,SRM-USDT
2022-02-14 18:00:00,1644832800000,2.2040000000,2.2190000000,2.1990000000,2.2170000000,37307.6035720000,82522.8554694620,82522.8554694620,1,SRM-USDT
2022-02-14 19:00:00,1644836400000,2.2170000000,2.2240000000,2.2100000000,2.2200000000,22324.4958300000,49519.7094373110,49519.7094373110,1,SRM-USDT
2022-02-14 20:00:00,1644840000000,2.2200000000,2.2570000000,2.2060000000,2.2570000000,70338.6211700000,157057.0662050820,157057.0662050820,1,SRM-USDT
2022-02-14 21:00:00,1644843600000,2.2580000000,2.2690000000,2.2530000000,2.2640000000,49467.1377010000,111933.0756812750,111933.0756812750,1,SRM-USDT
2022-02-14 22:00:00,1644847200000,2.2650000000,2.2900000000,2.2650000000,2.2770000000,151814.0869700000,346237.8711891950,346237.8711891950,1,SRM-USDT
2022-02-14 23:00:00,1644850800000,2.2760000000,2.2870000000,2.2630000000,2.2710000000,64890.4019380000,147557.5569844670,147557.5569844670,1,SRM-USDT
2022-02-15 00:00:00,1644854400000,2.2710000000,2.2960000000,2.2680000000,2.2890000000,57845.7741570000,132099.2169025260,132099.2169025260,1,SRM-USDT
2022-02-15 01:00:00,1644858000000,2.2890000000,2.2890000000,2.2710000000,2.2720000000,42273.5251540000,96396.9463642210,96396.9463642210,1,SRM-USDT
2022-02-15 02:00:00,1644861600000,2.2750000000,2.2800000000,2.2460000000,2.2470000000,73882.7241040000,166923.5952013000,166923.5952013000,1,SRM-USDT
2022-02-15 03:00:00,1644865200000,2.2460000000,2.2510000000,2.2170000000,2.2260000000,102417.3415860000,228302.1835170910,228302.1835170910,1,SRM-USDT
2022-02-15 04:00:00,1644868800000,2.2250000000,2.2450000000,2.2160000000,2.2420000000,36473.2170340000,81368.4383333870,81368.4383333870,1,SRM-USDT
2022-02-15 05:00:00,1644872400000,2.2410000000,2.2580000000,2.2370000000,2.2550000000,20744.8800670000,46572.8968445940,46572.8968445940,1,SRM-USDT
2022-02-15 06:00:00,1644876000000,2.2570000000,2.2790000000,2.2560000000,2.2700000000,42209.0888110000,95755.7066920400,95755.7066920400,1,SRM-USDT
2022-02-15 07:00:00,1644879600000,2.2700000000,2.2760000000,2.2640000000,2.2660000000,31562.8478370000,71664.1895517320,71664.1895517320,1,SRM-USDT
2022-02-15 08:00:00,1644883200000,2.2670000000,2.2830000000,2.2630000000,2.2700000000,57006.5317740000,129412.3306666510,129412.3306666510,1,SRM-USDT
2022-02-15 09:00:00,1644886800000,2.2700000000,2.3360000000,2.2640000000,2.3350000000,206323.1731040000,476593.2402830080,476593.2402830080,1,SRM-USDT
2022-02-15 10:00:00,1644890400000,2.3350000000,2.3470000000,2.3300000000,2.3400000000,87542.0295350000,204675.3675424620,204675.3675424620,1,SRM-USDT
2022-02-15 11:00:00,1644894000000,2.3400000000,2.3860000000,2.3380000000,2.3470000000,221745.4897280000,523377.9361699970,523377.9361699970,1,SRM-USDT
2022-02-15 12:00:00,1644897600000,2.3460000000,2.3570000000,2.3330000000,2.3370000000,110712.2607950000,259422.6489163980,259422.6489163980,1,SRM-USDT
2022-02-15 13:00:00,1644901200000,2.3390000000,2.3410000000,2.3330000000,2.3330000000,27068.8839390000,63256.1857133000,63256.1857133000,1,SRM-USDT
2022-02-15 14:00:00,1644904800000,2.3320000000,2.3480000000,2.3320000000,2.3360000000,56268.1424340000,131577.2125077770,131577.2125077770,1,SRM-USDT
2022-02-15 15:00:00,1644908400000,2.3390000000,2.3650000000,2.3390000000,2.3630000000,47263.3072740000,111115.1341254650,111115.1341254650,1,SRM-USDT
2022-02-15 16:00:00,1644912000000,2.3610000000,2.3840000000,2.3570000000,2.3730000000,108949.3974300000,258264.5839965600,258264.5839965600,1,SRM-USDT
2022-02-15 17:00:00,1644915600000,2.3730000000,2.3810000000,2.3650000000,2.3770000000,57823.9148820000,137143.5806690640,137143.5806690640,1,SRM-USDT
2022-02-15 18:00:00,1644919200000,2.3780000000,2.3940000000,2.3720000000,2.3880000000,75004.9158700000,178898.7929617230,178898.7929617230,1,SRM-USDT
2022-02-15 19:00:00,1644922800000,2.3870000000,2.3890000000,2.3710000000,2.3770000000,39917.4801730000,95011.4710724980,95011.4710724980,1,SRM-USDT
2022-02-15 20:00:00,1644926400000,2.3750000000,2.4010000000,2.3710000000,2.3990000000,134932.8821200000,322743.9460370180,322743.9460370180,1,SRM-USDT
2022-02-15 21:00:00,1644930000000,2.4000000000,2.4040000000,2.3850000000,2.3990000000,120060.5487400000,287775.6960651860,287775.6960651860,1,SRM-USDT
2022-02-15 22:00:00,1644933600000,2.3990000000,2.4100000000,2.3920000000,2.3990000000,88985.1703850000,213582.7714044700,213582.7714044700,1,SRM-USDT
2022-02-15 23:00:00,1644937200000,2.4000000000,2.4060000000,2.3930000000,2.4000000000,88061.9398170000,211226.2260337870,211226.2260337870,1,SRM-USDT
2022-02-16 00:00:00,1644940800000,2.4000000000,2.4120000000,2.3960000000,2.4120000000,70650.6973190000,169751.5445804170,169751.5445804170,1,SRM-USDT
2022-02-16 01:00:00,1644944400000,2.4110000000,2.4110000000,2.3880000000,2.3920000000,66578.2238450000,159460.8318545740,159460.8318545740,1,SRM-USDT
2022-02-16 02:00:00,1644948000000,2.3930000000,2.4110000000,2.3880000000,2.4080000000,39439.7318400000,94636.7578626970,94636.7578626970,1,SRM-USDT
2022-02-16 03:00:00,1644951600000,2.4090000000,2.4090000000,2.3940000000,2.3980000000,32002.3568090000,76873.7857845810,76873.7857845810,1,SRM-USDT
2022-02-16 04:00:00,1644955200000,2.3970000000,2.4110000000,2.3970000000,2.4090000000,26119.4299210000,62862.1623375910,62862.1623375910,1,SRM-USDT
2022-02-16 05:00:00,1644958800000,2.4080000000,2.4100000000,2.3970000000,2.3990000000,17892.7251350000,43005.1215893160,43005.1215893160,1,SRM-USDT
2022-02-16 06:00:00,1644962400000,2.3990000000,2.4350000000,2.3980000000,2.4250000000,47119.0130820000,114123.6563788390,114123.6563788390,1,SRM-USDT
2022-02-16 07:00:00,1644966000000,2.4270000000,2.4660000000,2.4230000000,2.4530000000,142601.5744880000,348045.1049454670,348045.1049454670,1,SRM-USDT
2022-02-16 08:00:00,1644969600000,2.4530000000,2.4580000000,2.4370000000,2.4520000000,90355.9756600000,221142.2169235420,221142.2169235420,1,SRM-USDT
2022-02-16 09:00:00,1644973200000,2.4520000000,2.4570000000,2.4330000000,2.4360000000,111939.6725020000,273689.7893666370,273689.7893666370,1,SRM-USDT
2022-02-16 10:00:00,1644976800000,2.4360000000,2.4510000000,2.4360000000,2.4510000000,48373.6645870000,117991.8083343380,117991.8083343380,1,SRM-USDT
2022-02-16 11:00:00,1644980400000,2.4510000000,2.4610000000,2.4440000000,2.4500000000,78432.9885940000,192489.0943687890,192489.0943687890,1,SRM-USDT
2022-02-16 12:00:00,1644984000000,2.4500000000,2.4500000000,2.3990000000,2.4120000000,88822.1239280000,214688.4618228920,214688.4618228920,1,SRM-USDT
2022-02-16 13:00:00,1644987600000,2.4130000000,2.4400000000,2.4130000000,2.4320000000,60800.1384310000,147710.5452265520,147710.5452265520,1,SRM-USDT
2022-02-16 14:00:00,1644991200000,2.4320000000,2.4630000000,2.4320000000,2.4500000000,67297.3865610000,164983.7621885880,164983.7621885880,1,SRM-USDT
2022-02-16 15:00:00,1644994800000,2.4490000000,2.4650000000,2.4360000000,2.4650000000,44459.2943750000,108810.9628480290,108810.9628480290,1,SRM-USDT
2022-02-16 16:00:00,1644998400000,2.4660000000,2.4800000000,2.4570000000,2.4620000000,118552.7679240000,292792.3286589910,292792.3286589910,1,SRM-USDT
2022-02-16 17:00:00,1645002000000,2.4630000000,2.4820000000,2.4550000000,2.4550000000,60965.6351500000,150267.7629161770,150267.7629161770,1,SRM-USDT
2022-02-16 18:00:00,1645005600000,2.4540000000,2.4630000000,2.4280000000,2.4560000000,145319.8846700000,355716.6526885230,355716.6526885230,1,SRM-USDT
2022-02-16 19:00:00,1645009200000,2.4560000000,2.4610000000,2.4460000000,2.4490000000,68932.3727200000,169078.7891439120,169078.7891439120,1,SRM-USDT
2022-02-16 20:00:00,1645012800000,2.4490000000,2.4540000000,2.4280000000,2.4300000000,59661.0732790000,145484.1029846620,145484.1029846620,1,SRM-USDT
2022-02-16 21:00:00,1645016400000,2.4310000000,2.4340000000,2.3740000000,2.3850000000,171905.9501130000,412968.9146668710,412968.9146668710,1,SRM-USDT
2022-02-16 22:00:00,1645020000000,2.3850000000,2.3950000000,2.3610000000,2.3680000000,128883.4804470000,306594.9412735000,306594.9412735000,1,SRM-USDT
2022-02-16 23:00:00,1645023600000,2.3690000000,2.3820000000,2.3650000000,2.3740000000,41582.2774900000,98743.1618743140,98743.1618743140,1,SRM-USDT
2022-02-17 00:00:00,1645027200000,2.3750000000,2.3910000000,2.3580000000,2.3890000000,72348.6167160000,171921.0461058010,171921.0461058010,1,SRM-USDT
2022-02-17 01:00:00,1645030800000,2.3870000000,2.3980000000,2.3830000000,2.3890000000,22781.5732660000,54456.6427143380,54456.6427143380,1,SRM-USDT
2022-02-17 02:00:00,1645034400000,2.3870000000,2.4090000000,2.3840000000,2.4060000000,34303.8190560000,82171.5598178230,82171.5598178230,1,SRM-USDT
2022-02-17 03:00:00,1645038000000,2.4050000000,2.4800000000,2.3990000000,2.4730000000,208734.0083530000,513175.2391375670,513175.2391375670,1,SRM-USDT
2022-02-17 04:00:00,1645041600000,2.4740000000,2.4740000000,2.4420000000,2.4440000000,117736.1004060000,289919.4329539370,289919.4329539370,1,SRM-USDT
2022-02-17 05:00:00,1645045200000,2.4450000000,2.4550000000,2.4270000000,2.4370000000,47912.7683420000,116994.7711734520,116994.7711734520,1,SRM-USDT
2022-02-17 06:00:00,1645048800000,2.4370000000,2.4470000000,2.4270000000,2.4360000000,26304.4211380000,64031.0106172680,64031.0106172680,1,SRM-USDT
2022-02-17 07:00:00,1645052400000,2.4370000000,2.4520000000,2.4270000000,2.4280000000,35169.2301230000,85960.1714236370,85960.1714236370,1,SRM-USDT
2022-02-17 08:00:00,1645056000000,2.4300000000,2.4480000000,2.4280000000,2.4480000000,47861.1997830000,116578.5222329430,116578.5222329430,1,SRM-USDT
2022-02-17 09:00:00,1645059600000,2.4480000000,2.4490000000,2.4330000000,2.4350000000,23661.9540910000,57757.7775554720,57757.7775554720,1,SRM-USDT
2022-02-17 10:00:00,1645063200000,2.4340000000,2.4400000000,2.4250000000,2.4360000000,53797.7493790000,130725.4347956330,130725.4347956330,1,SRM-USDT
2022-02-17 11:00:00,1645066800000,2.4340000000,2.4350000000,2.3900000000,2.3900000000,63529.8987740000,153477.3832332870,153477.3832332870,1,SRM-USDT
2022-02-17 12:00:00,1645070400000,2.3890000000,2.3910000000,2.3500000000,2.3660000000,175523.8772480000,415733.5123823950,415733.5123823950,1,SRM-USDT
2022-02-17 13:00:00,1645074000000,2.3660000000,2.3780000000,2.3600000000,2.3730000000,37659.6699110000,89240.7934038090,89240.7934038090,1,SRM-USDT
2022-02-17 14:00:00,1645077600000,2.3730000000,2.3950000000,2.3700000000,2.3940000000,63071.7606270000,150245.3663968630,150245.3663968630,1,SRM-USDT
2022-02-17 15:00:00,1645081200000,2.3940000000,2.3960000000,2.3740000000,2.3960000000,34274.8829030000,81774.2812580830,81774.2812580830,1,SRM-USDT
2022-02-17 16:00:00,1645084800000,2.4000000000,2.4060000000,2.3400000000,2.3650000000,162530.0031790000,385530.6886388360,385530.6886388360,1,SRM-USDT
2022-02-17 17:00:00,1645088400000,2.3630000000,2.3690000000,2.3280000000,2.3520000000,100774.0433120000,236709.1400220020,236709.1400220020,1,SRM-USDT
2022-02-17 18:00:00,1645092000000,2.3510000000,2.3640000000,2.3340000000,2.3430000000,50674.3401610000,119276.3643216450,119276.3643216450,1,SRM-USDT
2022-02-17 19:00:00,1645095600000,2.3420000000,2.3550000000,2.3420000000,2.3520000000,55765.2354670000,131042.5692294120,131042.5692294120,1,SRM-USDT
2022-02-17 20:00:00,1645099200000,2.3490000000,2.3660000000,2.3470000000,2.3510000000,83347.2145670000,196687.3710753970,196687.3710753970,1,SRM-USDT
2022-02-17 21:00:00,1645102800000,2.3510000000,2.3560000000,2.3080000000,2.3180000000,177699.4655900000,412842.2460786320,412842.2460786320,1,SRM-USDT
2022-02-17 22:00:00,1645106400000,2.3140000000,2.3280000000,2.2840000000,2.2900000000,112162.7363120000,258908.7929499970,258908.7929499970,1,SRM-USDT
2022-02-17 23:00:00,1645110000000,2.2900000000,2.3050000000,2.2810000000,2.2990000000,85939.3811130000,197171.7145858060,197171.7145858060,1,SRM-USDT
2022-02-18 00:00:00,1645113600000,2.2990000000,2.3080000000,2.2830000000,2.2960000000,69046.0377080000,158568.0777497180,158568.0777497180,1,SRM-USDT
2022-02-18 01:00:00,1645117200000,2.2960000000,2.2980000000,2.2610000000,2.2690000000,42320.7688620000,96370.7784780250,96370.7784780250,1,SRM-USDT
2022-02-18 02:00:00,1645120800000,2.2680000000,2.2710000000,2.2020000000,2.2450000000,204012.6335780000,456425.3246635930,456425.3246635930,1,SRM-USDT
2022-02-18 03:00:00,1645124400000,2.2430000000,2.2440000000,2.2210000000,2.2410000000,58279.6106500000,130162.1243087310,130162.1243087310,1,SRM-USDT
2022-02-18 04:00:00,1645128000000,2.2380000000,2.2390000000,2.2130000000,2.2260000000,170805.8666320000,379988.2590261170,379988.2590261170,1,SRM-USDT
2022-02-18 05:00:00,1645131600000,2.2260000000,2.2340000000,2.1800000000,2.2290000000,211675.2519050000,467074.7581930990,467074.7581930990,1,SRM-USDT
2022-02-18 06:00:00,1645135200000,2.2300000000,2.2390000000,2.2060000000,2.2240000000,87360.7462980000,194004.2587623660,194004.2587623660,1,SRM-USDT
2022-02-18 07:00:00,1645138800000,2.2240000000,2.2240000000,2.2020000000,2.2080000000,80848.0479850000,179027.6444075090,179027.6444075090,1,SRM-USDT
2022-02-18 08:00:00,1645142400000,2.2080000000,2.2220000000,2.1930000000,2.2220000000,66753.0976810000,147215.3270547700,147215.3270547700,1,SRM-USDT
2022-02-18 09:00:00,1645146000000,2.2210000000,2.2440000000,2.2110000000,2.2340000000,58976.6396910000,131446.5265304310,131446.5265304310,1,SRM-USDT
2022-02-18 10:00:00,1645149600000,2.2340000000,2.2400000000,2.2130000000,2.2210000000,53936.7682430000,119927.9850529170,119927.9850529170,1,SRM-USDT
2022-02-18 11:00:00,1645153200000,2.2220000000,2.2250000000,2.2130000000,2.2180000000,31035.5077250000,68834.6503078780,68834.6503078780,1,SRM-USDT
2022-02-18 12:00:00,1645156800000,2.2210000000,2.2270000000,2.2140000000,2.2150000000,28320.1860970000,62893.6849118280,62893.6849118280,1,SRM-USDT
2022-02-18 13:00:00,1645160400000,2.2140000000,2.2270000000,2.2140000000,2.2240000000,28322.5668510000,62872.0089209640,62872.0089209640,1,SRM-USDT
2022-02-18 14:00:00,1645164000000,2.2200000000,2.2380000000,2.2200000000,2.2360000000,31096.5681140000,69360.0743489400,69360.0743489400,1,SRM-USDT
2022-02-18 15:00:00,1645167600000,2.2360000000,2.2470000000,2.2280000000,2.2330000000,49187.6485710000,110077.7736481090,110077.7736481090,1,SRM-USDT
2022-02-18 16:00:00,1645171200000,2.2330000000,2.2570000000,2.2330000000,2.2530000000,108373.9332460000,243181.5963777940,243181.5963777940,1,SRM-USDT
2022-02-18 17:00:00,1645174800000,2.2540000000,2.2560000000,2.2460000000,2.2550000000,30769.1740020000,69230.9495094900,69230.9495094900,1,SRM-USDT
2022-02-18 18:00:00,1645178400000,2.2540000000,2.2540000000,2.2340000000,2.2470000000,59896.6019080000,134302.4982996590,134302.4982996590,1,SRM-USDT
2022-02-18 19:00:00,1645182000000,2.2480000000,2.2500000000,2.2000000000,2.2030000000,112844.1902950000,250018.6066081240,250018.6066081240,1,SRM-USDT
2022-02-18 20:00:00,1645185600000,2.2020000000,2.2250000000,2.1940000000,2.2180000000,67040.5795630000,148203.5849470920,148203.5849470920,1,SRM-USDT
2022-02-18 21:00:00,1645189200000,2.2190000000,2.2200000000,2.1990000000,2.2150000000,51212.2126810000,113265.5269880970,113265.5269880970,1,SRM-USDT
2022-02-18 22:00:00,1645192800000,2.2140000000,2.2230000000,2.1450000000,2.1910000000,210578.4388770000,456970.8712357430,456970.8712357430,1,SRM-USDT
2022-02-18 23:00:00,1645196400000,2.1950000000,2.2080000000,2.1410000000,2.1500000000,221511.9301290000,481438.2674307520,481438.2674307520,1,SRM-USDT
2022-02-19 00:00:00,1645200000000,2.1500000000,2.1760000000,2.1210000000,2.1400000000,140489.2194630000,301452.6988435240,301452.6988435240,1,SRM-USDT
2022-02-19 01:00:00,1645203600000,2.1390000000,2.1610000000,2.1390000000,2.1480000000,46538.2760440000,100127.7386564090,100127.7386564090,1,SRM-USDT
2022-02-19 02:00:00,1645207200000,2.1490000000,2.1690000000,2.1340000000,2.1660000000,45340.4640290000,97391.2179993780,97391.2179993780,1,SRM-USDT
2022-02-19 03:00:00,1645210800000,2.1650000000,2.1740000000,2.1590000000,2.1720000000,26128.7477000000,56625.7544602110,56625.7544602110,1,SRM-USDT
2022-02-19 04:00:00,1645214400000,2.1730000000,2.1760000000,2.1530000000,2.1540000000,22602.2272330000,48905.4678745070,48905.4678745070,1,SRM-USDT
2022-02-19 05:00:00,1645218000000,2.1580000000,2.1760000000,2.1540000000,2.1560000000,28410.1904410000,61479.2275355540,61479.2275355540,1,SRM-USDT
2022-02-19 06:00:00,1645221600000,2.1540000000,2.1640000000,2.1420000000,2.1510000000,47371.2415150000,101927.8114064950,101927.8114064950,1,SRM-USDT
2022-02-19 07:00:00,1645225200000,2.1490000000,2.1660000000,2.1490000000,2.1590000000,21267.1930920000,45976.2105375270,45976.2105375270,1,SRM-USDT
2022-02-19 08:00:00,1645228800000,2.1580000000,2.1720000000,2.1490000000,2.1710000000,63564.1612310000,137398.5743605650,137398.5743605650,1,SRM-USDT
2022-02-19 09:00:00,1645232400000,2.1710000000,2.1780000000,2.1650000000,2.1660000000,31967.6063700000,69372.3061221810,69372.3061221810,1,SRM-USDT
2022-02-19 10:00:00,1645236000000,2.1670000000,2.1830000000,2.1640000000,2.1710000000,37813.2190860000,82111.6681927460,82111.6681927460,1,SRM-USDT
2022-02-19 11:00:00,1645239600000,2.1690000000,2.1780000000,2.1570000000,2.1570000000,21079.7531950000,45685.3660253610,45685.3660253610,1,SRM-USDT
2022-02-19 12:00:00,1645243200000,2.1580000000,2.1700000000,2.1540000000,2.1670000000,32485.0941560000,70262.0867729310,70262.0867729310,1,SRM-USDT
2022-02-19 13:00:00,1645246800000,2.1670000000,2.1700000000,2.1570000000,2.1670000000,18519.5022890000,40084.7985640120,40084.7985640120,1,SRM-USDT
2022-02-19 14:00:00,1645250400000,2.1660000000,2.1790000000,2.1620000000,2.1760000000,33768.2556610000,73411.0797637870,73411.0797637870,1,SRM-USDT
2022-02-19 15:00:00,1645254000000,2.1760000000,2.1780000000,2.1690000000,2.1730000000,18935.1465080000,41159.9398925760,41159.9398925760,1,SRM-USDT
2022-02-19 16:00:00,1645257600000,2.1730000000,2.1750000000,2.1420000000,2.1480000000,68030.1049350000,146878.0392546670,146878.0392546670,1,SRM-USDT
2022-02-19 17:00:00,1645261200000,2.1470000000,2.1520000000,2.1380000000,2.1380000000,32781.9838440000,70373.7140646540,70373.7140646540,1,SRM-USDT
2022-02-19 18:00:00,1645264800000,2.1380000000,2.1440000000,2.1200000000,2.1320000000,40382.6137710000,86050.2327448130,86050.2327448130,1,SRM-USDT
2022-02-19 19:00:00,1645268400000,2.1340000000,2.1370000000,2.0940000000,2.1070000000,114879.0098040000,241865.4289198580,241865.4289198580,1,SRM-USDT
2022-02-19 20:00:00,1645272000000,2.1070000000,2.1110000000,2.0880000000,2.1000000000,71731.9685100000,150850.2965464420,150850.2965464420,1,SRM-USDT
2022-02-19 21:00:00,1645275600000,2.1020000000,2.1380000000,2.0880000000,2.1320000000,61245.6614910000,129426.9372800710,129426.9372800710,1,SRM-USDT
2022-02-19 22:00:00,1645279200000,2.1300000000,2.1320000000,2.1120000000,2.1260000000,34062.7423930000,72297.4656229510,72297.4656229510,1,SRM-USDT
2022-02-19 23:00:00,1645282800000,2.1240000000,2.1440000000,2.1200000000,2.1400000000,42334.6189800000,90427.2826470630,90427.2826470630,1,SRM-USDT
2022-02-20 00:00:00,1645286400000,2.1430000000,2.1730000000,2.1370000000,2.1430000000,102881.2881930000,221655.8238680410,221655.8238680410,1,SRM-USDT
2022-02-20 01:00:00,1645290000000,2.1430000000,2.1610000000,2.1380000000,2.1580000000,24789.9795810000,53269.5142651350,53269.5142651350,1,SRM-USDT
2022-02-20 02:00:00,1645293600000,2.1570000000,2.1590000000,2.1380000000,2.1420000000,16534.4342020000,35490.3571876730,35490.3571876730,1,SRM-USDT
2022-02-20 03:00:00,1645297200000,2.1430000000,2.1430000000,2.1230000000,2.1270000000,27360.8032610000,58361.3053638590,58361.3053638590,1,SRM-USDT
2022-02-20 04:00:00,1645300800000,2.1260000000,2.1410000000,2.1240000000,2.1360000000,15388.8626720000,32840.2645808130,32840.2645808130,1,SRM-USDT
2022-02-20 05:00:00,1645304400000,2.1360000000,2.1360000000,2.1190000000,2.1260000000,22307.8030960000,47381.2568171520,47381.2568171520,1,SRM-USDT
2022-02-20 06:00:00,1645308000000,2.1240000000,2.1390000000,2.1230000000,2.1390000000,20098.1848500000,42851.5198936790,42851.5198936790,1,SRM-USDT
2022-02-20 07:00:00,1645311600000,2.1360000000,2.1560000000,2.1330000000,2.1540000000,41124.2287560000,88304.9211674140,88304.9211674140,1,SRM-USDT
2022-02-20 08:00:00,1645315200000,2.1540000000,2.1550000000,2.1170000000,2.1200000000,40636.7318260000,86693.5278210180,86693.5278210180,1,SRM-USDT
2022-02-20 09:00:00,1645318800000,2.1220000000,2.1310000000,2.1080000000,2.1280000000,28151.4463590000,59677.6604491650,59677.6604491650,1,SRM-USDT
2022-02-20 10:00:00,1645322400000,2.1300000000,2.1320000000,2.1040000000,2.1060000000,24445.4098810000,51888.5592303650,51888.5592303650,1,SRM-USDT
2022-02-20 11:00:00,1645326000000,2.1060000000,2.1090000000,2.0890000000,2.1000000000,56994.3712620000,119572.0507869020,119572.0507869020,1,SRM-USDT
2022-02-20 12:00:00,1645329600000,2.1000000000,2.1040000000,2.0710000000,2.0770000000,109459.0370780000,228256.0547712210,228256.0547712210,1,SRM-USDT
2022-02-20 13:00:00,1645333200000,2.0760000000,2.0930000000,2.0600000000,2.0630000000,112493.9768030000,233999.0969997590,233999.0969997590,1,SRM-USDT
2022-02-20 14:00:00,1645336800000,2.0630000000,2.0710000000,2.0370000000,2.0530000000,176684.2824510000,362079.6043939020,362079.6043939020,1,SRM-USDT
2022-02-20 15:00:00,1645340400000,2.0530000000,2.0740000000,2.0480000000,2.0710000000,87197.8762570000,179366.2522652560,179366.2522652560,1,SRM-USDT
2022-02-20 16:00:00,1645344000000,2.0700000000,2.0700000000,2.0400000000,2.0490000000,107277.0638570000,220097.3792539600,220097.3792539600,1,SRM-USDT
2022-02-20 17:00:00,1645347600000,2.0480000000,2.0780000000,2.0420000000,2.0640000000,106422.7560160000,219744.4516508360,219744.4516508360,1,SRM-USDT
2022-02-20 18:00:00,1645351200000,2.0660000000,2.0800000000,2.0510000000,2.0520000000,91460.7698300000,189454.2131311110,189454.2131311110,1,SRM-USDT
2022-02-20 19:00:00,1645354800000,2.0520000000,2.0790000000,2.0520000000,2.0750000000,40429.8734930000,83427.9100732890,83427.9100732890,1,SRM-USDT
2022-02-20 20:00:00,1645358400000,2.0760000000,2.0970000000,2.0580000000,2.0600000000,42175.3841940000,87523.0349841360,87523.0349841360,1,SRM-USDT
2022-02-20 21:00:00,1645362000000,2.0610000000,2.0790000000,2.0550000000,2.0570000000,52691.6363620000,108749.9884696020,108749.9884696020,1,SRM-USDT
2022-02-20 22:00:00,1645365600000,2.0580000000,2.0640000000,2.0200000000,2.0440000000,104180.9254320000,212440.0512492540,212440.0512492540,1,SRM-USDT
2022-02-20 23:00:00,1645369200000,2.0430000000,2.0730000000,2.0410000000,2.0600000000,53766.2095830000,110501.6442390870,110501.6442390870,1,SRM-USDT
2022-02-21 00:00:00,1645372800000,2.0580000000,2.0750000000,2.0530000000,2.0660000000,60821.5667870000,125606.8345514310,125606.8345514310,1,SRM-USDT
2022-02-21 01:00:00,1645376400000,2.0640000000,2.0700000000,2.0530000000,2.0640000000,37841.2316030000,78125.3471768690,78125.3471768690,1,SRM-USDT
2022-02-21 02:00:00,1645380000000,2.0620000000,2.0950000000,2.0600000000,2.0900000000,63780.5910170000,132863.2536820260,132863.2536820260,1,SRM-USDT
2022-02-21 03:00:00,1645383600000,2.0910000000,2.0910000000,2.0700000000,2.0760000000,33927.2022480000,70527.5949935720,70527.5949935720,1,SRM-USDT
2022-02-21 04:00:00,1645387200000,2.0750000000,2.0750000000,2.0610000000,2.0620000000,32640.7359340000,67500.0589713080,67500.0589713080,1,SRM-USDT
2022-02-21 05:00:00,1645390800000,2.0630000000,2.0670000000,2.0310000000,2.0450000000,70414.1646840000,143833.9802026710,143833.9802026710,1,SRM-USDT
2022-02-21 06:00:00,1645394400000,2.0480000000,2.0850000000,2.0480000000,2.0840000000,41910.6264850000,86440.5716438730,86440.5716438730,1,SRM-USDT
2022-02-21 07:00:00,1645398000000,2.0830000000,2.0920000000,2.0550000000,2.0600000000,73333.8594450000,152266.1845692370,152266.1845692370,1,SRM-USDT
2022-02-21 08:00:00,1645401600000,2.0600000000,2.0980000000,2.0480000000,2.0970000000,102744.3624730000,213114.3751745140,213114.3751745140,1,SRM-USDT
2022-02-21 09:00:00,1645405200000,2.0940000000,2.1350000000,2.0890000000,2.1260000000,81202.4273300000,171968.7917317500,171968.7917317500,1,SRM-USDT
2022-02-21 10:00:00,1645408800000,2.1280000000,2.1300000000,2.1190000000,2.1200000000,88563.5079170000,188253.5635618820,188253.5635618820,1,SRM-USDT
2022-02-21 11:00:00,1645412400000,2.1190000000,2.1250000000,2.0980000000,2.1050000000,60067.2120740000,127009.7078425600,127009.7078425600,1,SRM-USDT
2022-02-21 12:00:00,1645416000000,2.1050000000,2.1310000000,2.1050000000,2.1260000000,84444.2086570000,178935.7637640090,178935.7637640090,1,SRM-USDT
2022-02-21 13:00:00,1645419600000,2.1260000000,2.1340000000,2.1140000000,2.1160000000,59123.3350880000,125464.0291636810,125464.0291636810,1,SRM-USDT
2022-02-21 14:00:00,1645423200000,2.1160000000,2.1300000000,2.1110000000,2.1300000000,41210.0832010000,87390.6234110200,87390.6234110200,1,SRM-USDT
2022-02-21 15:00:00,1645426800000,2.1300000000,2.1470000000,2.1220000000,2.1440000000,51406.5555960000,109813.1063882710,109813.1063882710,1,SRM-USDT
2022-02-21 16:00:00,1645430400000,2.1410000000,2.1470000000,2.1170000000,2.1210000000,79402.9026560000,169381.8099965690,169381.8099965690,1,SRM-USDT
2022-02-21 17:00:00,1645434000000,2.1210000000,2.1270000000,2.1080000000,2.1110000000,73158.7816850000,155147.0858353920,155147.0858353920,1,SRM-USDT
2022-02-21 18:00:00,1645437600000,2.1090000000,2.1130000000,2.0700000000,2.0760000000,118621.0488390000,247786.6005081910,247786.6005081910,1,SRM-USDT
2022-02-21 19:00:00,1645441200000,2.0760000000,2.0850000000,2.0050000000,2.0210000000,397161.9116790000,814246.9416584350,814246.9416584350,1,SRM-USDT
2022-02-21 20:00:00,1645444800000,2.0200000000,2.0310000000,1.9980000000,2.0090000000,177313.0918080000,356730.9413807610,356730.9413807610,1,SRM-USDT
2022-02-21 21:00:00,1645448400000,2.0070000000,2.0140000000,1.9810000000,1.9980000000,170120.5163170000,339421.8061898910,339421.8061898910,1,SRM-USDT
2022-02-21 22:00:00,1645452000000,1.9970000000,2.0770000000,1.9850000000,2.0710000000,380478.4904880000,780422.9992375890,780422.9992375890,1,SRM-USDT
2022-02-21 23:00:00,1645455600000,2.0680000000,2.1010000000,2.0610000000,2.0650000000,170949.7566670000,355673.6547133800,355673.6547133800,1,SRM-USDT
2022-02-22 00:00:00,1645459200000,2.0640000000,2.0750000000,2.0500000000,2.0530000000,98406.5911260000,203244.2078715090,203244.2078715090,1,SRM-USDT
2022-02-22 01:00:00,1645462800000,2.0540000000,2.0660000000,2.0380000000,2.0400000000,76080.3848460000,156283.1512707520,156283.1512707520,1,SRM-USDT
2022-02-22 02:00:00,1645466400000,2.0410000000,2.0450000000,1.9920000000,2.0110000000,293093.5434340000,589683.3642323260,589683.3642323260,1,SRM-USDT
2022-02-22 03:00:00,1645470000000,2.0080000000,2.0290000000,1.9940000000,2.0160000000,242850.7617100000,488183.0536650280,488183.0536650280,1,SRM-USDT
2022-02-22 04:00:00,1645473600000,2.0120000000,2.0210000000,1.9990000000,2.0140000000,66755.7401000000,134216.9317644890,134216.9317644890,1,SRM-USDT
2022-02-22 05:00:00,1645477200000,2.0150000000,2.0390000000,1.9430000000,1.9460000000,210685.9605230000,418539.2758103470,418539.2758103470,1,SRM-USDT
2022-02-22 06:00:00,1645480800000,1.9440000000,1.9780000000,1.9380000000,1.9570000000,193975.4315800000,379124.7652032430,379124.7652032430,1,SRM-USDT
2022-02-22 07:00:00,1645484400000,1.9570000000,1.9890000000,1.9020000000,1.9060000000,419959.3080740000,811724.1358402140,811724.1358402140,1,SRM-USDT
2022-02-22 08:00:00,1645488000000,1.9070000000,1.9310000000,1.8940000000,1.9210000000,189438.2409230000,363103.3582311460,363103.3582311460,1,SRM-USDT
2022-02-22 09:00:00,1645491600000,1.9230000000,1.9320000000,1.8940000000,1.9110000000,165581.1007550000,316241.2154989970,316241.2154989970,1,SRM-USDT
2022-02-22 10:00:00,1645495200000,1.9090000000,1.9100000000,1.8890000000,1.9010000000,116352.9713420000,220826.3148782530,220826.3148782530,1,SRM-USDT
2022-02-22 11:00:00,1645498800000,1.8990000000,1.9000000000,1.8430000000,1.8560000000,277441.6912840000,516793.6280891360,516793.6280891360,1,SRM-USDT
2022-02-22 12:00:00,1645502400000,1.8580000000,1.8760000000,1.8490000000,1.8520000000,118486.4426700000,220729.1656108670,220729.1656108670,1,SRM-USDT
2022-02-22 13:00:00,1645506000000,1.8520000000,1.9000000000,1.8440000000,1.8690000000,173171.9250230000,323360.0641536460,323360.0641536460,1,SRM-USDT
2022-02-22 14:00:00,1645509600000,1.8650000000,1.8910000000,1.8630000000,1.8830000000,121439.1546900000,227770.4694612580,227770.4694612580,1,SRM-USDT
2022-02-22 15:00:00,1645513200000,1.8830000000,1.8880000000,1.8590000000,1.8670000000,104430.0557980000,195471.3410809260,195471.3410809260,1,SRM-USDT
2022-02-22 16:00:00,1645516800000,1.8670000000,1.9100000000,1.8660000000,1.9040000000,80862.9790950000,152556.1937506480,152556.1937506480,1,SRM-USDT
2022-02-22 17:00:00,1645520400000,1.9040000000,1.9190000000,1.8960000000,1.9020000000,61197.8240140000,116586.9581251750,116586.9581251750,1,SRM-USDT
2022-02-22 18:00:00,1645524000000,1.9020000000,1.9430000000,1.8920000000,1.9360000000,168570.7953190000,324528.6434940610,324528.6434940610,1,SRM-USDT
2022-02-22 19:00:00,1645527600000,1.9360000000,1.9410000000,1.9150000000,1.9260000000,60191.7822800000,115914.6027633670,115914.6027633670,1,SRM-USDT
2022-02-22 20:00:00,1645531200000,1.9240000000,1.9400000000,1.9070000000,1.9250000000,100289.6221810000,193020.1446939990,193020.1446939990,1,SRM-USDT
2022-02-22 21:00:00,1645534800000,1.9280000000,1.9510000000,1.9110000000,1.9450000000,86095.3968860000,165682.5877466430,165682.5877466430,1,SRM-USDT
2022-02-22 22:00:00,1645538400000,1.9450000000,1.9830000000,1.9220000000,1.9740000000,181750.3339700000,354773.4106025240,354773.4106025240,1,SRM-USDT
2022-02-22 23:00:00,1645542000000,1.9730000000,1.9810000000,1.9490000000,1.9530000000,110817.5189590000,217914.1919341740,217914.1919341740,1,SRM-USDT
2022-02-23 00:00:00,1645545600000,1.9540000000,1.9620000000,1.9240000000,1.9370000000,94920.4344110000,183839.0796858690,183839.0796858690,1,SRM-USDT
2022-02-23 01:00:00,1645549200000,1.9370000000,1.9420000000,1.9110000000,1.9210000000,85721.5001420000,164831.1846939770,164831.1846939770,1,SRM-USDT
2022-02-23 02:00:00,1645552800000,1.9220000000,1.9300000000,1.9100000000,1.9110000000,86770.7438450000,166556.7134983630,166556.7134983630,1,SRM-USDT
2022-02-23 03:00:00,1645556400000,1.9100000000,1.9210000000,1.8890000000,1.9180000000,187599.0498210000,357507.0859915640,357507.0859915640,1,SRM-USDT
2022-02-23 04:00:00,1645560000000,1.9200000000,1.9290000000,1.8800000000,1.9020000000,161014.8090480000,307053.1103994460,307053.1103994460,1,SRM-USDT
2022-02-23 05:00:00,1645563600000,1.9020000000,1.9180000000,1.9020000000,1.9150000000,113618.2867710000,217337.8614120310,217337.8614120310,1,SRM-USDT
2022-02-23 06:00:00,1645567200000,1.9120000000,1.9180000000,1.9050000000,1.9140000000,90665.1542710000,173349.8486404620,173349.8486404620,1,SRM-USDT
2022-02-23 07:00:00,1645570800000,1.9160000000,1.9590000000,1.9160000000,1.9540000000,91307.0374610000,177257.1677312220,177257.1677312220,1,SRM-USDT
2022-02-23 08:00:00,1645574400000,1.9530000000,1.9620000000,1.9330000000,1.9420000000,103211.0811370000,200832.5764502190,200832.5764502190,1,SRM-USDT
2022-02-23 09:00:00,1645578000000,1.9420000000,1.9450000000,1.9260000000,1.9360000000,45216.2242350000,87522.2466216750,87522.2466216750,1,SRM-USDT
2022-02-23 10:00:00,1645581600000,1.9360000000,1.9640000000,1.9150000000,1.9270000000,96272.7576310000,186123.0207096110,186123.0207096110,1,SRM-USDT
2022-02-23 11:00:00,1645585200000,1.9270000000,1.9380000000,1.9210000000,1.9320000000,44335.4411130000,85650.9528879670,85650.9528879670,1,SRM-USDT
2022-02-23 12:00:00,1645588800000,1.9330000000,1.9510000000,1.9300000000,1.9440000000,62515.5877080000,121207.3890050940,121207.3890050940,1,SRM-USDT
2022-02-23 13:00:00,1645592400000,1.9460000000,1.9570000000,1.9370000000,1.9470000000,79275.6455370000,154495.5751613890,154495.5751613890,1,SRM-USDT
2022-02-23 14:00:00,1645596000000,1.9510000000,1.9590000000,1.9470000000,1.9490000000,70869.0464420000,138395.7937337560,138395.7937337560,1,SRM-USDT
2022-02-23 15:00:00,1645599600000,1.9480000000,1.9720000000,1.9480000000,1.9700000000,139262.5774810000,273284.4453186530,273284.4453186530,1,SRM-USDT
2022-02-23 16:00:00,1645603200000,1.9700000000,1.9970000000,1.9630000000,1.9880000000,150262.4726590000,298019.1403792410,298019.1403792410,1,SRM-USDT
2022-02-23 17:00:00,1645606800000,1.9870000000,2.0060000000,1.9860000000,1.9990000000,101321.8612830000,202427.0197357470,202427.0197357470,1,SRM-USDT
2022-02-23 18:00:00,1645610400000,2.0000000000,2.0120000000,1.9960000000,2.0120000000,94822.7212280000,190057.3074093830,190057.3074093830,1,SRM-USDT
2022-02-23 19:00:00,1645614000000,2.0090000000,2.0300000000,1.9940000000,2.0070000000,168212.4956440000,337719.9814588360,337719.9814588360,1,SRM-USDT
2022-02-23 20:00:00,1645617600000,2.0080000000,2.0280000000,2.0060000000,2.0220000000,122667.4771360000,247167.7185837080,247167.7185837080,1,SRM-USDT
2022-02-23 21:00:00,1645621200000,2.0220000000,2.0340000000,2.0050000000,2.0090000000,71102.8730020000,143495.0888328400,143495.0888328400,1,SRM-USDT
2022-02-23 22:00:00,1645624800000,2.0050000000,2.0110000000,1.9760000000,1.9780000000,154436.5757070000,308546.0028922270,308546.0028922270,1,SRM-USDT
2022-02-23 23:00:00,1645628400000,1.9790000000,1.9820000000,1.9650000000,1.9680000000,88010.6888450000,173677.5566249090,173677.5566249090,1,SRM-USDT
2022-02-24 00:00:00,1645632000000,1.9680000000,1.9920000000,1.9470000000,1.9890000000,108199.5428000000,213223.9522232580,213223.9522232580,1,SRM-USDT
2022-02-24 01:00:00,1645635600000,1.9890000000,2.0190000000,1.9550000000,1.9630000000,125907.2446890000,251081.4182824470,251081.4182824470,1,SRM-USDT
2022-02-24 02:00:00,1645639200000,1.9630000000,1.9690000000,1.9360000000,1.9480000000,99214.0101100000,193526.3864109920,193526.3864109920,1,SRM-USDT
2022-02-24 03:00:00,1645642800000,1.9450000000,1.9540000000,1.9210000000,1.9300000000,77373.6900870000,149822.5715524520,149822.5715524520,1,SRM-USDT
2022-02-24 04:00:00,1645646400000,1.9290000000,1.9340000000,1.9090000000,1.9290000000,78086.5492960000,150088.8124396330,150088.8124396330,1,SRM-USDT
2022-02-24 05:00:00,1645650000000,1.9310000000,1.9390000000,1.9000000000,1.9050000000,65924.9473580000,126652.7528526450,126652.7528526450,1,SRM-USDT
2022-02-24 06:00:00,1645653600000,1.9040000000,1.9110000000,1.8820000000,1.9090000000,61294.8478100000,116379.6877831590,116379.6877831590,1,SRM-USDT
2022-02-24 07:00:00,1645657200000,1.9040000000,1.9080000000,1.8650000000,1.8740000000,141883.4769220000,267067.4276516500,267067.4276516500,1,SRM-USDT
2022-02-24 08:00:00,1645660800000,1.8760000000,1.8900000000,1.8540000000,1.8570000000,144936.6769910000,270997.3803411970,270997.3803411970,1,SRM-USDT
2022-02-24 09:00:00,1645664400000,1.8620000000,1.8820000000,1.8550000000,1.8810000000,88880.0365500000,166125.4672844380,166125.4672844380,1,SRM-USDT
2022-02-24 10:00:00,1645668000000,1.8810000000,1.8880000000,1.8140000000,1.8220000000,168748.5472410000,313694.7063873000,313694.7063873000,1,SRM-USDT
2022-02-24 11:00:00,1645671600000,1.8200000000,1.8220000000,1.7080000000,1.7260000000,629363.7933650000,1116618.1652976410,1116618.1652976410,1,SRM-USDT
2022-02-24 12:00:00,1645675200000,1.7260000000,1.7460000000,1.6970000000,1.7390000000,333297.6691600000,573356.6120125630,573356.6120125630,1,SRM-USDT
2022-02-24 13:00:00,1645678800000,1.7380000000,1.7380000000,1.6700000000,1.6960000000,330529.4765330000,561192.9111056880,561192.9111056880,1,SRM-USDT
2022-02-24 14:00:00,1645682400000,1.7010000000,1.7160000000,1.6790000000,1.6910000000,146437.3673750000,248047.2727605520,248047.2727605520,1,SRM-USDT
2022-02-24 15:00:00,1645686000000,1.6930000000,1.7260000000,1.6550000000,1.7030000000,243097.1336560000,409848.6489129550,409848.6489129550,1,SRM-USDT
2022-02-24 16:00:00,1645689600000,1.7050000000,1.7370000000,1.6920000000,1.7040000000,224145.1790780000,383968.7741416870,383968.7741416870,1,SRM-USDT
2022-02-24 17:00:00,1645693200000,1.7060000000,1.7200000000,1.6840000000,1.6860000000,102306.1266500000,174098.9513501870,174098.9513501870,1,SRM-USDT
2022-02-24 18:00:00,1645696800000,1.6840000000,1.6900000000,1.6620000000,1.6770000000,134503.0053910000,225399.3230366830,225399.3230366830,1,SRM-USDT
2022-02-24 19:00:00,1645700400000,1.6750000000,1.6970000000,1.6600000000,1.6910000000,157305.1341890000,263500.7129509920,263500.7129509920,1,SRM-USDT
2022-02-24 20:00:00,1645704000000,1.6900000000,1.6920000000,1.6680000000,1.6790000000,127995.6975270000,215026.0110220770,215026.0110220770,1,SRM-USDT
2022-02-24 21:00:00,1645707600000,1.6800000000,1.7090000000,1.6710000000,1.6970000000,145982.6726020000,246934.3122270510,246934.3122270510,1,SRM-USDT
2022-02-24 22:00:00,1645711200000,1.6980000000,1.7230000000,1.6820000000,1.7210000000,235494.3970090000,401616.5312984130,401616.5312984130,1,SRM-USDT
2022-02-24 23:00:00,1645714800000,1.7190000000,1.7580000000,1.7060000000,1.7490000000,192422.6403110000,333696.7350880670,333696.7350880670,1,SRM-USDT
2022-02-25 00:00:00,1645718400000,1.7490000000,1.7740000000,1.7290000000,1.7520000000,189076.4952590000,332011.2917380120,332011.2917380120,1,SRM-USDT
2022-02-25 01:00:00,1645722000000,1.7520000000,1.7520000000,1.7160000000,1.7320000000,98610.9311220000,170791.3636695820,170791.3636695820,1,SRM-USDT
2022-02-25 02:00:00,1645725600000,1.7300000000,1.8000000000,1.7300000000,1.7830000000,144421.0391010000,254881.5100353220,254881.5100353220,1,SRM-USDT
2022-02-25 03:00:00,1645729200000,1.7820000000,1.8240000000,1.7760000000,1.8230000000,187961.8602220000,338459.5086265690,338459.5086265690,1,SRM-USDT
2022-02-25 04:00:00,1645732800000,1.8210000000,1.8920000000,1.8210000000,1.8610000000,482171.5911330000,895691.4339862500,895691.4339862500,1,SRM-USDT
2022-02-25 05:00:00,1645736400000,1.8640000000,1.8640000000,1.8340000000,1.8540000000,96544.5007200000,178541.7082992910,178541.7082992910,1,SRM-USDT
2022-02-25 06:00:00,1645740000000,1.8540000000,1.8610000000,1.8010000000,1.8070000000,79022.5093270000,144690.8911450460,144690.8911450460,1,SRM-USDT
2022-02-25 07:00:00,1645743600000,1.8090000000,1.8440000000,1.8090000000,1.8390000000,77856.3814810000,142583.8527694980,142583.8527694980,1,SRM-USDT
2022-02-25 08:00:00,1645747200000,1.8380000000,1.8590000000,1.8180000000,1.8190000000,152587.8236750000,280802.6976082880,280802.6976082880,1,SRM-USDT
2022-02-25 09:00:00,1645750800000,1.8190000000,1.8560000000,1.8140000000,1.8460000000,90635.2077600000,166622.6597027800,166622.6597027800,1,SRM-USDT
2022-02-25 10:00:00,1645754400000,1.8430000000,1.8630000000,1.8400000000,1.8560000000,48536.5943020000,89890.9355018320,89890.9355018320,1,SRM-USDT
2022-02-25 11:00:00,1645758000000,1.8560000000,1.8620000000,1.8370000000,1.8560000000,76356.4487120000,141076.2562613250,141076.2562613250,1,SRM-USDT
2022-02-25 12:00:00,1645761600000,1.8560000000,1.8610000000,1.8440000000,1.8450000000,45627.8191150000,84523.0372120010,84523.0372120010,1,SRM-USDT
2022-02-25 13:00:00,1645765200000,1.8450000000,1.8520000000,1.8250000000,1.8410000000,70392.2661600000,129353.9093280540,129353.9093280540,1,SRM-USDT
2022-02-25 14:00:00,1645768800000,1.8440000000,1.8740000000,1.8380000000,1.8690000000,111743.2352180000,207488.5539541810,207488.5539541810,1,SRM-USDT
2022-02-25 15:00:00,1645772400000,1.8680000000,1.8790000000,1.8570000000,1.8610000000,79127.9526020000,147776.2917161160,147776.2917161160,1,SRM-USDT
2022-02-25 16:00:00,1645776000000,1.8600000000,1.8650000000,1.8280000000,1.8440000000,82461.0305140000,151842.8536458820,151842.8536458820,1,SRM-USDT
2022-02-25 17:00:00,1645779600000,1.8430000000,1.8670000000,1.8210000000,1.8630000000,154816.0683810000,285482.8679662390,285482.8679662390,1,SRM-USDT
2022-02-25 18:00:00,1645783200000,1.8650000000,1.8700000000,1.8510000000,1.8670000000,74083.1962290000,137924.6214818720,137924.6214818720,1,SRM-USDT
2022-02-25 19:00:00,1645786800000,1.8670000000,1.9030000000,1.8530000000,1.8990000000,152118.9796750000,286094.0925842470,286094.0925842470,1,SRM-USDT
2022-02-25 20:00:00,1645790400000,1.8990000000,1.9220000000,1.8920000000,1.9170000000,126647.0074340000,241553.7636116260,241553.7636116260,1,SRM-USDT
2022-02-25 21:00:00,1645794000000,1.9200000000,1.9460000000,1.9100000000,1.9130000000,126148.1247470000,243040.0590951620,243040.0590951620,1,SRM-USDT
2022-02-25 22:00:00,1645797600000,1.9140000000,1.9220000000,1.8900000000,1.8910000000,83859.6947940000,159854.4464515900,159854.4464515900,1,SRM-USDT
2022-02-25 23:00:00,1645801200000,1.8940000000,1.9190000000,1.8750000000,1.9140000000,180966.1507110000,342967.0906302770,342967.0906302770,1,SRM-USDT
2022-02-26 00:00:00,1645804800000,1.9140000000,1.9290000000,1.9000000000,1.9170000000,92956.5274060000,177838.6672839290,177838.6672839290,1,SRM-USDT
2022-02-26 01:00:00,1645808400000,1.9160000000,1.9210000000,1.8940000000,1.9010000000,77995.8288370000,148746.1845269810,148746.1845269810,1,SRM-USDT
2022-02-26 02:00:00,1645812000000,1.9040000000,1.9080000000,1.8800000000,1.8890000000,100422.6944040000,190227.3659952270,190227.3659952270,1,SRM-USDT
2022-02-26 03:00:00,1645815600000,1.8910000000,1.9100000000,1.8840000000,1.8950000000,81688.8567310000,155024.8664161210,155024.8664161210,1,SRM-USDT
2022-02-26 04:00:00,1645819200000,1.8930000000,1.9200000000,1.8850000000,1.9130000000,60346.7417010000,114828.6537022510,114828.6537022510,1,SRM-USDT
2022-02-26 05:00:00,1645822800000,1.9120000000,1.9330000000,1.9080000000,1.9230000000,39411.8489720000,75665.1088420850,75665.1088420850,1,SRM-USDT
2022-02-26 06:00:00,1645826400000,1.9220000000,1.9650000000,1.9140000000,1.9630000000,42852.9865420000,83427.9024626960,83427.9024626960,1,SRM-USDT
2022-02-26 07:00:00,1645830000000,1.9630000000,1.9710000000,1.9360000000,1.9460000000,190222.7015070000,371155.8797827920,371155.8797827920,1,SRM-USDT
2022-02-26 08:00:00,1645833600000,1.9480000000,2.0160000000,1.9450000000,1.9980000000,201854.3909180000,400502.5871236010,400502.5871236010,1,SRM-USDT
2022-02-26 09:00:00,1645837200000,1.9980000000,2.0090000000,1.9840000000,1.9900000000,105337.6216920000,210093.8529938040,210093.8529938040,1,SRM-USDT
2022-02-26 10:00:00,1645840800000,1.9920000000,1.9980000000,1.9790000000,1.9890000000,85108.7962030000,169361.6335668600,169361.6335668600,1,SRM-USDT
2022-02-26 11:00:00,1645844400000,1.9920000000,1.9920000000,1.9650000000,1.9790000000,45509.9535950000,89965.6567737390,89965.6567737390,1,SRM-USDT
2022-02-26 12:00:00,1645848000000,1.9750000000,1.9960000000,1.9730000000,1.9850000000,38422.6665260000,76217.2989274440,76217.2989274440,1,SRM-USDT
2022-02-26 13:00:00,1645851600000,1.9890000000,1.9890000000,1.9480000000,1.9510000000,48195.4505460000,95103.4995894580,95103.4995894580,1,SRM-USDT
2022-02-26 14:00:00,1645855200000,1.9520000000,1.9620000000,1.9510000000,1.9550000000,33978.9598760000,66467.7012340790,66467.7012340790,1,SRM-USDT
2022-02-26 15:00:00,1645858800000,1.9550000000,1.9770000000,1.9410000000,1.9770000000,38902.5811470000,76134.4475851620,76134.4475851620,1,SRM-USDT
2022-02-26 16:00:00,1645862400000,1.9770000000,1.9930000000,1.9400000000,1.9510000000,93623.8960420000,184017.0514630680,184017.0514630680,1,SRM-USDT
2022-02-26 17:00:00,1645866000000,1.9530000000,1.9610000000,1.9310000000,1.9490000000,81223.3371570000,158305.8282286820,158305.8282286820,1,SRM-USDT
2022-02-26 18:00:00,1645869600000,1.9470000000,1.9660000000,1.9470000000,1.9630000000,62905.4704380000,122982.5115887370,122982.5115887370,1,SRM-USDT
2022-02-26 19:00:00,1645873200000,1.9630000000,1.9720000000,1.9440000000,1.9630000000,58997.2160400000,115603.6662913630,115603.6662913630,1,SRM-USDT
2022-02-26 20:00:00,1645876800000,1.9610000000,1.9740000000,1.9540000000,1.9740000000,57144.7823370000,112062.4841667520,112062.4841667520,1,SRM-USDT
2022-02-26 21:00:00,1645880400000,1.9750000000,1.9940000000,1.9700000000,1.9870000000,99382.7802600000,197331.2467903120,197331.2467903120,1,SRM-USDT
2022-02-26 22:00:00,1645884000000,1.9880000000,2.0020000000,1.9740000000,1.9980000000,74424.7000100000,148110.8388649310,148110.8388649310,1,SRM-USDT
2022-02-26 23:00:00,1645887600000,1.9990000000,2.0220000000,1.9940000000,2.0010000000,99846.5670820000,200665.3646841450,200665.3646841450,1,SRM-USDT
2022-02-27 00:00:00,1645891200000,2.0010000000,2.0090000000,1.9900000000,1.9960000000,35912.4513570000,71754.7112760860,71754.7112760860,1,SRM-USDT
2022-02-27 01:00:00,1645894800000,1.9940000000,2.0000000000,1.9880000000,1.9910000000,24324.5674240000,48476.4604011250,48476.4604011250,1,SRM-USDT
2022-02-27 02:00:00,1645898400000,1.9900000000,1.9900000000,1.9620000000,1.9840000000,38116.8761440000,75185.8712054800,75185.8712054800,1,SRM-USDT
2022-02-27 03:00:00,1645902000000,1.9860000000,2.0030000000,1.9860000000,1.9990000000,51969.5680200000,103766.6560962530,103766.6560962530,1,SRM-USDT
2022-02-27 04:00:00,1645905600000,2.0000000000,2.0150000000,1.9950000000,2.0050000000,33990.8845100000,68138.6171849690,68138.6171849690,1,SRM-USDT
2022-02-27 05:00:00,1645909200000,2.0050000000,2.0230000000,2.0030000000,2.0090000000,43662.3768240000,87895.9593807480,87895.9593807480,1,SRM-USDT
2022-02-27 06:00:00,1645912800000,2.0100000000,2.0100000000,1.9810000000,1.9810000000,25757.8729290000,51341.6185992780,51341.6185992780,1,SRM-USDT
2022-02-27 07:00:00,1645916400000,1.9800000000,1.9840000000,1.9640000000,1.9790000000,53589.4090620000,105671.2016439140,105671.2016439140,1,SRM-USDT
2022-02-27 08:00:00,1645920000000,1.9790000000,1.9930000000,1.9420000000,1.9510000000,200022.0905520000,392466.2880470610,392466.2880470610,1,SRM-USDT
2022-02-27 09:00:00,1645923600000,1.9520000000,1.9590000000,1.9090000000,1.9110000000,171201.9304630000,330572.4913510030,330572.4913510030,1,SRM-USDT
2022-02-27 10:00:00,1645927200000,1.9110000000,1.9350000000,1.9070000000,1.9300000000,54889.5943340000,105500.6241388460,105500.6241388460,1,SRM-USDT
2022-02-27 11:00:00,1645930800000,1.9290000000,1.9420000000,1.9290000000,1.9330000000,28179.6394290000,54526.2631677360,54526.2631677360,1,SRM-USDT
2022-02-27 12:00:00,1645934400000,1.9340000000,1.9400000000,1.9240000000,1.9300000000,24611.4312150000,47565.5732296630,47565.5732296630,1,SRM-USDT
2022-02-27 13:00:00,1645938000000,1.9320000000,1.9540000000,1.9210000000,1.9460000000,36348.7774330000,70390.6408682720,70390.6408682720,1,SRM-USDT
2022-02-27 14:00:00,1645941600000,1.9440000000,1.9700000000,1.9420000000,1.9680000000,28926.9417820000,56630.0497098520,56630.0497098520,1,SRM-USDT
2022-02-27 15:00:00,1645945200000,1.9690000000,1.9780000000,1.9680000000,1.9680000000,58197.8634280000,114761.7696787180,114761.7696787180,1,SRM-USDT
2022-02-27 16:00:00,1645948800000,1.9670000000,1.9730000000,1.9450000000,1.9670000000,43396.1263330000,85161.0230165700,85161.0230165700,1,SRM-USDT
2022-02-27 17:00:00,1645952400000,1.9660000000,2.0060000000,1.9640000000,2.0020000000,89127.7544520000,177031.7783575540,177031.7783575540,1,SRM-USDT
2022-02-27 18:00:00,1645956000000,2.0020000000,2.0330000000,1.9910000000,2.0240000000,103307.4948250000,207652.8095318030,207652.8095318030,1,SRM-USDT
2022-02-27 19:00:00,1645959600000,2.0250000000,2.0280000000,2.0130000000,2.0190000000,86952.9209850000,175827.3823400790,175827.3823400790,1,SRM-USDT
2022-02-27 20:00:00,1645963200000,2.0190000000,2.0410000000,2.0140000000,2.0340000000,88874.9880970000,180130.9769574120,180130.9769574120,1,SRM-USDT
2022-02-27 21:00:00,1645966800000,2.0340000000,2.0400000000,1.9480000000,1.9850000000,179759.9005350000,357877.4202882530,357877.4202882530,1,SRM-USDT
2022-02-27 22:00:00,1645970400000,1.9820000000,1.9990000000,1.9630000000,1.9760000000,147375.1479400000,292012.3176717300,292012.3176717300,1,SRM-USDT
2022-02-27 23:00:00,1645974000000,1.9760000000,2.0260000000,1.9720000000,2.0240000000,104164.9581640000,208633.5730854150,208633.5730854150,1,SRM-USDT
2022-02-28 00:00:00,1645977600000,2.0240000000,2.0260000000,1.9850000000,1.9910000000,73801.1952290000,147901.4438770480,147901.4438770480,1,SRM-USDT
2022-02-28 01:00:00,1645981200000,1.9910000000,1.9940000000,1.9760000000,1.9770000000,35698.8838170000,70899.0859407700,70899.0859407700,1,SRM-USDT
2022-02-28 02:00:00,1645984800000,1.9760000000,1.9870000000,1.9650000000,1.9710000000,33714.9422130000,66582.3999478490,66582.3999478490,1,SRM-USDT
2022-02-28 03:00:00,1645988400000,1.9730000000,1.9770000000,1.8840000000,1.8930000000,224119.1387220000,430598.2187979870,430598.2187979870,1,SRM-USDT
2022-02-28 04:00:00,1645992000000,1.8930000000,1.9280000000,1.8800000000,1.9040000000,138041.5934510000,262129.4667349840,262129.4667349840,1,SRM-USDT
2022-02-28 05:00:00,1645995600000,1.8990000000,1.9200000000,1.8740000000,1.9060000000,189052.7824090000,358693.6685273560,358693.6685273560,1,SRM-USDT
2022-02-28 06:00:00,1645999200000,1.9070000000,1.9140000000,1.8820000000,1.9020000000,117459.6991350000,222612.0720770140,222612.0720770140,1,SRM-USDT
2022-02-28 07:00:00,1646002800000,1.9020000000,1.9080000000,1.8720000000,1.9040000000,193542.8056600000,365402.0037412630,365402.0037412630,1,SRM-USDT
2022-02-28 08:00:00,1646006400000,1.9040000000,1.9090000000,1.8750000000,1.8810000000,95598.1086220000,180719.2713887920,180719.2713887920,1,SRM-USDT
2022-02-28 09:00:00,1646010000000,1.8830000000,1.9350000000,1.8820000000,1.9160000000,156396.5142230000,300198.4900478590,300198.4900478590,1,SRM-USDT
2022-02-28 10:00:00,1646013600000,1.9170000000,1.9210000000,1.8930000000,1.8980000000,51386.4190770000,97904.4084819190,97904.4084819190,1,SRM-USDT
2022-02-28 11:00:00,1646017200000,1.9020000000,1.9110000000,1.8880000000,1.9020000000,39686.4233550000,75396.7139879720,75396.7139879720,1,SRM-USDT
2022-02-28 12:00:00,1646020800000,1.9060000000,1.9170000000,1.8940000000,1.9040000000,26258.3247340000,49971.4811964700,49971.4811964700,1,SRM-USDT
2022-02-28 13:00:00,1646024400000,1.9030000000,1.9150000000,1.8950000000,1.9060000000,44306.0001450000,84551.1578982140,84551.1578982140,1,SRM-USDT
2022-02-28 14:00:00,1646028000000,1.9090000000,1.9240000000,1.8750000000,1.9210000000,126651.9660040000,241394.5084995200,241394.5084995200,1,SRM-USDT
2022-02-28 15:00:00,1646031600000,1.9180000000,1.9430000000,1.9160000000,1.9330000000,73241.1216790000,141221.3223438560,141221.3223438560,1,SRM-USDT
2022-02-28 16:00:00,1646035200000,1.9340000000,1.9480000000,1.9280000000,1.9330000000,56227.5451110000,109016.7396105870,109016.7396105870,1,SRM-USDT
2022-02-28 17:00:00,1646038800000,1.9320000000,1.9450000000,1.9190000000,1.9190000000,103864.2958000000,200911.7604894120,200911.7604894120,1,SRM-USDT
2022-02-28 18:00:00,1646042400000,1.9180000000,1.9350000000,1.9140000000,1.9300000000,61879.7338020000,118888.5662335260,118888.5662335260,1,SRM-USDT
2022-02-28 19:00:00,1646046000000,1.9330000000,1.9440000000,1.9220000000,1.9400000000,41745.3430530000,80783.2018019540,80783.2018019540,1,SRM-USDT
2022-02-28 20:00:00,1646049600000,1.9400000000,1.9550000000,1.9280000000,1.9330000000,69978.1356450000,135969.7376718130,135969.7376718130,1,SRM-USDT
2022-02-28 21:00:00,1646053200000,1.9330000000,1.9420000000,1.9110000000,1.9170000000,103591.6865500000,199888.7660109550,199888.7660109550,1,SRM-USDT
2022-02-28 22:00:00,1646056800000,1.9160000000,1.9920000000,1.9140000000,1.9890000000,170062.1415470000,333284.8104319980,333284.8104319980,1,SRM-USDT
2022-02-28 23:00:00,1646060400000,1.9900000000,2.0250000000,1.9820000000,2.0200000000,176393.7955850000,354562.9532365350,354562.9532365350,1,SRM-USDT
2022-03-01 00:00:00,1646064000000,2.0200000000,2.0340000000,2.0070000000,2.0130000000,181032.9391700000,365789.8866225620,365789.8866225620,1,SRM-USDT
2022-03-01 01:00:00,1646067600000,2.0130000000,2.0180000000,1.9900000000,2.0170000000,124089.0613920000,248611.5874298990,248611.5874298990,1,SRM-USDT
2022-03-01 02:00:00,1646071200000,2.0200000000,2.0220000000,2.0070000000,2.0150000000,44089.2227440000,88796.9058102240,88796.9058102240,1,SRM-USDT
2022-03-01 03:00:00,1646074800000,2.0150000000,2.0150000000,2.0000000000,2.0110000000,20431.2581250000,40994.0279647410,40994.0279647410,1,SRM-USDT
2022-03-01 04:00:00,1646078400000,2.0110000000,2.0450000000,2.0040000000,2.0450000000,144546.4307150000,292016.9238143490,292016.9238143490,1,SRM-USDT
2022-03-01 05:00:00,1646082000000,2.0440000000,2.0440000000,2.0250000000,2.0390000000,42596.1563780000,86610.8238695840,86610.8238695840,1,SRM-USDT
2022-03-01 06:00:00,1646085600000,2.0400000000,2.1000000000,2.0400000000,2.0660000000,230757.9264490000,476891.2580851410,476891.2580851410,1,SRM-USDT
2022-03-01 07:00:00,1646089200000,2.0660000000,2.0940000000,2.0630000000,2.0940000000,242943.7193920000,504629.5618813480,504629.5618813480,1,SRM-USDT
2022-03-01 08:00:00,1646092800000,2.0930000000,2.1150000000,2.0900000000,2.1050000000,123137.2514140000,259034.4296832900,259034.4296832900,1,SRM-USDT
2022-03-01 09:00:00,1646096400000,2.1060000000,2.1060000000,2.0710000000,2.0740000000,61349.8421140000,127995.0689340930,127995.0689340930,1,SRM-USDT
2022-03-01 10:00:00,1646100000000,2.0760000000,2.0760000000,2.0610000000,2.0720000000,92869.4769550000,192098.9778306350,192098.9778306350,1,SRM-USDT
2022-03-01 11:00:00,1646103600000,2.0710000000,2.0710000000,2.0550000000,2.0690000000,19970.6446930000,41163.0444653550,41163.0444653550,1,SRM-USDT
2022-03-01 12:00:00,1646107200000,2.0660000000,2.0990000000,2.0640000000,2.0950000000,35278.5615540000,73489.5177570990,73489.5177570990,1,SRM-USDT
2022-03-01 13:00:00,1646110800000,2.0960000000,2.1020000000,2.0730000000,2.0750000000,46816.5168120000,97736.7653224080,97736.7653224080,1,SRM-USDT
2022-03-01 14:00:00,1646114400000,2.0750000000,2.0790000000,2.0500000000,2.0780000000,46896.9645030000,96845.4260525200,96845.4260525200,1,SRM-USDT
2022-03-01 15:00:00,1646118000000,2.0790000000,2.0880000000,2.0740000000,2.0820000000,56898.5491260000,118392.0101873600,118392.0101873600,1,SRM-USDT
2022-03-01 16:00:00,1646121600000,2.0820000000,2.0950000000,2.0690000000,2.0830000000,63352.8885170000,131899.0350700350,131899.0350700350,1,SRM-USDT
2022-03-01 17:00:00,1646125200000,2.0820000000,2.0840000000,2.0600000000,2.0630000000,55328.7917470000,114504.9787044300,114504.9787044300,1,SRM-USDT
2022-03-01 18:00:00,1646128800000,2.0670000000,2.0830000000,2.0280000000,2.0810000000,75713.3186330000,155840.3681698830,155840.3681698830,1,SRM-USDT
2022-03-01 19:00:00,1646132400000,2.0810000000,2.0880000000,2.0560000000,2.0720000000,117201.9439260000,242962.7538072010,242962.7538072010,1,SRM-USDT
2022-03-01 20:00:00,1646136000000,2.0720000000,2.1090000000,2.0700000000,2.0940000000,184497.7941270000,385941.9770119160,385941.9770119160,1,SRM-USDT
2022-03-01 21:00:00,1646139600000,2.0980000000,2.1440000000,2.0910000000,2.1300000000,229276.1973240000,485054.9682591340,485054.9682591340,1,SRM-USDT
2022-03-01 22:00:00,1646143200000,2.1290000000,2.1440000000,2.0660000000,2.0730000000,203676.2287010000,426916.0160393340,426916.0160393340,1,SRM-USDT
2022-03-01 23:00:00,1646146800000,2.0740000000,2.0900000000,2.0510000000,2.0740000000,132743.3797680000,274652.8017204530,274652.8017204530,1,SRM-USDT
2022-03-02 00:00:00,1646150400000,2.0730000000,2.0990000000,2.0490000000,2.0590000000,83640.2403780000,173526.4362374280,173526.4362374280,1,SRM-USDT
2022-03-02 01:00:00,1646154000000,2.0590000000,2.0870000000,2.0540000000,2.0780000000,55439.6320460000,114805.2373562780,114805.2373562780,1,SRM-USDT
2022-03-02 02:00:00,1646157600000,2.0770000000,2.0930000000,2.0610000000,2.0910000000,64665.4980680000,134189.9886614890,134189.9886614890,1,SRM-USDT
2022-03-02 03:00:00,1646161200000,2.0900000000,2.1030000000,2.0800000000,2.0850000000,62549.8600160000,130697.8295579270,130697.8295579270,1,SRM-USDT
2022-03-02 04:00:00,1646164800000,2.0820000000,2.0970000000,2.0790000000,2.0920000000,51340.1841890000,107146.2723690050,107146.2723690050,1,SRM-USDT
2022-03-02 05:00:00,1646168400000,2.0910000000,2.0990000000,2.0580000000,2.0660000000,115322.2305240000,238978.9201626160,238978.9201626160,1,SRM-USDT
2022-03-02 06:00:00,1646172000000,2.0670000000,2.0850000000,2.0590000000,2.0830000000,50697.5445810000,105263.8328973500,105263.8328973500,1,SRM-USDT
2022-03-02 07:00:00,1646175600000,2.0820000000,2.0950000000,2.0750000000,2.0950000000,28397.8363240000,59169.8856376890,59169.8856376890,1,SRM-USDT
2022-03-02 08:00:00,1646179200000,2.0950000000,2.0960000000,2.0450000000,2.0710000000,68059.5813050000,141126.3917179790,141126.3917179790,1,SRM-USDT
2022-03-02 09:00:00,1646182800000,2.0720000000,2.0830000000,2.0450000000,2.0610000000,35502.3045460000,73334.6945926710,73334.6945926710,1,SRM-USDT
2022-03-02 10:00:00,1646186400000,2.0600000000,2.0740000000,2.0510000000,2.0740000000,26843.3966830000,55406.2492671760,55406.2492671760,1,SRM-USDT
2022-03-02 11:00:00,1646190000000,2.0720000000,2.1240000000,2.0720000000,2.1110000000,72170.6637530000,152072.3982442170,152072.3982442170,1,SRM-USDT
2022-03-02 12:00:00,1646193600000,2.1120000000,2.1270000000,2.0870000000,2.0930000000,65456.4023110000,138147.8834419210,138147.8834419210,1,SRM-USDT
2022-03-02 13:00:00,1646197200000,2.0920000000,2.0980000000,2.0820000000,2.0900000000,23644.1520120000,49414.2951865570,49414.2951865570,1,SRM-USDT
2022-03-02 14:00:00,1646200800000,2.0910000000,2.0950000000,2.0540000000,2.0580000000,40821.2733560000,84567.9633061730,84567.9633061730,1,SRM-USDT
2022-03-02 15:00:00,1646204400000,2.0580000000,2.0640000000,2.0480000000,2.0540000000,30881.2182080000,63430.6599809260,63430.6599809260,1,SRM-USDT
2022-03-02 16:00:00,1646208000000,2.0560000000,2.0730000000,2.0310000000,2.0490000000,103357.0830960000,212593.7358510670,212593.7358510670,1,SRM-USDT
2022-03-02 17:00:00,1646211600000,2.0510000000,2.0690000000,2.0460000000,2.0610000000,53522.0922570000,110084.2600708610,110084.2600708610,1,SRM-USDT
2022-03-02 18:00:00,1646215200000,2.0620000000,2.0970000000,2.0550000000,2.0870000000,117866.2218730000,245878.1174540870,245878.1174540870,1,SRM-USDT
2022-03-02 19:00:00,1646218800000,2.0870000000,2.0930000000,2.0730000000,2.0890000000,47001.4329860000,97976.8413133480,97976.8413133480,1,SRM-USDT
2022-03-02 20:00:00,1646222400000,2.0910000000,2.1120000000,2.0740000000,2.0940000000,113864.4619720000,238181.8234518730,238181.8234518730,1,SRM-USDT
2022-03-02 21:00:00,1646226000000,2.0940000000,2.0950000000,2.0230000000,2.0360000000,173657.1622270000,354861.5502465120,354861.5502465120,1,SRM-USDT
2022-03-02 22:00:00,1646229600000,2.0320000000,2.1070000000,2.0320000000,2.1050000000,110097.3866990000,228805.8919051750,228805.8919051750,1,SRM-USDT
2022-03-02 23:00:00,1646233200000,2.1050000000,2.1150000000,2.0540000000,2.0700000000,247512.2801090000,515013.9689281500,515013.9689281500,1,SRM-USDT
2022-03-03 00:00:00,1646236800000,2.0720000000,2.0890000000,2.0670000000,2.0740000000,43608.8531810000,90650.0261811070,90650.0261811070,1,SRM-USDT
2022-03-03 01:00:00,1646240400000,2.0710000000,2.0920000000,2.0560000000,2.0580000000,95011.3397870000,197567.2320786410,197567.2320786410,1,SRM-USDT
2022-03-03 02:00:00,1646244000000,2.0570000000,2.0740000000,2.0400000000,2.0460000000,19466.9604350000,40019.1206988350,40019.1206988350,1,SRM-USDT
2022-03-03 03:00:00,1646247600000,2.0470000000,2.0600000000,2.0370000000,2.0580000000,25364.0646410000,52062.3243161460,52062.3243161460,1,SRM-USDT
2022-03-03 04:00:00,1646251200000,2.0570000000,2.0610000000,2.0490000000,2.0510000000,31599.0144700000,64932.9604668760,64932.9604668760,1,SRM-USDT
2022-03-03 05:00:00,1646254800000,2.0510000000,2.0810000000,2.0480000000,2.0810000000,21768.8934730000,44865.1605631050,44865.1605631050,1,SRM-USDT
2022-03-03 06:00:00,1646258400000,2.0810000000,2.1020000000,2.0810000000,2.0870000000,101680.2391700000,212727.7391753140,212727.7391753140,1,SRM-USDT
2022-03-03 07:00:00,1646262000000,2.0860000000,2.0940000000,2.0700000000,2.0770000000,27873.5258030000,58081.4975284500,58081.4975284500,1,SRM-USDT
2022-03-03 08:00:00,1646265600000,2.0770000000,2.0880000000,2.0610000000,2.0750000000,81509.7698720000,169647.5330885590,169647.5330885590,1,SRM-USDT
2022-03-03 09:00:00,1646269200000,2.0780000000,2.0780000000,2.0520000000,2.0610000000,22668.1650960000,46786.4192025700,46786.4192025700,1,SRM-USDT
2022-03-03 10:00:00,1646272800000,2.0580000000,2.0590000000,2.0330000000,2.0480000000,28360.7210780000,57968.6311460690,57968.6311460690,1,SRM-USDT
2022-03-03 11:00:00,1646276400000,2.0460000000,2.0480000000,2.0120000000,2.0270000000,56982.1766460000,115519.5500001850,115519.5500001850,1,SRM-USDT
2022-03-03 12:00:00,1646280000000,2.0310000000,2.0370000000,2.0160000000,2.0190000000,28237.1858670000,57336.5743466810,57336.5743466810,1,SRM-USDT
2022-03-03 13:00:00,1646283600000,2.0250000000,2.0310000000,2.0220000000,2.0230000000,37957.7725580000,76875.1630234430,76875.1630234430,1,SRM-USDT
2022-03-03 14:00:00,1646287200000,2.0240000000,2.0300000000,2.0010000000,2.0280000000,37795.9546010000,76244.0446478910,76244.0446478910,1,SRM-USDT
2022-03-03 15:00:00,1646290800000,2.0310000000,2.0380000000,2.0250000000,2.0290000000,15389.2113080000,31265.2646502270,31265.2646502270,1,SRM-USDT
2022-03-03 16:00:00,1646294400000,2.0290000000,2.0370000000,2.0220000000,2.0250000000,11485.2726870000,23320.1049774190,23320.1049774190,1,SRM-USDT
2022-03-03 17:00:00,1646298000000,2.0250000000,2.0280000000,2.0100000000,2.0110000000,37554.2810420000,75721.7773553680,75721.7773553680,1,SRM-USDT
2022-03-03 18:00:00,1646301600000,2.0110000000,2.0250000000,2.0030000000,2.0190000000,45246.0039240000,91045.6453379770,91045.6453379770,1,SRM-USDT
2022-03-03 19:00:00,1646305200000,2.0200000000,2.0400000000,2.0170000000,2.0290000000,21397.6265060000,43432.2151877180,43432.2151877180,1,SRM-USDT
2022-03-03 20:00:00,1646308800000,2.0290000000,2.0440000000,2.0240000000,2.0340000000,14754.3831580000,30052.2801811170,30052.2801811170,1,SRM-USDT
2022-03-03 21:00:00,1646312400000,2.0350000000,2.0520000000,2.0310000000,2.0520000000,16735.7838560000,34189.9725555360,34189.9725555360,1,SRM-USDT
2022-03-03 22:00:00,1646316000000,2.0540000000,2.0590000000,2.0150000000,2.0240000000,57332.8819260000,117149.8587124540,117149.8587124540,1,SRM-USDT
2022-03-03 23:00:00,1646319600000,2.0250000000,2.0290000000,1.9690000000,1.9810000000,148489.8039220000,295601.6447168240,295601.6447168240,1,SRM-USDT
2022-03-04 00:00:00,1646323200000,1.9780000000,1.9890000000,1.9540000000,1.9610000000,123229.6145220000,242627.5087386280,242627.5087386280,1,SRM-USDT
2022-03-04 01:00:00,1646326800000,1.9580000000,1.9670000000,1.9410000000,1.9610000000,85253.4071850000,166533.5810416100,166533.5810416100,1,SRM-USDT
2022-03-04 02:00:00,1646330400000,1.9600000000,1.9670000000,1.9520000000,1.9570000000,28066.9404510000,54970.2866104230,54970.2866104230,1,SRM-USDT
2022-03-04 03:00:00,1646334000000,1.9560000000,1.9630000000,1.9490000000,1.9550000000,18248.7298080000,35696.8593034240,35696.8593034240,1,SRM-USDT
2022-03-04 04:00:00,1646337600000,1.9530000000,1.9600000000,1.9410000000,1.9480000000,22058.9662120000,43009.3177681120,43009.3177681120,1,SRM-USDT
2022-03-04 05:00:00,1646341200000,1.9500000000,1.9620000000,1.9420000000,1.9610000000,50150.3610540000,98081.8295802800,98081.8295802800,1,SRM-USDT
2022-03-04 06:00:00,1646344800000,1.9610000000,1.9860000000,1.9610000000,1.9830000000,23596.5354550000,46650.9079355700,46650.9079355700,1,SRM-USDT
2022-03-04 07:00:00,1646348400000,1.9830000000,1.9910000000,1.9730000000,1.9770000000,13119.3077830000,26004.7357868120,26004.7357868120,1,SRM-USDT
2022-03-04 08:00:00,1646352000000,1.9750000000,1.9830000000,1.9050000000,1.9140000000,81513.9690510000,157701.5457588920,157701.5457588920,1,SRM-USDT
2022-03-04 09:00:00,1646355600000,1.9120000000,1.9180000000,1.8860000000,1.9040000000,103278.3606570000,196204.4899664090,196204.4899664090,1,SRM-USDT
2022-03-04 10:00:00,1646359200000,1.9020000000,1.9070000000,1.8950000000,1.8970000000,12375.4589890000,23518.2324366260,23518.2324366260,1,SRM-USDT
2022-03-04 11:00:00,1646362800000,1.9000000000,1.9010000000,1.8830000000,1.8990000000,28805.2542050000,54484.0448669540,54484.0448669540,1,SRM-USDT
2022-03-04 12:00:00,1646366400000,1.8960000000,1.9010000000,1.8850000000,1.9000000000,30652.8045850000,58023.2004832670,58023.2004832670,1,SRM-USDT
2022-03-04 13:00:00,1646370000000,1.9000000000,1.9030000000,1.8880000000,1.8920000000,30003.2655370000,56969.5300002240,56969.5300002240,1,SRM-USDT
2022-03-04 14:00:00,1646373600000,1.8940000000,1.9070000000,1.8930000000,1.9050000000,26701.6184560000,50754.6058071450,50754.6058071450,1,SRM-USDT
2022-03-04 15:00:00,1646377200000,1.9060000000,1.9110000000,1.8960000000,1.9050000000,30575.4858280000,58159.2602959510,58159.2602959510,1,SRM-USDT
2022-03-04 16:00:00,1646380800000,1.9050000000,1.9210000000,1.8800000000,1.9120000000,95380.9119320000,181466.4438421570,181466.4438421570,1,SRM-USDT
2022-03-04 17:00:00,1646384400000,1.9120000000,1.9190000000,1.9020000000,1.9110000000,25933.8525090000,49629.9065060780,49629.9065060780,1,SRM-USDT
2022-03-04 18:00:00,1646388000000,1.9130000000,1.9340000000,1.9120000000,1.9300000000,50476.4272860000,97287.2730825820,97287.2730825820,1,SRM-USDT
2022-03-04 19:00:00,1646391600000,1.9310000000,1.9440000000,1.9290000000,1.9340000000,34886.5941420000,67548.5854033440,67548.5854033440,1,SRM-USDT
2022-03-04 20:00:00,1646395200000,1.9360000000,1.9390000000,1.9180000000,1.9250000000,27057.3601850000,52175.2608585020,52175.2608585020,1,SRM-USDT
2022-03-04 21:00:00,1646398800000,1.9240000000,1.9400000000,1.9140000000,1.9150000000,50864.5034190000,98144.0829211820,98144.0829211820,1,SRM-USDT
2022-03-04 22:00:00,1646402400000,1.9180000000,1.9190000000,1.8810000000,1.8980000000,120139.4260850000,228232.4954647440,228232.4954647440,1,SRM-USDT
2022-03-04 23:00:00,1646406000000,1.8990000000,1.9030000000,1.8770000000,1.8860000000,199604.8778910000,377089.6519684360,377089.6519684360,1,SRM-USDT
2022-03-05 00:00:00,1646409600000,1.8850000000,1.8950000000,1.8730000000,1.8910000000,40207.1225230000,75732.6678185510,75732.6678185510,1,SRM-USDT
2022-03-05 01:00:00,1646413200000,1.8860000000,1.9020000000,1.8830000000,1.8930000000,26685.3574440000,50519.4718401360,50519.4718401360,1,SRM-USDT
2022-03-05 02:00:00,1646416800000,1.8930000000,1.8960000000,1.8750000000,1.8790000000,29421.0977740000,55505.1992828980,55505.1992828980,1,SRM-USDT
2022-03-05 03:00:00,1646420400000,1.8790000000,1.8800000000,1.8350000000,1.8380000000,55226.9035740000,102445.5686210060,102445.5686210060,1,SRM-USDT
2022-03-05 04:00:00,1646424000000,1.8400000000,1.8450000000,1.8260000000,1.8390000000,42811.2244980000,78515.5576956890,78515.5576956890,1,SRM-USDT
2022-03-05 05:00:00,1646427600000,1.8410000000,1.8410000000,1.8280000000,1.8330000000,22957.6846720000,42099.0085056040,42099.0085056040,1,SRM-USDT
2022-03-05 06:00:00,1646431200000,1.8330000000,1.8370000000,1.8090000000,1.8370000000,42386.5040490000,77244.4199828260,77244.4199828260,1,SRM-USDT
2022-03-05 07:00:00,1646434800000,1.8330000000,1.8460000000,1.8260000000,1.8350000000,19840.9180950000,36397.8153128450,36397.8153128450,1,SRM-USDT
2022-03-05 08:00:00,1646438400000,1.8350000000,1.8550000000,1.8090000000,1.8090000000,157714.5418040000,289350.7717684460,289350.7717684460,1,SRM-USDT
2022-03-05 09:00:00,1646442000000,1.8080000000,1.8270000000,1.8040000000,1.8210000000,81473.3244290000,148188.0351044100,148188.0351044100,1,SRM-USDT
2022-03-05 10:00:00,1646445600000,1.8210000000,1.8300000000,1.8170000000,1.8220000000,49604.7885220000,90478.4787295590,90478.4787295590,1,SRM-USDT
2022-03-05 11:00:00,1646449200000,1.8210000000,1.8400000000,1.8180000000,1.8320000000,17720.0179790000,32456.0111252360,32456.0111252360,1,SRM-USDT
2022-03-05 12:00:00,1646452800000,1.8320000000,1.8330000000,1.8170000000,1.8280000000,27596.4847180000,50397.0072601700,50397.0072601700,1,SRM-USDT
2022-03-05 13:00:00,1646456400000,1.8270000000,1.8300000000,1.8220000000,1.8290000000,20652.8518620000,37720.5868759430,37720.5868759430,1,SRM-USDT
2022-03-05 14:00:00,1646460000000,1.8310000000,1.8400000000,1.8290000000,1.8320000000,36896.1513350000,67697.7847160830,67697.7847160830,1,SRM-USDT
2022-03-05 15:00:00,1646463600000,1.8310000000,1.8460000000,1.8290000000,1.8420000000,21588.7852060000,39645.3529714990,39645.3529714990,1,SRM-USDT
2022-03-05 16:00:00,1646467200000,1.8420000000,1.8550000000,1.8340000000,1.8470000000,33961.9828570000,62661.0595749430,62661.0595749430,1,SRM-USDT
2022-03-05 17:00:00,1646470800000,1.8480000000,1.8540000000,1.8410000000,1.8510000000,30433.9308620000,56251.0753458950,56251.0753458950,1,SRM-USDT
2022-03-05 18:00:00,1646474400000,1.8520000000,1.8530000000,1.8320000000,1.8480000000,22210.7549200000,40892.7992911320,40892.7992911320,1,SRM-USDT
2022-03-05 19:00:00,1646478000000,1.8490000000,1.8540000000,1.8410000000,1.8460000000,30504.4961380000,56367.8975070130,56367.8975070130,1,SRM-USDT
2022-03-05 20:00:00,1646481600000,1.8470000000,1.8690000000,1.8470000000,1.8570000000,53470.8949910000,99499.7926340730,99499.7926340730,1,SRM-USDT
2022-03-05 21:00:00,1646485200000,1.8560000000,1.8560000000,1.8370000000,1.8440000000,34033.8135090000,62826.4949229380,62826.4949229380,1,SRM-USDT
2022-03-05 22:00:00,1646488800000,1.8460000000,1.8610000000,1.8430000000,1.8550000000,28224.8452900000,52287.4881489340,52287.4881489340,1,SRM-USDT
2022-03-05 23:00:00,1646492400000,1.8560000000,1.8650000000,1.8530000000,1.8610000000,22026.6599320000,40926.9461713990,40926.9461713990,1,SRM-USDT
2022-03-06 00:00:00,1646496000000,1.8600000000,1.8900000000,1.8600000000,1.8760000000,43003.2245630000,80743.2173634760,80743.2173634760,1,SRM-USDT
2022-03-06 01:00:00,1646499600000,1.8760000000,1.8870000000,1.8760000000,1.8770000000,48508.2439770000,91323.7177977180,91323.7177977180,1,SRM-USDT
2022-03-06 02:00:00,1646503200000,1.8770000000,1.8770000000,1.8650000000,1.8760000000,40381.7850880000,75554.6293514400,75554.6293514400,1,SRM-USDT
2022-03-06 03:00:00,1646506800000,1.8740000000,1.8820000000,1.8710000000,1.8820000000,25138.2940410000,47168.2464709050,47168.2464709050,1,SRM-USDT
2022-03-06 04:00:00,1646510400000,1.8800000000,1.8860000000,1.8760000000,1.8780000000,15773.5056200000,29672.1040611670,29672.1040611670,1,SRM-USDT
2022-03-06 05:00:00,1646514000000,1.8790000000,1.8800000000,1.8650000000,1.8650000000,19533.6713560000,36636.9145889540,36636.9145889540,1,SRM-USDT
2022-03-06 06:00:00,1646517600000,1.8660000000,1.8750000000,1.8640000000,1.8750000000,21941.5854600000,41028.1979232820,41028.1979232820,1,SRM-USDT
2022-03-06 07:00:00,1646521200000,1.8780000000,1.8780000000,1.8660000000,1.8780000000,16147.5004090000,30228.9101820680,30228.9101820680,1,SRM-USDT
2022-03-06 08:00:00,1646524800000,1.8780000000,1.8870000000,1.8720000000,1.8870000000,22226.4988720000,41736.2603747440,41736.2603747440,1,SRM-USDT
2022-03-06 09:00:00,1646528400000,1.8860000000,1.8860000000,1.8730000000,1.8750000000,13015.7562480000,24439.9343181100,24439.9343181100,1,SRM-USDT
2022-03-06 10:00:00,1646532000000,1.8740000000,1.8750000000,1.8650000000,1.8710000000,13394.5094160000,25046.2451440610,25046.2451440610,1,SRM-USDT
2022-03-06 11:00:00,1646535600000,1.8730000000,1.8730000000,1.8530000000,1.8550000000,29389.9012600000,54641.9564438020,54641.9564438020,1,SRM-USDT
2022-03-06 12:00:00,1646539200000,1.8530000000,1.8630000000,1.8330000000,1.8580000000,67117.9526530000,123952.1086379000,123952.1086379000,1,SRM-USDT
2022-03-06 13:00:00,1646542800000,1.8590000000,1.8680000000,1.8590000000,1.8620000000,19057.7131290000,35488.6650328820,35488.6650328820,1,SRM-USDT
2022-03-06 14:00:00,1646546400000,1.8620000000,1.8770000000,1.8620000000,1.8700000000,21922.6784950000,40937.4475472880,40937.4475472880,1,SRM-USDT
2022-03-06 15:00:00,1646550000000,1.8670000000,1.8710000000,1.8600000000,1.8690000000,21832.2076660000,40765.3175521620,40765.3175521620,1,SRM-USDT
2022-03-06 16:00:00,1646553600000,1.8650000000,1.8660000000,1.8550000000,1.8550000000,22104.6980970000,41103.9735948290,41103.9735948290,1,SRM-USDT
2022-03-06 17:00:00,1646557200000,1.8560000000,1.8590000000,1.8360000000,1.8370000000,51378.9961750000,95064.6471605840,95064.6471605840,1,SRM-USDT
2022-03-06 18:00:00,1646560800000,1.8370000000,1.8370000000,1.8180000000,1.8200000000,62637.7377950000,114342.1494099720,114342.1494099720,1,SRM-USDT
2022-03-06 19:00:00,1646564400000,1.8190000000,1.8290000000,1.8080000000,1.8280000000,34259.7905080000,62288.5671978990,62288.5671978990,1,SRM-USDT
2022-03-06 20:00:00,1646568000000,1.8290000000,1.8440000000,1.8240000000,1.8380000000,31543.8908620000,57853.6342919590,57853.6342919590,1,SRM-USDT
2022-03-06 21:00:00,1646571600000,1.8370000000,1.8570000000,1.8350000000,1.8500000000,27422.7950980000,50691.5541094010,50691.5541094010,1,SRM-USDT
2022-03-06 22:00:00,1646575200000,1.8500000000,1.8500000000,1.8350000000,1.8390000000,41919.8921940000,77267.3584707910,77267.3584707910,1,SRM-USDT
2022-03-06 23:00:00,1646578800000,1.8380000000,1.8400000000,1.8240000000,1.8390000000,13878.9232890000,25435.6983896080,25435.6983896080,1,SRM-USDT
2022-03-07 00:00:00,1646582400000,1.8400000000,1.8650000000,1.8330000000,1.8630000000,35723.5156090000,66069.4788261800,66069.4788261800,1,SRM-USDT
2022-03-07 01:00:00,1646586000000,1.8620000000,1.8640000000,1.8520000000,1.8590000000,16158.1600300000,29981.1133264690,29981.1133264690,1,SRM-USDT
2022-03-07 02:00:00,1646589600000,1.8600000000,1.8780000000,1.8540000000,1.8600000000,42632.4802990000,79457.8539671020,79457.8539671020,1,SRM-USDT
2022-03-07 03:00:00,1646593200000,1.8600000000,1.8600000000,1.8390000000,1.8460000000,17554.4928810000,32522.7223581800,32522.7223581800,1,SRM-USDT
2022-03-07 04:00:00,1646596800000,1.8430000000,1.8600000000,1.8420000000,1.8580000000,20010.3143030000,37092.7319682510,37092.7319682510,1,SRM-USDT
2022-03-07 05:00:00,1646600400000,1.8590000000,1.8770000000,1.8560000000,1.8680000000,97110.1219580000,181408.6777731040,181408.6777731040,1,SRM-USDT
2022-03-07 06:00:00,1646604000000,1.8700000000,1.8860000000,1.8670000000,1.8680000000,101421.7123350000,190633.2289934750,190633.2289934750,1,SRM-USDT
2022-03-07 07:00:00,1646607600000,1.8680000000,1.8700000000,1.8270000000,1.8290000000,157068.9150410000,289303.8736529350,289303.8736529350,1,SRM-USDT
2022-03-07 08:00:00,1646611200000,1.8290000000,1.8310000000,1.7950000000,1.8120000000,137333.2567560000,248885.7692244070,248885.7692244070,1,SRM-USDT
2022-03-07 09:00:00,1646614800000,1.8120000000,1.8180000000,1.8030000000,1.8030000000,32364.5209220000,58618.1983990590,58618.1983990590,1,SRM-USDT
2022-03-07 10:00:00,1646618400000,1.8050000000,1.8050000000,1.7760000000,1.7850000000,133248.2041250000,238289.6338923770,238289.6338923770,1,SRM-USDT
2022-03-07 11:00:00,1646622000000,1.7850000000,1.7940000000,1.7770000000,1.7890000000,36856.8373920000,65807.2101424690,65807.2101424690,1,SRM-USDT
2022-03-07 12:00:00,1646625600000,1.7880000000,1.7980000000,1.7780000000,1.7920000000,33380.0443530000,59746.3553973630,59746.3553973630,1,SRM-USDT
2022-03-07 13:00:00,1646629200000,1.7930000000,1.8090000000,1.7880000000,1.8010000000,27571.7540030000,49594.1784358970,49594.1784358970,1,SRM-USDT
2022-03-07 14:00:00,1646632800000,1.8010000000,1.8130000000,1.8010000000,1.8080000000,9293.7716860000,16799.0171773960,16799.0171773960,1,SRM-USDT
2022-03-07 15:00:00,1646636400000,1.8100000000,1.8100000000,1.7810000000,1.7850000000,23891.6208270000,42871.2737250470,42871.2737250470,1,SRM-USDT
2022-03-07 16:00:00,1646640000000,1.7850000000,1.8020000000,1.7730000000,1.7990000000,46904.2193400000,83772.1675759770,83772.1675759770,1,SRM-USDT
2022-03-07 17:00:00,1646643600000,1.8000000000,1.8100000000,1.7970000000,1.7990000000,42228.5949520000,76160.0504953740,76160.0504953740,1,SRM-USDT
2022-03-07 18:00:00,1646647200000,1.8000000000,1.8040000000,1.7900000000,1.7930000000,27362.0923600000,49181.2374469110,49181.2374469110,1,SRM-USDT
2022-03-07 19:00:00,1646650800000,1.7940000000,1.8120000000,1.7930000000,1.8110000000,43083.9645190000,77689.5765376680,77689.5765376680,1,SRM-USDT
2022-03-07 20:00:00,1646654400000,1.8120000000,1.8420000000,1.8120000000,1.8320000000,100656.0224630000,183736.9560692030,183736.9560692030,1,SRM-USDT
2022-03-07 21:00:00,1646658000000,1.8340000000,1.8650000000,1.8330000000,1.8640000000,60185.3421030000,111544.0911923080,111544.0911923080,1,SRM-USDT
2022-03-07 22:00:00,1646661600000,1.8640000000,1.8850000000,1.8570000000,1.8570000000,78212.6728800000,146664.3753337080,146664.3753337080,1,SRM-USDT
2022-03-07 23:00:00,1646665200000,1.8560000000,1.8720000000,1.8470000000,1.8660000000,94517.0714620000,175505.3424813830,175505.3424813830,1,SRM-USDT
2022-03-08 00:00:00,1646668800000,1.8670000000,1.8810000000,1.8500000000,1.8510000000,75526.9113340000,141072.8998656690,141072.8998656690,1,SRM-USDT
2022-03-08 01:00:00,1646672400000,1.8510000000,1.8520000000,1.8370000000,1.8400000000,83061.7908300000,153171.6340456880,153171.6340456880,1,SRM-USDT
2022-03-08 02:00:00,1646676000000,1.8360000000,1.8410000000,1.8010000000,1.8080000000,135715.7202800000,247190.6261641660,247190.6261641660,1,SRM-USDT
2022-03-08 03:00:00,1646679600000,1.8080000000,1.8080000000,1.7530000000,1.7590000000,282370.7518180000,501110.1621506150,501110.1621506150,1,SRM-USDT
2022-03-08 04:00:00,1646683200000,1.7560000000,1.7680000000,1.7400000000,1.7540000000,140872.1471350000,247053.6812680520,247053.6812680520,1,SRM-USDT
2022-03-08 05:00:00,1646686800000,1.7550000000,1.7730000000,1.7450000000,1.7680000000,125215.8352980000,220481.0962643800,220481.0962643800,1,SRM-USDT
2022-03-08 06:00:00,1646690400000,1.7690000000,1.8080000000,1.7690000000,1.7890000000,41700.9062770000,74579.9363467900,74579.9363467900,1,SRM-USDT
2022-03-08 07:00:00,1646694000000,1.7890000000,1.8060000000,1.7800000000,1.7840000000,56392.9423790000,100968.8052266790,100968.8052266790,1,SRM-USDT
2022-03-08 08:00:00,1646697600000,1.7820000000,1.8030000000,1.7700000000,1.7900000000,98561.8629410000,176612.6671629420,176612.6671629420,1,SRM-USDT
2022-03-08 09:00:00,1646701200000,1.7900000000,1.8120000000,1.7840000000,1.8030000000,67713.7035730000,122021.6379032760,122021.6379032760,1,SRM-USDT
2022-03-08 10:00:00,1646704800000,1.7990000000,1.8300000000,1.7980000000,1.8130000000,76197.2246770000,138168.4717151210,138168.4717151210,1,SRM-USDT
2022-03-08 11:00:00,1646708400000,1.8150000000,1.8210000000,1.8120000000,1.8170000000,29357.7735440000,53342.9246266730,53342.9246266730,1,SRM-USDT
2022-03-08 12:00:00,1646712000000,1.8210000000,1.8290000000,1.8100000000,1.8120000000,21946.9178470000,39981.6824684620,39981.6824684620,1,SRM-USDT
2022-03-08 13:00:00,1646715600000,1.8110000000,1.8160000000,1.7880000000,1.7960000000,81617.4420780000,146911.8469322340,146911.8469322340,1,SRM-USDT
2022-03-08 14:00:00,1646719200000,1.7950000000,1.8070000000,1.7750000000,1.7860000000,64384.4481020000,115064.3031741060,115064.3031741060,1,SRM-USDT
2022-03-08 15:00:00,1646722800000,1.7840000000,1.8010000000,1.7720000000,1.7950000000,82118.6678520000,146506.1768365560,146506.1768365560,1,SRM-USDT
2022-03-08 16:00:00,1646726400000,1.7960000000,1.8310000000,1.7940000000,1.8140000000,111633.2111120000,202641.3508531170,202641.3508531170,1,SRM-USDT
2022-03-08 17:00:00,1646730000000,1.8170000000,1.8230000000,1.8110000000,1.8170000000,48418.0806710000,87953.6020376000,87953.6020376000,1,SRM-USDT
2022-03-08 18:00:00,1646733600000,1.8190000000,1.8290000000,1.8060000000,1.8250000000,95399.9292420000,173451.0849787230,173451.0849787230,1,SRM-USDT
2022-03-08 19:00:00,1646737200000,1.8250000000,1.8300000000,1.8160000000,1.8260000000,54986.7111340000,100284.1034913450,100284.1034913450,1,SRM-USDT
2022-03-08 20:00:00,1646740800000,1.8270000000,1.8330000000,1.8050000000,1.8130000000,58444.3604750000,106321.2626948030,106321.2626948030,1,SRM-USDT
2022-03-08 21:00:00,1646744400000,1.8120000000,1.8230000000,1.7990000000,1.8150000000,104403.6661660000,188986.6159547710,188986.6159547710,1,SRM-USDT
2022-03-08 22:00:00,1646748000000,1.8160000000,1.8360000000,1.8060000000,1.8220000000,199403.5083260000,362961.9063791210,362961.9063791210,1,SRM-USDT
2022-03-08 23:00:00,1646751600000,1.8200000000,1.8240000000,1.7910000000,1.8110000000,112278.1225220000,202746.0973957950,202746.0973957950,1,SRM-USDT
2022-03-09 00:00:00,1646755200000,1.8080000000,1.8180000000,1.7880000000,1.7970000000,130284.7605660000,234774.3461736680,234774.3461736680,1,SRM-USDT
2022-03-09 01:00:00,1646758800000,1.7970000000,1.8400000000,1.7950000000,1.8330000000,119639.1863830000,218618.3778910140,218618.3778910140,1,SRM-USDT
2022-03-09 02:00:00,1646762400000,1.8370000000,1.8460000000,1.8110000000,1.8120000000,79873.1159910000,146249.3666693710,146249.3666693710,1,SRM-USDT
2022-03-09 03:00:00,1646766000000,1.8100000000,1.8170000000,1.7970000000,1.8110000000,111490.6072230000,201495.9397792160,201495.9397792160,1,SRM-USDT
2022-03-09 04:00:00,1646769600000,1.8140000000,1.8190000000,1.7920000000,1.7930000000,36190.3254210000,65260.8966394050,65260.8966394050,1,SRM-USDT
2022-03-09 05:00:00,1646773200000,1.7900000000,1.7960000000,1.7830000000,1.7890000000,39825.8158780000,71199.8019751940,71199.8019751940,1,SRM-USDT
2022-03-09 06:00:00,1646776800000,1.7880000000,1.8000000000,1.7870000000,1.7910000000,32583.7395660000,58397.1181102630,58397.1181102630,1,SRM-USDT
2022-03-09 07:00:00,1646780400000,1.7910000000,1.8080000000,1.7880000000,1.8060000000,22264.7060100000,39999.9075153340,39999.9075153340,1,SRM-USDT
2022-03-09 08:00:00,1646784000000,1.8050000000,1.8280000000,1.8000000000,1.8280000000,93849.5410520000,170382.1947789410,170382.1947789410,1,SRM-USDT
2022-03-09 09:00:00,1646787600000,1.8330000000,1.8420000000,1.8230000000,1.8420000000,95037.5906940000,174246.5663864590,174246.5663864590,1,SRM-USDT
2022-03-09 10:00:00,1646791200000,1.8430000000,1.8560000000,1.8400000000,1.8440000000,91327.6348650000,168730.4878444410,168730.4878444410,1,SRM-USDT
2022-03-09 11:00:00,1646794800000,1.8450000000,1.8940000000,1.8400000000,1.8830000000,94384.1870350000,176285.2957739430,176285.2957739430,1,SRM-USDT
2022-03-09 12:00:00,1646798400000,1.8850000000,1.8930000000,1.8780000000,1.8830000000,65260.8595330000,123102.2506732330,123102.2506732330,1,SRM-USDT
2022-03-09 13:00:00,1646802000000,1.8850000000,1.8850000000,1.8740000000,1.8810000000,38218.9068230000,71823.2096130980,71823.2096130980,1,SRM-USDT
2022-03-09 14:00:00,1646805600000,1.8820000000,1.8990000000,1.8790000000,1.8970000000,25879.1422360000,48888.1826192240,48888.1826192240,1,SRM-USDT
2022-03-09 15:00:00,1646809200000,1.8980000000,1.9140000000,1.8950000000,1.9010000000,57055.7962860000,108483.4912326990,108483.4912326990,1,SRM-USDT
2022-03-09 16:00:00,1646812800000,1.9010000000,1.9170000000,1.8850000000,1.9090000000,126053.1313110000,239307.5563705420,239307.5563705420,1,SRM-USDT
2022-03-09 17:00:00,1646816400000,1.9100000000,1.9130000000,1.9000000000,1.9000000000,59960.1191530000,114416.2105365520,114416.2105365520,1,SRM-USDT
2022-03-09 18:00:00,1646820000000,1.8980000000,1.9040000000,1.8940000000,1.9040000000,73385.9837150000,139437.6136550130,139437.6136550130,1,SRM-USDT
2022-03-09 19:00:00,1646823600000,1.9030000000,1.9090000000,1.8950000000,1.9050000000,103985.5533040000,198028.2861858410,198028.2861858410,1,SRM-USDT
2022-03-09 20:00:00,1646827200000,1.9060000000,1.9230000000,1.8870000000,1.9040000000,123513.4060410000,235296.1743334180,235296.1743334180,1,SRM-USDT
2022-03-09 21:00:00,1646830800000,1.9040000000,1.9110000000,1.8900000000,1.8970000000,66369.5873500000,126230.1125641940,126230.1125641940,1,SRM-USDT
2022-03-09 22:00:00,1646834400000,1.8960000000,1.9090000000,1.8960000000,1.9010000000,66458.1139980000,126517.3700413630,126517.3700413630,1,SRM-USDT
2022-03-09 23:00:00,1646838000000,1.9010000000,1.9190000000,1.8970000000,1.9160000000,72707.4802980000,138832.2121163740,138832.2121163740,1,SRM-USDT
2022-03-10 00:00:00,1646841600000,1.9160000000,1.9310000000,1.9060000000,1.9120000000,86435.4447690000,165914.0151138110,165914.0151138110,1,SRM-USDT
2022-03-10 01:00:00,1646845200000,1.9120000000,1.9190000000,1.9040000000,1.9170000000,34321.7495280000,65586.1086518050,65586.1086518050,1,SRM-USDT
2022-03-10 02:00:00,1646848800000,1.9170000000,1.9170000000,1.8900000000,1.8980000000,70981.8669100000,134760.6711920700,134760.6711920700,1,SRM-USDT
2022-03-10 03:00:00,1646852400000,1.8960000000,1.9080000000,1.8770000000,1.9030000000,51348.0128450000,97201.5379668940,97201.5379668940,1,SRM-USDT
2022-03-10 04:00:00,1646856000000,1.9020000000,1.9090000000,1.8830000000,1.8880000000,21988.0025960000,41743.1341726980,41743.1341726980,1,SRM-USDT
2022-03-10 05:00:00,1646859600000,1.8880000000,1.9060000000,1.8820000000,1.9030000000,30350.5797180000,57483.4460180110,57483.4460180110,1,SRM-USDT
2022-03-10 06:00:00,1646863200000,1.9030000000,1.9120000000,1.9030000000,1.9070000000,20764.6819480000,39610.8005582220,39610.8005582220,1,SRM-USDT
2022-03-10 07:00:00,1646866800000,1.9070000000,1.9360000000,1.9070000000,1.9310000000,75968.7169590000,146131.8115344830,146131.8115344830,1,SRM-USDT
2022-03-10 08:00:00,1646870400000,1.9320000000,1.9470000000,1.9200000000,1.9310000000,90868.5008920000,175887.9775065260,175887.9775065260,1,SRM-USDT
2022-03-10 09:00:00,1646874000000,1.9300000000,1.9420000000,1.8870000000,1.8970000000,154802.9044430000,295724.1028642680,295724.1028642680,1,SRM-USDT
2022-03-10 10:00:00,1646877600000,1.8970000000,1.9110000000,1.8900000000,1.8980000000,59337.7611750000,112740.9531020980,112740.9531020980,1,SRM-USDT
2022-03-10 11:00:00,1646881200000,1.8940000000,1.9070000000,1.8910000000,1.8980000000,29374.3250250000,55798.5074762730,55798.5074762730,1,SRM-USDT
2022-03-10 12:00:00,1646884800000,1.8920000000,1.8970000000,1.8500000000,1.8530000000,154429.5794690000,287610.1775453620,287610.1775453620,1,SRM-USDT
2022-03-10 13:00:00,1646888400000,1.8520000000,1.8520000000,1.8100000000,1.8230000000,144936.3256460000,264845.5420296250,264845.5420296250,1,SRM-USDT
2022-03-10 14:00:00,1646892000000,1.8240000000,1.8340000000,1.8180000000,1.8340000000,22891.2525420000,41784.1129280570,41784.1129280570,1,SRM-USDT
2022-03-10 15:00:00,1646895600000,1.8340000000,1.8480000000,1.8270000000,1.8400000000,17992.2642860000,33033.4342896590,33033.4342896590,1,SRM-USDT
2022-03-10 16:00:00,1646899200000,1.8360000000,1.8480000000,1.8220000000,1.8470000000,23497.6070220000,43058.9654020590,43058.9654020590,1,SRM-USDT
2022-03-10 17:00:00,1646902800000,1.8470000000,1.8510000000,1.8380000000,1.8390000000,14176.2480950000,26149.8395491200,26149.8395491200,1,SRM-USDT
2022-03-10 18:00:00,1646906400000,1.8380000000,1.8390000000,1.8290000000,1.8290000000,11995.2735590000,22010.4559634760,22010.4559634760,1,SRM-USDT
2022-03-10 19:00:00,1646910000000,1.8270000000,1.8350000000,1.8250000000,1.8320000000,17912.0862470000,32748.2715767410,32748.2715767410,1,SRM-USDT
2022-03-10 20:00:00,1646913600000,1.8330000000,1.8590000000,1.8250000000,1.8500000000,48723.3041140000,89963.0401993790,89963.0401993790,1,SRM-USDT
2022-03-10 21:00:00,1646917200000,1.8520000000,1.8850000000,1.8070000000,1.8310000000,233891.2465090000,432574.4984739380,432574.4984739380,1,SRM-USDT
2022-03-10 22:00:00,1646920800000,1.8310000000,1.8430000000,1.8140000000,1.8380000000,87129.5808490000,159514.1826254340,159514.1826254340,1,SRM-USDT
2022-03-10 23:00:00,1646924400000,1.8390000000,1.8590000000,1.8280000000,1.8350000000,29302.3833100000,54008.0158072040,54008.0158072040,1,SRM-USDT
2022-03-11 00:00:00,1646928000000,1.8360000000,1.8430000000,1.8210000000,1.8330000000,33070.7794860000,60618.3284930960,60618.3284930960,1,SRM-USDT
2022-03-11 01:00:00,1646931600000,1.8330000000,1.8850000000,1.8290000000,1.8510000000,264233.6964770000,491751.1924796010,491751.1924796010,1,SRM-USDT
2022-03-11 02:00:00,1646935200000,1.8510000000,1.8640000000,1.8400000000,1.8640000000,42209.7346370000,78143.0036228420,78143.0036228420,1,SRM-USDT
2022-03-11 03:00:00,1646938800000,1.8620000000,1.8890000000,1.8580000000,1.8840000000,121235.1998080000,227227.8724006440,227227.8724006440,1,SRM-USDT
2022-03-11 04:00:00,1646942400000,1.8830000000,1.9050000000,1.8760000000,1.9020000000,20059.2489210000,37915.5768378680,37915.5768378680,1,SRM-USDT
2022-03-11 05:00:00,1646946000000,1.9010000000,1.9250000000,1.8850000000,1.8900000000,123732.1722000000,236260.2886267250,236260.2886267250,1,SRM-USDT
2022-03-11 06:00:00,1646949600000,1.8910000000,1.8960000000,1.8740000000,1.8940000000,37966.3581680000,71588.9871372340,71588.9871372340,1,SRM-USDT
2022-03-11 07:00:00,1646953200000,1.8940000000,1.8960000000,1.8770000000,1.8810000000,24216.6543480000,45620.1388599900,45620.1388599900,1,SRM-USDT
2022-03-11 08:00:00,1646956800000,1.8800000000,1.8840000000,1.8580000000,1.8580000000,57977.3156970000,108457.6572131870,108457.6572131870,1,SRM-USDT
2022-03-11 09:00:00,1646960400000,1.8620000000,1.8620000000,1.8290000000,1.8350000000,54862.9275180000,100948.1597794300,100948.1597794300,1,SRM-USDT
2022-03-11 10:00:00,1646964000000,1.8350000000,1.8370000000,1.8140000000,1.8220000000,34953.3901300000,63851.2385538700,63851.2385538700,1,SRM-USDT
2022-03-11 11:00:00,1646967600000,1.8230000000,1.8440000000,1.8210000000,1.8370000000,28857.4948050000,52899.2191059720,52899.2191059720,1,SRM-USDT
2022-03-11 12:00:00,1646971200000,1.8380000000,1.8380000000,1.7970000000,1.8030000000,108070.7918400000,195530.0166324550,195530.0166324550,1,SRM-USDT
2022-03-11 13:00:00,1646974800000,1.8020000000,1.8220000000,1.7850000000,1.8210000000,60999.1129290000,110060.0212893840,110060.0212893840,1,SRM-USDT
2022-03-11 14:00:00,1646978400000,1.8200000000,1.8460000000,1.8170000000,1.8360000000,89460.6759380000,163938.9001444930,163938.9001444930,1,SRM-USDT
2022-03-11 15:00:00,1646982000000,1.8380000000,1.8490000000,1.8300000000,1.8390000000,28319.1661110000,52108.3858037320,52108.3858037320,1,SRM-USDT
2022-03-11 16:00:00,1646985600000,1.8370000000,1.8480000000,1.8250000000,1.8270000000,37654.9476630000,69066.4311659240,69066.4311659240,1,SRM-USDT
2022-03-11 17:00:00,1646989200000,1.8280000000,1.8380000000,1.8270000000,1.8320000000,31246.5904540000,57241.4762701590,57241.4762701590,1,SRM-USDT
2022-03-11 18:00:00,1646992800000,1.8330000000,1.8390000000,1.8320000000,1.8350000000,12341.4998590000,22639.8814785920,22639.8814785920,1,SRM-USDT
2022-03-11 19:00:00,1646996400000,1.8320000000,1.8710000000,1.8150000000,1.8630000000,164417.1330350000,303673.7870971570,303673.7870971570,1,SRM-USDT
2022-03-11 20:00:00,1647000000000,1.8630000000,1.8810000000,1.8620000000,1.8680000000,70248.4983050000,131371.7286024730,131371.7286024730,1,SRM-USDT
2022-03-11 21:00:00,1647003600000,1.8690000000,1.8770000000,1.8440000000,1.8540000000,59736.1197160000,110910.0054594150,110910.0054594150,1,SRM-USDT
2022-03-11 22:00:00,1647007200000,1.8500000000,1.8600000000,1.8360000000,1.8390000000,48740.9979440000,90036.8427052890,90036.8427052890,1,SRM-USDT
2022-03-11 23:00:00,1647010800000,1.8410000000,1.8410000000,1.8170000000,1.8300000000,30595.4639010000,55926.9764915310,55926.9764915310,1,SRM-USDT
2022-03-12 00:00:00,1647014400000,1.8300000000,1.8300000000,1.8080000000,1.8180000000,68389.8646730000,124458.1461769740,124458.1461769740,1,SRM-USDT
2022-03-12 01:00:00,1647018000000,1.8170000000,1.8260000000,1.8080000000,1.8260000000,11590.1330130000,21043.9717935790,21043.9717935790,1,SRM-USDT
2022-03-12 02:00:00,1647021600000,1.8240000000,1.8290000000,1.8190000000,1.8190000000,11548.0007430000,21060.9515223520,21060.9515223520,1,SRM-USDT
2022-03-12 03:00:00,1647025200000,1.8190000000,1.8320000000,1.8160000000,1.8220000000,10897.7039690000,19889.9963354190,19889.9963354190,1,SRM-USDT
2022-03-12 04:00:00,1647028800000,1.8220000000,1.8340000000,1.8130000000,1.8180000000,10128.9757080000,18452.3366060270,18452.3366060270,1,SRM-USDT
2022-03-12 05:00:00,1647032400000,1.8220000000,1.8560000000,1.8220000000,1.8500000000,38096.8441890000,70035.4545256120,70035.4545256120,1,SRM-USDT
2022-03-12 06:00:00,1647036000000,1.8490000000,1.8730000000,1.8470000000,1.8510000000,85461.9908800000,158845.9447846190,158845.9447846190,1,SRM-USDT
2022-03-12 07:00:00,1647039600000,1.8530000000,1.8600000000,1.8480000000,1.8490000000,29084.1475940000,53907.6329888320,53907.6329888320,1,SRM-USDT
2022-03-12 08:00:00,1647043200000,1.8510000000,1.8740000000,1.8510000000,1.8730000000,54718.1711400000,101697.3147191530,101697.3147191530,1,SRM-USDT
2022-03-12 09:00:00,1647046800000,1.8710000000,1.8800000000,1.8670000000,1.8740000000,14122.9206700000,26478.0662366980,26478.0662366980,1,SRM-USDT
2022-03-12 10:00:00,1647050400000,1.8740000000,1.8790000000,1.8570000000,1.8650000000,27266.6498050000,50931.5199298600,50931.5199298600,1,SRM-USDT
2022-03-12 11:00:00,1647054000000,1.8640000000,1.8750000000,1.8600000000,1.8610000000,10682.7767070000,19950.6895021860,19950.6895021860,1,SRM-USDT
2022-03-12 12:00:00,1647057600000,1.8610000000,1.8660000000,1.8500000000,1.8590000000,26388.4762520000,49011.2582266700,49011.2582266700,1,SRM-USDT
2022-03-12 13:00:00,1647061200000,1.8600000000,1.8660000000,1.8530000000,1.8600000000,10522.6792710000,19568.9719979780,19568.9719979780,1,SRM-USDT
2022-03-12 14:00:00,1647064800000,1.8670000000,1.8680000000,1.8540000000,1.8540000000,7846.1719110000,14595.8903681080,14595.8903681080,1,SRM-USDT
2022-03-12 15:00:00,1647068400000,1.8540000000,1.8590000000,1.8470000000,1.8530000000,23467.5075610000,43470.6319396700,43470.6319396700,1,SRM-USDT
2022-03-12 16:00:00,1647072000000,1.8520000000,1.8590000000,1.8370000000,1.8450000000,36229.4238750000,66915.6338874500,66915.6338874500,1,SRM-USDT
2022-03-12 17:00:00,1647075600000,1.8450000000,1.8540000000,1.8450000000,1.8530000000,23505.6808560000,43467.9088005860,43467.9088005860,1,SRM-USDT
2022-03-12 18:00:00,1647079200000,1.8530000000,1.8570000000,1.8450000000,1.8550000000,20565.0197650000,38067.8463224650,38067.8463224650,1,SRM-USDT
2022-03-12 19:00:00,1647082800000,1.8570000000,1.8570000000,1.8410000000,1.8440000000,17861.0160940000,33020.8903490810,33020.8903490810,1,SRM-USDT
2022-03-12 20:00:00,1647086400000,1.8430000000,1.8540000000,1.8390000000,1.8540000000,29878.0087510000,55166.0293321690,55166.0293321690,1,SRM-USDT
2022-03-12 21:00:00,1647090000000,1.8520000000,1.8540000000,1.8450000000,1.8460000000,18236.9293340000,33718.0557048570,33718.0557048570,1,SRM-USDT
2022-03-12 22:00:00,1647093600000,1.8420000000,1.8490000000,1.8280000000,1.8400000000,28018.6285760000,51498.3694011680,51498.3694011680,1,SRM-USDT
2022-03-12 23:00:00,1647097200000,1.8370000000,1.8590000000,1.8370000000,1.8530000000,29884.4992030000,55267.7915137810,55267.7915137810,1,SRM-USDT
2022-03-13 00:00:00,1647100800000,1.8500000000,1.8610000000,1.8470000000,1.8610000000,32058.5954110000,59487.4567337810,59487.4567337810,1,SRM-USDT
2022-03-13 01:00:00,1647104400000,1.8610000000,1.8700000000,1.8510000000,1.8510000000,38719.5285090000,72164.8501525370,72164.8501525370,1,SRM-USDT
2022-03-13 02:00:00,1647108000000,1.8540000000,1.8560000000,1.8480000000,1.8490000000,12158.1122170000,22519.2596972070,22519.2596972070,1,SRM-USDT
2022-03-13 03:00:00,1647111600000,1.8470000000,1.8470000000,1.8430000000,1.8460000000,16960.0018770000,31292.8499828490,31292.8499828490,1,SRM-USDT
2022-03-13 04:00:00,1647115200000,1.8460000000,1.8490000000,1.8410000000,1.8460000000,10485.0978340000,19355.5490017370,19355.5490017370,1,SRM-USDT
2022-03-13 05:00:00,1647118800000,1.8470000000,1.8510000000,1.8440000000,1.8480000000,6539.4176490000,12087.1791581720,12087.1791581720,1,SRM-USDT
2022-03-13 06:00:00,1647122400000,1.8450000000,1.8470000000,1.8410000000,1.8430000000,16709.7200550000,30830.6776242970,30830.6776242970,1,SRM-USDT
2022-03-13 07:00:00,1647126000000,1.8420000000,1.8460000000,1.8280000000,1.8330000000,14741.3393800000,27091.6804589360,27091.6804589360,1,SRM-USDT
2022-03-13 08:00:00,1647129600000,1.8330000000,1.8370000000,1.8260000000,1.8350000000,22197.5976270000,40658.2434346320,40658.2434346320,1,SRM-USDT
2022-03-13 09:00:00,1647133200000,1.8350000000,1.8470000000,1.8330000000,1.8460000000,20567.3661260000,37914.1364407230,37914.1364407230,1,SRM-USDT
2022-03-13 10:00:00,1647136800000,1.8450000000,1.8600000000,1.8450000000,1.8600000000,22761.3043960000,42232.7628993780,42232.7628993780,1,SRM-USDT
2022-03-13 11:00:00,1647140400000,1.8610000000,1.8690000000,1.8580000000,1.8680000000,20431.4556880000,38080.1700244970,38080.1700244970,1,SRM-USDT
2022-03-13 12:00:00,1647144000000,1.8690000000,1.8710000000,1.8540000000,1.8540000000,19678.4068040000,36656.4926026070,36656.4926026070,1,SRM-USDT
2022-03-13 13:00:00,1647147600000,1.8540000000,1.8610000000,1.8520000000,1.8520000000,7350.5177590000,13655.4951175940,13655.4951175940,1,SRM-USDT
2022-03-13 14:00:00,1647151200000,1.8520000000,1.8550000000,1.8490000000,1.8550000000,17306.3276540000,32053.5979154880,32053.5979154880,1,SRM-USDT
2022-03-13 15:00:00,1647154800000,1.8560000000,1.8600000000,1.8510000000,1.8510000000,21733.3882450000,40302.6911979230,40302.6911979230,1,SRM-USDT
2022-03-13 16:00:00,1647158400000,1.8520000000,1.8530000000,1.8430000000,1.8460000000,12260.3334150000,22642.6860824260,22642.6860824260,1,SRM-USDT
2022-03-13 17:00:00,1647162000000,1.8460000000,1.8460000000,1.8320000000,1.8360000000,23895.3626380000,43968.8667853990,43968.8667853990,1,SRM-USDT
2022-03-13 18:00:00,1647165600000,1.8370000000,1.8420000000,1.8360000000,1.8420000000,20629.4118870000,37919.5823005150,37919.5823005150,1,SRM-USDT
2022-03-13 19:00:00,1647169200000,1.8410000000,1.8430000000,1.8220000000,1.8260000000,41142.0131920000,75409.2625917220,75409.2625917220,1,SRM-USDT
2022-03-13 20:00:00,1647172800000,1.8250000000,1.8250000000,1.7900000000,1.7960000000,109688.6769680000,197834.1577024580,197834.1577024580,1,SRM-USDT
2022-03-13 21:00:00,1647176400000,1.7980000000,1.8170000000,1.7960000000,1.8070000000,54791.9317970000,99078.3032766250,99078.3032766250,1,SRM-USDT
2022-03-13 22:00:00,1647180000000,1.8080000000,1.8180000000,1.8070000000,1.8130000000,10658.6403010000,19323.0421589520,19323.0421589520,1,SRM-USDT
2022-03-13 23:00:00,1647183600000,1.8130000000,1.8260000000,1.8130000000,1.8200000000,29684.6328470000,54083.5934074660,54083.5934074660,1,SRM-USDT
2022-03-14 00:00:00,1647187200000,1.8200000000,1.8220000000,1.8140000000,1.8150000000,12762.7699790000,23191.2640653120,23191.2640653120,1,SRM-USDT
2022-03-14 01:00:00,1647190800000,1.8150000000,1.8250000000,1.8120000000,1.8180000000,18245.6247580000,33177.1004229410,33177.1004229410,1,SRM-USDT
2022-03-14 02:00:00,1647194400000,1.8180000000,1.8240000000,1.8180000000,1.8210000000,19927.6864660000,36289.5960603620,36289.5960603620,1,SRM-USDT
2022-03-14 03:00:00,1647198000000,1.8210000000,1.8240000000,1.8090000000,1.8090000000,21916.6590050000,39804.2193578440,39804.2193578440,1,SRM-USDT
2022-03-14 04:00:00,1647201600000,1.8060000000,1.8070000000,1.7950000000,1.8010000000,23979.7905950000,43150.9605140320,43150.9605140320,1,SRM-USDT
2022-03-14 05:00:00,1647205200000,1.7990000000,1.8090000000,1.7980000000,1.8070000000,8587.6366820000,15512.5349011580,15512.5349011580,1,SRM-USDT
2022-03-14 06:00:00,1647208800000,1.8100000000,1.8130000000,1.7540000000,1.7660000000,87930.3987400000,156025.2465532390,156025.2465532390,1,SRM-USDT
2022-03-14 07:00:00,1647212400000,1.7650000000,1.7780000000,1.7560000000,1.7640000000,102698.8293070000,181751.9893391920,181751.9893391920,1,SRM-USDT
2022-03-14 08:00:00,1647216000000,1.7640000000,1.7650000000,1.7450000000,1.7610000000,74083.3075820000,130133.0645617710,130133.0645617710,1,SRM-USDT
2022-03-14 09:00:00,1647219600000,1.7670000000,1.7810000000,1.7550000000,1.7590000000,39603.7369260000,70052.1669724880,70052.1669724880,1,SRM-USDT
2022-03-14 10:00:00,1647223200000,1.7580000000,1.7680000000,1.7520000000,1.7570000000,40190.5199160000,70788.3844078760,70788.3844078760,1,SRM-USDT
2022-03-14 11:00:00,1647226800000,1.7570000000,1.7710000000,1.7520000000,1.7690000000,51536.5871590000,90813.1178443760,90813.1178443760,1,SRM-USDT
2022-03-14 12:00:00,1647230400000,1.7690000000,1.8100000000,1.7680000000,1.7850000000,74784.3472960000,133752.4797721280,133752.4797721280,1,SRM-USDT
2022-03-14 13:00:00,1647234000000,1.7830000000,1.7920000000,1.7830000000,1.7850000000,21827.5836950000,39029.5729918340,39029.5729918340,1,SRM-USDT
2022-03-14 14:00:00,1647237600000,1.7830000000,1.8010000000,1.7830000000,1.7950000000,40606.3165400000,72667.1545176300,72667.1545176300,1,SRM-USDT
2022-03-14 15:00:00,1647241200000,1.7930000000,1.8060000000,1.7880000000,1.8010000000,37181.1606990000,66794.7350656070,66794.7350656070,1,SRM-USDT
2022-03-14 16:00:00,1647244800000,1.8030000000,1.8160000000,1.8030000000,1.8100000000,18007.4933020000,32551.1091662120,32551.1091662120,1,SRM-USDT
2022-03-14 17:00:00,1647248400000,1.8100000000,1.8230000000,1.8070000000,1.8180000000,26655.6873300000,48369.0066818230,48369.0066818230,1,SRM-USDT
2022-03-14 18:00:00,1647252000000,1.8200000000,1.8230000000,1.8180000000,1.8210000000,7554.2627130000,13755.3460354590,13755.3460354590,1,SRM-USDT
2022-03-14 19:00:00,1647255600000,1.8210000000,1.8210000000,1.8010000000,1.8010000000,19272.9461500000,34863.4953259040,34863.4953259040,1,SRM-USDT
2022-03-14 20:00:00,1647259200000,1.8000000000,1.8060000000,1.7860000000,1.7950000000,41007.7460610000,73684.1091986590,73684.1091986590,1,SRM-USDT
2022-03-14 21:00:00,1647262800000,1.7960000000,1.8030000000,1.7790000000,1.7900000000,39291.9612230000,70327.5967602370,70327.5967602370,1,SRM-USDT
2022-03-14 22:00:00,1647266400000,1.7890000000,1.8070000000,1.7870000000,1.8010000000,40762.7222880000,73224.2355603980,73224.2355603980,1,SRM-USDT
2022-03-14 23:00:00,1647270000000,1.8040000000,1.8050000000,1.7900000000,1.7940000000,22492.1916060000,40470.5925058300,40470.5925058300,1,SRM-USDT
2022-03-15 00:00:00,1647273600000,1.7950000000,1.8010000000,1.7830000000,1.7830000000,13503.7844080000,24229.2043827060,24229.2043827060,1,SRM-USDT
2022-03-15 01:00:00,1647277200000,1.7830000000,1.7840000000,1.7620000000,1.7660000000,50771.4506800000,89941.1599134630,89941.1599134630,1,SRM-USDT
2022-03-15 02:00:00,1647280800000,1.7650000000,1.7740000000,1.7530000000,1.7710000000,39441.8614960000,69544.2003749960,69544.2003749960,1,SRM-USDT
2022-03-15 03:00:00,1647284400000,1.7710000000,1.7750000000,1.7630000000,1.7720000000,33282.6883610000,58862.1720331930,58862.1720331930,1,SRM-USDT
2022-03-15 04:00:00,1647288000000,1.7740000000,1.7810000000,1.7710000000,1.7720000000,23384.8351610000,41535.1591168960,41535.1591168960,1,SRM-USDT
2022-03-15 05:00:00,1647291600000,1.7730000000,1.7830000000,1.7700000000,1.7820000000,4718.6937380000,8378.0784544250,8378.0784544250,1,SRM-USDT
2022-03-15 06:00:00,1647295200000,1.7850000000,1.8180000000,1.7830000000,1.7970000000,74339.1644390000,134049.9528386140,134049.9528386140,1,SRM-USDT
2022-03-15 07:00:00,1647298800000,1.7970000000,1.8160000000,1.7970000000,1.8140000000,24994.6230550000,45240.7860719300,45240.7860719300,1,SRM-USDT
2022-03-15 08:00:00,1647302400000,1.8140000000,1.8200000000,1.7940000000,1.8150000000,32869.9247150000,59403.3166233660,59403.3166233660,1,SRM-USDT
2022-03-15 09:00:00,1647306000000,1.8160000000,1.8170000000,1.7820000000,1.7830000000,48801.3484890000,87600.8419126880,87600.8419126880,1,SRM-USDT
2022-03-15 10:00:00,1647309600000,1.7820000000,1.7960000000,1.7820000000,1.7910000000,20593.4028580000,36810.6774925210,36810.6774925210,1,SRM-USDT
2022-03-15 11:00:00,1647313200000,1.7910000000,1.7920000000,1.7720000000,1.7780000000,31810.8135520000,56634.8412374300,56634.8412374300,1,SRM-USDT
2022-03-15 12:00:00,1647316800000,1.7760000000,1.7830000000,1.7740000000,1.7810000000,34534.9586660000,61447.4518813140,61447.4518813140,1,SRM-USDT
2022-03-15 13:00:00,1647320400000,1.7800000000,1.7810000000,1.7750000000,1.7810000000,20809.1011850000,37008.5588461490,37008.5588461490,1,SRM-USDT
2022-03-15 14:00:00,1647324000000,1.7810000000,1.7940000000,1.7780000000,1.7900000000,36124.8348750000,64551.3984314100,64551.3984314100,1,SRM-USDT
2022-03-15 15:00:00,1647327600000,1.7900000000,1.7900000000,1.7530000000,1.7650000000,76551.5468350000,135079.1588540860,135079.1588540860,1,SRM-USDT
2022-03-15 16:00:00,1647331200000,1.7630000000,1.7640000000,1.7540000000,1.7580000000,46299.4065180000,81373.0591346950,81373.0591346950,1,SRM-USDT
2022-03-15 17:00:00,1647334800000,1.7570000000,1.7640000000,1.7490000000,1.7540000000,73298.2760500000,128823.0975499850,128823.0975499850,1,SRM-USDT
2022-03-15 18:00:00,1647338400000,1.7570000000,1.7710000000,1.7570000000,1.7690000000,28210.6302320000,49742.7065908290,49742.7065908290,1,SRM-USDT
2022-03-15 19:00:00,1647342000000,1.7700000000,1.7760000000,1.7670000000,1.7690000000,30941.1999580000,54825.0102981130,54825.0102981130,1,SRM-USDT
2022-03-15 20:00:00,1647345600000,1.7720000000,1.7830000000,1.7690000000,1.7820000000,25415.1018260000,45165.9996835230,45165.9996835230,1,SRM-USDT
2022-03-15 21:00:00,1647349200000,1.7830000000,1.7850000000,1.7590000000,1.7720000000,33481.3067210000,59319.3256540700,59319.3256540700,1,SRM-USDT
2022-03-15 22:00:00,1647352800000,1.7710000000,1.7940000000,1.7660000000,1.7900000000,91272.1394680000,162663.7018853440,162663.7018853440,1,SRM-USDT
2022-03-15 23:00:00,1647356400000,1.7890000000,1.8030000000,1.7840000000,1.7870000000,26591.5307610000,47749.7118158760,47749.7118158760,1,SRM-USDT
2022-03-16 00:00:00,1647360000000,1.7870000000,1.8170000000,1.7840000000,1.8060000000,41696.6759020000,75258.0941660870,75258.0941660870,1,SRM-USDT
2022-03-16 01:00:00,1647363600000,1.8060000000,1.8160000000,1.8000000000,1.8150000000,29720.0217070000,53682.1602269870,53682.1602269870,1,SRM-USDT
2022-03-16 02:00:00,1647367200000,1.8180000000,1.8320000000,1.8080000000,1.8290000000,44640.2783220000,81061.8535361420,81061.8535361420,1,SRM-USDT
2022-03-16 03:00:00,1647370800000,1.8280000000,1.8380000000,1.8200000000,1.8240000000,96149.5019530000,176075.2149502700,176075.2149502700,1,SRM-USDT
2022-03-16 04:00:00,1647374400000,1.8260000000,1.8310000000,1.8130000000,1.8160000000,41367.6638460000,75240.1419637980,75240.1419637980,1,SRM-USDT
2022-03-16 05:00:00,1647378000000,1.8180000000,1.8390000000,1.8110000000,1.8390000000,15690.6601940000,28665.3250077200,28665.3250077200,1,SRM-USDT
2022-03-16 06:00:00,1647381600000,1.8400000000,1.8490000000,1.8330000000,1.8400000000,54185.4702920000,99786.0033636640,99786.0033636640,1,SRM-USDT
2022-03-16 07:00:00,1647385200000,1.8400000000,1.8490000000,1.8290000000,1.8310000000,47030.5098630000,86479.3193334300,86479.3193334300,1,SRM-USDT
2022-03-16 08:00:00,1647388800000,1.8320000000,1.8400000000,1.8210000000,1.8310000000,59320.2287180000,108726.6344622270,108726.6344622270,1,SRM-USDT
2022-03-16 09:00:00,1647392400000,1.8320000000,1.8470000000,1.8250000000,1.8390000000,127188.4095440000,234038.3589970110,234038.3589970110,1,SRM-USDT
2022-03-16 10:00:00,1647396000000,1.8390000000,1.8830000000,1.8390000000,1.8580000000,160286.0351330000,298839.8423372910,298839.8423372910,1,SRM-USDT
2022-03-16 11:00:00,1647399600000,1.8580000000,1.8590000000,1.8030000000,1.8070000000,127152.3952840000,231674.5103721810,231674.5103721810,1,SRM-USDT
2022-03-16 12:00:00,1647403200000,1.8060000000,1.8110000000,1.7930000000,1.8030000000,49701.4203010000,89539.8003785130,89539.8003785130,1,SRM-USDT
2022-03-16 13:00:00,1647406800000,1.8010000000,1.8120000000,1.7940000000,1.8120000000,31201.0678930000,56268.4184580400,56268.4184580400,1,SRM-USDT
2022-03-16 14:00:00,1647410400000,1.8120000000,1.8240000000,1.8100000000,1.8220000000,28209.3603450000,51296.7565470570,51296.7565470570,1,SRM-USDT
2022-03-16 15:00:00,1647414000000,1.8220000000,1.8220000000,1.8090000000,1.8160000000,27763.9672620000,50358.4420721700,50358.4420721700,1,SRM-USDT
2022-03-16 16:00:00,1647417600000,1.8180000000,1.8410000000,1.8180000000,1.8330000000,57256.6392390000,104716.3942704160,104716.3942704160,1,SRM-USDT
2022-03-16 17:00:00,1647421200000,1.8320000000,1.8450000000,1.8320000000,1.8400000000,46301.7074870000,85094.4501095430,85094.4501095430,1,SRM-USDT
2022-03-16 18:00:00,1647424800000,1.8410000000,1.8490000000,1.8370000000,1.8410000000,83272.1152190000,153519.9685424030,153519.9685424030,1,SRM-USDT
2022-03-16 19:00:00,1647428400000,1.8420000000,1.8600000000,1.8380000000,1.8520000000,49571.0371720000,91682.6472000370,91682.6472000370,1,SRM-USDT
2022-03-16 20:00:00,1647432000000,1.8520000000,1.8560000000,1.8390000000,1.8420000000,23731.5381000000,43794.0679812340,43794.0679812340,1,SRM-USDT
2022-03-16 21:00:00,1647435600000,1.8410000000,1.8510000000,1.8280000000,1.8320000000,73834.3383630000,135790.3256444770,135790.3256444770,1,SRM-USDT
2022-03-16 22:00:00,1647439200000,1.8350000000,1.8630000000,1.8290000000,1.8460000000,158968.4282540000,293801.6620968780,293801.6620968780,1,SRM-USDT
2022-03-16 23:00:00,1647442800000,1.8480000000,1.8530000000,1.8380000000,1.8390000000,77038.7228550000,141953.6577974510,141953.6577974510,1,SRM-USDT
2022-03-17 00:00:00,1647446400000,1.8410000000,1.8490000000,1.8190000000,1.8300000000,93879.7577100000,171686.1192435330,171686.1192435330,1,SRM-USDT
2022-03-17 01:00:00,1647450000000,1.8300000000,1.8400000000,1.8200000000,1.8300000000,47807.6122970000,87476.7231170150,87476.7231170150,1,SRM-USDT
2022-03-17 02:00:00,1647453600000,1.8240000000,1.8320000000,1.7960000000,1.8290000000,255040.9220610000,462975.2755598760,462975.2755598760,1,SRM-USDT
2022-03-17 03:00:00,1647457200000,1.8280000000,1.8730000000,1.8250000000,1.8690000000,196883.1798410000,366036.3110137320,366036.3110137320,1,SRM-USDT
2022-03-17 04:00:00,1647460800000,1.8690000000,1.8840000000,1.8640000000,1.8730000000,133743.9284230000,250847.1175442140,250847.1175442140,1,SRM-USDT
2022-03-17 05:00:00,1647464400000,1.8760000000,1.8830000000,1.8660000000,1.8680000000,48484.9074620000,90795.7054838920,90795.7054838920,1,SRM-USDT
2022-03-17 06:00:00,1647468000000,1.8670000000,1.8750000000,1.8670000000,1.8720000000,39701.4563280000,74267.2405507640,74267.2405507640,1,SRM-USDT
2022-03-17 07:00:00,1647471600000,1.8710000000,1.8970000000,1.8710000000,1.8950000000,48987.4558100000,92217.4421652120,92217.4421652120,1,SRM-USDT
2022-03-17 08:00:00,1647475200000,1.8940000000,1.8990000000,1.8770000000,1.8830000000,32162.3252120000,60730.7229990140,60730.7229990140,1,SRM-USDT
2022-03-17 09:00:00,1647478800000,1.8820000000,1.8930000000,1.8700000000,1.8920000000,51650.6718870000,97061.4996122690,97061.4996122690,1,SRM-USDT
2022-03-17 10:00:00,1647482400000,1.8930000000,1.9010000000,1.8840000000,1.8900000000,109733.7561060000,207972.7086468260,207972.7086468260,1,SRM-USDT
2022-03-17 11:00:00,1647486000000,1.8900000000,1.8900000000,1.8720000000,1.8720000000,26337.6011120000,49555.2910741490,49555.2910741490,1,SRM-USDT
2022-03-17 12:00:00,1647489600000,1.8720000000,1.8860000000,1.8680000000,1.8860000000,48917.4693480000,91727.5794047400,91727.5794047400,1,SRM-USDT
2022-03-17 13:00:00,1647493200000,1.8850000000,1.8860000000,1.8720000000,1.8720000000,54280.0647100000,102067.3131906960,102067.3131906960,1,SRM-USDT
2022-03-17 14:00:00,1647496800000,1.8700000000,1.8730000000,1.8500000000,1.8550000000,54965.9919690000,102294.9915426840,102294.9915426840,1,SRM-USDT
2022-03-17 15:00:00,1647500400000,1.8520000000,1.8630000000,1.8500000000,1.8600000000,43816.4395200000,81363.9241916140,81363.9241916140,1,SRM-USDT
2022-03-17 16:00:00,1647504000000,1.8610000000,1.8730000000,1.8580000000,1.8720000000,32999.0779700000,61594.9457988850,61594.9457988850,1,SRM-USDT
2022-03-17 17:00:00,1647507600000,1.8720000000,1.8740000000,1.8700000000,1.8720000000,13578.1131560000,25423.8770085220,25423.8770085220,1,SRM-USDT
2022-03-17 18:00:00,1647511200000,1.8720000000,1.8720000000,1.8570000000,1.8710000000,22429.8079990000,41824.0381741510,41824.0381741510,1,SRM-USDT
2022-03-17 19:00:00,1647514800000,1.8710000000,1.8730000000,1.8630000000,1.8720000000,56133.8326910000,104880.3575220780,104880.3575220780,1,SRM-USDT
2022-03-17 20:00:00,1647518400000,1.8720000000,1.8980000000,1.8710000000,1.8960000000,78185.1118190000,147483.5765840160,147483.5765840160,1,SRM-USDT
2022-03-17 21:00:00,1647522000000,1.8960000000,1.9050000000,1.8950000000,1.9040000000,46019.9605720000,87464.5378752070,87464.5378752070,1,SRM-USDT
2022-03-17 22:00:00,1647525600000,1.9050000000,1.9180000000,1.8860000000,1.8880000000,54645.9742490000,103975.2080137070,103975.2080137070,1,SRM-USDT
2022-03-17 23:00:00,1647529200000,1.8880000000,1.8980000000,1.8840000000,1.8860000000,28592.0369750000,54040.3081808620,54040.3081808620,1,SRM-USDT
2022-03-18 00:00:00,1647532800000,1.8870000000,1.8970000000,1.8840000000,1.8920000000,36984.3903860000,69920.7309484180,69920.7309484180,1,SRM-USDT
2022-03-18 01:00:00,1647536400000,1.8940000000,1.8940000000,1.8790000000,1.8900000000,42231.1510950000,79587.6438047650,79587.6438047650,1,SRM-USDT
2022-03-18 02:00:00,1647540000000,1.8870000000,1.8910000000,1.8850000000,1.8870000000,13367.4734440000,25236.5180666780,25236.5180666780,1,SRM-USDT
2022-03-18 03:00:00,1647543600000,1.8870000000,1.8990000000,1.8860000000,1.8990000000,23866.3644850000,45146.7260410340,45146.7260410340,1,SRM-USDT
2022-03-18 04:00:00,1647547200000,1.9010000000,1.9010000000,1.8860000000,1.8880000000,24061.4992800000,45579.6658212010,45579.6658212010,1,SRM-USDT
2022-03-18 05:00:00,1647550800000,1.8890000000,1.8970000000,1.8850000000,1.8920000000,29560.2520360000,55931.3560795710,55931.3560795710,1,SRM-USDT
2022-03-18 06:00:00,1647554400000,1.8940000000,1.8960000000,1.8890000000,1.8920000000,29035.2383810000,54957.2470159190,54957.2470159190,1,SRM-USDT
2022-03-18 07:00:00,1647558000000,1.8870000000,1.8930000000,1.8810000000,1.8850000000,59654.1504390000,112678.8956050100,112678.8956050100,1,SRM-USDT
2022-03-18 08:00:00,1647561600000,1.8840000000,1.8890000000,1.8520000000,1.8540000000,85623.7323570000,160466.2998167990,160466.2998167990,1,SRM-USDT
2022-03-18 09:00:00,1647565200000,1.8550000000,1.8740000000,1.8490000000,1.8690000000,49684.5082370000,92471.6509322950,92471.6509322950,1,SRM-USDT
2022-03-18 10:00:00,1647568800000,1.8680000000,1.8690000000,1.8590000000,1.8660000000,11946.8836550000,22290.4764117770,22290.4764117770,1,SRM-USDT
2022-03-18 11:00:00,1647572400000,1.8670000000,1.8670000000,1.8580000000,1.8600000000,20659.0348770000,38503.5371052110,38503.5371052110,1,SRM-USDT
2022-03-18 12:00:00,1647576000000,1.8590000000,1.8620000000,1.8530000000,1.8620000000,24428.9685480000,45387.6120131080,45387.6120131080,1,SRM-USDT
2022-03-18 13:00:00,1647579600000,1.8630000000,1.8750000000,1.8630000000,1.8740000000,24579.0837510000,45928.9252186320,45928.9252186320,1,SRM-USDT
2022-03-18 14:00:00,1647583200000,1.8740000000,1.8810000000,1.8730000000,1.8740000000,25925.5757020000,48659.4745034960,48659.4745034960,1,SRM-USDT
2022-03-18 15:00:00,1647586800000,1.8730000000,1.9330000000,1.8660000000,1.9300000000,411514.7820840000,783450.5411554710,783450.5411554710,1,SRM-USDT
2022-03-18 16:00:00,1647590400000,1.9310000000,2.0490000000,1.9310000000,1.9990000000,909736.1046600000,1823753.8035403660,1823753.8035403660,1,SRM-USDT
2022-03-18 17:00:00,1647594000000,2.0050000000,2.0180000000,1.9780000000,1.9820000000,332235.1325350000,663369.8889586530,663369.8889586530,1,SRM-USDT
2022-03-18 18:00:00,1647597600000,1.9820000000,2.0780000000,1.9820000000,2.0510000000,684892.3920100000,1400298.4698926359,1400298.4698926359,1,SRM-USDT
2022-03-18 19:00:00,1647601200000,2.0520000000,2.0840000000,2.0220000000,2.0420000000,519162.4734960000,1063924.8099665521,1063924.8099665521,1,SRM-USDT
2022-03-18 20:00:00,1647604800000,2.0410000000,2.1640000000,2.0330000000,2.1040000000,997206.9161010000,2081189.1689712720,2081189.1689712720,1,SRM-USDT
2022-03-18 21:00:00,1647608400000,2.1030000000,2.1210000000,2.0760000000,2.1010000000,866858.9027510000,1820613.3452227209,1820613.3452227209,1,SRM-USDT
2022-03-18 22:00:00,1647612000000,2.1010000000,2.1360000000,2.0880000000,2.1110000000,900706.2700150000,1903351.4190962780,1903351.4190962780,1,SRM-USDT
2022-03-18 23:00:00,1647615600000,2.1110000000,2.1130000000,2.0500000000,2.0710000000,515119.7640040000,1069063.2080593470,1069063.2080593470,1,SRM-USDT
2022-03-19 00:00:00,1647619200000,2.0710000000,2.1320000000,2.0710000000,2.1250000000,504726.5831900000,1061143.3913325220,1061143.3913325220,1,SRM-USDT
2022-03-19 01:00:00,1647622800000,2.1260000000,2.1270000000,2.0950000000,2.1050000000,186694.5746360000,394076.8460880620,394076.8460880620,1,SRM-USDT
2022-03-19 02:00:00,1647626400000,2.1060000000,2.1090000000,2.0930000000,2.1030000000,110204.5042080000,231543.1709054490,231543.1709054490,1,SRM-USDT
2022-03-19 03:00:00,1647630000000,2.1030000000,2.1390000000,2.0890000000,2.1350000000,299666.8835470000,633509.0464458760,633509.0464458760,1,SRM-USDT
2022-03-19 04:00:00,1647633600000,2.1360000000,2.1390000000,2.1050000000,2.1050000000,247712.4604580000,526174.0231216730,526174.0231216730,1,SRM-USDT
2022-03-19 05:00:00,1647637200000,2.1050000000,2.1170000000,2.0990000000,2.1040000000,131632.0627170000,277195.2616703600,277195.2616703600,1,SRM-USDT
2022-03-19 06:00:00,1647640800000,2.1040000000,2.1270000000,2.1030000000,2.1200000000,131235.0953060000,277682.2498215930,277682.2498215930,1,SRM-USDT
2022-03-19 07:00:00,1647644400000,2.1200000000,2.1980000000,2.1200000000,2.1670000000,585312.5914189999,1264327.1340420819,1264327.1340420819,1,SRM-USDT
2022-03-19 08:00:00,1647648000000,2.1670000000,2.4260000000,2.1670000000,2.4220000000,2818866.6025259998,6592062.5405622963,6592062.5405622963,1,SRM-USDT
2022-03-19 09:00:00,1647651600000,2.4210000000,2.4590000000,2.3650000000,2.4030000000,952572.2064110000,2294518.7188979140,2294518.7188979140,1,SRM-USDT
2022-03-19 10:00:00,1647655200000,2.4020000000,2.4530000000,2.3820000000,2.4310000000,500584.2648380000,1207608.9884759821,1207608.9884759821,1,SRM-USDT
2022-03-19 11:00:00,1647658800000,2.4330000000,2.4960000000,2.4330000000,2.4830000000,940877.4014269999,2323931.3268469260,2323931.3268469260,1,SRM-USDT
2022-03-19 12:00:00,1647662400000,2.4820000000,2.5740000000,2.4550000000,2.5620000000,1002249.3995760001,2524206.4978261702,2524206.4978261702,1,SRM-USDT
2022-03-19 13:00:00,1647666000000,2.5640000000,2.5970000000,2.4890000000,2.5370000000,907366.0018190000,2309777.2789855511,2309777.2789855511,1,SRM-USDT
2022-03-19 14:00:00,1647669600000,2.5370000000,2.6130000000,2.5090000000,2.5870000000,751805.4508780000,1921648.2499065287,1921648.2499065287,1,SRM-USDT
2022-03-19 15:00:00,1647673200000,2.5880000000,2.5900000000,2.5150000000,2.5330000000,440723.2163700000,1124417.7889606280,1124417.7889606280,1,SRM-USDT
2022-03-19 16:00:00,1647676800000,2.5330000000,2.5330000000,2.4740000000,2.5160000000,836313.5177980000,2097355.1240282082,2097355.1240282082,1,SRM-USDT
2022-03-19 17:00:00,1647680400000,2.5160000000,2.5370000000,2.4900000000,2.5340000000,420447.1075480000,1055472.3259079589,1055472.3259079589,1,SRM-USDT
2022-03-19 18:00:00,1647684000000,2.5340000000,2.5530000000,2.5070000000,2.5370000000,402014.5564600000,1016970.6261053950,1016970.6261053950,1,SRM-USDT
2022-03-19 19:00:00,1647687600000,2.5380000000,2.5570000000,2.5100000000,2.5380000000,340197.0393790000,861948.3789111490,861948.3789111490,1,SRM-USDT
2022-03-19 20:00:00,1647691200000,2.5390000000,2.5390000000,2.5060000000,2.5260000000,290020.0176140000,731117.1495824610,731117.1495824610,1,SRM-USDT
2022-03-19 21:00:00,1647694800000,2.5260000000,2.5640000000,2.5190000000,2.5400000000,409526.4559880000,1041043.5550651141,1041043.5550651141,1,SRM-USDT
2022-03-19 22:00:00,1647698400000,2.5410000000,2.6650000000,2.5310000000,2.6070000000,1476227.9915209999,3842995.4959166790,3842995.4959166790,1,SRM-USDT
2022-03-19 23:00:00,1647702000000,2.6060000000,2.6060000000,2.5500000000,2.5760000000,592538.2491540000,1529396.1234006551,1529396.1234006551,1,SRM-USDT
2022-03-20 00:00:00,1647705600000,2.5750000000,2.6380000000,2.5560000000,2.5780000000,782012.6384000001,2024865.1836135867,2024865.1836135867,1,SRM-USDT
2022-03-20 01:00:00,1647709200000,2.5770000000,2.5820000000,2.5580000000,2.5730000000,207105.4210570000,532270.4555775010,532270.4555775010,1,SRM-USDT
2022-03-20 02:00:00,1647712800000,2.5730000000,2.5750000000,2.5380000000,2.5650000000,273297.5302550000,698947.8856180940,698947.8856180940,1,SRM-USDT
2022-03-20 03:00:00,1647716400000,2.5650000000,2.6150000000,2.5620000000,2.5810000000,354553.1046590000,918045.6888199360,918045.6888199360,1,SRM-USDT
2022-03-20 04:00:00,1647720000000,2.5800000000,2.6240000000,2.5680000000,2.6060000000,332447.3536570000,865847.8626279740,865847.8626279740,1,SRM-USDT
2022-03-20 05:00:00,1647723600000,2.6050000000,2.6280000000,2.5770000000,2.5770000000,166949.4249030000,434846.9966442250,434846.9966442250,1,SRM-USDT
2022-03-20 06:00:00,1647727200000,2.5780000000,2.6820000000,2.5540000000,2.6390000000,635437.5654660000,1664176.7281189433,1664176.7281189433,1,SRM-USDT
2022-03-20 07:00:00,1647730800000,2.6380000000,2.7180000000,2.6030000000,2.6990000000,667331.8123980000,1771408.4413734199,1771408.4413734199,1,SRM-USDT
2022-03-20 08:00:00,1647734400000,2.6960000000,2.8230000000,2.6500000000,2.7050000000,1768379.1885009999,4827848.9404088426,4827848.9404088426,1,SRM-USDT
2022-03-20 09:00:00,1647738000000,2.7040000000,2.8980000000,2.7000000000,2.8420000000,1368640.9896730001,3838450.0297250086,3838450.0297250086,1,SRM-USDT
2022-03-20 10:00:00,1647741600000,2.8410000000,3.0000000000,2.8210000000,2.9330000000,1503929.5271780000,4407160.6231069658,4407160.6231069658,1,SRM-USDT
2022-03-20 11:00:00,1647745200000,2.9340000000,2.9850000000,2.9270000000,2.9450000000,631541.7758560000,1863008.7420070420,1863008.7420070420,1,SRM-USDT
2022-03-20 12:00:00,1647748800000,2.9400000000,2.9400000000,2.8600000000,2.9030000000,604894.2611720000,1748141.4473370551,1748141.4473370551,1,SRM-USDT
2022-03-20 13:00:00,1647752400000,2.9030000000,2.9140000000,2.7790000000,2.7930000000,714448.3890780000,2016369.7287719341,2016369.7287719341,1,SRM-USDT
2022-03-20 14:00:00,1647756000000,2.7920000000,2.8000000000,2.7530000000,2.7650000000,344881.4257640000,956316.6375728690,956316.6375728690,1,SRM-USDT
2022-03-20 15:00:00,1647759600000,2.7660000000,2.8100000000,2.7660000000,2.7980000000,383680.8355470000,1070469.9967605227,1070469.9967605227,1,SRM-USDT
2022-03-20 16:00:00,1647763200000,2.7960000000,2.7990000000,2.7000000000,2.7800000000,432336.5276310000,1196618.3025303739,1196618.3025303739,1,SRM-USDT
2022-03-20 17:00:00,1647766800000,2.7810000000,2.7940000000,2.7100000000,2.7270000000,783738.2499940000,2149716.3175979559,2149716.3175979559,1,SRM-USDT
2022-03-20 18:00:00,1647770400000,2.7290000000,2.7350000000,2.6680000000,2.7010000000,831501.6500330000,2245342.7316859150,2245342.7316859150,1,SRM-USDT
2022-03-20 19:00:00,1647774000000,2.7020000000,2.7310000000,2.6750000000,2.6840000000,525042.3344460001,1420307.8066541390,1420307.8066541390,1,SRM-USDT
2022-03-20 20:00:00,1647777600000,2.6850000000,2.7400000000,2.6270000000,2.6980000000,778804.7291200000,2092393.6503162719,2092393.6503162719,1,SRM-USDT
2022-03-20 21:00:00,1647781200000,2.6990000000,2.7300000000,2.6820000000,2.7010000000,590502.6857490001,1595941.1455282699,1595941.1455282699,1,SRM-USDT
2022-03-20 22:00:00,1647784800000,2.7000000000,2.7140000000,2.6500000000,2.6630000000,435339.1534530000,1168490.8991298927,1168490.8991298927,1,SRM-USDT
2022-03-20 23:00:00,1647788400000,2.6650000000,2.6900000000,2.6550000000,2.6690000000,270899.1716890000,724376.1198056890,724376.1198056890,1,SRM-USDT
2022-03-21 00:00:00,1647792000000,2.6660000000,2.6870000000,2.6150000000,2.6290000000,426310.6952600000,1130918.6227425253,1130918.6227425253,1,SRM-USDT
2022-03-21 01:00:00,1647795600000,2.6280000000,2.6400000000,2.5910000000,2.6190000000,332154.1150260000,868925.1038690370,868925.1038690370,1,SRM-USDT
2022-03-21 02:00:00,1647799200000,2.6190000000,2.6300000000,2.5940000000,2.6040000000,161344.5492740000,422067.6008737110,422067.6008737110,1,SRM-USDT
2022-03-21 03:00:00,1647802800000,2.6040000000,2.6200000000,2.5950000000,2.6160000000,182673.7256140000,477172.0848285940,477172.0848285940,1,SRM-USDT
2022-03-21 04:00:00,1647806400000,2.6170000000,2.6380000000,2.5910000000,2.5950000000,249477.2612510000,652881.0711580550,652881.0711580550,1,SRM-USDT
2022-03-21 05:00:00,1647810000000,2.5940000000,2.6210000000,2.5900000000,2.6030000000,80541.4392660000,209649.7179938230,209649.7179938230,1,SRM-USDT
2022-03-21 06:00:00,1647813600000,2.6010000000,2.6030000000,2.5620000000,2.5810000000,278282.7822820000,718020.9454398530,718020.9454398530,1,SRM-USDT
2022-03-21 07:00:00,1647817200000,2.5810000000,2.6210000000,2.5740000000,2.5950000000,635852.6307760000,1651981.3260579461,1651981.3260579461,1,SRM-USDT
2022-03-21 08:00:00,1647820800000,2.5930000000,2.6970000000,2.5400000000,2.5480000000,1484867.1865749999,3890830.4298300897,3890830.4298300897,1,SRM-USDT
2022-03-21 09:00:00,1647824400000,2.5490000000,2.5670000000,2.4790000000,2.4970000000,855197.4154919999,2158192.9089600500,2158192.9089600500,1,SRM-USDT
2022-03-21 10:00:00,1647828000000,2.4980000000,2.5060000000,2.4390000000,2.4630000000,622986.1238690000,1534803.2460277921,1534803.2460277921,1,SRM-USDT
2022-03-21 11:00:00,1647831600000,2.4610000000,2.4890000000,2.4520000000,2.4880000000,508425.3022940000,1256015.4172999959,1256015.4172999959,1,SRM-USDT
2022-03-21 12:00:00,1647835200000,2.4850000000,2.5370000000,2.4800000000,2.5280000000,496048.3170960000,1243345.5056513441,1243345.5056513441,1,SRM-USDT
2022-03-21 13:00:00,1647838800000,2.5300000000,2.5430000000,2.5140000000,2.5210000000,293699.8650950000,741694.9962594610,741694.9962594610,1,SRM-USDT
2022-03-21 14:00:00,1647842400000,2.5230000000,2.5720000000,2.5170000000,2.5240000000,331749.9477810000,844973.9586185151,844973.9586185151,1,SRM-USDT
2022-03-21 15:00:00,1647846000000,2.5240000000,2.5720000000,2.5140000000,2.5670000000,357324.3811150000,908738.1949780290,908738.1949780290,1,SRM-USDT
2022-03-21 16:00:00,1647849600000,2.5670000000,2.5710000000,2.5300000000,2.5360000000,324354.6171200000,827377.6437600930,827377.6437600930,1,SRM-USDT
2022-03-21 17:00:00,1647853200000,2.5360000000,2.5420000000,2.5150000000,2.5250000000,161581.5085760000,408393.9988569640,408393.9988569640,1,SRM-USDT
2022-03-21 18:00:00,1647856800000,2.5260000000,2.5460000000,2.5140000000,2.5230000000,155666.9144280000,394293.2619971560,394293.2619971560,1,SRM-USDT
2022-03-21 19:00:00,1647860400000,2.5230000000,2.5400000000,2.5100000000,2.5120000000,167242.0106560000,422513.1625108530,422513.1625108530,1,SRM-USDT
2022-03-21 20:00:00,1647864000000,2.5120000000,2.5170000000,2.4610000000,2.5060000000,276820.8771030000,690523.1780070300,690523.1780070300,1,SRM-USDT
2022-03-21 21:00:00,1647867600000,2.5060000000,2.5260000000,2.4830000000,2.4860000000,253864.7866470000,636550.2269676880,636550.2269676880,1,SRM-USDT
2022-03-21 22:00:00,1647871200000,2.4850000000,2.5020000000,2.4730000000,2.5010000000,228621.5929360000,567638.3640938260,567638.3640938260,1,SRM-USDT
2022-03-21 23:00:00,1647874800000,2.5020000000,2.5050000000,2.4820000000,2.4980000000,139745.8334160000,348473.6330246090,348473.6330246090,1,SRM-USDT
2022-03-22 00:00:00,1647878400000,2.4980000000,2.4990000000,2.4560000000,2.4640000000,256707.0493980000,635809.2695240360,635809.2695240360,1,SRM-USDT
2022-03-22 01:00:00,1647882000000,2.4610000000,2.4860000000,2.4560000000,2.4830000000,166205.9774490000,410645.9051961670,410645.9051961670,1,SRM-USDT
2022-03-22 02:00:00,1647885600000,2.4830000000,2.5010000000,2.4740000000,2.4880000000,144825.3658910000,360372.1488306240,360372.1488306240,1,SRM-USDT
2022-03-22 03:00:00,1647889200000,2.4900000000,2.4960000000,2.4760000000,2.4960000000,124883.2640260000,310405.8837649050,310405.8837649050,1,SRM-USDT
2022-03-22 04:00:00,1647892800000,2.4960000000,2.5010000000,2.4850000000,2.4850000000,77761.6981940000,194060.3055363160,194060.3055363160,1,SRM-USDT
2022-03-22 05:00:00,1647896400000,2.4860000000,2.4890000000,2.4780000000,2.4820000000,53707.0481780000,133399.6942649710,133399.6942649710,1,SRM-USDT
2022-03-22 06:00:00,1647900000000,2.4820000000,2.4870000000,2.4650000000,2.4690000000,111072.5273760000,275331.6949427150,275331.6949427150,1,SRM-USDT
2022-03-22 07:00:00,1647903600000,2.4680000000,2.4780000000,2.4550000000,2.4750000000,161820.6279910000,399130.7387176550,399130.7387176550,1,SRM-USDT
2022-03-22 08:00:00,1647907200000,2.4730000000,2.4760000000,2.4160000000,2.4330000000,378300.4955750000,921384.0371930960,921384.0371930960,1,SRM-USDT
2022-03-22 09:00:00,1647910800000,2.4330000000,2.4410000000,2.3920000000,2.4040000000,272741.7441630000,656693.9805179300,656693.9805179300,1,SRM-USDT
2022-03-22 10:00:00,1647914400000,2.4060000000,2.4410000000,2.4010000000,2.4200000000,387720.1773760000,940022.8953471610,940022.8953471610,1,SRM-USDT
2022-03-22 11:00:00,1647918000000,2.4230000000,2.4630000000,2.4230000000,2.4500000000,217951.6564400000,533101.6296860920,533101.6296860920,1,SRM-USDT
2022-03-22 12:00:00,1647921600000,2.4510000000,2.5160000000,2.4490000000,2.4900000000,654313.6687790001,1632403.2693105950,1632403.2693105950,1,SRM-USDT
2022-03-22 13:00:00,1647925200000,2.4920000000,2.5040000000,2.4730000000,2.4820000000,199648.7449640000,496818.9731075680,496818.9731075680,1,SRM-USDT
2022-03-22 14:00:00,1647928800000,2.4820000000,2.4820000000,2.4340000000,2.4440000000,264843.8034880000,649424.2866891510,649424.2866891510,1,SRM-USDT
2022-03-22 15:00:00,1647932400000,2.4450000000,2.4990000000,2.4420000000,2.4780000000,252645.6803110000,626017.7423769450,626017.7423769450,1,SRM-USDT
2022-03-22 16:00:00,1647936000000,2.4780000000,2.5650000000,2.4720000000,2.5500000000,766489.6644170000,1936855.8583126089,1936855.8583126089,1,SRM-USDT
2022-03-22 17:00:00,1647939600000,2.5480000000,2.6040000000,2.5370000000,2.5650000000,902769.1546610000,2324479.3431933741,2324479.3431933741,1,SRM-USDT
2022-03-22 18:00:00,1647943200000,2.5630000000,2.5800000000,2.5400000000,2.5750000000,302271.2795150000,775546.2727321270,775546.2727321270,1,SRM-USDT
2022-03-22 19:00:00,1647946800000,2.5710000000,2.5790000000,2.5450000000,2.5530000000,228756.3864880000,585660.1687690420,585660.1687690420,1,SRM-USDT
2022-03-22 20:00:00,1647950400000,2.5520000000,2.5540000000,2.5270000000,2.5520000000,239329.2153320000,608231.8185341370,608231.8185341370,1,SRM-USDT
2022-03-22 21:00:00,1647954000000,2.5550000000,2.5720000000,2.5340000000,2.5450000000,277158.5359650000,707785.5344175640,707785.5344175640,1,SRM-USDT
2022-03-22 22:00:00,1647957600000,2.5460000000,2.5570000000,2.5220000000,2.5280000000,327221.5761750000,832092.4040847491,832092.4040847491,1,SRM-USDT
2022-03-22 23:00:00,1647961200000,2.5290000000,2.5390000000,2.5020000000,2.5040000000,183501.2003790000,463225.6698326540,463225.6698326540,1,SRM-USDT
2022-03-23 00:00:00,1647964800000,2.5050000000,2.5300000000,2.4960000000,2.5020000000,187201.9344900000,470281.4231656620,470281.4231656620,1,SRM-USDT
2022-03-23 01:00:00,1647968400000,2.5020000000,2.5360000000,2.4990000000,2.5360000000,141739.8754800000,356880.4218223800,356880.4218223800,1,SRM-USDT
2022-03-23 02:00:00,1647972000000,2.5330000000,2.5390000000,2.5150000000,2.5180000000,129321.0247630000,327045.4695350220,327045.4695350220,1,SRM-USDT
2022-03-23 03:00:00,1647975600000,2.5170000000,2.5310000000,2.4710000000,2.4820000000,163747.9745890000,409719.5693408490,409719.5693408490,1,SRM-USDT
2022-03-23 04:00:00,1647979200000,2.4810000000,2.4990000000,2.4710000000,2.4780000000,227445.5069420000,564924.6166343890,564924.6166343890,1,SRM-USDT
2022-03-23 05:00:00,1647982800000,2.4780000000,2.5220000000,2.4780000000,2.5180000000,126485.7161440000,315897.0020182930,315897.0020182930,1,SRM-USDT
2022-03-23 06:00:00,1647986400000,2.5200000000,2.5200000000,2.4870000000,2.5000000000,201430.4781230000,504118.1897413680,504118.1897413680,1,SRM-USDT
2022-03-23 07:00:00,1647990000000,2.5000000000,2.5070000000,2.4800000000,2.5070000000,106589.2507910000,265813.4883442670,265813.4883442670,1,SRM-USDT
2022-03-23 08:00:00,1647993600000,2.5050000000,2.7570000000,2.4740000000,2.7290000000,2130182.7365350001,5627559.1133972956,5627559.1133972956,1,SRM-USDT
2022-03-23 09:00:00,1647997200000,2.7300000000,2.8930000000,2.6590000000,2.8020000000,2015348.8330440000,5617276.6443879716,5617276.6443879716,1,SRM-USDT
2022-03-23 10:00:00,1648000800000,2.8030000000,2.8570000000,2.7350000000,2.7770000000,1141870.0865890000,3183511.5921213701,3183511.5921213701,1,SRM-USDT
2022-03-23 11:00:00,1648004400000,2.7780000000,2.8440000000,2.7330000000,2.8300000000,836002.1598340000,2334650.7010218608,2334650.7010218608,1,SRM-USDT
2022-03-23 12:00:00,1648008000000,2.8330000000,2.8820000000,2.7780000000,2.8630000000,1317269.9462200000,3727550.1041160482,3727550.1041160482,1,SRM-USDT
2022-03-23 13:00:00,1648011600000,2.8630000000,2.8860000000,2.8310000000,2.8700000000,873569.3929200000,2500871.1005628980,2500871.1005628980,1,SRM-USDT
2022-03-23 14:00:00,1648015200000,2.8700000000,2.9030000000,2.8400000000,2.8770000000,739802.5822450001,2122480.8440604792,2122480.8440604792,1,SRM-USDT
2022-03-23 15:00:00,1648018800000,2.8770000000,2.8860000000,2.8050000000,2.8160000000,500863.7085220000,1422664.9840503051,1422664.9840503051,1,SRM-USDT
2022-03-23 16:00:00,1648022400000,2.8140000000,2.8550000000,2.7920000000,2.8130000000,523819.5491240000,1479178.7599111740,1479178.7599111740,1,SRM-USDT
2022-03-23 17:00:00,1648026000000,2.8140000000,2.8370000000,2.7850000000,2.8240000000,287764.5867810000,809444.7892506060,809444.7892506060,1,SRM-USDT
2022-03-23 18:00:00,1648029600000,2.8270000000,2.8410000000,2.8030000000,2.8310000000,214603.1273090000,606300.6899460150,606300.6899460150,1,SRM-USDT
2022-03-23 19:00:00,1648033200000,2.8320000000,2.8720000000,2.8060000000,2.8330000000,546512.3207980000,1552305.9425397669,1552305.9425397669,1,SRM-USDT
2022-03-23 20:00:00,1648036800000,2.8350000000,2.8780000000,2.7840000000,2.8670000000,552958.4226030000,1563706.2341452213,1563706.2341452213,1,SRM-USDT
2022-03-23 21:00:00,1648040400000,2.8650000000,2.8750000000,2.8060000000,2.8220000000,295684.9670360000,838865.7640480400,838865.7640480400,1,SRM-USDT
2022-03-23 22:00:00,1648044000000,2.8210000000,2.9710000000,2.8120000000,2.9610000000,916359.0706030000,2663698.0344618098,2663698.0344618098,1,SRM-USDT
2022-03-23 23:00:00,1648047600000,2.9610000000,2.9630000000,2.8780000000,2.8960000000,644743.9227840001,1874449.9646930527,1874449.9646930527,1,SRM-USDT
2022-03-24 00:00:00,1648051200000,2.8980000000,2.9070000000,2.8300000000,2.8380000000,556631.1597230000,1593204.8805013360,1593204.8805013360,1,SRM-USDT
2022-03-24 01:00:00,1648054800000,2.8390000000,2.8710000000,2.8250000000,2.8640000000,319600.7952570000,910567.5553666390,910567.5553666390,1,SRM-USDT
2022-03-24 02:00:00,1648058400000,2.8640000000,2.9080000000,2.8530000000,2.8900000000,530173.2285660000,1530251.5204511641,1530251.5204511641,1,SRM-USDT
2022-03-24 03:00:00,1648062000000,2.8920000000,2.9970000000,2.8780000000,2.9320000000,946587.7697650000,2790410.9645697586,2790410.9645697586,1,SRM-USDT
2022-03-24 04:00:00,1648065600000,2.9320000000,3.0000000000,2.8960000000,2.9770000000,430110.9997300000,1266815.5367066120,1266815.5367066120,1,SRM-USDT
2022-03-24 05:00:00,1648069200000,2.9770000000,3.0460000000,2.9430000000,2.9490000000,1056228.8810109999,3169654.1888636039,3169654.1888636039,1,SRM-USDT
2022-03-24 06:00:00,1648072800000,2.9470000000,2.9840000000,2.9350000000,2.9700000000,370725.5957270000,1096624.8456532471,1096624.8456532471,1,SRM-USDT
2022-03-24 07:00:00,1648076400000,2.9700000000,3.1500000000,2.9580000000,3.1480000000,1198339.6880550000,3662131.2879731120,3662131.2879731120,1,SRM-USDT
2022-03-24 08:00:00,1648080000000,3.1480000000,3.1950000000,3.0000000000,3.0240000000,1796221.1331690000,5562625.8779956009,5562625.8779956009,1,SRM-USDT
2022-03-24 09:00:00,1648083600000,3.0250000000,3.0520000000,2.9000000000,2.9100000000,869214.5530960000,2573242.9135629614,2573242.9135629614,1,SRM-USDT
2022-03-24 10:00:00,1648087200000,2.9080000000,2.9270000000,2.8810000000,2.9030000000,518538.9491760000,1505141.3890622610,1505141.3890622610,1,SRM-USDT
2022-03-24 11:00:00,1648090800000,2.9030000000,2.9400000000,2.8830000000,2.8870000000,420122.8903710000,1223534.8979079660,1223534.8979079660,1,SRM-USDT
2022-03-24 12:00:00,1648094400000,2.8860000000,2.9210000000,2.8680000000,2.9160000000,348025.5455550000,1009192.3664554120,1009192.3664554120,1,SRM-USDT
2022-03-24 13:00:00,1648098000000,2.9170000000,2.9650000000,2.9050000000,2.9520000000,352671.3730180000,1035627.9289576740,1035627.9289576740,1,SRM-USDT
2022-03-24 14:00:00,1648101600000,2.9520000000,3.0480000000,2.9490000000,3.0190000000,958020.9935640000,2875996.1496321829,2875996.1496321829,1,SRM-USDT
2022-03-24 15:00:00,1648105200000,3.0190000000,3.0470000000,2.9800000000,3.0040000000,325757.4113100000,979367.3931535290,979367.3931535290,1,SRM-USDT
2022-03-24 16:00:00,1648108800000,3.0020000000,3.0060000000,2.9520000000,2.9860000000,324808.1756250000,967329.4672780870,967329.4672780870,1,SRM-USDT
2022-03-24 17:00:00,1648112400000,2.9860000000,3.0490000000,2.9250000000,2.9580000000,241152.2733580000,716200.5939973129,716200.5939973129,1,SRM-USDT
2022-03-24 18:00:00,1648116000000,2.9580000000,2.9580000000,2.9230000000,2.9540000000,355545.3929570000,1046905.8336394920,1046905.8336394920,1,SRM-USDT
2022-03-24 19:00:00,1648119600000,2.9540000000,2.9810000000,2.9310000000,2.9380000000,221398.6872940000,654350.9210655550,654350.9210655550,1,SRM-USDT
2022-03-24 20:00:00,1648123200000,2.9380000000,2.9520000000,2.9010000000,2.9180000000,357626.3280770000,1044990.1081608450,1044990.1081608450,1,SRM-USDT
2022-03-24 21:00:00,1648126800000,2.9180000000,2.9550000000,2.8980000000,2.9480000000,388491.3928920000,1135557.7664535253,1135557.7664535253,1,SRM-USDT
2022-03-24 22:00:00,1648130400000,2.9480000000,2.9800000000,2.9320000000,2.9750000000,237508.6124910000,701269.5936691361,701269.5936691361,1,SRM-USDT
2022-03-24 23:00:00,1648134000000,2.9760000000,2.9850000000,2.9520000000,2.9660000000,364406.3356810000,1080371.0299325110,1080371.0299325110,1,SRM-USDT
2022-03-25 00:00:00,1648137600000,2.9660000000,3.0360000000,2.9630000000,3.0200000000,422996.2269680000,1270069.1752895950,1270069.1752895950,1,SRM-USDT
2022-03-25 01:00:00,1648141200000,3.0210000000,3.0420000000,3.0030000000,3.0240000000,251697.1137980000,761556.9124708530,761556.9124708530,1,SRM-USDT
2022-03-25 02:00:00,1648144800000,3.0220000000,3.0330000000,2.9910000000,3.0220000000,194099.2824360000,584127.6895237520,584127.6895237520,1,SRM-USDT
2022-03-25 03:00:00,1648148400000,3.0220000000,3.1130000000,3.0170000000,3.1010000000,442572.8644730000,1362480.3009033580,1362480.3009033580,1,SRM-USDT
2022-03-25 04:00:00,1648152000000,3.1000000000,3.1000000000,3.0490000000,3.0790000000,278134.0047340000,853883.4070478670,853883.4070478670,1,SRM-USDT
2022-03-25 05:00:00,1648155600000,3.0780000000,3.0930000000,3.0530000000,3.0710000000,139445.8540190000,428223.4669060370,428223.4669060370,1,SRM-USDT
2022-03-25 06:00:00,1648159200000,3.0710000000,3.1200000000,3.0600000000,3.0770000000,279859.6838000000,866114.7229051450,866114.7229051450,1,SRM-USDT
2022-03-25 07:00:00,1648162800000,3.0780000000,3.0880000000,3.0490000000,3.0770000000,228445.8266620000,700276.8655688480,700276.8655688480,1,SRM-USDT
2022-03-25 08:00:00,1648166400000,3.0790000000,3.0790000000,2.9750000000,2.9910000000,378994.2570950000,1138349.3270192130,1138349.3270192130,1,SRM-USDT
2022-03-25 09:00:00,1648170000000,2.9910000000,3.2210000000,2.9800000000,3.2210000000,802105.2541100000,2507205.0726920590,2507205.0726920590,1,SRM-USDT
2022-03-25 10:00:00,1648173600000,3.2190000000,3.2920000000,3.1510000000,3.1510000000,1063490.2886059999,3433445.0692727552,3433445.0692727552,1,SRM-USDT
2022-03-25 11:00:00,1648177200000,3.1510000000,3.1720000000,3.0860000000,3.1040000000,484730.1722290000,1516461.3379318989,1516461.3379318989,1,SRM-USDT
2022-03-25 12:00:00,1648180800000,3.1040000000,3.1730000000,3.0940000000,3.1550000000,263351.3792980000,825998.6368758390,825998.6368758390,1,SRM-USDT
2022-03-25 13:00:00,1648184400000,3.1540000000,3.1830000000,3.1370000000,3.1520000000,191480.3663390000,605785.3412718910,605785.3412718910,1,SRM-USDT
2022-03-25 14:00:00,1648188000000,3.1510000000,3.1660000000,3.1230000000,3.1390000000,115775.6099290000,364062.5830873570,364062.5830873570,1,SRM-USDT
2022-03-25 15:00:00,1648191600000,3.1380000000,3.1540000000,3.1000000000,3.1080000000,194717.7276050000,609577.1833019420,609577.1833019420,1,SRM-USDT
2022-03-25 16:00:00,1648195200000,3.1080000000,3.1350000000,3.0480000000,3.1150000000,387431.2389430000,1199033.7293389980,1199033.7293389980,1,SRM-USDT
2022-03-25 17:00:00,1648198800000,3.1110000000,3.1350000000,3.1010000000,3.1200000000,126981.8011240000,395872.7230982390,395872.7230982390,1,SRM-USDT
2022-03-25 18:00:00,1648202400000,3.1190000000,3.1250000000,3.0920000000,3.1150000000,170883.9479100000,531311.1493655160,531311.1493655160,1,SRM-USDT
2022-03-25 19:00:00,1648206000000,3.1170000000,3.1420000000,3.1130000000,3.1420000000,143378.2946310000,448147.3119017720,448147.3119017720,1,SRM-USDT
2022-03-25 20:00:00,1648209600000,3.1430000000,3.1700000000,3.1270000000,3.1360000000,222882.3563960000,702098.2326899330,702098.2326899330,1,SRM-USDT
2022-03-25 21:00:00,1648213200000,3.1360000000,3.1390000000,3.0960000000,3.1120000000,173369.7762120000,540241.3576604270,540241.3576604270,1,SRM-USDT
2022-03-25 22:00:00,1648216800000,3.1120000000,3.1240000000,3.0810000000,3.1070000000,269566.6669430000,837547.2811430430,837547.2811430430,1,SRM-USDT
2022-03-25 23:00:00,1648220400000,3.1070000000,3.1070000000,3.0270000000,3.0470000000,332031.7443350000,1014199.0045622928,1014199.0045622928,1,SRM-USDT
2022-03-26 00:00:00,1648224000000,3.0470000000,3.0860000000,3.0310000000,3.0310000000,241182.9059740000,736243.6907821110,736243.6907821110,1,SRM-USDT
2022-03-26 01:00:00,1648227600000,3.0340000000,3.0450000000,2.9830000000,3.0340000000,298059.0040590000,895751.1227803370,895751.1227803370,1,SRM-USDT
2022-03-26 02:00:00,1648231200000,3.0350000000,3.0630000000,3.0250000000,3.0550000000,143393.6148740000,436674.2510284150,436674.2510284150,1,SRM-USDT
2022-03-26 03:00:00,1648234800000,3.0580000000,3.0580000000,3.0150000000,3.0540000000,88896.4966610000,269833.9371360030,269833.9371360030,1,SRM-USDT
2022-03-26 04:00:00,1648238400000,3.0530000000,3.0600000000,3.0410000000,3.0510000000,69642.0483050000,212490.8712340250,212490.8712340250,1,SRM-USDT
2022-03-26 05:00:00,1648242000000,3.0510000000,3.0760000000,3.0440000000,3.0700000000,53784.7633170000,164626.6851878470,164626.6851878470,1,SRM-USDT
2022-03-26 06:00:00,1648245600000,3.0730000000,3.0880000000,3.0580000000,3.0670000000,136395.6034890000,419162.0172533590,419162.0172533590,1,SRM-USDT
2022-03-26 07:00:00,1648249200000,3.0680000000,3.1370000000,3.0620000000,3.1090000000,339156.1150440000,1055775.6091817387,1055775.6091817387,1,SRM-USDT
2022-03-26 08:00:00,1648252800000,3.1100000000,3.1550000000,3.0060000000,3.0120000000,321021.7440920000,988584.8905592150,988584.8905592150,1,SRM-USDT
2022-03-26 09:00:00,1648256400000,3.0120000000,3.0510000000,2.9970000000,3.0370000000,250988.5033780000,758163.0259815770,758163.0259815770,1,SRM-USDT
2022-03-26 10:00:00,1648260000000,3.0360000000,3.0480000000,3.0170000000,3.0320000000,94006.2710100000,285215.8879457980,285215.8879457980,1,SRM-USDT
2022-03-26 11:00:00,1648263600000,3.0320000000,3.0570000000,3.0250000000,3.0430000000,74127.9125690000,225673.2436707410,225673.2436707410,1,SRM-USDT
2022-03-26 12:00:00,1648267200000,3.0440000000,3.0590000000,3.0390000000,3.0550000000,60144.0542550000,183276.8801821620,183276.8801821620,1,SRM-USDT
2022-03-26 13:00:00,1648270800000,3.0560000000,3.0910000000,3.0450000000,3.0690000000,84331.4050760000,258463.6857126990,258463.6857126990,1,SRM-USDT
2022-03-26 14:00:00,1648274400000,3.0680000000,3.0750000000,3.0550000000,3.0650000000,39864.9761610000,122135.3715468220,122135.3715468220,1,SRM-USDT
2022-03-26 15:00:00,1648278000000,3.0650000000,3.0740000000,3.0550000000,3.0600000000,68773.9193740000,210701.0057812950,210701.0057812950,1,SRM-USDT
2022-03-26 16:00:00,1648281600000,3.0600000000,3.0740000000,3.0410000000,3.0460000000,78187.8312180000,238833.8273349590,238833.8273349590,1,SRM-USDT
2022-03-26 17:00:00,1648285200000,3.0460000000,3.0550000000,3.0400000000,3.0470000000,63119.3250260000,192287.6029110220,192287.6029110220,1,SRM-USDT
2022-03-26 18:00:00,1648288800000,3.0470000000,3.0480000000,3.0210000000,3.0360000000,69120.5297220000,209727.1814113230,209727.1814113230,1,SRM-USDT
2022-03-26 19:00:00,1648292400000,3.0380000000,3.0420000000,3.0260000000,3.0320000000,72179.3706290000,218914.4442631350,218914.4442631350,1,SRM-USDT
2022-03-26 20:00:00,1648296000000,3.0350000000,3.0440000000,2.9940000000,3.0190000000,94646.1960560000,285433.8944284160,285433.8944284160,1,SRM-USDT
2022-03-26 21:00:00,1648299600000,3.0190000000,3.0340000000,3.0030000000,3.0240000000,88970.2964960000,268506.8798963740,268506.8798963740,1,SRM-USDT
2022-03-26 22:00:00,1648303200000,3.0230000000,3.0450000000,3.0170000000,3.0400000000,87445.8668200000,265078.0931894860,265078.0931894860,1,SRM-USDT
2022-03-26 23:00:00,1648306800000,3.0420000000,3.1040000000,3.0390000000,3.0790000000,189219.3426230000,581755.2905162680,581755.2905162680,1,SRM-USDT
2022-03-27 00:00:00,1648310400000,3.0800000000,3.0810000000,3.0490000000,3.0520000000,92638.6499480000,283606.8034943160,283606.8034943160,1,SRM-USDT
2022-03-27 01:00:00,1648314000000,3.0500000000,3.0580000000,3.0270000000,3.0270000000,81483.7001820000,248124.4545815760,248124.4545815760,1,SRM-USDT
2022-03-27 02:00:00,1648317600000,3.0270000000,3.0350000000,3.0170000000,3.0300000000,68737.5686210000,207965.2438132990,207965.2438132990,1,SRM-USDT
2022-03-27 03:00:00,1648321200000,3.0260000000,3.0350000000,3.0170000000,3.0170000000,42887.2114560000,129783.9516047110,129783.9516047110,1,SRM-USDT
2022-03-27 04:00:00,1648324800000,3.0190000000,3.0390000000,3.0170000000,3.0260000000,108290.3503730000,328086.3402833030,328086.3402833030,1,SRM-USDT
2022-03-27 05:00:00,1648328400000,3.0270000000,3.0280000000,2.9990000000,3.0140000000,71439.5092350000,214924.5706901300,214924.5706901300,1,SRM-USDT
2022-03-27 06:00:00,1648332000000,3.0140000000,3.0560000000,3.0060000000,3.0130000000,137190.8272570000,415476.7370257240,415476.7370257240,1,SRM-USDT
2022-03-27 07:00:00,1648335600000,3.0140000000,3.0420000000,3.0140000000,3.0300000000,88904.6762360000,269303.6437140680,269303.6437140680,1,SRM-USDT
2022-03-27 08:00:00,1648339200000,3.0300000000,3.0300000000,2.9190000000,2.9570000000,583619.2269470000,1725222.4995307780,1725222.4995307780,1,SRM-USDT
2022-03-27 09:00:00,1648342800000,2.9550000000,2.9680000000,2.9180000000,2.9330000000,188918.8062460000,554472.7671228270,554472.7671228270,1,SRM-USDT
2022-03-27 10:00:00,1648346400000,2.9340000000,2.9570000000,2.9270000000,2.9510000000,99732.9903710000,293294.8206178220,293294.8206178220,1,SRM-USDT
2022-03-27 11:00:00,1648350000000,2.9510000000,2.9590000000,2.9140000000,2.9220000000,70385.8802380000,206708.9294472020,206708.9294472020,1,SRM-USDT
2022-03-27 12:00:00,1648353600000,2.9240000000,2.9350000000,2.8940000000,2.9180000000,175934.3574820000,512356.4367888300,512356.4367888300,1,SRM-USDT
2022-03-27 13:00:00,1648357200000,2.9180000000,2.9310000000,2.9180000000,2.9250000000,97465.5512290000,285204.7307450460,285204.7307450460,1,SRM-USDT
2022-03-27 14:00:00,1648360800000,2.9250000000,2.9570000000,2.9250000000,2.9440000000,118621.9250460000,349269.0132048720,349269.0132048720,1,SRM-USDT
2022-03-27 15:00:00,1648364400000,2.9450000000,2.9630000000,2.9430000000,2.9580000000,94792.5457580000,279824.9833228870,279824.9833228870,1,SRM-USDT
2022-03-27 16:00:00,1648368000000,2.9590000000,2.9620000000,2.9340000000,2.9350000000,104047.1377240000,306290.6629773800,306290.6629773800,1,SRM-USDT
2022-03-27 17:00:00,1648371600000,2.9360000000,2.9450000000,2.9350000000,2.9370000000,47376.8465920000,139290.2570027210,139290.2570027210,1,SRM-USDT
2022-03-27 18:00:00,1648375200000,2.9370000000,2.9410000000,2.9270000000,2.9300000000,67963.5260860000,199159.8350318360,199159.8350318360,1,SRM-USDT
2022-03-27 19:00:00,1648378800000,2.9300000000,2.9330000000,2.9160000000,2.9190000000,92860.4414850000,271630.1208645560,271630.1208645560,1,SRM-USDT
2022-03-27 20:00:00,1648382400000,2.9190000000,2.9330000000,2.8280000000,2.8520000000,311772.8339300000,898799.2452881440,898799.2452881440,1,SRM-USDT
2022-03-27 21:00:00,1648386000000,2.8520000000,2.8900000000,2.8390000000,2.8800000000,365767.2695080000,1048470.3598642850,1048470.3598642850,1,SRM-USDT
2022-03-27 22:00:00,1648389600000,2.8810000000,2.9110000000,2.8770000000,2.8900000000,213613.2357410000,619285.4068951251,619285.4068951251,1,SRM-USDT
2022-03-27 23:00:00,1648393200000,2.8910000000,2.9250000000,2.8750000000,2.9180000000,259057.4994690000,750825.4433008790,750825.4433008790,1,SRM-USDT
2022-03-28 00:00:00,1648396800000,2.9180000000,2.9500000000,2.9020000000,2.9400000000,294843.0146160000,863816.5898237710,863816.5898237710,1,SRM-USDT
2022-03-28 01:00:00,1648400400000,2.9420000000,2.9430000000,2.9070000000,2.9290000000,138972.7254200000,406367.7602330570,406367.7602330570,1,SRM-USDT
2022-03-28 02:00:00,1648404000000,2.9270000000,2.9350000000,2.9150000000,2.9230000000,51118.7694610000,149628.9888837740,149628.9888837740,1,SRM-USDT
2022-03-28 03:00:00,1648407600000,2.9240000000,2.9330000000,2.9180000000,2.9330000000,69959.7697340000,204562.6902154880,204562.6902154880,1,SRM-USDT
2022-03-28 04:00:00,1648411200000,2.9330000000,2.9810000000,2.9160000000,2.9760000000,265683.4624720000,784557.5018346950,784557.5018346950,1,SRM-USDT
2022-03-28 05:00:00,1648414800000,2.9760000000,3.0730000000,2.9740000000,3.0370000000,436953.4268090000,1317494.7860016359,1317494.7860016359,1,SRM-USDT
2022-03-28 06:00:00,1648418400000,3.0380000000,3.0760000000,3.0240000000,3.0440000000,375282.5071760000,1144583.4017618990,1144583.4017618990,1,SRM-USDT
2022-03-28 07:00:00,1648422000000,3.0450000000,3.1320000000,3.0440000000,3.1020000000,373129.6394420000,1156341.5832457510,1156341.5832457510,1,SRM-USDT
2022-03-28 08:00:00,1648425600000,3.1030000000,3.1410000000,3.0520000000,3.0610000000,512518.2211420000,1580964.0179770810,1580964.0179770810,1,SRM-USDT
2022-03-28 09:00:00,1648429200000,3.0600000000,3.0640000000,3.0310000000,3.0450000000,233199.0947590000,711229.1817839470,711229.1817839470,1,SRM-USDT
2022-03-28 10:00:00,1648432800000,3.0460000000,3.0640000000,3.0350000000,3.0580000000,176394.2222160000,537973.7641483460,537973.7641483460,1,SRM-USDT
2022-03-28 11:00:00,1648436400000,3.0550000000,3.0880000000,3.0520000000,3.0800000000,181789.5742700000,558201.4351748870,558201.4351748870,1,SRM-USDT
2022-03-28 12:00:00,1648440000000,3.0780000000,3.0850000000,3.0470000000,3.0760000000,180107.6708140000,552578.0353396740,552578.0353396740,1,SRM-USDT
2022-03-28 13:00:00,1648443600000,3.0750000000,3.1300000000,3.0650000000,3.1200000000,299659.0476410000,928516.8556590420,928516.8556590420,1,SRM-USDT
2022-03-28 14:00:00,1648447200000,3.1180000000,3.1220000000,3.0530000000,3.0620000000,359862.6826490000,1106671.8957396080,1106671.8957396080,1,SRM-USDT
2022-03-28 15:00:00,1648450800000,3.0630000000,3.0960000000,3.0610000000,3.0950000000,191826.5877530000,590694.3866366131,590694.3866366131,1,SRM-USDT
2022-03-28 16:00:00,1648454400000,3.0940000000,3.1140000000,3.0630000000,3.0880000000,223367.6176740000,690156.4274874140,690156.4274874140,1,SRM-USDT
2022-03-28 17:00:00,1648458000000,3.0890000000,3.1290000000,3.0700000000,3.1280000000,143528.5409330000,443534.2235753690,443534.2235753690,1,SRM-USDT
2022-03-28 18:00:00,1648461600000,3.1250000000,3.1440000000,3.1080000000,3.1190000000,227064.3295790000,709603.7505947700,709603.7505947700,1,SRM-USDT
2022-03-28 19:00:00,1648465200000,3.1200000000,3.1720000000,3.1080000000,3.1630000000,153093.1286210000,480941.9557532680,480941.9557532680,1,SRM-USDT
2022-03-28 20:00:00,1648468800000,3.1630000000,3.1970000000,3.1280000000,3.1480000000,308061.0107500000,973172.3195429510,973172.3195429510,1,SRM-USDT
2022-03-28 21:00:00,1648472400000,3.1440000000,3.1990000000,3.1350000000,3.1960000000,207241.5387870000,655823.9112538040,655823.9112538040,1,SRM-USDT
2022-03-28 22:00:00,1648476000000,3.1930000000,3.1990000000,3.1440000000,3.1830000000,238634.5467140000,758192.0501782370,758192.0501782370,1,SRM-USDT
2022-03-28 23:00:00,1648479600000,3.1800000000,3.2070000000,3.1430000000,3.1440000000,274974.8328520000,873363.7914722720,873363.7914722720,1,SRM-USDT
2022-03-29 00:00:00,1648483200000,3.1420000000,3.3290000000,3.1350000000,3.2970000000,572765.3646370000,1856179.7787136920,1856179.7787136920,1,SRM-USDT
2022-03-29 01:00:00,1648486800000,3.2990000000,3.4080000000,3.2730000000,3.3890000000,747186.1648540000,2508032.4604511950,2508032.4604511950,1,SRM-USDT
2022-03-29 02:00:00,1648490400000,3.3880000000,3.4090000000,3.3530000000,3.3900000000,359479.4076510000,1213967.8113744529,1213967.8113744529,1,SRM-USDT
2022-03-29 03:00:00,1648494000000,3.3910000000,3.3940000000,3.3090000000,3.3360000000,285519.9942490000,955676.5021512080,955676.5021512080,1,SRM-USDT
2022-03-29 04:00:00,1648497600000,3.3360000000,3.3510000000,3.3110000000,3.3420000000,219196.1268250000,729121.3655509920,729121.3655509920,1,SRM-USDT
2022-03-29 05:00:00,1648501200000,3.3430000000,3.3470000000,3.2180000000,3.2860000000,337218.9456870000,1108290.0277687639,1108290.0277687639,1,SRM-USDT
2022-03-29 06:00:00,1648504800000,3.2890000000,3.3980000000,3.2550000000,3.3430000000,422081.3278280000,1401435.4685616067,1401435.4685616067,1,SRM-USDT
2022-03-29 07:00:00,1648508400000,3.3430000000,3.5070000000,3.3230000000,3.3750000000,1707464.4734720001,5864413.3607052974,5864413.3607052974,1,SRM-USDT
2022-03-29 08:00:00,1648512000000,3.3730000000,3.3770000000,3.2460000000,3.2770000000,596764.2518650000,1974561.9554071515,1974561.9554071515,1,SRM-USDT
2022-03-29 09:00:00,1648515600000,3.2780000000,3.4560000000,3.2680000000,3.3660000000,883214.7922210000,2986297.6479022140,2986297.6479022140,1,SRM-USDT
2022-03-29 10:00:00,1648519200000,3.3670000000,3.3800000000,3.3140000000,3.3620000000,282529.1666190000,943504.7855157120,943504.7855157120,1,SRM-USDT
2022-03-29 11:00:00,1648522800000,3.3610000000,3.3830000000,3.2890000000,3.3000000000,325877.4968310000,1084129.7000203240,1084129.7000203240,1,SRM-USDT
2022-03-29 12:00:00,1648526400000,3.3030000000,3.3350000000,3.2930000000,3.3330000000,125315.2058350000,415072.9840442510,415072.9840442510,1,SRM-USDT
2022-03-29 13:00:00,1648530000000,3.3340000000,3.3770000000,3.3270000000,3.3670000000,127663.2604620000,427209.6985725060,427209.6985725060,1,SRM-USDT
2022-03-29 14:00:00,1648533600000,3.3640000000,3.5540000000,3.3500000000,3.5320000000,966487.2498450000,3361283.3455338394,3361283.3455338394,1,SRM-USDT
2022-03-29 15:00:00,1648537200000,3.5320000000,3.5320000000,3.4020000000,3.4180000000,368686.5811770000,1277413.3732921800,1277413.3732921800,1,SRM-USDT
2022-03-29 16:00:00,1648540800000,3.4140000000,3.5100000000,3.4110000000,3.4990000000,303050.2881010000,1051650.5823568413,1051650.5823568413,1,SRM-USDT
2022-03-29 17:00:00,1648544400000,3.4980000000,3.5310000000,3.4380000000,3.4570000000,419388.2221320000,1460127.5990268940,1460127.5990268940,1,SRM-USDT
2022-03-29 18:00:00,1648548000000,3.4600000000,3.4770000000,3.4190000000,3.4460000000,279456.6148370000,962062.0830832100,962062.0830832100,1,SRM-USDT
2022-03-29 19:00:00,1648551600000,3.4420000000,3.4670000000,3.4150000000,3.4460000000,238282.4707460000,820330.0142480520,820330.0142480520,1,SRM-USDT
2022-03-29 20:00:00,1648555200000,3.4480000000,3.4610000000,3.4060000000,3.4390000000,279584.0475420000,960467.0169231470,960467.0169231470,1,SRM-USDT
2022-03-29 21:00:00,1648558800000,3.4420000000,3.4740000000,3.3910000000,3.4100000000,321211.7399140000,1101639.7163718340,1101639.7163718340,1,SRM-USDT
2022-03-29 22:00:00,1648562400000,3.4060000000,3.4490000000,3.3860000000,3.4390000000,228441.3506540000,781493.2192789880,781493.2192789880,1,SRM-USDT
2022-03-29 23:00:00,1648566000000,3.4390000000,3.4680000000,3.2820000000,3.3160000000,558497.2694930000,1884848.4395353347,1884848.4395353347,1,SRM-USDT
2022-03-30 00:00:00,1648569600000,3.3180000000,3.3650000000,3.1920000000,3.3420000000,1103113.2880269999,3636039.1234843559,3636039.1234843559,1,SRM-USDT
2022-03-30 01:00:00,1648573200000,3.3370000000,3.3410000000,3.2550000000,3.3130000000,389503.3338040000,1284377.3943833313,1284377.3943833313,1,SRM-USDT
2022-03-30 02:00:00,1648576800000,3.3110000000,3.3280000000,3.2850000000,3.2990000000,175513.8086460000,579603.4083009090,579603.4083009090,1,SRM-USDT
2022-03-30 03:00:00,1648580400000,3.2970000000,3.3570000000,3.2940000000,3.3380000000,124526.1902220000,415291.7577130560,415291.7577130560,1,SRM-USDT
2022-03-30 04:00:00,1648584000000,3.3380000000,3.3560000000,3.2930000000,3.3200000000,129154.5691170000,429909.2788649680,429909.2788649680,1,SRM-USDT
2022-03-30 05:00:00,1648587600000,3.3200000000,3.3450000000,3.2720000000,3.2890000000,150986.2626960000,499339.4917342520,499339.4917342520,1,SRM-USDT
2022-03-30 06:00:00,1648591200000,3.2830000000,3.3100000000,3.2340000000,3.2930000000,411052.9416920000,1347874.0579060770,1347874.0579060770,1,SRM-USDT
2022-03-30 07:00:00,1648594800000,3.2930000000,3.3250000000,3.2810000000,3.3140000000,159732.8225710000,527557.7382944360,527557.7382944360,1,SRM-USDT
2022-03-30 08:00:00,1648598400000,3.3130000000,3.3150000000,3.2180000000,3.2560000000,427159.5107260000,1391293.0457919419,1391293.0457919419,1,SRM-USDT
2022-03-30 09:00:00,1648602000000,3.2510000000,3.2620000000,3.1730000000,3.2150000000,401426.6034100000,1291093.5349771159,1291093.5349771159,1,SRM-USDT
2022-03-30 10:00:00,1648605600000,3.2150000000,3.2590000000,3.2060000000,3.2460000000,148621.3628540000,481212.5255483430,481212.5255483430,1,SRM-USDT
2022-03-30 11:00:00,1648609200000,3.2430000000,3.2840000000,3.2380000000,3.2750000000,133372.4434530000,435157.1842583790,435157.1842583790,1,SRM-USDT
2022-03-30 12:00:00,1648612800000,3.2750000000,3.2900000000,3.2440000000,3.2860000000,164496.4062570000,538184.6473817710,538184.6473817710,1,SRM-USDT
2022-03-30 13:00:00,1648616400000,3.2850000000,3.3880000000,3.2730000000,3.3690000000,378431.7494630000,1264585.1509886689,1264585.1509886689,1,SRM-USDT
2022-03-30 14:00:00,1648620000000,3.3690000000,3.4010000000,3.3480000000,3.3950000000,271156.6323800000,913942.1275359630,913942.1275359630,1,SRM-USDT
2022-03-30 15:00:00,1648623600000,3.3990000000,3.3990000000,3.3510000000,3.3710000000,120383.1358530000,406190.7042888580,406190.7042888580,1,SRM-USDT
2022-03-30 16:00:00,1648627200000,3.3730000000,3.3770000000,3.3350000000,3.3680000000,170386.5963390000,571834.5602439001,571834.5602439001,1,SRM-USDT
2022-03-30 17:00:00,1648630800000,3.3690000000,3.3710000000,3.3230000000,3.3360000000,100172.9815150000,335447.6365691070,335447.6365691070,1,SRM-USDT
2022-03-30 18:00:00,1648634400000,3.3330000000,3.3570000000,3.3250000000,3.3440000000,141770.9734390000,473928.8678499360,473928.8678499360,1,SRM-USDT
2022-03-30 19:00:00,1648638000000,3.3480000000,3.3650000000,3.3150000000,3.3640000000,188105.0800100000,629656.6205797850,629656.6205797850,1,SRM-USDT
2022-03-30 20:00:00,1648641600000,3.3620000000,3.3730000000,3.3250000000,3.3700000000,153750.9104000000,514802.1213319570,514802.1213319570,1,SRM-USDT
2022-03-30 21:00:00,1648645200000,3.3710000000,3.4610000000,3.3580000000,3.4180000000,821017.4795190000,2800759.4663323406,2800759.4663323406,1,SRM-USDT
2022-03-30 22:00:00,1648648800000,3.4150000000,3.4230000000,3.3510000000,3.3960000000,290770.7028270000,983386.4442883870,983386.4442883870,1,SRM-USDT
2022-03-30 23:00:00,1648652400000,3.3970000000,3.6100000000,3.3880000000,3.5510000000,1545608.0459820000,5465672.5124367857,5465672.5124367857,1,SRM-USDT
2022-03-31 00:00:00,1648656000000,3.5560000000,3.6290000000,3.5190000000,3.6000000000,1048691.1086400000,3749824.5138764610,3749824.5138764610,1,SRM-USDT
2022-03-31 01:00:00,1648659600000,3.5980000000,3.6850000000,3.5980000000,3.6500000000,836950.6801740000,3047116.4183148574,3047116.4183148574,1,SRM-USDT
2022-03-31 02:00:00,1648663200000,3.6480000000,3.7070000000,3.6040000000,3.6120000000,545770.8353010000,1999672.9696569848,1999672.9696569848,1,SRM-USDT
2022-03-31 03:00:00,1648666800000,3.6100000000,3.6330000000,3.5380000000,3.5750000000,464264.5928660000,1666563.1319380093,1666563.1319380093,1,SRM-USDT
2022-03-31 04:00:00,1648670400000,3.5840000000,3.5850000000,3.5250000000,3.5830000000,320363.4806570000,1139685.6430273820,1139685.6430273820,1,SRM-USDT
2022-03-31 05:00:00,1648674000000,3.5840000000,3.5900000000,3.5300000000,3.5450000000,279336.0006980000,994683.4777146210,994683.4777146210,1,SRM-USDT
2022-03-31 06:00:00,1648677600000,3.5420000000,3.5590000000,3.4690000000,3.4880000000,432677.0616040000,1522161.9835114230,1522161.9835114230,1,SRM-USDT
2022-03-31 07:00:00,1648681200000,3.4910000000,3.5020000000,3.4390000000,3.4470000000,475630.9309340000,1651545.7516080861,1651545.7516080861,1,SRM-USDT
2022-03-31 08:00:00,1648684800000,3.4490000000,3.4840000000,3.4120000000,3.4590000000,490225.5629050000,1690238.1740443381,1690238.1740443381,1,SRM-USDT
2022-03-31 09:00:00,1648688400000,3.4620000000,3.5930000000,3.4610000000,3.5680000000,395089.0749050000,1395025.8203418530,1395025.8203418530,1,SRM-USDT
2022-03-31 10:00:00,1648692000000,3.5680000000,3.5690000000,3.4990000000,3.5060000000,308272.3919380000,1086696.3366291390,1086696.3366291390,1,SRM-USDT
2022-03-31 11:00:00,1648695600000,3.5030000000,3.5080000000,3.4550000000,3.4660000000,227341.0878480000,791933.8545385480,791933.8545385480,1,SRM-USDT
2022-03-31 12:00:00,1648699200000,3.4650000000,3.4990000000,3.4580000000,3.4780000000,169765.6554360000,590720.1950022440,590720.1950022440,1,SRM-USDT
2022-03-31 13:00:00,1648702800000,3.4800000000,3.4920000000,3.4600000000,3.4790000000,138207.0490910000,481004.5507601510,481004.5507601510,1,SRM-USDT
2022-03-31 14:00:00,1648706400000,3.4790000000,3.5150000000,3.4740000000,3.5130000000,187280.2740200000,655208.6396709570,655208.6396709570,1,SRM-USDT
2022-03-31 15:00:00,1648710000000,3.5130000000,3.5500000000,3.4910000000,3.5400000000,269588.7708830000,949769.9878735740,949769.9878735740,1,SRM-USDT
2022-03-31 16:00:00,1648713600000,3.5390000000,3.5400000000,3.5010000000,3.5140000000,204030.2827560000,718851.2818855920,718851.2818855920,1,SRM-USDT
2022-03-31 17:00:00,1648717200000,3.5150000000,3.5400000000,3.5030000000,3.5310000000,129528.6356190000,455912.5248701160,455912.5248701160,1,SRM-USDT
2022-03-31 18:00:00,1648720800000,3.5330000000,3.5890000000,3.5030000000,3.5830000000,258785.6219420000,917323.0298966320,917323.0298966320,1,SRM-USDT
2022-03-31 19:00:00,1648724400000,3.5800000000,3.5820000000,3.5010000000,3.5230000000,231879.3964770000,819972.5085694600,819972.5085694600,1,SRM-USDT
2022-03-31 20:00:00,1648728000000,3.5240000000,3.5320000000,3.4630000000,3.5150000000,270905.6381300000,948966.8833678670,948966.8833678670,1,SRM-USDT
2022-03-31 21:00:00,1648731600000,3.5160000000,3.5330000000,3.4300000000,3.4340000000,380478.2621500000,1323532.6106186607,1323532.6106186607,1,SRM-USDT
2022-03-31 22:00:00,1648735200000,3.4350000000,3.4350000000,3.2370000000,3.3920000000,846814.6914460000,2836252.9732319778,2836252.9732319778,1,SRM-USDT
2022-03-31 23:00:00,1648738800000,3.3860000000,3.4030000000,3.3060000000,3.3280000000,361102.8202800000,1206797.5062034801,1206797.5062034801,1,SRM-USDT
2022-04-01 00:00:00,1648742400000,3.3270000000,3.3360000000,3.2250000000,3.2290000000,615822.2414660000,2013655.5842942577,2013655.5842942577,1,SRM-USDT
2022-04-01 01:00:00,1648746000000,3.2290000000,3.2880000000,3.2240000000,3.2650000000,366454.5593370000,1193757.3111683379,1193757.3111683379,1,SRM-USDT
2022-04-01 02:00:00,1648749600000,3.2650000000,3.2900000000,3.2170000000,3.2850000000,140281.1866250000,457180.5464047730,457180.5464047730,1,SRM-USDT
2022-04-01 03:00:00,1648753200000,3.2860000000,3.2900000000,3.2400000000,3.2580000000,142885.4389870000,466207.1195770160,466207.1195770160,1,SRM-USDT
2022-04-01 04:00:00,1648756800000,3.2610000000,3.2820000000,3.2450000000,3.2780000000,92197.3693910000,300923.5876021960,300923.5876021960,1,SRM-USDT
2022-04-01 05:00:00,1648760400000,3.2770000000,3.2940000000,3.2600000000,3.2610000000,89819.7792650000,294014.3870031000,294014.3870031000,1,SRM-USDT
2022-04-01 06:00:00,1648764000000,3.2600000000,3.2910000000,3.2480000000,3.2850000000,112727.0454240000,368037.6557118200,368037.6557118200,1,SRM-USDT
2022-04-01 07:00:00,1648767600000,3.2820000000,3.2820000000,3.1870000000,3.2370000000,360328.9312130000,1163573.1460799491,1163573.1460799491,1,SRM-USDT
2022-04-01 08:00:00,1648771200000,3.2340000000,3.2930000000,3.2190000000,3.2820000000,234794.3359340000,765736.2794165780,765736.2794165780,1,SRM-USDT
2022-04-01 09:00:00,1648774800000,3.2790000000,3.2800000000,3.1470000000,3.1720000000,356680.1347800000,1143441.4932370279,1143441.4932370279,1,SRM-USDT
2022-04-01 10:00:00,1648778400000,3.1730000000,3.2070000000,3.0610000000,3.1000000000,440474.0843690000,1379607.3176185261,1379607.3176185261,1,SRM-USDT
2022-04-01 11:00:00,1648782000000,3.0990000000,3.1520000000,3.0880000000,3.1500000000,219977.4734530000,687024.2564528930,687024.2564528930,1,SRM-USDT
2022-04-01 12:00:00,1648785600000,3.1520000000,3.1850000000,3.1470000000,3.1640000000,163652.9372820000,517654.6701102470,517654.6701102470,1,SRM-USDT
2022-04-01 13:00:00,1648789200000,3.1640000000,3.1830000000,3.1360000000,3.1430000000,150402.8410060000,475342.3968276440,475342.3968276440,1,SRM-USDT
2022-04-01 14:00:00,1648792800000,3.1460000000,3.1660000000,3.1050000000,3.1630000000,184502.4200590000,577791.0956772160,577791.0956772160,1,SRM-USDT
2022-04-01 15:00:00,1648796400000,3.1650000000,3.2060000000,3.1620000000,3.2060000000,186880.8904310000,595567.6906240440,595567.6906240440,1,SRM-USDT
2022-04-01 16:00:00,1648800000000,3.2050000000,3.2370000000,3.1970000000,3.1990000000,200543.8378580000,644156.7158709420,644156.7158709420,1,SRM-USDT
2022-04-01 17:00:00,1648803600000,3.2010000000,3.2110000000,3.1580000000,3.1680000000,139357.5619940000,443796.7979031690,443796.7979031690,1,SRM-USDT
2022-04-01 18:00:00,1648807200000,3.1660000000,3.1950000000,3.1640000000,3.1940000000,84935.3322240000,269801.7842251100,269801.7842251100,1,SRM-USDT
2022-04-01 19:00:00,1648810800000,3.1960000000,3.1970000000,3.1670000000,3.1730000000,138564.2963660000,440500.0631357520,440500.0631357520,1,SRM-USDT
2022-04-01 20:00:00,1648814400000,3.1720000000,3.1960000000,3.1140000000,3.1830000000,517533.8861440000,1636574.9623301080,1636574.9623301080,1,SRM-USDT
2022-04-01 21:00:00,1648818000000,3.1880000000,3.2690000000,3.1880000000,3.2290000000,313630.6667150000,1013919.9308242940,1013919.9308242940,1,SRM-USDT
2022-04-01 22:00:00,1648821600000,3.2270000000,3.3320000000,3.2270000000,3.3300000000,278170.9573810000,914625.4644467770,914625.4644467770,1,SRM-USDT
2022-04-01 23:00:00,1648825200000,3.3280000000,3.3700000000,3.3140000000,3.3350000000,270026.2631710000,901937.5829949810,901937.5829949810,1,SRM-USDT
2022-04-02 00:00:00,1648828800000,3.3350000000,3.3870000000,3.3170000000,3.3200000000,193063.6427720000,646759.7315027390,646759.7315027390,1,SRM-USDT
2022-04-02 01:00:00,1648832400000,3.3170000000,3.3690000000,3.3090000000,3.3690000000,118321.4535420000,395949.3251680160,395949.3251680160,1,SRM-USDT
2022-04-02 02:00:00,1648836000000,3.3690000000,3.3870000000,3.3510000000,3.3710000000,113210.6194830000,381342.9947048530,381342.9947048530,1,SRM-USDT
2022-04-02 03:00:00,1648839600000,3.3700000000,3.3880000000,3.3490000000,3.3880000000,95676.6440660000,322174.4109727840,322174.4109727840,1,SRM-USDT
2022-04-02 04:00:00,1648843200000,3.3860000000,3.3860000000,3.3320000000,3.3390000000,144815.3434850000,485614.6008347700,485614.6008347700,1,SRM-USDT
2022-04-02 05:00:00,1648846800000,3.3350000000,3.3650000000,3.3350000000,3.3650000000,43111.2478730000,144558.8467106200,144558.8467106200,1,SRM-USDT
2022-04-02 06:00:00,1648850400000,3.3640000000,3.3770000000,3.3330000000,3.3590000000,158529.6662400000,531901.5211442260,531901.5211442260,1,SRM-USDT
2022-04-02 07:00:00,1648854000000,3.3570000000,3.4470000000,3.3380000000,3.4370000000,229904.1451660000,780585.3386809611,780585.3386809611,1,SRM-USDT
2022-04-02 08:00:00,1648857600000,3.4360000000,3.4370000000,3.3610000000,3.4070000000,396999.9929950000,1346319.9231200940,1346319.9231200940,1,SRM-USDT
2022-04-02 09:00:00,1648861200000,3.4090000000,3.4120000000,3.3850000000,3.4010000000,141322.8412850000,480205.1562801340,480205.1562801340,1,SRM-USDT
2022-04-02 10:00:00,1648864800000,3.4050000000,3.4490000000,3.3780000000,3.3970000000,147198.5345150000,502214.0405283790,502214.0405283790,1,SRM-USDT
2022-04-02 11:00:00,1648868400000,3.3970000000,3.4040000000,3.3690000000,3.3780000000,110713.1130710000,374324.4778858070,374324.4778858070,1,SRM-USDT
2022-04-02 12:00:00,1648872000000,3.3800000000,3.4110000000,3.3700000000,3.4020000000,127873.0041500000,433395.8751153940,433395.8751153940,1,SRM-USDT
2022-04-02 13:00:00,1648875600000,3.3990000000,3.4060000000,3.3860000000,3.3950000000,119530.0370020000,405948.8992481890,405948.8992481890,1,SRM-USDT
2022-04-02 14:00:00,1648879200000,3.4000000000,3.4010000000,3.3770000000,3.3970000000,80395.2099230000,272406.4148651090,272406.4148651090,1,SRM-USDT
2022-04-02 15:00:00,1648882800000,3.3960000000,3.4000000000,3.3800000000,3.3910000000,107891.2350190000,365848.0056295210,365848.0056295210,1,SRM-USDT
2022-04-02 16:00:00,1648886400000,3.3900000000,3.4600000000,3.3810000000,3.4470000000,228957.5847430000,785909.6466206260,785909.6466206260,1,SRM-USDT
2022-04-02 17:00:00,1648890000000,3.4480000000,3.5290000000,3.4350000000,3.4800000000,396378.8364680000,1383880.2998249640,1383880.2998249640,1,SRM-USDT
2022-04-02 18:00:00,1648893600000,3.4800000000,3.5490000000,3.4770000000,3.5420000000,216499.7679970000,759611.0995291590,759611.0995291590,1,SRM-USDT
2022-04-02 19:00:00,1648897200000,3.5420000000,3.6030000000,3.4840000000,3.4850000000,477671.2771680000,1695369.2182489473,1695369.2182489473,1,SRM-USDT
2022-04-02 20:00:00,1648900800000,3.4830000000,3.5260000000,3.4360000000,3.4990000000,361830.8815450000,1259834.3613439950,1259834.3613439950,1,SRM-USDT
2022-04-02 21:00:00,1648904400000,3.4960000000,3.5470000000,3.4810000000,3.4890000000,198444.7978900000,697934.9291358020,697934.9291358020,1,SRM-USDT
2022-04-02 22:00:00,1648908000000,3.4880000000,3.5010000000,3.4360000000,3.4480000000,175292.8184210000,606584.9614294380,606584.9614294380,1,SRM-USDT
2022-04-02 23:00:00,1648911600000,3.4480000000,3.4480000000,3.3210000000,3.3610000000,504908.6862780000,1703391.5404445387,1703391.5404445387,1,SRM-USDT
2022-04-03 00:00:00,1648915200000,3.3610000000,3.4170000000,3.3490000000,3.4120000000,250138.2654800000,844876.3411253840,844876.3411253840,1,SRM-USDT
2022-04-03 01:00:00,1648918800000,3.4130000000,3.4440000000,3.4060000000,3.4100000000,175287.8772270000,599371.9146551030,599371.9146551030,1,SRM-USDT
2022-04-03 02:00:00,1648922400000,3.4110000000,3.4160000000,3.3160000000,3.3340000000,338867.4089480000,1136167.7821476711,1136167.7821476711,1,SRM-USDT
2022-04-03 03:00:00,1648926000000,3.3330000000,3.3740000000,3.3320000000,3.3470000000,139981.1715140000,470221.1035243210,470221.1035243210,1,SRM-USDT
2022-04-03 04:00:00,1648929600000,3.3490000000,3.3780000000,3.3340000000,3.3670000000,152341.1984510000,511717.8337564160,511717.8337564160,1,SRM-USDT
2022-04-03 05:00:00,1648933200000,3.3660000000,3.3820000000,3.3350000000,3.3800000000,114186.2402160000,383702.4622171640,383702.4622171640,1,SRM-USDT
2022-04-03 06:00:00,1648936800000,3.3760000000,3.3920000000,3.3520000000,3.3600000000,132256.9960370000,445337.1273785800,445337.1273785800,1,SRM-USDT
2022-04-03 07:00:00,1648940400000,3.3580000000,3.3660000000,3.2810000000,3.2950000000,249019.8984770000,827148.6903223530,827148.6903223530,1,SRM-USDT
2022-04-03 08:00:00,1648944000000,3.2960000000,3.4070000000,3.2840000000,3.3650000000,334574.9497120000,1119275.3235704729,1119275.3235704729,1,SRM-USDT
2022-04-03 09:00:00,1648947600000,3.3650000000,3.3650000000,3.2300000000,3.2860000000,406350.9929150000,1332046.4766506967,1332046.4766506967,1,SRM-USDT
2022-04-03 10:00:00,1648951200000,3.2800000000,3.3470000000,3.2800000000,3.3110000000,245174.3056050000,813433.2100093440,813433.2100093440,1,SRM-USDT
2022-04-03 11:00:00,1648954800000,3.3100000000,3.3520000000,3.3040000000,3.3450000000,135754.7832340000,452853.7956224880,452853.7956224880,1,SRM-USDT
2022-04-03 12:00:00,1648958400000,3.3460000000,3.3640000000,3.3370000000,3.3540000000,75769.4357730000,253959.9351126450,253959.9351126450,1,SRM-USDT
2022-04-03 13:00:00,1648962000000,3.3550000000,3.3750000000,3.3380000000,3.3740000000,91773.6907300000,307863.7613676030,307863.7613676030,1,SRM-USDT
2022-04-03 14:00:00,1648965600000,3.3740000000,3.3890000000,3.3630000000,3.3840000000,70364.6539860000,237648.2699827980,237648.2699827980,1,SRM-USDT
2022-04-03 15:00:00,1648969200000,3.3830000000,3.3830000000,3.3470000000,3.3610000000,85563.3337500000,287797.3238625290,287797.3238625290,1,SRM-USDT
2022-04-03 16:00:00,1648972800000,3.3610000000,3.3700000000,3.3340000000,3.3420000000,59316.6972820000,199171.3791536060,199171.3791536060,1,SRM-USDT
2022-04-03 17:00:00,1648976400000,3.3440000000,3.3740000000,3.3170000000,3.3530000000,109417.4686610000,365896.0149835270,365896.0149835270,1,SRM-USDT
2022-04-03 18:00:00,1648980000000,3.3560000000,3.3630000000,3.3320000000,3.3450000000,111952.2074160000,373880.4835017760,373880.4835017760,1,SRM-USDT
2022-04-03 19:00:00,1648983600000,3.3420000000,3.3650000000,3.3160000000,3.3480000000,98536.5533810000,329503.9178268190,329503.9178268190,1,SRM-USDT
2022-04-03 20:00:00,1648987200000,3.3460000000,3.3590000000,3.3360000000,3.3550000000,79159.3522730000,265197.9827781150,265197.9827781150,1,SRM-USDT
2022-04-03 21:00:00,1648990800000,3.3540000000,3.3900000000,3.3420000000,3.3660000000,228806.3888110000,770125.4357995760,770125.4357995760,1,SRM-USDT
2022-04-03 22:00:00,1648994400000,3.3660000000,3.3710000000,3.3480000000,3.3620000000,192781.6746660000,647929.8428020910,647929.8428020910,1,SRM-USDT
2022-04-03 23:00:00,1648998000000,3.3590000000,3.3660000000,3.3210000000,3.3250000000,247690.0488890000,827911.6111875511,827911.6111875511,1,SRM-USDT
2022-04-04 00:00:00,1649001600000,3.3240000000,3.3300000000,3.2640000000,3.2670000000,445999.9336400000,1467288.0036033669,1467288.0036033669,1,SRM-USDT
2022-04-04 01:00:00,1649005200000,3.2680000000,3.2740000000,3.2470000000,3.2560000000,248392.5988420000,810129.1246395070,810129.1246395070,1,SRM-USDT
2022-04-04 02:00:00,1649008800000,3.2580000000,3.2850000000,3.2530000000,3.2720000000,58844.4244530000,192348.2509262520,192348.2509262520,1,SRM-USDT
2022-04-04 03:00:00,1649012400000,3.2700000000,3.2870000000,3.2650000000,3.2730000000,87228.7154140000,285600.0878677800,285600.0878677800,1,SRM-USDT
2022-04-04 04:00:00,1649016000000,3.2740000000,3.2950000000,3.2540000000,3.2540000000,103994.7536460000,341315.1733825390,341315.1733825390,1,SRM-USDT
2022-04-04 05:00:00,1649019600000,3.2530000000,3.3000000000,3.2530000000,3.3000000000,61157.9843400000,200695.3713882930,200695.3713882930,1,SRM-USDT
2022-04-04 06:00:00,1649023200000,3.3000000000,3.3420000000,3.2920000000,3.3000000000,463539.9520680000,1536446.3706628319,1536446.3706628319,1,SRM-USDT
2022-04-04 07:00:00,1649026800000,3.2990000000,3.3080000000,3.2740000000,3.2940000000,281324.0293120000,925546.4008014250,925546.4008014250,1,SRM-USDT
2022-04-04 08:00:00,1649030400000,3.2940000000,3.2940000000,3.1910000000,3.1930000000,408774.4448890000,1321870.0237616559,1321870.0237616559,1,SRM-USDT
2022-04-04 09:00:00,1649034000000,3.1920000000,3.2020000000,3.1460000000,3.1640000000,529030.3795020001,1678250.0024415499,1678250.0024415499,1,SRM-USDT
2022-04-04 10:00:00,1649037600000,3.1640000000,3.1740000000,3.1520000000,3.1720000000,312830.5565720000,989782.8389377230,989782.8389377230,1,SRM-USDT
2022-04-04 11:00:00,1649041200000,3.1730000000,3.2020000000,3.1560000000,3.1560000000,273257.1499970000,870045.0786009240,870045.0786009240,1,SRM-USDT
2022-04-04 12:00:00,1649044800000,3.1560000000,3.1900000000,3.1510000000,3.1780000000,207235.8260310000,657617.6227330390,657617.6227330390,1,SRM-USDT
2022-04-04 13:00:00,1649048400000,3.1770000000,3.2040000000,3.1700000000,3.1990000000,74675.0635720000,237599.5768682560,237599.5768682560,1,SRM-USDT
2022-04-04 14:00:00,1649052000000,3.1980000000,3.2060000000,3.1920000000,3.2040000000,73284.1695210000,234448.8433982240,234448.8433982240,1,SRM-USDT
2022-04-04 15:00:00,1649055600000,3.2040000000,3.2110000000,3.1880000000,3.1940000000,96293.3374620000,307981.8990774220,307981.8990774220,1,SRM-USDT
2022-04-04 16:00:00,1649059200000,3.1940000000,3.1960000000,3.1610000000,3.1800000000,139449.3596230000,443319.5308844090,443319.5308844090,1,SRM-USDT
2022-04-04 17:00:00,1649062800000,3.1780000000,3.1780000000,3.1510000000,3.1520000000,118441.7864180000,374483.5910316980,374483.5910316980,1,SRM-USDT
2022-04-04 18:00:00,1649066400000,3.1520000000,3.1560000000,3.0890000000,3.1340000000,237951.3554720000,743082.5019610720,743082.5019610720,1,SRM-USDT
2022-04-04 19:00:00,1649070000000,3.1300000000,3.1570000000,3.1130000000,3.1510000000,86900.3548840000,272870.5284225690,272870.5284225690,1,SRM-USDT
2022-04-04 20:00:00,1649073600000,3.1530000000,3.1610000000,3.1110000000,3.1230000000,136659.7048080000,428741.5321568450,428741.5321568450,1,SRM-USDT
2022-04-04 21:00:00,1649077200000,3.1220000000,3.1260000000,3.0890000000,3.1150000000,167670.4271010000,521765.3315037950,521765.3315037950,1,SRM-USDT
2022-04-04 22:00:00,1649080800000,3.1150000000,3.1310000000,3.0770000000,3.0810000000,131072.4157410000,406441.7331185320,406441.7331185320,1,SRM-USDT
2022-04-04 23:00:00,1649084400000,3.0760000000,3.0870000000,3.0250000000,3.0300000000,433650.1459720000,1322429.2775770240,1322429.2775770240,1,SRM-USDT
2022-04-05 00:00:00,1649088000000,3.0320000000,3.0580000000,3.0180000000,3.0400000000,155974.8776440000,474058.8684720180,474058.8684720180,1,SRM-USDT
2022-04-05 01:00:00,1649091600000,3.0390000000,3.0520000000,2.9720000000,3.0050000000,293848.8393810000,882378.6601923170,882378.6601923170,1,SRM-USDT
2022-04-05 02:00:00,1649095200000,3.0040000000,3.0100000000,2.9590000000,3.0050000000,213141.8104900000,635977.9875767760,635977.9875767760,1,SRM-USDT
2022-04-05 03:00:00,1649098800000,3.0080000000,3.0640000000,3.0060000000,3.0570000000,281040.7919840000,855846.5440332789,855846.5440332789,1,SRM-USDT
2022-04-05 04:00:00,1649102400000,3.0570000000,3.0990000000,3.0420000000,3.0950000000,145728.7658810000,447228.2761068970,447228.2761068970,1,SRM-USDT
2022-04-05 05:00:00,1649106000000,3.0990000000,3.1040000000,3.0800000000,3.0970000000,66181.8920600000,204900.7860041510,204900.7860041510,1,SRM-USDT
2022-04-05 06:00:00,1649109600000,3.1000000000,3.1450000000,3.0960000000,3.1340000000,198387.7574140000,617758.6387211080,617758.6387211080,1,SRM-USDT
2022-04-05 07:00:00,1649113200000,3.1340000000,3.1530000000,3.1050000000,3.1170000000,123852.7087380000,386854.0154909410,386854.0154909410,1,SRM-USDT
2022-04-05 08:00:00,1649116800000,3.1190000000,3.1300000000,3.0360000000,3.0400000000,205062.8414140000,629425.4907706860,629425.4907706860,1,SRM-USDT
2022-04-05 09:00:00,1649120400000,3.0420000000,3.0850000000,3.0390000000,3.0640000000,94338.6788830000,289075.8988287030,289075.8988287030,1,SRM-USDT
2022-04-05 10:00:00,1649124000000,3.0670000000,3.0970000000,3.0670000000,3.0860000000,76384.8892280000,235720.5051438930,235720.5051438930,1,SRM-USDT
2022-04-05 11:00:00,1649127600000,3.0880000000,3.1080000000,3.0840000000,3.1070000000,22608.2294770000,69991.8364334950,69991.8364334950,1,SRM-USDT
2022-04-05 12:00:00,1649131200000,3.1080000000,3.1260000000,3.1000000000,3.1150000000,75875.8859960000,236047.9898138000,236047.9898138000,1,SRM-USDT
2022-04-05 13:00:00,1649134800000,3.1170000000,3.1330000000,3.0970000000,3.1000000000,83217.9302580000,259222.8806483760,259222.8806483760,1,SRM-USDT
2022-04-05 14:00:00,1649138400000,3.0980000000,3.1080000000,3.0610000000,3.0710000000,43292.7323000000,133837.2042171460,133837.2042171460,1,SRM-USDT
2022-04-05 15:00:00,1649142000000,3.0750000000,3.0830000000,3.0670000000,3.0770000000,48390.5281030000,148784.5520386030,148784.5520386030,1,SRM-USDT
2022-04-05 16:00:00,1649145600000,3.0770000000,3.0950000000,3.0570000000,3.0900000000,43134.5908880000,132573.8427130380,132573.8427130380,1,SRM-USDT
2022-04-05 17:00:00,1649149200000,3.0930000000,3.1040000000,3.0510000000,3.0550000000,84777.9134390000,261403.6579359670,261403.6579359670,1,SRM-USDT
2022-04-05 18:00:00,1649152800000,3.0550000000,3.0700000000,3.0460000000,3.0660000000,96226.8417210000,294532.7169404010,294532.7169404010,1,SRM-USDT
2022-04-05 19:00:00,1649156400000,3.0670000000,3.0770000000,3.0520000000,3.0720000000,61558.4866700000,188700.1210567700,188700.1210567700,1,SRM-USDT
2022-04-05 20:00:00,1649160000000,3.0740000000,3.1260000000,3.0660000000,3.1010000000,198505.5726350000,616768.1064967250,616768.1064967250,1,SRM-USDT
2022-04-05 21:00:00,1649163600000,3.1010000000,3.1080000000,3.0540000000,3.0610000000,175533.8741440000,540270.1362133090,540270.1362133090,1,SRM-USDT
2022-04-05 22:00:00,1649167200000,3.0620000000,3.0690000000,2.9870000000,2.9890000000,232881.5190090000,701087.1070428070,701087.1070428070,1,SRM-USDT
2022-04-05 23:00:00,1649170800000,2.9870000000,3.0200000000,2.9800000000,3.0020000000,110429.6960060000,331090.2263531840,331090.2263531840,1,SRM-USDT
2022-04-06 00:00:00,1649174400000,3.0020000000,3.0230000000,2.9720000000,3.0090000000,136389.1805830000,409419.2455984060,409419.2455984060,1,SRM-USDT
2022-04-06 01:00:00,1649178000000,3.0110000000,3.0190000000,2.9790000000,2.9860000000,74709.2226680000,224310.6198765540,224310.6198765540,1,SRM-USDT
2022-04-06 02:00:00,1649181600000,2.9820000000,3.0100000000,2.9780000000,2.9850000000,47586.4851020000,142489.4145595950,142489.4145595950,1,SRM-USDT
2022-04-06 03:00:00,1649185200000,2.9840000000,2.9960000000,2.9370000000,2.9940000000,154459.1804320000,457810.8183761140,457810.8183761140,1,SRM-USDT
2022-04-06 04:00:00,1649188800000,2.9930000000,3.0010000000,2.9570000000,2.9810000000,103669.1652750000,308802.2308394080,308802.2308394080,1,SRM-USDT
2022-04-06 05:00:00,1649192400000,2.9810000000,2.9850000000,2.9620000000,2.9840000000,59598.3622970000,177300.1111945100,177300.1111945100,1,SRM-USDT
2022-04-06 06:00:00,1649196000000,2.9810000000,2.9910000000,2.9480000000,2.9600000000,96374.4558360000,286451.1770284570,286451.1770284570,1,SRM-USDT
2022-04-06 07:00:00,1649199600000,2.9610000000,2.9690000000,2.9060000000,2.9270000000,168339.0959350000,494515.6084483460,494515.6084483460,1,SRM-USDT
2022-04-06 08:00:00,1649203200000,2.9270000000,2.9270000000,2.7060000000,2.7840000000,1046355.9197140000,2932134.9512295071,2932134.9512295071,1,SRM-USDT
2022-04-06 09:00:00,1649206800000,2.7830000000,2.8220000000,2.7810000000,2.7970000000,176077.6152710000,494321.0665822420,494321.0665822420,1,SRM-USDT
2022-04-06 10:00:00,1649210400000,2.7960000000,2.8120000000,2.7880000000,2.7890000000,76336.3007360000,213643.0339054410,213643.0339054410,1,SRM-USDT
2022-04-06 11:00:00,1649214000000,2.7890000000,2.7920000000,2.7440000000,2.7500000000,166204.8298120000,459467.3431912810,459467.3431912810,1,SRM-USDT
2022-04-06 12:00:00,1649217600000,2.7510000000,2.7820000000,2.7340000000,2.7790000000,127111.7701670000,350300.8324670050,350300.8324670050,1,SRM-USDT
2022-04-06 13:00:00,1649221200000,2.7790000000,2.8030000000,2.7770000000,2.7980000000,57030.0711450000,159314.6096066210,159314.6096066210,1,SRM-USDT
2022-04-06 14:00:00,1649224800000,2.7980000000,2.8180000000,2.7810000000,2.8170000000,66285.4869080000,185545.4609320720,185545.4609320720,1,SRM-USDT
2022-04-06 15:00:00,1649228400000,2.8170000000,2.8270000000,2.7840000000,2.7920000000,72372.2422200000,203229.9181398590,203229.9181398590,1,SRM-USDT
2022-04-06 16:00:00,1649232000000,2.7890000000,2.8080000000,2.7710000000,2.8010000000,74649.0280660000,208267.7420393240,208267.7420393240,1,SRM-USDT
2022-04-06 17:00:00,1649235600000,2.8010000000,2.8010000000,2.7720000000,2.7950000000,131094.7394780000,365926.4930608030,365926.4930608030,1,SRM-USDT
2022-04-06 18:00:00,1649239200000,2.7980000000,2.7980000000,2.7470000000,2.7530000000,151257.7791570000,418533.7920858000,418533.7920858000,1,SRM-USDT
2022-04-06 19:00:00,1649242800000,2.7550000000,2.7600000000,2.6830000000,2.7100000000,316115.9750770000,858166.1476651330,858166.1476651330,1,SRM-USDT
2022-04-06 20:00:00,1649246400000,2.7090000000,2.7300000000,2.6830000000,2.6990000000,189127.7060490000,512416.7845297400,512416.7845297400,1,SRM-USDT
2022-04-06 21:00:00,1649250000000,2.6970000000,2.7290000000,2.6180000000,2.6360000000,375813.3526860000,1013280.6747326560,1013280.6747326560,1,SRM-USDT
2022-04-06 22:00:00,1649253600000,2.6330000000,2.6650000000,2.5900000000,2.6400000000,289252.0667860000,762828.3024092090,762828.3024092090,1,SRM-USDT
2022-04-06 23:00:00,1649257200000,2.6410000000,2.6520000000,2.5860000000,2.6390000000,238520.4158200000,626395.5291064250,626395.5291064250,1,SRM-USDT
2022-04-07 00:00:00,1649260800000,2.6380000000,2.6550000000,2.5630000000,2.5920000000,272317.1360640000,707298.2840676570,707298.2840676570,1,SRM-USDT
2022-04-07 01:00:00,1649264400000,2.5900000000,2.6350000000,2.5580000000,2.6250000000,202201.6921450000,524132.3123824360,524132.3123824360,1,SRM-USDT
2022-04-07 02:00:00,1649268000000,2.6250000000,2.6590000000,2.5720000000,2.6390000000,266810.4160820000,700054.8777217810,700054.8777217810,1,SRM-USDT
2022-04-07 03:00:00,1649271600000,2.6410000000,2.6560000000,2.6150000000,2.6440000000,98827.0374910000,260662.5813149300,260662.5813149300,1,SRM-USDT
2022-04-07 04:00:00,1649275200000,2.6430000000,2.6570000000,2.6260000000,2.6380000000,56565.9832700000,149716.1824002900,149716.1824002900,1,SRM-USDT
2022-04-07 05:00:00,1649278800000,2.6390000000,2.6520000000,2.6140000000,2.6230000000,103382.7407680000,271762.7584991880,271762.7584991880,1,SRM-USDT
2022-04-07 06:00:00,1649282400000,2.6210000000,2.6230000000,2.5570000000,2.5580000000,170038.5059610000,441129.4851863370,441129.4851863370,1,SRM-USDT
2022-04-07 07:00:00,1649286000000,2.5600000000,2.5710000000,2.5150000000,2.5340000000,313060.1809200000,796956.1436114640,796956.1436114640,1,SRM-USDT
2022-04-07 08:00:00,1649289600000,2.5340000000,2.5820000000,2.4850000000,2.4980000000,445581.8276150000,1127688.4522482699,1127688.4522482699,1,SRM-USDT
2022-04-07 09:00:00,1649293200000,2.4970000000,2.5820000000,2.4960000000,2.5770000000,234073.1616030000,595054.2589804730,595054.2589804730,1,SRM-USDT
2022-04-07 10:00:00,1649296800000,2.5760000000,2.5930000000,2.5450000000,2.5820000000,157140.4492260000,404689.1178955840,404689.1178955840,1,SRM-USDT
2022-04-07 11:00:00,1649300400000,2.5840000000,2.5900000000,2.5490000000,2.5810000000,99526.9015250000,255793.9275258060,255793.9275258060,1,SRM-USDT
2022-04-07 12:00:00,1649304000000,2.5770000000,2.6200000000,2.5700000000,2.6110000000,118889.2860320000,308067.7185900620,308067.7185900620,1,SRM-USDT
2022-04-07 13:00:00,1649307600000,2.6110000000,2.6190000000,2.5830000000,2.6030000000,68073.1335860000,176871.2511073900,176871.2511073900,1,SRM-USDT
2022-04-07 14:00:00,1649311200000,2.6040000000,2.6240000000,2.5920000000,2.6090000000,87300.3946860000,227664.4393609180,227664.4393609180,1,SRM-USDT
2022-04-07 15:00:00,1649314800000,2.6090000000,2.6510000000,2.6020000000,2.6240000000,169663.5152820000,445230.0310395110,445230.0310395110,1,SRM-USDT
2022-04-07 16:00:00,1649318400000,2.6250000000,2.6440000000,2.6110000000,2.6370000000,93697.2234680000,246327.1888250440,246327.1888250440,1,SRM-USDT
2022-04-07 17:00:00,1649322000000,2.6360000000,2.6360000000,2.5830000000,2.6130000000,118596.8137680000,309045.6002543730,309045.6002543730,1,SRM-USDT
2022-04-07 18:00:00,1649325600000,2.6120000000,2.6300000000,2.6000000000,2.6150000000,222051.0459170000,580556.0355315690,580556.0355315690,1,SRM-USDT
2022-04-07 19:00:00,1649329200000,2.6080000000,2.6870000000,2.6010000000,2.6870000000,336290.6675130000,890508.0001992910,890508.0001992910,1,SRM-USDT
2022-04-07 20:00:00,1649332800000,2.6880000000,2.7100000000,2.6450000000,2.6450000000,193990.1635360000,519279.6884169340,519279.6884169340,1,SRM-USDT
2022-04-07 21:00:00,1649336400000,2.6460000000,2.6660000000,2.6140000000,2.6530000000,229111.9053790000,604820.5282790940,604820.5282790940,1,SRM-USDT
2022-04-07 22:00:00,1649340000000,2.6550000000,2.6680000000,2.5970000000,2.6060000000,183361.1688590000,481990.6502801480,481990.6502801480,1,SRM-USDT
2022-04-07 23:00:00,1649343600000,2.6070000000,2.6210000000,2.5350000000,2.5930000000,365990.2185100000,944048.6570621399,944048.6570621399,1,SRM-USDT
2022-04-08 00:00:00,1649347200000,2.5910000000,2.6170000000,2.5840000000,2.6120000000,147964.5018240000,385039.9709232630,385039.9709232630,1,SRM-USDT
2022-04-08 01:00:00,1649350800000,2.6120000000,2.6450000000,2.6090000000,2.6310000000,136488.2932970000,358603.4900827740,358603.4900827740,1,SRM-USDT
2022-04-08 02:00:00,1649354400000,2.6330000000,2.6780000000,2.6240000000,2.6750000000,110342.7924700000,293466.0315102060,293466.0315102060,1,SRM-USDT
2022-04-08 03:00:00,1649358000000,2.6750000000,2.6790000000,2.6520000000,2.6550000000,71606.6967210000,190977.9055766600,190977.9055766600,1,SRM-USDT
2022-04-08 04:00:00,1649361600000,2.6550000000,2.6790000000,2.6500000000,2.6650000000,52105.1078700000,138819.8834031840,138819.8834031840,1,SRM-USDT
2022-04-08 05:00:00,1649365200000,2.6650000000,2.6690000000,2.6320000000,2.6450000000,74665.9967700000,197584.2309253880,197584.2309253880,1,SRM-USDT
2022-04-08 06:00:00,1649368800000,2.6450000000,2.6930000000,2.6360000000,2.6860000000,61573.4612700000,164045.6562119210,164045.6562119210,1,SRM-USDT
2022-04-08 07:00:00,1649372400000,2.6820000000,2.7260000000,2.6790000000,2.6840000000,125435.6323100000,338767.6398633730,338767.6398633730,1,SRM-USDT
2022-04-08 08:00:00,1649376000000,2.6830000000,2.7520000000,2.6720000000,2.7140000000,370250.8749020000,1007205.2042462000,1007205.2042462000,1,SRM-USDT
2022-04-08 09:00:00,1649379600000,2.7140000000,2.7470000000,2.7120000000,2.7250000000,235796.3461710000,645296.7002979260,645296.7002979260,1,SRM-USDT
2022-04-08 10:00:00,1649383200000,2.7260000000,2.7440000000,2.7200000000,2.7310000000,143505.3462510000,392065.8911245080,392065.8911245080,1,SRM-USDT
2022-04-08 11:00:00,1649386800000,2.7310000000,2.7490000000,2.7290000000,2.7340000000,79680.9571750000,218163.2382943960,218163.2382943960,1,SRM-USDT
2022-04-08 12:00:00,1649390400000,2.7350000000,2.7460000000,2.7260000000,2.7290000000,59166.4737560000,161694.6120667390,161694.6120667390,1,SRM-USDT
2022-04-08 13:00:00,1649394000000,2.7300000000,2.7390000000,2.7150000000,2.7290000000,117128.9870720000,319699.1204463990,319699.1204463990,1,SRM-USDT
2022-04-08 14:00:00,1649397600000,2.7300000000,2.7370000000,2.7060000000,2.7120000000,107160.5168690000,291674.2124352130,291674.2124352130,1,SRM-USDT
2022-04-08 15:00:00,1649401200000,2.7120000000,2.7180000000,2.6740000000,2.7140000000,170390.3802970000,459572.7548039680,459572.7548039680,1,SRM-USDT
2022-04-08 16:00:00,1649404800000,2.7150000000,2.7740000000,2.7110000000,2.7410000000,358026.3821730000,983814.0972748840,983814.0972748840,1,SRM-USDT
2022-04-08 17:00:00,1649408400000,2.7400000000,2.7690000000,2.7280000000,2.7480000000,176156.9918910000,483446.9282040770,483446.9282040770,1,SRM-USDT
2022-04-08 18:00:00,1649412000000,2.7480000000,2.7700000000,2.7220000000,2.7390000000,217704.8990460000,597789.4354285960,597789.4354285960,1,SRM-USDT
2022-04-08 19:00:00,1649415600000,2.7380000000,2.7380000000,2.6710000000,2.6810000000,364273.8943700000,986043.9615729080,986043.9615729080,1,SRM-USDT
2022-04-08 20:00:00,1649419200000,2.6800000000,2.7170000000,2.6700000000,2.6750000000,266847.9483880000,718602.9506773790,718602.9506773790,1,SRM-USDT
2022-04-08 21:00:00,1649422800000,2.6740000000,2.6870000000,2.6270000000,2.6610000000,337757.8265140000,895707.2763929210,895707.2763929210,1,SRM-USDT
2022-04-08 22:00:00,1649426400000,2.6600000000,2.7480000000,2.6590000000,2.7430000000,451406.3967790000,1222890.9559041951,1222890.9559041951,1,SRM-USDT
2022-04-08 23:00:00,1649430000000,2.7410000000,2.7510000000,2.7200000000,2.7260000000,162096.9473500000,443566.0072170620,443566.0072170620,1,SRM-USDT
2022-04-09 00:00:00,1649433600000,2.7280000000,2.7510000000,2.6870000000,2.6960000000,152713.2303900000,416267.8857806430,416267.8857806430,1,SRM-USDT
2022-04-09 01:00:00,1649437200000,2.6970000000,2.7000000000,2.6690000000,2.6810000000,202545.1287620000,543307.0733475680,543307.0733475680,1,SRM-USDT
2022-04-09 02:00:00,1649440800000,2.6790000000,2.6850000000,2.6340000000,2.6810000000,287253.7049130000,762965.6880744090,762965.6880744090,1,SRM-USDT
2022-04-09 03:00:00,1649444400000,2.6810000000,2.7000000000,2.6570000000,2.6650000000,105120.2106790000,281550.8141247240,281550.8141247240,1,SRM-USDT
2022-04-09 04:00:00,1649448000000,2.6630000000,2.6820000000,2.6490000000,2.6760000000,80812.7240620000,215694.8834310830,215694.8834310830,1,SRM-USDT
2022-04-09 05:00:00,1649451600000,2.6780000000,2.6820000000,2.6410000000,2.6460000000,63799.2865940000,170009.1195452570,170009.1195452570,1,SRM-USDT
2022-04-09 06:00:00,1649455200000,2.6460000000,2.6520000000,2.6090000000,2.6200000000,117002.4430270000,307282.9288387070,307282.9288387070,1,SRM-USDT
2022-04-09 07:00:00,1649458800000,2.6200000000,2.6250000000,2.5830000000,2.6170000000,169633.8538810000,441099.3968369510,441099.3968369510,1,SRM-USDT
2022-04-09 08:00:00,1649462400000,2.6150000000,2.6770000000,2.6030000000,2.6690000000,375285.1731740000,993022.5399026920,993022.5399026920,1,SRM-USDT
2022-04-09 09:00:00,1649466000000,2.6690000000,2.6750000000,2.6440000000,2.6620000000,77075.3898280000,205015.9618144720,205015.9618144720,1,SRM-USDT
2022-04-09 10:00:00,1649469600000,2.6590000000,2.6660000000,2.6030000000,2.6100000000,193627.9330940000,511166.9984828110,511166.9984828110,1,SRM-USDT
2022-04-09 11:00:00,1649473200000,2.6100000000,2.6320000000,2.5920000000,2.6260000000,167277.7308180000,437599.6014983490,437599.6014983490,1,SRM-USDT
2022-04-09 12:00:00,1649476800000,2.6290000000,2.6520000000,2.6230000000,2.6320000000,46897.3690090000,123732.3592454680,123732.3592454680,1,SRM-USDT
2022-04-09 13:00:00,1649480400000,2.6320000000,2.6550000000,2.6310000000,2.6540000000,38302.4603040000,101270.6828199220,101270.6828199220,1,SRM-USDT
2022-04-09 14:00:00,1649484000000,2.6540000000,2.6540000000,2.6230000000,2.6330000000,42482.2627190000,112108.1358005550,112108.1358005550,1,SRM-USDT
2022-04-09 15:00:00,1649487600000,2.6300000000,2.6380000000,2.6130000000,2.6280000000,64193.8016900000,168626.1123097520,168626.1123097520,1,SRM-USDT
2022-04-09 16:00:00,1649491200000,2.6280000000,2.6350000000,2.6140000000,2.6300000000,47937.2709080000,125842.6347317790,125842.6347317790,1,SRM-USDT
2022-04-09 17:00:00,1649494800000,2.6320000000,2.6360000000,2.6110000000,2.6220000000,89754.8572980000,235219.2888084890,235219.2888084890,1,SRM-USDT
2022-04-09 18:00:00,1649498400000,2.6210000000,2.6320000000,2.6040000000,2.6320000000,103664.9423650000,271587.3127087870,271587.3127087870,1,SRM-USDT
2022-04-09 19:00:00,1649502000000,2.6320000000,2.6510000000,2.6270000000,2.6460000000,86821.4093780000,229286.5308397810,229286.5308397810,1,SRM-USDT
2022-04-09 20:00:00,1649505600000,2.6480000000,2.6800000000,2.6340000000,2.6700000000,199852.7306860000,531549.9084088270,531549.9084088270,1,SRM-USDT
2022-04-09 21:00:00,1649509200000,2.6740000000,2.6990000000,2.6640000000,2.6840000000,113479.8798790000,304051.9088688380,304051.9088688380,1,SRM-USDT
2022-04-09 22:00:00,1649512800000,2.6830000000,2.6870000000,2.6460000000,2.6620000000,99948.0411300000,266133.3075561870,266133.3075561870,1,SRM-USDT
2022-04-09 23:00:00,1649516400000,2.6650000000,2.6720000000,2.6200000000,2.6230000000,190980.8490730000,503888.5719048990,503888.5719048990,1,SRM-USDT
2022-04-10 00:00:00,1649520000000,2.6250000000,2.6570000000,2.6210000000,2.6330000000,110315.4118100000,290923.4317354990,290923.4317354990,1,SRM-USDT
2022-04-10 01:00:00,1649523600000,2.6340000000,2.6530000000,2.6280000000,2.6520000000,59649.1622270000,157733.2251968110,157733.2251968110,1,SRM-USDT
2022-04-10 02:00:00,1649527200000,2.6530000000,2.6580000000,2.6320000000,2.6410000000,56214.8330810000,148583.9214649800,148583.9214649800,1,SRM-USDT
2022-04-10 03:00:00,1649530800000,2.6410000000,2.6500000000,2.6340000000,2.6350000000,56266.3953140000,148624.7299416860,148624.7299416860,1,SRM-USDT
2022-04-10 04:00:00,1649534400000,2.6350000000,2.6510000000,2.6290000000,2.6290000000,40905.9309630000,108128.3318583610,108128.3318583610,1,SRM-USDT
2022-04-10 05:00:00,1649538000000,2.6290000000,2.6520000000,2.6290000000,2.6470000000,19520.4302280000,51551.5805498120,51551.5805498120,1,SRM-USDT
2022-04-10 06:00:00,1649541600000,2.6450000000,2.6650000000,2.6440000000,2.6590000000,62319.9184240000,165680.9067125670,165680.9067125670,1,SRM-USDT
2022-04-10 07:00:00,1649545200000,2.6620000000,2.6880000000,2.6610000000,2.6810000000,67328.0212280000,180170.7324349960,180170.7324349960,1,SRM-USDT
2022-04-10 08:00:00,1649548800000,2.6810000000,2.6830000000,2.6470000000,2.6550000000,64913.3665040000,172929.8431696920,172929.8431696920,1,SRM-USDT
2022-04-10 09:00:00,1649552400000,2.6540000000,2.6710000000,2.6510000000,2.6620000000,46163.8722780000,123016.0017486140,123016.0017486140,1,SRM-USDT
2022-04-10 10:00:00,1649556000000,2.6650000000,2.6730000000,2.6570000000,2.6690000000,39890.1612050000,106228.9305383360,106228.9305383360,1,SRM-USDT
2022-04-10 11:00:00,1649559600000,2.6700000000,2.6780000000,2.6650000000,2.6710000000,29705.5179870000,79361.2001206560,79361.2001206560,1,SRM-USDT
2022-04-10 12:00:00,1649563200000,2.6720000000,2.6830000000,2.6590000000,2.6750000000,69798.7577300000,186562.6699992730,186562.6699992730,1,SRM-USDT
2022-04-10 13:00:00,1649566800000,2.6730000000,2.6770000000,2.6480000000,2.6500000000,68516.7009160000,182510.2882409630,182510.2882409630,1,SRM-USDT
2022-04-10 14:00:00,1649570400000,2.6470000000,2.6620000000,2.6400000000,2.6560000000,63540.3270180000,168234.2247097310,168234.2247097310,1,SRM-USDT
2022-04-10 15:00:00,1649574000000,2.6580000000,2.6590000000,2.6270000000,2.6350000000,62473.5258800000,164938.8661908900,164938.8661908900,1,SRM-USDT
2022-04-10 16:00:00,1649577600000,2.6340000000,2.6380000000,2.6230000000,2.6300000000,34139.1527150000,89858.0979154870,89858.0979154870,1,SRM-USDT
2022-04-10 17:00:00,1649581200000,2.6290000000,2.6300000000,2.6040000000,2.6060000000,55407.9727740000,144747.2935898320,144747.2935898320,1,SRM-USDT
2022-04-10 18:00:00,1649584800000,2.6050000000,2.6080000000,2.5910000000,2.6020000000,86917.8057150000,225836.0518786350,225836.0518786350,1,SRM-USDT
2022-04-10 19:00:00,1649588400000,2.6010000000,2.6210000000,2.6010000000,2.6190000000,38809.5100390000,101319.2888067610,101319.2888067610,1,SRM-USDT
2022-04-10 20:00:00,1649592000000,2.6180000000,2.6320000000,2.6060000000,2.6130000000,96373.1167530000,252504.4172733920,252504.4172733920,1,SRM-USDT
2022-04-10 21:00:00,1649595600000,2.6130000000,2.6210000000,2.6000000000,2.6060000000,33827.1019370000,88320.5052444520,88320.5052444520,1,SRM-USDT
2022-04-10 22:00:00,1649599200000,2.6040000000,2.6130000000,2.5830000000,2.5870000000,321341.1227470000,833825.7400789160,833825.7400789160,1,SRM-USDT
2022-04-10 23:00:00,1649602800000,2.5880000000,2.6010000000,2.5870000000,2.6010000000,68127.4598300000,176590.2658324800,176590.2658324800,1,SRM-USDT
2022-04-11 00:00:00,1649606400000,2.6000000000,2.6180000000,2.5950000000,2.6180000000,51439.1894290000,134037.1797762450,134037.1797762450,1,SRM-USDT
2022-04-11 01:00:00,1649610000000,2.6200000000,2.6540000000,2.6190000000,2.6510000000,132800.6850310000,350252.5735324260,350252.5735324260,1,SRM-USDT
2022-04-11 02:00:00,1649613600000,2.6500000000,2.6670000000,2.6490000000,2.6540000000,102405.8455900000,272107.0897749590,272107.0897749590,1,SRM-USDT
2022-04-11 03:00:00,1649617200000,2.6530000000,2.6680000000,2.6500000000,2.6610000000,48855.6379980000,129926.3766004800,129926.3766004800,1,SRM-USDT
2022-04-11 04:00:00,1649620800000,2.6610000000,2.6770000000,2.6430000000,2.6460000000,125291.4124680000,333664.3322187890,333664.3322187890,1,SRM-USDT
2022-04-11 05:00:00,1649624400000,2.6470000000,2.6520000000,2.6130000000,2.6150000000,52112.7003830000,137309.8963072000,137309.8963072000,1,SRM-USDT
2022-04-11 06:00:00,1649628000000,2.6150000000,2.6190000000,2.5380000000,2.5540000000,307714.3168400000,790984.1039960330,790984.1039960330,1,SRM-USDT
2022-04-11 07:00:00,1649631600000,2.5490000000,2.5730000000,2.5380000000,2.5510000000,127449.6104240000,325913.2050937030,325913.2050937030,1,SRM-USDT
2022-04-11 08:00:00,1649635200000,2.5500000000,2.5580000000,2.5020000000,2.5370000000,230832.0520340000,584450.4482782000,584450.4482782000,1,SRM-USDT
2022-04-11 09:00:00,1649638800000,2.5360000000,2.5570000000,2.5090000000,2.5120000000,243472.9236640000,617379.6001336440,617379.6001336440,1,SRM-USDT
2022-04-11 10:00:00,1649642400000,2.5120000000,2.5160000000,2.4460000000,2.4550000000,305083.5031540000,758226.4339013289,758226.4339013289,1,SRM-USDT
2022-04-11 11:00:00,1649646000000,2.4560000000,2.4680000000,2.4460000000,2.4610000000,195805.7372410000,481338.0314396240,481338.0314396240,1,SRM-USDT
2022-04-11 12:00:00,1649649600000,2.4600000000,2.4830000000,2.4600000000,2.4820000000,119179.2645670000,294364.9611506050,294364.9611506050,1,SRM-USDT
2022-04-11 13:00:00,1649653200000,2.4810000000,2.4930000000,2.4700000000,2.4740000000,184110.1492980000,456610.8496690760,456610.8496690760,1,SRM-USDT
2022-04-11 14:00:00,1649656800000,2.4740000000,2.4770000000,2.4460000000,2.4710000000,137584.6449210000,338514.3829712420,338514.3829712420,1,SRM-USDT
2022-04-11 15:00:00,1649660400000,2.4730000000,2.4840000000,2.4640000000,2.4810000000,70752.8310190000,175055.4280366210,175055.4280366210,1,SRM-USDT
2022-04-11 16:00:00,1649664000000,2.4810000000,2.4910000000,2.4470000000,2.4610000000,20737.1388550000,51236.7402294520,51236.7402294520,1,SRM-USDT
2022-04-11 17:00:00,1649667600000,2.4580000000,2.4580000000,2.3560000000,2.3580000000,323364.5736380000,775713.6647739320,775713.6647739320,1,SRM-USDT
2022-04-11 18:00:00,1649671200000,2.3570000000,2.3680000000,2.3300000000,2.3580000000,579332.5538849999,1362138.5478389130,1362138.5478389130,1,SRM-USDT
2022-04-11 19:00:00,1649674800000,2.3580000000,2.3600000000,2.3060000000,2.3220000000,310253.1387620000,723348.2880232240,723348.2880232240,1,SRM-USDT
2022-04-11 20:00:00,1649678400000,2.3210000000,2.3470000000,2.3120000000,2.3360000000,138457.8844640000,322645.3428482980,322645.3428482980,1,SRM-USDT
2022-04-11 21:00:00,1649682000000,2.3350000000,2.3410000000,2.2960000000,2.3370000000,296213.4802630000,686920.3612830699,686920.3612830699,1,SRM-USDT
2022-04-11 22:00:00,1649685600000,2.3360000000,2.3480000000,2.3090000000,2.3130000000,131734.6935860000,306554.0709777660,306554.0709777660,1,SRM-USDT
2022-04-11 23:00:00,1649689200000,2.3140000000,2.3340000000,2.3060000000,2.3060000000,117370.7734950000,272635.9787202800,272635.9787202800,1,SRM-USDT
2022-04-12 00:00:00,1649692800000,2.3050000000,2.3280000000,2.2950000000,2.3230000000,185901.6362330000,430097.8412173340,430097.8412173340,1,SRM-USDT
2022-04-12 01:00:00,1649696400000,2.3240000000,2.3420000000,2.3070000000,2.3280000000,190479.1770480000,442917.6981648600,442917.6981648600,1,SRM-USDT
2022-04-12 02:00:00,1649700000000,2.3250000000,2.3350000000,2.3110000000,2.3330000000,76426.7188240000,177486.5818366090,177486.5818366090,1,SRM-USDT
2022-04-12 03:00:00,1649703600000,2.3330000000,2.3370000000,2.2840000000,2.3020000000,181657.9607280000,418977.5834261160,418977.5834261160,1,SRM-USDT
2022-04-12 04:00:00,1649707200000,2.3010000000,2.3110000000,2.2670000000,2.2910000000,166415.3562570000,381216.5873682760,381216.5873682760,1,SRM-USDT
2022-04-12 05:00:00,1649710800000,2.2930000000,2.3000000000,2.2510000000,2.2640000000,106421.5544800000,241870.3080587340,241870.3080587340,1,SRM-USDT
2022-04-12 06:00:00,1649714400000,2.2620000000,2.2950000000,2.2290000000,2.2810000000,244342.0379290000,553177.6617203300,553177.6617203300,1,SRM-USDT
2022-04-12 07:00:00,1649718000000,2.2790000000,2.2900000000,2.2500000000,2.2610000000,115553.4898150000,262026.3270762300,262026.3270762300,1,SRM-USDT
2022-04-12 08:00:00,1649721600000,2.2620000000,2.2840000000,2.2330000000,2.2580000000,215919.3737780000,488588.7147270220,488588.7147270220,1,SRM-USDT
2022-04-12 09:00:00,1649725200000,2.2570000000,2.2750000000,2.2450000000,2.2580000000,103145.8863500000,233212.5542727480,233212.5542727480,1,SRM-USDT
2022-04-12 10:00:00,1649728800000,2.2590000000,2.2660000000,2.2210000000,2.2280000000,238397.4075350000,534783.8421488010,534783.8421488010,1,SRM-USDT
2022-04-12 11:00:00,1649732400000,2.2290000000,2.2480000000,2.2280000000,2.2480000000,90273.7357210000,202027.7944908990,202027.7944908990,1,SRM-USDT
2022-04-12 12:00:00,1649736000000,2.2490000000,2.2660000000,2.2440000000,2.2640000000,81738.3214760000,184048.2573394460,184048.2573394460,1,SRM-USDT
2022-04-12 13:00:00,1649739600000,2.2640000000,2.2960000000,2.2600000000,2.2920000000,117377.8981530000,267871.2676045380,267871.2676045380,1,SRM-USDT
2022-04-12 14:00:00,1649743200000,2.2920000000,2.3030000000,2.2690000000,2.2770000000,84184.1669250000,192542.0022937440,192542.0022937440,1,SRM-USDT
2022-04-12 15:00:00,1649746800000,2.2770000000,2.3000000000,2.2750000000,2.2980000000,90648.9659310000,207792.2348667070,207792.2348667070,1,SRM-USDT
2022-04-12 16:00:00,1649750400000,2.2980000000,2.3250000000,2.2940000000,2.3190000000,114049.1217780000,263413.5366373470,263413.5366373470,1,SRM-USDT
2022-04-12 17:00:00,1649754000000,2.3190000000,2.3230000000,2.3050000000,2.3200000000,97947.8660560000,226710.5358977290,226710.5358977290,1,SRM-USDT
2022-04-12 18:00:00,1649757600000,2.3190000000,2.3440000000,2.3070000000,2.3330000000,163163.9500800000,379794.0248230720,379794.0248230720,1,SRM-USDT
2022-04-12 19:00:00,1649761200000,2.3360000000,2.3690000000,2.3310000000,2.3600000000,212309.8547870000,499987.3173311990,499987.3173311990,1,SRM-USDT
2022-04-12 20:00:00,1649764800000,2.3590000000,2.3950000000,2.3240000000,2.3890000000,291878.9314160000,691193.4254841770,691193.4254841770,1,SRM-USDT
2022-04-12 21:00:00,1649768400000,2.3880000000,2.4020000000,2.3570000000,2.3820000000,298002.7857270000,709017.2479942490,709017.2479942490,1,SRM-USDT
2022-04-12 22:00:00,1649772000000,2.3810000000,2.3820000000,2.3230000000,2.3350000000,258622.8106490000,607504.9537771910,607504.9537771910,1,SRM-USDT
2022-04-12 23:00:00,1649775600000,2.3350000000,2.3660000000,2.3310000000,2.3440000000,114396.7117740000,268835.4882827300,268835.4882827300,1,SRM-USDT
2022-04-13 00:00:00,1649779200000,2.3460000000,2.3630000000,2.3330000000,2.3470000000,86403.9453690000,202831.5566833930,202831.5566833930,1,SRM-USDT
2022-04-13 01:00:00,1649782800000,2.3470000000,2.3560000000,2.3250000000,2.3310000000,159659.2231380000,373746.3427443830,373746.3427443830,1,SRM-USDT
2022-04-13 02:00:00,1649786400000,2.3300000000,2.3400000000,2.2910000000,2.2980000000,170405.3402770000,393322.4644532100,393322.4644532100,1,SRM-USDT
2022-04-13 03:00:00,1649790000000,2.2970000000,2.3070000000,2.2750000000,2.2840000000,100460.7491440000,230051.3841081820,230051.3841081820,1,SRM-USDT
2022-04-13 04:00:00,1649793600000,2.2850000000,2.3200000000,2.2830000000,2.3110000000,98806.3649600000,227638.6849119120,227638.6849119120,1,SRM-USDT
2022-04-13 05:00:00,1649797200000,2.3110000000,2.3360000000,2.3080000000,2.3320000000,54428.6548750000,126431.5315573050,126431.5315573050,1,SRM-USDT
2022-04-13 06:00:00,1649800800000,2.3310000000,2.3360000000,2.3100000000,2.3340000000,124627.5466030000,289360.0704506150,289360.0704506150,1,SRM-USDT
2022-04-13 07:00:00,1649804400000,2.3310000000,2.3700000000,2.3310000000,2.3640000000,82083.0545920000,193050.1923888830,193050.1923888830,1,SRM-USDT
2022-04-13 08:00:00,1649808000000,2.3650000000,2.4710000000,2.3650000000,2.4260000000,820939.0263800001,1997731.1457635649,1997731.1457635649,1,SRM-USDT
2022-04-13 09:00:00,1649811600000,2.4250000000,2.4400000000,2.4030000000,2.4200000000,236435.9997240000,572210.4151413640,572210.4151413640,1,SRM-USDT
2022-04-13 10:00:00,1649815200000,2.4220000000,2.4560000000,2.4130000000,2.4290000000,307854.3727450000,750087.7608703070,750087.7608703070,1,SRM-USDT
2022-04-13 11:00:00,1649818800000,2.4280000000,2.4460000000,2.4220000000,2.4290000000,123137.4285260000,299723.2286903470,299723.2286903470,1,SRM-USDT
2022-04-13 12:00:00,1649822400000,2.4290000000,2.4480000000,2.4110000000,2.4480000000,102177.3432990000,247912.3316340370,247912.3316340370,1,SRM-USDT
2022-04-13 13:00:00,1649826000000,2.4460000000,2.4940000000,2.4400000000,2.4690000000,197309.6420800000,486856.1471747680,486856.1471747680,1,SRM-USDT
2022-04-13 14:00:00,1649829600000,2.4710000000,2.5580000000,2.4530000000,2.5270000000,414705.8155810000,1045832.1601599550,1045832.1601599550,1,SRM-USDT
2022-04-13 15:00:00,1649833200000,2.5270000000,2.5560000000,2.5130000000,2.5300000000,302834.5015200000,766838.2396784200,766838.2396784200,1,SRM-USDT
2022-04-13 16:00:00,1649836800000,2.5310000000,2.5840000000,2.4950000000,2.5180000000,545135.8949220000,1374761.6160683413,1374761.6160683413,1,SRM-USDT
2022-04-13 17:00:00,1649840400000,2.5170000000,2.5230000000,2.4790000000,2.4880000000,166734.5905940000,416699.7672191770,416699.7672191770,1,SRM-USDT
2022-04-13 18:00:00,1649844000000,2.4900000000,2.5030000000,2.4480000000,2.4530000000,261555.4362980000,646328.1958291470,646328.1958291470,1,SRM-USDT
2022-04-13 19:00:00,1649847600000,2.4550000000,2.4880000000,2.4420000000,2.4430000000,237359.6351380000,585164.4270260120,585164.4270260120,1,SRM-USDT
2022-04-13 20:00:00,1649851200000,2.4450000000,2.4610000000,2.4240000000,2.4290000000,184722.8229680000,451085.3550320260,451085.3550320260,1,SRM-USDT
2022-04-13 21:00:00,1649854800000,2.4310000000,2.5000000000,2.4110000000,2.4930000000,327620.3590210000,805285.9428852320,805285.9428852320,1,SRM-USDT
2022-04-13 22:00:00,1649858400000,2.4920000000,2.5250000000,2.4780000000,2.5000000000,300404.2896720000,751270.9023485580,751270.9023485580,1,SRM-USDT
2022-04-13 23:00:00,1649862000000,2.4980000000,2.5290000000,2.4980000000,2.5060000000,158857.0789990000,399669.6781521610,399669.6781521610,1,SRM-USDT
2022-04-14 00:00:00,1649865600000,2.5070000000,2.5340000000,2.4820000000,2.4880000000,128697.4412160000,322954.3721873030,322954.3721873030,1,SRM-USDT
2022-04-14 01:00:00,1649869200000,2.4860000000,2.5060000000,2.4750000000,2.5040000000,180871.0887430000,450859.0144279900,450859.0144279900,1,SRM-USDT
2022-04-14 02:00:00,1649872800000,2.5040000000,2.5270000000,2.4990000000,2.5240000000,78208.4177610000,196809.5837938980,196809.5837938980,1,SRM-USDT
2022-04-14 03:00:00,1649876400000,2.5250000000,2.5370000000,2.5040000000,2.5050000000,104110.0233000000,262103.9076871500,262103.9076871500,1,SRM-USDT
2022-04-14 04:00:00,1649880000000,2.5020000000,2.5280000000,2.5000000000,2.5240000000,39117.6169650000,98399.8875896850,98399.8875896850,1,SRM-USDT
2022-04-14 05:00:00,1649883600000,2.5240000000,2.5250000000,2.5080000000,2.5110000000,63706.4351620000,160203.2271997680,160203.2271997680,1,SRM-USDT
2022-04-14 06:00:00,1649887200000,2.5120000000,2.5490000000,2.5080000000,2.5400000000,125515.2977530000,316984.4454790530,316984.4454790530,1,SRM-USDT
2022-04-14 07:00:00,1649890800000,2.5420000000,2.5780000000,2.5350000000,2.5740000000,257385.5817050000,658358.3329189720,658358.3329189720,1,SRM-USDT
2022-04-14 08:00:00,1649894400000,2.5730000000,2.5740000000,2.5350000000,2.5400000000,149638.0876510000,380872.3976176350,380872.3976176350,1,SRM-USDT
2022-04-14 09:00:00,1649898000000,2.5410000000,2.5830000000,2.5390000000,2.5770000000,100741.5829300000,258082.7259176890,258082.7259176890,1,SRM-USDT
2022-04-14 10:00:00,1649901600000,2.5770000000,2.5770000000,2.5410000000,2.5460000000,78058.8519790000,199357.6941945330,199357.6941945330,1,SRM-USDT
2022-04-14 11:00:00,1649905200000,2.5470000000,2.5530000000,2.5330000000,2.5470000000,53920.8452350000,137221.4538950920,137221.4538950920,1,SRM-USDT
2022-04-14 12:00:00,1649908800000,2.5480000000,2.5730000000,2.5480000000,2.5530000000,59161.5658480000,151443.9933471180,151443.9933471180,1,SRM-USDT
2022-04-14 13:00:00,1649912400000,2.5560000000,2.5580000000,2.5390000000,2.5550000000,66063.8213410000,168316.5641725030,168316.5641725030,1,SRM-USDT
2022-04-14 14:00:00,1649916000000,2.5600000000,2.5610000000,2.5390000000,2.5420000000,53536.4791000000,136509.7527389810,136509.7527389810,1,SRM-USDT
2022-04-14 15:00:00,1649919600000,2.5420000000,2.5460000000,2.5160000000,2.5180000000,134055.5641240000,338664.5372099810,338664.5372099810,1,SRM-USDT
2022-04-14 16:00:00,1649923200000,2.5200000000,2.5320000000,2.5130000000,2.5140000000,64538.0769960000,162830.1786929930,162830.1786929930,1,SRM-USDT
2022-04-14 17:00:00,1649926800000,2.5120000000,2.5220000000,2.4820000000,2.5130000000,69214.4108350000,173731.6524109520,173731.6524109520,1,SRM-USDT
2022-04-14 18:00:00,1649930400000,2.5120000000,2.5220000000,2.4870000000,2.4910000000,134721.8925120000,338080.6629243150,338080.6629243150,1,SRM-USDT
2022-04-14 19:00:00,1649934000000,2.4920000000,2.5040000000,2.4820000000,2.4880000000,73532.7245330000,183351.5885554190,183351.5885554190,1,SRM-USDT
2022-04-14 20:00:00,1649937600000,2.4870000000,2.5200000000,2.4860000000,2.5160000000,71022.2187910000,177871.1269209870,177871.1269209870,1,SRM-USDT
2022-04-14 21:00:00,1649941200000,2.5160000000,2.5280000000,2.4630000000,2.4700000000,251403.5367040000,627027.5538553890,627027.5538553890,1,SRM-USDT
2022-04-14 22:00:00,1649944800000,2.4690000000,2.4870000000,2.4530000000,2.4850000000,177821.4653900000,439021.4963071790,439021.4963071790,1,SRM-USDT
2022-04-14 23:00:00,1649948400000,2.4800000000,2.4870000000,2.4280000000,2.4310000000,254872.3355500000,623656.8733884780,623656.8733884780,1,SRM-USDT
2022-04-15 00:00:00,1649952000000,2.4310000000,2.4420000000,2.4060000000,2.4340000000,191716.7668980000,464213.3700608300,464213.3700608300,1,SRM-USDT
2022-04-15 01:00:00,1649955600000,2.4320000000,2.4480000000,2.4200000000,2.4370000000,72111.1162680000,175409.8708437470,175409.8708437470,1,SRM-USDT
2022-04-15 02:00:00,1649959200000,2.4350000000,2.4400000000,2.3930000000,2.3970000000,165915.8684560000,401294.2338592900,401294.2338592900,1,SRM-USDT
2022-04-15 03:00:00,1649962800000,2.3990000000,2.4150000000,2.3920000000,2.4120000000,123364.5639550000,296533.8065676080,296533.8065676080,1,SRM-USDT
2022-04-15 04:00:00,1649966400000,2.4090000000,2.4190000000,2.3950000000,2.4190000000,48868.4635320000,117660.9580376360,117660.9580376360,1,SRM-USDT
2022-04-15 05:00:00,1649970000000,2.4200000000,2.4360000000,2.4180000000,2.4360000000,72369.7202810000,175563.2112119170,175563.2112119170,1,SRM-USDT
2022-04-15 06:00:00,1649973600000,2.4340000000,2.4500000000,2.4200000000,2.4230000000,102541.5201140000,249722.0752060820,249722.0752060820,1,SRM-USDT
2022-04-15 07:00:00,1649977200000,2.4230000000,2.4450000000,2.4200000000,2.4330000000,89860.3257280000,218432.1392185880,218432.1392185880,1,SRM-USDT
2022-04-15 08:00:00,1649980800000,2.4320000000,2.4590000000,2.4230000000,2.4390000000,161870.6041690000,395676.7996079320,395676.7996079320,1,SRM-USDT
2022-04-15 09:00:00,1649984400000,2.4350000000,2.4680000000,2.4270000000,2.4580000000,135189.6702760000,331192.0104372060,331192.0104372060,1,SRM-USDT
2022-04-15 10:00:00,1649988000000,2.4580000000,2.4820000000,2.4530000000,2.4640000000,130251.5662720000,321399.6244726980,321399.6244726980,1,SRM-USDT
2022-04-15 11:00:00,1649991600000,2.4650000000,2.4780000000,2.4540000000,2.4770000000,165393.1040490000,407330.9241183330,407330.9241183330,1,SRM-USDT
2022-04-15 12:00:00,1649995200000,2.4770000000,2.4840000000,2.4570000000,2.4570000000,54316.9205560000,134288.0883506340,134288.0883506340,1,SRM-USDT
2022-04-15 13:00:00,1649998800000,2.4560000000,2.4680000000,2.4530000000,2.4560000000,29966.9767550000,73673.0779970240,73673.0779970240,1,SRM-USDT
2022-04-15 14:00:00,1650002400000,2.4560000000,2.4590000000,2.4200000000,2.4290000000,100009.6313240000,244071.4528043600,244071.4528043600,1,SRM-USDT
2022-04-15 15:00:00,1650006000000,2.4290000000,2.4490000000,2.4040000000,2.4390000000,113399.5598680000,274678.9885688670,274678.9885688670,1,SRM-USDT
2022-04-15 16:00:00,1650009600000,2.4380000000,2.4490000000,2.4230000000,2.4300000000,48895.5894500000,119111.2305521040,119111.2305521040,1,SRM-USDT
2022-04-15 17:00:00,1650013200000,2.4320000000,2.4350000000,2.4200000000,2.4290000000,40882.8419680000,99269.4383929620,99269.4383929620,1,SRM-USDT
2022-04-15 18:00:00,1650016800000,2.4260000000,2.4440000000,2.4220000000,2.4360000000,58031.9592900000,141167.4261824270,141167.4261824270,1,SRM-USDT
2022-04-15 19:00:00,1650020400000,2.4390000000,2.4460000000,2.4260000000,2.4360000000,77176.8064030000,187951.9929389220,187951.9929389220,1,SRM-USDT
2022-04-15 20:00:00,1650024000000,2.4370000000,2.4370000000,2.4140000000,2.4190000000,51560.0647570000,125000.3324045820,125000.3324045820,1,SRM-USDT
2022-04-15 21:00:00,1650027600000,2.4240000000,2.4250000000,2.3950000000,2.3970000000,88207.6631680000,212465.9759332710,212465.9759332710,1,SRM-USDT
2022-04-15 22:00:00,1650031200000,2.4000000000,2.4430000000,2.3800000000,2.4210000000,169629.2193910000,408604.5360297680,408604.5360297680,1,SRM-USDT
2022-04-15 23:00:00,1650034800000,2.4200000000,2.4330000000,2.4110000000,2.4180000000,83937.5520250000,203286.0393260390,203286.0393260390,1,SRM-USDT
2022-04-16 00:00:00,1650038400000,2.4180000000,2.4210000000,2.4010000000,2.4120000000,63854.1292440000,154036.8774661810,154036.8774661810,1,SRM-USDT
2022-04-16 01:00:00,1650042000000,2.4130000000,2.4270000000,2.4070000000,2.4120000000,46653.2988180000,112720.9973273940,112720.9973273940,1,SRM-USDT
2022-04-16 02:00:00,1650045600000,2.4130000000,2.4150000000,2.4080000000,2.4090000000,18881.4256970000,45518.3756778880,45518.3756778880,1,SRM-USDT
2022-04-16 03:00:00,1650049200000,2.4090000000,2.4130000000,2.4010000000,2.4080000000,43356.0397390000,104305.9007428680,104305.9007428680,1,SRM-USDT
2022-04-16 04:00:00,1650052800000,2.4060000000,2.4220000000,2.4020000000,2.4210000000,45386.1209220000,109435.2269733170,109435.2269733170,1,SRM-USDT
2022-04-16 05:00:00,1650056400000,2.4210000000,2.4320000000,2.4210000000,2.4310000000,33025.5793970000,80107.5068743720,80107.5068743720,1,SRM-USDT
2022-04-16 06:00:00,1650060000000,2.4300000000,2.4440000000,2.4230000000,2.4420000000,48146.9629900000,117204.6540943850,117204.6540943850,1,SRM-USDT
2022-04-16 07:00:00,1650063600000,2.4410000000,2.4510000000,2.4310000000,2.4500000000,57458.5824600000,140290.5086697730,140290.5086697730,1,SRM-USDT
2022-04-16 08:00:00,1650067200000,2.4490000000,2.4620000000,2.4290000000,2.4620000000,103000.6763840000,251924.5665697620,251924.5665697620,1,SRM-USDT
2022-04-16 09:00:00,1650070800000,2.4650000000,2.4870000000,2.4590000000,2.4660000000,184083.6954680000,454845.3157674970,454845.3157674970,1,SRM-USDT
2022-04-16 10:00:00,1650074400000,2.4680000000,2.4710000000,2.4460000000,2.4520000000,59499.5134640000,146226.0460069360,146226.0460069360,1,SRM-USDT
2022-04-16 11:00:00,1650078000000,2.4510000000,2.4520000000,2.4390000000,2.4400000000,73318.3542740000,179199.8622033540,179199.8622033540,1,SRM-USDT
2022-04-16 12:00:00,1650081600000,2.4400000000,2.4800000000,2.4400000000,2.4690000000,98589.5653210000,243195.8664917600,243195.8664917600,1,SRM-USDT
2022-04-16 13:00:00,1650085200000,2.4700000000,2.4730000000,2.4520000000,2.4610000000,58837.8283450000,144933.4809904270,144933.4809904270,1,SRM-USDT
2022-04-16 14:00:00,1650088800000,2.4580000000,2.4630000000,2.4460000000,2.4600000000,67977.7477730000,166911.6924577560,166911.6924577560,1,SRM-USDT
2022-04-16 15:00:00,1650092400000,2.4640000000,2.4870000000,2.4640000000,2.4710000000,183868.4436580000,455200.0107001390,455200.0107001390,1,SRM-USDT
2022-04-16 16:00:00,1650096000000,2.4710000000,2.5020000000,2.4640000000,2.4850000000,154593.9949880000,384325.3726456950,384325.3726456950,1,SRM-USDT
2022-04-16 17:00:00,1650099600000,2.4850000000,2.4990000000,2.4650000000,2.4700000000,112579.9232090000,279061.4524219880,279061.4524219880,1,SRM-USDT
2022-04-16 18:00:00,1650103200000,2.4730000000,2.4970000000,2.4700000000,2.4900000000,73555.9785830000,183014.9006282640,183014.9006282640,1,SRM-USDT
2022-04-16 19:00:00,1650106800000,2.4910000000,2.4980000000,2.4720000000,2.4770000000,62935.3629260000,156352.2885887000,156352.2885887000,1,SRM-USDT
2022-04-16 20:00:00,1650110400000,2.4760000000,2.4950000000,2.4720000000,2.4870000000,94956.9595710000,235978.6111723290,235978.6111723290,1,SRM-USDT
2022-04-16 21:00:00,1650114000000,2.4840000000,2.4980000000,2.4800000000,2.4860000000,82892.5773210000,206472.6290471290,206472.6290471290,1,SRM-USDT
2022-04-16 22:00:00,1650117600000,2.4840000000,2.4860000000,2.4690000000,2.4710000000,71601.2111140000,177404.3095546510,177404.3095546510,1,SRM-USDT
2022-04-16 23:00:00,1650121200000,2.4750000000,2.4880000000,2.4140000000,2.4260000000,223103.0446490000,545076.8683691610,545076.8683691610,1,SRM-USDT
2022-04-17 00:00:00,1650124800000,2.4230000000,2.4430000000,2.4180000000,2.4430000000,66117.6038470000,160775.4494882300,160775.4494882300,1,SRM-USDT
2022-04-17 01:00:00,1650128400000,2.4430000000,2.4440000000,2.4240000000,2.4310000000,58878.4065450000,143168.6891964840,143168.6891964840,1,SRM-USDT
2022-04-17 02:00:00,1650132000000,2.4290000000,2.4370000000,2.4280000000,2.4370000000,23651.9710680000,57552.2376948920,57552.2376948920,1,SRM-USDT
2022-04-17 03:00:00,1650135600000,2.4370000000,2.4420000000,2.4280000000,2.4300000000,38187.0472310000,93007.2231400190,93007.2231400190,1,SRM-USDT
2022-04-17 04:00:00,1650139200000,2.4300000000,2.4510000000,2.4280000000,2.4450000000,44042.5476760000,107344.6005495400,107344.6005495400,1,SRM-USDT
2022-04-17 05:00:00,1650142800000,2.4440000000,2.4680000000,2.4440000000,2.4680000000,69402.7460710000,170234.9363328730,170234.9363328730,1,SRM-USDT
2022-04-17 06:00:00,1650146400000,2.4680000000,2.4860000000,2.4660000000,2.4700000000,86741.8713790000,214838.4931301340,214838.4931301340,1,SRM-USDT
2022-04-17 07:00:00,1650150000000,2.4720000000,2.4920000000,2.4700000000,2.4810000000,35336.5956150000,87696.0826432860,87696.0826432860,1,SRM-USDT
2022-04-17 08:00:00,1650153600000,2.4820000000,2.4950000000,2.4650000000,2.4690000000,54136.6389460000,134067.5713953510,134067.5713953510,1,SRM-USDT
2022-04-17 09:00:00,1650157200000,2.4700000000,2.4740000000,2.4590000000,2.4660000000,43232.3743330000,106676.7536641740,106676.7536641740,1,SRM-USDT
2022-04-17 10:00:00,1650160800000,2.4640000000,2.4640000000,2.4330000000,2.4400000000,35023.5284250000,85648.3796479020,85648.3796479020,1,SRM-USDT
2022-04-17 11:00:00,1650164400000,2.4380000000,2.4560000000,2.4350000000,2.4490000000,37409.7990690000,91614.0595629710,91614.0595629710,1,SRM-USDT
2022-04-17 12:00:00,1650168000000,2.4470000000,2.4560000000,2.4460000000,2.4520000000,25991.3911200000,63729.9345458010,63729.9345458010,1,SRM-USDT
2022-04-17 13:00:00,1650171600000,2.4510000000,2.4510000000,2.4330000000,2.4500000000,46207.5076140000,112797.4933682740,112797.4933682740,1,SRM-USDT
2022-04-17 14:00:00,1650175200000,2.4500000000,2.4500000000,2.4430000000,2.4460000000,34060.8016500000,83284.4081234770,83284.4081234770,1,SRM-USDT
2022-04-17 15:00:00,1650178800000,2.4450000000,2.4480000000,2.4390000000,2.4410000000,15180.1270140000,37078.3218816540,37078.3218816540,1,SRM-USDT
2022-04-17 16:00:00,1650182400000,2.4410000000,2.4490000000,2.4410000000,2.4470000000,19165.9564970000,46862.1121760970,46862.1121760970,1,SRM-USDT
2022-04-17 17:00:00,1650186000000,2.4490000000,2.4600000000,2.4490000000,2.4540000000,56288.0447950000,138185.2139218950,138185.2139218950,1,SRM-USDT
2022-04-17 18:00:00,1650189600000,2.4540000000,2.4600000000,2.4520000000,2.4600000000,31965.6009060000,78517.2762779480,78517.2762779480,1,SRM-USDT
2022-04-17 19:00:00,1650193200000,2.4630000000,2.4710000000,2.4440000000,2.4660000000,70413.3197790000,172918.5879770770,172918.5879770770,1,SRM-USDT
2022-04-17 20:00:00,1650196800000,2.4660000000,2.4730000000,2.4540000000,2.4610000000,29372.7624560000,72349.2828598770,72349.2828598770,1,SRM-USDT
2022-04-17 21:00:00,1650200400000,2.4610000000,2.5090000000,2.4590000000,2.4750000000,129227.1854430000,320852.9788374280,320852.9788374280,1,SRM-USDT
2022-04-17 22:00:00,1650204000000,2.4740000000,2.4890000000,2.4620000000,2.4860000000,94715.5657080000,234698.7531330990,234698.7531330990,1,SRM-USDT
2022-04-17 23:00:00,1650207600000,2.4860000000,2.5000000000,2.4780000000,2.4920000000,51253.5595230000,127447.8275643500,127447.8275643500,1,SRM-USDT
2022-04-18 00:00:00,1650211200000,2.4920000000,2.5010000000,2.4630000000,2.4660000000,67273.4185610000,167343.7624363080,167343.7624363080,1,SRM-USDT
2022-04-18 01:00:00,1650214800000,2.4640000000,2.4840000000,2.4510000000,2.4570000000,88952.0915940000,219736.5142739910,219736.5142739910,1,SRM-USDT
2022-04-18 02:00:00,1650218400000,2.4540000000,2.4630000000,2.4100000000,2.4170000000,236829.6174090000,574246.0891439010,574246.0891439010,1,SRM-USDT
2022-04-18 03:00:00,1650222000000,2.4170000000,2.4460000000,2.4100000000,2.4390000000,110056.7368210000,267672.7273877870,267672.7273877870,1,SRM-USDT
2022-04-18 04:00:00,1650225600000,2.4380000000,2.4440000000,2.4270000000,2.4280000000,59227.8067220000,144309.9557707930,144309.9557707930,1,SRM-USDT
2022-04-18 05:00:00,1650229200000,2.4230000000,2.4320000000,2.4130000000,2.4320000000,37316.0677340000,90351.3615062660,90351.3615062660,1,SRM-USDT
2022-04-18 06:00:00,1650232800000,2.4270000000,2.4340000000,2.4050000000,2.4100000000,92803.8109970000,224224.7192325030,224224.7192325030,1,SRM-USDT
2022-04-18 07:00:00,1650236400000,2.4080000000,2.4080000000,2.3400000000,2.3620000000,276686.7446680000,655187.2410621520,655187.2410621520,1,SRM-USDT
2022-04-18 08:00:00,1650240000000,2.3600000000,2.3680000000,2.3450000000,2.3560000000,115700.4257320000,272672.2336246700,272672.2336246700,1,SRM-USDT
2022-04-18 09:00:00,1650243600000,2.3560000000,2.3810000000,2.3480000000,2.3760000000,125618.3396500000,297082.2886853290,297082.2886853290,1,SRM-USDT
2022-04-18 10:00:00,1650247200000,2.3750000000,2.4060000000,2.3730000000,2.4000000000,109121.0711940000,260930.7258582860,260930.7258582860,1,SRM-USDT
2022-04-18 11:00:00,1650250800000,2.3940000000,2.3990000000,2.3790000000,2.3790000000,40942.4666960000,97805.8547486400,97805.8547486400,1,SRM-USDT
2022-04-18 12:00:00,1650254400000,2.3790000000,2.3810000000,2.2310000000,2.2370000000,299943.8453060000,686693.4657803760,686693.4657803760,1,SRM-USDT
2022-04-18 13:00:00,1650258000000,2.2350000000,2.2740000000,2.2260000000,2.2640000000,134889.0681450000,303571.3802123710,303571.3802123710,1,SRM-USDT
2022-04-18 14:00:00,1650261600000,2.2630000000,2.2780000000,2.2610000000,2.2680000000,48526.4884850000,110110.4717567960,110110.4717567960,1,SRM-USDT
2022-04-18 15:00:00,1650265200000,2.2680000000,2.2830000000,2.2400000000,2.2590000000,105594.1035530000,238897.1842845850,238897.1842845850,1,SRM-USDT
2022-04-18 16:00:00,1650268800000,2.2600000000,2.2730000000,2.2450000000,2.2470000000,63666.0660130000,144022.7023981800,144022.7023981800,1,SRM-USDT
2022-04-18 17:00:00,1650272400000,2.2490000000,2.2630000000,2.2390000000,2.2610000000,44714.9492480000,100756.3695866810,100756.3695866810,1,SRM-USDT
2022-04-18 18:00:00,1650276000000,2.2630000000,2.2760000000,2.2550000000,2.2640000000,47961.2193460000,108746.4437822490,108746.4437822490,1,SRM-USDT
2022-04-18 19:00:00,1650279600000,2.2640000000,2.2830000000,2.2610000000,2.2640000000,37154.3220440000,84375.5115081490,84375.5115081490,1,SRM-USDT
2022-04-18 20:00:00,1650283200000,2.2660000000,2.3100000000,2.2660000000,2.3050000000,138245.0477000000,317317.7362752800,317317.7362752800,1,SRM-USDT
2022-04-18 21:00:00,1650286800000,2.3060000000,2.3130000000,2.2790000000,2.2850000000,150417.1254230000,345439.9108050210,345439.9108050210,1,SRM-USDT
2022-04-18 22:00:00,1650290400000,2.2860000000,2.3130000000,2.2830000000,2.2950000000,69345.7454060000,159558.7772252940,159558.7772252940,1,SRM-USDT
2022-04-18 23:00:00,1650294000000,2.2970000000,2.3020000000,2.2750000000,2.2910000000,107056.4537830000,244609.6282990670,244609.6282990670,1,SRM-USDT
2022-04-19 00:00:00,1650297600000,2.2900000000,2.3070000000,2.2590000000,2.2900000000,131111.6518200000,299449.0860997390,299449.0860997390,1,SRM-USDT
2022-04-19 01:00:00,1650301200000,2.2910000000,2.3370000000,2.2880000000,2.3320000000,260578.8755870000,603317.9284953870,603317.9284953870,1,SRM-USDT
2022-04-19 02:00:00,1650304800000,2.3330000000,2.3700000000,2.3270000000,2.3590000000,220004.3976940000,517781.1014275170,517781.1014275170,1,SRM-USDT
2022-04-19 03:00:00,1650308400000,2.3590000000,2.3630000000,2.3340000000,2.3490000000,90640.1090520000,212833.1851694800,212833.1851694800,1,SRM-USDT
2022-04-19 04:00:00,1650312000000,2.3500000000,2.3600000000,2.3470000000,2.3480000000,36404.1006540000,85613.4293033150,85613.4293033150,1,SRM-USDT
2022-04-19 05:00:00,1650315600000,2.3500000000,2.3740000000,2.3500000000,2.3680000000,68985.5485940000,163116.0135744820,163116.0135744820,1,SRM-USDT
2022-04-19 06:00:00,1650319200000,2.3670000000,2.3830000000,2.3640000000,2.3820000000,74210.3991620000,176092.2547103190,176092.2547103190,1,SRM-USDT
2022-04-19 07:00:00,1650322800000,2.3830000000,2.3890000000,2.3770000000,2.3870000000,124158.7757800000,295968.8346116170,295968.8346116170,1,SRM-USDT
2022-04-19 08:00:00,1650326400000,2.3890000000,2.4260000000,2.3880000000,2.3990000000,120202.9188440000,289539.8599405500,289539.8599405500,1,SRM-USDT
2022-04-19 09:00:00,1650330000000,2.3990000000,2.4000000000,2.3660000000,2.3710000000,54947.5953560000,130943.1299534910,130943.1299534910,1,SRM-USDT
2022-04-19 10:00:00,1650333600000,2.3720000000,2.3740000000,2.3520000000,2.3540000000,83342.4742120000,197069.9952044310,197069.9952044310,1,SRM-USDT
2022-04-19 11:00:00,1650337200000,2.3540000000,2.3690000000,2.3540000000,2.3580000000,36225.4316500000,85565.3684593370,85565.3684593370,1,SRM-USDT
2022-04-19 12:00:00,1650340800000,2.3590000000,2.3840000000,2.3590000000,2.3840000000,34514.5984120000,81837.5852915260,81837.5852915260,1,SRM-USDT
2022-04-19 13:00:00,1650344400000,2.3860000000,2.3870000000,2.3700000000,2.3700000000,25145.0368960000,59806.5031696230,59806.5031696230,1,SRM-USDT
2022-04-19 14:00:00,1650348000000,2.3710000000,2.3900000000,2.3710000000,2.3760000000,78955.1251060000,187899.2135607450,187899.2135607450,1,SRM-USDT
2022-04-19 15:00:00,1650351600000,2.3750000000,2.3810000000,2.3590000000,2.3650000000,42221.4478440000,99987.8399354650,99987.8399354650,1,SRM-USDT
2022-04-19 16:00:00,1650355200000,2.3640000000,2.3820000000,2.3620000000,2.3750000000,37558.2692940000,89148.4041123370,89148.4041123370,1,SRM-USDT
2022-04-19 17:00:00,1650358800000,2.3740000000,2.3770000000,2.3560000000,2.3650000000,43077.0944360000,101791.8775351820,101791.8775351820,1,SRM-USDT
2022-04-19 18:00:00,1650362400000,2.3660000000,2.3970000000,2.3660000000,2.3950000000,55505.0199000000,132224.7001565240,132224.7001565240,1,SRM-USDT
2022-04-19 19:00:00,1650366000000,2.3960000000,2.4140000000,2.3910000000,2.3930000000,113438.0284200000,272579.6873813570,272579.6873813570,1,SRM-USDT
2022-04-19 20:00:00,1650369600000,2.3920000000,2.4190000000,2.3880000000,2.4170000000,68452.2138260000,164854.9416315140,164854.9416315140,1,SRM-USDT
2022-04-19 21:00:00,1650373200000,2.4190000000,2.4370000000,2.4040000000,2.4360000000,91957.0486420000,222693.8396466150,222693.8396466150,1,SRM-USDT
2022-04-19 22:00:00,1650376800000,2.4370000000,2.4630000000,2.4330000000,2.4560000000,171864.2995460000,420731.9168715550,420731.9168715550,1,SRM-USDT
2022-04-19 23:00:00,1650380400000,2.4550000000,2.4790000000,2.4350000000,2.4440000000,146067.8176690000,358346.4458207260,358346.4458207260,1,SRM-USDT
2022-04-20 00:00:00,1650384000000,2.4450000000,2.4850000000,2.4440000000,2.4630000000,145391.4235680000,358703.6605561760,358703.6605561760,1,SRM-USDT
2022-04-20 01:00:00,1650387600000,2.4630000000,2.4720000000,2.4380000000,2.4510000000,53259.9812830000,130814.4483428320,130814.4483428320,1,SRM-USDT
2022-04-20 02:00:00,1650391200000,2.4490000000,2.4550000000,2.4420000000,2.4450000000,34308.6257060000,84000.7764304920,84000.7764304920,1,SRM-USDT
2022-04-20 03:00:00,1650394800000,2.4460000000,2.4560000000,2.4380000000,2.4470000000,62426.7760240000,152771.8715174410,152771.8715174410,1,SRM-USDT
2022-04-20 04:00:00,1650398400000,2.4450000000,2.4490000000,2.4310000000,2.4480000000,54333.4555830000,132534.0327261490,132534.0327261490,1,SRM-USDT
2022-04-20 05:00:00,1650402000000,2.4490000000,2.4570000000,2.4410000000,2.4510000000,35284.8353330000,86447.6931263280,86447.6931263280,1,SRM-USDT
2022-04-20 06:00:00,1650405600000,2.4530000000,2.4730000000,2.4470000000,2.4570000000,98873.8439460000,243493.1378724870,243493.1378724870,1,SRM-USDT
2022-04-20 07:00:00,1650409200000,2.4590000000,2.4780000000,2.4570000000,2.4740000000,67518.1964040000,166799.2566323780,166799.2566323780,1,SRM-USDT
2022-04-20 08:00:00,1650412800000,2.4730000000,2.4760000000,2.4160000000,2.4330000000,113272.4029420000,276664.5792000730,276664.5792000730,1,SRM-USDT
2022-04-20 09:00:00,1650416400000,2.4360000000,2.4460000000,2.4240000000,2.4410000000,58021.3024450000,141448.2566503630,141448.2566503630,1,SRM-USDT
2022-04-20 10:00:00,1650420000000,2.4420000000,2.4500000000,2.4320000000,2.4430000000,93647.8459030000,228649.1648723720,228649.1648723720,1,SRM-USDT
2022-04-20 11:00:00,1650423600000,2.4450000000,2.4520000000,2.4360000000,2.4520000000,42449.9473920000,103833.7222022380,103833.7222022380,1,SRM-USDT
2022-04-20 12:00:00,1650427200000,2.4520000000,2.4640000000,2.4340000000,2.4400000000,61836.0143170000,151373.1300435400,151373.1300435400,1,SRM-USDT
2022-04-20 13:00:00,1650430800000,2.4400000000,2.4640000000,2.4330000000,2.4640000000,58709.9587350000,143648.4394946790,143648.4394946790,1,SRM-USDT
2022-04-20 14:00:00,1650434400000,2.4630000000,2.4630000000,2.4520000000,2.4590000000,29392.1219520000,72221.5957019030,72221.5957019030,1,SRM-USDT
2022-04-20 15:00:00,1650438000000,2.4610000000,2.4680000000,2.4400000000,2.4470000000,50282.1940730000,123364.1711033400,123364.1711033400,1,SRM-USDT
2022-04-20 16:00:00,1650441600000,2.4460000000,2.4700000000,2.4390000000,2.4690000000,47477.4005280000,116629.7001028280,116629.7001028280,1,SRM-USDT
2022-04-20 17:00:00,1650445200000,2.4690000000,2.4780000000,2.4590000000,2.4630000000,77540.1212100000,191314.6323300000,191314.6323300000,1,SRM-USDT
2022-04-20 18:00:00,1650448800000,2.4620000000,2.5090000000,2.4550000000,2.5030000000,138704.7905220000,344667.3348243690,344667.3348243690,1,SRM-USDT
2022-04-20 19:00:00,1650452400000,2.5050000000,2.5180000000,2.4900000000,2.5010000000,99954.7002920000,250295.4002841080,250295.4002841080,1,SRM-USDT
2022-04-20 20:00:00,1650456000000,2.5020000000,2.5170000000,2.4840000000,2.5060000000,119279.2400390000,298500.4860042470,298500.4860042470,1,SRM-USDT
2022-04-20 21:00:00,1650459600000,2.5040000000,2.5050000000,2.4250000000,2.4500000000,202238.4395170000,498117.2993825320,498117.2993825320,1,SRM-USDT
2022-04-20 22:00:00,1650463200000,2.4500000000,2.4560000000,2.4260000000,2.4280000000,96340.7537590000,235047.0629558620,235047.0629558620,1,SRM-USDT
2022-04-20 23:00:00,1650466800000,2.4280000000,2.4280000000,2.3830000000,2.4050000000,142197.8490020000,342147.7058496600,342147.7058496600,1,SRM-USDT
2022-04-21 00:00:00,1650470400000,2.4040000000,2.4200000000,2.3820000000,2.4130000000,108916.9743170000,261648.9514971460,261648.9514971460,1,SRM-USDT
2022-04-21 01:00:00,1650474000000,2.4140000000,2.4200000000,2.4040000000,2.4180000000,32258.5922950000,77788.6806940690,77788.6806940690,1,SRM-USDT
2022-04-21 02:00:00,1650477600000,2.4150000000,2.4170000000,2.3660000000,2.3770000000,114627.5413690000,272971.4862034030,272971.4862034030,1,SRM-USDT
2022-04-21 03:00:00,1650481200000,2.3760000000,2.3960000000,2.3750000000,2.3910000000,51490.9956810000,122972.5039320470,122972.5039320470,1,SRM-USDT
2022-04-21 04:00:00,1650484800000,2.3910000000,2.4170000000,2.3820000000,2.4150000000,68566.6136210000,164683.7710604530,164683.7710604530,1,SRM-USDT
2022-04-21 05:00:00,1650488400000,2.4160000000,2.4250000000,2.4100000000,2.4230000000,28523.4496220000,68968.4058384710,68968.4058384710,1,SRM-USDT
2022-04-21 06:00:00,1650492000000,2.4230000000,2.4390000000,2.4190000000,2.4230000000,37809.0356850000,91852.1664079180,91852.1664079180,1,SRM-USDT
2022-04-21 07:00:00,1650495600000,2.4230000000,2.4310000000,2.4080000000,2.4270000000,61861.6373480000,149644.3904622720,149644.3904622720,1,SRM-USDT
2022-04-21 08:00:00,1650499200000,2.4240000000,2.4940000000,2.4190000000,2.4790000000,132729.6555860000,326061.7906894920,326061.7906894920,1,SRM-USDT
2022-04-21 09:00:00,1650502800000,2.4810000000,2.6040000000,2.4810000000,2.5540000000,963680.4323660000,2457796.0167767862,2457796.0167767862,1,SRM-USDT
2022-04-21 10:00:00,1650506400000,2.5590000000,2.5640000000,2.5410000000,2.5460000000,146241.0344620000,372806.1217211270,372806.1217211270,1,SRM-USDT
2022-04-21 11:00:00,1650510000000,2.5470000000,2.5490000000,2.5180000000,2.5350000000,204197.2450180000,516057.6180207090,516057.6180207090,1,SRM-USDT
2022-04-21 12:00:00,1650513600000,2.5350000000,2.5940000000,2.5220000000,2.5700000000,179944.8420790000,460822.0240979330,460822.0240979330,1,SRM-USDT
2022-04-21 13:00:00,1650517200000,2.5690000000,2.6160000000,2.5390000000,2.5610000000,280028.3729020000,722757.8885917950,722757.8885917950,1,SRM-USDT
2022-04-21 14:00:00,1650520800000,2.5600000000,2.5840000000,2.5460000000,2.5510000000,162356.2739710000,416348.9554846120,416348.9554846120,1,SRM-USDT
2022-04-21 15:00:00,1650524400000,2.5520000000,2.5880000000,2.5350000000,2.5770000000,91970.1374120000,235533.9089744780,235533.9089744780,1,SRM-USDT
2022-04-21 16:00:00,1650528000000,2.5790000000,2.5940000000,2.5530000000,2.5570000000,232772.1395990000,598087.0405709790,598087.0405709790,1,SRM-USDT
2022-04-21 17:00:00,1650531600000,2.5570000000,2.5600000000,2.5020000000,2.5280000000,177413.3054450000,447079.0055795340,447079.0055795340,1,SRM-USDT
2022-04-21 18:00:00,1650535200000,2.5270000000,2.5800000000,2.5200000000,2.5620000000,180415.8375090000,461308.1157582160,461308.1157582160,1,SRM-USDT
2022-04-21 19:00:00,1650538800000,2.5630000000,2.6540000000,2.5590000000,2.5960000000,407537.3627450000,1062364.4111781479,1062364.4111781479,1,SRM-USDT
2022-04-21 20:00:00,1650542400000,2.5960000000,2.6140000000,2.5650000000,2.5760000000,183873.1532720000,475406.0315263150,475406.0315263150,1,SRM-USDT
2022-04-21 21:00:00,1650546000000,2.5770000000,2.6060000000,2.5670000000,2.5800000000,204240.9740830000,528056.7247980660,528056.7247980660,1,SRM-USDT
2022-04-21 22:00:00,1650549600000,2.5810000000,2.5920000000,2.5520000000,2.5820000000,234071.8446090000,601999.2085945560,601999.2085945560,1,SRM-USDT
2022-04-21 23:00:00,1650553200000,2.5820000000,2.5920000000,2.5470000000,2.5670000000,213542.3718830000,547597.6084736310,547597.6084736310,1,SRM-USDT
2022-04-22 00:00:00,1650556800000,2.5660000000,2.5730000000,2.5360000000,2.5370000000,132006.1029590000,337299.6878885860,337299.6878885860,1,SRM-USDT
2022-04-22 01:00:00,1650560400000,2.5350000000,2.5640000000,2.5350000000,2.5470000000,135046.3028500000,344368.2822675540,344368.2822675540,1,SRM-USDT
2022-04-22 02:00:00,1650564000000,2.5480000000,2.5550000000,2.5310000000,2.5330000000,64425.4932710000,163848.3884349350,163848.3884349350,1,SRM-USDT
2022-04-22 03:00:00,1650567600000,2.5310000000,2.5310000000,2.4930000000,2.4970000000,112319.5302550000,281901.4081675760,281901.4081675760,1,SRM-USDT
2022-04-22 04:00:00,1650571200000,2.4980000000,2.5010000000,2.4270000000,2.4400000000,288527.3781230000,707805.4964388420,707805.4964388420,1,SRM-USDT
2022-04-22 05:00:00,1650574800000,2.4370000000,2.4600000000,2.4270000000,2.4460000000,118132.8139130000,288807.4379564030,288807.4379564030,1,SRM-USDT
2022-04-22 06:00:00,1650578400000,2.4440000000,2.4780000000,2.3800000000,2.4280000000,476599.0782870000,1159792.7329531219,1159792.7329531219,1,SRM-USDT
2022-04-22 07:00:00,1650582000000,2.4230000000,2.4480000000,2.4220000000,2.4400000000,140697.5876300000,342780.4366223310,342780.4366223310,1,SRM-USDT
2022-04-22 08:00:00,1650585600000,2.4380000000,2.4730000000,2.4180000000,2.4500000000,123573.2378550000,301795.8849479260,301795.8849479260,1,SRM-USDT
2022-04-22 09:00:00,1650589200000,2.4510000000,2.4770000000,2.4480000000,2.4680000000,152313.9598480000,375037.7621864250,375037.7621864250,1,SRM-USDT
2022-04-22 10:00:00,1650592800000,2.4670000000,2.4790000000,2.4510000000,2.4590000000,45436.5515100000,112254.9336118240,112254.9336118240,1,SRM-USDT
2022-04-22 11:00:00,1650596400000,2.4610000000,2.4820000000,2.4550000000,2.4710000000,43935.8287650000,108639.9874559700,108639.9874559700,1,SRM-USDT
2022-04-22 12:00:00,1650600000000,2.4710000000,2.5110000000,2.4710000000,2.5090000000,70975.7691590000,176870.3446164680,176870.3446164680,1,SRM-USDT
2022-04-22 13:00:00,1650603600000,2.5090000000,2.5390000000,2.5020000000,2.5150000000,135456.5861150000,341518.3483305050,341518.3483305050,1,SRM-USDT
2022-04-22 14:00:00,1650607200000,2.5160000000,2.5550000000,2.5160000000,2.5420000000,103499.8039820000,262752.6905196320,262752.6905196320,1,SRM-USDT
2022-04-22 15:00:00,1650610800000,2.5430000000,2.5450000000,2.4800000000,2.5160000000,203985.2027630000,512060.5720835290,512060.5720835290,1,SRM-USDT
2022-04-22 16:00:00,1650614400000,2.5140000000,2.5360000000,2.4870000000,2.4910000000,95045.4302430000,238864.9181428030,238864.9181428030,1,SRM-USDT
2022-04-22 17:00:00,1650618000000,2.4930000000,2.4960000000,2.4570000000,2.4620000000,99753.8657220000,246856.8874368260,246856.8874368260,1,SRM-USDT
2022-04-22 18:00:00,1650621600000,2.4610000000,2.4810000000,2.4450000000,2.4730000000,91740.0243690000,225675.0535224160,225675.0535224160,1,SRM-USDT
2022-04-22 19:00:00,1650625200000,2.4740000000,2.4920000000,2.4690000000,2.4860000000,61694.1607320000,152948.5625579040,152948.5625579040,1,SRM-USDT
2022-04-22 20:00:00,1650628800000,2.4850000000,2.4910000000,2.4640000000,2.4650000000,38354.2052890000,95055.8424997160,95055.8424997160,1,SRM-USDT
2022-04-22 21:00:00,1650632400000,2.4660000000,2.4870000000,2.4330000000,2.4400000000,112778.6254410000,276728.5048644510,276728.5048644510,1,SRM-USDT
2022-04-22 22:00:00,1650636000000,2.4400000000,2.4610000000,2.4110000000,2.4200000000,186933.7645470000,453959.5172195000,453959.5172195000,1,SRM-USDT
2022-04-22 23:00:00,1650639600000,2.4220000000,2.4340000000,2.3900000000,2.3930000000,159223.8150360000,383386.5250316530,383386.5250316530,1,SRM-USDT
2022-04-23 00:00:00,1650643200000,2.3950000000,2.4140000000,2.3840000000,2.4010000000,134471.7304360000,322973.6384190420,322973.6384190420,1,SRM-USDT
2022-04-23 01:00:00,1650646800000,2.4010000000,2.4220000000,2.3960000000,2.4040000000,45411.3393870000,109354.7691932420,109354.7691932420,1,SRM-USDT
2022-04-23 02:00:00,1650650400000,2.4040000000,2.4300000000,2.3950000000,2.4190000000,68660.9658460000,165972.0293927800,165972.0293927800,1,SRM-USDT
2022-04-23 03:00:00,1650654000000,2.4180000000,2.4360000000,2.4110000000,2.4170000000,68206.0765260000,165196.5200354810,165196.5200354810,1,SRM-USDT
2022-04-23 04:00:00,1650657600000,2.4180000000,2.4330000000,2.4150000000,2.4330000000,44430.1951650000,107695.6531530390,107695.6531530390,1,SRM-USDT
2022-04-23 05:00:00,1650661200000,2.4320000000,2.4370000000,2.4260000000,2.4320000000,41232.6379950000,100279.0617430580,100279.0617430580,1,SRM-USDT
2022-04-23 06:00:00,1650664800000,2.4320000000,2.4320000000,2.4060000000,2.4270000000,84125.3132550000,203466.0288893760,203466.0288893760,1,SRM-USDT
2022-04-23 07:00:00,1650668400000,2.4270000000,2.4420000000,2.4240000000,2.4340000000,35529.7472460000,86437.7855238970,86437.7855238970,1,SRM-USDT
2022-04-23 08:00:00,1650672000000,2.4330000000,2.4440000000,2.3950000000,2.3970000000,53326.7589310000,128986.7116702600,128986.7116702600,1,SRM-USDT
2022-04-23 09:00:00,1650675600000,2.3980000000,2.4170000000,2.3980000000,2.4080000000,46433.4718210000,111791.5919026130,111791.5919026130,1,SRM-USDT
2022-04-23 10:00:00,1650679200000,2.4070000000,2.4070000000,2.3610000000,2.3710000000,132721.5795300000,316342.8325326500,316342.8325326500,1,SRM-USDT
2022-04-23 11:00:00,1650682800000,2.3720000000,2.3740000000,2.3540000000,2.3590000000,57976.6221330000,136937.8645519480,136937.8645519480,1,SRM-USDT
2022-04-23 12:00:00,1650686400000,2.3590000000,2.3740000000,2.3270000000,2.3580000000,142630.8612870000,334725.2596883400,334725.2596883400,1,SRM-USDT
2022-04-23 13:00:00,1650690000000,2.3580000000,2.3770000000,2.3540000000,2.3690000000,35180.2301280000,83260.1157204020,83260.1157204020,1,SRM-USDT
2022-04-23 14:00:00,1650693600000,2.3690000000,2.3790000000,2.3660000000,2.3740000000,21381.3008320000,50767.9692537790,50767.9692537790,1,SRM-USDT
2022-04-23 15:00:00,1650697200000,2.3730000000,2.3790000000,2.3730000000,2.3750000000,13701.6241680000,32548.8191198330,32548.8191198330,1,SRM-USDT
2022-04-23 16:00:00,1650700800000,2.3750000000,2.3960000000,2.3670000000,2.3870000000,35636.1785750000,84909.3973937290,84909.3973937290,1,SRM-USDT
2022-04-23 17:00:00,1650704400000,2.3880000000,2.3920000000,2.3800000000,2.3840000000,43964.5675540000,104851.5739953930,104851.5739953930,1,SRM-USDT
2022-04-23 18:00:00,1650708000000,2.3850000000,2.3900000000,2.3820000000,2.3900000000,34534.4674510000,82377.8728573440,82377.8728573440,1,SRM-USDT
2022-04-23 19:00:00,1650711600000,2.3890000000,2.3940000000,2.3830000000,2.3850000000,34624.1512720000,82772.5643695550,82772.5643695550,1,SRM-USDT
2022-04-23 20:00:00,1650715200000,2.3850000000,2.3910000000,2.3630000000,2.3870000000,26569.6184380000,63268.1014365870,63268.1014365870,1,SRM-USDT
2022-04-23 21:00:00,1650718800000,2.3860000000,2.3970000000,2.3860000000,2.3910000000,17230.5304160000,41206.6233852770,41206.6233852770,1,SRM-USDT
2022-04-23 22:00:00,1650722400000,2.3940000000,2.4030000000,2.3880000000,2.3980000000,27917.3880580000,66871.6916407810,66871.6916407810,1,SRM-USDT
2022-04-23 23:00:00,1650726000000,2.3970000000,2.4020000000,2.3820000000,2.3880000000,28487.9678790000,68173.9568395550,68173.9568395550,1,SRM-USDT
2022-04-24 00:00:00,1650729600000,2.3890000000,2.4060000000,2.3780000000,2.3960000000,84931.1011470000,203389.4268137080,203389.4268137080,1,SRM-USDT
2022-04-24 01:00:00,1650733200000,2.3950000000,2.3950000000,2.3800000000,2.3870000000,25371.2327450000,60493.2155028810,60493.2155028810,1,SRM-USDT
2022-04-24 02:00:00,1650736800000,2.3880000000,2.3880000000,2.3710000000,2.3760000000,13872.2932380000,32993.7555326920,32993.7555326920,1,SRM-USDT
2022-04-24 03:00:00,1650740400000,2.3760000000,2.3790000000,2.3690000000,2.3760000000,17662.9224640000,41917.1527144550,41917.1527144550,1,SRM-USDT
2022-04-24 04:00:00,1650744000000,2.3770000000,2.3830000000,2.3730000000,2.3810000000,17157.3345120000,40791.8372196590,40791.8372196590,1,SRM-USDT
2022-04-24 05:00:00,1650747600000,2.3820000000,2.3850000000,2.3810000000,2.3810000000,13298.2293430000,31686.0017247930,31686.0017247930,1,SRM-USDT
2022-04-24 06:00:00,1650751200000,2.3810000000,2.3890000000,2.3740000000,2.3740000000,24946.0541560000,59394.9404718120,59394.9404718120,1,SRM-USDT
2022-04-24 07:00:00,1650754800000,2.3750000000,2.3860000000,2.3420000000,2.3510000000,91445.3072390000,216325.1989730130,216325.1989730130,1,SRM-USDT
2022-04-24 08:00:00,1650758400000,2.3540000000,2.3840000000,2.3540000000,2.3620000000,109660.8235480000,259615.4182977290,259615.4182977290,1,SRM-USDT
2022-04-24 09:00:00,1650762000000,2.3610000000,2.3760000000,2.3510000000,2.3540000000,45052.4413580000,106530.8096780140,106530.8096780140,1,SRM-USDT
2022-04-24 10:00:00,1650765600000,2.3530000000,2.3950000000,2.3480000000,2.3610000000,165194.9435830000,392877.8280433450,392877.8280433450,1,SRM-USDT
2022-04-24 11:00:00,1650769200000,2.3610000000,2.3830000000,2.3580000000,2.3820000000,63709.1372720000,150988.1217616170,150988.1217616170,1,SRM-USDT
2022-04-24 12:00:00,1650772800000,2.3820000000,2.3890000000,2.3710000000,2.3750000000,36220.7215550000,86235.4077131510,86235.4077131510,1,SRM-USDT
2022-04-24 13:00:00,1650776400000,2.3730000000,2.3770000000,2.3680000000,2.3720000000,14128.6078500000,33514.6013821240,33514.6013821240,1,SRM-USDT
2022-04-24 14:00:00,1650780000000,2.3710000000,2.3850000000,2.3710000000,2.3750000000,18057.3515560000,42910.1106200120,42910.1106200120,1,SRM-USDT
2022-04-24 15:00:00,1650783600000,2.3760000000,2.3780000000,2.3680000000,2.3700000000,11095.3652160000,26330.3353417820,26330.3353417820,1,SRM-USDT
2022-04-24 16:00:00,1650787200000,2.3710000000,2.3800000000,2.3710000000,2.3740000000,48850.2577990000,115977.8900144660,115977.8900144660,1,SRM-USDT
2022-04-24 17:00:00,1650790800000,2.3740000000,2.3820000000,2.3660000000,2.3750000000,39768.9589880000,94373.7629549440,94373.7629549440,1,SRM-USDT
2022-04-24 18:00:00,1650794400000,2.3750000000,2.3880000000,2.3720000000,2.3740000000,36462.2998060000,86846.0512113710,86846.0512113710,1,SRM-USDT
2022-04-24 19:00:00,1650798000000,2.3740000000,2.3770000000,2.3420000000,2.3490000000,82327.3563390000,193702.9364003250,193702.9364003250,1,SRM-USDT
2022-04-24 20:00:00,1650801600000,2.3480000000,2.3600000000,2.3380000000,2.3440000000,30718.4209880000,72171.0327484200,72171.0327484200,1,SRM-USDT
2022-04-24 21:00:00,1650805200000,2.3430000000,2.3430000000,2.3060000000,2.3270000000,148576.5091600000,345460.3804838210,345460.3804838210,1,SRM-USDT
2022-04-24 22:00:00,1650808800000,2.3270000000,2.3490000000,2.3070000000,2.3390000000,61834.4794260000,143922.3918384510,143922.3918384510,1,SRM-USDT
2022-04-24 23:00:00,1650812400000,2.3420000000,2.3470000000,2.3260000000,2.3400000000,33296.4050090000,77872.3039696720,77872.3039696720,1,SRM-USDT
2022-04-25 00:00:00,1650816000000,2.3410000000,2.3450000000,2.2960000000,2.3240000000,127939.3602840000,296459.0241699950,296459.0241699950,1,SRM-USDT
2022-04-25 01:00:00,1650819600000,2.3180000000,2.3180000000,2.2960000000,2.3020000000,41328.1563650000,95215.7496707060,95215.7496707060,1,SRM-USDT
2022-04-25 02:00:00,1650823200000,2.3020000000,2.3290000000,2.3020000000,2.3280000000,32970.6607260000,76376.2091824970,76376.2091824970,1,SRM-USDT
2022-04-25 03:00:00,1650826800000,2.3280000000,2.3390000000,2.3280000000,2.3320000000,23416.9729160000,54656.6252860510,54656.6252860510,1,SRM-USDT
2022-04-25 04:00:00,1650830400000,2.3350000000,2.3370000000,2.3140000000,2.3160000000,57118.2296450000,132662.5968973690,132662.5968973690,1,SRM-USDT
2022-04-25 05:00:00,1650834000000,2.3150000000,2.3340000000,2.3120000000,2.3340000000,21183.9417860000,49187.0742294650,49187.0742294650,1,SRM-USDT
2022-04-25 06:00:00,1650837600000,2.3320000000,2.3400000000,2.3170000000,2.3200000000,33518.1676660000,78077.2007285230,78077.2007285230,1,SRM-USDT
2022-04-25 07:00:00,1650841200000,2.3190000000,2.3280000000,2.3050000000,2.3080000000,43160.4450100000,99997.6596335410,99997.6596335410,1,SRM-USDT
2022-04-25 08:00:00,1650844800000,2.3070000000,2.3130000000,2.2120000000,2.2280000000,315042.3951760000,710025.0528777640,710025.0528777640,1,SRM-USDT
2022-04-25 09:00:00,1650848400000,2.2280000000,2.2410000000,2.2170000000,2.2330000000,91686.2742080000,204223.4151013680,204223.4151013680,1,SRM-USDT
2022-04-25 10:00:00,1650852000000,2.2340000000,2.2420000000,2.2260000000,2.2400000000,61289.7875280000,136799.5393797270,136799.5393797270,1,SRM-USDT
2022-04-25 11:00:00,1650855600000,2.2400000000,2.2580000000,2.2400000000,2.2540000000,38395.6970000000,86459.1526668080,86459.1526668080,1,SRM-USDT
2022-04-25 12:00:00,1650859200000,2.2540000000,2.2550000000,2.2420000000,2.2430000000,17282.3810260000,38841.5650756690,38841.5650756690,1,SRM-USDT
2022-04-25 13:00:00,1650862800000,2.2440000000,2.2480000000,2.2140000000,2.2180000000,61671.2344380000,137403.6263313620,137403.6263313620,1,SRM-USDT
2022-04-25 14:00:00,1650866400000,2.2190000000,2.2210000000,2.1610000000,2.1650000000,305581.0507630000,669318.4181606920,669318.4181606920,1,SRM-USDT
2022-04-25 15:00:00,1650870000000,2.1640000000,2.1660000000,2.1220000000,2.1250000000,423646.2350460000,907612.2617184210,907612.2617184210,1,SRM-USDT
2022-04-25 16:00:00,1650873600000,2.1240000000,2.1410000000,2.1180000000,2.1210000000,83045.1632730000,176697.5567746360,176697.5567746360,1,SRM-USDT
2022-04-25 17:00:00,1650877200000,2.1210000000,2.1480000000,2.1150000000,2.1460000000,111043.3102720000,236778.0855469260,236778.0855469260,1,SRM-USDT
2022-04-25 18:00:00,1650880800000,2.1460000000,2.1500000000,2.1350000000,2.1380000000,27151.3475220000,58171.0166837430,58171.0166837430,1,SRM-USDT
2022-04-25 19:00:00,1650884400000,2.1380000000,2.1770000000,2.1260000000,2.1770000000,97595.7452770000,210426.0041195370,210426.0041195370,1,SRM-USDT
2022-04-25 20:00:00,1650888000000,2.1750000000,2.1890000000,2.1700000000,2.1790000000,51333.1902950000,111989.9842882330,111989.9842882330,1,SRM-USDT
2022-04-25 21:00:00,1650891600000,2.1790000000,2.1980000000,2.1550000000,2.1730000000,97676.7302970000,212856.7818444140,212856.7818444140,1,SRM-USDT
2022-04-25 22:00:00,1650895200000,2.1700000000,2.2060000000,2.1610000000,2.1920000000,96694.0647060000,211567.2135691490,211567.2135691490,1,SRM-USDT
2022-04-25 23:00:00,1650898800000,2.1950000000,2.2100000000,2.1840000000,2.1890000000,87111.1867140000,191430.2114326150,191430.2114326150,1,SRM-USDT
2022-04-26 00:00:00,1650902400000,2.1880000000,2.2310000000,2.1810000000,2.2240000000,89529.7821390000,198446.4260951020,198446.4260951020,1,SRM-USDT
2022-04-26 01:00:00,1650906000000,2.2260000000,2.2340000000,2.2180000000,2.2200000000,34148.0414090000,75988.5666093930,75988.5666093930,1,SRM-USDT
2022-04-26 02:00:00,1650909600000,2.2190000000,2.2540000000,2.2110000000,2.2390000000,83994.1090390000,188001.0658712460,188001.0658712460,1,SRM-USDT
2022-04-26 03:00:00,1650913200000,2.2410000000,2.2680000000,2.2340000000,2.2660000000,133664.7962910000,300941.5944214110,300941.5944214110,1,SRM-USDT
2022-04-26 04:00:00,1650916800000,2.2640000000,2.2690000000,2.2560000000,2.2620000000,44861.7681480000,101570.5480016750,101570.5480016750,1,SRM-USDT
2022-04-26 05:00:00,1650920400000,2.2630000000,2.2670000000,2.2560000000,2.2650000000,38019.9991360000,85975.0413393680,85975.0413393680,1,SRM-USDT
2022-04-26 06:00:00,1650924000000,2.2700000000,2.2850000000,2.2620000000,2.2800000000,75515.6295660000,171525.9780074920,171525.9780074920,1,SRM-USDT
2022-04-26 07:00:00,1650927600000,2.2820000000,2.2840000000,2.2750000000,2.2760000000,32721.2222010000,74621.6698758080,74621.6698758080,1,SRM-USDT
2022-04-26 08:00:00,1650931200000,2.2750000000,2.2910000000,2.2630000000,2.2860000000,78091.2682280000,177877.6388811180,177877.6388811180,1,SRM-USDT
2022-04-26 09:00:00,1650934800000,2.2860000000,2.2860000000,2.2610000000,2.2630000000,54011.5616930000,122913.1417702350,122913.1417702350,1,SRM-USDT
2022-04-26 10:00:00,1650938400000,2.2620000000,2.2630000000,2.2470000000,2.2530000000,50106.7586270000,113141.2252379580,113141.2252379580,1,SRM-USDT
2022-04-26 11:00:00,1650942000000,2.2520000000,2.2590000000,2.2510000000,2.2590000000,33227.6688910000,74933.0935137300,74933.0935137300,1,SRM-USDT
2022-04-26 12:00:00,1650945600000,2.2600000000,2.2890000000,2.2560000000,2.2870000000,44514.9398440000,101065.4161126110,101065.4161126110,1,SRM-USDT
2022-04-26 13:00:00,1650949200000,2.2880000000,2.2900000000,2.2780000000,2.2860000000,26555.1258610000,60661.4320208940,60661.4320208940,1,SRM-USDT
2022-04-26 14:00:00,1650952800000,2.2840000000,2.2860000000,2.2640000000,2.2640000000,40617.0792990000,92213.0494933810,92213.0494933810,1,SRM-USDT
2022-04-26 15:00:00,1650956400000,2.2660000000,2.2890000000,2.2550000000,2.2810000000,42803.0404880000,97419.8934198620,97419.8934198620,1,SRM-USDT
2022-04-26 16:00:00,1650960000000,2.2810000000,2.2950000000,2.2750000000,2.2830000000,31574.3499990000,72115.0501654480,72115.0501654480,1,SRM-USDT
2022-04-26 17:00:00,1650963600000,2.2810000000,2.2810000000,2.2580000000,2.2630000000,79085.9016100000,179409.6499155680,179409.6499155680,1,SRM-USDT
2022-04-26 18:00:00,1650967200000,2.2630000000,2.2680000000,2.2540000000,2.2560000000,29046.6911100000,65700.6228353140,65700.6228353140,1,SRM-USDT
2022-04-26 19:00:00,1650970800000,2.2550000000,2.2640000000,2.2390000000,2.2560000000,69974.6928060000,157411.2082762950,157411.2082762950,1,SRM-USDT
2022-04-26 20:00:00,1650974400000,2.2560000000,2.2710000000,2.2290000000,2.2380000000,60850.0232460000,137078.3777170240,137078.3777170240,1,SRM-USDT
2022-04-26 21:00:00,1650978000000,2.2380000000,2.2430000000,2.1940000000,2.1940000000,154113.8998260000,341198.1402939210,341198.1402939210,1,SRM-USDT
2022-04-26 22:00:00,1650981600000,2.1940000000,2.2040000000,2.1590000000,2.1610000000,143097.5486270000,312612.7664281500,312612.7664281500,1,SRM-USDT
2022-04-26 23:00:00,1650985200000,2.1610000000,2.1760000000,2.1350000000,2.1370000000,88613.8965500000,191110.9575876090,191110.9575876090,1,SRM-USDT
2022-04-27 00:00:00,1650988800000,2.1370000000,2.1550000000,2.1240000000,2.1520000000,103893.1341660000,222607.2391023280,222607.2391023280,1,SRM-USDT
2022-04-27 01:00:00,1650992400000,2.1530000000,2.1530000000,2.1190000000,2.1390000000,98196.3852920000,209374.4250203950,209374.4250203950,1,SRM-USDT
2022-04-27 02:00:00,1650996000000,2.1350000000,2.1440000000,2.1220000000,2.1350000000,62752.9583580000,133883.5046650380,133883.5046650380,1,SRM-USDT
2022-04-27 03:00:00,1650999600000,2.1370000000,2.1440000000,2.0850000000,2.1070000000,114189.2859720000,241126.1462534990,241126.1462534990,1,SRM-USDT
2022-04-27 04:00:00,1651003200000,2.1080000000,2.1180000000,2.0790000000,2.1000000000,142705.1154340000,298840.1370246350,298840.1370246350,1,SRM-USDT
2022-04-27 05:00:00,1651006800000,2.1000000000,2.1290000000,2.0940000000,2.1250000000,47702.7319180000,100616.9478245450,100616.9478245450,1,SRM-USDT
2022-04-27 06:00:00,1651010400000,2.1250000000,2.1450000000,2.1140000000,2.1160000000,66135.1757560000,140569.6514979380,140569.6514979380,1,SRM-USDT
2022-04-27 07:00:00,1651014000000,2.1160000000,2.1200000000,2.0640000000,2.0930000000,155014.4031140000,323368.6210104460,323368.6210104460,1,SRM-USDT
2022-04-27 08:00:00,1651017600000,2.0920000000,2.1050000000,2.0720000000,2.0950000000,65074.1175140000,136198.0331377870,136198.0331377870,1,SRM-USDT
2022-04-27 09:00:00,1651021200000,2.1000000000,2.1690000000,2.0990000000,2.1390000000,299646.4029940000,641536.1706284430,641536.1706284430,1,SRM-USDT
2022-04-27 10:00:00,1651024800000,2.1390000000,2.1420000000,2.1260000000,2.1340000000,61316.2979830000,130803.3772263830,130803.3772263830,1,SRM-USDT
2022-04-27 11:00:00,1651028400000,2.1350000000,2.1400000000,2.1200000000,2.1200000000,72440.1644730000,154280.2888594420,154280.2888594420,1,SRM-USDT
2022-04-27 12:00:00,1651032000000,2.1200000000,2.1420000000,2.1200000000,2.1340000000,27256.3380020000,58061.2005026070,58061.2005026070,1,SRM-USDT
2022-04-27 13:00:00,1651035600000,2.1360000000,2.1500000000,2.1330000000,2.1390000000,31236.1621630000,66938.2685765470,66938.2685765470,1,SRM-USDT
2022-04-27 14:00:00,1651039200000,2.1370000000,2.1580000000,2.1350000000,2.1570000000,38692.3778660000,83116.4409878570,83116.4409878570,1,SRM-USDT
2022-04-27 15:00:00,1651042800000,2.1580000000,2.1670000000,2.1470000000,2.1670000000,75028.2160810000,161894.8669937490,161894.8669937490,1,SRM-USDT
2022-04-27 16:00:00,1651046400000,2.1670000000,2.1770000000,2.1330000000,2.1530000000,93249.1541420000,200950.3949560880,200950.3949560880,1,SRM-USDT
2022-04-27 17:00:00,1651050000000,2.1510000000,2.1580000000,2.1420000000,2.1530000000,58802.6904440000,126435.1742551470,126435.1742551470,1,SRM-USDT
2022-04-27 18:00:00,1651053600000,2.1540000000,2.1550000000,2.1400000000,2.1470000000,25797.0779530000,55372.0007900950,55372.0007900950,1,SRM-USDT
2022-04-27 19:00:00,1651057200000,2.1470000000,2.1470000000,2.1080000000,2.1270000000,79763.0784810000,169344.3120544390,169344.3120544390,1,SRM-USDT
2022-04-27 20:00:00,1651060800000,2.1300000000,2.1400000000,2.1120000000,2.1120000000,49921.3437150000,106276.7602068340,106276.7602068340,1,SRM-USDT
2022-04-27 21:00:00,1651064400000,2.1150000000,2.1630000000,2.1050000000,2.1500000000,127759.6700370000,273313.7814051380,273313.7814051380,1,SRM-USDT
2022-04-27 22:00:00,1651068000000,2.1520000000,2.1550000000,2.1060000000,2.1200000000,147166.6286120000,312296.8003675450,312296.8003675450,1,SRM-USDT
2022-04-27 23:00:00,1651071600000,2.1200000000,2.1380000000,2.1140000000,2.1330000000,109012.5527680000,231919.7520568310,231919.7520568310,1,SRM-USDT
2022-04-28 00:00:00,1651075200000,2.1320000000,2.1480000000,2.1240000000,2.1270000000,97034.9948250000,207703.9847891880,207703.9847891880,1,SRM-USDT
2022-04-28 01:00:00,1651078800000,2.1270000000,2.1350000000,2.1150000000,2.1320000000,59366.6813200000,126159.6262650120,126159.6262650120,1,SRM-USDT
2022-04-28 02:00:00,1651082400000,2.1330000000,2.1350000000,2.1080000000,2.1120000000,35830.9057880000,76033.7246596710,76033.7246596710,1,SRM-USDT
2022-04-28 03:00:00,1651086000000,2.1110000000,2.1130000000,2.0940000000,2.1090000000,63652.4889010000,133897.5602260210,133897.5602260210,1,SRM-USDT
2022-04-28 04:00:00,1651089600000,2.1060000000,2.1270000000,2.1050000000,2.1190000000,37949.3073080000,80433.9785974520,80433.9785974520,1,SRM-USDT
2022-04-28 05:00:00,1651093200000,2.1180000000,2.1310000000,2.1150000000,2.1290000000,41172.2479300000,87441.8060388260,87441.8060388260,1,SRM-USDT
2022-04-28 06:00:00,1651096800000,2.1290000000,2.1370000000,2.1220000000,2.1310000000,27679.5256960000,58965.3887916470,58965.3887916470,1,SRM-USDT
2022-04-28 07:00:00,1651100400000,2.1320000000,2.1490000000,2.1320000000,2.1450000000,20771.6393010000,44532.5270953600,44532.5270953600,1,SRM-USDT
2022-04-28 08:00:00,1651104000000,2.1450000000,2.1490000000,2.1280000000,2.1430000000,41614.9123030000,89054.3078516550,89054.3078516550,1,SRM-USDT
2022-04-28 09:00:00,1651107600000,2.1430000000,2.1590000000,2.1270000000,2.1300000000,47297.2317650000,101479.5573946030,101479.5573946030,1,SRM-USDT
2022-04-28 10:00:00,1651111200000,2.1300000000,2.1550000000,2.1280000000,2.1450000000,29033.5560090000,62270.9365017840,62270.9365017840,1,SRM-USDT
2022-04-28 11:00:00,1651114800000,2.1440000000,2.1480000000,2.1330000000,2.1330000000,28686.4756920000,61468.4865888990,61468.4865888990,1,SRM-USDT
2022-04-28 12:00:00,1651118400000,2.1340000000,2.1440000000,2.1330000000,2.1440000000,14041.0521120000,30033.9337333520,30033.9337333520,1,SRM-USDT
2022-04-28 13:00:00,1651122000000,2.1430000000,2.1450000000,2.1250000000,2.1310000000,15781.1573840000,33671.3629833390,33671.3629833390,1,SRM-USDT
2022-04-28 14:00:00,1651125600000,2.1300000000,2.1470000000,2.1260000000,2.1420000000,31335.2154860000,66929.0870610060,66929.0870610060,1,SRM-USDT
2022-04-28 15:00:00,1651129200000,2.1420000000,2.2190000000,2.1400000000,2.1880000000,317067.6104300000,693832.7312484010,693832.7312484010,1,SRM-USDT
2022-04-28 16:00:00,1651132800000,2.1860000000,2.2150000000,2.1540000000,2.2060000000,226371.3222570000,495119.5082481570,495119.5082481570,1,SRM-USDT
2022-04-28 17:00:00,1651136400000,2.2070000000,2.2570000000,2.2060000000,2.2540000000,173979.8117240000,389651.1164845360,389651.1164845360,1,SRM-USDT
2022-04-28 18:00:00,1651140000000,2.2530000000,2.2600000000,2.2220000000,2.2220000000,221818.7635200000,496909.7446370320,496909.7446370320,1,SRM-USDT
2022-04-28 19:00:00,1651143600000,2.2220000000,2.2290000000,2.2150000000,2.2160000000,93561.0095570000,207762.0919569300,207762.0919569300,1,SRM-USDT
2022-04-28 20:00:00,1651147200000,2.2170000000,2.2310000000,2.1920000000,2.1990000000,113059.6371240000,250419.4229829510,250419.4229829510,1,SRM-USDT
2022-04-28 21:00:00,1651150800000,2.1980000000,2.2030000000,2.1540000000,2.1590000000,216045.8679090000,471399.0889746890,471399.0889746890,1,SRM-USDT
2022-04-28 22:00:00,1651154400000,2.1580000000,2.1580000000,2.1290000000,2.1520000000,185255.5262740000,396772.9527106080,396772.9527106080,1,SRM-USDT
2022-04-28 23:00:00,1651158000000,2.1510000000,2.1930000000,2.1290000000,2.1470000000,83263.6698400000,179448.1682783620,179448.1682783620,1,SRM-USDT
2022-04-29 00:00:00,1651161600000,2.1470000000,2.1660000000,2.1280000000,2.1630000000,62223.5392610000,133736.2521849160,133736.2521849160,1,SRM-USDT
2022-04-29 01:00:00,1651165200000,2.1650000000,2.1860000000,2.1570000000,2.1860000000,47263.0973920000,102591.6276512800,102591.6276512800,1,SRM-USDT
2022-04-29 02:00:00,1651168800000,2.1870000000,2.1880000000,2.1680000000,2.1690000000,44984.5560360000,97902.2375863330,97902.2375863330,1,SRM-USDT
2022-04-29 03:00:00,1651172400000,2.1710000000,2.1810000000,2.1510000000,2.1570000000,26032.7821790000,56393.9771292400,56393.9771292400,1,SRM-USDT
2022-04-29 04:00:00,1651176000000,2.1570000000,2.1760000000,2.1450000000,2.1710000000,84583.1394680000,182703.8954134400,182703.8954134400,1,SRM-USDT
2022-04-29 05:00:00,1651179600000,2.1710000000,2.1790000000,2.1540000000,2.1620000000,31710.3634920000,68647.9808275690,68647.9808275690,1,SRM-USDT
2022-04-29 06:00:00,1651183200000,2.1630000000,2.1680000000,2.1470000000,2.1560000000,40436.1146510000,87104.8616953880,87104.8616953880,1,SRM-USDT
2022-04-29 07:00:00,1651186800000,2.1560000000,2.1700000000,2.1490000000,2.1600000000,20129.8098470000,43484.3363121730,43484.3363121730,1,SRM-USDT
2022-04-29 08:00:00,1651190400000,2.1590000000,2.2010000000,2.1420000000,2.1510000000,228150.9711430000,494164.2532784720,494164.2532784720,1,SRM-USDT
2022-04-29 09:00:00,1651194000000,2.1520000000,2.1560000000,2.1330000000,2.1410000000,142750.5311910000,306031.6643261710,306031.6643261710,1,SRM-USDT
2022-04-29 10:00:00,1651197600000,2.1400000000,2.1400000000,2.1000000000,2.1090000000,79059.8556170000,167585.1139547160,167585.1139547160,1,SRM-USDT
2022-04-29 11:00:00,1651201200000,2.1100000000,2.1140000000,2.0950000000,2.1040000000,52400.1295630000,110251.5957211140,110251.5957211140,1,SRM-USDT
2022-04-29 12:00:00,1651204800000,2.1040000000,2.1080000000,2.0880000000,2.1060000000,73183.7336210000,153637.1609251020,153637.1609251020,1,SRM-USDT
2022-04-29 13:00:00,1651208400000,2.1070000000,2.1120000000,2.1020000000,2.1050000000,34123.8981480000,71881.0655331630,71881.0655331630,1,SRM-USDT
2022-04-29 14:00:00,1651212000000,2.1040000000,2.1120000000,2.0950000000,2.1040000000,20403.2422590000,42937.8980594480,42937.8980594480,1,SRM-USDT
2022-04-29 15:00:00,1651215600000,2.1050000000,2.1130000000,2.0970000000,2.1090000000,26155.8307440000,55011.9721325420,55011.9721325420,1,SRM-USDT
2022-04-29 16:00:00,1651219200000,2.1090000000,2.1180000000,2.0900000000,2.0920000000,33670.0799760000,70756.8976820760,70756.8976820760,1,SRM-USDT
2022-04-29 17:00:00,1651222800000,2.0900000000,2.0900000000,2.0650000000,2.0740000000,83930.8788740000,174336.2318524370,174336.2318524370,1,SRM-USDT
2022-04-29 18:00:00,1651226400000,2.0720000000,2.0780000000,2.0210000000,2.0370000000,106319.5241660000,218506.2136888440,218506.2136888440,1,SRM-USDT
2022-04-29 19:00:00,1651230000000,2.0400000000,2.0440000000,2.0170000000,2.0300000000,121474.4360150000,246974.4720331070,246974.4720331070,1,SRM-USDT
2022-04-29 20:00:00,1651233600000,2.0300000000,2.0630000000,2.0220000000,2.0490000000,102182.8429910000,208813.5333331460,208813.5333331460,1,SRM-USDT
2022-04-29 21:00:00,1651237200000,2.0480000000,2.0650000000,2.0380000000,2.0580000000,118760.5219910000,243561.2360519360,243561.2360519360,1,SRM-USDT
2022-04-29 22:00:00,1651240800000,2.0580000000,2.0610000000,2.0260000000,2.0370000000,60423.9951590000,123454.8921756030,123454.8921756030,1,SRM-USDT
2022-04-29 23:00:00,1651244400000,2.0360000000,2.0450000000,2.0270000000,2.0340000000,109262.9189270000,222283.1011753990,222283.1011753990,1,SRM-USDT
2022-04-30 00:00:00,1651248000000,2.0340000000,2.0370000000,1.9960000000,2.0060000000,130479.9719430000,263022.7381730500,263022.7381730500,1,SRM-USDT
2022-04-30 01:00:00,1651251600000,2.0050000000,2.0170000000,1.9950000000,2.0080000000,83618.8335560000,167967.5152652530,167967.5152652530,1,SRM-USDT
2022-04-30 02:00:00,1651255200000,2.0090000000,2.0100000000,1.9670000000,1.9850000000,190614.6917980000,378582.3616179050,378582.3616179050,1,SRM-USDT
2022-04-30 03:00:00,1651258800000,1.9840000000,1.9980000000,1.9600000000,1.9750000000,169579.6112050000,335937.9588202390,335937.9588202390,1,SRM-USDT
2022-04-30 04:00:00,1651262400000,1.9750000000,1.9920000000,1.9730000000,1.9770000000,62945.5616440000,124642.3161343490,124642.3161343490,1,SRM-USDT
2022-04-30 05:00:00,1651266000000,1.9770000000,1.9870000000,1.9720000000,1.9800000000,36804.2111150000,72930.3462489050,72930.3462489050,1,SRM-USDT
2022-04-30 06:00:00,1651269600000,1.9790000000,1.9980000000,1.9670000000,1.9950000000,78169.5303770000,154981.2628890580,154981.2628890580,1,SRM-USDT
2022-04-30 07:00:00,1651273200000,1.9960000000,2.0030000000,1.9790000000,1.9900000000,99671.3113940000,198694.1348968170,198694.1348968170,1,SRM-USDT
2022-04-30 08:00:00,1651276800000,1.9930000000,2.0080000000,1.9890000000,2.0020000000,75715.6669320000,151337.3150351590,151337.3150351590,1,SRM-USDT
2022-04-30 09:00:00,1651280400000,2.0040000000,2.0340000000,2.0040000000,2.0250000000,103594.4607950000,209410.2677815120,209410.2677815120,1,SRM-USDT
2022-04-30 10:00:00,1651284000000,2.0250000000,2.0370000000,2.0080000000,2.0140000000,58010.9034720000,117291.9843206850,117291.9843206850,1,SRM-USDT
2022-04-30 11:00:00,1651287600000,2.0130000000,2.0160000000,2.0030000000,2.0130000000,88460.3866870000,177749.4346081600,177749.4346081600,1,SRM-USDT
2022-04-30 12:00:00,1651291200000,2.0130000000,2.0220000000,2.0020000000,2.0140000000,26719.6005000000,53861.1922906790,53861.1922906790,1,SRM-USDT
2022-04-30 13:00:00,1651294800000,2.0170000000,2.0270000000,2.0130000000,2.0250000000,30028.6760370000,60638.6026103770,60638.6026103770,1,SRM-USDT
2022-04-30 14:00:00,1651298400000,2.0250000000,2.0260000000,1.9830000000,2.0040000000,158486.0186540000,316175.0050499100,316175.0050499100,1,SRM-USDT
2022-04-30 15:00:00,1651302000000,2.0040000000,2.0060000000,1.9800000000,1.9830000000,48168.4104440000,95801.1150510140,95801.1150510140,1,SRM-USDT
2022-04-30 16:00:00,1651305600000,1.9810000000,1.9880000000,1.9500000000,1.9680000000,164305.3866770000,322940.6735258190,322940.6735258190,1,SRM-USDT
2022-04-30 17:00:00,1651309200000,1.9600000000,1.9650000000,1.9530000000,1.9590000000,61825.7200700000,121200.3342402990,121200.3342402990,1,SRM-USDT
2022-04-30 18:00:00,1651312800000,1.9620000000,1.9760000000,1.9540000000,1.9600000000,38103.2599930000,74791.7577183820,74791.7577183820,1,SRM-USDT
2022-04-30 19:00:00,1651316400000,1.9600000000,1.9730000000,1.9570000000,1.9620000000,32765.1766500000,64389.2149233340,64389.2149233340,1,SRM-USDT
2022-04-30 20:00:00,1651320000000,1.9630000000,1.9730000000,1.9540000000,1.9550000000,36319.3434130000,71270.7309626620,71270.7309626620,1,SRM-USDT
2022-04-30 21:00:00,1651323600000,1.9560000000,1.9660000000,1.9360000000,1.9410000000,69509.3633120000,135397.1306653310,135397.1306653310,1,SRM-USDT
2022-04-30 22:00:00,1651327200000,1.9460000000,1.9560000000,1.8960000000,1.9010000000,187723.7431930000,361310.2070847290,361310.2070847290,1,SRM-USDT
2022-04-30 23:00:00,1651330800000,1.9020000000,1.9300000000,1.8920000000,1.9260000000,136561.4728470000,261219.0136010420,261219.0136010420,1,SRM-USDT
2022-05-01 00:00:00,1651334400000,1.9230000000,1.9660000000,1.9210000000,1.9340000000,214513.1146670000,417303.2497146800,417303.2497146800,1,SRM-USDT
2022-05-01 01:00:00,1651338000000,1.9340000000,1.9350000000,1.9070000000,1.9110000000,156979.3028050000,302039.9365881670,302039.9365881670,1,SRM-USDT
2022-05-01 02:00:00,1651341600000,1.9100000000,1.9260000000,1.9040000000,1.9210000000,137136.4918040000,262594.5769889920,262594.5769889920,1,SRM-USDT
2022-05-01 03:00:00,1651345200000,1.9210000000,1.9380000000,1.9100000000,1.9290000000,137130.4534620000,263465.8715192120,263465.8715192120,1,SRM-USDT
2022-05-01 04:00:00,1651348800000,1.9290000000,1.9330000000,1.9110000000,1.9130000000,92925.4763990000,178521.7198581200,178521.7198581200,1,SRM-USDT
2022-05-01 05:00:00,1651352400000,1.9150000000,1.9200000000,1.9040000000,1.9040000000,38336.4454890000,73176.5002203870,73176.5002203870,1,SRM-USDT
2022-05-01 06:00:00,1651356000000,1.9030000000,1.9060000000,1.8710000000,1.8770000000,309744.7212210000,584618.2026834240,584618.2026834240,1,SRM-USDT
2022-05-01 07:00:00,1651359600000,1.8760000000,1.8920000000,1.7800000000,1.8150000000,864665.2531920000,1576214.4265641170,1576214.4265641170,1,SRM-USDT
2022-05-01 08:00:00,1651363200000,1.8160000000,1.8270000000,1.7720000000,1.8010000000,363507.4416900000,656793.0029032381,656793.0029032381,1,SRM-USDT
2022-05-01 09:00:00,1651366800000,1.7950000000,1.8210000000,1.7640000000,1.8100000000,207227.7414350000,372556.5361678000,372556.5361678000,1,SRM-USDT
2022-05-01 10:00:00,1651370400000,1.8090000000,1.8240000000,1.7970000000,1.8000000000,116010.6890230000,209925.0714945180,209925.0714945180,1,SRM-USDT
2022-05-01 11:00:00,1651374000000,1.8030000000,1.8350000000,1.7980000000,1.8290000000,115918.5503940000,210672.3171881370,210672.3171881370,1,SRM-USDT
2022-05-01 12:00:00,1651377600000,1.8320000000,1.8370000000,1.8180000000,1.8250000000,184776.1416510000,337464.6620292990,337464.6620292990,1,SRM-USDT
2022-05-01 13:00:00,1651381200000,1.8270000000,1.8680000000,1.8260000000,1.8540000000,164203.6959170000,303909.5783618140,303909.5783618140,1,SRM-USDT
2022-05-01 14:00:00,1651384800000,1.8580000000,1.8700000000,1.8480000000,1.8510000000,108043.0235470000,200955.2070504250,200955.2070504250,1,SRM-USDT
2022-05-01 15:00:00,1651388400000,1.8510000000,1.8540000000,1.8420000000,1.8450000000,48381.2883590000,89469.4991914000,89469.4991914000,1,SRM-USDT
2022-05-01 16:00:00,1651392000000,1.8470000000,1.8650000000,1.8430000000,1.8620000000,130473.1675110000,242198.7497916720,242198.7497916720,1,SRM-USDT
2022-05-01 17:00:00,1651395600000,1.8620000000,1.8660000000,1.8400000000,1.8470000000,137893.3321650000,255134.4341752150,255134.4341752150,1,SRM-USDT
2022-05-01 18:00:00,1651399200000,1.8480000000,1.8640000000,1.8460000000,1.8560000000,126521.8107100000,234767.5603815430,234767.5603815430,1,SRM-USDT
2022-05-01 19:00:00,1651402800000,1.8570000000,1.8600000000,1.8410000000,1.8460000000,150910.6103580000,279336.3402146190,279336.3402146190,1,SRM-USDT
2022-05-01 20:00:00,1651406400000,1.8470000000,1.8570000000,1.8320000000,1.8500000000,205657.7856380000,379478.9521246700,379478.9521246700,1,SRM-USDT
2022-05-01 21:00:00,1651410000000,1.8510000000,1.8570000000,1.8390000000,1.8450000000,164868.0365850000,304597.7810072180,304597.7810072180,1,SRM-USDT
2022-05-01 22:00:00,1651413600000,1.8420000000,1.8510000000,1.8330000000,1.8340000000,235539.2927400000,433769.3472982870,433769.3472982870,1,SRM-USDT
2022-05-01 23:00:00,1651417200000,1.8350000000,1.9020000000,1.8350000000,1.8930000000,304440.0178180000,570864.7559141100,570864.7559141100,1,SRM-USDT
2022-05-02 00:00:00,1651420800000,1.8940000000,1.9240000000,1.8890000000,1.9100000000,303830.1275230000,579160.1849173920,579160.1849173920,1,SRM-USDT
2022-05-02 01:00:00,1651424400000,1.9100000000,1.9190000000,1.9010000000,1.9040000000,56669.5570990000,108152.6239221070,108152.6239221070,1,SRM-USDT
2022-05-02 02:00:00,1651428000000,1.9060000000,1.9060000000,1.8680000000,1.8690000000,56864.1685320000,106962.8176737430,106962.8176737430,1,SRM-USDT
2022-05-02 03:00:00,1651431600000,1.8690000000,1.8720000000,1.8480000000,1.8640000000,66225.2781610000,123376.4276741860,123376.4276741860,1,SRM-USDT
2022-05-02 04:00:00,1651435200000,1.8650000000,1.8930000000,1.8560000000,1.8910000000,49988.0770530000,93445.6350957310,93445.6350957310,1,SRM-USDT
2022-05-02 05:00:00,1651438800000,1.8920000000,1.8950000000,1.8700000000,1.8800000000,57849.3284610000,108869.7451186240,108869.7451186240,1,SRM-USDT
2022-05-02 06:00:00,1651442400000,1.8800000000,1.8980000000,1.8770000000,1.8860000000,52790.8509160000,99655.5454853590,99655.5454853590,1,SRM-USDT
2022-05-02 07:00:00,1651446000000,1.8860000000,1.9170000000,1.8820000000,1.9100000000,138255.8114060000,263413.5652856380,263413.5652856380,1,SRM-USDT
2022-05-02 08:00:00,1651449600000,1.9080000000,1.9280000000,1.9040000000,1.9160000000,167876.2442610000,321953.0551141840,321953.0551141840,1,SRM-USDT
2022-05-02 09:00:00,1651453200000,1.9190000000,1.9250000000,1.9020000000,1.9020000000,103928.0665530000,198919.0120145270,198919.0120145270,1,SRM-USDT
2022-05-02 10:00:00,1651456800000,1.9030000000,1.9030000000,1.8880000000,1.8980000000,100614.6613330000,190536.8708611410,190536.8708611410,1,SRM-USDT
2022-05-02 11:00:00,1651460400000,1.9000000000,1.9040000000,1.8920000000,1.8940000000,35838.6603700000,68003.8616468400,68003.8616468400,1,SRM-USDT
2022-05-02 12:00:00,1651464000000,1.8950000000,1.9160000000,1.8880000000,1.9120000000,104605.3607040000,198867.3082151170,198867.3082151170,1,SRM-USDT
2022-05-02 13:00:00,1651467600000,1.9140000000,1.9290000000,1.9090000000,1.9270000000,74929.0878660000,143608.3397589710,143608.3397589710,1,SRM-USDT
2022-05-02 14:00:00,1651471200000,1.9260000000,1.9390000000,1.9210000000,1.9220000000,88406.5009660000,170602.4069305710,170602.4069305710,1,SRM-USDT
2022-05-02 15:00:00,1651474800000,1.9230000000,1.9360000000,1.9150000000,1.9180000000,105665.7933940000,203548.0308429470,203548.0308429470,1,SRM-USDT
2022-05-02 16:00:00,1651478400000,1.9190000000,1.9210000000,1.8860000000,1.8900000000,134879.9071570000,256519.9211275250,256519.9211275250,1,SRM-USDT
2022-05-02 17:00:00,1651482000000,1.8890000000,1.8990000000,1.8470000000,1.8480000000,231805.2151030000,433839.7754469140,433839.7754469140,1,SRM-USDT
2022-05-02 18:00:00,1651485600000,1.8470000000,1.8540000000,1.8270000000,1.8340000000,181121.3854280000,333571.4877066220,333571.4877066220,1,SRM-USDT
2022-05-02 19:00:00,1651489200000,1.8350000000,1.8350000000,1.8060000000,1.8130000000,128261.8027500000,233411.0113140710,233411.0113140710,1,SRM-USDT
2022-05-02 20:00:00,1651492800000,1.8110000000,1.8320000000,1.8090000000,1.8150000000,81725.5608780000,148852.6497828700,148852.6497828700,1,SRM-USDT
2022-05-02 21:00:00,1651496400000,1.8150000000,1.8540000000,1.8040000000,1.8420000000,436936.5975580000,802107.2839970950,802107.2839970950,1,SRM-USDT
2022-05-02 22:00:00,1651500000000,1.8420000000,1.8650000000,1.8240000000,1.8490000000,257250.1318550000,474982.7420358980,474982.7420358980,1,SRM-USDT
2022-05-02 23:00:00,1651503600000,1.8470000000,1.8590000000,1.8330000000,1.8430000000,126697.4865470000,233658.2406528650,233658.2406528650,1,SRM-USDT
2022-05-03 00:00:00,1651507200000,1.8420000000,1.8450000000,1.8180000000,1.8210000000,129172.0279790000,236730.7036922040,236730.7036922040,1,SRM-USDT
2022-05-03 01:00:00,1651510800000,1.8180000000,1.8240000000,1.7910000000,1.8040000000,174371.4099620000,315124.6059380010,315124.6059380010,1,SRM-USDT
2022-05-03 02:00:00,1651514400000,1.8040000000,1.8130000000,1.7880000000,1.8010000000,144104.9729560000,259536.0205337010,259536.0205337010,1,SRM-USDT
2022-05-03 03:00:00,1651518000000,1.8030000000,1.8270000000,1.8000000000,1.8250000000,95359.5103340000,173345.0930457330,173345.0930457330,1,SRM-USDT
2022-05-03 04:00:00,1651521600000,1.8270000000,1.8290000000,1.8120000000,1.8140000000,62528.2516250000,113920.7688977190,113920.7688977190,1,SRM-USDT
2022-05-03 05:00:00,1651525200000,1.8140000000,1.8690000000,1.8130000000,1.8670000000,143842.6667040000,265790.5872160180,265790.5872160180,1,SRM-USDT
2022-05-03 06:00:00,1651528800000,1.8700000000,1.8860000000,1.8610000000,1.8620000000,78654.4177420000,147287.1674874170,147287.1674874170,1,SRM-USDT
2022-05-03 07:00:00,1651532400000,1.8610000000,1.8730000000,1.8520000000,1.8560000000,58426.0938610000,109049.1201783980,109049.1201783980,1,SRM-USDT
2022-05-03 08:00:00,1651536000000,1.8560000000,1.8580000000,1.8420000000,1.8500000000,49176.9325480000,90966.5319264680,90966.5319264680,1,SRM-USDT
2022-05-03 09:00:00,1651539600000,1.8500000000,1.8770000000,1.8490000000,1.8730000000,123065.5571760000,229290.4112899980,229290.4112899980,1,SRM-USDT
2022-05-03 10:00:00,1651543200000,1.8730000000,1.8790000000,1.8540000000,1.8620000000,83017.6162480000,154877.7576513570,154877.7576513570,1,SRM-USDT
2022-05-03 11:00:00,1651546800000,1.8620000000,1.8710000000,1.8590000000,1.8660000000,52050.2143630000,97159.8083957550,97159.8083957550,1,SRM-USDT
2022-05-03 12:00:00,1651550400000,1.8680000000,1.8780000000,1.8650000000,1.8730000000,30428.8832350000,56937.9832362740,56937.9832362740,1,SRM-USDT
2022-05-03 13:00:00,1651554000000,1.8730000000,1.8890000000,1.8600000000,1.8870000000,58230.8629940000,109320.3238782020,109320.3238782020,1,SRM-USDT
2022-05-03 14:00:00,1651557600000,1.8870000000,1.8990000000,1.8760000000,1.8950000000,110215.0542420000,208623.3921258450,208623.3921258450,1,SRM-USDT
2022-05-03 15:00:00,1651561200000,1.8960000000,1.8990000000,1.8780000000,1.8890000000,68169.4340470000,128794.1305578550,128794.1305578550,1,SRM-USDT
2022-05-03 16:00:00,1651564800000,1.8910000000,1.8950000000,1.8770000000,1.8770000000,104294.1322810000,196772.5467655010,196772.5467655010,1,SRM-USDT
2022-05-03 17:00:00,1651568400000,1.8800000000,1.8830000000,1.8650000000,1.8680000000,59087.0948520000,110763.9468683000,110763.9468683000,1,SRM-USDT
2022-05-03 18:00:00,1651572000000,1.8690000000,1.8710000000,1.8580000000,1.8660000000,68794.6804550000,128236.9077832040,128236.9077832040,1,SRM-USDT
2022-05-03 19:00:00,1651575600000,1.8650000000,1.8930000000,1.8630000000,1.8910000000,142618.3735480000,267531.2961555640,267531.2961555640,1,SRM-USDT
2022-05-03 20:00:00,1651579200000,1.8910000000,1.8940000000,1.8760000000,1.8770000000,43233.0316230000,81469.9390129500,81469.9390129500,1,SRM-USDT
2022-05-03 21:00:00,1651582800000,1.8770000000,1.8780000000,1.8470000000,1.8580000000,145605.0312930000,271057.1451433860,271057.1451433860,1,SRM-USDT
2022-05-03 22:00:00,1651586400000,1.8590000000,1.8690000000,1.8460000000,1.8530000000,111163.4495680000,206514.1645183550,206514.1645183550,1,SRM-USDT
2022-05-03 23:00:00,1651590000000,1.8500000000,1.8670000000,1.8480000000,1.8540000000,59588.3973610000,110639.4667265750,110639.4667265750,1,SRM-USDT
2022-05-04 00:00:00,1651593600000,1.8540000000,1.8600000000,1.8250000000,1.8310000000,123258.5204370000,226153.9596272810,226153.9596272810,1,SRM-USDT
2022-05-04 01:00:00,1651597200000,1.8310000000,1.8480000000,1.8260000000,1.8260000000,73683.8024630000,135179.9310123590,135179.9310123590,1,SRM-USDT
2022-05-04 02:00:00,1651600800000,1.8260000000,1.8290000000,1.8070000000,1.8220000000,214371.2804760000,389565.3630342750,389565.3630342750,1,SRM-USDT
2022-05-04 03:00:00,1651604400000,1.8220000000,1.8220000000,1.8000000000,1.8080000000,102864.8981820000,186402.7240994230,186402.7240994230,1,SRM-USDT
2022-05-04 04:00:00,1651608000000,1.8080000000,1.8280000000,1.7980000000,1.8230000000,74177.9555440000,134043.3573595390,134043.3573595390,1,SRM-USDT
2022-05-04 05:00:00,1651611600000,1.8230000000,1.8300000000,1.8140000000,1.8280000000,33326.2708890000,60744.5176203280,60744.5176203280,1,SRM-USDT
2022-05-04 06:00:00,1651615200000,1.8280000000,1.8400000000,1.8240000000,1.8240000000,33472.6307950000,61319.9823525870,61319.9823525870,1,SRM-USDT
2022-05-04 07:00:00,1651618800000,1.8230000000,1.8240000000,1.8060000000,1.8190000000,61024.1251600000,110792.7177188870,110792.7177188870,1,SRM-USDT
2022-05-04 08:00:00,1651622400000,1.8200000000,1.8430000000,1.8140000000,1.8400000000,104981.4170470000,192065.6441656180,192065.6441656180,1,SRM-USDT
2022-05-04 09:00:00,1651626000000,1.8410000000,1.8440000000,1.8320000000,1.8340000000,38370.8872810000,70501.0884134320,70501.0884134320,1,SRM-USDT
2022-05-04 10:00:00,1651629600000,1.8340000000,1.8530000000,1.8340000000,1.8400000000,61515.2694010000,113379.4378009940,113379.4378009940,1,SRM-USDT
2022-05-04 11:00:00,1651633200000,1.8400000000,1.8440000000,1.8350000000,1.8360000000,23560.9324490000,43345.5083329830,43345.5083329830,1,SRM-USDT
2022-05-04 12:00:00,1651636800000,1.8360000000,1.8460000000,1.8220000000,1.8270000000,39126.5137460000,71725.7260433260,71725.7260433260,1,SRM-USDT
2022-05-04 13:00:00,1651640400000,1.8260000000,1.8310000000,1.8150000000,1.8300000000,44304.5302730000,80775.2090113540,80775.2090113540,1,SRM-USDT
2022-05-04 14:00:00,1651644000000,1.8310000000,1.8490000000,1.8300000000,1.8490000000,76133.5638570000,140338.5178278250,140338.5178278250,1,SRM-USDT
2022-05-04 15:00:00,1651647600000,1.8500000000,1.8660000000,1.8430000000,1.8620000000,76761.6282480000,141962.7513980150,141962.7513980150,1,SRM-USDT
2022-05-04 16:00:00,1651651200000,1.8620000000,1.8900000000,1.8600000000,1.8860000000,140920.8201840000,264467.5012893240,264467.5012893240,1,SRM-USDT
2022-05-04 17:00:00,1651654800000,1.8870000000,1.8920000000,1.8780000000,1.8810000000,180339.6761580000,340162.6158041160,340162.6158041160,1,SRM-USDT
2022-05-04 18:00:00,1651658400000,1.8820000000,1.9490000000,1.8820000000,1.9370000000,285649.6004930000,549997.8128771110,549997.8128771110,1,SRM-USDT
2022-05-04 19:00:00,1651662000000,1.9370000000,1.9470000000,1.9260000000,1.9300000000,102982.9538290000,199150.0673841790,199150.0673841790,1,SRM-USDT
2022-05-04 20:00:00,1651665600000,1.9310000000,1.9390000000,1.9040000000,1.9130000000,163781.3556890000,313825.8390477310,313825.8390477310,1,SRM-USDT
2022-05-04 21:00:00,1651669200000,1.9140000000,1.9200000000,1.8900000000,1.8910000000,160868.6331330000,306919.9455957470,306919.9455957470,1,SRM-USDT
2022-05-04 22:00:00,1651672800000,1.8910000000,1.8990000000,1.8770000000,1.8780000000,124099.1823580000,234366.7925573760,234366.7925573760,1,SRM-USDT
2022-05-04 23:00:00,1651676400000,1.8780000000,1.8930000000,1.8660000000,1.8830000000,132748.1087970000,249232.8460753630,249232.8460753630,1,SRM-USDT
2022-05-05 00:00:00,1651680000000,1.8820000000,1.9170000000,1.8730000000,1.9100000000,131382.2925080000,249385.7995934050,249385.7995934050,1,SRM-USDT
2022-05-05 01:00:00,1651683600000,1.9120000000,1.9180000000,1.8780000000,1.8950000000,207885.6725320000,393364.0044751090,393364.0044751090,1,SRM-USDT
2022-05-05 02:00:00,1651687200000,1.8970000000,1.9700000000,1.8780000000,1.9560000000,408771.9327540000,785475.1083588400,785475.1083588400,1,SRM-USDT
2022-05-05 03:00:00,1651690800000,1.9580000000,1.9910000000,1.9560000000,1.9800000000,280778.4537930000,554955.0584152309,554955.0584152309,1,SRM-USDT
2022-05-05 04:00:00,1651694400000,1.9800000000,1.9950000000,1.9790000000,1.9890000000,115654.3368800000,229742.7318271000,229742.7318271000,1,SRM-USDT
2022-05-05 05:00:00,1651698000000,1.9900000000,1.9970000000,1.9830000000,1.9880000000,72439.9423770000,144184.5450669450,144184.5450669450,1,SRM-USDT
2022-05-05 06:00:00,1651701600000,1.9880000000,2.0260000000,1.9880000000,2.0030000000,252545.1479410000,506521.6828723880,506521.6828723880,1,SRM-USDT
2022-05-05 07:00:00,1651705200000,2.0020000000,2.0330000000,2.0000000000,2.0240000000,170681.0488510000,344470.5323615220,344470.5323615220,1,SRM-USDT
2022-05-05 08:00:00,1651708800000,2.0260000000,2.0440000000,2.0190000000,2.0400000000,228282.4896740000,464067.1000118180,464067.1000118180,1,SRM-USDT
2022-05-05 09:00:00,1651712400000,2.0420000000,2.0560000000,2.0300000000,2.0300000000,139290.4999220000,285242.2771154330,285242.2771154330,1,SRM-USDT
2022-05-05 10:00:00,1651716000000,2.0310000000,2.0410000000,2.0290000000,2.0410000000,73288.0074360000,149075.2368706070,149075.2368706070,1,SRM-USDT
2022-05-05 11:00:00,1651719600000,2.0410000000,2.0460000000,2.0280000000,2.0290000000,85503.4082830000,174433.6164850520,174433.6164850520,1,SRM-USDT
2022-05-05 12:00:00,1651723200000,2.0290000000,2.0330000000,2.0180000000,2.0250000000,51015.5939050000,103207.3914619570,103207.3914619570,1,SRM-USDT
2022-05-05 13:00:00,1651726800000,2.0270000000,2.0340000000,1.9930000000,1.9950000000,80983.5898290000,163347.6564630280,163347.6564630280,1,SRM-USDT
2022-05-05 14:00:00,1651730400000,1.9960000000,2.0190000000,1.9880000000,1.9910000000,45276.0488870000,90804.0398370460,90804.0398370460,1,SRM-USDT
2022-05-05 15:00:00,1651734000000,1.9890000000,2.0030000000,1.9800000000,1.9970000000,67115.8773460000,133602.9851964070,133602.9851964070,1,SRM-USDT
2022-05-05 16:00:00,1651737600000,1.9970000000,2.0030000000,1.9790000000,1.9800000000,62324.7874190000,124102.0841348320,124102.0841348320,1,SRM-USDT
2022-05-05 17:00:00,1651741200000,1.9810000000,1.9950000000,1.9690000000,1.9810000000,59600.4965930000,117989.6896004480,117989.6896004480,1,SRM-USDT
2022-05-05 18:00:00,1651744800000,1.9790000000,2.0050000000,1.9790000000,1.9950000000,74946.6405580000,148979.5664536730,148979.5664536730,1,SRM-USDT
2022-05-05 19:00:00,1651748400000,1.9960000000,2.0090000000,1.9880000000,1.9920000000,36333.7657650000,72704.0944460570,72704.0944460570,1,SRM-USDT
2022-05-05 20:00:00,1651752000000,1.9890000000,2.0060000000,1.9860000000,1.9900000000,46886.5246970000,93506.3087790640,93506.3087790640,1,SRM-USDT
2022-05-05 21:00:00,1651755600000,1.9890000000,1.9990000000,1.9440000000,1.9510000000,259767.3113940000,510243.6850114920,510243.6850114920,1,SRM-USDT
2022-05-05 22:00:00,1651759200000,1.9490000000,1.9750000000,1.8860000000,1.8990000000,618543.5051330000,1196831.9193990140,1196831.9193990140,1,SRM-USDT
2022-05-05 23:00:00,1651762800000,1.8950000000,1.8980000000,1.7920000000,1.8100000000,597870.1270760000,1096121.6924114660,1096121.6924114660,1,SRM-USDT
2022-05-06 00:00:00,1651766400000,1.8090000000,1.8470000000,1.7960000000,1.8240000000,330168.4271300000,601389.9751199500,601389.9751199500,1,SRM-USDT
2022-05-06 01:00:00,1651770000000,1.8250000000,1.8380000000,1.8030000000,1.8050000000,190621.0279670000,346991.8559544480,346991.8559544480,1,SRM-USDT
2022-05-06 02:00:00,1651773600000,1.8050000000,1.8190000000,1.7740000000,1.7890000000,451308.3701440000,808083.8921230540,808083.8921230540,1,SRM-USDT
2022-05-06 03:00:00,1651777200000,1.7860000000,1.8060000000,1.7630000000,1.8040000000,245675.1816090000,438772.4632105700,438772.4632105700,1,SRM-USDT
2022-05-06 04:00:00,1651780800000,1.8020000000,1.8200000000,1.7910000000,1.8200000000,110766.1635940000,200020.8491746390,200020.8491746390,1,SRM-USDT
2022-05-06 05:00:00,1651784400000,1.8200000000,1.8240000000,1.8060000000,1.8070000000,44040.1167320000,79988.8695501590,79988.8695501590,1,SRM-USDT
2022-05-06 06:00:00,1651788000000,1.8090000000,1.8090000000,1.7810000000,1.7810000000,49408.9556890000,88664.1403767790,88664.1403767790,1,SRM-USDT
2022-05-06 07:00:00,1651791600000,1.7840000000,1.8150000000,1.7790000000,1.8090000000,189528.6362090000,339850.5474594360,339850.5474594360,1,SRM-USDT
2022-05-06 08:00:00,1651795200000,1.8100000000,1.8200000000,1.7750000000,1.7910000000,138590.1722410000,249487.2327946590,249487.2327946590,1,SRM-USDT
2022-05-06 09:00:00,1651798800000,1.7920000000,1.7980000000,1.7750000000,1.7930000000,110232.8380290000,197009.8888310330,197009.8888310330,1,SRM-USDT
2022-05-06 10:00:00,1651802400000,1.7930000000,1.8180000000,1.7930000000,1.8040000000,90496.3002040000,163576.1076803910,163576.1076803910,1,SRM-USDT
2022-05-06 11:00:00,1651806000000,1.8060000000,1.8130000000,1.7960000000,1.8070000000,79382.9317910000,143112.2459421750,143112.2459421750,1,SRM-USDT
2022-05-06 12:00:00,1651809600000,1.8070000000,1.8070000000,1.7770000000,1.7940000000,93933.3426960000,168002.8704571320,168002.8704571320,1,SRM-USDT
2022-05-06 13:00:00,1651813200000,1.7940000000,1.8050000000,1.7890000000,1.8030000000,64980.4341890000,116761.0567254530,116761.0567254530,1,SRM-USDT
2022-05-06 14:00:00,1651816800000,1.8030000000,1.8090000000,1.7900000000,1.7950000000,86851.1847940000,156138.6177991520,156138.6177991520,1,SRM-USDT
2022-05-06 15:00:00,1651820400000,1.7940000000,1.7960000000,1.7410000000,1.7620000000,174814.7604890000,308958.3783918020,308958.3783918020,1,SRM-USDT
2022-05-06 16:00:00,1651824000000,1.7620000000,1.7770000000,1.7550000000,1.7610000000,141038.1616640000,249002.3245221250,249002.3245221250,1,SRM-USDT
2022-05-06 17:00:00,1651827600000,1.7620000000,1.7840000000,1.7550000000,1.7790000000,102219.5387940000,180955.7911043370,180955.7911043370,1,SRM-USDT
2022-05-06 18:00:00,1651831200000,1.7790000000,1.7840000000,1.7280000000,1.7420000000,167945.0909230000,294347.4520217740,294347.4520217740,1,SRM-USDT
2022-05-06 19:00:00,1651834800000,1.7410000000,1.7550000000,1.7170000000,1.7380000000,229404.4977400000,398086.6692107080,398086.6692107080,1,SRM-USDT
2022-05-06 20:00:00,1651838400000,1.7370000000,1.7710000000,1.7330000000,1.7430000000,328016.5692200000,574746.8488281950,574746.8488281950,1,SRM-USDT
2022-05-06 21:00:00,1651842000000,1.7460000000,1.7630000000,1.7050000000,1.7330000000,594574.9141009999,1027229.6897299490,1027229.6897299490,1,SRM-USDT
2022-05-06 22:00:00,1651845600000,1.7310000000,1.7670000000,1.7250000000,1.7610000000,303951.8448700000,530481.2371710540,530481.2371710540,1,SRM-USDT
2022-05-06 23:00:00,1651849200000,1.7610000000,1.7900000000,1.7500000000,1.7520000000,346773.8941640000,613651.0088668520,613651.0088668520,1,SRM-USDT
2022-05-07 00:00:00,1651852800000,1.7520000000,1.7680000000,1.7410000000,1.7670000000,134197.3325820000,235713.2301220100,235713.2301220100,1,SRM-USDT
2022-05-07 01:00:00,1651856400000,1.7670000000,1.7700000000,1.7500000000,1.7540000000,148186.3596230000,260870.9944446020,260870.9944446020,1,SRM-USDT
2022-05-07 02:00:00,1651860000000,1.7550000000,1.7710000000,1.7470000000,1.7590000000,46899.1646230000,82443.8434578080,82443.8434578080,1,SRM-USDT
2022-05-07 03:00:00,1651863600000,1.7600000000,1.7740000000,1.7500000000,1.7610000000,98745.5161830000,173976.9558523600,173976.9558523600,1,SRM-USDT
2022-05-07 04:00:00,1651867200000,1.7590000000,1.7720000000,1.7480000000,1.7670000000,73603.2692830000,129468.6502985160,129468.6502985160,1,SRM-USDT
2022-05-07 05:00:00,1651870800000,1.7700000000,1.7700000000,1.7590000000,1.7640000000,44582.3044280000,78734.7226101150,78734.7226101150,1,SRM-USDT
2022-05-07 06:00:00,1651874400000,1.7640000000,1.7800000000,1.7550000000,1.7700000000,65766.3223210000,116267.3062969630,116267.3062969630,1,SRM-USDT
2022-05-07 07:00:00,1651878000000,1.7700000000,1.7760000000,1.7610000000,1.7660000000,74806.4288950000,132424.3655791240,132424.3655791240,1,SRM-USDT
2022-05-07 08:00:00,1651881600000,1.7660000000,1.7800000000,1.7570000000,1.7690000000,204237.5465310000,361588.6466118070,361588.6466118070,1,SRM-USDT
2022-05-07 09:00:00,1651885200000,1.7660000000,1.8000000000,1.7660000000,1.7880000000,324912.6206070000,579374.0699699260,579374.0699699260,1,SRM-USDT
2022-05-07 10:00:00,1651888800000,1.7900000000,1.7900000000,1.7660000000,1.7670000000,120329.7932840000,213859.2288119050,213859.2288119050,1,SRM-USDT
2022-05-07 11:00:00,1651892400000,1.7650000000,1.7700000000,1.7380000000,1.7420000000,120640.5052980000,211541.0857767270,211541.0857767270,1,SRM-USDT
2022-05-07 12:00:00,1651896000000,1.7440000000,1.7510000000,1.7240000000,1.7260000000,167184.7194220000,289999.7585319700,289999.7585319700,1,SRM-USDT
2022-05-07 13:00:00,1651899600000,1.7260000000,1.7630000000,1.7230000000,1.7590000000,162551.4974210000,284198.5046047070,284198.5046047070,1,SRM-USDT
2022-05-07 14:00:00,1651903200000,1.7600000000,1.7600000000,1.7320000000,1.7330000000,87372.6439270000,152262.5306256360,152262.5306256360,1,SRM-USDT
2022-05-07 15:00:00,1651906800000,1.7310000000,1.7570000000,1.7310000000,1.7530000000,138710.7498260000,241995.8864283450,241995.8864283450,1,SRM-USDT
2022-05-07 16:00:00,1651910400000,1.7520000000,1.7820000000,1.7500000000,1.7710000000,119485.8009500000,210831.5306225660,210831.5306225660,1,SRM-USDT
2022-05-07 17:00:00,1651914000000,1.7710000000,1.7810000000,1.7600000000,1.7650000000,96729.9700880000,170982.8387308120,170982.8387308120,1,SRM-USDT
2022-05-07 18:00:00,1651917600000,1.7650000000,1.7780000000,1.7600000000,1.7740000000,130636.0702650000,231213.9811685670,231213.9811685670,1,SRM-USDT
2022-05-07 19:00:00,1651921200000,1.7760000000,1.7860000000,1.7660000000,1.7740000000,175947.3025270000,312223.8752860020,312223.8752860020,1,SRM-USDT
2022-05-07 20:00:00,1651924800000,1.7720000000,1.7790000000,1.7610000000,1.7710000000,89607.7515470000,158772.6143565340,158772.6143565340,1,SRM-USDT
2022-05-07 21:00:00,1651928400000,1.7740000000,1.7740000000,1.7480000000,1.7570000000,169762.0050370000,298740.5489060100,298740.5489060100,1,SRM-USDT
2022-05-07 22:00:00,1651932000000,1.7560000000,1.7680000000,1.7500000000,1.7650000000,98224.1868310000,172722.2613845330,172722.2613845330,1,SRM-USDT
2022-05-07 23:00:00,1651935600000,1.7630000000,1.7780000000,1.7580000000,1.7740000000,86034.0593640000,152094.3417598920,152094.3417598920,1,SRM-USDT
2022-05-08 00:00:00,1651939200000,1.7720000000,1.7740000000,1.7560000000,1.7700000000,68391.6813800000,120768.7869755260,120768.7869755260,1,SRM-USDT
2022-05-08 01:00:00,1651942800000,1.7700000000,1.7720000000,1.7550000000,1.7580000000,105895.9946320000,186926.9726833200,186926.9726833200,1,SRM-USDT
2022-05-08 02:00:00,1651946400000,1.7600000000,1.7780000000,1.7580000000,1.7650000000,125629.6831050000,222414.0215870600,222414.0215870600,1,SRM-USDT
2022-05-08 03:00:00,1651950000000,1.7640000000,1.7760000000,1.7560000000,1.7600000000,104022.2747260000,183994.4905966640,183994.4905966640,1,SRM-USDT
2022-05-08 04:00:00,1651953600000,1.7600000000,1.7600000000,1.7460000000,1.7500000000,61742.0751730000,108134.6777202800,108134.6777202800,1,SRM-USDT
2022-05-08 05:00:00,1651957200000,1.7500000000,1.7540000000,1.6970000000,1.6970000000,92537.0603680000,159931.3169412520,159931.3169412520,1,SRM-USDT
2022-05-08 06:00:00,1651960800000,1.7010000000,1.7160000000,1.6810000000,1.6990000000,272997.7147680000,464714.1222849830,464714.1222849830,1,SRM-USDT
2022-05-08 07:00:00,1651964400000,1.6990000000,1.7350000000,1.6970000000,1.7200000000,245970.8923430000,423579.8736070090,423579.8736070090,1,SRM-USDT
2022-05-08 08:00:00,1651968000000,1.7190000000,1.7300000000,1.7030000000,1.7080000000,184464.8488350000,316670.1364577060,316670.1364577060,1,SRM-USDT
2022-05-08 09:00:00,1651971600000,1.7080000000,1.7120000000,1.6880000000,1.6910000000,189519.2734830000,322526.9633552770,322526.9633552770,1,SRM-USDT
2022-05-08 10:00:00,1651975200000,1.6910000000,1.6980000000,1.6600000000,1.6810000000,396537.7134090000,665324.9895173470,665324.9895173470,1,SRM-USDT
2022-05-08 11:00:00,1651978800000,1.6820000000,1.6860000000,1.6630000000,1.6830000000,202591.7530800000,339841.2015629240,339841.2015629240,1,SRM-USDT
2022-05-08 12:00:00,1651982400000,1.6830000000,1.6950000000,1.6780000000,1.6800000000,75619.5126700000,127655.7004888800,127655.7004888800,1,SRM-USDT
2022-05-08 13:00:00,1651986000000,1.6810000000,1.6870000000,1.6730000000,1.6820000000,36710.7360330000,61697.8311198900,61697.8311198900,1,SRM-USDT
2022-05-08 14:00:00,1651989600000,1.6820000000,1.7060000000,1.6810000000,1.6980000000,53387.3231110000,90465.6927680200,90465.6927680200,1,SRM-USDT
2022-05-08 15:00:00,1651993200000,1.6980000000,1.7110000000,1.6900000000,1.6910000000,202961.8548090000,345599.7452153210,345599.7452153210,1,SRM-USDT
2022-05-08 16:00:00,1651996800000,1.6910000000,1.7040000000,1.6850000000,1.7000000000,72698.4758720000,123404.0381126570,123404.0381126570,1,SRM-USDT
2022-05-08 17:00:00,1652000400000,1.7000000000,1.7030000000,1.6860000000,1.6900000000,41443.1293740000,70102.3867705630,70102.3867705630,1,SRM-USDT
2022-05-08 18:00:00,1652004000000,1.6930000000,1.7150000000,1.6850000000,1.7100000000,76811.4196870000,130758.8039578740,130758.8039578740,1,SRM-USDT
2022-05-08 19:00:00,1652007600000,1.7120000000,1.7200000000,1.7060000000,1.7150000000,71587.9717050000,122765.8599144390,122765.8599144390,1,SRM-USDT
2022-05-08 20:00:00,1652011200000,1.7140000000,1.7210000000,1.6910000000,1.6960000000,79497.6372000000,135432.9472201150,135432.9472201150,1,SRM-USDT
2022-05-08 21:00:00,1652014800000,1.6950000000,1.7040000000,1.6780000000,1.6790000000,175637.0764400000,297129.1778402940,297129.1778402940,1,SRM-USDT
2022-05-08 22:00:00,1652018400000,1.6800000000,1.7120000000,1.6750000000,1.7040000000,111490.2714490000,188906.7450612500,188906.7450612500,1,SRM-USDT
2022-05-08 23:00:00,1652022000000,1.7030000000,1.7180000000,1.6960000000,1.6960000000,58246.5290660000,99512.2564715010,99512.2564715010,1,SRM-USDT
2022-05-09 00:00:00,1652025600000,1.6970000000,1.7210000000,1.6970000000,1.7050000000,61140.1450510000,104552.7090272480,104552.7090272480,1,SRM-USDT
2022-05-09 01:00:00,1652029200000,1.7040000000,1.7050000000,1.6620000000,1.6860000000,232651.8435710000,390590.3275404640,390590.3275404640,1,SRM-USDT
2022-05-09 02:00:00,1652032800000,1.6890000000,1.7070000000,1.6730000000,1.7050000000,57195.9344860000,96778.5851141000,96778.5851141000,1,SRM-USDT
2022-05-09 03:00:00,1652036400000,1.7050000000,1.7190000000,1.7030000000,1.7100000000,29444.2141720000,50344.7850941020,50344.7850941020,1,SRM-USDT
2022-05-09 04:00:00,1652040000000,1.7110000000,1.7120000000,1.6900000000,1.6980000000,41937.8067120000,71252.3113365450,71252.3113365450,1,SRM-USDT
2022-05-09 05:00:00,1652043600000,1.7000000000,1.7180000000,1.7000000000,1.7170000000,25390.7565260000,43431.2288012950,43431.2288012950,1,SRM-USDT
2022-05-09 06:00:00,1652047200000,1.7170000000,1.7170000000,1.6870000000,1.6990000000,45140.0243440000,76600.6265650670,76600.6265650670,1,SRM-USDT
2022-05-09 07:00:00,1652050800000,1.6970000000,1.7000000000,1.6760000000,1.6890000000,41839.6929770000,70573.1468108870,70573.1468108870,1,SRM-USDT
2022-05-09 08:00:00,1652054400000,1.6890000000,1.7150000000,1.6840000000,1.7090000000,112616.2323920000,191523.3430342260,191523.3430342260,1,SRM-USDT
2022-05-09 09:00:00,1652058000000,1.7090000000,1.7130000000,1.6760000000,1.6790000000,73521.1567340000,124483.7522348060,124483.7522348060,1,SRM-USDT
2022-05-09 10:00:00,1652061600000,1.6790000000,1.6790000000,1.6300000000,1.6380000000,328830.6066340000,542683.6938467370,542683.6938467370,1,SRM-USDT
2022-05-09 11:00:00,1652065200000,1.6380000000,1.6590000000,1.6310000000,1.6420000000,205555.9468900000,338863.0947746260,338863.0947746260,1,SRM-USDT
2022-05-09 12:00:00,1652068800000,1.6420000000,1.6610000000,1.6400000000,1.6410000000,84016.4342320000,138685.5649659960,138685.5649659960,1,SRM-USDT
2022-05-09 13:00:00,1652072400000,1.6420000000,1.6490000000,1.6300000000,1.6350000000,59366.6669880000,97375.6177729760,97375.6177729760,1,SRM-USDT
2022-05-09 14:00:00,1652076000000,1.6360000000,1.6430000000,1.6140000000,1.6310000000,122388.3976350000,199047.5501004960,199047.5501004960,1,SRM-USDT
2022-05-09 15:00:00,1652079600000,1.6300000000,1.6420000000,1.6200000000,1.6240000000,119048.4019570000,194102.0065557560,194102.0065557560,1,SRM-USDT
2022-05-09 16:00:00,1652083200000,1.6240000000,1.6330000000,1.6070000000,1.6310000000,161512.6351320000,261463.1544170510,261463.1544170510,1,SRM-USDT
2022-05-09 17:00:00,1652086800000,1.6290000000,1.6390000000,1.6160000000,1.6220000000,88299.9192550000,143671.3923547710,143671.3923547710,1,SRM-USDT
2022-05-09 18:00:00,1652090400000,1.6220000000,1.6240000000,1.5520000000,1.5680000000,506612.7820610000,801927.9586606750,801927.9586606750,1,SRM-USDT
2022-05-09 19:00:00,1652094000000,1.5660000000,1.5910000000,1.5600000000,1.5880000000,199824.4438470000,314508.2168958360,314508.2168958360,1,SRM-USDT
2022-05-09 20:00:00,1652097600000,1.5860000000,1.5920000000,1.5710000000,1.5730000000,95760.2570300000,151552.9757017250,151552.9757017250,1,SRM-USDT
2022-05-09 21:00:00,1652101200000,1.5720000000,1.6100000000,1.5600000000,1.5910000000,154620.8214950000,244783.1760227180,244783.1760227180,1,SRM-USDT
2022-05-09 22:00:00,1652104800000,1.5860000000,1.5940000000,1.5650000000,1.5730000000,93505.6912220000,147676.5206381570,147676.5206381570,1,SRM-USDT
2022-05-09 23:00:00,1652108400000,1.5720000000,1.5830000000,1.5370000000,1.5490000000,132752.8276280000,206371.4332546860,206371.4332546860,1,SRM-USDT
2022-05-10 00:00:00,1652112000000,1.5460000000,1.5600000000,1.4800000000,1.5050000000,220736.5614790000,334985.7602111540,334985.7602111540,1,SRM-USDT
2022-05-10 01:00:00,1652115600000,1.5030000000,1.5220000000,1.4680000000,1.5010000000,114634.2638490000,171945.2603684180,171945.2603684180,1,SRM-USDT
2022-05-10 02:00:00,1652119200000,1.5010000000,1.5120000000,1.4410000000,1.4680000000,319477.3808700000,472091.9002430490,472091.9002430490,1,SRM-USDT
2022-05-10 03:00:00,1652122800000,1.4690000000,1.4870000000,1.4390000000,1.4740000000,227135.1974840000,332637.8006576750,332637.8006576750,1,SRM-USDT
2022-05-10 04:00:00,1652126400000,1.4750000000,1.5220000000,1.4750000000,1.4950000000,218540.7660490000,327218.3640698760,327218.3640698760,1,SRM-USDT
2022-05-10 05:00:00,1652130000000,1.4960000000,1.5090000000,1.4680000000,1.4720000000,81741.8063880000,121904.6745377430,121904.6745377430,1,SRM-USDT
2022-05-10 06:00:00,1652133600000,1.4730000000,1.5040000000,1.4660000000,1.4750000000,221302.4122140000,328548.0263092660,328548.0263092660,1,SRM-USDT
2022-05-10 07:00:00,1652137200000,1.4750000000,1.4900000000,1.3950000000,1.4090000000,702197.0910880000,1016933.0953038280,1016933.0953038280,1,SRM-USDT
2022-05-10 08:00:00,1652140800000,1.4090000000,1.4560000000,1.3790000000,1.4500000000,870373.1225500000,1230332.4963270479,1230332.4963270479,1,SRM-USDT
2022-05-10 09:00:00,1652144400000,1.4490000000,1.4700000000,1.4380000000,1.4440000000,650611.4232260000,944837.3558311890,944837.3558311890,1,SRM-USDT
2022-05-10 10:00:00,1652148000000,1.4460000000,1.4630000000,1.4250000000,1.4440000000,758370.6096050000,1095382.3596752861,1095382.3596752861,1,SRM-USDT
2022-05-10 11:00:00,1652151600000,1.4430000000,1.4510000000,1.4110000000,1.4160000000,608383.6752820000,872423.5264128260,872423.5264128260,1,SRM-USDT
2022-05-10 12:00:00,1652155200000,1.4160000000,1.4790000000,1.4080000000,1.4690000000,475693.9061840000,688868.4933899050,688868.4933899050,1,SRM-USDT
2022-05-10 13:00:00,1652158800000,1.4670000000,1.5290000000,1.4670000000,1.5200000000,433273.5611880000,648960.1010558970,648960.1010558970,1,SRM-USDT
2022-05-10 14:00:00,1652162400000,1.5180000000,1.5580000000,1.5150000000,1.5320000000,300072.0732740000,461060.8446857170,461060.8446857170,1,SRM-USDT
2022-05-10 15:00:00,1652166000000,1.5330000000,1.5410000000,1.4990000000,1.4990000000,182875.6786110000,277528.1666142310,277528.1666142310,1,SRM-USDT
2022-05-10 16:00:00,1652169600000,1.4980000000,1.5380000000,1.4980000000,1.5210000000,150749.1486300000,229682.5281575160,229682.5281575160,1,SRM-USDT
2022-05-10 17:00:00,1652173200000,1.5230000000,1.5300000000,1.4980000000,1.5000000000,292545.2674540000,441576.1718534880,441576.1718534880,1,SRM-USDT
2022-05-10 18:00:00,1652176800000,1.5000000000,1.5200000000,1.4940000000,1.5010000000,173053.6549160000,260568.6204383490,260568.6204383490,1,SRM-USDT
2022-05-10 19:00:00,1652180400000,1.5020000000,1.5420000000,1.4970000000,1.5340000000,196412.8409320000,300018.2821109540,300018.2821109540,1,SRM-USDT
2022-05-10 20:00:00,1652184000000,1.5360000000,1.5630000000,1.5240000000,1.5560000000,157787.5502910000,243500.1629014790,243500.1629014790,1,SRM-USDT
2022-05-10 21:00:00,1652187600000,1.5550000000,1.5740000000,1.5220000000,1.5460000000,320174.7510920000,496319.4529146950,496319.4529146950,1,SRM-USDT
2022-05-10 22:00:00,1652191200000,1.5470000000,1.5620000000,1.4840000000,1.4910000000,250458.1663080000,381423.6491407210,381423.6491407210,1,SRM-USDT
2022-05-10 23:00:00,1652194800000,1.4910000000,1.5100000000,1.4560000000,1.4940000000,314762.2101970000,466044.5827360040,466044.5827360040,1,SRM-USDT
2022-05-11 00:00:00,1652198400000,1.4960000000,1.5070000000,1.4680000000,1.4820000000,236521.0671440000,351646.6802675200,351646.6802675200,1,SRM-USDT
2022-05-11 01:00:00,1652202000000,1.4810000000,1.5180000000,1.4810000000,1.5110000000,180022.4097600000,270438.3383704020,270438.3383704020,1,SRM-USDT
2022-05-11 02:00:00,1652205600000,1.5120000000,1.5120000000,1.4750000000,1.4790000000,226598.0538580000,337299.4114074020,337299.4114074020,1,SRM-USDT
2022-05-11 03:00:00,1652209200000,1.4800000000,1.4850000000,1.4560000000,1.4620000000,205768.4842900000,302072.6164263790,302072.6164263790,1,SRM-USDT
2022-05-11 04:00:00,1652212800000,1.4600000000,1.4670000000,1.4380000000,1.4420000000,204711.1225450000,297819.5723898010,297819.5723898010,1,SRM-USDT
2022-05-11 05:00:00,1652216400000,1.4440000000,1.4530000000,1.3830000000,1.3930000000,256395.5306810000,363761.8514197610,363761.8514197610,1,SRM-USDT
2022-05-11 06:00:00,1652220000000,1.3930000000,1.4330000000,1.3890000000,1.4260000000,212025.6861550000,299698.9454521080,299698.9454521080,1,SRM-USDT
2022-05-11 07:00:00,1652223600000,1.4260000000,1.4690000000,1.4200000000,1.4550000000,250715.0822280000,363874.6363334180,363874.6363334180,1,SRM-USDT
2022-05-11 08:00:00,1652227200000,1.4530000000,1.4800000000,1.4330000000,1.4530000000,218296.7495720000,318978.4205794990,318978.4205794990,1,SRM-USDT
2022-05-11 09:00:00,1652230800000,1.4510000000,1.4580000000,1.4200000000,1.4210000000,147014.8008890000,210963.2162123500,210963.2162123500,1,SRM-USDT
2022-05-11 10:00:00,1652234400000,1.4220000000,1.4590000000,1.4090000000,1.4530000000,141737.2079730000,204769.2337173830,204769.2337173830,1,SRM-USDT
2022-05-11 11:00:00,1652238000000,1.4520000000,1.4630000000,1.4260000000,1.4290000000,58058.0525960000,83819.4564136180,83819.4564136180,1,SRM-USDT
2022-05-11 12:00:00,1652241600000,1.4290000000,1.4400000000,1.4090000000,1.4150000000,133554.7818350000,189620.3150484380,189620.3150484380,1,SRM-USDT
2022-05-11 13:00:00,1652245200000,1.4150000000,1.4580000000,1.4060000000,1.4120000000,216073.1923050000,308596.0039559420,308596.0039559420,1,SRM-USDT
2022-05-11 14:00:00,1652248800000,1.4140000000,1.4210000000,1.3480000000,1.3580000000,309089.5447700000,428984.9389396300,428984.9389396300,1,SRM-USDT
2022-05-11 15:00:00,1652252400000,1.3590000000,1.3660000000,1.3000000000,1.3370000000,551783.4112410001,734916.9644923570,734916.9644923570,1,SRM-USDT
2022-05-11 16:00:00,1652256000000,1.3380000000,1.3640000000,1.3140000000,1.3530000000,238946.0336000000,320069.8980658990,320069.8980658990,1,SRM-USDT
2022-05-11 17:00:00,1652259600000,1.3490000000,1.3840000000,1.3250000000,1.3790000000,324967.3707630000,439644.8894159790,439644.8894159790,1,SRM-USDT
2022-05-11 18:00:00,1652263200000,1.3800000000,1.3920000000,1.3470000000,1.3480000000,319098.8961020000,436764.5826132300,436764.5826132300,1,SRM-USDT
2022-05-11 19:00:00,1652266800000,1.3490000000,1.3530000000,1.3020000000,1.3070000000,200219.9240260000,266673.0321031440,266673.0321031440,1,SRM-USDT
2022-05-11 20:00:00,1652270400000,1.3070000000,1.3400000000,1.1440000000,1.1730000000,1224234.2695970000,1497814.6646180700,1497814.6646180700,1,SRM-USDT
2022-05-11 21:00:00,1652274000000,1.1730000000,1.2990000000,1.1650000000,1.2670000000,1249692.3114640000,1525298.6131527021,1525298.6131527021,1,SRM-USDT
2022-05-11 22:00:00,1652277600000,1.2660000000,1.2820000000,1.2400000000,1.2580000000,479266.5346690000,605164.2244615360,605164.2244615360,1,SRM-USDT
2022-05-11 23:00:00,1652281200000,1.2590000000,1.2590000000,1.2110000000,1.2220000000,262998.2701080000,323976.5685448860,323976.5685448860,1,SRM-USDT
2022-05-12 00:00:00,1652284800000,1.2240000000,1.2400000000,1.2010000000,1.2090000000,257655.7980720000,313490.9545325920,313490.9545325920,1,SRM-USDT
2022-05-12 01:00:00,1652288400000,1.2090000000,1.2410000000,1.1800000000,1.2120000000,472729.4964860000,568633.8457138890,568633.8457138890,1,SRM-USDT
2022-05-12 02:00:00,1652292000000,1.2090000000,1.2200000000,1.1970000000,1.2110000000,356115.9445090000,430424.9486168640,430424.9486168640,1,SRM-USDT
2022-05-12 03:00:00,1652295600000,1.2090000000,1.2110000000,1.1550000000,1.1620000000,304245.3345590000,358580.1411577280,358580.1411577280,1,SRM-USDT
2022-05-12 04:00:00,1652299200000,1.1660000000,1.1890000000,1.1130000000,1.1160000000,388176.9764810000,446319.7140153870,446319.7140153870,1,SRM-USDT
2022-05-12 05:00:00,1652302800000,1.1230000000,1.1610000000,1.1000000000,1.1510000000,264701.0140160000,298795.6117295540,298795.6117295540,1,SRM-USDT
2022-05-12 06:00:00,1652306400000,1.1510000000,1.1760000000,1.1390000000,1.1600000000,194861.0337650000,225171.1062281200,225171.1062281200,1,SRM-USDT
2022-05-12 07:00:00,1652310000000,1.1610000000,1.1770000000,1.1400000000,1.1620000000,221683.0796390000,255418.0281238470,255418.0281238470,1,SRM-USDT
2022-05-12 08:00:00,1652313600000,1.1600000000,1.2060000000,1.1440000000,1.1760000000,235827.1861870000,277951.3288169010,277951.3288169010,1,SRM-USDT
2022-05-12 09:00:00,1652317200000,1.1770000000,1.1940000000,1.1300000000,1.1380000000,152033.8174620000,176100.0440138690,176100.0440138690,1,SRM-USDT
2022-05-12 10:00:00,1652320800000,1.1380000000,1.1460000000,1.0970000000,1.1010000000,355899.6010020000,397130.6066930340,397130.6066930340,1,SRM-USDT
2022-05-12 11:00:00,1652324400000,1.1020000000,1.1080000000,1.0610000000,1.0620000000,416860.8472580000,450188.7498218240,450188.7498218240,1,SRM-USDT
2022-05-12 12:00:00,1652328000000,1.0600000000,1.0710000000,1.0120000000,1.0240000000,368579.8054150000,383766.6447103060,383766.6447103060,1,SRM-USDT
2022-05-12 13:00:00,1652331600000,1.0260000000,1.0450000000,0.9900000000,1.0080000000,306329.3035600000,310286.2942504720,310286.2942504720,1,SRM-USDT
2022-05-12 14:00:00,1652335200000,1.0080000000,1.0390000000,0.9920000000,0.9950000000,219719.1235450000,222287.2402609360,222287.2402609360,1,SRM-USDT
2022-05-12 15:00:00,1652338800000,0.9930000000,1.0790000000,0.9720000000,1.0500000000,462870.8533670000,477365.1328095880,477365.1328095880,1,SRM-USDT
2022-05-12 16:00:00,1652342400000,1.0520000000,1.0680000000,1.0350000000,1.0460000000,308461.0677470000,324095.3733500900,324095.3733500900,1,SRM-USDT
2022-05-12 17:00:00,1652346000000,1.0470000000,1.0620000000,1.0200000000,1.0220000000,185838.9302840000,193776.7175823530,193776.7175823530,1,SRM-USDT
2022-05-12 18:00:00,1652349600000,1.0210000000,1.0820000000,1.0170000000,1.0630000000,240348.9002370000,252465.0223168960,252465.0223168960,1,SRM-USDT
2022-05-12 19:00:00,1652353200000,1.0600000000,1.0840000000,1.0500000000,1.0560000000,134243.4100480000,143003.1096405960,143003.1096405960,1,SRM-USDT
2022-05-12 20:00:00,1652356800000,1.0570000000,1.0630000000,1.0260000000,1.0500000000,134000.3710470000,139782.6687466820,139782.6687466820,1,SRM-USDT
2022-05-12 21:00:00,1652360400000,1.0510000000,1.0670000000,1.0200000000,1.0230000000,216374.3925520000,225240.8590621480,225240.8590621480,1,SRM-USDT
2022-05-12 22:00:00,1652364000000,1.0200000000,1.0690000000,1.0160000000,1.0690000000,187927.6363400000,196014.7961512400,196014.7961512400,1,SRM-USDT
2022-05-12 23:00:00,1652367600000,1.0720000000,1.1030000000,1.0470000000,1.0470000000,201141.7343840000,216897.4695573340,216897.4695573340,1,SRM-USDT
2022-05-13 00:00:00,1652371200000,1.0490000000,1.0990000000,1.0470000000,1.0920000000,198733.4171390000,214409.0523475260,214409.0523475260,1,SRM-USDT
2022-05-13 01:00:00,1652374800000,1.0920000000,1.0970000000,1.0540000000,1.0550000000,162146.9661100000,174194.9002778240,174194.9002778240,1,SRM-USDT
2022-05-13 02:00:00,1652378400000,1.0560000000,1.0600000000,1.0250000000,1.0290000000,99004.3961150000,103364.0452778800,103364.0452778800,1,SRM-USDT
2022-05-13 03:00:00,1652382000000,1.0270000000,1.0550000000,1.0270000000,1.0500000000,73813.1656800000,76993.9466626710,76993.9466626710,1,SRM-USDT
2022-05-13 04:00:00,1652385600000,1.0490000000,1.0500000000,1.0290000000,1.0310000000,89792.2392760000,93247.9726341810,93247.9726341810,1,SRM-USDT
2022-05-13 05:00:00,1652389200000,1.0290000000,1.0290000000,1.0000000000,1.0140000000,98897.8976810000,100202.7155217860,100202.7155217860,1,SRM-USDT
2022-05-13 06:00:00,1652392800000,1.0140000000,1.0220000000,1.0050000000,1.0170000000,91798.3445860000,92953.0271146710,92953.0271146710,1,SRM-USDT
2022-05-13 07:00:00,1652396400000,1.0170000000,1.0480000000,1.0170000000,1.0360000000,95349.4534170000,98515.5450382440,98515.5450382440,1,SRM-USDT
2022-05-13 08:00:00,1652400000000,1.0350000000,1.0570000000,1.0230000000,1.0550000000,151258.7103370000,157511.1940050100,157511.1940050100,1,SRM-USDT
2022-05-13 09:00:00,1652403600000,1.0540000000,1.0720000000,1.0450000000,1.0530000000,115165.4459960000,121935.9174518850,121935.9174518850,1,SRM-USDT
2022-05-13 10:00:00,1652407200000,1.0520000000,1.0930000000,1.0490000000,1.0930000000,187904.5090550000,201740.7925162300,201740.7925162300,1,SRM-USDT
2022-05-13 11:00:00,1652410800000,1.0920000000,1.1420000000,1.0900000000,1.1310000000,328102.7426440000,366450.7863678110,366450.7863678110,1,SRM-USDT
2022-05-13 12:00:00,1652414400000,1.1330000000,1.1440000000,1.1210000000,1.1390000000,172446.4284940000,194874.9606438100,194874.9606438100,1,SRM-USDT
2022-05-13 13:00:00,1652418000000,1.1410000000,1.1770000000,1.1370000000,1.1560000000,304046.7970510000,352087.4210189330,352087.4210189330,1,SRM-USDT
2022-05-13 14:00:00,1652421600000,1.1570000000,1.1690000000,1.1500000000,1.1550000000,150119.4477940000,174260.2640344450,174260.2640344450,1,SRM-USDT
2022-05-13 15:00:00,1652425200000,1.1580000000,1.1610000000,1.1220000000,1.1240000000,205199.4605950000,235092.5782913500,235092.5782913500,1,SRM-USDT
2022-05-13 16:00:00,1652428800000,1.1250000000,1.1570000000,1.1250000000,1.1460000000,117474.6835040000,133968.1984553740,133968.1984553740,1,SRM-USDT
2022-05-13 17:00:00,1652432400000,1.1490000000,1.1740000000,1.1480000000,1.1550000000,102178.2099550000,118521.8749326840,118521.8749326840,1,SRM-USDT
2022-05-13 18:00:00,1652436000000,1.1530000000,1.1690000000,1.1400000000,1.1660000000,79466.1297120000,91476.6490821330,91476.6490821330,1,SRM-USDT
2022-05-13 19:00:00,1652439600000,1.1670000000,1.1910000000,1.1600000000,1.1890000000,87471.2548800000,102667.4806172770,102667.4806172770,1,SRM-USDT
2022-05-13 20:00:00,1652443200000,1.1880000000,1.1980000000,1.1760000000,1.1820000000,149907.9653010000,177972.9657894730,177972.9657894730,1,SRM-USDT
2022-05-13 21:00:00,1652446800000,1.1840000000,1.2010000000,1.1630000000,1.1970000000,129756.0061060000,153275.5580977470,153275.5580977470,1,SRM-USDT
2022-05-13 22:00:00,1652450400000,1.2020000000,1.2120000000,1.1920000000,1.2050000000,72168.7395940000,86864.2688584430,86864.2688584430,1,SRM-USDT
2022-05-13 23:00:00,1652454000000,1.2050000000,1.2070000000,1.1710000000,1.1740000000,63658.5168200000,76336.2614166250,76336.2614166250,1,SRM-USDT
2022-05-14 00:00:00,1652457600000,1.1760000000,1.1830000000,1.1430000000,1.1470000000,188021.3794140000,218218.9479702640,218218.9479702640,1,SRM-USDT
2022-05-14 01:00:00,1652461200000,1.1480000000,1.1620000000,1.1400000000,1.1450000000,139938.5401850000,161148.7198324680,161148.7198324680,1,SRM-USDT
2022-05-14 02:00:00,1652464800000,1.1440000000,1.1620000000,1.1310000000,1.1590000000,186639.8379600000,214064.2294065380,214064.2294065380,1,SRM-USDT
2022-05-14 03:00:00,1652468400000,1.1600000000,1.1770000000,1.1530000000,1.1770000000,159512.5076670000,185093.7906858240,185093.7906858240,1,SRM-USDT
2022-05-14 04:00:00,1652472000000,1.1750000000,1.1930000000,1.1690000000,1.1900000000,103535.0760840000,122349.6152206260,122349.6152206260,1,SRM-USDT
2022-05-14 05:00:00,1652475600000,1.1900000000,1.2140000000,1.1880000000,1.2130000000,98396.9598010000,117742.6937121630,117742.6937121630,1,SRM-USDT
2022-05-14 06:00:00,1652479200000,1.2120000000,1.2220000000,1.2060000000,1.2130000000,58539.9437210000,71203.9091978070,71203.9091978070,1,SRM-USDT
2022-05-14 07:00:00,1652482800000,1.2140000000,1.2170000000,1.1820000000,1.1910000000,223194.5249160000,266939.5328544000,266939.5328544000,1,SRM-USDT
2022-05-14 08:00:00,1652486400000,1.1900000000,1.2290000000,1.1840000000,1.2290000000,134152.1476630000,162297.9200585770,162297.9200585770,1,SRM-USDT
2022-05-14 09:00:00,1652490000000,1.2300000000,1.2620000000,1.2210000000,1.2520000000,75203.0187180000,93029.4747684130,93029.4747684130,1,SRM-USDT
2022-05-14 10:00:00,1652493600000,1.2530000000,1.2670000000,1.2430000000,1.2560000000,92967.9650500000,116910.0223932000,116910.0223932000,1,SRM-USDT
2022-05-14 11:00:00,1652497200000,1.2560000000,1.2620000000,1.2450000000,1.2530000000,103488.7277370000,129462.9570392810,129462.9570392810,1,SRM-USDT
2022-05-14 12:00:00,1652500800000,1.2530000000,1.2600000000,1.2270000000,1.2360000000,177565.9471590000,220995.4517711260,220995.4517711260,1,SRM-USDT
2022-05-14 13:00:00,1652504400000,1.2340000000,1.2480000000,1.2310000000,1.2450000000,139202.9595080000,172793.1085019130,172793.1085019130,1,SRM-USDT
2022-05-14 14:00:00,1652508000000,1.2440000000,1.2560000000,1.2360000000,1.2530000000,138501.0649170000,172397.3084323940,172397.3084323940,1,SRM-USDT
2022-05-14 15:00:00,1652511600000,1.2540000000,1.2590000000,1.2450000000,1.2510000000,111907.1968990000,139879.9159921530,139879.9159921530,1,SRM-USDT
2022-05-14 16:00:00,1652515200000,1.2520000000,1.2870000000,1.2480000000,1.2800000000,155580.1430290000,197151.0279204060,197151.0279204060,1,SRM-USDT
2022-05-14 17:00:00,1652518800000,1.2800000000,1.2930000000,1.2540000000,1.2650000000,122294.6209370000,155445.7281520250,155445.7281520250,1,SRM-USDT
2022-05-14 18:00:00,1652522400000,1.2650000000,1.2730000000,1.2450000000,1.2540000000,37696.4952330000,47361.1263908540,47361.1263908540,1,SRM-USDT
2022-05-14 19:00:00,1652526000000,1.2550000000,1.2640000000,1.2260000000,1.2330000000,75114.2278770000,93113.6562800180,93113.6562800180,1,SRM-USDT
2022-05-14 20:00:00,1652529600000,1.2320000000,1.2560000000,1.2190000000,1.2310000000,89587.8220590000,110225.7802437130,110225.7802437130,1,SRM-USDT
2022-05-14 21:00:00,1652533200000,1.2340000000,1.2400000000,1.2120000000,1.2150000000,50742.9967930000,62181.9686103940,62181.9686103940,1,SRM-USDT
2022-05-14 22:00:00,1652536800000,1.2150000000,1.2210000000,1.2020000000,1.2170000000,84463.7416300000,102349.1811595930,102349.1811595930,1,SRM-USDT
2022-05-14 23:00:00,1652540400000,1.2180000000,1.2370000000,1.2060000000,1.2100000000,85161.2392380000,103841.9113287700,103841.9113287700,1,SRM-USDT
2022-05-15 00:00:00,1652544000000,1.2090000000,1.2840000000,1.2090000000,1.2420000000,139895.4423380000,173469.4747124630,173469.4747124630,1,SRM-USDT
2022-05-15 01:00:00,1652547600000,1.2410000000,1.2640000000,1.2380000000,1.2620000000,98582.2613970000,123541.4324608150,123541.4324608150,1,SRM-USDT
2022-05-15 02:00:00,1652551200000,1.2620000000,1.2850000000,1.2620000000,1.2650000000,82560.4415560000,104782.9578993680,104782.9578993680,1,SRM-USDT
2022-05-15 03:00:00,1652554800000,1.2640000000,1.2710000000,1.2520000000,1.2580000000,71739.5953170000,90498.9606706950,90498.9606706950,1,SRM-USDT
2022-05-15 04:00:00,1652558400000,1.2570000000,1.2800000000,1.2570000000,1.2690000000,56481.3173260000,71755.1592863680,71755.1592863680,1,SRM-USDT
2022-05-15 05:00:00,1652562000000,1.2700000000,1.3270000000,1.2630000000,1.2800000000,117453.7005850000,152329.0227476370,152329.0227476370,1,SRM-USDT
2022-05-15 06:00:00,1652565600000,1.2790000000,1.3020000000,1.2760000000,1.2960000000,58535.8383680000,75356.9036519160,75356.9036519160,1,SRM-USDT
2022-05-15 07:00:00,1652569200000,1.2960000000,1.3140000000,1.2890000000,1.3070000000,62502.7086990000,81336.4529341240,81336.4529341240,1,SRM-USDT
2022-05-15 08:00:00,1652572800000,1.3070000000,1.3220000000,1.2970000000,1.3020000000,116363.3015800000,152381.4836811410,152381.4836811410,1,SRM-USDT
2022-05-15 09:00:00,1652576400000,1.3030000000,1.3070000000,1.2850000000,1.2940000000,67997.6790560000,87908.8151936290,87908.8151936290,1,SRM-USDT
2022-05-15 10:00:00,1652580000000,1.2940000000,1.2980000000,1.2680000000,1.2720000000,37093.4413060000,47673.1072421370,47673.1072421370,1,SRM-USDT
2022-05-15 11:00:00,1652583600000,1.2740000000,1.2760000000,1.2630000000,1.2680000000,68034.9055410000,86217.5494183630,86217.5494183630,1,SRM-USDT
2022-05-15 12:00:00,1652587200000,1.2680000000,1.2760000000,1.2630000000,1.2700000000,42701.3598980000,54173.8752734290,54173.8752734290,1,SRM-USDT
2022-05-15 13:00:00,1652590800000,1.2700000000,1.2910000000,1.2670000000,1.2880000000,62543.9381580000,79878.9267210460,79878.9267210460,1,SRM-USDT
2022-05-15 14:00:00,1652594400000,1.2880000000,1.2970000000,1.2820000000,1.2960000000,44242.8561770000,57076.7888513970,57076.7888513970,1,SRM-USDT
2022-05-15 15:00:00,1652598000000,1.2950000000,1.3010000000,1.2850000000,1.2870000000,41365.4385370000,53562.9361082080,53562.9361082080,1,SRM-USDT
2022-05-15 16:00:00,1652601600000,1.2860000000,1.2880000000,1.2640000000,1.2650000000,74255.5979570000,94497.3257714060,94497.3257714060,1,SRM-USDT
2022-05-15 17:00:00,1652605200000,1.2650000000,1.2810000000,1.2630000000,1.2780000000,59657.7224920000,75967.1896555610,75967.1896555610,1,SRM-USDT
2022-05-15 18:00:00,1652608800000,1.2770000000,1.2900000000,1.2700000000,1.2890000000,83548.7366140000,106802.8088612370,106802.8088612370,1,SRM-USDT
2022-05-15 19:00:00,1652612400000,1.2870000000,1.3050000000,1.2810000000,1.3020000000,83309.2787510000,107608.2574639390,107608.2574639390,1,SRM-USDT
2022-05-15 20:00:00,1652616000000,1.3010000000,1.3140000000,1.2950000000,1.2980000000,84739.9326920000,110447.1864040390,110447.1864040390,1,SRM-USDT
2022-05-15 21:00:00,1652619600000,1.2970000000,1.2970000000,1.2770000000,1.2790000000,98473.5137390000,126342.0612987110,126342.0612987110,1,SRM-USDT
2022-05-15 22:00:00,1652623200000,1.2790000000,1.2810000000,1.2650000000,1.2790000000,50334.0177670000,64095.1877081070,64095.1877081070,1,SRM-USDT
2022-05-15 23:00:00,1652626800000,1.2780000000,1.2880000000,1.2690000000,1.2760000000,54558.4559290000,69855.5778283910,69855.5778283910,1,SRM-USDT
2022-05-16 00:00:00,1652630400000,1.2730000000,1.2910000000,1.2690000000,1.2870000000,102268.1179300000,130878.3304626580,130878.3304626580,1,SRM-USDT
2022-05-16 01:00:00,1652634000000,1.2860000000,1.2910000000,1.2750000000,1.2790000000,46190.5028950000,59269.1564517060,59269.1564517060,1,SRM-USDT
2022-05-16 02:00:00,1652637600000,1.2780000000,1.3020000000,1.2740000000,1.2940000000,64751.6176340000,83436.5928827620,83436.5928827620,1,SRM-USDT
2022-05-16 03:00:00,1652641200000,1.2940000000,1.3000000000,1.2870000000,1.2990000000,48459.2065840000,62610.7039086170,62610.7039086170,1,SRM-USDT
2022-05-16 04:00:00,1652644800000,1.3000000000,1.3330000000,1.2990000000,1.3300000000,108256.5806430000,143372.4736694050,143372.4736694050,1,SRM-USDT
2022-05-16 05:00:00,1652648400000,1.3290000000,1.3530000000,1.3250000000,1.3450000000,59647.4006570000,79674.7625012070,79674.7625012070,1,SRM-USDT
2022-05-16 06:00:00,1652652000000,1.3450000000,1.3590000000,1.3430000000,1.3460000000,44619.5544890000,60321.3387313240,60321.3387313240,1,SRM-USDT
2022-05-16 07:00:00,1652655600000,1.3440000000,1.3630000000,1.3420000000,1.3620000000,49722.0228310000,67152.6286109680,67152.6286109680,1,SRM-USDT
2022-05-16 08:00:00,1652659200000,1.3620000000,1.3620000000,1.3210000000,1.3230000000,83155.4675340000,111060.4699644160,111060.4699644160,1,SRM-USDT
2022-05-16 09:00:00,1652662800000,1.3240000000,1.3290000000,1.3100000000,1.3240000000,93104.5929410000,122948.0179354070,122948.0179354070,1,SRM-USDT
2022-05-16 10:00:00,1652666400000,1.3250000000,1.3250000000,1.3050000000,1.3080000000,91127.3680570000,119959.1971159520,119959.1971159520,1,SRM-USDT
2022-05-16 11:00:00,1652670000000,1.3090000000,1.3110000000,1.2930000000,1.2980000000,88510.9737280000,115128.2948022120,115128.2948022120,1,SRM-USDT
2022-05-16 12:00:00,1652673600000,1.2950000000,1.2980000000,1.2860000000,1.2940000000,72512.1525610000,93711.5757054720,93711.5757054720,1,SRM-USDT
2022-05-16 13:00:00,1652677200000,1.2950000000,1.2980000000,1.2860000000,1.2880000000,30360.0679530000,39272.7452437980,39272.7452437980,1,SRM-USDT
2022-05-16 14:00:00,1652680800000,1.2880000000,1.2880000000,1.2350000000,1.2410000000,149707.1545000000,188047.8813490100,188047.8813490100,1,SRM-USDT
2022-05-16 15:00:00,1652684400000,1.2400000000,1.2540000000,1.2280000000,1.2470000000,77493.0466230000,96207.3195081240,96207.3195081240,1,SRM-USDT
2022-05-16 16:00:00,1652688000000,1.2460000000,1.2630000000,1.2460000000,1.2610000000,60283.9179320000,75821.5595383970,75821.5595383970,1,SRM-USDT
2022-05-16 17:00:00,1652691600000,1.2600000000,1.2620000000,1.2260000000,1.2310000000,118730.5150430000,147813.4239863420,147813.4239863420,1,SRM-USDT
2022-05-16 18:00:00,1652695200000,1.2320000000,1.2690000000,1.2240000000,1.2580000000,128688.7032470000,161006.3165501470,161006.3165501470,1,SRM-USDT
2022-05-16 19:00:00,1652698800000,1.2570000000,1.2590000000,1.2390000000,1.2390000000,62880.2093720000,78297.0714434820,78297.0714434820,1,SRM-USDT
2022-05-16 20:00:00,1652702400000,1.2390000000,1.2570000000,1.2240000000,1.2450000000,133200.3810670000,165311.1196887340,165311.1196887340,1,SRM-USDT
2022-05-16 21:00:00,1652706000000,1.2430000000,1.2530000000,1.2170000000,1.2170000000,116308.4170320000,143333.0703547020,143333.0703547020,1,SRM-USDT
2022-05-16 22:00:00,1652709600000,1.2170000000,1.2350000000,1.2130000000,1.2140000000,73826.9621950000,90502.0346548940,90502.0346548940,1,SRM-USDT
2022-05-16 23:00:00,1652713200000,1.2130000000,1.2240000000,1.1980000000,1.2150000000,81694.0652460000,99307.2307359480,99307.2307359480,1,SRM-USDT
2022-05-17 00:00:00,1652716800000,1.2140000000,1.2200000000,1.2050000000,1.2070000000,69210.0284220000,83912.4262416890,83912.4262416890,1,SRM-USDT
2022-05-17 01:00:00,1652720400000,1.2080000000,1.2240000000,1.2070000000,1.2220000000,65273.8265420000,79329.8148490050,79329.8148490050,1,SRM-USDT
2022-05-17 02:00:00,1652724000000,1.2200000000,1.2320000000,1.2200000000,1.2280000000,35405.6562370000,43451.1973331800,43451.1973331800,1,SRM-USDT
2022-05-17 03:00:00,1652727600000,1.2270000000,1.2300000000,1.2120000000,1.2140000000,53596.3726120000,65437.9996768100,65437.9996768100,1,SRM-USDT
2022-05-17 04:00:00,1652731200000,1.2140000000,1.2270000000,1.2140000000,1.2260000000,34085.9164210000,41643.8473611120,41643.8473611120,1,SRM-USDT
2022-05-17 05:00:00,1652734800000,1.2250000000,1.2340000000,1.2250000000,1.2300000000,35800.4142250000,43950.7731282780,43950.7731282780,1,SRM-USDT
2022-05-17 06:00:00,1652738400000,1.2300000000,1.2340000000,1.2180000000,1.2210000000,91519.1875630000,112381.0529664990,112381.0529664990,1,SRM-USDT
2022-05-17 07:00:00,1652742000000,1.2220000000,1.2230000000,1.2020000000,1.2160000000,88069.8659320000,106829.9422502390,106829.9422502390,1,SRM-USDT
2022-05-17 08:00:00,1652745600000,1.2150000000,1.2370000000,1.2150000000,1.2340000000,85610.8406620000,104927.2406415970,104927.2406415970,1,SRM-USDT
2022-05-17 09:00:00,1652749200000,1.2340000000,1.2360000000,1.2240000000,1.2340000000,49069.6683580000,60382.3164652860,60382.3164652860,1,SRM-USDT
2022-05-17 10:00:00,1652752800000,1.2340000000,1.2380000000,1.2280000000,1.2300000000,17758.9096930000,21872.2749659040,21872.2749659040,1,SRM-USDT
2022-05-17 11:00:00,1652756400000,1.2310000000,1.2460000000,1.2310000000,1.2440000000,53701.7936170000,66608.2333567950,66608.2333567950,1,SRM-USDT
2022-05-17 12:00:00,1652760000000,1.2440000000,1.2520000000,1.2390000000,1.2510000000,34092.1781140000,42468.4687016410,42468.4687016410,1,SRM-USDT
2022-05-17 13:00:00,1652763600000,1.2510000000,1.2540000000,1.2430000000,1.2530000000,47246.8167930000,59031.6077894630,59031.6077894630,1,SRM-USDT
2022-05-17 14:00:00,1652767200000,1.2530000000,1.2620000000,1.2480000000,1.2620000000,36860.7595600000,46280.5342685400,46280.5342685400,1,SRM-USDT
2022-05-17 15:00:00,1652770800000,1.2620000000,1.2640000000,1.2420000000,1.2420000000,48961.5112700000,61209.2535579650,61209.2535579650,1,SRM-USDT
2022-05-17 16:00:00,1652774400000,1.2420000000,1.2560000000,1.2420000000,1.2530000000,45387.5235410000,56763.5295377380,56763.5295377380,1,SRM-USDT
2022-05-17 17:00:00,1652778000000,1.2540000000,1.2600000000,1.2530000000,1.2560000000,30245.9893280000,38002.2508574710,38002.2508574710,1,SRM-USDT
2022-05-17 18:00:00,1652781600000,1.2560000000,1.2570000000,1.2500000000,1.2540000000,31041.0333730000,38914.2491629580,38914.2491629580,1,SRM-USDT
2022-05-17 19:00:00,1652785200000,1.2530000000,1.2590000000,1.2480000000,1.2510000000,42179.0278860000,52834.4052903180,52834.4052903180,1,SRM-USDT
2022-05-17 20:00:00,1652788800000,1.2490000000,1.2730000000,1.2470000000,1.2710000000,68283.8970870000,86235.0322509520,86235.0322509520,1,SRM-USDT
2022-05-17 21:00:00,1652792400000,1.2700000000,1.2850000000,1.2620000000,1.2720000000,142913.2382380000,182099.1789793560,182099.1789793560,1,SRM-USDT
2022-05-17 22:00:00,1652796000000,1.2710000000,1.2710000000,1.2290000000,1.2300000000,94605.4207230000,118641.0091761240,118641.0091761240,1,SRM-USDT
2022-05-17 23:00:00,1652799600000,1.2300000000,1.2330000000,1.2150000000,1.2310000000,30492.6905910000,37359.9637117900,37359.9637117900,1,SRM-USDT
2022-05-18 00:00:00,1652803200000,1.2320000000,1.2320000000,1.2110000000,1.2250000000,76727.1077730000,93912.5545461330,93912.5545461330,1,SRM-USDT
2022-05-18 01:00:00,1652806800000,1.2230000000,1.2350000000,1.2170000000,1.2170000000,74911.4767280000,91958.9600480810,91958.9600480810,1,SRM-USDT
2022-05-18 02:00:00,1652810400000,1.2170000000,1.2260000000,1.1910000000,1.2080000000,56039.4715840000,67893.4013531120,67893.4013531120,1,SRM-USDT
2022-05-18 03:00:00,1652814000000,1.2080000000,1.2320000000,1.2060000000,1.2170000000,87577.2543110000,107028.7423758840,107028.7423758840,1,SRM-USDT
2022-05-18 04:00:00,1652817600000,1.2160000000,1.2300000000,1.2160000000,1.2260000000,57902.8425850000,70884.5959763540,70884.5959763540,1,SRM-USDT
2022-05-18 05:00:00,1652821200000,1.2250000000,1.2520000000,1.2240000000,1.2500000000,64962.8066300000,80428.4971704430,80428.4971704430,1,SRM-USDT
2022-05-18 06:00:00,1652824800000,1.2500000000,1.2610000000,1.2460000000,1.2500000000,72599.0586750000,91046.4924606370,91046.4924606370,1,SRM-USDT
2022-05-18 07:00:00,1652828400000,1.2510000000,1.2620000000,1.2510000000,1.2580000000,78840.4526230000,99002.9087998140,99002.9087998140,1,SRM-USDT
2022-05-18 08:00:00,1652832000000,1.2570000000,1.2710000000,1.2510000000,1.2510000000,77106.9261550000,97466.9801969570,97466.9801969570,1,SRM-USDT
2022-05-18 09:00:00,1652835600000,1.2520000000,1.2520000000,1.2360000000,1.2370000000,53183.6384570000,66226.4211078410,66226.4211078410,1,SRM-USDT
2022-05-18 10:00:00,1652839200000,1.2370000000,1.2460000000,1.2370000000,1.2460000000,27786.1242110000,34496.9829102950,34496.9829102950,1,SRM-USDT
2022-05-18 11:00:00,1652842800000,1.2450000000,1.2450000000,1.2130000000,1.2180000000,89068.4837890000,109141.1459596160,109141.1459596160,1,SRM-USDT
2022-05-18 12:00:00,1652846400000,1.2160000000,1.2260000000,1.2130000000,1.2180000000,54529.4802450000,66557.3620323090,66557.3620323090,1,SRM-USDT
2022-05-18 13:00:00,1652850000000,1.2180000000,1.2350000000,1.2180000000,1.2320000000,42072.0677740000,51726.4930352850,51726.4930352850,1,SRM-USDT
2022-05-18 14:00:00,1652853600000,1.2310000000,1.2340000000,1.2140000000,1.2150000000,48818.5957830000,59741.3214326890,59741.3214326890,1,SRM-USDT
2022-05-18 15:00:00,1652857200000,1.2200000000,1.2290000000,1.2160000000,1.2290000000,28655.2836610000,35024.2540364290,35024.2540364290,1,SRM-USDT
2022-05-18 16:00:00,1652860800000,1.2290000000,1.2320000000,1.2240000000,1.2280000000,55979.8672830000,68671.4522786340,68671.4522786340,1,SRM-USDT
2022-05-18 17:00:00,1652864400000,1.2280000000,1.2320000000,1.2190000000,1.2250000000,31392.4668620000,38451.9224527170,38451.9224527170,1,SRM-USDT
2022-05-18 18:00:00,1652868000000,1.2250000000,1.2280000000,1.2200000000,1.2230000000,30335.5273600000,37138.5327220670,37138.5327220670,1,SRM-USDT
2022-05-18 19:00:00,1652871600000,1.2220000000,1.2230000000,1.2100000000,1.2130000000,42685.1065930000,51900.9750725480,51900.9750725480,1,SRM-USDT
2022-05-18 20:00:00,1652875200000,1.2130000000,1.2140000000,1.1860000000,1.1880000000,88658.1037330000,106508.6210644710,106508.6210644710,1,SRM-USDT
2022-05-18 21:00:00,1652878800000,1.1900000000,1.1930000000,1.1710000000,1.1740000000,54446.1038630000,64239.0884468990,64239.0884468990,1,SRM-USDT
2022-05-18 22:00:00,1652882400000,1.1740000000,1.1840000000,1.1580000000,1.1640000000,111139.6328110000,130297.5632931610,130297.5632931610,1,SRM-USDT
2022-05-18 23:00:00,1652886000000,1.1660000000,1.1660000000,1.1390000000,1.1590000000,123683.8083680000,142237.1093064000,142237.1093064000,1,SRM-USDT
2022-05-19 00:00:00,1652889600000,1.1560000000,1.1750000000,1.1470000000,1.1730000000,71293.1866190000,82738.4671772550,82738.4671772550,1,SRM-USDT
2022-05-19 01:00:00,1652893200000,1.1710000000,1.1730000000,1.1620000000,1.1630000000,35264.1227010000,41209.9440606860,41209.9440606860,1,SRM-USDT
2022-05-19 02:00:00,1652896800000,1.1630000000,1.1720000000,1.1590000000,1.1670000000,23562.2033750000,27479.9766722090,27479.9766722090,1,SRM-USDT
2022-05-19 03:00:00,1652900400000,1.1690000000,1.1820000000,1.1690000000,1.1780000000,63231.9101830000,74382.5596424320,74382.5596424320,1,SRM-USDT
2022-05-19 04:00:00,1652904000000,1.1750000000,1.1760000000,1.1520000000,1.1590000000,43280.3558620000,50246.1238476130,50246.1238476130,1,SRM-USDT
2022-05-19 05:00:00,1652907600000,1.1580000000,1.1610000000,1.1480000000,1.1490000000,62013.3399010000,71692.3702568310,71692.3702568310,1,SRM-USDT
2022-05-19 06:00:00,1652911200000,1.1510000000,1.1590000000,1.1430000000,1.1460000000,104894.9472230000,120270.7896637320,120270.7896637320,1,SRM-USDT
2022-05-19 07:00:00,1652914800000,1.1440000000,1.1530000000,1.1170000000,1.1220000000,62912.6514770000,71043.1530751140,71043.1530751140,1,SRM-USDT
2022-05-19 08:00:00,1652918400000,1.1220000000,1.1320000000,1.1140000000,1.1160000000,99533.6988110000,112047.9859512780,112047.9859512780,1,SRM-USDT
2022-05-19 09:00:00,1652922000000,1.1170000000,1.1280000000,1.0870000000,1.0920000000,122697.5123700000,135401.0990270750,135401.0990270750,1,SRM-USDT
2022-05-19 10:00:00,1652925600000,1.0940000000,1.1180000000,1.0830000000,1.1180000000,82507.3764070000,90632.5376819490,90632.5376819490,1,SRM-USDT
2022-05-19 11:00:00,1652929200000,1.1180000000,1.1270000000,1.1170000000,1.1200000000,56557.6678410000,63531.6704109900,63531.6704109900,1,SRM-USDT
2022-05-19 12:00:00,1652932800000,1.1200000000,1.1280000000,1.1160000000,1.1160000000,32604.9671500000,36643.5100244060,36643.5100244060,1,SRM-USDT
2022-05-19 13:00:00,1652936400000,1.1160000000,1.1180000000,1.1080000000,1.1090000000,22423.7157920000,24917.0723081480,24917.0723081480,1,SRM-USDT
2022-05-19 14:00:00,1652940000000,1.1100000000,1.1310000000,1.1100000000,1.1270000000,58865.8878300000,65983.4005671770,65983.4005671770,1,SRM-USDT
2022-05-19 15:00:00,1652943600000,1.1290000000,1.1300000000,1.1100000000,1.1140000000,34021.1851910000,38083.9681806240,38083.9681806240,1,SRM-USDT
2022-05-19 16:00:00,1652947200000,1.1130000000,1.1130000000,1.1010000000,1.1010000000,83204.9663630000,91994.1430506510,91994.1430506510,1,SRM-USDT
2022-05-19 17:00:00,1652950800000,1.1000000000,1.1050000000,1.0910000000,1.1020000000,19945.7455270000,21911.0877364340,21911.0877364340,1,SRM-USDT
2022-05-19 18:00:00,1652954400000,1.1020000000,1.1110000000,1.0970000000,1.1050000000,12627.2781760000,13949.7410508420,13949.7410508420,1,SRM-USDT
2022-05-19 19:00:00,1652958000000,1.1060000000,1.1420000000,1.0960000000,1.1400000000,47461.5083470000,53195.0617840550,53195.0617840550,1,SRM-USDT
2022-05-19 20:00:00,1652961600000,1.1400000000,1.1400000000,1.1220000000,1.1280000000,23570.3762090000,26612.2513088570,26612.2513088570,1,SRM-USDT
2022-05-19 21:00:00,1652965200000,1.1260000000,1.1550000000,1.1260000000,1.1340000000,18166.7881100000,20678.0334210280,20678.0334210280,1,SRM-USDT
2022-05-19 22:00:00,1652968800000,1.1400000000,1.1570000000,1.1400000000,1.1510000000,34749.5193380000,39893.1342380420,39893.1342380420,1,SRM-USDT
2022-05-19 23:00:00,1652972400000,1.1530000000,1.1770000000,1.1440000000,1.1710000000,53452.3336380000,62179.6437605810,62179.6437605810,1,SRM-USDT
2022-05-20 00:00:00,1652976000000,1.1710000000,1.1730000000,1.1500000000,1.1570000000,68987.6809790000,80421.2920017950,80421.2920017950,1,SRM-USDT
2022-05-20 01:00:00,1652979600000,1.1580000000,1.1630000000,1.1450000000,1.1530000000,30483.7660430000,35153.0486596670,35153.0486596670,1,SRM-USDT
2022-05-20 02:00:00,1652983200000,1.1540000000,1.1590000000,1.1450000000,1.1450000000,42324.9677140000,48776.6173497870,48776.6173497870,1,SRM-USDT
2022-05-20 03:00:00,1652986800000,1.1460000000,1.1480000000,1.1360000000,1.1360000000,14759.7761540000,16807.2134347880,16807.2134347880,1,SRM-USDT
2022-05-20 04:00:00,1652990400000,1.1360000000,1.1440000000,1.1320000000,1.1440000000,18319.2269000000,20815.1756820650,20815.1756820650,1,SRM-USDT
2022-05-20 05:00:00,1652994000000,1.1440000000,1.1500000000,1.1380000000,1.1380000000,18579.4041200000,21273.7115454000,21273.7115454000,1,SRM-USDT
2022-05-20 06:00:00,1652997600000,1.1380000000,1.1380000000,1.1250000000,1.1340000000,47531.8138550000,53633.6131768680,53633.6131768680,1,SRM-USDT
2022-05-20 07:00:00,1653001200000,1.1430000000,1.1590000000,1.1350000000,1.1550000000,75472.2974010000,86722.1550884130,86722.1550884130,1,SRM-USDT
2022-05-20 08:00:00,1653004800000,1.1540000000,1.1560000000,1.1420000000,1.1520000000,21097.5648980000,24244.8461760670,24244.8461760670,1,SRM-USDT
2022-05-20 09:00:00,1653008400000,1.1500000000,1.1750000000,1.1470000000,1.1620000000,37062.1492120000,43126.8907296300,43126.8907296300,1,SRM-USDT
2022-05-20 10:00:00,1653012000000,1.1620000000,1.1620000000,1.1490000000,1.1570000000,19473.1499560000,22493.7810386820,22493.7810386820,1,SRM-USDT
2022-05-20 11:00:00,1653015600000,1.1580000000,1.1580000000,1.1450000000,1.1470000000,6413.0179340000,7395.6514281190,7395.6514281190,1,SRM-USDT
2022-05-20 12:00:00,1653019200000,1.1480000000,1.1520000000,1.1330000000,1.1380000000,11419.8533920000,13044.5602973670,13044.5602973670,1,SRM-USDT
2022-05-20 13:00:00,1653022800000,1.1370000000,1.1500000000,1.1350000000,1.1480000000,17396.9010270000,19863.4532669600,19863.4532669600,1,SRM-USDT
2022-05-20 14:00:00,1653026400000,1.1480000000,1.1480000000,1.1200000000,1.1260000000,41334.7300660000,46647.8336742430,46647.8336742430,1,SRM-USDT
2022-05-20 15:00:00,1653030000000,1.1270000000,1.1390000000,1.1230000000,1.1370000000,17109.8940930000,19320.8668892170,19320.8668892170,1,SRM-USDT
2022-05-20 16:00:00,1653033600000,1.1350000000,1.1480000000,1.1340000000,1.1400000000,22454.5649140000,25651.4703111290,25651.4703111290,1,SRM-USDT
2022-05-20 17:00:00,1653037200000,1.1390000000,1.1550000000,1.1360000000,1.1520000000,19083.8807020000,21907.5392978450,21907.5392978450,1,SRM-USDT
2022-05-20 18:00:00,1653040800000,1.1530000000,1.1620000000,1.1520000000,1.1610000000,22403.9565650000,25870.5957515130,25870.5957515130,1,SRM-USDT
2022-05-20 19:00:00,1653044400000,1.1600000000,1.1690000000,1.1510000000,1.1650000000,59306.2506000000,68929.6123534580,68929.6123534580,1,SRM-USDT
2022-05-20 20:00:00,1653048000000,1.1640000000,1.1680000000,1.1400000000,1.1450000000,29044.3448960000,33394.3328323260,33394.3328323260,1,SRM-USDT
2022-05-20 21:00:00,1653051600000,1.1440000000,1.1520000000,1.1320000000,1.1450000000,47609.2516870000,54421.7111833100,54421.7111833100,1,SRM-USDT
2022-05-20 22:00:00,1653055200000,1.1450000000,1.1450000000,1.1050000000,1.1090000000,93852.4891610000,105095.6332274240,105095.6332274240,1,SRM-USDT
2022-05-20 23:00:00,1653058800000,1.1080000000,1.1100000000,1.0900000000,1.0950000000,39603.6587590000,43530.5918931690,43530.5918931690,1,SRM-USDT
2022-05-21 00:00:00,1653062400000,1.0940000000,1.0940000000,1.0770000000,1.0820000000,57229.0377190000,62096.5484520860,62096.5484520860,1,SRM-USDT
2022-05-21 01:00:00,1653066000000,1.0810000000,1.0920000000,1.0760000000,1.0910000000,21050.3356750000,22774.0262769340,22774.0262769340,1,SRM-USDT
2022-05-21 02:00:00,1653069600000,1.0900000000,1.0920000000,1.0780000000,1.0890000000,19062.6887030000,20685.0015888800,20685.0015888800,1,SRM-USDT
2022-05-21 03:00:00,1653073200000,1.0890000000,1.1030000000,1.0880000000,1.1030000000,16722.2477600000,18340.2884534910,18340.2884534910,1,SRM-USDT
2022-05-21 04:00:00,1653076800000,1.1020000000,1.1100000000,1.0880000000,1.0940000000,50745.3662670000,55802.4218505070,55802.4218505070,1,SRM-USDT
2022-05-21 05:00:00,1653080400000,1.0950000000,1.1020000000,1.0850000000,1.0850000000,26806.1109220000,29235.6815793290,29235.6815793290,1,SRM-USDT
2022-05-21 06:00:00,1653084000000,1.0860000000,1.1030000000,1.0860000000,1.0930000000,21465.8914550000,23534.6438853960,23534.6438853960,1,SRM-USDT
2022-05-21 07:00:00,1653087600000,1.0930000000,1.1060000000,1.0900000000,1.0930000000,24920.5300210000,27360.7510376650,27360.7510376650,1,SRM-USDT
2022-05-21 08:00:00,1653091200000,1.0930000000,1.1000000000,1.0740000000,1.0910000000,34386.2498580000,37476.4407624170,37476.4407624170,1,SRM-USDT
2022-05-21 09:00:00,1653094800000,1.0900000000,1.0910000000,1.0690000000,1.0840000000,29958.3420560000,32331.1062156190,32331.1062156190,1,SRM-USDT
2022-05-21 10:00:00,1653098400000,1.0860000000,1.0990000000,1.0780000000,1.0940000000,35129.0568120000,38327.0267043490,38327.0267043490,1,SRM-USDT
2022-05-21 11:00:00,1653102000000,1.0950000000,1.1010000000,1.0850000000,1.0990000000,21581.4105750000,23572.2975069490,23572.2975069490,1,SRM-USDT
2022-05-21 12:00:00,1653105600000,1.0990000000,1.1000000000,1.0870000000,1.0910000000,41514.7530840000,45304.7173340350,45304.7173340350,1,SRM-USDT
2022-05-21 13:00:00,1653109200000,1.0920000000,1.0940000000,1.0810000000,1.0890000000,23087.1836360000,25055.7899843620,25055.7899843620,1,SRM-USDT
2022-05-21 14:00:00,1653112800000,1.0900000000,1.0980000000,1.0880000000,1.0950000000,21418.3345100000,23368.4099777590,23368.4099777590,1,SRM-USDT
2022-05-21 15:00:00,1653116400000,1.0950000000,1.1020000000,1.0870000000,1.0950000000,17946.9272920000,19653.1012619080,19653.1012619080,1,SRM-USDT
2022-05-21 16:00:00,1653120000000,1.0940000000,1.0970000000,1.0910000000,1.0940000000,20534.1615400000,22442.4468917790,22442.4468917790,1,SRM-USDT
2022-05-21 17:00:00,1653123600000,1.0940000000,1.0960000000,1.0890000000,1.0960000000,26043.8060080000,28478.7603836650,28478.7603836650,1,SRM-USDT
2022-05-21 18:00:00,1653127200000,1.0950000000,1.1040000000,1.0930000000,1.0970000000,25534.1530440000,28064.7287606950,28064.7287606950,1,SRM-USDT
2022-05-21 19:00:00,1653130800000,1.0970000000,1.0990000000,1.0860000000,1.0990000000,32209.2402110000,35196.2903996600,35196.2903996600,1,SRM-USDT
2022-05-21 20:00:00,1653134400000,1.0970000000,1.1030000000,1.0920000000,1.0970000000,18569.4886030000,20363.0742937450,20363.0742937450,1,SRM-USDT
2022-05-21 21:00:00,1653138000000,1.1000000000,1.1090000000,1.0980000000,1.1010000000,23433.9755820000,25873.6838290390,25873.6838290390,1,SRM-USDT
2022-05-21 22:00:00,1653141600000,1.1020000000,1.1170000000,1.0990000000,1.1120000000,33863.6686310000,37499.9841208870,37499.9841208870,1,SRM-USDT
2022-05-21 23:00:00,1653145200000,1.1120000000,1.1210000000,1.1040000000,1.1210000000,19231.1317760000,21422.7283996400,21422.7283996400,1,SRM-USDT
2022-05-22 00:00:00,1653148800000,1.1190000000,1.1300000000,1.1160000000,1.1210000000,27411.6805000000,30791.0229859060,30791.0229859060,1,SRM-USDT
2022-05-22 01:00:00,1653152400000,1.1210000000,1.1230000000,1.1080000000,1.1100000000,17109.8515920000,19062.6586068970,19062.6586068970,1,SRM-USDT
2022-05-22 02:00:00,1653156000000,1.1100000000,1.1190000000,1.1100000000,1.1180000000,9418.9294070000,10494.5461016540,10494.5461016540,1,SRM-USDT
2022-05-22 03:00:00,1653159600000,1.1190000000,1.1230000000,1.1060000000,1.1100000000,26567.0521170000,29526.3878081310,29526.3878081310,1,SRM-USDT
2022-05-22 04:00:00,1653163200000,1.1090000000,1.1100000000,1.1020000000,1.1060000000,11995.7866570000,13273.1740975360,13273.1740975360,1,SRM-USDT
2022-05-22 05:00:00,1653166800000,1.1060000000,1.1070000000,1.0940000000,1.0960000000,11282.7366710000,12435.4545434210,12435.4545434210,1,SRM-USDT
2022-05-22 06:00:00,1653170400000,1.0940000000,1.1070000000,1.0920000000,1.1060000000,19299.1054980000,21256.5610716550,21256.5610716550,1,SRM-USDT
2022-05-22 07:00:00,1653174000000,1.1060000000,1.1170000000,1.1060000000,1.1130000000,27861.9851660000,31001.2290562070,31001.2290562070,1,SRM-USDT
2022-05-22 08:00:00,1653177600000,1.1130000000,1.1220000000,1.1070000000,1.1220000000,34890.2240580000,38976.3286545950,38976.3286545950,1,SRM-USDT
2022-05-22 09:00:00,1653181200000,1.1230000000,1.1270000000,1.1180000000,1.1270000000,36950.6676940000,41496.6329279930,41496.6329279930,1,SRM-USDT
2022-05-22 10:00:00,1653184800000,1.1260000000,1.1260000000,1.1160000000,1.1210000000,38601.8888310000,43290.1300121170,43290.1300121170,1,SRM-USDT
2022-05-22 11:00:00,1653188400000,1.1190000000,1.1260000000,1.1180000000,1.1210000000,13774.2208750000,15450.3813420050,15450.3813420050,1,SRM-USDT
2022-05-22 12:00:00,1653192000000,1.1200000000,1.1210000000,1.1100000000,1.1100000000,13471.4647290000,14992.7068006550,14992.7068006550,1,SRM-USDT
2022-05-22 13:00:00,1653195600000,1.1100000000,1.1230000000,1.1100000000,1.1160000000,28588.7233560000,31865.0232452760,31865.0232452760,1,SRM-USDT
2022-05-22 14:00:00,1653199200000,1.1170000000,1.1270000000,1.1160000000,1.1230000000,24737.0792630000,27759.4666093930,27759.4666093930,1,SRM-USDT
2022-05-22 15:00:00,1653202800000,1.1240000000,1.1290000000,1.1190000000,1.1290000000,38448.6202930000,43204.9064857680,43204.9064857680,1,SRM-USDT
2022-05-22 16:00:00,1653206400000,1.1290000000,1.1340000000,1.1260000000,1.1310000000,9832.5365440000,11115.9070355060,11115.9070355060,1,SRM-USDT
2022-05-22 17:00:00,1653210000000,1.1310000000,1.1540000000,1.1300000000,1.1530000000,89688.0074910000,102593.6240492160,102593.6240492160,1,SRM-USDT
2022-05-22 18:00:00,1653213600000,1.1520000000,1.1590000000,1.1520000000,1.1560000000,44255.0179120000,51155.3520526270,51155.3520526270,1,SRM-USDT
2022-05-22 19:00:00,1653217200000,1.1560000000,1.1640000000,1.1460000000,1.1500000000,68404.3783740000,78909.7480592230,78909.7480592230,1,SRM-USDT
2022-05-22 20:00:00,1653220800000,1.1500000000,1.1810000000,1.1500000000,1.1750000000,131346.0814320000,153817.6464399830,153817.6464399830,1,SRM-USDT
2022-05-22 21:00:00,1653224400000,1.1750000000,1.1760000000,1.1570000000,1.1590000000,17254.2278850000,20128.1212010060,20128.1212010060,1,SRM-USDT
2022-05-22 22:00:00,1653228000000,1.1590000000,1.1690000000,1.1580000000,1.1610000000,40954.2651270000,47687.5081795730,47687.5081795730,1,SRM-USDT
2022-05-22 23:00:00,1653231600000,1.1620000000,1.1630000000,1.1390000000,1.1470000000,38382.7469010000,44009.6771062480,44009.6771062480,1,SRM-USDT
2022-05-23 00:00:00,1653235200000,1.1470000000,1.1520000000,1.1360000000,1.1510000000,42912.8244300000,49161.6201160520,49161.6201160520,1,SRM-USDT
2022-05-23 01:00:00,1653238800000,1.1510000000,1.1590000000,1.1470000000,1.1480000000,19644.5169930000,22666.6521052410,22666.6521052410,1,SRM-USDT
2022-05-23 02:00:00,1653242400000,1.1450000000,1.1550000000,1.1440000000,1.1520000000,17046.0341920000,19600.6686263110,19600.6686263110,1,SRM-USDT
2022-05-23 03:00:00,1653246000000,1.1530000000,1.1550000000,1.1480000000,1.1480000000,14696.9435580000,16912.8739786820,16912.8739786820,1,SRM-USDT
2022-05-23 04:00:00,1653249600000,1.1490000000,1.1570000000,1.1490000000,1.1500000000,14468.2526170000,16687.2881036350,16687.2881036350,1,SRM-USDT
2022-05-23 05:00:00,1653253200000,1.1500000000,1.1560000000,1.1460000000,1.1540000000,19735.9220170000,22751.0788849820,22751.0788849820,1,SRM-USDT
2022-05-23 06:00:00,1653256800000,1.1540000000,1.1720000000,1.1540000000,1.1650000000,39207.2619290000,45684.4200112450,45684.4200112450,1,SRM-USDT
2022-05-23 07:00:00,1653260400000,1.1640000000,1.1770000000,1.1610000000,1.1610000000,30671.8660500000,35874.9888065320,35874.9888065320,1,SRM-USDT
2022-05-23 08:00:00,1653264000000,1.1630000000,1.1820000000,1.1600000000,1.1760000000,85772.5226800000,100665.0947378430,100665.0947378430,1,SRM-USDT
2022-05-23 09:00:00,1653267600000,1.1740000000,1.1760000000,1.1600000000,1.1610000000,62391.7903200000,72791.8817258120,72791.8817258120,1,SRM-USDT
2022-05-23 10:00:00,1653271200000,1.1610000000,1.1610000000,1.1470000000,1.1520000000,12854.0179740000,14808.6112563530,14808.6112563530,1,SRM-USDT
2022-05-23 11:00:00,1653274800000,1.1530000000,1.1580000000,1.1500000000,1.1540000000,18411.7887340000,21243.4890614950,21243.4890614950,1,SRM-USDT
2022-05-23 12:00:00,1653278400000,1.1540000000,1.1930000000,1.1540000000,1.1740000000,94671.7160060000,111424.3384905250,111424.3384905250,1,SRM-USDT
2022-05-23 13:00:00,1653282000000,1.1720000000,1.1790000000,1.1720000000,1.1760000000,34284.5656520000,40321.0437872660,40321.0437872660,1,SRM-USDT
2022-05-23 14:00:00,1653285600000,1.1770000000,1.1890000000,1.1750000000,1.1880000000,24585.8313040000,29096.0546112790,29096.0546112790,1,SRM-USDT
2022-05-23 15:00:00,1653289200000,1.1880000000,1.2030000000,1.1840000000,1.1910000000,46324.3251680000,55304.7591217740,55304.7591217740,1,SRM-USDT
2022-05-23 16:00:00,1653292800000,1.1910000000,1.1980000000,1.1810000000,1.1850000000,36438.1119280000,43332.9698728970,43332.9698728970,1,SRM-USDT
2022-05-23 17:00:00,1653296400000,1.1840000000,1.1900000000,1.1750000000,1.1880000000,19786.0811130000,23399.7223647200,23399.7223647200,1,SRM-USDT
2022-05-23 18:00:00,1653300000000,1.1880000000,1.1950000000,1.1850000000,1.1940000000,21239.0865730000,25293.0123289220,25293.0123289220,1,SRM-USDT
2022-05-23 19:00:00,1653303600000,1.1940000000,1.2120000000,1.1940000000,1.2100000000,153554.3415690000,185215.8395131340,185215.8395131340,1,SRM-USDT
2022-05-23 20:00:00,1653307200000,1.2100000000,1.2360000000,1.2050000000,1.2100000000,157159.3973250000,192465.1358710940,192465.1358710940,1,SRM-USDT
2022-05-23 21:00:00,1653310800000,1.2070000000,1.2230000000,1.1990000000,1.2080000000,54740.3343530000,66330.6329169400,66330.6329169400,1,SRM-USDT
2022-05-23 22:00:00,1653314400000,1.2040000000,1.2050000000,1.1850000000,1.1960000000,32444.6080790000,38809.7234063820,38809.7234063820,1,SRM-USDT
2022-05-23 23:00:00,1653318000000,1.1980000000,1.2130000000,1.1980000000,1.2070000000,16921.0053810000,20448.3819920750,20448.3819920750,1,SRM-USDT
2022-05-24 00:00:00,1653321600000,1.2060000000,1.2140000000,1.1980000000,1.2000000000,51005.2972940000,61544.7559351480,61544.7559351480,1,SRM-USDT
2022-05-24 01:00:00,1653325200000,1.2010000000,1.2010000000,1.1920000000,1.1980000000,15754.2437220000,18852.3681191270,18852.3681191270,1,SRM-USDT
2022-05-24 02:00:00,1653328800000,1.1970000000,1.1970000000,1.1740000000,1.1760000000,26550.4829790000,31557.6083459950,31557.6083459950,1,SRM-USDT
2022-05-24 03:00:00,1653332400000,1.1760000000,1.1760000000,1.1430000000,1.1450000000,201576.1303890000,233058.1930367810,233058.1930367810,1,SRM-USDT
2022-05-24 04:00:00,1653336000000,1.1440000000,1.1600000000,1.1410000000,1.1570000000,28820.3261750000,33248.5071634820,33248.5071634820,1,SRM-USDT
2022-05-24 05:00:00,1653339600000,1.1560000000,1.1670000000,1.1550000000,1.1560000000,20558.5362870000,23911.3924454450,23911.3924454450,1,SRM-USDT
2022-05-24 06:00:00,1653343200000,1.1560000000,1.1560000000,1.1210000000,1.1300000000,34201.3666300000,38809.6131458550,38809.6131458550,1,SRM-USDT
2022-05-24 07:00:00,1653346800000,1.1320000000,1.1320000000,1.1070000000,1.1270000000,45103.8779360000,50514.7647245900,50514.7647245900,1,SRM-USDT
2022-05-24 08:00:00,1653350400000,1.1260000000,1.1360000000,1.1200000000,1.1290000000,9097.6309310000,10285.8090907940,10285.8090907940,1,SRM-USDT
2022-05-24 09:00:00,1653354000000,1.1270000000,1.1310000000,1.1190000000,1.1300000000,9206.2116900000,10342.4552522280,10342.4552522280,1,SRM-USDT
2022-05-24 10:00:00,1653357600000,1.1290000000,1.1350000000,1.1280000000,1.1350000000,8793.9570160000,9948.2096113450,9948.2096113450,1,SRM-USDT
2022-05-24 11:00:00,1653361200000,1.1350000000,1.1370000000,1.1210000000,1.1370000000,23992.9334740000,27085.9517469050,27085.9517469050,1,SRM-USDT
2022-05-24 12:00:00,1653364800000,1.1370000000,1.1430000000,1.1320000000,1.1350000000,17934.3008040000,20396.9622043510,20396.9622043510,1,SRM-USDT
2022-05-24 13:00:00,1653368400000,1.1340000000,1.1420000000,1.1310000000,1.1360000000,19493.2011910000,22171.0194371570,22171.0194371570,1,SRM-USDT
2022-05-24 14:00:00,1653372000000,1.1370000000,1.1440000000,1.1300000000,1.1340000000,10738.7487590000,12237.1710570460,12237.1710570460,1,SRM-USDT
2022-05-24 15:00:00,1653375600000,1.1340000000,1.1420000000,1.1310000000,1.1420000000,15374.5640570000,17472.4691924160,17472.4691924160,1,SRM-USDT
2022-05-24 16:00:00,1653379200000,1.1420000000,1.1420000000,1.1120000000,1.1140000000,15924.0746580000,17873.4624495580,17873.4624495580,1,SRM-USDT
2022-05-24 17:00:00,1653382800000,1.1130000000,1.1300000000,1.1070000000,1.1250000000,38327.5043560000,42947.0804576330,42947.0804576330,1,SRM-USDT
2022-05-24 18:00:00,1653386400000,1.1260000000,1.1300000000,1.1230000000,1.1290000000,8025.1915000000,9035.1749973460,9035.1749973460,1,SRM-USDT
2022-05-24 19:00:00,1653390000000,1.1290000000,1.1330000000,1.1210000000,1.1240000000,8006.6664210000,9023.9465196220,9023.9465196220,1,SRM-USDT
2022-05-24 20:00:00,1653393600000,1.1260000000,1.1290000000,1.1180000000,1.1230000000,6008.8047180000,6735.1040652340,6735.1040652340,1,SRM-USDT
2022-05-24 21:00:00,1653397200000,1.1210000000,1.1250000000,1.0830000000,1.0900000000,26781.6909470000,29665.1956123940,29665.1956123940,1,SRM-USDT
2022-05-24 22:00:00,1653400800000,1.0880000000,1.0960000000,1.0750000000,1.0940000000,33138.4233130000,35972.1354021300,35972.1354021300,1,SRM-USDT
2022-05-24 23:00:00,1653404400000,1.0940000000,1.1250000000,1.0920000000,1.1160000000,28711.3673380000,31946.2964814010,31946.2964814010,1,SRM-USDT
2022-05-25 00:00:00,1653408000000,1.1160000000,1.1240000000,1.1010000000,1.1110000000,28128.8505770000,31297.4802682980,31297.4802682980,1,SRM-USDT
2022-05-25 01:00:00,1653411600000,1.1080000000,1.1080000000,1.0910000000,1.1050000000,13831.4716180000,15219.9180387930,15219.9180387930,1,SRM-USDT
2022-05-25 02:00:00,1653415200000,1.1060000000,1.1160000000,1.1000000000,1.1030000000,12133.7321210000,13465.0984242150,13465.0984242150,1,SRM-USDT
2022-05-25 03:00:00,1653418800000,1.1040000000,1.1150000000,1.1000000000,1.1090000000,15742.5712410000,17493.4555554050,17493.4555554050,1,SRM-USDT
2022-05-25 04:00:00,1653422400000,1.1100000000,1.1180000000,1.1010000000,1.1170000000,18960.9838630000,21068.7501121750,21068.7501121750,1,SRM-USDT
2022-05-25 05:00:00,1653426000000,1.1170000000,1.1310000000,1.1150000000,1.1280000000,24397.8068950000,27353.9047949750,27353.9047949750,1,SRM-USDT
2022-05-25 06:00:00,1653429600000,1.1280000000,1.1340000000,1.1260000000,1.1340000000,32981.9127950000,37335.9198379910,37335.9198379910,1,SRM-USDT
2022-05-25 07:00:00,1653433200000,1.1350000000,1.1450000000,1.1330000000,1.1390000000,31722.1342060000,36128.2513583450,36128.2513583450,1,SRM-USDT
2022-05-25 08:00:00,1653436800000,1.1390000000,1.1440000000,1.1310000000,1.1330000000,35003.9038520000,39798.4221229850,39798.4221229850,1,SRM-USDT
2022-05-25 09:00:00,1653440400000,1.1310000000,1.1370000000,1.1230000000,1.1360000000,26155.1729440000,29523.9559740190,29523.9559740190,1,SRM-USDT
2022-05-25 10:00:00,1653444000000,1.1360000000,1.1580000000,1.1300000000,1.1540000000,59386.9776220000,67822.9148012150,67822.9148012150,1,SRM-USDT
2022-05-25 11:00:00,1653447600000,1.1550000000,1.1570000000,1.1480000000,1.1490000000,25520.0982450000,29422.9753157520,29422.9753157520,1,SRM-USDT
2022-05-25 12:00:00,1653451200000,1.1500000000,1.1510000000,1.1360000000,1.1370000000,17549.5327080000,20057.5730420560,20057.5730420560,1,SRM-USDT
2022-05-25 13:00:00,1653454800000,1.1380000000,1.1420000000,1.1230000000,1.1260000000,28821.8468820000,32617.8533322100,32617.8533322100,1,SRM-USDT
2022-05-25 14:00:00,1653458400000,1.1260000000,1.1300000000,1.1170000000,1.1270000000,34316.2726320000,38559.9572807850,38559.9572807850,1,SRM-USDT
2022-05-25 15:00:00,1653462000000,1.1270000000,1.1270000000,1.1150000000,1.1160000000,11101.9592870000,12438.9648343710,12438.9648343710,1,SRM-USDT
2022-05-25 16:00:00,1653465600000,1.1170000000,1.1290000000,1.1070000000,1.1280000000,39035.5062110000,43672.9035301970,43672.9035301970,1,SRM-USDT
2022-05-25 17:00:00,1653469200000,1.1270000000,1.1290000000,1.1200000000,1.1250000000,17148.6354240000,19279.7537670310,19279.7537670310,1,SRM-USDT
2022-05-25 18:00:00,1653472800000,1.1240000000,1.1280000000,1.1170000000,1.1180000000,29190.2266990000,32764.8798753680,32764.8798753680,1,SRM-USDT
2022-05-25 19:00:00,1653476400000,1.1170000000,1.1210000000,1.1010000000,1.1050000000,41193.7260690000,45647.2706139820,45647.2706139820,1,SRM-USDT
2022-05-25 20:00:00,1653480000000,1.1050000000,1.1180000000,1.1000000000,1.1160000000,25646.0168050000,28410.8565664140,28410.8565664140,1,SRM-USDT
2022-05-25 21:00:00,1653483600000,1.1160000000,1.1290000000,1.1120000000,1.1230000000,45087.6041930000,50609.0479674760,50609.0479674760,1,SRM-USDT
2022-05-25 22:00:00,1653487200000,1.1220000000,1.1290000000,1.1160000000,1.1190000000,30063.3091200000,33775.5452321640,33775.5452321640,1,SRM-USDT
2022-05-25 23:00:00,1653490800000,1.1190000000,1.1270000000,1.1070000000,1.1270000000,18182.1662660000,20297.1972727430,20297.1972727430,1,SRM-USDT
2022-05-26 00:00:00,1653494400000,1.1260000000,1.1280000000,1.1140000000,1.1210000000,15812.5272910000,17712.3897048340,17712.3897048340,1,SRM-USDT
2022-05-26 01:00:00,1653498000000,1.1210000000,1.1260000000,1.1170000000,1.1190000000,8786.3460930000,9857.0494362170,9857.0494362170,1,SRM-USDT
2022-05-26 02:00:00,1653501600000,1.1170000000,1.1320000000,1.1110000000,1.1290000000,29471.9105650000,33068.5414748510,33068.5414748510,1,SRM-USDT
2022-05-26 03:00:00,1653505200000,1.1290000000,1.1360000000,1.1220000000,1.1230000000,27555.8298530000,31050.8485453070,31050.8485453070,1,SRM-USDT
2022-05-26 04:00:00,1653508800000,1.1220000000,1.1280000000,1.1170000000,1.1280000000,6830.3241860000,7670.4059973210,7670.4059973210,1,SRM-USDT
2022-05-26 05:00:00,1653512400000,1.1300000000,1.1320000000,1.1250000000,1.1310000000,4836.7807850000,5461.3826692480,5461.3826692480,1,SRM-USDT
2022-05-26 06:00:00,1653516000000,1.1320000000,1.1350000000,1.1270000000,1.1310000000,4651.8439360000,5260.5052819660,5260.5052819660,1,SRM-USDT
2022-05-26 07:00:00,1653519600000,1.1360000000,1.1360000000,1.1240000000,1.1280000000,16223.8789100000,18308.2792311600,18308.2792311600,1,SRM-USDT
2022-05-26 08:00:00,1653523200000,1.1260000000,1.1410000000,1.1260000000,1.1350000000,21488.9292440000,24424.4985652560,24424.4985652560,1,SRM-USDT
2022-05-26 09:00:00,1653526800000,1.1360000000,1.1380000000,1.1280000000,1.1300000000,9770.1643050000,11074.1268875130,11074.1268875130,1,SRM-USDT
2022-05-26 10:00:00,1653530400000,1.1310000000,1.1330000000,1.1270000000,1.1300000000,10611.5378190000,11986.9739386160,11986.9739386160,1,SRM-USDT
2022-05-26 11:00:00,1653534000000,1.1290000000,1.1300000000,1.1170000000,1.1250000000,12460.6417950000,13993.8180740700,13993.8180740700,1,SRM-USDT
2022-05-26 12:00:00,1653537600000,1.1250000000,1.1250000000,1.1100000000,1.1110000000,6092.7518060000,6815.4826979300,6815.4826979300,1,SRM-USDT
2022-05-26 13:00:00,1653541200000,1.1110000000,1.1160000000,1.0870000000,1.0940000000,28361.4808900000,31213.4872485970,31213.4872485970,1,SRM-USDT
2022-05-26 14:00:00,1653544800000,1.0920000000,1.0940000000,1.0820000000,1.0880000000,76015.2729460000,82644.0557890290,82644.0557890290,1,SRM-USDT
2022-05-26 15:00:00,1653548400000,1.0880000000,1.0990000000,1.0840000000,1.0980000000,10256.8362690000,11201.2471863270,11201.2471863270,1,SRM-USDT
2022-05-26 16:00:00,1653552000000,1.0960000000,1.0980000000,1.0370000000,1.0480000000,70831.3851280000,74966.4087371510,74966.4087371510,1,SRM-USDT
2022-05-26 17:00:00,1653555600000,1.0460000000,1.0620000000,1.0420000000,1.0550000000,9444.0036880000,9910.6174927930,9910.6174927930,1,SRM-USDT
2022-05-26 18:00:00,1653559200000,1.0550000000,1.0610000000,1.0500000000,1.0500000000,7905.3969790000,8349.0231808680,8349.0231808680,1,SRM-USDT
2022-05-26 19:00:00,1653562800000,1.0500000000,1.0530000000,1.0350000000,1.0490000000,23784.1579680000,24839.3662690050,24839.3662690050,1,SRM-USDT
2022-05-26 20:00:00,1653566400000,1.0460000000,1.0560000000,1.0370000000,1.0440000000,20155.2138160000,21068.1008371730,21068.1008371730,1,SRM-USDT
2022-05-26 21:00:00,1653570000000,1.0420000000,1.0490000000,1.0080000000,1.0480000000,68260.4887620000,69935.4062423420,69935.4062423420,1,SRM-USDT
2022-05-26 22:00:00,1653573600000,1.0470000000,1.0710000000,1.0450000000,1.0660000000,22323.8425980000,23639.6887664670,23639.6887664670,1,SRM-USDT
2022-05-26 23:00:00,1653577200000,1.0670000000,1.0730000000,1.0590000000,1.0670000000,16562.0786900000,17632.1650552320,17632.1650552320,1,SRM-USDT
2022-05-27 00:00:00,1653580800000,1.0650000000,1.0940000000,1.0630000000,1.0830000000,33732.4682750000,36545.6722048240,36545.6722048240,1,SRM-USDT
2022-05-27 01:00:00,1653584400000,1.0830000000,1.0850000000,1.0730000000,1.0800000000,15448.9295630000,16660.8519448250,16660.8519448250,1,SRM-USDT
2022-05-27 02:00:00,1653588000000,1.0800000000,1.0830000000,1.0610000000,1.0610000000,40450.6963190000,43324.7305355400,43324.7305355400,1,SRM-USDT
2022-05-27 03:00:00,1653591600000,1.0620000000,1.0640000000,1.0500000000,1.0500000000,19495.2974080000,20625.5371800640,20625.5371800640,1,SRM-USDT
2022-05-27 04:00:00,1653595200000,1.0500000000,1.0590000000,1.0450000000,1.0510000000,8048.3456160000,8456.2275363020,8456.2275363020,1,SRM-USDT
2022-05-27 05:00:00,1653598800000,1.0520000000,1.0670000000,1.0460000000,1.0520000000,17481.6419580000,18489.2876665900,18489.2876665900,1,SRM-USDT
2022-05-27 06:00:00,1653602400000,1.0520000000,1.0630000000,1.0500000000,1.0510000000,11305.4199470000,11913.3084985310,11913.3084985310,1,SRM-USDT
2022-05-27 07:00:00,1653606000000,1.0500000000,1.0570000000,1.0390000000,1.0430000000,12203.5766260000,12798.1752982610,12798.1752982610,1,SRM-USDT
2022-05-27 08:00:00,1653609600000,1.0420000000,1.0560000000,1.0380000000,1.0410000000,9943.7801680000,10416.3456859240,10416.3456859240,1,SRM-USDT
2022-05-27 09:00:00,1653613200000,1.0410000000,1.0460000000,1.0110000000,1.0130000000,11069.0264420000,11386.1690247630,11386.1690247630,1,SRM-USDT
2022-05-27 10:00:00,1653616800000,1.0140000000,1.0310000000,1.0080000000,1.0140000000,9792.1077150000,9921.4087900590,9921.4087900590,1,SRM-USDT
2022-05-27 11:00:00,1653620400000,1.0200000000,1.0400000000,1.0200000000,1.0300000000,11761.3986900000,12149.6444133110,12149.6444133110,1,SRM-USDT
2022-05-27 12:00:00,1653624000000,1.0300000000,1.0330000000,1.0120000000,1.0150000000,10238.2872640000,10485.3345387640,10485.3345387640,1,SRM-USDT
2022-05-27 13:00:00,1653627600000,1.0170000000,1.0220000000,1.0010000000,1.0060000000,30395.6897130000,30615.9162891670,30615.9162891670,1,SRM-USDT
2022-05-27 14:00:00,1653631200000,1.0050000000,1.0240000000,0.9960000000,1.0200000000,67510.2010870000,67898.3895565940,67898.3895565940,1,SRM-USDT
2022-05-27 15:00:00,1653634800000,1.0200000000,1.0310000000,1.0160000000,1.0200000000,19703.1324600000,20149.4292993350,20149.4292993350,1,SRM-USDT
2022-05-27 16:00:00,1653638400000,1.0190000000,1.0250000000,1.0110000000,1.0110000000,12454.4959020000,12655.0383661250,12655.0383661250,1,SRM-USDT
2022-05-27 17:00:00,1653642000000,1.0120000000,1.0310000000,1.0110000000,1.0290000000,9641.5974880000,9844.0235366000,9844.0235366000,1,SRM-USDT
2022-05-27 18:00:00,1653645600000,1.0290000000,1.0350000000,1.0180000000,1.0220000000,18320.9863720000,18784.8752573690,18784.8752573690,1,SRM-USDT
2022-05-27 19:00:00,1653649200000,1.0220000000,1.0390000000,1.0180000000,1.0270000000,28385.3556410000,29269.5398189040,29269.5398189040,1,SRM-USDT
2022-05-27 20:00:00,1653652800000,1.0270000000,1.0500000000,1.0230000000,1.0490000000,17533.4285160000,18186.0289948950,18186.0289948950,1,SRM-USDT
2022-05-27 21:00:00,1653656400000,1.0490000000,1.0560000000,1.0410000000,1.0530000000,22529.7925890000,23584.4417166990,23584.4417166990,1,SRM-USDT
2022-05-27 22:00:00,1653660000000,1.0520000000,1.0520000000,1.0230000000,1.0240000000,18819.3116490000,19492.4384407820,19492.4384407820,1,SRM-USDT
2022-05-27 23:00:00,1653663600000,1.0250000000,1.0370000000,1.0180000000,1.0270000000,16794.5436140000,17289.8467695370,17289.8467695370,1,SRM-USDT
2022-05-28 00:00:00,1653667200000,1.0260000000,1.0300000000,1.0100000000,1.0120000000,12815.1862280000,13070.6286214660,13070.6286214660,1,SRM-USDT
2022-05-28 01:00:00,1653670800000,1.0120000000,1.0180000000,0.9960000000,1.0020000000,35915.0141180000,36104.9719556460,36104.9719556460,1,SRM-USDT
2022-05-28 02:00:00,1653674400000,1.0010000000,1.0090000000,0.9940000000,1.0010000000,26681.5136450000,26645.8424649580,26645.8424649580,1,SRM-USDT
2022-05-28 03:00:00,1653678000000,1.0000000000,1.0220000000,0.9970000000,1.0130000000,32533.9539790000,32702.1214081450,32702.1214081450,1,SRM-USDT
2022-05-28 04:00:00,1653681600000,1.0130000000,1.0220000000,1.0060000000,1.0110000000,23702.4212000000,24062.4161794300,24062.4161794300,1,SRM-USDT
2022-05-28 05:00:00,1653685200000,1.0120000000,1.0160000000,1.0030000000,1.0030000000,11262.1473280000,11417.7756558120,11417.7756558120,1,SRM-USDT
2022-05-28 06:00:00,1653688800000,1.0030000000,1.0140000000,1.0010000000,1.0090000000,12304.5361610000,12414.5674986860,12414.5674986860,1,SRM-USDT
2022-05-28 07:00:00,1653692400000,1.0080000000,1.0090000000,0.9970000000,1.0080000000,22284.3249670000,22361.3469464990,22361.3469464990,1,SRM-USDT
2022-05-28 08:00:00,1653696000000,1.0080000000,1.0280000000,1.0070000000,1.0260000000,42166.2195520000,43057.6889940970,43057.6889940970,1,SRM-USDT
2022-05-28 09:00:00,1653699600000,1.0260000000,1.0320000000,1.0050000000,1.0060000000,19089.2392810000,19439.2696974760,19439.2696974760,1,SRM-USDT
2022-05-28 10:00:00,1653703200000,1.0060000000,1.0100000000,0.9950000000,1.0010000000,49904.6397120000,49868.5525385790,49868.5525385790,1,SRM-USDT
2022-05-28 11:00:00,1653706800000,1.0000000000,1.0160000000,0.9950000000,1.0140000000,21242.0037090000,21386.2124119630,21386.2124119630,1,SRM-USDT
2022-05-28 12:00:00,1653710400000,1.0140000000,1.0160000000,1.0080000000,1.0130000000,10011.1919570000,10139.9894934510,10139.9894934510,1,SRM-USDT
2022-05-28 13:00:00,1653714000000,1.0130000000,1.0290000000,1.0120000000,1.0260000000,18720.8432050000,19092.1961348690,19092.1961348690,1,SRM-USDT
2022-05-28 14:00:00,1653717600000,1.0260000000,1.0280000000,1.0220000000,1.0240000000,10747.9976580000,11005.7787947100,11005.7787947100,1,SRM-USDT
2022-05-28 15:00:00,1653721200000,1.0240000000,1.0240000000,1.0130000000,1.0170000000,12361.0891910000,12573.2031825480,12573.2031825480,1,SRM-USDT
2022-05-28 16:00:00,1653724800000,1.0150000000,1.0180000000,1.0050000000,1.0130000000,4755.9810380000,4805.4437345120,4805.4437345120,1,SRM-USDT
2022-05-28 17:00:00,1653728400000,1.0130000000,1.0160000000,1.0090000000,1.0140000000,6163.1894370000,6245.6618732220,6245.6618732220,1,SRM-USDT
2022-05-28 18:00:00,1653732000000,1.0130000000,1.0200000000,1.0100000000,1.0160000000,5292.2846360000,5380.3112666300,5380.3112666300,1,SRM-USDT
2022-05-28 19:00:00,1653735600000,1.0160000000,1.0270000000,1.0060000000,1.0220000000,14744.2711490000,15018.0233088940,15018.0233088940,1,SRM-USDT
2022-05-28 20:00:00,1653739200000,1.0210000000,1.0320000000,1.0160000000,1.0300000000,11324.0494470000,11614.2211213100,11614.2211213100,1,SRM-USDT
2022-05-28 21:00:00,1653742800000,1.0290000000,1.0380000000,1.0250000000,1.0280000000,12662.3111330000,13048.0270477950,13048.0270477950,1,SRM-USDT
2022-05-28 22:00:00,1653746400000,1.0280000000,1.0350000000,1.0210000000,1.0210000000,6226.9505680000,6383.0260810690,6383.0260810690,1,SRM-USDT
2022-05-28 23:00:00,1653750000000,1.0210000000,1.0370000000,1.0190000000,1.0290000000,20906.8609200000,21473.9630934160,21473.9630934160,1,SRM-USDT
2022-05-29 00:00:00,1653753600000,1.0280000000,1.0380000000,1.0240000000,1.0260000000,6279.9251350000,6470.8017820730,6470.8017820730,1,SRM-USDT
2022-05-29 01:00:00,1653757200000,1.0260000000,1.0330000000,1.0190000000,1.0220000000,38843.8133560000,39838.2749301370,39838.2749301370,1,SRM-USDT
2022-05-29 02:00:00,1653760800000,1.0220000000,1.0320000000,1.0220000000,1.0320000000,5204.4545460000,5355.0852846380,5355.0852846380,1,SRM-USDT
2022-05-29 03:00:00,1653764400000,1.0330000000,1.0400000000,1.0300000000,1.0360000000,19367.9327230000,20050.1091192680,20050.1091192680,1,SRM-USDT
2022-05-29 04:00:00,1653768000000,1.0340000000,1.0360000000,1.0250000000,1.0280000000,2348.7425530000,2416.9469882300,2416.9469882300,1,SRM-USDT
2022-05-29 05:00:00,1653771600000,1.0290000000,1.0320000000,1.0280000000,1.0280000000,3065.1895670000,3155.5984876400,3155.5984876400,1,SRM-USDT
2022-05-29 06:00:00,1653775200000,1.0250000000,1.0250000000,1.0190000000,1.0230000000,1774.9415210000,1812.4284974750,1812.4284974750,1,SRM-USDT
2022-05-29 07:00:00,1653778800000,1.0200000000,1.0380000000,1.0200000000,1.0310000000,14872.0147700000,15338.4110324650,15338.4110324650,1,SRM-USDT
2022-05-29 08:00:00,1653782400000,1.0290000000,1.0300000000,1.0240000000,1.0250000000,7653.7180140000,7862.6170720120,7862.6170720120,1,SRM-USDT
2022-05-29 09:00:00,1653786000000,1.0240000000,1.0250000000,1.0090000000,1.0130000000,11110.2339560000,11301.5473032720,11301.5473032720,1,SRM-USDT
2022-05-29 10:00:00,1653789600000,1.0110000000,1.0120000000,0.9990000000,1.0030000000,31523.0385810000,31717.1778930730,31717.1778930730,1,SRM-USDT
2022-05-29 11:00:00,1653793200000,1.0030000000,1.0080000000,0.9980000000,1.0080000000,15165.9352530000,15195.8373585670,15195.8373585670,1,SRM-USDT
2022-05-29 12:00:00,1653796800000,1.0080000000,1.0090000000,1.0000000000,1.0000000000,13849.7800750000,13902.0652326670,13902.0652326670,1,SRM-USDT
2022-05-29 13:00:00,1653800400000,0.9990000000,1.0100000000,0.9990000000,1.0090000000,5655.7120220000,5684.3724243650,5684.3724243650,1,SRM-USDT
2022-05-29 14:00:00,1653804000000,1.0110000000,1.0140000000,1.0050000000,1.0090000000,11781.0049790000,11889.8766320400,11889.8766320400,1,SRM-USDT
2022-05-29 15:00:00,1653807600000,1.0110000000,1.0130000000,1.0070000000,1.0100000000,6020.7923190000,6082.5298181160,6082.5298181160,1,SRM-USDT
2022-05-29 16:00:00,1653811200000,1.0080000000,1.0180000000,1.0060000000,1.0140000000,7684.3651150000,7787.0119146940,7787.0119146940,1,SRM-USDT
2022-05-29 17:00:00,1653814800000,1.0140000000,1.0140000000,1.0060000000,1.0060000000,5617.5342170000,5672.2044209090,5672.2044209090,1,SRM-USDT
2022-05-29 18:00:00,1653818400000,1.0100000000,1.0200000000,1.0100000000,1.0170000000,5133.5096720000,5207.6284482640,5207.6284482640,1,SRM-USDT
2022-05-29 19:00:00,1653822000000,1.0170000000,1.0250000000,1.0170000000,1.0240000000,4895.9770890000,4992.8842018370,4992.8842018370,1,SRM-USDT
2022-05-29 20:00:00,1653825600000,1.0240000000,1.0350000000,1.0220000000,1.0330000000,8310.4695880000,8566.2764048200,8566.2764048200,1,SRM-USDT
2022-05-29 21:00:00,1653829200000,1.0350000000,1.0380000000,1.0300000000,1.0380000000,18123.2918310000,18778.5889780730,18778.5889780730,1,SRM-USDT
2022-05-29 22:00:00,1653832800000,1.0390000000,1.0460000000,1.0350000000,1.0350000000,28799.7896710000,29998.1972995740,29998.1972995740,1,SRM-USDT
2022-05-29 23:00:00,1653836400000,1.0340000000,1.0360000000,1.0250000000,1.0280000000,14639.1766680000,15051.8361853470,15051.8361853470,1,SRM-USDT
2022-05-30 00:00:00,1653840000000,1.0260000000,1.0380000000,1.0260000000,1.0300000000,6549.2686370000,6765.4080993650,6765.4080993650,1,SRM-USDT
2022-05-30 01:00:00,1653843600000,1.0300000000,1.0330000000,1.0220000000,1.0250000000,10344.5842600000,10619.8740172070,10619.8740172070,1,SRM-USDT
2022-05-30 02:00:00,1653847200000,1.0270000000,1.0310000000,1.0240000000,1.0270000000,6508.9640920000,6683.7906205920,6683.7906205920,1,SRM-USDT
2022-05-30 03:00:00,1653850800000,1.0270000000,1.0310000000,1.0220000000,1.0300000000,9047.4773220000,9298.5553396800,9298.5553396800,1,SRM-USDT
2022-05-30 04:00:00,1653854400000,1.0330000000,1.0360000000,1.0300000000,1.0300000000,4731.6827350000,4887.2076563750,4887.2076563750,1,SRM-USDT
2022-05-30 05:00:00,1653858000000,1.0300000000,1.0340000000,1.0270000000,1.0330000000,2471.5140680000,2545.9256585600,2545.9256585600,1,SRM-USDT
2022-05-30 06:00:00,1653861600000,1.0340000000,1.0380000000,1.0270000000,1.0330000000,7573.2343040000,7836.1124530400,7836.1124530400,1,SRM-USDT
2022-05-30 07:00:00,1653865200000,1.0330000000,1.0410000000,1.0320000000,1.0400000000,4572.4735790000,4738.4248343100,4738.4248343100,1,SRM-USDT
2022-05-30 08:00:00,1653868800000,1.0390000000,1.0400000000,1.0250000000,1.0270000000,8369.3032680000,8632.4960225120,8632.4960225120,1,SRM-USDT
2022-05-30 09:00:00,1653872400000,1.0260000000,1.0520000000,1.0260000000,1.0480000000,11794.8347170000,12257.1749262890,12257.1749262890,1,SRM-USDT
2022-05-30 10:00:00,1653876000000,1.0540000000,1.0750000000,1.0520000000,1.0700000000,68026.3129530000,72657.3548799800,72657.3548799800,1,SRM-USDT
2022-05-30 11:00:00,1653879600000,1.0710000000,1.0750000000,1.0600000000,1.0630000000,66131.0328180000,70595.1491464110,70595.1491464110,1,SRM-USDT
2022-05-30 12:00:00,1653883200000,1.0630000000,1.0680000000,1.0590000000,1.0600000000,46774.4484060000,49785.3123478690,49785.3123478690,1,SRM-USDT
2022-05-30 13:00:00,1653886800000,1.0600000000,1.0780000000,1.0600000000,1.0770000000,24207.5451850000,25890.3827285180,25890.3827285180,1,SRM-USDT
2022-05-30 14:00:00,1653890400000,1.0770000000,1.1440000000,1.0740000000,1.1370000000,115233.8032910000,127873.0871498690,127873.0871498690,1,SRM-USDT
2022-05-30 15:00:00,1653894000000,1.1360000000,1.1380000000,1.1220000000,1.1300000000,58595.6242140000,66102.8381043660,66102.8381043660,1,SRM-USDT
2022-05-30 16:00:00,1653897600000,1.1300000000,1.1320000000,1.1220000000,1.1240000000,31334.9283070000,35308.9074570050,35308.9074570050,1,SRM-USDT
2022-05-30 17:00:00,1653901200000,1.1240000000,1.1240000000,1.1030000000,1.1100000000,52283.4083020000,58213.1066517760,58213.1066517760,1,SRM-USDT
2022-05-30 18:00:00,1653904800000,1.1100000000,1.1140000000,1.0970000000,1.0970000000,14630.9170260000,16179.0461981800,16179.0461981800,1,SRM-USDT
2022-05-30 19:00:00,1653908400000,1.0970000000,1.1050000000,1.0960000000,1.1040000000,13577.8792820000,14959.7994882440,14959.7994882440,1,SRM-USDT
2022-05-30 20:00:00,1653912000000,1.1040000000,1.1170000000,1.0890000000,1.0990000000,28780.2062470000,31782.4486029950,31782.4486029950,1,SRM-USDT
2022-05-30 21:00:00,1653915600000,1.0980000000,1.1010000000,1.0900000000,1.0930000000,10259.0521350000,11224.6558092160,11224.6558092160,1,SRM-USDT
2022-05-30 22:00:00,1653919200000,1.0930000000,1.1080000000,1.0900000000,1.0910000000,36311.2637520000,39955.8524018030,39955.8524018030,1,SRM-USDT
2022-05-30 23:00:00,1653922800000,1.0920000000,1.1040000000,1.0920000000,1.0980000000,13079.5219920000,14367.4240698980,14367.4240698980,1,SRM-USDT
2022-05-31 00:00:00,1653926400000,1.0980000000,1.1220000000,1.0930000000,1.1120000000,19647.4311330000,21773.3164928690,21773.3164928690,1,SRM-USDT
2022-05-31 01:00:00,1653930000000,1.1150000000,1.1210000000,1.1100000000,1.1200000000,5303.6460680000,5924.8219830390,5924.8219830390,1,SRM-USDT
2022-05-31 02:00:00,1653933600000,1.1200000000,1.1210000000,1.1130000000,1.1170000000,19311.8812970000,21606.4617544130,21606.4617544130,1,SRM-USDT
2022-05-31 03:00:00,1653937200000,1.1170000000,1.1270000000,1.1130000000,1.1170000000,16518.9625700000,18488.3577661500,18488.3577661500,1,SRM-USDT
2022-05-31 04:00:00,1653940800000,1.1170000000,1.1350000000,1.1130000000,1.1300000000,36922.3800830000,41564.3712790730,41564.3712790730,1,SRM-USDT
2022-05-31 05:00:00,1653944400000,1.1300000000,1.1550000000,1.1290000000,1.1400000000,54180.5694430000,61867.8962044240,61867.8962044240,1,SRM-USDT
2022-05-31 06:00:00,1653948000000,1.1440000000,1.1540000000,1.1330000000,1.1530000000,53958.8492300000,61872.1950361670,61872.1950361670,1,SRM-USDT
2022-05-31 07:00:00,1653951600000,1.1540000000,1.1610000000,1.1470000000,1.1550000000,46053.2184760000,53267.5311232670,53267.5311232670,1,SRM-USDT
2022-05-31 08:00:00,1653955200000,1.1540000000,1.1680000000,1.1390000000,1.1430000000,40196.1488680000,46403.1730161310,46403.1730161310,1,SRM-USDT
2022-05-31 09:00:00,1653958800000,1.1430000000,1.1470000000,1.1330000000,1.1430000000,31208.6666110000,35586.4057415920,35586.4057415920,1,SRM-USDT
2022-05-31 10:00:00,1653962400000,1.1450000000,1.1760000000,1.1450000000,1.1720000000,36233.7938220000,42174.9919966540,42174.9919966540,1,SRM-USDT
2022-05-31 11:00:00,1653966000000,1.1730000000,1.1860000000,1.1720000000,1.1790000000,23714.1532030000,27947.9891287720,27947.9891287720,1,SRM-USDT
2022-05-31 12:00:00,1653969600000,1.1790000000,1.1790000000,1.1660000000,1.1690000000,12389.1023980000,14518.2560578490,14518.2560578490,1,SRM-USDT
2022-05-31 13:00:00,1653973200000,1.1680000000,1.1690000000,1.1560000000,1.1560000000,8184.6094160000,9519.4398897700,9519.4398897700,1,SRM-USDT
2022-05-31 14:00:00,1653976800000,1.1550000000,1.1580000000,1.1270000000,1.1320000000,22925.9661300000,26059.0255964520,26059.0255964520,1,SRM-USDT
2022-05-31 15:00:00,1653980400000,1.1320000000,1.1420000000,1.1280000000,1.1410000000,17047.8205260000,19356.8554383230,19356.8554383230,1,SRM-USDT
2022-05-31 16:00:00,1653984000000,1.1400000000,1.1550000000,1.1400000000,1.1480000000,20316.5165540000,23312.5458281010,23312.5458281010,1,SRM-USDT
2022-05-31 17:00:00,1653987600000,1.1490000000,1.1500000000,1.1330000000,1.1360000000,12296.8598860000,14014.0189525200,14014.0189525200,1,SRM-USDT
2022-05-31 18:00:00,1653991200000,1.1360000000,1.1480000000,1.1340000000,1.1480000000,14218.5950030000,16231.7519128990,16231.7519128990,1,SRM-USDT
2022-05-31 19:00:00,1653994800000,1.1490000000,1.1610000000,1.1480000000,1.1550000000,18097.1629230000,20923.4504641390,20923.4504641390,1,SRM-USDT
2022-05-31 20:00:00,1653998400000,1.1550000000,1.1560000000,1.1250000000,1.1300000000,28602.9831270000,32459.5822446130,32459.5822446130,1,SRM-USDT
2022-05-31 21:00:00,1654002000000,1.1300000000,1.1450000000,1.0980000000,1.1070000000,40222.7972460000,44923.1492474880,44923.1492474880,1,SRM-USDT
2022-05-31 22:00:00,1654005600000,1.1070000000,1.1250000000,1.0950000000,1.1230000000,38866.6581600000,43253.7127177150,43253.7127177150,1,SRM-USDT
2022-05-31 23:00:00,1654009200000,1.1230000000,1.1420000000,1.1140000000,1.1390000000,49723.3849530000,56211.7786212890,56211.7786212890,1,SRM-USDT
2022-06-01 00:00:00,1654012800000,1.1400000000,1.1490000000,1.1250000000,1.1320000000,45245.8049340000,51443.0803764580,51443.0803764580,1,SRM-USDT
2022-06-01 01:00:00,1654016400000,1.1300000000,1.1310000000,1.1160000000,1.1260000000,14220.5027130000,15964.7440389020,15964.7440389020,1,SRM-USDT
2022-06-01 02:00:00,1654020000000,1.1250000000,1.1300000000,1.1060000000,1.1130000000,16725.9860700000,18671.8770303790,18671.8770303790,1,SRM-USDT
2022-06-01 03:00:00,1654023600000,1.1100000000,1.1190000000,1.1070000000,1.1130000000,34099.6518120000,37885.4689366300,37885.4689366300,1,SRM-USDT
2022-06-01 04:00:00,1654027200000,1.1130000000,1.1240000000,1.1130000000,1.1230000000,25875.3306220000,28959.3908206060,28959.3908206060,1,SRM-USDT
2022-06-01 05:00:00,1654030800000,1.1230000000,1.1260000000,1.1210000000,1.1220000000,6650.2690140000,7475.6129638510,7475.6129638510,1,SRM-USDT
2022-06-01 06:00:00,1654034400000,1.1240000000,1.1290000000,1.1230000000,1.1270000000,30526.2154990000,34369.4415071530,34369.4415071530,1,SRM-USDT
2022-06-01 07:00:00,1654038000000,1.1270000000,1.1360000000,1.1250000000,1.1290000000,57925.5361770000,65536.0477218410,65536.0477218410,1,SRM-USDT
2022-06-01 08:00:00,1654041600000,1.1280000000,1.1400000000,1.1140000000,1.1360000000,70420.9766780000,79371.6526598440,79371.6526598440,1,SRM-USDT
2022-06-01 09:00:00,1654045200000,1.1300000000,1.1350000000,1.1230000000,1.1350000000,26858.9974330000,30358.1866879630,30358.1866879630,1,SRM-USDT
2022-06-01 10:00:00,1654048800000,1.1340000000,1.1380000000,1.1170000000,1.1280000000,31035.2608660000,34974.6860937730,34974.6860937730,1,SRM-USDT
2022-06-01 11:00:00,1654052400000,1.1280000000,1.1310000000,1.1090000000,1.1220000000,46582.1516000000,52243.9162725710,52243.9162725710,1,SRM-USDT
2022-06-01 12:00:00,1654056000000,1.1220000000,1.1480000000,1.1100000000,1.1430000000,71705.2524320000,80969.7794136110,80969.7794136110,1,SRM-USDT
2022-06-01 13:00:00,1654059600000,1.1430000000,1.1560000000,1.1330000000,1.1410000000,63678.0459050000,72880.7139159580,72880.7139159580,1,SRM-USDT
2022-06-01 14:00:00,1654063200000,1.1400000000,1.1620000000,1.1400000000,1.1500000000,49689.1773670000,57428.9061843620,57428.9061843620,1,SRM-USDT
2022-06-01 15:00:00,1654066800000,1.1490000000,1.1550000000,1.1370000000,1.1380000000,20008.0617250000,22948.6321618950,22948.6321618950,1,SRM-USDT
2022-06-01 16:00:00,1654070400000,1.1370000000,1.1510000000,1.1350000000,1.1490000000,27993.2878470000,32066.3481291290,32066.3481291290,1,SRM-USDT
2022-06-01 17:00:00,1654074000000,1.1490000000,1.1570000000,1.1450000000,1.1570000000,8943.0405410000,10302.4167892980,10302.4167892980,1,SRM-USDT
2022-06-01 18:00:00,1654077600000,1.1570000000,1.1590000000,1.1400000000,1.1430000000,35879.2086960000,41145.5782056780,41145.5782056780,1,SRM-USDT
2022-06-01 19:00:00,1654081200000,1.1410000000,1.1480000000,1.1270000000,1.1360000000,12734.8050090000,14471.3015383280,14471.3015383280,1,SRM-USDT
2022-06-01 20:00:00,1654084800000,1.1360000000,1.1510000000,1.1330000000,1.1450000000,22600.7824980000,25802.8766357760,25802.8766357760,1,SRM-USDT
2022-06-01 21:00:00,1654088400000,1.1450000000,1.1570000000,1.1410000000,1.1440000000,28570.7129450000,32824.3693139080,32824.3693139080,1,SRM-USDT
2022-06-01 22:00:00,1654092000000,1.1440000000,1.1450000000,1.1150000000,1.1320000000,92944.4476610000,104957.0800518600,104957.0800518600,1,SRM-USDT
2022-06-01 23:00:00,1654095600000,1.1320000000,1.1320000000,1.1120000000,1.1120000000,58543.5958660000,65664.9543930070,65664.9543930070,1,SRM-USDT
2022-06-02 00:00:00,1654099200000,1.1130000000,1.1130000000,1.1000000000,1.1020000000,37940.8291270000,41932.7469069950,41932.7469069950,1,SRM-USDT
2022-06-02 01:00:00,1654102800000,1.1020000000,1.1020000000,1.1020000000,1.1020000000,0.0000000000,0.0000000000,0.0000000000,1,SRM-USDT
2022-06-02 02:00:00,1654106400000,1.1010000000,1.1010000000,1.0500000000,1.0650000000,103317.3019500000,110645.5869392060,110645.5869392060,1,SRM-USDT
2022-06-02 03:00:00,1654110000000,1.0670000000,1.0740000000,1.0590000000,1.0730000000,96086.4518480000,102689.4387402060,102689.4387402060,1,SRM-USDT
2022-06-02 04:00:00,1654113600000,1.0730000000,1.0740000000,1.0300000000,1.0430000000,117884.0007910000,124060.1761243890,124060.1761243890,1,SRM-USDT
2022-06-02 05:00:00,1654117200000,1.0410000000,1.0440000000,1.0170000000,1.0170000000,19365.4600130000,20045.7817466070,20045.7817466070,1,SRM-USDT
2022-06-02 06:00:00,1654120800000,1.0170000000,1.0280000000,1.0060000000,1.0250000000,43429.6742540000,44200.7811753140,44200.7811753140,1,SRM-USDT
2022-06-02 07:00:00,1654124400000,1.0230000000,1.0350000000,1.0150000000,1.0280000000,61932.8531730000,63796.2539709680,63796.2539709680,1,SRM-USDT
2022-06-02 08:00:00,1654128000000,1.0280000000,1.0460000000,1.0210000000,1.0380000000,231157.9205790000,238517.1891114110,238517.1891114110,1,SRM-USDT
2022-06-02 09:00:00,1654131600000,1.0390000000,1.0470000000,1.0350000000,1.0390000000,107743.7184440000,112324.7834294460,112324.7834294460,1,SRM-USDT
2022-06-02 10:00:00,1654135200000,1.0390000000,1.0450000000,1.0330000000,1.0370000000,18034.9738420000,18736.1738590990,18736.1738590990,1,SRM-USDT
2022-06-02 11:00:00,1654138800000,1.0380000000,1.0470000000,1.0310000000,1.0390000000,31690.9392870000,32980.6677158860,32980.6677158860,1,SRM-USDT
2022-06-02 12:00:00,1654142400000,1.0410000000,1.0440000000,1.0350000000,1.0430000000,7911.9782040000,8229.7596522660,8229.7596522660,1,SRM-USDT
2022-06-02 13:00:00,1654146000000,1.0420000000,1.0510000000,1.0330000000,1.0500000000,18760.6087090000,19543.3151713470,19543.3151713470,1,SRM-USDT
2022-06-02 14:00:00,1654149600000,1.0490000000,1.0560000000,1.0460000000,1.0550000000,18108.2482520000,19038.6318614990,19038.6318614990,1,SRM-USDT
2022-06-02 15:00:00,1654153200000,1.0560000000,1.0610000000,1.0540000000,1.0570000000,10395.0076570000,11003.2842570510,11003.2842570510,1,SRM-USDT
2022-06-02 16:00:00,1654156800000,1.0550000000,1.0710000000,1.0540000000,1.0710000000,23173.8018350000,24651.4020724050,24651.4020724050,1,SRM-USDT
2022-06-02 17:00:00,1654160400000,1.0700000000,1.0770000000,1.0670000000,1.0750000000,18781.5819390000,20146.0374065750,20146.0374065750,1,SRM-USDT
2022-06-02 18:00:00,1654164000000,1.0750000000,1.0810000000,1.0630000000,1.0700000000,8178.4449080000,8767.0652502320,8767.0652502320,1,SRM-USDT
2022-06-02 19:00:00,1654167600000,1.0690000000,1.0930000000,1.0690000000,1.0930000000,17919.1413100000,19435.9162093580,19435.9162093580,1,SRM-USDT
2022-06-02 20:00:00,1654171200000,1.0910000000,1.0920000000,1.0700000000,1.0730000000,15420.8478330000,16677.4415830790,16677.4415830790,1,SRM-USDT
2022-06-02 21:00:00,1654174800000,1.0710000000,1.0740000000,1.0470000000,1.0540000000,51162.7186920000,54014.2149462080,54014.2149462080,1,SRM-USDT
2022-06-02 22:00:00,1654178400000,1.0520000000,1.0640000000,1.0510000000,1.0570000000,24770.6234740000,26186.8799942890,26186.8799942890,1,SRM-USDT
2022-06-02 23:00:00,1654182000000,1.0570000000,1.0690000000,1.0570000000,1.0650000000,30242.0557360000,32158.0369119200,32158.0369119200,1,SRM-USDT
2022-06-03 00:00:00,1654185600000,1.0650000000,1.0710000000,1.0630000000,1.0670000000,24347.4009790000,25962.8570541900,25962.8570541900,1,SRM-USDT
2022-06-03 01:00:00,1654189200000,1.0700000000,1.0740000000,1.0590000000,1.0610000000,7580.6440420000,8080.8628515600,8080.8628515600,1,SRM-USDT
2022-06-03 02:00:00,1654192800000,1.0610000000,1.0720000000,1.0590000000,1.0590000000,11787.4435390000,12569.5334478800,12569.5334478800,1,SRM-USDT
2022-06-03 03:00:00,1654196400000,1.0600000000,1.0670000000,1.0540000000,1.0660000000,15310.9694180000,16225.0924759470,16225.0924759470,1,SRM-USDT
2022-06-03 04:00:00,1654200000000,1.0660000000,1.0710000000,1.0660000000,1.0660000000,13143.2767140000,14048.5958780710,14048.5958780710,1,SRM-USDT
2022-06-03 05:00:00,1654203600000,1.0650000000,1.0770000000,1.0650000000,1.0770000000,28484.5930470000,30576.9796628560,30576.9796628560,1,SRM-USDT
2022-06-03 06:00:00,1654207200000,1.0780000000,1.1070000000,1.0760000000,1.0830000000,33648.4807980000,36761.3270091970,36761.3270091970,1,SRM-USDT
2022-06-03 07:00:00,1654210800000,1.0830000000,1.0880000000,1.0790000000,1.0880000000,7418.4338270000,8035.8860281520,8035.8860281520,1,SRM-USDT
2022-06-03 08:00:00,1654214400000,1.0870000000,1.0990000000,1.0720000000,1.0720000000,34433.3534970000,37417.7000336010,37417.7000336010,1,SRM-USDT
2022-06-03 09:00:00,1654218000000,1.0720000000,1.0840000000,1.0690000000,1.0840000000,20505.2008120000,22010.8832292670,22010.8832292670,1,SRM-USDT
2022-06-03 10:00:00,1654221600000,1.0860000000,1.0870000000,1.0750000000,1.0750000000,9745.4885330000,10533.9231607370,10533.9231607370,1,SRM-USDT
2022-06-03 11:00:00,1654225200000,1.0770000000,1.0780000000,1.0740000000,1.0760000000,1799.0645770000,1936.1415912610,1936.1415912610,1,SRM-USDT
2022-06-03 12:00:00,1654228800000,1.0760000000,1.0770000000,1.0660000000,1.0690000000,6158.6070210000,6594.1607803600,6594.1607803600,1,SRM-USDT
2022-06-03 13:00:00,1654232400000,1.0710000000,1.0760000000,1.0670000000,1.0740000000,11104.4008460000,11889.8498018390,11889.8498018390,1,SRM-USDT
2022-06-03 14:00:00,1654236000000,1.0750000000,1.0770000000,1.0690000000,1.0690000000,7448.3299320000,7983.9279007760,7983.9279007760,1,SRM-USDT
2022-06-03 15:00:00,1654239600000,1.0660000000,1.0670000000,1.0600000000,1.0630000000,11165.4618370000,11885.8403284550,11885.8403284550,1,SRM-USDT
2022-06-03 16:00:00,1654243200000,1.0620000000,1.0640000000,1.0540000000,1.0570000000,18040.2545590000,19076.8442080810,19076.8442080810,1,SRM-USDT
2022-06-03 17:00:00,1654246800000,1.0570000000,1.0590000000,1.0400000000,1.0440000000,15625.6263180000,16381.0977525630,16381.0977525630,1,SRM-USDT
2022-06-03 18:00:00,1654250400000,1.0430000000,1.0460000000,1.0270000000,1.0300000000,18836.8007690000,19492.0361141000,19492.0361141000,1,SRM-USDT
2022-06-03 19:00:00,1654254000000,1.0280000000,1.0330000000,1.0210000000,1.0260000000,30363.7886870000,31137.2775169840,31137.2775169840,1,SRM-USDT
2022-06-03 20:00:00,1654257600000,1.0280000000,1.0370000000,1.0170000000,1.0210000000,26302.2996620000,26991.3153316650,26991.3153316650,1,SRM-USDT
2022-06-03 21:00:00,1654261200000,1.0210000000,1.0300000000,1.0190000000,1.0250000000,13676.3795590000,14003.4887687650,14003.4887687650,1,SRM-USDT
2022-06-03 22:00:00,1654264800000,1.0270000000,1.0280000000,1.0140000000,1.0200000000,11903.1487150000,12169.3276891450,12169.3276891450,1,SRM-USDT
2022-06-03 23:00:00,1654268400000,1.0200000000,1.0250000000,1.0160000000,1.0220000000,9568.3020430000,9746.4600309310,9746.4600309310,1,SRM-USDT
2022-06-04 00:00:00,1654272000000,1.0210000000,1.0240000000,1.0180000000,1.0240000000,14055.0163270000,14349.4488516000,14349.4488516000,1,SRM-USDT
2022-06-04 01:00:00,1654275600000,1.0230000000,1.0280000000,1.0140000000,1.0190000000,13498.5576440000,13791.7248761230,13791.7248761230,1,SRM-USDT
2022-06-04 02:00:00,1654279200000,1.0160000000,1.0210000000,1.0150000000,1.0190000000,10660.0660870000,10858.9404960330,10858.9404960330,1,SRM-USDT
2022-06-04 03:00:00,1654282800000,1.0150000000,1.0200000000,1.0150000000,1.0180000000,2580.5395080000,2627.6615331250,2627.6615331250,1,SRM-USDT
2022-06-04 04:00:00,1654286400000,1.0180000000,1.0290000000,1.0170000000,1.0280000000,19837.2744330000,20337.2599235740,20337.2599235740,1,SRM-USDT
2022-06-04 05:00:00,1654290000000,1.0260000000,1.0320000000,1.0240000000,1.0320000000,8325.1303010000,8556.3340164870,8556.3340164870,1,SRM-USDT
2022-06-04 06:00:00,1654293600000,1.0320000000,1.0330000000,1.0160000000,1.0210000000,8503.7905450000,8691.1514359870,8691.1514359870,1,SRM-USDT
2022-06-04 07:00:00,1654297200000,1.0220000000,1.0270000000,1.0190000000,1.0270000000,10881.5248070000,11120.9665348530,11120.9665348530,1,SRM-USDT
2022-06-04 08:00:00,1654300800000,1.0270000000,1.0300000000,1.0220000000,1.0230000000,25959.3557570000,26615.5657048920,26615.5657048920,1,SRM-USDT
2022-06-04 09:00:00,1654304400000,1.0230000000,1.0240000000,1.0040000000,1.0050000000,37699.4983770000,38260.9339653900,38260.9339653900,1,SRM-USDT
2022-06-04 10:00:00,1654308000000,1.0040000000,1.0090000000,0.9930000000,1.0010000000,69648.1604890000,69378.6709784540,69378.6709784540,1,SRM-USDT
2022-06-04 11:00:00,1654311600000,0.9990000000,1.0020000000,0.9980000000,0.9980000000,4821.5825600000,4822.0478315850,4822.0478315850,1,SRM-USDT
2022-06-04 12:00:00,1654315200000,0.9990000000,1.0170000000,0.9990000000,1.0150000000,15125.9646620000,15321.5279456850,15321.5279456850,1,SRM-USDT
2022-06-04 13:00:00,1654318800000,1.0160000000,1.0170000000,1.0130000000,1.0140000000,6113.6719530000,6202.8152612580,6202.8152612580,1,SRM-USDT
2022-06-04 14:00:00,1654322400000,1.0150000000,1.0190000000,1.0140000000,1.0150000000,3845.0874900000,3910.7496016230,3910.7496016230,1,SRM-USDT
2022-06-04 15:00:00,1654326000000,1.0170000000,1.0170000000,1.0100000000,1.0150000000,7219.4448020000,7310.3092427210,7310.3092427210,1,SRM-USDT
2022-06-04 16:00:00,1654329600000,1.0140000000,1.0240000000,1.0140000000,1.0200000000,17125.4436910000,17436.2001720610,17436.2001720610,1,SRM-USDT
2022-06-04 17:00:00,1654333200000,1.0190000000,1.0210000000,1.0120000000,1.0170000000,10562.4279140000,10729.0181174860,10729.0181174860,1,SRM-USDT
2022-06-04 18:00:00,1654336800000,1.0190000000,1.0200000000,1.0150000000,1.0150000000,3572.3424300000,3630.8010947120,3630.8010947120,1,SRM-USDT
2022-06-04 19:00:00,1654340400000,1.0150000000,1.0160000000,1.0080000000,1.0120000000,4847.7162970000,4909.8840767450,4909.8840767450,1,SRM-USDT
2022-06-04 20:00:00,1654344000000,1.0110000000,1.0110000000,1.0000000000,1.0030000000,3708.3895760000,3723.0867904480,3723.0867904480,1,SRM-USDT
2022-06-04 21:00:00,1654347600000,1.0020000000,1.0100000000,1.0020000000,1.0070000000,3086.0553210000,3106.3296345180,3106.3296345180,1,SRM-USDT
2022-06-04 22:00:00,1654351200000,1.0090000000,1.0220000000,1.0010000000,1.0140000000,27926.5446760000,28316.9734345080,28316.9734345080,1,SRM-USDT
2022-06-04 23:00:00,1654354800000,1.0140000000,1.0190000000,1.0140000000,1.0180000000,4414.2908480000,4483.3225250250,4483.3225250250,1,SRM-USDT
2022-06-05 00:00:00,1654358400000,1.0160000000,1.0160000000,1.0100000000,1.0120000000,18015.9140040000,18247.5686464120,18247.5686464120,1,SRM-USDT
2022-06-05 01:00:00,1654362000000,1.0120000000,1.0140000000,1.0080000000,1.0120000000,10043.9485320000,10152.1181391970,10152.1181391970,1,SRM-USDT
2022-06-05 02:00:00,1654365600000,1.0130000000,1.0170000000,1.0130000000,1.0140000000,3251.2265920000,3301.9527354710,3301.9527354710,1,SRM-USDT
2022-06-05 03:00:00,1654369200000,1.0140000000,1.0140000000,1.0070000000,1.0090000000,5180.6175830000,5227.8708745730,5227.8708745730,1,SRM-USDT
2022-06-05 04:00:00,1654372800000,1.0100000000,1.0150000000,1.0100000000,1.0140000000,4390.7773970000,4445.4904708750,4445.4904708750,1,SRM-USDT
2022-06-05 05:00:00,1654376400000,1.0140000000,1.0230000000,1.0140000000,1.0210000000,5828.9078380000,5945.4465617070,5945.4465617070,1,SRM-USDT
2022-06-05 06:00:00,1654380000000,1.0200000000,1.0290000000,1.0190000000,1.0220000000,9201.7311450000,9420.6883832440,9420.6883832440,1,SRM-USDT
2022-06-05 07:00:00,1654383600000,1.0210000000,1.0270000000,1.0190000000,1.0270000000,28833.6521460000,29488.8469624190,29488.8469624190,1,SRM-USDT
2022-06-05 08:00:00,1654387200000,1.0270000000,1.0290000000,1.0160000000,1.0170000000,21065.2315510000,21548.3549678940,21548.3549678940,1,SRM-USDT
2022-06-05 09:00:00,1654390800000,1.0140000000,1.0140000000,1.0050000000,1.0050000000,12100.1410140000,12207.0983133090,12207.0983133090,1,SRM-USDT
2022-06-05 10:00:00,1654394400000,1.0050000000,1.0180000000,1.0050000000,1.0170000000,31198.0075660000,31591.5773683870,31591.5773683870,1,SRM-USDT
2022-06-05 11:00:00,1654398000000,1.0170000000,1.0360000000,1.0150000000,1.0250000000,84702.0894060000,86953.2118685740,86953.2118685740,1,SRM-USDT
2022-06-05 12:00:00,1654401600000,1.0260000000,1.0470000000,1.0190000000,1.0410000000,60943.5565180000,63193.6977225730,63193.6977225730,1,SRM-USDT
2022-06-05 13:00:00,1654405200000,1.0420000000,1.0420000000,1.0330000000,1.0340000000,27311.1419710000,28312.5508993060,28312.5508993060,1,SRM-USDT
2022-06-05 14:00:00,1654408800000,1.0340000000,1.0360000000,1.0290000000,1.0300000000,24300.8647810000,25084.3503599940,25084.3503599940,1,SRM-USDT
2022-06-05 15:00:00,1654412400000,1.0320000000,1.0400000000,1.0280000000,1.0290000000,20240.8422560000,20946.8047892530,20946.8047892530,1,SRM-USDT
2022-06-05 16:00:00,1654416000000,1.0290000000,1.0370000000,1.0270000000,1.0270000000,12242.1362480000,12607.6290755260,12607.6290755260,1,SRM-USDT
2022-06-05 17:00:00,1654419600000,1.0280000000,1.0340000000,1.0210000000,1.0340000000,15887.9590290000,16308.2233949640,16308.2233949640,1,SRM-USDT
2022-06-05 18:00:00,1654423200000,1.0340000000,1.0370000000,1.0290000000,1.0310000000,11811.8426420000,12212.1048187720,12212.1048187720,1,SRM-USDT
2022-06-05 19:00:00,1654426800000,1.0290000000,1.0360000000,1.0260000000,1.0350000000,12563.9621880000,12975.5913214770,12975.5913214770,1,SRM-USDT
2022-06-05 20:00:00,1654430400000,1.0360000000,1.0400000000,1.0310000000,1.0330000000,8259.7908120000,8544.1899658440,8544.1899658440,1,SRM-USDT
2022-06-05 21:00:00,1654434000000,1.0340000000,1.0440000000,1.0270000000,1.0280000000,20719.5313790000,21451.8028138170,21451.8028138170,1,SRM-USDT
2022-06-05 22:00:00,1654437600000,1.0280000000,1.0350000000,1.0270000000,1.0340000000,5742.1475180000,5927.9141791940,5927.9141791940,1,SRM-USDT
2022-06-05 23:00:00,1654441200000,1.0340000000,1.0420000000,1.0330000000,1.0410000000,14188.4623640000,14706.8771891040,14706.8771891040,1,SRM-USDT
2022-06-06 00:00:00,1654444800000,1.0390000000,1.0460000000,1.0340000000,1.0380000000,19567.4241030000,20339.0615609120,20339.0615609120,1,SRM-USDT
2022-06-06 01:00:00,1654448400000,1.0390000000,1.0470000000,1.0390000000,1.0470000000,15788.1324940000,16487.7750005470,16487.7750005470,1,SRM-USDT
2022-06-06 02:00:00,1654452000000,1.0470000000,1.0490000000,1.0430000000,1.0430000000,9914.7395560000,10372.5665020080,10372.5665020080,1,SRM-USDT
2022-06-06 03:00:00,1654455600000,1.0430000000,1.0490000000,1.0420000000,1.0480000000,5645.9444010000,5892.7494257710,5892.7494257710,1,SRM-USDT
2022-06-06 04:00:00,1654459200000,1.0470000000,1.0520000000,1.0420000000,1.0420000000,8420.2745370000,8828.3200552120,8828.3200552120,1,SRM-USDT
2022-06-06 05:00:00,1654462800000,1.0420000000,1.0440000000,1.0390000000,1.0430000000,1342.3094350000,1397.6820227360,1397.6820227360,1,SRM-USDT
2022-06-06 06:00:00,1654466400000,1.0440000000,1.0460000000,1.0300000000,1.0370000000,14248.7001320000,14819.4657707040,14819.4657707040,1,SRM-USDT
2022-06-06 07:00:00,1654470000000,1.0390000000,1.0430000000,1.0350000000,1.0390000000,19345.0279010000,20100.4741878510,20100.4741878510,1,SRM-USDT
2022-06-06 08:00:00,1654473600000,1.0360000000,1.0530000000,1.0340000000,1.0510000000,26302.7914860000,27458.6242885090,27458.6242885090,1,SRM-USDT
2022-06-06 09:00:00,1654477200000,1.0510000000,1.0760000000,1.0510000000,1.0740000000,22216.9201510000,23640.6929716350,23640.6929716350,1,SRM-USDT
2022-06-06 10:00:00,1654480800000,1.0750000000,1.0770000000,1.0690000000,1.0730000000,17927.6444360000,19261.8438007180,19261.8438007180,1,SRM-USDT
2022-06-06 11:00:00,1654484400000,1.0740000000,1.0830000000,1.0720000000,1.0820000000,16825.7956500000,18179.1386523870,18179.1386523870,1,SRM-USDT
2022-06-06 12:00:00,1654488000000,1.0820000000,1.0900000000,1.0690000000,1.0700000000,33704.5827350000,36463.3431556670,36463.3431556670,1,SRM-USDT
2022-06-06 13:00:00,1654491600000,1.0710000000,1.0730000000,1.0680000000,1.0690000000,1814.7482000000,1943.9313719440,1943.9313719440,1,SRM-USDT
2022-06-06 14:00:00,1654495200000,1.0700000000,1.0870000000,1.0690000000,1.0830000000,15912.4300900000,17165.9874563470,17165.9874563470,1,SRM-USDT
2022-06-06 15:00:00,1654498800000,1.0840000000,1.0910000000,1.0840000000,1.0910000000,9024.7619080000,9827.9718312800,9827.9718312800,1,SRM-USDT
2022-06-06 16:00:00,1654502400000,1.0890000000,1.0990000000,1.0850000000,1.0970000000,67352.9689440000,73465.9494470000,73465.9494470000,1,SRM-USDT
2022-06-06 17:00:00,1654506000000,1.0990000000,1.1100000000,1.0950000000,1.1100000000,26201.0333430000,28866.8626579920,28866.8626579920,1,SRM-USDT
2022-06-06 18:00:00,1654509600000,1.1100000000,1.1210000000,1.1020000000,1.1060000000,45410.5780620000,50500.0574017010,50500.0574017010,1,SRM-USDT
2022-06-06 19:00:00,1654513200000,1.1060000000,1.1080000000,1.0910000000,1.0990000000,21642.7944010000,23763.5832674270,23763.5832674270,1,SRM-USDT
2022-06-06 20:00:00,1654516800000,1.0980000000,1.1070000000,1.0970000000,1.1020000000,17582.1794720000,19418.7687832910,19418.7687832910,1,SRM-USDT
2022-06-06 21:00:00,1654520400000,1.1020000000,1.1030000000,1.0900000000,1.0930000000,22478.0254890000,24643.5801521950,24643.5801521950,1,SRM-USDT
2022-06-06 22:00:00,1654524000000,1.0980000000,1.0990000000,1.0820000000,1.0840000000,24459.0936310000,26692.1656179480,26692.1656179480,1,SRM-USDT
2022-06-06 23:00:00,1654527600000,1.0830000000,1.0870000000,1.0660000000,1.0800000000,60499.2608390000,64910.9003014380,64910.9003014380,1,SRM-USDT
2022-06-07 00:00:00,1654531200000,1.0790000000,1.0790000000,1.0590000000,1.0640000000,37709.3223940000,40333.9299970670,40333.9299970670,1,SRM-USDT
2022-06-07 01:00:00,1654534800000,1.0630000000,1.0750000000,1.0570000000,1.0750000000,17982.7437750000,19180.2164354860,19180.2164354860,1,SRM-USDT
2022-06-07 02:00:00,1654538400000,1.0740000000,1.0780000000,1.0640000000,1.0670000000,7607.6804530000,8134.6886358480,8134.6886358480,1,SRM-USDT
2022-06-07 03:00:00,1654542000000,1.0670000000,1.0670000000,1.0620000000,1.0660000000,3554.3148170000,3785.1498368860,3785.1498368860,1,SRM-USDT
2022-06-07 04:00:00,1654545600000,1.0650000000,1.0670000000,1.0540000000,1.0610000000,18216.2475180000,19297.7798711790,19297.7798711790,1,SRM-USDT
2022-06-07 05:00:00,1654549200000,1.0620000000,1.1010000000,1.0620000000,1.0990000000,54975.0880390000,59116.0873223650,59116.0873223650,1,SRM-USDT
2022-06-07 06:00:00,1654552800000,1.1000000000,1.1270000000,1.0860000000,1.0930000000,148469.7289160000,163271.7205911750,163271.7205911750,1,SRM-USDT
2022-06-07 07:00:00,1654556400000,1.0920000000,1.1070000000,1.0870000000,1.1030000000,35506.9781520000,38863.8187560470,38863.8187560470,1,SRM-USDT
2022-06-07 08:00:00,1654560000000,1.1030000000,1.1050000000,1.0380000000,1.0420000000,150333.9316810000,160613.1605928680,160613.1605928680,1,SRM-USDT
2022-06-07 09:00:00,1654563600000,1.0420000000,1.0450000000,1.0160000000,1.0260000000,24302.9247000000,25104.2625441360,25104.2625441360,1,SRM-USDT
2022-06-07 10:00:00,1654567200000,1.0270000000,1.0310000000,1.0180000000,1.0290000000,20330.0137010000,20855.7319729690,20855.7319729690,1,SRM-USDT
2022-06-07 11:00:00,1654570800000,1.0260000000,1.0420000000,1.0260000000,1.0380000000,31443.4934730000,32483.2167670840,32483.2167670840,1,SRM-USDT
2022-06-07 12:00:00,1654574400000,1.0370000000,1.0380000000,1.0320000000,1.0320000000,13377.4556320000,13853.9129352110,13853.9129352110,1,SRM-USDT
2022-06-07 13:00:00,1654578000000,1.0310000000,1.0310000000,1.0230000000,1.0240000000,33102.5389380000,34006.6268256270,34006.6268256270,1,SRM-USDT
2022-06-07 14:00:00,1654581600000,1.0250000000,1.0280000000,1.0200000000,1.0260000000,25054.3676930000,25672.7129422270,25672.7129422270,1,SRM-USDT
2022-06-07 15:00:00,1654585200000,1.0260000000,1.0330000000,1.0250000000,1.0320000000,10966.0533110000,11271.8612846180,11271.8612846180,1,SRM-USDT
2022-06-07 16:00:00,1654588800000,1.0310000000,1.0370000000,1.0280000000,1.0340000000,14105.8125800000,14585.4695424930,14585.4695424930,1,SRM-USDT
2022-06-07 17:00:00,1654592400000,1.0340000000,1.0360000000,1.0280000000,1.0300000000,12929.6036130000,13344.3372093960,13344.3372093960,1,SRM-USDT
2022-06-07 18:00:00,1654596000000,1.0300000000,1.0310000000,1.0270000000,1.0270000000,5715.9125050000,5881.2406278770,5881.2406278770,1,SRM-USDT
2022-06-07 19:00:00,1654599600000,1.0270000000,1.0270000000,1.0060000000,1.0160000000,95224.9115120000,96730.2081696550,96730.2081696550,1,SRM-USDT
2022-06-07 20:00:00,1654603200000,1.0170000000,1.0170000000,1.0100000000,1.0140000000,13339.2617500000,13532.1631702580,13532.1631702580,1,SRM-USDT
2022-06-07 21:00:00,1654606800000,1.0140000000,1.0280000000,1.0140000000,1.0250000000,39153.1614140000,40041.2158640920,40041.2158640920,1,SRM-USDT
2022-06-07 22:00:00,1654610400000,1.0250000000,1.0400000000,1.0220000000,1.0320000000,34579.1818500000,35648.9424600560,35648.9424600560,1,SRM-USDT
2022-06-07 23:00:00,1654614000000,1.0330000000,1.0340000000,1.0230000000,1.0270000000,12004.7914540000,12308.8325238400,12308.8325238400,1,SRM-USDT
2022-06-08 00:00:00,1654617600000,1.0250000000,1.0320000000,1.0210000000,1.0290000000,12209.5652950000,12516.4545132700,12516.4545132700,1,SRM-USDT
2022-06-08 01:00:00,1654621200000,1.0280000000,1.0300000000,1.0190000000,1.0250000000,15594.4492180000,15963.0342076380,15963.0342076380,1,SRM-USDT
2022-06-08 02:00:00,1654624800000,1.0270000000,1.0420000000,1.0250000000,1.0400000000,41366.0481510000,42873.2253815560,42873.2253815560,1,SRM-USDT
2022-06-08 03:00:00,1654628400000,1.0390000000,1.0610000000,1.0380000000,1.0530000000,31100.8045250000,32637.1571412820,32637.1571412820,1,SRM-USDT
2022-06-08 04:00:00,1654632000000,1.0550000000,1.0660000000,1.0540000000,1.0630000000,44809.1946150000,47466.7222934510,47466.7222934510,1,SRM-USDT
2022-06-08 05:00:00,1654635600000,1.0630000000,1.0670000000,1.0620000000,1.0670000000,11788.5751460000,12545.4649970550,12545.4649970550,1,SRM-USDT
2022-06-08 06:00:00,1654639200000,1.0660000000,1.0720000000,1.0240000000,1.0430000000,56492.6655230000,59376.6632186700,59376.6632186700,1,SRM-USDT
2022-06-08 07:00:00,1654642800000,1.0440000000,1.0560000000,1.0340000000,1.0460000000,57720.3630750000,60381.7748656660,60381.7748656660,1,SRM-USDT
2022-06-08 08:00:00,1654646400000,1.0460000000,1.0560000000,1.0420000000,1.0480000000,33795.2877770000,35480.5353315170,35480.5353315170,1,SRM-USDT
2022-06-08 09:00:00,1654650000000,1.0470000000,1.0480000000,1.0340000000,1.0470000000,56046.7420890000,58393.4820244070,58393.4820244070,1,SRM-USDT
2022-06-08 10:00:00,1654653600000,1.0460000000,1.0590000000,1.0430000000,1.0430000000,30202.6390930000,31780.8480819970,31780.8480819970,1,SRM-USDT
2022-06-08 11:00:00,1654657200000,1.0440000000,1.0440000000,1.0100000000,1.0170000000,65974.8554700000,67476.5029254840,67476.5029254840,1,SRM-USDT
2022-06-08 12:00:00,1654660800000,1.0150000000,1.0310000000,1.0120000000,1.0260000000,22760.0095390000,23281.8281381400,23281.8281381400,1,SRM-USDT
2022-06-08 13:00:00,1654664400000,1.0270000000,1.0370000000,1.0240000000,1.0330000000,21160.3647820000,21755.3972256150,21755.3972256150,1,SRM-USDT
2022-06-08 14:00:00,1654668000000,1.0330000000,1.0340000000,1.0240000000,1.0270000000,6962.1732220000,7154.6982877810,7154.6982877810,1,SRM-USDT
2022-06-08 15:00:00,1654671600000,1.0250000000,1.0330000000,1.0190000000,1.0290000000,15053.6217930000,15449.0543700760,15449.0543700760,1,SRM-USDT
2022-06-08 16:00:00,1654675200000,1.0290000000,1.0350000000,1.0230000000,1.0310000000,13934.4053250000,14344.7226078090,14344.7226078090,1,SRM-USDT
2022-06-08 17:00:00,1654678800000,1.0310000000,1.0370000000,1.0270000000,1.0350000000,10600.3860330000,10938.4006617920,10938.4006617920,1,SRM-USDT
2022-06-08 18:00:00,1654682400000,1.0370000000,1.0370000000,1.0290000000,1.0320000000,7837.9286020000,8098.6258578290,8098.6258578290,1,SRM-USDT
2022-06-08 19:00:00,1654686000000,1.0300000000,1.0340000000,1.0280000000,1.0290000000,17661.1652110000,18196.6279240630,18196.6279240630,1,SRM-USDT
2022-06-08 20:00:00,1654689600000,1.0290000000,1.0310000000,1.0170000000,1.0220000000,34512.1192700000,35335.5324495280,35335.5324495280,1,SRM-USDT
2022-06-08 21:00:00,1654693200000,1.0190000000,1.0480000000,1.0180000000,1.0430000000,52161.7218120000,54093.9227263030,54093.9227263030,1,SRM-USDT
2022-06-08 22:00:00,1654696800000,1.0430000000,1.0470000000,1.0300000000,1.0320000000,38855.9146870000,40487.4114420930,40487.4114420930,1,SRM-USDT
2022-06-08 23:00:00,1654700400000,1.0330000000,1.0400000000,1.0330000000,1.0360000000,24255.5564630000,25135.9315876870,25135.9315876870,1,SRM-USDT
2022-06-09 00:00:00,1654704000000,1.0370000000,1.0370000000,1.0240000000,1.0250000000,17823.3629830000,18330.6206640740,18330.6206640740,1,SRM-USDT
2022-06-09 01:00:00,1654707600000,1.0260000000,1.0280000000,1.0240000000,1.0270000000,8297.1949680000,8516.3675767720,8516.3675767720,1,SRM-USDT
2022-06-09 02:00:00,1654711200000,1.0260000000,1.0260000000,1.0130000000,1.0230000000,24854.3663980000,25360.4332469640,25360.4332469640,1,SRM-USDT
2022-06-09 03:00:00,1654714800000,1.0230000000,1.0270000000,1.0180000000,1.0250000000,32063.7677060000,32797.3179374630,32797.3179374630,1,SRM-USDT
2022-06-09 04:00:00,1654718400000,1.0230000000,1.0250000000,1.0180000000,1.0220000000,25064.9195580000,25594.6120416010,25594.6120416010,1,SRM-USDT
2022-06-09 05:00:00,1654722000000,1.0210000000,1.0310000000,1.0210000000,1.0300000000,12342.4285060000,12668.8195781850,12668.8195781850,1,SRM-USDT
2022-06-09 06:00:00,1654725600000,1.0300000000,1.0310000000,1.0240000000,1.0250000000,20890.4649640000,21445.8682706220,21445.8682706220,1,SRM-USDT
2022-06-09 07:00:00,1654729200000,1.0250000000,1.0290000000,1.0190000000,1.0220000000,34933.3165600000,35772.0159064410,35772.0159064410,1,SRM-USDT
2022-06-09 08:00:00,1654732800000,1.0220000000,1.0260000000,1.0170000000,1.0240000000,74180.5199830000,75780.8538225190,75780.8538225190,1,SRM-USDT
2022-06-09 09:00:00,1654736400000,1.0250000000,1.0280000000,1.0130000000,1.0130000000,21664.2703740000,22166.0217543670,22166.0217543670,1,SRM-USDT
2022-06-09 10:00:00,1654740000000,1.0140000000,1.0220000000,1.0140000000,1.0200000000,19243.6611940000,19597.9925270620,19597.9925270620,1,SRM-USDT
2022-06-09 11:00:00,1654743600000,1.0210000000,1.0250000000,1.0200000000,1.0250000000,5017.8408020000,5131.3759032710,5131.3759032710,1,SRM-USDT
2022-06-09 12:00:00,1654747200000,1.0240000000,1.0250000000,1.0210000000,1.0220000000,7904.8848920000,8085.0475251370,8085.0475251370,1,SRM-USDT
2022-06-09 13:00:00,1654750800000,1.0230000000,1.0270000000,1.0220000000,1.0270000000,4187.0734880000,4292.1463832200,4292.1463832200,1,SRM-USDT
2022-06-09 14:00:00,1654754400000,1.0290000000,1.0290000000,1.0250000000,1.0280000000,1951.2769330000,2006.7826819430,2006.7826819430,1,SRM-USDT
2022-06-09 15:00:00,1654758000000,1.0290000000,1.0320000000,1.0280000000,1.0320000000,9869.3064020000,10162.1913197930,10162.1913197930,1,SRM-USDT
2022-06-09 16:00:00,1654761600000,1.0320000000,1.0380000000,1.0290000000,1.0380000000,14815.4357060000,15303.4931778010,15303.4931778010,1,SRM-USDT
2022-06-09 17:00:00,1654765200000,1.0390000000,1.0460000000,1.0380000000,1.0380000000,6889.1382560000,7172.3605074130,7172.3605074130,1,SRM-USDT
2022-06-09 18:00:00,1654768800000,1.0410000000,1.0440000000,1.0380000000,1.0380000000,21353.0323060000,22227.1336125260,22227.1336125260,1,SRM-USDT
2022-06-09 19:00:00,1654772400000,1.0360000000,1.0370000000,1.0290000000,1.0290000000,15944.2008480000,16502.6031347090,16502.6031347090,1,SRM-USDT
2022-06-09 20:00:00,1654776000000,1.0290000000,1.0320000000,1.0180000000,1.0230000000,18890.9225220000,19324.7006887420,19324.7006887420,1,SRM-USDT
2022-06-09 21:00:00,1654779600000,1.0230000000,1.0300000000,1.0190000000,1.0300000000,22136.1388430000,22708.9234697790,22708.9234697790,1,SRM-USDT
2022-06-09 22:00:00,1654783200000,1.0290000000,1.0310000000,1.0230000000,1.0230000000,18023.8497060000,18539.1788665400,18539.1788665400,1,SRM-USDT
2022-06-09 23:00:00,1654786800000,1.0220000000,1.0300000000,1.0200000000,1.0290000000,4876.6701800000,4998.4428332520,4998.4428332520,1,SRM-USDT
2022-06-10 00:00:00,1654790400000,1.0300000000,1.0360000000,1.0240000000,1.0360000000,13244.7826030000,13618.8302856460,13618.8302856460,1,SRM-USDT
2022-06-10 01:00:00,1654794000000,1.0360000000,1.0420000000,1.0310000000,1.0420000000,28831.5106500000,29875.5849088150,29875.5849088150,1,SRM-USDT
2022-06-10 02:00:00,1654797600000,1.0450000000,1.0760000000,1.0390000000,1.0510000000,165904.7778270000,176024.7593972970,176024.7593972970,1,SRM-USDT
2022-06-10 03:00:00,1654801200000,1.0500000000,1.0510000000,1.0300000000,1.0310000000,56337.8839840000,58759.1404008710,58759.1404008710,1,SRM-USDT
2022-06-10 04:00:00,1654804800000,1.0310000000,1.0390000000,1.0220000000,1.0370000000,38784.7713850000,40041.8871552450,40041.8871552450,1,SRM-USDT
2022-06-10 05:00:00,1654808400000,1.0370000000,1.0420000000,1.0360000000,1.0360000000,10059.7596280000,10452.0210589000,10452.0210589000,1,SRM-USDT
2022-06-10 06:00:00,1654812000000,1.0360000000,1.0370000000,1.0280000000,1.0280000000,7366.4525360000,7585.6232347990,7585.6232347990,1,SRM-USDT
2022-06-10 07:00:00,1654815600000,1.0280000000,1.0300000000,1.0220000000,1.0270000000,7165.5288320000,7359.3866408580,7359.3866408580,1,SRM-USDT
2022-06-10 08:00:00,1654819200000,1.0260000000,1.0280000000,1.0000000000,1.0130000000,50619.0466100000,51271.4617402300,51271.4617402300,1,SRM-USDT
2022-06-10 09:00:00,1654822800000,1.0100000000,1.0160000000,1.0070000000,1.0120000000,13624.3478410000,13792.5152712650,13792.5152712650,1,SRM-USDT
2022-06-10 10:00:00,1654826400000,1.0100000000,1.0220000000,1.0100000000,1.0210000000,12633.7993480000,12862.7608437470,12862.7608437470,1,SRM-USDT
2022-06-10 11:00:00,1654830000000,1.0220000000,1.0300000000,1.0220000000,1.0250000000,18393.6125830000,18872.4188729190,18872.4188729190,1,SRM-USDT
2022-06-10 12:00:00,1654833600000,1.0240000000,1.0250000000,1.0180000000,1.0200000000,10387.5979170000,10607.6417701000,10607.6417701000,1,SRM-USDT
2022-06-10 13:00:00,1654837200000,1.0210000000,1.0280000000,1.0210000000,1.0240000000,12345.3968770000,12651.7011922430,12651.7011922430,1,SRM-USDT
2022-06-10 14:00:00,1654840800000,1.0240000000,1.0280000000,1.0170000000,1.0170000000,6995.4634610000,7148.8425833160,7148.8425833160,1,SRM-USDT
2022-06-10 15:00:00,1654844400000,1.0180000000,1.0200000000,1.0140000000,1.0150000000,11382.9769920000,11572.9076231880,11572.9076231880,1,SRM-USDT
2022-06-10 16:00:00,1654848000000,1.0150000000,1.0170000000,1.0100000000,1.0140000000,14667.7726300000,14891.4258122480,14891.4258122480,1,SRM-USDT
2022-06-10 17:00:00,1654851600000,1.0170000000,1.0190000000,1.0050000000,1.0070000000,17770.8421660000,17947.1622779800,17947.1622779800,1,SRM-USDT
2022-06-10 18:00:00,1654855200000,1.0060000000,1.0090000000,1.0010000000,1.0090000000,27337.6282610000,27485.3818726890,27485.3818726890,1,SRM-USDT
2022-06-10 19:00:00,1654858800000,1.0100000000,1.0150000000,1.0080000000,1.0130000000,16856.2936920000,17050.4948395700,17050.4948395700,1,SRM-USDT
2022-06-10 20:00:00,1654862400000,1.0120000000,1.0170000000,0.9460000000,0.9640000000,239697.7807990000,234043.6334461900,234043.6334461900,1,SRM-USDT
2022-06-10 21:00:00,1654866000000,0.9620000000,0.9670000000,0.9430000000,0.9530000000,78439.3934750000,74726.7028419010,74726.7028419010,1,SRM-USDT
2022-06-10 22:00:00,1654869600000,0.9510000000,0.9700000000,0.9480000000,0.9650000000,16396.1992120000,15767.8205122100,15767.8205122100,1,SRM-USDT
2022-06-10 23:00:00,1654873200000,0.9640000000,0.9660000000,0.9550000000,0.9570000000,44079.1806760000,42310.7489691540,42310.7489691540,1,SRM-USDT
2022-06-11 00:00:00,1654876800000,0.9550000000,0.9560000000,0.9250000000,0.9440000000,119900.8766940000,112954.4893213910,112954.4893213910,1,SRM-USDT
2022-06-11 01:00:00,1654880400000,0.9430000000,0.9530000000,0.9400000000,0.9490000000,34465.3962260000,32583.9656879590,32583.9656879590,1,SRM-USDT
2022-06-11 02:00:00,1654884000000,0.9480000000,0.9480000000,0.9360000000,0.9420000000,18839.4213050000,17732.2751671400,17732.2751671400,1,SRM-USDT
2022-06-11 03:00:00,1654887600000,0.9420000000,0.9480000000,0.9350000000,0.9400000000,29780.1567350000,28015.7533277070,28015.7533277070,1,SRM-USDT
2022-06-11 04:00:00,1654891200000,0.9390000000,0.9500000000,0.9390000000,0.9470000000,8827.6152640000,8341.6143490920,8341.6143490920,1,SRM-USDT
2022-06-11 05:00:00,1654894800000,0.9470000000,0.9500000000,0.9430000000,0.9500000000,5882.5794190000,5566.6633817660,5566.6633817660,1,SRM-USDT
2022-06-11 06:00:00,1654898400000,0.9500000000,0.9530000000,0.9470000000,0.9510000000,7781.2729490000,7389.3168613560,7389.3168613560,1,SRM-USDT
2022-06-11 07:00:00,1654902000000,0.9490000000,0.9510000000,0.9210000000,0.9410000000,65900.0004830000,61701.0092736110,61701.0092736110,1,SRM-USDT
2022-06-11 08:00:00,1654905600000,0.9400000000,0.9550000000,0.9370000000,0.9550000000,30142.0823990000,28516.9491715300,28516.9491715300,1,SRM-USDT
2022-06-11 09:00:00,1654909200000,0.9530000000,0.9540000000,0.9460000000,0.9480000000,17143.2742700000,16277.5725891940,16277.5725891940,1,SRM-USDT
2022-06-11 10:00:00,1654912800000,0.9480000000,0.9510000000,0.9450000000,0.9500000000,13903.5295920000,13166.4803440270,13166.4803440270,1,SRM-USDT
2022-06-11 11:00:00,1654916400000,0.9510000000,0.9560000000,0.9500000000,0.9510000000,11170.8975170000,10625.9136453700,10625.9136453700,1,SRM-USDT
2022-06-11 12:00:00,1654920000000,0.9510000000,0.9570000000,0.9490000000,0.9560000000,21579.0401950000,20561.5786839270,20561.5786839270,1,SRM-USDT
2022-06-11 13:00:00,1654923600000,0.9560000000,0.9580000000,0.9450000000,0.9510000000,18521.0937910000,17613.6713282470,17613.6713282470,1,SRM-USDT
2022-06-11 14:00:00,1654927200000,0.9530000000,0.9620000000,0.9520000000,0.9580000000,28562.6731250000,27319.7979982970,27319.7979982970,1,SRM-USDT
2022-06-11 15:00:00,1654930800000,0.9590000000,0.9650000000,0.9580000000,0.9630000000,21492.2527800000,20673.0367634960,20673.0367634960,1,SRM-USDT
2022-06-11 16:00:00,1654934400000,0.9630000000,0.9650000000,0.9450000000,0.9450000000,118746.2745790000,112894.1877480280,112894.1877480280,1,SRM-USDT
2022-06-11 17:00:00,1654938000000,0.9460000000,0.9540000000,0.9440000000,0.9450000000,100495.1740620000,95285.6242895090,95285.6242895090,1,SRM-USDT
2022-06-11 18:00:00,1654941600000,0.9440000000,0.9450000000,0.9340000000,0.9370000000,24878.3804000000,23354.7061367300,23354.7061367300,1,SRM-USDT
2022-06-11 19:00:00,1654945200000,0.9350000000,0.9360000000,0.9000000000,0.9130000000,86700.3597280000,79527.8347503000,79527.8347503000,1,SRM-USDT
2022-06-11 20:00:00,1654948800000,0.9120000000,0.9160000000,0.8910000000,0.8920000000,87634.2687370000,79263.9114823020,79263.9114823020,1,SRM-USDT
2022-06-11 21:00:00,1654952400000,0.8910000000,0.9040000000,0.8840000000,0.9030000000,113957.6165220000,102056.5068064060,102056.5068064060,1,SRM-USDT
2022-06-11 22:00:00,1654956000000,0.9020000000,0.9030000000,0.8740000000,0.8770000000,63370.0706330000,56120.4106909110,56120.4106909110,1,SRM-USDT
2022-06-11 23:00:00,1654959600000,0.8770000000,0.8810000000,0.8650000000,0.8770000000,154353.9338780000,134732.9645439370,134732.9645439370,1,SRM-USDT
2022-06-12 00:00:00,1654963200000,0.8750000000,0.8870000000,0.8730000000,0.8830000000,50184.5165590000,44099.2002653580,44099.2002653580,1,SRM-USDT
2022-06-12 01:00:00,1654966800000,0.8830000000,0.9000000000,0.8800000000,0.8960000000,25397.8408160000,22559.5994877850,22559.5994877850,1,SRM-USDT
2022-06-12 02:00:00,1654970400000,0.8960000000,0.9150000000,0.8940000000,0.9120000000,43430.4569800000,39178.3681583210,39178.3681583210,1,SRM-USDT
2022-06-12 03:00:00,1654974000000,0.9130000000,0.9180000000,0.9100000000,0.9150000000,26716.1836020000,24444.2095333320,24444.2095333320,1,SRM-USDT
2022-06-12 04:00:00,1654977600000,0.9140000000,0.9240000000,0.9120000000,0.9160000000,67411.6281370000,61877.0228855880,61877.0228855880,1,SRM-USDT
2022-06-12 05:00:00,1654981200000,0.9160000000,0.9320000000,0.9160000000,0.9300000000,40878.6552940000,37808.5335343220,37808.5335343220,1,SRM-USDT
2022-06-12 06:00:00,1654984800000,0.9290000000,0.9550000000,0.9270000000,0.9540000000,50752.8012590000,47707.6389297270,47707.6389297270,1,SRM-USDT
2022-06-12 07:00:00,1654988400000,0.9540000000,0.9830000000,0.9340000000,0.9510000000,253065.5142790000,241017.2104350690,241017.2104350690,1,SRM-USDT
2022-06-12 08:00:00,1654992000000,0.9520000000,0.9600000000,0.9350000000,0.9430000000,240508.8068580000,227728.5248844170,227728.5248844170,1,SRM-USDT
2022-06-12 09:00:00,1654995600000,0.9440000000,0.9450000000,0.9150000000,0.9200000000,145178.6993060000,135157.4757400570,135157.4757400570,1,SRM-USDT
2022-06-12 10:00:00,1654999200000,0.9210000000,0.9360000000,0.8870000000,0.9000000000,220766.9812200000,201215.9956463190,201215.9956463190,1,SRM-USDT
2022-06-12 11:00:00,1655002800000,0.9010000000,0.9120000000,0.8980000000,0.9120000000,81630.9371540000,73891.7532974550,73891.7532974550,1,SRM-USDT
2022-06-12 12:00:00,1655006400000,0.9110000000,0.9210000000,0.9000000000,0.9030000000,82861.5820510000,75555.9148980910,75555.9148980910,1,SRM-USDT
2022-06-12 13:00:00,1655010000000,0.9030000000,0.9170000000,0.8940000000,0.9030000000,118383.5489930000,107174.2444988010,107174.2444988010,1,SRM-USDT
2022-06-12 14:00:00,1655013600000,0.9030000000,0.9280000000,0.9010000000,0.9230000000,91846.2945170000,83972.1675484410,83972.1675484410,1,SRM-USDT
2022-06-12 15:00:00,1655017200000,0.9230000000,0.9390000000,0.9100000000,0.9350000000,115673.2057140000,106920.2274841840,106920.2274841840,1,SRM-USDT
2022-06-12 16:00:00,1655020800000,0.9340000000,0.9550000000,0.9250000000,0.9440000000,129846.4234880000,121909.0131706960,121909.0131706960,1,SRM-USDT
2022-06-12 17:00:00,1655024400000,0.9440000000,0.9970000000,0.9410000000,0.9720000000,731242.4688510000,715062.4593766610,715062.4593766610,1,SRM-USDT
2022-06-12 18:00:00,1655028000000,0.9700000000,0.9830000000,0.9590000000,0.9690000000,210918.6887800000,204898.4224383550,204898.4224383550,1,SRM-USDT
2022-06-12 19:00:00,1655031600000,0.9690000000,0.9800000000,0.9620000000,0.9760000000,80927.0604660000,78577.7927283470,78577.7927283470,1,SRM-USDT
2022-06-12 20:00:00,1655035200000,0.9760000000,1.0210000000,0.9760000000,1.0020000000,405993.9842940000,407440.4948566590,407440.4948566590,1,SRM-USDT
2022-06-12 21:00:00,1655038800000,1.0000000000,1.0030000000,0.9630000000,0.9670000000,240473.6866310000,237107.7763592880,237107.7763592880,1,SRM-USDT
2022-06-12 22:00:00,1655042400000,0.9680000000,1.0250000000,0.9530000000,1.0070000000,325619.9448770000,324450.6218977960,324450.6218977960,1,SRM-USDT
2022-06-12 23:00:00,1655046000000,1.0070000000,1.0900000000,0.9940000000,1.0540000000,606959.1589920000,634486.8787198670,634486.8787198670,1,SRM-USDT
2022-06-13 00:00:00,1655049600000,1.0530000000,1.1020000000,1.0300000000,1.0440000000,601630.9710120000,643048.4003664020,643048.4003664020,1,SRM-USDT
2022-06-13 01:00:00,1655053200000,1.0430000000,1.0780000000,1.0360000000,1.0420000000,198515.4236730000,209418.0045832110,209418.0045832110,1,SRM-USDT
2022-06-13 02:00:00,1655056800000,1.0410000000,1.0500000000,1.0270000000,1.0300000000,105631.4930390000,109563.8416570340,109563.8416570340,1,SRM-USDT
2022-06-13 03:00:00,1655060400000,1.0310000000,1.0390000000,1.0090000000,1.0230000000,294170.9067720000,300512.7555060520,300512.7555060520,1,SRM-USDT
2022-06-13 04:00:00,1655064000000,1.0200000000,1.0280000000,1.0030000000,1.0130000000,122058.1020610000,124492.0066715660,124492.0066715660,1,SRM-USDT
2022-06-13 05:00:00,1655067600000,1.0130000000,1.0260000000,1.0060000000,1.0090000000,74168.7484420000,75180.4094198850,75180.4094198850,1,SRM-USDT
2022-06-13 06:00:00,1655071200000,1.0090000000,1.0090000000,0.9730000000,0.9800000000,121247.1515770000,119532.4331417560,119532.4331417560,1,SRM-USDT
2022-06-13 07:00:00,1655074800000,0.9800000000,0.9940000000,0.9590000000,0.9640000000,130895.3392880000,127260.3220350790,127260.3220350790,1,SRM-USDT
2022-06-13 08:00:00,1655078400000,0.9630000000,0.9680000000,0.9190000000,0.9220000000,345805.4636310000,325432.4183865660,325432.4183865660,1,SRM-USDT
2022-06-13 09:00:00,1655082000000,0.9200000000,0.9360000000,0.8930000000,0.9060000000,226372.8369730000,206534.0496252460,206534.0496252460,1,SRM-USDT
2022-06-13 10:00:00,1655085600000,0.9070000000,0.9170000000,0.8880000000,0.8920000000,109341.1307710000,98648.6557780600,98648.6557780600,1,SRM-USDT
2022-06-13 11:00:00,1655089200000,0.8940000000,0.9090000000,0.8800000000,0.8960000000,141244.1492600000,126218.1883347870,126218.1883347870,1,SRM-USDT
2022-06-13 12:00:00,1655092800000,0.8960000000,0.9280000000,0.8950000000,0.9000000000,67436.0684530000,61488.7052846830,61488.7052846830,1,SRM-USDT
2022-06-13 13:00:00,1655096400000,0.9010000000,0.9130000000,0.8900000000,0.8900000000,32173.5553840000,28961.0682592370,28961.0682592370,1,SRM-USDT
2022-06-13 14:00:00,1655100000000,0.8890000000,0.9040000000,0.8740000000,0.8860000000,66462.1809380000,58978.0400325140,58978.0400325140,1,SRM-USDT
2022-06-13 15:00:00,1655103600000,0.8870000000,0.8930000000,0.8580000000,0.8700000000,130347.4346410000,114186.4264427630,114186.4264427630,1,SRM-USDT
2022-06-13 16:00:00,1655107200000,0.8700000000,0.8740000000,0.8500000000,0.8560000000,75230.0292180000,64952.9054944040,64952.9054944040,1,SRM-USDT
2022-06-13 17:00:00,1655110800000,0.8520000000,0.8740000000,0.8390000000,0.8710000000,61522.7425790000,52661.0354689850,52661.0354689850,1,SRM-USDT
2022-06-13 18:00:00,1655114400000,0.8690000000,0.8770000000,0.8570000000,0.8590000000,44184.9188580000,38200.8191279490,38200.8191279490,1,SRM-USDT
2022-06-13 19:00:00,1655118000000,0.8610000000,0.8630000000,0.8370000000,0.8540000000,58828.0317100000,49941.3622148100,49941.3622148100,1,SRM-USDT
2022-06-13 20:00:00,1655121600000,0.8560000000,0.8750000000,0.8510000000,0.8520000000,34333.6652710000,29601.4438301310,29601.4438301310,1,SRM-USDT
2022-06-13 21:00:00,1655125200000,0.8510000000,0.8720000000,0.8490000000,0.8630000000,48371.9472460000,41547.2704172660,41547.2704172660,1,SRM-USDT
2022-06-13 22:00:00,1655128800000,0.8650000000,0.8650000000,0.8350000000,0.8500000000,58384.5590280000,49668.7050295990,49668.7050295990,1,SRM-USDT
2022-06-13 23:00:00,1655132400000,0.8490000000,0.8930000000,0.8480000000,0.8810000000,87705.2141510000,76086.4576579490,76086.4576579490,1,SRM-USDT
2022-06-14 00:00:00,1655136000000,0.8800000000,0.9140000000,0.8760000000,0.8990000000,94585.0823820000,84940.6332364490,84940.6332364490,1,SRM-USDT
2022-06-14 01:00:00,1655139600000,0.8970000000,0.9000000000,0.8790000000,0.8960000000,46196.6732030000,41091.9722196490,41091.9722196490,1,SRM-USDT
2022-06-14 02:00:00,1655143200000,0.8970000000,0.9030000000,0.8930000000,0.8980000000,24311.9538370000,21847.1056987790,21847.1056987790,1,SRM-USDT
2022-06-14 03:00:00,1655146800000,0.8960000000,0.9010000000,0.8930000000,0.9000000000,12969.7880170000,11633.5598229460,11633.5598229460,1,SRM-USDT
2022-06-14 04:00:00,1655150400000,0.9010000000,0.9200000000,0.8980000000,0.8990000000,32005.1176800000,29131.1183529120,29131.1183529120,1,SRM-USDT
2022-06-14 05:00:00,1655154000000,0.8990000000,0.9030000000,0.8840000000,0.8870000000,18057.6719990000,16157.6884007620,16157.6884007620,1,SRM-USDT
2022-06-14 06:00:00,1655157600000,0.8880000000,0.8930000000,0.8610000000,0.8610000000,69332.9904100000,60879.9823822810,60879.9823822810,1,SRM-USDT
2022-06-14 07:00:00,1655161200000,0.8620000000,0.8770000000,0.8580000000,0.8770000000,83248.5853290000,72128.6759536260,72128.6759536260,1,SRM-USDT
2022-06-14 08:00:00,1655164800000,0.8770000000,0.8880000000,0.8580000000,0.8580000000,50193.4174770000,43901.6528625250,43901.6528625250,1,SRM-USDT
2022-06-14 09:00:00,1655168400000,0.8580000000,0.8630000000,0.8140000000,0.8150000000,98150.8043210000,82340.5014447380,82340.5014447380,1,SRM-USDT
2022-06-14 10:00:00,1655172000000,0.8140000000,0.8370000000,0.8130000000,0.8370000000,85207.2411960000,70190.0567586980,70190.0567586980,1,SRM-USDT
2022-06-14 11:00:00,1655175600000,0.8380000000,0.8620000000,0.8310000000,0.8580000000,42651.1799600000,36265.4091819010,36265.4091819010,1,SRM-USDT
2022-06-14 12:00:00,1655179200000,0.8570000000,0.8690000000,0.8520000000,0.8600000000,80028.4524960000,68855.8890406420,68855.8890406420,1,SRM-USDT
2022-06-14 13:00:00,1655182800000,0.8600000000,0.9130000000,0.8600000000,0.9060000000,177664.5639770000,158764.2134274660,158764.2134274660,1,SRM-USDT
2022-06-14 14:00:00,1655186400000,0.9090000000,0.9140000000,0.8960000000,0.9040000000,126026.1018370000,114047.5612496490,114047.5612496490,1,SRM-USDT
2022-06-14 15:00:00,1655190000000,0.9050000000,0.9160000000,0.8930000000,0.9140000000,91480.2515000000,82685.9483428600,82685.9483428600,1,SRM-USDT
2022-06-14 16:00:00,1655193600000,0.9130000000,0.9130000000,0.8960000000,0.8980000000,41633.8208890000,37555.8454202020,37555.8454202020,1,SRM-USDT
2022-06-14 17:00:00,1655197200000,0.8990000000,0.9040000000,0.8920000000,0.8920000000,69693.0157970000,62611.1882862900,62611.1882862900,1,SRM-USDT
2022-06-14 18:00:00,1655200800000,0.8930000000,0.8990000000,0.8850000000,0.8900000000,59105.5510430000,52716.3159668640,52716.3159668640,1,SRM-USDT
2022-06-14 19:00:00,1655204400000,0.8900000000,0.8960000000,0.8780000000,0.8880000000,81272.2842070000,72155.6200237200,72155.6200237200,1,SRM-USDT
2022-06-14 20:00:00,1655208000000,0.8870000000,0.9060000000,0.8800000000,0.8970000000,58193.1028510000,51926.7176653110,51926.7176653110,1,SRM-USDT
2022-06-14 21:00:00,1655211600000,0.8980000000,0.9120000000,0.8930000000,0.9030000000,85282.9054950000,77106.8461282350,77106.8461282350,1,SRM-USDT
2022-06-14 22:00:00,1655215200000,0.9020000000,0.9060000000,0.8870000000,0.9020000000,57898.7317790000,51877.4614183040,51877.4614183040,1,SRM-USDT
2022-06-14 23:00:00,1655218800000,0.9010000000,0.9210000000,0.9000000000,0.9210000000,86250.0948530000,78671.4851605970,78671.4851605970,1,SRM-USDT
2022-06-15 00:00:00,1655222400000,0.9180000000,0.9210000000,0.9050000000,0.9090000000,58845.4662410000,53712.6306966100,53712.6306966100,1,SRM-USDT
2022-06-15 01:00:00,1655226000000,0.9090000000,0.9180000000,0.9010000000,0.9060000000,31732.2006480000,28806.2132072560,28806.2132072560,1,SRM-USDT
2022-06-15 02:00:00,1655229600000,0.9050000000,0.9140000000,0.9010000000,0.9040000000,18804.4680580000,17089.7244597770,17089.7244597770,1,SRM-USDT
2022-06-15 03:00:00,1655233200000,0.9040000000,0.9060000000,0.8960000000,0.9040000000,34425.8699630000,31022.2019176590,31022.2019176590,1,SRM-USDT
2022-06-15 04:00:00,1655236800000,0.9040000000,0.9050000000,0.8900000000,0.8970000000,38133.5527760000,34149.1797918850,34149.1797918850,1,SRM-USDT
2022-06-15 05:00:00,1655240400000,0.8980000000,0.9000000000,0.8880000000,0.8920000000,18419.9479550000,16497.6099625680,16497.6099625680,1,SRM-USDT
2022-06-15 06:00:00,1655244000000,0.8900000000,0.9040000000,0.8900000000,0.8990000000,40787.4835960000,36687.9170312410,36687.9170312410,1,SRM-USDT
2022-06-15 07:00:00,1655247600000,0.8990000000,0.9250000000,0.8990000000,0.9180000000,82149.2101590000,75021.1327032960,75021.1327032960,1,SRM-USDT
2022-06-15 08:00:00,1655251200000,0.9180000000,0.9290000000,0.9150000000,0.9150000000,45785.0928010000,42267.6051306570,42267.6051306570,1,SRM-USDT
2022-06-15 09:00:00,1655254800000,0.9170000000,0.9370000000,0.9040000000,0.9320000000,82397.4571970000,75454.3106833300,75454.3106833300,1,SRM-USDT
2022-06-15 10:00:00,1655258400000,0.9320000000,0.9350000000,0.9190000000,0.9220000000,29444.2867740000,27266.9164051800,27266.9164051800,1,SRM-USDT
2022-06-15 11:00:00,1655262000000,0.9230000000,0.9270000000,0.9100000000,0.9110000000,38379.0460280000,35165.4804126250,35165.4804126250,1,SRM-USDT
2022-06-15 12:00:00,1655265600000,0.9110000000,0.9140000000,0.8860000000,0.8940000000,84023.7548330000,75326.9224927700,75326.9224927700,1,SRM-USDT
2022-06-15 13:00:00,1655269200000,0.8940000000,0.8980000000,0.8670000000,0.8720000000,99953.5588730000,88093.7251382650,88093.7251382650,1,SRM-USDT
2022-06-15 14:00:00,1655272800000,0.8730000000,0.8800000000,0.8650000000,0.8770000000,49330.7412170000,43019.6455923650,43019.6455923650,1,SRM-USDT
2022-06-15 15:00:00,1655276400000,0.8770000000,0.8770000000,0.8570000000,0.8630000000,41957.1014940000,36349.7250287430,36349.7250287430,1,SRM-USDT
2022-06-15 16:00:00,1655280000000,0.8620000000,0.8620000000,0.8410000000,0.8430000000,107527.7145460000,91388.0933265270,91388.0933265270,1,SRM-USDT
2022-06-15 17:00:00,1655283600000,0.8450000000,0.8500000000,0.8380000000,0.8430000000,47592.1453750000,40099.5059001920,40099.5059001920,1,SRM-USDT
2022-06-15 18:00:00,1655287200000,0.8470000000,0.8630000000,0.8440000000,0.8610000000,113326.2684450000,97008.8428300230,97008.8428300230,1,SRM-USDT
2022-06-15 19:00:00,1655290800000,0.8590000000,0.8770000000,0.8550000000,0.8750000000,100146.7045850000,87104.7526542680,87104.7526542680,1,SRM-USDT
2022-06-15 20:00:00,1655294400000,0.8740000000,0.8960000000,0.8730000000,0.8880000000,82509.4667940000,72958.7534754040,72958.7534754040,1,SRM-USDT
2022-06-15 21:00:00,1655298000000,0.8870000000,0.9220000000,0.8830000000,0.9180000000,207686.9416060000,188810.8121147450,188810.8121147450,1,SRM-USDT
2022-06-15 22:00:00,1655301600000,0.9190000000,0.9290000000,0.9020000000,0.9070000000,81756.1988960000,74628.7350152920,74628.7350152920,1,SRM-USDT
2022-06-15 23:00:00,1655305200000,0.9070000000,0.9180000000,0.9000000000,0.9180000000,54850.3435660000,49851.1989404710,49851.1989404710,1,SRM-USDT
2022-06-16 00:00:00,1655308800000,0.9180000000,0.9260000000,0.8920000000,0.8970000000,55384.9732920000,50210.6812363080,50210.6812363080,1,SRM-USDT
2022-06-16 01:00:00,1655312400000,0.8960000000,0.9210000000,0.8910000000,0.9180000000,94708.0868940000,85603.3492716340,85603.3492716340,1,SRM-USDT
2022-06-16 02:00:00,1655316000000,0.9180000000,0.9670000000,0.8830000000,0.9370000000,535777.2156540001,496473.9620626620,496473.9620626620,1,SRM-USDT
2022-06-16 03:00:00,1655319600000,0.9380000000,0.9730000000,0.9340000000,0.9460000000,131698.6941960000,125335.3533738430,125335.3533738430,1,SRM-USDT
2022-06-16 04:00:00,1655323200000,0.9470000000,0.9520000000,0.9340000000,0.9390000000,42204.0651760000,39870.3080827860,39870.3080827860,1,SRM-USDT
2022-06-16 05:00:00,1655326800000,0.9400000000,0.9660000000,0.9400000000,0.9600000000,41023.5126550000,38920.6463162190,38920.6463162190,1,SRM-USDT
2022-06-16 06:00:00,1655330400000,0.9610000000,0.9780000000,0.9570000000,0.9580000000,23002.1615170000,22299.9790385100,22299.9790385100,1,SRM-USDT
2022-06-16 07:00:00,1655334000000,0.9580000000,0.9720000000,0.9550000000,0.9720000000,82397.5872500000,79316.0722930020,79316.0722930020,1,SRM-USDT
2022-06-16 08:00:00,1655337600000,0.9710000000,0.9810000000,0.9610000000,0.9680000000,111594.8135950000,108483.4025616080,108483.4025616080,1,SRM-USDT
2022-06-16 09:00:00,1655341200000,0.9690000000,0.9790000000,0.9560000000,0.9560000000,37804.1227540000,36651.8817204200,36651.8817204200,1,SRM-USDT
2022-06-16 10:00:00,1655344800000,0.9560000000,0.9600000000,0.9470000000,0.9520000000,23102.3188090000,22071.9390930700,22071.9390930700,1,SRM-USDT
2022-06-16 11:00:00,1655348400000,0.9520000000,0.9550000000,0.9420000000,0.9420000000,19276.4309550000,18289.4860135690,18289.4860135690,1,SRM-USDT
2022-06-16 12:00:00,1655352000000,0.9430000000,0.9470000000,0.9340000000,0.9350000000,33151.2433770000,31150.2671576560,31150.2671576560,1,SRM-USDT
2022-06-16 13:00:00,1655355600000,0.9340000000,0.9380000000,0.9240000000,0.9240000000,26579.7233400000,24810.2135839060,24810.2135839060,1,SRM-USDT
2022-06-16 14:00:00,1655359200000,0.9240000000,0.9250000000,0.9100000000,0.9110000000,17727.2357050000,16293.4268664000,16293.4268664000,1,SRM-USDT
2022-06-16 15:00:00,1655362800000,0.9120000000,0.9170000000,0.8920000000,0.8980000000,41383.5740340000,37326.4046755880,37326.4046755880,1,SRM-USDT
2022-06-16 16:00:00,1655366400000,0.8990000000,0.9060000000,0.8930000000,0.9040000000,38665.7890260000,34817.5304817830,34817.5304817830,1,SRM-USDT
2022-06-16 17:00:00,1655370000000,0.9030000000,0.9030000000,0.8690000000,0.8730000000,52489.2078760000,46220.2194909430,46220.2194909430,1,SRM-USDT
2022-06-16 18:00:00,1655373600000,0.8720000000,0.8830000000,0.8640000000,0.8820000000,58962.4447710000,51381.1113826840,51381.1113826840,1,SRM-USDT
2022-06-16 19:00:00,1655377200000,0.8820000000,0.8830000000,0.8690000000,0.8720000000,18839.9821070000,16491.4947296470,16491.4947296470,1,SRM-USDT
2022-06-16 20:00:00,1655380800000,0.8730000000,0.8910000000,0.8680000000,0.8790000000,69113.8522560000,60987.2941905550,60987.2941905550,1,SRM-USDT
2022-06-16 21:00:00,1655384400000,0.8780000000,0.8880000000,0.8600000000,0.8680000000,85330.6742260000,74555.4231386440,74555.4231386440,1,SRM-USDT
2022-06-16 22:00:00,1655388000000,0.8670000000,0.8750000000,0.8590000000,0.8700000000,44403.5062370000,38518.0797314690,38518.0797314690,1,SRM-USDT
2022-06-16 23:00:00,1655391600000,0.8730000000,0.8870000000,0.8700000000,0.8750000000,36633.8088650000,32155.2659226310,32155.2659226310,1,SRM-USDT
2022-06-17 00:00:00,1655395200000,0.8750000000,0.8860000000,0.8670000000,0.8810000000,20560.9496380000,18049.6026963530,18049.6026963530,1,SRM-USDT
2022-06-17 01:00:00,1655398800000,0.8810000000,0.8870000000,0.8710000000,0.8710000000,33761.7604430000,29664.8584204370,29664.8584204370,1,SRM-USDT
2022-06-17 02:00:00,1655402400000,0.8700000000,0.8760000000,0.8670000000,0.8730000000,11960.6968680000,10416.2302060360,10416.2302060360,1,SRM-USDT
2022-06-17 03:00:00,1655406000000,0.8730000000,0.8790000000,0.8510000000,0.8570000000,49891.5603020000,42890.1434192060,42890.1434192060,1,SRM-USDT
2022-06-17 04:00:00,1655409600000,0.8570000000,0.8690000000,0.8550000000,0.8670000000,32584.4951100000,28057.7754316180,28057.7754316180,1,SRM-USDT
2022-06-17 05:00:00,1655413200000,0.8660000000,0.8740000000,0.8650000000,0.8670000000,13984.4444700000,12148.4644282940,12148.4644282940,1,SRM-USDT
2022-06-17 06:00:00,1655416800000,0.8670000000,0.8680000000,0.8500000000,0.8500000000,20985.6993420000,18021.3219127480,18021.3219127480,1,SRM-USDT
2022-06-17 07:00:00,1655420400000,0.8510000000,0.8550000000,0.8410000000,0.8540000000,39512.7444060000,33399.4161462810,33399.4161462810,1,SRM-USDT
2022-06-17 08:00:00,1655424000000,0.8540000000,0.8660000000,0.8450000000,0.8530000000,58398.9725320000,49771.2143991260,49771.2143991260,1,SRM-USDT
2022-06-17 09:00:00,1655427600000,0.8540000000,0.8810000000,0.8540000000,0.8770000000,46497.5830800000,40358.6157543190,40358.6157543190,1,SRM-USDT
2022-06-17 10:00:00,1655431200000,0.8770000000,0.8890000000,0.8730000000,0.8780000000,40398.5028710000,35572.0852483330,35572.0852483330,1,SRM-USDT
2022-06-17 11:00:00,1655434800000,0.8800000000,0.8880000000,0.8730000000,0.8740000000,87356.0048060000,76750.5049603040,76750.5049603040,1,SRM-USDT
2022-06-17 12:00:00,1655438400000,0.8750000000,0.8920000000,0.8730000000,0.8840000000,38019.2023370000,33667.6816702310,33667.6816702310,1,SRM-USDT
2022-06-17 13:00:00,1655442000000,0.8850000000,0.9010000000,0.8850000000,0.8940000000,33038.8549300000,29497.1181097230,29497.1181097230,1,SRM-USDT
2022-06-17 14:00:00,1655445600000,0.8940000000,0.9010000000,0.8900000000,0.9000000000,55960.1579640000,50121.7209657930,50121.7209657930,1,SRM-USDT
2022-06-17 15:00:00,1655449200000,0.9000000000,0.9090000000,0.8940000000,0.9040000000,44741.1467980000,40373.9181962150,40373.9181962150,1,SRM-USDT
2022-06-17 16:00:00,1655452800000,0.9030000000,0.9150000000,0.9020000000,0.9050000000,23650.3708960000,21505.1313579840,21505.1313579840,1,SRM-USDT
2022-06-17 17:00:00,1655456400000,0.9040000000,0.9180000000,0.9000000000,0.9030000000,29261.3016280000,26579.5909144720,26579.5909144720,1,SRM-USDT
2022-06-17 18:00:00,1655460000000,0.9030000000,0.9160000000,0.9010000000,0.9150000000,48794.3916940000,44327.7848755450,44327.7848755450,1,SRM-USDT
2022-06-17 19:00:00,1655463600000,0.9160000000,0.9190000000,0.9080000000,0.9090000000,39761.2858950000,36331.2813811490,36331.2813811490,1,SRM-USDT
2022-06-17 20:00:00,1655467200000,0.9100000000,0.9110000000,0.8840000000,0.8880000000,59323.6370490000,53084.2625751910,53084.2625751910,1,SRM-USDT
2022-06-17 21:00:00,1655470800000,0.8880000000,0.9040000000,0.8830000000,0.9010000000,51819.3070230000,46201.3798591110,46201.3798591110,1,SRM-USDT
2022-06-17 22:00:00,1655474400000,0.9010000000,0.9010000000,0.8860000000,0.8920000000,31310.7163860000,27928.8215441130,27928.8215441130,1,SRM-USDT
2022-06-17 23:00:00,1655478000000,0.8940000000,0.8980000000,0.8890000000,0.8940000000,35288.0688130000,31504.4835295600,31504.4835295600,1,SRM-USDT
2022-06-18 00:00:00,1655481600000,0.8940000000,0.8950000000,0.8850000000,0.8890000000,33303.7406450000,29638.2930880940,29638.2930880940,1,SRM-USDT
2022-06-18 01:00:00,1655485200000,0.8890000000,0.8980000000,0.8870000000,0.8910000000,20446.5450920000,18244.3493115810,18244.3493115810,1,SRM-USDT
2022-06-18 02:00:00,1655488800000,0.8910000000,0.8950000000,0.8880000000,0.8920000000,13659.1242180000,12194.4677974800,12194.4677974800,1,SRM-USDT
2022-06-18 03:00:00,1655492400000,0.8940000000,0.8950000000,0.8780000000,0.8860000000,31062.5278610000,27581.5389395360,27581.5389395360,1,SRM-USDT
2022-06-18 04:00:00,1655496000000,0.8870000000,0.8970000000,0.8870000000,0.8970000000,14953.5368150000,13351.4438493170,13351.4438493170,1,SRM-USDT
2022-06-18 05:00:00,1655499600000,0.8970000000,0.8980000000,0.8940000000,0.8970000000,3606.0779710000,3234.1543611180,3234.1543611180,1,SRM-USDT
2022-06-18 06:00:00,1655503200000,0.8960000000,0.9010000000,0.8920000000,0.8940000000,43622.5732060000,39114.1277235810,39114.1277235810,1,SRM-USDT
2022-06-18 07:00:00,1655506800000,0.8940000000,0.9020000000,0.8910000000,0.8910000000,41201.4930290000,36934.7750538860,36934.7750538860,1,SRM-USDT
2022-06-18 08:00:00,1655510400000,0.8910000000,0.9030000000,0.8910000000,0.8990000000,26285.0249920000,23593.6665557610,23593.6665557610,1,SRM-USDT
2022-06-18 09:00:00,1655514000000,0.8990000000,0.8990000000,0.8720000000,0.8730000000,89212.0163220000,78707.2120784480,78707.2120784480,1,SRM-USDT
2022-06-18 10:00:00,1655517600000,0.8690000000,0.8720000000,0.8660000000,0.8720000000,27171.4640270000,23614.2088644470,23614.2088644470,1,SRM-USDT
2022-06-18 11:00:00,1655521200000,0.8720000000,0.8780000000,0.8700000000,0.8780000000,16331.9772350000,14265.3857678620,14265.3857678620,1,SRM-USDT
2022-06-18 12:00:00,1655524800000,0.8760000000,0.8800000000,0.8760000000,0.8790000000,9745.3635870000,8557.5872931790,8557.5872931790,1,SRM-USDT
2022-06-18 13:00:00,1655528400000,0.8810000000,0.8820000000,0.8770000000,0.8780000000,26766.4650140000,23534.1308276690,23534.1308276690,1,SRM-USDT
2022-06-18 14:00:00,1655532000000,0.8780000000,0.8810000000,0.8370000000,0.8470000000,134959.4487050000,115913.8653010040,115913.8653010040,1,SRM-USDT
2022-06-18 15:00:00,1655535600000,0.8460000000,0.8500000000,0.8250000000,0.8300000000,149017.9239710000,124488.2264064770,124488.2264064770,1,SRM-USDT
2022-06-18 16:00:00,1655539200000,0.8280000000,0.8330000000,0.8130000000,0.8300000000,126131.9982090000,103999.6385046230,103999.6385046230,1,SRM-USDT
2022-06-18 17:00:00,1655542800000,0.8290000000,0.8370000000,0.8220000000,0.8370000000,13750.3612310000,11418.0245714890,11418.0245714890,1,SRM-USDT
2022-06-18 18:00:00,1655546400000,0.8370000000,0.8580000000,0.8370000000,0.8530000000,47122.2898830000,40044.0276462070,40044.0276462070,1,SRM-USDT
2022-06-18 19:00:00,1655550000000,0.8550000000,0.8580000000,0.8470000000,0.8480000000,42876.4240180000,36528.1518268030,36528.1518268030,1,SRM-USDT
2022-06-18 20:00:00,1655553600000,0.8480000000,0.8490000000,0.8420000000,0.8470000000,23877.8531750000,20180.8016941700,20180.8016941700,1,SRM-USDT
2022-06-18 21:00:00,1655557200000,0.8460000000,0.8490000000,0.8390000000,0.8420000000,17040.4778620000,14362.4677704150,14362.4677704150,1,SRM-USDT
2022-06-18 22:00:00,1655560800000,0.8420000000,0.8640000000,0.8420000000,0.8450000000,49714.5145810000,42407.3808259170,42407.3808259170,1,SRM-USDT
2022-06-18 23:00:00,1655564400000,0.8450000000,0.8460000000,0.8380000000,0.8430000000,36726.3851080000,30940.4753073710,30940.4753073710,1,SRM-USDT
2022-06-19 00:00:00,1655568000000,0.8430000000,0.8530000000,0.8390000000,0.8430000000,34148.0979950000,28877.5791215100,28877.5791215100,1,SRM-USDT
2022-06-19 01:00:00,1655571600000,0.8430000000,0.8470000000,0.8300000000,0.8350000000,30158.8671620000,25245.1141553510,25245.1141553510,1,SRM-USDT
2022-06-19 02:00:00,1655575200000,0.8330000000,0.8380000000,0.8260000000,0.8280000000,36982.9095180000,30753.1517607570,30753.1517607570,1,SRM-USDT
2022-06-19 03:00:00,1655578800000,0.8280000000,0.8310000000,0.8030000000,0.8040000000,29441.2393590000,24051.0492027780,24051.0492027780,1,SRM-USDT
2022-06-19 04:00:00,1655582400000,0.8040000000,0.8090000000,0.7840000000,0.8040000000,213074.5140860000,169328.7205433500,169328.7205433500,1,SRM-USDT
2022-06-19 05:00:00,1655586000000,0.8030000000,0.8240000000,0.8010000000,0.8140000000,56716.4853470000,45964.4253645110,45964.4253645110,1,SRM-USDT
2022-06-19 06:00:00,1655589600000,0.8130000000,0.8390000000,0.8130000000,0.8340000000,61574.5611220000,50832.5897644820,50832.5897644820,1,SRM-USDT
2022-06-19 07:00:00,1655593200000,0.8360000000,0.8410000000,0.8290000000,0.8330000000,24063.3424320000,20050.3779358700,20050.3779358700,1,SRM-USDT
2022-06-19 08:00:00,1655596800000,0.8320000000,0.8390000000,0.8250000000,0.8270000000,40177.9761470000,33475.4009398710,33475.4009398710,1,SRM-USDT
2022-06-19 09:00:00,1655600400000,0.8270000000,0.8300000000,0.8030000000,0.8030000000,54813.3649780000,44434.8801941460,44434.8801941460,1,SRM-USDT
2022-06-19 10:00:00,1655604000000,0.8040000000,0.8070000000,0.7890000000,0.7910000000,53091.1722810000,42287.6792175650,42287.6792175650,1,SRM-USDT
2022-06-19 11:00:00,1655607600000,0.7910000000,0.8000000000,0.7670000000,0.7740000000,127892.4709430000,100507.6274695350,100507.6274695350,1,SRM-USDT
2022-06-19 12:00:00,1655611200000,0.7740000000,0.7910000000,0.7700000000,0.7870000000,203391.7326760000,157956.1867748170,157956.1867748170,1,SRM-USDT
2022-06-19 13:00:00,1655614800000,0.7870000000,0.7940000000,0.7660000000,0.7710000000,141513.4818600000,110301.2500182520,110301.2500182520,1,SRM-USDT
2022-06-19 14:00:00,1655618400000,0.7700000000,0.7790000000,0.7440000000,0.7570000000,282621.8373510000,215463.9587641480,215463.9587641480,1,SRM-USDT
2022-06-19 15:00:00,1655622000000,0.7560000000,0.7690000000,0.7490000000,0.7640000000,354541.0246990000,269295.3431914200,269295.3431914200,1,SRM-USDT
2022-06-19 16:00:00,1655625600000,0.7620000000,0.7680000000,0.7530000000,0.7640000000,239806.7449370000,182572.0796222960,182572.0796222960,1,SRM-USDT
2022-06-19 17:00:00,1655629200000,0.7630000000,0.7900000000,0.7600000000,0.7790000000,318463.0229020000,246675.8847330010,246675.8847330010,1,SRM-USDT
2022-06-19 18:00:00,1655632800000,0.7790000000,0.8160000000,0.7770000000,0.8140000000,287509.4077010000,230598.8267452890,230598.8267452890,1,SRM-USDT
2022-06-19 19:00:00,1655636400000,0.8130000000,0.8230000000,0.8120000000,0.8170000000,92226.4343730000,75306.3902244970,75306.3902244970,1,SRM-USDT
2022-06-19 20:00:00,1655640000000,0.8170000000,0.8210000000,0.7990000000,0.8020000000,51352.2103530000,41580.4842367930,41580.4842367930,1,SRM-USDT
2022-06-19 21:00:00,1655643600000,0.8010000000,0.8090000000,0.7920000000,0.7930000000,22448.9814000000,17987.4755570050,17987.4755570050,1,SRM-USDT
2022-06-19 22:00:00,1655647200000,0.7930000000,0.8060000000,0.7910000000,0.8040000000,30382.6071940000,24264.6948056730,24264.6948056730,1,SRM-USDT
2022-06-19 23:00:00,1655650800000,0.8040000000,0.8240000000,0.8010000000,0.8240000000,104980.9539860000,85224.6141456400,85224.6141456400,1,SRM-USDT
2022-06-20 00:00:00,1655654400000,0.8220000000,0.8230000000,0.8090000000,0.8120000000,26677.3311710000,21759.1509351670,21759.1509351670,1,SRM-USDT
2022-06-20 01:00:00,1655658000000,0.8140000000,0.8140000000,0.8050000000,0.8110000000,45273.9329100000,36663.6829802140,36663.6829802140,1,SRM-USDT
2022-06-20 02:00:00,1655661600000,0.8110000000,0.8360000000,0.8110000000,0.8330000000,58427.4556260000,47835.4692284540,47835.4692284540,1,SRM-USDT
2022-06-20 03:00:00,1655665200000,0.8330000000,0.8490000000,0.8290000000,0.8440000000,62383.7440390000,52422.8850475420,52422.8850475420,1,SRM-USDT
2022-06-20 04:00:00,1655668800000,0.8440000000,0.8590000000,0.8370000000,0.8560000000,33962.7013980000,28857.9799219450,28857.9799219450,1,SRM-USDT
2022-06-20 05:00:00,1655672400000,0.8540000000,0.8570000000,0.8480000000,0.8510000000,17808.5398040000,15181.9007674790,15181.9007674790,1,SRM-USDT
2022-06-20 06:00:00,1655676000000,0.8490000000,0.8640000000,0.8490000000,0.8630000000,25084.3244100000,21585.2061221700,21585.2061221700,1,SRM-USDT
2022-06-20 07:00:00,1655679600000,0.8640000000,0.8650000000,0.8540000000,0.8630000000,18602.9718850000,15976.5477153550,15976.5477153550,1,SRM-USDT
2022-06-20 08:00:00,1655683200000,0.8610000000,0.8640000000,0.8280000000,0.8280000000,44999.6022180000,38013.8823535210,38013.8823535210,1,SRM-USDT
2022-06-20 09:00:00,1655686800000,0.8310000000,0.8330000000,0.8190000000,0.8230000000,55222.4276400000,45548.6527008990,45548.6527008990,1,SRM-USDT
2022-06-20 10:00:00,1655690400000,0.8230000000,0.8330000000,0.8130000000,0.8240000000,26481.8392340000,21763.1653014890,21763.1653014890,1,SRM-USDT
2022-06-20 11:00:00,1655694000000,0.8240000000,0.8330000000,0.8220000000,0.8280000000,20352.0891160000,16797.3011615060,16797.3011615060,1,SRM-USDT
2022-06-20 12:00:00,1655697600000,0.8290000000,0.8350000000,0.8230000000,0.8240000000,23303.6778530000,19317.2157022870,19317.2157022870,1,SRM-USDT
2022-06-20 13:00:00,1655701200000,0.8240000000,0.8370000000,0.8230000000,0.8350000000,23572.4675210000,19553.2593981390,19553.2593981390,1,SRM-USDT
2022-06-20 14:00:00,1655704800000,0.8360000000,0.8420000000,0.8300000000,0.8410000000,15098.0103290000,12617.5657745770,12617.5657745770,1,SRM-USDT
2022-06-20 15:00:00,1655708400000,0.8420000000,0.8420000000,0.8300000000,0.8400000000,21792.1720060000,18176.7098816900,18176.7098816900,1,SRM-USDT
2022-06-20 16:00:00,1655712000000,0.8410000000,0.8680000000,0.8370000000,0.8640000000,80118.0979040000,68726.8968712520,68726.8968712520,1,SRM-USDT
2022-06-20 17:00:00,1655715600000,0.8640000000,0.8750000000,0.8640000000,0.8680000000,52437.8312410000,45624.1558725370,45624.1558725370,1,SRM-USDT
2022-06-20 18:00:00,1655719200000,0.8720000000,0.8960000000,0.8650000000,0.8930000000,54701.8189310000,48204.0732497590,48204.0732497590,1,SRM-USDT
2022-06-20 19:00:00,1655722800000,0.8930000000,0.9070000000,0.8890000000,0.9010000000,59685.0299800000,53493.1231093280,53493.1231093280,1,SRM-USDT
2022-06-20 20:00:00,1655726400000,0.9010000000,0.9020000000,0.8740000000,0.8780000000,148034.2214900000,131257.2017776770,131257.2017776770,1,SRM-USDT
2022-06-20 21:00:00,1655730000000,0.8790000000,0.9100000000,0.8740000000,0.8760000000,245383.0928140000,217610.5974924190,217610.5974924190,1,SRM-USDT
2022-06-20 22:00:00,1655733600000,0.8750000000,0.8950000000,0.8750000000,0.8930000000,105561.5653940000,93570.5939137400,93570.5939137400,1,SRM-USDT
2022-06-20 23:00:00,1655737200000,0.8940000000,0.9000000000,0.8730000000,0.8860000000,97029.6836000000,85796.9582718200,85796.9582718200,1,SRM-USDT
2022-06-21 00:00:00,1655740800000,0.8860000000,0.8890000000,0.8680000000,0.8750000000,128769.9381940000,113342.5686305620,113342.5686305620,1,SRM-USDT
2022-06-21 01:00:00,1655744400000,0.8740000000,0.8860000000,0.8660000000,0.8680000000,87280.8704190000,76559.0621297760,76559.0621297760,1,SRM-USDT
2022-06-21 02:00:00,1655748000000,0.8680000000,0.8710000000,0.8600000000,0.8670000000,77312.4797310000,66912.1777029950,66912.1777029950,1,SRM-USDT
2022-06-21 03:00:00,1655751600000,0.8670000000,0.8730000000,0.8610000000,0.8700000000,32872.9254510000,28550.5854630660,28550.5854630660,1,SRM-USDT
2022-06-21 04:00:00,1655755200000,0.8740000000,0.8820000000,0.8670000000,0.8790000000,50958.4276080000,44682.4846475230,44682.4846475230,1,SRM-USDT
2022-06-21 05:00:00,1655758800000,0.8790000000,0.8840000000,0.8660000000,0.8700000000,39769.8118060000,34710.5589697700,34710.5589697700,1,SRM-USDT
2022-06-21 06:00:00,1655762400000,0.8700000000,0.8740000000,0.8590000000,0.8720000000,61780.8039880000,53604.3712110760,53604.3712110760,1,SRM-USDT
2022-06-21 07:00:00,1655766000000,0.8720000000,0.8890000000,0.8660000000,0.8870000000,78064.0807970000,68526.5431111080,68526.5431111080,1,SRM-USDT
2022-06-21 08:00:00,1655769600000,0.8870000000,0.8890000000,0.8660000000,0.8830000000,133572.7688780000,117239.0981314890,117239.0981314890,1,SRM-USDT
2022-06-21 09:00:00,1655773200000,0.8830000000,0.8900000000,0.8750000000,0.8820000000,49380.2702330000,43548.1860654540,43548.1860654540,1,SRM-USDT
2022-06-21 10:00:00,1655776800000,0.8820000000,0.8830000000,0.8700000000,0.8780000000,64482.5409790000,56422.5780132870,56422.5780132870,1,SRM-USDT
2022-06-21 11:00:00,1655780400000,0.8770000000,0.8870000000,0.8750000000,0.8840000000,116170.4713550000,102368.6807409870,102368.6807409870,1,SRM-USDT
2022-06-21 12:00:00,1655784000000,0.8840000000,0.8910000000,0.8780000000,0.8830000000,46258.8385990000,40877.6415298460,40877.6415298460,1,SRM-USDT
2022-06-21 13:00:00,1655787600000,0.8840000000,0.9130000000,0.8840000000,0.9100000000,150893.2307250000,135985.6166152030,135985.6166152030,1,SRM-USDT
2022-06-21 14:00:00,1655791200000,0.9100000000,0.9210000000,0.9100000000,0.9160000000,104495.8880730000,95790.8953364880,95790.8953364880,1,SRM-USDT
2022-06-21 15:00:00,1655794800000,0.9170000000,0.9180000000,0.9000000000,0.9060000000,72932.1270280000,66274.7236633730,66274.7236633730,1,SRM-USDT
2022-06-21 16:00:00,1655798400000,0.9060000000,0.9270000000,0.9050000000,0.9270000000,115649.3341270000,105791.2129631580,105791.2129631580,1,SRM-USDT
2022-06-21 17:00:00,1655802000000,0.9270000000,0.9310000000,0.9180000000,0.9200000000,41947.0732090000,38783.6558508800,38783.6558508800,1,SRM-USDT
2022-06-21 18:00:00,1655805600000,0.9220000000,0.9280000000,0.9140000000,0.9250000000,47761.9363130000,43849.7044449160,43849.7044449160,1,SRM-USDT
2022-06-21 19:00:00,1655809200000,0.9250000000,0.9300000000,0.9030000000,0.9040000000,35612.5602160000,32709.9277670780,32709.9277670780,1,SRM-USDT
2022-06-21 20:00:00,1655812800000,0.9040000000,0.9100000000,0.8990000000,0.9100000000,13919.6862740000,12589.7956689710,12589.7956689710,1,SRM-USDT
2022-06-21 21:00:00,1655816400000,0.9090000000,0.9260000000,0.9000000000,0.9260000000,47839.4516830000,43728.3514974370,43728.3514974370,1,SRM-USDT
2022-06-21 22:00:00,1655820000000,0.9280000000,0.9410000000,0.9230000000,0.9340000000,76140.3807480000,70807.6331063040,70807.6331063040,1,SRM-USDT
2022-06-21 23:00:00,1655823600000,0.9340000000,0.9350000000,0.9160000000,0.9190000000,38700.7464490000,35769.6404334510,35769.6404334510,1,SRM-USDT
2022-06-22 00:00:00,1655827200000,0.9200000000,0.9290000000,0.9190000000,0.9260000000,10844.4514890000,10021.2958739600,10021.2958739600,1,SRM-USDT
2022-06-22 01:00:00,1655830800000,0.9240000000,0.9270000000,0.9130000000,0.9130000000,12600.1180030000,11596.6027326860,11596.6027326860,1,SRM-USDT
2022-06-22 02:00:00,1655834400000,0.9120000000,0.9140000000,0.9060000000,0.9080000000,11489.4568690000,10465.0815927210,10465.0815927210,1,SRM-USDT
2022-06-22 03:00:00,1655838000000,0.9060000000,0.9160000000,0.8920000000,0.8920000000,32064.3734110000,28993.3953882500,28993.3953882500,1,SRM-USDT
2022-06-22 04:00:00,1655841600000,0.8910000000,0.8950000000,0.8840000000,0.8860000000,15789.4998380000,14039.6455851600,14039.6455851600,1,SRM-USDT
2022-06-22 05:00:00,1655845200000,0.8860000000,0.8950000000,0.8860000000,0.8910000000,5652.2849530000,5022.3330278130,5022.3330278130,1,SRM-USDT
2022-06-22 06:00:00,1655848800000,0.8910000000,0.8990000000,0.8870000000,0.8990000000,11855.8696790000,10616.3784597610,10616.3784597610,1,SRM-USDT
2022-06-22 07:00:00,1655852400000,0.8990000000,0.9030000000,0.8860000000,0.8970000000,35626.8595610000,31886.5856286660,31886.5856286660,1,SRM-USDT
2022-06-22 08:00:00,1655856000000,0.8960000000,0.9060000000,0.8840000000,0.8910000000,49257.2397060000,44085.2399692240,44085.2399692240,1,SRM-USDT
2022-06-22 09:00:00,1655859600000,0.8890000000,0.9020000000,0.8740000000,0.8740000000,34301.5120230000,30603.6386221010,30603.6386221010,1,SRM-USDT
2022-06-22 10:00:00,1655863200000,0.8750000000,0.8770000000,0.8660000000,0.8710000000,28765.9050260000,25110.7952519580,25110.7952519580,1,SRM-USDT
2022-06-22 11:00:00,1655866800000,0.8700000000,0.8750000000,0.8600000000,0.8620000000,23511.8715460000,20314.4332502740,20314.4332502740,1,SRM-USDT
2022-06-22 12:00:00,1655870400000,0.8610000000,0.8680000000,0.8550000000,0.8670000000,24822.7475720000,21431.9997941290,21431.9997941290,1,SRM-USDT
2022-06-22 13:00:00,1655874000000,0.8660000000,0.8720000000,0.8660000000,0.8660000000,11039.6564310000,9586.7878940540,9586.7878940540,1,SRM-USDT
2022-06-22 14:00:00,1655877600000,0.8650000000,0.8690000000,0.8490000000,0.8560000000,23968.2327320000,20535.1421315950,20535.1421315950,1,SRM-USDT
2022-06-22 15:00:00,1655881200000,0.8550000000,0.8600000000,0.8450000000,0.8480000000,17732.9619160000,15079.8288717110,15079.8288717110,1,SRM-USDT
2022-06-22 16:00:00,1655884800000,0.8470000000,0.8540000000,0.8430000000,0.8540000000,31274.3093030000,26521.8771172930,26521.8771172930,1,SRM-USDT
2022-06-22 17:00:00,1655888400000,0.8540000000,0.8680000000,0.8530000000,0.8630000000,33381.1960080000,28711.7938952180,28711.7938952180,1,SRM-USDT
2022-06-22 18:00:00,1655892000000,0.8620000000,0.8650000000,0.8570000000,0.8610000000,11012.9837990000,9486.1591744340,9486.1591744340,1,SRM-USDT
2022-06-22 19:00:00,1655895600000,0.8610000000,0.8700000000,0.8590000000,0.8610000000,13149.3156670000,11367.7985538110,11367.7985538110,1,SRM-USDT
2022-06-22 20:00:00,1655899200000,0.8610000000,0.8630000000,0.8460000000,0.8550000000,22530.1422350000,19276.8936502320,19276.8936502320,1,SRM-USDT
2022-06-22 21:00:00,1655902800000,0.8550000000,0.8720000000,0.8510000000,0.8710000000,19924.4092020000,17178.5411660470,17178.5411660470,1,SRM-USDT
2022-06-22 22:00:00,1655906400000,0.8720000000,0.8800000000,0.8690000000,0.8720000000,28016.0853920000,24494.6993616790,24494.6993616790,1,SRM-USDT
2022-06-22 23:00:00,1655910000000,0.8710000000,0.8710000000,0.8540000000,0.8540000000,36698.4207620000,31667.7016731700,31667.7016731700,1,SRM-USDT
2022-06-23 00:00:00,1655913600000,0.8530000000,0.8610000000,0.8440000000,0.8610000000,25789.9021970000,21951.2281120650,21951.2281120650,1,SRM-USDT
2022-06-23 01:00:00,1655917200000,0.8600000000,0.8650000000,0.8550000000,0.8600000000,19438.9699080000,16716.9882410250,16716.9882410250,1,SRM-USDT
2022-06-23 02:00:00,1655920800000,0.8590000000,0.8670000000,0.8590000000,0.8630000000,8198.7611470000,7074.8414410830,7074.8414410830,1,SRM-USDT
2022-06-23 03:00:00,1655924400000,0.8610000000,0.8640000000,0.8530000000,0.8590000000,9126.8581360000,7829.5506522220,7829.5506522220,1,SRM-USDT
2022-06-23 04:00:00,1655928000000,0.8580000000,0.8610000000,0.8470000000,0.8530000000,16854.4609050000,14382.3693673410,14382.3693673410,1,SRM-USDT
2022-06-23 05:00:00,1655931600000,0.8510000000,0.8610000000,0.8490000000,0.8590000000,7564.8959260000,6449.7547661870,6449.7547661870,1,SRM-USDT
2022-06-23 06:00:00,1655935200000,0.8590000000,0.8620000000,0.8540000000,0.8610000000,8903.3319810000,7639.4599495490,7639.4599495490,1,SRM-USDT
2022-06-23 07:00:00,1655938800000,0.8610000000,0.8620000000,0.8500000000,0.8510000000,12726.6665530000,10917.6074907730,10917.6074907730,1,SRM-USDT
2022-06-23 08:00:00,1655942400000,0.8500000000,0.8750000000,0.8480000000,0.8750000000,42267.6100670000,36522.4855268840,36522.4855268840,1,SRM-USDT
2022-06-23 09:00:00,1655946000000,0.8750000000,0.8870000000,0.8740000000,0.8750000000,51581.0966210000,45404.8899339810,45404.8899339810,1,SRM-USDT
2022-06-23 10:00:00,1655949600000,0.8760000000,0.8790000000,0.8700000000,0.8720000000,19930.5501720000,17388.9980731590,17388.9980731590,1,SRM-USDT
2022-06-23 11:00:00,1655953200000,0.8730000000,0.8730000000,0.8660000000,0.8660000000,12240.1881790000,10633.9456277350,10633.9456277350,1,SRM-USDT
2022-06-23 12:00:00,1655956800000,0.8670000000,0.8820000000,0.8650000000,0.8800000000,19203.7183280000,16754.6396641480,16754.6396641480,1,SRM-USDT
2022-06-23 13:00:00,1655960400000,0.8810000000,0.8820000000,0.8750000000,0.8770000000,13268.1103890000,11657.7860208680,11657.7860208680,1,SRM-USDT
2022-06-23 14:00:00,1655964000000,0.8750000000,0.8890000000,0.8730000000,0.8840000000,35638.8954580000,31504.2339073270,31504.2339073270,1,SRM-USDT
2022-06-23 15:00:00,1655967600000,0.8850000000,0.8900000000,0.8760000000,0.8760000000,17944.4037610000,15800.0002139980,15800.0002139980,1,SRM-USDT
2022-06-23 16:00:00,1655971200000,0.8760000000,0.8860000000,0.8730000000,0.8770000000,35616.8738690000,31291.2541207090,31291.2541207090,1,SRM-USDT
2022-06-23 17:00:00,1655974800000,0.8780000000,0.8910000000,0.8750000000,0.8820000000,8788.4984230000,7732.9012650240,7732.9012650240,1,SRM-USDT
2022-06-23 18:00:00,1655978400000,0.8820000000,0.8970000000,0.8800000000,0.8910000000,20327.4352260000,18026.8942766510,18026.8942766510,1,SRM-USDT
2022-06-23 19:00:00,1655982000000,0.8930000000,0.8950000000,0.8800000000,0.8830000000,11764.0418670000,10430.0738578090,10430.0738578090,1,SRM-USDT
2022-06-23 20:00:00,1655985600000,0.8840000000,0.8930000000,0.8810000000,0.8820000000,52999.3200300000,47069.2088798930,47069.2088798930,1,SRM-USDT
2022-06-23 21:00:00,1655989200000,0.8830000000,0.8860000000,0.8710000000,0.8710000000,36456.2796130000,32074.7434123130,32074.7434123130,1,SRM-USDT
2022-06-23 22:00:00,1655992800000,0.8710000000,0.8780000000,0.8670000000,0.8770000000,30326.6520230000,26438.5837352690,26438.5837352690,1,SRM-USDT
2022-06-23 23:00:00,1655996400000,0.8790000000,0.8830000000,0.8630000000,0.8700000000,25503.5749710000,22257.4865827340,22257.4865827340,1,SRM-USDT
2022-06-24 00:00:00,1656000000000,0.8700000000,0.8710000000,0.8630000000,0.8630000000,12601.5893300000,10928.3212656670,10928.3212656670,1,SRM-USDT
2022-06-24 01:00:00,1656003600000,0.8610000000,0.8800000000,0.8570000000,0.8710000000,34238.3412140000,29874.4149923420,29874.4149923420,1,SRM-USDT
2022-06-24 02:00:00,1656007200000,0.8710000000,0.8720000000,0.8650000000,0.8680000000,15731.3955120000,13653.0170941500,13653.0170941500,1,SRM-USDT
2022-06-24 03:00:00,1656010800000,0.8670000000,0.8860000000,0.8650000000,0.8860000000,30658.8330380000,26857.8911908680,26857.8911908680,1,SRM-USDT
2022-06-24 04:00:00,1656014400000,0.8860000000,0.8930000000,0.8820000000,0.8870000000,22922.9792250000,20374.0831208510,20374.0831208510,1,SRM-USDT
2022-06-24 05:00:00,1656018000000,0.8880000000,0.8890000000,0.8820000000,0.8820000000,10024.2176620000,8890.7270687880,8890.7270687880,1,SRM-USDT
2022-06-24 06:00:00,1656021600000,0.8820000000,0.9040000000,0.8820000000,0.8980000000,25726.8346680000,23012.5618887310,23012.5618887310,1,SRM-USDT
2022-06-24 07:00:00,1656025200000,0.8980000000,0.9100000000,0.8980000000,0.9020000000,27640.1207990000,25017.2409398350,25017.2409398350,1,SRM-USDT
2022-06-24 08:00:00,1656028800000,0.9030000000,0.9120000000,0.8990000000,0.9000000000,25694.7225530000,23243.1998076790,23243.1998076790,1,SRM-USDT
2022-06-24 09:00:00,1656032400000,0.9010000000,0.9160000000,0.8990000000,0.9090000000,54707.5145890000,49772.1311621910,49772.1311621910,1,SRM-USDT
2022-06-24 10:00:00,1656036000000,0.9100000000,0.9230000000,0.9080000000,0.9140000000,13573.1224760000,12440.3045168290,12440.3045168290,1,SRM-USDT
2022-06-24 11:00:00,1656039600000,0.9130000000,0.9180000000,0.9070000000,0.9070000000,20313.3577310000,18532.3059617540,18532.3059617540,1,SRM-USDT
2022-06-24 12:00:00,1656043200000,0.9080000000,0.9130000000,0.8960000000,0.8990000000,21195.8462440000,19186.7572616850,19186.7572616850,1,SRM-USDT
2022-06-24 13:00:00,1656046800000,0.9000000000,0.9050000000,0.8930000000,0.8930000000,45980.2389710000,41406.5732514370,41406.5732514370,1,SRM-USDT
2022-06-24 14:00:00,1656050400000,0.8940000000,0.8950000000,0.8860000000,0.8890000000,16156.3000050000,14384.2163105760,14384.2163105760,1,SRM-USDT
2022-06-24 15:00:00,1656054000000,0.8910000000,0.9030000000,0.8880000000,0.9020000000,20131.0113740000,18036.1317373580,18036.1317373580,1,SRM-USDT
2022-06-24 16:00:00,1656057600000,0.9010000000,0.9260000000,0.9010000000,0.9230000000,29458.3923450000,27011.0925603760,27011.0925603760,1,SRM-USDT
2022-06-24 17:00:00,1656061200000,0.9220000000,0.9260000000,0.9110000000,0.9130000000,21111.8923900000,19403.5735281270,19403.5735281270,1,SRM-USDT
2022-06-24 18:00:00,1656064800000,0.9130000000,0.9270000000,0.9100000000,0.9260000000,14202.0055490000,13050.2447238120,13050.2447238120,1,SRM-USDT
2022-06-24 19:00:00,1656068400000,0.9240000000,0.9380000000,0.9220000000,0.9290000000,16023.7613060000,14917.0093642650,14917.0093642650,1,SRM-USDT
2022-06-24 20:00:00,1656072000000,0.9280000000,0.9410000000,0.9250000000,0.9290000000,26886.7767210000,25129.4596260770,25129.4596260770,1,SRM-USDT
2022-06-24 21:00:00,1656075600000,0.9290000000,0.9320000000,0.9250000000,0.9250000000,18158.6564730000,16869.1286925040,16869.1286925040,1,SRM-USDT
2022-06-24 22:00:00,1656079200000,0.9250000000,0.9430000000,0.9210000000,0.9270000000,34608.0202830000,32174.3359409300,32174.3359409300,1,SRM-USDT
2022-06-24 23:00:00,1656082800000,0.9260000000,0.9260000000,0.9150000000,0.9250000000,34057.5750230000,31374.1344186330,31374.1344186330,1,SRM-USDT
2022-06-25 00:00:00,1656086400000,0.9250000000,0.9310000000,0.9170000000,0.9280000000,8417.6657750000,7765.1786530860,7765.1786530860,1,SRM-USDT
2022-06-25 01:00:00,1656090000000,0.9280000000,0.9440000000,0.9240000000,0.9250000000,28020.8027960000,26228.5831492640,26228.5831492640,1,SRM-USDT
2022-06-25 02:00:00,1656093600000,0.9250000000,0.9390000000,0.9250000000,0.9380000000,7915.8812330000,7369.6264637110,7369.6264637110,1,SRM-USDT
2022-06-25 03:00:00,1656097200000,0.9380000000,0.9410000000,0.9290000000,0.9390000000,13277.8880730000,12426.5192382760,12426.5192382760,1,SRM-USDT
2022-06-25 04:00:00,1656100800000,0.9390000000,0.9550000000,0.9370000000,0.9500000000,28306.9978790000,26796.5201354960,26796.5201354960,1,SRM-USDT
2022-06-25 05:00:00,1656104400000,0.9520000000,0.9540000000,0.9480000000,0.9530000000,8140.7659920000,7744.7858301270,7744.7858301270,1,SRM-USDT
2022-06-25 06:00:00,1656108000000,0.9530000000,0.9590000000,0.9450000000,0.9450000000,19516.1153830000,18588.8159754830,18588.8159754830,1,SRM-USDT
2022-06-25 07:00:00,1656111600000,0.9450000000,0.9540000000,0.9400000000,0.9400000000,14174.4232900000,13426.4043425120,13426.4043425120,1,SRM-USDT
2022-06-25 08:00:00,1656115200000,0.9400000000,0.9460000000,0.9280000000,0.9450000000,18028.8759740000,16919.3258342210,16919.3258342210,1,SRM-USDT
2022-06-25 09:00:00,1656118800000,0.9430000000,0.9640000000,0.9410000000,0.9640000000,30724.6176030000,29427.4424740460,29427.4424740460,1,SRM-USDT
2022-06-25 10:00:00,1656122400000,0.9630000000,0.9740000000,0.9460000000,0.9490000000,72769.8895960000,70208.4397135740,70208.4397135740,1,SRM-USDT
2022-06-25 11:00:00,1656126000000,0.9500000000,0.9620000000,0.9440000000,0.9610000000,14702.0294620000,14013.2827221670,14013.2827221670,1,SRM-USDT
2022-06-25 12:00:00,1656129600000,0.9610000000,0.9650000000,0.9580000000,0.9650000000,18659.6345410000,17948.4930117970,17948.4930117970,1,SRM-USDT
2022-06-25 13:00:00,1656133200000,0.9650000000,0.9690000000,0.9570000000,0.9580000000,16345.4341040000,15727.3314771000,15727.3314771000,1,SRM-USDT
2022-06-25 14:00:00,1656136800000,0.9580000000,0.9580000000,0.9530000000,0.9580000000,8280.1772260000,7913.7097569140,7913.7097569140,1,SRM-USDT
2022-06-25 15:00:00,1656140400000,0.9570000000,0.9700000000,0.9570000000,0.9660000000,15098.4819940000,14556.9096241640,14556.9096241640,1,SRM-USDT
2022-06-25 16:00:00,1656144000000,0.9660000000,0.9720000000,0.9570000000,0.9640000000,22857.3931780000,22037.8566149660,22037.8566149660,1,SRM-USDT
2022-06-25 17:00:00,1656147600000,0.9640000000,0.9740000000,0.9620000000,0.9680000000,12556.1182660000,12167.9011340250,12167.9011340250,1,SRM-USDT
2022-06-25 18:00:00,1656151200000,0.9700000000,0.9710000000,0.9630000000,0.9700000000,21913.2252860000,21142.6074027360,21142.6074027360,1,SRM-USDT
2022-06-25 19:00:00,1656154800000,0.9680000000,0.9690000000,0.9480000000,0.9520000000,48816.2167030000,46699.3289001120,46699.3289001120,1,SRM-USDT
2022-06-25 20:00:00,1656158400000,0.9530000000,0.9560000000,0.9240000000,0.9260000000,56054.5570190000,52010.8454115610,52010.8454115610,1,SRM-USDT
2022-06-25 21:00:00,1656162000000,0.9260000000,0.9380000000,0.9210000000,0.9290000000,18779.6280630000,17485.2719949520,17485.2719949520,1,SRM-USDT
2022-06-25 22:00:00,1656165600000,0.9300000000,0.9330000000,0.9240000000,0.9240000000,14978.0478440000,13887.0653631500,13887.0653631500,1,SRM-USDT
2022-06-25 23:00:00,1656169200000,0.9240000000,0.9320000000,0.9140000000,0.9140000000,32528.8314190000,29946.8257937900,29946.8257937900,1,SRM-USDT
2022-06-26 00:00:00,1656172800000,0.9150000000,0.9220000000,0.9130000000,0.9210000000,11693.4593950000,10745.0336441840,10745.0336441840,1,SRM-USDT
2022-06-26 01:00:00,1656176400000,0.9210000000,0.9320000000,0.9150000000,0.9280000000,12308.9127530000,11377.8969258590,11377.8969258590,1,SRM-USDT
2022-06-26 02:00:00,1656180000000,0.9270000000,0.9420000000,0.9240000000,0.9420000000,16408.2074690000,15288.3944558400,15288.3944558400,1,SRM-USDT
2022-06-26 03:00:00,1656183600000,0.9420000000,0.9460000000,0.9390000000,0.9460000000,18949.4769720000,17864.8184691800,17864.8184691800,1,SRM-USDT
2022-06-26 04:00:00,1656187200000,0.9460000000,0.9490000000,0.9400000000,0.9470000000,14867.7297830000,14059.0896976400,14059.0896976400,1,SRM-USDT
2022-06-26 05:00:00,1656190800000,0.9480000000,0.9720000000,0.9470000000,0.9720000000,51815.1366310000,49825.5958202760,49825.5958202760,1,SRM-USDT
2022-06-26 06:00:00,1656194400000,0.9720000000,0.9750000000,0.9570000000,0.9580000000,28553.2378010000,27640.6707104050,27640.6707104050,1,SRM-USDT
2022-06-26 07:00:00,1656198000000,0.9600000000,0.9720000000,0.9600000000,0.9670000000,12927.5323230000,12469.9361842450,12469.9361842450,1,SRM-USDT
2022-06-26 08:00:00,1656201600000,0.9680000000,0.9730000000,0.9570000000,0.9620000000,32475.6302130000,31259.5210358710,31259.5210358710,1,SRM-USDT
2022-06-26 09:00:00,1656205200000,0.9630000000,0.9770000000,0.9520000000,0.9560000000,43555.3051280000,42060.5015516850,42060.5015516850,1,SRM-USDT
2022-06-26 10:00:00,1656208800000,0.9570000000,0.9610000000,0.9520000000,0.9570000000,24234.2075010000,23175.9914317350,23175.9914317350,1,SRM-USDT
2022-06-26 11:00:00,1656212400000,0.9570000000,0.9590000000,0.9520000000,0.9570000000,10022.9010330000,9576.9578381180,9576.9578381180,1,SRM-USDT
2022-06-26 12:00:00,1656216000000,0.9570000000,0.9650000000,0.9540000000,0.9610000000,13204.4460220000,12679.2803640030,12679.2803640030,1,SRM-USDT
2022-06-26 13:00:00,1656219600000,0.9620000000,0.9660000000,0.9570000000,0.9620000000,16353.5488120000,15748.6082263030,15748.6082263030,1,SRM-USDT
2022-06-26 14:00:00,1656223200000,0.9630000000,0.9790000000,0.9540000000,0.9770000000,24570.7495580000,23768.4703859840,23768.4703859840,1,SRM-USDT
2022-06-26 15:00:00,1656226800000,0.9790000000,0.9820000000,0.9680000000,0.9720000000,28545.8829060000,27805.0351326660,27805.0351326660,1,SRM-USDT
2022-06-26 16:00:00,1656230400000,0.9720000000,1.0090000000,0.9700000000,1.0000000000,159763.0283290000,158892.6906823300,158892.6906823300,1,SRM-USDT
2022-06-26 17:00:00,1656234000000,1.0000000000,1.0190000000,0.9900000000,1.0020000000,99500.5535530000,99848.3300027180,99848.3300027180,1,SRM-USDT
2022-06-26 18:00:00,1656237600000,1.0030000000,1.0360000000,1.0030000000,1.0220000000,199167.0146750000,203943.9066230780,203943.9066230780,1,SRM-USDT
2022-06-26 19:00:00,1656241200000,1.0230000000,1.0240000000,1.0070000000,1.0200000000,62697.9232360000,63718.0557880540,63718.0557880540,1,SRM-USDT
2022-06-26 20:00:00,1656244800000,1.0220000000,1.0410000000,1.0100000000,1.0150000000,126775.1908460000,129915.9957670670,129915.9957670670,1,SRM-USDT
2022-06-26 21:00:00,1656248400000,1.0160000000,1.0170000000,0.9960000000,1.0000000000,63727.9459630000,64199.4051621170,64199.4051621170,1,SRM-USDT
2022-06-26 22:00:00,1656252000000,1.0000000000,1.0050000000,0.9980000000,1.0010000000,25012.0956190000,25053.3477482650,25053.3477482650,1,SRM-USDT
2022-06-26 23:00:00,1656255600000,1.0010000000,1.0040000000,0.9800000000,0.9920000000,38887.7046400000,38498.2692287920,38498.2692287920,1,SRM-USDT
2022-06-27 00:00:00,1656259200000,0.9910000000,0.9950000000,0.9830000000,0.9900000000,28288.2125880000,28017.3049067940,28017.3049067940,1,SRM-USDT
2022-06-27 01:00:00,1656262800000,0.9890000000,0.9920000000,0.9640000000,0.9750000000,94506.0638250000,92284.9527155130,92284.9527155130,1,SRM-USDT
2022-06-27 02:00:00,1656266400000,0.9740000000,0.9760000000,0.9580000000,0.9610000000,60301.3060540000,58236.2112075660,58236.2112075660,1,SRM-USDT
2022-06-27 03:00:00,1656270000000,0.9600000000,0.9700000000,0.9590000000,0.9650000000,29910.1321170000,28805.1426924260,28805.1426924260,1,SRM-USDT
2022-06-27 04:00:00,1656273600000,0.9650000000,0.9770000000,0.9630000000,0.9760000000,24239.6561320000,23491.0039742320,23491.0039742320,1,SRM-USDT
2022-06-27 05:00:00,1656277200000,0.9750000000,0.9760000000,0.9670000000,0.9700000000,16786.5606990000,16307.7225257890,16307.7225257890,1,SRM-USDT
2022-06-27 06:00:00,1656280800000,0.9700000000,0.9700000000,0.9240000000,0.9350000000,113722.1771480000,106675.0202460380,106675.0202460380,1,SRM-USDT
2022-06-27 07:00:00,1656284400000,0.9340000000,0.9390000000,0.9180000000,0.9240000000,73107.8773270000,67754.6597465590,67754.6597465590,1,SRM-USDT
2022-06-27 08:00:00,1656288000000,0.9230000000,0.9330000000,0.9200000000,0.9300000000,57324.3148600000,53120.8490804770,53120.8490804770,1,SRM-USDT
2022-06-27 09:00:00,1656291600000,0.9300000000,0.9340000000,0.9230000000,0.9330000000,16332.6962740000,15147.6968899950,15147.6968899950,1,SRM-USDT
2022-06-27 10:00:00,1656295200000,0.9340000000,0.9580000000,0.9300000000,0.9560000000,64313.2756190000,60840.5798134890,60840.5798134890,1,SRM-USDT
2022-06-27 11:00:00,1656298800000,0.9570000000,0.9590000000,0.9490000000,0.9490000000,45603.2571600000,43541.6838759000,43541.6838759000,1,SRM-USDT
2022-06-27 12:00:00,1656302400000,0.9480000000,0.9590000000,0.9450000000,0.9580000000,24454.0408710000,23287.1443501860,23287.1443501860,1,SRM-USDT
2022-06-27 13:00:00,1656306000000,0.9570000000,0.9590000000,0.9470000000,0.9560000000,19463.9412930000,18550.4857573190,18550.4857573190,1,SRM-USDT
2022-06-27 14:00:00,1656309600000,0.9550000000,0.9670000000,0.9530000000,0.9670000000,32572.5371460000,31258.0945035230,31258.0945035230,1,SRM-USDT
2022-06-27 15:00:00,1656313200000,0.9670000000,0.9820000000,0.9610000000,0.9620000000,26064.7347170000,25289.4479380520,25289.4479380520,1,SRM-USDT
2022-06-27 16:00:00,1656316800000,0.9620000000,0.9890000000,0.9620000000,0.9870000000,111965.5058360000,109720.0204002310,109720.0204002310,1,SRM-USDT
2022-06-27 17:00:00,1656320400000,0.9870000000,0.9880000000,0.9790000000,0.9830000000,21780.7850920000,21407.5864997980,21407.5864997980,1,SRM-USDT
2022-06-27 18:00:00,1656324000000,0.9820000000,0.9860000000,0.9780000000,0.9850000000,12060.3488240000,11851.9170469520,11851.9170469520,1,SRM-USDT
2022-06-27 19:00:00,1656327600000,0.9840000000,0.9860000000,0.9650000000,0.9700000000,43489.0643400000,42514.5513619850,42514.5513619850,1,SRM-USDT
2022-06-27 20:00:00,1656331200000,0.9700000000,0.9800000000,0.9690000000,0.9800000000,27235.6351980000,26542.8476646370,26542.8476646370,1,SRM-USDT
2022-06-27 21:00:00,1656334800000,0.9780000000,0.9840000000,0.9500000000,0.9500000000,36499.0449950000,35068.8419524500,35068.8419524500,1,SRM-USDT
2022-06-27 22:00:00,1656338400000,0.9510000000,0.9650000000,0.9430000000,0.9650000000,61916.8482760000,58969.5440643900,58969.5440643900,1,SRM-USDT
2022-06-27 23:00:00,1656342000000,0.9650000000,0.9660000000,0.9520000000,0.9570000000,21508.7829190000,20630.2338909830,20630.2338909830,1,SRM-USDT
2022-06-28 00:00:00,1656345600000,0.9550000000,0.9550000000,0.9430000000,0.9490000000,23799.0669110000,22563.7971152590,22563.7971152590,1,SRM-USDT
2022-06-28 01:00:00,1656349200000,0.9500000000,0.9540000000,0.9450000000,0.9490000000,12835.5807160000,12185.3335097180,12185.3335097180,1,SRM-USDT
2022-06-28 02:00:00,1656352800000,0.9480000000,0.9580000000,0.9350000000,0.9520000000,32466.1857930000,30771.2571191340,30771.2571191340,1,SRM-USDT
2022-06-28 03:00:00,1656356400000,0.9520000000,0.9520000000,0.9390000000,0.9500000000,20508.7531580000,19381.9591009850,19381.9591009850,1,SRM-USDT
2022-06-28 04:00:00,1656360000000,0.9490000000,0.9600000000,0.9490000000,0.9580000000,21904.8256840000,20918.1062047890,20918.1062047890,1,SRM-USDT
2022-06-28 05:00:00,1656363600000,0.9560000000,0.9640000000,0.9560000000,0.9590000000,14577.9530240000,13990.6663106840,13990.6663106840,1,SRM-USDT
2022-06-28 06:00:00,1656367200000,0.9610000000,0.9800000000,0.9610000000,0.9760000000,48562.9422550000,47169.6535021970,47169.6535021970,1,SRM-USDT
2022-06-28 07:00:00,1656370800000,0.9760000000,0.9770000000,0.9590000000,0.9640000000,34456.1248690000,33430.8681716480,33430.8681716480,1,SRM-USDT
2022-06-28 08:00:00,1656374400000,0.9650000000,1.0000000000,0.9640000000,0.9960000000,124219.0469810000,122514.7786478750,122514.7786478750,1,SRM-USDT
2022-06-28 09:00:00,1656378000000,0.9930000000,1.0000000000,0.9570000000,0.9590000000,82763.9937330000,81213.8349830020,81213.8349830020,1,SRM-USDT
2022-06-28 10:00:00,1656381600000,0.9580000000,0.9640000000,0.9510000000,0.9620000000,24953.8723820000,23871.6355807230,23871.6355807230,1,SRM-USDT
2022-06-28 11:00:00,1656385200000,0.9610000000,0.9840000000,0.9610000000,0.9810000000,88725.9819900000,86806.2917459780,86806.2917459780,1,SRM-USDT
2022-06-28 12:00:00,1656388800000,0.9820000000,0.9920000000,0.9750000000,0.9840000000,21990.1716310000,21624.2213234850,21624.2213234850,1,SRM-USDT
2022-06-28 13:00:00,1656392400000,0.9850000000,0.9900000000,0.9710000000,0.9730000000,29965.5800320000,29426.5479033730,29426.5479033730,1,SRM-USDT
2022-06-28 14:00:00,1656396000000,0.9760000000,0.9890000000,0.9740000000,0.9800000000,36922.0593740000,36233.4790949720,36233.4790949720,1,SRM-USDT
2022-06-28 15:00:00,1656399600000,0.9830000000,1.0000000000,0.9820000000,0.9860000000,37678.5236180000,37345.4976971490,37345.4976971490,1,SRM-USDT
2022-06-28 16:00:00,1656403200000,0.9870000000,1.0000000000,0.9810000000,0.9980000000,23511.4276470000,23276.1486354310,23276.1486354310,1,SRM-USDT
2022-06-28 17:00:00,1656406800000,0.9990000000,1.0070000000,0.9890000000,0.9960000000,50740.6863340000,50479.4289570870,50479.4289570870,1,SRM-USDT
2022-06-28 18:00:00,1656410400000,0.9960000000,0.9970000000,0.9850000000,0.9880000000,33873.2562270000,33516.6039278010,33516.6039278010,1,SRM-USDT
2022-06-28 19:00:00,1656414000000,0.9890000000,1.0040000000,0.9860000000,0.9990000000,63337.3685400000,63240.7626565990,63240.7626565990,1,SRM-USDT
2022-06-28 20:00:00,1656417600000,0.9980000000,1.0100000000,0.9930000000,0.9930000000,30657.3757260000,30667.4987852680,30667.4987852680,1,SRM-USDT
2022-06-28 21:00:00,1656421200000,0.9920000000,1.0050000000,0.9910000000,0.9980000000,27568.3339330000,27484.7202187310,27484.7202187310,1,SRM-USDT
2022-06-28 22:00:00,1656424800000,0.9980000000,1.0010000000,0.9740000000,0.9800000000,45425.6730520000,44754.1751136480,44754.1751136480,1,SRM-USDT
2022-06-28 23:00:00,1656428400000,0.9790000000,0.9810000000,0.9580000000,0.9620000000,59378.2341800000,57449.2720273300,57449.2720273300,1,SRM-USDT
2022-06-29 00:00:00,1656432000000,0.9610000000,0.9690000000,0.9540000000,0.9640000000,38654.8930420000,37160.9604055660,37160.9604055660,1,SRM-USDT
2022-06-29 01:00:00,1656435600000,0.9650000000,0.9680000000,0.9590000000,0.9640000000,29601.7067110000,28540.8267194330,28540.8267194330,1,SRM-USDT
2022-06-29 02:00:00,1656439200000,0.9640000000,0.9640000000,0.9440000000,0.9540000000,61766.0697370000,58696.0526013260,58696.0526013260,1,SRM-USDT
2022-06-29 03:00:00,1656442800000,0.9540000000,0.9560000000,0.9490000000,0.9540000000,20931.2471620000,19923.4060843020,19923.4060843020,1,SRM-USDT
2022-06-29 04:00:00,1656446400000,0.9550000000,0.9590000000,0.9460000000,0.9560000000,23219.0438320000,22125.7198350010,22125.7198350010,1,SRM-USDT
2022-06-29 05:00:00,1656450000000,0.9580000000,0.9600000000,0.9540000000,0.9540000000,7315.9495060000,7008.9280528440,7008.9280528440,1,SRM-USDT
2022-06-29 06:00:00,1656453600000,0.9540000000,0.9540000000,0.9200000000,0.9210000000,76055.3597800000,71173.4841627270,71173.4841627270,1,SRM-USDT
2022-06-29 07:00:00,1656457200000,0.9210000000,0.9300000000,0.9180000000,0.9240000000,68975.6493230000,63737.2328265860,63737.2328265860,1,SRM-USDT
2022-06-29 08:00:00,1656460800000,0.9240000000,0.9360000000,0.9200000000,0.9280000000,53165.7164510000,49390.7553811700,49390.7553811700,1,SRM-USDT
2022-06-29 09:00:00,1656464400000,0.9270000000,0.9410000000,0.9260000000,0.9400000000,34361.9092410000,32098.8024683100,32098.8024683100,1,SRM-USDT
2022-06-29 10:00:00,1656468000000,0.9380000000,0.9440000000,0.9300000000,0.9380000000,24620.5224640000,23090.5117000870,23090.5117000870,1,SRM-USDT
2022-06-29 11:00:00,1656471600000,0.9400000000,0.9420000000,0.9310000000,0.9340000000,24739.3802240000,23194.5886914070,23194.5886914070,1,SRM-USDT
2022-06-29 12:00:00,1656475200000,0.9340000000,0.9420000000,0.9290000000,0.9390000000,60513.9856930000,56526.7246335460,56526.7246335460,1,SRM-USDT
2022-06-29 13:00:00,1656478800000,0.9390000000,0.9450000000,0.9240000000,0.9280000000,45634.9474060000,42531.4693217220,42531.4693217220,1,SRM-USDT
2022-06-29 14:00:00,1656482400000,0.9290000000,0.9290000000,0.9010000000,0.9020000000,99846.2657840000,91297.3670726250,91297.3670726250,1,SRM-USDT
2022-06-29 15:00:00,1656486000000,0.9030000000,0.9080000000,0.8960000000,0.9070000000,51989.4411180000,46874.3326130810,46874.3326130810,1,SRM-USDT
2022-06-29 16:00:00,1656489600000,0.9060000000,0.9090000000,0.8990000000,0.9010000000,27518.9237770000,24893.0033772970,24893.0033772970,1,SRM-USDT
2022-06-29 17:00:00,1656493200000,0.9000000000,0.9090000000,0.8980000000,0.9010000000,24616.9560180000,22245.0676746630,22245.0676746630,1,SRM-USDT
2022-06-29 18:00:00,1656496800000,0.9010000000,0.9040000000,0.8930000000,0.8960000000,27332.6227810000,24531.1895652020,24531.1895652020,1,SRM-USDT
2022-06-29 19:00:00,1656500400000,0.8960000000,0.8960000000,0.8780000000,0.8870000000,84112.8636670000,74405.1863285230,74405.1863285230,1,SRM-USDT
2022-06-29 20:00:00,1656504000000,0.8880000000,0.8900000000,0.8770000000,0.8790000000,73054.6557730000,64350.7429371560,64350.7429371560,1,SRM-USDT
2022-06-29 21:00:00,1656507600000,0.8780000000,0.8880000000,0.8720000000,0.8840000000,31122.1182720000,27403.6629015870,27403.6629015870,1,SRM-USDT
2022-06-29 22:00:00,1656511200000,0.8840000000,0.8940000000,0.8840000000,0.8900000000,63171.7733270000,56230.4299196270,56230.4299196270,1,SRM-USDT
2022-06-29 23:00:00,1656514800000,0.8900000000,0.8900000000,0.8790000000,0.8830000000,37432.0125320000,33115.6559036640,33115.6559036640,1,SRM-USDT
2022-06-30 00:00:00,1656518400000,0.8840000000,0.8850000000,0.8650000000,0.8750000000,47262.4990740000,41326.4706753560,41326.4706753560,1,SRM-USDT
2022-06-30 01:00:00,1656522000000,0.8740000000,0.8790000000,0.8670000000,0.8790000000,24702.1541210000,21565.7288628040,21565.7288628040,1,SRM-USDT
2022-06-30 02:00:00,1656525600000,0.8790000000,0.8850000000,0.8750000000,0.8760000000,16127.0178040000,14203.5261928850,14203.5261928850,1,SRM-USDT
2022-06-30 03:00:00,1656529200000,0.8760000000,0.8880000000,0.8740000000,0.8860000000,14852.7167390000,13057.8733736300,13057.8733736300,1,SRM-USDT
2022-06-30 04:00:00,1656532800000,0.8880000000,0.9120000000,0.8850000000,0.8970000000,144241.9051160000,129977.1351976500,129977.1351976500,1,SRM-USDT
2022-06-30 05:00:00,1656536400000,0.8970000000,0.8990000000,0.8900000000,0.8940000000,22128.2611010000,19787.4503553500,19787.4503553500,1,SRM-USDT
2022-06-30 06:00:00,1656540000000,0.8920000000,0.8990000000,0.8870000000,0.8980000000,31144.9618340000,27815.0172417920,27815.0172417920,1,SRM-USDT
2022-06-30 07:00:00,1656543600000,0.8960000000,0.8980000000,0.8830000000,0.8870000000,43150.0452650000,38257.4477048110,38257.4477048110,1,SRM-USDT
2022-06-30 08:00:00,1656547200000,0.8860000000,0.8890000000,0.8670000000,0.8680000000,48424.0601700000,42610.7229279130,42610.7229279130,1,SRM-USDT
2022-06-30 09:00:00,1656550800000,0.8670000000,0.8740000000,0.8490000000,0.8500000000,87384.3193550000,75114.9240929040,75114.9240929040,1,SRM-USDT
2022-06-30 10:00:00,1656554400000,0.8520000000,0.8620000000,0.8520000000,0.8600000000,21428.3887880000,18389.5031633120,18389.5031633120,1,SRM-USDT
2022-06-30 11:00:00,1656558000000,0.8590000000,0.8620000000,0.8550000000,0.8610000000,27245.7866100000,23402.8966125740,23402.8966125740,1,SRM-USDT
2022-06-30 12:00:00,1656561600000,0.8610000000,0.8650000000,0.8490000000,0.8530000000,28838.1789240000,24788.2669632870,24788.2669632870,1,SRM-USDT
2022-06-30 13:00:00,1656565200000,0.8540000000,0.8560000000,0.8460000000,0.8490000000,34032.8699790000,28967.5497572250,28967.5497572250,1,SRM-USDT
2022-06-30 14:00:00,1656568800000,0.8500000000,0.8520000000,0.8240000000,0.8250000000,81353.0054780000,67971.8083266150,67971.8083266150,1,SRM-USDT
2022-06-30 15:00:00,1656572400000,0.8260000000,0.8320000000,0.8230000000,0.8300000000,35716.6545080000,29543.7435183590,29543.7435183590,1,SRM-USDT
2022-06-30 16:00:00,1656576000000,0.8280000000,0.8280000000,0.8170000000,0.8200000000,20018.3663010000,16463.9133122800,16463.9133122800,1,SRM-USDT
2022-06-30 17:00:00,1656579600000,0.8200000000,0.8220000000,0.8080000000,0.8200000000,29228.6675490000,23835.3691980120,23835.3691980120,1,SRM-USDT
2022-06-30 18:00:00,1656583200000,0.8200000000,0.8210000000,0.8100000000,0.8170000000,20621.1968340000,16825.1258982300,16825.1258982300,1,SRM-USDT
2022-06-30 19:00:00,1656586800000,0.8170000000,0.8210000000,0.8110000000,0.8160000000,23663.5900690000,19275.2755142960,19275.2755142960,1,SRM-USDT
2022-06-30 20:00:00,1656590400000,0.8160000000,0.8300000000,0.8130000000,0.8260000000,25219.7582390000,20763.6605942190,20763.6605942190,1,SRM-USDT
2022-06-30 21:00:00,1656594000000,0.8250000000,0.8290000000,0.8050000000,0.8100000000,68200.7971570000,55782.9957912810,55782.9957912810,1,SRM-USDT
2022-06-30 22:00:00,1656597600000,0.8100000000,0.8220000000,0.8090000000,0.8210000000,33209.3153700000,27123.1793039900,27123.1793039900,1,SRM-USDT
2022-06-30 23:00:00,1656601200000,0.8200000000,0.8310000000,0.8200000000,0.8280000000,25741.6659460000,21219.6045756690,21219.6045756690,1,SRM-USDT
2022-07-01 00:00:00,1656604800000,0.8290000000,0.8360000000,0.8220000000,0.8270000000,23325.3341580000,19331.7536989380,19331.7536989380,1,SRM-USDT
2022-07-01 01:00:00,1656608400000,0.8270000000,0.8330000000,0.8250000000,0.8290000000,19598.8579320000,16254.0758463820,16254.0758463820,1,SRM-USDT
2022-07-01 02:00:00,1656612000000,0.8290000000,0.8310000000,0.8190000000,0.8200000000,16649.4388070000,13735.4324001360,13735.4324001360,1,SRM-USDT
2022-07-01 03:00:00,1656615600000,0.8200000000,0.8260000000,0.8160000000,0.8250000000,23075.9709700000,18943.2210708060,18943.2210708060,1,SRM-USDT
2022-07-01 04:00:00,1656619200000,0.8240000000,0.8280000000,0.8120000000,0.8170000000,38490.5490400000,31594.5404381520,31594.5404381520,1,SRM-USDT
2022-07-01 05:00:00,1656622800000,0.8180000000,0.8290000000,0.8160000000,0.8230000000,20745.4641320000,17094.6271514620,17094.6271514620,1,SRM-USDT
2022-07-01 06:00:00,1656626400000,0.8230000000,0.8340000000,0.8210000000,0.8260000000,44857.9421870000,37097.0564289370,37097.0564289370,1,SRM-USDT
2022-07-01 07:00:00,1656630000000,0.8270000000,0.8560000000,0.8180000000,0.8550000000,81828.5727130000,68636.5060265090,68636.5060265090,1,SRM-USDT
2022-07-01 08:00:00,1656633600000,0.8560000000,0.8750000000,0.8490000000,0.8650000000,109886.8081610000,94695.9680029980,94695.9680029980,1,SRM-USDT
2022-07-01 09:00:00,1656637200000,0.8650000000,0.8720000000,0.8610000000,0.8640000000,38313.9616530000,33183.6678466700,33183.6678466700,1,SRM-USDT
2022-07-01 10:00:00,1656640800000,0.8640000000,0.8680000000,0.8610000000,0.8620000000,14265.1008110000,12337.8416443030,12337.8416443030,1,SRM-USDT
2022-07-01 11:00:00,1656644400000,0.8620000000,0.8620000000,0.8380000000,0.8380000000,32419.7606940000,27599.5301465770,27599.5301465770,1,SRM-USDT
2022-07-01 12:00:00,1656648000000,0.8390000000,0.8390000000,0.8120000000,0.8140000000,91461.1366960000,75461.8400703830,75461.8400703830,1,SRM-USDT
2022-07-01 13:00:00,1656651600000,0.8150000000,0.8280000000,0.8130000000,0.8260000000,73208.1579190000,60185.9915099850,60185.9915099850,1,SRM-USDT
2022-07-01 14:00:00,1656655200000,0.8240000000,0.8360000000,0.8240000000,0.8340000000,67370.9207930000,55840.2654255390,55840.2654255390,1,SRM-USDT
2022-07-01 15:00:00,1656658800000,0.8330000000,0.8440000000,0.8280000000,0.8410000000,32154.3440550000,26969.5399535550,26969.5399535550,1,SRM-USDT
2022-07-01 16:00:00,1656662400000,0.8430000000,0.8600000000,0.8020000000,0.8100000000,480958.4378500000,395949.3162584440,395949.3162584440,1,SRM-USDT
2022-07-01 17:00:00,1656666000000,0.8090000000,0.8140000000,0.7690000000,0.7730000000,1222763.8432700001,964489.9717809859,964489.9717809859,1,SRM-USDT
2022-07-01 18:00:00,1656669600000,0.7740000000,0.7810000000,0.7690000000,0.7740000000,333532.4561280000,258973.9072268210,258973.9072268210,1,SRM-USDT
2022-07-01 19:00:00,1656673200000,0.7730000000,0.7800000000,0.7690000000,0.7750000000,281984.1436180000,218610.9561544780,218610.9561544780,1,SRM-USDT
2022-07-01 20:00:00,1656676800000,0.7740000000,0.7810000000,0.7720000000,0.7760000000,512377.4887720000,398422.6051874280,398422.6051874280,1,SRM-USDT
2022-07-01 21:00:00,1656680400000,0.7760000000,0.7900000000,0.7750000000,0.7860000000,222052.2820840000,173533.3974938920,173533.3974938920,1,SRM-USDT
2022-07-01 22:00:00,1656684000000,0.7850000000,0.7870000000,0.7780000000,0.7850000000,200531.8368870000,157011.7692268850,157011.7692268850,1,SRM-USDT
2022-07-01 23:00:00,1656687600000,0.7860000000,0.8210000000,0.7760000000,0.7790000000,847711.8827910000,674029.1853667400,674029.1853667400,1,SRM-USDT
2022-07-02 00:00:00,1656691200000,0.7800000000,0.7980000000,0.7760000000,0.7900000000,137265.4543780000,107666.0648565180,107666.0648565180,1,SRM-USDT
2022-07-02 01:00:00,1656694800000,0.7900000000,0.8000000000,0.7870000000,0.7990000000,49287.9159380000,39117.0232617100,39117.0232617100,1,SRM-USDT
2022-07-02 02:00:00,1656698400000,0.7990000000,0.8030000000,0.7950000000,0.8010000000,29565.7398740000,23616.8362915270,23616.8362915270,1,SRM-USDT
2022-07-02 03:00:00,1656702000000,0.8000000000,0.8010000000,0.7940000000,0.7960000000,23288.0429640000,18581.9975064520,18581.9975064520,1,SRM-USDT
2022-07-02 04:00:00,1656705600000,0.7990000000,0.8080000000,0.7960000000,0.8000000000,48035.2590930000,38608.1410758170,38608.1410758170,1,SRM-USDT
2022-07-02 05:00:00,1656709200000,0.7990000000,0.8030000000,0.7910000000,0.7970000000,21691.6974690000,17320.0532755210,17320.0532755210,1,SRM-USDT
2022-07-02 06:00:00,1656712800000,0.7970000000,0.7980000000,0.7890000000,0.7920000000,35602.3435880000,28244.0316228840,28244.0316228840,1,SRM-USDT
2022-07-02 07:00:00,1656716400000,0.7910000000,0.8020000000,0.7880000000,0.7940000000,73816.2784820000,58658.7307756170,58658.7307756170,1,SRM-USDT
2022-07-02 08:00:00,1656720000000,0.7940000000,0.8050000000,0.7830000000,0.7830000000,185178.3731110000,146975.4340598710,146975.4340598710,1,SRM-USDT
2022-07-02 09:00:00,1656723600000,0.7840000000,0.7920000000,0.7680000000,0.7710000000,167159.8384390000,130595.2064843610,130595.2064843610,1,SRM-USDT
2022-07-02 10:00:00,1656727200000,0.7710000000,0.7720000000,0.7330000000,0.7530000000,1215699.1507220000,913659.9695488330,913659.9695488330,1,SRM-USDT
2022-07-02 11:00:00,1656730800000,0.7530000000,0.7560000000,0.7510000000,0.7550000000,113423.4763180000,85507.3116311950,85507.3116311950,1,SRM-USDT
2022-07-02 12:00:00,1656734400000,0.7550000000,0.7600000000,0.7520000000,0.7600000000,74974.9745540000,56760.6620496580,56760.6620496580,1,SRM-USDT
2022-07-02 13:00:00,1656738000000,0.7600000000,0.7640000000,0.7580000000,0.7590000000,41974.3408760000,31924.6270039260,31924.6270039260,1,SRM-USDT
2022-07-02 14:00:00,1656741600000,0.7590000000,0.7650000000,0.7590000000,0.7610000000,19982.0555330000,15222.9654899710,15222.9654899710,1,SRM-USDT
2022-07-02 15:00:00,1656745200000,0.7620000000,0.7690000000,0.7610000000,0.7620000000,49044.2515850000,37503.1532669680,37503.1532669680,1,SRM-USDT
2022-07-02 16:00:00,1656748800000,0.7610000000,0.7700000000,0.7560000000,0.7560000000,106742.8080000000,81570.7745779010,81570.7745779010,1,SRM-USDT
2022-07-02 17:00:00,1656752400000,0.7570000000,0.7620000000,0.7510000000,0.7600000000,134577.2944280000,102055.0538211640,102055.0538211640,1,SRM-USDT
2022-07-02 18:00:00,1656756000000,0.7600000000,0.7650000000,0.7560000000,0.7650000000,20532.4225140000,15606.1136356460,15606.1136356460,1,SRM-USDT
2022-07-02 19:00:00,1656759600000,0.7650000000,0.7660000000,0.7610000000,0.7640000000,20840.6723170000,15909.7467940570,15909.7467940570,1,SRM-USDT
2022-07-02 20:00:00,1656763200000,0.7630000000,0.7680000000,0.7620000000,0.7680000000,37527.4407460000,28728.8704767430,28728.8704767430,1,SRM-USDT
2022-07-02 21:00:00,1656766800000,0.7680000000,0.7690000000,0.7610000000,0.7650000000,47562.5517170000,36378.7125587040,36378.7125587040,1,SRM-USDT
2022-07-02 22:00:00,1656770400000,0.7640000000,0.7670000000,0.7620000000,0.7640000000,14732.6493620000,11265.8200500540,11265.8200500540,1,SRM-USDT
2022-07-02 23:00:00,1656774000000,0.7650000000,0.7650000000,0.7590000000,0.7620000000,48497.9575160000,36901.4763357660,36901.4763357660,1,SRM-USDT
2022-07-03 00:00:00,1656777600000,0.7610000000,0.7700000000,0.7590000000,0.7700000000,31756.4900370000,24281.1422631100,24281.1422631100,1,SRM-USDT
2022-07-03 01:00:00,1656781200000,0.7710000000,0.7750000000,0.7700000000,0.7720000000,40020.5856910000,30886.3599830670,30886.3599830670,1,SRM-USDT
2022-07-03 02:00:00,1656784800000,0.7720000000,0.7810000000,0.7710000000,0.7760000000,51434.9720780000,39907.1550424300,39907.1550424300,1,SRM-USDT
2022-07-03 03:00:00,1656788400000,0.7760000000,0.7780000000,0.7700000000,0.7740000000,28471.6292040000,22017.8555756390,22017.8555756390,1,SRM-USDT
2022-07-03 04:00:00,1656792000000,0.7740000000,0.7770000000,0.7720000000,0.7760000000,19932.6464250000,15430.3769198220,15430.3769198220,1,SRM-USDT
2022-07-03 05:00:00,1656795600000,0.7750000000,0.7870000000,0.7750000000,0.7860000000,12998.4026500000,10151.7620873450,10151.7620873450,1,SRM-USDT
2022-07-03 06:00:00,1656799200000,0.7850000000,0.7990000000,0.7780000000,0.7810000000,70234.0918420000,55317.7307164660,55317.7307164660,1,SRM-USDT
2022-07-03 07:00:00,1656802800000,0.7800000000,0.7800000000,0.7730000000,0.7790000000,51262.3184400000,39843.2716088460,39843.2716088460,1,SRM-USDT
2022-07-03 08:00:00,1656806400000,0.7780000000,0.7850000000,0.7680000000,0.7780000000,73580.5259370000,57165.0116117270,57165.0116117270,1,SRM-USDT
2022-07-03 09:00:00,1656810000000,0.7780000000,0.7780000000,0.7620000000,0.7650000000,56048.1712250000,43156.9524818370,43156.9524818370,1,SRM-USDT
2022-07-03 10:00:00,1656813600000,0.7640000000,0.7760000000,0.7640000000,0.7710000000,74150.8895730000,57212.3408909600,57212.3408909600,1,SRM-USDT
2022-07-03 11:00:00,1656817200000,0.7700000000,0.7720000000,0.7690000000,0.7710000000,22397.4356110000,17255.0134891760,17255.0134891760,1,SRM-USDT
2022-07-03 12:00:00,1656820800000,0.7720000000,0.7760000000,0.7550000000,0.7710000000,64810.7955250000,49492.1959345410,49492.1959345410,1,SRM-USDT
2022-07-03 13:00:00,1656824400000,0.7730000000,0.7800000000,0.7620000000,0.7640000000,82972.8179660000,64070.1137688850,64070.1137688850,1,SRM-USDT
2022-07-03 14:00:00,1656828000000,0.7620000000,0.7660000000,0.7610000000,0.7650000000,10884.5868270000,8308.7791985030,8308.7791985030,1,SRM-USDT
2022-07-03 15:00:00,1656831600000,0.7660000000,0.7670000000,0.7640000000,0.7670000000,14105.1941230000,10787.5721500900,10787.5721500900,1,SRM-USDT
2022-07-03 16:00:00,1656835200000,0.7660000000,0.7670000000,0.7580000000,0.7600000000,19902.1584970000,15187.5986660760,15187.5986660760,1,SRM-USDT
2022-07-03 17:00:00,1656838800000,0.7600000000,0.7640000000,0.7580000000,0.7620000000,34177.9891700000,25985.2983945050,25985.2983945050,1,SRM-USDT
2022-07-03 18:00:00,1656842400000,0.7630000000,0.7670000000,0.7630000000,0.7650000000,6599.1846490000,5045.5413521950,5045.5413521950,1,SRM-USDT
2022-07-03 19:00:00,1656846000000,0.7650000000,0.7670000000,0.7630000000,0.7640000000,8634.6912760000,6610.0543957520,6610.0543957520,1,SRM-USDT
2022-07-03 20:00:00,1656849600000,0.7640000000,0.7690000000,0.7600000000,0.7620000000,10927.4476780000,8366.8212513750,8366.8212513750,1,SRM-USDT
2022-07-03 21:00:00,1656853200000,0.7640000000,0.7660000000,0.7540000000,0.7540000000,21617.5489130000,16385.1593930330,16385.1593930330,1,SRM-USDT
2022-07-03 22:00:00,1656856800000,0.7540000000,0.7630000000,0.7540000000,0.7590000000,17255.9906040000,13119.3459297290,13119.3459297290,1,SRM-USDT
2022-07-03 23:00:00,1656860400000,0.7600000000,0.7630000000,0.7580000000,0.7630000000,15445.2608050000,11757.3523513940,11757.3523513940,1,SRM-USDT
2022-07-04 00:00:00,1656864000000,0.7610000000,0.7660000000,0.7600000000,0.7630000000,9875.2288190000,7541.6486967740,7541.6486967740,1,SRM-USDT
2022-07-04 01:00:00,1656867600000,0.7640000000,0.7680000000,0.7620000000,0.7670000000,16090.6160070000,12280.0264608940,12280.0264608940,1,SRM-USDT
2022-07-04 02:00:00,1656871200000,0.7660000000,0.7670000000,0.7630000000,0.7640000000,25573.1778340000,19544.5187998350,19544.5187998350,1,SRM-USDT
2022-07-04 03:00:00,1656874800000,0.7640000000,0.7750000000,0.7640000000,0.7730000000,27737.2847520000,21364.7636830820,21364.7636830820,1,SRM-USDT
2022-07-04 04:00:00,1656878400000,0.7740000000,0.7770000000,0.7730000000,0.7770000000,21477.4665140000,16641.3519095270,16641.3519095270,1,SRM-USDT
2022-07-04 05:00:00,1656882000000,0.7760000000,0.7770000000,0.7710000000,0.7720000000,10753.7900970000,8323.1577464910,8323.1577464910,1,SRM-USDT
2022-07-04 06:00:00,1656885600000,0.7720000000,0.7770000000,0.7700000000,0.7730000000,17140.2654000000,13251.1739779630,13251.1739779630,1,SRM-USDT
2022-07-04 07:00:00,1656889200000,0.7720000000,0.7760000000,0.7690000000,0.7720000000,22480.2287000000,17356.5694532260,17356.5694532260,1,SRM-USDT
2022-07-04 08:00:00,1656892800000,0.7710000000,0.7970000000,0.7670000000,0.7810000000,125287.0349690000,97513.6581170160,97513.6581170160,1,SRM-USDT
2022-07-04 09:00:00,1656896400000,0.7800000000,0.7800000000,0.7680000000,0.7700000000,32783.6644400000,25294.3473524710,25294.3473524710,1,SRM-USDT
2022-07-04 10:00:00,1656900000000,0.7730000000,0.7730000000,0.7620000000,0.7620000000,25444.5700160000,19572.5246532080,19572.5246532080,1,SRM-USDT
2022-07-04 11:00:00,1656903600000,0.7610000000,0.7620000000,0.7580000000,0.7590000000,47397.1163850000,36030.6836272450,36030.6836272450,1,SRM-USDT
2022-07-04 12:00:00,1656907200000,0.7600000000,0.7640000000,0.7580000000,0.7630000000,8681.8492330000,6609.1916128970,6609.1916128970,1,SRM-USDT
2022-07-04 13:00:00,1656910800000,0.7620000000,0.7670000000,0.7620000000,0.7670000000,32418.9663090000,24776.3418815110,24776.3418815110,1,SRM-USDT
2022-07-04 14:00:00,1656914400000,0.7670000000,0.7700000000,0.7620000000,0.7620000000,17312.8495100000,13280.0337618200,13280.0337618200,1,SRM-USDT
2022-07-04 15:00:00,1656918000000,0.7620000000,0.7650000000,0.7620000000,0.7640000000,16157.0941860000,12324.3637223770,12324.3637223770,1,SRM-USDT
2022-07-04 16:00:00,1656921600000,0.7620000000,0.7680000000,0.7620000000,0.7660000000,17691.3508620000,13524.8781168030,13524.8781168030,1,SRM-USDT
2022-07-04 17:00:00,1656925200000,0.7650000000,0.7730000000,0.7650000000,0.7700000000,32474.4088880000,24954.6513161230,24954.6513161230,1,SRM-USDT
2022-07-04 18:00:00,1656928800000,0.7700000000,0.7740000000,0.7690000000,0.7730000000,29407.2261180000,22660.5907805310,22660.5907805310,1,SRM-USDT
2022-07-04 19:00:00,1656932400000,0.7720000000,0.7840000000,0.7680000000,0.7830000000,25813.8609350000,20020.7458966370,20020.7458966370,1,SRM-USDT
2022-07-04 20:00:00,1656936000000,0.7820000000,0.7850000000,0.7750000000,0.7780000000,36288.5465420000,28294.5466244460,28294.5466244460,1,SRM-USDT
2022-07-04 21:00:00,1656939600000,0.7770000000,0.7810000000,0.7670000000,0.7700000000,30909.7112360000,23909.2411266610,23909.2411266610,1,SRM-USDT
2022-07-04 22:00:00,1656943200000,0.7700000000,0.7780000000,0.7680000000,0.7710000000,45402.6470980000,35087.7264712290,35087.7264712290,1,SRM-USDT
2022-07-04 23:00:00,1656946800000,0.7690000000,0.7840000000,0.7280000000,0.7390000000,2184406.0699570002,1616964.8742971879,1616964.8742971879,1,SRM-USDT
2022-07-05 00:00:00,1656950400000,0.7370000000,0.7440000000,0.7330000000,0.7400000000,134855.6454670000,99683.1996520930,99683.1996520930,1,SRM-USDT
2022-07-05 01:00:00,1656954000000,0.7390000000,0.7530000000,0.7380000000,0.7500000000,109146.7774170000,81168.8260261510,81168.8260261510,1,SRM-USDT
2022-07-05 02:00:00,1656957600000,0.7490000000,0.7530000000,0.7440000000,0.7500000000,96712.7085050000,72285.3168854360,72285.3168854360,1,SRM-USDT
2022-07-05 03:00:00,1656961200000,0.7500000000,0.7510000000,0.7360000000,0.7470000000,182503.3006490000,135602.2588708130,135602.2588708130,1,SRM-USDT
2022-07-05 04:00:00,1656964800000,0.7460000000,0.7500000000,0.7400000000,0.7460000000,134980.9059440000,100537.9683596060,100537.9683596060,1,SRM-USDT
2022-07-05 05:00:00,1656968400000,0.7450000000,0.7560000000,0.7440000000,0.7550000000,134639.6818290000,101070.8062585700,101070.8062585700,1,SRM-USDT
2022-07-05 06:00:00,1656972000000,0.7530000000,0.7670000000,0.7490000000,0.7610000000,426009.5109120000,323141.1456333650,323141.1456333650,1,SRM-USDT
2022-07-05 07:00:00,1656975600000,0.7610000000,0.7680000000,0.7570000000,0.7670000000,259321.6685820000,197922.9353169020,197922.9353169020,1,SRM-USDT
2022-07-05 08:00:00,1656979200000,0.7650000000,0.7690000000,0.7550000000,0.7660000000,122212.6279620000,93331.4030128550,93331.4030128550,1,SRM-USDT
2022-07-05 09:00:00,1656982800000,0.7650000000,0.7680000000,0.7580000000,0.7650000000,57851.9046770000,44113.1961971570,44113.1961971570,1,SRM-USDT
2022-07-05 10:00:00,1656986400000,0.7640000000,0.7650000000,0.7490000000,0.7520000000,212125.7347770000,159912.7566971050,159912.7566971050,1,SRM-USDT
2022-07-05 11:00:00,1656990000000,0.7520000000,0.7590000000,0.7520000000,0.7580000000,37298.5024930000,28193.2804080970,28193.2804080970,1,SRM-USDT
2022-07-05 12:00:00,1656993600000,0.7580000000,0.7610000000,0.7540000000,0.7610000000,33868.1800190000,25641.6930934720,25641.6930934720,1,SRM-USDT
2022-07-05 13:00:00,1656997200000,0.7610000000,0.7680000000,0.7590000000,0.7640000000,46709.8101850000,35642.5120626880,35642.5120626880,1,SRM-USDT
2022-07-05 14:00:00,1657000800000,0.7620000000,0.7680000000,0.7620000000,0.7670000000,44593.0710730000,34088.1740346260,34088.1740346260,1,SRM-USDT
2022-07-05 15:00:00,1657004400000,0.7660000000,0.7670000000,0.7570000000,0.7610000000,41501.5006690000,31563.7381628310,31563.7381628310,1,SRM-USDT
2022-07-05 16:00:00,1657008000000,0.7610000000,0.7610000000,0.7420000000,0.7470000000,169264.0739630000,126604.1744703560,126604.1744703560,1,SRM-USDT
2022-07-05 17:00:00,1657011600000,0.7450000000,0.7480000000,0.7370000000,0.7400000000,100310.9633180000,74325.8068999800,74325.8068999800,1,SRM-USDT
2022-07-05 18:00:00,1657015200000,0.7410000000,0.7460000000,0.7380000000,0.7440000000,29276.5130240000,21744.0910235810,21744.0910235810,1,SRM-USDT
2022-07-05 19:00:00,1657018800000,0.7430000000,0.7470000000,0.7340000000,0.7370000000,56961.6893180000,42212.1856359520,42212.1856359520,1,SRM-USDT
2022-07-05 20:00:00,1657022400000,0.7380000000,0.7380000000,0.7300000000,0.7320000000,56977.3222100000,41783.7849847210,41783.7849847210,1,SRM-USDT
2022-07-05 21:00:00,1657026000000,0.7290000000,0.7380000000,0.7240000000,0.7330000000,80673.1920030000,58912.4811814320,58912.4811814320,1,SRM-USDT
2022-07-05 22:00:00,1657029600000,0.7320000000,0.7400000000,0.7300000000,0.7360000000,42003.4477540000,30916.1903476130,30916.1903476130,1,SRM-USDT
2022-07-05 23:00:00,1657033200000,0.7340000000,0.7380000000,0.7280000000,0.7360000000,57552.1596800000,42093.9557501870,42093.9557501870,1,SRM-USDT
2022-07-06 00:00:00,1657036800000,0.7360000000,0.7410000000,0.7340000000,0.7370000000,55902.4460400000,41159.6298217950,41159.6298217950,1,SRM-USDT
2022-07-06 01:00:00,1657040400000,0.7350000000,0.7420000000,0.7340000000,0.7410000000,28680.1175150000,21183.6966987860,21183.6966987860,1,SRM-USDT
2022-07-06 02:00:00,1657044000000,0.7400000000,0.7470000000,0.7340000000,0.7470000000,47749.6223370000,35321.6018935290,35321.6018935290,1,SRM-USDT
2022-07-06 03:00:00,1657047600000,0.7460000000,0.7560000000,0.7440000000,0.7500000000,55189.6211890000,41360.4105276110,41360.4105276110,1,SRM-USDT
2022-07-06 04:00:00,1657051200000,0.7500000000,0.7580000000,0.7490000000,0.7520000000,57718.2262050000,43523.6220540870,43523.6220540870,1,SRM-USDT
2022-07-06 05:00:00,1657054800000,0.7510000000,0.7550000000,0.7460000000,0.7530000000,40992.7570190000,30685.5711829210,30685.5711829210,1,SRM-USDT
2022-07-06 06:00:00,1657058400000,0.7520000000,0.7540000000,0.7460000000,0.7530000000,38836.5328880000,29122.2381146700,29122.2381146700,1,SRM-USDT
2022-07-06 07:00:00,1657062000000,0.7510000000,0.7530000000,0.7420000000,0.7480000000,50631.2673530000,37813.2830875210,37813.2830875210,1,SRM-USDT
2022-07-06 08:00:00,1657065600000,0.7460000000,0.7510000000,0.7390000000,0.7470000000,42659.7556920000,31815.6616112260,31815.6616112260,1,SRM-USDT
2022-07-06 09:00:00,1657069200000,0.7450000000,0.7490000000,0.7320000000,0.7350000000,54752.0185640000,40431.4880429080,40431.4880429080,1,SRM-USDT
2022-07-06 10:00:00,1657072800000,0.7320000000,0.7390000000,0.7320000000,0.7350000000,25186.9120430000,18486.7775449120,18486.7775449120,1,SRM-USDT
2022-07-06 11:00:00,1657076400000,0.7330000000,0.7400000000,0.7320000000,0.7370000000,36347.5538220000,26707.7476575950,26707.7476575950,1,SRM-USDT
2022-07-06 12:00:00,1657080000000,0.7380000000,0.7470000000,0.7370000000,0.7390000000,49324.1236760000,36650.8143813850,36650.8143813850,1,SRM-USDT
2022-07-06 13:00:00,1657083600000,0.7400000000,0.7430000000,0.7330000000,0.7360000000,48508.9390150000,35769.1392263680,35769.1392263680,1,SRM-USDT
2022-07-06 14:00:00,1657087200000,0.7360000000,0.7400000000,0.7320000000,0.7390000000,38498.3327220000,28327.7743371790,28327.7743371790,1,SRM-USDT
2022-07-06 15:00:00,1657090800000,0.7400000000,0.7450000000,0.7380000000,0.7400000000,33198.1075470000,24578.8027393460,24578.8027393460,1,SRM-USDT
2022-07-06 16:00:00,1657094400000,0.7400000000,0.7460000000,0.7360000000,0.7420000000,26420.2560240000,19597.1797579980,19597.1797579980,1,SRM-USDT
2022-07-06 17:00:00,1657098000000,0.7430000000,0.7490000000,0.7410000000,0.7480000000,37221.2849130000,27776.1955615940,27776.1955615940,1,SRM-USDT
2022-07-06 18:00:00,1657101600000,0.7460000000,0.7500000000,0.7420000000,0.7450000000,29384.2866220000,21878.2874224080,21878.2874224080,1,SRM-USDT
2022-07-06 19:00:00,1657105200000,0.7460000000,0.7460000000,0.7400000000,0.7430000000,36943.6686680000,27405.0804789600,27405.0804789600,1,SRM-USDT
2022-07-06 20:00:00,1657108800000,0.7410000000,0.7460000000,0.7380000000,0.7440000000,20760.7671340000,15404.5073449280,15404.5073449280,1,SRM-USDT
2022-07-06 21:00:00,1657112400000,0.7430000000,0.7510000000,0.7400000000,0.7440000000,46745.5974100000,34744.9975637490,34744.9975637490,1,SRM-USDT
2022-07-06 22:00:00,1657116000000,0.7430000000,0.7470000000,0.7400000000,0.7440000000,32080.4974570000,23830.3113534570,23830.3113534570,1,SRM-USDT
2022-07-06 23:00:00,1657119600000,0.7450000000,0.7450000000,0.7380000000,0.7440000000,29219.2208760000,21673.5561545270,21673.5561545270,1,SRM-USDT
2022-07-07 00:00:00,1657123200000,0.7420000000,0.7470000000,0.7420000000,0.7450000000,46784.7371920000,34849.3683407950,34849.3683407950,1,SRM-USDT
2022-07-07 01:00:00,1657126800000,0.7460000000,0.7470000000,0.7430000000,0.7460000000,42677.0489900000,31789.6758288120,31789.6758288120,1,SRM-USDT
2022-07-07 02:00:00,1657130400000,0.7440000000,0.7520000000,0.7410000000,0.7500000000,94490.5684720000,70619.6258808090,70619.6258808090,1,SRM-USDT
2022-07-07 03:00:00,1657134000000,0.7510000000,0.7570000000,0.7490000000,0.7510000000,81920.0227570000,61714.7243919260,61714.7243919260,1,SRM-USDT
2022-07-07 04:00:00,1657137600000,0.7520000000,0.7530000000,0.7450000000,0.7530000000,42329.5608840000,31729.2918869500,31729.2918869500,1,SRM-USDT
2022-07-07 05:00:00,1657141200000,0.7520000000,0.7530000000,0.7490000000,0.7510000000,25042.4159020000,18800.6555003490,18800.6555003490,1,SRM-USDT
2022-07-07 06:00:00,1657144800000,0.7520000000,0.7630000000,0.7500000000,0.7590000000,80241.2807680000,60783.0943744420,60783.0943744420,1,SRM-USDT
2022-07-07 07:00:00,1657148400000,0.7580000000,0.7640000000,0.7550000000,0.7560000000,66351.7902750000,50391.4143049360,50391.4143049360,1,SRM-USDT
2022-07-07 08:00:00,1657152000000,0.7560000000,0.7610000000,0.7540000000,0.7550000000,57250.5240240000,43372.8331778900,43372.8331778900,1,SRM-USDT
2022-07-07 09:00:00,1657155600000,0.7560000000,0.7590000000,0.7510000000,0.7570000000,43021.4940390000,32486.6613916920,32486.6613916920,1,SRM-USDT
2022-07-07 10:00:00,1657159200000,0.7580000000,0.7580000000,0.7510000000,0.7530000000,41215.7066490000,31088.5523983890,31088.5523983890,1,SRM-USDT
2022-07-07 11:00:00,1657162800000,0.7540000000,0.7570000000,0.7510000000,0.7560000000,40935.3176440000,30822.9421562850,30822.9421562850,1,SRM-USDT
2022-07-07 12:00:00,1657166400000,0.7570000000,0.7600000000,0.7550000000,0.7570000000,34548.5731640000,26159.5036258710,26159.5036258710,1,SRM-USDT
2022-07-07 13:00:00,1657170000000,0.7560000000,0.7590000000,0.7520000000,0.7530000000,23631.1532770000,17870.1944418740,17870.1944418740,1,SRM-USDT
2022-07-07 14:00:00,1657173600000,0.7520000000,0.7560000000,0.7510000000,0.7540000000,22276.0825600000,16774.4425963630,16774.4425963630,1,SRM-USDT
2022-07-07 15:00:00,1657177200000,0.7530000000,0.7580000000,0.7530000000,0.7570000000,21181.6963630000,16011.3739671550,16011.3739671550,1,SRM-USDT
2022-07-07 16:00:00,1657180800000,0.7570000000,0.7620000000,0.7560000000,0.7620000000,58766.7067830000,44572.7198018830,44572.7198018830,1,SRM-USDT
2022-07-07 17:00:00,1657184400000,0.7620000000,0.7630000000,0.7600000000,0.7630000000,7965.1230160000,6071.5785064440,6071.5785064440,1,SRM-USDT
2022-07-07 18:00:00,1657188000000,0.7620000000,0.7620000000,0.7540000000,0.7580000000,10511.3006800000,7957.2706977530,7957.2706977530,1,SRM-USDT
2022-07-07 19:00:00,1657191600000,0.7580000000,0.7600000000,0.7560000000,0.7580000000,38668.6933290000,29298.3187412530,29298.3187412530,1,SRM-USDT
2022-07-07 20:00:00,1657195200000,0.7580000000,0.7600000000,0.7550000000,0.7580000000,13484.7018110000,10221.2910891920,10221.2910891920,1,SRM-USDT
2022-07-07 21:00:00,1657198800000,0.7570000000,0.7640000000,0.7560000000,0.7630000000,33959.6437530000,25797.5677182480,25797.5677182480,1,SRM-USDT
2022-07-07 22:00:00,1657202400000,0.7620000000,0.7780000000,0.7610000000,0.7710000000,170642.5258580000,131559.4133854610,131559.4133854610,1,SRM-USDT
2022-07-07 23:00:00,1657206000000,0.7710000000,0.7740000000,0.7650000000,0.7690000000,20179.1993340000,15499.7112927570,15499.7112927570,1,SRM-USDT
2022-07-08 00:00:00,1657209600000,0.7690000000,0.7770000000,0.7680000000,0.7730000000,51267.7817360000,39613.7394119790,39613.7394119790,1,SRM-USDT
2022-07-08 01:00:00,1657213200000,0.7720000000,0.7720000000,0.7670000000,0.7680000000,18023.4122960000,13862.6865113070,13862.6865113070,1,SRM-USDT
2022-07-08 02:00:00,1657216800000,0.7690000000,0.7740000000,0.7680000000,0.7740000000,35920.9252680000,27747.0271728280,27747.0271728280,1,SRM-USDT
2022-07-08 03:00:00,1657220400000,0.7730000000,0.7790000000,0.7720000000,0.7770000000,20175.2849770000,15665.2738273940,15665.2738273940,1,SRM-USDT
2022-07-08 04:00:00,1657224000000,0.7780000000,0.7790000000,0.7700000000,0.7710000000,28308.9423760000,21903.3004815050,21903.3004815050,1,SRM-USDT
2022-07-08 05:00:00,1657227600000,0.7710000000,0.7730000000,0.7700000000,0.7730000000,7537.3497500000,5820.7991856930,5820.7991856930,1,SRM-USDT
2022-07-08 06:00:00,1657231200000,0.7730000000,0.7760000000,0.7680000000,0.7720000000,32361.5896140000,24941.2469866930,24941.2469866930,1,SRM-USDT
2022-07-08 07:00:00,1657234800000,0.7710000000,0.7770000000,0.7700000000,0.7740000000,18405.4098030000,14207.5963037950,14207.5963037950,1,SRM-USDT
2022-07-08 08:00:00,1657238400000,0.7730000000,0.7750000000,0.7690000000,0.7740000000,27676.6418210000,21369.2315788690,21369.2315788690,1,SRM-USDT
2022-07-08 09:00:00,1657242000000,0.7730000000,0.7920000000,0.7720000000,0.7840000000,133380.7202170000,104636.5735744840,104636.5735744840,1,SRM-USDT
2022-07-08 10:00:00,1657245600000,0.7840000000,0.7840000000,0.7760000000,0.7820000000,35370.6757350000,27575.8377168860,27575.8377168860,1,SRM-USDT
2022-07-08 11:00:00,1657249200000,0.7810000000,0.8230000000,0.7790000000,0.8230000000,401743.6809630000,324292.6333115520,324292.6333115520,1,SRM-USDT
2022-07-08 12:00:00,1657252800000,0.8220000000,0.8530000000,0.8200000000,0.8480000000,854851.5480909999,718700.2508639460,718700.2508639460,1,SRM-USDT
2022-07-08 13:00:00,1657256400000,0.8480000000,0.8500000000,0.8250000000,0.8400000000,550769.2185310000,461406.8666390820,461406.8666390820,1,SRM-USDT
2022-07-08 14:00:00,1657260000000,0.8410000000,0.9170000000,0.8380000000,0.8980000000,2208417.0237779999,1961678.9769641608,1961678.9769641608,1,SRM-USDT
2022-07-08 15:00:00,1657263600000,0.8990000000,0.9070000000,0.8860000000,0.8930000000,805915.1956760000,721992.9561236390,721992.9561236390,1,SRM-USDT
2022-07-08 16:00:00,1657267200000,0.8920000000,0.8970000000,0.8620000000,0.8640000000,827975.3354370000,724255.8180495680,724255.8180495680,1,SRM-USDT
2022-07-08 17:00:00,1657270800000,0.8640000000,0.8710000000,0.8540000000,0.8690000000,514353.4359850000,442624.3743740660,442624.3743740660,1,SRM-USDT
2022-07-08 18:00:00,1657274400000,0.8670000000,0.8820000000,0.8600000000,0.8730000000,306136.2734060000,266140.8517168800,266140.8517168800,1,SRM-USDT
2022-07-08 19:00:00,1657278000000,0.8720000000,0.8820000000,0.8640000000,0.8810000000,192640.6945770000,168006.7623393880,168006.7623393880,1,SRM-USDT
2022-07-08 20:00:00,1657281600000,0.8820000000,0.8900000000,0.8620000000,0.8710000000,443949.2536350000,388593.9800261470,388593.9800261470,1,SRM-USDT
2022-07-08 21:00:00,1657285200000,0.8710000000,0.8740000000,0.8490000000,0.8520000000,260589.1035800000,223986.9939850000,223986.9939850000,1,SRM-USDT
2022-07-08 22:00:00,1657288800000,0.8510000000,0.8630000000,0.8430000000,0.8620000000,212739.5025320000,181397.3444726600,181397.3444726600,1,SRM-USDT
2022-07-08 23:00:00,1657292400000,0.8620000000,0.8690000000,0.8540000000,0.8630000000,163673.3819000000,141200.1992269220,141200.1992269220,1,SRM-USDT
2022-07-09 00:00:00,1657296000000,0.8630000000,0.8750000000,0.8570000000,0.8680000000,120050.8904630000,103715.7080855860,103715.7080855860,1,SRM-USDT
2022-07-09 01:00:00,1657299600000,0.8690000000,0.8770000000,0.8630000000,0.8720000000,117396.3465870000,102026.0336307440,102026.0336307440,1,SRM-USDT
2022-07-09 02:00:00,1657303200000,0.8720000000,0.8770000000,0.8660000000,0.8690000000,76070.8910030000,66341.6788752050,66341.6788752050,1,SRM-USDT
2022-07-09 03:00:00,1657306800000,0.8700000000,0.8740000000,0.8670000000,0.8710000000,57167.4861220000,49764.0228620910,49764.0228620910,1,SRM-USDT
2022-07-09 04:00:00,1657310400000,0.8720000000,0.8850000000,0.8700000000,0.8840000000,67512.9543250000,59258.2424044150,59258.2424044150,1,SRM-USDT
2022-07-09 05:00:00,1657314000000,0.8830000000,0.8840000000,0.8680000000,0.8680000000,51989.6011580000,45639.7738182070,45639.7738182070,1,SRM-USDT
2022-07-09 06:00:00,1657317600000,0.8680000000,0.8750000000,0.8620000000,0.8680000000,96802.0417830000,84002.0462260260,84002.0462260260,1,SRM-USDT
2022-07-09 07:00:00,1657321200000,0.8700000000,0.8990000000,0.8690000000,0.8840000000,262454.9384570000,233494.2292989640,233494.2292989640,1,SRM-USDT
2022-07-09 08:00:00,1657324800000,0.8830000000,0.9000000000,0.8660000000,0.8730000000,343149.8468400000,301886.6707268270,301886.6707268270,1,SRM-USDT
2022-07-09 09:00:00,1657328400000,0.8720000000,0.8890000000,0.8720000000,0.8850000000,160390.7232180000,141540.3939256590,141540.3939256590,1,SRM-USDT
2022-07-09 10:00:00,1657332000000,0.8830000000,0.9270000000,0.8820000000,0.9250000000,579494.4590349999,529735.9287315221,529735.9287315221,1,SRM-USDT
2022-07-09 11:00:00,1657335600000,0.9260000000,0.9830000000,0.9160000000,0.9720000000,1712402.9233339999,1648248.0477578661,1648248.0477578661,1,SRM-USDT
2022-07-09 12:00:00,1657339200000,0.9720000000,0.9900000000,0.9640000000,0.9840000000,813573.5523970000,794009.1722705560,794009.1722705560,1,SRM-USDT
2022-07-09 13:00:00,1657342800000,0.9870000000,1.0140000000,0.9740000000,0.9750000000,1524308.9368670001,1517990.3836478931,1517990.3836478931,1,SRM-USDT
2022-07-09 14:00:00,1657346400000,0.9750000000,0.9870000000,0.9680000000,0.9740000000,329170.8517830000,321333.8920606420,321333.8920606420,1,SRM-USDT
2022-07-09 15:00:00,1657350000000,0.9740000000,1.0070000000,0.9500000000,0.9530000000,675222.1060570000,657000.9472418360,657000.9472418360,1,SRM-USDT
2022-07-09 16:00:00,1657353600000,0.9530000000,0.9610000000,0.9450000000,0.9500000000,244419.1862150000,232540.2688784440,232540.2688784440,1,SRM-USDT
2022-07-09 17:00:00,1657357200000,0.9510000000,0.9570000000,0.9460000000,0.9530000000,123762.5380040000,117812.9007234190,117812.9007234190,1,SRM-USDT
2022-07-09 18:00:00,1657360800000,0.9530000000,0.9670000000,0.9490000000,0.9590000000,164360.3920140000,157472.9921976540,157472.9921976540,1,SRM-USDT
2022-07-09 19:00:00,1657364400000,0.9570000000,0.9590000000,0.9360000000,0.9380000000,261175.3546900000,247749.3556370930,247749.3556370930,1,SRM-USDT
2022-07-09 20:00:00,1657368000000,0.9390000000,0.9480000000,0.9360000000,0.9410000000,86780.4571900000,81781.3312584770,81781.3312584770,1,SRM-USDT
2022-07-09 21:00:00,1657371600000,0.9400000000,0.9870000000,0.9390000000,0.9750000000,225888.9298300000,217326.8486354090,217326.8486354090,1,SRM-USDT
2022-07-09 22:00:00,1657375200000,0.9760000000,1.0200000000,0.9640000000,1.0120000000,826801.1443789999,821216.2247747011,821216.2247747011,1,SRM-USDT
2022-07-09 23:00:00,1657378800000,1.0110000000,1.0420000000,0.9990000000,1.0010000000,1688802.6478939999,1718239.2738059829,1718239.2738059829,1,SRM-USDT
2022-07-10 00:00:00,1657382400000,1.0000000000,1.0090000000,0.9960000000,1.0010000000,279757.5584590000,280315.9847761920,280315.9847761920,1,SRM-USDT
2022-07-10 01:00:00,1657386000000,1.0010000000,1.0180000000,0.9990000000,1.0130000000,168357.1758460000,169644.7361312110,169644.7361312110,1,SRM-USDT
2022-07-10 02:00:00,1657389600000,1.0130000000,1.0420000000,1.0060000000,1.0260000000,153485.5014700000,156597.5450299460,156597.5450299460,1,SRM-USDT
2022-07-10 03:00:00,1657393200000,1.0240000000,1.0330000000,1.0140000000,1.0240000000,197845.6326880000,202305.5033224030,202305.5033224030,1,SRM-USDT
2022-07-10 04:00:00,1657396800000,1.0250000000,1.0340000000,1.0180000000,1.0180000000,159140.9987030000,163153.2781591960,163153.2781591960,1,SRM-USDT
2022-07-10 05:00:00,1657400400000,1.0180000000,1.0230000000,1.0080000000,1.0080000000,62919.3414360000,63944.3499709190,63944.3499709190,1,SRM-USDT
2022-07-10 06:00:00,1657404000000,1.0080000000,1.0170000000,1.0000000000,1.0030000000,92964.3573210000,93596.7616473860,93596.7616473860,1,SRM-USDT
2022-07-10 07:00:00,1657407600000,1.0020000000,1.0080000000,0.9930000000,1.0000000000,155673.0266490000,155588.3004334090,155588.3004334090,1,SRM-USDT
2022-07-10 08:00:00,1657411200000,0.9970000000,0.9990000000,0.9810000000,0.9990000000,178566.3945980000,176755.7211822130,176755.7211822130,1,SRM-USDT
2022-07-10 09:00:00,1657414800000,0.9990000000,1.0310000000,0.9880000000,1.0170000000,428534.8904090000,436325.0094497070,436325.0094497070,1,SRM-USDT
2022-07-10 10:00:00,1657418400000,1.0160000000,1.0200000000,0.9880000000,0.9940000000,270154.8037560000,270321.3800474690,270321.3800474690,1,SRM-USDT
2022-07-10 11:00:00,1657422000000,0.9940000000,0.9980000000,0.9730000000,0.9770000000,257815.2430540000,253129.0798187430,253129.0798187430,1,SRM-USDT
2022-07-10 12:00:00,1657425600000,0.9760000000,0.9790000000,0.9650000000,0.9770000000,221620.2157910000,215237.3823508140,215237.3823508140,1,SRM-USDT
2022-07-10 13:00:00,1657429200000,0.9770000000,0.9830000000,0.9740000000,0.9810000000,51353.2635520000,50270.5507408950,50270.5507408950,1,SRM-USDT
2022-07-10 14:00:00,1657432800000,0.9820000000,0.9820000000,0.9750000000,0.9790000000,70457.7654840000,68956.1966315900,68956.1966315900,1,SRM-USDT
2022-07-10 15:00:00,1657436400000,0.9790000000,0.9900000000,0.9780000000,0.9870000000,75904.2706470000,74586.9034067540,74586.9034067540,1,SRM-USDT
2022-07-10 16:00:00,1657440000000,0.9860000000,1.0050000000,0.9820000000,0.9830000000,204023.2280550000,202290.3350480060,202290.3350480060,1,SRM-USDT
2022-07-10 17:00:00,1657443600000,0.9830000000,0.9850000000,0.9780000000,0.9820000000,73545.2602340000,72190.7872641210,72190.7872641210,1,SRM-USDT
2022-07-10 18:00:00,1657447200000,0.9820000000,0.9870000000,0.9770000000,0.9820000000,67025.1571490000,65806.9039131550,65806.9039131550,1,SRM-USDT
2022-07-10 19:00:00,1657450800000,0.9820000000,0.9930000000,0.9770000000,0.9910000000,88010.9604670000,86508.2059059190,86508.2059059190,1,SRM-USDT
2022-07-10 20:00:00,1657454400000,0.9900000000,1.0050000000,0.9900000000,0.9970000000,224379.2470030000,224117.7528651450,224117.7528651450,1,SRM-USDT
2022-07-10 21:00:00,1657458000000,0.9980000000,1.0000000000,0.9840000000,0.9870000000,161621.9843010000,160043.5603832710,160043.5603832710,1,SRM-USDT
2022-07-10 22:00:00,1657461600000,0.9870000000,0.9870000000,0.9540000000,0.9570000000,223316.8894850000,216722.4159107640,216722.4159107640,1,SRM-USDT
2022-07-10 23:00:00,1657465200000,0.9570000000,0.9660000000,0.9530000000,0.9600000000,175635.6356660000,168424.6345386860,168424.6345386860,1,SRM-USDT
2022-07-11 00:00:00,1657468800000,0.9590000000,0.9700000000,0.9510000000,0.9630000000,141458.3855550000,135517.4889687010,135517.4889687010,1,SRM-USDT
2022-07-11 01:00:00,1657472400000,0.9630000000,0.9770000000,0.9580000000,0.9660000000,100766.3210260000,97340.7690131080,97340.7690131080,1,SRM-USDT
2022-07-11 02:00:00,1657476000000,0.9660000000,0.9740000000,0.9640000000,0.9740000000,29522.9647920000,28544.1389287550,28544.1389287550,1,SRM-USDT
2022-07-11 03:00:00,1657479600000,0.9710000000,0.9780000000,0.9660000000,0.9780000000,77263.5423580000,74966.1701027410,74966.1701027410,1,SRM-USDT
2022-07-11 04:00:00,1657483200000,0.9780000000,0.9780000000,0.9700000000,0.9750000000,48976.8506170000,47724.4480048560,47724.4480048560,1,SRM-USDT
2022-07-11 05:00:00,1657486800000,0.9760000000,0.9860000000,0.9750000000,0.9820000000,60005.2683680000,58860.1011512690,58860.1011512690,1,SRM-USDT
2022-07-11 06:00:00,1657490400000,0.9830000000,0.9840000000,0.9750000000,0.9800000000,100593.0682000000,98553.5781596270,98553.5781596270,1,SRM-USDT
2022-07-11 07:00:00,1657494000000,0.9810000000,0.9830000000,0.9710000000,0.9810000000,74017.7504120000,72253.1229656290,72253.1229656290,1,SRM-USDT
2022-07-11 08:00:00,1657497600000,0.9810000000,0.9810000000,0.9550000000,0.9680000000,193953.7587560000,187156.0283699310,187156.0283699310,1,SRM-USDT
2022-07-11 09:00:00,1657501200000,0.9670000000,0.9690000000,0.9400000000,0.9410000000,108971.1059650000,103740.2083181350,103740.2083181350,1,SRM-USDT
2022-07-11 10:00:00,1657504800000,0.9410000000,0.9410000000,0.9310000000,0.9310000000,116312.4520410000,108717.5425321290,108717.5425321290,1,SRM-USDT
2022-07-11 11:00:00,1657508400000,0.9310000000,0.9470000000,0.9290000000,0.9420000000,120905.9314710000,113329.5532863590,113329.5532863590,1,SRM-USDT
2022-07-11 12:00:00,1657512000000,0.9420000000,0.9440000000,0.9340000000,0.9390000000,65566.2496420000,61541.4616687580,61541.4616687580,1,SRM-USDT
2022-07-11 13:00:00,1657515600000,0.9390000000,0.9430000000,0.9330000000,0.9340000000,50834.7484710000,47702.5911107690,47702.5911107690,1,SRM-USDT
2022-07-11 14:00:00,1657519200000,0.9340000000,0.9360000000,0.9220000000,0.9220000000,224599.3391580000,207868.1414281380,207868.1414281380,1,SRM-USDT
2022-07-11 15:00:00,1657522800000,0.9210000000,0.9290000000,0.9200000000,0.9270000000,88025.2387100000,81454.6826759040,81454.6826759040,1,SRM-USDT
2022-07-11 16:00:00,1657526400000,0.9260000000,0.9300000000,0.9220000000,0.9300000000,58970.4605170000,54664.1561305660,54664.1561305660,1,SRM-USDT
2022-07-11 17:00:00,1657530000000,0.9300000000,0.9360000000,0.9290000000,0.9300000000,55759.5564470000,51990.1339456590,51990.1339456590,1,SRM-USDT
2022-07-11 18:00:00,1657533600000,0.9300000000,0.9520000000,0.9260000000,0.9490000000,117527.0184020000,109957.4487256940,109957.4487256940,1,SRM-USDT
2022-07-11 19:00:00,1657537200000,0.9480000000,1.0390000000,0.9470000000,1.0280000000,1653093.4575230000,1659020.1224605441,1659020.1224605441,1,SRM-USDT
2022-07-11 20:00:00,1657540800000,1.0280000000,1.0300000000,0.9900000000,1.0050000000,365938.0309310000,367154.3759149470,367154.3759149470,1,SRM-USDT
2022-07-11 21:00:00,1657544400000,1.0050000000,1.0070000000,0.9850000000,0.9900000000,146394.6840830000,145603.3502114780,145603.3502114780,1,SRM-USDT
2022-07-11 22:00:00,1657548000000,0.9890000000,0.9980000000,0.9790000000,0.9890000000,104645.5521780000,103492.0482325380,103492.0482325380,1,SRM-USDT
2022-07-11 23:00:00,1657551600000,0.9890000000,1.0060000000,0.9870000000,1.0010000000,226579.8451820000,226307.3307836580,226307.3307836580,1,SRM-USDT
2022-07-12 00:00:00,1657555200000,1.0010000000,1.0020000000,0.9900000000,0.9930000000,55947.4236480000,55669.7260478950,55669.7260478950,1,SRM-USDT
2022-07-12 01:00:00,1657558800000,0.9940000000,1.0160000000,0.9930000000,1.0120000000,124145.7429520000,125284.4585473480,125284.4585473480,1,SRM-USDT
2022-07-12 02:00:00,1657562400000,1.0120000000,1.0130000000,1.0040000000,1.0100000000,72175.3215670000,72775.7528641490,72775.7528641490,1,SRM-USDT
2022-07-12 03:00:00,1657566000000,1.0100000000,1.0110000000,1.0040000000,1.0060000000,47697.9291580000,48000.7815815000,48000.7815815000,1,SRM-USDT
2022-07-12 04:00:00,1657569600000,1.0070000000,1.0130000000,0.9970000000,1.0000000000,63724.9569340000,64089.1983564440,64089.1983564440,1,SRM-USDT
2022-07-12 05:00:00,1657573200000,1.0010000000,1.0070000000,0.9920000000,1.0020000000,52084.1841110000,52103.3234152580,52103.3234152580,1,SRM-USDT
2022-07-12 06:00:00,1657576800000,0.9990000000,1.0000000000,0.9610000000,0.9670000000,156530.8100130000,152653.8572870530,152653.8572870530,1,SRM-USDT
2022-07-12 07:00:00,1657580400000,0.9650000000,0.9660000000,0.9330000000,0.9370000000,260865.5732900000,247934.2310131160,247934.2310131160,1,SRM-USDT
2022-07-12 08:00:00,1657584000000,0.9380000000,0.9470000000,0.9300000000,0.9380000000,190676.9128340000,178698.8262361620,178698.8262361620,1,SRM-USDT
2022-07-12 09:00:00,1657587600000,0.9380000000,0.9620000000,0.9370000000,0.9530000000,69569.2174130000,66235.7482259710,66235.7482259710,1,SRM-USDT
2022-07-12 10:00:00,1657591200000,0.9510000000,0.9580000000,0.9490000000,0.9570000000,48119.5017770000,45876.5061312840,45876.5061312840,1,SRM-USDT
2022-07-12 11:00:00,1657594800000,0.9560000000,0.9570000000,0.9460000000,0.9490000000,44497.9966570000,42281.6779556230,42281.6779556230,1,SRM-USDT
2022-07-12 12:00:00,1657598400000,0.9470000000,0.9680000000,0.9460000000,0.9680000000,34164.5203960000,32625.7774903800,32625.7774903800,1,SRM-USDT
2022-07-12 13:00:00,1657602000000,0.9650000000,0.9810000000,0.9650000000,0.9700000000,84954.6215050000,82851.7483561150,82851.7483561150,1,SRM-USDT
2022-07-12 14:00:00,1657605600000,0.9690000000,0.9760000000,0.9590000000,0.9690000000,87922.2792750000,84981.6322150960,84981.6322150960,1,SRM-USDT
2022-07-12 15:00:00,1657609200000,0.9680000000,0.9730000000,0.9510000000,0.9690000000,132982.6235530000,127828.1862267870,127828.1862267870,1,SRM-USDT
2022-07-12 16:00:00,1657612800000,0.9690000000,1.0000000000,0.9660000000,0.9960000000,373292.0305380000,367698.8472685230,367698.8472685230,1,SRM-USDT
2022-07-12 17:00:00,1657616400000,0.9960000000,0.9990000000,0.9740000000,0.9750000000,223802.3330050000,220968.3652703900,220968.3652703900,1,SRM-USDT
2022-07-12 18:00:00,1657620000000,0.9730000000,0.9920000000,0.9730000000,0.9850000000,86740.3618290000,85318.7146100250,85318.7146100250,1,SRM-USDT
2022-07-12 19:00:00,1657623600000,0.9850000000,1.0000000000,0.9850000000,0.9890000000,124454.6048680000,123631.3605065020,123631.3605065020,1,SRM-USDT
2022-07-12 20:00:00,1657627200000,0.9890000000,1.0030000000,0.9880000000,1.0000000000,80651.0768990000,80070.1012861910,80070.1012861910,1,SRM-USDT
2022-07-12 21:00:00,1657630800000,1.0020000000,1.0030000000,0.9840000000,0.9860000000,107870.6173140000,107010.1671836110,107010.1671836110,1,SRM-USDT
2022-07-12 22:00:00,1657634400000,0.9850000000,0.9940000000,0.9810000000,0.9940000000,56861.1546820000,56128.9734637560,56128.9734637560,1,SRM-USDT
2022-07-12 23:00:00,1657638000000,0.9940000000,0.9980000000,0.9860000000,0.9900000000,53330.6703300000,52890.6513225200,52890.6513225200,1,SRM-USDT
2022-07-13 00:00:00,1657641600000,0.9900000000,0.9950000000,0.9860000000,0.9870000000,51643.4278450000,51145.2654161100,51145.2654161100,1,SRM-USDT
2022-07-13 01:00:00,1657645200000,0.9870000000,0.9890000000,0.9800000000,0.9850000000,65528.2127510000,64593.7759055850,64593.7759055850,1,SRM-USDT
2022-07-13 02:00:00,1657648800000,0.9870000000,0.9960000000,0.9780000000,0.9900000000,104644.2121950000,103377.8661533490,103377.8661533490,1,SRM-USDT
2022-07-13 03:00:00,1657652400000,0.9880000000,0.9900000000,0.9710000000,0.9840000000,142413.6168480000,139883.6524815250,139883.6524815250,1,SRM-USDT
2022-07-13 04:00:00,1657656000000,0.9820000000,0.9850000000,0.9750000000,0.9790000000,45048.6495070000,44111.6916496950,44111.6916496950,1,SRM-USDT
2022-07-13 05:00:00,1657659600000,0.9770000000,0.9890000000,0.9760000000,0.9820000000,27467.8736760000,26956.7209772720,26956.7209772720,1,SRM-USDT
2022-07-13 06:00:00,1657663200000,0.9800000000,0.9960000000,0.9790000000,0.9820000000,59849.3284950000,58896.1797544830,58896.1797544830,1,SRM-USDT
2022-07-13 07:00:00,1657666800000,0.9820000000,0.9880000000,0.9680000000,0.9730000000,120782.0737610000,118192.5103389910,118192.5103389910,1,SRM-USDT
2022-07-13 08:00:00,1657670400000,0.9740000000,0.9810000000,0.9610000000,0.9780000000,169154.1268730000,164246.1631966420,164246.1631966420,1,SRM-USDT
2022-07-13 09:00:00,1657674000000,0.9780000000,1.0170000000,0.9750000000,1.0100000000,332369.6449120000,330789.3660471670,330789.3660471670,1,SRM-USDT
2022-07-13 10:00:00,1657677600000,1.0120000000,1.0280000000,1.0100000000,1.0240000000,377054.1110880000,384608.1477252910,384608.1477252910,1,SRM-USDT
2022-07-13 11:00:00,1657681200000,1.0240000000,1.0330000000,1.0120000000,1.0160000000,203003.9556480000,207389.4395368620,207389.4395368620,1,SRM-USDT
2022-07-13 12:00:00,1657684800000,1.0170000000,1.0300000000,1.0130000000,1.0150000000,147873.6077050000,151231.8430356890,151231.8430356890,1,SRM-USDT
2022-07-13 13:00:00,1657688400000,1.0160000000,1.0220000000,1.0050000000,1.0160000000,81892.1853690000,82969.1622501360,82969.1622501360,1,SRM-USDT
2022-07-13 14:00:00,1657692000000,1.0160000000,1.0190000000,1.0090000000,1.0170000000,60146.6183150000,61005.1950300200,61005.1950300200,1,SRM-USDT
2022-07-13 15:00:00,1657695600000,1.0160000000,1.0760000000,1.0130000000,1.0540000000,335391.4891350000,350325.7534784010,350325.7534784010,1,SRM-USDT
2022-07-13 16:00:00,1657699200000,1.0540000000,1.0690000000,1.0460000000,1.0490000000,278071.0868950000,293734.9742929440,293734.9742929440,1,SRM-USDT
2022-07-13 17:00:00,1657702800000,1.0490000000,1.0530000000,1.0370000000,1.0390000000,201187.4118780000,209938.6922159160,209938.6922159160,1,SRM-USDT
2022-07-13 18:00:00,1657706400000,1.0390000000,1.0440000000,1.0340000000,1.0420000000,109445.5274500000,113481.4062088020,113481.4062088020,1,SRM-USDT
2022-07-13 19:00:00,1657710000000,1.0410000000,1.0590000000,1.0390000000,1.0550000000,102714.0957830000,107514.5323357980,107514.5323357980,1,SRM-USDT
2022-07-13 20:00:00,1657713600000,1.0520000000,1.0640000000,0.9920000000,1.0190000000,522213.1739520000,534331.7054230400,534331.7054230400,1,SRM-USDT
2022-07-13 21:00:00,1657717200000,1.0200000000,1.0270000000,0.9960000000,1.0240000000,302366.8397680000,306040.9058383510,306040.9058383510,1,SRM-USDT
2022-07-13 22:00:00,1657720800000,1.0210000000,1.0410000000,1.0120000000,1.0390000000,232472.2476760000,239059.4601764820,239059.4601764820,1,SRM-USDT
2022-07-13 23:00:00,1657724400000,1.0390000000,1.0540000000,1.0330000000,1.0340000000,173872.7161060000,181217.0042267110,181217.0042267110,1,SRM-USDT
2022-07-14 00:00:00,1657728000000,1.0350000000,1.0520000000,1.0220000000,1.0490000000,199113.6027930000,206360.5868277270,206360.5868277270,1,SRM-USDT
2022-07-14 01:00:00,1657731600000,1.0490000000,1.0870000000,1.0490000000,1.0690000000,293094.3833330000,313666.3937206510,313666.3937206510,1,SRM-USDT
2022-07-14 02:00:00,1657735200000,1.0690000000,1.0750000000,1.0620000000,1.0710000000,105080.5542430000,112326.3540408250,112326.3540408250,1,SRM-USDT
2022-07-14 03:00:00,1657738800000,1.0700000000,1.0710000000,1.0510000000,1.0560000000,81131.1608090000,86099.4283536630,86099.4283536630,1,SRM-USDT
2022-07-14 04:00:00,1657742400000,1.0580000000,1.0650000000,1.0490000000,1.0520000000,53830.1540130000,56749.0284144150,56749.0284144150,1,SRM-USDT
2022-07-14 05:00:00,1657746000000,1.0510000000,1.0730000000,1.0500000000,1.0710000000,30734.4146230000,32651.6108684200,32651.6108684200,1,SRM-USDT
2022-07-14 06:00:00,1657749600000,1.0710000000,1.1100000000,1.0710000000,1.0770000000,188442.3791280000,204493.5630979660,204493.5630979660,1,SRM-USDT
2022-07-14 07:00:00,1657753200000,1.0740000000,1.1160000000,1.0740000000,1.1040000000,270078.2590210000,297090.5374786460,297090.5374786460,1,SRM-USDT
2022-07-14 08:00:00,1657756800000,1.1040000000,1.1160000000,1.0870000000,1.1020000000,214010.9652940000,235869.1772127340,235869.1772127340,1,SRM-USDT
2022-07-14 09:00:00,1657760400000,1.1000000000,1.1010000000,1.0780000000,1.0810000000,118257.1243370000,128591.4344113620,128591.4344113620,1,SRM-USDT
2022-07-14 10:00:00,1657764000000,1.0800000000,1.0810000000,1.0610000000,1.0640000000,118047.0969980000,126133.3820172500,126133.3820172500,1,SRM-USDT
2022-07-14 11:00:00,1657767600000,1.0650000000,1.0690000000,1.0610000000,1.0640000000,40841.0816650000,43505.7638539600,43505.7638539600,1,SRM-USDT
2022-07-14 12:00:00,1657771200000,1.0620000000,1.0660000000,1.0470000000,1.0530000000,118951.3691600000,125274.3897211810,125274.3897211810,1,SRM-USDT
2022-07-14 13:00:00,1657774800000,1.0540000000,1.0640000000,1.0510000000,1.0580000000,41753.9455770000,44222.4946867850,44222.4946867850,1,SRM-USDT
2022-07-14 14:00:00,1657778400000,1.0570000000,1.0590000000,1.0420000000,1.0530000000,167675.5537490000,176341.0723762550,176341.0723762550,1,SRM-USDT
2022-07-14 15:00:00,1657782000000,1.0520000000,1.0550000000,1.0350000000,1.0380000000,148534.1376450000,155523.9261456510,155523.9261456510,1,SRM-USDT
2022-07-14 16:00:00,1657785600000,1.0370000000,1.0420000000,1.0320000000,1.0350000000,81294.5698420000,84355.7288756370,84355.7288756370,1,SRM-USDT
2022-07-14 17:00:00,1657789200000,1.0340000000,1.0470000000,1.0330000000,1.0470000000,27627.6574910000,28695.1445985400,28695.1445985400,1,SRM-USDT
2022-07-14 18:00:00,1657792800000,1.0460000000,1.0510000000,1.0400000000,1.0440000000,67000.1136820000,69952.0949234610,69952.0949234610,1,SRM-USDT
2022-07-14 19:00:00,1657796400000,1.0430000000,1.0460000000,1.0280000000,1.0410000000,69151.0003950000,71622.2261046220,71622.2261046220,1,SRM-USDT
2022-07-14 20:00:00,1657800000000,1.0390000000,1.0460000000,1.0280000000,1.0440000000,75123.8239820000,77914.3943868970,77914.3943868970,1,SRM-USDT
2022-07-14 21:00:00,1657803600000,1.0410000000,1.0450000000,1.0240000000,1.0300000000,65701.9683430000,67838.2817909880,67838.2817909880,1,SRM-USDT
2022-07-14 22:00:00,1657807200000,1.0280000000,1.0380000000,1.0190000000,1.0340000000,102761.7158280000,105456.8993796020,105456.8993796020,1,SRM-USDT
2022-07-14 23:00:00,1657810800000,1.0330000000,1.0600000000,1.0330000000,1.0520000000,231592.3523130000,242226.9739499800,242226.9739499800,1,SRM-USDT
2022-07-15 00:00:00,1657814400000,1.0530000000,1.0570000000,1.0300000000,1.0340000000,135033.4405020000,140507.6140604250,140507.6140604250,1,SRM-USDT
2022-07-15 01:00:00,1657818000000,1.0330000000,1.0710000000,1.0300000000,1.0690000000,139340.8601230000,146402.2595423850,146402.2595423850,1,SRM-USDT
2022-07-15 02:00:00,1657821600000,1.0670000000,1.0700000000,1.0580000000,1.0620000000,45706.2556680000,48567.6660638150,48567.6660638150,1,SRM-USDT
2022-07-15 03:00:00,1657825200000,1.0610000000,1.0630000000,1.0440000000,1.0480000000,132117.3203760000,138667.4895016050,138667.4895016050,1,SRM-USDT
2022-07-15 04:00:00,1657828800000,1.0480000000,1.0530000000,1.0430000000,1.0510000000,80816.8406360000,84634.4475963340,84634.4475963340,1,SRM-USDT
2022-07-15 05:00:00,1657832400000,1.0520000000,1.0520000000,1.0440000000,1.0460000000,57643.9624180000,60443.7069747990,60443.7069747990,1,SRM-USDT
2022-07-15 06:00:00,1657836000000,1.0460000000,1.0700000000,1.0450000000,1.0680000000,61538.5646900000,65307.7996681140,65307.7996681140,1,SRM-USDT
2022-07-15 07:00:00,1657839600000,1.0660000000,1.0810000000,1.0580000000,1.0740000000,101197.6728970000,108290.2395082920,108290.2395082920,1,SRM-USDT
2022-07-15 08:00:00,1657843200000,1.0730000000,1.0740000000,1.0480000000,1.0510000000,89292.1602460000,94550.7179990220,94550.7179990220,1,SRM-USDT
2022-07-15 09:00:00,1657846800000,1.0510000000,1.1030000000,1.0490000000,1.1020000000,163663.2923560000,175464.7753405050,175464.7753405050,1,SRM-USDT
2022-07-15 10:00:00,1657850400000,1.1020000000,1.1050000000,1.0690000000,1.0730000000,89189.4261350000,96504.7785305820,96504.7785305820,1,SRM-USDT
2022-07-15 11:00:00,1657854000000,1.0730000000,1.1050000000,1.0700000000,1.0990000000,112162.7742950000,121854.9670490220,121854.9670490220,1,SRM-USDT
2022-07-15 12:00:00,1657857600000,1.0980000000,1.1100000000,1.0840000000,1.0840000000,158987.9604380000,174356.2667692470,174356.2667692470,1,SRM-USDT
2022-07-15 13:00:00,1657861200000,1.0850000000,1.0870000000,1.0700000000,1.0860000000,74265.6934810000,80195.5624214240,80195.5624214240,1,SRM-USDT
2022-07-15 14:00:00,1657864800000,1.0850000000,1.0890000000,1.0710000000,1.0730000000,49514.2765250000,53401.8559679760,53401.8559679760,1,SRM-USDT
2022-07-15 15:00:00,1657868400000,1.0730000000,1.0840000000,1.0700000000,1.0820000000,66572.9985640000,71912.7467936510,71912.7467936510,1,SRM-USDT
2022-07-15 16:00:00,1657872000000,1.0810000000,1.0990000000,1.0710000000,1.0900000000,90528.1752450000,98100.5163645870,98100.5163645870,1,SRM-USDT
2022-07-15 17:00:00,1657875600000,1.0900000000,1.0990000000,1.0830000000,1.0860000000,80628.4152310000,88020.9000392330,88020.9000392330,1,SRM-USDT
2022-07-15 18:00:00,1657879200000,1.0870000000,1.0880000000,1.0740000000,1.0770000000,33042.9270310000,35644.2379366260,35644.2379366260,1,SRM-USDT
2022-07-15 19:00:00,1657882800000,1.0750000000,1.0780000000,1.0610000000,1.0620000000,82030.9478140000,87751.3728762030,87751.3728762030,1,SRM-USDT
2022-07-15 20:00:00,1657886400000,1.0610000000,1.0790000000,1.0610000000,1.0750000000,32293.5952240000,34526.3499386600,34526.3499386600,1,SRM-USDT
2022-07-15 21:00:00,1657890000000,1.0740000000,1.0770000000,1.0560000000,1.0620000000,33767.0210100000,35937.9780987040,35937.9780987040,1,SRM-USDT
2022-07-15 22:00:00,1657893600000,1.0620000000,1.0680000000,1.0580000000,1.0600000000,30018.7132230000,31922.9203699980,31922.9203699980,1,SRM-USDT
2022-07-15 23:00:00,1657897200000,1.0590000000,1.0640000000,1.0470000000,1.0480000000,23958.2939490000,25296.5446728990,25296.5446728990,1,SRM-USDT
2022-07-16 00:00:00,1657900800000,1.0460000000,1.0480000000,1.0340000000,1.0430000000,51177.3522020000,53301.3943330530,53301.3943330530,1,SRM-USDT
2022-07-16 01:00:00,1657904400000,1.0420000000,1.0550000000,1.0410000000,1.0460000000,63064.4442900000,66121.1003763670,66121.1003763670,1,SRM-USDT
2022-07-16 02:00:00,1657908000000,1.0460000000,1.0630000000,1.0450000000,1.0600000000,61469.5065020000,64899.5532594850,64899.5532594850,1,SRM-USDT
2022-07-16 03:00:00,1657911600000,1.0610000000,1.0740000000,1.0550000000,1.0740000000,53722.5126420000,57223.6376963440,57223.6376963440,1,SRM-USDT
2022-07-16 04:00:00,1657915200000,1.0730000000,1.0760000000,1.0550000000,1.0580000000,43369.9813660000,46230.8786343300,46230.8786343300,1,SRM-USDT
2022-07-16 05:00:00,1657918800000,1.0580000000,1.0680000000,1.0540000000,1.0680000000,15229.8270890000,16124.7584200710,16124.7584200710,1,SRM-USDT
2022-07-16 06:00:00,1657922400000,1.0690000000,1.0700000000,1.0610000000,1.0640000000,31894.0907590000,33928.9572703170,33928.9572703170,1,SRM-USDT
2022-07-16 07:00:00,1657926000000,1.0630000000,1.0670000000,1.0470000000,1.0510000000,85991.4286120000,90421.7553936710,90421.7553936710,1,SRM-USDT
2022-07-16 08:00:00,1657929600000,1.0510000000,1.0680000000,1.0480000000,1.0630000000,84409.7998620000,89411.5559232880,89411.5559232880,1,SRM-USDT
2022-07-16 09:00:00,1657933200000,1.0610000000,1.0820000000,1.0600000000,1.0780000000,38569.1561500000,41313.6213619350,41313.6213619350,1,SRM-USDT
2022-07-16 10:00:00,1657936800000,1.0760000000,1.0910000000,1.0750000000,1.0890000000,27309.9924480000,29571.4682916460,29571.4682916460,1,SRM-USDT
2022-07-16 11:00:00,1657940400000,1.0870000000,1.0900000000,1.0780000000,1.0840000000,50051.3657390000,54213.8240627780,54213.8240627780,1,SRM-USDT
2022-07-16 12:00:00,1657944000000,1.0840000000,1.1060000000,1.0810000000,1.1000000000,40068.2554510000,43934.1190637620,43934.1190637620,1,SRM-USDT
2022-07-16 13:00:00,1657947600000,1.1000000000,1.1170000000,1.0990000000,1.1020000000,145244.5933430000,161094.9601752860,161094.9601752860,1,SRM-USDT
2022-07-16 14:00:00,1657951200000,1.1030000000,1.1100000000,1.0940000000,1.0990000000,97737.2602580000,107639.4823497880,107639.4823497880,1,SRM-USDT
2022-07-16 15:00:00,1657954800000,1.1010000000,1.1350000000,1.0980000000,1.1190000000,229145.1664460000,256478.9522419420,256478.9522419420,1,SRM-USDT
2022-07-16 16:00:00,1657958400000,1.1180000000,1.1460000000,1.1170000000,1.1320000000,238661.8096450000,271010.0405832690,271010.0405832690,1,SRM-USDT
2022-07-16 17:00:00,1657962000000,1.1310000000,1.1350000000,1.1240000000,1.1260000000,91288.0670390000,103042.0274754840,103042.0274754840,1,SRM-USDT
2022-07-16 18:00:00,1657965600000,1.1270000000,1.1420000000,1.1270000000,1.1360000000,89146.2861960000,101011.2398675030,101011.2398675030,1,SRM-USDT
2022-07-16 19:00:00,1657969200000,1.1350000000,1.1540000000,1.1340000000,1.1440000000,136556.2269680000,156475.7371929860,156475.7371929860,1,SRM-USDT
2022-07-16 20:00:00,1657972800000,1.1440000000,1.1440000000,1.1280000000,1.1360000000,63699.4321110000,72379.2433738860,72379.2433738860,1,SRM-USDT
2022-07-16 21:00:00,1657976400000,1.1350000000,1.1390000000,1.1250000000,1.1320000000,53333.9050740000,60280.2445059210,60280.2445059210,1,SRM-USDT
2022-07-16 22:00:00,1657980000000,1.1310000000,1.1340000000,1.1260000000,1.1290000000,36099.2952680000,40768.5901202840,40768.5901202840,1,SRM-USDT
2022-07-16 23:00:00,1657983600000,1.1290000000,1.1390000000,1.1280000000,1.1360000000,81180.5311350000,92103.8371529610,92103.8371529610,1,SRM-USDT
2022-07-17 00:00:00,1657987200000,1.1380000000,1.1690000000,1.1330000000,1.1380000000,299280.9957400000,343861.6334850480,343861.6334850480,1,SRM-USDT
2022-07-17 01:00:00,1657990800000,1.1370000000,1.1410000000,1.1180000000,1.1180000000,182357.8808190000,205369.7391868350,205369.7391868350,1,SRM-USDT
2022-07-17 02:00:00,1657994400000,1.1200000000,1.1270000000,1.1160000000,1.1250000000,34449.0084330000,38663.4729787100,38663.4729787100,1,SRM-USDT
2022-07-17 03:00:00,1657998000000,1.1250000000,1.1280000000,1.1110000000,1.1160000000,61566.1802290000,68894.1412542370,68894.1412542370,1,SRM-USDT
2022-07-17 04:00:00,1658001600000,1.1150000000,1.1180000000,1.1030000000,1.1140000000,22588.3496180000,25068.9739640410,25068.9739640410,1,SRM-USDT
2022-07-17 05:00:00,1658005200000,1.1140000000,1.1170000000,1.1050000000,1.1070000000,9933.2491390000,11043.3353126110,11043.3353126110,1,SRM-USDT
2022-07-17 06:00:00,1658008800000,1.1070000000,1.1200000000,1.1060000000,1.1180000000,26583.0544590000,29555.5387929650,29555.5387929650,1,SRM-USDT
2022-07-17 07:00:00,1658012400000,1.1190000000,1.1190000000,1.1110000000,1.1150000000,35767.6879030000,39849.4375935330,39849.4375935330,1,SRM-USDT
2022-07-17 08:00:00,1658016000000,1.1140000000,1.1310000000,1.1050000000,1.1100000000,83097.6146200000,92803.9290968360,92803.9290968360,1,SRM-USDT
2022-07-17 09:00:00,1658019600000,1.1100000000,1.1130000000,1.0830000000,1.0870000000,78598.0251290000,85988.6593870340,85988.6593870340,1,SRM-USDT
2022-07-17 10:00:00,1658023200000,1.0880000000,1.0970000000,1.0850000000,1.0950000000,16787.3160600000,18316.8918616020,18316.8918616020,1,SRM-USDT
2022-07-17 11:00:00,1658026800000,1.0940000000,1.1020000000,1.0920000000,1.0940000000,32071.1164410000,35163.3899776700,35163.3899776700,1,SRM-USDT
2022-07-17 12:00:00,1658030400000,1.0930000000,1.0980000000,1.0900000000,1.0920000000,25273.6930930000,27669.0241542890,27669.0241542890,1,SRM-USDT
2022-07-17 13:00:00,1658034000000,1.0930000000,1.1050000000,1.0880000000,1.0890000000,59016.1869300000,64692.7941804370,64692.7941804370,1,SRM-USDT
2022-07-17 14:00:00,1658037600000,1.0900000000,1.1140000000,1.0890000000,1.1140000000,43643.6153320000,48185.3107577070,48185.3107577070,1,SRM-USDT
2022-07-17 15:00:00,1658041200000,1.1120000000,1.1190000000,1.0970000000,1.0970000000,54049.6921500000,59901.2862074410,59901.2862074410,1,SRM-USDT
2022-07-17 16:00:00,1658044800000,1.0960000000,1.0990000000,1.0890000000,1.0970000000,43032.7307400000,47019.7451343350,47019.7451343350,1,SRM-USDT
2022-07-17 17:00:00,1658048400000,1.0970000000,1.1020000000,1.0840000000,1.0870000000,63189.6155900000,68859.1712320460,68859.1712320460,1,SRM-USDT
2022-07-17 18:00:00,1658052000000,1.0860000000,1.0880000000,1.0690000000,1.0790000000,64379.9989940000,69245.9781066910,69245.9781066910,1,SRM-USDT
2022-07-17 19:00:00,1658055600000,1.0790000000,1.0810000000,1.0680000000,1.0750000000,29686.4296660000,31883.6435937680,31883.6435937680,1,SRM-USDT
2022-07-17 20:00:00,1658059200000,1.0740000000,1.0770000000,1.0660000000,1.0670000000,25987.1188230000,27886.9300892890,27886.9300892890,1,SRM-USDT
2022-07-17 21:00:00,1658062800000,1.0670000000,1.0670000000,1.0450000000,1.0520000000,96746.7747370000,101927.5906100030,101927.5906100030,1,SRM-USDT
2022-07-17 22:00:00,1658066400000,1.0510000000,1.0630000000,1.0510000000,1.0570000000,44739.7051150000,47395.3783459940,47395.3783459940,1,SRM-USDT
2022-07-17 23:00:00,1658070000000,1.0570000000,1.0610000000,1.0530000000,1.0550000000,24861.5310780000,26272.5326314280,26272.5326314280,1,SRM-USDT
2022-07-18 00:00:00,1658073600000,1.0550000000,1.0610000000,1.0440000000,1.0510000000,62100.1092160000,65242.8831311140,65242.8831311140,1,SRM-USDT
2022-07-18 01:00:00,1658077200000,1.0500000000,1.0670000000,1.0360000000,1.0400000000,95291.7410240000,100567.4860079050,100567.4860079050,1,SRM-USDT
2022-07-18 02:00:00,1658080800000,1.0390000000,1.0480000000,1.0370000000,1.0430000000,32510.0519070000,33926.5511694700,33926.5511694700,1,SRM-USDT
2022-07-18 03:00:00,1658084400000,1.0430000000,1.0510000000,1.0420000000,1.0490000000,20092.7866440000,21034.3333739040,21034.3333739040,1,SRM-USDT
2022-07-18 04:00:00,1658088000000,1.0500000000,1.0510000000,1.0450000000,1.0480000000,19511.3501990000,20448.7244929390,20448.7244929390,1,SRM-USDT
2022-07-18 05:00:00,1658091600000,1.0480000000,1.0560000000,1.0440000000,1.0550000000,14517.8571170000,15274.0655010000,15274.0655010000,1,SRM-USDT
2022-07-18 06:00:00,1658095200000,1.0560000000,1.0590000000,1.0510000000,1.0540000000,32679.7798180000,34409.7323235580,34409.7323235580,1,SRM-USDT
2022-07-18 07:00:00,1658098800000,1.0540000000,1.0540000000,1.0310000000,1.0320000000,63352.0144960000,66037.5157470880,66037.5157470880,1,SRM-USDT
2022-07-18 08:00:00,1658102400000,1.0330000000,1.0460000000,1.0290000000,1.0320000000,58529.7830080000,60830.8544749320,60830.8544749320,1,SRM-USDT
2022-07-18 09:00:00,1658106000000,1.0330000000,1.0460000000,1.0330000000,1.0450000000,13085.1546160000,13596.7078501330,13596.7078501330,1,SRM-USDT
2022-07-18 10:00:00,1658109600000,1.0450000000,1.0690000000,1.0450000000,1.0660000000,24153.4080220000,25727.4368373150,25727.4368373150,1,SRM-USDT
2022-07-18 11:00:00,1658113200000,1.0660000000,1.0710000000,1.0620000000,1.0650000000,24216.2436950000,25864.6312653880,25864.6312653880,1,SRM-USDT
2022-07-18 12:00:00,1658116800000,1.0650000000,1.0660000000,1.0560000000,1.0630000000,28165.7162330000,29916.9744947010,29916.9744947010,1,SRM-USDT
2022-07-18 13:00:00,1658120400000,1.0630000000,1.0900000000,1.0630000000,1.0870000000,136647.1223490000,147361.6900172560,147361.6900172560,1,SRM-USDT
2022-07-18 14:00:00,1658124000000,1.0880000000,1.0990000000,1.0770000000,1.0920000000,113060.9195690000,123111.7850595040,123111.7850595040,1,SRM-USDT
2022-07-18 15:00:00,1658127600000,1.0900000000,1.0990000000,1.0820000000,1.0880000000,53290.7070780000,58199.8259091750,58199.8259091750,1,SRM-USDT
2022-07-18 16:00:00,1658131200000,1.0880000000,1.0990000000,1.0690000000,1.0780000000,83689.4268900000,90552.3812528060,90552.3812528060,1,SRM-USDT
2022-07-18 17:00:00,1658134800000,1.0790000000,1.0880000000,1.0770000000,1.0800000000,33059.6531480000,35728.7798242710,35728.7798242710,1,SRM-USDT
2022-07-18 18:00:00,1658138400000,1.0780000000,1.1000000000,1.0780000000,1.0890000000,33799.3675690000,36893.0313793740,36893.0313793740,1,SRM-USDT
2022-07-18 19:00:00,1658142000000,1.0890000000,1.0950000000,1.0690000000,1.0760000000,91756.4008730000,99289.2797256950,99289.2797256950,1,SRM-USDT
2022-07-18 20:00:00,1658145600000,1.0770000000,1.0830000000,1.0590000000,1.0810000000,132158.3681490000,141296.4741555710,141296.4741555710,1,SRM-USDT
2022-07-18 21:00:00,1658149200000,1.0820000000,1.0870000000,1.0760000000,1.0770000000,54361.0587000000,58726.3125078460,58726.3125078460,1,SRM-USDT
2022-07-18 22:00:00,1658152800000,1.0770000000,1.0820000000,1.0680000000,1.0820000000,47853.5719760000,51420.3925647790,51420.3925647790,1,SRM-USDT
2022-07-18 23:00:00,1658156400000,1.0810000000,1.0900000000,1.0760000000,1.0870000000,80955.9298450000,87607.5895191580,87607.5895191580,1,SRM-USDT
2022-07-19 00:00:00,1658160000000,1.0870000000,1.0900000000,1.0780000000,1.0810000000,96057.6409920000,104046.1211428560,104046.1211428560,1,SRM-USDT
2022-07-19 01:00:00,1658163600000,1.0790000000,1.0820000000,1.0540000000,1.0560000000,67383.2666220000,71912.0836257700,71912.0836257700,1,SRM-USDT
2022-07-19 02:00:00,1658167200000,1.0550000000,1.0600000000,1.0440000000,1.0460000000,53320.1470490000,56064.5482401080,56064.5482401080,1,SRM-USDT
2022-07-19 03:00:00,1658170800000,1.0440000000,1.0520000000,1.0360000000,1.0500000000,57326.3153600000,59964.0366998930,59964.0366998930,1,SRM-USDT
2022-07-19 04:00:00,1658174400000,1.0500000000,1.0530000000,1.0430000000,1.0440000000,36908.1739650000,38652.4114685240,38652.4114685240,1,SRM-USDT
2022-07-19 05:00:00,1658178000000,1.0450000000,1.0550000000,1.0430000000,1.0530000000,24305.2723160000,25533.9568097880,25533.9568097880,1,SRM-USDT
2022-07-19 06:00:00,1658181600000,1.0490000000,1.0640000000,1.0470000000,1.0640000000,28191.4259460000,29727.1285848360,29727.1285848360,1,SRM-USDT
2022-07-19 07:00:00,1658185200000,1.0630000000,1.0910000000,1.0620000000,1.0890000000,107298.9802740000,115629.0036085690,115629.0036085690,1,SRM-USDT
2022-07-19 08:00:00,1658188800000,1.0850000000,1.1020000000,1.0540000000,1.0570000000,227305.2940260000,244998.0714355840,244998.0714355840,1,SRM-USDT
2022-07-19 09:00:00,1658192400000,1.0560000000,1.0650000000,1.0440000000,1.0450000000,76918.4807800000,81095.9984894080,81095.9984894080,1,SRM-USDT
2022-07-19 10:00:00,1658196000000,1.0450000000,1.0500000000,1.0380000000,1.0450000000,30123.9531430000,31468.4003046880,31468.4003046880,1,SRM-USDT
2022-07-19 11:00:00,1658199600000,1.0460000000,1.0610000000,1.0400000000,1.0440000000,72227.9731790000,75986.6263359500,75986.6263359500,1,SRM-USDT
2022-07-19 12:00:00,1658203200000,1.0440000000,1.0530000000,1.0370000000,1.0500000000,49115.8470770000,51296.5834535550,51296.5834535550,1,SRM-USDT
2022-07-19 13:00:00,1658206800000,1.0510000000,1.0620000000,1.0470000000,1.0560000000,46504.4191900000,49093.0676464280,49093.0676464280,1,SRM-USDT
2022-07-19 14:00:00,1658210400000,1.0550000000,1.0610000000,1.0430000000,1.0510000000,64017.7813320000,67378.4914777890,67378.4914777890,1,SRM-USDT
2022-07-19 15:00:00,1658214000000,1.0490000000,1.0550000000,1.0420000000,1.0470000000,31182.9694840000,32668.5965555370,32668.5965555370,1,SRM-USDT
2022-07-19 16:00:00,1658217600000,1.0460000000,1.0590000000,1.0430000000,1.0590000000,11651.4160050000,12260.0478503070,12260.0478503070,1,SRM-USDT
2022-07-19 17:00:00,1658221200000,1.0600000000,1.0630000000,1.0550000000,1.0600000000,24365.9788130000,25832.1897648510,25832.1897648510,1,SRM-USDT
2022-07-19 18:00:00,1658224800000,1.0580000000,1.0660000000,1.0510000000,1.0620000000,40197.9798860000,42590.5867913080,42590.5867913080,1,SRM-USDT
2022-07-19 19:00:00,1658228400000,1.0610000000,1.0890000000,1.0600000000,1.0800000000,125083.2423420000,135189.2734603700,135189.2734603700,1,SRM-USDT
2022-07-19 20:00:00,1658232000000,1.0820000000,1.1170000000,1.0810000000,1.1090000000,173996.2375540000,192057.2184006660,192057.2184006660,1,SRM-USDT
2022-07-19 21:00:00,1658235600000,1.1070000000,1.1240000000,1.0960000000,1.1130000000,156897.6493920000,174059.9478231180,174059.9478231180,1,SRM-USDT
2022-07-19 22:00:00,1658239200000,1.1140000000,1.1200000000,1.1010000000,1.1190000000,133641.0052130000,148616.6498361020,148616.6498361020,1,SRM-USDT
2022-07-19 23:00:00,1658242800000,1.1180000000,1.1210000000,1.0830000000,1.1020000000,207103.3129600000,227930.4501623600,227930.4501623600,1,SRM-USDT
2022-07-20 00:00:00,1658246400000,1.1030000000,1.1350000000,1.1010000000,1.1210000000,109872.3081080000,123341.0096759210,123341.0096759210,1,SRM-USDT
2022-07-20 01:00:00,1658250000000,1.1190000000,1.1240000000,1.1060000000,1.1170000000,73136.3065380000,81635.3305760520,81635.3305760520,1,SRM-USDT
2022-07-20 02:00:00,1658253600000,1.1170000000,1.1270000000,1.1140000000,1.1270000000,61844.3549480000,69233.2146883330,69233.2146883330,1,SRM-USDT
2022-07-20 03:00:00,1658257200000,1.1260000000,1.1340000000,1.1170000000,1.1220000000,53641.3941130000,60522.5474655160,60522.5474655160,1,SRM-USDT
2022-07-20 04:00:00,1658260800000,1.1200000000,1.1330000000,1.1200000000,1.1260000000,52531.3547760000,59128.3472238310,59128.3472238310,1,SRM-USDT
2022-07-20 05:00:00,1658264400000,1.1250000000,1.1500000000,1.1210000000,1.1440000000,57717.2964700000,65913.7866306910,65913.7866306910,1,SRM-USDT
2022-07-20 06:00:00,1658268000000,1.1430000000,1.1440000000,1.1240000000,1.1320000000,29128.4700150000,32957.7881237060,32957.7881237060,1,SRM-USDT
2022-07-20 07:00:00,1658271600000,1.1320000000,1.1440000000,1.1160000000,1.1210000000,120696.5021610000,136365.6865492970,136365.6865492970,1,SRM-USDT
2022-07-20 08:00:00,1658275200000,1.1210000000,1.1240000000,1.0960000000,1.1030000000,113064.0736110000,125546.5375741870,125546.5375741870,1,SRM-USDT
2022-07-20 09:00:00,1658278800000,1.1030000000,1.1190000000,1.0980000000,1.1140000000,67070.0311470000,74460.5046475500,74460.5046475500,1,SRM-USDT
2022-07-20 10:00:00,1658282400000,1.1140000000,1.1360000000,1.1130000000,1.1290000000,65698.6760350000,74031.2680749990,74031.2680749990,1,SRM-USDT
2022-07-20 11:00:00,1658286000000,1.1290000000,1.1580000000,1.1250000000,1.1490000000,91478.6655360000,104538.6069607420,104538.6069607420,1,SRM-USDT
2022-07-20 12:00:00,1658289600000,1.1490000000,1.1640000000,1.1490000000,1.1630000000,100695.6772470000,116491.0636912260,116491.0636912260,1,SRM-USDT
2022-07-20 13:00:00,1658293200000,1.1630000000,1.1720000000,1.1510000000,1.1680000000,91285.4069480000,105947.9512178890,105947.9512178890,1,SRM-USDT
2022-07-20 14:00:00,1658296800000,1.1670000000,1.1720000000,1.1580000000,1.1590000000,58042.3426840000,67641.8051903480,67641.8051903480,1,SRM-USDT
2022-07-20 15:00:00,1658300400000,1.1590000000,1.1600000000,1.1290000000,1.1300000000,71490.5808420000,82092.6841428340,82092.6841428340,1,SRM-USDT
2022-07-20 16:00:00,1658304000000,1.1310000000,1.1390000000,1.1060000000,1.1090000000,106959.3762930000,120115.2226540110,120115.2226540110,1,SRM-USDT
2022-07-20 17:00:00,1658307600000,1.1090000000,1.1220000000,1.1030000000,1.1200000000,28390.7472070000,31706.3539685250,31706.3539685250,1,SRM-USDT
2022-07-20 18:00:00,1658311200000,1.1190000000,1.1400000000,1.1180000000,1.1280000000,60234.1457210000,68098.2897007680,68098.2897007680,1,SRM-USDT
2022-07-20 19:00:00,1658314800000,1.1280000000,1.1310000000,1.1110000000,1.1180000000,54917.6101460000,61556.1375767690,61556.1375767690,1,SRM-USDT
2022-07-20 20:00:00,1658318400000,1.1180000000,1.1230000000,1.0970000000,1.1110000000,67655.6515980000,75147.9384996450,75147.9384996450,1,SRM-USDT
2022-07-20 21:00:00,1658322000000,1.1120000000,1.1260000000,1.1020000000,1.1030000000,45200.4836180000,50390.7035551730,50390.7035551730,1,SRM-USDT
2022-07-20 22:00:00,1658325600000,1.1030000000,1.1240000000,1.1030000000,1.1230000000,26733.5863830000,29812.1143975760,29812.1143975760,1,SRM-USDT
2022-07-20 23:00:00,1658329200000,1.1230000000,1.1250000000,1.1150000000,1.1210000000,47744.3533790000,53561.4297922260,53561.4297922260,1,SRM-USDT
2022-07-21 00:00:00,1658332800000,1.1190000000,1.1200000000,1.0780000000,1.0900000000,140841.7229250000,154540.8456317570,154540.8456317570,1,SRM-USDT
2022-07-21 01:00:00,1658336400000,1.0890000000,1.0930000000,1.0720000000,1.0780000000,104736.7492260000,113089.3235443390,113089.3235443390,1,SRM-USDT
2022-07-21 02:00:00,1658340000000,1.0790000000,1.0930000000,1.0790000000,1.0880000000,36010.8037120000,39151.3455539270,39151.3455539270,1,SRM-USDT
2022-07-21 03:00:00,1658343600000,1.0870000000,1.0960000000,1.0790000000,1.0790000000,37344.7875200000,40597.7048758010,40597.7048758010,1,SRM-USDT
2022-07-21 04:00:00,1658347200000,1.0780000000,1.0830000000,1.0220000000,1.0350000000,268182.3797530000,278092.9752036300,278092.9752036300,1,SRM-USDT
2022-07-21 05:00:00,1658350800000,1.0360000000,1.0570000000,1.0340000000,1.0540000000,66982.5127820000,70347.9313788540,70347.9313788540,1,SRM-USDT
2022-07-21 06:00:00,1658354400000,1.0540000000,1.0540000000,1.0380000000,1.0380000000,26226.5879880000,27437.2018996670,27437.2018996670,1,SRM-USDT
2022-07-21 07:00:00,1658358000000,1.0370000000,1.0370000000,1.0200000000,1.0280000000,112717.9994120000,115914.1746075260,115914.1746075260,1,SRM-USDT
2022-07-21 08:00:00,1658361600000,1.0290000000,1.0440000000,1.0200000000,1.0310000000,94128.5478090000,96693.6455183650,96693.6455183650,1,SRM-USDT
2022-07-21 09:00:00,1658365200000,1.0310000000,1.0420000000,1.0210000000,1.0220000000,40489.5177800000,41826.0160930640,41826.0160930640,1,SRM-USDT
2022-07-21 10:00:00,1658368800000,1.0220000000,1.0290000000,0.9900000000,0.9900000000,112226.2528240000,112955.8882164420,112955.8882164420,1,SRM-USDT
2022-07-21 11:00:00,1658372400000,0.9900000000,0.9980000000,0.9840000000,0.9920000000,51337.8236530000,50832.9688166920,50832.9688166920,1,SRM-USDT
2022-07-21 12:00:00,1658376000000,0.9900000000,0.9990000000,0.9810000000,0.9970000000,45056.6581400000,44720.7087100270,44720.7087100270,1,SRM-USDT
2022-07-21 13:00:00,1658379600000,0.9950000000,1.0050000000,0.9940000000,0.9990000000,42276.0992640000,42213.8015220610,42213.8015220610,1,SRM-USDT
2022-07-21 14:00:00,1658383200000,1.0000000000,1.0000000000,0.9890000000,0.9900000000,23645.6507060000,23474.6148455050,23474.6148455050,1,SRM-USDT
2022-07-21 15:00:00,1658386800000,0.9890000000,1.0070000000,0.9890000000,1.0000000000,50025.7148020000,50044.5989897140,50044.5989897140,1,SRM-USDT
2022-07-21 16:00:00,1658390400000,0.9980000000,1.0030000000,0.9930000000,1.0010000000,41511.1575550000,41430.0092647970,41430.0092647970,1,SRM-USDT
2022-07-21 17:00:00,1658394000000,1.0020000000,1.0090000000,1.0010000000,1.0080000000,38488.8008640000,38686.4299874270,38686.4299874270,1,SRM-USDT
2022-07-21 18:00:00,1658397600000,1.0080000000,1.0110000000,0.9940000000,0.9960000000,32745.0867500000,32918.5003670670,32918.5003670670,1,SRM-USDT
2022-07-21 19:00:00,1658401200000,0.9950000000,0.9980000000,0.9870000000,0.9940000000,67525.8274160000,67075.8769159790,67075.8769159790,1,SRM-USDT
2022-07-21 20:00:00,1658404800000,0.9950000000,1.0100000000,0.9920000000,1.0060000000,35376.7031380000,35415.6107651250,35415.6107651250,1,SRM-USDT
2022-07-21 21:00:00,1658408400000,1.0030000000,1.0060000000,0.9970000000,1.0050000000,29526.0426850000,29587.5047138430,29587.5047138430,1,SRM-USDT
2022-07-21 22:00:00,1658412000000,1.0050000000,1.0060000000,0.9880000000,0.9990000000,35430.0127520000,35293.7265925830,35293.7265925830,1,SRM-USDT
2022-07-21 23:00:00,1658415600000,0.9990000000,1.0160000000,0.9990000000,1.0140000000,40580.2226270000,40821.1716085460,40821.1716085460,1,SRM-USDT
2022-07-22 00:00:00,1658419200000,1.0130000000,1.0350000000,1.0110000000,1.0290000000,48565.4140010000,49734.9084555660,49734.9084555660,1,SRM-USDT
2022-07-22 01:00:00,1658422800000,1.0290000000,1.0340000000,1.0140000000,1.0150000000,63800.9842360000,65333.2645171560,65333.2645171560,1,SRM-USDT
2022-07-22 02:00:00,1658426400000,1.0150000000,1.0200000000,1.0140000000,1.0200000000,19221.1508660000,19565.4850307360,19565.4850307360,1,SRM-USDT
2022-07-22 03:00:00,1658430000000,1.0200000000,1.0300000000,1.0200000000,1.0300000000,35923.2225670000,36856.7564410330,36856.7564410330,1,SRM-USDT
2022-07-22 04:00:00,1658433600000,1.0300000000,1.0360000000,1.0260000000,1.0270000000,43178.8529780000,44507.2889300230,44507.2889300230,1,SRM-USDT
2022-07-22 05:00:00,1658437200000,1.0270000000,1.0290000000,1.0240000000,1.0260000000,10398.2607060000,10678.5756138190,10678.5756138190,1,SRM-USDT
2022-07-22 06:00:00,1658440800000,1.0250000000,1.0250000000,1.0140000000,1.0200000000,32391.5798730000,32976.2700608870,32976.2700608870,1,SRM-USDT
2022-07-22 07:00:00,1658444400000,1.0210000000,1.0360000000,1.0210000000,1.0300000000,27457.7070460000,28268.1194183220,28268.1194183220,1,SRM-USDT
2022-07-22 08:00:00,1658448000000,1.0300000000,1.0400000000,1.0210000000,1.0370000000,35219.1372640000,36411.6436068730,36411.6436068730,1,SRM-USDT
2022-07-22 09:00:00,1658451600000,1.0370000000,1.0410000000,1.0210000000,1.0220000000,46916.3388980000,48299.0877183340,48299.0877183340,1,SRM-USDT
2022-07-22 10:00:00,1658455200000,1.0210000000,1.0240000000,1.0170000000,1.0190000000,20024.5375960000,20433.7710747960,20433.7710747960,1,SRM-USDT
2022-07-22 11:00:00,1658458800000,1.0200000000,1.0220000000,1.0140000000,1.0180000000,19377.7982690000,19724.5434426050,19724.5434426050,1,SRM-USDT
2022-07-22 12:00:00,1658462400000,1.0180000000,1.0190000000,1.0060000000,1.0180000000,24634.6980120000,24951.3035568020,24951.3035568020,1,SRM-USDT
2022-07-22 13:00:00,1658466000000,1.0180000000,1.0300000000,1.0120000000,1.0300000000,18974.7907560000,19368.0910549700,19368.0910549700,1,SRM-USDT
2022-07-22 14:00:00,1658469600000,1.0300000000,1.0380000000,1.0290000000,1.0340000000,51368.9202100000,53080.2787417040,53080.2787417040,1,SRM-USDT
2022-07-22 15:00:00,1658473200000,1.0340000000,1.0380000000,1.0280000000,1.0340000000,65612.5695900000,67683.2319832270,67683.2319832270,1,SRM-USDT
2022-07-22 16:00:00,1658476800000,1.0330000000,1.0370000000,1.0300000000,1.0350000000,33929.8323670000,35099.1340807640,35099.1340807640,1,SRM-USDT
2022-07-22 17:00:00,1658480400000,1.0370000000,1.0480000000,1.0370000000,1.0430000000,38675.7987820000,40353.9719074730,40353.9719074730,1,SRM-USDT
2022-07-22 18:00:00,1658484000000,1.0420000000,1.0680000000,1.0420000000,1.0470000000,137631.1254550000,145753.8386458800,145753.8386458800,1,SRM-USDT
2022-07-22 19:00:00,1658487600000,1.0480000000,1.0530000000,1.0410000000,1.0530000000,51207.9428690000,53628.2816679350,53628.2816679350,1,SRM-USDT
2022-07-22 20:00:00,1658491200000,1.0530000000,1.0630000000,1.0520000000,1.0530000000,76598.1369540000,81045.0639507630,81045.0639507630,1,SRM-USDT
2022-07-22 21:00:00,1658494800000,1.0520000000,1.0520000000,1.0330000000,1.0350000000,64709.5563580000,67395.9181965130,67395.9181965130,1,SRM-USDT
2022-07-22 22:00:00,1658498400000,1.0330000000,1.0380000000,1.0230000000,1.0350000000,63307.7449100000,65237.2483727660,65237.2483727660,1,SRM-USDT
2022-07-22 23:00:00,1658502000000,1.0360000000,1.0360000000,1.0040000000,1.0080000000,90425.0597250000,91689.2440221500,91689.2440221500,1,SRM-USDT
2022-07-23 00:00:00,1658505600000,1.0080000000,1.0170000000,1.0040000000,1.0150000000,28188.5799360000,28481.7482156360,28481.7482156360,1,SRM-USDT
2022-07-23 01:00:00,1658509200000,1.0150000000,1.0180000000,0.9930000000,1.0010000000,113149.6910600000,113634.4178927900,113634.4178927900,1,SRM-USDT
2022-07-23 02:00:00,1658512800000,1.0010000000,1.0050000000,0.9980000000,1.0040000000,25150.3577680000,25219.0234411410,25219.0234411410,1,SRM-USDT
2022-07-23 03:00:00,1658516400000,1.0040000000,1.0080000000,0.9720000000,0.9780000000,90727.7233660000,89703.5401514640,89703.5401514640,1,SRM-USDT
2022-07-23 04:00:00,1658520000000,0.9760000000,0.9780000000,0.9710000000,0.9760000000,52928.7121350000,51580.9785607270,51580.9785607270,1,SRM-USDT
2022-07-23 05:00:00,1658523600000,0.9750000000,0.9850000000,0.9750000000,0.9840000000,19309.6301820000,18900.4998178290,18900.4998178290,1,SRM-USDT
2022-07-23 06:00:00,1658527200000,0.9830000000,0.9920000000,0.9780000000,0.9910000000,36942.2186960000,36426.5565765580,36426.5565765580,1,SRM-USDT
2022-07-23 07:00:00,1658530800000,0.9910000000,0.9920000000,0.9810000000,0.9860000000,34034.5678610000,33535.9884581220,33535.9884581220,1,SRM-USDT
2022-07-23 08:00:00,1658534400000,0.9860000000,0.9940000000,0.9760000000,0.9910000000,132560.7971150000,131089.6566293510,131089.6566293510,1,SRM-USDT
2022-07-23 09:00:00,1658538000000,0.9920000000,1.0000000000,0.9920000000,0.9970000000,41752.9284720000,41504.3692273430,41504.3692273430,1,SRM-USDT
2022-07-23 10:00:00,1658541600000,0.9980000000,1.0060000000,0.9980000000,0.9990000000,25204.3057470000,25237.3211800790,25237.3211800790,1,SRM-USDT
2022-07-23 11:00:00,1658545200000,0.9990000000,1.0010000000,0.9950000000,0.9960000000,24889.4359840000,24849.5159755480,24849.5159755480,1,SRM-USDT
2022-07-23 12:00:00,1658548800000,0.9960000000,1.0110000000,0.9950000000,1.0050000000,36107.5826110000,36213.8551914510,36213.8551914510,1,SRM-USDT
2022-07-23 13:00:00,1658552400000,1.0070000000,1.0150000000,1.0050000000,1.0050000000,31705.4963020000,32041.3381410550,32041.3381410550,1,SRM-USDT
2022-07-23 14:00:00,1658556000000,1.0060000000,1.0130000000,1.0040000000,1.0080000000,20704.4934830000,20867.8684950930,20867.8684950930,1,SRM-USDT
2022-07-23 15:00:00,1658559600000,1.0070000000,1.0080000000,0.9980000000,1.0000000000,27684.0210130000,27710.1562498390,27710.1562498390,1,SRM-USDT
2022-07-23 16:00:00,1658563200000,1.0010000000,1.0050000000,0.9830000000,0.9830000000,42315.4404970000,42096.5060751560,42096.5060751560,1,SRM-USDT
2022-07-23 17:00:00,1658566800000,0.9860000000,0.9920000000,0.9810000000,0.9900000000,30616.3117380000,30201.8384158280,30201.8384158280,1,SRM-USDT
2022-07-23 18:00:00,1658570400000,0.9900000000,0.9950000000,0.9780000000,0.9850000000,29819.7930950000,29375.4129890300,29375.4129890300,1,SRM-USDT
2022-07-23 19:00:00,1658574000000,0.9860000000,0.9860000000,0.9680000000,0.9690000000,86770.0038100000,84378.7040470770,84378.7040470770,1,SRM-USDT
2022-07-23 20:00:00,1658577600000,0.9680000000,0.9790000000,0.9610000000,0.9760000000,29895.3529890000,28998.4117970620,28998.4117970620,1,SRM-USDT
2022-07-23 21:00:00,1658581200000,0.9760000000,0.9840000000,0.9760000000,0.9820000000,9457.1479970000,9265.9077939910,9265.9077939910,1,SRM-USDT
2022-07-23 22:00:00,1658584800000,0.9830000000,0.9830000000,0.9680000000,0.9730000000,35509.5497430000,34657.8132144160,34657.8132144160,1,SRM-USDT
2022-07-23 23:00:00,1658588400000,0.9730000000,0.9810000000,0.9720000000,0.9780000000,17420.7571310000,17018.5164868100,17018.5164868100,1,SRM-USDT
2022-07-24 00:00:00,1658592000000,0.9770000000,0.9840000000,0.9750000000,0.9790000000,23003.2112910000,22558.9720584760,22558.9720584760,1,SRM-USDT
2022-07-24 01:00:00,1658595600000,0.9790000000,0.9810000000,0.9600000000,0.9620000000,34408.3478990000,33349.3996321210,33349.3996321210,1,SRM-USDT
2022-07-24 02:00:00,1658599200000,0.9600000000,0.9700000000,0.9560000000,0.9620000000,31449.5376040000,30328.4241788940,30328.4241788940,1,SRM-USDT
2022-07-24 03:00:00,1658602800000,0.9610000000,0.9730000000,0.9580000000,0.9710000000,22179.0393510000,21410.7699660540,21410.7699660540,1,SRM-USDT
2022-07-24 04:00:00,1658606400000,0.9720000000,0.9790000000,0.9710000000,0.9790000000,26737.0143540000,26102.8454725520,26102.8454725520,1,SRM-USDT
2022-07-24 05:00:00,1658610000000,0.9790000000,0.9800000000,0.9750000000,0.9750000000,10350.0385340000,10121.7423049020,10121.7423049020,1,SRM-USDT
2022-07-24 06:00:00,1658613600000,0.9750000000,0.9910000000,0.9750000000,0.9880000000,19376.9358100000,19104.6257854520,19104.6257854520,1,SRM-USDT
2022-07-24 07:00:00,1658617200000,0.9870000000,0.9930000000,0.9870000000,0.9890000000,19453.2566600000,19267.1139911200,19267.1139911200,1,SRM-USDT
2022-07-24 08:00:00,1658620800000,0.9890000000,0.9980000000,0.9890000000,0.9920000000,27263.9886130000,27101.0300424500,27101.0300424500,1,SRM-USDT
2022-07-24 09:00:00,1658624400000,0.9920000000,0.9970000000,0.9860000000,0.9910000000,17384.4559540000,17241.7631097700,17241.7631097700,1,SRM-USDT
2022-07-24 10:00:00,1658628000000,0.9910000000,0.9940000000,0.9860000000,0.9940000000,19862.7517530000,19686.2615104060,19686.2615104060,1,SRM-USDT
2022-07-24 11:00:00,1658631600000,0.9940000000,0.9940000000,0.9800000000,0.9810000000,16299.5440700000,16072.5591451670,16072.5591451670,1,SRM-USDT
2022-07-24 12:00:00,1658635200000,0.9820000000,0.9900000000,0.9800000000,0.9880000000,18833.1707110000,18567.5621920240,18567.5621920240,1,SRM-USDT
2022-07-24 13:00:00,1658638800000,0.9880000000,1.0010000000,0.9880000000,1.0000000000,43404.2529710000,43370.4135029080,43370.4135029080,1,SRM-USDT
2022-07-24 14:00:00,1658642400000,0.9990000000,1.0030000000,0.9970000000,0.9970000000,16281.1838510000,16268.3897791710,16268.3897791710,1,SRM-USDT
2022-07-24 15:00:00,1658646000000,0.9970000000,1.0000000000,0.9970000000,0.9970000000,11552.5695270000,11521.9900975170,11521.9900975170,1,SRM-USDT
2022-07-24 16:00:00,1658649600000,0.9960000000,0.9970000000,0.9880000000,0.9930000000,22084.9899320000,21910.0811605610,21910.0811605610,1,SRM-USDT
2022-07-24 17:00:00,1658653200000,0.9920000000,0.9980000000,0.9920000000,0.9930000000,12663.9275220000,12605.8358340560,12605.8358340560,1,SRM-USDT
2022-07-24 18:00:00,1658656800000,0.9930000000,0.9940000000,0.9840000000,0.9880000000,25527.8085350000,25247.3959581820,25247.3959581820,1,SRM-USDT
2022-07-24 19:00:00,1658660400000,0.9890000000,1.0060000000,0.9890000000,0.9980000000,35336.3144160000,35362.1991683760,35362.1991683760,1,SRM-USDT
2022-07-24 20:00:00,1658664000000,0.9980000000,1.0020000000,0.9810000000,0.9830000000,35783.4195120000,35486.9507593560,35486.9507593560,1,SRM-USDT
2022-07-24 21:00:00,1658667600000,0.9830000000,0.9870000000,0.9790000000,0.9870000000,20897.5066070000,20542.5239351750,20542.5239351750,1,SRM-USDT
2022-07-24 22:00:00,1658671200000,0.9870000000,0.9980000000,0.9810000000,0.9970000000,25698.8162760000,25467.6268759640,25467.6268759640,1,SRM-USDT
2022-07-24 23:00:00,1658674800000,0.9970000000,1.0010000000,0.9940000000,0.9980000000,10670.7615540000,10650.6296380840,10650.6296380840,1,SRM-USDT
2022-07-25 00:00:00,1658678400000,0.9980000000,0.9990000000,0.9850000000,0.9880000000,16327.3082470000,16152.0116940590,16152.0116940590,1,SRM-USDT
2022-07-25 01:00:00,1658682000000,0.9890000000,0.9960000000,0.9870000000,0.9940000000,21201.9904220000,21032.1306223190,21032.1306223190,1,SRM-USDT
2022-07-25 02:00:00,1658685600000,0.9960000000,0.9960000000,0.9900000000,0.9920000000,6425.1139750000,6384.4130476380,6384.4130476380,1,SRM-USDT
2022-07-25 03:00:00,1658689200000,0.9920000000,0.9950000000,0.9880000000,0.9920000000,17602.4912840000,17468.8909575050,17468.8909575050,1,SRM-USDT
2022-07-25 04:00:00,1658692800000,0.9900000000,0.9970000000,0.9890000000,0.9940000000,19809.0296870000,19648.7261382450,19648.7261382450,1,SRM-USDT
2022-07-25 05:00:00,1658696400000,0.9930000000,1.0030000000,0.9920000000,1.0020000000,12962.9986050000,12913.4473114930,12913.4473114930,1,SRM-USDT
2022-07-25 06:00:00,1658700000000,1.0030000000,1.0160000000,0.9880000000,0.9930000000,66979.5990490000,67288.6260263980,67288.6260263980,1,SRM-USDT
2022-07-25 07:00:00,1658703600000,0.9940000000,0.9960000000,0.9850000000,0.9860000000,21734.9834560000,21514.2348399320,21514.2348399320,1,SRM-USDT
2022-07-25 08:00:00,1658707200000,0.9860000000,0.9910000000,0.9520000000,0.9550000000,54597.1366390000,52813.0747922850,52813.0747922850,1,SRM-USDT
2022-07-25 09:00:00,1658710800000,0.9550000000,0.9560000000,0.9480000000,0.9510000000,53883.1766260000,51235.2998192220,51235.2998192220,1,SRM-USDT
2022-07-25 10:00:00,1658714400000,0.9500000000,0.9520000000,0.9420000000,0.9470000000,64430.9037520000,60951.5665797440,60951.5665797440,1,SRM-USDT
2022-07-25 11:00:00,1658718000000,0.9470000000,0.9470000000,0.9380000000,0.9410000000,35357.2895400000,33286.9913998060,33286.9913998060,1,SRM-USDT
2022-07-25 12:00:00,1658721600000,0.9410000000,0.9420000000,0.9350000000,0.9420000000,31776.9997340000,29840.6532554090,29840.6532554090,1,SRM-USDT
2022-07-25 13:00:00,1658725200000,0.9430000000,0.9460000000,0.9410000000,0.9450000000,15014.6832050000,14178.2270144740,14178.2270144740,1,SRM-USDT
2022-07-25 14:00:00,1658728800000,0.9450000000,0.9460000000,0.9390000000,0.9400000000,39125.9942560000,36868.5648023220,36868.5648023220,1,SRM-USDT
2022-07-25 15:00:00,1658732400000,0.9400000000,0.9500000000,0.9400000000,0.9490000000,20373.0124850000,19257.7884807330,19257.7884807330,1,SRM-USDT
2022-07-25 16:00:00,1658736000000,0.9470000000,0.9510000000,0.9400000000,0.9490000000,42738.8660070000,40403.9721335420,40403.9721335420,1,SRM-USDT
2022-07-25 17:00:00,1658739600000,0.9490000000,0.9520000000,0.9440000000,0.9440000000,23082.3084250000,21892.2572893200,21892.2572893200,1,SRM-USDT
2022-07-25 18:00:00,1658743200000,0.9440000000,0.9490000000,0.9420000000,0.9480000000,11344.4941370000,10734.1359930130,10734.1359930130,1,SRM-USDT
2022-07-25 19:00:00,1658746800000,0.9470000000,0.9510000000,0.9420000000,0.9420000000,19012.0598100000,18002.3934800180,18002.3934800180,1,SRM-USDT
2022-07-25 20:00:00,1658750400000,0.9430000000,0.9450000000,0.9370000000,0.9440000000,50600.0547770000,47641.2169721930,47641.2169721930,1,SRM-USDT
2022-07-25 21:00:00,1658754000000,0.9430000000,0.9460000000,0.9340000000,0.9390000000,32291.5820320000,30367.5141491960,30367.5141491960,1,SRM-USDT
2022-07-25 22:00:00,1658757600000,0.9390000000,0.9390000000,0.9270000000,0.9380000000,29211.1879090000,27237.0916188970,27237.0916188970,1,SRM-USDT
2022-07-25 23:00:00,1658761200000,0.9380000000,0.9400000000,0.9300000000,0.9360000000,26269.2695710000,24577.6043589970,24577.6043589970,1,SRM-USDT
2022-07-26 00:00:00,1658764800000,0.9360000000,0.9400000000,0.9310000000,0.9380000000,18126.3900690000,16962.5402912590,16962.5402912590,1,SRM-USDT
2022-07-26 01:00:00,1658768400000,0.9380000000,0.9410000000,0.9300000000,0.9300000000,18372.7764670000,17179.1466376540,17179.1466376540,1,SRM-USDT
2022-07-26 02:00:00,1658772000000,0.9300000000,0.9360000000,0.9290000000,0.9300000000,18083.9384360000,16850.7867915080,16850.7867915080,1,SRM-USDT
2022-07-26 03:00:00,1658775600000,0.9310000000,0.9310000000,0.9090000000,0.9230000000,74809.5798900000,68772.6828252660,68772.6828252660,1,SRM-USDT
2022-07-26 04:00:00,1658779200000,0.9230000000,0.9380000000,0.9230000000,0.9360000000,59276.3320260000,55213.2786098540,55213.2786098540,1,SRM-USDT
2022-07-26 05:00:00,1658782800000,0.9360000000,0.9390000000,0.9320000000,0.9320000000,11658.4327500000,10908.9555203970,10908.9555203970,1,SRM-USDT
2022-07-26 06:00:00,1658786400000,0.9310000000,0.9320000000,0.9200000000,0.9240000000,50646.3211670000,46859.6144904890,46859.6144904890,1,SRM-USDT
2022-07-26 07:00:00,1658790000000,0.9240000000,0.9240000000,0.8960000000,0.8980000000,56286.1012920000,51075.6283284380,51075.6283284380,1,SRM-USDT
2022-07-26 08:00:00,1658793600000,0.8970000000,0.8980000000,0.8650000000,0.8660000000,176322.8201080000,155396.0135517480,155396.0135517480,1,SRM-USDT
2022-07-26 09:00:00,1658797200000,0.8670000000,0.8740000000,0.8670000000,0.8730000000,63262.1877510000,55059.0519139290,55059.0519139290,1,SRM-USDT
2022-07-26 10:00:00,1658800800000,0.8730000000,0.8760000000,0.8720000000,0.8720000000,14252.9904270000,12452.8312786450,12452.8312786450,1,SRM-USDT
2022-07-26 11:00:00,1658804400000,0.8720000000,0.8780000000,0.8630000000,0.8770000000,24652.7070500000,21529.7494389660,21529.7494389660,1,SRM-USDT
2022-07-26 12:00:00,1658808000000,0.8770000000,0.8840000000,0.8770000000,0.8770000000,22846.3597310000,20090.3584420280,20090.3584420280,1,SRM-USDT
2022-07-26 13:00:00,1658811600000,0.8770000000,0.8820000000,0.8740000000,0.8800000000,16705.3373160000,14661.4938668060,14661.4938668060,1,SRM-USDT
2022-07-26 14:00:00,1658815200000,0.8820000000,0.8850000000,0.8770000000,0.8800000000,81820.4405440000,72095.1825668530,72095.1825668530,1,SRM-USDT
2022-07-26 15:00:00,1658818800000,0.8800000000,0.8810000000,0.8740000000,0.8750000000,34578.5443320000,30384.2128168030,30384.2128168030,1,SRM-USDT
2022-07-26 16:00:00,1658822400000,0.8760000000,0.8830000000,0.8750000000,0.8810000000,30235.3509370000,26601.1815242350,26601.1815242350,1,SRM-USDT
2022-07-26 17:00:00,1658826000000,0.8800000000,0.8870000000,0.8800000000,0.8850000000,12232.1088880000,10803.1839105050,10803.1839105050,1,SRM-USDT
2022-07-26 18:00:00,1658829600000,0.8860000000,0.8870000000,0.8780000000,0.8790000000,11606.3793950000,10226.4273801030,10226.4273801030,1,SRM-USDT
2022-07-26 19:00:00,1658833200000,0.8790000000,0.8820000000,0.8700000000,0.8780000000,40429.4658820000,35464.3893671200,35464.3893671200,1,SRM-USDT
2022-07-26 20:00:00,1658836800000,0.8780000000,0.8860000000,0.8610000000,0.8650000000,42133.3251520000,36871.6021846600,36871.6021846600,1,SRM-USDT
2022-07-26 21:00:00,1658840400000,0.8650000000,0.8650000000,0.8530000000,0.8630000000,60732.1979270000,52247.4420901890,52247.4420901890,1,SRM-USDT
2022-07-26 22:00:00,1658844000000,0.8630000000,0.8700000000,0.8580000000,0.8650000000,51845.9104900000,44826.6895157720,44826.6895157720,1,SRM-USDT
2022-07-26 23:00:00,1658847600000,0.8650000000,0.8650000000,0.8530000000,0.8540000000,28980.2369870000,24854.7539969790,24854.7539969790,1,SRM-USDT
2022-07-27 00:00:00,1658851200000,0.8540000000,0.8640000000,0.8540000000,0.8630000000,29009.7666040000,24929.0207544280,24929.0207544280,1,SRM-USDT
2022-07-27 01:00:00,1658854800000,0.8630000000,0.8680000000,0.8600000000,0.8600000000,24766.5763590000,21387.6919562760,21387.6919562760,1,SRM-USDT
2022-07-27 02:00:00,1658858400000,0.8600000000,0.8630000000,0.8530000000,0.8560000000,21428.2705720000,18388.1783018090,18388.1783018090,1,SRM-USDT
2022-07-27 03:00:00,1658862000000,0.8570000000,0.8570000000,0.8500000000,0.8550000000,17462.5236710000,14906.5093190860,14906.5093190860,1,SRM-USDT
2022-07-27 04:00:00,1658865600000,0.8550000000,0.8620000000,0.8510000000,0.8610000000,35755.2135880000,30664.2137443660,30664.2137443660,1,SRM-USDT
2022-07-27 05:00:00,1658869200000,0.8630000000,0.8710000000,0.8610000000,0.8630000000,19929.0459670000,17263.0129526500,17263.0129526500,1,SRM-USDT
2022-07-27 06:00:00,1658872800000,0.8630000000,0.8820000000,0.8630000000,0.8800000000,14492.8619280000,12682.2418856770,12682.2418856770,1,SRM-USDT
2022-07-27 07:00:00,1658876400000,0.8790000000,0.8910000000,0.8780000000,0.8910000000,35125.0389650000,31052.4178927550,31052.4178927550,1,SRM-USDT
2022-07-27 08:00:00,1658880000000,0.8910000000,0.8920000000,0.8810000000,0.8830000000,29976.5814330000,26597.8822022110,26597.8822022110,1,SRM-USDT
2022-07-27 09:00:00,1658883600000,0.8840000000,0.8860000000,0.8790000000,0.8790000000,18348.7089950000,16158.3867609170,16158.3867609170,1,SRM-USDT
2022-07-27 10:00:00,1658887200000,0.8790000000,0.8800000000,0.8760000000,0.8800000000,10302.9549560000,9037.8272145380,9037.8272145380,1,SRM-USDT
2022-07-27 11:00:00,1658890800000,0.8790000000,0.8800000000,0.8730000000,0.8740000000,11659.3779450000,10226.2211307990,10226.2211307990,1,SRM-USDT
2022-07-27 12:00:00,1658894400000,0.8750000000,0.8810000000,0.8740000000,0.8810000000,16095.3144750000,14137.0502125340,14137.0502125340,1,SRM-USDT
2022-07-27 13:00:00,1658898000000,0.8810000000,0.8910000000,0.8800000000,0.8900000000,13084.3205670000,11614.5796378530,11614.5796378530,1,SRM-USDT
2022-07-27 14:00:00,1658901600000,0.8900000000,0.8950000000,0.8900000000,0.8940000000,23066.7820680000,20551.1533053240,20551.1533053240,1,SRM-USDT
2022-07-27 15:00:00,1658905200000,0.8940000000,0.9020000000,0.8940000000,0.8980000000,36816.2157430000,33071.6383105470,33071.6383105470,1,SRM-USDT
2022-07-27 16:00:00,1658908800000,0.8970000000,0.9040000000,0.8970000000,0.8980000000,36496.5341650000,32894.7202099310,32894.7202099310,1,SRM-USDT
2022-07-27 17:00:00,1658912400000,0.8970000000,0.8970000000,0.8910000000,0.8930000000,18453.1434350000,16496.0529430060,16496.0529430060,1,SRM-USDT
2022-07-27 18:00:00,1658916000000,0.8930000000,0.8940000000,0.8900000000,0.8900000000,19041.4744020000,16991.3985109540,16991.3985109540,1,SRM-USDT
2022-07-27 19:00:00,1658919600000,0.8900000000,0.8940000000,0.8840000000,0.8860000000,34444.0343790000,30674.3142420580,30674.3142420580,1,SRM-USDT
2022-07-27 20:00:00,1658923200000,0.8850000000,0.8990000000,0.8840000000,0.8980000000,24076.8593720000,21467.6616413440,21467.6616413440,1,SRM-USDT
2022-07-27 21:00:00,1658926800000,0.8980000000,0.9050000000,0.8910000000,0.9030000000,29259.8272250000,26266.3857511350,26266.3857511350,1,SRM-USDT
2022-07-27 22:00:00,1658930400000,0.9020000000,0.9030000000,0.8960000000,0.8980000000,33449.6390140000,30061.5361394750,30061.5361394750,1,SRM-USDT
2022-07-27 23:00:00,1658934000000,0.8980000000,0.8990000000,0.8930000000,0.8950000000,24484.7424210000,21926.6685554380,21926.6685554380,1,SRM-USDT
2022-07-28 00:00:00,1658937600000,0.8940000000,0.9050000000,0.8840000000,0.8880000000,52579.9246000000,47208.4521848890,47208.4521848890,1,SRM-USDT
2022-07-28 01:00:00,1658941200000,0.8880000000,0.8980000000,0.8850000000,0.8940000000,42956.0579030000,38304.0917423030,38304.0917423030,1,SRM-USDT
2022-07-28 02:00:00,1658944800000,0.8940000000,0.9380000000,0.8940000000,0.9300000000,214280.2941470000,197517.2829555710,197517.2829555710,1,SRM-USDT
2022-07-28 03:00:00,1658948400000,0.9330000000,0.9470000000,0.9330000000,0.9380000000,45389.2303330000,42633.8421552440,42633.8421552440,1,SRM-USDT
2022-07-28 04:00:00,1658952000000,0.9390000000,0.9460000000,0.9380000000,0.9430000000,23661.3829750000,22264.8120321870,22264.8120321870,1,SRM-USDT
2022-07-28 05:00:00,1658955600000,0.9430000000,0.9500000000,0.9410000000,0.9500000000,31693.3155080000,29893.9942781640,29893.9942781640,1,SRM-USDT
2022-07-28 06:00:00,1658959200000,0.9490000000,0.9660000000,0.9490000000,0.9630000000,56607.6874250000,54236.8437004200,54236.8437004200,1,SRM-USDT
2022-07-28 07:00:00,1658962800000,0.9610000000,0.9730000000,0.9610000000,0.9730000000,24779.4271410000,23963.5717867810,23963.5717867810,1,SRM-USDT
2022-07-28 08:00:00,1658966400000,0.9730000000,0.9790000000,0.9620000000,0.9660000000,78714.0619560000,76565.0604529320,76565.0604529320,1,SRM-USDT
2022-07-28 09:00:00,1658970000000,0.9650000000,0.9650000000,0.9600000000,0.9620000000,19479.9085770000,18741.7102302760,18741.7102302760,1,SRM-USDT
2022-07-28 10:00:00,1658973600000,0.9620000000,0.9860000000,0.9590000000,0.9780000000,107488.1222800000,104708.5895813870,104708.5895813870,1,SRM-USDT
2022-07-28 11:00:00,1658977200000,0.9780000000,0.9860000000,0.9770000000,0.9770000000,44635.6863360000,43798.7323824790,43798.7323824790,1,SRM-USDT
2022-07-28 12:00:00,1658980800000,0.9780000000,0.9810000000,0.9720000000,0.9720000000,19522.2915380000,19064.0704024040,19064.0704024040,1,SRM-USDT
2022-07-28 13:00:00,1658984400000,0.9720000000,0.9810000000,0.9690000000,0.9800000000,22606.9709880000,21995.4985060900,21995.4985060900,1,SRM-USDT
2022-07-28 14:00:00,1658988000000,0.9820000000,0.9840000000,0.9700000000,0.9700000000,28610.6667790000,27940.7763521190,27940.7763521190,1,SRM-USDT
2022-07-28 15:00:00,1658991600000,0.9720000000,0.9720000000,0.9580000000,0.9580000000,34107.1899370000,32855.6776957600,32855.6776957600,1,SRM-USDT
2022-07-28 16:00:00,1658995200000,0.9590000000,0.9620000000,0.9560000000,0.9580000000,33478.7751460000,32092.0024448350,32092.0024448350,1,SRM-USDT
2022-07-28 17:00:00,1658998800000,0.9590000000,0.9630000000,0.9520000000,0.9610000000,13424.1439080000,12856.3909647940,12856.3909647940,1,SRM-USDT
2022-07-28 18:00:00,1659002400000,0.9610000000,0.9760000000,0.9610000000,0.9700000000,62457.6605060000,60575.5715481930,60575.5715481930,1,SRM-USDT
2022-07-28 19:00:00,1659006000000,0.9700000000,0.9760000000,0.9680000000,0.9740000000,32836.9106090000,31915.8733693930,31915.8733693930,1,SRM-USDT
2022-07-28 20:00:00,1659009600000,0.9740000000,0.9740000000,0.9450000000,0.9640000000,84364.3950610000,81005.6109582170,81005.6109582170,1,SRM-USDT
2022-07-28 21:00:00,1659013200000,0.9630000000,0.9820000000,0.9530000000,0.9590000000,60820.2887450000,58782.0868484570,58782.0868484570,1,SRM-USDT
2022-07-28 22:00:00,1659016800000,0.9600000000,0.9850000000,0.9550000000,0.9840000000,69733.8437470000,67508.8749220740,67508.8749220740,1,SRM-USDT
2022-07-28 23:00:00,1659020400000,0.9840000000,1.0020000000,0.9820000000,0.9980000000,107725.7806070000,106770.5955705210,106770.5955705210,1,SRM-USDT
2022-07-29 00:00:00,1659024000000,0.9990000000,1.0120000000,0.9980000000,1.0030000000,47968.4851700000,48173.8558394440,48173.8558394440,1,SRM-USDT
2022-07-29 01:00:00,1659027600000,1.0020000000,1.0180000000,1.0010000000,1.0170000000,61106.9003260000,61729.6290803750,61729.6290803750,1,SRM-USDT
2022-07-29 02:00:00,1659031200000,1.0140000000,1.0140000000,0.9940000000,0.9980000000,43266.7576990000,43298.3250912790,43298.3250912790,1,SRM-USDT
2022-07-29 03:00:00,1659034800000,0.9980000000,1.0060000000,0.9980000000,1.0050000000,8182.5607720000,8193.5376566170,8193.5376566170,1,SRM-USDT
2022-07-29 04:00:00,1659038400000,1.0060000000,1.0270000000,1.0060000000,1.0180000000,45322.5246790000,46097.4296573180,46097.4296573180,1,SRM-USDT
2022-07-29 05:00:00,1659042000000,1.0190000000,1.0220000000,1.0060000000,1.0110000000,16046.3411450000,16253.6012606320,16253.6012606320,1,SRM-USDT
2022-07-29 06:00:00,1659045600000,1.0110000000,1.0140000000,1.0070000000,1.0100000000,23802.3577110000,24043.3137705710,24043.3137705710,1,SRM-USDT
2022-07-29 07:00:00,1659049200000,1.0090000000,1.0100000000,1.0010000000,1.0030000000,10720.7235260000,10765.3838341200,10765.3838341200,1,SRM-USDT
2022-07-29 08:00:00,1659052800000,1.0030000000,1.0350000000,0.9970000000,1.0340000000,78052.1880710000,79241.8288975100,79241.8288975100,1,SRM-USDT
2022-07-29 09:00:00,1659056400000,1.0320000000,1.0320000000,1.0150000000,1.0230000000,35682.0444450000,36475.6945692690,36475.6945692690,1,SRM-USDT
2022-07-29 10:00:00,1659060000000,1.0220000000,1.0250000000,1.0130000000,1.0150000000,29102.6000270000,29652.8268485260,29652.8268485260,1,SRM-USDT
2022-07-29 11:00:00,1659063600000,1.0150000000,1.0540000000,1.0130000000,1.0510000000,90680.3984530000,94352.4414327010,94352.4414327010,1,SRM-USDT
2022-07-29 12:00:00,1659067200000,1.0510000000,1.0520000000,1.0440000000,1.0480000000,41987.4834490000,43979.7533596130,43979.7533596130,1,SRM-USDT
2022-07-29 13:00:00,1659070800000,1.0470000000,1.0480000000,1.0370000000,1.0420000000,22939.5464270000,23943.1871099100,23943.1871099100,1,SRM-USDT
2022-07-29 14:00:00,1659074400000,1.0430000000,1.0510000000,1.0240000000,1.0260000000,41014.9061160000,42566.2421284770,42566.2421284770,1,SRM-USDT
2022-07-29 15:00:00,1659078000000,1.0270000000,1.0290000000,1.0160000000,1.0220000000,87986.3889520000,89911.5727481690,89911.5727481690,1,SRM-USDT
2022-07-29 16:00:00,1659081600000,1.0220000000,1.0310000000,1.0090000000,1.0260000000,89138.9163150000,91415.4992444150,91415.4992444150,1,SRM-USDT
2022-07-29 17:00:00,1659085200000,1.0260000000,1.0390000000,1.0220000000,1.0390000000,35091.3812750000,36105.5644014350,36105.5644014350,1,SRM-USDT
2022-07-29 18:00:00,1659088800000,1.0390000000,1.0450000000,1.0310000000,1.0320000000,45549.1313730000,47272.3896712560,47272.3896712560,1,SRM-USDT
2022-07-29 19:00:00,1659092400000,1.0320000000,1.0330000000,0.9960000000,1.0020000000,88802.9966220000,89618.5749832150,89618.5749832150,1,SRM-USDT
2022-07-29 20:00:00,1659096000000,1.0030000000,1.0050000000,0.9780000000,0.9850000000,73630.3686220000,72843.1112920710,72843.1112920710,1,SRM-USDT
2022-07-29 21:00:00,1659099600000,0.9860000000,1.0090000000,0.9830000000,1.0060000000,45951.0482950000,45860.6999444350,45860.6999444350,1,SRM-USDT
2022-07-29 22:00:00,1659103200000,1.0070000000,1.0260000000,1.0070000000,1.0100000000,45580.8290120000,46463.5431579520,46463.5431579520,1,SRM-USDT
2022-07-29 23:00:00,1659106800000,1.0090000000,1.0180000000,1.0060000000,1.0160000000,29721.0714130000,30115.6676262440,30115.6676262440,1,SRM-USDT
2022-07-30 00:00:00,1659110400000,1.0150000000,1.0160000000,0.9910000000,1.0070000000,46652.9777360000,46640.7245503970,46640.7245503970,1,SRM-USDT
2022-07-30 01:00:00,1659114000000,1.0050000000,1.0050000000,0.9880000000,1.0010000000,29658.1709980000,29637.9815716120,29637.9815716120,1,SRM-USDT
2022-07-30 02:00:00,1659117600000,1.0010000000,1.0190000000,1.0000000000,1.0140000000,46733.5886330000,47434.9440551890,47434.9440551890,1,SRM-USDT
2022-07-30 03:00:00,1659121200000,1.0140000000,1.0230000000,1.0110000000,1.0190000000,41574.6085530000,42287.7429282870,42287.7429282870,1,SRM-USDT
2022-07-30 04:00:00,1659124800000,1.0190000000,1.0260000000,1.0160000000,1.0210000000,77479.2502220000,79160.8631455050,79160.8631455050,1,SRM-USDT
2022-07-30 05:00:00,1659128400000,1.0210000000,1.0260000000,1.0100000000,1.0170000000,15619.3243340000,15905.0723730230,15905.0723730230,1,SRM-USDT
2022-07-30 06:00:00,1659132000000,1.0160000000,1.0300000000,1.0140000000,1.0290000000,20992.9751630000,21423.8151763450,21423.8151763450,1,SRM-USDT
2022-07-30 07:00:00,1659135600000,1.0280000000,1.0380000000,1.0060000000,1.0100000000,35783.7936560000,36715.8435470760,36715.8435470760,1,SRM-USDT
2022-07-30 08:00:00,1659139200000,1.0100000000,1.0300000000,1.0090000000,1.0280000000,45459.7661100000,46422.5147151960,46422.5147151960,1,SRM-USDT
2022-07-30 09:00:00,1659142800000,1.0270000000,1.0290000000,1.0030000000,1.0260000000,80216.8191990000,81741.9143422560,81741.9143422560,1,SRM-USDT
2022-07-30 10:00:00,1659146400000,1.0250000000,1.0250000000,1.0090000000,1.0160000000,60743.0728870000,61727.4826407010,61727.4826407010,1,SRM-USDT
2022-07-30 11:00:00,1659150000000,1.0150000000,1.0160000000,1.0060000000,1.0130000000,81446.8312500000,82356.3173088720,82356.3173088720,1,SRM-USDT
2022-07-30 12:00:00,1659153600000,1.0130000000,1.0170000000,0.9940000000,0.9990000000,69668.9990490000,70188.4439768180,70188.4439768180,1,SRM-USDT
2022-07-30 13:00:00,1659157200000,1.0020000000,1.0090000000,1.0000000000,1.0040000000,17937.5729450000,18018.0926911780,18018.0926911780,1,SRM-USDT
2022-07-30 14:00:00,1659160800000,1.0060000000,1.0160000000,1.0050000000,1.0140000000,35540.0694230000,35958.6244779460,35958.6244779460,1,SRM-USDT
2022-07-30 15:00:00,1659164400000,1.0150000000,1.0200000000,1.0110000000,1.0120000000,28178.6380610000,28622.9015524340,28622.9015524340,1,SRM-USDT
2022-07-30 16:00:00,1659168000000,1.0130000000,1.0200000000,1.0100000000,1.0140000000,37161.5137610000,37707.5394748370,37707.5394748370,1,SRM-USDT
2022-07-30 17:00:00,1659171600000,1.0150000000,1.0210000000,1.0110000000,1.0150000000,44853.3378640000,45607.4381395250,45607.4381395250,1,SRM-USDT
2022-07-30 18:00:00,1659175200000,1.0150000000,1.0150000000,0.9980000000,1.0040000000,46331.6172090000,46545.3336955250,46545.3336955250,1,SRM-USDT
2022-07-30 19:00:00,1659178800000,1.0030000000,1.0250000000,1.0030000000,1.0220000000,49967.5583160000,50613.4739614320,50613.4739614320,1,SRM-USDT
2022-07-30 20:00:00,1659182400000,1.0220000000,1.0470000000,1.0220000000,1.0350000000,111424.3639340000,115477.5316245490,115477.5316245490,1,SRM-USDT
2022-07-30 21:00:00,1659186000000,1.0350000000,1.0420000000,1.0310000000,1.0390000000,60173.1897250000,62406.6191185420,62406.6191185420,1,SRM-USDT
2022-07-30 22:00:00,1659189600000,1.0380000000,1.0460000000,1.0320000000,1.0370000000,114028.4822600000,118601.1518117770,118601.1518117770,1,SRM-USDT
2022-07-30 23:00:00,1659193200000,1.0370000000,1.0610000000,1.0360000000,1.0580000000,83990.7853960000,88468.9990580580,88468.9990580580,1,SRM-USDT
2022-07-31 00:00:00,1659196800000,1.0570000000,1.0570000000,1.0470000000,1.0560000000,56601.4609160000,59611.2095163390,59611.2095163390,1,SRM-USDT
2022-07-31 01:00:00,1659200400000,1.0570000000,1.0620000000,1.0460000000,1.0550000000,65227.0926370000,68867.3622698000,68867.3622698000,1,SRM-USDT
2022-07-31 02:00:00,1659204000000,1.0540000000,1.0550000000,1.0460000000,1.0480000000,38713.3741550000,40625.9672244620,40625.9672244620,1,SRM-USDT
2022-07-31 03:00:00,1659207600000,1.0470000000,1.0480000000,1.0190000000,1.0220000000,77893.9315090000,80353.3231820310,80353.3231820310,1,SRM-USDT
2022-07-31 04:00:00,1659211200000,1.0200000000,1.0260000000,1.0070000000,1.0170000000,111975.2378950000,113753.4217889490,113753.4217889490,1,SRM-USDT
2022-07-31 05:00:00,1659214800000,1.0150000000,1.0180000000,1.0040000000,1.0060000000,81636.8042620000,82604.7794063940,82604.7794063940,1,SRM-USDT
2022-07-31 06:00:00,1659218400000,1.0020000000,1.0060000000,0.9880000000,1.0040000000,113668.2482060000,113219.7332514120,113219.7332514120,1,SRM-USDT
2022-07-31 07:00:00,1659222000000,1.0010000000,1.0020000000,0.9850000000,0.9970000000,58005.2644550000,57596.7829995830,57596.7829995830,1,SRM-USDT
2022-07-31 08:00:00,1659225600000,0.9960000000,1.0110000000,0.9870000000,1.0050000000,74456.3876150000,74577.1019459850,74577.1019459850,1,SRM-USDT
2022-07-31 09:00:00,1659229200000,1.0010000000,1.0060000000,0.9940000000,0.9960000000,48450.7397410000,48447.8449941250,48447.8449941250,1,SRM-USDT
2022-07-31 10:00:00,1659232800000,0.9950000000,1.0060000000,0.9950000000,1.0050000000,35153.4751960000,35128.0346709470,35128.0346709470,1,SRM-USDT
2022-07-31 11:00:00,1659236400000,1.0050000000,1.0080000000,0.9970000000,1.0000000000,30527.4515170000,30525.6239931770,30525.6239931770,1,SRM-USDT
2022-07-31 12:00:00,1659240000000,0.9980000000,1.0280000000,0.9980000000,1.0280000000,113274.0075030000,114857.6545353350,114857.6545353350,1,SRM-USDT
2022-07-31 13:00:00,1659243600000,1.0250000000,1.0330000000,1.0220000000,1.0230000000,67088.1404640000,68991.4481989840,68991.4481989840,1,SRM-USDT
2022-07-31 14:00:00,1659247200000,1.0220000000,1.0270000000,1.0180000000,1.0230000000,24717.8255790000,25269.0193566640,25269.0193566640,1,SRM-USDT
2022-07-31 15:00:00,1659250800000,1.0210000000,1.0270000000,1.0130000000,1.0150000000,41702.0434810000,42566.8531759730,42566.8531759730,1,SRM-USDT
2022-07-31 16:00:00,1659254400000,1.0130000000,1.0190000000,0.9940000000,0.9960000000,52163.5432860000,52256.9168684310,52256.9168684310,1,SRM-USDT
2022-07-31 17:00:00,1659258000000,0.9950000000,1.0060000000,0.9910000000,1.0060000000,28916.1937810000,28789.9142662300,28789.9142662300,1,SRM-USDT
2022-07-31 18:00:00,1659261600000,1.0070000000,1.0200000000,1.0040000000,1.0170000000,45967.1448710000,46515.2514418800,46515.2514418800,1,SRM-USDT
2022-07-31 19:00:00,1659265200000,1.0170000000,1.0210000000,1.0100000000,1.0180000000,56034.7277100000,56942.3667265240,56942.3667265240,1,SRM-USDT
2022-07-31 20:00:00,1659268800000,1.0160000000,1.0300000000,1.0100000000,1.0280000000,54517.5794340000,55525.8529603100,55525.8529603100,1,SRM-USDT
2022-07-31 21:00:00,1659272400000,1.0280000000,1.0310000000,1.0160000000,1.0200000000,53959.0811760000,55239.8052672890,55239.8052672890,1,SRM-USDT
2022-07-31 22:00:00,1659276000000,1.0190000000,1.0270000000,1.0100000000,1.0140000000,63127.3951700000,64131.4937130700,64131.4937130700,1,SRM-USDT
2022-07-31 23:00:00,1659279600000,1.0160000000,1.0290000000,1.0130000000,1.0270000000,20540.6313410000,20970.3216221860,20970.3216221860,1,SRM-USDT
2022-08-01 00:00:00,1659283200000,1.0270000000,1.0370000000,1.0200000000,1.0310000000,49871.6699170000,51290.9605667430,51290.9605667430,1,SRM-USDT
2022-08-01 01:00:00,1659286800000,1.0320000000,1.0350000000,1.0280000000,1.0330000000,20905.3014650000,21581.7694267970,21581.7694267970,1,SRM-USDT
2022-08-01 02:00:00,1659290400000,1.0340000000,1.0420000000,0.9980000000,1.0200000000,184814.5264420000,188297.9874356920,188297.9874356920,1,SRM-USDT
2022-08-01 03:00:00,1659294000000,1.0190000000,1.0360000000,1.0160000000,1.0210000000,90020.6827840000,92366.6706798650,92366.6706798650,1,SRM-USDT
2022-08-01 04:00:00,1659297600000,1.0200000000,1.0220000000,1.0130000000,1.0190000000,50519.7519500000,51394.5365623680,51394.5365623680,1,SRM-USDT
2022-08-01 05:00:00,1659301200000,1.0190000000,1.0260000000,1.0120000000,1.0120000000,46168.9547650000,47008.5319641070,47008.5319641070,1,SRM-USDT
2022-08-01 06:00:00,1659304800000,1.0120000000,1.0140000000,0.9860000000,0.9950000000,190480.4866470000,190639.7027624120,190639.7027624120,1,SRM-USDT
2022-08-01 07:00:00,1659308400000,0.9930000000,1.0000000000,0.9860000000,0.9940000000,60694.6796840000,60160.3741591290,60160.3741591290,1,SRM-USDT
2022-08-01 08:00:00,1659312000000,0.9910000000,1.0070000000,0.9880000000,1.0060000000,77290.5906710000,77206.5041209590,77206.5041209590,1,SRM-USDT
2022-08-01 09:00:00,1659315600000,1.0040000000,1.0180000000,1.0010000000,1.0170000000,68092.7025820000,68722.5308459250,68722.5308459250,1,SRM-USDT
2022-08-01 10:00:00,1659319200000,1.0170000000,1.0250000000,1.0070000000,1.0120000000,44288.0559680000,44887.5566405410,44887.5566405410,1,SRM-USDT
2022-08-01 11:00:00,1659322800000,1.0110000000,1.0160000000,1.0050000000,1.0140000000,40781.5043980000,41188.7992172770,41188.7992172770,1,SRM-USDT
2022-08-01 12:00:00,1659326400000,1.0150000000,1.0180000000,1.0100000000,1.0180000000,45799.5924990000,46440.2004951980,46440.2004951980,1,SRM-USDT
2022-08-01 13:00:00,1659330000000,1.0160000000,1.0190000000,1.0070000000,1.0120000000,52084.7275120000,52697.3123326440,52697.3123326440,1,SRM-USDT
2022-08-01 14:00:00,1659333600000,1.0100000000,1.0120000000,0.9930000000,1.0010000000,50259.3812510000,50350.5536545170,50350.5536545170,1,SRM-USDT
2022-08-01 15:00:00,1659337200000,1.0020000000,1.0070000000,0.9930000000,1.0070000000,27986.5933640000,27973.2853158110,27973.2853158110,1,SRM-USDT
2022-08-01 16:00:00,1659340800000,1.0070000000,1.0100000000,1.0030000000,1.0030000000,18447.4930660000,18572.3961573500,18572.3961573500,1,SRM-USDT
2022-08-01 17:00:00,1659344400000,1.0030000000,1.0150000000,1.0020000000,1.0110000000,43281.2723920000,43724.6924474060,43724.6924474060,1,SRM-USDT
2022-08-01 18:00:00,1659348000000,1.0130000000,1.0150000000,0.9940000000,0.9970000000,103277.6513240000,103765.6828341370,103765.6828341370,1,SRM-USDT
2022-08-01 19:00:00,1659351600000,0.9940000000,1.0060000000,0.9850000000,1.0060000000,83680.1283130000,83351.8143939970,83351.8143939970,1,SRM-USDT
2022-08-01 20:00:00,1659355200000,1.0040000000,1.0120000000,0.9960000000,0.9990000000,48233.1586080000,48435.5777028530,48435.5777028530,1,SRM-USDT
2022-08-01 21:00:00,1659358800000,0.9970000000,1.0120000000,0.9880000000,1.0090000000,81411.8251220000,81146.4068221680,81146.4068221680,1,SRM-USDT
2022-08-01 22:00:00,1659362400000,1.0060000000,1.0250000000,1.0060000000,1.0200000000,144968.7843400000,147401.5823416770,147401.5823416770,1,SRM-USDT
2022-08-01 23:00:00,1659366000000,1.0200000000,1.0270000000,1.0140000000,1.0210000000,65286.1602520000,66690.8009663570,66690.8009663570,1,SRM-USDT
2022-08-02 00:00:00,1659369600000,1.0170000000,1.0200000000,1.0100000000,1.0140000000,32505.9740370000,32976.7265934860,32976.7265934860,1,SRM-USDT
2022-08-02 01:00:00,1659373200000,1.0110000000,1.0130000000,0.9870000000,0.9950000000,117370.4265040000,117201.1766947300,117201.1766947300,1,SRM-USDT
2022-08-02 02:00:00,1659376800000,0.9940000000,0.9970000000,0.9840000000,0.9970000000,35472.7901840000,35161.8159000250,35161.8159000250,1,SRM-USDT
2022-08-02 03:00:00,1659380400000,0.9950000000,1.0010000000,0.9930000000,0.9990000000,52460.8954920000,52347.8230529850,52347.8230529850,1,SRM-USDT
2022-08-02 04:00:00,1659384000000,0.9990000000,1.0090000000,0.9980000000,1.0090000000,60946.3619680000,61122.6385689420,61122.6385689420,1,SRM-USDT
2022-08-02 05:00:00,1659387600000,1.0090000000,1.0100000000,1.0010000000,1.0060000000,25686.4448680000,25833.0816585650,25833.0816585650,1,SRM-USDT
2022-08-02 06:00:00,1659391200000,1.0050000000,1.0140000000,0.9980000000,1.0140000000,34967.8363410000,35150.2818874540,35150.2818874540,1,SRM-USDT
2022-08-02 07:00:00,1659394800000,1.0130000000,1.0210000000,1.0130000000,1.0170000000,58885.7858280000,59914.1439963750,59914.1439963750,1,SRM-USDT
2022-08-02 08:00:00,1659398400000,1.0160000000,1.0590000000,1.0140000000,1.0290000000,233855.9779150000,242331.2838297640,242331.2838297640,1,SRM-USDT
2022-08-02 09:00:00,1659402000000,1.0270000000,1.0340000000,0.9950000000,0.9970000000,126621.8140520000,128792.4462733220,128792.4462733220,1,SRM-USDT
2022-08-02 10:00:00,1659405600000,0.9930000000,1.0050000000,0.9710000000,0.9750000000,125418.3592770000,124114.7043902660,124114.7043902660,1,SRM-USDT
2022-08-02 11:00:00,1659409200000,0.9760000000,0.9760000000,0.9410000000,0.9460000000,196302.4977930000,187523.7748755620,187523.7748755620,1,SRM-USDT
2022-08-02 12:00:00,1659412800000,0.9440000000,0.9530000000,0.9350000000,0.9450000000,181417.8772580000,171495.4468617470,171495.4468617470,1,SRM-USDT
2022-08-02 13:00:00,1659416400000,0.9440000000,0.9590000000,0.9420000000,0.9550000000,142618.4027730000,136117.7689971390,136117.7689971390,1,SRM-USDT
2022-08-02 14:00:00,1659420000000,0.9560000000,0.9620000000,0.9550000000,0.9560000000,71997.7446960000,69058.2492846540,69058.2492846540,1,SRM-USDT
2022-08-02 15:00:00,1659423600000,0.9550000000,0.9570000000,0.9440000000,0.9540000000,55259.5711680000,52482.6051554560,52482.6051554560,1,SRM-USDT
2022-08-02 16:00:00,1659427200000,0.9540000000,0.9550000000,0.9490000000,0.9510000000,46229.8230930000,44004.5869191090,44004.5869191090,1,SRM-USDT
2022-08-02 17:00:00,1659430800000,0.9500000000,0.9520000000,0.9390000000,0.9470000000,86584.6564510000,81881.2255170660,81881.2255170660,1,SRM-USDT
2022-08-02 18:00:00,1659434400000,0.9460000000,0.9590000000,0.9410000000,0.9550000000,93661.8218100000,88951.6755797600,88951.6755797600,1,SRM-USDT
2022-08-02 19:00:00,1659438000000,0.9570000000,0.9710000000,0.9550000000,0.9570000000,81195.5824020000,78220.3100339820,78220.3100339820,1,SRM-USDT
2022-08-02 20:00:00,1659441600000,0.9560000000,0.9620000000,0.9400000000,0.9460000000,69408.3383280000,65926.5624523370,65926.5624523370,1,SRM-USDT
2022-08-02 21:00:00,1659445200000,0.9460000000,0.9620000000,0.9430000000,0.9580000000,82643.0254740000,78806.3471021440,78806.3471021440,1,SRM-USDT
2022-08-02 22:00:00,1659448800000,0.9560000000,0.9740000000,0.9450000000,0.9700000000,163141.8384070000,156302.1710537740,156302.1710537740,1,SRM-USDT
2022-08-02 23:00:00,1659452400000,0.9710000000,0.9770000000,0.9600000000,0.9710000000,52369.4194530000,50728.1554223840,50728.1554223840,1,SRM-USDT
2022-08-03 00:00:00,1659456000000,0.9710000000,0.9910000000,0.9680000000,0.9870000000,75138.9667860000,73557.4895382200,73557.4895382200,1,SRM-USDT
2022-08-03 01:00:00,1659459600000,0.9860000000,0.9930000000,0.9750000000,0.9780000000,94314.3746540000,92679.2047181420,92679.2047181420,1,SRM-USDT
2022-08-03 02:00:00,1659463200000,0.9770000000,0.9830000000,0.9660000000,0.9680000000,23008.6310790000,22474.4053007630,22474.4053007630,1,SRM-USDT
2022-08-03 03:00:00,1659466800000,0.9650000000,0.9750000000,0.9610000000,0.9710000000,40616.8525590000,39320.9133247450,39320.9133247450,1,SRM-USDT
2022-08-03 04:00:00,1659470400000,0.9700000000,0.9760000000,0.9680000000,0.9740000000,37534.3202360000,36435.9802468930,36435.9802468930,1,SRM-USDT
2022-08-03 05:00:00,1659474000000,0.9750000000,0.9750000000,0.9600000000,0.9670000000,29746.7808860000,28689.7805107940,28689.7805107940,1,SRM-USDT
2022-08-03 06:00:00,1659477600000,0.9670000000,0.9720000000,0.9630000000,0.9680000000,29616.1895260000,28667.5103329610,28667.5103329610,1,SRM-USDT
2022-08-03 07:00:00,1659481200000,0.9660000000,0.9700000000,0.9480000000,0.9510000000,83211.0380170000,79821.1470210670,79821.1470210670,1,SRM-USDT
2022-08-03 08:00:00,1659484800000,0.9490000000,0.9590000000,0.9240000000,0.9290000000,169322.6843370000,159106.9416410560,159106.9416410560,1,SRM-USDT
2022-08-03 09:00:00,1659488400000,0.9290000000,0.9400000000,0.9230000000,0.9350000000,69715.8732950000,65100.1382756510,65100.1382756510,1,SRM-USDT
2022-08-03 10:00:00,1659492000000,0.9350000000,0.9380000000,0.9270000000,0.9310000000,42703.3080560000,39879.6865909910,39879.6865909910,1,SRM-USDT
2022-08-03 11:00:00,1659495600000,0.9310000000,0.9400000000,0.9300000000,0.9360000000,15441.5187480000,14453.7049167870,14453.7049167870,1,SRM-USDT
2022-08-03 12:00:00,1659499200000,0.9360000000,0.9400000000,0.9340000000,0.9390000000,54671.8245280000,51269.7700218960,51269.7700218960,1,SRM-USDT
2022-08-03 13:00:00,1659502800000,0.9370000000,0.9490000000,0.9360000000,0.9480000000,38525.4716930000,36322.1686329890,36322.1686329890,1,SRM-USDT
2022-08-03 14:00:00,1659506400000,0.9460000000,0.9540000000,0.9440000000,0.9480000000,32874.4038800000,31221.4924600000,31221.4924600000,1,SRM-USDT
2022-08-03 15:00:00,1659510000000,0.9470000000,0.9480000000,0.9410000000,0.9430000000,18648.6139520000,17633.9536914580,17633.9536914580,1,SRM-USDT
2022-08-03 16:00:00,1659513600000,0.9420000000,0.9560000000,0.9410000000,0.9560000000,49287.0466360000,46819.9681912280,46819.9681912280,1,SRM-USDT
2022-08-03 17:00:00,1659517200000,0.9540000000,0.9600000000,0.9540000000,0.9570000000,59400.2439120000,56810.7769588240,56810.7769588240,1,SRM-USDT
2022-08-03 18:00:00,1659520800000,0.9550000000,0.9630000000,0.9550000000,0.9610000000,52724.0033960000,50592.0877504790,50592.0877504790,1,SRM-USDT
2022-08-03 19:00:00,1659524400000,0.9600000000,0.9660000000,0.9580000000,0.9620000000,39304.0384010000,37805.5312770080,37805.5312770080,1,SRM-USDT
2022-08-03 20:00:00,1659528000000,0.9610000000,0.9690000000,0.9540000000,0.9560000000,72915.9359630000,69999.8210491710,69999.8210491710,1,SRM-USDT
2022-08-03 21:00:00,1659531600000,0.9550000000,0.9710000000,0.9540000000,0.9660000000,68065.5742000000,65437.6572200940,65437.6572200940,1,SRM-USDT
2022-08-03 22:00:00,1659535200000,0.9640000000,0.9670000000,0.9540000000,0.9590000000,47692.0913150000,45873.7590662600,45873.7590662600,1,SRM-USDT
2022-08-03 23:00:00,1659538800000,0.9570000000,0.9670000000,0.9550000000,0.9640000000,73316.5427810000,70505.8365967840,70505.8365967840,1,SRM-USDT
2022-08-04 00:00:00,1659542400000,0.9620000000,0.9710000000,0.9580000000,0.9690000000,63846.9722170000,61486.9425488890,61486.9425488890,1,SRM-USDT
2022-08-04 01:00:00,1659546000000,0.9680000000,0.9710000000,0.9660000000,0.9700000000,43544.3682270000,42165.6775569300,42165.6775569300,1,SRM-USDT
2022-08-04 02:00:00,1659549600000,0.9690000000,0.9710000000,0.9670000000,0.9690000000,13308.8525500000,12887.9761089700,12887.9761089700,1,SRM-USDT
2022-08-04 03:00:00,1659553200000,0.9670000000,0.9710000000,0.9650000000,0.9670000000,61347.7693260000,59295.6300663700,59295.6300663700,1,SRM-USDT
2022-08-04 04:00:00,1659556800000,0.9660000000,0.9680000000,0.9570000000,0.9590000000,28141.6681890000,27054.3638417740,27054.3638417740,1,SRM-USDT
2022-08-04 05:00:00,1659560400000,0.9570000000,0.9620000000,0.9570000000,0.9580000000,23299.7186430000,22319.4408308950,22319.4408308950,1,SRM-USDT
2022-08-04 06:00:00,1659564000000,0.9560000000,0.9560000000,0.9380000000,0.9410000000,143710.4926020000,136410.9110239520,136410.9110239520,1,SRM-USDT
2022-08-04 07:00:00,1659567600000,0.9400000000,0.9410000000,0.9310000000,0.9370000000,87450.0150040000,81788.0268038130,81788.0268038130,1,SRM-USDT
2022-08-04 08:00:00,1659571200000,0.9370000000,0.9510000000,0.9340000000,0.9490000000,62126.9690280000,58586.1083079300,58586.1083079300,1,SRM-USDT
2022-08-04 09:00:00,1659574800000,0.9490000000,0.9560000000,0.9480000000,0.9500000000,111116.5563320000,105896.4187358240,105896.4187358240,1,SRM-USDT
2022-08-04 10:00:00,1659578400000,0.9500000000,0.9550000000,0.9480000000,0.9510000000,28815.8373850000,27410.2541253570,27410.2541253570,1,SRM-USDT
2022-08-04 11:00:00,1659582000000,0.9500000000,0.9550000000,0.9470000000,0.9530000000,68929.8681560000,65464.8443589020,65464.8443589020,1,SRM-USDT
2022-08-04 12:00:00,1659585600000,0.9530000000,0.9670000000,0.9510000000,0.9630000000,35944.6699880000,34526.6434565390,34526.6434565390,1,SRM-USDT
2022-08-04 13:00:00,1659589200000,0.9620000000,0.9670000000,0.9560000000,0.9590000000,16324.9203220000,15668.9697827330,15668.9697827330,1,SRM-USDT
2022-08-04 14:00:00,1659592800000,0.9580000000,0.9630000000,0.9360000000,0.9460000000,41917.0141370000,39734.7276752080,39734.7276752080,1,SRM-USDT
2022-08-04 15:00:00,1659596400000,0.9440000000,0.9500000000,0.9430000000,0.9460000000,44836.2332010000,42410.3765717220,42410.3765717220,1,SRM-USDT
2022-08-04 16:00:00,1659600000000,0.9440000000,0.9460000000,0.9350000000,0.9370000000,34190.8075230000,32195.8368162290,32195.8368162290,1,SRM-USDT
2022-08-04 17:00:00,1659603600000,0.9340000000,0.9420000000,0.9340000000,0.9400000000,48301.2054790000,45286.9207836260,45286.9207836260,1,SRM-USDT
2022-08-04 18:00:00,1659607200000,0.9400000000,0.9440000000,0.9380000000,0.9420000000,65813.3146690000,62001.3272688010,62001.3272688010,1,SRM-USDT
2022-08-04 19:00:00,1659610800000,0.9410000000,0.9430000000,0.9350000000,0.9360000000,62535.5183490000,58604.2092833780,58604.2092833780,1,SRM-USDT
2022-08-04 20:00:00,1659614400000,0.9360000000,0.9420000000,0.9280000000,0.9370000000,66430.4775890000,62050.1868397090,62050.1868397090,1,SRM-USDT
2022-08-04 21:00:00,1659618000000,0.9370000000,0.9480000000,0.9350000000,0.9440000000,52442.2089940000,49298.4077342910,49298.4077342910,1,SRM-USDT
2022-08-04 22:00:00,1659621600000,0.9430000000,0.9450000000,0.9300000000,0.9390000000,68883.2710840000,64512.3805435060,64512.3805435060,1,SRM-USDT
2022-08-04 23:00:00,1659625200000,0.9390000000,0.9510000000,0.9390000000,0.9510000000,83711.1088270000,79046.1476010530,79046.1476010530,1,SRM-USDT
2022-08-05 00:00:00,1659628800000,0.9510000000,0.9570000000,0.9290000000,0.9320000000,47474.7931410000,44929.3513950420,44929.3513950420,1,SRM-USDT
2022-08-05 01:00:00,1659632400000,0.9310000000,0.9420000000,0.9300000000,0.9410000000,22509.8454110000,21080.7499444780,21080.7499444780,1,SRM-USDT
2022-08-05 02:00:00,1659636000000,0.9410000000,0.9460000000,0.9310000000,0.9420000000,44273.8529970000,41569.7079914420,41569.7079914420,1,SRM-USDT
2022-08-05 03:00:00,1659639600000,0.9420000000,0.9510000000,0.9400000000,0.9450000000,50495.6841460000,47706.5594812170,47706.5594812170,1,SRM-USDT
2022-08-05 04:00:00,1659643200000,0.9460000000,0.9480000000,0.9420000000,0.9450000000,15344.0034490000,14505.0829636470,14505.0829636470,1,SRM-USDT
2022-08-05 05:00:00,1659646800000,0.9460000000,0.9490000000,0.9410000000,0.9420000000,27040.0218350000,25538.9826663630,25538.9826663630,1,SRM-USDT
2022-08-05 06:00:00,1659650400000,0.9420000000,0.9520000000,0.9410000000,0.9500000000,21933.5874080000,20797.6888966340,20797.6888966340,1,SRM-USDT
2022-08-05 07:00:00,1659654000000,0.9500000000,0.9600000000,0.9500000000,0.9570000000,45340.7190790000,43218.3684229220,43218.3684229220,1,SRM-USDT
2022-08-05 08:00:00,1659657600000,0.9560000000,0.9590000000,0.9510000000,0.9510000000,28588.3476180000,27299.0619561930,27299.0619561930,1,SRM-USDT
2022-08-05 09:00:00,1659661200000,0.9520000000,0.9700000000,0.9520000000,0.9700000000,35295.0222830000,33989.7360515830,33989.7360515830,1,SRM-USDT
2022-08-05 10:00:00,1659664800000,0.9710000000,0.9790000000,0.9680000000,0.9720000000,57151.2157770000,55639.1105456110,55639.1105456110,1,SRM-USDT
2022-08-05 11:00:00,1659668400000,0.9720000000,0.9790000000,0.9710000000,0.9750000000,16641.1798400000,16206.0843927110,16206.0843927110,1,SRM-USDT
2022-08-05 12:00:00,1659672000000,0.9750000000,0.9820000000,0.9750000000,0.9810000000,35219.8099200000,34447.0896227630,34447.0896227630,1,SRM-USDT
2022-08-05 13:00:00,1659675600000,0.9810000000,0.9830000000,0.9720000000,0.9800000000,56877.0525460000,55526.0487428700,55526.0487428700,1,SRM-USDT
2022-08-05 14:00:00,1659679200000,0.9800000000,0.9890000000,0.9800000000,0.9830000000,20582.0870610000,20242.5129138980,20242.5129138980,1,SRM-USDT
2022-08-05 15:00:00,1659682800000,0.9820000000,0.9850000000,0.9770000000,0.9780000000,28713.5923530000,28166.0456600110,28166.0456600110,1,SRM-USDT
2022-08-05 16:00:00,1659686400000,0.9770000000,0.9800000000,0.9720000000,0.9770000000,26230.0199560000,25575.7202599140,25575.7202599140,1,SRM-USDT
2022-08-05 17:00:00,1659690000000,0.9760000000,0.9880000000,0.9750000000,0.9880000000,44352.0957810000,43519.9616019080,43519.9616019080,1,SRM-USDT
2022-08-05 18:00:00,1659693600000,0.9870000000,0.9890000000,0.9820000000,0.9850000000,23141.1375170000,22790.7682781600,22790.7682781600,1,SRM-USDT
2022-08-05 19:00:00,1659697200000,0.9850000000,1.0040000000,0.9840000000,1.0000000000,64488.9480990000,64286.0425584540,64286.0425584540,1,SRM-USDT
2022-08-05 20:00:00,1659700800000,0.9990000000,1.0030000000,0.9730000000,0.9800000000,91852.3746110000,91000.2449233850,91000.2449233850,1,SRM-USDT
2022-08-05 21:00:00,1659704400000,0.9810000000,0.9830000000,0.9700000000,0.9810000000,43070.1410240000,42126.0062766910,42126.0062766910,1,SRM-USDT
2022-08-05 22:00:00,1659708000000,0.9800000000,0.9950000000,0.9800000000,0.9890000000,43219.6474270000,42784.1700861240,42784.1700861240,1,SRM-USDT
2022-08-05 23:00:00,1659711600000,0.9900000000,0.9900000000,0.9750000000,0.9780000000,25302.6197940000,24801.6449555060,24801.6449555060,1,SRM-USDT
2022-08-06 00:00:00,1659715200000,0.9770000000,0.9820000000,0.9730000000,0.9790000000,35794.4093270000,34958.1270899620,34958.1270899620,1,SRM-USDT
2022-08-06 01:00:00,1659718800000,0.9770000000,0.9820000000,0.9730000000,0.9740000000,21480.6812790000,20988.7448231190,20988.7448231190,1,SRM-USDT
2022-08-06 02:00:00,1659722400000,0.9730000000,0.9770000000,0.9730000000,0.9740000000,15739.0485410000,15342.2171921390,15342.2171921390,1,SRM-USDT
2022-08-06 03:00:00,1659726000000,0.9750000000,0.9800000000,0.9750000000,0.9790000000,22659.5534840000,22156.5087829820,22156.5087829820,1,SRM-USDT
2022-08-06 04:00:00,1659729600000,0.9780000000,0.9810000000,0.9740000000,0.9800000000,29869.7406690000,29224.2221524340,29224.2221524340,1,SRM-USDT
2022-08-06 05:00:00,1659733200000,0.9810000000,0.9880000000,0.9810000000,0.9870000000,30715.7477950000,30268.8032358790,30268.8032358790,1,SRM-USDT
2022-08-06 06:00:00,1659736800000,0.9860000000,0.9950000000,0.9860000000,0.9940000000,13326.3212980000,13215.3229000590,13215.3229000590,1,SRM-USDT
2022-08-06 07:00:00,1659740400000,0.9930000000,1.0010000000,0.9920000000,1.0010000000,35694.8350950000,35564.3871261880,35564.3871261880,1,SRM-USDT
2022-08-06 08:00:00,1659744000000,0.9990000000,1.0030000000,0.9930000000,0.9970000000,40663.1526310000,40518.7875955210,40518.7875955210,1,SRM-USDT
2022-08-06 09:00:00,1659747600000,0.9950000000,1.0040000000,0.9950000000,1.0010000000,20246.1219060000,20249.7714393060,20249.7714393060,1,SRM-USDT
2022-08-06 10:00:00,1659751200000,1.0000000000,1.0120000000,1.0000000000,1.0120000000,48376.8872470000,48620.1210994740,48620.1210994740,1,SRM-USDT
2022-08-06 11:00:00,1659754800000,1.0120000000,1.1320000000,1.0120000000,1.1030000000,1162912.4175600000,1261383.9075208800,1261383.9075208800,1,SRM-USDT
2022-08-06 12:00:00,1659758400000,1.1040000000,1.1090000000,1.0280000000,1.0330000000,1220480.6791200000,1291945.7974490901,1291945.7974490901,1,SRM-USDT
2022-08-06 13:00:00,1659762000000,1.0320000000,1.0370000000,1.0280000000,1.0360000000,106986.6935440000,110508.2011672150,110508.2011672150,1,SRM-USDT
2022-08-06 14:00:00,1659765600000,1.0360000000,1.0360000000,1.0250000000,1.0280000000,109427.3260560000,112588.6361958040,112588.6361958040,1,SRM-USDT
2022-08-06 15:00:00,1659769200000,1.0280000000,1.0340000000,1.0270000000,1.0310000000,61357.7695870000,63256.3631245130,63256.3631245130,1,SRM-USDT
2022-08-06 16:00:00,1659772800000,1.0320000000,1.0410000000,1.0310000000,1.0340000000,75548.4227460000,78212.8508545160,78212.8508545160,1,SRM-USDT
2022-08-06 17:00:00,1659776400000,1.0320000000,1.0340000000,1.0250000000,1.0270000000,24470.4152400000,25166.4448637770,25166.4448637770,1,SRM-USDT
2022-08-06 18:00:00,1659780000000,1.0260000000,1.0320000000,1.0260000000,1.0290000000,21866.5505720000,22497.3842469390,22497.3842469390,1,SRM-USDT
2022-08-06 19:00:00,1659783600000,1.0270000000,1.0320000000,1.0270000000,1.0310000000,53497.7980980000,55015.6673268350,55015.6673268350,1,SRM-USDT
2022-08-06 20:00:00,1659787200000,1.0290000000,1.0390000000,1.0290000000,1.0360000000,65181.1152390000,67378.4907349280,67378.4907349280,1,SRM-USDT
2022-08-06 21:00:00,1659790800000,1.0350000000,1.0390000000,1.0330000000,1.0360000000,23058.0066050000,23910.1899086740,23910.1899086740,1,SRM-USDT
2022-08-06 22:00:00,1659794400000,1.0350000000,1.0370000000,1.0270000000,1.0280000000,49123.9441250000,50498.6690567800,50498.6690567800,1,SRM-USDT
2022-08-06 23:00:00,1659798000000,1.0270000000,1.0280000000,1.0240000000,1.0280000000,23388.6067490000,24005.2702597610,24005.2702597610,1,SRM-USDT
2022-08-07 00:00:00,1659801600000,1.0260000000,1.0300000000,1.0190000000,1.0200000000,29253.2894980000,30015.7131564610,30015.7131564610,1,SRM-USDT
2022-08-07 01:00:00,1659805200000,1.0180000000,1.0270000000,1.0080000000,1.0210000000,65887.9780920000,66852.2920705550,66852.2920705550,1,SRM-USDT
2022-08-07 02:00:00,1659808800000,1.0190000000,1.0230000000,1.0150000000,1.0220000000,11747.0832380000,11960.6412514150,11960.6412514150,1,SRM-USDT
2022-08-07 03:00:00,1659812400000,1.0200000000,1.0260000000,1.0200000000,1.0250000000,21932.6734470000,22426.5364682520,22426.5364682520,1,SRM-USDT
2022-08-07 04:00:00,1659816000000,1.0240000000,1.0270000000,1.0220000000,1.0260000000,18026.0857200000,18471.0605799420,18471.0605799420,1,SRM-USDT
2022-08-07 05:00:00,1659819600000,1.0250000000,1.0300000000,1.0240000000,1.0300000000,4880.6858380000,5008.1421056330,5008.1421056330,1,SRM-USDT
2022-08-07 06:00:00,1659823200000,1.0280000000,1.0310000000,1.0230000000,1.0260000000,9514.8246960000,9763.6539716790,9763.6539716790,1,SRM-USDT
2022-08-07 07:00:00,1659826800000,1.0250000000,1.0260000000,1.0060000000,1.0100000000,66589.7545460000,67494.2997623400,67494.2997623400,1,SRM-USDT
2022-08-07 08:00:00,1659830400000,1.0080000000,1.0120000000,0.9820000000,0.9930000000,60790.7554510000,60571.3077656570,60571.3077656570,1,SRM-USDT
2022-08-07 09:00:00,1659834000000,0.9910000000,1.0000000000,0.9860000000,0.9970000000,35017.9324730000,34811.0583777900,34811.0583777900,1,SRM-USDT
2022-08-07 10:00:00,1659837600000,0.9950000000,1.0080000000,0.9950000000,1.0060000000,20557.7250680000,20613.6340300450,20613.6340300450,1,SRM-USDT
2022-08-07 11:00:00,1659841200000,1.0040000000,1.0070000000,1.0000000000,1.0020000000,13142.5008310000,13185.2984764950,13185.2984764950,1,SRM-USDT
2022-08-07 12:00:00,1659844800000,1.0010000000,1.0100000000,1.0000000000,1.0040000000,38692.5682420000,38944.5591140160,38944.5591140160,1,SRM-USDT
2022-08-07 13:00:00,1659848400000,1.0020000000,1.0060000000,0.9990000000,1.0020000000,25733.4057230000,25794.9085402690,25794.9085402690,1,SRM-USDT
2022-08-07 14:00:00,1659852000000,1.0000000000,1.0040000000,1.0000000000,1.0040000000,7868.0835800000,7888.9143686650,7888.9143686650,1,SRM-USDT
2022-08-07 15:00:00,1659855600000,1.0020000000,1.0060000000,1.0010000000,1.0020000000,10486.0956700000,10521.2165226290,10521.2165226290,1,SRM-USDT
2022-08-07 16:00:00,1659859200000,1.0000000000,1.0030000000,0.9970000000,0.9980000000,48487.1719390000,48461.9561443520,48461.9561443520,1,SRM-USDT
2022-08-07 17:00:00,1659862800000,0.9970000000,1.0000000000,0.9940000000,0.9990000000,27537.7494080000,27451.5367757640,27451.5367757640,1,SRM-USDT
2022-08-07 18:00:00,1659866400000,0.9980000000,1.0040000000,0.9980000000,1.0040000000,28080.4398860000,28110.2442878130,28110.2442878130,1,SRM-USDT
2022-08-07 19:00:00,1659870000000,1.0030000000,1.0080000000,1.0030000000,1.0070000000,16029.2004340000,16106.1929952600,16106.1929952600,1,SRM-USDT
2022-08-07 20:00:00,1659873600000,1.0060000000,1.0220000000,1.0060000000,1.0200000000,33425.4800080000,33835.0589177680,33835.0589177680,1,SRM-USDT
2022-08-07 21:00:00,1659877200000,1.0210000000,1.0230000000,1.0180000000,1.0210000000,33364.1342160000,34014.6622532820,34014.6622532820,1,SRM-USDT
2022-08-07 22:00:00,1659880800000,1.0210000000,1.0250000000,1.0170000000,1.0210000000,24670.4099310000,25180.1570555960,25180.1570555960,1,SRM-USDT
2022-08-07 23:00:00,1659884400000,1.0190000000,1.0210000000,1.0160000000,1.0170000000,9795.0582640000,9971.3079847130,9971.3079847130,1,SRM-USDT
2022-08-08 00:00:00,1659888000000,1.0150000000,1.0210000000,1.0130000000,1.0180000000,24898.5728230000,25276.1255433830,25276.1255433830,1,SRM-USDT
2022-08-08 01:00:00,1659891600000,1.0190000000,1.0260000000,1.0170000000,1.0240000000,18613.1210010000,19054.4676008230,19054.4676008230,1,SRM-USDT
2022-08-08 02:00:00,1659895200000,1.0230000000,1.0250000000,1.0200000000,1.0200000000,19714.3860410000,20168.2118327290,20168.2118327290,1,SRM-USDT
2022-08-08 03:00:00,1659898800000,1.0200000000,1.0230000000,1.0190000000,1.0190000000,12615.8847260000,12887.2743092910,12887.2743092910,1,SRM-USDT
2022-08-08 04:00:00,1659902400000,1.0200000000,1.0250000000,1.0190000000,1.0250000000,21024.8280460000,21514.2330296230,21514.2330296230,1,SRM-USDT
2022-08-08 05:00:00,1659906000000,1.0250000000,1.0280000000,1.0230000000,1.0250000000,39037.3965560000,40024.2577232660,40024.2577232660,1,SRM-USDT
2022-08-08 06:00:00,1659909600000,1.0230000000,1.0250000000,1.0130000000,1.0140000000,39333.7331820000,40015.0901953100,40015.0901953100,1,SRM-USDT
2022-08-08 07:00:00,1659913200000,1.0120000000,1.0140000000,1.0070000000,1.0090000000,16794.1739480000,16934.4490033460,16934.4490033460,1,SRM-USDT
2022-08-08 08:00:00,1659916800000,1.0080000000,1.0280000000,1.0070000000,1.0200000000,69949.2710890000,71554.1200891050,71554.1200891050,1,SRM-USDT
2022-08-08 09:00:00,1659920400000,1.0210000000,1.0210000000,1.0150000000,1.0210000000,26834.4628540000,27335.8204641930,27335.8204641930,1,SRM-USDT
2022-08-08 10:00:00,1659924000000,1.0200000000,1.0320000000,1.0200000000,1.0290000000,31105.6099830000,31900.3854520340,31900.3854520340,1,SRM-USDT
2022-08-08 11:00:00,1659927600000,1.0260000000,1.0330000000,1.0250000000,1.0320000000,28063.4715940000,28893.3524689410,28893.3524689410,1,SRM-USDT
2022-08-08 12:00:00,1659931200000,1.0320000000,1.0320000000,1.0270000000,1.0300000000,28389.1726130000,29252.6254604690,29252.6254604690,1,SRM-USDT
2022-08-08 13:00:00,1659934800000,1.0300000000,1.0390000000,1.0280000000,1.0390000000,34559.3185630000,35757.2552562870,35757.2552562870,1,SRM-USDT
2022-08-08 14:00:00,1659938400000,1.0390000000,1.0420000000,1.0340000000,1.0390000000,41460.6499270000,43009.0061560980,43009.0061560980,1,SRM-USDT
2022-08-08 15:00:00,1659942000000,1.0380000000,1.0410000000,1.0350000000,1.0380000000,47836.9999210000,49652.5120122740,49652.5120122740,1,SRM-USDT
2022-08-08 16:00:00,1659945600000,1.0360000000,1.0450000000,1.0340000000,1.0450000000,91274.2610380000,94880.3158539030,94880.3158539030,1,SRM-USDT
2022-08-08 17:00:00,1659949200000,1.0430000000,1.0460000000,1.0350000000,1.0350000000,54251.3691280000,56372.8650959230,56372.8650959230,1,SRM-USDT
2022-08-08 18:00:00,1659952800000,1.0360000000,1.0440000000,1.0350000000,1.0440000000,44000.6037380000,45627.8007440530,45627.8007440530,1,SRM-USDT
2022-08-08 19:00:00,1659956400000,1.0430000000,1.0470000000,1.0400000000,1.0460000000,37768.4593800000,39366.1296322620,39366.1296322620,1,SRM-USDT
2022-08-08 20:00:00,1659960000000,1.0470000000,1.0520000000,1.0400000000,1.0490000000,69698.9263610000,72894.6342902900,72894.6342902900,1,SRM-USDT
2022-08-08 21:00:00,1659963600000,1.0480000000,1.0480000000,1.0380000000,1.0430000000,31372.4145420000,32748.4838778250,32748.4838778250,1,SRM-USDT
2022-08-08 22:00:00,1659967200000,1.0450000000,1.0450000000,1.0380000000,1.0390000000,35303.3085350000,36755.0284808050,36755.0284808050,1,SRM-USDT
2022-08-08 23:00:00,1659970800000,1.0390000000,1.0410000000,1.0230000000,1.0270000000,33299.6613250000,34247.6255656200,34247.6255656200,1,SRM-USDT
2022-08-09 00:00:00,1659974400000,1.0260000000,1.0270000000,1.0180000000,1.0230000000,69317.0379430000,70810.1461289810,70810.1461289810,1,SRM-USDT
2022-08-09 01:00:00,1659978000000,1.0210000000,1.0270000000,1.0200000000,1.0270000000,10454.5023190000,10710.2936685840,10710.2936685840,1,SRM-USDT
2022-08-09 02:00:00,1659981600000,1.0260000000,1.0290000000,1.0200000000,1.0260000000,29890.3075400000,30640.6727735420,30640.6727735420,1,SRM-USDT
2022-08-09 03:00:00,1659985200000,1.0240000000,1.0300000000,1.0220000000,1.0280000000,23889.5873860000,24506.6991576880,24506.6991576880,1,SRM-USDT
2022-08-09 04:00:00,1659988800000,1.0260000000,1.0360000000,1.0260000000,1.0360000000,23314.2664780000,24006.8623398420,24006.8623398420,1,SRM-USDT
2022-08-09 05:00:00,1659992400000,1.0350000000,1.0360000000,1.0240000000,1.0290000000,24074.4679630000,24742.6955372200,24742.6955372200,1,SRM-USDT
2022-08-09 06:00:00,1659996000000,1.0260000000,1.0310000000,1.0180000000,1.0280000000,32766.9090090000,33575.4002717130,33575.4002717130,1,SRM-USDT
2022-08-09 07:00:00,1659999600000,1.0260000000,1.0370000000,1.0260000000,1.0300000000,25399.7510120000,26204.1546320780,26204.1546320780,1,SRM-USDT
2022-08-09 08:00:00,1660003200000,1.0280000000,1.0440000000,1.0260000000,1.0320000000,56168.1518370000,58200.9750005110,58200.9750005110,1,SRM-USDT
2022-08-09 09:00:00,1660006800000,1.0320000000,1.0340000000,1.0220000000,1.0270000000,37907.0066910000,38978.6695807270,38978.6695807270,1,SRM-USDT
2022-08-09 10:00:00,1660010400000,1.0240000000,1.0330000000,1.0240000000,1.0310000000,23023.8761240000,23704.2703134870,23704.2703134870,1,SRM-USDT
2022-08-09 11:00:00,1660014000000,1.0290000000,1.0350000000,1.0290000000,1.0350000000,7854.9923260000,8108.6497747820,8108.6497747820,1,SRM-USDT
2022-08-09 12:00:00,1660017600000,1.0320000000,1.0460000000,1.0320000000,1.0430000000,30143.2121130000,31341.8611060830,31341.8611060830,1,SRM-USDT
2022-08-09 13:00:00,1660021200000,1.0420000000,1.0460000000,1.0390000000,1.0440000000,13805.8824900000,14382.2907980600,14382.2907980600,1,SRM-USDT
2022-08-09 14:00:00,1660024800000,1.0410000000,1.0430000000,1.0270000000,1.0370000000,24983.6092040000,25822.0226572900,25822.0226572900,1,SRM-USDT
2022-08-09 15:00:00,1660028400000,1.0340000000,1.0440000000,1.0320000000,1.0360000000,41380.5022370000,42915.3154667260,42915.3154667260,1,SRM-USDT
2022-08-09 16:00:00,1660032000000,1.0350000000,1.0380000000,1.0260000000,1.0270000000,24268.7239000000,25064.7192999600,25064.7192999600,1,SRM-USDT
2022-08-09 17:00:00,1660035600000,1.0260000000,1.0310000000,1.0020000000,1.0020000000,61125.5182350000,61938.1817004260,61938.1817004260,1,SRM-USDT
2022-08-09 18:00:00,1660039200000,1.0010000000,1.0070000000,0.9900000000,0.9900000000,84791.0078340000,84401.7711014730,84401.7711014730,1,SRM-USDT
2022-08-09 19:00:00,1660042800000,0.9890000000,0.9970000000,0.9780000000,0.9900000000,84528.9439390000,83595.1620490870,83595.1620490870,1,SRM-USDT
2022-08-09 20:00:00,1660046400000,0.9870000000,0.9960000000,0.9850000000,0.9930000000,34681.9918170000,34363.2486767370,34363.2486767370,1,SRM-USDT
2022-08-09 21:00:00,1660050000000,0.9900000000,0.9960000000,0.9720000000,0.9750000000,52221.7604380000,51321.6697919460,51321.6697919460,1,SRM-USDT
2022-08-09 22:00:00,1660053600000,0.9730000000,0.9760000000,0.9500000000,0.9690000000,149248.3681950000,144001.4512811560,144001.4512811560,1,SRM-USDT
2022-08-09 23:00:00,1660057200000,0.9680000000,0.9740000000,0.9640000000,0.9670000000,35599.8499140000,34501.9800969850,34501.9800969850,1,SRM-USDT
2022-08-10 00:00:00,1660060800000,0.9660000000,0.9710000000,0.9630000000,0.9670000000,16952.4765870000,16398.2213487600,16398.2213487600,1,SRM-USDT
2022-08-10 01:00:00,1660064400000,0.9680000000,0.9710000000,0.9630000000,0.9670000000,45136.2759180000,43645.7263427000,43645.7263427000,1,SRM-USDT
2022-08-10 02:00:00,1660068000000,0.9660000000,0.9680000000,0.9610000000,0.9650000000,14287.1146480000,13785.7777485640,13785.7777485640,1,SRM-USDT
2022-08-10 03:00:00,1660071600000,0.9630000000,0.9700000000,0.9610000000,0.9670000000,44331.1855920000,42727.5500629110,42727.5500629110,1,SRM-USDT
2022-08-10 04:00:00,1660075200000,0.9660000000,0.9750000000,0.9650000000,0.9750000000,36212.2898520000,35130.1958786910,35130.1958786910,1,SRM-USDT
2022-08-10 05:00:00,1660078800000,0.9730000000,0.9800000000,0.9730000000,0.9780000000,16284.2969240000,15910.9583856780,15910.9583856780,1,SRM-USDT
2022-08-10 06:00:00,1660082400000,0.9760000000,0.9820000000,0.9710000000,0.9740000000,38566.0135100000,37696.4824932350,37696.4824932350,1,SRM-USDT
2022-08-10 07:00:00,1660086000000,0.9740000000,0.9780000000,0.9720000000,0.9760000000,40271.2957740000,39285.7368030300,39285.7368030300,1,SRM-USDT
2022-08-10 08:00:00,1660089600000,0.9740000000,0.9750000000,0.9420000000,0.9500000000,115861.3215420000,111098.4613122040,111098.4613122040,1,SRM-USDT
2022-08-10 09:00:00,1660093200000,0.9480000000,0.9630000000,0.9480000000,0.9600000000,64905.4347900000,62087.8312403830,62087.8312403830,1,SRM-USDT
2022-08-10 10:00:00,1660096800000,0.9580000000,0.9600000000,0.9490000000,0.9580000000,63297.6426450000,60343.0518918150,60343.0518918150,1,SRM-USDT
2022-08-10 11:00:00,1660100400000,0.9560000000,0.9590000000,0.9520000000,0.9540000000,26032.7625200000,24857.8764335560,24857.8764335560,1,SRM-USDT
2022-08-10 12:00:00,1660104000000,0.9520000000,0.9610000000,0.9510000000,0.9610000000,28574.9704060000,27310.6408599320,27310.6408599320,1,SRM-USDT
2022-08-10 13:00:00,1660107600000,0.9600000000,0.9620000000,0.9570000000,0.9600000000,39070.3900360000,37507.2949287600,37507.2949287600,1,SRM-USDT
2022-08-10 14:00:00,1660111200000,0.9580000000,0.9600000000,0.9540000000,0.9580000000,28852.3750290000,27597.5124518250,27597.5124518250,1,SRM-USDT
2022-08-10 15:00:00,1660114800000,0.9560000000,0.9660000000,0.9560000000,0.9630000000,21785.8603100000,20952.6606053340,20952.6606053340,1,SRM-USDT
2022-08-10 16:00:00,1660118400000,0.9610000000,0.9750000000,0.9610000000,0.9740000000,39604.1617410000,38358.1092199040,38358.1092199040,1,SRM-USDT
2022-08-10 17:00:00,1660122000000,0.9750000000,0.9770000000,0.9690000000,0.9730000000,43611.8883990000,42421.7846128350,42421.7846128350,1,SRM-USDT
2022-08-10 18:00:00,1660125600000,0.9740000000,0.9770000000,0.9720000000,0.9760000000,29793.1456170000,29021.2642153410,29021.2642153410,1,SRM-USDT
2022-08-10 19:00:00,1660129200000,0.9740000000,0.9820000000,0.9730000000,0.9740000000,38346.0365590000,37478.9799612260,37478.9799612260,1,SRM-USDT
2022-08-10 20:00:00,1660132800000,0.9720000000,1.0140000000,0.9700000000,1.0110000000,139256.4556120000,138536.7363540570,138536.7363540570,1,SRM-USDT
2022-08-10 21:00:00,1660136400000,1.0100000000,1.0180000000,1.0050000000,1.0130000000,104036.9053080000,105215.1333369910,105215.1333369910,1,SRM-USDT
2022-08-10 22:00:00,1660140000000,1.0140000000,1.0150000000,1.0030000000,1.0130000000,67225.2131140000,67729.3192030540,67729.3192030540,1,SRM-USDT
2022-08-10 23:00:00,1660143600000,1.0130000000,1.0190000000,1.0110000000,1.0150000000,33598.1327230000,34071.5119179530,34071.5119179530,1,SRM-USDT
2022-08-11 00:00:00,1660147200000,1.0140000000,1.0230000000,1.0140000000,1.0190000000,45694.6205180000,46527.8616594630,46527.8616594630,1,SRM-USDT
2022-08-11 01:00:00,1660150800000,1.0210000000,1.0220000000,1.0140000000,1.0210000000,28378.8474980000,28911.7816967860,28911.7816967860,1,SRM-USDT
2022-08-11 02:00:00,1660154400000,1.0210000000,1.0240000000,1.0060000000,1.0100000000,34382.9929590000,34967.3875458560,34967.3875458560,1,SRM-USDT
2022-08-11 03:00:00,1660158000000,1.0110000000,1.0170000000,1.0100000000,1.0160000000,29192.5817370000,29580.4396552600,29580.4396552600,1,SRM-USDT
2022-08-11 04:00:00,1660161600000,1.0140000000,1.0230000000,1.0130000000,1.0230000000,22141.6442470000,22518.5285524670,22518.5285524670,1,SRM-USDT
2022-08-11 05:00:00,1660165200000,1.0210000000,1.0260000000,1.0170000000,1.0220000000,53774.8934370000,54787.5081814940,54787.5081814940,1,SRM-USDT
2022-08-11 06:00:00,1660168800000,1.0210000000,1.0240000000,1.0180000000,1.0180000000,37236.6848330000,38010.6211927490,38010.6211927490,1,SRM-USDT
2022-08-11 07:00:00,1660172400000,1.0190000000,1.0240000000,1.0170000000,1.0230000000,13932.2721550000,14212.1475390560,14212.1475390560,1,SRM-USDT
2022-08-11 08:00:00,1660176000000,1.0220000000,1.0320000000,1.0220000000,1.0310000000,28173.6037620000,28902.0146510720,28902.0146510720,1,SRM-USDT
2022-08-11 09:00:00,1660179600000,1.0300000000,1.0410000000,1.0270000000,1.0410000000,72538.2911870000,74858.0599951920,74858.0599951920,1,SRM-USDT
2022-08-11 10:00:00,1660183200000,1.0410000000,1.0430000000,1.0290000000,1.0360000000,33400.6105590000,34504.8478979770,34504.8478979770,1,SRM-USDT
2022-08-11 11:00:00,1660186800000,1.0370000000,1.0460000000,1.0330000000,1.0440000000,33551.3445680000,34897.2435421290,34897.2435421290,1,SRM-USDT
2022-08-11 12:00:00,1660190400000,1.0440000000,1.0500000000,1.0410000000,1.0500000000,23433.8083700000,24512.4950570900,24512.4950570900,1,SRM-USDT
2022-08-11 13:00:00,1660194000000,1.0490000000,1.0510000000,1.0410000000,1.0460000000,39192.8911080000,41078.4593417990,41078.4593417990,1,SRM-USDT
2022-08-11 14:00:00,1660197600000,1.0460000000,1.0490000000,1.0440000000,1.0490000000,22482.6369440000,23522.0829240710,23522.0829240710,1,SRM-USDT
2022-08-11 15:00:00,1660201200000,1.0480000000,1.0560000000,1.0360000000,1.0410000000,80359.5963300000,84293.1224881610,84293.1224881610,1,SRM-USDT
2022-08-11 16:00:00,1660204800000,1.0400000000,1.0490000000,1.0340000000,1.0490000000,26051.5369620000,27081.2932869690,27081.2932869690,1,SRM-USDT
2022-08-11 17:00:00,1660208400000,1.0470000000,1.0490000000,1.0440000000,1.0480000000,23863.3599480000,24961.8109085130,24961.8109085130,1,SRM-USDT
2022-08-11 18:00:00,1660212000000,1.0440000000,1.0470000000,1.0360000000,1.0400000000,30174.7239620000,31430.7475477790,31430.7475477790,1,SRM-USDT
2022-08-11 19:00:00,1660215600000,1.0410000000,1.0500000000,1.0390000000,1.0460000000,24014.6567180000,25079.1829658210,25079.1829658210,1,SRM-USDT
2022-08-11 20:00:00,1660219200000,1.0440000000,1.0550000000,1.0430000000,1.0550000000,54645.0921780000,57335.5680208140,57335.5680208140,1,SRM-USDT
2022-08-11 21:00:00,1660222800000,1.0540000000,1.0560000000,1.0430000000,1.0520000000,39759.6669010000,41716.1868595370,41716.1868595370,1,SRM-USDT
2022-08-11 22:00:00,1660226400000,1.0520000000,1.0590000000,1.0370000000,1.0450000000,79293.9122790000,82920.8045978250,82920.8045978250,1,SRM-USDT
2022-08-11 23:00:00,1660230000000,1.0460000000,1.0800000000,1.0400000000,1.0590000000,174667.0196190000,185227.4148638010,185227.4148638010,1,SRM-USDT
2022-08-12 00:00:00,1660233600000,1.0570000000,1.0800000000,1.0560000000,1.0670000000,108129.3300410000,115515.0168711020,115515.0168711020,1,SRM-USDT
2022-08-12 01:00:00,1660237200000,1.0660000000,1.0780000000,1.0660000000,1.0730000000,34883.6419210000,37375.1950264880,37375.1950264880,1,SRM-USDT
2022-08-12 02:00:00,1660240800000,1.0720000000,1.0730000000,1.0490000000,1.0520000000,56713.7751810000,60020.6086615770,60020.6086615770,1,SRM-USDT
2022-08-12 03:00:00,1660244400000,1.0510000000,1.0570000000,1.0440000000,1.0560000000,28084.9954090000,29490.7424909540,29490.7424909540,1,SRM-USDT
2022-08-12 04:00:00,1660248000000,1.0570000000,1.0580000000,1.0490000000,1.0580000000,21157.7013860000,22283.1414268070,22283.1414268070,1,SRM-USDT
2022-08-12 05:00:00,1660251600000,1.0560000000,1.0620000000,1.0500000000,1.0620000000,42247.1207460000,44633.7750353720,44633.7750353720,1,SRM-USDT
2022-08-12 06:00:00,1660255200000,1.0600000000,1.0640000000,1.0500000000,1.0520000000,42250.9554590000,44750.1218810400,44750.1218810400,1,SRM-USDT
2022-08-12 07:00:00,1660258800000,1.0490000000,1.0530000000,1.0420000000,1.0520000000,44449.6511180000,46489.7998190750,46489.7998190750,1,SRM-USDT
2022-08-12 08:00:00,1660262400000,1.0500000000,1.0510000000,1.0230000000,1.0490000000,99456.8181270000,103016.9257000430,103016.9257000430,1,SRM-USDT
2022-08-12 09:00:00,1660266000000,1.0470000000,1.0520000000,1.0390000000,1.0430000000,18902.2068120000,19755.5817095490,19755.5817095490,1,SRM-USDT
2022-08-12 10:00:00,1660269600000,1.0400000000,1.0530000000,1.0330000000,1.0500000000,18705.2855210000,19515.2785558970,19515.2785558970,1,SRM-USDT
2022-08-12 11:00:00,1660273200000,1.0510000000,1.0570000000,1.0460000000,1.0560000000,15027.0016940000,15775.9578772210,15775.9578772210,1,SRM-USDT
2022-08-12 12:00:00,1660276800000,1.0540000000,1.0660000000,1.0520000000,1.0530000000,49062.8417590000,51994.7920892650,51994.7920892650,1,SRM-USDT
2022-08-12 13:00:00,1660280400000,1.0510000000,1.0560000000,1.0480000000,1.0490000000,29801.0174790000,31375.2589710120,31375.2589710120,1,SRM-USDT
2022-08-12 14:00:00,1660284000000,1.0500000000,1.0550000000,1.0450000000,1.0550000000,21989.3280290000,23057.0733802110,23057.0733802110,1,SRM-USDT
2022-08-12 15:00:00,1660287600000,1.0540000000,1.0650000000,1.0530000000,1.0620000000,32238.2659370000,34150.7839097820,34150.7839097820,1,SRM-USDT
2022-08-12 16:00:00,1660291200000,1.0600000000,1.0650000000,1.0570000000,1.0600000000,26902.4249390000,28561.1696975810,28561.1696975810,1,SRM-USDT
2022-08-12 17:00:00,1660294800000,1.0580000000,1.0640000000,1.0560000000,1.0570000000,62830.3013710000,66521.9672943020,66521.9672943020,1,SRM-USDT
2022-08-12 18:00:00,1660298400000,1.0590000000,1.0600000000,1.0300000000,1.0330000000,101238.9920060000,105445.9350794300,105445.9350794300,1,SRM-USDT
2022-08-12 19:00:00,1660302000000,1.0320000000,1.0370000000,1.0260000000,1.0290000000,42373.1573280000,43682.1895449490,43682.1895449490,1,SRM-USDT
2022-08-12 20:00:00,1660305600000,1.0280000000,1.0460000000,1.0270000000,1.0450000000,30302.9479520000,31431.4354771940,31431.4354771940,1,SRM-USDT
2022-08-12 21:00:00,1660309200000,1.0460000000,1.0520000000,1.0400000000,1.0470000000,20953.4672530000,21887.1866674800,21887.1866674800,1,SRM-USDT
2022-08-12 22:00:00,1660312800000,1.0440000000,1.0510000000,1.0400000000,1.0490000000,37230.0582550000,38918.1708980060,38918.1708980060,1,SRM-USDT
2022-08-12 23:00:00,1660316400000,1.0470000000,1.0600000000,1.0470000000,1.0540000000,34853.0165730000,36773.7830508900,36773.7830508900,1,SRM-USDT
2022-08-13 00:00:00,1660320000000,1.0530000000,1.0620000000,1.0510000000,1.0550000000,44032.7472750000,46499.6411598250,46499.6411598250,1,SRM-USDT
2022-08-13 01:00:00,1660323600000,1.0530000000,1.0600000000,1.0530000000,1.0580000000,10499.8999370000,11088.4888356680,11088.4888356680,1,SRM-USDT
2022-08-13 02:00:00,1660327200000,1.0570000000,1.0680000000,1.0550000000,1.0650000000,24093.6806730000,25537.0174946350,25537.0174946350,1,SRM-USDT
2022-08-13 03:00:00,1660330800000,1.0660000000,1.0720000000,1.0640000000,1.0720000000,15220.9567690000,16265.3592088100,16265.3592088100,1,SRM-USDT
2022-08-13 04:00:00,1660334400000,1.0700000000,1.0720000000,1.0620000000,1.0670000000,36402.1676290000,38766.5734787410,38766.5734787410,1,SRM-USDT
2022-08-13 05:00:00,1660338000000,1.0680000000,1.0680000000,1.0620000000,1.0620000000,4099.9495470000,4367.0302567020,4367.0302567020,1,SRM-USDT
2022-08-13 06:00:00,1660341600000,1.0600000000,1.0710000000,1.0600000000,1.0710000000,29062.9853900000,30938.9697962090,30938.9697962090,1,SRM-USDT
2022-08-13 07:00:00,1660345200000,1.0690000000,1.0830000000,1.0690000000,1.0780000000,37049.2490270000,39909.8384485460,39909.8384485460,1,SRM-USDT
2022-08-13 08:00:00,1660348800000,1.0770000000,1.1020000000,1.0730000000,1.0990000000,77054.5376800000,84055.5540337270,84055.5540337270,1,SRM-USDT
2022-08-13 09:00:00,1660352400000,1.0980000000,1.1180000000,1.0980000000,1.1020000000,114612.0221730000,126870.1506019320,126870.1506019320,1,SRM-USDT
2022-08-13 10:00:00,1660356000000,1.1030000000,1.1160000000,1.1000000000,1.1160000000,56762.0310560000,63087.8879582250,63087.8879582250,1,SRM-USDT
2022-08-13 11:00:00,1660359600000,1.1150000000,1.1150000000,1.1020000000,1.1100000000,82130.7623290000,91003.8695898250,91003.8695898250,1,SRM-USDT
2022-08-13 12:00:00,1660363200000,1.1100000000,1.1100000000,1.0990000000,1.1060000000,19469.8660300000,21492.0559909290,21492.0559909290,1,SRM-USDT
2022-08-13 13:00:00,1660366800000,1.1070000000,1.1120000000,1.1040000000,1.1100000000,31076.4904810000,34430.2735572150,34430.2735572150,1,SRM-USDT
2022-08-13 14:00:00,1660370400000,1.1130000000,1.1130000000,1.1020000000,1.1060000000,28474.4645200000,31580.8591565680,31580.8591565680,1,SRM-USDT
2022-08-13 15:00:00,1660374000000,1.1050000000,1.1050000000,1.0920000000,1.0920000000,21242.8487510000,23320.7241607840,23320.7241607840,1,SRM-USDT
2022-08-13 16:00:00,1660377600000,1.0910000000,1.0920000000,1.0830000000,1.0840000000,63583.6981770000,69147.7498108510,69147.7498108510,1,SRM-USDT
2022-08-13 17:00:00,1660381200000,1.0850000000,1.0930000000,1.0820000000,1.0920000000,23032.4986030000,25034.4265477960,25034.4265477960,1,SRM-USDT
2022-08-13 18:00:00,1660384800000,1.0910000000,1.0970000000,1.0880000000,1.0940000000,22927.3348000000,25044.5591999420,25044.5591999420,1,SRM-USDT
2022-08-13 19:00:00,1660388400000,1.0920000000,1.0950000000,1.0830000000,1.0910000000,21127.7229710000,22966.9465573420,22966.9465573420,1,SRM-USDT
2022-08-13 20:00:00,1660392000000,1.0910000000,1.0910000000,1.0760000000,1.0830000000,41310.5798620000,44764.0169050480,44764.0169050480,1,SRM-USDT
2022-08-13 21:00:00,1660395600000,1.0820000000,1.0880000000,1.0820000000,1.0880000000,25302.8947380000,27456.7109420060,27456.7109420060,1,SRM-USDT
2022-08-13 22:00:00,1660399200000,1.0870000000,1.0950000000,1.0860000000,1.0890000000,14438.0728140000,15751.0511758860,15751.0511758860,1,SRM-USDT
2022-08-13 23:00:00,1660402800000,1.0900000000,1.0980000000,1.0860000000,1.0980000000,66948.4401840000,72971.6762153320,72971.6762153320,1,SRM-USDT
2022-08-14 00:00:00,1660406400000,1.0960000000,1.0980000000,1.0920000000,1.0950000000,13495.3661460000,14761.1185309830,14761.1185309830,1,SRM-USDT
2022-08-14 01:00:00,1660410000000,1.0930000000,1.0970000000,1.0930000000,1.0960000000,24691.2940060000,27004.7864130360,27004.7864130360,1,SRM-USDT
2022-08-14 02:00:00,1660413600000,1.0950000000,1.0970000000,1.0830000000,1.0840000000,20121.9807710000,21911.4347902710,21911.4347902710,1,SRM-USDT
2022-08-14 03:00:00,1660417200000,1.0830000000,1.0850000000,1.0790000000,1.0810000000,25691.8045460000,27781.8210784300,27781.8210784300,1,SRM-USDT
2022-08-14 04:00:00,1660420800000,1.0800000000,1.0880000000,1.0790000000,1.0860000000,9340.6862080000,10119.0992770000,10119.0992770000,1,SRM-USDT
2022-08-14 05:00:00,1660424400000,1.0870000000,1.0880000000,1.0850000000,1.0860000000,2178.1730590000,2365.5670685010,2365.5670685010,1,SRM-USDT
2022-08-14 06:00:00,1660428000000,1.0840000000,1.0890000000,1.0840000000,1.0860000000,14777.5466480000,16054.7644139370,16054.7644139370,1,SRM-USDT
2022-08-14 07:00:00,1660431600000,1.0840000000,1.0890000000,1.0730000000,1.0780000000,36640.0087510000,39622.6815690910,39622.6815690910,1,SRM-USDT
2022-08-14 08:00:00,1660435200000,1.0770000000,1.1060000000,1.0710000000,1.1010000000,92268.3844300000,100975.5456461810,100975.5456461810,1,SRM-USDT
2022-08-14 09:00:00,1660438800000,1.1000000000,1.1070000000,1.0820000000,1.1040000000,36319.7075270000,39910.2300531120,39910.2300531120,1,SRM-USDT
2022-08-14 10:00:00,1660442400000,1.1030000000,1.1050000000,1.0940000000,1.1000000000,24642.7351800000,27102.4201695190,27102.4201695190,1,SRM-USDT
2022-08-14 11:00:00,1660446000000,1.0980000000,1.1010000000,1.0900000000,1.0960000000,21542.4596000000,23567.1269087570,23567.1269087570,1,SRM-USDT
2022-08-14 12:00:00,1660449600000,1.0940000000,1.1000000000,1.0910000000,1.0950000000,7395.1775610000,8097.6224711180,8097.6224711180,1,SRM-USDT
2022-08-14 13:00:00,1660453200000,1.0940000000,1.0970000000,1.0890000000,1.0960000000,15566.8887770000,17021.5549409190,17021.5549409190,1,SRM-USDT
2022-08-14 14:00:00,1660456800000,1.0940000000,1.1040000000,1.0940000000,1.1040000000,6470.1710060000,7111.9133852630,7111.9133852630,1,SRM-USDT
2022-08-14 15:00:00,1660460400000,1.1030000000,1.1070000000,1.0990000000,1.1000000000,23860.6992810000,26333.3809897010,26333.3809897010,1,SRM-USDT
2022-08-14 16:00:00,1660464000000,1.0980000000,1.0990000000,1.0850000000,1.0900000000,40665.8771820000,44364.3027395510,44364.3027395510,1,SRM-USDT
2022-08-14 17:00:00,1660467600000,1.0890000000,1.1030000000,1.0890000000,1.1030000000,35871.6501800000,39326.2077159430,39326.2077159430,1,SRM-USDT
2022-08-14 18:00:00,1660471200000,1.1020000000,1.1030000000,1.0930000000,1.0940000000,16793.0470130000,18477.8754279610,18477.8754279610,1,SRM-USDT
2022-08-14 19:00:00,1660474800000,1.0920000000,1.0960000000,1.0870000000,1.0880000000,35119.7930370000,38270.4909657390,38270.4909657390,1,SRM-USDT
2022-08-14 20:00:00,1660478400000,1.0860000000,1.0910000000,1.0780000000,1.0810000000,63255.4161340000,68412.4038656260,68412.4038656260,1,SRM-USDT
2022-08-14 21:00:00,1660482000000,1.0790000000,1.0810000000,1.0540000000,1.0630000000,79833.5477130000,85211.6660000340,85211.6660000340,1,SRM-USDT
2022-08-14 22:00:00,1660485600000,1.0620000000,1.0680000000,1.0600000000,1.0650000000,31289.4316310000,33272.7600117840,33272.7600117840,1,SRM-USDT
2022-08-14 23:00:00,1660489200000,1.0640000000,1.0680000000,1.0620000000,1.0640000000,21059.0042740000,22413.3276515110,22413.3276515110,1,SRM-USDT
2022-08-15 00:00:00,1660492800000,1.0640000000,1.0660000000,1.0350000000,1.0350000000,122240.6902710000,128696.7927962380,128696.7927962380,1,SRM-USDT
2022-08-15 01:00:00,1660496400000,1.0350000000,1.0430000000,1.0280000000,1.0380000000,41625.8649400000,43111.2244917060,43111.2244917060,1,SRM-USDT
2022-08-15 02:00:00,1660500000000,1.0360000000,1.0430000000,1.0310000000,1.0410000000,20270.6751150000,21051.3049914700,21051.3049914700,1,SRM-USDT
2022-08-15 03:00:00,1660503600000,1.0390000000,1.0450000000,1.0390000000,1.0440000000,16603.4296540000,17289.1053852650,17289.1053852650,1,SRM-USDT
2022-08-15 04:00:00,1660507200000,1.0430000000,1.0480000000,1.0390000000,1.0450000000,27323.5881320000,28480.9856376920,28480.9856376920,1,SRM-USDT
2022-08-15 05:00:00,1660510800000,1.0430000000,1.0490000000,1.0430000000,1.0470000000,12312.7922920000,12879.4094890920,12879.4094890920,1,SRM-USDT
2022-08-15 06:00:00,1660514400000,1.0460000000,1.0500000000,1.0370000000,1.0430000000,32959.0809490000,34343.3639636130,34343.3639636130,1,SRM-USDT
2022-08-15 07:00:00,1660518000000,1.0440000000,1.0480000000,1.0380000000,1.0410000000,15751.0532290000,16421.7618164370,16421.7618164370,1,SRM-USDT
2022-08-15 08:00:00,1660521600000,1.0420000000,1.0550000000,1.0340000000,1.0540000000,48794.7975310000,50994.7536538560,50994.7536538560,1,SRM-USDT
2022-08-15 09:00:00,1660525200000,1.0520000000,1.0620000000,1.0490000000,1.0620000000,19875.2080000000,20982.7439849390,20982.7439849390,1,SRM-USDT
2022-08-15 10:00:00,1660528800000,1.0610000000,1.0760000000,1.0580000000,1.0740000000,21420.3719760000,22899.2069381380,22899.2069381380,1,SRM-USDT
2022-08-15 11:00:00,1660532400000,1.0750000000,1.0820000000,1.0690000000,1.0700000000,25874.6690460000,27867.7428955410,27867.7428955410,1,SRM-USDT
2022-08-15 12:00:00,1660536000000,1.0690000000,1.0900000000,1.0660000000,1.0890000000,36047.7959890000,38906.1685411970,38906.1685411970,1,SRM-USDT
2022-08-15 13:00:00,1660539600000,1.0880000000,1.1050000000,1.0820000000,1.0840000000,135904.0863340000,148142.4803772470,148142.4803772470,1,SRM-USDT
2022-08-15 14:00:00,1660543200000,1.0830000000,1.0840000000,1.0400000000,1.0450000000,106991.6307570000,113577.2977459610,113577.2977459610,1,SRM-USDT
2022-08-15 15:00:00,1660546800000,1.0440000000,1.0480000000,1.0390000000,1.0410000000,24506.8998600000,25543.4001252460,25543.4001252460,1,SRM-USDT
2022-08-15 16:00:00,1660550400000,1.0380000000,1.0420000000,1.0280000000,1.0420000000,24479.6218370000,25269.8272952650,25269.8272952650,1,SRM-USDT
2022-08-15 17:00:00,1660554000000,1.0430000000,1.0470000000,1.0410000000,1.0470000000,33394.4292210000,34828.0741278160,34828.0741278160,1,SRM-USDT
2022-08-15 18:00:00,1660557600000,1.0460000000,1.0490000000,1.0440000000,1.0490000000,20715.9112290000,21660.8604328220,21660.8604328220,1,SRM-USDT
2022-08-15 19:00:00,1660561200000,1.0470000000,1.0500000000,1.0380000000,1.0400000000,8854.5885650000,9266.7931001040,9266.7931001040,1,SRM-USDT
2022-08-15 20:00:00,1660564800000,1.0380000000,1.0460000000,1.0330000000,1.0360000000,18038.2836910000,18730.4913041380,18730.4913041380,1,SRM-USDT
2022-08-15 21:00:00,1660568400000,1.0330000000,1.0540000000,1.0320000000,1.0510000000,27820.3299110000,29051.8540015500,29051.8540015500,1,SRM-USDT
2022-08-15 22:00:00,1660572000000,1.0520000000,1.0540000000,1.0470000000,1.0500000000,9541.5195820000,10019.8668918070,10019.8668918070,1,SRM-USDT
2022-08-15 23:00:00,1660575600000,1.0470000000,1.0600000000,1.0440000000,1.0600000000,6868.4852120000,7211.2857563400,7211.2857563400,1,SRM-USDT
2022-08-16 00:00:00,1660579200000,1.0590000000,1.0630000000,1.0520000000,1.0630000000,18902.5675280000,19997.7724263420,19997.7724263420,1,SRM-USDT
2022-08-16 01:00:00,1660582800000,1.0600000000,1.0620000000,1.0510000000,1.0530000000,15586.3911660000,16458.8408953940,16458.8408953940,1,SRM-USDT
2022-08-16 02:00:00,1660586400000,1.0520000000,1.0550000000,1.0480000000,1.0540000000,6266.3680740000,6594.9353138200,6594.9353138200,1,SRM-USDT
2022-08-16 03:00:00,1660590000000,1.0520000000,1.0570000000,1.0470000000,1.0510000000,6927.6160750000,7291.3885795810,7291.3885795810,1,SRM-USDT
2022-08-16 04:00:00,1660593600000,1.0490000000,1.0560000000,1.0490000000,1.0540000000,3168.7707550000,3338.5465050010,3338.5465050010,1,SRM-USDT
2022-08-16 05:00:00,1660597200000,1.0530000000,1.0600000000,1.0520000000,1.0580000000,14153.5067710000,14947.3439665960,14947.3439665960,1,SRM-USDT
2022-08-16 06:00:00,1660600800000,1.0570000000,1.0610000000,1.0450000000,1.0460000000,21275.1038220000,22451.1026336570,22451.1026336570,1,SRM-USDT
2022-08-16 07:00:00,1660604400000,1.0450000000,1.0580000000,1.0360000000,1.0530000000,37957.7314680000,39621.7122846540,39621.7122846540,1,SRM-USDT
2022-08-16 08:00:00,1660608000000,1.0510000000,1.0640000000,1.0430000000,1.0550000000,45341.8232740000,47645.7639781220,47645.7639781220,1,SRM-USDT
2022-08-16 09:00:00,1660611600000,1.0540000000,1.0620000000,1.0530000000,1.0540000000,10990.1172970000,11631.0951712980,11631.0951712980,1,SRM-USDT
2022-08-16 10:00:00,1660615200000,1.0530000000,1.0550000000,1.0450000000,1.0480000000,32949.3340910000,34634.1220160270,34634.1220160270,1,SRM-USDT
2022-08-16 11:00:00,1660618800000,1.0450000000,1.0480000000,1.0300000000,1.0450000000,13234.0394100000,13764.4896643070,13764.4896643070,1,SRM-USDT
2022-08-16 12:00:00,1660622400000,1.0460000000,1.0490000000,1.0350000000,1.0360000000,38190.0906970000,39729.9246629940,39729.9246629940,1,SRM-USDT
2022-08-16 13:00:00,1660626000000,1.0350000000,1.0360000000,1.0230000000,1.0310000000,37108.6791300000,38109.9701553710,38109.9701553710,1,SRM-USDT
2022-08-16 14:00:00,1660629600000,1.0300000000,1.0350000000,1.0280000000,1.0340000000,7794.6327360000,8047.2147752730,8047.2147752730,1,SRM-USDT
2022-08-16 15:00:00,1660633200000,1.0320000000,1.0360000000,1.0310000000,1.0360000000,18105.7411450000,18710.8604994080,18710.8604994080,1,SRM-USDT
2022-08-16 16:00:00,1660636800000,1.0350000000,1.0360000000,1.0330000000,1.0360000000,23010.0649930000,23808.6111739590,23808.6111739590,1,SRM-USDT
2022-08-16 17:00:00,1660640400000,1.0340000000,1.0560000000,1.0340000000,1.0490000000,34609.4724390000,36218.5248490340,36218.5248490340,1,SRM-USDT
2022-08-16 18:00:00,1660644000000,1.0480000000,1.0570000000,1.0420000000,1.0450000000,50915.8479440000,53505.1362020710,53505.1362020710,1,SRM-USDT
2022-08-16 19:00:00,1660647600000,1.0420000000,1.0530000000,1.0420000000,1.0480000000,25182.4931110000,26400.2554887750,26400.2554887750,1,SRM-USDT
2022-08-16 20:00:00,1660651200000,1.0480000000,1.0520000000,1.0380000000,1.0400000000,26144.9814920000,27378.5416548770,27378.5416548770,1,SRM-USDT
2022-08-16 21:00:00,1660654800000,1.0380000000,1.0420000000,1.0310000000,1.0340000000,45267.5183080000,46896.6827552750,46896.6827552750,1,SRM-USDT
2022-08-16 22:00:00,1660658400000,1.0340000000,1.0340000000,1.0200000000,1.0280000000,39906.2390260000,40986.4621632560,40986.4621632560,1,SRM-USDT
2022-08-16 23:00:00,1660662000000,1.0260000000,1.0350000000,1.0220000000,1.0340000000,25639.1874090000,26405.8532777790,26405.8532777790,1,SRM-USDT
2022-08-17 00:00:00,1660665600000,1.0320000000,1.0340000000,1.0170000000,1.0270000000,30335.4183020000,31058.7886002100,31058.7886002100,1,SRM-USDT
2022-08-17 01:00:00,1660669200000,1.0260000000,1.0300000000,1.0220000000,1.0290000000,12721.9298100000,13059.7871884250,13059.7871884250,1,SRM-USDT
2022-08-17 02:00:00,1660672800000,1.0270000000,1.0330000000,1.0150000000,1.0230000000,33767.9413110000,34578.5398766180,34578.5398766180,1,SRM-USDT
2022-08-17 03:00:00,1660676400000,1.0200000000,1.0280000000,1.0190000000,1.0260000000,26473.8161300000,27105.0878479060,27105.0878479060,1,SRM-USDT
2022-08-17 04:00:00,1660680000000,1.0270000000,1.0320000000,1.0240000000,1.0310000000,21231.3216990000,21834.6940849460,21834.6940849460,1,SRM-USDT
2022-08-17 05:00:00,1660683600000,1.0300000000,1.0310000000,1.0260000000,1.0310000000,45128.9300500000,46437.7735377930,46437.7735377930,1,SRM-USDT
2022-08-17 06:00:00,1660687200000,1.0300000000,1.0320000000,1.0220000000,1.0270000000,33993.0953080000,34893.7752728340,34893.7752728340,1,SRM-USDT
2022-08-17 07:00:00,1660690800000,1.0280000000,1.0340000000,1.0230000000,1.0280000000,32424.0578100000,33318.4996635380,33318.4996635380,1,SRM-USDT
2022-08-17 08:00:00,1660694400000,1.0260000000,1.0380000000,1.0250000000,1.0370000000,19464.8894190000,20050.1852583370,20050.1852583370,1,SRM-USDT
2022-08-17 09:00:00,1660698000000,1.0370000000,1.0380000000,1.0270000000,1.0280000000,23238.4793440000,23986.8397228620,23986.8397228620,1,SRM-USDT
2022-08-17 10:00:00,1660701600000,1.0270000000,1.0350000000,1.0230000000,1.0320000000,26677.3310130000,27403.2073686600,27403.2073686600,1,SRM-USDT
2022-08-17 11:00:00,1660705200000,1.0310000000,1.0380000000,1.0310000000,1.0380000000,6510.8063160000,6739.5156087430,6739.5156087430,1,SRM-USDT
2022-08-17 12:00:00,1660708800000,1.0370000000,1.0480000000,1.0360000000,1.0470000000,19368.7217330000,20161.1965488320,20161.1965488320,1,SRM-USDT
2022-08-17 13:00:00,1660712400000,1.0470000000,1.0510000000,1.0440000000,1.0490000000,38374.8382720000,40192.2653996750,40192.2653996750,1,SRM-USDT
2022-08-17 14:00:00,1660716000000,1.0470000000,1.0620000000,1.0470000000,1.0600000000,34659.4560790000,36635.6942084570,36635.6942084570,1,SRM-USDT
2022-08-17 15:00:00,1660719600000,1.0600000000,1.0610000000,1.0250000000,1.0270000000,64230.6108510000,66771.7640182760,66771.7640182760,1,SRM-USDT
2022-08-17 16:00:00,1660723200000,1.0250000000,1.0340000000,1.0230000000,1.0320000000,8975.4559410000,9238.0907525350,9238.0907525350,1,SRM-USDT
2022-08-17 17:00:00,1660726800000,1.0300000000,1.0380000000,1.0300000000,1.0320000000,29487.8210140000,30477.5681314690,30477.5681314690,1,SRM-USDT
2022-08-17 18:00:00,1660730400000,1.0310000000,1.0320000000,1.0210000000,1.0260000000,22295.7556420000,22856.9266068830,22856.9266068830,1,SRM-USDT
2022-08-17 19:00:00,1660734000000,1.0260000000,1.0280000000,1.0230000000,1.0270000000,8580.5137060000,8797.6382927540,8797.6382927540,1,SRM-USDT
2022-08-17 20:00:00,1660737600000,1.0250000000,1.0280000000,0.9930000000,1.0060000000,144579.7906590000,145218.3422898460,145218.3422898460,1,SRM-USDT
2022-08-17 21:00:00,1660741200000,1.0050000000,1.0080000000,0.9880000000,0.9970000000,76990.7100220000,76833.5253885210,76833.5253885210,1,SRM-USDT
2022-08-17 22:00:00,1660744800000,0.9930000000,1.0000000000,0.9910000000,0.9920000000,19591.4714560000,19476.5427145810,19476.5427145810,1,SRM-USDT
2022-08-17 23:00:00,1660748400000,0.9890000000,0.9990000000,0.9890000000,0.9930000000,5891.7299810000,5854.9800768850,5854.9800768850,1,SRM-USDT
2022-08-18 00:00:00,1660752000000,0.9920000000,1.0010000000,0.9890000000,0.9990000000,20563.3778980000,20464.1887549430,20464.1887549430,1,SRM-USDT
2022-08-18 01:00:00,1660755600000,0.9990000000,1.0070000000,0.9940000000,1.0070000000,11420.5022090000,11423.3651813390,11423.3651813390,1,SRM-USDT
2022-08-18 02:00:00,1660759200000,1.0060000000,1.0150000000,0.9990000000,1.0070000000,24025.6092690000,24128.9054767200,24128.9054767200,1,SRM-USDT
2022-08-18 03:00:00,1660762800000,1.0080000000,1.0100000000,0.9980000000,1.0010000000,19079.8930850000,19105.4767138900,19105.4767138900,1,SRM-USDT
2022-08-18 04:00:00,1660766400000,1.0000000000,1.0110000000,0.9950000000,1.0100000000,7661.0927030000,7700.7466707770,7700.7466707770,1,SRM-USDT
2022-08-18 05:00:00,1660770000000,1.0090000000,1.0100000000,0.9870000000,0.9970000000,34210.8253460000,34000.8935652130,34000.8935652130,1,SRM-USDT
2022-08-18 06:00:00,1660773600000,0.9970000000,1.0000000000,0.9930000000,0.9940000000,22176.3280050000,22088.4814025270,22088.4814025270,1,SRM-USDT
2022-08-18 07:00:00,1660777200000,0.9920000000,0.9970000000,0.9870000000,0.9970000000,12551.1767080000,12443.0006412660,12443.0006412660,1,SRM-USDT
2022-08-18 08:00:00,1660780800000,0.9960000000,1.0010000000,0.9840000000,1.0000000000,30810.0558220000,30601.2462534300,30601.2462534300,1,SRM-USDT
2022-08-18 09:00:00,1660784400000,0.9980000000,1.0040000000,0.9960000000,1.0030000000,15335.4909670000,15334.5250664340,15334.5250664340,1,SRM-USDT
2022-08-18 10:00:00,1660788000000,1.0000000000,1.0030000000,0.9940000000,1.0000000000,7086.8170200000,7069.7337115750,7069.7337115750,1,SRM-USDT
2022-08-18 11:00:00,1660791600000,0.9970000000,1.0040000000,0.9960000000,0.9990000000,24824.1940480000,24818.4410415250,24818.4410415250,1,SRM-USDT
2022-08-18 12:00:00,1660795200000,1.0000000000,1.0010000000,0.9890000000,0.9940000000,21571.7121010000,21424.7627725410,21424.7627725410,1,SRM-USDT
2022-08-18 13:00:00,1660798800000,0.9920000000,0.9990000000,0.9920000000,0.9970000000,13104.4496610000,13045.9735763370,13045.9735763370,1,SRM-USDT
2022-08-18 14:00:00,1660802400000,0.9950000000,1.0000000000,0.9930000000,0.9950000000,23498.6100210000,23374.6348274130,23374.6348274130,1,SRM-USDT
2022-08-18 15:00:00,1660806000000,0.9930000000,0.9990000000,0.9900000000,0.9960000000,8947.3355270000,8893.8905861880,8893.8905861880,1,SRM-USDT
2022-08-18 16:00:00,1660809600000,0.9960000000,0.9980000000,0.9920000000,0.9950000000,17264.5633990000,17176.3766419560,17176.3766419560,1,SRM-USDT
2022-08-18 17:00:00,1660813200000,0.9950000000,1.0010000000,0.9940000000,1.0000000000,17074.2054360000,17024.8491446710,17024.8491446710,1,SRM-USDT
2022-08-18 18:00:00,1660816800000,1.0010000000,1.0080000000,1.0000000000,1.0010000000,14492.9050490000,14541.1973855650,14541.1973855650,1,SRM-USDT
2022-08-18 19:00:00,1660820400000,1.0000000000,1.0070000000,1.0000000000,1.0060000000,26270.0658480000,26352.9296466360,26352.9296466360,1,SRM-USDT
2022-08-18 20:00:00,1660824000000,1.0070000000,1.0130000000,1.0030000000,1.0110000000,39280.0618440000,39603.0678957190,39603.0678957190,1,SRM-USDT
2022-08-18 21:00:00,1660827600000,1.0100000000,1.0120000000,0.9980000000,1.0000000000,17694.1746780000,17757.6771131540,17757.6771131540,1,SRM-USDT
2022-08-18 22:00:00,1660831200000,0.9980000000,1.0050000000,0.9970000000,1.0020000000,22571.7062960000,22575.3639730970,22575.3639730970,1,SRM-USDT
2022-08-18 23:00:00,1660834800000,1.0000000000,1.0100000000,0.9970000000,1.0080000000,11519.9977390000,11553.6111556630,11553.6111556630,1,SRM-USDT
2022-08-19 00:00:00,1660838400000,1.0070000000,1.0080000000,0.9940000000,0.9980000000,17530.6916210000,17502.0572016530,17502.0572016530,1,SRM-USDT
2022-08-19 01:00:00,1660842000000,0.9960000000,1.0010000000,0.9940000000,0.9940000000,5348.5705950000,5342.9243788020,5342.9243788020,1,SRM-USDT
2022-08-19 02:00:00,1660845600000,0.9940000000,0.9990000000,0.9910000000,0.9970000000,10702.6614570000,10648.7898124870,10648.7898124870,1,SRM-USDT
2022-08-19 03:00:00,1660849200000,0.9960000000,1.0040000000,0.9960000000,1.0000000000,7499.6789500000,7497.2475091730,7497.2475091730,1,SRM-USDT
2022-08-19 04:00:00,1660852800000,1.0010000000,1.0030000000,0.9970000000,1.0000000000,9100.0276180000,9097.4943487550,9097.4943487550,1,SRM-USDT
2022-08-19 05:00:00,1660856400000,0.9990000000,1.0010000000,0.9960000000,0.9980000000,7715.1795800000,7700.2077782100,7700.2077782100,1,SRM-USDT
2022-08-19 06:00:00,1660860000000,0.9970000000,0.9990000000,0.9920000000,0.9930000000,12163.2484630000,12096.0847050400,12096.0847050400,1,SRM-USDT
2022-08-19 07:00:00,1660863600000,0.9920000000,0.9950000000,0.9590000000,0.9650000000,253999.3856840000,245854.2712400130,245854.2712400130,1,SRM-USDT
2022-08-19 08:00:00,1660867200000,0.9660000000,0.9660000000,0.9320000000,0.9340000000,176550.7562540000,166865.4228169520,166865.4228169520,1,SRM-USDT
2022-08-19 09:00:00,1660870800000,0.9320000000,0.9340000000,0.9180000000,0.9220000000,83549.0679550000,77267.9720270640,77267.9720270640,1,SRM-USDT
2022-08-19 10:00:00,1660874400000,0.9230000000,0.9280000000,0.9210000000,0.9250000000,47455.3585240000,43911.8232916290,43911.8232916290,1,SRM-USDT
2022-08-19 11:00:00,1660878000000,0.9240000000,0.9250000000,0.9160000000,0.9180000000,50097.6129700000,46067.2430877270,46067.2430877270,1,SRM-USDT
2022-08-19 12:00:00,1660881600000,0.9180000000,0.9220000000,0.9160000000,0.9220000000,45105.5737800000,41468.9643101090,41468.9643101090,1,SRM-USDT
2022-08-19 13:00:00,1660885200000,0.9240000000,0.9260000000,0.9190000000,0.9200000000,11683.7985620000,10790.4730496820,10790.4730496820,1,SRM-USDT
2022-08-19 14:00:00,1660888800000,0.9210000000,0.9210000000,0.8620000000,0.8720000000,248756.2445220000,219776.7074518040,219776.7074518040,1,SRM-USDT
2022-08-19 15:00:00,1660892400000,0.8720000000,0.8820000000,0.8720000000,0.8760000000,57657.0963270000,50570.0245070070,50570.0245070070,1,SRM-USDT
2022-08-19 16:00:00,1660896000000,0.8750000000,0.8760000000,0.8620000000,0.8660000000,70467.8363400000,61279.1369312320,61279.1369312320,1,SRM-USDT
2022-08-19 17:00:00,1660899600000,0.8670000000,0.8700000000,0.8610000000,0.8660000000,38738.0508660000,33518.9607388050,33518.9607388050,1,SRM-USDT
2022-08-19 18:00:00,1660903200000,0.8660000000,0.8740000000,0.8630000000,0.8640000000,49934.0678130000,43400.0866497810,43400.0866497810,1,SRM-USDT
2022-08-19 19:00:00,1660906800000,0.8630000000,0.8670000000,0.8520000000,0.8670000000,109259.3833810000,93815.1248614710,93815.1248614710,1,SRM-USDT
2022-08-19 20:00:00,1660910400000,0.8670000000,0.8740000000,0.8570000000,0.8710000000,41745.5382460000,36196.3259377600,36196.3259377600,1,SRM-USDT
2022-08-19 21:00:00,1660914000000,0.8700000000,0.8710000000,0.8600000000,0.8620000000,37548.7105490000,32442.8956147680,32442.8956147680,1,SRM-USDT
2022-08-19 22:00:00,1660917600000,0.8610000000,0.8710000000,0.8600000000,0.8620000000,48639.6545170000,42052.7343292640,42052.7343292640,1,SRM-USDT
2022-08-19 23:00:00,1660921200000,0.8610000000,0.8670000000,0.8590000000,0.8670000000,38234.4802290000,32921.1238362470,32921.1238362470,1,SRM-USDT
2022-08-20 00:00:00,1660924800000,0.8640000000,0.8780000000,0.8640000000,0.8760000000,52344.0426450000,45629.2128561060,45629.2128561060,1,SRM-USDT
2022-08-20 01:00:00,1660928400000,0.8730000000,0.8770000000,0.8630000000,0.8670000000,67581.4908730000,58675.3565907610,58675.3565907610,1,SRM-USDT
2022-08-20 02:00:00,1660932000000,0.8650000000,0.8670000000,0.8540000000,0.8570000000,71917.0292070000,61735.2989108820,61735.2989108820,1,SRM-USDT
2022-08-20 03:00:00,1660935600000,0.8570000000,0.8640000000,0.8480000000,0.8600000000,49817.7308050000,42569.1932560640,42569.1932560640,1,SRM-USDT
2022-08-20 04:00:00,1660939200000,0.8600000000,0.8620000000,0.8500000000,0.8530000000,61962.3977940000,52990.5898242500,52990.5898242500,1,SRM-USDT
2022-08-20 05:00:00,1660942800000,0.8540000000,0.8540000000,0.8290000000,0.8330000000,84271.7599230000,70741.6233100500,70741.6233100500,1,SRM-USDT
2022-08-20 06:00:00,1660946400000,0.8350000000,0.8460000000,0.8310000000,0.8370000000,90615.4555560000,75978.3115435780,75978.3115435780,1,SRM-USDT
2022-08-20 07:00:00,1660950000000,0.8380000000,0.8430000000,0.8270000000,0.8370000000,53275.4721070000,44525.9342623540,44525.9342623540,1,SRM-USDT
2022-08-20 08:00:00,1660953600000,0.8350000000,0.8490000000,0.8340000000,0.8370000000,56420.9252880000,47401.5451755450,47401.5451755450,1,SRM-USDT
2022-08-20 09:00:00,1660957200000,0.8360000000,0.8440000000,0.8360000000,0.8380000000,21492.6724550000,18060.7172086270,18060.7172086270,1,SRM-USDT
2022-08-20 10:00:00,1660960800000,0.8370000000,0.8470000000,0.8370000000,0.8440000000,13276.6395200000,11182.4705881090,11182.4705881090,1,SRM-USDT
2022-08-20 11:00:00,1660964400000,0.8450000000,0.8480000000,0.8420000000,0.8470000000,16192.8456670000,13686.1623397120,13686.1623397120,1,SRM-USDT
2022-08-20 12:00:00,1660968000000,0.8490000000,0.8540000000,0.8460000000,0.8540000000,9012.1508830000,7646.4980734170,7646.4980734170,1,SRM-USDT
2022-08-20 13:00:00,1660971600000,0.8540000000,0.8730000000,0.8480000000,0.8570000000,102065.1499490000,87729.1246427370,87729.1246427370,1,SRM-USDT
2022-08-20 14:00:00,1660975200000,0.8570000000,0.8650000000,0.8530000000,0.8650000000,20611.0695440000,17675.8653997500,17675.8653997500,1,SRM-USDT
2022-08-20 15:00:00,1660978800000,0.8650000000,0.8670000000,0.8610000000,0.8630000000,34257.0455580000,29601.7925483410,29601.7925483410,1,SRM-USDT
2022-08-20 16:00:00,1660982400000,0.8630000000,0.8640000000,0.8530000000,0.8560000000,16446.1347440000,14121.7905082840,14121.7905082840,1,SRM-USDT
2022-08-20 17:00:00,1660986000000,0.8540000000,0.8590000000,0.8520000000,0.8590000000,8765.3164190000,7485.9394965120,7485.9394965120,1,SRM-USDT
2022-08-20 18:00:00,1660989600000,0.8570000000,0.8590000000,0.8470000000,0.8540000000,16218.5121450000,13829.3702458610,13829.3702458610,1,SRM-USDT
2022-08-20 19:00:00,1660993200000,0.8520000000,0.8560000000,0.8520000000,0.8560000000,7776.6002070000,6638.1600336170,6638.1600336170,1,SRM-USDT
2022-08-20 20:00:00,1660996800000,0.8530000000,0.8580000000,0.8480000000,0.8490000000,24539.3019220000,20899.9039956400,20899.9039956400,1,SRM-USDT
2022-08-20 21:00:00,1661000400000,0.8500000000,0.8540000000,0.8480000000,0.8530000000,11259.3424180000,9567.3372066690,9567.3372066690,1,SRM-USDT
2022-08-20 22:00:00,1661004000000,0.8540000000,0.8560000000,0.8470000000,0.8490000000,11358.9616210000,9666.8185841950,9666.8185841950,1,SRM-USDT
2022-08-20 23:00:00,1661007600000,0.8470000000,0.8530000000,0.8440000000,0.8520000000,32160.3655790000,27210.3892067000,27210.3892067000,1,SRM-USDT
2022-08-21 00:00:00,1661011200000,0.8490000000,0.8530000000,0.8420000000,0.8450000000,12593.3087230000,10672.0467710490,10672.0467710490,1,SRM-USDT
2022-08-21 01:00:00,1661014800000,0.8420000000,0.8440000000,0.8350000000,0.8390000000,20816.7850150000,17478.8846092420,17478.8846092420,1,SRM-USDT
2022-08-21 02:00:00,1661018400000,0.8370000000,0.8420000000,0.8210000000,0.8220000000,42979.2558050000,35659.9948229560,35659.9948229560,1,SRM-USDT
2022-08-21 03:00:00,1661022000000,0.8230000000,0.8240000000,0.8070000000,0.8140000000,68066.5991240000,55373.2361392590,55373.2361392590,1,SRM-USDT
2022-08-21 04:00:00,1661025600000,0.8110000000,0.8270000000,0.8050000000,0.8110000000,46270.2163120000,37692.0615228940,37692.0615228940,1,SRM-USDT
2022-08-21 05:00:00,1661029200000,0.8080000000,0.8270000000,0.8060000000,0.8270000000,49760.9944350000,40670.0141089470,40670.0141089470,1,SRM-USDT
2022-08-21 06:00:00,1661032800000,0.8260000000,0.8350000000,0.8250000000,0.8330000000,38818.3394700000,32256.0393124460,32256.0393124460,1,SRM-USDT
2022-08-21 07:00:00,1661036400000,0.8310000000,0.8370000000,0.8300000000,0.8340000000,13324.9414180000,11097.7789988900,11097.7789988900,1,SRM-USDT
2022-08-21 08:00:00,1661040000000,0.8320000000,0.8410000000,0.8310000000,0.8350000000,24571.1449230000,20545.0186456640,20545.0186456640,1,SRM-USDT
2022-08-21 09:00:00,1661043600000,0.8330000000,0.8440000000,0.8330000000,0.8440000000,15185.6094180000,12692.5018008390,12692.5018008390,1,SRM-USDT
2022-08-21 10:00:00,1661047200000,0.8410000000,0.8440000000,0.8400000000,0.8430000000,7441.7007910000,6259.0504823710,6259.0504823710,1,SRM-USDT
2022-08-21 11:00:00,1661050800000,0.8410000000,0.8420000000,0.8260000000,0.8290000000,29569.4986150000,24707.0738584720,24707.0738584720,1,SRM-USDT
2022-08-21 12:00:00,1661054400000,0.8300000000,0.8350000000,0.8280000000,0.8320000000,6778.6335660000,5623.0029912600,5623.0029912600,1,SRM-USDT
2022-08-21 13:00:00,1661058000000,0.8310000000,0.8330000000,0.8260000000,0.8300000000,17166.0784960000,14230.5394964280,14230.5394964280,1,SRM-USDT
2022-08-21 14:00:00,1661061600000,0.8290000000,0.8330000000,0.8180000000,0.8210000000,68425.3568480000,56513.9801283230,56513.9801283230,1,SRM-USDT
2022-08-21 15:00:00,1661065200000,0.8190000000,0.8430000000,0.8190000000,0.8430000000,51235.8811700000,42362.3119796460,42362.3119796460,1,SRM-USDT
2022-08-21 16:00:00,1661068800000,0.8420000000,0.8540000000,0.8370000000,0.8400000000,17293.2561550000,14619.7692655240,14619.7692655240,1,SRM-USDT
2022-08-21 17:00:00,1661072400000,0.8390000000,0.8480000000,0.8380000000,0.8460000000,21797.9758820000,18366.1112953250,18366.1112953250,1,SRM-USDT
2022-08-21 18:00:00,1661076000000,0.8440000000,0.8450000000,0.8400000000,0.8410000000,12578.1909800000,10593.2778548070,10593.2778548070,1,SRM-USDT
2022-08-21 19:00:00,1661079600000,0.8410000000,0.8470000000,0.8410000000,0.8460000000,17539.6258540000,14812.5364350770,14812.5364350770,1,SRM-USDT
2022-08-21 20:00:00,1661083200000,0.8460000000,0.8490000000,0.8420000000,0.8420000000,10500.3423660000,8875.0309271860,8875.0309271860,1,SRM-USDT
2022-08-21 21:00:00,1661086800000,0.8430000000,0.8430000000,0.8360000000,0.8360000000,13458.5030890000,11292.9442123300,11292.9442123300,1,SRM-USDT
2022-08-21 22:00:00,1661090400000,0.8370000000,0.8380000000,0.8330000000,0.8360000000,35292.1574050000,29447.4203097250,29447.4203097250,1,SRM-USDT
2022-08-21 23:00:00,1661094000000,0.8360000000,0.8380000000,0.8340000000,0.8380000000,4691.5464570000,3920.7368495960,3920.7368495960,1,SRM-USDT
2022-08-22 00:00:00,1661097600000,0.8370000000,0.8480000000,0.8340000000,0.8450000000,14495.6062050000,12178.9533436760,12178.9533436760,1,SRM-USDT
2022-08-22 01:00:00,1661101200000,0.8480000000,0.8490000000,0.8430000000,0.8460000000,8535.3814900000,7225.9920982670,7225.9920982670,1,SRM-USDT
2022-08-22 02:00:00,1661104800000,0.8440000000,0.8460000000,0.8410000000,0.8430000000,11227.3028230000,9459.6038876170,9459.6038876170,1,SRM-USDT
2022-08-22 03:00:00,1661108400000,0.8410000000,0.8460000000,0.8410000000,0.8450000000,8069.0030000000,6803.9854238380,6803.9854238380,1,SRM-USDT
2022-08-22 04:00:00,1661112000000,0.8430000000,0.8560000000,0.8410000000,0.8470000000,16106.6286830000,13681.6412990110,13681.6412990110,1,SRM-USDT
2022-08-22 05:00:00,1661115600000,0.8450000000,0.8560000000,0.8440000000,0.8470000000,26402.5674150000,22423.8759530260,22423.8759530260,1,SRM-USDT
2022-08-22 06:00:00,1661119200000,0.8460000000,0.8510000000,0.8330000000,0.8490000000,69591.7937000000,58444.4429021080,58444.4429021080,1,SRM-USDT
2022-08-22 07:00:00,1661122800000,0.8470000000,0.8540000000,0.8420000000,0.8440000000,16951.5821470000,14369.3560101100,14369.3560101100,1,SRM-USDT
2022-08-22 08:00:00,1661126400000,0.8430000000,0.8440000000,0.8340000000,0.8370000000,26632.2130280000,22334.2058662700,22334.2058662700,1,SRM-USDT
2022-08-22 09:00:00,1661130000000,0.8350000000,0.8370000000,0.8310000000,0.8360000000,23453.9285800000,19548.8699577090,19548.8699577090,1,SRM-USDT
2022-08-22 10:00:00,1661133600000,0.8340000000,0.8380000000,0.8320000000,0.8380000000,9850.0725830000,8229.8188154590,8229.8188154590,1,SRM-USDT
2022-08-22 11:00:00,1661137200000,0.8360000000,0.8380000000,0.8330000000,0.8330000000,9554.7767070000,7979.2371343230,7979.2371343230,1,SRM-USDT
2022-08-22 12:00:00,1661140800000,0.8320000000,0.8360000000,0.8280000000,0.8350000000,26804.2275610000,22330.2855571070,22330.2855571070,1,SRM-USDT
2022-08-22 13:00:00,1661144400000,0.8350000000,0.8370000000,0.8300000000,0.8320000000,18201.6612330000,15171.8253855630,15171.8253855630,1,SRM-USDT
2022-08-22 14:00:00,1661148000000,0.8310000000,0.8320000000,0.8170000000,0.8190000000,47895.0767100000,39405.5242850070,39405.5242850070,1,SRM-USDT
2022-08-22 15:00:00,1661151600000,0.8180000000,0.8240000000,0.8080000000,0.8100000000,49960.5562480000,40755.2897270580,40755.2897270580,1,SRM-USDT
2022-08-22 16:00:00,1661155200000,0.8080000000,0.8100000000,0.7970000000,0.8080000000,44362.8831920000,35568.5388693970,35568.5388693970,1,SRM-USDT
2022-08-22 17:00:00,1661158800000,0.8070000000,0.8120000000,0.8030000000,0.8110000000,23130.1073890000,18685.1739717340,18685.1739717340,1,SRM-USDT
2022-08-22 18:00:00,1661162400000,0.8100000000,0.8160000000,0.8080000000,0.8110000000,33768.6187890000,27388.4262026320,27388.4262026320,1,SRM-USDT
2022-08-22 19:00:00,1661166000000,0.8120000000,0.8140000000,0.8070000000,0.8080000000,21988.0657940000,17789.2043503670,17789.2043503670,1,SRM-USDT
2022-08-22 20:00:00,1661169600000,0.8060000000,0.8130000000,0.8010000000,0.8050000000,24829.9903630000,20010.1656843690,20010.1656843690,1,SRM-USDT
2022-08-22 21:00:00,1661173200000,0.8020000000,0.8110000000,0.7980000000,0.8080000000,31933.3945480000,25664.5323951500,25664.5323951500,1,SRM-USDT
2022-08-22 22:00:00,1661176800000,0.8070000000,0.8110000000,0.8000000000,0.8030000000,28651.9184160000,23075.3284654690,23075.3284654690,1,SRM-USDT
2022-08-22 23:00:00,1661180400000,0.8020000000,0.8160000000,0.8020000000,0.8160000000,46531.5692370000,37690.4115789770,37690.4115789770,1,SRM-USDT
2022-08-23 00:00:00,1661184000000,0.8140000000,0.8190000000,0.8100000000,0.8120000000,24314.8959190000,19776.0432110020,19776.0432110020,1,SRM-USDT
2022-08-23 01:00:00,1661187600000,0.8100000000,0.8120000000,0.8050000000,0.8080000000,47669.2676190000,38541.9377397880,38541.9377397880,1,SRM-USDT
2022-08-23 02:00:00,1661191200000,0.8060000000,0.8080000000,0.7940000000,0.8000000000,27959.3547710000,22398.8728162900,22398.8728162900,1,SRM-USDT
2022-08-23 03:00:00,1661194800000,0.7970000000,0.8030000000,0.7970000000,0.8020000000,27646.3329380000,22119.5772180890,22119.5772180890,1,SRM-USDT
2022-08-23 04:00:00,1661198400000,0.8030000000,0.8160000000,0.8000000000,0.8120000000,20363.2897000000,16481.1594529370,16481.1594529370,1,SRM-USDT
2022-08-23 05:00:00,1661202000000,0.8110000000,0.8130000000,0.8060000000,0.8080000000,10388.5578570000,8400.4281606200,8400.4281606200,1,SRM-USDT
2022-08-23 06:00:00,1661205600000,0.8060000000,0.8200000000,0.8060000000,0.8160000000,12017.5902130000,9785.5773213590,9785.5773213590,1,SRM-USDT
2022-08-23 07:00:00,1661209200000,0.8170000000,0.8290000000,0.8150000000,0.8270000000,13455.4386840000,11045.4587098960,11045.4587098960,1,SRM-USDT
2022-08-23 08:00:00,1661212800000,0.8260000000,0.8350000000,0.8240000000,0.8310000000,15432.3059560000,12804.3932876090,12804.3932876090,1,SRM-USDT
2022-08-23 09:00:00,1661216400000,0.8290000000,0.8370000000,0.8290000000,0.8320000000,14006.6621690000,11672.5806303420,11672.5806303420,1,SRM-USDT
2022-08-23 10:00:00,1661220000000,0.8310000000,0.8340000000,0.8280000000,0.8340000000,14354.9906970000,11949.6864932350,11949.6864932350,1,SRM-USDT
2022-08-23 11:00:00,1661223600000,0.8350000000,0.8370000000,0.8280000000,0.8280000000,12397.2941200000,10331.8623139450,10331.8623139450,1,SRM-USDT
2022-08-23 12:00:00,1661227200000,0.8270000000,0.8310000000,0.8270000000,0.8270000000,11318.7716790000,9379.9317360580,9379.9317360580,1,SRM-USDT
2022-08-23 13:00:00,1661230800000,0.8280000000,0.8290000000,0.8030000000,0.8040000000,53061.9659180000,42995.2733092960,42995.2733092960,1,SRM-USDT
2022-08-23 14:00:00,1661234400000,0.8030000000,0.8090000000,0.8010000000,0.8090000000,31089.5698420000,25014.0500533420,25014.0500533420,1,SRM-USDT
2022-08-23 15:00:00,1661238000000,0.8100000000,0.8190000000,0.8090000000,0.8190000000,9893.5772180000,8065.8680945230,8065.8680945230,1,SRM-USDT
2022-08-23 16:00:00,1661241600000,0.8180000000,0.8480000000,0.8180000000,0.8450000000,220744.7884270000,184788.5117657750,184788.5117657750,1,SRM-USDT
2022-08-23 17:00:00,1661245200000,0.8450000000,0.8480000000,0.8340000000,0.8420000000,39781.1582000000,33453.0691744020,33453.0691744020,1,SRM-USDT
2022-08-23 18:00:00,1661248800000,0.8400000000,0.8460000000,0.8360000000,0.8430000000,62624.9081850000,52636.1118106460,52636.1118106460,1,SRM-USDT
2022-08-23 19:00:00,1661252400000,0.8420000000,0.8500000000,0.8390000000,0.8500000000,54129.3897430000,45631.2763916850,45631.2763916850,1,SRM-USDT
2022-08-23 20:00:00,1661256000000,0.8490000000,0.8530000000,0.8370000000,0.8390000000,53806.8107410000,45422.0367207800,45422.0367207800,1,SRM-USDT
2022-08-23 21:00:00,1661259600000,0.8380000000,0.8520000000,0.8350000000,0.8520000000,63895.4821320000,53987.0059376680,53987.0059376680,1,SRM-USDT
2022-08-23 22:00:00,1661263200000,0.8510000000,0.8590000000,0.8450000000,0.8470000000,67053.6084910000,57134.7703035890,57134.7703035890,1,SRM-USDT
2022-08-23 23:00:00,1661266800000,0.8440000000,0.8550000000,0.8430000000,0.8490000000,44163.2360690000,37511.0310823600,37511.0310823600,1,SRM-USDT
2022-08-24 00:00:00,1661270400000,0.8470000000,0.8500000000,0.8430000000,0.8480000000,31417.1621720000,26573.7950038570,26573.7950038570,1,SRM-USDT
2022-08-24 01:00:00,1661274000000,0.8470000000,0.8550000000,0.8420000000,0.8490000000,79803.0584320000,67877.6710457830,67877.6710457830,1,SRM-USDT
2022-08-24 02:00:00,1661277600000,0.8470000000,0.8610000000,0.8450000000,0.8570000000,45509.0164860000,38911.7065360530,38911.7065360530,1,SRM-USDT
2022-08-24 03:00:00,1661281200000,0.8560000000,0.8590000000,0.8510000000,0.8550000000,14855.4394730000,12687.3402730980,12687.3402730980,1,SRM-USDT
2022-08-24 04:00:00,1661284800000,0.8530000000,0.8620000000,0.8520000000,0.8560000000,21655.1819640000,18539.8624439330,18539.8624439330,1,SRM-USDT
2022-08-24 05:00:00,1661288400000,0.8550000000,0.8570000000,0.8520000000,0.8570000000,16892.1722680000,14430.4582759730,14430.4582759730,1,SRM-USDT
2022-08-24 06:00:00,1661292000000,0.8560000000,0.8620000000,0.8530000000,0.8530000000,33923.1289330000,29006.6658303610,29006.6658303610,1,SRM-USDT
2022-08-24 07:00:00,1661295600000,0.8560000000,0.8600000000,0.8530000000,0.8570000000,46022.0006880000,39472.9018641680,39472.9018641680,1,SRM-USDT
2022-08-24 08:00:00,1661299200000,0.8580000000,0.8610000000,0.8420000000,0.8450000000,46083.3332460000,39254.5195088260,39254.5195088260,1,SRM-USDT
2022-08-24 09:00:00,1661302800000,0.8450000000,0.8470000000,0.8320000000,0.8370000000,94330.4894230000,79182.3346843860,79182.3346843860,1,SRM-USDT
2022-08-24 10:00:00,1661306400000,0.8380000000,0.8430000000,0.8320000000,0.8340000000,58211.4432280000,48754.0963971100,48754.0963971100,1,SRM-USDT
2022-08-24 11:00:00,1661310000000,0.8330000000,0.8380000000,0.8300000000,0.8370000000,82842.3599820000,69157.0070411070,69157.0070411070,1,SRM-USDT
2022-08-24 12:00:00,1661313600000,0.8340000000,0.8400000000,0.8330000000,0.8390000000,37301.6180700000,31156.6041481130,31156.6041481130,1,SRM-USDT
2022-08-24 13:00:00,1661317200000,0.8390000000,0.8470000000,0.8370000000,0.8430000000,58724.3058030000,49527.5605284720,49527.5605284720,1,SRM-USDT
2022-08-24 14:00:00,1661320800000,0.8420000000,0.8470000000,0.8400000000,0.8460000000,77051.5382230000,64963.6670907890,64963.6670907890,1,SRM-USDT
2022-08-24 15:00:00,1661324400000,0.8450000000,0.8490000000,0.8350000000,0.8400000000,28443.7001420000,23893.0006120000,23893.0006120000,1,SRM-USDT
2022-08-24 16:00:00,1661328000000,0.8380000000,0.8480000000,0.8380000000,0.8440000000,27135.6784360000,22896.1559162140,22896.1559162140,1,SRM-USDT
2022-08-24 17:00:00,1661331600000,0.8450000000,0.8480000000,0.8430000000,0.8450000000,17474.7127250000,14763.6597177080,14763.6597177080,1,SRM-USDT
2022-08-24 18:00:00,1661335200000,0.8450000000,0.8470000000,0.8410000000,0.8420000000,14048.6603950000,11867.1337330020,11867.1337330020,1,SRM-USDT
2022-08-24 19:00:00,1661338800000,0.8410000000,0.8500000000,0.8410000000,0.8490000000,21661.1823980000,18345.5167822040,18345.5167822040,1,SRM-USDT
2022-08-24 20:00:00,1661342400000,0.8500000000,0.8560000000,0.8480000000,0.8520000000,92380.3377720000,78520.0297869010,78520.0297869010,1,SRM-USDT
2022-08-24 21:00:00,1661346000000,0.8500000000,0.8550000000,0.8500000000,0.8520000000,70148.9821350000,59758.0004813890,59758.0004813890,1,SRM-USDT
2022-08-24 22:00:00,1661349600000,0.8500000000,0.8560000000,0.8470000000,0.8550000000,26126.0711590000,22285.3178225020,22285.3178225020,1,SRM-USDT
2022-08-24 23:00:00,1661353200000,0.8530000000,0.8630000000,0.8520000000,0.8630000000,48629.8703440000,41781.6668077960,41781.6668077960,1,SRM-USDT
2022-08-25 00:00:00,1661356800000,0.8610000000,0.8680000000,0.8540000000,0.8540000000,54464.3137410000,46810.0478555970,46810.0478555970,1,SRM-USDT
2022-08-25 01:00:00,1661360400000,0.8530000000,0.8570000000,0.8530000000,0.8550000000,76887.7785150000,65824.0591450540,65824.0591450540,1,SRM-USDT
2022-08-25 02:00:00,1661364000000,0.8570000000,0.8580000000,0.8550000000,0.8560000000,30790.7377010000,26377.5279341240,26377.5279341240,1,SRM-USDT
2022-08-25 03:00:00,1661367600000,0.8560000000,0.8640000000,0.8560000000,0.8580000000,15045.3650150000,12926.9794402150,12926.9794402150,1,SRM-USDT
2022-08-25 04:00:00,1661371200000,0.8580000000,0.8670000000,0.8570000000,0.8650000000,25699.0049370000,22105.8656979260,22105.8656979260,1,SRM-USDT
2022-08-25 05:00:00,1661374800000,0.8640000000,0.8650000000,0.8540000000,0.8550000000,22172.7495410000,19037.0308436930,19037.0308436930,1,SRM-USDT
2022-08-25 06:00:00,1661378400000,0.8560000000,0.8590000000,0.8470000000,0.8470000000,22331.5605200000,18982.7121272640,18982.7121272640,1,SRM-USDT
2022-08-25 07:00:00,1661382000000,0.8490000000,0.8500000000,0.8370000000,0.8390000000,78163.3843560000,65850.3454641560,65850.3454641560,1,SRM-USDT
2022-08-25 08:00:00,1661385600000,0.8380000000,0.8490000000,0.8380000000,0.8460000000,19899.2276700000,16788.7078754880,16788.7078754880,1,SRM-USDT
2022-08-25 09:00:00,1661389200000,0.8450000000,0.8530000000,0.8440000000,0.8490000000,26349.9016830000,22337.0613215400,22337.0613215400,1,SRM-USDT
2022-08-25 10:00:00,1661392800000,0.8500000000,0.8500000000,0.8420000000,0.8470000000,23046.0724860000,19482.9461631080,19482.9461631080,1,SRM-USDT
2022-08-25 11:00:00,1661396400000,0.8460000000,0.8510000000,0.8400000000,0.8430000000,36141.4160700000,30573.3496293470,30573.3496293470,1,SRM-USDT
2022-08-25 12:00:00,1661400000000,0.8400000000,0.8460000000,0.8400000000,0.8460000000,12988.4093820000,10961.9153380260,10961.9153380260,1,SRM-USDT
2022-08-25 13:00:00,1661403600000,0.8450000000,0.8500000000,0.8440000000,0.8500000000,4789.1940890000,4045.6549703940,4045.6549703940,1,SRM-USDT
2022-08-25 14:00:00,1661407200000,0.8470000000,0.8620000000,0.8470000000,0.8600000000,55769.9202290000,47788.6399581430,47788.6399581430,1,SRM-USDT
2022-08-25 15:00:00,1661410800000,0.8600000000,0.8630000000,0.8570000000,0.8620000000,40823.6632490000,35078.6259824740,35078.6259824740,1,SRM-USDT
2022-08-25 16:00:00,1661414400000,0.8630000000,0.8640000000,0.8580000000,0.8580000000,42580.6615710000,36647.4051310690,36647.4051310690,1,SRM-USDT
2022-08-25 17:00:00,1661418000000,0.8580000000,0.8590000000,0.8530000000,0.8530000000,21427.2494810000,18339.6747644030,18339.6747644030,1,SRM-USDT
2022-08-25 18:00:00,1661421600000,0.8540000000,0.8560000000,0.8510000000,0.8530000000,15730.9195420000,13420.9680733960,13420.9680733960,1,SRM-USDT
2022-08-25 19:00:00,1661425200000,0.8510000000,0.8590000000,0.8510000000,0.8590000000,24231.5155940000,20695.4436466230,20695.4436466230,1,SRM-USDT
2022-08-25 20:00:00,1661428800000,0.8570000000,0.8610000000,0.8490000000,0.8520000000,61483.8167870000,52543.5897516850,52543.5897516850,1,SRM-USDT
2022-08-25 21:00:00,1661432400000,0.8500000000,0.8540000000,0.8470000000,0.8540000000,31756.5221930000,26986.0021597630,26986.0021597630,1,SRM-USDT
2022-08-25 22:00:00,1661436000000,0.8540000000,0.8590000000,0.8520000000,0.8540000000,35502.7573370000,30364.1707772450,30364.1707772450,1,SRM-USDT
2022-08-25 23:00:00,1661439600000,0.8540000000,0.8560000000,0.8370000000,0.8470000000,74120.5719460000,62603.0094373670,62603.0094373670,1,SRM-USDT
2022-08-26 00:00:00,1661443200000,0.8440000000,0.8490000000,0.8400000000,0.8450000000,60746.2601640000,51293.4553844520,51293.4553844520,1,SRM-USDT
2022-08-26 01:00:00,1661446800000,0.8430000000,0.8520000000,0.8420000000,0.8500000000,31313.6167040000,26485.3037161180,26485.3037161180,1,SRM-USDT
2022-08-26 02:00:00,1661450400000,0.8480000000,0.8510000000,0.8460000000,0.8490000000,13005.9407390000,11034.3722190480,11034.3722190480,1,SRM-USDT
2022-08-26 03:00:00,1661454000000,0.8470000000,0.8580000000,0.8470000000,0.8580000000,70381.0597630000,60021.5473263690,60021.5473263690,1,SRM-USDT
2022-08-26 04:00:00,1661457600000,0.8570000000,0.8620000000,0.8550000000,0.8610000000,39593.0096730000,33976.9863386170,33976.9863386170,1,SRM-USDT
2022-08-26 05:00:00,1661461200000,0.8580000000,0.8620000000,0.8550000000,0.8570000000,8990.0721030000,7716.0315942730,7716.0315942730,1,SRM-USDT
2022-08-26 06:00:00,1661464800000,0.8550000000,0.8600000000,0.8500000000,0.8550000000,18001.9317980000,15401.0885584970,15401.0885584970,1,SRM-USDT
2022-08-26 07:00:00,1661468400000,0.8540000000,0.8560000000,0.8500000000,0.8540000000,33414.1872790000,28484.5614314180,28484.5614314180,1,SRM-USDT
2022-08-26 08:00:00,1661472000000,0.8520000000,0.8530000000,0.8420000000,0.8470000000,59488.6477400000,50434.8458236370,50434.8458236370,1,SRM-USDT
2022-08-26 09:00:00,1661475600000,0.8450000000,0.8520000000,0.8440000000,0.8520000000,16509.9555630000,13992.8371636110,13992.8371636110,1,SRM-USDT
2022-08-26 10:00:00,1661479200000,0.8500000000,0.8560000000,0.8500000000,0.8550000000,19101.7020550000,16298.0473393460,16298.0473393460,1,SRM-USDT
2022-08-26 11:00:00,1661482800000,0.8550000000,0.8560000000,0.8520000000,0.8530000000,45673.6279660000,38948.4932641610,38948.4932641610,1,SRM-USDT
2022-08-26 12:00:00,1661486400000,0.8520000000,0.8540000000,0.8490000000,0.8530000000,8774.1515300000,7466.5297753810,7466.5297753810,1,SRM-USDT
2022-08-26 13:00:00,1661490000000,0.8500000000,0.8520000000,0.8340000000,0.8370000000,55074.6862470000,46196.8575204790,46196.8575204790,1,SRM-USDT
2022-08-26 14:00:00,1661493600000,0.8340000000,0.8400000000,0.8330000000,0.8370000000,25110.2967230000,20980.6005216650,20980.6005216650,1,SRM-USDT
2022-08-26 15:00:00,1661497200000,0.8350000000,0.8360000000,0.8270000000,0.8340000000,42504.7515380000,35294.1337517280,35294.1337517280,1,SRM-USDT
2022-08-26 16:00:00,1661500800000,0.8320000000,0.8370000000,0.8310000000,0.8340000000,24870.6978860000,20723.8542019060,20723.8542019060,1,SRM-USDT
2022-08-26 17:00:00,1661504400000,0.8350000000,0.8410000000,0.8330000000,0.8380000000,20363.6276210000,17067.2397282230,17067.2397282230,1,SRM-USDT
2022-08-26 18:00:00,1661508000000,0.8360000000,0.8390000000,0.8310000000,0.8330000000,38234.5224900000,31935.8571727950,31935.8571727950,1,SRM-USDT
2022-08-26 19:00:00,1661511600000,0.8320000000,0.8320000000,0.8170000000,0.8210000000,126528.1327120000,103988.9469289900,103988.9469289900,1,SRM-USDT
2022-08-26 20:00:00,1661515200000,0.8200000000,0.8440000000,0.8180000000,0.8430000000,111202.7748210000,92477.5646655800,92477.5646655800,1,SRM-USDT
2022-08-26 21:00:00,1661518800000,0.8440000000,0.8540000000,0.8340000000,0.8410000000,102009.7042370000,86081.2980775590,86081.2980775590,1,SRM-USDT
2022-08-26 22:00:00,1661522400000,0.8400000000,0.8460000000,0.8210000000,0.8230000000,169862.1085830000,141343.9765440350,141343.9765440350,1,SRM-USDT
2022-08-26 23:00:00,1661526000000,0.8220000000,0.8220000000,0.8010000000,0.8070000000,141445.3202120000,114365.9209607950,114365.9209607950,1,SRM-USDT
2022-08-27 00:00:00,1661529600000,0.8050000000,0.8080000000,0.7940000000,0.8030000000,103244.2946860000,82608.3626495650,82608.3626495650,1,SRM-USDT
2022-08-27 01:00:00,1661533200000,0.8040000000,0.8050000000,0.7960000000,0.7980000000,33109.9187820000,26464.7561183650,26464.7561183650,1,SRM-USDT
2022-08-27 02:00:00,1661536800000,0.7980000000,0.7980000000,0.7850000000,0.7930000000,127989.0575080000,101233.4914265800,101233.4914265800,1,SRM-USDT
2022-08-27 03:00:00,1661540400000,0.7910000000,0.7940000000,0.7900000000,0.7930000000,24933.6638630000,19741.6708896650,19741.6708896650,1,SRM-USDT
2022-08-27 04:00:00,1661544000000,0.7920000000,0.7950000000,0.7910000000,0.7930000000,27874.6050720000,22125.2027267390,22125.2027267390,1,SRM-USDT
2022-08-27 05:00:00,1661547600000,0.7940000000,0.7950000000,0.7880000000,0.7890000000,19391.3887810000,15331.2923655740,15331.2923655740,1,SRM-USDT
2022-08-27 06:00:00,1661551200000,0.7890000000,0.7910000000,0.7700000000,0.7850000000,45181.0020200000,35319.9927399010,35319.9927399010,1,SRM-USDT
2022-08-27 07:00:00,1661554800000,0.7840000000,0.7840000000,0.7610000000,0.7720000000,182797.4059730000,140668.0475231900,140668.0475231900,1,SRM-USDT
2022-08-27 08:00:00,1661558400000,0.7710000000,0.7770000000,0.7640000000,0.7740000000,52073.6598760000,40078.4731066480,40078.4731066480,1,SRM-USDT
2022-08-27 09:00:00,1661562000000,0.7740000000,0.7760000000,0.7700000000,0.7720000000,25316.7727450000,19566.0965023030,19566.0965023030,1,SRM-USDT
2022-08-27 10:00:00,1661565600000,0.7710000000,0.7740000000,0.7630000000,0.7690000000,40745.2671680000,31306.0688904590,31306.0688904590,1,SRM-USDT
2022-08-27 11:00:00,1661569200000,0.7700000000,0.7720000000,0.7670000000,0.7700000000,22303.9560440000,17150.3138422770,17150.3138422770,1,SRM-USDT
2022-08-27 12:00:00,1661572800000,0.7700000000,0.7730000000,0.7670000000,0.7670000000,53472.6522780000,41118.5008816890,41118.5008816890,1,SRM-USDT
2022-08-27 13:00:00,1661576400000,0.7660000000,0.7670000000,0.7540000000,0.7640000000,122121.6487610000,92653.2367221790,92653.2367221790,1,SRM-USDT
2022-08-27 14:00:00,1661580000000,0.7640000000,0.7720000000,0.7630000000,0.7710000000,30270.5432570000,23210.2276849130,23210.2276849130,1,SRM-USDT
2022-08-27 15:00:00,1661583600000,0.7710000000,0.7770000000,0.7680000000,0.7770000000,30689.4939700000,23669.2894619410,23669.2894619410,1,SRM-USDT
2022-08-27 16:00:00,1661587200000,0.7760000000,0.7780000000,0.7750000000,0.7770000000,47009.7423770000,36488.8839207040,36488.8839207040,1,SRM-USDT
2022-08-27 17:00:00,1661590800000,0.7750000000,0.7770000000,0.7690000000,0.7710000000,34821.0464920000,26901.4484902720,26901.4484902720,1,SRM-USDT
2022-08-27 18:00:00,1661594400000,0.7720000000,0.7770000000,0.7690000000,0.7750000000,17590.5264770000,13627.0829051990,13627.0829051990,1,SRM-USDT
2022-08-27 19:00:00,1661598000000,0.7740000000,0.7780000000,0.7740000000,0.7780000000,42683.2074920000,33130.4002152250,33130.4002152250,1,SRM-USDT
2022-08-27 20:00:00,1661601600000,0.7780000000,0.7780000000,0.7750000000,0.7760000000,17949.1017600000,13939.1013725540,13939.1013725540,1,SRM-USDT
2022-08-27 21:00:00,1661605200000,0.7750000000,0.7770000000,0.7690000000,0.7740000000,61715.6738720000,47677.7758451270,47677.7758451270,1,SRM-USDT
2022-08-27 22:00:00,1661608800000,0.7730000000,0.7750000000,0.7690000000,0.7710000000,44791.6273100000,34617.8015183450,34617.8015183450,1,SRM-USDT
2022-08-27 23:00:00,1661612400000,0.7710000000,0.7720000000,0.7580000000,0.7700000000,83274.3400820000,63895.5159275800,63895.5159275800,1,SRM-USDT
2022-08-28 00:00:00,1661616000000,0.7690000000,0.7700000000,0.7610000000,0.7700000000,43072.8341030000,32965.0311942860,32965.0311942860,1,SRM-USDT
2022-08-28 01:00:00,1661619600000,0.7710000000,0.7760000000,0.7670000000,0.7690000000,36385.8085290000,28032.6313781580,28032.6313781580,1,SRM-USDT
2022-08-28 02:00:00,1661623200000,0.7680000000,0.7700000000,0.7680000000,0.7680000000,14692.7343860000,11295.2866140490,11295.2866140490,1,SRM-USDT
2022-08-28 03:00:00,1661626800000,0.7670000000,0.7740000000,0.7670000000,0.7730000000,33872.9306910000,26164.0780401890,26164.0780401890,1,SRM-USDT
2022-08-28 04:00:00,1661630400000,0.7730000000,0.7750000000,0.7670000000,0.7730000000,14662.6822730000,11308.3223385250,11308.3223385250,1,SRM-USDT
2022-08-28 05:00:00,1661634000000,0.7720000000,0.7730000000,0.7680000000,0.7700000000,12677.6158390000,9768.1313070760,9768.1313070760,1,SRM-USDT
2022-08-28 06:00:00,1661637600000,0.7690000000,0.7790000000,0.7670000000,0.7750000000,71563.4530590000,55308.7264284240,55308.7264284240,1,SRM-USDT
2022-08-28 07:00:00,1661641200000,0.7720000000,0.7780000000,0.7720000000,0.7760000000,20145.1719320000,15606.4747613960,15606.4747613960,1,SRM-USDT
2022-08-28 08:00:00,1661644800000,0.7750000000,0.7770000000,0.7680000000,0.7710000000,32682.3657220000,25216.5193503340,25216.5193503340,1,SRM-USDT
2022-08-28 09:00:00,1661648400000,0.7710000000,0.7770000000,0.7710000000,0.7760000000,11060.7321170000,8574.9260304130,8574.9260304130,1,SRM-USDT
2022-08-28 10:00:00,1661652000000,0.7770000000,0.7830000000,0.7760000000,0.7760000000,46501.7922320000,36274.5160338640,36274.5160338640,1,SRM-USDT
2022-08-28 11:00:00,1661655600000,0.7780000000,0.7790000000,0.7750000000,0.7760000000,8782.3438480000,6815.5890703310,6815.5890703310,1,SRM-USDT
2022-08-28 12:00:00,1661659200000,0.7750000000,0.7780000000,0.7700000000,0.7720000000,24727.1460190000,19113.1701690370,19113.1701690370,1,SRM-USDT
2022-08-28 13:00:00,1661662800000,0.7710000000,0.7760000000,0.7680000000,0.7750000000,20078.3885990000,15482.1929115040,15482.1929115040,1,SRM-USDT
2022-08-28 14:00:00,1661666400000,0.7770000000,0.7800000000,0.7750000000,0.7770000000,49462.1504600000,38444.2553041380,38444.2553041380,1,SRM-USDT
2022-08-28 15:00:00,1661670000000,0.7760000000,0.7820000000,0.7750000000,0.7810000000,15991.5737410000,12458.4686521060,12458.4686521060,1,SRM-USDT
2022-08-28 16:00:00,1661673600000,0.7790000000,0.7840000000,0.7760000000,0.7770000000,30608.4616630000,23909.7494261780,23909.7494261780,1,SRM-USDT
2022-08-28 17:00:00,1661677200000,0.7790000000,0.7790000000,0.7760000000,0.7770000000,17244.3884180000,13400.9484780750,13400.9484780750,1,SRM-USDT
2022-08-28 18:00:00,1661680800000,0.7770000000,0.7840000000,0.7750000000,0.7800000000,25450.8567980000,19812.8507997890,19812.8507997890,1,SRM-USDT
2022-08-28 19:00:00,1661684400000,0.7770000000,0.7810000000,0.7740000000,0.7780000000,18961.9383870000,14733.3967427370,14733.3967427370,1,SRM-USDT
2022-08-28 20:00:00,1661688000000,0.7790000000,0.7810000000,0.7740000000,0.7740000000,47183.4089350000,36670.5751374210,36670.5751374210,1,SRM-USDT
2022-08-28 21:00:00,1661691600000,0.7740000000,0.7770000000,0.7730000000,0.7760000000,15263.5615910000,11827.1568735070,11827.1568735070,1,SRM-USDT
2022-08-28 22:00:00,1661695200000,0.7760000000,0.7810000000,0.7700000000,0.7760000000,54216.6334070000,42080.4277724550,42080.4277724550,1,SRM-USDT
2022-08-28 23:00:00,1661698800000,0.7760000000,0.7830000000,0.7740000000,0.7830000000,16135.5674620000,12551.4498377050,12551.4498377050,1,SRM-USDT
2022-08-29 00:00:00,1661702400000,0.7830000000,0.7890000000,0.7800000000,0.7820000000,44943.4244350000,35301.7605307830,35301.7605307830,1,SRM-USDT
2022-08-29 01:00:00,1661706000000,0.7780000000,0.7840000000,0.7780000000,0.7810000000,19527.8474350000,15249.0809539450,15249.0809539450,1,SRM-USDT
2022-08-29 02:00:00,1661709600000,0.7780000000,0.7850000000,0.7780000000,0.7840000000,24120.1171590000,18859.4484825320,18859.4484825320,1,SRM-USDT
2022-08-29 03:00:00,1661713200000,0.7830000000,0.7850000000,0.7790000000,0.7820000000,20140.5409080000,15743.1113029230,15743.1113029230,1,SRM-USDT
2022-08-29 04:00:00,1661716800000,0.7800000000,0.7850000000,0.7800000000,0.7840000000,22479.5562980000,17597.8778961370,17597.8778961370,1,SRM-USDT
2022-08-29 05:00:00,1661720400000,0.7810000000,0.7850000000,0.7740000000,0.7770000000,26153.9305110000,20415.9165614960,20415.9165614960,1,SRM-USDT
2022-08-29 06:00:00,1661724000000,0.7750000000,0.7780000000,0.7690000000,0.7690000000,46298.3966880000,35758.7450984940,35758.7450984940,1,SRM-USDT
2022-08-29 07:00:00,1661727600000,0.7700000000,0.7700000000,0.7490000000,0.7540000000,168465.3347860000,128187.4274491740,128187.4274491740,1,SRM-USDT
2022-08-29 08:00:00,1661731200000,0.7530000000,0.7590000000,0.7470000000,0.7550000000,153561.5907420000,115359.5111775980,115359.5111775980,1,SRM-USDT
2022-08-29 09:00:00,1661734800000,0.7540000000,0.7570000000,0.7510000000,0.7530000000,83830.2412880000,63122.6319655170,63122.6319655170,1,SRM-USDT
2022-08-29 10:00:00,1661738400000,0.7540000000,0.7610000000,0.7530000000,0.7580000000,25920.5828780000,19621.7339781340,19621.7339781340,1,SRM-USDT
2022-08-29 11:00:00,1661742000000,0.7590000000,0.7690000000,0.7570000000,0.7650000000,49627.0551570000,37856.0412942850,37856.0412942850,1,SRM-USDT
2022-08-29 12:00:00,1661745600000,0.7650000000,0.7670000000,0.7600000000,0.7620000000,15086.6689760000,11532.2755417920,11532.2755417920,1,SRM-USDT
2022-08-29 13:00:00,1661749200000,0.7620000000,0.7650000000,0.7580000000,0.7580000000,27432.5640560000,20875.9933951400,20875.9933951400,1,SRM-USDT
2022-08-29 14:00:00,1661752800000,0.7590000000,0.7650000000,0.7590000000,0.7640000000,51056.9919630000,38872.1832908650,38872.1832908650,1,SRM-USDT
2022-08-29 15:00:00,1661756400000,0.7660000000,0.7680000000,0.7620000000,0.7680000000,35927.6228660000,27482.7193989910,27482.7193989910,1,SRM-USDT
2022-08-29 16:00:00,1661760000000,0.7670000000,0.7680000000,0.7610000000,0.7630000000,7237.8934680000,5529.8951946150,5529.8951946150,1,SRM-USDT
2022-08-29 17:00:00,1661763600000,0.7600000000,0.7670000000,0.7600000000,0.7660000000,18974.6950220000,14477.8792742560,14477.8792742560,1,SRM-USDT
2022-08-29 18:00:00,1661767200000,0.7650000000,0.7670000000,0.7630000000,0.7670000000,11143.7931760000,8532.5559025530,8532.5559025530,1,SRM-USDT
2022-08-29 19:00:00,1661770800000,0.7680000000,0.7680000000,0.7620000000,0.7680000000,55312.7384670000,42348.4109739540,42348.4109739540,1,SRM-USDT
2022-08-29 20:00:00,1661774400000,0.7670000000,0.7880000000,0.7660000000,0.7810000000,65882.5091570000,51282.6272406010,51282.6272406010,1,SRM-USDT
2022-08-29 21:00:00,1661778000000,0.7790000000,0.7920000000,0.7790000000,0.7890000000,69046.3936330000,54287.7531846250,54287.7531846250,1,SRM-USDT
2022-08-29 22:00:00,1661781600000,0.7880000000,0.8010000000,0.7860000000,0.7890000000,83856.9606460000,66541.2874352040,66541.2874352040,1,SRM-USDT
2022-08-29 23:00:00,1661785200000,0.7890000000,0.7980000000,0.7860000000,0.7930000000,115564.0040110000,91318.7201166240,91318.7201166240,1,SRM-USDT
2022-08-30 00:00:00,1661788800000,0.7920000000,0.8000000000,0.7910000000,0.7970000000,36749.1955850000,29217.8404513060,29217.8404513060,1,SRM-USDT
2022-08-30 01:00:00,1661792400000,0.7950000000,0.7980000000,0.7920000000,0.7980000000,34074.4418800000,27098.0871145540,27098.0871145540,1,SRM-USDT
2022-08-30 02:00:00,1661796000000,0.7950000000,0.7970000000,0.7900000000,0.7920000000,34166.0701410000,27110.4556349680,27110.4556349680,1,SRM-USDT
2022-08-30 03:00:00,1661799600000,0.7920000000,0.7940000000,0.7890000000,0.7910000000,21226.6687910000,16794.6829363940,16794.6829363940,1,SRM-USDT
2022-08-30 04:00:00,1661803200000,0.7920000000,0.7960000000,0.7890000000,0.7960000000,28785.0605690000,22822.8772831320,22822.8772831320,1,SRM-USDT
2022-08-30 05:00:00,1661806800000,0.7950000000,0.7970000000,0.7920000000,0.7960000000,22584.8925900000,17936.1855545330,17936.1855545330,1,SRM-USDT
2022-08-30 06:00:00,1661810400000,0.7950000000,0.7980000000,0.7930000000,0.7950000000,13975.8064310000,11110.5839507970,11110.5839507970,1,SRM-USDT
2022-08-30 07:00:00,1661814000000,0.7960000000,0.8040000000,0.7910000000,0.8000000000,35659.6023970000,28459.0443122570,28459.0443122570,1,SRM-USDT
2022-08-30 08:00:00,1661817600000,0.8000000000,0.8020000000,0.7930000000,0.8000000000,35445.0911640000,28275.9352127890,28275.9352127890,1,SRM-USDT
2022-08-30 09:00:00,1661821200000,0.7970000000,0.8000000000,0.7920000000,0.7920000000,26483.8070540000,21055.7683149250,21055.7683149250,1,SRM-USDT
2022-08-30 10:00:00,1661824800000,0.7940000000,0.7950000000,0.7910000000,0.7950000000,7831.5175990000,6203.4866511050,6203.4866511050,1,SRM-USDT
2022-08-30 11:00:00,1661828400000,0.7930000000,0.8000000000,0.7920000000,0.8000000000,9252.2663330000,7354.6779837000,7354.6779837000,1,SRM-USDT
2022-08-30 12:00:00,1661832000000,0.7980000000,0.8120000000,0.7970000000,0.8080000000,35556.4950620000,28710.8859805680,28710.8859805680,1,SRM-USDT
2022-08-30 13:00:00,1661835600000,0.8050000000,0.8080000000,0.8010000000,0.8030000000,36932.9182670000,29679.5092795200,29679.5092795200,1,SRM-USDT
2022-08-30 14:00:00,1661839200000,0.8030000000,0.8040000000,0.8000000000,0.8020000000,31492.3291760000,25237.5621156960,25237.5621156960,1,SRM-USDT
2022-08-30 15:00:00,1661842800000,0.8030000000,0.8080000000,0.8000000000,0.8030000000,31915.6074530000,25666.5395403090,25666.5395403090,1,SRM-USDT
2022-08-30 16:00:00,1661846400000,0.8000000000,0.8060000000,0.8000000000,0.8020000000,48988.4800020000,39298.6205646120,39298.6205646120,1,SRM-USDT
2022-08-30 17:00:00,1661850000000,0.8000000000,0.8070000000,0.8000000000,0.8040000000,24432.2955610000,19628.6481550440,19628.6481550440,1,SRM-USDT
2022-08-30 18:00:00,1661853600000,0.8040000000,0.8110000000,0.8020000000,0.8060000000,56553.0430600000,45613.5647886980,45613.5647886980,1,SRM-USDT
2022-08-30 19:00:00,1661857200000,0.8030000000,0.8060000000,0.7990000000,0.8030000000,23651.5563540000,18955.0314734270,18955.0314734270,1,SRM-USDT
2022-08-30 20:00:00,1661860800000,0.8030000000,0.8090000000,0.7970000000,0.8010000000,21921.4753390000,17544.8320088760,17544.8320088760,1,SRM-USDT
2022-08-30 21:00:00,1661864400000,0.8020000000,0.8050000000,0.7970000000,0.7990000000,21773.3230130000,17455.2160675130,17455.2160675130,1,SRM-USDT
2022-08-30 22:00:00,1661868000000,0.8000000000,0.8020000000,0.7710000000,0.7770000000,81344.5646380000,63437.5005959610,63437.5005959610,1,SRM-USDT
2022-08-30 23:00:00,1661871600000,0.7770000000,0.7800000000,0.7710000000,0.7790000000,48202.2257820000,37311.2929470480,37311.2929470480,1,SRM-USDT
2022-08-31 00:00:00,1661875200000,0.7760000000,0.7820000000,0.7620000000,0.7640000000,63565.8729030000,48934.3946177870,48934.3946177870,1,SRM-USDT
2022-08-31 01:00:00,1661878800000,0.7620000000,0.7670000000,0.7600000000,0.7670000000,46197.3460260000,35216.0397515270,35216.0397515270,1,SRM-USDT
2022-08-31 02:00:00,1661882400000,0.7660000000,0.7710000000,0.7650000000,0.7710000000,38313.8040310000,29438.1096494750,29438.1096494750,1,SRM-USDT
2022-08-31 03:00:00,1661886000000,0.7700000000,0.7890000000,0.7690000000,0.7810000000,100765.5739240000,78702.8063636010,78702.8063636010,1,SRM-USDT
2022-08-31 04:00:00,1661889600000,0.7790000000,0.7880000000,0.7760000000,0.7850000000,53897.0749540000,42245.7398578870,42245.7398578870,1,SRM-USDT
2022-08-31 05:00:00,1661893200000,0.7830000000,0.7850000000,0.7750000000,0.7790000000,18594.7942810000,14526.2793473540,14526.2793473540,1,SRM-USDT
2022-08-31 06:00:00,1661896800000,0.7770000000,0.7870000000,0.7760000000,0.7860000000,31399.1877950000,24502.6940125080,24502.6940125080,1,SRM-USDT
2022-08-31 07:00:00,1661900400000,0.7850000000,0.7870000000,0.7760000000,0.7790000000,24601.6383850000,19214.4696747480,19214.4696747480,1,SRM-USDT
2022-08-31 08:00:00,1661904000000,0.7790000000,0.7950000000,0.7780000000,0.7910000000,20751.9900120000,16325.2815312090,16325.2815312090,1,SRM-USDT
2022-08-31 09:00:00,1661907600000,0.7890000000,0.8020000000,0.7890000000,0.7950000000,44738.0103540000,35603.9712408210,35603.9712408210,1,SRM-USDT
2022-08-31 10:00:00,1661911200000,0.7940000000,0.8010000000,0.7930000000,0.7990000000,15277.5960140000,12158.6276888880,12158.6276888880,1,SRM-USDT
2022-08-31 11:00:00,1661914800000,0.7980000000,0.8060000000,0.7970000000,0.8010000000,80453.7061690000,64472.6688244530,64472.6688244530,1,SRM-USDT
2022-08-31 12:00:00,1661918400000,0.8010000000,0.8060000000,0.7990000000,0.8020000000,23315.4442690000,18701.1543425520,18701.1543425520,1,SRM-USDT
2022-08-31 13:00:00,1661922000000,0.8010000000,0.8040000000,0.7990000000,0.8010000000,11335.6073310000,9074.8119712540,9074.8119712540,1,SRM-USDT
2022-08-31 14:00:00,1661925600000,0.8000000000,0.8090000000,0.7960000000,0.7970000000,30122.8925570000,24073.3639424750,24073.3639424750,1,SRM-USDT
2022-08-31 15:00:00,1661929200000,0.7970000000,0.8000000000,0.7940000000,0.7950000000,18083.4350590000,14397.6114428830,14397.6114428830,1,SRM-USDT
2022-08-31 16:00:00,1661932800000,0.7950000000,0.7990000000,0.7860000000,0.7930000000,39630.1038280000,31447.7835018030,31447.7835018030,1,SRM-USDT
2022-08-31 17:00:00,1661936400000,0.7920000000,0.7940000000,0.7890000000,0.7910000000,22495.4486450000,17802.1312382100,17802.1312382100,1,SRM-USDT
2022-08-31 18:00:00,1661940000000,0.7900000000,0.8030000000,0.7890000000,0.7990000000,28817.8849690000,22891.8849787650,22891.8849787650,1,SRM-USDT
2022-08-31 19:00:00,1661943600000,0.7980000000,0.8030000000,0.7960000000,0.7990000000,9388.5163250000,7484.3768185650,7484.3768185650,1,SRM-USDT
2022-08-31 20:00:00,1661947200000,0.7970000000,0.8020000000,0.7930000000,0.7990000000,16931.3735210000,13491.5516390900,13491.5516390900,1,SRM-USDT
2022-08-31 21:00:00,1661950800000,0.7980000000,0.8050000000,0.7950000000,0.8000000000,35901.5724850000,28745.6381197560,28745.6381197560,1,SRM-USDT
2022-08-31 22:00:00,1661954400000,0.7990000000,0.8030000000,0.7890000000,0.7900000000,34647.4430480000,27568.0799317040,27568.0799317040,1,SRM-USDT
2022-08-31 23:00:00,1661958000000,0.7890000000,0.7900000000,0.7770000000,0.7890000000,65125.5226950000,50948.8721082220,50948.8721082220,1,SRM-USDT
2022-09-01 00:00:00,1661961600000,0.7880000000,0.7900000000,0.7830000000,0.7850000000,38326.1995970000,30124.0352317560,30124.0352317560,1,SRM-USDT
2022-09-01 01:00:00,1661965200000,0.7840000000,0.7900000000,0.7790000000,0.7840000000,31796.3712410000,24937.6034590460,24937.6034590460,1,SRM-USDT
2022-09-01 02:00:00,1661968800000,0.7820000000,0.7870000000,0.7820000000,0.7830000000,21762.2136900000,17045.8528975950,17045.8528975950,1,SRM-USDT
2022-09-01 03:00:00,1661972400000,0.7820000000,0.7970000000,0.7820000000,0.7920000000,55856.9143410000,44146.4360936190,44146.4360936190,1,SRM-USDT
2022-09-01 04:00:00,1661976000000,0.7910000000,0.7920000000,0.7850000000,0.7880000000,18242.0597450000,14374.1929238400,14374.1929238400,1,SRM-USDT
2022-09-01 05:00:00,1661979600000,0.7880000000,0.7930000000,0.7870000000,0.7920000000,7641.7886010000,6032.7755520220,6032.7755520220,1,SRM-USDT
2022-09-01 06:00:00,1661983200000,0.7900000000,0.7940000000,0.7840000000,0.7870000000,31168.0668420000,24532.0285873240,24532.0285873240,1,SRM-USDT
2022-09-01 07:00:00,1661986800000,0.7870000000,0.7880000000,0.7760000000,0.7790000000,34981.9867390000,27311.9228918680,27311.9228918680,1,SRM-USDT
2022-09-01 08:00:00,1661990400000,0.7780000000,0.7860000000,0.7700000000,0.7770000000,46707.6274050000,36287.2197799350,36287.2197799350,1,SRM-USDT
2022-09-01 09:00:00,1661994000000,0.7760000000,0.7830000000,0.7740000000,0.7810000000,31109.6128580000,24149.4772341680,24149.4772341680,1,SRM-USDT
2022-09-01 10:00:00,1661997600000,0.7790000000,0.7840000000,0.7770000000,0.7780000000,21908.6147610000,17106.0414283720,17106.0414283720,1,SRM-USDT
2022-09-01 11:00:00,1662001200000,0.7770000000,0.7830000000,0.7720000000,0.7760000000,29301.2212740000,22805.9332370750,22805.9332370750,1,SRM-USDT
2022-09-01 12:00:00,1662004800000,0.7740000000,0.7790000000,0.7730000000,0.7780000000,14279.0956300000,11086.9373158240,11086.9373158240,1,SRM-USDT
2022-09-01 13:00:00,1662008400000,0.7770000000,0.7820000000,0.7760000000,0.7790000000,12296.2925870000,9583.5999270900,9583.5999270900,1,SRM-USDT
2022-09-01 14:00:00,1662012000000,0.7780000000,0.7790000000,0.7730000000,0.7750000000,29492.5456170000,22825.5851043720,22825.5851043720,1,SRM-USDT
2022-09-01 15:00:00,1662015600000,0.7740000000,0.7750000000,0.7660000000,0.7710000000,22022.6619220000,16971.9473961630,16971.9473961630,1,SRM-USDT
2022-09-01 16:00:00,1662019200000,0.7690000000,0.7750000000,0.7690000000,0.7750000000,12903.4394930000,9956.9826578480,9956.9826578480,1,SRM-USDT
2022-09-01 17:00:00,1662022800000,0.7740000000,0.7810000000,0.7730000000,0.7810000000,15504.5201910000,12025.0212519350,12025.0212519350,1,SRM-USDT
2022-09-01 18:00:00,1662026400000,0.7790000000,0.7870000000,0.7780000000,0.7870000000,22215.8646530000,17373.7844230680,17373.7844230680,1,SRM-USDT
2022-09-01 19:00:00,1662030000000,0.7850000000,0.7920000000,0.7830000000,0.7910000000,13848.9605290000,10911.8608367900,10911.8608367900,1,SRM-USDT
2022-09-01 20:00:00,1662033600000,0.7890000000,0.7910000000,0.7800000000,0.7860000000,16498.2137110000,12941.4385006740,12941.4385006740,1,SRM-USDT
2022-09-01 21:00:00,1662037200000,0.7870000000,0.7880000000,0.7800000000,0.7850000000,43531.0197670000,34109.0460100270,34109.0460100270,1,SRM-USDT
2022-09-01 22:00:00,1662040800000,0.7830000000,0.7860000000,0.7660000000,0.7680000000,71039.6314300000,54807.4054854820,54807.4054854820,1,SRM-USDT
2022-09-01 23:00:00,1662044400000,0.7670000000,0.7780000000,0.7660000000,0.7750000000,44410.5944280000,34322.9625481050,34322.9625481050,1,SRM-USDT
2022-09-02 00:00:00,1662048000000,0.7730000000,0.7770000000,0.7700000000,0.7760000000,48875.6083140000,37803.9333703160,37803.9333703160,1,SRM-USDT
2022-09-02 01:00:00,1662051600000,0.7750000000,0.7860000000,0.7750000000,0.7780000000,39185.5908690000,30597.3489538600,30597.3489538600,1,SRM-USDT
2022-09-02 02:00:00,1662055200000,0.7780000000,0.7870000000,0.7770000000,0.7820000000,16795.1121210000,13162.2062370550,13162.2062370550,1,SRM-USDT
2022-09-02 03:00:00,1662058800000,0.7820000000,0.7880000000,0.7820000000,0.7880000000,15857.3504740000,12450.4197206060,12450.4197206060,1,SRM-USDT
2022-09-02 04:00:00,1662062400000,0.7870000000,0.7950000000,0.7870000000,0.7940000000,19298.6030510000,15286.0936037820,15286.0936037820,1,SRM-USDT
2022-09-02 05:00:00,1662066000000,0.7950000000,0.8000000000,0.7940000000,0.7970000000,35583.5206580000,28321.5241449740,28321.5241449740,1,SRM-USDT
2022-09-02 06:00:00,1662069600000,0.7960000000,0.8030000000,0.7960000000,0.8000000000,24462.4188090000,19579.2759485510,19579.2759485510,1,SRM-USDT
2022-09-02 07:00:00,1662073200000,0.8000000000,0.8030000000,0.7980000000,0.8020000000,11645.9882750000,9315.7991260730,9315.7991260730,1,SRM-USDT
2022-09-02 08:00:00,1662076800000,0.8010000000,0.8030000000,0.7970000000,0.7990000000,37247.2964270000,29813.8109234780,29813.8109234780,1,SRM-USDT
2022-09-02 09:00:00,1662080400000,0.7980000000,0.8020000000,0.7910000000,0.7940000000,66596.2461690000,53068.3142421800,53068.3142421800,1,SRM-USDT
2022-09-02 10:00:00,1662084000000,0.7920000000,0.7970000000,0.7890000000,0.7930000000,15247.5918030000,12065.2546551730,12065.2546551730,1,SRM-USDT
2022-09-02 11:00:00,1662087600000,0.7940000000,0.8050000000,0.7930000000,0.8010000000,28396.8825570000,22703.6246477270,22703.6246477270,1,SRM-USDT
2022-09-02 12:00:00,1662091200000,0.8000000000,0.8050000000,0.7980000000,0.8000000000,24265.2056460000,19457.6255284680,19457.6255284680,1,SRM-USDT
2022-09-02 13:00:00,1662094800000,0.7980000000,0.8000000000,0.7930000000,0.7970000000,27129.1911530000,21603.7676075650,21603.7676075650,1,SRM-USDT
2022-09-02 14:00:00,1662098400000,0.7950000000,0.7970000000,0.7930000000,0.7960000000,8940.5896740000,7098.9322073350,7098.9322073350,1,SRM-USDT
2022-09-02 15:00:00,1662102000000,0.7930000000,0.7980000000,0.7920000000,0.7970000000,29953.6779290000,23826.2596129930,23826.2596129930,1,SRM-USDT
2022-09-02 16:00:00,1662105600000,0.7950000000,0.7980000000,0.7910000000,0.7930000000,11116.3984450000,8823.1318476190,8823.1318476190,1,SRM-USDT
2022-09-02 17:00:00,1662109200000,0.7940000000,0.7970000000,0.7910000000,0.7950000000,2509.1197390000,1993.6567638560,1993.6567638560,1,SRM-USDT
2022-09-02 18:00:00,1662112800000,0.7930000000,0.7960000000,0.7880000000,0.7890000000,18342.8071090000,14478.3816016130,14478.3816016130,1,SRM-USDT
2022-09-02 19:00:00,1662116400000,0.7900000000,0.7900000000,0.7840000000,0.7900000000,26505.3281610000,20853.4640039610,20853.4640039610,1,SRM-USDT
2022-09-02 20:00:00,1662120000000,0.7890000000,0.8070000000,0.7850000000,0.8020000000,157821.6232330000,125882.4944176580,125882.4944176580,1,SRM-USDT
2022-09-02 21:00:00,1662123600000,0.8010000000,0.8070000000,0.7980000000,0.7990000000,55694.9585150000,44656.9219901700,44656.9219901700,1,SRM-USDT
2022-09-02 22:00:00,1662127200000,0.7970000000,0.8090000000,0.7970000000,0.8050000000,36313.1813290000,29211.8540281150,29211.8540281150,1,SRM-USDT
2022-09-02 23:00:00,1662130800000,0.8040000000,0.8080000000,0.8020000000,0.8040000000,12369.1690080000,9949.3796427560,9949.3796427560,1,SRM-USDT
2022-09-03 00:00:00,1662134400000,0.8040000000,0.8040000000,0.7930000000,0.7950000000,29443.3390530000,23471.6858576690,23471.6858576690,1,SRM-USDT
2022-09-03 01:00:00,1662138000000,0.7950000000,0.7950000000,0.7810000000,0.7810000000,58387.5347420000,46037.5740938140,46037.5740938140,1,SRM-USDT
2022-09-03 02:00:00,1662141600000,0.7810000000,0.7860000000,0.7780000000,0.7830000000,22872.4976440000,17877.5561817450,17877.5561817450,1,SRM-USDT
2022-09-03 03:00:00,1662145200000,0.7830000000,0.7840000000,0.7720000000,0.7760000000,22613.0136460000,17588.5829030070,17588.5829030070,1,SRM-USDT
2022-09-03 04:00:00,1662148800000,0.7760000000,0.7790000000,0.7730000000,0.7780000000,33711.3720420000,26145.9866119880,26145.9866119880,1,SRM-USDT
2022-09-03 05:00:00,1662152400000,0.7780000000,0.7780000000,0.7760000000,0.7780000000,9358.3071990000,7277.4236787040,7277.4236787040,1,SRM-USDT
2022-09-03 06:00:00,1662156000000,0.7780000000,0.7800000000,0.7730000000,0.7780000000,39533.5644330000,30659.2049743700,30659.2049743700,1,SRM-USDT
2022-09-03 07:00:00,1662159600000,0.7770000000,0.7800000000,0.7760000000,0.7790000000,20174.6660640000,15670.6887842940,15670.6887842940,1,SRM-USDT
2022-09-03 08:00:00,1662163200000,0.7800000000,0.7840000000,0.7760000000,0.7830000000,20836.5487410000,16248.8297531090,16248.8297531090,1,SRM-USDT
2022-09-03 09:00:00,1662166800000,0.7810000000,0.7830000000,0.7790000000,0.7820000000,23800.5599070000,18578.9158701380,18578.9158701380,1,SRM-USDT
2022-09-03 10:00:00,1662170400000,0.7810000000,0.7820000000,0.7780000000,0.7810000000,11122.0212850000,8675.1511916180,8675.1511916180,1,SRM-USDT
2022-09-03 11:00:00,1662174000000,0.7790000000,0.7810000000,0.7770000000,0.7790000000,18346.6694820000,14282.9323638030,14282.9323638030,1,SRM-USDT
2022-09-03 12:00:00,1662177600000,0.7780000000,0.7820000000,0.7770000000,0.7820000000,22119.2437530000,17234.3294622180,17234.3294622180,1,SRM-USDT
2022-09-03 13:00:00,1662181200000,0.7810000000,0.7870000000,0.7810000000,0.7860000000,7301.4271480000,5726.8588410890,5726.8588410890,1,SRM-USDT
2022-09-03 14:00:00,1662184800000,0.7840000000,0.7860000000,0.7800000000,0.7830000000,16483.4824340000,12876.7272973760,12876.7272973760,1,SRM-USDT
2022-09-03 15:00:00,1662188400000,0.7820000000,0.7830000000,0.7700000000,0.7760000000,22533.6278710000,17456.7896466160,17456.7896466160,1,SRM-USDT
2022-09-03 16:00:00,1662192000000,0.7760000000,0.7790000000,0.7740000000,0.7780000000,17213.1971370000,13356.1187811260,13356.1187811260,1,SRM-USDT
2022-09-03 17:00:00,1662195600000,0.7770000000,0.7810000000,0.7750000000,0.7800000000,27315.1894910000,21221.4135279630,21221.4135279630,1,SRM-USDT
2022-09-03 18:00:00,1662199200000,0.7800000000,0.7840000000,0.7790000000,0.7820000000,10268.3850150000,8017.7611742480,8017.7611742480,1,SRM-USDT
2022-09-03 19:00:00,1662202800000,0.7810000000,0.7820000000,0.7780000000,0.7790000000,4614.7362460000,3595.2551686230,3595.2551686230,1,SRM-USDT
2022-09-03 20:00:00,1662206400000,0.7780000000,0.7830000000,0.7780000000,0.7820000000,8779.7843800000,6853.4459081830,6853.4459081830,1,SRM-USDT
2022-09-03 21:00:00,1662210000000,0.7800000000,0.7840000000,0.7800000000,0.7830000000,8271.7302720000,6464.3515724090,6464.3515724090,1,SRM-USDT
2022-09-03 22:00:00,1662213600000,0.7810000000,0.7830000000,0.7790000000,0.7810000000,2198.6002120000,1715.0757624900,1715.0757624900,1,SRM-USDT
2022-09-03 23:00:00,1662217200000,0.7790000000,0.7810000000,0.7770000000,0.7780000000,5767.0569930000,4489.0096326800,4489.0096326800,1,SRM-USDT
2022-09-04 00:00:00,1662220800000,0.7770000000,0.7810000000,0.7760000000,0.7800000000,8709.5791300000,6781.9961769740,6781.9961769740,1,SRM-USDT
2022-09-04 01:00:00,1662224400000,0.7780000000,0.7800000000,0.7770000000,0.7780000000,2328.0586140000,1810.4397037800,1810.4397037800,1,SRM-USDT
2022-09-04 02:00:00,1662228000000,0.7770000000,0.7800000000,0.7750000000,0.7760000000,6576.8764530000,5118.1100487390,5118.1100487390,1,SRM-USDT
2022-09-04 03:00:00,1662231600000,0.7760000000,0.7810000000,0.7710000000,0.7770000000,12840.8393590000,9963.0501771300,9963.0501771300,1,SRM-USDT
2022-09-04 04:00:00,1662235200000,0.7760000000,0.7770000000,0.7750000000,0.7770000000,3800.5694200000,2949.9887314750,2949.9887314750,1,SRM-USDT
2022-09-04 05:00:00,1662238800000,0.7760000000,0.7780000000,0.7760000000,0.7770000000,6184.6134300000,4801.4272480350,4801.4272480350,1,SRM-USDT
2022-09-04 06:00:00,1662242400000,0.7780000000,0.7790000000,0.7780000000,0.7780000000,2484.9233650000,1934.9841436240,1934.9841436240,1,SRM-USDT
2022-09-04 07:00:00,1662246000000,0.7790000000,0.7810000000,0.7780000000,0.7810000000,2723.7196690000,2121.7957306540,2121.7957306540,1,SRM-USDT
2022-09-04 08:00:00,1662249600000,0.7800000000,0.7830000000,0.7800000000,0.7800000000,5938.4581420000,4638.2553556050,4638.2553556050,1,SRM-USDT
2022-09-04 09:00:00,1662253200000,0.7810000000,0.7840000000,0.7790000000,0.7820000000,3866.4462310000,3017.4940871880,3017.4940871880,1,SRM-USDT
2022-09-04 10:00:00,1662256800000,0.7810000000,0.7870000000,0.7810000000,0.7860000000,9560.6740400000,7502.7990828700,7502.7990828700,1,SRM-USDT
2022-09-04 11:00:00,1662260400000,0.7860000000,0.7880000000,0.7840000000,0.7870000000,7188.2503280000,5645.4977430860,5645.4977430860,1,SRM-USDT
2022-09-04 12:00:00,1662264000000,0.7860000000,0.7880000000,0.7850000000,0.7880000000,10366.3370940000,8154.8167710220,8154.8167710220,1,SRM-USDT
2022-09-04 13:00:00,1662267600000,0.7860000000,0.7880000000,0.7850000000,0.7870000000,13094.2348110000,10288.7987340360,10288.7987340360,1,SRM-USDT
2022-09-04 14:00:00,1662271200000,0.7860000000,0.7890000000,0.7850000000,0.7870000000,21692.4395190000,17063.4140166890,17063.4140166890,1,SRM-USDT
2022-09-04 15:00:00,1662274800000,0.7850000000,0.7870000000,0.7820000000,0.7840000000,8845.3576410000,6931.8908942100,6931.8908942100,1,SRM-USDT
2022-09-04 16:00:00,1662278400000,0.7830000000,0.7860000000,0.7820000000,0.7860000000,3467.7702250000,2720.9147477200,2720.9147477200,1,SRM-USDT
2022-09-04 17:00:00,1662282000000,0.7850000000,0.7920000000,0.7850000000,0.7920000000,16909.4785600000,13349.9536870310,13349.9536870310,1,SRM-USDT
2022-09-04 18:00:00,1662285600000,0.7920000000,0.7930000000,0.7910000000,0.7920000000,30429.6893280000,24091.0791443280,24091.0791443280,1,SRM-USDT
2022-09-04 19:00:00,1662289200000,0.7920000000,0.7950000000,0.7910000000,0.7950000000,15721.5009400000,12451.8273068450,12451.8273068450,1,SRM-USDT
2022-09-04 20:00:00,1662292800000,0.7950000000,0.8040000000,0.7950000000,0.8020000000,35966.5986660000,28708.3555947700,28708.3555947700,1,SRM-USDT
2022-09-04 21:00:00,1662296400000,0.8020000000,0.8040000000,0.7960000000,0.7970000000,8666.6284310000,6940.1915720970,6940.1915720970,1,SRM-USDT
2022-09-04 22:00:00,1662300000000,0.7960000000,0.8000000000,0.7940000000,0.8000000000,18588.1566980000,14804.3503295770,14804.3503295770,1,SRM-USDT
2022-09-04 23:00:00,1662303600000,0.8000000000,0.8050000000,0.7990000000,0.8040000000,36516.0601290000,29282.9164184650,29282.9164184650,1,SRM-USDT
2022-09-05 00:00:00,1662307200000,0.8030000000,0.8150000000,0.8020000000,0.8120000000,64029.8265510000,51697.7273640070,51697.7273640070,1,SRM-USDT
2022-09-05 01:00:00,1662310800000,0.8110000000,0.8250000000,0.8110000000,0.8250000000,183665.4869140000,150313.8428101980,150313.8428101980,1,SRM-USDT
2022-09-05 02:00:00,1662314400000,0.8240000000,0.8270000000,0.8210000000,0.8230000000,81994.9156340000,67564.3425285280,67564.3425285280,1,SRM-USDT
2022-09-05 03:00:00,1662318000000,0.8220000000,0.8260000000,0.8210000000,0.8220000000,47104.0283870000,38770.8075235600,38770.8075235600,1,SRM-USDT
2022-09-05 04:00:00,1662321600000,0.8220000000,0.8260000000,0.8200000000,0.8250000000,34427.3599990000,28378.1123416100,28378.1123416100,1,SRM-USDT
2022-09-05 05:00:00,1662325200000,0.8250000000,0.8290000000,0.8190000000,0.8240000000,26713.9205010000,22037.1537117770,22037.1537117770,1,SRM-USDT
2022-09-05 06:00:00,1662328800000,0.8230000000,0.8250000000,0.8170000000,0.8180000000,31212.5377380000,25571.1208162550,25571.1208162550,1,SRM-USDT
2022-09-05 07:00:00,1662332400000,0.8170000000,0.8220000000,0.8150000000,0.8200000000,37393.2672480000,30621.7056341070,30621.7056341070,1,SRM-USDT
2022-09-05 08:00:00,1662336000000,0.8190000000,0.8280000000,0.8130000000,0.8140000000,29085.3983560000,23818.1218981670,23818.1218981670,1,SRM-USDT
2022-09-05 09:00:00,1662339600000,0.8150000000,0.8160000000,0.8080000000,0.8090000000,75278.6798280000,61088.1291217980,61088.1291217980,1,SRM-USDT
2022-09-05 10:00:00,1662343200000,0.8080000000,0.8090000000,0.8050000000,0.8060000000,22598.5155640000,18229.6406774770,18229.6406774770,1,SRM-USDT
2022-09-05 11:00:00,1662346800000,0.8060000000,0.8070000000,0.8040000000,0.8060000000,27957.0558030000,22519.9095733560,22519.9095733560,1,SRM-USDT
2022-09-05 12:00:00,1662350400000,0.8070000000,0.8080000000,0.8010000000,0.8050000000,14148.6216060000,11395.5968466520,11395.5968466520,1,SRM-USDT
2022-09-05 13:00:00,1662354000000,0.8030000000,0.8050000000,0.7870000000,0.7900000000,42990.2406320000,34074.7370174890,34074.7370174890,1,SRM-USDT
2022-09-05 14:00:00,1662357600000,0.7890000000,0.7950000000,0.7890000000,0.7930000000,20132.9131470000,15953.3961614590,15953.3961614590,1,SRM-USDT
2022-09-05 15:00:00,1662361200000,0.7920000000,0.7930000000,0.7860000000,0.7880000000,16935.6386480000,13389.4111555810,13389.4111555810,1,SRM-USDT
2022-09-05 16:00:00,1662364800000,0.7870000000,0.7880000000,0.7850000000,0.7870000000,59912.1989010000,47068.8041687590,47068.8041687590,1,SRM-USDT
2022-09-05 17:00:00,1662368400000,0.7860000000,0.7880000000,0.7820000000,0.7860000000,28712.1208870000,22564.6098171490,22564.6098171490,1,SRM-USDT
2022-09-05 18:00:00,1662372000000,0.7850000000,0.7880000000,0.7770000000,0.7800000000,80313.9484150000,62653.9958529510,62653.9958529510,1,SRM-USDT
2022-09-05 19:00:00,1662375600000,0.7790000000,0.7830000000,0.7790000000,0.7800000000,27819.2607810000,21706.6166269440,21706.6166269440,1,SRM-USDT
2022-09-05 20:00:00,1662379200000,0.7790000000,0.7840000000,0.7780000000,0.7830000000,21728.6709680000,17000.0608075400,17000.0608075400,1,SRM-USDT
2022-09-05 21:00:00,1662382800000,0.7820000000,0.7860000000,0.7810000000,0.7840000000,40001.3720650000,31362.3539175990,31362.3539175990,1,SRM-USDT
2022-09-05 22:00:00,1662386400000,0.7830000000,0.7910000000,0.7830000000,0.7900000000,34588.2805660000,27174.0947493780,27174.0947493780,1,SRM-USDT
2022-09-05 23:00:00,1662390000000,0.7880000000,0.7940000000,0.7870000000,0.7920000000,43447.9714860000,34330.9652349280,34330.9652349280,1,SRM-USDT
2022-09-06 00:00:00,1662393600000,0.7910000000,0.7930000000,0.7880000000,0.7900000000,72189.9927550000,57045.6673188450,57045.6673188450,1,SRM-USDT
2022-09-06 01:00:00,1662397200000,0.7900000000,0.7940000000,0.7880000000,0.7930000000,45834.9787840000,36209.9360325770,36209.9360325770,1,SRM-USDT
2022-09-06 02:00:00,1662400800000,0.7930000000,0.7930000000,0.7880000000,0.7920000000,40684.9141530000,32139.8630371130,32139.8630371130,1,SRM-USDT
2022-09-06 03:00:00,1662404400000,0.7920000000,0.7930000000,0.7900000000,0.7900000000,19193.9303850000,15175.6290104680,15175.6290104680,1,SRM-USDT
2022-09-06 04:00:00,1662408000000,0.7900000000,0.7970000000,0.7900000000,0.7960000000,19302.1062740000,15356.3748284390,15356.3748284390,1,SRM-USDT
2022-09-06 05:00:00,1662411600000,0.7970000000,0.7980000000,0.7950000000,0.7950000000,8771.2748530000,6987.1745872850,6987.1745872850,1,SRM-USDT
2022-09-06 06:00:00,1662415200000,0.7960000000,0.8000000000,0.7930000000,0.7990000000,28336.2251560000,22563.5056566810,22563.5056566810,1,SRM-USDT
2022-09-06 07:00:00,1662418800000,0.7990000000,0.8080000000,0.7980000000,0.8070000000,44900.1049620000,36120.0260054370,36120.0260054370,1,SRM-USDT
2022-09-06 08:00:00,1662422400000,0.8080000000,0.8240000000,0.8070000000,0.8200000000,134593.5908440000,109907.5096707320,109907.5096707320,1,SRM-USDT
2022-09-06 09:00:00,1662426000000,0.8190000000,0.8250000000,0.8060000000,0.8080000000,38804.4928570000,31746.2804285760,31746.2804285760,1,SRM-USDT
2022-09-06 10:00:00,1662429600000,0.8090000000,0.8120000000,0.8000000000,0.8120000000,104417.3015560000,84105.9134676490,84105.9134676490,1,SRM-USDT
2022-09-06 11:00:00,1662433200000,0.8110000000,0.8140000000,0.8050000000,0.8130000000,24798.0260260000,20068.1940559400,20068.1940559400,1,SRM-USDT
2022-09-06 12:00:00,1662436800000,0.8140000000,0.8200000000,0.8130000000,0.8130000000,79354.2544240000,64767.2516813060,64767.2516813060,1,SRM-USDT
2022-09-06 13:00:00,1662440400000,0.8130000000,0.8240000000,0.8120000000,0.8170000000,47098.8107490000,38544.0927866420,38544.0927866420,1,SRM-USDT
2022-09-06 14:00:00,1662444000000,0.8170000000,0.8240000000,0.8160000000,0.8190000000,28231.2405820000,23107.9315343210,23107.9315343210,1,SRM-USDT
2022-09-06 15:00:00,1662447600000,0.8200000000,0.8210000000,0.8130000000,0.8150000000,47221.6960760000,38574.9686474230,38574.9686474230,1,SRM-USDT
2022-09-06 16:00:00,1662451200000,0.8140000000,0.8190000000,0.8120000000,0.8180000000,29418.2766630000,23985.5350938210,23985.5350938210,1,SRM-USDT
2022-09-06 17:00:00,1662454800000,0.8170000000,0.8180000000,0.8080000000,0.8110000000,23880.3928680000,19368.8040464510,19368.8040464510,1,SRM-USDT
2022-09-06 18:00:00,1662458400000,0.8140000000,0.8190000000,0.8140000000,0.8160000000,24216.7988120000,19784.4323016380,19784.4323016380,1,SRM-USDT
2022-09-06 19:00:00,1662462000000,0.8160000000,0.8190000000,0.8120000000,0.8160000000,17894.4608090000,14584.4741070300,14584.4741070300,1,SRM-USDT
2022-09-06 20:00:00,1662465600000,0.8140000000,0.8190000000,0.8100000000,0.8110000000,31090.9926210000,25342.9957231340,25342.9957231340,1,SRM-USDT
2022-09-06 21:00:00,1662469200000,0.8100000000,0.8130000000,0.7980000000,0.8020000000,39599.0613590000,31813.2134189000,31813.2134189000,1,SRM-USDT
2022-09-06 22:00:00,1662472800000,0.8000000000,0.8060000000,0.7950000000,0.8050000000,68859.4197810000,55186.0128257570,55186.0128257570,1,SRM-USDT
2022-09-06 23:00:00,1662476400000,0.8040000000,0.8110000000,0.8040000000,0.8110000000,34622.0503300000,27908.7164624160,27908.7164624160,1,SRM-USDT
2022-09-07 00:00:00,1662480000000,0.8100000000,0.8110000000,0.8020000000,0.8060000000,27626.9336690000,22259.5045796760,22259.5045796760,1,SRM-USDT
2022-09-07 01:00:00,1662483600000,0.8030000000,0.8060000000,0.7590000000,0.7670000000,289938.3416060000,224418.0479165680,224418.0479165680,1,SRM-USDT
2022-09-07 02:00:00,1662487200000,0.7660000000,0.7660000000,0.7560000000,0.7570000000,111934.8111880000,85013.3979079050,85013.3979079050,1,SRM-USDT
2022-09-07 03:00:00,1662490800000,0.7560000000,0.7590000000,0.7510000000,0.7550000000,100624.1402290000,76007.2260051300,76007.2260051300,1,SRM-USDT
2022-09-07 04:00:00,1662494400000,0.7550000000,0.7610000000,0.7450000000,0.7590000000,101953.2443720000,76599.6612106620,76599.6612106620,1,SRM-USDT
2022-09-07 05:00:00,1662498000000,0.7570000000,0.7570000000,0.7520000000,0.7550000000,57133.9842810000,43050.7409505380,43050.7409505380,1,SRM-USDT
2022-09-07 06:00:00,1662501600000,0.7520000000,0.7570000000,0.7490000000,0.7550000000,30874.8318800000,23165.9647089120,23165.9647089120,1,SRM-USDT
2022-09-07 07:00:00,1662505200000,0.7520000000,0.7530000000,0.7440000000,0.7450000000,61268.5781750000,45812.0161614870,45812.0161614870,1,SRM-USDT
2022-09-07 08:00:00,1662508800000,0.7440000000,0.7490000000,0.7360000000,0.7450000000,156685.4492500000,116241.3068585490,116241.3068585490,1,SRM-USDT
2022-09-07 09:00:00,1662512400000,0.7420000000,0.7450000000,0.7380000000,0.7420000000,25498.8189740000,18930.7034291760,18930.7034291760,1,SRM-USDT
2022-09-07 10:00:00,1662516000000,0.7430000000,0.7430000000,0.7270000000,0.7360000000,51097.4058620000,37548.9573925950,37548.9573925950,1,SRM-USDT
2022-09-07 11:00:00,1662519600000,0.7320000000,0.7420000000,0.7320000000,0.7420000000,24220.6411010000,17882.8648415040,17882.8648415040,1,SRM-USDT
2022-09-07 12:00:00,1662523200000,0.7390000000,0.7430000000,0.7370000000,0.7420000000,20015.0554750000,14779.4331085200,14779.4331085200,1,SRM-USDT
2022-09-07 13:00:00,1662526800000,0.7400000000,0.7430000000,0.7380000000,0.7420000000,18604.6424040000,13779.7041171730,13779.7041171730,1,SRM-USDT
2022-09-07 14:00:00,1662530400000,0.7410000000,0.7440000000,0.7400000000,0.7430000000,37680.6394560000,27955.6611259730,27955.6611259730,1,SRM-USDT
2022-09-07 15:00:00,1662534000000,0.7410000000,0.7450000000,0.7400000000,0.7440000000,17704.7178490000,13135.1213290310,13135.1213290310,1,SRM-USDT
2022-09-07 16:00:00,1662537600000,0.7430000000,0.7470000000,0.7430000000,0.7450000000,21964.9573320000,16352.9279721880,16352.9279721880,1,SRM-USDT
2022-09-07 17:00:00,1662541200000,0.7430000000,0.7460000000,0.7420000000,0.7450000000,19580.0489790000,14558.2658142160,14558.2658142160,1,SRM-USDT
2022-09-07 18:00:00,1662544800000,0.7430000000,0.7450000000,0.7410000000,0.7430000000,32488.5510180000,24089.4738217290,24089.4738217290,1,SRM-USDT
2022-09-07 19:00:00,1662548400000,0.7420000000,0.7440000000,0.7380000000,0.7410000000,20454.3583540000,15139.7148976830,15139.7148976830,1,SRM-USDT
2022-09-07 20:00:00,1662552000000,0.7390000000,0.7430000000,0.7350000000,0.7430000000,39812.2190220000,29391.5976915210,29391.5976915210,1,SRM-USDT
2022-09-07 21:00:00,1662555600000,0.7440000000,0.7540000000,0.7420000000,0.7510000000,78139.4643830000,58569.6679807970,58569.6679807970,1,SRM-USDT
2022-09-07 22:00:00,1662559200000,0.7490000000,0.7550000000,0.7470000000,0.7530000000,28153.0574730000,21146.1798805280,21146.1798805280,1,SRM-USDT
2022-09-07 23:00:00,1662562800000,0.7500000000,0.7540000000,0.7480000000,0.7520000000,35331.4995290000,26527.5401856900,26527.5401856900,1,SRM-USDT
2022-09-08 00:00:00,1662566400000,0.7500000000,0.7580000000,0.7480000000,0.7550000000,26093.1506340000,19629.9716131050,19629.9716131050,1,SRM-USDT
2022-09-08 01:00:00,1662570000000,0.7540000000,0.7660000000,0.7540000000,0.7630000000,41112.6271030000,31137.6134840760,31137.6134840760,1,SRM-USDT
2022-09-08 02:00:00,1662573600000,0.7640000000,0.7700000000,0.7620000000,0.7680000000,57802.9194700000,44345.8233278560,44345.8233278560,1,SRM-USDT
2022-09-08 03:00:00,1662577200000,0.7680000000,0.7740000000,0.7680000000,0.7730000000,35479.9011760000,27368.5539940850,27368.5539940850,1,SRM-USDT
2022-09-08 04:00:00,1662580800000,0.7720000000,0.8010000000,0.7720000000,0.7970000000,119298.6034460000,94287.1801009650,94287.1801009650,1,SRM-USDT
2022-09-08 05:00:00,1662584400000,0.7970000000,0.8010000000,0.7900000000,0.7930000000,41689.7912950000,33146.2706835050,33146.2706835050,1,SRM-USDT
2022-09-08 06:00:00,1662588000000,0.7930000000,0.7970000000,0.7890000000,0.7910000000,52683.7502300000,41705.6376639570,41705.6376639570,1,SRM-USDT
2022-09-08 07:00:00,1662591600000,0.7920000000,0.7970000000,0.7900000000,0.7920000000,48073.2956720000,38184.7711317300,38184.7711317300,1,SRM-USDT
2022-09-08 08:00:00,1662595200000,0.7930000000,0.7960000000,0.7830000000,0.7880000000,32350.5349820000,25458.6737157150,25458.6737157150,1,SRM-USDT
2022-09-08 09:00:00,1662598800000,0.7880000000,0.7900000000,0.7840000000,0.7860000000,14015.4638960000,11030.6870756310,11030.6870756310,1,SRM-USDT
2022-09-08 10:00:00,1662602400000,0.7850000000,0.7930000000,0.7840000000,0.7920000000,29973.0120490000,23676.5632764020,23676.5632764020,1,SRM-USDT
2022-09-08 11:00:00,1662606000000,0.7930000000,0.7960000000,0.7910000000,0.7920000000,27587.3499780000,21891.6999649460,21891.6999649460,1,SRM-USDT
2022-09-08 12:00:00,1662609600000,0.7930000000,0.7970000000,0.7910000000,0.7940000000,38887.8636810000,30855.8131493420,30855.8131493420,1,SRM-USDT
2022-09-08 13:00:00,1662613200000,0.7930000000,0.7950000000,0.7910000000,0.7950000000,24808.0533100000,19672.2262418930,19672.2262418930,1,SRM-USDT
2022-09-08 14:00:00,1662616800000,0.7950000000,0.7980000000,0.7900000000,0.7900000000,24762.7470140000,19640.7380280970,19640.7380280970,1,SRM-USDT
2022-09-08 15:00:00,1662620400000,0.7900000000,0.7950000000,0.7820000000,0.7880000000,91284.0393860000,71968.9771452560,71968.9771452560,1,SRM-USDT
2022-09-08 16:00:00,1662624000000,0.7860000000,0.7950000000,0.7860000000,0.7950000000,18463.3487010000,14605.2978343200,14605.2978343200,1,SRM-USDT
2022-09-08 17:00:00,1662627600000,0.7950000000,0.7960000000,0.7900000000,0.7930000000,13781.3150420000,10910.4085270290,10910.4085270290,1,SRM-USDT
2022-09-08 18:00:00,1662631200000,0.7920000000,0.8040000000,0.7910000000,0.8020000000,73836.4545900000,59006.1354409890,59006.1354409890,1,SRM-USDT
2022-09-08 19:00:00,1662634800000,0.8030000000,0.8080000000,0.8020000000,0.8030000000,42372.0787640000,34086.9232829650,34086.9232829650,1,SRM-USDT
2022-09-08 20:00:00,1662638400000,0.8030000000,0.8090000000,0.7880000000,0.7890000000,92936.0672130000,74357.9678129970,74357.9678129970,1,SRM-USDT
2022-09-08 21:00:00,1662642000000,0.7890000000,0.8020000000,0.7830000000,0.7990000000,86948.2528840000,68685.7637971320,68685.7637971320,1,SRM-USDT
2022-09-08 22:00:00,1662645600000,0.8000000000,0.8110000000,0.7930000000,0.8110000000,104209.8558690000,83895.2893571010,83895.2893571010,1,SRM-USDT
2022-09-08 23:00:00,1662649200000,0.8130000000,0.8210000000,0.8100000000,0.8190000000,94870.5840690000,77439.8892554390,77439.8892554390,1,SRM-USDT
2022-09-09 00:00:00,1662652800000,0.8180000000,0.8190000000,0.8080000000,0.8140000000,65574.5943850000,53334.5152167030,53334.5152167030,1,SRM-USDT
2022-09-09 01:00:00,1662656400000,0.8150000000,0.8280000000,0.8110000000,0.8240000000,75590.9568440000,62071.0327950730,62071.0327950730,1,SRM-USDT
2022-09-09 02:00:00,1662660000000,0.8250000000,0.8400000000,0.8200000000,0.8230000000,149572.6565970000,124141.1583514640,124141.1583514640,1,SRM-USDT
2022-09-09 03:00:00,1662663600000,0.8240000000,0.8290000000,0.8190000000,0.8290000000,30079.9707360000,24721.7962670360,24721.7962670360,1,SRM-USDT
2022-09-09 04:00:00,1662667200000,0.8300000000,0.8330000000,0.8270000000,0.8320000000,26686.3048870000,22124.6231063530,22124.6231063530,1,SRM-USDT
2022-09-09 05:00:00,1662670800000,0.8300000000,0.8320000000,0.8270000000,0.8290000000,13182.3948000000,10926.4179797970,10926.4179797970,1,SRM-USDT
2022-09-09 06:00:00,1662674400000,0.8280000000,0.8290000000,0.8240000000,0.8280000000,15544.1535600000,12831.8040570220,12831.8040570220,1,SRM-USDT
2022-09-09 07:00:00,1662678000000,0.8260000000,0.8290000000,0.8230000000,0.8270000000,20970.6685410000,17319.2995832580,17319.2995832580,1,SRM-USDT
2022-09-09 08:00:00,1662681600000,0.8270000000,0.8420000000,0.8260000000,0.8330000000,83235.5101680000,69472.4937680730,69472.4937680730,1,SRM-USDT
2022-09-09 09:00:00,1662685200000,0.8340000000,0.8350000000,0.8310000000,0.8330000000,12315.1502900000,10261.5245685970,10261.5245685970,1,SRM-USDT
2022-09-09 10:00:00,1662688800000,0.8300000000,0.8380000000,0.8290000000,0.8320000000,14848.3566460000,12371.5363076620,12371.5363076620,1,SRM-USDT
2022-09-09 11:00:00,1662692400000,0.8330000000,0.8450000000,0.8310000000,0.8440000000,63591.7418480000,53336.7361206440,53336.7361206440,1,SRM-USDT
2022-09-09 12:00:00,1662696000000,0.8420000000,0.8530000000,0.8420000000,0.8520000000,65710.7024580000,55660.4282268170,55660.4282268170,1,SRM-USDT
2022-09-09 13:00:00,1662699600000,0.8500000000,0.8590000000,0.8500000000,0.8590000000,47505.0716710000,40538.4105590580,40538.4105590580,1,SRM-USDT
2022-09-09 14:00:00,1662703200000,0.8590000000,0.8720000000,0.8580000000,0.8710000000,91418.4294930000,79046.4761649500,79046.4761649500,1,SRM-USDT
2022-09-09 15:00:00,1662706800000,0.8710000000,0.8720000000,0.8530000000,0.8570000000,52971.1970240000,45516.3407255590,45516.3407255590,1,SRM-USDT
2022-09-09 16:00:00,1662710400000,0.8560000000,0.8690000000,0.8550000000,0.8650000000,87145.5708470000,75256.9243941330,75256.9243941330,1,SRM-USDT
2022-09-09 17:00:00,1662714000000,0.8630000000,0.8660000000,0.8580000000,0.8610000000,15105.0808130000,12978.6927109360,12978.6927109360,1,SRM-USDT
2022-09-09 18:00:00,1662717600000,0.8600000000,0.8630000000,0.8570000000,0.8630000000,40077.1658770000,34447.1854106350,34447.1854106350,1,SRM-USDT
2022-09-09 19:00:00,1662721200000,0.8610000000,0.8630000000,0.8570000000,0.8610000000,21861.9052920000,18794.7520996300,18794.7520996300,1,SRM-USDT
2022-09-09 20:00:00,1662724800000,0.8590000000,0.8800000000,0.8590000000,0.8710000000,57919.8780530000,50496.1029534540,50496.1029534540,1,SRM-USDT
2022-09-09 21:00:00,1662728400000,0.8710000000,0.8730000000,0.8630000000,0.8720000000,29840.1201560000,25866.5717284910,25866.5717284910,1,SRM-USDT
2022-09-09 22:00:00,1662732000000,0.8720000000,0.8760000000,0.8670000000,0.8690000000,22253.5604150000,19352.5343650000,19352.5343650000,1,SRM-USDT
2022-09-09 23:00:00,1662735600000,0.8680000000,0.8700000000,0.8590000000,0.8600000000,44722.5743480000,38637.2118367170,38637.2118367170,1,SRM-USDT
2022-09-10 00:00:00,1662739200000,0.8590000000,0.8620000000,0.8520000000,0.8620000000,61544.9551630000,52726.8470046970,52726.8470046970,1,SRM-USDT
2022-09-10 01:00:00,1662742800000,0.8600000000,0.8620000000,0.8510000000,0.8540000000,20427.7584040000,17488.2331331530,17488.2331331530,1,SRM-USDT
2022-09-10 02:00:00,1662746400000,0.8530000000,0.8550000000,0.8490000000,0.8530000000,12037.3206850000,10250.7312501450,10250.7312501450,1,SRM-USDT
2022-09-10 03:00:00,1662750000000,0.8530000000,0.8600000000,0.8520000000,0.8600000000,26499.6167490000,22691.2568809280,22691.2568809280,1,SRM-USDT
2022-09-10 04:00:00,1662753600000,0.8580000000,0.8600000000,0.8550000000,0.8560000000,16483.5340990000,14114.7197260920,14114.7197260920,1,SRM-USDT
2022-09-10 05:00:00,1662757200000,0.8560000000,0.8590000000,0.8550000000,0.8570000000,12071.4611360000,10337.1904001300,10337.1904001300,1,SRM-USDT
2022-09-10 06:00:00,1662760800000,0.8550000000,0.8640000000,0.8550000000,0.8620000000,12415.3331710000,10679.0993434070,10679.0993434070,1,SRM-USDT
2022-09-10 07:00:00,1662764400000,0.8610000000,0.8700000000,0.8510000000,0.8620000000,33983.6122240000,29219.0379036100,29219.0379036100,1,SRM-USDT
2022-09-10 08:00:00,1662768000000,0.8620000000,0.8670000000,0.8580000000,0.8670000000,53818.2963390000,46389.9366195110,46389.9366195110,1,SRM-USDT
2022-09-10 09:00:00,1662771600000,0.8660000000,0.8740000000,0.8660000000,0.8720000000,36697.6654070000,31924.5357266070,31924.5357266070,1,SRM-USDT
2022-09-10 10:00:00,1662775200000,0.8700000000,0.8780000000,0.8700000000,0.8780000000,33531.4893090000,29321.1412150510,29321.1412150510,1,SRM-USDT
2022-09-10 11:00:00,1662778800000,0.8760000000,0.8790000000,0.8700000000,0.8720000000,26614.1618220000,23288.0307367260,23288.0307367260,1,SRM-USDT
2022-09-10 12:00:00,1662782400000,0.8700000000,0.8760000000,0.8590000000,0.8640000000,89572.3649480000,77482.4131146100,77482.4131146100,1,SRM-USDT
2022-09-10 13:00:00,1662786000000,0.8650000000,0.8710000000,0.8620000000,0.8710000000,35525.8483770000,30832.3472789470,30832.3472789470,1,SRM-USDT
2022-09-10 14:00:00,1662789600000,0.8690000000,0.8810000000,0.8690000000,0.8790000000,55317.3393340000,48370.8693449910,48370.8693449910,1,SRM-USDT
2022-09-10 15:00:00,1662793200000,0.8770000000,0.8780000000,0.8600000000,0.8620000000,61028.8200970000,53268.3708514500,53268.3708514500,1,SRM-USDT
2022-09-10 16:00:00,1662796800000,0.8620000000,0.8740000000,0.8620000000,0.8660000000,50904.4542350000,44163.1970983140,44163.1970983140,1,SRM-USDT
2022-09-10 17:00:00,1662800400000,0.8660000000,0.8720000000,0.8660000000,0.8700000000,49939.3489700000,43407.8661197230,43407.8661197230,1,SRM-USDT
2022-09-10 18:00:00,1662804000000,0.8690000000,0.8700000000,0.8620000000,0.8650000000,71497.6784620000,61780.4036742680,61780.4036742680,1,SRM-USDT
2022-09-10 19:00:00,1662807600000,0.8650000000,0.8660000000,0.8620000000,0.8650000000,30482.0285840000,26338.2485017210,26338.2485017210,1,SRM-USDT
2022-09-10 20:00:00,1662811200000,0.8630000000,0.8700000000,0.8580000000,0.8670000000,60139.9374530000,51895.8665052770,51895.8665052770,1,SRM-USDT
2022-09-10 21:00:00,1662814800000,0.8660000000,0.8670000000,0.8540000000,0.8550000000,35524.5874430000,30538.4227212550,30538.4227212550,1,SRM-USDT
2022-09-10 22:00:00,1662818400000,0.8560000000,0.8600000000,0.8520000000,0.8540000000,55031.9270840000,47129.1445145810,47129.1445145810,1,SRM-USDT
2022-09-10 23:00:00,1662822000000,0.8550000000,0.8570000000,0.8510000000,0.8520000000,38437.5810610000,32816.7583380100,32816.7583380100,1,SRM-USDT
2022-09-11 00:00:00,1662825600000,0.8550000000,0.8620000000,0.8510000000,0.8600000000,28180.0396760000,24089.7175506040,24089.7175506040,1,SRM-USDT
2022-09-11 01:00:00,1662829200000,0.8580000000,0.8590000000,0.8530000000,0.8550000000,10086.9400910000,8619.5905939190,8619.5905939190,1,SRM-USDT
2022-09-11 02:00:00,1662832800000,0.8560000000,0.8650000000,0.8550000000,0.8630000000,37647.9749570000,32339.8126636580,32339.8126636580,1,SRM-USDT
2022-09-11 03:00:00,1662836400000,0.8610000000,0.8650000000,0.8600000000,0.8640000000,39766.2437070000,34245.3065360550,34245.3065360550,1,SRM-USDT
2022-09-11 04:00:00,1662840000000,0.8650000000,0.8650000000,0.8580000000,0.8620000000,25895.4606650000,22284.0045898680,22284.0045898680,1,SRM-USDT
2022-09-11 05:00:00,1662843600000,0.8600000000,0.8710000000,0.8600000000,0.8670000000,13836.0033460000,11940.1509950490,11940.1509950490,1,SRM-USDT
2022-09-11 06:00:00,1662847200000,0.8660000000,0.8750000000,0.8650000000,0.8750000000,47898.1222270000,41767.1501274870,41767.1501274870,1,SRM-USDT
2022-09-11 07:00:00,1662850800000,0.8760000000,0.8760000000,0.8660000000,0.8680000000,27301.7697890000,23749.8094638720,23749.8094638720,1,SRM-USDT
2022-09-11 08:00:00,1662854400000,0.8670000000,0.8770000000,0.8660000000,0.8720000000,38114.9185370000,33241.9418756950,33241.9418756950,1,SRM-USDT
2022-09-11 09:00:00,1662858000000,0.8710000000,0.8760000000,0.8690000000,0.8690000000,24880.2801130000,21698.3037048970,21698.3037048970,1,SRM-USDT
2022-09-11 10:00:00,1662861600000,0.8700000000,0.8710000000,0.8640000000,0.8670000000,10121.8716990000,8770.3588583030,8770.3588583030,1,SRM-USDT
2022-09-11 11:00:00,1662865200000,0.8650000000,0.8670000000,0.8630000000,0.8650000000,7858.5903750000,6793.0308939160,6793.0308939160,1,SRM-USDT
2022-09-11 12:00:00,1662868800000,0.8640000000,0.8680000000,0.8630000000,0.8630000000,16695.1707660000,14451.2711891530,14451.2711891530,1,SRM-USDT
2022-09-11 13:00:00,1662872400000,0.8640000000,0.8650000000,0.8610000000,0.8630000000,22373.2523760000,19308.0305785450,19308.0305785450,1,SRM-USDT
2022-09-11 14:00:00,1662876000000,0.8620000000,0.8640000000,0.8460000000,0.8540000000,69527.6166670000,59253.2507312210,59253.2507312210,1,SRM-USDT
2022-09-11 15:00:00,1662879600000,0.8520000000,0.8630000000,0.8520000000,0.8630000000,29734.3699740000,25543.6345396200,25543.6345396200,1,SRM-USDT
2022-09-11 16:00:00,1662883200000,0.8620000000,0.8650000000,0.8600000000,0.8630000000,33166.4953530000,28596.3742554880,28596.3742554880,1,SRM-USDT
2022-09-11 17:00:00,1662886800000,0.8620000000,0.8630000000,0.8560000000,0.8560000000,8544.2982410000,7339.9744435160,7339.9744435160,1,SRM-USDT
2022-09-11 18:00:00,1662890400000,0.8580000000,0.8590000000,0.8560000000,0.8580000000,7149.2693930000,6127.5224509670,6127.5224509670,1,SRM-USDT
2022-09-11 19:00:00,1662894000000,0.8570000000,0.8620000000,0.8560000000,0.8610000000,22269.8711580000,19133.3084538920,19133.3084538920,1,SRM-USDT
2022-09-11 20:00:00,1662897600000,0.8590000000,0.8640000000,0.8570000000,0.8640000000,24099.3061620000,20746.1799672820,20746.1799672820,1,SRM-USDT
2022-09-11 21:00:00,1662901200000,0.8630000000,0.8640000000,0.8560000000,0.8600000000,40650.4389620000,34893.4736518250,34893.4736518250,1,SRM-USDT
2022-09-11 22:00:00,1662904800000,0.8580000000,0.8600000000,0.8560000000,0.8590000000,35054.9393470000,30061.1498812630,30061.1498812630,1,SRM-USDT
2022-09-11 23:00:00,1662908400000,0.8580000000,0.8640000000,0.8580000000,0.8620000000,13760.4441610000,11846.1941872530,11846.1941872530,1,SRM-USDT
2022-09-12 00:00:00,1662912000000,0.8620000000,0.8710000000,0.8620000000,0.8690000000,35968.9213360000,31176.8939477020,31176.8939477020,1,SRM-USDT
2022-09-12 01:00:00,1662915600000,0.8690000000,0.8710000000,0.8640000000,0.8650000000,31581.5006540000,27420.0332452440,27420.0332452440,1,SRM-USDT
2022-09-12 02:00:00,1662919200000,0.8660000000,0.8700000000,0.8620000000,0.8630000000,48422.5812490000,41857.0237334790,41857.0237334790,1,SRM-USDT
2022-09-12 03:00:00,1662922800000,0.8630000000,0.8660000000,0.8590000000,0.8610000000,17108.9736600000,14745.3366683050,14745.3366683050,1,SRM-USDT
2022-09-12 04:00:00,1662926400000,0.8630000000,0.8640000000,0.8500000000,0.8570000000,42698.7069430000,36602.6505253390,36602.6505253390,1,SRM-USDT
2022-09-12 05:00:00,1662930000000,0.8590000000,0.8610000000,0.8420000000,0.8480000000,83143.9915840000,70708.9690043690,70708.9690043690,1,SRM-USDT
2022-09-12 06:00:00,1662933600000,0.8470000000,0.8560000000,0.8470000000,0.8510000000,55626.0544590000,47409.7827264050,47409.7827264050,1,SRM-USDT
2022-09-12 07:00:00,1662937200000,0.8500000000,0.8600000000,0.8470000000,0.8600000000,26244.6558660000,22397.7646687290,22397.7646687290,1,SRM-USDT
2022-09-12 08:00:00,1662940800000,0.8610000000,0.8610000000,0.8400000000,0.8400000000,57417.6481870000,48869.2475589790,48869.2475589790,1,SRM-USDT
2022-09-12 09:00:00,1662944400000,0.8400000000,0.8720000000,0.8390000000,0.8690000000,243863.3297290000,209202.8837513130,209202.8837513130,1,SRM-USDT
2022-09-12 10:00:00,1662948000000,0.8700000000,0.8720000000,0.8540000000,0.8560000000,65911.7245070000,56764.3291793280,56764.3291793280,1,SRM-USDT
2022-09-12 11:00:00,1662951600000,0.8560000000,0.8590000000,0.8410000000,0.8480000000,77750.2456580000,65955.1236880480,65955.1236880480,1,SRM-USDT
2022-09-12 12:00:00,1662955200000,0.8490000000,0.8530000000,0.8460000000,0.8510000000,43872.2433260000,37247.0739136110,37247.0739136110,1,SRM-USDT
2022-09-12 13:00:00,1662958800000,0.8490000000,0.8540000000,0.8460000000,0.8540000000,20257.2026190000,17199.5827504550,17199.5827504550,1,SRM-USDT
2022-09-12 14:00:00,1662962400000,0.8530000000,0.8580000000,0.8520000000,0.8580000000,7248.1700620000,6194.1063153440,6194.1063153440,1,SRM-USDT
2022-09-12 15:00:00,1662966000000,0.8570000000,0.8650000000,0.8570000000,0.8640000000,36041.6819180000,31051.8846774610,31051.8846774610,1,SRM-USDT
2022-09-12 16:00:00,1662969600000,0.8620000000,0.8720000000,0.8590000000,0.8700000000,35115.2100810000,30379.7252142040,30379.7252142040,1,SRM-USDT
2022-09-12 17:00:00,1662973200000,0.8700000000,0.8790000000,0.8670000000,0.8790000000,89829.6929000000,78358.6029673460,78358.6029673460,1,SRM-USDT
2022-09-12 18:00:00,1662976800000,0.8800000000,0.8950000000,0.8690000000,0.8950000000,290718.7761130000,257314.9736263170,257314.9736263170,1,SRM-USDT
2022-09-12 19:00:00,1662980400000,0.8940000000,0.9150000000,0.8900000000,0.9050000000,500480.7202960000,452939.1400098830,452939.1400098830,1,SRM-USDT
2022-09-12 20:00:00,1662984000000,0.9030000000,0.9050000000,0.8920000000,0.8970000000,92004.2634260000,82634.7695417080,82634.7695417080,1,SRM-USDT
2022-09-12 21:00:00,1662987600000,0.8960000000,0.9000000000,0.8880000000,0.8980000000,170784.2490480000,152556.0793239620,152556.0793239620,1,SRM-USDT
2022-09-12 22:00:00,1662991200000,0.8970000000,0.8980000000,0.8810000000,0.8830000000,96117.1338090000,85256.8618334010,85256.8618334010,1,SRM-USDT
2022-09-12 23:00:00,1662994800000,0.8810000000,0.8830000000,0.8600000000,0.8630000000,173210.4864530000,151302.4769112110,151302.4769112110,1,SRM-USDT
2022-09-13 00:00:00,1662998400000,0.8630000000,0.8670000000,0.8440000000,0.8560000000,329189.1104130000,281438.0868553660,281438.0868553660,1,SRM-USDT
2022-09-13 01:00:00,1663002000000,0.8550000000,0.8620000000,0.8500000000,0.8620000000,62811.6481770000,53661.9138457990,53661.9138457990,1,SRM-USDT
2022-09-13 02:00:00,1663005600000,0.8610000000,0.8670000000,0.8580000000,0.8660000000,15557.8613080000,13397.9408413080,13397.9408413080,1,SRM-USDT
2022-09-13 03:00:00,1663009200000,0.8660000000,0.8720000000,0.8640000000,0.8720000000,46131.0903760000,40050.8205818200,40050.8205818200,1,SRM-USDT
2022-09-13 04:00:00,1663012800000,0.8700000000,0.8760000000,0.8660000000,0.8750000000,48978.5192480000,42704.8737624610,42704.8737624610,1,SRM-USDT
2022-09-13 05:00:00,1663016400000,0.8730000000,0.8740000000,0.8660000000,0.8680000000,44638.2035500000,38778.1439646250,38778.1439646250,1,SRM-USDT
2022-09-13 06:00:00,1663020000000,0.8670000000,0.8720000000,0.8630000000,0.8690000000,34199.0752900000,29653.2392181930,29653.2392181930,1,SRM-USDT
2022-09-13 07:00:00,1663023600000,0.8670000000,0.8720000000,0.8650000000,0.8710000000,31286.4476810000,27168.0857482940,27168.0857482940,1,SRM-USDT
2022-09-13 08:00:00,1663027200000,0.8700000000,0.8720000000,0.8480000000,0.8560000000,118844.2626140000,101956.3676375040,101956.3676375040,1,SRM-USDT
2022-09-13 09:00:00,1663030800000,0.8550000000,0.8590000000,0.8510000000,0.8570000000,50156.4485120000,42889.6499377510,42889.6499377510,1,SRM-USDT
2022-09-13 10:00:00,1663034400000,0.8570000000,0.8640000000,0.8490000000,0.8630000000,26466.0270810000,22659.0369014410,22659.0369014410,1,SRM-USDT
2022-09-13 11:00:00,1663038000000,0.8630000000,0.8730000000,0.8600000000,0.8720000000,59878.3578990000,51824.3757295660,51824.3757295660,1,SRM-USDT
2022-09-13 12:00:00,1663041600000,0.8740000000,0.8750000000,0.8680000000,0.8710000000,57736.0559600000,50326.9911266450,50326.9911266450,1,SRM-USDT
2022-09-13 13:00:00,1663045200000,0.8700000000,0.8800000000,0.8700000000,0.8770000000,38094.6978040000,33347.0819589270,33347.0819589270,1,SRM-USDT
2022-09-13 14:00:00,1663048800000,0.8770000000,0.8860000000,0.8640000000,0.8710000000,79278.1354020000,69468.7356306280,69468.7356306280,1,SRM-USDT
2022-09-13 15:00:00,1663052400000,0.8720000000,0.8870000000,0.8700000000,0.8850000000,89752.9838030000,78788.3102082940,78788.3102082940,1,SRM-USDT
2022-09-13 16:00:00,1663056000000,0.8850000000,0.8860000000,0.8740000000,0.8750000000,43018.3955920000,37849.0277767800,37849.0277767800,1,SRM-USDT
2022-09-13 17:00:00,1663059600000,0.8760000000,0.8830000000,0.8660000000,0.8690000000,88895.8998350000,77626.7907388880,77626.7907388880,1,SRM-USDT
2022-09-13 18:00:00,1663063200000,0.8680000000,0.8750000000,0.8680000000,0.8720000000,50254.7718330000,43749.5176742890,43749.5176742890,1,SRM-USDT
2022-09-13 19:00:00,1663066800000,0.8730000000,0.8770000000,0.8710000000,0.8730000000,69354.7662590000,60573.6990656620,60573.6990656620,1,SRM-USDT
2022-09-13 20:00:00,1663070400000,0.8740000000,0.8810000000,0.8170000000,0.8230000000,446315.4436830000,378729.6812181460,378729.6812181460,1,SRM-USDT
2022-09-13 21:00:00,1663074000000,0.8210000000,0.8230000000,0.8100000000,0.8160000000,139621.3069610000,113947.6759785990,113947.6759785990,1,SRM-USDT
2022-09-13 22:00:00,1663077600000,0.8140000000,0.8190000000,0.8040000000,0.8090000000,69904.1274250000,56680.3483058800,56680.3483058800,1,SRM-USDT
2022-09-13 23:00:00,1663081200000,0.8080000000,0.8120000000,0.8060000000,0.8090000000,66912.8268620000,54206.1345921400,54206.1345921400,1,SRM-USDT
2022-09-14 00:00:00,1663084800000,0.8080000000,0.8170000000,0.8080000000,0.8160000000,58697.3187240000,47691.2915201690,47691.2915201690,1,SRM-USDT
2022-09-14 01:00:00,1663088400000,0.8130000000,0.8200000000,0.8120000000,0.8140000000,34148.4176010000,27849.8159970040,27849.8159970040,1,SRM-USDT
2022-09-14 02:00:00,1663092000000,0.8130000000,0.8140000000,0.7970000000,0.7980000000,104233.7692390000,84018.4050068820,84018.4050068820,1,SRM-USDT
2022-09-14 03:00:00,1663095600000,0.7970000000,0.8100000000,0.7910000000,0.8080000000,148698.0828560000,118680.5929791510,118680.5929791510,1,SRM-USDT
2022-09-14 04:00:00,1663099200000,0.8080000000,0.8130000000,0.8040000000,0.8050000000,64181.6311440000,51866.0935506520,51866.0935506520,1,SRM-USDT
2022-09-14 05:00:00,1663102800000,0.8040000000,0.8060000000,0.7920000000,0.7990000000,56052.8955150000,44900.4509498040,44900.4509498040,1,SRM-USDT
2022-09-14 06:00:00,1663106400000,0.8010000000,0.8100000000,0.7920000000,0.8050000000,101262.1372630000,81309.7491869190,81309.7491869190,1,SRM-USDT
2022-09-14 07:00:00,1663110000000,0.8040000000,0.8090000000,0.7970000000,0.8080000000,76219.2306360000,61179.2681051050,61179.2681051050,1,SRM-USDT
2022-09-14 08:00:00,1663113600000,0.8070000000,0.8140000000,0.8020000000,0.8140000000,58741.7235640000,47476.9433422930,47476.9433422930,1,SRM-USDT
2022-09-14 09:00:00,1663117200000,0.8130000000,0.8160000000,0.8110000000,0.8160000000,15455.1201820000,12562.1632123880,12562.1632123880,1,SRM-USDT
2022-09-14 10:00:00,1663120800000,0.8140000000,0.8220000000,0.8140000000,0.8210000000,20774.3238110000,16978.8527927610,16978.8527927610,1,SRM-USDT
2022-09-14 11:00:00,1663124400000,0.8200000000,0.8230000000,0.8170000000,0.8190000000,47991.5208550000,39360.6155584410,39360.6155584410,1,SRM-USDT
2022-09-14 12:00:00,1663128000000,0.8180000000,0.8230000000,0.8160000000,0.8230000000,26462.0933620000,21688.8091634800,21688.8091634800,1,SRM-USDT
2022-09-14 13:00:00,1663131600000,0.8220000000,0.8250000000,0.8220000000,0.8240000000,17652.9790920000,14539.3430914400,14539.3430914400,1,SRM-USDT
2022-09-14 14:00:00,1663135200000,0.8230000000,0.8250000000,0.8170000000,0.8200000000,25479.8487530000,20947.2292009850,20947.2292009850,1,SRM-USDT
2022-09-14 15:00:00,1663138800000,0.8190000000,0.8240000000,0.8060000000,0.8150000000,52279.3033860000,42510.7793162030,42510.7793162030,1,SRM-USDT
2022-09-14 16:00:00,1663142400000,0.8140000000,0.8240000000,0.8070000000,0.8230000000,46164.5941710000,37681.1900985830,37681.1900985830,1,SRM-USDT
2022-09-14 17:00:00,1663146000000,0.8220000000,0.8240000000,0.8190000000,0.8230000000,8849.7199430000,7270.9817340680,7270.9817340680,1,SRM-USDT
2022-09-14 18:00:00,1663149600000,0.8210000000,0.8240000000,0.8200000000,0.8240000000,18006.4491600000,14806.0519712940,14806.0519712940,1,SRM-USDT
2022-09-14 19:00:00,1663153200000,0.8230000000,0.8240000000,0.8110000000,0.8160000000,52328.2225420000,42746.7197615640,42746.7197615640,1,SRM-USDT
2022-09-14 20:00:00,1663156800000,0.8150000000,0.8320000000,0.8040000000,0.8270000000,90585.8066760000,74084.9680389930,74084.9680389930,1,SRM-USDT
2022-09-14 21:00:00,1663160400000,0.8250000000,0.8280000000,0.8150000000,0.8250000000,52728.7034970000,43362.6790195800,43362.6790195800,1,SRM-USDT
2022-09-14 22:00:00,1663164000000,0.8220000000,0.8280000000,0.8190000000,0.8270000000,33139.0263640000,27293.8057416030,27293.8057416030,1,SRM-USDT
2022-09-14 23:00:00,1663167600000,0.8280000000,0.8280000000,0.8200000000,0.8230000000,68801.0496010000,56672.7109400540,56672.7109400540,1,SRM-USDT
2022-09-15 00:00:00,1663171200000,0.8210000000,0.8240000000,0.8160000000,0.8170000000,41901.3726960000,34280.7309718440,34280.7309718440,1,SRM-USDT
2022-09-15 01:00:00,1663174800000,0.8180000000,0.8260000000,0.8170000000,0.8220000000,9988.3769380000,8213.2966756680,8213.2966756680,1,SRM-USDT
2022-09-15 02:00:00,1663178400000,0.8200000000,0.8210000000,0.8050000000,0.8160000000,101502.3802980000,82418.8699720910,82418.8699720910,1,SRM-USDT
2022-09-15 03:00:00,1663182000000,0.8150000000,0.8220000000,0.8130000000,0.8220000000,26709.7087280000,21829.5474879180,21829.5474879180,1,SRM-USDT
2022-09-15 04:00:00,1663185600000,0.8200000000,0.8240000000,0.8190000000,0.8240000000,9511.1932470000,7816.1260548590,7816.1260548590,1,SRM-USDT
2022-09-15 05:00:00,1663189200000,0.8210000000,0.8330000000,0.8180000000,0.8330000000,61452.7524460000,50819.3802237400,50819.3802237400,1,SRM-USDT
2022-09-15 06:00:00,1663192800000,0.8310000000,0.8370000000,0.8280000000,0.8350000000,58960.2543070000,49051.8815793190,49051.8815793190,1,SRM-USDT
2022-09-15 07:00:00,1663196400000,0.8360000000,0.8360000000,0.8280000000,0.8320000000,31557.4048910000,26260.9969308660,26260.9969308660,1,SRM-USDT
2022-09-15 08:00:00,1663200000000,0.8310000000,0.8320000000,0.8150000000,0.8200000000,48284.1812150000,39746.5462761510,39746.5462761510,1,SRM-USDT
2022-09-15 09:00:00,1663203600000,0.8190000000,0.8210000000,0.8100000000,0.8190000000,39260.3305240000,32012.9488174820,32012.9488174820,1,SRM-USDT
2022-09-15 10:00:00,1663207200000,0.8180000000,0.8200000000,0.7950000000,0.8000000000,124631.7785470000,100349.5006003150,100349.5006003150,1,SRM-USDT
2022-09-15 11:00:00,1663210800000,0.7980000000,0.8010000000,0.7880000000,0.7950000000,95971.4536190000,76033.3741476400,76033.3741476400,1,SRM-USDT
2022-09-15 12:00:00,1663214400000,0.7940000000,0.7960000000,0.7870000000,0.7930000000,59410.3037820000,47006.9205226270,47006.9205226270,1,SRM-USDT
2022-09-15 13:00:00,1663218000000,0.7910000000,0.8000000000,0.7890000000,0.7980000000,51754.3413420000,41087.1376918170,41087.1376918170,1,SRM-USDT
2022-09-15 14:00:00,1663221600000,0.7960000000,0.8110000000,0.7820000000,0.8070000000,158554.5578010000,125870.5501946440,125870.5501946440,1,SRM-USDT
2022-09-15 15:00:00,1663225200000,0.8070000000,0.8210000000,0.8050000000,0.8110000000,74975.3881610000,60849.9557561510,60849.9557561510,1,SRM-USDT
2022-09-15 16:00:00,1663228800000,0.8090000000,0.8110000000,0.7980000000,0.8040000000,41087.4915210000,32993.6333430910,32993.6333430910,1,SRM-USDT
2022-09-15 17:00:00,1663232400000,0.8040000000,0.8050000000,0.7990000000,0.8020000000,24920.1941000000,19981.8759953460,19981.8759953460,1,SRM-USDT
2022-09-15 18:00:00,1663236000000,0.8030000000,0.8050000000,0.7970000000,0.8010000000,29148.1210030000,23366.0075432920,23366.0075432920,1,SRM-USDT
2022-09-15 19:00:00,1663239600000,0.7990000000,0.8050000000,0.7970000000,0.8050000000,37263.0236010000,29850.7361319630,29850.7361319630,1,SRM-USDT
2022-09-15 20:00:00,1663243200000,0.8030000000,0.8080000000,0.8000000000,0.8050000000,44031.2834270000,35393.8321016990,35393.8321016990,1,SRM-USDT
2022-09-15 21:00:00,1663246800000,0.8020000000,0.8060000000,0.7920000000,0.8010000000,21213.2216730000,16939.6968890180,16939.6968890180,1,SRM-USDT
2022-09-15 22:00:00,1663250400000,0.8010000000,0.8030000000,0.7790000000,0.7860000000,96784.0322060000,76332.5403039750,76332.5403039750,1,SRM-USDT
2022-09-15 23:00:00,1663254000000,0.7830000000,0.7920000000,0.7760000000,0.7900000000,70854.9311780000,55549.4984108910,55549.4984108910,1,SRM-USDT
2022-09-16 00:00:00,1663257600000,0.7890000000,0.7980000000,0.7870000000,0.7980000000,18341.9769860000,14519.7671819900,14519.7671819900,1,SRM-USDT
2022-09-16 01:00:00,1663261200000,0.7970000000,0.8000000000,0.7960000000,0.7980000000,14778.7491030000,11785.9063626090,11785.9063626090,1,SRM-USDT
2022-09-16 02:00:00,1663264800000,0.7970000000,0.8030000000,0.7950000000,0.7980000000,21516.4115960000,17185.2418965390,17185.2418965390,1,SRM-USDT
2022-09-16 03:00:00,1663268400000,0.7970000000,0.8020000000,0.7950000000,0.8010000000,31928.0136190000,25459.9196642880,25459.9196642880,1,SRM-USDT
2022-09-16 04:00:00,1663272000000,0.8000000000,0.8050000000,0.7980000000,0.8050000000,22191.3392090000,17794.9089156640,17794.9089156640,1,SRM-USDT
2022-09-16 05:00:00,1663275600000,0.8030000000,0.8040000000,0.7970000000,0.8020000000,11672.2608440000,9352.7123846020,9352.7123846020,1,SRM-USDT
2022-09-16 06:00:00,1663279200000,0.8000000000,0.8020000000,0.7900000000,0.7960000000,36273.1487960000,28857.1169286460,28857.1169286460,1,SRM-USDT
2022-09-16 07:00:00,1663282800000,0.7950000000,0.7960000000,0.7890000000,0.7930000000,25366.2973480000,20073.5632835580,20073.5632835580,1,SRM-USDT
2022-09-16 08:00:00,1663286400000,0.7920000000,0.7960000000,0.7810000000,0.7960000000,85950.1854830000,67635.2049531370,67635.2049531370,1,SRM-USDT
2022-09-16 09:00:00,1663290000000,0.7950000000,0.7960000000,0.7890000000,0.7910000000,30729.8823050000,24330.4730281170,24330.4730281170,1,SRM-USDT
2022-09-16 10:00:00,1663293600000,0.7890000000,0.7910000000,0.7810000000,0.7880000000,37590.8141680000,29499.6406165680,29499.6406165680,1,SRM-USDT
2022-09-16 11:00:00,1663297200000,0.7890000000,0.7940000000,0.7850000000,0.7940000000,47237.3238080000,37228.1245440140,37228.1245440140,1,SRM-USDT
2022-09-16 12:00:00,1663300800000,0.7930000000,0.7990000000,0.7930000000,0.7980000000,9358.6986900000,7458.2456224920,7458.2456224920,1,SRM-USDT
2022-09-16 13:00:00,1663304400000,0.7970000000,0.7990000000,0.7910000000,0.7920000000,76197.1880880000,60642.8820109210,60642.8820109210,1,SRM-USDT
2022-09-16 14:00:00,1663308000000,0.7900000000,0.7930000000,0.7870000000,0.7900000000,23014.6931410000,18182.7392328490,18182.7392328490,1,SRM-USDT
2022-09-16 15:00:00,1663311600000,0.7880000000,0.7910000000,0.7830000000,0.7840000000,28862.3971260000,22690.0310348800,22690.0310348800,1,SRM-USDT
2022-09-16 16:00:00,1663315200000,0.7840000000,0.7840000000,0.7690000000,0.7710000000,46604.6421830000,36136.5721012560,36136.5721012560,1,SRM-USDT
2022-09-16 17:00:00,1663318800000,0.7690000000,0.7770000000,0.7690000000,0.7770000000,46357.8936200000,35863.3892382800,35863.3892382800,1,SRM-USDT
2022-09-16 18:00:00,1663322400000,0.7750000000,0.7810000000,0.7730000000,0.7790000000,14622.8702520000,11338.5518662560,11338.5518662560,1,SRM-USDT
2022-09-16 19:00:00,1663326000000,0.7770000000,0.7840000000,0.7770000000,0.7840000000,24273.2827140000,18925.8460994450,18925.8460994450,1,SRM-USDT
2022-09-16 20:00:00,1663329600000,0.7830000000,0.7840000000,0.7760000000,0.7780000000,48254.3181360000,37671.2331628840,37671.2331628840,1,SRM-USDT
2022-09-16 21:00:00,1663333200000,0.7760000000,0.7810000000,0.7630000000,0.7670000000,90013.5691560000,69705.2340018680,69705.2340018680,1,SRM-USDT
2022-09-16 22:00:00,1663336800000,0.7670000000,0.7820000000,0.7640000000,0.7740000000,141002.7173100000,109317.6291149530,109317.6291149530,1,SRM-USDT
2022-09-16 23:00:00,1663340400000,0.7730000000,0.7780000000,0.7690000000,0.7740000000,18254.5785280000,14105.3683321750,14105.3683321750,1,SRM-USDT
2022-09-17 00:00:00,1663344000000,0.7730000000,0.7740000000,0.7570000000,0.7630000000,102867.2562930000,78378.6965179130,78378.6965179130,1,SRM-USDT
2022-09-17 01:00:00,1663347600000,0.7640000000,0.7660000000,0.7580000000,0.7640000000,85629.9849670000,65243.8639043320,65243.8639043320,1,SRM-USDT
2022-09-17 02:00:00,1663351200000,0.7620000000,0.7700000000,0.7600000000,0.7700000000,49004.5433700000,37435.6008702200,37435.6008702200,1,SRM-USDT
2022-09-17 03:00:00,1663354800000,0.7670000000,0.7740000000,0.7670000000,0.7730000000,18714.6358270000,14418.1384750110,14418.1384750110,1,SRM-USDT
2022-09-17 04:00:00,1663358400000,0.7720000000,0.7790000000,0.7720000000,0.7790000000,15160.4594850000,11758.5129658690,11758.5129658690,1,SRM-USDT
2022-09-17 05:00:00,1663362000000,0.7760000000,0.7800000000,0.7750000000,0.7780000000,26008.2902750000,20239.8448225500,20239.8448225500,1,SRM-USDT
2022-09-17 06:00:00,1663365600000,0.7760000000,0.7790000000,0.7750000000,0.7770000000,24361.8750000000,18929.8742126700,18929.8742126700,1,SRM-USDT
2022-09-17 07:00:00,1663369200000,0.7750000000,0.7780000000,0.7730000000,0.7780000000,5164.4163380000,4003.8103464500,4003.8103464500,1,SRM-USDT
2022-09-17 08:00:00,1663372800000,0.7770000000,0.7910000000,0.7770000000,0.7860000000,32781.9830410000,25745.1767681250,25745.1767681250,1,SRM-USDT
2022-09-17 09:00:00,1663376400000,0.7870000000,0.7870000000,0.7830000000,0.7870000000,24924.1360270000,19578.3974764240,19578.3974764240,1,SRM-USDT
2022-09-17 10:00:00,1663380000000,0.7860000000,0.7890000000,0.7850000000,0.7880000000,7749.1340540000,6094.4077426130,6094.4077426130,1,SRM-USDT
2022-09-17 11:00:00,1663383600000,0.7870000000,0.7890000000,0.7850000000,0.7870000000,6552.7820790000,5158.3669366230,5158.3669366230,1,SRM-USDT
2022-09-17 12:00:00,1663387200000,0.7860000000,0.7910000000,0.7860000000,0.7890000000,12303.8765370000,9706.5889550540,9706.5889550540,1,SRM-USDT
2022-09-17 13:00:00,1663390800000,0.7880000000,0.7880000000,0.7810000000,0.7840000000,6305.7349170000,4938.9529214480,4938.9529214480,1,SRM-USDT
2022-09-17 14:00:00,1663394400000,0.7830000000,0.7840000000,0.7810000000,0.7830000000,9362.6190130000,7323.9601319260,7323.9601319260,1,SRM-USDT
2022-09-17 15:00:00,1663398000000,0.7810000000,0.7830000000,0.7780000000,0.7830000000,23086.3439310000,18009.3014151060,18009.3014151060,1,SRM-USDT
2022-09-17 16:00:00,1663401600000,0.7820000000,0.7830000000,0.7810000000,0.7830000000,7328.4213470000,5730.7302818870,5730.7302818870,1,SRM-USDT
2022-09-17 17:00:00,1663405200000,0.7820000000,0.7830000000,0.7800000000,0.7830000000,20069.4954500000,15692.4181583090,15692.4181583090,1,SRM-USDT
2022-09-17 18:00:00,1663408800000,0.7820000000,0.7830000000,0.7770000000,0.7800000000,18687.8877550000,14558.7185756620,14558.7185756620,1,SRM-USDT
2022-09-17 19:00:00,1663412400000,0.7800000000,0.7810000000,0.7780000000,0.7780000000,12323.8499290000,9604.0726345580,9604.0726345580,1,SRM-USDT
2022-09-17 20:00:00,1663416000000,0.7790000000,0.7820000000,0.7770000000,0.7810000000,48236.0082600000,37607.6862255640,37607.6862255640,1,SRM-USDT
2022-09-17 21:00:00,1663419600000,0.7810000000,0.7860000000,0.7800000000,0.7860000000,28919.1816080000,22607.8096877540,22607.8096877540,1,SRM-USDT
2022-09-17 22:00:00,1663423200000,0.7850000000,0.7900000000,0.7840000000,0.7900000000,18069.6337670000,14227.3618324550,14227.3618324550,1,SRM-USDT
2022-09-17 23:00:00,1663426800000,0.7880000000,0.7900000000,0.7850000000,0.7880000000,29288.9155990000,23054.3949827630,23054.3949827630,1,SRM-USDT
2022-09-18 00:00:00,1663430400000,0.7870000000,0.7940000000,0.7860000000,0.7930000000,39688.6096670000,31357.0847185600,31357.0847185600,1,SRM-USDT
2022-09-18 01:00:00,1663434000000,0.7920000000,0.7960000000,0.7900000000,0.7940000000,58832.3053370000,46692.7698937720,46692.7698937720,1,SRM-USDT
2022-09-18 02:00:00,1663437600000,0.7910000000,0.7970000000,0.7910000000,0.7960000000,63393.9430490000,50358.0202370170,50358.0202370170,1,SRM-USDT
2022-09-18 03:00:00,1663441200000,0.7940000000,0.7950000000,0.7910000000,0.7930000000,8512.6542570000,6750.9660649570,6750.9660649570,1,SRM-USDT
2022-09-18 04:00:00,1663444800000,0.7930000000,0.8030000000,0.7930000000,0.8030000000,44826.1168760000,35765.2453289530,35765.2453289530,1,SRM-USDT
2022-09-18 05:00:00,1663448400000,0.8020000000,0.8030000000,0.8000000000,0.8010000000,13062.0775140000,10466.2793444740,10466.2793444740,1,SRM-USDT
2022-09-18 06:00:00,1663452000000,0.8020000000,0.8020000000,0.7980000000,0.8010000000,11210.6711890000,8961.3617268700,8961.3617268700,1,SRM-USDT
2022-09-18 07:00:00,1663455600000,0.8000000000,0.8080000000,0.7990000000,0.8080000000,14360.5194680000,11534.4244974960,11534.4244974960,1,SRM-USDT
2022-09-18 08:00:00,1663459200000,0.8060000000,0.8060000000,0.7990000000,0.8010000000,35968.3579490000,28826.5516825370,28826.5516825370,1,SRM-USDT
2022-09-18 09:00:00,1663462800000,0.8000000000,0.8030000000,0.7980000000,0.8000000000,42025.1837370000,33623.8350896990,33623.8350896990,1,SRM-USDT
2022-09-18 10:00:00,1663466400000,0.7990000000,0.8010000000,0.7980000000,0.8010000000,17491.2077660000,13985.9025629640,13985.9025629640,1,SRM-USDT
2022-09-18 11:00:00,1663470000000,0.8000000000,0.8010000000,0.7960000000,0.7980000000,21108.3152980000,16833.8419087580,16833.8419087580,1,SRM-USDT
2022-09-18 12:00:00,1663473600000,0.7980000000,0.8010000000,0.7970000000,0.8010000000,14922.4048470000,11919.3410219170,11919.3410219170,1,SRM-USDT
2022-09-18 13:00:00,1663477200000,0.7980000000,0.8020000000,0.7980000000,0.8010000000,3928.4467340000,3142.0933528480,3142.0933528480,1,SRM-USDT
2022-09-18 14:00:00,1663480800000,0.8010000000,0.8090000000,0.8000000000,0.8090000000,42770.9630700000,34487.1553605480,34487.1553605480,1,SRM-USDT
2022-09-18 15:00:00,1663484400000,0.8070000000,0.8090000000,0.8040000000,0.8070000000,57785.7057690000,46586.6340624310,46586.6340624310,1,SRM-USDT
2022-09-18 16:00:00,1663488000000,0.8060000000,0.8100000000,0.8050000000,0.8090000000,39886.4352180000,32218.4305340950,32218.4305340950,1,SRM-USDT
2022-09-18 17:00:00,1663491600000,0.8100000000,0.8110000000,0.7830000000,0.7850000000,73102.9811300000,57745.9821999070,57745.9821999070,1,SRM-USDT
2022-09-18 18:00:00,1663495200000,0.7830000000,0.7960000000,0.7820000000,0.7910000000,57707.1032080000,45514.6229930470,45514.6229930470,1,SRM-USDT
2022-09-18 19:00:00,1663498800000,0.7900000000,0.7920000000,0.7890000000,0.7920000000,3210.2447420000,2537.9292488940,2537.9292488940,1,SRM-USDT
2022-09-18 20:00:00,1663502400000,0.7900000000,0.7940000000,0.7860000000,0.7940000000,16182.9097910000,12772.0463861980,12772.0463861980,1,SRM-USDT
2022-09-18 21:00:00,1663506000000,0.7930000000,0.7940000000,0.7900000000,0.7930000000,2358.4259180000,1868.6478123010,1868.6478123010,1,SRM-USDT
2022-09-18 22:00:00,1663509600000,0.7900000000,0.7920000000,0.7790000000,0.7860000000,37741.2141910000,29547.5597677690,29547.5597677690,1,SRM-USDT
2022-09-18 23:00:00,1663513200000,0.7840000000,0.7880000000,0.7830000000,0.7860000000,33479.8330740000,26300.0587225310,26300.0587225310,1,SRM-USDT
2022-09-19 00:00:00,1663516800000,0.7840000000,0.7890000000,0.7730000000,0.7790000000,87916.7267990000,68535.1774158530,68535.1774158530,1,SRM-USDT
2022-09-19 01:00:00,1663520400000,0.7760000000,0.7770000000,0.7690000000,0.7720000000,70947.0324420000,54867.9123402090,54867.9123402090,1,SRM-USDT
2022-09-19 02:00:00,1663524000000,0.7720000000,0.7770000000,0.7700000000,0.7750000000,51347.4232910000,39743.9907394080,39743.9907394080,1,SRM-USDT
2022-09-19 03:00:00,1663527600000,0.7750000000,0.7790000000,0.7710000000,0.7770000000,21244.1020000000,16494.0287094320,16494.0287094320,1,SRM-USDT
2022-09-19 04:00:00,1663531200000,0.7750000000,0.7770000000,0.7670000000,0.7700000000,30263.0437310000,23374.1860678860,23374.1860678860,1,SRM-USDT
2022-09-19 05:00:00,1663534800000,0.7700000000,0.7700000000,0.7390000000,0.7530000000,134464.9744200000,100903.8345406690,100903.8345406690,1,SRM-USDT
2022-09-19 06:00:00,1663538400000,0.7500000000,0.7520000000,0.7390000000,0.7520000000,53436.8037230000,39797.3382147180,39797.3382147180,1,SRM-USDT
2022-09-19 07:00:00,1663542000000,0.7490000000,0.7560000000,0.7450000000,0.7490000000,44372.5906700000,33311.9782492710,33311.9782492710,1,SRM-USDT
2022-09-19 08:00:00,1663545600000,0.7480000000,0.7570000000,0.7400000000,0.7540000000,149824.5165680000,111791.8667937710,111791.8667937710,1,SRM-USDT
2022-09-19 09:00:00,1663549200000,0.7520000000,0.7570000000,0.7490000000,0.7530000000,32073.2360320000,24123.4868347850,24123.4868347850,1,SRM-USDT
2022-09-19 10:00:00,1663552800000,0.7520000000,0.7530000000,0.7240000000,0.7280000000,77249.8856920000,56830.0819848840,56830.0819848840,1,SRM-USDT
2022-09-19 11:00:00,1663556400000,0.7260000000,0.7300000000,0.7200000000,0.7270000000,88410.5518870000,63970.5714003560,63970.5714003560,1,SRM-USDT
2022-09-19 12:00:00,1663560000000,0.7250000000,0.7350000000,0.7240000000,0.7340000000,40867.4014030000,29830.9953494920,29830.9953494920,1,SRM-USDT
2022-09-19 13:00:00,1663563600000,0.7320000000,0.7380000000,0.7240000000,0.7270000000,67999.3823360000,49593.8614951590,49593.8614951590,1,SRM-USDT
2022-09-19 14:00:00,1663567200000,0.7260000000,0.7310000000,0.7200000000,0.7260000000,94271.0366730000,68411.5507331980,68411.5507331980,1,SRM-USDT
2022-09-19 15:00:00,1663570800000,0.7270000000,0.7340000000,0.7200000000,0.7330000000,52279.9435880000,37973.2567558290,37973.2567558290,1,SRM-USDT
2022-09-19 16:00:00,1663574400000,0.7310000000,0.7320000000,0.7230000000,0.7240000000,29711.8110360000,21615.2751815900,21615.2751815900,1,SRM-USDT
2022-09-19 17:00:00,1663578000000,0.7230000000,0.7280000000,0.7210000000,0.7270000000,51641.1237780000,37335.4353831980,37335.4353831980,1,SRM-USDT
2022-09-19 18:00:00,1663581600000,0.7260000000,0.7390000000,0.7250000000,0.7380000000,47195.4841780000,34366.9080901420,34366.9080901420,1,SRM-USDT
2022-09-19 19:00:00,1663585200000,0.7370000000,0.7390000000,0.7330000000,0.7380000000,25465.9160710000,18755.1949572200,18755.1949572200,1,SRM-USDT
2022-09-19 20:00:00,1663588800000,0.7370000000,0.7450000000,0.7360000000,0.7430000000,23342.4035930000,17274.9351344440,17274.9351344440,1,SRM-USDT
2022-09-19 21:00:00,1663592400000,0.7440000000,0.7530000000,0.7390000000,0.7520000000,30444.8261580000,22679.8227872800,22679.8227872800,1,SRM-USDT
2022-09-19 22:00:00,1663596000000,0.7490000000,0.7580000000,0.7450000000,0.7510000000,82422.2818810000,61953.1158535610,61953.1158535610,1,SRM-USDT
2022-09-19 23:00:00,1663599600000,0.7500000000,0.7550000000,0.7470000000,0.7510000000,40489.2641760000,30391.7730932140,30391.7730932140,1,SRM-USDT
2022-09-20 00:00:00,1663603200000,0.7490000000,0.7560000000,0.7480000000,0.7560000000,36454.8102750000,27386.9725108000,27386.9725108000,1,SRM-USDT
2022-09-20 01:00:00,1663606800000,0.7540000000,0.7560000000,0.7440000000,0.7470000000,52743.9542270000,39625.7137755070,39625.7137755070,1,SRM-USDT
2022-09-20 02:00:00,1663610400000,0.7480000000,0.7600000000,0.7460000000,0.7600000000,22432.7705860000,16831.9900661460,16831.9900661460,1,SRM-USDT
2022-09-20 03:00:00,1663614000000,0.7580000000,0.7650000000,0.7570000000,0.7630000000,39760.2919380000,30253.5471545530,30253.5471545530,1,SRM-USDT
2022-09-20 04:00:00,1663617600000,0.7610000000,0.7650000000,0.7590000000,0.7620000000,40370.4009780000,30714.4369224790,30714.4369224790,1,SRM-USDT
2022-09-20 05:00:00,1663621200000,0.7620000000,0.7690000000,0.7600000000,0.7640000000,64335.6280490000,49252.9169083180,49252.9169083180,1,SRM-USDT
2022-09-20 06:00:00,1663624800000,0.7650000000,0.7740000000,0.7640000000,0.7730000000,48609.1615040000,37248.5642284770,37248.5642284770,1,SRM-USDT
2022-09-20 07:00:00,1663628400000,0.7740000000,0.7750000000,0.7680000000,0.7710000000,27169.7842870000,20951.3777779030,20951.3777779030,1,SRM-USDT
2022-09-20 08:00:00,1663632000000,0.7710000000,0.7750000000,0.7640000000,0.7700000000,84236.3460970000,64747.8473648060,64747.8473648060,1,SRM-USDT
2022-09-20 09:00:00,1663635600000,0.7690000000,0.7720000000,0.7650000000,0.7710000000,45906.6111820000,35248.3453414800,35248.3453414800,1,SRM-USDT
2022-09-20 10:00:00,1663639200000,0.7690000000,0.7770000000,0.7670000000,0.7760000000,34632.9287920000,26754.3410242780,26754.3410242780,1,SRM-USDT
2022-09-20 11:00:00,1663642800000,0.7750000000,0.7770000000,0.7650000000,0.7740000000,4011.0537500000,3083.5168795010,3083.5168795010,1,SRM-USDT
2022-09-20 12:00:00,1663646400000,0.7740000000,0.7770000000,0.7720000000,0.7760000000,29259.5256520000,22662.4636232910,22662.4636232910,1,SRM-USDT
2022-09-20 13:00:00,1663650000000,0.7740000000,0.7810000000,0.7740000000,0.7790000000,31379.4887560000,24398.5180030360,24398.5180030360,1,SRM-USDT
2022-09-20 14:00:00,1663653600000,0.7800000000,0.7970000000,0.7770000000,0.7940000000,250770.9182100000,198071.1610545250,198071.1610545250,1,SRM-USDT
2022-09-20 15:00:00,1663657200000,0.7920000000,0.8070000000,0.7910000000,0.7960000000,196982.6055230000,157578.8594627880,157578.8594627880,1,SRM-USDT
2022-09-20 16:00:00,1663660800000,0.7940000000,0.7970000000,0.7860000000,0.7880000000,114678.8838000000,90735.9868336040,90735.9868336040,1,SRM-USDT
2022-09-20 17:00:00,1663664400000,0.7860000000,0.7900000000,0.7780000000,0.7790000000,72000.0961910000,56292.0009648300,56292.0009648300,1,SRM-USDT
2022-09-20 18:00:00,1663668000000,0.7790000000,0.7790000000,0.7700000000,0.7750000000,119605.1946510000,92557.1171791070,92557.1171791070,1,SRM-USDT
2022-09-20 19:00:00,1663671600000,0.7740000000,0.7790000000,0.7700000000,0.7710000000,27683.4025260000,21427.5222510970,21427.5222510970,1,SRM-USDT
2022-09-20 20:00:00,1663675200000,0.7700000000,0.7730000000,0.7640000000,0.7700000000,71097.0400380000,54585.0249769380,54585.0249769380,1,SRM-USDT
2022-09-20 21:00:00,1663678800000,0.7680000000,0.7710000000,0.7560000000,0.7620000000,76882.3922200000,58383.4172152620,58383.4172152620,1,SRM-USDT
2022-09-20 22:00:00,1663682400000,0.7620000000,0.7740000000,0.7600000000,0.7740000000,21648.0199730000,16556.9362976690,16556.9362976690,1,SRM-USDT
2022-09-20 23:00:00,1663686000000,0.7740000000,0.7950000000,0.7740000000,0.7940000000,33441.5524380000,26178.2776098320,26178.2776098320,1,SRM-USDT
2022-09-21 00:00:00,1663689600000,0.7930000000,0.7970000000,0.7860000000,0.7950000000,28986.9276430000,22941.0335643510,22941.0335643510,1,SRM-USDT
2022-09-21 01:00:00,1663693200000,0.7920000000,0.7950000000,0.7810000000,0.7820000000,30480.4921980000,23966.6941722200,23966.6941722200,1,SRM-USDT
2022-09-21 02:00:00,1663696800000,0.7800000000,0.7890000000,0.7790000000,0.7870000000,32604.4872630000,25574.9013655410,25574.9013655410,1,SRM-USDT
2022-09-21 03:00:00,1663700400000,0.7880000000,0.7900000000,0.7790000000,0.7790000000,12697.0848320000,9959.2140284890,9959.2140284890,1,SRM-USDT
2022-09-21 04:00:00,1663704000000,0.7790000000,0.7820000000,0.7720000000,0.7730000000,20532.3283830000,15909.2326383760,15909.2326383760,1,SRM-USDT
2022-09-21 05:00:00,1663707600000,0.7730000000,0.7770000000,0.7670000000,0.7690000000,14516.4962890000,11188.6273149500,11188.6273149500,1,SRM-USDT
2022-09-21 06:00:00,1663711200000,0.7680000000,0.7770000000,0.7660000000,0.7750000000,14270.9191210000,11010.1614559090,11010.1614559090,1,SRM-USDT
2022-09-21 07:00:00,1663714800000,0.7740000000,0.7780000000,0.7660000000,0.7750000000,16921.6266860000,13042.4090633950,13042.4090633950,1,SRM-USDT
2022-09-21 08:00:00,1663718400000,0.7740000000,0.7820000000,0.7720000000,0.7780000000,28671.5444140000,22270.9922936070,22270.9922936070,1,SRM-USDT
2022-09-21 09:00:00,1663722000000,0.7770000000,0.7790000000,0.7680000000,0.7700000000,7271.3804600000,5623.1796103560,5623.1796103560,1,SRM-USDT
2022-09-21 10:00:00,1663725600000,0.7680000000,0.7780000000,0.7680000000,0.7710000000,12252.0570680000,9486.4422239510,9486.4422239510,1,SRM-USDT
2022-09-21 11:00:00,1663729200000,0.7710000000,0.7750000000,0.7700000000,0.7710000000,4010.2015900000,3095.1188029770,3095.1188029770,1,SRM-USDT
2022-09-21 12:00:00,1663732800000,0.7720000000,0.7730000000,0.7690000000,0.7710000000,7507.8574180000,5780.1254118650,5780.1254118650,1,SRM-USDT
2022-09-21 13:00:00,1663736400000,0.7710000000,0.7770000000,0.7660000000,0.7670000000,35765.2036980000,27542.0818363000,27542.0818363000,1,SRM-USDT
2022-09-21 14:00:00,1663740000000,0.7660000000,0.7720000000,0.7500000000,0.7540000000,55328.3955660000,41770.9132395240,41770.9132395240,1,SRM-USDT
2022-09-21 15:00:00,1663743600000,0.7550000000,0.7600000000,0.7490000000,0.7600000000,25227.9537180000,19033.8404093500,19033.8404093500,1,SRM-USDT
2022-09-21 16:00:00,1663747200000,0.7590000000,0.7610000000,0.7550000000,0.7610000000,16913.8761860000,12820.2980725370,12820.2980725370,1,SRM-USDT
2022-09-21 17:00:00,1663750800000,0.7600000000,0.7650000000,0.7560000000,0.7610000000,8996.2617120000,6833.8421957840,6833.8421957840,1,SRM-USDT
2022-09-21 18:00:00,1663754400000,0.7610000000,0.7660000000,0.7600000000,0.7650000000,10798.9674840000,8229.5066767720,8229.5066767720,1,SRM-USDT
2022-09-21 19:00:00,1663758000000,0.7660000000,0.7670000000,0.7620000000,0.7650000000,11438.0396320000,8733.5445071070,8733.5445071070,1,SRM-USDT
2022-09-21 20:00:00,1663761600000,0.7650000000,0.7710000000,0.7640000000,0.7680000000,8743.1056190000,6703.3836650620,6703.3836650620,1,SRM-USDT
2022-09-21 21:00:00,1663765200000,0.7670000000,0.7700000000,0.7630000000,0.7650000000,31518.7482080000,24132.8509317220,24132.8509317220,1,SRM-USDT
2022-09-21 22:00:00,1663768800000,0.7650000000,0.7690000000,0.7590000000,0.7620000000,17971.5367410000,13717.2408353490,13717.2408353490,1,SRM-USDT
2022-09-21 23:00:00,1663772400000,0.7600000000,0.7640000000,0.7550000000,0.7620000000,17805.9835320000,13500.5481376230,13500.5481376230,1,SRM-USDT
2022-09-22 00:00:00,1663776000000,0.7610000000,0.7680000000,0.7600000000,0.7620000000,7075.8953820000,5399.0848559530,5399.0848559530,1,SRM-USDT
2022-09-22 01:00:00,1663779600000,0.7610000000,0.7740000000,0.7600000000,0.7730000000,94361.6561240000,72369.4576988980,72369.4576988980,1,SRM-USDT
2022-09-22 02:00:00,1663783200000,0.7740000000,0.8010000000,0.7470000000,0.7970000000,161291.1748130000,124281.7967824610,124281.7967824610,1,SRM-USDT
2022-09-22 03:00:00,1663786800000,0.7980000000,0.8000000000,0.7640000000,0.7640000000,85478.3496420000,67052.4478695060,67052.4478695060,1,SRM-USDT
2022-09-22 04:00:00,1663790400000,0.7630000000,0.7660000000,0.7500000000,0.7550000000,48857.9528800000,37028.3327839020,37028.3327839020,1,SRM-USDT
2022-09-22 05:00:00,1663794000000,0.7530000000,0.7560000000,0.7320000000,0.7350000000,37422.3817310000,27673.7925373560,27673.7925373560,1,SRM-USDT
2022-09-22 06:00:00,1663797600000,0.7360000000,0.7370000000,0.7250000000,0.7370000000,43913.9879910000,32056.5368054320,32056.5368054320,1,SRM-USDT
2022-09-22 07:00:00,1663801200000,0.7360000000,0.7420000000,0.7330000000,0.7380000000,24258.7343160000,17869.6649990100,17869.6649990100,1,SRM-USDT
2022-09-22 08:00:00,1663804800000,0.7370000000,0.7430000000,0.7320000000,0.7350000000,40511.6780640000,29891.9489530250,29891.9489530250,1,SRM-USDT
2022-09-22 09:00:00,1663808400000,0.7340000000,0.7400000000,0.7330000000,0.7400000000,20791.7538800000,15304.5096364960,15304.5096364960,1,SRM-USDT
2022-09-22 10:00:00,1663812000000,0.7390000000,0.7470000000,0.7380000000,0.7460000000,23757.0432550000,17601.5842971900,17601.5842971900,1,SRM-USDT
2022-09-22 11:00:00,1663815600000,0.7450000000,0.7480000000,0.7440000000,0.7460000000,8575.0317510000,6393.3837866680,6393.3837866680,1,SRM-USDT
2022-09-22 12:00:00,1663819200000,0.7450000000,0.7520000000,0.7450000000,0.7490000000,7055.6383880000,5279.3052332460,5279.3052332460,1,SRM-USDT
2022-09-22 13:00:00,1663822800000,0.7490000000,0.7540000000,0.7470000000,0.7510000000,16405.6024840000,12320.0665045980,12320.0665045980,1,SRM-USDT
2022-09-22 14:00:00,1663826400000,0.7500000000,0.7560000000,0.7460000000,0.7500000000,26082.6270160000,19568.6756416250,19568.6756416250,1,SRM-USDT
2022-09-22 15:00:00,1663830000000,0.7480000000,0.7600000000,0.7470000000,0.7600000000,20565.4436330000,15495.9187954690,15495.9187954690,1,SRM-USDT
2022-09-22 16:00:00,1663833600000,0.7590000000,0.7690000000,0.7580000000,0.7660000000,92255.8101070000,70284.0101692650,70284.0101692650,1,SRM-USDT
2022-09-22 17:00:00,1663837200000,0.7670000000,0.7690000000,0.7620000000,0.7650000000,14900.2330640000,11402.3220660510,11402.3220660510,1,SRM-USDT
2022-09-22 18:00:00,1663840800000,0.7660000000,0.7700000000,0.7630000000,0.7680000000,32915.4093910000,25219.9327220960,25219.9327220960,1,SRM-USDT
2022-09-22 19:00:00,1663844400000,0.7650000000,0.7730000000,0.7630000000,0.7720000000,72536.9214960000,55590.2835322620,55590.2835322620,1,SRM-USDT
2022-09-22 20:00:00,1663848000000,0.7700000000,0.7740000000,0.7660000000,0.7700000000,29302.2091530000,22554.0620453250,22554.0620453250,1,SRM-USDT
2022-09-22 21:00:00,1663851600000,0.7680000000,0.7700000000,0.7560000000,0.7580000000,51229.4987850000,39032.8693192730,39032.8693192730,1,SRM-USDT
2022-09-22 22:00:00,1663855200000,0.7590000000,0.7660000000,0.7560000000,0.7560000000,27869.7431760000,21178.4452877590,21178.4452877590,1,SRM-USDT
2022-09-22 23:00:00,1663858800000,0.7570000000,0.7620000000,0.7540000000,0.7610000000,28894.7650860000,21873.1537965600,21873.1537965600,1,SRM-USDT
2022-09-23 00:00:00,1663862400000,0.7620000000,0.7680000000,0.7540000000,0.7660000000,18266.2194450000,13890.1905302560,13890.1905302560,1,SRM-USDT
2022-09-23 01:00:00,1663866000000,0.7650000000,0.7690000000,0.7600000000,0.7680000000,13342.5113040000,10215.4471724140,10215.4471724140,1,SRM-USDT
2022-09-23 02:00:00,1663869600000,0.7680000000,0.7730000000,0.7640000000,0.7700000000,61556.4391030000,47302.5360019160,47302.5360019160,1,SRM-USDT
2022-09-23 03:00:00,1663873200000,0.7690000000,0.7800000000,0.7680000000,0.7730000000,29051.5397050000,22484.4455491220,22484.4455491220,1,SRM-USDT
2022-09-23 04:00:00,1663876800000,0.7730000000,0.7780000000,0.7710000000,0.7730000000,13378.2475210000,10359.1978894920,10359.1978894920,1,SRM-USDT
2022-09-23 05:00:00,1663880400000,0.7720000000,0.7760000000,0.7690000000,0.7710000000,13000.6294400000,10029.8061434700,10029.8061434700,1,SRM-USDT
2022-09-23 06:00:00,1663884000000,0.7690000000,0.7820000000,0.7690000000,0.7800000000,21721.3007260000,16871.4390069710,16871.4390069710,1,SRM-USDT
2022-09-23 07:00:00,1663887600000,0.7780000000,0.7880000000,0.7780000000,0.7830000000,81741.9644840000,64081.0514317640,64081.0514317640,1,SRM-USDT
2022-09-23 08:00:00,1663891200000,0.7820000000,0.7880000000,0.7780000000,0.7790000000,100692.9129680000,78860.8785337190,78860.8785337190,1,SRM-USDT
2022-09-23 09:00:00,1663894800000,0.7780000000,0.7850000000,0.7760000000,0.7840000000,42957.9123510000,33510.9261447640,33510.9261447640,1,SRM-USDT
2022-09-23 10:00:00,1663898400000,0.7830000000,0.7850000000,0.7750000000,0.7790000000,16444.1838430000,12838.4214872570,12838.4214872570,1,SRM-USDT
2022-09-23 11:00:00,1663902000000,0.7790000000,0.7930000000,0.7790000000,0.7890000000,53902.1705850000,42387.8674767020,42387.8674767020,1,SRM-USDT
2022-09-23 12:00:00,1663905600000,0.7890000000,0.7990000000,0.7860000000,0.7950000000,42626.6769940000,33781.6019067260,33781.6019067260,1,SRM-USDT
2022-09-23 13:00:00,1663909200000,0.7940000000,0.8000000000,0.7910000000,0.7920000000,45169.8617150000,35960.5215809590,35960.5215809590,1,SRM-USDT
2022-09-23 14:00:00,1663912800000,0.7920000000,0.7950000000,0.7860000000,0.7880000000,20782.4563320000,16402.1994941180,16402.1994941180,1,SRM-USDT
2022-09-23 15:00:00,1663916400000,0.7850000000,0.7860000000,0.7740000000,0.7750000000,29289.5229060000,22862.4254353570,22862.4254353570,1,SRM-USDT
2022-09-23 16:00:00,1663920000000,0.7750000000,0.7780000000,0.7600000000,0.7630000000,61366.2750960000,46987.1461920790,46987.1461920790,1,SRM-USDT
2022-09-23 17:00:00,1663923600000,0.7630000000,0.7700000000,0.7610000000,0.7700000000,42814.4986180000,32801.7034166320,32801.7034166320,1,SRM-USDT
2022-09-23 18:00:00,1663927200000,0.7670000000,0.7720000000,0.7590000000,0.7620000000,34590.7987260000,26454.4131661760,26454.4131661760,1,SRM-USDT
2022-09-23 19:00:00,1663930800000,0.7590000000,0.7660000000,0.7570000000,0.7650000000,48932.5757570000,37175.1875358700,37175.1875358700,1,SRM-USDT
2022-09-23 20:00:00,1663934400000,0.7620000000,0.7700000000,0.7600000000,0.7670000000,61320.2485590000,46925.0109204120,46925.0109204120,1,SRM-USDT
2022-09-23 21:00:00,1663938000000,0.7650000000,0.7730000000,0.7490000000,0.7500000000,65328.0191610000,49944.7421980230,49944.7421980230,1,SRM-USDT
2022-09-23 22:00:00,1663941600000,0.7510000000,0.7580000000,0.7460000000,0.7540000000,69866.7237850000,52463.9442670940,52463.9442670940,1,SRM-USDT
2022-09-23 23:00:00,1663945200000,0.7550000000,0.7610000000,0.7510000000,0.7550000000,54438.4936600000,41084.5263309100,41084.5263309100,1,SRM-USDT
2022-09-24 00:00:00,1663948800000,0.7540000000,0.7560000000,0.7450000000,0.7540000000,47385.9394650000,35522.7574416620,35522.7574416620,1,SRM-USDT
2022-09-24 01:00:00,1663952400000,0.7520000000,0.7570000000,0.7490000000,0.7570000000,27985.0032470000,21084.4673815450,21084.4673815450,1,SRM-USDT
2022-09-24 02:00:00,1663956000000,0.7580000000,0.7610000000,0.7480000000,0.7510000000,60104.4135790000,45267.6232369280,45267.6232369280,1,SRM-USDT
2022-09-24 03:00:00,1663959600000,0.7500000000,0.7620000000,0.7490000000,0.7620000000,41997.8767400000,31722.0886095910,31722.0886095910,1,SRM-USDT
2022-09-24 04:00:00,1663963200000,0.7590000000,0.7770000000,0.7590000000,0.7690000000,52824.7108440000,40611.1993886140,40611.1993886140,1,SRM-USDT
2022-09-24 05:00:00,1663966800000,0.7700000000,0.7780000000,0.7690000000,0.7780000000,16738.5282500000,12926.5960070980,12926.5960070980,1,SRM-USDT
2022-09-24 06:00:00,1663970400000,0.7780000000,0.7840000000,0.7770000000,0.7840000000,22286.7452290000,17404.7088114030,17404.7088114030,1,SRM-USDT
2022-09-24 07:00:00,1663974000000,0.7820000000,0.7880000000,0.7810000000,0.7840000000,38118.5989330000,29885.0626964280,29885.0626964280,1,SRM-USDT
2022-09-24 08:00:00,1663977600000,0.7830000000,0.7870000000,0.7760000000,0.7790000000,34572.8472470000,26990.5076536160,26990.5076536160,1,SRM-USDT
2022-09-24 09:00:00,1663981200000,0.7770000000,0.7840000000,0.7770000000,0.7830000000,23757.3934360000,18552.6310738480,18552.6310738480,1,SRM-USDT
2022-09-24 10:00:00,1663984800000,0.7840000000,0.7870000000,0.7800000000,0.7830000000,12130.4957480000,9506.3368427020,9506.3368427020,1,SRM-USDT
2022-09-24 11:00:00,1663988400000,0.7820000000,0.7860000000,0.7760000000,0.7820000000,35497.2480150000,27698.3545502390,27698.3545502390,1,SRM-USDT
2022-09-24 12:00:00,1663992000000,0.7810000000,0.7840000000,0.7790000000,0.7840000000,22054.7632060000,17225.7894631530,17225.7894631530,1,SRM-USDT
2022-09-24 13:00:00,1663995600000,0.7840000000,0.7850000000,0.7800000000,0.7850000000,23945.8893030000,18720.3407082780,18720.3407082780,1,SRM-USDT
2022-09-24 14:00:00,1663999200000,0.7840000000,0.7850000000,0.7790000000,0.7820000000,9805.3290890000,7655.6302845660,7655.6302845660,1,SRM-USDT
2022-09-24 15:00:00,1664002800000,0.7810000000,0.7820000000,0.7740000000,0.7760000000,42732.4126770000,33134.0751600770,33134.0751600770,1,SRM-USDT
2022-09-24 16:00:00,1664006400000,0.7750000000,0.7790000000,0.7710000000,0.7790000000,38153.7472820000,29463.1193570170,29463.1193570170,1,SRM-USDT
2022-09-24 17:00:00,1664010000000,0.7790000000,0.7810000000,0.7750000000,0.7810000000,9330.9076940000,7256.8410946810,7256.8410946810,1,SRM-USDT
2022-09-24 18:00:00,1664013600000,0.7790000000,0.7820000000,0.7770000000,0.7820000000,7106.4713060000,5539.9423270010,5539.9423270010,1,SRM-USDT
2022-09-24 19:00:00,1664017200000,0.7800000000,0.7840000000,0.7790000000,0.7820000000,13265.3360590000,10359.4531535960,10359.4531535960,1,SRM-USDT
2022-09-24 20:00:00,1664020800000,0.7800000000,0.7830000000,0.7770000000,0.7810000000,34170.3096640000,26604.4392978260,26604.4392978260,1,SRM-USDT
2022-09-24 21:00:00,1664024400000,0.7820000000,0.7860000000,0.7790000000,0.7830000000,42417.9384300000,33211.3427032350,33211.3427032350,1,SRM-USDT
2022-09-24 22:00:00,1664028000000,0.7820000000,0.7850000000,0.7790000000,0.7820000000,43849.6655440000,34271.7041184580,34271.7041184580,1,SRM-USDT
2022-09-24 23:00:00,1664031600000,0.7810000000,0.7840000000,0.7770000000,0.7800000000,6704.6552750000,5224.4291709180,5224.4291709180,1,SRM-USDT
2022-09-25 00:00:00,1664035200000,0.7800000000,0.7830000000,0.7780000000,0.7780000000,21643.9339570000,16888.3652173090,16888.3652173090,1,SRM-USDT
2022-09-25 01:00:00,1664038800000,0.7770000000,0.7820000000,0.7750000000,0.7770000000,24146.4934820000,18795.3029322640,18795.3029322640,1,SRM-USDT
2022-09-25 02:00:00,1664042400000,0.7750000000,0.7790000000,0.7730000000,0.7790000000,22364.8970300000,17333.8683473730,17333.8683473730,1,SRM-USDT
2022-09-25 03:00:00,1664046000000,0.7770000000,0.7820000000,0.7760000000,0.7800000000,14067.9248060000,10957.5880069310,10957.5880069310,1,SRM-USDT
2022-09-25 04:00:00,1664049600000,0.7790000000,0.7810000000,0.7760000000,0.7790000000,10045.8299360000,7807.9333753640,7807.9333753640,1,SRM-USDT
2022-09-25 05:00:00,1664053200000,0.7780000000,0.7780000000,0.7670000000,0.7700000000,13965.5794240000,10795.1912160680,10795.1912160680,1,SRM-USDT
2022-09-25 06:00:00,1664056800000,0.7680000000,0.7690000000,0.7590000000,0.7630000000,53622.8722510000,40934.1434352110,40934.1434352110,1,SRM-USDT
2022-09-25 07:00:00,1664060400000,0.7620000000,0.7640000000,0.7580000000,0.7620000000,19085.4853230000,14524.3412401880,14524.3412401880,1,SRM-USDT
2022-09-25 08:00:00,1664064000000,0.7600000000,0.7670000000,0.7600000000,0.7660000000,35409.6925280000,27042.5771261610,27042.5771261610,1,SRM-USDT
2022-09-25 09:00:00,1664067600000,0.7650000000,0.7660000000,0.7630000000,0.7660000000,3319.5400450000,2538.6058405700,2538.6058405700,1,SRM-USDT
2022-09-25 10:00:00,1664071200000,0.7650000000,0.7670000000,0.7640000000,0.7660000000,2836.7580540000,2170.0707638790,2170.0707638790,1,SRM-USDT
2022-09-25 11:00:00,1664074800000,0.7650000000,0.7690000000,0.7630000000,0.7690000000,12252.6903700000,9374.5972047920,9374.5972047920,1,SRM-USDT
2022-09-25 12:00:00,1664078400000,0.7680000000,0.7700000000,0.7680000000,0.7690000000,301.4910090000,231.5463958320,231.5463958320,1,SRM-USDT
2022-09-25 13:00:00,1664082000000,0.7690000000,0.7700000000,0.7650000000,0.7700000000,11072.1190700000,8489.6875978210,8489.6875978210,1,SRM-USDT
2022-09-25 14:00:00,1664085600000,0.7690000000,0.7710000000,0.7680000000,0.7690000000,2156.0181410000,1657.0713282600,1657.0713282600,1,SRM-USDT
2022-09-25 15:00:00,1664089200000,0.7680000000,0.7730000000,0.7670000000,0.7730000000,3558.5002510000,2742.1123768930,2742.1123768930,1,SRM-USDT
2022-09-25 16:00:00,1664092800000,0.7720000000,0.7730000000,0.7710000000,0.7720000000,3432.2298310000,2646.3786997010,2646.3786997010,1,SRM-USDT
2022-09-25 17:00:00,1664096400000,0.7710000000,0.7720000000,0.7670000000,0.7690000000,2252.0296550000,1729.4379897890,1729.4379897890,1,SRM-USDT
2022-09-25 18:00:00,1664100000000,0.7680000000,0.7710000000,0.7660000000,0.7690000000,11567.5619680000,8887.6539272110,8887.6539272110,1,SRM-USDT
2022-09-25 19:00:00,1664103600000,0.7700000000,0.7720000000,0.7670000000,0.7720000000,3013.3660540000,2315.8472508350,2315.8472508350,1,SRM-USDT
2022-09-25 20:00:00,1664107200000,0.7700000000,0.7720000000,0.7670000000,0.7690000000,25312.6644490000,19441.7950781090,19441.7950781090,1,SRM-USDT
2022-09-25 21:00:00,1664110800000,0.7660000000,0.7680000000,0.7530000000,0.7580000000,45627.2300630000,34565.3270526500,34565.3270526500,1,SRM-USDT
2022-09-25 22:00:00,1664114400000,0.7570000000,0.7580000000,0.7500000000,0.7540000000,20821.8850920000,15689.8112079790,15689.8112079790,1,SRM-USDT
2022-09-25 23:00:00,1664118000000,0.7530000000,0.7570000000,0.7530000000,0.7550000000,15385.9704610000,11604.6468389290,11604.6468389290,1,SRM-USDT
2022-09-26 00:00:00,1664121600000,0.7540000000,0.7590000000,0.7520000000,0.7530000000,14470.4295520000,10940.0677348520,10940.0677348520,1,SRM-USDT
2022-09-26 01:00:00,1664125200000,0.7520000000,0.7530000000,0.7400000000,0.7520000000,94896.3091810000,70763.1643596500,70763.1643596500,1,SRM-USDT
2022-09-26 02:00:00,1664128800000,0.7510000000,0.7540000000,0.7480000000,0.7540000000,17521.3542540000,13144.8767446230,13144.8767446230,1,SRM-USDT
2022-09-26 03:00:00,1664132400000,0.7510000000,0.7540000000,0.7490000000,0.7510000000,21487.9169520000,16127.1741021130,16127.1741021130,1,SRM-USDT
2022-09-26 04:00:00,1664136000000,0.7500000000,0.7510000000,0.7460000000,0.7490000000,23147.0268020000,17343.0916100350,17343.0916100350,1,SRM-USDT
2022-09-26 05:00:00,1664139600000,0.7470000000,0.7490000000,0.7410000000,0.7410000000,29608.7851440000,21989.9836330800,21989.9836330800,1,SRM-USDT
2022-09-26 06:00:00,1664143200000,0.7420000000,0.7510000000,0.7350000000,0.7450000000,92007.2669660000,68468.5935848570,68468.5935848570,1,SRM-USDT
2022-09-26 07:00:00,1664146800000,0.7460000000,0.7500000000,0.7420000000,0.7460000000,35301.0583910000,26324.9884762230,26324.9884762230,1,SRM-USDT
2022-09-26 08:00:00,1664150400000,0.7450000000,0.7540000000,0.7420000000,0.7430000000,75063.1559290000,56133.0172407870,56133.0172407870,1,SRM-USDT
2022-09-26 09:00:00,1664154000000,0.7420000000,0.7500000000,0.7390000000,0.7500000000,31480.5265170000,23451.5423750290,23451.5423750290,1,SRM-USDT
2022-09-26 10:00:00,1664157600000,0.7480000000,0.7530000000,0.7460000000,0.7470000000,12279.7556070000,9200.3153677690,9200.3153677690,1,SRM-USDT
2022-09-26 11:00:00,1664161200000,0.7460000000,0.7510000000,0.7440000000,0.7480000000,22425.3306960000,16791.4512990040,16791.4512990040,1,SRM-USDT
2022-09-26 12:00:00,1664164800000,0.7470000000,0.7510000000,0.7450000000,0.7460000000,17197.4004210000,12852.6840721430,12852.6840721430,1,SRM-USDT
2022-09-26 13:00:00,1664168400000,0.7440000000,0.7460000000,0.7370000000,0.7400000000,42278.3044920000,31335.9024437350,31335.9024437350,1,SRM-USDT
2022-09-26 14:00:00,1664172000000,0.7380000000,0.7410000000,0.7310000000,0.7330000000,37099.4776600000,27274.3217006770,27274.3217006770,1,SRM-USDT
2022-09-26 15:00:00,1664175600000,0.7340000000,0.7510000000,0.7310000000,0.7490000000,81845.2503230000,60776.6727856020,60776.6727856020,1,SRM-USDT
2022-09-26 16:00:00,1664179200000,0.7480000000,0.7650000000,0.7460000000,0.7650000000,40455.7529170000,30525.5477735170,30525.5477735170,1,SRM-USDT
2022-09-26 17:00:00,1664182800000,0.7640000000,0.7650000000,0.7510000000,0.7520000000,27536.1695570000,20815.4612304360,20815.4612304360,1,SRM-USDT
2022-09-26 18:00:00,1664186400000,0.7530000000,0.7580000000,0.7510000000,0.7550000000,20798.0752970000,15682.8194090670,15682.8194090670,1,SRM-USDT
2022-09-26 19:00:00,1664190000000,0.7530000000,0.7570000000,0.7430000000,0.7490000000,33801.4595200000,25251.7260527970,25251.7260527970,1,SRM-USDT
2022-09-26 20:00:00,1664193600000,0.7480000000,0.7600000000,0.7470000000,0.7570000000,27109.0664280000,20448.4830317710,20448.4830317710,1,SRM-USDT
2022-09-26 21:00:00,1664197200000,0.7580000000,0.7650000000,0.7550000000,0.7630000000,42750.1339730000,32517.1156928070,32517.1156928070,1,SRM-USDT
2022-09-26 22:00:00,1664200800000,0.7620000000,0.7640000000,0.7560000000,0.7590000000,48080.3275080000,36567.2531648890,36567.2531648890,1,SRM-USDT
2022-09-26 23:00:00,1664204400000,0.7580000000,0.7620000000,0.7540000000,0.7620000000,20012.6072710000,15158.5404535440,15158.5404535440,1,SRM-USDT
2022-09-27 00:00:00,1664208000000,0.7610000000,0.7610000000,0.7500000000,0.7570000000,71293.5382760000,53817.4590969020,53817.4590969020,1,SRM-USDT
2022-09-27 01:00:00,1664211600000,0.7560000000,0.7590000000,0.7530000000,0.7590000000,26695.4426370000,20198.2146995640,20198.2146995640,1,SRM-USDT
2022-09-27 02:00:00,1664215200000,0.7580000000,0.7630000000,0.7570000000,0.7610000000,22047.5207100000,16754.9883592090,16754.9883592090,1,SRM-USDT
2022-09-27 03:00:00,1664218800000,0.7610000000,0.7680000000,0.7610000000,0.7650000000,40646.2591610000,31076.9078783040,31076.9078783040,1,SRM-USDT
2022-09-27 04:00:00,1664222400000,0.7650000000,0.7650000000,0.7580000000,0.7600000000,24364.0054690000,18515.2420027920,18515.2420027920,1,SRM-USDT
2022-09-27 05:00:00,1664226000000,0.7590000000,0.7610000000,0.7580000000,0.7590000000,2629.4516130000,1995.5711476960,1995.5711476960,1,SRM-USDT
2022-09-27 06:00:00,1664229600000,0.7600000000,0.7660000000,0.7580000000,0.7610000000,19683.3414900000,15004.2392251790,15004.2392251790,1,SRM-USDT
2022-09-27 07:00:00,1664233200000,0.7600000000,0.7680000000,0.7590000000,0.7660000000,9578.8187770000,7317.9787802700,7317.9787802700,1,SRM-USDT
2022-09-27 08:00:00,1664236800000,0.7660000000,0.7740000000,0.7640000000,0.7730000000,23013.7863080000,17712.3099689610,17712.3099689610,1,SRM-USDT
2022-09-27 09:00:00,1664240400000,0.7710000000,0.7820000000,0.7710000000,0.7770000000,36058.4978220000,27966.6419709610,27966.6419709610,1,SRM-USDT
2022-09-27 10:00:00,1664244000000,0.7780000000,0.7810000000,0.7760000000,0.7810000000,90223.3516180000,70243.1972856220,70243.1972856220,1,SRM-USDT
2022-09-27 11:00:00,1664247600000,0.7800000000,0.7870000000,0.7790000000,0.7850000000,37454.2281830000,29341.6427759670,29341.6427759670,1,SRM-USDT
2022-09-27 12:00:00,1664251200000,0.7840000000,0.7900000000,0.7830000000,0.7850000000,48222.5317220000,37878.8556713840,37878.8556713840,1,SRM-USDT
2022-09-27 13:00:00,1664254800000,0.7850000000,0.7950000000,0.7850000000,0.7950000000,38094.1534750000,30138.0298342760,30138.0298342760,1,SRM-USDT
2022-09-27 14:00:00,1664258400000,0.7940000000,0.8030000000,0.7940000000,0.8000000000,19068.7759660000,15251.8324538620,15251.8324538620,1,SRM-USDT
2022-09-27 15:00:00,1664262000000,0.8010000000,0.8020000000,0.7960000000,0.7970000000,20659.2723200000,16487.5022379500,16487.5022379500,1,SRM-USDT
2022-09-27 16:00:00,1664265600000,0.7950000000,0.7980000000,0.7900000000,0.7910000000,28318.8598980000,22520.6898430690,22520.6898430690,1,SRM-USDT
2022-09-27 17:00:00,1664269200000,0.7900000000,0.7920000000,0.7870000000,0.7900000000,31301.7809070000,24715.7212507180,24715.7212507180,1,SRM-USDT
2022-09-27 18:00:00,1664272800000,0.7900000000,0.7930000000,0.7890000000,0.7930000000,8437.1112640000,6670.7335441050,6670.7335441050,1,SRM-USDT
2022-09-27 19:00:00,1664276400000,0.7910000000,0.7930000000,0.7840000000,0.7890000000,49487.3112640000,39102.2781277200,39102.2781277200,1,SRM-USDT
2022-09-27 20:00:00,1664280000000,0.7870000000,0.7910000000,0.7850000000,0.7860000000,46679.4531220000,36775.9250118000,36775.9250118000,1,SRM-USDT
2022-09-27 21:00:00,1664283600000,0.7840000000,0.7920000000,0.7810000000,0.7870000000,40701.2332000000,31960.2140578590,31960.2140578590,1,SRM-USDT
2022-09-27 22:00:00,1664287200000,0.7860000000,0.7870000000,0.7800000000,0.7840000000,70706.9282110000,55368.5383361810,55368.5383361810,1,SRM-USDT
2022-09-27 23:00:00,1664290800000,0.7820000000,0.7850000000,0.7760000000,0.7780000000,39824.3607990000,31030.5960503070,31030.5960503070,1,SRM-USDT
2022-09-28 00:00:00,1664294400000,0.7770000000,0.7820000000,0.7550000000,0.7610000000,153338.3631070000,117785.4975571400,117785.4975571400,1,SRM-USDT
2022-09-28 01:00:00,1664298000000,0.7600000000,0.7600000000,0.7510000000,0.7540000000,74212.3237910000,56125.4349241080,56125.4349241080,1,SRM-USDT
2022-09-28 02:00:00,1664301600000,0.7530000000,0.7570000000,0.7440000000,0.7560000000,56811.5541100000,42526.4437966690,42526.4437966690,1,SRM-USDT
2022-09-28 03:00:00,1664305200000,0.7560000000,0.7570000000,0.7470000000,0.7540000000,60882.9151640000,45796.1507784910,45796.1507784910,1,SRM-USDT
2022-09-28 04:00:00,1664308800000,0.7530000000,0.7530000000,0.7460000000,0.7510000000,32186.9910150000,24106.2477385140,24106.2477385140,1,SRM-USDT
2022-09-28 05:00:00,1664312400000,0.7520000000,0.7520000000,0.7500000000,0.7510000000,7665.7182410000,5749.4787709200,5749.4787709200,1,SRM-USDT
2022-09-28 06:00:00,1664316000000,0.7520000000,0.7570000000,0.7480000000,0.7570000000,17416.4499320000,13074.9068414220,13074.9068414220,1,SRM-USDT
2022-09-28 07:00:00,1664319600000,0.7560000000,0.7600000000,0.7550000000,0.7560000000,15583.3135320000,11786.0883872530,11786.0883872530,1,SRM-USDT
2022-09-28 08:00:00,1664323200000,0.7560000000,0.7610000000,0.7560000000,0.7570000000,15841.5865270000,11997.2086584390,11997.2086584390,1,SRM-USDT
2022-09-28 09:00:00,1664326800000,0.7550000000,0.7590000000,0.7410000000,0.7420000000,57275.7698250000,42745.4480064370,42745.4480064370,1,SRM-USDT
2022-09-28 10:00:00,1664330400000,0.7430000000,0.7440000000,0.7280000000,0.7370000000,126818.6069070000,93273.4901423470,93273.4901423470,1,SRM-USDT
2022-09-28 11:00:00,1664334000000,0.7360000000,0.7400000000,0.7360000000,0.7390000000,38560.8754490000,28467.3152119950,28467.3152119950,1,SRM-USDT
2022-09-28 12:00:00,1664337600000,0.7370000000,0.7390000000,0.7340000000,0.7350000000,28169.9383370000,20743.1580624600,20743.1580624600,1,SRM-USDT
2022-09-28 13:00:00,1664341200000,0.7340000000,0.7400000000,0.7330000000,0.7390000000,15807.7789360000,11620.7008316120,11620.7008316120,1,SRM-USDT
2022-09-28 14:00:00,1664344800000,0.7390000000,0.7440000000,0.7370000000,0.7380000000,36065.9111460000,26679.8419383840,26679.8419383840,1,SRM-USDT
2022-09-28 15:00:00,1664348400000,0.7370000000,0.7410000000,0.7320000000,0.7410000000,53088.3436110000,39066.1767752290,39066.1767752290,1,SRM-USDT
2022-09-28 16:00:00,1664352000000,0.7390000000,0.7400000000,0.7370000000,0.7380000000,10467.2301310000,7740.2226194460,7740.2226194460,1,SRM-USDT
2022-09-28 17:00:00,1664355600000,0.7380000000,0.7390000000,0.7330000000,0.7350000000,14962.0380310000,11016.4487538830,11016.4487538830,1,SRM-USDT
2022-09-28 18:00:00,1664359200000,0.7340000000,0.7490000000,0.7320000000,0.7450000000,76468.5626260000,56780.5550221100,56780.5550221100,1,SRM-USDT
2022-09-28 19:00:00,1664362800000,0.7450000000,0.7470000000,0.7410000000,0.7450000000,8033.3751650000,5973.9371872780,5973.9371872780,1,SRM-USDT
2022-09-28 20:00:00,1664366400000,0.7450000000,0.7500000000,0.7430000000,0.7460000000,10420.2822780000,7776.5764444260,7776.5764444260,1,SRM-USDT
2022-09-28 21:00:00,1664370000000,0.7470000000,0.7510000000,0.7430000000,0.7490000000,24972.9064950000,18663.6604224600,18663.6604224600,1,SRM-USDT
2022-09-28 22:00:00,1664373600000,0.7490000000,0.7590000000,0.7460000000,0.7560000000,16164.2052090000,12159.8673254250,12159.8673254250,1,SRM-USDT
2022-09-28 23:00:00,1664377200000,0.7550000000,0.7580000000,0.7500000000,0.7540000000,15007.2432120000,11310.2900248140,11310.2900248140,1,SRM-USDT
2022-09-29 00:00:00,1664380800000,0.7540000000,0.7570000000,0.7520000000,0.7540000000,15004.3919180000,11303.6586158760,11303.6586158760,1,SRM-USDT
2022-09-29 01:00:00,1664384400000,0.7530000000,0.7590000000,0.7510000000,0.7550000000,20078.9070950000,15167.2668877700,15167.2668877700,1,SRM-USDT
2022-09-29 02:00:00,1664388000000,0.7540000000,0.7620000000,0.7540000000,0.7610000000,10769.0518920000,8162.3574560430,8162.3574560430,1,SRM-USDT
2022-09-29 03:00:00,1664391600000,0.7600000000,0.7660000000,0.7580000000,0.7630000000,8818.8187840000,6712.8084702890,6712.8084702890,1,SRM-USDT
2022-09-29 04:00:00,1664395200000,0.7620000000,0.7710000000,0.7610000000,0.7690000000,37414.0333150000,28726.9317005160,28726.9317005160,1,SRM-USDT
2022-09-29 05:00:00,1664398800000,0.7690000000,0.7700000000,0.7610000000,0.7620000000,12098.6478790000,9256.2845269800,9256.2845269800,1,SRM-USDT
2022-09-29 06:00:00,1664402400000,0.7630000000,0.7660000000,0.7580000000,0.7610000000,7212.3770880000,5493.1777100370,5493.1777100370,1,SRM-USDT
2022-09-29 07:00:00,1664406000000,0.7610000000,0.7650000000,0.7600000000,0.7610000000,4507.9129400000,3435.4775120060,3435.4775120060,1,SRM-USDT
2022-09-29 08:00:00,1664409600000,0.7610000000,0.7650000000,0.7560000000,0.7580000000,25659.3299640000,19534.1605418090,19534.1605418090,1,SRM-USDT
2022-09-29 09:00:00,1664413200000,0.7570000000,0.7630000000,0.7540000000,0.7610000000,34196.0492260000,25943.2494746940,25943.2494746940,1,SRM-USDT
2022-09-29 10:00:00,1664416800000,0.7610000000,0.7620000000,0.7520000000,0.7560000000,17802.7511850000,13441.5897044260,13441.5897044260,1,SRM-USDT
2022-09-29 11:00:00,1664420400000,0.7550000000,0.7610000000,0.7540000000,0.7600000000,14669.5183090000,11114.4445257610,11114.4445257610,1,SRM-USDT
2022-09-29 12:00:00,1664424000000,0.7600000000,0.7630000000,0.7590000000,0.7610000000,9188.9087300000,6986.2778774870,6986.2778774870,1,SRM-USDT
2022-09-29 13:00:00,1664427600000,0.7610000000,0.7640000000,0.7560000000,0.7570000000,9040.6140050000,6869.1630987680,6869.1630987680,1,SRM-USDT
2022-09-29 14:00:00,1664431200000,0.7560000000,0.7570000000,0.7530000000,0.7560000000,23658.7017780000,17853.3639602730,17853.3639602730,1,SRM-USDT
2022-09-29 15:00:00,1664434800000,0.7560000000,0.7570000000,0.7500000000,0.7540000000,17592.3808230000,13240.1533123330,13240.1533123330,1,SRM-USDT
2022-09-29 16:00:00,1664438400000,0.7530000000,0.7570000000,0.7520000000,0.7560000000,16579.7883010000,12501.5564593890,12501.5564593890,1,SRM-USDT
2022-09-29 17:00:00,1664442000000,0.7560000000,0.7640000000,0.7550000000,0.7630000000,17292.4987310000,13139.8714575430,13139.8714575430,1,SRM-USDT
2022-09-29 18:00:00,1664445600000,0.7620000000,0.7660000000,0.7610000000,0.7640000000,16827.8123870000,12853.6015611690,12853.6015611690,1,SRM-USDT
2022-09-29 19:00:00,1664449200000,0.7640000000,0.7700000000,0.7620000000,0.7670000000,18838.5837570000,14439.5183702670,14439.5183702670,1,SRM-USDT
2022-09-29 20:00:00,1664452800000,0.7660000000,0.7660000000,0.7540000000,0.7560000000,33154.5852770000,25128.3624506440,25128.3624506440,1,SRM-USDT
2022-09-29 21:00:00,1664456400000,0.7570000000,0.7620000000,0.7480000000,0.7520000000,24443.9144990000,18414.2729655190,18414.2729655190,1,SRM-USDT
2022-09-29 22:00:00,1664460000000,0.7520000000,0.7630000000,0.7480000000,0.7630000000,16781.5711890000,12641.7112567950,12641.7112567950,1,SRM-USDT
2022-09-29 23:00:00,1664463600000,0.7620000000,0.7640000000,0.7590000000,0.7640000000,19375.7412020000,14748.9653422780,14748.9653422780,1,SRM-USDT
2022-09-30 00:00:00,1664467200000,0.7640000000,0.7700000000,0.7580000000,0.7660000000,23616.8049080000,18022.5337587830,18022.5337587830,1,SRM-USDT
2022-09-30 01:00:00,1664470800000,0.7650000000,0.7670000000,0.7610000000,0.7610000000,8983.1463430000,6869.4903900520,6869.4903900520,1,SRM-USDT
2022-09-30 02:00:00,1664474400000,0.7610000000,0.7710000000,0.7610000000,0.7670000000,15352.3538720000,11742.5121473560,11742.5121473560,1,SRM-USDT
2022-09-30 03:00:00,1664478000000,0.7680000000,0.7760000000,0.7670000000,0.7740000000,21957.4694290000,16971.7284277260,16971.7284277260,1,SRM-USDT
2022-09-30 04:00:00,1664481600000,0.7750000000,0.7790000000,0.7740000000,0.7780000000,15679.8987910000,12171.8087214720,12171.8087214720,1,SRM-USDT
2022-09-30 05:00:00,1664485200000,0.7790000000,0.7800000000,0.7690000000,0.7700000000,12614.2795360000,9761.4155372420,9761.4155372420,1,SRM-USDT
2022-09-30 06:00:00,1664488800000,0.7710000000,0.7770000000,0.7710000000,0.7720000000,7906.5211970000,6115.4857488800,6115.4857488800,1,SRM-USDT
2022-09-30 07:00:00,1664492400000,0.7710000000,0.7780000000,0.7710000000,0.7770000000,9418.7780000000,7294.7854658770,7294.7854658770,1,SRM-USDT
2022-09-30 08:00:00,1664496000000,0.7770000000,0.7780000000,0.7680000000,0.7740000000,44700.8306450000,34541.3101447020,34541.3101447020,1,SRM-USDT
2022-09-30 09:00:00,1664499600000,0.7740000000,0.7750000000,0.7690000000,0.7740000000,10887.1137410000,8407.2778710290,8407.2778710290,1,SRM-USDT
2022-09-30 10:00:00,1664503200000,0.7730000000,0.7760000000,0.7690000000,0.7730000000,15292.1759740000,11805.8780153580,11805.8780153580,1,SRM-USDT
2022-09-30 11:00:00,1664506800000,0.7710000000,0.7740000000,0.7670000000,0.7710000000,23116.3614650000,17815.7274271190,17815.7274271190,1,SRM-USDT
2022-09-30 12:00:00,1664510400000,0.7710000000,0.7750000000,0.7700000000,0.7740000000,9225.2570740000,7121.6722698800,7121.6722698800,1,SRM-USDT
2022-09-30 13:00:00,1664514000000,0.7730000000,0.7760000000,0.7730000000,0.7740000000,12798.5644760000,9904.2817295450,9904.2817295450,1,SRM-USDT
2022-09-30 14:00:00,1664517600000,0.7730000000,0.7760000000,0.7730000000,0.7750000000,11727.6610840000,9083.4795414720,9083.4795414720,1,SRM-USDT
2022-09-30 15:00:00,1664521200000,0.7750000000,0.7800000000,0.7750000000,0.7770000000,15738.5273510000,12230.7098965720,12230.7098965720,1,SRM-USDT
2022-09-30 16:00:00,1664524800000,0.7760000000,0.7790000000,0.7760000000,0.7790000000,7157.3973590000,5561.0352943530,5561.0352943530,1,SRM-USDT
2022-09-30 17:00:00,1664528400000,0.7780000000,0.7800000000,0.7740000000,0.7760000000,10939.7739130000,8490.8731802840,8490.8731802840,1,SRM-USDT
2022-09-30 18:00:00,1664532000000,0.7750000000,0.7770000000,0.7690000000,0.7710000000,14504.6059140000,11206.9128811300,11206.9128811300,1,SRM-USDT
2022-09-30 19:00:00,1664535600000,0.7700000000,0.7720000000,0.7640000000,0.7650000000,15175.8869570000,11645.2075192840,11645.2075192840,1,SRM-USDT
2022-09-30 20:00:00,1664539200000,0.7650000000,0.7720000000,0.7600000000,0.7670000000,48671.3372490000,37223.0813890370,37223.0813890370,1,SRM-USDT
2022-09-30 21:00:00,1664542800000,0.7660000000,0.7710000000,0.7620000000,0.7700000000,20836.6142170000,15962.1152433970,15962.1152433970,1,SRM-USDT
2022-09-30 22:00:00,1664546400000,0.7690000000,0.7820000000,0.7680000000,0.7820000000,39936.6976840000,30938.1218373390,30938.1218373390,1,SRM-USDT
2022-09-30 23:00:00,1664550000000,0.7830000000,0.7860000000,0.7740000000,0.7750000000,25940.3559420000,20271.3774106950,20271.3774106950,1,SRM-USDT
2022-10-01 00:00:00,1664553600000,0.7740000000,0.7770000000,0.7650000000,0.7750000000,32525.4719480000,25070.1444309430,25070.1444309430,1,SRM-USDT
2022-10-01 01:00:00,1664557200000,0.7740000000,0.7760000000,0.7670000000,0.7690000000,11324.0828670000,8735.9891211830,8735.9891211830,1,SRM-USDT
2022-10-01 02:00:00,1664560800000,0.7680000000,0.7750000000,0.7680000000,0.7700000000,18506.9459570000,14284.0121962840,14284.0121962840,1,SRM-USDT
2022-10-01 03:00:00,1664564400000,0.7710000000,0.7750000000,0.7640000000,0.7650000000,26421.9650290000,20347.8144848210,20347.8144848210,1,SRM-USDT
2022-10-01 04:00:00,1664568000000,0.7640000000,0.7680000000,0.7600000000,0.7620000000,10538.8815070000,8051.1069185130,8051.1069185130,1,SRM-USDT
2022-10-01 05:00:00,1664571600000,0.7610000000,0.7630000000,0.7590000000,0.7610000000,13591.1735900000,10346.9212065590,10346.9212065590,1,SRM-USDT
2022-10-01 06:00:00,1664575200000,0.7600000000,0.7610000000,0.7550000000,0.7580000000,36786.3712010000,27848.8741586760,27848.8741586760,1,SRM-USDT
2022-10-01 07:00:00,1664578800000,0.7570000000,0.7670000000,0.7570000000,0.7660000000,22056.4917120000,16832.3610198130,16832.3610198130,1,SRM-USDT
2022-10-01 08:00:00,1664582400000,0.7650000000,0.7700000000,0.7650000000,0.7700000000,13415.6922540000,10289.7231875940,10289.7231875940,1,SRM-USDT
2022-10-01 09:00:00,1664586000000,0.7690000000,0.7770000000,0.7680000000,0.7760000000,22226.5093120000,17171.4504591390,17171.4504591390,1,SRM-USDT
2022-10-01 10:00:00,1664589600000,0.7750000000,0.7790000000,0.7750000000,0.7780000000,12153.1125570000,9439.8686341810,9439.8686341810,1,SRM-USDT
2022-10-01 11:00:00,1664593200000,0.7770000000,0.7780000000,0.7750000000,0.7760000000,9280.8784390000,7205.8667511220,7205.8667511220,1,SRM-USDT
2022-10-01 12:00:00,1664596800000,0.7750000000,0.7770000000,0.7740000000,0.7750000000,12422.5140750000,9625.8035113990,9625.8035113990,1,SRM-USDT
2022-10-01 13:00:00,1664600400000,0.7750000000,0.7750000000,0.7700000000,0.7740000000,7193.5729940000,5559.8051418720,5559.8051418720,1,SRM-USDT
2022-10-01 14:00:00,1664604000000,0.7730000000,0.7750000000,0.7710000000,0.7720000000,3451.8176260000,2666.9470532310,2666.9470532310,1,SRM-USDT
2022-10-01 15:00:00,1664607600000,0.7710000000,0.7740000000,0.7710000000,0.7730000000,8336.3364610000,6439.2757644980,6439.2757644980,1,SRM-USDT
2022-10-01 16:00:00,1664611200000,0.7720000000,0.7760000000,0.7720000000,0.7750000000,11479.4211290000,8876.3527129150,8876.3527129150,1,SRM-USDT
2022-10-01 17:00:00,1664614800000,0.7750000000,0.7770000000,0.7740000000,0.7760000000,9798.8140140000,7595.9492365810,7595.9492365810,1,SRM-USDT
2022-10-01 18:00:00,1664618400000,0.7770000000,0.7810000000,0.7740000000,0.7790000000,12734.7466100000,9893.8172358970,9893.8172358970,1,SRM-USDT
2022-10-01 19:00:00,1664622000000,0.7780000000,0.7790000000,0.7720000000,0.7760000000,18810.8344030000,14575.4537035430,14575.4537035430,1,SRM-USDT
2022-10-01 20:00:00,1664625600000,0.7750000000,0.7760000000,0.7710000000,0.7720000000,7787.7102500000,6025.1619217800,6025.1619217800,1,SRM-USDT
2022-10-01 21:00:00,1664629200000,0.7710000000,0.7750000000,0.7710000000,0.7740000000,9401.4123670000,7268.5633815370,7268.5633815370,1,SRM-USDT
2022-10-01 22:00:00,1664632800000,0.7730000000,0.7740000000,0.7710000000,0.7720000000,5927.9791670000,4575.7550741820,4575.7550741820,1,SRM-USDT
2022-10-01 23:00:00,1664636400000,0.7710000000,0.7720000000,0.7700000000,0.7710000000,6244.4268100000,4814.4259930180,4814.4259930180,1,SRM-USDT
2022-10-02 00:00:00,1664640000000,0.7700000000,0.7710000000,0.7610000000,0.7630000000,17587.2118100000,13440.6597618270,13440.6597618270,1,SRM-USDT
2022-10-02 01:00:00,1664643600000,0.7620000000,0.7640000000,0.7580000000,0.7590000000,14512.5359410000,11024.2180594390,11024.2180594390,1,SRM-USDT
2022-10-02 02:00:00,1664647200000,0.7570000000,0.7610000000,0.7570000000,0.7610000000,10213.3518790000,7749.2184715280,7749.2184715280,1,SRM-USDT
2022-10-02 03:00:00,1664650800000,0.7600000000,0.7620000000,0.7590000000,0.7620000000,6200.1302200000,4713.8332354030,4713.8332354030,1,SRM-USDT
2022-10-02 04:00:00,1664654400000,0.7590000000,0.7600000000,0.7560000000,0.7590000000,11770.5464580000,8920.7032829260,8920.7032829260,1,SRM-USDT
2022-10-02 05:00:00,1664658000000,0.7580000000,0.7610000000,0.7580000000,0.7610000000,2251.9992420000,1708.1617774300,1708.1617774300,1,SRM-USDT
2022-10-02 06:00:00,1664661600000,0.7620000000,0.7620000000,0.7580000000,0.7600000000,6172.0711800000,4686.9863930960,4686.9863930960,1,SRM-USDT
2022-10-02 07:00:00,1664665200000,0.7610000000,0.7620000000,0.7600000000,0.7610000000,7855.7998830000,5976.6968830650,5976.6968830650,1,SRM-USDT
2022-10-02 08:00:00,1664668800000,0.7600000000,0.7650000000,0.7590000000,0.7600000000,13334.3454980000,10149.7095964290,10149.7095964290,1,SRM-USDT
2022-10-02 09:00:00,1664672400000,0.7600000000,0.7620000000,0.7590000000,0.7620000000,1614.4590140000,1226.8015350510,1226.8015350510,1,SRM-USDT
2022-10-02 10:00:00,1664676000000,0.7620000000,0.7640000000,0.7620000000,0.7640000000,2039.0311150000,1555.7568920680,1555.7568920680,1,SRM-USDT
2022-10-02 11:00:00,1664679600000,0.7650000000,0.7670000000,0.7630000000,0.7660000000,33584.0284820000,25689.6774023500,25689.6774023500,1,SRM-USDT
2022-10-02 12:00:00,1664683200000,0.7650000000,0.7690000000,0.7650000000,0.7690000000,526.6063180000,403.8251761250,403.8251761250,1,SRM-USDT
2022-10-02 13:00:00,1664686800000,0.7680000000,0.7710000000,0.7680000000,0.7690000000,4927.7325200000,3792.9490059750,3792.9490059750,1,SRM-USDT
2022-10-02 14:00:00,1664690400000,0.7680000000,0.7700000000,0.7680000000,0.7690000000,6568.3029230000,5048.9164482040,5048.9164482040,1,SRM-USDT
2022-10-02 15:00:00,1664694000000,0.7670000000,0.7680000000,0.7650000000,0.7660000000,6229.8738920000,4770.1339316440,4770.1339316440,1,SRM-USDT
2022-10-02 16:00:00,1664697600000,0.7650000000,0.7670000000,0.7640000000,0.7650000000,3320.0254720000,2538.4785639430,2538.4785639430,1,SRM-USDT
2022-10-02 17:00:00,1664701200000,0.7640000000,0.7640000000,0.7630000000,0.7640000000,673.8711430000,514.6991732310,514.6991732310,1,SRM-USDT
2022-10-02 18:00:00,1664704800000,0.7620000000,0.7630000000,0.7450000000,0.7470000000,52353.0005620000,39191.3240208610,39191.3240208610,1,SRM-USDT
2022-10-02 19:00:00,1664708400000,0.7470000000,0.7520000000,0.7460000000,0.7510000000,4737.8419070000,3546.2718471690,3546.2718471690,1,SRM-USDT
2022-10-02 20:00:00,1664712000000,0.7500000000,0.7520000000,0.7480000000,0.7490000000,8991.2902180000,6750.0678384890,6750.0678384890,1,SRM-USDT
2022-10-02 21:00:00,1664715600000,0.7500000000,0.7520000000,0.7490000000,0.7510000000,4482.9845520000,3358.3057114550,3358.3057114550,1,SRM-USDT
2022-10-02 22:00:00,1664719200000,0.7500000000,0.7510000000,0.7450000000,0.7450000000,16613.7700960000,12422.1880344250,12422.1880344250,1,SRM-USDT
2022-10-02 23:00:00,1664722800000,0.7450000000,0.7480000000,0.7450000000,0.7480000000,6535.2268040000,4881.2811020030,4881.2811020030,1,SRM-USDT
2022-10-03 00:00:00,1664726400000,0.7480000000,0.7520000000,0.7480000000,0.7520000000,6656.4464620000,4992.2575767450,4992.2575767450,1,SRM-USDT
2022-10-03 01:00:00,1664730000000,0.7500000000,0.7530000000,0.7500000000,0.7530000000,5833.5046780000,4378.3744889720,4378.3744889720,1,SRM-USDT
2022-10-03 02:00:00,1664733600000,0.7520000000,0.7530000000,0.7510000000,0.7530000000,3176.8699760000,2387.7325644810,2387.7325644810,1,SRM-USDT
2022-10-03 03:00:00,1664737200000,0.7530000000,0.7600000000,0.7530000000,0.7560000000,20402.4348100000,15423.5008395370,15423.5008395370,1,SRM-USDT
2022-10-03 04:00:00,1664740800000,0.7560000000,0.7560000000,0.7530000000,0.7550000000,16743.3576620000,12632.8613269110,12632.8613269110,1,SRM-USDT
2022-10-03 05:00:00,1664744400000,0.7530000000,0.7550000000,0.7490000000,0.7520000000,10060.8406510000,7548.0538631570,7548.0538631570,1,SRM-USDT
2022-10-03 06:00:00,1664748000000,0.7500000000,0.7550000000,0.7470000000,0.7480000000,26274.6956760000,19726.8807618860,19726.8807618860,1,SRM-USDT
2022-10-03 07:00:00,1664751600000,0.7490000000,0.7490000000,0.7350000000,0.7410000000,46140.5698790000,34116.3100369670,34116.3100369670,1,SRM-USDT
2022-10-03 08:00:00,1664755200000,0.7400000000,0.7450000000,0.7320000000,0.7450000000,24544.9307960000,18096.7777202990,18096.7777202990,1,SRM-USDT
2022-10-03 09:00:00,1664758800000,0.7450000000,0.7500000000,0.7450000000,0.7490000000,9061.4989200000,6775.7568389850,6775.7568389850,1,SRM-USDT
2022-10-03 10:00:00,1664762400000,0.7500000000,0.7510000000,0.7470000000,0.7480000000,40725.5257790000,30478.8359572400,30478.8359572400,1,SRM-USDT
2022-10-03 11:00:00,1664766000000,0.7460000000,0.7500000000,0.7460000000,0.7480000000,6767.6438300000,5062.8861999210,5062.8861999210,1,SRM-USDT
2022-10-03 12:00:00,1664769600000,0.7460000000,0.7480000000,0.7410000000,0.7410000000,6635.9531520000,4928.8761366420,4928.8761366420,1,SRM-USDT
2022-10-03 13:00:00,1664773200000,0.7400000000,0.7470000000,0.7380000000,0.7460000000,3716.5097310000,2753.6807243690,2753.6807243690,1,SRM-USDT
2022-10-03 14:00:00,1664776800000,0.7460000000,0.7490000000,0.7420000000,0.7440000000,46222.4515340000,34481.4211923720,34481.4211923720,1,SRM-USDT
2022-10-03 15:00:00,1664780400000,0.7430000000,0.7470000000,0.7410000000,0.7440000000,25020.7992900000,18602.6331345070,18602.6331345070,1,SRM-USDT
2022-10-03 16:00:00,1664784000000,0.7420000000,0.7430000000,0.7400000000,0.7430000000,10935.4994170000,8111.3259099200,8111.3259099200,1,SRM-USDT
2022-10-03 17:00:00,1664787600000,0.7420000000,0.7450000000,0.7400000000,0.7450000000,18269.6979150000,13545.8650818150,13545.8650818150,1,SRM-USDT
2022-10-03 18:00:00,1664791200000,0.7440000000,0.7500000000,0.7430000000,0.7500000000,5445.8812480000,4056.5226889510,4056.5226889510,1,SRM-USDT
2022-10-03 19:00:00,1664794800000,0.7490000000,0.7550000000,0.7480000000,0.7550000000,20812.6592950000,15623.1124442790,15623.1124442790,1,SRM-USDT
2022-10-03 20:00:00,1664798400000,0.7540000000,0.7600000000,0.7510000000,0.7590000000,98612.3052340000,74592.2275703140,74592.2275703140,1,SRM-USDT
2022-10-03 21:00:00,1664802000000,0.7600000000,0.7630000000,0.7540000000,0.7560000000,56233.5824420000,42732.4075715130,42732.4075715130,1,SRM-USDT
2022-10-03 22:00:00,1664805600000,0.7560000000,0.7670000000,0.7560000000,0.7650000000,53436.0370370000,40753.7018221600,40753.7018221600,1,SRM-USDT
2022-10-03 23:00:00,1664809200000,0.7640000000,0.7670000000,0.7600000000,0.7610000000,39819.0877550000,30437.2466290290,30437.2466290290,1,SRM-USDT
2022-10-04 00:00:00,1664812800000,0.7600000000,0.7650000000,0.7600000000,0.7640000000,6890.8012830000,5245.4166603200,5245.4166603200,1,SRM-USDT
2022-10-04 01:00:00,1664816400000,0.7660000000,0.7730000000,0.7650000000,0.7720000000,13868.0719000000,10680.9537834490,10680.9537834490,1,SRM-USDT
2022-10-04 02:00:00,1664820000000,0.7720000000,0.7750000000,0.7710000000,0.7730000000,31132.4434280000,24075.0799437820,24075.0799437820,1,SRM-USDT
2022-10-04 03:00:00,1664823600000,0.7720000000,0.7730000000,0.7650000000,0.7730000000,55372.5657570000,42602.6401489400,42602.6401489400,1,SRM-USDT
2022-10-04 04:00:00,1664827200000,0.7740000000,0.7800000000,0.7720000000,0.7800000000,19081.5540670000,14792.2417723250,14792.2417723250,1,SRM-USDT
2022-10-04 05:00:00,1664830800000,0.7800000000,0.7810000000,0.7780000000,0.7810000000,22188.1850960000,17305.4508338620,17305.4508338620,1,SRM-USDT
2022-10-04 06:00:00,1664834400000,0.7800000000,0.7820000000,0.7770000000,0.7770000000,17118.3383640000,13325.9190437640,13325.9190437640,1,SRM-USDT
2022-10-04 07:00:00,1664838000000,0.7780000000,0.7840000000,0.7760000000,0.7800000000,31800.6108380000,24859.8493956010,24859.8493956010,1,SRM-USDT
2022-10-04 08:00:00,1664841600000,0.7810000000,0.7830000000,0.7740000000,0.7750000000,31960.6250570000,24899.4234011110,24899.4234011110,1,SRM-USDT
2022-10-04 09:00:00,1664845200000,0.7740000000,0.7750000000,0.7720000000,0.7730000000,8914.2216120000,6893.7305478050,6893.7305478050,1,SRM-USDT
2022-10-04 10:00:00,1664848800000,0.7730000000,0.7750000000,0.7720000000,0.7750000000,19895.1272770000,15376.0549441810,15376.0549441810,1,SRM-USDT
2022-10-04 11:00:00,1664852400000,0.7750000000,0.7780000000,0.7740000000,0.7780000000,2502.8722460000,1940.8801719050,1940.8801719050,1,SRM-USDT
2022-10-04 12:00:00,1664856000000,0.7780000000,0.7810000000,0.7760000000,0.7790000000,11199.4525970000,8715.7382616080,8715.7382616080,1,SRM-USDT
2022-10-04 13:00:00,1664859600000,0.7780000000,0.7810000000,0.7770000000,0.7770000000,8478.2236400000,6600.8735309700,6600.8735309700,1,SRM-USDT
2022-10-04 14:00:00,1664863200000,0.7780000000,0.7860000000,0.7770000000,0.7850000000,20599.4919370000,16093.4749101630,16093.4749101630,1,SRM-USDT
2022-10-04 15:00:00,1664866800000,0.7830000000,0.7860000000,0.7820000000,0.7830000000,11244.8719250000,8813.0690174980,8813.0690174980,1,SRM-USDT
2022-10-04 16:00:00,1664870400000,0.7810000000,0.7860000000,0.7790000000,0.7810000000,14532.1941100000,11377.0538441500,11377.0538441500,1,SRM-USDT
2022-10-04 17:00:00,1664874000000,0.7800000000,0.7830000000,0.7770000000,0.7830000000,21974.9428010000,17123.7247330540,17123.7247330540,1,SRM-USDT
2022-10-04 18:00:00,1664877600000,0.7820000000,0.7830000000,0.7800000000,0.7810000000,9426.8073780000,7359.5722546160,7359.5722546160,1,SRM-USDT
2022-10-04 19:00:00,1664881200000,0.7810000000,0.7820000000,0.7780000000,0.7790000000,2476.4820860000,1932.5666834820,1932.5666834820,1,SRM-USDT
2022-10-04 20:00:00,1664884800000,0.7790000000,0.7820000000,0.7790000000,0.7820000000,7686.2142280000,5996.0591217820,5996.0591217820,1,SRM-USDT
2022-10-04 21:00:00,1664888400000,0.7820000000,0.7900000000,0.7800000000,0.7900000000,20874.6033600000,16366.7128986290,16366.7128986290,1,SRM-USDT
2022-10-04 22:00:00,1664892000000,0.7880000000,0.7940000000,0.7850000000,0.7870000000,114457.6909250000,90386.3436733700,90386.3436733700,1,SRM-USDT
2022-10-04 23:00:00,1664895600000,0.7880000000,0.7880000000,0.7830000000,0.7870000000,8885.3910010000,6977.5109020430,6977.5109020430,1,SRM-USDT
2022-10-05 00:00:00,1664899200000,0.7860000000,0.7880000000,0.7830000000,0.7870000000,8053.8154080000,6328.0041299020,6328.0041299020,1,SRM-USDT
2022-10-05 01:00:00,1664902800000,0.7860000000,0.7870000000,0.7810000000,0.7870000000,10769.6819500000,8446.8553515510,8446.8553515510,1,SRM-USDT
2022-10-05 02:00:00,1664906400000,0.7870000000,0.7900000000,0.7860000000,0.7890000000,18135.4205370000,14292.8608572000,14292.8608572000,1,SRM-USDT
2022-10-05 03:00:00,1664910000000,0.7890000000,0.7910000000,0.7860000000,0.7900000000,4883.6899660000,3848.2884075170,3848.2884075170,1,SRM-USDT
2022-10-05 04:00:00,1664913600000,0.7890000000,0.7950000000,0.7890000000,0.7930000000,8834.8584200000,6995.1992794060,6995.1992794060,1,SRM-USDT
2022-10-05 05:00:00,1664917200000,0.7920000000,0.7930000000,0.7860000000,0.7880000000,8290.1473440000,6537.9364772560,6537.9364772560,1,SRM-USDT
2022-10-05 06:00:00,1664920800000,0.7860000000,0.7880000000,0.7850000000,0.7880000000,9566.5279470000,7518.8102719660,7518.8102719660,1,SRM-USDT
2022-10-05 07:00:00,1664924400000,0.7860000000,0.7900000000,0.7850000000,0.7890000000,7760.6954770000,6107.0577868610,6107.0577868610,1,SRM-USDT
2022-10-05 08:00:00,1664928000000,0.7890000000,0.7900000000,0.7820000000,0.7820000000,9644.4745040000,7571.7210562770,7571.7210562770,1,SRM-USDT
2022-10-05 09:00:00,1664931600000,0.7830000000,0.7850000000,0.7820000000,0.7850000000,6015.5370120000,4709.0085591170,4709.0085591170,1,SRM-USDT
2022-10-05 10:00:00,1664935200000,0.7850000000,0.7880000000,0.7850000000,0.7850000000,11591.1467370000,9105.9990707840,9105.9990707840,1,SRM-USDT
2022-10-05 11:00:00,1664938800000,0.7860000000,0.7860000000,0.7830000000,0.7840000000,8671.8186730000,6803.2350615500,6803.2350615500,1,SRM-USDT
2022-10-05 12:00:00,1664942400000,0.7840000000,0.7850000000,0.7810000000,0.7830000000,3058.2874310000,2394.5793025400,2394.5793025400,1,SRM-USDT
2022-10-05 13:00:00,1664946000000,0.7820000000,0.7840000000,0.7820000000,0.7840000000,8414.2597210000,6587.6740475410,6587.6740475410,1,SRM-USDT
2022-10-05 14:00:00,1664949600000,0.7850000000,0.7870000000,0.7830000000,0.7870000000,9758.9968820000,7660.0409127960,7660.0409127960,1,SRM-USDT
2022-10-05 15:00:00,1664953200000,0.7860000000,0.7880000000,0.7830000000,0.7830000000,15777.8891140000,12411.9068772170,12411.9068772170,1,SRM-USDT
2022-10-05 16:00:00,1664956800000,0.7820000000,0.7830000000,0.7660000000,0.7750000000,77423.0407820000,59763.9869341400,59763.9869341400,1,SRM-USDT
2022-10-05 17:00:00,1664960400000,0.7740000000,0.7760000000,0.7740000000,0.7760000000,13052.9993890000,10112.3227545110,10112.3227545110,1,SRM-USDT
2022-10-05 18:00:00,1664964000000,0.7750000000,0.7760000000,0.7730000000,0.7740000000,1132.6635240000,876.8783233360,876.8783233360,1,SRM-USDT
2022-10-05 19:00:00,1664967600000,0.7750000000,0.7750000000,0.7680000000,0.7710000000,11969.5278840000,9234.5695947670,9234.5695947670,1,SRM-USDT
2022-10-05 20:00:00,1664971200000,0.7710000000,0.7770000000,0.7700000000,0.7760000000,13470.2994820000,10430.9696968790,10430.9696968790,1,SRM-USDT
2022-10-05 21:00:00,1664974800000,0.7750000000,0.7760000000,0.7690000000,0.7730000000,33348.1308980000,25723.8139583600,25723.8139583600,1,SRM-USDT
2022-10-05 22:00:00,1664978400000,0.7720000000,0.7730000000,0.7640000000,0.7690000000,34648.1454750000,26600.3380382570,26600.3380382570,1,SRM-USDT
2022-10-05 23:00:00,1664982000000,0.7690000000,0.7740000000,0.7690000000,0.7740000000,3468.7565190000,2673.4633210580,2673.4633210580,1,SRM-USDT
2022-10-06 00:00:00,1664985600000,0.7740000000,0.7830000000,0.7740000000,0.7820000000,14235.8490940000,11082.7418346600,11082.7418346600,1,SRM-USDT
2022-10-06 01:00:00,1664989200000,0.7810000000,0.7860000000,0.7810000000,0.7820000000,7059.6238750000,5522.7697230630,5522.7697230630,1,SRM-USDT
2022-10-06 02:00:00,1664992800000,0.7810000000,0.7850000000,0.7800000000,0.7850000000,16177.7733040000,12664.0915402880,12664.0915402880,1,SRM-USDT
2022-10-06 03:00:00,1664996400000,0.7850000000,0.7890000000,0.7810000000,0.7820000000,12922.2425520000,10129.6601657410,10129.6601657410,1,SRM-USDT
2022-10-06 04:00:00,1665000000000,0.7830000000,0.7840000000,0.7800000000,0.7820000000,16066.7358320000,12574.6892991010,12574.6892991010,1,SRM-USDT
2022-10-06 05:00:00,1665003600000,0.7810000000,0.7820000000,0.7790000000,0.7820000000,4344.2526480000,3391.5326053660,3391.5326053660,1,SRM-USDT
2022-10-06 06:00:00,1665007200000,0.7800000000,0.7880000000,0.7800000000,0.7870000000,17681.4729530000,13820.8485610950,13820.8485610950,1,SRM-USDT
2022-10-06 07:00:00,1665010800000,0.7870000000,0.7880000000,0.7830000000,0.7860000000,13424.9113900000,10536.1145460400,10536.1145460400,1,SRM-USDT
2022-10-06 08:00:00,1665014400000,0.7850000000,0.7940000000,0.7850000000,0.7900000000,62598.4084270000,49414.7396369360,49414.7396369360,1,SRM-USDT
2022-10-06 09:00:00,1665018000000,0.7890000000,0.7960000000,0.7890000000,0.7950000000,30630.3053530000,24219.3272154410,24219.3272154410,1,SRM-USDT
2022-10-06 10:00:00,1665021600000,0.7950000000,0.7960000000,0.7900000000,0.7900000000,16661.9714420000,13193.7827958730,13193.7827958730,1,SRM-USDT
2022-10-06 11:00:00,1665025200000,0.7890000000,0.7910000000,0.7880000000,0.7910000000,4757.5473840000,3754.4555954940,3754.4555954940,1,SRM-USDT
2022-10-06 12:00:00,1665028800000,0.7900000000,0.7950000000,0.7900000000,0.7940000000,17998.8808260000,14279.5917844440,14279.5917844440,1,SRM-USDT
2022-10-06 13:00:00,1665032400000,0.7930000000,0.7940000000,0.7900000000,0.7930000000,33028.5676670000,26144.4872670940,26144.4872670940,1,SRM-USDT
2022-10-06 14:00:00,1665036000000,0.7920000000,0.7930000000,0.7850000000,0.7850000000,17339.9035120000,13659.1118852450,13659.1118852450,1,SRM-USDT
2022-10-06 15:00:00,1665039600000,0.7860000000,0.7890000000,0.7830000000,0.7880000000,8977.3060380000,7056.7303209480,7056.7303209480,1,SRM-USDT
2022-10-06 16:00:00,1665043200000,0.7880000000,0.7920000000,0.7800000000,0.7870000000,66040.1387360000,51944.2996723340,51944.2996723340,1,SRM-USDT
2022-10-06 17:00:00,1665046800000,0.7870000000,0.7920000000,0.7860000000,0.7890000000,35675.9586680000,28174.2611615120,28174.2611615120,1,SRM-USDT
2022-10-06 18:00:00,1665050400000,0.7890000000,0.7920000000,0.7870000000,0.7910000000,63578.7855150000,50235.8344401230,50235.8344401230,1,SRM-USDT
2022-10-06 19:00:00,1665054000000,0.7900000000,0.7970000000,0.7900000000,0.7970000000,40644.9034820000,32205.9881744880,32205.9881744880,1,SRM-USDT
2022-10-06 20:00:00,1665057600000,0.7960000000,0.8000000000,0.7910000000,0.7930000000,41428.1660740000,32933.3759614500,32933.3759614500,1,SRM-USDT
2022-10-06 21:00:00,1665061200000,0.7910000000,0.7980000000,0.7880000000,0.7920000000,49314.4718120000,39060.9495475400,39060.9495475400,1,SRM-USDT
2022-10-06 22:00:00,1665064800000,0.7900000000,0.7930000000,0.7830000000,0.7930000000,40978.5063530000,32250.1448637660,32250.1448637660,1,SRM-USDT
2022-10-06 23:00:00,1665068400000,0.7910000000,0.7940000000,0.7880000000,0.7910000000,23705.9841460000,18723.8579362470,18723.8579362470,1,SRM-USDT
2022-10-07 00:00:00,1665072000000,0.7880000000,0.7900000000,0.7850000000,0.7900000000,11527.9304680000,9082.6469489270,9082.6469489270,1,SRM-USDT
2022-10-07 01:00:00,1665075600000,0.7890000000,0.7960000000,0.7880000000,0.7920000000,20803.1704340000,16463.7294045030,16463.7294045030,1,SRM-USDT
2022-10-07 02:00:00,1665079200000,0.7910000000,0.7920000000,0.7830000000,0.7870000000,27774.7850870000,21858.3933085530,21858.3933085530,1,SRM-USDT
2022-10-07 03:00:00,1665082800000,0.7850000000,0.7880000000,0.7850000000,0.7870000000,25768.6417310000,20258.1703592140,20258.1703592140,1,SRM-USDT
2022-10-07 04:00:00,1665086400000,0.7870000000,0.7870000000,0.7840000000,0.7860000000,4321.9658350000,3393.9287428140,3393.9287428140,1,SRM-USDT
2022-10-07 05:00:00,1665090000000,0.7850000000,0.7860000000,0.7750000000,0.7760000000,15923.4430370000,12442.0972121210,12442.0972121210,1,SRM-USDT
2022-10-07 06:00:00,1665093600000,0.7740000000,0.7760000000,0.7710000000,0.7740000000,23145.7089590000,17905.6904881950,17905.6904881950,1,SRM-USDT
2022-10-07 07:00:00,1665097200000,0.7730000000,0.7740000000,0.7710000000,0.7740000000,9629.2116020000,7441.9913595510,7441.9913595510,1,SRM-USDT
2022-10-07 08:00:00,1665100800000,0.7750000000,0.7780000000,0.7750000000,0.7770000000,6176.7060260000,4796.1747852410,4796.1747852410,1,SRM-USDT
2022-10-07 09:00:00,1665104400000,0.7760000000,0.7780000000,0.7750000000,0.7770000000,6702.9772210000,5201.6727973340,5201.6727973340,1,SRM-USDT
2022-10-07 10:00:00,1665108000000,0.7760000000,0.7780000000,0.7750000000,0.7780000000,1724.6222640000,1339.2057052890,1339.2057052890,1,SRM-USDT
2022-10-07 11:00:00,1665111600000,0.7770000000,0.7780000000,0.7770000000,0.7780000000,7710.5056970000,5991.0637569660,5991.0637569660,1,SRM-USDT
2022-10-07 12:00:00,1665115200000,0.7760000000,0.7790000000,0.7760000000,0.7770000000,22785.8301220000,17722.5715558550,17722.5715558550,1,SRM-USDT
2022-10-07 13:00:00,1665118800000,0.7760000000,0.7780000000,0.7760000000,0.7780000000,15274.1011520000,11867.0574414900,11867.0574414900,1,SRM-USDT
2022-10-07 14:00:00,1665122400000,0.7770000000,0.7780000000,0.7720000000,0.7720000000,20648.5128120000,15983.7202110510,15983.7202110510,1,SRM-USDT
2022-10-07 15:00:00,1665126000000,0.7720000000,0.7740000000,0.7710000000,0.7740000000,5595.6456300000,4324.2581765580,4324.2581765580,1,SRM-USDT
2022-10-07 16:00:00,1665129600000,0.7720000000,0.7750000000,0.7720000000,0.7740000000,15299.4658040000,11848.2753239010,11848.2753239010,1,SRM-USDT
2022-10-07 17:00:00,1665133200000,0.7740000000,0.7760000000,0.7740000000,0.7750000000,2727.8994000000,2113.3735370630,2113.3735370630,1,SRM-USDT
2022-10-07 18:00:00,1665136800000,0.7740000000,0.7740000000,0.7690000000,0.7700000000,8703.1982660000,6712.9910574730,6712.9910574730,1,SRM-USDT
2022-10-07 19:00:00,1665140400000,0.7710000000,0.7710000000,0.7690000000,0.7700000000,4822.7399700000,3711.8283211180,3711.8283211180,1,SRM-USDT
2022-10-07 20:00:00,1665144000000,0.7690000000,0.7710000000,0.7540000000,0.7610000000,77364.3870150000,58726.8220761870,58726.8220761870,1,SRM-USDT
2022-10-07 21:00:00,1665147600000,0.7610000000,0.7740000000,0.7580000000,0.7720000000,67938.7805220000,52048.8962847200,52048.8962847200,1,SRM-USDT
2022-10-07 22:00:00,1665151200000,0.7730000000,0.7780000000,0.7700000000,0.7750000000,15985.2620850000,12379.2983270650,12379.2983270650,1,SRM-USDT
2022-10-07 23:00:00,1665154800000,0.7740000000,0.7760000000,0.7710000000,0.7720000000,8565.8618080000,6621.6285044720,6621.6285044720,1,SRM-USDT
2022-10-08 00:00:00,1665158400000,0.7710000000,0.7730000000,0.7640000000,0.7660000000,25460.6102880000,19525.3664385070,19525.3664385070,1,SRM-USDT
2022-10-08 01:00:00,1665162000000,0.7650000000,0.7700000000,0.7640000000,0.7700000000,14682.0772640000,11285.3822246030,11285.3822246030,1,SRM-USDT
2022-10-08 02:00:00,1665165600000,0.7700000000,0.7710000000,0.7670000000,0.7710000000,21398.3961230000,16445.7237441400,16445.7237441400,1,SRM-USDT
2022-10-08 03:00:00,1665169200000,0.7700000000,0.7720000000,0.7690000000,0.7720000000,2162.7185220000,1666.2256518370,1666.2256518370,1,SRM-USDT
2022-10-08 04:00:00,1665172800000,0.7710000000,0.7720000000,0.7690000000,0.7700000000,1957.4704350000,1506.1870633320,1506.1870633320,1,SRM-USDT
2022-10-08 05:00:00,1665176400000,0.7690000000,0.7710000000,0.7660000000,0.7680000000,7350.5129540000,5648.6223461120,5648.6223461120,1,SRM-USDT
2022-10-08 06:00:00,1665180000000,0.7660000000,0.7680000000,0.7660000000,0.7670000000,5647.2840970000,4330.8121872120,4330.8121872120,1,SRM-USDT
2022-10-08 07:00:00,1665183600000,0.7650000000,0.7660000000,0.7650000000,0.7650000000,1132.8144340000,866.6031420100,866.6031420100,1,SRM-USDT
2022-10-08 08:00:00,1665187200000,0.7650000000,0.7710000000,0.7650000000,0.7710000000,14140.8936550000,10869.8620879200,10869.8620879200,1,SRM-USDT
2022-10-08 09:00:00,1665190800000,0.7690000000,0.7710000000,0.7690000000,0.7700000000,1158.5795270000,891.1581587010,891.1581587010,1,SRM-USDT
2022-10-08 10:00:00,1665194400000,0.7700000000,0.7710000000,0.7690000000,0.7710000000,2213.5999670000,1705.8151690070,1705.8151690070,1,SRM-USDT
2022-10-08 11:00:00,1665198000000,0.7700000000,0.7740000000,0.7700000000,0.7720000000,7088.0492510000,5470.6699373590,5470.6699373590,1,SRM-USDT
2022-10-08 12:00:00,1665201600000,0.7710000000,0.7740000000,0.7710000000,0.7740000000,2313.7143640000,1786.5857366500,1786.5857366500,1,SRM-USDT
2022-10-08 13:00:00,1665205200000,0.7730000000,0.7780000000,0.7730000000,0.7770000000,10022.4933840000,7776.7091821060,7776.7091821060,1,SRM-USDT
2022-10-08 14:00:00,1665208800000,0.7760000000,0.7770000000,0.7730000000,0.7770000000,3238.8095180000,2509.9480747970,2509.9480747970,1,SRM-USDT
2022-10-08 15:00:00,1665212400000,0.7760000000,0.7770000000,0.7750000000,0.7760000000,1135.3612930000,881.0422633680,881.0422633680,1,SRM-USDT
2022-10-08 16:00:00,1665216000000,0.7740000000,0.7760000000,0.7730000000,0.7750000000,2585.8191920000,2001.1506164850,2001.1506164850,1,SRM-USDT
2022-10-08 17:00:00,1665219600000,0.7750000000,0.7760000000,0.7740000000,0.7760000000,3397.1377500000,2632.7825561440,2632.7825561440,1,SRM-USDT
2022-10-08 18:00:00,1665223200000,0.7740000000,0.7760000000,0.7740000000,0.7760000000,417.7444430000,323.7529433250,323.7529433250,1,SRM-USDT
2022-10-08 19:00:00,1665226800000,0.7760000000,0.7780000000,0.7750000000,0.7780000000,5202.1277780000,4036.9886050390,4036.9886050390,1,SRM-USDT
2022-10-08 20:00:00,1665230400000,0.7760000000,0.7770000000,0.7750000000,0.7760000000,807.9979990000,626.2892469680,626.2892469680,1,SRM-USDT
2022-10-08 21:00:00,1665234000000,0.7760000000,0.7760000000,0.7750000000,0.7760000000,509.3833310000,394.7724856840,394.7724856840,1,SRM-USDT
2022-10-08 22:00:00,1665237600000,0.7750000000,0.7770000000,0.7730000000,0.7770000000,6999.8303540000,5419.2893192410,5419.2893192410,1,SRM-USDT
2022-10-08 23:00:00,1665241200000,0.7770000000,0.7780000000,0.7770000000,0.7780000000,2065.7133950000,1606.1239563720,1606.1239563720,1,SRM-USDT
2022-10-09 00:00:00,1665244800000,0.7770000000,0.7820000000,0.7750000000,0.7810000000,1871.6114490000,1455.2402386160,1455.2402386160,1,SRM-USDT
2022-10-09 01:00:00,1665248400000,0.7800000000,0.7810000000,0.7780000000,0.7790000000,4235.9024650000,3296.0622910980,3296.0622910980,1,SRM-USDT
2022-10-09 02:00:00,1665252000000,0.7770000000,0.7790000000,0.7770000000,0.7770000000,16327.6704780000,12693.2334334780,12693.2334334780,1,SRM-USDT
2022-10-09 03:00:00,1665255600000,0.7760000000,0.7770000000,0.7760000000,0.7770000000,47.3301140000,36.7743275800,36.7743275800,1,SRM-USDT
2022-10-09 04:00:00,1665259200000,0.7770000000,0.7800000000,0.7760000000,0.7790000000,22786.4007130000,17743.0580124520,17743.0580124520,1,SRM-USDT
2022-10-09 05:00:00,1665262800000,0.7800000000,0.7810000000,0.7670000000,0.7690000000,49567.6716290000,38348.9032290880,38348.9032290880,1,SRM-USDT
2022-10-09 06:00:00,1665266400000,0.7680000000,0.7720000000,0.7670000000,0.7700000000,12431.0802710000,9557.7651559600,9557.7651559600,1,SRM-USDT
2022-10-09 07:00:00,1665270000000,0.7700000000,0.7740000000,0.7700000000,0.7740000000,8846.1740520000,6830.7778526920,6830.7778526920,1,SRM-USDT
2022-10-09 08:00:00,1665273600000,0.7730000000,0.7750000000,0.7730000000,0.7730000000,6920.6254760000,5353.5377690310,5353.5377690310,1,SRM-USDT
2022-10-09 09:00:00,1665277200000,0.7740000000,0.7740000000,0.7700000000,0.7710000000,32342.3039430000,24969.0791024090,24969.0791024090,1,SRM-USDT
2022-10-09 10:00:00,1665280800000,0.7720000000,0.7720000000,0.7710000000,0.7710000000,34058.9533290000,26262.5317536540,26262.5317536540,1,SRM-USDT
2022-10-09 11:00:00,1665284400000,0.7700000000,0.7700000000,0.7660000000,0.7660000000,4373.1257010000,3355.4309014300,3355.4309014300,1,SRM-USDT
2022-10-09 12:00:00,1665288000000,0.7670000000,0.7670000000,0.7660000000,0.7670000000,2229.7285100000,1709.2615958210,1709.2615958210,1,SRM-USDT
2022-10-09 13:00:00,1665291600000,0.7670000000,0.7670000000,0.7660000000,0.7670000000,1199.2737300000,919.3565092150,919.3565092150,1,SRM-USDT
2022-10-09 14:00:00,1665295200000,0.7670000000,0.7710000000,0.7670000000,0.7710000000,4442.0701280000,3419.8031277500,3419.8031277500,1,SRM-USDT
2022-10-09 15:00:00,1665298800000,0.7720000000,0.7720000000,0.7700000000,0.7700000000,6701.3980220000,5168.0284475570,5168.0284475570,1,SRM-USDT
2022-10-09 16:00:00,1665302400000,0.7710000000,0.7710000000,0.7690000000,0.7690000000,1465.1833390000,1128.6759876910,1128.6759876910,1,SRM-USDT
2022-10-09 17:00:00,1665306000000,0.7690000000,0.7690000000,0.7670000000,0.7690000000,12496.4352480000,9603.1088948760,9603.1088948760,1,SRM-USDT
2022-10-09 18:00:00,1665309600000,0.7690000000,0.7740000000,0.7690000000,0.7740000000,23852.3761510000,18393.2881040470,18393.2881040470,1,SRM-USDT
2022-10-09 19:00:00,1665313200000,0.7740000000,0.7780000000,0.7740000000,0.7760000000,17486.8494260000,13578.8830397410,13578.8830397410,1,SRM-USDT
2022-10-09 20:00:00,1665316800000,0.7760000000,0.7850000000,0.7760000000,0.7810000000,26236.5686120000,20529.2310335280,20529.2310335280,1,SRM-USDT
2022-10-09 21:00:00,1665320400000,0.7820000000,0.7870000000,0.7820000000,0.7870000000,44398.5114670000,34864.2965982070,34864.2965982070,1,SRM-USDT
2022-10-09 22:00:00,1665324000000,0.7870000000,0.7920000000,0.7860000000,0.7910000000,35632.4460110000,28119.3735660170,28119.3735660170,1,SRM-USDT
2022-10-09 23:00:00,1665327600000,0.7900000000,0.7940000000,0.7900000000,0.7920000000,12277.0793120000,9719.7694955970,9719.7694955970,1,SRM-USDT
2022-10-10 00:00:00,1665331200000,0.7930000000,0.7930000000,0.7880000000,0.7910000000,15370.9294120000,12150.0244449320,12150.0244449320,1,SRM-USDT
2022-10-10 01:00:00,1665334800000,0.7890000000,0.7900000000,0.7880000000,0.7890000000,4272.0716870000,3371.6385835230,3371.6385835230,1,SRM-USDT
2022-10-10 02:00:00,1665338400000,0.7900000000,0.7910000000,0.7890000000,0.7910000000,3013.5919150000,2383.7307357380,2383.7307357380,1,SRM-USDT
2022-10-10 03:00:00,1665342000000,0.7910000000,0.7910000000,0.7830000000,0.7900000000,21490.5049830000,16887.4826273050,16887.4826273050,1,SRM-USDT
2022-10-10 04:00:00,1665345600000,0.7890000000,0.7890000000,0.7870000000,0.7880000000,14068.9279640000,11086.8389610050,11086.8389610050,1,SRM-USDT
2022-10-10 05:00:00,1665349200000,0.7880000000,0.7880000000,0.7860000000,0.7880000000,8945.3974850000,7044.1256850040,7044.1256850040,1,SRM-USDT
2022-10-10 06:00:00,1665352800000,0.7860000000,0.7870000000,0.7810000000,0.7810000000,26683.4075650000,20883.2017988520,20883.2017988520,1,SRM-USDT
2022-10-10 07:00:00,1665356400000,0.7800000000,0.7840000000,0.7790000000,0.7840000000,10163.5897530000,7934.3799853070,7934.3799853070,1,SRM-USDT
2022-10-10 08:00:00,1665360000000,0.7850000000,0.7900000000,0.7840000000,0.7890000000,26282.9038340000,20685.1954405620,20685.1954405620,1,SRM-USDT
2022-10-10 09:00:00,1665363600000,0.7910000000,0.7920000000,0.7880000000,0.7880000000,9007.6329990000,7112.7498245090,7112.7498245090,1,SRM-USDT
2022-10-10 10:00:00,1665367200000,0.7870000000,0.7870000000,0.7850000000,0.7850000000,9123.0296870000,7165.9147130790,7165.9147130790,1,SRM-USDT
2022-10-10 11:00:00,1665370800000,0.7850000000,0.7850000000,0.7780000000,0.7790000000,20533.3698310000,16014.1485118920,16014.1485118920,1,SRM-USDT
2022-10-10 12:00:00,1665374400000,0.7790000000,0.7820000000,0.7790000000,0.7810000000,23748.9501000000,18526.1985376320,18526.1985376320,1,SRM-USDT
2022-10-10 13:00:00,1665378000000,0.7810000000,0.7810000000,0.7760000000,0.7760000000,19420.1825410000,15112.5717614690,15112.5717614690,1,SRM-USDT
2022-10-10 14:00:00,1665381600000,0.7760000000,0.7770000000,0.7700000000,0.7710000000,17261.6591580000,13358.9344641000,13358.9344641000,1,SRM-USDT
2022-10-10 15:00:00,1665385200000,0.7710000000,0.7740000000,0.7710000000,0.7730000000,13264.5732050000,10244.2642288540,10244.2642288540,1,SRM-USDT
2022-10-10 16:00:00,1665388800000,0.7720000000,0.7720000000,0.7580000000,0.7600000000,31873.3386880000,24316.3086662680,24316.3086662680,1,SRM-USDT
2022-10-10 17:00:00,1665392400000,0.7600000000,0.7640000000,0.7600000000,0.7620000000,17970.8461140000,13690.6243583380,13690.6243583380,1,SRM-USDT
2022-10-10 18:00:00,1665396000000,0.7620000000,0.7640000000,0.7620000000,0.7620000000,1081.2304380000,824.7244016770,824.7244016770,1,SRM-USDT
2022-10-10 19:00:00,1665399600000,0.7630000000,0.7650000000,0.7630000000,0.7650000000,22305.9116660000,17052.3808913250,17052.3808913250,1,SRM-USDT
2022-10-10 20:00:00,1665403200000,0.7650000000,0.7680000000,0.7650000000,0.7660000000,19065.2337080000,14621.3225408190,14621.3225408190,1,SRM-USDT
2022-10-10 21:00:00,1665406800000,0.7680000000,0.7680000000,0.7640000000,0.7640000000,17781.4116430000,13610.5467707890,13610.5467707890,1,SRM-USDT
2022-10-10 22:00:00,1665410400000,0.7640000000,0.7680000000,0.7620000000,0.7620000000,24727.2218920000,18908.3612506200,18908.3612506200,1,SRM-USDT
2022-10-10 23:00:00,1665414000000,0.7630000000,0.7650000000,0.7620000000,0.7640000000,17317.6213670000,13223.1535996410,13223.1535996410,1,SRM-USDT
2022-10-11 00:00:00,1665417600000,0.7640000000,0.7640000000,0.7590000000,0.7600000000,10697.1073050000,8138.6913535650,8138.6913535650,1,SRM-USDT
2022-10-11 01:00:00,1665421200000,0.7600000000,0.7680000000,0.7600000000,0.7680000000,32301.7398930000,24663.5039176920,24663.5039176920,1,SRM-USDT
2022-10-11 02:00:00,1665424800000,0.7680000000,0.7680000000,0.7650000000,0.7650000000,9769.1703580000,7482.3200916410,7482.3200916410,1,SRM-USDT
2022-10-11 03:00:00,1665428400000,0.7640000000,0.7670000000,0.7640000000,0.7660000000,10010.8689670000,7663.3642723570,7663.3642723570,1,SRM-USDT
2022-10-11 04:00:00,1665432000000,0.7650000000,0.7660000000,0.7640000000,0.7640000000,1327.4215320000,1015.4600780200,1015.4600780200,1,SRM-USDT
2022-10-11 05:00:00,1665435600000,0.7640000000,0.7650000000,0.7600000000,0.7610000000,15379.3175530000,11744.4173383930,11744.4173383930,1,SRM-USDT
2022-10-11 06:00:00,1665439200000,0.7620000000,0.7620000000,0.7510000000,0.7520000000,52730.2082050000,39769.9875190850,39769.9875190850,1,SRM-USDT
2022-10-11 07:00:00,1665442800000,0.7530000000,0.7550000000,0.7490000000,0.7510000000,45187.3164230000,34040.8815441800,34040.8815441800,1,SRM-USDT
2022-10-11 08:00:00,1665446400000,0.7500000000,0.7510000000,0.7290000000,0.7410000000,72797.0542340000,53715.8769293570,53715.8769293570,1,SRM-USDT
2022-10-11 09:00:00,1665450000000,0.7410000000,0.7430000000,0.7390000000,0.7410000000,36801.2449310000,27275.8910267880,27275.8910267880,1,SRM-USDT
2022-10-11 10:00:00,1665453600000,0.7390000000,0.7430000000,0.7390000000,0.7430000000,46590.1782550000,34589.5706656620,34589.5706656620,1,SRM-USDT
2022-10-11 11:00:00,1665457200000,0.7430000000,0.7440000000,0.7420000000,0.7420000000,6396.3241260000,4748.0028742170,4748.0028742170,1,SRM-USDT
2022-10-11 12:00:00,1665460800000,0.7410000000,0.7430000000,0.7410000000,0.7410000000,5848.4635730000,4333.9240465270,4333.9240465270,1,SRM-USDT
2022-10-11 13:00:00,1665464400000,0.7420000000,0.7450000000,0.7410000000,0.7440000000,39694.1200760000,29524.9749302970,29524.9749302970,1,SRM-USDT
2022-10-11 14:00:00,1665468000000,0.7430000000,0.7480000000,0.7420000000,0.7460000000,32215.8805260000,23953.9131898690,23953.9131898690,1,SRM-USDT
2022-10-11 15:00:00,1665471600000,0.7450000000,0.7480000000,0.7440000000,0.7480000000,10966.5602460000,8178.9233002930,8178.9233002930,1,SRM-USDT
2022-10-11 16:00:00,1665475200000,0.7480000000,0.7540000000,0.7480000000,0.7500000000,22764.5166910000,17086.3286053110,17086.3286053110,1,SRM-USDT
2022-10-11 17:00:00,1665478800000,0.7490000000,0.7490000000,0.7450000000,0.7450000000,26307.5342710000,19675.6584183480,19675.6584183480,1,SRM-USDT
2022-10-11 18:00:00,1665482400000,0.7450000000,0.7460000000,0.7440000000,0.7450000000,14873.0188830000,11077.3272870100,11077.3272870100,1,SRM-USDT
2022-10-11 19:00:00,1665486000000,0.7460000000,0.7480000000,0.7460000000,0.7480000000,9753.6448260000,7282.9164358540,7282.9164358540,1,SRM-USDT
2022-10-11 20:00:00,1665489600000,0.7490000000,0.7520000000,0.7470000000,0.7480000000,22047.3696430000,16513.5634716720,16513.5634716720,1,SRM-USDT
2022-10-11 21:00:00,1665493200000,0.7480000000,0.7480000000,0.7400000000,0.7400000000,31259.7373620000,23286.5513296550,23286.5513296550,1,SRM-USDT
2022-10-11 22:00:00,1665496800000,0.7390000000,0.7470000000,0.7370000000,0.7450000000,44457.4185400000,33010.3477750970,33010.3477750970,1,SRM-USDT
2022-10-11 23:00:00,1665500400000,0.7470000000,0.7520000000,0.7470000000,0.7510000000,13773.9541030000,10322.1070466740,10322.1070466740,1,SRM-USDT
2022-10-12 00:00:00,1665504000000,0.7490000000,0.7510000000,0.7480000000,0.7500000000,17382.3737690000,13031.5492002190,13031.5492002190,1,SRM-USDT
2022-10-12 01:00:00,1665507600000,0.7500000000,0.7500000000,0.7490000000,0.7490000000,12838.7188680000,9620.0944780020,9620.0944780020,1,SRM-USDT
2022-10-12 02:00:00,1665511200000,0.7490000000,0.7490000000,0.7420000000,0.7420000000,11892.5475430000,8882.5149295700,8882.5149295700,1,SRM-USDT
2022-10-12 03:00:00,1665514800000,0.7430000000,0.7430000000,0.7400000000,0.7400000000,11395.7005100000,8443.0102586290,8443.0102586290,1,SRM-USDT
2022-10-12 04:00:00,1665518400000,0.7400000000,0.7410000000,0.7390000000,0.7400000000,4086.9480270000,3024.3503087590,3024.3503087590,1,SRM-USDT
2022-10-12 05:00:00,1665522000000,0.7410000000,0.7420000000,0.7380000000,0.7390000000,4891.3025330000,3617.8656048290,3617.8656048290,1,SRM-USDT
2022-10-12 06:00:00,1665525600000,0.7390000000,0.7410000000,0.7380000000,0.7410000000,8778.6763470000,6497.3087765770,6497.3087765770,1,SRM-USDT
2022-10-12 07:00:00,1665529200000,0.7410000000,0.7410000000,0.7320000000,0.7370000000,32011.5810310000,23530.7486903350,23530.7486903350,1,SRM-USDT
2022-10-12 08:00:00,1665532800000,0.7380000000,0.7490000000,0.7380000000,0.7490000000,25580.0355990000,19018.9073230960,19018.9073230960,1,SRM-USDT
2022-10-12 09:00:00,1665536400000,0.7480000000,0.7490000000,0.7430000000,0.7430000000,13326.5480850000,9938.3152891030,9938.3152891030,1,SRM-USDT
2022-10-12 10:00:00,1665540000000,0.7430000000,0.7440000000,0.7380000000,0.7390000000,13487.2035040000,9981.0528528990,9981.0528528990,1,SRM-USDT
2022-10-12 11:00:00,1665543600000,0.7400000000,0.7410000000,0.7390000000,0.7390000000,25970.0957550000,19217.2551144760,19217.2551144760,1,SRM-USDT
2022-10-12 12:00:00,1665547200000,0.7400000000,0.7470000000,0.7400000000,0.7460000000,8354.8943810000,6204.6905790380,6204.6905790380,1,SRM-USDT
2022-10-12 13:00:00,1665550800000,0.7450000000,0.7460000000,0.7410000000,0.7430000000,7926.9174800000,5890.3370239300,5890.3370239300,1,SRM-USDT
2022-10-12 14:00:00,1665554400000,0.7420000000,0.7450000000,0.7410000000,0.7450000000,8156.9288900000,6064.4564783740,6064.4564783740,1,SRM-USDT
2022-10-12 15:00:00,1665558000000,0.7450000000,0.7470000000,0.7450000000,0.7450000000,15575.4479660000,11609.9125808660,11609.9125808660,1,SRM-USDT
2022-10-12 16:00:00,1665561600000,0.7450000000,0.7450000000,0.7440000000,0.7450000000,4060.3175680000,3022.0760269550,3022.0760269550,1,SRM-USDT
2022-10-12 17:00:00,1665565200000,0.7450000000,0.7480000000,0.7450000000,0.7480000000,4647.9976720000,3465.4807928870,3465.4807928870,1,SRM-USDT
2022-10-12 18:00:00,1665568800000,0.7460000000,0.7470000000,0.7430000000,0.7430000000,10894.2893610000,8114.4340628810,8114.4340628810,1,SRM-USDT
2022-10-12 19:00:00,1665572400000,0.7430000000,0.7430000000,0.7420000000,0.7420000000,2610.6344160000,1938.9698933540,1938.9698933540,1,SRM-USDT
2022-10-12 20:00:00,1665576000000,0.7420000000,0.7420000000,0.7330000000,0.7370000000,47611.1115170000,35069.8454761380,35069.8454761380,1,SRM-USDT
2022-10-12 21:00:00,1665579600000,0.7360000000,0.7410000000,0.7350000000,0.7400000000,25149.7560220000,18574.1149958230,18574.1149958230,1,SRM-USDT
2022-10-12 22:00:00,1665583200000,0.7400000000,0.7410000000,0.7370000000,0.7380000000,13616.8811000000,10050.4280739500,10050.4280739500,1,SRM-USDT
2022-10-12 23:00:00,1665586800000,0.7380000000,0.7420000000,0.7380000000,0.7410000000,10325.7438560000,7641.2746013800,7641.2746013800,1,SRM-USDT
2022-10-13 00:00:00,1665590400000,0.7430000000,0.7430000000,0.7390000000,0.7390000000,7894.9904650000,5844.8133073270,5844.8133073270,1,SRM-USDT
2022-10-13 01:00:00,1665594000000,0.7400000000,0.7400000000,0.7350000000,0.7360000000,3960.3819460000,2918.7301417950,2918.7301417950,1,SRM-USDT
2022-10-13 02:00:00,1665597600000,0.7360000000,0.7410000000,0.7350000000,0.7400000000,18176.0442410000,13408.7903999280,13408.7903999280,1,SRM-USDT
2022-10-13 03:00:00,1665601200000,0.7390000000,0.7420000000,0.7390000000,0.7410000000,6729.4241390000,4977.9263311380,4977.9263311380,1,SRM-USDT
2022-10-13 04:00:00,1665604800000,0.7410000000,0.7410000000,0.7400000000,0.7400000000,5906.8903240000,4375.8584840650,4375.8584840650,1,SRM-USDT
2022-10-13 05:00:00,1665608400000,0.7410000000,0.7420000000,0.7390000000,0.7420000000,7401.7418470000,5477.7428786430,5477.7428786430,1,SRM-USDT
2022-10-13 06:00:00,1665612000000,0.7420000000,0.7440000000,0.7410000000,0.7420000000,6936.6323140000,5146.5263400650,5146.5263400650,1,SRM-USDT
2022-10-13 07:00:00,1665615600000,0.7410000000,0.7420000000,0.7400000000,0.7410000000,7512.2421880000,5566.2814237800,5566.2814237800,1,SRM-USDT
2022-10-13 08:00:00,1665619200000,0.7400000000,0.7410000000,0.7370000000,0.7380000000,22876.9461000000,16922.5110188260,16922.5110188260,1,SRM-USDT
2022-10-13 09:00:00,1665622800000,0.7370000000,0.7390000000,0.7290000000,0.7310000000,23770.6286070000,17414.9754856120,17414.9754856120,1,SRM-USDT
2022-10-13 10:00:00,1665626400000,0.7290000000,0.7310000000,0.7100000000,0.7180000000,116455.8022860000,83611.1184428630,83611.1184428630,1,SRM-USDT
2022-10-13 11:00:00,1665630000000,0.7180000000,0.7200000000,0.7170000000,0.7190000000,15764.2945040000,11328.3008367300,11328.3008367300,1,SRM-USDT
2022-10-13 12:00:00,1665633600000,0.7190000000,0.7210000000,0.7180000000,0.7190000000,7700.8107790000,5538.8731563240,5538.8731563240,1,SRM-USDT
2022-10-13 13:00:00,1665637200000,0.7210000000,0.7210000000,0.7170000000,0.7200000000,20280.9841270000,14586.2499267780,14586.2499267780,1,SRM-USDT
2022-10-13 14:00:00,1665640800000,0.7200000000,0.7220000000,0.7120000000,0.7140000000,56050.3987650000,40189.7925140380,40189.7925140380,1,SRM-USDT
2022-10-13 15:00:00,1665644400000,0.7120000000,0.7130000000,0.6960000000,0.7050000000,175604.3581360000,123515.7852907560,123515.7852907560,1,SRM-USDT
2022-10-13 16:00:00,1665648000000,0.7040000000,0.7130000000,0.7040000000,0.7060000000,75924.5635280000,53663.3535977080,53663.3535977080,1,SRM-USDT
2022-10-13 17:00:00,1665651600000,0.7060000000,0.7070000000,0.7010000000,0.7030000000,11688.9270400000,8224.4386265630,8224.4386265630,1,SRM-USDT
2022-10-13 18:00:00,1665655200000,0.7030000000,0.7050000000,0.6890000000,0.7030000000,138437.2139580000,96540.0366019700,96540.0366019700,1,SRM-USDT
2022-10-13 19:00:00,1665658800000,0.7010000000,0.7100000000,0.7000000000,0.7040000000,57428.6609060000,40473.0210342340,40473.0210342340,1,SRM-USDT
2022-10-13 20:00:00,1665662400000,0.7020000000,0.7140000000,0.6900000000,0.6980000000,102595.5689900000,71841.8716448280,71841.8716448280,1,SRM-USDT
2022-10-13 21:00:00,1665666000000,0.6970000000,0.7040000000,0.6910000000,0.7030000000,35822.3496670000,24927.5068309250,24927.5068309250,1,SRM-USDT
2022-10-13 22:00:00,1665669600000,0.7010000000,0.7050000000,0.7000000000,0.7050000000,93340.3609920000,65635.4830762030,65635.4830762030,1,SRM-USDT
2022-10-13 23:00:00,1665673200000,0.7030000000,0.7200000000,0.7030000000,0.7160000000,89312.7665810000,63532.8964542600,63532.8964542600,1,SRM-USDT
2022-10-14 00:00:00,1665676800000,0.7150000000,0.7250000000,0.7140000000,0.7230000000,14655.4133160000,10532.6169920300,10532.6169920300,1,SRM-USDT
2022-10-14 01:00:00,1665680400000,0.7220000000,0.7260000000,0.7200000000,0.7240000000,10712.4614050000,7752.7251044810,7752.7251044810,1,SRM-USDT
2022-10-14 02:00:00,1665684000000,0.7220000000,0.7280000000,0.7180000000,0.7270000000,19685.8439800000,14198.7956956490,14198.7956956490,1,SRM-USDT
2022-10-14 03:00:00,1665687600000,0.7280000000,0.7300000000,0.7230000000,0.7240000000,22756.8851750000,16493.1258941420,16493.1258941420,1,SRM-USDT
2022-10-14 04:00:00,1665691200000,0.7250000000,0.7290000000,0.7220000000,0.7240000000,15674.3715980000,11372.7913113500,11372.7913113500,1,SRM-USDT
2022-10-14 05:00:00,1665694800000,0.7230000000,0.7240000000,0.7210000000,0.7230000000,5050.5252380000,3650.9804527740,3650.9804527740,1,SRM-USDT
2022-10-14 06:00:00,1665698400000,0.7240000000,0.7250000000,0.7220000000,0.7220000000,10877.8489290000,7866.3532243900,7866.3532243900,1,SRM-USDT
2022-10-14 07:00:00,1665702000000,0.7210000000,0.7220000000,0.7180000000,0.7200000000,23206.1020310000,16685.8699775600,16685.8699775600,1,SRM-USDT
2022-10-14 08:00:00,1665705600000,0.7180000000,0.7220000000,0.7160000000,0.7220000000,25313.8277670000,18159.8301705710,18159.8301705710,1,SRM-USDT
2022-10-14 09:00:00,1665709200000,0.7220000000,0.7460000000,0.7210000000,0.7450000000,37602.6617050000,27683.5724101750,27683.5724101750,1,SRM-USDT
2022-10-14 10:00:00,1665712800000,0.7430000000,0.7520000000,0.7380000000,0.7420000000,126489.3693190000,94019.4750763030,94019.4750763030,1,SRM-USDT
2022-10-14 11:00:00,1665716400000,0.7410000000,0.7420000000,0.7370000000,0.7380000000,25741.7561380000,19058.7526391820,19058.7526391820,1,SRM-USDT
2022-10-14 12:00:00,1665720000000,0.7380000000,0.7390000000,0.7360000000,0.7380000000,7302.9980880000,5386.6160563900,5386.6160563900,1,SRM-USDT
2022-10-14 13:00:00,1665723600000,0.7380000000,0.7390000000,0.7340000000,0.7360000000,18258.1344730000,13448.2882121110,13448.2882121110,1,SRM-USDT
2022-10-14 14:00:00,1665727200000,0.7360000000,0.7370000000,0.7330000000,0.7340000000,19690.7174660000,14478.4042981080,14478.4042981080,1,SRM-USDT
2022-10-14 15:00:00,1665730800000,0.7340000000,0.7370000000,0.7290000000,0.7330000000,117918.6530860000,86394.6869817590,86394.6869817590,1,SRM-USDT
2022-10-14 16:00:00,1665734400000,0.7320000000,0.7340000000,0.7310000000,0.7330000000,25353.0614700000,18553.4733047550,18553.4733047550,1,SRM-USDT
2022-10-14 17:00:00,1665738000000,0.7320000000,0.7330000000,0.7300000000,0.7330000000,12421.5928900000,9080.9086616880,9080.9086616880,1,SRM-USDT
2022-10-14 18:00:00,1665741600000,0.7320000000,0.7380000000,0.7320000000,0.7350000000,14899.6856300000,10919.9512066580,10919.9512066580,1,SRM-USDT
2022-10-14 19:00:00,1665745200000,0.7350000000,0.7370000000,0.7330000000,0.7330000000,164.8724240000,121.3429055480,121.3429055480,1,SRM-USDT
2022-10-14 20:00:00,1665748800000,0.7300000000,0.7400000000,0.7300000000,0.7400000000,15354.8451180000,11312.2837724160,11312.2837724160,1,SRM-USDT
2022-10-14 21:00:00,1665752400000,0.7400000000,0.7430000000,0.7340000000,0.7350000000,32658.7508470000,24049.2695612890,24049.2695612890,1,SRM-USDT
2022-10-14 22:00:00,1665756000000,0.7340000000,0.7340000000,0.7200000000,0.7250000000,129436.1579460000,94061.7560259230,94061.7560259230,1,SRM-USDT
2022-10-14 23:00:00,1665759600000,0.7250000000,0.7260000000,0.7170000000,0.7200000000,31395.1177790000,22645.2211889210,22645.2211889210,1,SRM-USDT
2022-10-15 00:00:00,1665763200000,0.7190000000,0.7200000000,0.7100000000,0.7180000000,27378.5662420000,19563.8606877920,19563.8606877920,1,SRM-USDT
2022-10-15 01:00:00,1665766800000,0.7160000000,0.7210000000,0.7160000000,0.7210000000,39221.8159950000,28110.7947772590,28110.7947772590,1,SRM-USDT
2022-10-15 02:00:00,1665770400000,0.7200000000,0.7200000000,0.7100000000,0.7110000000,14816.1207140000,10582.1280932000,10582.1280932000,1,SRM-USDT
2022-10-15 03:00:00,1665774000000,0.7140000000,0.7140000000,0.7090000000,0.7120000000,19741.2791170000,14057.7560805290,14057.7560805290,1,SRM-USDT
2022-10-15 04:00:00,1665777600000,0.7110000000,0.7140000000,0.7100000000,0.7130000000,13581.4330970000,9662.5985041550,9662.5985041550,1,SRM-USDT
2022-10-15 05:00:00,1665781200000,0.7120000000,0.7130000000,0.7050000000,0.7060000000,25611.1622200000,18120.6506658150,18120.6506658150,1,SRM-USDT
2022-10-15 06:00:00,1665784800000,0.7060000000,0.7080000000,0.7030000000,0.7080000000,32467.3936590000,22878.4495678270,22878.4495678270,1,SRM-USDT
2022-10-15 07:00:00,1665788400000,0.7080000000,0.7120000000,0.7080000000,0.7110000000,4990.4005470000,3540.0085303450,3540.0085303450,1,SRM-USDT
2022-10-15 08:00:00,1665792000000,0.7110000000,0.7120000000,0.7090000000,0.7100000000,10034.9138510000,7118.4727499330,7118.4727499330,1,SRM-USDT
2022-10-15 09:00:00,1665795600000,0.7090000000,0.7100000000,0.7090000000,0.7100000000,213.6108060000,151.4509822880,151.4509822880,1,SRM-USDT
2022-10-15 10:00:00,1665799200000,0.7080000000,0.7120000000,0.7070000000,0.7120000000,7159.0073070000,5075.0176852750,5075.0176852750,1,SRM-USDT
2022-10-15 11:00:00,1665802800000,0.7110000000,0.7140000000,0.7110000000,0.7130000000,3654.2282050000,2604.4471882090,2604.4471882090,1,SRM-USDT
2022-10-15 12:00:00,1665806400000,0.7130000000,0.7140000000,0.7130000000,0.7140000000,2653.9814990000,1893.2830928050,1893.2830928050,1,SRM-USDT
2022-10-15 13:00:00,1665810000000,0.7130000000,0.7140000000,0.7110000000,0.7130000000,4285.5293470000,3051.1560314470,3051.1560314470,1,SRM-USDT
2022-10-15 14:00:00,1665813600000,0.7130000000,0.7140000000,0.7120000000,0.7130000000,1249.2153690000,890.6907071230,890.6907071230,1,SRM-USDT
2022-10-15 15:00:00,1665817200000,0.7120000000,0.7140000000,0.7120000000,0.7140000000,1192.5489480000,850.2669581370,850.2669581370,1,SRM-USDT
2022-10-15 16:00:00,1665820800000,0.7140000000,0.7140000000,0.7040000000,0.7050000000,26155.1219720000,18498.7465040720,18498.7465040720,1,SRM-USDT
2022-10-15 17:00:00,1665824400000,0.7060000000,0.7110000000,0.7050000000,0.7100000000,1968.7595060000,1396.5799550900,1396.5799550900,1,SRM-USDT
2022-10-15 18:00:00,1665828000000,0.7110000000,0.7120000000,0.7080000000,0.7120000000,4211.8660220000,2991.5857527700,2991.5857527700,1,SRM-USDT
2022-10-15 19:00:00,1665831600000,0.7110000000,0.7180000000,0.7110000000,0.7180000000,36148.5695850000,25748.4247138570,25748.4247138570,1,SRM-USDT
2022-10-15 20:00:00,1665835200000,0.7170000000,0.7180000000,0.7160000000,0.7170000000,1771.7036630000,1269.3385561930,1269.3385561930,1,SRM-USDT
2022-10-15 21:00:00,1665838800000,0.7160000000,0.7170000000,0.7110000000,0.7170000000,12828.2226170000,9157.8535888640,9157.8535888640,1,SRM-USDT
2022-10-15 22:00:00,1665842400000,0.7160000000,0.7190000000,0.7160000000,0.7180000000,5831.5673570000,4182.5296579850,4182.5296579850,1,SRM-USDT
2022-10-15 23:00:00,1665846000000,0.7160000000,0.7170000000,0.7140000000,0.7160000000,2473.4430000000,1770.2056247770,1770.2056247770,1,SRM-USDT
2022-10-16 00:00:00,1665849600000,0.7140000000,0.7190000000,0.7140000000,0.7150000000,11046.0390170000,7920.0792145480,7920.0792145480,1,SRM-USDT
2022-10-16 01:00:00,1665853200000,0.7150000000,0.7160000000,0.7120000000,0.7140000000,15034.6010870000,10736.0849235100,10736.0849235100,1,SRM-USDT
2022-10-16 02:00:00,1665856800000,0.7130000000,0.7170000000,0.7130000000,0.7150000000,963.8760730000,689.6647802520,689.6647802520,1,SRM-USDT
2022-10-16 03:00:00,1665860400000,0.7140000000,0.7160000000,0.7130000000,0.7130000000,5595.5115240000,3994.5596620160,3994.5596620160,1,SRM-USDT
2022-10-16 04:00:00,1665864000000,0.7140000000,0.7140000000,0.7120000000,0.7130000000,1479.8069580000,1055.1023610540,1055.1023610540,1,SRM-USDT
2022-10-16 05:00:00,1665867600000,0.7130000000,0.7140000000,0.7090000000,0.7140000000,16745.9438540000,11907.9619511540,11907.9619511540,1,SRM-USDT
2022-10-16 06:00:00,1665871200000,0.7110000000,0.7130000000,0.7080000000,0.7090000000,45489.6801370000,32236.9051537540,32236.9051537540,1,SRM-USDT
2022-10-16 07:00:00,1665874800000,0.7060000000,0.7160000000,0.7040000000,0.7090000000,53751.3313850000,38089.8286425580,38089.8286425580,1,SRM-USDT
2022-10-16 08:00:00,1665878400000,0.7090000000,0.7160000000,0.7090000000,0.7160000000,54965.3126370000,39176.9386057840,39176.9386057840,1,SRM-USDT
2022-10-16 09:00:00,1665882000000,0.7140000000,0.7190000000,0.7140000000,0.7170000000,6788.7300690000,4863.2201619770,4863.2201619770,1,SRM-USDT
2022-10-16 10:00:00,1665885600000,0.7150000000,0.7180000000,0.7130000000,0.7170000000,18384.7810610000,13153.5419343410,13153.5419343410,1,SRM-USDT
2022-10-16 11:00:00,1665889200000,0.7150000000,0.7170000000,0.7150000000,0.7170000000,4619.9636310000,3307.7771933230,3307.7771933230,1,SRM-USDT
2022-10-16 12:00:00,1665892800000,0.7160000000,0.7200000000,0.7150000000,0.7190000000,4779.1724070000,3424.9006827020,3424.9006827020,1,SRM-USDT
2022-10-16 13:00:00,1665896400000,0.7180000000,0.7200000000,0.7170000000,0.7190000000,1956.4464230000,1405.6368096640,1405.6368096640,1,SRM-USDT
2022-10-16 14:00:00,1665900000000,0.7190000000,0.7200000000,0.7160000000,0.7180000000,7357.4009910000,5276.8614135800,5276.8614135800,1,SRM-USDT
2022-10-16 15:00:00,1665903600000,0.7170000000,0.7190000000,0.7170000000,0.7190000000,1524.4289420000,1094.0865876620,1094.0865876620,1,SRM-USDT
2022-10-16 16:00:00,1665907200000,0.7180000000,0.7250000000,0.7180000000,0.7220000000,16633.4659090000,12015.6544353460,12015.6544353460,1,SRM-USDT
2022-10-16 17:00:00,1665910800000,0.7210000000,0.7220000000,0.7200000000,0.7210000000,18723.8606910000,13483.1190416060,13483.1190416060,1,SRM-USDT
2022-10-16 18:00:00,1665914400000,0.7210000000,0.7230000000,0.7150000000,0.7210000000,24964.4496960000,17938.1350654780,17938.1350654780,1,SRM-USDT
2022-10-16 19:00:00,1665918000000,0.7200000000,0.7220000000,0.7190000000,0.7220000000,15826.9853050000,11395.0162011600,11395.0162011600,1,SRM-USDT
2022-10-16 20:00:00,1665921600000,0.7220000000,0.7240000000,0.7200000000,0.7230000000,27583.8052990000,19891.9737235100,19891.9737235100,1,SRM-USDT
2022-10-16 21:00:00,1665925200000,0.7220000000,0.7240000000,0.7200000000,0.7200000000,7476.8416750000,5398.5954496820,5398.5954496820,1,SRM-USDT
2022-10-16 22:00:00,1665928800000,0.7210000000,0.7210000000,0.7150000000,0.7190000000,53157.4624950000,38136.5713133330,38136.5713133330,1,SRM-USDT
2022-10-16 23:00:00,1665932400000,0.7180000000,0.7230000000,0.7170000000,0.7220000000,15666.8349300000,11292.1190376020,11292.1190376020,1,SRM-USDT
2022-10-17 00:00:00,1665936000000,0.7230000000,0.7230000000,0.7150000000,0.7170000000,9488.6320510000,6815.3982373260,6815.3982373260,1,SRM-USDT
2022-10-17 01:00:00,1665939600000,0.7180000000,0.7190000000,0.7170000000,0.7190000000,4145.9241530000,2976.7739418540,2976.7739418540,1,SRM-USDT
2022-10-17 02:00:00,1665943200000,0.7170000000,0.7170000000,0.7120000000,0.7160000000,47739.6749460000,34060.4004307110,34060.4004307110,1,SRM-USDT
2022-10-17 03:00:00,1665946800000,0.7150000000,0.7320000000,0.7150000000,0.7320000000,138348.2007060000,100149.8571523690,100149.8571523690,1,SRM-USDT
2022-10-17 04:00:00,1665950400000,0.7320000000,0.7330000000,0.7230000000,0.7270000000,34686.5687980000,25163.6740492950,25163.6740492950,1,SRM-USDT
2022-10-17 05:00:00,1665954000000,0.7260000000,0.7270000000,0.7160000000,0.7170000000,60523.0373590000,43515.5606390570,43515.5606390570,1,SRM-USDT
2022-10-17 06:00:00,1665957600000,0.7160000000,0.7270000000,0.7140000000,0.7270000000,20648.7372700000,14909.6067734480,14909.6067734480,1,SRM-USDT
2022-10-17 07:00:00,1665961200000,0.7250000000,0.7250000000,0.7180000000,0.7200000000,30133.1361920000,21722.0780285580,21722.0780285580,1,SRM-USDT
2022-10-17 08:00:00,1665964800000,0.7220000000,0.7250000000,0.7150000000,0.7190000000,9253.5687090000,6654.8973923230,6654.8973923230,1,SRM-USDT
2022-10-17 09:00:00,1665968400000,0.7180000000,0.7190000000,0.7140000000,0.7140000000,11623.2735570000,8338.7309881400,8338.7309881400,1,SRM-USDT
2022-10-17 10:00:00,1665972000000,0.7150000000,0.7210000000,0.7140000000,0.7190000000,19487.7304050000,14008.0931284570,14008.0931284570,1,SRM-USDT
2022-10-17 11:00:00,1665975600000,0.7200000000,0.7200000000,0.7170000000,0.7180000000,3223.1460270000,2314.6493521660,2314.6493521660,1,SRM-USDT
2022-10-17 12:00:00,1665979200000,0.7180000000,0.7220000000,0.7180000000,0.7220000000,8146.8180710000,5872.8211440710,5872.8211440710,1,SRM-USDT
2022-10-17 13:00:00,1665982800000,0.7240000000,0.7260000000,0.7220000000,0.7260000000,1593.1125990000,1153.7840113530,1153.7840113530,1,SRM-USDT
2022-10-17 14:00:00,1665986400000,0.7250000000,0.7260000000,0.7210000000,0.7220000000,18525.2950860000,13402.2361990740,13402.2361990740,1,SRM-USDT
2022-10-17 15:00:00,1665990000000,0.7230000000,0.7300000000,0.7210000000,0.7300000000,80208.5309310000,58289.0285376640,58289.0285376640,1,SRM-USDT
2022-10-17 16:00:00,1665993600000,0.7280000000,0.7290000000,0.7240000000,0.7240000000,33633.3195920000,24389.4852607360,24389.4852607360,1,SRM-USDT
2022-10-17 17:00:00,1665997200000,0.7250000000,0.7360000000,0.7250000000,0.7300000000,61870.9237720000,45184.8120990680,45184.8120990680,1,SRM-USDT
2022-10-17 18:00:00,1666000800000,0.7330000000,0.7400000000,0.7320000000,0.7370000000,67345.5083390000,49637.0150688470,49637.0150688470,1,SRM-USDT
2022-10-17 19:00:00,1666004400000,0.7380000000,0.7430000000,0.7360000000,0.7390000000,70532.4490660000,52236.0573143630,52236.0573143630,1,SRM-USDT
2022-10-17 20:00:00,1666008000000,0.7400000000,0.7470000000,0.7390000000,0.7430000000,106635.0079830000,79112.0125311700,79112.0125311700,1,SRM-USDT
2022-10-17 21:00:00,1666011600000,0.7460000000,0.7570000000,0.7460000000,0.7520000000,46602.7767550000,35098.3640239990,35098.3640239990,1,SRM-USDT
2022-10-17 22:00:00,1666015200000,0.7510000000,0.7560000000,0.7440000000,0.7450000000,75271.7844370000,56493.1413798840,56493.1413798840,1,SRM-USDT
2022-10-17 23:00:00,1666018800000,0.7460000000,0.7470000000,0.7420000000,0.7470000000,50604.2014920000,37658.2606161490,37658.2606161490,1,SRM-USDT
2022-10-18 00:00:00,1666022400000,0.7450000000,0.7510000000,0.7450000000,0.7470000000,11418.6644310000,8541.0415151570,8541.0415151570,1,SRM-USDT
2022-10-18 01:00:00,1666026000000,0.7470000000,0.7500000000,0.7460000000,0.7490000000,10233.1678780000,7654.8750978780,7654.8750978780,1,SRM-USDT
2022-10-18 02:00:00,1666029600000,0.7500000000,0.7500000000,0.7410000000,0.7450000000,10972.2762250000,8157.6515042250,8157.6515042250,1,SRM-USDT
2022-10-18 03:00:00,1666033200000,0.7430000000,0.7450000000,0.7420000000,0.7450000000,9055.9539030000,6734.5741381580,6734.5741381580,1,SRM-USDT
2022-10-18 04:00:00,1666036800000,0.7430000000,0.7470000000,0.7420000000,0.7460000000,6226.1826960000,4633.0328857110,4633.0328857110,1,SRM-USDT
2022-10-18 05:00:00,1666040400000,0.7430000000,0.7450000000,0.7420000000,0.7430000000,2348.0807870000,1745.2469633280,1745.2469633280,1,SRM-USDT
2022-10-18 06:00:00,1666044000000,0.7450000000,0.7480000000,0.7420000000,0.7450000000,18290.4635100000,13623.0793363760,13623.0793363760,1,SRM-USDT
2022-10-18 07:00:00,1666047600000,0.7440000000,0.7490000000,0.7430000000,0.7470000000,11301.1761130000,8426.1606826320,8426.1606826320,1,SRM-USDT
2022-10-18 08:00:00,1666051200000,0.7470000000,0.7540000000,0.7450000000,0.7510000000,40298.6209210000,30188.3583410880,30188.3583410880,1,SRM-USDT
2022-10-18 09:00:00,1666054800000,0.7490000000,0.7500000000,0.7340000000,0.7350000000,46525.3508880000,34476.6916189940,34476.6916189940,1,SRM-USDT
2022-10-18 10:00:00,1666058400000,0.7360000000,0.7420000000,0.7360000000,0.7390000000,34027.4054010000,25116.6273069500,25116.6273069500,1,SRM-USDT
2022-10-18 11:00:00,1666062000000,0.7380000000,0.7480000000,0.7380000000,0.7470000000,14193.7931420000,10557.1095764160,10557.1095764160,1,SRM-USDT
2022-10-18 12:00:00,1666065600000,0.7460000000,0.7500000000,0.7440000000,0.7460000000,25496.2641580000,19034.9573679190,19034.9573679190,1,SRM-USDT
2022-10-18 13:00:00,1666069200000,0.7470000000,0.7480000000,0.7410000000,0.7450000000,25630.3649290000,19072.8344963390,19072.8344963390,1,SRM-USDT
2022-10-18 14:00:00,1666072800000,0.7450000000,0.7520000000,0.7440000000,0.7520000000,37943.9622390000,28429.0740876550,28429.0740876550,1,SRM-USDT
2022-10-18 15:00:00,1666076400000,0.7500000000,0.7560000000,0.7480000000,0.7560000000,25514.3997190000,19165.2555436400,19165.2555436400,1,SRM-USDT
2022-10-18 16:00:00,1666080000000,0.7540000000,0.7550000000,0.7400000000,0.7410000000,26014.7913180000,19470.0640109080,19470.0640109080,1,SRM-USDT
2022-10-18 17:00:00,1666083600000,0.7400000000,0.7450000000,0.7350000000,0.7410000000,41245.0332430000,30463.7997342420,30463.7997342420,1,SRM-USDT
2022-10-18 18:00:00,1666087200000,0.7400000000,0.7470000000,0.7390000000,0.7430000000,30994.5720250000,22999.0084587620,22999.0084587620,1,SRM-USDT
2022-10-18 19:00:00,1666090800000,0.7430000000,0.7540000000,0.7430000000,0.7510000000,44412.9473100000,33215.7524409620,33215.7524409620,1,SRM-USDT
2022-10-18 20:00:00,1666094400000,0.7500000000,0.7550000000,0.7480000000,0.7500000000,18327.8768470000,13763.3801626640,13763.3801626640,1,SRM-USDT
2022-10-18 21:00:00,1666098000000,0.7500000000,0.7550000000,0.7380000000,0.7440000000,103057.2708620000,76950.2104713210,76950.2104713210,1,SRM-USDT
2022-10-18 22:00:00,1666101600000,0.7420000000,0.7500000000,0.7370000000,0.7440000000,96723.2283110000,71932.1297611750,71932.1297611750,1,SRM-USDT
2022-10-18 23:00:00,1666105200000,0.7410000000,0.7460000000,0.7380000000,0.7430000000,46453.3748320000,34451.8680370410,34451.8680370410,1,SRM-USDT
2022-10-19 00:00:00,1666108800000,0.7420000000,0.7500000000,0.7410000000,0.7460000000,53886.5657530000,40197.4395055740,40197.4395055740,1,SRM-USDT
2022-10-19 01:00:00,1666112400000,0.7430000000,0.7530000000,0.7410000000,0.7510000000,36336.7354310000,27162.9008962350,27162.9008962350,1,SRM-USDT
2022-10-19 02:00:00,1666116000000,0.7500000000,0.7520000000,0.7380000000,0.7400000000,42443.4151610000,31545.7330790970,31545.7330790970,1,SRM-USDT
2022-10-19 03:00:00,1666119600000,0.7380000000,0.7510000000,0.7370000000,0.7510000000,38654.6253340000,28683.5998718680,28683.5998718680,1,SRM-USDT
2022-10-19 04:00:00,1666123200000,0.7510000000,0.7620000000,0.7500000000,0.7600000000,38928.0765070000,29431.0799564380,29431.0799564380,1,SRM-USDT
2022-10-19 05:00:00,1666126800000,0.7590000000,0.7610000000,0.7530000000,0.7550000000,36027.3806070000,27268.1759159050,27268.1759159050,1,SRM-USDT
2022-10-19 06:00:00,1666130400000,0.7530000000,0.7570000000,0.7510000000,0.7530000000,23086.4482040000,17377.4339336210,17377.4339336210,1,SRM-USDT
2022-10-19 07:00:00,1666134000000,0.7520000000,0.7560000000,0.7510000000,0.7550000000,15245.5067780000,11477.7625030750,11477.7625030750,1,SRM-USDT
2022-10-19 08:00:00,1666137600000,0.7540000000,0.7570000000,0.7420000000,0.7440000000,26265.3718720000,19700.4355819170,19700.4355819170,1,SRM-USDT
2022-10-19 09:00:00,1666141200000,0.7420000000,0.7480000000,0.7420000000,0.7460000000,9965.9619690000,7425.2103628680,7425.2103628680,1,SRM-USDT
2022-10-19 10:00:00,1666144800000,0.7450000000,0.7460000000,0.7390000000,0.7430000000,26525.3171840000,19648.0663573530,19648.0663573530,1,SRM-USDT
2022-10-19 11:00:00,1666148400000,0.7420000000,0.7450000000,0.7410000000,0.7450000000,12130.0586800000,9003.6326623010,9003.6326623010,1,SRM-USDT
2022-10-19 12:00:00,1666152000000,0.7430000000,0.7440000000,0.7390000000,0.7410000000,34377.1823450000,25475.3558346340,25475.3558346340,1,SRM-USDT
2022-10-19 13:00:00,1666155600000,0.7400000000,0.7430000000,0.7360000000,0.7390000000,35161.6509480000,26033.5650461700,26033.5650461700,1,SRM-USDT
2022-10-19 14:00:00,1666159200000,0.7380000000,0.7430000000,0.7320000000,0.7370000000,45564.6766180000,33626.9433777380,33626.9433777380,1,SRM-USDT
2022-10-19 15:00:00,1666162800000,0.7350000000,0.7390000000,0.7330000000,0.7370000000,33685.7167940000,24777.8089263740,24777.8089263740,1,SRM-USDT
2022-10-19 16:00:00,1666166400000,0.7360000000,0.7370000000,0.7300000000,0.7350000000,32826.2289210000,24064.0824187080,24064.0824187080,1,SRM-USDT
2022-10-19 17:00:00,1666170000000,0.7360000000,0.7400000000,0.7330000000,0.7400000000,32268.2019860000,23753.4515634120,23753.4515634120,1,SRM-USDT
2022-10-19 18:00:00,1666173600000,0.7380000000,0.7390000000,0.7340000000,0.7370000000,13468.5532680000,9919.2421114980,9919.2421114980,1,SRM-USDT
2022-10-19 19:00:00,1666177200000,0.7350000000,0.7370000000,0.7320000000,0.7360000000,28546.2410420000,20958.0254323620,20958.0254323620,1,SRM-USDT
2022-10-19 20:00:00,1666180800000,0.7350000000,0.7360000000,0.7280000000,0.7300000000,56523.1449300000,41271.6201735900,41271.6201735900,1,SRM-USDT
2022-10-19 21:00:00,1666184400000,0.7290000000,0.7340000000,0.7220000000,0.7240000000,46193.6773570000,33564.7703265850,33564.7703265850,1,SRM-USDT
2022-10-19 22:00:00,1666188000000,0.7220000000,0.7320000000,0.7220000000,0.7250000000,18934.1612710000,13761.3959779170,13761.3959779170,1,SRM-USDT
2022-10-19 23:00:00,1666191600000,0.7240000000,0.7300000000,0.7240000000,0.7290000000,38689.3923050000,28173.4194050720,28173.4194050720,1,SRM-USDT
2022-10-20 00:00:00,1666195200000,0.7290000000,0.7290000000,0.7220000000,0.7230000000,17570.3597970000,12748.2269742130,12748.2269742130,1,SRM-USDT
2022-10-20 01:00:00,1666198800000,0.7220000000,0.7220000000,0.7190000000,0.7220000000,16575.9251850000,11934.7665372690,11934.7665372690,1,SRM-USDT
2022-10-20 02:00:00,1666202400000,0.7230000000,0.7240000000,0.7210000000,0.7230000000,10283.7260940000,7423.0470839610,7423.0470839610,1,SRM-USDT
2022-10-20 03:00:00,1666206000000,0.7200000000,0.7240000000,0.7200000000,0.7240000000,6305.4494420000,4557.0195119420,4557.0195119420,1,SRM-USDT
2022-10-20 04:00:00,1666209600000,0.7230000000,0.7260000000,0.7190000000,0.7220000000,9463.6404420000,6827.8758063890,6827.8758063890,1,SRM-USDT
2022-10-20 05:00:00,1666213200000,0.7230000000,0.7230000000,0.7200000000,0.7200000000,7522.2600810000,5420.9904283320,5420.9904283320,1,SRM-USDT
2022-10-20 06:00:00,1666216800000,0.7190000000,0.7200000000,0.6980000000,0.7040000000,195596.7698620000,138254.7356170820,138254.7356170820,1,SRM-USDT
2022-10-20 07:00:00,1666220400000,0.7030000000,0.7050000000,0.6960000000,0.7040000000,147638.4265180000,103430.7832527160,103430.7832527160,1,SRM-USDT
2022-10-20 08:00:00,1666224000000,0.7020000000,0.7050000000,0.6920000000,0.6940000000,51006.7190630000,35605.8685411620,35605.8685411620,1,SRM-USDT
2022-10-20 09:00:00,1666227600000,0.6930000000,0.7000000000,0.6930000000,0.7000000000,20004.6590530000,13962.4816408850,13962.4816408850,1,SRM-USDT
2022-10-20 10:00:00,1666231200000,0.7000000000,0.7020000000,0.6990000000,0.7020000000,6609.2619680000,4630.0649680680,4630.0649680680,1,SRM-USDT
2022-10-20 11:00:00,1666234800000,0.7010000000,0.7030000000,0.6990000000,0.7030000000,1200.2747030000,840.8681705610,840.8681705610,1,SRM-USDT
2022-10-20 12:00:00,1666238400000,0.7010000000,0.7140000000,0.7010000000,0.7100000000,27301.4896360000,19319.8332440000,19319.8332440000,1,SRM-USDT
2022-10-20 13:00:00,1666242000000,0.7100000000,0.7160000000,0.7100000000,0.7130000000,28060.9293610000,19977.2363750000,19977.2363750000,1,SRM-USDT
2022-10-20 14:00:00,1666245600000,0.7120000000,0.7130000000,0.7100000000,0.7130000000,3737.3995620000,2658.9386850000,2658.9386850000,1,SRM-USDT
2022-10-20 15:00:00,1666249200000,0.7130000000,0.7150000000,0.7110000000,0.7150000000,19540.5714190000,13928.2537910000,13928.2537910000,1,SRM-USDT
2022-10-20 16:00:00,1666252800000,0.7140000000,0.7160000000,0.7130000000,0.7150000000,14063.1396530000,10045.3507010000,10045.3507010000,1,SRM-USDT
2022-10-20 17:00:00,1666256400000,0.7150000000,0.7200000000,0.7130000000,0.7200000000,9393.9799470000,6708.0197630000,6708.0197630000,1,SRM-USDT
2022-10-20 18:00:00,1666260000000,0.7190000000,0.7290000000,0.7180000000,0.7270000000,49482.6901550000,35713.2654570000,35713.2654570000,1,SRM-USDT
2022-10-20 19:00:00,1666263600000,0.7260000000,0.7280000000,0.7250000000,0.7270000000,5848.1981250000,4243.7916380000,4243.7916380000,1,SRM-USDT
2022-10-20 20:00:00,1666267200000,0.7260000000,0.7310000000,0.7190000000,0.7210000000,21159.0471390000,15329.8216720000,15329.8216720000,1,SRM-USDT
2022-10-20 21:00:00,1666270800000,0.7190000000,0.7280000000,0.7190000000,0.7270000000,29616.5588970000,21431.5837800000,21431.5837800000,1,SRM-USDT
2022-10-20 22:00:00,1666274400000,0.7250000000,0.7350000000,0.7250000000,0.7300000000,54242.0998960000,39604.1572410000,39604.1572410000,1,SRM-USDT
2022-10-20 23:00:00,1666278000000,0.7280000000,0.7300000000,0.7220000000,0.7230000000,11879.1885290000,8622.9018770000,8622.9018770000,1,SRM-USDT
2022-10-21 00:00:00,1666281600000,0.7220000000,0.7220000000,0.7180000000,0.7190000000,16179.4060670000,11637.4731890000,11637.4731890000,1,SRM-USDT
2022-10-21 01:00:00,1666285200000,0.7180000000,0.7190000000,0.7130000000,0.7150000000,22397.7143790000,16031.3178840000,16031.3178840000,1,SRM-USDT
2022-10-21 02:00:00,1666288800000,0.7130000000,0.7150000000,0.7030000000,0.7140000000,21541.6379800000,15263.5026000000,15263.5026000000,1,SRM-USDT
2022-10-21 03:00:00,1666292400000,0.7120000000,0.7150000000,0.7100000000,0.7130000000,4421.4444330000,3147.6312690000,3147.6312690000,1,SRM-USDT
2022-10-21 04:00:00,1666296000000,0.7140000000,0.7140000000,0.7040000000,0.7090000000,27375.7405010000,19404.6528840000,19404.6528840000,1,SRM-USDT
2022-10-21 05:00:00,1666299600000,0.7080000000,0.7110000000,0.7060000000,0.7110000000,17891.1075560000,12695.2933060000,12695.2933060000,1,SRM-USDT
2022-10-21 06:00:00,1666303200000,0.7110000000,0.7120000000,0.7080000000,0.7110000000,18794.4002140000,13343.4737620000,13343.4737620000,1,SRM-USDT
2022-10-21 07:00:00,1666306800000,0.7090000000,0.7140000000,0.7090000000,0.7110000000,7986.9302140000,5675.6660480000,5675.6660480000,1,SRM-USDT
2022-10-21 08:00:00,1666310400000,0.7100000000,0.7100000000,0.6820000000,0.6950000000,296666.0513030000,205069.1236060000,205069.1236060000,1,SRM-USDT
2022-10-21 09:00:00,1666314000000,0.6940000000,0.6980000000,0.6920000000,0.6960000000,25589.7441370000,17775.9483010000,17775.9483010000,1,SRM-USDT
2022-10-21 10:00:00,1666317600000,0.6960000000,0.7000000000,0.6960000000,0.6990000000,22719.3771510000,15840.9787360000,15840.9787360000,1,SRM-USDT
2022-10-21 11:00:00,1666321200000,0.7000000000,0.7000000000,0.6980000000,0.7000000000,3869.0836930000,2703.1023690000,2703.1023690000,1,SRM-USDT
2022-10-21 12:00:00,1666324800000,0.6970000000,0.6990000000,0.6930000000,0.6940000000,9016.4378360000,6281.7881520000,6281.7881520000,1,SRM-USDT
2022-10-21 13:00:00,1666328400000,0.6950000000,0.6950000000,0.6900000000,0.6900000000,10901.7125940000,7544.0499400000,7544.0499400000,1,SRM-USDT
2022-10-21 14:00:00,1666332000000,0.6900000000,0.6950000000,0.6880000000,0.6880000000,59434.9537790000,41049.1236090000,41049.1236090000,1,SRM-USDT
2022-10-21 15:00:00,1666335600000,0.6880000000,0.6940000000,0.6850000000,0.6890000000,42786.9883810000,29529.2558420000,29529.2558420000,1,SRM-USDT
2022-10-21 16:00:00,1666339200000,0.6880000000,0.6890000000,0.6770000000,0.6830000000,142113.0468000000,96969.8682540000,96969.8682540000,1,SRM-USDT
2022-10-21 17:00:00,1666342800000,0.6830000000,0.6900000000,0.6790000000,0.6900000000,33108.2711990000,22685.7999150000,22685.7999150000,1,SRM-USDT
2022-10-21 18:00:00,1666346400000,0.6890000000,0.6900000000,0.6860000000,0.6900000000,14675.8176150000,10092.5182490000,10092.5182490000,1,SRM-USDT
2022-10-21 19:00:00,1666350000000,0.6890000000,0.6900000000,0.6840000000,0.6870000000,17555.6801080000,12072.4473480000,12072.4473480000,1,SRM-USDT
2022-10-21 20:00:00,1666353600000,0.6850000000,0.6940000000,0.6750000000,0.6930000000,53507.6596800000,36599.2364020000,36599.2364020000,1,SRM-USDT
2022-10-21 21:00:00,1666357200000,0.6930000000,0.7000000000,0.6920000000,0.7000000000,51040.7413230000,35524.9753310000,35524.9753310000,1,SRM-USDT
2022-10-21 22:00:00,1666360800000,0.7000000000,0.7020000000,0.6950000000,0.6960000000,59698.0753220000,41751.2683660000,41751.2683660000,1,SRM-USDT
2022-10-21 23:00:00,1666364400000,0.6960000000,0.7030000000,0.6940000000,0.7030000000,12974.7506930000,9052.5803760000,9052.5803760000,1,SRM-USDT
2022-10-22 00:00:00,1666368000000,0.7030000000,0.7060000000,0.6980000000,0.7010000000,29882.6700950000,20969.4694410000,20969.4694410000,1,SRM-USDT
2022-10-22 01:00:00,1666371600000,0.7000000000,0.7080000000,0.7000000000,0.7050000000,27253.2273110000,19192.9704500000,19192.9704500000,1,SRM-USDT
2022-10-22 02:00:00,1666375200000,0.7040000000,0.7060000000,0.7010000000,0.7040000000,4730.9402080000,3323.9933400000,3323.9933400000,1,SRM-USDT
2022-10-22 03:00:00,1666378800000,0.7050000000,0.7100000000,0.7030000000,0.7100000000,17339.7347750000,12248.0198300000,12248.0198300000,1,SRM-USDT
2022-10-22 04:00:00,1666382400000,0.7060000000,0.7090000000,0.7040000000,0.7050000000,5799.7970750000,4092.6289940000,4092.6289940000,1,SRM-USDT
2022-10-22 05:00:00,1666386000000,0.7030000000,0.7050000000,0.7030000000,0.7050000000,17517.1353190000,12328.5025920000,12328.5025920000,1,SRM-USDT
2022-10-22 06:00:00,1666389600000,0.7040000000,0.7060000000,0.7030000000,0.7060000000,4940.0191970000,3478.7012030000,3478.7012030000,1,SRM-USDT
2022-10-22 07:00:00,1666393200000,0.7050000000,0.7060000000,0.7050000000,0.7060000000,3056.4428880000,2154.8076000000,2154.8076000000,1,SRM-USDT
2022-10-22 08:00:00,1666396800000,0.7050000000,0.7060000000,0.7030000000,0.7030000000,6244.7866560000,4395.6761060000,4395.6761060000,1,SRM-USDT
2022-10-22 09:00:00,1666400400000,0.7040000000,0.7040000000,0.7010000000,0.7010000000,13631.8428710000,9558.1261960000,9558.1261960000,1,SRM-USDT
2022-10-22 10:00:00,1666404000000,0.7010000000,0.7020000000,0.6980000000,0.6980000000,3553.9890210000,2491.9618880000,2491.9618880000,1,SRM-USDT
2022-10-22 11:00:00,1666407600000,0.6980000000,0.7010000000,0.6980000000,0.7000000000,121.7862770000,85.2013900000,85.2013900000,1,SRM-USDT
2022-10-22 12:00:00,1666411200000,0.7000000000,0.7010000000,0.6990000000,0.7000000000,2366.4408130000,1655.2763800000,1655.2763800000,1,SRM-USDT
2022-10-22 13:00:00,1666414800000,0.6980000000,0.7020000000,0.6950000000,0.7020000000,10116.1010850000,7060.9385190000,7060.9385190000,1,SRM-USDT
2022-10-22 14:00:00,1666418400000,0.7020000000,0.7060000000,0.7020000000,0.7040000000,21806.4748780000,15353.3141740000,15353.3141740000,1,SRM-USDT
2022-10-22 15:00:00,1666422000000,0.7030000000,0.7060000000,0.7030000000,0.7060000000,3824.8834980000,2693.1179560000,2693.1179560000,1,SRM-USDT
2022-10-22 16:00:00,1666425600000,0.7060000000,0.7060000000,0.7060000000,0.7060000000,0.0000000000,0.0000000000,0.0000000000,1,SRM-USDT
2022-10-22 17:00:00,1666429200000,0.7050000000,0.7050000000,0.7050000000,0.7050000000,28.5592270000,20.1342550000,20.1342550000,1,SRM-USDT
2022-10-22 18:00:00,1666432800000,0.7050000000,0.7060000000,0.7050000000,0.7060000000,364.5607000000,257.0153930000,257.0153930000,1,SRM-USDT
2022-10-22 19:00:00,1666436400000,0.7070000000,0.7080000000,0.7060000000,0.7080000000,7584.5179600000,5361.1807420000,5361.1807420000,1,SRM-USDT
2022-10-22 20:00:00,1666440000000,0.7080000000,0.7090000000,0.7070000000,0.7080000000,6972.1526790000,4933.8125390000,4933.8125390000,1,SRM-USDT
2022-10-22 21:00:00,1666443600000,0.7080000000,0.7130000000,0.7070000000,0.7100000000,34895.9759930000,24774.5339500000,24774.5339500000,1,SRM-USDT
2022-10-22 22:00:00,1666447200000,0.7110000000,0.7120000000,0.7100000000,0.7120000000,3169.1340380000,2253.1182050000,2253.1182050000,1,SRM-USDT
2022-10-22 23:00:00,1666450800000,0.7120000000,0.7140000000,0.7100000000,0.7120000000,8833.7266210000,6288.8282320000,6288.8282320000,1,SRM-USDT
2022-10-23 00:00:00,1666454400000,0.7110000000,0.7120000000,0.7040000000,0.7040000000,16399.5091690000,11597.7912070000,11597.7912070000,1,SRM-USDT
2022-10-23 01:00:00,1666458000000,0.7030000000,0.7040000000,0.7000000000,0.7020000000,5379.5587830000,3774.0506130000,3774.0506130000,1,SRM-USDT
2022-10-23 02:00:00,1666461600000,0.7010000000,0.7030000000,0.7010000000,0.7020000000,5301.8538370000,3720.4361330000,3720.4361330000,1,SRM-USDT
2022-10-23 03:00:00,1666465200000,0.7020000000,0.7040000000,0.6980000000,0.7020000000,22496.8566250000,15774.8268900000,15774.8268900000,1,SRM-USDT
2022-10-23 04:00:00,1666468800000,0.7010000000,0.7040000000,0.7010000000,0.7040000000,4646.1547360000,3261.6000920000,3261.6000920000,1,SRM-USDT
2022-10-23 05:00:00,1666472400000,0.7030000000,0.7040000000,0.7020000000,0.7040000000,2344.5491950000,1648.1468620000,1648.1468620000,1,SRM-USDT
2022-10-23 06:00:00,1666476000000,0.7030000000,0.7040000000,0.7010000000,0.7030000000,16331.6520300000,11471.1319790000,11471.1319790000,1,SRM-USDT
2022-10-23 07:00:00,1666479600000,0.7020000000,0.7040000000,0.7010000000,0.7040000000,2992.6237730000,2102.8483840000,2102.8483840000,1,SRM-USDT
2022-10-23 08:00:00,1666483200000,0.7040000000,0.7050000000,0.7030000000,0.7050000000,12445.3576930000,8757.8135560000,8757.8135560000,1,SRM-USDT
2022-10-23 09:00:00,1666486800000,0.7040000000,0.7040000000,0.7020000000,0.7030000000,6917.2511330000,4864.2515000000,4864.2515000000,1,SRM-USDT
2022-10-23 10:00:00,1666490400000,0.7030000000,0.7090000000,0.7030000000,0.7070000000,22272.5675270000,15739.3642510000,15739.3642510000,1,SRM-USDT
2022-10-23 11:00:00,1666494000000,0.7060000000,0.7090000000,0.7050000000,0.7060000000,3190.5202400000,2252.3671430000,2252.3671430000,1,SRM-USDT
2022-10-23 12:00:00,1666497600000,0.7050000000,0.7080000000,0.7050000000,0.7070000000,5436.4029210000,3839.1104190000,3839.1104190000,1,SRM-USDT
2022-10-23 13:00:00,1666501200000,0.7060000000,0.7070000000,0.7040000000,0.7060000000,29772.3713460000,20987.5575570000,20987.5575570000,1,SRM-USDT
2022-10-23 14:00:00,1666504800000,0.7040000000,0.7060000000,0.7030000000,0.7040000000,4725.9991950000,3326.8490750000,3326.8490750000,1,SRM-USDT
2022-10-23 15:00:00,1666508400000,0.7050000000,0.7050000000,0.7030000000,0.7050000000,731.4352880000,514.9302110000,514.9302110000,1,SRM-USDT
2022-10-23 16:00:00,1666512000000,0.7040000000,0.7050000000,0.7030000000,0.7050000000,1837.5992870000,1293.5607420000,1293.5607420000,1,SRM-USDT
2022-10-23 17:00:00,1666515600000,0.7040000000,0.7050000000,0.7030000000,0.7040000000,640.4856950000,450.2637430000,450.2637430000,1,SRM-USDT
2022-10-23 18:00:00,1666519200000,0.7040000000,0.7040000000,0.7040000000,0.7040000000,7.0000000000,4.9280000000,4.9280000000,1,SRM-USDT
2022-10-23 19:00:00,1666522800000,0.7000000000,0.7000000000,0.6930000000,0.6990000000,62261.3421590000,43316.6300750000,43316.6300750000,1,SRM-USDT
2022-10-23 20:00:00,1666526400000,0.6980000000,0.7000000000,0.6930000000,0.7000000000,21054.8993680000,14643.3639520000,14643.3639520000,1,SRM-USDT
2022-10-23 21:00:00,1666530000000,0.6980000000,0.7010000000,0.6970000000,0.6990000000,15314.4724720000,10691.0851530000,10691.0851530000,1,SRM-USDT
2022-10-23 22:00:00,1666533600000,0.6990000000,0.7010000000,0.6990000000,0.7010000000,749.4688330000,523.8946140000,523.8946140000,1,SRM-USDT
2022-10-23 23:00:00,1666537200000,0.6990000000,0.7010000000,0.6990000000,0.7000000000,2418.5390720000,1690.5754950000,1690.5754950000,1,SRM-USDT
2022-10-24 00:00:00,1666540800000,0.6990000000,0.7000000000,0.6960000000,0.6980000000,12076.1047010000,8420.4310920000,8420.4310920000,1,SRM-USDT
2022-10-24 01:00:00,1666544400000,0.6990000000,0.7070000000,0.6970000000,0.7060000000,26356.1579160000,18500.3837800000,18500.3837800000,1,SRM-USDT
2022-10-24 02:00:00,1666548000000,0.7070000000,0.7100000000,0.7060000000,0.7070000000,18189.5713500000,12878.6907710000,12878.6907710000,1,SRM-USDT
2022-10-24 03:00:00,1666551600000,0.7050000000,0.7130000000,0.7050000000,0.7130000000,10361.7354470000,7352.2003160000,7352.2003160000,1,SRM-USDT
2022-10-24 04:00:00,1666555200000,0.7110000000,0.7140000000,0.7090000000,0.7100000000,4674.5686590000,3327.4314990000,3327.4314990000,1,SRM-USDT
2022-10-24 05:00:00,1666558800000,0.7090000000,0.7130000000,0.7090000000,0.7100000000,20757.2593700000,14763.7062280000,14763.7062280000,1,SRM-USDT
2022-10-24 06:00:00,1666562400000,0.7100000000,0.7280000000,0.7100000000,0.7220000000,103920.2281550000,74923.7573030000,74923.7573030000,1,SRM-USDT
2022-10-24 07:00:00,1666566000000,0.7210000000,0.7250000000,0.7190000000,0.7200000000,7631.9790510000,5509.8509830000,5509.8509830000,1,SRM-USDT
2022-10-24 08:00:00,1666569600000,0.7190000000,0.7230000000,0.7140000000,0.7160000000,13201.0652140000,9493.3670970000,9493.3670970000,1,SRM-USDT
2022-10-24 09:00:00,1666573200000,0.7150000000,0.7150000000,0.7070000000,0.7100000000,14722.0653540000,10458.2240240000,10458.2240240000,1,SRM-USDT
2022-10-24 10:00:00,1666576800000,0.7110000000,0.7190000000,0.7100000000,0.7120000000,37452.5610170000,26750.0563820000,26750.0563820000,1,SRM-USDT
2022-10-24 11:00:00,1666580400000,0.7110000000,0.7120000000,0.7070000000,0.7090000000,59769.1752720000,42333.6330490000,42333.6330490000,1,SRM-USDT
2022-10-24 12:00:00,1666584000000,0.7080000000,0.7100000000,0.7050000000,0.7090000000,6751.2575590000,4770.7998870000,4770.7998870000,1,SRM-USDT
2022-10-24 13:00:00,1666587600000,0.7080000000,0.7100000000,0.7060000000,0.7080000000,10259.9604310000,7259.8218660000,7259.8218660000,1,SRM-USDT
2022-10-24 14:00:00,1666591200000,0.7090000000,0.7130000000,0.7080000000,0.7090000000,17790.9578400000,12627.9545180000,12627.9545180000,1,SRM-USDT
2022-10-24 15:00:00,1666594800000,0.7070000000,0.7110000000,0.7030000000,0.7080000000,24100.5428850000,17011.9292070000,17011.9292070000,1,SRM-USDT
2022-10-24 16:00:00,1666598400000,0.7070000000,0.7090000000,0.7050000000,0.7090000000,11836.6848300000,8359.0545090000,8359.0545090000,1,SRM-USDT
2022-10-24 17:00:00,1666602000000,0.7090000000,0.7150000000,0.7090000000,0.7150000000,15431.8768240000,10971.7753600000,10971.7753600000,1,SRM-USDT
2022-10-24 18:00:00,1666605600000,0.7150000000,0.7190000000,0.7130000000,0.7160000000,41740.0458140000,29869.9529610000,29869.9529610000,1,SRM-USDT
2022-10-24 19:00:00,1666609200000,0.7150000000,0.7210000000,0.7140000000,0.7210000000,9237.8276860000,6622.2515170000,6622.2515170000,1,SRM-USDT
2022-10-24 20:00:00,1666612800000,0.7190000000,0.7200000000,0.7130000000,0.7160000000,48397.8232120000,34673.2476020000,34673.2476020000,1,SRM-USDT
2022-10-24 21:00:00,1666616400000,0.7140000000,0.7240000000,0.7140000000,0.7220000000,97803.9968940000,70449.2781830000,70449.2781830000,1,SRM-USDT
2022-10-24 22:00:00,1666620000000,0.7190000000,0.7190000000,0.7070000000,0.7150000000,25800.6135670000,18381.3380190000,18381.3380190000,1,SRM-USDT
2022-10-24 23:00:00,1666623600000,0.7140000000,0.7160000000,0.7130000000,0.7160000000,7276.1750430000,5195.9671530000,5195.9671530000,1,SRM-USDT
2022-10-25 00:00:00,1666627200000,0.7140000000,0.7160000000,0.7100000000,0.7110000000,9391.5846810000,6699.3394970000,6699.3394970000,1,SRM-USDT
2022-10-25 01:00:00,1666630800000,0.7100000000,0.7120000000,0.7080000000,0.7110000000,8793.4445380000,6244.2202980000,6244.2202980000,1,SRM-USDT
2022-10-25 02:00:00,1666634400000,0.7120000000,0.7150000000,0.7110000000,0.7150000000,12643.5712560000,9005.3347030000,9005.3347030000,1,SRM-USDT
2022-10-25 03:00:00,1666638000000,0.7150000000,0.7180000000,0.7140000000,0.7150000000,8946.4219650000,6394.1754580000,6394.1754580000,1,SRM-USDT
2022-10-25 04:00:00,1666641600000,0.7140000000,0.7170000000,0.7130000000,0.7170000000,7417.2736840000,5295.1181250000,5295.1181250000,1,SRM-USDT
2022-10-25 05:00:00,1666645200000,0.7140000000,0.7150000000,0.7090000000,0.7100000000,25244.4471720000,17983.9489920000,17983.9489920000,1,SRM-USDT
2022-10-25 06:00:00,1666648800000,0.7110000000,0.7120000000,0.7080000000,0.7100000000,3664.3622840000,2600.9270620000,2600.9270620000,1,SRM-USDT
2022-10-25 07:00:00,1666652400000,0.7120000000,0.7130000000,0.7080000000,0.7130000000,16819.6509760000,11959.3400600000,11959.3400600000,1,SRM-USDT
2022-10-25 08:00:00,1666656000000,0.7130000000,0.7190000000,0.7080000000,0.7180000000,42716.2482150000,30536.6677400000,30536.6677400000,1,SRM-USDT
2022-10-25 09:00:00,1666659600000,0.7170000000,0.7190000000,0.7120000000,0.7180000000,14059.1663440000,10059.4056140000,10059.4056140000,1,SRM-USDT
2022-10-25 10:00:00,1666663200000,0.7180000000,0.7200000000,0.7170000000,0.7180000000,11635.3634760000,8357.1285930000,8357.1285930000,1,SRM-USDT
2022-10-25 11:00:00,1666666800000,0.7200000000,0.7230000000,0.7190000000,0.7230000000,34449.4833260000,24851.5029670000,24851.5029670000,1,SRM-USDT
2022-10-25 12:00:00,1666670400000,0.7230000000,0.7230000000,0.7200000000,0.7200000000,30719.8974260000,22195.2222270000,22195.2222270000,1,SRM-USDT
2022-10-25 13:00:00,1666674000000,0.7190000000,0.7200000000,0.7180000000,0.7200000000,13906.8614560000,10004.5179410000,10004.5179410000,1,SRM-USDT
2022-10-25 14:00:00,1666677600000,0.7200000000,0.7230000000,0.7190000000,0.7210000000,26029.2273030000,18767.5965320000,18767.5965320000,1,SRM-USDT
2022-10-25 15:00:00,1666681200000,0.7210000000,0.7210000000,0.7180000000,0.7180000000,27387.4166500000,19683.9865220000,19683.9865220000,1,SRM-USDT
2022-10-25 16:00:00,1666684800000,0.7180000000,0.7200000000,0.7150000000,0.7170000000,21339.3674800000,15316.3122260000,15316.3122260000,1,SRM-USDT
2022-10-25 17:00:00,1666688400000,0.7160000000,0.7180000000,0.7130000000,0.7180000000,30122.3760330000,21558.3182960000,21558.3182960000,1,SRM-USDT
2022-10-25 18:00:00,1666692000000,0.7190000000,0.7220000000,0.7160000000,0.7210000000,22589.1634770000,16253.8888350000,16253.8888350000,1,SRM-USDT
2022-10-25 19:00:00,1666695600000,0.7210000000,0.7220000000,0.7200000000,0.7210000000,16604.6851170000,11976.0141250000,11976.0141250000,1,SRM-USDT
2022-10-25 20:00:00,1666699200000,0.7210000000,0.7250000000,0.7210000000,0.7250000000,25427.4438300000,18379.6229830000,18379.6229830000,1,SRM-USDT
2022-10-25 21:00:00,1666702800000,0.7250000000,0.7370000000,0.7240000000,0.7340000000,48958.7478380000,35713.3858750000,35713.3858750000,1,SRM-USDT
2022-10-25 22:00:00,1666706400000,0.7350000000,0.7420000000,0.7330000000,0.7410000000,63445.6269140000,46798.3373610000,46798.3373610000,1,SRM-USDT
2022-10-25 23:00:00,1666710000000,0.7400000000,0.7510000000,0.7390000000,0.7470000000,87214.4242250000,65082.5352610000,65082.5352610000,1,SRM-USDT
2022-10-26 00:00:00,1666713600000,0.7470000000,0.7860000000,0.7470000000,0.7790000000,698251.5420760000,538902.6397210000,538902.6397210000,1,SRM-USDT
2022-10-26 01:00:00,1666717200000,0.7780000000,0.7850000000,0.7730000000,0.7800000000,185642.9961190000,144618.1966510000,144618.1966510000,1,SRM-USDT
2022-10-26 02:00:00,1666720800000,0.7800000000,0.7880000000,0.7680000000,0.7830000000,171635.9729080000,133164.6748600000,133164.6748600000,1,SRM-USDT
2022-10-26 03:00:00,1666724400000,0.7820000000,0.7890000000,0.7750000000,0.7810000000,82858.4551440000,64859.5063440000,64859.5063440000,1,SRM-USDT
2022-10-26 04:00:00,1666728000000,0.7820000000,0.7830000000,0.7650000000,0.7690000000,55576.2378200000,42814.7231590000,42814.7231590000,1,SRM-USDT
2022-10-26 05:00:00,1666731600000,0.7700000000,0.7750000000,0.7600000000,0.7740000000,119558.5832850000,91703.3611680000,91703.3611680000,1,SRM-USDT
2022-10-26 06:00:00,1666735200000,0.7740000000,0.7750000000,0.7620000000,0.7660000000,100404.1393870000,77051.2569560000,77051.2569560000,1,SRM-USDT
2022-10-26 07:00:00,1666738800000,0.7640000000,0.7670000000,0.7540000000,0.7540000000,101309.6620790000,77204.6259420000,77204.6259420000,1,SRM-USDT
2022-10-26 08:00:00,1666742400000,0.7540000000,0.7620000000,0.7540000000,0.7560000000,68624.8255670000,51951.7275400000,51951.7275400000,1,SRM-USDT
2022-10-26 09:00:00,1666746000000,0.7550000000,0.7570000000,0.7480000000,0.7540000000,59223.3454510000,44627.2264760000,44627.2264760000,1,SRM-USDT
2022-10-26 10:00:00,1666749600000,0.7530000000,0.7600000000,0.7500000000,0.7580000000,45153.5875190000,34100.7747340000,34100.7747340000,1,SRM-USDT
2022-10-26 11:00:00,1666753200000,0.7570000000,0.7630000000,0.7540000000,0.7600000000,42514.4637060000,32243.6902900000,32243.6902900000,1,SRM-USDT
2022-10-26 12:00:00,1666756800000,0.7580000000,0.7630000000,0.7570000000,0.7590000000,37180.5394240000,28263.9448190000,28263.9448190000,1,SRM-USDT
2022-10-26 13:00:00,1666760400000,0.7600000000,0.7600000000,0.7550000000,0.7560000000,30639.1588830000,23213.1130900000,23213.1130900000,1,SRM-USDT
2022-10-26 14:00:00,1666764000000,0.7570000000,0.7610000000,0.7550000000,0.7610000000,31171.0447070000,23636.7716200000,23636.7716200000,1,SRM-USDT
2022-10-26 15:00:00,1666767600000,0.7590000000,0.7660000000,0.7550000000,0.7570000000,71523.6206200000,54410.2714810000,54410.2714810000,1,SRM-USDT
2022-10-26 16:00:00,1666771200000,0.7570000000,0.7700000000,0.7540000000,0.7670000000,118962.5227530000,90547.0650350000,90547.0650350000,1,SRM-USDT
2022-10-26 17:00:00,1666774800000,0.7670000000,0.7680000000,0.7630000000,0.7670000000,29981.5038170000,22974.0795540000,22974.0795540000,1,SRM-USDT
2022-10-26 18:00:00,1666778400000,0.7680000000,0.7730000000,0.7640000000,0.7710000000,44070.9942910000,33888.4865900000,33888.4865900000,1,SRM-USDT
2022-10-26 19:00:00,1666782000000,0.7710000000,0.7760000000,0.7670000000,0.7670000000,59189.0750590000,45606.5014690000,45606.5014690000,1,SRM-USDT
2022-10-26 20:00:00,1666785600000,0.7670000000,0.7670000000,0.7610000000,0.7620000000,61175.1962490000,46669.9607300000,46669.9607300000,1,SRM-USDT
2022-10-26 21:00:00,1666789200000,0.7630000000,0.7710000000,0.7580000000,0.7680000000,52193.1797480000,39821.8500870000,39821.8500870000,1,SRM-USDT
2022-10-26 22:00:00,1666792800000,0.7690000000,0.7780000000,0.7650000000,0.7690000000,88373.1064190000,68252.0482960000,68252.0482960000,1,SRM-USDT
2022-10-26 23:00:00,1666796400000,0.7680000000,0.7770000000,0.7670000000,0.7710000000,38799.0564010000,29934.0894400000,29934.0894400000,1,SRM-USDT
2022-10-27 00:00:00,1666800000000,0.7710000000,0.7750000000,0.7670000000,0.7700000000,43472.8777050000,33497.5756860000,33497.5756860000,1,SRM-USDT
2022-10-27 01:00:00,1666803600000,0.7700000000,0.7830000000,0.7690000000,0.7820000000,66444.0853140000,51667.4705690000,51667.4705690000,1,SRM-USDT
2022-10-27 02:00:00,1666807200000,0.7800000000,0.7840000000,0.7720000000,0.7750000000,24990.3788270000,19473.4653590000,19473.4653590000,1,SRM-USDT
2022-10-27 03:00:00,1666810800000,0.7730000000,0.7810000000,0.7720000000,0.7810000000,41158.9554990000,32016.5463070000,32016.5463070000,1,SRM-USDT
2022-10-27 04:00:00,1666814400000,0.7810000000,0.7840000000,0.7740000000,0.7790000000,37735.6358060000,29434.6478110000,29434.6478110000,1,SRM-USDT
2022-10-27 05:00:00,1666818000000,0.7780000000,0.7820000000,0.7770000000,0.7780000000,26375.4723450000,20550.7775420000,20550.7775420000,1,SRM-USDT
2022-10-27 06:00:00,1666821600000,0.7750000000,0.7820000000,0.7730000000,0.7790000000,37752.0994910000,29371.2590970000,29371.2590970000,1,SRM-USDT
2022-10-27 07:00:00,1666825200000,0.7770000000,0.7830000000,0.7730000000,0.7750000000,45479.2908850000,35380.8877890000,35380.8877890000,1,SRM-USDT
2022-10-27 08:00:00,1666828800000,0.7740000000,0.7860000000,0.7730000000,0.7810000000,35083.4350270000,27374.5209590000,27374.5209590000,1,SRM-USDT
2022-10-27 09:00:00,1666832400000,0.7800000000,0.7840000000,0.7760000000,0.7800000000,33009.6917270000,25740.4724560000,25740.4724560000,1,SRM-USDT
2022-10-27 10:00:00,1666836000000,0.7780000000,0.7850000000,0.7740000000,0.7750000000,50798.1935290000,39524.7592460000,39524.7592460000,1,SRM-USDT
2022-10-27 11:00:00,1666839600000,0.7760000000,0.7890000000,0.7740000000,0.7880000000,70660.5154860000,55308.5561200000,55308.5561200000,1,SRM-USDT
2022-10-27 12:00:00,1666843200000,0.7880000000,0.7910000000,0.7840000000,0.7890000000,30968.9511910000,24387.2904240000,24387.2904240000,1,SRM-USDT
2022-10-27 13:00:00,1666846800000,0.7870000000,0.7980000000,0.7870000000,0.7960000000,40618.5169720000,32194.5371590000,32194.5371590000,1,SRM-USDT
2022-10-27 14:00:00,1666850400000,0.7950000000,0.8030000000,0.7920000000,0.7940000000,48254.7869840000,38518.3187040000,38518.3187040000,1,SRM-USDT
2022-10-27 15:00:00,1666854000000,0.7920000000,0.7950000000,0.7810000000,0.7880000000,58654.7185300000,46218.9871060000,46218.9871060000,1,SRM-USDT
2022-10-27 16:00:00,1666857600000,0.7880000000,0.7930000000,0.7840000000,0.7890000000,40022.5616550000,31564.7924860000,31564.7924860000,1,SRM-USDT
2022-10-27 17:00:00,1666861200000,0.7870000000,0.7900000000,0.7820000000,0.7850000000,40276.5600060000,31610.3122900000,31610.3122900000,1,SRM-USDT
2022-10-27 18:00:00,1666864800000,0.7860000000,0.7880000000,0.7800000000,0.7860000000,43928.1795200000,34433.8210690000,34433.8210690000,1,SRM-USDT
2022-10-27 19:00:00,1666868400000,0.7850000000,0.7920000000,0.7800000000,0.7820000000,166249.5919770000,130952.6478300000,130952.6478300000,1,SRM-USDT
2022-10-27 20:00:00,1666872000000,0.7800000000,0.7920000000,0.7760000000,0.7910000000,75899.6598770000,59385.4738530000,59385.4738530000,1,SRM-USDT
2022-10-27 21:00:00,1666875600000,0.7920000000,0.7960000000,0.7720000000,0.7760000000,158035.9128530000,124271.6871690000,124271.6871690000,1,SRM-USDT
2022-10-27 22:00:00,1666879200000,0.7730000000,0.7890000000,0.7720000000,0.7850000000,78333.5083120000,61369.7040630000,61369.7040630000,1,SRM-USDT
2022-10-27 23:00:00,1666882800000,0.7810000000,0.7900000000,0.7810000000,0.7840000000,36022.3376310000,28248.0512210000,28248.0512210000,1,SRM-USDT
2022-10-28 00:00:00,1666886400000,0.7830000000,0.7860000000,0.7790000000,0.7840000000,65826.4592480000,51487.1935850000,51487.1935850000,1,SRM-USDT
2022-10-28 01:00:00,1666890000000,0.7820000000,0.7850000000,0.7810000000,0.7840000000,26577.9768780000,20824.7380300000,20824.7380300000,1,SRM-USDT
2022-10-28 02:00:00,1666893600000,0.7820000000,0.7840000000,0.7800000000,0.7840000000,12793.4238030000,10002.1619030000,10002.1619030000,1,SRM-USDT
2022-10-28 03:00:00,1666897200000,0.7840000000,0.7920000000,0.7840000000,0.7900000000,31688.9053340000,24991.4806050000,24991.4806050000,1,SRM-USDT
2022-10-28 04:00:00,1666900800000,0.7890000000,0.7900000000,0.7670000000,0.7770000000,116028.6178750000,90067.6676500000,90067.6676500000,1,SRM-USDT
2022-10-28 05:00:00,1666904400000,0.7770000000,0.7780000000,0.7730000000,0.7780000000,36247.6068660000,28109.5671440000,28109.5671440000,1,SRM-USDT
2022-10-28 06:00:00,1666908000000,0.7770000000,0.7810000000,0.7640000000,0.7720000000,85750.5443050000,66102.1304820000,66102.1304820000,1,SRM-USDT
2022-10-28 07:00:00,1666911600000,0.7710000000,0.7740000000,0.7660000000,0.7710000000,53459.3327700000,41132.4157900000,41132.4157900000,1,SRM-USDT
2022-10-28 08:00:00,1666915200000,0.7700000000,0.7780000000,0.7610000000,0.7750000000,92038.5242100000,70746.3285220000,70746.3285220000,1,SRM-USDT
2022-10-28 09:00:00,1666918800000,0.7740000000,0.7810000000,0.7710000000,0.7760000000,56108.4004650000,43499.1206390000,43499.1206390000,1,SRM-USDT
2022-10-28 10:00:00,1666922400000,0.7770000000,0.7770000000,0.7560000000,0.7600000000,135595.9271690000,103094.9930430000,103094.9930430000,1,SRM-USDT
2022-10-28 11:00:00,1666926000000,0.7580000000,0.7710000000,0.7580000000,0.7710000000,77044.3632880000,59066.6834520000,59066.6834520000,1,SRM-USDT
2022-10-28 12:00:00,1666929600000,0.7690000000,0.7760000000,0.7690000000,0.7730000000,26006.7174790000,20101.2900140000,20101.2900140000,1,SRM-USDT
2022-10-28 13:00:00,1666933200000,0.7710000000,0.7930000000,0.7670000000,0.7930000000,138722.8194960000,108410.4413220000,108410.4413220000,1,SRM-USDT
2022-10-28 14:00:00,1666936800000,0.7910000000,0.7960000000,0.7880000000,0.7900000000,66461.1989030000,52640.2671350000,52640.2671350000,1,SRM-USDT
2022-10-28 15:00:00,1666940400000,0.7910000000,0.7950000000,0.7830000000,0.7920000000,121335.6351750000,95775.3363750000,95775.3363750000,1,SRM-USDT
2022-10-28 16:00:00,1666944000000,0.7900000000,0.8050000000,0.7870000000,0.7960000000,112973.8799110000,89974.4370820000,89974.4370820000,1,SRM-USDT
2022-10-28 17:00:00,1666947600000,0.7940000000,0.8000000000,0.7910000000,0.7970000000,95395.0349050000,75967.5177430000,75967.5177430000,1,SRM-USDT
2022-10-28 18:00:00,1666951200000,0.7960000000,0.8000000000,0.7930000000,0.7980000000,72361.7534660000,57673.4897990000,57673.4897990000,1,SRM-USDT
2022-10-28 19:00:00,1666954800000,0.7980000000,0.8030000000,0.7950000000,0.7980000000,66215.8153540000,52826.1903610000,52826.1903610000,1,SRM-USDT
2022-10-28 20:00:00,1666958400000,0.7970000000,0.8040000000,0.7900000000,0.8020000000,63351.4334350000,50587.3412250000,50587.3412250000,1,SRM-USDT
2022-10-28 21:00:00,1666962000000,0.8020000000,0.8170000000,0.8020000000,0.8100000000,106001.1386210000,85815.9619620000,85815.9619620000,1,SRM-USDT
2022-10-28 22:00:00,1666965600000,0.8090000000,0.8110000000,0.8040000000,0.8070000000,75736.0839410000,61211.4374930000,61211.4374930000,1,SRM-USDT
2022-10-28 23:00:00,1666969200000,0.8060000000,0.8080000000,0.8010000000,0.8060000000,27160.9815960000,21870.4616880000,21870.4616880000,1,SRM-USDT
2022-10-29 00:00:00,1666972800000,0.8070000000,0.8240000000,0.8060000000,0.8210000000,91575.7784290000,74802.3734200000,74802.3734200000,1,SRM-USDT
2022-10-29 01:00:00,1666976400000,0.8200000000,0.8210000000,0.8140000000,0.8150000000,40698.6778740000,33282.8589260000,33282.8589260000,1,SRM-USDT
2022-10-29 02:00:00,1666980000000,0.8160000000,0.8180000000,0.8120000000,0.8170000000,26947.0358700000,21962.0953510000,21962.0953510000,1,SRM-USDT
2022-10-29 03:00:00,1666983600000,0.8160000000,0.8200000000,0.8120000000,0.8200000000,61390.3233560000,50088.0351950000,50088.0351950000,1,SRM-USDT
2022-10-29 04:00:00,1666987200000,0.8190000000,0.8230000000,0.8130000000,0.8150000000,38881.2902110000,31848.3632740000,31848.3632740000,1,SRM-USDT
2022-10-29 05:00:00,1666990800000,0.8140000000,0.8180000000,0.8140000000,0.8180000000,66422.8788410000,54222.0712400000,54222.0712400000,1,SRM-USDT
2022-10-29 06:00:00,1666994400000,0.8190000000,0.8210000000,0.8150000000,0.8210000000,35104.4148700000,28713.4726250000,28713.4726250000,1,SRM-USDT
2022-10-29 07:00:00,1666998000000,0.8200000000,0.8210000000,0.8110000000,0.8130000000,21725.5583550000,17725.2844690000,17725.2844690000,1,SRM-USDT
2022-10-29 08:00:00,1667001600000,0.8130000000,0.8200000000,0.8100000000,0.8140000000,89533.3181550000,72902.2651760000,72902.2651760000,1,SRM-USDT
2022-10-29 09:00:00,1667005200000,0.8140000000,0.8140000000,0.8060000000,0.8060000000,35562.6072950000,28832.1580420000,28832.1580420000,1,SRM-USDT
2022-10-29 10:00:00,1667008800000,0.8070000000,0.8080000000,0.8000000000,0.8040000000,45717.1540930000,36725.4347670000,36725.4347670000,1,SRM-USDT
2022-10-29 11:00:00,1667012400000,0.8020000000,0.8120000000,0.8010000000,0.8100000000,85999.0851410000,69366.6017530000,69366.6017530000,1,SRM-USDT
2022-10-29 12:00:00,1667016000000,0.8090000000,0.8110000000,0.8010000000,0.8030000000,17100.0386900000,13759.1779150000,13759.1779150000,1,SRM-USDT
2022-10-29 13:00:00,1667019600000,0.8040000000,0.8070000000,0.7890000000,0.7910000000,143011.8916960000,114080.2352330000,114080.2352330000,1,SRM-USDT
2022-10-29 14:00:00,1667023200000,0.7910000000,0.8010000000,0.7910000000,0.7980000000,49082.3438960000,39100.6972590000,39100.6972590000,1,SRM-USDT
2022-10-29 15:00:00,1667026800000,0.7960000000,0.8010000000,0.7950000000,0.8010000000,39739.8573710000,31704.9408030000,31704.9408030000,1,SRM-USDT
2022-10-29 16:00:00,1667030400000,0.8000000000,0.8080000000,0.7970000000,0.8080000000,43753.5387530000,35098.8753530000,35098.8753530000,1,SRM-USDT
2022-10-29 17:00:00,1667034000000,0.8070000000,0.8080000000,0.8010000000,0.8040000000,34559.3975910000,27795.9124910000,27795.9124910000,1,SRM-USDT
2022-10-29 18:00:00,1667037600000,0.8020000000,0.8080000000,0.7940000000,0.8020000000,88551.1743010000,70834.5037680000,70834.5037680000,1,SRM-USDT
2022-10-29 19:00:00,1667041200000,0.8000000000,0.8050000000,0.7950000000,0.8040000000,82211.3679400000,65642.4197490000,65642.4197490000,1,SRM-USDT
2022-10-29 20:00:00,1667044800000,0.8040000000,0.8190000000,0.8030000000,0.8170000000,186282.1827180000,151423.2993300000,151423.2993300000,1,SRM-USDT
2022-10-29 21:00:00,1667048400000,0.8150000000,0.8180000000,0.8070000000,0.8150000000,91985.7204090000,74688.6409710000,74688.6409710000,1,SRM-USDT
2022-10-29 22:00:00,1667052000000,0.8160000000,0.8200000000,0.8090000000,0.8190000000,104237.2272510000,84914.2499610000,84914.2499610000,1,SRM-USDT
2022-10-29 23:00:00,1667055600000,0.8190000000,0.8300000000,0.8190000000,0.8260000000,227262.3801400000,187251.1333130000,187251.1333130000,1,SRM-USDT
2022-10-30 00:00:00,1667059200000,0.8260000000,0.8390000000,0.8230000000,0.8270000000,178660.6960160000,148515.9064250000,148515.9064250000,1,SRM-USDT
2022-10-30 01:00:00,1667062800000,0.8240000000,0.8310000000,0.8080000000,0.8150000000,95492.0228530000,78458.0584530000,78458.0584530000,1,SRM-USDT
2022-10-30 02:00:00,1667066400000,0.8110000000,0.8190000000,0.8050000000,0.8140000000,173111.8896820000,140583.6462680000,140583.6462680000,1,SRM-USDT
2022-10-30 03:00:00,1667070000000,0.8110000000,0.8150000000,0.8030000000,0.8090000000,76361.7822760000,61715.3458010000,61715.3458010000,1,SRM-USDT
2022-10-30 04:00:00,1667073600000,0.8080000000,0.8140000000,0.8060000000,0.8100000000,53759.5443440000,43495.0043930000,43495.0043930000,1,SRM-USDT
2022-10-30 05:00:00,1667077200000,0.8090000000,0.8130000000,0.8070000000,0.8090000000,26590.3879730000,21547.8060120000,21547.8060120000,1,SRM-USDT
2022-10-30 06:00:00,1667080800000,0.8070000000,0.8100000000,0.7950000000,0.7990000000,53398.8230140000,42863.1102120000,42863.1102120000,1,SRM-USDT
2022-10-30 07:00:00,1667084400000,0.7960000000,0.8060000000,0.7940000000,0.8060000000,16702.3614090000,13356.4643490000,13356.4643490000,1,SRM-USDT
2022-10-30 08:00:00,1667088000000,0.8060000000,0.8090000000,0.7990000000,0.8010000000,60210.1097840000,48453.2313250000,48453.2313250000,1,SRM-USDT
2022-10-30 09:00:00,1667091600000,0.8000000000,0.8090000000,0.7990000000,0.8090000000,30091.0128000000,24139.6669160000,24139.6669160000,1,SRM-USDT
2022-10-30 10:00:00,1667095200000,0.8080000000,0.8110000000,0.8040000000,0.8080000000,25914.5079080000,20921.7801440000,20921.7801440000,1,SRM-USDT
2022-10-30 11:00:00,1667098800000,0.8070000000,0.8110000000,0.8070000000,0.8100000000,14070.1104810000,11377.7339200000,11377.7339200000,1,SRM-USDT
2022-10-30 12:00:00,1667102400000,0.8090000000,0.8100000000,0.8020000000,0.8040000000,27407.0826780000,22079.6344370000,22079.6344370000,1,SRM-USDT
2022-10-30 13:00:00,1667106000000,0.8050000000,0.8070000000,0.8010000000,0.8020000000,21151.2791070000,17007.5091710000,17007.5091710000,1,SRM-USDT
2022-10-30 14:00:00,1667109600000,0.8010000000,0.8060000000,0.7950000000,0.8020000000,25874.2756120000,20738.5983210000,20738.5983210000,1,SRM-USDT
2022-10-30 15:00:00,1667113200000,0.8010000000,0.8250000000,0.8000000000,0.8180000000,218560.7840200000,178068.0469400000,178068.0469400000,1,SRM-USDT
2022-10-30 16:00:00,1667116800000,0.8170000000,0.8240000000,0.8020000000,0.8100000000,107288.4676010000,87262.7053000000,87262.7053000000,1,SRM-USDT
2022-10-30 17:00:00,1667120400000,0.8090000000,0.8190000000,0.7960000000,0.8010000000,75208.3202750000,60769.2755680000,60769.2755680000,1,SRM-USDT
2022-10-30 18:00:00,1667124000000,0.8000000000,0.8070000000,0.7990000000,0.8020000000,40589.0482350000,32560.5920830000,32560.5920830000,1,SRM-USDT
2022-10-30 19:00:00,1667127600000,0.8010000000,0.8040000000,0.7940000000,0.8020000000,28287.0298500000,22589.5903590000,22589.5903590000,1,SRM-USDT
2022-10-30 20:00:00,1667131200000,0.8000000000,0.8020000000,0.7930000000,0.8010000000,22341.2210950000,17825.4234750000,17825.4234750000,1,SRM-USDT
2022-10-30 21:00:00,1667134800000,0.8000000000,0.8020000000,0.7890000000,0.7960000000,49075.2486910000,39027.3823560000,39027.3823560000,1,SRM-USDT
2022-10-30 22:00:00,1667138400000,0.7940000000,0.8000000000,0.7910000000,0.7980000000,25741.0275660000,20488.4217930000,20488.4217930000,1,SRM-USDT
2022-10-30 23:00:00,1667142000000,0.7970000000,0.7980000000,0.7840000000,0.7860000000,43231.5997570000,34022.6582230000,34022.6582230000,1,SRM-USDT
2022-10-31 00:00:00,1667145600000,0.7850000000,0.7930000000,0.7820000000,0.7860000000,30788.2543250000,24208.0533000000,24208.0533000000,1,SRM-USDT
2022-10-31 01:00:00,1667149200000,0.7850000000,0.7910000000,0.7830000000,0.7900000000,16758.4049630000,13191.8775730000,13191.8775730000,1,SRM-USDT
2022-10-31 02:00:00,1667152800000,0.7890000000,0.7920000000,0.7860000000,0.7900000000,22894.0086050000,18067.8638450000,18067.8638450000,1,SRM-USDT
2022-10-31 03:00:00,1667156400000,0.7910000000,0.7920000000,0.7870000000,0.7890000000,13503.3877180000,10660.7878670000,10660.7878670000,1,SRM-USDT
2022-10-31 04:00:00,1667160000000,0.7880000000,0.7920000000,0.7870000000,0.7900000000,14296.5544580000,11281.8218640000,11281.8218640000,1,SRM-USDT
2022-10-31 05:00:00,1667163600000,0.7910000000,0.7920000000,0.7850000000,0.7890000000,9109.3624220000,7184.4117840000,7184.4117840000,1,SRM-USDT
2022-10-31 06:00:00,1667167200000,0.7880000000,0.7890000000,0.7700000000,0.7800000000,80835.8504160000,62769.2543620000,62769.2543620000,1,SRM-USDT
2022-10-31 07:00:00,1667170800000,0.7780000000,0.7840000000,0.7760000000,0.7820000000,30439.5103200000,23707.5368150000,23707.5368150000,1,SRM-USDT
2022-10-31 08:00:00,1667174400000,0.7800000000,0.7900000000,0.7790000000,0.7820000000,42598.0605730000,33469.2777420000,33469.2777420000,1,SRM-USDT
2022-10-31 09:00:00,1667178000000,0.7800000000,0.7850000000,0.7720000000,0.7790000000,51082.2787510000,39753.1817320000,39753.1817320000,1,SRM-USDT
2022-10-31 10:00:00,1667181600000,0.7780000000,0.7790000000,0.7700000000,0.7740000000,45878.8644420000,35484.6977820000,35484.6977820000,1,SRM-USDT
2022-10-31 11:00:00,1667185200000,0.7730000000,0.7820000000,0.7730000000,0.7820000000,36956.1375790000,28805.2393160000,28805.2393160000,1,SRM-USDT
2022-10-31 12:00:00,1667188800000,0.7810000000,0.7860000000,0.7780000000,0.7830000000,70670.0997200000,55357.9483410000,55357.9483410000,1,SRM-USDT
2022-10-31 13:00:00,1667192400000,0.7820000000,0.7850000000,0.7800000000,0.7820000000,24846.7655010000,19436.5020780000,19436.5020780000,1,SRM-USDT
2022-10-31 14:00:00,1667196000000,0.7820000000,0.7830000000,0.7740000000,0.7800000000,32605.9394950000,25363.8594120000,25363.8594120000,1,SRM-USDT
2022-10-31 15:00:00,1667199600000,0.7790000000,0.7830000000,0.7770000000,0.7830000000,22994.5293510000,17940.1566170000,17940.1566170000,1,SRM-USDT
2022-10-31 16:00:00,1667203200000,0.7820000000,0.7820000000,0.7720000000,0.7750000000,51895.6888030000,40255.7665350000,40255.7665350000,1,SRM-USDT
2022-10-31 17:00:00,1667206800000,0.7730000000,0.7890000000,0.7710000000,0.7890000000,82862.0521220000,64517.3559570000,64517.3559570000,1,SRM-USDT
2022-10-31 18:00:00,1667210400000,0.7870000000,0.7890000000,0.7830000000,0.7870000000,47525.1129690000,37369.7206230000,37369.7206230000,1,SRM-USDT
2022-10-31 19:00:00,1667214000000,0.7880000000,0.7920000000,0.7860000000,0.7880000000,61034.6787780000,48092.2118920000,48092.2118920000,1,SRM-USDT
2022-10-31 20:00:00,1667217600000,0.7880000000,0.7920000000,0.7820000000,0.7880000000,40163.6609380000,31619.2835720000,31619.2835720000,1,SRM-USDT
2022-10-31 21:00:00,1667221200000,0.7880000000,0.7930000000,0.7660000000,0.7660000000,68623.9114010000,53876.5371310000,53876.5371310000,1,SRM-USDT
2022-10-31 22:00:00,1667224800000,0.7640000000,0.7750000000,0.7630000000,0.7710000000,136798.3664920000,105472.0760470000,105472.0760470000,1,SRM-USDT
2022-10-31 23:00:00,1667228400000,0.7690000000,0.7720000000,0.7650000000,0.7680000000,30910.7477620000,23742.2596440000,23742.2596440000,1,SRM-USDT
2022-11-01 00:00:00,1667232000000,0.7670000000,0.7730000000,0.7640000000,0.7680000000,39498.6821690000,30333.8821630000,30333.8821630000,1,SRM-USDT
2022-11-01 01:00:00,1667235600000,0.7660000000,0.7720000000,0.7650000000,0.7680000000,40987.6606180000,31493.4280900000,31493.4280900000,1,SRM-USDT
2022-11-01 02:00:00,1667239200000,0.7670000000,0.7710000000,0.7670000000,0.7690000000,19775.3980280000,15199.1822180000,15199.1822180000,1,SRM-USDT
2022-11-01 03:00:00,1667242800000,0.7680000000,0.7690000000,0.7620000000,0.7620000000,21939.2965640000,16761.2302000000,16761.2302000000,1,SRM-USDT
2022-11-01 04:00:00,1667246400000,0.7630000000,0.7640000000,0.7600000000,0.7610000000,11976.1532200000,9116.6407050000,9116.6407050000,1,SRM-USDT
2022-11-01 05:00:00,1667250000000,0.7590000000,0.7630000000,0.7590000000,0.7620000000,13561.5686600000,10312.1793880000,10312.1793880000,1,SRM-USDT
2022-11-01 06:00:00,1667253600000,0.7610000000,0.7690000000,0.7600000000,0.7680000000,73551.7931290000,56166.4314310000,56166.4314310000,1,SRM-USDT
2022-11-01 07:00:00,1667257200000,0.7670000000,0.7700000000,0.7660000000,0.7700000000,26840.7553030000,20603.6592190000,20603.6592190000,1,SRM-USDT
2022-11-01 08:00:00,1667260800000,0.7680000000,0.7930000000,0.7680000000,0.7790000000,249091.2115250000,194482.6839690000,194482.6839690000,1,SRM-USDT
2022-11-01 09:00:00,1667264400000,0.7780000000,0.7790000000,0.7760000000,0.7780000000,12801.1264320000,9949.4402020000,9949.4402020000,1,SRM-USDT
2022-11-01 10:00:00,1667268000000,0.7770000000,0.7790000000,0.7740000000,0.7770000000,29800.0881250000,23135.1518030000,23135.1518030000,1,SRM-USDT
2022-11-01 11:00:00,1667271600000,0.7760000000,0.7790000000,0.7740000000,0.7760000000,12958.6905000000,10041.2377200000,10041.2377200000,1,SRM-USDT
2022-11-01 12:00:00,1667275200000,0.7750000000,0.7790000000,0.7720000000,0.7740000000,17007.0654090000,13178.7352580000,13178.7352580000,1,SRM-USDT
2022-11-01 13:00:00,1667278800000,0.7730000000,0.7750000000,0.7710000000,0.7730000000,11953.7628210000,9243.4479670000,9243.4479670000,1,SRM-USDT
2022-11-01 14:00:00,1667282400000,0.7710000000,0.7770000000,0.7710000000,0.7750000000,47946.6526030000,37146.8918280000,37146.8918280000,1,SRM-USDT
2022-11-01 15:00:00,1667286000000,0.7740000000,0.7770000000,0.7690000000,0.7720000000,42312.7891930000,32759.4230480000,32759.4230480000,1,SRM-USDT
2022-11-01 16:00:00,1667289600000,0.7710000000,0.7750000000,0.7690000000,0.7730000000,38864.7186200000,29981.4977110000,29981.4977110000,1,SRM-USDT
2022-11-01 17:00:00,1667293200000,0.7720000000,0.7820000000,0.7710000000,0.7770000000,62586.7487890000,48687.6874920000,48687.6874920000,1,SRM-USDT
2022-11-01 18:00:00,1667296800000,0.7750000000,0.7770000000,0.7720000000,0.7760000000,25077.5741240000,19417.3379690000,19417.3379690000,1,SRM-USDT
2022-11-01 19:00:00,1667300400000,0.7750000000,0.7760000000,0.7650000000,0.7690000000,29360.3169680000,22586.2401090000,22586.2401090000,1,SRM-USDT
2022-11-01 20:00:00,1667304000000,0.7700000000,0.7710000000,0.7650000000,0.7690000000,35076.9959860000,26945.5679390000,26945.5679390000,1,SRM-USDT
2022-11-01 21:00:00,1667307600000,0.7700000000,0.7700000000,0.7550000000,0.7580000000,46479.1176080000,35381.5002610000,35381.5002610000,1,SRM-USDT
2022-11-01 22:00:00,1667311200000,0.7580000000,0.7650000000,0.7520000000,0.7610000000,128526.7098710000,97421.3161170000,97421.3161170000,1,SRM-USDT
2022-11-01 23:00:00,1667314800000,0.7600000000,0.7660000000,0.7580000000,0.7600000000,33725.4549490000,25683.6602040000,25683.6602040000,1,SRM-USDT
2022-11-02 00:00:00,1667318400000,0.7590000000,0.7610000000,0.7480000000,0.7510000000,68013.9317960000,51372.4933900000,51372.4933900000,1,SRM-USDT
2022-11-02 01:00:00,1667322000000,0.7500000000,0.7510000000,0.7460000000,0.7490000000,30474.3427950000,22787.2528300000,22787.2528300000,1,SRM-USDT
2022-11-02 02:00:00,1667325600000,0.7480000000,0.7500000000,0.7460000000,0.7500000000,32171.2108540000,24053.6915560000,24053.6915560000,1,SRM-USDT
2022-11-02 03:00:00,1667329200000,0.7480000000,0.7500000000,0.7470000000,0.7470000000,8698.8163350000,6504.4937690000,6504.4937690000,1,SRM-USDT
2022-11-02 04:00:00,1667332800000,0.7470000000,0.7510000000,0.7460000000,0.7490000000,24912.6676780000,18630.4596740000,18630.4596740000,1,SRM-USDT
2022-11-02 05:00:00,1667336400000,0.7490000000,0.7510000000,0.7480000000,0.7490000000,15860.1839650000,11887.4458190000,11887.4458190000,1,SRM-USDT
2022-11-02 06:00:00,1667340000000,0.7470000000,0.7500000000,0.7470000000,0.7500000000,14358.9842710000,10748.7100450000,10748.7100450000,1,SRM-USDT
2022-11-02 07:00:00,1667343600000,0.7490000000,0.7530000000,0.7490000000,0.7520000000,13438.0842420000,10097.7712640000,10097.7712640000,1,SRM-USDT
2022-11-02 08:00:00,1667347200000,0.7510000000,0.7530000000,0.7420000000,0.7520000000,35227.2037110000,26342.6751380000,26342.6751380000,1,SRM-USDT
2022-11-02 09:00:00,1667350800000,0.7510000000,0.7530000000,0.7500000000,0.7520000000,10843.8433250000,8149.7850800000,8149.7850800000,1,SRM-USDT
2022-11-02 10:00:00,1667354400000,0.7500000000,0.7510000000,0.7450000000,0.7490000000,16463.4430000000,12297.0284280000,12297.0284280000,1,SRM-USDT
2022-11-02 11:00:00,1667358000000,0.7470000000,0.7520000000,0.7470000000,0.7500000000,40288.0440200000,30216.6136710000,30216.6136710000,1,SRM-USDT
2022-11-02 12:00:00,1667361600000,0.7480000000,0.7500000000,0.7460000000,0.7480000000,6292.7980760000,4706.0336870000,4706.0336870000,1,SRM-USDT
2022-11-02 13:00:00,1667365200000,0.7470000000,0.7510000000,0.7450000000,0.7470000000,38021.1247640000,28436.6265680000,28436.6265680000,1,SRM-USDT
2022-11-02 14:00:00,1667368800000,0.7460000000,0.7470000000,0.7430000000,0.7440000000,30289.7618920000,22551.6331540000,22551.6331540000,1,SRM-USDT
2022-11-02 15:00:00,1667372400000,0.7440000000,0.7450000000,0.7290000000,0.7380000000,70138.3787120000,51611.1101770000,51611.1101770000,1,SRM-USDT
2022-11-02 16:00:00,1667376000000,0.7370000000,0.7440000000,0.7320000000,0.7430000000,69643.9351850000,51193.1599350000,51193.1599350000,1,SRM-USDT
2022-11-02 17:00:00,1667379600000,0.7420000000,0.7440000000,0.7310000000,0.7320000000,105809.6736700000,78256.8633500000,78256.8633500000,1,SRM-USDT
2022-11-02 18:00:00,1667383200000,0.7310000000,0.7330000000,0.7240000000,0.7330000000,51642.8644430000,37581.1301310000,37581.1301310000,1,SRM-USDT
2022-11-02 19:00:00,1667386800000,0.7320000000,0.7370000000,0.7310000000,0.7340000000,32825.7939720000,24090.3009620000,24090.3009620000,1,SRM-USDT
2022-11-02 20:00:00,1667390400000,0.7340000000,0.7340000000,0.7290000000,0.7320000000,8594.1634080000,6289.9967020000,6289.9967020000,1,SRM-USDT
2022-11-02 21:00:00,1667394000000,0.7300000000,0.7350000000,0.7280000000,0.7320000000,17684.2858210000,12930.7241040000,12930.7241040000,1,SRM-USDT
2022-11-02 22:00:00,1667397600000,0.7320000000,0.7370000000,0.7300000000,0.7340000000,17432.9856020000,12788.9037830000,12788.9037830000,1,SRM-USDT
2022-11-02 23:00:00,1667401200000,0.7330000000,0.7340000000,0.7300000000,0.7330000000,8346.1873050000,6105.5890280000,6105.5890280000,1,SRM-USDT
2022-11-03 00:00:00,1667404800000,0.7320000000,0.7390000000,0.7280000000,0.7390000000,21705.4027600000,15894.6544420000,15894.6544420000,1,SRM-USDT
2022-11-03 01:00:00,1667408400000,0.7360000000,0.7390000000,0.7270000000,0.7320000000,69681.1499680000,51076.6886110000,51076.6886110000,1,SRM-USDT
2022-11-03 02:00:00,1667412000000,0.7290000000,0.7670000000,0.7280000000,0.7530000000,303284.2575530000,227222.8528370000,227222.8528370000,1,SRM-USDT
2022-11-03 03:00:00,1667415600000,0.7510000000,0.7620000000,0.7370000000,0.7410000000,65852.8431380000,49223.3337270000,49223.3337270000,1,SRM-USDT
2022-11-03 04:00:00,1667419200000,0.7390000000,0.7440000000,0.7240000000,0.7330000000,34230.9520040000,25081.7948140000,25081.7948140000,1,SRM-USDT
2022-11-03 05:00:00,1667422800000,0.7310000000,0.7390000000,0.7310000000,0.7380000000,30589.2380740000,22481.0283170000,22481.0283170000,1,SRM-USDT
2022-11-03 06:00:00,1667426400000,0.7360000000,0.7380000000,0.7300000000,0.7340000000,16648.4210450000,12230.1959660000,12230.1959660000,1,SRM-USDT
2022-11-03 07:00:00,1667430000000,0.7330000000,0.7410000000,0.7320000000,0.7390000000,13041.6783830000,9592.8890770000,9592.8890770000,1,SRM-USDT
2022-11-03 08:00:00,1667433600000,0.7380000000,0.7450000000,0.7330000000,0.7430000000,16147.8942580000,11915.6061710000,11915.6061710000,1,SRM-USDT
2022-11-03 09:00:00,1667437200000,0.7440000000,0.7480000000,0.7410000000,0.7480000000,23539.5456130000,17513.5754310000,17513.5754310000,1,SRM-USDT
2022-11-03 10:00:00,1667440800000,0.7470000000,0.7540000000,0.7470000000,0.7540000000,4694.4754560000,3518.7426700000,3518.7426700000,1,SRM-USDT
2022-11-03 11:00:00,1667444400000,0.7540000000,0.7580000000,0.7520000000,0.7570000000,11483.7393950000,8677.9463370000,8677.9463370000,1,SRM-USDT
2022-11-03 12:00:00,1667448000000,0.7570000000,0.7660000000,0.7570000000,0.7600000000,21779.5813130000,16569.4741600000,16569.4741600000,1,SRM-USDT
2022-11-03 13:00:00,1667451600000,0.7610000000,0.7660000000,0.7600000000,0.7660000000,7665.0730990000,5840.7960390000,5840.7960390000,1,SRM-USDT
2022-11-03 14:00:00,1667455200000,0.7660000000,0.7670000000,0.7590000000,0.7620000000,25305.0533720000,19274.3722820000,19274.3722820000,1,SRM-USDT
2022-11-03 15:00:00,1667458800000,0.7610000000,0.7690000000,0.7580000000,0.7590000000,46664.4306480000,35559.7438520000,35559.7438520000,1,SRM-USDT
2022-11-03 16:00:00,1667462400000,0.7590000000,0.7630000000,0.7550000000,0.7590000000,78270.8008200000,59270.0525790000,59270.0525790000,1,SRM-USDT
2022-11-03 17:00:00,1667466000000,0.7590000000,0.7620000000,0.7570000000,0.7600000000,44839.9530070000,33991.8676580000,33991.8676580000,1,SRM-USDT
2022-11-03 18:00:00,1667469600000,0.7600000000,0.7660000000,0.7590000000,0.7600000000,37330.4090660000,28474.5674050000,28474.5674050000,1,SRM-USDT
2022-11-03 19:00:00,1667473200000,0.7600000000,0.7640000000,0.7420000000,0.7480000000,66226.6683170000,49751.1756910000,49751.1756910000,1,SRM-USDT
2022-11-03 20:00:00,1667476800000,0.7480000000,0.7540000000,0.7420000000,0.7490000000,55824.0109700000,41869.1257600000,41869.1257600000,1,SRM-USDT
2022-11-03 21:00:00,1667480400000,0.7470000000,0.7570000000,0.7470000000,0.7480000000,40179.3062260000,30193.2671850000,30193.2671850000,1,SRM-USDT
2022-11-03 22:00:00,1667484000000,0.7480000000,0.7630000000,0.7480000000,0.7610000000,134774.8431370000,102328.7256690000,102328.7256690000,1,SRM-USDT
2022-11-03 23:00:00,1667487600000,0.7600000000,0.7630000000,0.7550000000,0.7570000000,9837.5305280000,7456.9801840000,7456.9801840000,1,SRM-USDT
2022-11-04 00:00:00,1667491200000,0.7550000000,0.7590000000,0.7530000000,0.7590000000,20523.5710700000,15513.3579840000,15513.3579840000,1,SRM-USDT
2022-11-04 01:00:00,1667494800000,0.7580000000,0.7580000000,0.7520000000,0.7530000000,8721.4779220000,6581.1351620000,6581.1351620000,1,SRM-USDT
2022-11-04 02:00:00,1667498400000,0.7500000000,0.7570000000,0.7500000000,0.7570000000,2973.5242780000,2238.0817290000,2238.0817290000,1,SRM-USDT
2022-11-04 03:00:00,1667502000000,0.7560000000,0.7580000000,0.7540000000,0.7560000000,11288.6019340000,8533.0469880000,8533.0469880000,1,SRM-USDT
2022-11-04 04:00:00,1667505600000,0.7550000000,0.7560000000,0.7490000000,0.7520000000,30982.7768570000,23300.4642940000,23300.4642940000,1,SRM-USDT
2022-11-04 05:00:00,1667509200000,0.7510000000,0.7600000000,0.7510000000,0.7590000000,17845.1126260000,13482.5344630000,13482.5344630000,1,SRM-USDT
2022-11-04 06:00:00,1667512800000,0.7580000000,0.7590000000,0.7440000000,0.7460000000,72218.6153140000,54248.1812570000,54248.1812570000,1,SRM-USDT
2022-11-04 07:00:00,1667516400000,0.7450000000,0.7500000000,0.7420000000,0.7490000000,79067.8760960000,58900.5620780000,58900.5620780000,1,SRM-USDT
2022-11-04 08:00:00,1667520000000,0.7480000000,0.7520000000,0.7410000000,0.7510000000,31127.3113300000,23203.3173110000,23203.3173110000,1,SRM-USDT
2022-11-04 09:00:00,1667523600000,0.7500000000,0.7570000000,0.7490000000,0.7540000000,82328.5581810000,61859.3837950000,61859.3837950000,1,SRM-USDT
2022-11-04 10:00:00,1667527200000,0.7530000000,0.7590000000,0.7520000000,0.7560000000,23378.0217950000,17642.8890720000,17642.8890720000,1,SRM-USDT
2022-11-04 11:00:00,1667530800000,0.7560000000,0.7660000000,0.7550000000,0.7660000000,15318.3230050000,11636.9382090000,11636.9382090000,1,SRM-USDT
2022-11-04 12:00:00,1667534400000,0.7650000000,0.7700000000,0.7620000000,0.7670000000,31018.2241100000,23751.2935560000,23751.2935560000,1,SRM-USDT
2022-11-04 13:00:00,1667538000000,0.7670000000,0.7680000000,0.7570000000,0.7630000000,38794.4526910000,29603.0909070000,29603.0909070000,1,SRM-USDT
2022-11-04 14:00:00,1667541600000,0.7620000000,0.7770000000,0.7620000000,0.7770000000,30078.9003360000,23195.5807260000,23195.5807260000,1,SRM-USDT
2022-11-04 15:00:00,1667545200000,0.7750000000,0.7830000000,0.7740000000,0.7830000000,47949.5406490000,37390.8382020000,37390.8382020000,1,SRM-USDT
2022-11-04 16:00:00,1667548800000,0.7830000000,0.7850000000,0.7760000000,0.7780000000,125929.3321420000,98481.5788820000,98481.5788820000,1,SRM-USDT
2022-11-04 17:00:00,1667552400000,0.7770000000,0.7790000000,0.7720000000,0.7780000000,35042.8389980000,27217.1339330000,27217.1339330000,1,SRM-USDT
2022-11-04 18:00:00,1667556000000,0.7780000000,0.7850000000,0.7760000000,0.7840000000,57280.0966670000,44648.7010870000,44648.7010870000,1,SRM-USDT
2022-11-04 19:00:00,1667559600000,0.7830000000,0.7840000000,0.7730000000,0.7750000000,64245.1129940000,50055.0414150000,50055.0414150000,1,SRM-USDT
2022-11-04 20:00:00,1667563200000,0.7740000000,0.7860000000,0.7660000000,0.7860000000,59604.6003340000,46271.9079670000,46271.9079670000,1,SRM-USDT
2022-11-04 21:00:00,1667566800000,0.7850000000,0.7890000000,0.7770000000,0.7810000000,58404.9950350000,45746.0208550000,45746.0208550000,1,SRM-USDT
2022-11-04 22:00:00,1667570400000,0.7810000000,0.7970000000,0.7800000000,0.7890000000,78633.0953200000,62045.9790410000,62045.9790410000,1,SRM-USDT
2022-11-04 23:00:00,1667574000000,0.7880000000,0.7890000000,0.7720000000,0.7720000000,63456.5211460000,49536.2328780000,49536.2328780000,1,SRM-USDT
2022-11-05 00:00:00,1667577600000,0.7720000000,0.7810000000,0.7700000000,0.7760000000,108118.5875330000,83861.0751680000,83861.0751680000,1,SRM-USDT
2022-11-05 01:00:00,1667581200000,0.7760000000,0.7790000000,0.7720000000,0.7760000000,17754.7145560000,13747.8162940000,13747.8162940000,1,SRM-USDT
2022-11-05 02:00:00,1667584800000,0.7770000000,0.7810000000,0.7750000000,0.7780000000,12248.5033810000,9525.0148630000,9525.0148630000,1,SRM-USDT
2022-11-05 03:00:00,1667588400000,0.7790000000,0.7870000000,0.7760000000,0.7860000000,94316.4960910000,73589.2826290000,73589.2826290000,1,SRM-USDT
2022-11-05 04:00:00,1667592000000,0.7850000000,0.7910000000,0.7830000000,0.7910000000,14045.2786840000,11034.2411200000,11034.2411200000,1,SRM-USDT
2022-11-05 05:00:00,1667595600000,0.7890000000,0.7960000000,0.7890000000,0.7950000000,4644.8226300000,3676.4167440000,3676.4167440000,1,SRM-USDT
2022-11-05 06:00:00,1667599200000,0.7930000000,0.7970000000,0.7920000000,0.7960000000,51084.1909600000,40605.4823350000,40605.4823350000,1,SRM-USDT
2022-11-05 07:00:00,1667602800000,0.7950000000,0.7970000000,0.7910000000,0.7940000000,9910.6381820000,7871.5606600000,7871.5606600000,1,SRM-USDT
2022-11-05 08:00:00,1667606400000,0.7940000000,0.8110000000,0.7940000000,0.8100000000,177190.7764620000,141891.4573660000,141891.4573660000,1,SRM-USDT
2022-11-05 09:00:00,1667610000000,0.8090000000,0.8130000000,0.8030000000,0.8090000000,104419.7830560000,84539.0057710000,84539.0057710000,1,SRM-USDT
2022-11-05 10:00:00,1667613600000,0.8070000000,0.8120000000,0.8060000000,0.8120000000,30913.3888290000,24986.2791440000,24986.2791440000,1,SRM-USDT
2022-11-05 11:00:00,1667617200000,0.8100000000,0.8130000000,0.7990000000,0.8090000000,24192.5636560000,19515.4513920000,19515.4513920000,1,SRM-USDT
2022-11-05 12:00:00,1667620800000,0.8080000000,0.8170000000,0.8060000000,0.8070000000,39405.4358760000,31968.5447600000,31968.5447600000,1,SRM-USDT
2022-11-05 13:00:00,1667624400000,0.8060000000,0.8200000000,0.8050000000,0.8200000000,57212.2077100000,46352.5487210000,46352.5487210000,1,SRM-USDT
2022-11-05 14:00:00,1667628000000,0.8190000000,0.8440000000,0.8170000000,0.8440000000,120698.5260020000,100447.5834340000,100447.5834340000,1,SRM-USDT
2022-11-05 15:00:00,1667631600000,0.8440000000,0.8780000000,0.8350000000,0.8490000000,440386.3627360000,376036.3093080000,376036.3093080000,1,SRM-USDT
2022-11-05 16:00:00,1667635200000,0.8470000000,0.8510000000,0.8310000000,0.8440000000,138687.8510260000,116819.1029020000,116819.1029020000,1,SRM-USDT
2022-11-05 17:00:00,1667638800000,0.8430000000,0.8490000000,0.8320000000,0.8380000000,89826.3319700000,75265.0317650000,75265.0317650000,1,SRM-USDT
2022-11-05 18:00:00,1667642400000,0.8380000000,0.8400000000,0.8270000000,0.8350000000,43577.5085420000,36297.5616570000,36297.5616570000,1,SRM-USDT
2022-11-05 19:00:00,1667646000000,0.8340000000,0.8420000000,0.8230000000,0.8300000000,75728.5980530000,63211.9110350000,63211.9110350000,1,SRM-USDT
2022-11-05 20:00:00,1667649600000,0.8290000000,0.8330000000,0.8210000000,0.8250000000,78896.1799710000,65057.6281470000,65057.6281470000,1,SRM-USDT
2022-11-05 21:00:00,1667653200000,0.8250000000,0.8270000000,0.8160000000,0.8220000000,30191.1993920000,24780.1171150000,24780.1171150000,1,SRM-USDT
2022-11-05 22:00:00,1667656800000,0.8220000000,0.8260000000,0.8140000000,0.8190000000,39733.4211530000,32548.6596220000,32548.6596220000,1,SRM-USDT
2022-11-05 23:00:00,1667660400000,0.8170000000,0.8740000000,0.8170000000,0.8580000000,253991.5005220000,215859.8980090000,215859.8980090000,1,SRM-USDT
2022-11-06 00:00:00,1667664000000,0.8570000000,0.8740000000,0.8510000000,0.8620000000,343503.8111240000,295816.2260700000,295816.2260700000,1,SRM-USDT
2022-11-06 01:00:00,1667667600000,0.8610000000,0.8640000000,0.8410000000,0.8420000000,148753.3232170000,126445.1838310000,126445.1838310000,1,SRM-USDT
2022-11-06 02:00:00,1667671200000,0.8420000000,0.8440000000,0.8200000000,0.8220000000,149672.4457400000,123831.8837830000,123831.8837830000,1,SRM-USDT
2022-11-06 03:00:00,1667674800000,0.8220000000,0.8260000000,0.8170000000,0.8250000000,91711.1228240000,75291.2642400000,75291.2642400000,1,SRM-USDT
2022-11-06 04:00:00,1667678400000,0.8230000000,0.8250000000,0.8160000000,0.8190000000,73545.1924090000,60258.3386690000,60258.3386690000,1,SRM-USDT
2022-11-06 05:00:00,1667682000000,0.8180000000,0.8210000000,0.8160000000,0.8200000000,22884.6385060000,18732.7581950000,18732.7581950000,1,SRM-USDT
2022-11-06 06:00:00,1667685600000,0.8200000000,0.8310000000,0.8200000000,0.8270000000,54598.7140260000,45086.1826240000,45086.1826240000,1,SRM-USDT
2022-11-06 07:00:00,1667689200000,0.8260000000,0.8270000000,0.7920000000,0.8220000000,236496.0283340000,191961.2053050000,191961.2053050000,1,SRM-USDT
2022-11-06 08:00:00,1667692800000,0.8210000000,0.8300000000,0.8100000000,0.8200000000,126272.1016880000,103675.0109190000,103675.0109190000,1,SRM-USDT
2022-11-06 09:00:00,1667696400000,0.8180000000,0.8230000000,0.8030000000,0.8030000000,63064.7153790000,51242.8634760000,51242.8634760000,1,SRM-USDT
2022-11-06 10:00:00,1667700000000,0.8020000000,0.8140000000,0.8020000000,0.8050000000,31598.3300080000,25502.5588630000,25502.5588630000,1,SRM-USDT
2022-11-06 11:00:00,1667703600000,0.8060000000,0.8140000000,0.8060000000,0.8130000000,10704.4463960000,8687.3621230000,8687.3621230000,1,SRM-USDT
2022-11-06 12:00:00,1667707200000,0.8120000000,0.8160000000,0.8110000000,0.8150000000,18849.4632480000,15347.1434390000,15347.1434390000,1,SRM-USDT
2022-11-06 13:00:00,1667710800000,0.8130000000,0.8160000000,0.8020000000,0.8050000000,33947.9656220000,27362.1554380000,27362.1554380000,1,SRM-USDT
2022-11-06 14:00:00,1667714400000,0.8040000000,0.8080000000,0.8030000000,0.8050000000,18317.1894870000,14739.3023300000,14739.3023300000,1,SRM-USDT
2022-11-06 15:00:00,1667718000000,0.8050000000,0.8070000000,0.8030000000,0.8060000000,29862.8373630000,24015.1758120000,24015.1758120000,1,SRM-USDT
2022-11-06 16:00:00,1667721600000,0.8060000000,0.8140000000,0.8020000000,0.8130000000,22471.8179830000,18135.1795200000,18135.1795200000,1,SRM-USDT
2022-11-06 17:00:00,1667725200000,0.8110000000,0.8120000000,0.8080000000,0.8100000000,6416.7823180000,5195.8679860000,5195.8679860000,1,SRM-USDT
2022-11-06 18:00:00,1667728800000,0.8090000000,0.8170000000,0.8070000000,0.8150000000,24609.8154880000,19992.3880420000,19992.3880420000,1,SRM-USDT
2022-11-06 19:00:00,1667732400000,0.8140000000,0.8150000000,0.8010000000,0.8080000000,80867.7399540000,65094.0465140000,65094.0465140000,1,SRM-USDT
2022-11-06 20:00:00,1667736000000,0.8070000000,0.8090000000,0.8030000000,0.8050000000,19712.7173770000,15872.2075420000,15872.2075420000,1,SRM-USDT
2022-11-06 21:00:00,1667739600000,0.8060000000,0.8080000000,0.8020000000,0.8030000000,37102.9310330000,29846.6814480000,29846.6814480000,1,SRM-USDT
2022-11-06 22:00:00,1667743200000,0.8010000000,0.8070000000,0.7960000000,0.8040000000,84906.3325760000,67840.5139230000,67840.5139230000,1,SRM-USDT
2022-11-06 23:00:00,1667746800000,0.8030000000,0.8090000000,0.7910000000,0.7940000000,51569.2668650000,41155.2278040000,41155.2278040000,1,SRM-USDT
2022-11-07 00:00:00,1667750400000,0.7940000000,0.7980000000,0.7820000000,0.7880000000,212386.4987010000,167441.5417370000,167441.5417370000,1,SRM-USDT
2022-11-07 01:00:00,1667754000000,0.7870000000,0.7910000000,0.7830000000,0.7880000000,57050.9579660000,44818.5838900000,44818.5838900000,1,SRM-USDT
2022-11-07 02:00:00,1667757600000,0.7870000000,0.7880000000,0.7750000000,0.7800000000,105701.2761870000,82312.6156710000,82312.6156710000,1,SRM-USDT
2022-11-07 03:00:00,1667761200000,0.7790000000,0.7800000000,0.7680000000,0.7740000000,71732.5663490000,55555.9330760000,55555.9330760000,1,SRM-USDT
2022-11-07 04:00:00,1667764800000,0.7740000000,0.7750000000,0.7680000000,0.7740000000,78873.4802940000,60829.0494830000,60829.0494830000,1,SRM-USDT
2022-11-07 05:00:00,1667768400000,0.7730000000,0.7760000000,0.7680000000,0.7710000000,96686.3400820000,74664.5788380000,74664.5788380000,1,SRM-USDT
2022-11-07 06:00:00,1667772000000,0.7690000000,0.7750000000,0.7650000000,0.7700000000,97128.9736720000,74693.5252320000,74693.5252320000,1,SRM-USDT
2022-11-07 07:00:00,1667775600000,0.7680000000,0.7760000000,0.7530000000,0.7610000000,262167.6757620000,199917.9106770000,199917.9106770000,1,SRM-USDT
2022-11-07 08:00:00,1667779200000,0.7590000000,0.7700000000,0.7520000000,0.7590000000,158196.3840090000,120754.7147190000,120754.7147190000,1,SRM-USDT
2022-11-07 09:00:00,1667782800000,0.7570000000,0.7630000000,0.7510000000,0.7620000000,101615.5311240000,76845.0862740000,76845.0862740000,1,SRM-USDT
2022-11-07 10:00:00,1667786400000,0.7610000000,0.7690000000,0.7590000000,0.7670000000,52999.1924360000,40530.4250010000,40530.4250010000,1,SRM-USDT
2022-11-07 11:00:00,1667790000000,0.7660000000,0.7670000000,0.7620000000,0.7640000000,29774.1006300000,22755.0757260000,22755.0757260000,1,SRM-USDT
2022-11-07 12:00:00,1667793600000,0.7630000000,0.7640000000,0.7540000000,0.7600000000,50936.1130100000,38633.0202550000,38633.0202550000,1,SRM-USDT
2022-11-07 13:00:00,1667797200000,0.7590000000,0.7640000000,0.7580000000,0.7590000000,71183.8925950000,54073.6567140000,54073.6567140000,1,SRM-USDT
2022-11-07 14:00:00,1667800800000,0.7580000000,0.7600000000,0.7530000000,0.7540000000,52188.7681470000,39467.7423560000,39467.7423560000,1,SRM-USDT
2022-11-07 15:00:00,1667804400000,0.7530000000,0.7540000000,0.7340000000,0.7340000000,171749.0573640000,127657.1646370000,127657.1646370000,1,SRM-USDT
2022-11-07 16:00:00,1667808000000,0.7330000000,0.7540000000,0.7310000000,0.7510000000,105040.8002410000,78435.0883070000,78435.0883070000,1,SRM-USDT
2022-11-07 17:00:00,1667811600000,0.7500000000,0.7510000000,0.7450000000,0.7460000000,22873.0645760000,17096.8111370000,17096.8111370000,1,SRM-USDT
2022-11-07 18:00:00,1667815200000,0.7460000000,0.7570000000,0.7460000000,0.7520000000,69671.1613470000,52451.6363940000,52451.6363940000,1,SRM-USDT
2022-11-07 19:00:00,1667818800000,0.7530000000,0.7560000000,0.7520000000,0.7530000000,25227.2277640000,19007.5461950000,19007.5461950000,1,SRM-USDT
2022-11-07 20:00:00,1667822400000,0.7530000000,0.7570000000,0.7490000000,0.7540000000,61313.3931570000,46124.9369360000,46124.9369360000,1,SRM-USDT
2022-11-07 21:00:00,1667826000000,0.7560000000,0.7560000000,0.7470000000,0.7500000000,35487.7766470000,26679.9695360000,26679.9695360000,1,SRM-USDT
2022-11-07 22:00:00,1667829600000,0.7490000000,0.7500000000,0.7400000000,0.7440000000,48745.6788050000,36347.2695290000,36347.2695290000,1,SRM-USDT
2022-11-07 23:00:00,1667833200000,0.7440000000,0.7650000000,0.7440000000,0.7650000000,94254.2235840000,71218.4602500000,71218.4602500000,1,SRM-USDT
2022-11-08 00:00:00,1667836800000,0.7640000000,0.7640000000,0.7500000000,0.7510000000,64189.3690860000,48664.1526450000,48664.1526450000,1,SRM-USDT
2022-11-08 01:00:00,1667840400000,0.7510000000,0.7540000000,0.7500000000,0.7530000000,10074.9508510000,7587.3269210000,7587.3269210000,1,SRM-USDT
2022-11-08 02:00:00,1667844000000,0.7540000000,0.7580000000,0.7530000000,0.7550000000,10308.1137900000,7788.8020230000,7788.8020230000,1,SRM-USDT
2022-11-08 03:00:00,1667847600000,0.7550000000,0.7630000000,0.7550000000,0.7620000000,10962.9696240000,8347.4312270000,8347.4312270000,1,SRM-USDT
2022-11-08 04:00:00,1667851200000,0.7630000000,0.7630000000,0.7560000000,0.7580000000,16805.8603240000,12789.1282650000,12789.1282650000,1,SRM-USDT
2022-11-08 05:00:00,1667854800000,0.7590000000,0.7600000000,0.7470000000,0.7500000000,39073.1682880000,29417.8011350000,29417.8011350000,1,SRM-USDT
2022-11-08 06:00:00,1667858400000,0.7500000000,0.7500000000,0.7310000000,0.7380000000,68926.4379050000,50756.6768360000,50756.6768360000,1,SRM-USDT
2022-11-08 07:00:00,1667862000000,0.7390000000,0.7430000000,0.7360000000,0.7410000000,153372.4596760000,113446.4209610000,113446.4209610000,1,SRM-USDT
2022-11-08 08:00:00,1667865600000,0.7410000000,0.7470000000,0.7380000000,0.7400000000,100022.9497780000,74281.3321570000,74281.3321570000,1,SRM-USDT
2022-11-08 09:00:00,1667869200000,0.7380000000,0.7480000000,0.7380000000,0.7450000000,42854.2771990000,31834.2614410000,31834.2614410000,1,SRM-USDT
2022-11-08 10:00:00,1667872800000,0.7440000000,0.7480000000,0.7200000000,0.7220000000,115654.7533790000,84444.6862830000,84444.6862830000,1,SRM-USDT
2022-11-08 11:00:00,1667876400000,0.7210000000,0.7270000000,0.6930000000,0.6970000000,540191.2129090000,385034.0755790000,385034.0755790000,1,SRM-USDT
2022-11-08 12:00:00,1667880000000,0.6960000000,0.7040000000,0.6710000000,0.6880000000,542571.2795140001,372561.2518560000,372561.2518560000,1,SRM-USDT
2022-11-08 13:00:00,1667883600000,0.6870000000,0.6920000000,0.6640000000,0.6730000000,372240.1381360000,252555.1063950000,252555.1063950000,1,SRM-USDT
2022-11-08 14:00:00,1667887200000,0.6740000000,0.6960000000,0.6740000000,0.6910000000,150736.1099330000,102893.3420730000,102893.3420730000,1,SRM-USDT
2022-11-08 15:00:00,1667890800000,0.6900000000,0.6990000000,0.6890000000,0.6960000000,80581.3985070000,55940.1802860000,55940.1802860000,1,SRM-USDT
2022-11-08 16:00:00,1667894400000,0.6950000000,0.7040000000,0.6910000000,0.6950000000,102797.9381380000,71483.3760490000,71483.3760490000,1,SRM-USDT
2022-11-08 17:00:00,1667898000000,0.6950000000,0.7040000000,0.6940000000,0.6990000000,86692.0077100000,60606.5427570000,60606.5427570000,1,SRM-USDT
2022-11-08 18:00:00,1667901600000,0.6990000000,0.7060000000,0.6930000000,0.6980000000,160770.3812110000,112322.2176750000,112322.2176750000,1,SRM-USDT
2022-11-08 19:00:00,1667905200000,0.6970000000,0.6990000000,0.6880000000,0.6890000000,101399.0708000000,70418.5775670000,70418.5775670000,1,SRM-USDT
2022-11-08 20:00:00,1667908800000,0.6880000000,0.6940000000,0.6870000000,0.6900000000,74247.4835950000,51235.8074840000,51235.8074840000,1,SRM-USDT
2022-11-08 21:00:00,1667912400000,0.6920000000,0.6930000000,0.6840000000,0.6850000000,49633.0969980000,34190.3743110000,34190.3743110000,1,SRM-USDT
2022-11-08 22:00:00,1667916000000,0.6840000000,0.6920000000,0.6780000000,0.6890000000,109984.9416870000,75332.4841280000,75332.4841280000,1,SRM-USDT
2022-11-08 23:00:00,1667919600000,0.6890000000,0.6910000000,0.6770000000,0.6910000000,86599.1341770000,59362.3837810000,59362.3837810000,1,SRM-USDT
2022-11-09 00:00:00,1667923200000,0.6900000000,0.7410000000,0.6880000000,0.7190000000,460392.4215530000,330892.0945200000,330892.0945200000,1,SRM-USDT
2022-11-09 01:00:00,1667926800000,0.7190000000,0.7210000000,0.6670000000,0.6700000000,348101.5274460000,241529.8767900000,241529.8767900000,1,SRM-USDT
2022-11-09 02:00:00,1667930400000,0.6700000000,0.6760000000,0.5920000000,0.6130000000,1003968.4300050000,626961.2665030000,626961.2665030000,1,SRM-USDT
2022-11-09 03:00:00,1667934000000,0.6100000000,0.6150000000,0.5130000000,0.5650000000,839753.6567310001,481153.1027060000,481153.1027060000,1,SRM-USDT
2022-11-09 04:00:00,1667937600000,0.5650000000,0.5710000000,0.5360000000,0.5410000000,862094.1291819999,479178.7310200000,479178.7310200000,1,SRM-USDT
2022-11-09 05:00:00,1667941200000,0.5420000000,0.5460000000,0.5100000000,0.5420000000,2022525.4520540000,1067389.2352150001,1067389.2352150001,1,SRM-USDT
2022-11-09 06:00:00,1667944800000,0.5430000000,0.5510000000,0.5310000000,0.5440000000,686367.4971160000,372314.7453260000,372314.7453260000,1,SRM-USDT
2022-11-09 07:00:00,1667948400000,0.5470000000,0.5680000000,0.5410000000,0.5630000000,662896.0628000000,366244.2281390000,366244.2281390000,1,SRM-USDT
2022-11-09 08:00:00,1667952000000,0.5610000000,0.5620000000,0.5210000000,0.5230000000,786045.0688839999,427357.8888100000,427357.8888100000,1,SRM-USDT
2022-11-09 09:00:00,1667955600000,0.5230000000,0.5360000000,0.5190000000,0.5210000000,586944.6602450000,310521.8691810000,310521.8691810000,1,SRM-USDT
2022-11-09 10:00:00,1667959200000,0.5210000000,0.5280000000,0.4890000000,0.4910000000,756669.7888760000,387321.4594260000,387321.4594260000,1,SRM-USDT
2022-11-09 11:00:00,1667962800000,0.4910000000,0.5020000000,0.4770000000,0.4950000000,1346401.5554239999,660591.9881380000,660591.9881380000,1,SRM-USDT
2022-11-09 12:00:00,1667966400000,0.4960000000,0.4990000000,0.4490000000,0.4810000000,3404091.1639760002,1624133.7599960000,1624133.7599960000,1,SRM-USDT
2022-11-09 13:00:00,1667970000000,0.4820000000,0.4860000000,0.4630000000,0.4710000000,1766197.8103900000,836970.7089780000,836970.7089780000,1,SRM-USDT
2022-11-09 14:00:00,1667973600000,0.4700000000,0.4760000000,0.4600000000,0.4680000000,1262511.8084330000,591365.2591509999,591365.2591509999,1,SRM-USDT
2022-11-09 15:00:00,1667977200000,0.4680000000,0.4740000000,0.4520000000,0.4550000000,1193026.8303690001,557352.8111050000,557352.8111050000,1,SRM-USDT
2022-11-09 16:00:00,1667980800000,0.4560000000,0.4590000000,0.4170000000,0.4260000000,1430166.3558720001,619994.9328110000,619994.9328110000,1,SRM-USDT
2022-11-09 17:00:00,1667984400000,0.4260000000,0.4290000000,0.3910000000,0.4050000000,1062569.4284740000,433140.3451810000,433140.3451810000,1,SRM-USDT
2022-11-09 18:00:00,1667988000000,0.4060000000,0.4120000000,0.3740000000,0.4020000000,1075793.8067540000,423496.1694760000,423496.1694760000,1,SRM-USDT
2022-11-09 19:00:00,1667991600000,0.4020000000,0.4430000000,0.3860000000,0.4310000000,1560238.1074800000,648104.8714400000,648104.8714400000,1,SRM-USDT
2022-11-09 20:00:00,1667995200000,0.4310000000,0.4480000000,0.4150000000,0.4270000000,1250329.3214860000,542390.2238600000,542390.2238600000,1,SRM-USDT
2022-11-09 21:00:00,1667998800000,0.4280000000,0.4410000000,0.4120000000,0.4270000000,846324.7462240000,362396.4062820000,362396.4062820000,1,SRM-USDT
2022-11-09 22:00:00,1668002400000,0.4280000000,0.4380000000,0.4140000000,0.4290000000,875135.0814070000,374130.0713830000,374130.0713830000,1,SRM-USDT
2022-11-09 23:00:00,1668006000000,0.4290000000,0.4360000000,0.3990000000,0.4050000000,887750.9056270000,372764.8339180000,372764.8339180000,1,SRM-USDT
2022-11-10 00:00:00,1668009600000,0.4030000000,0.4210000000,0.3880000000,0.3960000000,1111855.3835600000,447007.6988920000,447007.6988920000,1,SRM-USDT
2022-11-10 01:00:00,1668013200000,0.3950000000,0.3980000000,0.3730000000,0.3750000000,969243.3147350000,373079.1664800000,373079.1664800000,1,SRM-USDT
2022-11-10 02:00:00,1668016800000,0.3750000000,0.3750000000,0.3240000000,0.3400000000,854597.7073790000,296697.5755010000,296697.5755010000,1,SRM-USDT
2022-11-10 03:00:00,1668020400000,0.3410000000,0.3560000000,0.3290000000,0.3380000000,437713.9253850000,150280.7601490000,150280.7601490000,1,SRM-USDT
2022-11-10 04:00:00,1668024000000,0.3370000000,0.3440000000,0.3180000000,0.3300000000,509497.3608340000,168809.7396240000,168809.7396240000,1,SRM-USDT
2022-11-10 05:00:00,1668027600000,0.3310000000,0.3340000000,0.2660000000,0.2660000000,458792.5410370000,137099.4170970000,137099.4170970000,1,SRM-USDT
2022-11-10 06:00:00,1668031200000,0.2670000000,0.3160000000,0.2670000000,0.3140000000,267864.1784500000,78060.1256700000,78060.1256700000,1,SRM-USDT
2022-11-10 07:00:00,1668034800000,0.3140000000,0.3150000000,0.3010000000,0.3140000000,116627.7377370000,35870.8855380000,35870.8855380000,1,SRM-USDT
2022-11-10 08:00:00,1668038400000,0.3140000000,0.4280000000,0.3040000000,0.3620000000,1101304.6447630001,396721.6857850000,396721.6857850000,1,SRM-USDT
2022-11-10 09:00:00,1668042000000,0.3630000000,0.3710000000,0.3310000000,0.3440000000,295965.6326170000,104983.9970450000,104983.9970450000,1,SRM-USDT
2022-11-10 10:00:00,1668045600000,0.3440000000,0.3660000000,0.3370000000,0.3560000000,246629.2870370000,87124.2037200000,87124.2037200000,1,SRM-USDT
2022-11-10 11:00:00,1668049200000,0.3550000000,0.3980000000,0.3540000000,0.3720000000,532411.9903750001,200924.5045100000,200924.5045100000,1,SRM-USDT
2022-11-10 12:00:00,1668052800000,0.3730000000,0.3810000000,0.3530000000,0.3730000000,190641.3935460000,70247.4486970000,70247.4486970000,1,SRM-USDT
2022-11-10 13:00:00,1668056400000,0.3720000000,0.3800000000,0.3580000000,0.3690000000,231798.6625650000,84958.0994740000,84958.0994740000,1,SRM-USDT
2022-11-10 14:00:00,1668060000000,0.3690000000,0.3910000000,0.3650000000,0.3750000000,193221.0268600000,72667.7467790000,72667.7467790000,1,SRM-USDT
2022-11-10 15:00:00,1668063600000,0.3750000000,0.3870000000,0.3640000000,0.3660000000,265564.1724940000,99598.8708740000,99598.8708740000,1,SRM-USDT
2022-11-10 16:00:00,1668067200000,0.3650000000,0.3650000000,0.3370000000,0.3600000000,468726.9539960000,164029.5340880000,164029.5340880000,1,SRM-USDT
2022-11-10 17:00:00,1668070800000,0.3590000000,0.3610000000,0.3530000000,0.3560000000,66430.6479740000,23682.2021880000,23682.2021880000,1,SRM-USDT
2022-11-10 18:00:00,1668074400000,0.3550000000,0.3560000000,0.3330000000,0.3330000000,88660.2569030000,30676.9589270000,30676.9589270000,1,SRM-USDT
2022-11-10 19:00:00,1668078000000,0.3350000000,0.3500000000,0.3330000000,0.3430000000,64815.5435770000,22138.1236340000,22138.1236340000,1,SRM-USDT
2022-11-10 20:00:00,1668081600000,0.3430000000,0.3880000000,0.3420000000,0.3710000000,278371.3781380000,104346.8000620000,104346.8000620000,1,SRM-USDT
2022-11-10 21:00:00,1668085200000,0.3700000000,0.3980000000,0.3620000000,0.3920000000,472071.2121260000,179727.3314670000,179727.3314670000,1,SRM-USDT
2022-11-10 22:00:00,1668088800000,0.3920000000,0.3940000000,0.3800000000,0.3940000000,387701.1554130000,150145.4135700000,150145.4135700000,1,SRM-USDT
2022-11-10 23:00:00,1668092400000,0.3940000000,0.4200000000,0.3940000000,0.4010000000,352697.3026720000,143215.4409770000,143215.4409770000,1,SRM-USDT
2022-11-11 00:00:00,1668096000000,0.4000000000,0.4220000000,0.3950000000,0.4020000000,391778.9281080000,159446.4930240000,159446.4930240000,1,SRM-USDT
2022-11-11 01:00:00,1668099600000,0.4030000000,0.4040000000,0.3780000000,0.3800000000,219805.7245350000,85799.1234130000,85799.1234130000,1,SRM-USDT
2022-11-11 02:00:00,1668103200000,0.3790000000,0.3890000000,0.3790000000,0.3860000000,35047.6157740000,13443.5724180000,13443.5724180000,1,SRM-USDT
2022-11-11 03:00:00,1668106800000,0.3860000000,0.3880000000,0.3820000000,0.3870000000,35966.5358880000,13865.0550040000,13865.0550040000,1,SRM-USDT
2022-11-11 04:00:00,1668110400000,0.3870000000,0.4020000000,0.3830000000,0.4000000000,150765.3478630000,58658.5614290000,58658.5614290000,1,SRM-USDT
2022-11-11 05:00:00,1668114000000,0.3990000000,0.4070000000,0.3960000000,0.4000000000,158675.2034590000,63476.7605270000,63476.7605270000,1,SRM-USDT
2022-11-11 06:00:00,1668117600000,0.4000000000,0.4030000000,0.3940000000,0.4010000000,107031.0663680000,42589.1700280000,42589.1700280000,1,SRM-USDT
2022-11-11 07:00:00,1668121200000,0.4010000000,0.4090000000,0.3920000000,0.4070000000,55020.9628420000,21907.3698840000,21907.3698840000,1,SRM-USDT
2022-11-11 08:00:00,1668124800000,0.4050000000,0.4460000000,0.3950000000,0.4290000000,904807.7519110000,372070.8934060000,372070.8934060000,1,SRM-USDT
2022-11-11 09:00:00,1668128400000,0.4290000000,0.4410000000,0.4200000000,0.4200000000,92630.1409280000,39613.7957330000,39613.7957330000,1,SRM-USDT
2022-11-11 10:00:00,1668132000000,0.4200000000,0.4200000000,0.3950000000,0.4140000000,257169.3016970000,105397.7315690000,105397.7315690000,1,SRM-USDT
2022-11-11 11:00:00,1668135600000,0.4140000000,0.4140000000,0.3720000000,0.3950000000,543106.9737800000,210947.1480470000,210947.1480470000,1,SRM-USDT
2022-11-11 12:00:00,1668139200000,0.3940000000,0.4130000000,0.3940000000,0.4010000000,430943.6822580000,175186.9956810000,175186.9956810000,1,SRM-USDT
2022-11-11 13:00:00,1668142800000,0.4010000000,0.4220000000,0.3900000000,0.4130000000,363892.6041950000,148477.0190800000,148477.0190800000,1,SRM-USDT
2022-11-11 14:00:00,1668146400000,0.4140000000,0.4220000000,0.4010000000,0.4110000000,231334.8789700000,94754.8313280000,94754.8313280000,1,SRM-USDT
2022-11-11 15:00:00,1668150000000,0.4110000000,0.4440000000,0.4050000000,0.4290000000,256086.6894510000,109333.1361190000,109333.1361190000,1,SRM-USDT
2022-11-11 16:00:00,1668153600000,0.4290000000,0.4310000000,0.4160000000,0.4240000000,230302.3776580000,97683.4301040000,97683.4301040000,1,SRM-USDT
2022-11-11 17:00:00,1668157200000,0.4240000000,0.4250000000,0.4090000000,0.4150000000,125129.5474780000,52090.7059370000,52090.7059370000,1,SRM-USDT
2022-11-11 18:00:00,1668160800000,0.4150000000,0.4170000000,0.4080000000,0.4140000000,105889.7137030000,43738.3791940000,43738.3791940000,1,SRM-USDT
2022-11-11 19:00:00,1668164400000,0.4130000000,0.4210000000,0.4100000000,0.4120000000,71264.8958460000,29561.6272140000,29561.6272140000,1,SRM-USDT
2022-11-11 20:00:00,1668168000000,0.4120000000,0.4280000000,0.4010000000,0.4190000000,591299.3253570000,245248.5626040000,245248.5626040000,1,SRM-USDT
2022-11-11 21:00:00,1668171600000,0.4180000000,0.4230000000,0.4040000000,0.4060000000,169698.4296950000,70405.6900340000,70405.6900340000,1,SRM-USDT
2022-11-11 22:00:00,1668175200000,0.4060000000,0.4060000000,0.3470000000,0.3770000000,705916.5607410000,262182.0917100000,262182.0917100000,1,SRM-USDT
2022-11-11 23:00:00,1668178800000,0.3770000000,0.3840000000,0.3670000000,0.3730000000,174427.5781640000,65784.5942860000,65784.5942860000,1,SRM-USDT
2022-11-12 00:00:00,1668182400000,0.3720000000,0.3820000000,0.3450000000,0.3600000000,925940.3492570000,337639.6562460000,337639.6562460000,1,SRM-USDT
2022-11-12 01:00:00,1668186000000,0.3600000000,0.3690000000,0.3570000000,0.3640000000,141611.6648640000,51238.9547050000,51238.9547050000,1,SRM-USDT
2022-11-12 02:00:00,1668189600000,0.3630000000,0.3720000000,0.3600000000,0.3600000000,38814.0438220000,14239.9583820000,14239.9583820000,1,SRM-USDT
2022-11-12 03:00:00,1668193200000,0.3600000000,0.3610000000,0.3530000000,0.3570000000,70417.6753160000,25112.1629700000,25112.1629700000,1,SRM-USDT
2022-11-12 04:00:00,1668196800000,0.3570000000,0.3580000000,0.3510000000,0.3510000000,37695.1418240000,13370.5487740000,13370.5487740000,1,SRM-USDT
2022-11-12 05:00:00,1668200400000,0.3520000000,0.3630000000,0.3490000000,0.3540000000,117972.7221810000,41784.6720610000,41784.6720610000,1,SRM-USDT
2022-11-12 06:00:00,1668204000000,0.3540000000,0.3720000000,0.3540000000,0.3660000000,222340.7052420000,81399.5807060000,81399.5807060000,1,SRM-USDT
2022-11-12 07:00:00,1668207600000,0.3650000000,0.3780000000,0.3640000000,0.3720000000,67232.0707550000,24849.0369730000,24849.0369730000,1,SRM-USDT
2022-11-12 08:00:00,1668211200000,0.3720000000,0.3770000000,0.3650000000,0.3660000000,296301.9726850000,109490.4767880000,109490.4767880000,1,SRM-USDT
2022-11-12 09:00:00,1668214800000,0.3660000000,0.3690000000,0.3610000000,0.3670000000,115339.6240030000,42117.6107870000,42117.6107870000,1,SRM-USDT
2022-11-12 10:00:00,1668218400000,0.3670000000,0.3700000000,0.3600000000,0.3650000000,98713.9351390000,36080.3432270000,36080.3432270000,1,SRM-USDT
2022-11-12 11:00:00,1668222000000,0.3660000000,0.3670000000,0.3580000000,0.3610000000,52278.0384100000,18903.1165580000,18903.1165580000,1,SRM-USDT
2022-11-12 12:00:00,1668225600000,0.3620000000,0.3620000000,0.3190000000,0.3260000000,279821.5768440000,94456.3091810000,94456.3091810000,1,SRM-USDT
2022-11-12 13:00:00,1668229200000,0.3270000000,0.3320000000,0.3090000000,0.3130000000,274087.8770740000,86911.6305250000,86911.6305250000,1,SRM-USDT
2022-11-12 14:00:00,1668232800000,0.3120000000,0.3270000000,0.3110000000,0.3240000000,150719.2244710000,48316.0680760000,48316.0680760000,1,SRM-USDT
2022-11-12 15:00:00,1668236400000,0.3240000000,0.3370000000,0.3220000000,0.3330000000,105337.8949440000,34814.1309440000,34814.1309440000,1,SRM-USDT
2022-11-12 16:00:00,1668240000000,0.3330000000,0.3390000000,0.3300000000,0.3350000000,62668.9981820000,20966.5088560000,20966.5088560000,1,SRM-USDT
2022-11-12 17:00:00,1668243600000,0.3350000000,0.3370000000,0.3300000000,0.3360000000,41961.3507700000,13971.5682330000,13971.5682330000,1,SRM-USDT
2022-11-12 18:00:00,1668247200000,0.3340000000,0.3420000000,0.3320000000,0.3370000000,73321.1109180000,24690.3554850000,24690.3554850000,1,SRM-USDT
2022-11-12 19:00:00,1668250800000,0.3360000000,0.3380000000,0.3310000000,0.3340000000,36142.9495690000,12021.9992160000,12021.9992160000,1,SRM-USDT
2022-11-12 20:00:00,1668254400000,0.3330000000,0.3380000000,0.3310000000,0.3380000000,22701.7688360000,7614.0048070000,7614.0048070000,1,SRM-USDT
2022-11-12 21:00:00,1668258000000,0.3370000000,0.3380000000,0.3310000000,0.3360000000,116538.1583350000,38946.9781100000,38946.9781100000,1,SRM-USDT
2022-11-12 22:00:00,1668261600000,0.3360000000,0.3400000000,0.3300000000,0.3380000000,53857.0253630000,18011.7467170000,18011.7467170000,1,SRM-USDT
2022-11-12 23:00:00,1668265200000,0.3370000000,0.3400000000,0.3350000000,0.3360000000,66989.1380340000,22579.3648530000,22579.3648530000,1,SRM-USDT
2022-11-13 00:00:00,1668268800000,0.3360000000,0.3380000000,0.3240000000,0.3270000000,171347.9294490000,57084.1381050000,57084.1381050000,1,SRM-USDT
2022-11-13 01:00:00,1668272400000,0.3270000000,0.3320000000,0.3200000000,0.3290000000,120625.9140620000,39096.1224620000,39096.1224620000,1,SRM-USDT
2022-11-13 02:00:00,1668276000000,0.3290000000,0.3290000000,0.3210000000,0.3250000000,79058.2323730000,25774.7126790000,25774.7126790000,1,SRM-USDT
2022-11-13 03:00:00,1668279600000,0.3250000000,0.3260000000,0.3190000000,0.3200000000,65260.4810860000,21055.0219830000,21055.0219830000,1,SRM-USDT
2022-11-13 04:00:00,1668283200000,0.3200000000,0.3220000000,0.3120000000,0.3140000000,68863.8784920000,21808.5806820000,21808.5806820000,1,SRM-USDT
2022-11-13 05:00:00,1668286800000,0.3140000000,0.3160000000,0.3100000000,0.3110000000,25629.4295370000,8023.4491960000,8023.4491960000,1,SRM-USDT
2022-11-13 06:00:00,1668290400000,0.3100000000,0.3210000000,0.3100000000,0.3190000000,80400.3686920000,25245.2817960000,25245.2817960000,1,SRM-USDT
2022-11-13 07:00:00,1668294000000,0.3180000000,0.3190000000,0.3120000000,0.3150000000,28508.4157630000,8949.5654750000,8949.5654750000,1,SRM-USDT
2022-11-13 08:00:00,1668297600000,0.3150000000,0.3150000000,0.2920000000,0.3030000000,129927.0220940000,39185.5634360000,39185.5634360000,1,SRM-USDT
2022-11-13 09:00:00,1668301200000,0.3030000000,0.3070000000,0.2910000000,0.2940000000,111110.1629660000,33500.0670170000,33500.0670170000,1,SRM-USDT
2022-11-13 10:00:00,1668304800000,0.2940000000,0.3000000000,0.2830000000,0.2890000000,139320.3224600000,40824.5856130000,40824.5856130000,1,SRM-USDT
2022-11-13 11:00:00,1668308400000,0.2880000000,0.2950000000,0.2830000000,0.2840000000,123239.0081750000,35594.5248680000,35594.5248680000,1,SRM-USDT
2022-11-13 12:00:00,1668312000000,0.2840000000,0.2910000000,0.2700000000,0.2740000000,345464.8423940000,97140.4845610000,97140.4845610000,1,SRM-USDT
2022-11-13 13:00:00,1668315600000,0.2740000000,0.2810000000,0.2710000000,0.2770000000,277843.9583380000,76525.9065360000,76525.9065360000,1,SRM-USDT
2022-11-13 14:00:00,1668319200000,0.2770000000,0.2850000000,0.2430000000,0.2440000000,761710.3504000000,200748.6983330000,200748.6983330000,1,SRM-USDT
2022-11-13 15:00:00,1668322800000,0.2450000000,0.2700000000,0.2370000000,0.2590000000,759411.3754610000,194988.0755640000,194988.0755640000,1,SRM-USDT
2022-11-13 16:00:00,1668326400000,0.2600000000,0.2640000000,0.2400000000,0.2410000000,451692.7471130000,114831.5499400000,114831.5499400000,1,SRM-USDT
2022-11-13 17:00:00,1668330000000,0.2420000000,0.2500000000,0.2360000000,0.2420000000,249911.3975000000,60370.4888020000,60370.4888020000,1,SRM-USDT
2022-11-13 18:00:00,1668333600000,0.2420000000,0.2530000000,0.2410000000,0.2490000000,124237.3222880000,30628.6507770000,30628.6507770000,1,SRM-USDT
2022-11-13 19:00:00,1668337200000,0.2470000000,0.2520000000,0.2340000000,0.2400000000,460700.9859350000,112152.9476520000,112152.9476520000,1,SRM-USDT
2022-11-13 20:00:00,1668340800000,0.2420000000,0.2510000000,0.2400000000,0.2430000000,251812.5762880000,61873.5973210000,61873.5973210000,1,SRM-USDT
2022-11-13 21:00:00,1668344400000,0.2420000000,0.2490000000,0.2370000000,0.2480000000,272876.7317520000,66345.7816780000,66345.7816780000,1,SRM-USDT
2022-11-13 22:00:00,1668348000000,0.2470000000,0.2510000000,0.2400000000,0.2420000000,433448.3485980000,106623.3233210000,106623.3233210000,1,SRM-USDT
2022-11-13 23:00:00,1668351600000,0.2410000000,0.2440000000,0.2220000000,0.2300000000,450284.4433660000,105456.4247510000,105456.4247510000,1,SRM-USDT
2022-11-14 00:00:00,1668355200000,0.2290000000,0.2360000000,0.2240000000,0.2270000000,380109.4149530000,87643.0172770000,87643.0172770000,1,SRM-USDT
2022-11-14 01:00:00,1668358800000,0.2280000000,0.2290000000,0.2130000000,0.2210000000,239956.2712700000,53166.8256960000,53166.8256960000,1,SRM-USDT
2022-11-14 02:00:00,1668362400000,0.2220000000,0.2300000000,0.2190000000,0.2220000000,129064.6366380000,28765.9815700000,28765.9815700000,1,SRM-USDT
2022-11-14 03:00:00,1668366000000,0.2220000000,0.2250000000,0.2190000000,0.2200000000,85942.6116230000,19023.2317280000,19023.2317280000,1,SRM-USDT
2022-11-14 04:00:00,1668369600000,0.2200000000,0.2200000000,0.2050000000,0.2070000000,216918.8719530000,45717.0390970000,45717.0390970000,1,SRM-USDT
2022-11-14 05:00:00,1668373200000,0.2080000000,0.2170000000,0.2030000000,0.2040000000,162634.1528410000,34165.9837130000,34165.9837130000,1,SRM-USDT
2022-11-14 06:00:00,1668376800000,0.2030000000,0.2060000000,0.1900000000,0.1920000000,259063.2698720000,51767.7702900000,51767.7702900000,1,SRM-USDT
2022-11-14 07:00:00,1668380400000,0.1920000000,0.1920000000,0.1260000000,0.1330000000,1835467.3668829999,267430.0880250000,267430.0880250000,1,SRM-USDT
2022-11-14 08:00:00,1668384000000,0.1340000000,0.1460000000,0.1260000000,0.1440000000,1475988.5480160001,199585.7292390000,199585.7292390000,1,SRM-USDT
2022-11-14 09:00:00,1668387600000,0.1440000000,0.1550000000,0.1380000000,0.1540000000,887828.2551940000,129731.8452240000,129731.8452240000,1,SRM-USDT
2022-11-14 10:00:00,1668391200000,0.1530000000,0.1610000000,0.1430000000,0.1600000000,689952.0494860000,105181.4942540000,105181.4942540000,1,SRM-USDT
2022-11-14 11:00:00,1668394800000,0.1600000000,0.1680000000,0.1510000000,0.1590000000,558171.6657369999,88458.5234430000,88458.5234430000,1,SRM-USDT
2022-11-14 12:00:00,1668398400000,0.1590000000,0.1630000000,0.1500000000,0.1560000000,523411.6831320000,81348.1196070000,81348.1196070000,1,SRM-USDT
2022-11-14 13:00:00,1668402000000,0.1560000000,0.1820000000,0.1540000000,0.1650000000,495919.1619190000,82974.9940460000,82974.9940460000,1,SRM-USDT
2022-11-14 14:00:00,1668405600000,0.1650000000,0.1820000000,0.1620000000,0.1780000000,885792.2517209999,151403.9564950000,151403.9564950000,1,SRM-USDT
2022-11-14 15:00:00,1668409200000,0.1780000000,0.1980000000,0.1690000000,0.1890000000,1009159.7050820000,188586.2236840000,188586.2236840000,1,SRM-USDT
2022-11-14 16:00:00,1668412800000,0.1890000000,0.1910000000,0.1580000000,0.1790000000,1221731.4002729999,215238.3601430000,215238.3601430000,1,SRM-USDT
2022-11-14 17:00:00,1668416400000,0.1800000000,0.1910000000,0.1760000000,0.1910000000,398884.9023250000,72687.2162990000,72687.2162990000,1,SRM-USDT
2022-11-14 18:00:00,1668420000000,0.1910000000,0.1970000000,0.1680000000,0.1770000000,613379.2956210000,109553.9331740000,109553.9331740000,1,SRM-USDT
2022-11-14 19:00:00,1668423600000,0.1770000000,0.1860000000,0.1610000000,0.1630000000,656508.7674030000,112712.2708880000,112712.2708880000,1,SRM-USDT
2022-11-14 20:00:00,1668427200000,0.1630000000,0.1750000000,0.1540000000,0.1740000000,543085.4598700000,88997.3939570000,88997.3939570000,1,SRM-USDT
2022-11-14 21:00:00,1668430800000,0.1740000000,0.1890000000,0.1640000000,0.1720000000,425523.3547650000,76343.5516470000,76343.5516470000,1,SRM-USDT
2022-11-14 22:00:00,1668434400000,0.1720000000,0.1780000000,0.1670000000,0.1770000000,106784.1886780000,18361.2670220000,18361.2670220000,1,SRM-USDT
2022-11-14 23:00:00,1668438000000,0.1760000000,0.1790000000,0.1690000000,0.1700000000,148510.9416360000,25885.8512700000,25885.8512700000,1,SRM-USDT
2022-11-15 00:00:00,1668441600000,0.1700000000,0.1700000000,0.1590000000,0.1650000000,113340.5346930000,18656.6666260000,18656.6666260000,1,SRM-USDT
2022-11-15 01:00:00,1668445200000,0.1640000000,0.1800000000,0.1640000000,0.1700000000,134254.8146960000,22997.9470780000,22997.9470780000,1,SRM-USDT
2022-11-15 02:00:00,1668448800000,0.1690000000,0.1700000000,0.1640000000,0.1690000000,65648.0893000000,10964.1579280000,10964.1579280000,1,SRM-USDT
2022-11-15 03:00:00,1668452400000,0.1680000000,0.1720000000,0.1640000000,0.1650000000,137005.7621400000,22791.7354170000,22791.7354170000,1,SRM-USDT
2022-11-15 04:00:00,1668456000000,0.1650000000,0.1710000000,0.1650000000,0.1680000000,100171.1120320000,16755.7422760000,16755.7422760000,1,SRM-USDT
2022-11-15 05:00:00,1668459600000,0.1680000000,0.1740000000,0.1670000000,0.1720000000,72664.2221320000,12381.5301310000,12381.5301310000,1,SRM-USDT
2022-11-15 06:00:00,1668463200000,0.1720000000,0.1840000000,0.1720000000,0.1810000000,74481.9595050000,13181.0106980000,13181.0106980000,1,SRM-USDT
2022-11-15 07:00:00,1668466800000,0.1810000000,0.2350000000,0.1800000000,0.2240000000,1858402.6439260000,389312.7869640000,389312.7869640000,1,SRM-USDT
2022-11-15 08:00:00,1668470400000,0.2240000000,0.2880000000,0.2200000000,0.2390000000,2538494.4519690000,640565.5292870000,640565.5292870000,1,SRM-USDT
2022-11-15 09:00:00,1668474000000,0.2390000000,0.2590000000,0.2300000000,0.2490000000,673459.2368670000,164017.7369930000,164017.7369930000,1,SRM-USDT
2022-11-15 10:00:00,1668477600000,0.2490000000,0.2540000000,0.2380000000,0.2400000000,387124.3909460000,95128.4998190000,95128.4998190000,1,SRM-USDT
2022-11-15 11:00:00,1668481200000,0.2400000000,0.2640000000,0.2400000000,0.2620000000,373764.5672250000,94064.1748810000,94064.1748810000,1,SRM-USDT
2022-11-15 12:00:00,1668484800000,0.2630000000,0.2830000000,0.2520000000,0.2590000000,814157.8004299999,215781.5755720000,215781.5755720000,1,SRM-USDT
2022-11-15 13:00:00,1668488400000,0.2590000000,0.2600000000,0.2460000000,0.2460000000,195195.5969090000,49508.3909910000,49508.3909910000,1,SRM-USDT
2022-11-15 14:00:00,1668492000000,0.2470000000,0.2610000000,0.2430000000,0.2530000000,140939.6978820000,35313.3007940000,35313.3007940000,1,SRM-USDT
2022-11-15 15:00:00,1668495600000,0.2530000000,0.2630000000,0.2510000000,0.2550000000,215168.3760050000,55161.9531420000,55161.9531420000,1,SRM-USDT
2022-11-15 16:00:00,1668499200000,0.2550000000,0.2860000000,0.2470000000,0.2770000000,783676.6779730000,211909.9547910000,211909.9547910000,1,SRM-USDT
2022-11-15 17:00:00,1668502800000,0.2760000000,0.3190000000,0.2750000000,0.2920000000,2149545.5715350001,641657.5173390000,641657.5173390000,1,SRM-USDT
2022-11-15 18:00:00,1668506400000,0.2930000000,0.3100000000,0.2850000000,0.3050000000,893503.0710430000,269517.4087090000,269517.4087090000,1,SRM-USDT
2022-11-15 19:00:00,1668510000000,0.3050000000,0.3110000000,0.2890000000,0.3000000000,461226.9105000000,137952.6162700000,137952.6162700000,1,SRM-USDT
2022-11-15 20:00:00,1668513600000,0.2990000000,0.3000000000,0.2870000000,0.2950000000,380170.7620810000,111586.0027350000,111586.0027350000,1,SRM-USDT
2022-11-15 21:00:00,1668517200000,0.2950000000,0.3260000000,0.2910000000,0.2970000000,888308.3708430000,271061.3219240000,271061.3219240000,1,SRM-USDT
2022-11-15 22:00:00,1668520800000,0.2970000000,0.3200000000,0.2870000000,0.3000000000,566775.7381180000,173320.7927830000,173320.7927830000,1,SRM-USDT
2022-11-15 23:00:00,1668524400000,0.3010000000,0.3040000000,0.2700000000,0.2770000000,740578.4841880000,212489.1105390000,212489.1105390000,1,SRM-USDT
2022-11-16 00:00:00,1668528000000,0.2770000000,0.3800000000,0.2750000000,0.3700000000,1270750.7221669999,404248.5733960000,404248.5733960000,1,SRM-USDT
2022-11-16 01:00:00,1668531600000,0.3700000000,0.4380000000,0.3540000000,0.3740000000,1094109.5237730001,428229.2171440000,428229.2171440000,1,SRM-USDT
2022-11-16 02:00:00,1668535200000,0.3760000000,0.4000000000,0.3720000000,0.3790000000,245558.5734870000,94640.2176190000,94640.2176190000,1,SRM-USDT
2022-11-16 03:00:00,1668538800000,0.3790000000,0.4140000000,0.3640000000,0.3950000000,298077.9401580000,115659.4368010000,115659.4368010000,1,SRM-USDT
2022-11-16 04:00:00,1668542400000,0.3960000000,0.4080000000,0.3890000000,0.4010000000,195844.8750620000,77738.5748410000,77738.5748410000,1,SRM-USDT
2022-11-16 05:00:00,1668546000000,0.4010000000,0.4150000000,0.3850000000,0.3920000000,180395.4034640000,71742.2982100000,71742.2982100000,1,SRM-USDT
2022-11-16 06:00:00,1668549600000,0.3910000000,0.4110000000,0.3850000000,0.3910000000,192537.8851940000,76525.5917510000,76525.5917510000,1,SRM-USDT
2022-11-16 07:00:00,1668553200000,0.3920000000,0.3990000000,0.3710000000,0.3950000000,188042.2837490000,73028.7904770000,73028.7904770000,1,SRM-USDT
2022-11-16 08:00:00,1668556800000,0.3950000000,0.3970000000,0.3360000000,0.3560000000,495400.9191520000,178569.3903240000,178569.3903240000,1,SRM-USDT
2022-11-16 09:00:00,1668560400000,0.3570000000,0.3750000000,0.3340000000,0.3340000000,347054.6253170000,123324.7967940000,123324.7967940000,1,SRM-USDT
2022-11-16 10:00:00,1668564000000,0.3340000000,0.3880000000,0.3270000000,0.3540000000,618240.7108740000,221865.7758160000,221865.7758160000,1,SRM-USDT
2022-11-16 11:00:00,1668567600000,0.3540000000,0.3630000000,0.3130000000,0.3240000000,466654.4851880000,157330.1530360000,157330.1530360000,1,SRM-USDT
2022-11-16 12:00:00,1668571200000,0.3240000000,0.3380000000,0.3160000000,0.3240000000,330123.9582820000,107537.9190800000,107537.9190800000,1,SRM-USDT
2022-11-16 13:00:00,1668574800000,0.3230000000,0.3320000000,0.3090000000,0.3210000000,313103.3684160000,100419.3632450000,100419.3632450000,1,SRM-USDT
2022-11-16 14:00:00,1668578400000,0.3210000000,0.3490000000,0.3190000000,0.3290000000,356834.9889120000,118482.4227140000,118482.4227140000,1,SRM-USDT
2022-11-16 15:00:00,1668582000000,0.3300000000,0.3400000000,0.3240000000,0.3300000000,151480.3144010000,50021.6190290000,50021.6190290000,1,SRM-USDT
2022-11-16 16:00:00,1668585600000,0.3290000000,0.3650000000,0.3280000000,0.3310000000,649765.3519400000,224319.8870850000,224319.8870850000,1,SRM-USDT
2022-11-16 17:00:00,1668589200000,0.3320000000,0.3400000000,0.3130000000,0.3190000000,186616.6178070000,60914.5265920000,60914.5265920000,1,SRM-USDT
2022-11-16 18:00:00,1668592800000,0.3190000000,0.3230000000,0.3120000000,0.3210000000,153189.9910840000,48891.8336180000,48891.8336180000,1,SRM-USDT
2022-11-16 19:00:00,1668596400000,0.3210000000,0.3360000000,0.3160000000,0.3230000000,347388.7738130000,112712.5947310000,112712.5947310000,1,SRM-USDT
2022-11-16 20:00:00,1668600000000,0.3230000000,0.3310000000,0.3150000000,0.3160000000,203360.8445380000,65590.0441880000,65590.0441880000,1,SRM-USDT
2022-11-16 21:00:00,1668603600000,0.3160000000,0.3220000000,0.3010000000,0.3030000000,276436.7522030000,85895.2280520000,85895.2280520000,1,SRM-USDT
2022-11-16 22:00:00,1668607200000,0.3030000000,0.3040000000,0.2880000000,0.2960000000,485541.9941650000,143543.6419800000,143543.6419800000,1,SRM-USDT
2022-11-16 23:00:00,1668610800000,0.2960000000,0.3180000000,0.2930000000,0.3110000000,433228.7688440000,134214.5577080000,134214.5577080000,1,SRM-USDT
2022-11-17 00:00:00,1668614400000,0.3110000000,0.3480000000,0.2970000000,0.3060000000,687002.5214420001,221946.6878130000,221946.6878130000,1,SRM-USDT
2022-11-17 01:00:00,1668618000000,0.3060000000,0.3130000000,0.3000000000,0.3050000000,153468.6501550000,46973.7795750000,46973.7795750000,1,SRM-USDT
2022-11-17 02:00:00,1668621600000,0.3050000000,0.3050000000,0.2900000000,0.3010000000,179254.9474190000,53442.4795310000,53442.4795310000,1,SRM-USDT
2022-11-17 03:00:00,1668625200000,0.3010000000,0.3050000000,0.2930000000,0.2950000000,60553.6413820000,18050.8225460000,18050.8225460000,1,SRM-USDT
2022-11-17 04:00:00,1668628800000,0.2960000000,0.2990000000,0.2810000000,0.2860000000,208607.7802880000,60273.9088390000,60273.9088390000,1,SRM-USDT
2022-11-17 05:00:00,1668632400000,0.2860000000,0.2940000000,0.2820000000,0.2890000000,106004.8702250000,30532.9711690000,30532.9711690000,1,SRM-USDT
2022-11-17 06:00:00,1668636000000,0.2890000000,0.3030000000,0.2830000000,0.2890000000,162593.6280980000,47436.2278760000,47436.2278760000,1,SRM-USDT
2022-11-17 07:00:00,1668639600000,0.2890000000,0.3070000000,0.2840000000,0.3020000000,182459.2370830000,54198.9848990000,54198.9848990000,1,SRM-USDT
2022-11-17 08:00:00,1668643200000,0.3020000000,0.3170000000,0.2930000000,0.3020000000,311025.3170650000,95222.5081480000,95222.5081480000,1,SRM-USDT
2022-11-17 09:00:00,1668646800000,0.3020000000,0.3090000000,0.2960000000,0.3060000000,145741.4093920000,44043.1701620000,44043.1701620000,1,SRM-USDT
2022-11-17 10:00:00,1668650400000,0.3060000000,0.3070000000,0.2880000000,0.2900000000,193850.0381140000,56889.1583620000,56889.1583620000,1,SRM-USDT
2022-11-17 11:00:00,1668654000000,0.2900000000,0.2980000000,0.2890000000,0.2910000000,187989.2695020000,55140.9692700000,55140.9692700000,1,SRM-USDT
2022-11-17 12:00:00,1668657600000,0.2910000000,0.3040000000,0.2870000000,0.2920000000,277714.4391960000,82138.7038420000,82138.7038420000,1,SRM-USDT
2022-11-17 13:00:00,1668661200000,0.2920000000,0.2950000000,0.2850000000,0.2910000000,159716.6475360000,46316.0547400000,46316.0547400000,1,SRM-USDT
2022-11-17 14:00:00,1668664800000,0.2900000000,0.2940000000,0.2880000000,0.2900000000,78344.9746580000,22781.5792740000,22781.5792740000,1,SRM-USDT
2022-11-17 15:00:00,1668668400000,0.2900000000,0.2910000000,0.2820000000,0.2820000000,148754.6242630000,42696.1034790000,42696.1034790000,1,SRM-USDT
2022-11-17 16:00:00,1668672000000,0.2820000000,0.2880000000,0.2770000000,0.2820000000,111969.0064300000,31679.6239020000,31679.6239020000,1,SRM-USDT
2022-11-17 17:00:00,1668675600000,0.2820000000,0.2860000000,0.2780000000,0.2830000000,106266.3897460000,29873.1791420000,29873.1791420000,1,SRM-USDT
2022-11-17 18:00:00,1668679200000,0.2820000000,0.2820000000,0.2780000000,0.2810000000,34285.3781570000,9574.9984260000,9574.9984260000,1,SRM-USDT
2022-11-17 19:00:00,1668682800000,0.2810000000,0.2850000000,0.2790000000,0.2820000000,73627.2109820000,20752.6343310000,20752.6343310000,1,SRM-USDT
2022-11-17 20:00:00,1668686400000,0.2810000000,0.2830000000,0.2700000000,0.2800000000,142010.8786960000,39236.1366260000,39236.1366260000,1,SRM-USDT
2022-11-17 21:00:00,1668690000000,0.2790000000,0.2800000000,0.2500000000,0.2640000000,313001.0082570000,82546.3339330000,82546.3339330000,1,SRM-USDT
2022-11-17 22:00:00,1668693600000,0.2640000000,0.2810000000,0.2590000000,0.2610000000,253127.1000710000,67402.8659740000,67402.8659740000,1,SRM-USDT
2022-11-17 23:00:00,1668697200000,0.2610000000,0.2790000000,0.2600000000,0.2730000000,138101.0832750000,37296.1224680000,37296.1224680000,1,SRM-USDT
2022-11-18 00:00:00,1668700800000,0.2730000000,0.2730000000,0.2610000000,0.2640000000,202221.0450260000,53718.3879110000,53718.3879110000,1,SRM-USDT
2022-11-18 01:00:00,1668704400000,0.2630000000,0.2640000000,0.2550000000,0.2590000000,171917.5006690000,44519.6775060000,44519.6775060000,1,SRM-USDT
2022-11-18 02:00:00,1668708000000,0.2580000000,0.2610000000,0.2390000000,0.2400000000,166602.5678040000,41513.9859840000,41513.9859840000,1,SRM-USDT
2022-11-18 03:00:00,1668711600000,0.2400000000,0.2480000000,0.2400000000,0.2450000000,146475.5887790000,35724.1971280000,35724.1971280000,1,SRM-USDT
2022-11-18 04:00:00,1668715200000,0.2460000000,0.2560000000,0.2460000000,0.2530000000,91243.9680050000,22873.9850450000,22873.9850450000,1,SRM-USDT
2022-11-18 05:00:00,1668718800000,0.2530000000,0.2630000000,0.2510000000,0.2560000000,133986.8966310000,34521.7437860000,34521.7437860000,1,SRM-USDT
2022-11-18 06:00:00,1668722400000,0.2560000000,0.2740000000,0.2560000000,0.2660000000,208237.8187440000,55120.0437180000,55120.0437180000,1,SRM-USDT
2022-11-18 07:00:00,1668726000000,0.2660000000,0.2660000000,0.2570000000,0.2620000000,136730.2654510000,35692.4201980000,35692.4201980000,1,SRM-USDT
2022-11-18 08:00:00,1668729600000,0.2620000000,0.2710000000,0.2570000000,0.2610000000,296322.1563390000,78070.2757020000,78070.2757020000,1,SRM-USDT
2022-11-18 09:00:00,1668733200000,0.2610000000,0.2680000000,0.2560000000,0.2600000000,90622.1594140000,23638.4700850000,23638.4700850000,1,SRM-USDT
2022-11-18 10:00:00,1668736800000,0.2590000000,0.2620000000,0.2580000000,0.2620000000,44979.9881840000,11695.8183790000,11695.8183790000,1,SRM-USDT
2022-11-18 11:00:00,1668740400000,0.2620000000,0.2660000000,0.2600000000,0.2630000000,51089.0701410000,13426.2835020000,13426.2835020000,1,SRM-USDT
2022-11-18 12:00:00,1668744000000,0.2620000000,0.2640000000,0.2590000000,0.2630000000,46646.8930500000,12208.4202420000,12208.4202420000,1,SRM-USDT
2022-11-18 13:00:00,1668747600000,0.2630000000,0.2640000000,0.2530000000,0.2550000000,70699.9699300000,18204.5710510000,18204.5710510000,1,SRM-USDT
2022-11-18 14:00:00,1668751200000,0.2550000000,0.2660000000,0.2520000000,0.2550000000,140332.0361000000,36131.5794810000,36131.5794810000,1,SRM-USDT
2022-11-18 15:00:00,1668754800000,0.2550000000,0.2550000000,0.2450000000,0.2480000000,88502.1475260000,22250.8627190000,22250.8627190000,1,SRM-USDT
2022-11-18 16:00:00,1668758400000,0.2480000000,0.2520000000,0.2410000000,0.2460000000,170104.3301690000,41914.2438840000,41914.2438840000,1,SRM-USDT
2022-11-18 17:00:00,1668762000000,0.2460000000,0.2580000000,0.2440000000,0.2530000000,185434.7131220000,45971.3552340000,45971.3552340000,1,SRM-USDT
2022-11-18 18:00:00,1668765600000,0.2530000000,0.2530000000,0.2490000000,0.2520000000,32748.0072640000,8234.1623080000,8234.1623080000,1,SRM-USDT
2022-11-18 19:00:00,1668769200000,0.2520000000,0.2540000000,0.2490000000,0.2500000000,59346.4244670000,14944.1980620000,14944.1980620000,1,SRM-USDT
2022-11-18 20:00:00,1668772800000,0.2500000000,0.2540000000,0.2490000000,0.2510000000,32482.1354180000,8144.9952930000,8144.9952930000,1,SRM-USDT
2022-11-18 21:00:00,1668776400000,0.2500000000,0.2550000000,0.2470000000,0.2520000000,35537.8206990000,8954.0955650000,8954.0955650000,1,SRM-USDT
2022-11-18 22:00:00,1668780000000,0.2510000000,0.2510000000,0.2460000000,0.2460000000,38364.7255990000,9521.1219850000,9521.1219850000,1,SRM-USDT
2022-11-18 23:00:00,1668783600000,0.2460000000,0.2570000000,0.2460000000,0.2520000000,56706.4571900000,14195.4610230000,14195.4610230000,1,SRM-USDT
2022-11-19 00:00:00,1668787200000,0.2520000000,0.2560000000,0.2350000000,0.2360000000,130274.9828490000,31934.3344750000,31934.3344750000,1,SRM-USDT
2022-11-19 01:00:00,1668790800000,0.2370000000,0.2430000000,0.2370000000,0.2400000000,39957.3476310000,9616.6844460000,9616.6844460000,1,SRM-USDT
2022-11-19 02:00:00,1668794400000,0.2400000000,0.2410000000,0.2320000000,0.2380000000,44567.2720580000,10633.8068560000,10633.8068560000,1,SRM-USDT
2022-11-19 03:00:00,1668798000000,0.2380000000,0.2410000000,0.2320000000,0.2360000000,36883.6218510000,8717.4660740000,8717.4660740000,1,SRM-USDT
2022-11-19 04:00:00,1668801600000,0.2350000000,0.2370000000,0.2290000000,0.2350000000,112204.9739880000,26090.7097580000,26090.7097580000,1,SRM-USDT
2022-11-19 05:00:00,1668805200000,0.2340000000,0.2350000000,0.2310000000,0.2340000000,24734.4069980000,5770.8123780000,5770.8123780000,1,SRM-USDT
2022-11-19 06:00:00,1668808800000,0.2340000000,0.2430000000,0.2330000000,0.2360000000,29464.2270520000,6947.5134970000,6947.5134970000,1,SRM-USDT
2022-11-19 07:00:00,1668812400000,0.2360000000,0.2480000000,0.2340000000,0.2460000000,66527.3359620000,16057.2407830000,16057.2407830000,1,SRM-USDT
2022-11-19 08:00:00,1668816000000,0.2460000000,0.2550000000,0.2400000000,0.2400000000,167024.7453350000,40963.4826430000,40963.4826430000,1,SRM-USDT
2022-11-19 09:00:00,1668819600000,0.2390000000,0.2400000000,0.2360000000,0.2370000000,17049.4703930000,4044.9231280000,4044.9231280000,1,SRM-USDT
2022-11-19 10:00:00,1668823200000,0.2370000000,0.2390000000,0.2330000000,0.2350000000,67901.7377750000,15975.4241390000,15975.4241390000,1,SRM-USDT
2022-11-19 11:00:00,1668826800000,0.2340000000,0.2480000000,0.2340000000,0.2420000000,85777.6740630000,20637.2754390000,20637.2754390000,1,SRM-USDT
2022-11-19 12:00:00,1668830400000,0.2410000000,0.2420000000,0.2390000000,0.2400000000,25531.7231450000,6130.5199710000,6130.5199710000,1,SRM-USDT
2022-11-19 13:00:00,1668834000000,0.2390000000,0.2390000000,0.2350000000,0.2380000000,29671.4700660000,7053.0343400000,7053.0343400000,1,SRM-USDT
2022-11-19 14:00:00,1668837600000,0.2380000000,0.2480000000,0.2370000000,0.2410000000,33967.3579860000,8106.9568970000,8106.9568970000,1,SRM-USDT
2022-11-19 15:00:00,1668841200000,0.2410000000,0.2410000000,0.2350000000,0.2400000000,27660.0570890000,6585.9477450000,6585.9477450000,1,SRM-USDT
2022-11-19 16:00:00,1668844800000,0.2400000000,0.2430000000,0.2280000000,0.2330000000,76040.7148620000,17929.6477780000,17929.6477780000,1,SRM-USDT
2022-11-19 17:00:00,1668848400000,0.2340000000,0.2380000000,0.2300000000,0.2310000000,23272.0139120000,5456.0402800000,5456.0402800000,1,SRM-USDT
2022-11-19 18:00:00,1668852000000,0.2320000000,0.2350000000,0.2320000000,0.2320000000,10647.9739580000,2488.8920960000,2488.8920960000,1,SRM-USDT
2022-11-19 19:00:00,1668855600000,0.2320000000,0.2330000000,0.2290000000,0.2320000000,25041.5675920000,5784.7760670000,5784.7760670000,1,SRM-USDT
2022-11-19 20:00:00,1668859200000,0.2310000000,0.2310000000,0.2210000000,0.2250000000,33513.4929400000,7572.9582280000,7572.9582280000,1,SRM-USDT
2022-11-19 21:00:00,1668862800000,0.2250000000,0.2260000000,0.2210000000,0.2240000000,33489.5149670000,7482.7070210000,7482.7070210000,1,SRM-USDT
2022-11-19 22:00:00,1668866400000,0.2240000000,0.2290000000,0.2230000000,0.2260000000,31316.2279370000,7083.6445870000,7083.6445870000,1,SRM-USDT
2022-11-19 23:00:00,1668870000000,0.2260000000,0.2280000000,0.2160000000,0.2210000000,62735.1123460000,13797.6006080000,13797.6006080000,1,SRM-USDT
2022-11-20 00:00:00,1668873600000,0.2200000000,0.2430000000,0.2130000000,0.2340000000,129375.5697060000,29415.0373710000,29415.0373710000,1,SRM-USDT
2022-11-20 01:00:00,1668877200000,0.2330000000,0.2340000000,0.2210000000,0.2270000000,42526.4203140000,9709.4098280000,9709.4098280000,1,SRM-USDT
2022-11-20 02:00:00,1668880800000,0.2260000000,0.2330000000,0.2210000000,0.2230000000,54209.8805370000,12318.6571620000,12318.6571620000,1,SRM-USDT
2022-11-20 03:00:00,1668884400000,0.2230000000,0.2240000000,0.2210000000,0.2240000000,9285.1403180000,2063.3147810000,2063.3147810000,1,SRM-USDT
2022-11-20 04:00:00,1668888000000,0.2230000000,0.2250000000,0.2210000000,0.2220000000,24330.4550360000,5403.0741620000,5403.0741620000,1,SRM-USDT
2022-11-20 05:00:00,1668891600000,0.2220000000,0.2220000000,0.2200000000,0.2200000000,9327.8451750000,2058.3009360000,2058.3009360000,1,SRM-USDT
2022-11-20 06:00:00,1668895200000,0.2200000000,0.2220000000,0.2190000000,0.2190000000,12984.5709740000,2856.5899040000,2856.5899040000,1,SRM-USDT
2022-11-20 07:00:00,1668898800000,0.2200000000,0.2230000000,0.2190000000,0.2210000000,27075.5252910000,5953.6026250000,5953.6026250000,1,SRM-USDT
2022-11-20 08:00:00,1668902400000,0.2210000000,0.2290000000,0.2200000000,0.2290000000,37223.3122940000,8294.9899050000,8294.9899050000,1,SRM-USDT
2022-11-20 09:00:00,1668906000000,0.2290000000,0.2390000000,0.2240000000,0.2300000000,143163.7330980000,33353.8533290000,33353.8533290000,1,SRM-USDT
2022-11-20 10:00:00,1668909600000,0.2300000000,0.2310000000,0.2130000000,0.2230000000,71517.6503250000,15931.4252560000,15931.4252560000,1,SRM-USDT
2022-11-20 11:00:00,1668913200000,0.2230000000,0.2320000000,0.2200000000,0.2280000000,46438.9515870000,10557.4788690000,10557.4788690000,1,SRM-USDT
2022-11-20 12:00:00,1668916800000,0.2280000000,0.2350000000,0.2260000000,0.2330000000,47842.3213320000,11135.2784820000,11135.2784820000,1,SRM-USDT
2022-11-20 13:00:00,1668920400000,0.2340000000,0.2420000000,0.2300000000,0.2380000000,55024.8605990000,12917.9285560000,12917.9285560000,1,SRM-USDT
2022-11-20 14:00:00,1668924000000,0.2370000000,0.2470000000,0.2320000000,0.2430000000,219252.2881890000,52510.0327670000,52510.0327670000,1,SRM-USDT
2022-11-20 15:00:00,1668927600000,0.2440000000,0.2450000000,0.2320000000,0.2330000000,75149.2618700000,17638.2700960000,17638.2700960000,1,SRM-USDT
2022-11-20 16:00:00,1668931200000,0.2320000000,0.2370000000,0.2200000000,0.2330000000,184895.5050390000,42136.4394180000,42136.4394180000,1,SRM-USDT
2022-11-20 17:00:00,1668934800000,0.2330000000,0.2430000000,0.2270000000,0.2310000000,67067.6884360000,15598.7577560000,15598.7577560000,1,SRM-USDT
2022-11-20 18:00:00,1668938400000,0.2310000000,0.2410000000,0.2260000000,0.2310000000,57521.5414260000,13267.3497950000,13267.3497950000,1,SRM-USDT
2022-11-20 19:00:00,1668942000000,0.2300000000,0.2380000000,0.2240000000,0.2380000000,102929.2798950000,23749.5259860000,23749.5259860000,1,SRM-USDT
2022-11-20 20:00:00,1668945600000,0.2360000000,0.2380000000,0.2250000000,0.2270000000,57393.4092360000,13125.4529500000,13125.4529500000,1,SRM-USDT
2022-11-20 21:00:00,1668949200000,0.2280000000,0.2470000000,0.2260000000,0.2360000000,150724.3703410000,35517.4273060000,35517.4273060000,1,SRM-USDT
2022-11-20 22:00:00,1668952800000,0.2350000000,0.2390000000,0.2290000000,0.2340000000,73383.7095200000,17160.0073560000,17160.0073560000,1,SRM-USDT
2022-11-20 23:00:00,1668956400000,0.2330000000,0.2370000000,0.2290000000,0.2340000000,59802.8204680000,13911.3602660000,13911.3602660000,1,SRM-USDT
2022-11-21 00:00:00,1668960000000,0.2330000000,0.2340000000,0.2210000000,0.2230000000,84339.9559310000,19245.2675780000,19245.2675780000,1,SRM-USDT
2022-11-21 01:00:00,1668963600000,0.2230000000,0.3300000000,0.2200000000,0.3280000000,710913.0965090001,195569.1773480000,195569.1773480000,1,SRM-USDT
2022-11-21 02:00:00,1668967200000,0.3280000000,0.4090000000,0.2920000000,0.3200000000,1759183.3286069999,598631.2854260000,598631.2854260000,1,SRM-USDT
2022-11-21 03:00:00,1668970800000,0.3210000000,0.3310000000,0.3060000000,0.3270000000,197013.9807950000,62923.0055900000,62923.0055900000,1,SRM-USDT
2022-11-21 04:00:00,1668974400000,0.3260000000,0.3260000000,0.2820000000,0.2930000000,305091.4330060000,91355.9825390000,91355.9825390000,1,SRM-USDT
2022-11-21 05:00:00,1668978000000,0.2930000000,0.3110000000,0.2870000000,0.2920000000,138186.3621820000,41213.3337580000,41213.3337580000,1,SRM-USDT
2022-11-21 06:00:00,1668981600000,0.2920000000,0.3330000000,0.2920000000,0.3230000000,235585.0351080000,74238.7500840000,74238.7500840000,1,SRM-USDT
2022-11-21 07:00:00,1668985200000,0.3240000000,0.3330000000,0.2800000000,0.3160000000,230598.3412360000,72465.3580930000,72465.3580930000,1,SRM-USDT
2022-11-21 08:00:00,1668988800000,0.3160000000,0.3220000000,0.2720000000,0.3090000000,320779.2597280000,94246.0672520000,94246.0672520000,1,SRM-USDT
2022-11-21 09:00:00,1668992400000,0.3080000000,0.3080000000,0.2830000000,0.2860000000,128089.4316480000,37156.9870920000,37156.9870920000,1,SRM-USDT
2022-11-21 10:00:00,1668996000000,0.2860000000,0.2900000000,0.2610000000,0.2700000000,208598.0580750000,57051.7092360000,57051.7092360000,1,SRM-USDT
2022-11-21 11:00:00,1668999600000,0.2710000000,0.2720000000,0.2590000000,0.2670000000,314958.9850830000,83404.4503680000,83404.4503680000,1,SRM-USDT
2022-11-21 12:00:00,1669003200000,0.2670000000,0.2980000000,0.2650000000,0.2750000000,159028.7217270000,44017.4319850000,44017.4319850000,1,SRM-USDT
2022-11-21 13:00:00,1669006800000,0.2750000000,0.2790000000,0.2680000000,0.2710000000,79223.3109620000,21644.0560610000,21644.0560610000,1,SRM-USDT
2022-11-21 14:00:00,1669010400000,0.2690000000,0.3000000000,0.2690000000,0.2910000000,277406.0781090000,79122.8908390000,79122.8908390000,1,SRM-USDT
2022-11-21 15:00:00,1669014000000,0.2910000000,0.2980000000,0.2800000000,0.2900000000,167460.4355340000,48633.1258470000,48633.1258470000,1,SRM-USDT
2022-11-21 16:00:00,1669017600000,0.2890000000,0.3080000000,0.2820000000,0.2850000000,179004.0667560000,52525.7015290000,52525.7015290000,1,SRM-USDT
2022-11-21 17:00:00,1669021200000,0.2840000000,0.2960000000,0.2770000000,0.2830000000,98567.4779300000,28135.1469800000,28135.1469800000,1,SRM-USDT
2022-11-21 18:00:00,1669024800000,0.2830000000,0.2930000000,0.2770000000,0.2900000000,72634.0306930000,20533.8277290000,20533.8277290000,1,SRM-USDT
2022-11-21 19:00:00,1669028400000,0.2890000000,0.2920000000,0.2700000000,0.2760000000,83710.4726920000,23577.1253930000,23577.1253930000,1,SRM-USDT
2022-11-21 20:00:00,1669032000000,0.2750000000,0.2830000000,0.2660000000,0.2830000000,56720.0433570000,15579.6988770000,15579.6988770000,1,SRM-USDT
2022-11-21 21:00:00,1669035600000,0.2820000000,0.2850000000,0.2670000000,0.2840000000,108539.7415110000,29989.5720680000,29989.5720680000,1,SRM-USDT
2022-11-21 22:00:00,1669039200000,0.2830000000,0.3070000000,0.2760000000,0.2960000000,352114.7218900000,101494.2762730000,101494.2762730000,1,SRM-USDT
2022-11-21 23:00:00,1669042800000,0.2970000000,0.3120000000,0.2800000000,0.2910000000,145060.9550980000,42776.5008350000,42776.5008350000,1,SRM-USDT
2022-11-22 00:00:00,1669046400000,0.2910000000,0.2910000000,0.2670000000,0.2790000000,187981.2078050000,51566.2437450000,51566.2437450000,1,SRM-USDT
2022-11-22 01:00:00,1669050000000,0.2790000000,0.2980000000,0.2720000000,0.2830000000,116863.7771220000,33347.5832690000,33347.5832690000,1,SRM-USDT
2022-11-22 02:00:00,1669053600000,0.2820000000,0.2870000000,0.2710000000,0.2770000000,75756.5291400000,20841.9544050000,20841.9544050000,1,SRM-USDT
2022-11-22 03:00:00,1669057200000,0.2760000000,0.2760000000,0.2690000000,0.2720000000,50369.6470060000,13657.6455510000,13657.6455510000,1,SRM-USDT
2022-11-22 04:00:00,1669060800000,0.2710000000,0.2720000000,0.2680000000,0.2700000000,21345.7057840000,5756.4606780000,5756.4606780000,1,SRM-USDT
2022-11-22 05:00:00,1669064400000,0.2700000000,0.2720000000,0.2590000000,0.2620000000,35609.3450290000,9483.1580070000,9483.1580070000,1,SRM-USDT
2022-11-22 06:00:00,1669068000000,0.2620000000,0.2680000000,0.2410000000,0.2490000000,91416.4304570000,23071.9788580000,23071.9788580000,1,SRM-USDT
2022-11-22 07:00:00,1669071600000,0.2490000000,0.2600000000,0.2450000000,0.2590000000,75703.4598960000,19025.9805960000,19025.9805960000,1,SRM-USDT
2022-11-22 08:00:00,1669075200000,0.2580000000,0.2650000000,0.2470000000,0.2530000000,50163.0628350000,12815.4849690000,12815.4849690000,1,SRM-USDT
2022-11-22 09:00:00,1669078800000,0.2530000000,0.2530000000,0.2510000000,0.2520000000,21695.0128700000,5460.1872390000,5460.1872390000,1,SRM-USDT
2022-11-22 10:00:00,1669082400000,0.2520000000,0.2560000000,0.2500000000,0.2510000000,39360.9631310000,9942.2986090000,9942.2986090000,1,SRM-USDT
2022-11-22 11:00:00,1669086000000,0.2510000000,0.2540000000,0.2400000000,0.2460000000,195698.9858220000,47681.2314050000,47681.2314050000,1,SRM-USDT
2022-11-22 12:00:00,1669089600000,0.2460000000,0.2520000000,0.2440000000,0.2440000000,41603.7069490000,10302.0947000000,10302.0947000000,1,SRM-USDT
2022-11-22 13:00:00,1669093200000,0.2440000000,0.2480000000,0.2420000000,0.2430000000,46415.3919770000,11309.7677220000,11309.7677220000,1,SRM-USDT
2022-11-22 14:00:00,1669096800000,0.2430000000,0.2590000000,0.2400000000,0.2470000000,117641.0982500000,29123.8119250000,29123.8119250000,1,SRM-USDT
2022-11-22 15:00:00,1669100400000,0.2460000000,0.2570000000,0.2420000000,0.2500000000,42007.3988930000,10571.5323140000,10571.5323140000,1,SRM-USDT
2022-11-22 16:00:00,1669104000000,0.2490000000,0.2500000000,0.2480000000,0.2490000000,24022.8148290000,5981.6221080000,5981.6221080000,1,SRM-USDT
2022-11-22 17:00:00,1669107600000,0.2480000000,0.2480000000,0.2420000000,0.2430000000,14437.3998470000,3530.4291030000,3530.4291030000,1,SRM-USDT
2022-11-22 18:00:00,1669111200000,0.2430000000,0.2500000000,0.2390000000,0.2460000000,25635.8687560000,6223.8583030000,6223.8583030000,1,SRM-USDT
2022-11-22 19:00:00,1669114800000,0.2470000000,0.2480000000,0.2460000000,0.2460000000,9721.1477870000,2400.1435740000,2400.1435740000,1,SRM-USDT
2022-11-22 20:00:00,1669118400000,0.2460000000,0.2470000000,0.2430000000,0.2450000000,10461.3007000000,2571.6529140000,2571.6529140000,1,SRM-USDT
2022-11-22 21:00:00,1669122000000,0.2450000000,0.2530000000,0.2350000000,0.2500000000,111277.3680230000,26899.9790640000,26899.9790640000,1,SRM-USDT
2022-11-22 22:00:00,1669125600000,0.2480000000,0.2650000000,0.2450000000,0.2540000000,105844.4605920000,27113.7556250000,27113.7556250000,1,SRM-USDT
2022-11-22 23:00:00,1669129200000,0.2540000000,0.2700000000,0.2520000000,0.2660000000,66889.4667850000,17409.0838260000,17409.0838260000,1,SRM-USDT
2022-11-23 00:00:00,1669132800000,0.2660000000,0.2670000000,0.2490000000,0.2530000000,42782.3865270000,11079.3976630000,11079.3976630000,1,SRM-USDT
2022-11-23 01:00:00,1669136400000,0.2530000000,0.2530000000,0.2420000000,0.2480000000,33284.4289240000,8187.0566700000,8187.0566700000,1,SRM-USDT
2022-11-23 02:00:00,1669140000000,0.2490000000,0.2520000000,0.2440000000,0.2460000000,28959.1100740000,7158.4436910000,7158.4436910000,1,SRM-USDT
2022-11-23 03:00:00,1669143600000,0.2450000000,0.2580000000,0.2450000000,0.2520000000,36106.0630280000,9197.1016580000,9197.1016580000,1,SRM-USDT
2022-11-23 04:00:00,1669147200000,0.2520000000,0.2540000000,0.2510000000,0.2540000000,32121.6716640000,8089.9675570000,8089.9675570000,1,SRM-USDT
2022-11-23 05:00:00,1669150800000,0.2530000000,0.2530000000,0.2490000000,0.2490000000,15165.9165640000,3778.1629830000,3778.1629830000,1,SRM-USDT
2022-11-23 06:00:00,1669154400000,0.2490000000,0.2490000000,0.2450000000,0.2460000000,3560.3831260000,880.2291990000,880.2291990000,1,SRM-USDT
2022-11-23 07:00:00,1669158000000,0.2460000000,0.2530000000,0.2440000000,0.2470000000,48673.9807080000,11982.6250410000,11982.6250410000,1,SRM-USDT
2022-11-23 08:00:00,1669161600000,0.2470000000,0.2480000000,0.2410000000,0.2470000000,25927.2284340000,6332.3485890000,6332.3485890000,1,SRM-USDT
2022-11-23 09:00:00,1669165200000,0.2470000000,0.2480000000,0.2440000000,0.2460000000,23029.5849100000,5664.8571840000,5664.8571840000,1,SRM-USDT
2022-11-23 10:00:00,1669168800000,0.2470000000,0.2560000000,0.2460000000,0.2480000000,49558.7130810000,12493.1666300000,12493.1666300000,1,SRM-USDT
2022-11-23 11:00:00,1669172400000,0.2490000000,0.2560000000,0.2460000000,0.2480000000,51234.1974650000,12871.8431230000,12871.8431230000,1,SRM-USDT
2022-11-23 12:00:00,1669176000000,0.2480000000,0.2540000000,0.2410000000,0.2530000000,89238.7743260000,21989.7944290000,21989.7944290000,1,SRM-USDT
2022-11-23 13:00:00,1669179600000,0.2530000000,0.2530000000,0.2410000000,0.2480000000,54567.2906520000,13554.5373720000,13554.5373720000,1,SRM-USDT
2022-11-23 14:00:00,1669183200000,0.2480000000,0.2510000000,0.2460000000,0.2510000000,13306.3889590000,3294.4566890000,3294.4566890000,1,SRM-USDT
2022-11-23 15:00:00,1669186800000,0.2520000000,0.2850000000,0.2520000000,0.2710000000,711815.6553590000,193906.1595270000,193906.1595270000,1,SRM-USDT
2022-11-23 16:00:00,1669190400000,0.2700000000,0.2950000000,0.2650000000,0.2800000000,114679.5032340000,31783.7304520000,31783.7304520000,1,SRM-USDT
2022-11-23 17:00:00,1669194000000,0.2800000000,0.2800000000,0.2650000000,0.2780000000,100762.8570560000,27304.2878760000,27304.2878760000,1,SRM-USDT
2022-11-23 18:00:00,1669197600000,0.2780000000,0.2830000000,0.2650000000,0.2750000000,149838.8332440000,40972.6060640000,40972.6060640000,1,SRM-USDT
2022-11-23 19:00:00,1669201200000,0.2750000000,0.2810000000,0.2710000000,0.2720000000,105489.9008280000,28966.2329710000,28966.2329710000,1,SRM-USDT
2022-11-23 20:00:00,1669204800000,0.2720000000,0.2790000000,0.2680000000,0.2680000000,108707.4324940000,29723.5354670000,29723.5354670000,1,SRM-USDT
2022-11-23 21:00:00,1669208400000,0.2680000000,0.2730000000,0.2600000000,0.2640000000,72852.1622680000,19382.5155030000,19382.5155030000,1,SRM-USDT
2022-11-23 22:00:00,1669212000000,0.2630000000,0.2660000000,0.2610000000,0.2640000000,32200.8899740000,8496.5251190000,8496.5251190000,1,SRM-USDT
2022-11-23 23:00:00,1669215600000,0.2630000000,0.2630000000,0.2550000000,0.2570000000,27238.7247130000,7063.9072140000,7063.9072140000,1,SRM-USDT
2022-11-24 00:00:00,1669219200000,0.2570000000,0.3200000000,0.2570000000,0.2850000000,457817.3744050000,134098.5102470000,134098.5102470000,1,SRM-USDT
2022-11-24 01:00:00,1669222800000,0.2850000000,0.2940000000,0.2740000000,0.2800000000,94854.8733230000,26884.7217380000,26884.7217380000,1,SRM-USDT
2022-11-24 02:00:00,1669226400000,0.2790000000,0.2870000000,0.2790000000,0.2830000000,20907.3504800000,5913.2158530000,5913.2158530000,1,SRM-USDT
2022-11-24 03:00:00,1669230000000,0.2830000000,0.2880000000,0.2800000000,0.2810000000,18529.5864830000,5245.7225230000,5245.7225230000,1,SRM-USDT
2022-11-24 04:00:00,1669233600000,0.2810000000,0.2990000000,0.2720000000,0.2750000000,62937.1280110000,17915.8054480000,17915.8054480000,1,SRM-USDT
2022-11-24 05:00:00,1669237200000,0.2760000000,0.2840000000,0.2700000000,0.2760000000,67339.3483210000,18718.3265040000,18718.3265040000,1,SRM-USDT
2022-11-24 06:00:00,1669240800000,0.2760000000,0.2860000000,0.2740000000,0.2770000000,26400.8030870000,7344.3036300000,7344.3036300000,1,SRM-USDT
2022-11-24 07:00:00,1669244400000,0.2770000000,0.2910000000,0.2750000000,0.2840000000,36842.3127050000,10456.3248420000,10456.3248420000,1,SRM-USDT
2022-11-24 08:00:00,1669248000000,0.2840000000,0.2980000000,0.2830000000,0.2880000000,29066.6250380000,8461.4895420000,8461.4895420000,1,SRM-USDT
2022-11-24 09:00:00,1669251600000,0.2880000000,0.3000000000,0.2840000000,0.2960000000,64447.6679560000,18897.7070800000,18897.7070800000,1,SRM-USDT
2022-11-24 10:00:00,1669255200000,0.2960000000,0.3300000000,0.2950000000,0.3130000000,235561.3940520000,74213.0893860000,74213.0893860000,1,SRM-USDT
2022-11-24 11:00:00,1669258800000,0.3130000000,0.3230000000,0.2960000000,0.2990000000,121272.8091790000,37559.3491070000,37559.3491070000,1,SRM-USDT
2022-11-24 12:00:00,1669262400000,0.2990000000,0.2990000000,0.2810000000,0.2910000000,300921.6272070000,87405.4041830000,87405.4041830000,1,SRM-USDT
2022-11-24 13:00:00,1669266000000,0.2920000000,0.3080000000,0.2800000000,0.2930000000,290937.5566240000,84272.2747380000,84272.2747380000,1,SRM-USDT
2022-11-24 14:00:00,1669269600000,0.2930000000,0.2930000000,0.2820000000,0.2860000000,211277.3283380000,60409.7692420000,60409.7692420000,1,SRM-USDT
2022-11-24 15:00:00,1669273200000,0.2860000000,0.2900000000,0.2760000000,0.2810000000,106273.6703130000,29977.4313060000,29977.4313060000,1,SRM-USDT
2022-11-24 16:00:00,1669276800000,0.2810000000,0.2860000000,0.2780000000,0.2820000000,59331.4866410000,16706.3300280000,16706.3300280000,1,SRM-USDT
2022-11-24 17:00:00,1669280400000,0.2820000000,0.2850000000,0.2750000000,0.2770000000,92821.5701590000,25851.1098700000,25851.1098700000,1,SRM-USDT
2022-11-24 18:00:00,1669284000000,0.2780000000,0.2800000000,0.2690000000,0.2730000000,110974.6648800000,30502.5197190000,30502.5197190000,1,SRM-USDT
2022-11-24 19:00:00,1669287600000,0.2730000000,0.2840000000,0.2730000000,0.2820000000,109372.6482820000,30119.4922730000,30119.4922730000,1,SRM-USDT
2022-11-24 20:00:00,1669291200000,0.2820000000,0.2840000000,0.2730000000,0.2730000000,66537.2158500000,18446.1878360000,18446.1878360000,1,SRM-USDT
2022-11-24 21:00:00,1669294800000,0.2730000000,0.2840000000,0.2710000000,0.2790000000,115152.2762800000,31915.9391140000,31915.9391140000,1,SRM-USDT
2022-11-24 22:00:00,1669298400000,0.2790000000,0.2830000000,0.2770000000,0.2800000000,40507.1980600000,11305.8550080000,11305.8550080000,1,SRM-USDT
2022-11-24 23:00:00,1669302000000,0.2800000000,0.2980000000,0.2790000000,0.2870000000,261090.1862060000,76194.2305770000,76194.2305770000,1,SRM-USDT
2022-11-25 00:00:00,1669305600000,0.2870000000,0.2950000000,0.2840000000,0.2930000000,187223.0742200000,54510.2291520000,54510.2291520000,1,SRM-USDT
2022-11-25 01:00:00,1669309200000,0.2920000000,0.3140000000,0.2910000000,0.3070000000,236931.0300770000,72060.7097970000,72060.7097970000,1,SRM-USDT
2022-11-25 02:00:00,1669312800000,0.3060000000,0.3500000000,0.2990000000,0.3100000000,730964.5761790000,236067.1488370000,236067.1488370000,1,SRM-USDT
2022-11-25 03:00:00,1669316400000,0.3100000000,0.3190000000,0.2940000000,0.3030000000,172040.1838150000,52257.5000530000,52257.5000530000,1,SRM-USDT
2022-11-25 04:00:00,1669320000000,0.3020000000,0.3040000000,0.2900000000,0.2960000000,174598.9109330000,51778.6298440000,51778.6298440000,1,SRM-USDT
2022-11-25 05:00:00,1669323600000,0.2950000000,0.3020000000,0.2880000000,0.2950000000,59807.6872650000,17555.4275830000,17555.4275830000,1,SRM-USDT
2022-11-25 06:00:00,1669327200000,0.2940000000,0.2990000000,0.2900000000,0.2960000000,72091.6290920000,21244.5593720000,21244.5593720000,1,SRM-USDT
2022-11-25 07:00:00,1669330800000,0.2960000000,0.2960000000,0.2920000000,0.2930000000,42496.0680600000,12495.9870510000,12495.9870510000,1,SRM-USDT
2022-11-25 08:00:00,1669334400000,0.2930000000,0.2930000000,0.2830000000,0.2860000000,93130.3177900000,26766.2528280000,26766.2528280000,1,SRM-USDT
2022-11-25 09:00:00,1669338000000,0.2860000000,0.2860000000,0.2780000000,0.2800000000,289998.4435890000,81411.7692950000,81411.7692950000,1,SRM-USDT
2022-11-25 10:00:00,1669341600000,0.2800000000,0.2870000000,0.2740000000,0.2820000000,178646.1007680000,50214.2010740000,50214.2010740000,1,SRM-USDT
2022-11-25 11:00:00,1669345200000,0.2830000000,0.2980000000,0.2830000000,0.2970000000,90207.9170850000,26041.9443590000,26041.9443590000,1,SRM-USDT
2022-11-25 12:00:00,1669348800000,0.2960000000,0.3050000000,0.2880000000,0.2930000000,144978.0086760000,43010.3299320000,43010.3299320000,1,SRM-USDT
2022-11-25 13:00:00,1669352400000,0.2930000000,0.2970000000,0.2810000000,0.2860000000,123617.4932470000,35492.3403720000,35492.3403720000,1,SRM-USDT
2022-11-25 14:00:00,1669356000000,0.2860000000,0.2950000000,0.2800000000,0.2810000000,105009.4401260000,29890.2198330000,29890.2198330000,1,SRM-USDT
2022-11-25 15:00:00,1669359600000,0.2800000000,0.2890000000,0.2790000000,0.2820000000,59516.6103150000,16850.9198550000,16850.9198550000,1,SRM-USDT
2022-11-25 16:00:00,1669363200000,0.2820000000,0.2830000000,0.2750000000,0.2770000000,117551.5239570000,32738.1652380000,32738.1652380000,1,SRM-USDT
2022-11-25 17:00:00,1669366800000,0.2760000000,0.2900000000,0.2750000000,0.2830000000,68054.3857940000,19314.6496770000,19314.6496770000,1,SRM-USDT
2022-11-25 18:00:00,1669370400000,0.2830000000,0.2840000000,0.2780000000,0.2800000000,120468.7917850000,33775.7834970000,33775.7834970000,1,SRM-USDT
2022-11-25 19:00:00,1669374000000,0.2810000000,0.2820000000,0.2760000000,0.2770000000,109358.7119580000,30493.7570670000,30493.7570670000,1,SRM-USDT
2022-11-25 20:00:00,1669377600000,0.2770000000,0.2890000000,0.2730000000,0.2750000000,142362.9622440000,39443.1003270000,39443.1003270000,1,SRM-USDT
2022-11-25 21:00:00,1669381200000,0.2750000000,0.2760000000,0.2580000000,0.2650000000,138333.3595020000,36901.9563480000,36901.9563480000,1,SRM-USDT
2022-11-25 22:00:00,1669384800000,0.2650000000,0.2680000000,0.2620000000,0.2680000000,117448.2615380000,31092.2246070000,31092.2246070000,1,SRM-USDT
2022-11-25 23:00:00,1669388400000,0.2660000000,0.2730000000,0.2650000000,0.2730000000,89366.3826320000,24031.7525110000,24031.7525110000,1,SRM-USDT
2022-11-26 00:00:00,1669392000000,0.2720000000,0.2750000000,0.2630000000,0.2630000000,78331.8425590000,20915.8810260000,20915.8810260000,1,SRM-USDT
2022-11-26 01:00:00,1669395600000,0.2630000000,0.2680000000,0.2620000000,0.2660000000,73001.0592860000,19291.9254410000,19291.9254410000,1,SRM-USDT
2022-11-26 02:00:00,1669399200000,0.2660000000,0.2700000000,0.2650000000,0.2690000000,58097.6309670000,15462.1341490000,15462.1341490000,1,SRM-USDT
2022-11-26 03:00:00,1669402800000,0.2690000000,0.2700000000,0.2660000000,0.2690000000,93462.2551960000,25128.8842410000,25128.8842410000,1,SRM-USDT
2022-11-26 04:00:00,1669406400000,0.2680000000,0.2720000000,0.2680000000,0.2680000000,14135.3967130000,3811.4522630000,3811.4522630000,1,SRM-USDT
2022-11-26 05:00:00,1669410000000,0.2690000000,0.2690000000,0.2670000000,0.2680000000,11466.8726270000,3071.1162010000,3071.1162010000,1,SRM-USDT
2022-11-26 06:00:00,1669413600000,0.2680000000,0.2680000000,0.2620000000,0.2630000000,32990.8252210000,8699.8762090000,8699.8762090000,1,SRM-USDT
2022-11-26 07:00:00,1669417200000,0.2630000000,0.2660000000,0.2620000000,0.2640000000,41545.3282780000,10981.5729460000,10981.5729460000,1,SRM-USDT
2022-11-26 08:00:00,1669420800000,0.2650000000,0.2750000000,0.2620000000,0.2700000000,100315.2445430000,27007.8113740000,27007.8113740000,1,SRM-USDT
2022-11-26 09:00:00,1669424400000,0.2700000000,0.2780000000,0.2690000000,0.2750000000,65721.3008460000,18112.2648340000,18112.2648340000,1,SRM-USDT
2022-11-26 10:00:00,1669428000000,0.2760000000,0.2810000000,0.2760000000,0.2760000000,32928.3233460000,9150.3894640000,9150.3894640000,1,SRM-USDT
2022-11-26 11:00:00,1669431600000,0.2760000000,0.2780000000,0.2690000000,0.2720000000,70169.9098950000,19186.2221790000,19186.2221790000,1,SRM-USDT
2022-11-26 12:00:00,1669435200000,0.2710000000,0.2720000000,0.2690000000,0.2700000000,24063.9606790000,6499.3887490000,6499.3887490000,1,SRM-USDT
2022-11-26 13:00:00,1669438800000,0.2700000000,0.2790000000,0.2700000000,0.2740000000,50361.8345340000,13852.8255350000,13852.8255350000,1,SRM-USDT
2022-11-26 14:00:00,1669442400000,0.2740000000,0.2770000000,0.2720000000,0.2740000000,26628.8142670000,7286.8107520000,7286.8107520000,1,SRM-USDT
2022-11-26 15:00:00,1669446000000,0.2730000000,0.2730000000,0.2670000000,0.2690000000,65656.3834440000,17652.3566010000,17652.3566010000,1,SRM-USDT
2022-11-26 16:00:00,1669449600000,0.2690000000,0.2720000000,0.2680000000,0.2700000000,36836.0456100000,9956.3989590000,9956.3989590000,1,SRM-USDT
2022-11-26 17:00:00,1669453200000,0.2700000000,0.2720000000,0.2680000000,0.2700000000,19433.1144470000,5245.3840290000,5245.3840290000,1,SRM-USDT
2022-11-26 18:00:00,1669456800000,0.2690000000,0.2700000000,0.2610000000,0.2650000000,57370.6842990000,15220.2535060000,15220.2535060000,1,SRM-USDT
2022-11-26 19:00:00,1669460400000,0.2640000000,0.2660000000,0.2630000000,0.2640000000,43862.9895100000,11593.4406550000,11593.4406550000,1,SRM-USDT
2022-11-26 20:00:00,1669464000000,0.2640000000,0.2670000000,0.2640000000,0.2650000000,43532.3968430000,11581.7458740000,11581.7458740000,1,SRM-USDT
2022-11-26 21:00:00,1669467600000,0.2660000000,0.2700000000,0.2640000000,0.2690000000,36993.9501630000,9849.6907060000,9849.6907060000,1,SRM-USDT
2022-11-26 22:00:00,1669471200000,0.2690000000,0.2790000000,0.2670000000,0.2670000000,116237.9324460000,31732.9123300000,31732.9123300000,1,SRM-USDT
2022-11-26 23:00:00,1669474800000,0.2670000000,0.2700000000,0.2630000000,0.2650000000,36492.8760590000,9682.3645500000,9682.3645500000,1,SRM-USDT
2022-11-27 00:00:00,1669478400000,0.2650000000,0.2710000000,0.2640000000,0.2700000000,27384.6680950000,7294.0513080000,7294.0513080000,1,SRM-USDT
2022-11-27 01:00:00,1669482000000,0.2710000000,0.2710000000,0.2660000000,0.2670000000,18297.4775070000,4894.7383880000,4894.7383880000,1,SRM-USDT
2022-11-27 02:00:00,1669485600000,0.2660000000,0.2680000000,0.2630000000,0.2670000000,27252.8472920000,7228.8024760000,7228.8024760000,1,SRM-USDT
2022-11-27 03:00:00,1669489200000,0.2670000000,0.2680000000,0.2630000000,0.2660000000,39531.7602240000,10502.6850280000,10502.6850280000,1,SRM-USDT
2022-11-27 04:00:00,1669492800000,0.2660000000,0.2680000000,0.2620000000,0.2660000000,65212.7318050000,17270.6299500000,17270.6299500000,1,SRM-USDT
2022-11-27 05:00:00,1669496400000,0.2650000000,0.2660000000,0.2630000000,0.2630000000,17979.3700880000,4746.6853130000,4746.6853130000,1,SRM-USDT
2022-11-27 06:00:00,1669500000000,0.2630000000,0.2640000000,0.2600000000,0.2610000000,27430.1718070000,7198.0394930000,7198.0394930000,1,SRM-USDT
2022-11-27 07:00:00,1669503600000,0.2600000000,0.2610000000,0.2550000000,0.2550000000,29115.2398240000,7472.7450010000,7472.7450010000,1,SRM-USDT
2022-11-27 08:00:00,1669507200000,0.2560000000,0.2610000000,0.2550000000,0.2600000000,24415.4644870000,6297.1839950000,6297.1839950000,1,SRM-USDT
2022-11-27 09:00:00,1669510800000,0.2600000000,0.2600000000,0.2560000000,0.2560000000,21765.5847970000,5607.3106930000,5607.3106930000,1,SRM-USDT
2022-11-27 10:00:00,1669514400000,0.2560000000,0.2570000000,0.2510000000,0.2530000000,37182.9264280000,9410.9262460000,9410.9262460000,1,SRM-USDT
2022-11-27 11:00:00,1669518000000,0.2530000000,0.2560000000,0.2510000000,0.2550000000,59908.7070570000,15114.4870940000,15114.4870940000,1,SRM-USDT
2022-11-27 12:00:00,1669521600000,0.2550000000,0.2550000000,0.2500000000,0.2500000000,29852.4583700000,7523.4730740000,7523.4730740000,1,SRM-USDT
2022-11-27 13:00:00,1669525200000,0.2510000000,0.2540000000,0.2500000000,0.2520000000,46277.4805620000,11704.1410100000,11704.1410100000,1,SRM-USDT
2022-11-27 14:00:00,1669528800000,0.2520000000,0.2570000000,0.2520000000,0.2570000000,16075.2743890000,4105.0846420000,4105.0846420000,1,SRM-USDT
2022-11-27 15:00:00,1669532400000,0.2570000000,0.2610000000,0.2550000000,0.2610000000,29139.7879160000,7519.3486840000,7519.3486840000,1,SRM-USDT
2022-11-27 16:00:00,1669536000000,0.2610000000,0.2640000000,0.2600000000,0.2600000000,27440.2918070000,7183.6225530000,7183.6225530000,1,SRM-USDT
2022-11-27 17:00:00,1669539600000,0.2600000000,0.2600000000,0.2580000000,0.2600000000,26916.9014100000,6965.6034360000,6965.6034360000,1,SRM-USDT
2022-11-27 18:00:00,1669543200000,0.2590000000,0.2590000000,0.2560000000,0.2560000000,33985.6436240000,8763.1069990000,8763.1069990000,1,SRM-USDT
2022-11-27 19:00:00,1669546800000,0.2550000000,0.2580000000,0.2530000000,0.2570000000,50374.3463150000,12888.8929020000,12888.8929020000,1,SRM-USDT
2022-11-27 20:00:00,1669550400000,0.2580000000,0.2620000000,0.2570000000,0.2610000000,35031.6075560000,9086.7792920000,9086.7792920000,1,SRM-USDT
2022-11-27 21:00:00,1669554000000,0.2600000000,0.2610000000,0.2560000000,0.2610000000,28483.6113130000,7383.7132340000,7383.7132340000,1,SRM-USDT
2022-11-27 22:00:00,1669557600000,0.2600000000,0.2610000000,0.2570000000,0.2600000000,9422.5393110000,2438.3833130000,2438.3833130000,1,SRM-USDT
2022-11-27 23:00:00,1669561200000,0.2600000000,0.2680000000,0.2600000000,0.2640000000,47488.2504290000,12487.6307490000,12487.6307490000,1,SRM-USDT
2022-11-28 00:00:00,1669564800000,0.2640000000,0.2650000000,0.2590000000,0.2600000000,20776.3507740000,5427.7768370000,5427.7768370000,1,SRM-USDT
2022-11-28 01:00:00,1669568400000,0.2590000000,0.2620000000,0.2590000000,0.2600000000,13448.5089230000,3492.7718830000,3492.7718830000,1,SRM-USDT
2022-11-28 02:00:00,1669572000000,0.2600000000,0.2610000000,0.2570000000,0.2590000000,37308.6566220000,9659.5078160000,9659.5078160000,1,SRM-USDT
2022-11-28 03:00:00,1669575600000,0.2600000000,0.2610000000,0.2580000000,0.2600000000,9144.1235720000,2370.9065300000,2370.9065300000,1,SRM-USDT
2022-11-28 04:00:00,1669579200000,0.2610000000,0.2610000000,0.2570000000,0.2580000000,6464.4378620000,1676.9614270000,1676.9614270000,1,SRM-USDT
2022-11-28 05:00:00,1669582800000,0.2570000000,0.2610000000,0.2530000000,0.2580000000,79575.8326410000,20323.5101600000,20323.5101600000,1,SRM-USDT
2022-11-28 06:00:00,1669586400000,0.2590000000,0.2600000000,0.2560000000,0.2580000000,26378.0591190000,6806.9806910000,6806.9806910000,1,SRM-USDT
2022-11-28 07:00:00,1669590000000,0.2570000000,0.2820000000,0.2530000000,0.2570000000,185834.9063690000,49307.7909770000,49307.7909770000,1,SRM-USDT
2022-11-28 08:00:00,1669593600000,0.2570000000,0.2580000000,0.2520000000,0.2570000000,29235.2916780000,7462.3279450000,7462.3279450000,1,SRM-USDT
2022-11-28 09:00:00,1669597200000,0.2580000000,0.2580000000,0.2380000000,0.2440000000,70052.1208070000,17353.7233810000,17353.7233810000,1,SRM-USDT
2022-11-28 10:00:00,1669600800000,0.2440000000,0.2520000000,0.2400000000,0.2460000000,38334.2038610000,9391.7595370000,9391.7595370000,1,SRM-USDT
2022-11-28 11:00:00,1669604400000,0.2450000000,0.2480000000,0.2440000000,0.2450000000,29550.8762060000,7278.9052370000,7278.9052370000,1,SRM-USDT
2022-11-28 12:00:00,1669608000000,0.2460000000,0.2470000000,0.2330000000,0.2350000000,341232.7291090000,81546.5783560000,81546.5783560000,1,SRM-USDT
2022-11-28 13:00:00,1669611600000,0.2350000000,0.2360000000,0.2220000000,0.2290000000,180449.5119320000,41531.9226620000,41531.9226620000,1,SRM-USDT
2022-11-28 14:00:00,1669615200000,0.2300000000,0.2390000000,0.2270000000,0.2360000000,225408.7237040000,52197.2830390000,52197.2830390000,1,SRM-USDT
2022-11-28 15:00:00,1669618800000,0.2360000000,0.2430000000,0.2350000000,0.2410000000,151308.9045670000,36020.2154370000,36020.2154370000,1,SRM-USDT
2022-11-28 16:00:00,1669622400000,0.2410000000,0.2460000000,0.2360000000,0.2390000000,217674.6800050000,52393.0783330000,52393.0783330000,1,SRM-USDT
2022-11-28 17:00:00,1669626000000,0.2380000000,0.2380000000,0.2300000000,0.2340000000,122630.0521840000,28829.3638100000,28829.3638100000,1,SRM-USDT
2022-11-28 18:00:00,1669629600000,0.2340000000,0.2360000000,0.2320000000,0.2360000000,184059.1710970000,43138.3990900000,43138.3990900000,1,SRM-USDT
2022-11-28 19:00:00,1669633200000,0.2360000000,0.2390000000,0.2350000000,0.2360000000,121066.7625130000,28575.2664360000,28575.2664360000,1,SRM-USDT
2022-11-28 20:00:00,1669636800000,0.2350000000,0.2400000000,0.2320000000,0.2360000000,175002.3151540000,41189.6550890000,41189.6550890000,1,SRM-USDT
2022-11-28 21:00:00,1669640400000,0.2350000000,0.2380000000,0.2300000000,0.2340000000,71539.3598190000,16606.3369110000,16606.3369110000,1,SRM-USDT
2022-11-28 22:00:00,1669644000000,0.2330000000,0.2380000000,0.2310000000,0.2350000000,136893.9172250000,32253.3968680000,32253.3968680000,1,SRM-USDT
2022-11-28 23:00:00,1669647600000,0.2350000000,0.2360000000,0.2310000000,0.2340000000,194117.6478860000,45145.9479980000,45145.9479980000,1,SRM-USDT
2022-11-29 00:00:00,1669651200000,0.2340000000,0.2350000000,0.2280000000,0.2350000000,331217.5591310000,76890.3960200000,76890.3960200000,1,SRM-USDT
2022-11-29 01:00:00,1669654800000,0.2350000000,0.2400000000,0.2320000000,0.2330000000,127836.2877800000,30253.5887720000,30253.5887720000,1,SRM-USDT
2022-11-29 02:00:00,1669658400000,0.2330000000,0.2360000000,0.2320000000,0.2350000000,83039.8177830000,19459.4999880000,19459.4999880000,1,SRM-USDT
2022-11-29 03:00:00,1669662000000,0.2340000000,0.2380000000,0.2330000000,0.2370000000,192366.6421160000,45522.9426770000,45522.9426770000,1,SRM-USDT
2022-11-29 04:00:00,1669665600000,0.2380000000,0.2410000000,0.2360000000,0.2390000000,196574.0195080000,46752.8898760000,46752.8898760000,1,SRM-USDT
2022-11-29 05:00:00,1669669200000,0.2390000000,0.2400000000,0.2360000000,0.2370000000,175671.3438750000,41756.9485080000,41756.9485080000,1,SRM-USDT
2022-11-29 06:00:00,1669672800000,0.2370000000,0.2390000000,0.2340000000,0.2380000000,136156.8208530000,32262.7314450000,32262.7314450000,1,SRM-USDT
2022-11-29 07:00:00,1669676400000,0.2380000000,0.2380000000,0.2340000000,0.2370000000,279778.8483990000,66034.7620860000,66034.7620860000,1,SRM-USDT
2022-11-29 08:00:00,1669680000000,0.2370000000,0.2390000000,0.2330000000,0.2340000000,66574.4101000000,15700.3671060000,15700.3671060000,1,SRM-USDT
2022-11-29 09:00:00,1669683600000,0.2340000000,0.2370000000,0.2330000000,0.2350000000,224158.7120840000,52803.7813430000,52803.7813430000,1,SRM-USDT
2022-11-29 10:00:00,1669687200000,0.2340000000,0.2380000000,0.2340000000,0.2380000000,37923.9448270000,8941.1006160000,8941.1006160000,1,SRM-USDT
2022-11-29 11:00:00,1669690800000,0.2380000000,0.2420000000,0.2380000000,0.2400000000,144100.1980690000,34597.5344680000,34597.5344680000,1,SRM-USDT
2022-11-29 12:00:00,1669694400000,0.2400000000,0.2440000000,0.2390000000,0.2430000000,173391.6970980000,41738.9303090000,41738.9303090000,1,SRM-USDT
2022-11-29 13:00:00,1669698000000,0.2430000000,0.2430000000,0.2350000000,0.2370000000,115405.1914870000,27522.9407130000,27522.9407130000,1,SRM-USDT
2022-11-29 14:00:00,1669701600000,0.2360000000,0.2410000000,0.2360000000,0.2400000000,76988.9308870000,18401.8019320000,18401.8019320000,1,SRM-USDT
2022-11-29 15:00:00,1669705200000,0.2390000000,0.2410000000,0.2370000000,0.2370000000,120592.1887050000,28835.7899950000,28835.7899950000,1,SRM-USDT
2022-11-29 16:00:00,1669708800000,0.2370000000,0.2400000000,0.2360000000,0.2400000000,260551.8789760000,62186.7090380000,62186.7090380000,1,SRM-USDT
2022-11-29 17:00:00,1669712400000,0.2400000000,0.2420000000,0.2390000000,0.2390000000,17500.4061980000,4207.5868620000,4207.5868620000,1,SRM-USDT
2022-11-29 18:00:00,1669716000000,0.2390000000,0.2410000000,0.2370000000,0.2380000000,23815.1680530000,5705.1996850000,5705.1996850000,1,SRM-USDT
2022-11-29 19:00:00,1669719600000,0.2390000000,0.2410000000,0.2370000000,0.2380000000,65896.3652530000,15729.1322810000,15729.1322810000,1,SRM-USDT
2022-11-29 20:00:00,1669723200000,0.2390000000,0.2390000000,0.2360000000,0.2360000000,49045.1366550000,11634.2309770000,11634.2309770000,1,SRM-USDT
2022-11-29 21:00:00,1669726800000,0.2370000000,0.2380000000,0.2350000000,0.2360000000,88828.8331410000,20994.0351480000,20994.0351480000,1,SRM-USDT
2022-11-29 22:00:00,1669730400000,0.2370000000,0.2370000000,0.2250000000,0.2260000000,274055.2128980000,63491.0264130000,63491.0264130000,1,SRM-USDT
2022-11-29 23:00:00,1669734000000,0.2270000000,0.2340000000,0.2250000000,0.2290000000,230794.4427590000,52974.9943080000,52974.9943080000,1,SRM-USDT
2022-11-30 00:00:00,1669737600000,0.2280000000,0.2350000000,0.2280000000,0.2330000000,130239.3093660000,30211.6074360000,30211.6074360000,1,SRM-USDT
2022-11-30 01:00:00,1669741200000,0.2320000000,0.2340000000,0.2290000000,0.2290000000,78953.2854840000,18283.7690870000,18283.7690870000,1,SRM-USDT
2022-11-30 02:00:00,1669744800000,0.2290000000,0.2290000000,0.2230000000,0.2260000000,126575.3038060000,28641.5498190000,28641.5498190000,1,SRM-USDT
2022-11-30 03:00:00,1669748400000,0.2260000000,0.2270000000,0.2230000000,0.2230000000,101924.6605390000,23004.3211570000,23004.3211570000,1,SRM-USDT
2022-11-30 04:00:00,1669752000000,0.2240000000,0.2290000000,0.2240000000,0.2290000000,63657.5453030000,14388.6430990000,14388.6430990000,1,SRM-USDT
2022-11-30 05:00:00,1669755600000,0.2290000000,0.2300000000,0.2280000000,0.2280000000,79114.0090220000,18052.2496830000,18052.2496830000,1,SRM-USDT
2022-11-30 06:00:00,1669759200000,0.2280000000,0.2300000000,0.2260000000,0.2280000000,48415.0210670000,10995.2119760000,10995.2119760000,1,SRM-USDT
2022-11-30 07:00:00,1669762800000,0.2270000000,0.2290000000,0.2250000000,0.2250000000,126144.7827340000,28646.8322020000,28646.8322020000,1,SRM-USDT
2022-11-30 08:00:00,1669766400000,0.2260000000,0.2320000000,0.2230000000,0.2320000000,145556.6802970000,32974.3316450000,32974.3316450000,1,SRM-USDT
2022-11-30 09:00:00,1669770000000,0.2320000000,0.2390000000,0.2280000000,0.2290000000,152729.8645280000,35386.7428260000,35386.7428260000,1,SRM-USDT
2022-11-30 10:00:00,1669773600000,0.2290000000,0.2350000000,0.2280000000,0.2320000000,98964.3912900000,22981.2994960000,22981.2994960000,1,SRM-USDT
2022-11-30 11:00:00,1669777200000,0.2330000000,0.2360000000,0.2320000000,0.2320000000,129943.4731940000,30350.2961420000,30350.2961420000,1,SRM-USDT
2022-11-30 12:00:00,1669780800000,0.2310000000,0.2360000000,0.2290000000,0.2320000000,180876.8719300000,41783.4904620000,41783.4904620000,1,SRM-USDT
2022-11-30 13:00:00,1669784400000,0.2330000000,0.2330000000,0.2310000000,0.2320000000,73450.5553180000,17017.0652530000,17017.0652530000,1,SRM-USDT
2022-11-30 14:00:00,1669788000000,0.2310000000,0.2330000000,0.2300000000,0.2320000000,63334.1747630000,14643.1948270000,14643.1948270000,1,SRM-USDT
2022-11-30 15:00:00,1669791600000,0.2320000000,0.2330000000,0.2300000000,0.2320000000,145152.0418020000,33682.2329100000,33682.2329100000,1,SRM-USDT
2022-11-30 16:00:00,1669795200000,0.2320000000,0.2330000000,0.2290000000,0.2310000000,163583.7565420000,37801.1275940000,37801.1275940000,1,SRM-USDT
2022-11-30 17:00:00,1669798800000,0.2310000000,0.2340000000,0.2270000000,0.2280000000,97014.5252770000,22389.6472820000,22389.6472820000,1,SRM-USDT
2022-11-30 18:00:00,1669802400000,0.2280000000,0.2350000000,0.2280000000,0.2300000000,182347.8072850000,42132.7534790000,42132.7534790000,1,SRM-USDT
2022-11-30 19:00:00,1669806000000,0.2300000000,0.2310000000,0.2270000000,0.2290000000,91245.6408240000,20884.8947500000,20884.8947500000,1,SRM-USDT
2022-11-30 20:00:00,1669809600000,0.2290000000,0.2320000000,0.2270000000,0.2300000000,54392.4123000000,12470.0121950000,12470.0121950000,1,SRM-USDT
2022-11-30 21:00:00,1669813200000,0.2300000000,0.2320000000,0.2280000000,0.2300000000,101493.5530920000,23375.0993110000,23375.0993110000,1,SRM-USDT
2022-11-30 22:00:00,1669816800000,0.2310000000,0.2310000000,0.2270000000,0.2280000000,134040.9477430000,30705.4896190000,30705.4896190000,1,SRM-USDT
2022-11-30 23:00:00,1669820400000,0.2280000000,0.2290000000,0.2260000000,0.2270000000,128955.4567220000,29270.4772270000,29270.4772270000,1,SRM-USDT
2022-12-01 00:00:00,1669824000000,0.2260000000,0.2270000000,0.2220000000,0.2260000000,133832.4403060000,30081.2925290000,30081.2925290000,1,SRM-USDT
2022-12-01 01:00:00,1669827600000,0.2250000000,0.2250000000,0.2210000000,0.2240000000,151324.2030920000,33800.0043530000,33800.0043530000,1,SRM-USDT
2022-12-01 02:00:00,1669831200000,0.2240000000,0.2270000000,0.2220000000,0.2270000000,104940.8791490000,23446.8951570000,23446.8951570000,1,SRM-USDT
2022-12-01 03:00:00,1669834800000,0.2260000000,0.2290000000,0.2260000000,0.2270000000,108463.8483640000,24628.4988270000,24628.4988270000,1,SRM-USDT
2022-12-01 04:00:00,1669838400000,0.2270000000,0.2310000000,0.2270000000,0.2300000000,41574.3893530000,9514.4509580000,9514.4509580000,1,SRM-USDT
2022-12-01 05:00:00,1669842000000,0.2290000000,0.2310000000,0.2250000000,0.2290000000,309907.7571390000,70931.8314530000,70931.8314530000,1,SRM-USDT
2022-12-01 06:00:00,1669845600000,0.2280000000,0.2310000000,0.2250000000,0.2300000000,83983.5969680000,19238.4131310000,19238.4131310000,1,SRM-USDT
2022-12-01 07:00:00,1669849200000,0.2300000000,0.2690000000,0.2280000000,0.2330000000,837236.9108449999,204692.1389690000,204692.1389690000,1,SRM-USDT
2022-12-01 08:00:00,1669852800000,0.2310000000,0.2330000000,0.2270000000,0.2300000000,174059.2125570000,39932.2441190000,39932.2441190000,1,SRM-USDT
2022-12-01 09:00:00,1669856400000,0.2310000000,0.2330000000,0.2290000000,0.2320000000,135825.6114490000,31322.6832480000,31322.6832480000,1,SRM-USDT
2022-12-01 10:00:00,1669860000000,0.2310000000,0.2320000000,0.2300000000,0.2320000000,62319.0907770000,14400.9686620000,14400.9686620000,1,SRM-USDT
2022-12-01 11:00:00,1669863600000,0.2320000000,0.2340000000,0.2300000000,0.2300000000,94651.3174120000,21880.2849390000,21880.2849390000,1,SRM-USDT
2022-12-01 12:00:00,1669867200000,0.2300000000,0.2300000000,0.2280000000,0.2290000000,76343.0353000000,17486.3225790000,17486.3225790000,1,SRM-USDT
2022-12-01 13:00:00,1669870800000,0.2290000000,0.2300000000,0.2280000000,0.2280000000,48684.0665140000,11129.1030120000,11129.1030120000,1,SRM-USDT
2022-12-01 14:00:00,1669874400000,0.2290000000,0.2300000000,0.2250000000,0.2290000000,166114.7884270000,37809.0605920000,37809.0605920000,1,SRM-USDT
2022-12-01 15:00:00,1669878000000,0.2300000000,0.2300000000,0.2260000000,0.2270000000,176174.2972280000,40053.0841060000,40053.0841060000,1,SRM-USDT
2022-12-01 16:00:00,1669881600000,0.2270000000,0.2290000000,0.2270000000,0.2270000000,3303.2412120000,751.6410130000,751.6410130000,1,SRM-USDT
2022-12-01 17:00:00,1669885200000,0.2280000000,0.2280000000,0.2260000000,0.2260000000,133817.4894470000,30388.0070900000,30388.0070900000,1,SRM-USDT
2022-12-01 18:00:00,1669888800000,0.2270000000,0.2290000000,0.2270000000,0.2290000000,97103.3537130000,22069.6951120000,22069.6951120000,1,SRM-USDT
2022-12-01 19:00:00,1669892400000,0.2280000000,0.2290000000,0.2270000000,0.2270000000,47997.4328090000,10940.5910820000,10940.5910820000,1,SRM-USDT
2022-12-01 20:00:00,1669896000000,0.2280000000,0.2290000000,0.2200000000,0.2270000000,133535.4330600000,30185.6247510000,30185.6247510000,1,SRM-USDT
2022-12-01 21:00:00,1669899600000,0.2270000000,0.2280000000,0.2250000000,0.2270000000,68414.8546840000,15531.3096240000,15531.3096240000,1,SRM-USDT
2022-12-01 22:00:00,1669903200000,0.2260000000,0.2270000000,0.2220000000,0.2250000000,124860.1596030000,28100.8347030000,28100.8347030000,1,SRM-USDT
2022-12-01 23:00:00,1669906800000,0.2230000000,0.2290000000,0.2230000000,0.2270000000,63642.3939830000,14393.8523120000,14393.8523120000,1,SRM-USDT
2022-12-02 00:00:00,1669910400000,0.2270000000,0.2270000000,0.2240000000,0.2240000000,114729.3896020000,25891.4100010000,25891.4100010000,1,SRM-USDT
2022-12-02 01:00:00,1669914000000,0.2250000000,0.2250000000,0.2200000000,0.2250000000,131698.0976540000,29377.3466470000,29377.3466470000,1,SRM-USDT
2022-12-02 02:00:00,1669917600000,0.2250000000,0.2250000000,0.2250000000,0.2250000000,40593.3079260000,9133.4942810000,9133.4942810000,1,SRM-USDT
2022-12-02 03:00:00,1669921200000,0.2250000000,0.2250000000,0.2240000000,0.2240000000,15820.7392440000,3546.8791930000,3546.8791930000,1,SRM-USDT
2022-12-02 04:00:00,1669924800000,0.2240000000,0.2250000000,0.2230000000,0.2240000000,24140.2098700000,5407.6570290000,5407.6570290000,1,SRM-USDT
2022-12-02 05:00:00,1669928400000,0.2230000000,0.2240000000,0.2230000000,0.2230000000,11260.1049620000,2512.1445710000,2512.1445710000,1,SRM-USDT
2022-12-02 06:00:00,1669932000000,0.2240000000,0.2250000000,0.2220000000,0.2250000000,99343.2745110000,22197.1449410000,22197.1449410000,1,SRM-USDT
2022-12-02 07:00:00,1669935600000,0.2250000000,0.2260000000,0.2230000000,0.2250000000,38033.3999710000,8550.2071750000,8550.2071750000,1,SRM-USDT
2022-12-02 08:00:00,1669939200000,0.2250000000,0.2300000000,0.2240000000,0.2280000000,76180.7883840000,17257.4764320000,17257.4764320000,1,SRM-USDT
2022-12-02 09:00:00,1669942800000,0.2280000000,0.2290000000,0.2230000000,0.2250000000,197892.4514150000,44582.7136580000,44582.7136580000,1,SRM-USDT
2022-12-02 10:00:00,1669946400000,0.2260000000,0.2260000000,0.2200000000,0.2230000000,228733.3200100000,50941.9071340000,50941.9071340000,1,SRM-USDT
2022-12-02 11:00:00,1669950000000,0.2230000000,0.2240000000,0.2220000000,0.2230000000,93145.7032060000,20765.5433090000,20765.5433090000,1,SRM-USDT
2022-12-02 12:00:00,1669953600000,0.2230000000,0.2230000000,0.2200000000,0.2220000000,92101.7446290000,20415.2018940000,20415.2018940000,1,SRM-USDT
2022-12-02 13:00:00,1669957200000,0.2220000000,0.2250000000,0.2220000000,0.2230000000,109312.6399440000,24518.5462000000,24518.5462000000,1,SRM-USDT
2022-12-02 14:00:00,1669960800000,0.2230000000,0.2230000000,0.2200000000,0.2220000000,102235.0191650000,22676.7116130000,22676.7116130000,1,SRM-USDT
2022-12-02 15:00:00,1669964400000,0.2220000000,0.2250000000,0.2200000000,0.2230000000,98782.4585620000,21875.5888950000,21875.5888950000,1,SRM-USDT
2022-12-02 16:00:00,1669968000000,0.2230000000,0.2230000000,0.2210000000,0.2220000000,26833.1451200000,5942.4137950000,5942.4137950000,1,SRM-USDT
2022-12-02 17:00:00,1669971600000,0.2220000000,0.2270000000,0.2220000000,0.2240000000,85342.5511670000,19096.3783400000,19096.3783400000,1,SRM-USDT
2022-12-02 18:00:00,1669975200000,0.2240000000,0.2260000000,0.2230000000,0.2250000000,50238.5050740000,11261.4447250000,11261.4447250000,1,SRM-USDT
2022-12-02 19:00:00,1669978800000,0.2250000000,0.2250000000,0.2240000000,0.2240000000,11769.1172740000,2638.5133800000,2638.5133800000,1,SRM-USDT
2022-12-02 20:00:00,1669982400000,0.2250000000,0.2280000000,0.2230000000,0.2270000000,27328.0891330000,6146.2992180000,6146.2992180000,1,SRM-USDT
2022-12-02 21:00:00,1669986000000,0.2270000000,0.2280000000,0.2230000000,0.2230000000,88674.4381260000,20093.5488270000,20093.5488270000,1,SRM-USDT
2022-12-02 22:00:00,1669989600000,0.2230000000,0.2300000000,0.2220000000,0.2260000000,55606.7010000000,12547.8510090000,12547.8510090000,1,SRM-USDT
2022-12-02 23:00:00,1669993200000,0.2260000000,0.2260000000,0.2220000000,0.2250000000,95090.0421630000,21367.0565080000,21367.0565080000,1,SRM-USDT
2022-12-03 00:00:00,1669996800000,0.2250000000,0.2260000000,0.2240000000,0.2260000000,70123.4224740000,15836.6697510000,15836.6697510000,1,SRM-USDT
2022-12-03 01:00:00,1670000400000,0.2260000000,0.2280000000,0.2250000000,0.2280000000,81258.3484910000,18440.9415830000,18440.9415830000,1,SRM-USDT
2022-12-03 02:00:00,1670004000000,0.2280000000,0.2290000000,0.2270000000,0.2270000000,76228.4558230000,17322.5161570000,17322.5161570000,1,SRM-USDT
2022-12-03 03:00:00,1670007600000,0.2270000000,0.2280000000,0.2240000000,0.2270000000,11631.8002060000,2611.5385880000,2611.5385880000,1,SRM-USDT
2022-12-03 04:00:00,1670011200000,0.2270000000,0.2270000000,0.2230000000,0.2250000000,11078.4675570000,2485.6908190000,2485.6908190000,1,SRM-USDT
2022-12-03 05:00:00,1670014800000,0.2240000000,0.2260000000,0.2230000000,0.2240000000,75238.0949960000,16854.8454070000,16854.8454070000,1,SRM-USDT
2022-12-03 06:00:00,1670018400000,0.2240000000,0.2270000000,0.2230000000,0.2250000000,97429.5221820000,21941.1573860000,21941.1573860000,1,SRM-USDT
2022-12-03 07:00:00,1670022000000,0.2260000000,0.2260000000,0.2250000000,0.2250000000,30034.7218250000,6767.6555960000,6767.6555960000,1,SRM-USDT
2022-12-03 08:00:00,1670025600000,0.2260000000,0.2270000000,0.2240000000,0.2270000000,149451.9946910000,33713.9030350000,33713.9030350000,1,SRM-USDT
2022-12-03 09:00:00,1670029200000,0.2260000000,0.2260000000,0.2230000000,0.2250000000,50189.2139560000,11236.5192840000,11236.5192840000,1,SRM-USDT
2022-12-03 10:00:00,1670032800000,0.2250000000,0.2260000000,0.2220000000,0.2240000000,113220.0297460000,25279.6779890000,25279.6779890000,1,SRM-USDT
2022-12-03 11:00:00,1670036400000,0.2250000000,0.2270000000,0.2240000000,0.2260000000,86536.1888340000,19480.9608830000,19480.9608830000,1,SRM-USDT
2022-12-03 12:00:00,1670040000000,0.2260000000,0.2260000000,0.2250000000,0.2260000000,6455.0290850000,1458.2131800000,1458.2131800000,1,SRM-USDT
2022-12-03 13:00:00,1670043600000,0.2260000000,0.2270000000,0.2260000000,0.2260000000,36145.2396020000,8169.9921490000,8169.9921490000,1,SRM-USDT
2022-12-03 14:00:00,1670047200000,0.2260000000,0.2310000000,0.2260000000,0.2290000000,240027.4747940000,54977.4362040000,54977.4362040000,1,SRM-USDT
2022-12-03 15:00:00,1670050800000,0.2290000000,0.2400000000,0.2280000000,0.2350000000,514782.9330430000,120588.9070730000,120588.9070730000,1,SRM-USDT
2022-12-03 16:00:00,1670054400000,0.2330000000,0.2600000000,0.2320000000,0.2410000000,459429.0695540000,113411.2661490000,113411.2661490000,1,SRM-USDT
2022-12-03 17:00:00,1670058000000,0.2410000000,0.2570000000,0.2380000000,0.2410000000,167150.8490300000,41098.3206190000,41098.3206190000,1,SRM-USDT
2022-12-03 18:00:00,1670061600000,0.2410000000,0.2490000000,0.2340000000,0.2400000000,414527.2302380000,99306.5179810000,99306.5179810000,1,SRM-USDT
2022-12-03 19:00:00,1670065200000,0.2410000000,0.2510000000,0.2370000000,0.2380000000,372215.2178980000,90539.8944480000,90539.8944480000,1,SRM-USDT
2022-12-03 20:00:00,1670068800000,0.2380000000,0.2410000000,0.2340000000,0.2370000000,94000.2664790000,22232.6973630000,22232.6973630000,1,SRM-USDT
2022-12-03 21:00:00,1670072400000,0.2370000000,0.2440000000,0.2340000000,0.2400000000,331383.1671370000,79307.6134880000,79307.6134880000,1,SRM-USDT
2022-12-03 22:00:00,1670076000000,0.2400000000,0.2410000000,0.2360000000,0.2370000000,118566.1394120000,28252.5463520000,28252.5463520000,1,SRM-USDT
2022-12-03 23:00:00,1670079600000,0.2370000000,0.2390000000,0.2360000000,0.2370000000,37909.9172420000,8995.6059380000,8995.6059380000,1,SRM-USDT
2022-12-04 00:00:00,1670083200000,0.2370000000,0.2400000000,0.2320000000,0.2350000000,91885.0988960000,21633.7004110000,21633.7004110000,1,SRM-USDT
2022-12-04 01:00:00,1670086800000,0.2340000000,0.2350000000,0.2300000000,0.2340000000,198153.3672770000,46273.9220740000,46273.9220740000,1,SRM-USDT
2022-12-04 02:00:00,1670090400000,0.2340000000,0.2340000000,0.2310000000,0.2310000000,76160.7585300000,17763.1023720000,17763.1023720000,1,SRM-USDT
2022-12-04 03:00:00,1670094000000,0.2310000000,0.2310000000,0.2290000000,0.2300000000,56644.4755970000,13080.1106360000,13080.1106360000,1,SRM-USDT
2022-12-04 04:00:00,1670097600000,0.2300000000,0.2420000000,0.2280000000,0.2420000000,62352.8821290000,14452.3330840000,14452.3330840000,1,SRM-USDT
2022-12-04 05:00:00,1670101200000,0.2420000000,0.2450000000,0.2310000000,0.2330000000,50746.2392310000,11917.8576550000,11917.8576550000,1,SRM-USDT
2022-12-04 06:00:00,1670104800000,0.2340000000,0.2360000000,0.2300000000,0.2310000000,124244.1231180000,28974.2106920000,28974.2106920000,1,SRM-USDT
2022-12-04 07:00:00,1670108400000,0.2310000000,0.2530000000,0.2300000000,0.2450000000,179142.8523510000,42968.2764390000,42968.2764390000,1,SRM-USDT
2022-12-04 08:00:00,1670112000000,0.2460000000,0.2540000000,0.2360000000,0.2440000000,388928.4214490000,94930.1581680000,94930.1581680000,1,SRM-USDT
2022-12-04 09:00:00,1670115600000,0.2440000000,0.2500000000,0.2400000000,0.2420000000,382482.7311370000,92834.4155130000,92834.4155130000,1,SRM-USDT
2022-12-04 10:00:00,1670119200000,0.2410000000,0.2440000000,0.2400000000,0.2420000000,176960.8657990000,42747.8748430000,42747.8748430000,1,SRM-USDT
2022-12-04 11:00:00,1670122800000,0.2410000000,0.2410000000,0.2370000000,0.2370000000,39639.3554810000,9482.5262870000,9482.5262870000,1,SRM-USDT
2022-12-04 12:00:00,1670126400000,0.2380000000,0.2400000000,0.2330000000,0.2350000000,196429.6203650000,46381.5313690000,46381.5313690000,1,SRM-USDT
2022-12-04 13:00:00,1670130000000,0.2350000000,0.2420000000,0.2330000000,0.2400000000,212093.1466380000,50574.9112450000,50574.9112450000,1,SRM-USDT
2022-12-04 14:00:00,1670133600000,0.2400000000,0.2420000000,0.2270000000,0.2320000000,118517.4304100000,27651.9955500000,27651.9955500000,1,SRM-USDT
2022-12-04 15:00:00,1670137200000,0.2310000000,0.2340000000,0.2290000000,0.2320000000,68172.1359240000,15750.2258190000,15750.2258190000,1,SRM-USDT
2022-12-04 16:00:00,1670140800000,0.2320000000,0.2340000000,0.2300000000,0.2330000000,39217.7326550000,9110.5547820000,9110.5547820000,1,SRM-USDT
2022-12-04 17:00:00,1670144400000,0.2320000000,0.2360000000,0.2320000000,0.2340000000,25590.2565940000,5997.6883890000,5997.6883890000,1,SRM-USDT
2022-12-04 18:00:00,1670148000000,0.2340000000,0.2390000000,0.2310000000,0.2320000000,72820.6432530000,17088.8237490000,17088.8237490000,1,SRM-USDT
2022-12-04 19:00:00,1670151600000,0.2320000000,0.2340000000,0.2310000000,0.2320000000,44058.9077480000,10231.0058720000,10231.0058720000,1,SRM-USDT
2022-12-04 20:00:00,1670155200000,0.2320000000,0.2330000000,0.2300000000,0.2310000000,28511.7775870000,6590.8694470000,6590.8694470000,1,SRM-USDT
2022-12-04 21:00:00,1670158800000,0.2300000000,0.2330000000,0.2300000000,0.2320000000,30528.6715420000,7038.6647930000,7038.6647930000,1,SRM-USDT
2022-12-04 22:00:00,1670162400000,0.2320000000,0.2350000000,0.2320000000,0.2320000000,53581.4127510000,12536.4806990000,12536.4806990000,1,SRM-USDT
2022-12-04 23:00:00,1670166000000,0.2330000000,0.2340000000,0.2320000000,0.2330000000,1444.0650000000,336.0525420000,336.0525420000,1,SRM-USDT
2022-12-05 00:00:00,1670169600000,0.2320000000,0.2340000000,0.2300000000,0.2320000000,141711.0479630000,32874.4914820000,32874.4914820000,1,SRM-USDT
2022-12-05 01:00:00,1670173200000,0.2320000000,0.2320000000,0.2300000000,0.2310000000,74094.9368520000,17136.1261210000,17136.1261210000,1,SRM-USDT
2022-12-05 02:00:00,1670176800000,0.2300000000,0.2310000000,0.2280000000,0.2310000000,101453.6047230000,23293.1285750000,23293.1285750000,1,SRM-USDT
2022-12-05 03:00:00,1670180400000,0.2310000000,0.2360000000,0.2300000000,0.2330000000,72506.8441690000,16870.1894350000,16870.1894350000,1,SRM-USDT
2022-12-05 04:00:00,1670184000000,0.2330000000,0.2340000000,0.2320000000,0.2320000000,57077.8325390000,13249.5499210000,13249.5499210000,1,SRM-USDT
2022-12-05 05:00:00,1670187600000,0.2320000000,0.2350000000,0.2320000000,0.2350000000,69065.3857710000,16166.9971660000,16166.9971660000,1,SRM-USDT
2022-12-05 06:00:00,1670191200000,0.2340000000,0.2370000000,0.2340000000,0.2340000000,79196.5613820000,18632.0110910000,18632.0110910000,1,SRM-USDT
2022-12-05 07:00:00,1670194800000,0.2340000000,0.2370000000,0.2320000000,0.2350000000,42311.3541410000,9936.5861040000,9936.5861040000,1,SRM-USDT
2022-12-05 08:00:00,1670198400000,0.2350000000,0.2500000000,0.2330000000,0.2350000000,279667.7122240000,66320.7545490000,66320.7545490000,1,SRM-USDT
2022-12-05 09:00:00,1670202000000,0.2360000000,0.2400000000,0.2340000000,0.2380000000,123887.9771470000,29504.9161130000,29504.9161130000,1,SRM-USDT
2022-12-05 10:00:00,1670205600000,0.2380000000,0.2390000000,0.2320000000,0.2370000000,99257.0583770000,23528.0710420000,23528.0710420000,1,SRM-USDT
2022-12-05 11:00:00,1670209200000,0.2370000000,0.2480000000,0.2370000000,0.2430000000,148985.2982370000,36178.8891690000,36178.8891690000,1,SRM-USDT
2022-12-05 12:00:00,1670212800000,0.2420000000,0.2430000000,0.2370000000,0.2380000000,43242.7970120000,10360.0633900000,10360.0633900000,1,SRM-USDT
2022-12-05 13:00:00,1670216400000,0.2380000000,0.2400000000,0.2340000000,0.2370000000,84335.9737690000,20020.4664370000,20020.4664370000,1,SRM-USDT
2022-12-05 14:00:00,1670220000000,0.2360000000,0.2370000000,0.2350000000,0.2350000000,89637.9958750000,21151.7575310000,21151.7575310000,1,SRM-USDT
2022-12-05 15:00:00,1670223600000,0.2360000000,0.2360000000,0.2340000000,0.2360000000,47057.3916230000,11096.7384400000,11096.7384400000,1,SRM-USDT
2022-12-05 16:00:00,1670227200000,0.2360000000,0.2360000000,0.2300000000,0.2320000000,155110.0357610000,36121.7368430000,36121.7368430000,1,SRM-USDT
2022-12-05 17:00:00,1670230800000,0.2320000000,0.2350000000,0.2320000000,0.2340000000,26748.7063960000,6251.5652980000,6251.5652980000,1,SRM-USDT
2022-12-05 18:00:00,1670234400000,0.2330000000,0.2340000000,0.2330000000,0.2340000000,13054.2162170000,3052.1389950000,3052.1389950000,1,SRM-USDT
2022-12-05 19:00:00,1670238000000,0.2350000000,0.2350000000,0.2310000000,0.2350000000,40555.2340920000,9474.6899560000,9474.6899560000,1,SRM-USDT
2022-12-05 20:00:00,1670241600000,0.2350000000,0.2370000000,0.2340000000,0.2350000000,16697.5938570000,3931.4202030000,3931.4202030000,1,SRM-USDT
2022-12-05 21:00:00,1670245200000,0.2350000000,0.2360000000,0.2340000000,0.2340000000,25088.3983590000,5897.8744950000,5897.8744950000,1,SRM-USDT
2022-12-05 22:00:00,1670248800000,0.2350000000,0.2350000000,0.2310000000,0.2330000000,38493.4058100000,8959.1153460000,8959.1153460000,1,SRM-USDT
2022-12-05 23:00:00,1670252400000,0.2330000000,0.2340000000,0.2300000000,0.2330000000,86990.1174460000,20124.0770000000,20124.0770000000,1,SRM-USDT
2022-12-06 00:00:00,1670256000000,0.2330000000,0.2330000000,0.2310000000,0.2320000000,27252.9162610000,6306.8202600000,6306.8202600000,1,SRM-USDT
2022-12-06 01:00:00,1670259600000,0.2320000000,0.2380000000,0.2300000000,0.2320000000,99541.1845900000,23142.4220350000,23142.4220350000,1,SRM-USDT
2022-12-06 02:00:00,1670263200000,0.2320000000,0.2320000000,0.2310000000,0.2320000000,78052.1929620000,18108.0395940000,18108.0395940000,1,SRM-USDT
2022-12-06 03:00:00,1670266800000,0.2320000000,0.2330000000,0.2270000000,0.2290000000,53161.2285800000,12185.7588910000,12185.7588910000,1,SRM-USDT
2022-12-06 04:00:00,1670270400000,0.2280000000,0.2300000000,0.2270000000,0.2290000000,26345.9748090000,6016.1642410000,6016.1642410000,1,SRM-USDT
2022-12-06 05:00:00,1670274000000,0.2280000000,0.2290000000,0.2260000000,0.2290000000,13273.5152420000,3022.5338150000,3022.5338150000,1,SRM-USDT
2022-12-06 06:00:00,1670277600000,0.2290000000,0.2310000000,0.2280000000,0.2290000000,48551.6074530000,11122.7788580000,11122.7788580000,1,SRM-USDT
2022-12-06 07:00:00,1670281200000,0.2290000000,0.2530000000,0.2290000000,0.2330000000,287320.3217220000,69256.5883970000,69256.5883970000,1,SRM-USDT
2022-12-06 08:00:00,1670284800000,0.2340000000,0.2340000000,0.2300000000,0.2310000000,34504.7766980000,8005.6383580000,8005.6383580000,1,SRM-USDT
2022-12-06 09:00:00,1670288400000,0.2310000000,0.2310000000,0.2300000000,0.2310000000,18574.1262710000,4278.4372580000,4278.4372580000,1,SRM-USDT
2022-12-06 10:00:00,1670292000000,0.2320000000,0.2330000000,0.2300000000,0.2310000000,25360.4031850000,5868.5087090000,5868.5087090000,1,SRM-USDT
2022-12-06 11:00:00,1670295600000,0.2300000000,0.2320000000,0.2290000000,0.2320000000,54025.9199800000,12478.3668320000,12478.3668320000,1,SRM-USDT
2022-12-06 12:00:00,1670299200000,0.2320000000,0.2320000000,0.2290000000,0.2310000000,38372.7114180000,8834.1854630000,8834.1854630000,1,SRM-USDT
2022-12-06 13:00:00,1670302800000,0.2300000000,0.2310000000,0.2280000000,0.2290000000,54142.3828950000,12403.2930450000,12403.2930450000,1,SRM-USDT
2022-12-06 14:00:00,1670306400000,0.2290000000,0.2310000000,0.2290000000,0.2300000000,58542.4148170000,13461.3792860000,13461.3792860000,1,SRM-USDT
2022-12-06 15:00:00,1670310000000,0.2300000000,0.2300000000,0.2270000000,0.2300000000,61667.9431550000,14134.1242420000,14134.1242420000,1,SRM-USDT
2022-12-06 16:00:00,1670313600000,0.2300000000,0.2310000000,0.2300000000,0.2300000000,8754.2125450000,2014.2296800000,2014.2296800000,1,SRM-USDT
2022-12-06 17:00:00,1670317200000,0.2300000000,0.2300000000,0.2290000000,0.2290000000,8273.0547200000,1899.1182830000,1899.1182830000,1,SRM-USDT
2022-12-06 18:00:00,1670320800000,0.2290000000,0.2300000000,0.2280000000,0.2300000000,22561.5905380000,5171.5829190000,5171.5829190000,1,SRM-USDT
2022-12-06 19:00:00,1670324400000,0.2290000000,0.2290000000,0.2270000000,0.2290000000,59019.0680740000,13453.8015760000,13453.8015760000,1,SRM-USDT
2022-12-06 20:00:00,1670328000000,0.2280000000,0.2280000000,0.2250000000,0.2270000000,47308.2638780000,10745.3439170000,10745.3439170000,1,SRM-USDT
2022-12-06 21:00:00,1670331600000,0.2270000000,0.2280000000,0.2270000000,0.2270000000,30938.1842930000,7023.7285740000,7023.7285740000,1,SRM-USDT
2022-12-06 22:00:00,1670335200000,0.2270000000,0.2270000000,0.2250000000,0.2270000000,3785.9052210000,856.6375810000,856.6375810000,1,SRM-USDT
2022-12-06 23:00:00,1670338800000,0.2270000000,0.2290000000,0.2230000000,0.2270000000,96663.5399550000,21893.0054660000,21893.0054660000,1,SRM-USDT
2022-12-07 00:00:00,1670342400000,0.2270000000,0.2280000000,0.2240000000,0.2270000000,105220.2787630000,23736.6898320000,23736.6898320000,1,SRM-USDT
2022-12-07 01:00:00,1670346000000,0.2270000000,0.2270000000,0.2260000000,0.2260000000,23241.8966670000,5252.9348760000,5252.9348760000,1,SRM-USDT
2022-12-07 02:00:00,1670349600000,0.2260000000,0.2270000000,0.2240000000,0.2250000000,21872.9205860000,4934.2065390000,4934.2065390000,1,SRM-USDT
2022-12-07 03:00:00,1670353200000,0.2260000000,0.2260000000,0.2250000000,0.2250000000,9020.5758450000,2030.0846870000,2030.0846870000,1,SRM-USDT
2022-12-07 04:00:00,1670356800000,0.2250000000,0.2270000000,0.2250000000,0.2260000000,7686.4373880000,1739.9221550000,1739.9221550000,1,SRM-USDT
2022-12-07 05:00:00,1670360400000,0.2270000000,0.2270000000,0.2260000000,0.2270000000,5920.2875560000,1343.6234450000,1343.6234450000,1,SRM-USDT
2022-12-07 06:00:00,1670364000000,0.2260000000,0.2280000000,0.2250000000,0.2280000000,64796.4535380000,14702.6515700000,14702.6515700000,1,SRM-USDT
2022-12-07 07:00:00,1670367600000,0.2270000000,0.2280000000,0.2260000000,0.2280000000,22808.8169940000,5166.1266040000,5166.1266040000,1,SRM-USDT
2022-12-07 08:00:00,1670371200000,0.2270000000,0.2290000000,0.2260000000,0.2270000000,23620.7054320000,5379.1800940000,5379.1800940000,1,SRM-USDT
2022-12-07 09:00:00,1670374800000,0.2280000000,0.2280000000,0.2270000000,0.2280000000,1879.8215220000,426.9267560000,426.9267560000,1,SRM-USDT
2022-12-07 10:00:00,1670378400000,0.2270000000,0.2280000000,0.2270000000,0.2270000000,6539.2599340000,1485.5463210000,1485.5463210000,1,SRM-USDT
2022-12-07 11:00:00,1670382000000,0.2270000000,0.2270000000,0.2260000000,0.2260000000,2954.2619770000,669.5950050000,669.5950050000,1,SRM-USDT
2022-12-07 12:00:00,1670385600000,0.2270000000,0.2270000000,0.2270000000,0.2270000000,2702.6759460000,613.5074400000,613.5074400000,1,SRM-USDT
2022-12-07 13:00:00,1670389200000,0.2270000000,0.2270000000,0.2250000000,0.2260000000,6871.0138960000,1552.6852400000,1552.6852400000,1,SRM-USDT
2022-12-07 14:00:00,1670392800000,0.2260000000,0.2260000000,0.2240000000,0.2250000000,43681.6797410000,9822.1671400000,9822.1671400000,1,SRM-USDT
2022-12-07 15:00:00,1670396400000,0.2240000000,0.2290000000,0.2220000000,0.2230000000,115060.0260890000,25741.3976210000,25741.3976210000,1,SRM-USDT
2022-12-07 16:00:00,1670400000000,0.2230000000,0.2230000000,0.2070000000,0.2170000000,74446.0335110000,16149.4408590000,16149.4408590000,1,SRM-USDT
2022-12-07 17:00:00,1670403600000,0.2150000000,0.2190000000,0.2100000000,0.2170000000,75026.9284140000,16154.0843720000,16154.0843720000,1,SRM-USDT
2022-12-07 18:00:00,1670407200000,0.2170000000,0.2180000000,0.2160000000,0.2170000000,27486.1449050000,5968.0477160000,5968.0477160000,1,SRM-USDT
2022-12-07 19:00:00,1670410800000,0.2160000000,0.2160000000,0.2100000000,0.2150000000,97268.9219940000,20811.2361470000,20811.2361470000,1,SRM-USDT
2022-12-07 20:00:00,1670414400000,0.2150000000,0.2160000000,0.2130000000,0.2160000000,21824.6901140000,4680.5984060000,4680.5984060000,1,SRM-USDT
2022-12-07 21:00:00,1670418000000,0.2160000000,0.2170000000,0.2140000000,0.2150000000,40554.8996410000,8758.9051450000,8758.9051450000,1,SRM-USDT
2022-12-07 22:00:00,1670421600000,0.2150000000,0.2170000000,0.2150000000,0.2150000000,26838.2116100000,5795.8131270000,5795.8131270000,1,SRM-USDT
2022-12-07 23:00:00,1670425200000,0.2150000000,0.2160000000,0.2140000000,0.2150000000,15057.4781320000,3235.9869000000,3235.9869000000,1,SRM-USDT
2022-12-08 00:00:00,1670428800000,0.2140000000,0.2160000000,0.2100000000,0.2110000000,129692.8188900000,27410.8755440000,27410.8755440000,1,SRM-USDT
2022-12-08 01:00:00,1670432400000,0.2110000000,0.2120000000,0.2100000000,0.2110000000,77593.4925460000,16369.2497140000,16369.2497140000,1,SRM-USDT
2022-12-08 02:00:00,1670436000000,0.2110000000,0.2230000000,0.2100000000,0.2170000000,143295.5802110000,30760.7145140000,30760.7145140000,1,SRM-USDT
2022-12-08 03:00:00,1670439600000,0.2170000000,0.2190000000,0.2160000000,0.2190000000,14727.6770160000,3199.9204030000,3199.9204030000,1,SRM-USDT
2022-12-08 04:00:00,1670443200000,0.2190000000,0.2190000000,0.2180000000,0.2180000000,12014.2978610000,2620.4810960000,2620.4810960000,1,SRM-USDT
2022-12-08 05:00:00,1670446800000,0.2170000000,0.2170000000,0.2150000000,0.2150000000,33103.0539210000,7120.2243090000,7120.2243090000,1,SRM-USDT
2022-12-08 06:00:00,1670450400000,0.2140000000,0.2140000000,0.2120000000,0.2120000000,73000.8865680000,15558.0887110000,15558.0887110000,1,SRM-USDT
2022-12-08 07:00:00,1670454000000,0.2130000000,0.2150000000,0.2130000000,0.2140000000,32950.7398580000,7053.0769460000,7053.0769460000,1,SRM-USDT
2022-12-08 08:00:00,1670457600000,0.2140000000,0.2150000000,0.2140000000,0.2150000000,4161.9461920000,892.3699840000,892.3699840000,1,SRM-USDT
2022-12-08 09:00:00,1670461200000,0.2140000000,0.2150000000,0.2130000000,0.2150000000,15327.9630940000,3280.7859690000,3280.7859690000,1,SRM-USDT
2022-12-08 10:00:00,1670464800000,0.2140000000,0.2170000000,0.2130000000,0.2160000000,39277.8216130000,8455.8881180000,8455.8881180000,1,SRM-USDT
2022-12-08 11:00:00,1670468400000,0.2160000000,0.2170000000,0.2130000000,0.2150000000,26777.3056840000,5753.4993510000,5753.4993510000,1,SRM-USDT
2022-12-08 12:00:00,1670472000000,0.2150000000,0.2150000000,0.2130000000,0.2150000000,39513.4153110000,8461.4737000000,8461.4737000000,1,SRM-USDT
2022-12-08 13:00:00,1670475600000,0.2150000000,0.2170000000,0.2140000000,0.2150000000,33332.4283100000,7155.9519490000,7155.9519490000,1,SRM-USDT
2022-12-08 14:00:00,1670479200000,0.2150000000,0.2170000000,0.2140000000,0.2140000000,41590.8219310000,8975.8603720000,8975.8603720000,1,SRM-USDT
2022-12-08 15:00:00,1670482800000,0.2140000000,0.2210000000,0.2130000000,0.2160000000,179135.8391800000,39019.1614630000,39019.1614630000,1,SRM-USDT
2022-12-08 16:00:00,1670486400000,0.2160000000,0.2170000000,0.2100000000,0.2120000000,96289.6067940000,20558.2973760000,20558.2973760000,1,SRM-USDT
2022-12-08 17:00:00,1670490000000,0.2130000000,0.2190000000,0.2120000000,0.2130000000,161772.5049610000,34693.6664600000,34693.6664600000,1,SRM-USDT
2022-12-08 18:00:00,1670493600000,0.2130000000,0.2140000000,0.2130000000,0.2130000000,23230.2734880000,4952.1036910000,4952.1036910000,1,SRM-USDT
2022-12-08 19:00:00,1670497200000,0.2130000000,0.2130000000,0.2100000000,0.2100000000,30820.4726200000,6529.9821720000,6529.9821720000,1,SRM-USDT
2022-12-08 20:00:00,1670500800000,0.2110000000,0.2120000000,0.2110000000,0.2110000000,15884.7197010000,3352.3635230000,3352.3635230000,1,SRM-USDT
2022-12-08 21:00:00,1670504400000,0.2120000000,0.2130000000,0.2100000000,0.2120000000,46612.9018930000,9855.7923640000,9855.7923640000,1,SRM-USDT
2022-12-08 22:00:00,1670508000000,0.2110000000,0.2120000000,0.2040000000,0.2110000000,346358.5872070000,72140.7096020000,72140.7096020000,1,SRM-USDT
2022-12-08 23:00:00,1670511600000,0.2110000000,0.2130000000,0.2110000000,0.2120000000,19356.8315870000,4116.3302030000,4116.3302030000,1,SRM-USDT
2022-12-09 00:00:00,1670515200000,0.2120000000,0.2170000000,0.2110000000,0.2150000000,49764.1194160000,10608.0738240000,10608.0738240000,1,SRM-USDT
2022-12-09 01:00:00,1670518800000,0.2150000000,0.2150000000,0.2140000000,0.2140000000,17626.9864340000,3787.3928420000,3787.3928420000,1,SRM-USDT
2022-12-09 02:00:00,1670522400000,0.2140000000,0.2160000000,0.2140000000,0.2160000000,10110.0092140000,2172.7688960000,2172.7688960000,1,SRM-USDT
2022-12-09 03:00:00,1670526000000,0.2150000000,0.2170000000,0.2150000000,0.2160000000,12009.6678730000,2592.9917920000,2592.9917920000,1,SRM-USDT
2022-12-09 04:00:00,1670529600000,0.2160000000,0.2160000000,0.2150000000,0.2150000000,666.1365760000,143.4873860000,143.4873860000,1,SRM-USDT
2022-12-09 05:00:00,1670533200000,0.2150000000,0.2150000000,0.2140000000,0.2150000000,19168.3575830000,4107.3350090000,4107.3350090000,1,SRM-USDT
2022-12-09 06:00:00,1670536800000,0.2160000000,0.2180000000,0.2120000000,0.2140000000,149818.9592730000,32199.4757250000,32199.4757250000,1,SRM-USDT
2022-12-09 07:00:00,1670540400000,0.2140000000,0.2160000000,0.2130000000,0.2150000000,18174.2907430000,3887.9651490000,3887.9651490000,1,SRM-USDT
2022-12-09 08:00:00,1670544000000,0.2150000000,0.2150000000,0.2130000000,0.2140000000,5400.0753510000,1155.4985520000,1155.4985520000,1,SRM-USDT
2022-12-09 09:00:00,1670547600000,0.2140000000,0.2140000000,0.2110000000,0.2130000000,75253.3193530000,16021.6223540000,16021.6223540000,1,SRM-USDT
2022-12-09 10:00:00,1670551200000,0.2120000000,0.2130000000,0.2060000000,0.2130000000,147670.3396250000,30963.0238500000,30963.0238500000,1,SRM-USDT
2022-12-09 11:00:00,1670554800000,0.2130000000,0.2130000000,0.2120000000,0.2120000000,6081.1177560000,1289.5886010000,1289.5886010000,1,SRM-USDT
2022-12-09 12:00:00,1670558400000,0.2120000000,0.2130000000,0.2100000000,0.2110000000,48688.4704450000,10315.4962110000,10315.4962110000,1,SRM-USDT
2022-12-09 13:00:00,1670562000000,0.2110000000,0.2120000000,0.2100000000,0.2120000000,48171.9153880000,10192.7279160000,10192.7279160000,1,SRM-USDT
2022-12-09 14:00:00,1670565600000,0.2120000000,0.2130000000,0.2100000000,0.2110000000,46001.6887410000,9709.6819240000,9709.6819240000,1,SRM-USDT
2022-12-09 15:00:00,1670569200000,0.2110000000,0.2120000000,0.2110000000,0.2120000000,38735.9038010000,8180.8018310000,8180.8018310000,1,SRM-USDT
2022-12-09 16:00:00,1670572800000,0.2120000000,0.2120000000,0.2110000000,0.2120000000,4581.3786720000,970.3142500000,970.3142500000,1,SRM-USDT
2022-12-09 17:00:00,1670576400000,0.2120000000,0.2330000000,0.2120000000,0.2270000000,645931.3022470000,146300.5007270000,146300.5007270000,1,SRM-USDT
2022-12-09 18:00:00,1670580000000,0.2270000000,0.2310000000,0.2200000000,0.2220000000,116896.4402390000,26107.3460550000,26107.3460550000,1,SRM-USDT
2022-12-09 19:00:00,1670583600000,0.2220000000,0.2250000000,0.2200000000,0.2220000000,21520.6172900000,4784.7190260000,4784.7190260000,1,SRM-USDT
2022-12-09 20:00:00,1670587200000,0.2230000000,0.2250000000,0.2190000000,0.2190000000,93631.1063560000,20664.5998030000,20664.5998030000,1,SRM-USDT
2022-12-09 21:00:00,1670590800000,0.2200000000,0.2220000000,0.2150000000,0.2180000000,86614.4743570000,18889.0611620000,18889.0611620000,1,SRM-USDT
2022-12-09 22:00:00,1670594400000,0.2170000000,0.2190000000,0.2160000000,0.2180000000,15788.7480850000,3422.2117730000,3422.2117730000,1,SRM-USDT
2022-12-09 23:00:00,1670598000000,0.2180000000,0.2200000000,0.2160000000,0.2170000000,43388.4343500000,9477.0610830000,9477.0610830000,1,SRM-USDT
2022-12-10 00:00:00,1670601600000,0.2170000000,0.2250000000,0.2150000000,0.2170000000,67913.6020900000,14761.9408060000,14761.9408060000,1,SRM-USDT
2022-12-10 01:00:00,1670605200000,0.2160000000,0.2160000000,0.2130000000,0.2140000000,26844.5947700000,5761.9655170000,5761.9655170000,1,SRM-USDT
2022-12-10 02:00:00,1670608800000,0.2140000000,0.2160000000,0.2110000000,0.2140000000,33758.3363070000,7209.3299290000,7209.3299290000,1,SRM-USDT
2022-12-10 03:00:00,1670612400000,0.2130000000,0.2130000000,0.2120000000,0.2130000000,8955.3400710000,1905.7434050000,1905.7434050000,1,SRM-USDT
2022-12-10 04:00:00,1670616000000,0.2120000000,0.2130000000,0.2120000000,0.2130000000,11477.8194110000,2444.3926070000,2444.3926070000,1,SRM-USDT
2022-12-10 05:00:00,1670619600000,0.2130000000,0.2130000000,0.2120000000,0.2120000000,7121.8284110000,1516.2057980000,1516.2057980000,1,SRM-USDT
2022-12-10 06:00:00,1670623200000,0.2130000000,0.2130000000,0.2120000000,0.2130000000,46478.9631740000,9899.2623840000,9899.2623840000,1,SRM-USDT
2022-12-10 07:00:00,1670626800000,0.2130000000,0.2130000000,0.2110000000,0.2130000000,75831.1990300000,16075.7627400000,16075.7627400000,1,SRM-USDT
2022-12-10 08:00:00,1670630400000,0.2140000000,0.2350000000,0.2130000000,0.2230000000,222880.7406610000,50320.0089950000,50320.0089950000,1,SRM-USDT
2022-12-10 09:00:00,1670634000000,0.2230000000,0.2240000000,0.2120000000,0.2150000000,193115.6808860000,41729.8450470000,41729.8450470000,1,SRM-USDT
2022-12-10 10:00:00,1670637600000,0.2150000000,0.2170000000,0.2130000000,0.2160000000,55801.9266800000,11960.5164200000,11960.5164200000,1,SRM-USDT
2022-12-10 11:00:00,1670641200000,0.2160000000,0.2180000000,0.2140000000,0.2150000000,45001.0682870000,9734.6266520000,9734.6266520000,1,SRM-USDT
2022-12-10 12:00:00,1670644800000,0.2150000000,0.2160000000,0.2130000000,0.2160000000,39574.0866750000,8489.9055590000,8489.9055590000,1,SRM-USDT
2022-12-10 13:00:00,1670648400000,0.2160000000,0.2190000000,0.2150000000,0.2180000000,23263.5052460000,5034.5324400000,5034.5324400000,1,SRM-USDT
2022-12-10 14:00:00,1670652000000,0.2170000000,0.2170000000,0.2140000000,0.2150000000,33395.0912740000,7190.8603960000,7190.8603960000,1,SRM-USDT
2022-12-10 15:00:00,1670655600000,0.2150000000,0.2160000000,0.2130000000,0.2140000000,72403.8161460000,15526.5078080000,15526.5078080000,1,SRM-USDT
2022-12-10 16:00:00,1670659200000,0.2140000000,0.2150000000,0.2130000000,0.2150000000,1945.5404350000,416.4182660000,416.4182660000,1,SRM-USDT
2022-12-10 17:00:00,1670662800000,0.2150000000,0.2150000000,0.2130000000,0.2140000000,13300.4174020000,2845.3859430000,2845.3859430000,1,SRM-USDT
2022-12-10 18:00:00,1670666400000,0.2140000000,0.2140000000,0.2130000000,0.2130000000,50827.1570460000,10848.3654660000,10848.3654660000,1,SRM-USDT
2022-12-10 19:00:00,1670670000000,0.2130000000,0.2140000000,0.2120000000,0.2130000000,35161.4369220000,7473.3026840000,7473.3026840000,1,SRM-USDT
2022-12-10 20:00:00,1670673600000,0.2130000000,0.2130000000,0.2120000000,0.2120000000,5842.8216260000,1241.0412370000,1241.0412370000,1,SRM-USDT
2022-12-10 21:00:00,1670677200000,0.2120000000,0.2140000000,0.2110000000,0.2130000000,45545.4532330000,9648.3714270000,9648.3714270000,1,SRM-USDT
2022-12-10 22:00:00,1670680800000,0.2130000000,0.2150000000,0.2130000000,0.2140000000,25071.5227140000,5358.8423990000,5358.8423990000,1,SRM-USDT
2022-12-10 23:00:00,1670684400000,0.2140000000,0.2150000000,0.2130000000,0.2150000000,15913.7868960000,3403.6913500000,3403.6913500000,1,SRM-USDT
2022-12-11 00:00:00,1670688000000,0.2140000000,0.2160000000,0.2140000000,0.2150000000,33102.5042920000,7117.5019670000,7117.5019670000,1,SRM-USDT
2022-12-11 01:00:00,1670691600000,0.2150000000,0.2200000000,0.2140000000,0.2160000000,100386.4367900000,21706.7020580000,21706.7020580000,1,SRM-USDT
2022-12-11 02:00:00,1670695200000,0.2160000000,0.2160000000,0.2110000000,0.2130000000,30729.3561260000,6556.5761140000,6556.5761140000,1,SRM-USDT
2022-12-11 03:00:00,1670698800000,0.2130000000,0.2130000000,0.2120000000,0.2120000000,3602.3189270000,765.8128000000,765.8128000000,1,SRM-USDT
2022-12-11 04:00:00,1670702400000,0.2120000000,0.2130000000,0.2110000000,0.2120000000,8113.4124830000,1716.1266520000,1716.1266520000,1,SRM-USDT
2022-12-11 05:00:00,1670706000000,0.2120000000,0.2130000000,0.2110000000,0.2130000000,13666.5477830000,2894.9875090000,2894.9875090000,1,SRM-USDT
2022-12-11 06:00:00,1670709600000,0.2130000000,0.2130000000,0.2100000000,0.2130000000,95649.3450220000,20355.0347650000,20355.0347650000,1,SRM-USDT
2022-12-11 07:00:00,1670713200000,0.2130000000,0.2140000000,0.2120000000,0.2130000000,9996.3398010000,2128.1210490000,2128.1210490000,1,SRM-USDT
2022-12-11 08:00:00,1670716800000,0.2120000000,0.2160000000,0.2120000000,0.2160000000,40288.3392340000,8627.8581650000,8627.8581650000,1,SRM-USDT
2022-12-11 09:00:00,1670720400000,0.2150000000,0.2300000000,0.2130000000,0.2130000000,420792.6286910000,93060.0982700000,93060.0982700000,1,SRM-USDT
2022-12-11 10:00:00,1670724000000,0.2140000000,0.2140000000,0.2120000000,0.2140000000,59501.0855830000,12683.9028620000,12683.9028620000,1,SRM-USDT
2022-12-11 11:00:00,1670727600000,0.2130000000,0.2130000000,0.2110000000,0.2120000000,147619.5297770000,31301.8480410000,31301.8480410000,1,SRM-USDT
2022-12-11 12:00:00,1670731200000,0.2120000000,0.2130000000,0.2110000000,0.2120000000,25459.3560560000,5397.2728930000,5397.2728930000,1,SRM-USDT
2022-12-11 13:00:00,1670734800000,0.2120000000,0.2150000000,0.2120000000,0.2140000000,26247.1904790000,5596.3652620000,5596.3652620000,1,SRM-USDT
2022-12-11 14:00:00,1670738400000,0.2140000000,0.2140000000,0.2120000000,0.2130000000,27447.4651340000,5860.4677310000,5860.4677310000,1,SRM-USDT
2022-12-11 15:00:00,1670742000000,0.2130000000,0.2130000000,0.2110000000,0.2120000000,30114.2851780000,6375.7319620000,6375.7319620000,1,SRM-USDT
2022-12-11 16:00:00,1670745600000,0.2120000000,0.2150000000,0.2120000000,0.2150000000,22844.0447830000,4886.0640330000,4886.0640330000,1,SRM-USDT
2022-12-11 17:00:00,1670749200000,0.2150000000,0.2220000000,0.2140000000,0.2170000000,209260.2080920000,45667.7964720000,45667.7964720000,1,SRM-USDT
2022-12-11 18:00:00,1670752800000,0.2170000000,0.2200000000,0.2160000000,0.2160000000,104906.5053370000,22856.7569060000,22856.7569060000,1,SRM-USDT
2022-12-11 19:00:00,1670756400000,0.2160000000,0.2290000000,0.2160000000,0.2210000000,268605.3276180000,59830.2977570000,59830.2977570000,1,SRM-USDT
2022-12-11 20:00:00,1670760000000,0.2210000000,0.2270000000,0.2160000000,0.2250000000,123751.1568360000,27506.3881540000,27506.3881540000,1,SRM-USDT
2022-12-11 21:00:00,1670763600000,0.2250000000,0.2300000000,0.2200000000,0.2230000000,307539.1905620000,69514.8422020000,69514.8422020000,1,SRM-USDT
2022-12-11 22:00:00,1670767200000,0.2240000000,0.2260000000,0.2180000000,0.2220000000,206428.5633460000,45679.7732680000,45679.7732680000,1,SRM-USDT
2022-12-11 23:00:00,1670770800000,0.2210000000,0.2260000000,0.2200000000,0.2250000000,85924.4952880000,19170.0696400000,19170.0696400000,1,SRM-USDT
2022-12-12 00:00:00,1670774400000,0.2250000000,0.2250000000,0.2210000000,0.2240000000,75951.5485700000,16914.9265920000,16914.9265920000,1,SRM-USDT
2022-12-12 01:00:00,1670778000000,0.2230000000,0.2320000000,0.2210000000,0.2280000000,189126.2088850000,42588.3393550000,42588.3393550000,1,SRM-USDT
2022-12-12 02:00:00,1670781600000,0.2280000000,0.2330000000,0.2230000000,0.2240000000,190680.8660780000,43487.4031480000,43487.4031480000,1,SRM-USDT
2022-12-12 03:00:00,1670785200000,0.2240000000,0.2320000000,0.2240000000,0.2260000000,217184.9031780000,49384.5880050000,49384.5880050000,1,SRM-USDT
2022-12-12 04:00:00,1670788800000,0.2260000000,0.2370000000,0.2240000000,0.2270000000,356457.9538380000,82007.8496950000,82007.8496950000,1,SRM-USDT
2022-12-12 05:00:00,1670792400000,0.2280000000,0.2310000000,0.2250000000,0.2280000000,60203.8878060000,13723.8097100000,13723.8097100000,1,SRM-USDT
2022-12-12 06:00:00,1670796000000,0.2270000000,0.2330000000,0.2250000000,0.2300000000,147192.1661390000,33573.3071720000,33573.3071720000,1,SRM-USDT
2022-12-12 07:00:00,1670799600000,0.2300000000,0.2480000000,0.2180000000,0.2240000000,1124832.3061090000,263159.8052130000,263159.8052130000,1,SRM-USDT
2022-12-12 08:00:00,1670803200000,0.2230000000,0.2260000000,0.2170000000,0.2190000000,191701.5158050000,42450.8906660000,42450.8906660000,1,SRM-USDT
2022-12-12 09:00:00,1670806800000,0.2180000000,0.2200000000,0.2180000000,0.2190000000,23922.4958910000,5223.5470490000,5223.5470490000,1,SRM-USDT
2022-12-12 10:00:00,1670810400000,0.2190000000,0.2210000000,0.2160000000,0.2160000000,55211.3544300000,12094.6198650000,12094.6198650000,1,SRM-USDT
2022-12-12 11:00:00,1670814000000,0.2160000000,0.2180000000,0.2150000000,0.2180000000,99628.8504460000,21545.6946230000,21545.6946230000,1,SRM-USDT
2022-12-12 12:00:00,1670817600000,0.2170000000,0.2330000000,0.2170000000,0.2320000000,502907.2226470000,113756.6246220000,113756.6246220000,1,SRM-USDT
2022-12-12 13:00:00,1670821200000,0.2330000000,0.2440000000,0.2250000000,0.2340000000,445929.5627430000,104388.6731960000,104388.6731960000,1,SRM-USDT
2022-12-12 14:00:00,1670824800000,0.2330000000,0.2350000000,0.2260000000,0.2340000000,68106.3663810000,15774.6171490000,15774.6171490000,1,SRM-USDT
2022-12-12 15:00:00,1670828400000,0.2330000000,0.2340000000,0.2270000000,0.2270000000,150521.1316950000,34541.1680910000,34541.1680910000,1,SRM-USDT
2022-12-12 16:00:00,1670832000000,0.2280000000,0.2320000000,0.2250000000,0.2280000000,95632.9814270000,21790.5758450000,21790.5758450000,1,SRM-USDT
2022-12-12 17:00:00,1670835600000,0.2280000000,0.2280000000,0.2260000000,0.2260000000,49639.6126390000,11235.8589000000,11235.8589000000,1,SRM-USDT
2022-12-12 18:00:00,1670839200000,0.2260000000,0.2280000000,0.2230000000,0.2270000000,57981.2115240000,13074.1044990000,13074.1044990000,1,SRM-USDT
2022-12-12 19:00:00,1670842800000,0.2270000000,0.2300000000,0.2260000000,0.2280000000,94246.0634010000,21548.9467300000,21548.9467300000,1,SRM-USDT
2022-12-12 20:00:00,1670846400000,0.2270000000,0.2280000000,0.2250000000,0.2250000000,103325.5062970000,23317.9658490000,23317.9658490000,1,SRM-USDT
2022-12-12 21:00:00,1670850000000,0.2250000000,0.2270000000,0.2220000000,0.2250000000,52042.9413370000,11685.1754850000,11685.1754850000,1,SRM-USDT
2022-12-12 22:00:00,1670853600000,0.2250000000,0.2330000000,0.2220000000,0.2290000000,135043.0478030000,30717.5852330000,30717.5852330000,1,SRM-USDT
2022-12-12 23:00:00,1670857200000,0.2290000000,0.2300000000,0.2270000000,0.2300000000,15286.7071650000,3486.4925210000,3486.4925210000,1,SRM-USDT
2022-12-13 00:00:00,1670860800000,0.2290000000,0.2290000000,0.2240000000,0.2260000000,13972.4850900000,3161.9264380000,3161.9264380000,1,SRM-USDT
2022-12-13 01:00:00,1670864400000,0.2250000000,0.2280000000,0.2250000000,0.2250000000,23907.6028330000,5430.6823020000,5430.6823020000,1,SRM-USDT
2022-12-13 02:00:00,1670868000000,0.2250000000,0.2260000000,0.2250000000,0.2260000000,6973.0702670000,1571.7386830000,1571.7386830000,1,SRM-USDT
2022-12-13 03:00:00,1670871600000,0.2260000000,0.2330000000,0.2260000000,0.2280000000,61802.6698590000,14210.7734980000,14210.7734980000,1,SRM-USDT
2022-12-13 04:00:00,1670875200000,0.2290000000,0.2310000000,0.2250000000,0.2300000000,26080.0493020000,5938.1129710000,5938.1129710000,1,SRM-USDT
2022-12-13 05:00:00,1670878800000,0.2300000000,0.2300000000,0.2250000000,0.2270000000,37677.8794260000,8568.2445050000,8568.2445050000,1,SRM-USDT
2022-12-13 06:00:00,1670882400000,0.2280000000,0.2300000000,0.2280000000,0.2300000000,48579.9256240000,11139.5366360000,11139.5366360000,1,SRM-USDT
2022-12-13 07:00:00,1670886000000,0.2300000000,0.2330000000,0.2170000000,0.2210000000,328751.3834320000,73676.6905050000,73676.6905050000,1,SRM-USDT
2022-12-13 08:00:00,1670889600000,0.2200000000,0.2210000000,0.2170000000,0.2170000000,95169.0677330000,20793.7331620000,20793.7331620000,1,SRM-USDT
2022-12-13 09:00:00,1670893200000,0.2180000000,0.2200000000,0.2170000000,0.2190000000,45812.5964120000,9983.4729190000,9983.4729190000,1,SRM-USDT
2022-12-13 10:00:00,1670896800000,0.2180000000,0.2190000000,0.2170000000,0.2170000000,26172.7373600000,5706.6105410000,5706.6105410000,1,SRM-USDT
2022-12-13 11:00:00,1670900400000,0.2170000000,0.2190000000,0.2170000000,0.2190000000,39400.3438300000,8588.0000070000,8588.0000070000,1,SRM-USDT
2022-12-13 12:00:00,1670904000000,0.2190000000,0.2190000000,0.2170000000,0.2180000000,20483.6222820000,4457.0190380000,4457.0190380000,1,SRM-USDT
2022-12-13 13:00:00,1670907600000,0.2170000000,0.2180000000,0.2170000000,0.2180000000,20334.6720450000,4416.0999230000,4416.0999230000,1,SRM-USDT
2022-12-13 14:00:00,1670911200000,0.2170000000,0.2190000000,0.2160000000,0.2160000000,28733.6747110000,6249.0610310000,6249.0610310000,1,SRM-USDT
2022-12-13 15:00:00,1670914800000,0.2160000000,0.2170000000,0.2080000000,0.2110000000,215936.2684700000,45740.5689430000,45740.5689430000,1,SRM-USDT
2022-12-13 16:00:00,1670918400000,0.2120000000,0.2130000000,0.2100000000,0.2130000000,24192.9082110000,5116.1677970000,5116.1677970000,1,SRM-USDT
2022-12-13 17:00:00,1670922000000,0.2130000000,0.2140000000,0.2130000000,0.2140000000,11439.1214760000,2446.4568890000,2446.4568890000,1,SRM-USDT
2022-12-13 18:00:00,1670925600000,0.2140000000,0.2160000000,0.2120000000,0.2160000000,12476.0225570000,2665.7322420000,2665.7322420000,1,SRM-USDT
2022-12-13 19:00:00,1670929200000,0.2150000000,0.2150000000,0.2110000000,0.2120000000,86629.2809750000,18395.2107190000,18395.2107190000,1,SRM-USDT
2022-12-13 20:00:00,1670932800000,0.2120000000,0.2130000000,0.2120000000,0.2120000000,22255.8212600000,4723.1483400000,4723.1483400000,1,SRM-USDT
2022-12-13 21:00:00,1670936400000,0.2120000000,0.2170000000,0.2120000000,0.2140000000,213967.0668300000,45970.7397030000,45970.7397030000,1,SRM-USDT
2022-12-13 22:00:00,1670940000000,0.2140000000,0.2170000000,0.2130000000,0.2160000000,61600.7644790000,13297.7207680000,13297.7207680000,1,SRM-USDT
2022-12-13 23:00:00,1670943600000,0.2160000000,0.2170000000,0.2150000000,0.2150000000,56908.8507420000,12249.8845330000,12249.8845330000,1,SRM-USDT
2022-12-14 00:00:00,1670947200000,0.2150000000,0.2200000000,0.2150000000,0.2170000000,32119.0286000000,6988.6435620000,6988.6435620000,1,SRM-USDT
2022-12-14 01:00:00,1670950800000,0.2170000000,0.2170000000,0.2150000000,0.2150000000,8774.7296460000,1894.9914750000,1894.9914750000,1,SRM-USDT
2022-12-14 02:00:00,1670954400000,0.2150000000,0.2160000000,0.2120000000,0.2150000000,21298.5837540000,4568.2566000000,4568.2566000000,1,SRM-USDT
2022-12-14 03:00:00,1670958000000,0.2150000000,0.2180000000,0.2150000000,0.2170000000,8993.6806350000,1952.3448760000,1952.3448760000,1,SRM-USDT
2022-12-14 04:00:00,1670961600000,0.2170000000,0.2170000000,0.2150000000,0.2160000000,17093.0501950000,3690.0302120000,3690.0302120000,1,SRM-USDT
2022-12-14 05:00:00,1670965200000,0.2150000000,0.2160000000,0.2150000000,0.2150000000,8384.6085230000,1809.5797400000,1809.5797400000,1,SRM-USDT
2022-12-14 06:00:00,1670968800000,0.2150000000,0.2160000000,0.2150000000,0.2160000000,60620.0559080000,13093.7986470000,13093.7986470000,1,SRM-USDT
2022-12-14 07:00:00,1670972400000,0.2160000000,0.2180000000,0.2140000000,0.2150000000,19607.7137340000,4219.5219830000,4219.5219830000,1,SRM-USDT
2022-12-14 08:00:00,1670976000000,0.2150000000,0.2170000000,0.2150000000,0.2150000000,20182.4620000000,4343.0014080000,4343.0014080000,1,SRM-USDT
2022-12-14 09:00:00,1670979600000,0.2150000000,0.2150000000,0.2130000000,0.2130000000,17386.8338790000,3714.8091080000,3714.8091080000,1,SRM-USDT
2022-12-14 10:00:00,1670983200000,0.2130000000,0.2150000000,0.2130000000,0.2150000000,34029.9019150000,7261.5132590000,7261.5132590000,1,SRM-USDT
2022-12-14 11:00:00,1670986800000,0.2140000000,0.2150000000,0.2140000000,0.2140000000,7867.5824500000,1683.8130520000,1683.8130520000,1,SRM-USDT
2022-12-14 12:00:00,1670990400000,0.2130000000,0.2130000000,0.2130000000,0.2130000000,3681.4958580000,784.1586180000,784.1586180000,1,SRM-USDT
2022-12-14 13:00:00,1670994000000,0.2130000000,0.2140000000,0.2130000000,0.2130000000,399.4981490000,85.1074610000,85.1074610000,1,SRM-USDT
2022-12-14 14:00:00,1670997600000,0.2130000000,0.2130000000,0.2130000000,0.2130000000,7811.8774600000,1663.9299000000,1663.9299000000,1,SRM-USDT
2022-12-14 15:00:00,1671001200000,0.2120000000,0.2130000000,0.2110000000,0.2110000000,38236.9129480000,8104.3597810000,8104.3597810000,1,SRM-USDT
2022-12-14 16:00:00,1671004800000,0.2110000000,0.2140000000,0.2110000000,0.2130000000,15209.5222110000,3237.6087640000,3237.6087640000,1,SRM-USDT
2022-12-14 17:00:00,1671008400000,0.2140000000,0.2140000000,0.2130000000,0.2140000000,1768.1187370000,378.2826800000,378.2826800000,1,SRM-USDT
2022-12-14 18:00:00,1671012000000,0.2140000000,0.2140000000,0.2110000000,0.2130000000,26549.3931410000,5626.3805690000,5626.3805690000,1,SRM-USDT
2022-12-14 19:00:00,1671015600000,0.2130000000,0.2160000000,0.2120000000,0.2150000000,28793.3118200000,6181.4679270000,6181.4679270000,1,SRM-USDT
2022-12-14 20:00:00,1671019200000,0.2150000000,0.2150000000,0.2130000000,0.2130000000,10259.1591690000,2194.3506210000,2194.3506210000,1,SRM-USDT
2022-12-14 21:00:00,1671022800000,0.2130000000,0.2140000000,0.2130000000,0.2140000000,9845.4595090000,2103.0704350000,2103.0704350000,1,SRM-USDT
2022-12-14 22:00:00,1671026400000,0.2140000000,0.2160000000,0.2130000000,0.2150000000,12203.9398240000,2614.2309930000,2614.2309930000,1,SRM-USDT
2022-12-14 23:00:00,1671030000000,0.2140000000,0.2150000000,0.2140000000,0.2150000000,3736.2705680000,801.8592910000,801.8592910000,1,SRM-USDT
2022-12-15 00:00:00,1671033600000,0.2150000000,0.2230000000,0.2150000000,0.2160000000,157110.7514520000,34481.4139150000,34481.4139150000,1,SRM-USDT
2022-12-15 01:00:00,1671037200000,0.2160000000,0.2160000000,0.2120000000,0.2140000000,109060.8692160000,23276.1955550000,23276.1955550000,1,SRM-USDT
2022-12-15 02:00:00,1671040800000,0.2140000000,0.2150000000,0.2120000000,0.2140000000,96026.3609310000,20482.6793510000,20482.6793510000,1,SRM-USDT
2022-12-15 03:00:00,1671044400000,0.2140000000,0.2140000000,0.2110000000,0.2130000000,11412.9235430000,2423.1713190000,2423.1713190000,1,SRM-USDT
2022-12-15 04:00:00,1671048000000,0.2120000000,0.2140000000,0.2120000000,0.2120000000,13211.1381080000,2808.2058620000,2808.2058620000,1,SRM-USDT
2022-12-15 05:00:00,1671051600000,0.2130000000,0.2170000000,0.2130000000,0.2140000000,22574.2568390000,4838.6798590000,4838.6798590000,1,SRM-USDT
2022-12-15 06:00:00,1671055200000,0.2130000000,0.2130000000,0.2130000000,0.2130000000,3256.4199420000,693.6174480000,693.6174480000,1,SRM-USDT
2022-12-15 07:00:00,1671058800000,0.2130000000,0.2160000000,0.2120000000,0.2140000000,26097.1924190000,5575.4802900000,5575.4802900000,1,SRM-USDT
2022-12-15 08:00:00,1671062400000,0.2130000000,0.2140000000,0.2110000000,0.2120000000,25968.4477720000,5502.0163860000,5502.0163860000,1,SRM-USDT
2022-12-15 09:00:00,1671066000000,0.2120000000,0.2130000000,0.2090000000,0.2090000000,56076.8086790000,11791.3392340000,11791.3392340000,1,SRM-USDT
2022-12-15 10:00:00,1671069600000,0.2090000000,0.2100000000,0.2080000000,0.2080000000,20119.7192860000,4193.8383230000,4193.8383230000,1,SRM-USDT
2022-12-15 11:00:00,1671073200000,0.2080000000,0.2090000000,0.2070000000,0.2090000000,28267.8727200000,5883.1604880000,5883.1604880000,1,SRM-USDT
2022-12-15 12:00:00,1671076800000,0.2090000000,0.2100000000,0.2080000000,0.2090000000,14606.2456980000,3051.8248590000,3051.8248590000,1,SRM-USDT
2022-12-15 13:00:00,1671080400000,0.2080000000,0.2080000000,0.2050000000,0.2060000000,29626.6890150000,6116.2622400000,6116.2622400000,1,SRM-USDT
2022-12-15 14:00:00,1671084000000,0.2060000000,0.2070000000,0.2060000000,0.2060000000,19132.4273170000,3950.4783080000,3950.4783080000,1,SRM-USDT
2022-12-15 15:00:00,1671087600000,0.2060000000,0.2060000000,0.2050000000,0.2060000000,6349.8593180000,1307.7135520000,1307.7135520000,1,SRM-USDT
2022-12-15 16:00:00,1671091200000,0.2060000000,0.2060000000,0.2050000000,0.2050000000,2319.1130920000,476.5322000000,476.5322000000,1,SRM-USDT
2022-12-15 17:00:00,1671094800000,0.2060000000,0.2060000000,0.2040000000,0.2050000000,7240.1786530000,1484.1085700000,1484.1085700000,1,SRM-USDT
2022-12-15 18:00:00,1671098400000,0.2050000000,0.2070000000,0.2050000000,0.2070000000,16918.9116750000,3484.0857530000,3484.0857530000,1,SRM-USDT
2022-12-15 19:00:00,1671102000000,0.2070000000,0.2090000000,0.2040000000,0.2090000000,32389.6575780000,6688.3009850000,6688.3009850000,1,SRM-USDT
2022-12-15 20:00:00,1671105600000,0.2090000000,0.2100000000,0.2070000000,0.2100000000,25684.4942250000,5355.7037240000,5355.7037240000,1,SRM-USDT
2022-12-15 21:00:00,1671109200000,0.2090000000,0.2140000000,0.2080000000,0.2110000000,62665.2529010000,13211.2057100000,13211.2057100000,1,SRM-USDT
2022-12-15 22:00:00,1671112800000,0.2110000000,0.2130000000,0.2090000000,0.2090000000,71591.6468230000,15154.0424070000,15154.0424070000,1,SRM-USDT
2022-12-15 23:00:00,1671116400000,0.2100000000,0.2100000000,0.2070000000,0.2080000000,7811.3592740000,1624.9125870000,1624.9125870000,1,SRM-USDT
2022-12-16 00:00:00,1671120000000,0.2080000000,0.2080000000,0.2070000000,0.2080000000,2262.4916170000,469.4402950000,469.4402950000,1,SRM-USDT
2022-12-16 01:00:00,1671123600000,0.2080000000,0.2080000000,0.2070000000,0.2080000000,5201.3066420000,1079.6056060000,1079.6056060000,1,SRM-USDT
2022-12-16 02:00:00,1671127200000,0.2070000000,0.2080000000,0.2070000000,0.2070000000,3765.6926980000,779.6984280000,779.6984280000,1,SRM-USDT
2022-12-16 03:00:00,1671130800000,0.2070000000,0.2080000000,0.2050000000,0.2050000000,7419.8947420000,1524.5532100000,1524.5532100000,1,SRM-USDT
2022-12-16 04:00:00,1671134400000,0.2060000000,0.2080000000,0.2060000000,0.2070000000,17092.4555590000,3531.8922770000,3531.8922770000,1,SRM-USDT
2022-12-16 05:00:00,1671138000000,0.2070000000,0.2080000000,0.2070000000,0.2080000000,7615.0626950000,1579.8161920000,1579.8161920000,1,SRM-USDT
2022-12-16 06:00:00,1671141600000,0.2080000000,0.2080000000,0.2070000000,0.2080000000,35792.0723140000,7444.5555800000,7444.5555800000,1,SRM-USDT
2022-12-16 07:00:00,1671145200000,0.2080000000,0.2080000000,0.2080000000,0.2080000000,15151.3939370000,3151.4899400000,3151.4899400000,1,SRM-USDT
2022-12-16 08:00:00,1671148800000,0.2080000000,0.2080000000,0.2050000000,0.2050000000,144749.4172940000,29805.8983040000,29805.8983040000,1,SRM-USDT
2022-12-16 09:00:00,1671152400000,0.2060000000,0.2080000000,0.2060000000,0.2080000000,9188.4952610000,1902.4749920000,1902.4749920000,1,SRM-USDT
2022-12-16 10:00:00,1671156000000,0.2070000000,0.2080000000,0.2070000000,0.2070000000,18453.8955900000,3824.0700620000,3824.0700620000,1,SRM-USDT
2022-12-16 11:00:00,1671159600000,0.2070000000,0.2070000000,0.2060000000,0.2060000000,7317.1111220000,1513.8905760000,1513.8905760000,1,SRM-USDT
2022-12-16 12:00:00,1671163200000,0.2060000000,0.2060000000,0.2060000000,0.2060000000,1341.8079730000,276.4124410000,276.4124410000,1,SRM-USDT
2022-12-16 13:00:00,1671166800000,0.2060000000,0.2070000000,0.2060000000,0.2060000000,8620.4772390000,1778.5703420000,1778.5703420000,1,SRM-USDT
2022-12-16 14:00:00,1671170400000,0.2070000000,0.2090000000,0.2060000000,0.2070000000,27172.3715590000,5647.3378970000,5647.3378970000,1,SRM-USDT
2022-12-16 15:00:00,1671174000000,0.2070000000,0.2090000000,0.2070000000,0.2090000000,3458.8004960000,717.0732030000,717.0732030000,1,SRM-USDT
2022-12-16 16:00:00,1671177600000,0.2080000000,0.2090000000,0.2070000000,0.2070000000,8611.8916150000,1790.9528400000,1790.9528400000,1,SRM-USDT
2022-12-16 17:00:00,1671181200000,0.2060000000,0.2060000000,0.1850000000,0.1900000000,212517.0114020000,41165.2369900000,41165.2369900000,1,SRM-USDT
2022-12-16 18:00:00,1671184800000,0.1900000000,0.1970000000,0.1890000000,0.1920000000,101665.5227870000,19584.4660250000,19584.4660250000,1,SRM-USDT
2022-12-16 19:00:00,1671188400000,0.1920000000,0.1940000000,0.1910000000,0.1930000000,29461.0426710000,5680.5391870000,5680.5391870000,1,SRM-USDT
2022-12-16 20:00:00,1671192000000,0.1930000000,0.1950000000,0.1900000000,0.1950000000,31493.2274910000,6095.0750930000,6095.0750930000,1,SRM-USDT
2022-12-16 21:00:00,1671195600000,0.1940000000,0.2020000000,0.1930000000,0.1940000000,56907.0204340000,11139.3767550000,11139.3767550000,1,SRM-USDT
2022-12-16 22:00:00,1671199200000,0.1940000000,0.1970000000,0.1920000000,0.1960000000,60011.5097020000,11657.6963730000,11657.6963730000,1,SRM-USDT
2022-12-16 23:00:00,1671202800000,0.1960000000,0.2000000000,0.1930000000,0.1940000000,47882.5731010000,9420.9616420000,9420.9616420000,1,SRM-USDT
2022-12-17 00:00:00,1671206400000,0.1940000000,0.1940000000,0.1880000000,0.1910000000,47894.5007070000,9150.7526300000,9150.7526300000,1,SRM-USDT
2022-12-17 01:00:00,1671210000000,0.1900000000,0.1940000000,0.1900000000,0.1930000000,37868.5443930000,7264.8154760000,7264.8154760000,1,SRM-USDT
2022-12-17 02:00:00,1671213600000,0.1920000000,0.1920000000,0.1900000000,0.1910000000,5660.4142560000,1082.2447830000,1082.2447830000,1,SRM-USDT
2022-12-17 03:00:00,1671217200000,0.1910000000,0.1920000000,0.1890000000,0.1920000000,68743.2892490000,13023.6867280000,13023.6867280000,1,SRM-USDT
2022-12-17 04:00:00,1671220800000,0.1920000000,0.1960000000,0.1920000000,0.1950000000,7834.4831490000,1515.9636480000,1515.9636480000,1,SRM-USDT
2022-12-17 05:00:00,1671224400000,0.1950000000,0.1950000000,0.1940000000,0.1940000000,7417.4710290000,1444.0081800000,1444.0081800000,1,SRM-USDT
2022-12-17 06:00:00,1671228000000,0.1930000000,0.1930000000,0.1790000000,0.1840000000,166402.6533090000,31148.7456120000,31148.7456120000,1,SRM-USDT
2022-12-17 07:00:00,1671231600000,0.1840000000,0.1840000000,0.1700000000,0.1740000000,162522.7341320000,28363.6594580000,28363.6594580000,1,SRM-USDT
2022-12-17 08:00:00,1671235200000,0.1730000000,0.1760000000,0.1720000000,0.1740000000,37619.8489090000,6567.3358490000,6567.3358490000,1,SRM-USDT
2022-12-17 09:00:00,1671238800000,0.1730000000,0.1730000000,0.1670000000,0.1670000000,91467.0557740000,15477.0618710000,15477.0618710000,1,SRM-USDT
2022-12-17 10:00:00,1671242400000,0.1680000000,0.1690000000,0.1570000000,0.1620000000,127867.3377550000,20561.4813690000,20561.4813690000,1,SRM-USDT
2022-12-17 11:00:00,1671246000000,0.1610000000,0.1660000000,0.1610000000,0.1650000000,34072.3688440000,5567.7101360000,5567.7101360000,1,SRM-USDT
2022-12-17 12:00:00,1671249600000,0.1650000000,0.1700000000,0.1560000000,0.1640000000,524446.8059070000,85297.2812610000,85297.2812610000,1,SRM-USDT
2022-12-17 13:00:00,1671253200000,0.1630000000,0.1670000000,0.1610000000,0.1650000000,29751.7883320000,4879.9748850000,4879.9748850000,1,SRM-USDT
2022-12-17 14:00:00,1671256800000,0.1650000000,0.1700000000,0.1640000000,0.1670000000,20748.2546090000,3460.6878810000,3460.6878810000,1,SRM-USDT
2022-12-17 15:00:00,1671260400000,0.1670000000,0.1690000000,0.1660000000,0.1690000000,49392.3364580000,8282.7485690000,8282.7485690000,1,SRM-USDT
2022-12-17 16:00:00,1671264000000,0.1680000000,0.1700000000,0.1680000000,0.1700000000,6703.4401580000,1130.3730640000,1130.3730640000,1,SRM-USDT
2022-12-17 17:00:00,1671267600000,0.1690000000,0.1720000000,0.1690000000,0.1690000000,20027.7933270000,3414.5564770000,3414.5564770000,1,SRM-USDT
2022-12-17 18:00:00,1671271200000,0.1700000000,0.1700000000,0.1670000000,0.1680000000,16702.3108830000,2799.5568180000,2799.5568180000,1,SRM-USDT
2022-12-17 19:00:00,1671274800000,0.1680000000,0.1690000000,0.1670000000,0.1670000000,16615.7633170000,2786.1639940000,2786.1639940000,1,SRM-USDT
2022-12-17 20:00:00,1671278400000,0.1680000000,0.1720000000,0.1670000000,0.1720000000,32120.8866400000,5474.5461770000,5474.5461770000,1,SRM-USDT
2022-12-17 21:00:00,1671282000000,0.1710000000,0.1720000000,0.1710000000,0.1710000000,5928.8538580000,1016.6545640000,1016.6545640000,1,SRM-USDT
2022-12-17 22:00:00,1671285600000,0.1700000000,0.1700000000,0.1690000000,0.1690000000,12009.0735230000,2040.2528550000,2040.2528550000,1,SRM-USDT
2022-12-17 23:00:00,1671289200000,0.1680000000,0.1710000000,0.1680000000,0.1690000000,33725.0298970000,5721.8503760000,5721.8503760000,1,SRM-USDT
2022-12-18 00:00:00,1671292800000,0.1680000000,0.1690000000,0.1680000000,0.1690000000,3520.6777480000,594.4341240000,594.4341240000,1,SRM-USDT
2022-12-18 01:00:00,1671296400000,0.1700000000,0.1730000000,0.1700000000,0.1700000000,10890.4556080000,1867.7217630000,1867.7217630000,1,SRM-USDT
2022-12-18 02:00:00,1671300000000,0.1700000000,0.1710000000,0.1690000000,0.1710000000,5340.8431940000,908.8257590000,908.8257590000,1,SRM-USDT
2022-12-18 03:00:00,1671303600000,0.1720000000,0.1720000000,0.1710000000,0.1710000000,515.6420690000,88.3156070000,88.3156070000,1,SRM-USDT
2022-12-18 04:00:00,1671307200000,0.1710000000,0.1720000000,0.1710000000,0.1710000000,6892.5635590000,1183.6832940000,1183.6832940000,1,SRM-USDT
2022-12-18 05:00:00,1671310800000,0.1710000000,0.1720000000,0.1710000000,0.1710000000,1217.5011480000,208.2529410000,208.2529410000,1,SRM-USDT
2022-12-18 06:00:00,1671314400000,0.1710000000,0.1730000000,0.1710000000,0.1730000000,20684.7966090000,3556.9884720000,3556.9884720000,1,SRM-USDT
2022-12-18 07:00:00,1671318000000,0.1730000000,0.1750000000,0.1720000000,0.1730000000,228399.9246910000,39523.3627760000,39523.3627760000,1,SRM-USDT
2022-12-18 08:00:00,1671321600000,0.1730000000,0.1790000000,0.1730000000,0.1770000000,73368.8860310000,12791.2250060000,12791.2250060000,1,SRM-USDT
2022-12-18 09:00:00,1671325200000,0.1770000000,0.1780000000,0.1760000000,0.1780000000,29253.3193370000,5181.9019450000,5181.9019450000,1,SRM-USDT
2022-12-18 10:00:00,1671328800000,0.1780000000,0.1780000000,0.1770000000,0.1770000000,4343.7581190000,772.8909290000,772.8909290000,1,SRM-USDT
2022-12-18 11:00:00,1671332400000,0.1780000000,0.1790000000,0.1770000000,0.1770000000,20714.3420300000,3695.7894200000,3695.7894200000,1,SRM-USDT
2022-12-18 12:00:00,1671336000000,0.1770000000,0.1790000000,0.1770000000,0.1770000000,7911.9293200000,1412.5652480000,1412.5652480000,1,SRM-USDT
2022-12-18 13:00:00,1671339600000,0.1770000000,0.1780000000,0.1750000000,0.1770000000,6467.3539330000,1139.3713210000,1139.3713210000,1,SRM-USDT
2022-12-18 14:00:00,1671343200000,0.1770000000,0.1770000000,0.1770000000,0.1770000000,0.0000000000,0.0000000000,0.0000000000,1,SRM-USDT
2022-12-18 15:00:00,1671346800000,0.1770000000,0.1770000000,0.1770000000,0.1770000000,0.0000000000,0.0000000000,0.0000000000,1,SRM-USDT
2022-12-18 16:00:00,1671350400000,0.1770000000,0.1770000000,0.1770000000,0.1770000000,0.0000000000,0.0000000000,0.0000000000,1,SRM-USDT
2022-12-18 17:00:00,1671354000000,0.1770000000,0.1770000000,0.1770000000,0.1770000000,0.0000000000,0.0000000000,0.0000000000,1,SRM-USDT
2022-12-18 18:00:00,1671357600000,0.1770000000,0.1770000000,0.1770000000,0.1770000000,0.0000000000,0.0000000000,0.0000000000,1,SRM-USDT
2022-12-18 19:00:00,1671361200000,0.1770000000,0.1770000000,0.1770000000,0.1770000000,0.0000000000,0.0000000000,0.0000000000,1,SRM-USDT
2022-12-18 20:00:00,1671364800000,0.1770000000,0.1770000000,0.1770000000,0.1770000000,0.0000000000,0.0000000000,0.0000000000,1,SRM-USDT
2022-12-18 21:00:00,1671368400000,0.1770000000,0.1770000000,0.1770000000,0.1770000000,0.0000000000,0.0000000000,0.0000000000,1,SRM-USDT
2022-12-18 22:00:00,1671372000000,0.1770000000,0.1770000000,0.1770000000,0.1770000000,0.0000000000,0.0000000000,0.0000000000,1,SRM-USDT
2022-12-18 23:00:00,1671375600000,0.1770000000,0.1770000000,0.1770000000,0.1770000000,0.0000000000,0.0000000000,0.0000000000,1,SRM-USDT
2022-12-19 00:00:00,1671379200000,0.1770000000,0.1770000000,0.1770000000,0.1770000000,0.0000000000,0.0000000000,0.0000000000,1,SRM-USDT
2022-12-19 01:00:00,1671382800000,0.1770000000,0.1770000000,0.1770000000,0.1770000000,0.0000000000,0.0000000000,0.0000000000,1,SRM-USDT
2022-12-19 02:00:00,1671386400000,0.1750000000,0.1770000000,0.1710000000,0.1720000000,25217.0935310000,4376.2120610000,4376.2120610000,1,SRM-USDT
2022-12-19 03:00:00,1671390000000,0.1730000000,0.1740000000,0.1720000000,0.1720000000,10933.0199900000,1888.3401940000,1888.3401940000,1,SRM-USDT
2022-12-19 04:00:00,1671393600000,0.1730000000,0.1730000000,0.1720000000,0.1730000000,3904.4777210000,673.2454090000,673.2454090000,1,SRM-USDT
2022-12-19 05:00:00,1671397200000,0.1730000000,0.1730000000,0.1710000000,0.1720000000,23376.0621380000,4019.1444640000,4019.1444640000,1,SRM-USDT
2022-12-19 06:00:00,1671400800000,0.1720000000,0.1730000000,0.1720000000,0.1730000000,49121.0147470000,8494.3643330000,8494.3643330000,1,SRM-USDT
2022-12-19 07:00:00,1671404400000,0.1730000000,0.1750000000,0.1720000000,0.1720000000,343103.8239090000,59343.6296440000,59343.6296440000,1,SRM-USDT
2022-12-19 08:00:00,1671408000000,0.1720000000,0.1720000000,0.1710000000,0.1720000000,6120.6383960000,1050.4479420000,1050.4479420000,1,SRM-USDT
2022-12-19 09:00:00,1671411600000,0.1730000000,0.1740000000,0.1720000000,0.1740000000,5815.2515520000,1007.7517140000,1007.7517140000,1,SRM-USDT
2022-12-19 10:00:00,1671415200000,0.1730000000,0.1740000000,0.1710000000,0.1720000000,16163.7242060000,2793.1748200000,2793.1748200000,1,SRM-USDT
2022-12-19 11:00:00,1671418800000,0.1710000000,0.1720000000,0.1690000000,0.1690000000,31615.7166810000,5379.7059390000,5379.7059390000,1,SRM-USDT
2022-12-19 12:00:00,1671422400000,0.1680000000,0.1730000000,0.1680000000,0.1700000000,21038.4585150000,3571.3835410000,3571.3835410000,1,SRM-USDT
2022-12-19 13:00:00,1671426000000,0.1690000000,0.1690000000,0.1660000000,0.1660000000,37654.9886170000,6299.7046470000,6299.7046470000,1,SRM-USDT
2022-12-19 14:00:00,1671429600000,0.1660000000,0.1670000000,0.1640000000,0.1670000000,13193.7218470000,2185.9177630000,2185.9177630000,1,SRM-USDT
2022-12-19 15:00:00,1671433200000,0.1680000000,0.1690000000,0.1670000000,0.1670000000,9809.5115080000,1644.3663150000,1644.3663150000,1,SRM-USDT
2022-12-19 16:00:00,1671436800000,0.1670000000,0.1690000000,0.1670000000,0.1690000000,16356.6363320000,2747.6340180000,2747.6340180000,1,SRM-USDT
2022-12-19 17:00:00,1671440400000,0.1690000000,0.1700000000,0.1680000000,0.1680000000,40359.4424260000,6810.2497320000,6810.2497320000,1,SRM-USDT
2022-12-19 18:00:00,1671444000000,0.1680000000,0.1690000000,0.1680000000,0.1680000000,20542.2600770000,3461.6101430000,3461.6101430000,1,SRM-USDT
2022-12-19 19:00:00,1671447600000,0.1680000000,0.1680000000,0.1670000000,0.1680000000,30845.6039770000,5179.3699280000,5179.3699280000,1,SRM-USDT
2022-12-19 20:00:00,1671451200000,0.1680000000,0.1680000000,0.1650000000,0.1680000000,25474.5762660000,4250.3739400000,4250.3739400000,1,SRM-USDT
2022-12-19 21:00:00,1671454800000,0.1680000000,0.1680000000,0.1660000000,0.1670000000,5824.4437180000,971.7938090000,971.7938090000,1,SRM-USDT
2022-12-19 22:00:00,1671458400000,0.1660000000,0.1660000000,0.1640000000,0.1640000000,28487.7348350000,4689.1921840000,4689.1921840000,1,SRM-USDT
2022-12-19 23:00:00,1671462000000,0.1640000000,0.1660000000,0.1640000000,0.1660000000,9981.5776840000,1642.0987180000,1642.0987180000,1,SRM-USDT
2022-12-20 00:00:00,1671465600000,0.1660000000,0.1660000000,0.1600000000,0.1620000000,24064.5375020000,3913.3226970000,3913.3226970000,1,SRM-USDT
2022-12-20 01:00:00,1671469200000,0.1610000000,0.1610000000,0.1590000000,0.1600000000,21949.4307240000,3512.5979320000,3512.5979320000,1,SRM-USDT
2022-12-20 02:00:00,1671472800000,0.1600000000,0.1600000000,0.1520000000,0.1570000000,72193.7702060000,11260.8046830000,11260.8046830000,1,SRM-USDT
2022-12-20 03:00:00,1671476400000,0.1560000000,0.1590000000,0.1560000000,0.1570000000,53093.3681240000,8322.6405100000,8322.6405100000,1,SRM-USDT
2022-12-20 04:00:00,1671480000000,0.1570000000,0.1660000000,0.1570000000,0.1620000000,52648.2353150000,8484.1843010000,8484.1843010000,1,SRM-USDT
2022-12-20 05:00:00,1671483600000,0.1610000000,0.1620000000,0.1610000000,0.1610000000,10197.4433240000,1641.8221600000,1641.8221600000,1,SRM-USDT
2022-12-20 06:00:00,1671487200000,0.1610000000,0.1610000000,0.1570000000,0.1580000000,302193.1072030000,47870.8500570000,47870.8500570000,1,SRM-USDT
2022-12-20 07:00:00,1671490800000,0.1570000000,0.1660000000,0.1560000000,0.1630000000,448790.2126780000,72662.1018310000,72662.1018310000,1,SRM-USDT
2022-12-20 08:00:00,1671494400000,0.1630000000,0.1630000000,0.1590000000,0.1590000000,18246.1107070000,2958.2892090000,2958.2892090000,1,SRM-USDT
2022-12-20 09:00:00,1671498000000,0.1590000000,0.1590000000,0.1540000000,0.1580000000,63426.7992320000,9916.2108910000,9916.2108910000,1,SRM-USDT
2022-12-20 10:00:00,1671501600000,0.1580000000,0.1590000000,0.1530000000,0.1570000000,220322.7472910000,34270.3169060000,34270.3169060000,1,SRM-USDT
2022-12-20 11:00:00,1671505200000,0.1570000000,0.1580000000,0.1570000000,0.1570000000,3829.1077780000,602.3222610000,602.3222610000,1,SRM-USDT
2022-12-20 12:00:00,1671508800000,0.1570000000,0.1620000000,0.1570000000,0.1620000000,19445.1207450000,3078.3444780000,3078.3444780000,1,SRM-USDT
2022-12-20 13:00:00,1671512400000,0.1610000000,0.1610000000,0.1610000000,0.1610000000,5453.1874110000,877.9631730000,877.9631730000,1,SRM-USDT
2022-12-20 14:00:00,1671516000000,0.1600000000,0.1610000000,0.1600000000,0.1610000000,6982.7916170000,1120.3408600000,1120.3408600000,1,SRM-USDT
2022-12-20 15:00:00,1671519600000,0.1610000000,0.1610000000,0.1600000000,0.1610000000,12219.5513340000,1962.6955400000,1962.6955400000,1,SRM-USDT
2022-12-20 16:00:00,1671523200000,0.1610000000,0.1610000000,0.1610000000,0.1610000000,5092.6051310000,819.9094260000,819.9094260000,1,SRM-USDT
2022-12-20 17:00:00,1671526800000,0.1600000000,0.1610000000,0.1590000000,0.1590000000,15697.3276950000,2508.7927880000,2508.7927880000,1,SRM-USDT
2022-12-20 18:00:00,1671530400000,0.1590000000,0.1610000000,0.1590000000,0.1590000000,20060.6468650000,3212.9499410000,3212.9499410000,1,SRM-USDT
2022-12-20 19:00:00,1671534000000,0.1590000000,0.1600000000,0.1580000000,0.1590000000,9019.6550240000,1432.6880120000,1432.6880120000,1,SRM-USDT
2022-12-20 20:00:00,1671537600000,0.1580000000,0.1590000000,0.1580000000,0.1590000000,4050.2082160000,643.8496190000,643.8496190000,1,SRM-USDT
2022-12-20 21:00:00,1671541200000,0.1590000000,0.1600000000,0.1590000000,0.1600000000,15472.6353160000,2475.4890240000,2475.4890240000,1,SRM-USDT
2022-12-20 22:00:00,1671544800000,0.1610000000,0.1610000000,0.1590000000,0.1590000000,5151.3606330000,822.0087030000,822.0087030000,1,SRM-USDT
2022-12-20 23:00:00,1671548400000,0.1600000000,0.1600000000,0.1590000000,0.1600000000,4486.6500890000,713.9524490000,713.9524490000,1,SRM-USDT
2022-12-21 00:00:00,1671552000000,0.1600000000,0.1600000000,0.1580000000,0.1590000000,29255.1234160000,4672.1856850000,4672.1856850000,1,SRM-USDT
2022-12-21 01:00:00,1671555600000,0.1590000000,0.1590000000,0.1570000000,0.1570000000,6207.7699290000,983.5654110000,983.5654110000,1,SRM-USDT
2022-12-21 02:00:00,1671559200000,0.1580000000,0.1580000000,0.1570000000,0.1580000000,11026.2794070000,1741.7929840000,1741.7929840000,1,SRM-USDT
2022-12-21 03:00:00,1671562800000,0.1580000000,0.1590000000,0.1560000000,0.1590000000,30843.5857120000,4865.0082560000,4865.0082560000,1,SRM-USDT
2022-12-21 04:00:00,1671566400000,0.1590000000,0.1600000000,0.1590000000,0.1590000000,69303.3306970000,11020.2358850000,11020.2358850000,1,SRM-USDT
2022-12-21 05:00:00,1671570000000,0.1590000000,0.1680000000,0.1590000000,0.1650000000,51033.3390420000,8436.8725350000,8436.8725350000,1,SRM-USDT
2022-12-21 06:00:00,1671573600000,0.1640000000,0.1730000000,0.1600000000,0.1680000000,132649.3364000000,21643.5690210000,21643.5690210000,1,SRM-USDT
2022-12-21 07:00:00,1671577200000,0.1670000000,0.1670000000,0.1620000000,0.1630000000,50140.7916400000,8208.2076900000,8208.2076900000,1,SRM-USDT
2022-12-21 08:00:00,1671580800000,0.1630000000,0.1830000000,0.1630000000,0.1810000000,257275.4871690000,44599.7998330000,44599.7998330000,1,SRM-USDT
2022-12-21 09:00:00,1671584400000,0.1820000000,0.1960000000,0.1700000000,0.1720000000,409616.8876820000,72708.8276830000,72708.8276830000,1,SRM-USDT
2022-12-21 10:00:00,1671588000000,0.1710000000,0.1780000000,0.1690000000,0.1730000000,123313.5223980000,21339.7729100000,21339.7729100000,1,SRM-USDT
2022-12-21 11:00:00,1671591600000,0.1730000000,0.1760000000,0.1670000000,0.1680000000,209664.3717640000,35898.0011810000,35898.0011810000,1,SRM-USDT
2022-12-21 12:00:00,1671595200000,0.1690000000,0.1700000000,0.1670000000,0.1680000000,66054.2795740000,11096.6259540000,11096.6259540000,1,SRM-USDT
2022-12-21 13:00:00,1671598800000,0.1670000000,0.1840000000,0.1650000000,0.1740000000,273572.5121900000,48284.6942900000,48284.6942900000,1,SRM-USDT
2022-12-21 14:00:00,1671602400000,0.1750000000,0.1800000000,0.1660000000,0.1680000000,173577.0882900000,29620.1757480000,29620.1757480000,1,SRM-USDT
2022-12-21 15:00:00,1671606000000,0.1670000000,0.1710000000,0.1670000000,0.1680000000,53376.9387420000,9024.3449010000,9024.3449010000,1,SRM-USDT
2022-12-21 16:00:00,1671609600000,0.1680000000,0.1770000000,0.1670000000,0.1690000000,117541.5304290000,20142.0894890000,20142.0894890000,1,SRM-USDT
2022-12-21 17:00:00,1671613200000,0.1690000000,0.1770000000,0.1690000000,0.1720000000,85450.5944550000,14758.7157210000,14758.7157210000,1,SRM-USDT
2022-12-21 18:00:00,1671616800000,0.1710000000,0.1730000000,0.1690000000,0.1720000000,51545.2057920000,8795.3074260000,8795.3074260000,1,SRM-USDT
2022-12-21 19:00:00,1671620400000,0.1710000000,0.1710000000,0.1700000000,0.1710000000,17092.1574040000,2921.2589160000,2921.2589160000,1,SRM-USDT
2022-12-21 20:00:00,1671624000000,0.1710000000,0.1750000000,0.1700000000,0.1700000000,77229.2147770000,13314.2814690000,13314.2814690000,1,SRM-USDT
2022-12-21 21:00:00,1671627600000,0.1700000000,0.1710000000,0.1670000000,0.1680000000,25199.6782040000,4258.3880580000,4258.3880580000,1,SRM-USDT
2022-12-21 22:00:00,1671631200000,0.1690000000,0.1700000000,0.1680000000,0.1690000000,33674.8588100000,5697.4908720000,5697.4908720000,1,SRM-USDT
2022-12-21 23:00:00,1671634800000,0.1680000000,0.1680000000,0.1570000000,0.1590000000,273344.2093970000,43976.7771000000,43976.7771000000,1,SRM-USDT
2022-12-22 00:00:00,1671638400000,0.1590000000,0.1600000000,0.1580000000,0.1600000000,48617.8761080000,7717.1964920000,7717.1964920000,1,SRM-USDT
2022-12-22 01:00:00,1671642000000,0.1590000000,0.1610000000,0.1580000000,0.1610000000,12041.3545280000,1913.0752100000,1913.0752100000,1,SRM-USDT
2022-12-22 02:00:00,1671645600000,0.1610000000,0.1610000000,0.1590000000,0.1600000000,55593.8958950000,8912.4524020000,8912.4524020000,1,SRM-USDT
2022-12-22 03:00:00,1671649200000,0.1600000000,0.1600000000,0.1580000000,0.1590000000,29358.6202290000,4674.6767740000,4674.6767740000,1,SRM-USDT
2022-12-22 04:00:00,1671652800000,0.1580000000,0.1590000000,0.1560000000,0.1570000000,16454.4154440000,2600.0968210000,2600.0968210000,1,SRM-USDT
2022-12-22 05:00:00,1671656400000,0.1570000000,0.1600000000,0.1560000000,0.1570000000,88421.6385540000,13959.5379470000,13959.5379470000,1,SRM-USDT
2022-12-22 06:00:00,1671660000000,0.1580000000,0.1590000000,0.1570000000,0.1580000000,150739.4230020000,23763.1862950000,23763.1862950000,1,SRM-USDT
2022-12-22 07:00:00,1671663600000,0.1580000000,0.1580000000,0.1570000000,0.1580000000,19382.0905100000,3052.1745010000,3052.1745010000,1,SRM-USDT
2022-12-22 08:00:00,1671667200000,0.1590000000,0.1690000000,0.1580000000,0.1620000000,71645.6087610000,11587.8855610000,11587.8855610000,1,SRM-USDT
2022-12-22 09:00:00,1671670800000,0.1620000000,0.1620000000,0.1590000000,0.1600000000,19746.7263230000,3177.1138360000,3177.1138360000,1,SRM-USDT
2022-12-22 10:00:00,1671674400000,0.1600000000,0.1600000000,0.1580000000,0.1590000000,12523.6395170000,1993.2301600000,1993.2301600000,1,SRM-USDT
2022-12-22 11:00:00,1671678000000,0.1590000000,0.1600000000,0.1580000000,0.1590000000,13325.8481520000,2113.0498580000,2113.0498580000,1,SRM-USDT
2022-12-22 12:00:00,1671681600000,0.1580000000,0.1590000000,0.1580000000,0.1590000000,6639.7007700000,1054.6332140000,1054.6332140000,1,SRM-USDT
2022-12-22 13:00:00,1671685200000,0.1590000000,0.1600000000,0.1560000000,0.1590000000,39683.5842950000,6273.2992420000,6273.2992420000,1,SRM-USDT
2022-12-22 14:00:00,1671688800000,0.1590000000,0.1590000000,0.1580000000,0.1590000000,3759.4029950000,596.4725590000,596.4725590000,1,SRM-USDT
2022-12-22 15:00:00,1671692400000,0.1580000000,0.1590000000,0.1560000000,0.1570000000,17784.1365110000,2797.6486230000,2797.6486230000,1,SRM-USDT
2022-12-22 16:00:00,1671696000000,0.1570000000,0.1570000000,0.1540000000,0.1560000000,109124.7528170000,16993.9192250000,16993.9192250000,1,SRM-USDT
2022-12-22 17:00:00,1671699600000,0.1560000000,0.1570000000,0.1550000000,0.1550000000,20874.0791350000,3254.7116330000,3254.7116330000,1,SRM-USDT
2022-12-22 18:00:00,1671703200000,0.1560000000,0.1570000000,0.1560000000,0.1570000000,4911.4495290000,767.2295300000,767.2295300000,1,SRM-USDT
2022-12-22 19:00:00,1671706800000,0.1560000000,0.1570000000,0.1550000000,0.1550000000,55413.9035170000,8663.3296500000,8663.3296500000,1,SRM-USDT
2022-12-22 20:00:00,1671710400000,0.1550000000,0.1560000000,0.1550000000,0.1550000000,13819.1301400000,2142.9671720000,2142.9671720000,1,SRM-USDT
2022-12-22 21:00:00,1671714000000,0.1560000000,0.1560000000,0.1540000000,0.1540000000,16190.9967490000,2507.8106300000,2507.8106300000,1,SRM-USDT
2022-12-22 22:00:00,1671717600000,0.1530000000,0.1530000000,0.1500000000,0.1520000000,46231.2628140000,7051.1215890000,7051.1215890000,1,SRM-USDT
2022-12-22 23:00:00,1671721200000,0.1510000000,0.1520000000,0.1460000000,0.1460000000,48738.4618970000,7285.5668790000,7285.5668790000,1,SRM-USDT
2022-12-23 00:00:00,1671724800000,0.1470000000,0.1470000000,0.1460000000,0.1470000000,2118.1168160000,310.2003940000,310.2003940000,1,SRM-USDT
2022-12-23 01:00:00,1671728400000,0.1460000000,0.1500000000,0.1460000000,0.1490000000,16083.8689200000,2388.3978370000,2388.3978370000,1,SRM-USDT
2022-12-23 02:00:00,1671732000000,0.1490000000,0.1590000000,0.1440000000,0.1560000000,242998.6722290000,36850.7173480000,36850.7173480000,1,SRM-USDT
2022-12-23 03:00:00,1671735600000,0.1560000000,0.1580000000,0.1510000000,0.1540000000,89254.5640220000,13741.0810080000,13741.0810080000,1,SRM-USDT
2022-12-23 04:00:00,1671739200000,0.1550000000,0.1550000000,0.1510000000,0.1520000000,15727.6689210000,2399.2720590000,2399.2720590000,1,SRM-USDT
2022-12-23 05:00:00,1671742800000,0.1520000000,0.1530000000,0.1510000000,0.1530000000,7149.9811690000,1088.1027500000,1088.1027500000,1,SRM-USDT
2022-12-23 06:00:00,1671746400000,0.1530000000,0.1540000000,0.1510000000,0.1510000000,80272.4992660000,12199.9761110000,12199.9761110000,1,SRM-USDT
2022-12-23 07:00:00,1671750000000,0.1520000000,0.1530000000,0.1520000000,0.1520000000,71489.2955030000,10866.4300070000,10866.4300070000,1,SRM-USDT
2022-12-23 08:00:00,1671753600000,0.1520000000,0.1530000000,0.1510000000,0.1510000000,9775.5749600000,1487.2800910000,1487.2800910000,1,SRM-USDT
2022-12-23 09:00:00,1671757200000,0.1510000000,0.1530000000,0.1510000000,0.1530000000,3303.0989490000,500.9749890000,500.9749890000,1,SRM-USDT
2022-12-23 10:00:00,1671760800000,0.1520000000,0.1520000000,0.1520000000,0.1520000000,310.2677870000,47.1607040000,47.1607040000,1,SRM-USDT
2022-12-23 11:00:00,1671764400000,0.1520000000,0.1530000000,0.1520000000,0.1530000000,1151.8667440000,175.5260960000,175.5260960000,1,SRM-USDT
2022-12-23 12:00:00,1671768000000,0.1530000000,0.1540000000,0.1510000000,0.1530000000,54480.8740540000,8317.0948060000,8317.0948060000,1,SRM-USDT
2022-12-23 13:00:00,1671771600000,0.1520000000,0.1530000000,0.1520000000,0.1530000000,5797.9296230000,881.3604010000,881.3604010000,1,SRM-USDT
2022-12-23 14:00:00,1671775200000,0.1520000000,0.1530000000,0.1510000000,0.1520000000,19042.2997520000,2897.1874330000,2897.1874330000,1,SRM-USDT
2022-12-23 15:00:00,1671778800000,0.1520000000,0.1530000000,0.1520000000,0.1530000000,22304.2539460000,3394.2176540000,3394.2176540000,1,SRM-USDT
2022-12-23 16:00:00,1671782400000,0.1520000000,0.1520000000,0.1510000000,0.1510000000,8495.5962380000,1290.1791870000,1290.1791870000,1,SRM-USDT
2022-12-23 17:00:00,1671786000000,0.1520000000,0.1520000000,0.1520000000,0.1520000000,4609.5219460000,700.6473360000,700.6473360000,1,SRM-USDT
2022-12-23 18:00:00,1671789600000,0.1530000000,0.1530000000,0.1520000000,0.1520000000,35773.1842960000,5441.1211820000,5441.1211820000,1,SRM-USDT
2022-12-23 19:00:00,1671793200000,0.1530000000,0.1530000000,0.1530000000,0.1530000000,2631.5229660000,402.6230130000,402.6230130000,1,SRM-USDT
2022-12-23 20:00:00,1671796800000,0.1520000000,0.1530000000,0.1520000000,0.1530000000,6739.6638880000,1025.6816170000,1025.6816170000,1,SRM-USDT
2022-12-23 21:00:00,1671800400000,0.1530000000,0.1530000000,0.1510000000,0.1520000000,10883.7489280000,1654.0895540000,1654.0895540000,1,SRM-USDT
2022-12-23 22:00:00,1671804000000,0.1520000000,0.1520000000,0.1490000000,0.1490000000,31226.8160990000,4696.5224330000,4696.5224330000,1,SRM-USDT
2022-12-23 23:00:00,1671807600000,0.1480000000,0.1510000000,0.1470000000,0.1510000000,40421.6047040000,6006.8589170000,6006.8589170000,1,SRM-USDT
2022-12-24 00:00:00,1671811200000,0.1510000000,0.1510000000,0.1500000000,0.1510000000,4889.2145920000,736.8123280000,736.8123280000,1,SRM-USDT
2022-12-24 01:00:00,1671814800000,0.1500000000,0.1510000000,0.1500000000,0.1510000000,13864.6809050000,2093.3606610000,2093.3606610000,1,SRM-USDT
2022-12-24 02:00:00,1671818400000,0.1510000000,0.1510000000,0.1510000000,0.1510000000,12416.9699220000,1874.9624590000,1874.9624590000,1,SRM-USDT
2022-12-24 03:00:00,1671822000000,0.1500000000,0.1500000000,0.1490000000,0.1490000000,7329.2540610000,1095.4923100000,1095.4923100000,1,SRM-USDT
2022-12-24 04:00:00,1671825600000,0.1490000000,0.1500000000,0.1470000000,0.1480000000,24968.5027620000,3710.4296330000,3710.4296330000,1,SRM-USDT
2022-12-24 05:00:00,1671829200000,0.1480000000,0.1480000000,0.1470000000,0.1470000000,33633.3902970000,4944.7775320000,4944.7775320000,1,SRM-USDT
2022-12-24 06:00:00,1671832800000,0.1470000000,0.1480000000,0.1470000000,0.1480000000,53926.5844330000,7959.8533470000,7959.8533470000,1,SRM-USDT
2022-12-24 07:00:00,1671836400000,0.1480000000,0.1480000000,0.1480000000,0.1480000000,8608.2175980000,1274.0162040000,1274.0162040000,1,SRM-USDT
2022-12-24 08:00:00,1671840000000,0.1480000000,0.1480000000,0.1470000000,0.1480000000,1438.1606760000,212.6271210000,212.6271210000,1,SRM-USDT
2022-12-24 09:00:00,1671843600000,0.1480000000,0.1480000000,0.1470000000,0.1470000000,2304.6968080000,340.3055690000,340.3055690000,1,SRM-USDT
2022-12-24 10:00:00,1671847200000,0.1480000000,0.1480000000,0.1480000000,0.1480000000,1992.1206850000,294.8338610000,294.8338610000,1,SRM-USDT
2022-12-24 11:00:00,1671850800000,0.1480000000,0.1480000000,0.1480000000,0.1480000000,1567.8158370000,232.0367440000,232.0367440000,1,SRM-USDT
2022-12-24 12:00:00,1671854400000,0.1470000000,0.1480000000,0.1460000000,0.1480000000,8742.5662780000,1285.9516690000,1285.9516690000,1,SRM-USDT
2022-12-24 13:00:00,1671858000000,0.1480000000,0.1480000000,0.1470000000,0.1480000000,3805.8500400000,562.7365260000,562.7365260000,1,SRM-USDT
2022-12-24 14:00:00,1671861600000,0.1480000000,0.1490000000,0.1470000000,0.1470000000,68993.7514780000,10210.3209490000,10210.3209490000,1,SRM-USDT
2022-12-24 15:00:00,1671865200000,0.1470000000,0.1480000000,0.1450000000,0.1470000000,44512.2355800000,6510.6999130000,6510.6999130000,1,SRM-USDT
2022-12-24 16:00:00,1671868800000,0.1460000000,0.1460000000,0.1460000000,0.1460000000,1000.1000000000,146.0146000000,146.0146000000,1,SRM-USDT
2022-12-24 17:00:00,1671872400000,0.1470000000,0.1470000000,0.1460000000,0.1470000000,86175.7976320000,12588.6055000000,12588.6055000000,1,SRM-USDT
2022-12-24 18:00:00,1671876000000,0.1460000000,0.1460000000,0.1460000000,0.1460000000,48339.7055400000,7057.5970050000,7057.5970050000,1,SRM-USDT
2022-12-24 19:00:00,1671879600000,0.1470000000,0.1470000000,0.1460000000,0.1470000000,7092.9326420000,1042.3882440000,1042.3882440000,1,SRM-USDT
2022-12-24 20:00:00,1671883200000,0.1470000000,0.1480000000,0.1470000000,0.1480000000,5247.4592970000,774.8319510000,774.8319510000,1,SRM-USDT
2022-12-24 21:00:00,1671886800000,0.1470000000,0.1490000000,0.1470000000,0.1470000000,4206.7733340000,621.7821980000,621.7821980000,1,SRM-USDT
2022-12-24 22:00:00,1671890400000,0.1490000000,0.1490000000,0.1480000000,0.1480000000,1275.0000000000,188.9930000000,188.9930000000,1,SRM-USDT
2022-12-24 23:00:00,1671894000000,0.1480000000,0.1500000000,0.1480000000,0.1500000000,6683.6687640000,996.6355650000,996.6355650000,1,SRM-USDT
2022-12-25 00:00:00,1671897600000,0.1500000000,0.1500000000,0.1480000000,0.1500000000,173136.8656670000,25686.9493310000,25686.9493310000,1,SRM-USDT
2022-12-25 01:00:00,1671901200000,0.1500000000,0.1700000000,0.1490000000,0.1520000000,528724.2974949999,83300.3203110000,83300.3203110000,1,SRM-USDT
2022-12-25 02:00:00,1671904800000,0.1510000000,0.1520000000,0.1470000000,0.1490000000,34306.2626160000,5123.9234960000,5123.9234960000,1,SRM-USDT
2022-12-25 03:00:00,1671908400000,0.1490000000,0.1490000000,0.1450000000,0.1480000000,94736.3368620000,14042.1664670000,14042.1664670000,1,SRM-USDT
2022-12-25 04:00:00,1671912000000,0.1480000000,0.1480000000,0.1460000000,0.1470000000,1111.9474760000,163.7351570000,163.7351570000,1,SRM-USDT
2022-12-25 05:00:00,1671915600000,0.1460000000,0.1490000000,0.1460000000,0.1480000000,60960.9627480000,9026.5031100000,9026.5031100000,1,SRM-USDT
2022-12-25 06:00:00,1671919200000,0.1480000000,0.1480000000,0.1440000000,0.1460000000,61324.4300260000,8969.4102200000,8969.4102200000,1,SRM-USDT
2022-12-25 07:00:00,1671922800000,0.1470000000,0.1480000000,0.1470000000,0.1480000000,22313.0416590000,3280.0172340000,3280.0172340000,1,SRM-USDT
2022-12-25 08:00:00,1671926400000,0.1480000000,0.1480000000,0.1460000000,0.1470000000,6241.8104880000,913.9091350000,913.9091350000,1,SRM-USDT
2022-12-25 09:00:00,1671930000000,0.1480000000,0.1540000000,0.1480000000,0.1490000000,43080.6418980000,6453.1201730000,6453.1201730000,1,SRM-USDT
2022-12-25 10:00:00,1671933600000,0.1480000000,0.1500000000,0.1480000000,0.1490000000,143831.1082730000,21520.7491680000,21520.7491680000,1,SRM-USDT
2022-12-25 11:00:00,1671937200000,0.1500000000,0.1510000000,0.1480000000,0.1500000000,145925.3777380000,21870.0192990000,21870.0192990000,1,SRM-USDT
2022-12-25 12:00:00,1671940800000,0.1500000000,0.1510000000,0.1500000000,0.1500000000,10037.4360670000,1514.3154500000,1514.3154500000,1,SRM-USDT
2022-12-25 13:00:00,1671944400000,0.1510000000,0.1510000000,0.1490000000,0.1490000000,10347.9118980000,1554.3887020000,1554.3887020000,1,SRM-USDT
2022-12-25 14:00:00,1671948000000,0.1490000000,0.1490000000,0.1480000000,0.1480000000,1812.4445070000,268.5773580000,268.5773580000,1,SRM-USDT
2022-12-25 15:00:00,1671951600000,0.1480000000,0.1490000000,0.1480000000,0.1480000000,884.5150320000,130.9148910000,130.9148910000,1,SRM-USDT
2022-12-25 16:00:00,1671955200000,0.1490000000,0.1510000000,0.1490000000,0.1510000000,47210.9817100000,7088.4453920000,7088.4453920000,1,SRM-USDT
2022-12-25 17:00:00,1671958800000,0.1520000000,0.1550000000,0.1490000000,0.1490000000,87778.8940720000,13358.2147430000,13358.2147430000,1,SRM-USDT
2022-12-25 18:00:00,1671962400000,0.1500000000,0.1520000000,0.1490000000,0.1490000000,63669.8006960000,9559.0587390000,9559.0587390000,1,SRM-USDT
2022-12-25 19:00:00,1671966000000,0.1490000000,0.1500000000,0.1480000000,0.1500000000,49054.8023740000,7307.5913800000,7307.5913800000,1,SRM-USDT
2022-12-25 20:00:00,1671969600000,0.1490000000,0.1490000000,0.1480000000,0.1480000000,20644.6097090000,3060.5861230000,3060.5861230000,1,SRM-USDT
2022-12-25 21:00:00,1671973200000,0.1480000000,0.1510000000,0.1480000000,0.1500000000,46292.3909750000,6935.7962870000,6935.7962870000,1,SRM-USDT
2022-12-25 22:00:00,1671976800000,0.1500000000,0.1510000000,0.1470000000,0.1480000000,18753.8982930000,2777.3712580000,2777.3712580000,1,SRM-USDT
2022-12-25 23:00:00,1671980400000,0.1480000000,0.1490000000,0.1470000000,0.1490000000,10376.1108550000,1536.8868440000,1536.8868440000,1,SRM-USDT
2022-12-26 00:00:00,1671984000000,0.1490000000,0.1490000000,0.1470000000,0.1470000000,20406.8093640000,3009.0933030000,3009.0933030000,1,SRM-USDT
2022-12-26 01:00:00,1671987600000,0.1480000000,0.1480000000,0.1480000000,0.1480000000,1639.3883010000,242.6294690000,242.6294690000,1,SRM-USDT
2022-12-26 02:00:00,1671991200000,0.1480000000,0.1560000000,0.1470000000,0.1500000000,176475.1520460000,26632.1293730000,26632.1293730000,1,SRM-USDT
2022-12-26 03:00:00,1671994800000,0.1490000000,0.1490000000,0.1470000000,0.1480000000,13243.6712020000,1955.5620810000,1955.5620810000,1,SRM-USDT
2022-12-26 04:00:00,1671998400000,0.1470000000,0.1480000000,0.1460000000,0.1470000000,84909.9674820000,12484.6465290000,12484.6465290000,1,SRM-USDT
2022-12-26 05:00:00,1672002000000,0.1470000000,0.1480000000,0.1470000000,0.1470000000,6399.6735530000,940.9199610000,940.9199610000,1,SRM-USDT
2022-12-26 06:00:00,1672005600000,0.1480000000,0.1490000000,0.1470000000,0.1480000000,83207.2432620000,12308.0075110000,12308.0075110000,1,SRM-USDT
2022-12-26 07:00:00,1672009200000,0.1480000000,0.1490000000,0.1450000000,0.1460000000,32995.5654600000,4848.8209670000,4848.8209670000,1,SRM-USDT
2022-12-26 08:00:00,1672012800000,0.1470000000,0.1520000000,0.1470000000,0.1480000000,156922.3389700000,23308.6286860000,23308.6286860000,1,SRM-USDT
2022-12-26 09:00:00,1672016400000,0.1480000000,0.1480000000,0.1440000000,0.1470000000,33684.6970850000,4924.0322050000,4924.0322050000,1,SRM-USDT
2022-12-26 10:00:00,1672020000000,0.1460000000,0.1470000000,0.1450000000,0.1470000000,38770.0727780000,5652.2880460000,5652.2880460000,1,SRM-USDT
2022-12-26 11:00:00,1672023600000,0.1470000000,0.1490000000,0.1460000000,0.1480000000,76568.2125020000,11304.8474040000,11304.8474040000,1,SRM-USDT
2022-12-26 12:00:00,1672027200000,0.1470000000,0.1490000000,0.1470000000,0.1490000000,53231.4270850000,7875.7329180000,7875.7329180000,1,SRM-USDT
2022-12-26 13:00:00,1672030800000,0.1480000000,0.1510000000,0.1480000000,0.1490000000,143250.0992800000,21361.3189240000,21361.3189240000,1,SRM-USDT
2022-12-26 14:00:00,1672034400000,0.1490000000,0.1530000000,0.1490000000,0.1510000000,146029.7322030000,21994.0581180000,21994.0581180000,1,SRM-USDT
2022-12-26 15:00:00,1672038000000,0.1510000000,0.1520000000,0.1500000000,0.1500000000,84456.9738170000,12703.4471310000,12703.4471310000,1,SRM-USDT
2022-12-26 16:00:00,1672041600000,0.1500000000,0.1510000000,0.1500000000,0.1510000000,29685.4986000000,4452.8347900000,4452.8347900000,1,SRM-USDT
2022-12-26 17:00:00,1672045200000,0.1500000000,0.1510000000,0.1500000000,0.1500000000,50094.8404590000,7516.4067360000,7516.4067360000,1,SRM-USDT
2022-12-26 18:00:00,1672048800000,0.1500000000,0.1500000000,0.1470000000,0.1480000000,21588.2165670000,3207.3614390000,3207.3614390000,1,SRM-USDT
2022-12-26 19:00:00,1672052400000,0.1480000000,0.1480000000,0.1470000000,0.1470000000,10120.6455080000,1494.6396920000,1494.6396920000,1,SRM-USDT
2022-12-26 20:00:00,1672056000000,0.1480000000,0.1490000000,0.1480000000,0.1490000000,2133.1863000000,315.7147740000,315.7147740000,1,SRM-USDT
2022-12-26 21:00:00,1672059600000,0.1480000000,0.1490000000,0.1480000000,0.1490000000,2084.3843980000,309.7234510000,309.7234510000,1,SRM-USDT
2022-12-26 22:00:00,1672063200000,0.1480000000,0.1490000000,0.1480000000,0.1490000000,1659.1236340000,246.2190350000,246.2190350000,1,SRM-USDT
2022-12-26 23:00:00,1672066800000,0.1490000000,0.1530000000,0.1490000000,0.1510000000,57126.3916170000,8634.5149010000,8634.5149010000,1,SRM-USDT
2022-12-27 00:00:00,1672070400000,0.1500000000,0.1500000000,0.1470000000,0.1490000000,233346.6389760000,34514.3750960000,34514.3750960000,1,SRM-USDT
2022-12-27 01:00:00,1672074000000,0.1490000000,0.1490000000,0.1490000000,0.1490000000,65.3276490000,9.7338200000,9.7338200000,1,SRM-USDT
2022-12-27 02:00:00,1672077600000,0.1480000000,0.1480000000,0.1460000000,0.1480000000,77834.5753360000,11434.8694420000,11434.8694420000,1,SRM-USDT
2022-12-27 03:00:00,1672081200000,0.1470000000,0.1470000000,0.1460000000,0.1460000000,3262.2857370000,478.5671140000,478.5671140000,1,SRM-USDT
2022-12-27 04:00:00,1672084800000,0.1470000000,0.1480000000,0.1470000000,0.1470000000,2304.5187850000,338.7737900000,338.7737900000,1,SRM-USDT
2022-12-27 05:00:00,1672088400000,0.1470000000,0.1480000000,0.1470000000,0.1480000000,2168.8366150000,318.8199820000,318.8199820000,1,SRM-USDT
2022-12-27 06:00:00,1672092000000,0.1480000000,0.1490000000,0.1480000000,0.1480000000,2741.5543380000,405.7501820000,405.7501820000,1,SRM-USDT
2022-12-27 07:00:00,1672095600000,0.1470000000,0.1480000000,0.1470000000,0.1480000000,1133.2167820000,166.6888990000,166.6888990000,1,SRM-USDT
2022-12-27 08:00:00,1672099200000,0.1480000000,0.1490000000,0.1480000000,0.1490000000,29202.1038830000,4345.4634060000,4345.4634060000,1,SRM-USDT
2022-12-27 09:00:00,1672102800000,0.1480000000,0.1490000000,0.1480000000,0.1490000000,5301.0867890000,784.5934220000,784.5934220000,1,SRM-USDT
2022-12-27 10:00:00,1672106400000,0.1480000000,0.1490000000,0.1480000000,0.1490000000,9560.6266810000,1420.0680390000,1420.0680390000,1,SRM-USDT
2022-12-27 11:00:00,1672110000000,0.1480000000,0.1490000000,0.1480000000,0.1490000000,15631.7545120000,2325.7970280000,2325.7970280000,1,SRM-USDT
2022-12-27 12:00:00,1672113600000,0.1480000000,0.1480000000,0.1460000000,0.1480000000,29314.5748150000,4313.2233880000,4313.2233880000,1,SRM-USDT
2022-12-27 13:00:00,1672117200000,0.1480000000,0.1480000000,0.1460000000,0.1470000000,8007.1977130000,1172.6736300000,1172.6736300000,1,SRM-USDT
2022-12-27 14:00:00,1672120800000,0.1470000000,0.1480000000,0.1460000000,0.1470000000,11285.1456330000,1656.2779240000,1656.2779240000,1,SRM-USDT
2022-12-27 15:00:00,1672124400000,0.1470000000,0.1480000000,0.1470000000,0.1480000000,5077.4596700000,749.8185310000,749.8185310000,1,SRM-USDT
2022-12-27 16:00:00,1672128000000,0.1480000000,0.1480000000,0.1460000000,0.1470000000,29963.0685040000,4424.9464040000,4424.9464040000,1,SRM-USDT
2022-12-27 17:00:00,1672131600000,0.1480000000,0.1490000000,0.1460000000,0.1470000000,52593.2673380000,7713.5926430000,7713.5926430000,1,SRM-USDT
2022-12-27 18:00:00,1672135200000,0.1470000000,0.1480000000,0.1460000000,0.1460000000,8439.0835400000,1238.7387860000,1238.7387860000,1,SRM-USDT
2022-12-27 19:00:00,1672138800000,0.1470000000,0.1480000000,0.1460000000,0.1470000000,5920.1263420000,871.0481680000,871.0481680000,1,SRM-USDT
2022-12-27 20:00:00,1672142400000,0.1470000000,0.1480000000,0.1460000000,0.1470000000,31375.1892170000,4624.2357180000,4624.2357180000,1,SRM-USDT
2022-12-27 21:00:00,1672146000000,0.1460000000,0.1470000000,0.1460000000,0.1470000000,1976.0265150000,290.4672660000,290.4672660000,1,SRM-USDT
2022-12-27 22:00:00,1672149600000,0.1470000000,0.1480000000,0.1470000000,0.1470000000,61299.7065490000,9066.2498780000,9066.2498780000,1,SRM-USDT
2022-12-27 23:00:00,1672153200000,0.1470000000,0.1480000000,0.1460000000,0.1470000000,11335.4334800000,1664.9714280000,1664.9714280000,1,SRM-USDT
2022-12-28 00:00:00,1672156800000,0.1460000000,0.1480000000,0.1460000000,0.1470000000,34421.5863020000,5037.4127200000,5037.4127200000,1,SRM-USDT
2022-12-28 01:00:00,1672160400000,0.1470000000,0.1470000000,0.1400000000,0.1410000000,165845.2524430000,23525.5146060000,23525.5146060000,1,SRM-USDT
2022-12-28 02:00:00,1672164000000,0.1410000000,0.1420000000,0.1400000000,0.1400000000,29009.7323310000,4086.9979480000,4086.9979480000,1,SRM-USDT
2022-12-28 03:00:00,1672167600000,0.1410000000,0.1440000000,0.1400000000,0.1430000000,25204.1932370000,3598.9482880000,3598.9482880000,1,SRM-USDT
2022-12-28 04:00:00,1672171200000,0.1430000000,0.1440000000,0.1420000000,0.1430000000,83195.8696190000,11891.8764640000,11891.8764640000,1,SRM-USDT
2022-12-28 05:00:00,1672174800000,0.1430000000,0.1430000000,0.1410000000,0.1420000000,78363.1427880000,11138.8489680000,11138.8489680000,1,SRM-USDT
2022-12-28 06:00:00,1672178400000,0.1430000000,0.1440000000,0.1420000000,0.1430000000,3736.1829610000,534.6442170000,534.6442170000,1,SRM-USDT
2022-12-28 07:00:00,1672182000000,0.1420000000,0.1420000000,0.1390000000,0.1400000000,144807.8026160000,20413.1061090000,20413.1061090000,1,SRM-USDT
2022-12-28 08:00:00,1672185600000,0.1410000000,0.1420000000,0.1410000000,0.1420000000,4296.1751690000,606.9210370000,606.9210370000,1,SRM-USDT
2022-12-28 09:00:00,1672189200000,0.1420000000,0.1420000000,0.1420000000,0.1420000000,3217.6447990000,456.9055620000,456.9055620000,1,SRM-USDT
2022-12-28 10:00:00,1672192800000,0.1410000000,0.1410000000,0.1400000000,0.1410000000,7228.1933950000,1015.4862660000,1015.4862660000,1,SRM-USDT
2022-12-28 11:00:00,1672196400000,0.1410000000,0.1410000000,0.1400000000,0.1400000000,161.4057070000,22.7104830000,22.7104830000,1,SRM-USDT
2022-12-28 12:00:00,1672200000000,0.1400000000,0.1410000000,0.1400000000,0.1410000000,15107.0988930000,2128.8596090000,2128.8596090000,1,SRM-USDT
2022-12-28 13:00:00,1672203600000,0.1420000000,0.1420000000,0.1390000000,0.1390000000,20848.1264660000,2934.4028300000,2934.4028300000,1,SRM-USDT
2022-12-28 14:00:00,1672207200000,0.1390000000,0.1390000000,0.1380000000,0.1380000000,20122.3076700000,2785.8353250000,2785.8353250000,1,SRM-USDT
2022-12-28 15:00:00,1672210800000,0.1370000000,0.1380000000,0.1370000000,0.1380000000,28410.9115250000,3919.2027010000,3919.2027010000,1,SRM-USDT
2022-12-28 16:00:00,1672214400000,0.1370000000,0.1380000000,0.1370000000,0.1380000000,15770.3145450000,2164.1232760000,2164.1232760000,1,SRM-USDT
2022-12-28 17:00:00,1672218000000,0.1370000000,0.1390000000,0.1360000000,0.1360000000,39358.0949210000,5400.1697930000,5400.1697930000,1,SRM-USDT
2022-12-28 18:00:00,1672221600000,0.1360000000,0.1370000000,0.1340000000,0.1370000000,119954.9553080000,16162.5289350000,16162.5289350000,1,SRM-USDT
2022-12-28 19:00:00,1672225200000,0.1370000000,0.1380000000,0.1350000000,0.1360000000,230757.6907290000,31506.2801910000,31506.2801910000,1,SRM-USDT
2022-12-28 20:00:00,1672228800000,0.1360000000,0.1390000000,0.1360000000,0.1380000000,82523.7170490000,11386.8681530000,11386.8681530000,1,SRM-USDT
2022-12-28 21:00:00,1672232400000,0.1380000000,0.1380000000,0.1370000000,0.1370000000,112344.4230200000,15499.8124740000,15499.8124740000,1,SRM-USDT
2022-12-28 22:00:00,1672236000000,0.1370000000,0.1400000000,0.1370000000,0.1380000000,74898.3410480000,10421.6233800000,10421.6233800000,1,SRM-USDT
2022-12-28 23:00:00,1672239600000,0.1390000000,0.1390000000,0.1370000000,0.1390000000,7938.6026340000,1100.7903400000,1100.7903400000,1,SRM-USDT
2022-12-29 00:00:00,1672243200000,0.1380000000,0.1380000000,0.1380000000,0.1380000000,78889.4976910000,10886.7506820000,10886.7506820000,1,SRM-USDT
2022-12-29 01:00:00,1672246800000,0.1370000000,0.1370000000,0.1340000000,0.1360000000,80009.7446910000,10879.9713220000,10879.9713220000,1,SRM-USDT
2022-12-29 02:00:00,1672250400000,0.1360000000,0.1360000000,0.1350000000,0.1360000000,1145.3031220000,155.5072260000,155.5072260000,1,SRM-USDT
2022-12-29 03:00:00,1672254000000,0.1360000000,0.1360000000,0.1350000000,0.1360000000,585.7695130000,79.6350610000,79.6350610000,1,SRM-USDT
2022-12-29 04:00:00,1672257600000,0.1360000000,0.1360000000,0.1340000000,0.1360000000,12411.8639380000,1680.3526640000,1680.3526640000,1,SRM-USDT
2022-12-29 05:00:00,1672261200000,0.1360000000,0.1360000000,0.1340000000,0.1340000000,8772.4639150000,1178.2106640000,1178.2106640000,1,SRM-USDT
2022-12-29 06:00:00,1672264800000,0.1340000000,0.1340000000,0.1320000000,0.1320000000,63651.1785250000,8441.8253760000,8441.8253760000,1,SRM-USDT
2022-12-29 07:00:00,1672268400000,0.1320000000,0.1330000000,0.1280000000,0.1310000000,129889.4411840000,16904.9279140000,16904.9279140000,1,SRM-USDT
2022-12-29 08:00:00,1672272000000,0.1310000000,0.1320000000,0.1270000000,0.1280000000,94745.5783240000,12202.2783890000,12202.2783890000,1,SRM-USDT
2022-12-29 09:00:00,1672275600000,0.1280000000,0.1300000000,0.1270000000,0.1280000000,25187.8670540000,3237.3644260000,3237.3644260000,1,SRM-USDT
2022-12-29 10:00:00,1672279200000,0.1290000000,0.1290000000,0.1250000000,0.1260000000,42048.2366640000,5331.1884570000,5331.1884570000,1,SRM-USDT
2022-12-29 11:00:00,1672282800000,0.1260000000,0.1260000000,0.1130000000,0.1170000000,316717.3835770000,37764.0962260000,37764.0962260000,1,SRM-USDT
2022-12-29 12:00:00,1672286400000,0.1170000000,0.1260000000,0.1160000000,0.1240000000,251251.7209940000,30467.6153950000,30467.6153950000,1,SRM-USDT
2022-12-29 13:00:00,1672290000000,0.1240000000,0.1250000000,0.1230000000,0.1240000000,58921.3539250000,7300.7253120000,7300.7253120000,1,SRM-USDT
2022-12-29 14:00:00,1672293600000,0.1240000000,0.1260000000,0.1240000000,0.1250000000,5765.7074390000,720.6140730000,720.6140730000,1,SRM-USDT
2022-12-29 15:00:00,1672297200000,0.1250000000,0.1300000000,0.1180000000,0.1210000000,99483.8282660000,12205.1215240000,12205.1215240000,1,SRM-USDT
2022-12-29 16:00:00,1672300800000,0.1200000000,0.1250000000,0.1200000000,0.1250000000,50421.0752040000,6123.6267260000,6123.6267260000,1,SRM-USDT
2022-12-29 17:00:00,1672304400000,0.1240000000,0.1300000000,0.1230000000,0.1230000000,85531.0280580000,10692.9361650000,10692.9361650000,1,SRM-USDT
2022-12-29 18:00:00,1672308000000,0.1230000000,0.1280000000,0.1230000000,0.1270000000,112868.7291650000,14288.4598700000,14288.4598700000,1,SRM-USDT
2022-12-29 19:00:00,1672311600000,0.1260000000,0.1290000000,0.1260000000,0.1290000000,38732.4520280000,4956.4646380000,4956.4646380000,1,SRM-USDT
2022-12-29 20:00:00,1672315200000,0.1280000000,0.1300000000,0.1280000000,0.1300000000,48950.9966160000,6331.0395440000,6331.0395440000,1,SRM-USDT
2022-12-29 21:00:00,1672318800000,0.1300000000,0.1300000000,0.1220000000,0.1280000000,89618.6034070000,11318.7258590000,11318.7258590000,1,SRM-USDT
2022-12-29 22:00:00,1672322400000,0.1270000000,0.1280000000,0.1260000000,0.1270000000,20671.3594760000,2623.7917830000,2623.7917830000,1,SRM-USDT
2022-12-29 23:00:00,1672326000000,0.1260000000,0.1280000000,0.1250000000,0.1260000000,22816.6377590000,2864.9978900000,2864.9978900000,1,SRM-USDT
2022-12-30 00:00:00,1672329600000,0.1250000000,0.1310000000,0.1250000000,0.1270000000,168776.7836170000,21557.6055860000,21557.6055860000,1,SRM-USDT
2022-12-30 01:00:00,1672333200000,0.1270000000,0.1280000000,0.1250000000,0.1270000000,46077.0555120000,5831.3824660000,5831.3824660000,1,SRM-USDT
2022-12-30 02:00:00,1672336800000,0.1260000000,0.1270000000,0.1220000000,0.1240000000,65388.7941150000,8109.8154490000,8109.8154490000,1,SRM-USDT
2022-12-30 03:00:00,1672340400000,0.1240000000,0.1280000000,0.1220000000,0.1280000000,74889.1137200000,9302.1537700000,9302.1537700000,1,SRM-USDT
2022-12-30 04:00:00,1672344000000,0.1270000000,0.1270000000,0.1200000000,0.1210000000,53746.6735640000,6693.2251880000,6693.2251880000,1,SRM-USDT
2022-12-30 05:00:00,1672347600000,0.1200000000,0.1230000000,0.1200000000,0.1220000000,119700.4634990000,14639.6952160000,14639.6952160000,1,SRM-USDT
2022-12-30 06:00:00,1672351200000,0.1220000000,0.1260000000,0.1220000000,0.1260000000,105365.5573200000,13100.4303830000,13100.4303830000,1,SRM-USDT
2022-12-30 07:00:00,1672354800000,0.1260000000,0.1280000000,0.1260000000,0.1270000000,37863.4532410000,4802.1454500000,4802.1454500000,1,SRM-USDT
2022-12-30 08:00:00,1672358400000,0.1270000000,0.1300000000,0.1240000000,0.1290000000,113184.4032530000,14354.2198820000,14354.2198820000,1,SRM-USDT
2022-12-30 09:00:00,1672362000000,0.1290000000,0.1310000000,0.1270000000,0.1270000000,131796.3388280000,17047.2452380000,17047.2452380000,1,SRM-USDT
2022-12-30 10:00:00,1672365600000,0.1270000000,0.1280000000,0.1250000000,0.1250000000,14940.9870580000,1895.4997470000,1895.4997470000,1,SRM-USDT
2022-12-30 11:00:00,1672369200000,0.1260000000,0.1410000000,0.1250000000,0.1390000000,382792.3129360000,50793.8101570000,50793.8101570000,1,SRM-USDT
2022-12-30 12:00:00,1672372800000,0.1400000000,0.1600000000,0.1360000000,0.1470000000,652773.1100850001,95517.3361100000,95517.3361100000,1,SRM-USDT
2022-12-30 13:00:00,1672376400000,0.1480000000,0.1670000000,0.1460000000,0.1560000000,632380.2727740000,100717.0735230000,100717.0735230000,1,SRM-USDT
2022-12-30 14:00:00,1672380000000,0.1570000000,0.1600000000,0.1440000000,0.1480000000,307575.5869670000,46284.5355860000,46284.5355860000,1,SRM-USDT
2022-12-30 15:00:00,1672383600000,0.1490000000,0.1520000000,0.1390000000,0.1430000000,447612.3770160000,64539.5203220000,64539.5203220000,1,SRM-USDT
2022-12-30 16:00:00,1672387200000,0.1440000000,0.1480000000,0.1380000000,0.1400000000,260169.6097110000,36854.8752490000,36854.8752490000,1,SRM-USDT
2022-12-30 17:00:00,1672390800000,0.1390000000,0.1480000000,0.1390000000,0.1450000000,209424.2348890000,30091.1467180000,30091.1467180000,1,SRM-USDT
2022-12-30 18:00:00,1672394400000,0.1460000000,0.1470000000,0.1390000000,0.1420000000,137474.4735470000,19643.7914070000,19643.7914070000,1,SRM-USDT
2022-12-30 19:00:00,1672398000000,0.1420000000,0.1430000000,0.1380000000,0.1410000000,119867.8067260000,16755.8391940000,16755.8391940000,1,SRM-USDT
2022-12-30 20:00:00,1672401600000,0.1410000000,0.1420000000,0.1330000000,0.1410000000,576274.2211100000,78898.7331610000,78898.7331610000,1,SRM-USDT
2022-12-30 21:00:00,1672405200000,0.1410000000,0.1440000000,0.1360000000,0.1370000000,455133.0543240000,63010.8919890000,63010.8919890000,1,SRM-USDT
2022-12-30 22:00:00,1672408800000,0.1370000000,0.1420000000,0.1370000000,0.1400000000,116990.0350260000,16413.7882740000,16413.7882740000,1,SRM-USDT
2022-12-30 23:00:00,1672412400000,0.1400000000,0.1590000000,0.1390000000,0.1480000000,449575.2303210000,67092.4143520000,67092.4143520000,1,SRM-USDT
2022-12-31 00:00:00,1672416000000,0.1480000000,0.1600000000,0.1470000000,0.1540000000,273382.5983340000,42325.1949170000,42325.1949170000,1,SRM-USDT
2022-12-31 01:00:00,1672419600000,0.1540000000,0.1580000000,0.1460000000,0.1560000000,169804.7319180000,25551.6437190000,25551.6437190000,1,SRM-USDT
2022-12-31 02:00:00,1672423200000,0.1570000000,0.1570000000,0.1480000000,0.1500000000,85432.4249680000,13000.8347350000,13000.8347350000,1,SRM-USDT
2022-12-31 03:00:00,1672426800000,0.1510000000,0.1530000000,0.1470000000,0.1480000000,77873.3782250000,11591.3602900000,11591.3602900000,1,SRM-USDT
2022-12-31 04:00:00,1672430400000,0.1480000000,0.1500000000,0.1440000000,0.1460000000,27178.9943860000,4001.5446880000,4001.5446880000,1,SRM-USDT
2022-12-31 05:00:00,1672434000000,0.1460000000,0.1550000000,0.1430000000,0.1530000000,82494.3905860000,12206.5746460000,12206.5746460000,1,SRM-USDT
2022-12-31 06:00:00,1672437600000,0.1530000000,0.1590000000,0.1500000000,0.1530000000,321490.7884540000,49339.7111390000,49339.7111390000,1,SRM-USDT
2022-12-31 07:00:00,1672441200000,0.1540000000,0.1560000000,0.1480000000,0.1480000000,119525.4368240000,18143.5115290000,18143.5115290000,1,SRM-USDT
2022-12-31 08:00:00,1672444800000,0.1480000000,0.1540000000,0.1470000000,0.1530000000,135836.1430480000,20446.9317750000,20446.9317750000,1,SRM-USDT
2022-12-31 09:00:00,1672448400000,0.1520000000,0.1540000000,0.1500000000,0.1530000000,82794.1872930000,12504.0891740000,12504.0891740000,1,SRM-USDT
2022-12-31 10:00:00,1672452000000,0.1530000000,0.1530000000,0.1490000000,0.1510000000,221634.2278800000,33303.5147690000,33303.5147690000,1,SRM-USDT
2022-12-31 11:00:00,1672455600000,0.1510000000,0.1520000000,0.1460000000,0.1460000000,166132.0624730000,24678.2895590000,24678.2895590000,1,SRM-USDT
2022-12-31 12:00:00,1672459200000,0.1470000000,0.1470000000,0.1430000000,0.1430000000,58142.5099430000,8416.7492730000,8416.7492730000,1,SRM-USDT
2022-12-31 13:00:00,1672462800000,0.1430000000,0.1430000000,0.1380000000,0.1390000000,95876.8972410000,13404.8307100000,13404.8307100000,1,SRM-USDT
2022-12-31 14:00:00,1672466400000,0.1390000000,0.1400000000,0.1380000000,0.1390000000,95209.2540600000,13290.2083110000,13290.2083110000,1,SRM-USDT
2022-12-31 15:00:00,1672470000000,0.1390000000,0.1420000000,0.1390000000,0.1410000000,63345.9062710000,8864.5761570000,8864.5761570000,1,SRM-USDT
2022-12-31 16:00:00,1672473600000,0.1410000000,0.1430000000,0.1400000000,0.1430000000,100224.6616880000,14104.5353870000,14104.5353870000,1,SRM-USDT
2022-12-31 17:00:00,1672477200000,0.1430000000,0.1440000000,0.1410000000,0.1410000000,61148.2784670000,8709.4488830000,8709.4488830000,1,SRM-USDT
2022-12-31 18:00:00,1672480800000,0.1410000000,0.1420000000,0.1400000000,0.1400000000,134208.2094500000,18810.4476710000,18810.4476710000,1,SRM-USDT
2022-12-31 19:00:00,1672484400000,0.1400000000,0.1420000000,0.1380000000,0.1380000000,156742.2071560000,21941.3713150000,21941.3713150000,1,SRM-USDT
2022-12-31 20:00:00,1672488000000,0.1380000000,0.1400000000,0.1380000000,0.1390000000,31729.6991740000,4392.1245430000,4392.1245430000,1,SRM-USDT
2022-12-31 21:00:00,1672491600000,0.1390000000,0.1390000000,0.1360000000,0.1370000000,36655.4566160000,5048.8245250000,5048.8245250000,1,SRM-USDT
2022-12-31 22:00:00,1672495200000,0.1370000000,0.1390000000,0.1360000000,0.1390000000,163947.2882850000,22466.1080150000,22466.1080150000,1,SRM-USDT
2022-12-31 23:00:00,1672498800000,0.1390000000,0.1390000000,0.1360000000,0.1370000000,119004.4866560000,16270.7595410000,16270.7595410000,1,SRM-USDT
2023-01-01 00:00:00,1672502400000,0.1360000000,0.1420000000,0.1360000000,0.1420000000,48577.8753500000,6726.5440910000,6726.5440910000,1,SRM-USDT
2023-01-01 01:00:00,1672506000000,0.1410000000,0.1420000000,0.1390000000,0.1390000000,193207.1457920000,26934.3063180000,26934.3063180000,1,SRM-USDT
2023-01-01 02:00:00,1672509600000,0.1380000000,0.1390000000,0.1370000000,0.1370000000,4369.4988270000,602.1619810000,602.1619810000,1,SRM-USDT
2023-01-01 03:00:00,1672513200000,0.1380000000,0.1380000000,0.1370000000,0.1380000000,51123.9593020000,7054.6713650000,7054.6713650000,1,SRM-USDT
2023-01-01 04:00:00,1672516800000,0.1380000000,0.1380000000,0.1370000000,0.1370000000,75050.9449190000,10351.2717650000,10351.2717650000,1,SRM-USDT
2023-01-01 05:00:00,1672520400000,0.1370000000,0.1390000000,0.1370000000,0.1390000000,29037.3321640000,4001.3619750000,4001.3619750000,1,SRM-USDT
2023-01-01 06:00:00,1672524000000,0.1380000000,0.1380000000,0.1360000000,0.1360000000,29936.4595830000,4087.3157570000,4087.3157570000,1,SRM-USDT
2023-01-01 07:00:00,1672527600000,0.1370000000,0.1380000000,0.1360000000,0.1360000000,9185.9704670000,1251.7639210000,1251.7639210000,1,SRM-USDT
2023-01-01 08:00:00,1672531200000,0.1360000000,0.1360000000,0.1310000000,0.1340000000,64256.7406520000,8581.9589240000,8581.9589240000,1,SRM-USDT
2023-01-01 09:00:00,1672534800000,0.1340000000,0.1350000000,0.1330000000,0.1330000000,13094.3797240000,1756.2441170000,1756.2441170000,1,SRM-USDT
2023-01-01 10:00:00,1672538400000,0.1330000000,0.1330000000,0.1320000000,0.1330000000,92902.0701700000,12354.1130000000,12354.1130000000,1,SRM-USDT
2023-01-01 11:00:00,1672542000000,0.1330000000,0.1340000000,0.1320000000,0.1340000000,70548.5445030000,9384.5169410000,9384.5169410000,1,SRM-USDT
2023-01-01 12:00:00,1672545600000,0.1330000000,0.1340000000,0.1320000000,0.1340000000,12614.6896740000,1676.9927930000,1676.9927930000,1,SRM-USDT
2023-01-01 13:00:00,1672549200000,0.1330000000,0.1330000000,0.1320000000,0.1320000000,63050.2843330000,8344.0679320000,8344.0679320000,1,SRM-USDT
2023-01-01 14:00:00,1672552800000,0.1320000000,0.1350000000,0.1310000000,0.1330000000,68466.7333010000,9142.5359310000,9142.5359310000,1,SRM-USDT
2023-01-01 15:00:00,1672556400000,0.1330000000,0.1340000000,0.1330000000,0.1330000000,303.1702630000,40.3962720000,40.3962720000,1,SRM-USDT
2023-01-01 16:00:00,1672560000000,0.1330000000,0.1340000000,0.1270000000,0.1320000000,124116.1537060000,16233.5660320000,16233.5660320000,1,SRM-USDT
2023-01-01 17:00:00,1672563600000,0.1310000000,0.1320000000,0.1310000000,0.1320000000,15156.8106330000,2000.5260410000,2000.5260410000,1,SRM-USDT
2023-01-01 18:00:00,1672567200000,0.1310000000,0.1320000000,0.1310000000,0.1310000000,2550.8192020000,334.2474050000,334.2474050000,1,SRM-USDT
2023-01-01 19:00:00,1672570800000,0.1320000000,0.1330000000,0.1320000000,0.1330000000,27465.2365500000,3650.1687940000,3650.1687940000,1,SRM-USDT
2023-01-01 20:00:00,1672574400000,0.1340000000,0.1340000000,0.1320000000,0.1320000000,40517.0600090000,5382.6005920000,5382.6005920000,1,SRM-USDT
2023-01-01 21:00:00,1672578000000,0.1320000000,0.1330000000,0.1320000000,0.1320000000,3982.6876240000,527.9249290000,527.9249290000,1,SRM-USDT
2023-01-01 22:00:00,1672581600000,0.1320000000,0.1320000000,0.1300000000,0.1310000000,26769.5771590000,3507.0720560000,3507.0720560000,1,SRM-USDT
2023-01-01 23:00:00,1672585200000,0.1320000000,0.1320000000,0.1310000000,0.1310000000,1503.1676810000,198.3683230000,198.3683230000,1,SRM-USDT
2023-01-02 00:00:00,1672588800000,0.1320000000,0.1320000000,0.1290000000,0.1300000000,36762.6209130000,4779.6829900000,4779.6829900000,1,SRM-USDT
2023-01-02 01:00:00,1672592400000,0.1300000000,0.1300000000,0.1290000000,0.1300000000,32372.7060950000,4201.8922210000,4201.8922210000,1,SRM-USDT
2023-01-02 02:00:00,1672596000000,0.1300000000,0.1310000000,0.1300000000,0.1310000000,2518.8533810000,329.8028430000,329.8028430000,1,SRM-USDT
2023-01-02 03:00:00,1672599600000,0.1320000000,0.1320000000,0.1320000000,0.1320000000,94.5945940000,12.4864860000,12.4864860000,1,SRM-USDT
2023-01-02 04:00:00,1672603200000,0.1310000000,0.1310000000,0.1280000000,0.1310000000,90049.5453300000,11718.2321690000,11718.2321690000,1,SRM-USDT
2023-01-02 05:00:00,1672606800000,0.1310000000,0.1310000000,0.1290000000,0.1300000000,5045.4081680000,658.4119500000,658.4119500000,1,SRM-USDT
2023-01-02 06:00:00,1672610400000,0.1300000000,0.1300000000,0.1300000000,0.1300000000,2305.5925120000,299.7270280000,299.7270280000,1,SRM-USDT
2023-01-02 07:00:00,1672614000000,0.1300000000,0.1310000000,0.1300000000,0.1310000000,78177.6174090000,10241.2678780000,10241.2678780000,1,SRM-USDT
2023-01-02 08:00:00,1672617600000,0.1310000000,0.1310000000,0.1310000000,0.1310000000,873.1241990000,114.3792700000,114.3792700000,1,SRM-USDT
2023-01-02 09:00:00,1672621200000,0.1310000000,0.1310000000,0.1300000000,0.1310000000,8346.5163580000,1086.3080540000,1086.3080540000,1,SRM-USDT
2023-01-02 10:00:00,1672624800000,0.1310000000,0.1310000000,0.1300000000,0.1300000000,1066.8542440000,138.7410520000,138.7410520000,1,SRM-USDT
2023-01-02 11:00:00,1672628400000,0.1310000000,0.1310000000,0.1300000000,0.1310000000,1312.3088870000,170.8768560000,170.8768560000,1,SRM-USDT
2023-01-02 12:00:00,1672632000000,0.1310000000,0.1310000000,0.1300000000,0.1300000000,35779.9331970000,4681.4670170000,4681.4670170000,1,SRM-USDT
2023-01-02 13:00:00,1672635600000,0.1310000000,0.1320000000,0.1300000000,0.1310000000,5040.8220950000,662.8729350000,662.8729350000,1,SRM-USDT
2023-01-02 14:00:00,1672639200000,0.1320000000,0.1320000000,0.1320000000,0.1320000000,3919.6000000000,517.3872000000,517.3872000000,1,SRM-USDT
2023-01-02 15:00:00,1672642800000,0.1310000000,0.1390000000,0.1310000000,0.1370000000,140623.1321330000,18951.3698090000,18951.3698090000,1,SRM-USDT
2023-01-02 16:00:00,1672646400000,0.1370000000,0.1500000000,0.1350000000,0.1420000000,394024.4156810000,56427.4397820000,56427.4397820000,1,SRM-USDT
2023-01-02 17:00:00,1672650000000,0.1410000000,0.1410000000,0.1370000000,0.1390000000,38054.7410270000,5282.6431760000,5282.6431760000,1,SRM-USDT
2023-01-02 18:00:00,1672653600000,0.1400000000,0.1410000000,0.1370000000,0.1370000000,37990.2147420000,5238.8063990000,5238.8063990000,1,SRM-USDT
2023-01-02 19:00:00,1672657200000,0.1380000000,0.1380000000,0.1360000000,0.1360000000,25012.1099800000,3415.9207280000,3415.9207280000,1,SRM-USDT
2023-01-02 20:00:00,1672660800000,0.1360000000,0.1370000000,0.1350000000,0.1370000000,67362.6796180000,9167.2718210000,9167.2718210000,1,SRM-USDT
2023-01-02 21:00:00,1672664400000,0.1360000000,0.1370000000,0.1340000000,0.1340000000,59302.5648030000,8053.5681660000,8053.5681660000,1,SRM-USDT
2023-01-02 22:00:00,1672668000000,0.1340000000,0.1360000000,0.1340000000,0.1360000000,7347.7431110000,989.6837570000,989.6837570000,1,SRM-USDT
2023-01-02 23:00:00,1672671600000,0.1360000000,0.1360000000,0.1350000000,0.1350000000,9379.0981030000,1273.2648610000,1273.2648610000,1,SRM-USDT
2023-01-03 00:00:00,1672675200000,0.1360000000,0.1370000000,0.1350000000,0.1370000000,30229.6422900000,4116.7135340000,4116.7135340000,1,SRM-USDT
2023-01-03 01:00:00,1672678800000,0.1360000000,0.1370000000,0.1350000000,0.1350000000,149151.9108040000,20284.4157070000,20284.4157070000,1,SRM-USDT
2023-01-03 02:00:00,1672682400000,0.1350000000,0.1360000000,0.1350000000,0.1350000000,146382.8121400000,19761.6917450000,19761.6917450000,1,SRM-USDT
2023-01-03 03:00:00,1672686000000,0.1350000000,0.1350000000,0.1320000000,0.1330000000,55738.4013130000,7440.5218560000,7440.5218560000,1,SRM-USDT
2023-01-03 04:00:00,1672689600000,0.1330000000,0.1330000000,0.1300000000,0.1320000000,36109.0449130000,4761.3478260000,4761.3478260000,1,SRM-USDT
2023-01-03 05:00:00,1672693200000,0.1330000000,0.1350000000,0.1330000000,0.1350000000,11703.7293230000,1570.9914980000,1570.9914980000,1,SRM-USDT
2023-01-03 06:00:00,1672696800000,0.1340000000,0.1340000000,0.1330000000,0.1340000000,214.7675970000,28.5998580000,28.5998580000,1,SRM-USDT
2023-01-03 07:00:00,1672700400000,0.1340000000,0.1340000000,0.1330000000,0.1330000000,9679.3672530000,1295.7956110000,1295.7956110000,1,SRM-USDT
2023-01-03 08:00:00,1672704000000,0.1330000000,0.1340000000,0.1320000000,0.1330000000,15165.7439980000,2020.3176650000,2020.3176650000,1,SRM-USDT
2023-01-03 09:00:00,1672707600000,0.1320000000,0.1340000000,0.1320000000,0.1330000000,21224.8942270000,2823.3166100000,2823.3166100000,1,SRM-USDT
2023-01-03 10:00:00,1672711200000,0.1340000000,0.1340000000,0.1320000000,0.1320000000,55034.0848670000,7316.4959570000,7316.4959570000,1,SRM-USDT
2023-01-03 11:00:00,1672714800000,0.1330000000,0.1330000000,0.1330000000,0.1330000000,13694.2973340000,1821.3415460000,1821.3415460000,1,SRM-USDT
2023-01-03 12:00:00,1672718400000,0.1330000000,0.1330000000,0.1320000000,0.1330000000,4561.6193890000,604.0573320000,604.0573320000,1,SRM-USDT
2023-01-03 13:00:00,1672722000000,0.1330000000,0.1380000000,0.1330000000,0.1350000000,89716.7134390000,12192.4962870000,12192.4962870000,1,SRM-USDT
2023-01-03 14:00:00,1672725600000,0.1360000000,0.1370000000,0.1350000000,0.1360000000,10487.4423530000,1426.6354930000,1426.6354930000,1,SRM-USDT
2023-01-03 15:00:00,1672729200000,0.1360000000,0.1360000000,0.1330000000,0.1340000000,17022.1070420000,2282.2466560000,2282.2466560000,1,SRM-USDT
2023-01-03 16:00:00,1672732800000,0.1330000000,0.1350000000,0.1330000000,0.1350000000,57257.3529040000,7676.2286130000,7676.2286130000,1,SRM-USDT
2023-01-03 17:00:00,1672736400000,0.1350000000,0.1350000000,0.1340000000,0.1350000000,8209.9395700000,1107.4765830000,1107.4765830000,1,SRM-USDT
2023-01-03 18:00:00,1672740000000,0.1360000000,0.1370000000,0.1350000000,0.1360000000,58202.8829900000,7914.8900830000,7914.8900830000,1,SRM-USDT
2023-01-03 19:00:00,1672743600000,0.1350000000,0.1360000000,0.1350000000,0.1350000000,24659.5394620000,3329.0408270000,3329.0408270000,1,SRM-USDT
2023-01-03 20:00:00,1672747200000,0.1350000000,0.1350000000,0.1330000000,0.1340000000,105215.9640940000,14088.1972620000,14088.1972620000,1,SRM-USDT
2023-01-03 21:00:00,1672750800000,0.1330000000,0.1340000000,0.1320000000,0.1330000000,16535.2150170000,2195.9486190000,2195.9486190000,1,SRM-USDT
2023-01-03 22:00:00,1672754400000,0.1330000000,0.1370000000,0.1330000000,0.1360000000,58555.3589170000,7963.3620630000,7963.3620630000,1,SRM-USDT
2023-01-03 23:00:00,1672758000000,0.1350000000,0.1480000000,0.1340000000,0.1420000000,374882.3646620000,52532.4032190000,52532.4032190000,1,SRM-USDT
2023-01-04 00:00:00,1672761600000,0.1430000000,0.1440000000,0.1380000000,0.1390000000,114308.8625120000,16170.0520100000,16170.0520100000,1,SRM-USDT
2023-01-04 01:00:00,1672765200000,0.1390000000,0.1420000000,0.1380000000,0.1400000000,70807.9422830000,9865.0994520000,9865.0994520000,1,SRM-USDT
2023-01-04 02:00:00,1672768800000,0.1400000000,0.1400000000,0.1370000000,0.1380000000,15642.5559140000,2165.2524930000,2165.2524930000,1,SRM-USDT
2023-01-04 03:00:00,1672772400000,0.1380000000,0.2000000000,0.1380000000,0.1850000000,700409.2029080000,119432.7389160000,119432.7389160000,1,SRM-USDT
2023-01-04 04:00:00,1672776000000,0.1860000000,0.1960000000,0.1750000000,0.1790000000,576364.2586330000,107196.4781840000,107196.4781840000,1,SRM-USDT
2023-01-04 05:00:00,1672779600000,0.1790000000,0.1900000000,0.1770000000,0.1810000000,341510.2123820000,62857.4486700000,62857.4486700000,1,SRM-USDT
2023-01-04 06:00:00,1672783200000,0.1810000000,0.1830000000,0.1710000000,0.1760000000,126216.0504170000,22535.6121780000,22535.6121780000,1,SRM-USDT
2023-01-04 07:00:00,1672786800000,0.1760000000,0.1790000000,0.1650000000,0.1690000000,308790.4163160000,52137.4259070000,52137.4259070000,1,SRM-USDT
2023-01-04 08:00:00,1672790400000,0.1690000000,0.1780000000,0.1610000000,0.1760000000,615152.1704390000,103511.1215200000,103511.1215200000,1,SRM-USDT
2023-01-04 09:00:00,1672794000000,0.1760000000,0.1890000000,0.1730000000,0.1800000000,735336.9921270000,131087.0380940000,131087.0380940000,1,SRM-USDT
2023-01-04 10:00:00,1672797600000,0.1810000000,0.1810000000,0.1680000000,0.1700000000,325397.3224150000,56480.2126660000,56480.2126660000,1,SRM-USDT
2023-01-04 11:00:00,1672801200000,0.1710000000,0.1760000000,0.1680000000,0.1730000000,162839.4302290000,27882.9002200000,27882.9002200000,1,SRM-USDT
2023-01-04 12:00:00,1672804800000,0.1720000000,0.1770000000,0.1720000000,0.1740000000,87105.7794140000,15244.3212930000,15244.3212930000,1,SRM-USDT
2023-01-04 13:00:00,1672808400000,0.1740000000,0.1810000000,0.1700000000,0.1810000000,230088.6486740000,40064.4751260000,40064.4751260000,1,SRM-USDT
2023-01-04 14:00:00,1672812000000,0.1790000000,0.1790000000,0.1740000000,0.1770000000,130594.3363760000,23082.4119210000,23082.4119210000,1,SRM-USDT
2023-01-04 15:00:00,1672815600000,0.1770000000,0.1880000000,0.1770000000,0.1840000000,417708.3231070000,76321.5279860000,76321.5279860000,1,SRM-USDT
2023-01-04 16:00:00,1672819200000,0.1840000000,0.1840000000,0.1780000000,0.1800000000,206302.3240990000,37355.6804210000,37355.6804210000,1,SRM-USDT
2023-01-04 17:00:00,1672822800000,0.1800000000,0.1800000000,0.1720000000,0.1720000000,197193.1836280000,34540.7903190000,34540.7903190000,1,SRM-USDT
2023-01-04 18:00:00,1672826400000,0.1720000000,0.1740000000,0.1700000000,0.1710000000,92519.9857000000,15853.3718630000,15853.3718630000,1,SRM-USDT
2023-01-04 19:00:00,1672830000000,0.1710000000,0.1710000000,0.1650000000,0.1670000000,256486.3605600000,42987.7797240000,42987.7797240000,1,SRM-USDT
2023-01-04 20:00:00,1672833600000,0.1680000000,0.1720000000,0.1660000000,0.1670000000,110030.3963940000,18633.3205600000,18633.3205600000,1,SRM-USDT
2023-01-04 21:00:00,1672837200000,0.1670000000,0.1750000000,0.1660000000,0.1700000000,206188.0672400000,35296.8677620000,35296.8677620000,1,SRM-USDT
2023-01-04 22:00:00,1672840800000,0.1690000000,0.1700000000,0.1670000000,0.1680000000,103209.5669590000,17356.5739860000,17356.5739860000,1,SRM-USDT
2023-01-04 23:00:00,1672844400000,0.1680000000,0.1690000000,0.1610000000,0.1620000000,141775.1737700000,23332.9099930000,23332.9099930000,1,SRM-USDT
2023-01-05 00:00:00,1672848000000,0.1620000000,0.1640000000,0.1570000000,0.1620000000,344255.2013950000,55026.0816260000,55026.0816260000,1,SRM-USDT
2023-01-05 01:00:00,1672851600000,0.1610000000,0.1720000000,0.1600000000,0.1640000000,203583.3253600000,33330.0069800000,33330.0069800000,1,SRM-USDT
2023-01-05 02:00:00,1672855200000,0.1650000000,0.1670000000,0.1610000000,0.1650000000,145275.6740640000,23940.3294490000,23940.3294490000,1,SRM-USDT
2023-01-05 03:00:00,1672858800000,0.1650000000,0.1670000000,0.1560000000,0.1610000000,343015.6057930000,55549.8328170000,55549.8328170000,1,SRM-USDT
2023-01-05 04:00:00,1672862400000,0.1610000000,0.1620000000,0.1550000000,0.1580000000,275044.2530450000,44005.9143610000,44005.9143610000,1,SRM-USDT
2023-01-05 05:00:00,1672866000000,0.1590000000,0.1640000000,0.1580000000,0.1610000000,136389.9546470000,21886.2904370000,21886.2904370000,1,SRM-USDT
2023-01-05 06:00:00,1672869600000,0.1620000000,0.1630000000,0.1590000000,0.1590000000,214524.7717510000,34266.7893390000,34266.7893390000,1,SRM-USDT
2023-01-05 07:00:00,1672873200000,0.1590000000,0.1620000000,0.1580000000,0.1620000000,36532.2386050000,5820.0261920000,5820.0261920000,1,SRM-USDT
2023-01-05 08:00:00,1672876800000,0.1610000000,0.1670000000,0.1600000000,0.1620000000,149858.1934390000,24528.9502600000,24528.9502600000,1,SRM-USDT
2023-01-05 09:00:00,1672880400000,0.1630000000,0.1640000000,0.1590000000,0.1620000000,101687.9412520000,16384.7572690000,16384.7572690000,1,SRM-USDT
2023-01-05 10:00:00,1672884000000,0.1610000000,0.1610000000,0.1580000000,0.1610000000,134747.1275620000,21567.3829810000,21567.3829810000,1,SRM-USDT
2023-01-05 11:00:00,1672887600000,0.1600000000,0.1600000000,0.1590000000,0.1600000000,30258.4064010000,4834.1393300000,4834.1393300000,1,SRM-USDT
2023-01-05 12:00:00,1672891200000,0.1600000000,0.1620000000,0.1600000000,0.1610000000,35934.1784640000,5750.9244130000,5750.9244130000,1,SRM-USDT
2023-01-05 13:00:00,1672894800000,0.1610000000,0.1610000000,0.1580000000,0.1590000000,24419.7267700000,3886.4215090000,3886.4215090000,1,SRM-USDT
2023-01-05 14:00:00,1672898400000,0.1580000000,0.1600000000,0.1580000000,0.1580000000,43288.9053020000,6878.0695480000,6878.0695480000,1,SRM-USDT
2023-01-05 15:00:00,1672902000000,0.1580000000,0.1600000000,0.1520000000,0.1560000000,249792.6615710000,38971.0434700000,38971.0434700000,1,SRM-USDT
2023-01-05 16:00:00,1672905600000,0.1560000000,0.1570000000,0.1550000000,0.1560000000,7938.9183320000,1236.9836250000,1236.9836250000,1,SRM-USDT
2023-01-05 17:00:00,1672909200000,0.1560000000,0.1560000000,0.1530000000,0.1540000000,98007.5558790000,15107.2557690000,15107.2557690000,1,SRM-USDT
2023-01-05 18:00:00,1672912800000,0.1540000000,0.1550000000,0.1520000000,0.1540000000,68892.1273180000,10606.5035340000,10606.5035340000,1,SRM-USDT
2023-01-05 19:00:00,1672916400000,0.1550000000,0.1560000000,0.1540000000,0.1550000000,25171.1381660000,3901.0794680000,3901.0794680000,1,SRM-USDT
2023-01-05 20:00:00,1672920000000,0.1540000000,0.1580000000,0.1540000000,0.1560000000,16196.5092040000,2527.4827560000,2527.4827560000,1,SRM-USDT
2023-01-05 21:00:00,1672923600000,0.1560000000,0.1570000000,0.1540000000,0.1560000000,83556.4700650000,13017.4517610000,13017.4517610000,1,SRM-USDT
2023-01-05 22:00:00,1672927200000,0.1560000000,0.1560000000,0.1540000000,0.1550000000,66142.8527540000,10189.0947770000,10189.0947770000,1,SRM-USDT
2023-01-05 23:00:00,1672930800000,0.1550000000,0.1560000000,0.1550000000,0.1550000000,23108.6979130000,3586.4958540000,3586.4958540000,1,SRM-USDT
2023-01-06 00:00:00,1672934400000,0.1550000000,0.1550000000,0.1530000000,0.1540000000,210367.1966540000,32389.4024550000,32389.4024550000,1,SRM-USDT
2023-01-06 01:00:00,1672938000000,0.1540000000,0.1540000000,0.1530000000,0.1540000000,108558.4225660000,16717.9028900000,16717.9028900000,1,SRM-USDT
2023-01-06 02:00:00,1672941600000,0.1540000000,0.1540000000,0.1520000000,0.1530000000,9072.2473320000,1383.1040740000,1383.1040740000,1,SRM-USDT
2023-01-06 03:00:00,1672945200000,0.1530000000,0.1530000000,0.1520000000,0.1520000000,58159.2330080000,8840.3180450000,8840.3180450000,1,SRM-USDT
2023-01-06 04:00:00,1672948800000,0.1520000000,0.1610000000,0.1520000000,0.1570000000,404279.9447010000,62988.8412740000,62988.8412740000,1,SRM-USDT
2023-01-06 05:00:00,1672952400000,0.1570000000,0.1570000000,0.1540000000,0.1550000000,28686.5015070000,4453.1701410000,4453.1701410000,1,SRM-USDT
2023-01-06 06:00:00,1672956000000,0.1550000000,0.1650000000,0.1550000000,0.1650000000,271184.1337520000,43785.6998180000,43785.6998180000,1,SRM-USDT
2023-01-06 07:00:00,1672959600000,0.1640000000,0.1660000000,0.1590000000,0.1590000000,218754.7343940000,35463.1090960000,35463.1090960000,1,SRM-USDT
2023-01-06 08:00:00,1672963200000,0.1590000000,0.1600000000,0.1580000000,0.1580000000,17765.6594100000,2813.5729970000,2813.5729970000,1,SRM-USDT
2023-01-06 09:00:00,1672966800000,0.1580000000,0.1630000000,0.1580000000,0.1610000000,61148.2283080000,9896.5696550000,9896.5696550000,1,SRM-USDT
2023-01-06 10:00:00,1672970400000,0.1600000000,0.1650000000,0.1590000000,0.1630000000,85952.1576520000,13993.3531170000,13993.3531170000,1,SRM-USDT
2023-01-06 11:00:00,1672974000000,0.1630000000,0.1630000000,0.1590000000,0.1600000000,80691.8419380000,12938.1712600000,12938.1712600000,1,SRM-USDT
2023-01-06 12:00:00,1672977600000,0.1590000000,0.1590000000,0.1520000000,0.1530000000,187966.3510170000,29294.7417660000,29294.7417660000,1,SRM-USDT
2023-01-06 13:00:00,1672981200000,0.1530000000,0.1550000000,0.1510000000,0.1550000000,69290.5209110000,10668.8876920000,10668.8876920000,1,SRM-USDT
2023-01-06 14:00:00,1672984800000,0.1550000000,0.1560000000,0.1540000000,0.1540000000,42699.3246430000,6614.1359560000,6614.1359560000,1,SRM-USDT
2023-01-06 15:00:00,1672988400000,0.1550000000,0.1550000000,0.1530000000,0.1540000000,78957.7689000000,12151.0875890000,12151.0875890000,1,SRM-USDT
2023-01-06 16:00:00,1672992000000,0.1540000000,0.1550000000,0.1520000000,0.1550000000,6851.7852460000,1049.3523070000,1049.3523070000,1,SRM-USDT
2023-01-06 17:00:00,1672995600000,0.1540000000,0.1540000000,0.1520000000,0.1540000000,65673.1082990000,10058.9305200000,10058.9305200000,1,SRM-USDT
2023-01-06 18:00:00,1672999200000,0.1540000000,0.1640000000,0.1530000000,0.1630000000,435625.3651820000,70225.2419870000,70225.2419870000,1,SRM-USDT
2023-01-06 19:00:00,1673002800000,0.1630000000,0.1670000000,0.1560000000,0.1570000000,124121.5596150000,20188.4777910000,20188.4777910000,1,SRM-USDT
2023-01-06 20:00:00,1673006400000,0.1560000000,0.1570000000,0.1540000000,0.1550000000,72102.1986800000,11185.2900960000,11185.2900960000,1,SRM-USDT
2023-01-06 21:00:00,1673010000000,0.1550000000,0.1550000000,0.1520000000,0.1540000000,78594.3860730000,12111.3443260000,12111.3443260000,1,SRM-USDT
2023-01-06 22:00:00,1673013600000,0.1550000000,0.1560000000,0.1530000000,0.1550000000,95227.5148810000,14690.0439500000,14690.0439500000,1,SRM-USDT
2023-01-06 23:00:00,1673017200000,0.1550000000,0.1560000000,0.1540000000,0.1540000000,67700.3729290000,10466.4786280000,10466.4786280000,1,SRM-USDT
2023-01-07 00:00:00,1673020800000,0.1540000000,0.1580000000,0.1530000000,0.1580000000,88363.0893540000,13773.1630730000,13773.1630730000,1,SRM-USDT
2023-01-07 01:00:00,1673024400000,0.1580000000,0.1580000000,0.1550000000,0.1550000000,37832.6871520000,5907.5349160000,5907.5349160000,1,SRM-USDT
2023-01-07 02:00:00,1673028000000,0.1540000000,0.1630000000,0.1540000000,0.1590000000,80889.1628080000,12876.1242430000,12876.1242430000,1,SRM-USDT
2023-01-07 03:00:00,1673031600000,0.1590000000,0.1640000000,0.1570000000,0.1610000000,122954.1294410000,19833.2546660000,19833.2546660000,1,SRM-USDT
2023-01-07 04:00:00,1673035200000,0.1600000000,0.1620000000,0.1590000000,0.1600000000,91119.3514900000,14509.3053750000,14509.3053750000,1,SRM-USDT
2023-01-07 05:00:00,1673038800000,0.1590000000,0.1600000000,0.1580000000,0.1590000000,66271.0999400000,10506.7610350000,10506.7610350000,1,SRM-USDT
2023-01-07 06:00:00,1673042400000,0.1580000000,0.1590000000,0.1560000000,0.1560000000,16016.5737350000,2529.5529960000,2529.5529960000,1,SRM-USDT
2023-01-07 07:00:00,1673046000000,0.1570000000,0.1570000000,0.1560000000,0.1570000000,5390.3660190000,842.6194480000,842.6194480000,1,SRM-USDT
2023-01-07 08:00:00,1673049600000,0.1570000000,0.1570000000,0.1550000000,0.1550000000,73894.4011630000,11523.9722100000,11523.9722100000,1,SRM-USDT
2023-01-07 09:00:00,1673053200000,0.1550000000,0.1570000000,0.1550000000,0.1560000000,27195.0187570000,4228.2751470000,4228.2751470000,1,SRM-USDT
2023-01-07 10:00:00,1673056800000,0.1560000000,0.1570000000,0.1550000000,0.1560000000,51645.4227350000,8058.6255090000,8058.6255090000,1,SRM-USDT
2023-01-07 11:00:00,1673060400000,0.1560000000,0.1580000000,0.1560000000,0.1580000000,11781.7452870000,1839.8534200000,1839.8534200000,1,SRM-USDT
2023-01-07 12:00:00,1673064000000,0.1570000000,0.1570000000,0.1560000000,0.1570000000,54557.0851400000,8564.0058940000,8564.0058940000,1,SRM-USDT
2023-01-07 13:00:00,1673067600000,0.1570000000,0.1580000000,0.1570000000,0.1580000000,52057.7505640000,8214.2535730000,8214.2535730000,1,SRM-USDT
2023-01-07 14:00:00,1673071200000,0.1590000000,0.1600000000,0.1580000000,0.1590000000,31215.5204640000,4961.0214240000,4961.0214240000,1,SRM-USDT
2023-01-07 15:00:00,1673074800000,0.1580000000,0.1580000000,0.1560000000,0.1570000000,109310.0056640000,17232.5524400000,17232.5524400000,1,SRM-USDT
2023-01-07 16:00:00,1673078400000,0.1580000000,0.1580000000,0.1570000000,0.1570000000,55206.5524390000,8687.0641450000,8687.0641450000,1,SRM-USDT
2023-01-07 17:00:00,1673082000000,0.1570000000,0.1570000000,0.1550000000,0.1570000000,19147.5295200000,2990.5896120000,2990.5896120000,1,SRM-USDT
2023-01-07 18:00:00,1673085600000,0.1560000000,0.1560000000,0.1560000000,0.1560000000,3922.2657340000,611.8734550000,611.8734550000,1,SRM-USDT
2023-01-07 19:00:00,1673089200000,0.1560000000,0.1580000000,0.1560000000,0.1580000000,58203.4271590000,9136.4323140000,9136.4323140000,1,SRM-USDT
2023-01-07 20:00:00,1673092800000,0.1580000000,0.1580000000,0.1570000000,0.1570000000,1196.7556190000,188.0874700000,188.0874700000,1,SRM-USDT
2023-01-07 21:00:00,1673096400000,0.1570000000,0.1640000000,0.1560000000,0.1620000000,87225.6704490000,14170.9966760000,14170.9966760000,1,SRM-USDT
2023-01-07 22:00:00,1673100000000,0.1610000000,0.1620000000,0.1590000000,0.1610000000,13435.0765370000,2146.9235960000,2146.9235960000,1,SRM-USDT
2023-01-07 23:00:00,1673103600000,0.1620000000,0.1620000000,0.1590000000,0.1590000000,22472.2818780000,3583.4877250000,3583.4877250000,1,SRM-USDT
2023-01-08 00:00:00,1673107200000,0.1580000000,0.1590000000,0.1570000000,0.1570000000,2472.6922700000,390.8966040000,390.8966040000,1,SRM-USDT
2023-01-08 01:00:00,1673110800000,0.1570000000,0.1580000000,0.1570000000,0.1580000000,55226.6792010000,8725.4863820000,8725.4863820000,1,SRM-USDT
2023-01-08 02:00:00,1673114400000,0.1590000000,0.1590000000,0.1560000000,0.1590000000,5688.8684370000,896.8773760000,896.8773760000,1,SRM-USDT
2023-01-08 03:00:00,1673118000000,0.1590000000,0.1590000000,0.1580000000,0.1580000000,61269.3220490000,9732.4910770000,9732.4910770000,1,SRM-USDT
2023-01-08 04:00:00,1673121600000,0.1590000000,0.1590000000,0.1590000000,0.1590000000,134.5484350000,21.3932070000,21.3932070000,1,SRM-USDT
2023-01-08 05:00:00,1673125200000,0.1590000000,0.1600000000,0.1580000000,0.1580000000,21759.6390140000,3455.7544100000,3455.7544100000,1,SRM-USDT
2023-01-08 06:00:00,1673128800000,0.1580000000,0.1580000000,0.1540000000,0.1560000000,73220.7028210000,11412.8090980000,11412.8090980000,1,SRM-USDT
2023-01-08 07:00:00,1673132400000,0.1570000000,0.1570000000,0.1570000000,0.1570000000,1317.5732480000,206.8590000000,206.8590000000,1,SRM-USDT
2023-01-08 08:00:00,1673136000000,0.1570000000,0.1580000000,0.1570000000,0.1580000000,3027.7049540000,476.1346760000,476.1346760000,1,SRM-USDT
2023-01-08 09:00:00,1673139600000,0.1590000000,0.1620000000,0.1560000000,0.1580000000,68767.3546550000,10891.9424510000,10891.9424510000,1,SRM-USDT
2023-01-08 10:00:00,1673143200000,0.1580000000,0.1630000000,0.1580000000,0.1600000000,46274.8632110000,7383.1137990000,7383.1137990000,1,SRM-USDT
2023-01-08 11:00:00,1673146800000,0.1590000000,0.1600000000,0.1590000000,0.1590000000,54697.8431990000,8746.9882080000,8746.9882080000,1,SRM-USDT
2023-01-08 12:00:00,1673150400000,0.1590000000,0.1600000000,0.1570000000,0.1600000000,14187.5094350000,2251.0536030000,2251.0536030000,1,SRM-USDT
2023-01-08 13:00:00,1673154000000,0.1590000000,0.1590000000,0.1580000000,0.1580000000,21812.3401740000,3449.1907430000,3449.1907430000,1,SRM-USDT
2023-01-08 14:00:00,1673157600000,0.1580000000,0.1580000000,0.1560000000,0.1570000000,8648.8129460000,1355.5047020000,1355.5047020000,1,SRM-USDT
2023-01-08 15:00:00,1673161200000,0.1570000000,0.1570000000,0.1560000000,0.1570000000,39819.5251030000,6250.8524070000,6250.8524070000,1,SRM-USDT
2023-01-08 16:00:00,1673164800000,0.1580000000,0.1590000000,0.1580000000,0.1580000000,2366.2781920000,373.8761060000,373.8761060000,1,SRM-USDT
2023-01-08 17:00:00,1673168400000,0.1590000000,0.1630000000,0.1590000000,0.1600000000,127363.7842010000,20650.7456530000,20650.7456530000,1,SRM-USDT
2023-01-08 18:00:00,1673172000000,0.1600000000,0.1600000000,0.1570000000,0.1570000000,31834.3688110000,5036.2410790000,5036.2410790000,1,SRM-USDT
2023-01-08 19:00:00,1673175600000,0.1570000000,0.1580000000,0.1570000000,0.1580000000,2499.2966690000,392.4524700000,392.4524700000,1,SRM-USDT
2023-01-08 20:00:00,1673179200000,0.1570000000,0.1580000000,0.1570000000,0.1580000000,1778.7446230000,281.0289240000,281.0289240000,1,SRM-USDT
2023-01-08 21:00:00,1673182800000,0.1580000000,0.1610000000,0.1580000000,0.1600000000,80853.1216340000,12930.8089020000,12930.8089020000,1,SRM-USDT
2023-01-08 22:00:00,1673186400000,0.1600000000,0.1600000000,0.1580000000,0.1580000000,49112.8188990000,7822.8319890000,7822.8319890000,1,SRM-USDT
2023-01-08 23:00:00,1673190000000,0.1590000000,0.1600000000,0.1590000000,0.1600000000,12062.0437570000,1923.5723860000,1923.5723860000,1,SRM-USDT
2023-01-09 00:00:00,1673193600000,0.1590000000,0.1590000000,0.1570000000,0.1580000000,4686.0168040000,740.7389960000,740.7389960000,1,SRM-USDT
2023-01-09 01:00:00,1673197200000,0.1580000000,0.1580000000,0.1580000000,0.1580000000,731.4598410000,115.5706550000,115.5706550000,1,SRM-USDT
2023-01-09 02:00:00,1673200800000,0.1580000000,0.1580000000,0.1580000000,0.1580000000,2650.9359990000,418.8478880000,418.8478880000,1,SRM-USDT
2023-01-09 03:00:00,1673204400000,0.1580000000,0.1600000000,0.1580000000,0.1590000000,8690.3866650000,1384.2297350000,1384.2297350000,1,SRM-USDT
2023-01-09 04:00:00,1673208000000,0.1590000000,0.1590000000,0.1570000000,0.1590000000,99383.1849030000,15698.4918750000,15698.4918750000,1,SRM-USDT
2023-01-09 05:00:00,1673211600000,0.1590000000,0.1590000000,0.1550000000,0.1580000000,19872.1093940000,3114.5209460000,3114.5209460000,1,SRM-USDT
2023-01-09 06:00:00,1673215200000,0.1590000000,0.1590000000,0.1580000000,0.1580000000,3325.0316110000,527.3297780000,527.3297780000,1,SRM-USDT
2023-01-09 07:00:00,1673218800000,0.1590000000,0.1600000000,0.1590000000,0.1600000000,24147.3602110000,3860.7888510000,3860.7888510000,1,SRM-USDT
2023-01-09 08:00:00,1673222400000,0.1600000000,0.1670000000,0.1600000000,0.1640000000,219168.5011190000,35947.4493390000,35947.4493390000,1,SRM-USDT
2023-01-09 09:00:00,1673226000000,0.1640000000,0.1710000000,0.1620000000,0.1700000000,150734.8269890000,25384.0251310000,25384.0251310000,1,SRM-USDT
2023-01-09 10:00:00,1673229600000,0.1700000000,0.1750000000,0.1680000000,0.1680000000,180379.4573040000,30829.6459540000,30829.6459540000,1,SRM-USDT
2023-01-09 11:00:00,1673233200000,0.1680000000,0.1680000000,0.1660000000,0.1680000000,31480.1372690000,5256.5144820000,5256.5144820000,1,SRM-USDT
2023-01-09 12:00:00,1673236800000,0.1680000000,0.1700000000,0.1660000000,0.1700000000,101926.9497420000,17137.3465780000,17137.3465780000,1,SRM-USDT
2023-01-09 13:00:00,1673240400000,0.1700000000,0.1710000000,0.1690000000,0.1710000000,126262.9550270000,21450.2674760000,21450.2674760000,1,SRM-USDT
2023-01-09 14:00:00,1673244000000,0.1710000000,0.1720000000,0.1690000000,0.1720000000,36682.0193720000,6268.9940400000,6268.9940400000,1,SRM-USDT
2023-01-09 15:00:00,1673247600000,0.1720000000,0.1720000000,0.1700000000,0.1700000000,82001.9407520000,14036.2017340000,14036.2017340000,1,SRM-USDT
2023-01-09 16:00:00,1673251200000,0.1710000000,0.1720000000,0.1670000000,0.1680000000,134224.2179140000,22585.9195620000,22585.9195620000,1,SRM-USDT
2023-01-09 17:00:00,1673254800000,0.1680000000,0.1690000000,0.1670000000,0.1680000000,40061.5451610000,6730.2517620000,6730.2517620000,1,SRM-USDT
2023-01-09 18:00:00,1673258400000,0.1680000000,0.1710000000,0.1680000000,0.1700000000,9231.5280090000,1557.8972870000,1557.8972870000,1,SRM-USDT
2023-01-09 19:00:00,1673262000000,0.1710000000,0.1720000000,0.1700000000,0.1700000000,109525.6006240000,18681.4090690000,18681.4090690000,1,SRM-USDT
2023-01-09 20:00:00,1673265600000,0.1700000000,0.1710000000,0.1690000000,0.1710000000,125727.7818680000,21375.0784550000,21375.0784550000,1,SRM-USDT
2023-01-09 21:00:00,1673269200000,0.1710000000,0.1710000000,0.1680000000,0.1680000000,102944.6018830000,17486.9756650000,17486.9756650000,1,SRM-USDT
2023-01-09 22:00:00,1673272800000,0.1690000000,0.1700000000,0.1670000000,0.1700000000,116697.2923130000,19538.3560630000,19538.3560630000,1,SRM-USDT
2023-01-09 23:00:00,1673276400000,0.1690000000,0.1800000000,0.1660000000,0.1780000000,187753.4280500000,32532.7810750000,32532.7810750000,1,SRM-USDT
2023-01-10 00:00:00,1673280000000,0.1770000000,0.1800000000,0.1710000000,0.1750000000,340586.9686550000,60209.2926800000,60209.2926800000,1,SRM-USDT
2023-01-10 01:00:00,1673283600000,0.1740000000,0.1770000000,0.1710000000,0.1730000000,85704.4941270000,14859.7443440000,14859.7443440000,1,SRM-USDT
2023-01-10 02:00:00,1673287200000,0.1730000000,0.1730000000,0.1700000000,0.1700000000,117635.2549340000,20095.3115670000,20095.3115670000,1,SRM-USDT
2023-01-10 03:00:00,1673290800000,0.1710000000,0.2050000000,0.1710000000,0.1980000000,465588.7367780000,88874.5904600000,88874.5904600000,1,SRM-USDT
2023-01-10 04:00:00,1673294400000,0.1980000000,0.2330000000,0.1920000000,0.2140000000,856229.8431040000,183473.9642770000,183473.9642770000,1,SRM-USDT
2023-01-10 05:00:00,1673298000000,0.2150000000,0.2210000000,0.1930000000,0.2060000000,514386.5840270000,104722.3435420000,104722.3435420000,1,SRM-USDT
2023-01-10 06:00:00,1673301600000,0.2070000000,0.2100000000,0.1940000000,0.1960000000,162554.7372460000,32732.7543500000,32732.7543500000,1,SRM-USDT
2023-01-10 07:00:00,1673305200000,0.1970000000,0.2010000000,0.1880000000,0.1910000000,208929.5098040000,40482.2125260000,40482.2125260000,1,SRM-USDT
2023-01-10 08:00:00,1673308800000,0.1910000000,0.1920000000,0.1810000000,0.1900000000,191537.3955140000,36001.1560900000,36001.1560900000,1,SRM-USDT
2023-01-10 09:00:00,1673312400000,0.1900000000,0.1910000000,0.1820000000,0.1860000000,159597.1122760000,29669.8264800000,29669.8264800000,1,SRM-USDT
2023-01-10 10:00:00,1673316000000,0.1870000000,0.1920000000,0.1820000000,0.1830000000,60332.7529290000,11345.5403080000,11345.5403080000,1,SRM-USDT
2023-01-10 11:00:00,1673319600000,0.1840000000,0.1870000000,0.1780000000,0.1850000000,117777.6419160000,21449.3674620000,21449.3674620000,1,SRM-USDT
2023-01-10 12:00:00,1673323200000,0.1840000000,0.1850000000,0.1780000000,0.1800000000,188807.0516120000,34125.8545640000,34125.8545640000,1,SRM-USDT
2023-01-10 13:00:00,1673326800000,0.1800000000,0.1870000000,0.1800000000,0.1830000000,159735.8285730000,29248.7297060000,29248.7297060000,1,SRM-USDT
2023-01-10 14:00:00,1673330400000,0.1830000000,0.1840000000,0.1810000000,0.1830000000,46743.2384920000,8515.8779580000,8515.8779580000,1,SRM-USDT
2023-01-10 15:00:00,1673334000000,0.1830000000,0.1910000000,0.1830000000,0.1860000000,261358.4277860000,48757.7598660000,48757.7598660000,1,SRM-USDT
2023-01-10 16:00:00,1673337600000,0.1860000000,0.1890000000,0.1830000000,0.1880000000,29029.4926980000,5406.5392770000,5406.5392770000,1,SRM-USDT
2023-01-10 17:00:00,1673341200000,0.1870000000,0.2100000000,0.1870000000,0.1970000000,328210.9048580000,65565.9829520000,65565.9829520000,1,SRM-USDT
2023-01-10 18:00:00,1673344800000,0.1980000000,0.2040000000,0.1940000000,0.1970000000,211089.7653390000,41787.8508140000,41787.8508140000,1,SRM-USDT
2023-01-10 19:00:00,1673348400000,0.1970000000,0.1970000000,0.1900000000,0.1900000000,100118.8318200000,19340.7059120000,19340.7059120000,1,SRM-USDT
2023-01-10 20:00:00,1673352000000,0.1900000000,0.1930000000,0.1870000000,0.1890000000,184433.1363100000,34996.8366700000,34996.8366700000,1,SRM-USDT
2023-01-10 21:00:00,1673355600000,0.1890000000,0.1920000000,0.1870000000,0.1880000000,125353.3960780000,23780.6075530000,23780.6075530000,1,SRM-USDT
2023-01-10 22:00:00,1673359200000,0.1880000000,0.1910000000,0.1870000000,0.1890000000,164691.9212700000,31027.0414530000,31027.0414530000,1,SRM-USDT
2023-01-10 23:00:00,1673362800000,0.1890000000,0.1900000000,0.1870000000,0.1880000000,58718.4969060000,11047.0353970000,11047.0353970000,1,SRM-USDT
2023-01-11 00:00:00,1673366400000,0.1880000000,0.2100000000,0.1880000000,0.1900000000,713543.0725850000,139618.0116450000,139618.0116450000,1,SRM-USDT
2023-01-11 01:00:00,1673370000000,0.1900000000,0.1910000000,0.1850000000,0.1870000000,129521.2243200000,24361.7901110000,24361.7901110000,1,SRM-USDT
2023-01-11 02:00:00,1673373600000,0.1870000000,0.1870000000,0.1860000000,0.1870000000,130581.1807170000,24415.1316490000,24415.1316490000,1,SRM-USDT
2023-01-11 03:00:00,1673377200000,0.1880000000,0.1970000000,0.1880000000,0.1890000000,70118.1004220000,13467.0158750000,13467.0158750000,1,SRM-USDT
2023-01-11 04:00:00,1673380800000,0.1870000000,0.1910000000,0.1870000000,0.1910000000,144992.2903590000,27313.6643850000,27313.6643850000,1,SRM-USDT
2023-01-11 05:00:00,1673384400000,0.1910000000,0.1920000000,0.1880000000,0.1900000000,86091.5557990000,16310.1736300000,16310.1736300000,1,SRM-USDT
2023-01-11 06:00:00,1673388000000,0.1910000000,0.1910000000,0.1890000000,0.1910000000,61898.6085450000,11751.8093380000,11751.8093380000,1,SRM-USDT
2023-01-11 07:00:00,1673391600000,0.1910000000,0.1930000000,0.1900000000,0.1910000000,86188.6843980000,16483.6682000000,16483.6682000000,1,SRM-USDT
2023-01-11 08:00:00,1673395200000,0.1900000000,0.1910000000,0.1870000000,0.1880000000,15496.1723330000,2925.3677500000,2925.3677500000,1,SRM-USDT
2023-01-11 09:00:00,1673398800000,0.1890000000,0.1900000000,0.1820000000,0.1830000000,211428.1912830000,39449.0592090000,39449.0592090000,1,SRM-USDT
2023-01-11 10:00:00,1673402400000,0.1820000000,0.1850000000,0.1810000000,0.1830000000,32930.2485600000,6037.2528740000,6037.2528740000,1,SRM-USDT
2023-01-11 11:00:00,1673406000000,0.1830000000,0.1830000000,0.1800000000,0.1810000000,284841.8952470000,51571.0528870000,51571.0528870000,1,SRM-USDT
2023-01-11 12:00:00,1673409600000,0.1810000000,0.1830000000,0.1790000000,0.1830000000,147615.3737010000,26729.0002510000,26729.0002510000,1,SRM-USDT
2023-01-11 13:00:00,1673413200000,0.1820000000,0.1820000000,0.1800000000,0.1810000000,74026.2042610000,13427.0881590000,13427.0881590000,1,SRM-USDT
2023-01-11 14:00:00,1673416800000,0.1810000000,0.1830000000,0.1810000000,0.1820000000,62460.7218140000,11364.8968000000,11364.8968000000,1,SRM-USDT
2023-01-11 15:00:00,1673420400000,0.1810000000,0.1820000000,0.1810000000,0.1810000000,10102.3143460000,1828.8188970000,1828.8188970000,1,SRM-USDT
2023-01-11 16:00:00,1673424000000,0.1810000000,0.1820000000,0.1810000000,0.1820000000,3940.3235610000,714.9768210000,714.9768210000,1,SRM-USDT
2023-01-11 17:00:00,1673427600000,0.1820000000,0.1840000000,0.1820000000,0.1820000000,81737.1159140000,14937.0177190000,14937.0177190000,1,SRM-USDT
2023-01-11 18:00:00,1673431200000,0.1830000000,0.1840000000,0.1820000000,0.1820000000,9912.0713630000,1809.2131290000,1809.2131290000,1,SRM-USDT
2023-01-11 19:00:00,1673434800000,0.1820000000,0.1830000000,0.1820000000,0.1820000000,27125.4230650000,4936.9736530000,4936.9736530000,1,SRM-USDT
2023-01-11 20:00:00,1673438400000,0.1830000000,0.1860000000,0.1820000000,0.1820000000,100940.2550300000,18607.0775040000,18607.0775040000,1,SRM-USDT
2023-01-11 21:00:00,1673442000000,0.1820000000,0.1820000000,0.1800000000,0.1820000000,24040.9031180000,4349.6305220000,4349.6305220000,1,SRM-USDT
2023-01-11 22:00:00,1673445600000,0.1810000000,0.1880000000,0.1800000000,0.1850000000,106499.1102760000,19679.5522000000,19679.5522000000,1,SRM-USDT
2023-01-11 23:00:00,1673449200000,0.1850000000,0.1870000000,0.1820000000,0.1850000000,86560.0820830000,16027.3160290000,16027.3160290000,1,SRM-USDT
2023-01-12 00:00:00,1673452800000,0.1840000000,0.1860000000,0.1830000000,0.1860000000,82689.9343330000,15314.2414220000,15314.2414220000,1,SRM-USDT
2023-01-12 01:00:00,1673456400000,0.1860000000,0.1860000000,0.1790000000,0.1800000000,103595.3377270000,18771.3907560000,18771.3907560000,1,SRM-USDT
2023-01-12 02:00:00,1673460000000,0.1810000000,0.1820000000,0.1760000000,0.1760000000,118538.8230500000,21265.5961670000,21265.5961670000,1,SRM-USDT
2023-01-12 03:00:00,1673463600000,0.1760000000,0.1800000000,0.1730000000,0.1780000000,86110.1432100000,15219.2103700000,15219.2103700000,1,SRM-USDT
2023-01-12 04:00:00,1673467200000,0.1790000000,0.1800000000,0.1770000000,0.1790000000,54603.5556740000,9728.7090390000,9728.7090390000,1,SRM-USDT
2023-01-12 05:00:00,1673470800000,0.1800000000,0.1820000000,0.1770000000,0.1770000000,10059.5894130000,1804.7741440000,1804.7741440000,1,SRM-USDT
2023-01-12 06:00:00,1673474400000,0.1780000000,0.1800000000,0.1780000000,0.1790000000,243097.1345820000,43407.4727680000,43407.4727680000,1,SRM-USDT
2023-01-12 07:00:00,1673478000000,0.1780000000,0.1820000000,0.1770000000,0.1810000000,118106.4722080000,21221.0941800000,21221.0941800000,1,SRM-USDT
2023-01-12 08:00:00,1673481600000,0.1810000000,0.1860000000,0.1810000000,0.1860000000,107545.1114460000,19721.6060460000,19721.6060460000,1,SRM-USDT
2023-01-12 09:00:00,1673485200000,0.1850000000,0.1860000000,0.1840000000,0.1860000000,192247.6701400000,35530.0307290000,35530.0307290000,1,SRM-USDT
2023-01-12 10:00:00,1673488800000,0.1860000000,0.1860000000,0.1840000000,0.1850000000,23805.9770380000,4412.5057920000,4412.5057920000,1,SRM-USDT
2023-01-12 11:00:00,1673492400000,0.1850000000,0.1860000000,0.1840000000,0.1850000000,47249.2405850000,8730.9207070000,8730.9207070000,1,SRM-USDT
2023-01-12 12:00:00,1673496000000,0.1850000000,0.1870000000,0.1840000000,0.1850000000,36697.0024840000,6791.9292310000,6791.9292310000,1,SRM-USDT
2023-01-12 13:00:00,1673499600000,0.1840000000,0.1850000000,0.1820000000,0.1820000000,77209.7738010000,14237.9942920000,14237.9942920000,1,SRM-USDT
2023-01-12 14:00:00,1673503200000,0.1830000000,0.1830000000,0.1830000000,0.1830000000,4914.2978800000,899.3165120000,899.3165120000,1,SRM-USDT
2023-01-12 15:00:00,1673506800000,0.1830000000,0.1840000000,0.1830000000,0.1840000000,4682.7797240000,857.9256900000,857.9256900000,1,SRM-USDT
2023-01-12 16:00:00,1673510400000,0.1830000000,0.1830000000,0.1790000000,0.1830000000,103593.7240270000,18750.7364450000,18750.7364450000,1,SRM-USDT
2023-01-12 17:00:00,1673514000000,0.1820000000,0.1830000000,0.1820000000,0.1820000000,86600.5706090000,15772.5263740000,15772.5263740000,1,SRM-USDT
2023-01-12 18:00:00,1673517600000,0.1820000000,0.1840000000,0.1790000000,0.1800000000,71010.9074950000,12793.3684640000,12793.3684640000,1,SRM-USDT
2023-01-12 19:00:00,1673521200000,0.1800000000,0.1800000000,0.1790000000,0.1790000000,18310.6079830000,3280.7678270000,3280.7678270000,1,SRM-USDT
2023-01-12 20:00:00,1673524800000,0.1790000000,0.1790000000,0.1780000000,0.1790000000,18415.0271190000,3279.4242850000,3279.4242850000,1,SRM-USDT
2023-01-12 21:00:00,1673528400000,0.1800000000,0.1830000000,0.1780000000,0.1810000000,31245.7033420000,5625.0623480000,5625.0623480000,1,SRM-USDT
2023-01-12 22:00:00,1673532000000,0.1810000000,0.1860000000,0.1810000000,0.1810000000,161424.8989650000,29499.9505390000,29499.9505390000,1,SRM-USDT
2023-01-12 23:00:00,1673535600000,0.1820000000,0.1820000000,0.1800000000,0.1810000000,10554.2685460000,1912.5279490000,1912.5279490000,1,SRM-USDT
2023-01-13 00:00:00,1673539200000,0.1810000000,0.1820000000,0.1810000000,0.1820000000,68835.8763320000,12483.6859790000,12483.6859790000,1,SRM-USDT
2023-01-13 01:00:00,1673542800000,0.1830000000,0.1850000000,0.1810000000,0.1850000000,93404.6306340000,17082.9378880000,17082.9378880000,1,SRM-USDT
2023-01-13 02:00:00,1673546400000,0.1860000000,0.1870000000,0.1820000000,0.1840000000,91524.7687620000,16971.7946750000,16971.7946750000,1,SRM-USDT
2023-01-13 03:00:00,1673550000000,0.1840000000,0.1870000000,0.1820000000,0.1860000000,54801.0210350000,10057.0492290000,10057.0492290000,1,SRM-USDT
2023-01-13 04:00:00,1673553600000,0.1860000000,0.1860000000,0.1850000000,0.1860000000,3509.8336680000,652.5471660000,652.5471660000,1,SRM-USDT
2023-01-13 05:00:00,1673557200000,0.1850000000,0.1860000000,0.1820000000,0.1840000000,13242.1804400000,2436.8825630000,2436.8825630000,1,SRM-USDT
2023-01-13 06:00:00,1673560800000,0.1840000000,0.1860000000,0.1830000000,0.1850000000,12850.3297150000,2380.5742760000,2380.5742760000,1,SRM-USDT
2023-01-13 07:00:00,1673564400000,0.1840000000,0.1860000000,0.1820000000,0.1850000000,50209.4451630000,9285.6416490000,9285.6416490000,1,SRM-USDT
2023-01-13 08:00:00,1673568000000,0.1850000000,0.1960000000,0.1850000000,0.1920000000,271541.9410140000,52136.3231840000,52136.3231840000,1,SRM-USDT
2023-01-13 09:00:00,1673571600000,0.1920000000,0.2000000000,0.1900000000,0.1900000000,271573.5649480000,53429.3951750000,53429.3951750000,1,SRM-USDT
2023-01-13 10:00:00,1673575200000,0.1900000000,0.1930000000,0.1900000000,0.1900000000,41280.6122500000,7859.5301240000,7859.5301240000,1,SRM-USDT
2023-01-13 11:00:00,1673578800000,0.1910000000,0.1930000000,0.1890000000,0.1910000000,67701.9481320000,12893.1070260000,12893.1070260000,1,SRM-USDT
2023-01-13 12:00:00,1673582400000,0.1900000000,0.1960000000,0.1900000000,0.1940000000,217246.0637190000,42115.2603520000,42115.2603520000,1,SRM-USDT
2023-01-13 13:00:00,1673586000000,0.1940000000,0.1950000000,0.1900000000,0.1930000000,243317.4531580000,46785.4579400000,46785.4579400000,1,SRM-USDT
2023-01-13 14:00:00,1673589600000,0.1920000000,0.1930000000,0.1900000000,0.1910000000,19097.6394600000,3655.9509610000,3655.9509610000,1,SRM-USDT
2023-01-13 15:00:00,1673593200000,0.1920000000,0.1980000000,0.1920000000,0.1940000000,131910.0698610000,25840.6675770000,25840.6675770000,1,SRM-USDT
2023-01-13 16:00:00,1673596800000,0.1950000000,0.1950000000,0.1920000000,0.1920000000,89174.2816620000,17189.9893380000,17189.9893380000,1,SRM-USDT
2023-01-13 17:00:00,1673600400000,0.1930000000,0.1950000000,0.1910000000,0.1940000000,29534.8034310000,5702.1848480000,5702.1848480000,1,SRM-USDT
2023-01-13 18:00:00,1673604000000,0.1930000000,0.1960000000,0.1920000000,0.1950000000,36267.0885760000,7055.1286290000,7055.1286290000,1,SRM-USDT
2023-01-13 19:00:00,1673607600000,0.1950000000,0.1950000000,0.1940000000,0.1950000000,37370.2056870000,7251.2148350000,7251.2148350000,1,SRM-USDT
2023-01-13 20:00:00,1673611200000,0.1940000000,0.1950000000,0.1920000000,0.1940000000,16915.0461910000,3263.8071160000,3263.8071160000,1,SRM-USDT
2023-01-13 21:00:00,1673614800000,0.1940000000,0.1950000000,0.1910000000,0.1920000000,86221.6266970000,16601.2587490000,16601.2587490000,1,SRM-USDT
2023-01-13 22:00:00,1673618400000,0.1920000000,0.1930000000,0.1880000000,0.1890000000,63230.5357950000,12061.8302960000,12061.8302960000,1,SRM-USDT
2023-01-13 23:00:00,1673622000000,0.1890000000,0.1930000000,0.1890000000,0.1930000000,108099.9483300000,20678.6158240000,20678.6158240000,1,SRM-USDT
2023-01-14 00:00:00,1673625600000,0.1930000000,0.1930000000,0.1880000000,0.1900000000,56019.8376130000,10659.9469320000,10659.9469320000,1,SRM-USDT
2023-01-14 01:00:00,1673629200000,0.1900000000,0.1930000000,0.1890000000,0.1900000000,88711.1162330000,16859.4775950000,16859.4775950000,1,SRM-USDT
2023-01-14 02:00:00,1673632800000,0.1910000000,0.1990000000,0.1910000000,0.1980000000,52444.1796590000,10239.5712180000,10239.5712180000,1,SRM-USDT
2023-01-14 03:00:00,1673636400000,0.1980000000,0.2020000000,0.1940000000,0.1980000000,143477.5454240000,28571.2366850000,28571.2366850000,1,SRM-USDT
2023-01-14 04:00:00,1673640000000,0.1980000000,0.1990000000,0.1940000000,0.1960000000,72833.1909820000,14215.6657190000,14215.6657190000,1,SRM-USDT
2023-01-14 05:00:00,1673643600000,0.1950000000,0.1980000000,0.1920000000,0.1960000000,194806.0212320000,38119.3822060000,38119.3822060000,1,SRM-USDT
2023-01-14 06:00:00,1673647200000,0.1970000000,0.2020000000,0.1960000000,0.1960000000,52553.7193060000,10420.9856810000,10420.9856810000,1,SRM-USDT
2023-01-14 07:00:00,1673650800000,0.1970000000,0.2000000000,0.1960000000,0.1980000000,81262.8024490000,16096.8277780000,16096.8277780000,1,SRM-USDT
2023-01-14 08:00:00,1673654400000,0.1980000000,0.2060000000,0.1980000000,0.2000000000,222680.1304880000,44975.0952580000,44975.0952580000,1,SRM-USDT
2023-01-14 09:00:00,1673658000000,0.2010000000,0.2230000000,0.2010000000,0.2190000000,410228.7439690000,87242.9785550000,87242.9785550000,1,SRM-USDT
2023-01-14 10:00:00,1673661600000,0.2190000000,0.2290000000,0.2150000000,0.2150000000,280994.8116700000,61635.4199940000,61635.4199940000,1,SRM-USDT
2023-01-14 11:00:00,1673665200000,0.2160000000,0.2180000000,0.2110000000,0.2130000000,372505.4965330000,80053.3962870000,80053.3962870000,1,SRM-USDT
2023-01-14 12:00:00,1673668800000,0.2130000000,0.2180000000,0.2110000000,0.2150000000,90085.8662080000,19368.3097760000,19368.3097760000,1,SRM-USDT
2023-01-14 13:00:00,1673672400000,0.2160000000,0.2250000000,0.2130000000,0.2240000000,209262.4617990000,45764.1248950000,45764.1248950000,1,SRM-USDT
2023-01-14 14:00:00,1673676000000,0.2240000000,0.2520000000,0.2240000000,0.2400000000,668119.0947920000,161195.9950260000,161195.9950260000,1,SRM-USDT
2023-01-14 15:00:00,1673679600000,0.2380000000,0.3300000000,0.2350000000,0.2900000000,2017944.8680159999,573351.4797240000,573351.4797240000,1,SRM-USDT
2023-01-14 16:00:00,1673683200000,0.2880000000,0.3000000000,0.2760000000,0.2900000000,508946.0004420000,147056.0719070000,147056.0719070000,1,SRM-USDT
2023-01-14 17:00:00,1673686800000,0.2900000000,0.2900000000,0.2520000000,0.2640000000,658112.4013610000,173657.1130320000,173657.1130320000,1,SRM-USDT
2023-01-14 18:00:00,1673690400000,0.2640000000,0.2850000000,0.2590000000,0.2790000000,394790.5911350000,106817.2068360000,106817.2068360000,1,SRM-USDT
2023-01-14 19:00:00,1673694000000,0.2800000000,0.3000000000,0.2650000000,0.2730000000,658028.1856720001,185687.7477850000,185687.7477850000,1,SRM-USDT
2023-01-14 20:00:00,1673697600000,0.2730000000,0.2770000000,0.2650000000,0.2700000000,495859.8045890000,134541.9063270000,134541.9063270000,1,SRM-USDT
2023-01-14 21:00:00,1673701200000,0.2690000000,0.2850000000,0.2650000000,0.2730000000,201740.4055610000,55067.1062760000,55067.1062760000,1,SRM-USDT
2023-01-14 22:00:00,1673704800000,0.2730000000,0.2900000000,0.2690000000,0.2750000000,490735.5985720000,136330.2741750000,136330.2741750000,1,SRM-USDT
2023-01-14 23:00:00,1673708400000,0.2750000000,0.2960000000,0.2750000000,0.2900000000,549112.9933100000,157502.0581480000,157502.0581480000,1,SRM-USDT
2023-01-15 00:00:00,1673712000000,0.2900000000,0.3630000000,0.2850000000,0.3260000000,2163635.4829509999,714828.1609420000,714828.1609420000,1,SRM-USDT
2023-01-15 01:00:00,1673715600000,0.3280000000,0.3370000000,0.3070000000,0.3150000000,355035.6303030000,113647.2857870000,113647.2857870000,1,SRM-USDT
2023-01-15 02:00:00,1673719200000,0.3140000000,0.3290000000,0.3100000000,0.3140000000,332385.2277330000,105497.4995990000,105497.4995990000,1,SRM-USDT
2023-01-15 03:00:00,1673722800000,0.3140000000,0.3350000000,0.3140000000,0.3180000000,279479.2790090000,91410.8084080000,91410.8084080000,1,SRM-USDT
2023-01-15 04:00:00,1673726400000,0.3190000000,0.3580000000,0.3160000000,0.3530000000,481944.0222870000,158564.4344560000,158564.4344560000,1,SRM-USDT
2023-01-15 05:00:00,1673730000000,0.3530000000,0.3790000000,0.3320000000,0.3400000000,503633.4239780000,178779.4013230000,178779.4013230000,1,SRM-USDT
2023-01-15 06:00:00,1673733600000,0.3410000000,0.3990000000,0.3360000000,0.3880000000,496121.2621970000,183418.1613190000,183418.1613190000,1,SRM-USDT
2023-01-15 07:00:00,1673737200000,0.3900000000,0.5030000000,0.3600000000,0.4920000000,3197573.5876400000,1458317.6226280001,1458317.6226280001,1,SRM-USDT
2023-01-15 08:00:00,1673740800000,0.4950000000,0.5990000000,0.4740000000,0.5440000000,2538974.0068160002,1380810.8105130000,1380810.8105130000,1,SRM-USDT
2023-01-15 09:00:00,1673744400000,0.5440000000,0.5660000000,0.4510000000,0.4880000000,1143018.7609969999,578085.7164050000,578085.7164050000,1,SRM-USDT
2023-01-15 10:00:00,1673748000000,0.4880000000,0.5730000000,0.4620000000,0.5420000000,1373222.9055560001,720952.0079810000,720952.0079810000,1,SRM-USDT
2023-01-15 11:00:00,1673751600000,0.5420000000,0.5700000000,0.5020000000,0.5440000000,1011906.7232240000,552640.2203340000,552640.2203340000,1,SRM-USDT
2023-01-15 12:00:00,1673755200000,0.5420000000,0.5420000000,0.4850000000,0.5120000000,677033.7046950000,345099.9996920000,345099.9996920000,1,SRM-USDT
2023-01-15 13:00:00,1673758800000,0.5120000000,0.5400000000,0.4880000000,0.5370000000,403769.3293100000,207572.7811250000,207572.7811250000,1,SRM-USDT
2023-01-15 14:00:00,1673762400000,0.5360000000,0.5550000000,0.5000000000,0.5170000000,798855.5712970000,422562.4493210000,422562.4493210000,1,SRM-USDT
2023-01-15 15:00:00,1673766000000,0.5170000000,0.5190000000,0.4500000000,0.4520000000,1105191.0399010000,522395.2878930000,522395.2878930000,1,SRM-USDT
2023-01-15 16:00:00,1673769600000,0.4530000000,0.4580000000,0.4100000000,0.4230000000,939129.2765990000,405538.1694380000,405538.1694380000,1,SRM-USDT
2023-01-15 17:00:00,1673773200000,0.4230000000,0.5000000000,0.4010000000,0.4850000000,1023889.6202390000,457875.7214310000,457875.7214310000,1,SRM-USDT
2023-01-15 18:00:00,1673776800000,0.4850000000,0.5350000000,0.4680000000,0.4870000000,1079531.3717600000,541450.6183090000,541450.6183090000,1,SRM-USDT
2023-01-15 19:00:00,1673780400000,0.4870000000,0.5400000000,0.4870000000,0.5360000000,1250739.2779600001,635808.3871500000,635808.3871500000,1,SRM-USDT
2023-01-15 20:00:00,1673784000000,0.5380000000,0.5390000000,0.4980000000,0.5180000000,530281.2392710000,274013.4337080000,274013.4337080000,1,SRM-USDT
2023-01-15 21:00:00,1673787600000,0.5170000000,0.5760000000,0.5160000000,0.5520000000,988604.2153760000,543120.4585470000,543120.4585470000,1,SRM-USDT
2023-01-15 22:00:00,1673791200000,0.5540000000,0.5750000000,0.5150000000,0.5260000000,715077.5448790001,391607.6557150000,391607.6557150000,1,SRM-USDT
2023-01-15 23:00:00,1673794800000,0.5250000000,0.5320000000,0.4950000000,0.5210000000,884230.2574470000,454705.3488100000,454705.3488100000,1,SRM-USDT
2023-01-16 00:00:00,1673798400000,0.5200000000,0.5350000000,0.4760000000,0.5110000000,587843.6216110000,294986.2734840000,294986.2734840000,1,SRM-USDT
2023-01-16 01:00:00,1673802000000,0.5090000000,0.5110000000,0.4710000000,0.4730000000,515295.8911720000,251404.6395630000,251404.6395630000,1,SRM-USDT
2023-01-16 02:00:00,1673805600000,0.4730000000,0.4840000000,0.4610000000,0.4700000000,292847.5903110000,139435.6230140000,139435.6230140000,1,SRM-USDT
2023-01-16 03:00:00,1673809200000,0.4700000000,0.5350000000,0.4700000000,0.5310000000,686756.2652260000,340485.2313360000,340485.2313360000,1,SRM-USDT
2023-01-16 04:00:00,1673812800000,0.5280000000,0.5320000000,0.4910000000,0.4920000000,306533.6143270000,155948.7900910000,155948.7900910000,1,SRM-USDT
2023-01-16 05:00:00,1673816400000,0.4930000000,0.5010000000,0.4780000000,0.4940000000,524977.9369879999,258233.2762240000,258233.2762240000,1,SRM-USDT
2023-01-16 06:00:00,1673820000000,0.4970000000,0.4970000000,0.4500000000,0.4700000000,860542.3290340001,403428.5179000000,403428.5179000000,1,SRM-USDT
2023-01-16 07:00:00,1673823600000,0.4700000000,0.4830000000,0.4520000000,0.4540000000,156419.9496400000,73292.3726210000,73292.3726210000,1,SRM-USDT
2023-01-16 08:00:00,1673827200000,0.4540000000,0.4700000000,0.4390000000,0.4600000000,420779.0829330000,190682.8230870000,190682.8230870000,1,SRM-USDT
2023-01-16 09:00:00,1673830800000,0.4630000000,0.4780000000,0.4600000000,0.4710000000,97169.0758130000,45681.6298710000,45681.6298710000,1,SRM-USDT
2023-01-16 10:00:00,1673834400000,0.4700000000,0.4800000000,0.4550000000,0.4800000000,345736.2553240000,160719.7576530000,160719.7576530000,1,SRM-USDT
2023-01-16 11:00:00,1673838000000,0.4800000000,0.5020000000,0.4680000000,0.4740000000,344403.9173440000,169275.7233860000,169275.7233860000,1,SRM-USDT
2023-01-16 12:00:00,1673841600000,0.4740000000,0.4870000000,0.4670000000,0.4740000000,570905.5552230000,270709.6098110000,270709.6098110000,1,SRM-USDT
2023-01-16 13:00:00,1673845200000,0.4740000000,0.4750000000,0.4580000000,0.4690000000,282198.0248810000,132570.7832630000,132570.7832630000,1,SRM-USDT
2023-01-16 14:00:00,1673848800000,0.4670000000,0.4750000000,0.4560000000,0.4690000000,747183.0554700000,348939.4050690000,348939.4050690000,1,SRM-USDT
2023-01-16 15:00:00,1673852400000,0.4690000000,0.5110000000,0.4680000000,0.4880000000,769703.5204660000,377203.8432930000,377203.8432930000,1,SRM-USDT
2023-01-16 16:00:00,1673856000000,0.4880000000,0.4880000000,0.4550000000,0.4630000000,878191.6870310000,411692.3548270000,411692.3548270000,1,SRM-USDT
2023-01-16 17:00:00,1673859600000,0.4630000000,0.4880000000,0.4610000000,0.4790000000,538166.7683260000,255702.5047540000,255702.5047540000,1,SRM-USDT
2023-01-16 18:00:00,1673863200000,0.4810000000,0.4810000000,0.4660000000,0.4780000000,362471.2119810000,171345.4267430000,171345.4267430000,1,SRM-USDT
2023-01-16 19:00:00,1673866800000,0.4780000000,0.4780000000,0.4590000000,0.4650000000,468373.1624700000,217426.6234550000,217426.6234550000,1,SRM-USDT
2023-01-16 20:00:00,1673870400000,0.4650000000,0.4700000000,0.4590000000,0.4630000000,541954.2307560000,252019.8598950000,252019.8598950000,1,SRM-USDT
2023-01-16 21:00:00,1673874000000,0.4640000000,0.4860000000,0.4600000000,0.4770000000,354977.0037850000,167143.4741600000,167143.4741600000,1,SRM-USDT
2023-01-16 22:00:00,1673877600000,0.4770000000,0.4960000000,0.4640000000,0.4670000000,259963.7535140000,123765.2077540000,123765.2077540000,1,SRM-USDT
2023-01-16 23:00:00,1673881200000,0.4670000000,0.4760000000,0.4640000000,0.4700000000,174069.9569600000,81673.5811700000,81673.5811700000,1,SRM-USDT
2023-01-17 00:00:00,1673884800000,0.4700000000,0.4890000000,0.4650000000,0.4660000000,214577.0220550000,102035.4451520000,102035.4451520000,1,SRM-USDT
2023-01-17 01:00:00,1673888400000,0.4670000000,0.4720000000,0.4650000000,0.4690000000,209198.0803750000,97760.7545750000,97760.7545750000,1,SRM-USDT
2023-01-17 02:00:00,1673892000000,0.4660000000,0.4740000000,0.4590000000,0.4720000000,448258.0001800000,209537.8819380000,209537.8819380000,1,SRM-USDT
2023-01-17 03:00:00,1673895600000,0.4700000000,0.4720000000,0.4640000000,0.4650000000,97800.3907370000,45641.1728600000,45641.1728600000,1,SRM-USDT
2023-01-17 04:00:00,1673899200000,0.4660000000,0.4680000000,0.4560000000,0.4600000000,488300.3024630000,225691.3250380000,225691.3250380000,1,SRM-USDT
2023-01-17 05:00:00,1673902800000,0.4600000000,0.4620000000,0.4420000000,0.4530000000,481618.2688880000,218110.8849710000,218110.8849710000,1,SRM-USDT
2023-01-17 06:00:00,1673906400000,0.4530000000,0.4610000000,0.4470000000,0.4570000000,166301.1444540000,75422.7142020000,75422.7142020000,1,SRM-USDT
2023-01-17 07:00:00,1673910000000,0.4550000000,0.4560000000,0.4490000000,0.4490000000,430788.7625360000,194973.8655840000,194973.8655840000,1,SRM-USDT
2023-01-17 08:00:00,1673913600000,0.4500000000,0.4850000000,0.4440000000,0.4810000000,439529.2207340000,205126.7395930000,205126.7395930000,1,SRM-USDT
2023-01-17 09:00:00,1673917200000,0.4800000000,0.4970000000,0.4640000000,0.4670000000,602428.3859480000,285182.9456200000,285182.9456200000,1,SRM-USDT
2023-01-17 10:00:00,1673920800000,0.4670000000,0.4700000000,0.4550000000,0.4650000000,274820.3542090000,128039.1627080000,128039.1627080000,1,SRM-USDT
2023-01-17 11:00:00,1673924400000,0.4660000000,0.4830000000,0.4650000000,0.4660000000,667589.7479720000,313643.8913110000,313643.8913110000,1,SRM-USDT
2023-01-17 12:00:00,1673928000000,0.4660000000,0.4690000000,0.4590000000,0.4610000000,511122.4225660000,236409.0035200000,236409.0035200000,1,SRM-USDT
2023-01-17 13:00:00,1673931600000,0.4610000000,0.4770000000,0.4570000000,0.4680000000,436977.9074470000,204241.4119380000,204241.4119380000,1,SRM-USDT
2023-01-17 14:00:00,1673935200000,0.4680000000,0.4870000000,0.4650000000,0.4750000000,802341.5632890000,382895.3803280000,382895.3803280000,1,SRM-USDT
2023-01-17 15:00:00,1673938800000,0.4750000000,0.4770000000,0.4620000000,0.4700000000,534380.5391600000,250089.9910860000,250089.9910860000,1,SRM-USDT
2023-01-17 16:00:00,1673942400000,0.4700000000,0.4750000000,0.4650000000,0.4690000000,320057.4568040000,151105.4215120000,151105.4215120000,1,SRM-USDT
2023-01-17 17:00:00,1673946000000,0.4680000000,0.4870000000,0.4670000000,0.4740000000,423122.1791370000,202571.3427280000,202571.3427280000,1,SRM-USDT
2023-01-17 18:00:00,1673949600000,0.4740000000,0.4750000000,0.4680000000,0.4740000000,189981.2260110000,89765.6541680000,89765.6541680000,1,SRM-USDT
2023-01-17 19:00:00,1673953200000,0.4740000000,0.4740000000,0.4680000000,0.4710000000,127656.9979830000,60134.7411520000,60134.7411520000,1,SRM-USDT
2023-01-17 20:00:00,1673956800000,0.4720000000,0.4760000000,0.4680000000,0.4710000000,180674.1252150000,85346.0214410000,85346.0214410000,1,SRM-USDT
2023-01-17 21:00:00,1673960400000,0.4710000000,0.4720000000,0.4510000000,0.4600000000,302730.0439000000,140030.7300470000,140030.7300470000,1,SRM-USDT
2023-01-17 22:00:00,1673964000000,0.4600000000,0.4660000000,0.4570000000,0.4580000000,211226.4386170000,97201.5527400000,97201.5527400000,1,SRM-USDT
2023-01-17 23:00:00,1673967600000,0.4580000000,0.4640000000,0.4570000000,0.4640000000,269424.5669360000,124187.5311270000,124187.5311270000,1,SRM-USDT
2023-01-18 00:00:00,1673971200000,0.4630000000,0.4640000000,0.4540000000,0.4620000000,322877.6894380000,148533.5449260000,148533.5449260000,1,SRM-USDT
2023-01-18 01:00:00,1673974800000,0.4620000000,0.4620000000,0.4460000000,0.4490000000,360703.7599700000,163015.5986250000,163015.5986250000,1,SRM-USDT
2023-01-18 02:00:00,1673978400000,0.4490000000,0.4560000000,0.4460000000,0.4540000000,198560.3722560000,89552.5304000000,89552.5304000000,1,SRM-USDT
2023-01-18 03:00:00,1673982000000,0.4530000000,0.4530000000,0.4470000000,0.4520000000,222404.1233200000,100125.9356790000,100125.9356790000,1,SRM-USDT
2023-01-18 04:00:00,1673985600000,0.4520000000,0.4540000000,0.4460000000,0.4480000000,228389.1013270000,102834.6209180000,102834.6209180000,1,SRM-USDT
2023-01-18 05:00:00,1673989200000,0.4480000000,0.4490000000,0.4400000000,0.4410000000,204671.9034900000,91017.8162330000,91017.8162330000,1,SRM-USDT
2023-01-18 06:00:00,1673992800000,0.4400000000,0.4740000000,0.4400000000,0.4530000000,432279.4530930000,199344.4906950000,199344.4906950000,1,SRM-USDT
2023-01-18 07:00:00,1673996400000,0.4550000000,0.4630000000,0.4440000000,0.4460000000,194587.1314270000,88473.1070750000,88473.1070750000,1,SRM-USDT
2023-01-18 08:00:00,1674000000000,0.4460000000,0.4520000000,0.4410000000,0.4450000000,184930.0598670000,82219.3646650000,82219.3646650000,1,SRM-USDT
2023-01-18 09:00:00,1674003600000,0.4450000000,0.4450000000,0.4360000000,0.4370000000,329438.1297040000,145048.2791300000,145048.2791300000,1,SRM-USDT
2023-01-18 10:00:00,1674007200000,0.4370000000,0.4380000000,0.4100000000,0.4250000000,424561.0164100000,179521.9999670000,179521.9999670000,1,SRM-USDT
2023-01-18 11:00:00,1674010800000,0.4250000000,0.4300000000,0.4190000000,0.4280000000,385420.6868010000,163353.6500760000,163353.6500760000,1,SRM-USDT
2023-01-18 12:00:00,1674014400000,0.4280000000,0.4300000000,0.4210000000,0.4230000000,191185.5449800000,81227.3379000000,81227.3379000000,1,SRM-USDT
2023-01-18 13:00:00,1674018000000,0.4240000000,0.4290000000,0.4220000000,0.4270000000,226538.5396140000,96771.9815260000,96771.9815260000,1,SRM-USDT
2023-01-18 14:00:00,1674021600000,0.4270000000,0.4270000000,0.4170000000,0.4180000000,283715.3399860000,119755.6718180000,119755.6718180000,1,SRM-USDT
2023-01-18 15:00:00,1674025200000,0.4180000000,0.4220000000,0.4160000000,0.4200000000,290138.8811090000,121455.6880040000,121455.6880040000,1,SRM-USDT
2023-01-18 16:00:00,1674028800000,0.4180000000,0.4200000000,0.4040000000,0.4050000000,519703.6388050000,213476.2072820000,213476.2072820000,1,SRM-USDT
2023-01-18 17:00:00,1674032400000,0.4050000000,0.4120000000,0.4030000000,0.4080000000,227257.2746360000,92524.3725950000,92524.3725950000,1,SRM-USDT
2023-01-18 18:00:00,1674036000000,0.4070000000,0.4130000000,0.4070000000,0.4080000000,208582.0058770000,85659.8093860000,85659.8093860000,1,SRM-USDT
2023-01-18 19:00:00,1674039600000,0.4080000000,0.4130000000,0.4050000000,0.4110000000,99062.1073640000,40484.5331870000,40484.5331870000,1,SRM-USDT
2023-01-18 20:00:00,1674043200000,0.4110000000,0.4320000000,0.4080000000,0.4260000000,503380.5584020000,212364.8313490000,212364.8313490000,1,SRM-USDT
2023-01-18 21:00:00,1674046800000,0.4250000000,0.4500000000,0.4220000000,0.4470000000,231832.7480420000,101564.7231680000,101564.7231680000,1,SRM-USDT
2023-01-18 22:00:00,1674050400000,0.4470000000,0.4500000000,0.4240000000,0.4290000000,294812.5568350000,127233.2282760000,127233.2282760000,1,SRM-USDT
2023-01-18 23:00:00,1674054000000,0.4290000000,0.4350000000,0.3900000000,0.4100000000,368864.4950690000,152868.9493790000,152868.9493790000,1,SRM-USDT
2023-01-19 00:00:00,1674057600000,0.4080000000,0.4100000000,0.3540000000,0.3860000000,511740.3207640000,196986.4485110000,196986.4485110000,1,SRM-USDT
2023-01-19 01:00:00,1674061200000,0.3850000000,0.4060000000,0.3790000000,0.3900000000,265769.9277380000,104342.6956700000,104342.6956700000,1,SRM-USDT
2023-01-19 02:00:00,1674064800000,0.3880000000,0.3930000000,0.3810000000,0.3850000000,223422.2681770000,87106.5676880000,87106.5676880000,1,SRM-USDT
2023-01-19 03:00:00,1674068400000,0.3830000000,0.4000000000,0.3760000000,0.3970000000,247248.7548120000,94764.4012320000,94764.4012320000,1,SRM-USDT
2023-01-19 04:00:00,1674072000000,0.3980000000,0.3980000000,0.3800000000,0.3840000000,288970.3329690000,111058.7401180000,111058.7401180000,1,SRM-USDT
2023-01-19 05:00:00,1674075600000,0.3830000000,0.3890000000,0.3770000000,0.3870000000,169945.2233470000,64989.6503990000,64989.6503990000,1,SRM-USDT
2023-01-19 06:00:00,1674079200000,0.3880000000,0.3880000000,0.3780000000,0.3820000000,374269.6922880000,143156.9357660000,143156.9357660000,1,SRM-USDT
2023-01-19 07:00:00,1674082800000,0.3810000000,0.3890000000,0.3770000000,0.3770000000,339218.3559620000,129843.5996070000,129843.5996070000,1,SRM-USDT
2023-01-19 08:00:00,1674086400000,0.3770000000,0.3880000000,0.3760000000,0.3800000000,449824.0962970000,171828.5921560000,171828.5921560000,1,SRM-USDT
2023-01-19 09:00:00,1674090000000,0.3800000000,0.3910000000,0.3770000000,0.3840000000,227497.5259150000,87617.0201260000,87617.0201260000,1,SRM-USDT
2023-01-19 10:00:00,1674093600000,0.3840000000,0.3910000000,0.3830000000,0.3890000000,31062.1380060000,12081.9569620000,12081.9569620000,1,SRM-USDT
2023-01-19 11:00:00,1674097200000,0.3890000000,0.4010000000,0.3880000000,0.3960000000,127757.4308110000,50577.0276360000,50577.0276360000,1,SRM-USDT
2023-01-19 12:00:00,1674100800000,0.3950000000,0.4020000000,0.3900000000,0.3920000000,224884.4838260000,88723.8461150000,88723.8461150000,1,SRM-USDT
2023-01-19 13:00:00,1674104400000,0.3910000000,0.3920000000,0.3850000000,0.3870000000,98304.8565890000,38158.0860520000,38158.0860520000,1,SRM-USDT
2023-01-19 14:00:00,1674108000000,0.3890000000,0.3940000000,0.3880000000,0.3900000000,218521.3057080000,85683.4981010000,85683.4981010000,1,SRM-USDT
2023-01-19 15:00:00,1674111600000,0.3900000000,0.3910000000,0.3800000000,0.3810000000,143619.1962020000,55379.2557140000,55379.2557140000,1,SRM-USDT
2023-01-19 16:00:00,1674115200000,0.3810000000,0.3870000000,0.3790000000,0.3850000000,159213.0873030000,61034.2217830000,61034.2217830000,1,SRM-USDT
2023-01-19 17:00:00,1674118800000,0.3850000000,0.3860000000,0.3790000000,0.3860000000,205237.5975260000,78418.0345660000,78418.0345660000,1,SRM-USDT
2023-01-19 18:00:00,1674122400000,0.3860000000,0.4560000000,0.3790000000,0.4460000000,1402398.5802300000,592351.5017190001,592351.5017190001,1,SRM-USDT
2023-01-19 19:00:00,1674126000000,0.4450000000,0.4550000000,0.4140000000,0.4160000000,329171.8186110000,141890.7774280000,141890.7774280000,1,SRM-USDT
2023-01-19 20:00:00,1674129600000,0.4160000000,0.4250000000,0.4080000000,0.4090000000,113613.7330080000,46930.6286860000,46930.6286860000,1,SRM-USDT
2023-01-19 21:00:00,1674133200000,0.4080000000,0.4080000000,0.3810000000,0.4040000000,624581.6319270000,246282.3612810000,246282.3612810000,1,SRM-USDT
2023-01-19 22:00:00,1674136800000,0.4030000000,0.4040000000,0.3940000000,0.3960000000,179006.3921880000,71478.3085820000,71478.3085820000,1,SRM-USDT
2023-01-19 23:00:00,1674140400000,0.3960000000,0.4310000000,0.3960000000,0.4280000000,388033.7978230000,161625.9244300000,161625.9244300000,1,SRM-USDT
2023-01-20 00:00:00,1674144000000,0.4280000000,0.4780000000,0.4280000000,0.4710000000,842892.2288740000,380874.0931150000,380874.0931150000,1,SRM-USDT
2023-01-20 01:00:00,1674147600000,0.4700000000,0.4700000000,0.4350000000,0.4350000000,320587.0581180000,142926.5128500000,142926.5128500000,1,SRM-USDT
2023-01-20 02:00:00,1674151200000,0.4350000000,0.4360000000,0.4270000000,0.4340000000,231381.0810650000,99788.3664590000,99788.3664590000,1,SRM-USDT
2023-01-20 03:00:00,1674154800000,0.4340000000,0.4590000000,0.4340000000,0.4390000000,247362.0037410000,111077.0042730000,111077.0042730000,1,SRM-USDT
2023-01-20 04:00:00,1674158400000,0.4390000000,0.4580000000,0.4380000000,0.4410000000,321733.5358720000,143510.1522770000,143510.1522770000,1,SRM-USDT
2023-01-20 05:00:00,1674162000000,0.4410000000,0.4600000000,0.4390000000,0.4510000000,203007.3106040000,90821.8387700000,90821.8387700000,1,SRM-USDT
2023-01-20 06:00:00,1674165600000,0.4510000000,0.4620000000,0.4480000000,0.4590000000,103637.0319970000,47108.6367110000,47108.6367110000,1,SRM-USDT
2023-01-20 07:00:00,1674169200000,0.4600000000,0.4690000000,0.4500000000,0.4500000000,112170.2194200000,51376.9048260000,51376.9048260000,1,SRM-USDT
2023-01-20 08:00:00,1674172800000,0.4510000000,0.4510000000,0.4320000000,0.4340000000,209438.6083950000,91683.4651000000,91683.4651000000,1,SRM-USDT
2023-01-20 09:00:00,1674176400000,0.4340000000,0.4390000000,0.4240000000,0.4390000000,445019.4092440000,190775.6296530000,190775.6296530000,1,SRM-USDT
2023-01-20 10:00:00,1674180000000,0.4390000000,0.4390000000,0.4290000000,0.4340000000,234915.4302080000,101831.0177680000,101831.0177680000,1,SRM-USDT
2023-01-20 11:00:00,1674183600000,0.4340000000,0.4340000000,0.4250000000,0.4320000000,177482.2573870000,76131.4857070000,76131.4857070000,1,SRM-USDT
2023-01-20 12:00:00,1674187200000,0.4320000000,0.4340000000,0.4250000000,0.4250000000,225718.5475990000,97002.7907910000,97002.7907910000,1,SRM-USDT
2023-01-20 13:00:00,1674190800000,0.4250000000,0.4370000000,0.4220000000,0.4320000000,264219.4190910000,113252.6810700000,113252.6810700000,1,SRM-USDT
2023-01-20 14:00:00,1674194400000,0.4330000000,0.4400000000,0.4240000000,0.4260000000,100929.2318240000,43155.9925540000,43155.9925540000,1,SRM-USDT
2023-01-20 15:00:00,1674198000000,0.4260000000,0.4350000000,0.4240000000,0.4290000000,93523.8083390000,40041.7985750000,40041.7985750000,1,SRM-USDT
2023-01-20 16:00:00,1674201600000,0.4290000000,0.4290000000,0.4190000000,0.4190000000,206512.8639920000,87589.1678590000,87589.1678590000,1,SRM-USDT
2023-01-20 17:00:00,1674205200000,0.4190000000,0.4240000000,0.4170000000,0.4200000000,145977.7399930000,61253.7470640000,61253.7470640000,1,SRM-USDT
2023-01-20 18:00:00,1674208800000,0.4200000000,0.4250000000,0.4180000000,0.4240000000,75759.9287550000,31846.0550660000,31846.0550660000,1,SRM-USDT
2023-01-20 19:00:00,1674212400000,0.4230000000,0.4300000000,0.4210000000,0.4270000000,267154.5408360000,113889.4516740000,113889.4516740000,1,SRM-USDT
2023-01-20 20:00:00,1674216000000,0.4260000000,0.4280000000,0.4240000000,0.4250000000,131631.8177420000,56131.8536130000,56131.8536130000,1,SRM-USDT
2023-01-20 21:00:00,1674219600000,0.4250000000,0.4300000000,0.4250000000,0.4260000000,185173.3987130000,79034.5495710000,79034.5495710000,1,SRM-USDT
2023-01-20 22:00:00,1674223200000,0.4260000000,0.4270000000,0.4210000000,0.4220000000,147618.1864550000,62633.1729380000,62633.1729380000,1,SRM-USDT
2023-01-20 23:00:00,1674226800000,0.4220000000,0.4300000000,0.4220000000,0.4260000000,158654.8901070000,67715.4805830000,67715.4805830000,1,SRM-USDT
2023-01-21 00:00:00,1674230400000,0.4260000000,0.4300000000,0.4250000000,0.4280000000,157302.9376220000,67176.9981000000,67176.9981000000,1,SRM-USDT
2023-01-21 01:00:00,1674234000000,0.4280000000,0.4450000000,0.4270000000,0.4340000000,465259.6284000000,202706.9383160000,202706.9383160000,1,SRM-USDT
2023-01-21 02:00:00,1674237600000,0.4350000000,0.4440000000,0.4340000000,0.4390000000,95633.1954150000,42083.3168030000,42083.3168030000,1,SRM-USDT
2023-01-21 03:00:00,1674241200000,0.4390000000,0.4400000000,0.4290000000,0.4340000000,228901.9832080000,99206.4156990000,99206.4156990000,1,SRM-USDT
2023-01-21 04:00:00,1674244800000,0.4340000000,0.4650000000,0.4330000000,0.4580000000,254614.4808490000,113769.1190360000,113769.1190360000,1,SRM-USDT
2023-01-21 05:00:00,1674248400000,0.4570000000,0.4670000000,0.4520000000,0.4540000000,197497.9305720000,90326.8710030000,90326.8710030000,1,SRM-USDT
2023-01-21 06:00:00,1674252000000,0.4540000000,0.4720000000,0.4520000000,0.4700000000,313369.4759690000,146050.1077290000,146050.1077290000,1,SRM-USDT
2023-01-21 07:00:00,1674255600000,0.4700000000,0.4980000000,0.4690000000,0.4760000000,353490.6440210000,170804.6739140000,170804.6739140000,1,SRM-USDT
2023-01-21 08:00:00,1674259200000,0.4760000000,0.4980000000,0.4720000000,0.4720000000,735510.3101220001,356660.9981790000,356660.9981790000,1,SRM-USDT
2023-01-21 09:00:00,1674262800000,0.4730000000,0.4730000000,0.4610000000,0.4630000000,450132.2191030000,210401.8008720000,210401.8008720000,1,SRM-USDT
2023-01-21 10:00:00,1674266400000,0.4630000000,0.4670000000,0.4610000000,0.4630000000,234365.2475570000,108814.1556020000,108814.1556020000,1,SRM-USDT
2023-01-21 11:00:00,1674270000000,0.4630000000,0.4710000000,0.4590000000,0.4710000000,214173.2255950000,99510.3143310000,99510.3143310000,1,SRM-USDT
2023-01-21 12:00:00,1674273600000,0.4710000000,0.4710000000,0.4660000000,0.4670000000,211376.4434200000,98967.1610210000,98967.1610210000,1,SRM-USDT
2023-01-21 13:00:00,1674277200000,0.4680000000,0.4710000000,0.4640000000,0.4660000000,166101.7186820000,77699.1207590000,77699.1207590000,1,SRM-USDT
2023-01-21 14:00:00,1674280800000,0.4660000000,0.4740000000,0.4640000000,0.4710000000,168454.8395660000,79097.7949610000,79097.7949610000,1,SRM-USDT
2023-01-21 15:00:00,1674284400000,0.4720000000,0.4900000000,0.4720000000,0.4840000000,514580.2351850000,247584.4362050000,247584.4362050000,1,SRM-USDT
2023-01-21 16:00:00,1674288000000,0.4840000000,0.4850000000,0.4680000000,0.4690000000,653008.4246770000,311462.4765040000,311462.4765040000,1,SRM-USDT
2023-01-21 17:00:00,1674291600000,0.4700000000,0.4720000000,0.4610000000,0.4680000000,382742.5133200000,178269.8906770000,178269.8906770000,1,SRM-USDT
2023-01-21 18:00:00,1674295200000,0.4680000000,0.4750000000,0.4530000000,0.4550000000,636912.8738050000,296352.3316020000,296352.3316020000,1,SRM-USDT
2023-01-21 19:00:00,1674298800000,0.4550000000,0.4680000000,0.4530000000,0.4610000000,259359.6039290000,119181.6022170000,119181.6022170000,1,SRM-USDT
2023-01-21 20:00:00,1674302400000,0.4610000000,0.4680000000,0.4600000000,0.4640000000,339501.5067190000,157166.6978350000,157166.6978350000,1,SRM-USDT
2023-01-21 21:00:00,1674306000000,0.4630000000,0.4650000000,0.4600000000,0.4620000000,172983.9467790000,80059.8547850000,80059.8547850000,1,SRM-USDT
2023-01-21 22:00:00,1674309600000,0.4620000000,0.4620000000,0.4580000000,0.4600000000,156964.7262230000,72226.2995920000,72226.2995920000,1,SRM-USDT
2023-01-21 23:00:00,1674313200000,0.4600000000,0.4650000000,0.4580000000,0.4630000000,187499.6502120000,86615.4431880000,86615.4431880000,1,SRM-USDT
2023-01-22 00:00:00,1674316800000,0.4630000000,0.4630000000,0.4530000000,0.4550000000,453431.8499880000,207503.3437010000,207503.3437010000,1,SRM-USDT
2023-01-22 01:00:00,1674320400000,0.4540000000,0.4630000000,0.4540000000,0.4570000000,176298.0658020000,80609.9900060000,80609.9900060000,1,SRM-USDT
2023-01-22 02:00:00,1674324000000,0.4570000000,0.4570000000,0.4520000000,0.4530000000,113593.8699580000,51657.2407740000,51657.2407740000,1,SRM-USDT
2023-01-22 03:00:00,1674327600000,0.4540000000,0.4550000000,0.4400000000,0.4500000000,178968.8431200000,80382.8009660000,80382.8009660000,1,SRM-USDT
2023-01-22 04:00:00,1674331200000,0.4510000000,0.4570000000,0.4480000000,0.4550000000,202294.0892210000,91075.4458920000,91075.4458920000,1,SRM-USDT
2023-01-22 05:00:00,1674334800000,0.4550000000,0.4560000000,0.4500000000,0.4510000000,364656.4406640000,165176.4911550000,165176.4911550000,1,SRM-USDT
2023-01-22 06:00:00,1674338400000,0.4510000000,0.4510000000,0.4440000000,0.4450000000,444181.8885520000,198932.9201510000,198932.9201510000,1,SRM-USDT
2023-01-22 07:00:00,1674342000000,0.4450000000,0.4510000000,0.4350000000,0.4370000000,451932.2299760000,200737.7375840000,200737.7375840000,1,SRM-USDT
2023-01-22 08:00:00,1674345600000,0.4380000000,0.4430000000,0.4360000000,0.4410000000,248727.3710570000,109537.6756370000,109537.6756370000,1,SRM-USDT
2023-01-22 09:00:00,1674349200000,0.4410000000,0.4410000000,0.4360000000,0.4370000000,85265.3288200000,37338.5348940000,37338.5348940000,1,SRM-USDT
2023-01-22 10:00:00,1674352800000,0.4360000000,0.4390000000,0.4350000000,0.4360000000,153349.1007330000,66868.0877220000,66868.0877220000,1,SRM-USDT
2023-01-22 11:00:00,1674356400000,0.4370000000,0.4390000000,0.4350000000,0.4380000000,175424.2843470000,76772.7724920000,76772.7724920000,1,SRM-USDT
2023-01-22 12:00:00,1674360000000,0.4380000000,0.4440000000,0.4380000000,0.4440000000,121470.4228340000,53618.2375450000,53618.2375450000,1,SRM-USDT
2023-01-22 13:00:00,1674363600000,0.4440000000,0.4470000000,0.4410000000,0.4430000000,141285.7567240000,62631.9614230000,62631.9614230000,1,SRM-USDT
2023-01-22 14:00:00,1674367200000,0.4430000000,0.4580000000,0.4410000000,0.4520000000,366024.0156220000,163945.7531570000,163945.7531570000,1,SRM-USDT
2023-01-22 15:00:00,1674370800000,0.4510000000,0.4540000000,0.4470000000,0.4480000000,137569.7657280000,62132.0505640000,62132.0505640000,1,SRM-USDT
2023-01-22 16:00:00,1674374400000,0.4490000000,0.4500000000,0.4360000000,0.4370000000,307679.7321710000,135532.3664700000,135532.3664700000,1,SRM-USDT
2023-01-22 17:00:00,1674378000000,0.4370000000,0.4380000000,0.4240000000,0.4340000000,233288.8742540000,100883.3121130000,100883.3121130000,1,SRM-USDT
2023-01-22 18:00:00,1674381600000,0.4340000000,0.4360000000,0.4300000000,0.4360000000,151622.8127770000,65704.5551190000,65704.5551190000,1,SRM-USDT
2023-01-22 19:00:00,1674385200000,0.4360000000,0.4380000000,0.4320000000,0.4380000000,213880.2035120000,93276.8485030000,93276.8485030000,1,SRM-USDT
2023-01-22 20:00:00,1674388800000,0.4380000000,0.4380000000,0.4340000000,0.4370000000,142860.8932700000,62291.9300100000,62291.9300100000,1,SRM-USDT
2023-01-22 21:00:00,1674392400000,0.4370000000,0.4380000000,0.4330000000,0.4360000000,133602.7497170000,58129.6267070000,58129.6267070000,1,SRM-USDT
2023-01-22 22:00:00,1674396000000,0.4360000000,0.4440000000,0.4340000000,0.4410000000,296195.9738340000,129903.8722730000,129903.8722730000,1,SRM-USDT
2023-01-22 23:00:00,1674399600000,0.4410000000,0.4440000000,0.4310000000,0.4350000000,379616.1573000000,165855.0537150000,165855.0537150000,1,SRM-USDT
2023-01-23 00:00:00,1674403200000,0.4350000000,0.4360000000,0.4320000000,0.4350000000,128087.9362570000,55625.3842550000,55625.3842550000,1,SRM-USDT
2023-01-23 01:00:00,1674406800000,0.4350000000,0.4420000000,0.4350000000,0.4420000000,96388.5116410000,42059.9354700000,42059.9354700000,1,SRM-USDT
2023-01-23 02:00:00,1674410400000,0.4410000000,0.4450000000,0.4350000000,0.4370000000,278516.9003370000,122999.6171580000,122999.6171580000,1,SRM-USDT
2023-01-23 03:00:00,1674414000000,0.4370000000,0.4370000000,0.4230000000,0.4240000000,535360.0437500000,229920.3312270000,229920.3312270000,1,SRM-USDT
2023-01-23 04:00:00,1674417600000,0.4230000000,0.4230000000,0.4010000000,0.4090000000,231216.5334450000,95142.4423890000,95142.4423890000,1,SRM-USDT
2023-01-23 05:00:00,1674421200000,0.4100000000,0.4240000000,0.4040000000,0.4200000000,147448.0363700000,61341.8931830000,61341.8931830000,1,SRM-USDT
2023-01-23 06:00:00,1674424800000,0.4190000000,0.4190000000,0.4010000000,0.4120000000,113521.8797170000,46554.1367060000,46554.1367060000,1,SRM-USDT
2023-01-23 07:00:00,1674428400000,0.4120000000,0.4140000000,0.4030000000,0.4120000000,139436.8291120000,57049.1377400000,57049.1377400000,1,SRM-USDT
2023-01-23 08:00:00,1674432000000,0.4100000000,0.4120000000,0.4030000000,0.4070000000,214659.0765800000,87493.5758650000,87493.5758650000,1,SRM-USDT
2023-01-23 09:00:00,1674435600000,0.4070000000,0.4170000000,0.4050000000,0.4170000000,70160.4420300000,29025.2806930000,29025.2806930000,1,SRM-USDT
2023-01-23 10:00:00,1674439200000,0.4170000000,0.4210000000,0.4100000000,0.4200000000,475242.8165740000,197491.2850970000,197491.2850970000,1,SRM-USDT
2023-01-23 11:00:00,1674442800000,0.4200000000,0.4230000000,0.4140000000,0.4140000000,129915.6067670000,54565.5579420000,54565.5579420000,1,SRM-USDT
2023-01-23 12:00:00,1674446400000,0.4140000000,0.4190000000,0.4130000000,0.4180000000,79545.5837990000,33132.0690180000,33132.0690180000,1,SRM-USDT
2023-01-23 13:00:00,1674450000000,0.4170000000,0.4330000000,0.4160000000,0.4220000000,215485.2015530000,91359.0490250000,91359.0490250000,1,SRM-USDT
2023-01-23 14:00:00,1674453600000,0.4220000000,0.4310000000,0.4200000000,0.4300000000,186846.2321750000,79614.7795520000,79614.7795520000,1,SRM-USDT
2023-01-23 15:00:00,1674457200000,0.4300000000,0.4340000000,0.4250000000,0.4270000000,304972.6481720000,130687.9045620000,130687.9045620000,1,SRM-USDT
2023-01-23 16:00:00,1674460800000,0.4270000000,0.4280000000,0.4210000000,0.4240000000,122077.1058160000,51909.6396950000,51909.6396950000,1,SRM-USDT
2023-01-23 17:00:00,1674464400000,0.4240000000,0.4240000000,0.4200000000,0.4220000000,136492.8588400000,57629.8205410000,57629.8205410000,1,SRM-USDT
2023-01-23 18:00:00,1674468000000,0.4220000000,0.4260000000,0.4210000000,0.4250000000,114892.1159000000,48659.8833590000,48659.8833590000,1,SRM-USDT
2023-01-23 19:00:00,1674471600000,0.4250000000,0.4350000000,0.3950000000,0.4120000000,442181.3339410000,182657.3246670000,182657.3246670000,1,SRM-USDT
2023-01-23 20:00:00,1674475200000,0.4120000000,0.4150000000,0.4050000000,0.4060000000,339868.6833860000,139751.8386780000,139751.8386780000,1,SRM-USDT
2023-01-23 21:00:00,1674478800000,0.4050000000,0.4180000000,0.4050000000,0.4130000000,329926.5074740000,135700.9359970000,135700.9359970000,1,SRM-USDT
2023-01-23 22:00:00,1674482400000,0.4120000000,0.4180000000,0.4100000000,0.4140000000,210780.1342400000,87235.7651020000,87235.7651020000,1,SRM-USDT
2023-01-23 23:00:00,1674486000000,0.4130000000,0.4170000000,0.4100000000,0.4120000000,424004.4967440000,175393.7780110000,175393.7780110000,1,SRM-USDT
2023-01-24 00:00:00,1674489600000,0.4110000000,0.4180000000,0.4110000000,0.4150000000,60350.4225470000,24968.7875050000,24968.7875050000,1,SRM-USDT
2023-01-24 01:00:00,1674493200000,0.4150000000,0.4160000000,0.4060000000,0.4100000000,326120.1648700000,134216.4996330000,134216.4996330000,1,SRM-USDT
2023-01-24 02:00:00,1674496800000,0.4100000000,0.4120000000,0.4070000000,0.4090000000,185499.0353560000,75861.6382440000,75861.6382440000,1,SRM-USDT
2023-01-24 03:00:00,1674500400000,0.4090000000,0.4290000000,0.4070000000,0.4290000000,211405.3187230000,87351.5782670000,87351.5782670000,1,SRM-USDT
2023-01-24 04:00:00,1674504000000,0.4290000000,0.4350000000,0.4130000000,0.4160000000,423868.6155110000,176976.7183910000,176976.7183910000,1,SRM-USDT
2023-01-24 05:00:00,1674507600000,0.4160000000,0.4170000000,0.4120000000,0.4130000000,185021.0213000000,76462.1935040000,76462.1935040000,1,SRM-USDT
2023-01-24 06:00:00,1674511200000,0.4140000000,0.4160000000,0.4120000000,0.4140000000,121570.5205360000,50283.5125110000,50283.5125110000,1,SRM-USDT
2023-01-24 07:00:00,1674514800000,0.4140000000,0.4150000000,0.4120000000,0.4120000000,34373.6768840000,14189.3051830000,14189.3051830000,1,SRM-USDT
2023-01-24 08:00:00,1674518400000,0.4120000000,0.4150000000,0.4090000000,0.4100000000,125236.1693820000,51657.1449130000,51657.1449130000,1,SRM-USDT
2023-01-24 09:00:00,1674522000000,0.4110000000,0.4160000000,0.4110000000,0.4150000000,117658.5776860000,48657.2901320000,48657.2901320000,1,SRM-USDT
2023-01-24 10:00:00,1674525600000,0.4160000000,0.4190000000,0.4150000000,0.4180000000,138922.8106210000,58036.4793030000,58036.4793030000,1,SRM-USDT
2023-01-24 11:00:00,1674529200000,0.4180000000,0.4220000000,0.4180000000,0.4200000000,120188.4664130000,50437.3680100000,50437.3680100000,1,SRM-USDT
2023-01-24 12:00:00,1674532800000,0.4200000000,0.4210000000,0.4140000000,0.4140000000,150075.0685760000,62840.7202140000,62840.7202140000,1,SRM-USDT
2023-01-24 13:00:00,1674536400000,0.4140000000,0.4170000000,0.4120000000,0.4160000000,251653.2370820000,104551.7822290000,104551.7822290000,1,SRM-USDT
2023-01-24 14:00:00,1674540000000,0.4160000000,0.4210000000,0.4130000000,0.4170000000,149985.0227750000,62596.2178540000,62596.2178540000,1,SRM-USDT
2023-01-24 15:00:00,1674543600000,0.4170000000,0.4180000000,0.4140000000,0.4150000000,113134.0871640000,47017.4829230000,47017.4829230000,1,SRM-USDT
2023-01-24 16:00:00,1674547200000,0.4150000000,0.4150000000,0.4110000000,0.4110000000,142466.1223630000,58901.5446550000,58901.5446550000,1,SRM-USDT
2023-01-24 17:00:00,1674550800000,0.4110000000,0.4120000000,0.4070000000,0.4110000000,106455.0781500000,43659.9296000000,43659.9296000000,1,SRM-USDT
2023-01-24 18:00:00,1674554400000,0.4110000000,0.4120000000,0.4090000000,0.4120000000,125784.8957870000,51697.9343050000,51697.9343050000,1,SRM-USDT
2023-01-24 19:00:00,1674558000000,0.4120000000,0.4120000000,0.4030000000,0.4090000000,171738.5328760000,70143.8337360000,70143.8337360000,1,SRM-USDT
2023-01-24 20:00:00,1674561600000,0.4090000000,0.4100000000,0.4060000000,0.4100000000,174206.3400460000,71229.0694130000,71229.0694130000,1,SRM-USDT
2023-01-24 21:00:00,1674565200000,0.4100000000,0.4120000000,0.4060000000,0.4090000000,230571.5503500000,94270.8388350000,94270.8388350000,1,SRM-USDT
2023-01-24 22:00:00,1674568800000,0.4090000000,0.4090000000,0.4020000000,0.4060000000,244434.3459750000,99199.8517440000,99199.8517440000,1,SRM-USDT
2023-01-24 23:00:00,1674572400000,0.4060000000,0.4060000000,0.4000000000,0.4020000000,210824.5710460000,85117.3154480000,85117.3154480000,1,SRM-USDT
2023-01-25 00:00:00,1674576000000,0.4010000000,0.4040000000,0.4000000000,0.4000000000,198897.1729790000,79994.2831150000,79994.2831150000,1,SRM-USDT
2023-01-25 01:00:00,1674579600000,0.4000000000,0.4030000000,0.3980000000,0.4000000000,219628.2318600000,87752.9313420000,87752.9313420000,1,SRM-USDT
2023-01-25 02:00:00,1674583200000,0.4010000000,0.4160000000,0.4000000000,0.4070000000,325461.0343480000,132644.3615900000,132644.3615900000,1,SRM-USDT
2023-01-25 03:00:00,1674586800000,0.4070000000,0.4080000000,0.4020000000,0.4020000000,92677.8711130000,37434.9922890000,37434.9922890000,1,SRM-USDT
2023-01-25 04:00:00,1674590400000,0.4030000000,0.4040000000,0.3970000000,0.3980000000,240878.2490350000,96287.8906030000,96287.8906030000,1,SRM-USDT
2023-01-25 05:00:00,1674594000000,0.3980000000,0.4000000000,0.3930000000,0.3940000000,409363.8634050000,162369.9329950000,162369.9329950000,1,SRM-USDT
2023-01-25 06:00:00,1674597600000,0.3930000000,0.3980000000,0.3820000000,0.3860000000,523128.5086140000,206370.7927350000,206370.7927350000,1,SRM-USDT
2023-01-25 07:00:00,1674601200000,0.3870000000,0.3930000000,0.3780000000,0.3790000000,425826.1174170000,163752.8513370000,163752.8513370000,1,SRM-USDT
2023-01-25 08:00:00,1674604800000,0.3790000000,0.3900000000,0.3650000000,0.3820000000,209083.9987520000,78458.9787140000,78458.9787140000,1,SRM-USDT
2023-01-25 09:00:00,1674608400000,0.3820000000,0.3830000000,0.3710000000,0.3750000000,300792.0806680000,112890.2122080000,112890.2122080000,1,SRM-USDT
2023-01-25 10:00:00,1674612000000,0.3750000000,0.3830000000,0.3750000000,0.3780000000,331981.5337800000,125707.6883630000,125707.6883630000,1,SRM-USDT
2023-01-25 11:00:00,1674615600000,0.3800000000,0.3800000000,0.3740000000,0.3750000000,133046.0785870000,50188.4113070000,50188.4113070000,1,SRM-USDT
2023-01-25 12:00:00,1674619200000,0.3760000000,0.3860000000,0.3760000000,0.3840000000,212557.5967300000,80474.0344040000,80474.0344040000,1,SRM-USDT
2023-01-25 13:00:00,1674622800000,0.3840000000,0.3870000000,0.3800000000,0.3800000000,188701.9910890000,72421.9151780000,72421.9151780000,1,SRM-USDT
2023-01-25 14:00:00,1674626400000,0.3790000000,0.3860000000,0.3780000000,0.3850000000,143607.7741130000,55102.6462460000,55102.6462460000,1,SRM-USDT
2023-01-25 15:00:00,1674630000000,0.3850000000,0.3870000000,0.3830000000,0.3850000000,156285.3972920000,60262.8660580000,60262.8660580000,1,SRM-USDT
2023-01-25 16:00:00,1674633600000,0.3860000000,0.3880000000,0.3780000000,0.3830000000,94722.3642650000,36398.3090410000,36398.3090410000,1,SRM-USDT
2023-01-25 17:00:00,1674637200000,0.3830000000,0.3830000000,0.3770000000,0.3780000000,37894.1701140000,14349.7003220000,14349.7003220000,1,SRM-USDT
2023-01-25 18:00:00,1674640800000,0.3780000000,0.3790000000,0.3710000000,0.3720000000,99465.8653240000,37241.9096250000,37241.9096250000,1,SRM-USDT
2023-01-25 19:00:00,1674644400000,0.3720000000,0.3760000000,0.3700000000,0.3730000000,191728.7533270000,71539.5835700000,71539.5835700000,1,SRM-USDT
2023-01-25 20:00:00,1674648000000,0.3730000000,0.3810000000,0.3730000000,0.3800000000,200954.2982530000,76006.2233360000,76006.2233360000,1,SRM-USDT
2023-01-25 21:00:00,1674651600000,0.3800000000,0.3850000000,0.3780000000,0.3780000000,93729.6109330000,35873.5050900000,35873.5050900000,1,SRM-USDT
2023-01-25 22:00:00,1674655200000,0.3790000000,0.3790000000,0.3760000000,0.3770000000,210722.9310570000,79602.6688650000,79602.6688650000,1,SRM-USDT
2023-01-25 23:00:00,1674658800000,0.3770000000,0.3770000000,0.3710000000,0.3730000000,111490.6696310000,41737.5876290000,41737.5876290000,1,SRM-USDT
2023-01-26 00:00:00,1674662400000,0.3730000000,0.3770000000,0.3710000000,0.3750000000,128028.6741040000,47974.3381920000,47974.3381920000,1,SRM-USDT
2023-01-26 01:00:00,1674666000000,0.3760000000,0.3810000000,0.3750000000,0.3790000000,153665.9939810000,58029.5578110000,58029.5578110000,1,SRM-USDT
2023-01-26 02:00:00,1674669600000,0.3790000000,0.3790000000,0.3700000000,0.3760000000,127608.4320610000,47848.2407510000,47848.2407510000,1,SRM-USDT
2023-01-26 03:00:00,1674673200000,0.3760000000,0.3870000000,0.3760000000,0.3830000000,172172.2793520000,65572.9600700000,65572.9600700000,1,SRM-USDT
2023-01-26 04:00:00,1674676800000,0.3830000000,0.4380000000,0.3830000000,0.4220000000,997343.0671160000,408592.9166230000,408592.9166230000,1,SRM-USDT
2023-01-26 05:00:00,1674680400000,0.4240000000,0.4370000000,0.3970000000,0.4040000000,373207.2157340000,151666.7724870000,151666.7724870000,1,SRM-USDT
2023-01-26 06:00:00,1674684000000,0.4050000000,0.4170000000,0.3910000000,0.3930000000,360256.1375410000,146405.6287000000,146405.6287000000,1,SRM-USDT
2023-01-26 07:00:00,1674687600000,0.3910000000,0.4020000000,0.3910000000,0.3920000000,262046.3272760000,103724.7836920000,103724.7836920000,1,SRM-USDT
2023-01-26 08:00:00,1674691200000,0.3920000000,0.4140000000,0.3920000000,0.4060000000,186142.3173410000,75437.5541840000,75437.5541840000,1,SRM-USDT
2023-01-26 09:00:00,1674694800000,0.4080000000,0.4150000000,0.4050000000,0.4130000000,376786.3719310000,154444.0398860000,154444.0398860000,1,SRM-USDT
2023-01-26 10:00:00,1674698400000,0.4120000000,0.4130000000,0.4040000000,0.4040000000,152001.0103550000,61971.2992480000,61971.2992480000,1,SRM-USDT
2023-01-26 11:00:00,1674702000000,0.4030000000,0.4100000000,0.4030000000,0.4080000000,148433.2392170000,60422.5623340000,60422.5623340000,1,SRM-USDT
2023-01-26 12:00:00,1674705600000,0.4080000000,0.4300000000,0.4070000000,0.4100000000,233546.9058450000,96839.6024720000,96839.6024720000,1,SRM-USDT
2023-01-26 13:00:00,1674709200000,0.4110000000,0.4150000000,0.4020000000,0.4030000000,154533.7124870000,62370.9150700000,62370.9150700000,1,SRM-USDT
2023-01-26 14:00:00,1674712800000,0.4030000000,0.4090000000,0.4010000000,0.4040000000,216001.8307170000,87302.9633550000,87302.9633550000,1,SRM-USDT
2023-01-26 15:00:00,1674716400000,0.4040000000,0.4040000000,0.4000000000,0.4000000000,113673.5395710000,45726.8379870000,45726.8379870000,1,SRM-USDT
2023-01-26 16:00:00,1674720000000,0.4000000000,0.4040000000,0.3970000000,0.3980000000,118318.2329390000,47282.9493730000,47282.9493730000,1,SRM-USDT
2023-01-26 17:00:00,1674723600000,0.3990000000,0.4010000000,0.3980000000,0.3990000000,67478.3632700000,27002.0236670000,27002.0236670000,1,SRM-USDT
2023-01-26 18:00:00,1674727200000,0.3990000000,0.3990000000,0.3930000000,0.3960000000,131181.8443270000,51969.9174740000,51969.9174740000,1,SRM-USDT
2023-01-26 19:00:00,1674730800000,0.3970000000,0.3970000000,0.3850000000,0.3890000000,252211.2741880000,98519.4004180000,98519.4004180000,1,SRM-USDT
2023-01-26 20:00:00,1674734400000,0.3890000000,0.3920000000,0.3880000000,0.3910000000,190080.8217070000,74206.8257660000,74206.8257660000,1,SRM-USDT
2023-01-26 21:00:00,1674738000000,0.3910000000,0.4000000000,0.3880000000,0.3990000000,202747.5132030000,79662.9103090000,79662.9103090000,1,SRM-USDT
2023-01-26 22:00:00,1674741600000,0.3990000000,0.4000000000,0.3900000000,0.3900000000,218720.3522920000,86455.3016300000,86455.3016300000,1,SRM-USDT
2023-01-26 23:00:00,1674745200000,0.3910000000,0.3960000000,0.3870000000,0.3880000000,254422.0412020000,99601.7153750000,99601.7153750000,1,SRM-USDT
2023-01-27 00:00:00,1674748800000,0.3880000000,0.3970000000,0.3860000000,0.3950000000,290303.8643710000,113899.4148450000,113899.4148450000,1,SRM-USDT
2023-01-27 01:00:00,1674752400000,0.3940000000,0.3940000000,0.3860000000,0.3870000000,253396.2145450000,98826.0886580000,98826.0886580000,1,SRM-USDT
2023-01-27 02:00:00,1674756000000,0.3870000000,0.3920000000,0.3870000000,0.3880000000,183119.3436720000,71288.5371610000,71288.5371610000,1,SRM-USDT
2023-01-27 03:00:00,1674759600000,0.3870000000,0.3890000000,0.3850000000,0.3850000000,98858.8415780000,38238.7925320000,38238.7925320000,1,SRM-USDT
2023-01-27 04:00:00,1674763200000,0.3860000000,0.3900000000,0.3830000000,0.3860000000,175131.6895680000,67828.2972980000,67828.2972980000,1,SRM-USDT
2023-01-27 05:00:00,1674766800000,0.3860000000,0.3890000000,0.3860000000,0.3870000000,65993.6471320000,25530.8771320000,25530.8771320000,1,SRM-USDT
2023-01-27 06:00:00,1674770400000,0.3870000000,0.3870000000,0.3840000000,0.3860000000,196685.2606320000,75867.6154650000,75867.6154650000,1,SRM-USDT
2023-01-27 07:00:00,1674774000000,0.3860000000,0.3890000000,0.3850000000,0.3850000000,231225.7027830000,89440.6214590000,89440.6214590000,1,SRM-USDT
2023-01-27 08:00:00,1674777600000,0.3850000000,0.3920000000,0.3850000000,0.3870000000,313560.0992380000,121772.5606830000,121772.5606830000,1,SRM-USDT
2023-01-27 09:00:00,1674781200000,0.3870000000,0.3870000000,0.3760000000,0.3760000000,163384.3965190000,62517.0873980000,62517.0873980000,1,SRM-USDT
2023-01-27 10:00:00,1674784800000,0.3760000000,0.3890000000,0.3760000000,0.3880000000,204324.2970970000,78975.3948580000,78975.3948580000,1,SRM-USDT
2023-01-27 11:00:00,1674788400000,0.3870000000,0.3880000000,0.3860000000,0.3860000000,45479.5303580000,17617.8960550000,17617.8960550000,1,SRM-USDT
2023-01-27 12:00:00,1674792000000,0.3860000000,0.3870000000,0.3840000000,0.3860000000,179152.7379100000,69065.6569010000,69065.6569010000,1,SRM-USDT
2023-01-27 13:00:00,1674795600000,0.3870000000,0.3870000000,0.3830000000,0.3850000000,80680.5106720000,31056.0555180000,31056.0555180000,1,SRM-USDT
2023-01-27 14:00:00,1674799200000,0.3850000000,0.3850000000,0.3810000000,0.3840000000,89307.0338130000,34170.5178410000,34170.5178410000,1,SRM-USDT
2023-01-27 15:00:00,1674802800000,0.3840000000,0.3840000000,0.3790000000,0.3810000000,267612.7565200000,101992.2850540000,101992.2850540000,1,SRM-USDT
2023-01-27 16:00:00,1674806400000,0.3810000000,0.3820000000,0.3770000000,0.3780000000,80492.7298880000,30525.3404080000,30525.3404080000,1,SRM-USDT
2023-01-27 17:00:00,1674810000000,0.3780000000,0.3790000000,0.3750000000,0.3760000000,96298.6693430000,36331.6637420000,36331.6637420000,1,SRM-USDT
2023-01-27 18:00:00,1674813600000,0.3760000000,0.3790000000,0.3740000000,0.3770000000,121440.7590820000,45781.8877040000,45781.8877040000,1,SRM-USDT
2023-01-27 19:00:00,1674817200000,0.3770000000,0.3780000000,0.3730000000,0.3740000000,180439.1833640000,67693.5243850000,67693.5243850000,1,SRM-USDT
2023-01-27 20:00:00,1674820800000,0.3740000000,0.3790000000,0.3740000000,0.3780000000,201161.4790610000,75870.2789330000,75870.2789330000,1,SRM-USDT
2023-01-27 21:00:00,1674824400000,0.3780000000,0.3780000000,0.3740000000,0.3770000000,193662.5372130000,72917.1854130000,72917.1854130000,1,SRM-USDT
2023-01-27 22:00:00,1674828000000,0.3760000000,0.3760000000,0.3730000000,0.3760000000,57586.3729290000,21543.8294910000,21543.8294910000,1,SRM-USDT
2023-01-27 23:00:00,1674831600000,0.3770000000,0.3830000000,0.3760000000,0.3770000000,184522.7855000000,69914.5816760000,69914.5816760000,1,SRM-USDT
2023-01-28 00:00:00,1674835200000,0.3770000000,0.3840000000,0.3770000000,0.3840000000,269744.5172230000,102731.4370410000,102731.4370410000,1,SRM-USDT
2023-01-28 01:00:00,1674838800000,0.3840000000,0.4160000000,0.3840000000,0.4000000000,299957.5106160000,120432.9930350000,120432.9930350000,1,SRM-USDT
2023-01-28 02:00:00,1674842400000,0.3990000000,0.4010000000,0.3870000000,0.3910000000,308528.2447460000,121848.5104820000,121848.5104820000,1,SRM-USDT
2023-01-28 03:00:00,1674846000000,0.3910000000,0.3930000000,0.3830000000,0.3840000000,213051.0335310000,82449.4401980000,82449.4401980000,1,SRM-USDT
2023-01-28 04:00:00,1674849600000,0.3850000000,0.3960000000,0.3850000000,0.3870000000,470808.2883360000,183517.3137480000,183517.3137480000,1,SRM-USDT
2023-01-28 05:00:00,1674853200000,0.3880000000,0.3920000000,0.3860000000,0.3890000000,214873.6289440000,83786.3472060000,83786.3472060000,1,SRM-USDT
2023-01-28 06:00:00,1674856800000,0.3880000000,0.3880000000,0.3840000000,0.3860000000,333422.8590450000,128739.9694780000,128739.9694780000,1,SRM-USDT
2023-01-28 07:00:00,1674860400000,0.3850000000,0.3860000000,0.3820000000,0.3840000000,70531.2955610000,27106.7094230000,27106.7094230000,1,SRM-USDT
2023-01-28 08:00:00,1674864000000,0.3830000000,0.3970000000,0.3800000000,0.3960000000,211883.0393590000,82230.0490700000,82230.0490700000,1,SRM-USDT
2023-01-28 09:00:00,1674867600000,0.3960000000,0.3970000000,0.3890000000,0.3890000000,262500.9564870000,102961.6509520000,102961.6509520000,1,SRM-USDT
2023-01-28 10:00:00,1674871200000,0.3900000000,0.3910000000,0.3860000000,0.3890000000,159896.4288130000,61963.0239570000,61963.0239570000,1,SRM-USDT
2023-01-28 11:00:00,1674874800000,0.3890000000,0.3900000000,0.3860000000,0.3890000000,71046.9133390000,27507.2524470000,27507.2524470000,1,SRM-USDT
2023-01-28 12:00:00,1674878400000,0.3890000000,0.3950000000,0.3880000000,0.3940000000,109131.0897700000,42853.9434470000,42853.9434470000,1,SRM-USDT
2023-01-28 13:00:00,1674882000000,0.3940000000,0.3960000000,0.3890000000,0.3910000000,191011.3401120000,75018.4966880000,75018.4966880000,1,SRM-USDT
2023-01-28 14:00:00,1674885600000,0.3910000000,0.4020000000,0.3910000000,0.4010000000,299751.5584310000,119262.4714390000,119262.4714390000,1,SRM-USDT
2023-01-28 15:00:00,1674889200000,0.4010000000,0.4100000000,0.3940000000,0.4040000000,380429.8448030000,151615.9030920000,151615.9030920000,1,SRM-USDT
2023-01-28 16:00:00,1674892800000,0.4030000000,0.4100000000,0.3970000000,0.4010000000,557029.7210430000,224390.5995800000,224390.5995800000,1,SRM-USDT
2023-01-28 17:00:00,1674896400000,0.4000000000,0.4050000000,0.3990000000,0.3990000000,127203.5630910000,51003.1372490000,51003.1372490000,1,SRM-USDT
2023-01-28 18:00:00,1674900000000,0.3990000000,0.4200000000,0.3990000000,0.4020000000,383477.5446000000,156091.9279170000,156091.9279170000,1,SRM-USDT
2023-01-28 19:00:00,1674903600000,0.4020000000,0.4060000000,0.3980000000,0.3990000000,218528.6084200000,87701.2840050000,87701.2840050000,1,SRM-USDT
2023-01-28 20:00:00,1674907200000,0.3990000000,0.4020000000,0.3910000000,0.3960000000,383987.7950310000,151982.6127740000,151982.6127740000,1,SRM-USDT
2023-01-28 21:00:00,1674910800000,0.3950000000,0.3950000000,0.3890000000,0.3930000000,160716.9110410000,63071.6186260000,63071.6186260000,1,SRM-USDT
2023-01-28 22:00:00,1674914400000,0.3930000000,0.3950000000,0.3900000000,0.3900000000,159648.4597450000,62726.3836010000,62726.3836010000,1,SRM-USDT
2023-01-28 23:00:00,1674918000000,0.3910000000,0.3950000000,0.3910000000,0.3920000000,242902.8058700000,95483.6939530000,95483.6939530000,1,SRM-USDT
2023-01-29 00:00:00,1674921600000,0.3920000000,0.4020000000,0.3910000000,0.3990000000,337360.5183690000,133581.5242800000,133581.5242800000,1,SRM-USDT
2023-01-29 01:00:00,1674925200000,0.3990000000,0.3990000000,0.3900000000,0.3900000000,109293.8933580000,42907.2724140000,42907.2724140000,1,SRM-USDT
2023-01-29 02:00:00,1674928800000,0.3900000000,0.3950000000,0.3890000000,0.3900000000,73846.6467380000,28909.6228140000,28909.6228140000,1,SRM-USDT
2023-01-29 03:00:00,1674932400000,0.3910000000,0.3930000000,0.3860000000,0.3910000000,137251.5426410000,53576.8738910000,53576.8738910000,1,SRM-USDT
2023-01-29 04:00:00,1674936000000,0.3910000000,0.3930000000,0.3880000000,0.3880000000,149616.1820060000,58234.4536980000,58234.4536980000,1,SRM-USDT
2023-01-29 05:00:00,1674939600000,0.3890000000,0.3920000000,0.3880000000,0.3890000000,32607.6821230000,12689.1013020000,12689.1013020000,1,SRM-USDT
2023-01-29 06:00:00,1674943200000,0.3890000000,0.3950000000,0.3870000000,0.3890000000,194959.8240830000,76260.1755670000,76260.1755670000,1,SRM-USDT
2023-01-29 07:00:00,1674946800000,0.3890000000,0.3920000000,0.3880000000,0.3920000000,205217.0005460000,80213.7181730000,80213.7181730000,1,SRM-USDT
2023-01-29 08:00:00,1674950400000,0.3920000000,0.3970000000,0.3890000000,0.3940000000,163514.1622170000,64235.5921320000,64235.5921320000,1,SRM-USDT
2023-01-29 09:00:00,1674954000000,0.3940000000,0.4000000000,0.3910000000,0.3940000000,288509.3246930000,114309.5995880000,114309.5995880000,1,SRM-USDT
2023-01-29 10:00:00,1674957600000,0.3940000000,0.4000000000,0.3930000000,0.3980000000,129499.3856040000,51098.6171060000,51098.6171060000,1,SRM-USDT
2023-01-29 11:00:00,1674961200000,0.3980000000,0.4080000000,0.3940000000,0.4030000000,368564.9908760000,148068.2906220000,148068.2906220000,1,SRM-USDT
2023-01-29 12:00:00,1674964800000,0.4030000000,0.4030000000,0.3990000000,0.3990000000,135816.8117040000,54379.6288850000,54379.6288850000,1,SRM-USDT
2023-01-29 13:00:00,1674968400000,0.3990000000,0.3990000000,0.3950000000,0.3970000000,55559.0659380000,22090.9884170000,22090.9884170000,1,SRM-USDT
2023-01-29 14:00:00,1674972000000,0.3970000000,0.3980000000,0.3940000000,0.3950000000,39848.0585260000,15765.8367900000,15765.8367900000,1,SRM-USDT
2023-01-29 15:00:00,1674975600000,0.3960000000,0.4110000000,0.3930000000,0.4100000000,259690.1286080000,104271.0230520000,104271.0230520000,1,SRM-USDT
2023-01-29 16:00:00,1674979200000,0.4100000000,0.4150000000,0.3990000000,0.4000000000,203230.5923140000,82152.9220840000,82152.9220840000,1,SRM-USDT
2023-01-29 17:00:00,1674982800000,0.4000000000,0.4000000000,0.3960000000,0.3980000000,212052.4096260000,84490.9740130000,84490.9740130000,1,SRM-USDT
2023-01-29 18:00:00,1674986400000,0.3970000000,0.4060000000,0.3970000000,0.4040000000,409523.5722500000,164612.5077360000,164612.5077360000,1,SRM-USDT
2023-01-29 19:00:00,1674990000000,0.4040000000,0.4050000000,0.3980000000,0.3990000000,87357.9625880000,34989.6741100000,34989.6741100000,1,SRM-USDT
2023-01-29 20:00:00,1674993600000,0.4000000000,0.4000000000,0.3970000000,0.3970000000,158971.6188890000,63229.7810720000,63229.7810720000,1,SRM-USDT
2023-01-29 21:00:00,1674997200000,0.3970000000,0.3990000000,0.3930000000,0.3930000000,177683.2119740000,70297.9925660000,70297.9925660000,1,SRM-USDT
2023-01-29 22:00:00,1675000800000,0.3930000000,0.3970000000,0.3920000000,0.3960000000,113263.5356850000,44611.3408800000,44611.3408800000,1,SRM-USDT
2023-01-29 23:00:00,1675004400000,0.3960000000,0.3960000000,0.3930000000,0.3940000000,182724.2173480000,72105.5532010000,72105.5532010000,1,SRM-USDT
2023-01-30 00:00:00,1675008000000,0.3940000000,0.3970000000,0.3940000000,0.3960000000,81827.5759960000,32321.2434470000,32321.2434470000,1,SRM-USDT
2023-01-30 01:00:00,1675011600000,0.3960000000,0.4230000000,0.3960000000,0.4070000000,498575.7418070000,203378.2657810000,203378.2657810000,1,SRM-USDT
2023-01-30 02:00:00,1675015200000,0.4080000000,0.4130000000,0.4000000000,0.4020000000,153453.9990680000,62105.8728400000,62105.8728400000,1,SRM-USDT
2023-01-30 03:00:00,1675018800000,0.4030000000,0.4060000000,0.4010000000,0.4010000000,317140.7758310000,128107.0951410000,128107.0951410000,1,SRM-USDT
2023-01-30 04:00:00,1675022400000,0.4010000000,0.4040000000,0.3960000000,0.3980000000,323489.8943890000,129284.6072550000,129284.6072550000,1,SRM-USDT
2023-01-30 05:00:00,1675026000000,0.3980000000,0.4030000000,0.3950000000,0.4000000000,32442.1748970000,12976.6687720000,12976.6687720000,1,SRM-USDT
2023-01-30 06:00:00,1675029600000,0.4010000000,0.4040000000,0.3980000000,0.4030000000,235555.3012270000,94501.1712360000,94501.1712360000,1,SRM-USDT
2023-01-30 07:00:00,1675033200000,0.4030000000,0.4030000000,0.3990000000,0.4020000000,230261.9031360000,92254.4639540000,92254.4639540000,1,SRM-USDT
2023-01-30 08:00:00,1675036800000,0.4030000000,0.4030000000,0.4000000000,0.4020000000,104245.9975680000,41810.5453140000,41810.5453140000,1,SRM-USDT
2023-01-30 09:00:00,1675040400000,0.4020000000,0.4020000000,0.3960000000,0.3970000000,191649.8018900000,76383.6048790000,76383.6048790000,1,SRM-USDT
2023-01-30 10:00:00,1675044000000,0.3970000000,0.3980000000,0.3900000000,0.3930000000,333107.5106070000,131120.2768520000,131120.2768520000,1,SRM-USDT
2023-01-30 11:00:00,1675047600000,0.3930000000,0.3950000000,0.3910000000,0.3930000000,116354.9334700000,45747.4614650000,45747.4614650000,1,SRM-USDT
2023-01-30 12:00:00,1675051200000,0.3940000000,0.3990000000,0.3940000000,0.3990000000,105178.8939170000,41705.6284450000,41705.6284450000,1,SRM-USDT
2023-01-30 13:00:00,1675054800000,0.3990000000,0.4090000000,0.3960000000,0.3990000000,291944.2602510000,117716.2399980000,117716.2399980000,1,SRM-USDT
2023-01-30 14:00:00,1675058400000,0.3990000000,0.3990000000,0.3940000000,0.3950000000,179526.7511760000,71017.8716350000,71017.8716350000,1,SRM-USDT
2023-01-30 15:00:00,1675062000000,0.3940000000,0.3960000000,0.3920000000,0.3930000000,163157.1651680000,64299.2416990000,64299.2416990000,1,SRM-USDT
2023-01-30 16:00:00,1675065600000,0.3930000000,0.3940000000,0.3920000000,0.3920000000,186073.0946090000,73025.5593740000,73025.5593740000,1,SRM-USDT
2023-01-30 17:00:00,1675069200000,0.3930000000,0.3990000000,0.3830000000,0.3840000000,269399.7868770000,105356.6558850000,105356.6558850000,1,SRM-USDT
2023-01-30 18:00:00,1675072800000,0.3840000000,0.3850000000,0.3810000000,0.3810000000,151703.2931020000,58138.7270560000,58138.7270560000,1,SRM-USDT
2023-01-30 19:00:00,1675076400000,0.3810000000,0.3850000000,0.3760000000,0.3780000000,274411.1832960000,104635.6080090000,104635.6080090000,1,SRM-USDT
2023-01-30 20:00:00,1675080000000,0.3770000000,0.3800000000,0.3740000000,0.3790000000,283980.1733930000,107361.0132070000,107361.0132070000,1,SRM-USDT
2023-01-30 21:00:00,1675083600000,0.3780000000,0.3820000000,0.3760000000,0.3780000000,255835.7990620000,96910.5502020000,96910.5502020000,1,SRM-USDT
2023-01-30 22:00:00,1675087200000,0.3780000000,0.3810000000,0.3760000000,0.3790000000,205957.3910200000,77742.0243270000,77742.0243270000,1,SRM-USDT
2023-01-30 23:00:00,1675090800000,0.3780000000,0.3810000000,0.3770000000,0.3790000000,279145.9294470000,105836.1709960000,105836.1709960000,1,SRM-USDT
2023-01-31 00:00:00,1675094400000,0.3790000000,0.3810000000,0.3750000000,0.3760000000,132436.4877460000,49949.5173330000,49949.5173330000,1,SRM-USDT
2023-01-31 01:00:00,1675098000000,0.3760000000,0.3810000000,0.3750000000,0.3790000000,158881.1193900000,60100.6468320000,60100.6468320000,1,SRM-USDT
2023-01-31 02:00:00,1675101600000,0.3780000000,0.3790000000,0.3750000000,0.3770000000,138468.0473060000,52285.1792580000,52285.1792580000,1,SRM-USDT
2023-01-31 03:00:00,1675105200000,0.3760000000,0.3760000000,0.3550000000,0.3600000000,313975.8076890000,113118.1853910000,113118.1853910000,1,SRM-USDT
2023-01-31 04:00:00,1675108800000,0.3600000000,0.3630000000,0.3560000000,0.3570000000,203510.2387760000,72977.3268050000,72977.3268050000,1,SRM-USDT
2023-01-31 05:00:00,1675112400000,0.3570000000,0.3640000000,0.3570000000,0.3630000000,164641.5009860000,59552.0215210000,59552.0215210000,1,SRM-USDT
2023-01-31 06:00:00,1675116000000,0.3620000000,0.3640000000,0.3590000000,0.3600000000,241936.4662680000,87438.4938330000,87438.4938330000,1,SRM-USDT
2023-01-31 07:00:00,1675119600000,0.3600000000,0.3640000000,0.3580000000,0.3620000000,66782.5387750000,24063.9945570000,24063.9945570000,1,SRM-USDT
2023-01-31 08:00:00,1675123200000,0.3620000000,0.3640000000,0.3590000000,0.3610000000,255062.6858010000,92132.7999360000,92132.7999360000,1,SRM-USDT
2023-01-31 09:00:00,1675126800000,0.3610000000,0.3620000000,0.3580000000,0.3600000000,115555.4894760000,41620.9163200000,41620.9163200000,1,SRM-USDT
2023-01-31 10:00:00,1675130400000,0.3600000000,0.3620000000,0.3600000000,0.3610000000,87272.2224680000,31505.5280910000,31505.5280910000,1,SRM-USDT
2023-01-31 11:00:00,1675134000000,0.3600000000,0.3600000000,0.3590000000,0.3600000000,56958.8566510000,20490.0259100000,20490.0259100000,1,SRM-USDT
2023-01-31 12:00:00,1675137600000,0.3590000000,0.3620000000,0.3570000000,0.3590000000,97860.4673150000,35217.5812950000,35217.5812950000,1,SRM-USDT
2023-01-31 13:00:00,1675141200000,0.3600000000,0.3620000000,0.3580000000,0.3590000000,128287.4680030000,46215.8088230000,46215.8088230000,1,SRM-USDT
2023-01-31 14:00:00,1675144800000,0.3590000000,0.3620000000,0.3590000000,0.3620000000,80361.8466780000,28885.5513670000,28885.5513670000,1,SRM-USDT
2023-01-31 15:00:00,1675148400000,0.3610000000,0.3650000000,0.3610000000,0.3620000000,230397.4770190000,83719.9935110000,83719.9935110000,1,SRM-USDT
2023-01-31 16:00:00,1675152000000,0.3620000000,0.3620000000,0.3590000000,0.3590000000,126356.8965770000,45594.4044980000,45594.4044980000,1,SRM-USDT
2023-01-31 17:00:00,1675155600000,0.3590000000,0.3610000000,0.3590000000,0.3590000000,72970.2843070000,26229.6758380000,26229.6758380000,1,SRM-USDT
2023-01-31 18:00:00,1675159200000,0.3580000000,0.3590000000,0.3560000000,0.3580000000,75381.9346570000,26971.5200430000,26971.5200430000,1,SRM-USDT
2023-01-31 19:00:00,1675162800000,0.3580000000,0.3610000000,0.3550000000,0.3570000000,128301.4712640000,45820.4566970000,45820.4566970000,1,SRM-USDT
2023-01-31 20:00:00,1675166400000,0.3570000000,0.3630000000,0.3560000000,0.3590000000,83418.6829460000,29961.3949530000,29961.3949530000,1,SRM-USDT
2023-01-31 21:00:00,1675170000000,0.3580000000,0.3660000000,0.3580000000,0.3660000000,108676.2068230000,39348.1843430000,39348.1843430000,1,SRM-USDT
2023-01-31 22:00:00,1675173600000,0.3650000000,0.3690000000,0.3610000000,0.3690000000,304019.3781770000,110442.4134070000,110442.4134070000,1,SRM-USDT
2023-01-31 23:00:00,1675177200000,0.3690000000,0.3720000000,0.3660000000,0.3660000000,154417.3428370000,56803.1471020000,56803.1471020000,1,SRM-USDT
2023-02-01 00:00:00,1675180800000,0.3660000000,0.3660000000,0.3620000000,0.3650000000,205918.8949760000,74945.0888230000,74945.0888230000,1,SRM-USDT
2023-02-01 01:00:00,1675184400000,0.3650000000,0.3720000000,0.3640000000,0.3700000000,139703.3233280000,51434.2563080000,51434.2563080000,1,SRM-USDT
2023-02-01 02:00:00,1675188000000,0.3700000000,0.3720000000,0.3670000000,0.3720000000,222275.7725610000,82211.0948000000,82211.0948000000,1,SRM-USDT
2023-02-01 03:00:00,1675191600000,0.3720000000,0.3730000000,0.3670000000,0.3710000000,347520.3281570000,128752.5139730000,128752.5139730000,1,SRM-USDT
2023-02-01 04:00:00,1675195200000,0.3710000000,0.3710000000,0.3660000000,0.3660000000,184108.5225340000,67756.9150650000,67756.9150650000,1,SRM-USDT
2023-02-01 05:00:00,1675198800000,0.3670000000,0.3680000000,0.3620000000,0.3640000000,137779.6823820000,50100.2247910000,50100.2247910000,1,SRM-USDT
2023-02-01 06:00:00,1675202400000,0.3640000000,0.3720000000,0.3620000000,0.3690000000,313358.3933950000,114791.1710490000,114791.1710490000,1,SRM-USDT
2023-02-01 07:00:00,1675206000000,0.3690000000,0.3700000000,0.3630000000,0.3670000000,200455.2303250000,73627.6360920000,73627.6360920000,1,SRM-USDT
2023-02-01 08:00:00,1675209600000,0.3660000000,0.3670000000,0.3620000000,0.3640000000,239210.9994450000,87087.7679200000,87087.7679200000,1,SRM-USDT
2023-02-01 09:00:00,1675213200000,0.3640000000,0.3670000000,0.3620000000,0.3660000000,122444.0499610000,44632.0798980000,44632.0798980000,1,SRM-USDT
2023-02-01 10:00:00,1675216800000,0.3650000000,0.3670000000,0.3630000000,0.3660000000,39343.5392720000,14392.3726240000,14392.3726240000,1,SRM-USDT
2023-02-01 11:00:00,1675220400000,0.3660000000,0.3670000000,0.3640000000,0.3650000000,106144.3471280000,38784.5309840000,38784.5309840000,1,SRM-USDT
2023-02-01 12:00:00,1675224000000,0.3660000000,0.3670000000,0.3640000000,0.3650000000,64056.3577420000,23413.4582670000,23413.4582670000,1,SRM-USDT
2023-02-01 13:00:00,1675227600000,0.3650000000,0.3660000000,0.3640000000,0.3650000000,102825.2735090000,37499.7960340000,37499.7960340000,1,SRM-USDT
2023-02-01 14:00:00,1675231200000,0.3650000000,0.3680000000,0.3640000000,0.3640000000,113523.3973890000,41579.3318610000,41579.3318610000,1,SRM-USDT
2023-02-01 15:00:00,1675234800000,0.3630000000,0.3640000000,0.3610000000,0.3610000000,46272.3526710000,16793.5268300000,16793.5268300000,1,SRM-USDT
2023-02-01 16:00:00,1675238400000,0.3610000000,0.3630000000,0.3600000000,0.3610000000,119161.7006690000,43000.5956290000,43000.5956290000,1,SRM-USDT
2023-02-01 17:00:00,1675242000000,0.3610000000,0.3620000000,0.3570000000,0.3590000000,150947.9951630000,54346.1620200000,54346.1620200000,1,SRM-USDT
2023-02-01 18:00:00,1675245600000,0.3590000000,0.3600000000,0.3570000000,0.3580000000,65862.4168860000,23575.0053870000,23575.0053870000,1,SRM-USDT
2023-02-01 19:00:00,1675249200000,0.3580000000,0.3600000000,0.3580000000,0.3600000000,16432.9280710000,5888.2883480000,5888.2883480000,1,SRM-USDT
2023-02-01 20:00:00,1675252800000,0.3590000000,0.3630000000,0.3590000000,0.3610000000,64043.7452290000,23136.5857210000,23136.5857210000,1,SRM-USDT
2023-02-01 21:00:00,1675256400000,0.3610000000,0.3610000000,0.3580000000,0.3600000000,171389.5475080000,61588.3504610000,61588.3504610000,1,SRM-USDT
2023-02-01 22:00:00,1675260000000,0.3590000000,0.3620000000,0.3580000000,0.3580000000,126236.6011590000,45415.1030600000,45415.1030600000,1,SRM-USDT
2023-02-01 23:00:00,1675263600000,0.3580000000,0.3580000000,0.3540000000,0.3540000000,155033.9098600000,55248.5225380000,55248.5225380000,1,SRM-USDT
2023-02-02 00:00:00,1675267200000,0.3540000000,0.3570000000,0.3540000000,0.3550000000,63269.0042970000,22477.5018580000,22477.5018580000,1,SRM-USDT
2023-02-02 01:00:00,1675270800000,0.3540000000,0.3540000000,0.3350000000,0.3460000000,288043.8647550000,99042.1949350000,99042.1949350000,1,SRM-USDT
2023-02-02 02:00:00,1675274400000,0.3460000000,0.3500000000,0.3410000000,0.3480000000,141406.4476320000,48782.7664580000,48782.7664580000,1,SRM-USDT
2023-02-02 03:00:00,1675278000000,0.3450000000,0.3600000000,0.3430000000,0.3560000000,527199.5517030000,185249.2694430000,185249.2694430000,1,SRM-USDT
2023-02-02 04:00:00,1675281600000,0.3570000000,0.3660000000,0.3560000000,0.3660000000,237173.4054930000,85519.1472730000,85519.1472730000,1,SRM-USDT
2023-02-02 05:00:00,1675285200000,0.3670000000,0.3850000000,0.3620000000,0.3790000000,483871.2111440000,183258.0557600000,183258.0557600000,1,SRM-USDT
2023-02-02 06:00:00,1675288800000,0.3790000000,0.3790000000,0.3660000000,0.3690000000,180935.3264090000,66950.0959120000,66950.0959120000,1,SRM-USDT
2023-02-02 07:00:00,1675292400000,0.3690000000,0.3720000000,0.3660000000,0.3720000000,329451.3169400000,121608.0267050000,121608.0267050000,1,SRM-USDT
2023-02-02 08:00:00,1675296000000,0.3710000000,0.4010000000,0.3710000000,0.3850000000,798468.7129810000,309582.3332840000,309582.3332840000,1,SRM-USDT
2023-02-02 09:00:00,1675299600000,0.3850000000,0.3850000000,0.3770000000,0.3790000000,268375.6882800000,102077.7731970000,102077.7731970000,1,SRM-USDT
2023-02-02 10:00:00,1675303200000,0.3800000000,0.3800000000,0.3740000000,0.3780000000,235398.7545870000,88775.9945420000,88775.9945420000,1,SRM-USDT
2023-02-02 11:00:00,1675306800000,0.3780000000,0.3780000000,0.3730000000,0.3730000000,128007.8157680000,48087.8827710000,48087.8827710000,1,SRM-USDT
2023-02-02 12:00:00,1675310400000,0.3730000000,0.3750000000,0.3710000000,0.3750000000,69453.7002060000,25896.7602530000,25896.7602530000,1,SRM-USDT
2023-02-02 13:00:00,1675314000000,0.3750000000,0.3780000000,0.3740000000,0.3760000000,80724.3068020000,30341.5696080000,30341.5696080000,1,SRM-USDT
2023-02-02 14:00:00,1675317600000,0.3760000000,0.3770000000,0.3730000000,0.3740000000,144787.5168090000,54275.4307280000,54275.4307280000,1,SRM-USDT
2023-02-02 15:00:00,1675321200000,0.3740000000,0.3780000000,0.3720000000,0.3750000000,118051.8987420000,44324.9407950000,44324.9407950000,1,SRM-USDT
2023-02-02 16:00:00,1675324800000,0.3750000000,0.3750000000,0.3700000000,0.3710000000,129916.8520770000,48478.4794230000,48478.4794230000,1,SRM-USDT
2023-02-02 17:00:00,1675328400000,0.3710000000,0.3750000000,0.3680000000,0.3730000000,229779.2700080000,85207.5648020000,85207.5648020000,1,SRM-USDT
2023-02-02 18:00:00,1675332000000,0.3720000000,0.3740000000,0.3680000000,0.3690000000,83665.4136900000,31002.9813940000,31002.9813940000,1,SRM-USDT
2023-02-02 19:00:00,1675335600000,0.3690000000,0.3710000000,0.3670000000,0.3710000000,193622.2490200000,71390.2230850000,71390.2230850000,1,SRM-USDT
2023-02-02 20:00:00,1675339200000,0.3700000000,0.3710000000,0.3690000000,0.3710000000,116730.5349120000,43229.1511100000,43229.1511100000,1,SRM-USDT
2023-02-02 21:00:00,1675342800000,0.3720000000,0.3760000000,0.3710000000,0.3740000000,146151.6603570000,54715.0718140000,54715.0718140000,1,SRM-USDT
2023-02-02 22:00:00,1675346400000,0.3740000000,0.3780000000,0.3730000000,0.3740000000,227236.1988270000,85250.4154110000,85250.4154110000,1,SRM-USDT
2023-02-02 23:00:00,1675350000000,0.3740000000,0.3750000000,0.3720000000,0.3740000000,56319.1976520000,21055.5242500000,21055.5242500000,1,SRM-USDT
2023-02-03 00:00:00,1675353600000,0.3740000000,0.3750000000,0.3720000000,0.3740000000,98880.2898010000,36929.8850840000,36929.8850840000,1,SRM-USDT
2023-02-03 01:00:00,1675357200000,0.3730000000,0.3820000000,0.3730000000,0.3810000000,173045.5610360000,65239.9542300000,65239.9542300000,1,SRM-USDT
2023-02-03 02:00:00,1675360800000,0.3820000000,0.3840000000,0.3760000000,0.3820000000,254201.2832050000,96626.6501540000,96626.6501540000,1,SRM-USDT
2023-02-03 03:00:00,1675364400000,0.3830000000,0.3830000000,0.3750000000,0.3760000000,225402.0419370000,85115.7579580000,85115.7579580000,1,SRM-USDT
2023-02-03 04:00:00,1675368000000,0.3760000000,0.3790000000,0.3750000000,0.3790000000,92322.5620540000,34767.0569550000,34767.0569550000,1,SRM-USDT
2023-02-03 05:00:00,1675371600000,0.3790000000,0.3800000000,0.3700000000,0.3700000000,207919.6172890000,77935.0381230000,77935.0381230000,1,SRM-USDT
2023-02-03 06:00:00,1675375200000,0.3710000000,0.3710000000,0.3670000000,0.3700000000,211792.2688920000,78154.2280920000,78154.2280920000,1,SRM-USDT
2023-02-03 07:00:00,1675378800000,0.3700000000,0.3720000000,0.3670000000,0.3670000000,75681.1135730000,27970.5436900000,27970.5436900000,1,SRM-USDT
2023-02-03 08:00:00,1675382400000,0.3670000000,0.3690000000,0.3610000000,0.3630000000,243143.3207630000,88341.5777560000,88341.5777560000,1,SRM-USDT
2023-02-03 09:00:00,1675386000000,0.3630000000,0.3640000000,0.3570000000,0.3610000000,203960.6090160000,73401.8537360000,73401.8537360000,1,SRM-USDT
2023-02-03 10:00:00,1675389600000,0.3610000000,0.3620000000,0.3570000000,0.3600000000,196037.0528500000,70501.2051950000,70501.2051950000,1,SRM-USDT
2023-02-03 11:00:00,1675393200000,0.3600000000,0.3630000000,0.3590000000,0.3630000000,87003.1410120000,31370.6717200000,31370.6717200000,1,SRM-USDT
2023-02-03 12:00:00,1675396800000,0.3630000000,0.3630000000,0.3600000000,0.3610000000,95204.1389990000,34341.7925290000,34341.7925290000,1,SRM-USDT
2023-02-03 13:00:00,1675400400000,0.3610000000,0.3620000000,0.3610000000,0.3620000000,60446.4585400000,21844.6889390000,21844.6889390000,1,SRM-USDT
2023-02-03 14:00:00,1675404000000,0.3620000000,0.3840000000,0.3600000000,0.3820000000,474346.3990260000,175557.5727720000,175557.5727720000,1,SRM-USDT
2023-02-03 15:00:00,1675407600000,0.3840000000,0.3920000000,0.3780000000,0.3840000000,593743.2516850000,227874.5070670000,227874.5070670000,1,SRM-USDT
2023-02-03 16:00:00,1675411200000,0.3840000000,0.3980000000,0.3730000000,0.3810000000,460522.7253930000,177868.6292420000,177868.6292420000,1,SRM-USDT
2023-02-03 17:00:00,1675414800000,0.3820000000,0.3970000000,0.3820000000,0.3910000000,231636.7547130000,90348.3919920000,90348.3919920000,1,SRM-USDT
2023-02-03 18:00:00,1675418400000,0.3910000000,0.3920000000,0.3680000000,0.3800000000,252000.5029650000,97081.5333870000,97081.5333870000,1,SRM-USDT
2023-02-03 19:00:00,1675422000000,0.3820000000,0.3830000000,0.3770000000,0.3790000000,234549.3670850000,88882.3398300000,88882.3398300000,1,SRM-USDT
2023-02-03 20:00:00,1675425600000,0.3780000000,0.3870000000,0.3770000000,0.3850000000,252317.6738080000,96188.4588740000,96188.4588740000,1,SRM-USDT
2023-02-03 21:00:00,1675429200000,0.3840000000,0.3840000000,0.3740000000,0.3750000000,114320.3656770000,43214.5503820000,43214.5503820000,1,SRM-USDT
2023-02-03 22:00:00,1675432800000,0.3750000000,0.3840000000,0.3730000000,0.3800000000,189223.0251750000,71387.0821400000,71387.0821400000,1,SRM-USDT
2023-02-03 23:00:00,1675436400000,0.3790000000,0.3860000000,0.3790000000,0.3830000000,40124.3135220000,15369.4881590000,15369.4881590000,1,SRM-USDT
2023-02-04 00:00:00,1675440000000,0.3840000000,0.3970000000,0.3810000000,0.3890000000,90624.6342330000,35139.0318850000,35139.0318850000,1,SRM-USDT
2023-02-04 01:00:00,1675443600000,0.3890000000,0.3970000000,0.3880000000,0.3910000000,383255.5434130000,150953.2135990000,150953.2135990000,1,SRM-USDT
2023-02-04 02:00:00,1675447200000,0.3910000000,0.3930000000,0.3830000000,0.3840000000,220692.3576080000,85169.8995190000,85169.8995190000,1,SRM-USDT
2023-02-04 03:00:00,1675450800000,0.3840000000,0.3840000000,0.3800000000,0.3820000000,188079.6962910000,71898.2915980000,71898.2915980000,1,SRM-USDT
2023-02-04 04:00:00,1675454400000,0.3820000000,0.3840000000,0.3810000000,0.3820000000,199517.9839370000,76390.1223040000,76390.1223040000,1,SRM-USDT
2023-02-04 05:00:00,1675458000000,0.3820000000,0.3850000000,0.3810000000,0.3810000000,74091.4957150000,28323.7024780000,28323.7024780000,1,SRM-USDT
2023-02-04 06:00:00,1675461600000,0.3810000000,0.3840000000,0.3810000000,0.3820000000,114440.7139440000,43709.8108050000,43709.8108050000,1,SRM-USDT
2023-02-04 07:00:00,1675465200000,0.3820000000,0.3870000000,0.3800000000,0.3860000000,171089.7538790000,65618.1790400000,65618.1790400000,1,SRM-USDT
2023-02-04 08:00:00,1675468800000,0.3870000000,0.3960000000,0.3820000000,0.3820000000,195540.1720140000,75351.0206800000,75351.0206800000,1,SRM-USDT
2023-02-04 09:00:00,1675472400000,0.3830000000,0.3860000000,0.3800000000,0.3840000000,152873.8812660000,58614.0390020000,58614.0390020000,1,SRM-USDT
2023-02-04 10:00:00,1675476000000,0.3840000000,0.3860000000,0.3830000000,0.3860000000,87999.1049720000,33805.3709070000,33805.3709070000,1,SRM-USDT
2023-02-04 11:00:00,1675479600000,0.3850000000,0.3860000000,0.3820000000,0.3840000000,152655.4426650000,58558.5999500000,58558.5999500000,1,SRM-USDT
2023-02-04 12:00:00,1675483200000,0.3840000000,0.3860000000,0.3820000000,0.3820000000,139929.3917870000,53863.2914630000,53863.2914630000,1,SRM-USDT
2023-02-04 13:00:00,1675486800000,0.3820000000,0.3820000000,0.3800000000,0.3800000000,87674.1109130000,33374.0489280000,33374.0489280000,1,SRM-USDT
2023-02-04 14:00:00,1675490400000,0.3800000000,0.3800000000,0.3790000000,0.3800000000,71709.7390760000,27214.2481640000,27214.2481640000,1,SRM-USDT
2023-02-04 15:00:00,1675494000000,0.3800000000,0.3830000000,0.3780000000,0.3790000000,130807.6856560000,49638.5598240000,49638.5598240000,1,SRM-USDT
2023-02-04 16:00:00,1675497600000,0.3790000000,0.3790000000,0.3770000000,0.3790000000,94405.3019580000,35661.5177420000,35661.5177420000,1,SRM-USDT
2023-02-04 17:00:00,1675501200000,0.3790000000,0.3800000000,0.3780000000,0.3800000000,42347.8221630000,16049.2834110000,16049.2834110000,1,SRM-USDT
2023-02-04 18:00:00,1675504800000,0.3800000000,0.3800000000,0.3790000000,0.3790000000,17906.3554970000,6800.8972410000,6800.8972410000,1,SRM-USDT
2023-02-04 19:00:00,1675508400000,0.3780000000,0.3800000000,0.3780000000,0.3790000000,40930.0360600000,15508.7883000000,15508.7883000000,1,SRM-USDT
2023-02-04 20:00:00,1675512000000,0.3790000000,0.3800000000,0.3790000000,0.3800000000,60888.0732390000,23090.8892380000,23090.8892380000,1,SRM-USDT
2023-02-04 21:00:00,1675515600000,0.3800000000,0.3830000000,0.3790000000,0.3820000000,145713.1916830000,55561.7239630000,55561.7239630000,1,SRM-USDT
2023-02-04 22:00:00,1675519200000,0.3810000000,0.3820000000,0.3800000000,0.3820000000,123971.9910020000,47297.3544960000,47297.3544960000,1,SRM-USDT
2023-02-04 23:00:00,1675522800000,0.3820000000,0.3820000000,0.3790000000,0.3810000000,76418.5155790000,29058.4646420000,29058.4646420000,1,SRM-USDT
2023-02-05 00:00:00,1675526400000,0.3810000000,0.3820000000,0.3810000000,0.3810000000,23847.2937540000,9088.9318370000,9088.9318370000,1,SRM-USDT
2023-02-05 01:00:00,1675530000000,0.3810000000,0.3810000000,0.3770000000,0.3780000000,97623.8954570000,37083.5266410000,37083.5266410000,1,SRM-USDT
2023-02-05 02:00:00,1675533600000,0.3790000000,0.3800000000,0.3780000000,0.3800000000,22268.5673320000,8434.0202310000,8434.0202310000,1,SRM-USDT
2023-02-05 03:00:00,1675537200000,0.3800000000,0.3800000000,0.3780000000,0.3790000000,55766.6967660000,21135.6039160000,21135.6039160000,1,SRM-USDT
2023-02-05 04:00:00,1675540800000,0.3800000000,0.3820000000,0.3800000000,0.3820000000,62611.7265590000,23894.6053290000,23894.6053290000,1,SRM-USDT
2023-02-05 05:00:00,1675544400000,0.3830000000,0.3830000000,0.3800000000,0.3810000000,78711.1245920000,30020.1653760000,30020.1653760000,1,SRM-USDT
2023-02-05 06:00:00,1675548000000,0.3810000000,0.3820000000,0.3790000000,0.3810000000,69628.9762890000,26501.6701070000,26501.6701070000,1,SRM-USDT
2023-02-05 07:00:00,1675551600000,0.3810000000,0.3820000000,0.3760000000,0.3770000000,28836.3953660000,10924.0191780000,10924.0191780000,1,SRM-USDT
2023-02-05 08:00:00,1675555200000,0.3770000000,0.3810000000,0.3770000000,0.3780000000,59531.5292480000,22592.2321990000,22592.2321990000,1,SRM-USDT
2023-02-05 09:00:00,1675558800000,0.3770000000,0.3810000000,0.3760000000,0.3770000000,53380.4506800000,20183.9773750000,20183.9773750000,1,SRM-USDT
2023-02-05 10:00:00,1675562400000,0.3760000000,0.3790000000,0.3760000000,0.3760000000,18215.2636060000,6869.8370660000,6869.8370660000,1,SRM-USDT
2023-02-05 11:00:00,1675566000000,0.3770000000,0.3900000000,0.3770000000,0.3850000000,189382.5301610000,72496.6005630000,72496.6005630000,1,SRM-USDT
2023-02-05 12:00:00,1675569600000,0.3860000000,0.3880000000,0.3830000000,0.3850000000,53018.2226780000,20434.8258300000,20434.8258300000,1,SRM-USDT
2023-02-05 13:00:00,1675573200000,0.3850000000,0.3990000000,0.3850000000,0.3990000000,64254.8830850000,25146.2551170000,25146.2551170000,1,SRM-USDT
2023-02-05 14:00:00,1675576800000,0.3980000000,0.4000000000,0.3860000000,0.3930000000,130192.8945180000,51115.2957730000,51115.2957730000,1,SRM-USDT
2023-02-05 15:00:00,1675580400000,0.3940000000,0.3940000000,0.3870000000,0.3930000000,80810.4500700000,31551.8034290000,31551.8034290000,1,SRM-USDT
2023-02-05 16:00:00,1675584000000,0.3920000000,0.3930000000,0.3860000000,0.3880000000,49608.8963530000,19305.4265410000,19305.4265410000,1,SRM-USDT
2023-02-05 17:00:00,1675587600000,0.3870000000,0.3880000000,0.3840000000,0.3860000000,52316.4873180000,20181.1127680000,20181.1127680000,1,SRM-USDT
2023-02-05 18:00:00,1675591200000,0.3860000000,0.3890000000,0.3820000000,0.3880000000,100462.6946480000,38783.0945290000,38783.0945290000,1,SRM-USDT
2023-02-05 19:00:00,1675594800000,0.3880000000,0.3950000000,0.3880000000,0.3930000000,35064.7024290000,13716.8247210000,13716.8247210000,1,SRM-USDT
2023-02-05 20:00:00,1675598400000,0.3930000000,0.3990000000,0.3790000000,0.3800000000,398231.2910570000,154108.7790700000,154108.7790700000,1,SRM-USDT
2023-02-05 21:00:00,1675602000000,0.3800000000,0.3820000000,0.3740000000,0.3780000000,238350.6525160000,90124.6056200000,90124.6056200000,1,SRM-USDT
2023-02-05 22:00:00,1675605600000,0.3780000000,0.3840000000,0.3770000000,0.3770000000,95936.4401490000,36446.8107590000,36446.8107590000,1,SRM-USDT
2023-02-05 23:00:00,1675609200000,0.3770000000,0.3770000000,0.3670000000,0.3690000000,351130.7176550000,130472.8150870000,130472.8150870000,1,SRM-USDT
2023-02-06 00:00:00,1675612800000,0.3690000000,0.3700000000,0.3610000000,0.3630000000,121575.3249900000,44409.2233840000,44409.2233840000,1,SRM-USDT
2023-02-06 01:00:00,1675616400000,0.3630000000,0.3700000000,0.3620000000,0.3620000000,142164.5677830000,51950.6179370000,51950.6179370000,1,SRM-USDT
2023-02-06 02:00:00,1675620000000,0.3630000000,0.3640000000,0.3560000000,0.3620000000,48285.7471370000,17330.9018390000,17330.9018390000,1,SRM-USDT
2023-02-06 03:00:00,1675623600000,0.3630000000,0.3630000000,0.3580000000,0.3600000000,13342.3276240000,4806.9962100000,4806.9962100000,1,SRM-USDT
2023-02-06 04:00:00,1675627200000,0.3600000000,0.3640000000,0.3590000000,0.3630000000,16266.5045180000,5896.1991880000,5896.1991880000,1,SRM-USDT
2023-02-06 05:00:00,1675630800000,0.3620000000,0.3650000000,0.3620000000,0.3650000000,10739.1132280000,3910.4557620000,3910.4557620000,1,SRM-USDT
2023-02-06 06:00:00,1675634400000,0.3650000000,0.3670000000,0.3640000000,0.3650000000,21435.8640420000,7836.9564470000,7836.9564470000,1,SRM-USDT
2023-02-06 07:00:00,1675638000000,0.3650000000,0.3660000000,0.3630000000,0.3650000000,30245.2645860000,11025.5946300000,11025.5946300000,1,SRM-USDT
2023-02-06 08:00:00,1675641600000,0.3660000000,0.3690000000,0.3610000000,0.3660000000,375011.0893660000,136264.7595400000,136264.7595400000,1,SRM-USDT
2023-02-06 09:00:00,1675645200000,0.3670000000,0.3670000000,0.3630000000,0.3650000000,54152.0319340000,19753.7539470000,19753.7539470000,1,SRM-USDT
2023-02-06 10:00:00,1675648800000,0.3650000000,0.3650000000,0.3610000000,0.3620000000,21969.5205900000,7966.4681680000,7966.4681680000,1,SRM-USDT
2023-02-06 11:00:00,1675652400000,0.3620000000,0.3620000000,0.3580000000,0.3610000000,51892.2428000000,18653.8191050000,18653.8191050000,1,SRM-USDT
2023-02-06 12:00:00,1675656000000,0.3610000000,0.3620000000,0.3610000000,0.3610000000,11864.8033130000,4294.9432090000,4294.9432090000,1,SRM-USDT
2023-02-06 13:00:00,1675659600000,0.3620000000,0.3620000000,0.3570000000,0.3570000000,13469.3775200000,4838.7703440000,4838.7703440000,1,SRM-USDT
2023-02-06 14:00:00,1675663200000,0.3580000000,0.3600000000,0.3570000000,0.3600000000,15693.1252820000,5634.3869990000,5634.3869990000,1,SRM-USDT
2023-02-06 15:00:00,1675666800000,0.3590000000,0.3590000000,0.3570000000,0.3580000000,32590.7940880000,11674.1045300000,11674.1045300000,1,SRM-USDT
2023-02-06 16:00:00,1675670400000,0.3580000000,0.3620000000,0.3570000000,0.3610000000,54453.6889090000,19580.1390520000,19580.1390520000,1,SRM-USDT
2023-02-06 17:00:00,1675674000000,0.3610000000,0.3630000000,0.3600000000,0.3610000000,28458.2938200000,10269.4248810000,10269.4248810000,1,SRM-USDT
2023-02-06 18:00:00,1675677600000,0.3610000000,0.3610000000,0.3530000000,0.3580000000,91872.3120000000,32747.2270510000,32747.2270510000,1,SRM-USDT
2023-02-06 19:00:00,1675681200000,0.3580000000,0.3580000000,0.3550000000,0.3580000000,48728.1894320000,17345.8329040000,17345.8329040000,1,SRM-USDT
2023-02-06 20:00:00,1675684800000,0.3580000000,0.3590000000,0.3580000000,0.3580000000,17923.5799480000,6417.1280660000,6417.1280660000,1,SRM-USDT
2023-02-06 21:00:00,1675688400000,0.3580000000,0.3590000000,0.3560000000,0.3580000000,185130.3676670000,66246.1291030000,66246.1291030000,1,SRM-USDT
2023-02-06 22:00:00,1675692000000,0.3590000000,0.3600000000,0.3560000000,0.3580000000,35229.2191290000,12636.9698280000,12636.9698280000,1,SRM-USDT
2023-02-06 23:00:00,1675695600000,0.3580000000,0.3590000000,0.3540000000,0.3580000000,20230.1946830000,7201.4216410000,7201.4216410000,1,SRM-USDT
2023-02-07 00:00:00,1675699200000,0.3570000000,0.3630000000,0.3560000000,0.3580000000,34519.0650040000,12371.2052630000,12371.2052630000,1,SRM-USDT
2023-02-07 01:00:00,1675702800000,0.3580000000,0.3610000000,0.3570000000,0.3590000000,29994.8768630000,10761.6355640000,10761.6355640000,1,SRM-USDT
2023-02-07 02:00:00,1675706400000,0.3590000000,0.3720000000,0.3590000000,0.3660000000,69797.7343490000,25591.6276710000,25591.6276710000,1,SRM-USDT
2023-02-07 03:00:00,1675710000000,0.3660000000,0.3690000000,0.3620000000,0.3630000000,48936.5948050000,17820.5820350000,17820.5820350000,1,SRM-USDT
2023-02-07 04:00:00,1675713600000,0.3630000000,0.3640000000,0.3610000000,0.3610000000,43977.9954490000,15956.0055040000,15956.0055040000,1,SRM-USDT
2023-02-07 05:00:00,1675717200000,0.3610000000,0.3650000000,0.3600000000,0.3640000000,45381.8644580000,16442.2692630000,16442.2692630000,1,SRM-USDT
2023-02-07 06:00:00,1675720800000,0.3630000000,0.3640000000,0.3620000000,0.3630000000,19532.8925190000,7094.0313770000,7094.0313770000,1,SRM-USDT
2023-02-07 07:00:00,1675724400000,0.3620000000,0.3620000000,0.3590000000,0.3600000000,34409.9209250000,12403.6338000000,12403.6338000000,1,SRM-USDT
2023-02-07 08:00:00,1675728000000,0.3590000000,0.3650000000,0.3590000000,0.3630000000,18374.7874030000,6666.8481970000,6666.8481970000,1,SRM-USDT
2023-02-07 09:00:00,1675731600000,0.3640000000,0.3720000000,0.3640000000,0.3710000000,77118.3163460000,28450.1364700000,28450.1364700000,1,SRM-USDT
2023-02-07 10:00:00,1675735200000,0.3710000000,0.3740000000,0.3670000000,0.3740000000,120599.3558180000,44568.2359980000,44568.2359980000,1,SRM-USDT
2023-02-07 11:00:00,1675738800000,0.3750000000,0.3760000000,0.3680000000,0.3680000000,113059.0484020000,42085.6828110000,42085.6828110000,1,SRM-USDT
2023-02-07 12:00:00,1675742400000,0.3680000000,0.3680000000,0.3650000000,0.3660000000,32183.0300340000,11808.2587500000,11808.2587500000,1,SRM-USDT
2023-02-07 13:00:00,1675746000000,0.3650000000,0.3710000000,0.3650000000,0.3700000000,43327.2072980000,15913.7503290000,15913.7503290000,1,SRM-USDT
2023-02-07 14:00:00,1675749600000,0.3690000000,0.3710000000,0.3670000000,0.3690000000,65715.0989870000,24172.7053110000,24172.7053110000,1,SRM-USDT
2023-02-07 15:00:00,1675753200000,0.3680000000,0.3900000000,0.3660000000,0.3870000000,529779.6301630000,198753.0935950000,198753.0935950000,1,SRM-USDT
2023-02-07 16:00:00,1675756800000,0.3870000000,0.3930000000,0.3770000000,0.3810000000,288919.0180140000,110971.2775170000,110971.2775170000,1,SRM-USDT
2023-02-07 17:00:00,1675760400000,0.3810000000,0.3820000000,0.3750000000,0.3780000000,116047.7737580000,43871.2000850000,43871.2000850000,1,SRM-USDT
2023-02-07 18:00:00,1675764000000,0.3780000000,0.3800000000,0.3760000000,0.3780000000,113832.1673400000,43068.8762640000,43068.8762640000,1,SRM-USDT
2023-02-07 19:00:00,1675767600000,0.3790000000,0.3800000000,0.3710000000,0.3740000000,71460.0090560000,26813.2526960000,26813.2526960000,1,SRM-USDT
2023-02-07 20:00:00,1675771200000,0.3740000000,0.3770000000,0.3720000000,0.3770000000,72163.1218340000,27024.3109740000,27024.3109740000,1,SRM-USDT
2023-02-07 21:00:00,1675774800000,0.3780000000,0.3790000000,0.3720000000,0.3750000000,95897.2704620000,36006.7287180000,36006.7287180000,1,SRM-USDT
2023-02-07 22:00:00,1675778400000,0.3750000000,0.3760000000,0.3730000000,0.3760000000,26058.1300700000,9753.8599150000,9753.8599150000,1,SRM-USDT
2023-02-07 23:00:00,1675782000000,0.3760000000,0.3760000000,0.3670000000,0.3680000000,49213.2461730000,18310.1013750000,18310.1013750000,1,SRM-USDT
2023-02-08 00:00:00,1675785600000,0.3690000000,0.3760000000,0.3670000000,0.3720000000,187448.4265170000,69699.7542940000,69699.7542940000,1,SRM-USDT
2023-02-08 01:00:00,1675789200000,0.3710000000,0.4420000000,0.3710000000,0.4020000000,1526715.1979429999,621774.4447100000,621774.4447100000,1,SRM-USDT
2023-02-08 02:00:00,1675792800000,0.4030000000,0.4030000000,0.3850000000,0.3890000000,303864.2531970000,118653.3636440000,118653.3636440000,1,SRM-USDT
2023-02-08 03:00:00,1675796400000,0.3900000000,0.3990000000,0.3870000000,0.3890000000,180214.8746160000,71090.7576110000,71090.7576110000,1,SRM-USDT
2023-02-08 04:00:00,1675800000000,0.3880000000,0.4000000000,0.3850000000,0.3850000000,177087.6407730000,69197.1262840000,69197.1262840000,1,SRM-USDT
2023-02-08 05:00:00,1675803600000,0.3850000000,0.3910000000,0.3850000000,0.3870000000,54350.9612210000,21084.1382600000,21084.1382600000,1,SRM-USDT
2023-02-08 06:00:00,1675807200000,0.3870000000,0.3960000000,0.3850000000,0.3960000000,240905.6622570000,94150.2970170000,94150.2970170000,1,SRM-USDT
2023-02-08 07:00:00,1675810800000,0.3950000000,0.3960000000,0.3900000000,0.3930000000,109859.8636230000,43230.3709690000,43230.3709690000,1,SRM-USDT
2023-02-08 08:00:00,1675814400000,0.3940000000,0.4080000000,0.3900000000,0.4000000000,303449.1675430000,120888.0860520000,120888.0860520000,1,SRM-USDT
2023-02-08 09:00:00,1675818000000,0.4000000000,0.4030000000,0.3920000000,0.3920000000,101758.2051630000,40157.0704360000,40157.0704360000,1,SRM-USDT
2023-02-08 10:00:00,1675821600000,0.3920000000,0.3940000000,0.3900000000,0.3900000000,23265.8874230000,9121.3626940000,9121.3626940000,1,SRM-USDT
2023-02-08 11:00:00,1675825200000,0.3900000000,0.3940000000,0.3890000000,0.3920000000,68403.4127690000,26780.7252470000,26780.7252470000,1,SRM-USDT
2023-02-08 12:00:00,1675828800000,0.3910000000,0.3930000000,0.3900000000,0.3920000000,23583.3654890000,9240.5720040000,9240.5720040000,1,SRM-USDT
2023-02-08 13:00:00,1675832400000,0.3920000000,0.3920000000,0.3880000000,0.3880000000,29212.0258610000,11391.1530410000,11391.1530410000,1,SRM-USDT
2023-02-08 14:00:00,1675836000000,0.3880000000,0.3980000000,0.3870000000,0.3940000000,111325.4342500000,43532.0781820000,43532.0781820000,1,SRM-USDT
2023-02-08 15:00:00,1675839600000,0.3950000000,0.3980000000,0.3900000000,0.3900000000,65643.3286440000,25780.4546380000,25780.4546380000,1,SRM-USDT
2023-02-08 16:00:00,1675843200000,0.3900000000,0.3900000000,0.3830000000,0.3860000000,101034.9239740000,38927.0488340000,38927.0488340000,1,SRM-USDT
2023-02-08 17:00:00,1675846800000,0.3850000000,0.3890000000,0.3810000000,0.3870000000,116042.4904160000,44459.0271510000,44459.0271510000,1,SRM-USDT
2023-02-08 18:00:00,1675850400000,0.3870000000,0.4050000000,0.3870000000,0.3910000000,278441.3404890000,109208.7592040000,109208.7592040000,1,SRM-USDT
2023-02-08 19:00:00,1675854000000,0.3900000000,0.3900000000,0.3850000000,0.3850000000,69777.4900420000,26998.2121660000,26998.2121660000,1,SRM-USDT
2023-02-08 20:00:00,1675857600000,0.3840000000,0.3880000000,0.3830000000,0.3830000000,83711.8319980000,32211.2599880000,32211.2599880000,1,SRM-USDT
2023-02-08 21:00:00,1675861200000,0.3840000000,0.3850000000,0.3700000000,0.3790000000,135896.4855370000,51268.5805130000,51268.5805130000,1,SRM-USDT
2023-02-08 22:00:00,1675864800000,0.3780000000,0.3790000000,0.3730000000,0.3760000000,61710.9744450000,23233.3463530000,23233.3463530000,1,SRM-USDT
2023-02-08 23:00:00,1675868400000,0.3760000000,0.3770000000,0.3680000000,0.3700000000,132909.1684890000,49321.1775430000,49321.1775430000,1,SRM-USDT
2023-02-09 00:00:00,1675872000000,0.3700000000,0.3720000000,0.3600000000,0.3690000000,347933.3712630000,126709.2048870000,126709.2048870000,1,SRM-USDT
2023-02-09 01:00:00,1675875600000,0.3680000000,0.3720000000,0.3670000000,0.3690000000,137576.5087520000,50780.7566930000,50780.7566930000,1,SRM-USDT
2023-02-09 02:00:00,1675879200000,0.3700000000,0.3700000000,0.3650000000,0.3680000000,30468.1659520000,11176.6400330000,11176.6400330000,1,SRM-USDT
2023-02-09 03:00:00,1675882800000,0.3670000000,0.3690000000,0.3670000000,0.3690000000,8010.9253640000,2949.9067650000,2949.9067650000,1,SRM-USDT
2023-02-09 04:00:00,1675886400000,0.3690000000,0.3690000000,0.3650000000,0.3660000000,25484.0944700000,9337.9503160000,9337.9503160000,1,SRM-USDT
2023-02-09 05:00:00,1675890000000,0.3650000000,0.3650000000,0.3630000000,0.3640000000,99896.4728820000,36368.8638730000,36368.8638730000,1,SRM-USDT
2023-02-09 06:00:00,1675893600000,0.3650000000,0.3660000000,0.3630000000,0.3630000000,15555.0832320000,5678.4769430000,5678.4769430000,1,SRM-USDT
2023-02-09 07:00:00,1675897200000,0.3630000000,0.3670000000,0.3620000000,0.3670000000,51999.8570330000,18905.3059210000,18905.3059210000,1,SRM-USDT
2023-02-09 08:00:00,1675900800000,0.3670000000,0.3670000000,0.3640000000,0.3650000000,29110.3278620000,10625.6233820000,10625.6233820000,1,SRM-USDT
2023-02-09 09:00:00,1675904400000,0.3660000000,0.3670000000,0.3650000000,0.3660000000,16496.0697290000,6041.1463230000,6041.1463230000,1,SRM-USDT
2023-02-09 10:00:00,1675908000000,0.3650000000,0.3660000000,0.3610000000,0.3610000000,45540.6958250000,16527.6302690000,16527.6302690000,1,SRM-USDT
2023-02-09 11:00:00,1675911600000,0.3600000000,0.3600000000,0.3510000000,0.3520000000,203487.9191060000,72753.1398980000,72753.1398980000,1,SRM-USDT
2023-02-09 12:00:00,1675915200000,0.3530000000,0.3580000000,0.3530000000,0.3560000000,46402.5831820000,16471.9145420000,16471.9145420000,1,SRM-USDT
2023-02-09 13:00:00,1675918800000,0.3560000000,0.3560000000,0.3530000000,0.3550000000,18131.8095010000,6435.7218470000,6435.7218470000,1,SRM-USDT
2023-02-09 14:00:00,1675922400000,0.3550000000,0.3600000000,0.3530000000,0.3600000000,31430.5289320000,11171.3486830000,11171.3486830000,1,SRM-USDT
2023-02-09 15:00:00,1675926000000,0.3600000000,0.3610000000,0.3570000000,0.3610000000,11107.3127680000,3990.9290700000,3990.9290700000,1,SRM-USDT
2023-02-09 16:00:00,1675929600000,0.3620000000,0.3640000000,0.3620000000,0.3630000000,18097.6476130000,6568.7628160000,6568.7628160000,1,SRM-USDT
2023-02-09 17:00:00,1675933200000,0.3630000000,0.3630000000,0.3580000000,0.3580000000,19623.3555660000,7084.3916560000,7084.3916560000,1,SRM-USDT
2023-02-09 18:00:00,1675936800000,0.3590000000,0.3620000000,0.3590000000,0.3600000000,7385.3794090000,2664.1590460000,2664.1590460000,1,SRM-USDT
2023-02-09 19:00:00,1675940400000,0.3600000000,0.3620000000,0.3570000000,0.3610000000,8941.1400280000,3211.1003530000,3211.1003530000,1,SRM-USDT
2023-02-09 20:00:00,1675944000000,0.3600000000,0.3610000000,0.3550000000,0.3560000000,52610.5695950000,18778.0151980000,18778.0151980000,1,SRM-USDT
2023-02-09 21:00:00,1675947600000,0.3570000000,0.3620000000,0.3570000000,0.3600000000,64176.6735660000,23034.5257830000,23034.5257830000,1,SRM-USDT
2023-02-09 22:00:00,1675951200000,0.3590000000,0.3590000000,0.3540000000,0.3550000000,43261.2109540000,15418.0985880000,15418.0985880000,1,SRM-USDT
2023-02-09 23:00:00,1675954800000,0.3560000000,0.3580000000,0.3500000000,0.3530000000,74575.5407940000,26440.4990770000,26440.4990770000,1,SRM-USDT
2023-02-10 00:00:00,1675958400000,0.3520000000,0.3530000000,0.3450000000,0.3460000000,39298.6037860000,13680.2005560000,13680.2005560000,1,SRM-USDT
2023-02-10 01:00:00,1675962000000,0.3460000000,0.3490000000,0.3430000000,0.3430000000,44394.8946990000,15395.7677570000,15395.7677570000,1,SRM-USDT
2023-02-10 02:00:00,1675965600000,0.3440000000,0.3500000000,0.3430000000,0.3480000000,57508.0037510000,19920.5011360000,19920.5011360000,1,SRM-USDT
2023-02-10 03:00:00,1675969200000,0.3470000000,0.3470000000,0.3320000000,0.3350000000,170414.2598190000,57416.5192360000,57416.5192360000,1,SRM-USDT
2023-02-10 04:00:00,1675972800000,0.3350000000,0.3350000000,0.3100000000,0.3200000000,178258.3385160000,57352.5371590000,57352.5371590000,1,SRM-USDT
2023-02-10 05:00:00,1675976400000,0.3200000000,0.3200000000,0.3150000000,0.3150000000,44364.7433510000,14029.0787060000,14029.0787060000,1,SRM-USDT
2023-02-10 06:00:00,1675980000000,0.3160000000,0.3160000000,0.3080000000,0.3080000000,248197.2546550000,77894.8652470000,77894.8652470000,1,SRM-USDT
2023-02-10 07:00:00,1675983600000,0.3070000000,0.3090000000,0.3010000000,0.3070000000,238544.9430450000,72594.0949080000,72594.0949080000,1,SRM-USDT
2023-02-10 08:00:00,1675987200000,0.3070000000,0.3240000000,0.3070000000,0.3150000000,167153.3795530000,52423.7758610000,52423.7758610000,1,SRM-USDT
2023-02-10 09:00:00,1675990800000,0.3150000000,0.3160000000,0.3150000000,0.3160000000,22638.3144000000,7146.5911160000,7146.5911160000,1,SRM-USDT
2023-02-10 10:00:00,1675994400000,0.3150000000,0.3200000000,0.3150000000,0.3200000000,23271.3430910000,7392.4812590000,7392.4812590000,1,SRM-USDT
2023-02-10 11:00:00,1675998000000,0.3200000000,0.3250000000,0.3190000000,0.3210000000,165705.2808880000,53569.0155440000,53569.0155440000,1,SRM-USDT
2023-02-10 12:00:00,1676001600000,0.3210000000,0.3220000000,0.3150000000,0.3190000000,51661.2873630000,16365.0163030000,16365.0163030000,1,SRM-USDT
2023-02-10 13:00:00,1676005200000,0.3190000000,0.3200000000,0.3150000000,0.3170000000,33484.3639500000,10605.8148160000,10605.8148160000,1,SRM-USDT
2023-02-10 14:00:00,1676008800000,0.3160000000,0.3210000000,0.3160000000,0.3210000000,20368.4374950000,6485.9957010000,6485.9957010000,1,SRM-USDT
2023-02-10 15:00:00,1676012400000,0.3220000000,0.3290000000,0.3220000000,0.3260000000,35256.8553930000,11483.9029150000,11483.9029150000,1,SRM-USDT
2023-02-10 16:00:00,1676016000000,0.3280000000,0.3350000000,0.3230000000,0.3250000000,58306.6913810000,19169.3139860000,19169.3139860000,1,SRM-USDT
2023-02-10 17:00:00,1676019600000,0.3250000000,0.3260000000,0.3200000000,0.3200000000,10633.3179350000,3445.5790670000,3445.5790670000,1,SRM-USDT
2023-02-10 18:00:00,1676023200000,0.3210000000,0.3240000000,0.3180000000,0.3180000000,25123.0993910000,8039.7390520000,8039.7390520000,1,SRM-USDT
2023-02-10 19:00:00,1676026800000,0.3170000000,0.3170000000,0.3100000000,0.3140000000,141297.8915680000,44373.1130100000,44373.1130100000,1,SRM-USDT
2023-02-10 20:00:00,1676030400000,0.3130000000,0.3150000000,0.3120000000,0.3140000000,13927.7087430000,4370.3973190000,4370.3973190000,1,SRM-USDT
2023-02-10 21:00:00,1676034000000,0.3140000000,0.3190000000,0.3120000000,0.3170000000,43270.6464370000,13697.4644650000,13697.4644650000,1,SRM-USDT
2023-02-10 22:00:00,1676037600000,0.3170000000,0.3210000000,0.3170000000,0.3190000000,22229.8188050000,7116.2526460000,7116.2526460000,1,SRM-USDT
2023-02-10 23:00:00,1676041200000,0.3190000000,0.3200000000,0.3130000000,0.3130000000,85458.4534530000,27000.6364820000,27000.6364820000,1,SRM-USDT
2023-02-11 00:00:00,1676044800000,0.3140000000,0.3190000000,0.3120000000,0.3160000000,56611.9960980000,17810.9360100000,17810.9360100000,1,SRM-USDT
2023-02-11 01:00:00,1676048400000,0.3140000000,0.3140000000,0.3100000000,0.3110000000,7378.9714240000,2305.6407840000,2305.6407840000,1,SRM-USDT
2023-02-11 02:00:00,1676052000000,0.3100000000,0.3140000000,0.3100000000,0.3120000000,31042.7834540000,9703.4620730000,9703.4620730000,1,SRM-USDT
2023-02-11 03:00:00,1676055600000,0.3120000000,0.3130000000,0.3080000000,0.3120000000,45865.0749580000,14226.6524690000,14226.6524690000,1,SRM-USDT
2023-02-11 04:00:00,1676059200000,0.3120000000,0.3120000000,0.3100000000,0.3120000000,8390.0861630000,2611.6717960000,2611.6717960000,1,SRM-USDT
2023-02-11 05:00:00,1676062800000,0.3120000000,0.3120000000,0.3040000000,0.3060000000,301456.3337600000,92628.5359460000,92628.5359460000,1,SRM-USDT
2023-02-11 06:00:00,1676066400000,0.3060000000,0.3070000000,0.3030000000,0.3040000000,367275.0277570000,111995.8129520000,111995.8129520000,1,SRM-USDT
2023-02-11 07:00:00,1676070000000,0.3040000000,0.3100000000,0.3030000000,0.3090000000,362463.4979780000,111273.8735080000,111273.8735080000,1,SRM-USDT
2023-02-11 08:00:00,1676073600000,0.3080000000,0.3100000000,0.3060000000,0.3100000000,245347.4813470000,75539.5902050000,75539.5902050000,1,SRM-USDT
2023-02-11 09:00:00,1676077200000,0.3110000000,0.3160000000,0.3070000000,0.3080000000,672075.2000440001,209029.3709460000,209029.3709460000,1,SRM-USDT
2023-02-11 10:00:00,1676080800000,0.3080000000,0.3080000000,0.3030000000,0.3080000000,145415.4791960000,44411.1669970000,44411.1669970000,1,SRM-USDT
2023-02-11 11:00:00,1676084400000,0.3080000000,0.3100000000,0.3050000000,0.3080000000,333574.0649380000,102546.2195200000,102546.2195200000,1,SRM-USDT
2023-02-11 12:00:00,1676088000000,0.3080000000,0.3090000000,0.3050000000,0.3070000000,217747.6004740000,66838.6339470000,66838.6339470000,1,SRM-USDT
2023-02-11 13:00:00,1676091600000,0.3080000000,0.3200000000,0.3050000000,0.3190000000,747288.3984580000,233545.5878400000,233545.5878400000,1,SRM-USDT
2023-02-11 14:00:00,1676095200000,0.3190000000,0.3190000000,0.3110000000,0.3130000000,420525.0913790000,131934.7136980000,131934.7136980000,1,SRM-USDT
2023-02-11 15:00:00,1676098800000,0.3140000000,0.3160000000,0.3130000000,0.3130000000,257653.1798150000,80828.9150650000,80828.9150650000,1,SRM-USDT
2023-02-11 16:00:00,1676102400000,0.3130000000,0.3160000000,0.3120000000,0.3160000000,272706.2015780000,85545.0070440000,85545.0070440000,1,SRM-USDT
2023-02-11 17:00:00,1676106000000,0.3150000000,0.3150000000,0.3130000000,0.3140000000,202449.0091270000,63661.3384300000,63661.3384300000,1,SRM-USDT
2023-02-11 18:00:00,1676109600000,0.3140000000,0.3150000000,0.3120000000,0.3140000000,81018.4147650000,25380.2933000000,25380.2933000000,1,SRM-USDT
2023-02-11 19:00:00,1676113200000,0.3140000000,0.3150000000,0.3100000000,0.3110000000,189419.6423710000,59028.5332660000,59028.5332660000,1,SRM-USDT
2023-02-11 20:00:00,1676116800000,0.3120000000,0.3140000000,0.3090000000,0.3110000000,197415.4685100000,61503.2911240000,61503.2911240000,1,SRM-USDT
2023-02-11 21:00:00,1676120400000,0.3120000000,0.3150000000,0.3090000000,0.3140000000,273442.7487040000,85296.9513630000,85296.9513630000,1,SRM-USDT
2023-02-11 22:00:00,1676124000000,0.3140000000,0.3170000000,0.3110000000,0.3170000000,137295.6160820000,42884.2441530000,42884.2441530000,1,SRM-USDT
2023-02-11 23:00:00,1676127600000,0.3180000000,0.3250000000,0.3150000000,0.3160000000,386827.6144900000,123721.6517660000,123721.6517660000,1,SRM-USDT
2023-02-12 00:00:00,1676131200000,0.3160000000,0.3160000000,0.3100000000,0.3130000000,503604.2443830000,157475.3720390000,157475.3720390000,1,SRM-USDT
2023-02-12 01:00:00,1676134800000,0.3120000000,0.3130000000,0.3100000000,0.3110000000,178335.9456760000,55463.2663170000,55463.2663170000,1,SRM-USDT
2023-02-12 02:00:00,1676138400000,0.3110000000,0.3180000000,0.3110000000,0.3130000000,376273.8689070000,118240.0488920000,118240.0488920000,1,SRM-USDT
2023-02-12 03:00:00,1676142000000,0.3130000000,0.3130000000,0.3100000000,0.3100000000,195136.9916400000,60868.4145960000,60868.4145960000,1,SRM-USDT
2023-02-12 04:00:00,1676145600000,0.3100000000,0.3120000000,0.3100000000,0.3100000000,233164.2641710000,72480.6578240000,72480.6578240000,1,SRM-USDT
2023-02-12 05:00:00,1676149200000,0.3100000000,0.3210000000,0.3090000000,0.3170000000,229081.9613960000,71714.7017250000,71714.7017250000,1,SRM-USDT
2023-02-12 06:00:00,1676152800000,0.3180000000,0.3200000000,0.3160000000,0.3160000000,139955.1930880000,44507.6543140000,44507.6543140000,1,SRM-USDT
2023-02-12 07:00:00,1676156400000,0.3160000000,0.3180000000,0.3160000000,0.3180000000,62020.6285600000,19654.7497910000,19654.7497910000,1,SRM-USDT
2023-02-12 08:00:00,1676160000000,0.3170000000,0.3170000000,0.3150000000,0.3160000000,2505.0597490000,792.8133670000,792.8133670000,1,SRM-USDT
2023-02-12 09:00:00,1676163600000,0.3150000000,0.3170000000,0.3150000000,0.3170000000,20816.0357080000,6577.5723470000,6577.5723470000,1,SRM-USDT
2023-02-12 10:00:00,1676167200000,0.3170000000,0.3170000000,0.3150000000,0.3150000000,7457.0778540000,2360.6313690000,2360.6313690000,1,SRM-USDT
2023-02-12 11:00:00,1676170800000,0.3160000000,0.3190000000,0.3150000000,0.3180000000,24401.4846910000,7724.0150050000,7724.0150050000,1,SRM-USDT
2023-02-12 12:00:00,1676174400000,0.3190000000,0.3270000000,0.3180000000,0.3230000000,59030.8420170000,19102.7256870000,19102.7256870000,1,SRM-USDT
2023-02-12 13:00:00,1676178000000,0.3230000000,0.3250000000,0.3220000000,0.3230000000,19587.3734560000,6327.3860090000,6327.3860090000,1,SRM-USDT
2023-02-12 14:00:00,1676181600000,0.3240000000,0.3240000000,0.3200000000,0.3200000000,20927.3531420000,6727.8580980000,6727.8580980000,1,SRM-USDT
2023-02-12 15:00:00,1676185200000,0.3200000000,0.3210000000,0.3180000000,0.3190000000,44343.0980880000,14129.7712810000,14129.7712810000,1,SRM-USDT
2023-02-12 16:00:00,1676188800000,0.3190000000,0.3250000000,0.3180000000,0.3230000000,113562.0887130000,36640.1690630000,36640.1690630000,1,SRM-USDT
2023-02-12 17:00:00,1676192400000,0.3230000000,0.3230000000,0.3190000000,0.3200000000,48612.7072930000,15610.7177560000,15610.7177560000,1,SRM-USDT
2023-02-12 18:00:00,1676196000000,0.3200000000,0.3220000000,0.3190000000,0.3210000000,40256.5222070000,12917.6316170000,12917.6316170000,1,SRM-USDT
2023-02-12 19:00:00,1676199600000,0.3210000000,0.3230000000,0.3190000000,0.3230000000,59490.0394400000,19075.8816690000,19075.8816690000,1,SRM-USDT
2023-02-12 20:00:00,1676203200000,0.3230000000,0.3240000000,0.3220000000,0.3220000000,34896.0751540000,11254.9398290000,11254.9398290000,1,SRM-USDT
2023-02-12 21:00:00,1676206800000,0.3220000000,0.3270000000,0.3180000000,0.3220000000,93578.7582830000,30149.4563890000,30149.4563890000,1,SRM-USDT
2023-02-12 22:00:00,1676210400000,0.3220000000,0.3260000000,0.3190000000,0.3230000000,94311.8521470000,30464.1477110000,30464.1477110000,1,SRM-USDT
2023-02-12 23:00:00,1676214000000,0.3230000000,0.3230000000,0.3210000000,0.3230000000,24945.4445520000,8048.4862250000,8048.4862250000,1,SRM-USDT
2023-02-13 00:00:00,1676217600000,0.3230000000,0.3260000000,0.3220000000,0.3250000000,51701.5207470000,16750.9473040000,16750.9473040000,1,SRM-USDT
2023-02-13 01:00:00,1676221200000,0.3250000000,0.3250000000,0.3220000000,0.3220000000,21078.7518260000,6814.3136930000,6814.3136930000,1,SRM-USDT
2023-02-13 02:00:00,1676224800000,0.3220000000,0.3350000000,0.3220000000,0.3350000000,88347.8366800000,29181.7550560000,29181.7550560000,1,SRM-USDT
2023-02-13 03:00:00,1676228400000,0.3350000000,0.4460000000,0.3350000000,0.4090000000,2417456.1226909999,982823.8373059999,982823.8373059999,1,SRM-USDT
2023-02-13 04:00:00,1676232000000,0.4080000000,0.4250000000,0.3940000000,0.4010000000,730494.0132789999,300812.5549150000,300812.5549150000,1,SRM-USDT
2023-02-13 05:00:00,1676235600000,0.4010000000,0.4030000000,0.3770000000,0.3850000000,407300.1814490000,157753.1756540000,157753.1756540000,1,SRM-USDT
2023-02-13 06:00:00,1676239200000,0.3860000000,0.3910000000,0.3750000000,0.3860000000,185671.0750090000,71351.1553960000,71351.1553960000,1,SRM-USDT
2023-02-13 07:00:00,1676242800000,0.3870000000,0.4190000000,0.3830000000,0.3850000000,713619.7298560000,287962.2706880000,287962.2706880000,1,SRM-USDT
2023-02-13 08:00:00,1676246400000,0.3850000000,0.3950000000,0.3770000000,0.3870000000,433388.4473310000,166684.4850290000,166684.4850290000,1,SRM-USDT
2023-02-13 09:00:00,1676250000000,0.3870000000,0.3950000000,0.3650000000,0.3680000000,599127.9020970000,229164.6313420000,229164.6313420000,1,SRM-USDT
2023-02-13 10:00:00,1676253600000,0.3690000000,0.3720000000,0.3630000000,0.3700000000,268681.5990020000,98587.2174280000,98587.2174280000,1,SRM-USDT
2023-02-13 11:00:00,1676257200000,0.3690000000,0.3770000000,0.3610000000,0.3670000000,248673.2378160000,91493.1737890000,91493.1737890000,1,SRM-USDT
2023-02-13 12:00:00,1676260800000,0.3670000000,0.3730000000,0.3630000000,0.3670000000,275760.6329890000,101694.5549240000,101694.5549240000,1,SRM-USDT
2023-02-13 13:00:00,1676264400000,0.3660000000,0.3690000000,0.3580000000,0.3630000000,208901.7890120000,75845.3277730000,75845.3277730000,1,SRM-USDT
2023-02-13 14:00:00,1676268000000,0.3640000000,0.3780000000,0.3560000000,0.3570000000,461373.4809230000,169508.9808690000,169508.9808690000,1,SRM-USDT
2023-02-13 15:00:00,1676271600000,0.3570000000,0.3590000000,0.3510000000,0.3530000000,327546.5764120000,116547.6518790000,116547.6518790000,1,SRM-USDT
2023-02-13 16:00:00,1676275200000,0.3530000000,0.3550000000,0.3370000000,0.3370000000,248448.9860970000,86022.8487870000,86022.8487870000,1,SRM-USDT
2023-02-13 17:00:00,1676278800000,0.3370000000,0.3480000000,0.3340000000,0.3450000000,368590.6901910000,125177.5211980000,125177.5211980000,1,SRM-USDT
2023-02-13 18:00:00,1676282400000,0.3450000000,0.3460000000,0.3360000000,0.3380000000,182273.7747320000,61857.2631880000,61857.2631880000,1,SRM-USDT
2023-02-13 19:00:00,1676286000000,0.3390000000,0.3590000000,0.3340000000,0.3380000000,464553.9125840000,160809.6296540000,160809.6296540000,1,SRM-USDT
2023-02-13 20:00:00,1676289600000,0.3370000000,0.3450000000,0.3350000000,0.3380000000,223216.2984690000,75585.2380200000,75585.2380200000,1,SRM-USDT
2023-02-13 21:00:00,1676293200000,0.3380000000,0.3620000000,0.3360000000,0.3530000000,324121.9292080000,113185.4062850000,113185.4062850000,1,SRM-USDT
2023-02-13 22:00:00,1676296800000,0.3530000000,0.3600000000,0.3430000000,0.3480000000,318423.4538370000,110971.6375810000,110971.6375810000,1,SRM-USDT
2023-02-13 23:00:00,1676300400000,0.3480000000,0.3600000000,0.3460000000,0.3500000000,308248.7998540000,108603.9790990000,108603.9790990000,1,SRM-USDT
2023-02-14 00:00:00,1676304000000,0.3490000000,0.3510000000,0.3370000000,0.3380000000,264615.0642480000,90870.6659450000,90870.6659450000,1,SRM-USDT
2023-02-14 01:00:00,1676307600000,0.3380000000,0.3480000000,0.3360000000,0.3370000000,175977.3578170000,59835.1451940000,59835.1451940000,1,SRM-USDT
2023-02-14 02:00:00,1676311200000,0.3370000000,0.3450000000,0.3370000000,0.3400000000,103771.5350540000,35453.3114820000,35453.3114820000,1,SRM-USDT
2023-02-14 03:00:00,1676314800000,0.3400000000,0.3420000000,0.3370000000,0.3410000000,109518.7904190000,37079.7317530000,37079.7317530000,1,SRM-USDT
2023-02-14 04:00:00,1676318400000,0.3410000000,0.3410000000,0.3380000000,0.3400000000,50812.1759510000,17249.5160860000,17249.5160860000,1,SRM-USDT
2023-02-14 05:00:00,1676322000000,0.3400000000,0.3400000000,0.3360000000,0.3360000000,39597.3341860000,13337.4533060000,13337.4533060000,1,SRM-USDT
2023-02-14 06:00:00,1676325600000,0.3370000000,0.3440000000,0.3370000000,0.3410000000,52251.7134310000,17741.8570310000,17741.8570310000,1,SRM-USDT
2023-02-14 07:00:00,1676329200000,0.3410000000,0.3480000000,0.3380000000,0.3480000000,64069.4606110000,21984.2015990000,21984.2015990000,1,SRM-USDT
2023-02-14 08:00:00,1676332800000,0.3470000000,0.3470000000,0.3370000000,0.3370000000,56633.1744220000,19414.8582280000,19414.8582280000,1,SRM-USDT
2023-02-14 09:00:00,1676336400000,0.3370000000,0.3400000000,0.3350000000,0.3380000000,32826.5574740000,11095.0672590000,11095.0672590000,1,SRM-USDT
2023-02-14 10:00:00,1676340000000,0.3380000000,0.3410000000,0.3380000000,0.3400000000,18001.5948350000,6109.3952580000,6109.3952580000,1,SRM-USDT
2023-02-14 11:00:00,1676343600000,0.3410000000,0.3410000000,0.3370000000,0.3380000000,34727.7163700000,11734.1196530000,11734.1196530000,1,SRM-USDT
2023-02-14 12:00:00,1676347200000,0.3380000000,0.3390000000,0.3360000000,0.3380000000,32014.6761470000,10814.1157560000,10814.1157560000,1,SRM-USDT
2023-02-14 13:00:00,1676350800000,0.3380000000,0.3380000000,0.3350000000,0.3350000000,21065.1239220000,7071.6166700000,7071.6166700000,1,SRM-USDT
2023-02-14 14:00:00,1676354400000,0.3350000000,0.3360000000,0.3340000000,0.3360000000,14255.8641350000,4780.3086760000,4780.3086760000,1,SRM-USDT
2023-02-14 15:00:00,1676358000000,0.3360000000,0.3420000000,0.3360000000,0.3400000000,88832.0930370000,30126.5003830000,30126.5003830000,1,SRM-USDT
2023-02-14 16:00:00,1676361600000,0.3400000000,0.3430000000,0.3380000000,0.3430000000,32777.1105170000,11116.4181730000,11116.4181730000,1,SRM-USDT
2023-02-14 17:00:00,1676365200000,0.3420000000,0.3440000000,0.3370000000,0.3410000000,80566.3478500000,27446.8968810000,27446.8968810000,1,SRM-USDT
2023-02-14 18:00:00,1676368800000,0.3400000000,0.3470000000,0.3380000000,0.3410000000,97412.0780770000,33228.7651640000,33228.7651640000,1,SRM-USDT
2023-02-14 19:00:00,1676372400000,0.3420000000,0.3420000000,0.3390000000,0.3400000000,14312.4915180000,4875.2741740000,4875.2741740000,1,SRM-USDT
2023-02-14 20:00:00,1676376000000,0.3410000000,0.3420000000,0.3380000000,0.3400000000,16746.0767830000,5698.7520620000,5698.7520620000,1,SRM-USDT
2023-02-14 21:00:00,1676379600000,0.3410000000,0.3460000000,0.3360000000,0.3430000000,162231.5231320000,55301.6407530000,55301.6407530000,1,SRM-USDT
2023-02-14 22:00:00,1676383200000,0.3430000000,0.3480000000,0.3380000000,0.3470000000,210899.8501450000,72419.7792150000,72419.7792150000,1,SRM-USDT
2023-02-14 23:00:00,1676386800000,0.3470000000,0.3590000000,0.3410000000,0.3450000000,312701.8808310000,109468.5371440000,109468.5371440000,1,SRM-USDT
2023-02-15 00:00:00,1676390400000,0.3470000000,0.3480000000,0.3400000000,0.3430000000,71361.6735500000,24544.6209900000,24544.6209900000,1,SRM-USDT
2023-02-15 01:00:00,1676394000000,0.3430000000,0.3540000000,0.3430000000,0.3490000000,103805.8266820000,35985.5540230000,35985.5540230000,1,SRM-USDT
2023-02-15 02:00:00,1676397600000,0.3490000000,0.3530000000,0.3480000000,0.3490000000,43582.9888640000,15262.7745110000,15262.7745110000,1,SRM-USDT
2023-02-15 03:00:00,1676401200000,0.3480000000,0.3560000000,0.3470000000,0.3510000000,32474.2136760000,11369.5061970000,11369.5061970000,1,SRM-USDT
2023-02-15 04:00:00,1676404800000,0.3520000000,0.3570000000,0.3500000000,0.3570000000,53776.9974730000,19071.2996550000,19071.2996550000,1,SRM-USDT
2023-02-15 05:00:00,1676408400000,0.3560000000,0.3570000000,0.3510000000,0.3530000000,170356.7623520000,59991.5996410000,59991.5996410000,1,SRM-USDT
2023-02-15 06:00:00,1676412000000,0.3530000000,0.3530000000,0.3500000000,0.3500000000,7943.1693350000,2798.8646310000,2798.8646310000,1,SRM-USDT
2023-02-15 07:00:00,1676415600000,0.3510000000,0.3520000000,0.3500000000,0.3500000000,25407.6351650000,8913.1725390000,8913.1725390000,1,SRM-USDT
2023-02-15 08:00:00,1676419200000,0.3490000000,0.3490000000,0.3450000000,0.3450000000,102378.4955220000,35530.5636660000,35530.5636660000,1,SRM-USDT
2023-02-15 09:00:00,1676422800000,0.3450000000,0.3480000000,0.3440000000,0.3480000000,12489.0219130000,4319.4516150000,4319.4516150000,1,SRM-USDT
2023-02-15 10:00:00,1676426400000,0.3480000000,0.3480000000,0.3370000000,0.3380000000,126745.3050730000,43141.9694100000,43141.9694100000,1,SRM-USDT
2023-02-15 11:00:00,1676430000000,0.3380000000,0.3380000000,0.3340000000,0.3350000000,50937.7617480000,17135.4306790000,17135.4306790000,1,SRM-USDT
2023-02-15 12:00:00,1676433600000,0.3350000000,0.3420000000,0.3350000000,0.3400000000,36610.6937350000,12415.3397610000,12415.3397610000,1,SRM-USDT
2023-02-15 13:00:00,1676437200000,0.3400000000,0.3410000000,0.3380000000,0.3410000000,36454.4477060000,12391.9020430000,12391.9020430000,1,SRM-USDT
2023-02-15 14:00:00,1676440800000,0.3410000000,0.3420000000,0.3370000000,0.3380000000,64528.6872140000,21894.9011610000,21894.9011610000,1,SRM-USDT
2023-02-15 15:00:00,1676444400000,0.3370000000,0.3380000000,0.3370000000,0.3370000000,7252.1000000000,2446.2919830000,2446.2919830000,1,SRM-USDT
2023-02-15 16:00:00,1676448000000,0.3370000000,0.3390000000,0.3340000000,0.3390000000,61848.2979850000,20782.8277700000,20782.8277700000,1,SRM-USDT
2023-02-15 17:00:00,1676451600000,0.3380000000,0.3390000000,0.3360000000,0.3380000000,24522.7897420000,8281.5530870000,8281.5530870000,1,SRM-USDT
2023-02-15 18:00:00,1676455200000,0.3390000000,0.3400000000,0.3370000000,0.3400000000,28370.5537100000,9622.5004940000,9622.5004940000,1,SRM-USDT
2023-02-15 19:00:00,1676458800000,0.3400000000,0.3450000000,0.3380000000,0.3440000000,49354.1462850000,16927.7565740000,16927.7565740000,1,SRM-USDT
2023-02-15 20:00:00,1676462400000,0.3430000000,0.3490000000,0.3390000000,0.3440000000,162319.6775870000,55872.7176550000,55872.7176550000,1,SRM-USDT
2023-02-15 21:00:00,1676466000000,0.3430000000,0.3440000000,0.3410000000,0.3440000000,60837.0426460000,20802.5648780000,20802.5648780000,1,SRM-USDT
2023-02-15 22:00:00,1676469600000,0.3430000000,0.3490000000,0.3410000000,0.3450000000,26153.8380500000,9007.7031470000,9007.7031470000,1,SRM-USDT
2023-02-15 23:00:00,1676473200000,0.3440000000,0.3460000000,0.3420000000,0.3450000000,21792.3095720000,7502.7233540000,7502.7233540000,1,SRM-USDT
2023-02-16 00:00:00,1676476800000,0.3440000000,0.3450000000,0.3410000000,0.3430000000,40708.7605170000,13938.2955970000,13938.2955970000,1,SRM-USDT
2023-02-16 01:00:00,1676480400000,0.3430000000,0.3460000000,0.3420000000,0.3420000000,45456.2466920000,15674.6634860000,15674.6634860000,1,SRM-USDT
2023-02-16 02:00:00,1676484000000,0.3420000000,0.3480000000,0.3420000000,0.3450000000,36501.0801470000,12615.5367200000,12615.5367200000,1,SRM-USDT
2023-02-16 03:00:00,1676487600000,0.3460000000,0.3510000000,0.3450000000,0.3500000000,60239.2273140000,20996.5254670000,20996.5254670000,1,SRM-USDT
2023-02-16 04:00:00,1676491200000,0.3500000000,0.3570000000,0.3480000000,0.3530000000,245520.3476300000,86450.7745070000,86450.7745070000,1,SRM-USDT
2023-02-16 05:00:00,1676494800000,0.3530000000,0.3600000000,0.3500000000,0.3580000000,151767.1797130000,53978.8862020000,53978.8862020000,1,SRM-USDT
2023-02-16 06:00:00,1676498400000,0.3570000000,0.3570000000,0.3530000000,0.3550000000,171251.7229250000,60822.7441170000,60822.7441170000,1,SRM-USDT
2023-02-16 07:00:00,1676502000000,0.3560000000,0.3580000000,0.3550000000,0.3580000000,30431.1615900000,10842.4023010000,10842.4023010000,1,SRM-USDT
2023-02-16 08:00:00,1676505600000,0.3580000000,0.3680000000,0.3540000000,0.3560000000,113360.2100970000,40852.2616960000,40852.2616960000,1,SRM-USDT
2023-02-16 09:00:00,1676509200000,0.3560000000,0.3580000000,0.3540000000,0.3560000000,44848.0223800000,15949.5023070000,15949.5023070000,1,SRM-USDT
2023-02-16 10:00:00,1676512800000,0.3560000000,0.3610000000,0.3560000000,0.3600000000,152458.5203980000,54827.5916510000,54827.5916510000,1,SRM-USDT
2023-02-16 11:00:00,1676516400000,0.3600000000,0.3650000000,0.3590000000,0.3620000000,117257.7918040000,42432.7409440000,42432.7409440000,1,SRM-USDT
2023-02-16 12:00:00,1676520000000,0.3630000000,0.3630000000,0.3560000000,0.3570000000,58946.9276840000,21104.7442420000,21104.7442420000,1,SRM-USDT
2023-02-16 13:00:00,1676523600000,0.3570000000,0.3610000000,0.3560000000,0.3600000000,18535.7892220000,6640.6693750000,6640.6693750000,1,SRM-USDT
2023-02-16 14:00:00,1676527200000,0.3590000000,0.3610000000,0.3580000000,0.3590000000,19339.1438070000,6940.7093900000,6940.7093900000,1,SRM-USDT
2023-02-16 15:00:00,1676530800000,0.3580000000,0.3580000000,0.3480000000,0.3480000000,54150.5412640000,19047.8763030000,19047.8763030000,1,SRM-USDT
2023-02-16 16:00:00,1676534400000,0.3490000000,0.3520000000,0.3470000000,0.3490000000,36870.5356810000,12904.2591280000,12904.2591280000,1,SRM-USDT
2023-02-16 17:00:00,1676538000000,0.3500000000,0.3590000000,0.3500000000,0.3560000000,76565.0976990000,27171.9496540000,27171.9496540000,1,SRM-USDT
2023-02-16 18:00:00,1676541600000,0.3570000000,0.3580000000,0.3540000000,0.3580000000,17134.2735110000,6094.6669920000,6094.6669920000,1,SRM-USDT
2023-02-16 19:00:00,1676545200000,0.3570000000,0.3570000000,0.3500000000,0.3510000000,97121.4721140000,34213.1244110000,34213.1244110000,1,SRM-USDT
2023-02-16 20:00:00,1676548800000,0.3510000000,0.3560000000,0.3470000000,0.3540000000,244129.5947120000,86345.0847570000,86345.0847570000,1,SRM-USDT
2023-02-16 21:00:00,1676552400000,0.3530000000,0.3530000000,0.3440000000,0.3440000000,86656.7956820000,30138.8328460000,30138.8328460000,1,SRM-USDT
2023-02-16 22:00:00,1676556000000,0.3450000000,0.3480000000,0.3410000000,0.3440000000,163892.2387690000,56356.3671150000,56356.3671150000,1,SRM-USDT
2023-02-16 23:00:00,1676559600000,0.3440000000,0.3550000000,0.3430000000,0.3520000000,165586.0193320000,57464.7453950000,57464.7453950000,1,SRM-USDT
2023-02-17 00:00:00,1676563200000,0.3530000000,0.3530000000,0.3450000000,0.3480000000,155024.8927610000,53879.1532390000,53879.1532390000,1,SRM-USDT
2023-02-17 01:00:00,1676566800000,0.3480000000,0.3540000000,0.3470000000,0.3540000000,39464.7734490000,13842.1834470000,13842.1834470000,1,SRM-USDT
2023-02-17 02:00:00,1676570400000,0.3540000000,0.3570000000,0.3500000000,0.3520000000,92445.6653730000,32618.4377450000,32618.4377450000,1,SRM-USDT
2023-02-17 03:00:00,1676574000000,0.3520000000,0.3610000000,0.3480000000,0.3500000000,228769.1326160000,81121.9528320000,81121.9528320000,1,SRM-USDT
2023-02-17 04:00:00,1676577600000,0.3500000000,0.3520000000,0.3450000000,0.3480000000,120710.6378430000,42018.9184510000,42018.9184510000,1,SRM-USDT
2023-02-17 05:00:00,1676581200000,0.3470000000,0.3500000000,0.3450000000,0.3470000000,35303.5494000000,12241.3923130000,12241.3923130000,1,SRM-USDT
2023-02-17 06:00:00,1676584800000,0.3470000000,0.3470000000,0.3360000000,0.3390000000,432343.3440070000,146798.0231990000,146798.0231990000,1,SRM-USDT
2023-02-17 07:00:00,1676588400000,0.3390000000,0.3410000000,0.3330000000,0.3390000000,114758.9884840000,38833.3769560000,38833.3769560000,1,SRM-USDT
2023-02-17 08:00:00,1676592000000,0.3390000000,0.3440000000,0.3360000000,0.3420000000,63455.4917630000,21567.8822940000,21567.8822940000,1,SRM-USDT
2023-02-17 09:00:00,1676595600000,0.3430000000,0.3490000000,0.3410000000,0.3490000000,34223.2505760000,11753.8112490000,11753.8112490000,1,SRM-USDT
2023-02-17 10:00:00,1676599200000,0.3500000000,0.3510000000,0.3480000000,0.3480000000,20772.4341310000,7263.2103410000,7263.2103410000,1,SRM-USDT
2023-02-17 11:00:00,1676602800000,0.3480000000,0.3490000000,0.3460000000,0.3490000000,20140.6640770000,6994.2122140000,6994.2122140000,1,SRM-USDT
2023-02-17 12:00:00,1676606400000,0.3480000000,0.3510000000,0.3480000000,0.3500000000,39969.4056880000,13963.7862440000,13963.7862440000,1,SRM-USDT
2023-02-17 13:00:00,1676610000000,0.3490000000,0.3490000000,0.3450000000,0.3460000000,18850.5417220000,6527.3552950000,6527.3552950000,1,SRM-USDT
2023-02-17 14:00:00,1676613600000,0.3450000000,0.3450000000,0.3420000000,0.3430000000,18220.7605430000,6246.2691990000,6246.2691990000,1,SRM-USDT
2023-02-17 15:00:00,1676617200000,0.3430000000,0.3450000000,0.3410000000,0.3430000000,15827.1668410000,5433.1198230000,5433.1198230000,1,SRM-USDT
2023-02-17 16:00:00,1676620800000,0.3420000000,0.3440000000,0.3410000000,0.3420000000,25628.0581750000,8747.7303380000,8747.7303380000,1,SRM-USDT
2023-02-17 17:00:00,1676624400000,0.3430000000,0.3440000000,0.3410000000,0.3440000000,48217.8254420000,16540.4761840000,16540.4761840000,1,SRM-USDT
2023-02-17 18:00:00,1676628000000,0.3440000000,0.3460000000,0.3430000000,0.3450000000,5536.2447930000,1907.5349230000,1907.5349230000,1,SRM-USDT
2023-02-17 19:00:00,1676631600000,0.3450000000,0.3480000000,0.3450000000,0.3450000000,26748.1440690000,9247.2748630000,9247.2748630000,1,SRM-USDT
2023-02-17 20:00:00,1676635200000,0.3450000000,0.3450000000,0.3440000000,0.3450000000,10253.2056980000,3533.4431600000,3533.4431600000,1,SRM-USDT
2023-02-17 21:00:00,1676638800000,0.3460000000,0.3480000000,0.3420000000,0.3420000000,11603.4442800000,4007.5593070000,4007.5593070000,1,SRM-USDT
2023-02-17 22:00:00,1676642400000,0.3430000000,0.3490000000,0.3420000000,0.3420000000,110754.3007210000,38192.5754790000,38192.5754790000,1,SRM-USDT
2023-02-17 23:00:00,1676646000000,0.3430000000,0.3470000000,0.3420000000,0.3460000000,50854.6761120000,17553.1792250000,17553.1792250000,1,SRM-USDT
2023-02-18 00:00:00,1676649600000,0.3460000000,0.3690000000,0.3440000000,0.3580000000,509842.5529600000,182379.5798950000,182379.5798950000,1,SRM-USDT
2023-02-18 01:00:00,1676653200000,0.3590000000,0.3640000000,0.3510000000,0.3520000000,213228.0502440000,76301.5353030000,76301.5353030000,1,SRM-USDT
2023-02-18 02:00:00,1676656800000,0.3520000000,0.3560000000,0.3490000000,0.3500000000,62261.3276220000,21921.4312610000,21921.4312610000,1,SRM-USDT
2023-02-18 03:00:00,1676660400000,0.3500000000,0.3580000000,0.3500000000,0.3580000000,142809.1908190000,50593.0958090000,50593.0958090000,1,SRM-USDT
2023-02-18 04:00:00,1676664000000,0.3580000000,0.3600000000,0.3520000000,0.3530000000,53382.4708950000,19064.1311650000,19064.1311650000,1,SRM-USDT
2023-02-18 05:00:00,1676667600000,0.3520000000,0.3530000000,0.3490000000,0.3490000000,19450.6239080000,6833.8616850000,6833.8616850000,1,SRM-USDT
2023-02-18 06:00:00,1676671200000,0.3490000000,0.3500000000,0.3450000000,0.3480000000,47250.2133880000,16459.3596830000,16459.3596830000,1,SRM-USDT
2023-02-18 07:00:00,1676674800000,0.3480000000,0.3510000000,0.3460000000,0.3510000000,86540.5116590000,30177.2757220000,30177.2757220000,1,SRM-USDT
2023-02-18 08:00:00,1676678400000,0.3510000000,0.3560000000,0.3490000000,0.3520000000,85462.9254790000,29996.1496190000,29996.1496190000,1,SRM-USDT
2023-02-18 09:00:00,1676682000000,0.3510000000,0.3520000000,0.3430000000,0.3470000000,289254.8915370000,100189.6180750000,100189.6180750000,1,SRM-USDT
2023-02-18 10:00:00,1676685600000,0.3470000000,0.3480000000,0.3450000000,0.3470000000,33260.5246220000,11537.4855580000,11537.4855580000,1,SRM-USDT
2023-02-18 11:00:00,1676689200000,0.3470000000,0.3510000000,0.3470000000,0.3510000000,21741.0666550000,7602.3143520000,7602.3143520000,1,SRM-USDT
2023-02-18 12:00:00,1676692800000,0.3510000000,0.3540000000,0.3490000000,0.3500000000,33546.4182210000,11772.4693730000,11772.4693730000,1,SRM-USDT
2023-02-18 13:00:00,1676696400000,0.3500000000,0.3540000000,0.3500000000,0.3520000000,52737.8989710000,18566.2015030000,18566.2015030000,1,SRM-USDT
2023-02-18 14:00:00,1676700000000,0.3530000000,0.3540000000,0.3530000000,0.3530000000,19535.5929190000,6907.7088730000,6907.7088730000,1,SRM-USDT
2023-02-18 15:00:00,1676703600000,0.3520000000,0.3520000000,0.3480000000,0.3490000000,45255.8746740000,15799.2045490000,15799.2045490000,1,SRM-USDT
2023-02-18 16:00:00,1676707200000,0.3490000000,0.3510000000,0.3460000000,0.3500000000,106428.9394650000,37162.7781380000,37162.7781380000,1,SRM-USDT
2023-02-18 17:00:00,1676710800000,0.3490000000,0.3530000000,0.3480000000,0.3520000000,45666.9855270000,15964.6004390000,15964.6004390000,1,SRM-USDT
2023-02-18 18:00:00,1676714400000,0.3520000000,0.3520000000,0.3480000000,0.3490000000,47289.0454910000,16506.7615880000,16506.7615880000,1,SRM-USDT
2023-02-18 19:00:00,1676718000000,0.3490000000,0.3510000000,0.3480000000,0.3510000000,19878.5946160000,6944.9569020000,6944.9569020000,1,SRM-USDT
2023-02-18 20:00:00,1676721600000,0.3510000000,0.3540000000,0.3500000000,0.3520000000,47067.7405570000,16564.5060740000,16564.5060740000,1,SRM-USDT
2023-02-18 21:00:00,1676725200000,0.3510000000,0.3520000000,0.3460000000,0.3510000000,101565.7315920000,35529.1704220000,35529.1704220000,1,SRM-USDT
2023-02-18 22:00:00,1676728800000,0.3500000000,0.3540000000,0.3500000000,0.3520000000,200380.9262540000,70424.5615860000,70424.5615860000,1,SRM-USDT
2023-02-18 23:00:00,1676732400000,0.3520000000,0.3600000000,0.3520000000,0.3570000000,36977.2542150000,13202.5666490000,13202.5666490000,1,SRM-USDT
2023-02-19 00:00:00,1676736000000,0.3560000000,0.3600000000,0.3530000000,0.3580000000,59022.6349860000,21009.8435690000,21009.8435690000,1,SRM-USDT
2023-02-19 01:00:00,1676739600000,0.3590000000,0.3720000000,0.3560000000,0.3700000000,218770.8034140000,79679.6907730000,79679.6907730000,1,SRM-USDT
2023-02-19 02:00:00,1676743200000,0.3720000000,0.3870000000,0.3610000000,0.3620000000,370869.5586440000,138831.9138900000,138831.9138900000,1,SRM-USDT
2023-02-19 03:00:00,1676746800000,0.3620000000,0.3720000000,0.3590000000,0.3610000000,82382.3819860000,30112.7647540000,30112.7647540000,1,SRM-USDT
2023-02-19 04:00:00,1676750400000,0.3610000000,0.3710000000,0.3560000000,0.3650000000,97511.0394780000,35459.9444050000,35459.9444050000,1,SRM-USDT
2023-02-19 05:00:00,1676754000000,0.3640000000,0.3730000000,0.3640000000,0.3690000000,39857.3367620000,14709.2656950000,14709.2656950000,1,SRM-USDT
2023-02-19 06:00:00,1676757600000,0.3690000000,0.3690000000,0.3610000000,0.3630000000,58468.8095460000,21346.6204430000,21346.6204430000,1,SRM-USDT
2023-02-19 07:00:00,1676761200000,0.3640000000,0.3640000000,0.3610000000,0.3610000000,21211.5938050000,7666.2141960000,7666.2141960000,1,SRM-USDT
2023-02-19 08:00:00,1676764800000,0.3600000000,0.3710000000,0.3600000000,0.3630000000,262997.8374120000,96197.0644440000,96197.0644440000,1,SRM-USDT
2023-02-19 09:00:00,1676768400000,0.3640000000,0.3640000000,0.3580000000,0.3580000000,39010.1970330000,14046.9840920000,14046.9840920000,1,SRM-USDT
2023-02-19 10:00:00,1676772000000,0.3590000000,0.3660000000,0.3590000000,0.3660000000,56111.0330880000,20377.1498360000,20377.1498360000,1,SRM-USDT
2023-02-19 11:00:00,1676775600000,0.3670000000,0.3750000000,0.3610000000,0.3620000000,230677.4710720000,85384.2333900000,85384.2333900000,1,SRM-USDT
2023-02-19 12:00:00,1676779200000,0.3630000000,0.3730000000,0.3630000000,0.3730000000,69204.1729160000,25419.9559820000,25419.9559820000,1,SRM-USDT
2023-02-19 13:00:00,1676782800000,0.3730000000,0.3730000000,0.3640000000,0.3720000000,70080.4680280000,25816.5444680000,25816.5444680000,1,SRM-USDT
2023-02-19 14:00:00,1676786400000,0.3720000000,0.3750000000,0.3660000000,0.3680000000,45997.3728090000,17067.5812250000,17067.5812250000,1,SRM-USDT
2023-02-19 15:00:00,1676790000000,0.3670000000,0.3670000000,0.3590000000,0.3630000000,199164.3208960000,72067.1840960000,72067.1840960000,1,SRM-USDT
2023-02-19 16:00:00,1676793600000,0.3630000000,0.3650000000,0.3600000000,0.3620000000,136667.9372580000,49591.9454330000,49591.9454330000,1,SRM-USDT
2023-02-19 17:00:00,1676797200000,0.3620000000,0.3630000000,0.3590000000,0.3590000000,40721.6854590000,14681.3314690000,14681.3314690000,1,SRM-USDT
2023-02-19 18:00:00,1676800800000,0.3600000000,0.3650000000,0.3590000000,0.3630000000,67906.4040210000,24678.5432900000,24678.5432900000,1,SRM-USDT
2023-02-19 19:00:00,1676804400000,0.3620000000,0.3700000000,0.3620000000,0.3680000000,138145.6534770000,50812.0783190000,50812.0783190000,1,SRM-USDT
2023-02-19 20:00:00,1676808000000,0.3690000000,0.3700000000,0.3630000000,0.3650000000,92766.4489410000,33985.9893900000,33985.9893900000,1,SRM-USDT
2023-02-19 21:00:00,1676811600000,0.3650000000,0.3680000000,0.3620000000,0.3680000000,58315.3010460000,21232.7756110000,21232.7756110000,1,SRM-USDT
2023-02-19 22:00:00,1676815200000,0.3690000000,0.3710000000,0.3650000000,0.3680000000,236382.1830720000,87172.1443060000,87172.1443060000,1,SRM-USDT
2023-02-19 23:00:00,1676818800000,0.3680000000,0.3710000000,0.3640000000,0.3710000000,71317.0548320000,26241.1283780000,26241.1283780000,1,SRM-USDT
2023-02-20 00:00:00,1676822400000,0.3700000000,0.4150000000,0.3680000000,0.3810000000,1013800.1277850000,398275.8532910000,398275.8532910000,1,SRM-USDT
2023-02-20 01:00:00,1676826000000,0.3810000000,0.4000000000,0.3710000000,0.3730000000,932612.2259540000,360483.3488040000,360483.3488040000,1,SRM-USDT
2023-02-20 02:00:00,1676829600000,0.3740000000,0.3800000000,0.3720000000,0.3770000000,111760.0589830000,41996.7517570000,41996.7517570000,1,SRM-USDT
2023-02-20 03:00:00,1676833200000,0.3770000000,0.3880000000,0.3760000000,0.3860000000,104811.2679140000,40013.2732520000,40013.2732520000,1,SRM-USDT
2023-02-20 04:00:00,1676836800000,0.3850000000,0.3860000000,0.3710000000,0.3740000000,92256.7343780000,35033.1307010000,35033.1307010000,1,SRM-USDT
2023-02-20 05:00:00,1676840400000,0.3740000000,0.3760000000,0.3670000000,0.3730000000,84750.3010080000,31485.0580810000,31485.0580810000,1,SRM-USDT
2023-02-20 06:00:00,1676844000000,0.3740000000,0.3790000000,0.3690000000,0.3730000000,197569.6489100000,74241.6750480000,74241.6750480000,1,SRM-USDT
2023-02-20 07:00:00,1676847600000,0.3730000000,0.3760000000,0.3700000000,0.3700000000,182106.3701090000,67795.7603050000,67795.7603050000,1,SRM-USDT
2023-02-20 08:00:00,1676851200000,0.3710000000,0.3720000000,0.3590000000,0.3610000000,156186.4728600000,57222.0610130000,57222.0610130000,1,SRM-USDT
2023-02-20 09:00:00,1676854800000,0.3600000000,0.3620000000,0.3530000000,0.3570000000,156974.3903870000,56171.4696520000,56171.4696520000,1,SRM-USDT
2023-02-20 10:00:00,1676858400000,0.3580000000,0.3780000000,0.3580000000,0.3780000000,165527.1923900000,60787.6818160000,60787.6818160000,1,SRM-USDT
2023-02-20 11:00:00,1676862000000,0.3780000000,0.3810000000,0.3730000000,0.3810000000,163786.6913580000,61596.2198270000,61596.2198270000,1,SRM-USDT
2023-02-20 12:00:00,1676865600000,0.3800000000,0.3850000000,0.3720000000,0.3850000000,91834.3235520000,34771.3889500000,34771.3889500000,1,SRM-USDT
2023-02-20 13:00:00,1676869200000,0.3840000000,0.3990000000,0.3790000000,0.3990000000,284955.8335240000,110100.1954970000,110100.1954970000,1,SRM-USDT
2023-02-20 14:00:00,1676872800000,0.3990000000,0.4000000000,0.3830000000,0.3930000000,180780.8967040000,70288.8339590000,70288.8339590000,1,SRM-USDT
2023-02-20 15:00:00,1676876400000,0.3920000000,0.3940000000,0.3870000000,0.3870000000,167963.8280610000,65556.4098200000,65556.4098200000,1,SRM-USDT
2023-02-20 16:00:00,1676880000000,0.3860000000,0.3960000000,0.3860000000,0.3860000000,167281.0715580000,65340.6959530000,65340.6959530000,1,SRM-USDT
2023-02-20 17:00:00,1676883600000,0.3850000000,0.3910000000,0.3790000000,0.3860000000,136552.1396190000,52702.2738010000,52702.2738010000,1,SRM-USDT
2023-02-20 18:00:00,1676887200000,0.3850000000,0.3890000000,0.3780000000,0.3810000000,77862.1166100000,29765.7172730000,29765.7172730000,1,SRM-USDT
2023-02-20 19:00:00,1676890800000,0.3800000000,0.3830000000,0.3740000000,0.3790000000,136924.9895040000,52039.5534570000,52039.5534570000,1,SRM-USDT
2023-02-20 20:00:00,1676894400000,0.3780000000,0.3780000000,0.3720000000,0.3750000000,102761.3342520000,38534.5362430000,38534.5362430000,1,SRM-USDT
2023-02-20 21:00:00,1676898000000,0.3760000000,0.3780000000,0.3710000000,0.3710000000,72983.9437710000,27282.6253620000,27282.6253620000,1,SRM-USDT
2023-02-20 22:00:00,1676901600000,0.3710000000,0.4140000000,0.3690000000,0.3900000000,721290.1082359999,285413.5072450000,285413.5072450000,1,SRM-USDT
2023-02-20 23:00:00,1676905200000,0.3900000000,0.3930000000,0.3790000000,0.3800000000,186789.9576050000,71617.3634150000,71617.3634150000,1,SRM-USDT
2023-02-21 00:00:00,1676908800000,0.3800000000,0.3820000000,0.3680000000,0.3760000000,160558.2490880000,59973.2138370000,59973.2138370000,1,SRM-USDT
2023-02-21 01:00:00,1676912400000,0.3760000000,0.3880000000,0.3720000000,0.3840000000,151948.3623040000,57915.8523240000,57915.8523240000,1,SRM-USDT
2023-02-21 02:00:00,1676916000000,0.3840000000,0.3840000000,0.3780000000,0.3790000000,38363.5687490000,14590.4431180000,14590.4431180000,1,SRM-USDT
2023-02-21 03:00:00,1676919600000,0.3790000000,0.3820000000,0.3770000000,0.3780000000,45275.6137350000,17166.7107440000,17166.7107440000,1,SRM-USDT
2023-02-21 04:00:00,1676923200000,0.3770000000,0.3800000000,0.3720000000,0.3770000000,141945.5587870000,53630.1998660000,53630.1998660000,1,SRM-USDT
2023-02-21 05:00:00,1676926800000,0.3780000000,0.3790000000,0.3730000000,0.3760000000,35126.2305910000,13216.0111630000,13216.0111630000,1,SRM-USDT
2023-02-21 06:00:00,1676930400000,0.3760000000,0.3760000000,0.3680000000,0.3700000000,19454.2920590000,7217.2501340000,7217.2501340000,1,SRM-USDT
2023-02-21 07:00:00,1676934000000,0.3700000000,0.3770000000,0.3700000000,0.3760000000,46410.4258850000,17342.1300560000,17342.1300560000,1,SRM-USDT
2023-02-21 08:00:00,1676937600000,0.3760000000,0.3760000000,0.3670000000,0.3740000000,45935.6102040000,17075.1996600000,17075.1996600000,1,SRM-USDT
2023-02-21 09:00:00,1676941200000,0.3740000000,0.3740000000,0.3640000000,0.3680000000,28390.9166600000,10437.3626470000,10437.3626470000,1,SRM-USDT
2023-02-21 10:00:00,1676944800000,0.3680000000,0.4150000000,0.3670000000,0.4000000000,440748.2301770000,173717.5424780000,173717.5424780000,1,SRM-USDT
2023-02-21 11:00:00,1676948400000,0.4000000000,0.4290000000,0.3710000000,0.3770000000,526338.3425210000,210261.2012960000,210261.2012960000,1,SRM-USDT
2023-02-21 12:00:00,1676952000000,0.3770000000,0.3800000000,0.3750000000,0.3790000000,65488.8068100000,24708.6424950000,24708.6424950000,1,SRM-USDT
2023-02-21 13:00:00,1676955600000,0.3800000000,0.3830000000,0.3790000000,0.3820000000,65505.2028800000,24963.7055590000,24963.7055590000,1,SRM-USDT
2023-02-21 14:00:00,1676959200000,0.3820000000,0.3820000000,0.3770000000,0.3790000000,46133.5340470000,17478.4203710000,17478.4203710000,1,SRM-USDT
2023-02-21 15:00:00,1676962800000,0.3790000000,0.3800000000,0.3770000000,0.3770000000,17838.2456030000,6755.3658280000,6755.3658280000,1,SRM-USDT
2023-02-21 16:00:00,1676966400000,0.3780000000,0.3800000000,0.3690000000,0.3720000000,110685.5832690000,41419.1979190000,41419.1979190000,1,SRM-USDT
2023-02-21 17:00:00,1676970000000,0.3710000000,0.3750000000,0.3690000000,0.3730000000,85218.2524120000,31679.1765480000,31679.1765480000,1,SRM-USDT
2023-02-21 18:00:00,1676973600000,0.3720000000,0.3720000000,0.3650000000,0.3670000000,78168.4556950000,28722.2667200000,28722.2667200000,1,SRM-USDT
2023-02-21 19:00:00,1676977200000,0.3670000000,0.3690000000,0.3660000000,0.3660000000,42176.5858370000,15491.3837050000,15491.3837050000,1,SRM-USDT
2023-02-21 20:00:00,1676980800000,0.3650000000,0.3740000000,0.3600000000,0.3670000000,43996.7123850000,16092.3033640000,16092.3033640000,1,SRM-USDT
2023-02-21 21:00:00,1676984400000,0.3680000000,0.3680000000,0.3650000000,0.3650000000,21258.2831690000,7785.1010670000,7785.1010670000,1,SRM-USDT
2023-02-21 22:00:00,1676988000000,0.3650000000,0.3690000000,0.3650000000,0.3690000000,77211.2789570000,28386.1835980000,28386.1835980000,1,SRM-USDT
2023-02-21 23:00:00,1676991600000,0.3680000000,0.3730000000,0.3640000000,0.3660000000,113198.8695780000,41689.3276980000,41689.3276980000,1,SRM-USDT
2023-02-22 00:00:00,1676995200000,0.3660000000,0.3710000000,0.3650000000,0.3650000000,66605.5042190000,24445.7041480000,24445.7041480000,1,SRM-USDT
2023-02-22 01:00:00,1676998800000,0.3650000000,0.3660000000,0.3630000000,0.3660000000,59503.7501470000,21656.2763900000,21656.2763900000,1,SRM-USDT
2023-02-22 02:00:00,1677002400000,0.3650000000,0.3680000000,0.3640000000,0.3660000000,38481.4378810000,14102.2311160000,14102.2311160000,1,SRM-USDT
2023-02-22 03:00:00,1677006000000,0.3660000000,0.3670000000,0.3620000000,0.3620000000,59386.7806640000,21619.7678960000,21619.7678960000,1,SRM-USDT
2023-02-22 04:00:00,1677009600000,0.3620000000,0.3630000000,0.3600000000,0.3610000000,24659.9913320000,8913.4713090000,8913.4713090000,1,SRM-USDT
2023-02-22 05:00:00,1677013200000,0.3620000000,0.3620000000,0.3570000000,0.3580000000,33214.9977190000,11932.0813020000,11932.0813020000,1,SRM-USDT
2023-02-22 06:00:00,1677016800000,0.3580000000,0.3600000000,0.3560000000,0.3580000000,39539.1520730000,14120.3352420000,14120.3352420000,1,SRM-USDT
2023-02-22 07:00:00,1677020400000,0.3590000000,0.3610000000,0.3580000000,0.3610000000,131986.3880890000,47598.0535860000,47598.0535860000,1,SRM-USDT
2023-02-22 08:00:00,1677024000000,0.3610000000,0.3610000000,0.3450000000,0.3530000000,144364.1077160000,50916.2715270000,50916.2715270000,1,SRM-USDT
2023-02-22 09:00:00,1677027600000,0.3530000000,0.3570000000,0.3520000000,0.3530000000,64508.9283990000,22880.3017190000,22880.3017190000,1,SRM-USDT
2023-02-22 10:00:00,1677031200000,0.3530000000,0.3530000000,0.3430000000,0.3500000000,133568.7330640000,46242.7332500000,46242.7332500000,1,SRM-USDT
2023-02-22 11:00:00,1677034800000,0.3490000000,0.3510000000,0.3470000000,0.3470000000,62127.6942160000,21718.6061460000,21718.6061460000,1,SRM-USDT
2023-02-22 12:00:00,1677038400000,0.3470000000,0.3480000000,0.3380000000,0.3390000000,134179.8600140000,46158.0812320000,46158.0812320000,1,SRM-USDT
2023-02-22 13:00:00,1677042000000,0.3390000000,0.3460000000,0.3320000000,0.3450000000,206327.5648050000,69493.3194860000,69493.3194860000,1,SRM-USDT
2023-02-22 14:00:00,1677045600000,0.3450000000,0.3450000000,0.3430000000,0.3430000000,17813.6932880000,6127.9189100000,6127.9189100000,1,SRM-USDT
2023-02-22 15:00:00,1677049200000,0.3420000000,0.3440000000,0.3380000000,0.3430000000,23339.1404590000,7951.9774460000,7951.9774460000,1,SRM-USDT
2023-02-22 16:00:00,1677052800000,0.3420000000,0.3430000000,0.3330000000,0.3360000000,83571.3146170000,28089.1163300000,28089.1163300000,1,SRM-USDT
2023-02-22 17:00:00,1677056400000,0.3360000000,0.3360000000,0.3320000000,0.3350000000,100860.1435860000,33621.7234480000,33621.7234480000,1,SRM-USDT
2023-02-22 18:00:00,1677060000000,0.3350000000,0.3380000000,0.3340000000,0.3360000000,60092.6724820000,20213.6343900000,20213.6343900000,1,SRM-USDT
2023-02-22 19:00:00,1677063600000,0.3360000000,0.3380000000,0.3340000000,0.3370000000,58573.7948510000,19695.3936910000,19695.3936910000,1,SRM-USDT
2023-02-22 20:00:00,1677067200000,0.3370000000,0.3460000000,0.3360000000,0.3430000000,97858.0845570000,33328.1346410000,33328.1346410000,1,SRM-USDT
2023-02-22 21:00:00,1677070800000,0.3420000000,0.3430000000,0.3400000000,0.3400000000,35284.6387940000,12035.9729490000,12035.9729490000,1,SRM-USDT
2023-02-22 22:00:00,1677074400000,0.3400000000,0.3410000000,0.3380000000,0.3390000000,67098.0386950000,22829.0388610000,22829.0388610000,1,SRM-USDT
2023-02-22 23:00:00,1677078000000,0.3380000000,0.3390000000,0.3300000000,0.3320000000,88240.1666160000,29364.0960580000,29364.0960580000,1,SRM-USDT
2023-02-23 00:00:00,1677081600000,0.3330000000,0.3350000000,0.3240000000,0.3250000000,88325.3354000000,29020.0436300000,29020.0436300000,1,SRM-USDT
2023-02-23 01:00:00,1677085200000,0.3250000000,0.3330000000,0.3250000000,0.3310000000,82498.8081960000,27163.2827520000,27163.2827520000,1,SRM-USDT
2023-02-23 02:00:00,1677088800000,0.3330000000,0.3360000000,0.3320000000,0.3320000000,48469.4384640000,16160.6902510000,16160.6902510000,1,SRM-USDT
2023-02-23 03:00:00,1677092400000,0.3330000000,0.3360000000,0.3310000000,0.3340000000,48691.8569480000,16163.6127840000,16163.6127840000,1,SRM-USDT
2023-02-23 04:00:00,1677096000000,0.3350000000,0.3370000000,0.3350000000,0.3350000000,10322.3668760000,3459.4416830000,3459.4416830000,1,SRM-USDT
2023-02-23 05:00:00,1677099600000,0.3350000000,0.3400000000,0.3350000000,0.3390000000,36551.4924900000,12321.0920190000,12321.0920190000,1,SRM-USDT
2023-02-23 06:00:00,1677103200000,0.3400000000,0.3420000000,0.3330000000,0.3390000000,259540.6321180000,87700.7526340000,87700.7526340000,1,SRM-USDT
2023-02-23 07:00:00,1677106800000,0.3390000000,0.3420000000,0.3370000000,0.3370000000,36958.5518740000,12539.8598770000,12539.8598770000,1,SRM-USDT
2023-02-23 08:00:00,1677110400000,0.3370000000,0.3380000000,0.3330000000,0.3350000000,36119.4180680000,12148.3079560000,12148.3079560000,1,SRM-USDT
2023-02-23 09:00:00,1677114000000,0.3350000000,0.3420000000,0.3340000000,0.3410000000,81721.5094410000,27660.2464360000,27660.2464360000,1,SRM-USDT
2023-02-23 10:00:00,1677117600000,0.3420000000,0.3460000000,0.3400000000,0.3410000000,102558.1815090000,35105.3482240000,35105.3482240000,1,SRM-USDT
2023-02-23 11:00:00,1677121200000,0.3420000000,0.3530000000,0.3420000000,0.3510000000,112837.3011960000,39466.5623750000,39466.5623750000,1,SRM-USDT
2023-02-23 12:00:00,1677124800000,0.3520000000,0.3530000000,0.3470000000,0.3500000000,31923.7457090000,11180.1068490000,11180.1068490000,1,SRM-USDT
2023-02-23 13:00:00,1677128400000,0.3500000000,0.3600000000,0.3480000000,0.3490000000,102068.3574980000,36147.1457450000,36147.1457450000,1,SRM-USDT
2023-02-23 14:00:00,1677132000000,0.3500000000,0.3530000000,0.3490000000,0.3500000000,23572.0454080000,8279.0346760000,8279.0346760000,1,SRM-USDT
2023-02-23 15:00:00,1677135600000,0.3500000000,0.3500000000,0.3480000000,0.3490000000,14527.7190860000,5074.6004450000,5074.6004450000,1,SRM-USDT
2023-02-23 16:00:00,1677139200000,0.3480000000,0.3500000000,0.3460000000,0.3480000000,25577.1761520000,8929.3277120000,8929.3277120000,1,SRM-USDT
2023-02-23 17:00:00,1677142800000,0.3480000000,0.3510000000,0.3410000000,0.3430000000,224089.6977540000,77186.9995420000,77186.9995420000,1,SRM-USDT
2023-02-23 18:00:00,1677146400000,0.3430000000,0.3430000000,0.3390000000,0.3400000000,44586.7548170000,15210.1585000000,15210.1585000000,1,SRM-USDT
2023-02-23 19:00:00,1677150000000,0.3410000000,0.3410000000,0.3360000000,0.3390000000,158815.7151960000,53527.7243060000,53527.7243060000,1,SRM-USDT
2023-02-23 20:00:00,1677153600000,0.3380000000,0.3390000000,0.3360000000,0.3390000000,34858.4133430000,11752.2038960000,11752.2038960000,1,SRM-USDT
2023-02-23 21:00:00,1677157200000,0.3390000000,0.3440000000,0.3360000000,0.3390000000,76945.6663590000,26052.1934190000,26052.1934190000,1,SRM-USDT
2023-02-23 22:00:00,1677160800000,0.3380000000,0.3410000000,0.3370000000,0.3390000000,33298.3268660000,11276.3461200000,11276.3461200000,1,SRM-USDT
2023-02-23 23:00:00,1677164400000,0.3380000000,0.3430000000,0.3370000000,0.3400000000,45134.1278830000,15357.8510270000,15357.8510270000,1,SRM-USDT
2023-02-24 00:00:00,1677168000000,0.3400000000,0.3440000000,0.3380000000,0.3390000000,39547.9198870000,13456.8901790000,13456.8901790000,1,SRM-USDT
2023-02-24 01:00:00,1677171600000,0.3380000000,0.3410000000,0.3370000000,0.3390000000,46134.6944240000,15591.4583100000,15591.4583100000,1,SRM-USDT
2023-02-24 02:00:00,1677175200000,0.3380000000,0.3470000000,0.3370000000,0.3410000000,79055.6502800000,27117.2376130000,27117.2376130000,1,SRM-USDT
2023-02-24 03:00:00,1677178800000,0.3410000000,0.3460000000,0.3390000000,0.3450000000,60677.6075510000,20789.3490040000,20789.3490040000,1,SRM-USDT
2023-02-24 04:00:00,1677182400000,0.3440000000,0.3480000000,0.3400000000,0.3420000000,44194.7647420000,15213.6432880000,15213.6432880000,1,SRM-USDT
2023-02-24 05:00:00,1677186000000,0.3410000000,0.3450000000,0.3400000000,0.3440000000,29942.4541340000,10254.9786350000,10254.9786350000,1,SRM-USDT
2023-02-24 06:00:00,1677189600000,0.3440000000,0.3440000000,0.3430000000,0.3430000000,44550.6850670000,15313.8562390000,15313.8562390000,1,SRM-USDT
2023-02-24 07:00:00,1677193200000,0.3430000000,0.3450000000,0.3410000000,0.3420000000,60518.3565910000,20757.1784400000,20757.1784400000,1,SRM-USDT
2023-02-24 08:00:00,1677196800000,0.3420000000,0.3510000000,0.3420000000,0.3500000000,94437.5370720000,32894.9583940000,32894.9583940000,1,SRM-USDT
2023-02-24 09:00:00,1677200400000,0.3500000000,0.3500000000,0.3440000000,0.3440000000,50469.2739140000,17526.7055440000,17526.7055440000,1,SRM-USDT
2023-02-24 10:00:00,1677204000000,0.3430000000,0.3460000000,0.3410000000,0.3420000000,22020.1987530000,7568.3847230000,7568.3847230000,1,SRM-USDT
2023-02-24 11:00:00,1677207600000,0.3410000000,0.3410000000,0.3380000000,0.3410000000,11980.7364550000,4071.1144410000,4071.1144410000,1,SRM-USDT
2023-02-24 12:00:00,1677211200000,0.3410000000,0.3410000000,0.3380000000,0.3390000000,13609.3754290000,4624.9907810000,4624.9907810000,1,SRM-USDT
2023-02-24 13:00:00,1677214800000,0.3390000000,0.3390000000,0.3370000000,0.3380000000,47222.8236810000,15967.0622660000,15967.0622660000,1,SRM-USDT
2023-02-24 14:00:00,1677218400000,0.3380000000,0.3400000000,0.3380000000,0.3390000000,11438.7497350000,3875.4139170000,3875.4139170000,1,SRM-USDT
2023-02-24 15:00:00,1677222000000,0.3400000000,0.3400000000,0.3380000000,0.3380000000,33666.9418080000,11400.4760570000,11400.4760570000,1,SRM-USDT
2023-02-24 16:00:00,1677225600000,0.3370000000,0.3390000000,0.3350000000,0.3390000000,36870.0096900000,12417.0718520000,12417.0718520000,1,SRM-USDT
2023-02-24 17:00:00,1677229200000,0.3400000000,0.3440000000,0.3390000000,0.3420000000,67015.7991620000,22864.7073150000,22864.7073150000,1,SRM-USDT
2023-02-24 18:00:00,1677232800000,0.3430000000,0.3450000000,0.3400000000,0.3430000000,11083.8745790000,3797.4109630000,3797.4109630000,1,SRM-USDT
2023-02-24 19:00:00,1677236400000,0.3420000000,0.3430000000,0.3410000000,0.3420000000,13798.6119040000,4718.6504320000,4718.6504320000,1,SRM-USDT
2023-02-24 20:00:00,1677240000000,0.3410000000,0.3490000000,0.3410000000,0.3440000000,136865.8055850000,47469.1254170000,47469.1254170000,1,SRM-USDT
2023-02-24 21:00:00,1677243600000,0.3440000000,0.3450000000,0.3410000000,0.3410000000,21995.2241380000,7538.9405330000,7538.9405330000,1,SRM-USDT
2023-02-24 22:00:00,1677247200000,0.3410000000,0.3430000000,0.3390000000,0.3420000000,23047.3494700000,7831.4364470000,7831.4364470000,1,SRM-USDT
2023-02-24 23:00:00,1677250800000,0.3420000000,0.3430000000,0.3280000000,0.3300000000,183562.0813400000,61351.9647120000,61351.9647120000,1,SRM-USDT
2023-02-25 00:00:00,1677254400000,0.3290000000,0.3310000000,0.3150000000,0.3290000000,152181.1780290000,49022.9383520000,49022.9383520000,1,SRM-USDT
2023-02-25 01:00:00,1677258000000,0.3290000000,0.3300000000,0.3240000000,0.3280000000,45170.7324440000,14742.7283090000,14742.7283090000,1,SRM-USDT
2023-02-25 02:00:00,1677261600000,0.3270000000,0.3300000000,0.3250000000,0.3290000000,62977.9705740000,20631.5120810000,20631.5120810000,1,SRM-USDT
2023-02-25 03:00:00,1677265200000,0.3280000000,0.3300000000,0.3260000000,0.3280000000,41226.6095320000,13504.7696820000,13504.7696820000,1,SRM-USDT
2023-02-25 04:00:00,1677268800000,0.3290000000,0.3310000000,0.3290000000,0.3290000000,18174.1296200000,5993.0105200000,5993.0105200000,1,SRM-USDT
2023-02-25 05:00:00,1677272400000,0.3290000000,0.3290000000,0.3270000000,0.3270000000,5802.2916150000,1905.1051010000,1905.1051010000,1,SRM-USDT
2023-02-25 06:00:00,1677276000000,0.3270000000,0.3270000000,0.3150000000,0.3200000000,128537.2753680000,41197.7209920000,41197.7209920000,1,SRM-USDT
2023-02-25 07:00:00,1677279600000,0.3190000000,0.3240000000,0.3180000000,0.3220000000,84167.4405360000,27039.1232680000,27039.1232680000,1,SRM-USDT
2023-02-25 08:00:00,1677283200000,0.3220000000,0.3250000000,0.3220000000,0.3250000000,8144.4910360000,2637.1759330000,2637.1759330000,1,SRM-USDT
2023-02-25 09:00:00,1677286800000,0.3250000000,0.3280000000,0.3250000000,0.3280000000,25174.0783390000,8216.2198970000,8216.2198970000,1,SRM-USDT
2023-02-25 10:00:00,1677290400000,0.3280000000,0.3280000000,0.3240000000,0.3260000000,16987.3466130000,5533.9571990000,5533.9571990000,1,SRM-USDT
2023-02-25 11:00:00,1677294000000,0.3260000000,0.3260000000,0.3200000000,0.3220000000,31581.3684790000,10168.2119990000,10168.2119990000,1,SRM-USDT
2023-02-25 12:00:00,1677297600000,0.3230000000,0.3240000000,0.3210000000,0.3220000000,18789.2933150000,6060.6506280000,6060.6506280000,1,SRM-USDT
2023-02-25 13:00:00,1677301200000,0.3230000000,0.3240000000,0.3190000000,0.3200000000,57090.4404810000,18300.7947330000,18300.7947330000,1,SRM-USDT
2023-02-25 14:00:00,1677304800000,0.3200000000,0.3230000000,0.3200000000,0.3220000000,23203.1776420000,7468.9535010000,7468.9535010000,1,SRM-USDT
2023-02-25 15:00:00,1677308400000,0.3230000000,0.3250000000,0.3230000000,0.3230000000,23816.2085680000,7717.1714310000,7717.1714310000,1,SRM-USDT
2023-02-25 16:00:00,1677312000000,0.3220000000,0.3240000000,0.3170000000,0.3220000000,76837.9800160000,24643.3278120000,24643.3278120000,1,SRM-USDT
2023-02-25 17:00:00,1677315600000,0.3220000000,0.3270000000,0.3220000000,0.3230000000,17894.2125560000,5815.0042510000,5815.0042510000,1,SRM-USDT
2023-02-25 18:00:00,1677319200000,0.3230000000,0.3230000000,0.3190000000,0.3190000000,40363.9471040000,12935.0366770000,12935.0366770000,1,SRM-USDT
2023-02-25 19:00:00,1677322800000,0.3190000000,0.3210000000,0.3180000000,0.3210000000,36440.7430010000,11655.4506030000,11655.4506030000,1,SRM-USDT
2023-02-25 20:00:00,1677326400000,0.3200000000,0.3200000000,0.3180000000,0.3190000000,12654.9993460000,4031.6603660000,4031.6603660000,1,SRM-USDT
2023-02-25 21:00:00,1677330000000,0.3190000000,0.3210000000,0.3180000000,0.3180000000,6578.5833660000,2099.8446290000,2099.8446290000,1,SRM-USDT
2023-02-25 22:00:00,1677333600000,0.3180000000,0.3210000000,0.3180000000,0.3210000000,2925.2857750000,934.4942060000,934.4942060000,1,SRM-USDT
2023-02-25 23:00:00,1677337200000,0.3200000000,0.3260000000,0.3200000000,0.3230000000,18678.3508880000,6032.3327880000,6032.3327880000,1,SRM-USDT
2023-02-26 00:00:00,1677340800000,0.3230000000,0.3250000000,0.3190000000,0.3210000000,19222.0543250000,6182.3314700000,6182.3314700000,1,SRM-USDT
2023-02-26 01:00:00,1677344400000,0.3210000000,0.3270000000,0.3200000000,0.3230000000,72057.3965930000,23337.9773930000,23337.9773930000,1,SRM-USDT
2023-02-26 02:00:00,1677348000000,0.3230000000,0.3230000000,0.3190000000,0.3190000000,55064.9624310000,17623.4123440000,17623.4123440000,1,SRM-USDT
2023-02-26 03:00:00,1677351600000,0.3190000000,0.3200000000,0.3160000000,0.3170000000,29735.8773630000,9447.6116190000,9447.6116190000,1,SRM-USDT
2023-02-26 04:00:00,1677355200000,0.3170000000,0.3170000000,0.3020000000,0.3060000000,114908.4198880000,35441.3409570000,35441.3409570000,1,SRM-USDT
2023-02-26 05:00:00,1677358800000,0.3060000000,0.3120000000,0.3050000000,0.3110000000,52980.9921800000,16319.9719320000,16319.9719320000,1,SRM-USDT
2023-02-26 06:00:00,1677362400000,0.3120000000,0.3260000000,0.3110000000,0.3260000000,156555.7690660000,49384.7095510000,49384.7095510000,1,SRM-USDT
2023-02-26 07:00:00,1677366000000,0.3260000000,0.3270000000,0.3190000000,0.3210000000,58388.5046190000,18919.5106160000,18919.5106160000,1,SRM-USDT
2023-02-26 08:00:00,1677369600000,0.3200000000,0.3200000000,0.3140000000,0.3150000000,53622.2322730000,16867.9240470000,16867.9240470000,1,SRM-USDT
2023-02-26 09:00:00,1677373200000,0.3160000000,0.3170000000,0.3160000000,0.3170000000,4024.1750700000,1274.1391090000,1274.1391090000,1,SRM-USDT
2023-02-26 10:00:00,1677376800000,0.3170000000,0.3190000000,0.3090000000,0.3180000000,61910.1618370000,19348.9114320000,19348.9114320000,1,SRM-USDT
2023-02-26 11:00:00,1677380400000,0.3180000000,0.3180000000,0.3150000000,0.3180000000,9526.7770700000,3018.9700970000,3018.9700970000,1,SRM-USDT
2023-02-26 12:00:00,1677384000000,0.3190000000,0.3240000000,0.3170000000,0.3210000000,55029.8091530000,17651.9102100000,17651.9102100000,1,SRM-USDT
2023-02-26 13:00:00,1677387600000,0.3210000000,0.3280000000,0.3200000000,0.3200000000,20750.1067270000,6720.7195270000,6720.7195270000,1,SRM-USDT
2023-02-26 14:00:00,1677391200000,0.3210000000,0.3220000000,0.3170000000,0.3220000000,28792.6822420000,9196.3289570000,9196.3289570000,1,SRM-USDT
2023-02-26 15:00:00,1677394800000,0.3220000000,0.3250000000,0.3220000000,0.3240000000,8446.8178470000,2729.3771870000,2729.3771870000,1,SRM-USDT
2023-02-26 16:00:00,1677398400000,0.3250000000,0.3280000000,0.3250000000,0.3260000000,54421.8996390000,17745.1561660000,17745.1561660000,1,SRM-USDT
2023-02-26 17:00:00,1677402000000,0.3260000000,0.3290000000,0.3240000000,0.3280000000,102807.3499750000,33514.4551800000,33514.4551800000,1,SRM-USDT
2023-02-26 18:00:00,1677405600000,0.3290000000,0.3290000000,0.3230000000,0.3250000000,43608.6440530000,14170.7349590000,14170.7349590000,1,SRM-USDT
2023-02-26 19:00:00,1677409200000,0.3240000000,0.3260000000,0.3200000000,0.3200000000,39105.3188430000,12628.9261760000,12628.9261760000,1,SRM-USDT
2023-02-26 20:00:00,1677412800000,0.3200000000,0.3220000000,0.3170000000,0.3170000000,46015.9679300000,14672.6039760000,14672.6039760000,1,SRM-USDT
2023-02-26 21:00:00,1677416400000,0.3170000000,0.3390000000,0.3170000000,0.3230000000,153723.3884090000,49757.4510420000,49757.4510420000,1,SRM-USDT
2023-02-26 22:00:00,1677420000000,0.3240000000,0.3250000000,0.3210000000,0.3230000000,66241.7555640000,21383.7464300000,21383.7464300000,1,SRM-USDT
2023-02-26 23:00:00,1677423600000,0.3230000000,0.3260000000,0.3230000000,0.3260000000,7630.6948930000,2485.2494670000,2485.2494670000,1,SRM-USDT
2023-02-27 00:00:00,1677427200000,0.3250000000,0.3260000000,0.3230000000,0.3250000000,19610.6493780000,6365.6505130000,6365.6505130000,1,SRM-USDT
2023-02-27 01:00:00,1677430800000,0.3240000000,0.3240000000,0.3200000000,0.3240000000,12075.2162900000,3880.8269960000,3880.8269960000,1,SRM-USDT
2023-02-27 02:00:00,1677434400000,0.3240000000,0.3320000000,0.3220000000,0.3320000000,61742.4684240000,20335.9481880000,20335.9481880000,1,SRM-USDT
2023-02-27 03:00:00,1677438000000,0.3310000000,0.3340000000,0.3270000000,0.3300000000,62618.5055710000,20655.8666500000,20655.8666500000,1,SRM-USDT
2023-02-27 04:00:00,1677441600000,0.3300000000,0.3330000000,0.3280000000,0.3330000000,25411.0591480000,8363.9255320000,8363.9255320000,1,SRM-USDT
2023-02-27 05:00:00,1677445200000,0.3330000000,0.3340000000,0.3310000000,0.3320000000,45595.3588570000,15159.5878740000,15159.5878740000,1,SRM-USDT
2023-02-27 06:00:00,1677448800000,0.3320000000,0.3330000000,0.3300000000,0.3310000000,38035.3630390000,12554.7506560000,12554.7506560000,1,SRM-USDT
2023-02-27 07:00:00,1677452400000,0.3300000000,0.3310000000,0.3300000000,0.3310000000,48078.1241810000,15894.6342240000,15894.6342240000,1,SRM-USDT
2023-02-27 08:00:00,1677456000000,0.3320000000,0.3320000000,0.3270000000,0.3270000000,10872.7340910000,3575.0876610000,3575.0876610000,1,SRM-USDT
2023-02-27 09:00:00,1677459600000,0.3270000000,0.3300000000,0.3270000000,0.3300000000,4586.3186320000,1501.0257510000,1501.0257510000,1,SRM-USDT
2023-02-27 10:00:00,1677463200000,0.3310000000,0.3330000000,0.3300000000,0.3300000000,13479.3142360000,4461.3161270000,4461.3161270000,1,SRM-USDT
2023-02-27 11:00:00,1677466800000,0.3310000000,0.3310000000,0.3290000000,0.3290000000,5536.3584300000,1824.5854350000,1824.5854350000,1,SRM-USDT
2023-02-27 12:00:00,1677470400000,0.3300000000,0.3320000000,0.3280000000,0.3290000000,26715.9844160000,8819.1954680000,8819.1954680000,1,SRM-USDT
2023-02-27 13:00:00,1677474000000,0.3280000000,0.3280000000,0.3240000000,0.3250000000,16469.7086210000,5374.1763840000,5374.1763840000,1,SRM-USDT
2023-02-27 14:00:00,1677477600000,0.3250000000,0.3250000000,0.3220000000,0.3240000000,7737.2617350000,2503.2786690000,2503.2786690000,1,SRM-USDT
2023-02-27 15:00:00,1677481200000,0.3250000000,0.3260000000,0.3250000000,0.3260000000,2375.5310060000,772.7872620000,772.7872620000,1,SRM-USDT
2023-02-27 16:00:00,1677484800000,0.3260000000,0.3260000000,0.3190000000,0.3230000000,33434.4610660000,10740.6322650000,10740.6322650000,1,SRM-USDT
2023-02-27 17:00:00,1677488400000,0.3220000000,0.3220000000,0.3190000000,0.3220000000,74550.2842660000,23853.4397190000,23853.4397190000,1,SRM-USDT
2023-02-27 18:00:00,1677492000000,0.3210000000,0.3260000000,0.3190000000,0.3210000000,33853.0223680000,10913.6785220000,10913.6785220000,1,SRM-USDT
2023-02-27 19:00:00,1677495600000,0.3210000000,0.3210000000,0.3160000000,0.3210000000,24741.3329760000,7877.5350760000,7877.5350760000,1,SRM-USDT
2023-02-27 20:00:00,1677499200000,0.3210000000,0.3250000000,0.3190000000,0.3190000000,33080.6015000000,10673.8223260000,10673.8223260000,1,SRM-USDT
2023-02-27 21:00:00,1677502800000,0.3190000000,0.3270000000,0.3180000000,0.3240000000,21397.9906540000,6896.1483860000,6896.1483860000,1,SRM-USDT
2023-02-27 22:00:00,1677506400000,0.3240000000,0.3270000000,0.3240000000,0.3240000000,35319.2438430000,11483.0690500000,11483.0690500000,1,SRM-USDT
2023-02-27 23:00:00,1677510000000,0.3230000000,0.3250000000,0.3200000000,0.3200000000,64374.6127620000,20813.9749670000,20813.9749670000,1,SRM-USDT
2023-02-28 00:00:00,1677513600000,0.3210000000,0.3240000000,0.3180000000,0.3230000000,54842.7805930000,17576.1637120000,17576.1637120000,1,SRM-USDT
2023-02-28 01:00:00,1677517200000,0.3220000000,0.3250000000,0.3200000000,0.3220000000,34845.4656700000,11237.5849660000,11237.5849660000,1,SRM-USDT
2023-02-28 02:00:00,1677520800000,0.3220000000,0.3220000000,0.3130000000,0.3170000000,143094.6646800000,45279.3391230000,45279.3391230000,1,SRM-USDT
2023-02-28 03:00:00,1677524400000,0.3170000000,0.3200000000,0.3160000000,0.3190000000,22498.2847810000,7145.4025540000,7145.4025540000,1,SRM-USDT
2023-02-28 04:00:00,1677528000000,0.3190000000,0.3190000000,0.3140000000,0.3160000000,48003.3543610000,15188.1837040000,15188.1837040000,1,SRM-USDT
2023-02-28 05:00:00,1677531600000,0.3160000000,0.3190000000,0.3160000000,0.3180000000,5629.5781480000,1787.1262570000,1787.1262570000,1,SRM-USDT
2023-02-28 06:00:00,1677535200000,0.3170000000,0.3220000000,0.3170000000,0.3210000000,137477.4939400000,44103.3436530000,44103.3436530000,1,SRM-USDT
2023-02-28 07:00:00,1677538800000,0.3210000000,0.3230000000,0.3190000000,0.3200000000,74949.9769570000,24054.7797820000,24054.7797820000,1,SRM-USDT
2023-02-28 08:00:00,1677542400000,0.3200000000,0.3220000000,0.3190000000,0.3200000000,3464.6198990000,1111.2792500000,1111.2792500000,1,SRM-USDT
2023-02-28 09:00:00,1677546000000,0.3210000000,0.3220000000,0.3140000000,0.3160000000,17224.2164160000,5449.0540130000,5449.0540130000,1,SRM-USDT
2023-02-28 10:00:00,1677549600000,0.3160000000,0.3250000000,0.3160000000,0.3190000000,135965.6178190000,43837.1433110000,43837.1433110000,1,SRM-USDT
2023-02-28 11:00:00,1677553200000,0.3190000000,0.3190000000,0.3170000000,0.3180000000,3965.9142990000,1260.9174840000,1260.9174840000,1,SRM-USDT
2023-02-28 12:00:00,1677556800000,0.3180000000,0.3190000000,0.3160000000,0.3180000000,18428.5310120000,5853.5608810000,5853.5608810000,1,SRM-USDT
2023-02-28 13:00:00,1677560400000,0.3170000000,0.3200000000,0.3150000000,0.3170000000,56120.9211010000,17877.7449570000,17877.7449570000,1,SRM-USDT
2023-02-28 14:00:00,1677564000000,0.3160000000,0.3190000000,0.3160000000,0.3190000000,16310.9636660000,5180.1858620000,5180.1858620000,1,SRM-USDT
2023-02-28 15:00:00,1677567600000,0.3190000000,0.3340000000,0.3170000000,0.3210000000,374537.4490840000,121608.4414470000,121608.4414470000,1,SRM-USDT
2023-02-28 16:00:00,1677571200000,0.3210000000,0.3400000000,0.3190000000,0.3280000000,347732.7969490000,114451.7110210000,114451.7110210000,1,SRM-USDT
2023-02-28 17:00:00,1677574800000,0.3280000000,0.3290000000,0.3190000000,0.3200000000,144086.1756240000,46269.9875820000,46269.9875820000,1,SRM-USDT
2023-02-28 18:00:00,1677578400000,0.3200000000,0.3220000000,0.3190000000,0.3200000000,28609.3924120000,9162.1463680000,9162.1463680000,1,SRM-USDT
2023-02-28 19:00:00,1677582000000,0.3200000000,0.3210000000,0.3190000000,0.3200000000,12564.4888160000,4020.9982150000,4020.9982150000,1,SRM-USDT
2023-02-28 20:00:00,1677585600000,0.3200000000,0.3230000000,0.3180000000,0.3220000000,23074.6822460000,7399.9839790000,7399.9839790000,1,SRM-USDT
2023-02-28 21:00:00,1677589200000,0.3220000000,0.3240000000,0.3190000000,0.3200000000,22089.8882350000,7089.3414700000,7089.3414700000,1,SRM-USDT
2023-02-28 22:00:00,1677592800000,0.3210000000,0.3240000000,0.3180000000,0.3190000000,161583.1435900000,51904.5969450000,51904.5969450000,1,SRM-USDT
2023-02-28 23:00:00,1677596400000,0.3180000000,0.3200000000,0.3170000000,0.3180000000,78143.2798750000,24847.3630110000,24847.3630110000,1,SRM-USDT
2023-03-01 00:00:00,1677600000000,0.3180000000,0.3190000000,0.3150000000,0.3150000000,89494.4860240000,28372.1151530000,28372.1151530000,1,SRM-USDT
2023-03-01 01:00:00,1677603600000,0.3150000000,0.3170000000,0.3120000000,0.3130000000,104304.6720990000,32768.2644800000,32768.2644800000,1,SRM-USDT
2023-03-01 02:00:00,1677607200000,0.3120000000,0.3200000000,0.3120000000,0.3140000000,244357.6976980000,77316.3817610000,77316.3817610000,1,SRM-USDT
2023-03-01 03:00:00,1677610800000,0.3140000000,0.3140000000,0.3060000000,0.3100000000,178703.4071520000,55289.5769880000,55289.5769880000,1,SRM-USDT
2023-03-01 04:00:00,1677614400000,0.3100000000,0.3110000000,0.3100000000,0.3110000000,36631.2555670000,11357.2569930000,11357.2569930000,1,SRM-USDT
2023-03-01 05:00:00,1677618000000,0.3100000000,0.3100000000,0.3010000000,0.3040000000,39007.5369790000,11839.1042000000,11839.1042000000,1,SRM-USDT
2023-03-01 06:00:00,1677621600000,0.3040000000,0.3070000000,0.2930000000,0.2970000000,610402.3691069999,180884.0709530000,180884.0709530000,1,SRM-USDT
2023-03-01 07:00:00,1677625200000,0.2970000000,0.2990000000,0.2930000000,0.2970000000,119457.8757480000,35174.0280970000,35174.0280970000,1,SRM-USDT
2023-03-01 08:00:00,1677628800000,0.2980000000,0.3020000000,0.2980000000,0.2980000000,53654.2717840000,16076.6349790000,16076.6349790000,1,SRM-USDT
2023-03-01 09:00:00,1677632400000,0.2980000000,0.3060000000,0.2970000000,0.3060000000,119743.4709460000,36294.4346360000,36294.4346360000,1,SRM-USDT
2023-03-01 10:00:00,1677636000000,0.3050000000,0.3070000000,0.2990000000,0.3000000000,26025.2876590000,7843.5999820000,7843.5999820000,1,SRM-USDT
2023-03-01 11:00:00,1677639600000,0.2990000000,0.3000000000,0.2950000000,0.2970000000,43406.4332320000,12921.3462380000,12921.3462380000,1,SRM-USDT
2023-03-01 12:00:00,1677643200000,0.2970000000,0.3060000000,0.2970000000,0.3060000000,35267.7444610000,10626.8550330000,10626.8550330000,1,SRM-USDT
2023-03-01 13:00:00,1677646800000,0.3060000000,0.3080000000,0.3030000000,0.3050000000,44393.7656460000,13557.4142160000,13557.4142160000,1,SRM-USDT
2023-03-01 14:00:00,1677650400000,0.3050000000,0.3090000000,0.3050000000,0.3080000000,24270.5311040000,7446.4306630000,7446.4306630000,1,SRM-USDT
2023-03-01 15:00:00,1677654000000,0.3080000000,0.3090000000,0.3070000000,0.3090000000,19945.2775620000,6148.3341490000,6148.3341490000,1,SRM-USDT
2023-03-01 16:00:00,1677657600000,0.3090000000,0.3140000000,0.3080000000,0.3130000000,25111.5145650000,7814.7441290000,7814.7441290000,1,SRM-USDT
2023-03-01 17:00:00,1677661200000,0.3130000000,0.3170000000,0.3090000000,0.3130000000,60534.3733980000,18937.6668990000,18937.6668990000,1,SRM-USDT
2023-03-01 18:00:00,1677664800000,0.3140000000,0.3140000000,0.3090000000,0.3120000000,28881.1453980000,8997.6553750000,8997.6553750000,1,SRM-USDT
2023-03-01 19:00:00,1677668400000,0.3120000000,0.3120000000,0.3070000000,0.3100000000,18772.9120000000,5811.7355650000,5811.7355650000,1,SRM-USDT
2023-03-01 20:00:00,1677672000000,0.3110000000,0.3130000000,0.3110000000,0.3110000000,11806.3142880000,3680.9849860000,3680.9849860000,1,SRM-USDT
2023-03-01 21:00:00,1677675600000,0.3100000000,0.3130000000,0.3060000000,0.3110000000,54230.4193640000,16798.2803240000,16798.2803240000,1,SRM-USDT
2023-03-01 22:00:00,1677679200000,0.3120000000,0.3130000000,0.3090000000,0.3090000000,67076.4507730000,20835.9620480000,20835.9620480000,1,SRM-USDT
2023-03-01 23:00:00,1677682800000,0.3090000000,0.3130000000,0.3090000000,0.3110000000,28018.7307260000,8724.2655010000,8724.2655010000,1,SRM-USDT
2023-03-02 00:00:00,1677686400000,0.3100000000,0.3160000000,0.3100000000,0.3120000000,70485.8495010000,22015.8062320000,22015.8062320000,1,SRM-USDT
2023-03-02 01:00:00,1677690000000,0.3120000000,0.3140000000,0.3090000000,0.3100000000,23648.1161100000,7357.0299210000,7357.0299210000,1,SRM-USDT
2023-03-02 02:00:00,1677693600000,0.3100000000,0.3110000000,0.3100000000,0.3100000000,25997.0266550000,8067.8261700000,8067.8261700000,1,SRM-USDT
2023-03-02 03:00:00,1677697200000,0.3100000000,0.3110000000,0.3050000000,0.3060000000,41968.1355720000,12884.8729020000,12884.8729020000,1,SRM-USDT
2023-03-02 04:00:00,1677700800000,0.3050000000,0.3090000000,0.3050000000,0.3080000000,22127.8285700000,6791.8004660000,6791.8004660000,1,SRM-USDT
2023-03-02 05:00:00,1677704400000,0.3080000000,0.3140000000,0.3070000000,0.3130000000,38573.6445430000,12035.7935320000,12035.7935320000,1,SRM-USDT
2023-03-02 06:00:00,1677708000000,0.3120000000,0.3140000000,0.3100000000,0.3120000000,140412.4338680000,43865.1432550000,43865.1432550000,1,SRM-USDT
2023-03-02 07:00:00,1677711600000,0.3120000000,0.3120000000,0.3100000000,0.3100000000,30968.4557500000,9646.7940950000,9646.7940950000,1,SRM-USDT
2023-03-02 08:00:00,1677715200000,0.3090000000,0.3100000000,0.3070000000,0.3080000000,31024.3353890000,9580.5000050000,9580.5000050000,1,SRM-USDT
2023-03-02 09:00:00,1677718800000,0.3090000000,0.3090000000,0.3080000000,0.3080000000,1867.9256100000,576.2931760000,576.2931760000,1,SRM-USDT
2023-03-02 10:00:00,1677722400000,0.3080000000,0.3180000000,0.3070000000,0.3170000000,123137.6072740000,38722.3162450000,38722.3162450000,1,SRM-USDT
2023-03-02 11:00:00,1677726000000,0.3160000000,0.3280000000,0.3160000000,0.3160000000,179374.7645500000,57790.7139170000,57790.7139170000,1,SRM-USDT
2023-03-02 12:00:00,1677729600000,0.3160000000,0.3380000000,0.3130000000,0.3280000000,340531.9639370000,111538.4941030000,111538.4941030000,1,SRM-USDT
2023-03-02 13:00:00,1677733200000,0.3280000000,0.3290000000,0.3180000000,0.3200000000,101390.6644410000,32653.9318030000,32653.9318030000,1,SRM-USDT
2023-03-02 14:00:00,1677736800000,0.3190000000,0.3190000000,0.3120000000,0.3150000000,68670.6866940000,21613.5919340000,21613.5919340000,1,SRM-USDT
2023-03-02 15:00:00,1677740400000,0.3150000000,0.3150000000,0.3100000000,0.3100000000,38087.0624840000,11880.5758820000,11880.5758820000,1,SRM-USDT
2023-03-02 16:00:00,1677744000000,0.3100000000,0.3150000000,0.3090000000,0.3120000000,78207.7138910000,24398.2001350000,24398.2001350000,1,SRM-USDT
2023-03-02 17:00:00,1677747600000,0.3120000000,0.3130000000,0.3060000000,0.3060000000,39476.8890400000,12264.2475610000,12264.2475610000,1,SRM-USDT
2023-03-02 18:00:00,1677751200000,0.3070000000,0.3070000000,0.3020000000,0.3030000000,27743.0659970000,8439.2351670000,8439.2351670000,1,SRM-USDT
2023-03-02 19:00:00,1677754800000,0.3030000000,0.3060000000,0.3020000000,0.3060000000,7569.0026070000,2304.0519540000,2304.0519540000,1,SRM-USDT
2023-03-02 20:00:00,1677758400000,0.3070000000,0.3080000000,0.2990000000,0.3000000000,65988.0235820000,19988.9857440000,19988.9857440000,1,SRM-USDT
2023-03-02 21:00:00,1677762000000,0.3010000000,0.3030000000,0.3000000000,0.3010000000,19244.1917580000,5805.5655600000,5805.5655600000,1,SRM-USDT
2023-03-02 22:00:00,1677765600000,0.3010000000,0.3020000000,0.2980000000,0.3010000000,6954.1489610000,2085.9657330000,2085.9657330000,1,SRM-USDT
2023-03-02 23:00:00,1677769200000,0.3010000000,0.3020000000,0.3000000000,0.3010000000,20725.0056950000,6237.4615990000,6237.4615990000,1,SRM-USDT
2023-03-03 00:00:00,1677772800000,0.3010000000,0.3020000000,0.3010000000,0.3010000000,14986.6338440000,4511.6842420000,4511.6842420000,1,SRM-USDT
2023-03-03 01:00:00,1677776400000,0.3000000000,0.3020000000,0.3000000000,0.3020000000,5112.5234060000,1540.9509800000,1540.9509800000,1,SRM-USDT
2023-03-03 02:00:00,1677780000000,0.3030000000,0.3070000000,0.3030000000,0.3070000000,21070.6407600000,6422.1027710000,6422.1027710000,1,SRM-USDT
2023-03-03 03:00:00,1677783600000,0.3070000000,0.3070000000,0.3040000000,0.3060000000,35232.0826110000,10771.9414090000,10771.9414090000,1,SRM-USDT
2023-03-03 04:00:00,1677787200000,0.3060000000,0.3080000000,0.3050000000,0.3060000000,11354.2494240000,3490.2049810000,3490.2049810000,1,SRM-USDT
2023-03-03 05:00:00,1677790800000,0.3060000000,0.3060000000,0.3050000000,0.3060000000,10586.3660720000,3231.2162450000,3231.2162450000,1,SRM-USDT
2023-03-03 06:00:00,1677794400000,0.3050000000,0.3080000000,0.3040000000,0.3040000000,66995.4686830000,20548.1251060000,20548.1251060000,1,SRM-USDT
2023-03-03 07:00:00,1677798000000,0.3040000000,0.3040000000,0.3030000000,0.3040000000,107813.6984170000,32750.6671540000,32750.6671540000,1,SRM-USDT
2023-03-03 08:00:00,1677801600000,0.3040000000,0.3220000000,0.3040000000,0.3120000000,377400.9481030000,117599.2062150000,117599.2062150000,1,SRM-USDT
2023-03-03 09:00:00,1677805200000,0.3120000000,0.3160000000,0.2960000000,0.2960000000,144750.8818350000,44477.2514900000,44477.2514900000,1,SRM-USDT
2023-03-03 10:00:00,1677808800000,0.2960000000,0.3080000000,0.2930000000,0.3010000000,156561.2711420000,46829.9025800000,46829.9025800000,1,SRM-USDT
2023-03-03 11:00:00,1677812400000,0.3010000000,0.3020000000,0.2950000000,0.2950000000,80836.4865100000,24049.9773860000,24049.9773860000,1,SRM-USDT
2023-03-03 12:00:00,1677816000000,0.2960000000,0.3000000000,0.2960000000,0.2970000000,37226.7038880000,11079.4105890000,11079.4105890000,1,SRM-USDT
2023-03-03 13:00:00,1677819600000,0.2980000000,0.2980000000,0.2910000000,0.2920000000,39978.3059280000,11730.3505350000,11730.3505350000,1,SRM-USDT
2023-03-03 14:00:00,1677823200000,0.2930000000,0.2950000000,0.2930000000,0.2930000000,74375.8816030000,21920.9237700000,21920.9237700000,1,SRM-USDT
2023-03-03 15:00:00,1677826800000,0.2940000000,0.2950000000,0.2920000000,0.2940000000,13246.1418870000,3884.6188970310,3884.6188970310,1,SRM-USDT
2023-03-03 16:00:00,1677830400000,0.2930000000,0.2960000000,0.2930000000,0.2960000000,2829.7332650000,831.3008511620,831.3008511620,1,SRM-USDT
2023-03-03 17:00:00,1677834000000,0.2950000000,0.2960000000,0.2940000000,0.2940000000,13149.7158090000,3878.9052948730,3878.9052948730,1,SRM-USDT
2023-03-03 18:00:00,1677837600000,0.2950000000,0.2950000000,0.2940000000,0.2940000000,9617.0786550000,2831.0776377250,2831.0776377250,1,SRM-USDT
2023-03-03 19:00:00,1677841200000,0.2940000000,0.3040000000,0.2920000000,0.2980000000,171761.0424270000,51139.4450151200,51139.4450151200,1,SRM-USDT
2023-03-03 20:00:00,1677844800000,0.2970000000,0.2970000000,0.2910000000,0.2940000000,73253.6423200000,21518.4150961610,21518.4150961610,1,SRM-USDT
2023-03-03 21:00:00,1677848400000,0.2940000000,0.2940000000,0.2890000000,0.2940000000,43126.2739290000,12614.9227099170,12614.9227099170,1,SRM-USDT
2023-03-03 22:00:00,1677852000000,0.2950000000,0.2960000000,0.2920000000,0.2930000000,37466.1298930000,10994.0252430530,10994.0252430530,1,SRM-USDT
2023-03-03 23:00:00,1677855600000,0.2930000000,0.3090000000,0.2910000000,0.3050000000,79171.5922610000,23764.7833540250,23764.7833540250,1,SRM-USDT
2023-03-04 00:00:00,1677859200000,0.3050000000,0.3170000000,0.2940000000,0.2950000000,237541.4337790000,72419.0912581710,72419.0912581710,1,SRM-USDT
2023-03-04 01:00:00,1677862800000,0.2950000000,0.3050000000,0.2950000000,0.2990000000,77364.6312140000,23212.1776122500,23212.1776122500,1,SRM-USDT
2023-03-04 02:00:00,1677866400000,0.2990000000,0.2990000000,0.2930000000,0.2940000000,19166.6126680000,5651.1696222270,5651.1696222270,1,SRM-USDT
2023-03-04 03:00:00,1677870000000,0.2950000000,0.3030000000,0.2940000000,0.3030000000,46061.2422170000,13735.0165077880,13735.0165077880,1,SRM-USDT
2023-03-04 04:00:00,1677873600000,0.3030000000,0.3030000000,0.2980000000,0.2980000000,8973.0012980000,2693.7635385380,2693.7635385380,1,SRM-USDT
2023-03-04 05:00:00,1677877200000,0.2970000000,0.2980000000,0.2950000000,0.2960000000,50910.0312960000,15079.1020629380,15079.1020629380,1,SRM-USDT
2023-03-04 06:00:00,1677880800000,0.2960000000,0.3020000000,0.2950000000,0.3010000000,399212.8755890000,119945.2570767680,119945.2570767680,1,SRM-USDT
2023-03-04 07:00:00,1677884400000,0.3010000000,0.3020000000,0.3000000000,0.3020000000,67154.1465360000,20149.9166710540,20149.9166710540,1,SRM-USDT
2023-03-04 08:00:00,1677888000000,0.3020000000,0.3020000000,0.2980000000,0.2990000000,8062.3126350000,2410.0744678400,2410.0744678400,1,SRM-USDT
2023-03-04 09:00:00,1677891600000,0.2980000000,0.2990000000,0.2980000000,0.2980000000,3450.9197150000,1030.3307132180,1030.3307132180,1,SRM-USDT
2023-03-04 10:00:00,1677895200000,0.2990000000,0.3000000000,0.2990000000,0.2990000000,9282.9977890000,2783.4170492460,2783.4170492460,1,SRM-USDT
2023-03-04 11:00:00,1677898800000,0.2990000000,0.3000000000,0.2990000000,0.2990000000,14280.4454110000,4273.7971783340,4273.7971783340,1,SRM-USDT
2023-03-04 12:00:00,1677902400000,0.2990000000,0.3000000000,0.2950000000,0.2950000000,22214.9890620000,6601.1832320780,6601.1832320780,1,SRM-USDT
2023-03-04 13:00:00,1677906000000,0.2960000000,0.2970000000,0.2930000000,0.2930000000,47300.1626360000,13997.3189055620,13997.3189055620,1,SRM-USDT
2023-03-04 14:00:00,1677909600000,0.2930000000,0.2930000000,0.2900000000,0.2930000000,105466.4565770000,30726.5010128410,30726.5010128410,1,SRM-USDT
2023-03-04 15:00:00,1677913200000,0.2930000000,0.2940000000,0.2930000000,0.2940000000,1723.8454670000,506.2595145950,506.2595145950,1,SRM-USDT
2023-03-04 16:00:00,1677916800000,0.2940000000,0.2940000000,0.2930000000,0.2930000000,1707.0159160000,500.9800299920,500.9800299920,1,SRM-USDT
2023-03-04 17:00:00,1677920400000,0.2940000000,0.2950000000,0.2930000000,0.2940000000,23411.0113190000,6880.3011889310,6880.3011889310,1,SRM-USDT
2023-03-04 18:00:00,1677924000000,0.2950000000,0.2950000000,0.2930000000,0.2940000000,4235.6942350000,1244.1891890370,1244.1891890370,1,SRM-USDT
2023-03-04 19:00:00,1677927600000,0.2940000000,0.2950000000,0.2930000000,0.2940000000,4852.9750960000,1425.3312539220,1425.3312539220,1,SRM-USDT
2023-03-04 20:00:00,1677931200000,0.2950000000,0.2980000000,0.2950000000,0.2960000000,14560.1702470000,4321.3371122250,4321.3371122250,1,SRM-USDT
2023-03-04 21:00:00,1677934800000,0.2960000000,0.2960000000,0.2950000000,0.2950000000,6157.5375840000,1820.7799556020,1820.7799556020,1,SRM-USDT
2023-03-04 22:00:00,1677938400000,0.2950000000,0.2950000000,0.2930000000,0.2940000000,16812.4213350000,4945.1957216020,4945.1957216020,1,SRM-USDT
2023-03-04 23:00:00,1677942000000,0.2940000000,0.2940000000,0.2920000000,0.2930000000,14497.9904500000,4252.3868855450,4252.3868855450,1,SRM-USDT
2023-03-05 00:00:00,1677945600000,0.2920000000,0.2930000000,0.2890000000,0.2900000000,47383.2811470000,13767.6026330760,13767.6026330760,1,SRM-USDT
2023-03-05 01:00:00,1677949200000,0.2900000000,0.2910000000,0.2830000000,0.2850000000,33124.2949250000,9456.6845145000,9456.6845145000,1,SRM-USDT
2023-03-05 02:00:00,1677952800000,0.2860000000,0.3050000000,0.2850000000,0.3050000000,181125.8919960000,53170.4067390700,53170.4067390700,1,SRM-USDT
2023-03-05 03:00:00,1677956400000,0.3050000000,0.3050000000,0.2890000000,0.2890000000,189095.5616200000,55342.3184573180,55342.3184573180,1,SRM-USDT
2023-03-05 04:00:00,1677960000000,0.2890000000,0.2890000000,0.2880000000,0.2890000000,14052.1791610000,4047.0867687630,4047.0867687630,1,SRM-USDT
2023-03-05 05:00:00,1677963600000,0.2880000000,0.2920000000,0.2870000000,0.2900000000,123333.4152720000,35885.0485249760,35885.0485249760,1,SRM-USDT
2023-03-05 06:00:00,1677967200000,0.2910000000,0.2910000000,0.2890000000,0.2890000000,84438.6302860000,24418.9272541290,24418.9272541290,1,SRM-USDT
2023-03-05 07:00:00,1677970800000,0.2890000000,0.2890000000,0.2880000000,0.2890000000,66308.5720660000,19143.6348539140,19143.6348539140,1,SRM-USDT
2023-03-05 08:00:00,1677974400000,0.2890000000,0.2920000000,0.2890000000,0.2920000000,16590.6763700000,4822.2220142780,4822.2220142780,1,SRM-USDT
2023-03-05 09:00:00,1677978000000,0.2920000000,0.2960000000,0.2920000000,0.2930000000,92391.5052230000,27181.3498088760,27181.3498088760,1,SRM-USDT
2023-03-05 10:00:00,1677981600000,0.2930000000,0.2960000000,0.2890000000,0.2890000000,43932.1707160000,12793.6843475650,12793.6843475650,1,SRM-USDT
2023-03-05 11:00:00,1677985200000,0.2900000000,0.2900000000,0.2890000000,0.2890000000,6164.9999420000,1781.6855368710,1781.6855368710,1,SRM-USDT
2023-03-05 12:00:00,1677988800000,0.2890000000,0.2910000000,0.2880000000,0.2910000000,84143.7092530000,24346.7749304690,24346.7749304690,1,SRM-USDT
2023-03-05 13:00:00,1677992400000,0.2920000000,0.2920000000,0.2910000000,0.2910000000,2954.6401090000,861.5460194850,861.5460194850,1,SRM-USDT
2023-03-05 14:00:00,1677996000000,0.2910000000,0.2910000000,0.2900000000,0.2900000000,4890.6310200000,1418.4774181260,1418.4774181260,1,SRM-USDT
2023-03-05 15:00:00,1677999600000,0.2890000000,0.2890000000,0.2890000000,0.2890000000,2830.1561990000,817.9151415110,817.9151415110,1,SRM-USDT
2023-03-05 16:00:00,1678003200000,0.2890000000,0.2990000000,0.2890000000,0.2920000000,113868.0009720000,33482.2983388090,33482.2983388090,1,SRM-USDT
2023-03-05 17:00:00,1678006800000,0.2910000000,0.2950000000,0.2890000000,0.2930000000,72469.2158800000,21145.8596293780,21145.8596293780,1,SRM-USDT
2023-03-05 18:00:00,1678010400000,0.2920000000,0.2930000000,0.2910000000,0.2930000000,2150.4177080000,628.0020708360,628.0020708360,1,SRM-USDT
2023-03-05 19:00:00,1678014000000,0.2920000000,0.2930000000,0.2920000000,0.2920000000,4183.8939210000,1224.9162970830,1224.9162970830,1,SRM-USDT
2023-03-05 20:00:00,1678017600000,0.2910000000,0.2920000000,0.2900000000,0.2900000000,4622.3583320000,1342.6114994460,1342.6114994460,1,SRM-USDT
2023-03-05 21:00:00,1678021200000,0.2890000000,0.2910000000,0.2880000000,0.2900000000,25771.2524570000,7442.5724163770,7442.5724163770,1,SRM-USDT
2023-03-05 22:00:00,1678024800000,0.2900000000,0.2900000000,0.2890000000,0.2890000000,2034.9974650000,589.5182648500,589.5182648500,1,SRM-USDT
2023-03-05 23:00:00,1678028400000,0.2890000000,0.2990000000,0.2890000000,0.2940000000,78024.6927860000,22988.5386634050,22988.5386634050,1,SRM-USDT
2023-03-06 00:00:00,1678032000000,0.2950000000,0.2980000000,0.2930000000,0.2930000000,66417.9531560000,19600.8576727750,19600.8576727750,1,SRM-USDT
2023-03-06 01:00:00,1678035600000,0.2950000000,0.2950000000,0.2920000000,0.2940000000,26945.4548830000,7899.0681820980,7899.0681820980,1,SRM-USDT
2023-03-06 02:00:00,1678039200000,0.2930000000,0.2930000000,0.2920000000,0.2920000000,7803.7575330000,2281.3264080410,2281.3264080410,1,SRM-USDT
2023-03-06 03:00:00,1678042800000,0.2920000000,0.2920000000,0.2920000000,0.2920000000,1796.5767800000,524.6004197600,524.6004197600,1,SRM-USDT
2023-03-06 04:00:00,1678046400000,0.2920000000,0.2930000000,0.2920000000,0.2930000000,30920.0534740000,9028.7238737940,9028.7238737940,1,SRM-USDT
2023-03-06 05:00:00,1678050000000,0.2930000000,0.2950000000,0.2920000000,0.2930000000,13216.6045310000,3888.1636255580,3888.1636255580,1,SRM-USDT
2023-03-06 06:00:00,1678053600000,0.2930000000,0.2930000000,0.2890000000,0.2900000000,10484.9337680000,3057.5703659110,3057.5703659110,1,SRM-USDT
2023-03-06 07:00:00,1678057200000,0.2890000000,0.2900000000,0.2890000000,0.2900000000,24166.0207440000,6985.4128682620,6985.4128682620,1,SRM-USDT
2023-03-06 08:00:00,1678060800000,0.2900000000,0.2900000000,0.2900000000,0.2900000000,3989.1976620000,1156.8673219800,1156.8673219800,1,SRM-USDT
2023-03-06 09:00:00,1678064400000,0.2890000000,0.2890000000,0.2850000000,0.2850000000,26897.5336300000,7717.0633402150,7717.0633402150,1,SRM-USDT
2023-03-06 10:00:00,1678068000000,0.2840000000,0.2880000000,0.2830000000,0.2870000000,34891.7206330000,9932.2482110850,9932.2482110850,1,SRM-USDT
2023-03-06 11:00:00,1678071600000,0.2880000000,0.2880000000,0.2860000000,0.2860000000,29911.4561570000,8586.9670719090,8586.9670719090,1,SRM-USDT
2023-03-06 12:00:00,1678075200000,0.2860000000,0.2860000000,0.2850000000,0.2860000000,6010.2555690000,1718.8300847660,1718.8300847660,1,SRM-USDT
2023-03-06 13:00:00,1678078800000,0.2860000000,0.2860000000,0.2850000000,0.2850000000,3270.9634200000,935.1327111460,935.1327111460,1,SRM-USDT
2023-03-06 14:00:00,1678082400000,0.2860000000,0.2870000000,0.2860000000,0.2870000000,12465.4041890000,3568.7986607750,3568.7986607750,1,SRM-USDT
2023-03-06 15:00:00,1678086000000,0.2870000000,0.2870000000,0.2850000000,0.2860000000,6698.2648300000,1913.3743974940,1913.3743974940,1,SRM-USDT
2023-03-06 16:00:00,1678089600000,0.2860000000,0.2860000000,0.2850000000,0.2850000000,9208.0360500000,2627.1551082870,2627.1551082870,1,SRM-USDT
2023-03-06 17:00:00,1678093200000,0.2850000000,0.2920000000,0.2850000000,0.2910000000,139765.1195250000,40504.6009086870,40504.6009086870,1,SRM-USDT
2023-03-06 18:00:00,1678096800000,0.2910000000,0.3010000000,0.2890000000,0.2930000000,146484.2328200000,43182.9333666940,43182.9333666940,1,SRM-USDT
2023-03-06 19:00:00,1678100400000,0.2930000000,0.2940000000,0.2870000000,0.2900000000,73957.4733510000,21434.3707837200,21434.3707837200,1,SRM-USDT
2023-03-06 20:00:00,1678104000000,0.2900000000,0.2900000000,0.2890000000,0.2890000000,17835.5581730000,5156.9129099470,5156.9129099470,1,SRM-USDT
2023-03-06 21:00:00,1678107600000,0.2890000000,0.2920000000,0.2890000000,0.2910000000,24031.3728150000,6995.3838841950,6995.3838841950,1,SRM-USDT
2023-03-06 22:00:00,1678111200000,0.2910000000,0.2910000000,0.2880000000,0.2900000000,20742.3065390000,6024.1474117130,6024.1474117130,1,SRM-USDT
2023-03-06 23:00:00,1678114800000,0.2890000000,0.2910000000,0.2840000000,0.2890000000,109086.9122060000,31301.6544733550,31301.6544733550,1,SRM-USDT
2023-03-07 00:00:00,1678118400000,0.2900000000,0.2900000000,0.2870000000,0.2880000000,16088.3453530000,4625.8567716920,4625.8567716920,1,SRM-USDT
2023-03-07 01:00:00,1678122000000,0.2880000000,0.2890000000,0.2870000000,0.2890000000,4305.5131450000,1242.1920595010,1242.1920595010,1,SRM-USDT
2023-03-07 02:00:00,1678125600000,0.2900000000,0.2900000000,0.2880000000,0.2890000000,27321.0098300000,7918.0968926120,7918.0968926120,1,SRM-USDT
2023-03-07 03:00:00,1678129200000,0.2900000000,0.2900000000,0.2870000000,0.2880000000,13125.8836430000,3788.7119369600,3788.7119369600,1,SRM-USDT
2023-03-07 04:00:00,1678132800000,0.2880000000,0.2880000000,0.2870000000,0.2880000000,7782.7639640000,2239.1166681490,2239.1166681490,1,SRM-USDT
2023-03-07 05:00:00,1678136400000,0.2890000000,0.2890000000,0.2870000000,0.2870000000,4399.0268190000,1267.5008774370,1267.5008774370,1,SRM-USDT
2023-03-07 06:00:00,1678140000000,0.2880000000,0.2880000000,0.2880000000,0.2880000000,163.5011030000,47.0883176640,47.0883176640,1,SRM-USDT
2023-03-07 07:00:00,1678143600000,0.2880000000,0.2880000000,0.2870000000,0.2880000000,14671.4376220000,4224.8745351360,4224.8745351360,1,SRM-USDT
2023-03-07 08:00:00,1678147200000,0.2880000000,0.2880000000,0.2880000000,0.2880000000,4740.2317710000,1365.1867500480,1365.1867500480,1,SRM-USDT
2023-03-07 09:00:00,1678150800000,0.2890000000,0.2910000000,0.2890000000,0.2890000000,4059.6148160000,1177.0082028160,1177.0082028160,1,SRM-USDT
2023-03-07 10:00:00,1678154400000,0.2900000000,0.2920000000,0.2900000000,0.2920000000,4393.9278060000,1281.5693060630,1281.5693060630,1,SRM-USDT
2023-03-07 11:00:00,1678158000000,0.2910000000,0.2940000000,0.2910000000,0.2910000000,18476.2260360000,5396.8300168020,5396.8300168020,1,SRM-USDT
2023-03-07 12:00:00,1678161600000,0.2910000000,0.2930000000,0.2900000000,0.2900000000,20038.0922020000,5835.9479628860,5835.9479628860,1,SRM-USDT
2023-03-07 13:00:00,1678165200000,0.2910000000,0.2920000000,0.2910000000,0.2910000000,1862.4307910000,543.0137370720,543.0137370720,1,SRM-USDT
2023-03-07 14:00:00,1678168800000,0.2910000000,0.2910000000,0.2890000000,0.2890000000,2261.7317870000,657.7237961660,657.7237961660,1,SRM-USDT
2023-03-07 15:00:00,1678172400000,0.2900000000,0.2900000000,0.2850000000,0.2880000000,50250.8116110000,14417.6514124800,14417.6514124800,1,SRM-USDT
2023-03-07 16:00:00,1678176000000,0.2880000000,0.2890000000,0.2880000000,0.2880000000,1234.4675310000,356.7417430870,356.7417430870,1,SRM-USDT
2023-03-07 17:00:00,1678179600000,0.2890000000,0.2890000000,0.2860000000,0.2860000000,11313.7364290000,3246.7244187900,3246.7244187900,1,SRM-USDT
2023-03-07 18:00:00,1678183200000,0.2870000000,0.2870000000,0.2860000000,0.2860000000,3763.6595520000,1076.4127318720,1076.4127318720,1,SRM-USDT
2023-03-07 19:00:00,1678186800000,0.2870000000,0.2870000000,0.2840000000,0.2840000000,5887.8858690000,1677.0367982150,1677.0367982150,1,SRM-USDT
2023-03-07 20:00:00,1678190400000,0.2850000000,0.2850000000,0.2790000000,0.2820000000,70908.9965330000,20014.4988249510,20014.4988249510,1,SRM-USDT
2023-03-07 21:00:00,1678194000000,0.2830000000,0.2840000000,0.2810000000,0.2810000000,21403.2690330000,6038.0966827600,6038.0966827600,1,SRM-USDT
2023-03-07 22:00:00,1678197600000,0.2810000000,0.2810000000,0.2760000000,0.2810000000,31363.7530110000,8715.3404559740,8715.3404559740,1,SRM-USDT
2023-03-07 23:00:00,1678201200000,0.2810000000,0.2810000000,0.2750000000,0.2800000000,43721.7341910000,12166.1515141910,12166.1515141910,1,SRM-USDT
2023-03-08 00:00:00,1678204800000,0.2800000000,0.2800000000,0.2760000000,0.2770000000,7111.8205960000,1972.9281981400,1972.9281981400,1,SRM-USDT
2023-03-08 01:00:00,1678208400000,0.2770000000,0.2800000000,0.2760000000,0.2800000000,16677.2353410000,4636.8078963280,4636.8078963280,1,SRM-USDT
2023-03-08 02:00:00,1678212000000,0.2800000000,0.2800000000,0.2770000000,0.2770000000,2514.9366420000,701.9609790150,701.9609790150,1,SRM-USDT
2023-03-08 03:00:00,1678215600000,0.2770000000,0.2780000000,0.2760000000,0.2760000000,3878.3563260000,1076.7777016470,1076.7777016470,1,SRM-USDT
2023-03-08 04:00:00,1678219200000,0.2750000000,0.2750000000,0.2720000000,0.2750000000,31527.4978360000,8633.1051549110,8633.1051549110,1,SRM-USDT
2023-03-08 05:00:00,1678222800000,0.2740000000,0.2760000000,0.2740000000,0.2760000000,15844.5915630000,4356.2258572310,4356.2258572310,1,SRM-USDT
2023-03-08 06:00:00,1678226400000,0.2750000000,0.2770000000,0.2740000000,0.2760000000,80472.4080630000,22178.1364592280,22178.1364592280,1,SRM-USDT
2023-03-08 07:00:00,1678230000000,0.2760000000,0.2770000000,0.2760000000,0.2770000000,48641.5843700000,13425.0808962280,13425.0808962280,1,SRM-USDT
2023-03-08 08:00:00,1678233600000,0.2770000000,0.2770000000,0.2750000000,0.2760000000,42181.8978720000,11641.2983853510,11641.2983853510,1,SRM-USDT
2023-03-08 09:00:00,1678237200000,0.2770000000,0.2770000000,0.2750000000,0.2760000000,3721.5394890000,1027.1448989640,1027.1448989640,1,SRM-USDT
2023-03-08 10:00:00,1678240800000,0.2770000000,0.2780000000,0.2740000000,0.2740000000,25063.2469060000,6946.8910379080,6946.8910379080,1,SRM-USDT
2023-03-08 11:00:00,1678244400000,0.2750000000,0.2780000000,0.2750000000,0.2760000000,48277.0639000000,13380.9039256070,13380.9039256070,1,SRM-USDT
2023-03-08 12:00:00,1678248000000,0.2770000000,0.2770000000,0.2750000000,0.2750000000,53378.2306550000,14723.4596089370,14723.4596089370,1,SRM-USDT
2023-03-08 13:00:00,1678251600000,0.2750000000,0.2750000000,0.2740000000,0.2750000000,7954.2733740000,2186.3884899380,2186.3884899380,1,SRM-USDT
2023-03-08 14:00:00,1678255200000,0.2750000000,0.2750000000,0.2680000000,0.2690000000,154046.3607870000,41696.6111128690,41696.6111128690,1,SRM-USDT
2023-03-08 15:00:00,1678258800000,0.2690000000,0.2700000000,0.2600000000,0.2620000000,129480.1815940000,33965.0179743790,33965.0179743790,1,SRM-USDT
2023-03-08 16:00:00,1678262400000,0.2610000000,0.2640000000,0.2600000000,0.2620000000,69175.1989430000,18137.7162899130,18137.7162899130,1,SRM-USDT
2023-03-08 17:00:00,1678266000000,0.2620000000,0.2640000000,0.2620000000,0.2640000000,2537.6018780000,668.2476554920,668.2476554920,1,SRM-USDT
2023-03-08 18:00:00,1678269600000,0.2640000000,0.2690000000,0.2640000000,0.2680000000,42946.9965260000,11419.5726962050,11419.5726962050,1,SRM-USDT
2023-03-08 19:00:00,1678273200000,0.2670000000,0.2670000000,0.2650000000,0.2660000000,19697.4778080000,5253.0687428370,5253.0687428370,1,SRM-USDT
2023-03-08 20:00:00,1678276800000,0.2660000000,0.2830000000,0.2650000000,0.2710000000,280833.8665990000,77830.1741220980,77830.1741220980,1,SRM-USDT
2023-03-08 21:00:00,1678280400000,0.2720000000,0.2720000000,0.2610000000,0.2610000000,97750.2051440000,25963.6621419580,25963.6621419580,1,SRM-USDT
2023-03-08 22:00:00,1678284000000,0.2620000000,0.2690000000,0.2600000000,0.2640000000,145868.8209270000,38521.3734176350,38521.3734176350,1,SRM-USDT
2023-03-08 23:00:00,1678287600000,0.2640000000,0.2710000000,0.2640000000,0.2680000000,21018.1034380000,5619.1365610610,5619.1365610610,1,SRM-USDT
2023-03-09 00:00:00,1678291200000,0.2680000000,0.2710000000,0.2680000000,0.2690000000,56586.3297320000,15226.2883420080,15226.2883420080,1,SRM-USDT
2023-03-09 01:00:00,1678294800000,0.2700000000,0.2700000000,0.2680000000,0.2680000000,4689.2429900000,1263.4275688460,1263.4275688460,1,SRM-USDT
2023-03-09 02:00:00,1678298400000,0.2670000000,0.2670000000,0.2620000000,0.2630000000,9402.6675070000,2489.1456735760,2489.1456735760,1,SRM-USDT
2023-03-09 03:00:00,1678302000000,0.2630000000,0.2630000000,0.2620000000,0.2620000000,6157.7626130000,1616.0239390380,1616.0239390380,1,SRM-USDT
2023-03-09 04:00:00,1678305600000,0.2620000000,0.2650000000,0.2620000000,0.2640000000,8864.0278780000,2328.9136577890,2328.9136577890,1,SRM-USDT
2023-03-09 05:00:00,1678309200000,0.2640000000,0.2660000000,0.2630000000,0.2630000000,13260.0445440000,3511.7669432350,3511.7669432350,1,SRM-USDT
2023-03-09 06:00:00,1678312800000,0.2630000000,0.2630000000,0.2610000000,0.2610000000,95689.6617600000,25001.4482610750,25001.4482610750,1,SRM-USDT
2023-03-09 07:00:00,1678316400000,0.2610000000,0.2610000000,0.2600000000,0.2600000000,58001.3046480000,15094.2865511860,15094.2865511860,1,SRM-USDT
2023-03-09 08:00:00,1678320000000,0.2590000000,0.2660000000,0.2590000000,0.2650000000,81052.9561530000,21484.1036689800,21484.1036689800,1,SRM-USDT
2023-03-09 09:00:00,1678323600000,0.2640000000,0.2640000000,0.2610000000,0.2610000000,49013.7883190000,12860.2016701950,12860.2016701950,1,SRM-USDT
2023-03-09 10:00:00,1678327200000,0.2610000000,0.2660000000,0.2610000000,0.2660000000,12086.5082550000,3198.4394657570,3198.4394657570,1,SRM-USDT
2023-03-09 11:00:00,1678330800000,0.2660000000,0.2680000000,0.2660000000,0.2670000000,4138.2997180000,1104.6437847380,1104.6437847380,1,SRM-USDT
2023-03-09 12:00:00,1678334400000,0.2660000000,0.2670000000,0.2650000000,0.2670000000,4411.1681600000,1173.5593671050,1173.5593671050,1,SRM-USDT
2023-03-09 13:00:00,1678338000000,0.2670000000,0.2710000000,0.2670000000,0.2690000000,40592.4587400000,10898.4739809390,10898.4739809390,1,SRM-USDT
2023-03-09 14:00:00,1678341600000,0.2700000000,0.2700000000,0.2660000000,0.2660000000,8308.6676930000,2223.5093619690,2223.5093619690,1,SRM-USDT
2023-03-09 15:00:00,1678345200000,0.2660000000,0.2660000000,0.2610000000,0.2610000000,70503.6868190000,18566.6844660880,18566.6844660880,1,SRM-USDT
2023-03-09 16:00:00,1678348800000,0.2620000000,0.2640000000,0.2620000000,0.2620000000,30665.4145070000,8087.4840984810,8087.4840984810,1,SRM-USDT
2023-03-09 17:00:00,1678352400000,0.2620000000,0.2740000000,0.2620000000,0.2660000000,233656.6448710000,62629.7572924200,62629.7572924200,1,SRM-USDT
2023-03-09 18:00:00,1678356000000,0.2670000000,0.2790000000,0.2640000000,0.2710000000,347515.7804720000,94617.9959648630,94617.9959648630,1,SRM-USDT
2023-03-09 19:00:00,1678359600000,0.2710000000,0.2710000000,0.2670000000,0.2670000000,85980.9912360000,23169.4797772090,23169.4797772090,1,SRM-USDT
2023-03-09 20:00:00,1678363200000,0.2670000000,0.2670000000,0.2650000000,0.2650000000,27904.8627480000,7420.6047973860,7420.6047973860,1,SRM-USDT
2023-03-09 21:00:00,1678366800000,0.2650000000,0.2700000000,0.2640000000,0.2700000000,21610.7537590000,5745.0259832970,5745.0259832970,1,SRM-USDT
2023-03-09 22:00:00,1678370400000,0.2690000000,0.2690000000,0.2640000000,0.2670000000,54470.4395230000,14537.0416325210,14537.0416325210,1,SRM-USDT
2023-03-09 23:00:00,1678374000000,0.2670000000,0.2680000000,0.2670000000,0.2670000000,9390.6386690000,2508.9979556740,2508.9979556740,1,SRM-USDT
2023-03-10 00:00:00,1678377600000,0.2670000000,0.2670000000,0.2620000000,0.2620000000,8576.2908680000,2255.6030435070,2255.6030435070,1,SRM-USDT
2023-03-10 01:00:00,1678381200000,0.2620000000,0.2630000000,0.2620000000,0.2630000000,47978.5238190000,12613.3366548090,12613.3366548090,1,SRM-USDT
2023-03-10 02:00:00,1678384800000,0.2620000000,0.2620000000,0.2590000000,0.2590000000,42239.5238240000,10967.7502466150,10967.7502466150,1,SRM-USDT
2023-03-10 03:00:00,1678388400000,0.2580000000,0.2580000000,0.2500000000,0.2520000000,159985.1231320000,40714.3848507410,40714.3848507410,1,SRM-USDT
2023-03-10 04:00:00,1678392000000,0.2530000000,0.2530000000,0.2400000000,0.2400000000,153166.2940720000,37722.9349263580,37722.9349263580,1,SRM-USDT
2023-03-10 05:00:00,1678395600000,0.2400000000,0.2480000000,0.2400000000,0.2450000000,143326.9628230000,34988.5978398840,34988.5978398840,1,SRM-USDT
2023-03-10 06:00:00,1678399200000,0.2450000000,0.2480000000,0.2410000000,0.2420000000,428709.0991850000,104445.3297584500,104445.3297584500,1,SRM-USDT
2023-03-10 07:00:00,1678402800000,0.2420000000,0.2440000000,0.2410000000,0.2440000000,65375.7372750000,15916.0034417930,15916.0034417930,1,SRM-USDT
2023-03-10 08:00:00,1678406400000,0.2440000000,0.2580000000,0.2390000000,0.2420000000,135499.3824730000,33122.6922978930,33122.6922978930,1,SRM-USDT
2023-03-10 09:00:00,1678410000000,0.2430000000,0.2430000000,0.2370000000,0.2420000000,412701.4093150000,98944.5623166690,98944.5623166690,1,SRM-USDT
2023-03-10 10:00:00,1678413600000,0.2420000000,0.2460000000,0.2420000000,0.2420000000,35185.3500290000,8591.6197203610,8591.6197203610,1,SRM-USDT
2023-03-10 11:00:00,1678417200000,0.2420000000,0.2550000000,0.2410000000,0.2490000000,166717.5535540000,41739.0616423300,41739.0616423300,1,SRM-USDT
2023-03-10 12:00:00,1678420800000,0.2480000000,0.2480000000,0.2420000000,0.2430000000,24880.4149400000,6117.2823379930,6117.2823379930,1,SRM-USDT
2023-03-10 13:00:00,1678424400000,0.2430000000,0.2450000000,0.2430000000,0.2440000000,7232.7103780000,1766.1989945480,1766.1989945480,1,SRM-USDT
2023-03-10 14:00:00,1678428000000,0.2440000000,0.2450000000,0.2390000000,0.2390000000,17329.7146700000,4184.1228344330,4184.1228344330,1,SRM-USDT
2023-03-10 15:00:00,1678431600000,0.2390000000,0.2410000000,0.2350000000,0.2390000000,159946.1760980000,38012.0133507250,38012.0133507250,1,SRM-USDT
2023-03-10 16:00:00,1678435200000,0.2390000000,0.2410000000,0.2390000000,0.2410000000,18093.3961680000,4347.9543225790,4347.9543225790,1,SRM-USDT
2023-03-10 17:00:00,1678438800000,0.2410000000,0.2420000000,0.2360000000,0.2370000000,44590.3568930000,10620.5923881930,10620.5923881930,1,SRM-USDT
2023-03-10 18:00:00,1678442400000,0.2370000000,0.2370000000,0.2320000000,0.2320000000,60952.9084780000,14264.5745212110,14264.5745212110,1,SRM-USDT
2023-03-10 19:00:00,1678446000000,0.2330000000,0.2340000000,0.2310000000,0.2330000000,55400.6466730000,12899.6489119490,12899.6489119490,1,SRM-USDT
2023-03-10 20:00:00,1678449600000,0.2330000000,0.2470000000,0.2320000000,0.2390000000,388412.1142670000,93234.0039609920,93234.0039609920,1,SRM-USDT
2023-03-10 21:00:00,1678453200000,0.2380000000,0.2430000000,0.2380000000,0.2420000000,70031.7458900000,16873.3967582210,16873.3967582210,1,SRM-USDT
2023-03-10 22:00:00,1678456800000,0.2410000000,0.2410000000,0.2340000000,0.2370000000,56129.6930430000,13276.9944894090,13276.9944894090,1,SRM-USDT
2023-03-10 23:00:00,1678460400000,0.2360000000,0.2390000000,0.2360000000,0.2380000000,24732.0303170000,5876.0904060120,5876.0904060120,1,SRM-USDT
2023-03-11 00:00:00,1678464000000,0.2390000000,0.2420000000,0.2380000000,0.2410000000,8672.8246230000,2082.5903483710,2082.5903483710,1,SRM-USDT
2023-03-11 01:00:00,1678467600000,0.2400000000,0.2400000000,0.2350000000,0.2390000000,127499.9100980000,30400.6970273020,30400.6970273020,1,SRM-USDT
2023-03-11 02:00:00,1678471200000,0.2400000000,0.2410000000,0.2390000000,0.2390000000,8276.0213680000,1985.4222283200,1985.4222283200,1,SRM-USDT
2023-03-11 03:00:00,1678474800000,0.2400000000,0.2400000000,0.2330000000,0.2370000000,205444.5468930000,48652.5471618860,48652.5471618860,1,SRM-USDT
2023-03-11 04:00:00,1678478400000,0.2370000000,0.2390000000,0.2350000000,0.2390000000,38859.6265240000,9212.9610911440,9212.9610911440,1,SRM-USDT
2023-03-11 05:00:00,1678482000000,0.2380000000,0.2380000000,0.2310000000,0.2380000000,94531.8187290000,22249.4185366820,22249.4185366820,1,SRM-USDT
2023-03-11 06:00:00,1678485600000,0.2380000000,0.2400000000,0.2380000000,0.2390000000,144478.2036290000,34459.8137575730,34459.8137575730,1,SRM-USDT
2023-03-11 07:00:00,1678489200000,0.2390000000,0.2430000000,0.2390000000,0.2430000000,18656.3661150000,4483.0368032210,4483.0368032210,1,SRM-USDT
2023-03-11 08:00:00,1678492800000,0.2430000000,0.2440000000,0.2410000000,0.2420000000,85929.5572560000,20801.3911422320,20801.3911422320,1,SRM-USDT
2023-03-11 09:00:00,1678496400000,0.2430000000,0.2460000000,0.2410000000,0.2460000000,92921.0312190000,22601.4086172770,22601.4086172770,1,SRM-USDT
2023-03-11 10:00:00,1678500000000,0.2450000000,0.2450000000,0.2440000000,0.2440000000,28140.8106580000,6885.8596236320,6885.8596236320,1,SRM-USDT
2023-03-11 11:00:00,1678503600000,0.2430000000,0.2440000000,0.2410000000,0.2430000000,22506.3527900000,5455.6743940570,5455.6743940570,1,SRM-USDT
2023-03-11 12:00:00,1678507200000,0.2430000000,0.2440000000,0.2370000000,0.2380000000,43443.4330040000,10420.4703124770,10420.4703124770,1,SRM-USDT
2023-03-11 13:00:00,1678510800000,0.2380000000,0.2390000000,0.2360000000,0.2380000000,58183.8717710000,13797.9889279240,13797.9889279240,1,SRM-USDT
2023-03-11 14:00:00,1678514400000,0.2370000000,0.2380000000,0.2360000000,0.2380000000,42073.6504490000,9952.9787574480,9952.9787574480,1,SRM-USDT
2023-03-11 15:00:00,1678518000000,0.2360000000,0.2370000000,0.2220000000,0.2250000000,220065.1150400000,50563.1401344380,50563.1401344380,1,SRM-USDT
2023-03-11 16:00:00,1678521600000,0.2250000000,0.2290000000,0.2240000000,0.2280000000,97615.8071430000,22086.5232509550,22086.5232509550,1,SRM-USDT
2023-03-11 17:00:00,1678525200000,0.2280000000,0.2300000000,0.2270000000,0.2270000000,14530.3058110000,3328.3988035560,3328.3988035560,1,SRM-USDT
2023-03-11 18:00:00,1678528800000,0.2280000000,0.2310000000,0.2270000000,0.2310000000,25834.9968870000,5918.7366607320,5918.7366607320,1,SRM-USDT
2023-03-11 19:00:00,1678532400000,0.2310000000,0.2310000000,0.2270000000,0.2270000000,58413.6162460000,13410.7474604170,13410.7474604170,1,SRM-USDT
2023-03-11 20:00:00,1678536000000,0.2270000000,0.2290000000,0.2260000000,0.2280000000,9237.8642120000,2101.8535755720,2101.8535755720,1,SRM-USDT
2023-03-11 21:00:00,1678539600000,0.2280000000,0.2290000000,0.2280000000,0.2290000000,22671.2507530000,5182.3112188270,5182.3112188270,1,SRM-USDT
2023-03-11 22:00:00,1678543200000,0.2290000000,0.2290000000,0.2270000000,0.2270000000,20707.8192720000,4719.8329661410,4719.8329661410,1,SRM-USDT
2023-03-11 23:00:00,1678546800000,0.2270000000,0.2270000000,0.2230000000,0.2250000000,16109.6829360000,3626.1602525270,3626.1602525270,1,SRM-USDT
2023-03-12 00:00:00,1678550400000,0.2250000000,0.2330000000,0.2190000000,0.2250000000,193038.7502010000,43701.7334527990,43701.7334527990,1,SRM-USDT
2023-03-12 01:00:00,1678554000000,0.2260000000,0.2260000000,0.2230000000,0.2240000000,35074.2993490000,7872.7165257970,7872.7165257970,1,SRM-USDT
2023-03-12 02:00:00,1678557600000,0.2240000000,0.2280000000,0.2230000000,0.2280000000,27079.9779860000,6097.5389846670,6097.5389846670,1,SRM-USDT
2023-03-12 03:00:00,1678561200000,0.2280000000,0.2290000000,0.2270000000,0.2280000000,17077.1245700000,3894.5729731100,3894.5729731100,1,SRM-USDT
2023-03-12 04:00:00,1678564800000,0.2280000000,0.2290000000,0.2280000000,0.2290000000,12924.5166530000,2954.2360562030,2954.2360562030,1,SRM-USDT
2023-03-12 05:00:00,1678568400000,0.2290000000,0.2300000000,0.2280000000,0.2290000000,7969.1153590000,1825.5007210460,1825.5007210460,1,SRM-USDT
2023-03-12 06:00:00,1678572000000,0.2290000000,0.2320000000,0.2290000000,0.2300000000,33974.3973870000,7822.5188015870,7822.5188015870,1,SRM-USDT
2023-03-12 07:00:00,1678575600000,0.2310000000,0.2320000000,0.2300000000,0.2310000000,86015.7034210000,19842.6552082050,19842.6552082050,1,SRM-USDT
2023-03-12 08:00:00,1678579200000,0.2310000000,0.2310000000,0.2290000000,0.2290000000,280.7107070000,64.7692371390,64.7692371390,1,SRM-USDT
2023-03-12 09:00:00,1678582800000,0.2300000000,0.2300000000,0.2290000000,0.2290000000,7253.9829090000,1666.1011887040,1666.1011887040,1,SRM-USDT
2023-03-12 10:00:00,1678586400000,0.2290000000,0.2300000000,0.2290000000,0.2300000000,1606.0117740000,369.1517580240,369.1517580240,1,SRM-USDT
2023-03-12 11:00:00,1678590000000,0.2300000000,0.2310000000,0.2290000000,0.2290000000,20191.7432330000,4645.0392960980,4645.0392960980,1,SRM-USDT
2023-03-12 12:00:00,1678593600000,0.2310000000,0.2310000000,0.2300000000,0.2310000000,5424.8084700000,1248.9965267000,1248.9965267000,1,SRM-USDT
2023-03-12 13:00:00,1678597200000,0.2310000000,0.2320000000,0.2300000000,0.2320000000,1555.1214520000,359.3362954120,359.3362954120,1,SRM-USDT
2023-03-12 14:00:00,1678600800000,0.2320000000,0.2370000000,0.2310000000,0.2350000000,55096.8783200000,12909.6032556120,12909.6032556120,1,SRM-USDT
2023-03-12 15:00:00,1678604400000,0.2350000000,0.2350000000,0.2300000000,0.2320000000,76685.7408020000,17766.1837832580,17766.1837832580,1,SRM-USDT
2023-03-12 16:00:00,1678608000000,0.2320000000,0.2320000000,0.2300000000,0.2310000000,2037.1498830000,471.2250746970,471.2250746970,1,SRM-USDT
2023-03-12 17:00:00,1678611600000,0.2300000000,0.2320000000,0.2300000000,0.2310000000,2217.9042030000,512.3366499090,512.3366499090,1,SRM-USDT
2023-03-12 18:00:00,1678615200000,0.2310000000,0.2320000000,0.2310000000,0.2320000000,16285.2950440000,3763.2741546050,3763.2741546050,1,SRM-USDT
2023-03-12 19:00:00,1678618800000,0.2320000000,0.2360000000,0.2320000000,0.2330000000,21328.8597230000,4987.0419996720,4987.0419996720,1,SRM-USDT
2023-03-12 20:00:00,1678622400000,0.2340000000,0.2340000000,0.2310000000,0.2310000000,15057.2768130000,3488.4459788510,3488.4459788510,1,SRM-USDT
2023-03-12 21:00:00,1678626000000,0.2310000000,0.2320000000,0.2290000000,0.2290000000,11192.5228080000,2576.9565576590,2576.9565576590,1,SRM-USDT
2023-03-12 22:00:00,1678629600000,0.2290000000,0.2300000000,0.2270000000,0.2280000000,14400.4120270000,3292.7089624700,3292.7089624700,1,SRM-USDT
2023-03-12 23:00:00,1678633200000,0.2280000000,0.2290000000,0.2270000000,0.2280000000,4472.4213140000,1018.4301582040,1018.4301582040,1,SRM-USDT
2023-03-13 00:00:00,1678636800000,0.2280000000,0.2290000000,0.2280000000,0.2290000000,4623.4402890000,1054.7905738350,1054.7905738350,1,SRM-USDT
2023-03-13 01:00:00,1678640400000,0.2290000000,0.2350000000,0.2280000000,0.2350000000,270577.3375700000,62558.4974658800,62558.4974658800,1,SRM-USDT
2023-03-13 02:00:00,1678644000000,0.2340000000,0.2370000000,0.2320000000,0.2360000000,72607.4440410000,17033.5555330280,17033.5555330280,1,SRM-USDT
2023-03-13 03:00:00,1678647600000,0.2360000000,0.2380000000,0.2330000000,0.2370000000,43847.5384360000,10331.2015390730,10331.2015390730,1,SRM-USDT
2023-03-13 04:00:00,1678651200000,0.2370000000,0.2380000000,0.2350000000,0.2370000000,28828.7866110000,6822.8013484540,6822.8013484540,1,SRM-USDT
2023-03-13 05:00:00,1678654800000,0.2370000000,0.2390000000,0.2340000000,0.2380000000,225714.5915760000,53411.3430983930,53411.3430983930,1,SRM-USDT
2023-03-13 06:00:00,1678658400000,0.2370000000,0.2490000000,0.2360000000,0.2460000000,172175.2792580000,42313.1911156120,42313.1911156120,1,SRM-USDT
2023-03-13 07:00:00,1678662000000,0.2460000000,0.2520000000,0.2460000000,0.2470000000,151967.8102230000,37814.7373083310,37814.7373083310,1,SRM-USDT
2023-03-13 08:00:00,1678665600000,0.2480000000,0.2560000000,0.2470000000,0.2540000000,328553.0858220000,82458.8093926200,82458.8093926200,1,SRM-USDT
2023-03-13 09:00:00,1678669200000,0.2550000000,0.2580000000,0.2500000000,0.2530000000,119523.3040740000,30309.8920348410,30309.8920348410,1,SRM-USDT
2023-03-13 10:00:00,1678672800000,0.2540000000,0.2540000000,0.2470000000,0.2480000000,110935.5875060000,27707.3699665690,27707.3699665690,1,SRM-USDT
2023-03-13 11:00:00,1678676400000,0.2480000000,0.2510000000,0.2480000000,0.2500000000,38217.7596860000,9529.1797898210,9529.1797898210,1,SRM-USDT
2023-03-13 12:00:00,1678680000000,0.2500000000,0.2520000000,0.2500000000,0.2510000000,2920.7090250000,731.7357920330,731.7357920330,1,SRM-USDT
2023-03-13 13:00:00,1678683600000,0.2520000000,0.2520000000,0.2510000000,0.2510000000,17479.8769990000,4388.2941267490,4388.2941267490,1,SRM-USDT
2023-03-13 14:00:00,1678687200000,0.2510000000,0.2520000000,0.2510000000,0.2520000000,8246.8643590000,2076.7038541090,2076.7038541090,1,SRM-USDT
2023-03-13 15:00:00,1678690800000,0.2510000000,0.2520000000,0.2510000000,0.2520000000,2437.2671580000,612.0224054580,612.0224054580,1,SRM-USDT
2023-03-13 16:00:00,1678694400000,0.2510000000,0.2520000000,0.2480000000,0.2500000000,24960.7203970000,6248.7060831910,6248.7060831910,1,SRM-USDT
2023-03-13 17:00:00,1678698000000,0.2490000000,0.2490000000,0.2390000000,0.2410000000,59108.5608070000,14338.8343737950,14338.8343737950,1,SRM-USDT
2023-03-13 18:00:00,1678701600000,0.2410000000,0.2480000000,0.2400000000,0.2470000000,65335.1732250000,15961.9245414580,15961.9245414580,1,SRM-USDT
2023-03-13 19:00:00,1678705200000,0.2480000000,0.2500000000,0.2390000000,0.2430000000,148505.4125640000,35985.6971025740,35985.6971025740,1,SRM-USDT
2023-03-13 20:00:00,1678708800000,0.2430000000,0.2470000000,0.2410000000,0.2470000000,54547.4671340000,13302.2996744680,13302.2996744680,1,SRM-USDT
2023-03-13 21:00:00,1678712400000,0.2460000000,0.2460000000,0.2350000000,0.2400000000,246243.8358720000,59188.0190878380,59188.0190878380,1,SRM-USDT
2023-03-13 22:00:00,1678716000000,0.2410000000,0.2510000000,0.2400000000,0.2500000000,89693.7406460000,22205.3773700370,22205.3773700370,1,SRM-USDT
2023-03-13 23:00:00,1678719600000,0.2510000000,0.2590000000,0.2490000000,0.2570000000,371560.1939980000,94876.8925969890,94876.8925969890,1,SRM-USDT
2023-03-14 00:00:00,1678723200000,0.2560000000,0.2630000000,0.2530000000,0.2560000000,355378.3634380000,91415.5153314110,91415.5153314110,1,SRM-USDT
2023-03-14 01:00:00,1678726800000,0.2560000000,0.2570000000,0.2540000000,0.2570000000,55070.8969060000,14079.1736417180,14079.1736417180,1,SRM-USDT
2023-03-14 02:00:00,1678730400000,0.2570000000,0.2570000000,0.2550000000,0.2560000000,5580.1177000000,1429.0903202750,1429.0903202750,1,SRM-USDT
2023-03-14 03:00:00,1678734000000,0.2560000000,0.2570000000,0.2520000000,0.2520000000,66077.2432930000,16780.2451132880,16780.2451132880,1,SRM-USDT
2023-03-14 04:00:00,1678737600000,0.2530000000,0.2540000000,0.2510000000,0.2510000000,56234.1458390000,14200.6919237200,14200.6919237200,1,SRM-USDT
2023-03-14 05:00:00,1678741200000,0.2520000000,0.2550000000,0.2520000000,0.2540000000,42690.1097350000,10837.3409922560,10837.3409922560,1,SRM-USDT
2023-03-14 06:00:00,1678744800000,0.2540000000,0.2600000000,0.2540000000,0.2580000000,276504.2960420000,70955.5317289440,70955.5317289440,1,SRM-USDT
2023-03-14 07:00:00,1678748400000,0.2580000000,0.2590000000,0.2530000000,0.2550000000,140881.9444740000,36169.3590206810,36169.3590206810,1,SRM-USDT
2023-03-14 08:00:00,1678752000000,0.2550000000,0.2600000000,0.2530000000,0.2580000000,96825.3841160000,24703.3426156370,24703.3426156370,1,SRM-USDT
2023-03-14 09:00:00,1678755600000,0.2580000000,0.2810000000,0.2570000000,0.2680000000,279790.8496780000,75523.4832103440,75523.4832103440,1,SRM-USDT
2023-03-14 10:00:00,1678759200000,0.2670000000,0.2690000000,0.2640000000,0.2670000000,52691.7307310000,14054.1875490640,14054.1875490640,1,SRM-USDT
2023-03-14 11:00:00,1678762800000,0.2660000000,0.2660000000,0.2620000000,0.2630000000,48437.0128540000,12762.1403312490,12762.1403312490,1,SRM-USDT
2023-03-14 12:00:00,1678766400000,0.2620000000,0.2680000000,0.2620000000,0.2680000000,47779.7441650000,12748.2388480580,12748.2388480580,1,SRM-USDT
2023-03-14 13:00:00,1678770000000,0.2680000000,0.2710000000,0.2620000000,0.2630000000,202135.0103960000,53813.6337441580,53813.6337441580,1,SRM-USDT
2023-03-14 14:00:00,1678773600000,0.2630000000,0.2670000000,0.2630000000,0.2650000000,107104.5958040000,28457.4411469090,28457.4411469090,1,SRM-USDT
2023-03-14 15:00:00,1678777200000,0.2660000000,0.2660000000,0.2600000000,0.2630000000,186162.3755180000,48895.0460591800,48895.0460591800,1,SRM-USDT
2023-03-14 16:00:00,1678780800000,0.2630000000,0.2640000000,0.2570000000,0.2590000000,260671.5636800000,67576.5403330970,67576.5403330970,1,SRM-USDT
2023-03-14 17:00:00,1678784400000,0.2590000000,0.2600000000,0.2560000000,0.2600000000,147458.2521970000,38105.1385613200,38105.1385613200,1,SRM-USDT
2023-03-14 18:00:00,1678788000000,0.2600000000,0.2660000000,0.2580000000,0.2640000000,74366.5303980000,19463.0233468500,19463.0233468500,1,SRM-USDT
2023-03-14 19:00:00,1678791600000,0.2640000000,0.2650000000,0.2620000000,0.2640000000,37298.2853470000,9830.6563179180,9830.6563179180,1,SRM-USDT
2023-03-14 20:00:00,1678795200000,0.2640000000,0.2740000000,0.2620000000,0.2720000000,250118.1683340000,67141.8579479420,67141.8579479420,1,SRM-USDT
2023-03-14 21:00:00,1678798800000,0.2720000000,0.2760000000,0.2670000000,0.2720000000,188191.4579090000,51220.2280521680,51220.2280521680,1,SRM-USDT
2023-03-14 22:00:00,1678802400000,0.2720000000,0.2770000000,0.2680000000,0.2720000000,300306.3217270000,81800.8208283170,81800.8208283170,1,SRM-USDT
2023-03-14 23:00:00,1678806000000,0.2710000000,0.2720000000,0.2660000000,0.2710000000,151160.2177610000,40598.0867547310,40598.0867547310,1,SRM-USDT
2023-03-15 00:00:00,1678809600000,0.2710000000,0.2730000000,0.2650000000,0.2690000000,150865.5501750000,40632.4465659240,40632.4465659240,1,SRM-USDT
2023-03-15 01:00:00,1678813200000,0.2700000000,0.2700000000,0.2670000000,0.2680000000,30954.6653630000,8310.8806432370,8310.8806432370,1,SRM-USDT
2023-03-15 02:00:00,1678816800000,0.2680000000,0.2680000000,0.2620000000,0.2630000000,199384.8557940000,52662.0202737960,52662.0202737960,1,SRM-USDT
2023-03-15 03:00:00,1678820400000,0.2620000000,0.2650000000,0.2570000000,0.2610000000,196708.9259420000,51099.4677449760,51099.4677449760,1,SRM-USDT
2023-03-15 04:00:00,1678824000000,0.2610000000,0.2670000000,0.2590000000,0.2630000000,37928.6220130000,9953.8515138890,9953.8515138890,1,SRM-USDT
2023-03-15 05:00:00,1678827600000,0.2630000000,0.2650000000,0.2580000000,0.2630000000,284847.9528500000,74734.1249683560,74734.1249683560,1,SRM-USDT
2023-03-15 06:00:00,1678831200000,0.2630000000,0.2640000000,0.2620000000,0.2640000000,199592.3867500000,52493.0781485070,52493.0781485070,1,SRM-USDT
2023-03-15 07:00:00,1678834800000,0.2640000000,0.2650000000,0.2610000000,0.2630000000,190331.7744870000,49982.9754136310,49982.9754136310,1,SRM-USDT
2023-03-15 08:00:00,1678838400000,0.2620000000,0.2660000000,0.2590000000,0.2650000000,127228.2738020000,33504.0794206040,33504.0794206040,1,SRM-USDT
2023-03-15 09:00:00,1678842000000,0.2650000000,0.2680000000,0.2640000000,0.2660000000,31697.9707200000,8425.8053945010,8425.8053945010,1,SRM-USDT
2023-03-15 10:00:00,1678845600000,0.2670000000,0.2700000000,0.2660000000,0.2690000000,2983.2561490000,798.1707569650,798.1707569650,1,SRM-USDT
2023-03-15 11:00:00,1678849200000,0.2690000000,0.2690000000,0.2660000000,0.2660000000,6355.4373660000,1697.7949191540,1697.7949191540,1,SRM-USDT
2023-03-15 12:00:00,1678852800000,0.2660000000,0.2680000000,0.2650000000,0.2680000000,32678.5947220000,8713.7301763850,8713.7301763850,1,SRM-USDT
2023-03-15 13:00:00,1678856400000,0.2680000000,0.2700000000,0.2670000000,0.2670000000,16104.6115770000,4333.7040606400,4333.7040606400,1,SRM-USDT
2023-03-15 14:00:00,1678860000000,0.2670000000,0.2670000000,0.2650000000,0.2650000000,32863.3541190000,8734.3376072810,8734.3376072810,1,SRM-USDT
2023-03-15 15:00:00,1678863600000,0.2650000000,0.2670000000,0.2650000000,0.2670000000,5999.8644420000,1595.4572971720,1595.4572971720,1,SRM-USDT
2023-03-15 16:00:00,1678867200000,0.2670000000,0.2690000000,0.2660000000,0.2660000000,31515.5068950000,8397.9896073110,8397.9896073110,1,SRM-USDT
2023-03-15 17:00:00,1678870800000,0.2660000000,0.2660000000,0.2610000000,0.2640000000,80268.5316370000,21181.9371588610,21181.9371588610,1,SRM-USDT
2023-03-15 18:00:00,1678874400000,0.2630000000,0.2650000000,0.2630000000,0.2640000000,7204.6005130000,1899.2547355610,1899.2547355610,1,SRM-USDT
2023-03-15 19:00:00,1678878000000,0.2630000000,0.2640000000,0.2570000000,0.2640000000,34597.0736870000,8979.3128339130,8979.3128339130,1,SRM-USDT
2023-03-15 20:00:00,1678881600000,0.2640000000,0.2650000000,0.2550000000,0.2600000000,233203.2116560000,60882.3420963490,60882.3420963490,1,SRM-USDT
2023-03-15 21:00:00,1678885200000,0.2600000000,0.2620000000,0.2600000000,0.2610000000,40053.6065260000,10460.7004001970,10460.7004001970,1,SRM-USDT
2023-03-15 22:00:00,1678888800000,0.2600000000,0.2610000000,0.2550000000,0.2560000000,128270.0364720000,32914.6126229160,32914.6126229160,1,SRM-USDT
2023-03-15 23:00:00,1678892400000,0.2550000000,0.2550000000,0.2470000000,0.2490000000,147499.9214160000,37101.6521037700,37101.6521037700,1,SRM-USDT
2023-03-16 00:00:00,1678896000000,0.2490000000,0.2500000000,0.2430000000,0.2430000000,165045.4153620000,40791.9419524340,40791.9419524340,1,SRM-USDT
2023-03-16 01:00:00,1678899600000,0.2420000000,0.2460000000,0.2410000000,0.2420000000,114758.0797390000,27977.6389371940,27977.6389371940,1,SRM-USDT
2023-03-16 02:00:00,1678903200000,0.2420000000,0.2430000000,0.2410000000,0.2420000000,21305.3194530000,5162.7462364200,5162.7462364200,1,SRM-USDT
2023-03-16 03:00:00,1678906800000,0.2430000000,0.2540000000,0.2410000000,0.2470000000,489176.3301530000,121782.7716116160,121782.7716116160,1,SRM-USDT
2023-03-16 04:00:00,1678910400000,0.2470000000,0.2490000000,0.2470000000,0.2470000000,24752.0275680000,6116.7270970470,6116.7270970470,1,SRM-USDT
2023-03-16 05:00:00,1678914000000,0.2470000000,0.2480000000,0.2460000000,0.2460000000,42917.9234490000,10592.8916754210,10592.8916754210,1,SRM-USDT
2023-03-16 06:00:00,1678917600000,0.2470000000,0.2470000000,0.2440000000,0.2460000000,49035.5479560000,12088.3082157000,12088.3082157000,1,SRM-USDT
2023-03-16 07:00:00,1678921200000,0.2460000000,0.2470000000,0.2450000000,0.2460000000,6295.9230910000,1551.8524441720,1551.8524441720,1,SRM-USDT
2023-03-16 08:00:00,1678924800000,0.2460000000,0.2490000000,0.2460000000,0.2470000000,41000.3263860000,10164.0842706370,10164.0842706370,1,SRM-USDT
2023-03-16 09:00:00,1678928400000,0.2470000000,0.2470000000,0.2450000000,0.2460000000,5915.0551430000,1457.2436628350,1457.2436628350,1,SRM-USDT
2023-03-16 10:00:00,1678932000000,0.2470000000,0.2490000000,0.2470000000,0.2480000000,15285.1353080000,3802.2414727950,3802.2414727950,1,SRM-USDT
2023-03-16 11:00:00,1678935600000,0.2480000000,0.2480000000,0.2460000000,0.2460000000,11225.6269190000,2772.3477370160,2772.3477370160,1,SRM-USDT
2023-03-16 12:00:00,1678939200000,0.2460000000,0.2470000000,0.2450000000,0.2450000000,3673.0223640000,903.2683980280,903.2683980280,1,SRM-USDT
2023-03-16 13:00:00,1678942800000,0.2460000000,0.2480000000,0.2450000000,0.2470000000,11798.8660450000,2912.3080268400,2912.3080268400,1,SRM-USDT
2023-03-16 14:00:00,1678946400000,0.2460000000,0.2480000000,0.2450000000,0.2480000000,14668.3602530000,3624.3735682070,3624.3735682070,1,SRM-USDT
2023-03-16 15:00:00,1678950000000,0.2480000000,0.2480000000,0.2450000000,0.2480000000,28159.5508900000,6955.4656825480,6955.4656825480,1,SRM-USDT
2023-03-16 16:00:00,1678953600000,0.2470000000,0.2510000000,0.2460000000,0.2500000000,90383.4768670000,22363.6384127460,22363.6384127460,1,SRM-USDT
2023-03-16 17:00:00,1678957200000,0.2500000000,0.2520000000,0.2470000000,0.2500000000,93048.2886290000,23257.1502734780,23257.1502734780,1,SRM-USDT
2023-03-16 18:00:00,1678960800000,0.2500000000,0.2540000000,0.2500000000,0.2540000000,46354.5078640000,11674.2570442250,11674.2570442250,1,SRM-USDT
2023-03-16 19:00:00,1678964400000,0.2530000000,0.2580000000,0.2510000000,0.2530000000,139515.4912250000,35430.3555733110,35430.3555733110,1,SRM-USDT
2023-03-16 20:00:00,1678968000000,0.2530000000,0.2530000000,0.2500000000,0.2510000000,12975.0231180000,3265.4845243230,3265.4845243230,1,SRM-USDT
2023-03-16 21:00:00,1678971600000,0.2510000000,0.2510000000,0.2480000000,0.2510000000,34656.0086990000,8648.7698777860,8648.7698777860,1,SRM-USDT
2023-03-16 22:00:00,1678975200000,0.2500000000,0.2550000000,0.2490000000,0.2520000000,77026.8308120000,19441.7058552120,19441.7058552120,1,SRM-USDT
2023-03-16 23:00:00,1678978800000,0.2520000000,0.2530000000,0.2490000000,0.2500000000,51844.1435080000,13009.8089787200,13009.8089787200,1,SRM-USDT
2023-03-17 00:00:00,1678982400000,0.2490000000,0.2490000000,0.2390000000,0.2410000000,146606.9917580000,35622.5484582580,35622.5484582580,1,SRM-USDT
2023-03-17 01:00:00,1678986000000,0.2420000000,0.2440000000,0.2370000000,0.2390000000,110435.2055410000,26539.0691850840,26539.0691850840,1,SRM-USDT
2023-03-17 02:00:00,1678989600000,0.2390000000,0.2460000000,0.2380000000,0.2430000000,47671.8526740000,11574.0528376850,11574.0528376850,1,SRM-USDT
2023-03-17 03:00:00,1678993200000,0.2440000000,0.2460000000,0.2440000000,0.2460000000,9202.2787440000,2251.1074148530,2251.1074148530,1,SRM-USDT
2023-03-17 04:00:00,1678996800000,0.2450000000,0.2460000000,0.2420000000,0.2430000000,15198.1860870000,3713.3436152400,3713.3436152400,1,SRM-USDT
2023-03-17 05:00:00,1679000400000,0.2440000000,0.2440000000,0.2430000000,0.2440000000,68775.5332860000,16780.9195736230,16780.9195736230,1,SRM-USDT
2023-03-17 06:00:00,1679004000000,0.2440000000,0.2500000000,0.2440000000,0.2500000000,138008.7079770000,34183.0948485170,34183.0948485170,1,SRM-USDT
2023-03-17 07:00:00,1679007600000,0.2500000000,0.2500000000,0.2460000000,0.2500000000,45526.9049380000,11315.5476095470,11315.5476095470,1,SRM-USDT
2023-03-17 08:00:00,1679011200000,0.2500000000,0.2500000000,0.2460000000,0.2470000000,20363.1669240000,5037.8181281290,5037.8181281290,1,SRM-USDT
2023-03-17 09:00:00,1679014800000,0.2460000000,0.2500000000,0.2460000000,0.2490000000,18763.9317190000,4649.0502790610,4649.0502790610,1,SRM-USDT
2023-03-17 10:00:00,1679018400000,0.2490000000,0.2520000000,0.2480000000,0.2510000000,68138.9069640000,17034.2451041580,17034.2451041580,1,SRM-USDT
2023-03-17 11:00:00,1679022000000,0.2500000000,0.2500000000,0.2480000000,0.2500000000,31667.6275300000,7886.2969127330,7886.2969127330,1,SRM-USDT
2023-03-17 12:00:00,1679025600000,0.2500000000,0.2510000000,0.2500000000,0.2510000000,28871.6335720000,7244.1950437780,7244.1950437780,1,SRM-USDT
2023-03-17 13:00:00,1679029200000,0.2510000000,0.2510000000,0.2500000000,0.2500000000,8775.7146050000,2194.2286512500,2194.2286512500,1,SRM-USDT
2023-03-17 14:00:00,1679032800000,0.2500000000,0.2540000000,0.2490000000,0.2510000000,90663.2025350000,22873.6876616630,22873.6876616630,1,SRM-USDT
2023-03-17 15:00:00,1679036400000,0.2500000000,0.2500000000,0.2480000000,0.2500000000,27068.9174270000,6747.1001848650,6747.1001848650,1,SRM-USDT
2023-03-17 16:00:00,1679040000000,0.2500000000,0.2510000000,0.2480000000,0.2480000000,44780.5749420000,11150.5095686310,11150.5095686310,1,SRM-USDT
2023-03-17 17:00:00,1679043600000,0.2490000000,0.2520000000,0.2480000000,0.2520000000,28666.8827210000,7144.2815212270,7144.2815212270,1,SRM-USDT
2023-03-17 18:00:00,1679047200000,0.2520000000,0.2580000000,0.2520000000,0.2570000000,40260.7528010000,10254.9751254360,10254.9751254360,1,SRM-USDT
2023-03-17 19:00:00,1679050800000,0.2570000000,0.2570000000,0.2490000000,0.2510000000,87887.1308930000,22107.4684157510,22107.4684157510,1,SRM-USDT
2023-03-17 20:00:00,1679054400000,0.2510000000,0.2520000000,0.2470000000,0.2480000000,62067.3335850000,15465.4743620310,15465.4743620310,1,SRM-USDT
2023-03-17 21:00:00,1679058000000,0.2480000000,0.2490000000,0.2460000000,0.2490000000,16971.8683910000,4194.7425828010,4194.7425828010,1,SRM-USDT
2023-03-17 22:00:00,1679061600000,0.2490000000,0.2500000000,0.2430000000,0.2430000000,90455.6951280000,22335.3131545320,22335.3131545320,1,SRM-USDT
2023-03-17 23:00:00,1679065200000,0.2430000000,0.2460000000,0.2420000000,0.2450000000,129193.6255160000,31542.7671024700,31542.7671024700,1,SRM-USDT
2023-03-18 00:00:00,1679068800000,0.2460000000,0.2460000000,0.2450000000,0.2460000000,3311.2305030000,813.1808746550,813.1808746550,1,SRM-USDT
2023-03-18 01:00:00,1679072400000,0.2460000000,0.2470000000,0.2440000000,0.2460000000,33656.9654440000,8263.4478718840,8263.4478718840,1,SRM-USDT
2023-03-18 02:00:00,1679076000000,0.2460000000,0.2470000000,0.2450000000,0.2460000000,49230.1186340000,12090.5533129810,12090.5533129810,1,SRM-USDT
2023-03-18 03:00:00,1679079600000,0.2460000000,0.2480000000,0.2450000000,0.2480000000,59178.5526040000,14638.2089585720,14638.2089585720,1,SRM-USDT
2023-03-18 04:00:00,1679083200000,0.2490000000,0.2490000000,0.2460000000,0.2480000000,95449.5753580000,23549.3556400480,23549.3556400480,1,SRM-USDT
2023-03-18 05:00:00,1679086800000,0.2480000000,0.2490000000,0.2460000000,0.2480000000,58359.6582420000,14448.0858086340,14448.0858086340,1,SRM-USDT
2023-03-18 06:00:00,1679090400000,0.2480000000,0.2540000000,0.2460000000,0.2530000000,532027.1854740001,133262.4234827760,133262.4234827760,1,SRM-USDT
2023-03-18 07:00:00,1679094000000,0.2530000000,0.2560000000,0.2510000000,0.2530000000,221672.5524580000,56307.2700817130,56307.2700817130,1,SRM-USDT
2023-03-18 08:00:00,1679097600000,0.2530000000,0.2610000000,0.2500000000,0.2570000000,282495.8843940000,72315.6340257570,72315.6340257570,1,SRM-USDT
2023-03-18 09:00:00,1679101200000,0.2570000000,0.2650000000,0.2560000000,0.2590000000,93676.6637050000,24222.0928028060,24222.0928028060,1,SRM-USDT
2023-03-18 10:00:00,1679104800000,0.2590000000,0.2600000000,0.2560000000,0.2580000000,60799.7551910000,15656.4700161130,15656.4700161130,1,SRM-USDT
2023-03-18 11:00:00,1679108400000,0.2580000000,0.2600000000,0.2570000000,0.2590000000,21304.5752640000,5528.0412017320,5528.0412017320,1,SRM-USDT
2023-03-18 12:00:00,1679112000000,0.2590000000,0.2620000000,0.2580000000,0.2580000000,60825.1920940000,15790.4799222860,15790.4799222860,1,SRM-USDT
2023-03-18 13:00:00,1679115600000,0.2580000000,0.2620000000,0.2580000000,0.2610000000,14061.1143280000,3659.8517778330,3659.8517778330,1,SRM-USDT
2023-03-18 14:00:00,1679119200000,0.2620000000,0.2630000000,0.2580000000,0.2580000000,118809.3411470000,30816.1686185030,30816.1686185030,1,SRM-USDT
2023-03-18 15:00:00,1679122800000,0.2590000000,0.2620000000,0.2580000000,0.2610000000,58740.4148880000,15355.5084740640,15355.5084740640,1,SRM-USDT
2023-03-18 16:00:00,1679126400000,0.2600000000,0.2600000000,0.2540000000,0.2560000000,119254.4399420000,30520.9358504010,30520.9358504010,1,SRM-USDT
2023-03-18 17:00:00,1679130000000,0.2550000000,0.2670000000,0.2500000000,0.2630000000,221868.5193800000,57470.9240564900,57470.9240564900,1,SRM-USDT
2023-03-18 18:00:00,1679133600000,0.2630000000,0.2780000000,0.2590000000,0.2770000000,154591.1051000000,41622.0863046500,41622.0863046500,1,SRM-USDT
2023-03-18 19:00:00,1679137200000,0.2770000000,0.3370000000,0.2730000000,0.3080000000,1499293.6951240001,452495.6084758360,452495.6084758360,1,SRM-USDT
2023-03-18 20:00:00,1679140800000,0.3070000000,0.3080000000,0.2830000000,0.2860000000,697149.3286720000,204782.5579462740,204782.5579462740,1,SRM-USDT
2023-03-18 21:00:00,1679144400000,0.2870000000,0.3000000000,0.2820000000,0.2940000000,229507.9864330000,66431.4200561080,66431.4200561080,1,SRM-USDT
2023-03-18 22:00:00,1679148000000,0.2940000000,0.2990000000,0.2870000000,0.2910000000,160914.4627960000,47097.9692348370,47097.9692348370,1,SRM-USDT
2023-03-18 23:00:00,1679151600000,0.2910000000,0.3130000000,0.2770000000,0.2850000000,442254.8793370000,130124.2789353710,130124.2789353710,1,SRM-USDT
2023-03-19 00:00:00,1679155200000,0.2850000000,0.2860000000,0.2640000000,0.2700000000,434920.1778300000,117858.5566651210,117858.5566651210,1,SRM-USDT
2023-03-19 01:00:00,1679158800000,0.2680000000,0.2760000000,0.2660000000,0.2750000000,170710.1462180000,45958.6966121050,45958.6966121050,1,SRM-USDT
2023-03-19 02:00:00,1679162400000,0.2750000000,0.2770000000,0.2680000000,0.2720000000,107512.8652440000,29295.3447530030,29295.3447530030,1,SRM-USDT
2023-03-19 03:00:00,1679166000000,0.2720000000,0.2740000000,0.2660000000,0.2700000000,138162.8503340000,37343.8040326710,37343.8040326710,1,SRM-USDT
2023-03-19 04:00:00,1679169600000,0.2700000000,0.2730000000,0.2690000000,0.2700000000,51273.5483180000,13864.8521896200,13864.8521896200,1,SRM-USDT
2023-03-19 05:00:00,1679173200000,0.2700000000,0.2720000000,0.2690000000,0.2690000000,218539.2111030000,59273.8425896400,59273.8425896400,1,SRM-USDT
2023-03-19 06:00:00,1679176800000,0.2690000000,0.2700000000,0.2630000000,0.2630000000,166899.8335310000,44781.4885173330,44781.4885173330,1,SRM-USDT
2023-03-19 07:00:00,1679180400000,0.2630000000,0.2640000000,0.2610000000,0.2620000000,55892.8946150000,14678.3657685330,14678.3657685330,1,SRM-USDT
2023-03-19 08:00:00,1679184000000,0.2620000000,0.2730000000,0.2620000000,0.2720000000,230081.4298290000,61647.8962820810,61647.8962820810,1,SRM-USDT
2023-03-19 09:00:00,1679187600000,0.2720000000,0.2790000000,0.2690000000,0.2720000000,204806.8770400000,55783.0973886490,55783.0973886490,1,SRM-USDT
2023-03-19 10:00:00,1679191200000,0.2720000000,0.2720000000,0.2690000000,0.2710000000,54157.3152100000,14639.9735125100,14639.9735125100,1,SRM-USDT
2023-03-19 11:00:00,1679194800000,0.2710000000,0.2710000000,0.2650000000,0.2650000000,40364.8243050000,10850.0952776600,10850.0952776600,1,SRM-USDT
2023-03-19 12:00:00,1679198400000,0.2670000000,0.2720000000,0.2670000000,0.2690000000,40647.7993590000,10930.2188446740,10930.2188446740,1,SRM-USDT
2023-03-19 13:00:00,1679202000000,0.2680000000,0.2700000000,0.2680000000,0.2690000000,30520.3682980000,8205.2471994590,8205.2471994590,1,SRM-USDT
2023-03-19 14:00:00,1679205600000,0.2700000000,0.2720000000,0.2690000000,0.2710000000,31081.0960390000,8423.9060293780,8423.9060293780,1,SRM-USDT
2023-03-19 15:00:00,1679209200000,0.2710000000,0.2710000000,0.2620000000,0.2660000000,191028.9080870000,50822.4564593230,50822.4564593230,1,SRM-USDT
2023-03-19 16:00:00,1679212800000,0.2650000000,0.2650000000,0.2600000000,0.2630000000,160331.5358220000,42060.8117656460,42060.8117656460,1,SRM-USDT
2023-03-19 17:00:00,1679216400000,0.2640000000,0.2660000000,0.2630000000,0.2640000000,69549.0420500000,18393.3207245770,18393.3207245770,1,SRM-USDT
2023-03-19 18:00:00,1679220000000,0.2630000000,0.2630000000,0.2530000000,0.2590000000,218276.3135930000,56461.5495903200,56461.5495903200,1,SRM-USDT
2023-03-19 19:00:00,1679223600000,0.2590000000,0.2690000000,0.2570000000,0.2650000000,147730.8119470000,38810.2182113970,38810.2182113970,1,SRM-USDT
2023-03-19 20:00:00,1679227200000,0.2650000000,0.2670000000,0.2630000000,0.2640000000,34762.5568830000,9186.0944155380,9186.0944155380,1,SRM-USDT
2023-03-19 21:00:00,1679230800000,0.2640000000,0.2650000000,0.2610000000,0.2620000000,33194.0665430000,8690.2681227230,8690.2681227230,1,SRM-USDT
2023-03-19 22:00:00,1679234400000,0.2620000000,0.2640000000,0.2600000000,0.2630000000,69907.5567830000,18268.0330213080,18268.0330213080,1,SRM-USDT
2023-03-19 23:00:00,1679238000000,0.2620000000,0.2670000000,0.2610000000,0.2650000000,138250.6499430000,36488.7188096900,36488.7188096900,1,SRM-USDT
2023-03-20 00:00:00,1679241600000,0.2640000000,0.2690000000,0.2640000000,0.2670000000,101880.2098590000,27112.6178874510,27112.6178874510,1,SRM-USDT
2023-03-20 01:00:00,1679245200000,0.2670000000,0.2700000000,0.2650000000,0.2690000000,46675.2049080000,12478.7655626530,12478.7655626530,1,SRM-USDT
2023-03-20 02:00:00,1679248800000,0.2690000000,0.2720000000,0.2670000000,0.2720000000,43907.1525030000,11823.5649217350,11823.5649217350,1,SRM-USDT
2023-03-20 03:00:00,1679252400000,0.2730000000,0.2740000000,0.2680000000,0.2710000000,107759.9685060000,29068.5428464470,29068.5428464470,1,SRM-USDT
2023-03-20 04:00:00,1679256000000,0.2700000000,0.2710000000,0.2650000000,0.2660000000,37401.5929830000,9985.2756319630,9985.2756319630,1,SRM-USDT
2023-03-20 05:00:00,1679259600000,0.2660000000,0.2680000000,0.2600000000,0.2630000000,105550.8311700000,27926.8267352540,27926.8267352540,1,SRM-USDT
2023-03-20 06:00:00,1679263200000,0.2620000000,0.2640000000,0.2610000000,0.2630000000,127636.0355220000,33505.2357446240,33505.2357446240,1,SRM-USDT
2023-03-20 07:00:00,1679266800000,0.2630000000,0.2640000000,0.2620000000,0.2630000000,13916.8527690000,3658.8491598250,3658.8491598250,1,SRM-USDT
2023-03-20 08:00:00,1679270400000,0.2630000000,0.2640000000,0.2620000000,0.2630000000,16993.0589930000,4470.1977077130,4470.1977077130,1,SRM-USDT
2023-03-20 09:00:00,1679274000000,0.2620000000,0.2630000000,0.2610000000,0.2630000000,36603.3669290000,9581.0111557630,9581.0111557630,1,SRM-USDT
2023-03-20 10:00:00,1679277600000,0.2630000000,0.2630000000,0.2600000000,0.2630000000,34188.4916000000,8912.7136613860,8912.7136613860,1,SRM-USDT
2023-03-20 11:00:00,1679281200000,0.2630000000,0.2670000000,0.2590000000,0.2600000000,53377.3553170000,14047.2132814530,14047.2132814530,1,SRM-USDT
2023-03-20 12:00:00,1679284800000,0.2600000000,0.2610000000,0.2580000000,0.2610000000,21010.2429290000,5458.5954762800,5458.5954762800,1,SRM-USDT
2023-03-20 13:00:00,1679288400000,0.2610000000,0.2630000000,0.2580000000,0.2590000000,75685.5158030000,19718.4488869150,19718.4488869150,1,SRM-USDT
2023-03-20 14:00:00,1679292000000,0.2600000000,0.2620000000,0.2580000000,0.2600000000,39659.9725040000,10305.2029998710,10305.2029998710,1,SRM-USDT
2023-03-20 15:00:00,1679295600000,0.2590000000,0.2630000000,0.2590000000,0.2610000000,33714.1094270000,8783.7735849010,8783.7735849010,1,SRM-USDT
2023-03-20 16:00:00,1679299200000,0.2620000000,0.2680000000,0.2620000000,0.2660000000,143627.2694780000,38019.3375718250,38019.3375718250,1,SRM-USDT
2023-03-20 17:00:00,1679302800000,0.2670000000,0.2690000000,0.2600000000,0.2640000000,253777.8498400000,66878.3905353850,66878.3905353850,1,SRM-USDT
2023-03-20 18:00:00,1679306400000,0.2650000000,0.2740000000,0.2640000000,0.2660000000,229055.7217930000,61995.9547528030,61995.9547528030,1,SRM-USDT
2023-03-20 19:00:00,1679310000000,0.2650000000,0.2660000000,0.2620000000,0.2640000000,38153.0152440000,10064.4174991980,10064.4174991980,1,SRM-USDT
2023-03-20 20:00:00,1679313600000,0.2640000000,0.2660000000,0.2630000000,0.2650000000,61079.1230600000,16172.0030543140,16172.0030543140,1,SRM-USDT
2023-03-20 21:00:00,1679317200000,0.2660000000,0.2660000000,0.2590000000,0.2600000000,128479.9676090000,33856.5260831010,33856.5260831010,1,SRM-USDT
2023-03-20 22:00:00,1679320800000,0.2600000000,0.2610000000,0.2590000000,0.2600000000,46411.2600800000,12091.6955156140,12091.6955156140,1,SRM-USDT
2023-03-20 23:00:00,1679324400000,0.2600000000,0.2640000000,0.2590000000,0.2590000000,26565.5557540000,6931.3137312420,6931.3137312420,1,SRM-USDT
2023-03-21 00:00:00,1679328000000,0.2590000000,0.2600000000,0.2550000000,0.2550000000,182489.3294900000,46971.6793775360,46971.6793775360,1,SRM-USDT
2023-03-21 01:00:00,1679331600000,0.2540000000,0.2570000000,0.2520000000,0.2530000000,28811.1745660000,7340.2628871900,7340.2628871900,1,SRM-USDT
2023-03-21 02:00:00,1679335200000,0.2530000000,0.2570000000,0.2530000000,0.2560000000,50410.6889320000,12837.8440962070,12837.8440962070,1,SRM-USDT
2023-03-21 03:00:00,1679338800000,0.2560000000,0.2560000000,0.2520000000,0.2530000000,8560.6020690000,2183.8890888660,2183.8890888660,1,SRM-USDT
2023-03-21 04:00:00,1679342400000,0.2530000000,0.2540000000,0.2530000000,0.2540000000,14025.2461330000,3548.8291596550,3548.8291596550,1,SRM-USDT
2023-03-21 05:00:00,1679346000000,0.2550000000,0.2560000000,0.2520000000,0.2530000000,102090.1759770000,25860.3573080830,25860.3573080830,1,SRM-USDT
2023-03-21 06:00:00,1679349600000,0.2530000000,0.2540000000,0.2520000000,0.2540000000,100817.0988770000,25506.6227247000,25506.6227247000,1,SRM-USDT
2023-03-21 07:00:00,1679353200000,0.2540000000,0.2540000000,0.2520000000,0.2530000000,16732.9518180000,4232.8075342060,4232.8075342060,1,SRM-USDT
2023-03-21 08:00:00,1679356800000,0.2540000000,0.2540000000,0.2520000000,0.2540000000,13061.0226240000,3309.9313962840,3309.9313962840,1,SRM-USDT
2023-03-21 09:00:00,1679360400000,0.2540000000,0.2540000000,0.2510000000,0.2530000000,26826.8098300000,6781.2193164060,6781.2193164060,1,SRM-USDT
2023-03-21 10:00:00,1679364000000,0.2530000000,0.2530000000,0.2510000000,0.2530000000,11487.7164810000,2890.9188583420,2890.9188583420,1,SRM-USDT
2023-03-21 11:00:00,1679367600000,0.2530000000,0.2530000000,0.2490000000,0.2500000000,14056.4562140000,3518.0448167610,3518.0448167610,1,SRM-USDT
2023-03-21 12:00:00,1679371200000,0.2490000000,0.2530000000,0.2480000000,0.2520000000,43864.8208750000,10961.6552266920,10961.6552266920,1,SRM-USDT
2023-03-21 13:00:00,1679374800000,0.2520000000,0.2550000000,0.2490000000,0.2510000000,55638.7861590000,13984.8585211520,13984.8585211520,1,SRM-USDT
2023-03-21 14:00:00,1679378400000,0.2510000000,0.2610000000,0.2510000000,0.2550000000,254401.3728810000,64991.2419133280,64991.2419133280,1,SRM-USDT
2023-03-21 15:00:00,1679382000000,0.2540000000,0.2560000000,0.2480000000,0.2510000000,123461.1699900000,31231.3014328590,31231.3014328590,1,SRM-USDT
2023-03-21 16:00:00,1679385600000,0.2500000000,0.2510000000,0.2430000000,0.2470000000,67113.3826090000,16559.8378326630,16559.8378326630,1,SRM-USDT
2023-03-21 17:00:00,1679389200000,0.2470000000,0.2500000000,0.2470000000,0.2470000000,93896.9013700000,23327.0364956150,23327.0364956150,1,SRM-USDT
2023-03-21 18:00:00,1679392800000,0.2470000000,0.2500000000,0.2470000000,0.2480000000,62753.5338930000,15596.9487842250,15596.9487842250,1,SRM-USDT
2023-03-21 19:00:00,1679396400000,0.2480000000,0.2500000000,0.2480000000,0.2490000000,16045.1724100000,3988.0731593040,3988.0731593040,1,SRM-USDT
2023-03-21 20:00:00,1679400000000,0.2490000000,0.2530000000,0.2480000000,0.2530000000,41475.6991560000,10377.7095854010,10377.7095854010,1,SRM-USDT
2023-03-21 21:00:00,1679403600000,0.2520000000,0.2530000000,0.2500000000,0.2510000000,66164.6759460000,16638.0823428500,16638.0823428500,1,SRM-USDT
2023-03-21 22:00:00,1679407200000,0.2510000000,0.2510000000,0.2490000000,0.2490000000,60157.2274530000,14990.4133128080,14990.4133128080,1,SRM-USDT
2023-03-21 23:00:00,1679410800000,0.2480000000,0.2480000000,0.2450000000,0.2460000000,61796.5227560000,15230.8555936180,15230.8555936180,1,SRM-USDT
2023-03-22 00:00:00,1679414400000,0.2460000000,0.2470000000,0.2450000000,0.2450000000,67383.6288600000,16560.9330179370,16560.9330179370,1,SRM-USDT
2023-03-22 01:00:00,1679418000000,0.2450000000,0.2460000000,0.2440000000,0.2440000000,95772.8172470000,23455.0201822630,23455.0201822630,1,SRM-USDT
2023-03-22 02:00:00,1679421600000,0.2440000000,0.2460000000,0.2430000000,0.2450000000,24355.1855350000,5946.7845513320,5946.7845513320,1,SRM-USDT
2023-03-22 03:00:00,1679425200000,0.2450000000,0.2460000000,0.2440000000,0.2450000000,2709.6222790000,663.7523791390,663.7523791390,1,SRM-USDT
2023-03-22 04:00:00,1679428800000,0.2440000000,0.2460000000,0.2440000000,0.2450000000,10357.9352330000,2536.1950466110,2536.1950466110,1,SRM-USDT
2023-03-22 05:00:00,1679432400000,0.2450000000,0.2460000000,0.2450000000,0.2450000000,12577.2254190000,3086.3042723180,3086.3042723180,1,SRM-USDT
2023-03-22 06:00:00,1679436000000,0.2450000000,0.2460000000,0.2430000000,0.2430000000,100281.4280550000,24564.8874692070,24564.8874692070,1,SRM-USDT
2023-03-22 07:00:00,1679439600000,0.2440000000,0.2450000000,0.2420000000,0.2440000000,41316.1548070000,10077.6797378470,10077.6797378470,1,SRM-USDT
2023-03-22 08:00:00,1679443200000,0.2440000000,0.2460000000,0.2410000000,0.2430000000,53085.7086460000,12963.9598479570,12963.9598479570,1,SRM-USDT
2023-03-22 09:00:00,1679446800000,0.2430000000,0.2440000000,0.2420000000,0.2440000000,12601.3928560000,3061.4347206550,3061.4347206550,1,SRM-USDT
2023-03-22 10:00:00,1679450400000,0.2450000000,0.2480000000,0.2450000000,0.2460000000,97824.8462530000,24116.8169153980,24116.8169153980,1,SRM-USDT
2023-03-22 11:00:00,1679454000000,0.2460000000,0.2530000000,0.2450000000,0.2500000000,66048.9150990000,16547.0278925450,16547.0278925450,1,SRM-USDT
2023-03-22 12:00:00,1679457600000,0.2500000000,0.2520000000,0.2490000000,0.2500000000,54533.3569380000,13648.9471965300,13648.9471965300,1,SRM-USDT
2023-03-22 13:00:00,1679461200000,0.2500000000,0.2520000000,0.2470000000,0.2480000000,62645.6590860000,15644.8433392020,15644.8433392020,1,SRM-USDT
2023-03-22 14:00:00,1679464800000,0.2480000000,0.2480000000,0.2440000000,0.2460000000,72035.7028250000,17707.1994782160,17707.1994782160,1,SRM-USDT
2023-03-22 15:00:00,1679468400000,0.2460000000,0.2500000000,0.2450000000,0.2450000000,50251.5345470000,12410.4335583680,12410.4335583680,1,SRM-USDT
2023-03-22 16:00:00,1679472000000,0.2450000000,0.2460000000,0.2440000000,0.2440000000,68039.5478940000,16702.5204402830,16702.5204402830,1,SRM-USDT
2023-03-22 17:00:00,1679475600000,0.2450000000,0.2450000000,0.2430000000,0.2430000000,6072.1119750000,1481.8003258730,1481.8003258730,1,SRM-USDT
2023-03-22 18:00:00,1679479200000,0.2440000000,0.2440000000,0.2430000000,0.2440000000,3020.2196100000,735.9950949020,735.9950949020,1,SRM-USDT
2023-03-22 19:00:00,1679482800000,0.2440000000,0.2450000000,0.2430000000,0.2430000000,31799.4445400000,7756.8723544610,7756.8723544610,1,SRM-USDT
2023-03-22 20:00:00,1679486400000,0.2430000000,0.2450000000,0.2360000000,0.2420000000,120492.0003600000,29055.9467481110,29055.9467481110,1,SRM-USDT
2023-03-22 21:00:00,1679490000000,0.2420000000,0.2440000000,0.2410000000,0.2420000000,68257.8561920000,16561.1271805200,16561.1271805200,1,SRM-USDT
2023-03-22 22:00:00,1679493600000,0.2420000000,0.2430000000,0.2370000000,0.2390000000,87845.6188610000,21022.1909214750,21022.1909214750,1,SRM-USDT
2023-03-22 23:00:00,1679497200000,0.2390000000,0.2420000000,0.2370000000,0.2380000000,132514.8133740000,31620.7256458980,31620.7256458980,1,SRM-USDT
2023-03-23 00:00:00,1679500800000,0.2390000000,0.2390000000,0.2360000000,0.2370000000,22839.2127780000,5417.8706677030,5417.8706677030,1,SRM-USDT
2023-03-23 01:00:00,1679504400000,0.2370000000,0.2380000000,0.2360000000,0.2360000000,11991.4663200000,2837.4708865530,2837.4708865530,1,SRM-USDT
2023-03-23 02:00:00,1679508000000,0.2370000000,0.2420000000,0.2360000000,0.2370000000,156660.5044630000,37255.4209127430,37255.4209127430,1,SRM-USDT
2023-03-23 03:00:00,1679511600000,0.2360000000,0.2360000000,0.2200000000,0.2270000000,250713.4817790000,57561.2793278620,57561.2793278620,1,SRM-USDT
2023-03-23 04:00:00,1679515200000,0.2260000000,0.2300000000,0.2240000000,0.2300000000,53082.4352980000,12030.3916504410,12030.3916504410,1,SRM-USDT
2023-03-23 05:00:00,1679518800000,0.2290000000,0.2320000000,0.2280000000,0.2290000000,213153.8614750000,48981.5001300970,48981.5001300970,1,SRM-USDT
2023-03-23 06:00:00,1679522400000,0.2290000000,0.2300000000,0.2270000000,0.2280000000,75955.7830990000,17416.3612735030,17416.3612735030,1,SRM-USDT
2023-03-23 07:00:00,1679526000000,0.2280000000,0.2350000000,0.2280000000,0.2320000000,86085.7190350000,19957.7145047440,19957.7145047440,1,SRM-USDT
2023-03-23 08:00:00,1679529600000,0.2320000000,0.2320000000,0.2300000000,0.2310000000,27865.3412630000,6434.7912504490,6434.7912504490,1,SRM-USDT
2023-03-23 09:00:00,1679533200000,0.2300000000,0.2320000000,0.2260000000,0.2260000000,114732.0258680000,26317.7890030230,26317.7890030230,1,SRM-USDT
2023-03-23 10:00:00,1679536800000,0.2260000000,0.2310000000,0.2260000000,0.2310000000,30320.9478880000,6933.2547053040,6933.2547053040,1,SRM-USDT
2023-03-23 11:00:00,1679540400000,0.2310000000,0.2310000000,0.2280000000,0.2280000000,13470.4116340000,3104.5511404070,3104.5511404070,1,SRM-USDT
2023-03-23 12:00:00,1679544000000,0.2280000000,0.2320000000,0.2280000000,0.2300000000,53701.7218760000,12347.4471791200,12347.4471791200,1,SRM-USDT
2023-03-23 13:00:00,1679547600000,0.2300000000,0.2320000000,0.2300000000,0.2320000000,15110.6487960000,3495.3597125030,3495.3597125030,1,SRM-USDT
2023-03-23 14:00:00,1679551200000,0.2320000000,0.2330000000,0.2300000000,0.2310000000,39277.1757070000,9077.8263703500,9077.8263703500,1,SRM-USDT
2023-03-23 15:00:00,1679554800000,0.2300000000,0.2300000000,0.2200000000,0.2240000000,190778.8337610000,42605.9807185340,42605.9807185340,1,SRM-USDT
2023-03-23 16:00:00,1679558400000,0.2250000000,0.2260000000,0.2230000000,0.2230000000,123116.5952350000,27679.1360205970,27679.1360205970,1,SRM-USDT
2023-03-23 17:00:00,1679562000000,0.2240000000,0.2260000000,0.2230000000,0.2260000000,16398.6054520000,3679.1418325540,3679.1418325540,1,SRM-USDT
2023-03-23 18:00:00,1679565600000,0.2260000000,0.2260000000,0.2230000000,0.2260000000,61133.2403300000,13736.3955821870,13736.3955821870,1,SRM-USDT
2023-03-23 19:00:00,1679569200000,0.2250000000,0.2250000000,0.2210000000,0.2230000000,73124.1052490000,16306.8333439470,16306.8333439470,1,SRM-USDT
2023-03-23 20:00:00,1679572800000,0.2240000000,0.2240000000,0.2120000000,0.2160000000,247033.7635310000,53876.1098508680,53876.1098508680,1,SRM-USDT
2023-03-23 21:00:00,1679576400000,0.2160000000,0.2180000000,0.2090000000,0.2100000000,436436.2865070000,93177.7538961660,93177.7538961660,1,SRM-USDT
2023-03-23 22:00:00,1679580000000,0.2090000000,0.2140000000,0.2080000000,0.2140000000,206663.1882410000,43726.6049189460,43726.6049189460,1,SRM-USDT
2023-03-23 23:00:00,1679583600000,0.2140000000,0.2250000000,0.2130000000,0.2220000000,297272.8331500000,65350.8743137290,65350.8743137290,1,SRM-USDT
2023-03-24 00:00:00,1679587200000,0.2210000000,0.2230000000,0.2160000000,0.2210000000,96196.4823140000,21128.2650213130,21128.2650213130,1,SRM-USDT
2023-03-24 01:00:00,1679590800000,0.2210000000,0.2210000000,0.2180000000,0.2190000000,59751.4457960000,13114.2094787650,13114.2094787650,1,SRM-USDT
2023-03-24 02:00:00,1679594400000,0.2190000000,0.2210000000,0.2160000000,0.2160000000,50566.2154610000,11037.9552429390,11037.9552429390,1,SRM-USDT
2023-03-24 03:00:00,1679598000000,0.2170000000,0.2200000000,0.2160000000,0.2200000000,18070.7071810000,3942.7769615420,3942.7769615420,1,SRM-USDT
2023-03-24 04:00:00,1679601600000,0.2190000000,0.2230000000,0.2180000000,0.2230000000,35531.9953280000,7848.6190337090,7848.6190337090,1,SRM-USDT
2023-03-24 05:00:00,1679605200000,0.2230000000,0.2230000000,0.2190000000,0.2200000000,108076.0013240000,23792.3102012020,23792.3102012020,1,SRM-USDT
2023-03-24 06:00:00,1679608800000,0.2200000000,0.2250000000,0.2190000000,0.2240000000,97888.3058580000,21669.0972894230,21669.0972894230,1,SRM-USDT
2023-03-24 07:00:00,1679612400000,0.2240000000,0.2250000000,0.2210000000,0.2220000000,29385.6368680000,6563.3275759750,6563.3275759750,1,SRM-USDT
2023-03-24 08:00:00,1679616000000,0.2220000000,0.2230000000,0.2200000000,0.2200000000,30678.9453900000,6797.0870650030,6797.0870650030,1,SRM-USDT
2023-03-24 09:00:00,1679619600000,0.2200000000,0.2210000000,0.2150000000,0.2160000000,46248.1153340000,10070.6393911150,10070.6393911150,1,SRM-USDT
2023-03-24 10:00:00,1679623200000,0.2160000000,0.2180000000,0.2160000000,0.2170000000,16846.2793920000,3656.0327707490,3656.0327707490,1,SRM-USDT
2023-03-24 11:00:00,1679626800000,0.2160000000,0.2200000000,0.2160000000,0.2190000000,32415.9686080000,7083.5260264060,7083.5260264060,1,SRM-USDT
2023-03-24 12:00:00,1679630400000,0.2190000000,0.2190000000,0.2150000000,0.2170000000,34685.5649890000,7512.7573843780,7512.7573843780,1,SRM-USDT
2023-03-24 13:00:00,1679634000000,0.2170000000,0.2180000000,0.2160000000,0.2170000000,13961.5188630000,3024.1017425300,3024.1017425300,1,SRM-USDT
2023-03-24 14:00:00,1679637600000,0.2160000000,0.2170000000,0.2140000000,0.2150000000,11505.1189500000,2475.3737757550,2475.3737757550,1,SRM-USDT
2023-03-24 15:00:00,1679641200000,0.2140000000,0.2170000000,0.2120000000,0.2130000000,61437.3158880000,13162.8992300830,13162.8992300830,1,SRM-USDT
2023-03-24 16:00:00,1679644800000,0.2130000000,0.2140000000,0.2040000000,0.2040000000,151849.1815480000,31648.2115052600,31648.2115052600,1,SRM-USDT
2023-03-24 17:00:00,1679648400000,0.2050000000,0.2090000000,0.2000000000,0.2020000000,198748.3360550000,40460.5419195620,40460.5419195620,1,SRM-USDT
2023-03-24 18:00:00,1679652000000,0.2020000000,0.2060000000,0.2010000000,0.2050000000,114168.0351900000,23202.1979657610,23202.1979657610,1,SRM-USDT
2023-03-24 19:00:00,1679655600000,0.2040000000,0.2120000000,0.2030000000,0.2070000000,108435.8753290000,22566.0962799780,22566.0962799780,1,SRM-USDT
2023-03-24 20:00:00,1679659200000,0.2070000000,0.2080000000,0.2040000000,0.2070000000,73651.0429380000,15187.7474746420,15187.7474746420,1,SRM-USDT
2023-03-24 21:00:00,1679662800000,0.2060000000,0.2070000000,0.2040000000,0.2060000000,74069.7094400000,15140.7110498030,15140.7110498030,1,SRM-USDT
2023-03-24 22:00:00,1679666400000,0.2050000000,0.2090000000,0.2040000000,0.2040000000,90698.5362150000,18754.3255982140,18754.3255982140,1,SRM-USDT
2023-03-24 23:00:00,1679670000000,0.2050000000,0.2050000000,0.2000000000,0.2020000000,51672.4646790000,10475.3604738470,10475.3604738470,1,SRM-USDT
2023-03-25 00:00:00,1679673600000,0.2010000000,0.2020000000,0.1960000000,0.2020000000,100348.0821020000,20006.8398017280,20006.8398017280,1,SRM-USDT
2023-03-25 01:00:00,1679677200000,0.2020000000,0.2020000000,0.1980000000,0.1990000000,128734.4596960000,25721.4990538900,25721.4990538900,1,SRM-USDT
2023-03-25 02:00:00,1679680800000,0.1990000000,0.2000000000,0.1980000000,0.2000000000,30013.1644880000,5978.3117025010,5978.3117025010,1,SRM-USDT
2023-03-25 03:00:00,1679684400000,0.2000000000,0.2030000000,0.1990000000,0.2030000000,42505.9924090000,8543.2684967580,8543.2684967580,1,SRM-USDT
2023-03-25 04:00:00,1679688000000,0.2020000000,0.2030000000,0.2000000000,0.2010000000,33083.5116150000,6648.0876361380,6648.0876361380,1,SRM-USDT
2023-03-25 05:00:00,1679691600000,0.2000000000,0.2000000000,0.1970000000,0.1980000000,278432.4288090000,55039.3005880210,55039.3005880210,1,SRM-USDT
2023-03-25 06:00:00,1679695200000,0.1980000000,0.2020000000,0.1970000000,0.1990000000,98912.7766150000,19728.6121457670,19728.6121457670,1,SRM-USDT
2023-03-25 07:00:00,1679698800000,0.1990000000,0.2020000000,0.1990000000,0.2000000000,36835.7592890000,7391.0687766670,7391.0687766670,1,SRM-USDT
2023-03-25 08:00:00,1679702400000,0.1990000000,0.2030000000,0.1990000000,0.2020000000,55067.3668570000,11126.7692938510,11126.7692938510,1,SRM-USDT
2023-03-25 09:00:00,1679706000000,0.2020000000,0.2030000000,0.2000000000,0.2010000000,57847.1871160000,11648.8102475290,11648.8102475290,1,SRM-USDT
2023-03-25 10:00:00,1679709600000,0.2010000000,0.2030000000,0.2010000000,0.2020000000,34616.3081740000,6996.5822772340,6996.5822772340,1,SRM-USDT
2023-03-25 11:00:00,1679713200000,0.2030000000,0.2030000000,0.2010000000,0.2010000000,23014.7116770000,4639.7299111560,4639.7299111560,1,SRM-USDT
2023-03-25 12:00:00,1679716800000,0.2010000000,0.2030000000,0.2010000000,0.2020000000,15146.9249300000,3067.1305150620,3067.1305150620,1,SRM-USDT
2023-03-25 13:00:00,1679720400000,0.2030000000,0.2030000000,0.1990000000,0.2000000000,62037.8489180000,12491.2953833140,12491.2953833140,1,SRM-USDT
2023-03-25 14:00:00,1679724000000,0.2010000000,0.2010000000,0.1980000000,0.1990000000,56900.5227250000,11357.5861451680,11357.5861451680,1,SRM-USDT
2023-03-25 15:00:00,1679727600000,0.2000000000,0.2010000000,0.2000000000,0.2000000000,15416.1504190000,3094.6187986970,3094.6187986970,1,SRM-USDT
2023-03-25 16:00:00,1679731200000,0.2000000000,0.2000000000,0.1980000000,0.1990000000,11877.0686660000,2365.1277804780,2365.1277804780,1,SRM-USDT
2023-03-25 17:00:00,1679734800000,0.1990000000,0.2190000000,0.1990000000,0.2170000000,300783.3850430000,63298.6940680010,63298.6940680010,1,SRM-USDT
2023-03-25 18:00:00,1679738400000,0.2160000000,0.2530000000,0.2150000000,0.2220000000,2507708.4868029999,593114.7532438610,593114.7532438610,1,SRM-USDT
2023-03-25 19:00:00,1679742000000,0.2220000000,0.2320000000,0.2140000000,0.2180000000,714150.7693770000,158478.8403803810,158478.8403803810,1,SRM-USDT
2023-03-25 20:00:00,1679745600000,0.2170000000,0.2190000000,0.2130000000,0.2140000000,156360.0005010000,33778.1874727650,33778.1874727650,1,SRM-USDT
2023-03-25 21:00:00,1679749200000,0.2140000000,0.2160000000,0.2110000000,0.2130000000,113016.2252920000,24103.1435419640,24103.1435419640,1,SRM-USDT
2023-03-25 22:00:00,1679752800000,0.2130000000,0.2170000000,0.2130000000,0.2140000000,112600.2249530000,24186.4809384540,24186.4809384540,1,SRM-USDT
2023-03-25 23:00:00,1679756400000,0.2140000000,0.2160000000,0.2110000000,0.2130000000,112878.5209070000,24077.7978441450,24077.7978441450,1,SRM-USDT
2023-03-26 00:00:00,1679760000000,0.2130000000,0.2140000000,0.2100000000,0.2100000000,91684.1984520000,19422.5739533020,19422.5739533020,1,SRM-USDT
2023-03-26 01:00:00,1679763600000,0.2100000000,0.2110000000,0.2070000000,0.2090000000,169485.3351290000,35348.8779925340,35348.8779925340,1,SRM-USDT
2023-03-26 02:00:00,1679767200000,0.2100000000,0.2120000000,0.2090000000,0.2100000000,20541.5066300000,4327.9292337090,4327.9292337090,1,SRM-USDT
2023-03-26 03:00:00,1679770800000,0.2090000000,0.2090000000,0.2060000000,0.2060000000,43062.8374320000,8931.6525599630,8931.6525599630,1,SRM-USDT
2023-03-26 04:00:00,1679774400000,0.2060000000,0.2190000000,0.2050000000,0.2120000000,161217.8697370000,33900.0240727670,33900.0240727670,1,SRM-USDT
2023-03-26 05:00:00,1679778000000,0.2110000000,0.2270000000,0.2080000000,0.2210000000,208927.8147150000,44908.3955459950,44908.3955459950,1,SRM-USDT
2023-03-26 06:00:00,1679781600000,0.2220000000,0.2510000000,0.2210000000,0.2250000000,761223.6002990000,180277.9212711530,180277.9212711530,1,SRM-USDT
2023-03-26 07:00:00,1679785200000,0.2260000000,0.2400000000,0.2190000000,0.2200000000,432558.3768260000,98602.9255742410,98602.9255742410,1,SRM-USDT
2023-03-26 08:00:00,1679788800000,0.2200000000,0.2240000000,0.2190000000,0.2200000000,68251.7503690000,15081.6122865510,15081.6122865510,1,SRM-USDT
2023-03-26 09:00:00,1679792400000,0.2190000000,0.2270000000,0.2170000000,0.2240000000,143153.6950380000,31766.6971977460,31766.6971977460,1,SRM-USDT
2023-03-26 10:00:00,1679796000000,0.2240000000,0.2500000000,0.2220000000,0.2370000000,612949.1786330000,147393.0955841680,147393.0955841680,1,SRM-USDT
2023-03-26 11:00:00,1679799600000,0.2370000000,0.2450000000,0.2320000000,0.2370000000,226529.0611800000,53974.5589739810,53974.5589739810,1,SRM-USDT
2023-03-26 12:00:00,1679803200000,0.2370000000,0.2380000000,0.2280000000,0.2280000000,156592.3300050000,36486.4064766500,36486.4064766500,1,SRM-USDT
2023-03-26 13:00:00,1679806800000,0.2280000000,0.2450000000,0.2280000000,0.2430000000,393328.6691420000,94189.3306632190,94189.3306632190,1,SRM-USDT
2023-03-26 14:00:00,1679810400000,0.2420000000,0.2580000000,0.2360000000,0.2480000000,974306.4527850000,241979.2178122760,241979.2178122760,1,SRM-USDT
2023-03-26 15:00:00,1679814000000,0.2480000000,0.2480000000,0.2370000000,0.2420000000,406609.7600080000,97730.9890906150,97730.9890906150,1,SRM-USDT
2023-03-26 16:00:00,1679817600000,0.2410000000,0.2460000000,0.2370000000,0.2430000000,260968.6327220000,63022.6227943180,63022.6227943180,1,SRM-USDT
2023-03-26 17:00:00,1679821200000,0.2440000000,0.2440000000,0.2300000000,0.2320000000,135951.2648790000,31978.0467161630,31978.0467161630,1,SRM-USDT
2023-03-26 18:00:00,1679824800000,0.2320000000,0.2330000000,0.2260000000,0.2290000000,174106.0553500000,39966.0723619820,39966.0723619820,1,SRM-USDT
2023-03-26 19:00:00,1679828400000,0.2280000000,0.2340000000,0.2270000000,0.2320000000,107514.9516390000,24645.3095436850,24645.3095436850,1,SRM-USDT
2023-03-26 20:00:00,1679832000000,0.2320000000,0.2330000000,0.2250000000,0.2300000000,211103.6533450000,48229.7038808030,48229.7038808030,1,SRM-USDT
2023-03-26 21:00:00,1679835600000,0.2300000000,0.2300000000,0.2250000000,0.2260000000,96976.7812410000,22047.4595509800,22047.4595509800,1,SRM-USDT
2023-03-26 22:00:00,1679839200000,0.2270000000,0.2270000000,0.2220000000,0.2230000000,161984.7370810000,36322.7685433680,36322.7685433680,1,SRM-USDT
2023-03-26 23:00:00,1679842800000,0.2220000000,0.2240000000,0.2200000000,0.2210000000,15324.9222380000,3403.7940751880,3403.7940751880,1,SRM-USDT
2023-03-27 00:00:00,1679846400000,0.2210000000,0.2230000000,0.2200000000,0.2230000000,50313.4184680000,11160.8939928190,11160.8939928190,1,SRM-USDT
2023-03-27 01:00:00,1679850000000,0.2220000000,0.2400000000,0.2220000000,0.2320000000,437113.9385310000,102223.5654758550,102223.5654758550,1,SRM-USDT
2023-03-27 02:00:00,1679853600000,0.2320000000,0.2320000000,0.2260000000,0.2270000000,67141.6398290000,15315.9752710220,15315.9752710220,1,SRM-USDT
2023-03-27 03:00:00,1679857200000,0.2260000000,0.2300000000,0.2250000000,0.2290000000,44617.2077410000,10145.4485321810,10145.4485321810,1,SRM-USDT
2023-03-27 04:00:00,1679860800000,0.2290000000,0.2290000000,0.2260000000,0.2260000000,46108.8392270000,10479.0506492260,10479.0506492260,1,SRM-USDT
2023-03-27 05:00:00,1679864400000,0.2270000000,0.2280000000,0.2240000000,0.2270000000,193076.3544910000,43635.4494164840,43635.4494164840,1,SRM-USDT
2023-03-27 06:00:00,1679868000000,0.2270000000,0.2270000000,0.2240000000,0.2260000000,97888.6053160000,22113.7672278770,22113.7672278770,1,SRM-USDT
2023-03-27 07:00:00,1679871600000,0.2250000000,0.2260000000,0.2230000000,0.2260000000,15996.3869280000,3598.7037609340,3598.7037609340,1,SRM-USDT
2023-03-27 08:00:00,1679875200000,0.2250000000,0.2250000000,0.2230000000,0.2240000000,40108.1365850000,8989.9801660870,8989.9801660870,1,SRM-USDT
2023-03-27 09:00:00,1679878800000,0.2240000000,0.2240000000,0.2210000000,0.2220000000,33728.3949920000,7473.3954907310,7473.3954907310,1,SRM-USDT
2023-03-27 10:00:00,1679882400000,0.2220000000,0.2250000000,0.2210000000,0.2220000000,32104.9942010000,7170.2544611250,7170.2544611250,1,SRM-USDT
2023-03-27 11:00:00,1679886000000,0.2220000000,0.2240000000,0.2220000000,0.2230000000,15595.2558160000,3472.4486360610,3472.4486360610,1,SRM-USDT
2023-03-27 12:00:00,1679889600000,0.2230000000,0.2250000000,0.2210000000,0.2210000000,123979.5908430000,27673.1027945660,27673.1027945660,1,SRM-USDT
2023-03-27 13:00:00,1679893200000,0.2200000000,0.2240000000,0.2200000000,0.2210000000,82916.3547740000,18403.9498172420,18403.9498172420,1,SRM-USDT
2023-03-27 14:00:00,1679896800000,0.2220000000,0.2230000000,0.2210000000,0.2220000000,23493.8961420000,5204.4470638190,5204.4470638190,1,SRM-USDT
2023-03-27 15:00:00,1679900400000,0.2220000000,0.2230000000,0.2200000000,0.2200000000,76739.0945640000,16967.5492764900,16967.5492764900,1,SRM-USDT
2023-03-27 16:00:00,1679904000000,0.2190000000,0.2210000000,0.2190000000,0.2200000000,28930.7625490000,6365.4019933870,6365.4019933870,1,SRM-USDT
2023-03-27 17:00:00,1679907600000,0.2190000000,0.2200000000,0.2150000000,0.2180000000,193165.0970650000,41987.4867139260,41987.4867139260,1,SRM-USDT
2023-03-27 18:00:00,1679911200000,0.2180000000,0.2180000000,0.2160000000,0.2170000000,39681.8308650000,8588.7712479070,8588.7712479070,1,SRM-USDT
2023-03-27 19:00:00,1679914800000,0.2170000000,0.2180000000,0.2170000000,0.2180000000,12808.5321360000,2789.6478237490,2789.6478237490,1,SRM-USDT
2023-03-27 20:00:00,1679918400000,0.2180000000,0.2180000000,0.2150000000,0.2160000000,46228.5575460000,9989.3263265940,9989.3263265940,1,SRM-USDT
2023-03-27 21:00:00,1679922000000,0.2150000000,0.2160000000,0.2140000000,0.2160000000,42737.6937870000,9188.7671617500,9188.7671617500,1,SRM-USDT
2023-03-27 22:00:00,1679925600000,0.2150000000,0.2150000000,0.2100000000,0.2100000000,47749.1725700000,10162.0620074650,10162.0620074650,1,SRM-USDT
2023-03-27 23:00:00,1679929200000,0.2090000000,0.2110000000,0.2050000000,0.2100000000,195558.1197620000,40666.9791982860,40666.9791982860,1,SRM-USDT
2023-03-28 00:00:00,1679932800000,0.2090000000,0.2130000000,0.2080000000,0.2100000000,112422.0148290000,23693.2167252780,23693.2167252780,1,SRM-USDT
2023-03-28 01:00:00,1679936400000,0.2100000000,0.2110000000,0.2080000000,0.2090000000,26577.3167760000,5566.2470364680,5566.2470364680,1,SRM-USDT
2023-03-28 02:00:00,1679940000000,0.2090000000,0.2130000000,0.2090000000,0.2120000000,9991.1896470000,2105.6989547100,2105.6989547100,1,SRM-USDT
2023-03-28 03:00:00,1679943600000,0.2120000000,0.2130000000,0.2110000000,0.2110000000,11536.2022150000,2445.4988695800,2445.4988695800,1,SRM-USDT
2023-03-28 04:00:00,1679947200000,0.2120000000,0.2120000000,0.2090000000,0.2100000000,9261.3393080000,1951.0975750420,1951.0975750420,1,SRM-USDT
2023-03-28 05:00:00,1679950800000,0.2100000000,0.2120000000,0.2100000000,0.2100000000,107118.4445940000,22588.9877366880,22588.9877366880,1,SRM-USDT
2023-03-28 06:00:00,1679954400000,0.2100000000,0.2120000000,0.2100000000,0.2110000000,80229.9525930000,16926.7716291130,16926.7716291130,1,SRM-USDT
2023-03-28 07:00:00,1679958000000,0.2110000000,0.2140000000,0.2100000000,0.2130000000,99676.2702940000,21135.7176549640,21135.7176549640,1,SRM-USDT
2023-03-28 08:00:00,1679961600000,0.2130000000,0.2130000000,0.2090000000,0.2090000000,40361.7443330000,8503.7867516810,8503.7867516810,1,SRM-USDT
2023-03-28 09:00:00,1679965200000,0.2090000000,0.2110000000,0.2080000000,0.2100000000,82539.8569470000,17268.8526877390,17268.8526877390,1,SRM-USDT
2023-03-28 10:00:00,1679968800000,0.2100000000,0.2100000000,0.2070000000,0.2090000000,39876.5358080000,8310.8066098480,8310.8066098480,1,SRM-USDT
2023-03-28 11:00:00,1679972400000,0.2100000000,0.2100000000,0.2070000000,0.2080000000,7064.0887100000,1473.7764955090,1473.7764955090,1,SRM-USDT
2023-03-28 12:00:00,1679976000000,0.2080000000,0.2090000000,0.2070000000,0.2080000000,23343.9813610000,4859.3131217070,4859.3131217070,1,SRM-USDT
2023-03-28 13:00:00,1679979600000,0.2080000000,0.2090000000,0.2070000000,0.2070000000,16776.1639890000,3494.7623985680,3494.7623985680,1,SRM-USDT
2023-03-28 14:00:00,1679983200000,0.2080000000,0.2130000000,0.2080000000,0.2110000000,38879.0544980000,8182.1524788840,8182.1524788840,1,SRM-USDT
2023-03-28 15:00:00,1679986800000,0.2120000000,0.2130000000,0.2100000000,0.2100000000,21006.6698120000,4446.0270909630,4446.0270909630,1,SRM-USDT
2023-03-28 16:00:00,1679990400000,0.2100000000,0.2130000000,0.2080000000,0.2130000000,122084.2867980000,25809.4822101090,25809.4822101090,1,SRM-USDT
2023-03-28 17:00:00,1679994000000,0.2130000000,0.2130000000,0.2080000000,0.2080000000,47763.0782210000,10046.1466287650,10046.1466287650,1,SRM-USDT
2023-03-28 18:00:00,1679997600000,0.2090000000,0.2100000000,0.2070000000,0.2080000000,18661.9330660000,3889.8233523450,3889.8233523450,1,SRM-USDT
2023-03-28 19:00:00,1680001200000,0.2090000000,0.2110000000,0.2080000000,0.2110000000,22371.9704820000,4686.0998788960,4686.0998788960,1,SRM-USDT
2023-03-28 20:00:00,1680004800000,0.2100000000,0.2110000000,0.2070000000,0.2110000000,131166.5514410000,27405.6470274830,27405.6470274830,1,SRM-USDT
2023-03-28 21:00:00,1680008400000,0.2110000000,0.2220000000,0.2090000000,0.2170000000,369329.5074320000,80305.4675591160,80305.4675591160,1,SRM-USDT
2023-03-28 22:00:00,1680012000000,0.2160000000,0.2200000000,0.2140000000,0.2150000000,75018.6301820000,16310.9627914540,16310.9627914540,1,SRM-USDT
2023-03-28 23:00:00,1680015600000,0.2140000000,0.2150000000,0.2130000000,0.2140000000,22240.4268960000,4763.3300094710,4763.3300094710,1,SRM-USDT
2023-03-29 00:00:00,1680019200000,0.2140000000,0.2150000000,0.2120000000,0.2140000000,38529.0199040000,8238.4079809380,8238.4079809380,1,SRM-USDT
2023-03-29 01:00:00,1680022800000,0.2140000000,0.2140000000,0.2110000000,0.2130000000,11972.6946960000,2551.7906420380,2551.7906420380,1,SRM-USDT
2023-03-29 02:00:00,1680026400000,0.2130000000,0.2150000000,0.2110000000,0.2150000000,16633.7543430000,3538.7179918730,3538.7179918730,1,SRM-USDT
2023-03-29 03:00:00,1680030000000,0.2150000000,0.2200000000,0.2150000000,0.2180000000,63292.4416700000,13737.9665102950,13737.9665102950,1,SRM-USDT
2023-03-29 04:00:00,1680033600000,0.2180000000,0.2180000000,0.2160000000,0.2160000000,16276.8305640000,3530.7135565240,3530.7135565240,1,SRM-USDT
2023-03-29 05:00:00,1680037200000,0.2170000000,0.2180000000,0.2160000000,0.2170000000,50128.3464470000,10877.7708586350,10877.7708586350,1,SRM-USDT
2023-03-29 06:00:00,1680040800000,0.2170000000,0.2180000000,0.2140000000,0.2150000000,210127.6138560000,45291.3760013640,45291.3760013640,1,SRM-USDT
2023-03-29 07:00:00,1680044400000,0.2150000000,0.2170000000,0.2150000000,0.2160000000,17366.8814000000,3753.3433440330,3753.3433440330,1,SRM-USDT
2023-03-29 08:00:00,1680048000000,0.2170000000,0.2180000000,0.2160000000,0.2180000000,9475.2044200000,2055.7387054090,2055.7387054090,1,SRM-USDT
2023-03-29 09:00:00,1680051600000,0.2170000000,0.2340000000,0.2170000000,0.2210000000,385772.8461720000,87065.0611642810,87065.0611642810,1,SRM-USDT
2023-03-29 10:00:00,1680055200000,0.2210000000,0.2250000000,0.2200000000,0.2210000000,30694.1705410000,6823.4888474620,6823.4888474620,1,SRM-USDT
2023-03-29 11:00:00,1680058800000,0.2220000000,0.2230000000,0.2210000000,0.2230000000,40587.2175270000,9040.9714440100,9040.9714440100,1,SRM-USDT
2023-03-29 12:00:00,1680062400000,0.2230000000,0.2230000000,0.2220000000,0.2220000000,47653.8472660000,10598.9679929380,10598.9679929380,1,SRM-USDT
2023-03-29 13:00:00,1680066000000,0.2230000000,0.2260000000,0.2220000000,0.2250000000,114945.7727580000,25711.7163618620,25711.7163618620,1,SRM-USDT
2023-03-29 14:00:00,1680069600000,0.2250000000,0.2270000000,0.2230000000,0.2250000000,50661.3742650000,11430.4361506090,11430.4361506090,1,SRM-USDT
2023-03-29 15:00:00,1680073200000,0.2260000000,0.2260000000,0.2210000000,0.2220000000,117933.5437680000,26322.8277043180,26322.8277043180,1,SRM-USDT
2023-03-29 16:00:00,1680076800000,0.2220000000,0.2240000000,0.2170000000,0.2210000000,217296.6432440000,47974.5377794160,47974.5377794160,1,SRM-USDT
2023-03-29 17:00:00,1680080400000,0.2200000000,0.2240000000,0.2200000000,0.2230000000,122273.0754060000,27092.7655241430,27092.7655241430,1,SRM-USDT
2023-03-29 18:00:00,1680084000000,0.2230000000,0.2270000000,0.2220000000,0.2240000000,173469.7286330000,38896.0423474060,38896.0423474060,1,SRM-USDT
2023-03-29 19:00:00,1680087600000,0.2240000000,0.2240000000,0.2220000000,0.2230000000,23584.7131840000,5255.5396071130,5255.5396071130,1,SRM-USDT
2023-03-29 20:00:00,1680091200000,0.2230000000,0.2290000000,0.2220000000,0.2270000000,97803.0703470000,22045.5763479690,22045.5763479690,1,SRM-USDT
2023-03-29 21:00:00,1680094800000,0.2260000000,0.2270000000,0.2220000000,0.2260000000,46248.0780890000,10348.5238150280,10348.5238150280,1,SRM-USDT
2023-03-29 22:00:00,1680098400000,0.2260000000,0.2260000000,0.2200000000,0.2210000000,65171.2150240000,14498.1677397790,14498.1677397790,1,SRM-USDT
2023-03-29 23:00:00,1680102000000,0.2200000000,0.2220000000,0.2190000000,0.2200000000,66030.8452600000,14529.4561682240,14529.4561682240,1,SRM-USDT
2023-03-30 00:00:00,1680105600000,0.2190000000,0.2230000000,0.2190000000,0.2210000000,49935.3239400000,11038.7904571630,11038.7904571630,1,SRM-USDT
2023-03-30 01:00:00,1680109200000,0.2220000000,0.2230000000,0.2220000000,0.2220000000,4878.2268520000,1084.1245346040,1084.1245346040,1,SRM-USDT
2023-03-30 02:00:00,1680112800000,0.2220000000,0.2220000000,0.2200000000,0.2200000000,10385.2825540000,2290.7576940900,2290.7576940900,1,SRM-USDT
2023-03-30 03:00:00,1680116400000,0.2200000000,0.2250000000,0.2200000000,0.2210000000,40875.3113950000,9091.3340716300,9091.3340716300,1,SRM-USDT
2023-03-30 04:00:00,1680120000000,0.2210000000,0.2220000000,0.2190000000,0.2200000000,23417.8092910000,5151.9593310330,5151.9593310330,1,SRM-USDT
2023-03-30 05:00:00,1680123600000,0.2200000000,0.2210000000,0.2200000000,0.2210000000,72493.4688040000,16018.8130508440,16018.8130508440,1,SRM-USDT
2023-03-30 06:00:00,1680127200000,0.2200000000,0.2210000000,0.2190000000,0.2200000000,152225.6341900000,33566.4338766820,33566.4338766820,1,SRM-USDT
2023-03-30 07:00:00,1680130800000,0.2210000000,0.2220000000,0.2200000000,0.2210000000,58888.1523980000,13014.4464432800,13014.4464432800,1,SRM-USDT
2023-03-30 08:00:00,1680134400000,0.2220000000,0.2220000000,0.2150000000,0.2150000000,107724.3513380000,23527.9487374000,23527.9487374000,1,SRM-USDT
2023-03-30 09:00:00,1680138000000,0.2160000000,0.2180000000,0.2160000000,0.2170000000,85820.6183000000,18629.3899016580,18629.3899016580,1,SRM-USDT
2023-03-30 10:00:00,1680141600000,0.2180000000,0.2230000000,0.2160000000,0.2220000000,55929.5819220000,12284.5467304750,12284.5467304750,1,SRM-USDT
2023-03-30 11:00:00,1680145200000,0.2220000000,0.2220000000,0.2150000000,0.2190000000,77587.3202870000,16893.2242343750,16893.2242343750,1,SRM-USDT
2023-03-30 12:00:00,1680148800000,0.2180000000,0.2180000000,0.2160000000,0.2180000000,33537.2575770000,7276.9905511530,7276.9905511530,1,SRM-USDT
2023-03-30 13:00:00,1680152400000,0.2170000000,0.2190000000,0.2160000000,0.2180000000,41213.1748140000,8946.9061995980,8946.9061995980,1,SRM-USDT
2023-03-30 14:00:00,1680156000000,0.2170000000,0.2180000000,0.2130000000,0.2140000000,82396.9206680000,17745.6374818260,17745.6374818260,1,SRM-USDT
2023-03-30 15:00:00,1680159600000,0.2140000000,0.2150000000,0.2130000000,0.2140000000,21919.5499110000,4671.9316773210,4671.9316773210,1,SRM-USDT
2023-03-30 16:00:00,1680163200000,0.2140000000,0.2140000000,0.2110000000,0.2120000000,89308.3537890000,18932.5978481270,18932.5978481270,1,SRM-USDT
2023-03-30 17:00:00,1680166800000,0.2130000000,0.2160000000,0.2120000000,0.2140000000,101256.2173180000,21671.9930668320,21671.9930668320,1,SRM-USDT
2023-03-30 18:00:00,1680170400000,0.2150000000,0.2160000000,0.2130000000,0.2140000000,28756.2026190000,6154.3890884350,6154.3890884350,1,SRM-USDT
2023-03-30 19:00:00,1680174000000,0.2130000000,0.2140000000,0.2130000000,0.2140000000,55012.9080570000,11721.3320610000,11721.3320610000,1,SRM-USDT
2023-03-30 20:00:00,1680177600000,0.2130000000,0.2140000000,0.2120000000,0.2140000000,29185.7668580000,6226.8148960130,6226.8148960130,1,SRM-USDT
2023-03-30 21:00:00,1680181200000,0.2140000000,0.2150000000,0.2140000000,0.2140000000,35267.4880720000,7567.6438156530,7567.6438156530,1,SRM-USDT
2023-03-30 22:00:00,1680184800000,0.2140000000,0.2160000000,0.2120000000,0.2150000000,46904.3035710000,10057.8657049020,10057.8657049020,1,SRM-USDT
2023-03-30 23:00:00,1680188400000,0.2160000000,0.2160000000,0.2100000000,0.2110000000,68284.9713440000,14492.0306975150,14492.0306975150,1,SRM-USDT
2023-03-31 00:00:00,1680192000000,0.2110000000,0.2130000000,0.2090000000,0.2110000000,85295.8802020000,17960.9113086390,17960.9113086390,1,SRM-USDT
2023-03-31 01:00:00,1680195600000,0.2120000000,0.2120000000,0.2080000000,0.2090000000,87355.8058610000,18306.2081567660,18306.2081567660,1,SRM-USDT
2023-03-31 02:00:00,1680199200000,0.2080000000,0.2100000000,0.2070000000,0.2100000000,83442.6193760000,17385.7347118530,17385.7347118530,1,SRM-USDT
2023-03-31 03:00:00,1680202800000,0.2100000000,0.2110000000,0.2080000000,0.2100000000,59053.0046670000,12355.2060994880,12355.2060994880,1,SRM-USDT
2023-03-31 04:00:00,1680206400000,0.2110000000,0.2120000000,0.2090000000,0.2090000000,36662.8789660000,7725.0402929800,7725.0402929800,1,SRM-USDT
2023-03-31 05:00:00,1680210000000,0.2100000000,0.2120000000,0.2080000000,0.2110000000,154365.0381670000,32352.5805190710,32352.5805190710,1,SRM-USDT
2023-03-31 06:00:00,1680213600000,0.2110000000,0.2120000000,0.2100000000,0.2110000000,23816.2428210000,5026.2526032940,5026.2526032940,1,SRM-USDT
2023-03-31 07:00:00,1680217200000,0.2110000000,0.2120000000,0.2100000000,0.2120000000,11868.8295680000,2507.0047952010,2507.0047952010,1,SRM-USDT
2023-03-31 08:00:00,1680220800000,0.2120000000,0.2140000000,0.2080000000,0.2110000000,176261.2555380000,37079.9717652880,37079.9717652880,1,SRM-USDT
2023-03-31 09:00:00,1680224400000,0.2110000000,0.2130000000,0.2110000000,0.2120000000,20966.2635320000,4443.8347605920,4443.8347605920,1,SRM-USDT
2023-03-31 10:00:00,1680228000000,0.2130000000,0.2130000000,0.2120000000,0.2130000000,16255.3130930000,3457.4051888090,3457.4051888090,1,SRM-USDT
2023-03-31 11:00:00,1680231600000,0.2130000000,0.2130000000,0.2120000000,0.2120000000,26916.2034780000,5708.5633101530,5708.5633101530,1,SRM-USDT
2023-03-31 12:00:00,1680235200000,0.2120000000,0.2140000000,0.2090000000,0.2130000000,52794.2520070000,11126.5123783730,11126.5123783730,1,SRM-USDT
2023-03-31 13:00:00,1680238800000,0.2130000000,0.2130000000,0.2100000000,0.2100000000,18999.1482880000,3999.4617562790,3999.4617562790,1,SRM-USDT
2023-03-31 14:00:00,1680242400000,0.2120000000,0.2130000000,0.2110000000,0.2130000000,6425.4974510000,1363.5503691680,1363.5503691680,1,SRM-USDT
2023-03-31 15:00:00,1680246000000,0.2130000000,0.2140000000,0.2090000000,0.2110000000,46627.3251870000,9868.9883793340,9868.9883793340,1,SRM-USDT
2023-03-31 16:00:00,1680249600000,0.2110000000,0.2160000000,0.2100000000,0.2150000000,91085.9663180000,19350.0522043800,19350.0522043800,1,SRM-USDT
2023-03-31 17:00:00,1680253200000,0.2150000000,0.2230000000,0.2140000000,0.2210000000,200351.5930130000,43715.0412746290,43715.0412746290,1,SRM-USDT
2023-03-31 18:00:00,1680256800000,0.2200000000,0.2200000000,0.2150000000,0.2150000000,42596.7697930000,9273.7527395600,9273.7527395600,1,SRM-USDT
2023-03-31 19:00:00,1680260400000,0.2150000000,0.2190000000,0.2150000000,0.2180000000,42768.3401740000,9276.6814448590,9276.6814448590,1,SRM-USDT
2023-03-31 20:00:00,1680264000000,0.2170000000,0.2210000000,0.2160000000,0.2190000000,40184.4988470000,8794.5932464450,8794.5932464450,1,SRM-USDT
2023-03-31 21:00:00,1680267600000,0.2190000000,0.2190000000,0.2150000000,0.2180000000,46808.8709910000,10182.2933120720,10182.2933120720,1,SRM-USDT
2023-03-31 22:00:00,1680271200000,0.2180000000,0.2200000000,0.2170000000,0.2190000000,55559.6340110000,12106.0718274430,12106.0718274430,1,SRM-USDT
2023-03-31 23:00:00,1680274800000,0.2190000000,0.2190000000,0.2160000000,0.2160000000,25454.3599460000,5527.2021248810,5527.2021248810,1,SRM-USDT
2023-04-01 00:00:00,1680278400000,0.2170000000,0.2180000000,0.2140000000,0.2150000000,61221.2794980000,13215.2834097850,13215.2834097850,1,SRM-USDT
2023-04-01 01:00:00,1680282000000,0.2150000000,0.2160000000,0.2150000000,0.2160000000,4510.9033510000,974.1210238160,974.1210238160,1,SRM-USDT
2023-04-01 02:00:00,1680285600000,0.2150000000,0.2170000000,0.2140000000,0.2160000000,41078.3254780000,8900.7376881730,8900.7376881730,1,SRM-USDT
2023-04-01 03:00:00,1680289200000,0.2160000000,0.2180000000,0.2150000000,0.2170000000,214689.9370390000,46484.6121047790,46484.6121047790,1,SRM-USDT
2023-04-01 04:00:00,1680292800000,0.2170000000,0.2170000000,0.2150000000,0.2160000000,157416.9027460000,33944.8617512430,33944.8617512430,1,SRM-USDT
2023-04-01 05:00:00,1680296400000,0.2160000000,0.2230000000,0.2150000000,0.2180000000,306747.5685230000,67579.1322680780,67579.1322680780,1,SRM-USDT
2023-04-01 06:00:00,1680300000000,0.2180000000,0.2210000000,0.2160000000,0.2180000000,277141.2753020000,60254.8430612120,60254.8430612120,1,SRM-USDT
2023-04-01 07:00:00,1680303600000,0.2180000000,0.2180000000,0.2160000000,0.2180000000,26443.7240840000,5747.6174775030,5747.6174775030,1,SRM-USDT
2023-04-01 08:00:00,1680307200000,0.2170000000,0.2180000000,0.2130000000,0.2140000000,59252.2539660000,12739.7200215230,12739.7200215230,1,SRM-USDT
2023-04-01 09:00:00,1680310800000,0.2150000000,0.2160000000,0.2150000000,0.2160000000,29445.6121370000,6335.7530838180,6335.7530838180,1,SRM-USDT
2023-04-01 10:00:00,1680314400000,0.2160000000,0.2180000000,0.2150000000,0.2150000000,38337.1073630000,8302.8198908600,8302.8198908600,1,SRM-USDT
2023-04-01 11:00:00,1680318000000,0.2150000000,0.2160000000,0.2140000000,0.2160000000,8494.1650640000,1826.0173002940,1826.0173002940,1,SRM-USDT
2023-04-01 12:00:00,1680321600000,0.2170000000,0.2170000000,0.2150000000,0.2150000000,11550.3512020000,2502.0735520520,2502.0735520520,1,SRM-USDT
2023-04-01 13:00:00,1680325200000,0.2150000000,0.2160000000,0.2140000000,0.2150000000,5630.7229370000,1212.1122190270,1212.1122190270,1,SRM-USDT
2023-04-01 14:00:00,1680328800000,0.2160000000,0.2170000000,0.2130000000,0.2130000000,14706.0775090000,3150.4684630760,3150.4684630760,1,SRM-USDT
2023-04-01 15:00:00,1680332400000,0.2140000000,0.2160000000,0.2140000000,0.2150000000,8293.2422580000,1782.0200023880,1782.0200023880,1,SRM-USDT
2023-04-01 16:00:00,1680336000000,0.2150000000,0.2160000000,0.2140000000,0.2160000000,4993.7668210000,1076.7381149120,1076.7381149120,1,SRM-USDT
2023-04-01 17:00:00,1680339600000,0.2160000000,0.2160000000,0.2150000000,0.2150000000,12686.5762490000,2731.7405862330,2731.7405862330,1,SRM-USDT
2023-04-01 18:00:00,1680343200000,0.2160000000,0.2170000000,0.2150000000,0.2160000000,29387.2830750000,6354.1315065070,6354.1315065070,1,SRM-USDT
2023-04-01 19:00:00,1680346800000,0.2160000000,0.2200000000,0.2160000000,0.2170000000,84625.1479780000,18525.2070464660,18525.2070464660,1,SRM-USDT
2023-04-01 20:00:00,1680350400000,0.2180000000,0.2200000000,0.2170000000,0.2200000000,21518.3528810000,4700.0805923650,4700.0805923650,1,SRM-USDT
2023-04-01 21:00:00,1680354000000,0.2200000000,0.2210000000,0.2180000000,0.2190000000,17783.1018970000,3899.2933640740,3899.2933640740,1,SRM-USDT
2023-04-01 22:00:00,1680357600000,0.2190000000,0.2190000000,0.2150000000,0.2160000000,12703.3660910000,2744.5012016380,2744.5012016380,1,SRM-USDT
2023-04-01 23:00:00,1680361200000,0.2150000000,0.2160000000,0.2150000000,0.2160000000,16544.5986820000,3568.1204254490,3568.1204254490,1,SRM-USDT
2023-04-02 00:00:00,1680364800000,0.2160000000,0.2200000000,0.2150000000,0.2180000000,57272.9256610000,12478.3105208740,12478.3105208740,1,SRM-USDT
2023-04-02 01:00:00,1680368400000,0.2170000000,0.2170000000,0.2160000000,0.2170000000,3576.4611040000,775.4396224340,775.4396224340,1,SRM-USDT
2023-04-02 02:00:00,1680372000000,0.2170000000,0.2180000000,0.2160000000,0.2170000000,6369.6688230000,1382.9229575260,1382.9229575260,1,SRM-USDT
2023-04-02 03:00:00,1680375600000,0.2170000000,0.2190000000,0.2170000000,0.2180000000,20011.3448950000,4358.7215940960,4358.7215940960,1,SRM-USDT
2023-04-02 04:00:00,1680379200000,0.2180000000,0.2190000000,0.2180000000,0.2180000000,10314.9999820000,2254.9584614330,2254.9584614330,1,SRM-USDT
2023-04-02 05:00:00,1680382800000,0.2180000000,0.2190000000,0.2170000000,0.2180000000,58608.8476600000,12775.6044698200,12775.6044698200,1,SRM-USDT
2023-04-02 06:00:00,1680386400000,0.2180000000,0.2190000000,0.2180000000,0.2190000000,33220.4460000000,7253.0438125600,7253.0438125600,1,SRM-USDT
2023-04-02 07:00:00,1680390000000,0.2200000000,0.2200000000,0.2160000000,0.2170000000,71372.9533520000,15504.5595185150,15504.5595185150,1,SRM-USDT
2023-04-02 08:00:00,1680393600000,0.2180000000,0.2180000000,0.2160000000,0.2180000000,7012.6749740000,1522.7988998570,1522.7988998570,1,SRM-USDT
2023-04-02 09:00:00,1680397200000,0.2180000000,0.2190000000,0.2170000000,0.2180000000,53782.2512890000,11715.2117373970,11715.2117373970,1,SRM-USDT
2023-04-02 10:00:00,1680400800000,0.2180000000,0.2190000000,0.2170000000,0.2180000000,19506.1594340000,4262.4889444850,4262.4889444850,1,SRM-USDT
2023-04-02 11:00:00,1680404400000,0.2180000000,0.2320000000,0.2180000000,0.2260000000,306055.1006190000,69164.2544729990,69164.2544729990,1,SRM-USDT
2023-04-02 12:00:00,1680408000000,0.2260000000,0.2300000000,0.2240000000,0.2250000000,42714.3319890000,9677.6731860380,9677.6731860380,1,SRM-USDT
2023-04-02 13:00:00,1680411600000,0.2250000000,0.2250000000,0.2230000000,0.2230000000,29849.9460010000,6671.8973728430,6671.8973728430,1,SRM-USDT
2023-04-02 14:00:00,1680415200000,0.2230000000,0.2430000000,0.2230000000,0.2300000000,384530.1913220000,89740.6818354540,89740.6818354540,1,SRM-USDT
2023-04-02 15:00:00,1680418800000,0.2300000000,0.2410000000,0.2300000000,0.2380000000,225593.4538950000,53165.1669313800,53165.1669313800,1,SRM-USDT
2023-04-02 16:00:00,1680422400000,0.2380000000,0.2390000000,0.2320000000,0.2330000000,61296.6565990000,14382.9590578220,14382.9590578220,1,SRM-USDT
2023-04-02 17:00:00,1680426000000,0.2330000000,0.2390000000,0.2320000000,0.2370000000,154813.1468270000,36532.1587091560,36532.1587091560,1,SRM-USDT
2023-04-02 18:00:00,1680429600000,0.2370000000,0.2370000000,0.2320000000,0.2330000000,26285.9375980000,6179.1181064970,6179.1181064970,1,SRM-USDT
2023-04-02 19:00:00,1680433200000,0.2320000000,0.2350000000,0.2300000000,0.2310000000,27414.4896560000,6359.3713848820,6359.3713848820,1,SRM-USDT
2023-04-02 20:00:00,1680436800000,0.2300000000,0.2310000000,0.2270000000,0.2290000000,78392.8236970000,17962.5144951640,17962.5144951640,1,SRM-USDT
2023-04-02 21:00:00,1680440400000,0.2300000000,0.2300000000,0.2270000000,0.2280000000,19398.3791750000,4416.3015798110,4416.3015798110,1,SRM-USDT
2023-04-02 22:00:00,1680444000000,0.2270000000,0.2280000000,0.2260000000,0.2280000000,38787.4673150000,8804.4918226830,8804.4918226830,1,SRM-USDT
2023-04-02 23:00:00,1680447600000,0.2270000000,0.2280000000,0.2220000000,0.2220000000,65609.6275630000,14788.7008437860,14788.7008437860,1,SRM-USDT
2023-04-03 00:00:00,1680451200000,0.2220000000,0.2240000000,0.2220000000,0.2240000000,12941.9059540000,2883.4714029210,2883.4714029210,1,SRM-USDT
2023-04-03 01:00:00,1680454800000,0.2250000000,0.2270000000,0.2230000000,0.2260000000,12205.0853540000,2743.4598898480,2743.4598898480,1,SRM-USDT
2023-04-03 02:00:00,1680458400000,0.2260000000,0.2270000000,0.2250000000,0.2260000000,57086.7182630000,12947.0858514240,12947.0858514240,1,SRM-USDT
2023-04-03 03:00:00,1680462000000,0.2260000000,0.2260000000,0.2220000000,0.2230000000,27375.4835760000,6122.1486769280,6122.1486769280,1,SRM-USDT
2023-04-03 04:00:00,1680465600000,0.2230000000,0.2350000000,0.2210000000,0.2330000000,161081.9969180000,37104.1652250820,37104.1652250820,1,SRM-USDT
2023-04-03 05:00:00,1680469200000,0.2330000000,0.2330000000,0.2270000000,0.2300000000,154113.7026050000,35481.9665709370,35481.9665709370,1,SRM-USDT
2023-04-03 06:00:00,1680472800000,0.2310000000,0.2320000000,0.2240000000,0.2290000000,373612.5645470000,84815.7780887560,84815.7780887560,1,SRM-USDT
2023-04-03 07:00:00,1680476400000,0.2280000000,0.2290000000,0.2270000000,0.2270000000,27635.0708980000,6298.4803837590,6298.4803837590,1,SRM-USDT
2023-04-03 08:00:00,1680480000000,0.2260000000,0.2400000000,0.2260000000,0.2390000000,222735.9963290000,52281.3492954070,52281.3492954070,1,SRM-USDT
2023-04-03 09:00:00,1680483600000,0.2390000000,0.2420000000,0.2280000000,0.2300000000,175249.3180690000,41070.6489302660,41070.6489302660,1,SRM-USDT
2023-04-03 10:00:00,1680487200000,0.2300000000,0.2300000000,0.2280000000,0.2290000000,25355.2565370000,5821.2380581650,5821.2380581650,1,SRM-USDT
2023-04-03 11:00:00,1680490800000,0.2290000000,0.2310000000,0.2230000000,0.2230000000,65898.5690710000,14993.0891313160,14993.0891313160,1,SRM-USDT
2023-04-03 12:00:00,1680494400000,0.2240000000,0.2280000000,0.2240000000,0.2260000000,59045.6799420000,13350.4132549220,13350.4132549220,1,SRM-USDT
2023-04-03 13:00:00,1680498000000,0.2250000000,0.2250000000,0.2220000000,0.2220000000,35351.1750140000,7900.5412726110,7900.5412726110,1,SRM-USDT
2023-04-03 14:00:00,1680501600000,0.2220000000,0.2230000000,0.2190000000,0.2190000000,26640.8176770000,5885.5971253600,5885.5971253600,1,SRM-USDT
2023-04-03 15:00:00,1680505200000,0.2200000000,0.2230000000,0.2190000000,0.2210000000,58281.4281710000,12853.4587241090,12853.4587241090,1,SRM-USDT
2023-04-03 16:00:00,1680508800000,0.2210000000,0.2260000000,0.2210000000,0.2220000000,42152.1643110000,9438.0781367860,9438.0781367860,1,SRM-USDT
2023-04-03 17:00:00,1680512400000,0.2230000000,0.2290000000,0.2230000000,0.2250000000,30934.0285020000,6976.8479434690,6976.8479434690,1,SRM-USDT
2023-04-03 18:00:00,1680516000000,0.2250000000,0.2250000000,0.2220000000,0.2240000000,20525.2967410000,4592.9578245490,4592.9578245490,1,SRM-USDT
2023-04-03 19:00:00,1680519600000,0.2230000000,0.2230000000,0.2200000000,0.2210000000,17869.9153430000,3966.2773107370,3966.2773107370,1,SRM-USDT
2023-04-03 20:00:00,1680523200000,0.2220000000,0.2220000000,0.2180000000,0.2200000000,62375.9883070000,13736.4211469920,13736.4211469920,1,SRM-USDT
2023-04-03 21:00:00,1680526800000,0.2200000000,0.2230000000,0.2200000000,0.2230000000,82161.1108050000,18231.8414944090,18231.8414944090,1,SRM-USDT
2023-04-03 22:00:00,1680530400000,0.2230000000,0.2240000000,0.2180000000,0.2190000000,79932.8255500000,17611.6422651440,17611.6422651440,1,SRM-USDT
2023-04-03 23:00:00,1680534000000,0.2190000000,0.2220000000,0.2190000000,0.2200000000,84260.3514200000,18571.0119413690,18571.0119413690,1,SRM-USDT
2023-04-04 00:00:00,1680537600000,0.2190000000,0.2210000000,0.2180000000,0.2200000000,14103.2773330000,3101.7862151690,3101.7862151690,1,SRM-USDT
2023-04-04 01:00:00,1680541200000,0.2190000000,0.2200000000,0.2190000000,0.2190000000,19901.7300530000,4360.8644932020,4360.8644932020,1,SRM-USDT
2023-04-04 02:00:00,1680544800000,0.2190000000,0.2220000000,0.2190000000,0.2220000000,31971.0385930000,7045.0056403670,7045.0056403670,1,SRM-USDT
2023-04-04 03:00:00,1680548400000,0.2210000000,0.2230000000,0.2210000000,0.2220000000,13448.8423310000,2985.6355361790,2985.6355361790,1,SRM-USDT
2023-04-04 04:00:00,1680552000000,0.2220000000,0.2220000000,0.2160000000,0.2170000000,51108.2835930000,11171.9240024210,11171.9240024210,1,SRM-USDT
2023-04-04 05:00:00,1680555600000,0.2170000000,0.2190000000,0.2150000000,0.2170000000,131323.4912880000,28478.2655043660,28478.2655043660,1,SRM-USDT
2023-04-04 06:00:00,1680559200000,0.2170000000,0.2180000000,0.2150000000,0.2160000000,38939.8960040000,8438.1494584620,8438.1494584620,1,SRM-USDT
2023-04-04 07:00:00,1680562800000,0.2170000000,0.2180000000,0.2160000000,0.2170000000,12053.2005970000,2614.8943031850,2614.8943031850,1,SRM-USDT
2023-04-04 08:00:00,1680566400000,0.2170000000,0.2190000000,0.2160000000,0.2180000000,29938.7141460000,6521.5747158790,6521.5747158790,1,SRM-USDT
2023-04-04 09:00:00,1680570000000,0.2190000000,0.2200000000,0.2170000000,0.2180000000,19705.0748820000,4305.1768283640,4305.1768283640,1,SRM-USDT
2023-04-04 10:00:00,1680573600000,0.2180000000,0.2200000000,0.2180000000,0.2190000000,13776.2337420000,3012.4945111570,3012.4945111570,1,SRM-USDT
2023-04-04 11:00:00,1680577200000,0.2190000000,0.2200000000,0.2180000000,0.2200000000,14205.0761150000,3110.9641130640,3110.9641130640,1,SRM-USDT
2023-04-04 12:00:00,1680580800000,0.2200000000,0.2200000000,0.2170000000,0.2170000000,13724.6576310000,2989.9882024520,2989.9882024520,1,SRM-USDT
2023-04-04 13:00:00,1680584400000,0.2170000000,0.2190000000,0.2170000000,0.2170000000,8083.6906730000,1760.4114062140,1760.4114062140,1,SRM-USDT
2023-04-04 14:00:00,1680588000000,0.2180000000,0.2190000000,0.2170000000,0.2190000000,28269.7569890000,6140.2089650270,6140.2089650270,1,SRM-USDT
2023-04-04 15:00:00,1680591600000,0.2180000000,0.2190000000,0.2170000000,0.2180000000,11059.0628340000,2403.5234509960,2403.5234509960,1,SRM-USDT
2023-04-04 16:00:00,1680595200000,0.2170000000,0.2180000000,0.2170000000,0.2170000000,6861.8607720000,1494.4757082960,1494.4757082960,1,SRM-USDT
2023-04-04 17:00:00,1680598800000,0.2170000000,0.2180000000,0.2170000000,0.2170000000,67602.2419100000,14723.2520699760,14723.2520699760,1,SRM-USDT
2023-04-04 18:00:00,1680602400000,0.2180000000,0.2180000000,0.2170000000,0.2180000000,40627.3493540000,8856.1321444930,8856.1321444930,1,SRM-USDT
2023-04-04 19:00:00,1680606000000,0.2180000000,0.2200000000,0.2180000000,0.2180000000,63336.0761620000,13855.2188330460,13855.2188330460,1,SRM-USDT
2023-04-04 20:00:00,1680609600000,0.2190000000,0.2200000000,0.2170000000,0.2180000000,22806.0437920000,4992.8796563590,4992.8796563590,1,SRM-USDT
2023-04-04 21:00:00,1680613200000,0.2170000000,0.2190000000,0.2170000000,0.2170000000,16708.1069980000,3636.3245271040,3636.3245271040,1,SRM-USDT
2023-04-04 22:00:00,1680616800000,0.2170000000,0.2190000000,0.2170000000,0.2180000000,16246.4956850000,3540.3021576710,3540.3021576710,1,SRM-USDT
2023-04-04 23:00:00,1680620400000,0.2180000000,0.2190000000,0.2170000000,0.2190000000,13750.6463930000,3006.2796220990,3006.2796220990,1,SRM-USDT
2023-04-05 00:00:00,1680624000000,0.2180000000,0.2180000000,0.2170000000,0.2170000000,42083.5928110000,9135.4004247540,9135.4004247540,1,SRM-USDT
2023-04-05 01:00:00,1680627600000,0.2170000000,0.2180000000,0.2170000000,0.2170000000,18932.1035840000,4115.2052116720,4115.2052116720,1,SRM-USDT
2023-04-05 02:00:00,1680631200000,0.2170000000,0.2170000000,0.2160000000,0.2170000000,14672.6547040000,3181.8035631420,3181.8035631420,1,SRM-USDT
2023-04-05 03:00:00,1680634800000,0.2160000000,0.2170000000,0.2150000000,0.2150000000,62354.2756310000,13466.6335687310,13466.6335687310,1,SRM-USDT
2023-04-05 04:00:00,1680638400000,0.2160000000,0.2160000000,0.2130000000,0.2150000000,106018.6234600000,22814.6506977410,22814.6506977410,1,SRM-USDT
2023-04-05 05:00:00,1680642000000,0.2150000000,0.2150000000,0.2120000000,0.2130000000,79125.6811450000,16936.1515145890,16936.1515145890,1,SRM-USDT
2023-04-05 06:00:00,1680645600000,0.2150000000,0.2150000000,0.2140000000,0.2140000000,7041.1825290000,1513.7179625030,1513.7179625030,1,SRM-USDT
2023-04-05 07:00:00,1680649200000,0.2140000000,0.2180000000,0.2140000000,0.2150000000,97934.9159230000,21126.1916250840,21126.1916250840,1,SRM-USDT
2023-04-05 08:00:00,1680652800000,0.2150000000,0.2160000000,0.2130000000,0.2150000000,51266.1255990000,10994.6555915210,10994.6555915210,1,SRM-USDT
2023-04-05 09:00:00,1680656400000,0.2160000000,0.2170000000,0.2150000000,0.2160000000,23991.0165680000,5193.2795592750,5193.2795592750,1,SRM-USDT
2023-04-05 10:00:00,1680660000000,0.2160000000,0.2190000000,0.2160000000,0.2160000000,18504.0485730000,4023.9897289940,4023.9897289940,1,SRM-USDT
2023-04-05 11:00:00,1680663600000,0.2170000000,0.2180000000,0.2150000000,0.2170000000,37666.6663180000,8168.5508741030,8168.5508741030,1,SRM-USDT
2023-04-05 12:00:00,1680667200000,0.2180000000,0.2200000000,0.2170000000,0.2170000000,42060.0191600000,9189.9769151010,9189.9769151010,1,SRM-USDT
2023-04-05 13:00:00,1680670800000,0.2170000000,0.2180000000,0.2170000000,0.2180000000,1531.0733940000,332.9809998920,332.9809998920,1,SRM-USDT
2023-04-05 14:00:00,1680674400000,0.2180000000,0.2200000000,0.2170000000,0.2190000000,53879.1051080000,11793.9878486040,11793.9878486040,1,SRM-USDT
2023-04-05 15:00:00,1680678000000,0.2190000000,0.2210000000,0.2180000000,0.2180000000,52898.0721770000,11603.4555136090,11603.4555136090,1,SRM-USDT
2023-04-05 16:00:00,1680681600000,0.2180000000,0.2190000000,0.2150000000,0.2170000000,73083.8923080000,15816.6558360260,15816.6558360260,1,SRM-USDT
2023-04-05 17:00:00,1680685200000,0.2180000000,0.2190000000,0.2170000000,0.2180000000,34279.9926790000,7473.7900886140,7473.7900886140,1,SRM-USDT
2023-04-05 18:00:00,1680688800000,0.2170000000,0.2180000000,0.2170000000,0.2170000000,2944.4699390000,639.1545767630,639.1545767630,1,SRM-USDT
2023-04-05 19:00:00,1680692400000,0.2180000000,0.2190000000,0.2170000000,0.2180000000,39694.4736870000,8653.3473700170,8653.3473700170,1,SRM-USDT
2023-04-05 20:00:00,1680696000000,0.2180000000,0.2180000000,0.2140000000,0.2150000000,142279.1229580000,30665.8308260060,30665.8308260060,1,SRM-USDT
2023-04-05 21:00:00,1680699600000,0.2150000000,0.2150000000,0.2100000000,0.2130000000,173161.2376300000,36770.9979803930,36770.9979803930,1,SRM-USDT
2023-04-05 22:00:00,1680703200000,0.2120000000,0.2130000000,0.2110000000,0.2120000000,90882.8998120000,19262.1324707930,19262.1324707930,1,SRM-USDT
2023-04-05 23:00:00,1680706800000,0.2120000000,0.2140000000,0.2100000000,0.2140000000,34659.3365220000,7350.7128881960,7350.7128881960,1,SRM-USDT
2023-04-06 00:00:00,1680710400000,0.2140000000,0.2140000000,0.2100000000,0.2110000000,57185.7816030000,12069.6467430800,12069.6467430800,1,SRM-USDT
2023-04-06 01:00:00,1680714000000,0.2110000000,0.2140000000,0.2090000000,0.2100000000,152470.5169170000,32262.6065497350,32262.6065497350,1,SRM-USDT
2023-04-06 02:00:00,1680717600000,0.2110000000,0.2120000000,0.2090000000,0.2090000000,15367.1636410000,3241.4304439110,3241.4304439110,1,SRM-USDT
2023-04-06 03:00:00,1680721200000,0.2100000000,0.2120000000,0.2090000000,0.2100000000,153004.3311590000,32057.5494479060,32057.5494479060,1,SRM-USDT
2023-04-06 04:00:00,1680724800000,0.2100000000,0.2120000000,0.2100000000,0.2110000000,80895.6633850000,17023.9087958860,17023.9087958860,1,SRM-USDT
2023-04-06 05:00:00,1680728400000,0.2110000000,0.2120000000,0.2110000000,0.2120000000,536.9772920000,113.8034201820,113.8034201820,1,SRM-USDT
2023-04-06 06:00:00,1680732000000,0.2110000000,0.2120000000,0.2100000000,0.2120000000,5296.5253440000,1117.5451673980,1117.5451673980,1,SRM-USDT
2023-04-06 07:00:00,1680735600000,0.2120000000,0.2130000000,0.2110000000,0.2120000000,12799.1185820000,2706.4297874810,2706.4297874810,1,SRM-USDT
2023-04-06 08:00:00,1680739200000,0.2110000000,0.2120000000,0.2100000000,0.2100000000,44756.0149120000,9430.5559118030,9430.5559118030,1,SRM-USDT
2023-04-06 09:00:00,1680742800000,0.2100000000,0.2110000000,0.2090000000,0.2090000000,38812.7010320000,8136.0986703750,8136.0986703750,1,SRM-USDT
2023-04-06 10:00:00,1680746400000,0.2090000000,0.2100000000,0.2090000000,0.2090000000,2227.3660750000,465.8246830030,465.8246830030,1,SRM-USDT
2023-04-06 11:00:00,1680750000000,0.2100000000,0.2100000000,0.2090000000,0.2090000000,13156.0140920000,2762.7059593200,2762.7059593200,1,SRM-USDT
2023-04-06 12:00:00,1680753600000,0.2100000000,0.2100000000,0.2050000000,0.2050000000,21039.1544760000,4363.1998828190,4363.1998828190,1,SRM-USDT
2023-04-06 13:00:00,1680757200000,0.2060000000,0.2070000000,0.2010000000,0.2050000000,94027.0125110000,19217.3252548910,19217.3252548910,1,SRM-USDT
2023-04-06 14:00:00,1680760800000,0.2050000000,0.2060000000,0.2040000000,0.2060000000,18674.6125110000,3829.2911554020,3829.2911554020,1,SRM-USDT
2023-04-06 15:00:00,1680764400000,0.2060000000,0.2060000000,0.2010000000,0.2030000000,81217.6679880000,16580.9920830990,16580.9920830990,1,SRM-USDT
2023-04-06 16:00:00,1680768000000,0.2020000000,0.2040000000,0.2000000000,0.2040000000,109358.4865180000,22072.0321719440,22072.0321719440,1,SRM-USDT
2023-04-06 17:00:00,1680771600000,0.2040000000,0.2070000000,0.2030000000,0.2060000000,47894.7393350000,9819.2550785260,9819.2550785260,1,SRM-USDT
2023-04-06 18:00:00,1680775200000,0.2050000000,0.2050000000,0.2010000000,0.2030000000,18847.3524540000,3817.4842510010,3817.4842510010,1,SRM-USDT
2023-04-06 19:00:00,1680778800000,0.2020000000,0.2080000000,0.2020000000,0.2040000000,68481.9697250000,13981.9314597400,13981.9314597400,1,SRM-USDT
2023-04-06 20:00:00,1680782400000,0.2050000000,0.2050000000,0.2010000000,0.2030000000,38148.0607190000,7707.3460459000,7707.3460459000,1,SRM-USDT
2023-04-06 21:00:00,1680786000000,0.2030000000,0.2040000000,0.2020000000,0.2020000000,14724.6320750000,2990.3441407010,2990.3441407010,1,SRM-USDT
2023-04-06 22:00:00,1680789600000,0.2030000000,0.2040000000,0.2020000000,0.2030000000,43772.3419720000,8914.9857836640,8914.9857836640,1,SRM-USDT
2023-04-06 23:00:00,1680793200000,0.2040000000,0.2040000000,0.2030000000,0.2030000000,21871.4863820000,4451.5230751890,4451.5230751890,1,SRM-USDT
2023-04-07 00:00:00,1680796800000,0.2020000000,0.2040000000,0.2010000000,0.2040000000,59134.1006590000,11962.5212764060,11962.5212764060,1,SRM-USDT
2023-04-07 01:00:00,1680800400000,0.2030000000,0.2030000000,0.2010000000,0.2020000000,34211.1875290000,6911.8962635090,6911.8962635090,1,SRM-USDT
2023-04-07 02:00:00,1680804000000,0.2020000000,0.2020000000,0.2000000000,0.2000000000,5239.6151720000,1052.3654008130,1052.3654008130,1,SRM-USDT
2023-04-07 03:00:00,1680807600000,0.2000000000,0.2030000000,0.2000000000,0.2000000000,16545.7968020000,3333.1276446590,3333.1276446590,1,SRM-USDT
2023-04-07 04:00:00,1680811200000,0.2010000000,0.2030000000,0.2000000000,0.2000000000,13653.8434930000,2745.7547324630,2745.7547324630,1,SRM-USDT
2023-04-07 05:00:00,1680814800000,0.2000000000,0.2020000000,0.1990000000,0.2020000000,37498.3045310000,7484.5450144620,7484.5450144620,1,SRM-USDT
2023-04-07 06:00:00,1680818400000,0.2030000000,0.2030000000,0.2010000000,0.2010000000,8108.3265520000,1642.2022321170,1642.2022321170,1,SRM-USDT
2023-04-07 07:00:00,1680822000000,0.2010000000,0.2010000000,0.2000000000,0.2000000000,2937.3454700000,588.3674816330,588.3674816330,1,SRM-USDT
2023-04-07 08:00:00,1680825600000,0.2010000000,0.2020000000,0.2000000000,0.2020000000,52275.2942300000,10479.5286707780,10479.5286707780,1,SRM-USDT
2023-04-07 09:00:00,1680829200000,0.2010000000,0.2030000000,0.2000000000,0.2000000000,23622.8518900000,4770.7827442040,4770.7827442040,1,SRM-USDT
2023-04-07 10:00:00,1680832800000,0.2020000000,0.2020000000,0.2000000000,0.2000000000,20768.2441810000,4192.9375339880,4192.9375339880,1,SRM-USDT
2023-04-07 11:00:00,1680836400000,0.2000000000,0.2010000000,0.2000000000,0.2010000000,6188.7406810000,1238.2029959010,1238.2029959010,1,SRM-USDT
2023-04-07 12:00:00,1680840000000,0.2000000000,0.2030000000,0.2000000000,0.2020000000,22156.5873740000,4475.1261107650,4475.1261107650,1,SRM-USDT
2023-04-07 13:00:00,1680843600000,0.2010000000,0.2010000000,0.2000000000,0.2010000000,5089.8082360000,1019.3329500730,1019.3329500730,1,SRM-USDT
2023-04-07 14:00:00,1680847200000,0.2000000000,0.2060000000,0.2000000000,0.2010000000,43855.1796830000,8828.8864383320,8828.8864383320,1,SRM-USDT
2023-04-07 15:00:00,1680850800000,0.2010000000,0.2010000000,0.1970000000,0.1970000000,16593.4768850000,3302.7003406030,3302.7003406030,1,SRM-USDT
2023-04-07 16:00:00,1680854400000,0.1980000000,0.1990000000,0.1930000000,0.1930000000,73500.0311330000,14448.0913726780,14448.0913726780,1,SRM-USDT
2023-04-07 17:00:00,1680858000000,0.1930000000,0.2030000000,0.1930000000,0.1960000000,121052.2555430000,23904.5630587830,23904.5630587830,1,SRM-USDT
2023-04-07 18:00:00,1680861600000,0.1970000000,0.2010000000,0.1960000000,0.1990000000,51425.0320850000,10205.9984564030,10205.9984564030,1,SRM-USDT
2023-04-07 19:00:00,1680865200000,0.1980000000,0.2000000000,0.1970000000,0.1990000000,40055.1224940000,7975.9923963030,7975.9923963030,1,SRM-USDT
2023-04-07 20:00:00,1680868800000,0.1990000000,0.1990000000,0.1940000000,0.1950000000,18082.8422090000,3559.3528890180,3559.3528890180,1,SRM-USDT
2023-04-07 21:00:00,1680872400000,0.1950000000,0.1960000000,0.1930000000,0.1930000000,36398.5550370000,7089.3649378060,7089.3649378060,1,SRM-USDT
2023-04-07 22:00:00,1680876000000,0.1940000000,0.1950000000,0.1870000000,0.1920000000,108756.1319700000,20774.2864609230,20774.2864609230,1,SRM-USDT
2023-04-07 23:00:00,1680879600000,0.1920000000,0.1920000000,0.1880000000,0.1890000000,94188.9956390000,17878.9662987910,17878.9662987910,1,SRM-USDT
2023-04-08 00:00:00,1680883200000,0.1900000000,0.1900000000,0.1880000000,0.1890000000,35354.1712600000,6664.2904707990,6664.2904707990,1,SRM-USDT
2023-04-08 01:00:00,1680886800000,0.1880000000,0.2000000000,0.1880000000,0.1920000000,301116.5811820000,58645.0803280830,58645.0803280830,1,SRM-USDT
2023-04-08 02:00:00,1680890400000,0.1910000000,0.1920000000,0.1890000000,0.1920000000,11740.5685140000,2238.4787930410,2238.4787930410,1,SRM-USDT
2023-04-08 03:00:00,1680894000000,0.1900000000,0.1920000000,0.1890000000,0.1910000000,11575.4952890000,2202.5126063720,2202.5126063720,1,SRM-USDT
2023-04-08 04:00:00,1680897600000,0.1900000000,0.1930000000,0.1890000000,0.1890000000,34420.0085720000,6560.2724220970,6560.2724220970,1,SRM-USDT
2023-04-08 05:00:00,1680901200000,0.1900000000,0.1900000000,0.1890000000,0.1900000000,2118.3120290000,401.2029808440,401.2029808440,1,SRM-USDT
2023-04-08 06:00:00,1680904800000,0.1900000000,0.1920000000,0.1900000000,0.1920000000,14120.6706820000,2696.5726011200,2696.5726011200,1,SRM-USDT
2023-04-08 07:00:00,1680908400000,0.1910000000,0.1910000000,0.1890000000,0.1900000000,6080.0764830000,1156.5280917700,1156.5280917700,1,SRM-USDT
2023-04-08 08:00:00,1680912000000,0.1900000000,0.1900000000,0.1880000000,0.1880000000,10424.3751630000,1966.2275550950,1966.2275550950,1,SRM-USDT
2023-04-08 09:00:00,1680915600000,0.1890000000,0.1920000000,0.1860000000,0.1880000000,38487.0720850000,7275.1280504470,7275.1280504470,1,SRM-USDT
2023-04-08 10:00:00,1680919200000,0.1860000000,0.1880000000,0.1840000000,0.1840000000,47527.4269510000,8829.6577902860,8829.6577902860,1,SRM-USDT
2023-04-08 11:00:00,1680922800000,0.1850000000,0.1860000000,0.1840000000,0.1850000000,39386.3812530000,7302.6082548070,7302.6082548070,1,SRM-USDT
2023-04-08 12:00:00,1680926400000,0.1850000000,0.1870000000,0.1850000000,0.1870000000,3648.7675540000,680.0274607360,680.0274607360,1,SRM-USDT
2023-04-08 13:00:00,1680930000000,0.1860000000,0.1900000000,0.1840000000,0.1900000000,42563.6672540000,7948.8590063480,7948.8590063480,1,SRM-USDT
2023-04-08 14:00:00,1680933600000,0.1900000000,0.1920000000,0.1870000000,0.1910000000,52015.8136840000,9917.5770368680,9917.5770368680,1,SRM-USDT
2023-04-08 15:00:00,1680937200000,0.1910000000,0.1930000000,0.1870000000,0.1870000000,50653.5575330000,9682.1750230830,9682.1750230830,1,SRM-USDT
2023-04-08 16:00:00,1680940800000,0.1870000000,0.1880000000,0.1850000000,0.1860000000,38839.9847410000,7242.7570660010,7242.7570660010,1,SRM-USDT
2023-04-08 17:00:00,1680944400000,0.1860000000,0.1870000000,0.1850000000,0.1860000000,25594.1118600000,4746.2352056100,4746.2352056100,1,SRM-USDT
2023-04-08 18:00:00,1680948000000,0.1860000000,0.1880000000,0.1830000000,0.1860000000,58974.2721210000,10918.8573775620,10918.8573775620,1,SRM-USDT
2023-04-08 19:00:00,1680951600000,0.1850000000,0.1870000000,0.1830000000,0.1850000000,66123.9254330000,12221.5605472440,12221.5605472440,1,SRM-USDT
